cell_id,centroid_x,centroid_y,reddot,blackdot,score
1,318.69,129.03,NaN,NaN,NaN
2,835.33,124.85,NaN,NaN,NaN
3,775.50,245.32,NaN,NaN,NaN
4,850.18,270.28,NaN,NaN,NaN
5,839.69,187.38,NaN,NaN,NaN
6,803.91,353.60,0,0,0.0000
7,78.12,361.06,NaN,NaN,NaN
8,701.12,49.03,0,0,0.0000
9,317.71,194.82,NaN,NaN,NaN
10,263.18,190.00,0,0,0.0000
11,744.86,176.07,2,2,0.0000
12,808.25,296.23,NaN,NaN,NaN
13,118.77,156.81,NaN,NaN,NaN
14,1298.67,884.73,NaN,NaN,NaN
15,1137.11,841.30,NaN,NaN,NaN
16,1194.36,863.52,NaN,NaN,NaN
17,904.67,76.93,0,0,0.0000
18,1625.19,161.65,3,4,0.0000
19,1457.44,821.21,0,0,0.0000
20,938.55,26.84,NaN,NaN,NaN
21,970.58,218.31,0,0,0.0000
22,1328.59,778.70,NaN,NaN,NaN
23,1403.65,876.16,NaN,NaN,NaN
24,909.31,282.54,0,0,0.0000
25,1650.60,206.66,NaN,NaN,NaN
26,1460.97,332.73,NaN,NaN,NaN
27,1377.25,773.38,2,2,0.0000
28,1103.72,883.71,3,3,0.0000
29,907.87,161.46,3,6,2.0000
30,1241.78,821.18,NaN,NaN,NaN
31,1413.30,760.59,NaN,NaN,NaN
32,1928.29,229.91,2,1,0.0000
33,1854.23,282.96,NaN,NaN,NaN
34,1810.11,841.49,NaN,NaN,NaN
35,2158.20,477.89,3,6,2.0000
36,1757.10,191.16,0,0,0.0000
37,2306.60,406.79,NaN,NaN,NaN
38,1905.64,813.09,0,0,0.0000
39,2262.63,439.98,NaN,NaN,NaN
40,2168.02,330.30,0,0,0.0000
41,2325.42,307.62,NaN,NaN,NaN
42,1680.47,318.37,2,3,0.0000
43,1873.02,632.27,0,0,0.0000
44,1935.55,98.65,NaN,NaN,NaN
45,2407.47,294.65,NaN,NaN,NaN
46,2246.77,312.43,0,0,0.0000
47,2079.40,368.65,NaN,NaN,NaN
48,1882.05,31.07,3,8,2.6667
49,1739.42,390.59,0,0,0.0000
50,1853.46,354.70,3,1,0.0000
51,2348.11,477.29,NaN,NaN,NaN
52,2393.50,368.16,NaN,NaN,NaN
53,1997.09,407.72,0,0,0.0000
54,2396.96,419.99,NaN,NaN,NaN
55,1819.25,216.64,2,3,0.0000
56,2007.14,372.99,NaN,NaN,NaN
57,2430.91,121.16,NaN,NaN,NaN
58,2336.49,365.84,NaN,NaN,NaN
59,2114.31,326.75,0,0,0.0000
60,1830.38,414.12,NaN,NaN,NaN
61,1709.92,286.19,NaN,NaN,NaN
62,2023.93,235.91,0,0,0.0000
63,1970.32,344.41,NaN,NaN,NaN
64,1879.05,397.42,NaN,NaN,NaN
65,2300.53,337.03,2,3,0.0000
66,2002.87,298.64,NaN,NaN,NaN
67,1785.76,389.53,2,4,2.0000
68,2208.62,396.14,NaN,NaN,NaN
69,2389.66,484.27,0,0,0.0000
70,2247.03,364.80,2,7,3.5000
71,2354.70,59.11,0,0,0.0000
72,2369.15,430.04,0,0,0.0000
73,2026.83,330.24,NaN,NaN,NaN
74,2375.83,321.51,NaN,NaN,NaN
75,3141.97,483.70,2,2,0.0000
76,3175.76,144.61,0,0,0.0000
77,3032.02,110.82,NaN,NaN,NaN
78,3133.81,231.80,2,3,0.0000
79,2474.01,319.12,NaN,NaN,NaN
80,2540.04,171.05,NaN,NaN,NaN
81,3129.53,366.22,NaN,NaN,NaN
82,3190.96,496.59,0,0,0.0000
83,2441.17,489.96,2,5,2.5000
84,2612.47,56.90,NaN,NaN,NaN
85,3130.89,57.22,2,1,0.0000
86,2469.89,210.00,NaN,NaN,NaN
87,2555.24,96.62,NaN,NaN,NaN
88,3104.20,324.80,0,0,0.0000
89,2543.39,43.12,NaN,NaN,NaN
90,2544.36,336.77,NaN,NaN,NaN
91,3131.03,289.09,0,0,0.0000
92,2521.45,212.48,NaN,NaN,NaN
93,3070.28,64.78,NaN,NaN,NaN
94,3063.24,582.92,NaN,NaN,NaN
95,2460.17,427.97,NaN,NaN,NaN
96,3099.08,420.75,2,5,2.5000
97,2555.06,380.26,NaN,NaN,NaN
98,3074.71,135.92,NaN,NaN,NaN
99,2435.77,378.66,NaN,NaN,NaN
100,2650.54,128.96,0,0,0.0000
101,3042.07,516.50,2,2,0.0000
102,2454.98,83.51,NaN,NaN,NaN
103,3034.88,20.54,0,0,0.0000
104,2941.41,543.66,0,0,0.0000
105,2513.82,490.76,NaN,NaN,NaN
106,2558.03,417.01,NaN,NaN,NaN
107,2486.15,477.91,2,4,2.0000
108,3085.24,544.39,NaN,NaN,NaN
109,2511.53,437.03,NaN,NaN,NaN
110,2486.81,386.38,NaN,NaN,NaN
111,2709.86,143.96,0,0,0.0000
112,2540.18,515.48,NaN,NaN,NaN
113,3042.56,432.06,0,0,0.0000
114,3063.93,380.88,NaN,NaN,NaN
115,2562.75,454.67,0,0,0.0000
116,3877.18,516.00,NaN,NaN,NaN
117,3528.24,227.25,0,0,0.0000
118,3702.28,323.99,NaN,NaN,NaN
119,3216.77,418.04,NaN,NaN,NaN
120,3539.88,157.76,0,0,0.0000
121,3761.76,412.57,0,0,0.0000
122,3330.09,739.13,2,7,3.5000
123,3315.49,682.50,NaN,NaN,NaN
124,3211.06,264.06,0,0,0.0000
125,3254.28,371.73,0,0,0.0000
126,3895.51,453.49,NaN,NaN,NaN
127,3312.44,620.87,NaN,NaN,NaN
128,3604.84,251.65,NaN,NaN,NaN
129,3855.50,600.02,0,0,0.0000
130,3646.58,691.55,0,0,0.0000
131,3453.66,226.09,3,4,0.0000
132,3242.11,106.73,3,2,0.0000
133,3240.40,306.48,0,0,0.0000
134,3512.37,479.74,0,0,0.0000
135,3947.55,639.85,2,4,2.0000
136,3932.27,558.83,NaN,NaN,NaN
137,3906.67,732.81,0,0,0.0000
138,3746.29,270.29,0,0,0.0000
139,3241.02,532.30,0,0,0.0000
140,3347.05,808.27,NaN,NaN,NaN
141,3272.11,494.40,2,4,2.0000
142,3233.50,499.09,4,5,0.0000
143,3659.79,401.16,NaN,NaN,NaN
144,3929.14,702.49,0,0,0.0000
145,3281.53,631.03,NaN,NaN,NaN
146,3605.33,193.23,0,0,0.0000
147,3668.76,720.64,0,0,0.0000
148,4716.47,892.39,NaN,NaN,NaN
149,4447.72,877.30,2,2,0.0000
150,4586.85,722.32,2,7,3.5000
151,4292.26,775.65,2,3,0.0000
152,4059.85,726.01,4,8,2.0000
153,4619.47,626.53,NaN,NaN,NaN
154,4439.15,794.13,NaN,NaN,NaN
155,4492.39,552.20,NaN,NaN,NaN
156,4485.44,739.01,NaN,NaN,NaN
157,4731.98,754.48,NaN,NaN,NaN
158,4155.14,843.39,0,0,0.0000
159,4322.90,853.93,0,0,0.0000
160,4521.51,862.76,0,0,0.0000
161,4164.24,778.19,NaN,NaN,NaN
162,4053.44,548.50,0,0,0.0000
163,4011.52,809.03,0,0,0.0000
164,4687.80,519.61,2,3,0.0000
165,4389.95,526.39,5,9,0.0000
166,3970.11,729.31,2,1,0.0000
167,4406.21,681.13,2,6,3.0000
168,4397.94,70.88,0,0,0.0000
169,4436.26,656.49,NaN,NaN,NaN
170,4005.58,625.27,2,3,0.0000
171,4695.26,641.91,NaN,NaN,NaN
172,4221.86,781.94,0,0,0.0000
173,4717.99,664.57,NaN,NaN,NaN
174,3973.18,575.50,2,1,0.0000
175,4513.32,488.96,NaN,NaN,NaN
176,4082.67,436.38,0,0,0.0000
177,4052.95,787.98,NaN,NaN,NaN
178,4005.74,446.92,0,0,0.0000
179,4356.26,498.81,0,0,0.0000
180,4257.46,649.33,3,4,0.0000
181,4056.95,604.29,0,0,0.0000
182,4158.94,631.65,0,0,0.0000
183,5267.58,167.30,NaN,NaN,NaN
184,5474.44,453.20,NaN,NaN,NaN
185,5084.30,342.93,3,10,3.3333
186,5449.25,168.51,NaN,NaN,NaN
187,5330.63,712.13,NaN,NaN,NaN
188,4739.37,574.74,NaN,NaN,NaN
189,5215.09,396.17,NaN,NaN,NaN
190,5320.46,826.62,NaN,NaN,NaN
191,5071.24,265.76,NaN,NaN,NaN
192,4944.09,149.45,NaN,NaN,NaN
193,5402.26,791.99,2,4,2.0000
194,4873.36,239.15,0,0,0.0000
195,5410.38,533.64,NaN,NaN,NaN
196,5386.99,868.58,NaN,NaN,NaN
197,5310.28,552.46,NaN,NaN,NaN
198,4963.48,368.78,0,0,0.0000
199,5387.84,422.16,3,7,2.3333
200,5300.11,85.05,3,5,0.0000
201,5288.40,235.11,NaN,NaN,NaN
202,5082.42,181.40,3,9,3.0000
203,5118.96,410.60,6,8,0.0000
204,5372.78,215.41,0,0,0.0000
205,4887.27,791.40,2,3,0.0000
206,5500.57,708.80,0,0,0.0000
207,5397.12,100.72,0,0,0.0000
208,4960.95,230.49,3,8,2.6667
209,5348.71,371.65,2,6,3.0000
210,5152.78,155.42,2,5,2.5000
211,5297.31,290.49,0,0,0.0000
212,5333.60,644.90,NaN,NaN,NaN
213,5463.24,610.50,0,0,0.0000
214,5261.46,457.69,NaN,NaN,NaN
215,4933.54,305.58,NaN,NaN,NaN
216,5174.35,470.49,2,2,0.0000
217,5376.27,35.52,NaN,NaN,NaN
218,5012.44,329.18,NaN,NaN,NaN
219,5278.24,777.84,NaN,NaN,NaN
220,5380.57,281.92,NaN,NaN,NaN
221,5494.93,847.30,NaN,NaN,NaN
222,5261.41,632.23,0,0,0.0000
223,4824.95,861.26,0,0,0.0000
224,4883.78,69.44,0,0,0.0000
225,5105.53,469.92,NaN,NaN,NaN
226,4808.62,706.57,0,0,0.0000
227,5244.40,827.21,NaN,NaN,NaN
228,5146.11,511.51,2,2,0.0000
229,5207.76,141.02,NaN,NaN,NaN
230,5452.84,748.78,2,3,0.0000
231,4785.09,648.66,NaN,NaN,NaN
232,5142.14,230.66,0,0,0.0000
233,4763.70,802.58,NaN,NaN,NaN
234,5113.45,59.23,2,5,2.5000
235,5461.31,71.48,NaN,NaN,NaN
236,4784.33,741.36,NaN,NaN,NaN
237,4816.76,810.31,0,0,0.0000
238,5503.03,570.20,3,7,2.3333
239,5420.97,638.40,NaN,NaN,NaN
240,4757.65,689.51,NaN,NaN,NaN
241,5081.54,88.58,NaN,NaN,NaN
242,4853.68,735.54,0,0,0.0000
243,4832.01,59.52,NaN,NaN,NaN
244,5426.34,13.41,NaN,NaN,NaN
245,5044.80,107.33,0,0,0.0000
246,4802.20,19.47,0,0,0.0000
247,4807.44,626.17,2,3,0.0000
248,5057.07,131.14,0,0,0.0000
249,5218.88,860.29,0,0,0.0000
250,5439.44,256.86,0,0,0.0000
251,4924.80,43.52,0,0,0.0000
252,4840.81,675.34,0,0,0.0000
253,4953.38,465.07,NaN,NaN,NaN
254,5210.12,562.29,NaN,NaN,NaN
255,5300.40,335.91,0,0,0.0000
256,4888.22,173.57,NaN,NaN,NaN
257,4887.48,169.38,NaN,NaN,NaN
258,5710.56,412.50,0,0,0.0000
259,5530.46,239.27,NaN,NaN,NaN
260,5732.10,213.17,NaN,NaN,NaN
261,5570.43,389.40,NaN,NaN,NaN
262,6258.19,863.25,NaN,NaN,NaN
263,5643.67,284.90,NaN,NaN,NaN
264,5575.85,157.51,NaN,NaN,NaN
265,5522.73,108.27,0,0,0.0000
266,5626.92,558.90,0,0,0.0000
267,5545.60,608.05,NaN,NaN,NaN
268,6129.81,708.67,2,3,0.0000
269,5817.81,175.62,NaN,NaN,NaN
270,5684.18,100.20,0,0,0.0000
271,5595.97,335.03,3,4,0.0000
272,5575.59,45.26,NaN,NaN,NaN
273,5798.95,88.06,NaN,NaN,NaN
274,5763.07,143.20,2,5,2.5000
275,5522.43,813.04,3,4,0.0000
276,5803.45,324.98,2,3,0.0000
277,5805.78,426.74,2,2,0.0000
278,5631.33,512.05,NaN,NaN,NaN
279,6185.44,718.37,NaN,NaN,NaN
280,5828.06,39.94,NaN,NaN,NaN
281,6103.81,842.39,3,7,2.3333
282,6053.90,777.49,NaN,NaN,NaN
283,5563.35,503.28,0,0,0.0000
284,6256.63,758.54,NaN,NaN,NaN
285,5723.86,307.69,NaN,NaN,NaN
286,6038.15,838.00,2,3,0.0000
287,5562.18,858.96,NaN,NaN,NaN
288,5696.41,158.25,NaN,NaN,NaN
289,5754.06,362.31,NaN,NaN,NaN
290,6078.45,724.39,0,0,0.0000
291,5601.86,633.63,NaN,NaN,NaN
292,6233.30,475.81,0,0,0.0000
293,6048.87,878.28,0,0,0.0000
294,5736.79,110.96,NaN,NaN,NaN
295,5632.88,196.61,0,0,0.0000
296,5851.88,109.89,3,4,0.0000
297,5642.96,150.42,0,0,0.0000
298,6500.68,519.09,2,2,0.0000
299,6820.90,70.96,0,0,0.0000
300,6428.36,740.24,NaN,NaN,NaN
301,6546.95,426.53,NaN,NaN,NaN
302,6969.92,112.85,3,3,0.0000
303,6901.62,153.09,2,5,2.5000
304,6409.68,512.07,0,0,0.0000
305,6447.52,660.78,2,5,2.5000
306,6971.13,495.71,2,3,0.0000
307,6362.16,714.22,NaN,NaN,NaN
308,6844.21,700.89,0,0,0.0000
309,7039.65,530.98,NaN,NaN,NaN
310,6927.22,276.11,NaN,NaN,NaN
311,6969.45,716.37,0,0,0.0000
312,6496.32,787.30,NaN,NaN,NaN
313,6971.79,806.58,NaN,NaN,NaN
314,6993.13,344.94,NaN,NaN,NaN
315,6556.01,667.25,NaN,NaN,NaN
316,6561.15,743.81,0,0,0.0000
317,6555.65,823.80,2,4,2.0000
318,7024.57,769.10,NaN,NaN,NaN
319,6519.75,618.98,NaN,NaN,NaN
320,6856.38,377.02,NaN,NaN,NaN
321,6336.30,655.69,NaN,NaN,NaN
322,6605.80,737.13,2,4,2.0000
323,7014.09,50.01,0,0,0.0000
324,6958.32,617.32,3,2,0.0000
325,7023.39,169.22,3,5,0.0000
326,6914.21,670.35,0,0,0.0000
327,6430.29,843.33,NaN,NaN,NaN
328,6943.07,384.47,NaN,NaN,NaN
329,6588.47,870.05,NaN,NaN,NaN
330,6813.20,804.88,NaN,NaN,NaN
331,6622.18,684.17,NaN,NaN,NaN
332,6919.76,807.46,NaN,NaN,NaN
333,6668.41,767.10,NaN,NaN,NaN
334,6314.83,453.75,3,5,0.0000
335,6411.20,809.83,NaN,NaN,NaN
336,6605.28,623.09,0,0,0.0000
337,6401.89,585.52,NaN,NaN,NaN
338,6601.03,563.08,0,0,0.0000
339,6347.90,850.97,NaN,NaN,NaN
340,6388.44,650.07,NaN,NaN,NaN
341,6582.87,82.44,0,0,0.0000
342,6651.39,890.02,3,3,0.0000
343,6406.34,631.57,NaN,NaN,NaN
344,7144.74,473.29,2,3,0.0000
345,7067.79,848.49,0,0,0.0000
346,7323.45,630.42,NaN,NaN,NaN
347,7123.85,655.73,NaN,NaN,NaN
348,7757.80,810.97,NaN,NaN,NaN
349,7407.72,413.66,3,6,2.0000
350,7263.89,466.86,0,0,0.0000
351,7215.66,719.76,NaN,NaN,NaN
352,7043.37,263.66,2,10,5.0000
353,7238.34,304.09,4,11,2.7500
354,7555.64,127.69,3,6,2.0000
355,7051.23,350.36,2,5,2.5000
356,7322.77,178.39,3,7,2.3333
357,7532.86,625.11,0,0,0.0000
358,7182.60,162.27,2,3,0.0000
359,7672.46,516.42,NaN,NaN,NaN
360,7626.22,868.94,0,0,0.0000
361,7631.81,419.05,NaN,NaN,NaN
362,7803.56,721.35,NaN,NaN,NaN
363,7611.04,239.45,NaN,NaN,NaN
364,7805.88,439.17,0,0,0.0000
365,7188.96,835.22,NaN,NaN,NaN
366,7523.31,765.01,2,4,2.0000
367,7462.51,742.59,NaN,NaN,NaN
368,7489.61,802.45,NaN,NaN,NaN
369,7546.54,358.00,NaN,NaN,NaN
370,7125.97,167.43,NaN,NaN,NaN
371,7299.43,733.28,NaN,NaN,NaN
372,7731.44,680.51,0,0,0.0000
373,7670.52,595.85,NaN,NaN,NaN
374,7616.11,595.20,0,0,0.0000
375,7680.09,829.38,NaN,NaN,NaN
376,7243.56,46.27,NaN,NaN,NaN
377,7341.71,768.47,2,2,0.0000
378,7405.16,187.17,NaN,NaN,NaN
379,7159.25,894.33,NaN,NaN,NaN
380,7572.40,465.62,0,0,0.0000
381,7394.82,733.32,NaN,NaN,NaN
382,7296.00,57.38,2,8,4.0000
383,7434.37,86.43,NaN,NaN,NaN
384,7566.42,599.05,NaN,NaN,NaN
385,7423.70,834.35,0,0,0.0000
386,7211.06,540.29,NaN,NaN,NaN
387,7684.62,700.80,NaN,NaN,NaN
388,7704.02,784.08,NaN,NaN,NaN
389,7583.91,701.92,NaN,NaN,NaN
390,7728.31,596.68,2,7,3.5000
391,7603.95,347.94,0,0,0.0000
392,7272.35,808.82,3,6,2.0000
393,7072.99,93.11,0,0,0.0000
394,7451.76,153.77,NaN,NaN,NaN
395,7341.38,25.62,NaN,NaN,NaN
396,7128.72,253.62,NaN,NaN,NaN
397,7251.71,570.80,0,0,0.0000
398,7429.33,703.33,0,0,0.0000
399,7486.52,382.76,NaN,NaN,NaN
400,7455.10,550.15,2,2,0.0000
401,7688.76,415.39,NaN,NaN,NaN
402,7254.67,112.58,NaN,NaN,NaN
403,7575.16,755.53,NaN,NaN,NaN
404,7440.17,341.17,0,0,0.0000
405,7720.44,471.62,0,0,0.0000
406,7760.52,458.10,NaN,NaN,NaN
407,7086.74,11.10,0,0,0.0000
408,7292.49,286.22,0,0,0.0000
409,7743.11,736.01,NaN,NaN,NaN
410,7558.05,821.25,0,0,0.0000
411,7651.97,755.04,0,0,0.0000
412,7474.19,116.64,NaN,NaN,NaN
413,7443.16,882.28,NaN,NaN,NaN
414,7121.56,714.12,0,0,0.0000
415,7627.54,695.38,0,0,0.0000
416,7208.70,213.16,NaN,NaN,NaN
417,7821.04,572.72,NaN,NaN,NaN
418,8406.88,784.86,NaN,NaN,NaN
419,8268.83,820.98,0,0,0.0000
420,8346.54,643.75,2,2,0.0000
421,8500.02,349.58,NaN,NaN,NaN
422,7960.00,722.24,3,2,0.0000
423,8483.96,665.01,NaN,NaN,NaN
424,8572.42,423.64,0,0,0.0000
425,8528.83,813.69,0,0,0.0000
426,8154.31,702.50,NaN,NaN,NaN
427,8179.71,72.81,0,0,0.0000
428,8256.90,618.56,0,0,0.0000
429,8014.77,537.31,NaN,NaN,NaN
430,8047.02,698.57,NaN,NaN,NaN
431,8396.94,494.55,NaN,NaN,NaN
432,8130.65,804.95,2,4,2.0000
433,8481.65,536.28,0,0,0.0000
434,8041.67,789.47,NaN,NaN,NaN
435,8340.56,729.03,NaN,NaN,NaN
436,7989.69,611.82,NaN,NaN,NaN
437,8142.92,873.45,NaN,NaN,NaN
438,8331.40,539.23,NaN,NaN,NaN
439,8115.39,121.79,NaN,NaN,NaN
440,8438.35,422.91,NaN,NaN,NaN
441,8404.43,565.81,NaN,NaN,NaN
442,8497.51,467.84,0,0,0.0000
443,7936.42,634.90,NaN,NaN,NaN
444,8077.63,893.71,NaN,NaN,NaN
445,8244.84,48.16,0,0,0.0000
446,7996.93,852.47,NaN,NaN,NaN
447,8571.99,685.84,NaN,NaN,NaN
448,8515.91,731.66,NaN,NaN,NaN
449,8291.45,124.09,2,4,2.0000
450,8062.97,574.66,2,5,2.5000
451,8360.77,432.11,NaN,NaN,NaN
452,7839.27,772.69,0,0,0.0000
453,8177.51,462.22,NaN,NaN,NaN
454,8271.33,708.29,0,0,0.0000
455,7989.31,504.80,0,0,0.0000
456,8048.96,860.81,2,5,2.5000
457,7908.35,800.76,NaN,NaN,NaN
458,8445.30,609.85,0,0,0.0000
459,8100.47,770.32,0,0,0.0000
460,8532.93,32.57,NaN,NaN,NaN
461,7884.53,514.64,NaN,NaN,NaN
462,8444.27,88.76,0,0,0.0000
463,8047.75,624.59,NaN,NaN,NaN
464,8360.88,110.26,0,0,0.0000
465,8546.67,560.24,0,0,0.0000
466,8540.52,691.23,2,7,3.5000
467,8462.13,278.82,2,3,0.0000
468,8528.52,231.01,NaN,NaN,NaN
469,8603.82,580.53,NaN,NaN,NaN
470,8644.77,455.29,3,3,0.0000
471,8576.19,884.42,0,0,0.0000
472,8649.80,691.68,NaN,NaN,NaN
473,8633.40,234.08,NaN,NaN,NaN
474,8603.13,306.11,NaN,NaN,NaN
475,8667.49,344.64,NaN,NaN,NaN
476,8689.50,255.46,NaN,NaN,NaN
477,8631.38,771.26,0,0,0.0000
478,8593.45,739.48,NaN,NaN,NaN
479,8579.51,147.29,0,0,0.0000
480,10063.15,126.36,NaN,NaN,NaN
481,10095.07,164.08,NaN,NaN,NaN
482,10138.99,61.73,NaN,NaN,NaN
483,10725.72,367.95,NaN,NaN,NaN
484,10778.69,289.56,NaN,NaN,NaN
485,10189.18,150.43,3,2,0.0000
486,10209.10,233.42,0,0,0.0000
487,10836.27,437.43,NaN,NaN,NaN
488,10722.28,46.91,0,0,0.0000
489,10789.87,96.44,NaN,NaN,NaN
490,10851.46,55.13,NaN,NaN,NaN
491,10700.47,116.53,0,0,0.0000
492,10876.05,284.19,NaN,NaN,NaN
493,10783.91,210.92,2,2,0.0000
494,11076.92,116.14,NaN,NaN,NaN
495,11229.71,535.51,NaN,NaN,NaN
496,10977.24,432.09,NaN,NaN,NaN
497,10964.24,101.60,3,2,0.0000
498,10884.69,138.64,2,3,0.0000
499,11001.64,581.73,NaN,NaN,NaN
500,11051.89,434.01,0,0,0.0000
501,11182.29,729.88,2,5,2.5000
502,10911.87,480.66,NaN,NaN,NaN
503,11182.21,823.29,0,0,0.0000
504,11115.57,790.02,2,3,0.0000
505,10919.37,208.30,NaN,NaN,NaN
506,11132.11,510.93,NaN,NaN,NaN
507,11055.01,252.85,2,5,2.5000
508,10941.30,349.10,0,0,0.0000
509,10916.76,283.06,2,3,0.0000
510,11278.47,662.61,NaN,NaN,NaN
511,10947.14,620.27,NaN,NaN,NaN
512,10996.65,838.03,NaN,NaN,NaN
513,11063.69,882.73,0,0,0.0000
514,11151.17,659.16,0,0,0.0000
515,11242.02,835.26,NaN,NaN,NaN
516,11008.06,331.12,NaN,NaN,NaN
517,11049.87,336.87,NaN,NaN,NaN
518,10982.14,56.15,0,0,0.0000
519,11304.72,890.82,NaN,NaN,NaN
520,11014.15,521.47,2,5,2.5000
521,11217.15,678.90,0,0,0.0000
522,11276.31,807.17,NaN,NaN,NaN
523,11129.42,881.63,0,0,0.0000
524,11256.49,746.71,NaN,NaN,NaN
525,10912.39,551.23,NaN,NaN,NaN
526,11143.27,746.34,NaN,NaN,NaN
527,13797.30,171.71,0,0,0.0000
528,13851.65,650.08,0,0,0.0000
529,13876.64,491.33,NaN,NaN,NaN
530,13645.27,71.05,NaN,NaN,NaN
531,13543.07,284.92,NaN,NaN,NaN
532,13412.17,266.12,NaN,NaN,NaN
533,13708.22,290.77,NaN,NaN,NaN
534,13430.47,202.51,4,5,0.0000
535,13486.23,160.54,NaN,NaN,NaN
536,13800.49,400.57,NaN,NaN,NaN
537,13375.83,71.11,3,7,2.3333
538,13902.77,822.86,NaN,NaN,NaN
539,13480.13,506.75,4,7,0.0000
540,13744.25,632.93,2,5,2.5000
541,13758.89,550.82,0,0,0.0000
542,13669.12,567.05,0,0,0.0000
543,13584.19,197.57,0,0,0.0000
544,13677.79,410.79,NaN,NaN,NaN
545,13733.56,686.74,NaN,NaN,NaN
546,13922.19,405.22,NaN,NaN,NaN
547,13945.06,107.71,NaN,NaN,NaN
548,13899.01,55.62,NaN,NaN,NaN
549,13819.81,817.77,0,0,0.0000
550,13485.52,409.64,2,3,0.0000
551,13951.62,572.67,NaN,NaN,NaN
552,13456.23,393.22,2,5,2.5000
553,13748.61,846.99,2,2,0.0000
554,13674.03,356.25,NaN,NaN,NaN
555,13612.19,358.53,2,3,0.0000
556,13515.15,455.07,0,0,0.0000
557,13597.63,422.12,3,6,2.0000
558,13804.59,745.39,NaN,NaN,NaN
559,13612.02,553.41,0,0,0.0000
560,13918.48,655.18,NaN,NaN,NaN
561,13698.82,450.95,NaN,NaN,NaN
562,13640.37,629.34,0,0,0.0000
563,13767.87,471.20,2,2,0.0000
564,13552.47,134.78,2,3,0.0000
565,13519.84,320.26,NaN,NaN,NaN
566,13797.69,858.02,0,0,0.0000
567,13434.83,58.43,NaN,NaN,NaN
568,13638.85,235.41,NaN,NaN,NaN
569,13527.59,514.06,3,6,2.0000
570,13947.11,302.85,2,8,4.0000
571,13748.10,55.89,0,0,0.0000
572,14060.66,571.82,NaN,NaN,NaN
573,13984.50,792.86,NaN,NaN,NaN
574,14561.77,779.17,0,0,0.0000
575,14432.75,707.53,NaN,NaN,NaN
576,14100.20,840.48,2,2,0.0000
577,14236.26,549.71,NaN,NaN,NaN
578,14528.59,694.62,0,0,0.0000
579,14044.81,467.68,0,0,0.0000
580,13974.10,262.65,NaN,NaN,NaN
581,13974.53,658.45,2,3,0.0000
582,14128.79,511.11,2,8,4.0000
583,13990.18,177.22,NaN,NaN,NaN
584,14280.42,618.58,NaN,NaN,NaN
585,14118.98,689.61,0,0,0.0000
586,14070.88,138.84,NaN,NaN,NaN
587,13967.74,470.53,NaN,NaN,NaN
588,13997.13,393.40,0,0,0.0000
589,14165.84,807.82,2,3,0.0000
590,14330.79,666.75,2,2,0.0000
591,14179.17,482.07,NaN,NaN,NaN
592,14158.25,742.95,NaN,NaN,NaN
593,14057.58,419.64,0,0,0.0000
594,14460.35,841.95,2,3,0.0000
595,14197.59,625.98,0,0,0.0000
596,14029.03,697.71,0,0,0.0000
597,14474.43,143.76,NaN,NaN,NaN
598,14439.84,140.79,NaN,NaN,NaN
599,14422.55,214.43,0,0,0.0000
600,13976.17,49.72,NaN,NaN,NaN
601,15431.76,327.35,NaN,NaN,NaN
602,15217.21,587.05,NaN,NaN,NaN
603,14946.31,711.87,2,6,3.0000
604,15139.01,786.18,2,2,0.0000
605,14876.61,246.60,NaN,NaN,NaN
606,15169.98,329.77,NaN,NaN,NaN
607,15235.00,833.01,NaN,NaN,NaN
608,15020.99,664.71,NaN,NaN,NaN
609,15451.22,495.07,0,0,0.0000
610,15440.78,738.48,NaN,NaN,NaN
611,15342.25,208.52,NaN,NaN,NaN
612,15374.88,454.61,0,0,0.0000
613,14994.83,419.03,2,3,0.0000
614,14895.37,419.33,NaN,NaN,NaN
615,15456.65,861.96,NaN,NaN,NaN
616,14861.57,338.73,2,3,0.0000
617,15373.31,91.44,NaN,NaN,NaN
618,15184.96,224.69,2,4,2.0000
619,15252.85,404.04,0,0,0.0000
620,15430.16,145.60,0,0,0.0000
621,14976.33,208.88,0,0,0.0000
622,14970.08,859.62,NaN,NaN,NaN
623,15309.24,126.31,NaN,NaN,NaN
624,15291.38,480.55,0,0,0.0000
625,15333.90,809.25,2,4,2.0000
626,15073.62,725.73,NaN,NaN,NaN
627,14907.99,607.72,0,0,0.0000
628,15207.00,139.36,NaN,NaN,NaN
629,15104.16,270.80,NaN,NaN,NaN
630,15425.51,649.05,2,3,0.0000
631,15348.89,543.44,NaN,NaN,NaN
632,14962.81,499.49,0,0,0.0000
633,15063.81,649.10,NaN,NaN,NaN
634,15297.52,721.47,0,0,0.0000
635,15153.12,857.99,NaN,NaN,NaN
636,15261.95,84.30,2,6,3.0000
637,15107.99,461.68,0,0,0.0000
638,15038.67,257.55,NaN,NaN,NaN
639,15238.36,711.09,NaN,NaN,NaN
640,14912.14,147.12,0,0,0.0000
641,14954.75,567.55,2,3,0.0000
642,15016.70,317.02,NaN,NaN,NaN
643,15134.46,725.25,NaN,NaN,NaN
644,14984.76,115.18,0,0,0.0000
645,14763.85,98.51,2,6,3.0000
646,14819.30,148.92,NaN,NaN,NaN
647,15099.79,359.73,NaN,NaN,NaN
648,15050.68,527.58,NaN,NaN,NaN
649,14982.78,45.32,0,0,0.0000
650,14922.79,460.66,0,0,0.0000
651,15098.18,584.80,NaN,NaN,NaN
652,15092.85,224.03,3,6,2.0000
653,15027.46,465.15,3,5,0.0000
654,15059.54,826.42,NaN,NaN,NaN
655,15274.39,195.96,3,5,0.0000
656,15338.40,887.02,0,0,0.0000
657,15000.47,550.56,0,0,0.0000
658,15266.85,250.26,NaN,NaN,NaN
659,15427.70,61.19,2,5,2.5000
660,15328.25,295.96,NaN,NaN,NaN
661,15100.17,894.28,NaN,NaN,NaN
662,14792.73,197.48,NaN,NaN,NaN
663,15152.63,446.32,0,0,0.0000
664,14936.19,328.39,0,0,0.0000
665,15138.70,658.46,0,0,0.0000
666,14844.65,404.26,NaN,NaN,NaN
667,15315.60,596.27,0,0,0.0000
668,15399.84,206.02,0,0,0.0000
669,15189.20,418.53,NaN,NaN,NaN
670,15197.76,710.83,0,0,0.0000
671,15056.53,568.96,NaN,NaN,NaN
672,15350.99,616.79,NaN,NaN,NaN
673,15058.28,345.16,NaN,NaN,NaN
674,15459.74,201.34,NaN,NaN,NaN
675,15080.62,313.17,NaN,NaN,NaN
676,15530.77,557.38,NaN,NaN,NaN
677,15839.53,127.80,2,6,3.0000
678,15628.40,158.38,0,0,0.0000
679,15913.18,139.21,0,0,0.0000
680,15910.34,878.76,2,1,0.0000
681,15652.78,667.99,NaN,NaN,NaN
682,15826.72,740.06,NaN,NaN,NaN
683,16082.48,109.13,NaN,NaN,NaN
684,15666.14,482.13,0,0,0.0000
685,15747.77,115.19,NaN,NaN,NaN
686,15627.46,823.85,2,3,0.0000
687,15938.52,789.28,NaN,NaN,NaN
688,15509.38,657.65,2,4,2.0000
689,15544.81,351.45,NaN,NaN,NaN
690,15684.09,265.74,3,5,0.0000
691,15629.26,398.69,NaN,NaN,NaN
692,15563.93,738.72,0,0,0.0000
693,15736.47,733.34,2,4,2.0000
694,15737.71,334.89,NaN,NaN,NaN
695,16200.46,109.36,NaN,NaN,NaN
696,15553.21,207.08,NaN,NaN,NaN
697,16345.78,394.11,2,4,2.0000
698,15942.12,273.89,NaN,NaN,NaN
699,16125.55,190.14,0,0,0.0000
700,16263.35,365.47,0,0,0.0000
701,15934.33,333.42,4,9,2.2500
702,15806.07,379.13,NaN,NaN,NaN
703,16047.83,890.66,3,3,0.0000
704,16313.12,455.67,NaN,NaN,NaN
705,15704.23,832.23,NaN,NaN,NaN
706,15729.80,213.86,NaN,NaN,NaN
707,15783.34,52.73,NaN,NaN,NaN
708,15741.89,810.47,NaN,NaN,NaN
709,16259.32,73.29,NaN,NaN,NaN
710,15618.56,571.45,0,0,0.0000
711,16122.65,64.64,NaN,NaN,NaN
712,16007.57,833.24,NaN,NaN,NaN
713,15753.41,268.32,NaN,NaN,NaN
714,15553.72,428.99,0,0,0.0000
715,15589.85,255.63,NaN,NaN,NaN
716,15805.99,264.13,2,4,2.0000
717,16169.82,32.65,NaN,NaN,NaN
718,15952.10,71.58,0,0,0.0000
719,15763.67,183.36,NaN,NaN,NaN
720,15591.63,64.28,0,0,0.0000
721,15627.83,340.44,0,0,0.0000
722,15556.46,260.42,0,0,0.0000
723,15678.67,357.33,NaN,NaN,NaN
724,15503.87,240.01,NaN,NaN,NaN
725,16204.94,380.27,0,0,0.0000
726,15967.44,839.86,NaN,NaN,NaN
727,15863.82,804.36,NaN,NaN,NaN
728,16313.68,311.44,NaN,NaN,NaN
729,15930.59,721.61,0,0,0.0000
730,15548.35,819.67,0,0,0.0000
731,15657.57,751.53,0,0,0.0000
732,15653.10,548.26,0,0,0.0000
733,15663.83,584.07,0,0,0.0000
734,15787.86,819.21,0,0,0.0000
735,16042.38,11.01,0,0,0.0000
736,15513.39,203.01,NaN,NaN,NaN
737,15903.61,754.33,0,0,0.0000
738,824.43,1410.50,4,6,0.0000
739,299.83,1188.31,5,4,0.0000
740,833.40,1599.93,NaN,NaN,NaN
741,292.99,1028.30,4,5,0.0000
742,661.21,1553.64,0,0,0.0000
743,163.89,957.51,NaN,NaN,NaN
744,822.05,1176.71,2,5,2.5000
745,618.27,1632.77,NaN,NaN,NaN
746,716.02,1319.27,NaN,NaN,NaN
747,819.60,1307.92,NaN,NaN,NaN
748,790.03,1544.08,6,6,0.0000
749,402.30,1622.51,4,4,0.0000
750,515.58,1514.59,0,0,0.0000
751,604.41,1480.15,0,0,0.0000
752,99.82,1089.90,NaN,NaN,NaN
753,886.58,1128.38,NaN,NaN,NaN
754,43.17,1069.44,2,2,0.0000
755,379.81,1042.29,NaN,NaN,NaN
756,489.81,1598.48,0,0,0.0000
757,771.33,1273.26,NaN,NaN,NaN
758,497.72,1656.02,NaN,NaN,NaN
759,817.79,1486.09,NaN,NaN,NaN
760,712.81,1425.74,NaN,NaN,NaN
761,351.74,1099.81,NaN,NaN,NaN
762,51.41,1013.99,0,0,0.0000
763,747.89,1461.74,NaN,NaN,NaN
764,85.70,1189.29,NaN,NaN,NaN
765,63.09,1306.58,0,0,0.0000
766,591.18,1558.15,0,0,0.0000
767,94.96,963.26,NaN,NaN,NaN
768,877.04,1268.26,NaN,NaN,NaN
769,93.21,1262.74,0,0,0.0000
770,20.41,1140.10,NaN,NaN,NaN
771,544.44,1607.67,0,0,0.0000
772,207.18,1029.08,NaN,NaN,NaN
773,554.16,1549.62,0,0,0.0000
774,421.65,993.18,3,3,0.0000
775,559.13,1449.69,NaN,NaN,NaN
776,756.05,1656.14,NaN,NaN,NaN
777,45.80,1193.63,0,0,0.0000
778,829.53,1129.38,NaN,NaN,NaN
779,342.78,1181.72,NaN,NaN,NaN
780,725.92,1617.12,NaN,NaN,NaN
781,643.27,1438.16,NaN,NaN,NaN
782,865.47,1512.91,2,6,3.0000
783,982.03,1566.46,NaN,NaN,NaN
784,1318.07,1085.76,0,0,0.0000
785,1580.69,1268.88,NaN,NaN,NaN
786,993.22,1341.26,NaN,NaN,NaN
787,1296.62,1174.40,NaN,NaN,NaN
788,1643.06,1140.65,NaN,NaN,NaN
789,1296.63,954.75,0,0,0.0000
790,1195.35,1247.05,NaN,NaN,NaN
791,1596.98,1375.97,NaN,NaN,NaN
792,1230.15,954.50,3,5,0.0000
793,1045.93,924.14,NaN,NaN,NaN
794,1608.41,1531.48,0,0,0.0000
795,959.35,1179.64,0,0,0.0000
796,1556.27,1127.13,NaN,NaN,NaN
797,1066.30,1072.66,3,7,2.3333
798,925.27,1615.23,NaN,NaN,NaN
799,1105.27,941.81,NaN,NaN,NaN
800,1519.73,1250.70,NaN,NaN,NaN
801,1492.04,1190.03,2,2,0.0000
802,1193.47,1118.05,NaN,NaN,NaN
803,1595.97,1049.57,2,3,0.0000
804,1014.49,1016.65,2,5,2.5000
805,1282.86,1232.32,NaN,NaN,NaN
806,911.02,1342.70,NaN,NaN,NaN
807,1100.68,1124.08,2,3,0.0000
808,1367.99,1155.27,NaN,NaN,NaN
809,1659.59,1470.39,0,0,0.0000
810,1486.76,1587.56,NaN,NaN,NaN
811,1056.59,1203.15,NaN,NaN,NaN
812,1456.42,1264.91,2,5,2.5000
813,1542.32,1498.58,NaN,NaN,NaN
814,1114.84,1171.90,NaN,NaN,NaN
815,927.22,1268.23,NaN,NaN,NaN
816,1515.76,1422.34,NaN,NaN,NaN
817,954.10,1421.62,0,0,0.0000
818,905.50,1403.00,NaN,NaN,NaN
819,1117.15,1246.27,2,3,0.0000
820,1226.50,1023.86,0,0,0.0000
821,1154.35,1208.18,NaN,NaN,NaN
822,1433.25,1100.61,3,3,0.0000
823,1515.04,1360.22,NaN,NaN,NaN
824,999.53,1457.64,NaN,NaN,NaN
825,1159.17,942.86,NaN,NaN,NaN
826,996.04,1252.50,2,5,2.5000
827,1638.24,1412.75,3,9,3.0000
828,1362.92,1024.01,0,0,0.0000
829,1051.81,1280.25,NaN,NaN,NaN
830,1578.02,1649.42,NaN,NaN,NaN
831,1557.34,1426.75,NaN,NaN,NaN
832,1524.54,1632.42,2,2,0.0000
833,1191.57,1179.95,0,0,0.0000
834,1021.52,1425.27,0,0,0.0000
835,1650.10,931.40,0,0,0.0000
836,1421.49,1227.49,2,5,2.5000
837,1414.54,1204.00,2,2,0.0000
838,1370.93,973.26,2,2,0.0000
839,927.38,1122.25,NaN,NaN,NaN
840,943.68,1516.73,NaN,NaN,NaN
841,1376.94,1212.95,NaN,NaN,NaN
842,1530.11,1576.66,2,2,0.0000
843,1242.63,1077.41,0,0,0.0000
844,1559.84,1565.17,NaN,NaN,NaN
845,1045.86,1152.48,2,1,0.0000
846,1396.06,950.38,NaN,NaN,NaN
847,1061.36,1467.37,0,0,0.0000
848,1867.35,953.19,NaN,NaN,NaN
849,1780.00,1652.01,NaN,NaN,NaN
850,1704.15,1015.12,0,0,0.0000
851,2351.07,1076.69,NaN,NaN,NaN
852,1765.03,984.08,4,8,2.0000
853,1677.68,1307.06,3,5,0.0000
854,1887.36,1162.52,NaN,NaN,NaN
855,1832.12,1083.65,NaN,NaN,NaN
856,1736.22,1487.63,NaN,NaN,NaN
857,1870.76,1547.40,NaN,NaN,NaN
858,2374.38,1231.85,2,5,2.5000
859,2337.40,1328.58,3,5,0.0000
860,1865.56,1434.19,NaN,NaN,NaN
861,1918.06,1271.74,NaN,NaN,NaN
862,1795.99,1513.73,2,4,2.0000
863,1745.54,1133.91,NaN,NaN,NaN
864,2403.78,1400.06,0,0,0.0000
865,2322.77,1142.29,NaN,NaN,NaN
866,1932.99,1084.67,NaN,NaN,NaN
867,1728.00,1400.09,NaN,NaN,NaN
868,2313.52,1192.06,0,0,0.0000
869,1786.69,1337.58,NaN,NaN,NaN
870,1969.03,1426.98,0,0,0.0000
871,1904.54,1629.35,2,2,0.0000
872,2012.79,1307.82,NaN,NaN,NaN
873,2045.11,1563.44,NaN,NaN,NaN
874,2017.34,1094.32,2,5,2.5000
875,2226.35,1011.32,3,4,0.0000
876,2007.92,1253.40,NaN,NaN,NaN
877,1696.00,1552.47,0,0,0.0000
878,2047.56,1478.01,NaN,NaN,NaN
879,1954.90,1594.16,NaN,NaN,NaN
880,1954.98,997.00,0,0,0.0000
881,1855.59,1316.94,3,7,2.3333
882,1786.49,1265.82,NaN,NaN,NaN
883,2035.33,1136.43,NaN,NaN,NaN
884,2265.28,1090.91,NaN,NaN,NaN
885,1796.36,1393.65,0,0,0.0000
886,1755.32,1203.36,0,0,0.0000
887,2105.91,1562.94,NaN,NaN,NaN
888,2122.22,1456.12,0,0,0.0000
889,1939.28,1483.95,NaN,NaN,NaN
890,1817.77,1590.57,NaN,NaN,NaN
891,2085.33,1627.52,0,0,0.0000
892,2091.70,1491.12,NaN,NaN,NaN
893,1920.89,1377.31,0,0,0.0000
894,1966.54,1189.83,NaN,NaN,NaN
895,1934.03,1334.87,0,0,0.0000
896,2003.25,1492.22,NaN,NaN,NaN
897,2286.20,1013.38,0,0,0.0000
898,1674.42,1610.86,0,0,0.0000
899,1828.68,1225.82,NaN,NaN,NaN
900,2189.64,986.62,NaN,NaN,NaN
901,2025.40,1216.69,0,0,0.0000
902,1686.90,899.99,0,0,0.0000
903,2027.36,1653.00,0,0,0.0000
904,2410.28,1140.62,NaN,NaN,NaN
905,1996.34,1174.74,0,0,0.0000
906,1674.13,1065.81,0,0,0.0000
907,2480.55,1507.11,NaN,NaN,NaN
908,2571.34,1242.39,NaN,NaN,NaN
909,2600.82,1440.07,2,3,0.0000
910,2636.93,1313.00,0,0,0.0000
911,3091.32,1140.66,0,0,0.0000
912,2438.64,1314.34,NaN,NaN,NaN
913,2520.42,1397.45,NaN,NaN,NaN
914,2514.23,1136.85,3,1,0.0000
915,2525.93,1188.12,NaN,NaN,NaN
916,3191.25,1373.57,2,6,3.0000
917,2445.78,1423.47,NaN,NaN,NaN
918,2567.46,1304.14,NaN,NaN,NaN
919,2461.47,1222.21,NaN,NaN,NaN
920,3039.70,1273.76,NaN,NaN,NaN
921,2714.54,1384.51,0,0,0.0000
922,3191.57,1175.79,3,4,0.0000
923,2457.46,1083.83,NaN,NaN,NaN
924,3097.10,1335.84,NaN,NaN,NaN
925,2677.67,1424.09,0,0,0.0000
926,3104.63,1201.75,0,0,0.0000
927,3144.06,1394.86,0,0,0.0000
928,2994.99,1184.72,2,3,0.0000
929,3147.38,1325.96,NaN,NaN,NaN
930,3054.85,1207.53,2,6,3.0000
931,2555.90,1347.37,NaN,NaN,NaN
932,2462.28,1358.19,NaN,NaN,NaN
933,2564.54,1126.28,0,0,0.0000
934,3184.90,1227.44,2,1,0.0000
935,2549.27,1062.80,0,0,0.0000
936,2713.47,1225.00,NaN,NaN,NaN
937,2502.81,1345.35,0,0,0.0000
938,3336.04,1036.67,NaN,NaN,NaN
939,3504.71,1590.25,NaN,NaN,NaN
940,3337.11,1454.58,NaN,NaN,NaN
941,3307.46,1511.78,0,0,0.0000
942,3390.07,1373.23,NaN,NaN,NaN
943,3417.72,1609.14,NaN,NaN,NaN
944,3370.85,1177.49,3,5,0.0000
945,3410.90,1037.73,NaN,NaN,NaN
946,3423.62,1123.44,2,4,2.0000
947,3325.20,1597.65,NaN,NaN,NaN
948,3233.25,1281.11,2,4,2.0000
949,3640.97,1650.11,0,0,0.0000
950,3525.16,1415.19,4,4,0.0000
951,3412.88,1538.64,3,7,2.3333
952,3425.72,1273.33,0,0,0.0000
953,3663.68,1514.42,NaN,NaN,NaN
954,3703.31,1527.18,NaN,NaN,NaN
955,3335.68,1350.59,3,5,0.0000
956,3734.78,1577.42,NaN,NaN,NaN
957,3549.83,1478.53,0,0,0.0000
958,3428.66,1350.39,2,3,0.0000
959,3580.28,1574.77,NaN,NaN,NaN
960,3879.73,1657.77,2,3,0.0000
961,3514.25,1294.39,3,6,2.0000
962,3288.51,1171.42,NaN,NaN,NaN
963,3262.96,1431.95,NaN,NaN,NaN
964,3326.93,1298.88,NaN,NaN,NaN
965,3696.26,1595.55,NaN,NaN,NaN
966,3248.17,1509.43,NaN,NaN,NaN
967,3284.05,1321.36,0,0,0.0000
968,3272.58,1131.87,NaN,NaN,NaN
969,3467.07,1055.47,NaN,NaN,NaN
970,3440.70,1467.77,2,4,2.0000
971,3200.35,1131.35,3,5,0.0000
972,3398.00,971.12,2,4,2.0000
973,3464.58,1210.25,0,0,0.0000
974,3252.02,1107.40,NaN,NaN,NaN
975,3205.07,1063.58,NaN,NaN,NaN
976,3585.84,1495.55,0,0,0.0000
977,3491.68,1457.22,0,0,0.0000
978,3635.12,1550.03,0,0,0.0000
979,4615.72,1163.24,0,0,0.0000
980,4225.98,964.22,2,7,3.5000
981,4613.08,1320.33,2,2,0.0000
982,4577.64,1007.11,NaN,NaN,NaN
983,4688.69,1085.38,0,0,0.0000
984,4571.72,1239.17,NaN,NaN,NaN
985,4524.31,1385.75,0,0,0.0000
986,4713.88,1182.55,0,0,0.0000
987,4724.63,1036.21,0,0,0.0000
988,4604.61,932.34,0,0,0.0000
989,4418.81,943.65,0,0,0.0000
990,4398.68,1249.77,3,4,0.0000
991,4276.01,1253.49,NaN,NaN,NaN
992,4471.63,1131.09,2,3,0.0000
993,4452.01,1066.17,2,3,0.0000
994,4511.41,1063.08,0,0,0.0000
995,4517.94,1003.26,3,5,0.0000
996,4173.36,925.97,0,0,0.0000
997,4293.89,1104.65,0,0,0.0000
998,4539.43,1142.69,NaN,NaN,NaN
999,4388.37,1207.44,NaN,NaN,NaN
1000,4328.70,931.63,NaN,NaN,NaN
1001,4464.38,1339.65,0,0,0.0000
1002,4114.95,900.78,0,0,0.0000
1003,4382.35,1011.11,NaN,NaN,NaN
1004,4515.67,1207.10,0,0,0.0000
1005,4483.56,1288.92,0,0,0.0000
1006,4438.52,1151.68,NaN,NaN,NaN
1007,4459.03,1234.52,3,5,0.0000
1008,4331.14,1198.00,NaN,NaN,NaN
1009,4387.30,1158.72,0,0,0.0000
1010,4096.24,974.49,NaN,NaN,NaN
1011,4531.76,1306.67,0,0,0.0000
1012,4047.69,1024.72,3,4,0.0000
1013,4546.52,1036.95,0,0,0.0000
1014,4932.56,962.28,0,0,0.0000
1015,4814.02,1213.43,NaN,NaN,NaN
1016,5162.68,1294.87,3,6,2.0000
1017,4951.59,1349.40,0,0,0.0000
1018,4935.96,1094.43,NaN,NaN,NaN
1019,5309.85,1131.57,NaN,NaN,NaN
1020,5128.80,1640.88,0,0,0.0000
1021,5187.88,1450.57,NaN,NaN,NaN
1022,5120.14,1331.77,0,0,0.0000
1023,4827.28,1060.93,NaN,NaN,NaN
1024,5018.79,1016.15,NaN,NaN,NaN
1025,5406.63,1012.73,2,3,0.0000
1026,5288.99,913.55,2,2,0.0000
1027,5423.29,1277.13,NaN,NaN,NaN
1028,4930.14,1188.04,NaN,NaN,NaN
1029,4859.96,1137.22,NaN,NaN,NaN
1030,5373.94,1099.16,0,0,0.0000
1031,5213.62,1239.00,0,0,0.0000
1032,4946.54,1476.27,0,0,0.0000
1033,5127.31,1442.14,NaN,NaN,NaN
1034,5301.18,1072.63,NaN,NaN,NaN
1035,5337.32,1013.38,NaN,NaN,NaN
1036,5454.18,916.24,4,2,0.0000
1037,5463.33,1085.00,NaN,NaN,NaN
1038,5104.97,1558.50,4,7,0.0000
1039,5218.16,900.25,NaN,NaN,NaN
1040,5274.68,1367.61,NaN,NaN,NaN
1041,5283.25,1008.62,NaN,NaN,NaN
1042,5372.56,1469.57,2,3,0.0000
1043,5272.02,957.95,NaN,NaN,NaN
1044,5181.30,1597.99,NaN,NaN,NaN
1045,5468.16,981.76,NaN,NaN,NaN
1046,4778.20,1108.35,0,0,0.0000
1047,5432.40,1146.27,0,0,0.0000
1048,5485.80,1175.81,NaN,NaN,NaN
1049,5053.56,1465.35,NaN,NaN,NaN
1050,5382.99,1540.39,NaN,NaN,NaN
1051,5460.21,1424.50,NaN,NaN,NaN
1052,5345.82,1581.02,2,6,3.0000
1053,5457.87,1209.45,NaN,NaN,NaN
1054,5074.16,1084.76,0,0,0.0000
1055,5470.51,1584.72,NaN,NaN,NaN
1056,4887.31,1284.44,0,0,0.0000
1057,5366.49,1414.88,0,0,0.0000
1058,4957.08,1423.28,0,0,0.0000
1059,4788.71,1000.65,3,8,2.6667
1060,5364.85,1214.50,2,4,2.0000
1061,5361.39,966.55,0,0,0.0000
1062,5395.52,1134.52,NaN,NaN,NaN
1063,5379.80,1319.30,2,3,0.0000
1064,5464.91,1048.61,0,0,0.0000
1065,5205.94,1406.53,NaN,NaN,NaN
1066,5200.08,1521.17,NaN,NaN,NaN
1067,4971.79,1643.74,NaN,NaN,NaN
1068,4971.08,1257.06,NaN,NaN,NaN
1069,5384.88,1261.98,3,4,0.0000
1070,5368.63,927.72,NaN,NaN,NaN
1071,5057.66,1200.40,3,2,0.0000
1072,5347.80,1346.14,0,0,0.0000
1073,5008.19,1431.73,0,0,0.0000
1074,5444.76,1522.40,NaN,NaN,NaN
1075,5458.44,1479.82,0,0,0.0000
1076,5254.52,1574.48,NaN,NaN,NaN
1077,4950.68,899.63,2,4,2.0000
1078,5286.69,1640.75,2,7,3.5000
1079,5407.57,1606.65,NaN,NaN,NaN
1080,6236.14,1576.27,NaN,NaN,NaN
1081,6115.40,1162.76,NaN,NaN,NaN
1082,6148.93,1320.11,0,0,0.0000
1083,6259.15,1069.99,3,10,3.3333
1084,6091.81,1076.36,NaN,NaN,NaN
1085,5936.16,1611.09,2,3,0.0000
1086,6058.10,1623.31,NaN,NaN,NaN
1087,6176.69,904.41,NaN,NaN,NaN
1088,5943.28,1187.31,NaN,NaN,NaN
1089,6215.03,1192.47,0,0,0.0000
1090,6171.88,1050.53,0,0,0.0000
1091,6054.11,951.97,0,0,0.0000
1092,5806.77,1572.08,3,6,2.0000
1093,6100.03,1391.79,NaN,NaN,NaN
1094,5923.86,1322.10,NaN,NaN,NaN
1095,5854.06,1482.58,0,0,0.0000
1096,5973.52,1464.78,NaN,NaN,NaN
1097,6226.48,1373.42,0,0,0.0000
1098,6069.25,1535.23,NaN,NaN,NaN
1099,5900.95,1414.48,NaN,NaN,NaN
1100,6055.59,1456.77,NaN,NaN,NaN
1101,5981.37,1548.01,NaN,NaN,NaN
1102,5513.05,913.33,NaN,NaN,NaN
1103,6021.93,1272.67,2,6,3.0000
1104,6004.44,1094.27,NaN,NaN,NaN
1105,6037.70,1167.73,NaN,NaN,NaN
1106,5956.27,1250.39,4,3,0.0000
1107,6235.37,1641.68,3,2,0.0000
1108,6139.42,1524.30,0,0,0.0000
1109,5992.59,1027.75,NaN,NaN,NaN
1110,5964.54,1354.27,NaN,NaN,NaN
1111,6176.20,1247.64,0,0,0.0000
1112,6049.00,1338.49,2,3,0.0000
1113,6257.48,1441.15,2,9,4.5000
1114,5909.32,1475.75,NaN,NaN,NaN
1115,5520.13,990.69,2,2,0.0000
1116,5923.01,1502.59,NaN,NaN,NaN
1117,6199.06,1656.19,NaN,NaN,NaN
1118,6099.13,1001.47,NaN,NaN,NaN
1119,6389.55,1284.11,2,1,0.0000
1120,6674.20,1200.28,NaN,NaN,NaN
1121,7012.68,1424.35,2,3,0.0000
1122,6494.74,1020.54,0,0,0.0000
1123,6488.05,1289.17,NaN,NaN,NaN
1124,6376.90,1142.59,0,0,0.0000
1125,6532.05,897.21,NaN,NaN,NaN
1126,6531.68,1574.76,2,1,0.0000
1127,6909.11,1168.33,NaN,NaN,NaN
1128,6403.79,1029.91,0,0,0.0000
1129,6720.15,1337.26,NaN,NaN,NaN
1130,6908.93,1234.68,NaN,NaN,NaN
1131,6300.37,1367.55,0,0,0.0000
1132,6507.24,1126.56,0,0,0.0000
1133,6779.02,1261.19,2,3,0.0000
1134,6566.67,1206.19,NaN,NaN,NaN
1135,6983.44,1229.56,2,3,0.0000
1136,6869.07,1111.74,NaN,NaN,NaN
1137,6723.80,1094.25,NaN,NaN,NaN
1138,6788.99,1395.28,NaN,NaN,NaN
1139,6863.30,1610.70,2,4,2.0000
1140,6718.19,1468.94,NaN,NaN,NaN
1141,6907.45,1401.12,0,0,0.0000
1142,6772.86,1170.41,NaN,NaN,NaN
1143,6445.58,1195.90,2,1,0.0000
1144,6309.67,1251.08,NaN,NaN,NaN
1145,7016.45,1337.12,NaN,NaN,NaN
1146,6590.58,1286.37,3,3,0.0000
1147,6582.17,1396.68,NaN,NaN,NaN
1148,6727.95,1411.22,NaN,NaN,NaN
1149,6661.85,1562.48,NaN,NaN,NaN
1150,6608.97,932.64,2,5,2.5000
1151,7023.74,1192.46,0,0,0.0000
1152,6454.54,924.70,3,6,2.0000
1153,6668.52,1402.40,0,0,0.0000
1154,6876.70,1502.35,2,7,3.5000
1155,6771.35,1535.81,NaN,NaN,NaN
1156,6699.14,1035.38,3,5,0.0000
1157,6581.90,1035.92,NaN,NaN,NaN
1158,6900.61,927.76,NaN,NaN,NaN
1159,6802.06,1039.50,0,0,0.0000
1160,6715.08,1525.95,NaN,NaN,NaN
1161,6701.53,992.62,3,6,2.0000
1162,6830.50,1535.51,2,9,4.5000
1163,6691.24,1597.94,3,5,0.0000
1164,6742.66,938.81,2,3,0.0000
1165,6612.32,1576.92,2,1,0.0000
1166,6923.95,1308.05,NaN,NaN,NaN
1167,6632.77,1366.04,NaN,NaN,NaN
1168,6613.58,1517.92,2,1,0.0000
1169,6671.72,1651.33,NaN,NaN,NaN
1170,6988.53,1051.70,NaN,NaN,NaN
1171,7031.43,1613.04,2,5,2.5000
1172,6941.51,1602.15,NaN,NaN,NaN
1173,6820.55,1467.25,0,0,0.0000
1174,7006.27,1655.95,NaN,NaN,NaN
1175,6541.44,1343.97,0,0,0.0000
1176,6498.81,1192.02,NaN,NaN,NaN
1177,6807.75,1629.97,NaN,NaN,NaN
1178,6577.32,1328.17,NaN,NaN,NaN
1179,6861.53,1021.36,NaN,NaN,NaN
1180,6575.84,1622.83,NaN,NaN,NaN
1181,6679.91,1275.89,NaN,NaN,NaN
1182,6972.09,1323.92,0,0,0.0000
1183,6908.38,1014.71,2,6,3.0000
1184,6291.72,1175.88,0,0,0.0000
1185,6868.81,1283.88,0,0,0.0000
1186,6724.74,1650.15,NaN,NaN,NaN
1187,7012.89,1558.72,0,0,0.0000
1188,6377.44,1558.41,0,0,0.0000
1189,6977.59,1558.32,3,3,0.0000
1190,6833.78,1177.68,NaN,NaN,NaN
1191,6646.64,1075.00,0,0,0.0000
1192,6779.23,967.68,NaN,NaN,NaN
1193,6837.00,1391.31,0,0,0.0000
1194,6760.29,1580.85,NaN,NaN,NaN
1195,7117.28,1638.36,NaN,NaN,NaN
1196,7130.78,1348.86,NaN,NaN,NaN
1197,7592.01,1053.80,3,7,2.3333
1198,7648.61,1308.92,3,3,0.0000
1199,7592.74,1194.67,NaN,NaN,NaN
1200,7402.13,1390.56,3,8,2.6667
1201,7736.21,1288.40,0,0,0.0000
1202,7315.53,1423.69,NaN,NaN,NaN
1203,7622.68,976.80,NaN,NaN,NaN
1204,7220.50,1347.70,NaN,NaN,NaN
1205,7307.25,1530.89,NaN,NaN,NaN
1206,7281.00,1056.28,NaN,NaN,NaN
1207,7159.73,1253.70,4,10,2.5000
1208,7415.50,1282.25,NaN,NaN,NaN
1209,7583.48,1402.88,NaN,NaN,NaN
1210,7143.78,1493.13,2,4,2.0000
1211,7705.68,1521.77,0,0,0.0000
1212,7601.05,1538.20,NaN,NaN,NaN
1213,7301.23,1614.89,2,4,2.0000
1214,7713.52,990.31,0,0,0.0000
1215,7095.48,1154.88,0,0,0.0000
1216,7284.53,1285.71,NaN,NaN,NaN
1217,7773.05,1591.12,NaN,NaN,NaN
1218,7545.82,918.98,2,3,0.0000
1219,7523.97,1571.68,NaN,NaN,NaN
1220,7731.18,1071.33,0,0,0.0000
1221,7409.30,1605.05,NaN,NaN,NaN
1222,7221.02,949.64,2,3,0.0000
1223,7719.46,910.73,NaN,NaN,NaN
1224,7356.86,1198.35,NaN,NaN,NaN
1225,7665.27,1196.53,0,0,0.0000
1226,7062.55,1498.58,0,0,0.0000
1227,7470.52,1456.77,2,5,2.5000
1228,7346.37,1121.12,3,3,0.0000
1229,7531.23,1090.14,0,0,0.0000
1230,7170.17,1054.13,NaN,NaN,NaN
1231,7702.23,1417.45,0,0,0.0000
1232,7053.42,1279.83,2,4,2.0000
1233,7303.43,898.22,NaN,NaN,NaN
1234,7444.36,1559.19,NaN,NaN,NaN
1235,7256.84,1136.26,NaN,NaN,NaN
1236,7573.42,1563.07,NaN,NaN,NaN
1237,7491.87,1637.23,NaN,NaN,NaN
1238,7559.41,1644.56,3,6,2.0000
1239,7761.49,1648.97,NaN,NaN,NaN
1240,7715.61,1169.53,NaN,NaN,NaN
1241,7791.60,1115.07,3,5,0.0000
1242,7062.69,1052.50,NaN,NaN,NaN
1243,7440.37,1185.39,0,0,0.0000
1244,7567.20,1300.19,2,2,0.0000
1245,7516.26,1250.42,NaN,NaN,NaN
1246,7770.09,1182.16,3,6,2.0000
1247,7231.28,1255.08,NaN,NaN,NaN
1248,7677.92,1600.03,0,0,0.0000
1249,7183.72,1124.81,NaN,NaN,NaN
1250,7070.96,1227.66,2,3,0.0000
1251,7499.54,1298.39,NaN,NaN,NaN
1252,7465.95,1343.03,NaN,NaN,NaN
1253,7367.05,913.01,2,3,0.0000
1254,7200.22,1625.74,NaN,NaN,NaN
1255,7513.82,1373.83,4,4,0.0000
1256,7101.84,1111.61,0,0,0.0000
1257,7285.43,988.63,0,0,0.0000
1258,7195.36,1474.86,0,0,0.0000
1259,7620.89,917.38,0,0,0.0000
1260,7295.26,1481.07,0,0,0.0000
1261,7263.07,930.70,NaN,NaN,NaN
1262,7453.56,918.89,0,0,0.0000
1263,7802.69,923.59,NaN,NaN,NaN
1264,7643.13,1450.41,NaN,NaN,NaN
1265,7403.14,908.85,0,0,0.0000
1266,7739.99,1447.52,0,0,0.0000
1267,7300.05,1354.67,NaN,NaN,NaN
1268,7191.84,1198.94,0,0,0.0000
1269,7229.10,1434.12,0,0,0.0000
1270,7539.16,1472.77,NaN,NaN,NaN
1271,7767.94,1532.47,0,0,0.0000
1272,7271.75,1229.11,NaN,NaN,NaN
1273,7613.82,1484.65,2,2,0.0000
1274,7666.67,1397.61,0,0,0.0000
1275,7277.32,1200.00,0,0,0.0000
1276,7748.38,1128.63,0,0,0.0000
1277,7219.29,1034.00,0,0,0.0000
1278,7091.41,955.00,3,3,0.0000
1279,7388.79,1471.90,NaN,NaN,NaN
1280,7370.17,1060.58,0,0,0.0000
1281,7485.58,1202.34,0,0,0.0000
1282,7780.19,926.21,0,0,0.0000
1283,7518.36,1419.47,NaN,NaN,NaN
1284,7207.52,1161.91,NaN,NaN,NaN
1285,8095.17,1581.61,NaN,NaN,NaN
1286,8398.74,904.61,NaN,NaN,NaN
1287,8389.36,1201.73,NaN,NaN,NaN
1288,8509.61,1520.48,0,0,0.0000
1289,8214.34,1296.98,NaN,NaN,NaN
1290,8220.96,1154.85,NaN,NaN,NaN
1291,8310.09,1256.50,2,5,2.5000
1292,7815.55,1045.19,NaN,NaN,NaN
1293,8492.06,1399.42,0,0,0.0000
1294,8265.86,1399.83,NaN,NaN,NaN
1295,8525.71,1013.69,NaN,NaN,NaN
1296,8196.68,1007.42,0,0,0.0000
1297,8197.59,1453.75,NaN,NaN,NaN
1298,8102.10,953.18,NaN,NaN,NaN
1299,8276.27,1022.10,NaN,NaN,NaN
1300,8423.54,1388.11,NaN,NaN,NaN
1301,8373.11,1606.99,3,6,2.0000
1302,8473.43,1658.15,0,0,0.0000
1303,8116.44,1038.18,NaN,NaN,NaN
1304,7970.80,1485.59,NaN,NaN,NaN
1305,8283.49,905.99,0,0,0.0000
1306,8430.80,1315.54,2,1,0.0000
1307,8329.45,1562.61,NaN,NaN,NaN
1308,8017.58,1417.62,NaN,NaN,NaN
1309,7988.98,1618.88,2,2,0.0000
1310,8180.36,1536.59,0,0,0.0000
1311,8331.38,1043.93,NaN,NaN,NaN
1312,8157.48,1343.15,NaN,NaN,NaN
1313,8404.47,1066.84,NaN,NaN,NaN
1314,8434.46,1565.85,NaN,NaN,NaN
1315,7879.04,1615.06,0,0,0.0000
1316,8083.45,1259.84,NaN,NaN,NaN
1317,8099.32,1159.11,NaN,NaN,NaN
1318,8527.48,1173.37,NaN,NaN,NaN
1319,8025.26,1037.82,0,0,0.0000
1320,8550.37,1443.43,NaN,NaN,NaN
1321,8465.78,1138.94,2,3,0.0000
1322,8524.02,1113.54,0,0,0.0000
1323,8500.75,1305.83,2,2,0.0000
1324,8004.64,929.63,NaN,NaN,NaN
1325,8116.32,1353.31,NaN,NaN,NaN
1326,8332.10,1418.18,NaN,NaN,NaN
1327,7903.14,1372.84,NaN,NaN,NaN
1328,8110.75,1450.78,0,0,0.0000
1329,7928.82,1515.08,NaN,NaN,NaN
1330,7936.87,1205.45,NaN,NaN,NaN
1331,7949.60,1262.43,0,0,0.0000
1332,7839.29,1516.97,NaN,NaN,NaN
1333,8157.38,1109.24,NaN,NaN,NaN
1334,8535.28,1609.94,NaN,NaN,NaN
1335,8087.24,1394.47,NaN,NaN,NaN
1336,7896.31,1274.54,2,4,2.0000
1337,8462.69,1048.79,2,4,2.0000
1338,8155.93,1442.42,NaN,NaN,NaN
1339,8141.03,1229.78,0,0,0.0000
1340,7983.68,1322.18,3,8,2.6667
1341,8021.45,1301.25,NaN,NaN,NaN
1342,8403.85,1471.05,0,0,0.0000
1343,7892.92,1486.64,NaN,NaN,NaN
1344,8509.20,1253.67,NaN,NaN,NaN
1345,7959.81,939.15,0,0,0.0000
1346,8163.18,1183.71,NaN,NaN,NaN
1347,8281.02,956.16,NaN,NaN,NaN
1348,7845.85,1568.91,NaN,NaN,NaN
1349,8035.05,1205.79,3,2,0.0000
1350,8059.05,1314.65,NaN,NaN,NaN
1351,8297.55,1341.44,NaN,NaN,NaN
1352,8442.26,980.97,NaN,NaN,NaN
1353,8378.69,1409.79,0,0,0.0000
1354,8363.91,1526.01,2,5,2.5000
1355,7948.17,1343.20,NaN,NaN,NaN
1356,8089.55,1003.55,3,3,0.0000
1357,8477.23,969.09,0,0,0.0000
1358,8180.73,1640.05,0,0,0.0000
1359,8346.58,1348.85,NaN,NaN,NaN
1360,8484.68,907.29,0,0,0.0000
1361,8394.80,1116.34,0,0,0.0000
1362,8590.20,966.50,NaN,NaN,NaN
1363,9971.13,1544.65,NaN,NaN,NaN
1364,9974.39,1631.34,2,3,0.0000
1365,9911.74,1607.45,0,0,0.0000
1366,10070.71,1597.85,2,4,2.0000
1367,10057.78,1383.02,NaN,NaN,NaN
1368,9658.28,1394.26,NaN,NaN,NaN
1369,10008.08,1468.93,NaN,NaN,NaN
1370,10065.46,1499.58,NaN,NaN,NaN
1371,9692.37,1411.50,4,4,0.0000
1372,10251.00,1479.94,NaN,NaN,NaN
1373,10282.86,1598.85,0,0,0.0000
1374,10470.86,1576.40,3,3,0.0000
1375,10142.45,1547.39,2,3,0.0000
1376,10334.80,1447.80,0,0,0.0000
1377,10571.41,1437.39,NaN,NaN,NaN
1378,10129.51,1450.47,4,5,0.0000
1379,10554.03,1543.08,2,3,0.0000
1380,10240.94,1379.26,0,0,0.0000
1381,10635.00,1567.22,NaN,NaN,NaN
1382,10368.48,1534.80,0,0,0.0000
1383,10595.58,1509.27,NaN,NaN,NaN
1384,10476.82,1478.07,2,2,0.0000
1385,10434.10,1485.52,0,0,0.0000
1386,10434.25,1320.73,NaN,NaN,NaN
1387,10395.74,1352.08,NaN,NaN,NaN
1388,10423.75,1644.59,0,0,0.0000
1389,10305.44,1303.06,2,1,0.0000
1390,10558.75,1588.16,NaN,NaN,NaN
1391,10179.61,1429.38,NaN,NaN,NaN
1392,10180.23,1663.25,NaN,NaN,NaN
1393,10392.08,1417.20,0,0,0.0000
1394,10245.32,1643.11,0,0,0.0000
1395,10659.06,1642.02,NaN,NaN,NaN
1396,10242.02,1310.18,0,0,0.0000
1397,10437.70,1396.02,NaN,NaN,NaN
1398,10249.51,1280.81,0,0,0.0000
1399,10505.78,1653.09,NaN,NaN,NaN
1400,10112.26,1331.58,0,0,0.0000
1401,10173.26,1608.55,NaN,NaN,NaN
1402,10437.97,1367.41,NaN,NaN,NaN
1403,10314.46,1362.24,NaN,NaN,NaN
1404,10359.35,1316.88,0,0,0.0000
1405,11245.42,918.41,0,0,0.0000
1406,11196.89,1067.03,2,6,3.0000
1407,11326.96,1073.44,0,0,0.0000
1408,11329.98,1648.19,2,4,2.0000
1409,11319.67,1293.02,0,0,0.0000
1410,11188.10,1145.09,NaN,NaN,NaN
1411,11348.71,1009.31,NaN,NaN,NaN
1412,11283.29,1375.00,3,7,2.3333
1413,11335.29,932.89,0,0,0.0000
1414,11274.70,1068.01,NaN,NaN,NaN
1415,11167.58,1008.58,0,0,0.0000
1416,11254.82,1309.65,NaN,NaN,NaN
1417,11530.17,993.65,NaN,NaN,NaN
1418,11173.51,925.24,0,0,0.0000
1419,11320.18,1152.27,0,0,0.0000
1420,11194.43,1628.15,0,0,0.0000
1421,11203.44,1385.90,2,4,2.0000
1422,11231.48,1490.40,2,2,0.0000
1423,11353.65,1219.61,0,0,0.0000
1424,11124.48,1053.74,NaN,NaN,NaN
1425,11122.20,1152.30,2,2,0.0000
1426,11098.57,1492.41,3,8,2.6667
1427,11235.11,1436.69,3,3,0.0000
1428,11107.10,1112.41,NaN,NaN,NaN
1429,11276.38,1444.10,0,0,0.0000
1430,12338.48,1524.57,0,0,0.0000
1431,12263.09,1590.08,0,0,0.0000
1432,13031.38,1538.74,NaN,NaN,NaN
1433,12771.23,1419.70,0,0,0.0000
1434,12688.79,1460.81,NaN,NaN,NaN
1435,12576.43,1466.29,NaN,NaN,NaN
1436,12534.61,1565.65,NaN,NaN,NaN
1437,12656.20,1556.29,NaN,NaN,NaN
1438,12896.39,1495.19,2,3,0.0000
1439,12984.85,1475.40,NaN,NaN,NaN
1440,12753.54,1554.81,NaN,NaN,NaN
1441,12596.86,1523.27,NaN,NaN,NaN
1442,12866.91,1347.92,0,0,0.0000
1443,12883.49,1632.31,NaN,NaN,NaN
1444,12652.83,1609.41,0,0,0.0000
1445,13085.85,1480.35,0,0,0.0000
1446,12952.16,1551.60,2,5,2.5000
1447,13116.02,1557.67,NaN,NaN,NaN
1448,12973.14,1647.96,NaN,NaN,NaN
1449,13200.97,1615.58,NaN,NaN,NaN
1450,13904.34,988.17,NaN,NaN,NaN
1451,13949.27,1061.13,NaN,NaN,NaN
1452,13833.20,915.68,0,0,0.0000
1453,13947.86,994.21,NaN,NaN,NaN
1454,13882.31,1020.62,NaN,NaN,NaN
1455,13929.72,925.74,NaN,NaN,NaN
1456,14672.49,1248.64,0,0,0.0000
1457,14618.88,1404.00,NaN,NaN,NaN
1458,14630.99,914.46,NaN,NaN,NaN
1459,14070.87,975.52,NaN,NaN,NaN
1460,14230.53,1207.57,3,5,0.0000
1461,14028.57,1066.41,0,0,0.0000
1462,14639.16,1033.75,NaN,NaN,NaN
1463,14516.71,1663.91,NaN,NaN,NaN
1464,14374.81,1509.03,NaN,NaN,NaN
1465,14421.23,1264.18,NaN,NaN,NaN
1466,13989.14,927.54,NaN,NaN,NaN
1467,14154.90,1021.49,3,2,0.0000
1468,14326.35,1416.08,NaN,NaN,NaN
1469,14491.97,1342.54,0,0,0.0000
1470,14462.31,1525.04,0,0,0.0000
1471,14485.91,1467.40,2,5,2.5000
1472,14600.35,1572.29,NaN,NaN,NaN
1473,14403.94,1364.02,NaN,NaN,NaN
1474,14330.79,1301.90,2,3,0.0000
1475,14543.28,1155.42,NaN,NaN,NaN
1476,14541.57,1446.71,2,5,2.5000
1477,14075.39,1264.09,NaN,NaN,NaN
1478,14544.97,1064.96,0,0,0.0000
1479,14104.19,1183.64,0,0,0.0000
1480,14248.73,1096.57,NaN,NaN,NaN
1481,14157.78,1246.57,NaN,NaN,NaN
1482,14042.31,1184.73,0,0,0.0000
1483,14234.32,1325.98,0,0,0.0000
1484,14490.69,916.83,NaN,NaN,NaN
1485,14445.57,1031.04,NaN,NaN,NaN
1486,14615.23,1155.83,0,0,0.0000
1487,14669.65,1520.55,NaN,NaN,NaN
1488,14305.38,1129.58,0,0,0.0000
1489,14561.18,1264.60,3,6,2.0000
1490,14669.49,1600.37,0,0,0.0000
1491,14156.84,1179.46,0,0,0.0000
1492,14184.47,1371.59,NaN,NaN,NaN
1493,14481.61,1096.78,0,0,0.0000
1494,14535.84,1213.99,NaN,NaN,NaN
1495,14283.04,1053.51,0,0,0.0000
1496,13987.31,1165.14,0,0,0.0000
1497,14408.04,1194.23,NaN,NaN,NaN
1498,14594.35,1661.51,0,0,0.0000
1499,14010.75,1214.27,0,0,0.0000
1500,14361.98,1149.08,NaN,NaN,NaN
1501,14642.22,1103.12,NaN,NaN,NaN
1502,14173.53,1300.80,0,0,0.0000
1503,14863.77,1510.69,NaN,NaN,NaN
1504,15104.89,1436.62,NaN,NaN,NaN
1505,15352.04,1578.10,NaN,NaN,NaN
1506,15317.10,1464.53,0,0,0.0000
1507,15189.78,1212.95,NaN,NaN,NaN
1508,15382.51,1321.78,NaN,NaN,NaN
1509,15183.13,1525.91,NaN,NaN,NaN
1510,14977.64,1638.24,0,0,0.0000
1511,14747.80,1587.78,0,0,0.0000
1512,14727.27,1393.38,NaN,NaN,NaN
1513,15469.87,1587.01,3,7,2.3333
1514,15322.30,1363.73,NaN,NaN,NaN
1515,15448.03,950.41,NaN,NaN,NaN
1516,15347.67,955.75,0,0,0.0000
1517,15009.53,1029.37,NaN,NaN,NaN
1518,15284.30,1157.01,0,0,0.0000
1519,15407.91,1249.32,4,5,0.0000
1520,14999.75,1120.32,3,5,0.0000
1521,15268.08,968.25,NaN,NaN,NaN
1522,15247.85,1056.68,2,6,3.0000
1523,15144.95,1089.36,2,6,3.0000
1524,15115.68,1263.63,0,0,0.0000
1525,15225.99,1373.13,NaN,NaN,NaN
1526,15156.89,1660.45,2,2,0.0000
1527,14995.60,969.55,NaN,NaN,NaN
1528,15155.57,941.96,NaN,NaN,NaN
1529,15025.42,1542.71,0,0,0.0000
1530,15089.74,1546.69,NaN,NaN,NaN
1531,15039.08,1197.16,2,6,3.0000
1532,15190.40,1415.51,NaN,NaN,NaN
1533,15061.29,1332.89,2,4,2.0000
1534,15400.16,1202.85,NaN,NaN,NaN
1535,15048.91,906.85,NaN,NaN,NaN
1536,15315.37,1231.10,0,0,0.0000
1537,15260.42,1599.69,NaN,NaN,NaN
1538,15443.94,1489.41,0,0,0.0000
1539,15103.03,1162.21,3,5,0.0000
1540,14752.49,1485.85,0,0,0.0000
1541,15457.21,1166.22,NaN,NaN,NaN
1542,15098.22,961.11,NaN,NaN,NaN
1543,15384.41,1646.75,NaN,NaN,NaN
1544,15302.49,1068.00,0,0,0.0000
1545,15000.49,1480.33,0,0,0.0000
1546,14915.01,1571.87,2,3,0.0000
1547,15041.63,1602.23,0,0,0.0000
1548,15475.42,1268.84,0,0,0.0000
1549,14892.46,1602.38,0,0,0.0000
1550,15422.72,1061.90,0,0,0.0000
1551,15065.14,1054.24,NaN,NaN,NaN
1552,15425.97,1023.83,2,6,3.0000
1553,14795.53,1369.96,0,0,0.0000
1554,15463.61,1093.23,0,0,0.0000
1555,15282.31,896.53,NaN,NaN,NaN
1556,15138.67,1014.81,NaN,NaN,NaN
1557,15428.22,1386.44,NaN,NaN,NaN
1558,15387.78,1114.36,NaN,NaN,NaN
1559,15401.15,902.37,0,0,0.0000
1560,14843.70,1605.02,0,0,0.0000
1561,15087.67,1064.94,NaN,NaN,NaN
1562,15073.16,954.22,0,0,0.0000
1563,14925.07,1475.20,0,0,0.0000
1564,15594.14,1276.16,2,4,2.0000
1565,15916.58,1380.76,NaN,NaN,NaN
1566,16128.03,1613.43,NaN,NaN,NaN
1567,15557.90,1459.99,0,0,0.0000
1568,15826.14,1241.84,NaN,NaN,NaN
1569,15732.94,1262.80,NaN,NaN,NaN
1570,15707.63,1160.70,0,0,0.0000
1571,15768.67,1634.62,NaN,NaN,NaN
1572,15984.75,1631.12,2,3,0.0000
1573,15607.78,1111.78,3,5,0.0000
1574,16229.59,1385.90,NaN,NaN,NaN
1575,16099.03,1464.59,3,5,0.0000
1576,15719.52,1364.90,NaN,NaN,NaN
1577,15659.04,901.80,NaN,NaN,NaN
1578,15860.83,1568.28,NaN,NaN,NaN
1579,16040.84,1126.84,NaN,NaN,NaN
1580,15774.98,907.32,0,0,0.0000
1581,15927.20,1593.81,NaN,NaN,NaN
1582,16231.97,1659.95,NaN,NaN,NaN
1583,16113.82,1243.87,0,0,0.0000
1584,15987.20,1499.86,0,0,0.0000
1585,15743.04,1500.21,3,5,0.0000
1586,15610.80,1590.95,NaN,NaN,NaN
1587,16300.71,1468.18,NaN,NaN,NaN
1588,16298.55,1622.46,NaN,NaN,NaN
1589,16215.85,1531.13,NaN,NaN,NaN
1590,15637.07,1406.96,0,0,0.0000
1591,15549.82,932.07,NaN,NaN,NaN
1592,16267.07,1497.60,0,0,0.0000
1593,15743.29,1065.84,2,3,0.0000
1594,15843.60,1489.56,0,0,0.0000
1595,15573.72,915.63,NaN,NaN,NaN
1596,15553.55,1606.77,0,0,0.0000
1597,15878.79,1087.91,NaN,NaN,NaN
1598,15851.74,917.40,NaN,NaN,NaN
1599,16163.58,1381.03,2,1,0.0000
1600,16037.48,1541.76,NaN,NaN,NaN
1601,16071.86,1048.24,NaN,NaN,NaN
1602,15539.97,1071.88,0,0,0.0000
1603,16163.90,1124.84,0,0,0.0000
1604,15580.07,1544.41,0,0,0.0000
1605,15950.80,1201.91,0,0,0.0000
1606,15578.33,1033.22,NaN,NaN,NaN
1607,16045.83,1311.68,NaN,NaN,NaN
1608,15512.68,974.38,NaN,NaN,NaN
1609,16157.12,1195.06,2,2,0.0000
1610,15796.90,1044.20,0,0,0.0000
1611,15902.21,1203.56,NaN,NaN,NaN
1612,16129.76,1140.84,NaN,NaN,NaN
1613,16362.07,1618.92,NaN,NaN,NaN
1614,16208.48,1583.79,4,7,0.0000
1615,15909.93,1489.74,0,0,0.0000
1616,15795.50,1545.26,0,0,0.0000
1617,15759.46,997.30,3,6,2.0000
1618,15924.78,1131.54,0,0,0.0000
1619,16158.21,1307.90,0,0,0.0000
1620,15839.05,1035.71,0,0,0.0000
1621,15659.28,1032.80,0,0,0.0000
1622,16070.43,1395.66,NaN,NaN,NaN
1623,15935.32,1051.03,3,4,0.0000
1624,15971.52,1245.40,0,0,0.0000
1625,16078.05,1536.38,2,7,3.5000
1626,16001.66,1345.81,2,5,2.5000
1627,15521.54,1158.54,0,0,0.0000
1628,15690.49,1522.49,NaN,NaN,NaN
1629,15887.70,1022.77,0,0,0.0000
1630,15864.99,1142.94,NaN,NaN,NaN
1631,16118.46,1052.02,0,0,0.0000
1632,15780.13,1132.51,4,5,0.0000
1633,15772.51,1431.05,2,4,2.0000
1634,16261.55,1573.87,2,2,0.0000
1635,15747.50,1409.50,2,4,2.0000
1636,16233.28,1250.63,0,0,0.0000
1637,16166.14,1504.85,0,0,0.0000
1638,15715.01,1616.06,2,3,0.0000
1639,15866.69,976.36,3,6,2.0000
1640,15831.18,1653.54,NaN,NaN,NaN
1641,558.21,1991.13,NaN,NaN,NaN
1642,685.20,2033.59,NaN,NaN,NaN
1643,788.14,1745.00,0,0,0.0000
1644,848.86,2232.61,3,7,2.3333
1645,662.59,1802.65,NaN,NaN,NaN
1646,406.56,1876.67,3,4,0.0000
1647,446.30,1765.83,0,0,0.0000
1648,685.05,2120.71,NaN,NaN,NaN
1649,884.45,1787.74,NaN,NaN,NaN
1650,454.97,1995.09,NaN,NaN,NaN
1651,591.75,1862.36,2,1,0.0000
1652,355.23,1764.07,NaN,NaN,NaN
1653,813.20,1985.35,2,3,0.0000
1654,555.54,1675.33,3,4,0.0000
1655,693.00,2235.51,0,0,0.0000
1656,617.12,1724.47,2,3,0.0000
1657,868.82,2076.19,3,2,0.0000
1658,486.98,2110.58,NaN,NaN,NaN
1659,847.64,2306.94,NaN,NaN,NaN
1660,699.71,1943.16,2,2,0.0000
1661,505.97,1937.12,2,3,0.0000
1662,398.06,1678.64,NaN,NaN,NaN
1663,631.58,1961.60,NaN,NaN,NaN
1664,821.62,2122.72,2,4,2.0000
1665,757.08,2014.13,NaN,NaN,NaN
1666,687.55,1696.07,3,3,0.0000
1667,792.82,2162.81,NaN,NaN,NaN
1668,437.47,1919.86,NaN,NaN,NaN
1669,484.91,2053.93,NaN,NaN,NaN
1670,372.06,1821.09,NaN,NaN,NaN
1671,843.04,1695.27,0,0,0.0000
1672,392.52,1969.41,0,0,0.0000
1673,46.47,1705.19,NaN,NaN,NaN
1674,335.09,1688.46,3,5,0.0000
1675,391.87,2024.47,0,0,0.0000
1676,506.44,1711.43,NaN,NaN,NaN
1677,328.87,1835.58,0,0,0.0000
1678,573.32,1786.18,0,0,0.0000
1679,856.28,2160.13,NaN,NaN,NaN
1680,432.88,2065.66,NaN,NaN,NaN
1681,683.80,1899.14,NaN,NaN,NaN
1682,714.69,1869.53,2,2,0.0000
1683,732.03,2146.51,3,4,0.0000
1684,1070.74,2316.13,NaN,NaN,NaN
1685,930.46,2186.83,2,1,0.0000
1686,1035.55,1802.47,NaN,NaN,NaN
1687,1074.71,2130.97,2,6,3.0000
1688,1000.02,1700.82,0,0,0.0000
1689,1068.70,2203.99,NaN,NaN,NaN
1690,1171.33,2193.85,NaN,NaN,NaN
1691,1149.23,1868.45,NaN,NaN,NaN
1692,944.34,1746.65,NaN,NaN,NaN
1693,1005.29,2335.32,2,3,0.0000
1694,921.95,2335.45,NaN,NaN,NaN
1695,1157.02,2122.31,2,3,0.0000
1696,924.57,2275.42,3,2,0.0000
1697,1645.66,1701.68,2,3,0.0000
1698,1163.60,2033.74,NaN,NaN,NaN
1699,1095.69,2092.15,NaN,NaN,NaN
1700,920.03,1670.66,NaN,NaN,NaN
1701,1181.04,2274.23,NaN,NaN,NaN
1702,1062.30,2008.66,NaN,NaN,NaN
1703,1150.13,2237.04,3,7,2.3333
1704,1586.69,1686.24,NaN,NaN,NaN
1705,1216.93,2009.51,NaN,NaN,NaN
1706,1201.73,2133.29,NaN,NaN,NaN
1707,940.15,2127.05,2,5,2.5000
1708,1018.81,2060.10,4,4,0.0000
1709,1002.41,2137.31,4,4,0.0000
1710,2356.08,2398.05,NaN,NaN,NaN
1711,2262.31,2281.26,NaN,NaN,NaN
1712,2168.50,2166.62,4,3,0.0000
1713,2422.77,2347.76,2,6,3.0000
1714,2219.83,2361.42,NaN,NaN,NaN
1715,2345.65,2238.73,0,0,0.0000
1716,2166.86,2078.71,0,0,0.0000
1717,2267.49,2014.93,0,0,0.0000
1718,2101.55,2304.71,NaN,NaN,NaN
1719,2132.62,1685.37,NaN,NaN,NaN
1720,2245.02,2141.00,NaN,NaN,NaN
1721,2367.24,2158.56,0,0,0.0000
1722,2294.64,2108.02,0,0,0.0000
1723,2123.41,2210.69,2,6,3.0000
1724,1895.84,1689.38,3,4,0.0000
1725,2061.58,2248.03,NaN,NaN,NaN
1726,2284.27,2418.42,0,0,0.0000
1727,1972.00,1682.93,NaN,NaN,NaN
1728,1885.13,1763.40,3,1,0.0000
1729,2069.95,1738.50,3,4,0.0000
1730,2291.31,2183.02,0,0,0.0000
1731,2149.47,1746.86,0,0,0.0000
1732,2184.95,1680.40,3,3,0.0000
1733,1943.47,1725.67,3,2,0.0000
1734,2072.97,2188.81,2,8,4.0000
1735,2155.50,2264.82,0,0,0.0000
1736,2239.47,2421.39,0,0,0.0000
1737,2415.98,2408.76,NaN,NaN,NaN
1738,2087.72,2125.20,0,0,0.0000
1739,2060.29,2159.00,NaN,NaN,NaN
1740,2624.83,1881.78,4,5,0.0000
1741,2527.79,2415.95,0,0,0.0000
1742,2803.81,1725.36,NaN,NaN,NaN
1743,2874.54,2115.76,NaN,NaN,NaN
1744,2861.81,2052.70,2,2,0.0000
1745,2840.55,1941.83,NaN,NaN,NaN
1746,2790.58,2193.91,NaN,NaN,NaN
1747,2894.51,2216.01,NaN,NaN,NaN
1748,2945.57,2079.95,NaN,NaN,NaN
1749,2877.69,1980.06,2,3,0.0000
1750,2844.25,1849.81,NaN,NaN,NaN
1751,2662.78,1801.24,NaN,NaN,NaN
1752,2563.18,1800.00,NaN,NaN,NaN
1753,3009.83,2383.47,NaN,NaN,NaN
1754,2772.10,1950.85,NaN,NaN,NaN
1755,2761.14,2119.40,0,0,0.0000
1756,2779.96,2056.29,NaN,NaN,NaN
1757,2871.00,2408.74,NaN,NaN,NaN
1758,2765.44,1866.31,NaN,NaN,NaN
1759,2692.73,1927.79,NaN,NaN,NaN
1760,2704.33,1855.46,0,0,0.0000
1761,2554.63,1845.06,2,3,0.0000
1762,2967.36,1873.31,0,0,0.0000
1763,2676.79,1966.07,NaN,NaN,NaN
1764,2810.09,1877.23,NaN,NaN,NaN
1765,2485.67,2322.32,NaN,NaN,NaN
1766,2951.47,2342.97,NaN,NaN,NaN
1767,3000.14,2231.44,NaN,NaN,NaN
1768,2895.38,1874.68,2,2,0.0000
1769,2773.24,1765.02,0,0,0.0000
1770,2723.07,1798.21,0,0,0.0000
1771,3834.28,2042.03,NaN,NaN,NaN
1772,3507.87,1729.44,6,7,0.0000
1773,3732.68,2224.77,0,0,0.0000
1774,3905.77,2142.72,3,5,0.0000
1775,3449.22,1912.74,NaN,NaN,NaN
1776,3722.03,1794.78,NaN,NaN,NaN
1777,3965.38,1983.87,NaN,NaN,NaN
1778,3693.79,2005.45,NaN,NaN,NaN
1779,3800.38,2183.31,2,2,0.0000
1780,3416.10,1664.17,2,3,0.0000
1781,3481.63,1976.41,NaN,NaN,NaN
1782,3673.33,2068.85,NaN,NaN,NaN
1783,3660.59,2145.46,0,0,0.0000
1784,3432.37,1777.92,NaN,NaN,NaN
1785,3365.27,1753.51,NaN,NaN,NaN
1786,3904.63,1887.83,2,6,3.0000
1787,3841.23,1913.14,NaN,NaN,NaN
1788,3718.95,2110.02,0,0,0.0000
1789,3874.19,1740.53,2,4,2.0000
1790,3880.93,1696.42,NaN,NaN,NaN
1791,3669.35,1823.51,NaN,NaN,NaN
1792,3629.25,2102.14,NaN,NaN,NaN
1793,3835.08,2313.74,0,0,0.0000
1794,3768.47,2105.05,2,3,0.0000
1795,3715.17,1883.01,NaN,NaN,NaN
1796,3946.81,2419.88,NaN,NaN,NaN
1797,3918.43,2223.64,0,0,0.0000
1798,3762.74,1919.06,4,2,0.0000
1799,3894.53,2379.22,0,0,0.0000
1800,3875.01,1870.21,2,4,2.0000
1801,3225.89,1821.68,NaN,NaN,NaN
1802,3353.16,1817.23,NaN,NaN,NaN
1803,3295.66,1836.23,NaN,NaN,NaN
1804,3720.49,1946.62,2,2,0.0000
1805,3878.70,2330.43,NaN,NaN,NaN
1806,3771.04,1674.81,NaN,NaN,NaN
1807,3810.93,1951.82,0,0,0.0000
1808,3443.93,1975.15,NaN,NaN,NaN
1809,3820.97,1863.01,NaN,NaN,NaN
1810,3421.22,1719.53,0,0,0.0000
1811,3357.98,1693.33,NaN,NaN,NaN
1812,3291.14,1869.56,0,0,0.0000
1813,3325.88,1670.87,NaN,NaN,NaN
1814,3609.25,1715.65,0,0,0.0000
1815,3517.59,1962.92,NaN,NaN,NaN
1816,3519.87,2007.97,NaN,NaN,NaN
1817,3892.51,2258.67,NaN,NaN,NaN
1818,3314.33,1769.44,NaN,NaN,NaN
1819,3698.62,1689.45,0,0,0.0000
1820,3370.53,1793.03,NaN,NaN,NaN
1821,3922.20,2304.74,0,0,0.0000
1822,3904.07,1789.47,2,5,2.5000
1823,3613.28,1962.06,3,6,2.0000
1824,3970.59,1711.35,NaN,NaN,NaN
1825,4027.49,2090.64,NaN,NaN,NaN
1826,4500.07,2154.30,NaN,NaN,NaN
1827,4479.92,2303.07,NaN,NaN,NaN
1828,3984.70,2161.22,2,1,0.0000
1829,4586.72,2208.50,NaN,NaN,NaN
1830,4135.80,2110.63,3,5,0.0000
1831,4086.81,2020.90,0,0,0.0000
1832,4257.67,2430.80,NaN,NaN,NaN
1833,4115.67,2353.81,NaN,NaN,NaN
1834,4360.71,2263.69,0,0,0.0000
1835,4139.03,2200.46,2,4,2.0000
1836,4029.63,2237.88,NaN,NaN,NaN
1837,4588.30,2302.89,0,0,0.0000
1838,4624.64,2256.94,3,6,2.0000
1839,4197.37,2342.83,0,0,0.0000
1840,4360.59,2155.22,NaN,NaN,NaN
1841,4000.02,2395.25,0,0,0.0000
1842,4075.66,2211.66,NaN,NaN,NaN
1843,4412.68,2201.46,2,2,0.0000
1844,4090.05,1819.59,2,4,2.0000
1845,4128.53,2158.75,NaN,NaN,NaN
1846,4282.29,2173.18,NaN,NaN,NaN
1847,4546.58,2246.53,0,0,0.0000
1848,4703.52,2231.48,0,0,0.0000
1849,3996.08,1675.61,NaN,NaN,NaN
1850,4183.69,2276.95,4,5,0.0000
1851,4164.35,1913.21,NaN,NaN,NaN
1852,4385.90,2315.40,0,0,0.0000
1853,4694.65,2349.45,NaN,NaN,NaN
1854,4021.24,1780.59,0,0,0.0000
1855,4006.21,2335.44,NaN,NaN,NaN
1856,4443.27,2398.26,NaN,NaN,NaN
1857,4367.29,2400.61,NaN,NaN,NaN
1858,4419.37,2244.87,0,0,0.0000
1859,4277.90,2226.06,NaN,NaN,NaN
1860,4107.46,2277.81,3,7,2.3333
1861,4342.32,2320.05,0,0,0.0000
1862,3975.86,2236.85,0,0,0.0000
1863,4410.91,2425.44,NaN,NaN,NaN
1864,4045.11,2381.64,NaN,NaN,NaN
1865,4082.35,2400.93,NaN,NaN,NaN
1866,4246.77,2276.18,2,5,2.5000
1867,4138.34,2424.48,0,0,0.0000
1868,3978.66,2278.60,NaN,NaN,NaN
1869,4629.47,2291.03,NaN,NaN,NaN
1870,4669.43,2210.24,0,0,0.0000
1871,4029.72,1886.90,2,4,2.0000
1872,4177.15,2400.55,NaN,NaN,NaN
1873,4640.69,2190.84,0,0,0.0000
1874,4820.56,2371.27,NaN,NaN,NaN
1875,5440.62,1766.76,NaN,NaN,NaN
1876,5197.95,1718.52,2,2,0.0000
1877,5024.69,1695.45,2,5,2.5000
1878,5111.63,1742.72,2,4,2.0000
1879,5356.97,1756.87,3,7,2.3333
1880,4938.33,2370.46,NaN,NaN,NaN
1881,5156.37,1861.16,NaN,NaN,NaN
1882,5449.43,2008.92,NaN,NaN,NaN
1883,5501.20,1944.33,NaN,NaN,NaN
1884,5426.19,1867.35,NaN,NaN,NaN
1885,5332.12,1845.62,NaN,NaN,NaN
1886,5208.00,1830.78,NaN,NaN,NaN
1887,5106.90,1860.33,NaN,NaN,NaN
1888,5064.34,1851.20,NaN,NaN,NaN
1889,5400.66,1668.16,3,6,2.0000
1890,5083.29,1782.42,NaN,NaN,NaN
1891,5034.37,1787.57,NaN,NaN,NaN
1892,5459.92,1907.72,0,0,0.0000
1893,5161.29,1805.39,0,0,0.0000
1894,5341.54,2417.60,0,0,0.0000
1895,5909.54,2171.09,NaN,NaN,NaN
1896,5822.27,2282.85,0,0,0.0000
1897,5578.20,2256.29,2,6,3.0000
1898,5843.38,1811.89,2,5,2.5000
1899,5655.90,2035.05,NaN,NaN,NaN
1900,5875.92,1885.98,NaN,NaN,NaN
1901,5998.35,2296.01,NaN,NaN,NaN
1902,6033.85,1932.78,NaN,NaN,NaN
1903,6127.94,1977.45,3,6,2.0000
1904,6171.97,2362.64,NaN,NaN,NaN
1905,6150.76,2204.07,3,5,0.0000
1906,6086.90,1714.84,NaN,NaN,NaN
1907,5585.79,1847.92,NaN,NaN,NaN
1908,6201.45,2152.29,2,3,0.0000
1909,5629.62,2383.31,NaN,NaN,NaN
1910,5759.30,2161.16,2,2,0.0000
1911,5781.45,1897.35,NaN,NaN,NaN
1912,6007.51,1998.22,NaN,NaN,NaN
1913,5785.87,2036.10,NaN,NaN,NaN
1914,6011.18,1825.71,3,4,0.0000
1915,5867.73,1727.35,NaN,NaN,NaN
1916,6116.53,2090.26,0,0,0.0000
1917,5524.01,2096.71,2,2,0.0000
1918,5722.32,1875.45,0,0,0.0000
1919,5656.87,2099.70,NaN,NaN,NaN
1920,5755.72,1666.60,NaN,NaN,NaN
1921,6024.31,2431.00,2,3,0.0000
1922,6083.65,1783.02,2,8,4.0000
1923,5666.80,2190.83,NaN,NaN,NaN
1924,6045.95,2068.14,4,9,2.2500
1925,5695.36,2427.08,NaN,NaN,NaN
1926,5756.47,2392.30,NaN,NaN,NaN
1927,5707.40,1965.93,NaN,NaN,NaN
1928,6163.11,1765.74,3,6,2.0000
1929,6069.35,2147.31,NaN,NaN,NaN
1930,6089.88,2424.49,NaN,NaN,NaN
1931,6088.45,1887.56,0,0,0.0000
1932,6206.35,1924.72,3,4,0.0000
1933,6254.43,1865.09,NaN,NaN,NaN
1934,6216.95,1980.89,NaN,NaN,NaN
1935,5715.34,2266.85,NaN,NaN,NaN
1936,5702.28,2179.23,NaN,NaN,NaN
1937,5654.24,2288.18,NaN,NaN,NaN
1938,6271.19,2144.24,NaN,NaN,NaN
1939,5547.99,1987.51,NaN,NaN,NaN
1940,5945.37,1929.67,0,0,0.0000
1941,5635.10,1922.54,NaN,NaN,NaN
1942,5605.02,2172.78,2,3,0.0000
1943,5985.51,2170.26,0,0,0.0000
1944,6242.06,1717.64,2,3,0.0000
1945,5521.76,1781.79,0,0,0.0000
1946,5551.34,2163.95,NaN,NaN,NaN
1947,5921.58,2385.94,0,0,0.0000
1948,6166.57,1683.75,0,0,0.0000
1949,5968.56,1752.06,NaN,NaN,NaN
1950,5886.73,2408.67,0,0,0.0000
1951,6095.41,2328.26,NaN,NaN,NaN
1952,6171.98,1864.35,2,4,2.0000
1953,6139.65,1872.65,NaN,NaN,NaN
1954,5673.21,1922.48,NaN,NaN,NaN
1955,5816.88,2103.15,NaN,NaN,NaN
1956,5905.53,1995.12,0,0,0.0000
1957,6107.49,2375.19,2,6,3.0000
1958,5765.03,1781.27,0,0,0.0000
1959,5837.10,2019.21,NaN,NaN,NaN
1960,5685.29,2354.78,NaN,NaN,NaN
1961,5746.52,2326.92,0,0,0.0000
1962,5826.42,2147.97,0,0,0.0000
1963,6008.32,2221.72,0,0,0.0000
1964,5828.64,1952.52,0,0,0.0000
1965,6113.51,2271.46,NaN,NaN,NaN
1966,5989.51,2115.35,NaN,NaN,NaN
1967,6202.73,1849.43,0,0,0.0000
1968,5815.03,1729.93,NaN,NaN,NaN
1969,5955.16,1858.32,0,0,0.0000
1970,5945.61,2366.22,0,0,0.0000
1971,5941.10,2070.56,0,0,0.0000
1972,6793.25,1873.16,2,6,3.0000
1973,6905.32,1932.97,3,6,2.0000
1974,6924.69,1744.57,2,6,3.0000
1975,6957.45,1971.56,2,3,0.0000
1976,6674.31,2017.84,0,0,0.0000
1977,6281.43,2010.60,NaN,NaN,NaN
1978,6738.58,2066.78,2,4,2.0000
1979,6860.93,2295.43,NaN,NaN,NaN
1980,6954.87,2393.60,NaN,NaN,NaN
1981,6900.81,2326.72,0,0,0.0000
1982,6850.14,2139.61,NaN,NaN,NaN
1983,6539.67,2252.24,0,0,0.0000
1984,6315.43,2213.28,0,0,0.0000
1985,7004.07,2218.24,0,0,0.0000
1986,6990.74,1809.40,NaN,NaN,NaN
1987,6864.23,2034.86,NaN,NaN,NaN
1988,6898.24,2182.89,3,5,0.0000
1989,6783.36,1682.76,NaN,NaN,NaN
1990,7038.78,1736.63,NaN,NaN,NaN
1991,7013.58,1858.10,0,0,0.0000
1992,6626.34,2225.65,0,0,0.0000
1993,7023.16,2420.50,0,0,0.0000
1994,6976.99,2050.39,0,0,0.0000
1995,6790.52,2118.50,NaN,NaN,NaN
1996,6745.82,1984.04,0,0,0.0000
1997,7012.57,1949.90,NaN,NaN,NaN
1998,6291.40,2421.07,0,0,0.0000
1999,6715.74,1886.93,NaN,NaN,NaN
2000,6799.43,2225.54,0,0,0.0000
2001,6945.37,1673.53,NaN,NaN,NaN
2002,6643.97,2300.27,0,0,0.0000
2003,6857.39,1737.66,0,0,0.0000
2004,6761.36,2286.34,2,5,2.5000
2005,6807.71,2061.06,0,0,0.0000
2006,6869.27,2429.94,0,0,0.0000
2007,7002.32,2128.31,0,0,0.0000
2008,7002.80,2014.89,0,0,0.0000
2009,6724.76,1931.25,0,0,0.0000
2010,6801.93,1958.90,NaN,NaN,NaN
2011,6726.14,1691.22,NaN,NaN,NaN
2012,7031.69,2017.05,NaN,NaN,NaN
2013,6781.09,2189.73,NaN,NaN,NaN
2014,7416.92,1821.23,2,5,2.5000
2015,7609.45,1925.81,NaN,NaN,NaN
2016,7136.28,2052.91,NaN,NaN,NaN
2017,7188.12,2267.69,3,8,2.6667
2018,7315.10,2222.55,2,1,0.0000
2019,7377.81,1674.26,NaN,NaN,NaN
2020,7434.53,2380.20,6,8,0.0000
2021,7148.73,1939.66,NaN,NaN,NaN
2022,7744.61,1812.41,2,4,2.0000
2023,7229.27,1701.94,NaN,NaN,NaN
2024,7293.71,2374.02,NaN,NaN,NaN
2025,7549.63,2210.18,NaN,NaN,NaN
2026,7655.41,2220.12,4,18,4.5000
2027,7195.91,2143.71,0,0,0.0000
2028,7320.80,1905.37,2,4,2.0000
2029,7614.31,1735.29,NaN,NaN,NaN
2030,7243.22,2424.27,0,0,0.0000
2031,7043.25,2262.88,NaN,NaN,NaN
2032,7775.55,1708.89,2,4,2.0000
2033,7100.02,1796.36,3,7,2.3333
2034,7505.88,2045.18,0,0,0.0000
2035,7674.67,2399.59,2,7,3.5000
2036,7369.68,2000.92,NaN,NaN,NaN
2037,7097.14,2282.11,NaN,NaN,NaN
2038,7433.30,2228.87,NaN,NaN,NaN
2039,7514.27,1717.16,0,0,0.0000
2040,7621.58,2148.85,0,0,0.0000
2041,7079.97,2360.91,NaN,NaN,NaN
2042,7792.07,2296.64,NaN,NaN,NaN
2043,7463.29,2170.91,2,4,2.0000
2044,7235.22,1776.65,NaN,NaN,NaN
2045,7714.50,1719.17,NaN,NaN,NaN
2046,7668.49,2101.63,0,0,0.0000
2047,7749.01,2251.04,0,0,0.0000
2048,7745.31,2194.18,0,0,0.0000
2049,7398.42,2196.48,NaN,NaN,NaN
2050,7221.22,1956.29,0,0,0.0000
2051,7637.28,2054.38,0,0,0.0000
2052,7262.41,1935.54,0,0,0.0000
2053,7781.32,1938.31,NaN,NaN,NaN
2054,7772.73,2136.79,NaN,NaN,NaN
2055,7077.37,1959.31,NaN,NaN,NaN
2056,7670.57,2019.78,0,0,0.0000
2057,7525.02,2305.17,3,6,2.0000
2058,7299.01,1706.60,0,0,0.0000
2059,7228.36,2099.94,2,5,2.5000
2060,7695.70,2277.63,NaN,NaN,NaN
2061,7627.59,2290.60,NaN,NaN,NaN
2062,7529.82,2381.20,0,0,0.0000
2063,7780.17,2075.82,2,2,0.0000
2064,7255.51,1852.40,NaN,NaN,NaN
2065,7532.88,1761.54,0,0,0.0000
2066,7317.96,1763.51,NaN,NaN,NaN
2067,7744.70,1953.11,0,0,0.0000
2068,7092.90,2414.00,0,0,0.0000
2069,7196.25,1844.52,NaN,NaN,NaN
2070,7419.68,2114.47,0,0,0.0000
2071,7436.60,2012.81,0,0,0.0000
2072,7604.92,2365.70,NaN,NaN,NaN
2073,7067.75,1876.92,5,9,0.0000
2074,7676.70,1670.75,0,0,0.0000
2075,7676.43,1725.35,NaN,NaN,NaN
2076,7480.40,1983.23,0,0,0.0000
2077,7394.69,1918.94,NaN,NaN,NaN
2078,7749.34,2373.63,NaN,NaN,NaN
2079,7513.12,1938.57,NaN,NaN,NaN
2080,7428.09,1932.11,2,4,2.0000
2081,7474.56,2106.20,NaN,NaN,NaN
2082,7437.60,1970.03,0,0,0.0000
2083,7586.23,2031.01,2,5,2.5000
2084,7695.80,2332.46,0,0,0.0000
2085,7746.42,2122.75,0,0,0.0000
2086,7615.91,2410.20,NaN,NaN,NaN
2087,7363.40,2301.77,NaN,NaN,NaN
2088,7331.15,2062.58,0,0,0.0000
2089,7725.36,2354.16,NaN,NaN,NaN
2090,7279.70,1982.21,0,0,0.0000
2091,7387.01,2038.18,NaN,NaN,NaN
2092,8012.93,2254.99,NaN,NaN,NaN
2093,8494.40,1774.02,NaN,NaN,NaN
2094,7843.85,1682.03,2,3,0.0000
2095,7965.16,2093.26,NaN,NaN,NaN
2096,7815.98,2139.67,NaN,NaN,NaN
2097,8452.95,1904.34,NaN,NaN,NaN
2098,7947.39,1834.53,3,6,2.0000
2099,7833.44,1881.29,0,0,0.0000
2100,7937.93,2331.51,3,5,0.0000
2101,7890.14,2351.74,NaN,NaN,NaN
2102,7874.65,2183.22,NaN,NaN,NaN
2103,8140.61,1705.33,0,0,0.0000
2104,7830.10,2339.37,NaN,NaN,NaN
2105,8499.38,1859.01,NaN,NaN,NaN
2106,7879.55,1942.71,2,3,0.0000
2107,7905.91,1722.14,2,4,2.0000
2108,8027.30,1768.86,NaN,NaN,NaN
2109,8047.25,1890.34,NaN,NaN,NaN
2110,8083.77,2114.54,0,0,0.0000
2111,8006.42,1967.59,2,2,0.0000
2112,8033.42,1830.23,3,4,0.0000
2113,8342.00,1721.61,0,0,0.0000
2114,8062.33,1967.23,NaN,NaN,NaN
2115,8382.21,1705.88,NaN,NaN,NaN
2116,8034.78,2083.03,NaN,NaN,NaN
2117,8089.40,1929.71,0,0,0.0000
2118,7887.10,2225.19,0,0,0.0000
2119,7929.64,2022.43,2,4,2.0000
2120,7962.35,1783.22,NaN,NaN,NaN
2121,7940.59,1679.39,NaN,NaN,NaN
2122,7906.73,1891.52,0,0,0.0000
2123,8080.07,1809.09,0,0,0.0000
2124,8394.07,1878.11,NaN,NaN,NaN
2125,7821.25,2233.38,0,0,0.0000
2126,8423.36,1685.84,NaN,NaN,NaN
2127,8591.86,1748.52,NaN,NaN,NaN
2128,9932.64,2094.20,0,0,0.0000
2129,9968.74,1901.49,0,0,0.0000
2130,10081.91,1960.63,NaN,NaN,NaN
2131,9994.86,1777.10,3,7,2.3333
2132,9823.91,1847.90,NaN,NaN,NaN
2133,10046.61,1819.48,NaN,NaN,NaN
2134,10084.83,2067.84,NaN,NaN,NaN
2135,10032.34,1673.60,NaN,NaN,NaN
2136,9844.89,1944.14,NaN,NaN,NaN
2137,10071.95,2013.01,NaN,NaN,NaN
2138,9967.20,1739.93,NaN,NaN,NaN
2139,9897.74,1880.06,NaN,NaN,NaN
2140,10086.70,1870.38,3,3,0.0000
2141,10096.24,1674.86,NaN,NaN,NaN
2142,10006.08,2032.52,NaN,NaN,NaN
2143,10110.68,2343.52,2,5,2.5000
2144,10098.30,2233.01,NaN,NaN,NaN
2145,10019.09,2110.74,3,4,0.0000
2146,9912.83,1699.25,0,0,0.0000
2147,9785.90,1984.15,0,0,0.0000
2148,10034.91,2287.53,NaN,NaN,NaN
2149,9848.60,2112.97,NaN,NaN,NaN
2150,9886.26,2037.21,0,0,0.0000
2151,9763.37,1867.09,NaN,NaN,NaN
2152,9864.40,2073.23,NaN,NaN,NaN
2153,9918.04,2000.31,0,0,0.0000
2154,10063.69,2232.33,NaN,NaN,NaN
2155,9846.93,2029.29,0,0,0.0000
2156,10363.47,2143.12,NaN,NaN,NaN
2157,10506.87,2342.99,NaN,NaN,NaN
2158,10477.19,2259.11,NaN,NaN,NaN
2159,10465.99,1821.91,0,0,0.0000
2160,10543.74,2100.39,3,2,0.0000
2161,10577.96,1805.63,NaN,NaN,NaN
2162,10384.90,1862.49,NaN,NaN,NaN
2163,10283.71,1814.30,0,0,0.0000
2164,10296.11,2373.76,2,4,2.0000
2165,10121.64,2130.11,NaN,NaN,NaN
2166,10670.19,1809.33,NaN,NaN,NaN
2167,10154.99,2287.64,3,4,0.0000
2168,10162.39,1880.83,NaN,NaN,NaN
2169,10254.14,2011.12,NaN,NaN,NaN
2170,10741.53,2106.08,NaN,NaN,NaN
2171,10307.85,1924.38,NaN,NaN,NaN
2172,10631.69,2429.56,NaN,NaN,NaN
2173,10510.73,2022.23,NaN,NaN,NaN
2174,10451.28,2041.32,2,3,0.0000
2175,10645.66,1972.33,2,3,0.0000
2176,10447.09,2120.85,0,0,0.0000
2177,10767.15,2196.07,NaN,NaN,NaN
2178,10749.32,2397.68,3,4,0.0000
2179,10710.21,2026.07,0,0,0.0000
2180,10544.83,2252.34,NaN,NaN,NaN
2181,10308.25,1727.79,NaN,NaN,NaN
2182,10165.59,1764.34,NaN,NaN,NaN
2183,10117.80,2420.95,NaN,NaN,NaN
2184,10316.84,2203.68,0,0,0.0000
2185,10702.64,2328.64,NaN,NaN,NaN
2186,10118.51,1718.61,NaN,NaN,NaN
2187,10188.95,2086.62,NaN,NaN,NaN
2188,10779.21,1994.22,NaN,NaN,NaN
2189,10166.35,2367.17,NaN,NaN,NaN
2190,10583.41,1681.08,0,0,0.0000
2191,10530.22,1845.38,2,6,3.0000
2192,10379.11,1715.86,0,0,0.0000
2193,10457.33,1707.19,0,0,0.0000
2194,10652.31,2310.38,0,0,0.0000
2195,10543.24,1957.93,0,0,0.0000
2196,10637.58,1736.42,0,0,0.0000
2197,10216.79,2278.78,0,0,0.0000
2198,10381.10,2321.02,0,0,0.0000
2199,10274.20,2267.74,0,0,0.0000
2200,10317.88,1877.23,NaN,NaN,NaN
2201,10264.10,2141.86,0,0,0.0000
2202,10736.66,1940.67,NaN,NaN,NaN
2203,10671.85,2132.65,NaN,NaN,NaN
2204,10783.61,2302.79,0,0,0.0000
2205,10237.56,1739.09,NaN,NaN,NaN
2206,10411.64,1764.39,0,0,0.0000
2207,10685.35,2200.53,NaN,NaN,NaN
2208,10159.04,2037.64,0,0,0.0000
2209,10358.81,2040.05,0,0,0.0000
2210,10595.93,2055.80,0,0,0.0000
2211,10712.13,2256.46,5,6,0.0000
2212,10180.08,1949.57,NaN,NaN,NaN
2213,10757.18,2333.29,0,0,0.0000
2214,10660.90,1868.09,0,0,0.0000
2215,10308.45,2087.25,2,6,3.0000
2216,10448.60,1972.18,0,0,0.0000
2217,10510.94,1712.52,NaN,NaN,NaN
2218,10689.37,2407.33,0,0,0.0000
2219,10258.84,2080.29,NaN,NaN,NaN
2220,10580.31,2307.57,3,4,0.0000
2221,11599.67,2373.69,NaN,NaN,NaN
2222,11645.01,2350.54,0,0,0.0000
2223,12039.00,2288.04,NaN,NaN,NaN
2224,12044.31,2186.90,NaN,NaN,NaN
2225,11927.72,2323.25,0,0,0.0000
2226,12290.41,2412.35,0,0,0.0000
2227,11787.39,2050.71,NaN,NaN,NaN
2228,11891.65,2216.80,NaN,NaN,NaN
2229,12407.49,2352.27,0,0,0.0000
2230,11878.76,2419.09,0,0,0.0000
2231,11781.73,2189.41,NaN,NaN,NaN
2232,12152.82,2274.94,0,0,0.0000
2233,11895.10,2141.97,NaN,NaN,NaN
2234,12143.77,2430.19,0,0,0.0000
2235,11813.77,2358.78,0,0,0.0000
2236,12173.47,2359.00,0,0,0.0000
2237,12241.25,2195.56,2,4,2.0000
2238,11958.27,2160.67,0,0,0.0000
2239,12342.05,2319.01,0,0,0.0000
2240,12153.39,2101.29,NaN,NaN,NaN
2241,12366.15,2406.58,NaN,NaN,NaN
2242,11839.02,2273.37,NaN,NaN,NaN
2243,11708.35,2395.59,0,0,0.0000
2244,11657.01,2395.29,NaN,NaN,NaN
2245,11886.08,2062.31,NaN,NaN,NaN
2246,11838.77,2160.46,NaN,NaN,NaN
2247,12056.25,2379.07,0,0,0.0000
2248,11701.52,2329.25,0,0,0.0000
2249,11663.00,2307.16,0,0,0.0000
2250,12195.05,2166.49,2,8,4.0000
2251,11774.57,2269.80,0,0,0.0000
2252,11742.44,2356.96,0,0,0.0000
2253,11713.72,2257.86,0,0,0.0000
2254,11754.45,2001.31,0,0,0.0000
2255,12295.70,2197.49,0,0,0.0000
2256,11758.98,2101.25,0,0,0.0000
2257,12212.81,2079.84,0,0,0.0000
2258,11851.84,1936.31,0,0,0.0000
2259,12095.50,2342.79,0,0,0.0000
2260,11929.38,2073.58,0,0,0.0000
2261,12230.90,2418.15,0,0,0.0000
2262,12864.18,2183.07,4,8,2.0000
2263,13001.16,2415.76,NaN,NaN,NaN
2264,12851.53,1856.79,NaN,NaN,NaN
2265,12936.30,2216.82,0,0,0.0000
2266,13087.82,1817.10,2,6,3.0000
2267,13008.84,1821.60,NaN,NaN,NaN
2268,12757.98,1996.81,NaN,NaN,NaN
2269,12808.20,1676.86,NaN,NaN,NaN
2270,13057.88,2321.95,NaN,NaN,NaN
2271,13015.19,2083.56,0,0,0.0000
2272,13063.52,1676.31,NaN,NaN,NaN
2273,13075.72,2213.66,NaN,NaN,NaN
2274,12781.83,1922.83,NaN,NaN,NaN
2275,13155.31,2066.26,3,6,2.0000
2276,12486.21,2431.40,NaN,NaN,NaN
2277,12898.74,2030.86,NaN,NaN,NaN
2278,12778.98,2122.14,NaN,NaN,NaN
2279,13181.90,2374.84,NaN,NaN,NaN
2280,12828.72,2033.74,3,3,0.0000
2281,13038.78,1947.10,NaN,NaN,NaN
2282,13135.64,1998.67,2,5,2.5000
2283,12943.84,1735.19,NaN,NaN,NaN
2284,13077.88,2396.50,NaN,NaN,NaN
2285,12502.72,2374.56,NaN,NaN,NaN
2286,12945.93,1875.97,NaN,NaN,NaN
2287,12742.50,1703.06,NaN,NaN,NaN
2288,13131.38,1743.32,0,0,0.0000
2289,13158.03,2154.09,NaN,NaN,NaN
2290,12959.33,2073.47,NaN,NaN,NaN
2291,12902.38,1790.29,NaN,NaN,NaN
2292,12886.39,2364.03,0,0,0.0000
2293,12826.11,1766.11,NaN,NaN,NaN
2294,12872.41,2309.99,NaN,NaN,NaN
2295,12867.33,1947.03,NaN,NaN,NaN
2296,13113.98,1911.08,NaN,NaN,NaN
2297,13097.13,2150.60,2,4,2.0000
2298,13147.44,2279.10,NaN,NaN,NaN
2299,12887.58,1706.98,NaN,NaN,NaN
2300,12770.67,2187.02,NaN,NaN,NaN
2301,13027.60,1720.08,0,0,0.0000
2302,13065.99,1904.63,NaN,NaN,NaN
2303,13060.95,2131.06,NaN,NaN,NaN
2304,12989.41,1936.77,0,0,0.0000
2305,13012.87,2160.78,NaN,NaN,NaN
2306,12971.65,1959.78,0,0,0.0000
2307,13497.17,2076.83,NaN,NaN,NaN
2308,13369.49,2330.48,NaN,NaN,NaN
2309,13228.08,2097.61,0,0,0.0000
2310,13446.73,2299.98,NaN,NaN,NaN
2311,13185.19,2214.76,0,0,0.0000
2312,13234.73,2338.88,0,0,0.0000
2313,13362.02,2239.86,NaN,NaN,NaN
2314,13197.68,1724.88,NaN,NaN,NaN
2315,13484.66,2137.74,NaN,NaN,NaN
2316,13423.27,2209.86,6,11,0.0000
2317,13367.33,2420.31,0,0,0.0000
2318,13416.14,2408.58,0,0,0.0000
2319,13340.40,2194.88,0,0,0.0000
2320,13269.26,2291.35,NaN,NaN,NaN
2321,13488.95,2266.43,NaN,NaN,NaN
2322,13244.14,1777.11,0,0,0.0000
2323,13305.33,2035.87,NaN,NaN,NaN
2324,13452.64,1941.65,NaN,NaN,NaN
2325,13482.51,1971.57,NaN,NaN,NaN
2326,13947.07,2354.54,0,0,0.0000
2327,13478.67,2399.61,0,0,0.0000
2328,14630.35,1741.98,NaN,NaN,NaN
2329,14670.17,1889.80,NaN,NaN,NaN
2330,14566.09,1750.41,3,5,0.0000
2331,13972.11,2430.66,0,0,0.0000
2332,13995.92,2344.06,0,0,0.0000
2333,14310.27,2401.95,0,0,0.0000
2334,13969.86,2218.30,0,0,0.0000
2335,14001.88,2271.66,NaN,NaN,NaN
2336,14667.90,1672.31,0,0,0.0000
2337,14049.05,2388.40,0,0,0.0000
2338,14017.27,2225.43,0,0,0.0000
2339,14230.90,2397.79,0,0,0.0000
2340,14446.66,2166.55,NaN,NaN,NaN
2341,15481.26,1911.63,NaN,NaN,NaN
2342,15129.81,2380.81,NaN,NaN,NaN
2343,14857.67,1940.99,NaN,NaN,NaN
2344,15258.81,1984.43,NaN,NaN,NaN
2345,15464.35,2232.27,NaN,NaN,NaN
2346,14966.55,1773.76,0,0,0.0000
2347,15106.38,1886.21,NaN,NaN,NaN
2348,14766.12,1864.89,2,5,2.5000
2349,15222.63,1809.64,NaN,NaN,NaN
2350,14882.07,1714.25,NaN,NaN,NaN
2351,15241.19,2321.73,0,0,0.0000
2352,15368.48,2338.06,NaN,NaN,NaN
2353,15224.67,2387.42,NaN,NaN,NaN
2354,15311.89,2223.12,0,0,0.0000
2355,14976.56,2026.59,NaN,NaN,NaN
2356,15204.15,2043.71,NaN,NaN,NaN
2357,14989.83,2430.89,NaN,NaN,NaN
2358,14899.14,2209.12,0,0,0.0000
2359,14892.70,2047.23,NaN,NaN,NaN
2360,14881.03,2392.74,2,4,2.0000
2361,15004.13,2189.12,NaN,NaN,NaN
2362,15272.86,1686.52,2,3,0.0000
2363,15215.82,2200.36,0,0,0.0000
2364,15012.22,2325.92,NaN,NaN,NaN
2365,14945.19,2403.91,NaN,NaN,NaN
2366,14730.73,1757.54,NaN,NaN,NaN
2367,15043.48,2012.03,0,0,0.0000
2368,15050.59,1797.43,NaN,NaN,NaN
2369,15059.99,1696.23,2,4,2.0000
2370,14959.12,2114.12,0,0,0.0000
2371,15306.36,1907.12,NaN,NaN,NaN
2372,14821.37,1691.90,0,0,0.0000
2373,15319.62,1801.66,0,0,0.0000
2374,15469.73,2322.50,NaN,NaN,NaN
2375,15148.00,1970.02,0,0,0.0000
2376,15371.92,1996.98,0,0,0.0000
2377,15242.40,2154.57,NaN,NaN,NaN
2378,15305.01,1753.04,NaN,NaN,NaN
2379,15484.87,2116.29,NaN,NaN,NaN
2380,15072.32,2117.80,NaN,NaN,NaN
2381,14781.96,2391.03,NaN,NaN,NaN
2382,15148.51,2232.34,0,0,0.0000
2383,15326.63,2099.02,2,5,2.5000
2384,14794.32,2354.67,NaN,NaN,NaN
2385,14928.10,2290.16,NaN,NaN,NaN
2386,15115.23,2157.94,0,0,0.0000
2387,14888.90,2142.11,3,5,0.0000
2388,15057.93,2247.24,0,0,0.0000
2389,15291.96,2424.23,0,0,0.0000
2390,15084.44,2279.41,NaN,NaN,NaN
2391,15324.35,2008.95,0,0,0.0000
2392,15200.91,1703.55,2,2,0.0000
2393,15335.63,1723.78,2,4,2.0000
2394,15397.41,2119.45,0,0,0.0000
2395,14960.37,2213.66,0,0,0.0000
2396,15175.46,2112.18,0,0,0.0000
2397,15430.48,2022.22,0,0,0.0000
2398,15427.91,2029.88,0,0,0.0000
2399,15414.35,2051.64,0,0,0.0000
2400,16246.46,2423.28,0,0,0.0000
2401,15930.54,1933.11,NaN,NaN,NaN
2402,15600.35,2351.87,0,0,0.0000
2403,16057.16,1732.70,0,0,0.0000
2404,15900.35,2052.65,NaN,NaN,NaN
2405,15630.67,2086.32,2,6,3.0000
2406,15963.58,1843.56,NaN,NaN,NaN
2407,16178.95,1745.83,0,0,0.0000
2408,16239.27,2221.08,NaN,NaN,NaN
2409,15698.01,1719.78,NaN,NaN,NaN
2410,16063.93,2366.67,2,5,2.5000
2411,16137.54,2255.97,2,4,2.0000
2412,16034.16,2253.07,NaN,NaN,NaN
2413,16285.47,1778.26,0,0,0.0000
2414,15947.59,2417.34,NaN,NaN,NaN
2415,15616.00,1795.99,0,0,0.0000
2416,16216.90,1873.81,NaN,NaN,NaN
2417,15584.06,2239.55,NaN,NaN,NaN
2418,16124.28,1841.29,0,0,0.0000
2419,15798.28,2170.88,0,0,0.0000
2420,15766.74,2044.58,0,0,0.0000
2421,16208.27,1991.45,NaN,NaN,NaN
2422,16100.00,1895.12,0,0,0.0000
2423,15776.78,1818.92,2,3,0.0000
2424,15920.36,2212.59,NaN,NaN,NaN
2425,15929.86,2283.64,NaN,NaN,NaN
2426,15588.58,1985.53,NaN,NaN,NaN
2427,15854.39,2323.73,NaN,NaN,NaN
2428,16004.79,2021.54,2,4,2.0000
2429,15835.46,1897.92,0,0,0.0000
2430,15724.84,2309.93,NaN,NaN,NaN
2431,15720.50,2221.50,NaN,NaN,NaN
2432,15836.40,2249.02,NaN,NaN,NaN
2433,15934.23,1769.12,0,0,0.0000
2434,16084.09,2126.73,NaN,NaN,NaN
2435,15895.53,2379.89,0,0,0.0000
2436,16166.71,2372.42,0,0,0.0000
2437,16136.98,2023.07,0,0,0.0000
2438,15941.90,2147.50,3,4,0.0000
2439,15645.65,2000.56,0,0,0.0000
2440,15719.91,1832.56,0,0,0.0000
2441,15986.68,2308.84,0,0,0.0000
2442,15611.15,1913.35,NaN,NaN,NaN
2443,15723.44,2401.21,0,0,0.0000
2444,15859.82,2143.77,0,0,0.0000
2445,15993.11,1682.94,0,0,0.0000
2446,16342.67,2014.37,0,0,0.0000
2447,15620.77,1714.06,0,0,0.0000
2448,16083.64,2030.39,2,6,3.0000
2449,15802.78,2391.72,4,5,0.0000
2450,15833.41,1832.42,NaN,NaN,NaN
2451,15830.04,1959.96,0,0,0.0000
2452,15654.92,2242.18,0,0,0.0000
2453,16065.58,1924.67,2,7,3.5000
2454,15881.56,1875.50,0,0,0.0000
2455,15849.22,1804.06,NaN,NaN,NaN
2456,15800.77,2301.80,2,2,0.0000
2457,15513.37,1677.89,0,0,0.0000
2458,15511.31,1673.00,0,0,0.0000
2459,497.51,3151.28,6,6,0.0000
2460,554.60,3077.86,2,5,2.5000
2461,448.11,3055.10,NaN,NaN,NaN
2462,621.30,3168.70,0,0,0.0000
2463,408.08,2974.57,2,2,0.0000
2464,576.57,2956.55,2,4,2.0000
2465,625.42,3095.07,0,0,0.0000
2466,676.23,2775.75,NaN,NaN,NaN
2467,653.11,3030.92,0,0,0.0000
2468,373.03,3108.14,NaN,NaN,NaN
2469,480.73,2953.27,0,0,0.0000
2470,356.80,3170.52,NaN,NaN,NaN
2471,695.49,2935.13,0,0,0.0000
2472,614.86,2804.44,NaN,NaN,NaN
2473,559.16,3016.19,2,4,2.0000
2474,420.45,3161.76,4,6,0.0000
2475,566.72,2807.80,NaN,NaN,NaN
2476,307.50,3162.54,2,2,0.0000
2477,685.79,2835.74,NaN,NaN,NaN
2478,557.73,2843.31,NaN,NaN,NaN
2479,505.91,3013.17,NaN,NaN,NaN
2480,1258.01,3192.23,NaN,NaN,NaN
2481,1147.03,3056.93,NaN,NaN,NaN
2482,1141.23,3146.67,NaN,NaN,NaN
2483,1426.81,3028.81,2,5,2.5000
2484,1473.90,3199.49,0,0,0.0000
2485,1241.52,3037.50,NaN,NaN,NaN
2486,1401.98,3130.35,NaN,NaN,NaN
2487,1314.09,3101.23,3,5,0.0000
2488,1583.98,3121.93,2,2,0.0000
2489,1246.72,2916.55,NaN,NaN,NaN
2490,1323.96,2874.51,NaN,NaN,NaN
2491,1649.93,3180.12,0,0,0.0000
2492,1028.68,3111.65,2,2,0.0000
2493,1350.50,2994.38,NaN,NaN,NaN
2494,1154.05,2929.00,3,4,0.0000
2495,1032.70,3193.60,0,0,0.0000
2496,993.92,3067.22,2,5,2.5000
2497,1484.82,3100.86,NaN,NaN,NaN
2498,1388.70,2939.19,3,1,0.0000
2499,1246.56,2861.89,NaN,NaN,NaN
2500,963.09,2935.88,NaN,NaN,NaN
2501,942.12,3121.55,NaN,NaN,NaN
2502,972.32,2628.42,0,0,0.0000
2503,967.49,2706.84,0,0,0.0000
2504,1031.78,2703.30,2,2,0.0000
2505,1058.28,2667.94,NaN,NaN,NaN
2506,975.85,3004.90,NaN,NaN,NaN
2507,899.93,2607.92,NaN,NaN,NaN
2508,946.64,3045.41,2,2,0.0000
2509,1304.54,2979.60,NaN,NaN,NaN
2510,928.94,2640.55,0,0,0.0000
2511,977.65,3139.01,0,0,0.0000
2512,1178.23,2976.47,0,0,0.0000
2513,2370.12,2873.56,NaN,NaN,NaN
2514,2337.95,3045.94,NaN,NaN,NaN
2515,2417.09,3071.93,NaN,NaN,NaN
2516,2286.06,2506.78,NaN,NaN,NaN
2517,1677.50,3124.15,NaN,NaN,NaN
2518,2300.00,2802.80,NaN,NaN,NaN
2519,2201.40,2785.77,3,6,2.0000
2520,2242.88,2879.43,0,0,0.0000
2521,2090.92,2679.45,0,0,0.0000
2522,2199.13,2723.76,0,0,0.0000
2523,2209.56,2452.63,NaN,NaN,NaN
2524,2272.20,2762.22,NaN,NaN,NaN
2525,2194.08,2849.06,0,0,0.0000
2526,2413.83,3193.19,0,0,0.0000
2527,2124.81,2753.77,0,0,0.0000
2528,2369.21,3164.71,0,0,0.0000
2529,2352.92,2558.52,2,3,0.0000
2530,2367.28,2482.23,0,0,0.0000
2531,2397.14,2523.00,NaN,NaN,NaN
2532,2373.44,2575.97,NaN,NaN,NaN
2533,2650.64,3169.80,NaN,NaN,NaN
2534,3129.17,2967.55,4,5,0.0000
2535,3167.45,2692.68,NaN,NaN,NaN
2536,2444.06,2969.82,NaN,NaN,NaN
2537,2652.48,3023.95,NaN,NaN,NaN
2538,3059.21,2896.10,4,6,0.0000
2539,2444.64,2569.83,NaN,NaN,NaN
2540,2711.03,3060.91,0,0,0.0000
2541,2508.79,3048.70,3,4,0.0000
2542,2785.05,2920.86,NaN,NaN,NaN
2543,2761.17,2969.60,NaN,NaN,NaN
2544,2496.73,3187.89,2,2,0.0000
2545,2523.96,3125.21,NaN,NaN,NaN
2546,2454.09,3130.43,NaN,NaN,NaN
2547,2837.86,3090.93,NaN,NaN,NaN
2548,2682.30,2943.01,NaN,NaN,NaN
2549,2819.19,3015.50,NaN,NaN,NaN
2550,2826.97,3055.23,0,0,0.0000
2551,2816.00,2976.91,2,2,0.0000
2552,2547.67,3179.41,NaN,NaN,NaN
2553,2487.64,2620.01,0,0,0.0000
2554,3198.70,2631.24,0,0,0.0000
2555,3324.00,3100.03,0,0,0.0000
2556,3577.05,2926.99,5,5,0.0000
2557,3473.12,2764.62,NaN,NaN,NaN
2558,3547.50,3174.51,NaN,NaN,NaN
2559,3544.29,3048.66,0,0,0.0000
2560,3259.29,2601.80,0,0,0.0000
2561,3390.60,2865.14,NaN,NaN,NaN
2562,3336.19,2878.42,0,0,0.0000
2563,3314.61,3013.80,0,0,0.0000
2564,3617.98,3015.01,NaN,NaN,NaN
2565,3597.52,3159.41,0,0,0.0000
2566,3333.89,2628.02,2,3,0.0000
2567,3443.96,2932.40,2,3,0.0000
2568,3640.80,3059.79,0,0,0.0000
2569,3503.97,2884.04,NaN,NaN,NaN
2570,3240.30,2663.73,2,2,0.0000
2571,3309.77,2800.04,NaN,NaN,NaN
2572,3391.98,3041.66,NaN,NaN,NaN
2573,3261.70,2809.21,2,1,0.0000
2574,3384.81,2933.02,2,4,2.0000
2575,3469.59,3043.92,NaN,NaN,NaN
2576,3561.44,2819.57,0,0,0.0000
2577,3416.52,2989.41,NaN,NaN,NaN
2578,3453.34,2874.48,NaN,NaN,NaN
2579,3589.02,3106.69,2,3,0.0000
2580,3945.55,2540.14,2,2,0.0000
2581,3462.46,2680.68,0,0,0.0000
2582,4519.68,3126.99,2,0,0.0000
2583,4544.75,2527.72,2,6,3.0000
2584,4603.11,2799.85,NaN,NaN,NaN
2585,4401.50,3026.78,NaN,NaN,NaN
2586,4277.55,2529.72,NaN,NaN,NaN
2587,4137.22,2591.11,NaN,NaN,NaN
2588,4215.79,2792.83,0,0,0.0000
2589,4382.60,2907.84,3,2,0.0000
2590,4426.72,2747.33,NaN,NaN,NaN
2591,4496.83,2957.15,NaN,NaN,NaN
2592,4319.82,2823.30,NaN,NaN,NaN
2593,4300.36,2624.54,NaN,NaN,NaN
2594,4707.21,2874.15,NaN,NaN,NaN
2595,4422.18,3169.84,NaN,NaN,NaN
2596,4035.45,2475.96,2,5,2.5000
2597,4220.61,2621.90,0,0,0.0000
2598,4371.57,2816.72,0,0,0.0000
2599,4346.23,3070.82,NaN,NaN,NaN
2600,4143.92,2933.90,0,0,0.0000
2601,4255.88,3085.01,NaN,NaN,NaN
2602,4170.77,3038.78,NaN,NaN,NaN
2603,4267.53,2765.42,NaN,NaN,NaN
2604,4611.09,2583.34,NaN,NaN,NaN
2605,4437.58,2485.02,0,0,0.0000
2606,4263.83,2991.70,2,7,3.5000
2607,4134.14,2503.80,NaN,NaN,NaN
2608,4094.29,2440.43,2,5,2.5000
2609,4178.77,2869.03,0,0,0.0000
2610,4548.08,2858.63,NaN,NaN,NaN
2611,4558.56,3002.50,NaN,NaN,NaN
2612,4247.90,2896.61,NaN,NaN,NaN
2613,4356.69,2703.69,2,7,3.5000
2614,4298.81,2714.96,NaN,NaN,NaN
2615,4627.25,2902.64,0,0,0.0000
2616,4591.39,2717.82,2,5,2.5000
2617,4602.55,3170.95,2,5,2.5000
2618,4643.42,2993.98,NaN,NaN,NaN
2619,4565.42,2632.14,0,0,0.0000
2620,4597.11,2953.39,2,3,0.0000
2621,4377.68,2628.18,NaN,NaN,NaN
2622,4389.95,2541.40,0,0,0.0000
2623,4363.16,2471.79,NaN,NaN,NaN
2624,4041.07,2556.57,0,0,0.0000
2625,4428.12,2627.92,NaN,NaN,NaN
2626,4194.95,2928.54,2,6,3.0000
2627,4567.61,2902.74,NaN,NaN,NaN
2628,4506.54,2727.68,NaN,NaN,NaN
2629,4493.14,2451.83,3,7,2.3333
2630,4707.12,3144.82,NaN,NaN,NaN
2631,4173.75,2665.84,NaN,NaN,NaN
2632,4663.78,3044.81,NaN,NaN,NaN
2633,4722.03,3113.58,NaN,NaN,NaN
2634,4218.50,2712.89,0,0,0.0000
2635,4214.06,2471.51,NaN,NaN,NaN
2636,4440.86,2690.83,NaN,NaN,NaN
2637,4666.73,2740.32,2,6,3.0000
2638,4205.75,3141.17,2,5,2.5000
2639,4366.23,2497.91,NaN,NaN,NaN
2640,4511.25,3032.58,NaN,NaN,NaN
2641,4500.34,2775.99,0,0,0.0000
2642,4635.97,2676.90,0,0,0.0000
2643,4651.93,2952.75,NaN,NaN,NaN
2644,4606.71,3068.46,0,0,0.0000
2645,4457.91,2868.29,0,0,0.0000
2646,4447.86,2814.63,0,0,0.0000
2647,4160.64,2700.49,NaN,NaN,NaN
2648,4462.20,2597.60,0,0,0.0000
2649,4439.00,2543.02,0,0,0.0000
2650,5035.54,2462.08,2,0,0.0000
2651,5101.16,2640.04,2,3,0.0000
2652,5019.16,2712.26,2,4,2.0000
2653,4936.23,2466.84,4,4,0.0000
2654,5450.17,2630.00,NaN,NaN,NaN
2655,4909.60,2527.81,NaN,NaN,NaN
2656,4742.99,3077.55,NaN,NaN,NaN
2657,5500.95,2485.50,NaN,NaN,NaN
2658,4958.40,2608.63,NaN,NaN,NaN
2659,4970.94,2533.89,NaN,NaN,NaN
2660,5455.51,2535.05,2,4,2.0000
2661,5408.60,2450.26,3,5,0.0000
2662,5393.67,2598.26,NaN,NaN,NaN
2663,4796.82,3154.83,NaN,NaN,NaN
2664,5418.76,2676.97,NaN,NaN,NaN
2665,5135.96,2733.32,0,0,0.0000
2666,5472.18,2581.30,NaN,NaN,NaN
2667,4851.26,2510.07,2,4,2.0000
2668,5465.98,2451.60,NaN,NaN,NaN
2669,5121.75,2764.92,2,4,2.0000
2670,5010.68,2550.96,0,0,0.0000
2671,4957.02,2675.47,0,0,0.0000
2672,5060.36,2572.57,0,0,0.0000
2673,5026.92,2595.54,NaN,NaN,NaN
2674,5058.16,2766.94,0,0,0.0000
2675,4796.53,2503.28,0,0,0.0000
2676,4743.52,2956.09,2,2,0.0000
2677,5412.81,2515.58,NaN,NaN,NaN
2678,4861.92,2448.66,2,3,0.0000
2679,4781.40,3090.52,3,1,0.0000
2680,4918.99,2587.46,NaN,NaN,NaN
2681,6163.55,2841.47,NaN,NaN,NaN
2682,6044.11,2776.92,0,0,0.0000
2683,6058.77,2689.56,NaN,NaN,NaN
2684,5860.12,2879.35,0,0,0.0000
2685,5948.21,2978.35,2,3,0.0000
2686,6095.26,3025.04,NaN,NaN,NaN
2687,6237.68,2766.41,0,0,0.0000
2688,5812.35,2621.39,NaN,NaN,NaN
2689,5726.39,2718.65,NaN,NaN,NaN
2690,5927.05,2577.71,NaN,NaN,NaN
2691,5789.83,2827.10,0,0,0.0000
2692,6156.85,2959.18,0,0,0.0000
2693,5755.33,2663.46,NaN,NaN,NaN
2694,5878.87,2978.60,NaN,NaN,NaN
2695,5655.36,2712.36,0,0,0.0000
2696,5669.97,2494.73,0,0,0.0000
2697,5756.29,2785.79,0,0,0.0000
2698,5934.47,3169.43,0,0,0.0000
2699,5988.58,3108.44,NaN,NaN,NaN
2700,6145.04,3055.77,0,0,0.0000
2701,5807.61,2716.03,0,0,0.0000
2702,6038.34,3100.36,NaN,NaN,NaN
2703,6059.63,2927.86,0,0,0.0000
2704,5773.06,2480.94,NaN,NaN,NaN
2705,5550.79,2445.54,0,0,0.0000
2706,5644.43,2450.28,0,0,0.0000
2707,5544.81,2524.37,0,0,0.0000
2708,5702.17,2622.85,0,0,0.0000
2709,6023.76,2982.02,2,4,2.0000
2710,6181.29,3169.84,0,0,0.0000
2711,6073.96,2488.50,0,0,0.0000
2712,5980.04,2503.58,0,0,0.0000
2713,5945.92,3087.66,NaN,NaN,NaN
2714,6259.40,2985.04,NaN,NaN,NaN
2715,5893.27,2493.26,0,0,0.0000
2716,6215.46,3114.63,2,4,2.0000
2717,5520.06,2634.51,0,0,0.0000
2718,5894.58,3092.14,0,0,0.0000
2719,6029.02,2925.95,0,0,0.0000
2720,5989.98,3185.28,3,4,0.0000
2721,6118.39,3196.20,0,0,0.0000
2722,6165.89,2556.33,3,6,2.0000
2723,5907.27,2953.79,0,0,0.0000
2724,5517.53,2573.15,NaN,NaN,NaN
2725,6078.72,2578.69,0,0,0.0000
2726,6233.22,2536.51,NaN,NaN,NaN
2727,5998.37,3019.27,NaN,NaN,NaN
2728,6124.62,2733.29,0,0,0.0000
2729,6101.82,2896.73,0,0,0.0000
2730,6189.20,3023.93,NaN,NaN,NaN
2731,5588.44,2479.58,0,0,0.0000
2732,5550.52,2687.18,NaN,NaN,NaN
2733,5915.36,2879.66,NaN,NaN,NaN
2734,6186.36,2925.34,0,0,0.0000
2735,5946.99,2801.06,0,0,0.0000
2736,6227.93,3188.79,0,0,0.0000
2737,6168.23,2698.81,0,0,0.0000
2738,5896.39,3189.59,NaN,NaN,NaN
2739,6680.87,2566.77,NaN,NaN,NaN
2740,6481.02,3103.41,0,0,0.0000
2741,6912.14,2949.10,0,0,0.0000
2742,6930.04,2706.71,3,3,0.0000
2743,6839.87,2633.45,NaN,NaN,NaN
2744,7028.36,2915.81,2,5,2.5000
2745,6910.09,3158.66,NaN,NaN,NaN
2746,6671.06,2889.85,3,7,2.3333
2747,6384.35,2602.39,0,0,0.0000
2748,6719.54,3135.21,NaN,NaN,NaN
2749,6304.98,3156.98,NaN,NaN,NaN
2750,7009.03,3168.84,2,3,0.0000
2751,6787.08,2864.12,3,4,0.0000
2752,6324.50,2877.52,NaN,NaN,NaN
2753,6724.01,2997.79,NaN,NaN,NaN
2754,6969.35,3026.64,0,0,0.0000
2755,6822.58,3000.87,0,0,0.0000
2756,6399.18,3135.58,0,0,0.0000
2757,6567.96,2897.55,NaN,NaN,NaN
2758,6608.16,3129.25,NaN,NaN,NaN
2759,6695.60,2763.77,NaN,NaN,NaN
2760,6813.89,2791.44,0,0,0.0000
2761,6578.68,3046.97,0,0,0.0000
2762,6827.01,3152.93,0,0,0.0000
2763,6385.48,2935.76,NaN,NaN,NaN
2764,6474.98,2634.38,0,0,0.0000
2765,6477.03,2845.64,2,3,0.0000
2766,6944.16,2540.46,2,5,2.5000
2767,6461.16,2716.14,NaN,NaN,NaN
2768,6859.44,2838.07,NaN,NaN,NaN
2769,6758.75,2757.88,2,5,2.5000
2770,6526.38,2597.78,0,0,0.0000
2771,6288.86,2825.88,3,4,0.0000
2772,6286.75,3066.35,2,2,0.0000
2773,6577.14,2703.37,NaN,NaN,NaN
2774,6808.85,3076.01,2,4,2.0000
2775,6557.07,2965.80,0,0,0.0000
2776,6846.92,2504.83,NaN,NaN,NaN
2777,6516.60,2701.23,NaN,NaN,NaN
2778,6978.87,2490.94,NaN,NaN,NaN
2779,7036.60,3106.94,0,0,0.0000
2780,6723.58,2630.62,0,0,0.0000
2781,6758.34,3048.60,NaN,NaN,NaN
2782,6410.26,3033.81,NaN,NaN,NaN
2783,6584.41,2653.46,0,0,0.0000
2784,6341.50,2748.14,0,0,0.0000
2785,6512.07,2770.49,2,5,2.5000
2786,6380.14,2722.69,0,0,0.0000
2787,6345.33,2985.63,NaN,NaN,NaN
2788,6945.91,2817.75,0,0,0.0000
2789,6385.28,2794.21,0,0,0.0000
2790,6852.19,3082.11,NaN,NaN,NaN
2791,6795.61,2924.68,0,0,0.0000
2792,6981.53,3102.65,0,0,0.0000
2793,6938.55,3085.17,0,0,0.0000
2794,7335.56,2568.04,0,0,0.0000
2795,7782.95,2753.04,NaN,NaN,NaN
2796,7139.83,2928.32,0,0,0.0000
2797,7110.95,2811.63,3,8,2.6667
2798,7593.67,2814.58,NaN,NaN,NaN
2799,7490.55,2510.94,2,6,3.0000
2800,7499.04,3043.49,NaN,NaN,NaN
2801,7137.55,2644.10,NaN,NaN,NaN
2802,7649.49,3027.42,NaN,NaN,NaN
2803,7355.27,2864.29,2,4,2.0000
2804,7624.99,2569.58,NaN,NaN,NaN
2805,7199.18,3083.25,NaN,NaN,NaN
2806,7752.20,2585.95,0,0,0.0000
2807,7161.09,2503.86,NaN,NaN,NaN
2808,7047.19,3014.46,0,0,0.0000
2809,7462.46,2917.42,NaN,NaN,NaN
2810,7290.42,2871.14,2,5,2.5000
2811,7589.71,2472.18,0,0,0.0000
2812,7348.56,2959.40,NaN,NaN,NaN
2813,7163.50,3177.31,0,0,0.0000
2814,7525.90,2653.92,2,3,0.0000
2815,7358.76,2471.64,NaN,NaN,NaN
2816,7711.82,2664.95,0,0,0.0000
2817,7467.79,2727.74,NaN,NaN,NaN
2818,7493.36,2862.94,NaN,NaN,NaN
2819,7651.45,2485.62,3,4,0.0000
2820,7527.79,3183.84,0,0,0.0000
2821,7202.90,2575.87,NaN,NaN,NaN
2822,7103.27,3077.94,2,3,0.0000
2823,7079.38,3167.10,NaN,NaN,NaN
2824,7276.03,2985.55,0,0,0.0000
2825,7095.91,2454.54,NaN,NaN,NaN
2826,7666.10,2753.10,NaN,NaN,NaN
2827,7228.24,2840.16,NaN,NaN,NaN
2828,7071.00,2593.90,NaN,NaN,NaN
2829,7315.76,3082.70,NaN,NaN,NaN
2830,7548.95,3095.61,0,0,0.0000
2831,7632.57,2725.23,NaN,NaN,NaN
2832,7596.22,2662.30,2,6,3.0000
2833,7233.32,2927.76,0,0,0.0000
2834,7064.81,2505.08,NaN,NaN,NaN
2835,7577.84,3036.27,0,0,0.0000
2836,7686.71,2979.77,NaN,NaN,NaN
2837,7709.89,2513.56,0,0,0.0000
2838,7422.92,2987.49,0,0,0.0000
2839,7062.31,2544.84,4,5,0.0000
2840,7456.10,2662.82,NaN,NaN,NaN
2841,7203.27,2746.34,NaN,NaN,NaN
2842,7565.81,3141.18,NaN,NaN,NaN
2843,7575.60,2923.76,NaN,NaN,NaN
2844,7176.73,3007.07,0,0,0.0000
2845,7304.67,2446.85,NaN,NaN,NaN
2846,7321.86,3035.16,NaN,NaN,NaN
2847,7226.42,2792.52,NaN,NaN,NaN
2848,7393.65,3051.90,NaN,NaN,NaN
2849,7139.91,3100.28,NaN,NaN,NaN
2850,7716.50,2445.33,0,0,0.0000
2851,7691.28,2721.86,NaN,NaN,NaN
2852,7675.21,2841.11,0,0,0.0000
2853,7748.25,2997.79,0,0,0.0000
2854,7748.93,2496.06,0,0,0.0000
2855,7127.99,3021.66,0,0,0.0000
2856,7178.86,2542.46,NaN,NaN,NaN
2857,7125.96,3135.71,0,0,0.0000
2858,7894.32,2527.82,0,0,0.0000
2859,7838.42,2604.84,NaN,NaN,NaN
2860,7881.16,2442.05,NaN,NaN,NaN
2861,7929.96,2586.29,0,0,0.0000
2862,9335.09,2967.22,NaN,NaN,NaN
2863,10003.10,3186.18,2,6,3.0000
2864,9997.54,3091.15,NaN,NaN,NaN
2865,10090.01,2715.99,NaN,NaN,NaN
2866,10107.41,2812.63,2,3,0.0000
2867,10055.94,2649.34,3,8,2.6667
2868,10072.08,3157.66,NaN,NaN,NaN
2869,9982.73,2726.95,NaN,NaN,NaN
2870,10040.13,2999.63,NaN,NaN,NaN
2871,9449.87,3113.64,NaN,NaN,NaN
2872,9372.90,3041.56,0,0,0.0000
2873,9465.81,2886.36,NaN,NaN,NaN
2874,9495.50,3192.03,NaN,NaN,NaN
2875,9443.91,3039.13,0,0,0.0000
2876,9480.42,3001.79,NaN,NaN,NaN
2877,9944.23,3007.19,NaN,NaN,NaN
2878,9430.51,2962.49,NaN,NaN,NaN
2879,10108.79,3093.89,NaN,NaN,NaN
2880,9970.14,2823.40,0,0,0.0000
2881,9895.19,3098.46,NaN,NaN,NaN
2882,9989.10,2927.93,0,0,0.0000
2883,9529.55,3104.52,2,1,0.0000
2884,9504.81,3131.44,NaN,NaN,NaN
2885,9370.45,2885.96,0,0,0.0000
2886,9441.53,3177.88,NaN,NaN,NaN
2887,9383.21,2926.05,0,0,0.0000
2888,9932.36,2817.98,0,0,0.0000
2889,9382.15,3117.36,0,0,0.0000
2890,10548.51,2495.63,NaN,NaN,NaN
2891,10469.65,2811.26,3,5,0.0000
2892,10625.10,3161.26,NaN,NaN,NaN
2893,10607.40,2626.52,0,0,0.0000
2894,10178.90,2920.09,2,5,2.5000
2895,10430.17,2707.95,0,0,0.0000
2896,10657.20,3000.53,NaN,NaN,NaN
2897,10664.90,3079.76,0,0,0.0000
2898,10821.04,3089.97,2,6,3.0000
2899,10221.20,2708.98,0,0,0.0000
2900,10288.08,2952.27,NaN,NaN,NaN
2901,10554.74,2861.88,NaN,NaN,NaN
2902,10473.20,3131.35,NaN,NaN,NaN
2903,10240.48,2603.33,NaN,NaN,NaN
2904,10728.43,3164.08,NaN,NaN,NaN
2905,10284.88,2534.93,3,9,3.0000
2906,10472.24,2618.05,2,2,0.0000
2907,10834.00,2826.59,NaN,NaN,NaN
2908,10737.37,2986.78,3,7,2.3333
2909,10359.54,2758.09,2,4,2.0000
2910,10287.09,3187.41,NaN,NaN,NaN
2911,10493.46,2946.28,3,4,0.0000
2912,10304.91,2819.71,NaN,NaN,NaN
2913,10876.35,3018.67,3,6,2.0000
2914,10403.33,2621.17,0,0,0.0000
2915,10262.30,3072.29,2,3,0.0000
2916,10351.72,2587.76,0,0,0.0000
2917,10665.21,2730.24,0,0,0.0000
2918,10550.77,3034.86,2,6,3.0000
2919,10457.49,3050.21,NaN,NaN,NaN
2920,10237.55,2843.94,NaN,NaN,NaN
2921,10114.06,3006.53,2,5,2.5000
2922,10759.87,3085.71,NaN,NaN,NaN
2923,10361.82,2973.80,0,0,0.0000
2924,10323.44,3096.31,NaN,NaN,NaN
2925,10168.05,2560.48,3,5,0.0000
2926,10264.75,2435.72,2,4,2.0000
2927,10505.45,2715.84,0,0,0.0000
2928,10656.18,2855.14,NaN,NaN,NaN
2929,10421.10,2949.29,0,0,0.0000
2930,10763.96,2726.27,NaN,NaN,NaN
2931,10113.86,2528.87,NaN,NaN,NaN
2932,10842.38,2741.96,2,5,2.5000
2933,10349.03,2442.30,NaN,NaN,NaN
2934,10776.14,2962.15,3,4,0.0000
2935,10124.50,2631.73,0,0,0.0000
2936,10300.63,2686.06,2,3,0.0000
2937,10462.45,2893.90,0,0,0.0000
2938,10232.03,3024.74,0,0,0.0000
2939,10174.73,2791.55,0,0,0.0000
2940,10470.84,3195.73,0,0,0.0000
2941,10223.84,3144.66,NaN,NaN,NaN
2942,10593.86,2962.19,0,0,0.0000
2943,10369.65,3160.29,2,2,0.0000
2944,10510.39,3091.26,3,9,3.0000
2945,10324.03,2876.95,NaN,NaN,NaN
2946,10488.70,3014.82,2,9,4.5000
2947,11588.92,3177.23,NaN,NaN,NaN
2948,11597.87,2458.34,NaN,NaN,NaN
2949,10915.44,2975.41,0,0,0.0000
2950,11638.26,2530.77,0,0,0.0000
2951,10940.90,3084.07,0,0,0.0000
2952,10901.17,3113.58,NaN,NaN,NaN
2953,11624.75,3071.90,0,0,0.0000
2954,10915.94,2769.49,2,2,0.0000
2955,10883.33,3190.43,NaN,NaN,NaN
2956,10989.75,3069.25,NaN,NaN,NaN
2957,10889.62,2630.72,0,0,0.0000
2958,11788.82,2672.37,NaN,NaN,NaN
2959,11947.52,2697.92,0,0,0.0000
2960,12184.18,2816.30,2,7,3.5000
2961,12359.02,2936.96,0,0,0.0000
2962,12018.04,2442.87,0,0,0.0000
2963,12042.49,3054.34,NaN,NaN,NaN
2964,12224.70,2499.08,0,0,0.0000
2965,11744.62,3056.76,NaN,NaN,NaN
2966,11813.60,2788.32,0,0,0.0000
2967,11727.40,2890.36,0,0,0.0000
2968,11778.49,2436.85,NaN,NaN,NaN
2969,12124.20,2658.19,2,3,0.0000
2970,11658.82,3158.81,NaN,NaN,NaN
2971,12341.81,2752.16,NaN,NaN,NaN
2972,11722.98,2736.61,0,0,0.0000
2973,12007.92,2535.81,NaN,NaN,NaN
2974,12254.66,3024.61,2,5,2.5000
2975,12023.00,2772.36,NaN,NaN,NaN
2976,12407.88,3040.48,0,0,0.0000
2977,11719.75,2556.19,NaN,NaN,NaN
2978,11984.04,2857.19,NaN,NaN,NaN
2979,12260.89,2760.41,NaN,NaN,NaN
2980,12149.86,2961.85,NaN,NaN,NaN
2981,11916.73,2488.38,NaN,NaN,NaN
2982,11890.24,2589.55,0,0,0.0000
2983,12359.23,2481.05,NaN,NaN,NaN
2984,11813.48,2943.16,NaN,NaN,NaN
2985,11893.50,2994.19,NaN,NaN,NaN
2986,12327.15,3037.26,0,0,0.0000
2987,12158.43,3123.21,0,0,0.0000
2988,12081.09,3110.08,NaN,NaN,NaN
2989,11735.41,2990.91,0,0,0.0000
2990,12349.81,3133.82,0,0,0.0000
2991,12242.87,3104.32,0,0,0.0000
2992,12199.24,2925.74,NaN,NaN,NaN
2993,11878.28,2920.86,0,0,0.0000
2994,11692.26,2473.13,NaN,NaN,NaN
2995,12365.64,2684.00,0,0,0.0000
2996,12063.74,2874.41,2,3,0.0000
2997,11873.63,3099.48,2,3,0.0000
2998,11733.61,2820.17,0,0,0.0000
2999,11988.08,3008.35,0,0,0.0000
3000,12129.29,2522.92,NaN,NaN,NaN
3001,12257.87,2590.17,NaN,NaN,NaN
3002,12375.30,2530.26,0,0,0.0000
3003,11931.23,3047.54,NaN,NaN,NaN
3004,11898.53,3154.38,0,0,0.0000
3005,12004.09,3190.84,0,0,0.0000
3006,11678.96,2768.33,0,0,0.0000
3007,12036.04,2613.43,NaN,NaN,NaN
3008,11978.37,2908.80,NaN,NaN,NaN
3009,11781.47,2598.92,0,0,0.0000
3010,12073.20,2939.73,0,0,0.0000
3011,12266.67,2915.22,NaN,NaN,NaN
3012,11873.26,2858.95,0,0,0.0000
3013,12305.92,2831.57,NaN,NaN,NaN
3014,11964.80,3086.97,NaN,NaN,NaN
3015,12008.72,2951.89,NaN,NaN,NaN
3016,11815.04,3123.71,NaN,NaN,NaN
3017,11795.43,2532.27,0,0,0.0000
3018,11849.98,2535.51,0,0,0.0000
3019,12078.94,3198.11,0,0,0.0000
3020,12310.18,2650.02,NaN,NaN,NaN
3021,12090.39,2984.76,NaN,NaN,NaN
3022,11960.89,3140.82,3,6,2.0000
3023,12198.58,3019.26,NaN,NaN,NaN
3024,11837.46,3040.46,NaN,NaN,NaN
3025,12373.83,2611.60,0,0,0.0000
3026,11763.70,3171.63,2,6,3.0000
3027,11892.50,2797.75,NaN,NaN,NaN
3028,11921.79,2879.50,0,0,0.0000
3029,11920.54,2797.65,2,4,2.0000
3030,11976.09,2591.54,0,0,0.0000
3031,12322.10,2574.55,3,7,2.3333
3032,12362.37,3199.74,0,0,0.0000
3033,12156.28,3050.87,0,0,0.0000
3034,12228.98,3131.43,0,0,0.0000
3035,12195.48,2684.15,NaN,NaN,NaN
3036,12063.10,2652.68,0,0,0.0000
3037,12091.86,2799.60,0,0,0.0000
3038,11757.13,3115.67,0,0,0.0000
3039,12170.90,2582.94,NaN,NaN,NaN
3040,12262.65,3169.41,2,8,4.0000
3041,11705.94,2624.28,NaN,NaN,NaN
3042,12337.85,2605.33,NaN,NaN,NaN
3043,12212.22,2613.09,NaN,NaN,NaN
3044,12444.04,3153.66,NaN,NaN,NaN
3045,12480.29,2821.23,NaN,NaN,NaN
3046,12903.10,2456.89,NaN,NaN,NaN
3047,13102.15,2580.03,0,0,0.0000
3048,12418.88,2863.19,NaN,NaN,NaN
3049,12532.15,3188.47,NaN,NaN,NaN
3050,12592.53,3194.60,0,0,0.0000
3051,12961.45,2580.22,0,0,0.0000
3052,12478.32,2962.01,NaN,NaN,NaN
3053,12564.63,2953.02,0,0,0.0000
3054,12478.62,2661.68,0,0,0.0000
3055,12537.88,3034.96,0,0,0.0000
3056,12441.14,2585.66,NaN,NaN,NaN
3057,13116.77,2451.54,NaN,NaN,NaN
3058,12607.71,3047.99,NaN,NaN,NaN
3059,13102.04,2736.90,NaN,NaN,NaN
3060,13151.82,2516.33,0,0,0.0000
3061,13000.38,2530.48,0,0,0.0000
3062,12597.15,2908.40,0,0,0.0000
3063,12485.07,3056.49,0,0,0.0000
3064,12419.94,2658.68,0,0,0.0000
3065,12540.77,3108.39,NaN,NaN,NaN
3066,13142.59,2672.61,2,1,0.0000
3067,13032.55,2661.38,0,0,0.0000
3068,12688.63,3094.12,3,9,3.0000
3069,12457.74,2523.88,0,0,0.0000
3070,12421.88,2436.23,0,0,0.0000
3071,12672.03,3034.77,NaN,NaN,NaN
3072,13094.26,2659.21,0,0,0.0000
3073,13019.03,2600.02,0,0,0.0000
3074,12642.77,2991.14,0,0,0.0000
3075,12722.52,3184.20,3,5,0.0000
3076,13036.41,2707.21,NaN,NaN,NaN
3077,13454.45,2475.45,NaN,NaN,NaN
3078,13440.67,2569.97,NaN,NaN,NaN
3079,13213.54,2437.80,0,0,0.0000
3080,13361.98,2530.84,NaN,NaN,NaN
3081,13208.37,2486.42,NaN,NaN,NaN
3082,13447.71,2765.55,NaN,NaN,NaN
3083,13285.03,2444.79,NaN,NaN,NaN
3084,13394.78,2626.69,0,0,0.0000
3085,13542.53,2711.31,NaN,NaN,NaN
3086,13380.68,2488.32,NaN,NaN,NaN
3087,13459.73,2633.61,0,0,0.0000
3088,13417.88,2897.76,2,2,0.0000
3089,13399.66,2699.74,2,2,0.0000
3090,13331.96,2464.13,NaN,NaN,NaN
3091,13479.71,2710.00,0,0,0.0000
3092,14661.13,2691.90,2,6,3.0000
3093,14125.59,2728.58,NaN,NaN,NaN
3094,14333.36,2508.18,0,0,0.0000
3095,14001.08,2715.08,NaN,NaN,NaN
3096,14443.30,3142.34,4,5,0.0000
3097,14672.37,2960.86,0,0,0.0000
3098,14589.01,3090.38,NaN,NaN,NaN
3099,14658.20,3051.10,0,0,0.0000
3100,14713.92,3121.11,NaN,NaN,NaN
3101,14059.75,2608.68,2,6,3.0000
3102,14272.76,2626.06,NaN,NaN,NaN
3103,14579.43,2961.17,NaN,NaN,NaN
3104,14051.86,2478.08,0,0,0.0000
3105,14539.92,2920.12,NaN,NaN,NaN
3106,14218.88,2802.19,2,7,3.5000
3107,14013.70,2548.22,NaN,NaN,NaN
3108,14327.18,2751.98,NaN,NaN,NaN
3109,14203.27,2506.15,2,5,2.5000
3110,14590.67,2787.19,NaN,NaN,NaN
3111,14412.40,2540.53,0,0,0.0000
3112,14152.78,2870.60,NaN,NaN,NaN
3113,14492.87,3192.66,NaN,NaN,NaN
3114,14110.42,2896.49,NaN,NaN,NaN
3115,14172.77,2822.23,NaN,NaN,NaN
3116,14325.06,2581.74,0,0,0.0000
3117,14258.86,2545.19,0,0,0.0000
3118,14016.84,2625.73,2,3,0.0000
3119,14341.11,2640.94,0,0,0.0000
3120,14290.43,2453.34,0,0,0.0000
3121,14180.92,2911.37,NaN,NaN,NaN
3122,14293.81,2829.40,NaN,NaN,NaN
3123,14368.86,2704.06,0,0,0.0000
3124,14144.86,2936.95,NaN,NaN,NaN
3125,14650.01,2576.21,0,0,0.0000
3126,14402.64,2499.40,2,3,0.0000
3127,14152.17,2490.82,0,0,0.0000
3128,14294.96,2683.51,NaN,NaN,NaN
3129,15210.68,2816.06,2,4,2.0000
3130,15058.12,2726.05,NaN,NaN,NaN
3131,15175.54,2668.34,4,6,0.0000
3132,15117.06,2882.33,0,0,0.0000
3133,14982.83,2542.75,NaN,NaN,NaN
3134,14893.98,2649.69,NaN,NaN,NaN
3135,14854.76,3057.00,NaN,NaN,NaN
3136,14824.04,3165.32,0,0,0.0000
3137,15349.15,2474.69,NaN,NaN,NaN
3138,14723.90,2498.25,NaN,NaN,NaN
3139,14721.48,2866.35,NaN,NaN,NaN
3140,14989.71,2905.45,NaN,NaN,NaN
3141,15184.54,2523.62,0,0,0.0000
3142,14802.90,2649.56,NaN,NaN,NaN
3143,14998.24,2990.58,NaN,NaN,NaN
3144,15029.91,2500.95,2,2,0.0000
3145,15228.62,2717.67,2,4,2.0000
3146,15084.41,2510.81,NaN,NaN,NaN
3147,15030.99,3198.50,0,0,0.0000
3148,15191.68,2584.74,0,0,0.0000
3149,15284.73,2539.26,NaN,NaN,NaN
3150,14963.29,2627.17,4,5,0.0000
3151,14951.11,3127.40,NaN,NaN,NaN
3152,14773.97,2965.69,0,0,0.0000
3153,14743.52,3054.97,0,0,0.0000
3154,15045.02,3028.61,2,6,3.0000
3155,15162.55,2973.03,NaN,NaN,NaN
3156,15116.38,2618.61,0,0,0.0000
3157,15301.29,2743.97,NaN,NaN,NaN
3158,14859.04,2707.73,2,1,0.0000
3159,15108.10,3015.99,2,4,2.0000
3160,15250.03,2971.60,NaN,NaN,NaN
3161,14740.92,2574.64,NaN,NaN,NaN
3162,15046.51,2860.20,NaN,NaN,NaN
3163,14867.22,2493.27,NaN,NaN,NaN
3164,14965.31,3043.27,4,8,2.0000
3165,15036.97,3110.40,0,0,0.0000
3166,15163.81,3033.90,NaN,NaN,NaN
3167,15099.53,3088.51,0,0,0.0000
3168,14923.55,2902.87,0,0,0.0000
3169,14822.60,2899.76,NaN,NaN,NaN
3170,15022.74,2798.26,NaN,NaN,NaN
3171,15321.98,2688.76,0,0,0.0000
3172,14914.18,3179.57,NaN,NaN,NaN
3173,14954.54,2719.05,NaN,NaN,NaN
3174,14934.10,2583.01,0,0,0.0000
3175,14852.78,2529.73,0,0,0.0000
3176,15137.19,3069.94,0,0,0.0000
3177,14899.21,2752.99,NaN,NaN,NaN
3178,14967.52,2796.64,0,0,0.0000
3179,15215.13,2942.01,NaN,NaN,NaN
3180,15242.19,2895.23,NaN,NaN,NaN
3181,15168.84,3184.34,0,0,0.0000
3182,14963.37,3085.64,NaN,NaN,NaN
3183,15079.28,2959.81,NaN,NaN,NaN
3184,14934.89,2848.79,0,0,0.0000
3185,15080.90,3125.11,0,0,0.0000
3186,15057.42,2603.37,0,0,0.0000
3187,15123.54,2746.93,2,4,2.0000
3188,14981.90,2750.24,NaN,NaN,NaN
3189,14886.22,2814.10,NaN,NaN,NaN
3190,16132.29,2555.27,0,0,0.0000
3191,15755.02,2843.11,NaN,NaN,NaN
3192,15988.10,2789.25,NaN,NaN,NaN
3193,15799.07,2475.17,NaN,NaN,NaN
3194,15873.77,2942.24,NaN,NaN,NaN
3195,16094.63,2755.50,0,0,0.0000
3196,16299.72,2921.21,NaN,NaN,NaN
3197,16056.38,2887.13,NaN,NaN,NaN
3198,15832.23,3157.60,NaN,NaN,NaN
3199,15997.62,3060.33,NaN,NaN,NaN
3200,16209.61,2670.91,NaN,NaN,NaN
3201,15918.77,2864.11,NaN,NaN,NaN
3202,16172.21,2862.52,NaN,NaN,NaN
3203,16286.36,3048.21,2,3,0.0000
3204,16007.59,2581.37,0,0,0.0000
3205,16070.98,3106.53,NaN,NaN,NaN
3206,15837.76,2563.65,NaN,NaN,NaN
3207,15921.17,2540.38,NaN,NaN,NaN
3208,16134.72,3025.03,NaN,NaN,NaN
3209,15987.54,2493.52,0,0,0.0000
3210,16091.55,2661.47,0,0,0.0000
3211,15948.79,2713.06,NaN,NaN,NaN
3212,15699.56,2728.55,NaN,NaN,NaN
3213,16233.13,3102.03,NaN,NaN,NaN
3214,15540.43,2773.86,0,0,0.0000
3215,15761.13,3014.89,NaN,NaN,NaN
3216,15662.72,2444.78,0,0,0.0000
3217,16337.61,2790.44,0,0,0.0000
3218,16299.61,3123.96,0,0,0.0000
3219,15853.74,3070.62,NaN,NaN,NaN
3220,16194.43,3073.39,NaN,NaN,NaN
3221,16354.73,2612.49,0,0,0.0000
3222,15902.95,3028.53,3,4,0.0000
3223,15549.48,2663.73,0,0,0.0000
3224,15901.33,3111.21,3,5,0.0000
3225,16323.69,2725.10,0,0,0.0000
3226,16212.10,3004.69,2,4,2.0000
3227,15963.05,3147.22,0,0,0.0000
3228,16245.50,3168.35,3,7,2.3333
3229,15819.54,3000.59,NaN,NaN,NaN
3230,15597.89,2474.20,0,0,0.0000
3231,15878.95,2745.45,3,3,0.0000
3232,15551.14,2459.51,0,0,0.0000
3233,16194.55,3192.16,NaN,NaN,NaN
3234,16239.65,2907.44,0,0,0.0000
3235,15899.92,2606.93,2,4,2.0000
3236,16192.63,2934.30,0,0,0.0000
3237,15625.97,2565.12,0,0,0.0000
3238,15775.01,2576.98,NaN,NaN,NaN
3239,15732.22,2574.96,NaN,NaN,NaN
3240,15921.95,3195.94,0,0,0.0000
3241,15750.10,2652.39,2,2,0.0000
3242,15855.59,2660.85,NaN,NaN,NaN
3243,15564.48,2567.51,0,0,0.0000
3244,16029.96,2654.25,0,0,0.0000
3245,15627.72,2522.69,0,0,0.0000
3246,16048.22,2459.92,0,0,0.0000
3247,16149.74,2807.99,NaN,NaN,NaN
3248,16172.77,3149.69,2,6,3.0000
3249,15964.74,2629.11,NaN,NaN,NaN
3250,16239.68,2572.98,0,0,0.0000
3251,16130.65,3085.18,NaN,NaN,NaN
3252,16289.70,2612.47,0,0,0.0000
3253,16341.12,3028.59,NaN,NaN,NaN
3254,15680.70,2676.63,2,0,0.0000
3255,15818.93,2678.24,NaN,NaN,NaN
3256,16333.89,2670.45,0,0,0.0000
3257,16248.57,2852.33,NaN,NaN,NaN
3258,523.96,3453.55,NaN,NaN,NaN
3259,788.76,3332.93,2,4,2.0000
3260,434.87,3398.70,0,0,0.0000
3261,742.12,3259.30,0,0,0.0000
3262,881.74,3907.63,3,4,0.0000
3263,580.70,3265.14,NaN,NaN,NaN
3264,77.04,3699.98,NaN,NaN,NaN
3265,183.67,3854.44,NaN,NaN,NaN
3266,691.79,3378.83,2,0,0.0000
3267,664.73,3664.38,NaN,NaN,NaN
3268,64.28,3924.28,NaN,NaN,NaN
3269,686.41,3503.99,NaN,NaN,NaN
3270,583.98,3372.52,0,0,0.0000
3271,763.97,3769.16,NaN,NaN,NaN
3272,114.91,3811.72,NaN,NaN,NaN
3273,609.24,3507.79,0,0,0.0000
3274,866.94,3527.22,0,0,0.0000
3275,705.64,3449.00,NaN,NaN,NaN
3276,826.00,3384.10,0,0,0.0000
3277,807.84,3522.78,NaN,NaN,NaN
3278,668.66,3229.54,NaN,NaN,NaN
3279,458.21,3269.82,NaN,NaN,NaN
3280,587.43,3616.72,NaN,NaN,NaN
3281,707.35,3592.32,3,7,2.3333
3282,854.90,3264.68,0,0,0.0000
3283,401.33,3220.53,NaN,NaN,NaN
3284,40.45,3853.16,NaN,NaN,NaN
3285,804.65,3621.64,NaN,NaN,NaN
3286,884.37,3700.69,0,0,0.0000
3287,483.32,3345.54,3,4,0.0000
3288,658.96,3303.87,NaN,NaN,NaN
3289,764.48,3694.12,2,4,2.0000
3290,855.24,3776.85,NaN,NaN,NaN
3291,775.58,3469.15,0,0,0.0000
3292,537.05,3578.57,NaN,NaN,NaN
3293,35.04,3561.58,0,0,0.0000
3294,217.02,3930.25,NaN,NaN,NaN
3295,340.24,3224.20,NaN,NaN,NaN
3296,502.26,3642.28,NaN,NaN,NaN
3297,85.35,3650.22,4,3,0.0000
3298,418.34,3309.41,2,2,0.0000
3299,835.50,3698.93,NaN,NaN,NaN
3300,124.24,3758.23,NaN,NaN,NaN
3301,810.46,3705.97,NaN,NaN,NaN
3302,814.23,3811.71,2,4,2.0000
3303,518.70,3302.08,NaN,NaN,NaN
3304,113.00,3953.00,NaN,NaN,NaN
3305,59.72,3756.88,NaN,NaN,NaN
3306,356.88,3264.34,0,0,0.0000
3307,843.76,3647.63,0,0,0.0000
3308,773.31,3569.69,3,3,0.0000
3309,496.30,3588.28,NaN,NaN,NaN
3310,1656.79,3521.83,4,2,0.0000
3311,1653.03,3742.20,2,4,2.0000
3312,1000.21,3959.03,2,5,2.5000
3313,1482.01,3303.26,NaN,NaN,NaN
3314,1589.67,3220.43,2,2,0.0000
3315,1638.11,3661.16,3,6,2.0000
3316,959.85,3318.41,NaN,NaN,NaN
3317,929.81,3836.63,NaN,NaN,NaN
3318,1392.43,3251.77,0,0,0.0000
3319,912.83,3494.43,NaN,NaN,NaN
3320,1580.53,3422.61,3,3,0.0000
3321,1100.85,3877.12,NaN,NaN,NaN
3322,1017.76,3820.54,NaN,NaN,NaN
3323,1565.93,3339.32,2,3,0.0000
3324,905.62,3393.10,NaN,NaN,NaN
3325,930.57,3217.86,2,6,3.0000
3326,958.61,3761.30,NaN,NaN,NaN
3327,1225.89,3348.45,NaN,NaN,NaN
3328,923.87,3668.54,NaN,NaN,NaN
3329,1121.98,3252.09,2,4,2.0000
3330,1210.28,3263.05,0,0,0.0000
3331,1088.43,3317.06,NaN,NaN,NaN
3332,1015.26,3417.61,0,0,0.0000
3333,928.43,3439.38,NaN,NaN,NaN
3334,1384.15,3696.20,NaN,NaN,NaN
3335,1472.70,3713.69,NaN,NaN,NaN
3336,1127.94,3351.25,NaN,NaN,NaN
3337,1021.18,3260.47,3,6,2.0000
3338,1579.40,3554.20,NaN,NaN,NaN
3339,1105.54,3951.94,NaN,NaN,NaN
3340,899.91,3595.85,NaN,NaN,NaN
3341,1464.93,3465.66,0,0,0.0000
3342,1580.42,3488.96,NaN,NaN,NaN
3343,1634.65,3356.49,2,4,2.0000
3344,1540.31,3712.04,NaN,NaN,NaN
3345,1625.28,3904.79,3,4,0.0000
3346,1366.69,3747.34,2,6,3.0000
3347,1014.55,3884.39,2,3,0.0000
3348,1143.35,3930.03,0,0,0.0000
3349,1647.26,3301.93,NaN,NaN,NaN
3350,1504.07,3514.28,NaN,NaN,NaN
3351,1490.63,3760.13,2,3,0.0000
3352,1548.00,3780.57,0,0,0.0000
3353,1266.47,3271.92,2,3,0.0000
3354,1204.11,3958.38,3,6,2.0000
3355,1853.46,3862.05,NaN,NaN,NaN
3356,1879.79,3641.87,NaN,NaN,NaN
3357,1879.97,3551.55,NaN,NaN,NaN
3358,1682.61,3853.73,0,0,0.0000
3359,2420.02,3287.75,NaN,NaN,NaN
3360,1773.98,3779.26,NaN,NaN,NaN
3361,1722.93,3266.21,NaN,NaN,NaN
3362,1776.93,3346.56,NaN,NaN,NaN
3363,1803.07,3459.85,5,7,0.0000
3364,1975.32,3958.46,NaN,NaN,NaN
3365,1877.43,3777.10,0,0,0.0000
3366,1976.67,3816.90,0,0,0.0000
3367,1728.71,3590.52,NaN,NaN,NaN
3368,2045.53,3923.58,NaN,NaN,NaN
3369,1746.33,3518.18,NaN,NaN,NaN
3370,1800.54,3957.98,0,0,0.0000
3371,1775.62,3653.38,NaN,NaN,NaN
3372,1939.90,3728.64,0,0,0.0000
3373,1735.99,3926.65,0,0,0.0000
3374,2031.64,3818.01,0,0,0.0000
3375,1682.78,3404.21,NaN,NaN,NaN
3376,1736.68,3213.09,NaN,NaN,NaN
3377,1888.94,3955.17,NaN,NaN,NaN
3378,1690.07,3964.69,0,0,0.0000
3379,1842.63,3728.40,0,0,0.0000
3380,1816.49,3678.95,0,0,0.0000
3381,2750.34,3293.79,3,3,0.0000
3382,2705.11,3493.89,NaN,NaN,NaN
3383,3119.37,3312.81,NaN,NaN,NaN
3384,2769.07,3210.49,NaN,NaN,NaN
3385,2696.28,3557.35,0,0,0.0000
3386,3191.04,3297.92,NaN,NaN,NaN
3387,2668.22,3380.08,NaN,NaN,NaN
3388,2492.59,3281.37,2,1,0.0000
3389,2612.99,3550.44,NaN,NaN,NaN
3390,2563.02,3503.38,2,1,0.0000
3391,3187.67,3412.81,2,3,0.0000
3392,2831.21,3200.25,NaN,NaN,NaN
3393,2540.76,3318.35,NaN,NaN,NaN
3394,2668.60,3438.59,0,0,0.0000
3395,2592.26,3303.94,0,0,0.0000
3396,2562.30,3251.90,2,8,4.0000
3397,2553.28,3449.89,2,6,3.0000
3398,2655.55,3317.04,0,0,0.0000
3399,2728.47,3412.08,NaN,NaN,NaN
3400,2445.59,3431.62,0,0,0.0000
3401,2466.93,3224.07,2,4,2.0000
3402,2444.68,3386.19,0,0,0.0000
3403,3409.33,3554.00,2,1,0.0000
3404,3306.92,3206.10,NaN,NaN,NaN
3405,3358.54,3769.74,NaN,NaN,NaN
3406,3275.06,3316.66,2,3,0.0000
3407,3572.95,3833.55,2,6,3.0000
3408,3438.92,3246.38,0,0,0.0000
3409,3449.18,3473.53,NaN,NaN,NaN
3410,3600.29,3580.34,NaN,NaN,NaN
3411,3761.98,3850.75,NaN,NaN,NaN
3412,3272.05,3568.91,2,4,2.0000
3413,3740.95,3908.13,0,0,0.0000
3414,3625.15,3758.03,NaN,NaN,NaN
3415,3228.27,3480.98,NaN,NaN,NaN
3416,3607.74,3294.04,0,0,0.0000
3417,3648.77,3544.46,0,0,0.0000
3418,3533.04,3248.47,0,0,0.0000
3419,3597.84,3687.37,NaN,NaN,NaN
3420,3520.39,3656.90,0,0,0.0000
3421,3536.96,3326.22,NaN,NaN,NaN
3422,3280.08,3742.78,NaN,NaN,NaN
3423,3468.45,3886.55,NaN,NaN,NaN
3424,3591.28,3429.04,2,3,0.0000
3425,3475.35,3812.84,2,2,0.0000
3426,3468.60,3609.05,0,0,0.0000
3427,3399.91,3210.52,3,4,0.0000
3428,3362.51,3277.50,0,0,0.0000
3429,3501.62,3561.44,NaN,NaN,NaN
3430,3273.40,3966.21,0,0,0.0000
3431,3538.77,3528.94,NaN,NaN,NaN
3432,3496.24,3402.72,NaN,NaN,NaN
3433,3568.78,3224.51,NaN,NaN,NaN
3434,3536.65,3389.74,NaN,NaN,NaN
3435,3659.30,3861.51,NaN,NaN,NaN
3436,3310.94,3797.13,0,0,0.0000
3437,3254.98,3440.16,0,0,0.0000
3438,3307.68,3938.28,NaN,NaN,NaN
3439,3370.55,3480.14,2,4,2.0000
3440,3643.44,3415.96,0,0,0.0000
3441,3270.96,3646.58,0,0,0.0000
3442,3300.05,3878.09,0,0,0.0000
3443,3405.28,3340.96,0,0,0.0000
3444,3443.51,3695.35,0,0,0.0000
3445,3548.89,3729.75,0,0,0.0000
3446,3573.16,3484.06,2,5,2.5000
3447,3692.29,3844.57,NaN,NaN,NaN
3448,3614.76,3214.77,2,2,0.0000
3449,3414.64,3731.98,0,0,0.0000
3450,3467.87,3658.40,NaN,NaN,NaN
3451,4618.34,3790.69,NaN,NaN,NaN
3452,4553.34,3598.57,NaN,NaN,NaN
3453,4602.04,3348.21,NaN,NaN,NaN
3454,4357.87,3412.11,NaN,NaN,NaN
3455,4700.99,3544.47,2,3,0.0000
3456,4432.88,3313.84,NaN,NaN,NaN
3457,4703.46,3928.87,0,0,0.0000
3458,4431.70,3586.21,NaN,NaN,NaN
3459,4624.99,3920.59,NaN,NaN,NaN
3460,4484.61,3712.99,NaN,NaN,NaN
3461,4624.58,3559.80,NaN,NaN,NaN
3462,4187.36,3387.94,NaN,NaN,NaN
3463,4652.83,3251.74,NaN,NaN,NaN
3464,4282.25,3593.90,NaN,NaN,NaN
3465,4455.05,3502.30,4,7,0.0000
3466,4704.28,3212.54,3,6,2.0000
3467,4658.45,3700.29,0,0,0.0000
3468,4343.88,3588.59,2,5,2.5000
3469,4508.06,3459.26,NaN,NaN,NaN
3470,4189.44,3475.15,2,5,2.5000
3471,4587.37,3442.96,NaN,NaN,NaN
3472,4348.38,3470.32,0,0,0.0000
3473,4598.72,3680.67,NaN,NaN,NaN
3474,4397.21,3843.08,NaN,NaN,NaN
3475,4675.16,3308.02,NaN,NaN,NaN
3476,4500.25,3797.58,NaN,NaN,NaN
3477,4681.25,3453.41,NaN,NaN,NaN
3478,4237.19,3476.16,NaN,NaN,NaN
3479,4380.63,3752.13,3,3,0.0000
3480,4326.03,3712.07,NaN,NaN,NaN
3481,4421.05,3920.54,0,0,0.0000
3482,4476.89,3241.99,0,0,0.0000
3483,4531.76,3842.07,0,0,0.0000
3484,4478.22,3886.86,3,4,0.0000
3485,4521.62,3373.95,0,0,0.0000
3486,4260.53,3210.17,NaN,NaN,NaN
3487,4232.51,3257.77,NaN,NaN,NaN
3488,4360.00,3528.24,0,0,0.0000
3489,4243.72,3314.24,0,0,0.0000
3490,4190.37,3315.91,0,0,0.0000
3491,4308.71,3663.19,2,2,0.0000
3492,4496.24,3654.22,0,0,0.0000
3493,4636.52,3419.50,0,0,0.0000
3494,4308.31,3760.39,2,4,2.0000
3495,4206.53,3217.62,NaN,NaN,NaN
3496,4668.51,3634.48,NaN,NaN,NaN
3497,4559.04,3921.76,0,0,0.0000
3498,4611.68,3733.87,NaN,NaN,NaN
3499,4907.96,3436.19,NaN,NaN,NaN
3500,4738.69,3727.56,0,0,0.0000
3501,4778.98,3911.91,2,3,0.0000
3502,4895.90,3662.49,NaN,NaN,NaN
3503,5436.61,3813.91,2,3,0.0000
3504,4778.86,3281.23,3,7,2.3333
3505,4895.80,3333.64,2,5,2.5000
3506,4963.42,3599.73,0,0,0.0000
3507,4905.29,3851.43,3,5,0.0000
3508,4990.91,3853.34,NaN,NaN,NaN
3509,5032.49,3437.50,0,0,0.0000
3510,5172.98,3708.97,2,5,2.5000
3511,5219.47,3934.02,NaN,NaN,NaN
3512,5230.74,3848.85,2,4,2.0000
3513,5405.09,3887.88,2,3,0.0000
3514,4858.35,3916.93,0,0,0.0000
3515,4798.02,3560.71,NaN,NaN,NaN
3516,5150.67,3907.08,NaN,NaN,NaN
3517,5312.78,3694.06,0,0,0.0000
3518,5109.99,3784.89,0,0,0.0000
3519,5075.15,3517.00,2,5,2.5000
3520,4997.25,3343.56,NaN,NaN,NaN
3521,5072.13,3625.27,0,0,0.0000
3522,4854.47,3549.52,NaN,NaN,NaN
3523,4754.75,3511.76,NaN,NaN,NaN
3524,5096.59,3718.39,0,0,0.0000
3525,4988.74,3284.49,0,0,0.0000
3526,4754.14,3834.55,NaN,NaN,NaN
3527,5335.42,3858.72,NaN,NaN,NaN
3528,5328.27,3923.53,0,0,0.0000
3529,5190.04,3767.97,2,2,0.0000
3530,4978.45,3533.77,0,0,0.0000
3531,5433.59,3753.92,0,0,0.0000
3532,4838.04,3822.00,NaN,NaN,NaN
3533,5239.45,3742.45,NaN,NaN,NaN
3534,4944.91,3250.75,NaN,NaN,NaN
3535,4747.31,3435.36,NaN,NaN,NaN
3536,4945.90,3791.70,0,0,0.0000
3537,5006.45,3687.12,0,0,0.0000
3538,5268.60,3760.33,0,0,0.0000
3539,5142.98,3485.95,0,0,0.0000
3540,4895.52,3513.05,NaN,NaN,NaN
3541,4785.49,3479.27,NaN,NaN,NaN
3542,5116.98,3577.67,0,0,0.0000
3543,4780.62,3636.56,NaN,NaN,NaN
3544,5059.35,3845.84,NaN,NaN,NaN
3545,4804.75,3774.11,NaN,NaN,NaN
3546,4825.87,3443.59,NaN,NaN,NaN
3547,6116.16,3967.56,NaN,NaN,NaN
3548,6056.84,3404.54,NaN,NaN,NaN
3549,6183.78,3489.57,4,7,0.0000
3550,6054.39,3505.54,NaN,NaN,NaN
3551,5976.88,3291.11,NaN,NaN,NaN
3552,5976.09,3477.04,0,0,0.0000
3553,6191.69,3259.31,2,5,2.5000
3554,6171.26,3835.10,NaN,NaN,NaN
3555,6266.26,3354.21,2,3,0.0000
3556,5998.31,3715.75,0,0,0.0000
3557,6151.01,3613.09,NaN,NaN,NaN
3558,6101.54,3263.99,NaN,NaN,NaN
3559,5938.02,3628.33,0,0,0.0000
3560,6064.45,3736.05,0,0,0.0000
3561,5725.71,3921.12,NaN,NaN,NaN
3562,6233.96,3676.69,NaN,NaN,NaN
3563,5914.59,3424.26,NaN,NaN,NaN
3564,6167.50,3764.47,NaN,NaN,NaN
3565,6000.68,3609.59,3,4,0.0000
3566,6225.51,3780.63,NaN,NaN,NaN
3567,6220.55,3912.97,NaN,NaN,NaN
3568,6092.15,3590.05,NaN,NaN,NaN
3569,6087.69,3361.65,NaN,NaN,NaN
3570,6173.27,3682.15,NaN,NaN,NaN
3571,5949.92,3718.36,0,0,0.0000
3572,5760.43,3859.47,0,0,0.0000
3573,6051.96,3955.21,0,0,0.0000
3574,6115.17,3728.01,NaN,NaN,NaN
3575,5872.24,3846.28,NaN,NaN,NaN
3576,6050.33,3254.71,NaN,NaN,NaN
3577,6191.38,3606.72,NaN,NaN,NaN
3578,6221.99,3580.82,NaN,NaN,NaN
3579,6124.30,3676.12,0,0,0.0000
3580,5918.84,3311.79,NaN,NaN,NaN
3581,6221.45,3853.97,0,0,0.0000
3582,6193.78,3555.45,NaN,NaN,NaN
3583,5907.79,3231.93,NaN,NaN,NaN
3584,5920.74,3369.74,NaN,NaN,NaN
3585,6249.42,3574.13,0,0,0.0000
3586,6234.02,3356.87,2,2,0.0000
3587,5946.52,3508.02,NaN,NaN,NaN
3588,6581.44,3759.63,0,0,0.0000
3589,6332.83,3908.51,NaN,NaN,NaN
3590,6757.13,3260.58,2,3,0.0000
3591,6830.00,3941.77,NaN,NaN,NaN
3592,6417.23,3590.81,3,4,0.0000
3593,6831.84,3435.05,3,8,2.6667
3594,6699.10,3804.21,NaN,NaN,NaN
3595,6950.38,3870.02,NaN,NaN,NaN
3596,6558.09,3916.49,NaN,NaN,NaN
3597,6792.40,3736.35,NaN,NaN,NaN
3598,7033.29,3681.81,NaN,NaN,NaN
3599,7015.36,3923.26,4,9,2.2500
3600,6999.09,3509.74,0,0,0.0000
3601,6297.46,3786.37,3,5,0.0000
3602,6371.55,3723.52,NaN,NaN,NaN
3603,6472.60,3420.46,2,4,2.0000
3604,6988.69,3573.06,0,0,0.0000
3605,6478.77,3257.52,0,0,0.0000
3606,6670.91,3569.90,NaN,NaN,NaN
3607,6903.38,3724.81,NaN,NaN,NaN
3608,6904.18,3635.05,NaN,NaN,NaN
3609,6553.83,3585.62,NaN,NaN,NaN
3610,6972.53,3278.18,NaN,NaN,NaN
3611,6742.94,3680.15,4,7,0.0000
3612,6570.46,3246.69,NaN,NaN,NaN
3613,6760.42,3371.21,NaN,NaN,NaN
3614,6409.56,3923.94,NaN,NaN,NaN
3615,6920.40,3343.06,2,6,3.0000
3616,6581.60,3646.34,NaN,NaN,NaN
3617,6853.40,3238.45,3,0,0.0000
3618,6513.67,3847.54,0,0,0.0000
3619,6716.58,3453.18,NaN,NaN,NaN
3620,6486.96,3706.19,0,0,0.0000
3621,6388.45,3438.74,0,0,0.0000
3622,6912.95,3804.45,NaN,NaN,NaN
3623,6402.10,3256.06,NaN,NaN,NaN
3624,6834.81,3327.74,NaN,NaN,NaN
3625,6961.16,3415.27,NaN,NaN,NaN
3626,6778.18,3882.98,4,3,0.0000
3627,6660.47,3258.94,NaN,NaN,NaN
3628,6501.47,3577.65,NaN,NaN,NaN
3629,6432.11,3343.24,2,2,0.0000
3630,6319.13,3270.32,NaN,NaN,NaN
3631,6688.30,3394.02,NaN,NaN,NaN
3632,6608.82,3387.21,0,0,0.0000
3633,6860.63,3517.58,NaN,NaN,NaN
3634,6907.85,3254.02,NaN,NaN,NaN
3635,6343.59,3646.84,0,0,0.0000
3636,6654.38,3487.55,0,0,0.0000
3637,6619.03,3846.67,0,0,0.0000
3638,6993.62,3632.04,NaN,NaN,NaN
3639,6969.80,3218.05,NaN,NaN,NaN
3640,6641.44,3322.37,0,0,0.0000
3641,6295.27,3700.35,NaN,NaN,NaN
3642,6502.01,3503.15,2,5,2.5000
3643,6755.40,3612.90,NaN,NaN,NaN
3644,6558.08,3440.75,NaN,NaN,NaN
3645,6451.33,3863.81,0,0,0.0000
3646,6967.48,3761.58,0,0,0.0000
3647,6597.53,3480.74,NaN,NaN,NaN
3648,6693.47,3958.17,0,0,0.0000
3649,6644.22,3922.07,0,0,0.0000
3650,6360.67,3328.02,0,0,0.0000
3651,6832.37,3806.76,0,0,0.0000
3652,6934.56,3473.63,NaN,NaN,NaN
3653,6535.04,3396.75,NaN,NaN,NaN
3654,6700.59,3320.31,0,0,0.0000
3655,6767.26,3556.92,0,0,0.0000
3656,6829.44,3648.11,NaN,NaN,NaN
3657,6668.76,3201.14,0,0,0.0000
3658,6840.66,3598.85,0,0,0.0000
3659,6403.46,3201.91,2,3,0.0000
3660,6901.19,3565.81,0,0,0.0000
3661,7258.77,3208.41,0,0,0.0000
3662,7150.53,3608.06,NaN,NaN,NaN
3663,7430.22,3583.49,2,2,0.0000
3664,7413.39,3313.63,0,0,0.0000
3665,7279.77,3761.55,2,8,4.0000
3666,7315.80,3494.39,2,7,3.5000
3667,7582.14,3942.39,2,3,0.0000
3668,7221.52,3890.14,NaN,NaN,NaN
3669,7590.40,3264.11,NaN,NaN,NaN
3670,7051.29,3325.30,0,0,0.0000
3671,7521.97,3319.88,2,2,0.0000
3672,7264.33,3569.74,NaN,NaN,NaN
3673,7352.75,3340.23,NaN,NaN,NaN
3674,7098.20,3474.56,0,0,0.0000
3675,7298.03,3412.52,NaN,NaN,NaN
3676,7524.62,3636.99,NaN,NaN,NaN
3677,7040.66,3779.31,2,3,0.0000
3678,7381.29,3710.87,NaN,NaN,NaN
3679,7347.75,3879.90,NaN,NaN,NaN
3680,7101.62,3902.29,0,0,0.0000
3681,7417.11,3792.69,NaN,NaN,NaN
3682,7539.43,3770.82,NaN,NaN,NaN
3683,7609.64,3661.34,NaN,NaN,NaN
3684,7571.50,3579.38,NaN,NaN,NaN
3685,7661.76,3910.30,NaN,NaN,NaN
3686,7349.00,3655.57,NaN,NaN,NaN
3687,7498.62,3418.88,NaN,NaN,NaN
3688,7455.33,3965.65,NaN,NaN,NaN
3689,7638.35,3950.71,2,7,3.5000
3690,7457.97,3243.43,0,0,0.0000
3691,7567.73,3442.53,NaN,NaN,NaN
3692,7647.01,3766.43,0,0,0.0000
3693,7104.57,3406.65,NaN,NaN,NaN
3694,7101.86,3253.75,NaN,NaN,NaN
3695,7604.33,3824.66,0,0,0.0000
3696,7404.66,3212.57,NaN,NaN,NaN
3697,7382.46,3447.00,3,3,0.0000
3698,7673.43,3509.82,0,0,0.0000
3699,7452.09,3438.11,NaN,NaN,NaN
3700,7622.58,3376.02,NaN,NaN,NaN
3701,7183.05,3822.00,2,5,2.5000
3702,7702.29,3809.39,NaN,NaN,NaN
3703,7217.62,3453.32,NaN,NaN,NaN
3704,7690.93,3445.60,0,0,0.0000
3705,7327.35,3203.70,NaN,NaN,NaN
3706,7562.56,3527.06,0,0,0.0000
3707,7713.43,3381.96,0,0,0.0000
3708,7084.64,3546.67,0,0,0.0000
3709,7735.55,3894.74,NaN,NaN,NaN
3710,7647.36,3713.23,0,0,0.0000
3711,7135.90,3753.45,2,8,4.0000
3712,7183.66,3301.39,0,0,0.0000
3713,7634.41,3561.47,NaN,NaN,NaN
3714,7153.61,3946.61,0,0,0.0000
3715,7672.46,3833.35,0,0,0.0000
3716,7529.53,3840.91,NaN,NaN,NaN
3717,7241.79,3308.18,2,3,0.0000
3718,7605.22,3421.92,NaN,NaN,NaN
3719,7178.26,3499.11,NaN,NaN,NaN
3720,7637.90,3524.92,NaN,NaN,NaN
3721,7571.50,3713.40,NaN,NaN,NaN
3722,7494.34,3892.93,NaN,NaN,NaN
3723,7321.74,3619.51,0,0,0.0000
3724,7424.89,3920.28,0,0,0.0000
3725,7747.15,3849.57,0,0,0.0000
3726,7445.75,3867.43,0,0,0.0000
3727,7411.37,3857.44,0,0,0.0000
3728,7188.03,3696.18,NaN,NaN,NaN
3729,7724.51,3484.83,0,0,0.0000
3730,7236.75,3806.89,0,0,0.0000
3731,7236.02,3838.55,0,0,0.0000
3732,7461.20,3814.21,0,0,0.0000
3733,7462.84,3717.33,2,3,0.0000
3734,7266.61,3680.15,NaN,NaN,NaN
3735,8431.56,3910.62,0,0,0.0000
3736,8346.55,3875.99,NaN,NaN,NaN
3737,8784.48,3773.70,NaN,NaN,NaN
3738,8847.07,3850.21,NaN,NaN,NaN
3739,8781.50,3879.15,0,0,0.0000
3740,8777.74,3825.53,NaN,NaN,NaN
3741,9296.05,3258.46,NaN,NaN,NaN
3742,10110.55,3584.92,NaN,NaN,NaN
3743,10030.33,3282.08,2,6,3.0000
3744,10106.54,3326.07,NaN,NaN,NaN
3745,10068.86,3900.71,NaN,NaN,NaN
3746,9494.49,3451.73,NaN,NaN,NaN
3747,9533.22,3255.24,2,3,0.0000
3748,10099.96,3497.05,NaN,NaN,NaN
3749,10091.85,3398.43,2,5,2.5000
3750,9556.85,3203.05,NaN,NaN,NaN
3751,9954.26,3271.24,NaN,NaN,NaN
3752,9446.89,3302.44,0,0,0.0000
3753,10022.41,3571.58,2,4,2.0000
3754,9992.92,3844.24,NaN,NaN,NaN
3755,9534.94,3406.85,2,3,0.0000
3756,9411.83,3283.62,0,0,0.0000
3757,9495.82,3319.86,0,0,0.0000
3758,9447.18,3406.99,NaN,NaN,NaN
3759,9426.73,3377.27,0,0,0.0000
3760,9585.66,3334.50,2,3,0.0000
3761,9564.80,3441.32,0,0,0.0000
3762,10015.60,3378.20,0,0,0.0000
3763,9592.40,3433.07,2,2,0.0000
3764,10071.05,3457.68,NaN,NaN,NaN
3765,9476.81,3377.53,0,0,0.0000
3766,9552.22,3334.54,NaN,NaN,NaN
3767,10788.67,3749.65,NaN,NaN,NaN
3768,10833.42,3245.67,2,1,0.0000
3769,10576.17,3742.60,0,0,0.0000
3770,10383.21,3248.67,NaN,NaN,NaN
3771,10557.43,3611.68,NaN,NaN,NaN
3772,10336.07,3378.20,NaN,NaN,NaN
3773,10836.74,3630.27,0,0,0.0000
3774,10427.46,3827.71,NaN,NaN,NaN
3775,10210.74,3763.90,0,0,0.0000
3776,10443.82,3517.09,0,0,0.0000
3777,10590.33,3238.67,0,0,0.0000
3778,10656.60,3603.67,NaN,NaN,NaN
3779,10356.65,3478.97,2,2,0.0000
3780,10363.77,3600.17,NaN,NaN,NaN
3781,10805.98,3959.02,NaN,NaN,NaN
3782,10422.11,3720.27,NaN,NaN,NaN
3783,10767.61,3860.03,NaN,NaN,NaN
3784,10352.44,3935.04,0,0,0.0000
3785,10350.25,3778.47,NaN,NaN,NaN
3786,10297.90,3765.01,NaN,NaN,NaN
3787,10754.75,3470.04,0,0,0.0000
3788,10684.37,3740.65,NaN,NaN,NaN
3789,10550.40,3954.98,0,0,0.0000
3790,10739.85,3268.54,0,0,0.0000
3791,10526.16,3761.25,NaN,NaN,NaN
3792,10330.92,3675.43,2,7,3.5000
3793,10718.09,3337.54,0,0,0.0000
3794,10823.88,3464.83,0,0,0.0000
3795,10280.19,3890.36,NaN,NaN,NaN
3796,10251.09,3387.30,NaN,NaN,NaN
3797,10146.69,3414.10,NaN,NaN,NaN
3798,10215.83,3657.66,NaN,NaN,NaN
3799,10638.09,3687.58,NaN,NaN,NaN
3800,10257.84,3483.49,NaN,NaN,NaN
3801,10817.20,3542.02,0,0,0.0000
3802,10550.39,3261.40,0,0,0.0000
3803,10667.64,3883.35,0,0,0.0000
3804,10261.80,3687.49,NaN,NaN,NaN
3805,10196.92,3222.01,NaN,NaN,NaN
3806,10631.18,3965.79,2,3,0.0000
3807,10691.12,3811.47,NaN,NaN,NaN
3808,10804.22,3306.52,0,0,0.0000
3809,10429.64,3642.04,0,0,0.0000
3810,10870.94,3380.05,2,3,0.0000
3811,10786.35,3374.93,0,0,0.0000
3812,10196.14,3449.81,2,3,0.0000
3813,10721.51,3889.53,NaN,NaN,NaN
3814,10565.06,3336.71,0,0,0.0000
3815,10452.41,3360.19,2,6,3.0000
3816,10405.46,3363.66,0,0,0.0000
3817,10357.39,3857.73,0,0,0.0000
3818,10493.03,3440.90,NaN,NaN,NaN
3819,10519.65,3844.19,NaN,NaN,NaN
3820,10279.28,3563.95,3,6,2.0000
3821,10558.09,3821.22,NaN,NaN,NaN
3822,10138.03,3225.92,NaN,NaN,NaN
3823,10761.46,3560.33,NaN,NaN,NaN
3824,10193.18,3889.92,2,4,2.0000
3825,10192.78,3324.22,0,0,0.0000
3826,10226.09,3587.34,0,0,0.0000
3827,10268.46,3319.94,3,6,2.0000
3828,10702.05,3438.01,2,3,0.0000
3829,10874.58,3887.66,NaN,NaN,NaN
3830,10164.24,3954.54,NaN,NaN,NaN
3831,10188.25,3275.41,0,0,0.0000
3832,10702.87,3502.51,0,0,0.0000
3833,10699.86,3396.38,NaN,NaN,NaN
3834,10684.92,3365.66,0,0,0.0000
3835,10909.29,3523.27,0,0,0.0000
3836,10997.97,3752.75,2,1,0.0000
3837,11606.18,3292.30,3,5,0.0000
3838,10923.23,3773.82,NaN,NaN,NaN
3839,11608.28,3410.30,2,5,2.5000
3840,10882.50,3832.92,NaN,NaN,NaN
3841,11040.13,3514.08,NaN,NaN,NaN
3842,10885.06,3954.20,NaN,NaN,NaN
3843,11531.75,3397.73,2,1,0.0000
3844,10954.00,3916.18,2,1,0.0000
3845,10965.68,3640.93,2,2,0.0000
3846,11548.03,3299.93,NaN,NaN,NaN
3847,11011.97,3371.88,NaN,NaN,NaN
3848,11024.64,3883.87,NaN,NaN,NaN
3849,11019.41,3645.90,3,3,0.0000
3850,10918.68,3705.09,0,0,0.0000
3851,10977.30,3464.09,NaN,NaN,NaN
3852,11636.15,3492.00,NaN,NaN,NaN
3853,11518.55,3324.53,NaN,NaN,NaN
3854,10995.44,3551.85,0,0,0.0000
3855,11055.82,3589.53,NaN,NaN,NaN
3856,11064.85,3432.16,NaN,NaN,NaN
3857,10989.60,3275.67,2,3,0.0000
3858,11068.01,3955.57,3,2,0.0000
3859,10947.91,3255.61,0,0,0.0000
3860,11031.91,3694.78,NaN,NaN,NaN
3861,12359.67,3492.11,NaN,NaN,NaN
3862,11928.98,3486.31,0,0,0.0000
3863,12352.34,3334.34,2,9,4.5000
3864,11791.98,3557.84,NaN,NaN,NaN
3865,12137.33,3502.89,NaN,NaN,NaN
3866,11726.34,3449.18,NaN,NaN,NaN
3867,12272.90,3353.34,0,0,0.0000
3868,11889.44,3231.82,NaN,NaN,NaN
3869,11821.00,3331.23,NaN,NaN,NaN
3870,12282.70,3527.90,NaN,NaN,NaN
3871,11671.96,3563.82,NaN,NaN,NaN
3872,12160.94,3382.88,NaN,NaN,NaN
3873,11663.23,3370.97,0,0,0.0000
3874,12275.37,3257.46,NaN,NaN,NaN
3875,12120.58,3326.33,NaN,NaN,NaN
3876,12280.60,3459.46,NaN,NaN,NaN
3877,12252.55,3208.04,NaN,NaN,NaN
3878,12058.93,3265.33,NaN,NaN,NaN
3879,12073.92,3487.88,2,1,0.0000
3880,11893.95,3424.92,NaN,NaN,NaN
3881,12149.08,3235.36,0,0,0.0000
3882,11939.90,3201.77,NaN,NaN,NaN
3883,11678.38,3253.80,0,0,0.0000
3884,11733.78,3282.15,0,0,0.0000
3885,12112.13,3266.40,NaN,NaN,NaN
3886,12198.09,3235.42,NaN,NaN,NaN
3887,12389.85,3248.64,0,0,0.0000
3888,12218.18,3432.40,0,0,0.0000
3889,11902.56,3335.28,0,0,0.0000
3890,12036.58,3346.34,0,0,0.0000
3891,11794.83,3235.78,2,4,2.0000
3892,11733.69,3216.20,NaN,NaN,NaN
3893,12021.77,3431.93,NaN,NaN,NaN
3894,12019.96,3238.25,0,0,0.0000
3895,11829.53,3392.96,0,0,0.0000
3896,11672.72,3453.11,0,0,0.0000
3897,12200.63,3551.70,0,0,0.0000
3898,11995.25,3309.10,0,0,0.0000
3899,12023.22,3501.12,NaN,NaN,NaN
3900,11826.78,3509.37,0,0,0.0000
3901,11747.90,3507.08,NaN,NaN,NaN
3902,12233.47,3573.80,0,0,0.0000
3903,11734.11,3544.54,0,0,0.0000
3904,12214.26,3294.47,0,0,0.0000
3905,11884.84,3371.27,0,0,0.0000
3906,11950.01,3330.61,0,0,0.0000
3907,12615.67,3432.61,NaN,NaN,NaN
3908,12442.59,3317.00,2,6,3.0000
3909,12800.72,3292.23,0,0,0.0000
3910,12721.57,3245.53,NaN,NaN,NaN
3911,12695.73,3333.16,2,5,2.5000
3912,12472.90,3471.97,NaN,NaN,NaN
3913,12744.75,3362.03,2,4,2.0000
3914,12593.41,3344.57,NaN,NaN,NaN
3915,12516.93,3423.12,NaN,NaN,NaN
3916,12633.34,3289.88,2,4,2.0000
3917,12421.74,3474.15,NaN,NaN,NaN
3918,12487.12,3259.84,NaN,NaN,NaN
3919,12547.36,3288.65,NaN,NaN,NaN
3920,12528.94,3495.18,0,0,0.0000
3921,12426.32,3400.93,0,0,0.0000
3922,13852.63,3863.08,0,0,0.0000
3923,13920.57,3869.95,NaN,NaN,NaN
3924,13757.27,3855.53,NaN,NaN,NaN
3925,13901.14,3942.05,NaN,NaN,NaN
3926,14692.36,3379.08,NaN,NaN,NaN
3927,14674.71,3235.70,NaN,NaN,NaN
3928,14056.51,3945.30,0,0,0.0000
3929,14683.67,3621.47,NaN,NaN,NaN
3930,14602.16,3789.23,NaN,NaN,NaN
3931,14176.43,3966.27,0,0,0.0000
3932,13969.38,3795.31,0,0,0.0000
3933,13956.67,3938.57,0,0,0.0000
3934,14483.87,3793.77,0,0,0.0000
3935,14081.71,3817.25,0,0,0.0000
3936,14425.26,3820.54,0,0,0.0000
3937,14675.89,3553.41,2,6,3.0000
3938,14410.23,3705.96,0,0,0.0000
3939,14609.71,3870.98,NaN,NaN,NaN
3940,14442.67,3785.37,0,0,0.0000
3941,14480.77,3858.65,0,0,0.0000
3942,14024.32,3846.68,NaN,NaN,NaN
3943,14718.52,3760.57,0,0,0.0000
3944,14568.83,3911.42,0,0,0.0000
3945,14934.48,3432.18,NaN,NaN,NaN
3946,14904.51,3638.35,NaN,NaN,NaN
3947,14791.96,3779.00,NaN,NaN,NaN
3948,14790.98,3431.74,0,0,0.0000
3949,14797.86,3540.40,NaN,NaN,NaN
3950,15112.35,3339.22,NaN,NaN,NaN
3951,14962.48,3674.75,0,0,0.0000
3952,15098.55,3554.75,3,9,3.0000
3953,14870.07,3566.97,NaN,NaN,NaN
3954,15030.68,3505.21,NaN,NaN,NaN
3955,15177.56,3366.88,NaN,NaN,NaN
3956,15051.78,3312.03,NaN,NaN,NaN
3957,14873.33,3348.85,3,5,0.0000
3958,14751.52,3277.00,0,0,0.0000
3959,14865.97,3834.84,0,0,0.0000
3960,15109.42,3229.43,0,0,0.0000
3961,14798.67,3630.27,NaN,NaN,NaN
3962,15013.74,3636.11,0,0,0.0000
3963,14766.01,3696.89,NaN,NaN,NaN
3964,15029.56,3397.69,NaN,NaN,NaN
3965,14971.28,3219.34,NaN,NaN,NaN
3966,14977.03,3559.01,NaN,NaN,NaN
3967,14819.09,3261.91,0,0,0.0000
3968,14908.51,3278.04,0,0,0.0000
3969,14987.48,3276.83,NaN,NaN,NaN
3970,15136.00,3437.08,NaN,NaN,NaN
3971,14830.03,3690.04,0,0,0.0000
3972,14974.63,3323.43,4,5,0.0000
3973,14857.26,3464.25,0,0,0.0000
3974,16048.38,3350.25,2,4,2.0000
3975,15835.63,3833.49,NaN,NaN,NaN
3976,16122.22,3447.71,0,0,0.0000
3977,15755.07,3947.18,2,5,2.5000
3978,15721.73,3640.26,NaN,NaN,NaN
3979,15966.63,3814.35,2,4,2.0000
3980,15720.80,3757.83,NaN,NaN,NaN
3981,16176.70,3367.30,NaN,NaN,NaN
3982,15796.48,3708.52,3,2,0.0000
3983,15875.82,3684.43,NaN,NaN,NaN
3984,16258.42,3252.39,0,0,0.0000
3985,15873.19,3604.63,0,0,0.0000
3986,16052.15,3632.96,0,0,0.0000
3987,15855.82,3935.48,NaN,NaN,NaN
3988,15938.33,3750.23,NaN,NaN,NaN
3989,15948.37,3586.67,0,0,0.0000
3990,16325.32,3201.31,NaN,NaN,NaN
3991,15793.01,3541.53,2,1,0.0000
3992,15727.93,3568.47,NaN,NaN,NaN
3993,15860.47,3523.50,4,6,0.0000
3994,15983.91,3662.44,0,0,0.0000
3995,15892.24,3870.23,0,0,0.0000
3996,15648.90,3734.75,NaN,NaN,NaN
3997,16071.12,3544.70,0,0,0.0000
3998,16009.06,3592.65,0,0,0.0000
3999,15899.00,3932.00,NaN,NaN,NaN
4000,16146.62,3204.09,2,5,2.5000
4001,15801.54,3796.00,0,0,0.0000
4002,15935.81,3684.81,2,4,2.0000
4003,16191.25,3252.48,NaN,NaN,NaN
4004,15906.17,3534.53,NaN,NaN,NaN
4005,16312.37,3260.20,NaN,NaN,NaN
4006,16093.84,3572.92,0,0,0.0000
4007,15817.46,3635.20,0,0,0.0000
4008,16129.32,3263.23,0,0,0.0000
4009,207.90,4284.50,0,0,0.0000
4010,252.42,4416.84,NaN,NaN,NaN
4011,94.72,4036.24,NaN,NaN,NaN
4012,339.12,4299.28,2,5,2.5000
4013,244.17,4160.76,3,4,0.0000
4014,300.38,4547.12,NaN,NaN,NaN
4015,77.94,4359.47,0,0,0.0000
4016,172.44,3974.45,NaN,NaN,NaN
4017,416.49,4535.28,NaN,NaN,NaN
4018,401.70,4457.06,NaN,NaN,NaN
4019,309.42,4130.28,NaN,NaN,NaN
4020,513.74,4602.85,0,0,0.0000
4021,158.54,4120.83,3,2,0.0000
4022,56.68,4274.86,NaN,NaN,NaN
4023,84.56,4155.87,0,0,0.0000
4024,283.91,4048.92,0,0,0.0000
4025,608.58,4658.09,0,0,0.0000
4026,397.43,4390.27,NaN,NaN,NaN
4027,76.19,4215.10,0,0,0.0000
4028,184.91,4058.38,0,0,0.0000
4029,375.56,4569.01,NaN,NaN,NaN
4030,114.53,4298.50,NaN,NaN,NaN
4031,446.11,4386.07,2,2,0.0000
4032,218.07,4348.91,3,6,2.0000
4033,711.43,4709.32,NaN,NaN,NaN
4034,16.82,4019.42,0,0,0.0000
4035,344.53,4219.40,NaN,NaN,NaN
4036,1614.04,4411.08,0,0,0.0000
4037,1605.52,4297.16,3,2,0.0000
4038,1661.39,4728.52,0,0,0.0000
4039,1622.18,4339.50,4,3,0.0000
4040,1621.29,4220.67,NaN,NaN,NaN
4041,1550.38,4360.51,NaN,NaN,NaN
4042,1644.21,4580.27,NaN,NaN,NaN
4043,1010.98,4031.13,3,7,2.3333
4044,1210.69,4005.09,4,4,0.0000
4045,1157.22,4026.40,2,2,0.0000
4046,1068.59,4035.54,0,0,0.0000
4047,1646.78,3969.41,0,0,0.0000
4048,1549.26,4307.57,0,0,0.0000
4049,1988.60,4421.35,NaN,NaN,NaN
4050,1735.45,4470.23,NaN,NaN,NaN
4051,2399.64,4713.94,6,20,3.3333
4052,2035.02,4088.97,6,10,0.0000
4053,1910.53,4241.62,NaN,NaN,NaN
4054,1946.82,4055.56,4,7,0.0000
4055,2302.23,4421.61,0,0,0.0000
4056,1762.43,4177.20,0,0,0.0000
4057,2415.98,4612.66,2,1,0.0000
4058,1867.35,4611.42,NaN,NaN,NaN
4059,2258.19,4569.19,NaN,NaN,NaN
4060,1837.71,4470.51,0,0,0.0000
4061,1933.82,4671.52,NaN,NaN,NaN
4062,2197.52,4504.69,NaN,NaN,NaN
4063,1870.13,4405.08,NaN,NaN,NaN
4064,2223.58,4412.83,NaN,NaN,NaN
4065,1666.09,4452.75,NaN,NaN,NaN
4066,2243.87,4665.90,NaN,NaN,NaN
4067,1941.01,4129.84,3,6,2.0000
4068,1796.49,4562.12,0,0,0.0000
4069,2103.95,4374.53,2,3,0.0000
4070,2076.88,4196.28,NaN,NaN,NaN
4071,1803.82,4308.18,0,0,0.0000
4072,2334.68,4621.44,NaN,NaN,NaN
4073,1696.73,4590.43,NaN,NaN,NaN
4074,1769.24,4029.79,0,0,0.0000
4075,1965.05,4206.49,0,0,0.0000
4076,1836.36,4218.25,4,5,0.0000
4077,2111.13,4093.70,3,4,0.0000
4078,1727.63,4046.70,NaN,NaN,NaN
4079,1764.26,4372.19,0,0,0.0000
4080,2355.95,4512.96,2,5,2.5000
4081,1790.37,4094.50,0,0,0.0000
4082,2191.20,4237.21,3,1,0.0000
4083,2048.54,4320.36,0,0,0.0000
4084,2149.80,4016.92,2,6,3.0000
4085,2051.24,4396.66,0,0,0.0000
4086,2163.61,4280.62,NaN,NaN,NaN
4087,2157.06,4067.53,0,0,0.0000
4088,1873.65,4087.87,0,0,0.0000
4089,2114.07,4486.47,NaN,NaN,NaN
4090,2314.88,4525.71,0,0,0.0000
4091,2110.16,4437.89,0,0,0.0000
4092,1880.56,4679.96,NaN,NaN,NaN
4093,2095.33,3975.42,0,0,0.0000
4094,2239.13,4285.01,NaN,NaN,NaN
4095,2049.64,3994.64,0,0,0.0000
4096,1691.53,4176.03,0,0,0.0000
4097,2265.94,4266.83,NaN,NaN,NaN
4098,2502.23,4716.84,NaN,NaN,NaN
4099,3028.95,4501.88,2,3,0.0000
4100,2562.61,4723.04,NaN,NaN,NaN
4101,3333.69,4036.22,NaN,NaN,NaN
4102,3632.86,3980.75,NaN,NaN,NaN
4103,3776.83,4652.35,NaN,NaN,NaN
4104,3599.10,4381.41,2,5,2.5000
4105,3659.12,4336.78,NaN,NaN,NaN
4106,3783.33,4379.58,NaN,NaN,NaN
4107,3435.73,4182.90,NaN,NaN,NaN
4108,3948.30,4339.72,2,2,0.0000
4109,3773.09,4532.45,NaN,NaN,NaN
4110,3431.15,4092.12,0,0,0.0000
4111,3416.48,3982.85,NaN,NaN,NaN
4112,3687.77,4243.34,0,0,0.0000
4113,3865.14,4512.31,NaN,NaN,NaN
4114,3495.01,4309.40,2,3,0.0000
4115,3483.60,4467.78,0,0,0.0000
4116,3571.38,4112.23,NaN,NaN,NaN
4117,3888.49,4382.71,NaN,NaN,NaN
4118,3595.29,4039.12,2,6,3.0000
4119,3578.59,4678.35,NaN,NaN,NaN
4120,3707.53,4646.48,3,4,0.0000
4121,3735.17,4057.49,0,0,0.0000
4122,3908.50,4444.14,NaN,NaN,NaN
4123,3662.21,4165.52,NaN,NaN,NaN
4124,3957.09,4714.24,5,9,0.0000
4125,3731.96,3973.92,NaN,NaN,NaN
4126,3525.98,4485.37,0,0,0.0000
4127,3540.93,4274.41,3,3,0.0000
4128,3616.71,4618.76,2,3,0.0000
4129,3630.84,4536.59,NaN,NaN,NaN
4130,3698.76,4517.15,0,0,0.0000
4131,3915.48,4635.51,NaN,NaN,NaN
4132,3799.45,4163.28,NaN,NaN,NaN
4133,3440.06,4333.95,NaN,NaN,NaN
4134,3581.12,4236.35,NaN,NaN,NaN
4135,3273.56,3968.05,0,0,0.0000
4136,3517.75,3995.55,0,0,0.0000
4137,3754.43,4444.64,2,4,2.0000
4138,3775.89,4276.75,0,0,0.0000
4139,3852.26,4259.24,NaN,NaN,NaN
4140,3574.53,4523.65,2,1,0.0000
4141,3454.78,4406.93,NaN,NaN,NaN
4142,3462.59,4003.23,0,0,0.0000
4143,3853.15,4579.07,NaN,NaN,NaN
4144,3898.83,4206.11,0,0,0.0000
4145,3964.97,4640.34,NaN,NaN,NaN
4146,3721.83,4140.82,NaN,NaN,NaN
4147,3784.90,4206.65,NaN,NaN,NaN
4148,3616.15,4454.98,4,5,0.0000
4149,3516.73,4065.48,NaN,NaN,NaN
4150,3586.34,4285.79,0,0,0.0000
4151,3371.08,4201.33,3,4,0.0000
4152,3542.17,4604.86,0,0,0.0000
4153,3681.73,4108.57,0,0,0.0000
4154,3633.10,4706.00,2,3,0.0000
4155,4054.41,4694.53,NaN,NaN,NaN
4156,4005.81,4599.60,NaN,NaN,NaN
4157,4612.41,4127.36,NaN,NaN,NaN
4158,4536.21,4049.19,0,0,0.0000
4159,4584.10,4216.90,0,0,0.0000
4160,4686.42,4038.55,2,5,2.5000
4161,4163.41,4707.37,5,4,0.0000
4162,4476.39,3980.95,NaN,NaN,NaN
4163,4473.00,4052.51,0,0,0.0000
4164,4684.36,4344.26,NaN,NaN,NaN
4165,4386.70,4124.50,0,0,0.0000
4166,4728.68,4177.17,0,0,0.0000
4167,4528.23,4124.93,0,0,0.0000
4168,4644.09,4210.51,3,4,0.0000
4169,4624.51,4026.55,0,0,0.0000
4170,4731.15,4009.23,NaN,NaN,NaN
4171,4399.54,4071.55,NaN,NaN,NaN
4172,4588.95,3977.10,0,0,0.0000
4173,4699.88,4141.92,2,2,0.0000
4174,3994.70,4509.87,0,0,0.0000
4175,4694.63,4223.77,NaN,NaN,NaN
4176,5383.95,4413.83,2,4,2.0000
4177,5432.85,4682.52,0,0,0.0000
4178,4987.22,4721.12,NaN,NaN,NaN
4179,5088.98,4024.04,NaN,NaN,NaN
4180,5500.68,4397.99,0,0,0.0000
4181,5429.79,3993.39,3,2,0.0000
4182,5146.35,4232.20,4,6,0.0000
4183,5274.53,4197.56,0,0,0.0000
4184,4927.69,4481.16,NaN,NaN,NaN
4185,5461.02,4099.56,0,0,0.0000
4186,5415.43,4205.31,NaN,NaN,NaN
4187,4875.18,4590.43,NaN,NaN,NaN
4188,5010.94,4363.44,NaN,NaN,NaN
4189,5007.12,4211.91,NaN,NaN,NaN
4190,4996.14,4518.12,NaN,NaN,NaN
4191,4905.42,4348.73,NaN,NaN,NaN
4192,4825.94,4131.39,NaN,NaN,NaN
4193,5129.26,4545.49,NaN,NaN,NaN
4194,5309.60,4266.00,NaN,NaN,NaN
4195,5148.99,4610.62,NaN,NaN,NaN
4196,4765.09,4270.72,NaN,NaN,NaN
4197,5328.33,3999.16,NaN,NaN,NaN
4198,4781.22,4056.86,NaN,NaN,NaN
4199,4957.44,4085.86,NaN,NaN,NaN
4200,5196.42,4109.05,2,3,0.0000
4201,5351.05,4130.36,2,0,0.0000
4202,4837.83,4250.41,NaN,NaN,NaN
4203,5274.00,4115.51,NaN,NaN,NaN
4204,4824.98,4354.01,0,0,0.0000
4205,5382.25,4059.37,2,2,0.0000
4206,5072.43,4207.00,NaN,NaN,NaN
4207,4896.72,3995.86,2,7,3.5000
4208,4826.90,3985.70,4,6,0.0000
4209,5080.42,4650.89,2,7,3.5000
4210,5217.57,4265.93,NaN,NaN,NaN
4211,5268.92,4624.64,NaN,NaN,NaN
4212,4924.57,4148.81,NaN,NaN,NaN
4213,5149.06,4366.43,NaN,NaN,NaN
4214,4949.36,4202.01,2,4,2.0000
4215,4989.95,4606.42,NaN,NaN,NaN
4216,5094.73,4130.43,2,6,3.0000
4217,4949.72,3989.83,NaN,NaN,NaN
4218,5388.09,4612.82,2,7,3.5000
4219,5238.21,4457.17,NaN,NaN,NaN
4220,5187.42,4675.54,NaN,NaN,NaN
4221,5178.57,4007.55,NaN,NaN,NaN
4222,5252.16,4683.55,NaN,NaN,NaN
4223,4749.92,4125.42,2,2,0.0000
4224,4886.94,4095.93,0,0,0.0000
4225,5098.73,4410.87,3,2,0.0000
4226,4880.39,4254.82,NaN,NaN,NaN
4227,5234.80,4034.27,0,0,0.0000
4228,5082.13,4326.90,2,3,0.0000
4229,4937.83,4277.08,NaN,NaN,NaN
4230,4860.63,4454.10,NaN,NaN,NaN
4231,5421.57,4564.94,NaN,NaN,NaN
4232,4821.56,4525.34,NaN,NaN,NaN
4233,5233.88,4528.62,2,4,2.0000
4234,5132.03,4172.90,3,3,0.0000
4235,5310.98,4431.43,0,0,0.0000
4236,5298.85,4505.81,2,0,0.0000
4237,5282.32,4068.34,0,0,0.0000
4238,5175.49,4426.79,4,7,0.0000
4239,5054.21,4552.93,NaN,NaN,NaN
4240,4775.29,4477.30,NaN,NaN,NaN
4241,5317.60,4560.38,NaN,NaN,NaN
4242,4831.54,4473.14,0,0,0.0000
4243,4907.67,4202.65,0,0,0.0000
4244,4795.93,4209.19,NaN,NaN,NaN
4245,5104.07,4480.41,3,5,0.0000
4246,5126.44,4455.53,NaN,NaN,NaN
4247,4859.71,4182.35,NaN,NaN,NaN
4248,5060.49,4089.35,NaN,NaN,NaN
4249,5303.29,4035.70,0,0,0.0000
4250,4780.10,4348.44,NaN,NaN,NaN
4251,6077.38,4129.97,0,0,0.0000
4252,5529.44,4545.35,0,0,0.0000
4253,5956.93,4282.51,5,6,0.0000
4254,5693.00,4209.83,2,4,2.0000
4255,5893.82,4152.43,NaN,NaN,NaN
4256,5589.27,4361.68,2,3,0.0000
4257,6203.75,4297.47,NaN,NaN,NaN
4258,5810.82,4696.40,2,4,2.0000
4259,5746.26,4625.69,4,4,0.0000
4260,5710.69,4411.43,2,7,3.5000
4261,5763.39,4507.24,NaN,NaN,NaN
4262,6114.36,4445.55,2,2,0.0000
4263,5799.59,4406.08,0,0,0.0000
4264,5902.00,4583.91,NaN,NaN,NaN
4265,6102.35,4548.17,NaN,NaN,NaN
4266,5561.40,4040.61,NaN,NaN,NaN
4267,5591.12,4213.66,NaN,NaN,NaN
4268,5900.35,4398.61,NaN,NaN,NaN
4269,5651.78,3997.28,2,4,2.0000
4270,6031.59,4470.95,0,0,0.0000
4271,5826.71,4321.22,NaN,NaN,NaN
4272,5835.94,4257.16,0,0,0.0000
4273,5763.74,4121.98,2,3,0.0000
4274,5765.30,4019.05,0,0,0.0000
4275,6228.20,4165.23,NaN,NaN,NaN
4276,6140.87,4623.99,2,2,0.0000
4277,5925.05,4088.90,0,0,0.0000
4278,5526.33,4174.98,NaN,NaN,NaN
4279,5623.45,4620.61,NaN,NaN,NaN
4280,6261.94,4029.66,NaN,NaN,NaN
4281,5981.15,4515.94,NaN,NaN,NaN
4282,5726.41,4556.25,0,0,0.0000
4283,6042.70,4581.48,2,5,2.5000
4284,6174.96,4050.48,0,0,0.0000
4285,5567.71,4450.15,0,0,0.0000
4286,5886.08,4684.68,NaN,NaN,NaN
4287,5786.82,4067.94,NaN,NaN,NaN
4288,5828.16,4175.04,NaN,NaN,NaN
4289,5624.49,4489.91,0,0,0.0000
4290,5645.45,4549.08,NaN,NaN,NaN
4291,5873.10,4328.35,NaN,NaN,NaN
4292,5516.93,4108.92,NaN,NaN,NaN
4293,5717.68,3978.36,0,0,0.0000
4294,5957.18,4359.18,NaN,NaN,NaN
4295,6069.28,4652.85,0,0,0.0000
4296,5617.78,4690.54,NaN,NaN,NaN
4297,5937.18,4507.06,3,9,3.0000
4298,6009.51,4138.75,0,0,0.0000
4299,6252.45,4223.90,4,4,0.0000
4300,5867.01,4512.66,NaN,NaN,NaN
4301,5652.62,4458.69,NaN,NaN,NaN
4302,5596.28,4111.05,0,0,0.0000
4303,6118.32,4677.19,NaN,NaN,NaN
4304,6012.33,4255.01,NaN,NaN,NaN
4305,5650.20,4291.64,NaN,NaN,NaN
4306,5833.80,4599.45,NaN,NaN,NaN
4307,5795.57,4473.82,0,0,0.0000
4308,7035.66,4609.89,0,0,0.0000
4309,6500.28,4036.85,NaN,NaN,NaN
4310,6466.48,4238.17,3,4,0.0000
4311,6634.29,4728.20,3,8,2.6667
4312,6766.27,4530.90,2,6,3.0000
4313,6913.43,4113.44,0,0,0.0000
4314,6635.62,4127.38,2,4,2.0000
4315,6760.26,4361.90,NaN,NaN,NaN
4316,6856.23,4597.85,2,2,0.0000
4317,6385.23,4072.49,NaN,NaN,NaN
4318,6996.48,4319.25,NaN,NaN,NaN
4319,6464.90,4597.78,NaN,NaN,NaN
4320,6968.13,4216.94,0,0,0.0000
4321,6711.18,4070.30,NaN,NaN,NaN
4322,6834.79,4267.77,2,5,2.5000
4323,6904.09,3989.78,NaN,NaN,NaN
4324,6560.95,4261.34,NaN,NaN,NaN
4325,7007.62,4052.29,0,0,0.0000
4326,6369.08,4601.85,NaN,NaN,NaN
4327,6677.15,4590.80,2,3,0.0000
4328,6444.78,4660.14,NaN,NaN,NaN
4329,6825.94,4186.29,NaN,NaN,NaN
4330,6304.41,4498.72,0,0,0.0000
4331,6596.94,4340.45,NaN,NaN,NaN
4332,6468.12,4426.83,0,0,0.0000
4333,7035.17,4135.11,0,0,0.0000
4334,6822.00,4118.93,NaN,NaN,NaN
4335,6572.13,4617.26,NaN,NaN,NaN
4336,6545.18,4515.90,3,4,0.0000
4337,6726.32,4640.12,NaN,NaN,NaN
4338,6557.11,4697.31,NaN,NaN,NaN
4339,6753.72,4002.60,0,0,0.0000
4340,6628.04,4001.55,NaN,NaN,NaN
4341,6753.35,4266.45,2,5,2.5000
4342,6782.80,4627.21,0,0,0.0000
4343,6918.12,4627.36,NaN,NaN,NaN
4344,6725.94,4170.46,NaN,NaN,NaN
4345,6574.28,3990.44,NaN,NaN,NaN
4346,6434.84,4036.95,NaN,NaN,NaN
4347,6374.67,4684.03,NaN,NaN,NaN
4348,6703.93,4437.65,0,0,0.0000
4349,6304.38,4097.30,0,0,0.0000
4350,6515.96,4185.01,NaN,NaN,NaN
4351,6409.44,4326.94,3,5,0.0000
4352,6627.81,4418.13,0,0,0.0000
4353,6502.95,4363.27,NaN,NaN,NaN
4354,6939.14,4361.62,NaN,NaN,NaN
4355,6658.64,4511.40,0,0,0.0000
4356,6964.79,4552.34,0,0,0.0000
4357,6926.60,4297.88,NaN,NaN,NaN
4358,6892.89,4275.44,NaN,NaN,NaN
4359,6768.85,4686.84,0,0,0.0000
4360,6992.14,3981.01,0,0,0.0000
4361,6434.65,4497.51,0,0,0.0000
4362,6552.27,4412.97,NaN,NaN,NaN
4363,6635.53,4277.95,0,0,0.0000
4364,6397.67,4724.91,0,0,0.0000
4365,6608.96,4487.29,2,3,0.0000
4366,6698.57,4372.13,2,8,4.0000
4367,6759.81,4113.61,NaN,NaN,NaN
4368,6468.11,4126.22,NaN,NaN,NaN
4369,7361.67,4003.73,NaN,NaN,NaN
4370,7254.46,4399.50,2,2,0.0000
4371,7150.54,4047.38,NaN,NaN,NaN
4372,7765.39,4108.39,NaN,NaN,NaN
4373,7774.61,4292.98,0,0,0.0000
4374,7689.76,4619.88,NaN,NaN,NaN
4375,7493.19,4591.67,0,0,0.0000
4376,7399.78,4423.48,2,4,2.0000
4377,7428.58,4173.55,0,0,0.0000
4378,7648.18,4198.31,NaN,NaN,NaN
4379,7316.44,4629.27,NaN,NaN,NaN
4380,7192.14,4174.32,0,0,0.0000
4381,7465.92,4325.18,NaN,NaN,NaN
4382,7591.84,4721.82,NaN,NaN,NaN
4383,7583.98,4447.61,0,0,0.0000
4384,7455.66,4046.10,NaN,NaN,NaN
4385,7779.45,4384.14,0,0,0.0000
4386,7658.95,4392.24,NaN,NaN,NaN
4387,7689.56,4320.51,0,0,0.0000
4388,7613.71,4534.81,2,3,0.0000
4389,7127.43,4416.29,3,2,0.0000
4390,7416.21,4538.17,NaN,NaN,NaN
4391,7739.56,4453.29,2,3,0.0000
4392,7488.33,4689.80,NaN,NaN,NaN
4393,7520.93,4086.45,NaN,NaN,NaN
4394,7248.43,4603.30,NaN,NaN,NaN
4395,7298.10,4074.04,NaN,NaN,NaN
4396,7415.68,4300.01,0,0,0.0000
4397,7196.30,4692.43,NaN,NaN,NaN
4398,7443.08,4121.21,0,0,0.0000
4399,7076.16,3993.17,2,3,0.0000
4400,7715.44,4498.72,0,0,0.0000
4401,7553.96,4312.33,NaN,NaN,NaN
4402,7710.10,4564.25,0,0,0.0000
4403,7775.42,4706.31,0,0,0.0000
4404,7799.57,4504.36,0,0,0.0000
4405,7061.27,4275.49,0,0,0.0000
4406,7331.38,4128.74,0,0,0.0000
4407,7221.41,4247.63,NaN,NaN,NaN
4408,7182.34,4326.88,0,0,0.0000
4409,7116.39,4220.15,NaN,NaN,NaN
4410,7279.43,4168.71,NaN,NaN,NaN
4411,7565.41,4623.69,0,0,0.0000
4412,7755.64,4203.95,0,0,0.0000
4413,7365.91,4711.45,0,0,0.0000
4414,7715.32,4678.64,3,6,2.0000
4415,7673.96,4099.87,0,0,0.0000
4416,7416.96,4704.09,NaN,NaN,NaN
4417,7101.10,4343.43,0,0,0.0000
4418,7405.96,4648.95,NaN,NaN,NaN
4419,7536.31,4377.32,0,0,0.0000
4420,7584.39,4210.19,0,0,0.0000
4421,7389.85,4235.49,NaN,NaN,NaN
4422,7305.17,4716.61,3,4,0.0000
4423,7254.51,4518.91,NaN,NaN,NaN
4424,7507.12,4258.89,0,0,0.0000
4425,7138.13,4654.51,2,4,2.0000
4426,7685.00,4161.27,2,6,3.0000
4427,7611.33,4666.56,0,0,0.0000
4428,7103.50,4718.05,0,0,0.0000
4429,7308.67,4548.02,NaN,NaN,NaN
4430,7781.93,4036.08,NaN,NaN,NaN
4431,7199.34,4098.06,NaN,NaN,NaN
4432,7351.18,4485.45,0,0,0.0000
4433,7155.40,4286.77,NaN,NaN,NaN
4434,7799.97,4014.83,NaN,NaN,NaN
4435,7232.01,4106.96,NaN,NaN,NaN
4436,7041.93,4521.40,NaN,NaN,NaN
4437,7159.30,4621.08,NaN,NaN,NaN
4438,7655.92,4461.10,NaN,NaN,NaN
4439,7309.89,4278.57,2,6,3.0000
4440,7403.28,4601.88,0,0,0.0000
4441,7270.05,4294.91,0,0,0.0000
4442,7126.49,4484.86,NaN,NaN,NaN
4443,7248.78,4052.48,2,6,3.0000
4444,7426.85,4483.69,NaN,NaN,NaN
4445,7049.01,4386.19,3,3,0.0000
4446,7612.52,4309.38,0,0,0.0000
4447,7873.17,4072.22,NaN,NaN,NaN
4448,7846.37,4657.83,NaN,NaN,NaN
4449,7858.73,4270.08,0,0,0.0000
4450,7890.68,4470.20,0,0,0.0000
4451,8060.17,4620.81,2,5,2.5000
4452,8050.44,4553.96,NaN,NaN,NaN
4453,7877.25,4578.07,NaN,NaN,NaN
4454,7835.15,4118.91,NaN,NaN,NaN
4455,7837.97,4726.11,NaN,NaN,NaN
4456,7908.36,4729.48,0,0,0.0000
4457,7876.56,4343.33,3,5,0.0000
4458,7932.03,4653.81,0,0,0.0000
4459,8039.53,4722.87,NaN,NaN,NaN
4460,8494.61,4035.18,NaN,NaN,NaN
4461,7814.44,4457.26,0,0,0.0000
4462,7905.66,4537.99,0,0,0.0000
4463,8547.60,4235.39,0,0,0.0000
4464,7951.32,4478.28,0,0,0.0000
4465,7973.44,4557.12,0,0,0.0000
4466,7997.88,4532.00,0,0,0.0000
4467,8460.37,3982.92,0,0,0.0000
4468,7956.30,4583.42,0,0,0.0000
4469,8555.51,4368.48,0,0,0.0000
4470,8035.88,4490.55,NaN,NaN,NaN
4471,7955.54,4707.36,0,0,0.0000
4472,9264.98,4729.14,NaN,NaN,NaN
4473,9216.38,4302.13,0,0,0.0000
4474,9150.66,4407.09,NaN,NaN,NaN
4475,9229.75,4213.45,NaN,NaN,NaN
4476,9268.54,4508.94,0,0,0.0000
4477,9231.36,4574.47,NaN,NaN,NaN
4478,9341.81,4293.02,NaN,NaN,NaN
4479,9135.28,4335.39,0,0,0.0000
4480,9309.64,4333.26,NaN,NaN,NaN
4481,9220.33,4660.40,NaN,NaN,NaN
4482,9199.61,4734.82,0,0,0.0000
4483,9284.83,4642.01,NaN,NaN,NaN
4484,9215.73,4455.12,NaN,NaN,NaN
4485,9163.71,4261.72,NaN,NaN,NaN
4486,9316.84,4413.69,NaN,NaN,NaN
4487,8576.17,4195.14,NaN,NaN,NaN
4488,9299.48,4194.38,NaN,NaN,NaN
4489,8593.45,4352.90,NaN,NaN,NaN
4490,9176.83,4496.34,2,3,0.0000
4491,9250.63,4169.97,NaN,NaN,NaN
4492,9229.44,4388.02,2,4,2.0000
4493,8583.29,4287.35,0,0,0.0000
4494,8645.01,4503.63,NaN,NaN,NaN
4495,8578.29,4406.27,0,0,0.0000
4496,9464.21,4245.85,NaN,NaN,NaN
4497,9971.02,4593.10,NaN,NaN,NaN
4498,10106.87,4686.03,NaN,NaN,NaN
4499,9347.50,4587.84,0,0,0.0000
4500,9462.67,4591.40,2,3,0.0000
4501,9860.04,4365.36,NaN,NaN,NaN
4502,9889.26,4532.25,NaN,NaN,NaN
4503,9357.65,4191.95,0,0,0.0000
4504,10056.13,4294.78,NaN,NaN,NaN
4505,9874.25,4670.21,NaN,NaN,NaN
4506,9473.48,4436.56,NaN,NaN,NaN
4507,9874.88,4444.05,3,7,2.3333
4508,9931.31,3983.59,NaN,NaN,NaN
4509,9930.77,4327.50,NaN,NaN,NaN
4510,10083.96,4396.12,NaN,NaN,NaN
4511,9466.26,4672.59,0,0,0.0000
4512,9468.88,4348.22,NaN,NaN,NaN
4513,10022.15,4659.50,0,0,0.0000
4514,9859.39,4106.04,2,2,0.0000
4515,9934.62,4143.30,0,0,0.0000
4516,9965.31,4201.80,0,0,0.0000
4517,9402.94,4681.01,0,0,0.0000
4518,9404.55,4405.08,0,0,0.0000
4519,10036.64,4473.98,0,0,0.0000
4520,9998.86,4124.69,NaN,NaN,NaN
4521,10070.73,4589.65,NaN,NaN,NaN
4522,10067.74,4194.38,0,0,0.0000
4523,9819.03,4726.06,NaN,NaN,NaN
4524,9995.20,4056.49,NaN,NaN,NaN
4525,10075.58,4101.80,2,5,2.5000
4526,10065.78,4017.19,0,0,0.0000
4527,9935.26,4382.76,0,0,0.0000
4528,9754.05,4217.00,NaN,NaN,NaN
4529,10101.48,4499.75,NaN,NaN,NaN
4530,9918.22,4275.29,NaN,NaN,NaN
4531,9811.67,4159.99,2,2,0.0000
4532,9903.76,4596.13,2,6,3.0000
4533,9410.49,4475.62,NaN,NaN,NaN
4534,9920.02,4058.98,0,0,0.0000
4535,9974.70,4250.99,NaN,NaN,NaN
4536,9835.46,4514.66,NaN,NaN,NaN
4537,9372.92,4262.33,NaN,NaN,NaN
4538,9850.59,4144.76,0,0,0.0000
4539,10766.02,4266.16,NaN,NaN,NaN
4540,10405.05,4096.22,2,2,0.0000
4541,10640.30,4313.22,NaN,NaN,NaN
4542,10293.41,4671.36,NaN,NaN,NaN
4543,10476.21,4470.16,NaN,NaN,NaN
4544,10563.87,4116.42,0,0,0.0000
4545,10188.46,4724.47,2,4,2.0000
4546,10637.31,4160.57,2,3,0.0000
4547,10469.71,4703.43,NaN,NaN,NaN
4548,10708.68,3976.89,NaN,NaN,NaN
4549,10847.02,4207.86,2,4,2.0000
4550,10748.06,4496.18,NaN,NaN,NaN
4551,10617.35,4500.76,NaN,NaN,NaN
4552,10132.74,4308.49,2,7,3.5000
4553,10861.81,4550.43,0,0,0.0000
4554,10152.99,4566.05,NaN,NaN,NaN
4555,10778.62,4048.76,0,0,0.0000
4556,10266.54,4114.54,NaN,NaN,NaN
4557,10817.00,4686.65,0,0,0.0000
4558,10332.06,4555.00,NaN,NaN,NaN
4559,10600.45,4617.45,NaN,NaN,NaN
4560,10699.25,4100.71,NaN,NaN,NaN
4561,10713.93,4637.57,NaN,NaN,NaN
4562,10305.41,4022.59,NaN,NaN,NaN
4563,10256.64,4234.25,0,0,0.0000
4564,10679.88,4459.85,NaN,NaN,NaN
4565,10199.65,4422.12,0,0,0.0000
4566,10486.85,4067.21,NaN,NaN,NaN
4567,10663.80,4607.97,2,3,0.0000
4568,10513.94,4586.87,0,0,0.0000
4569,10543.73,4671.38,NaN,NaN,NaN
4570,10498.08,4173.03,0,0,0.0000
4571,10554.07,4248.86,NaN,NaN,NaN
4572,10384.29,4344.06,NaN,NaN,NaN
4573,10328.17,4184.60,NaN,NaN,NaN
4574,10462.01,4238.11,0,0,0.0000
4575,10353.80,4417.49,0,0,0.0000
4576,10741.17,4367.12,NaN,NaN,NaN
4577,10297.78,4345.28,NaN,NaN,NaN
4578,10578.51,4385.40,NaN,NaN,NaN
4579,10384.29,4648.32,0,0,0.0000
4580,10870.73,4406.81,NaN,NaN,NaN
4581,10226.50,3970.56,NaN,NaN,NaN
4582,10785.90,4599.91,NaN,NaN,NaN
4583,10241.52,4036.99,NaN,NaN,NaN
4584,10175.20,4239.88,0,0,0.0000
4585,10381.22,4522.14,0,0,0.0000
4586,10258.59,4490.86,NaN,NaN,NaN
4587,10870.67,4124.98,NaN,NaN,NaN
4588,10247.02,4577.12,NaN,NaN,NaN
4589,10332.85,4275.82,2,5,2.5000
4590,10675.99,4036.78,NaN,NaN,NaN
4591,10133.74,4014.62,NaN,NaN,NaN
4592,10199.59,4156.14,0,0,0.0000
4593,10783.69,4156.05,0,0,0.0000
4594,10199.08,4346.16,NaN,NaN,NaN
4595,10389.14,4731.85,NaN,NaN,NaN
4596,10822.58,4112.29,0,0,0.0000
4597,10408.56,4198.41,2,3,0.0000
4598,10130.15,4446.48,NaN,NaN,NaN
4599,10451.61,4610.44,0,0,0.0000
4600,10225.93,4291.10,0,0,0.0000
4601,10822.52,4442.34,2,1,0.0000
4602,10624.17,4041.16,NaN,NaN,NaN
4603,10527.00,4340.43,0,0,0.0000
4604,10578.42,4035.37,0,0,0.0000
4605,10115.49,4181.53,0,0,0.0000
4606,11138.70,4334.37,NaN,NaN,NaN
4607,10994.50,4176.61,3,1,0.0000
4608,11087.97,4129.68,2,3,0.0000
4609,10921.58,4088.51,0,0,0.0000
4610,11176.59,4693.60,NaN,NaN,NaN
4611,10934.05,4583.06,0,0,0.0000
4612,11075.64,4449.95,0,0,0.0000
4613,11178.04,4431.38,0,0,0.0000
4614,10928.92,4433.04,NaN,NaN,NaN
4615,11133.39,4476.36,NaN,NaN,NaN
4616,11006.03,3991.30,NaN,NaN,NaN
4617,11099.70,4697.15,2,6,3.0000
4618,11111.08,4596.24,NaN,NaN,NaN
4619,11036.00,4321.14,NaN,NaN,NaN
4620,11021.41,4484.91,2,2,0.0000
4621,11007.70,4385.12,0,0,0.0000
4622,11257.63,4678.62,NaN,NaN,NaN
4623,11039.89,3971.88,NaN,NaN,NaN
4624,11027.24,4646.28,NaN,NaN,NaN
4625,11069.74,4269.97,NaN,NaN,NaN
4626,11165.14,4612.79,NaN,NaN,NaN
4627,11012.49,4067.52,NaN,NaN,NaN
4628,11080.42,4051.20,0,0,0.0000
4629,10961.05,4346.86,2,2,0.0000
4630,10971.33,4039.92,0,0,0.0000
4631,11114.01,4235.57,NaN,NaN,NaN
4632,11213.86,4638.23,NaN,NaN,NaN
4633,10980.35,4702.01,3,6,2.0000
4634,10921.58,4293.51,NaN,NaN,NaN
4635,10973.12,4291.86,NaN,NaN,NaN
4636,13912.96,4407.32,0,0,0.0000
4637,13773.93,4455.47,0,0,0.0000
4638,13915.61,4669.15,NaN,NaN,NaN
4639,13860.93,4512.34,NaN,NaN,NaN
4640,13810.33,4349.80,0,0,0.0000
4641,13845.20,4396.08,NaN,NaN,NaN
4642,13867.63,4272.54,NaN,NaN,NaN
4643,13921.03,4224.33,2,6,3.0000
4644,13924.77,4126.50,NaN,NaN,NaN
4645,13826.85,4701.71,0,0,0.0000
4646,13945.78,4481.91,2,3,0.0000
4647,13866.42,4619.63,NaN,NaN,NaN
4648,13911.97,4542.05,2,2,0.0000
4649,14222.53,4333.75,NaN,NaN,NaN
4650,14086.17,4669.92,4,7,0.0000
4651,14091.97,4228.24,NaN,NaN,NaN
4652,14182.78,4113.40,2,3,0.0000
4653,14123.67,4520.54,2,8,4.0000
4654,14374.09,4304.80,2,4,2.0000
4655,14229.78,4683.97,NaN,NaN,NaN
4656,14705.61,4166.19,2,2,0.0000
4657,14034.40,4595.29,0,0,0.0000
4658,14361.06,4531.53,NaN,NaN,NaN
4659,14416.17,4402.13,NaN,NaN,NaN
4660,14009.52,4241.29,NaN,NaN,NaN
4661,14107.73,4047.27,0,0,0.0000
4662,14333.19,4130.67,NaN,NaN,NaN
4663,14227.18,4504.19,2,3,0.0000
4664,14349.63,4689.80,2,7,3.5000
4665,14451.62,4457.12,2,2,0.0000
4666,14429.12,4248.35,NaN,NaN,NaN
4667,14493.52,4401.89,5,8,0.0000
4668,14119.88,4327.79,2,5,2.5000
4669,14170.08,4403.62,0,0,0.0000
4670,14421.90,4137.04,0,0,0.0000
4671,14397.83,4611.19,0,0,0.0000
4672,14020.91,4507.88,0,0,0.0000
4673,14641.63,4057.36,0,0,0.0000
4674,14380.61,4460.06,NaN,NaN,NaN
4675,14498.10,4638.69,2,6,3.0000
4676,14236.94,4040.57,NaN,NaN,NaN
4677,13956.10,4585.78,3,5,0.0000
4678,14470.68,4329.18,0,0,0.0000
4679,14292.70,4513.83,NaN,NaN,NaN
4680,14540.06,4258.93,0,0,0.0000
4681,13991.02,4447.64,NaN,NaN,NaN
4682,14291.97,4429.08,3,2,0.0000
4683,14437.55,4521.73,0,0,0.0000
4684,14417.63,4075.84,NaN,NaN,NaN
4685,14257.47,4599.38,NaN,NaN,NaN
4686,14679.30,4027.86,0,0,0.0000
4687,14609.02,4246.27,0,0,0.0000
4688,14661.68,4274.92,0,0,0.0000
4689,14037.10,4415.11,NaN,NaN,NaN
4690,13988.66,3981.61,0,0,0.0000
4691,14480.76,4056.70,0,0,0.0000
4692,14649.14,4217.07,0,0,0.0000
4693,14527.18,4075.87,NaN,NaN,NaN
4694,14575.29,4349.91,0,0,0.0000
4695,14775.87,4246.99,0,0,0.0000
4696,14872.25,4230.37,0,0,0.0000
4697,14875.72,4123.71,NaN,NaN,NaN
4698,14810.01,4089.22,0,0,0.0000
4699,14779.95,4031.63,2,1,0.0000
4700,14752.91,4112.05,0,0,0.0000
4701,14846.85,4171.95,0,0,0.0000
4702,14797.93,4136.67,0,0,0.0000
4703,15916.43,4007.52,NaN,NaN,NaN
4704,15828.43,4036.98,NaN,NaN,NaN
4705,15726.35,4027.57,NaN,NaN,NaN
4706,15672.91,3981.14,0,0,0.0000
4707,15868.89,4056.99,2,2,0.0000
4708,15829.41,3982.67,0,0,0.0000
4709,386.61,5339.19,3,5,0.0000
4710,482.36,5127.01,3,5,0.0000
4711,343.23,5035.43,2,2,0.0000
4712,496.61,5214.94,3,3,0.0000
4713,852.46,4895.96,3,8,2.6667
4714,298.84,5387.87,NaN,NaN,NaN
4715,224.38,5264.27,NaN,NaN,NaN
4716,522.49,5381.51,4,7,0.0000
4717,280.42,5201.86,NaN,NaN,NaN
4718,439.03,5038.53,2,3,0.0000
4719,332.88,5132.02,3,2,0.0000
4720,199.44,5359.38,2,4,2.0000
4721,510.82,5256.68,NaN,NaN,NaN
4722,571.65,5331.77,NaN,NaN,NaN
4723,285.67,5267.60,0,0,0.0000
4724,177.74,5284.15,NaN,NaN,NaN
4725,107.00,4878.95,NaN,NaN,NaN
4726,568.23,5063.53,2,2,0.0000
4727,577.47,5135.99,0,0,0.0000
4728,250.44,5124.19,NaN,NaN,NaN
4729,221.26,5415.86,2,5,2.5000
4730,781.90,4822.29,NaN,NaN,NaN
4731,661.65,4755.15,NaN,NaN,NaN
4732,401.41,5188.46,3,4,0.0000
4733,616.95,4772.74,NaN,NaN,NaN
4734,401.92,5125.19,3,5,0.0000
4735,521.33,5021.23,NaN,NaN,NaN
4736,100.24,4961.02,0,0,0.0000
4737,135.20,4922.23,0,0,0.0000
4738,790.00,5475.37,0,0,0.0000
4739,522.30,5063.17,0,0,0.0000
4740,1194.05,5036.01,NaN,NaN,NaN
4741,1449.72,5184.13,3,4,0.0000
4742,1229.00,4913.24,4,4,0.0000
4743,936.13,4909.39,NaN,NaN,NaN
4744,1103.13,5094.66,NaN,NaN,NaN
4745,1300.05,5220.61,NaN,NaN,NaN
4746,1438.32,5080.27,NaN,NaN,NaN
4747,1026.75,4901.16,NaN,NaN,NaN
4748,1535.33,5206.39,NaN,NaN,NaN
4749,1282.89,5141.45,0,0,0.0000
4750,1239.48,5189.49,NaN,NaN,NaN
4751,1098.09,4909.26,0,0,0.0000
4752,1354.95,4968.33,4,3,0.0000
4753,1359.42,5187.03,3,3,0.0000
4754,1000.40,5047.48,2,1,0.0000
4755,1375.39,5228.42,NaN,NaN,NaN
4756,1055.65,4983.28,0,0,0.0000
4757,1074.50,4820.06,0,0,0.0000
4758,1252.17,4855.86,0,0,0.0000
4759,1350.11,5122.15,0,0,0.0000
4760,2016.86,5463.95,0,0,0.0000
4761,1964.80,4886.98,0,0,0.0000
4762,1931.52,5104.10,NaN,NaN,NaN
4763,1809.95,5258.82,NaN,NaN,NaN
4764,1866.47,4963.08,NaN,NaN,NaN
4765,1905.38,5309.53,0,0,0.0000
4766,1892.82,5223.23,NaN,NaN,NaN
4767,1969.78,5364.73,NaN,NaN,NaN
4768,2098.70,5453.83,NaN,NaN,NaN
4769,1935.59,5225.57,NaN,NaN,NaN
4770,1845.82,4740.48,0,0,0.0000
4771,1849.65,5355.55,NaN,NaN,NaN
4772,1793.94,4874.01,0,0,0.0000
4773,1835.72,5414.49,0,0,0.0000
4774,2136.08,5488.49,0,0,0.0000
4775,1839.48,5030.19,0,0,0.0000
4776,1952.75,5423.74,0,0,0.0000
4777,1852.29,5479.56,0,0,0.0000
4778,1945.41,5496.54,2,3,0.0000
4779,1784.40,4804.63,0,0,0.0000
4780,2151.75,5433.74,NaN,NaN,NaN
4781,1916.32,5440.91,0,0,0.0000
4782,2811.56,5138.30,0,0,0.0000
4783,2726.63,5367.71,0,0,0.0000
4784,2717.54,5053.55,NaN,NaN,NaN
4785,2583.03,4851.80,NaN,NaN,NaN
4786,2593.34,5009.71,NaN,NaN,NaN
4787,2718.14,4938.58,NaN,NaN,NaN
4788,2651.79,5260.51,0,0,0.0000
4789,2711.10,5208.12,2,2,0.0000
4790,2894.35,5340.63,2,2,0.0000
4791,2818.08,5448.38,NaN,NaN,NaN
4792,2784.02,4984.56,NaN,NaN,NaN
4793,2907.52,5255.15,0,0,0.0000
4794,2581.82,5192.86,NaN,NaN,NaN
4795,2578.67,5101.52,NaN,NaN,NaN
4796,2887.75,5442.66,3,4,0.0000
4797,2523.76,4872.73,NaN,NaN,NaN
4798,2821.50,5359.01,0,0,0.0000
4799,2627.70,5160.44,0,0,0.0000
4800,2567.69,5386.93,NaN,NaN,NaN
4801,2540.60,5023.55,NaN,NaN,NaN
4802,2953.93,5379.79,NaN,NaN,NaN
4803,2698.09,4827.33,NaN,NaN,NaN
4804,2772.15,5194.27,0,0,0.0000
4805,2633.52,4930.25,0,0,0.0000
4806,2624.80,5418.53,NaN,NaN,NaN
4807,2886.29,5500.81,2,4,2.0000
4808,2790.93,4921.20,0,0,0.0000
4809,2671.02,5406.03,NaN,NaN,NaN
4810,2569.02,5239.26,NaN,NaN,NaN
4811,2510.07,5038.19,2,3,0.0000
4812,2533.70,5101.46,NaN,NaN,NaN
4813,2765.20,4803.77,NaN,NaN,NaN
4814,2979.32,5500.73,2,2,0.0000
4815,2871.96,5175.66,0,0,0.0000
4816,2641.43,5017.89,NaN,NaN,NaN
4817,3967.33,5056.29,0,0,0.0000
4818,3704.74,4744.40,NaN,NaN,NaN
4819,3850.32,4741.09,0,0,0.0000
4820,3895.33,5267.16,NaN,NaN,NaN
4821,3923.68,4762.63,NaN,NaN,NaN
4822,3941.82,5200.79,NaN,NaN,NaN
4823,3697.61,4916.09,NaN,NaN,NaN
4824,3693.95,4820.20,NaN,NaN,NaN
4825,3594.25,4747.59,2,3,0.0000
4826,3890.65,5160.23,NaN,NaN,NaN
4827,3783.87,4758.53,0,0,0.0000
4828,3652.53,5297.33,NaN,NaN,NaN
4829,3794.50,5443.81,2,2,0.0000
4830,3775.36,4816.95,0,0,0.0000
4831,3859.54,5376.12,NaN,NaN,NaN
4832,3704.03,5369.60,NaN,NaN,NaN
4833,3868.64,5303.72,NaN,NaN,NaN
4834,3844.19,5136.16,0,0,0.0000
4835,3928.76,5102.30,3,5,0.0000
4836,3742.21,5339.90,2,4,2.0000
4837,3956.52,5420.27,0,0,0.0000
4838,3655.68,4779.47,NaN,NaN,NaN
4839,3846.53,4798.99,0,0,0.0000
4840,3741.38,5413.50,NaN,NaN,NaN
4841,3833.42,5351.22,NaN,NaN,NaN
4842,3694.71,5319.71,NaN,NaN,NaN
4843,3728.19,4854.41,NaN,NaN,NaN
4844,3546.17,4774.18,NaN,NaN,NaN
4845,3737.11,5460.39,NaN,NaN,NaN
4846,3682.77,5421.30,NaN,NaN,NaN
4847,4004.14,5280.08,NaN,NaN,NaN
4848,4046.39,4923.03,0,0,0.0000
4849,4155.13,5215.61,0,0,0.0000
4850,4259.90,5353.94,NaN,NaN,NaN
4851,4081.42,4760.85,NaN,NaN,NaN
4852,4464.81,5051.63,NaN,NaN,NaN
4853,4274.69,5279.25,NaN,NaN,NaN
4854,4263.07,5475.83,2,4,2.0000
4855,4061.04,5325.03,2,4,2.0000
4856,4054.51,5119.92,NaN,NaN,NaN
4857,4142.11,5074.76,2,5,2.5000
4858,4055.57,4844.41,0,0,0.0000
4859,4148.95,5480.92,NaN,NaN,NaN
4860,4184.33,5294.78,NaN,NaN,NaN
4861,4521.61,4996.30,2,4,2.0000
4862,4236.36,5157.13,NaN,NaN,NaN
4863,4176.02,5375.17,0,0,0.0000
4864,3974.09,4818.12,NaN,NaN,NaN
4865,4134.49,4980.77,2,4,2.0000
4866,4461.06,4961.10,NaN,NaN,NaN
4867,4217.74,4898.96,0,0,0.0000
4868,4400.69,5502.99,0,0,0.0000
4869,4128.38,4818.60,0,0,0.0000
4870,4284.68,4921.39,NaN,NaN,NaN
4871,4302.01,5423.46,NaN,NaN,NaN
4872,4192.42,4982.81,0,0,0.0000
4873,4580.74,5097.07,NaN,NaN,NaN
4874,4175.94,5121.80,2,3,0.0000
4875,4199.52,4804.69,0,0,0.0000
4876,4553.48,4936.03,0,0,0.0000
4877,4236.20,4855.28,0,0,0.0000
4878,4242.23,4976.40,0,0,0.0000
4879,4413.57,4910.89,2,4,2.0000
4880,4078.82,5407.80,NaN,NaN,NaN
4881,4004.47,5450.63,NaN,NaN,NaN
4882,4011.27,4778.71,3,4,0.0000
4883,4589.18,5051.12,3,4,0.0000
4884,4277.15,5211.62,0,0,0.0000
4885,4485.22,4865.07,0,0,0.0000
4886,4063.97,4980.26,NaN,NaN,NaN
4887,4102.54,5181.36,0,0,0.0000
4888,4226.39,4942.04,0,0,0.0000
4889,4010.26,5168.19,0,0,0.0000
4890,4441.96,4838.78,NaN,NaN,NaN
4891,4140.74,4906.33,NaN,NaN,NaN
4892,4119.70,4944.22,0,0,0.0000
4893,4118.86,5436.59,NaN,NaN,NaN
4894,4357.43,5431.66,0,0,0.0000
4895,4176.55,4929.31,0,0,0.0000
4896,4181.45,4857.23,0,0,0.0000
4897,4060.04,5045.71,NaN,NaN,NaN
4898,5388.47,5244.12,0,0,0.0000
4899,5423.67,4946.50,NaN,NaN,NaN
4900,5369.73,5041.97,NaN,NaN,NaN
4901,5300.01,4767.45,2,5,2.5000
4902,5142.17,4740.67,2,3,0.0000
4903,5495.34,5305.69,0,0,0.0000
4904,5300.13,4823.44,NaN,NaN,NaN
4905,5494.08,4758.58,0,0,0.0000
4906,5228.08,5063.18,NaN,NaN,NaN
4907,5478.40,5179.14,0,0,0.0000
4908,5266.78,4967.69,NaN,NaN,NaN
4909,5342.78,4885.36,3,7,2.3333
4910,5246.23,4903.84,NaN,NaN,NaN
4911,5078.71,4741.51,NaN,NaN,NaN
4912,5476.43,4946.05,2,4,2.0000
4913,5365.79,4978.26,0,0,0.0000
4914,5447.76,5220.63,0,0,0.0000
4915,5429.13,4786.55,NaN,NaN,NaN
4916,5468.28,5442.29,NaN,NaN,NaN
4917,5211.72,4833.23,NaN,NaN,NaN
4918,5414.33,5094.92,NaN,NaN,NaN
4919,5284.75,5100.76,0,0,0.0000
4920,5362.40,4816.94,NaN,NaN,NaN
4921,5216.12,4744.83,NaN,NaN,NaN
4922,5440.71,5485.87,NaN,NaN,NaN
4923,5350.98,5097.79,0,0,0.0000
4924,5415.55,4842.51,NaN,NaN,NaN
4925,5214.00,4988.19,0,0,0.0000
4926,5276.31,5026.37,0,0,0.0000
4927,5443.62,4887.58,NaN,NaN,NaN
4928,5480.61,5387.55,NaN,NaN,NaN
4929,5442.51,4850.10,NaN,NaN,NaN
4930,5405.28,5379.25,0,0,0.0000
4931,5703.83,5380.94,NaN,NaN,NaN
4932,6209.49,5024.19,2,2,0.0000
4933,5874.53,5421.30,0,0,0.0000
4934,5676.16,5165.54,NaN,NaN,NaN
4935,6047.42,5032.34,NaN,NaN,NaN
4936,5841.76,5296.73,NaN,NaN,NaN
4937,6008.45,5250.78,2,3,0.0000
4938,5929.94,5237.12,NaN,NaN,NaN
4939,6194.74,4852.79,NaN,NaN,NaN
4940,6128.23,5122.04,NaN,NaN,NaN
4941,6158.21,5353.24,0,0,0.0000
4942,6078.91,5221.94,NaN,NaN,NaN
4943,6145.74,5216.50,NaN,NaN,NaN
4944,5889.70,5137.94,0,0,0.0000
4945,6037.05,5345.87,NaN,NaN,NaN
4946,6123.22,4744.15,2,7,3.5000
4947,5508.45,5065.39,0,0,0.0000
4948,5984.10,4772.54,NaN,NaN,NaN
4949,5953.48,4973.62,NaN,NaN,NaN
4950,5752.36,4828.63,NaN,NaN,NaN
4951,5919.77,4773.16,2,4,2.0000
4952,5768.72,5051.31,0,0,0.0000
4953,5527.45,4888.65,NaN,NaN,NaN
4954,5610.09,5224.83,NaN,NaN,NaN
4955,6159.80,4904.66,0,0,0.0000
4956,5531.45,5169.96,0,0,0.0000
4957,5556.08,5261.63,NaN,NaN,NaN
4958,5718.80,5250.15,3,9,3.0000
4959,5689.93,4754.04,3,5,0.0000
4960,5825.27,4775.01,3,8,2.6667
4961,6203.56,5204.80,0,0,0.0000
4962,5679.26,5013.73,2,3,0.0000
4963,5944.64,4885.92,2,6,3.0000
4964,5852.11,5019.61,0,0,0.0000
4965,5587.49,5028.73,0,0,0.0000
4966,6125.58,4973.49,NaN,NaN,NaN
4967,5860.84,5205.38,NaN,NaN,NaN
4968,5585.46,5102.31,0,0,0.0000
4969,6227.85,5289.16,NaN,NaN,NaN
4970,5603.31,5314.51,0,0,0.0000
4971,6220.01,5475.98,0,0,0.0000
4972,6101.16,4859.70,0,0,0.0000
4973,5801.11,4869.64,NaN,NaN,NaN
4974,5622.50,4768.14,0,0,0.0000
4975,5551.33,4968.68,NaN,NaN,NaN
4976,5747.54,4983.44,NaN,NaN,NaN
4977,5727.12,5083.13,0,0,0.0000
4978,5832.64,4915.64,NaN,NaN,NaN
4979,5571.34,4928.22,NaN,NaN,NaN
4980,5578.80,4804.23,0,0,0.0000
4981,5979.11,5088.26,0,0,0.0000
4982,5693.48,4827.52,NaN,NaN,NaN
4983,6214.10,5115.32,NaN,NaN,NaN
4984,5596.32,5455.40,0,0,0.0000
4985,5904.14,4912.20,0,0,0.0000
4986,5659.00,4942.96,NaN,NaN,NaN
4987,5535.97,5015.61,0,0,0.0000
4988,5986.96,5135.49,0,0,0.0000
4989,5731.23,4931.74,NaN,NaN,NaN
4990,5855.77,4852.59,0,0,0.0000
4991,5591.19,4874.67,NaN,NaN,NaN
4992,5612.72,5393.22,2,3,0.0000
4993,5622.39,5051.72,0,0,0.0000
4994,5660.41,5486.47,NaN,NaN,NaN
4995,6103.71,4916.13,0,0,0.0000
4996,5760.11,5292.51,0,0,0.0000
4997,5571.56,5387.48,0,0,0.0000
4998,5643.39,4823.43,0,0,0.0000
4999,5559.99,5465.22,0,0,0.0000
5000,5564.78,4839.81,0,0,0.0000
5001,5511.91,4828.68,0,0,0.0000
5002,6822.34,4738.52,NaN,NaN,NaN
5003,6817.39,4841.73,2,3,0.0000
5004,6609.08,4930.56,NaN,NaN,NaN
5005,6723.85,5266.55,3,4,0.0000
5006,6280.39,4839.66,NaN,NaN,NaN
5007,6288.82,5129.19,NaN,NaN,NaN
5008,6272.90,5367.90,NaN,NaN,NaN
5009,6391.34,4992.63,NaN,NaN,NaN
5010,6321.54,4993.02,0,0,0.0000
5011,6348.05,5056.91,0,0,0.0000
5012,6736.89,5377.13,3,8,2.6667
5013,6782.40,5081.91,NaN,NaN,NaN
5014,6472.82,5403.68,2,4,2.0000
5015,6304.41,5325.20,2,3,0.0000
5016,6274.47,5195.71,NaN,NaN,NaN
5017,6814.73,5213.49,NaN,NaN,NaN
5018,6329.79,5245.45,0,0,0.0000
5019,6740.98,5469.00,NaN,NaN,NaN
5020,6915.24,5061.24,0,0,0.0000
5021,6607.60,5362.77,NaN,NaN,NaN
5022,6647.59,5213.12,NaN,NaN,NaN
5023,6297.40,4911.64,NaN,NaN,NaN
5024,6730.55,5128.00,4,4,0.0000
5025,6350.24,4824.93,NaN,NaN,NaN
5026,6593.00,5280.08,0,0,0.0000
5027,6871.26,5472.47,0,0,0.0000
5028,6591.20,4832.98,0,0,0.0000
5029,6651.18,5065.04,NaN,NaN,NaN
5030,6848.48,5319.31,0,0,0.0000
5031,6460.47,4741.37,NaN,NaN,NaN
5032,6663.69,5395.21,2,2,0.0000
5033,6460.50,5311.27,NaN,NaN,NaN
5034,6571.10,5399.64,3,7,2.3333
5035,6806.57,5328.71,0,0,0.0000
5036,6824.84,5389.46,NaN,NaN,NaN
5037,6670.41,5144.01,NaN,NaN,NaN
5038,6527.64,5211.04,0,0,0.0000
5039,6310.68,5502.77,0,0,0.0000
5040,6920.88,4759.29,0,0,0.0000
5041,6859.15,5218.60,0,0,0.0000
5042,6411.67,4941.42,0,0,0.0000
5043,6830.52,5104.29,3,7,2.3333
5044,6917.32,5138.95,0,0,0.0000
5045,6417.18,5378.18,NaN,NaN,NaN
5046,6580.02,5148.40,0,0,0.0000
5047,6517.38,5434.74,NaN,NaN,NaN
5048,6861.84,5087.58,NaN,NaN,NaN
5049,6355.46,4916.77,NaN,NaN,NaN
5050,6681.99,5359.87,0,0,0.0000
5051,6585.41,5082.51,NaN,NaN,NaN
5052,6430.03,4765.14,NaN,NaN,NaN
5053,6749.08,4895.22,0,0,0.0000
5054,6397.97,5499.27,0,0,0.0000
5055,6570.99,5054.26,0,0,0.0000
5056,6454.48,5469.07,0,0,0.0000
5057,6617.39,5109.67,0,0,0.0000
5058,6600.96,5197.61,0,0,0.0000
5059,6844.22,5500.51,NaN,NaN,NaN
5060,6474.17,4996.59,NaN,NaN,NaN
5061,6362.25,5402.10,0,0,0.0000
5062,6831.67,5451.48,3,5,0.0000
5063,7577.53,4902.65,2,2,0.0000
5064,7681.34,5290.44,NaN,NaN,NaN
5065,7778.16,4973.74,NaN,NaN,NaN
5066,7559.28,5361.71,2,2,0.0000
5067,7371.81,5172.69,2,3,0.0000
5068,7436.59,5065.69,NaN,NaN,NaN
5069,7453.54,4937.13,0,0,0.0000
5070,7584.14,5466.04,NaN,NaN,NaN
5071,7505.09,5460.01,2,4,2.0000
5072,7715.04,4877.66,0,0,0.0000
5073,7333.17,4775.16,0,0,0.0000
5074,7256.11,4989.81,0,0,0.0000
5075,7546.40,4805.25,2,1,0.0000
5076,7520.46,5013.67,0,0,0.0000
5077,7717.00,5054.36,NaN,NaN,NaN
5078,7288.14,4830.75,0,0,0.0000
5079,7337.46,4908.49,NaN,NaN,NaN
5080,7383.51,4951.57,NaN,NaN,NaN
5081,7579.16,5185.23,NaN,NaN,NaN
5082,7488.31,5218.31,3,6,2.0000
5083,7674.56,5188.79,0,0,0.0000
5084,7540.42,5115.00,NaN,NaN,NaN
5085,7291.67,5136.36,2,8,4.0000
5086,7773.24,5449.48,2,4,2.0000
5087,7325.25,5015.72,NaN,NaN,NaN
5088,7443.36,5184.18,0,0,0.0000
5089,7724.10,4805.79,0,0,0.0000
5090,7403.88,5325.88,NaN,NaN,NaN
5091,7435.10,5293.51,NaN,NaN,NaN
5092,7338.63,5273.48,0,0,0.0000
5093,7154.68,4747.16,2,1,0.0000
5094,7588.56,5027.01,2,2,0.0000
5095,7208.75,4789.79,0,0,0.0000
5096,7599.08,5068.98,NaN,NaN,NaN
5097,7542.51,5250.09,2,4,2.0000
5098,7445.51,4863.62,NaN,NaN,NaN
5099,7312.67,5203.07,NaN,NaN,NaN
5100,7673.66,4776.23,NaN,NaN,NaN
5101,7511.71,5071.75,NaN,NaN,NaN
5102,7264.79,5101.44,NaN,NaN,NaN
5103,7623.26,5157.94,0,0,0.0000
5104,7286.68,4936.61,NaN,NaN,NaN
5105,7370.95,5085.86,0,0,0.0000
5106,7211.86,4928.09,NaN,NaN,NaN
5107,7508.62,4748.06,NaN,NaN,NaN
5108,7433.45,4815.43,NaN,NaN,NaN
5109,7999.59,5274.20,NaN,NaN,NaN
5110,8124.13,4796.55,NaN,NaN,NaN
5111,8289.58,5127.97,NaN,NaN,NaN
5112,7953.71,4879.80,2,4,2.0000
5113,7816.36,5220.41,0,0,0.0000
5114,7841.24,5079.68,2,1,0.0000
5115,8181.61,5257.80,NaN,NaN,NaN
5116,8152.26,5099.83,0,0,0.0000
5117,8226.79,4912.95,NaN,NaN,NaN
5118,7917.56,4801.67,NaN,NaN,NaN
5119,7830.30,4868.21,NaN,NaN,NaN
5120,7902.83,5483.73,2,6,3.0000
5121,8483.30,5218.59,NaN,NaN,NaN
5122,8268.71,5378.09,NaN,NaN,NaN
5123,8498.08,5503.29,NaN,NaN,NaN
5124,8275.17,5249.33,NaN,NaN,NaN
5125,8516.43,5305.05,NaN,NaN,NaN
5126,8031.52,5452.65,NaN,NaN,NaN
5127,7887.47,5299.85,NaN,NaN,NaN
5128,8371.34,5058.62,0,0,0.0000
5129,8066.95,4877.34,NaN,NaN,NaN
5130,8547.84,5371.98,0,0,0.0000
5131,8300.82,5009.25,NaN,NaN,NaN
5132,8226.16,5034.95,0,0,0.0000
5133,8145.10,5015.58,NaN,NaN,NaN
5134,8419.58,5240.56,2,2,0.0000
5135,7953.37,5041.00,0,0,0.0000
5136,8365.12,5341.31,NaN,NaN,NaN
5137,8024.83,4821.85,0,0,0.0000
5138,8230.85,5321.58,0,0,0.0000
5139,8378.36,5202.43,NaN,NaN,NaN
5140,7822.04,5437.16,NaN,NaN,NaN
5141,8427.13,5350.16,NaN,NaN,NaN
5142,8146.64,4920.55,NaN,NaN,NaN
5143,8035.04,5195.55,NaN,NaN,NaN
5144,8064.63,4975.33,NaN,NaN,NaN
5145,8324.08,5211.13,NaN,NaN,NaN
5146,8034.92,5027.95,0,0,0.0000
5147,8387.90,5489.89,0,0,0.0000
5148,8100.85,5375.01,0,0,0.0000
5149,7937.70,5133.95,0,0,0.0000
5150,7994.03,4736.85,2,4,2.0000
5151,8101.33,5160.49,NaN,NaN,NaN
5152,7864.28,5169.67,0,0,0.0000
5153,8184.96,4972.83,2,2,0.0000
5154,8560.52,5230.88,0,0,0.0000
5155,8475.29,5378.99,3,4,0.0000
5156,8032.03,5084.25,0,0,0.0000
5157,8079.29,5054.94,NaN,NaN,NaN
5158,8400.20,5400.49,0,0,0.0000
5159,7841.67,5499.42,0,0,0.0000
5160,8082.98,5210.51,0,0,0.0000
5161,8600.71,5477.62,NaN,NaN,NaN
5162,9253.51,4842.61,0,0,0.0000
5163,9321.74,4840.77,0,0,0.0000
5164,9727.35,5323.71,NaN,NaN,NaN
5165,10050.09,5152.97,NaN,NaN,NaN
5166,9827.68,5211.54,NaN,NaN,NaN
5167,9612.15,5385.44,0,0,0.0000
5168,9958.71,5086.17,2,3,0.0000
5169,10019.67,4932.68,NaN,NaN,NaN
5170,9996.88,5467.97,NaN,NaN,NaN
5171,9974.09,5313.25,NaN,NaN,NaN
5172,10061.28,5267.23,NaN,NaN,NaN
5173,9532.19,5446.73,NaN,NaN,NaN
5174,9894.77,5328.43,2,2,0.0000
5175,9918.06,4826.64,NaN,NaN,NaN
5176,10077.07,4870.15,NaN,NaN,NaN
5177,9420.95,4864.83,NaN,NaN,NaN
5178,9943.55,5413.13,NaN,NaN,NaN
5179,9450.44,4749.68,0,0,0.0000
5180,9503.60,4859.69,0,0,0.0000
5181,9945.82,4738.18,0,0,0.0000
5182,10102.42,5040.37,NaN,NaN,NaN
5183,9684.50,5453.95,0,0,0.0000
5184,9823.89,5424.32,0,0,0.0000
5185,9517.36,5325.87,2,1,0.0000
5186,10077.40,4988.61,0,0,0.0000
5187,9889.23,5246.84,0,0,0.0000
5188,9884.48,4933.84,0,0,0.0000
5189,9441.73,4929.47,NaN,NaN,NaN
5190,9513.38,5206.51,NaN,NaN,NaN
5191,9703.49,5390.29,NaN,NaN,NaN
5192,9594.48,5310.51,3,3,0.0000
5193,9499.12,5269.23,0,0,0.0000
5194,9496.78,5381.84,NaN,NaN,NaN
5195,9899.79,5498.87,NaN,NaN,NaN
5196,9975.54,4922.05,NaN,NaN,NaN
5197,9367.28,4908.51,0,0,0.0000
5198,9479.66,5493.61,0,0,0.0000
5199,9390.09,4774.86,0,0,0.0000
5200,9493.53,4795.57,NaN,NaN,NaN
5201,9959.55,5211.74,NaN,NaN,NaN
5202,10019.99,4736.62,0,0,0.0000
5203,9954.74,4987.59,NaN,NaN,NaN
5204,10059.53,4774.63,0,0,0.0000
5205,9733.31,5481.08,NaN,NaN,NaN
5206,9436.22,5195.70,0,0,0.0000
5207,9400.05,4806.79,2,0,0.0000
5208,9879.90,5398.77,NaN,NaN,NaN
5209,9844.26,5286.37,2,2,0.0000
5210,9551.73,5255.62,0,0,0.0000
5211,10020.27,5085.13,0,0,0.0000
5212,10301.26,5088.55,2,4,2.0000
5213,10155.28,5140.91,NaN,NaN,NaN
5214,10689.02,4851.96,NaN,NaN,NaN
5215,10209.22,4888.94,3,3,0.0000
5216,10625.56,5020.77,0,0,0.0000
5217,10241.32,5321.15,NaN,NaN,NaN
5218,10703.75,5121.28,3,7,2.3333
5219,10332.13,4861.95,NaN,NaN,NaN
5220,10239.15,5228.43,NaN,NaN,NaN
5221,10447.67,5036.00,NaN,NaN,NaN
5222,10635.60,5181.18,NaN,NaN,NaN
5223,10448.99,4931.59,3,5,0.0000
5224,10606.94,5422.65,3,5,0.0000
5225,10794.63,4758.36,NaN,NaN,NaN
5226,10711.66,4974.06,NaN,NaN,NaN
5227,10517.20,5136.15,0,0,0.0000
5228,10757.77,5027.17,0,0,0.0000
5229,10416.75,5245.59,NaN,NaN,NaN
5230,10814.55,5141.40,0,0,0.0000
5231,10637.85,5277.51,NaN,NaN,NaN
5232,10267.79,5014.03,NaN,NaN,NaN
5233,10227.76,5385.43,0,0,0.0000
5234,10381.23,5333.40,0,0,0.0000
5235,10421.83,4827.03,0,0,0.0000
5236,10176.66,5011.78,NaN,NaN,NaN
5237,10331.08,5251.02,2,6,3.0000
5238,10129.89,5255.21,0,0,0.0000
5239,10745.35,5244.48,NaN,NaN,NaN
5240,10277.60,4766.80,NaN,NaN,NaN
5241,10515.30,5480.51,2,4,2.0000
5242,10853.77,5020.21,2,8,4.0000
5243,10830.02,4813.62,NaN,NaN,NaN
5244,10587.45,4848.25,0,0,0.0000
5245,10570.97,4950.10,0,0,0.0000
5246,10791.42,4874.81,0,0,0.0000
5247,10850.31,4906.05,NaN,NaN,NaN
5248,10796.09,5272.49,3,3,0.0000
5249,10493.07,5398.95,2,5,2.5000
5250,10355.92,4971.85,0,0,0.0000
5251,10343.22,5472.27,2,3,0.0000
5252,10263.24,4941.64,NaN,NaN,NaN
5253,10526.72,5314.40,0,0,0.0000
5254,10123.66,5341.42,NaN,NaN,NaN
5255,10516.38,4918.72,0,0,0.0000
5256,10427.70,5150.98,NaN,NaN,NaN
5257,10353.05,5156.06,NaN,NaN,NaN
5258,10286.07,4829.02,NaN,NaN,NaN
5259,10550.25,4773.51,NaN,NaN,NaN
5260,10401.65,4984.71,NaN,NaN,NaN
5261,10606.82,5113.16,NaN,NaN,NaN
5262,10705.15,4778.83,0,0,0.0000
5263,10112.57,4771.68,NaN,NaN,NaN
5264,10756.32,5183.72,2,4,2.0000
5265,10474.42,5308.35,NaN,NaN,NaN
5266,10489.90,5238.46,0,0,0.0000
5267,10458.92,5186.56,0,0,0.0000
5268,10896.34,5258.10,0,0,0.0000
5269,11077.26,4936.22,NaN,NaN,NaN
5270,11284.27,5177.13,NaN,NaN,NaN
5271,11179.38,5455.32,NaN,NaN,NaN
5272,11014.01,5071.07,NaN,NaN,NaN
5273,11174.02,4812.27,2,4,2.0000
5274,11087.95,5233.09,NaN,NaN,NaN
5275,11187.53,5353.63,NaN,NaN,NaN
5276,11166.29,5206.39,3,5,0.0000
5277,11239.92,4909.15,0,0,0.0000
5278,11059.14,4742.79,NaN,NaN,NaN
5279,11312.98,5069.66,2,2,0.0000
5280,10924.33,4811.98,NaN,NaN,NaN
5281,11264.27,5302.98,0,0,0.0000
5282,11398.44,5294.71,NaN,NaN,NaN
5283,11418.47,5170.55,0,0,0.0000
5284,11196.20,5089.99,0,0,0.0000
5285,10984.33,5437.93,NaN,NaN,NaN
5286,10993.32,5208.16,NaN,NaN,NaN
5287,10934.98,5013.94,4,4,0.0000
5288,11026.25,4823.09,0,0,0.0000
5289,11038.68,5485.29,0,0,0.0000
5290,11065.70,5363.82,0,0,0.0000
5291,10962.81,4946.35,NaN,NaN,NaN
5292,10970.01,5334.97,0,0,0.0000
5293,11394.83,5469.29,2,4,2.0000
5294,10956.74,4764.92,NaN,NaN,NaN
5295,11358.66,5414.98,NaN,NaN,NaN
5296,10894.94,5125.78,NaN,NaN,NaN
5297,11251.43,5015.78,NaN,NaN,NaN
5298,11475.74,5321.02,NaN,NaN,NaN
5299,11249.80,4758.67,0,0,0.0000
5300,11477.60,5471.67,NaN,NaN,NaN
5301,11439.83,5243.96,0,0,0.0000
5302,11301.04,5368.31,NaN,NaN,NaN
5303,10910.07,4918.16,NaN,NaN,NaN
5304,10915.08,5415.33,0,0,0.0000
5305,11139.90,5032.35,0,0,0.0000
5306,10982.21,5384.74,0,0,0.0000
5307,11135.68,5125.86,3,5,0.0000
5308,11164.88,4913.13,2,4,2.0000
5309,11392.10,5376.98,0,0,0.0000
5310,11034.13,5293.29,0,0,0.0000
5311,11211.13,5033.40,0,0,0.0000
5312,11207.80,4982.53,0,0,0.0000
5313,11288.36,4971.04,NaN,NaN,NaN
5314,11438.83,5342.28,NaN,NaN,NaN
5315,11440.33,5486.59,NaN,NaN,NaN
5316,11090.93,4803.71,0,0,0.0000
5317,10969.74,5149.58,NaN,NaN,NaN
5318,13946.66,4746.43,4,4,0.0000
5319,13862.42,4742.77,NaN,NaN,NaN
5320,13709.42,5109.38,0,0,0.0000
5321,13631.35,5104.57,0,0,0.0000
5322,13946.69,5146.02,0,0,0.0000
5323,13932.62,5089.36,0,0,0.0000
5324,13850.33,5032.54,0,0,0.0000
5325,13812.49,5219.05,0,0,0.0000
5326,14101.00,4751.38,3,9,3.0000
5327,14431.79,4892.91,2,5,2.5000
5328,14339.90,4764.35,2,7,3.5000
5329,14289.24,4827.79,2,4,2.0000
5330,14019.18,5074.77,0,0,0.0000
5331,14079.31,5077.18,0,0,0.0000
5332,14337.04,4906.92,NaN,NaN,NaN
5333,14120.43,5072.51,0,0,0.0000
5334,14151.02,5093.04,0,0,0.0000
5335,16210.51,5490.85,NaN,NaN,NaN
5336,16163.52,5432.38,NaN,NaN,NaN
5337,16256.61,5265.48,NaN,NaN,NaN
5338,16158.55,5307.77,0,0,0.0000
5339,16087.47,5399.78,0,0,0.0000
5340,16209.62,5367.70,NaN,NaN,NaN
5341,16283.36,5461.00,NaN,NaN,NaN
5342,16277.71,5320.21,0,0,0.0000
5343,16091.51,5441.50,0,0,0.0000
5344,16306.66,5267.06,0,0,0.0000
5345,16357.95,5286.88,NaN,NaN,NaN
5346,16154.51,5357.24,0,0,0.0000
5347,16093.70,5351.07,0,0,0.0000
5348,16367.29,5262.59,0,0,0.0000
5349,16360.01,5475.35,NaN,NaN,NaN
5350,729.72,5862.35,2,3,0.0000
5351,141.75,6224.72,NaN,NaN,NaN
5352,524.08,6040.48,2,3,0.0000
5353,300.12,5911.57,NaN,NaN,NaN
5354,436.50,5965.39,0,0,0.0000
5355,346.00,6155.92,NaN,NaN,NaN
5356,620.86,5914.96,4,6,0.0000
5357,496.03,5784.44,NaN,NaN,NaN
5358,857.92,5923.46,NaN,NaN,NaN
5359,868.36,5660.21,2,1,0.0000
5360,675.69,5795.85,3,7,2.3333
5361,457.12,6104.32,NaN,NaN,NaN
5362,765.01,5696.27,0,0,0.0000
5363,285.37,6122.01,NaN,NaN,NaN
5364,540.64,5916.52,NaN,NaN,NaN
5365,595.63,5842.61,2,4,2.0000
5366,813.22,5743.83,4,4,0.0000
5367,471.52,6173.06,0,0,0.0000
5368,305.10,6048.04,2,3,0.0000
5369,627.37,6074.29,3,7,2.3333
5370,632.40,5994.12,NaN,NaN,NaN
5371,405.98,6247.39,0,0,0.0000
5372,545.64,6188.90,NaN,NaN,NaN
5373,551.71,5830.40,NaN,NaN,NaN
5374,559.48,6119.39,NaN,NaN,NaN
5375,782.89,5920.83,NaN,NaN,NaN
5376,892.07,6046.16,0,0,0.0000
5377,777.10,5565.99,0,0,0.0000
5378,568.92,5757.66,NaN,NaN,NaN
5379,846.75,5576.59,0,0,0.0000
5380,716.73,5992.12,NaN,NaN,NaN
5381,489.85,5868.86,NaN,NaN,NaN
5382,892.98,6099.43,2,3,0.0000
5383,357.79,5934.14,NaN,NaN,NaN
5384,268.63,6222.71,3,2,0.0000
5385,356.65,5983.51,NaN,NaN,NaN
5386,522.07,5974.65,2,4,2.0000
5387,865.91,6000.12,NaN,NaN,NaN
5388,618.47,5704.52,2,3,0.0000
5389,789.98,5995.03,NaN,NaN,NaN
5390,291.07,6015.64,2,1,0.0000
5391,822.23,5831.43,0,0,0.0000
5392,663.20,6269.84,2,3,0.0000
5393,217.54,6131.32,0,0,0.0000
5394,351.01,6231.25,0,0,0.0000
5395,204.50,6036.76,NaN,NaN,NaN
5396,351.37,5830.39,0,0,0.0000
5397,373.58,6037.72,NaN,NaN,NaN
5398,415.49,6060.81,3,5,0.0000
5399,122.02,6159.49,0,0,0.0000
5400,392.35,5846.09,0,0,0.0000
5401,50.25,6267.96,NaN,NaN,NaN
5402,29.75,6256.52,NaN,NaN,NaN
5403,1165.88,6173.14,2,4,2.0000
5404,936.11,6094.67,3,5,0.0000
5405,1093.41,6234.18,NaN,NaN,NaN
5406,976.12,5861.77,NaN,NaN,NaN
5407,1055.55,6008.19,NaN,NaN,NaN
5408,1431.20,5848.99,NaN,NaN,NaN
5409,1042.73,5851.74,NaN,NaN,NaN
5410,898.58,5770.54,3,2,0.0000
5411,1267.78,6178.46,NaN,NaN,NaN
5412,987.32,5681.58,2,2,0.0000
5413,1102.57,5833.42,NaN,NaN,NaN
5414,922.88,5991.03,NaN,NaN,NaN
5415,900.78,5845.90,NaN,NaN,NaN
5416,1009.03,5786.84,0,0,0.0000
5417,1044.78,5921.17,NaN,NaN,NaN
5418,1097.74,5894.45,NaN,NaN,NaN
5419,992.24,5944.71,0,0,0.0000
5420,985.83,6023.20,NaN,NaN,NaN
5421,1599.53,6042.25,0,0,0.0000
5422,957.65,5736.74,NaN,NaN,NaN
5423,1266.24,6111.87,NaN,NaN,NaN
5424,1422.36,5924.44,0,0,0.0000
5425,1040.16,5729.06,NaN,NaN,NaN
5426,1222.35,6123.87,NaN,NaN,NaN
5427,924.10,5591.34,NaN,NaN,NaN
5428,1606.79,6095.82,NaN,NaN,NaN
5429,1047.60,5684.37,0,0,0.0000
5430,1070.12,5754.96,NaN,NaN,NaN
5431,969.79,5598.97,0,0,0.0000
5432,1141.38,5937.65,NaN,NaN,NaN
5433,1112.90,5955.26,NaN,NaN,NaN
5434,2097.03,5732.35,2,2,0.0000
5435,2337.10,5888.41,NaN,NaN,NaN
5436,1991.47,5627.57,0,0,0.0000
5437,2266.38,5798.18,5,4,0.0000
5438,2368.60,5622.69,2,3,0.0000
5439,1909.47,5617.05,NaN,NaN,NaN
5440,2328.97,5830.89,NaN,NaN,NaN
5441,2359.01,5777.84,0,0,0.0000
5442,2220.10,5724.37,NaN,NaN,NaN
5443,1742.18,6258.99,0,0,0.0000
5444,2374.66,5947.07,NaN,NaN,NaN
5445,2200.22,5866.43,NaN,NaN,NaN
5446,2397.71,5744.31,NaN,NaN,NaN
5447,2039.34,5557.63,2,5,2.5000
5448,2231.09,5917.85,2,3,0.0000
5449,2135.52,5686.70,0,0,0.0000
5450,2200.53,5814.79,0,0,0.0000
5451,2069.18,5654.74,NaN,NaN,NaN
5452,1936.03,5554.84,NaN,NaN,NaN
5453,2124.88,5815.45,0,0,0.0000
5454,2353.63,5727.37,NaN,NaN,NaN
5455,1987.20,5723.35,3,3,0.0000
5456,1844.49,5531.88,NaN,NaN,NaN
5457,2140.02,5523.36,0,0,0.0000
5458,1950.02,5667.59,NaN,NaN,NaN
5459,2076.10,5524.85,NaN,NaN,NaN
5460,2022.53,5678.59,NaN,NaN,NaN
5461,2037.75,5712.87,NaN,NaN,NaN
5462,2944.12,5530.29,3,3,0.0000
5463,2566.58,5586.58,NaN,NaN,NaN
5464,3085.16,5934.16,0,0,0.0000
5465,3490.73,6211.20,0,0,0.0000
5466,3324.41,6222.47,0,0,0.0000
5467,3728.41,6202.85,NaN,NaN,NaN
5468,3760.24,6251.58,2,3,0.0000
5469,3820.81,5508.02,3,4,0.0000
5470,3364.90,6174.98,NaN,NaN,NaN
5471,3305.09,6133.84,NaN,NaN,NaN
5472,3660.01,6170.08,NaN,NaN,NaN
5473,3569.27,6136.89,NaN,NaN,NaN
5474,3402.41,6237.10,0,0,0.0000
5475,3240.43,6228.62,2,3,0.0000
5476,4546.32,6094.18,3,7,2.3333
5477,4707.49,6262.72,0,0,0.0000
5478,4262.24,5590.28,2,5,2.5000
5479,4186.69,5934.38,0,0,0.0000
5480,4493.97,5775.06,NaN,NaN,NaN
5481,4374.95,6204.83,0,0,0.0000
5482,4035.99,5912.92,NaN,NaN,NaN
5483,4210.64,5834.14,2,2,0.0000
5484,4695.07,5905.39,NaN,NaN,NaN
5485,4364.58,6058.56,2,7,3.5000
5486,4647.05,5804.00,0,0,0.0000
5487,4139.71,5657.98,2,4,2.0000
5488,4275.52,5987.58,2,4,2.0000
5489,4348.50,5531.68,3,4,0.0000
5490,4360.49,5899.00,NaN,NaN,NaN
5491,4603.98,5939.79,2,1,0.0000
5492,4138.33,5759.39,NaN,NaN,NaN
5493,4031.23,5774.53,NaN,NaN,NaN
5494,4377.42,5639.76,NaN,NaN,NaN
5495,3981.73,5715.23,NaN,NaN,NaN
5496,4291.12,5722.37,NaN,NaN,NaN
5497,4453.10,5957.03,3,6,2.0000
5498,4363.42,5705.43,3,6,2.0000
5499,4378.32,5792.89,NaN,NaN,NaN
5500,4169.34,5560.99,NaN,NaN,NaN
5501,4046.43,5647.44,2,2,0.0000
5502,4042.00,5519.56,0,0,0.0000
5503,4421.80,6016.41,3,4,0.0000
5504,4088.15,5864.42,NaN,NaN,NaN
5505,4482.15,5683.71,NaN,NaN,NaN
5506,4169.77,6117.30,NaN,NaN,NaN
5507,4450.84,6158.66,NaN,NaN,NaN
5508,4633.58,6193.25,2,4,2.0000
5509,4445.96,5907.11,NaN,NaN,NaN
5510,4326.85,6269.73,0,0,0.0000
5511,4095.55,5508.64,NaN,NaN,NaN
5512,4539.04,5638.56,0,0,0.0000
5513,4683.14,6007.13,NaN,NaN,NaN
5514,4427.80,5595.27,0,0,0.0000
5515,4344.55,5966.20,NaN,NaN,NaN
5516,4162.79,6020.82,2,4,2.0000
5517,4076.64,5582.21,NaN,NaN,NaN
5518,4214.37,5716.74,NaN,NaN,NaN
5519,4262.97,5767.96,NaN,NaN,NaN
5520,4725.25,5827.28,NaN,NaN,NaN
5521,4240.37,6138.33,NaN,NaN,NaN
5522,4449.99,5819.60,2,4,2.0000
5523,4485.22,5880.21,2,6,3.0000
5524,4309.87,6106.68,0,0,0.0000
5525,4244.59,6255.89,NaN,NaN,NaN
5526,4294.66,6183.26,0,0,0.0000
5527,4005.00,5938.87,0,0,0.0000
5528,4726.68,6129.99,0,0,0.0000
5529,4316.45,5808.10,NaN,NaN,NaN
5530,4285.77,5913.04,NaN,NaN,NaN
5531,4609.42,5872.63,NaN,NaN,NaN
5532,4299.43,5845.75,NaN,NaN,NaN
5533,4091.23,5783.83,NaN,NaN,NaN
5534,4123.58,6081.75,0,0,0.0000
5535,4490.35,5609.31,NaN,NaN,NaN
5536,4572.28,5722.70,NaN,NaN,NaN
5537,4572.91,5768.93,NaN,NaN,NaN
5538,4085.56,5923.45,NaN,NaN,NaN
5539,4591.85,5693.46,0,0,0.0000
5540,4238.00,6059.60,0,0,0.0000
5541,4686.70,6062.64,NaN,NaN,NaN
5542,4245.05,6208.12,NaN,NaN,NaN
5543,4129.56,5933.89,4,4,0.0000
5544,4707.21,5780.81,NaN,NaN,NaN
5545,4115.98,5978.30,NaN,NaN,NaN
5546,4078.46,6022.01,0,0,0.0000
5547,4800.84,6182.67,0,0,0.0000
5548,4828.10,6106.49,0,0,0.0000
5549,5388.16,5531.16,2,5,2.5000
5550,5422.54,5619.93,NaN,NaN,NaN
5551,4763.30,6015.11,2,3,0.0000
5552,4746.69,5952.23,0,0,0.0000
5553,4815.73,5969.64,NaN,NaN,NaN
5554,5455.50,5757.10,NaN,NaN,NaN
5555,5458.18,5573.32,NaN,NaN,NaN
5556,5500.22,5729.48,NaN,NaN,NaN
5557,5949.80,6081.17,NaN,NaN,NaN
5558,6062.10,5902.48,0,0,0.0000
5559,5629.70,5569.41,NaN,NaN,NaN
5560,5965.40,5705.66,2,2,0.0000
5561,5768.95,5719.70,NaN,NaN,NaN
5562,6198.02,5748.70,3,6,2.0000
5563,6005.34,5521.07,3,7,2.3333
5564,5786.14,5985.94,NaN,NaN,NaN
5565,6030.53,5634.71,0,0,0.0000
5566,5717.32,5522.07,NaN,NaN,NaN
5567,6256.45,5850.52,NaN,NaN,NaN
5568,5543.42,5781.42,NaN,NaN,NaN
5569,5738.79,6140.39,NaN,NaN,NaN
5570,5786.61,5593.47,0,0,0.0000
5571,6174.18,6077.43,NaN,NaN,NaN
5572,5963.28,5584.63,NaN,NaN,NaN
5573,5940.33,5923.91,NaN,NaN,NaN
5574,5669.15,5680.39,3,5,0.0000
5575,6088.44,5793.77,0,0,0.0000
5576,5883.20,6169.95,NaN,NaN,NaN
5577,5917.60,5814.27,NaN,NaN,NaN
5578,6260.82,6096.75,2,4,2.0000
5579,6115.48,5542.40,5,3,0.0000
5580,6167.85,5895.89,NaN,NaN,NaN
5581,6140.70,5641.23,NaN,NaN,NaN
5582,6132.50,5771.65,NaN,NaN,NaN
5583,5823.33,6230.89,2,5,2.5000
5584,5507.14,5642.45,3,4,0.0000
5585,5772.78,5882.62,NaN,NaN,NaN
5586,5586.69,5705.16,NaN,NaN,NaN
5587,6085.10,5684.92,NaN,NaN,NaN
5588,5723.68,6049.02,3,8,2.6667
5589,6181.22,5597.61,NaN,NaN,NaN
5590,6156.25,5979.24,NaN,NaN,NaN
5591,5904.78,5624.86,NaN,NaN,NaN
5592,5983.47,6010.44,0,0,0.0000
5593,5860.74,5556.47,0,0,0.0000
5594,5653.52,5812.32,NaN,NaN,NaN
5595,5848.24,6013.81,NaN,NaN,NaN
5596,6024.18,5967.83,NaN,NaN,NaN
5597,5575.34,5849.12,0,0,0.0000
5598,6231.46,5941.64,NaN,NaN,NaN
5599,5519.11,5515.14,2,4,2.0000
5600,6080.71,5579.76,NaN,NaN,NaN
5601,5543.48,5690.04,NaN,NaN,NaN
5602,6043.25,5809.79,0,0,0.0000
5603,5593.77,5647.66,0,0,0.0000
5604,6195.24,6150.04,NaN,NaN,NaN
5605,5858.64,5724.96,NaN,NaN,NaN
5606,5562.27,5653.51,NaN,NaN,NaN
5607,5963.85,5869.53,3,4,0.0000
5608,5813.77,5657.94,0,0,0.0000
5609,5836.27,6082.07,0,0,0.0000
5610,5644.81,5941.07,0,0,0.0000
5611,5593.26,5745.67,4,5,0.0000
5612,6303.83,5691.55,2,4,2.0000
5613,6580.03,5624.48,0,0,0.0000
5614,6732.58,6239.25,0,0,0.0000
5615,6845.17,5675.59,NaN,NaN,NaN
5616,6312.68,5580.98,NaN,NaN,NaN
5617,6453.41,5721.09,NaN,NaN,NaN
5618,6429.84,6126.90,NaN,NaN,NaN
5619,6662.13,6258.84,NaN,NaN,NaN
5620,6678.95,6142.24,0,0,0.0000
5621,6431.73,5761.65,0,0,0.0000
5622,6528.83,6247.52,2,1,0.0000
5623,6853.24,6049.89,NaN,NaN,NaN
5624,6833.52,6224.21,2,2,0.0000
5625,6922.82,6156.59,2,3,0.0000
5626,6354.92,6085.02,NaN,NaN,NaN
5627,6429.74,5645.55,2,3,0.0000
5628,6509.80,5875.53,0,0,0.0000
5629,6349.90,6173.36,0,0,0.0000
5630,6988.59,6042.34,NaN,NaN,NaN
5631,6843.99,5967.62,0,0,0.0000
5632,6709.02,6068.01,0,0,0.0000
5633,6976.47,6166.78,NaN,NaN,NaN
5634,6364.89,5579.61,0,0,0.0000
5635,6551.98,5746.59,NaN,NaN,NaN
5636,6479.71,5673.44,0,0,0.0000
5637,6649.46,5695.86,NaN,NaN,NaN
5638,6418.18,5831.93,NaN,NaN,NaN
5639,6617.75,5573.12,NaN,NaN,NaN
5640,6450.93,5608.55,0,0,0.0000
5641,6931.51,5960.85,NaN,NaN,NaN
5642,6530.22,5577.71,0,0,0.0000
5643,6475.63,6078.62,0,0,0.0000
5644,6535.15,5660.82,NaN,NaN,NaN
5645,6306.71,5846.57,NaN,NaN,NaN
5646,6278.02,5764.22,0,0,0.0000
5647,6957.61,5985.37,0,0,0.0000
5648,6769.03,6033.40,0,0,0.0000
5649,6876.12,6104.31,0,0,0.0000
5650,6880.62,5563.23,3,4,0.0000
5651,6425.49,6076.12,0,0,0.0000
5652,6540.51,5798.53,0,0,0.0000
5653,7702.06,5526.91,0,0,0.0000
5654,7739.18,5826.00,2,4,2.0000
5655,7749.40,5722.89,2,9,4.5000
5656,7775.12,5582.04,NaN,NaN,NaN
5657,7750.62,5618.61,0,0,0.0000
5658,7547.03,5516.12,0,0,0.0000
5659,7681.85,5726.43,3,4,0.0000
5660,8088.76,5760.89,NaN,NaN,NaN
5661,7952.55,6192.42,0,0,0.0000
5662,8544.57,5603.44,0,0,0.0000
5663,8527.31,6184.83,NaN,NaN,NaN
5664,8063.11,5596.52,0,0,0.0000
5665,8403.33,5673.64,NaN,NaN,NaN
5666,8493.84,5984.67,NaN,NaN,NaN
5667,7915.72,5859.27,NaN,NaN,NaN
5668,8280.12,5720.00,NaN,NaN,NaN
5669,8226.99,5862.18,NaN,NaN,NaN
5670,8335.60,6078.17,NaN,NaN,NaN
5671,8494.83,5779.31,NaN,NaN,NaN
5672,7952.47,5546.92,NaN,NaN,NaN
5673,8370.41,5738.80,NaN,NaN,NaN
5674,8218.75,6139.78,NaN,NaN,NaN
5675,8414.47,5792.93,NaN,NaN,NaN
5676,8026.68,6034.16,0,0,0.0000
5677,7861.31,5623.89,0,0,0.0000
5678,8246.52,6237.36,NaN,NaN,NaN
5679,8167.22,5557.27,NaN,NaN,NaN
5680,8161.44,5623.86,NaN,NaN,NaN
5681,8341.14,5882.46,NaN,NaN,NaN
5682,8301.21,5508.11,0,0,0.0000
5683,8423.72,5874.96,NaN,NaN,NaN
5684,8173.46,6027.97,2,4,2.0000
5685,8315.17,6153.64,NaN,NaN,NaN
5686,8423.60,6026.28,NaN,NaN,NaN
5687,8145.34,5861.45,NaN,NaN,NaN
5688,7949.80,5687.32,NaN,NaN,NaN
5689,8237.67,5643.97,NaN,NaN,NaN
5690,8163.70,6239.12,NaN,NaN,NaN
5691,8345.85,6234.76,2,2,0.0000
5692,7812.62,5547.04,NaN,NaN,NaN
5693,8450.25,6225.63,NaN,NaN,NaN
5694,8220.63,5512.54,NaN,NaN,NaN
5695,7843.88,5786.85,NaN,NaN,NaN
5696,8290.73,6018.93,NaN,NaN,NaN
5697,8276.15,5916.27,0,0,0.0000
5698,8204.44,5763.76,NaN,NaN,NaN
5699,8095.47,5999.46,0,0,0.0000
5700,8556.69,6116.41,3,8,2.6667
5701,8295.42,5593.54,3,4,0.0000
5702,8109.46,6104.63,0,0,0.0000
5703,8037.42,6112.85,0,0,0.0000
5704,8430.80,5577.45,0,0,0.0000
5705,8244.18,5971.76,NaN,NaN,NaN
5706,7815.05,5854.64,NaN,NaN,NaN
5707,8500.60,6071.75,NaN,NaN,NaN
5708,7847.77,5739.04,0,0,0.0000
5709,8208.58,5974.60,2,7,3.5000
5710,8420.24,6112.98,NaN,NaN,NaN
5711,8036.99,5931.68,0,0,0.0000
5712,8060.17,5889.24,NaN,NaN,NaN
5713,7998.05,5860.13,0,0,0.0000
5714,7976.88,5939.26,NaN,NaN,NaN
5715,7857.26,5858.69,NaN,NaN,NaN
5716,7950.76,5973.92,0,0,0.0000
5717,8073.20,6216.74,NaN,NaN,NaN
5718,8121.79,5918.43,NaN,NaN,NaN
5719,7988.39,5645.83,NaN,NaN,NaN
5720,8551.54,5846.73,NaN,NaN,NaN
5721,8381.42,5958.23,0,0,0.0000
5722,8045.55,6185.36,0,0,0.0000
5723,8109.26,6214.43,NaN,NaN,NaN
5724,7993.27,5991.59,0,0,0.0000
5725,8159.90,6116.04,0,0,0.0000
5726,8352.80,5970.85,NaN,NaN,NaN
5727,7906.78,5584.86,NaN,NaN,NaN
5728,8090.50,5505.13,2,1,0.0000
5729,8244.42,5579.92,NaN,NaN,NaN
5730,7938.93,5927.22,3,9,3.0000
5731,8706.89,6038.71,3,6,2.0000
5732,8760.30,5859.66,NaN,NaN,NaN
5733,8633.78,6151.04,2,4,2.0000
5734,8585.77,6040.50,2,1,0.0000
5735,8584.93,5946.79,NaN,NaN,NaN
5736,8683.90,5667.32,3,5,0.0000
5737,8706.45,6216.92,2,2,0.0000
5738,8842.53,6008.84,NaN,NaN,NaN
5739,8734.01,5559.69,0,0,0.0000
5740,8635.65,6246.95,0,0,0.0000
5741,8848.31,5872.74,0,0,0.0000
5742,8784.11,5954.00,3,4,0.0000
5743,8670.17,5579.46,0,0,0.0000
5744,8850.89,6143.46,NaN,NaN,NaN
5745,8630.51,5707.30,3,5,0.0000
5746,8732.54,5716.26,NaN,NaN,NaN
5747,8918.22,5801.09,0,0,0.0000
5748,8583.41,5768.52,0,0,0.0000
5749,8628.11,5816.58,NaN,NaN,NaN
5750,9080.53,6271.45,NaN,NaN,NaN
5751,8866.56,5751.42,NaN,NaN,NaN
5752,8671.60,5906.83,NaN,NaN,NaN
5753,8893.06,5843.69,0,0,0.0000
5754,8843.38,5672.13,NaN,NaN,NaN
5755,8964.72,5947.41,NaN,NaN,NaN
5756,8760.39,6252.36,NaN,NaN,NaN
5757,8794.72,6133.32,0,0,0.0000
5758,8690.97,5837.82,3,5,0.0000
5759,8617.73,6078.37,NaN,NaN,NaN
5760,8721.89,5945.13,0,0,0.0000
5761,8802.11,6078.00,4,8,2.0000
5762,9798.19,5526.34,NaN,NaN,NaN
5763,9982.27,5934.10,NaN,NaN,NaN
5764,9506.00,5966.10,NaN,NaN,NaN
5765,10053.42,5880.70,NaN,NaN,NaN
5766,9752.99,5699.58,0,0,0.0000
5767,9609.20,6078.51,0,0,0.0000
5768,9888.26,5688.32,0,0,0.0000
5769,9589.82,5872.82,NaN,NaN,NaN
5770,9530.96,5580.64,NaN,NaN,NaN
5771,10033.34,6157.46,NaN,NaN,NaN
5772,9728.44,6150.21,NaN,NaN,NaN
5773,9609.23,5972.93,NaN,NaN,NaN
5774,9903.09,6123.39,0,0,0.0000
5775,10077.28,5672.61,0,0,0.0000
5776,10106.48,5763.90,0,0,0.0000
5777,9815.14,6066.87,2,4,2.0000
5778,9591.96,5657.97,NaN,NaN,NaN
5779,9938.62,6033.03,2,3,0.0000
5780,9974.24,5542.67,0,0,0.0000
5781,9428.06,5658.13,0,0,0.0000
5782,9515.71,5689.14,2,4,2.0000
5783,9750.89,6241.08,0,0,0.0000
5784,9688.72,5564.32,3,8,2.6667
5785,9960.85,6171.02,NaN,NaN,NaN
5786,9963.95,5632.40,0,0,0.0000
5787,9892.46,5607.24,0,0,0.0000
5788,9711.92,5874.79,0,0,0.0000
5789,9461.61,5563.49,NaN,NaN,NaN
5790,9633.79,5810.20,NaN,NaN,NaN
5791,9936.83,5783.59,NaN,NaN,NaN
5792,9791.58,5757.14,NaN,NaN,NaN
5793,9674.67,5723.84,2,3,0.0000
5794,9676.69,5642.59,0,0,0.0000
5795,9676.37,6069.94,0,0,0.0000
5796,9624.04,5587.80,0,0,0.0000
5797,9761.23,5919.22,NaN,NaN,NaN
5798,9684.14,5927.21,0,0,0.0000
5799,9853.99,5959.40,0,0,0.0000
5800,9578.90,5759.54,NaN,NaN,NaN
5801,9539.64,5818.90,NaN,NaN,NaN
5802,9831.61,6210.65,0,0,0.0000
5803,9500.74,5779.83,0,0,0.0000
5804,9845.25,5836.95,NaN,NaN,NaN
5805,9670.43,5997.41,0,0,0.0000
5806,9923.13,6212.60,NaN,NaN,NaN
5807,9745.93,6048.05,0,0,0.0000
5808,9507.73,5875.72,2,2,0.0000
5809,9688.29,6251.01,0,0,0.0000
5810,9677.94,5510.51,NaN,NaN,NaN
5811,9972.39,6259.17,0,0,0.0000
5812,10092.80,6143.63,0,0,0.0000
5813,10077.37,6232.72,NaN,NaN,NaN
5814,9445.37,5746.52,0,0,0.0000
5815,9846.87,5766.69,NaN,NaN,NaN
5816,9591.92,5531.38,NaN,NaN,NaN
5817,10062.08,6073.60,0,0,0.0000
5818,10024.44,6229.95,NaN,NaN,NaN
5819,9860.31,6045.53,0,0,0.0000
5820,9882.33,5774.23,2,3,0.0000
5821,9449.67,5706.91,0,0,0.0000
5822,10420.43,5527.66,NaN,NaN,NaN
5823,10241.63,5841.83,NaN,NaN,NaN
5824,10122.55,5942.30,0,0,0.0000
5825,10236.27,5723.73,NaN,NaN,NaN
5826,10198.39,5574.10,2,5,2.5000
5827,10229.97,5985.73,0,0,0.0000
5828,10439.07,5646.14,2,3,0.0000
5829,10522.86,5632.81,NaN,NaN,NaN
5830,10213.27,6249.58,NaN,NaN,NaN
5831,10738.66,5627.27,NaN,NaN,NaN
5832,10177.60,5678.57,0,0,0.0000
5833,10788.95,5541.73,2,3,0.0000
5834,10159.11,6185.90,NaN,NaN,NaN
5835,10539.62,5544.05,NaN,NaN,NaN
5836,10588.37,5567.62,NaN,NaN,NaN
5837,10173.64,6121.79,2,2,0.0000
5838,10326.18,5615.66,NaN,NaN,NaN
5839,10712.67,5551.33,NaN,NaN,NaN
5840,10360.98,5744.01,NaN,NaN,NaN
5841,10451.84,5707.20,0,0,0.0000
5842,10239.75,6171.66,0,0,0.0000
5843,10305.99,5937.69,0,0,0.0000
5844,10616.34,5640.14,0,0,0.0000
5845,10675.25,5644.41,2,6,3.0000
5846,10437.72,6000.65,NaN,NaN,NaN
5847,10299.73,5878.04,3,3,0.0000
5848,10496.03,5931.61,0,0,0.0000
5849,10217.91,6112.10,0,0,0.0000
5850,10249.83,6057.01,0,0,0.0000
5851,10571.51,5637.13,0,0,0.0000
5852,10794.05,6251.80,2,3,0.0000
5853,10809.31,5608.04,NaN,NaN,NaN
5854,10460.86,6026.63,0,0,0.0000
5855,10156.54,6045.96,0,0,0.0000
5856,10155.15,6052.98,0,0,0.0000
5857,10157.61,6048.90,0,0,0.0000
5858,11334.14,5532.07,2,2,0.0000
5859,11179.65,6129.29,0,0,0.0000
5860,11437.84,5600.82,NaN,NaN,NaN
5861,11515.32,6231.43,0,0,0.0000
5862,11118.82,5857.04,NaN,NaN,NaN
5863,11303.63,5953.96,2,3,0.0000
5864,11256.60,5583.87,NaN,NaN,NaN
5865,11388.49,5718.13,0,0,0.0000
5866,11095.49,5523.70,2,3,0.0000
5867,11202.39,6003.34,NaN,NaN,NaN
5868,11522.56,5964.97,0,0,0.0000
5869,11490.45,5541.57,NaN,NaN,NaN
5870,11335.40,6077.92,3,3,0.0000
5871,11466.14,5716.79,0,0,0.0000
5872,11298.27,5752.47,NaN,NaN,NaN
5873,11384.89,5816.53,2,3,0.0000
5874,11405.29,5937.07,0,0,0.0000
5875,11170.13,5920.15,NaN,NaN,NaN
5876,11011.75,6253.79,NaN,NaN,NaN
5877,11278.78,5672.52,NaN,NaN,NaN
5878,11184.80,5660.66,0,0,0.0000
5879,11532.69,6093.56,0,0,0.0000
5880,11414.31,6271.36,2,3,0.0000
5881,11089.74,5689.05,0,0,0.0000
5882,11460.51,6081.48,NaN,NaN,NaN
5883,11630.74,5815.13,NaN,NaN,NaN
5884,11557.15,5744.98,0,0,0.0000
5885,11249.89,6190.98,0,0,0.0000
5886,11197.22,5752.64,0,0,0.0000
5887,11334.82,6178.90,NaN,NaN,NaN
5888,10969.29,5509.11,NaN,NaN,NaN
5889,11103.90,6211.61,NaN,NaN,NaN
5890,11138.90,6057.32,0,0,0.0000
5891,11337.59,6260.90,NaN,NaN,NaN
5892,10936.58,6226.32,NaN,NaN,NaN
5893,11013.11,6162.33,NaN,NaN,NaN
5894,11065.66,5609.55,NaN,NaN,NaN
5895,11153.77,5577.59,0,0,0.0000
5896,11263.22,6074.45,0,0,0.0000
5897,11600.27,6049.10,0,0,0.0000
5898,11286.57,6139.24,NaN,NaN,NaN
5899,11577.69,5859.71,0,0,0.0000
5900,11383.46,6207.96,3,4,0.0000
5901,11125.55,6010.64,NaN,NaN,NaN
5902,11532.74,5640.44,0,0,0.0000
5903,10980.26,5639.18,3,9,3.0000
5904,10939.79,5551.38,0,0,0.0000
5905,11440.08,5999.47,NaN,NaN,NaN
5906,11300.32,5867.76,0,0,0.0000
5907,11325.02,5844.42,0,0,0.0000
5908,11247.13,5877.08,NaN,NaN,NaN
5909,11229.07,6269.34,2,4,2.0000
5910,11163.90,6214.10,NaN,NaN,NaN
5911,11612.19,5983.12,NaN,NaN,NaN
5912,11140.22,5709.19,NaN,NaN,NaN
5913,11642.73,6128.28,NaN,NaN,NaN
5914,10886.12,5546.93,NaN,NaN,NaN
5915,11085.93,5923.85,NaN,NaN,NaN
5916,11633.72,6169.71,0,0,0.0000
5917,11144.27,5787.85,0,0,0.0000
5918,11469.04,5810.02,NaN,NaN,NaN
5919,11757.70,6177.72,0,0,0.0000
5920,11671.04,5886.50,NaN,NaN,NaN
5921,11668.57,6231.17,0,0,0.0000
5922,11692.15,5941.24,2,1,0.0000
5923,11720.24,6080.88,0,0,0.0000
5924,11696.88,6045.70,NaN,NaN,NaN
5925,11658.94,6074.91,0,0,0.0000
5926,11734.32,6026.55,NaN,NaN,NaN
5927,16208.80,5602.65,NaN,NaN,NaN
5928,16161.48,6046.09,0,0,0.0000
5929,16294.72,5845.72,NaN,NaN,NaN
5930,16045.30,5973.39,NaN,NaN,NaN
5931,16212.50,5805.74,NaN,NaN,NaN
5932,16038.09,5858.53,NaN,NaN,NaN
5933,16238.32,5983.45,2,3,0.0000
5934,16070.75,6227.06,NaN,NaN,NaN
5935,16314.36,5700.07,3,5,0.0000
5936,15906.60,6125.23,0,0,0.0000
5937,16301.17,5913.35,7,2,0.0000
5938,16225.94,6131.30,NaN,NaN,NaN
5939,16106.88,5806.48,3,7,2.3333
5940,16007.19,6173.39,NaN,NaN,NaN
5941,16090.57,6032.36,0,0,0.0000
5942,15884.68,6229.90,NaN,NaN,NaN
5943,15959.95,6210.00,3,3,0.0000
5944,16204.56,6228.13,3,4,0.0000
5945,16126.20,5934.92,0,0,0.0000
5946,16339.28,5619.37,NaN,NaN,NaN
5947,15812.76,6235.75,2,2,0.0000
5948,16093.59,6123.22,NaN,NaN,NaN
5949,16142.32,5509.09,NaN,NaN,NaN
5950,16311.81,5972.34,0,0,0.0000
5951,16199.56,5884.50,NaN,NaN,NaN
5952,16322.57,6179.48,2,3,0.0000
5953,16305.02,6243.53,NaN,NaN,NaN
5954,15961.22,6138.76,NaN,NaN,NaN
5955,16027.55,6263.94,0,0,0.0000
5956,15887.57,6090.72,NaN,NaN,NaN
5957,16283.45,6154.16,0,0,0.0000
5958,16006.61,6229.15,NaN,NaN,NaN
5959,16166.52,5545.87,NaN,NaN,NaN
5960,16025.35,6126.63,NaN,NaN,NaN
5961,16268.02,5529.75,2,4,2.0000
5962,16350.83,5505.26,0,0,0.0000
5963,16125.99,6211.69,NaN,NaN,NaN
5964,16251.87,5690.20,2,3,0.0000
5965,16148.11,6228.40,2,2,0.0000
5966,16363.55,6192.72,NaN,NaN,NaN
5967,16280.14,5636.98,5,8,0.0000
5968,16118.31,5625.19,0,0,0.0000
5969,16099.56,5519.95,3,3,0.0000
5970,446.23,6444.62,NaN,NaN,NaN
5971,127.57,6418.00,3,5,0.0000
5972,712.33,6541.35,3,4,0.0000
5973,605.07,6780.60,NaN,NaN,NaN
5974,468.71,6286.49,NaN,NaN,NaN
5975,255.41,6395.90,NaN,NaN,NaN
5976,474.05,6636.43,2,4,2.0000
5977,608.90,6489.59,0,0,0.0000
5978,596.40,6613.22,0,0,0.0000
5979,595.93,6318.21,NaN,NaN,NaN
5980,789.50,6702.48,0,0,0.0000
5981,546.80,6908.32,2,3,0.0000
5982,302.87,6294.49,2,2,0.0000
5983,742.88,6926.74,NaN,NaN,NaN
5984,811.21,6814.41,NaN,NaN,NaN
5985,857.78,6430.93,NaN,NaN,NaN
5986,809.22,6635.03,4,7,0.0000
5987,532.96,6385.58,2,4,2.0000
5988,862.30,6526.17,NaN,NaN,NaN
5989,599.17,7027.80,NaN,NaN,NaN
5990,883.36,6860.28,2,4,2.0000
5991,740.72,6748.37,NaN,NaN,NaN
5992,651.78,6916.52,0,0,0.0000
5993,693.65,6659.23,NaN,NaN,NaN
5994,518.76,6800.55,2,3,0.0000
5995,730.79,6439.54,0,0,0.0000
5996,699.97,6357.63,NaN,NaN,NaN
5997,826.75,6926.84,4,5,0.0000
5998,476.70,6741.73,2,5,2.5000
5999,545.58,6660.54,0,0,0.0000
6000,291.49,6483.33,0,0,0.0000
6001,52.73,6331.25,NaN,NaN,NaN
6002,675.85,6748.51,NaN,NaN,NaN
6003,345.13,6464.59,3,3,0.0000
6004,759.45,6396.22,NaN,NaN,NaN
6005,652.93,6679.09,3,4,0.0000
6006,229.00,6273.13,0,0,0.0000
6007,667.70,6411.22,0,0,0.0000
6008,676.47,6841.46,2,2,0.0000
6009,116.44,6487.58,3,4,0.0000
6010,628.88,6383.26,0,0,0.0000
6011,736.20,6818.93,0,0,0.0000
6012,800.70,6568.35,0,0,0.0000
6013,534.01,6728.94,NaN,NaN,NaN
6014,344.34,6359.63,0,0,0.0000
6015,515.20,6331.64,0,0,0.0000
6016,767.85,6880.77,0,0,0.0000
6017,871.35,6799.19,0,0,0.0000
6018,925.89,6684.71,NaN,NaN,NaN
6019,917.84,6974.73,NaN,NaN,NaN
6020,998.25,6466.73,0,0,0.0000
6021,1176.46,6299.39,2,3,0.0000
6022,1089.52,6952.21,NaN,NaN,NaN
6023,1018.29,6653.25,NaN,NaN,NaN
6024,978.03,6842.91,0,0,0.0000
6025,1278.51,6292.45,NaN,NaN,NaN
6026,1014.15,6556.40,NaN,NaN,NaN
6027,1158.16,6929.39,NaN,NaN,NaN
6028,1403.03,7007.47,2,7,3.5000
6029,950.50,6795.93,2,4,2.0000
6030,1140.63,6869.79,NaN,NaN,NaN
6031,896.89,6478.44,3,5,0.0000
6032,1048.26,7039.32,NaN,NaN,NaN
6033,1057.90,6844.70,0,0,0.0000
6034,936.00,6505.90,3,4,0.0000
6035,954.74,6561.44,NaN,NaN,NaN
6036,1115.00,6813.55,0,0,0.0000
6037,1045.39,6796.21,0,0,0.0000
6038,1003.80,6962.55,0,0,0.0000
6039,2366.54,7032.31,4,5,0.0000
6040,1694.94,6319.42,NaN,NaN,NaN
6041,2386.79,6829.46,NaN,NaN,NaN
6042,2178.17,6901.13,NaN,NaN,NaN
6043,2274.69,6829.26,2,4,2.0000
6044,2106.00,6601.76,2,1,0.0000
6045,2285.81,6993.50,0,0,0.0000
6046,2168.49,6733.76,0,0,0.0000
6047,2146.56,6814.36,NaN,NaN,NaN
6048,2106.90,6771.26,3,5,0.0000
6049,2347.56,6900.80,NaN,NaN,NaN
6050,2220.83,6953.96,3,6,2.0000
6051,2218.63,6774.44,2,2,0.0000
6052,2177.09,6673.83,NaN,NaN,NaN
6053,2353.22,6948.47,NaN,NaN,NaN
6054,1845.31,6476.79,NaN,NaN,NaN
6055,2260.07,6909.46,NaN,NaN,NaN
6056,2201.62,6621.88,NaN,NaN,NaN
6057,2225.38,6868.75,NaN,NaN,NaN
6058,1845.36,6419.53,0,0,0.0000
6059,2415.50,6901.07,NaN,NaN,NaN
6060,2318.43,6867.12,NaN,NaN,NaN
6061,2224.11,6727.82,NaN,NaN,NaN
6062,2455.36,6946.88,2,5,2.5000
6063,3019.62,6452.41,0,0,0.0000
6064,3093.07,6464.14,NaN,NaN,NaN
6065,3144.52,6537.74,2,2,0.0000
6066,3190.16,6510.95,NaN,NaN,NaN
6067,3145.58,6349.15,NaN,NaN,NaN
6068,3061.54,6520.56,NaN,NaN,NaN
6069,3051.82,6398.07,0,0,0.0000
6070,2509.70,7021.28,0,0,0.0000
6071,2529.60,6992.47,0,0,0.0000
6072,3494.87,6702.07,2,2,0.0000
6073,3488.35,6525.93,NaN,NaN,NaN
6074,3756.15,6842.56,0,0,0.0000
6075,3395.22,6735.24,0,0,0.0000
6076,3531.42,6345.79,NaN,NaN,NaN
6077,3247.37,6398.54,2,5,2.5000
6078,3432.90,6399.51,NaN,NaN,NaN
6079,3514.13,6276.67,4,2,0.0000
6080,3372.01,6524.65,0,0,0.0000
6081,3784.72,6681.12,NaN,NaN,NaN
6082,3216.44,6469.19,2,3,0.0000
6083,3650.81,6807.86,2,3,0.0000
6084,3702.96,6641.29,2,2,0.0000
6085,3591.50,6486.68,5,6,0.0000
6086,3633.55,6713.72,0,0,0.0000
6087,3554.90,6643.20,NaN,NaN,NaN
6088,3793.18,6594.47,0,0,0.0000
6089,3921.84,6860.05,0,0,0.0000
6090,3343.96,6785.15,NaN,NaN,NaN
6091,3868.99,6900.06,0,0,0.0000
6092,3693.75,6478.17,2,2,0.0000
6093,3638.43,6642.07,NaN,NaN,NaN
6094,3605.35,6430.50,0,0,0.0000
6095,3847.16,6748.56,NaN,NaN,NaN
6096,3771.27,6738.33,0,0,0.0000
6097,3286.90,6463.53,2,6,3.0000
6098,3841.00,6844.39,NaN,NaN,NaN
6099,3580.25,6592.74,NaN,NaN,NaN
6100,3391.24,6940.18,NaN,NaN,NaN
6101,3714.02,6754.49,0,0,0.0000
6102,3708.80,6583.55,0,0,0.0000
6103,3409.15,6457.86,0,0,0.0000
6104,3802.74,6915.80,0,0,0.0000
6105,3693.81,6715.71,0,0,0.0000
6106,3363.91,6899.75,0,0,0.0000
6107,3368.69,6282.10,NaN,NaN,NaN
6108,3375.46,7019.17,2,6,3.0000
6109,3741.13,6937.69,0,0,0.0000
6110,3449.49,6619.52,NaN,NaN,NaN
6111,3644.03,6573.09,0,0,0.0000
6112,3305.59,6599.37,NaN,NaN,NaN
6113,3533.29,6416.34,0,0,0.0000
6114,3696.28,6919.72,NaN,NaN,NaN
6115,3369.43,6837.53,0,0,0.0000
6116,3342.86,6405.20,3,6,2.0000
6117,3558.79,6797.44,NaN,NaN,NaN
6118,3882.09,6715.77,0,0,0.0000
6119,3454.16,6339.67,2,2,0.0000
6120,3731.31,6536.72,0,0,0.0000
6121,4579.36,6714.39,0,0,0.0000
6122,4483.33,6514.31,3,2,0.0000
6123,4686.24,6728.36,0,0,0.0000
6124,4655.06,6546.31,NaN,NaN,NaN
6125,4461.42,6805.33,0,0,0.0000
6126,4469.94,6368.65,NaN,NaN,NaN
6127,4703.80,6924.51,NaN,NaN,NaN
6128,4618.86,6287.13,NaN,NaN,NaN
6129,4568.20,6905.46,3,6,2.0000
6130,4451.71,6653.98,NaN,NaN,NaN
6131,4303.24,6408.54,NaN,NaN,NaN
6132,4641.13,6391.67,0,0,0.0000
6133,4613.67,7035.48,NaN,NaN,NaN
6134,4535.27,6281.63,0,0,0.0000
6135,4606.89,6856.55,0,0,0.0000
6136,4354.84,6576.67,NaN,NaN,NaN
6137,4315.79,6327.45,2,9,4.5000
6138,4692.59,6827.69,NaN,NaN,NaN
6139,4499.28,6631.58,4,6,0.0000
6140,4394.22,6344.04,3,4,0.0000
6141,4536.36,6418.38,2,10,5.0000
6142,4588.79,6599.07,0,0,0.0000
6143,4573.54,6995.65,0,0,0.0000
6144,4461.96,6274.27,0,0,0.0000
6145,4392.90,6722.90,NaN,NaN,NaN
6146,4587.93,6448.90,0,0,0.0000
6147,4359.53,6494.74,NaN,NaN,NaN
6148,4380.66,6419.39,NaN,NaN,NaN
6149,4722.96,6553.14,NaN,NaN,NaN
6150,4241.80,6333.42,NaN,NaN,NaN
6151,4670.09,6978.02,NaN,NaN,NaN
6152,4398.15,6540.90,NaN,NaN,NaN
6153,4609.51,6563.63,0,0,0.0000
6154,4694.79,6464.63,0,0,0.0000
6155,4303.68,6578.76,NaN,NaN,NaN
6156,4518.20,6781.20,2,5,2.5000
6157,4802.42,6979.73,NaN,NaN,NaN
6158,4809.56,6821.73,2,1,0.0000
6159,4899.43,6462.59,3,5,0.0000
6160,4876.37,6560.98,3,3,0.0000
6161,4886.56,6835.83,4,5,0.0000
6162,4778.91,6522.18,NaN,NaN,NaN
6163,4948.88,6742.42,2,4,2.0000
6164,4760.67,6672.37,0,0,0.0000
6165,4784.54,6409.77,NaN,NaN,NaN
6166,5144.73,6862.03,NaN,NaN,NaN
6167,5050.96,6712.76,NaN,NaN,NaN
6168,5282.39,6552.95,NaN,NaN,NaN
6169,4973.67,6896.97,0,0,0.0000
6170,4963.08,6395.86,NaN,NaN,NaN
6171,4971.58,6640.19,NaN,NaN,NaN
6172,4895.54,6282.13,NaN,NaN,NaN
6173,4829.12,6360.30,2,1,0.0000
6174,4786.47,6286.46,0,0,0.0000
6175,5112.77,6933.47,NaN,NaN,NaN
6176,5043.27,6547.41,NaN,NaN,NaN
6177,5166.76,6959.76,NaN,NaN,NaN
6178,5069.44,6881.06,NaN,NaN,NaN
6179,5227.73,6986.93,0,0,0.0000
6180,5014.02,6772.35,3,3,0.0000
6181,5104.83,7031.03,0,0,0.0000
6182,5372.96,6725.79,2,1,0.0000
6183,4896.69,6751.01,2,5,2.5000
6184,5255.47,6619.28,NaN,NaN,NaN
6185,4767.35,7036.81,0,0,0.0000
6186,4900.81,6934.18,NaN,NaN,NaN
6187,4943.39,6661.26,0,0,0.0000
6188,5052.62,6960.21,0,0,0.0000
6189,4770.72,6594.36,NaN,NaN,NaN
6190,4969.99,6468.15,NaN,NaN,NaN
6191,5345.21,6762.82,0,0,0.0000
6192,5012.02,6863.02,NaN,NaN,NaN
6193,4841.03,6281.39,0,0,0.0000
6194,5110.89,6795.87,NaN,NaN,NaN
6195,5083.12,6808.40,0,0,0.0000
6196,4986.08,6955.77,NaN,NaN,NaN
6197,5940.70,6316.39,0,0,0.0000
6198,6148.84,6532.50,NaN,NaN,NaN
6199,6079.07,6501.50,0,0,0.0000
6200,5970.26,6772.75,0,0,0.0000
6201,6070.08,6684.36,0,0,0.0000
6202,5986.49,6683.13,2,4,2.0000
6203,5907.00,6639.25,NaN,NaN,NaN
6204,5877.15,6417.25,0,0,0.0000
6205,6039.86,6858.08,NaN,NaN,NaN
6206,6023.64,6805.03,0,0,0.0000
6207,5992.10,6532.99,3,8,2.6667
6208,6023.66,6735.11,NaN,NaN,NaN
6209,5838.81,6372.43,NaN,NaN,NaN
6210,6058.52,6902.98,NaN,NaN,NaN
6211,5872.72,6540.26,NaN,NaN,NaN
6212,5801.64,6364.09,NaN,NaN,NaN
6213,5961.49,6631.53,2,3,0.0000
6214,5922.17,6582.46,NaN,NaN,NaN
6215,6004.75,6612.69,0,0,0.0000
6216,6076.38,6568.41,NaN,NaN,NaN
6217,6041.41,6567.40,NaN,NaN,NaN
6218,5817.92,6322.01,NaN,NaN,NaN
6219,6630.44,6410.63,2,5,2.5000
6220,6564.95,6340.42,0,0,0.0000
6221,6691.51,6330.20,NaN,NaN,NaN
6222,6704.10,6573.47,5,3,0.0000
6223,6461.70,6336.71,NaN,NaN,NaN
6224,6570.80,6486.95,NaN,NaN,NaN
6225,6845.36,6446.50,NaN,NaN,NaN
6226,6647.04,6846.00,0,0,0.0000
6227,6811.00,6511.46,NaN,NaN,NaN
6228,6857.45,6353.92,2,3,0.0000
6229,6724.60,6811.05,NaN,NaN,NaN
6230,6570.27,6805.07,0,0,0.0000
6231,6625.76,6897.91,NaN,NaN,NaN
6232,6627.21,6771.79,NaN,NaN,NaN
6233,6602.38,6974.03,0,0,0.0000
6234,6552.11,6869.58,NaN,NaN,NaN
6235,6852.70,6274.09,2,2,0.0000
6236,6576.24,6927.90,0,0,0.0000
6237,6826.12,6590.68,NaN,NaN,NaN
6238,7137.41,6882.69,NaN,NaN,NaN
6239,7097.13,6882.14,0,0,0.0000
6240,7192.84,7019.30,2,3,0.0000
6241,7148.36,7019.95,NaN,NaN,NaN
6242,8351.67,6848.39,NaN,NaN,NaN
6243,8510.33,6350.96,NaN,NaN,NaN
6244,8454.13,6707.41,0,0,0.0000
6245,8455.72,6517.05,0,0,0.0000
6246,8245.87,6644.16,0,0,0.0000
6247,8446.53,7023.40,NaN,NaN,NaN
6248,8403.43,6972.25,NaN,NaN,NaN
6249,8489.72,6827.76,0,0,0.0000
6250,8571.74,6320.39,NaN,NaN,NaN
6251,8324.54,6578.06,NaN,NaN,NaN
6252,8142.43,6579.25,2,4,2.0000
6253,8073.88,6287.78,NaN,NaN,NaN
6254,8446.98,6386.49,2,2,0.0000
6255,8175.41,6342.84,NaN,NaN,NaN
6256,8178.23,6429.24,3,4,0.0000
6257,8408.93,6589.16,0,0,0.0000
6258,8553.23,6448.22,NaN,NaN,NaN
6259,8344.47,6758.23,NaN,NaN,NaN
6260,8552.16,6528.64,NaN,NaN,NaN
6261,8301.67,6690.35,0,0,0.0000
6262,8059.25,6417.63,NaN,NaN,NaN
6263,8331.92,6479.44,NaN,NaN,NaN
6264,8312.21,6912.64,0,0,0.0000
6265,8006.50,6423.17,2,7,3.5000
6266,8438.34,6902.95,NaN,NaN,NaN
6267,8251.81,6764.23,0,0,0.0000
6268,8180.27,6514.73,NaN,NaN,NaN
6269,8190.40,6720.82,0,0,0.0000
6270,8117.36,6467.87,2,4,2.0000
6271,7932.56,6367.01,NaN,NaN,NaN
6272,8139.79,6660.70,NaN,NaN,NaN
6273,8316.86,6994.46,NaN,NaN,NaN
6274,8239.12,6506.00,2,4,2.0000
6275,8564.04,6773.43,0,0,0.0000
6276,8252.07,6388.98,NaN,NaN,NaN
6277,8305.74,6279.33,0,0,0.0000
6278,8085.64,6364.72,2,2,0.0000
6279,8345.76,6390.44,0,0,0.0000
6280,7996.40,6298.32,NaN,NaN,NaN
6281,8498.31,6604.66,0,0,0.0000
6282,8200.21,6949.38,NaN,NaN,NaN
6283,8461.05,6299.43,0,0,0.0000
6284,8540.07,6980.01,0,0,0.0000
6285,8557.15,6628.29,3,5,0.0000
6286,8262.05,6939.70,0,0,0.0000
6287,8293.78,6405.41,NaN,NaN,NaN
6288,8255.02,7022.55,NaN,NaN,NaN
6289,7950.39,6329.41,NaN,NaN,NaN
6290,8366.06,6431.99,NaN,NaN,NaN
6291,8439.89,6803.78,0,0,0.0000
6292,8012.98,6344.17,NaN,NaN,NaN
6293,8401.55,6671.78,0,0,0.0000
6294,8425.11,6439.00,NaN,NaN,NaN
6295,8525.75,6743.37,0,0,0.0000
6296,8179.32,6664.87,0,0,0.0000
6297,8124.63,6301.69,0,0,0.0000
6298,8371.79,6311.64,0,0,0.0000
6299,8552.28,7028.16,NaN,NaN,NaN
6300,8380.68,6358.10,0,0,0.0000
6301,8321.31,6324.69,0,0,0.0000
6302,8536.21,6831.41,0,0,0.0000
6303,8285.67,6509.34,NaN,NaN,NaN
6304,8523.93,6947.71,NaN,NaN,NaN
6305,8817.99,6323.58,NaN,NaN,NaN
6306,9107.85,6372.70,3,7,2.3333
6307,8941.53,6854.59,NaN,NaN,NaN
6308,9072.19,6997.51,NaN,NaN,NaN
6309,8634.97,6749.44,2,5,2.5000
6310,8968.94,7030.80,NaN,NaN,NaN
6311,8618.53,7009.09,NaN,NaN,NaN
6312,8798.75,7000.48,0,0,0.0000
6313,8694.90,6549.46,0,0,0.0000
6314,8955.49,6480.25,NaN,NaN,NaN
6315,8629.08,6463.76,0,0,0.0000
6316,8700.80,6371.54,0,0,0.0000
6317,8865.24,6409.13,NaN,NaN,NaN
6318,9133.55,6894.99,NaN,NaN,NaN
6319,8667.64,6907.84,3,2,0.0000
6320,9087.28,6501.46,NaN,NaN,NaN
6321,8582.10,6919.11,0,0,0.0000
6322,8957.59,6774.90,NaN,NaN,NaN
6323,9048.68,6897.28,NaN,NaN,NaN
6324,8997.10,6931.68,NaN,NaN,NaN
6325,8607.04,6836.44,2,2,0.0000
6326,9115.49,6427.05,NaN,NaN,NaN
6327,8797.65,6469.26,0,0,0.0000
6328,8725.60,6763.16,0,0,0.0000
6329,8632.87,6666.52,0,0,0.0000
6330,8788.33,6534.99,NaN,NaN,NaN
6331,9043.63,6638.69,2,2,0.0000
6332,8712.68,6939.87,0,0,0.0000
6333,9019.48,6288.65,0,0,0.0000
6334,8947.41,6943.19,NaN,NaN,NaN
6335,8633.27,6539.08,0,0,0.0000
6336,9009.77,6707.63,3,4,0.0000
6337,8903.87,7026.98,0,0,0.0000
6338,8847.92,6888.43,NaN,NaN,NaN
6339,9036.93,6579.08,NaN,NaN,NaN
6340,9004.50,6521.19,2,7,3.5000
6341,8870.49,6569.59,NaN,NaN,NaN
6342,8708.04,6839.94,NaN,NaN,NaN
6343,8939.64,6406.23,0,0,0.0000
6344,9024.91,6387.10,NaN,NaN,NaN
6345,8851.10,6948.96,0,0,0.0000
6346,9092.43,6851.40,NaN,NaN,NaN
6347,8961.93,6350.45,0,0,0.0000
6348,8886.17,6955.20,0,0,0.0000
6349,8735.66,6617.90,NaN,NaN,NaN
6350,9118.71,7007.48,0,0,0.0000
6351,8777.61,6641.02,NaN,NaN,NaN
6352,9090.61,6631.07,NaN,NaN,NaN
6353,9037.58,6478.39,NaN,NaN,NaN
6354,8766.66,6395.02,0,0,0.0000
6355,8898.00,6453.63,NaN,NaN,NaN
6356,9061.40,6700.85,NaN,NaN,NaN
6357,9025.93,6966.66,0,0,0.0000
6358,8998.58,6435.10,NaN,NaN,NaN
6359,8746.56,6506.74,0,0,0.0000
6360,9094.31,6585.77,NaN,NaN,NaN
6361,8849.51,6746.03,2,4,2.0000
6362,8711.13,6661.17,0,0,0.0000
6363,8743.97,7036.86,0,0,0.0000
6364,9725.79,6972.68,NaN,NaN,NaN
6365,10035.19,6607.26,NaN,NaN,NaN
6366,9947.22,6475.03,NaN,NaN,NaN
6367,9660.94,6639.50,0,0,0.0000
6368,9912.32,6288.47,NaN,NaN,NaN
6369,9569.00,7034.83,NaN,NaN,NaN
6370,9774.88,6639.77,2,4,2.0000
6371,10065.11,6409.25,2,3,0.0000
6372,10014.87,6869.58,NaN,NaN,NaN
6373,9785.00,6764.42,NaN,NaN,NaN
6374,9677.81,6334.49,NaN,NaN,NaN
6375,9513.73,6732.59,0,0,0.0000
6376,9984.43,6349.56,0,0,0.0000
6377,9778.18,6328.63,NaN,NaN,NaN
6378,9866.72,6525.25,0,0,0.0000
6379,9647.52,6840.17,0,0,0.0000
6380,9807.31,6907.58,2,2,0.0000
6381,10041.60,6318.59,NaN,NaN,NaN
6382,9808.32,6272.46,0,0,0.0000
6383,9605.37,6601.66,NaN,NaN,NaN
6384,9826.74,6604.80,NaN,NaN,NaN
6385,9938.86,6931.55,NaN,NaN,NaN
6386,9980.04,6954.44,NaN,NaN,NaN
6387,9908.78,6674.56,0,0,0.0000
6388,9580.08,6535.05,NaN,NaN,NaN
6389,9860.86,6368.69,NaN,NaN,NaN
6390,9506.38,7014.17,NaN,NaN,NaN
6391,10039.29,6474.40,0,0,0.0000
6392,9968.82,6736.54,NaN,NaN,NaN
6393,9553.90,6819.93,NaN,NaN,NaN
6394,9974.89,6812.70,NaN,NaN,NaN
6395,9780.61,6441.05,2,3,0.0000
6396,9519.69,6587.57,3,5,0.0000
6397,10059.79,6285.72,0,0,0.0000
6398,9698.78,6552.35,2,4,2.0000
6399,9635.66,6735.44,0,0,0.0000
6400,9804.01,7009.88,0,0,0.0000
6401,9918.23,6786.37,NaN,NaN,NaN
6402,9639.06,6999.85,NaN,NaN,NaN
6403,9998.02,6700.07,NaN,NaN,NaN
6404,9800.30,6835.96,0,0,0.0000
6405,9645.60,6914.90,0,0,0.0000
6406,9461.67,6652.17,NaN,NaN,NaN
6407,10099.85,6880.82,NaN,NaN,NaN
6408,9918.13,6571.71,NaN,NaN,NaN
6409,9841.88,6431.21,0,0,0.0000
6410,10028.37,6953.12,0,0,0.0000
6411,9739.90,6399.55,NaN,NaN,NaN
6412,9968.05,6580.82,0,0,0.0000
6413,9894.41,6877.79,0,0,0.0000
6414,9880.17,6833.06,NaN,NaN,NaN
6415,9859.27,6900.14,0,0,0.0000
6416,9729.29,6837.26,0,0,0.0000
6417,9457.01,6727.45,0,0,0.0000
6418,9706.35,6718.15,NaN,NaN,NaN
6419,9623.22,6333.67,NaN,NaN,NaN
6420,9613.38,6790.75,0,0,0.0000
6421,9801.54,6537.32,0,0,0.0000
6422,9509.88,6642.87,0,0,0.0000
6423,9840.88,6781.18,0,0,0.0000
6424,9847.15,6953.83,2,7,3.5000
6425,9772.53,6865.25,NaN,NaN,NaN
6426,9725.55,6767.11,0,0,0.0000
6427,9876.50,6791.71,0,0,0.0000
6428,9726.15,6795.02,0,0,0.0000
6429,10130.17,6771.36,0,0,0.0000
6430,10671.73,6661.23,NaN,NaN,NaN
6431,10473.06,6755.36,2,6,3.0000
6432,10370.89,6674.16,0,0,0.0000
6433,10197.14,6417.11,NaN,NaN,NaN
6434,10732.49,6761.07,2,7,3.5000
6435,10806.76,6408.83,NaN,NaN,NaN
6436,10463.61,6631.52,NaN,NaN,NaN
6437,10153.21,6667.51,NaN,NaN,NaN
6438,10515.12,6551.42,2,2,0.0000
6439,10298.06,6416.07,2,1,0.0000
6440,10647.80,6523.99,NaN,NaN,NaN
6441,10455.40,6380.25,0,0,0.0000
6442,10348.83,6861.50,2,5,2.5000
6443,10247.07,6833.67,NaN,NaN,NaN
6444,10190.90,6319.96,0,0,0.0000
6445,10298.96,6725.29,3,5,0.0000
6446,10154.58,6529.67,NaN,NaN,NaN
6447,10752.32,6572.32,NaN,NaN,NaN
6448,10135.59,6956.39,NaN,NaN,NaN
6449,10710.53,6369.28,3,6,2.0000
6450,10844.72,6623.28,NaN,NaN,NaN
6451,10461.87,6461.67,NaN,NaN,NaN
6452,10620.21,6807.69,NaN,NaN,NaN
6453,10769.99,6295.96,NaN,NaN,NaN
6454,10370.10,7008.95,NaN,NaN,NaN
6455,10780.90,6838.82,NaN,NaN,NaN
6456,10469.28,7012.16,NaN,NaN,NaN
6457,10410.70,6920.95,NaN,NaN,NaN
6458,10154.99,6597.23,NaN,NaN,NaN
6459,10235.99,6630.40,2,2,0.0000
6460,10853.95,6946.99,0,0,0.0000
6461,10555.61,6783.74,NaN,NaN,NaN
6462,10877.58,6367.72,0,0,0.0000
6463,10776.49,6626.42,NaN,NaN,NaN
6464,10543.88,6976.76,3,8,2.6667
6465,10322.90,6963.80,2,2,0.0000
6466,10219.34,6935.46,NaN,NaN,NaN
6467,10273.57,6951.05,NaN,NaN,NaN
6468,10863.56,6275.75,0,0,0.0000
6469,10585.91,6638.13,NaN,NaN,NaN
6470,10871.44,6772.40,NaN,NaN,NaN
6471,10833.95,6899.27,0,0,0.0000
6472,10691.47,6951.95,0,0,0.0000
6473,10685.88,6858.16,4,7,0.0000
6474,10564.35,6688.13,0,0,0.0000
6475,10803.12,6704.69,NaN,NaN,NaN
6476,10227.09,6759.24,0,0,0.0000
6477,10600.95,7017.47,2,3,0.0000
6478,10257.71,6541.06,NaN,NaN,NaN
6479,10377.19,6500.57,0,0,0.0000
6480,10848.29,6534.82,NaN,NaN,NaN
6481,10835.26,6472.03,NaN,NaN,NaN
6482,10310.80,6303.89,NaN,NaN,NaN
6483,10373.00,6568.21,0,0,0.0000
6484,10818.65,6318.39,NaN,NaN,NaN
6485,10185.44,6479.23,0,0,0.0000
6486,10315.30,6595.44,0,0,0.0000
6487,10324.92,6545.47,0,0,0.0000
6488,10350.85,6765.61,0,0,0.0000
6489,10464.50,6937.06,0,0,0.0000
6490,10129.99,6893.94,2,5,2.5000
6491,10263.83,6505.43,NaN,NaN,NaN
6492,10605.40,6731.65,0,0,0.0000
6493,10738.03,6524.31,0,0,0.0000
6494,10799.05,6949.34,NaN,NaN,NaN
6495,10839.17,7016.33,0,0,0.0000
6496,10383.86,6413.86,NaN,NaN,NaN
6497,11136.22,6760.31,NaN,NaN,NaN
6498,10949.70,6954.37,NaN,NaN,NaN
6499,11331.42,6387.95,NaN,NaN,NaN
6500,11198.16,6581.18,NaN,NaN,NaN
6501,11035.44,6865.90,NaN,NaN,NaN
6502,11119.60,6911.57,NaN,NaN,NaN
6503,11064.57,6439.10,NaN,NaN,NaN
6504,11166.75,6333.50,NaN,NaN,NaN
6505,10914.80,6813.26,NaN,NaN,NaN
6506,11382.01,6630.10,NaN,NaN,NaN
6507,11320.02,6701.23,NaN,NaN,NaN
6508,10935.14,6348.12,NaN,NaN,NaN
6509,11073.07,6568.73,NaN,NaN,NaN
6510,11579.25,6838.08,NaN,NaN,NaN
6511,11247.22,6347.75,0,0,0.0000
6512,11567.18,6562.95,0,0,0.0000
6513,11223.15,6694.77,3,5,0.0000
6514,11421.19,6351.83,3,4,0.0000
6515,11086.55,6356.47,2,4,2.0000
6516,11492.87,6654.96,NaN,NaN,NaN
6517,11047.57,6703.45,0,0,0.0000
6518,11351.07,6974.40,NaN,NaN,NaN
6519,11382.54,6462.20,2,4,2.0000
6520,11318.44,6900.50,NaN,NaN,NaN
6521,11007.31,6357.03,NaN,NaN,NaN
6522,11631.78,6404.89,NaN,NaN,NaN
6523,11446.58,6805.73,2,3,0.0000
6524,11115.04,6656.17,NaN,NaN,NaN
6525,11044.33,6763.83,NaN,NaN,NaN
6526,11223.17,6919.30,2,2,0.0000
6527,11436.22,6717.76,0,0,0.0000
6528,11329.65,6831.08,0,0,0.0000
6529,11533.60,6428.19,NaN,NaN,NaN
6530,10970.73,6419.66,0,0,0.0000
6531,11201.48,6855.87,2,5,2.5000
6532,11562.38,6478.79,2,3,0.0000
6533,11431.22,6985.06,NaN,NaN,NaN
6534,10915.40,6599.73,2,1,0.0000
6535,11247.63,6805.64,NaN,NaN,NaN
6536,11084.65,6516.00,NaN,NaN,NaN
6537,11643.00,6786.14,2,7,3.5000
6538,11602.64,6905.28,NaN,NaN,NaN
6539,11372.51,6764.88,0,0,0.0000
6540,10982.97,6604.02,0,0,0.0000
6541,11025.45,7013.60,2,5,2.5000
6542,11305.33,6773.75,0,0,0.0000
6543,11060.53,6968.48,0,0,0.0000
6544,10969.95,6874.15,0,0,0.0000
6545,11477.53,6996.00,3,4,0.0000
6546,11153.79,6996.80,2,6,3.0000
6547,11509.24,6372.22,NaN,NaN,NaN
6548,11242.55,6635.48,NaN,NaN,NaN
6549,11573.95,6754.34,2,3,0.0000
6550,10974.19,6526.69,0,0,0.0000
6551,11400.90,6901.48,NaN,NaN,NaN
6552,11150.90,6486.51,NaN,NaN,NaN
6553,11249.04,6417.15,0,0,0.0000
6554,10980.29,6471.11,0,0,0.0000
6555,11548.53,6338.64,NaN,NaN,NaN
6556,11327.17,6600.08,2,7,3.5000
6557,10903.98,6533.97,0,0,0.0000
6558,10913.19,6278.14,NaN,NaN,NaN
6559,11511.72,6941.42,0,0,0.0000
6560,11318.95,7039.34,0,0,0.0000
6561,11551.26,6639.49,0,0,0.0000
6562,11307.35,6490.20,NaN,NaN,NaN
6563,11421.27,6858.75,0,0,0.0000
6564,11435.46,6419.24,0,0,0.0000
6565,11618.77,6498.87,0,0,0.0000
6566,11169.17,6530.83,0,0,0.0000
6567,11429.29,6566.93,2,2,0.0000
6568,10970.57,6670.21,2,3,0.0000
6569,11168.22,6405.08,NaN,NaN,NaN
6570,11488.33,6499.98,NaN,NaN,NaN
6571,10912.83,6473.53,0,0,0.0000
6572,11475.50,6575.05,0,0,0.0000
6573,11194.68,6431.73,NaN,NaN,NaN
6574,11194.87,6475.78,NaN,NaN,NaN
6575,11628.99,7014.75,3,5,0.0000
6576,11565.70,6614.58,0,0,0.0000
6577,11411.83,6495.24,NaN,NaN,NaN
6578,11459.24,6476.03,NaN,NaN,NaN
6579,11232.93,6464.85,NaN,NaN,NaN
6580,11253.20,7012.38,0,0,0.0000
6581,11436.41,6520.10,NaN,NaN,NaN
6582,11019.72,6307.42,2,5,2.5000
6583,11296.50,6310.42,0,0,0.0000
6584,11707.00,6531.17,0,0,0.0000
6585,11794.65,6587.85,0,0,0.0000
6586,11735.93,6452.79,NaN,NaN,NaN
6587,11700.57,6410.55,3,3,0.0000
6588,11745.73,6662.92,0,0,0.0000
6589,11697.37,6733.11,0,0,0.0000
6590,11776.13,6387.61,0,0,0.0000
6591,11651.98,6906.55,0,0,0.0000
6592,11734.89,6331.84,NaN,NaN,NaN
6593,11792.41,6328.64,0,0,0.0000
6594,11801.48,6473.55,0,0,0.0000
6595,11690.70,6851.63,NaN,NaN,NaN
6596,11707.99,6352.18,0,0,0.0000
6597,11780.84,6283.51,0,0,0.0000
6598,15486.48,6809.64,0,0,0.0000
6599,15485.89,6513.33,0,0,0.0000
6600,15971.03,6473.08,2,4,2.0000
6601,15948.97,6405.24,NaN,NaN,NaN
6602,15934.54,6307.59,0,0,0.0000
6603,16098.27,6836.58,0,0,0.0000
6604,16089.19,6724.06,3,7,2.3333
6605,16093.16,6649.84,3,2,0.0000
6606,16033.19,6509.46,4,6,0.0000
6607,16176.25,6524.06,0,0,0.0000
6608,16280.66,6596.04,2,5,2.5000
6609,16260.87,6367.66,NaN,NaN,NaN
6610,16197.54,6784.65,0,0,0.0000
6611,16120.12,6892.91,2,5,2.5000
6612,16166.26,6353.26,0,0,0.0000
6613,16207.39,6449.48,NaN,NaN,NaN
6614,16311.53,6780.87,NaN,NaN,NaN
6615,16258.83,6510.56,NaN,NaN,NaN
6616,16248.43,6721.90,NaN,NaN,NaN
6617,16128.46,6305.32,NaN,NaN,NaN
6618,16141.76,6587.18,2,3,0.0000
6619,16084.43,6365.23,0,0,0.0000
6620,16037.37,6798.50,NaN,NaN,NaN
6621,16256.58,6791.76,NaN,NaN,NaN
6622,15528.67,6666.88,0,0,0.0000
6623,16232.96,6301.03,NaN,NaN,NaN
6624,16221.94,6640.35,0,0,0.0000
6625,16303.49,6311.24,4,5,0.0000
6626,16113.80,6543.49,3,6,2.0000
6627,15527.79,6531.00,NaN,NaN,NaN
6628,16187.86,6953.31,NaN,NaN,NaN
6629,16010.89,6583.79,NaN,NaN,NaN
6630,16013.13,6314.96,NaN,NaN,NaN
6631,16312.22,6869.56,0,0,0.0000
6632,16275.26,6992.56,4,9,2.2500
6633,16106.75,6775.63,4,6,0.0000
6634,16286.46,6442.78,3,4,0.0000
6635,15572.69,6800.91,NaN,NaN,NaN
6636,16259.24,6839.15,3,7,2.3333
6637,15871.64,6387.42,4,6,0.0000
6638,15554.63,6625.41,0,0,0.0000
6639,16202.84,6606.53,0,0,0.0000
6640,16173.12,6711.71,0,0,0.0000
6641,15574.90,6713.35,0,0,0.0000
6642,16159.29,6936.65,0,0,0.0000
6643,16242.36,6568.81,4,2,0.0000
6644,533.90,7770.39,NaN,NaN,NaN
6645,871.32,7118.48,2,5,2.5000
6646,429.57,7639.86,0,0,0.0000
6647,498.80,7645.04,NaN,NaN,NaN
6648,776.78,7065.42,NaN,NaN,NaN
6649,290.04,7461.32,3,6,2.0000
6650,441.55,7752.74,NaN,NaN,NaN
6651,752.42,7193.91,3,1,0.0000
6652,380.13,7549.63,NaN,NaN,NaN
6653,380.24,7753.91,NaN,NaN,NaN
6654,643.71,7080.93,0,0,0.0000
6655,742.29,7140.57,0,0,0.0000
6656,348.68,7620.33,NaN,NaN,NaN
6657,319.59,7430.54,NaN,NaN,NaN
6658,323.33,7510.13,0,0,0.0000
6659,405.67,7789.77,NaN,NaN,NaN
6660,377.53,7616.49,NaN,NaN,NaN
6661,398.07,7488.30,NaN,NaN,NaN
6662,536.13,7702.41,2,2,0.0000
6663,384.70,7702.41,NaN,NaN,NaN
6664,981.64,7074.22,2,4,2.0000
6665,1659.51,7365.64,NaN,NaN,NaN
6666,1308.87,7736.29,NaN,NaN,NaN
6667,1605.75,7787.12,2,5,2.5000
6668,1642.23,7732.17,0,0,0.0000
6669,1453.62,7055.41,NaN,NaN,NaN
6670,933.14,7141.64,0,0,0.0000
6671,1777.68,7742.70,NaN,NaN,NaN
6672,2239.15,7251.80,NaN,NaN,NaN
6673,2345.93,7337.32,NaN,NaN,NaN
6674,2209.21,7372.73,2,3,0.0000
6675,1677.71,7804.75,2,4,2.0000
6676,2347.26,7466.31,NaN,NaN,NaN
6677,2393.24,7254.22,NaN,NaN,NaN
6678,1744.75,7617.53,2,3,0.0000
6679,2342.30,7154.08,NaN,NaN,NaN
6680,2426.77,7652.82,0,0,0.0000
6681,2302.93,7271.83,NaN,NaN,NaN
6682,2369.37,7586.96,0,0,0.0000
6683,2261.98,7499.89,NaN,NaN,NaN
6684,2306.96,7413.21,NaN,NaN,NaN
6685,2412.62,7530.63,0,0,0.0000
6686,2331.40,7210.90,NaN,NaN,NaN
6687,1891.14,7768.24,NaN,NaN,NaN
6688,1810.59,7580.10,NaN,NaN,NaN
6689,1809.38,7633.87,0,0,0.0000
6690,2249.09,7442.38,0,0,0.0000
6691,2330.27,7105.85,NaN,NaN,NaN
6692,1688.83,7416.03,NaN,NaN,NaN
6693,2412.53,7478.11,NaN,NaN,NaN
6694,1846.40,7806.10,2,5,2.5000
6695,3076.37,7484.40,NaN,NaN,NaN
6696,2461.19,7077.38,3,5,0.0000
6697,3055.67,7704.15,NaN,NaN,NaN
6698,2462.60,7561.20,NaN,NaN,NaN
6699,2480.08,7271.57,2,5,2.5000
6700,2938.82,7400.14,NaN,NaN,NaN
6701,3070.61,7589.81,NaN,NaN,NaN
6702,2599.77,7635.75,NaN,NaN,NaN
6703,2829.51,7357.99,NaN,NaN,NaN
6704,2570.43,7479.26,2,6,3.0000
6705,3003.72,7792.22,NaN,NaN,NaN
6706,2945.47,7540.15,2,2,0.0000
6707,3107.25,7644.90,NaN,NaN,NaN
6708,2521.11,7203.35,NaN,NaN,NaN
6709,2637.93,7310.81,NaN,NaN,NaN
6710,2777.28,7725.38,NaN,NaN,NaN
6711,2433.18,7377.66,0,0,0.0000
6712,2730.18,7448.72,NaN,NaN,NaN
6713,2914.12,7606.89,NaN,NaN,NaN
6714,2840.76,7531.73,NaN,NaN,NaN
6715,2606.91,7248.14,NaN,NaN,NaN
6716,2601.14,7180.61,NaN,NaN,NaN
6717,3112.94,7798.01,NaN,NaN,NaN
6718,2682.52,7519.67,0,0,0.0000
6719,2478.70,7463.56,NaN,NaN,NaN
6720,3052.04,7769.97,5,4,0.0000
6721,2789.41,7544.75,NaN,NaN,NaN
6722,2783.81,7383.12,0,0,0.0000
6723,2685.69,7595.61,2,4,2.0000
6724,2475.26,7640.45,0,0,0.0000
6725,2897.03,7712.98,3,5,0.0000
6726,3175.27,7558.24,2,1,0.0000
6727,3006.58,7413.68,0,0,0.0000
6728,2630.73,7420.42,2,1,0.0000
6729,2895.73,7327.84,NaN,NaN,NaN
6730,2555.11,7115.98,3,4,0.0000
6731,2531.67,7634.80,NaN,NaN,NaN
6732,2878.06,7463.69,0,0,0.0000
6733,2688.93,7219.11,3,4,0.0000
6734,2573.77,7048.33,0,0,0.0000
6735,2881.73,7657.08,2,5,2.5000
6736,2673.52,7156.20,0,0,0.0000
6737,2789.73,7455.68,0,0,0.0000
6738,2665.82,7377.17,4,2,0.0000
6739,2720.72,7660.88,0,0,0.0000
6740,2524.97,7551.45,NaN,NaN,NaN
6741,3817.08,7631.31,2,5,2.5000
6742,3651.64,7492.71,NaN,NaN,NaN
6743,3755.11,7676.72,3,5,0.0000
6744,3885.22,7713.36,0,0,0.0000
6745,3737.41,7561.79,3,4,0.0000
6746,3860.77,7565.10,2,1,0.0000
6747,3951.12,7491.47,0,0,0.0000
6748,3704.35,7673.82,NaN,NaN,NaN
6749,3953.33,7571.90,NaN,NaN,NaN
6750,3929.17,7621.27,NaN,NaN,NaN
6751,3424.09,7061.00,NaN,NaN,NaN
6752,3452.06,7111.63,NaN,NaN,NaN
6753,3873.02,7474.80,0,0,0.0000
6754,3449.06,7171.52,NaN,NaN,NaN
6755,3570.90,7460.17,2,6,3.0000
6756,3978.24,7725.32,2,1,0.0000
6757,4033.80,7660.87,2,3,0.0000
6758,4023.95,7574.72,2,2,0.0000
6759,4014.41,7526.72,NaN,NaN,NaN
6760,4653.55,7122.62,NaN,NaN,NaN
6761,4685.74,7042.91,2,3,0.0000
6762,4658.86,7083.62,NaN,NaN,NaN
6763,4990.81,7571.94,NaN,NaN,NaN
6764,4844.22,7286.95,NaN,NaN,NaN
6765,5300.01,7799.62,2,3,0.0000
6766,5019.29,7050.93,NaN,NaN,NaN
6767,5092.74,7803.09,NaN,NaN,NaN
6768,5079.34,7440.84,NaN,NaN,NaN
6769,5198.15,7644.46,NaN,NaN,NaN
6770,4936.48,7678.74,NaN,NaN,NaN
6771,4982.45,7794.36,3,9,3.0000
6772,5372.30,7425.93,NaN,NaN,NaN
6773,5174.54,7118.41,NaN,NaN,NaN
6774,5026.41,7722.59,0,0,0.0000
6775,5219.76,7396.30,NaN,NaN,NaN
6776,5298.16,7574.21,2,6,3.0000
6777,4980.03,7433.46,NaN,NaN,NaN
6778,4936.83,7048.54,2,4,2.0000
6779,4993.37,7341.22,NaN,NaN,NaN
6780,4882.13,7611.71,NaN,NaN,NaN
6781,4741.73,7106.60,2,5,2.5000
6782,4870.98,7242.47,NaN,NaN,NaN
6783,5347.19,7476.81,4,5,0.0000
6784,5108.88,7530.74,4,8,2.0000
6785,5374.72,7722.48,0,0,0.0000
6786,5130.74,7650.66,NaN,NaN,NaN
6787,5122.55,7334.94,NaN,NaN,NaN
6788,4897.83,7430.19,NaN,NaN,NaN
6789,4965.10,7131.93,NaN,NaN,NaN
6790,5204.38,7053.71,2,2,0.0000
6791,4814.50,7353.42,NaN,NaN,NaN
6792,5201.06,7470.23,0,0,0.0000
6793,5361.12,7792.18,NaN,NaN,NaN
6794,5027.55,7166.89,3,6,2.0000
6795,4940.62,7289.30,0,0,0.0000
6796,5309.93,7699.32,0,0,0.0000
6797,5401.88,7692.40,0,0,0.0000
6798,4918.03,7185.61,NaN,NaN,NaN
6799,5218.08,7305.84,NaN,NaN,NaN
6800,5321.24,7518.98,NaN,NaN,NaN
6801,5054.42,7584.23,NaN,NaN,NaN
6802,5160.26,7232.88,0,0,0.0000
6803,5098.03,7202.24,NaN,NaN,NaN
6804,4844.46,7441.25,0,0,0.0000
6805,5166.51,7724.00,2,3,0.0000
6806,5121.17,7149.32,NaN,NaN,NaN
6807,4847.05,7142.55,NaN,NaN,NaN
6808,4857.58,7519.93,NaN,NaN,NaN
6809,5033.32,7373.50,0,0,0.0000
6810,5184.89,7518.69,0,0,0.0000
6811,5287.88,7338.94,NaN,NaN,NaN
6812,4909.58,7565.77,0,0,0.0000
6813,5271.05,7167.13,NaN,NaN,NaN
6814,5430.06,7649.53,NaN,NaN,NaN
6815,5213.84,7754.40,NaN,NaN,NaN
6816,5206.87,7222.94,NaN,NaN,NaN
6817,5249.93,7204.69,NaN,NaN,NaN
6818,4975.21,7242.93,0,0,0.0000
6819,4901.39,7523.91,0,0,0.0000
6820,5272.87,7109.85,0,0,0.0000
6821,5050.93,7229.99,0,0,0.0000
6822,5295.14,7171.01,0,0,0.0000
6823,5474.88,7679.71,2,2,0.0000
6824,5245.08,7261.73,NaN,NaN,NaN
6825,4857.74,7354.78,0,0,0.0000
6826,6636.84,7105.68,3,6,2.0000
6827,6586.15,7192.31,NaN,NaN,NaN
6828,6887.83,7686.22,NaN,NaN,NaN
6829,6891.06,7583.04,0,0,0.0000
6830,6855.44,7733.91,NaN,NaN,NaN
6831,6847.37,7620.71,0,0,0.0000
6832,6807.23,7686.01,NaN,NaN,NaN
6833,6929.36,7633.90,0,0,0.0000
6834,6547.87,7124.07,0,0,0.0000
6835,6560.36,7072.64,2,2,0.0000
6836,6881.20,7637.52,0,0,0.0000
6837,6837.33,7410.96,0,0,0.0000
6838,6734.62,7780.73,NaN,NaN,NaN
6839,7032.15,7622.14,0,0,0.0000
6840,7038.14,7787.25,NaN,NaN,NaN
6841,6927.41,7758.44,0,0,0.0000
6842,6782.14,7619.04,0,0,0.0000
6843,6780.57,7790.91,NaN,NaN,NaN
6844,6816.99,7806.61,NaN,NaN,NaN
6845,6765.80,7701.35,2,3,0.0000
6846,7008.03,7710.21,NaN,NaN,NaN
6847,6949.59,7721.49,0,0,0.0000
6848,6754.61,7753.60,NaN,NaN,NaN
6849,7018.12,7349.30,0,0,0.0000
6850,6801.82,7760.81,NaN,NaN,NaN
6851,7113.47,7770.98,2,4,2.0000
6852,7393.35,7337.47,0,0,0.0000
6853,7286.92,7373.37,0,0,0.0000
6854,7073.89,7688.11,3,3,0.0000
6855,7446.71,7266.78,3,2,0.0000
6856,7477.26,7428.31,3,7,2.3333
6857,7549.94,7300.50,0,0,0.0000
6858,7187.26,7066.81,2,4,2.0000
6859,7426.59,7450.94,0,0,0.0000
6860,7552.57,7378.67,NaN,NaN,NaN
6861,7084.90,7264.23,0,0,0.0000
6862,7101.65,7150.78,NaN,NaN,NaN
6863,7455.38,7312.59,0,0,0.0000
6864,7087.93,7209.07,NaN,NaN,NaN
6865,7424.61,7505.54,NaN,NaN,NaN
6866,7112.09,7290.07,0,0,0.0000
6867,7042.95,7743.86,NaN,NaN,NaN
6868,7059.81,7185.61,NaN,NaN,NaN
6869,7134.80,7187.91,2,3,0.0000
6870,7172.97,7179.01,2,2,0.0000
6871,7126.01,7690.95,0,0,0.0000
6872,8209.05,7485.90,NaN,NaN,NaN
6873,8374.90,7404.67,3,7,2.3333
6874,8412.85,7761.83,NaN,NaN,NaN
6875,8274.95,7710.05,NaN,NaN,NaN
6876,8223.90,7359.31,NaN,NaN,NaN
6877,8363.31,7613.12,NaN,NaN,NaN
6878,8233.48,7639.62,NaN,NaN,NaN
6879,8082.10,7423.18,NaN,NaN,NaN
6880,8566.91,7212.21,0,0,0.0000
6881,8243.03,7238.75,NaN,NaN,NaN
6882,8443.78,7127.85,0,0,0.0000
6883,8343.19,7221.12,NaN,NaN,NaN
6884,8446.60,7401.48,NaN,NaN,NaN
6885,8304.15,7573.26,NaN,NaN,NaN
6886,8500.12,7071.51,NaN,NaN,NaN
6887,8285.68,7495.82,NaN,NaN,NaN
6888,8540.31,7480.69,NaN,NaN,NaN
6889,8428.20,7681.01,NaN,NaN,NaN
6890,8256.15,7159.22,NaN,NaN,NaN
6891,8556.64,7320.49,NaN,NaN,NaN
6892,8496.78,7537.67,0,0,0.0000
6893,8083.66,7536.71,0,0,0.0000
6894,8025.94,7378.19,0,0,0.0000
6895,8350.89,7065.15,NaN,NaN,NaN
6896,8320.39,7803.79,0,0,0.0000
6897,8320.37,7128.96,NaN,NaN,NaN
6898,8452.64,7315.96,NaN,NaN,NaN
6899,8188.32,7274.37,0,0,0.0000
6900,8018.24,7294.20,NaN,NaN,NaN
6901,8453.29,7181.35,0,0,0.0000
6902,8177.81,7185.65,0,0,0.0000
6903,8453.45,7255.82,NaN,NaN,NaN
6904,8412.33,7528.10,NaN,NaN,NaN
6905,8466.03,7598.52,NaN,NaN,NaN
6906,8021.07,7477.28,NaN,NaN,NaN
6907,8134.35,7336.55,2,2,0.0000
6908,8540.15,7405.91,NaN,NaN,NaN
6909,7939.26,7207.49,0,0,0.0000
6910,8144.04,7495.95,2,8,4.0000
6911,8070.53,7322.71,0,0,0.0000
6912,8301.69,7404.98,0,0,0.0000
6913,8364.78,7684.00,0,0,0.0000
6914,8547.59,7581.25,NaN,NaN,NaN
6915,8485.76,7642.52,NaN,NaN,NaN
6916,8523.70,7271.63,NaN,NaN,NaN
6917,8547.55,7155.83,0,0,0.0000
6918,7914.38,7352.43,NaN,NaN,NaN
6919,8016.57,7541.23,0,0,0.0000
6920,8413.19,7469.53,NaN,NaN,NaN
6921,8514.14,7357.46,2,8,4.0000
6922,8557.99,7106.09,NaN,NaN,NaN
6923,8015.61,7196.12,NaN,NaN,NaN
6924,8289.03,7305.90,2,8,4.0000
6925,9087.20,7454.80,NaN,NaN,NaN
6926,8655.16,7777.37,NaN,NaN,NaN
6927,9315.19,7626.14,2,2,0.0000
6928,8845.08,7656.88,NaN,NaN,NaN
6929,8580.06,7647.90,2,2,0.0000
6930,8681.90,7088.71,2,8,4.0000
6931,8751.56,7494.88,0,0,0.0000
6932,9078.86,7754.30,NaN,NaN,NaN
6933,8944.48,7152.19,3,7,2.3333
6934,8863.54,7402.50,NaN,NaN,NaN
6935,8858.68,7270.56,0,0,0.0000
6936,8816.87,7759.70,NaN,NaN,NaN
6937,9149.51,7705.39,0,0,0.0000
6938,8952.95,7620.61,NaN,NaN,NaN
6939,9163.08,7624.25,2,4,2.0000
6940,9152.61,7125.90,NaN,NaN,NaN
6941,9265.11,7049.00,4,8,2.0000
6942,9211.67,7509.85,2,2,0.0000
6943,9193.85,7042.63,NaN,NaN,NaN
6944,9097.34,7307.93,0,0,0.0000
6945,9013.22,7084.85,NaN,NaN,NaN
6946,8833.67,7558.08,NaN,NaN,NaN
6947,8971.31,7272.05,NaN,NaN,NaN
6948,8928.62,7519.49,NaN,NaN,NaN
6949,8650.58,7541.37,NaN,NaN,NaN
6950,9256.99,7185.62,0,0,0.0000
6951,9135.79,7555.51,4,9,2.2500
6952,8863.82,7487.29,0,0,0.0000
6953,8675.35,7317.55,NaN,NaN,NaN
6954,9021.76,7648.06,NaN,NaN,NaN
6955,8851.58,7103.82,NaN,NaN,NaN
6956,8656.95,7679.11,NaN,NaN,NaN
6957,8733.36,7640.41,NaN,NaN,NaN
6958,8615.83,7161.88,NaN,NaN,NaN
6959,9310.93,7348.05,5,8,0.0000
6960,9030.75,7295.38,NaN,NaN,NaN
6961,8927.63,7384.22,NaN,NaN,NaN
6962,8916.79,7304.16,2,2,0.0000
6963,9304.16,7108.56,NaN,NaN,NaN
6964,8961.78,7705.60,2,6,3.0000
6965,8852.78,7166.23,3,6,2.0000
6966,8711.09,7426.27,NaN,NaN,NaN
6967,9265.01,7249.23,NaN,NaN,NaN
6968,9273.95,7408.33,0,0,0.0000
6969,8737.54,7236.71,0,0,0.0000
6970,8676.38,7217.44,NaN,NaN,NaN
6971,8592.61,7416.44,NaN,NaN,NaN
6972,8697.98,7161.99,2,4,2.0000
6973,9237.82,7779.22,2,3,0.0000
6974,8838.55,7212.75,NaN,NaN,NaN
6975,9294.94,7732.43,NaN,NaN,NaN
6976,9201.87,7277.72,NaN,NaN,NaN
6977,8613.91,7331.62,NaN,NaN,NaN
6978,8768.69,7188.31,NaN,NaN,NaN
6979,9314.18,7801.61,NaN,NaN,NaN
6980,9221.07,7612.22,NaN,NaN,NaN
6981,8908.20,7778.97,NaN,NaN,NaN
6982,9089.91,7175.98,0,0,0.0000
6983,9025.05,7146.36,NaN,NaN,NaN
6984,9028.58,7360.12,NaN,NaN,NaN
6985,8756.69,7303.70,0,0,0.0000
6986,8968.79,7434.92,0,0,0.0000
6987,8636.77,7388.15,0,0,0.0000
6988,8618.97,7483.94,2,3,0.0000
6989,9295.90,7505.73,3,3,0.0000
6990,9211.32,7371.56,0,0,0.0000
6991,9256.46,7337.83,0,0,0.0000
6992,9065.71,7593.65,2,5,2.5000
6993,8799.19,7069.34,4,5,0.0000
6994,8745.15,7357.74,NaN,NaN,NaN
6995,9178.64,7317.37,0,0,0.0000
6996,9311.19,7559.23,NaN,NaN,NaN
6997,9027.47,7232.01,0,0,0.0000
6998,8968.37,7338.03,2,8,4.0000
6999,9264.55,7807.97,NaN,NaN,NaN
7000,9008.28,7733.19,NaN,NaN,NaN
7001,8955.18,7804.62,NaN,NaN,NaN
7002,9172.47,7185.89,0,0,0.0000
7003,9012.56,7585.70,NaN,NaN,NaN
7004,9052.16,7184.85,2,3,0.0000
7005,8798.79,7141.84,0,0,0.0000
7006,8607.85,7286.12,NaN,NaN,NaN
7007,8945.17,7234.50,NaN,NaN,NaN
7008,8800.16,7427.69,0,0,0.0000
7009,8603.71,7456.05,NaN,NaN,NaN
7010,8795.44,7246.41,NaN,NaN,NaN
7011,9730.43,7139.54,0,0,0.0000
7012,9384.39,7190.14,NaN,NaN,NaN
7013,9909.09,7041.37,2,1,0.0000
7014,9851.03,7063.19,NaN,NaN,NaN
7015,9530.39,7173.63,2,4,2.0000
7016,9375.17,7400.06,2,4,2.0000
7017,9377.38,7768.03,2,3,0.0000
7018,9478.36,7237.62,NaN,NaN,NaN
7019,9879.97,7146.93,NaN,NaN,NaN
7020,9354.34,7295.49,NaN,NaN,NaN
7021,9424.42,7701.62,NaN,NaN,NaN
7022,9451.12,7768.22,0,0,0.0000
7023,10014.00,7068.93,NaN,NaN,NaN
7024,9376.37,7112.02,NaN,NaN,NaN
7025,9486.35,7693.40,NaN,NaN,NaN
7026,9362.18,7494.13,NaN,NaN,NaN
7027,9642.69,7182.70,0,0,0.0000
7028,9827.63,7124.39,NaN,NaN,NaN
7029,9799.95,7218.48,NaN,NaN,NaN
7030,9664.66,7554.86,0,0,0.0000
7031,9604.39,7100.54,NaN,NaN,NaN
7032,10792.98,7065.63,NaN,NaN,NaN
7033,10388.81,7081.47,NaN,NaN,NaN
7034,10223.77,7057.16,NaN,NaN,NaN
7035,10320.02,7067.26,0,0,0.0000
7036,10523.72,7042.88,2,2,0.0000
7037,10122.93,7097.25,2,4,2.0000
7038,10255.99,7089.98,NaN,NaN,NaN
7039,10994.48,7209.56,0,0,0.0000
7040,10974.10,7079.31,NaN,NaN,NaN
7041,11190.74,7184.41,3,3,0.0000
7042,11057.32,7082.46,NaN,NaN,NaN
7043,10880.07,7106.38,6,11,0.0000
7044,11528.94,7043.17,0,0,0.0000
7045,11117.08,7085.22,NaN,NaN,NaN
7046,11311.81,7114.48,3,7,2.3333
7047,10959.15,7153.52,NaN,NaN,NaN
7048,11373.66,7087.53,0,0,0.0000
7049,11083.74,7150.20,NaN,NaN,NaN
7050,11437.65,7258.80,0,0,0.0000
7051,11082.44,7206.56,0,0,0.0000
7052,11396.12,7151.41,0,0,0.0000
7053,11585.54,7127.91,NaN,NaN,NaN
7054,10941.21,7291.87,3,2,0.0000
7055,11397.95,7040.44,0,0,0.0000
7056,11433.52,7061.65,0,0,0.0000
7057,15971.81,7794.40,0,0,0.0000
7058,16334.25,7121.68,2,5,2.5000
7059,16249.00,7782.92,NaN,NaN,NaN
7060,151.26,8193.29,NaN,NaN,NaN
7061,135.32,8483.77,2,2,0.0000
7062,483.12,8031.61,NaN,NaN,NaN
7063,435.64,8320.96,0,0,0.0000
7064,512.82,7872.06,NaN,NaN,NaN
7065,427.69,7853.32,5,3,0.0000
7066,572.27,7992.62,0,0,0.0000
7067,545.03,8199.01,2,3,0.0000
7068,344.89,7900.35,NaN,NaN,NaN
7069,326.82,8140.36,NaN,NaN,NaN
7070,436.64,8155.63,3,7,2.3333
7071,554.07,8513.90,NaN,NaN,NaN
7072,584.64,8334.21,NaN,NaN,NaN
7073,155.50,8355.72,NaN,NaN,NaN
7074,332.62,8018.36,NaN,NaN,NaN
7075,598.41,7881.79,NaN,NaN,NaN
7076,516.48,8291.44,NaN,NaN,NaN
7077,165.82,8274.48,4,5,0.0000
7078,428.09,8436.48,3,3,0.0000
7079,415.07,8098.14,3,3,0.0000
7080,412.55,8000.94,NaN,NaN,NaN
7081,268.31,8091.64,NaN,NaN,NaN
7082,875.82,8037.95,0,0,0.0000
7083,455.80,8494.41,NaN,NaN,NaN
7084,46.82,8215.59,NaN,NaN,NaN
7085,888.36,8088.22,NaN,NaN,NaN
7086,513.66,8477.63,4,1,0.0000
7087,154.80,8090.62,2,4,2.0000
7088,554.93,8388.58,0,0,0.0000
7089,456.59,8210.14,0,0,0.0000
7090,509.40,8410.91,NaN,NaN,NaN
7091,225.68,8044.19,NaN,NaN,NaN
7092,47.61,8318.56,NaN,NaN,NaN
7093,395.76,8515.59,NaN,NaN,NaN
7094,436.98,7926.96,4,6,0.0000
7095,274.09,7995.66,NaN,NaN,NaN
7096,625.65,7933.18,NaN,NaN,NaN
7097,619.63,8293.17,NaN,NaN,NaN
7098,378.90,8035.73,0,0,0.0000
7099,281.11,8032.52,NaN,NaN,NaN
7100,352.26,8079.25,0,0,0.0000
7101,1651.68,7960.24,NaN,NaN,NaN
7102,1530.21,8260.94,4,8,2.0000
7103,1617.60,8072.62,4,6,0.0000
7104,1632.67,8545.59,2,5,2.5000
7105,1599.50,8443.29,0,0,0.0000
7106,989.43,8187.73,NaN,NaN,NaN
7107,1568.91,8148.90,0,0,0.0000
7108,1529.77,8088.55,2,4,2.0000
7109,1517.43,8489.76,NaN,NaN,NaN
7110,983.83,8104.25,NaN,NaN,NaN
7111,1602.92,8317.28,NaN,NaN,NaN
7112,1642.92,8263.06,NaN,NaN,NaN
7113,1597.60,7855.62,NaN,NaN,NaN
7114,1534.34,8016.40,NaN,NaN,NaN
7115,1569.88,7938.88,NaN,NaN,NaN
7116,1510.24,8166.42,NaN,NaN,NaN
7117,929.29,8135.67,NaN,NaN,NaN
7118,1573.18,8359.37,2,2,0.0000
7119,1615.44,8178.72,2,1,0.0000
7120,1541.78,8403.77,0,0,0.0000
7121,1593.61,8213.54,2,4,2.0000
7122,1576.39,8009.86,NaN,NaN,NaN
7123,1536.67,8314.70,NaN,NaN,NaN
7124,1610.86,7995.87,NaN,NaN,NaN
7125,1574.73,7819.56,0,0,0.0000
7126,1573.71,8547.56,0,0,0.0000
7127,1476.55,8305.29,0,0,0.0000
7128,1499.00,8214.78,NaN,NaN,NaN
7129,1943.61,7897.17,NaN,NaN,NaN
7130,1898.17,8084.84,NaN,NaN,NaN
7131,1714.86,7985.21,NaN,NaN,NaN
7132,1851.61,8140.39,4,3,0.0000
7133,1673.38,8170.09,NaN,NaN,NaN
7134,1912.61,7981.11,NaN,NaN,NaN
7135,1722.16,8086.23,NaN,NaN,NaN
7136,1980.25,8310.89,NaN,NaN,NaN
7137,2128.67,8480.26,2,3,0.0000
7138,1835.56,7969.43,NaN,NaN,NaN
7139,1999.79,7989.24,0,0,0.0000
7140,1914.93,7815.98,2,3,0.0000
7141,1822.24,7890.97,NaN,NaN,NaN
7142,2255.36,8427.31,0,0,0.0000
7143,1956.15,8045.75,NaN,NaN,NaN
7144,1760.26,7942.45,3,4,0.0000
7145,2030.52,8339.49,NaN,NaN,NaN
7146,1802.70,8032.14,2,4,2.0000
7147,1874.35,7869.89,3,3,0.0000
7148,1968.50,8371.54,NaN,NaN,NaN
7149,1935.10,8333.86,0,0,0.0000
7150,1796.44,7842.61,0,0,0.0000
7151,1670.04,8531.88,NaN,NaN,NaN
7152,1673.09,7881.92,0,0,0.0000
7153,2203.30,8484.79,NaN,NaN,NaN
7154,1755.26,7872.47,0,0,0.0000
7155,2024.74,7941.71,NaN,NaN,NaN
7156,2057.60,8466.18,0,0,0.0000
7157,2015.61,8271.09,NaN,NaN,NaN
7158,1844.53,8017.47,0,0,0.0000
7159,3061.22,7994.15,0,0,0.0000
7160,3173.10,8242.20,NaN,NaN,NaN
7161,2565.90,8454.05,NaN,NaN,NaN
7162,2703.32,8533.31,2,5,2.5000
7163,2632.91,8508.91,0,0,0.0000
7164,3143.51,8365.28,NaN,NaN,NaN
7165,3127.57,8489.51,0,0,0.0000
7166,3097.94,7875.50,NaN,NaN,NaN
7167,3194.94,8037.56,NaN,NaN,NaN
7168,3111.90,8142.05,2,3,0.0000
7169,3138.38,8052.29,3,1,0.0000
7170,3139.84,7955.50,3,3,0.0000
7171,3151.06,8575.52,0,0,0.0000
7172,3168.63,8127.11,3,3,0.0000
7173,3063.11,7824.28,NaN,NaN,NaN
7174,3839.03,8019.06,NaN,NaN,NaN
7175,3945.43,7819.86,0,0,0.0000
7176,3320.67,8030.22,NaN,NaN,NaN
7177,3914.53,7931.94,3,7,2.3333
7178,3954.22,8453.17,NaN,NaN,NaN
7179,3892.24,8278.38,0,0,0.0000
7180,3239.34,8245.37,NaN,NaN,NaN
7181,3922.87,8005.77,0,0,0.0000
7182,3920.93,8077.61,NaN,NaN,NaN
7183,3231.43,8092.52,NaN,NaN,NaN
7184,3853.49,8546.37,0,0,0.0000
7185,3782.21,7933.70,3,2,0.0000
7186,3335.21,8307.89,0,0,0.0000
7187,3894.01,8348.99,0,0,0.0000
7188,3882.27,8163.12,NaN,NaN,NaN
7189,3836.91,7901.74,3,4,0.0000
7190,3295.12,8269.78,0,0,0.0000
7191,3899.53,7870.34,0,0,0.0000
7192,3221.30,8165.59,NaN,NaN,NaN
7193,3783.79,7858.84,NaN,NaN,NaN
7194,3872.95,8109.93,0,0,0.0000
7195,3708.32,8528.68,0,0,0.0000
7196,3678.01,8546.80,0,0,0.0000
7197,3904.00,8492.91,2,3,0.0000
7198,4016.82,8552.24,0,0,0.0000
7199,4258.89,8477.70,0,0,0.0000
7200,4020.64,8022.84,NaN,NaN,NaN
7201,4131.81,8541.55,0,0,0.0000
7202,4176.03,7944.02,2,3,0.0000
7203,4083.36,8317.21,0,0,0.0000
7204,4167.99,8307.96,2,3,0.0000
7205,4080.19,8005.63,0,0,0.0000
7206,4307.56,8290.09,NaN,NaN,NaN
7207,4247.61,8324.12,NaN,NaN,NaN
7208,4016.05,8441.89,NaN,NaN,NaN
7209,3989.02,8349.88,NaN,NaN,NaN
7210,4145.68,8390.01,NaN,NaN,NaN
7211,4207.44,8255.12,2,6,3.0000
7212,4076.00,8459.00,0,0,0.0000
7213,4082.27,7940.31,NaN,NaN,NaN
7214,4042.09,7825.65,0,0,0.0000
7215,4388.76,8555.71,2,4,2.0000
7216,4162.14,8466.47,0,0,0.0000
7217,4392.33,8467.45,NaN,NaN,NaN
7218,4221.24,8209.03,0,0,0.0000
7219,4037.67,8232.64,NaN,NaN,NaN
7220,4138.57,8204.45,0,0,0.0000
7221,4282.73,8236.87,2,4,2.0000
7222,4385.68,8415.13,NaN,NaN,NaN
7223,4123.35,7814.85,0,0,0.0000
7224,3983.81,7903.75,0,0,0.0000
7225,4104.81,8246.52,2,2,0.0000
7226,4345.26,8509.52,NaN,NaN,NaN
7227,4153.26,7852.18,0,0,0.0000
7228,4144.34,8026.39,NaN,NaN,NaN
7229,4210.61,7941.72,NaN,NaN,NaN
7230,4336.02,8413.33,3,3,0.0000
7231,4350.70,8356.41,NaN,NaN,NaN
7232,4070.21,8396.21,NaN,NaN,NaN
7233,4039.88,8373.10,2,4,2.0000
7234,5292.36,8240.20,NaN,NaN,NaN
7235,5476.21,8014.56,2,3,0.0000
7236,5066.67,7938.98,NaN,NaN,NaN
7237,5175.47,7849.27,NaN,NaN,NaN
7238,5215.76,8547.95,NaN,NaN,NaN
7239,5372.28,8065.26,NaN,NaN,NaN
7240,5054.47,8141.00,NaN,NaN,NaN
7241,5356.61,8165.63,NaN,NaN,NaN
7242,5470.42,7870.90,2,4,2.0000
7243,5293.23,7881.54,5,7,0.0000
7244,5148.33,8400.96,NaN,NaN,NaN
7245,5152.27,8062.36,2,6,3.0000
7246,5490.04,8149.93,NaN,NaN,NaN
7247,5093.03,8287.45,2,3,0.0000
7248,5150.50,8155.69,NaN,NaN,NaN
7249,5342.75,8499.32,3,6,2.0000
7250,5208.23,8232.23,0,0,0.0000
7251,5203.42,8337.60,0,0,0.0000
7252,5408.43,8282.37,0,0,0.0000
7253,5259.22,8019.32,2,5,2.5000
7254,5359.43,8287.71,0,0,0.0000
7255,5126.55,8470.54,0,0,0.0000
7256,5444.02,8557.67,NaN,NaN,NaN
7257,5223.13,8435.42,0,0,0.0000
7258,5479.61,8437.93,NaN,NaN,NaN
7259,5298.73,8566.52,0,0,0.0000
7260,5017.64,8005.64,NaN,NaN,NaN
7261,5275.64,8441.32,NaN,NaN,NaN
7262,5496.48,7824.80,NaN,NaN,NaN
7263,5152.14,8294.14,2,4,2.0000
7264,5010.48,8165.41,NaN,NaN,NaN
7265,5437.63,8457.01,NaN,NaN,NaN
7266,5335.27,8406.63,NaN,NaN,NaN
7267,5086.02,8401.90,NaN,NaN,NaN
7268,5424.50,8500.73,NaN,NaN,NaN
7269,5190.45,7994.47,0,0,0.0000
7270,5463.97,8280.58,0,0,0.0000
7271,5502.80,8267.84,NaN,NaN,NaN
7272,5129.05,8223.27,NaN,NaN,NaN
7273,5390.04,8404.46,0,0,0.0000
7274,4986.73,7892.44,NaN,NaN,NaN
7275,5246.11,8292.05,NaN,NaN,NaN
7276,5247.47,7864.19,0,0,0.0000
7277,5023.52,8241.31,3,6,2.0000
7278,5460.47,8337.77,0,0,0.0000
7279,5467.41,8202.13,0,0,0.0000
7280,5133.54,7965.53,0,0,0.0000
7281,5418.37,7876.81,0,0,0.0000
7282,5438.68,8374.35,0,0,0.0000
7283,5599.40,8466.03,NaN,NaN,NaN
7284,5606.95,8012.96,2,3,0.0000
7285,5581.16,8210.02,NaN,NaN,NaN
7286,5670.04,8439.22,NaN,NaN,NaN
7287,5840.16,8532.40,NaN,NaN,NaN
7288,5536.24,8272.02,NaN,NaN,NaN
7289,5600.36,8111.21,0,0,0.0000
7290,5519.10,8442.91,NaN,NaN,NaN
7291,5726.68,8352.36,NaN,NaN,NaN
7292,5623.97,8342.25,0,0,0.0000
7293,5601.16,8562.67,0,0,0.0000
7294,5567.51,8317.65,NaN,NaN,NaN
7295,5511.90,8365.35,0,0,0.0000
7296,5612.44,7946.94,0,0,0.0000
7297,5676.61,8335.07,0,0,0.0000
7298,6868.09,7847.36,2,6,3.0000
7299,6930.94,8356.64,NaN,NaN,NaN
7300,6933.25,8452.55,NaN,NaN,NaN
7301,6843.70,8222.27,NaN,NaN,NaN
7302,6912.79,7929.93,0,0,0.0000
7303,6982.99,7989.75,3,8,2.6667
7304,6827.02,8148.80,0,0,0.0000
7305,6893.16,8190.76,0,0,0.0000
7306,6846.34,8318.13,2,2,0.0000
7307,6779.94,8315.09,NaN,NaN,NaN
7308,7026.33,8392.10,NaN,NaN,NaN
7309,6945.19,8081.09,3,5,0.0000
7310,6947.37,7821.40,2,3,0.0000
7311,6999.71,7871.27,NaN,NaN,NaN
7312,6879.65,8473.83,2,4,2.0000
7313,6945.39,8212.90,0,0,0.0000
7314,7010.81,8121.82,NaN,NaN,NaN
7315,6795.58,8243.73,0,0,0.0000
7316,6693.98,7995.89,NaN,NaN,NaN
7317,6971.87,8301.51,NaN,NaN,NaN
7318,6762.48,8128.04,0,0,0.0000
7319,6792.59,7916.44,2,3,0.0000
7320,7033.76,7998.91,0,0,0.0000
7321,7012.92,7811.69,NaN,NaN,NaN
7322,6950.21,8524.72,2,4,2.0000
7323,6776.76,8057.46,NaN,NaN,NaN
7324,6912.99,8094.82,4,8,2.0000
7325,7036.44,8058.92,0,0,0.0000
7326,6692.24,8056.46,0,0,0.0000
7327,6786.01,7872.05,0,0,0.0000
7328,6925.63,8543.51,NaN,NaN,NaN
7329,6915.89,8258.51,2,2,0.0000
7330,6978.05,8260.36,0,0,0.0000
7331,6972.30,8161.91,NaN,NaN,NaN
7332,7031.89,8223.13,2,2,0.0000
7333,6972.68,7930.57,NaN,NaN,NaN
7334,6939.74,8139.67,0,0,0.0000
7335,7083.02,8505.05,0,0,0.0000
7336,7218.80,8440.20,NaN,NaN,NaN
7337,7211.76,8222.95,0,0,0.0000
7338,7119.71,8286.31,NaN,NaN,NaN
7339,7143.65,8332.01,NaN,NaN,NaN
7340,7049.16,8177.88,0,0,0.0000
7341,7054.20,8247.23,2,4,2.0000
7342,7130.12,8184.12,NaN,NaN,NaN
7343,7493.27,7917.91,2,3,0.0000
7344,7468.51,7814.40,0,0,0.0000
7345,7364.91,8087.33,NaN,NaN,NaN
7346,7068.38,8309.68,NaN,NaN,NaN
7347,7063.80,8017.01,0,0,0.0000
7348,7181.60,8387.29,NaN,NaN,NaN
7349,7132.42,8431.91,2,3,0.0000
7350,7216.05,8535.49,2,3,0.0000
7351,7056.35,8361.81,0,0,0.0000
7352,7112.74,8376.96,NaN,NaN,NaN
7353,7508.94,7852.76,NaN,NaN,NaN
7354,7261.44,8516.05,0,0,0.0000
7355,7055.21,8108.96,2,1,0.0000
7356,7229.94,8363.95,NaN,NaN,NaN
7357,7194.73,8331.91,NaN,NaN,NaN
7358,7060.07,8573.53,2,1,0.0000
7359,7536.89,7842.68,NaN,NaN,NaN
7360,8505.41,7944.50,0,0,0.0000
7361,8337.34,8348.20,2,4,2.0000
7362,8569.66,8145.93,NaN,NaN,NaN
7363,8494.96,8346.82,3,6,2.0000
7364,8374.04,8465.43,NaN,NaN,NaN
7365,8420.32,8294.97,2,5,2.5000
7366,8477.60,8035.07,0,0,0.0000
7367,8373.32,7876.72,NaN,NaN,NaN
7368,8453.74,7855.01,2,4,2.0000
7369,8517.41,8218.28,2,3,0.0000
7370,8341.27,8016.97,NaN,NaN,NaN
7371,8476.99,8124.76,NaN,NaN,NaN
7372,8564.29,8324.95,NaN,NaN,NaN
7373,8388.03,8546.03,0,0,0.0000
7374,8302.99,8057.17,NaN,NaN,NaN
7375,8497.10,8421.84,NaN,NaN,NaN
7376,8277.37,7838.97,0,0,0.0000
7377,8556.76,8058.62,NaN,NaN,NaN
7378,8275.12,7898.32,NaN,NaN,NaN
7379,8421.07,7966.84,NaN,NaN,NaN
7380,8398.73,8131.66,0,0,0.0000
7381,8292.18,7954.03,NaN,NaN,NaN
7382,8522.82,7812.55,NaN,NaN,NaN
7383,8560.17,8422.10,NaN,NaN,NaN
7384,8432.46,8077.84,NaN,NaN,NaN
7385,8355.73,8097.80,NaN,NaN,NaN
7386,8458.81,8184.64,NaN,NaN,NaN
7387,8235.09,7883.85,NaN,NaN,NaN
7388,8763.07,8406.98,NaN,NaN,NaN
7389,9232.32,8506.31,NaN,NaN,NaN
7390,8898.47,8519.76,NaN,NaN,NaN
7391,9263.65,8000.73,3,3,0.0000
7392,8861.51,7943.13,2,5,2.5000
7393,8619.07,8257.20,2,5,2.5000
7394,9029.19,8386.54,NaN,NaN,NaN
7395,8934.55,8012.14,2,3,0.0000
7396,8926.73,8258.03,2,5,2.5000
7397,9174.23,8077.69,NaN,NaN,NaN
7398,8693.64,8520.19,NaN,NaN,NaN
7399,9129.93,8169.13,NaN,NaN,NaN
7400,8639.29,7894.75,NaN,NaN,NaN
7401,9006.77,8498.73,NaN,NaN,NaN
7402,9246.94,8158.11,NaN,NaN,NaN
7403,8858.36,8230.33,2,3,0.0000
7404,8827.73,8054.47,NaN,NaN,NaN
7405,9129.29,8511.11,2,3,0.0000
7406,9228.72,8352.60,NaN,NaN,NaN
7407,8787.64,8545.27,3,5,0.0000
7408,8916.74,8110.00,0,0,0.0000
7409,9291.11,8433.91,2,4,2.0000
7410,9257.33,8264.87,NaN,NaN,NaN
7411,8757.38,7837.45,NaN,NaN,NaN
7412,8628.00,8431.88,2,5,2.5000
7413,8785.66,8291.20,NaN,NaN,NaN
7414,8771.35,8077.28,2,4,2.0000
7415,9048.07,8252.41,3,9,3.0000
7416,8674.03,8369.81,NaN,NaN,NaN
7417,8882.63,8381.87,NaN,NaN,NaN
7418,9138.85,8242.98,2,7,3.5000
7419,9042.79,7831.02,0,0,0.0000
7420,8979.58,7849.84,2,5,2.5000
7421,8650.26,8059.22,2,3,0.0000
7422,8715.10,8146.87,NaN,NaN,NaN
7423,8719.22,8249.17,NaN,NaN,NaN
7424,9164.96,7988.55,NaN,NaN,NaN
7425,8717.50,7983.00,0,0,0.0000
7426,9087.35,7936.43,0,0,0.0000
7427,8997.70,8283.41,NaN,NaN,NaN
7428,9298.74,8114.25,0,0,0.0000
7429,8811.03,8205.94,NaN,NaN,NaN
7430,8993.41,8206.55,NaN,NaN,NaN
7431,9334.57,7963.24,NaN,NaN,NaN
7432,9288.78,7869.16,3,4,0.0000
7433,9069.89,8074.63,0,0,0.0000
7434,8967.68,8167.39,NaN,NaN,NaN
7435,8626.48,7996.10,NaN,NaN,NaN
7436,9045.96,8130.79,NaN,NaN,NaN
7437,8610.40,8352.49,4,5,0.0000
7438,9078.19,8458.41,0,0,0.0000
7439,9320.49,8358.25,0,0,0.0000
7440,9125.96,7893.45,0,0,0.0000
7441,9027.88,8061.71,0,0,0.0000
7442,8685.20,8302.51,0,0,0.0000
7443,8637.71,7956.73,NaN,NaN,NaN
7444,9108.91,8023.84,NaN,NaN,NaN
7445,8904.59,8328.42,3,3,0.0000
7446,9039.86,8175.19,NaN,NaN,NaN
7447,9305.07,7918.21,0,0,0.0000
7448,8830.41,8509.76,0,0,0.0000
7449,9153.46,7921.60,NaN,NaN,NaN
7450,8968.73,8367.87,0,0,0.0000
7451,9035.85,8018.48,0,0,0.0000
7452,9441.54,8490.33,2,9,4.5000
7453,9377.80,7885.89,NaN,NaN,NaN
7454,9654.62,8508.69,0,0,0.0000
7455,9657.27,8425.60,0,0,0.0000
7456,9389.96,7978.37,NaN,NaN,NaN
7457,9447.03,7944.55,0,0,0.0000
7458,9596.90,8504.90,0,0,0.0000
7459,9409.79,8405.62,0,0,0.0000
7460,9434.59,8334.51,3,5,0.0000
7461,9428.34,7843.94,0,0,0.0000
7462,9369.21,8095.74,3,6,2.0000
7463,9351.62,7843.68,NaN,NaN,NaN
7464,9344.93,8012.32,NaN,NaN,NaN
7465,9718.77,8452.74,0,0,0.0000
7466,9355.99,8372.04,0,0,0.0000
7467,9472.43,7888.54,0,0,0.0000
7468,9369.81,8352.11,0,0,0.0000
7469,12517.76,8011.85,0,0,0.0000
7470,12571.44,7994.63,0,0,0.0000
7471,16151.96,7972.84,NaN,NaN,NaN
7472,16133.11,8077.94,NaN,NaN,NaN
7473,15884.52,8219.93,NaN,NaN,NaN
7474,16294.34,8099.77,NaN,NaN,NaN
7475,16126.02,8207.27,0,0,0.0000
7476,16168.62,7828.04,NaN,NaN,NaN
7477,16273.83,8440.50,NaN,NaN,NaN
7478,16026.27,7853.04,0,0,0.0000
7479,16298.99,8355.02,NaN,NaN,NaN
7480,16043.12,8143.47,0,0,0.0000
7481,15919.60,7861.01,0,0,0.0000
7482,16251.65,8156.82,NaN,NaN,NaN
7483,16017.01,8309.60,NaN,NaN,NaN
7484,15924.90,8478.62,NaN,NaN,NaN
7485,16082.49,7901.50,NaN,NaN,NaN
7486,16104.64,8316.46,2,5,2.5000
7487,16145.27,8479.77,NaN,NaN,NaN
7488,15770.86,8220.08,NaN,NaN,NaN
7489,15653.57,8266.06,NaN,NaN,NaN
7490,15969.62,8537.40,NaN,NaN,NaN
7491,15934.12,8379.03,3,6,2.0000
7492,16083.56,8387.75,0,0,0.0000
7493,15871.92,8339.87,NaN,NaN,NaN
7494,15804.43,8168.05,NaN,NaN,NaN
7495,16056.31,8476.69,NaN,NaN,NaN
7496,15698.72,8354.62,0,0,0.0000
7497,16206.13,8210.19,3,4,0.0000
7498,16058.26,8252.36,0,0,0.0000
7499,16249.54,7904.71,NaN,NaN,NaN
7500,15786.85,7892.78,NaN,NaN,NaN
7501,15719.18,8279.98,NaN,NaN,NaN
7502,16283.43,8278.38,NaN,NaN,NaN
7503,15641.08,8375.95,0,0,0.0000
7504,16002.73,8431.05,2,2,0.0000
7505,15702.99,8210.18,0,0,0.0000
7506,15719.68,8119.01,NaN,NaN,NaN
7507,16274.21,7822.36,0,0,0.0000
7508,16202.47,8393.21,2,2,0.0000
7509,15625.42,8320.15,NaN,NaN,NaN
7510,15892.31,8553.47,0,0,0.0000
7511,15569.71,8188.32,0,0,0.0000
7512,16077.43,8424.58,0,0,0.0000
7513,16220.03,8273.31,NaN,NaN,NaN
7514,16194.23,8437.13,NaN,NaN,NaN
7515,16011.49,8380.70,0,0,0.0000
7516,15793.34,8258.14,2,8,4.0000
7517,16370.88,8199.29,0,0,0.0000
7518,16327.31,8542.75,3,3,0.0000
7519,826.54,9045.35,0,0,0.0000
7520,298.64,9018.25,NaN,NaN,NaN
7521,844.32,9274.86,NaN,NaN,NaN
7522,750.66,9114.10,3,2,0.0000
7523,876.48,9148.24,NaN,NaN,NaN
7524,839.96,8814.06,NaN,NaN,NaN
7525,238.46,8919.40,NaN,NaN,NaN
7526,122.26,8870.87,NaN,NaN,NaN
7527,187.89,8855.07,0,0,0.0000
7528,141.71,8795.23,NaN,NaN,NaN
7529,886.85,8760.46,0,0,0.0000
7530,237.06,8784.34,NaN,NaN,NaN
7531,204.81,8980.68,0,0,0.0000
7532,177.02,8749.70,3,3,0.0000
7533,726.54,9190.41,2,2,0.0000
7534,119.43,8601.87,3,6,2.0000
7535,750.93,9019.58,0,0,0.0000
7536,883.12,8982.94,5,5,0.0000
7537,819.80,9179.99,NaN,NaN,NaN
7538,780.06,9266.44,0,0,0.0000
7539,809.25,8915.83,0,0,0.0000
7540,764.07,9223.39,0,0,0.0000
7541,286.26,8832.91,2,2,0.0000
7542,130.62,8711.14,0,0,0.0000
7543,111.56,8676.10,0,0,0.0000
7544,789.21,8966.93,NaN,NaN,NaN
7545,255.31,8863.75,NaN,NaN,NaN
7546,963.37,8834.45,NaN,NaN,NaN
7547,1501.70,9317.58,2,3,0.0000
7548,1132.48,8943.63,NaN,NaN,NaN
7549,1278.44,8953.69,2,1,0.0000
7550,1156.58,9083.02,2,2,0.0000
7551,1184.36,8848.10,NaN,NaN,NaN
7552,1510.37,8822.23,NaN,NaN,NaN
7553,1493.87,8710.19,NaN,NaN,NaN
7554,924.51,8692.21,0,0,0.0000
7555,994.47,9020.46,0,0,0.0000
7556,1261.37,9268.28,NaN,NaN,NaN
7557,946.96,8955.37,2,5,2.5000
7558,1209.19,9343.02,NaN,NaN,NaN
7559,1631.39,9253.55,2,4,2.0000
7560,1624.01,8630.31,2,4,2.0000
7561,1155.49,9264.34,4,3,0.0000
7562,945.98,9289.20,NaN,NaN,NaN
7563,1081.25,8694.69,2,1,0.0000
7564,979.82,9145.93,4,5,0.0000
7565,1477.98,9194.95,NaN,NaN,NaN
7566,1288.77,9140.21,0,0,0.0000
7567,941.42,9080.22,0,0,0.0000
7568,1343.20,9050.07,0,0,0.0000
7569,1471.71,8925.56,0,0,0.0000
7570,1480.97,9036.51,3,4,0.0000
7571,1271.36,9210.97,4,5,0.0000
7572,1045.81,9309.63,0,0,0.0000
7573,1103.95,9048.27,NaN,NaN,NaN
7574,1607.04,8736.00,0,0,0.0000
7575,1043.06,8771.12,0,0,0.0000
7576,1048.89,9151.49,NaN,NaN,NaN
7577,1001.79,8717.36,4,5,0.0000
7578,1401.53,9069.42,NaN,NaN,NaN
7579,1095.99,8820.59,NaN,NaN,NaN
7580,1426.38,9231.99,0,0,0.0000
7581,1263.41,9083.20,NaN,NaN,NaN
7582,1396.74,8980.74,2,5,2.5000
7583,1565.05,8658.66,NaN,NaN,NaN
7584,1436.60,8816.60,NaN,NaN,NaN
7585,1010.18,8648.87,NaN,NaN,NaN
7586,1363.87,9276.66,0,0,0.0000
7587,1046.28,9243.47,0,0,0.0000
7588,1570.25,8789.43,2,4,2.0000
7589,1441.66,8876.13,0,0,0.0000
7590,904.73,9202.86,0,0,0.0000
7591,1214.53,9073.34,NaN,NaN,NaN
7592,975.39,9234.88,0,0,0.0000
7593,1582.04,9194.06,2,3,0.0000
7594,1058.83,9019.90,NaN,NaN,NaN
7595,1070.80,9100.54,2,2,0.0000
7596,1272.52,8821.42,0,0,0.0000
7597,1393.20,9174.71,NaN,NaN,NaN
7598,1181.27,9181.14,0,0,0.0000
7599,1146.69,8774.03,0,0,0.0000
7600,1386.96,8898.36,NaN,NaN,NaN
7601,1455.72,8609.71,NaN,NaN,NaN
7602,1035.08,8953.04,3,3,0.0000
7603,1334.38,9196.42,2,3,0.0000
7604,1441.12,9049.00,5,5,0.0000
7605,1524.61,9153.46,NaN,NaN,NaN
7606,1219.18,9166.70,0,0,0.0000
7607,946.40,8757.56,NaN,NaN,NaN
7608,1357.19,9137.93,2,2,0.0000
7609,1390.77,8809.61,0,0,0.0000
7610,1120.91,9214.44,0,0,0.0000
7611,1032.66,8895.31,NaN,NaN,NaN
7612,1585.89,8850.68,0,0,0.0000
7613,1283.52,9322.79,0,0,0.0000
7614,1340.19,9324.56,0,0,0.0000
7615,1461.04,9117.13,2,4,2.0000
7616,1058.36,8883.10,NaN,NaN,NaN
7617,1618.27,8820.54,NaN,NaN,NaN
7618,1500.26,9119.85,0,0,0.0000
7619,1291.59,9033.19,NaN,NaN,NaN
7620,2148.90,9262.43,0,0,0.0000
7621,2380.98,8583.82,NaN,NaN,NaN
7622,2119.29,9315.40,0,0,0.0000
7623,2247.80,9151.68,2,2,0.0000
7624,2087.92,9223.08,NaN,NaN,NaN
7625,2052.22,9255.50,2,7,3.5000
7626,1680.79,8599.57,NaN,NaN,NaN
7627,2854.16,9090.75,NaN,NaN,NaN
7628,2437.30,9039.05,NaN,NaN,NaN
7629,2694.38,8607.31,NaN,NaN,NaN
7630,2789.21,9033.72,NaN,NaN,NaN
7631,2769.82,8929.63,NaN,NaN,NaN
7632,2765.31,9157.49,NaN,NaN,NaN
7633,2813.90,8900.76,0,0,0.0000
7634,2712.43,8958.07,NaN,NaN,NaN
7635,2496.85,9252.06,2,2,0.0000
7636,2616.17,8595.22,0,0,0.0000
7637,3166.39,8639.90,NaN,NaN,NaN
7638,2455.94,8607.30,NaN,NaN,NaN
7639,2712.83,9083.15,2,4,2.0000
7640,2764.17,8592.52,NaN,NaN,NaN
7641,2488.70,9112.12,NaN,NaN,NaN
7642,2433.54,8970.18,NaN,NaN,NaN
7643,3185.55,8758.60,NaN,NaN,NaN
7644,2528.43,9213.49,NaN,NaN,NaN
7645,3183.79,8702.58,2,2,0.0000
7646,3721.59,8832.56,NaN,NaN,NaN
7647,3932.42,9025.80,2,4,2.0000
7648,3629.87,8732.61,0,0,0.0000
7649,3884.30,8631.39,NaN,NaN,NaN
7650,3850.69,9194.97,3,5,0.0000
7651,3945.73,9158.62,NaN,NaN,NaN
7652,3692.57,8626.86,3,1,0.0000
7653,3714.91,8724.79,3,6,2.0000
7654,3731.56,8985.75,0,0,0.0000
7655,3777.44,8916.25,NaN,NaN,NaN
7656,3879.21,9071.23,NaN,NaN,NaN
7657,3943.81,9276.14,NaN,NaN,NaN
7658,3915.86,8852.24,0,0,0.0000
7659,3964.27,8936.16,NaN,NaN,NaN
7660,3783.62,9117.60,0,0,0.0000
7661,3793.70,8689.27,NaN,NaN,NaN
7662,3825.59,8789.57,NaN,NaN,NaN
7663,3798.25,8627.08,NaN,NaN,NaN
7664,3864.62,8860.93,0,0,0.0000
7665,3832.62,9262.89,NaN,NaN,NaN
7666,3856.21,9126.99,NaN,NaN,NaN
7667,3802.22,9011.45,0,0,0.0000
7668,3674.60,8910.79,0,0,0.0000
7669,3887.95,8925.80,0,0,0.0000
7670,3848.30,8987.30,0,0,0.0000
7671,3834.06,8915.67,0,0,0.0000
7672,3775.65,9050.26,0,0,0.0000
7673,3767.93,8757.53,NaN,NaN,NaN
7674,3948.80,8833.07,NaN,NaN,NaN
7675,3580.86,8662.45,NaN,NaN,NaN
7676,4292.08,9282.65,NaN,NaN,NaN
7677,4124.32,8837.03,0,0,0.0000
7678,4063.33,8651.24,NaN,NaN,NaN
7679,4000.52,8770.68,NaN,NaN,NaN
7680,4362.64,9150.82,NaN,NaN,NaN
7681,4335.52,8945.96,NaN,NaN,NaN
7682,4097.41,9078.98,NaN,NaN,NaN
7683,4034.51,8982.10,NaN,NaN,NaN
7684,4174.84,8971.11,NaN,NaN,NaN
7685,4480.11,9182.81,0,0,0.0000
7686,4334.35,8665.02,2,3,0.0000
7687,4535.13,9328.60,4,4,0.0000
7688,4445.74,8616.92,2,6,3.0000
7689,4490.29,8815.98,NaN,NaN,NaN
7690,4036.75,9281.30,NaN,NaN,NaN
7691,4008.32,8880.37,0,0,0.0000
7692,4261.86,8598.23,NaN,NaN,NaN
7693,4286.92,9097.07,4,5,0.0000
7694,4161.58,9333.10,NaN,NaN,NaN
7695,4542.22,8909.51,0,0,0.0000
7696,4299.01,8729.31,NaN,NaN,NaN
7697,4396.86,9225.34,NaN,NaN,NaN
7698,4001.97,9206.50,NaN,NaN,NaN
7699,4123.56,8707.10,2,9,4.5000
7700,4409.05,9047.16,0,0,0.0000
7701,4087.43,9174.18,NaN,NaN,NaN
7702,4576.51,8971.34,0,0,0.0000
7703,4476.32,9255.91,0,0,0.0000
7704,4155.20,9051.41,NaN,NaN,NaN
7705,4231.71,9056.34,0,0,0.0000
7706,3971.78,8641.16,0,0,0.0000
7707,4562.12,9248.61,0,0,0.0000
7708,4463.43,8899.05,2,5,2.5000
7709,4389.72,8625.64,NaN,NaN,NaN
7710,4199.63,9135.86,0,0,0.0000
7711,4321.97,8576.13,0,0,0.0000
7712,4447.28,8975.91,NaN,NaN,NaN
7713,4569.75,9052.58,NaN,NaN,NaN
7714,4527.77,9138.65,0,0,0.0000
7715,4418.48,8841.47,NaN,NaN,NaN
7716,4309.88,8833.90,0,0,0.0000
7717,4141.88,9229.69,NaN,NaN,NaN
7718,4247.14,8834.82,NaN,NaN,NaN
7719,4005.75,9110.43,NaN,NaN,NaN
7720,4383.19,8801.19,NaN,NaN,NaN
7721,4507.46,8997.32,NaN,NaN,NaN
7722,4223.47,8674.38,0,0,0.0000
7723,4164.04,8622.66,NaN,NaN,NaN
7724,4098.13,8953.45,NaN,NaN,NaN
7725,4348.06,8745.92,NaN,NaN,NaN
7726,4232.88,8739.75,NaN,NaN,NaN
7727,4409.13,9294.02,0,0,0.0000
7728,4067.08,9124.53,NaN,NaN,NaN
7729,4461.46,9057.55,NaN,NaN,NaN
7730,4653.15,9303.59,0,0,0.0000
7731,4373.25,8883.32,NaN,NaN,NaN
7732,4435.82,8766.81,0,0,0.0000
7733,4587.42,9156.60,NaN,NaN,NaN
7734,4541.64,9094.96,0,0,0.0000
7735,4406.50,8942.22,0,0,0.0000
7736,4529.28,9046.96,NaN,NaN,NaN
7737,4310.50,9047.48,0,0,0.0000
7738,4161.69,8667.29,NaN,NaN,NaN
7739,4209.11,8783.00,NaN,NaN,NaN
7740,4171.82,8766.42,NaN,NaN,NaN
7741,4453.30,9122.12,0,0,0.0000
7742,5263.91,9284.17,0,0,0.0000
7743,5463.53,9115.41,2,5,2.5000
7744,5294.56,8853.11,NaN,NaN,NaN
7745,5460.10,9292.80,0,0,0.0000
7746,5110.20,9207.53,NaN,NaN,NaN
7747,5201.82,9149.92,0,0,0.0000
7748,5383.32,9300.31,3,7,2.3333
7749,4794.55,9318.85,NaN,NaN,NaN
7750,4872.67,9248.67,2,4,2.0000
7751,5013.78,9271.28,2,2,0.0000
7752,5165.21,9301.51,0,0,0.0000
7753,5177.90,9009.03,0,0,0.0000
7754,5089.37,9339.94,NaN,NaN,NaN
7755,5258.51,9077.93,NaN,NaN,NaN
7756,5309.33,8968.04,0,0,0.0000
7757,5386.62,8800.46,2,7,3.5000
7758,5463.09,8910.22,NaN,NaN,NaN
7759,5291.98,8745.39,NaN,NaN,NaN
7760,5355.01,8719.59,4,6,0.0000
7761,5489.67,8980.80,NaN,NaN,NaN
7762,5323.89,8647.82,0,0,0.0000
7763,5230.84,8940.15,0,0,0.0000
7764,5144.29,8916.66,2,10,5.0000
7765,5410.93,8644.39,0,0,0.0000
7766,5422.09,8893.29,0,0,0.0000
7767,5463.58,8658.28,2,4,2.0000
7768,5492.63,8772.67,NaN,NaN,NaN
7769,5202.72,8655.80,0,0,0.0000
7770,5413.15,8723.02,NaN,NaN,NaN
7771,5371.88,9021.99,0,0,0.0000
7772,5377.08,8885.89,3,5,0.0000
7773,5350.68,9227.13,0,0,0.0000
7774,5369.04,8582.11,0,0,0.0000
7775,5262.73,8671.84,NaN,NaN,NaN
7776,5146.51,8768.67,NaN,NaN,NaN
7777,5162.34,8689.56,NaN,NaN,NaN
7778,5160.15,8858.27,NaN,NaN,NaN
7779,4944.75,9336.39,NaN,NaN,NaN
7780,5122.15,9116.34,0,0,0.0000
7781,5240.22,8792.02,NaN,NaN,NaN
7782,5405.62,9053.57,NaN,NaN,NaN
7783,5234.87,8721.10,NaN,NaN,NaN
7784,5067.08,9109.29,0,0,0.0000
7785,5445.30,9240.06,2,3,0.0000
7786,5351.56,9128.18,0,0,0.0000
7787,5133.44,9051.91,0,0,0.0000
7788,5289.91,9152.86,0,0,0.0000
7789,5364.34,8957.78,NaN,NaN,NaN
7790,5281.05,8618.91,0,0,0.0000
7791,5262.30,8932.43,NaN,NaN,NaN
7792,5271.74,9009.54,0,0,0.0000
7793,5416.68,9005.37,0,0,0.0000
7794,5678.98,8698.04,NaN,NaN,NaN
7795,5728.28,8576.03,NaN,NaN,NaN
7796,5519.63,8695.43,NaN,NaN,NaN
7797,5558.37,8583.53,2,4,2.0000
7798,5813.13,9100.94,NaN,NaN,NaN
7799,5822.28,9176.96,NaN,NaN,NaN
7800,5709.79,8960.78,NaN,NaN,NaN
7801,5620.06,8803.18,NaN,NaN,NaN
7802,5853.79,9052.69,NaN,NaN,NaN
7803,5865.14,8961.79,0,0,0.0000
7804,5777.23,8890.29,NaN,NaN,NaN
7805,5810.14,8823.74,NaN,NaN,NaN
7806,5867.13,8890.72,NaN,NaN,NaN
7807,5730.12,8828.59,4,7,0.0000
7808,5587.25,8718.40,2,7,3.5000
7809,5814.46,8592.21,NaN,NaN,NaN
7810,5530.17,9182.56,NaN,NaN,NaN
7811,5669.22,8820.10,0,0,0.0000
7812,5545.68,9260.30,0,0,0.0000
7813,5518.00,8875.99,NaN,NaN,NaN
7814,5780.67,8762.79,NaN,NaN,NaN
7815,5858.90,8634.98,2,3,0.0000
7816,5768.46,8980.00,NaN,NaN,NaN
7817,5848.88,8821.08,0,0,0.0000
7818,5736.35,9032.76,NaN,NaN,NaN
7819,5550.83,9030.72,0,0,0.0000
7820,5815.63,8894.31,0,0,0.0000
7821,5880.37,9003.07,0,0,0.0000
7822,5797.31,9028.21,0,0,0.0000
7823,7291.11,8675.03,2,8,4.0000
7824,7472.41,9314.26,NaN,NaN,NaN
7825,7776.57,8893.47,NaN,NaN,NaN
7826,7369.78,9314.69,NaN,NaN,NaN
7827,7767.18,9040.54,NaN,NaN,NaN
7828,7279.04,8622.85,2,0,0.0000
7829,7199.67,8739.37,NaN,NaN,NaN
7830,7255.34,8736.93,0,0,0.0000
7831,7773.64,9098.37,0,0,0.0000
7832,7118.21,8627.30,0,0,0.0000
7833,7185.96,8608.71,NaN,NaN,NaN
7834,7235.50,8766.90,2,4,2.0000
7835,7813.98,8896.71,NaN,NaN,NaN
7836,8226.60,8907.23,NaN,NaN,NaN
7837,8122.70,8917.89,NaN,NaN,NaN
7838,7843.00,8965.67,2,3,0.0000
7839,8280.11,8691.00,3,8,2.6667
7840,8272.07,9061.78,NaN,NaN,NaN
7841,7839.41,9079.93,NaN,NaN,NaN
7842,7968.58,8970.79,NaN,NaN,NaN
7843,8505.31,8596.36,3,4,0.0000
7844,8206.17,8756.88,0,0,0.0000
7845,7931.50,8907.88,NaN,NaN,NaN
7846,8079.43,8886.89,0,0,0.0000
7847,8574.54,9328.52,0,0,0.0000
7848,8294.00,8817.02,0,0,0.0000
7849,8192.50,9036.86,0,0,0.0000
7850,8071.89,8991.19,2,5,2.5000
7851,7894.80,9017.54,2,3,0.0000
7852,7921.24,8809.49,0,0,0.0000
7853,7909.36,9089.91,4,4,0.0000
7854,8529.11,8671.61,NaN,NaN,NaN
7855,8374.76,8930.75,0,0,0.0000
7856,8350.09,8993.90,NaN,NaN,NaN
7857,7910.74,8842.25,0,0,0.0000
7858,8338.13,8802.59,0,0,0.0000
7859,8042.09,8781.25,NaN,NaN,NaN
7860,8301.32,8994.06,3,2,0.0000
7861,8573.50,8605.24,0,0,0.0000
7862,8120.99,8804.18,0,0,0.0000
7863,8382.82,9047.24,NaN,NaN,NaN
7864,8260.35,8857.98,NaN,NaN,NaN
7865,8217.67,8971.80,0,0,0.0000
7866,8515.60,8935.02,NaN,NaN,NaN
7867,8082.17,8827.86,0,0,0.0000
7868,8129.18,8758.50,NaN,NaN,NaN
7869,8245.07,8809.96,NaN,NaN,NaN
7870,8396.39,8840.44,0,0,0.0000
7871,8469.47,8974.98,NaN,NaN,NaN
7872,8295.73,8898.74,0,0,0.0000
7873,8354.50,8870.69,0,0,0.0000
7874,8337.62,8915.31,0,0,0.0000
7875,8382.21,8856.95,0,0,0.0000
7876,8522.73,9324.34,0,0,0.0000
7877,8724.57,8886.67,3,7,2.3333
7878,8740.20,8648.77,2,5,2.5000
7879,9336.24,8598.63,3,4,0.0000
7880,9215.52,8875.33,2,2,0.0000
7881,9037.90,8609.88,NaN,NaN,NaN
7882,8588.35,8755.16,0,0,0.0000
7883,8877.29,8639.47,NaN,NaN,NaN
7884,8738.71,9117.96,NaN,NaN,NaN
7885,9335.46,8921.99,NaN,NaN,NaN
7886,9218.57,9006.22,3,1,0.0000
7887,8890.72,9097.00,NaN,NaN,NaN
7888,8981.94,9035.50,0,0,0.0000
7889,9110.25,8735.61,NaN,NaN,NaN
7890,9209.61,8618.73,NaN,NaN,NaN
7891,8833.99,8789.52,2,3,0.0000
7892,9247.83,8712.84,NaN,NaN,NaN
7893,8994.86,8749.83,NaN,NaN,NaN
7894,8888.93,8836.53,NaN,NaN,NaN
7895,9111.44,9063.63,2,3,0.0000
7896,9179.63,8688.95,NaN,NaN,NaN
7897,9005.98,8876.96,0,0,0.0000
7898,8946.50,8830.90,NaN,NaN,NaN
7899,8700.15,8754.59,0,0,0.0000
7900,9124.73,8631.86,NaN,NaN,NaN
7901,8888.71,8937.53,3,4,0.0000
7902,8966.77,8671.56,0,0,0.0000
7903,9049.89,8793.72,0,0,0.0000
7904,9301.54,8761.92,0,0,0.0000
7905,8780.29,8798.84,NaN,NaN,NaN
7906,8850.48,8719.18,NaN,NaN,NaN
7907,9113.48,8987.78,NaN,NaN,NaN
7908,9188.95,8768.95,NaN,NaN,NaN
7909,8645.75,8678.72,NaN,NaN,NaN
7910,9332.07,9082.28,0,0,0.0000
7911,8649.95,8763.35,0,0,0.0000
7912,9108.33,8576.69,NaN,NaN,NaN
7913,8787.26,9083.22,2,2,0.0000
7914,9173.29,9066.63,0,0,0.0000
7915,9330.28,8971.03,3,6,2.0000
7916,9154.95,9031.72,NaN,NaN,NaN
7917,8775.53,8990.53,0,0,0.0000
7918,9274.38,8967.99,NaN,NaN,NaN
7919,9317.27,9185.76,0,0,0.0000
7920,9151.03,9129.70,0,0,0.0000
7921,9241.53,9063.00,NaN,NaN,NaN
7922,9104.34,8680.43,0,0,0.0000
7923,9652.73,9064.04,NaN,NaN,NaN
7924,9965.26,9298.10,4,4,0.0000
7925,9390.68,8844.86,2,4,2.0000
7926,9531.02,8786.44,NaN,NaN,NaN
7927,9569.30,9235.38,NaN,NaN,NaN
7928,9668.27,9269.67,NaN,NaN,NaN
7929,9449.45,9026.77,NaN,NaN,NaN
7930,9517.35,8941.93,NaN,NaN,NaN
7931,9567.77,8700.60,NaN,NaN,NaN
7932,10106.64,9190.13,NaN,NaN,NaN
7933,9768.07,9124.56,NaN,NaN,NaN
7934,9893.33,9214.07,NaN,NaN,NaN
7935,9362.39,9008.06,0,0,0.0000
7936,9810.65,9232.59,NaN,NaN,NaN
7937,9777.14,9304.80,2,4,2.0000
7938,9877.41,8927.70,NaN,NaN,NaN
7939,9899.17,9141.63,0,0,0.0000
7940,9397.29,9153.61,NaN,NaN,NaN
7941,10004.42,9158.06,3,5,0.0000
7942,9389.90,8718.82,NaN,NaN,NaN
7943,10039.75,8808.28,2,2,0.0000
7944,9927.94,8965.13,NaN,NaN,NaN
7945,10097.98,9295.69,NaN,NaN,NaN
7946,9914.18,8849.61,NaN,NaN,NaN
7947,9410.11,8630.80,NaN,NaN,NaN
7948,9585.26,8969.49,0,0,0.0000
7949,10014.94,9053.13,0,0,0.0000
7950,9814.66,8998.87,NaN,NaN,NaN
7951,9737.70,9216.91,3,3,0.0000
7952,9830.99,9147.46,NaN,NaN,NaN
7953,9641.04,9201.09,0,0,0.0000
7954,9842.53,9093.35,NaN,NaN,NaN
7955,9441.14,8913.33,0,0,0.0000
7956,9367.19,8782.15,NaN,NaN,NaN
7957,10057.60,9128.00,0,0,0.0000
7958,9579.60,9048.22,2,3,0.0000
7959,9471.36,8610.11,0,0,0.0000
7960,9645.73,8588.82,0,0,0.0000
7961,10045.64,9205.12,2,3,0.0000
7962,9857.37,8849.71,0,0,0.0000
7963,9581.21,8580.49,NaN,NaN,NaN
7964,9608.96,9310.18,3,5,0.0000
7965,9936.44,9089.68,NaN,NaN,NaN
7966,9628.46,9156.18,NaN,NaN,NaN
7967,9622.61,8701.41,0,0,0.0000
7968,9527.24,9015.11,NaN,NaN,NaN
7969,9959.06,9000.15,NaN,NaN,NaN
7970,9696.69,9163.72,3,5,0.0000
7971,9800.75,8889.98,NaN,NaN,NaN
7972,9442.07,9192.66,NaN,NaN,NaN
7973,10050.41,8921.87,0,0,0.0000
7974,10032.44,8998.50,NaN,NaN,NaN
7975,10020.32,8958.96,NaN,NaN,NaN
7976,9953.17,9205.11,0,0,0.0000
7977,9982.53,8934.00,NaN,NaN,NaN
7978,9713.83,9120.55,NaN,NaN,NaN
7979,9731.83,9276.12,2,6,3.0000
7980,10052.14,9253.91,0,0,0.0000
7981,10617.48,9117.18,NaN,NaN,NaN
7982,10172.34,9078.38,NaN,NaN,NaN
7983,10816.90,8961.90,0,0,0.0000
7984,10623.12,9286.51,NaN,NaN,NaN
7985,10428.54,9006.44,0,0,0.0000
7986,10137.59,9308.00,3,4,0.0000
7987,10234.75,9276.70,NaN,NaN,NaN
7988,10289.32,8998.08,NaN,NaN,NaN
7989,10778.66,9247.94,2,3,0.0000
7990,10451.04,9282.98,0,0,0.0000
7991,10711.42,8936.16,2,4,2.0000
7992,10358.11,9132.07,0,0,0.0000
7993,10210.50,9180.42,2,5,2.5000
7994,10387.36,9243.59,0,0,0.0000
7995,10198.28,8938.00,NaN,NaN,NaN
7996,10304.16,9288.51,NaN,NaN,NaN
7997,10557.71,9155.10,NaN,NaN,NaN
7998,10518.09,8971.67,0,0,0.0000
7999,10279.22,9152.89,0,0,0.0000
8000,10834.19,9216.44,2,4,2.0000
8001,10344.78,9193.79,NaN,NaN,NaN
8002,10682.78,9336.35,NaN,NaN,NaN
8003,10119.97,8861.21,NaN,NaN,NaN
8004,10808.09,9149.75,NaN,NaN,NaN
8005,10444.83,9128.08,NaN,NaN,NaN
8006,10358.81,9339.67,2,7,3.5000
8007,10258.44,8887.79,2,3,0.0000
8008,10798.06,9053.13,0,0,0.0000
8009,10412.89,8898.50,NaN,NaN,NaN
8010,10858.69,9083.00,NaN,NaN,NaN
8011,10174.22,9138.75,0,0,0.0000
8012,10183.57,9001.19,NaN,NaN,NaN
8013,10471.45,9061.82,NaN,NaN,NaN
8014,10747.06,9114.24,NaN,NaN,NaN
8015,10498.47,9176.08,0,0,0.0000
8016,10531.16,9290.92,0,0,0.0000
8017,10520.27,9238.99,0,0,0.0000
8018,10340.44,8943.08,2,4,2.0000
8019,10710.47,9072.93,0,0,0.0000
8020,10604.13,8959.53,0,0,0.0000
8021,10463.95,9198.33,NaN,NaN,NaN
8022,10834.20,8890.81,0,0,0.0000
8023,10358.67,9023.82,0,0,0.0000
8024,10680.92,9003.44,0,0,0.0000
8025,10672.33,8879.10,0,0,0.0000
8026,10749.41,8985.18,NaN,NaN,NaN
8027,10487.37,8920.73,0,0,0.0000
8028,10211.71,8834.26,0,0,0.0000
8029,10646.13,9048.75,0,0,0.0000
8030,10577.77,9229.07,0,0,0.0000
8031,10795.73,8860.66,0,0,0.0000
8032,10179.98,8885.42,0,0,0.0000
8033,10641.66,8998.50,0,0,0.0000
8034,10483.45,8883.94,0,0,0.0000
8035,10322.05,8895.32,NaN,NaN,NaN
8036,10282.42,9086.49,0,0,0.0000
8037,11198.41,9334.57,0,0,0.0000
8038,11013.36,8935.95,NaN,NaN,NaN
8039,11111.87,8946.81,NaN,NaN,NaN
8040,11003.25,9216.60,0,0,0.0000
8041,11116.66,9254.39,0,0,0.0000
8042,10929.15,9269.58,NaN,NaN,NaN
8043,11379.60,9259.46,3,3,0.0000
8044,10935.61,9092.47,NaN,NaN,NaN
8045,11042.79,9051.21,NaN,NaN,NaN
8046,10967.63,9320.57,2,3,0.0000
8047,11405.06,9317.02,3,6,2.0000
8048,10986.10,9135.51,0,0,0.0000
8049,10905.86,8991.64,3,5,0.0000
8050,11318.27,9296.46,NaN,NaN,NaN
8051,11080.82,9134.41,0,0,0.0000
8052,10899.30,9214.13,0,0,0.0000
8053,11197.26,9208.82,0,0,0.0000
8054,11141.41,9145.44,0,0,0.0000
8055,11045.57,9294.41,0,0,0.0000
8056,10889.18,9153.81,2,1,0.0000
8057,10888.56,8910.19,0,0,0.0000
8058,11304.10,9175.48,0,0,0.0000
8059,11081.87,9196.84,0,0,0.0000
8060,11201.92,8897.17,0,0,0.0000
8061,11368.45,9190.72,0,0,0.0000
8062,11237.51,9260.18,0,0,0.0000
8063,11061.36,8995.94,NaN,NaN,NaN
8064,11366.98,9147.37,NaN,NaN,NaN
8065,11000.41,9013.85,0,0,0.0000
8066,10959.63,8985.57,0,0,0.0000
8067,11281.52,9215.84,0,0,0.0000
8068,11272.19,9288.58,NaN,NaN,NaN
8069,11150.57,9211.02,0,0,0.0000
8070,13606.44,9004.99,NaN,NaN,NaN
8071,13647.41,9008.63,0,0,0.0000
8072,16217.12,8612.02,0,0,0.0000
8073,16130.49,8636.68,0,0,0.0000
8074,16067.67,8621.57,0,0,0.0000
8075,317.01,9816.87,2,3,0.0000
8076,625.05,9993.38,2,2,0.0000
8077,511.78,9715.01,0,0,0.0000
8078,457.49,9847.63,NaN,NaN,NaN
8079,469.29,10076.73,0,0,0.0000
8080,542.96,10052.39,NaN,NaN,NaN
8081,597.27,9703.20,0,0,0.0000
8082,517.20,9881.07,NaN,NaN,NaN
8083,398.36,9706.52,NaN,NaN,NaN
8084,473.77,9955.96,2,0,0.0000
8085,371.93,9947.00,NaN,NaN,NaN
8086,364.37,10031.72,NaN,NaN,NaN
8087,298.73,10001.15,NaN,NaN,NaN
8088,389.64,9851.17,NaN,NaN,NaN
8089,402.34,10076.85,NaN,NaN,NaN
8090,261.26,9756.47,4,5,0.0000
8091,309.56,9937.14,NaN,NaN,NaN
8092,594.63,9943.01,NaN,NaN,NaN
8093,643.20,10065.64,NaN,NaN,NaN
8094,635.66,9786.81,0,0,0.0000
8095,448.56,9784.56,NaN,NaN,NaN
8096,335.97,9693.76,3,3,0.0000
8097,604.62,10107.69,2,4,2.0000
8098,652.65,9878.43,NaN,NaN,NaN
8099,587.21,9841.35,NaN,NaN,NaN
8100,556.88,9621.88,NaN,NaN,NaN
8101,365.16,9619.02,0,0,0.0000
8102,620.17,9849.99,NaN,NaN,NaN
8103,1507.96,9722.44,NaN,NaN,NaN
8104,1341.21,9738.41,0,0,0.0000
8105,1159.59,9467.12,NaN,NaN,NaN
8106,1389.75,9492.60,NaN,NaN,NaN
8107,1046.73,9609.25,0,0,0.0000
8108,1346.92,9948.90,2,3,0.0000
8109,982.72,9500.21,0,0,0.0000
8110,1206.53,10099.77,0,0,0.0000
8111,1534.77,9547.18,NaN,NaN,NaN
8112,1661.41,9370.78,0,0,0.0000
8113,1477.09,10089.80,NaN,NaN,NaN
8114,1003.14,9406.12,NaN,NaN,NaN
8115,1636.85,9569.34,3,4,0.0000
8116,1087.58,9372.46,6,6,0.0000
8117,1421.85,9857.02,2,8,4.0000
8118,1294.51,9383.91,0,0,0.0000
8119,1445.63,9999.30,NaN,NaN,NaN
8120,1316.16,10053.98,0,0,0.0000
8121,1210.10,9579.22,0,0,0.0000
8122,1159.90,9916.74,NaN,NaN,NaN
8123,1479.40,9406.89,0,0,0.0000
8124,927.68,9595.21,2,2,0.0000
8125,1521.19,9872.17,4,6,0.0000
8126,1630.40,9478.55,2,4,2.0000
8127,1267.94,9545.52,NaN,NaN,NaN
8128,1216.81,9862.34,NaN,NaN,NaN
8129,1610.44,9916.58,NaN,NaN,NaN
8130,1306.94,9496.39,NaN,NaN,NaN
8131,1196.37,9673.75,NaN,NaN,NaN
8132,1543.16,9947.76,NaN,NaN,NaN
8133,1302.74,10102.80,NaN,NaN,NaN
8134,1423.99,9625.75,NaN,NaN,NaN
8135,1608.15,9686.19,NaN,NaN,NaN
8136,1392.94,10024.83,2,2,0.0000
8137,1096.02,9681.14,0,0,0.0000
8138,971.48,9664.62,0,0,0.0000
8139,1651.67,10065.40,NaN,NaN,NaN
8140,1359.77,9599.98,NaN,NaN,NaN
8141,1077.86,9466.22,NaN,NaN,NaN
8142,1571.83,10092.10,0,0,0.0000
8143,1242.67,9752.28,2,7,3.5000
8144,1377.90,9391.58,0,0,0.0000
8145,1277.73,9803.94,NaN,NaN,NaN
8146,1638.24,9826.18,0,0,0.0000
8147,1278.49,9634.26,NaN,NaN,NaN
8148,1131.31,10016.45,NaN,NaN,NaN
8149,1410.34,9698.44,NaN,NaN,NaN
8150,1081.21,9528.39,NaN,NaN,NaN
8151,1168.32,9803.24,NaN,NaN,NaN
8152,1277.57,9873.36,NaN,NaN,NaN
8153,950.77,9732.29,NaN,NaN,NaN
8154,1096.77,9743.40,0,0,0.0000
8155,1470.62,9571.04,0,0,0.0000
8156,1085.05,9945.43,NaN,NaN,NaN
8157,1102.33,10089.52,0,0,0.0000
8158,1591.66,9798.46,4,4,0.0000
8159,1572.73,9422.14,0,0,0.0000
8160,1631.10,9977.47,2,3,0.0000
8161,1631.87,9417.35,0,0,0.0000
8162,1538.69,9483.22,0,0,0.0000
8163,1637.50,10105.64,3,5,0.0000
8164,1557.33,10022.86,0,0,0.0000
8165,2399.30,9815.67,0,0,0.0000
8166,1818.97,9715.34,NaN,NaN,NaN
8167,1939.58,9837.52,NaN,NaN,NaN
8168,1757.62,9630.23,5,8,0.0000
8169,2339.25,10097.04,0,0,0.0000
8170,2260.50,9906.84,NaN,NaN,NaN
8171,1918.39,9760.03,2,4,2.0000
8172,1721.69,9359.21,0,0,0.0000
8173,2219.01,9358.31,NaN,NaN,NaN
8174,1860.23,9831.62,NaN,NaN,NaN
8175,2426.10,10086.03,0,0,0.0000
8176,1733.13,9505.47,3,6,2.0000
8177,1774.32,10082.40,0,0,0.0000
8178,1880.17,9586.82,2,2,0.0000
8179,2256.93,10031.04,0,0,0.0000
8180,1726.92,9786.30,2,4,2.0000
8181,2403.02,9952.03,NaN,NaN,NaN
8182,1667.91,9771.34,0,0,0.0000
8183,2337.33,9943.62,NaN,NaN,NaN
8184,1775.47,9464.56,NaN,NaN,NaN
8185,1869.91,9905.80,0,0,0.0000
8186,2409.84,9686.80,NaN,NaN,NaN
8187,2327.98,10025.48,5,5,0.0000
8188,1798.65,9854.90,2,1,0.0000
8189,1712.82,10034.91,NaN,NaN,NaN
8190,1953.99,9663.02,0,0,0.0000
8191,2289.91,9806.42,NaN,NaN,NaN
8192,2288.09,9975.96,3,5,0.0000
8193,2007.44,9828.48,3,7,2.3333
8194,2352.38,9675.68,NaN,NaN,NaN
8195,1822.73,9597.89,2,3,0.0000
8196,2345.76,9609.92,0,0,0.0000
8197,1826.49,9783.04,NaN,NaN,NaN
8198,2404.76,9592.72,NaN,NaN,NaN
8199,2321.61,9850.17,0,0,0.0000
8200,1869.36,9646.68,0,0,0.0000
8201,2313.67,9694.88,2,6,3.0000
8202,1922.33,9954.18,NaN,NaN,NaN
8203,1949.47,9992.55,0,0,0.0000
8204,1773.60,9808.36,NaN,NaN,NaN
8205,1671.49,9668.45,0,0,0.0000
8206,1932.82,9613.32,0,0,0.0000
8207,1715.39,9564.44,NaN,NaN,NaN
8208,2557.82,10110.51,0,0,0.0000
8209,2864.33,10044.55,NaN,NaN,NaN
8210,2497.86,9982.63,2,3,0.0000
8211,2616.66,10034.29,0,0,0.0000
8212,2485.89,9754.91,3,7,2.3333
8213,2451.28,10030.45,0,0,0.0000
8214,2481.40,9657.80,NaN,NaN,NaN
8215,2645.37,9903.59,NaN,NaN,NaN
8216,2987.17,10069.76,NaN,NaN,NaN
8217,3184.79,10086.36,NaN,NaN,NaN
8218,3052.86,10081.09,3,5,0.0000
8219,2936.15,10101.47,NaN,NaN,NaN
8220,2601.78,9837.41,0,0,0.0000
8221,2840.25,10100.78,NaN,NaN,NaN
8222,2785.08,10057.47,0,0,0.0000
8223,2703.50,10077.29,NaN,NaN,NaN
8224,2746.13,10056.91,0,0,0.0000
8225,2547.46,9786.31,0,0,0.0000
8226,3961.96,9564.66,NaN,NaN,NaN
8227,4713.60,9587.59,2,8,4.0000
8228,4335.23,9549.87,3,5,0.0000
8229,4489.92,9622.59,NaN,NaN,NaN
8230,4363.19,9734.10,NaN,NaN,NaN
8231,4510.40,9419.21,0,0,0.0000
8232,4593.35,9743.34,NaN,NaN,NaN
8233,4595.36,9864.17,NaN,NaN,NaN
8234,4608.11,9422.06,NaN,NaN,NaN
8235,4204.71,9422.85,NaN,NaN,NaN
8236,4283.84,9898.35,3,4,0.0000
8237,4603.27,9935.30,0,0,0.0000
8238,4025.55,9534.27,2,2,0.0000
8239,4365.74,10071.88,NaN,NaN,NaN
8240,4426.35,9868.65,NaN,NaN,NaN
8241,4307.09,9445.89,2,4,2.0000
8242,4712.47,10019.15,NaN,NaN,NaN
8243,4075.62,9436.34,NaN,NaN,NaN
8244,4292.87,9627.96,NaN,NaN,NaN
8245,4517.82,9814.62,0,0,0.0000
8246,4293.41,10049.12,NaN,NaN,NaN
8247,4057.95,9360.12,NaN,NaN,NaN
8248,4511.42,9984.46,NaN,NaN,NaN
8249,4548.30,10049.50,NaN,NaN,NaN
8250,4642.08,9980.90,0,0,0.0000
8251,4273.44,9709.08,3,5,0.0000
8252,4367.61,9934.50,NaN,NaN,NaN
8253,4192.78,9964.94,NaN,NaN,NaN
8254,4164.60,9603.64,3,1,0.0000
8255,4664.85,9786.59,2,3,0.0000
8256,4521.73,9711.59,NaN,NaN,NaN
8257,4702.81,9375.26,NaN,NaN,NaN
8258,4554.59,9503.73,0,0,0.0000
8259,4004.71,9385.37,0,0,0.0000
8260,4212.48,9516.81,NaN,NaN,NaN
8261,4127.99,9519.33,3,4,0.0000
8262,4419.91,9498.35,0,0,0.0000
8263,4726.35,10075.53,0,0,0.0000
8264,4480.24,9538.25,NaN,NaN,NaN
8265,4069.75,9616.62,0,0,0.0000
8266,4449.19,10028.52,NaN,NaN,NaN
8267,4072.52,9712.99,0,0,0.0000
8268,4377.71,9648.45,NaN,NaN,NaN
8269,4710.08,9899.72,NaN,NaN,NaN
8270,4231.31,9571.61,NaN,NaN,NaN
8271,4011.79,9612.57,2,5,2.5000
8272,4101.35,9663.35,NaN,NaN,NaN
8273,4348.49,9854.12,0,0,0.0000
8274,4248.30,9377.27,NaN,NaN,NaN
8275,4092.24,9792.11,0,0,0.0000
8276,4068.49,9495.10,NaN,NaN,NaN
8277,4461.21,9698.46,2,5,2.5000
8278,4201.25,9861.92,NaN,NaN,NaN
8279,4707.82,9727.31,0,0,0.0000
8280,4129.76,9841.38,2,7,3.5000
8281,4617.75,10083.88,0,0,0.0000
8282,4154.62,9461.93,NaN,NaN,NaN
8283,4019.64,9663.04,NaN,NaN,NaN
8284,4694.50,9848.63,0,0,0.0000
8285,4505.72,9902.07,0,0,0.0000
8286,4426.73,9962.36,0,0,0.0000
8287,4710.56,9948.15,NaN,NaN,NaN
8288,4425.55,9432.76,0,0,0.0000
8289,4318.50,9990.17,2,4,2.0000
8290,4426.76,9671.59,NaN,NaN,NaN
8291,4370.25,9403.94,NaN,NaN,NaN
8292,4099.07,9584.36,0,0,0.0000
8293,4458.98,9387.38,0,0,0.0000
8294,4562.85,9568.00,0,0,0.0000
8295,4628.66,9493.44,NaN,NaN,NaN
8296,5370.38,9681.98,0,0,0.0000
8297,5104.26,9641.13,NaN,NaN,NaN
8298,5228.76,9819.94,2,2,0.0000
8299,5058.99,9768.54,NaN,NaN,NaN
8300,4906.54,9515.66,NaN,NaN,NaN
8301,5013.59,9477.47,3,6,2.0000
8302,4802.52,10038.24,0,0,0.0000
8303,4798.08,9432.30,NaN,NaN,NaN
8304,5481.57,9488.92,3,3,0.0000
8305,5446.39,9388.76,NaN,NaN,NaN
8306,5498.51,10067.74,3,3,0.0000
8307,5180.25,9947.49,NaN,NaN,NaN
8308,5367.80,10072.99,NaN,NaN,NaN
8309,5274.68,9676.18,NaN,NaN,NaN
8310,4836.05,9787.25,2,4,2.0000
8311,5193.18,9508.48,0,0,0.0000
8312,5257.17,9965.60,0,0,0.0000
8313,5281.66,9403.52,NaN,NaN,NaN
8314,4941.41,9793.50,3,5,0.0000
8315,5434.89,9777.56,NaN,NaN,NaN
8316,4928.55,9697.63,NaN,NaN,NaN
8317,5452.01,10028.72,2,4,2.0000
8318,5496.69,9717.08,NaN,NaN,NaN
8319,5165.72,9412.38,0,0,0.0000
8320,4992.37,9897.17,NaN,NaN,NaN
8321,4998.89,9663.04,2,3,0.0000
8322,4795.24,9946.63,NaN,NaN,NaN
8323,5059.90,9832.03,2,5,2.5000
8324,5102.06,9860.92,0,0,0.0000
8325,5224.50,9716.08,2,4,2.0000
8326,4908.73,9404.27,NaN,NaN,NaN
8327,5306.01,9583.68,NaN,NaN,NaN
8328,5305.64,9886.19,2,4,2.0000
8329,4786.81,9850.01,NaN,NaN,NaN
8330,5452.78,9568.63,0,0,0.0000
8331,5102.19,9908.34,3,4,0.0000
8332,5157.82,10090.03,NaN,NaN,NaN
8333,5255.86,9876.22,2,4,2.0000
8334,5354.99,9777.68,0,0,0.0000
8335,4821.82,9370.52,3,6,2.0000
8336,4835.05,9885.98,NaN,NaN,NaN
8337,5479.37,9869.37,NaN,NaN,NaN
8338,5156.50,9766.85,NaN,NaN,NaN
8339,5004.03,9368.89,2,3,0.0000
8340,4919.79,9624.29,0,0,0.0000
8341,5423.08,9611.21,2,4,2.0000
8342,4910.79,9982.12,2,8,4.0000
8343,5183.01,9568.88,0,0,0.0000
8344,5332.02,9821.32,NaN,NaN,NaN
8345,5055.51,9396.73,0,0,0.0000
8346,4964.16,9387.01,NaN,NaN,NaN
8347,5143.97,10019.10,0,0,0.0000
8348,5539.73,9591.87,0,0,0.0000
8349,5570.37,10099.63,0,0,0.0000
8350,5662.59,9962.82,NaN,NaN,NaN
8351,5546.07,9827.56,NaN,NaN,NaN
8352,5705.35,10048.88,0,0,0.0000
8353,5659.77,9404.21,NaN,NaN,NaN
8354,5664.91,9701.27,0,0,0.0000
8355,5606.24,9901.14,0,0,0.0000
8356,5552.12,9749.44,NaN,NaN,NaN
8357,5656.30,9833.86,0,0,0.0000
8358,5582.18,9986.73,0,0,0.0000
8359,5637.52,9580.93,0,0,0.0000
8360,5574.59,9429.22,NaN,NaN,NaN
8361,5587.40,9681.48,0,0,0.0000
8362,5737.27,9903.27,NaN,NaN,NaN
8363,5731.11,9660.38,0,0,0.0000
8364,5666.61,9775.14,0,0,0.0000
8365,5506.19,9951.06,NaN,NaN,NaN
8366,5608.53,9486.93,4,4,0.0000
8367,5665.53,9491.98,NaN,NaN,NaN
8368,5516.67,9347.38,0,0,0.0000
8369,5687.09,9587.52,NaN,NaN,NaN
8370,5546.10,9933.10,0,0,0.0000
8371,5773.66,9631.39,0,0,0.0000
8372,7437.30,9633.49,NaN,NaN,NaN
8373,7447.96,9423.24,NaN,NaN,NaN
8374,7347.46,9995.10,3,3,0.0000
8375,7384.24,9662.31,NaN,NaN,NaN
8376,7354.98,9588.29,NaN,NaN,NaN
8377,7406.14,9372.13,NaN,NaN,NaN
8378,7462.13,9835.48,2,4,2.0000
8379,7393.38,9837.46,0,0,0.0000
8380,7090.71,9572.70,NaN,NaN,NaN
8381,7441.59,9507.08,0,0,0.0000
8382,7095.34,9635.18,NaN,NaN,NaN
8383,7328.13,9633.18,0,0,0.0000
8384,7490.63,9469.48,NaN,NaN,NaN
8385,7488.26,9538.10,NaN,NaN,NaN
8386,7469.85,9777.85,NaN,NaN,NaN
8387,7410.89,9771.59,NaN,NaN,NaN
8388,7416.05,9906.67,NaN,NaN,NaN
8389,7322.78,9741.58,NaN,NaN,NaN
8390,7642.28,9868.88,0,0,0.0000
8391,7351.28,9820.81,2,7,3.5000
8392,7454.92,9720.64,0,0,0.0000
8393,7557.08,9780.00,NaN,NaN,NaN
8394,7508.00,9756.98,0,0,0.0000
8395,7435.75,9874.01,NaN,NaN,NaN
8396,7369.48,9986.65,NaN,NaN,NaN
8397,7330.10,10037.89,2,3,0.0000
8398,7270.58,9923.47,NaN,NaN,NaN
8399,7421.89,9958.21,0,0,0.0000
8400,8318.61,10069.42,2,1,0.0000
8401,8484.51,9710.01,NaN,NaN,NaN
8402,8381.39,9437.21,2,5,2.5000
8403,8494.07,9513.33,NaN,NaN,NaN
8404,8471.15,9414.73,0,0,0.0000
8405,8417.86,10019.88,0,0,0.0000
8406,8537.01,9560.03,2,7,3.5000
8407,8520.04,9376.42,0,0,0.0000
8408,8514.78,9633.98,NaN,NaN,NaN
8409,8428.14,9738.26,NaN,NaN,NaN
8410,8566.40,9404.88,0,0,0.0000
8411,8539.83,9475.98,0,0,0.0000
8412,8543.44,9734.61,NaN,NaN,NaN
8413,8383.20,9514.53,NaN,NaN,NaN
8414,8628.73,9365.35,2,3,0.0000
8415,9318.72,9727.23,0,0,0.0000
8416,8589.79,9560.50,NaN,NaN,NaN
8417,8639.67,9434.11,NaN,NaN,NaN
8418,8600.00,9606.94,0,0,0.0000
8419,8601.47,9465.47,NaN,NaN,NaN
8420,9832.23,9962.79,NaN,NaN,NaN
8421,9905.36,9561.83,NaN,NaN,NaN
8422,10070.73,9451.65,NaN,NaN,NaN
8423,9909.42,9393.68,NaN,NaN,NaN
8424,9896.80,9837.15,NaN,NaN,NaN
8425,9975.22,9531.54,0,0,0.0000
8426,10061.47,9886.82,NaN,NaN,NaN
8427,9794.11,9403.04,0,0,0.0000
8428,9967.93,9976.27,NaN,NaN,NaN
8429,10002.06,9758.06,0,0,0.0000
8430,10049.54,9365.58,2,4,2.0000
8431,10077.76,9533.76,0,0,0.0000
8432,9621.99,9643.71,NaN,NaN,NaN
8433,9761.20,10075.84,0,0,0.0000
8434,9712.55,9759.74,0,0,0.0000
8435,9919.45,10028.86,NaN,NaN,NaN
8436,9939.81,9901.92,4,3,0.0000
8437,9837.12,9717.49,NaN,NaN,NaN
8438,9903.64,9690.67,NaN,NaN,NaN
8439,9972.83,9858.11,0,0,0.0000
8440,9871.01,10079.65,2,5,2.5000
8441,9826.46,10042.69,NaN,NaN,NaN
8442,9855.55,9456.16,NaN,NaN,NaN
8443,9708.70,9597.44,0,0,0.0000
8444,9871.12,9745.73,NaN,NaN,NaN
8445,9704.45,10080.05,0,0,0.0000
8446,9749.13,9889.92,0,0,0.0000
8447,10050.03,10099.05,NaN,NaN,NaN
8448,10002.96,9818.37,NaN,NaN,NaN
8449,10009.09,9927.14,0,0,0.0000
8450,9795.01,9859.03,0,0,0.0000
8451,9968.12,10067.27,NaN,NaN,NaN
8452,9792.04,9911.40,NaN,NaN,NaN
8453,9922.62,9753.37,NaN,NaN,NaN
8454,10720.40,9651.59,2,3,0.0000
8455,10114.50,9650.40,NaN,NaN,NaN
8456,10592.89,9437.58,0,0,0.0000
8457,10517.91,9674.04,NaN,NaN,NaN
8458,10573.96,10011.22,NaN,NaN,NaN
8459,10426.17,9654.78,NaN,NaN,NaN
8460,10194.22,9734.47,NaN,NaN,NaN
8461,10857.61,10079.73,NaN,NaN,NaN
8462,10274.90,9391.43,NaN,NaN,NaN
8463,10507.65,9529.52,NaN,NaN,NaN
8464,10323.14,9460.77,2,7,3.5000
8465,10462.84,9429.82,2,3,0.0000
8466,10876.99,9840.64,0,0,0.0000
8467,10521.10,9366.50,NaN,NaN,NaN
8468,10698.05,9910.86,NaN,NaN,NaN
8469,10586.76,9729.73,0,0,0.0000
8470,10842.47,9567.78,NaN,NaN,NaN
8471,10264.06,9844.38,0,0,0.0000
8472,10212.08,9565.21,NaN,NaN,NaN
8473,10351.93,9801.16,NaN,NaN,NaN
8474,10411.94,9753.61,NaN,NaN,NaN
8475,10191.65,9472.19,0,0,0.0000
8476,10600.91,9532.33,NaN,NaN,NaN
8477,10520.36,9771.36,0,0,0.0000
8478,10119.10,9769.97,NaN,NaN,NaN
8479,10228.22,9632.41,NaN,NaN,NaN
8480,10710.67,9990.67,0,0,0.0000
8481,10153.63,9889.34,0,0,0.0000
8482,10189.14,9379.02,NaN,NaN,NaN
8483,10624.53,9639.18,NaN,NaN,NaN
8484,10184.99,9996.44,0,0,0.0000
8485,10307.34,10070.29,2,1,0.0000
8486,10431.05,9554.25,0,0,0.0000
8487,10380.26,9573.26,2,2,0.0000
8488,10335.73,9550.42,NaN,NaN,NaN
8489,10665.43,9786.31,0,0,0.0000
8490,10203.55,9912.31,NaN,NaN,NaN
8491,10315.93,9613.96,0,0,0.0000
8492,10335.82,9685.49,0,0,0.0000
8493,10798.34,9960.36,2,4,2.0000
8494,10275.13,9711.21,NaN,NaN,NaN
8495,10620.96,9356.60,NaN,NaN,NaN
8496,10707.56,9832.39,0,0,0.0000
8497,10245.21,10105.24,0,0,0.0000
8498,10748.72,9937.15,NaN,NaN,NaN
8499,10281.87,9902.18,NaN,NaN,NaN
8500,10874.93,9742.15,NaN,NaN,NaN
8501,10621.76,9755.13,0,0,0.0000
8502,10390.23,9442.39,0,0,0.0000
8503,10264.37,9994.85,0,0,0.0000
8504,10317.72,9746.72,0,0,0.0000
8505,10249.36,9454.53,NaN,NaN,NaN
8506,10252.72,9528.69,NaN,NaN,NaN
8507,10600.47,10093.98,NaN,NaN,NaN
8508,10226.10,10068.74,0,0,0.0000
8509,10770.16,10010.67,NaN,NaN,NaN
8510,10527.13,9810.21,0,0,0.0000
8511,10476.07,10089.15,0,0,0.0000
8512,10299.60,9511.91,NaN,NaN,NaN
8513,10434.82,9360.41,NaN,NaN,NaN
8514,10875.40,9934.55,0,0,0.0000
8515,10121.03,9372.35,0,0,0.0000
8516,10648.84,9921.64,NaN,NaN,NaN
8517,10772.86,9561.00,NaN,NaN,NaN
8518,11249.25,9949.35,0,0,0.0000
8519,11024.11,9498.08,0,0,0.0000
8520,11165.58,9730.90,NaN,NaN,NaN
8521,11339.48,9770.71,0,0,0.0000
8522,10993.86,9395.67,3,5,0.0000
8523,11072.17,9615.99,NaN,NaN,NaN
8524,11285.97,10091.74,0,0,0.0000
8525,10985.81,9672.09,NaN,NaN,NaN
8526,10909.66,9522.66,0,0,0.0000
8527,10883.10,9994.95,NaN,NaN,NaN
8528,11133.80,10018.68,NaN,NaN,NaN
8529,11059.91,9785.66,0,0,0.0000
8530,11355.70,9899.11,0,0,0.0000
8531,11060.58,10097.25,2,5,2.5000
8532,11209.52,9437.30,NaN,NaN,NaN
8533,10983.17,9590.20,NaN,NaN,NaN
8534,11089.13,9684.51,NaN,NaN,NaN
8535,11140.51,9391.17,NaN,NaN,NaN
8536,10977.59,9949.61,3,4,0.0000
8537,11068.96,9866.13,2,5,2.5000
8538,11310.86,9400.63,NaN,NaN,NaN
8539,10918.69,9686.00,2,4,2.0000
8540,11114.63,9738.92,0,0,0.0000
8541,11055.04,9946.74,2,3,0.0000
8542,11127.46,9919.80,0,0,0.0000
8543,11122.16,9440.31,NaN,NaN,NaN
8544,11017.19,10020.04,2,8,4.0000
8545,11322.62,9532.91,2,5,2.5000
8546,11390.54,9532.00,2,4,2.0000
8547,11257.36,9573.88,NaN,NaN,NaN
8548,10919.62,9780.15,NaN,NaN,NaN
8549,11311.28,9596.16,0,0,0.0000
8550,11158.03,9594.48,NaN,NaN,NaN
8551,11019.46,9886.80,NaN,NaN,NaN
8552,10898.74,9427.91,NaN,NaN,NaN
8553,10911.87,9593.05,NaN,NaN,NaN
8554,11142.73,10104.88,NaN,NaN,NaN
8555,11234.54,9817.44,3,4,0.0000
8556,11414.95,9499.98,NaN,NaN,NaN
8557,11065.75,9351.82,NaN,NaN,NaN
8558,11276.69,9721.56,4,7,0.0000
8559,11295.42,9673.14,NaN,NaN,NaN
8560,10950.30,10035.89,3,8,2.6667
8561,10972.18,9738.47,NaN,NaN,NaN
8562,10918.57,9917.08,NaN,NaN,NaN
8563,10936.26,9381.96,2,4,2.0000
8564,11358.05,9353.59,NaN,NaN,NaN
8565,320.15,10463.95,3,2,0.0000
8566,230.80,10708.12,2,8,4.0000
8567,214.78,10499.35,NaN,NaN,NaN
8568,686.50,10841.14,NaN,NaN,NaN
8569,132.62,10432.15,2,2,0.0000
8570,261.15,10209.97,0,0,0.0000
8571,52.05,10532.41,2,4,2.0000
8572,261.22,10338.39,NaN,NaN,NaN
8573,152.93,10839.73,0,0,0.0000
8574,160.08,10613.01,2,6,3.0000
8575,88.02,10769.05,NaN,NaN,NaN
8576,343.41,10695.68,NaN,NaN,NaN
8577,553.79,10220.39,2,4,2.0000
8578,177.37,10347.58,NaN,NaN,NaN
8579,351.21,10786.52,2,4,2.0000
8580,449.25,10321.30,3,4,0.0000
8581,163.44,10204.33,NaN,NaN,NaN
8582,555.00,10634.73,3,5,0.0000
8583,296.61,10874.36,2,2,0.0000
8584,600.93,10864.72,NaN,NaN,NaN
8585,467.86,10643.80,0,0,0.0000
8586,644.95,10780.90,0,0,0.0000
8587,409.31,10714.34,NaN,NaN,NaN
8588,469.88,10767.84,0,0,0.0000
8589,514.45,10845.16,NaN,NaN,NaN
8590,417.38,10175.84,2,5,2.5000
8591,179.85,10269.20,0,0,0.0000
8592,615.00,10203.88,NaN,NaN,NaN
8593,522.02,10147.37,NaN,NaN,NaN
8594,492.17,10231.10,NaN,NaN,NaN
8595,542.43,10789.90,NaN,NaN,NaN
8596,130.59,10715.67,NaN,NaN,NaN
8597,305.44,10651.08,0,0,0.0000
8598,721.61,10750.64,NaN,NaN,NaN
8599,238.87,10796.32,NaN,NaN,NaN
8600,578.77,10724.95,NaN,NaN,NaN
8601,479.77,10703.63,0,0,0.0000
8602,120.87,10566.93,NaN,NaN,NaN
8603,457.42,10152.40,2,5,2.5000
8604,639.58,10634.72,2,4,2.0000
8605,469.31,10509.06,NaN,NaN,NaN
8606,340.46,10856.24,NaN,NaN,NaN
8607,39.93,10692.36,0,0,0.0000
8608,520.43,10311.07,NaN,NaN,NaN
8609,612.48,10694.72,NaN,NaN,NaN
8610,609.47,10502.27,NaN,NaN,NaN
8611,568.99,10534.07,0,0,0.0000
8612,617.85,10299.42,2,2,0.0000
8613,128.63,10509.22,4,7,0.0000
8614,415.04,10781.62,0,0,0.0000
8615,616.31,10370.01,NaN,NaN,NaN
8616,235.11,10852.31,NaN,NaN,NaN
8617,566.28,10445.80,NaN,NaN,NaN
8618,578.41,10567.39,0,0,0.0000
8619,632.10,10147.84,NaN,NaN,NaN
8620,662.01,10712.29,0,0,0.0000
8621,411.84,10629.51,0,0,0.0000
8622,93.01,10667.39,0,0,0.0000
8623,455.90,10574.57,0,0,0.0000
8624,50.27,10414.90,NaN,NaN,NaN
8625,202.64,10781.66,0,0,0.0000
8626,281.51,10802.66,0,0,0.0000
8627,524.72,10530.17,0,0,0.0000
8628,1331.78,10458.84,NaN,NaN,NaN
8629,1215.84,10224.81,3,6,2.0000
8630,1652.01,10634.18,4,6,0.0000
8631,1640.08,10171.81,2,2,0.0000
8632,1310.90,10575.87,NaN,NaN,NaN
8633,1286.25,10299.25,NaN,NaN,NaN
8634,1461.12,10172.92,NaN,NaN,NaN
8635,1373.36,10339.91,0,0,0.0000
8636,1335.72,10240.44,2,2,0.0000
8637,1516.17,10415.69,NaN,NaN,NaN
8638,1396.95,10200.55,2,3,0.0000
8639,1165.80,10296.43,3,3,0.0000
8640,1659.89,10263.64,NaN,NaN,NaN
8641,1467.51,10277.18,3,4,0.0000
8642,1593.53,10258.38,3,4,0.0000
8643,1444.23,10473.91,0,0,0.0000
8644,1449.31,10658.53,NaN,NaN,NaN
8645,1519.18,10344.14,0,0,0.0000
8646,1257.44,10161.13,NaN,NaN,NaN
8647,1446.85,10364.51,NaN,NaN,NaN
8648,1517.99,10492.59,NaN,NaN,NaN
8649,1240.49,10420.87,NaN,NaN,NaN
8650,1541.29,10208.43,2,3,0.0000
8651,1543.51,10568.21,NaN,NaN,NaN
8652,1489.80,10602.36,NaN,NaN,NaN
8653,1165.79,10380.91,NaN,NaN,NaN
8654,1546.78,10684.85,NaN,NaN,NaN
8655,1426.12,10554.09,0,0,0.0000
8656,1242.78,10468.20,2,3,0.0000
8657,1588.12,10537.06,5,7,0.0000
8658,1372.00,10509.73,0,0,0.0000
8659,1245.13,10341.16,2,3,0.0000
8660,1637.75,10737.65,NaN,NaN,NaN
8661,1563.31,10147.36,NaN,NaN,NaN
8662,1403.88,10613.29,3,3,0.0000
8663,1296.21,10387.20,2,2,0.0000
8664,1210.14,10372.09,NaN,NaN,NaN
8665,1574.36,10477.59,NaN,NaN,NaN
8666,1221.22,10556.74,0,0,0.0000
8667,1233.66,10522.27,0,0,0.0000
8668,1582.91,10324.76,0,0,0.0000
8669,1667.49,10424.01,NaN,NaN,NaN
8670,2092.84,10833.72,NaN,NaN,NaN
8671,2020.36,10735.56,NaN,NaN,NaN
8672,1798.38,10473.38,3,4,0.0000
8673,2246.83,10579.53,0,0,0.0000
8674,2430.56,10839.30,2,4,2.0000
8675,2298.51,10772.42,2,5,2.5000
8676,1673.47,10548.72,NaN,NaN,NaN
8677,2212.58,10845.63,NaN,NaN,NaN
8678,1799.55,10613.04,NaN,NaN,NaN
8679,1930.96,10430.19,0,0,0.0000
8680,2248.79,10683.86,2,5,2.5000
8681,1846.19,10319.88,NaN,NaN,NaN
8682,1954.76,10613.26,NaN,NaN,NaN
8683,2360.57,10354.02,NaN,NaN,NaN
8684,2126.74,10487.70,NaN,NaN,NaN
8685,1693.72,10750.50,2,3,0.0000
8686,1718.39,10129.62,NaN,NaN,NaN
8687,2028.74,10464.23,NaN,NaN,NaN
8688,1905.20,10877.65,NaN,NaN,NaN
8689,2268.88,10120.42,3,6,2.0000
8690,2262.95,10219.22,NaN,NaN,NaN
8691,1881.98,10569.50,3,4,0.0000
8692,2107.51,10670.18,2,4,2.0000
8693,2341.86,10851.41,0,0,0.0000
8694,2297.42,10274.05,4,4,0.0000
8695,1940.48,10381.53,2,3,0.0000
8696,2175.47,10616.99,3,3,0.0000
8697,2137.65,10585.14,2,1,0.0000
8698,2198.47,10759.40,2,2,0.0000
8699,2090.94,10561.65,4,3,0.0000
8700,1729.96,10256.94,0,0,0.0000
8701,2405.21,10263.98,NaN,NaN,NaN
8702,1741.88,10611.35,2,4,2.0000
8703,1907.56,10499.93,0,0,0.0000
8704,2036.47,10547.93,0,0,0.0000
8705,1787.73,10319.57,3,5,0.0000
8706,1959.79,10829.81,NaN,NaN,NaN
8707,2167.59,10688.03,NaN,NaN,NaN
8708,1813.46,10684.60,NaN,NaN,NaN
8709,1939.00,10745.84,0,0,0.0000
8710,1860.20,10412.71,NaN,NaN,NaN
8711,2400.63,10213.61,NaN,NaN,NaN
8712,1752.72,10686.46,NaN,NaN,NaN
8713,1970.16,10529.96,NaN,NaN,NaN
8714,1861.24,10663.49,0,0,0.0000
8715,1742.40,10204.69,NaN,NaN,NaN
8716,2018.89,10611.92,NaN,NaN,NaN
8717,2421.26,10316.39,NaN,NaN,NaN
8718,2356.82,10224.49,3,3,0.0000
8719,2418.65,10169.76,NaN,NaN,NaN
8720,2296.03,10420.73,0,0,0.0000
8721,1776.36,10154.76,NaN,NaN,NaN
8722,2395.57,10140.80,0,0,0.0000
8723,1952.11,10687.83,0,0,0.0000
8724,2380.65,10169.71,NaN,NaN,NaN
8725,2141.93,10733.60,0,0,0.0000
8726,3102.33,10309.21,0,0,0.0000
8727,2916.50,10777.05,3,2,0.0000
8728,2895.66,10164.82,0,0,0.0000
8729,2803.58,10287.05,2,3,0.0000
8730,2745.55,10183.34,NaN,NaN,NaN
8731,2443.37,10387.29,5,6,0.0000
8732,2671.42,10484.84,NaN,NaN,NaN
8733,2513.99,10410.15,NaN,NaN,NaN
8734,2628.97,10335.55,NaN,NaN,NaN
8735,2685.70,10235.40,2,4,2.0000
8736,2812.73,10396.54,0,0,0.0000
8737,2982.93,10345.70,NaN,NaN,NaN
8738,3037.43,10260.43,2,2,0.0000
8739,2697.44,10128.75,2,3,0.0000
8740,2569.65,10378.24,NaN,NaN,NaN
8741,3078.67,10872.25,NaN,NaN,NaN
8742,2768.60,10339.34,0,0,0.0000
8743,2754.33,10612.82,0,0,0.0000
8744,3128.29,10130.78,NaN,NaN,NaN
8745,3137.21,10849.15,0,0,0.0000
8746,2465.87,10187.18,2,3,0.0000
8747,2698.13,10307.05,0,0,0.0000
8748,3034.78,10141.02,NaN,NaN,NaN
8749,2885.41,10433.07,NaN,NaN,NaN
8750,2987.81,10177.68,NaN,NaN,NaN
8751,2472.06,10271.85,NaN,NaN,NaN
8752,2744.64,10461.94,0,0,0.0000
8753,2934.79,10376.53,0,0,0.0000
8754,2517.70,10235.72,3,3,0.0000
8755,2592.51,10279.72,NaN,NaN,NaN
8756,2657.56,10408.13,0,0,0.0000
8757,3113.00,10230.75,NaN,NaN,NaN
8758,2943.66,10277.05,0,0,0.0000
8759,2921.85,10842.50,NaN,NaN,NaN
8760,2577.07,10463.60,2,3,0.0000
8761,3014.13,10395.46,0,0,0.0000
8762,3071.54,10364.86,NaN,NaN,NaN
8763,2993.17,10849.57,0,0,0.0000
8764,2625.49,10181.20,0,0,0.0000
8765,2631.07,10527.60,2,2,0.0000
8766,2785.98,10232.83,NaN,NaN,NaN
8767,2815.05,10147.54,0,0,0.0000
8768,2539.82,10190.95,NaN,NaN,NaN
8769,2722.43,10403.47,0,0,0.0000
8770,2711.60,10582.00,NaN,NaN,NaN
8771,3175.86,10399.53,0,0,0.0000
8772,3164.45,10251.97,0,0,0.0000
8773,3105.13,10181.21,0,0,0.0000
8774,2706.38,10368.57,0,0,0.0000
8775,3008.53,10215.97,NaN,NaN,NaN
8776,2832.78,10442.12,0,0,0.0000
8777,2487.76,10334.23,0,0,0.0000
8778,2544.77,10271.92,NaN,NaN,NaN
8779,3065.40,10200.59,NaN,NaN,NaN
8780,2499.41,10455.84,NaN,NaN,NaN
8781,2528.79,10311.61,0,0,0.0000
8782,2578.07,10222.70,0,0,0.0000
8783,3176.49,10211.11,0,0,0.0000
8784,2610.78,10225.82,0,0,0.0000
8785,3674.78,10353.62,3,5,0.0000
8786,3797.78,10737.11,NaN,NaN,NaN
8787,3687.67,10678.20,NaN,NaN,NaN
8788,3371.83,10418.10,3,5,0.0000
8789,3519.65,10391.25,2,0,0.0000
8790,3596.54,10841.86,NaN,NaN,NaN
8791,3512.08,10249.23,NaN,NaN,NaN
8792,3223.73,10310.77,3,5,0.0000
8793,3712.93,10784.65,2,5,2.5000
8794,3752.48,10550.30,NaN,NaN,NaN
8795,3648.88,10424.54,NaN,NaN,NaN
8796,3644.74,10591.19,NaN,NaN,NaN
8797,3803.29,10387.89,3,5,0.0000
8798,3665.24,10830.78,NaN,NaN,NaN
8799,3436.79,10270.80,NaN,NaN,NaN
8800,3286.44,10380.22,NaN,NaN,NaN
8801,3823.39,10473.61,NaN,NaN,NaN
8802,3424.56,10351.21,4,4,0.0000
8803,3310.52,10279.07,2,3,0.0000
8804,3234.02,10401.22,0,0,0.0000
8805,3239.66,10460.39,NaN,NaN,NaN
8806,3794.35,10869.65,2,4,2.0000
8807,3725.28,10470.27,5,6,0.0000
8808,3588.46,10452.11,NaN,NaN,NaN
8809,3565.65,10326.95,4,7,0.0000
8810,3644.29,10522.80,4,6,0.0000
8811,3333.50,10344.49,0,0,0.0000
8812,3611.60,10258.99,0,0,0.0000
8813,3467.03,10877.40,NaN,NaN,NaN
8814,3561.61,10511.04,NaN,NaN,NaN
8815,3355.49,10113.56,NaN,NaN,NaN
8816,3528.76,10562.28,0,0,0.0000
8817,3811.15,10819.48,NaN,NaN,NaN
8818,3389.04,10206.40,NaN,NaN,NaN
8819,3216.50,10248.73,0,0,0.0000
8820,3786.37,10442.23,NaN,NaN,NaN
8821,3721.83,10866.85,0,0,0.0000
8822,3581.49,10582.26,3,6,2.0000
8823,3854.58,10794.82,0,0,0.0000
8824,3772.67,10644.53,2,2,0.0000
8825,4242.21,10414.85,NaN,NaN,NaN
8826,4478.23,10422.40,0,0,0.0000
8827,4365.31,10317.53,NaN,NaN,NaN
8828,4422.62,10631.58,NaN,NaN,NaN
8829,4463.58,10147.98,0,0,0.0000
8830,4585.55,10177.09,NaN,NaN,NaN
8831,4480.25,10558.29,NaN,NaN,NaN
8832,4729.16,10702.75,NaN,NaN,NaN
8833,4384.79,10520.18,3,7,2.3333
8834,4120.54,10541.92,NaN,NaN,NaN
8835,4610.85,10717.95,2,5,2.5000
8836,4495.92,10275.72,NaN,NaN,NaN
8837,4261.61,10272.17,0,0,0.0000
8838,4518.19,10719.66,NaN,NaN,NaN
8839,4596.83,10856.86,NaN,NaN,NaN
8840,4681.75,10879.84,NaN,NaN,NaN
8841,4663.23,10451.01,NaN,NaN,NaN
8842,4580.52,10646.39,2,3,0.0000
8843,4434.10,10842.94,NaN,NaN,NaN
8844,4116.99,10373.01,2,2,0.0000
8845,4596.31,10354.49,NaN,NaN,NaN
8846,4195.49,10550.66,NaN,NaN,NaN
8847,4383.18,10215.83,2,6,3.0000
8848,4564.71,10433.93,2,2,0.0000
8849,4623.78,10251.90,4,7,0.0000
8850,4321.46,10463.08,NaN,NaN,NaN
8851,4692.27,10615.05,NaN,NaN,NaN
8852,4019.88,10487.33,NaN,NaN,NaN
8853,4580.57,10491.43,NaN,NaN,NaN
8854,4645.92,10181.74,NaN,NaN,NaN
8855,4195.44,10339.42,2,4,2.0000
8856,4342.50,10162.16,NaN,NaN,NaN
8857,4262.95,10555.89,NaN,NaN,NaN
8858,4670.70,10795.61,NaN,NaN,NaN
8859,4631.48,10608.47,2,4,2.0000
8860,4575.66,10769.04,NaN,NaN,NaN
8861,4701.33,10212.34,2,6,3.0000
8862,4364.72,10404.32,2,3,0.0000
8863,4203.28,10276.70,0,0,0.0000
8864,4444.96,10763.11,2,3,0.0000
8865,4577.35,10573.02,0,0,0.0000
8866,4665.17,10288.05,NaN,NaN,NaN
8867,4320.68,10570.52,2,3,0.0000
8868,4265.75,10612.12,NaN,NaN,NaN
8869,4438.91,10247.71,NaN,NaN,NaN
8870,4532.65,10328.17,0,0,0.0000
8871,4033.85,10382.88,NaN,NaN,NaN
8872,4419.28,10728.41,NaN,NaN,NaN
8873,4482.38,10793.89,NaN,NaN,NaN
8874,4729.74,10834.21,0,0,0.0000
8875,4688.07,10517.46,NaN,NaN,NaN
8876,4532.92,10820.51,0,0,0.0000
8877,4103.07,10635.83,3,3,0.0000
8878,4338.45,10873.78,NaN,NaN,NaN
8879,4553.19,10128.11,NaN,NaN,NaN
8880,4605.70,10518.01,0,0,0.0000
8881,4512.96,10204.08,NaN,NaN,NaN
8882,4602.21,10301.74,3,2,0.0000
8883,4713.40,10753.97,NaN,NaN,NaN
8884,4625.23,10788.60,NaN,NaN,NaN
8885,4721.85,10500.36,NaN,NaN,NaN
8886,4664.11,10557.41,0,0,0.0000
8887,4373.85,10821.90,NaN,NaN,NaN
8888,5345.55,10386.50,0,0,0.0000
8889,5407.52,10176.71,NaN,NaN,NaN
8890,5260.97,10206.55,NaN,NaN,NaN
8891,5474.63,10265.00,0,0,0.0000
8892,4745.47,10564.97,4,6,0.0000
8893,5433.87,10470.30,3,7,2.3333
8894,4785.82,10630.20,3,7,2.3333
8895,5483.19,10694.34,3,4,0.0000
8896,5492.35,10595.67,0,0,0.0000
8897,5427.64,10630.77,2,3,0.0000
8898,4736.85,10789.22,NaN,NaN,NaN
8899,5488.94,10374.55,NaN,NaN,NaN
8900,5322.71,10168.46,0,0,0.0000
8901,5398.04,10267.56,NaN,NaN,NaN
8902,4795.37,10685.43,2,2,0.0000
8903,5326.52,10516.14,0,0,0.0000
8904,4738.48,10440.10,NaN,NaN,NaN
8905,4779.50,10841.03,NaN,NaN,NaN
8906,5406.21,10571.01,NaN,NaN,NaN
8907,5443.84,10755.14,NaN,NaN,NaN
8908,5404.81,10319.47,0,0,0.0000
8909,5437.99,10715.85,NaN,NaN,NaN
8910,4763.45,10401.66,NaN,NaN,NaN
8911,5455.00,10361.09,2,6,3.0000
8912,5773.91,10703.20,NaN,NaN,NaN
8913,5851.91,10370.46,2,3,0.0000
8914,5556.88,10583.31,NaN,NaN,NaN
8915,5722.27,10290.07,2,6,3.0000
8916,5669.30,10191.75,NaN,NaN,NaN
8917,5583.26,10465.54,NaN,NaN,NaN
8918,5933.02,10508.77,NaN,NaN,NaN
8919,5746.59,10201.41,0,0,0.0000
8920,5662.04,10532.76,NaN,NaN,NaN
8921,5980.58,10699.63,NaN,NaN,NaN
8922,5642.99,10853.59,3,4,0.0000
8923,6066.61,10867.67,0,0,0.0000
8924,6055.15,10699.78,NaN,NaN,NaN
8925,6115.17,10775.30,NaN,NaN,NaN
8926,5907.66,10605.49,NaN,NaN,NaN
8927,5662.13,10391.60,0,0,0.0000
8928,5810.80,10476.10,2,2,0.0000
8929,5695.77,10767.82,3,6,2.0000
8930,6061.67,10459.48,0,0,0.0000
8931,5547.10,10741.97,0,0,0.0000
8932,6004.73,10576.67,NaN,NaN,NaN
8933,6048.21,10535.64,NaN,NaN,NaN
8934,5748.53,10378.07,0,0,0.0000
8935,5551.32,10204.48,3,4,0.0000
8936,5506.57,10485.15,NaN,NaN,NaN
8937,5631.57,10750.87,0,0,0.0000
8938,5716.86,10451.32,2,5,2.5000
8939,5653.85,10650.32,NaN,NaN,NaN
8940,5775.22,10580.28,NaN,NaN,NaN
8941,5957.82,10417.72,NaN,NaN,NaN
8942,5886.37,10721.31,0,0,0.0000
8943,5881.19,10819.20,NaN,NaN,NaN
8944,5551.81,10849.71,NaN,NaN,NaN
8945,5955.60,10804.29,0,0,0.0000
8946,5590.19,10795.02,0,0,0.0000
8947,5540.76,10407.09,NaN,NaN,NaN
8948,5762.35,10501.28,2,6,3.0000
8949,6073.63,10622.42,4,6,0.0000
8950,5588.60,10683.61,2,3,0.0000
8951,5624.47,10154.38,0,0,0.0000
8952,5988.71,10635.43,NaN,NaN,NaN
8953,5528.13,10667.99,0,0,0.0000
8954,5902.93,10767.32,0,0,0.0000
8955,5838.79,10203.12,NaN,NaN,NaN
8956,5854.56,10590.10,NaN,NaN,NaN
8957,6096.84,10542.32,NaN,NaN,NaN
8958,5875.79,10473.18,NaN,NaN,NaN
8959,5705.34,10610.14,0,0,0.0000
8960,5863.91,10646.46,0,0,0.0000
8961,5532.09,10360.35,0,0,0.0000
8962,7034.18,10712.26,NaN,NaN,NaN
8963,6990.93,10559.74,NaN,NaN,NaN
8964,7040.96,10629.17,NaN,NaN,NaN
8965,7065.89,10831.40,0,0,0.0000
8966,7040.57,10492.38,2,4,2.0000
8967,7515.76,10787.87,NaN,NaN,NaN
8968,7490.47,10858.03,0,0,0.0000
8969,7062.43,10549.79,2,3,0.0000
8970,7489.61,10813.25,NaN,NaN,NaN
8971,7424.52,10740.98,0,0,0.0000
8972,7398.90,10815.46,NaN,NaN,NaN
8973,7497.44,10617.19,0,0,0.0000
8974,7552.06,10544.27,2,2,0.0000
8975,7419.11,10683.65,NaN,NaN,NaN
8976,7452.65,10692.45,NaN,NaN,NaN
8977,7487.59,10657.02,0,0,0.0000
8978,7453.09,10640.21,0,0,0.0000
8979,7508.83,10502.13,NaN,NaN,NaN
8980,8356.76,10151.28,0,0,0.0000
8981,8342.82,10236.71,NaN,NaN,NaN
8982,8417.07,10443.52,NaN,NaN,NaN
8983,8272.30,10203.52,3,7,2.3333
8984,8364.51,10340.58,0,0,0.0000
8985,9024.84,10516.44,NaN,NaN,NaN
8986,8886.33,10440.42,0,0,0.0000
8987,8972.41,10331.92,NaN,NaN,NaN
8988,9130.01,10192.76,0,0,0.0000
8989,9261.84,10787.09,NaN,NaN,NaN
8990,8912.62,10526.54,2,3,0.0000
8991,8819.17,10342.60,NaN,NaN,NaN
8992,9160.74,10304.10,0,0,0.0000
8993,9075.28,10361.49,0,0,0.0000
8994,8694.47,10800.02,0,0,0.0000
8995,9251.62,10260.42,0,0,0.0000
8996,9022.12,10727.13,0,0,0.0000
8997,9081.59,10279.08,NaN,NaN,NaN
8998,9154.24,10404.88,NaN,NaN,NaN
8999,9022.57,10837.80,NaN,NaN,NaN
9000,9232.03,10879.80,NaN,NaN,NaN
9001,9341.77,10617.07,NaN,NaN,NaN
9002,8855.32,10658.49,NaN,NaN,NaN
9003,8854.76,10269.71,2,6,3.0000
9004,8993.22,10232.82,NaN,NaN,NaN
9005,8828.84,10536.84,2,6,3.0000
9006,8945.79,10873.09,NaN,NaN,NaN
9007,8889.68,10603.56,NaN,NaN,NaN
9008,8829.36,10484.89,NaN,NaN,NaN
9009,9217.10,10730.20,NaN,NaN,NaN
9010,9197.45,10491.74,NaN,NaN,NaN
9011,8804.70,10864.15,0,0,0.0000
9012,8805.47,10612.07,3,6,2.0000
9013,8874.28,10742.70,NaN,NaN,NaN
9014,9286.14,10664.73,NaN,NaN,NaN
9015,9079.24,10830.45,NaN,NaN,NaN
9016,8760.65,10276.81,0,0,0.0000
9017,9001.09,10292.85,0,0,0.0000
9018,9215.45,10665.61,0,0,0.0000
9019,9140.01,10527.13,NaN,NaN,NaN
9020,8959.68,10774.27,0,0,0.0000
9021,9251.95,10443.64,0,0,0.0000
9022,9044.34,10415.95,2,5,2.5000
9023,9334.67,10392.33,NaN,NaN,NaN
9024,9144.55,10794.59,0,0,0.0000
9025,8783.77,10561.14,NaN,NaN,NaN
9026,9316.13,10716.63,NaN,NaN,NaN
9027,9331.74,10820.25,0,0,0.0000
9028,9103.26,10846.18,NaN,NaN,NaN
9029,9220.81,10225.14,0,0,0.0000
9030,9280.97,10399.89,0,0,0.0000
9031,9203.70,10699.05,0,0,0.0000
9032,9104.47,10475.13,0,0,0.0000
9033,9041.95,10582.02,NaN,NaN,NaN
9034,9312.23,10189.49,0,0,0.0000
9035,9103.94,10430.36,NaN,NaN,NaN
9036,9165.25,10843.26,NaN,NaN,NaN
9037,8923.44,10360.65,0,0,0.0000
9038,9291.56,10631.41,0,0,0.0000
9039,9251.31,10831.44,0,0,0.0000
9040,9267.89,10746.01,NaN,NaN,NaN
9041,9284.03,10700.81,NaN,NaN,NaN
9042,8965.52,10824.27,0,0,0.0000
9043,9627.19,10699.95,2,7,3.5000
9044,9576.63,10846.90,0,0,0.0000
9045,9451.50,10773.60,NaN,NaN,NaN
9046,9648.80,10547.46,NaN,NaN,NaN
9047,9409.86,10682.30,NaN,NaN,NaN
9048,9680.71,10467.16,3,6,2.0000
9049,9422.64,10847.93,0,0,0.0000
9050,9631.78,10624.73,0,0,0.0000
9051,9345.07,10117.54,0,0,0.0000
9052,9361.61,10869.51,0,0,0.0000
9053,9540.75,10741.59,0,0,0.0000
9054,9460.02,10644.20,NaN,NaN,NaN
9055,9842.78,10581.51,0,0,0.0000
9056,9610.64,10459.65,2,5,2.5000
9057,9366.52,10263.03,0,0,0.0000
9058,9347.45,10748.46,0,0,0.0000
9059,9464.52,10360.42,0,0,0.0000
9060,9413.00,10363.33,NaN,NaN,NaN
9061,9719.02,10525.84,0,0,0.0000
9062,9400.89,10604.87,NaN,NaN,NaN
9063,9914.47,10175.24,NaN,NaN,NaN
9064,9496.74,10556.91,0,0,0.0000
9065,9750.10,10683.91,NaN,NaN,NaN
9066,9355.59,10685.03,NaN,NaN,NaN
9067,10016.84,10155.44,NaN,NaN,NaN
9068,9519.60,10775.09,0,0,0.0000
9069,10818.85,10419.72,3,7,2.3333
9070,10705.69,10115.54,0,0,0.0000
9071,10784.66,10134.32,0,0,0.0000
9072,10703.25,10415.80,3,4,0.0000
9073,10752.76,10215.17,0,0,0.0000
9074,10870.09,10482.41,0,0,0.0000
9075,10681.38,10198.74,0,0,0.0000
9076,10488.46,10141.21,0,0,0.0000
9077,10755.06,10378.06,0,0,0.0000
9078,10623.59,10184.82,3,5,0.0000
9079,10825.95,10299.70,2,8,4.0000
9080,10553.21,10129.23,NaN,NaN,NaN
9081,10840.46,10774.90,NaN,NaN,NaN
9082,10801.25,10783.14,NaN,NaN,NaN
9083,10683.05,10265.49,NaN,NaN,NaN
9084,11110.12,10218.03,2,6,3.0000
9085,11149.69,10532.22,NaN,NaN,NaN
9086,11068.95,10390.94,NaN,NaN,NaN
9087,11008.78,10429.73,2,4,2.0000
9088,11066.12,10625.72,3,2,0.0000
9089,11002.05,10283.83,NaN,NaN,NaN
9090,11002.40,10188.16,NaN,NaN,NaN
9091,10966.14,10618.77,3,4,0.0000
9092,11161.05,10353.30,NaN,NaN,NaN
9093,10924.81,10307.40,0,0,0.0000
9094,11145.17,10426.40,NaN,NaN,NaN
9095,11231.56,10498.52,0,0,0.0000
9096,11231.34,10351.79,NaN,NaN,NaN
9097,10977.71,10707.83,NaN,NaN,NaN
9098,11196.44,10114.68,0,0,0.0000
9099,10921.67,10116.84,NaN,NaN,NaN
9100,11269.00,10202.46,NaN,NaN,NaN
9101,10891.49,10641.93,NaN,NaN,NaN
9102,10935.27,10485.41,7,14,2.0000
9103,11278.40,10564.19,NaN,NaN,NaN
9104,10899.35,10794.28,NaN,NaN,NaN
9105,10980.78,10131.88,2,2,0.0000
9106,10903.39,10690.64,NaN,NaN,NaN
9107,11250.45,10270.60,NaN,NaN,NaN
9108,11028.56,10526.94,3,6,2.0000
9109,10964.24,10525.41,NaN,NaN,NaN
9110,11125.10,10604.18,0,0,0.0000
9111,11238.38,10426.24,NaN,NaN,NaN
9112,10899.62,10848.49,NaN,NaN,NaN
9113,10940.87,10857.30,0,0,0.0000
9114,12406.75,10828.37,NaN,NaN,NaN
9115,12308.96,10639.13,NaN,NaN,NaN
9116,12377.17,10579.75,NaN,NaN,NaN
9117,12377.08,10498.91,3,3,0.0000
9118,12407.07,10704.13,NaN,NaN,NaN
9119,12369.04,10673.48,NaN,NaN,NaN
9120,12273.55,10762.74,NaN,NaN,NaN
9121,12299.14,10719.23,2,7,3.5000
9122,12275.68,10800.52,0,0,0.0000
9123,12470.28,10421.38,NaN,NaN,NaN
9124,12531.97,10336.30,2,3,0.0000
9125,12591.43,10497.45,NaN,NaN,NaN
9126,12642.21,10592.68,2,5,2.5000
9127,12631.69,10316.47,4,7,0.0000
9128,12478.75,10581.68,NaN,NaN,NaN
9129,12445.26,10500.59,NaN,NaN,NaN
9130,12529.30,10551.15,NaN,NaN,NaN
9131,12663.89,10503.70,0,0,0.0000
9132,12553.01,10707.43,0,0,0.0000
9133,12549.82,10613.64,3,8,2.6667
9134,12638.68,10272.12,0,0,0.0000
9135,12581.19,10651.35,NaN,NaN,NaN
9136,12887.08,10750.69,NaN,NaN,NaN
9137,12861.09,10831.92,0,0,0.0000
9138,12461.43,10724.97,NaN,NaN,NaN
9139,12621.98,10411.26,NaN,NaN,NaN
9140,12632.28,10372.07,NaN,NaN,NaN
9141,12467.58,10627.54,NaN,NaN,NaN
9142,12515.94,10663.36,NaN,NaN,NaN
9143,12612.14,10705.12,0,0,0.0000
9144,12912.71,10693.65,NaN,NaN,NaN
9145,15183.73,10644.39,3,3,0.0000
9146,15067.41,10592.69,0,0,0.0000
9147,15037.04,10685.85,2,4,2.0000
9148,15123.76,10843.92,NaN,NaN,NaN
9149,15341.46,10593.61,0,0,0.0000
9150,14879.91,10694.44,3,7,2.3333
9151,15443.02,10851.12,NaN,NaN,NaN
9152,14805.00,10767.72,2,3,0.0000
9153,15329.53,10829.48,2,4,2.0000
9154,14927.11,10827.67,NaN,NaN,NaN
9155,14969.22,10261.49,0,0,0.0000
9156,14973.05,10383.25,0,0,0.0000
9157,15032.23,10377.29,2,2,0.0000
9158,15293.39,10768.94,NaN,NaN,NaN
9159,15118.99,10290.95,NaN,NaN,NaN
9160,15198.50,10500.45,3,2,0.0000
9161,15065.42,10511.25,2,5,2.5000
9162,15093.60,10775.99,NaN,NaN,NaN
9163,15155.55,10748.10,NaN,NaN,NaN
9164,15232.85,10864.79,2,4,2.0000
9165,14939.27,10751.35,0,0,0.0000
9166,15260.21,10691.89,NaN,NaN,NaN
9167,14916.20,10382.47,NaN,NaN,NaN
9168,15098.31,10242.02,NaN,NaN,NaN
9169,15211.61,10793.46,0,0,0.0000
9170,15237.40,10736.49,NaN,NaN,NaN
9171,15307.64,10634.60,NaN,NaN,NaN
9172,15149.26,10540.03,2,2,0.0000
9173,15108.60,10458.42,NaN,NaN,NaN
9174,14891.21,10280.52,0,0,0.0000
9175,14868.30,10612.49,NaN,NaN,NaN
9176,15123.48,10619.41,0,0,0.0000
9177,15181.26,10356.81,NaN,NaN,NaN
9178,14996.69,10513.76,NaN,NaN,NaN
9179,15154.06,10801.53,2,1,0.0000
9180,14979.91,10576.86,3,5,0.0000
9181,14925.70,10586.73,2,3,0.0000
9182,15115.62,10353.76,NaN,NaN,NaN
9183,14927.36,10228.20,3,2,0.0000
9184,15056.07,10444.95,NaN,NaN,NaN
9185,14978.80,10429.06,NaN,NaN,NaN
9186,14728.50,10850.22,NaN,NaN,NaN
9187,14765.56,10794.97,NaN,NaN,NaN
9188,15112.25,10520.03,NaN,NaN,NaN
9189,14882.56,10771.86,0,0,0.0000
9190,16275.59,10225.16,0,0,0.0000
9191,16323.34,10502.18,NaN,NaN,NaN
9192,16333.85,10572.81,NaN,NaN,NaN
9193,575.24,11597.59,2,2,0.0000
9194,766.12,11170.25,NaN,NaN,NaN
9195,419.89,10881.47,4,4,0.0000
9196,860.68,11530.28,3,4,0.0000
9197,698.50,11004.25,3,5,0.0000
9198,492.57,11161.05,NaN,NaN,NaN
9199,691.13,11543.71,0,0,0.0000
9200,718.57,10928.16,NaN,NaN,NaN
9201,822.29,11282.41,2,2,0.0000
9202,413.53,11541.46,NaN,NaN,NaN
9203,492.44,11450.19,2,3,0.0000
9204,505.15,10943.45,2,3,0.0000
9205,559.42,11452.40,NaN,NaN,NaN
9206,331.15,10978.63,NaN,NaN,NaN
9207,256.40,10926.40,0,0,0.0000
9208,751.78,11408.41,NaN,NaN,NaN
9209,842.96,11140.74,2,4,2.0000
9210,643.69,11092.81,0,0,0.0000
9211,657.76,11196.52,NaN,NaN,NaN
9212,803.61,11075.61,NaN,NaN,NaN
9213,579.32,11266.87,4,9,2.2500
9214,708.58,11635.57,2,5,2.5000
9215,462.73,11386.03,0,0,0.0000
9216,609.81,11015.95,3,5,0.0000
9217,672.76,11397.51,NaN,NaN,NaN
9218,841.04,11459.18,0,0,0.0000
9219,284.80,11502.26,NaN,NaN,NaN
9220,491.22,11071.80,0,0,0.0000
9221,810.40,11393.49,NaN,NaN,NaN
9222,588.73,11171.89,NaN,NaN,NaN
9223,705.59,11315.77,2,4,2.0000
9224,583.32,10920.39,NaN,NaN,NaN
9225,350.99,11616.67,NaN,NaN,NaN
9226,555.36,11061.86,0,0,0.0000
9227,329.61,11574.18,2,2,0.0000
9228,607.40,11509.53,NaN,NaN,NaN
9229,598.90,11387.04,NaN,NaN,NaN
9230,512.93,11231.82,NaN,NaN,NaN
9231,657.36,11279.48,NaN,NaN,NaN
9232,265.78,11586.39,0,0,0.0000
9233,514.10,11281.90,NaN,NaN,NaN
9234,462.85,11008.22,NaN,NaN,NaN
9235,403.61,10991.50,0,0,0.0000
9236,632.78,11326.84,NaN,NaN,NaN
9237,39.51,11640.41,NaN,NaN,NaN
9238,411.72,11050.16,0,0,0.0000
9239,682.36,11146.79,NaN,NaN,NaN
9240,418.64,11236.60,NaN,NaN,NaN
9241,684.69,11458.09,2,4,2.0000
9242,764.47,11239.43,0,0,0.0000
9243,378.09,11190.58,NaN,NaN,NaN
9244,395.71,11401.14,NaN,NaN,NaN
9245,386.21,11108.83,NaN,NaN,NaN
9246,508.52,11647.19,NaN,NaN,NaN
9247,726.66,11086.48,0,0,0.0000
9248,332.45,11514.21,NaN,NaN,NaN
9249,869.42,11402.44,NaN,NaN,NaN
9250,449.80,11477.33,NaN,NaN,NaN
9251,78.03,10882.17,NaN,NaN,NaN
9252,443.30,11102.61,0,0,0.0000
9253,366.25,11044.18,0,0,0.0000
9254,82.96,10936.61,NaN,NaN,NaN
9255,411.76,11464.50,3,6,2.0000
9256,411.76,11322.97,2,4,2.0000
9257,795.99,11007.13,0,0,0.0000
9258,338.75,11407.84,3,6,2.0000
9259,476.66,11577.29,NaN,NaN,NaN
9260,366.81,11475.93,NaN,NaN,NaN
9261,563.23,10986.49,0,0,0.0000
9262,751.05,11493.38,NaN,NaN,NaN
9263,564.66,11120.66,0,0,0.0000
9264,525.47,11514.62,2,2,0.0000
9265,286.09,11630.06,NaN,NaN,NaN
9266,906.37,11630.86,0,0,0.0000
9267,921.05,11439.60,NaN,NaN,NaN
9268,938.48,11480.23,NaN,NaN,NaN
9269,2267.95,10985.57,0,0,0.0000
9270,1974.57,11043.53,NaN,NaN,NaN
9271,2424.60,11612.66,2,2,0.0000
9272,2065.78,11343.97,3,6,2.0000
9273,2332.74,11532.98,NaN,NaN,NaN
9274,2402.13,10967.89,NaN,NaN,NaN
9275,2229.40,11495.78,NaN,NaN,NaN
9276,2357.47,11140.38,NaN,NaN,NaN
9277,2409.08,11076.10,3,4,0.0000
9278,2421.34,11470.87,NaN,NaN,NaN
9279,2255.69,11354.46,NaN,NaN,NaN
9280,1986.12,11221.15,0,0,0.0000
9281,2329.44,11434.84,NaN,NaN,NaN
9282,2017.73,11125.43,NaN,NaN,NaN
9283,2397.46,11281.47,NaN,NaN,NaN
9284,2176.12,11129.22,NaN,NaN,NaN
9285,2028.07,10997.46,NaN,NaN,NaN
9286,2184.43,11383.96,NaN,NaN,NaN
9287,1972.55,10934.92,NaN,NaN,NaN
9288,2246.83,11607.65,NaN,NaN,NaN
9289,2229.56,11174.23,2,4,2.0000
9290,2166.29,11030.47,NaN,NaN,NaN
9291,2043.23,11198.82,4,5,0.0000
9292,1924.82,10963.24,3,8,2.6667
9293,2296.56,11163.35,NaN,NaN,NaN
9294,2396.20,10882.14,0,0,0.0000
9295,2248.39,11424.32,2,2,0.0000
9296,2267.01,11535.43,0,0,0.0000
9297,2086.65,11035.24,NaN,NaN,NaN
9298,2140.41,11319.51,NaN,NaN,NaN
9299,2063.41,10961.26,NaN,NaN,NaN
9300,2289.71,11243.18,NaN,NaN,NaN
9301,2279.97,11301.23,0,0,0.0000
9302,2123.07,11129.26,2,1,0.0000
9303,2387.56,11374.16,2,5,2.5000
9304,1949.93,10889.44,0,0,0.0000
9305,2351.92,11328.73,NaN,NaN,NaN
9306,2124.80,11419.67,NaN,NaN,NaN
9307,2338.28,11207.40,NaN,NaN,NaN
9308,2107.08,11072.99,2,2,0.0000
9309,2343.75,11256.51,3,4,0.0000
9310,2190.43,11453.19,NaN,NaN,NaN
9311,1954.48,11151.15,NaN,NaN,NaN
9312,2201.65,11300.44,NaN,NaN,NaN
9313,2216.35,11090.32,0,0,0.0000
9314,2109.97,11236.00,2,4,2.0000
9315,2023.00,10903.99,2,3,0.0000
9316,2080.08,11139.02,NaN,NaN,NaN
9317,2158.72,11190.22,0,0,0.0000
9318,2431.25,11142.83,3,3,0.0000
9319,2149.74,11470.98,0,0,0.0000
9320,1933.71,11103.25,0,0,0.0000
9321,2139.16,10953.12,NaN,NaN,NaN
9322,2560.64,11273.71,NaN,NaN,NaN
9323,2836.13,11417.27,2,0,0.0000
9324,2609.26,11437.98,NaN,NaN,NaN
9325,2638.23,11171.58,0,0,0.0000
9326,2457.37,11363.24,NaN,NaN,NaN
9327,2518.83,11504.44,NaN,NaN,NaN
9328,2779.19,11548.51,NaN,NaN,NaN
9329,2758.44,11637.47,0,0,0.0000
9330,2737.98,11457.87,NaN,NaN,NaN
9331,2662.22,11364.78,NaN,NaN,NaN
9332,2463.68,11187.79,0,0,0.0000
9333,2930.38,11566.71,2,2,0.0000
9334,2526.40,10943.69,NaN,NaN,NaN
9335,2649.69,11524.96,NaN,NaN,NaN
9336,2717.16,11198.15,0,0,0.0000
9337,2574.20,11045.82,NaN,NaN,NaN
9338,2565.54,11608.29,NaN,NaN,NaN
9339,2880.68,11538.45,NaN,NaN,NaN
9340,2504.23,11605.20,0,0,0.0000
9341,2914.51,10884.88,NaN,NaN,NaN
9342,2502.62,11049.19,NaN,NaN,NaN
9343,3055.38,10958.61,NaN,NaN,NaN
9344,2679.73,11608.02,NaN,NaN,NaN
9345,2695.90,11310.07,3,4,0.0000
9346,2746.38,11366.43,2,2,0.0000
9347,2971.74,11593.56,0,0,0.0000
9348,2962.48,10943.60,NaN,NaN,NaN
9349,2465.57,11245.62,3,4,0.0000
9350,2529.79,11109.61,NaN,NaN,NaN
9351,2799.08,11279.86,0,0,0.0000
9352,2507.97,11426.88,0,0,0.0000
9353,2596.21,10940.00,NaN,NaN,NaN
9354,2475.39,10987.55,0,0,0.0000
9355,2617.34,11000.96,0,0,0.0000
9356,2773.27,11178.62,0,0,0.0000
9357,3091.01,10923.52,0,0,0.0000
9358,2837.70,11629.71,0,0,0.0000
9359,3625.29,11035.07,NaN,NaN,NaN
9360,3472.81,10983.36,NaN,NaN,NaN
9361,3469.87,11235.78,0,0,0.0000
9362,3504.36,11102.03,NaN,NaN,NaN
9363,3217.86,10915.63,2,4,2.0000
9364,3379.98,11295.07,0,0,0.0000
9365,3350.35,11130.05,3,5,0.0000
9366,3345.25,11217.54,NaN,NaN,NaN
9367,3546.42,10888.61,NaN,NaN,NaN
9368,3815.28,10960.24,0,0,0.0000
9369,3849.01,10895.16,NaN,NaN,NaN
9370,3691.40,11096.11,NaN,NaN,NaN
9371,3557.73,11230.52,NaN,NaN,NaN
9372,3358.35,11055.40,NaN,NaN,NaN
9373,3596.91,11183.64,2,0,0.0000
9374,3685.12,10947.75,NaN,NaN,NaN
9375,3413.73,11079.13,0,0,0.0000
9376,3623.83,11231.62,NaN,NaN,NaN
9377,3369.02,10904.62,NaN,NaN,NaN
9378,3738.73,10911.82,NaN,NaN,NaN
9379,3575.66,10967.75,NaN,NaN,NaN
9380,3276.55,11105.05,NaN,NaN,NaN
9381,3206.29,11071.72,NaN,NaN,NaN
9382,3581.38,11133.81,2,4,2.0000
9383,3457.73,11347.99,NaN,NaN,NaN
9384,3645.67,11271.25,0,0,0.0000
9385,3281.32,11048.31,NaN,NaN,NaN
9386,3358.04,10988.99,3,3,0.0000
9387,3686.60,11383.78,NaN,NaN,NaN
9388,4420.74,11624.08,3,2,0.0000
9389,4547.79,11076.94,NaN,NaN,NaN
9390,4604.17,10929.53,2,4,2.0000
9391,4592.28,11013.70,0,0,0.0000
9392,4682.54,10880.14,NaN,NaN,NaN
9393,4506.51,10891.10,2,2,0.0000
9394,4212.06,11639.75,NaN,NaN,NaN
9395,4469.11,11101.78,0,0,0.0000
9396,4669.64,10965.53,NaN,NaN,NaN
9397,4507.77,10994.31,2,4,2.0000
9398,4382.52,10957.35,NaN,NaN,NaN
9399,4522.84,11587.87,NaN,NaN,NaN
9400,4281.45,11559.27,2,3,0.0000
9401,4648.25,11052.46,2,7,3.5000
9402,4460.38,11041.29,NaN,NaN,NaN
9403,4415.62,11134.45,3,2,0.0000
9404,4362.76,11097.00,0,0,0.0000
9405,4361.33,11568.44,NaN,NaN,NaN
9406,4358.84,11133.11,3,0,0.0000
9407,4443.89,10940.55,NaN,NaN,NaN
9408,4631.62,11595.46,NaN,NaN,NaN
9409,4695.09,11025.19,NaN,NaN,NaN
9410,4115.60,11637.11,0,0,0.0000
9411,4326.63,10941.80,0,0,0.0000
9412,4130.03,11531.52,0,0,0.0000
9413,4399.77,11519.23,0,0,0.0000
9414,4442.86,10993.91,NaN,NaN,NaN
9415,4753.32,10906.24,2,3,0.0000
9416,4742.08,11001.96,0,0,0.0000
9417,6000.41,10901.09,0,0,0.0000
9418,5826.30,10955.75,NaN,NaN,NaN
9419,6091.59,11027.77,NaN,NaN,NaN
9420,5618.01,10917.83,0,0,0.0000
9421,5991.75,11137.10,NaN,NaN,NaN
9422,6224.24,11167.20,NaN,NaN,NaN
9423,5904.83,11043.73,3,2,0.0000
9424,6147.47,10973.41,3,6,2.0000
9425,6002.45,11190.95,0,0,0.0000
9426,6225.11,11087.09,5,5,0.0000
9427,5965.84,11080.74,3,4,0.0000
9428,6214.42,11282.82,NaN,NaN,NaN
9429,5848.36,11031.02,2,2,0.0000
9430,6137.68,11039.83,0,0,0.0000
9431,6123.90,11131.55,NaN,NaN,NaN
9432,5895.22,10993.70,3,4,0.0000
9433,5690.76,10945.17,2,3,0.0000
9434,6172.97,11263.62,0,0,0.0000
9435,6267.37,11222.73,0,0,0.0000
9436,6074.38,10954.66,NaN,NaN,NaN
9437,7014.11,11643.04,0,0,0.0000
9438,7008.84,11517.17,2,3,0.0000
9439,6978.27,11396.33,NaN,NaN,NaN
9440,6934.90,11502.74,0,0,0.0000
9441,7024.11,11293.95,0,0,0.0000
9442,6995.96,11333.94,NaN,NaN,NaN
9443,6295.06,11068.42,0,0,0.0000
9444,7030.93,11109.72,0,0,0.0000
9445,7067.37,10907.42,NaN,NaN,NaN
9446,7078.39,11073.47,NaN,NaN,NaN
9447,7043.54,11023.41,0,0,0.0000
9448,7586.54,11264.28,NaN,NaN,NaN
9449,7567.47,11209.03,NaN,NaN,NaN
9450,7802.33,11272.89,NaN,NaN,NaN
9451,7048.57,10963.71,0,0,0.0000
9452,7569.40,11037.34,NaN,NaN,NaN
9453,7531.81,11248.34,0,0,0.0000
9454,7663.54,11085.66,0,0,0.0000
9455,7557.82,10894.23,0,0,0.0000
9456,7794.40,11060.91,NaN,NaN,NaN
9457,7772.44,10997.45,0,0,0.0000
9458,7515.53,11333.01,NaN,NaN,NaN
9459,7933.66,11188.39,2,3,0.0000
9460,7966.34,11336.78,2,2,0.0000
9461,7882.24,11317.30,NaN,NaN,NaN
9462,7924.29,11082.86,NaN,NaN,NaN
9463,7952.75,11561.02,0,0,0.0000
9464,7809.76,11423.05,3,15,5.0000
9465,8063.21,11155.41,0,0,0.0000
9466,7836.30,11105.00,0,0,0.0000
9467,7824.51,11207.48,NaN,NaN,NaN
9468,7884.14,11497.16,NaN,NaN,NaN
9469,7859.38,11171.26,NaN,NaN,NaN
9470,8012.86,11524.00,NaN,NaN,NaN
9471,8006.94,11151.45,0,0,0.0000
9472,8001.75,11231.06,2,4,2.0000
9473,7898.60,11409.55,2,4,2.0000
9474,7972.15,11418.86,NaN,NaN,NaN
9475,8028.98,11394.12,NaN,NaN,NaN
9476,7910.25,11577.81,NaN,NaN,NaN
9477,7847.08,11508.97,NaN,NaN,NaN
9478,7812.53,11309.58,0,0,0.0000
9479,7964.00,11461.36,NaN,NaN,NaN
9480,8008.81,11594.99,NaN,NaN,NaN
9481,8034.19,11290.68,NaN,NaN,NaN
9482,7941.02,11012.58,0,0,0.0000
9483,8956.30,11110.37,NaN,NaN,NaN
9484,9032.18,11049.61,NaN,NaN,NaN
9485,9161.81,11481.14,NaN,NaN,NaN
9486,9112.57,11409.62,NaN,NaN,NaN
9487,9058.83,10924.12,NaN,NaN,NaN
9488,9257.31,11239.57,0,0,0.0000
9489,9292.69,11441.64,NaN,NaN,NaN
9490,9149.71,11050.40,0,0,0.0000
9491,9145.94,11296.58,0,0,0.0000
9492,9143.94,10898.57,0,0,0.0000
9493,8893.90,11042.04,NaN,NaN,NaN
9494,8941.54,11353.30,NaN,NaN,NaN
9495,8771.41,11099.40,2,3,0.0000
9496,9269.31,11337.38,3,7,2.3333
9497,9294.13,11077.67,NaN,NaN,NaN
9498,9233.95,10986.94,NaN,NaN,NaN
9499,9030.24,11219.45,2,3,0.0000
9500,9331.43,11553.69,NaN,NaN,NaN
9501,9047.27,11140.53,NaN,NaN,NaN
9502,8951.94,10993.57,0,0,0.0000
9503,9301.53,11006.14,NaN,NaN,NaN
9504,9004.21,11469.62,2,3,0.0000
9505,9262.26,11485.80,NaN,NaN,NaN
9506,8959.08,11229.93,0,0,0.0000
9507,8701.98,11059.43,NaN,NaN,NaN
9508,9133.73,11546.97,NaN,NaN,NaN
9509,9283.47,11160.02,0,0,0.0000
9510,9343.31,11376.32,NaN,NaN,NaN
9511,8902.18,10948.32,NaN,NaN,NaN
9512,8816.20,11271.21,5,4,0.0000
9513,8983.80,11272.72,NaN,NaN,NaN
9514,9277.84,11571.52,NaN,NaN,NaN
9515,8878.61,10888.23,2,4,2.0000
9516,8846.97,10953.98,NaN,NaN,NaN
9517,8925.58,11430.56,NaN,NaN,NaN
9518,9216.56,11172.07,0,0,0.0000
9519,9182.78,11127.35,0,0,0.0000
9520,9092.81,11003.15,0,0,0.0000
9521,9086.85,11304.23,NaN,NaN,NaN
9522,9014.53,11393.76,NaN,NaN,NaN
9523,9031.58,11527.07,NaN,NaN,NaN
9524,9188.98,11616.86,0,0,0.0000
9525,9205.13,11395.09,NaN,NaN,NaN
9526,8904.06,11161.02,NaN,NaN,NaN
9527,9102.89,11590.00,2,4,2.0000
9528,8808.42,10997.16,NaN,NaN,NaN
9529,9065.43,11365.04,3,2,0.0000
9530,9171.71,11212.73,0,0,0.0000
9531,9128.90,10967.10,0,0,0.0000
9532,8836.75,11073.66,0,0,0.0000
9533,8712.07,11004.85,NaN,NaN,NaN
9534,9226.35,11645.47,0,0,0.0000
9535,8991.74,10946.41,NaN,NaN,NaN
9536,9207.36,11551.19,NaN,NaN,NaN
9537,9277.94,10945.49,NaN,NaN,NaN
9538,9014.28,11329.96,NaN,NaN,NaN
9539,9007.92,11429.47,NaN,NaN,NaN
9540,9224.15,11046.80,NaN,NaN,NaN
9541,9036.38,11360.15,NaN,NaN,NaN
9542,8952.54,10924.66,NaN,NaN,NaN
9543,9083.47,11189.34,NaN,NaN,NaN
9544,9251.52,11527.95,0,0,0.0000
9545,8881.11,11383.60,NaN,NaN,NaN
9546,9222.15,11091.03,NaN,NaN,NaN
9547,9178.75,10959.33,NaN,NaN,NaN
9548,9216.63,10932.07,NaN,NaN,NaN
9549,9138.38,11135.82,0,0,0.0000
9550,8827.29,11314.04,NaN,NaN,NaN
9551,9096.12,11552.47,NaN,NaN,NaN
9552,9333.97,11121.31,2,2,0.0000
9553,8957.96,11192.50,NaN,NaN,NaN
9554,8864.85,10992.37,NaN,NaN,NaN
9555,9716.24,10893.87,NaN,NaN,NaN
9556,9555.62,11452.97,2,3,0.0000
9557,9420.00,11594.74,2,2,0.0000
9558,9621.29,11615.47,4,2,0.0000
9559,9499.21,11294.66,NaN,NaN,NaN
9560,9520.73,10988.58,0,0,0.0000
9561,9454.18,11127.98,NaN,NaN,NaN
9562,9538.35,11075.52,2,8,4.0000
9563,9364.67,10942.28,NaN,NaN,NaN
9564,9370.48,11290.43,0,0,0.0000
9565,9604.34,10965.91,0,0,0.0000
9566,9430.35,10972.63,NaN,NaN,NaN
9567,9365.33,11192.55,NaN,NaN,NaN
9568,9513.49,10895.03,0,0,0.0000
9569,9382.16,11468.32,0,0,0.0000
9570,9613.97,11157.97,0,0,0.0000
9571,9815.71,10892.71,0,0,0.0000
9572,10110.42,11576.25,NaN,NaN,NaN
9573,9447.82,11329.13,2,6,3.0000
9574,9390.21,11084.76,0,0,0.0000
9575,9463.74,11645.25,NaN,NaN,NaN
9576,9765.94,11408.67,0,0,0.0000
9577,9599.96,11511.03,NaN,NaN,NaN
9578,9562.26,11208.71,NaN,NaN,NaN
9579,9678.95,11255.52,3,13,4.3333
9580,9967.54,11624.85,NaN,NaN,NaN
9581,9540.03,11578.59,NaN,NaN,NaN
9582,9654.79,11523.96,0,0,0.0000
9583,9393.14,11532.09,4,5,0.0000
9584,9852.53,11024.90,NaN,NaN,NaN
9585,9685.77,10991.22,0,0,0.0000
9586,9474.90,11383.84,2,2,0.0000
9587,9646.78,11069.40,2,8,4.0000
9588,9677.61,11171.75,0,0,0.0000
9589,9768.22,11001.68,0,0,0.0000
9590,10019.66,11576.58,2,2,0.0000
9591,9903.84,11026.29,NaN,NaN,NaN
9592,9514.81,11393.61,NaN,NaN,NaN
9593,9713.18,11032.00,0,0,0.0000
9594,9476.61,11434.39,2,1,0.0000
9595,9613.12,11109.47,NaN,NaN,NaN
9596,9347.44,11509.64,2,3,0.0000
9597,10017.25,11610.90,2,2,0.0000
9598,9625.89,11463.14,2,6,3.0000
9599,10068.87,11525.69,NaN,NaN,NaN
9600,11796.67,11616.77,NaN,NaN,NaN
9601,11886.08,11503.56,0,0,0.0000
9602,11851.29,11550.41,0,0,0.0000
9603,13985.90,11264.70,2,3,0.0000
9604,15474.11,11423.41,0,0,0.0000
9605,15410.35,11373.72,NaN,NaN,NaN
9606,15338.01,11065.61,NaN,NaN,NaN
9607,15048.41,10959.00,NaN,NaN,NaN
9608,15402.50,11010.17,NaN,NaN,NaN
9609,15476.62,11167.99,2,2,0.0000
9610,14850.21,10884.57,2,2,0.0000
9611,15396.50,11552.27,NaN,NaN,NaN
9612,15302.60,11645.78,3,3,0.0000
9613,15296.27,10938.36,NaN,NaN,NaN
9614,15409.21,11135.81,NaN,NaN,NaN
9615,15285.64,10991.56,NaN,NaN,NaN
9616,15474.77,11522.91,NaN,NaN,NaN
9617,14803.80,10906.51,0,0,0.0000
9618,15382.68,11319.68,NaN,NaN,NaN
9619,15432.33,11270.93,5,11,2.2000
9620,15192.03,10969.55,0,0,0.0000
9621,15481.57,11586.17,0,0,0.0000
9622,14965.31,10990.52,0,0,0.0000
9623,14887.64,10933.37,0,0,0.0000
9624,15263.40,11598.11,0,0,0.0000
9625,15476.84,11629.13,2,4,2.0000
9626,15333.31,11572.17,2,3,0.0000
9627,14899.06,11148.05,0,0,0.0000
9628,15284.87,11546.52,0,0,0.0000
9629,15357.54,11512.35,0,0,0.0000
9630,14757.70,10895.81,0,0,0.0000
9631,15398.39,11241.79,0,0,0.0000
9632,15131.17,11329.86,2,1,0.0000
9633,15450.24,11503.85,0,0,0.0000
9634,15416.23,11601.11,2,4,2.0000
9635,15567.33,11204.52,NaN,NaN,NaN
9636,16025.51,11639.55,0,0,0.0000
9637,15696.84,11418.48,NaN,NaN,NaN
9638,15923.76,11544.59,NaN,NaN,NaN
9639,15550.26,11495.85,NaN,NaN,NaN
9640,15515.08,11276.54,NaN,NaN,NaN
9641,15609.58,11330.20,2,3,0.0000
9642,15748.97,11315.48,NaN,NaN,NaN
9643,15798.40,11423.13,NaN,NaN,NaN
9644,15848.23,11529.60,NaN,NaN,NaN
9645,15785.14,11630.16,NaN,NaN,NaN
9646,15533.69,10992.51,0,0,0.0000
9647,15586.22,11633.77,2,3,0.0000
9648,15907.65,11467.63,2,5,2.5000
9649,15629.31,11528.32,2,3,0.0000
9650,15633.04,11249.24,NaN,NaN,NaN
9651,15671.81,11588.52,NaN,NaN,NaN
9652,15526.48,11561.38,2,3,0.0000
9653,15678.53,11317.21,NaN,NaN,NaN
9654,15707.56,11528.74,NaN,NaN,NaN
9655,15790.15,11367.30,0,0,0.0000
9656,15541.60,11343.82,2,4,2.0000
9657,15761.63,11501.31,0,0,0.0000
9658,15747.68,11585.06,0,0,0.0000
9659,15579.17,10971.25,NaN,NaN,NaN
9660,15982.42,11577.11,0,0,0.0000
9661,15827.14,11324.00,2,4,2.0000
9662,15775.98,11267.52,NaN,NaN,NaN
9663,15611.67,11478.31,0,0,0.0000
9664,15677.72,11272.11,0,0,0.0000
9665,15569.97,11063.89,NaN,NaN,NaN
9666,15840.91,11478.25,0,0,0.0000
9667,15691.91,11194.94,NaN,NaN,NaN
9668,15800.85,11563.61,NaN,NaN,NaN
9669,15626.51,11641.25,0,0,0.0000
9670,15685.23,11636.28,NaN,NaN,NaN
9671,609.04,11764.95,NaN,NaN,NaN
9672,430.84,11672.85,0,0,0.0000
9673,769.39,11677.81,NaN,NaN,NaN
9674,385.51,11798.96,0,0,0.0000
9675,663.84,12271.00,NaN,NaN,NaN
9676,550.04,11933.22,4,6,0.0000
9677,501.35,11727.45,NaN,NaN,NaN
9678,870.67,11726.80,3,5,0.0000
9679,461.27,11824.69,NaN,NaN,NaN
9680,829.98,11996.76,3,6,2.0000
9681,598.04,12031.28,NaN,NaN,NaN
9682,842.59,11664.93,2,3,0.0000
9683,726.83,12323.34,NaN,NaN,NaN
9684,710.60,12109.90,NaN,NaN,NaN
9685,314.28,11814.21,2,2,0.0000
9686,83.17,11794.64,NaN,NaN,NaN
9687,811.53,11818.34,0,0,0.0000
9688,820.04,12151.20,NaN,NaN,NaN
9689,473.69,12025.41,NaN,NaN,NaN
9690,476.94,11890.71,NaN,NaN,NaN
9691,626.45,12218.89,2,3,0.0000
9692,636.10,11887.41,2,3,0.0000
9693,663.55,11971.10,2,2,0.0000
9694,782.60,11933.41,NaN,NaN,NaN
9695,40.43,11766.73,2,2,0.0000
9696,703.18,11912.66,2,2,0.0000
9697,449.37,12096.51,NaN,NaN,NaN
9698,320.05,11973.51,2,2,0.0000
9699,362.38,11721.84,3,8,2.6667
9700,373.15,12024.72,NaN,NaN,NaN
9701,807.31,12089.39,0,0,0.0000
9702,548.66,11855.95,NaN,NaN,NaN
9703,658.38,12051.16,NaN,NaN,NaN
9704,727.90,11756.52,0,0,0.0000
9705,753.73,11887.88,NaN,NaN,NaN
9706,286.00,11872.42,2,1,0.0000
9707,632.67,12167.93,NaN,NaN,NaN
9708,499.93,12094.14,3,4,0.0000
9709,786.02,12231.08,2,5,2.5000
9710,313.90,11711.20,NaN,NaN,NaN
9711,350.62,11901.63,0,0,0.0000
9712,751.74,12150.96,2,3,0.0000
9713,648.77,11680.98,4,4,0.0000
9714,872.46,11815.40,NaN,NaN,NaN
9715,714.42,11841.41,0,0,0.0000
9716,543.61,12140.14,NaN,NaN,NaN
9717,845.13,11924.22,0,0,0.0000
9718,512.99,12209.10,NaN,NaN,NaN
9719,426.91,11993.17,NaN,NaN,NaN
9720,745.98,12225.81,NaN,NaN,NaN
9721,71.08,11707.56,2,5,2.5000
9722,802.94,12289.07,0,0,0.0000
9723,652.30,12356.82,0,0,0.0000
9724,534.66,12020.67,0,0,0.0000
9725,408.19,12085.00,2,2,0.0000
9726,690.88,11728.61,2,4,2.0000
9727,267.62,11755.18,NaN,NaN,NaN
9728,369.18,11969.99,NaN,NaN,NaN
9729,697.12,12174.32,3,4,0.0000
9730,278.53,11675.80,NaN,NaN,NaN
9731,760.30,12365.18,0,0,0.0000
9732,715.92,12023.97,NaN,NaN,NaN
9733,610.00,12341.48,NaN,NaN,NaN
9734,329.94,11658.99,NaN,NaN,NaN
9735,639.51,12107.72,2,3,0.0000
9736,369.32,12083.22,0,0,0.0000
9737,479.08,12222.95,NaN,NaN,NaN
9738,829.99,12226.45,NaN,NaN,NaN
9739,564.99,12229.34,NaN,NaN,NaN
9740,674.34,12087.83,NaN,NaN,NaN
9741,535.53,11788.48,NaN,NaN,NaN
9742,571.21,12193.33,NaN,NaN,NaN
9743,485.86,11961.46,0,0,0.0000
9744,666.11,11839.23,NaN,NaN,NaN
9745,590.62,12297.38,0,0,0.0000
9746,921.17,11793.86,5,6,0.0000
9747,976.85,11729.17,2,3,0.0000
9748,899.85,11877.95,NaN,NaN,NaN
9749,899.48,11944.22,NaN,NaN,NaN
9750,2412.28,11736.64,NaN,NaN,NaN
9751,2315.37,11665.19,4,6,0.0000
9752,2384.45,11892.32,NaN,NaN,NaN
9753,2359.90,11796.18,NaN,NaN,NaN
9754,2426.65,12015.65,NaN,NaN,NaN
9755,2392.56,11987.50,NaN,NaN,NaN
9756,2323.48,11751.63,4,6,0.0000
9757,2802.63,12081.47,2,3,0.0000
9758,2636.06,11856.29,4,1,0.0000
9759,3001.65,11963.15,NaN,NaN,NaN
9760,2782.20,11767.75,0,0,0.0000
9761,2876.75,12329.82,2,3,0.0000
9762,3126.21,12290.00,NaN,NaN,NaN
9763,2947.98,11818.80,2,2,0.0000
9764,2837.39,11892.38,0,0,0.0000
9765,2548.69,11987.95,NaN,NaN,NaN
9766,2979.83,12247.48,NaN,NaN,NaN
9767,3192.69,12158.78,3,4,0.0000
9768,2543.74,12210.41,0,0,0.0000
9769,2446.98,11927.16,4,7,0.0000
9770,3133.97,12370.56,NaN,NaN,NaN
9771,2702.46,12209.54,NaN,NaN,NaN
9772,2542.75,11748.41,NaN,NaN,NaN
9773,2892.59,12012.19,2,3,0.0000
9774,3048.34,12341.61,0,0,0.0000
9775,3118.27,12017.90,0,0,0.0000
9776,2774.62,12352.51,NaN,NaN,NaN
9777,2836.34,12240.47,4,3,0.0000
9778,2596.52,12302.22,NaN,NaN,NaN
9779,3097.37,12118.47,3,7,2.3333
9780,2474.58,11805.99,NaN,NaN,NaN
9781,3032.53,12153.57,0,0,0.0000
9782,3174.32,12020.62,NaN,NaN,NaN
9783,2667.14,11748.88,0,0,0.0000
9784,3071.04,11786.63,0,0,0.0000
9785,3027.65,11852.06,NaN,NaN,NaN
9786,2910.00,11706.63,NaN,NaN,NaN
9787,2529.84,12076.06,0,0,0.0000
9788,2469.96,12049.81,0,0,0.0000
9789,2945.22,12098.65,0,0,0.0000
9790,3156.25,11784.54,NaN,NaN,NaN
9791,2668.64,12043.48,0,0,0.0000
9792,2905.83,11915.12,3,3,0.0000
9793,2785.56,12274.19,2,2,0.0000
9794,3097.10,12207.19,NaN,NaN,NaN
9795,2892.17,12228.82,0,0,0.0000
9796,2983.13,12145.91,2,3,0.0000
9797,2620.47,11665.92,2,4,2.0000
9798,3003.25,12400.20,0,0,0.0000
9799,2973.68,12311.93,2,1,0.0000
9800,2634.21,12117.50,0,0,0.0000
9801,2961.47,12359.84,NaN,NaN,NaN
9802,2698.39,11986.55,2,3,0.0000
9803,2936.98,12410.93,0,0,0.0000
9804,2878.63,11801.04,2,2,0.0000
9805,3057.73,12247.84,NaN,NaN,NaN
9806,3088.65,11863.10,NaN,NaN,NaN
9807,2505.98,11692.84,NaN,NaN,NaN
9808,2571.61,12149.87,NaN,NaN,NaN
9809,3142.39,11882.24,NaN,NaN,NaN
9810,2931.76,12192.10,NaN,NaN,NaN
9811,3127.25,11828.06,0,0,0.0000
9812,2778.40,12207.93,NaN,NaN,NaN
9813,2434.60,11850.28,3,5,0.0000
9814,3093.02,11919.17,0,0,0.0000
9815,3024.53,12080.84,0,0,0.0000
9816,2634.03,12256.01,0,0,0.0000
9817,3138.11,12166.66,NaN,NaN,NaN
9818,2866.78,12171.92,0,0,0.0000
9819,3031.14,12036.44,2,1,0.0000
9820,2470.39,12119.46,NaN,NaN,NaN
9821,2594.87,11919.06,NaN,NaN,NaN
9822,3149.78,11941.41,NaN,NaN,NaN
9823,3090.33,11721.16,0,0,0.0000
9824,2867.74,11765.61,0,0,0.0000
9825,3177.22,12089.62,NaN,NaN,NaN
9826,2688.35,12123.28,0,0,0.0000
9827,2824.16,11677.77,0,0,0.0000
9828,2753.86,11911.27,0,0,0.0000
9829,2476.90,11992.25,NaN,NaN,NaN
9830,2631.84,12377.05,2,3,0.0000
9831,2963.39,11671.56,0,0,0.0000
9832,2600.96,11779.39,NaN,NaN,NaN
9833,2653.16,12208.69,0,0,0.0000
9834,2805.61,11936.70,0,0,0.0000
9835,3006.76,11783.16,NaN,NaN,NaN
9836,2439.49,12082.14,0,0,0.0000
9837,2608.50,12173.55,NaN,NaN,NaN
9838,2632.99,11921.07,0,0,0.0000
9839,3521.00,12351.92,NaN,NaN,NaN
9840,3412.74,12227.06,NaN,NaN,NaN
9841,3344.18,12152.67,NaN,NaN,NaN
9842,3245.77,12053.09,0,0,0.0000
9843,3295.04,12398.37,NaN,NaN,NaN
9844,3287.25,11961.56,NaN,NaN,NaN
9845,3432.81,11969.51,3,1,0.0000
9846,3835.97,12250.61,0,0,0.0000
9847,3200.64,12372.53,0,0,0.0000
9848,3892.00,12330.09,NaN,NaN,NaN
9849,3635.99,12347.60,0,0,0.0000
9850,3355.85,12305.95,4,8,2.0000
9851,3204.21,11923.18,NaN,NaN,NaN
9852,3327.42,12251.35,3,7,2.3333
9853,3618.83,12146.50,NaN,NaN,NaN
9854,3215.19,12249.39,NaN,NaN,NaN
9855,3552.11,12112.40,3,7,2.3333
9856,3593.11,12230.56,NaN,NaN,NaN
9857,3433.39,12131.36,NaN,NaN,NaN
9858,3471.48,12283.63,0,0,0.0000
9859,3651.19,12081.73,2,2,0.0000
9860,3364.87,11958.53,2,5,2.5000
9861,3389.22,12343.48,NaN,NaN,NaN
9862,3913.20,12203.55,NaN,NaN,NaN
9863,3704.32,12365.23,0,0,0.0000
9864,3693.19,12267.21,0,0,0.0000
9865,3785.48,12267.27,NaN,NaN,NaN
9866,3258.79,12200.28,NaN,NaN,NaN
9867,3780.85,12165.64,NaN,NaN,NaN
9868,3633.10,12274.29,NaN,NaN,NaN
9869,3727.70,12123.97,0,0,0.0000
9870,3397.24,12066.96,2,4,2.0000
9871,3962.94,12393.94,0,0,0.0000
9872,3301.85,12080.97,2,5,2.5000
9873,3732.02,12227.78,NaN,NaN,NaN
9874,3345.16,12024.36,4,5,0.0000
9875,3491.39,12083.93,NaN,NaN,NaN
9876,3211.18,11833.11,0,0,0.0000
9877,3754.25,12069.65,0,0,0.0000
9878,3367.56,12388.78,NaN,NaN,NaN
9879,3562.58,12288.48,4,10,2.5000
9880,3952.41,11932.74,NaN,NaN,NaN
9881,3813.11,12356.87,0,0,0.0000
9882,3755.25,12369.45,0,0,0.0000
9883,3951.76,12335.30,0,0,0.0000
9884,3477.38,12016.70,0,0,0.0000
9885,3278.34,12306.90,NaN,NaN,NaN
9886,3947.51,12282.84,0,0,0.0000
9887,3390.04,11908.25,NaN,NaN,NaN
9888,3569.41,12175.28,NaN,NaN,NaN
9889,3443.57,12048.93,NaN,NaN,NaN
9890,3587.52,12057.05,0,0,0.0000
9891,3539.29,12004.23,0,0,0.0000
9892,3895.36,12259.53,NaN,NaN,NaN
9893,3656.41,12215.60,NaN,NaN,NaN
9894,3498.31,12160.51,0,0,0.0000
9895,3687.11,12185.25,NaN,NaN,NaN
9896,3242.49,12327.79,2,4,2.0000
9897,3206.90,11989.36,0,0,0.0000
9898,3933.62,12099.71,NaN,NaN,NaN
9899,4361.52,11938.60,NaN,NaN,NaN
9900,4398.96,12200.31,NaN,NaN,NaN
9901,4331.21,11722.61,NaN,NaN,NaN
9902,4541.88,12073.49,2,4,2.0000
9903,4086.01,12262.93,3,5,0.0000
9904,4197.37,12303.51,NaN,NaN,NaN
9905,4724.48,12048.37,NaN,NaN,NaN
9906,4515.35,12185.05,NaN,NaN,NaN
9907,4050.61,11655.21,NaN,NaN,NaN
9908,4534.16,11887.54,NaN,NaN,NaN
9909,4421.42,11869.03,2,3,0.0000
9910,4128.32,11886.89,0,0,0.0000
9911,4314.07,12256.31,NaN,NaN,NaN
9912,4595.22,12284.67,NaN,NaN,NaN
9913,4151.86,12101.57,0,0,0.0000
9914,4514.24,11753.21,2,4,2.0000
9915,4017.61,12007.63,0,0,0.0000
9916,4588.28,11815.32,NaN,NaN,NaN
9917,4287.79,12138.83,NaN,NaN,NaN
9918,4623.87,12372.35,NaN,NaN,NaN
9919,4667.12,12216.37,NaN,NaN,NaN
9920,4200.93,12195.28,NaN,NaN,NaN
9921,4155.19,11723.16,0,0,0.0000
9922,4022.69,11930.70,0,0,0.0000
9923,4000.82,11761.71,NaN,NaN,NaN
9924,4683.28,11711.77,2,1,0.0000
9925,4618.37,11879.17,NaN,NaN,NaN
9926,4207.99,11772.18,NaN,NaN,NaN
9927,4595.04,11723.97,NaN,NaN,NaN
9928,4073.76,11735.96,NaN,NaN,NaN
9929,3988.39,12077.25,NaN,NaN,NaN
9930,4094.19,12359.43,3,2,0.0000
9931,4494.16,11668.43,2,3,0.0000
9932,3970.51,12214.64,0,0,0.0000
9933,4549.82,11975.03,0,0,0.0000
9934,4717.80,12393.20,3,3,0.0000
9935,4364.82,12049.68,NaN,NaN,NaN
9936,4444.40,11742.36,NaN,NaN,NaN
9937,4204.79,11922.74,0,0,0.0000
9938,4106.34,11976.40,0,0,0.0000
9939,4117.11,11800.41,0,0,0.0000
9940,4292.52,12025.15,NaN,NaN,NaN
9941,4541.84,12310.86,NaN,NaN,NaN
9942,4677.54,12290.21,0,0,0.0000
9943,4507.96,12367.22,0,0,0.0000
9944,4097.03,12067.05,0,0,0.0000
9945,4562.18,11657.97,2,5,2.5000
9946,4673.91,12141.33,3,3,0.0000
9947,4030.62,11833.52,NaN,NaN,NaN
9948,4462.36,11919.72,0,0,0.0000
9949,4195.05,11999.07,NaN,NaN,NaN
9950,4184.29,12059.72,NaN,NaN,NaN
9951,4242.46,11693.27,0,0,0.0000
9952,4347.73,12354.57,0,0,0.0000
9953,4373.52,11801.81,2,5,2.5000
9954,4412.94,12340.17,0,0,0.0000
9955,4720.39,12165.23,NaN,NaN,NaN
9956,4260.63,12390.44,NaN,NaN,NaN
9957,4601.70,12219.22,NaN,NaN,NaN
9958,4616.86,11961.22,3,4,0.0000
9959,4442.56,12302.35,NaN,NaN,NaN
9960,3979.61,11883.32,3,7,2.3333
9961,4244.78,11889.41,2,6,3.0000
9962,4657.36,11778.00,NaN,NaN,NaN
9963,4002.24,12320.26,0,0,0.0000
9964,4298.69,12334.64,2,0,0.0000
9965,4580.15,12168.54,NaN,NaN,NaN
9966,4281.19,11874.36,0,0,0.0000
9967,4075.07,11888.45,0,0,0.0000
9968,4259.05,12252.93,0,0,0.0000
9969,4480.77,12242.12,4,4,0.0000
9970,4271.36,11948.03,NaN,NaN,NaN
9971,4225.97,12124.25,NaN,NaN,NaN
9972,3970.24,11829.68,0,0,0.0000
9973,4480.51,12303.54,0,0,0.0000
9974,4460.79,12381.75,NaN,NaN,NaN
9975,4242.97,12060.05,0,0,0.0000
9976,4263.55,12349.76,NaN,NaN,NaN
9977,4457.89,12195.43,NaN,NaN,NaN
9978,5156.18,12099.87,2,3,0.0000
9979,5079.70,12242.88,0,0,0.0000
9980,5374.55,12198.06,NaN,NaN,NaN
9981,5256.62,12105.47,NaN,NaN,NaN
9982,5012.53,12068.57,NaN,NaN,NaN
9983,4793.95,12302.79,NaN,NaN,NaN
9984,4946.74,12142.31,NaN,NaN,NaN
9985,4764.54,12221.77,NaN,NaN,NaN
9986,5016.57,11962.66,NaN,NaN,NaN
9987,5256.77,12298.64,0,0,0.0000
9988,4869.08,12173.59,NaN,NaN,NaN
9989,5280.06,12209.60,NaN,NaN,NaN
9990,5347.80,12089.69,0,0,0.0000
9991,5346.60,11933.23,NaN,NaN,NaN
9992,5187.48,11846.90,0,0,0.0000
9993,4784.45,11953.28,2,2,0.0000
9994,5336.15,12389.36,NaN,NaN,NaN
9995,5170.98,12211.09,NaN,NaN,NaN
9996,5467.27,12346.56,NaN,NaN,NaN
9997,4910.37,11882.89,NaN,NaN,NaN
9998,5101.91,12026.03,NaN,NaN,NaN
9999,4806.40,12134.68,NaN,NaN,NaN
10000,5181.37,12295.80,NaN,NaN,NaN
10001,4918.06,11967.00,2,4,2.0000
10002,5084.69,11893.57,NaN,NaN,NaN
10003,4839.51,12379.43,NaN,NaN,NaN
10004,5411.52,12398.43,0,0,0.0000
10005,4905.82,12037.52,NaN,NaN,NaN
10006,5161.27,11967.12,NaN,NaN,NaN
10007,5254.35,11933.67,0,0,0.0000
10008,4848.05,12237.82,3,6,2.0000
10009,5134.10,12368.03,2,9,4.5000
10010,5407.49,12325.93,2,6,3.0000
10011,4998.49,12317.34,2,4,2.0000
10012,5231.71,12370.02,NaN,NaN,NaN
10013,4938.80,11840.84,NaN,NaN,NaN
10014,4866.08,12301.75,NaN,NaN,NaN
10015,4833.26,11886.52,0,0,0.0000
10016,4835.72,12055.81,NaN,NaN,NaN
10017,4925.18,12267.88,0,0,0.0000
10018,5195.64,11915.03,0,0,0.0000
10019,4961.00,11940.73,0,0,0.0000
10020,5120.07,11816.90,NaN,NaN,NaN
10021,5279.73,11981.08,NaN,NaN,NaN
10022,5316.85,12008.49,0,0,0.0000
10023,4883.95,12085.57,0,0,0.0000
10024,4919.72,12223.72,0,0,0.0000
10025,4875.72,12411.14,0,0,0.0000
10026,4996.77,12200.51,0,0,0.0000
10027,6453.31,12148.18,4,3,0.0000
10028,6361.29,11900.99,0,0,0.0000
10029,6536.51,12288.06,0,0,0.0000
10030,6482.10,12250.94,NaN,NaN,NaN
10031,6619.29,12409.52,NaN,NaN,NaN
10032,6535.35,12166.90,NaN,NaN,NaN
10033,6578.76,12377.06,NaN,NaN,NaN
10034,7013.23,12186.32,2,4,2.0000
10035,6516.92,12358.63,NaN,NaN,NaN
10036,6524.46,12413.41,NaN,NaN,NaN
10037,6981.82,12037.07,NaN,NaN,NaN
10038,7023.45,12230.17,NaN,NaN,NaN
10039,6960.02,12139.24,0,0,0.0000
10040,6955.46,12229.74,2,6,3.0000
10041,6942.68,12270.48,NaN,NaN,NaN
10042,6922.05,12077.09,NaN,NaN,NaN
10043,7029.53,12100.17,0,0,0.0000
10044,7309.30,12313.38,2,2,0.0000
10045,7324.39,12194.43,0,0,0.0000
10046,7239.92,12070.54,NaN,NaN,NaN
10047,7378.40,12266.83,0,0,0.0000
10048,7405.47,12362.02,3,3,0.0000
10049,7301.34,12043.82,NaN,NaN,NaN
10050,7274.49,12207.88,0,0,0.0000
10051,7330.18,12116.35,NaN,NaN,NaN
10052,7371.98,12398.16,0,0,0.0000
10053,7050.78,12156.25,0,0,0.0000
10054,7578.33,12346.72,0,0,0.0000
10055,8002.15,12262.30,0,0,0.0000
10056,7977.47,12163.36,0,0,0.0000
10057,7997.48,12333.71,NaN,NaN,NaN
10058,8027.48,12349.25,NaN,NaN,NaN
10059,7964.55,12088.15,NaN,NaN,NaN
10060,9223.48,12230.87,NaN,NaN,NaN
10061,9337.02,12366.78,NaN,NaN,NaN
10062,9141.61,11659.10,0,0,0.0000
10063,9210.02,12395.41,NaN,NaN,NaN
10064,9149.72,12412.24,NaN,NaN,NaN
10065,9247.34,12309.58,NaN,NaN,NaN
10066,9130.51,12305.19,NaN,NaN,NaN
10067,9310.53,11728.36,3,5,0.0000
10068,9239.81,12359.98,NaN,NaN,NaN
10069,9293.22,12237.65,0,0,0.0000
10070,9157.01,12357.97,0,0,0.0000
10071,9114.45,12254.04,NaN,NaN,NaN
10072,9267.68,11719.59,2,2,0.0000
10073,9260.34,12414.06,2,1,0.0000
10074,9497.09,11810.43,0,0,0.0000
10075,9771.06,11890.62,2,3,0.0000
10076,9810.47,11748.49,2,5,2.5000
10077,9717.64,11687.66,2,3,0.0000
10078,9681.90,11788.34,3,7,2.3333
10079,9598.24,11840.05,NaN,NaN,NaN
10080,10087.54,11816.21,2,1,0.0000
10081,9463.32,11702.69,NaN,NaN,NaN
10082,9748.07,11840.56,0,0,0.0000
10083,9743.90,11968.60,0,0,0.0000
10084,10031.57,11862.73,2,6,3.0000
10085,9589.16,11748.07,0,0,0.0000
10086,9519.80,11729.30,NaN,NaN,NaN
10087,9835.43,11703.32,3,6,2.0000
10088,9837.67,11861.75,NaN,NaN,NaN
10089,9491.98,12307.21,0,0,0.0000
10090,9621.79,11677.69,0,0,0.0000
10091,9560.63,11877.72,0,0,0.0000
10092,10054.22,11688.78,NaN,NaN,NaN
10093,9513.90,11656.06,NaN,NaN,NaN
10094,9930.99,11804.69,2,2,0.0000
10095,9357.40,11733.93,0,0,0.0000
10096,9808.64,11796.60,NaN,NaN,NaN
10097,9576.68,11675.61,0,0,0.0000
10098,9420.83,11746.12,NaN,NaN,NaN
10099,9623.88,11888.67,NaN,NaN,NaN
10100,9469.61,12350.97,NaN,NaN,NaN
10101,9873.56,11911.88,NaN,NaN,NaN
10102,10027.97,11805.74,0,0,0.0000
10103,9636.14,11728.38,0,0,0.0000
10104,9854.00,11963.71,0,0,0.0000
10105,9903.17,11843.21,NaN,NaN,NaN
10106,10074.92,11756.96,0,0,0.0000
10107,9884.90,11666.24,0,0,0.0000
10108,9378.11,11704.67,3,4,0.0000
10109,9939.22,11872.07,2,4,2.0000
10110,9560.40,11796.92,NaN,NaN,NaN
10111,9994.28,11809.06,2,8,4.0000
10112,9730.08,11805.64,NaN,NaN,NaN
10113,9399.97,11693.77,NaN,NaN,NaN
10114,9497.25,11908.52,0,0,0.0000
10115,10084.76,11720.85,0,0,0.0000
10116,10135.13,11870.55,4,4,0.0000
10117,10115.72,11783.16,NaN,NaN,NaN
10118,12268.00,12370.94,NaN,NaN,NaN
10119,12075.52,12347.32,NaN,NaN,NaN
10120,12268.47,12232.99,0,0,0.0000
10121,12395.05,12195.57,2,4,2.0000
10122,12362.57,12292.64,NaN,NaN,NaN
10123,11994.71,12408.33,0,0,0.0000
10124,12221.66,12315.39,NaN,NaN,NaN
10125,12376.15,12255.45,0,0,0.0000
10126,12106.10,12396.96,NaN,NaN,NaN
10127,12652.77,12360.66,2,5,2.5000
10128,12853.55,12291.02,0,0,0.0000
10129,12862.35,12124.28,0,0,0.0000
10130,12605.76,12076.57,NaN,NaN,NaN
10131,12988.46,12329.17,NaN,NaN,NaN
10132,13131.30,12375.54,2,4,2.0000
10133,12922.80,12363.34,2,4,2.0000
10134,12417.66,12359.06,0,0,0.0000
10135,12971.03,12076.59,NaN,NaN,NaN
10136,13046.85,12385.53,NaN,NaN,NaN
10137,13182.73,12258.75,NaN,NaN,NaN
10138,12640.84,12188.95,0,0,0.0000
10139,13096.65,12278.08,NaN,NaN,NaN
10140,12971.05,12238.52,NaN,NaN,NaN
10141,12835.94,12383.33,2,4,2.0000
10142,12558.66,12185.63,NaN,NaN,NaN
10143,12565.04,12376.90,NaN,NaN,NaN
10144,12746.95,12214.50,0,0,0.0000
10145,12862.39,12222.89,2,5,2.5000
10146,12562.48,12272.54,NaN,NaN,NaN
10147,12477.82,12206.94,0,0,0.0000
10148,12523.76,12303.59,NaN,NaN,NaN
10149,13116.43,12203.93,NaN,NaN,NaN
10150,12833.00,12187.36,NaN,NaN,NaN
10151,12601.30,12247.74,NaN,NaN,NaN
10152,12826.56,11998.25,0,0,0.0000
10153,12992.98,12194.92,3,6,2.0000
10154,12967.20,12172.15,0,0,0.0000
10155,13036.85,12174.40,2,0,0.0000
10156,13171.42,12185.82,0,0,0.0000
10157,12780.12,12332.06,0,0,0.0000
10158,12982.83,12134.80,0,0,0.0000
10159,12530.51,12413.06,NaN,NaN,NaN
10160,12773.71,12264.98,3,3,0.0000
10161,13053.20,12216.25,NaN,NaN,NaN
10162,13103.29,12234.33,NaN,NaN,NaN
10163,12652.89,12078.43,NaN,NaN,NaN
10164,12848.44,12041.30,0,0,0.0000
10165,12658.51,12262.08,0,0,0.0000
10166,13075.49,12089.92,2,4,2.0000
10167,12481.00,12287.80,NaN,NaN,NaN
10168,12729.13,12161.99,NaN,NaN,NaN
10169,12509.78,12364.15,NaN,NaN,NaN
10170,13201.21,12363.29,0,0,0.0000
10171,13255.07,12401.04,NaN,NaN,NaN
10172,13355.08,12402.13,0,0,0.0000
10173,13238.37,12255.94,0,0,0.0000
10174,14672.99,12103.59,0,0,0.0000
10175,14248.03,11818.58,0,0,0.0000
10176,14643.18,12059.86,NaN,NaN,NaN
10177,14206.34,11702.62,3,4,0.0000
10178,14679.75,12167.17,NaN,NaN,NaN
10179,14702.99,12053.06,NaN,NaN,NaN
10180,14222.03,11743.09,NaN,NaN,NaN
10181,14189.83,11751.13,0,0,0.0000
10182,15468.78,12330.65,NaN,NaN,NaN
10183,15482.35,12030.67,NaN,NaN,NaN
10184,15365.17,12300.66,0,0,0.0000
10185,15348.63,11804.74,NaN,NaN,NaN
10186,15454.71,11669.23,2,2,0.0000
10187,15424.91,11727.13,0,0,0.0000
10188,15421.20,11893.50,NaN,NaN,NaN
10189,15355.59,11746.51,0,0,0.0000
10190,15384.81,11935.85,NaN,NaN,NaN
10191,15366.92,12055.45,0,0,0.0000
10192,15387.20,12228.41,0,0,0.0000
10193,15357.85,11675.53,NaN,NaN,NaN
10194,15477.84,12401.24,NaN,NaN,NaN
10195,15444.57,12255.55,0,0,0.0000
10196,15320.11,12018.31,0,0,0.0000
10197,15422.55,12106.53,0,0,0.0000
10198,15342.65,11971.11,0,0,0.0000
10199,15263.63,12081.11,0,0,0.0000
10200,15387.80,12370.70,0,0,0.0000
10201,15444.58,11988.51,3,4,0.0000
10202,15469.90,11790.87,2,1,0.0000
10203,15294.20,11696.52,0,0,0.0000
10204,15299.26,11858.39,0,0,0.0000
10205,15330.24,12135.04,0,0,0.0000
10206,15259.51,11812.05,0,0,0.0000
10207,15379.56,11859.46,NaN,NaN,NaN
10208,15240.00,11665.77,0,0,0.0000
10209,15487.38,11852.34,NaN,NaN,NaN
10210,15412.42,12077.40,0,0,0.0000
10211,16082.45,11785.22,2,4,2.0000
10212,15993.28,12405.66,0,0,0.0000
10213,15773.30,12375.06,2,5,2.5000
10214,15956.18,12116.40,2,5,2.5000
10215,16001.08,11848.40,NaN,NaN,NaN
10216,16181.51,12073.50,2,7,3.5000
10217,15552.51,12248.03,NaN,NaN,NaN
10218,16235.30,11933.38,0,0,0.0000
10219,15915.74,11901.15,0,0,0.0000
10220,16216.75,12222.30,NaN,NaN,NaN
10221,15496.96,12157.46,3,6,2.0000
10222,15827.46,12113.37,NaN,NaN,NaN
10223,16318.92,12383.61,2,3,0.0000
10224,15702.36,12235.79,2,3,0.0000
10225,16095.19,12235.72,0,0,0.0000
10226,15591.40,11964.57,NaN,NaN,NaN
10227,15987.96,11990.75,0,0,0.0000
10228,15666.49,11940.20,NaN,NaN,NaN
10229,16038.27,12291.82,NaN,NaN,NaN
10230,15601.14,12131.72,0,0,0.0000
10231,15602.71,12382.90,NaN,NaN,NaN
10232,15704.79,12127.19,0,0,0.0000
10233,15512.80,11921.93,2,6,3.0000
10234,16257.14,12317.63,NaN,NaN,NaN
10235,15574.76,12325.23,0,0,0.0000
10236,15782.57,12185.92,NaN,NaN,NaN
10237,16061.08,12057.32,NaN,NaN,NaN
10238,16109.26,12160.57,NaN,NaN,NaN
10239,16169.81,12339.86,NaN,NaN,NaN
10240,15665.70,11828.40,NaN,NaN,NaN
10241,15810.73,11982.51,0,0,0.0000
10242,15876.76,12025.32,0,0,0.0000
10243,16039.62,12108.86,NaN,NaN,NaN
10244,15884.16,11726.21,NaN,NaN,NaN
10245,15854.82,12194.01,NaN,NaN,NaN
10246,16070.35,12349.58,NaN,NaN,NaN
10247,15550.01,11719.64,2,1,0.0000
10248,15657.82,12340.00,NaN,NaN,NaN
10249,16163.05,11897.40,0,0,0.0000
10250,15764.26,12051.73,NaN,NaN,NaN
10251,15880.83,12276.22,NaN,NaN,NaN
10252,15980.16,12231.48,NaN,NaN,NaN
10253,15944.20,11675.10,NaN,NaN,NaN
10254,16288.46,11873.18,0,0,0.0000
10255,16234.95,12414.70,0,0,0.0000
10256,16322.85,11927.59,0,0,0.0000
10257,16235.20,12130.74,0,0,0.0000
10258,15719.72,12015.51,0,0,0.0000
10259,15585.77,11834.10,NaN,NaN,NaN
10260,15869.73,11770.28,NaN,NaN,NaN
10261,16138.39,12394.07,3,6,2.0000
10262,16021.88,11711.58,NaN,NaN,NaN
10263,15664.86,12010.46,NaN,NaN,NaN
10264,15889.33,12353.31,NaN,NaN,NaN
10265,16077.07,11912.37,0,0,0.0000
10266,15785.09,11888.35,NaN,NaN,NaN
10267,15976.12,12295.00,NaN,NaN,NaN
10268,15705.11,12298.71,NaN,NaN,NaN
10269,15644.94,11749.55,NaN,NaN,NaN
10270,15728.21,11864.24,0,0,0.0000
10271,16163.82,11988.74,NaN,NaN,NaN
10272,15911.92,11980.77,0,0,0.0000
10273,16269.62,12071.05,NaN,NaN,NaN
10274,16339.78,12064.33,NaN,NaN,NaN
10275,16290.42,11978.88,NaN,NaN,NaN
10276,16295.17,12108.07,NaN,NaN,NaN
10277,15785.03,11758.72,0,0,0.0000
10278,15882.19,11663.39,0,0,0.0000
10279,16202.41,12299.72,NaN,NaN,NaN
10280,15921.62,11788.11,2,3,0.0000
10281,15613.09,11874.57,NaN,NaN,NaN
10282,15670.01,11884.78,2,0,0.0000
10283,15719.88,11781.36,0,0,0.0000
10284,15751.34,11808.38,NaN,NaN,NaN
10285,15705.81,11719.02,0,0,0.0000
10286,16120.51,11937.54,NaN,NaN,NaN
10287,15490.86,12221.94,0,0,0.0000
10288,15769.02,11838.56,NaN,NaN,NaN
10289,15748.40,11990.99,0,0,0.0000
10290,15891.29,12413.28,0,0,0.0000
10291,15762.74,11711.95,NaN,NaN,NaN
10292,15875.79,11823.39,0,0,0.0000
10293,15649.06,11707.87,NaN,NaN,NaN
10294,15816.51,11730.00,0,0,0.0000
10295,74.19,13007.64,NaN,NaN,NaN
10296,508.21,13161.02,0,0,0.0000
10297,413.61,12789.07,0,0,0.0000
10298,110.41,12821.26,NaN,NaN,NaN
10299,522.67,12944.02,NaN,NaN,NaN
10300,189.13,13094.23,NaN,NaN,NaN
10301,607.18,13162.01,2,4,2.0000
10302,215.63,12971.32,NaN,NaN,NaN
10303,305.45,13183.03,NaN,NaN,NaN
10304,316.71,12988.24,NaN,NaN,NaN
10305,181.12,12794.62,2,2,0.0000
10306,241.88,12763.32,3,2,0.0000
10307,293.70,12716.49,2,5,2.5000
10308,379.25,13088.39,NaN,NaN,NaN
10309,440.58,12968.47,NaN,NaN,NaN
10310,363.98,12861.35,NaN,NaN,NaN
10311,105.04,13094.01,NaN,NaN,NaN
10312,516.17,13103.33,NaN,NaN,NaN
10313,337.37,12656.57,2,1,0.0000
10314,360.81,13140.86,3,3,0.0000
10315,144.39,13152.78,NaN,NaN,NaN
10316,478.64,12888.71,NaN,NaN,NaN
10317,155.04,12999.57,0,0,0.0000
10318,518.53,12789.99,NaN,NaN,NaN
10319,269.71,12896.85,3,6,2.0000
10320,266.37,12946.35,NaN,NaN,NaN
10321,557.09,13028.37,NaN,NaN,NaN
10322,282.82,12835.80,NaN,NaN,NaN
10323,196.60,12883.39,3,5,0.0000
10324,482.67,13027.12,NaN,NaN,NaN
10325,47.97,12906.55,3,5,0.0000
10326,359.32,13020.60,NaN,NaN,NaN
10327,255.17,13071.54,2,3,0.0000
10328,316.85,12778.48,2,1,0.0000
10329,435.69,13041.74,3,2,0.0000
10330,425.21,13167.83,NaN,NaN,NaN
10331,228.66,13141.06,NaN,NaN,NaN
10332,467.76,12630.80,3,3,0.0000
10333,519.29,12672.94,NaN,NaN,NaN
10334,766.44,12466.93,0,0,0.0000
10335,393.23,12944.58,2,2,0.0000
10336,446.12,12696.56,0,0,0.0000
10337,393.68,13043.95,NaN,NaN,NaN
10338,116.88,12883.07,2,5,2.5000
10339,473.47,12735.49,3,3,0.0000
10340,57.71,12862.42,0,0,0.0000
10341,321.33,12893.60,NaN,NaN,NaN
10342,557.36,12816.38,0,0,0.0000
10343,587.90,13090.56,NaN,NaN,NaN
10344,419.30,12863.14,2,3,0.0000
10345,514.76,13048.46,NaN,NaN,NaN
10346,117.59,13028.61,NaN,NaN,NaN
10347,356.62,12936.30,0,0,0.0000
10348,577.42,12747.70,3,5,0.0000
10349,1145.91,12930.14,2,3,0.0000
10350,1155.12,12673.15,NaN,NaN,NaN
10351,1031.56,12696.18,NaN,NaN,NaN
10352,1243.90,12893.22,2,2,0.0000
10353,928.97,12629.54,3,1,0.0000
10354,1147.81,12806.91,NaN,NaN,NaN
10355,1250.23,12654.75,0,0,0.0000
10356,1020.04,12855.95,NaN,NaN,NaN
10357,1236.94,12810.46,2,2,0.0000
10358,1291.72,12836.63,3,3,0.0000
10359,1046.03,12571.67,2,5,2.5000
10360,959.40,12802.53,2,2,0.0000
10361,1219.53,12596.21,2,5,2.5000
10362,1146.47,12570.36,3,4,0.0000
10363,1236.13,12741.30,0,0,0.0000
10364,1093.89,12985.15,NaN,NaN,NaN
10365,1075.15,12821.88,2,4,2.0000
10366,1046.39,12938.60,0,0,0.0000
10367,1105.20,12417.27,NaN,NaN,NaN
10368,1017.63,12776.05,2,2,0.0000
10369,1194.63,12530.44,5,4,0.0000
10370,990.39,12589.71,0,0,0.0000
10371,1081.72,12768.92,0,0,0.0000
10372,1092.38,12692.05,0,0,0.0000
10373,1245.96,12932.02,NaN,NaN,NaN
10374,3197.20,12812.84,2,3,0.0000
10375,2991.87,13063.29,4,7,0.0000
10376,3139.69,12952.97,NaN,NaN,NaN
10377,2912.36,12889.09,NaN,NaN,NaN
10378,2867.33,12439.98,0,0,0.0000
10379,3095.34,12476.04,3,4,0.0000
10380,3002.72,12938.53,0,0,0.0000
10381,3051.76,12754.94,NaN,NaN,NaN
10382,2973.99,13148.91,NaN,NaN,NaN
10383,2914.92,12526.75,NaN,NaN,NaN
10384,2736.76,12481.37,NaN,NaN,NaN
10385,2827.82,12496.42,0,0,0.0000
10386,3113.77,12695.42,2,4,2.0000
10387,2926.17,12772.50,NaN,NaN,NaN
10388,2752.41,12584.82,4,8,2.0000
10389,3152.85,13107.21,0,0,0.0000
10390,3187.11,13040.06,6,14,2.3333
10391,3089.36,12608.17,NaN,NaN,NaN
10392,3023.84,12469.90,NaN,NaN,NaN
10393,2771.16,12423.55,0,0,0.0000
10394,3112.59,13173.68,0,0,0.0000
10395,2956.85,12625.46,NaN,NaN,NaN
10396,2777.41,12641.46,0,0,0.0000
10397,3050.77,12999.74,NaN,NaN,NaN
10398,2886.50,12594.51,2,1,0.0000
10399,2833.87,12709.64,NaN,NaN,NaN
10400,2885.96,12805.57,0,0,0.0000
10401,3100.06,12810.58,3,5,0.0000
10402,3083.39,12891.27,0,0,0.0000
10403,2976.20,12853.19,0,0,0.0000
10404,3081.81,13071.61,NaN,NaN,NaN
10405,2986.04,12775.42,NaN,NaN,NaN
10406,2788.30,12689.61,NaN,NaN,NaN
10407,2889.07,12698.77,0,0,0.0000
10408,3139.44,12524.24,NaN,NaN,NaN
10409,2862.40,12646.27,NaN,NaN,NaN
10410,2944.49,12679.69,0,0,0.0000
10411,2903.27,12995.74,0,0,0.0000
10412,2867.46,12921.42,2,4,2.0000
10413,2830.86,12600.36,NaN,NaN,NaN
10414,2963.85,12719.78,2,2,0.0000
10415,3160.26,12550.88,NaN,NaN,NaN
10416,3048.14,13136.32,NaN,NaN,NaN
10417,2673.37,12489.69,NaN,NaN,NaN
10418,2968.44,12582.03,0,0,0.0000
10419,2709.19,12539.87,NaN,NaN,NaN
10420,3161.99,12447.33,2,3,0.0000
10421,3007.93,12676.99,NaN,NaN,NaN
10422,3153.81,12730.44,0,0,0.0000
10423,3041.66,12845.23,0,0,0.0000
10424,3063.70,12646.16,2,4,2.0000
10425,2804.62,12549.24,NaN,NaN,NaN
10426,3043.45,12678.17,NaN,NaN,NaN
10427,3063.92,12420.15,3,3,0.0000
10428,2957.82,12462.76,NaN,NaN,NaN
10429,3012.84,12603.31,0,0,0.0000
10430,2971.82,12910.81,0,0,0.0000
10431,2983.12,12446.19,0,0,0.0000
10432,3322.37,12954.88,0,0,0.0000
10433,3517.12,12949.93,0,0,0.0000
10434,3830.42,12859.52,NaN,NaN,NaN
10435,3433.19,12429.08,3,3,0.0000
10436,3518.98,13156.06,2,3,0.0000
10437,3917.02,12909.53,2,4,2.0000
10438,3225.48,12599.36,NaN,NaN,NaN
10439,3967.11,13115.84,NaN,NaN,NaN
10440,3700.92,12498.39,NaN,NaN,NaN
10441,3471.64,12656.90,2,5,2.5000
10442,3404.54,12605.05,0,0,0.0000
10443,3760.31,13118.81,NaN,NaN,NaN
10444,3573.50,12684.73,NaN,NaN,NaN
10445,3343.51,12535.17,NaN,NaN,NaN
10446,3517.11,12484.64,2,2,0.0000
10447,3555.47,12847.22,NaN,NaN,NaN
10448,3709.31,12637.89,NaN,NaN,NaN
10449,3781.74,12603.21,NaN,NaN,NaN
10450,3907.47,12540.92,2,3,0.0000
10451,3584.70,12599.50,2,4,2.0000
10452,3573.78,13052.24,2,3,0.0000
10453,3686.93,12780.89,0,0,0.0000
10454,3715.01,13054.17,0,0,0.0000
10455,3635.97,13068.87,0,0,0.0000
10456,3236.57,12482.13,NaN,NaN,NaN
10457,3283.90,13180.86,0,0,0.0000
10458,3681.85,12422.84,2,1,0.0000
10459,3381.02,12838.55,0,0,0.0000
10460,3249.63,12700.02,NaN,NaN,NaN
10461,3816.65,12555.85,NaN,NaN,NaN
10462,3361.14,12628.02,NaN,NaN,NaN
10463,3890.46,13142.24,3,4,0.0000
10464,3626.38,12782.10,2,2,0.0000
10465,3765.36,12925.14,NaN,NaN,NaN
10466,3422.76,13073.66,NaN,NaN,NaN
10467,3325.98,12663.79,NaN,NaN,NaN
10468,3782.30,12450.45,0,0,0.0000
10469,3525.18,12748.64,2,4,2.0000
10470,3648.08,12898.34,NaN,NaN,NaN
10471,3260.56,13046.18,NaN,NaN,NaN
10472,3632.84,13173.92,0,0,0.0000
10473,3292.61,13103.47,2,3,0.0000
10474,3819.03,12748.37,0,0,0.0000
10475,3439.17,12779.25,NaN,NaN,NaN
10476,3626.04,12486.53,0,0,0.0000
10477,3788.77,12686.21,0,0,0.0000
10478,3731.04,12988.42,NaN,NaN,NaN
10479,3904.11,12738.82,0,0,0.0000
10480,3421.35,12894.18,NaN,NaN,NaN
10481,3352.22,13135.65,NaN,NaN,NaN
10482,3465.10,12737.55,NaN,NaN,NaN
10483,3458.41,12837.54,NaN,NaN,NaN
10484,3910.59,12419.38,0,0,0.0000
10485,3732.30,12834.42,2,8,4.0000
10486,3932.79,12485.70,NaN,NaN,NaN
10487,3692.71,12925.00,0,0,0.0000
10488,3941.40,12695.66,NaN,NaN,NaN
10489,3206.04,13141.81,0,0,0.0000
10490,3464.66,13113.29,NaN,NaN,NaN
10491,3882.54,13011.35,NaN,NaN,NaN
10492,3868.01,12609.64,NaN,NaN,NaN
10493,3813.04,13111.05,0,0,0.0000
10494,3355.92,13076.47,0,0,0.0000
10495,3212.86,12671.97,0,0,0.0000
10496,3507.89,12546.76,0,0,0.0000
10497,3670.55,12704.08,NaN,NaN,NaN
10498,3441.86,12545.07,0,0,0.0000
10499,3678.65,13122.83,0,0,0.0000
10500,3370.92,12715.52,NaN,NaN,NaN
10501,3846.02,13059.89,NaN,NaN,NaN
10502,3592.65,12455.87,NaN,NaN,NaN
10503,3649.11,12605.51,0,0,0.0000
10504,3939.44,13038.36,NaN,NaN,NaN
10505,3857.08,12980.35,2,4,2.0000
10506,3551.87,12424.07,NaN,NaN,NaN
10507,3905.46,12625.26,2,3,0.0000
10508,3873.75,12696.98,0,0,0.0000
10509,3288.50,12614.88,NaN,NaN,NaN
10510,3358.88,12754.00,NaN,NaN,NaN
10511,3298.71,12732.22,0,0,0.0000
10512,3302.22,12826.93,0,0,0.0000
10513,3681.38,12975.42,0,0,0.0000
10514,3792.56,13009.82,2,3,0.0000
10515,3281.36,12796.94,NaN,NaN,NaN
10516,3312.16,12763.74,0,0,0.0000
10517,3634.48,12960.97,NaN,NaN,NaN
10518,4206.64,12805.43,3,7,2.3333
10519,4273.38,12679.71,NaN,NaN,NaN
10520,4030.29,12737.60,NaN,NaN,NaN
10521,4196.17,12580.02,NaN,NaN,NaN
10522,4336.66,12952.09,4,3,0.0000
10523,4490.10,12565.00,0,0,0.0000
10524,4201.85,13029.94,NaN,NaN,NaN
10525,3972.83,12627.96,2,3,0.0000
10526,4407.37,12688.26,2,4,2.0000
10527,4089.20,12489.21,NaN,NaN,NaN
10528,4579.04,12427.33,4,7,0.0000
10529,4410.35,12514.67,0,0,0.0000
10530,4405.23,12855.88,5,7,0.0000
10531,4350.32,12749.85,2,6,3.0000
10532,3990.58,12538.08,0,0,0.0000
10533,4242.62,13096.83,4,7,0.0000
10534,4239.35,12457.31,3,5,0.0000
10535,4118.45,12625.64,NaN,NaN,NaN
10536,4027.82,12482.71,NaN,NaN,NaN
10537,4045.56,12624.49,NaN,NaN,NaN
10538,4044.75,12840.27,NaN,NaN,NaN
10539,4482.11,12680.97,NaN,NaN,NaN
10540,4128.64,12425.66,2,3,0.0000
10541,4148.03,12907.05,NaN,NaN,NaN
10542,4232.92,12934.94,NaN,NaN,NaN
10543,4323.46,12548.15,4,5,0.0000
10544,3972.39,12836.93,NaN,NaN,NaN
10545,3974.04,12980.18,2,4,2.0000
10546,4316.69,12477.60,NaN,NaN,NaN
10547,4024.23,12912.21,5,8,0.0000
10548,4422.45,12786.06,NaN,NaN,NaN
10549,4139.43,12995.55,3,3,0.0000
10550,4251.22,13176.83,NaN,NaN,NaN
10551,4342.27,13093.19,NaN,NaN,NaN
10552,4162.50,12690.35,2,5,2.5000
10553,4101.35,12785.63,NaN,NaN,NaN
10554,4588.08,13053.34,NaN,NaN,NaN
10555,4367.33,12422.19,0,0,0.0000
10556,4589.81,12815.29,NaN,NaN,NaN
10557,4336.85,12854.12,NaN,NaN,NaN
10558,4330.87,12429.65,2,2,0.0000
10559,4121.06,12850.26,NaN,NaN,NaN
10560,4185.81,13116.34,NaN,NaN,NaN
10561,3969.12,12456.76,0,0,0.0000
10562,4278.15,12906.44,NaN,NaN,NaN
10563,4561.81,12941.61,0,0,0.0000
10564,4286.21,12869.85,0,0,0.0000
10565,4033.37,13079.93,0,0,0.0000
10566,4079.19,12569.89,0,0,0.0000
10567,4591.75,13129.55,NaN,NaN,NaN
10568,4676.11,12445.08,NaN,NaN,NaN
10569,4329.47,12637.29,NaN,NaN,NaN
10570,5080.52,13091.79,NaN,NaN,NaN
10571,5493.65,12672.07,NaN,NaN,NaN
10572,4937.85,13035.11,NaN,NaN,NaN
10573,5340.86,13178.21,NaN,NaN,NaN
10574,5366.07,12698.92,2,1,0.0000
10575,4945.13,12444.36,3,3,0.0000
10576,5372.86,12803.74,NaN,NaN,NaN
10577,5352.71,12578.31,0,0,0.0000
10578,5447.25,12505.41,NaN,NaN,NaN
10579,5386.05,12914.31,NaN,NaN,NaN
10580,4854.27,13057.96,NaN,NaN,NaN
10581,5258.44,12600.85,2,5,2.5000
10582,5489.31,13044.44,NaN,NaN,NaN
10583,5288.20,12897.98,NaN,NaN,NaN
10584,5311.44,12445.58,2,2,0.0000
10585,4957.96,13159.68,0,0,0.0000
10586,5229.14,12462.31,2,2,0.0000
10587,5294.77,12981.61,NaN,NaN,NaN
10588,5313.10,13059.63,0,0,0.0000
10589,5285.03,12786.24,NaN,NaN,NaN
10590,5067.88,12959.34,0,0,0.0000
10591,5184.67,12836.74,NaN,NaN,NaN
10592,5222.77,13087.41,NaN,NaN,NaN
10593,5063.85,12857.84,NaN,NaN,NaN
10594,5380.09,13000.02,NaN,NaN,NaN
10595,5287.46,12676.13,NaN,NaN,NaN
10596,5439.46,12864.51,NaN,NaN,NaN
10597,4850.96,13129.51,0,0,0.0000
10598,5181.37,12745.66,NaN,NaN,NaN
10599,4891.82,12508.20,NaN,NaN,NaN
10600,5124.16,12802.88,3,9,3.0000
10601,5163.06,12907.12,NaN,NaN,NaN
10602,5139.77,13183.47,2,5,2.5000
10603,5468.29,12967.98,NaN,NaN,NaN
10604,5185.38,12998.02,0,0,0.0000
10605,5392.33,12485.93,NaN,NaN,NaN
10606,4940.49,12928.40,2,1,0.0000
10607,4902.87,13154.91,NaN,NaN,NaN
10608,5008.97,12987.11,0,0,0.0000
10609,5259.15,13169.27,0,0,0.0000
10610,5234.88,12785.20,NaN,NaN,NaN
10611,4798.72,12998.47,NaN,NaN,NaN
10612,5104.18,12926.70,0,0,0.0000
10613,5235.62,12713.51,NaN,NaN,NaN
10614,5005.72,12872.88,0,0,0.0000
10615,5148.59,12420.94,0,0,0.0000
10616,4822.22,13183.63,NaN,NaN,NaN
10617,5241.61,12936.40,0,0,0.0000
10618,5125.23,12870.38,2,2,0.0000
10619,5408.65,12601.34,NaN,NaN,NaN
10620,5492.17,13138.14,0,0,0.0000
10621,5224.43,13163.28,NaN,NaN,NaN
10622,5189.69,12643.54,NaN,NaN,NaN
10623,5452.31,12428.14,2,3,0.0000
10624,5132.46,12958.99,NaN,NaN,NaN
10625,4967.46,12511.74,0,0,0.0000
10626,5589.69,13077.77,2,1,0.0000
10627,5850.02,12998.96,NaN,NaN,NaN
10628,5540.96,12580.91,NaN,NaN,NaN
10629,5935.79,13169.13,2,1,0.0000
10630,5560.78,12941.99,NaN,NaN,NaN
10631,5936.35,13067.74,0,0,0.0000
10632,5513.99,12834.79,0,0,0.0000
10633,5779.65,12812.39,2,5,2.5000
10634,5729.59,13076.23,NaN,NaN,NaN
10635,5639.12,12764.14,NaN,NaN,NaN
10636,5783.56,12924.73,3,6,2.0000
10637,5768.67,13134.51,0,0,0.0000
10638,5895.59,12862.93,0,0,0.0000
10639,5598.83,12820.61,NaN,NaN,NaN
10640,5678.19,12960.03,NaN,NaN,NaN
10641,5941.83,12944.11,NaN,NaN,NaN
10642,5637.14,12898.19,0,0,0.0000
10643,5697.23,12858.30,2,2,0.0000
10644,5589.00,12531.95,NaN,NaN,NaN
10645,5674.90,13150.49,0,0,0.0000
10646,6001.13,13014.43,NaN,NaN,NaN
10647,5927.84,12995.74,2,5,2.5000
10648,5649.01,12583.00,0,0,0.0000
10649,5720.95,13006.46,2,4,2.0000
10650,5704.77,12696.06,NaN,NaN,NaN
10651,5808.56,12691.65,0,0,0.0000
10652,6010.84,13108.22,NaN,NaN,NaN
10653,5692.77,12746.52,NaN,NaN,NaN
10654,5632.50,12643.54,0,0,0.0000
10655,5733.32,12910.60,NaN,NaN,NaN
10656,5706.42,12643.76,NaN,NaN,NaN
10657,5838.87,12801.54,0,0,0.0000
10658,5746.99,12731.75,NaN,NaN,NaN
10659,6319.08,13101.27,NaN,NaN,NaN
10660,6399.63,13171.31,NaN,NaN,NaN
10661,6625.20,12496.90,2,4,2.0000
10662,6365.13,13093.79,NaN,NaN,NaN
10663,6564.22,12458.82,0,0,0.0000
10664,7463.65,12768.32,3,8,2.6667
10665,7682.28,12668.11,NaN,NaN,NaN
10666,7290.76,12609.49,0,0,0.0000
10667,7365.28,12675.13,NaN,NaN,NaN
10668,7470.75,12903.13,NaN,NaN,NaN
10669,7425.24,12978.83,NaN,NaN,NaN
10670,7679.66,12850.69,NaN,NaN,NaN
10671,7721.70,13025.52,0,0,0.0000
10672,7600.06,12528.56,3,6,2.0000
10673,7625.76,13107.20,3,5,0.0000
10674,7586.44,12810.89,0,0,0.0000
10675,7661.17,12768.48,0,0,0.0000
10676,7577.60,12902.31,0,0,0.0000
10677,7528.63,12656.04,NaN,NaN,NaN
10678,7398.72,12479.87,NaN,NaN,NaN
10679,7566.34,13171.77,NaN,NaN,NaN
10680,7401.63,12882.13,2,2,0.0000
10681,7342.25,12524.48,NaN,NaN,NaN
10682,7431.83,12674.54,3,5,0.0000
10683,7691.24,12936.05,NaN,NaN,NaN
10684,7468.42,12537.23,NaN,NaN,NaN
10685,7450.90,12592.25,0,0,0.0000
10686,7289.46,12513.13,NaN,NaN,NaN
10687,7668.76,13021.83,NaN,NaN,NaN
10688,7586.98,12736.42,2,4,2.0000
10689,7639.73,12708.80,NaN,NaN,NaN
10690,7351.93,12595.16,4,4,0.0000
10691,7518.83,12808.53,0,0,0.0000
10692,7733.74,13152.13,NaN,NaN,NaN
10693,7623.61,12951.86,NaN,NaN,NaN
10694,7603.08,12607.86,NaN,NaN,NaN
10695,7376.06,12755.58,0,0,0.0000
10696,7528.98,12732.80,NaN,NaN,NaN
10697,7640.36,12590.59,NaN,NaN,NaN
10698,7671.31,13098.25,NaN,NaN,NaN
10699,7650.33,12926.01,0,0,0.0000
10700,8195.66,13111.50,0,0,0.0000
10701,8016.74,12620.25,6,3,0.0000
10702,8205.89,13036.21,2,3,0.0000
10703,8169.65,13050.69,2,2,0.0000
10704,9231.33,12451.56,NaN,NaN,NaN
10705,9275.44,12581.09,2,5,2.5000
10706,9335.98,12544.96,2,4,2.0000
10707,9311.05,12449.97,NaN,NaN,NaN
10708,9326.17,12596.56,0,0,0.0000
10709,9283.48,12495.81,NaN,NaN,NaN
10710,9198.87,12490.08,NaN,NaN,NaN
10711,9456.81,12532.84,NaN,NaN,NaN
10712,9397.37,12470.30,2,2,0.0000
10713,9404.58,12589.48,NaN,NaN,NaN
10714,9470.97,12468.74,2,3,0.0000
10715,9383.67,12538.10,0,0,0.0000
10716,10782.58,12747.23,NaN,NaN,NaN
10717,10750.88,12572.15,2,2,0.0000
10718,10834.70,12631.18,0,0,0.0000
10719,10631.63,12628.65,NaN,NaN,NaN
10720,10718.18,12683.65,NaN,NaN,NaN
10721,10685.12,12815.43,0,0,0.0000
10722,10781.41,12861.76,0,0,0.0000
10723,10583.48,12841.96,NaN,NaN,NaN
10724,10616.89,12503.88,NaN,NaN,NaN
10725,10612.69,12950.75,4,4,0.0000
10726,10729.43,12929.80,NaN,NaN,NaN
10727,10564.21,12568.76,NaN,NaN,NaN
10728,10525.32,12640.19,NaN,NaN,NaN
10729,10682.15,12973.79,0,0,0.0000
10730,10674.39,12508.99,0,0,0.0000
10731,10685.29,12746.46,0,0,0.0000
10732,10558.27,12908.72,3,3,0.0000
10733,10637.38,12886.19,2,5,2.5000
10734,10704.99,12880.79,NaN,NaN,NaN
10735,10667.02,12938.06,NaN,NaN,NaN
10736,10552.97,12947.77,NaN,NaN,NaN
10737,10807.48,12501.85,0,0,0.0000
10738,10822.99,12544.91,0,0,0.0000
10739,10717.96,12503.09,NaN,NaN,NaN
10740,10589.78,12460.34,0,0,0.0000
10741,11637.03,13111.49,0,0,0.0000
10742,11601.57,12997.16,0,0,0.0000
10743,11577.15,13081.59,0,0,0.0000
10744,11598.21,12911.93,NaN,NaN,NaN
10745,11167.59,12780.56,0,0,0.0000
10746,11538.47,12932.97,0,0,0.0000
10747,11531.14,13169.95,2,3,0.0000
10748,11358.86,12644.21,0,0,0.0000
10749,11377.15,12606.43,0,0,0.0000
10750,11856.64,13046.92,2,3,0.0000
10751,11993.66,12844.33,NaN,NaN,NaN
10752,11887.86,12784.95,4,6,0.0000
10753,12369.65,12480.02,0,0,0.0000
10754,11717.22,12879.96,NaN,NaN,NaN
10755,11811.11,12931.20,NaN,NaN,NaN
10756,12216.86,12827.11,0,0,0.0000
10757,11941.74,12529.39,NaN,NaN,NaN
10758,12240.46,13053.01,4,6,0.0000
10759,12103.83,12800.59,3,2,0.0000
10760,11915.39,13150.44,NaN,NaN,NaN
10761,12150.83,12677.55,NaN,NaN,NaN
10762,12311.63,12645.31,NaN,NaN,NaN
10763,12391.71,12597.22,NaN,NaN,NaN
10764,12117.15,12920.54,0,0,0.0000
10765,11991.32,13160.47,NaN,NaN,NaN
10766,12013.74,12639.50,NaN,NaN,NaN
10767,12069.92,12585.59,NaN,NaN,NaN
10768,12186.06,12561.74,NaN,NaN,NaN
10769,11727.35,13129.02,2,4,2.0000
10770,11833.52,12695.79,NaN,NaN,NaN
10771,11688.15,12981.79,NaN,NaN,NaN
10772,12232.99,12482.94,0,0,0.0000
10773,11777.49,12804.92,0,0,0.0000
10774,11694.91,12797.09,2,5,2.5000
10775,12182.11,13111.49,NaN,NaN,NaN
10776,12237.67,12958.96,0,0,0.0000
10777,12204.79,12747.74,0,0,0.0000
10778,11943.41,12688.60,NaN,NaN,NaN
10779,12370.48,12931.62,0,0,0.0000
10780,12076.06,13099.47,2,2,0.0000
10781,12335.37,12828.82,NaN,NaN,NaN
10782,12072.17,12460.86,0,0,0.0000
10783,12022.47,12525.65,NaN,NaN,NaN
10784,11739.40,12727.20,0,0,0.0000
10785,12126.03,12526.21,NaN,NaN,NaN
10786,11868.02,12597.68,NaN,NaN,NaN
10787,12383.52,12857.88,0,0,0.0000
10788,12157.65,12997.43,0,0,0.0000
10789,12265.22,12700.19,0,0,0.0000
10790,12168.38,12442.02,0,0,0.0000
10791,11652.97,13179.39,NaN,NaN,NaN
10792,12110.91,13155.59,NaN,NaN,NaN
10793,12005.16,12459.79,0,0,0.0000
10794,12373.96,12752.10,0,0,0.0000
10795,11932.61,12610.46,4,7,0.0000
10796,12295.81,12936.32,NaN,NaN,NaN
10797,12091.38,12998.02,NaN,NaN,NaN
10798,12098.83,12644.73,0,0,0.0000
10799,11792.02,12688.52,0,0,0.0000
10800,11902.90,12645.32,NaN,NaN,NaN
10801,12313.04,12766.93,0,0,0.0000
10802,12062.22,12878.56,NaN,NaN,NaN
10803,11738.18,13021.74,NaN,NaN,NaN
10804,11812.04,13175.23,0,0,0.0000
10805,11810.52,12564.19,NaN,NaN,NaN
10806,12073.46,13149.29,NaN,NaN,NaN
10807,12365.58,12991.22,NaN,NaN,NaN
10808,11998.04,13035.49,0,0,0.0000
10809,11949.40,13082.58,0,0,0.0000
10810,12126.09,12603.74,0,0,0.0000
10811,12717.65,12610.29,NaN,NaN,NaN
10812,12733.19,12428.95,0,0,0.0000
10813,13042.97,12515.28,0,0,0.0000
10814,13064.37,12606.35,NaN,NaN,NaN
10815,12845.14,12590.24,NaN,NaN,NaN
10816,13061.00,13133.84,0,0,0.0000
10817,12659.39,12484.32,NaN,NaN,NaN
10818,12637.38,12807.09,0,0,0.0000
10819,12853.14,12482.11,NaN,NaN,NaN
10820,12441.80,12801.29,0,0,0.0000
10821,12521.63,12790.52,0,0,0.0000
10822,12830.19,12809.60,NaN,NaN,NaN
10823,12633.18,12547.51,0,0,0.0000
10824,12425.58,12692.91,NaN,NaN,NaN
10825,12835.80,12856.93,0,0,0.0000
10826,12470.29,12546.62,NaN,NaN,NaN
10827,12578.51,12825.87,NaN,NaN,NaN
10828,12912.74,13131.01,0,0,0.0000
10829,12617.83,12717.91,2,5,2.5000
10830,12942.24,12601.95,NaN,NaN,NaN
10831,12958.74,12645.51,NaN,NaN,NaN
10832,12511.81,12482.05,NaN,NaN,NaN
10833,12493.47,12875.96,NaN,NaN,NaN
10834,12536.08,12715.91,NaN,NaN,NaN
10835,12779.29,12508.44,NaN,NaN,NaN
10836,12992.88,12425.27,NaN,NaN,NaN
10837,13022.93,12702.62,0,0,0.0000
10838,13073.87,12747.64,0,0,0.0000
10839,13123.49,12466.05,NaN,NaN,NaN
10840,13175.36,13025.97,0,0,0.0000
10841,12918.27,12450.61,0,0,0.0000
10842,12841.62,12742.63,NaN,NaN,NaN
10843,12817.93,12657.52,0,0,0.0000
10844,12511.48,12609.32,NaN,NaN,NaN
10845,12766.66,12773.54,3,7,2.3333
10846,12569.97,12587.55,0,0,0.0000
10847,13144.25,12710.94,0,0,0.0000
10848,12548.74,12662.15,2,4,2.0000
10849,12467.11,12419.46,2,4,2.0000
10850,12939.62,12525.25,0,0,0.0000
10851,12816.91,13069.42,NaN,NaN,NaN
10852,13036.63,12765.25,NaN,NaN,NaN
10853,13158.86,12427.24,3,3,0.0000
10854,13009.13,12776.50,NaN,NaN,NaN
10855,12739.37,12719.27,NaN,NaN,NaN
10856,12808.75,12442.15,NaN,NaN,NaN
10857,13576.44,13068.96,NaN,NaN,NaN
10858,13420.20,13082.45,0,0,0.0000
10859,13451.72,13004.15,0,0,0.0000
10860,13206.51,12464.93,NaN,NaN,NaN
10861,13310.29,12451.50,NaN,NaN,NaN
10862,13390.37,12885.02,3,4,0.0000
10863,13513.33,12898.69,NaN,NaN,NaN
10864,13393.90,13143.71,0,0,0.0000
10865,13510.76,13177.94,0,0,0.0000
10866,13510.64,12958.06,NaN,NaN,NaN
10867,13652.23,12998.39,0,0,0.0000
10868,13187.59,13098.65,NaN,NaN,NaN
10869,13647.57,13171.52,3,4,0.0000
10870,13617.12,13022.48,0,0,0.0000
10871,13186.98,12887.16,0,0,0.0000
10872,13684.06,13041.18,0,0,0.0000
10873,13628.62,12952.41,0,0,0.0000
10874,15409.94,12434.04,NaN,NaN,NaN
10875,15301.42,12493.30,NaN,NaN,NaN
10876,15486.93,12463.03,0,0,0.0000
10877,15365.69,12492.66,0,0,0.0000
10878,15438.30,12507.89,NaN,NaN,NaN
10879,15818.68,12473.45,NaN,NaN,NaN
10880,15877.81,12824.41,NaN,NaN,NaN
10881,15707.43,12464.19,NaN,NaN,NaN
10882,16028.54,12767.44,0,0,0.0000
10883,16257.09,13036.64,NaN,NaN,NaN
10884,15767.11,12781.72,3,3,0.0000
10885,15752.18,12588.39,NaN,NaN,NaN
10886,16232.92,12839.07,NaN,NaN,NaN
10887,15979.47,12819.09,NaN,NaN,NaN
10888,15861.23,12704.89,NaN,NaN,NaN
10889,16330.82,13108.82,2,4,2.0000
10890,15876.49,12582.62,NaN,NaN,NaN
10891,16143.68,12452.74,NaN,NaN,NaN
10892,15982.24,12542.29,3,7,2.3333
10893,16291.06,12477.52,NaN,NaN,NaN
10894,15764.64,12695.34,0,0,0.0000
10895,16175.14,12853.15,NaN,NaN,NaN
10896,15961.99,12931.86,NaN,NaN,NaN
10897,16137.72,13074.68,NaN,NaN,NaN
10898,16095.96,12687.77,0,0,0.0000
10899,16134.91,12763.30,NaN,NaN,NaN
10900,16276.10,12585.37,NaN,NaN,NaN
10901,15594.28,12508.39,NaN,NaN,NaN
10902,16334.48,12547.86,0,0,0.0000
10903,16094.36,12908.94,NaN,NaN,NaN
10904,16082.97,12841.51,NaN,NaN,NaN
10905,16006.99,13062.65,NaN,NaN,NaN
10906,15860.84,12931.76,0,0,0.0000
10907,15681.11,12643.61,0,0,0.0000
10908,15610.37,12458.31,NaN,NaN,NaN
10909,16224.73,12959.91,NaN,NaN,NaN
10910,15541.19,12436.74,2,5,2.5000
10911,15734.92,12884.44,0,0,0.0000
10912,15602.13,12567.78,0,0,0.0000
10913,16263.64,12685.69,NaN,NaN,NaN
10914,16073.76,12478.55,NaN,NaN,NaN
10915,16266.24,12758.00,NaN,NaN,NaN
10916,16326.86,12701.35,NaN,NaN,NaN
10917,16080.49,13127.80,NaN,NaN,NaN
10918,15930.83,12683.88,NaN,NaN,NaN
10919,15995.29,13124.64,0,0,0.0000
10920,15701.75,12832.34,0,0,0.0000
10921,15936.49,12886.49,NaN,NaN,NaN
10922,16129.10,13159.47,NaN,NaN,NaN
10923,16205.49,12583.55,NaN,NaN,NaN
10924,16002.97,12687.55,0,0,0.0000
10925,16332.72,12804.58,NaN,NaN,NaN
10926,16283.09,12927.92,0,0,0.0000
10927,15678.29,12570.20,NaN,NaN,NaN
10928,15805.38,12898.95,0,0,0.0000
10929,15934.31,13003.35,0,0,0.0000
10930,15864.49,12514.62,NaN,NaN,NaN
10931,16044.21,12620.60,0,0,0.0000
10932,16165.47,12964.61,NaN,NaN,NaN
10933,16218.62,12668.53,NaN,NaN,NaN
10934,16133.78,13013.40,0,0,0.0000
10935,16266.75,13142.03,0,0,0.0000
10936,16036.47,12983.05,0,0,0.0000
10937,15613.48,12645.11,0,0,0.0000
10938,15824.46,12557.11,0,0,0.0000
10939,15655.07,12535.21,NaN,NaN,NaN
10940,15636.25,12697.49,0,0,0.0000
10941,16302.78,12846.92,0,0,0.0000
10942,15866.43,12975.79,0,0,0.0000
10943,16340.94,13005.15,0,0,0.0000
10944,15913.18,12488.38,0,0,0.0000
10945,16195.73,12717.90,0,0,0.0000
10946,16170.39,12599.90,0,0,0.0000
10947,611.33,13717.22,NaN,NaN,NaN
10948,477.78,13949.28,0,0,0.0000
10949,583.32,13899.20,NaN,NaN,NaN
10950,408.85,13805.23,2,2,0.0000
10951,502.88,13625.79,0,0,0.0000
10952,742.48,13511.93,NaN,NaN,NaN
10953,639.54,13274.14,0,0,0.0000
10954,484.47,13491.84,2,5,2.5000
10955,402.62,13690.00,NaN,NaN,NaN
10956,717.60,13306.71,0,0,0.0000
10957,580.30,13576.67,0,0,0.0000
10958,610.91,13223.24,NaN,NaN,NaN
10959,671.76,13626.20,0,0,0.0000
10960,552.44,13817.02,NaN,NaN,NaN
10961,387.13,13209.03,2,3,0.0000
10962,814.98,13375.56,0,0,0.0000
10963,345.69,13273.19,0,0,0.0000
10964,257.27,13257.79,NaN,NaN,NaN
10965,441.21,13252.38,3,4,0.0000
10966,618.67,13380.31,NaN,NaN,NaN
10967,420.36,13619.27,3,4,0.0000
10968,39.75,13803.78,NaN,NaN,NaN
10969,722.72,13857.40,0,0,0.0000
10970,234.70,13327.12,0,0,0.0000
10971,479.21,13414.49,NaN,NaN,NaN
10972,750.34,13612.02,0,0,0.0000
10973,518.90,13736.32,2,4,2.0000
10974,377.52,13397.93,NaN,NaN,NaN
10975,521.01,13556.11,0,0,0.0000
10976,338.59,13711.03,NaN,NaN,NaN
10977,770.94,13806.77,0,0,0.0000
10978,836.08,13764.28,0,0,0.0000
10979,150.27,13211.48,NaN,NaN,NaN
10980,405.75,13304.45,NaN,NaN,NaN
10981,698.30,13940.60,NaN,NaN,NaN
10982,640.54,13935.55,0,0,0.0000
10983,721.40,13777.66,NaN,NaN,NaN
10984,666.03,13790.16,0,0,0.0000
10985,350.39,13597.16,NaN,NaN,NaN
10986,777.16,13297.57,NaN,NaN,NaN
10987,784.26,13880.17,NaN,NaN,NaN
10988,189.63,13239.77,2,2,0.0000
10989,895.41,13827.77,NaN,NaN,NaN
10990,380.79,13558.32,NaN,NaN,NaN
10991,873.21,13523.80,NaN,NaN,NaN
10992,62.74,13576.58,NaN,NaN,NaN
10993,245.58,13185.36,NaN,NaN,NaN
10994,509.53,13872.12,NaN,NaN,NaN
10995,816.95,13501.22,NaN,NaN,NaN
10996,874.03,13603.77,2,4,2.0000
10997,392.76,13866.76,NaN,NaN,NaN
10998,570.10,13491.57,2,2,0.0000
10999,892.62,13945.30,NaN,NaN,NaN
11000,557.32,13398.32,NaN,NaN,NaN
11001,681.67,13413.33,NaN,NaN,NaN
11002,534.87,13233.36,NaN,NaN,NaN
11003,657.02,13451.94,NaN,NaN,NaN
11004,655.18,13336.87,3,6,2.0000
11005,54.21,13490.83,0,0,0.0000
11006,95.05,13681.91,NaN,NaN,NaN
11007,343.77,13526.70,0,0,0.0000
11008,654.65,13510.15,NaN,NaN,NaN
11009,445.31,13346.79,2,2,0.0000
11010,446.94,13881.42,3,0,0.0000
11011,763.86,13735.42,2,3,0.0000
11012,573.96,13773.73,0,0,0.0000
11013,500.04,13681.82,NaN,NaN,NaN
11014,670.87,13565.44,NaN,NaN,NaN
11015,506.29,13351.57,NaN,NaN,NaN
11016,218.92,13285.22,NaN,NaN,NaN
11017,415.23,13512.01,NaN,NaN,NaN
11018,801.31,13601.49,0,0,0.0000
11019,829.65,13670.82,2,3,0.0000
11020,801.73,13427.49,NaN,NaN,NaN
11021,688.31,13678.83,0,0,0.0000
11022,749.19,13384.99,NaN,NaN,NaN
11023,839.93,13951.10,0,0,0.0000
11024,847.66,13468.52,0,0,0.0000
11025,474.33,13209.85,2,3,0.0000
11026,795.03,13933.49,0,0,0.0000
11027,587.21,13330.47,NaN,NaN,NaN
11028,780.15,13700.42,NaN,NaN,NaN
11029,326.02,13412.07,0,0,0.0000
11030,443.37,13558.67,2,3,0.0000
11031,634.47,13854.46,2,2,0.0000
11032,734.78,13436.19,NaN,NaN,NaN
11033,550.13,13332.73,3,4,0.0000
11034,750.90,13240.13,NaN,NaN,NaN
11035,838.77,13822.81,0,0,0.0000
11036,63.74,13439.58,NaN,NaN,NaN
11037,317.46,13492.92,0,0,0.0000
11038,609.45,13615.27,NaN,NaN,NaN
11039,611.85,13525.69,NaN,NaN,NaN
11040,444.77,13676.39,0,0,0.0000
11041,465.57,13772.99,0,0,0.0000
11042,467.20,13836.49,2,2,0.0000
11043,877.41,13420.59,NaN,NaN,NaN
11044,701.16,13385.57,NaN,NaN,NaN
11045,788.35,13651.42,0,0,0.0000
11046,724.56,13571.27,0,0,0.0000
11047,362.38,13468.56,4,4,0.0000
11048,878.24,13907.80,NaN,NaN,NaN
11049,617.26,13463.07,0,0,0.0000
11050,870.28,13722.21,NaN,NaN,NaN
11051,838.79,13868.73,0,0,0.0000
11052,615.15,13663.80,0,0,0.0000
11053,713.08,13469.83,0,0,0.0000
11054,408.74,13756.57,NaN,NaN,NaN
11055,832.45,13623.26,0,0,0.0000
11056,620.99,13815.45,NaN,NaN,NaN
11057,704.62,13727.71,0,0,0.0000
11058,362.13,13345.35,0,0,0.0000
11059,824.78,13716.53,NaN,NaN,NaN
11060,500.65,13258.64,NaN,NaN,NaN
11061,435.77,13382.14,0,0,0.0000
11062,821.31,13564.24,NaN,NaN,NaN
11063,773.92,13437.62,0,0,0.0000
11064,413.08,13427.80,0,0,0.0000
11065,799.11,13538.79,0,0,0.0000
11066,724.90,13687.01,0,0,0.0000
11067,1310.80,13764.71,3,5,0.0000
11068,1397.39,13737.26,3,5,0.0000
11069,1119.98,13902.18,NaN,NaN,NaN
11070,1320.83,13658.34,NaN,NaN,NaN
11071,937.62,13748.02,NaN,NaN,NaN
11072,1197.04,13782.82,0,0,0.0000
11073,1096.52,13707.89,3,6,2.0000
11074,1132.44,13815.89,0,0,0.0000
11075,902.99,13667.99,2,3,0.0000
11076,1208.12,13925.97,NaN,NaN,NaN
11077,1268.03,13887.93,2,2,0.0000
11078,1147.76,13686.15,2,4,2.0000
11079,1087.36,13574.71,NaN,NaN,NaN
11080,1448.74,13641.77,2,4,2.0000
11081,1244.04,13826.50,NaN,NaN,NaN
11082,1481.02,13725.47,NaN,NaN,NaN
11083,1411.35,13810.44,NaN,NaN,NaN
11084,1032.50,13731.27,0,0,0.0000
11085,1220.81,13637.67,2,4,2.0000
11086,994.52,13803.96,NaN,NaN,NaN
11087,1538.17,13652.41,2,1,0.0000
11088,944.75,13890.47,2,3,0.0000
11089,1017.47,13576.17,4,3,0.0000
11090,1343.54,13860.12,0,0,0.0000
11091,940.15,13405.97,2,3,0.0000
11092,1216.39,13714.18,NaN,NaN,NaN
11093,952.11,13609.53,NaN,NaN,NaN
11094,1079.92,13794.80,NaN,NaN,NaN
11095,946.61,13509.46,NaN,NaN,NaN
11096,1619.03,13843.56,NaN,NaN,NaN
11097,1255.42,13683.42,NaN,NaN,NaN
11098,999.00,13502.78,NaN,NaN,NaN
11099,1033.42,13881.79,NaN,NaN,NaN
11100,1586.05,13780.14,NaN,NaN,NaN
11101,1361.19,13628.37,NaN,NaN,NaN
11102,927.09,13453.21,NaN,NaN,NaN
11103,1532.19,13580.65,0,0,0.0000
11104,967.39,13670.26,0,0,0.0000
11105,1312.15,13922.43,0,0,0.0000
11106,1062.82,13620.81,NaN,NaN,NaN
11107,1544.57,13725.53,2,2,0.0000
11108,1010.05,13845.96,NaN,NaN,NaN
11109,964.02,13558.86,NaN,NaN,NaN
11110,998.03,13896.22,0,0,0.0000
11111,1076.65,13851.82,2,2,0.0000
11112,948.04,13824.78,0,0,0.0000
11113,915.89,13557.31,NaN,NaN,NaN
11114,1529.48,13769.54,0,0,0.0000
11115,1723.13,13912.60,2,1,0.0000
11116,3142.26,13291.94,NaN,NaN,NaN
11117,3010.21,13255.70,0,0,0.0000
11118,3092.54,13360.61,NaN,NaN,NaN
11119,3075.02,13276.61,NaN,NaN,NaN
11120,2518.58,13891.71,0,0,0.0000
11121,3090.99,13440.89,NaN,NaN,NaN
11122,3122.96,13519.10,NaN,NaN,NaN
11123,3152.35,13385.45,0,0,0.0000
11124,2481.64,13842.93,2,1,0.0000
11125,3034.45,13204.20,0,0,0.0000
11126,3172.95,13234.47,3,3,0.0000
11127,3048.47,13327.53,0,0,0.0000
11128,3052.17,13391.54,NaN,NaN,NaN
11129,3015.85,13315.92,0,0,0.0000
11130,3164.86,13186.25,0,0,0.0000
11131,3889.54,13590.28,NaN,NaN,NaN
11132,3510.54,13675.91,NaN,NaN,NaN
11133,3627.05,13263.90,0,0,0.0000
11134,3286.31,13371.94,NaN,NaN,NaN
11135,3703.83,13861.44,NaN,NaN,NaN
11136,3788.05,13415.23,NaN,NaN,NaN
11137,3583.88,13788.79,NaN,NaN,NaN
11138,3741.76,13273.12,NaN,NaN,NaN
11139,3508.73,13584.44,0,0,0.0000
11140,3725.50,13729.19,2,6,3.0000
11141,3599.80,13723.34,NaN,NaN,NaN
11142,3912.50,13945.84,0,0,0.0000
11143,3496.32,13489.66,NaN,NaN,NaN
11144,3715.42,13652.40,NaN,NaN,NaN
11145,3822.06,13185.21,4,6,0.0000
11146,3927.75,13303.78,0,0,0.0000
11147,3696.34,13769.42,NaN,NaN,NaN
11148,3583.71,13517.16,0,0,0.0000
11149,3600.27,13337.65,NaN,NaN,NaN
11150,3542.35,13217.23,3,3,0.0000
11151,3336.50,13221.77,2,5,2.5000
11152,3889.09,13229.75,NaN,NaN,NaN
11153,3386.99,13276.82,NaN,NaN,NaN
11154,3433.49,13457.25,NaN,NaN,NaN
11155,3562.87,13867.50,0,0,0.0000
11156,3856.07,13301.95,2,3,0.0000
11157,3715.74,13433.74,NaN,NaN,NaN
11158,3506.24,13306.24,0,0,0.0000
11159,3883.29,13437.18,NaN,NaN,NaN
11160,3846.28,13708.41,0,0,0.0000
11161,3931.98,13709.50,NaN,NaN,NaN
11162,3827.69,13494.46,0,0,0.0000
11163,3302.41,13490.80,0,0,0.0000
11164,3676.52,13594.93,0,0,0.0000
11165,3665.13,13935.90,NaN,NaN,NaN
11166,3432.17,13395.24,NaN,NaN,NaN
11167,3469.95,13783.33,NaN,NaN,NaN
11168,3893.91,13870.45,NaN,NaN,NaN
11169,3952.79,13827.09,0,0,0.0000
11170,3281.30,13574.20,NaN,NaN,NaN
11171,3798.69,13884.57,3,3,0.0000
11172,3646.54,13410.42,0,0,0.0000
11173,3635.54,13457.14,0,0,0.0000
11174,3824.68,13341.02,NaN,NaN,NaN
11175,3556.69,13445.98,0,0,0.0000
11176,3348.05,13564.71,NaN,NaN,NaN
11177,3286.56,13671.69,0,0,0.0000
11178,3220.02,13290.38,NaN,NaN,NaN
11179,3500.94,13857.64,NaN,NaN,NaN
11180,3731.44,13495.04,NaN,NaN,NaN
11181,3788.98,13689.18,NaN,NaN,NaN
11182,3438.40,13713.06,NaN,NaN,NaN
11183,3226.31,13213.52,0,0,0.0000
11184,3456.52,13317.94,NaN,NaN,NaN
11185,3419.55,13591.61,3,5,0.0000
11186,3542.54,13943.15,NaN,NaN,NaN
11187,3716.34,13539.05,NaN,NaN,NaN
11188,3352.83,13628.92,0,0,0.0000
11189,3422.78,13651.22,NaN,NaN,NaN
11190,3819.48,13808.99,3,6,2.0000
11191,3390.94,13190.06,NaN,NaN,NaN
11192,3362.48,13494.95,NaN,NaN,NaN
11193,3371.60,13747.52,0,0,0.0000
11194,3773.35,13556.60,2,6,3.0000
11195,3208.47,13378.36,NaN,NaN,NaN
11196,3632.20,13589.89,0,0,0.0000
11197,3614.44,13873.21,NaN,NaN,NaN
11198,3428.74,13539.34,2,3,0.0000
11199,3346.98,13333.48,NaN,NaN,NaN
11200,3212.31,13529.87,NaN,NaN,NaN
11201,3826.27,13764.53,NaN,NaN,NaN
11202,3407.17,13334.50,0,0,0.0000
11203,3853.88,13920.22,3,3,0.0000
11204,3699.33,13204.29,0,0,0.0000
11205,3891.08,13823.07,NaN,NaN,NaN
11206,3606.35,13634.47,NaN,NaN,NaN
11207,3466.02,13221.17,NaN,NaN,NaN
11208,3481.37,13894.40,0,0,0.0000
11209,3794.71,13606.83,3,4,0.0000
11210,3432.47,13232.99,NaN,NaN,NaN
11211,3717.65,13359.46,4,5,0.0000
11212,3766.36,13936.86,NaN,NaN,NaN
11213,3504.74,13367.45,3,3,0.0000
11214,3208.10,13598.75,NaN,NaN,NaN
11215,3369.77,13395.91,NaN,NaN,NaN
11216,3533.71,13387.21,NaN,NaN,NaN
11217,3598.25,13945.07,0,0,0.0000
11218,3942.95,13200.04,0,0,0.0000
11219,3826.22,13562.85,0,0,0.0000
11220,3751.15,13208.52,0,0,0.0000
11221,3882.70,13771.11,NaN,NaN,NaN
11222,3235.92,13435.88,0,0,0.0000
11223,3649.41,13520.43,2,2,0.0000
11224,3992.87,13435.69,NaN,NaN,NaN
11225,4101.06,13674.69,3,4,0.0000
11226,4194.71,13931.24,NaN,NaN,NaN
11227,3999.05,13938.73,NaN,NaN,NaN
11228,4052.23,13877.22,0,0,0.0000
11229,4101.23,13478.49,2,2,0.0000
11230,4128.81,13580.60,NaN,NaN,NaN
11231,3973.72,13586.60,NaN,NaN,NaN
11232,3980.61,13768.92,NaN,NaN,NaN
11233,3996.21,13274.04,NaN,NaN,NaN
11234,4257.01,13842.78,NaN,NaN,NaN
11235,4065.68,13750.22,NaN,NaN,NaN
11236,4029.85,13813.43,2,3,0.0000
11237,4174.58,13849.59,0,0,0.0000
11238,4188.95,13643.16,NaN,NaN,NaN
11239,3998.21,13192.36,0,0,0.0000
11240,4004.40,13713.44,0,0,0.0000
11241,4285.92,13915.61,0,0,0.0000
11242,4015.45,13531.40,NaN,NaN,NaN
11243,4191.88,13737.81,NaN,NaN,NaN
11244,4156.67,13527.76,0,0,0.0000
11245,4040.49,13609.45,0,0,0.0000
11246,4160.90,13702.29,2,1,0.0000
11247,4188.91,13586.28,NaN,NaN,NaN
11248,4067.10,13535.71,0,0,0.0000
11249,4200.99,13693.87,NaN,NaN,NaN
11250,4227.56,13608.20,NaN,NaN,NaN
11251,4129.25,13748.44,NaN,NaN,NaN
11252,4226.01,13672.80,0,0,0.0000
11253,4008.91,13657.90,0,0,0.0000
11254,4230.35,13727.21,0,0,0.0000
11255,4206.43,13811.69,2,5,2.5000
11256,5453.71,13876.40,NaN,NaN,NaN
11257,5496.87,13220.02,NaN,NaN,NaN
11258,5314.54,13337.31,3,5,0.0000
11259,5179.48,13838.08,NaN,NaN,NaN
11260,5210.33,13319.95,NaN,NaN,NaN
11261,5317.27,13712.50,3,5,0.0000
11262,4924.82,13743.92,NaN,NaN,NaN
11263,5045.81,13318.79,2,4,2.0000
11264,5248.63,13418.74,NaN,NaN,NaN
11265,5020.23,13409.80,0,0,0.0000
11266,5346.96,13800.86,2,1,0.0000
11267,5408.48,13257.00,NaN,NaN,NaN
11268,5149.78,13273.25,NaN,NaN,NaN
11269,5431.14,13663.76,NaN,NaN,NaN
11270,5493.84,13588.00,NaN,NaN,NaN
11271,4961.96,13313.84,NaN,NaN,NaN
11272,4963.58,13239.32,NaN,NaN,NaN
11273,5143.12,13535.82,NaN,NaN,NaN
11274,5427.06,13495.70,0,0,0.0000
11275,5069.33,13227.60,2,4,2.0000
11276,5205.67,13589.58,2,4,2.0000
11277,4845.04,13228.95,NaN,NaN,NaN
11278,5158.72,13720.81,NaN,NaN,NaN
11279,5226.00,13902.56,NaN,NaN,NaN
11280,5411.19,13552.49,NaN,NaN,NaN
11281,5453.85,13318.55,NaN,NaN,NaN
11282,5239.07,13793.47,0,0,0.0000
11283,5235.00,13711.70,NaN,NaN,NaN
11284,5333.53,13423.62,2,5,2.5000
11285,5311.97,13855.86,NaN,NaN,NaN
11286,5356.34,13609.78,NaN,NaN,NaN
11287,4954.57,13826.69,2,5,2.5000
11288,5257.72,13480.63,NaN,NaN,NaN
11289,5142.62,13381.58,0,0,0.0000
11290,5479.55,13692.60,NaN,NaN,NaN
11291,5269.60,13607.04,2,4,2.0000
11292,5279.61,13653.81,2,5,2.5000
11293,5015.60,13678.96,NaN,NaN,NaN
11294,5098.25,13477.65,0,0,0.0000
11295,5072.77,13732.29,NaN,NaN,NaN
11296,5108.64,13594.48,0,0,0.0000
11297,5492.05,13426.66,3,4,0.0000
11298,5321.79,13479.92,3,2,0.0000
11299,5131.66,13911.41,0,0,0.0000
11300,5084.81,13649.73,4,4,0.0000
11301,4899.48,13233.27,NaN,NaN,NaN
11302,5159.45,13429.86,NaN,NaN,NaN
11303,4882.35,13306.22,NaN,NaN,NaN
11304,4932.18,13370.62,0,0,0.0000
11305,5202.38,13200.37,0,0,0.0000
11306,5009.02,13748.66,3,4,0.0000
11307,4970.83,13903.47,NaN,NaN,NaN
11308,4954.86,13689.99,2,3,0.0000
11309,4877.22,13354.76,0,0,0.0000
11310,5428.24,13594.31,0,0,0.0000
11311,5446.79,13773.66,0,0,0.0000
11312,4864.25,13918.71,NaN,NaN,NaN
11313,5293.04,13562.19,NaN,NaN,NaN
11314,4913.26,13905.19,NaN,NaN,NaN
11315,5199.18,13655.80,NaN,NaN,NaN
11316,4835.53,13280.58,0,0,0.0000
11317,5346.92,13557.41,0,0,0.0000
11318,5085.02,13394.41,0,0,0.0000
11319,5425.75,13420.59,0,0,0.0000
11320,5203.39,13502.70,NaN,NaN,NaN
11321,5156.78,13618.77,NaN,NaN,NaN
11322,5401.98,13322.96,3,6,2.0000
11323,5469.03,13376.31,0,0,0.0000
11324,5374.19,13687.31,0,0,0.0000
11325,5142.69,13655.22,NaN,NaN,NaN
11326,5403.29,13707.81,NaN,NaN,NaN
11327,5811.87,13237.67,NaN,NaN,NaN
11328,5784.02,13562.10,3,5,0.0000
11329,5965.36,13809.89,2,5,2.5000
11330,5870.17,13893.33,NaN,NaN,NaN
11331,5677.36,13698.27,NaN,NaN,NaN
11332,5709.04,13408.45,NaN,NaN,NaN
11333,5533.93,13493.86,0,0,0.0000
11334,5852.53,13754.34,0,0,0.0000
11335,5910.39,13453.52,NaN,NaN,NaN
11336,5722.33,13887.16,0,0,0.0000
11337,5552.84,13335.37,0,0,0.0000
11338,5786.87,13340.48,0,0,0.0000
11339,5916.91,13637.84,0,0,0.0000
11340,5985.68,13448.86,2,3,0.0000
11341,5905.86,13564.49,NaN,NaN,NaN
11342,5525.72,13778.81,NaN,NaN,NaN
11343,5627.85,13881.17,NaN,NaN,NaN
11344,5554.49,13895.92,NaN,NaN,NaN
11345,5585.84,13417.68,NaN,NaN,NaN
11346,5618.95,13211.52,0,0,0.0000
11347,6044.89,13467.96,NaN,NaN,NaN
11348,5726.54,13766.95,NaN,NaN,NaN
11349,6001.40,13698.66,0,0,0.0000
11350,5656.38,13350.89,NaN,NaN,NaN
11351,5987.82,13923.88,NaN,NaN,NaN
11352,6020.66,13564.99,NaN,NaN,NaN
11353,6046.26,13947.04,0,0,0.0000
11354,5780.62,13789.16,0,0,0.0000
11355,6036.14,13369.66,2,3,0.0000
11356,5597.40,13537.31,0,0,0.0000
11357,5657.43,13813.78,3,5,0.0000
11358,5600.30,13678.87,0,0,0.0000
11359,5842.43,13407.11,NaN,NaN,NaN
11360,5903.18,13346.56,0,0,0.0000
11361,5664.33,13517.82,0,0,0.0000
11362,5530.18,13628.22,0,0,0.0000
11363,5587.38,13752.59,0,0,0.0000
11364,5662.51,13593.96,NaN,NaN,NaN
11365,5779.61,13486.96,NaN,NaN,NaN
11366,5965.59,13361.33,3,5,0.0000
11367,5684.66,13868.69,3,3,0.0000
11368,5693.28,13268.98,0,0,0.0000
11369,5624.09,13311.08,2,4,2.0000
11370,5801.46,13449.00,NaN,NaN,NaN
11371,5931.50,13257.04,NaN,NaN,NaN
11372,5629.29,13618.01,0,0,0.0000
11373,6067.72,13851.66,2,2,0.0000
11374,5585.48,13622.95,0,0,0.0000
11375,5674.79,13467.11,NaN,NaN,NaN
11376,5996.76,13614.63,0,0,0.0000
11377,5706.10,13345.69,2,10,5.0000
11378,6492.94,13383.93,NaN,NaN,NaN
11379,6392.51,13293.63,NaN,NaN,NaN
11380,6450.71,13316.18,2,2,0.0000
11381,6336.25,13195.03,2,9,4.5000
11382,6450.22,13231.42,NaN,NaN,NaN
11383,7497.39,13303.75,NaN,NaN,NaN
11384,7447.46,13236.57,NaN,NaN,NaN
11385,7682.19,13186.85,4,8,2.0000
11386,7548.71,13396.53,0,0,0.0000
11387,7710.13,13268.20,NaN,NaN,NaN
11388,7573.78,13258.19,3,3,0.0000
11389,7609.35,13222.60,0,0,0.0000
11390,7574.58,13346.67,0,0,0.0000
11391,7653.65,13360.16,0,0,0.0000
11392,7641.92,13681.33,NaN,NaN,NaN
11393,7418.20,13192.87,NaN,NaN,NaN
11394,7527.28,13214.37,2,2,0.0000
11395,7502.15,13378.55,0,0,0.0000
11396,8138.12,13437.92,0,0,0.0000
11397,8201.85,13257.40,NaN,NaN,NaN
11398,8233.52,13780.97,2,5,2.5000
11399,8143.90,13536.46,0,0,0.0000
11400,8123.18,13224.63,NaN,NaN,NaN
11401,8043.45,13451.85,NaN,NaN,NaN
11402,8048.39,13676.98,NaN,NaN,NaN
11403,8195.15,13668.83,0,0,0.0000
11404,8223.38,13406.38,0,0,0.0000
11405,8103.85,13670.16,NaN,NaN,NaN
11406,8272.94,13906.23,NaN,NaN,NaN
11407,8133.50,13737.03,3,5,0.0000
11408,8214.87,13940.35,0,0,0.0000
11409,8000.68,13361.49,NaN,NaN,NaN
11410,8223.04,13598.72,NaN,NaN,NaN
11411,8171.98,13815.50,NaN,NaN,NaN
11412,7954.32,13468.33,0,0,0.0000
11413,8198.10,13870.73,NaN,NaN,NaN
11414,7998.41,13720.04,NaN,NaN,NaN
11415,8042.79,13605.98,NaN,NaN,NaN
11416,8057.60,13542.46,NaN,NaN,NaN
11417,7965.00,13751.70,NaN,NaN,NaN
11418,8110.71,13801.68,0,0,0.0000
11419,8294.58,13841.72,NaN,NaN,NaN
11420,8290.47,13781.29,2,2,0.0000
11421,8327.40,13214.14,NaN,NaN,NaN
11422,8083.41,13747.64,NaN,NaN,NaN
11423,8116.95,13330.01,NaN,NaN,NaN
11424,8103.42,13367.11,NaN,NaN,NaN
11425,8008.86,13514.79,NaN,NaN,NaN
11426,7980.89,13408.06,0,0,0.0000
11427,8122.15,13602.61,0,0,0.0000
11428,8241.03,13341.35,NaN,NaN,NaN
11429,8155.87,13333.20,NaN,NaN,NaN
11430,8258.13,13870.56,0,0,0.0000
11431,8275.11,13731.42,0,0,0.0000
11432,8030.68,13749.71,NaN,NaN,NaN
11433,8339.73,13872.05,NaN,NaN,NaN
11434,8186.73,13592.83,0,0,0.0000
11435,8045.40,13786.62,NaN,NaN,NaN
11436,7903.68,13552.96,NaN,NaN,NaN
11437,8042.92,13308.36,NaN,NaN,NaN
11438,8069.28,13823.62,NaN,NaN,NaN
11439,8138.58,13631.24,0,0,0.0000
11440,8013.77,13638.90,NaN,NaN,NaN
11441,9329.80,13681.82,0,0,0.0000
11442,9381.94,13884.70,3,1,0.0000
11443,9421.47,13811.85,2,3,0.0000
11444,9414.85,13929.92,NaN,NaN,NaN
11445,9425.73,13688.87,0,0,0.0000
11446,9495.82,13831.95,0,0,0.0000
11447,9372.92,13606.14,NaN,NaN,NaN
11448,9373.63,13653.70,0,0,0.0000
11449,9374.01,13775.40,0,0,0.0000
11450,10847.52,13635.89,NaN,NaN,NaN
11451,10290.66,13397.93,0,0,0.0000
11452,10398.41,13437.86,NaN,NaN,NaN
11453,10263.72,13324.42,NaN,NaN,NaN
11454,10189.06,13221.06,0,0,0.0000
11455,10883.70,13557.87,0,0,0.0000
11456,10939.79,13524.29,0,0,0.0000
11457,11604.79,13253.51,3,8,2.6667
11458,11638.25,13314.52,0,0,0.0000
11459,12337.35,13926.53,NaN,NaN,NaN
11460,11907.20,13251.33,NaN,NaN,NaN
11461,11802.25,13302.54,NaN,NaN,NaN
11462,12076.63,13922.82,NaN,NaN,NaN
11463,12329.69,13828.32,NaN,NaN,NaN
11464,12230.18,13899.73,NaN,NaN,NaN
11465,12271.21,13935.13,0,0,0.0000
11466,12057.60,13189.04,NaN,NaN,NaN
11467,12160.97,13920.15,0,0,0.0000
11468,11834.94,13231.95,NaN,NaN,NaN
11469,12020.36,13228.03,NaN,NaN,NaN
11470,11740.14,13318.03,0,0,0.0000
11471,11700.23,13304.78,0,0,0.0000
11472,12216.51,13836.03,0,0,0.0000
11473,12176.08,13873.24,2,2,0.0000
11474,13106.62,13488.91,NaN,NaN,NaN
11475,13022.69,13826.03,NaN,NaN,NaN
11476,13038.35,13603.75,0,0,0.0000
11477,13107.46,13203.93,0,0,0.0000
11478,12940.22,13215.21,0,0,0.0000
11479,12997.73,13316.33,NaN,NaN,NaN
11480,12861.71,13916.84,NaN,NaN,NaN
11481,12628.39,13826.72,4,7,0.0000
11482,12821.68,13599.27,2,3,0.0000
11483,12762.32,13289.82,NaN,NaN,NaN
11484,12789.08,13762.85,0,0,0.0000
11485,13149.29,13343.39,NaN,NaN,NaN
11486,12871.74,13335.05,NaN,NaN,NaN
11487,13085.53,13297.15,NaN,NaN,NaN
11488,12859.31,13511.67,0,0,0.0000
11489,12736.02,13458.15,NaN,NaN,NaN
11490,13153.50,13728.52,3,9,3.0000
11491,12931.02,13468.06,0,0,0.0000
11492,12949.20,13642.57,NaN,NaN,NaN
11493,12947.04,13716.72,0,0,0.0000
11494,12453.63,13878.90,NaN,NaN,NaN
11495,12673.33,13927.81,NaN,NaN,NaN
11496,12542.38,13839.94,0,0,0.0000
11497,13095.14,13847.15,4,8,2.0000
11498,12482.54,13754.23,0,0,0.0000
11499,12644.70,13737.04,0,0,0.0000
11500,12730.59,13622.41,0,0,0.0000
11501,12660.31,13502.37,NaN,NaN,NaN
11502,12697.81,13719.76,0,0,0.0000
11503,12691.08,13571.44,4,6,0.0000
11504,12878.50,13777.49,0,0,0.0000
11505,12841.86,13249.46,NaN,NaN,NaN
11506,12913.90,13401.61,2,5,2.5000
11507,12686.49,13313.84,0,0,0.0000
11508,12801.43,13446.41,0,0,0.0000
11509,12657.19,13370.96,NaN,NaN,NaN
11510,12754.63,13843.41,0,0,0.0000
11511,12464.53,13821.99,0,0,0.0000
11512,12879.03,13666.59,0,0,0.0000
11513,12733.17,13890.81,NaN,NaN,NaN
11514,12566.25,13562.72,0,0,0.0000
11515,12789.52,13884.59,NaN,NaN,NaN
11516,12740.83,13666.84,0,0,0.0000
11517,12923.03,13865.15,3,5,0.0000
11518,12828.13,13684.54,0,0,0.0000
11519,12518.01,13922.34,NaN,NaN,NaN
11520,13183.72,13668.53,0,0,0.0000
11521,12681.11,13400.95,0,0,0.0000
11522,13315.43,13237.12,NaN,NaN,NaN
11523,13305.02,13447.52,0,0,0.0000
11524,13200.40,13951.91,3,7,2.3333
11525,13547.61,13369.01,0,0,0.0000
11526,13583.35,13184.27,4,7,0.0000
11527,13484.29,13240.53,2,4,2.0000
11528,13465.23,13503.64,NaN,NaN,NaN
11529,13719.59,13750.95,NaN,NaN,NaN
11530,13341.20,13813.97,NaN,NaN,NaN
11531,13205.59,13817.02,NaN,NaN,NaN
11532,13491.37,13950.73,NaN,NaN,NaN
11533,13222.40,13359.47,3,4,0.0000
11534,13485.98,13691.20,NaN,NaN,NaN
11535,13234.90,13557.52,NaN,NaN,NaN
11536,13657.30,13279.58,2,4,2.0000
11537,13315.64,13591.05,2,2,0.0000
11538,13615.26,13626.31,NaN,NaN,NaN
11539,13631.46,13801.58,0,0,0.0000
11540,13195.96,13214.12,NaN,NaN,NaN
11541,13610.24,13883.72,NaN,NaN,NaN
11542,13573.84,13742.95,2,3,0.0000
11543,13260.98,13864.42,2,4,2.0000
11544,13523.92,13524.85,NaN,NaN,NaN
11545,13579.54,13475.25,NaN,NaN,NaN
11546,13412.44,13386.02,NaN,NaN,NaN
11547,13325.92,13914.41,0,0,0.0000
11548,13472.97,13340.61,2,3,0.0000
11549,13429.14,13597.27,NaN,NaN,NaN
11550,13425.74,13940.20,0,0,0.0000
11551,13248.74,13650.23,2,2,0.0000
11552,13649.24,13744.93,NaN,NaN,NaN
11553,13695.44,13874.54,0,0,0.0000
11554,13665.57,13591.79,3,3,0.0000
11555,13493.97,13617.33,NaN,NaN,NaN
11556,13484.28,13818.67,NaN,NaN,NaN
11557,13566.98,13914.40,NaN,NaN,NaN
11558,13687.20,13660.18,NaN,NaN,NaN
11559,13738.72,13650.31,NaN,NaN,NaN
11560,13364.26,13722.73,3,4,0.0000
11561,13541.77,13582.85,NaN,NaN,NaN
11562,13249.34,13717.15,0,0,0.0000
11563,13618.25,13672.59,0,0,0.0000
11564,13578.78,13567.73,0,0,0.0000
11565,13437.02,13832.70,NaN,NaN,NaN
11566,13764.25,13627.92,NaN,NaN,NaN
11567,13336.08,13676.58,0,0,0.0000
11568,13559.62,13814.65,2,5,2.5000
11569,13780.61,13711.96,0,0,0.0000
11570,13536.36,13861.70,NaN,NaN,NaN
11571,13472.12,13756.55,0,0,0.0000
11572,13657.58,13924.25,0,0,0.0000
11573,13410.30,13662.74,0,0,0.0000
11574,13562.39,13663.06,NaN,NaN,NaN
11575,13735.09,13496.06,0,0,0.0000
11576,13204.19,13624.88,NaN,NaN,NaN
11577,13587.04,13800.21,NaN,NaN,NaN
11578,13613.15,13306.84,NaN,NaN,NaN
11579,13723.10,13608.54,NaN,NaN,NaN
11580,13425.14,13279.30,NaN,NaN,NaN
11581,13797.04,13675.50,0,0,0.0000
11582,13537.65,13628.83,NaN,NaN,NaN
11583,13645.56,13845.94,0,0,0.0000
11584,13632.23,13403.87,NaN,NaN,NaN
11585,13749.21,13837.72,NaN,NaN,NaN
11586,14089.36,13380.15,0,0,0.0000
11587,14054.22,13313.51,0,0,0.0000
11588,16336.15,13207.23,NaN,NaN,NaN
11589,16175.96,13276.06,NaN,NaN,NaN
11590,16143.30,13357.86,NaN,NaN,NaN
11591,15932.75,13193.07,0,0,0.0000
11592,16244.22,13484.04,0,0,0.0000
11593,16205.55,13412.54,NaN,NaN,NaN
11594,16355.19,13346.48,2,5,2.5000
11595,16312.93,13488.36,NaN,NaN,NaN
11596,16096.57,13310.04,0,0,0.0000
11597,16274.59,13559.54,0,0,0.0000
11598,16013.66,13191.50,0,0,0.0000
11599,16319.49,13414.67,NaN,NaN,NaN
11600,16248.17,13359.95,NaN,NaN,NaN
11601,16281.14,13312.11,NaN,NaN,NaN
11602,16278.35,13607.51,0,0,0.0000
11603,16316.02,13345.61,3,7,2.3333
11604,16271.33,13198.77,NaN,NaN,NaN
11605,16269.00,13418.57,0,0,0.0000
11606,16223.37,13321.70,0,0,0.0000
11607,16302.63,13698.37,0,0,0.0000
11608,16256.25,13276.25,0,0,0.0000
11609,16366.04,13402.44,NaN,NaN,NaN
11610,16273.35,13701.88,NaN,NaN,NaN
11611,16288.26,13660.20,0,0,0.0000
11612,16360.79,13436.34,2,5,2.5000
11613,16207.81,13359.07,0,0,0.0000
11614,16252.88,13703.25,0,0,0.0000
11615,16368.37,13482.33,NaN,NaN,NaN
11616,16156.08,13419.19,0,0,0.0000
11617,657.02,14540.84,0,0,0.0000
11618,850.58,14463.64,2,4,2.0000
11619,827.30,14087.37,NaN,NaN,NaN
11620,672.72,14127.78,2,3,0.0000
11621,617.29,14656.10,0,0,0.0000
11622,697.89,14358.10,NaN,NaN,NaN
11623,598.51,14444.71,3,4,0.0000
11624,715.74,14437.67,0,0,0.0000
11625,621.31,14301.59,2,1,0.0000
11626,861.42,14332.28,0,0,0.0000
11627,747.29,14242.65,0,0,0.0000
11628,735.57,14300.78,2,5,2.5000
11629,505.95,14535.59,2,3,0.0000
11630,617.74,14063.76,NaN,NaN,NaN
11631,660.37,14227.95,4,9,2.2500
11632,756.64,14613.04,2,3,0.0000
11633,760.49,14176.69,3,4,0.0000
11634,854.92,14583.54,0,0,0.0000
11635,74.18,14615.85,NaN,NaN,NaN
11636,502.85,14707.66,NaN,NaN,NaN
11637,861.06,14683.30,NaN,NaN,NaN
11638,819.72,14191.12,4,5,0.0000
11639,748.66,14048.55,2,2,0.0000
11640,449.33,14668.54,0,0,0.0000
11641,802.29,14646.04,NaN,NaN,NaN
11642,559.53,14009.52,NaN,NaN,NaN
11643,891.79,14187.00,NaN,NaN,NaN
11644,870.00,14231.77,2,2,0.0000
11645,837.98,14022.28,0,0,0.0000
11646,532.77,14648.96,2,2,0.0000
11647,627.11,14008.33,NaN,NaN,NaN
11648,755.70,14690.27,0,0,0.0000
11649,704.13,14606.53,2,2,0.0000
11650,785.51,14400.35,0,0,0.0000
11651,534.53,14579.14,3,3,0.0000
11652,772.69,13977.69,NaN,NaN,NaN
11653,893.96,14139.62,NaN,NaN,NaN
11654,581.40,14254.23,NaN,NaN,NaN
11655,592.38,14597.90,2,1,0.0000
11656,476.31,14596.41,NaN,NaN,NaN
11657,689.87,13985.57,NaN,NaN,NaN
11658,853.57,14627.34,NaN,NaN,NaN
11659,700.34,14068.34,3,4,0.0000
11660,570.33,14381.28,0,0,0.0000
11661,695.23,14017.46,NaN,NaN,NaN
11662,426.36,14635.83,2,2,0.0000
11663,562.33,13961.84,NaN,NaN,NaN
11664,520.08,14619.04,2,3,0.0000
11665,656.92,14695.79,NaN,NaN,NaN
11666,426.96,14594.99,NaN,NaN,NaN
11667,661.07,14477.12,NaN,NaN,NaN
11668,604.38,14710.33,0,0,0.0000
11669,1388.35,14259.44,2,1,0.0000
11670,1264.20,14346.10,2,2,0.0000
11671,1008.93,14418.64,3,3,0.0000
11672,1077.50,14631.46,NaN,NaN,NaN
11673,1177.06,14080.72,NaN,NaN,NaN
11674,1052.91,14029.27,0,0,0.0000
11675,1466.03,14370.70,2,3,0.0000
11676,936.59,14036.21,NaN,NaN,NaN
11677,927.77,14280.64,4,6,0.0000
11678,1297.82,14490.79,NaN,NaN,NaN
11679,1264.60,14249.56,NaN,NaN,NaN
11680,1056.89,14093.07,NaN,NaN,NaN
11681,953.85,14349.63,0,0,0.0000
11682,1285.06,14010.37,2,1,0.0000
11683,1141.75,14522.66,NaN,NaN,NaN
11684,981.19,14553.84,0,0,0.0000
11685,1032.64,14196.99,NaN,NaN,NaN
11686,1337.00,14178.53,NaN,NaN,NaN
11687,1211.07,14460.02,2,4,2.0000
11688,1358.26,14581.85,NaN,NaN,NaN
11689,1038.26,13966.96,2,1,0.0000
11690,1362.74,14500.69,NaN,NaN,NaN
11691,1135.36,14284.52,NaN,NaN,NaN
11692,1074.51,14142.28,0,0,0.0000
11693,1257.32,14095.91,NaN,NaN,NaN
11694,1244.92,14414.87,0,0,0.0000
11695,1097.98,14694.17,NaN,NaN,NaN
11696,1088.39,14353.90,3,6,2.0000
11697,1202.62,14223.96,2,3,0.0000
11698,1237.43,14555.07,0,0,0.0000
11699,1293.02,14696.18,4,4,0.0000
11700,1103.82,14250.64,NaN,NaN,NaN
11701,963.39,14174.45,4,6,0.0000
11702,1063.36,14557.78,2,4,2.0000
11703,1104.85,14476.44,NaN,NaN,NaN
11704,947.60,14647.77,3,3,0.0000
11705,924.25,14499.77,NaN,NaN,NaN
11706,1598.66,14386.63,0,0,0.0000
11707,1491.88,14270.22,NaN,NaN,NaN
11708,1333.96,14119.83,NaN,NaN,NaN
11709,1155.55,14396.33,NaN,NaN,NaN
11710,1446.16,14321.99,3,3,0.0000
11711,1264.75,14610.71,2,1,0.0000
11712,1550.82,14283.26,2,4,2.0000
11713,1586.93,14317.44,NaN,NaN,NaN
11714,1203.41,14655.27,NaN,NaN,NaN
11715,1266.55,14178.93,0,0,0.0000
11716,1042.11,14276.01,0,0,0.0000
11717,1594.19,14254.55,NaN,NaN,NaN
11718,1203.25,14607.38,0,0,0.0000
11719,1357.97,14642.07,NaN,NaN,NaN
11720,1146.56,14176.28,NaN,NaN,NaN
11721,1013.38,14500.24,NaN,NaN,NaN
11722,1339.50,14386.61,NaN,NaN,NaN
11723,1193.57,14493.09,NaN,NaN,NaN
11724,1653.45,14406.31,NaN,NaN,NaN
11725,964.55,14231.79,NaN,NaN,NaN
11726,928.90,14107.60,4,6,0.0000
11727,1086.06,14195.30,NaN,NaN,NaN
11728,1559.17,14381.16,0,0,0.0000
11729,1208.48,14696.36,0,0,0.0000
11730,1115.32,14569.94,3,4,0.0000
11731,1371.28,14698.30,2,3,0.0000
11732,1256.09,14661.93,NaN,NaN,NaN
11733,1196.76,14160.60,NaN,NaN,NaN
11734,949.32,13968.68,0,0,0.0000
11735,1405.09,14581.29,0,0,0.0000
11736,1389.48,14393.67,NaN,NaN,NaN
11737,983.69,14473.20,NaN,NaN,NaN
11738,1083.70,14393.69,NaN,NaN,NaN
11739,902.25,14708.37,NaN,NaN,NaN
11740,1121.09,14056.49,3,4,0.0000
11741,1000.78,14130.45,NaN,NaN,NaN
11742,1370.98,14434.80,NaN,NaN,NaN
11743,1301.76,14060.29,NaN,NaN,NaN
11744,1312.76,14650.63,2,4,2.0000
11745,1159.65,14326.35,3,4,0.0000
11746,1036.91,14686.25,NaN,NaN,NaN
11747,1056.16,14480.01,2,3,0.0000
11748,1153.36,14713.83,0,0,0.0000
11749,1702.96,14476.29,2,2,0.0000
11750,1836.54,14659.11,0,0,0.0000
11751,1668.75,14297.34,NaN,NaN,NaN
11752,1674.85,14355.72,2,2,0.0000
11753,1774.69,14514.81,NaN,NaN,NaN
11754,1821.93,14564.76,0,0,0.0000
11755,1785.33,14381.67,4,6,0.0000
11756,1847.32,14505.51,4,3,0.0000
11757,1777.74,14438.21,2,4,2.0000
11758,1903.50,14671.42,0,0,0.0000
11759,1805.97,14613.53,0,0,0.0000
11760,1732.20,14385.19,NaN,NaN,NaN
11761,3870.79,14569.71,NaN,NaN,NaN
11762,3752.99,14049.85,NaN,NaN,NaN
11763,3920.46,14410.91,NaN,NaN,NaN
11764,3912.95,14024.90,0,0,0.0000
11765,3835.98,14247.36,0,0,0.0000
11766,3845.33,14332.06,NaN,NaN,NaN
11767,3807.41,14092.15,NaN,NaN,NaN
11768,3774.59,14279.37,0,0,0.0000
11769,3824.70,13982.47,NaN,NaN,NaN
11770,3893.13,14182.57,2,2,0.0000
11771,3865.71,14105.89,NaN,NaN,NaN
11772,3683.28,14095.48,NaN,NaN,NaN
11773,3696.02,13999.74,0,0,0.0000
11774,3950.84,14473.88,0,0,0.0000
11775,3629.78,13986.31,NaN,NaN,NaN
11776,3727.21,14310.94,NaN,NaN,NaN
11777,3784.55,14546.50,NaN,NaN,NaN
11778,3857.62,14493.60,NaN,NaN,NaN
11779,3702.78,14181.32,0,0,0.0000
11780,3939.45,14337.62,NaN,NaN,NaN
11781,3738.60,13976.07,0,0,0.0000
11782,3800.32,14602.45,4,7,0.0000
11783,3739.09,14387.18,4,5,0.0000
11784,3639.59,14038.69,0,0,0.0000
11785,3926.22,14518.98,0,0,0.0000
11786,3772.03,14446.26,NaN,NaN,NaN
11787,3568.50,13983.71,NaN,NaN,NaN
11788,3736.75,14450.28,0,0,0.0000
11789,3841.88,14443.10,NaN,NaN,NaN
11790,3784.18,14349.57,NaN,NaN,NaN
11791,3920.43,14290.04,0,0,0.0000
11792,3799.95,14389.19,3,4,0.0000
11793,4141.32,14635.54,NaN,NaN,NaN
11794,4256.48,14517.45,NaN,NaN,NaN
11795,4060.32,14296.92,2,4,2.0000
11796,4116.25,13965.02,2,3,0.0000
11797,4097.42,14453.45,NaN,NaN,NaN
11798,4365.98,14504.94,5,6,0.0000
11799,4039.46,14199.28,NaN,NaN,NaN
11800,4153.49,14345.04,NaN,NaN,NaN
11801,4260.70,14336.08,3,4,0.0000
11802,4180.55,14262.76,2,2,0.0000
11803,4470.61,14465.80,NaN,NaN,NaN
11804,4034.33,14410.10,4,5,0.0000
11805,4597.42,14640.98,NaN,NaN,NaN
11806,4646.09,14318.32,2,5,2.5000
11807,4556.39,14310.06,NaN,NaN,NaN
11808,4057.73,14132.79,NaN,NaN,NaN
11809,4512.52,14546.23,3,4,0.0000
11810,4318.38,14289.37,NaN,NaN,NaN
11811,4702.59,14565.51,NaN,NaN,NaN
11812,4425.23,14348.45,3,1,0.0000
11813,4195.92,14172.98,3,5,0.0000
11814,4239.23,14059.92,NaN,NaN,NaN
11815,4568.90,14486.81,NaN,NaN,NaN
11816,4444.58,14671.31,0,0,0.0000
11817,4666.49,14235.99,NaN,NaN,NaN
11818,4188.83,14443.74,NaN,NaN,NaN
11819,4242.05,14201.29,0,0,0.0000
11820,4243.61,14005.83,0,0,0.0000
11821,4628.37,14703.92,0,0,0.0000
11822,4602.96,14552.50,NaN,NaN,NaN
11823,4532.82,14714.19,NaN,NaN,NaN
11824,4714.38,14212.75,0,0,0.0000
11825,4381.37,14622.49,NaN,NaN,NaN
11826,4041.02,13999.21,3,6,2.0000
11827,4665.79,14642.59,NaN,NaN,NaN
11828,4372.84,14692.77,NaN,NaN,NaN
11829,4670.54,14479.65,0,0,0.0000
11830,4292.59,14679.17,3,5,0.0000
11831,4493.93,14373.98,2,7,3.5000
11832,3995.44,14666.70,3,4,0.0000
11833,4492.33,14417.03,NaN,NaN,NaN
11834,4585.83,14378.13,3,4,0.0000
11835,4664.43,14536.91,0,0,0.0000
11836,4655.75,14399.34,0,0,0.0000
11837,4513.55,14658.93,NaN,NaN,NaN
11838,4265.37,14251.05,NaN,NaN,NaN
11839,4103.90,14557.14,2,5,2.5000
11840,4703.46,14393.31,0,0,0.0000
11841,4552.47,14612.67,0,0,0.0000
11842,4377.44,14314.46,NaN,NaN,NaN
11843,4629.39,14452.84,NaN,NaN,NaN
11844,4428.71,14547.12,0,0,0.0000
11845,4334.67,14384.45,NaN,NaN,NaN
11846,4176.92,14530.95,NaN,NaN,NaN
11847,4334.96,14636.15,NaN,NaN,NaN
11848,4702.70,14650.59,4,9,2.2500
11849,4422.20,14598.12,0,0,0.0000
11850,3978.97,14282.31,NaN,NaN,NaN
11851,4093.11,14044.01,NaN,NaN,NaN
11852,3969.11,14213.55,NaN,NaN,NaN
11853,4106.63,14109.70,NaN,NaN,NaN
11854,4715.30,14126.33,NaN,NaN,NaN
11855,4001.28,14352.85,NaN,NaN,NaN
11856,4304.09,14428.54,0,0,0.0000
11857,4054.97,14532.02,NaN,NaN,NaN
11858,4429.88,14408.22,3,7,2.3333
11859,4669.03,14147.80,NaN,NaN,NaN
11860,4556.23,14437.98,NaN,NaN,NaN
11861,4258.07,14403.54,3,6,2.0000
11862,4333.16,14449.81,0,0,0.0000
11863,4703.84,14307.42,0,0,0.0000
11864,4260.77,13971.45,NaN,NaN,NaN
11865,4365.99,14360.90,0,0,0.0000
11866,4480.75,14612.93,NaN,NaN,NaN
11867,4169.66,14049.02,NaN,NaN,NaN
11868,4145.06,14384.46,0,0,0.0000
11869,4127.82,14077.85,0,0,0.0000
11870,5373.28,14025.81,NaN,NaN,NaN
11871,4786.99,14426.47,3,2,0.0000
11872,5121.16,14456.72,NaN,NaN,NaN
11873,5064.46,14309.39,0,0,0.0000
11874,4994.37,14107.25,NaN,NaN,NaN
11875,5389.99,14561.15,NaN,NaN,NaN
11876,4934.63,13999.01,2,3,0.0000
11877,4836.96,14032.15,NaN,NaN,NaN
11878,5266.67,14561.76,NaN,NaN,NaN
11879,5028.26,14214.75,NaN,NaN,NaN
11880,5327.27,14098.81,NaN,NaN,NaN
11881,5444.97,14304.92,NaN,NaN,NaN
11882,4770.76,14191.16,NaN,NaN,NaN
11883,4899.90,14597.22,2,4,2.0000
11884,4910.95,14201.46,NaN,NaN,NaN
11885,5311.24,14423.17,2,6,3.0000
11886,4908.46,14520.22,NaN,NaN,NaN
11887,5416.30,14469.27,NaN,NaN,NaN
11888,5453.79,14097.66,0,0,0.0000
11889,5180.54,14149.09,0,0,0.0000
11890,5500.02,14607.56,NaN,NaN,NaN
11891,5346.09,14316.35,2,4,2.0000
11892,4801.47,14586.63,NaN,NaN,NaN
11893,5114.19,14613.13,0,0,0.0000
11894,5097.38,13983.06,NaN,NaN,NaN
11895,5031.13,14719.66,0,0,0.0000
11896,5172.90,13957.19,0,0,0.0000
11897,5293.73,14246.78,2,1,0.0000
11898,4997.65,14544.06,2,3,0.0000
11899,5212.04,14491.55,NaN,NaN,NaN
11900,4778.00,14097.21,2,3,0.0000
11901,5416.09,14393.14,3,7,2.3333
11902,4767.04,14327.21,NaN,NaN,NaN
11903,4741.77,14647.60,NaN,NaN,NaN
11904,5223.14,14080.99,NaN,NaN,NaN
11905,4956.75,14366.25,NaN,NaN,NaN
11906,4746.83,14505.88,NaN,NaN,NaN
11907,5491.77,14660.13,NaN,NaN,NaN
11908,5310.04,14685.93,0,0,0.0000
11909,4902.80,14698.08,NaN,NaN,NaN
11910,5151.34,14543.64,NaN,NaN,NaN
11911,4829.35,14294.08,2,6,3.0000
11912,5422.89,14178.52,0,0,0.0000
11913,5231.09,14714.19,2,3,0.0000
11914,4850.29,14667.97,4,8,2.0000
11915,5122.93,14675.61,0,0,0.0000
11916,5026.34,14010.41,NaN,NaN,NaN
11917,4981.43,14597.09,NaN,NaN,NaN
11918,5198.81,14025.71,0,0,0.0000
11919,5204.81,14639.44,NaN,NaN,NaN
11920,4945.13,14648.74,0,0,0.0000
11921,5042.29,14647.47,0,0,0.0000
11922,5065.77,14398.37,0,0,0.0000
11923,5227.51,14228.17,0,0,0.0000
11924,4830.11,14521.53,NaN,NaN,NaN
11925,5000.80,14460.34,2,3,0.0000
11926,4803.64,14712.30,4,8,2.0000
11927,4863.02,14468.34,NaN,NaN,NaN
11928,5400.19,14234.73,0,0,0.0000
11929,5333.85,14618.72,NaN,NaN,NaN
11930,5200.14,14351.97,0,0,0.0000
11931,4888.58,14383.22,0,0,0.0000
11932,5259.15,13976.03,0,0,0.0000
11933,5193.36,14404.06,NaN,NaN,NaN
11934,5113.91,14122.33,0,0,0.0000
11935,5007.26,14370.16,0,0,0.0000
11936,5179.19,14689.33,NaN,NaN,NaN
11937,4890.31,14311.80,NaN,NaN,NaN
11938,5063.70,14077.16,3,2,0.0000
11939,4838.11,14139.41,3,7,2.3333
11940,4900.26,14082.32,NaN,NaN,NaN
11941,5014.80,14501.47,3,3,0.0000
11942,5248.80,14446.37,NaN,NaN,NaN
11943,5047.66,14593.76,NaN,NaN,NaN
11944,5498.57,14545.73,NaN,NaN,NaN
11945,5167.44,14257.35,0,0,0.0000
11946,5150.25,14340.62,NaN,NaN,NaN
11947,4875.11,14160.45,NaN,NaN,NaN
11948,4748.29,14277.93,NaN,NaN,NaN
11949,5242.02,14181.84,0,0,0.0000
11950,4830.95,14349.68,0,0,0.0000
11951,4938.89,14284.83,0,0,0.0000
11952,5360.39,14501.68,0,0,0.0000
11953,4789.25,14661.34,NaN,NaN,NaN
11954,5105.22,14219.81,NaN,NaN,NaN
11955,5351.60,14196.02,0,0,0.0000
11956,5127.19,14190.15,0,0,0.0000
11957,5085.44,14537.07,NaN,NaN,NaN
11958,4935.64,14452.91,NaN,NaN,NaN
11959,5402.22,14619.06,0,0,0.0000
11960,5012.75,13952.92,NaN,NaN,NaN
11961,5158.67,14291.78,0,0,0.0000
11962,4932.57,14403.50,0,0,0.0000
11963,5260.93,14149.81,0,0,0.0000
11964,5321.34,14495.28,NaN,NaN,NaN
11965,5178.25,14591.29,0,0,0.0000
11966,5666.61,14245.49,2,4,2.0000
11967,5860.99,14008.08,NaN,NaN,NaN
11968,5861.05,14446.00,3,3,0.0000
11969,5920.74,14162.21,0,0,0.0000
11970,5580.68,14405.62,0,0,0.0000
11971,5755.34,14159.04,3,9,3.0000
11972,5676.35,14100.21,0,0,0.0000
11973,5575.61,14115.60,2,1,0.0000
11974,6009.06,14132.98,NaN,NaN,NaN
11975,6132.68,14399.69,2,3,0.0000
11976,5724.74,14440.41,NaN,NaN,NaN
11977,5841.30,14264.13,0,0,0.0000
11978,5624.84,14707.44,NaN,NaN,NaN
11979,5750.66,13962.37,NaN,NaN,NaN
11980,5576.16,14515.31,0,0,0.0000
11981,6055.77,14180.97,2,4,2.0000
11982,5667.12,14004.41,NaN,NaN,NaN
11983,5508.26,14219.11,3,3,0.0000
11984,5834.64,14109.02,0,0,0.0000
11985,5920.39,14303.95,0,0,0.0000
11986,5510.56,14167.07,NaN,NaN,NaN
11987,5743.08,14357.88,2,2,0.0000
11988,5517.22,14036.14,2,3,0.0000
11989,6005.07,14284.46,0,0,0.0000
11990,5986.11,14034.55,0,0,0.0000
11991,5574.69,14651.18,NaN,NaN,NaN
11992,6254.42,14130.18,2,6,3.0000
11993,5513.89,14500.21,NaN,NaN,NaN
11994,5990.00,14392.23,2,5,2.5000
11995,5823.06,14348.40,NaN,NaN,NaN
11996,6091.07,14225.59,NaN,NaN,NaN
11997,5720.51,14699.40,2,7,3.5000
11998,5669.70,14637.78,NaN,NaN,NaN
11999,6215.60,14223.72,NaN,NaN,NaN
12000,5949.79,14358.73,0,0,0.0000
12001,6065.67,14313.27,NaN,NaN,NaN
12002,5982.21,14455.77,0,0,0.0000
12003,5587.38,14594.56,0,0,0.0000
12004,5795.09,14677.50,3,5,0.0000
12005,5953.53,13981.81,NaN,NaN,NaN
12006,6027.07,14397.70,NaN,NaN,NaN
12007,5751.90,14660.50,NaN,NaN,NaN
12008,5597.18,14036.00,0,0,0.0000
12009,5780.41,14704.94,NaN,NaN,NaN
12010,5775.86,14295.05,0,0,0.0000
12011,5555.04,14261.09,0,0,0.0000
12012,5596.17,14302.86,0,0,0.0000
12013,5839.89,14191.78,0,0,0.0000
12014,5736.54,14040.66,0,0,0.0000
12015,6277.65,14203.28,NaN,NaN,NaN
12016,7792.08,14505.38,NaN,NaN,NaN
12017,7760.85,14421.60,0,0,0.0000
12018,7795.13,14670.75,0,0,0.0000
12019,7754.39,14292.03,NaN,NaN,NaN
12020,7715.79,14315.48,NaN,NaN,NaN
12021,7626.45,14682.03,3,5,0.0000
12022,7599.26,14500.44,NaN,NaN,NaN
12023,7617.70,14567.29,0,0,0.0000
12024,7727.94,14229.10,0,0,0.0000
12025,7710.17,14432.52,0,0,0.0000
12026,7679.91,14309.04,NaN,NaN,NaN
12027,7805.18,14304.24,0,0,0.0000
12028,7824.78,14391.44,2,1,0.0000
12029,7964.55,14698.71,NaN,NaN,NaN
12030,7867.26,14599.23,NaN,NaN,NaN
12031,7922.76,14591.36,NaN,NaN,NaN
12032,8288.24,13967.87,NaN,NaN,NaN
12033,8268.41,14038.86,0,0,0.0000
12034,7895.12,14407.54,0,0,0.0000
12035,7849.76,14690.14,NaN,NaN,NaN
12036,7954.97,13978.26,NaN,NaN,NaN
12037,7815.65,14245.75,0,0,0.0000
12038,8165.89,14097.01,NaN,NaN,NaN
12039,8222.23,14093.03,NaN,NaN,NaN
12040,7822.30,14616.39,2,6,3.0000
12041,7869.23,14337.20,NaN,NaN,NaN
12042,7893.92,14473.84,2,2,0.0000
12043,7841.13,14528.68,2,4,2.0000
12044,7879.74,14275.57,NaN,NaN,NaN
12045,8263.93,14109.68,0,0,0.0000
12046,7839.01,14307.25,0,0,0.0000
12047,8185.92,14026.96,3,3,0.0000
12048,8158.70,14021.77,0,0,0.0000
12049,7943.43,14543.67,NaN,NaN,NaN
12050,7899.15,14655.24,2,2,0.0000
12051,7922.52,14515.79,NaN,NaN,NaN
12052,9406.39,13997.52,NaN,NaN,NaN
12053,9461.70,14046.35,NaN,NaN,NaN
12054,9472.75,13978.61,0,0,0.0000
12055,11629.70,14567.89,NaN,NaN,NaN
12056,11596.60,14212.27,2,2,0.0000
12057,11472.50,14438.83,NaN,NaN,NaN
12058,11572.83,14277.52,3,8,2.6667
12059,11557.07,14425.84,NaN,NaN,NaN
12060,11518.57,14348.74,3,4,0.0000
12061,11590.03,14664.71,NaN,NaN,NaN
12062,11517.17,14287.33,0,0,0.0000
12063,11622.58,14394.34,0,0,0.0000
12064,11638.11,14435.97,0,0,0.0000
12065,11956.48,14026.00,3,13,4.3333
12066,12031.15,14451.15,2,5,2.5000
12067,12309.15,14264.03,2,1,0.0000
12068,12048.85,14193.51,3,4,0.0000
12069,11981.14,14305.40,NaN,NaN,NaN
12070,12250.76,14474.80,NaN,NaN,NaN
12071,11743.30,14519.28,NaN,NaN,NaN
12072,11677.22,14120.95,2,7,3.5000
12073,12339.61,14155.48,2,3,0.0000
12074,12134.91,14009.08,NaN,NaN,NaN
12075,12202.50,14335.42,2,5,2.5000
12076,11727.11,14254.35,NaN,NaN,NaN
12077,12127.59,14570.44,NaN,NaN,NaN
12078,12218.43,14585.86,NaN,NaN,NaN
12079,12262.14,14024.36,NaN,NaN,NaN
12080,11888.64,13956.06,2,6,3.0000
12081,11710.33,14362.46,0,0,0.0000
12082,11739.85,14697.64,NaN,NaN,NaN
12083,11909.58,14564.93,NaN,NaN,NaN
12084,12166.02,14192.63,3,10,3.3333
12085,11825.50,14097.02,2,2,0.0000
12086,11655.95,14321.50,2,4,2.0000
12087,11845.94,14667.65,NaN,NaN,NaN
12088,11754.76,14139.54,0,0,0.0000
12089,12340.16,14563.18,2,1,0.0000
12090,11935.42,14233.90,NaN,NaN,NaN
12091,12129.66,14269.68,NaN,NaN,NaN
12092,12164.82,14713.64,NaN,NaN,NaN
12093,11903.36,14487.20,NaN,NaN,NaN
12094,11784.13,14632.44,NaN,NaN,NaN
12095,12399.77,14523.67,3,5,0.0000
12096,12369.17,14033.54,2,4,2.0000
12097,11983.67,14635.68,0,0,0.0000
12098,12057.85,14618.75,0,0,0.0000
12099,11658.17,14479.21,0,0,0.0000
12100,12153.02,14493.03,2,6,3.0000
12101,12395.23,14354.91,0,0,0.0000
12102,12397.02,14605.83,NaN,NaN,NaN
12103,12055.18,14012.80,NaN,NaN,NaN
12104,12397.61,14273.00,2,1,0.0000
12105,12260.07,14067.21,NaN,NaN,NaN
12106,11789.43,14320.21,0,0,0.0000
12107,11930.25,14375.13,3,7,2.3333
12108,12016.34,14707.08,0,0,0.0000
12109,12197.00,14117.12,0,0,0.0000
12110,12091.13,14697.13,0,0,0.0000
12111,11834.96,14511.75,2,3,0.0000
12112,11658.90,14659.16,NaN,NaN,NaN
12113,11787.71,14382.54,NaN,NaN,NaN
12114,12148.01,14444.30,NaN,NaN,NaN
12115,12282.54,14553.01,NaN,NaN,NaN
12116,12033.52,14661.66,0,0,0.0000
12117,12356.03,14463.04,0,0,0.0000
12118,11808.24,14573.62,NaN,NaN,NaN
12119,12382.98,14690.96,0,0,0.0000
12120,12400.83,14079.19,NaN,NaN,NaN
12121,12099.91,14095.75,2,6,3.0000
12122,12302.72,14631.74,0,0,0.0000
12123,11936.58,14156.94,0,0,0.0000
12124,11712.49,14627.84,NaN,NaN,NaN
12125,13091.04,14269.79,4,7,0.0000
12126,12791.93,14077.03,NaN,NaN,NaN
12127,12744.04,14252.14,0,0,0.0000
12128,13010.02,14151.10,NaN,NaN,NaN
12129,12493.71,14196.08,3,4,0.0000
12130,13021.49,14411.09,0,0,0.0000
12131,13019.13,14608.49,2,4,2.0000
12132,12428.58,14150.71,NaN,NaN,NaN
12133,12613.63,14502.90,NaN,NaN,NaN
12134,12669.92,14534.86,0,0,0.0000
12135,12920.14,14356.86,NaN,NaN,NaN
12136,12606.21,14165.87,NaN,NaN,NaN
12137,12626.94,14058.92,0,0,0.0000
12138,12714.38,14000.72,NaN,NaN,NaN
12139,13109.86,14007.27,NaN,NaN,NaN
12140,12918.83,14121.09,0,0,0.0000
12141,12916.53,14262.77,0,0,0.0000
12142,12578.01,13980.65,NaN,NaN,NaN
12143,13031.48,14021.49,2,4,2.0000
12144,12660.81,14345.49,NaN,NaN,NaN
12145,13101.33,14554.67,NaN,NaN,NaN
12146,12762.36,14518.39,NaN,NaN,NaN
12147,12847.87,14321.84,0,0,0.0000
12148,12468.55,14553.81,NaN,NaN,NaN
12149,12892.65,14529.46,NaN,NaN,NaN
12150,12938.81,13992.98,0,0,0.0000
12151,12973.07,14067.99,NaN,NaN,NaN
12152,12936.87,14623.01,3,3,0.0000
12153,13172.75,14671.43,NaN,NaN,NaN
12154,12550.88,14481.68,0,0,0.0000
12155,12723.88,14396.76,NaN,NaN,NaN
12156,12557.93,14345.69,0,0,0.0000
12157,12633.60,14428.23,0,0,0.0000
12158,13102.54,14496.25,NaN,NaN,NaN
12159,12468.18,14443.38,NaN,NaN,NaN
12160,12935.89,14427.48,NaN,NaN,NaN
12161,12979.69,14527.08,0,0,0.0000
12162,12807.01,14445.37,NaN,NaN,NaN
12163,12465.72,14274.63,0,0,0.0000
12164,12797.83,13967.89,2,5,2.5000
12165,13097.68,14111.28,2,3,0.0000
12166,12435.12,14402.99,NaN,NaN,NaN
12167,12843.82,14393.11,NaN,NaN,NaN
12168,12997.76,14474.06,0,0,0.0000
12169,13110.27,14648.42,NaN,NaN,NaN
12170,12861.25,14480.27,0,0,0.0000
12171,13166.96,14507.45,NaN,NaN,NaN
12172,12529.46,14285.86,NaN,NaN,NaN
12173,12467.43,14502.27,0,0,0.0000
12174,12699.70,14158.53,0,0,0.0000
12175,12562.61,14586.68,0,0,0.0000
12176,12475.90,14359.84,0,0,0.0000
12177,13107.90,14610.71,0,0,0.0000
12178,13208.10,14093.40,0,0,0.0000
12179,13188.97,14342.61,3,4,0.0000
12180,13402.27,14075.19,NaN,NaN,NaN
12181,13338.17,14596.68,3,4,0.0000
12182,13509.52,14382.96,0,0,0.0000
12183,13448.20,14185.09,NaN,NaN,NaN
12184,13410.67,14487.62,NaN,NaN,NaN
12185,13206.80,14599.07,NaN,NaN,NaN
12186,13277.54,14445.62,2,5,2.5000
12187,13356.46,13959.10,NaN,NaN,NaN
12188,13298.81,14143.42,NaN,NaN,NaN
12189,13500.91,14064.16,NaN,NaN,NaN
12190,13403.61,14400.84,NaN,NaN,NaN
12191,13592.84,14179.70,0,0,0.0000
12192,13227.80,14523.73,NaN,NaN,NaN
12193,13442.74,14347.72,NaN,NaN,NaN
12194,13592.13,13970.44,2,1,0.0000
12195,13510.93,14153.01,NaN,NaN,NaN
12196,13271.57,14269.64,NaN,NaN,NaN
12197,13407.56,14279.26,NaN,NaN,NaN
12198,13349.60,14276.16,NaN,NaN,NaN
12199,13488.21,14303.52,0,0,0.0000
12200,13477.11,14253.66,NaN,NaN,NaN
12201,13337.79,14378.70,NaN,NaN,NaN
12202,13226.29,14689.53,0,0,0.0000
12203,13321.86,14220.53,NaN,NaN,NaN
12204,13280.81,14555.28,NaN,NaN,NaN
12205,13573.10,14015.36,0,0,0.0000
12206,13332.86,14535.03,NaN,NaN,NaN
12207,13217.43,14444.53,0,0,0.0000
12208,13311.04,14065.45,0,0,0.0000
12209,16294.02,14338.07,0,0,0.0000
12210,16334.64,14291.11,NaN,NaN,NaN
12211,16214.00,14366.83,NaN,NaN,NaN
12212,16283.41,14266.24,0,0,0.0000
12213,16306.36,14210.89,NaN,NaN,NaN
12214,16330.86,14228.34,0,0,0.0000
12215,16234.08,14406.49,0,0,0.0000
12216,16227.13,14320.03,0,0,0.0000
12217,793.61,14971.80,NaN,NaN,NaN
12218,505.48,14922.88,3,3,0.0000
12219,481.96,15346.35,2,1,0.0000
12220,711.00,14778.11,3,3,0.0000
12221,627.75,15045.69,2,3,0.0000
12222,417.98,14752.32,NaN,NaN,NaN
12223,515.01,14818.67,2,2,0.0000
12224,679.65,15094.47,2,5,2.5000
12225,419.68,14941.43,NaN,NaN,NaN
12226,506.16,14755.58,NaN,NaN,NaN
12227,133.29,15387.97,NaN,NaN,NaN
12228,459.40,15470.64,NaN,NaN,NaN
12229,662.44,14927.85,NaN,NaN,NaN
12230,877.83,15023.93,NaN,NaN,NaN
12231,804.24,14869.01,NaN,NaN,NaN
12232,875.17,14855.05,5,3,0.0000
12233,832.16,14764.57,NaN,NaN,NaN
12234,174.90,14925.28,NaN,NaN,NaN
12235,53.35,15403.89,NaN,NaN,NaN
12236,735.88,14724.11,NaN,NaN,NaN
12237,440.42,15401.97,3,4,0.0000
12238,63.04,15243.15,NaN,NaN,NaN
12239,123.25,15478.29,4,3,0.0000
12240,530.51,15425.43,0,0,0.0000
12241,736.76,15133.61,0,0,0.0000
12242,92.73,15323.11,NaN,NaN,NaN
12243,396.38,14853.95,0,0,0.0000
12244,64.99,15473.48,3,3,0.0000
12245,645.92,14981.95,NaN,NaN,NaN
12246,601.25,14880.62,0,0,0.0000
12247,540.84,15303.29,0,0,0.0000
12248,644.32,15306.50,NaN,NaN,NaN
12249,821.98,15105.98,NaN,NaN,NaN
12250,546.97,15363.93,2,2,0.0000
12251,782.73,14822.20,NaN,NaN,NaN
12252,539.96,15020.30,NaN,NaN,NaN
12253,724.04,14864.61,NaN,NaN,NaN
12254,375.77,14794.44,0,0,0.0000
12255,730.03,15050.70,0,0,0.0000
12256,495.12,14987.06,NaN,NaN,NaN
12257,885.72,15127.86,2,1,0.0000
12258,593.11,15285.95,NaN,NaN,NaN
12259,653.22,14738.65,NaN,NaN,NaN
12260,65.46,15180.78,NaN,NaN,NaN
12261,822.77,15176.16,0,0,0.0000
12262,465.63,15014.70,0,0,0.0000
12263,48.00,15345.14,2,3,0.0000
12264,160.39,15444.45,NaN,NaN,NaN
12265,126.18,14869.80,2,3,0.0000
12266,892.31,14777.18,NaN,NaN,NaN
12267,658.67,14840.97,NaN,NaN,NaN
12268,647.66,15361.89,NaN,NaN,NaN
12269,691.52,14897.49,0,0,0.0000
12270,982.86,14738.79,NaN,NaN,NaN
12271,1546.90,15011.17,3,4,0.0000
12272,1402.00,15166.07,NaN,NaN,NaN
12273,1616.39,15403.17,NaN,NaN,NaN
12274,1418.11,15014.47,NaN,NaN,NaN
12275,1543.40,15286.24,2,3,0.0000
12276,975.17,14942.71,2,4,2.0000
12277,1073.51,14956.08,NaN,NaN,NaN
12278,1050.66,14830.59,2,4,2.0000
12279,1156.98,14870.77,0,0,0.0000
12280,1397.97,14905.54,2,3,0.0000
12281,974.79,14865.01,NaN,NaN,NaN
12282,1290.29,15019.01,NaN,NaN,NaN
12283,1115.06,14908.58,0,0,0.0000
12284,1096.27,14780.55,NaN,NaN,NaN
12285,1487.39,15084.70,NaN,NaN,NaN
12286,1346.31,15246.94,0,0,0.0000
12287,1526.29,14825.76,4,7,0.0000
12288,1456.46,14782.90,NaN,NaN,NaN
12289,1142.77,15267.34,NaN,NaN,NaN
12290,1325.10,14784.42,NaN,NaN,NaN
12291,928.43,15020.60,0,0,0.0000
12292,1470.07,15183.05,2,6,3.0000
12293,1464.91,15306.66,0,0,0.0000
12294,1652.03,15329.53,0,0,0.0000
12295,1056.01,15104.89,NaN,NaN,NaN
12296,1565.18,15137.49,NaN,NaN,NaN
12297,1513.35,15348.39,NaN,NaN,NaN
12298,1591.69,14823.27,NaN,NaN,NaN
12299,1417.79,15355.71,NaN,NaN,NaN
12300,1596.36,14924.15,NaN,NaN,NaN
12301,975.37,15046.95,2,2,0.0000
12302,1277.49,14940.10,NaN,NaN,NaN
12303,1164.06,14969.38,0,0,0.0000
12304,1606.42,15078.03,NaN,NaN,NaN
12305,1251.36,14761.50,2,3,0.0000
12306,1301.64,14849.94,2,4,2.0000
12307,1331.43,14925.84,NaN,NaN,NaN
12308,1611.93,15462.22,NaN,NaN,NaN
12309,1473.47,14880.61,0,0,0.0000
12310,1040.02,15009.84,NaN,NaN,NaN
12311,1393.20,14834.48,0,0,0.0000
12312,1542.76,15225.92,NaN,NaN,NaN
12313,1225.34,15009.55,NaN,NaN,NaN
12314,1517.87,15394.15,0,0,0.0000
12315,1243.81,14830.33,NaN,NaN,NaN
12316,1182.39,14820.47,NaN,NaN,NaN
12317,1391.17,14777.94,NaN,NaN,NaN
12318,1658.59,15128.98,NaN,NaN,NaN
12319,1479.12,14965.13,0,0,0.0000
12320,1629.29,15244.02,NaN,NaN,NaN
12321,1382.85,15112.18,3,3,0.0000
12322,1622.89,14992.35,0,0,0.0000
12323,1085.04,15285.14,NaN,NaN,NaN
12324,1188.27,14763.51,0,0,0.0000
12325,1074.44,15191.84,NaN,NaN,NaN
12326,928.43,14828.32,NaN,NaN,NaN
12327,1475.20,15418.41,NaN,NaN,NaN
12328,1529.11,15447.55,NaN,NaN,NaN
12329,1548.07,15181.55,0,0,0.0000
12330,1441.91,15254.98,NaN,NaN,NaN
12331,909.88,14933.65,0,0,0.0000
12332,1636.53,14874.48,0,0,0.0000
12333,1334.14,15141.66,0,0,0.0000
12334,897.69,14745.48,NaN,NaN,NaN
12335,1613.87,15168.68,NaN,NaN,NaN
12336,1244.51,14882.47,NaN,NaN,NaN
12337,1231.28,14951.85,NaN,NaN,NaN
12338,1585.34,15355.05,NaN,NaN,NaN
12339,1534.82,14904.63,2,4,2.0000
12340,1539.20,15083.75,0,0,0.0000
12341,1692.04,15214.35,NaN,NaN,NaN
12342,1809.91,14731.85,NaN,NaN,NaN
12343,1744.89,15414.40,NaN,NaN,NaN
12344,1780.55,15248.25,NaN,NaN,NaN
12345,1893.54,14852.60,NaN,NaN,NaN
12346,1888.75,15468.22,NaN,NaN,NaN
12347,2013.00,15318.74,NaN,NaN,NaN
12348,1867.81,15394.83,NaN,NaN,NaN
12349,1850.40,14998.53,NaN,NaN,NaN
12350,1813.45,15396.57,NaN,NaN,NaN
12351,1706.94,15342.38,0,0,0.0000
12352,1695.91,14981.64,2,3,0.0000
12353,1826.47,14837.83,0,0,0.0000
12354,1670.20,14918.61,NaN,NaN,NaN
12355,1743.26,15303.31,NaN,NaN,NaN
12356,1723.29,15102.22,0,0,0.0000
12357,1942.57,14919.94,NaN,NaN,NaN
12358,1815.06,15314.98,0,0,0.0000
12359,1715.71,15032.73,NaN,NaN,NaN
12360,2052.31,15362.51,NaN,NaN,NaN
12361,2034.53,15257.65,NaN,NaN,NaN
12362,1754.76,15150.28,0,0,0.0000
12363,2068.81,15415.48,3,3,0.0000
12364,1842.55,15335.26,2,2,0.0000
12365,1892.58,15056.52,NaN,NaN,NaN
12366,1670.03,15068.94,0,0,0.0000
12367,1735.32,14943.92,NaN,NaN,NaN
12368,1774.95,15357.86,0,0,0.0000
12369,1832.14,15462.80,2,2,0.0000
12370,1975.13,15241.30,0,0,0.0000
12371,3881.40,14809.16,NaN,NaN,NaN
12372,3839.13,14872.56,0,0,0.0000
12373,3961.41,14848.29,2,3,0.0000
12374,3768.93,14825.29,2,3,0.0000
12375,3916.95,14749.50,NaN,NaN,NaN
12376,4239.46,14997.61,NaN,NaN,NaN
12377,4183.17,15092.73,0,0,0.0000
12378,4120.35,14738.38,2,2,0.0000
12379,4085.47,14949.68,NaN,NaN,NaN
12380,4564.80,15467.10,NaN,NaN,NaN
12381,4585.67,15240.41,NaN,NaN,NaN
12382,4241.17,14743.36,NaN,NaN,NaN
12383,4066.05,14852.27,0,0,0.0000
12384,4505.04,15261.63,0,0,0.0000
12385,4463.50,14816.89,NaN,NaN,NaN
12386,4176.02,14826.39,NaN,NaN,NaN
12387,4388.92,14839.68,4,4,0.0000
12388,4342.36,14917.59,0,0,0.0000
12389,4404.39,15356.18,0,0,0.0000
12390,4372.86,15188.92,NaN,NaN,NaN
12391,4088.40,15077.46,2,3,0.0000
12392,4620.24,14787.37,0,0,0.0000
12393,4702.80,15198.32,NaN,NaN,NaN
12394,4035.85,15025.17,0,0,0.0000
12395,4444.41,15223.79,NaN,NaN,NaN
12396,4431.32,14962.24,NaN,NaN,NaN
12397,4200.51,14904.92,NaN,NaN,NaN
12398,4280.35,14872.38,2,5,2.5000
12399,4223.00,15181.73,NaN,NaN,NaN
12400,4586.41,15345.61,0,0,0.0000
12401,4355.85,14996.01,NaN,NaN,NaN
12402,4455.07,15059.15,NaN,NaN,NaN
12403,4511.20,15057.66,NaN,NaN,NaN
12404,4666.81,14899.68,0,0,0.0000
12405,4327.50,14755.24,0,0,0.0000
12406,4630.65,15426.17,2,6,3.0000
12407,4541.21,14907.03,3,2,0.0000
12408,3985.42,14723.50,0,0,0.0000
12409,4492.46,14747.45,NaN,NaN,NaN
12410,4108.12,15145.48,3,4,0.0000
12411,4488.55,15474.49,0,0,0.0000
12412,4617.62,14987.27,0,0,0.0000
12413,4540.70,15139.68,2,2,0.0000
12414,4264.53,15259.96,NaN,NaN,NaN
12415,4565.56,15071.57,NaN,NaN,NaN
12416,4392.42,15096.57,NaN,NaN,NaN
12417,4601.83,14897.01,2,1,0.0000
12418,4403.39,14759.79,5,6,0.0000
12419,4341.39,15397.05,NaN,NaN,NaN
12420,4336.19,15288.82,0,0,0.0000
12421,4040.72,15128.84,NaN,NaN,NaN
12422,4687.91,15367.26,2,2,0.0000
12423,4675.68,15303.86,NaN,NaN,NaN
12424,4635.95,14843.44,NaN,NaN,NaN
12425,4183.26,15229.64,NaN,NaN,NaN
12426,4695.54,15066.31,NaN,NaN,NaN
12427,4676.38,15450.69,2,3,0.0000
12428,4640.45,15162.97,2,3,0.0000
12429,4390.02,15434.53,0,0,0.0000
12430,4425.10,15485.82,0,0,0.0000
12431,4636.95,15058.59,0,0,0.0000
12432,4302.79,15135.64,0,0,0.0000
12433,4295.08,15199.12,2,7,3.5000
12434,4339.26,15073.53,NaN,NaN,NaN
12435,4466.25,15148.92,NaN,NaN,NaN
12436,4704.55,14844.78,0,0,0.0000
12437,4580.81,15021.80,NaN,NaN,NaN
12438,4261.39,15104.26,0,0,0.0000
12439,4705.81,14935.79,NaN,NaN,NaN
12440,4568.27,14770.72,NaN,NaN,NaN
12441,4730.29,15285.62,0,0,0.0000
12442,4732.91,15131.43,NaN,NaN,NaN
12443,4674.60,15124.88,0,0,0.0000
12444,4689.24,15006.51,0,0,0.0000
12445,4087.47,15204.95,0,0,0.0000
12446,4519.85,14853.33,0,0,0.0000
12447,4382.40,15254.70,NaN,NaN,NaN
12448,4033.61,14756.37,2,3,0.0000
12449,4448.83,15427.47,0,0,0.0000
12450,4678.90,14808.66,0,0,0.0000
12451,4283.33,15320.08,NaN,NaN,NaN
12452,4600.87,15172.45,NaN,NaN,NaN
12453,4484.10,14944.10,0,0,0.0000
12454,4689.48,14723.08,0,0,0.0000
12455,4662.98,15252.77,0,0,0.0000
12456,4550.95,14823.41,4,4,0.0000
12457,4322.02,15230.07,0,0,0.0000
12458,4613.14,15119.71,0,0,0.0000
12459,5451.13,14756.10,3,2,0.0000
12460,5041.30,15044.81,0,0,0.0000
12461,5488.36,15469.76,NaN,NaN,NaN
12462,5066.12,15433.47,NaN,NaN,NaN
12463,4798.27,15063.75,0,0,0.0000
12464,5308.89,15307.66,NaN,NaN,NaN
12465,4808.13,14784.88,3,6,2.0000
12466,5371.05,15404.86,NaN,NaN,NaN
12467,5341.17,15025.69,NaN,NaN,NaN
12468,4850.60,15230.08,NaN,NaN,NaN
12469,4747.82,15395.74,2,7,3.5000
12470,4779.79,14860.40,0,0,0.0000
12471,5045.18,15313.35,2,5,2.5000
12472,4932.90,14785.56,NaN,NaN,NaN
12473,5240.85,14972.78,2,3,0.0000
12474,5096.29,15150.94,2,2,0.0000
12475,5328.46,15122.41,NaN,NaN,NaN
12476,5313.78,14907.30,0,0,0.0000
12477,5052.96,14917.51,2,2,0.0000
12478,5170.62,14920.29,NaN,NaN,NaN
12479,4791.36,15152.94,NaN,NaN,NaN
12480,4887.85,15018.50,0,0,0.0000
12481,5406.55,15198.43,0,0,0.0000
12482,4804.75,14917.27,0,0,0.0000
12483,5128.91,15288.67,NaN,NaN,NaN
12484,4922.17,15209.12,3,3,0.0000
12485,5272.75,14760.67,NaN,NaN,NaN
12486,4961.20,14926.58,0,0,0.0000
12487,5501.22,15121.27,0,0,0.0000
12488,4833.46,15383.48,NaN,NaN,NaN
12489,5031.75,14858.52,2,1,0.0000
12490,4930.59,15048.25,NaN,NaN,NaN
12491,4828.35,15453.08,2,4,2.0000
12492,4739.72,14749.10,0,0,0.0000
12493,5404.15,15052.70,2,1,0.0000
12494,4896.18,15423.95,0,0,0.0000
12495,5201.82,15327.18,NaN,NaN,NaN
12496,5101.00,14736.51,0,0,0.0000
12497,4915.57,14847.53,0,0,0.0000
12498,4795.98,15259.91,NaN,NaN,NaN
12499,4891.94,15129.66,NaN,NaN,NaN
12500,4745.35,15483.45,NaN,NaN,NaN
12501,4929.99,15365.15,2,2,0.0000
12502,4991.94,15182.62,NaN,NaN,NaN
12503,5058.99,14790.15,0,0,0.0000
12504,5013.13,15457.64,NaN,NaN,NaN
12505,4750.53,14977.00,2,4,2.0000
12506,5343.21,15484.38,NaN,NaN,NaN
12507,5485.60,15210.87,NaN,NaN,NaN
12508,5408.61,14893.96,NaN,NaN,NaN
12509,5472.97,15011.84,0,0,0.0000
12510,5120.02,14950.32,NaN,NaN,NaN
12511,5218.53,15171.12,2,4,2.0000
12512,5301.29,15223.96,2,7,3.5000
12513,4952.88,15114.81,NaN,NaN,NaN
12514,5147.49,15164.99,3,6,2.0000
12515,5092.09,15374.69,NaN,NaN,NaN
12516,5108.39,14852.68,0,0,0.0000
12517,5355.20,15356.87,NaN,NaN,NaN
12518,5212.38,14862.83,3,3,0.0000
12519,4819.80,14975.56,0,0,0.0000
12520,5065.52,15229.44,NaN,NaN,NaN
12521,5446.30,14946.15,0,0,0.0000
12522,5366.89,14853.16,0,0,0.0000
12523,5151.75,14818.52,0,0,0.0000
12524,5368.42,14950.80,0,0,0.0000
12525,5206.73,15402.59,NaN,NaN,NaN
12526,4989.80,15377.19,NaN,NaN,NaN
12527,4892.01,14752.36,0,0,0.0000
12528,5350.17,14802.78,NaN,NaN,NaN
12529,5418.59,15318.32,2,5,2.5000
12530,5259.01,14827.35,NaN,NaN,NaN
12531,5162.48,14764.18,0,0,0.0000
12532,5429.67,15272.52,NaN,NaN,NaN
12533,5460.04,14869.03,0,0,0.0000
12534,5253.00,15437.35,0,0,0.0000
12535,5182.89,15037.81,0,0,0.0000
12536,5004.71,15239.00,NaN,NaN,NaN
12537,5349.39,15192.97,0,0,0.0000
12538,5235.65,15268.86,0,0,0.0000
12539,4816.30,15322.55,NaN,NaN,NaN
12540,4950.42,15456.96,NaN,NaN,NaN
12541,4949.31,15263.66,NaN,NaN,NaN
12542,5160.09,15217.54,NaN,NaN,NaN
12543,5112.35,15225.81,NaN,NaN,NaN
12544,5376.30,15260.95,0,0,0.0000
12545,5268.13,15396.20,0,0,0.0000
12546,4980.61,14835.41,0,0,0.0000
12547,4840.56,15011.73,0,0,0.0000
12548,4934.33,15309.86,NaN,NaN,NaN
12549,4769.18,15308.86,2,4,2.0000
12550,5152.60,15061.78,0,0,0.0000
12551,5032.49,15153.28,0,0,0.0000
12552,5304.15,14804.47,0,0,0.0000
12553,5446.04,15092.98,0,0,0.0000
12554,5264.17,14895.47,0,0,0.0000
12555,4975.53,14721.87,0,0,0.0000
12556,5461.37,15160.66,0,0,0.0000
12557,4877.19,15322.23,NaN,NaN,NaN
12558,4952.83,14971.90,NaN,NaN,NaN
12559,4752.59,15087.03,NaN,NaN,NaN
12560,5402.20,15127.36,0,0,0.0000
12561,4993.40,15282.40,0,0,0.0000
12562,5156.48,15450.09,0,0,0.0000
12563,5151.65,15322.36,0,0,0.0000
12564,5625.79,15147.03,2,9,4.5000
12565,5530.75,14926.40,0,0,0.0000
12566,5573.88,15060.63,NaN,NaN,NaN
12567,5839.08,14837.68,NaN,NaN,NaN
12568,5809.44,14990.14,0,0,0.0000
12569,5616.50,15267.18,NaN,NaN,NaN
12570,5521.28,15270.10,NaN,NaN,NaN
12571,5659.01,14986.12,0,0,0.0000
12572,5532.93,15381.89,0,0,0.0000
12573,5728.63,14809.33,NaN,NaN,NaN
12574,5781.14,14825.40,2,3,0.0000
12575,5677.87,14768.43,NaN,NaN,NaN
12576,5684.34,15064.50,NaN,NaN,NaN
12577,5674.69,15279.84,NaN,NaN,NaN
12578,5664.80,14836.57,NaN,NaN,NaN
12579,5621.45,14895.87,2,4,2.0000
12580,5602.90,14984.35,NaN,NaN,NaN
12581,5724.38,15210.14,0,0,0.0000
12582,5701.74,15168.61,0,0,0.0000
12583,5792.27,14886.92,NaN,NaN,NaN
12584,5723.43,15049.57,NaN,NaN,NaN
12585,5683.67,14941.84,3,4,0.0000
12586,5753.44,14972.74,NaN,NaN,NaN
12587,5533.21,15174.95,0,0,0.0000
12588,5973.05,14991.11,NaN,NaN,NaN
12589,5629.10,14856.94,NaN,NaN,NaN
12590,5507.63,15320.80,0,0,0.0000
12591,5717.01,15294.72,NaN,NaN,NaN
12592,5636.64,15044.16,NaN,NaN,NaN
12593,5670.78,15211.10,0,0,0.0000
12594,5738.99,14870.42,2,4,2.0000
12595,7632.11,14740.70,NaN,NaN,NaN
12596,7267.75,14800.21,NaN,NaN,NaN
12597,7484.54,14732.31,NaN,NaN,NaN
12598,7926.58,14814.69,0,0,0.0000
12599,7974.90,14896.12,2,4,2.0000
12600,7874.20,14832.37,3,4,0.0000
12601,7867.71,14748.29,NaN,NaN,NaN
12602,8064.48,14829.97,0,0,0.0000
12603,7988.05,14786.65,NaN,NaN,NaN
12604,7965.50,15011.99,0,0,0.0000
12605,7902.67,14759.48,NaN,NaN,NaN
12606,7916.75,15069.72,0,0,0.0000
12607,8127.04,15447.19,0,0,0.0000
12608,8041.11,14774.88,NaN,NaN,NaN
12609,8009.59,15015.52,0,0,0.0000
12610,7913.94,14893.03,2,5,2.5000
12611,8122.12,15355.97,0,0,0.0000
12612,7928.17,15110.69,0,0,0.0000
12613,8078.28,15033.74,0,0,0.0000
12614,7953.12,14965.10,2,4,2.0000
12615,7964.06,15128.68,0,0,0.0000
12616,11845.63,14750.83,2,2,0.0000
12617,11935.53,14759.84,NaN,NaN,NaN
12618,12361.31,14911.25,0,0,0.0000
12619,11796.33,14834.70,0,0,0.0000
12620,12116.71,14728.81,NaN,NaN,NaN
12621,12075.15,14753.51,0,0,0.0000
12622,12811.95,15393.58,4,3,0.0000
12623,12511.84,15409.88,0,0,0.0000
12624,12666.98,15441.80,NaN,NaN,NaN
12625,12590.29,15383.89,3,4,0.0000
12626,12921.08,15471.99,0,0,0.0000
12627,12585.03,15453.17,NaN,NaN,NaN
12628,12594.43,15334.70,NaN,NaN,NaN
12629,13176.78,15487.50,0,0,0.0000
12630,13122.79,15484.89,0,0,0.0000
12631,12907.30,15396.63,0,0,0.0000
12632,12529.21,15461.10,NaN,NaN,NaN
12633,13884.20,15448.22,NaN,NaN,NaN
12634,13935.33,15253.53,NaN,NaN,NaN
12635,13836.28,15301.31,NaN,NaN,NaN
12636,13769.49,15383.57,NaN,NaN,NaN
12637,13847.40,15385.36,0,0,0.0000
12638,13760.70,15482.04,NaN,NaN,NaN
12639,13875.79,15207.55,3,3,0.0000
12640,13935.39,15338.17,3,5,0.0000
12641,13766.91,15440.69,0,0,0.0000
12642,13766.59,15304.06,2,8,4.0000
12643,13979.47,14994.13,NaN,NaN,NaN
12644,14317.95,15008.47,NaN,NaN,NaN
12645,13992.38,15113.95,2,9,4.5000
12646,14070.78,15403.46,NaN,NaN,NaN
12647,14252.12,15162.91,NaN,NaN,NaN
12648,14040.29,15185.86,NaN,NaN,NaN
12649,14114.31,15250.68,0,0,0.0000
12650,14228.04,15251.50,NaN,NaN,NaN
12651,14009.96,15288.00,NaN,NaN,NaN
12652,14133.29,15353.80,0,0,0.0000
12653,14005.82,15384.68,NaN,NaN,NaN
12654,14123.27,15119.70,0,0,0.0000
12655,14148.89,15174.73,NaN,NaN,NaN
12656,14416.49,14955.36,NaN,NaN,NaN
12657,14513.92,14826.84,NaN,NaN,NaN
12658,14355.79,14868.22,NaN,NaN,NaN
12659,14179.72,15322.84,0,0,0.0000
12660,14142.57,15047.31,2,3,0.0000
12661,14439.29,14848.27,NaN,NaN,NaN
12662,14501.64,14925.37,2,2,0.0000
12663,14155.89,14986.88,0,0,0.0000
12664,14407.75,14904.13,2,5,2.5000
12665,14221.74,15023.26,0,0,0.0000
12666,14232.68,15067.38,NaN,NaN,NaN
12667,14500.67,14861.01,0,0,0.0000
12668,14139.05,15420.92,0,0,0.0000
12669,14180.90,15079.38,2,5,2.5000
12670,14482.33,14885.78,0,0,0.0000
12671,14463.03,14898.22,NaN,NaN,NaN
12672,15400.27,15481.35,NaN,NaN,NaN
12673,15250.37,15472.35,2,3,0.0000
12674,14977.37,15473.20,2,4,2.0000
12675,15207.60,15399.60,2,7,3.5000
12676,15151.09,15415.62,0,0,0.0000
12677,15354.63,15421.31,NaN,NaN,NaN
12678,14981.92,15403.43,0,0,0.0000
12679,746.13,15996.55,NaN,NaN,NaN
12680,831.91,16311.54,NaN,NaN,NaN
12681,789.78,16281.41,NaN,NaN,NaN
12682,798.28,16098.36,NaN,NaN,NaN
12683,562.41,16218.15,2,4,2.0000
12684,745.34,16299.47,2,2,0.0000
12685,891.92,16138.09,2,3,0.0000
12686,585.36,16271.42,2,2,0.0000
12687,607.96,16322.94,NaN,NaN,NaN
12688,886.08,15863.13,2,4,2.0000
12689,746.26,16210.09,2,2,0.0000
12690,662.82,16254.75,NaN,NaN,NaN
12691,100.09,15655.73,NaN,NaN,NaN
12692,713.28,16123.77,0,0,0.0000
12693,741.04,15778.05,0,0,0.0000
12694,160.85,15667.58,0,0,0.0000
12695,858.39,16057.16,0,0,0.0000
12696,94.85,15589.36,0,0,0.0000
12697,629.27,16187.83,0,0,0.0000
12698,831.46,15949.65,NaN,NaN,NaN
12699,839.56,16173.50,0,0,0.0000
12700,56.22,15532.08,2,3,0.0000
12701,519.85,15510.20,NaN,NaN,NaN
12702,127.46,15726.85,0,0,0.0000
12703,45.84,15852.14,NaN,NaN,NaN
12704,480.82,16295.97,NaN,NaN,NaN
12705,169.42,15602.39,NaN,NaN,NaN
12706,775.79,15867.06,NaN,NaN,NaN
12707,124.68,15550.45,NaN,NaN,NaN
12708,814.37,15801.00,0,0,0.0000
12709,704.95,15854.74,NaN,NaN,NaN
12710,894.22,15816.73,NaN,NaN,NaN
12711,783.28,15745.48,NaN,NaN,NaN
12712,696.52,16197.23,NaN,NaN,NaN
12713,48.52,15993.05,NaN,NaN,NaN
12714,172.14,15536.98,NaN,NaN,NaN
12715,67.76,15684.91,NaN,NaN,NaN
12716,681.00,16031.32,0,0,0.0000
12717,500.41,16233.04,NaN,NaN,NaN
12718,641.87,16029.73,0,0,0.0000
12719,682.13,15793.25,NaN,NaN,NaN
12720,82.86,15952.51,0,0,0.0000
12721,446.82,16343.95,NaN,NaN,NaN
12722,621.69,16108.01,0,0,0.0000
12723,831.02,16228.40,NaN,NaN,NaN
12724,785.92,16170.73,NaN,NaN,NaN
12725,672.55,16165.22,NaN,NaN,NaN
12726,518.56,16336.40,2,3,0.0000
12727,1000.50,16272.95,NaN,NaN,NaN
12728,917.31,16254.11,NaN,NaN,NaN
12729,1243.33,16176.79,NaN,NaN,NaN
12730,1445.44,16317.22,NaN,NaN,NaN
12731,949.60,16024.32,0,0,0.0000
12732,1007.88,16116.66,0,0,0.0000
12733,1157.54,16179.10,NaN,NaN,NaN
12734,1335.07,16184.25,0,0,0.0000
12735,1132.48,16314.52,2,3,0.0000
12736,1050.71,16060.03,3,3,0.0000
12737,1219.74,15890.42,0,0,0.0000
12738,1262.09,16265.95,NaN,NaN,NaN
12739,1152.37,15914.63,NaN,NaN,NaN
12740,1190.40,16274.11,NaN,NaN,NaN
12741,1170.43,16114.21,NaN,NaN,NaN
12742,1226.80,16078.10,NaN,NaN,NaN
12743,1101.70,15881.50,NaN,NaN,NaN
12744,974.94,15923.83,NaN,NaN,NaN
12745,1315.13,16311.05,2,2,0.0000
12746,1150.14,16002.18,NaN,NaN,NaN
12747,909.42,15925.20,0,0,0.0000
12748,1389.19,16263.48,NaN,NaN,NaN
12749,1511.54,16218.79,NaN,NaN,NaN
12750,1052.06,15908.55,2,4,2.0000
12751,954.74,16151.55,0,0,0.0000
12752,1196.77,15984.38,0,0,0.0000
12753,1023.28,15849.22,0,0,0.0000
12754,1207.68,16040.89,0,0,0.0000
12755,1056.03,15960.57,2,2,0.0000
12756,1112.79,15746.18,NaN,NaN,NaN
12757,1062.55,15780.52,NaN,NaN,NaN
12758,1006.68,15806.10,0,0,0.0000
12759,1138.31,15842.47,NaN,NaN,NaN
12760,1071.91,15842.36,NaN,NaN,NaN
12761,1019.13,15993.74,0,0,0.0000
12762,1065.72,16173.58,0,0,0.0000
12763,1069.98,16246.75,0,0,0.0000
12764,1175.56,15716.98,NaN,NaN,NaN
12765,1105.07,16038.44,NaN,NaN,NaN
12766,1131.43,15692.89,NaN,NaN,NaN
12767,1382.26,16209.73,NaN,NaN,NaN
12768,897.71,16038.00,0,0,0.0000
12769,1067.40,16007.65,NaN,NaN,NaN
12770,1096.51,15996.25,0,0,0.0000
12771,941.79,15890.15,NaN,NaN,NaN
12772,1141.33,16068.18,0,0,0.0000
12773,1215.89,16344.39,2,1,0.0000
12774,1816.27,15517.45,2,4,2.0000
12775,1682.80,16252.45,NaN,NaN,NaN
12776,1740.61,15509.02,NaN,NaN,NaN
12777,1742.97,16259.49,NaN,NaN,NaN
12778,1836.94,16196.93,NaN,NaN,NaN
12779,2333.93,16256.84,NaN,NaN,NaN
12780,1913.95,15570.50,NaN,NaN,NaN
12781,1826.83,15585.04,NaN,NaN,NaN
12782,2415.05,16279.41,NaN,NaN,NaN
12783,1787.26,16216.53,4,7,0.0000
12784,2272.86,16342.69,NaN,NaN,NaN
12785,1852.75,15621.22,NaN,NaN,NaN
12786,2363.22,16296.50,0,0,0.0000
12787,2367.16,16224.65,0,0,0.0000
12788,1758.67,16207.77,0,0,0.0000
12789,2417.07,16210.42,NaN,NaN,NaN
12790,1905.60,15626.12,NaN,NaN,NaN
12791,1888.68,16223.49,0,0,0.0000
12792,1870.18,16300.04,2,2,0.0000
12793,1803.01,15643.27,0,0,0.0000
12794,1773.98,15604.01,0,0,0.0000
12795,1856.56,16257.93,NaN,NaN,NaN
12796,1844.41,16126.85,0,0,0.0000
12797,2485.05,16267.85,NaN,NaN,NaN
12798,2622.79,16330.31,2,5,2.5000
12799,3174.56,15823.42,0,0,0.0000
12800,2531.77,16341.23,0,0,0.0000
12801,2571.68,16291.98,0,0,0.0000
12802,3328.57,16153.66,5,6,0.0000
12803,3252.62,16038.42,0,0,0.0000
12804,3338.17,16227.67,NaN,NaN,NaN
12805,3271.35,16183.90,0,0,0.0000
12806,3246.20,16105.22,0,0,0.0000
12807,3313.04,16076.04,NaN,NaN,NaN
12808,3222.42,15958.80,2,3,0.0000
12809,4538.09,15940.21,3,4,0.0000
12810,4668.28,16270.19,0,0,0.0000
12811,4465.43,16137.79,0,0,0.0000
12812,4418.90,15912.99,NaN,NaN,NaN
12813,4322.27,16177.51,2,10,5.0000
12814,4394.41,15680.09,0,0,0.0000
12815,4659.37,15549.52,0,0,0.0000
12816,4494.16,15672.10,NaN,NaN,NaN
12817,4588.91,16155.91,0,0,0.0000
12818,4568.35,15622.80,0,0,0.0000
12819,4378.52,16082.02,NaN,NaN,NaN
12820,4645.00,15959.08,0,0,0.0000
12821,4671.36,15753.15,0,0,0.0000
12822,4508.81,15580.59,2,3,0.0000
12823,4575.81,16271.32,0,0,0.0000
12824,4671.97,16165.73,0,0,0.0000
12825,4379.07,15566.80,0,0,0.0000
12826,4663.99,15663.26,0,0,0.0000
12827,4468.04,16045.86,0,0,0.0000
12828,4605.72,16062.10,0,0,0.0000
12829,4677.19,16037.62,NaN,NaN,NaN
12830,4445.88,15580.61,0,0,0.0000
12831,4512.92,16307.26,0,0,0.0000
12832,4483.94,15788.13,0,0,0.0000
12833,4294.00,16279.02,0,0,0.0000
12834,4664.38,15876.54,0,0,0.0000
12835,4589.55,15705.40,0,0,0.0000
12836,4526.39,15758.52,0,0,0.0000
12837,4441.53,16298.09,0,0,0.0000
12838,4346.23,15887.55,0,0,0.0000
12839,4462.05,15523.16,0,0,0.0000
12840,4327.49,16045.04,NaN,NaN,NaN
12841,4678.69,16097.22,0,0,0.0000
12842,4539.21,16196.22,0,0,0.0000
12843,4350.80,15495.82,NaN,NaN,NaN
12844,4734.47,16136.61,0,0,0.0000
12845,4363.99,16001.09,3,5,0.0000
12846,4415.89,15774.73,0,0,0.0000
12847,4395.96,16185.23,0,0,0.0000
12848,4523.25,16256.13,NaN,NaN,NaN
12849,4406.18,16262.57,NaN,NaN,NaN
12850,4594.43,15567.44,0,0,0.0000
12851,4479.02,16226.88,0,0,0.0000
12852,4396.09,16224.15,0,0,0.0000
12853,4293.49,15641.48,NaN,NaN,NaN
12854,4397.52,15984.36,NaN,NaN,NaN
12855,4804.72,15809.43,0,0,0.0000
12856,5356.38,15574.81,0,0,0.0000
12857,4774.96,15571.59,5,3,0.0000
12858,4899.90,15929.62,0,0,0.0000
12859,5184.67,15788.26,0,0,0.0000
12860,5006.16,15929.38,NaN,NaN,NaN
12861,4808.15,16219.24,0,0,0.0000
12862,5096.92,15703.47,0,0,0.0000
12863,5151.21,15574.64,0,0,0.0000
12864,5230.38,15649.84,0,0,0.0000
12865,4764.91,15992.57,0,0,0.0000
12866,5000.76,16310.11,0,0,0.0000
12867,5274.46,16320.61,NaN,NaN,NaN
12868,4907.71,15669.66,0,0,0.0000
12869,4985.69,15841.22,0,0,0.0000
12870,4866.40,15552.36,NaN,NaN,NaN
12871,4902.89,16041.90,0,0,0.0000
12872,5088.55,16081.66,NaN,NaN,NaN
12873,5020.96,15556.37,NaN,NaN,NaN
12874,4933.65,15529.04,NaN,NaN,NaN
12875,4740.56,15897.54,0,0,0.0000
12876,4779.34,16087.26,0,0,0.0000
12877,4994.56,15715.59,NaN,NaN,NaN
12878,5230.26,15513.42,0,0,0.0000
12879,5188.85,16038.52,0,0,0.0000
12880,4964.47,16134.76,0,0,0.0000
12881,5392.99,15869.59,0,0,0.0000
12882,4834.92,15640.45,NaN,NaN,NaN
12883,4881.21,16174.73,0,0,0.0000
12884,5081.58,15871.96,0,0,0.0000
12885,4998.75,16068.97,0,0,0.0000
12886,5158.17,15900.98,NaN,NaN,NaN
12887,5437.77,15789.81,0,0,0.0000
12888,4889.96,16281.10,0,0,0.0000
12889,5148.49,15987.68,NaN,NaN,NaN
12890,4953.15,16237.61,0,0,0.0000
12891,5001.56,16000.62,NaN,NaN,NaN
12892,5259.16,15992.82,NaN,NaN,NaN
12893,5282.91,15774.00,NaN,NaN,NaN
12894,5070.64,16174.16,0,0,0.0000
12895,4995.54,15784.88,NaN,NaN,NaN
12896,5031.90,15632.70,0,0,0.0000
12897,5199.68,15713.93,NaN,NaN,NaN
12898,5360.29,15793.97,NaN,NaN,NaN
12899,4828.37,16328.91,0,0,0.0000
12900,5071.03,16029.44,0,0,0.0000
12901,5296.08,15528.81,NaN,NaN,NaN
12902,4924.05,15759.10,0,0,0.0000
12903,5291.22,16363.01,NaN,NaN,NaN
12904,5128.19,15505.72,NaN,NaN,NaN
12905,4974.46,15671.48,NaN,NaN,NaN
12906,4785.54,16295.63,0,0,0.0000
12907,5350.78,15681.80,NaN,NaN,NaN
12908,5496.85,15671.18,NaN,NaN,NaN
12909,5171.90,16094.01,NaN,NaN,NaN
12910,5434.71,15686.78,NaN,NaN,NaN
12911,5484.59,15728.16,NaN,NaN,NaN
12912,5371.63,16307.28,NaN,NaN,NaN
12913,5058.93,16276.25,0,0,0.0000
12914,5080.54,15978.59,NaN,NaN,NaN
12915,5384.70,15753.10,0,0,0.0000
12916,5420.07,15635.46,0,0,0.0000
12917,4746.73,16248.89,NaN,NaN,NaN
12918,4972.52,15587.79,3,5,0.0000
12919,5285.66,15622.83,0,0,0.0000
12920,5216.46,16100.40,0,0,0.0000
12921,5473.06,15636.16,0,0,0.0000
12922,5078.89,15540.73,NaN,NaN,NaN
12923,4760.25,15665.32,0,0,0.0000
12924,5477.14,15549.57,0,0,0.0000
12925,5466.00,15595.08,0,0,0.0000
12926,5249.04,15715.69,0,0,0.0000
12927,5908.11,16240.80,0,0,0.0000
12928,5514.24,15611.21,NaN,NaN,NaN
12929,5567.29,15529.93,0,0,0.0000
12930,5992.59,16253.82,0,0,0.0000
12931,5552.97,15568.71,0,0,0.0000
12932,8103.27,15523.37,NaN,NaN,NaN
12933,8087.02,15642.04,NaN,NaN,NaN
12934,8129.38,15874.51,NaN,NaN,NaN
12935,8128.50,15776.47,NaN,NaN,NaN
12936,8136.23,15828.24,2,2,0.0000
12937,9242.62,16293.83,0,0,0.0000
12938,9298.60,16304.38,2,2,0.0000
12939,9195.73,16202.47,NaN,NaN,NaN
12940,9240.18,16345.26,0,0,0.0000
12941,10105.43,15954.86,NaN,NaN,NaN
12942,10015.28,15956.08,NaN,NaN,NaN
12943,10065.73,15987.99,NaN,NaN,NaN
12944,10269.83,15738.82,NaN,NaN,NaN
12945,10307.02,15829.61,0,0,0.0000
12946,10196.89,15743.24,3,3,0.0000
12947,10133.32,15880.42,NaN,NaN,NaN
12948,10171.78,16015.90,NaN,NaN,NaN
12949,10337.27,15967.16,3,8,2.6667
12950,10133.36,15795.41,0,0,0.0000
12951,10231.61,15985.50,NaN,NaN,NaN
12952,10333.26,15651.60,NaN,NaN,NaN
12953,10117.81,15728.37,0,0,0.0000
12954,10176.96,15955.52,NaN,NaN,NaN
12955,10357.10,16042.21,NaN,NaN,NaN
12956,10434.80,16067.06,NaN,NaN,NaN
12957,10319.20,16051.33,NaN,NaN,NaN
12958,10140.42,15697.80,0,0,0.0000
12959,10294.41,16047.89,NaN,NaN,NaN
12960,11643.94,16182.06,0,0,0.0000
12961,11527.37,16349.90,0,0,0.0000
12962,11504.29,16171.99,0,0,0.0000
12963,11576.86,16141.91,0,0,0.0000
12964,11465.56,16334.92,0,0,0.0000
12965,11785.90,16293.56,NaN,NaN,NaN
12966,12314.82,15537.72,NaN,NaN,NaN
12967,12068.81,15855.83,0,0,0.0000
12968,12384.02,15764.42,3,4,0.0000
12969,11725.50,16133.76,0,0,0.0000
12970,12205.12,15774.02,0,0,0.0000
12971,12171.56,15545.53,NaN,NaN,NaN
12972,11955.24,15682.88,NaN,NaN,NaN
12973,12024.15,15645.98,0,0,0.0000
12974,12265.95,15749.87,0,0,0.0000
12975,12078.47,15584.61,3,5,0.0000
12976,11925.13,15775.98,3,4,0.0000
12977,12182.68,15949.03,0,0,0.0000
12978,12181.47,15617.09,NaN,NaN,NaN
12979,12196.85,16294.82,0,0,0.0000
12980,11655.07,16275.88,NaN,NaN,NaN
12981,12287.86,15659.27,NaN,NaN,NaN
12982,11860.19,16138.31,NaN,NaN,NaN
12983,12155.72,15857.64,NaN,NaN,NaN
12984,11840.57,15681.11,NaN,NaN,NaN
12985,12029.77,15737.80,NaN,NaN,NaN
12986,11955.58,15839.90,0,0,0.0000
12987,12129.37,15659.46,0,0,0.0000
12988,12232.64,15671.07,NaN,NaN,NaN
12989,12149.45,15788.44,NaN,NaN,NaN
12990,12395.44,15831.09,0,0,0.0000
12991,11786.80,16108.56,0,0,0.0000
12992,12238.72,16222.24,0,0,0.0000
12993,11818.06,16169.45,0,0,0.0000
12994,12219.36,15892.20,2,0,0.0000
12995,11994.26,15795.96,0,0,0.0000
12996,12152.03,16255.91,0,0,0.0000
12997,12094.38,15760.21,NaN,NaN,NaN
12998,12114.95,16248.19,0,0,0.0000
12999,12213.45,15853.86,NaN,NaN,NaN
13000,12351.14,15676.37,0,0,0.0000
13001,11901.58,15830.27,0,0,0.0000
13002,11827.69,15723.49,0,0,0.0000
13003,12617.85,15533.73,3,7,2.3333
13004,12487.78,15647.70,2,4,2.0000
13005,12773.57,15561.28,0,0,0.0000
13006,13068.08,15523.07,NaN,NaN,NaN
13007,13000.91,15606.28,NaN,NaN,NaN
13008,12552.73,15697.73,NaN,NaN,NaN
13009,12478.48,15501.65,NaN,NaN,NaN
13010,12730.16,15492.71,NaN,NaN,NaN
13011,12603.89,15609.84,0,0,0.0000
13012,12479.47,15825.83,0,0,0.0000
13013,13177.52,16060.90,0,0,0.0000
13014,13173.49,15567.42,NaN,NaN,NaN
13015,13079.64,15613.60,NaN,NaN,NaN
13016,12675.52,15675.42,NaN,NaN,NaN
13017,13105.80,16125.05,0,0,0.0000
13018,12801.77,15644.59,0,0,0.0000
13019,12981.11,15552.94,0,0,0.0000
13020,12529.41,15561.12,0,0,0.0000
13021,12872.88,15675.02,0,0,0.0000
13022,12614.09,15675.22,0,0,0.0000
13023,12639.45,16338.55,0,0,0.0000
13024,12686.08,15630.87,0,0,0.0000
13025,12675.97,15770.51,NaN,NaN,NaN
13026,12561.57,15799.61,0,0,0.0000
13027,12540.67,15760.37,0,0,0.0000
13028,12532.35,15805.64,0,0,0.0000
13029,13393.68,15915.04,NaN,NaN,NaN
13030,13632.66,15759.95,0,0,0.0000
13031,13810.01,15600.05,0,0,0.0000
13032,13906.67,15586.12,3,3,0.0000
13033,13784.69,15524.56,NaN,NaN,NaN
13034,13693.34,15584.74,2,2,0.0000
13035,13223.32,15966.22,NaN,NaN,NaN
13036,13564.35,15731.72,2,4,2.0000
13037,13805.58,15741.12,NaN,NaN,NaN
13038,13622.34,15645.07,NaN,NaN,NaN
13039,13674.33,15674.00,0,0,0.0000
13040,13459.45,15855.32,NaN,NaN,NaN
13041,13291.59,16012.49,NaN,NaN,NaN
13042,13526.56,15801.44,0,0,0.0000
13043,13742.12,15663.50,0,0,0.0000
13044,13904.16,15684.04,NaN,NaN,NaN
13045,13425.93,15971.93,NaN,NaN,NaN
13046,13656.92,15498.19,0,0,0.0000
13047,13375.83,16000.33,0,0,0.0000
13048,13908.86,15643.97,0,0,0.0000
13049,13710.47,15725.36,0,0,0.0000
13050,13587.18,15838.42,0,0,0.0000
13051,13310.25,15528.50,0,0,0.0000
13052,13624.14,15829.80,0,0,0.0000
13053,13960.13,15510.99,NaN,NaN,NaN
13054,14659.45,16084.98,0,0,0.0000
13055,14717.26,15878.13,NaN,NaN,NaN
13056,14683.32,16204.68,NaN,NaN,NaN
13057,14688.05,15962.96,NaN,NaN,NaN
13058,14570.95,16167.43,NaN,NaN,NaN
13059,14621.21,16167.69,0,0,0.0000
13060,14640.13,16204.44,0,0,0.0000
13061,14077.07,15536.41,0,0,0.0000
13062,14056.16,15558.78,0,0,0.0000
13063,15417.58,16223.89,0,0,0.0000
13064,14940.85,16191.49,NaN,NaN,NaN
13065,14730.18,16023.18,0,0,0.0000
13066,14739.34,16122.47,2,5,2.5000
13067,15042.95,16180.87,2,6,3.0000
13068,15026.39,15668.74,2,7,3.5000
13069,15293.76,15841.07,NaN,NaN,NaN
13070,14949.69,15953.69,4,3,0.0000
13071,15350.99,15878.03,0,0,0.0000
13072,15465.69,15830.79,0,0,0.0000
13073,15449.53,16114.94,0,0,0.0000
13074,15283.56,15662.40,NaN,NaN,NaN
13075,15013.60,15856.46,2,1,0.0000
13076,15257.23,15757.83,0,0,0.0000
13077,14869.65,16091.94,NaN,NaN,NaN
13078,15455.66,15931.71,3,8,2.6667
13079,14808.40,15971.49,NaN,NaN,NaN
13080,15390.84,15938.38,0,0,0.0000
13081,14890.97,15782.48,2,3,0.0000
13082,15349.05,16007.93,NaN,NaN,NaN
13083,15003.36,15552.44,3,4,0.0000
13084,15261.34,15517.58,NaN,NaN,NaN
13085,14837.84,15774.49,0,0,0.0000
13086,14861.28,15886.84,0,0,0.0000
13087,14995.71,15768.34,NaN,NaN,NaN
13088,14784.45,16251.09,0,0,0.0000
13089,14925.12,15538.95,NaN,NaN,NaN
13090,15057.00,16040.97,NaN,NaN,NaN
13091,15350.76,16069.76,NaN,NaN,NaN
13092,15059.44,16259.44,NaN,NaN,NaN
13093,14752.10,15918.06,0,0,0.0000
13094,15460.65,15736.15,2,5,2.5000
13095,15151.78,15713.04,0,0,0.0000
13096,15378.06,16338.78,NaN,NaN,NaN
13097,14787.02,15791.52,4,8,2.0000
13098,14803.91,15682.57,0,0,0.0000
13099,14823.45,15922.50,NaN,NaN,NaN
13100,15301.23,16160.11,NaN,NaN,NaN
13101,14812.23,16116.96,NaN,NaN,NaN
13102,15326.52,15508.82,NaN,NaN,NaN
13103,15389.76,16282.01,0,0,0.0000
13104,15185.90,15541.55,2,0,0.0000
13105,14738.10,16249.13,NaN,NaN,NaN
13106,15077.45,15603.35,0,0,0.0000
13107,15459.65,15672.91,NaN,NaN,NaN
13108,15410.41,15796.29,NaN,NaN,NaN
13109,14755.99,15688.24,NaN,NaN,NaN
13110,14925.74,15782.93,2,3,0.0000
13111,15288.70,16319.70,0,0,0.0000
13112,15314.27,15959.08,NaN,NaN,NaN
13113,15462.05,16201.11,NaN,NaN,NaN
13114,14773.89,16310.66,NaN,NaN,NaN
13115,14788.13,15863.96,NaN,NaN,NaN
13116,15479.65,16361.19,0,0,0.0000
13117,15440.38,15552.78,0,0,0.0000
13118,15411.39,15679.94,NaN,NaN,NaN
13119,15020.55,16108.65,NaN,NaN,NaN
13120,14868.21,16230.96,0,0,0.0000
13121,14970.15,16087.05,NaN,NaN,NaN
13122,14824.64,15836.90,0,0,0.0000
13123,15066.38,16318.08,0,0,0.0000
13124,14820.25,16223.99,0,0,0.0000
13125,14955.44,15878.08,NaN,NaN,NaN
13126,15410.35,16009.85,2,2,0.0000
13127,15329.18,16285.52,NaN,NaN,NaN
13128,15280.74,15548.29,NaN,NaN,NaN
13129,15129.46,16354.96,0,0,0.0000
13130,14754.51,15787.66,NaN,NaN,NaN
13131,14953.30,15803.00,0,0,0.0000
13132,14940.08,16021.04,0,0,0.0000
13133,14822.17,16286.08,NaN,NaN,NaN
13134,14850.77,16164.67,NaN,NaN,NaN
13135,14883.16,16288.67,0,0,0.0000
13136,14913.43,15875.57,0,0,0.0000
13137,14892.25,16145.11,0,0,0.0000
13138,14892.62,15840.50,0,0,0.0000
13139,14881.87,15929.64,0,0,0.0000
13140,14862.41,16291.13,0,0,0.0000
13141,15587.01,16247.51,3,2,0.0000
13142,15508.84,16005.43,NaN,NaN,NaN
13143,15570.49,16084.00,NaN,NaN,NaN
13144,15579.39,16162.82,0,0,0.0000
13145,15642.00,16239.60,0,0,0.0000
13146,15523.43,16235.37,NaN,NaN,NaN
13147,15522.15,16133.22,NaN,NaN,NaN
13148,15492.77,16178.94,NaN,NaN,NaN
