cell_id,centroid_x,centroid_y,reddot,blackdot,score
1,319.19,129.15,NaN,NaN,NaN
2,853.06,276.94,2,2,0.0000
3,776.46,242.86,NaN,NaN,NaN
4,836.59,185.80,3,6,2.0000
5,803.47,353.13,0,0,0.0000
6,78.26,361.14,NaN,NaN,NaN
7,701.77,49.00,0,0,0.0000
8,318.38,194.88,NaN,NaN,NaN
9,806.75,295.89,NaN,NaN,NaN
10,263.21,188.71,0,0,0.0000
11,744.50,176.18,2,2,0.0000
12,171.79,134.44,NaN,NaN,NaN
13,118.90,156.47,NaN,NaN,NaN
14,1298.85,885.06,NaN,NaN,NaN
15,1647.83,383.78,NaN,NaN,NaN
16,1139.23,841.18,NaN,NaN,NaN
17,1194.57,863.43,NaN,NaN,NaN
18,971.16,217.96,0,0,0.0000
19,938.03,26.45,NaN,NaN,NaN
20,1627.48,162.03,NaN,NaN,NaN
21,1456.41,819.30,0,0,0.0000
22,900.55,71.94,0,0,0.0000
23,1404.17,875.88,NaN,NaN,NaN
24,1330.01,779.01,NaN,NaN,NaN
25,909.33,282.48,0,0,0.0000
26,1651.97,207.08,NaN,NaN,NaN
27,1462.45,332.84,NaN,NaN,NaN
28,1103.81,884.41,3,3,0.0000
29,1377.36,773.28,2,2,0.0000
30,1578.45,395.55,0,0,0.0000
31,1242.44,820.56,2,3,0.0000
32,1413.76,761.39,NaN,NaN,NaN
33,1928.61,229.77,2,1,0.0000
34,1860.05,284.07,NaN,NaN,NaN
35,1806.53,842.24,NaN,NaN,NaN
36,2164.65,483.06,3,6,2.0000
37,1757.54,191.90,0,0,0.0000
38,2306.96,406.98,NaN,NaN,NaN
39,1904.04,809.87,NaN,NaN,NaN
40,2263.10,440.20,NaN,NaN,NaN
41,2167.62,329.90,0,0,0.0000
42,2325.67,307.23,NaN,NaN,NaN
43,1874.29,85.01,3,8,2.6667
44,1681.38,318.35,2,3,0.0000
45,1934.90,98.44,NaN,NaN,NaN
46,1873.76,632.89,0,0,0.0000
47,2246.77,312.29,0,0,0.0000
48,2407.76,294.00,NaN,NaN,NaN
49,2080.03,369.02,NaN,NaN,NaN
50,1738.95,391.24,0,0,0.0000
51,2348.22,477.59,NaN,NaN,NaN
52,1853.60,354.62,3,1,0.0000
53,1997.01,407.58,0,0,0.0000
54,2392.55,368.30,NaN,NaN,NaN
55,2396.93,419.69,NaN,NaN,NaN
56,2008.03,372.94,NaN,NaN,NaN
57,2114.15,326.88,0,0,0.0000
58,2335.96,365.80,NaN,NaN,NaN
59,1819.65,216.45,2,3,0.0000
60,1830.65,414.44,NaN,NaN,NaN
61,2430.08,118.93,NaN,NaN,NaN
62,2023.08,236.96,0,0,0.0000
63,1709.72,286.32,NaN,NaN,NaN
64,1970.49,344.38,NaN,NaN,NaN
65,1879.35,397.77,NaN,NaN,NaN
66,2300.68,337.03,2,3,0.0000
67,2002.78,298.70,NaN,NaN,NaN
68,1785.22,388.98,2,4,2.0000
69,2389.85,483.84,0,0,0.0000
70,2247.23,364.82,2,7,3.5000
71,2354.49,58.81,0,0,0.0000
72,2208.72,395.83,NaN,NaN,NaN
73,2027.54,329.97,NaN,NaN,NaN
74,2376.01,321.35,NaN,NaN,NaN
75,2621.35,264.86,2,2,0.0000
76,3177.35,147.31,0,0,0.0000
77,3142.01,484.17,2,2,0.0000
78,3035.26,111.11,NaN,NaN,NaN
79,3133.66,231.56,2,3,0.0000
80,2540.68,171.85,NaN,NaN,NaN
81,2474.26,319.39,NaN,NaN,NaN
82,3129.54,366.45,NaN,NaN,NaN
83,3191.05,496.31,0,0,0.0000
84,2612.54,56.86,NaN,NaN,NaN
85,3132.23,57.58,2,1,0.0000
86,2555.41,96.70,NaN,NaN,NaN
87,2470.00,209.45,NaN,NaN,NaN
88,3068.97,58.26,NaN,NaN,NaN
89,2543.90,42.91,NaN,NaN,NaN
90,2500.49,483.84,NaN,NaN,NaN
91,3104.59,323.70,0,0,0.0000
92,2544.41,336.52,NaN,NaN,NaN
93,2521.61,212.15,NaN,NaN,NaN
94,3130.79,289.03,0,0,0.0000
95,3099.58,421.72,2,5,2.5000
96,3063.82,582.76,NaN,NaN,NaN
97,2460.15,428.02,2,4,2.0000
98,2555.17,380.11,NaN,NaN,NaN
99,2650.61,128.96,0,0,0.0000
100,2436.39,376.78,NaN,NaN,NaN
101,3042.09,516.33,2,2,0.0000
102,2941.71,544.01,0,0,0.0000
103,2454.92,82.87,NaN,NaN,NaN
104,3085.13,545.41,NaN,NaN,NaN
105,2557.96,416.82,NaN,NaN,NaN
106,3077.69,137.57,NaN,NaN,NaN
107,2511.62,437.07,NaN,NaN,NaN
108,2486.96,386.26,NaN,NaN,NaN
109,2450.52,9.78,2,9,4.5000
110,2562.18,454.24,0,0,0.0000
111,3877.51,517.69,4,6,0.0000
112,3528.95,227.34,0,0,0.0000
113,3702.46,323.92,NaN,NaN,NaN
114,3216.42,417.92,NaN,NaN,NaN
115,3540.30,158.46,0,0,0.0000
116,3760.78,411.26,0,0,0.0000
117,3219.16,273.48,0,0,0.0000
118,3315.99,682.53,NaN,NaN,NaN
119,3333.15,740.29,2,7,3.5000
120,3254.88,371.98,0,0,0.0000
121,3898.63,455.60,NaN,NaN,NaN
122,3312.64,620.20,NaN,NaN,NaN
123,3855.31,600.02,0,0,0.0000
124,3646.48,691.71,0,0,0.0000
125,3452.10,14.21,0,0,0.0000
126,3242.61,106.51,3,2,0.0000
127,3454.89,227.23,3,4,0.0000
128,3947.13,639.89,2,4,2.0000
129,3932.48,558.98,NaN,NaN,NaN
130,3606.37,252.73,NaN,NaN,NaN
131,3906.85,732.72,0,0,0.0000
132,3241.50,531.90,NaN,NaN,NaN
133,3842.42,451.63,NaN,NaN,NaN
134,3272.32,494.80,2,4,2.0000
135,3713.41,435.24,NaN,NaN,NaN
136,3346.62,804.33,0,0,0.0000
137,3235.25,497.31,4,5,0.0000
138,3911.98,645.84,NaN,NaN,NaN
139,3389.09,8.60,0,0,0.0000
140,3660.64,399.18,NaN,NaN,NaN
141,3284.05,543.12,0,0,0.0000
142,3926.63,626.13,NaN,NaN,NaN
143,3281.78,630.60,NaN,NaN,NaN
144,3343.94,545.52,0,0,0.0000
145,3668.83,720.62,0,0,0.0000
146,4716.49,892.76,NaN,NaN,NaN
147,4447.74,877.02,2,2,0.0000
148,4587.23,721.73,2,7,3.5000
149,4291.69,775.74,2,3,0.0000
150,4294.18,84.13,NaN,NaN,NaN
151,4061.77,728.48,4,8,2.0000
152,4619.66,626.49,NaN,NaN,NaN
153,4492.97,552.18,NaN,NaN,NaN
154,4484.95,738.44,NaN,NaN,NaN
155,4732.06,754.64,NaN,NaN,NaN
156,4449.74,794.38,NaN,NaN,NaN
157,4322.47,853.50,0,0,0.0000
158,4154.51,841.98,0,0,0.0000
159,4521.61,862.69,0,0,0.0000
160,4164.52,778.15,NaN,NaN,NaN
161,4011.53,808.22,0,0,0.0000
162,4687.68,519.94,2,3,0.0000
163,4397.93,71.17,0,0,0.0000
164,4389.93,526.61,5,9,0.0000
165,4055.29,548.78,0,0,0.0000
166,3970.78,729.08,2,1,0.0000
167,4695.64,641.79,NaN,NaN,NaN
168,4405.78,680.95,2,6,3.0000
169,4717.81,664.17,NaN,NaN,NaN
170,4105.21,588.11,0,0,0.0000
171,4222.03,781.29,0,0,0.0000
172,4005.75,624.93,2,3,0.0000
173,4620.10,524.78,NaN,NaN,NaN
174,4435.36,656.29,NaN,NaN,NaN
175,4175.05,521.22,0,0,0.0000
176,4514.28,489.37,NaN,NaN,NaN
177,3973.09,575.38,2,2,0.0000
178,4052.33,787.01,NaN,NaN,NaN
179,4661.64,587.23,0,0,0.0000
180,4255.95,649.72,3,4,0.0000
181,4356.46,498.85,0,0,0.0000
182,4566.61,809.72,0,0,0.0000
183,5473.53,451.75,NaN,NaN,NaN
184,5267.19,167.83,NaN,NaN,NaN
185,5084.56,344.45,3,10,3.3333
186,5450.23,168.33,0,0,0.0000
187,4739.05,574.62,NaN,NaN,NaN
188,5214.75,396.18,NaN,NaN,NaN
189,5071.94,266.80,NaN,NaN,NaN
190,5320.78,826.10,NaN,NaN,NaN
191,5400.16,791.17,2,4,2.0000
192,4945.45,149.56,NaN,NaN,NaN
193,5409.91,533.37,NaN,NaN,NaN
194,5310.64,552.73,NaN,NaN,NaN
195,5387.15,868.60,NaN,NaN,NaN
196,5353.28,707.54,2,3,0.0000
197,4963.54,368.90,0,0,0.0000
198,4872.46,246.52,0,0,0.0000
199,5387.94,422.17,3,7,2.3333
200,5299.88,85.49,3,4,0.0000
201,5121.01,410.48,6,8,0.0000
202,5288.32,234.36,NaN,NaN,NaN
203,5081.70,181.66,3,9,3.0000
204,5372.30,215.44,0,0,0.0000
205,4886.87,791.38,2,3,0.0000
206,5397.55,100.56,0,0,0.0000
207,5500.43,707.71,0,0,0.0000
208,4961.25,230.43,3,8,2.6667
209,5153.70,155.20,2,5,2.5000
210,5261.65,459.15,NaN,NaN,NaN
211,5348.78,371.72,2,6,3.0000
212,5333.89,644.31,NaN,NaN,NaN
213,5463.51,611.21,0,0,0.0000
214,5296.30,290.33,0,0,0.0000
215,5176.06,470.99,2,2,0.0000
216,4935.20,304.77,NaN,NaN,NaN
217,5277.90,778.16,NaN,NaN,NaN
218,5376.18,35.35,NaN,NaN,NaN
219,5012.14,328.42,NaN,NaN,NaN
220,5495.18,847.15,NaN,NaN,NaN
221,5380.14,281.45,NaN,NaN,NaN
222,4792.02,641.73,2,3,0.0000
223,5458.39,753.90,NaN,NaN,NaN
224,5261.81,632.50,0,0,0.0000
225,4825.20,861.20,0,0,0.0000
226,5241.00,825.01,NaN,NaN,NaN
227,5105.86,469.97,NaN,NaN,NaN
228,4809.60,706.88,0,0,0.0000
229,4884.87,69.28,0,0,0.0000
230,5146.26,511.45,2,2,0.0000
231,5111.77,57.26,2,5,2.5000
232,5207.65,140.24,NaN,NaN,NaN
233,5142.47,230.11,0,0,0.0000
234,4763.65,802.33,NaN,NaN,NaN
235,5461.22,71.41,NaN,NaN,NaN
236,5420.64,638.62,NaN,NaN,NaN
237,4816.74,810.16,0,0,0.0000
238,5502.77,570.99,3,7,2.3333
239,4884.99,184.81,NaN,NaN,NaN
240,4784.16,741.12,NaN,NaN,NaN
241,4758.51,689.34,NaN,NaN,NaN
242,5427.22,13.77,NaN,NaN,NaN
243,4853.18,735.81,0,0,0.0000
244,5217.44,603.05,NaN,NaN,NaN
245,5218.54,860.32,0,0,0.0000
246,5084.05,87.41,NaN,NaN,NaN
247,5056.85,130.95,0,0,0.0000
248,4924.33,43.11,0,0,0.0000
249,4840.84,675.28,0,0,0.0000
250,5485.30,7.49,NaN,NaN,NaN
251,5710.75,412.99,0,0,0.0000
252,5530.60,238.80,NaN,NaN,NaN
253,5732.83,213.05,NaN,NaN,NaN
254,5628.47,541.58,NaN,NaN,NaN
255,6157.12,588.17,NaN,NaN,NaN
256,5570.58,389.84,NaN,NaN,NaN
257,6258.29,863.13,NaN,NaN,NaN
258,5643.56,284.95,NaN,NaN,NaN
259,5753.35,134.99,2,5,2.5000
260,5575.55,157.50,NaN,NaN,NaN
261,5522.64,107.99,0,0,0.0000
262,5545.66,608.69,NaN,NaN,NaN
263,5817.85,175.46,NaN,NaN,NaN
264,5575.01,45.00,NaN,NaN,NaN
265,5798.45,89.02,NaN,NaN,NaN
266,5595.77,334.93,3,4,0.0000
267,5684.15,100.04,0,0,0.0000
268,6130.91,712.01,2,3,0.0000
269,6186.05,718.75,NaN,NaN,NaN
270,5803.78,324.84,2,3,0.0000
271,5522.52,814.04,3,4,0.0000
272,5828.00,38.28,NaN,NaN,NaN
273,5805.40,426.80,2,2,0.0000
274,6104.74,842.93,3,7,2.3333
275,6257.86,757.91,NaN,NaN,NaN
276,6054.06,777.70,NaN,NaN,NaN
277,5563.43,503.60,0,0,0.0000
278,5724.13,308.34,NaN,NaN,NaN
279,5696.00,159.43,0,0,0.0000
280,5562.17,858.72,NaN,NaN,NaN
281,6038.70,837.46,2,3,0.0000
282,5754.12,362.25,NaN,NaN,NaN
283,5601.68,632.97,NaN,NaN,NaN
284,6079.46,723.41,0,0,0.0000
285,6233.88,475.49,0,0,0.0000
286,6049.91,877.23,0,0,0.0000
287,5850.20,111.36,4,6,0.0000
288,5632.86,196.37,0,0,0.0000
289,5533.69,446.58,0,0,0.0000
290,5642.60,149.94,0,0,0.0000
291,6496.67,513.97,2,2,0.0000
292,6817.26,71.12,0,0,0.0000
293,6685.00,48.39,0,0,0.0000
294,6428.38,740.52,NaN,NaN,NaN
295,7031.00,257.88,2,10,5.0000
296,6970.09,113.31,3,3,0.0000
297,6901.78,153.22,2,5,2.5000
298,6545.13,426.78,NaN,NaN,NaN
299,6447.64,660.69,2,5,2.5000
300,6971.03,495.84,2,3,0.0000
301,7039.30,530.87,NaN,NaN,NaN
302,6844.75,703.42,0,0,0.0000
303,6362.17,714.33,0,0,0.0000
304,6927.68,276.49,NaN,NaN,NaN
305,6969.34,715.99,0,0,0.0000
306,6394.97,520.41,0,0,0.0000
307,6972.49,806.63,NaN,NaN,NaN
308,6496.19,787.45,NaN,NaN,NaN
309,6991.05,340.71,NaN,NaN,NaN
310,6561.18,743.47,0,0,0.0000
311,6556.26,666.85,NaN,NaN,NaN
312,6857.61,376.99,NaN,NaN,NaN
313,6555.43,823.41,NaN,NaN,NaN
314,6519.53,618.76,NaN,NaN,NaN
315,7021.89,764.82,NaN,NaN,NaN
316,6337.43,654.47,NaN,NaN,NaN
317,7014.59,50.38,0,0,0.0000
318,6958.70,616.63,3,2,0.0000
319,6605.99,736.81,2,4,2.0000
320,7021.22,169.78,3,5,0.0000
321,6914.21,670.26,0,0,0.0000
322,6942.88,383.82,NaN,NaN,NaN
323,6921.03,809.14,NaN,NaN,NaN
324,6588.68,869.73,NaN,NaN,NaN
325,6428.88,844.07,NaN,NaN,NaN
326,6395.07,643.56,NaN,NaN,NaN
327,6622.28,684.08,NaN,NaN,NaN
328,6668.58,767.45,NaN,NaN,NaN
329,6412.21,808.78,NaN,NaN,NaN
330,6605.37,622.79,0,0,0.0000
331,6819.67,812.36,NaN,NaN,NaN
332,6448.41,375.27,2,7,3.5000
333,6600.62,563.41,0,0,0.0000
334,6348.23,850.54,NaN,NaN,NaN
335,6402.20,585.83,NaN,NaN,NaN
336,6582.56,83.14,0,0,0.0000
337,7144.77,473.09,2,3,0.0000
338,7070.13,857.12,3,5,0.0000
339,7743.54,803.92,NaN,NaN,NaN
340,7159.64,166.41,2,3,0.0000
341,7123.52,655.50,NaN,NaN,NaN
342,7323.84,629.84,NaN,NaN,NaN
343,7263.93,467.47,0,0,0.0000
344,7553.74,131.55,2,6,3.0000
345,7215.73,719.89,NaN,NaN,NaN
346,7665.63,94.73,0,0,0.0000
347,7238.40,303.13,5,9,0.0000
348,7051.44,350.39,2,4,2.0000
349,7505.37,785.85,NaN,NaN,NaN
350,7321.99,178.80,3,7,2.3333
351,7532.50,625.36,0,0,0.0000
352,7673.43,517.30,NaN,NaN,NaN
353,7631.77,418.77,NaN,NaN,NaN
354,7611.62,237.83,NaN,NaN,NaN
355,7804.62,722.33,NaN,NaN,NaN
356,7189.43,835.76,NaN,NaN,NaN
357,7625.45,870.06,0,0,0.0000
358,7602.31,41.06,2,2,0.0000
359,7462.13,742.86,NaN,NaN,NaN
360,7405.51,187.79,NaN,NaN,NaN
361,7341.68,769.63,2,2,0.0000
362,7547.82,355.80,NaN,NaN,NaN
363,7670.70,595.75,NaN,NaN,NaN
364,7299.15,732.37,NaN,NaN,NaN
365,7731.82,680.87,0,0,0.0000
366,7159.66,894.78,NaN,NaN,NaN
367,7616.55,599.90,0,0,0.0000
368,7395.01,734.44,NaN,NaN,NaN
369,7434.60,86.71,NaN,NaN,NaN
370,7572.81,465.75,0,0,0.0000
371,7681.35,829.47,NaN,NaN,NaN
372,7566.16,598.65,2,4,2.0000
373,7423.40,833.97,0,0,0.0000
374,7211.40,539.37,NaN,NaN,NaN
375,7685.29,700.85,NaN,NaN,NaN
376,7728.92,596.44,2,7,3.5000
377,7272.45,808.22,3,6,2.0000
378,7604.85,348.83,0,0,0.0000
379,7584.23,701.49,NaN,NaN,NaN
380,7452.20,153.95,NaN,NaN,NaN
381,7428.98,701.96,NaN,NaN,NaN
382,7129.22,253.42,NaN,NaN,NaN
383,7340.84,25.02,2,2,0.0000
384,7758.69,455.32,0,0,0.0000
385,7251.58,571.16,0,0,0.0000
386,7123.83,714.48,0,0,0.0000
387,7720.72,471.06,0,0,0.0000
388,7689.43,415.91,NaN,NaN,NaN
389,7094.17,286.88,2,5,2.5000
390,7559.38,277.73,3,5,0.0000
391,7254.81,112.10,NaN,NaN,NaN
392,7477.14,111.10,NaN,NaN,NaN
393,7298.87,45.44,2,8,4.0000
394,7575.37,755.84,2,4,2.0000
395,7484.86,376.81,0,0,0.0000
396,7743.82,736.18,NaN,NaN,NaN
397,7292.04,285.49,0,0,0.0000
398,7652.88,755.01,0,0,0.0000
399,7382.46,849.61,0,0,0.0000
400,7350.67,849.44,NaN,NaN,NaN
401,7627.44,694.96,0,0,0.0000
402,7444.10,882.70,NaN,NaN,NaN
403,7208.69,213.73,NaN,NaN,NaN
404,7561.43,816.93,0,0,0.0000
405,7156.06,295.94,4,11,2.7500
406,7808.88,552.64,NaN,NaN,NaN
407,8407.06,785.15,NaN,NaN,NaN
408,8268.92,820.81,0,0,0.0000
409,8346.70,643.62,2,2,0.0000
410,8538.46,818.10,NaN,NaN,NaN
411,7961.34,721.01,3,2,0.0000
412,8482.94,665.63,NaN,NaN,NaN
413,8500.50,364.58,NaN,NaN,NaN
414,8572.63,423.52,0,0,0.0000
415,8154.65,702.22,NaN,NaN,NaN
416,8180.00,73.00,0,0,0.0000
417,8185.95,581.24,0,0,0.0000
418,8256.81,618.22,NaN,NaN,NaN
419,8015.11,536.58,NaN,NaN,NaN
420,8046.57,698.29,NaN,NaN,NaN
421,8131.48,804.01,2,4,2.0000
422,8397.38,494.81,NaN,NaN,NaN
423,8481.44,536.32,0,0,0.0000
424,8041.64,789.18,NaN,NaN,NaN
425,8339.23,729.96,NaN,NaN,NaN
426,8440.06,422.70,NaN,NaN,NaN
427,8115.34,121.83,NaN,NaN,NaN
428,8142.72,873.62,NaN,NaN,NaN
429,7992.27,613.14,NaN,NaN,NaN
430,8331.69,539.11,NaN,NaN,NaN
431,8404.45,566.01,0,0,0.0000
432,8497.25,467.87,0,0,0.0000
433,8099.63,529.82,0,0,0.0000
434,8077.53,893.69,NaN,NaN,NaN
435,8245.22,48.05,0,0,0.0000
436,8063.56,576.96,NaN,NaN,NaN
437,8572.11,686.06,NaN,NaN,NaN
438,8180.62,463.50,NaN,NaN,NaN
439,7997.21,852.54,NaN,NaN,NaN
440,8291.54,124.81,2,5,2.5000
441,8361.57,432.57,NaN,NaN,NaN
442,8515.78,731.68,NaN,NaN,NaN
443,7839.85,772.78,0,0,0.0000
444,8271.05,708.09,0,0,0.0000
445,7990.55,506.07,0,0,0.0000
446,8049.07,860.48,2,5,2.5000
447,8445.54,609.82,0,0,0.0000
448,7908.27,799.08,0,0,0.0000
449,8100.47,770.19,0,0,0.0000
450,7884.93,514.89,NaN,NaN,NaN
451,8443.81,87.76,0,0,0.0000
452,8360.89,110.09,0,0,0.0000
453,8048.19,625.60,NaN,NaN,NaN
454,8533.53,33.15,NaN,NaN,NaN
455,8540.53,691.12,2,7,3.5000
456,8545.36,563.52,0,0,0.0000
457,8604.12,580.79,NaN,NaN,NaN
458,8644.77,454.42,3,3,0.0000
459,8576.34,884.42,0,0,0.0000
460,8649.96,691.61,NaN,NaN,NaN
461,8689.09,245.38,NaN,NaN,NaN
462,8630.74,227.18,NaN,NaN,NaN
463,8663.16,339.26,NaN,NaN,NaN
464,8604.28,307.18,NaN,NaN,NaN
465,8642.95,851.57,NaN,NaN,NaN
466,8630.88,769.95,0,0,0.0000
467,8593.54,738.91,NaN,NaN,NaN
468,8577.34,145.97,0,0,0.0000
469,8703.36,540.16,0,0,0.0000
470,10062.64,125.55,NaN,NaN,NaN
471,10094.79,163.96,0,0,0.0000
472,10139.04,61.17,NaN,NaN,NaN
473,10726.55,369.53,NaN,NaN,NaN
474,10778.80,289.28,NaN,NaN,NaN
475,10192.26,148.93,3,2,0.0000
476,10836.53,437.52,NaN,NaN,NaN
477,10209.15,233.40,0,0,0.0000
478,10721.91,47.19,0,0,0.0000
479,10790.14,96.40,NaN,NaN,NaN
480,10851.50,55.02,NaN,NaN,NaN
481,10700.49,116.78,0,0,0.0000
482,10876.10,283.59,NaN,NaN,NaN
483,10784.49,212.35,2,2,0.0000
484,10814.75,349.32,NaN,NaN,NaN
485,11243.06,565.49,NaN,NaN,NaN
486,11094.72,89.31,NaN,NaN,NaN
487,10966.26,94.60,3,2,0.0000
488,10977.26,432.35,NaN,NaN,NaN
489,10885.40,138.85,2,3,0.0000
490,10994.80,570.24,NaN,NaN,NaN
491,11052.00,433.99,0,0,0.0000
492,11182.34,730.16,2,5,2.5000
493,10909.69,472.90,NaN,NaN,NaN
494,11182.47,820.86,0,0,0.0000
495,11115.87,789.75,2,3,0.0000
496,10919.15,207.93,NaN,NaN,NaN
497,11130.79,509.56,NaN,NaN,NaN
498,10941.33,349.09,0,0,0.0000
499,11001.14,838.95,NaN,NaN,NaN
500,11050.13,248.99,2,5,2.5000
501,10916.69,282.56,NaN,NaN,NaN
502,11062.98,881.44,0,0,0.0000
503,11151.14,659.43,NaN,NaN,NaN
504,10938.68,613.84,NaN,NaN,NaN
505,11007.65,331.18,NaN,NaN,NaN
506,11049.61,336.32,NaN,NaN,NaN
507,11304.21,890.94,0,0,0.0000
508,11013.46,521.39,2,5,2.5000
509,11216.99,678.83,0,0,0.0000
510,11276.59,806.76,NaN,NaN,NaN
511,11129.50,881.69,0,0,0.0000
512,11143.03,746.49,NaN,NaN,NaN
513,13775.88,167.47,0,0,0.0000
514,13851.51,650.09,0,0,0.0000
515,13877.10,491.13,NaN,NaN,NaN
516,13608.74,80.85,NaN,NaN,NaN
517,13539.28,282.31,NaN,NaN,NaN
518,13709.05,290.86,NaN,NaN,NaN
519,13485.81,160.47,NaN,NaN,NaN
520,13421.42,199.78,4,5,0.0000
521,13411.79,265.38,NaN,NaN,NaN
522,13800.83,400.38,NaN,NaN,NaN
523,13490.64,522.27,2,2,0.0000
524,13376.12,71.29,3,8,2.6667
525,13902.73,822.95,NaN,NaN,NaN
526,13744.34,632.75,2,5,2.5000
527,13758.52,550.84,0,0,0.0000
528,13669.10,566.96,0,0,0.0000
529,13584.28,197.75,0,0,0.0000
530,13678.14,410.72,NaN,NaN,NaN
531,13733.53,686.78,NaN,NaN,NaN
532,13600.61,423.13,3,6,2.0000
533,13922.29,405.21,NaN,NaN,NaN
534,13457.34,391.07,4,7,0.0000
535,13897.17,55.51,NaN,NaN,NaN
536,13951.83,572.51,NaN,NaN,NaN
537,13748.13,847.15,2,2,0.0000
538,13486.65,408.18,NaN,NaN,NaN
539,13673.58,356.77,NaN,NaN,NaN
540,13819.69,818.51,0,0,0.0000
541,13613.35,359.12,NaN,NaN,NaN
542,13611.96,553.43,0,0,0.0000
543,13514.98,456.47,0,0,0.0000
544,13941.17,106.37,NaN,NaN,NaN
545,13805.10,745.27,NaN,NaN,NaN
546,13918.46,653.98,NaN,NaN,NaN
547,13699.77,450.12,NaN,NaN,NaN
548,13768.78,471.01,2,2,0.0000
549,13552.51,134.91,2,3,0.0000
550,13640.87,236.65,NaN,NaN,NaN
551,13519.87,320.58,NaN,NaN,NaN
552,13795.94,856.61,0,0,0.0000
553,13527.70,513.48,3,6,2.0000
554,13439.22,68.38,NaN,NaN,NaN
555,13621.09,319.49,2,3,0.0000
556,14060.32,571.69,NaN,NaN,NaN
557,13984.81,793.08,NaN,NaN,NaN
558,14559.58,777.61,0,0,0.0000
559,14435.73,712.42,NaN,NaN,NaN
560,14237.37,549.72,NaN,NaN,NaN
561,14044.58,467.70,0,0,0.0000
562,14527.96,694.77,0,0,0.0000
563,13973.69,262.83,NaN,NaN,NaN
564,13974.43,658.17,2,3,0.0000
565,14103.80,823.85,2,2,0.0000
566,14129.09,511.30,2,8,4.0000
567,13989.05,175.68,NaN,NaN,NaN
568,14070.11,137.28,NaN,NaN,NaN
569,14280.41,618.29,NaN,NaN,NaN
570,14118.83,689.21,0,0,0.0000
571,13968.01,470.66,NaN,NaN,NaN
572,13997.11,393.87,0,0,0.0000
573,14167.23,809.34,2,3,0.0000
574,14330.89,666.98,2,2,0.0000
575,14158.45,742.82,NaN,NaN,NaN
576,14179.12,482.25,NaN,NaN,NaN
577,14057.44,419.71,0,0,0.0000
578,14460.47,842.23,2,3,0.0000
579,14195.91,625.11,0,0,0.0000
580,14028.96,697.69,0,0,0.0000
581,14474.89,142.95,NaN,NaN,NaN
582,14422.70,214.37,0,0,0.0000
583,13974.81,49.33,NaN,NaN,NaN
584,15082.56,106.19,NaN,NaN,NaN
585,15431.56,327.48,NaN,NaN,NaN
586,15213.00,583.49,NaN,NaN,NaN
587,14946.34,711.61,2,6,3.0000
588,14872.02,237.49,NaN,NaN,NaN
589,15138.37,785.47,2,2,0.0000
590,15233.59,835.28,NaN,NaN,NaN
591,15169.81,329.27,NaN,NaN,NaN
592,15021.06,665.30,NaN,NaN,NaN
593,15451.15,495.31,0,0,0.0000
594,15440.55,738.26,2,3,0.0000
595,15342.19,208.63,NaN,NaN,NaN
596,15375.10,455.00,0,0,0.0000
597,14997.27,417.83,NaN,NaN,NaN
598,14968.53,871.02,NaN,NaN,NaN
599,14861.36,338.49,2,3,0.0000
600,15454.52,858.10,0,0,0.0000
601,15184.92,224.61,2,4,2.0000
602,14885.49,431.20,NaN,NaN,NaN
603,15371.14,94.73,0,0,0.0000
604,15253.09,404.08,0,0,0.0000
605,15430.01,145.40,0,0,0.0000
606,15336.73,810.91,NaN,NaN,NaN
607,15103.25,267.11,NaN,NaN,NaN
608,15309.34,126.36,NaN,NaN,NaN
609,15291.33,480.79,0,0,0.0000
610,15206.69,139.07,NaN,NaN,NaN
611,14908.42,606.88,0,0,0.0000
612,15073.38,726.64,NaN,NaN,NaN
613,15424.97,648.48,NaN,NaN,NaN
614,15348.36,543.22,NaN,NaN,NaN
615,14963.28,499.46,0,0,0.0000
616,15297.54,721.47,0,0,0.0000
617,15063.50,648.52,NaN,NaN,NaN
618,15262.60,83.97,2,6,3.0000
619,15152.70,855.21,NaN,NaN,NaN
620,15016.79,322.57,NaN,NaN,NaN
621,15108.02,462.12,0,0,0.0000
622,15038.69,257.21,NaN,NaN,NaN
623,15238.29,711.22,NaN,NaN,NaN
624,14912.29,147.16,0,0,0.0000
625,14955.33,568.66,2,3,0.0000
626,14983.09,41.51,0,0,0.0000
627,14984.29,116.76,0,0,0.0000
628,15050.98,527.62,NaN,NaN,NaN
629,14764.59,98.46,2,6,3.0000
630,14819.23,148.93,NaN,NaN,NaN
631,15099.94,359.43,NaN,NaN,NaN
632,14725.40,28.60,0,0,0.0000
633,15138.41,724.48,NaN,NaN,NaN
634,15098.32,584.73,NaN,NaN,NaN
635,14922.93,459.88,0,0,0.0000
636,14925.92,383.14,0,0,0.0000
637,15059.66,826.34,NaN,NaN,NaN
638,15274.68,195.78,3,5,0.0000
639,14935.15,330.99,0,0,0.0000
640,15092.16,221.56,3,6,2.0000
641,15000.87,550.19,0,0,0.0000
642,15338.20,886.92,0,0,0.0000
643,15266.92,250.40,NaN,NaN,NaN
644,15328.38,295.10,NaN,NaN,NaN
645,15428.23,60.67,2,5,2.5000
646,15100.39,894.29,NaN,NaN,NaN
647,15294.78,650.71,0,0,0.0000
648,15152.14,445.93,0,0,0.0000
649,14793.22,197.46,NaN,NaN,NaN
650,15412.46,576.26,NaN,NaN,NaN
651,15138.43,658.14,0,0,0.0000
652,15191.11,417.77,NaN,NaN,NaN
653,15399.80,206.44,0,0,0.0000
654,15314.61,594.73,0,0,0.0000
655,15198.05,711.29,0,0,0.0000
656,15056.43,568.89,NaN,NaN,NaN
657,15022.74,10.92,0,0,0.0000
658,15459.02,201.26,NaN,NaN,NaN
659,15530.74,557.46,NaN,NaN,NaN
660,15839.80,127.84,2,6,3.0000
661,15628.16,158.38,0,0,0.0000
662,15913.13,139.47,0,0,0.0000
663,16160.32,194.77,0,0,0.0000
664,16298.63,281.31,NaN,NaN,NaN
665,15652.45,668.62,NaN,NaN,NaN
666,16078.94,107.39,NaN,NaN,NaN
667,15826.82,739.65,NaN,NaN,NaN
668,15666.43,482.28,0,0,0.0000
669,15748.07,115.15,NaN,NaN,NaN
670,15627.53,823.86,2,3,0.0000
671,15939.82,788.36,NaN,NaN,NaN
672,15509.65,657.74,2,4,2.0000
673,15544.97,351.20,NaN,NaN,NaN
674,15684.09,265.64,3,5,0.0000
675,15629.32,398.69,NaN,NaN,NaN
676,15564.16,738.64,0,0,0.0000
677,15736.55,733.34,2,4,2.0000
678,15548.29,206.66,NaN,NaN,NaN
679,15927.63,328.37,4,9,2.2500
680,16347.88,397.43,2,4,2.0000
681,16200.36,109.43,NaN,NaN,NaN
682,15739.10,332.81,NaN,NaN,NaN
683,15575.36,257.17,NaN,NaN,NaN
684,16264.64,366.21,0,0,0.0000
685,15941.61,273.57,NaN,NaN,NaN
686,16312.13,452.40,NaN,NaN,NaN
687,15707.04,836.93,NaN,NaN,NaN
688,16048.20,891.51,3,3,0.0000
689,15729.69,213.93,NaN,NaN,NaN
690,15783.71,52.98,NaN,NaN,NaN
691,16122.76,64.73,NaN,NaN,NaN
692,16258.94,73.72,NaN,NaN,NaN
693,16007.50,832.59,NaN,NaN,NaN
694,15741.89,809.91,NaN,NaN,NaN
695,15618.52,571.76,0,0,0.0000
696,16148.70,364.25,NaN,NaN,NaN
697,15806.57,265.16,2,4,2.0000
698,15752.92,268.04,NaN,NaN,NaN
699,16200.03,371.50,0,0,0.0000
700,16170.91,33.21,NaN,NaN,NaN
701,15951.60,71.32,0,0,0.0000
702,15764.66,184.07,NaN,NaN,NaN
703,15591.36,63.37,0,0,0.0000
704,15627.92,340.31,0,0,0.0000
705,15504.00,240.03,NaN,NaN,NaN
706,15966.39,837.81,NaN,NaN,NaN
707,15864.09,804.45,NaN,NaN,NaN
708,15677.44,355.11,NaN,NaN,NaN
709,15930.55,721.44,0,0,0.0000
710,15548.29,819.78,0,0,0.0000
711,16373.33,452.08,0,0,0.0000
712,15653.92,750.60,0,0,0.0000
713,15652.77,547.97,0,0,0.0000
714,15663.85,584.83,0,0,0.0000
715,16042.15,11.27,0,0,0.0000
716,15904.09,753.88,0,0,0.0000
717,824.55,1410.48,4,6,0.0000
718,833.51,1599.69,NaN,NaN,NaN
719,173.12,957.24,NaN,NaN,NaN
720,293.82,1163.77,5,5,0.0000
721,293.83,1028.46,4,5,0.0000
722,661.41,1553.62,0,0,0.0000
723,822.20,1176.69,2,5,2.5000
724,618.62,1632.79,NaN,NaN,NaN
725,717.09,1319.45,NaN,NaN,NaN
726,790.47,1543.95,6,6,0.0000
727,516.19,1514.52,0,0,0.0000
728,402.15,1622.22,4,4,0.0000
729,818.94,1309.39,NaN,NaN,NaN
730,884.54,1125.29,NaN,NaN,NaN
731,99.89,1090.01,NaN,NaN,NaN
732,604.32,1480.10,0,0,0.0000
733,210.85,1017.19,NaN,NaN,NaN
734,43.39,1069.67,2,2,0.0000
735,379.37,1042.49,NaN,NaN,NaN
736,490.13,1598.90,NaN,NaN,NaN
737,771.88,1273.37,NaN,NaN,NaN
738,818.03,1486.23,NaN,NaN,NaN
739,712.88,1426.13,NaN,NaN,NaN
740,352.33,1099.93,NaN,NaN,NaN
741,51.31,1013.77,0,0,0.0000
742,61.94,1305.58,0,0,0.0000
743,86.25,1189.38,NaN,NaN,NaN
744,747.72,1462.17,NaN,NaN,NaN
745,94.96,963.45,NaN,NaN,NaN
746,591.33,1557.83,0,0,0.0000
747,556.94,1457.59,NaN,NaN,NaN
748,877.17,1268.06,NaN,NaN,NaN
749,93.49,1262.64,0,0,0.0000
750,20.21,1140.01,NaN,NaN,NaN
751,554.16,1549.50,0,0,0.0000
752,421.26,991.64,3,4,0.0000
753,544.71,1607.33,0,0,0.0000
754,825.05,1130.03,NaN,NaN,NaN
755,44.22,1194.16,0,0,0.0000
756,435.71,1516.40,NaN,NaN,NaN
757,342.41,1180.60,NaN,NaN,NaN
758,727.87,1616.40,NaN,NaN,NaN
759,416.90,947.33,NaN,NaN,NaN
760,644.19,1438.07,NaN,NaN,NaN
761,866.39,1511.67,2,6,3.0000
762,959.88,1539.20,NaN,NaN,NaN
763,1580.39,1269.79,NaN,NaN,NaN
764,1317.77,1085.24,0,0,0.0000
765,993.34,1341.39,NaN,NaN,NaN
766,1643.21,1140.47,NaN,NaN,NaN
767,1296.50,1173.89,NaN,NaN,NaN
768,1296.74,955.05,NaN,NaN,NaN
769,1596.99,1375.98,NaN,NaN,NaN
770,1230.09,954.74,3,5,0.0000
771,1045.79,924.29,NaN,NaN,NaN
772,1608.12,1530.88,0,0,0.0000
773,1197.65,1247.11,NaN,NaN,NaN
774,959.39,1179.65,0,0,0.0000
775,1066.59,1072.63,3,7,2.3333
776,1553.53,1123.53,0,0,0.0000
777,925.13,1615.08,NaN,NaN,NaN
778,1519.98,1248.02,NaN,NaN,NaN
779,1592.73,1049.11,2,3,0.0000
780,1491.47,1190.13,NaN,NaN,NaN
781,1193.38,1117.83,NaN,NaN,NaN
782,1014.52,1015.69,2,5,2.5000
783,911.15,1342.77,NaN,NaN,NaN
784,1100.29,1123.97,2,3,0.0000
785,1114.67,1245.41,NaN,NaN,NaN
786,1281.90,1233.13,NaN,NaN,NaN
787,1367.82,1154.87,3,3,0.0000
788,1659.66,1470.57,0,0,0.0000
789,1486.82,1588.16,NaN,NaN,NaN
790,1457.04,1265.18,NaN,NaN,NaN
791,1055.83,1201.14,NaN,NaN,NaN
792,1114.77,1172.14,NaN,NaN,NaN
793,1516.24,1422.46,NaN,NaN,NaN
794,927.11,1267.90,NaN,NaN,NaN
795,953.73,1422.11,0,0,0.0000
796,1544.56,1499.69,NaN,NaN,NaN
797,905.58,1403.08,NaN,NaN,NaN
798,1225.54,1023.63,0,0,0.0000
799,1157.04,1206.70,NaN,NaN,NaN
800,1092.58,943.02,NaN,NaN,NaN
801,998.21,1457.63,NaN,NaN,NaN
802,1430.18,929.70,2,2,0.0000
803,1519.61,1360.00,NaN,NaN,NaN
804,996.05,1252.33,2,5,2.5000
805,1638.13,1413.00,3,9,3.0000
806,1363.08,1023.99,0,0,0.0000
807,1557.88,1425.74,NaN,NaN,NaN
808,1578.92,1649.22,NaN,NaN,NaN
809,1052.96,1277.89,0,0,0.0000
810,1524.85,1632.68,2,2,0.0000
811,1650.30,931.56,0,0,0.0000
812,1192.50,1180.54,0,0,0.0000
813,1370.88,972.88,NaN,NaN,NaN
814,1415.96,1202.41,NaN,NaN,NaN
815,926.83,1122.32,NaN,NaN,NaN
816,1428.02,1226.89,7,14,2.0000
817,1529.30,1574.22,2,2,0.0000
818,1377.39,1212.46,NaN,NaN,NaN
819,1016.98,1420.75,0,0,0.0000
820,1559.68,1565.02,NaN,NaN,NaN
821,1243.87,1077.22,0,0,0.0000
822,1045.90,1152.48,2,1,0.0000
823,1396.19,951.11,NaN,NaN,NaN
824,1867.44,952.94,NaN,NaN,NaN
825,1798.55,1032.05,NaN,NaN,NaN
826,1781.35,1651.66,NaN,NaN,NaN
827,2350.79,1077.53,NaN,NaN,NaN
828,1677.70,1307.30,3,5,0.0000
829,1887.42,1162.53,NaN,NaN,NaN
830,1706.60,1020.71,0,0,0.0000
831,1871.42,1545.93,NaN,NaN,NaN
832,1736.79,1487.77,NaN,NaN,NaN
833,1865.69,1434.58,NaN,NaN,NaN
834,1916.66,1271.77,NaN,NaN,NaN
835,2337.75,1328.10,3,6,2.0000
836,2374.26,1231.88,2,5,2.5000
837,1796.68,1515.40,2,4,2.0000
838,2322.68,1142.37,NaN,NaN,NaN
839,2403.32,1397.94,0,0,0.0000
840,1736.10,1129.62,NaN,NaN,NaN
841,1933.53,1084.90,NaN,NaN,NaN
842,1728.02,1400.11,NaN,NaN,NaN
843,2013.25,1308.39,NaN,NaN,NaN
844,1786.67,1337.60,NaN,NaN,NaN
845,1904.36,1629.32,2,2,0.0000
846,1968.70,1426.92,0,0,0.0000
847,2045.81,1563.32,NaN,NaN,NaN
848,2017.65,1094.47,2,5,2.5000
849,2008.68,1253.83,NaN,NaN,NaN
850,2226.71,1011.24,3,4,0.0000
851,2321.05,1200.53,0,0,0.0000
852,1696.24,1552.63,0,0,0.0000
853,1954.63,1593.92,NaN,NaN,NaN
854,2047.06,1477.54,NaN,NaN,NaN
855,1955.16,997.05,0,0,0.0000
856,1855.65,1316.95,3,7,2.3333
857,2035.31,1136.37,NaN,NaN,NaN
858,1797.27,1395.69,0,0,0.0000
859,2265.38,1091.00,NaN,NaN,NaN
860,1667.73,971.74,0,0,0.0000
861,1785.84,1266.80,NaN,NaN,NaN
862,2105.97,1562.76,NaN,NaN,NaN
863,1754.95,1203.36,0,0,0.0000
864,1939.07,1483.94,NaN,NaN,NaN
865,1817.80,1590.82,NaN,NaN,NaN
866,2085.33,1627.38,0,0,0.0000
867,2092.04,1490.49,NaN,NaN,NaN
868,1921.04,1377.68,0,0,0.0000
869,1966.56,1189.82,NaN,NaN,NaN
870,2003.19,1492.94,NaN,NaN,NaN
871,1934.83,1335.55,0,0,0.0000
872,2286.12,1013.29,0,0,0.0000
873,2026.71,1651.83,0,0,0.0000
874,1828.10,1225.57,NaN,NaN,NaN
875,1673.75,1611.00,0,0,0.0000
876,2028.73,1217.69,0,0,0.0000
877,1996.10,1173.69,0,0,0.0000
878,1686.90,900.72,0,0,0.0000
879,2410.40,1140.59,NaN,NaN,NaN
880,1717.56,1247.42,0,0,0.0000
881,1962.52,1531.48,0,0,0.0000
882,2480.51,1506.94,NaN,NaN,NaN
883,2569.22,1242.49,NaN,NaN,NaN
884,2443.93,1323.91,NaN,NaN,NaN
885,2600.88,1439.77,2,3,0.0000
886,2636.80,1312.77,0,0,0.0000
887,3091.68,1141.08,0,0,0.0000
888,2520.42,1397.38,NaN,NaN,NaN
889,2514.23,1137.03,3,1,0.0000
890,2525.79,1187.75,NaN,NaN,NaN
891,3191.48,1371.03,2,6,3.0000
892,2445.65,1424.28,NaN,NaN,NaN
893,2713.97,1389.79,0,0,0.0000
894,2461.46,1222.26,NaN,NaN,NaN
895,2457.42,1084.10,NaN,NaN,NaN
896,3191.48,1176.08,3,4,0.0000
897,3097.23,1335.81,NaN,NaN,NaN
898,3043.16,1274.17,NaN,NaN,NaN
899,2574.17,1308.74,NaN,NaN,NaN
900,2676.25,1422.56,0,0,0.0000
901,3104.17,1202.60,0,0,0.0000
902,3054.50,1207.66,2,6,3.0000
903,3144.12,1393.90,0,0,0.0000
904,3147.20,1326.08,NaN,NaN,NaN
905,2555.58,1347.25,NaN,NaN,NaN
906,2865.55,1549.68,NaN,NaN,NaN
907,2998.02,1187.23,2,3,0.0000
908,3185.80,1228.07,2,1,0.0000
909,2563.76,1124.95,0,0,0.0000
910,2713.40,1224.76,NaN,NaN,NaN
911,2502.75,1345.08,0,0,0.0000
912,3334.51,1036.98,NaN,NaN,NaN
913,3505.61,1591.15,NaN,NaN,NaN
914,3336.86,1455.30,NaN,NaN,NaN
915,3308.84,1514.30,0,0,0.0000
916,3345.76,1232.78,2,3,0.0000
917,3389.88,1370.75,NaN,NaN,NaN
918,3211.64,1521.41,NaN,NaN,NaN
919,3417.63,1609.42,NaN,NaN,NaN
920,3370.91,1176.60,3,5,0.0000
921,3412.75,1038.07,NaN,NaN,NaN
922,3423.28,1123.21,2,4,2.0000
923,3326.09,1597.95,NaN,NaN,NaN
924,3525.27,1415.53,4,4,0.0000
925,3415.34,1663.04,2,3,0.0000
926,3413.53,1538.75,3,7,2.3333
927,3426.16,1273.74,0,0,0.0000
928,3642.53,1653.78,0,0,0.0000
929,3662.65,1514.80,NaN,NaN,NaN
930,3549.79,1478.48,0,0,0.0000
931,3335.53,1350.50,3,5,0.0000
932,3429.07,1350.24,2,3,0.0000
933,3289.61,1171.24,NaN,NaN,NaN
934,3579.62,1574.47,NaN,NaN,NaN
935,3735.73,1578.29,NaN,NaN,NaN
936,3879.59,1657.62,NaN,NaN,NaN
937,3514.26,1294.56,3,6,2.0000
938,3326.87,1298.87,NaN,NaN,NaN
939,3703.99,1525.52,NaN,NaN,NaN
940,3696.73,1595.88,NaN,NaN,NaN
941,3264.71,1429.75,NaN,NaN,NaN
942,3248.43,1510.01,NaN,NaN,NaN
943,3284.37,1321.42,0,0,0.0000
944,3271.67,1132.00,NaN,NaN,NaN
945,3440.65,1467.37,2,4,2.0000
946,3467.42,1055.67,NaN,NaN,NaN
947,3200.69,1132.14,NaN,NaN,NaN
948,3464.47,1210.20,0,0,0.0000
949,3204.21,1062.99,NaN,NaN,NaN
950,3585.80,1495.62,0,0,0.0000
951,3254.23,1109.01,NaN,NaN,NaN
952,3492.38,1459.94,0,0,0.0000
953,3435.31,1175.51,0,0,0.0000
954,3504.87,1131.38,0,0,0.0000
955,4613.59,1320.18,2,2,0.0000
956,4687.29,1083.01,0,0,0.0000
957,4224.18,1186.96,NaN,NaN,NaN
958,4222.43,926.66,2,5,2.5000
959,4582.60,1113.97,NaN,NaN,NaN
960,4572.73,1237.78,NaN,NaN,NaN
961,4523.58,1386.56,0,0,0.0000
962,4713.66,1182.44,0,0,0.0000
963,4724.36,1036.11,0,0,0.0000
964,4463.25,1136.11,2,3,0.0000
965,4604.37,932.27,0,0,0.0000
966,4418.90,943.62,0,0,0.0000
967,4276.47,1253.97,NaN,NaN,NaN
968,4452.34,1066.04,2,3,0.0000
969,4511.47,1063.04,0,0,0.0000
970,4173.56,925.61,0,0,0.0000
971,4519.14,1005.32,3,5,0.0000
972,4380.87,1245.57,3,4,0.0000
973,4293.86,1104.63,0,0,0.0000
974,4436.30,1398.83,NaN,NaN,NaN
975,4539.70,1143.81,NaN,NaN,NaN
976,4464.66,1340.96,0,0,0.0000
977,4388.36,1207.42,3,5,0.0000
978,4329.08,931.72,NaN,NaN,NaN
979,4115.13,900.52,0,0,0.0000
980,4517.43,1208.88,0,0,0.0000
981,4382.54,1011.00,NaN,NaN,NaN
982,4483.45,1289.06,0,0,0.0000
983,4386.88,1158.87,0,0,0.0000
984,4331.39,1197.25,NaN,NaN,NaN
985,4096.12,974.74,NaN,NaN,NaN
986,4047.44,1023.86,3,4,0.0000
987,4614.86,1172.77,NaN,NaN,NaN
988,4814.30,1213.50,NaN,NaN,NaN
989,5158.45,1291.98,3,6,2.0000
990,4935.07,947.79,0,0,0.0000
991,4952.70,1349.88,0,0,0.0000
992,4935.07,1093.75,NaN,NaN,NaN
993,5310.09,1131.03,NaN,NaN,NaN
994,5221.70,1247.44,NaN,NaN,NaN
995,5187.84,1450.42,NaN,NaN,NaN
996,5128.61,1640.54,0,0,0.0000
997,5120.04,1331.63,NaN,NaN,NaN
998,5018.35,1016.87,NaN,NaN,NaN
999,4828.01,1060.83,NaN,NaN,NaN
1000,5423.87,1275.66,NaN,NaN,NaN
1001,5404.22,1011.49,2,3,0.0000
1002,5373.86,1099.82,0,0,0.0000
1003,5290.27,913.49,2,2,0.0000
1004,4929.82,1187.91,NaN,NaN,NaN
1005,4859.71,1137.23,NaN,NaN,NaN
1006,5301.92,1072.30,NaN,NaN,NaN
1007,4946.06,1475.63,0,0,0.0000
1008,5186.11,960.25,0,0,0.0000
1009,5039.08,1454.83,NaN,NaN,NaN
1010,5453.73,916.37,4,2,0.0000
1011,5336.24,1016.75,NaN,NaN,NaN
1012,5463.95,1084.95,NaN,NaN,NaN
1013,5104.90,1558.27,4,7,0.0000
1014,5217.52,900.05,NaN,NaN,NaN
1015,5274.85,1367.70,NaN,NaN,NaN
1016,4977.96,1258.10,NaN,NaN,NaN
1017,5372.59,1469.63,2,4,2.0000
1018,5468.42,982.01,NaN,NaN,NaN
1019,5272.22,957.99,NaN,NaN,NaN
1020,5180.71,1597.66,NaN,NaN,NaN
1021,5485.52,1176.21,NaN,NaN,NaN
1022,5432.87,1146.07,0,0,0.0000
1023,4778.48,1108.09,0,0,0.0000
1024,5460.35,1424.49,NaN,NaN,NaN
1025,5457.15,1208.17,NaN,NaN,NaN
1026,5345.75,1580.74,2,6,3.0000
1027,5382.86,1540.04,NaN,NaN,NaN
1028,5070.58,1082.60,0,0,0.0000
1029,5366.37,1414.85,0,0,0.0000
1030,5470.43,1584.13,NaN,NaN,NaN
1031,4886.95,1284.31,0,0,0.0000
1032,4957.16,1423.52,0,0,0.0000
1033,5360.82,967.29,0,0,0.0000
1034,5395.05,1135.48,NaN,NaN,NaN
1035,5365.03,1214.63,2,4,2.0000
1036,4788.79,1000.64,3,8,2.6667
1037,5465.51,1048.19,0,0,0.0000
1038,5287.86,1296.03,0,0,0.0000
1039,5205.39,1406.32,NaN,NaN,NaN
1040,5380.23,1318.98,2,3,0.0000
1041,5200.23,1521.18,NaN,NaN,NaN
1042,5384.90,1261.80,3,4,0.0000
1043,4971.85,1644.95,NaN,NaN,NaN
1044,5348.26,1346.72,0,0,0.0000
1045,5369.02,928.10,NaN,NaN,NaN
1046,5057.79,1200.54,NaN,NaN,NaN
1047,5445.08,1522.06,NaN,NaN,NaN
1048,5254.97,1574.19,NaN,NaN,NaN
1049,5458.44,1479.76,0,0,0.0000
1050,4954.02,897.61,2,4,2.0000
1051,5062.23,1151.27,3,2,0.0000
1052,4946.67,1593.55,0,0,0.0000
1053,5285.62,1640.66,2,7,3.5000
1054,5408.77,1607.41,NaN,NaN,NaN
1055,6115.23,1163.01,NaN,NaN,NaN
1056,6147.76,1321.40,0,0,0.0000
1057,6259.06,1069.78,3,10,3.3333
1058,5936.22,1611.14,2,3,0.0000
1059,6092.05,1076.37,NaN,NaN,NaN
1060,6058.25,1623.14,NaN,NaN,NaN
1061,6177.08,903.67,NaN,NaN,NaN
1062,5943.35,1187.66,NaN,NaN,NaN
1063,6214.78,1192.24,0,0,0.0000
1064,6200.46,1581.91,NaN,NaN,NaN
1065,6172.14,1049.76,0,0,0.0000
1066,6054.15,952.17,0,0,0.0000
1067,5806.55,1572.29,3,6,2.0000
1068,6100.29,1391.76,NaN,NaN,NaN
1069,5973.34,1464.95,NaN,NaN,NaN
1070,5926.74,1315.80,NaN,NaN,NaN
1071,6069.07,1535.21,NaN,NaN,NaN
1072,5858.52,1480.85,0,0,0.0000
1073,5981.27,1548.10,NaN,NaN,NaN
1074,6229.50,1371.09,0,0,0.0000
1075,6055.89,1456.78,NaN,NaN,NaN
1076,5512.93,913.65,NaN,NaN,NaN
1077,5900.54,1416.51,NaN,NaN,NaN
1078,6024.18,1270.98,2,6,3.0000
1079,6004.80,1093.76,NaN,NaN,NaN
1080,6036.78,1167.78,NaN,NaN,NaN
1081,6236.03,1641.60,3,2,0.0000
1082,5956.27,1250.87,4,3,0.0000
1083,6139.39,1524.27,0,0,0.0000
1084,6256.59,1441.79,2,9,4.5000
1085,6048.62,1338.94,2,3,0.0000
1086,6175.60,1247.23,0,0,0.0000
1087,5965.28,1352.74,NaN,NaN,NaN
1088,5910.81,1473.90,NaN,NaN,NaN
1089,5519.67,990.99,2,2,0.0000
1090,5922.93,1502.16,NaN,NaN,NaN
1091,6182.98,1415.83,0,0,0.0000
1092,6199.80,1656.98,NaN,NaN,NaN
1093,6099.12,1001.25,NaN,NaN,NaN
1094,6389.60,1284.38,2,1,0.0000
1095,6674.09,1200.31,3,8,2.6667
1096,7011.81,1424.53,2,3,0.0000
1097,6494.84,1020.52,0,0,0.0000
1098,6412.79,1040.44,0,0,0.0000
1099,6488.16,1288.58,NaN,NaN,NaN
1100,6530.66,1575.46,2,1,0.0000
1101,6531.25,897.64,NaN,NaN,NaN
1102,6909.05,1168.43,NaN,NaN,NaN
1103,6720.12,1337.39,NaN,NaN,NaN
1104,6506.64,1126.55,0,0,0.0000
1105,6909.02,1234.62,NaN,NaN,NaN
1106,6301.77,1366.64,0,0,0.0000
1107,6390.00,1127.10,0,0,0.0000
1108,6778.19,1260.56,2,3,0.0000
1109,6566.93,1206.16,NaN,NaN,NaN
1110,6983.07,1230.02,2,6,3.0000
1111,6869.24,1112.02,NaN,NaN,NaN
1112,6723.50,1094.46,3,5,0.0000
1113,6789.20,1395.61,NaN,NaN,NaN
1114,6863.02,1610.16,2,4,2.0000
1115,6718.23,1468.99,NaN,NaN,NaN
1116,6907.26,1400.91,0,0,0.0000
1117,6445.52,1195.77,2,1,0.0000
1118,6310.27,1251.25,NaN,NaN,NaN
1119,6772.86,1170.52,NaN,NaN,NaN
1120,6656.48,1651.92,NaN,NaN,NaN
1121,7016.18,1337.61,NaN,NaN,NaN
1122,6589.84,1285.83,3,4,0.0000
1123,6727.66,1410.87,NaN,NaN,NaN
1124,6668.69,1402.64,NaN,NaN,NaN
1125,6608.80,932.86,2,5,2.5000
1126,6772.44,1535.08,NaN,NaN,NaN
1127,7023.53,1192.51,0,0,0.0000
1128,6454.63,924.52,3,6,2.0000
1129,6876.73,1502.42,2,7,3.5000
1130,6664.28,1557.87,NaN,NaN,NaN
1131,6615.77,1512.17,2,1,0.0000
1132,6801.61,1039.17,0,0,0.0000
1133,6699.67,1035.63,NaN,NaN,NaN
1134,6714.44,1525.80,NaN,NaN,NaN
1135,6580.96,1034.27,NaN,NaN,NaN
1136,6701.18,992.80,3,6,2.0000
1137,6691.08,1598.03,3,5,0.0000
1138,6830.35,1535.62,2,8,4.0000
1139,6741.42,937.23,2,3,0.0000
1140,6633.55,1367.05,NaN,NaN,NaN
1141,6584.63,1403.50,NaN,NaN,NaN
1142,6612.37,1576.44,2,1,0.0000
1143,6785.37,1219.03,NaN,NaN,NaN
1144,6923.68,1307.99,NaN,NaN,NaN
1145,6822.03,1465.97,NaN,NaN,NaN
1146,6988.76,1051.71,NaN,NaN,NaN
1147,7031.32,1613.26,2,4,2.0000
1148,6941.87,1602.18,NaN,NaN,NaN
1149,7006.40,1655.76,NaN,NaN,NaN
1150,6498.75,1191.66,NaN,NaN,NaN
1151,6808.52,1631.94,NaN,NaN,NaN
1152,6576.66,1623.16,NaN,NaN,NaN
1153,6861.58,1021.45,NaN,NaN,NaN
1154,6977.77,1556.39,2,2,0.0000
1155,6972.12,1323.45,NaN,NaN,NaN
1156,6377.25,1557.97,0,0,0.0000
1157,6680.61,1274.99,NaN,NaN,NaN
1158,6909.29,1015.95,2,6,3.0000
1159,6291.57,1175.81,0,0,0.0000
1160,6724.72,1650.17,NaN,NaN,NaN
1161,7012.73,1558.75,0,0,0.0000
1162,6869.01,1283.66,0,0,0.0000
1163,6646.93,1075.46,0,0,0.0000
1164,6833.53,1177.59,NaN,NaN,NaN
1165,6560.17,1472.17,NaN,NaN,NaN
1166,6921.92,1492.75,NaN,NaN,NaN
1167,6779.62,968.13,NaN,NaN,NaN
1168,6836.84,1391.48,0,0,0.0000
1169,6760.50,1580.68,NaN,NaN,NaN
1170,6377.06,1480.13,0,0,0.0000
1171,7022.68,1086.28,0,0,0.0000
1172,6948.13,1532.67,2,1,0.0000
1173,6882.23,1442.99,0,0,0.0000
1174,7172.95,1569.05,2,4,2.0000
1175,7129.72,1348.91,NaN,NaN,NaN
1176,7648.85,1308.87,3,3,0.0000
1177,7592.68,1194.66,NaN,NaN,NaN
1178,7590.87,1052.41,2,6,3.0000
1179,7402.20,1390.67,3,8,2.6667
1180,7315.62,1423.82,NaN,NaN,NaN
1181,7622.72,976.68,NaN,NaN,NaN
1182,7308.29,1531.01,NaN,NaN,NaN
1183,7281.13,1056.49,NaN,NaN,NaN
1184,7159.76,1253.54,4,10,2.5000
1185,7415.38,1282.44,NaN,NaN,NaN
1186,7088.29,1151.04,0,0,0.0000
1187,7583.55,1403.12,NaN,NaN,NaN
1188,7143.87,1493.16,2,4,2.0000
1189,7705.93,1521.31,0,0,0.0000
1190,7713.44,990.33,0,0,0.0000
1191,7284.67,1285.33,NaN,NaN,NaN
1192,7598.45,1532.84,0,0,0.0000
1193,7774.36,1589.53,NaN,NaN,NaN
1194,7523.83,1571.94,NaN,NaN,NaN
1195,7545.95,919.36,2,3,0.0000
1196,7731.23,1071.19,0,0,0.0000
1197,7410.02,1605.53,NaN,NaN,NaN
1198,7731.85,1249.80,0,0,0.0000
1199,7220.64,948.91,2,3,0.0000
1200,7220.33,1323.51,NaN,NaN,NaN
1201,7356.22,1198.98,NaN,NaN,NaN
1202,7719.36,910.91,NaN,NaN,NaN
1203,7807.83,932.78,NaN,NaN,NaN
1204,7062.43,1498.94,0,0,0.0000
1205,7665.09,1197.06,NaN,NaN,NaN
1206,7347.71,1120.87,3,3,0.0000
1207,7470.50,1456.68,2,5,2.5000
1208,7170.17,1053.84,NaN,NaN,NaN
1209,7531.74,1090.06,0,0,0.0000
1210,7053.58,1279.92,2,4,2.0000
1211,7702.32,1417.29,0,0,0.0000
1212,7303.44,898.13,NaN,NaN,NaN
1213,7256.76,1136.46,NaN,NaN,NaN
1214,7444.55,1559.42,NaN,NaN,NaN
1215,7490.12,1636.76,NaN,NaN,NaN
1216,7558.82,1644.06,3,6,2.0000
1217,7573.83,1562.90,NaN,NaN,NaN
1218,7761.79,1648.65,NaN,NaN,NaN
1219,7063.36,1052.46,2,1,0.0000
1220,7715.52,1169.19,NaN,NaN,NaN
1221,7438.38,1185.51,0,0,0.0000
1222,7791.69,1115.08,3,5,0.0000
1223,7226.03,1380.92,0,0,0.0000
1224,7770.44,1182.28,3,6,2.0000
1225,7231.48,1255.13,NaN,NaN,NaN
1226,7516.48,1250.48,NaN,NaN,NaN
1227,7678.49,1599.07,0,0,0.0000
1228,7567.37,1299.85,2,2,0.0000
1229,7183.41,1125.32,NaN,NaN,NaN
1230,7071.35,1227.60,2,3,0.0000
1231,7499.96,1298.86,NaN,NaN,NaN
1232,7200.28,1625.76,NaN,NaN,NaN
1233,7466.01,1342.85,NaN,NaN,NaN
1234,7101.60,1111.83,0,0,0.0000
1235,7366.53,911.50,2,3,0.0000
1236,7195.78,1475.57,0,0,0.0000
1237,7294.71,1480.85,0,0,0.0000
1238,7513.97,1374.20,4,4,0.0000
1239,7453.65,919.00,0,0,0.0000
1240,7622.81,916.64,0,0,0.0000
1241,7286.25,987.54,0,0,0.0000
1242,7642.97,1450.24,NaN,NaN,NaN
1243,7227.42,1433.61,0,0,0.0000
1244,7740.16,1447.42,0,0,0.0000
1245,7403.69,908.31,NaN,NaN,NaN
1246,7299.73,1354.42,NaN,NaN,NaN
1247,7263.75,930.44,NaN,NaN,NaN
1248,7191.82,1199.56,NaN,NaN,NaN
1249,7271.83,1229.09,NaN,NaN,NaN
1250,7768.54,1532.02,0,0,0.0000
1251,7539.25,1471.79,NaN,NaN,NaN
1252,7485.66,1203.17,0,0,0.0000
1253,7614.27,1485.46,2,2,0.0000
1254,7781.07,927.40,0,0,0.0000
1255,7661.24,1402.35,0,0,0.0000
1256,7277.22,1199.85,0,0,0.0000
1257,7219.41,1034.07,0,0,0.0000
1258,7748.75,1128.41,0,0,0.0000
1259,7388.82,1472.02,NaN,NaN,NaN
1260,7370.29,1060.72,0,0,0.0000
1261,7518.16,1420.00,NaN,NaN,NaN
1262,7205.26,1161.88,NaN,NaN,NaN
1263,7427.94,1483.41,NaN,NaN,NaN
1264,7454.77,1507.47,NaN,NaN,NaN
1265,7835.92,1337.72,NaN,NaN,NaN
1266,8398.94,904.58,NaN,NaN,NaN
1267,8389.53,1201.81,NaN,NaN,NaN
1268,8509.82,1520.71,0,0,0.0000
1269,8114.01,1575.94,NaN,NaN,NaN
1270,8214.37,1297.00,NaN,NaN,NaN
1271,8310.25,1256.51,2,5,2.5000
1272,8220.98,1154.62,NaN,NaN,NaN
1273,7957.14,1113.09,4,4,0.0000
1274,8434.01,1392.88,NaN,NaN,NaN
1275,7815.66,1045.17,NaN,NaN,NaN
1276,8266.03,1399.79,NaN,NaN,NaN
1277,8196.86,1007.47,0,0,0.0000
1278,8523.09,1012.54,NaN,NaN,NaN
1279,8102.09,953.27,NaN,NaN,NaN
1280,8198.18,1454.05,NaN,NaN,NaN
1281,8473.59,1658.49,0,0,0.0000
1282,8276.56,1021.88,NaN,NaN,NaN
1283,7840.25,909.87,NaN,NaN,NaN
1284,8116.16,1037.92,NaN,NaN,NaN
1285,7970.84,1485.26,NaN,NaN,NaN
1286,8284.47,905.19,NaN,NaN,NaN
1287,8329.73,1563.03,NaN,NaN,NaN
1288,8429.00,1315.64,2,1,0.0000
1289,8017.73,1417.86,NaN,NaN,NaN
1290,8331.72,1043.39,NaN,NaN,NaN
1291,8178.92,1534.39,0,0,0.0000
1292,8435.19,1565.23,NaN,NaN,NaN
1293,7879.33,1616.48,0,0,0.0000
1294,8404.84,1066.84,NaN,NaN,NaN
1295,8158.10,1343.45,NaN,NaN,NaN
1296,7808.29,932.94,NaN,NaN,NaN
1297,8025.27,1037.40,0,0,0.0000
1298,8099.22,1159.09,NaN,NaN,NaN
1299,8526.46,1174.63,0,0,0.0000
1300,8387.37,1586.84,3,6,2.0000
1301,8549.27,1444.37,NaN,NaN,NaN
1302,8081.14,1258.59,NaN,NaN,NaN
1303,8525.48,1113.57,0,0,0.0000
1304,8465.98,1138.71,3,3,0.0000
1305,8004.84,929.59,NaN,NaN,NaN
1306,8500.33,1415.04,0,0,0.0000
1307,8332.18,1418.14,NaN,NaN,NaN
1308,8110.83,1450.70,0,0,0.0000
1309,7903.16,1372.53,NaN,NaN,NaN
1310,8117.20,1353.25,NaN,NaN,NaN
1311,8535.51,1610.29,NaN,NaN,NaN
1312,7936.76,1205.63,NaN,NaN,NaN
1313,7949.57,1262.34,0,0,0.0000
1314,7928.82,1514.34,NaN,NaN,NaN
1315,7839.40,1516.80,NaN,NaN,NaN
1316,7896.21,1274.48,2,4,2.0000
1317,8087.49,1394.24,NaN,NaN,NaN
1318,8157.59,1109.67,NaN,NaN,NaN
1319,8462.67,1048.89,2,4,2.0000
1320,8155.49,1441.96,NaN,NaN,NaN
1321,8404.39,1470.73,0,0,0.0000
1322,7983.95,1321.93,3,8,2.6667
1323,7893.24,1485.35,NaN,NaN,NaN
1324,8140.83,1230.12,0,0,0.0000
1325,8021.85,1301.65,NaN,NaN,NaN
1326,8163.58,1183.34,NaN,NaN,NaN
1327,7960.12,939.57,0,0,0.0000
1328,7845.64,1569.00,NaN,NaN,NaN
1329,8281.15,956.37,NaN,NaN,NaN
1330,8058.88,1313.91,NaN,NaN,NaN
1331,8035.12,1205.60,3,2,0.0000
1332,8363.77,1525.64,2,5,2.5000
1333,8442.37,980.91,NaN,NaN,NaN
1334,7969.81,1572.42,NaN,NaN,NaN
1335,8297.77,1341.71,NaN,NaN,NaN
1336,8089.94,1004.72,3,3,0.0000
1337,8476.94,968.99,0,0,0.0000
1338,8180.44,1639.44,0,0,0.0000
1339,8346.38,1348.56,0,0,0.0000
1340,8485.16,906.84,0,0,0.0000
1341,8394.68,1116.12,0,0,0.0000
1342,8590.65,966.14,NaN,NaN,NaN
1343,9971.00,1544.58,NaN,NaN,NaN
1344,9974.38,1631.12,2,3,0.0000
1345,9911.84,1607.35,0,0,0.0000
1346,10070.61,1597.90,2,4,2.0000
1347,10059.35,1382.09,NaN,NaN,NaN
1348,9659.53,1393.71,NaN,NaN,NaN
1349,10065.65,1499.29,NaN,NaN,NaN
1350,10008.20,1468.85,NaN,NaN,NaN
1351,9693.39,1411.61,4,4,0.0000
1352,10111.53,1331.44,0,0,0.0000
1353,10251.14,1479.75,NaN,NaN,NaN
1354,10282.22,1598.15,0,0,0.0000
1355,10470.67,1576.38,3,3,0.0000
1356,10142.55,1547.14,2,3,0.0000
1357,10334.76,1447.78,0,0,0.0000
1358,10571.34,1437.48,NaN,NaN,NaN
1359,10129.32,1449.99,4,5,0.0000
1360,10240.92,1379.32,0,0,0.0000
1361,10548.87,1539.29,2,3,0.0000
1362,10629.63,1563.72,NaN,NaN,NaN
1363,10368.62,1534.44,0,0,0.0000
1364,10595.81,1509.13,NaN,NaN,NaN
1365,10434.36,1485.60,0,0,0.0000
1366,10474.94,1477.41,2,2,0.0000
1367,10434.07,1320.75,NaN,NaN,NaN
1368,10395.48,1351.49,NaN,NaN,NaN
1369,10423.50,1644.37,0,0,0.0000
1370,10305.27,1303.16,2,2,0.0000
1371,10179.61,1429.32,NaN,NaN,NaN
1372,10558.52,1588.27,NaN,NaN,NaN
1373,10179.95,1663.15,NaN,NaN,NaN
1374,10245.32,1643.00,0,0,0.0000
1375,10241.94,1309.76,0,0,0.0000
1376,10659.77,1639.63,2,7,3.5000
1377,10438.75,1396.21,NaN,NaN,NaN
1378,10250.80,1280.72,NaN,NaN,NaN
1379,10506.09,1652.35,NaN,NaN,NaN
1380,10315.06,1362.10,NaN,NaN,NaN
1381,10173.73,1608.65,NaN,NaN,NaN
1382,10439.38,1366.06,NaN,NaN,NaN
1383,11243.42,900.61,0,0,0.0000
1384,11322.61,1663.10,2,4,2.0000
1385,11196.72,1067.06,2,6,3.0000
1386,11327.67,1071.76,NaN,NaN,NaN
1387,11319.59,1288.53,0,0,0.0000
1388,11188.16,1145.20,NaN,NaN,NaN
1389,11349.24,1009.74,NaN,NaN,NaN
1390,11283.44,1375.94,3,7,2.3333
1391,11339.25,934.82,0,0,0.0000
1392,11200.06,1278.39,NaN,NaN,NaN
1393,11318.28,1158.52,0,0,0.0000
1394,11274.78,1068.21,NaN,NaN,NaN
1395,11045.24,958.28,NaN,NaN,NaN
1396,11168.00,1007.86,0,0,0.0000
1397,11100.56,987.44,4,7,0.0000
1398,11254.74,1309.67,NaN,NaN,NaN
1399,11172.97,924.85,0,0,0.0000
1400,11529.42,993.62,NaN,NaN,NaN
1401,11233.78,1491.39,2,2,0.0000
1402,11353.94,1218.08,0,0,0.0000
1403,11194.63,1627.95,0,0,0.0000
1404,11203.39,1387.03,2,5,2.5000
1405,11108.59,1109.67,NaN,NaN,NaN
1406,11123.68,1056.80,NaN,NaN,NaN
1407,11122.59,1152.04,2,2,0.0000
1408,11139.17,1498.27,3,8,2.6667
1409,11098.43,1492.35,NaN,NaN,NaN
1410,11233.84,1437.97,2,3,0.0000
1411,11117.36,1519.59,NaN,NaN,NaN
1412,12340.12,1524.14,0,0,0.0000
1413,12263.29,1589.74,0,0,0.0000
1414,13031.57,1538.60,NaN,NaN,NaN
1415,12771.19,1419.60,NaN,NaN,NaN
1416,12690.47,1459.76,NaN,NaN,NaN
1417,12577.52,1466.05,NaN,NaN,NaN
1418,13120.87,1629.81,2,2,0.0000
1419,12755.20,1569.78,NaN,NaN,NaN
1420,12537.30,1565.42,NaN,NaN,NaN
1421,12980.63,1473.89,NaN,NaN,NaN
1422,12656.66,1556.64,NaN,NaN,NaN
1423,12896.21,1495.45,2,3,0.0000
1424,12856.78,1345.68,NaN,NaN,NaN
1425,12729.85,1628.89,NaN,NaN,NaN
1426,12924.27,1311.09,0,0,0.0000
1427,12597.03,1523.09,NaN,NaN,NaN
1428,12875.28,1418.97,3,15,5.0000
1429,12917.56,1414.64,NaN,NaN,NaN
1430,13144.16,1528.49,NaN,NaN,NaN
1431,12883.61,1632.38,NaN,NaN,NaN
1432,12653.04,1609.22,0,0,0.0000
1433,13085.15,1479.79,0,0,0.0000
1434,12951.97,1551.23,2,5,2.5000
1435,13115.88,1557.75,NaN,NaN,NaN
1436,12973.64,1647.66,NaN,NaN,NaN
1437,12959.98,1602.17,NaN,NaN,NaN
1438,13201.78,1617.27,NaN,NaN,NaN
1439,13904.46,989.88,NaN,NaN,NaN
1440,13950.26,1062.92,NaN,NaN,NaN
1441,13831.73,913.38,0,0,0.0000
1442,13947.47,994.52,NaN,NaN,NaN
1443,13881.46,1020.28,NaN,NaN,NaN
1444,13929.83,924.71,NaN,NaN,NaN
1445,14618.90,1403.56,0,0,0.0000
1446,14672.39,1251.78,0,0,0.0000
1447,14501.71,1655.04,NaN,NaN,NaN
1448,14230.70,1208.34,3,5,0.0000
1449,14028.76,1066.60,0,0,0.0000
1450,14421.13,1264.10,NaN,NaN,NaN
1451,13989.39,927.70,NaN,NaN,NaN
1452,14374.05,1507.28,NaN,NaN,NaN
1453,14154.94,1020.94,3,2,0.0000
1454,14058.95,927.45,2,2,0.0000
1455,14462.26,1525.14,0,0,0.0000
1456,14325.37,1415.87,NaN,NaN,NaN
1457,14491.81,1342.38,0,0,0.0000
1458,14627.49,1033.69,NaN,NaN,NaN
1459,14485.37,1466.55,2,5,2.5000
1460,14600.25,1572.37,NaN,NaN,NaN
1461,14403.55,1363.78,NaN,NaN,NaN
1462,14330.90,1301.93,2,3,0.0000
1463,14543.25,1155.06,NaN,NaN,NaN
1464,14541.50,1446.41,2,5,2.5000
1465,14549.17,969.09,NaN,NaN,NaN
1466,14544.85,1064.94,0,0,0.0000
1467,14104.33,1184.36,0,0,0.0000
1468,14157.89,1246.60,NaN,NaN,NaN
1469,14248.95,1097.08,NaN,NaN,NaN
1470,14042.78,1185.10,0,0,0.0000
1471,14077.98,1264.13,2,6,3.0000
1472,14490.19,917.92,NaN,NaN,NaN
1473,14234.23,1325.93,0,0,0.0000
1474,14445.93,1031.06,NaN,NaN,NaN
1475,14615.11,1155.77,0,0,0.0000
1476,14305.40,1129.56,0,0,0.0000
1477,14669.58,1520.08,NaN,NaN,NaN
1478,14562.01,1264.81,3,6,2.0000
1479,14156.44,1177.76,0,0,0.0000
1480,14669.06,1600.08,0,0,0.0000
1481,14481.59,1096.83,0,0,0.0000
1482,14183.02,1370.24,NaN,NaN,NaN
1483,14283.15,1053.64,0,0,0.0000
1484,14457.98,1162.25,NaN,NaN,NaN
1485,14536.05,1213.78,NaN,NaN,NaN
1486,14408.11,1194.17,NaN,NaN,NaN
1487,14006.84,1208.99,0,0,0.0000
1488,14594.27,1661.31,0,0,0.0000
1489,14361.95,1148.83,NaN,NaN,NaN
1490,14642.24,1103.78,2,1,0.0000
1491,14173.13,1300.67,0,0,0.0000
1492,14864.89,1514.21,NaN,NaN,NaN
1493,15351.42,1581.23,NaN,NaN,NaN
1494,15316.49,1464.57,0,0,0.0000
1495,15166.35,1621.23,2,5,2.5000
1496,15108.72,1430.57,NaN,NaN,NaN
1497,15383.13,1321.86,NaN,NaN,NaN
1498,14978.01,1638.68,0,0,0.0000
1499,15004.01,1008.17,NaN,NaN,NaN
1500,15192.42,1198.65,NaN,NaN,NaN
1501,14748.28,1587.96,0,0,0.0000
1502,14727.59,1393.42,NaN,NaN,NaN
1503,15469.84,1587.19,3,7,2.3333
1504,15321.49,1363.10,NaN,NaN,NaN
1505,15187.54,1514.92,NaN,NaN,NaN
1506,15447.63,950.59,2,6,3.0000
1507,15347.95,955.33,0,0,0.0000
1508,15408.83,1249.52,4,5,0.0000
1509,14999.89,1120.09,3,4,0.0000
1510,15283.20,1155.50,0,0,0.0000
1511,15267.52,967.43,NaN,NaN,NaN
1512,15247.90,1058.50,NaN,NaN,NaN
1513,15145.10,1089.32,2,6,3.0000
1514,15115.83,1263.59,0,0,0.0000
1515,15226.08,1373.35,NaN,NaN,NaN
1516,15023.70,1542.86,0,0,0.0000
1517,15155.57,943.53,NaN,NaN,NaN
1518,15190.33,1415.54,NaN,NaN,NaN
1519,15401.68,1203.06,NaN,NaN,NaN
1520,15092.58,1548.35,NaN,NaN,NaN
1521,15048.92,906.89,NaN,NaN,NaN
1522,15315.30,1230.87,0,0,0.0000
1523,15103.11,1162.12,3,5,0.0000
1524,15260.46,1599.70,NaN,NaN,NaN
1525,15443.84,1489.43,0,0,0.0000
1526,15037.18,1184.88,2,6,3.0000
1527,14912.49,1573.93,2,3,0.0000
1528,15457.25,1166.79,NaN,NaN,NaN
1529,15463.72,1403.76,0,0,0.0000
1530,14752.15,1485.48,0,0,0.0000
1531,15384.29,1646.48,NaN,NaN,NaN
1532,15098.85,960.66,NaN,NaN,NaN
1533,14929.42,933.62,NaN,NaN,NaN
1534,15303.10,1067.07,0,0,0.0000
1535,15000.83,1480.56,0,0,0.0000
1536,15041.60,1602.32,0,0,0.0000
1537,15475.32,1268.15,0,0,0.0000
1538,15065.33,1054.28,NaN,NaN,NaN
1539,15422.70,1061.94,0,0,0.0000
1540,15282.30,896.43,NaN,NaN,NaN
1541,15463.61,1092.89,0,0,0.0000
1542,15429.14,1385.69,NaN,NaN,NaN
1543,14793.59,1367.04,0,0,0.0000
1544,15137.01,1015.61,NaN,NaN,NaN
1545,15212.16,1039.79,2,6,3.0000
1546,15387.72,1114.26,NaN,NaN,NaN
1547,15087.19,1064.69,NaN,NaN,NaN
1548,15401.09,902.80,0,0,0.0000
1549,15292.84,1207.46,0,0,0.0000
1550,15072.69,956.72,0,0,0.0000
1551,15916.27,1380.95,NaN,NaN,NaN
1552,16013.13,1067.84,2,3,0.0000
1553,15955.28,1614.82,2,3,0.0000
1554,16128.32,1613.59,NaN,NaN,NaN
1555,15557.94,1459.88,0,0,0.0000
1556,15825.81,1244.08,NaN,NaN,NaN
1557,15555.60,1264.05,4,8,2.0000
1558,15768.62,1634.72,NaN,NaN,NaN
1559,15702.76,1155.10,0,0,0.0000
1560,16233.45,1382.08,NaN,NaN,NaN
1561,15607.47,1111.20,3,5,0.0000
1562,15719.71,1365.24,NaN,NaN,NaN
1563,16099.15,1464.54,3,5,0.0000
1564,15658.62,901.66,NaN,NaN,NaN
1565,15774.69,907.23,0,0,0.0000
1566,15860.77,1568.37,NaN,NaN,NaN
1567,16232.06,1660.25,NaN,NaN,NaN
1568,16113.83,1243.79,NaN,NaN,NaN
1569,15743.57,1500.32,3,5,0.0000
1570,15986.80,1494.16,0,0,0.0000
1571,16212.68,1529.46,3,4,0.0000
1572,16300.45,1467.44,0,0,0.0000
1573,16298.71,1622.84,NaN,NaN,NaN
1574,15636.84,1406.55,0,0,0.0000
1575,15549.85,932.03,NaN,NaN,NaN
1576,15743.52,1065.85,2,3,0.0000
1577,16267.38,1497.78,NaN,NaN,NaN
1578,15843.62,1489.88,0,0,0.0000
1579,15972.74,954.53,NaN,NaN,NaN
1580,15852.10,917.68,NaN,NaN,NaN
1581,15878.61,1087.52,NaN,NaN,NaN
1582,15575.51,919.81,NaN,NaN,NaN
1583,16163.72,1380.70,2,1,0.0000
1584,16071.95,1048.19,NaN,NaN,NaN
1585,15693.60,1018.21,NaN,NaN,NaN
1586,15540.00,1071.93,0,0,0.0000
1587,16163.79,1124.58,0,0,0.0000
1588,15784.56,1274.57,2,5,2.5000
1589,15580.16,1544.37,0,0,0.0000
1590,16037.66,1541.49,NaN,NaN,NaN
1591,15950.76,1201.95,0,0,0.0000
1592,15578.54,1033.49,NaN,NaN,NaN
1593,16045.50,1311.53,NaN,NaN,NaN
1594,15512.64,974.34,NaN,NaN,NaN
1595,16157.13,1195.12,2,2,0.0000
1596,15902.20,1203.26,NaN,NaN,NaN
1597,16129.68,1140.55,NaN,NaN,NaN
1598,15796.91,1041.65,NaN,NaN,NaN
1599,16362.10,1618.68,NaN,NaN,NaN
1600,16208.77,1583.71,5,10,2.0000
1601,15910.09,1489.99,0,0,0.0000
1602,15759.10,997.33,3,6,2.0000
1603,15795.83,1544.88,0,0,0.0000
1604,15660.10,1033.15,0,0,0.0000
1605,16158.19,1307.80,0,0,0.0000
1606,15924.92,1131.33,0,0,0.0000
1607,15838.94,1035.06,0,0,0.0000
1608,15544.70,1572.42,0,0,0.0000
1609,15935.19,1050.29,3,4,0.0000
1610,16070.49,1395.60,NaN,NaN,NaN
1611,15971.20,1245.45,0,0,0.0000
1612,16001.68,1345.64,2,5,2.5000
1613,15521.85,1157.27,0,0,0.0000
1614,16077.81,1536.40,2,7,3.5000
1615,15864.86,1143.09,NaN,NaN,NaN
1616,15772.56,1431.32,2,4,2.0000
1617,15887.52,1022.72,0,0,0.0000
1618,16118.42,1051.81,0,0,0.0000
1619,15690.47,1522.59,NaN,NaN,NaN
1620,16261.40,1573.96,2,2,0.0000
1621,15781.84,1131.71,4,5,0.0000
1622,15975.99,978.17,NaN,NaN,NaN
1623,16233.25,1250.30,0,0,0.0000
1624,15714.93,1615.98,2,3,0.0000
1625,15981.15,968.04,NaN,NaN,NaN
1626,15830.85,1652.95,NaN,NaN,NaN
1627,15866.41,976.74,3,6,2.0000
1628,15982.64,982.87,0,0,0.0000
1629,15974.31,983.81,NaN,NaN,NaN
1630,15979.22,982.20,NaN,NaN,NaN
1631,558.14,1991.27,NaN,NaN,NaN
1632,685.28,2033.45,NaN,NaN,NaN
1633,848.63,2232.76,3,7,2.3333
1634,662.54,1804.12,NaN,NaN,NaN
1635,735.40,2251.49,0,0,0.0000
1636,407.83,1877.33,3,4,0.0000
1637,447.47,1756.61,NaN,NaN,NaN
1638,790.32,1729.44,0,0,0.0000
1639,683.12,2118.58,NaN,NaN,NaN
1640,884.26,1787.69,NaN,NaN,NaN
1641,456.69,1995.18,NaN,NaN,NaN
1642,499.45,1673.01,NaN,NaN,NaN
1643,592.37,1862.36,2,1,0.0000
1644,555.96,1675.28,NaN,NaN,NaN
1645,812.87,1985.21,2,3,0.0000
1646,353.31,1767.86,NaN,NaN,NaN
1647,869.98,2077.74,3,2,0.0000
1648,617.35,1724.75,4,6,0.0000
1649,21.82,1758.33,NaN,NaN,NaN
1650,699.66,1943.07,2,2,0.0000
1651,847.57,2306.71,NaN,NaN,NaN
1652,485.14,2110.66,NaN,NaN,NaN
1653,737.64,2147.15,3,4,0.0000
1654,506.45,1937.44,2,3,0.0000
1655,398.59,1678.84,NaN,NaN,NaN
1656,631.53,1961.83,NaN,NaN,NaN
1657,757.50,2014.89,NaN,NaN,NaN
1658,821.92,2122.97,2,4,2.0000
1659,375.26,1822.72,NaN,NaN,NaN
1660,687.78,1696.08,3,3,0.0000
1661,792.56,2162.60,NaN,NaN,NaN
1662,436.76,1919.18,NaN,NaN,NaN
1663,485.52,2052.20,NaN,NaN,NaN
1664,841.99,1694.67,0,0,0.0000
1665,392.77,1969.52,0,0,0.0000
1666,335.55,1687.82,NaN,NaN,NaN
1667,45.92,1704.74,NaN,NaN,NaN
1668,343.44,1864.38,0,0,0.0000
1669,329.48,1836.40,NaN,NaN,NaN
1670,573.45,1785.80,0,0,0.0000
1671,856.18,2160.16,NaN,NaN,NaN
1672,711.58,1870.31,2,2,0.0000
1673,682.72,1898.91,NaN,NaN,NaN
1674,1035.10,2287.18,NaN,NaN,NaN
1675,930.59,2186.67,2,1,0.0000
1676,1034.41,1802.76,NaN,NaN,NaN
1677,1063.85,2128.31,2,6,3.0000
1678,1000.34,1701.36,0,0,0.0000
1679,1069.46,2203.93,NaN,NaN,NaN
1680,1171.07,2193.00,NaN,NaN,NaN
1681,1154.01,2128.89,2,3,0.0000
1682,944.57,1746.75,NaN,NaN,NaN
1683,1004.55,2333.54,2,3,0.0000
1684,1098.53,2088.85,NaN,NaN,NaN
1685,921.97,2334.88,NaN,NaN,NaN
1686,1646.42,1703.43,2,3,0.0000
1687,1164.18,2032.81,NaN,NaN,NaN
1688,915.72,2268.82,3,2,0.0000
1689,920.05,1670.88,NaN,NaN,NaN
1690,1181.70,2274.02,NaN,NaN,NaN
1691,1061.59,2007.95,NaN,NaN,NaN
1692,1587.64,1686.61,NaN,NaN,NaN
1693,1201.68,2134.47,NaN,NaN,NaN
1694,1217.68,2009.60,NaN,NaN,NaN
1695,1145.03,2235.30,3,7,2.3333
1696,1002.34,2137.59,4,4,0.0000
1697,939.87,2125.35,2,5,2.5000
1698,1019.00,2059.97,4,4,0.0000
1699,2264.20,2281.91,NaN,NaN,NaN
1700,2355.10,2397.07,NaN,NaN,NaN
1701,2168.28,2166.75,4,3,0.0000
1702,2422.76,2347.40,2,6,3.0000
1703,2344.95,2238.73,0,0,0.0000
1704,2220.37,2360.53,NaN,NaN,NaN
1705,2334.60,2166.87,0,0,0.0000
1706,2167.05,2079.06,NaN,NaN,NaN
1707,2266.11,2014.56,0,0,0.0000
1708,2101.64,2304.74,NaN,NaN,NaN
1709,2132.86,1685.29,NaN,NaN,NaN
1710,2244.85,2140.99,NaN,NaN,NaN
1711,2294.28,2106.49,0,0,0.0000
1712,2123.21,2211.06,NaN,NaN,NaN
1713,2064.58,2246.33,2,6,3.0000
1714,1895.91,1689.41,3,4,0.0000
1715,1885.87,1763.67,3,1,0.0000
1716,2284.14,2417.83,0,0,0.0000
1717,1971.59,1683.03,NaN,NaN,NaN
1718,2069.89,1738.29,3,4,0.0000
1719,2076.31,2185.80,2,8,4.0000
1720,2150.33,1747.12,0,0,0.0000
1721,2184.56,1681.23,3,3,0.0000
1722,1943.11,1725.43,3,2,0.0000
1723,2155.42,2265.01,0,0,0.0000
1724,2415.63,2408.45,NaN,NaN,NaN
1725,2239.44,2421.15,0,0,0.0000
1726,1883.35,1853.40,NaN,NaN,NaN
1727,2528.79,2416.67,0,0,0.0000
1728,2631.68,1870.91,6,8,0.0000
1729,2559.62,1792.86,NaN,NaN,NaN
1730,2874.82,2116.37,NaN,NaN,NaN
1731,2841.41,1942.73,NaN,NaN,NaN
1732,2863.26,2051.62,2,2,0.0000
1733,2791.64,2193.68,NaN,NaN,NaN
1734,2894.79,2216.13,NaN,NaN,NaN
1735,2945.37,2079.72,NaN,NaN,NaN
1736,2665.27,1802.24,NaN,NaN,NaN
1737,2843.43,1848.93,2,2,0.0000
1738,2882.55,1973.34,2,3,0.0000
1739,2556.29,1841.83,2,2,0.0000
1740,2760.50,2118.30,0,0,0.0000
1741,2771.64,1951.22,NaN,NaN,NaN
1742,3009.28,2381.79,NaN,NaN,NaN
1743,2765.78,1866.58,NaN,NaN,NaN
1744,2692.47,1927.49,NaN,NaN,NaN
1745,2704.30,1855.52,0,0,0.0000
1746,2678.57,1965.98,NaN,NaN,NaN
1747,2810.30,1877.00,NaN,NaN,NaN
1748,2952.44,2342.82,NaN,NaN,NaN
1749,2486.00,2322.50,NaN,NaN,NaN
1750,3000.05,2231.70,NaN,NaN,NaN
1751,2722.79,1798.59,0,0,0.0000
1752,3835.89,2045.80,NaN,NaN,NaN
1753,3509.40,1727.96,6,7,0.0000
1754,3913.41,2117.00,NaN,NaN,NaN
1755,3732.85,2223.35,0,0,0.0000
1756,3898.39,1881.30,NaN,NaN,NaN
1757,3444.63,1918.02,NaN,NaN,NaN
1758,3721.60,1794.18,NaN,NaN,NaN
1759,3698.92,2003.93,NaN,NaN,NaN
1760,3661.16,2144.62,0,0,0.0000
1761,3481.77,1978.48,NaN,NaN,NaN
1762,3671.41,2068.30,NaN,NaN,NaN
1763,3840.45,1912.86,0,0,0.0000
1764,3874.65,1740.59,NaN,NaN,NaN
1765,3881.18,1696.68,NaN,NaN,NaN
1766,3918.83,2222.60,0,0,0.0000
1767,3719.81,2110.37,0,0,0.0000
1768,3669.18,1823.19,NaN,NaN,NaN
1769,3630.50,2100.95,NaN,NaN,NaN
1770,3226.32,1822.59,NaN,NaN,NaN
1771,3433.04,1781.59,NaN,NaN,NaN
1772,3715.05,1883.15,NaN,NaN,NaN
1773,3894.32,2379.29,0,0,0.0000
1774,3763.18,1918.83,3,2,0.0000
1775,3768.45,2102.39,2,3,0.0000
1776,3763.73,1667.90,NaN,NaN,NaN
1777,3836.19,2306.02,NaN,NaN,NaN
1778,3361.70,1750.36,NaN,NaN,NaN
1779,3353.84,1817.88,NaN,NaN,NaN
1780,3358.27,1693.23,NaN,NaN,NaN
1781,3877.93,2329.60,NaN,NaN,NaN
1782,3720.44,1945.27,2,2,0.0000
1783,3810.32,1951.60,0,0,0.0000
1784,3820.48,1864.12,2,4,2.0000
1785,3326.11,1670.87,NaN,NaN,NaN
1786,3444.96,1976.52,NaN,NaN,NaN
1787,3418.79,1717.94,NaN,NaN,NaN
1788,3850.75,1822.71,2,5,2.5000
1789,3922.40,2304.93,0,0,0.0000
1790,3314.91,1770.08,NaN,NaN,NaN
1791,3608.40,1714.72,0,0,0.0000
1792,3698.60,1689.05,0,0,0.0000
1793,3370.20,1793.09,NaN,NaN,NaN
1794,3826.43,1728.97,2,4,2.0000
1795,3615.11,1968.22,3,6,2.0000
1796,3787.18,1849.95,0,0,0.0000
1797,3889.96,2256.80,NaN,NaN,NaN
1798,4499.28,2161.57,NaN,NaN,NaN
1799,4027.91,2090.66,NaN,NaN,NaN
1800,3971.86,1714.20,NaN,NaN,NaN
1801,3984.16,2160.99,2,1,0.0000
1802,3971.31,1988.58,NaN,NaN,NaN
1803,4457.32,2307.28,NaN,NaN,NaN
1804,4586.64,2208.27,NaN,NaN,NaN
1805,4135.48,2111.92,3,5,0.0000
1806,4259.20,2430.80,NaN,NaN,NaN
1807,4087.63,2021.54,0,0,0.0000
1808,4114.21,2353.04,NaN,NaN,NaN
1809,4360.56,2263.41,0,0,0.0000
1810,4139.35,2201.08,2,4,2.0000
1811,4588.52,2302.61,0,0,0.0000
1812,4197.56,2342.75,4,5,0.0000
1813,4360.66,2154.85,NaN,NaN,NaN
1814,4025.58,2234.75,NaN,NaN,NaN
1815,4000.07,2395.60,0,0,0.0000
1816,4075.86,2212.09,NaN,NaN,NaN
1817,4348.67,2330.34,0,0,0.0000
1818,4637.04,2254.08,3,6,2.0000
1819,4694.27,2349.77,NaN,NaN,NaN
1820,4128.13,2159.32,NaN,NaN,NaN
1821,4090.11,1820.09,2,4,2.0000
1822,4703.17,2231.87,0,0,0.0000
1823,4547.76,2246.83,0,0,0.0000
1824,4165.28,1913.02,NaN,NaN,NaN
1825,4386.35,2316.62,0,0,0.0000
1826,3994.58,1674.46,NaN,NaN,NaN
1827,4277.14,2173.34,NaN,NaN,NaN
1828,4442.57,2398.16,NaN,NaN,NaN
1829,4277.04,2226.44,NaN,NaN,NaN
1830,4006.91,2335.72,NaN,NaN,NaN
1831,4107.46,2278.33,3,7,2.3333
1832,4366.99,2401.80,NaN,NaN,NaN
1833,4419.62,2244.76,0,0,0.0000
1834,3975.74,2237.00,0,0,0.0000
1835,4410.93,2425.51,NaN,NaN,NaN
1836,4045.13,2381.56,NaN,NaN,NaN
1837,4508.93,2284.62,3,4,0.0000
1838,4246.36,2275.99,2,5,2.5000
1839,3977.37,2278.92,NaN,NaN,NaN
1840,4177.28,2403.47,NaN,NaN,NaN
1841,4629.73,2290.45,NaN,NaN,NaN
1842,5441.97,1766.85,NaN,NaN,NaN
1843,5198.31,1718.78,2,2,0.0000
1844,5024.84,1695.38,3,6,2.0000
1845,5112.60,1745.32,2,4,2.0000
1846,5356.85,1756.82,3,7,2.3333
1847,4938.00,2370.74,NaN,NaN,NaN
1848,5156.35,1861.37,NaN,NaN,NaN
1849,5449.76,2009.05,NaN,NaN,NaN
1850,5334.74,1849.06,NaN,NaN,NaN
1851,5501.31,1944.05,NaN,NaN,NaN
1852,5426.70,1867.07,NaN,NaN,NaN
1853,5490.13,2387.71,0,0,0.0000
1854,5107.04,1860.22,NaN,NaN,NaN
1855,5463.92,1900.32,0,0,0.0000
1856,5207.52,1831.03,NaN,NaN,NaN
1857,5400.86,1668.19,3,6,2.0000
1858,5065.05,1851.49,NaN,NaN,NaN
1859,5083.66,1782.28,NaN,NaN,NaN
1860,5034.59,1787.94,NaN,NaN,NaN
1861,5161.33,1805.72,0,0,0.0000
1862,5340.98,2417.41,0,0,0.0000
1863,5909.79,2171.49,NaN,NaN,NaN
1864,5657.06,2035.97,NaN,NaN,NaN
1865,5567.90,2241.23,2,6,3.0000
1866,6237.91,2275.40,2,1,0.0000
1867,5844.90,1812.37,2,5,2.5000
1868,5876.20,1885.75,NaN,NaN,NaN
1869,5655.50,2400.75,NaN,NaN,NaN
1870,5998.01,2296.51,NaN,NaN,NaN
1871,6033.72,1932.88,NaN,NaN,NaN
1872,6128.04,1977.72,3,6,2.0000
1873,6172.28,2363.07,NaN,NaN,NaN
1874,6088.93,1715.76,2,8,4.0000
1875,6151.37,2205.00,3,5,0.0000
1876,5585.97,1848.10,NaN,NaN,NaN
1877,6202.43,2152.85,2,3,0.0000
1878,5758.50,2164.35,2,2,0.0000
1879,5804.12,2306.24,NaN,NaN,NaN
1880,5781.15,1897.16,NaN,NaN,NaN
1881,5656.68,2101.19,NaN,NaN,NaN
1882,6007.55,1997.88,NaN,NaN,NaN
1883,5785.49,2036.23,NaN,NaN,NaN
1884,6115.51,2089.26,0,0,0.0000
1885,6011.24,1825.67,NaN,NaN,NaN
1886,5867.76,1727.49,NaN,NaN,NaN
1887,5524.05,2096.74,2,2,0.0000
1888,5707.31,1960.45,NaN,NaN,NaN
1889,5722.20,1875.12,0,0,0.0000
1890,6165.40,1765.94,3,6,2.0000
1891,5755.60,1666.57,NaN,NaN,NaN
1892,6084.10,1783.44,3,4,0.0000
1893,6045.94,2068.51,4,9,2.2500
1894,6068.95,2146.65,NaN,NaN,NaN
1895,6028.21,2430.11,2,3,0.0000
1896,6091.16,2422.20,2,6,3.0000
1897,6088.59,1887.84,0,0,0.0000
1898,6216.33,1981.83,NaN,NaN,NaN
1899,6205.22,1925.34,2,2,0.0000
1900,5701.89,2179.15,NaN,NaN,NaN
1901,5548.88,1986.87,NaN,NaN,NaN
1902,5661.36,2205.49,NaN,NaN,NaN
1903,6253.33,1862.73,NaN,NaN,NaN
1904,5604.04,2170.16,2,3,0.0000
1905,5715.40,2266.77,NaN,NaN,NaN
1906,6241.97,1717.56,2,3,0.0000
1907,5635.07,1922.33,NaN,NaN,NaN
1908,5550.81,2166.18,NaN,NaN,NaN
1909,5654.12,2289.55,NaN,NaN,NaN
1910,5945.45,1929.10,0,0,0.0000
1911,5679.09,1923.73,NaN,NaN,NaN
1912,5521.67,1781.93,0,0,0.0000
1913,5922.27,2387.05,0,0,0.0000
1914,5985.47,2170.25,0,0,0.0000
1915,6042.04,2374.11,NaN,NaN,NaN
1916,5968.85,1751.33,NaN,NaN,NaN
1917,6166.85,1683.41,0,0,0.0000
1918,6095.31,2329.05,NaN,NaN,NaN
1919,6139.90,1872.56,NaN,NaN,NaN
1920,5838.77,2240.47,0,0,0.0000
1921,6172.36,1863.19,2,4,2.0000
1922,5817.18,2103.36,NaN,NaN,NaN
1923,5884.36,2405.38,0,0,0.0000
1924,5765.01,1781.48,0,0,0.0000
1925,5905.14,1997.18,0,0,0.0000
1926,5949.17,2368.60,0,0,0.0000
1927,5746.66,2326.70,0,0,0.0000
1928,5839.07,2020.22,NaN,NaN,NaN
1929,6008.59,2221.74,0,0,0.0000
1930,5828.37,2146.97,0,0,0.0000
1931,5828.29,1952.65,0,0,0.0000
1932,5990.59,2114.80,NaN,NaN,NaN
1933,5815.12,1729.55,NaN,NaN,NaN
1934,6202.48,1849.08,0,0,0.0000
1935,5955.08,1858.23,0,0,0.0000
1936,5941.34,2070.64,0,0,0.0000
1937,6113.98,2270.88,0,0,0.0000
1938,6880.56,2306.65,NaN,NaN,NaN
1939,6793.27,1873.17,2,6,3.0000
1940,6659.83,2027.62,0,0,0.0000
1941,6905.55,1933.34,3,6,2.0000
1942,6923.31,1744.86,2,6,3.0000
1943,6957.41,1971.06,2,3,0.0000
1944,6738.65,2066.77,2,4,2.0000
1945,6954.89,2393.26,NaN,NaN,NaN
1946,6538.51,2252.75,0,0,0.0000
1947,6282.98,2003.27,NaN,NaN,NaN
1948,6848.74,2141.89,NaN,NaN,NaN
1949,7003.62,2218.81,0,0,0.0000
1950,6315.25,2212.22,0,0,0.0000
1951,6990.70,1809.39,NaN,NaN,NaN
1952,6865.30,2035.07,NaN,NaN,NaN
1953,6704.58,2360.33,NaN,NaN,NaN
1954,6898.18,2182.94,3,5,0.0000
1955,7038.69,1736.76,NaN,NaN,NaN
1956,7013.93,1857.88,0,0,0.0000
1957,6783.50,1679.81,NaN,NaN,NaN
1958,6976.88,2050.23,0,0,0.0000
1959,7023.24,2420.31,0,0,0.0000
1960,6747.30,1984.65,0,0,0.0000
1961,6770.28,2293.47,2,5,2.5000
1962,6790.50,2118.59,NaN,NaN,NaN
1963,7012.11,1948.29,NaN,NaN,NaN
1964,6716.38,1887.64,NaN,NaN,NaN
1965,6799.15,2225.79,0,0,0.0000
1966,6945.25,1673.50,2,4,2.0000
1967,6857.96,1736.80,0,0,0.0000
1968,6807.59,2061.00,0,0,0.0000
1969,6925.45,2099.07,0,0,0.0000
1970,6802.96,1958.31,NaN,NaN,NaN
1971,7002.01,2128.67,0,0,0.0000
1972,6725.14,1930.42,0,0,0.0000
1973,7002.45,2014.15,0,0,0.0000
1974,7031.87,2018.42,NaN,NaN,NaN
1975,6725.26,1691.22,NaN,NaN,NaN
1976,6290.99,1916.01,0,0,0.0000
1977,7609.01,1927.34,2,4,2.0000
1978,7189.65,2270.72,3,8,2.6667
1979,7315.43,2222.45,2,1,0.0000
1980,7118.49,2055.83,0,0,0.0000
1981,7377.33,1676.36,NaN,NaN,NaN
1982,7539.59,2194.67,NaN,NaN,NaN
1983,7269.54,2378.16,NaN,NaN,NaN
1984,7148.84,1939.98,NaN,NaN,NaN
1985,7229.48,1702.04,0,0,0.0000
1986,7444.25,2365.05,6,8,0.0000
1987,7744.88,1810.98,2,4,2.0000
1988,7320.73,1905.30,2,4,2.0000
1989,7418.59,2216.77,NaN,NaN,NaN
1990,7187.59,2145.98,0,0,0.0000
1991,7243.25,2424.27,0,0,0.0000
1992,7614.57,1733.24,NaN,NaN,NaN
1993,7658.49,2208.14,0,0,0.0000
1994,7775.22,1708.98,2,4,2.0000
1995,7043.23,2263.83,NaN,NaN,NaN
1996,7505.79,2045.41,0,0,0.0000
1997,7100.12,1796.42,3,7,2.3333
1998,7653.33,2037.84,0,0,0.0000
1999,7673.57,2398.94,2,7,3.5000
2000,7369.83,2000.97,NaN,NaN,NaN
2001,7516.56,1716.05,0,0,0.0000
2002,7467.22,2173.35,2,4,2.0000
2003,7093.50,2292.93,NaN,NaN,NaN
2004,7079.65,2360.96,NaN,NaN,NaN
2005,7792.62,2297.23,0,0,0.0000
2006,7235.27,1776.64,NaN,NaN,NaN
2007,7712.26,1718.55,NaN,NaN,NaN
2008,7628.89,2155.41,0,0,0.0000
2009,7749.14,2250.93,0,0,0.0000
2010,7767.16,2134.88,NaN,NaN,NaN
2011,7672.61,2101.40,0,0,0.0000
2012,7221.20,1956.43,0,0,0.0000
2013,7189.95,1836.01,NaN,NaN,NaN
2014,7527.68,2304.69,3,6,2.0000
2015,7262.70,1935.75,0,0,0.0000
2016,7077.44,1959.26,NaN,NaN,NaN
2017,7299.18,1706.73,NaN,NaN,NaN
2018,7228.60,2100.16,2,5,2.5000
2019,7695.69,2277.30,NaN,NaN,NaN
2020,7317.28,1762.78,NaN,NaN,NaN
2021,7528.93,2381.19,0,0,0.0000
2022,7627.72,2289.81,4,18,4.5000
2023,7216.92,2024.40,NaN,NaN,NaN
2024,7537.48,1757.84,0,0,0.0000
2025,7255.89,1852.09,NaN,NaN,NaN
2026,7093.58,2413.86,0,0,0.0000
2027,7677.25,1725.90,NaN,NaN,NaN
2028,7436.80,2012.61,0,0,0.0000
2029,7067.97,1876.89,4,8,2.0000
2030,7605.07,2365.53,NaN,NaN,NaN
2031,7744.12,1951.84,0,0,0.0000
2032,7438.13,1974.17,0,0,0.0000
2033,7480.75,1983.27,0,0,0.0000
2034,7395.13,1919.11,NaN,NaN,NaN
2035,7513.23,1938.60,NaN,NaN,NaN
2036,7427.52,1931.23,2,4,2.0000
2037,7586.51,2029.79,2,6,3.0000
2038,7474.69,2106.09,NaN,NaN,NaN
2039,7616.14,2409.69,NaN,NaN,NaN
2040,7695.77,2332.37,0,0,0.0000
2041,7362.13,2302.02,NaN,NaN,NaN
2042,7383.80,2038.72,NaN,NaN,NaN
2043,7279.46,1982.22,0,0,0.0000
2044,8013.54,2247.79,NaN,NaN,NaN
2045,8494.66,1774.17,NaN,NaN,NaN
2046,7965.43,2093.55,NaN,NaN,NaN
2047,7847.85,1665.33,2,2,0.0000
2048,7879.99,2198.11,NaN,NaN,NaN
2049,7946.69,1834.63,3,6,2.0000
2050,7936.59,2326.44,3,5,0.0000
2051,7830.36,1880.09,0,0,0.0000
2052,7830.61,2338.73,NaN,NaN,NaN
2053,8499.05,1858.54,NaN,NaN,NaN
2054,8138.65,1707.60,0,0,0.0000
2055,7881.76,2337.66,NaN,NaN,NaN
2056,8027.55,1769.62,NaN,NaN,NaN
2057,7905.62,1722.43,2,4,2.0000
2058,8005.45,1966.07,2,2,0.0000
2059,8341.54,1720.98,0,0,0.0000
2060,8047.25,1890.06,NaN,NaN,NaN
2061,8033.37,1829.73,3,4,0.0000
2062,7933.61,2024.11,2,4,2.0000
2063,7825.88,2100.35,0,0,0.0000
2064,8382.20,1705.01,NaN,NaN,NaN
2065,8034.67,2082.92,NaN,NaN,NaN
2066,8062.71,1965.44,NaN,NaN,NaN
2067,8088.86,1926.65,0,0,0.0000
2068,7830.63,1739.46,2,3,0.0000
2069,7940.69,1679.70,NaN,NaN,NaN
2070,7821.65,2233.45,0,0,0.0000
2071,8604.41,1772.20,NaN,NaN,NaN
2072,9947.59,1895.71,0,0,0.0000
2073,9932.70,2094.61,0,0,0.0000
2074,10081.67,1960.53,NaN,NaN,NaN
2075,9825.24,1847.84,NaN,NaN,NaN
2076,9998.39,1775.39,NaN,NaN,NaN
2077,10046.44,1819.58,NaN,NaN,NaN
2078,10085.01,2067.86,NaN,NaN,NaN
2079,10032.21,1673.62,NaN,NaN,NaN
2080,10072.30,2012.97,NaN,NaN,NaN
2081,10086.30,1870.73,3,3,0.0000
2082,10096.22,1674.77,NaN,NaN,NaN
2083,9846.36,1930.16,NaN,NaN,NaN
2084,10005.77,2031.74,NaN,NaN,NaN
2085,10111.59,2341.98,2,5,2.5000
2086,10098.43,2232.72,NaN,NaN,NaN
2087,10019.08,2110.68,3,4,0.0000
2088,9763.42,1870.66,NaN,NaN,NaN
2089,9913.18,1698.83,0,0,0.0000
2090,9785.91,1984.61,0,0,0.0000
2091,9848.71,2113.32,NaN,NaN,NaN
2092,9885.86,2037.21,0,0,0.0000
2093,9864.60,2073.48,NaN,NaN,NaN
2094,10063.43,2231.61,NaN,NaN,NaN
2095,9846.99,2029.75,0,0,0.0000
2096,10364.35,2141.22,NaN,NaN,NaN
2097,10477.39,2259.29,NaN,NaN,NaN
2098,10466.00,1821.71,0,0,0.0000
2099,10578.08,1805.68,NaN,NaN,NaN
2100,10543.00,2098.02,3,2,0.0000
2101,10296.23,2373.82,2,4,2.0000
2102,10123.01,2129.14,NaN,NaN,NaN
2103,10283.98,1813.45,0,0,0.0000
2104,10155.06,2287.68,NaN,NaN,NaN
2105,10383.15,1849.48,NaN,NaN,NaN
2106,10553.34,2376.47,NaN,NaN,NaN
2107,10162.51,1881.63,NaN,NaN,NaN
2108,10254.18,2010.99,NaN,NaN,NaN
2109,10477.69,2327.14,2,1,0.0000
2110,10769.72,2197.57,NaN,NaN,NaN
2111,10741.85,2106.54,NaN,NaN,NaN
2112,10138.95,2200.56,NaN,NaN,NaN
2113,10376.18,2307.88,NaN,NaN,NaN
2114,10307.88,1924.26,NaN,NaN,NaN
2115,10511.05,2022.31,NaN,NaN,NaN
2116,10451.76,2041.61,2,3,0.0000
2117,10645.93,1973.03,2,3,0.0000
2118,10447.15,2120.78,0,0,0.0000
2119,10656.17,1805.51,NaN,NaN,NaN
2120,10631.89,2427.55,NaN,NaN,NaN
2121,10709.64,2025.91,NaN,NaN,NaN
2122,10701.01,2324.53,NaN,NaN,NaN
2123,10308.34,1727.61,NaN,NaN,NaN
2124,10318.04,2204.30,0,0,0.0000
2125,10166.00,1764.35,NaN,NaN,NaN
2126,10118.89,1718.70,NaN,NaN,NaN
2127,10118.90,2421.05,NaN,NaN,NaN
2128,10539.64,2244.47,NaN,NaN,NaN
2129,10746.43,2395.37,3,5,0.0000
2130,10779.12,1994.17,NaN,NaN,NaN
2131,10189.47,2086.21,NaN,NaN,NaN
2132,10458.73,1709.21,0,0,0.0000
2133,10583.62,1681.21,0,0,0.0000
2134,10652.43,2309.12,0,0,0.0000
2135,10166.18,2366.80,NaN,NaN,NaN
2136,10530.41,1845.65,2,6,3.0000
2137,10387.97,2426.19,NaN,NaN,NaN
2138,10378.55,1718.28,0,0,0.0000
2139,10638.55,1735.42,0,0,0.0000
2140,10216.59,2278.45,3,4,0.0000
2141,10543.31,1958.13,0,0,0.0000
2142,10658.09,1873.67,NaN,NaN,NaN
2143,10274.37,2267.71,0,0,0.0000
2144,10586.19,2036.15,0,0,0.0000
2145,10264.32,2141.67,0,0,0.0000
2146,10317.49,1877.15,NaN,NaN,NaN
2147,10672.23,2132.69,NaN,NaN,NaN
2148,10783.22,2302.34,0,0,0.0000
2149,10237.66,1738.96,NaN,NaN,NaN
2150,10411.49,1764.41,0,0,0.0000
2151,10685.30,2200.35,NaN,NaN,NaN
2152,10711.04,2255.81,5,6,0.0000
2153,10160.12,2036.18,0,0,0.0000
2154,10359.55,2040.50,0,0,0.0000
2155,10757.04,2332.85,0,0,0.0000
2156,10593.85,2313.68,3,4,0.0000
2157,10604.71,2223.87,NaN,NaN,NaN
2158,10309.54,2087.51,2,6,3.0000
2159,10180.05,1949.06,NaN,NaN,NaN
2160,10448.62,1972.28,0,0,0.0000
2161,10510.80,1712.49,NaN,NaN,NaN
2162,10730.32,1943.47,NaN,NaN,NaN
2163,10258.69,2080.09,NaN,NaN,NaN
2164,11174.42,1887.71,NaN,NaN,NaN
2165,11599.55,2375.27,NaN,NaN,NaN
2166,11111.25,1931.90,0,0,0.0000
2167,11125.44,1869.13,0,0,0.0000
2168,11644.88,2350.87,0,0,0.0000
2169,12036.92,2288.81,NaN,NaN,NaN
2170,12286.53,2400.92,0,0,0.0000
2171,12044.80,2186.76,NaN,NaN,NaN
2172,11927.20,2323.72,0,0,0.0000
2173,11787.20,2050.42,NaN,NaN,NaN
2174,12407.14,2351.75,0,0,0.0000
2175,11878.77,2418.91,0,0,0.0000
2176,11781.36,2189.31,NaN,NaN,NaN
2177,11878.11,2215.82,NaN,NaN,NaN
2178,12152.84,2275.04,0,0,0.0000
2179,11894.91,2142.47,NaN,NaN,NaN
2180,12143.86,2429.84,0,0,0.0000
2181,11814.03,2358.73,0,0,0.0000
2182,12173.94,2359.29,0,0,0.0000
2183,12153.67,2101.24,NaN,NaN,NaN
2184,12241.81,2195.80,2,4,2.0000
2185,11958.19,2161.04,0,0,0.0000
2186,12341.14,2319.33,NaN,NaN,NaN
2187,12365.10,2407.62,NaN,NaN,NaN
2188,11656.41,2396.29,NaN,NaN,NaN
2189,11839.39,2272.96,NaN,NaN,NaN
2190,11708.31,2395.71,0,0,0.0000
2191,11934.12,2219.85,0,0,0.0000
2192,12056.21,2379.06,0,0,0.0000
2193,11839.34,2160.07,NaN,NaN,NaN
2194,11884.98,2062.67,NaN,NaN,NaN
2195,11710.64,2254.61,0,0,0.0000
2196,11701.63,2329.07,0,0,0.0000
2197,11665.61,2307.36,0,0,0.0000
2198,12193.30,2165.78,2,8,4.0000
2199,12245.09,2129.84,0,0,0.0000
2200,11774.54,2269.55,0,0,0.0000
2201,11742.50,2357.18,0,0,0.0000
2202,12295.48,2197.10,0,0,0.0000
2203,12177.35,2215.61,NaN,NaN,NaN
2204,11759.68,2100.18,0,0,0.0000
2205,11851.94,1936.35,0,0,0.0000
2206,12095.32,2342.66,0,0,0.0000
2207,11927.94,2074.21,0,0,0.0000
2208,12864.44,2183.17,4,8,2.0000
2209,13001.40,2416.28,NaN,NaN,NaN
2210,12851.60,1856.70,NaN,NaN,NaN
2211,12936.31,2216.55,0,0,0.0000
2212,13087.95,1817.36,2,6,3.0000
2213,13008.83,1821.36,NaN,NaN,NaN
2214,12808.63,1676.49,NaN,NaN,NaN
2215,12755.91,1998.13,NaN,NaN,NaN
2216,13058.56,2322.02,NaN,NaN,NaN
2217,13063.31,1676.29,NaN,NaN,NaN
2218,13015.31,2083.50,0,0,0.0000
2219,13075.82,2213.90,NaN,NaN,NaN
2220,13155.51,2067.30,3,6,2.0000
2221,12783.26,1923.42,NaN,NaN,NaN
2222,12486.00,2431.49,NaN,NaN,NaN
2223,12898.43,2031.20,NaN,NaN,NaN
2224,12779.13,2121.96,NaN,NaN,NaN
2225,13181.47,2374.52,NaN,NaN,NaN
2226,13039.04,1946.43,NaN,NaN,NaN
2227,12828.73,2033.42,3,4,0.0000
2228,13136.05,1998.38,2,5,2.5000
2229,12943.74,1735.43,NaN,NaN,NaN
2230,13077.91,2396.60,NaN,NaN,NaN
2231,12946.02,1875.81,NaN,NaN,NaN
2232,12503.01,2375.17,NaN,NaN,NaN
2233,12742.62,1702.97,NaN,NaN,NaN
2234,13131.88,1743.94,0,0,0.0000
2235,12959.38,2073.11,NaN,NaN,NaN
2236,12902.11,1790.28,NaN,NaN,NaN
2237,12886.43,2363.90,0,0,0.0000
2238,12826.70,1766.02,NaN,NaN,NaN
2239,13113.55,1911.57,NaN,NaN,NaN
2240,12872.49,2309.58,NaN,NaN,NaN
2241,12887.60,1707.03,NaN,NaN,NaN
2242,13147.27,2279.21,NaN,NaN,NaN
2243,13027.24,1719.62,0,0,0.0000
2244,12770.53,2186.63,NaN,NaN,NaN
2245,13066.42,1905.43,NaN,NaN,NaN
2246,13061.15,2130.82,NaN,NaN,NaN
2247,13093.61,2134.09,2,4,2.0000
2248,12989.53,1936.58,0,0,0.0000
2249,12971.98,1959.40,0,0,0.0000
2250,13369.79,2330.71,NaN,NaN,NaN
2251,13496.49,2075.17,NaN,NaN,NaN
2252,13419.91,2181.69,6,11,0.0000
2253,13227.07,2099.62,0,0,0.0000
2254,13447.29,2300.78,NaN,NaN,NaN
2255,13234.46,2338.58,0,0,0.0000
2256,13362.72,2240.27,NaN,NaN,NaN
2257,13198.05,1725.08,NaN,NaN,NaN
2258,13482.34,2137.49,NaN,NaN,NaN
2259,13367.52,2420.39,0,0,0.0000
2260,13340.56,2194.75,0,0,0.0000
2261,13419.29,2400.84,0,0,0.0000
2262,13488.58,2266.22,NaN,NaN,NaN
2263,13271.48,2291.91,NaN,NaN,NaN
2264,13244.29,1777.75,0,0,0.0000
2265,13483.34,1971.75,NaN,NaN,NaN
2266,13452.34,1940.66,NaN,NaN,NaN
2267,13947.12,2354.76,0,0,0.0000
2268,14630.19,1741.92,NaN,NaN,NaN
2269,14662.15,1879.82,0,0,0.0000
2270,14566.23,1750.00,3,5,0.0000
2271,13995.23,2345.11,0,0,0.0000
2272,14310.54,2401.72,0,0,0.0000
2273,14002.24,2271.50,0,0,0.0000
2274,14668.26,1671.93,0,0,0.0000
2275,14049.29,2388.19,0,0,0.0000
2276,15124.79,2375.31,NaN,NaN,NaN
2277,15259.09,1985.15,NaN,NaN,NaN
2278,15464.22,2232.00,NaN,NaN,NaN
2279,14954.72,2425.44,NaN,NaN,NaN
2280,15217.56,1815.56,NaN,NaN,NaN
2281,14966.53,1773.43,0,0,0.0000
2282,14769.55,1863.27,2,5,2.5000
2283,14882.62,2383.69,2,4,2.0000
2284,15107.09,1886.45,NaN,NaN,NaN
2285,15019.82,2360.69,NaN,NaN,NaN
2286,14881.82,1713.20,NaN,NaN,NaN
2287,15241.05,2321.57,0,0,0.0000
2288,15368.88,2338.37,NaN,NaN,NaN
2289,15224.32,2387.59,NaN,NaN,NaN
2290,15311.63,2222.89,0,0,0.0000
2291,14976.75,2026.32,NaN,NaN,NaN
2292,15204.26,2043.90,NaN,NaN,NaN
2293,14813.62,2193.78,NaN,NaN,NaN
2294,15105.70,2045.96,0,0,0.0000
2295,15419.01,2046.05,0,0,0.0000
2296,14892.11,2047.81,NaN,NaN,NaN
2297,14899.29,2209.32,NaN,NaN,NaN
2298,15272.83,1686.32,2,3,0.0000
2299,15003.99,2189.00,NaN,NaN,NaN
2300,15216.14,2200.88,0,0,0.0000
2301,14730.91,1757.68,NaN,NaN,NaN
2302,15043.44,2010.27,0,0,0.0000
2303,14812.72,2339.98,NaN,NaN,NaN
2304,15060.16,1696.87,2,4,2.0000
2305,15050.18,1793.17,0,0,0.0000
2306,14958.86,2114.11,0,0,0.0000
2307,15306.38,1907.02,NaN,NaN,NaN
2308,14821.13,1692.60,0,0,0.0000
2309,15469.91,2322.62,NaN,NaN,NaN
2310,15318.99,1801.58,0,0,0.0000
2311,15148.39,1969.10,0,0,0.0000
2312,15307.12,1752.39,NaN,NaN,NaN
2313,15241.71,2154.22,NaN,NaN,NaN
2314,15369.01,1997.32,0,0,0.0000
2315,15484.88,2115.79,NaN,NaN,NaN
2316,15071.87,2117.57,NaN,NaN,NaN
2317,15147.92,2231.67,0,0,0.0000
2318,15326.58,2098.92,2,5,2.5000
2319,14928.20,2290.69,NaN,NaN,NaN
2320,14778.43,2393.45,NaN,NaN,NaN
2321,15115.71,2159.48,NaN,NaN,NaN
2322,14888.58,2141.87,3,5,0.0000
2323,15443.26,2405.42,0,0,0.0000
2324,15292.29,2423.95,0,0,0.0000
2325,15084.44,2278.86,NaN,NaN,NaN
2326,15324.81,2006.57,0,0,0.0000
2327,15200.62,1703.67,2,2,0.0000
2328,15335.88,1723.50,2,4,2.0000
2329,15396.90,2118.84,NaN,NaN,NaN
2330,14960.85,2212.32,0,0,0.0000
2331,15175.17,2110.73,0,0,0.0000
2332,15149.27,2157.10,0,0,0.0000
2333,16247.38,2422.29,0,0,0.0000
2334,15645.84,2110.25,2,6,3.0000
2335,16052.40,1737.95,0,0,0.0000
2336,15600.89,2351.90,NaN,NaN,NaN
2337,15943.51,1919.41,NaN,NaN,NaN
2338,16178.81,1745.89,0,0,0.0000
2339,16063.42,2368.42,2,5,2.5000
2340,16239.29,2221.23,NaN,NaN,NaN
2341,15698.30,1719.58,NaN,NaN,NaN
2342,16034.64,2251.66,NaN,NaN,NaN
2343,16137.82,2256.59,2,4,2.0000
2344,16285.64,1778.11,0,0,0.0000
2345,16121.94,1848.69,0,0,0.0000
2346,15947.42,2417.12,NaN,NaN,NaN
2347,15615.10,1795.96,0,0,0.0000
2348,16216.58,1873.95,NaN,NaN,NaN
2349,15584.02,2239.49,NaN,NaN,NaN
2350,15765.54,2047.55,0,0,0.0000
2351,16208.10,1990.60,NaN,NaN,NaN
2352,16102.15,1896.86,2,7,3.5000
2353,15802.34,2168.69,0,0,0.0000
2354,15920.59,2212.62,NaN,NaN,NaN
2355,15930.07,2283.61,NaN,NaN,NaN
2356,15854.25,2323.32,NaN,NaN,NaN
2357,15588.53,1985.65,NaN,NaN,NaN
2358,15725.48,2310.32,NaN,NaN,NaN
2359,15835.76,1897.83,0,0,0.0000
2360,16004.76,2021.44,2,4,2.0000
2361,15720.70,2387.45,0,0,0.0000
2362,15655.03,2005.03,0,0,0.0000
2363,15836.69,2249.20,NaN,NaN,NaN
2364,15934.78,1769.20,0,0,0.0000
2365,16084.26,2126.16,NaN,NaN,NaN
2366,16137.72,2023.25,0,0,0.0000
2367,16304.68,2165.92,NaN,NaN,NaN
2368,15895.57,2380.04,0,0,0.0000
2369,15728.07,2212.27,NaN,NaN,NaN
2370,15719.66,1832.71,0,0,0.0000
2371,15986.68,2308.78,0,0,0.0000
2372,15610.50,1913.66,NaN,NaN,NaN
2373,16080.80,1941.86,0,0,0.0000
2374,15860.13,2143.73,0,0,0.0000
2375,15790.82,1830.51,NaN,NaN,NaN
2376,16343.10,2014.56,0,0,0.0000
2377,16083.70,2030.96,2,6,3.0000
2378,16266.57,2012.12,NaN,NaN,NaN
2379,15620.95,1714.07,0,0,0.0000
2380,15802.53,2391.93,4,5,0.0000
2381,15828.02,1958.30,0,0,0.0000
2382,15833.12,1832.20,NaN,NaN,NaN
2383,15655.17,2241.26,0,0,0.0000
2384,15882.07,1875.52,0,0,0.0000
2385,15773.27,1759.02,0,0,0.0000
2386,15849.32,1804.11,NaN,NaN,NaN
2387,15800.81,2301.53,2,2,0.0000
2388,15540.75,2037.18,NaN,NaN,NaN
2389,15932.18,2138.00,3,4,0.0000
2390,647.91,3052.87,0,0,0.0000
2391,498.84,3146.07,6,5,0.0000
2392,555.36,3077.81,2,5,2.5000
2393,376.73,3087.84,NaN,NaN,NaN
2394,409.84,2974.32,2,2,0.0000
2395,447.92,3056.12,NaN,NaN,NaN
2396,578.71,2956.79,2,4,2.0000
2397,620.01,3169.32,0,0,0.0000
2398,484.22,2959.51,0,0,0.0000
2399,676.28,2776.14,NaN,NaN,NaN
2400,358.25,3170.16,NaN,NaN,NaN
2401,694.97,2935.23,0,0,0.0000
2402,404.36,3165.76,4,6,0.0000
2403,616.59,2805.54,NaN,NaN,NaN
2404,558.69,3015.72,2,4,2.0000
2405,641.38,2935.83,0,0,0.0000
2406,567.16,2808.11,NaN,NaN,NaN
2407,74.57,2879.69,0,0,0.0000
2408,308.16,3162.62,2,2,0.0000
2409,686.35,2836.22,NaN,NaN,NaN
2410,31.49,2904.66,0,0,0.0000
2411,506.40,3013.38,0,0,0.0000
2412,1255.62,3191.95,NaN,NaN,NaN
2413,1147.18,3056.65,NaN,NaN,NaN
2414,1474.12,3199.49,NaN,NaN,NaN
2415,1241.64,3037.57,NaN,NaN,NaN
2416,1401.83,3130.09,3,5,0.0000
2417,1144.96,3137.73,NaN,NaN,NaN
2418,1313.61,3101.37,NaN,NaN,NaN
2419,1583.48,3121.69,2,2,0.0000
2420,961.81,2637.96,0,0,0.0000
2421,1648.24,3179.64,0,0,0.0000
2422,1028.53,3111.24,2,2,0.0000
2423,1348.33,2994.34,NaN,NaN,NaN
2424,1033.57,3194.43,0,0,0.0000
2425,993.87,3067.18,2,5,2.5000
2426,1484.89,3100.75,NaN,NaN,NaN
2427,963.95,2934.98,NaN,NaN,NaN
2428,1384.80,2936.00,3,2,0.0000
2429,942.20,3121.65,NaN,NaN,NaN
2430,966.53,2704.08,0,0,0.0000
2431,1028.70,2696.43,2,2,0.0000
2432,975.80,3004.65,NaN,NaN,NaN
2433,1057.76,2667.74,NaN,NaN,NaN
2434,947.09,3044.06,2,2,0.0000
2435,1305.17,2979.70,NaN,NaN,NaN
2436,900.16,2607.46,NaN,NaN,NaN
2437,977.60,3138.32,0,0,0.0000
2438,1380.68,3199.51,NaN,NaN,NaN
2439,1177.18,2977.28,0,0,0.0000
2440,2366.88,2863.93,NaN,NaN,NaN
2441,2283.96,2789.48,NaN,NaN,NaN
2442,2337.67,3045.86,NaN,NaN,NaN
2443,2417.13,3072.25,NaN,NaN,NaN
2444,2288.00,2506.33,NaN,NaN,NaN
2445,1675.43,3122.73,NaN,NaN,NaN
2446,2200.53,2784.70,3,6,2.0000
2447,2242.61,2880.45,0,0,0.0000
2448,2209.91,2453.02,NaN,NaN,NaN
2449,2203.06,2724.57,0,0,0.0000
2450,2091.32,2678.23,0,0,0.0000
2451,2194.32,2848.95,0,0,0.0000
2452,2350.67,2546.40,2,3,0.0000
2453,2361.16,2770.18,0,0,0.0000
2454,2369.14,3163.88,0,0,0.0000
2455,2398.51,2611.06,NaN,NaN,NaN
2456,2375.24,2575.68,NaN,NaN,NaN
2457,2365.77,2481.50,0,0,0.0000
2458,2397.18,2524.30,NaN,NaN,NaN
2459,2650.74,3170.30,2,8,4.0000
2460,3138.88,2967.46,4,5,0.0000
2461,2675.09,3038.31,NaN,NaN,NaN
2462,3167.65,2692.96,NaN,NaN,NaN
2463,2773.14,2938.47,NaN,NaN,NaN
2464,2444.35,2970.64,NaN,NaN,NaN
2465,2445.28,2570.35,NaN,NaN,NaN
2466,2507.44,3049.00,3,4,0.0000
2467,2497.01,3188.19,2,2,0.0000
2468,2524.32,3125.29,NaN,NaN,NaN
2469,2453.41,3131.13,NaN,NaN,NaN
2470,2838.71,3089.43,NaN,NaN,NaN
2471,2682.97,2944.06,NaN,NaN,NaN
2472,2825.07,3055.62,0,0,0.0000
2473,2820.22,3015.33,NaN,NaN,NaN
2474,2816.31,2976.71,2,2,0.0000
2475,2548.35,3179.27,NaN,NaN,NaN
2476,2487.89,2619.48,0,0,0.0000
2477,3578.21,2930.90,5,5,0.0000
2478,3488.08,2760.21,NaN,NaN,NaN
2479,3546.40,3047.28,0,0,0.0000
2480,3505.98,2865.37,NaN,NaN,NaN
2481,3318.48,3009.68,0,0,0.0000
2482,3306.61,2938.35,NaN,NaN,NaN
2483,3259.95,2602.33,0,0,0.0000
2484,3390.85,2864.99,NaN,NaN,NaN
2485,3336.25,2879.38,NaN,NaN,NaN
2486,3612.94,3015.47,NaN,NaN,NaN
2487,3244.11,2868.09,2,6,3.0000
2488,3517.17,3127.42,0,0,0.0000
2489,3334.26,2627.95,2,4,2.0000
2490,3444.34,2933.09,2,3,0.0000
2491,3597.08,3159.35,0,0,0.0000
2492,3453.02,2863.74,NaN,NaN,NaN
2493,3388.24,3040.69,NaN,NaN,NaN
2494,3239.88,2663.17,2,2,0.0000
2495,3639.03,3057.72,0,0,0.0000
2496,3261.50,2809.78,2,1,0.0000
2497,3309.72,2800.08,NaN,NaN,NaN
2498,3560.89,2817.96,0,0,0.0000
2499,3430.51,2795.40,NaN,NaN,NaN
2500,3470.94,3045.42,NaN,NaN,NaN
2501,3383.95,2932.89,2,4,2.0000
2502,3416.32,2989.35,NaN,NaN,NaN
2503,3461.28,2679.92,0,0,0.0000
2504,3589.20,3106.36,2,3,0.0000
2505,3286.25,2857.58,0,0,0.0000
2506,4519.70,3127.84,2,0,0.0000
2507,4544.25,2527.74,2,6,3.0000
2508,4401.75,3026.77,NaN,NaN,NaN
2509,4277.67,2529.52,NaN,NaN,NaN
2510,4591.45,2800.62,NaN,NaN,NaN
2511,4215.58,2792.80,0,0,0.0000
2512,4138.79,2589.22,NaN,NaN,NaN
2513,4382.71,2908.08,3,2,0.0000
2514,4426.56,2747.11,NaN,NaN,NaN
2515,4496.72,2956.97,NaN,NaN,NaN
2516,4320.24,2821.48,NaN,NaN,NaN
2517,4300.39,2624.54,NaN,NaN,NaN
2518,4707.10,2874.51,NaN,NaN,NaN
2519,4035.51,2475.14,2,5,2.5000
2520,4422.70,3168.70,NaN,NaN,NaN
2521,4220.47,2621.28,0,0,0.0000
2522,4346.55,3071.16,NaN,NaN,NaN
2523,4371.30,2817.12,NaN,NaN,NaN
2524,4267.55,2765.61,NaN,NaN,NaN
2525,4611.07,2582.25,NaN,NaN,NaN
2526,4666.83,2450.47,0,0,0.0000
2527,4437.35,2484.85,0,0,0.0000
2528,4168.82,3039.59,2,5,2.5000
2529,4263.24,2991.95,2,7,3.5000
2530,4092.10,2439.73,2,4,2.0000
2531,4178.81,2869.04,0,0,0.0000
2532,4136.50,2502.74,NaN,NaN,NaN
2533,4548.12,2858.97,NaN,NaN,NaN
2534,4558.45,3002.39,NaN,NaN,NaN
2535,4247.92,2896.18,NaN,NaN,NaN
2536,4298.87,2714.90,NaN,NaN,NaN
2537,4627.11,2902.54,0,0,0.0000
2538,4356.92,2703.98,2,7,3.5000
2539,4591.13,2717.72,2,5,2.5000
2540,4362.42,2472.45,NaN,NaN,NaN
2541,4602.75,3171.49,2,5,2.5000
2542,4643.18,2994.02,NaN,NaN,NaN
2543,4565.51,2632.20,0,0,0.0000
2544,4377.92,2628.18,NaN,NaN,NaN
2545,4597.13,2953.09,2,3,0.0000
2546,4194.83,2928.62,3,6,2.0000
2547,4506.63,2727.42,NaN,NaN,NaN
2548,4428.31,2627.81,NaN,NaN,NaN
2549,4389.74,2541.97,0,0,0.0000
2550,4567.55,2902.53,NaN,NaN,NaN
2551,4041.64,2557.88,0,0,0.0000
2552,4707.36,3144.83,NaN,NaN,NaN
2553,4681.14,2525.04,0,0,0.0000
2554,4663.75,3044.93,NaN,NaN,NaN
2555,4174.27,2665.63,NaN,NaN,NaN
2556,4493.61,2451.39,3,7,2.3333
2557,4218.50,2713.10,0,0,0.0000
2558,4214.16,2471.54,NaN,NaN,NaN
2559,4718.85,3110.27,NaN,NaN,NaN
2560,4441.37,2691.24,NaN,NaN,NaN
2561,4449.15,2815.29,0,0,0.0000
2562,4366.15,2498.46,NaN,NaN,NaN
2563,4667.68,2740.91,2,6,3.0000
2564,4498.88,2776.85,0,0,0.0000
2565,4511.23,3032.24,NaN,NaN,NaN
2566,4459.04,2868.88,0,0,0.0000
2567,4606.47,3068.56,0,0,0.0000
2568,4635.92,2676.62,0,0,0.0000
2569,4651.82,2952.90,NaN,NaN,NaN
2570,4435.94,2541.10,0,0,0.0000
2571,4157.85,2695.08,NaN,NaN,NaN
2572,4620.79,2464.59,0,0,0.0000
2573,5033.26,2460.02,0,0,0.0000
2574,5101.46,2639.90,2,3,0.0000
2575,5020.77,2711.70,2,4,2.0000
2576,4936.04,2466.81,4,4,0.0000
2577,5450.73,2630.13,NaN,NaN,NaN
2578,4909.62,2527.63,NaN,NaN,NaN
2579,4742.72,3077.07,NaN,NaN,NaN
2580,5500.82,2485.83,NaN,NaN,NaN
2581,4958.46,2608.16,NaN,NaN,NaN
2582,5455.84,2534.77,2,4,2.0000
2583,5393.90,2596.77,NaN,NaN,NaN
2584,4970.09,2534.24,NaN,NaN,NaN
2585,5408.93,2450.60,3,5,0.0000
2586,4852.69,2511.17,2,4,2.0000
2587,5418.99,2676.13,NaN,NaN,NaN
2588,5136.26,2733.02,0,0,0.0000
2589,4796.14,3153.94,NaN,NaN,NaN
2590,5472.38,2581.46,NaN,NaN,NaN
2591,5466.20,2451.23,NaN,NaN,NaN
2592,5122.03,2764.76,2,4,2.0000
2593,5011.26,2550.86,0,0,0.0000
2594,5060.19,2572.67,0,0,0.0000
2595,5028.78,2599.17,NaN,NaN,NaN
2596,4957.00,2675.41,0,0,0.0000
2597,5058.27,2766.69,0,0,0.0000
2598,4795.80,2503.11,0,0,0.0000
2599,5413.06,2515.44,NaN,NaN,NaN
2600,4862.54,2448.28,2,3,0.0000
2601,4743.53,2955.11,2,2,0.0000
2602,4919.04,2587.43,NaN,NaN,NaN
2603,6164.38,2840.15,NaN,NaN,NaN
2604,5858.87,2879.77,0,0,0.0000
2605,6058.93,2690.24,NaN,NaN,NaN
2606,6048.17,2774.46,0,0,0.0000
2607,6095.83,3024.80,NaN,NaN,NaN
2608,5948.71,2976.66,2,3,0.0000
2609,5874.66,3084.16,NaN,NaN,NaN
2610,6237.32,2766.74,0,0,0.0000
2611,5924.92,2579.63,NaN,NaN,NaN
2612,5887.46,2971.81,0,0,0.0000
2613,6069.17,3186.42,NaN,NaN,NaN
2614,5755.69,2662.24,NaN,NaN,NaN
2615,6158.71,2960.69,0,0,0.0000
2616,5794.62,2822.85,0,0,0.0000
2617,5827.96,2626.75,0,0,0.0000
2618,5668.79,2494.69,0,0,0.0000
2619,5934.52,3169.47,NaN,NaN,NaN
2620,5810.31,2716.10,0,0,0.0000
2621,6027.31,2978.10,2,4,2.0000
2622,5988.70,3108.54,NaN,NaN,NaN
2623,5648.43,2451.30,0,0,0.0000
2624,6039.03,3100.49,NaN,NaN,NaN
2625,6145.26,3054.72,0,0,0.0000
2626,6059.74,2928.07,0,0,0.0000
2627,5773.25,2481.09,NaN,NaN,NaN
2628,5589.30,2566.04,0,0,0.0000
2629,5702.37,2623.42,0,0,0.0000
2630,5545.42,2524.90,0,0,0.0000
2631,5548.55,2446.68,0,0,0.0000
2632,6072.45,2488.24,0,0,0.0000
2633,6181.35,3169.98,0,0,0.0000
2634,5785.52,2608.08,NaN,NaN,NaN
2635,5980.02,2503.48,0,0,0.0000
2636,6047.63,2850.76,0,0,0.0000
2637,5944.97,3089.29,0,0,0.0000
2638,5894.09,2493.64,0,0,0.0000
2639,5990.77,3185.84,3,4,0.0000
2640,5520.10,2634.43,0,0,0.0000
2641,6165.97,2555.70,3,6,2.0000
2642,6118.46,3195.26,0,0,0.0000
2643,5807.36,2563.13,0,0,0.0000
2644,5517.38,2572.63,NaN,NaN,NaN
2645,6102.86,2897.12,0,0,0.0000
2646,5998.54,3019.15,NaN,NaN,NaN
2647,6124.48,2733.43,0,0,0.0000
2648,5590.39,2478.95,0,0,0.0000
2649,5913.92,2876.29,0,0,0.0000
2650,5550.45,2687.65,NaN,NaN,NaN
2651,6189.08,3023.62,2,4,2.0000
2652,6186.36,2925.74,0,0,0.0000
2653,6025.40,2913.33,0,0,0.0000
2654,5582.78,2620.74,0,0,0.0000
2655,5961.30,2881.35,0,0,0.0000
2656,6078.17,2577.63,0,0,0.0000
2657,5896.52,3189.29,NaN,NaN,NaN
2658,6164.01,2702.69,0,0,0.0000
2659,5945.99,2801.58,0,0,0.0000
2660,6463.42,3110.10,NaN,NaN,NaN
2661,6912.20,2948.98,0,0,0.0000
2662,6930.65,2706.31,3,3,0.0000
2663,6832.52,2636.80,NaN,NaN,NaN
2664,6665.93,2885.42,3,7,2.3333
2665,7028.05,2916.07,2,5,2.5000
2666,6314.37,2862.21,3,4,0.0000
2667,6910.21,3158.62,NaN,NaN,NaN
2668,6387.90,2601.99,0,0,0.0000
2669,6719.51,3134.74,NaN,NaN,NaN
2670,6305.98,3157.75,0,0,0.0000
2671,7008.87,3169.06,2,3,0.0000
2672,6787.41,2864.36,3,4,0.0000
2673,6724.38,2996.99,NaN,NaN,NaN
2674,6969.27,3026.80,0,0,0.0000
2675,6822.51,3000.77,0,0,0.0000
2676,6568.38,2897.85,NaN,NaN,NaN
2677,6382.47,2950.22,NaN,NaN,NaN
2678,6882.24,2443.48,0,0,0.0000
2679,6607.74,3128.86,NaN,NaN,NaN
2680,6695.96,2763.50,NaN,NaN,NaN
2681,6698.09,2527.70,NaN,NaN,NaN
2682,6814.38,2791.30,0,0,0.0000
2683,6578.71,3046.95,0,0,0.0000
2684,6827.03,3152.82,0,0,0.0000
2685,6474.12,2634.27,0,0,0.0000
2686,6476.79,2845.16,2,3,0.0000
2687,6944.19,2539.84,2,5,2.5000
2688,6977.07,2485.08,2,3,0.0000
2689,6859.42,2838.16,NaN,NaN,NaN
2690,6759.27,2756.73,2,5,2.5000
2691,6527.33,2598.56,0,0,0.0000
2692,6577.44,2703.39,NaN,NaN,NaN
2693,6458.94,2717.45,NaN,NaN,NaN
2694,6808.81,3076.88,2,4,2.0000
2695,6591.85,2513.80,NaN,NaN,NaN
2696,6722.41,2630.17,0,0,0.0000
2697,6516.46,2701.04,NaN,NaN,NaN
2698,7036.63,3106.72,0,0,0.0000
2699,6409.19,3033.58,NaN,NaN,NaN
2700,6561.58,2963.54,0,0,0.0000
2701,6758.71,3048.31,NaN,NaN,NaN
2702,6345.48,2981.02,NaN,NaN,NaN
2703,6341.38,2748.28,0,0,0.0000
2704,7035.06,2787.81,0,0,0.0000
2705,6584.44,2653.37,0,0,0.0000
2706,6511.68,2770.44,2,5,2.5000
2707,6948.15,2818.24,0,0,0.0000
2708,6383.76,2793.83,0,0,0.0000
2709,6381.17,2724.81,0,0,0.0000
2710,6409.80,2854.02,0,0,0.0000
2711,6851.99,3082.02,NaN,NaN,NaN
2712,6795.55,2924.55,0,0,0.0000
2713,6981.87,3102.47,0,0,0.0000
2714,6938.42,3085.33,0,0,0.0000
2715,6667.51,3093.13,0,0,0.0000
2716,7342.98,2570.90,0,0,0.0000
2717,7780.42,2763.50,NaN,NaN,NaN
2718,7110.93,2811.52,3,8,2.6667
2719,7631.36,2985.66,NaN,NaN,NaN
2720,7132.01,2933.50,0,0,0.0000
2721,7593.52,2814.97,NaN,NaN,NaN
2722,7798.20,2452.46,0,0,0.0000
2723,7499.34,3043.63,NaN,NaN,NaN
2724,7137.78,2644.01,NaN,NaN,NaN
2725,7483.11,2508.97,2,6,3.0000
2726,7624.70,2568.77,NaN,NaN,NaN
2727,7356.24,2864.73,2,4,2.0000
2728,7198.90,3082.97,NaN,NaN,NaN
2729,7753.90,2585.66,0,0,0.0000
2730,7589.83,2471.83,0,0,0.0000
2731,7290.24,2871.30,0,0,0.0000
2732,7460.97,2919.54,NaN,NaN,NaN
2733,7048.01,3015.98,0,0,0.0000
2734,7348.73,2959.33,NaN,NaN,NaN
2735,7650.55,2739.90,NaN,NaN,NaN
2736,7525.14,2652.37,0,0,0.0000
2737,7516.80,2957.50,NaN,NaN,NaN
2738,7163.56,3177.15,0,0,0.0000
2739,7547.09,2545.16,NaN,NaN,NaN
2740,7269.43,2979.73,0,0,0.0000
2741,7360.97,2473.03,NaN,NaN,NaN
2742,7651.33,2485.98,3,4,0.0000
2743,7528.08,3184.17,NaN,NaN,NaN
2744,7495.31,2862.26,NaN,NaN,NaN
2745,7103.46,3078.11,NaN,NaN,NaN
2746,7464.43,2658.76,NaN,NaN,NaN
2747,7079.86,3166.42,2,3,0.0000
2748,7095.68,2454.57,NaN,NaN,NaN
2749,7450.65,2727.65,NaN,NaN,NaN
2750,7071.07,2593.87,NaN,NaN,NaN
2751,7316.41,3082.80,NaN,NaN,NaN
2752,7227.83,2841.29,0,0,0.0000
2753,7548.65,3095.29,0,0,0.0000
2754,7578.27,3036.64,0,0,0.0000
2755,7328.34,3199.22,NaN,NaN,NaN
2756,7686.66,2979.30,NaN,NaN,NaN
2757,7064.69,2505.15,NaN,NaN,NaN
2758,7595.44,2662.08,2,6,3.0000
2759,7061.43,2545.08,4,5,0.0000
2760,7422.84,2987.23,NaN,NaN,NaN
2761,7566.55,3141.47,NaN,NaN,NaN
2762,7202.56,2746.52,NaN,NaN,NaN
2763,7223.75,2795.98,NaN,NaN,NaN
2764,7176.84,3007.00,0,0,0.0000
2765,7303.38,2445.60,NaN,NaN,NaN
2766,7477.10,2589.17,2,3,0.0000
2767,7321.38,3033.24,0,0,0.0000
2768,7393.86,3051.50,NaN,NaN,NaN
2769,7139.94,3100.37,NaN,NaN,NaN
2770,7674.91,2841.48,0,0,0.0000
2771,7127.87,3022.28,0,0,0.0000
2772,7748.99,2496.23,0,0,0.0000
2773,7261.41,3041.69,0,0,0.0000
2774,7897.73,2524.64,0,0,0.0000
2775,7879.90,2440.29,NaN,NaN,NaN
2776,7924.08,2586.07,0,0,0.0000
2777,7818.15,2612.49,0,0,0.0000
2778,9321.37,2904.32,NaN,NaN,NaN
2779,9334.56,2967.38,NaN,NaN,NaN
2780,10003.68,3185.75,NaN,NaN,NaN
2781,9997.30,3091.10,NaN,NaN,NaN
2782,9917.36,3188.15,0,0,0.0000
2783,10091.15,2713.67,NaN,NaN,NaN
2784,10062.65,2645.99,NaN,NaN,NaN
2785,10105.21,2811.83,2,3,0.0000
2786,9378.94,3051.33,0,0,0.0000
2787,10072.02,3157.42,NaN,NaN,NaN
2788,9981.69,2729.78,NaN,NaN,NaN
2789,10040.34,2999.73,NaN,NaN,NaN
2790,9450.22,3112.92,NaN,NaN,NaN
2791,9441.25,3043.70,0,0,0.0000
2792,9465.23,2886.01,NaN,NaN,NaN
2793,9495.54,3191.81,NaN,NaN,NaN
2794,9480.58,3002.17,NaN,NaN,NaN
2795,10108.38,3090.79,NaN,NaN,NaN
2796,9944.40,3007.70,NaN,NaN,NaN
2797,9430.64,2962.43,NaN,NaN,NaN
2798,9981.70,2891.04,0,0,0.0000
2799,9969.58,2823.78,0,0,0.0000
2800,9528.99,3102.17,2,1,0.0000
2801,9990.29,2926.52,0,0,0.0000
2802,9895.70,3097.93,NaN,NaN,NaN
2803,9441.87,3175.79,NaN,NaN,NaN
2804,9504.66,3131.53,NaN,NaN,NaN
2805,9371.86,2885.10,0,0,0.0000
2806,9931.45,2819.70,0,0,0.0000
2807,9383.29,2926.19,0,0,0.0000
2808,10021.49,2652.11,3,8,2.6667
2809,10549.37,2495.46,NaN,NaN,NaN
2810,10608.72,2626.55,0,0,0.0000
2811,10469.34,2810.92,3,5,0.0000
2812,10624.66,3160.83,NaN,NaN,NaN
2813,10178.56,2919.98,2,5,2.5000
2814,10430.18,2708.01,3,2,0.0000
2815,10820.90,3089.83,2,6,3.0000
2816,10663.74,3077.29,0,0,0.0000
2817,10220.29,2708.31,0,0,0.0000
2818,10554.85,2861.64,NaN,NaN,NaN
2819,10287.51,2952.31,NaN,NaN,NaN
2820,10473.25,3131.23,NaN,NaN,NaN
2821,10240.48,2603.32,NaN,NaN,NaN
2822,10728.64,3164.19,0,0,0.0000
2823,10473.48,2618.06,2,2,0.0000
2824,10284.78,2535.05,3,9,3.0000
2825,10834.15,2826.36,NaN,NaN,NaN
2826,10737.60,2986.74,NaN,NaN,NaN
2827,10431.89,2441.84,NaN,NaN,NaN
2828,10286.99,3187.33,NaN,NaN,NaN
2829,10359.46,2755.35,2,4,2.0000
2830,10635.27,2992.23,NaN,NaN,NaN
2831,10493.49,2946.16,3,4,0.0000
2832,10876.04,3019.12,3,6,2.0000
2833,10403.17,2622.25,0,0,0.0000
2834,10664.06,2731.89,0,0,0.0000
2835,10304.66,2822.08,NaN,NaN,NaN
2836,10351.92,2587.63,0,0,0.0000
2837,10262.14,3072.08,2,3,0.0000
2838,10550.97,3035.02,2,6,3.0000
2839,10457.58,3050.13,NaN,NaN,NaN
2840,10237.54,2844.37,NaN,NaN,NaN
2841,10212.33,2449.72,2,4,2.0000
2842,10361.53,2973.85,0,0,0.0000
2843,10115.06,3007.80,0,0,0.0000
2844,10167.91,2559.54,3,5,0.0000
2845,10759.81,3085.07,NaN,NaN,NaN
2846,10323.42,3096.48,NaN,NaN,NaN
2847,10264.32,2435.16,NaN,NaN,NaN
2848,10505.45,2715.81,NaN,NaN,NaN
2849,10421.41,2949.79,0,0,0.0000
2850,10114.63,2526.69,NaN,NaN,NaN
2851,10349.68,2441.64,NaN,NaN,NaN
2852,10844.64,2742.07,2,5,2.5000
2853,10125.61,2631.94,0,0,0.0000
2854,10774.05,2961.68,3,4,0.0000
2855,10231.87,3024.88,0,0,0.0000
2856,10300.78,2685.71,2,3,0.0000
2857,10462.95,2893.82,0,0,0.0000
2858,10709.62,3028.65,3,7,2.3333
2859,10174.81,2791.22,0,0,0.0000
2860,10223.72,3143.95,NaN,NaN,NaN
2861,10471.89,3196.26,0,0,0.0000
2862,10593.83,2961.92,0,0,0.0000
2863,10369.61,3160.48,2,2,0.0000
2864,10322.56,2878.26,NaN,NaN,NaN
2865,10509.34,3090.08,3,9,3.0000
2866,10488.46,3014.71,2,9,4.5000
2867,11589.14,3177.48,NaN,NaN,NaN
2868,11597.81,2457.91,NaN,NaN,NaN
2869,10916.73,2976.70,0,0,0.0000
2870,11623.38,3074.11,0,0,0.0000
2871,10941.26,3085.06,0,0,0.0000
2872,11639.00,2532.23,0,0,0.0000
2873,10902.14,3113.65,NaN,NaN,NaN
2874,10915.93,2770.25,2,2,0.0000
2875,10883.88,3190.85,NaN,NaN,NaN
2876,10888.56,2630.28,0,0,0.0000
2877,11788.81,2672.48,NaN,NaN,NaN
2878,11947.21,2698.13,0,0,0.0000
2879,12184.12,2816.49,2,7,3.5000
2880,12359.15,2937.08,0,0,0.0000
2881,12017.88,2442.74,0,0,0.0000
2882,12042.26,3054.27,NaN,NaN,NaN
2883,12224.93,2499.42,NaN,NaN,NaN
2884,11745.01,3056.71,NaN,NaN,NaN
2885,11727.38,2890.53,0,0,0.0000
2886,11813.41,2788.11,0,0,0.0000
2887,11657.19,3158.90,NaN,NaN,NaN
2888,12124.26,2657.32,2,3,0.0000
2889,12342.30,2752.48,NaN,NaN,NaN
2890,12160.39,2973.86,NaN,NaN,NaN
2891,11775.47,2435.61,NaN,NaN,NaN
2892,11722.56,2737.17,0,0,0.0000
2893,12007.89,2535.68,NaN,NaN,NaN
2894,12254.26,3024.66,2,5,2.5000
2895,12022.00,2772.22,NaN,NaN,NaN
2896,12407.64,3040.57,0,0,0.0000
2897,11719.75,2556.38,NaN,NaN,NaN
2898,12260.91,2760.50,NaN,NaN,NaN
2899,11916.90,2488.42,NaN,NaN,NaN
2900,11982.70,2857.03,NaN,NaN,NaN
2901,11890.31,2589.47,0,0,0.0000
2902,11813.54,2943.59,NaN,NaN,NaN
2903,12358.11,2481.14,NaN,NaN,NaN
2904,11892.53,2995.41,NaN,NaN,NaN
2905,12327.40,3037.23,0,0,0.0000
2906,12158.24,3123.17,0,0,0.0000
2907,11735.51,2990.79,0,0,0.0000
2908,12081.04,3110.31,NaN,NaN,NaN
2909,12350.51,3133.88,0,0,0.0000
2910,12199.18,2925.74,NaN,NaN,NaN
2911,11878.52,2921.44,0,0,0.0000
2912,12365.80,2684.13,0,0,0.0000
2913,11692.26,2473.23,NaN,NaN,NaN
2914,12063.84,2874.74,2,3,0.0000
2915,11988.10,3008.71,0,0,0.0000
2916,11733.80,2820.23,0,0,0.0000
2917,11874.38,3094.96,2,3,0.0000
2918,12129.47,2522.93,NaN,NaN,NaN
2919,12375.87,2529.99,0,0,0.0000
2920,12257.33,2590.10,NaN,NaN,NaN
2921,11930.98,3047.58,NaN,NaN,NaN
2922,11898.69,3154.28,0,0,0.0000
2923,12004.22,3190.78,0,0,0.0000
2924,11679.37,2767.82,0,0,0.0000
2925,12035.92,2613.45,NaN,NaN,NaN
2926,12232.82,3093.84,0,0,0.0000
2927,11978.26,2908.63,NaN,NaN,NaN
2928,12072.98,2939.15,0,0,0.0000
2929,11781.54,2598.71,0,0,0.0000
2930,12266.69,2915.05,NaN,NaN,NaN
2931,12305.91,2831.52,NaN,NaN,NaN
2932,11815.52,3123.98,NaN,NaN,NaN
2933,11964.58,3086.89,NaN,NaN,NaN
2934,11873.67,2859.36,0,0,0.0000
2935,12008.55,2951.64,NaN,NaN,NaN
2936,12078.99,3198.16,0,0,0.0000
2937,11795.53,2532.13,0,0,0.0000
2938,11850.10,2535.65,0,0,0.0000
2939,12310.62,2649.79,NaN,NaN,NaN
2940,11960.65,3140.63,3,6,2.0000
2941,12090.30,2984.51,NaN,NaN,NaN
2942,11837.55,3040.37,NaN,NaN,NaN
2943,11671.22,2814.84,0,0,0.0000
2944,11920.82,2879.29,0,0,0.0000
2945,11764.10,3171.29,2,6,3.0000
2946,12264.50,3118.43,0,0,0.0000
2947,11892.35,2796.99,NaN,NaN,NaN
2948,12373.68,2611.34,0,0,0.0000
2949,11921.78,2796.42,2,4,2.0000
2950,11976.40,2591.65,0,0,0.0000
2951,12362.51,3199.55,0,0,0.0000
2952,12155.99,3050.91,0,0,0.0000
2953,12170.99,2582.75,NaN,NaN,NaN
2954,12228.86,3131.26,0,0,0.0000
2955,12196.09,2684.14,NaN,NaN,NaN
2956,11757.42,3115.61,0,0,0.0000
2957,12091.74,2799.54,0,0,0.0000
2958,12063.35,2652.47,0,0,0.0000
2959,12262.29,3169.55,2,8,4.0000
2960,12212.45,2612.53,NaN,NaN,NaN
2961,12443.90,3153.89,NaN,NaN,NaN
2962,12480.19,2821.67,NaN,NaN,NaN
2963,12905.43,2455.42,NaN,NaN,NaN
2964,13104.51,2581.52,0,0,0.0000
2965,12418.50,2863.07,NaN,NaN,NaN
2966,12532.16,3188.33,NaN,NaN,NaN
2967,12562.56,2798.39,0,0,0.0000
2968,12964.04,2581.36,0,0,0.0000
2969,12591.45,3196.08,0,0,0.0000
2970,12478.22,2962.02,NaN,NaN,NaN
2971,12564.01,2952.12,0,0,0.0000
2972,12478.20,2661.34,0,0,0.0000
2973,12537.48,3034.99,0,0,0.0000
2974,12441.75,2585.72,NaN,NaN,NaN
2975,13116.68,2451.52,NaN,NaN,NaN
2976,12607.65,3048.25,NaN,NaN,NaN
2977,13152.00,2516.87,0,0,0.0000
2978,12596.49,2908.50,0,0,0.0000
2979,13000.13,2530.26,0,0,0.0000
2980,12485.05,3056.50,0,0,0.0000
2981,13096.59,2735.42,NaN,NaN,NaN
2982,12420.03,2658.76,0,0,0.0000
2983,13142.11,2672.48,2,1,0.0000
2984,12540.78,3108.43,NaN,NaN,NaN
2985,13032.78,2661.34,0,0,0.0000
2986,12688.52,3094.36,NaN,NaN,NaN
2987,12457.48,2523.80,0,0,0.0000
2988,12421.94,2436.49,0,0,0.0000
2989,13094.33,2658.83,0,0,0.0000
2990,12672.66,3032.82,NaN,NaN,NaN
2991,13018.49,2601.16,0,0,0.0000
2992,12642.96,2991.22,0,0,0.0000
2993,12431.19,2731.33,0,0,0.0000
2994,12722.07,3185.54,3,5,0.0000
2995,13454.61,2475.74,NaN,NaN,NaN
2996,13368.21,2517.45,NaN,NaN,NaN
2997,13440.73,2570.14,NaN,NaN,NaN
2998,13204.46,2482.15,NaN,NaN,NaN
2999,13213.55,2437.59,0,0,0.0000
3000,13447.59,2765.43,NaN,NaN,NaN
3001,13284.99,2445.21,NaN,NaN,NaN
3002,13330.89,2733.47,2,2,0.0000
3003,13394.17,2621.84,0,0,0.0000
3004,13418.11,2897.83,2,2,0.0000
3005,13400.27,2700.38,2,2,0.0000
3006,13459.77,2633.79,0,0,0.0000
3007,13541.89,2711.07,NaN,NaN,NaN
3008,13331.83,2463.89,NaN,NaN,NaN
3009,13479.44,2709.83,0,0,0.0000
3010,13349.54,2840.46,0,0,0.0000
3011,13337.59,2817.65,NaN,NaN,NaN
3012,13432.21,2927.20,NaN,NaN,NaN
3013,14663.25,2690.45,2,6,3.0000
3014,14001.40,2436.08,0,0,0.0000
3015,14135.17,2736.89,NaN,NaN,NaN
3016,14007.40,2519.69,NaN,NaN,NaN
3017,14333.34,2508.23,0,0,0.0000
3018,14405.67,2553.26,0,0,0.0000
3019,14442.71,3142.98,3,3,0.0000
3020,14672.66,2960.92,0,0,0.0000
3021,14588.96,3090.57,NaN,NaN,NaN
3022,14714.21,3121.69,NaN,NaN,NaN
3023,14658.39,3051.53,0,0,0.0000
3024,14061.09,2609.45,2,6,3.0000
3025,14186.36,2597.07,NaN,NaN,NaN
3026,14701.94,2790.40,NaN,NaN,NaN
3027,14543.66,2919.68,NaN,NaN,NaN
3028,14272.74,2625.31,NaN,NaN,NaN
3029,14601.91,2781.47,NaN,NaN,NaN
3030,14642.51,3136.26,NaN,NaN,NaN
3031,14326.20,2752.13,NaN,NaN,NaN
3032,14213.68,2799.48,2,7,3.5000
3033,14493.37,3192.23,NaN,NaN,NaN
3034,14258.89,2543.95,0,0,0.0000
3035,14688.88,2753.89,0,0,0.0000
3036,14152.98,2870.71,NaN,NaN,NaN
3037,14172.40,2821.99,NaN,NaN,NaN
3038,14110.90,2896.12,NaN,NaN,NaN
3039,14368.82,2705.49,0,0,0.0000
3040,14184.76,2911.31,NaN,NaN,NaN
3041,14341.15,2640.47,0,0,0.0000
3042,14289.25,2453.55,0,0,0.0000
3043,14403.00,2498.98,2,3,0.0000
3044,14145.95,2936.26,NaN,NaN,NaN
3045,14651.31,2576.60,0,0,0.0000
3046,14017.97,2626.76,NaN,NaN,NaN
3047,14124.18,2580.50,NaN,NaN,NaN
3048,14255.23,2489.83,2,5,2.5000
3049,15001.11,2526.27,2,5,2.5000
3050,15178.17,2661.60,4,6,0.0000
3051,15117.40,2882.51,2,4,2.0000
3052,15423.23,2612.72,3,5,0.0000
3053,14824.11,3164.60,0,0,0.0000
3054,14725.21,2499.41,NaN,NaN,NaN
3055,15349.60,2474.58,NaN,NaN,NaN
3056,14721.51,2866.49,3,4,0.0000
3057,14989.70,2905.09,NaN,NaN,NaN
3058,14878.25,2627.65,NaN,NaN,NaN
3059,15183.53,2521.94,0,0,0.0000
3060,14803.34,2649.16,NaN,NaN,NaN
3061,15228.28,2717.62,2,4,2.0000
3062,14999.05,2991.15,NaN,NaN,NaN
3063,15030.77,3198.40,0,0,0.0000
3064,15191.46,2584.84,0,0,0.0000
3065,15085.48,2516.64,NaN,NaN,NaN
3066,15219.77,3155.96,NaN,NaN,NaN
3067,15091.29,3101.78,0,0,0.0000
3068,15285.58,2539.25,NaN,NaN,NaN
3069,14952.33,3128.06,NaN,NaN,NaN
3070,14965.69,2625.84,4,5,0.0000
3071,14774.35,2965.66,0,0,0.0000
3072,14743.96,3055.25,0,0,0.0000
3073,15116.83,2618.39,0,0,0.0000
3074,15045.72,3028.15,2,6,3.0000
3075,15468.61,2512.24,0,0,0.0000
3076,15162.42,2972.34,NaN,NaN,NaN
3077,14739.87,2575.41,NaN,NaN,NaN
3078,15300.38,2744.73,NaN,NaN,NaN
3079,14860.12,2708.88,2,1,0.0000
3080,15107.82,3016.97,2,4,2.0000
3081,14821.25,2787.92,NaN,NaN,NaN
3082,15046.57,2860.21,NaN,NaN,NaN
3083,14835.45,3082.47,0,0,0.0000
3084,15037.32,3110.80,0,0,0.0000
3085,14923.91,2902.54,0,0,0.0000
3086,14822.14,2899.75,NaN,NaN,NaN
3087,14866.79,2494.35,NaN,NaN,NaN
3088,15162.16,3034.24,NaN,NaN,NaN
3089,15023.00,2797.97,NaN,NaN,NaN
3090,14968.06,3042.80,4,8,2.0000
3091,15322.05,2688.65,0,0,0.0000
3092,14914.25,3180.15,NaN,NaN,NaN
3093,14971.72,2795.55,NaN,NaN,NaN
3094,14954.19,2719.42,NaN,NaN,NaN
3095,14933.96,2583.85,0,0,0.0000
3096,14742.22,2736.75,NaN,NaN,NaN
3097,14852.48,2529.62,0,0,0.0000
3098,15168.21,3183.66,0,0,0.0000
3099,14898.99,2752.96,NaN,NaN,NaN
3100,15033.58,2440.25,2,2,0.0000
3101,15242.45,2896.63,NaN,NaN,NaN
3102,15078.32,2958.97,NaN,NaN,NaN
3103,15099.71,2560.52,0,0,0.0000
3104,14934.70,2848.26,0,0,0.0000
3105,15429.08,2499.31,0,0,0.0000
3106,15190.11,2441.56,NaN,NaN,NaN
3107,15056.95,2603.93,0,0,0.0000
3108,14981.02,2750.31,NaN,NaN,NaN
3109,15273.53,2491.31,0,0,0.0000
3110,15754.97,2842.93,NaN,NaN,NaN
3111,16132.28,2555.46,0,0,0.0000
3112,15988.13,2789.31,NaN,NaN,NaN
3113,16300.31,2922.17,NaN,NaN,NaN
3114,15798.59,2475.52,NaN,NaN,NaN
3115,15873.75,2941.99,NaN,NaN,NaN
3116,16094.68,2755.78,0,0,0.0000
3117,16056.45,2887.12,NaN,NaN,NaN
3118,15832.63,3157.53,NaN,NaN,NaN
3119,15998.10,3059.94,NaN,NaN,NaN
3120,16288.00,3051.08,2,3,0.0000
3121,16209.23,2670.82,NaN,NaN,NaN
3122,15918.64,2863.77,NaN,NaN,NaN
3123,15542.05,2678.35,2,3,0.0000
3124,16172.21,2863.08,NaN,NaN,NaN
3125,16010.21,2580.10,0,0,0.0000
3126,15837.66,2563.82,NaN,NaN,NaN
3127,15921.25,2540.08,NaN,NaN,NaN
3128,15987.70,2493.63,0,0,0.0000
3129,15685.94,2551.18,0,0,0.0000
3130,16135.56,3025.05,NaN,NaN,NaN
3131,16065.61,3098.22,NaN,NaN,NaN
3132,16091.84,2661.94,0,0,0.0000
3133,15948.83,2713.05,NaN,NaN,NaN
3134,16232.88,3103.52,NaN,NaN,NaN
3135,15699.72,2728.58,NaN,NaN,NaN
3136,16337.95,2789.79,0,0,0.0000
3137,15760.75,3015.24,NaN,NaN,NaN
3138,16299.76,3124.86,0,0,0.0000
3139,15662.72,2444.49,0,0,0.0000
3140,15539.81,2773.64,0,0,0.0000
3141,15853.73,3070.49,NaN,NaN,NaN
3142,16354.86,2612.17,0,0,0.0000
3143,15903.23,3111.96,3,5,0.0000
3144,16323.05,2726.04,0,0,0.0000
3145,15963.60,3146.86,0,0,0.0000
3146,16200.74,3070.06,NaN,NaN,NaN
3147,15903.49,3028.73,NaN,NaN,NaN
3148,16245.85,3168.51,3,7,2.3333
3149,16213.41,3004.18,2,4,2.0000
3150,15921.80,3194.50,0,0,0.0000
3151,15544.74,2599.09,0,0,0.0000
3152,15745.64,2648.97,2,2,0.0000
3153,15598.17,2474.46,0,0,0.0000
3154,15879.07,2745.43,3,3,0.0000
3155,15908.81,2605.59,2,4,2.0000
3156,15550.10,2459.70,0,0,0.0000
3157,16195.40,3191.66,NaN,NaN,NaN
3158,16239.76,2907.47,0,0,0.0000
3159,15490.32,2604.60,NaN,NaN,NaN
3160,15625.63,2565.28,NaN,NaN,NaN
3161,16193.14,2933.92,0,0,0.0000
3162,15774.98,2577.38,NaN,NaN,NaN
3163,15758.31,2931.41,NaN,NaN,NaN
3164,15732.87,2572.88,NaN,NaN,NaN
3165,15565.56,2568.81,NaN,NaN,NaN
3166,15855.74,2661.11,NaN,NaN,NaN
3167,16176.90,3148.52,2,6,3.0000
3168,16029.93,2654.38,0,0,0.0000
3169,15627.60,2522.54,NaN,NaN,NaN
3170,16149.90,2807.79,NaN,NaN,NaN
3171,16374.66,2813.26,0,0,0.0000
3172,16089.17,3130.95,NaN,NaN,NaN
3173,16047.71,2459.99,0,0,0.0000
3174,16341.22,3028.26,NaN,NaN,NaN
3175,15961.49,2628.40,NaN,NaN,NaN
3176,16239.57,2572.97,0,0,0.0000
3177,16289.77,2612.25,0,0,0.0000
3178,16250.68,2853.67,NaN,NaN,NaN
3179,16078.55,2948.82,0,0,0.0000
3180,15536.72,2508.10,0,0,0.0000
3181,15681.10,2676.22,2,0,0.0000
3182,15818.97,2677.45,NaN,NaN,NaN
3183,523.95,3453.87,NaN,NaN,NaN
3184,787.72,3330.01,2,4,2.0000
3185,611.40,3727.36,0,0,0.0000
3186,742.49,3259.90,0,0,0.0000
3187,435.64,3397.75,NaN,NaN,NaN
3188,581.62,3265.64,NaN,NaN,NaN
3189,183.51,3855.62,NaN,NaN,NaN
3190,887.86,3917.04,NaN,NaN,NaN
3191,692.05,3378.59,NaN,NaN,NaN
3192,665.62,3667.20,NaN,NaN,NaN
3193,64.57,3924.40,NaN,NaN,NaN
3194,583.86,3372.14,0,0,0.0000
3195,685.34,3502.71,NaN,NaN,NaN
3196,764.53,3769.25,NaN,NaN,NaN
3197,867.50,3527.71,0,0,0.0000
3198,115.69,3810.48,NaN,NaN,NaN
3199,609.08,3507.56,NaN,NaN,NaN
3200,704.62,3448.56,2,0,0.0000
3201,667.33,3230.99,NaN,NaN,NaN
3202,825.83,3382.58,0,0,0.0000
3203,807.96,3522.40,0,0,0.0000
3204,457.89,3269.91,NaN,NaN,NaN
3205,401.53,3221.69,NaN,NaN,NaN
3206,587.43,3617.48,NaN,NaN,NaN
3207,854.88,3264.52,0,0,0.0000
3208,706.83,3592.08,3,7,2.3333
3209,40.88,3853.27,NaN,NaN,NaN
3210,804.42,3621.86,NaN,NaN,NaN
3211,884.33,3700.92,0,0,0.0000
3212,483.55,3345.53,3,4,0.0000
3213,660.21,3303.14,NaN,NaN,NaN
3214,764.35,3694.74,2,4,2.0000
3215,854.78,3777.71,2,4,2.0000
3216,777.11,3468.88,NaN,NaN,NaN
3217,216.07,3929.09,NaN,NaN,NaN
3218,34.23,3561.23,0,0,0.0000
3219,158.51,3923.51,NaN,NaN,NaN
3220,341.92,3223.90,NaN,NaN,NaN
3221,536.93,3578.19,NaN,NaN,NaN
3222,503.55,3643.15,NaN,NaN,NaN
3223,418.43,3308.87,2,2,0.0000
3224,858.85,3872.15,3,4,0.0000
3225,123.56,3758.34,NaN,NaN,NaN
3226,80.31,3647.72,4,3,0.0000
3227,58.08,3751.24,NaN,NaN,NaN
3228,835.64,3699.84,NaN,NaN,NaN
3229,31.82,3673.03,0,0,0.0000
3230,113.26,3952.69,NaN,NaN,NaN
3231,357.79,3263.61,0,0,0.0000
3232,773.07,3569.98,3,3,0.0000
3233,1657.20,3520.69,4,2,0.0000
3234,1653.16,3742.30,2,4,2.0000
3235,1000.52,3959.09,2,5,2.5000
3236,1482.01,3303.89,NaN,NaN,NaN
3237,1589.56,3220.03,2,2,0.0000
3238,964.46,3320.32,NaN,NaN,NaN
3239,1643.43,3663.39,3,6,2.0000
3240,1579.63,3425.07,3,3,0.0000
3241,929.96,3836.87,NaN,NaN,NaN
3242,912.82,3495.37,NaN,NaN,NaN
3243,1393.88,3251.64,0,0,0.0000
3244,1100.40,3877.71,NaN,NaN,NaN
3245,1016.97,3820.10,NaN,NaN,NaN
3246,1085.23,3322.96,NaN,NaN,NaN
3247,1565.65,3339.54,2,3,0.0000
3248,930.72,3217.78,2,6,3.0000
3249,1220.80,3349.54,NaN,NaN,NaN
3250,905.60,3393.40,NaN,NaN,NaN
3251,1212.76,3261.58,0,0,0.0000
3252,959.33,3761.56,NaN,NaN,NaN
3253,1122.31,3252.06,2,4,2.0000
3254,926.98,3670.61,NaN,NaN,NaN
3255,1015.49,3416.62,NaN,NaN,NaN
3256,1384.27,3696.86,NaN,NaN,NaN
3257,1473.25,3713.67,NaN,NaN,NaN
3258,1021.21,3259.99,3,6,2.0000
3259,1128.45,3349.55,NaN,NaN,NaN
3260,1464.88,3464.60,0,0,0.0000
3261,1104.66,3952.60,NaN,NaN,NaN
3262,1581.22,3488.70,NaN,NaN,NaN
3263,900.51,3595.51,NaN,NaN,NaN
3264,1540.42,3712.06,2,3,0.0000
3265,1635.50,3360.62,2,4,2.0000
3266,1367.41,3747.57,2,6,3.0000
3267,1626.21,3905.95,3,4,0.0000
3268,1017.27,3883.90,2,3,0.0000
3269,1504.94,3514.86,NaN,NaN,NaN
3270,1648.96,3302.31,NaN,NaN,NaN
3271,1581.54,3548.74,0,0,0.0000
3272,985.97,3453.55,0,0,0.0000
3273,1548.18,3780.20,0,0,0.0000
3274,1202.59,3958.59,3,6,2.0000
3275,1851.44,3865.51,NaN,NaN,NaN
3276,1879.17,3641.74,NaN,NaN,NaN
3277,1683.21,3852.88,2,4,2.0000
3278,1880.44,3552.42,NaN,NaN,NaN
3279,1772.64,3786.39,NaN,NaN,NaN
3280,2419.30,3286.14,NaN,NaN,NaN
3281,1981.17,3955.43,NaN,NaN,NaN
3282,1722.21,3266.17,NaN,NaN,NaN
3283,1802.86,3460.79,5,7,0.0000
3284,1769.08,3340.28,NaN,NaN,NaN
3285,1977.18,3817.54,0,0,0.0000
3286,1876.75,3776.96,0,0,0.0000
3287,1728.75,3590.72,NaN,NaN,NaN
3288,2045.50,3923.75,NaN,NaN,NaN
3289,1746.32,3518.29,NaN,NaN,NaN
3290,1800.27,3957.99,0,0,0.0000
3291,1774.89,3652.68,NaN,NaN,NaN
3292,1940.39,3728.56,0,0,0.0000
3293,1736.35,3926.40,0,0,0.0000
3294,2031.06,3818.32,0,0,0.0000
3295,1683.10,3404.01,NaN,NaN,NaN
3296,1888.50,3955.33,NaN,NaN,NaN
3297,1839.90,3726.43,0,0,0.0000
3298,1691.25,3965.49,0,0,0.0000
3299,2749.93,3293.65,3,3,0.0000
3300,2707.92,3493.81,NaN,NaN,NaN
3301,3188.51,3386.69,2,3,0.0000
3302,2769.29,3210.74,NaN,NaN,NaN
3303,3118.18,3312.33,NaN,NaN,NaN
3304,2534.41,3330.19,NaN,NaN,NaN
3305,2695.52,3556.61,0,0,0.0000
3306,2668.05,3379.83,NaN,NaN,NaN
3307,2563.20,3503.38,2,1,0.0000
3308,2613.22,3550.22,NaN,NaN,NaN
3309,2494.39,3266.28,NaN,NaN,NaN
3310,2668.09,3438.25,0,0,0.0000
3311,2562.34,3251.63,2,8,4.0000
3312,2592.27,3303.52,0,0,0.0000
3313,2553.53,3449.76,3,6,2.0000
3314,2728.75,3411.79,NaN,NaN,NaN
3315,2466.76,3224.31,2,4,2.0000
3316,2445.71,3431.04,0,0,0.0000
3317,2489.29,3301.09,2,1,0.0000
3318,2443.83,3386.02,0,0,0.0000
3319,3307.94,3207.84,NaN,NaN,NaN
3320,3409.48,3553.91,2,1,0.0000
3321,3275.43,3314.36,NaN,NaN,NaN
3322,3358.55,3769.56,NaN,NaN,NaN
3323,3573.39,3833.82,2,6,3.0000
3324,3439.50,3236.74,3,4,0.0000
3325,3450.58,3474.29,NaN,NaN,NaN
3326,3600.57,3580.56,NaN,NaN,NaN
3327,3297.91,3430.89,5,6,0.0000
3328,3761.53,3848.87,NaN,NaN,NaN
3329,3361.56,3381.32,NaN,NaN,NaN
3330,3271.90,3568.77,NaN,NaN,NaN
3331,3228.68,3476.15,NaN,NaN,NaN
3332,3466.97,3321.30,NaN,NaN,NaN
3333,3510.55,3423.71,NaN,NaN,NaN
3334,3316.66,3592.23,NaN,NaN,NaN
3335,3557.57,3200.41,NaN,NaN,NaN
3336,3625.19,3757.90,NaN,NaN,NaN
3337,3608.14,3293.60,0,0,0.0000
3338,3648.59,3544.24,0,0,0.0000
3339,3598.20,3687.70,NaN,NaN,NaN
3340,3533.72,3250.96,0,0,0.0000
3341,3402.05,3213.36,NaN,NaN,NaN
3342,3591.39,3430.26,NaN,NaN,NaN
3343,3537.25,3326.51,NaN,NaN,NaN
3344,3280.21,3744.27,NaN,NaN,NaN
3345,3252.85,3436.46,2,3,0.0000
3346,3468.37,3886.49,NaN,NaN,NaN
3347,3475.39,3812.70,2,2,0.0000
3348,3468.57,3608.79,0,0,0.0000
3349,3275.17,3967.98,0,0,0.0000
3350,3362.67,3277.52,0,0,0.0000
3351,3231.70,3634.37,NaN,NaN,NaN
3352,3501.67,3561.28,NaN,NaN,NaN
3353,3538.30,3529.06,NaN,NaN,NaN
3354,3536.87,3390.18,NaN,NaN,NaN
3355,3717.84,3898.37,0,0,0.0000
3356,3641.71,3417.57,0,0,0.0000
3357,3631.68,3472.87,3,6,2.0000
3358,3311.00,3796.84,0,0,0.0000
3359,3656.83,3856.63,NaN,NaN,NaN
3360,3370.45,3479.99,2,4,2.0000
3361,3307.17,3936.63,NaN,NaN,NaN
3362,3550.22,3732.35,0,0,0.0000
3363,3271.23,3646.63,0,0,0.0000
3364,3299.89,3877.60,0,0,0.0000
3365,3405.27,3341.32,0,0,0.0000
3366,3444.46,3695.03,0,0,0.0000
3367,3573.39,3484.13,2,5,2.5000
3368,3614.57,3215.02,2,2,0.0000
3369,3414.82,3731.94,0,0,0.0000
3370,3468.01,3658.06,NaN,NaN,NaN
3371,3218.07,3570.18,2,4,2.0000
3372,4617.93,3790.77,NaN,NaN,NaN
3373,4553.90,3598.43,NaN,NaN,NaN
3374,4599.95,3347.23,NaN,NaN,NaN
3375,4358.03,3412.64,NaN,NaN,NaN
3376,4701.14,3544.45,2,3,0.0000
3377,4433.29,3313.64,NaN,NaN,NaN
3378,4703.54,3928.79,0,0,0.0000
3379,4429.75,3583.50,NaN,NaN,NaN
3380,4625.18,3920.31,0,0,0.0000
3381,4484.83,3713.18,NaN,NaN,NaN
3382,4624.93,3559.32,NaN,NaN,NaN
3383,4653.24,3251.50,NaN,NaN,NaN
3384,4187.57,3389.30,NaN,NaN,NaN
3385,4283.89,3594.74,NaN,NaN,NaN
3386,4481.80,3239.65,0,0,0.0000
3387,4190.13,3476.51,2,5,2.5000
3388,4461.70,3504.69,4,7,0.0000
3389,4300.14,3672.28,2,2,0.0000
3390,4342.83,3587.53,2,5,2.5000
3391,4658.40,3700.41,0,0,0.0000
3392,4507.40,3458.98,NaN,NaN,NaN
3393,4586.40,3442.55,NaN,NaN,NaN
3394,4598.00,3681.04,0,0,0.0000
3395,4347.65,3469.86,0,0,0.0000
3396,4701.22,3212.06,3,6,2.0000
3397,4397.43,3843.40,NaN,NaN,NaN
3398,4319.51,3713.90,NaN,NaN,NaN
3399,4500.02,3797.47,NaN,NaN,NaN
3400,4673.89,3308.09,NaN,NaN,NaN
3401,4379.08,3752.96,3,3,0.0000
3402,4681.19,3453.46,NaN,NaN,NaN
3403,4420.89,3920.75,0,0,0.0000
3404,4531.95,3841.99,0,0,0.0000
3405,4477.93,3886.79,3,4,0.0000
3406,4260.36,3210.12,NaN,NaN,NaN
3407,4232.09,3258.23,0,0,0.0000
3408,4521.60,3373.86,0,0,0.0000
3409,4235.44,3528.80,2,4,2.0000
3410,4358.54,3528.01,0,0,0.0000
3411,4302.96,3762.06,2,4,2.0000
3412,4348.19,3649.61,NaN,NaN,NaN
3413,4636.74,3419.66,NaN,NaN,NaN
3414,4496.79,3653.99,0,0,0.0000
3415,4248.05,3314.62,0,0,0.0000
3416,4206.29,3219.00,NaN,NaN,NaN
3417,4549.31,3235.18,0,0,0.0000
3418,4668.89,3635.20,NaN,NaN,NaN
3419,4558.92,3921.16,0,0,0.0000
3420,4718.38,3362.44,0,0,0.0000
3421,4907.91,3436.11,NaN,NaN,NaN
3422,4738.89,3728.17,0,0,0.0000
3423,4778.93,3911.85,2,3,0.0000
3424,4895.82,3662.92,NaN,NaN,NaN
3425,5436.43,3813.53,2,3,0.0000
3426,4775.66,3277.29,3,7,2.3333
3427,4894.96,3332.68,2,5,2.5000
3428,4964.10,3600.16,0,0,0.0000
3429,4905.16,3851.35,3,5,0.0000
3430,4990.96,3853.17,NaN,NaN,NaN
3431,5172.31,3707.57,2,5,2.5000
3432,5407.84,3886.48,2,3,0.0000
3433,5033.68,3438.71,0,0,0.0000
3434,5230.57,3848.41,2,4,2.0000
3435,5219.66,3933.99,NaN,NaN,NaN
3436,4858.30,3917.21,NaN,NaN,NaN
3437,5311.49,3694.59,0,0,0.0000
3438,4798.35,3560.93,NaN,NaN,NaN
3439,5075.51,3517.10,2,5,2.5000
3440,5150.65,3907.48,NaN,NaN,NaN
3441,4996.94,3343.95,NaN,NaN,NaN
3442,5014.44,3939.22,NaN,NaN,NaN
3443,5110.25,3785.12,0,0,0.0000
3444,5072.28,3625.30,0,0,0.0000
3445,4854.16,3548.54,NaN,NaN,NaN
3446,5333.82,3856.56,NaN,NaN,NaN
3447,4754.70,3510.84,NaN,NaN,NaN
3448,4989.05,3284.75,NaN,NaN,NaN
3449,5096.76,3718.10,0,0,0.0000
3450,5332.30,3925.78,0,0,0.0000
3451,4754.57,3834.04,NaN,NaN,NaN
3452,5433.59,3752.65,0,0,0.0000
3453,5373.61,3792.66,NaN,NaN,NaN
3454,4978.03,3533.62,0,0,0.0000
3455,5117.91,3581.29,0,0,0.0000
3456,5500.67,3927.55,NaN,NaN,NaN
3457,4743.46,3432.65,NaN,NaN,NaN
3458,5190.28,3767.84,2,2,0.0000
3459,4837.96,3821.91,NaN,NaN,NaN
3460,5239.81,3742.27,NaN,NaN,NaN
3461,4945.66,3791.70,0,0,0.0000
3462,4945.80,3250.92,NaN,NaN,NaN
3463,4942.80,3399.05,0,0,0.0000
3464,5006.00,3687.55,0,0,0.0000
3465,5384.76,3720.21,NaN,NaN,NaN
3466,5269.05,3760.53,0,0,0.0000
3467,5142.96,3486.21,0,0,0.0000
3468,4895.16,3512.69,NaN,NaN,NaN
3469,4785.94,3478.96,NaN,NaN,NaN
3470,5035.41,3720.76,0,0,0.0000
3471,5058.68,3845.06,NaN,NaN,NaN
3472,4780.46,3636.83,NaN,NaN,NaN
3473,4804.72,3773.40,NaN,NaN,NaN
3474,4824.97,3443.01,NaN,NaN,NaN
3475,4924.24,3298.62,NaN,NaN,NaN
3476,6055.52,3410.28,NaN,NaN,NaN
3477,6117.79,3967.11,NaN,NaN,NaN
3478,5973.79,3495.17,NaN,NaN,NaN
3479,6201.85,3249.54,NaN,NaN,NaN
3480,5976.36,3289.97,NaN,NaN,NaN
3481,5940.20,3643.33,0,0,0.0000
3482,6174.25,3504.91,4,7,0.0000
3483,6164.57,3609.52,NaN,NaN,NaN
3484,5998.65,3715.38,0,0,0.0000
3485,6171.39,3836.18,NaN,NaN,NaN
3486,6005.33,3595.16,NaN,NaN,NaN
3487,5804.23,3905.76,2,3,0.0000
3488,6268.82,3345.97,2,2,0.0000
3489,6102.65,3264.35,NaN,NaN,NaN
3490,5724.75,3920.57,NaN,NaN,NaN
3491,6234.25,3677.10,0,0,0.0000
3492,6063.87,3738.36,0,0,0.0000
3493,6229.86,3777.75,NaN,NaN,NaN
3494,6093.22,3587.11,NaN,NaN,NaN
3495,5915.37,3423.87,NaN,NaN,NaN
3496,5871.84,3855.32,2,2,0.0000
3497,6219.68,3911.94,NaN,NaN,NaN
3498,6088.38,3359.63,NaN,NaN,NaN
3499,6051.69,3952.08,0,0,0.0000
3500,6171.59,3682.33,NaN,NaN,NaN
3501,6117.60,3726.96,NaN,NaN,NaN
3502,5949.95,3719.66,0,0,0.0000
3503,5760.37,3859.20,2,3,0.0000
3504,6208.69,3455.39,0,0,0.0000
3505,5912.23,3236.19,2,3,0.0000
3506,6124.81,3675.54,0,0,0.0000
3507,6221.55,3579.36,NaN,NaN,NaN
3508,6193.35,3554.99,NaN,NaN,NaN
3509,6220.25,3854.89,0,0,0.0000
3510,6250.16,3574.38,0,0,0.0000
3511,5922.14,3371.90,NaN,NaN,NaN
3512,6057.22,3483.81,NaN,NaN,NaN
3513,6581.52,3759.53,NaN,NaN,NaN
3514,6417.38,3589.24,2,5,2.5000
3515,6830.10,3941.58,NaN,NaN,NaN
3516,6832.20,3434.92,3,8,2.6667
3517,6995.98,3915.23,4,9,2.2500
3518,6702.75,3824.73,NaN,NaN,NaN
3519,6294.90,3771.35,3,5,0.0000
3520,6557.61,3916.52,NaN,NaN,NaN
3521,6793.04,3734.98,NaN,NaN,NaN
3522,7033.46,3681.42,NaN,NaN,NaN
3523,6999.70,3509.81,0,0,0.0000
3524,6669.32,3692.04,2,2,0.0000
3525,6372.03,3721.71,NaN,NaN,NaN
3526,6990.16,3573.20,0,0,0.0000
3527,6472.28,3420.46,2,4,2.0000
3528,6478.92,3257.27,0,0,0.0000
3529,6904.07,3635.19,NaN,NaN,NaN
3530,6670.80,3570.36,NaN,NaN,NaN
3531,6903.52,3724.55,NaN,NaN,NaN
3532,6570.37,3246.33,NaN,NaN,NaN
3533,6553.81,3585.92,NaN,NaN,NaN
3534,6972.84,3277.92,NaN,NaN,NaN
3535,6742.95,3679.89,4,7,0.0000
3536,6409.81,3924.01,NaN,NaN,NaN
3537,6760.58,3370.91,NaN,NaN,NaN
3538,6339.89,3542.43,3,4,0.0000
3539,6920.55,3342.97,2,6,3.0000
3540,6730.59,3274.01,NaN,NaN,NaN
3541,6853.30,3238.53,3,0,0.0000
3542,6513.84,3847.74,0,0,0.0000
3543,6716.69,3452.99,NaN,NaN,NaN
3544,6487.11,3705.90,0,0,0.0000
3545,6388.56,3439.10,0,0,0.0000
3546,6788.76,3284.81,0,0,0.0000
3547,6912.67,3804.93,NaN,NaN,NaN
3548,6402.07,3256.40,NaN,NaN,NaN
3549,6834.77,3327.55,NaN,NaN,NaN
3550,6777.82,3883.59,4,3,0.0000
3551,6762.04,3217.96,2,3,0.0000
3552,6959.59,3415.30,NaN,NaN,NaN
3553,6319.20,3268.95,NaN,NaN,NaN
3554,6660.66,3259.21,0,0,0.0000
3555,6691.21,3389.10,NaN,NaN,NaN
3556,6501.38,3578.47,NaN,NaN,NaN
3557,6432.38,3342.99,2,2,0.0000
3558,6598.86,3622.00,NaN,NaN,NaN
3559,6608.94,3386.91,0,0,0.0000
3560,6860.52,3517.49,NaN,NaN,NaN
3561,6343.64,3646.40,0,0,0.0000
3562,6908.20,3254.32,NaN,NaN,NaN
3563,6994.09,3631.93,NaN,NaN,NaN
3564,6654.47,3487.24,0,0,0.0000
3565,6618.85,3846.64,0,0,0.0000
3566,6970.03,3218.05,NaN,NaN,NaN
3567,6641.86,3322.39,0,0,0.0000
3568,6754.92,3612.29,NaN,NaN,NaN
3569,6558.45,3440.53,NaN,NaN,NaN
3570,6451.55,3863.93,0,0,0.0000
3571,6968.55,3761.38,0,0,0.0000
3572,6597.54,3480.61,NaN,NaN,NaN
3573,7021.84,3403.11,0,0,0.0000
3574,6644.11,3922.03,0,0,0.0000
3575,6693.99,3957.47,0,0,0.0000
3576,6557.17,3682.18,0,0,0.0000
3577,6934.52,3473.79,NaN,NaN,NaN
3578,6832.07,3805.68,0,0,0.0000
3579,6362.76,3326.67,0,0,0.0000
3580,6700.46,3320.54,0,0,0.0000
3581,6535.56,3395.33,NaN,NaN,NaN
3582,6829.51,3648.09,NaN,NaN,NaN
3583,6668.98,3201.57,0,0,0.0000
3584,6402.31,3202.69,2,3,0.0000
3585,6840.42,3598.32,0,0,0.0000
3586,7257.76,3208.31,0,0,0.0000
3587,7150.25,3607.88,NaN,NaN,NaN
3588,7430.10,3583.34,2,2,0.0000
3589,7593.89,3268.09,NaN,NaN,NaN
3590,7279.66,3761.22,2,8,4.0000
3591,7583.06,3943.64,2,3,0.0000
3592,7315.62,3494.32,2,7,3.5000
3593,7673.37,3230.25,NaN,NaN,NaN
3594,7221.43,3890.22,NaN,NaN,NaN
3595,7051.43,3325.20,NaN,NaN,NaN
3596,7520.05,3315.97,2,2,0.0000
3597,7423.80,3318.40,0,0,0.0000
3598,7264.43,3569.88,NaN,NaN,NaN
3599,7353.56,3340.47,0,0,0.0000
3600,7098.64,3475.13,0,0,0.0000
3601,7524.41,3636.96,NaN,NaN,NaN
3602,7297.78,3412.63,NaN,NaN,NaN
3603,7041.09,3779.34,2,3,0.0000
3604,7381.34,3710.79,NaN,NaN,NaN
3605,7347.62,3880.07,NaN,NaN,NaN
3606,7101.55,3902.57,0,0,0.0000
3607,7417.12,3792.84,NaN,NaN,NaN
3608,7539.24,3770.81,NaN,NaN,NaN
3609,7609.33,3661.86,NaN,NaN,NaN
3610,7661.64,3910.00,NaN,NaN,NaN
3611,7499.10,3419.17,NaN,NaN,NaN
3612,7348.82,3655.76,NaN,NaN,NaN
3613,7638.02,3949.91,2,7,3.5000
3614,7455.37,3965.53,NaN,NaN,NaN
3615,7577.06,3581.77,NaN,NaN,NaN
3616,7458.39,3243.84,0,0,0.0000
3617,7606.08,3828.38,0,0,0.0000
3618,7568.35,3441.20,NaN,NaN,NaN
3619,7647.19,3766.88,0,0,0.0000
3620,7101.99,3253.78,NaN,NaN,NaN
3621,7674.01,3509.13,NaN,NaN,NaN
3622,7104.36,3406.29,NaN,NaN,NaN
3623,7718.28,3378.87,0,0,0.0000
3624,7622.38,3375.82,NaN,NaN,NaN
3625,7405.00,3212.34,NaN,NaN,NaN
3626,7382.38,3447.11,3,3,0.0000
3627,7452.16,3437.93,NaN,NaN,NaN
3628,7183.24,3821.81,2,5,2.5000
3629,7217.31,3453.03,NaN,NaN,NaN
3630,7691.82,3447.40,0,0,0.0000
3631,7701.90,3803.42,NaN,NaN,NaN
3632,7564.11,3527.90,0,0,0.0000
3633,7084.62,3547.00,0,0,0.0000
3634,7250.13,3305.72,2,3,0.0000
3635,7646.84,3713.59,0,0,0.0000
3636,7734.95,3894.39,NaN,NaN,NaN
3637,7135.96,3753.59,NaN,NaN,NaN
3638,7634.97,3561.36,NaN,NaN,NaN
3639,7183.62,3301.25,0,0,0.0000
3640,7605.07,3422.13,NaN,NaN,NaN
3641,7529.59,3840.61,0,0,0.0000
3642,7128.95,3811.20,2,8,4.0000
3643,7672.77,3833.11,0,0,0.0000
3644,7638.58,3525.25,0,0,0.0000
3645,7177.93,3498.99,NaN,NaN,NaN
3646,7494.22,3892.80,0,0,0.0000
3647,7572.42,3714.04,NaN,NaN,NaN
3648,7322.08,3619.09,0,0,0.0000
3649,7424.77,3920.35,0,0,0.0000
3650,7446.00,3867.29,0,0,0.0000
3651,7410.97,3857.17,0,0,0.0000
3652,7187.56,3695.97,NaN,NaN,NaN
3653,7724.26,3485.81,0,0,0.0000
3654,7236.15,3838.65,0,0,0.0000
3655,7237.14,3807.04,0,0,0.0000
3656,7460.92,3814.48,0,0,0.0000
3657,7463.01,3716.91,2,3,0.0000
3658,7616.32,3462.89,NaN,NaN,NaN
3659,7265.91,3680.51,NaN,NaN,NaN
3660,7209.95,3660.29,NaN,NaN,NaN
3661,8346.50,3875.00,NaN,NaN,NaN
3662,8695.01,3844.37,NaN,NaN,NaN
3663,8784.69,3773.75,NaN,NaN,NaN
3664,8849.02,3844.06,NaN,NaN,NaN
3665,8781.63,3879.10,0,0,0.0000
3666,8778.29,3825.62,NaN,NaN,NaN
3667,8802.41,3937.54,0,0,0.0000
3668,9296.14,3258.40,NaN,NaN,NaN
3669,10006.70,3536.48,2,4,2.0000
3670,10031.16,3281.51,2,6,3.0000
3671,10026.44,3960.87,NaN,NaN,NaN
3672,10108.84,3327.82,NaN,NaN,NaN
3673,9494.77,3451.79,NaN,NaN,NaN
3674,9532.89,3254.99,2,3,0.0000
3675,10082.90,3618.98,NaN,NaN,NaN
3676,10100.16,3496.76,NaN,NaN,NaN
3677,9558.44,3204.66,2,3,0.0000
3678,10092.01,3397.45,2,5,2.5000
3679,9446.84,3302.29,0,0,0.0000
3680,9991.11,3846.75,NaN,NaN,NaN
3681,9535.44,3406.19,2,3,0.0000
3682,9411.91,3282.87,0,0,0.0000
3683,9959.67,3253.00,NaN,NaN,NaN
3684,9495.83,3319.73,0,0,0.0000
3685,9445.25,3404.94,NaN,NaN,NaN
3686,10017.74,3370.65,0,0,0.0000
3687,10042.19,3885.85,0,0,0.0000
3688,9425.53,3376.93,0,0,0.0000
3689,9585.99,3336.21,2,3,0.0000
3690,9946.96,3298.58,NaN,NaN,NaN
3691,9565.36,3438.15,0,0,0.0000
3692,10071.18,3457.36,NaN,NaN,NaN
3693,9592.53,3433.07,2,2,0.0000
3694,9476.81,3377.69,0,0,0.0000
3695,10821.40,3227.36,0,0,0.0000
3696,10214.67,3781.95,NaN,NaN,NaN
3697,10383.35,3248.39,NaN,NaN,NaN
3698,10557.38,3612.09,NaN,NaN,NaN
3699,10594.79,3255.80,0,0,0.0000
3700,10336.32,3377.68,NaN,NaN,NaN
3701,10834.26,3629.50,NaN,NaN,NaN
3702,10427.65,3827.65,NaN,NaN,NaN
3703,10811.38,3798.66,NaN,NaN,NaN
3704,10443.73,3517.34,0,0,0.0000
3705,10656.50,3603.90,NaN,NaN,NaN
3706,10364.14,3599.92,NaN,NaN,NaN
3707,10356.04,3478.87,2,2,0.0000
3708,10422.58,3720.01,NaN,NaN,NaN
3709,10805.80,3959.20,NaN,NaN,NaN
3710,10766.40,3858.32,NaN,NaN,NaN
3711,10128.73,3562.35,NaN,NaN,NaN
3712,10352.42,3935.17,0,0,0.0000
3713,10350.27,3778.96,NaN,NaN,NaN
3714,10298.27,3764.70,NaN,NaN,NaN
3715,10684.51,3740.48,NaN,NaN,NaN
3716,10753.79,3469.72,0,0,0.0000
3717,10526.28,3761.33,NaN,NaN,NaN
3718,10550.84,3955.01,0,0,0.0000
3719,10740.04,3268.76,0,0,0.0000
3720,10718.26,3337.69,0,0,0.0000
3721,10331.01,3674.90,2,7,3.5000
3722,10280.86,3890.39,NaN,NaN,NaN
3723,10146.95,3414.09,NaN,NaN,NaN
3724,10822.14,3464.71,0,0,0.0000
3725,10251.05,3387.07,NaN,NaN,NaN
3726,10215.58,3658.36,NaN,NaN,NaN
3727,10257.75,3483.18,NaN,NaN,NaN
3728,10638.30,3687.54,NaN,NaN,NaN
3729,10817.10,3541.89,0,0,0.0000
3730,10550.62,3261.56,0,0,0.0000
3731,10261.90,3688.11,NaN,NaN,NaN
3732,10199.48,3219.68,NaN,NaN,NaN
3733,10691.17,3811.03,NaN,NaN,NaN
3734,10631.42,3966.20,2,3,0.0000
3735,10803.96,3305.78,0,0,0.0000
3736,10871.76,3380.56,2,3,0.0000
3737,10429.42,3642.01,0,0,0.0000
3738,10196.33,3449.93,NaN,NaN,NaN
3739,10786.25,3375.08,0,0,0.0000
3740,10721.48,3889.04,NaN,NaN,NaN
3741,10214.05,3554.76,NaN,NaN,NaN
3742,10565.26,3336.13,0,0,0.0000
3743,10452.54,3358.40,2,6,3.0000
3744,10276.70,3323.10,3,6,2.0000
3745,10493.16,3440.66,NaN,NaN,NaN
3746,10405.57,3363.79,0,0,0.0000
3747,10357.54,3857.57,0,0,0.0000
3748,10519.20,3844.09,NaN,NaN,NaN
3749,10191.53,3889.34,2,4,2.0000
3750,10762.31,3560.45,NaN,NaN,NaN
3751,10557.64,3821.14,NaN,NaN,NaN
3752,10279.75,3564.66,3,6,2.0000
3753,10138.19,3225.87,NaN,NaN,NaN
3754,10656.32,3899.78,0,0,0.0000
3755,10226.25,3587.27,0,0,0.0000
3756,10745.53,3649.15,0,0,0.0000
3757,10702.02,3437.67,2,3,0.0000
3758,10188.45,3275.37,0,0,0.0000
3759,10700.31,3396.76,NaN,NaN,NaN
3760,10702.60,3501.04,0,0,0.0000
3761,10684.50,3363.88,0,0,0.0000
3762,10901.99,3525.23,0,0,0.0000
3763,10924.02,3355.28,2,4,2.0000
3764,11606.10,3292.51,3,5,0.0000
3765,10997.38,3751.74,2,1,0.0000
3766,10923.66,3774.00,NaN,NaN,NaN
3767,11608.86,3410.56,2,5,2.5000
3768,10882.40,3832.98,NaN,NaN,NaN
3769,10884.72,3954.51,NaN,NaN,NaN
3770,11533.31,3399.17,NaN,NaN,NaN
3771,10953.64,3913.32,2,1,0.0000
3772,10965.76,3640.88,NaN,NaN,NaN
3773,11548.68,3301.76,NaN,NaN,NaN
3774,11000.93,3566.19,3,3,0.0000
3775,11024.62,3884.21,NaN,NaN,NaN
3776,11019.34,3646.51,2,2,0.0000
3777,10977.96,3465.02,NaN,NaN,NaN
3778,10919.80,3704.92,0,0,0.0000
3779,10968.71,3523.96,0,0,0.0000
3780,11636.04,3492.45,NaN,NaN,NaN
3781,11518.37,3325.22,NaN,NaN,NaN
3782,11010.53,3368.89,2,3,0.0000
3783,10988.13,3272.92,NaN,NaN,NaN
3784,11067.54,3954.50,3,2,0.0000
3785,10950.43,3258.10,0,0,0.0000
3786,11647.71,3618.91,0,0,0.0000
3787,11031.60,3694.90,NaN,NaN,NaN
3788,12359.46,3491.88,NaN,NaN,NaN
3789,12353.22,3334.30,3,9,3.0000
3790,11791.21,3558.41,NaN,NaN,NaN
3791,11725.95,3449.67,NaN,NaN,NaN
3792,12272.71,3353.35,0,0,0.0000
3793,11890.17,3231.88,NaN,NaN,NaN
3794,12282.89,3527.95,NaN,NaN,NaN
3795,11671.90,3563.90,NaN,NaN,NaN
3796,11821.61,3331.08,NaN,NaN,NaN
3797,12160.98,3383.08,NaN,NaN,NaN
3798,11662.55,3371.67,0,0,0.0000
3799,12275.77,3257.44,NaN,NaN,NaN
3800,12120.61,3326.50,NaN,NaN,NaN
3801,12252.33,3208.17,NaN,NaN,NaN
3802,12280.52,3459.73,0,0,0.0000
3803,12059.00,3265.33,NaN,NaN,NaN
3804,11893.84,3424.97,NaN,NaN,NaN
3805,12149.41,3235.82,0,0,0.0000
3806,11939.94,3201.80,NaN,NaN,NaN
3807,11678.62,3253.61,0,0,0.0000
3808,11733.55,3282.14,0,0,0.0000
3809,12112.21,3266.69,NaN,NaN,NaN
3810,12198.04,3235.58,NaN,NaN,NaN
3811,12389.89,3248.73,0,0,0.0000
3812,11795.05,3234.89,2,4,2.0000
3813,11902.55,3335.07,0,0,0.0000
3814,11733.64,3216.18,NaN,NaN,NaN
3815,12036.51,3346.40,0,0,0.0000
3816,12217.01,3433.10,0,0,0.0000
3817,12022.59,3430.83,NaN,NaN,NaN
3818,12020.08,3238.30,0,0,0.0000
3819,11830.09,3393.22,0,0,0.0000
3820,11672.91,3453.65,0,0,0.0000
3821,12200.58,3551.36,0,0,0.0000
3822,11995.46,3309.31,0,0,0.0000
3823,11826.14,3509.21,0,0,0.0000
3824,12233.42,3573.50,0,0,0.0000
3825,11733.04,3543.91,0,0,0.0000
3826,12214.43,3294.33,0,0,0.0000
3827,11883.46,3370.83,0,0,0.0000
3828,11950.45,3330.18,0,0,0.0000
3829,12609.75,3433.11,NaN,NaN,NaN
3830,12442.47,3317.02,2,6,3.0000
3831,12801.04,3290.85,NaN,NaN,NaN
3832,12721.48,3245.55,NaN,NaN,NaN
3833,12472.95,3471.32,NaN,NaN,NaN
3834,12695.57,3333.16,NaN,NaN,NaN
3835,12745.08,3361.25,2,4,2.0000
3836,12518.75,3424.25,NaN,NaN,NaN
3837,12593.30,3344.61,NaN,NaN,NaN
3838,12633.14,3290.15,2,4,2.0000
3839,12486.94,3259.68,NaN,NaN,NaN
3840,12547.47,3288.59,NaN,NaN,NaN
3841,12679.05,3392.28,2,5,2.5000
3842,12528.98,3494.83,NaN,NaN,NaN
3843,12425.97,3400.47,0,0,0.0000
3844,13853.63,3858.19,NaN,NaN,NaN
3845,13922.42,3864.90,NaN,NaN,NaN
3846,13701.06,3933.19,0,0,0.0000
3847,13749.51,3853.84,NaN,NaN,NaN
3848,13902.05,3940.21,NaN,NaN,NaN
3849,14690.23,3377.76,NaN,NaN,NaN
3850,14683.69,3607.67,0,0,0.0000
3851,14058.93,3945.91,0,0,0.0000
3852,14686.49,3234.77,NaN,NaN,NaN
3853,13972.28,3794.42,NaN,NaN,NaN
3854,14176.24,3966.19,0,0,0.0000
3855,14592.13,3343.06,NaN,NaN,NaN
3856,14474.55,3784.98,0,0,0.0000
3857,13977.47,3864.44,0,0,0.0000
3858,14081.58,3818.29,0,0,0.0000
3859,13957.14,3938.36,0,0,0.0000
3860,14425.32,3820.56,0,0,0.0000
3861,14409.83,3705.77,0,0,0.0000
3862,14609.81,3871.31,NaN,NaN,NaN
3863,14022.92,3845.95,0,0,0.0000
3864,14480.29,3855.72,0,0,0.0000
3865,14937.63,3638.48,NaN,NaN,NaN
3866,14935.02,3432.04,NaN,NaN,NaN
3867,15101.73,3531.48,NaN,NaN,NaN
3868,14792.00,3778.93,NaN,NaN,NaN
3869,14799.87,3540.74,NaN,NaN,NaN
3870,14791.54,3431.44,0,0,0.0000
3871,15112.59,3338.81,NaN,NaN,NaN
3872,15030.71,3505.58,NaN,NaN,NaN
3873,15177.07,3368.75,NaN,NaN,NaN
3874,15051.58,3312.37,NaN,NaN,NaN
3875,14873.74,3348.78,3,5,0.0000
3876,14752.06,3277.61,0,0,0.0000
3877,15109.30,3229.29,0,0,0.0000
3878,14798.98,3630.27,NaN,NaN,NaN
3879,14766.39,3697.22,NaN,NaN,NaN
3880,15028.96,3397.27,NaN,NaN,NaN
3881,14971.49,3219.75,NaN,NaN,NaN
3882,14977.00,3559.08,NaN,NaN,NaN
3883,14819.11,3262.05,0,0,0.0000
3884,15128.49,3436.75,NaN,NaN,NaN
3885,14908.75,3278.57,0,0,0.0000
3886,14987.92,3276.83,NaN,NaN,NaN
3887,14830.74,3692.25,0,0,0.0000
3888,14729.18,3856.93,0,0,0.0000
3889,14974.77,3323.39,4,5,0.0000
3890,14894.12,3510.93,0,0,0.0000
3891,14857.63,3464.17,0,0,0.0000
3892,16043.55,3361.07,2,4,2.0000
3893,16123.45,3447.83,0,0,0.0000
3894,15963.46,3818.05,2,4,2.0000
3895,15723.47,3784.70,NaN,NaN,NaN
3896,16176.00,3366.43,NaN,NaN,NaN
3897,15820.69,3840.72,NaN,NaN,NaN
3898,15731.51,3634.17,NaN,NaN,NaN
3899,15796.36,3708.48,3,2,0.0000
3900,15875.98,3684.39,NaN,NaN,NaN
3901,15769.31,3960.97,NaN,NaN,NaN
3902,15873.66,3605.75,0,0,0.0000
3903,15730.06,3927.80,2,5,2.5000
3904,16051.21,3632.72,0,0,0.0000
3905,15793.20,3540.01,NaN,NaN,NaN
3906,15939.63,3748.40,NaN,NaN,NaN
3907,15855.84,3935.17,NaN,NaN,NaN
3908,16324.84,3201.03,NaN,NaN,NaN
3909,15948.80,3586.37,0,0,0.0000
3910,15860.76,3520.26,3,6,2.0000
3911,15984.86,3662.50,0,0,0.0000
3912,16071.93,3549.79,0,0,0.0000
3913,15886.33,3810.25,0,0,0.0000
3914,15893.01,3869.80,0,0,0.0000
3915,15648.48,3739.97,NaN,NaN,NaN
3916,16008.74,3592.92,0,0,0.0000
3917,15709.76,3705.88,NaN,NaN,NaN
3918,15898.86,3932.25,NaN,NaN,NaN
3919,16146.06,3204.62,NaN,NaN,NaN
3920,15802.00,3795.41,0,0,0.0000
3921,15713.61,3573.35,0,0,0.0000
3922,15936.16,3685.11,2,4,2.0000
3923,16312.95,3258.91,NaN,NaN,NaN
3924,16094.40,3574.19,0,0,0.0000
3925,16052.71,3683.47,0,0,0.0000
3926,15817.47,3635.06,0,0,0.0000
3927,94.51,4035.96,NaN,NaN,NaN
3928,339.43,4300.12,2,5,2.5000
3929,247.04,4159.12,3,4,0.0000
3930,301.52,4547.40,NaN,NaN,NaN
3931,416.31,4535.33,NaN,NaN,NaN
3932,309.44,4129.98,NaN,NaN,NaN
3933,513.73,4603.41,NaN,NaN,NaN
3934,57.17,4274.05,NaN,NaN,NaN
3935,180.58,4006.17,NaN,NaN,NaN
3936,85.57,4156.87,0,0,0.0000
3937,612.75,4664.04,0,0,0.0000
3938,160.03,4117.72,3,2,0.0000
3939,719.85,4717.39,NaN,NaN,NaN
3940,398.86,4389.69,NaN,NaN,NaN
3941,280.83,4046.99,0,0,0.0000
3942,375.40,4459.35,NaN,NaN,NaN
3943,72.65,4211.15,0,0,0.0000
3944,376.87,4572.85,NaN,NaN,NaN
3945,184.13,4056.57,0,0,0.0000
3946,445.98,4385.22,2,2,0.0000
3947,594.66,4717.57,0,0,0.0000
3948,345.43,4219.52,NaN,NaN,NaN
3949,1146.55,4492.67,NaN,NaN,NaN
3950,1654.36,4131.06,NaN,NaN,NaN
3951,1614.71,4411.31,0,0,0.0000
3952,1607.03,4296.46,3,2,0.0000
3953,1621.38,4338.91,4,3,0.0000
3954,1659.72,4727.41,0,0,0.0000
3955,1621.11,4221.36,NaN,NaN,NaN
3956,1568.33,4673.96,2,4,2.0000
3957,1011.13,4030.94,3,7,2.3333
3958,1175.26,4587.00,NaN,NaN,NaN
3959,1084.02,4537.52,0,0,0.0000
3960,1556.42,4357.85,NaN,NaN,NaN
3961,1068.49,4035.02,0,0,0.0000
3962,1646.85,3969.19,0,0,0.0000
3963,1141.13,4545.54,0,0,0.0000
3964,1736.59,4469.23,0,0,0.0000
3965,1981.68,4405.37,NaN,NaN,NaN
3966,2399.73,4712.27,NaN,NaN,NaN
3967,1860.90,4617.39,NaN,NaN,NaN
3968,1781.46,4567.76,0,0,0.0000
3969,2034.69,4084.19,7,13,0.0000
3970,1908.71,4242.35,NaN,NaN,NaN
3971,1947.69,4055.80,4,7,0.0000
3972,1762.63,4176.64,0,0,0.0000
3973,2416.40,4613.33,2,1,0.0000
3974,2197.76,4504.56,NaN,NaN,NaN
3975,1715.65,4097.33,NaN,NaN,NaN
3976,2243.69,4664.84,NaN,NaN,NaN
3977,2223.83,4412.45,NaN,NaN,NaN
3978,1869.36,4404.42,NaN,NaN,NaN
3979,1837.87,4469.90,0,0,0.0000
3980,1891.20,4529.46,NaN,NaN,NaN
3981,1941.30,4130.18,3,6,2.0000
3982,2262.21,4570.72,NaN,NaN,NaN
3983,1667.55,4451.11,NaN,NaN,NaN
3984,1932.27,4672.99,NaN,NaN,NaN
3985,2335.35,4624.94,NaN,NaN,NaN
3986,1696.75,4589.90,NaN,NaN,NaN
3987,1803.64,4308.44,0,0,0.0000
3988,1963.71,4205.80,NaN,NaN,NaN
3989,2105.97,4373.05,3,5,0.0000
3990,1835.32,4218.49,4,5,0.0000
3991,1769.38,4029.87,NaN,NaN,NaN
3992,2047.24,4316.75,0,0,0.0000
3993,1706.98,4329.60,3,4,0.0000
3994,1790.09,4095.07,NaN,NaN,NaN
3995,2356.32,4512.88,2,5,2.5000
3996,2190.91,4235.97,3,1,0.0000
3997,1766.55,4373.04,NaN,NaN,NaN
3998,2196.28,4574.32,NaN,NaN,NaN
3999,2050.83,4396.41,0,0,0.0000
4000,2117.98,4492.64,NaN,NaN,NaN
4001,2157.25,4067.64,0,0,0.0000
4002,2151.47,4019.57,2,6,3.0000
4003,2124.70,4099.81,3,4,0.0000
4004,2160.80,4280.07,NaN,NaN,NaN
4005,2299.67,4674.56,NaN,NaN,NaN
4006,1872.62,4088.76,0,0,0.0000
4007,1769.27,4713.66,0,0,0.0000
4008,2194.37,4647.99,2,3,0.0000
4009,2314.86,4525.39,0,0,0.0000
4010,1879.31,4680.17,NaN,NaN,NaN
4011,2110.15,4438.37,0,0,0.0000
4012,2094.64,3974.88,0,0,0.0000
4013,2049.20,3994.28,0,0,0.0000
4014,1876.47,4147.81,0,0,0.0000
4015,2499.86,4715.22,NaN,NaN,NaN
4016,3029.12,4501.36,2,3,0.0000
4017,2561.70,4722.87,NaN,NaN,NaN
4018,3502.76,4468.89,0,0,0.0000
4019,3633.30,3980.99,NaN,NaN,NaN
4020,3659.32,4336.68,2,5,2.5000
4021,3783.29,4380.31,NaN,NaN,NaN
4022,3757.86,4619.55,NaN,NaN,NaN
4023,3875.86,4514.23,NaN,NaN,NaN
4024,3435.61,4183.10,0,0,0.0000
4025,3773.17,4532.42,NaN,NaN,NaN
4026,3416.72,3984.05,NaN,NaN,NaN
4027,3339.30,4003.53,NaN,NaN,NaN
4028,3687.78,4243.30,0,0,0.0000
4029,3430.19,4091.64,0,0,0.0000
4030,3494.42,4308.14,2,3,0.0000
4031,3573.81,4681.41,NaN,NaN,NaN
4032,3889.07,4382.77,NaN,NaN,NaN
4033,3571.29,4112.24,NaN,NaN,NaN
4034,3737.40,4058.39,0,0,0.0000
4035,3735.87,3975.23,NaN,NaN,NaN
4036,3706.35,4646.36,3,4,0.0000
4037,3595.39,4039.40,2,6,3.0000
4038,3957.33,4714.08,NaN,NaN,NaN
4039,3631.63,4537.00,NaN,NaN,NaN
4040,3662.34,4165.33,NaN,NaN,NaN
4041,3619.30,4617.57,2,3,0.0000
4042,3540.93,4274.13,3,3,0.0000
4043,3921.37,4317.58,2,2,0.0000
4044,3698.60,4517.16,0,0,0.0000
4045,3916.14,4635.80,NaN,NaN,NaN
4046,3799.22,4162.41,NaN,NaN,NaN
4047,3456.94,4397.58,NaN,NaN,NaN
4048,3441.30,4334.65,NaN,NaN,NaN
4049,3580.28,4236.07,NaN,NaN,NaN
4050,3754.87,4444.75,2,4,2.0000
4051,3517.77,3995.43,0,0,0.0000
4052,3775.82,4276.84,0,0,0.0000
4053,3853.16,4259.48,NaN,NaN,NaN
4054,3573.79,4521.71,2,1,0.0000
4055,3941.65,4445.49,NaN,NaN,NaN
4056,3462.50,4003.08,0,0,0.0000
4057,3852.60,4579.04,NaN,NaN,NaN
4058,3621.62,4462.87,4,5,0.0000
4059,3900.08,4205.41,0,0,0.0000
4060,3962.93,4638.10,NaN,NaN,NaN
4061,3722.00,4140.99,NaN,NaN,NaN
4062,3784.76,4206.56,NaN,NaN,NaN
4063,3538.37,4730.70,NaN,NaN,NaN
4064,3889.19,4245.13,0,0,0.0000
4065,3516.73,4065.42,NaN,NaN,NaN
4066,3371.11,4201.60,3,4,0.0000
4067,3586.15,4285.21,0,0,0.0000
4068,3541.66,4604.80,0,0,0.0000
4069,3682.20,4108.97,0,0,0.0000
4070,3633.35,4705.27,2,3,0.0000
4071,4136.22,4704.76,5,4,0.0000
4072,4006.95,4601.10,NaN,NaN,NaN
4073,4022.50,4449.85,NaN,NaN,NaN
4074,4530.27,4052.94,0,0,0.0000
4075,4611.71,4127.01,NaN,NaN,NaN
4076,4030.46,4693.16,NaN,NaN,NaN
4077,4584.32,4216.96,0,0,0.0000
4078,4687.03,4038.58,2,5,2.5000
4079,4476.05,3980.87,NaN,NaN,NaN
4080,4681.84,4330.41,NaN,NaN,NaN
4081,4472.00,4053.52,0,0,0.0000
4082,4529.28,4123.72,0,0,0.0000
4083,4728.89,4177.14,0,0,0.0000
4084,4643.73,4210.38,3,4,0.0000
4085,4624.29,4026.25,0,0,0.0000
4086,4731.41,4009.04,NaN,NaN,NaN
4087,4588.66,3976.25,0,0,0.0000
4088,3993.88,4508.92,0,0,0.0000
4089,4699.80,4141.64,2,2,0.0000
4090,4694.46,4223.43,NaN,NaN,NaN
4091,5432.43,4682.59,0,0,0.0000
4092,4987.50,4721.71,NaN,NaN,NaN
4093,5418.19,4221.16,NaN,NaN,NaN
4094,5008.98,4363.63,NaN,NaN,NaN
4095,5088.94,4024.37,NaN,NaN,NaN
4096,5277.67,4193.67,0,0,0.0000
4097,5500.84,4395.26,0,0,0.0000
4098,4874.90,4591.11,NaN,NaN,NaN
4099,4927.91,4481.33,NaN,NaN,NaN
4100,5458.54,4100.83,0,0,0.0000
4101,5115.13,4548.94,NaN,NaN,NaN
4102,5007.10,4212.33,NaN,NaN,NaN
4103,4905.59,4348.57,NaN,NaN,NaN
4104,5168.15,4223.99,3,3,0.0000
4105,5072.72,4641.03,NaN,NaN,NaN
4106,5331.28,4004.79,NaN,NaN,NaN
4107,5147.38,4609.71,NaN,NaN,NaN
4108,5352.59,4137.29,2,0,0.0000
4109,4825.78,4131.17,NaN,NaN,NaN
4110,5100.91,4260.62,4,6,0.0000
4111,5491.61,4560.11,0,0,0.0000
4112,5327.85,4254.75,NaN,NaN,NaN
4113,5002.04,4510.40,NaN,NaN,NaN
4114,5200.45,4107.27,2,3,0.0000
4115,5276.00,4116.06,NaN,NaN,NaN
4116,4765.12,4271.10,NaN,NaN,NaN
4117,4957.22,4085.86,NaN,NaN,NaN
4118,5382.69,4058.36,2,2,0.0000
4119,4781.08,4056.75,NaN,NaN,NaN
4120,4825.12,4354.23,0,0,0.0000
4121,5071.99,4207.97,NaN,NaN,NaN
4122,4896.72,3995.24,2,7,3.5000
4123,5268.77,4624.30,NaN,NaN,NaN
4124,5149.74,4366.69,NaN,NaN,NaN
4125,4826.69,3985.23,4,6,0.0000
4126,5084.88,4328.30,2,3,0.0000
4127,5238.57,4457.22,NaN,NaN,NaN
4128,4949.67,3989.89,NaN,NaN,NaN
4129,5388.48,4612.65,2,7,3.5000
4130,4949.11,4201.50,2,4,2.0000
4131,4924.35,4150.33,NaN,NaN,NaN
4132,5094.93,4131.68,2,6,3.0000
4133,5092.33,4412.06,3,2,0.0000
4134,5186.92,4675.82,2,7,3.5000
4135,4810.93,4647.89,3,2,0.0000
4136,4836.11,4262.47,NaN,NaN,NaN
4137,5212.07,4265.62,NaN,NaN,NaN
4138,5393.82,3995.99,NaN,NaN,NaN
4139,5251.97,4683.77,NaN,NaN,NaN
4140,4750.04,4125.59,2,2,0.0000
4141,4887.52,4096.42,0,0,0.0000
4142,4880.48,4254.87,NaN,NaN,NaN
4143,5234.75,4034.46,0,0,0.0000
4144,4821.65,4525.08,NaN,NaN,NaN
4145,5312.71,4430.12,0,0,0.0000
4146,5175.36,4424.25,4,7,0.0000
4147,4938.14,4276.73,NaN,NaN,NaN
4148,5181.15,3987.16,NaN,NaN,NaN
4149,5421.88,4564.35,NaN,NaN,NaN
4150,5234.17,4528.52,2,4,2.0000
4151,4860.58,4451.40,NaN,NaN,NaN
4152,5131.67,4173.34,NaN,NaN,NaN
4153,5298.92,4505.78,2,0,0.0000
4154,5281.68,4068.69,0,0,0.0000
4155,4775.67,4477.94,0,0,0.0000
4156,5317.95,4559.90,NaN,NaN,NaN
4157,4908.89,4201.61,0,0,0.0000
4158,4830.89,4473.04,0,0,0.0000
4159,4795.57,4208.73,NaN,NaN,NaN
4160,5103.23,4480.10,3,5,0.0000
4161,5126.19,4454.76,NaN,NaN,NaN
4162,5062.80,4093.10,NaN,NaN,NaN
4163,4859.32,4182.47,NaN,NaN,NaN
4164,5160.46,4075.58,0,0,0.0000
4165,4794.70,4010.27,0,0,0.0000
4166,5955.57,4282.61,5,6,0.0000
4167,5693.38,4209.93,2,4,2.0000
4168,5590.61,4364.99,2,3,0.0000
4169,5893.95,4152.61,NaN,NaN,NaN
4170,6208.18,4304.41,NaN,NaN,NaN
4171,5811.63,4695.99,2,4,2.0000
4172,6078.80,4124.05,0,0,0.0000
4173,5746.27,4625.40,4,4,0.0000
4174,5710.36,4411.49,2,7,3.5000
4175,5762.81,4506.93,NaN,NaN,NaN
4176,5800.28,4404.31,0,0,0.0000
4177,5558.68,4532.77,0,0,0.0000
4178,5902.13,4584.19,NaN,NaN,NaN
4179,6117.16,4451.27,2,2,0.0000
4180,5563.11,4042.57,NaN,NaN,NaN
4181,5591.42,4213.80,NaN,NaN,NaN
4182,5900.30,4398.19,NaN,NaN,NaN
4183,6228.72,4164.19,NaN,NaN,NaN
4184,5764.50,4019.09,0,0,0.0000
4185,5836.44,4256.71,0,0,0.0000
4186,5763.30,4121.95,2,3,0.0000
4187,5983.38,4521.10,NaN,NaN,NaN
4188,5925.67,4090.09,0,0,0.0000
4189,6108.73,4540.38,NaN,NaN,NaN
4190,6043.56,4584.21,2,5,2.5000
4191,5726.75,4556.36,0,0,0.0000
4192,5623.87,4619.53,NaN,NaN,NaN
4193,6261.30,4026.99,2,4,2.0000
4194,5571.60,4449.14,0,0,0.0000
4195,6121.18,4306.73,0,0,0.0000
4196,5787.39,4068.00,NaN,NaN,NaN
4197,5828.79,4175.29,NaN,NaN,NaN
4198,5822.09,4319.55,NaN,NaN,NaN
4199,5886.69,4683.72,NaN,NaN,NaN
4200,5624.22,4489.97,0,0,0.0000
4201,5871.54,4328.41,NaN,NaN,NaN
4202,5956.54,4356.41,NaN,NaN,NaN
4203,5645.20,4548.78,NaN,NaN,NaN
4204,5718.44,3978.85,0,0,0.0000
4205,6068.96,4652.71,0,0,0.0000
4206,5516.79,4100.39,NaN,NaN,NaN
4207,5936.37,4505.38,3,9,3.0000
4208,5625.17,4007.51,NaN,NaN,NaN
4209,5615.54,4687.81,NaN,NaN,NaN
4210,6253.06,4225.07,4,4,0.0000
4211,5866.71,4512.76,NaN,NaN,NaN
4212,5652.38,4458.42,NaN,NaN,NaN
4213,5597.99,4111.88,0,0,0.0000
4214,6030.34,4663.10,0,0,0.0000
4215,6117.52,4677.11,NaN,NaN,NaN
4216,6132.54,4620.41,2,2,0.0000
4217,5650.17,4291.92,NaN,NaN,NaN
4218,5833.69,4599.70,NaN,NaN,NaN
4219,5795.09,4473.42,0,0,0.0000
4220,5788.34,4570.20,0,0,0.0000
4221,6821.71,4732.25,NaN,NaN,NaN
4222,7035.78,4609.96,0,0,0.0000
4223,6500.20,4036.27,NaN,NaN,NaN
4224,6467.00,4239.36,2,4,2.0000
4225,6634.05,4728.54,3,8,2.6667
4226,6766.26,4530.80,2,6,3.0000
4227,6456.29,4625.21,NaN,NaN,NaN
4228,6635.75,4127.66,2,4,2.0000
4229,6915.03,4118.41,0,0,0.0000
4230,6760.28,4360.85,NaN,NaN,NaN
4231,7009.25,4429.91,NaN,NaN,NaN
4232,6999.58,4322.42,NaN,NaN,NaN
4233,6859.21,4585.75,2,2,0.0000
4234,6385.23,4072.41,NaN,NaN,NaN
4235,6967.81,4217.77,0,0,0.0000
4236,6711.10,4070.40,NaN,NaN,NaN
4237,6834.81,4267.91,2,5,2.5000
4238,6904.07,3989.84,NaN,NaN,NaN
4239,6305.73,4488.78,0,0,0.0000
4240,6369.21,4599.15,NaN,NaN,NaN
4241,6560.54,4261.87,NaN,NaN,NaN
4242,7007.39,4052.17,0,0,0.0000
4243,6677.18,4591.05,2,3,0.0000
4244,6825.68,4186.03,NaN,NaN,NaN
4245,6597.32,4340.28,NaN,NaN,NaN
4246,6468.12,4426.95,0,0,0.0000
4247,7034.80,4134.76,0,0,0.0000
4248,6572.09,4617.80,NaN,NaN,NaN
4249,6821.77,4119.13,NaN,NaN,NaN
4250,6545.07,4515.89,3,4,0.0000
4251,6276.88,4332.98,0,0,0.0000
4252,6726.29,4640.51,NaN,NaN,NaN
4253,6557.00,4697.76,NaN,NaN,NaN
4254,6753.38,4001.90,0,0,0.0000
4255,6627.93,4001.44,NaN,NaN,NaN
4256,6753.34,4266.86,2,5,2.5000
4257,6782.81,4627.56,0,0,0.0000
4258,6918.49,4627.87,0,0,0.0000
4259,6435.32,4039.02,NaN,NaN,NaN
4260,6574.37,3990.26,NaN,NaN,NaN
4261,6704.01,4437.48,0,0,0.0000
4262,6304.38,4097.05,2,4,2.0000
4263,6724.52,4171.44,NaN,NaN,NaN
4264,6988.20,3989.11,0,0,0.0000
4265,6409.59,4327.58,3,5,0.0000
4266,6515.83,4184.91,NaN,NaN,NaN
4267,6371.59,4679.99,NaN,NaN,NaN
4268,6627.67,4418.14,0,0,0.0000
4269,6963.21,4553.39,0,0,0.0000
4270,6501.48,4362.84,NaN,NaN,NaN
4271,6939.37,4361.46,NaN,NaN,NaN
4272,6771.24,4685.79,0,0,0.0000
4273,6926.42,4298.77,NaN,NaN,NaN
4274,6893.11,4276.02,NaN,NaN,NaN
4275,6660.88,4508.80,0,0,0.0000
4276,6832.94,4428.33,0,0,0.0000
4277,6552.17,4413.62,NaN,NaN,NaN
4278,6436.43,4497.38,0,0,0.0000
4279,6398.19,4724.82,0,0,0.0000
4280,6917.30,4213.09,0,0,0.0000
4281,6609.02,4486.92,2,3,0.0000
4282,6697.70,4370.18,2,8,4.0000
4283,7361.58,4003.39,NaN,NaN,NaN
4284,7254.40,4399.58,2,2,0.0000
4285,7566.19,4029.53,3,3,0.0000
4286,7150.66,4047.17,NaN,NaN,NaN
4287,7765.40,4108.20,NaN,NaN,NaN
4288,7313.79,4609.02,NaN,NaN,NaN
4289,7774.92,4293.10,0,0,0.0000
4290,7493.17,4591.70,0,0,0.0000
4291,7399.02,4422.25,2,4,2.0000
4292,7428.86,4173.63,0,0,0.0000
4293,7647.54,4198.51,NaN,NaN,NaN
4294,7192.16,4174.14,0,0,0.0000
4295,7466.43,4323.42,NaN,NaN,NaN
4296,7591.92,4721.95,NaN,NaN,NaN
4297,7778.52,4383.34,0,0,0.0000
4298,7455.53,4046.08,NaN,NaN,NaN
4299,7584.46,4448.26,0,0,0.0000
4300,7658.98,4392.39,2,3,0.0000
4301,7688.88,4320.32,0,0,0.0000
4302,7127.31,4416.17,3,2,0.0000
4303,7415.74,4538.38,NaN,NaN,NaN
4304,7488.42,4689.90,NaN,NaN,NaN
4305,7739.68,4452.65,NaN,NaN,NaN
4306,7522.51,4086.18,NaN,NaN,NaN
4307,7188.44,4597.43,NaN,NaN,NaN
4308,7248.62,4603.55,NaN,NaN,NaN
4309,7298.31,4073.88,2,6,3.0000
4310,7415.19,4300.84,0,0,0.0000
4311,7196.27,4693.18,NaN,NaN,NaN
4312,7442.19,4120.98,0,0,0.0000
4313,7569.05,4126.07,NaN,NaN,NaN
4314,7075.90,3993.59,2,3,0.0000
4315,7715.96,4499.07,0,0,0.0000
4316,7554.20,4312.34,NaN,NaN,NaN
4317,7757.90,4001.51,NaN,NaN,NaN
4318,7775.41,4706.10,NaN,NaN,NaN
4319,7710.32,4564.35,0,0,0.0000
4320,7331.36,4128.80,0,0,0.0000
4321,7061.65,4275.04,0,0,0.0000
4322,7182.30,4327.38,0,0,0.0000
4323,7221.43,4247.57,NaN,NaN,NaN
4324,7279.37,4168.35,NaN,NaN,NaN
4325,7117.01,4220.65,NaN,NaN,NaN
4326,7565.08,4624.09,0,0,0.0000
4327,7801.54,4502.29,0,0,0.0000
4328,7755.64,4203.75,0,0,0.0000
4329,7365.64,4711.22,NaN,NaN,NaN
4330,7714.32,4679.04,3,6,2.0000
4331,7304.22,4715.80,3,4,0.0000
4332,7673.89,4099.94,0,0,0.0000
4333,7101.59,4344.17,0,0,0.0000
4334,7586.30,4212.46,0,0,0.0000
4335,7406.19,4648.68,NaN,NaN,NaN
4336,7416.89,4703.49,NaN,NaN,NaN
4337,7389.93,4235.34,NaN,NaN,NaN
4338,7537.12,4377.80,0,0,0.0000
4339,7258.35,4518.25,NaN,NaN,NaN
4340,7138.10,4655.03,2,4,2.0000
4341,7506.76,4258.76,0,0,0.0000
4342,7686.13,4161.93,2,6,3.0000
4343,7550.09,4177.98,NaN,NaN,NaN
4344,7611.17,4666.40,0,0,0.0000
4345,7198.81,4097.66,NaN,NaN,NaN
4346,7103.86,4717.43,0,0,0.0000
4347,7155.81,4285.85,NaN,NaN,NaN
4348,7351.18,4485.41,0,0,0.0000
4349,7045.10,4386.50,3,3,0.0000
4350,7041.80,4521.36,NaN,NaN,NaN
4351,7232.49,4106.80,NaN,NaN,NaN
4352,7159.36,4620.46,NaN,NaN,NaN
4353,7655.93,4460.76,NaN,NaN,NaN
4354,7309.86,4278.36,2,6,3.0000
4355,7269.59,4295.19,0,0,0.0000
4356,7403.08,4602.03,0,0,0.0000
4357,7126.51,4484.97,NaN,NaN,NaN
4358,7612.82,4309.48,0,0,0.0000
4359,7878.16,4085.16,NaN,NaN,NaN
4360,7846.85,4658.03,NaN,NaN,NaN
4361,7858.69,4269.66,0,0,0.0000
4362,7891.98,4471.70,0,0,0.0000
4363,8060.78,4623.18,2,5,2.5000
4364,7877.93,4577.22,NaN,NaN,NaN
4365,7838.18,4726.48,NaN,NaN,NaN
4366,7908.54,4729.34,0,0,0.0000
4367,7932.02,4653.82,0,0,0.0000
4368,7949.87,4472.78,0,0,0.0000
4369,8038.64,4550.88,NaN,NaN,NaN
4370,7905.95,4538.43,0,0,0.0000
4371,8490.89,4031.06,NaN,NaN,NaN
4372,8575.98,4194.99,0,0,0.0000
4373,7813.67,4456.82,0,0,0.0000
4374,8547.60,4234.18,0,0,0.0000
4375,7973.46,4555.87,0,0,0.0000
4376,8118.87,4632.20,0,0,0.0000
4377,7998.06,4531.39,0,0,0.0000
4378,7955.17,4711.69,2,4,2.0000
4379,8462.20,3983.59,0,0,0.0000
4380,7953.04,4581.65,0,0,0.0000
4381,8555.12,4368.13,0,0,0.0000
4382,9264.83,4728.36,NaN,NaN,NaN
4383,9216.36,4302.15,0,0,0.0000
4384,9268.63,4508.72,0,0,0.0000
4385,9231.67,4574.64,NaN,NaN,NaN
4386,9161.50,4407.18,0,0,0.0000
4387,9341.93,4293.06,NaN,NaN,NaN
4388,9135.55,4335.48,0,0,0.0000
4389,9254.55,4222.72,2,3,0.0000
4390,9309.62,4333.75,NaN,NaN,NaN
4391,9220.09,4660.63,NaN,NaN,NaN
4392,9199.96,4735.09,0,0,0.0000
4393,9284.69,4641.86,NaN,NaN,NaN
4394,9215.86,4454.90,NaN,NaN,NaN
4395,9317.21,4413.67,NaN,NaN,NaN
4396,8576.02,4195.09,0,0,0.0000
4397,9299.97,4194.53,NaN,NaN,NaN
4398,9176.94,4496.53,2,3,0.0000
4399,9167.92,4246.38,NaN,NaN,NaN
4400,9251.22,4170.09,NaN,NaN,NaN
4401,9229.35,4388.10,2,4,2.0000
4402,9456.46,4236.62,NaN,NaN,NaN
4403,9971.01,4593.39,NaN,NaN,NaN
4404,10107.07,4685.62,NaN,NaN,NaN
4405,9347.87,4587.56,0,0,0.0000
4406,9462.62,4591.37,2,3,0.0000
4407,9861.14,4365.13,NaN,NaN,NaN
4408,9870.23,4660.83,NaN,NaN,NaN
4409,9889.90,4532.09,NaN,NaN,NaN
4410,9475.01,4435.91,NaN,NaN,NaN
4411,9359.57,4195.19,0,0,0.0000
4412,10056.34,4294.72,NaN,NaN,NaN
4413,9874.87,4443.90,3,7,2.3333
4414,9931.91,3983.83,NaN,NaN,NaN
4415,10083.70,4395.90,NaN,NaN,NaN
4416,9931.42,4327.62,NaN,NaN,NaN
4417,9947.34,4734.63,0,0,0.0000
4418,9466.28,4672.91,0,0,0.0000
4419,9469.08,4348.38,NaN,NaN,NaN
4420,10022.03,4659.78,0,0,0.0000
4421,9859.19,4106.23,2,2,0.0000
4422,9412.27,4685.74,0,0,0.0000
4423,9965.78,4201.78,0,0,0.0000
4424,9935.02,4143.32,0,0,0.0000
4425,9404.35,4405.33,0,0,0.0000
4426,9998.81,4124.88,NaN,NaN,NaN
4427,10037.16,4473.58,0,0,0.0000
4428,10070.57,4589.45,NaN,NaN,NaN
4429,9818.65,4723.68,NaN,NaN,NaN
4430,9995.51,4056.40,NaN,NaN,NaN
4431,10076.00,4102.29,2,5,2.5000
4432,10065.68,4017.03,0,0,0.0000
4433,10068.69,4188.94,0,0,0.0000
4434,9754.91,4217.98,NaN,NaN,NaN
4435,9935.62,4382.58,0,0,0.0000
4436,10102.22,4499.93,NaN,NaN,NaN
4437,9394.00,4531.20,0,0,0.0000
4438,9904.84,4594.43,0,0,0.0000
4439,9918.25,4275.06,NaN,NaN,NaN
4440,9809.33,4159.04,2,2,0.0000
4441,9410.46,4475.49,NaN,NaN,NaN
4442,9919.76,4060.33,0,0,0.0000
4443,9974.53,4250.78,NaN,NaN,NaN
4444,9835.57,4514.83,NaN,NaN,NaN
4445,9372.97,4262.27,NaN,NaN,NaN
4446,9850.89,4144.93,0,0,0.0000
4447,10766.14,4266.34,NaN,NaN,NaN
4448,10404.59,4096.49,2,2,0.0000
4449,10640.30,4313.31,NaN,NaN,NaN
4450,10293.62,4671.18,NaN,NaN,NaN
4451,10475.92,4469.87,NaN,NaN,NaN
4452,10563.97,4116.67,0,0,0.0000
4453,10188.31,4724.30,2,4,2.0000
4454,10637.58,4160.81,2,3,0.0000
4455,10469.78,4703.02,NaN,NaN,NaN
4456,10748.13,4496.56,NaN,NaN,NaN
4457,10708.92,3977.00,NaN,NaN,NaN
4458,10847.11,4207.88,2,4,2.0000
4459,10617.48,4500.77,NaN,NaN,NaN
4460,10132.43,4309.74,2,7,3.5000
4461,10862.23,4550.99,0,0,0.0000
4462,10266.88,4115.01,NaN,NaN,NaN
4463,10152.97,4566.04,NaN,NaN,NaN
4464,10778.66,4048.93,0,0,0.0000
4465,10817.29,4686.70,0,0,0.0000
4466,10600.58,4617.74,NaN,NaN,NaN
4467,10699.35,4100.85,NaN,NaN,NaN
4468,10331.99,4555.41,NaN,NaN,NaN
4469,10714.08,4637.25,NaN,NaN,NaN
4470,10256.64,4233.71,0,0,0.0000
4471,10305.40,4022.72,NaN,NaN,NaN
4472,10679.95,4460.35,NaN,NaN,NaN
4473,10448.59,4229.76,NaN,NaN,NaN
4474,10486.90,4067.63,NaN,NaN,NaN
4475,10197.67,4423.53,NaN,NaN,NaN
4476,10664.09,4606.97,2,3,0.0000
4477,10514.11,4586.60,0,0,0.0000
4478,10543.32,4671.24,NaN,NaN,NaN
4479,10498.31,4172.98,0,0,0.0000
4480,10554.21,4249.21,NaN,NaN,NaN
4481,10328.51,4184.75,2,3,0.0000
4482,10384.40,4344.00,NaN,NaN,NaN
4483,10353.95,4417.53,0,0,0.0000
4484,10741.23,4367.07,NaN,NaN,NaN
4485,10298.27,4344.74,NaN,NaN,NaN
4486,10578.55,4385.37,NaN,NaN,NaN
4487,10226.79,3970.50,NaN,NaN,NaN
4488,10384.58,4648.92,0,0,0.0000
4489,10785.94,4600.02,NaN,NaN,NaN
4490,10870.78,4406.91,NaN,NaN,NaN
4491,10241.62,4037.25,NaN,NaN,NaN
4492,10175.58,4239.04,0,0,0.0000
4493,10258.58,4491.23,NaN,NaN,NaN
4494,10870.70,4124.98,NaN,NaN,NaN
4495,10381.47,4522.22,0,0,0.0000
4496,10199.90,4155.30,0,0,0.0000
4497,10332.77,4275.51,2,5,2.5000
4498,10247.00,4577.14,NaN,NaN,NaN
4499,10676.39,4037.17,NaN,NaN,NaN
4500,10199.07,4346.52,NaN,NaN,NaN
4501,10135.16,4014.62,NaN,NaN,NaN
4502,10783.26,4155.77,0,0,0.0000
4503,10389.53,4731.90,NaN,NaN,NaN
4504,10822.73,4112.10,0,0,0.0000
4505,10452.26,4611.40,0,0,0.0000
4506,10130.27,4445.95,NaN,NaN,NaN
4507,10226.16,4291.34,0,0,0.0000
4508,10822.58,4442.20,2,1,0.0000
4509,10623.85,4040.75,NaN,NaN,NaN
4510,10527.28,4341.26,0,0,0.0000
4511,10578.71,4036.00,0,0,0.0000
4512,10858.78,4301.79,0,0,0.0000
4513,10115.34,4185.15,0,0,0.0000
4514,11134.58,4337.41,NaN,NaN,NaN
4515,10994.68,4177.00,4,2,0.0000
4516,10921.76,4088.85,0,0,0.0000
4517,10938.52,4582.95,0,0,0.0000
4518,11176.68,4694.15,NaN,NaN,NaN
4519,11087.24,4119.85,2,4,2.0000
4520,11075.93,4450.52,0,0,0.0000
4521,11178.20,4431.24,0,0,0.0000
4522,10929.33,4432.83,NaN,NaN,NaN
4523,11101.06,4699.74,2,6,3.0000
4524,11111.23,4595.68,NaN,NaN,NaN
4525,11035.68,4320.54,NaN,NaN,NaN
4526,11008.19,4000.57,0,0,0.0000
4527,11007.81,4386.11,0,0,0.0000
4528,11020.87,4484.09,2,2,0.0000
4529,11256.27,4675.69,NaN,NaN,NaN
4530,11066.91,4267.43,NaN,NaN,NaN
4531,11038.55,3969.49,0,0,0.0000
4532,11027.13,4645.71,NaN,NaN,NaN
4533,11166.70,4612.74,NaN,NaN,NaN
4534,11012.43,4068.13,NaN,NaN,NaN
4535,11080.33,4051.45,0,0,0.0000
4536,11214.05,4639.49,NaN,NaN,NaN
4537,10961.35,4347.17,2,2,0.0000
4538,10971.34,4039.95,0,0,0.0000
4539,10980.36,4702.21,3,6,2.0000
4540,10921.40,4293.33,NaN,NaN,NaN
4541,10972.75,4291.52,NaN,NaN,NaN
4542,11268.19,4629.85,0,0,0.0000
4543,13774.21,4455.80,0,0,0.0000
4544,13912.73,4407.75,0,0,0.0000
4545,13915.99,4669.45,NaN,NaN,NaN
4546,13860.09,4509.67,NaN,NaN,NaN
4547,13810.10,4349.75,0,0,0.0000
4548,13845.08,4397.66,NaN,NaN,NaN
4549,13867.70,4273.16,NaN,NaN,NaN
4550,13827.54,4703.98,0,0,0.0000
4551,13921.39,4223.37,2,6,3.0000
4552,13945.98,4481.52,2,3,0.0000
4553,13781.56,4651.50,0,0,0.0000
4554,13865.80,4728.14,NaN,NaN,NaN
4555,13927.25,4120.84,NaN,NaN,NaN
4556,13866.47,4618.93,NaN,NaN,NaN
4557,13726.90,4554.06,NaN,NaN,NaN
4558,13912.04,4541.88,2,2,0.0000
4559,13764.15,4579.99,NaN,NaN,NaN
4560,14093.85,4226.68,NaN,NaN,NaN
4561,14516.21,4296.47,0,0,0.0000
4562,14081.11,4671.15,4,7,0.0000
4563,14182.71,4113.55,2,3,0.0000
4564,14226.95,4686.98,NaN,NaN,NaN
4565,14071.30,4382.44,NaN,NaN,NaN
4566,14374.93,4305.35,2,4,2.0000
4567,14123.68,4507.55,2,8,4.0000
4568,14498.60,4407.14,5,8,0.0000
4569,14704.98,4164.03,2,2,0.0000
4570,14034.55,4596.07,0,0,0.0000
4571,14184.64,4303.90,2,5,2.5000
4572,14361.16,4531.50,0,0,0.0000
4573,14662.33,4038.10,0,0,0.0000
4574,14108.18,4047.07,0,0,0.0000
4575,14227.19,4504.00,2,3,0.0000
4576,14453.70,4458.08,2,2,0.0000
4577,14120.40,4328.26,NaN,NaN,NaN
4578,14349.73,4688.56,2,7,3.5000
4579,14169.77,4403.15,0,0,0.0000
4580,13998.93,4270.32,0,0,0.0000
4581,14303.43,4574.99,NaN,NaN,NaN
4582,14397.94,4611.26,0,0,0.0000
4583,14435.48,4255.08,NaN,NaN,NaN
4584,14021.22,4507.68,0,0,0.0000
4585,14539.63,4383.24,NaN,NaN,NaN
4586,14235.23,4041.50,2,2,0.0000
4587,14381.69,4461.11,NaN,NaN,NaN
4588,13955.57,4586.86,3,4,0.0000
4589,14443.86,4395.03,NaN,NaN,NaN
4590,13991.12,4447.48,NaN,NaN,NaN
4591,14437.61,4521.94,0,0,0.0000
4592,14296.00,4502.75,3,2,0.0000
4593,14257.47,4599.21,0,0,0.0000
4594,14416.58,4075.34,NaN,NaN,NaN
4595,14037.69,4411.74,NaN,NaN,NaN
4596,13988.58,3982.62,0,0,0.0000
4597,14609.34,4246.36,0,0,0.0000
4598,14661.34,4275.68,0,0,0.0000
4599,14649.90,4217.69,0,0,0.0000
4600,14477.98,4124.55,0,0,0.0000
4601,14270.46,4157.13,0,0,0.0000
4602,14123.79,4415.86,NaN,NaN,NaN
4603,14480.37,4057.32,0,0,0.0000
4604,14773.08,4247.29,0,0,0.0000
4605,14780.30,4031.20,NaN,NaN,NaN
4606,14753.11,4111.99,0,0,0.0000
4607,14847.01,4172.04,0,0,0.0000
4608,14798.19,4136.77,0,0,0.0000
4609,15908.49,4011.67,NaN,NaN,NaN
4610,15827.96,4037.20,NaN,NaN,NaN
4611,15722.34,4025.71,NaN,NaN,NaN
4612,15674.06,3981.08,0,0,0.0000
4613,15866.61,4059.37,NaN,NaN,NaN
4614,15829.40,3982.18,0,0,0.0000
4615,370.55,5330.10,3,5,0.0000
4616,645.39,5247.97,NaN,NaN,NaN
4617,482.80,5127.29,3,5,0.0000
4618,853.72,4897.08,3,8,2.6667
4619,298.72,5387.65,NaN,NaN,NaN
4620,523.47,5382.01,4,7,0.0000
4621,438.78,5038.93,2,3,0.0000
4622,433.95,5252.06,NaN,NaN,NaN
4623,225.35,5253.90,NaN,NaN,NaN
4624,177.39,5293.29,NaN,NaN,NaN
4625,340.08,5011.70,2,2,0.0000
4626,261.52,5200.18,NaN,NaN,NaN
4627,556.50,5197.36,3,3,0.0000
4628,510.84,5256.66,NaN,NaN,NaN
4629,570.98,5331.51,NaN,NaN,NaN
4630,285.94,5267.64,0,0,0.0000
4631,572.24,5062.45,2,2,0.0000
4632,731.47,5246.48,3,7,2.3333
4633,578.14,5136.34,0,0,0.0000
4634,207.79,5362.98,2,4,2.0000
4635,105.47,4879.85,NaN,NaN,NaN
4636,250.43,5124.10,NaN,NaN,NaN
4637,781.87,4823.31,NaN,NaN,NaN
4638,664.11,4753.03,NaN,NaN,NaN
4639,646.28,5097.87,NaN,NaN,NaN
4640,224.20,5413.66,2,5,2.5000
4641,29.64,5455.89,0,0,0.0000
4642,401.63,5189.12,3,4,0.0000
4643,697.11,5168.61,NaN,NaN,NaN
4644,99.67,4962.18,NaN,NaN,NaN
4645,615.97,4772.51,NaN,NaN,NaN
4646,402.08,5125.19,NaN,NaN,NaN
4647,341.67,5209.16,NaN,NaN,NaN
4648,134.13,4922.75,0,0,0.0000
4649,308.57,5087.77,3,2,0.0000
4650,721.22,4814.39,0,0,0.0000
4651,790.86,5475.23,0,0,0.0000
4652,221.87,5318.21,0,0,0.0000
4653,520.87,5022.70,NaN,NaN,NaN
4654,390.17,5082.86,3,5,0.0000
4655,11.26,5384.65,0,0,0.0000
4656,287.85,5322.06,0,0,0.0000
4657,1213.99,5050.34,NaN,NaN,NaN
4658,1452.28,5182.04,3,4,0.0000
4659,935.20,4909.03,NaN,NaN,NaN
4660,1100.60,5092.99,NaN,NaN,NaN
4661,1434.72,5079.18,NaN,NaN,NaN
4662,1025.26,4902.82,NaN,NaN,NaN
4663,1536.51,5201.78,0,0,0.0000
4664,1279.81,5138.93,NaN,NaN,NaN
4665,1099.27,4911.24,0,0,0.0000
4666,1354.01,4969.38,4,3,0.0000
4667,1055.76,4983.40,0,0,0.0000
4668,1074.02,4819.69,0,0,0.0000
4669,1350.02,5122.00,0,0,0.0000
4670,1961.41,4900.18,0,0,0.0000
4671,2017.28,5464.21,0,0,0.0000
4672,1930.01,5098.87,NaN,NaN,NaN
4673,1801.86,4891.40,NaN,NaN,NaN
4674,1866.90,4966.56,NaN,NaN,NaN
4675,1861.88,4834.81,0,0,0.0000
4676,1810.40,5258.94,NaN,NaN,NaN
4677,1893.81,5219.32,NaN,NaN,NaN
4678,1903.54,5307.87,0,0,0.0000
4679,2098.73,5453.66,NaN,NaN,NaN
4680,1969.72,5365.18,NaN,NaN,NaN
4681,1846.46,5026.02,0,0,0.0000
4682,1847.15,4739.73,0,0,0.0000
4683,1934.15,5222.66,NaN,NaN,NaN
4684,1837.44,5414.61,0,0,0.0000
4685,2137.03,5488.35,0,0,0.0000
4686,1849.61,5355.91,NaN,NaN,NaN
4687,1952.86,5423.95,0,0,0.0000
4688,1851.85,5479.58,0,0,0.0000
4689,1946.14,5496.41,2,3,0.0000
4690,2151.99,5433.39,0,0,0.0000
4691,1784.87,4804.42,0,0,0.0000
4692,1916.82,5441.07,0,0,0.0000
4693,1853.15,5162.57,0,0,0.0000
4694,1995.15,4971.07,0,0,0.0000
4695,2812.07,5143.18,0,0,0.0000
4696,2731.79,5363.90,0,0,0.0000
4697,2718.08,5053.61,NaN,NaN,NaN
4698,2582.80,4852.65,NaN,NaN,NaN
4699,2593.24,5009.85,NaN,NaN,NaN
4700,2718.41,4937.81,NaN,NaN,NaN
4701,2953.37,5399.15,0,0,0.0000
4702,2652.01,5260.88,0,0,0.0000
4703,2709.48,5199.35,2,2,0.0000
4704,2891.84,5340.94,2,2,0.0000
4705,2581.88,5255.83,NaN,NaN,NaN
4706,2819.04,5448.38,NaN,NaN,NaN
4707,2785.49,4984.83,NaN,NaN,NaN
4708,2889.74,5445.26,3,4,0.0000
4709,2906.41,5256.11,0,0,0.0000
4710,2814.46,5355.47,0,0,0.0000
4711,2578.69,5101.84,0,0,0.0000
4712,2523.35,4871.89,NaN,NaN,NaN
4713,2577.88,5480.30,NaN,NaN,NaN
4714,2569.50,5387.08,NaN,NaN,NaN
4715,2628.09,5160.42,0,0,0.0000
4716,2698.61,4826.99,NaN,NaN,NaN
4717,2772.16,5194.14,0,0,0.0000
4718,2633.53,4930.73,0,0,0.0000
4719,2588.66,5205.40,NaN,NaN,NaN
4720,2886.15,5501.90,2,4,2.0000
4721,2625.07,5418.48,NaN,NaN,NaN
4722,2790.84,4921.30,0,0,0.0000
4723,2513.38,5035.81,2,3,0.0000
4724,2671.13,5405.22,NaN,NaN,NaN
4725,2533.55,5101.72,NaN,NaN,NaN
4726,2977.53,5492.79,2,2,0.0000
4727,2765.20,4804.48,NaN,NaN,NaN
4728,2574.94,5170.85,0,0,0.0000
4729,2641.60,5021.27,NaN,NaN,NaN
4730,2772.51,4862.28,NaN,NaN,NaN
4731,3966.98,5058.97,0,0,0.0000
4732,3704.58,4744.12,NaN,NaN,NaN
4733,3850.03,4740.37,0,0,0.0000
4734,3941.94,5201.01,NaN,NaN,NaN
4735,3693.46,4821.15,NaN,NaN,NaN
4736,3698.02,4916.19,NaN,NaN,NaN
4737,3593.01,4746.56,2,3,0.0000
4738,3888.62,5160.05,NaN,NaN,NaN
4739,3653.23,5296.45,NaN,NaN,NaN
4740,3860.02,5375.67,NaN,NaN,NaN
4741,3794.81,5444.05,NaN,NaN,NaN
4742,3919.60,4743.33,5,9,0.0000
4743,3705.76,5370.80,NaN,NaN,NaN
4744,3843.58,5139.04,0,0,0.0000
4745,3741.82,5335.90,2,4,2.0000
4746,3926.52,5103.45,3,5,0.0000
4747,3868.80,5303.75,NaN,NaN,NaN
4748,3955.75,5421.06,0,0,0.0000
4749,3741.34,5412.21,NaN,NaN,NaN
4750,3655.72,4779.20,NaN,NaN,NaN
4751,3831.89,5353.39,NaN,NaN,NaN
4752,3546.80,4774.94,NaN,NaN,NaN
4753,3727.96,4855.99,NaN,NaN,NaN
4754,3697.68,5318.81,NaN,NaN,NaN
4755,3737.21,5460.41,NaN,NaN,NaN
4756,3682.68,5421.35,NaN,NaN,NaN
4757,4004.22,5279.73,NaN,NaN,NaN
4758,4046.13,4924.31,0,0,0.0000
4759,4576.46,5071.68,3,4,0.0000
4760,4155.20,5216.26,0,0,0.0000
4761,4260.32,5354.02,NaN,NaN,NaN
4762,4078.36,4760.43,NaN,NaN,NaN
4763,4274.71,5279.26,NaN,NaN,NaN
4764,4263.61,5476.09,2,4,2.0000
4765,4061.24,5324.66,NaN,NaN,NaN
4766,4055.58,5121.09,NaN,NaN,NaN
4767,4148.82,5481.63,NaN,NaN,NaN
4768,4184.50,5294.67,NaN,NaN,NaN
4769,4146.56,5071.53,2,5,2.5000
4770,4521.80,4998.08,NaN,NaN,NaN
4771,4480.89,5059.48,NaN,NaN,NaN
4772,4052.65,4843.87,0,0,0.0000
4773,4176.17,5375.29,0,0,0.0000
4774,3974.82,4818.17,NaN,NaN,NaN
4775,4134.71,4980.41,2,4,2.0000
4776,4231.49,5160.47,NaN,NaN,NaN
4777,4400.90,5503.14,0,0,0.0000
4778,4216.53,4898.01,0,0,0.0000
4779,4128.51,4818.60,0,0,0.0000
4780,4302.25,5423.52,NaN,NaN,NaN
4781,4192.43,4983.14,0,0,0.0000
4782,4175.92,5121.40,2,3,0.0000
4783,4469.05,4971.40,NaN,NaN,NaN
4784,4237.35,4855.27,0,0,0.0000
4785,4554.65,4936.42,0,0,0.0000
4786,4078.89,5407.78,NaN,NaN,NaN
4787,4241.29,4977.56,0,0,0.0000
4788,4013.24,4778.99,3,4,0.0000
4789,4066.09,4979.77,NaN,NaN,NaN
4790,4276.45,5210.78,0,0,0.0000
4791,4006.80,5453.12,NaN,NaN,NaN
4792,4102.64,5181.67,0,0,0.0000
4793,4485.73,4865.16,NaN,NaN,NaN
4794,4096.71,4880.80,NaN,NaN,NaN
4795,4224.54,4941.50,0,0,0.0000
4796,4118.96,5436.68,NaN,NaN,NaN
4797,4120.00,4943.79,0,0,0.0000
4798,4181.97,4857.37,0,0,0.0000
4799,4357.31,5431.13,NaN,NaN,NaN
4800,4011.31,5167.57,0,0,0.0000
4801,4176.61,4929.22,0,0,0.0000
4802,5388.75,5244.56,0,0,0.0000
4803,5423.36,4945.93,NaN,NaN,NaN
4804,5369.71,5042.13,NaN,NaN,NaN
4805,5299.67,4767.55,2,5,2.5000
4806,5145.30,4736.65,2,3,0.0000
4807,5301.15,4826.67,NaN,NaN,NaN
4808,5495.27,5304.89,0,0,0.0000
4809,5494.27,4758.39,0,0,0.0000
4810,4828.94,4741.16,NaN,NaN,NaN
4811,5228.54,5063.16,NaN,NaN,NaN
4812,5478.56,5179.61,0,0,0.0000
4813,5266.81,4968.07,NaN,NaN,NaN
4814,5342.88,4885.26,3,7,2.3333
4815,5246.10,4903.87,NaN,NaN,NaN
4816,5365.73,4978.16,0,0,0.0000
4817,5448.00,5221.06,0,0,0.0000
4818,5468.26,5442.22,NaN,NaN,NaN
4819,5479.77,4951.51,2,4,2.0000
4820,5425.78,4784.96,NaN,NaN,NaN
4821,5362.24,4816.87,NaN,NaN,NaN
4822,5284.78,5100.65,0,0,0.0000
4823,5215.92,4744.42,NaN,NaN,NaN
4824,5416.33,4841.11,NaN,NaN,NaN
4825,5440.55,5486.01,NaN,NaN,NaN
4826,5418.78,5085.50,NaN,NaN,NaN
4827,5351.04,5097.09,0,0,0.0000
4828,5212.33,4983.53,0,0,0.0000
4829,5215.48,4828.82,NaN,NaN,NaN
4830,5445.21,4890.87,NaN,NaN,NaN
4831,5277.07,5027.58,0,0,0.0000
4832,5479.20,5385.73,NaN,NaN,NaN
4833,5874.31,5434.20,0,0,0.0000
4834,5704.08,5381.66,NaN,NaN,NaN
4835,5676.25,5165.43,NaN,NaN,NaN
4836,6047.63,5032.55,NaN,NaN,NaN
4837,6223.70,5018.79,2,2,0.0000
4838,5841.66,5296.03,NaN,NaN,NaN
4839,6008.70,5249.85,2,3,0.0000
4840,6166.58,5235.51,2,3,0.0000
4841,6195.44,4853.92,NaN,NaN,NaN
4842,6129.03,5122.05,NaN,NaN,NaN
4843,6079.00,5222.08,NaN,NaN,NaN
4844,6037.10,5345.96,NaN,NaN,NaN
4845,6046.03,4767.80,2,4,2.0000
4846,5890.31,5138.26,0,0,0.0000
4847,5955.26,4882.77,NaN,NaN,NaN
4848,5982.85,4772.76,NaN,NaN,NaN
4849,6123.44,4744.58,2,7,3.5000
4850,6167.38,5351.26,0,0,0.0000
4851,5953.64,4973.46,NaN,NaN,NaN
4852,5507.73,5064.78,NaN,NaN,NaN
4853,5751.63,4828.66,NaN,NaN,NaN
4854,6224.99,5455.47,0,0,0.0000
4855,5768.49,5052.14,0,0,0.0000
4856,5527.65,4888.72,NaN,NaN,NaN
4857,5609.85,5224.71,NaN,NaN,NaN
4858,6160.25,4904.38,0,0,0.0000
4859,5915.17,4763.71,2,4,2.0000
4860,5531.64,5170.17,0,0,0.0000
4861,5555.94,5261.73,NaN,NaN,NaN
4862,5718.75,5250.16,3,9,3.0000
4863,5824.96,4775.74,3,8,2.6667
4864,6203.56,5204.63,0,0,0.0000
4865,5689.89,4754.41,3,5,0.0000
4866,5679.07,5013.69,2,3,0.0000
4867,5929.29,5329.71,NaN,NaN,NaN
4868,5852.19,5019.90,0,0,0.0000
4869,5587.24,5028.56,0,0,0.0000
4870,6125.61,4973.33,NaN,NaN,NaN
4871,5860.48,5204.43,NaN,NaN,NaN
4872,5585.42,5102.68,0,0,0.0000
4873,5603.08,5314.35,0,0,0.0000
4874,6137.74,5051.91,NaN,NaN,NaN
4875,6101.35,4859.54,0,0,0.0000
4876,5622.44,4768.08,0,0,0.0000
4877,5747.16,4984.05,NaN,NaN,NaN
4878,5801.83,4868.83,NaN,NaN,NaN
4879,5551.26,4968.16,NaN,NaN,NaN
4880,5693.28,4829.16,NaN,NaN,NaN
4881,5727.04,5083.00,0,0,0.0000
4882,5832.67,4915.72,NaN,NaN,NaN
4883,5571.33,4928.05,NaN,NaN,NaN
4884,5979.29,5088.39,0,0,0.0000
4885,5578.46,4804.11,0,0,0.0000
4886,5737.59,4886.91,NaN,NaN,NaN
4887,6214.44,5113.84,NaN,NaN,NaN
4888,6112.40,5350.40,NaN,NaN,NaN
4889,5597.31,5455.88,0,0,0.0000
4890,5904.34,4912.37,0,0,0.0000
4891,5658.98,4942.68,NaN,NaN,NaN
4892,5987.53,5135.13,0,0,0.0000
4893,5653.79,5086.79,0,0,0.0000
4894,5731.01,4931.92,NaN,NaN,NaN
4895,5855.85,4852.38,0,0,0.0000
4896,5660.22,5486.24,NaN,NaN,NaN
4897,5622.62,5050.60,0,0,0.0000
4898,5612.86,5393.28,2,3,0.0000
4899,5591.31,4874.93,NaN,NaN,NaN
4900,5646.26,4825.36,0,0,0.0000
4901,6104.16,4916.23,0,0,0.0000
4902,5760.07,5292.50,0,0,0.0000
4903,5571.55,5387.40,0,0,0.0000
4904,5560.05,5464.71,0,0,0.0000
4905,5816.10,5144.09,0,0,0.0000
4906,5564.59,4839.72,0,0,0.0000
4907,6688.50,4857.15,0,0,0.0000
4908,6724.83,5269.77,3,4,0.0000
4909,6817.38,4842.08,2,3,0.0000
4910,6608.98,4930.28,NaN,NaN,NaN
4911,6288.69,5129.37,NaN,NaN,NaN
4912,6391.63,4992.32,NaN,NaN,NaN
4913,6319.76,5480.64,0,0,0.0000
4914,6320.25,4993.37,0,0,0.0000
4915,6811.55,5213.77,NaN,NaN,NaN
4916,6782.73,5081.18,NaN,NaN,NaN
4917,6349.06,5057.48,0,0,0.0000
4918,6739.36,5467.77,NaN,NaN,NaN
4919,6274.79,5195.47,NaN,NaN,NaN
4920,6914.58,5063.54,0,0,0.0000
4921,6329.65,5244.44,0,0,0.0000
4922,6297.45,4912.13,NaN,NaN,NaN
4923,6523.88,4767.87,NaN,NaN,NaN
4924,6649.41,5209.60,NaN,NaN,NaN
4925,6729.96,5128.68,4,4,0.0000
4926,6590.23,4830.64,0,0,0.0000
4927,6741.65,5373.19,3,8,2.6667
4928,6660.01,5084.83,NaN,NaN,NaN
4929,6847.97,5319.42,0,0,0.0000
4930,6460.66,4741.32,NaN,NaN,NaN
4931,6593.25,5278.04,0,0,0.0000
4932,6807.35,5327.85,0,0,0.0000
4933,6664.78,5396.52,2,2,0.0000
4934,6824.06,5388.39,3,5,0.0000
4935,6411.93,4941.84,NaN,NaN,NaN
4936,6669.79,5144.35,NaN,NaN,NaN
4937,6831.11,5105.05,NaN,NaN,NaN
4938,6859.30,5218.06,0,0,0.0000
4939,6356.31,4915.36,NaN,NaN,NaN
4940,6921.29,4758.21,0,0,0.0000
4941,6862.33,5085.03,NaN,NaN,NaN
4942,6416.61,5375.42,NaN,NaN,NaN
4943,6917.20,5139.59,0,0,0.0000
4944,6750.25,4900.44,0,0,0.0000
4945,6569.06,5395.12,3,7,2.3333
4946,6473.47,4996.16,NaN,NaN,NaN
4947,6386.12,5318.47,0,0,0.0000
4948,6810.57,5147.03,3,7,2.3333
4949,6362.42,5404.35,0,0,0.0000
4950,7577.55,4902.75,2,2,0.0000
4951,7678.47,5274.89,NaN,NaN,NaN
4952,7778.34,4973.77,NaN,NaN,NaN
4953,7560.70,5362.36,2,2,0.0000
4954,7371.73,5172.50,2,3,0.0000
4955,7435.85,5065.66,NaN,NaN,NaN
4956,7582.87,5465.35,NaN,NaN,NaN
4957,7454.38,4937.26,0,0,0.0000
4958,7498.98,5450.88,2,4,2.0000
4959,7714.89,4877.64,0,0,0.0000
4960,7332.55,4775.09,0,0,0.0000
4961,7256.67,4990.05,0,0,0.0000
4962,7520.54,5013.66,0,0,0.0000
4963,7716.34,5053.54,NaN,NaN,NaN
4964,7288.55,4830.77,0,0,0.0000
4965,7521.07,4802.36,NaN,NaN,NaN
4966,7337.60,4908.14,NaN,NaN,NaN
4967,7488.39,5218.28,3,6,2.0000
4968,7579.26,5185.36,NaN,NaN,NaN
4969,7383.86,4949.10,NaN,NaN,NaN
4970,7292.25,5137.07,2,8,4.0000
4971,7540.34,5115.13,NaN,NaN,NaN
4972,7326.66,5015.03,NaN,NaN,NaN
4973,7773.41,5449.84,2,4,2.0000
4974,7443.31,5183.97,0,0,0.0000
4975,7723.95,4805.89,0,0,0.0000
4976,7435.15,5293.33,NaN,NaN,NaN
4977,7403.55,5323.84,NaN,NaN,NaN
4978,7338.78,5273.74,0,0,0.0000
4979,7154.85,4747.35,2,1,0.0000
4980,7588.87,5027.02,2,2,0.0000
4981,7599.15,5068.96,NaN,NaN,NaN
4982,7542.77,5249.78,2,4,2.0000
4983,7312.71,5202.46,NaN,NaN,NaN
4984,7445.65,4863.49,NaN,NaN,NaN
4985,7673.37,4775.78,NaN,NaN,NaN
4986,7511.72,5071.73,NaN,NaN,NaN
4987,7286.77,4936.19,NaN,NaN,NaN
4988,7624.06,5158.55,0,0,0.0000
4989,7370.85,5085.93,0,0,0.0000
4990,7212.11,4927.17,NaN,NaN,NaN
4991,7192.37,4782.21,0,0,0.0000
4992,7508.35,4748.32,NaN,NaN,NaN
4993,7999.84,5274.25,NaN,NaN,NaN
4994,8289.34,5128.00,NaN,NaN,NaN
4995,7840.92,5079.60,2,1,0.0000
4996,7816.44,5220.42,0,0,0.0000
4997,7953.97,4880.37,2,4,2.0000
4998,8181.79,5258.02,NaN,NaN,NaN
4999,8152.96,5099.85,0,0,0.0000
5000,8226.61,4912.90,NaN,NaN,NaN
5001,7830.50,4868.09,NaN,NaN,NaN
5002,7920.61,4802.86,0,0,0.0000
5003,7903.08,5482.79,2,6,3.0000
5004,8484.13,5218.83,NaN,NaN,NaN
5005,8268.73,5378.63,NaN,NaN,NaN
5006,8156.50,4830.78,NaN,NaN,NaN
5007,8498.04,5503.30,NaN,NaN,NaN
5008,8275.44,5249.45,NaN,NaN,NaN
5009,8517.76,5305.41,NaN,NaN,NaN
5010,8029.91,5452.69,NaN,NaN,NaN
5011,7887.48,5299.52,NaN,NaN,NaN
5012,8370.99,5058.29,0,0,0.0000
5013,8067.26,4876.90,NaN,NaN,NaN
5014,8548.04,5372.16,0,0,0.0000
5015,8300.69,5008.82,NaN,NaN,NaN
5016,8419.16,5242.91,2,2,0.0000
5017,8226.21,5034.77,0,0,0.0000
5018,8145.27,5015.03,NaN,NaN,NaN
5019,8064.15,4974.48,NaN,NaN,NaN
5020,8378.17,5203.09,NaN,NaN,NaN
5021,7982.83,4972.77,0,0,0.0000
5022,7953.28,5041.21,0,0,0.0000
5023,8364.72,5342.69,NaN,NaN,NaN
5024,8231.02,5321.69,0,0,0.0000
5025,8025.26,4822.11,0,0,0.0000
5026,8146.68,4920.25,NaN,NaN,NaN
5027,8034.95,5032.52,0,0,0.0000
5028,7821.95,5437.44,0,0,0.0000
5029,8427.03,5350.06,NaN,NaN,NaN
5030,8324.22,5211.35,NaN,NaN,NaN
5031,8387.85,5490.10,0,0,0.0000
5032,8035.00,5195.73,NaN,NaN,NaN
5033,8102.64,5375.58,0,0,0.0000
5034,7937.72,5134.13,0,0,0.0000
5035,7864.22,5169.68,0,0,0.0000
5036,8101.39,5160.29,NaN,NaN,NaN
5037,8185.04,4972.84,2,2,0.0000
5038,8560.57,5230.24,0,0,0.0000
5039,8475.39,5378.83,3,4,0.0000
5040,8032.21,5084.24,0,0,0.0000
5041,8078.79,5054.33,NaN,NaN,NaN
5042,8400.15,5400.54,0,0,0.0000
5043,7841.67,5499.22,0,0,0.0000
5044,8083.14,5209.97,0,0,0.0000
5045,8600.52,5477.43,NaN,NaN,NaN
5046,9251.85,4843.61,0,0,0.0000
5047,9321.90,4841.05,0,0,0.0000
5048,9311.42,4890.71,0,0,0.0000
5049,10049.99,5152.80,NaN,NaN,NaN
5050,9828.03,5210.66,NaN,NaN,NaN
5051,9611.66,5384.62,NaN,NaN,NaN
5052,9750.34,5320.35,NaN,NaN,NaN
5053,9996.73,5467.96,NaN,NaN,NaN
5054,9965.60,5075.27,2,3,0.0000
5055,10017.30,4930.11,NaN,NaN,NaN
5056,10061.48,5267.20,NaN,NaN,NaN
5057,9974.15,5312.74,NaN,NaN,NaN
5058,9532.70,5446.75,NaN,NaN,NaN
5059,9894.67,5328.54,2,2,0.0000
5060,10077.52,4869.09,NaN,NaN,NaN
5061,9420.78,4864.71,NaN,NaN,NaN
5062,9504.00,4860.09,0,0,0.0000
5063,9943.19,5413.47,NaN,NaN,NaN
5064,9450.15,4750.00,0,0,0.0000
5065,10102.18,5041.71,NaN,NaN,NaN
5066,9684.23,5454.10,0,0,0.0000
5067,9517.08,5325.45,2,1,0.0000
5068,10074.37,4990.80,0,0,0.0000
5069,9817.63,5420.32,0,0,0.0000
5070,9889.20,5246.75,0,0,0.0000
5071,9884.62,4933.67,0,0,0.0000
5072,9441.61,4929.46,2,1,0.0000
5073,9686.68,5327.39,NaN,NaN,NaN
5074,9702.86,5390.41,NaN,NaN,NaN
5075,9497.11,5381.97,NaN,NaN,NaN
5076,9596.38,5309.15,3,3,0.0000
5077,9510.95,5205.72,NaN,NaN,NaN
5078,9499.27,5269.50,0,0,0.0000
5079,9975.85,4921.79,NaN,NaN,NaN
5080,9899.68,5498.24,NaN,NaN,NaN
5081,9367.76,4908.50,0,0,0.0000
5082,9493.37,4795.73,0,0,0.0000
5083,9479.96,5493.45,0,0,0.0000
5084,9390.16,4774.36,0,0,0.0000
5085,9959.78,5212.19,NaN,NaN,NaN
5086,10020.44,4736.94,0,0,0.0000
5087,9954.47,4988.27,NaN,NaN,NaN
5088,9732.23,5482.47,NaN,NaN,NaN
5089,9401.94,4806.73,2,0,0.0000
5090,10059.64,4774.03,0,0,0.0000
5091,9437.44,5196.38,0,0,0.0000
5092,9652.48,5325.82,0,0,0.0000
5093,9879.05,5398.11,NaN,NaN,NaN
5094,9842.12,5287.53,2,2,0.0000
5095,10053.59,5435.98,NaN,NaN,NaN
5096,9551.95,5256.66,0,0,0.0000
5097,10301.35,5088.58,2,4,2.0000
5098,10155.13,5140.90,NaN,NaN,NaN
5099,10689.17,4851.73,NaN,NaN,NaN
5100,10209.33,4888.65,3,3,0.0000
5101,10625.75,5020.95,0,0,0.0000
5102,10228.78,5394.79,NaN,NaN,NaN
5103,10334.58,4861.81,NaN,NaN,NaN
5104,10238.31,5322.63,NaN,NaN,NaN
5105,10550.44,4932.59,0,0,0.0000
5106,10703.84,5121.29,3,7,2.3333
5107,10686.19,5369.36,NaN,NaN,NaN
5108,10239.51,5228.27,NaN,NaN,NaN
5109,10797.35,4762.02,NaN,NaN,NaN
5110,10448.92,4931.74,3,5,0.0000
5111,10449.53,5035.26,NaN,NaN,NaN
5112,10607.82,5420.14,2,1,0.0000
5113,10629.96,5177.61,NaN,NaN,NaN
5114,10517.40,5135.97,0,0,0.0000
5115,10711.49,4974.42,NaN,NaN,NaN
5116,10416.93,5245.11,NaN,NaN,NaN
5117,10757.88,5026.76,0,0,0.0000
5118,10814.66,5141.30,0,0,0.0000
5119,10638.17,5277.35,NaN,NaN,NaN
5120,10267.81,5014.35,NaN,NaN,NaN
5121,10786.20,5387.64,2,3,0.0000
5122,10381.11,5333.36,3,7,2.3333
5123,10421.78,4827.25,0,0,0.0000
5124,10176.66,5011.29,NaN,NaN,NaN
5125,10130.30,5255.62,0,0,0.0000
5126,10331.15,5251.05,NaN,NaN,NaN
5127,10745.53,5244.51,2,4,2.0000
5128,10277.12,4766.73,NaN,NaN,NaN
5129,10853.76,5020.64,NaN,NaN,NaN
5130,10523.05,5463.07,3,5,0.0000
5131,10587.53,4847.75,0,0,0.0000
5132,10850.62,4906.16,NaN,NaN,NaN
5133,10791.35,4875.06,0,0,0.0000
5134,10796.35,5271.82,3,3,0.0000
5135,10833.64,4817.61,NaN,NaN,NaN
5136,10492.92,5399.11,NaN,NaN,NaN
5137,10355.10,4970.76,0,0,0.0000
5138,10342.86,5470.87,2,3,0.0000
5139,10263.12,4941.70,NaN,NaN,NaN
5140,10527.11,5313.42,0,0,0.0000
5141,10123.12,5341.65,NaN,NaN,NaN
5142,10427.91,5151.22,NaN,NaN,NaN
5143,10550.53,4773.26,NaN,NaN,NaN
5144,10286.45,4828.88,NaN,NaN,NaN
5145,10353.21,5155.75,NaN,NaN,NaN
5146,10401.57,4986.59,NaN,NaN,NaN
5147,10607.17,5113.22,NaN,NaN,NaN
5148,10706.24,4778.91,0,0,0.0000
5149,10112.52,4771.51,NaN,NaN,NaN
5150,10475.20,5307.22,NaN,NaN,NaN
5151,10490.02,5238.12,0,0,0.0000
5152,10460.02,5187.45,0,0,0.0000
5153,10794.12,4966.84,2,8,4.0000
5154,10896.40,5258.09,0,0,0.0000
5155,11286.03,5181.83,NaN,NaN,NaN
5156,11077.22,4936.03,NaN,NaN,NaN
5157,11014.88,5070.89,NaN,NaN,NaN
5158,11186.34,5443.42,NaN,NaN,NaN
5159,11087.98,5233.02,NaN,NaN,NaN
5160,11187.58,5353.70,NaN,NaN,NaN
5161,11166.44,5206.47,3,5,0.0000
5162,11178.39,4822.90,NaN,NaN,NaN
5163,11239.10,4909.20,0,0,0.0000
5164,11059.08,4742.88,NaN,NaN,NaN
5165,10925.10,4813.38,NaN,NaN,NaN
5166,11313.16,5069.74,2,2,0.0000
5167,11398.64,5294.68,NaN,NaN,NaN
5168,11255.72,5303.26,0,0,0.0000
5169,11418.52,5170.67,NaN,NaN,NaN
5170,10984.51,5438.16,NaN,NaN,NaN
5171,11195.98,5090.15,0,0,0.0000
5172,10935.33,5015.02,4,4,0.0000
5173,10993.39,5208.17,NaN,NaN,NaN
5174,11038.72,5485.81,0,0,0.0000
5175,11026.44,4823.05,0,0,0.0000
5176,10963.14,4947.79,NaN,NaN,NaN
5177,11066.05,5364.46,0,0,0.0000
5178,10970.16,5334.97,0,0,0.0000
5179,11395.97,5468.54,2,4,2.0000
5180,10957.30,4766.43,NaN,NaN,NaN
5181,11359.05,5415.31,NaN,NaN,NaN
5182,11475.17,5320.36,NaN,NaN,NaN
5183,10908.45,5409.03,0,0,0.0000
5184,10894.71,5125.65,NaN,NaN,NaN
5185,11477.78,5471.89,NaN,NaN,NaN
5186,11251.36,5015.71,NaN,NaN,NaN
5187,11439.12,5243.65,0,0,0.0000
5188,10909.78,4922.92,NaN,NaN,NaN
5189,11301.11,5368.14,NaN,NaN,NaN
5190,11248.22,4758.77,2,4,2.0000
5191,11140.74,5031.96,0,0,0.0000
5192,10982.22,5384.69,0,0,0.0000
5193,11135.84,5126.07,3,5,0.0000
5194,11164.94,4912.81,2,4,2.0000
5195,11393.55,5379.93,0,0,0.0000
5196,11163.34,4764.99,2,3,0.0000
5197,11034.56,5293.61,0,0,0.0000
5198,11287.95,4969.95,NaN,NaN,NaN
5199,11207.97,4982.35,0,0,0.0000
5200,11439.57,5484.26,0,0,0.0000
5201,10907.65,5070.95,0,0,0.0000
5202,11207.19,5028.70,0,0,0.0000
5203,11090.77,4803.80,0,0,0.0000
5204,13946.76,4745.94,4,4,0.0000
5205,13591.54,5228.46,3,2,0.0000
5206,13945.79,5093.85,0,0,0.0000
5207,13713.68,5106.14,0,0,0.0000
5208,13947.07,5146.06,0,0,0.0000
5209,14121.69,4752.11,3,9,3.0000
5210,14022.12,5075.11,0,0,0.0000
5211,14079.21,5076.77,0,0,0.0000
5212,14119.93,5071.56,0,0,0.0000
5213,14152.23,5093.04,0,0,0.0000
5214,16210.41,5490.57,NaN,NaN,NaN
5215,16166.10,5428.86,NaN,NaN,NaN
5216,16160.43,5307.97,0,0,0.0000
5217,16257.32,5264.69,NaN,NaN,NaN
5218,16210.76,5367.54,0,0,0.0000
5219,16274.31,5455.96,NaN,NaN,NaN
5220,16092.00,5441.10,0,0,0.0000
5221,16277.45,5320.79,0,0,0.0000
5222,16154.36,5357.96,0,0,0.0000
5223,16358.00,5286.48,NaN,NaN,NaN
5224,16306.63,5267.35,0,0,0.0000
5225,16093.27,5350.39,0,0,0.0000
5226,16367.21,5264.34,0,0,0.0000
5227,730.40,5860.97,2,3,0.0000
5228,522.80,6040.55,2,3,0.0000
5229,141.89,6224.40,NaN,NaN,NaN
5230,577.38,5837.63,NaN,NaN,NaN
5231,434.41,5961.85,NaN,NaN,NaN
5232,345.84,6155.66,NaN,NaN,NaN
5233,558.34,5922.83,NaN,NaN,NaN
5234,495.68,5785.39,NaN,NaN,NaN
5235,857.97,5923.76,NaN,NaN,NaN
5236,463.41,6103.95,NaN,NaN,NaN
5237,675.55,5796.05,3,7,2.3333
5238,868.25,5661.05,2,1,0.0000
5239,765.29,5696.25,0,0,0.0000
5240,288.35,6121.72,NaN,NaN,NaN
5241,812.78,5745.20,4,4,0.0000
5242,472.14,6172.75,0,0,0.0000
5243,640.97,5901.35,4,6,0.0000
5244,308.82,6044.95,2,3,0.0000
5245,406.92,6247.97,0,0,0.0000
5246,632.32,6068.40,3,7,2.3333
5247,632.13,5996.34,NaN,NaN,NaN
5248,545.40,6188.62,NaN,NaN,NaN
5249,782.72,5920.75,NaN,NaN,NaN
5250,557.07,6119.76,NaN,NaN,NaN
5251,891.80,6047.03,NaN,NaN,NaN
5252,353.95,5933.88,NaN,NaN,NaN
5253,775.67,5569.87,0,0,0.0000
5254,490.54,5868.67,NaN,NaN,NaN
5255,571.20,5762.33,2,4,2.0000
5256,722.98,5988.12,NaN,NaN,NaN
5257,892.21,6098.66,2,3,0.0000
5258,356.56,5982.88,NaN,NaN,NaN
5259,867.29,6002.26,NaN,NaN,NaN
5260,268.27,6222.50,3,2,0.0000
5261,618.38,5703.60,2,3,0.0000
5262,790.23,5995.38,NaN,NaN,NaN
5263,821.91,5831.44,0,0,0.0000
5264,291.67,6013.83,2,1,0.0000
5265,517.44,5982.92,2,4,2.0000
5266,345.41,6230.36,0,0,0.0000
5267,415.88,6060.24,3,5,0.0000
5268,373.37,6037.52,NaN,NaN,NaN
5269,122.39,6159.67,0,0,0.0000
5270,207.79,6035.72,NaN,NaN,NaN
5271,392.37,5846.18,0,0,0.0000
5272,1166.75,6172.48,2,4,2.0000
5273,1094.14,6234.92,NaN,NaN,NaN
5274,976.72,5862.51,NaN,NaN,NaN
5275,960.73,6090.14,3,5,0.0000
5276,1056.07,6008.45,NaN,NaN,NaN
5277,1430.92,5849.08,NaN,NaN,NaN
5278,898.90,5770.93,3,2,0.0000
5279,1043.42,5851.91,NaN,NaN,NaN
5280,1267.97,6179.19,NaN,NaN,NaN
5281,987.86,5683.32,2,3,0.0000
5282,1102.66,5833.07,NaN,NaN,NaN
5283,1009.48,5787.09,0,0,0.0000
5284,921.60,5990.30,NaN,NaN,NaN
5285,1044.20,5920.89,NaN,NaN,NaN
5286,901.06,5846.01,NaN,NaN,NaN
5287,1097.81,5894.41,NaN,NaN,NaN
5288,1090.57,6097.99,0,0,0.0000
5289,986.10,6023.64,NaN,NaN,NaN
5290,993.39,5943.42,0,0,0.0000
5291,956.99,5738.72,NaN,NaN,NaN
5292,1599.99,6042.78,NaN,NaN,NaN
5293,1266.50,6113.95,NaN,NaN,NaN
5294,1422.70,5924.78,0,0,0.0000
5295,1039.94,5728.97,NaN,NaN,NaN
5296,923.94,5590.32,NaN,NaN,NaN
5297,1032.79,6155.94,0,0,0.0000
5298,1606.86,6095.65,NaN,NaN,NaN
5299,1552.73,6093.26,NaN,NaN,NaN
5300,1221.40,6121.83,NaN,NaN,NaN
5301,1047.33,5685.38,0,0,0.0000
5302,1069.87,5755.15,NaN,NaN,NaN
5303,969.53,5597.67,0,0,0.0000
5304,1113.05,5955.14,NaN,NaN,NaN
5305,1141.56,5937.25,NaN,NaN,NaN
5306,919.98,5721.08,3,4,0.0000
5307,2336.65,5888.97,NaN,NaN,NaN
5308,1991.53,5628.20,0,0,0.0000
5309,2267.62,5798.67,5,4,0.0000
5310,2368.21,5624.38,2,3,0.0000
5311,1909.91,5616.76,NaN,NaN,NaN
5312,2331.76,5830.52,NaN,NaN,NaN
5313,1743.61,6263.11,NaN,NaN,NaN
5314,2073.04,5602.78,2,5,2.5000
5315,2359.83,5777.76,0,0,0.0000
5316,2220.66,5724.48,NaN,NaN,NaN
5317,2375.30,5946.77,NaN,NaN,NaN
5318,2040.22,5558.13,NaN,NaN,NaN
5319,2398.29,5744.59,NaN,NaN,NaN
5320,2198.70,5864.16,NaN,NaN,NaN
5321,2230.19,5917.70,2,3,0.0000
5322,2201.02,5814.33,0,0,0.0000
5323,2075.80,5523.92,NaN,NaN,NaN
5324,2140.41,5525.57,0,0,0.0000
5325,1935.52,5554.36,NaN,NaN,NaN
5326,2069.37,5653.45,NaN,NaN,NaN
5327,2135.04,5686.34,0,0,0.0000
5328,1988.38,5721.58,3,3,0.0000
5329,1845.47,5530.64,NaN,NaN,NaN
5330,2354.35,5727.30,NaN,NaN,NaN
5331,1950.14,5666.58,NaN,NaN,NaN
5332,2022.29,5677.08,NaN,NaN,NaN
5333,2197.66,5769.21,NaN,NaN,NaN
5334,2944.94,5530.81,3,4,0.0000
5335,3199.01,6208.34,NaN,NaN,NaN
5336,2566.97,5586.64,NaN,NaN,NaN
5337,3084.97,5934.47,0,0,0.0000
5338,3491.16,6212.75,0,0,0.0000
5339,3316.75,6220.54,0,0,0.0000
5340,3226.31,6168.86,NaN,NaN,NaN
5341,3727.66,6203.13,NaN,NaN,NaN
5342,3759.53,6251.19,2,3,0.0000
5343,3240.63,6230.38,2,4,2.0000
5344,3365.69,6175.78,NaN,NaN,NaN
5345,3659.67,6169.88,NaN,NaN,NaN
5346,3302.87,6134.65,NaN,NaN,NaN
5347,3569.36,6136.93,NaN,NaN,NaN
5348,3402.00,6236.53,0,0,0.0000
5349,4546.44,6093.82,3,7,2.3333
5350,4707.79,6262.25,0,0,0.0000
5351,4262.42,5590.31,2,5,2.5000
5352,4187.02,5934.90,0,0,0.0000
5353,4494.17,5775.15,NaN,NaN,NaN
5354,4210.74,5834.54,2,2,0.0000
5355,4035.75,5913.01,NaN,NaN,NaN
5356,4375.10,6205.01,0,0,0.0000
5357,4695.05,5905.45,NaN,NaN,NaN
5358,4364.94,6058.85,2,7,3.5000
5359,4647.68,5804.46,0,0,0.0000
5360,4139.68,5658.38,2,4,2.0000
5361,4275.65,5987.52,2,5,2.5000
5362,4348.39,5531.76,3,4,0.0000
5363,4360.67,5899.02,NaN,NaN,NaN
5364,4139.54,5759.79,NaN,NaN,NaN
5365,4604.64,5940.23,2,1,0.0000
5366,3980.46,5716.70,NaN,NaN,NaN
5367,4031.58,5775.33,NaN,NaN,NaN
5368,4377.16,5639.61,NaN,NaN,NaN
5369,4291.35,5722.43,NaN,NaN,NaN
5370,4363.30,5705.50,3,6,2.0000
5371,4453.18,5957.10,3,6,2.0000
5372,4378.37,5792.74,NaN,NaN,NaN
5373,4047.19,5647.78,2,2,0.0000
5374,4169.28,5560.92,NaN,NaN,NaN
5375,4421.98,6016.72,3,4,0.0000
5376,4042.33,5519.84,0,0,0.0000
5377,4087.84,5864.38,NaN,NaN,NaN
5378,4482.36,5684.06,NaN,NaN,NaN
5379,4169.95,6117.73,NaN,NaN,NaN
5380,4451.60,6158.94,NaN,NaN,NaN
5381,4634.06,6192.90,2,4,2.0000
5382,4446.03,5907.50,NaN,NaN,NaN
5383,4327.54,6270.29,0,0,0.0000
5384,4095.49,5508.78,NaN,NaN,NaN
5385,4682.81,6006.86,NaN,NaN,NaN
5386,4427.72,5595.12,0,0,0.0000
5387,4163.13,6021.05,2,4,2.0000
5388,4536.81,5638.27,NaN,NaN,NaN
5389,4077.29,5582.57,NaN,NaN,NaN
5390,4214.37,5716.94,NaN,NaN,NaN
5391,4263.55,5767.08,NaN,NaN,NaN
5392,4247.14,6259.46,NaN,NaN,NaN
5393,4240.36,6138.42,NaN,NaN,NaN
5394,4450.68,5819.71,2,4,2.0000
5395,4725.67,5827.83,NaN,NaN,NaN
5396,4484.80,5879.94,2,6,3.0000
5397,4353.16,5968.36,NaN,NaN,NaN
5398,4310.16,6107.22,0,0,0.0000
5399,4295.03,6183.20,0,0,0.0000
5400,4005.13,5938.16,0,0,0.0000
5401,4286.62,5914.74,NaN,NaN,NaN
5402,4315.80,5807.07,NaN,NaN,NaN
5403,4726.25,6129.53,0,0,0.0000
5404,4091.44,5784.30,NaN,NaN,NaN
5405,4300.09,5845.55,NaN,NaN,NaN
5406,4123.42,6080.46,0,0,0.0000
5407,4085.14,5923.16,NaN,NaN,NaN
5408,4489.83,5609.86,NaN,NaN,NaN
5409,4238.14,6060.26,0,0,0.0000
5410,4687.19,6063.74,NaN,NaN,NaN
5411,4245.26,6208.70,NaN,NaN,NaN
5412,4129.93,5934.44,4,4,0.0000
5413,4068.10,5795.63,0,0,0.0000
5414,4707.24,5784.09,NaN,NaN,NaN
5415,4610.71,5870.80,0,0,0.0000
5416,4801.29,6182.81,0,0,0.0000
5417,4828.24,6106.50,0,0,0.0000
5418,5387.61,5532.32,NaN,NaN,NaN
5419,5422.29,5618.32,NaN,NaN,NaN
5420,4763.18,6015.22,2,3,0.0000
5421,4816.94,5972.80,NaN,NaN,NaN
5422,4744.96,5951.34,0,0,0.0000
5423,5458.13,5572.64,NaN,NaN,NaN
5424,5455.28,5757.41,NaN,NaN,NaN
5425,6066.21,5906.75,0,0,0.0000
5426,5937.95,6064.16,2,2,0.0000
5427,5630.04,5569.34,NaN,NaN,NaN
5428,5965.55,5705.74,2,3,0.0000
5429,6029.32,5628.25,NaN,NaN,NaN
5430,5769.09,5719.89,NaN,NaN,NaN
5431,6005.38,5521.05,3,7,2.3333
5432,6199.85,5747.16,3,6,2.0000
5433,5717.91,5522.01,NaN,NaN,NaN
5434,5786.22,5987.09,NaN,NaN,NaN
5435,5543.75,5781.66,NaN,NaN,NaN
5436,6235.39,5965.60,NaN,NaN,NaN
5437,6173.89,6077.31,NaN,NaN,NaN
5438,5786.59,5593.50,0,0,0.0000
5439,5739.00,6140.19,NaN,NaN,NaN
5440,5940.29,5924.02,NaN,NaN,NaN
5441,5959.27,5584.96,NaN,NaN,NaN
5442,5669.17,5680.28,3,5,0.0000
5443,5572.22,5876.75,0,0,0.0000
5444,6088.46,5793.48,0,0,0.0000
5445,5916.89,5814.27,NaN,NaN,NaN
5446,5883.14,6170.59,NaN,NaN,NaN
5447,6115.10,5542.53,5,3,0.0000
5448,6140.52,5640.53,NaN,NaN,NaN
5449,6168.19,5895.82,NaN,NaN,NaN
5450,5823.69,6231.78,2,5,2.5000
5451,5772.52,5882.43,NaN,NaN,NaN
5452,6267.61,6099.02,2,4,2.0000
5453,5507.17,5641.81,2,4,2.0000
5454,5587.00,5705.04,4,5,0.0000
5455,5722.38,6047.57,3,8,2.6667
5456,6085.03,5684.70,NaN,NaN,NaN
5457,6156.21,5979.81,NaN,NaN,NaN
5458,6166.71,6224.45,2,7,3.5000
5459,6180.13,5596.09,NaN,NaN,NaN
5460,5905.20,5625.21,NaN,NaN,NaN
5461,5860.56,5556.24,0,0,0.0000
5462,5984.26,6011.29,0,0,0.0000
5463,6132.81,5751.97,NaN,NaN,NaN
5464,6025.11,5968.87,NaN,NaN,NaN
5465,5653.06,5811.21,NaN,NaN,NaN
5466,5848.13,6014.39,NaN,NaN,NaN
5467,6079.20,5583.63,NaN,NaN,NaN
5468,5519.02,5514.98,2,4,2.0000
5469,5543.43,5691.15,NaN,NaN,NaN
5470,6043.57,5810.03,0,0,0.0000
5471,5963.54,5867.73,3,4,0.0000
5472,6131.43,5812.92,0,0,0.0000
5473,5859.51,5725.55,NaN,NaN,NaN
5474,5593.92,5647.21,0,0,0.0000
5475,5562.21,5653.46,NaN,NaN,NaN
5476,5835.71,6081.81,0,0,0.0000
5477,5643.66,5939.84,0,0,0.0000
5478,6306.12,5695.55,2,4,2.0000
5479,6693.25,6105.23,0,0,0.0000
5480,6579.51,5627.02,0,0,0.0000
5481,6465.43,5672.13,0,0,0.0000
5482,6733.94,6228.24,0,0,0.0000
5483,6844.18,5675.85,NaN,NaN,NaN
5484,6451.70,5720.65,NaN,NaN,NaN
5485,6435.31,6128.94,NaN,NaN,NaN
5486,6529.10,6250.61,2,1,0.0000
5487,6432.51,5760.82,0,0,0.0000
5488,6663.53,6256.83,NaN,NaN,NaN
5489,6833.24,6224.25,2,2,0.0000
5490,6354.75,6085.73,NaN,NaN,NaN
5491,6349.59,6176.25,0,0,0.0000
5492,6319.00,5601.52,NaN,NaN,NaN
5493,6415.86,5830.35,NaN,NaN,NaN
5494,6551.32,5746.43,NaN,NaN,NaN
5495,6509.48,5871.72,0,0,0.0000
5496,6988.29,6037.87,NaN,NaN,NaN
5497,6306.10,6154.73,NaN,NaN,NaN
5498,6364.31,5580.00,0,0,0.0000
5499,6523.28,6165.71,0,0,0.0000
5500,6452.14,5609.03,0,0,0.0000
5501,6649.72,5694.91,NaN,NaN,NaN
5502,6529.67,5577.81,NaN,NaN,NaN
5503,6763.29,6034.93,0,0,0.0000
5504,6536.13,5661.46,NaN,NaN,NaN
5505,6474.74,6078.39,0,0,0.0000
5506,6277.11,5762.72,0,0,0.0000
5507,6958.65,5984.67,0,0,0.0000
5508,6519.24,6106.90,0,0,0.0000
5509,6465.78,5907.84,NaN,NaN,NaN
5510,6733.79,5567.38,2,6,3.0000
5511,7718.23,5515.76,0,0,0.0000
5512,7748.74,5852.01,NaN,NaN,NaN
5513,7750.17,5724.08,2,9,4.5000
5514,7774.97,5581.74,NaN,NaN,NaN
5515,7750.51,5618.31,0,0,0.0000
5516,7680.44,5724.52,3,4,0.0000
5517,8088.19,5760.78,NaN,NaN,NaN
5518,7952.23,6193.67,0,0,0.0000
5519,8544.63,5603.35,2,2,0.0000
5520,8526.93,6185.25,NaN,NaN,NaN
5521,8063.19,5596.49,0,0,0.0000
5522,7905.36,5859.57,NaN,NaN,NaN
5523,8405.47,5673.96,NaN,NaN,NaN
5524,8493.25,5983.72,NaN,NaN,NaN
5525,8280.45,5720.47,NaN,NaN,NaN
5526,8337.26,6077.49,NaN,NaN,NaN
5527,8227.12,5862.14,NaN,NaN,NaN
5528,8494.88,5778.96,NaN,NaN,NaN
5529,8163.34,6031.76,2,4,2.0000
5530,7952.49,5546.78,NaN,NaN,NaN
5531,8370.38,5738.71,NaN,NaN,NaN
5532,8218.89,6139.54,NaN,NaN,NaN
5533,8414.49,5792.80,NaN,NaN,NaN
5534,8026.55,6035.07,0,0,0.0000
5535,7860.94,5623.86,0,0,0.0000
5536,8246.37,6237.56,NaN,NaN,NaN
5537,8161.25,5623.92,NaN,NaN,NaN
5538,8169.24,5557.83,NaN,NaN,NaN
5539,8424.06,5874.59,NaN,NaN,NaN
5540,8301.26,5507.98,0,0,0.0000
5541,8341.44,5882.35,NaN,NaN,NaN
5542,8314.73,6153.10,NaN,NaN,NaN
5543,8423.58,6026.24,NaN,NaN,NaN
5544,7949.95,5687.22,NaN,NaN,NaN
5545,8237.80,5644.23,NaN,NaN,NaN
5546,8145.63,5860.99,NaN,NaN,NaN
5547,8345.72,6234.73,2,2,0.0000
5548,8163.43,6239.34,NaN,NaN,NaN
5549,7811.12,5861.89,2,7,3.5000
5550,7812.28,5546.89,NaN,NaN,NaN
5551,8450.03,6225.45,NaN,NaN,NaN
5552,8220.83,5512.63,NaN,NaN,NaN
5553,7843.47,5786.69,NaN,NaN,NaN
5554,8276.23,5916.11,0,0,0.0000
5555,8096.01,5999.34,0,0,0.0000
5556,8037.41,6112.93,0,0,0.0000
5557,8109.51,6104.78,0,0,0.0000
5558,8295.41,5593.12,3,4,0.0000
5559,8203.89,5765.21,NaN,NaN,NaN
5560,8431.44,5577.02,0,0,0.0000
5561,8282.64,6025.27,NaN,NaN,NaN
5562,7847.94,5739.15,0,0,0.0000
5563,8558.45,6119.16,3,8,2.6667
5564,7851.94,5914.63,0,0,0.0000
5565,8208.65,5974.77,2,7,3.5000
5566,8420.05,6112.88,NaN,NaN,NaN
5567,8037.31,5931.05,0,0,0.0000
5568,8238.28,5966.78,NaN,NaN,NaN
5569,7976.82,5939.06,NaN,NaN,NaN
5570,8073.05,6216.78,NaN,NaN,NaN
5571,8059.79,5888.19,NaN,NaN,NaN
5572,7988.85,5645.94,NaN,NaN,NaN
5573,8121.20,5918.80,NaN,NaN,NaN
5574,7997.45,5856.43,0,0,0.0000
5575,8380.01,5957.15,0,0,0.0000
5576,8493.51,6080.33,NaN,NaN,NaN
5577,8551.83,5846.55,NaN,NaN,NaN
5578,7950.39,5970.75,0,0,0.0000
5579,8045.63,6184.08,0,0,0.0000
5580,8109.24,6214.29,NaN,NaN,NaN
5581,8159.91,6115.49,0,0,0.0000
5582,8352.73,5970.78,NaN,NaN,NaN
5583,8091.93,5507.95,2,1,0.0000
5584,7903.54,5584.42,NaN,NaN,NaN
5585,8151.98,6192.62,0,0,0.0000
5586,7939.22,5927.43,3,9,3.0000
5587,8707.13,6038.36,3,6,2.0000
5588,8919.63,6002.92,NaN,NaN,NaN
5589,8759.33,5855.45,NaN,NaN,NaN
5590,8633.81,6151.12,2,4,2.0000
5591,8585.04,5946.78,NaN,NaN,NaN
5592,8684.31,5667.44,3,5,0.0000
5593,8588.93,6037.12,2,1,0.0000
5594,8706.35,6215.77,2,2,0.0000
5595,8737.75,5565.36,0,0,0.0000
5596,8843.18,6009.04,NaN,NaN,NaN
5597,9118.63,6177.57,NaN,NaN,NaN
5598,8635.64,6247.00,0,0,0.0000
5599,9062.99,6169.50,2,3,0.0000
5600,8849.35,5874.55,0,0,0.0000
5601,8749.57,5690.66,NaN,NaN,NaN
5602,8912.79,5797.08,0,0,0.0000
5603,8785.08,5953.04,3,4,0.0000
5604,8851.91,6142.09,NaN,NaN,NaN
5605,8670.02,5579.25,0,0,0.0000
5606,8630.15,5705.77,3,5,0.0000
5607,8712.88,5751.02,NaN,NaN,NaN
5608,8583.83,5768.25,0,0,0.0000
5609,8822.68,5606.01,NaN,NaN,NaN
5610,8627.95,5815.79,NaN,NaN,NaN
5611,9080.42,6271.38,NaN,NaN,NaN
5612,8866.76,5751.14,NaN,NaN,NaN
5613,8671.47,5906.46,NaN,NaN,NaN
5614,8964.50,5948.33,NaN,NaN,NaN
5615,8760.51,6253.48,NaN,NaN,NaN
5616,8843.41,5672.40,NaN,NaN,NaN
5617,8799.39,5657.45,0,0,0.0000
5618,8618.41,6078.05,NaN,NaN,NaN
5619,8691.30,5838.67,3,5,0.0000
5620,8721.79,5944.92,2,1,0.0000
5621,9800.49,5523.68,NaN,NaN,NaN
5622,9982.27,5934.01,NaN,NaN,NaN
5623,9505.14,5965.55,2,2,0.0000
5624,9603.54,5854.12,NaN,NaN,NaN
5625,10053.35,5880.69,NaN,NaN,NaN
5626,9753.17,5699.42,0,0,0.0000
5627,9609.18,6078.49,0,0,0.0000
5628,9888.30,5688.28,0,0,0.0000
5629,9530.53,5581.42,NaN,NaN,NaN
5630,9728.17,6150.46,NaN,NaN,NaN
5631,10033.60,6157.56,NaN,NaN,NaN
5632,9427.95,5651.97,NaN,NaN,NaN
5633,9605.98,5974.30,NaN,NaN,NaN
5634,9815.62,6067.61,2,4,2.0000
5635,10077.68,5672.61,0,0,0.0000
5636,10106.23,5763.91,0,0,0.0000
5637,9902.78,6123.29,0,0,0.0000
5638,9592.27,5658.08,NaN,NaN,NaN
5639,9974.54,5542.53,0,0,0.0000
5640,9750.96,6241.03,0,0,0.0000
5641,10098.95,5993.97,NaN,NaN,NaN
5642,9938.11,6027.95,2,3,0.0000
5643,9960.96,6170.35,NaN,NaN,NaN
5644,9892.54,5607.10,0,0,0.0000
5645,9963.97,5632.21,0,0,0.0000
5646,9711.81,5875.01,0,0,0.0000
5647,9463.01,5564.39,NaN,NaN,NaN
5648,9791.66,5757.18,NaN,NaN,NaN
5649,9676.07,5642.31,0,0,0.0000
5650,9674.44,5724.18,2,3,0.0000
5651,9676.22,6070.04,0,0,0.0000
5652,9502.60,5686.71,NaN,NaN,NaN
5653,9934.56,5785.88,NaN,NaN,NaN
5654,9623.78,5587.81,0,0,0.0000
5655,9684.49,5927.28,0,0,0.0000
5656,9761.84,5918.51,NaN,NaN,NaN
5657,9543.98,5816.20,NaN,NaN,NaN
5658,9853.89,5959.33,NaN,NaN,NaN
5659,9835.89,6212.40,0,0,0.0000
5660,9578.90,5759.75,NaN,NaN,NaN
5661,9500.79,5779.84,0,0,0.0000
5662,9845.47,5836.82,NaN,NaN,NaN
5663,9670.62,5997.78,0,0,0.0000
5664,9849.47,6127.75,NaN,NaN,NaN
5665,9923.02,6212.67,NaN,NaN,NaN
5666,9545.95,5695.30,2,4,2.0000
5667,9746.05,6047.71,NaN,NaN,NaN
5668,9703.30,5551.05,2,7,3.5000
5669,9688.63,6251.28,0,0,0.0000
5670,9673.58,5567.14,NaN,NaN,NaN
5671,9972.29,6259.34,0,0,0.0000
5672,9677.99,5510.06,NaN,NaN,NaN
5673,9446.17,5747.15,0,0,0.0000
5674,10092.84,6143.45,0,0,0.0000
5675,9846.92,5766.44,NaN,NaN,NaN
5676,10076.80,6232.62,NaN,NaN,NaN
5677,9592.58,5530.87,NaN,NaN,NaN
5678,10061.96,6073.39,0,0,0.0000
5679,9860.25,6045.37,0,0,0.0000
5680,10023.70,6230.05,0,0,0.0000
5681,9882.38,5774.29,2,3,0.0000
5682,9449.59,5706.99,0,0,0.0000
5683,9764.47,6076.08,0,0,0.0000
5684,10421.91,5525.53,NaN,NaN,NaN
5685,10250.67,5823.70,NaN,NaN,NaN
5686,10235.83,5723.86,NaN,NaN,NaN
5687,10145.66,6062.29,3,3,0.0000
5688,10198.46,5574.51,0,0,0.0000
5689,10229.60,5985.44,0,0,0.0000
5690,10135.76,5915.21,0,0,0.0000
5691,10439.28,5646.03,2,3,0.0000
5692,10520.20,5634.50,NaN,NaN,NaN
5693,10214.02,6250.23,NaN,NaN,NaN
5694,10177.61,5678.58,0,0,0.0000
5695,10739.70,5623.79,NaN,NaN,NaN
5696,10790.21,5542.15,2,3,0.0000
5697,10158.85,6185.12,3,2,0.0000
5698,10539.33,5543.65,NaN,NaN,NaN
5699,10173.60,6122.06,NaN,NaN,NaN
5700,10326.50,5615.64,NaN,NaN,NaN
5701,10241.74,6170.58,0,0,0.0000
5702,10451.74,5707.09,0,0,0.0000
5703,10361.44,5742.15,NaN,NaN,NaN
5704,10306.23,5935.17,0,0,0.0000
5705,10713.13,5549.29,0,0,0.0000
5706,10584.89,5572.18,NaN,NaN,NaN
5707,10675.51,5644.24,2,6,3.0000
5708,10189.87,5948.11,NaN,NaN,NaN
5709,10299.53,5878.27,3,3,0.0000
5710,10495.22,5931.29,0,0,0.0000
5711,10218.29,6111.33,0,0,0.0000
5712,10250.14,6057.02,0,0,0.0000
5713,10799.04,6251.39,2,3,0.0000
5714,11322.33,5535.37,2,2,0.0000
5715,11179.49,6129.21,0,0,0.0000
5716,11452.22,6167.66,0,0,0.0000
5717,11432.87,5615.27,0,0,0.0000
5718,11118.80,5857.13,NaN,NaN,NaN
5719,11303.56,5953.81,2,3,0.0000
5720,11254.92,5584.00,NaN,NaN,NaN
5721,11199.52,6005.60,NaN,NaN,NaN
5722,11095.32,5524.21,2,3,0.0000
5723,11522.53,5965.09,0,0,0.0000
5724,11383.73,5815.33,2,3,0.0000
5725,11466.18,5718.29,0,0,0.0000
5726,11335.44,6077.92,3,3,0.0000
5727,11298.05,5751.74,NaN,NaN,NaN
5728,11404.59,5937.76,0,0,0.0000
5729,11278.49,5672.49,NaN,NaN,NaN
5730,11011.30,6254.31,NaN,NaN,NaN
5731,11532.85,6093.37,0,0,0.0000
5732,11184.86,5660.61,0,0,0.0000
5733,11414.38,6271.35,3,4,0.0000
5734,11173.93,5916.32,NaN,NaN,NaN
5735,11090.05,5688.89,0,0,0.0000
5736,11460.85,6081.40,NaN,NaN,NaN
5737,11381.17,5730.16,0,0,0.0000
5738,11581.84,5869.33,NaN,NaN,NaN
5739,11251.15,6189.77,0,0,0.0000
5740,11557.19,5745.11,0,0,0.0000
5741,10969.36,5509.64,NaN,NaN,NaN
5742,11197.46,5752.31,0,0,0.0000
5743,11334.82,6178.87,NaN,NaN,NaN
5744,11103.80,6211.32,NaN,NaN,NaN
5745,11337.57,6260.88,NaN,NaN,NaN
5746,10937.07,6226.58,NaN,NaN,NaN
5747,11135.01,6061.09,0,0,0.0000
5748,11153.70,5577.85,0,0,0.0000
5749,11064.73,5609.55,NaN,NaN,NaN
5750,11016.55,6166.84,NaN,NaN,NaN
5751,11263.10,6073.96,0,0,0.0000
5752,11600.05,6049.13,0,0,0.0000
5753,11408.63,5678.50,NaN,NaN,NaN
5754,11287.28,6139.78,NaN,NaN,NaN
5755,11383.53,6208.02,NaN,NaN,NaN
5756,11125.51,6011.19,NaN,NaN,NaN
5757,10980.33,5638.69,3,9,3.0000
5758,11532.56,5640.48,0,0,0.0000
5759,11321.73,5840.26,0,0,0.0000
5760,11440.94,5999.73,NaN,NaN,NaN
5761,10941.61,5550.83,0,0,0.0000
5762,11300.11,5868.00,0,0,0.0000
5763,11247.30,5877.06,NaN,NaN,NaN
5764,11612.02,5982.89,NaN,NaN,NaN
5765,11228.92,6269.10,2,4,2.0000
5766,11163.77,6213.95,NaN,NaN,NaN
5767,11140.17,5709.08,NaN,NaN,NaN
5768,11642.86,6127.88,0,0,0.0000
5769,11086.14,5923.70,NaN,NaN,NaN
5770,11633.46,6169.62,NaN,NaN,NaN
5771,11741.14,6187.58,0,0,0.0000
5772,11654.75,5857.11,NaN,NaN,NaN
5773,11685.70,5974.35,NaN,NaN,NaN
5774,11720.65,6080.68,0,0,0.0000
5775,11659.46,6075.06,0,0,0.0000
5776,11696.49,6045.61,2,4,2.0000
5777,11692.83,6152.16,0,0,0.0000
5778,16161.29,6045.35,0,0,0.0000
5779,15902.29,6112.99,0,0,0.0000
5780,16037.94,5860.67,NaN,NaN,NaN
5781,16320.44,5599.48,NaN,NaN,NaN
5782,16045.32,5973.80,NaN,NaN,NaN
5783,16212.49,5804.65,NaN,NaN,NaN
5784,16354.60,5840.28,NaN,NaN,NaN
5785,16236.90,5983.91,2,3,0.0000
5786,16070.55,6227.57,NaN,NaN,NaN
5787,16285.41,5840.12,NaN,NaN,NaN
5788,16314.57,5700.80,3,5,0.0000
5789,16186.46,5603.89,NaN,NaN,NaN
5790,16232.10,5601.30,NaN,NaN,NaN
5791,16227.12,6143.68,NaN,NaN,NaN
5792,15994.83,6001.02,NaN,NaN,NaN
5793,16301.54,5913.10,7,2,0.0000
5794,16007.25,6173.36,NaN,NaN,NaN
5795,15885.68,6228.42,NaN,NaN,NaN
5796,16368.87,5714.02,0,0,0.0000
5797,15957.57,6212.33,3,3,0.0000
5798,16360.98,5909.00,NaN,NaN,NaN
5799,16126.18,5934.95,0,0,0.0000
5800,16143.88,5507.22,NaN,NaN,NaN
5801,16204.51,6225.57,3,4,0.0000
5802,16091.26,6123.77,NaN,NaN,NaN
5803,16135.74,6219.98,2,2,0.0000
5804,16311.84,5972.16,0,0,0.0000
5805,16322.58,6179.74,2,3,0.0000
5806,16199.48,5883.94,NaN,NaN,NaN
5807,16028.17,6262.58,0,0,0.0000
5808,16088.13,6044.51,0,0,0.0000
5809,16306.01,6243.82,NaN,NaN,NaN
5810,16006.63,6228.83,NaN,NaN,NaN
5811,16283.60,6154.30,0,0,0.0000
5812,16166.95,5546.21,NaN,NaN,NaN
5813,16024.32,6125.07,NaN,NaN,NaN
5814,16268.14,5530.17,2,4,2.0000
5815,16349.91,5505.12,0,0,0.0000
5816,16096.12,6008.80,0,0,0.0000
5817,15972.26,6122.55,NaN,NaN,NaN
5818,16252.12,5690.11,2,3,0.0000
5819,16281.75,5637.27,5,10,2.0000
5820,15970.52,6046.74,0,0,0.0000
5821,16135.57,6123.47,0,0,0.0000
5822,16099.48,5519.82,3,3,0.0000
5823,445.84,6444.42,NaN,NaN,NaN
5824,712.93,6541.05,3,4,0.0000
5825,468.22,6286.62,NaN,NaN,NaN
5826,137.53,6417.52,4,5,0.0000
5827,255.88,6396.51,NaN,NaN,NaN
5828,474.50,6636.01,2,4,2.0000
5829,603.74,6800.18,NaN,NaN,NaN
5830,596.66,6613.94,0,0,0.0000
5831,547.42,6903.74,2,3,0.0000
5832,616.45,6491.85,0,0,0.0000
5833,789.96,6702.82,0,0,0.0000
5834,595.05,6319.25,NaN,NaN,NaN
5835,302.96,6294.71,2,2,0.0000
5836,742.89,6926.76,NaN,NaN,NaN
5837,859.60,6432.04,NaN,NaN,NaN
5838,810.46,6635.37,4,7,0.0000
5839,811.66,6814.22,NaN,NaN,NaN
5840,534.61,6386.24,2,4,2.0000
5841,598.10,7027.18,NaN,NaN,NaN
5842,883.02,6860.16,2,4,2.0000
5843,741.13,6747.92,NaN,NaN,NaN
5844,651.88,6916.01,2,2,0.0000
5845,693.34,6658.69,NaN,NaN,NaN
5846,732.06,6438.01,0,0,0.0000
5847,519.71,6801.30,2,3,0.0000
5848,826.96,6927.18,4,5,0.0000
5849,707.33,7030.61,NaN,NaN,NaN
5850,880.88,6531.79,NaN,NaN,NaN
5851,545.64,6660.17,0,0,0.0000
5852,478.71,6740.24,2,5,2.5000
5853,703.44,6364.26,NaN,NaN,NaN
5854,291.65,6482.62,0,0,0.0000
5855,656.25,6689.57,3,4,0.0000
5856,53.73,6332.53,NaN,NaN,NaN
5857,683.75,6768.42,NaN,NaN,NaN
5858,344.00,6457.88,3,3,0.0000
5859,116.97,6486.36,3,4,0.0000
5860,228.74,6273.14,0,0,0.0000
5861,760.78,6394.26,NaN,NaN,NaN
5862,667.71,6412.66,0,0,0.0000
5863,676.94,6842.06,NaN,NaN,NaN
5864,831.64,6506.76,NaN,NaN,NaN
5865,533.80,6728.88,NaN,NaN,NaN
5866,591.93,6445.74,0,0,0.0000
5867,800.19,6569.50,0,0,0.0000
5868,346.46,6362.19,0,0,0.0000
5869,736.65,6819.09,0,0,0.0000
5870,628.78,6384.42,0,0,0.0000
5871,514.69,6331.61,0,0,0.0000
5872,768.63,6881.69,0,0,0.0000
5873,925.92,6684.83,NaN,NaN,NaN
5874,918.34,6975.27,NaN,NaN,NaN
5875,990.42,6463.69,NaN,NaN,NaN
5876,1172.28,6300.49,2,3,0.0000
5877,1086.74,6949.34,NaN,NaN,NaN
5878,977.58,6842.69,0,0,0.0000
5879,1278.19,6292.37,NaN,NaN,NaN
5880,1014.28,6551.96,NaN,NaN,NaN
5881,901.18,6476.56,3,5,0.0000
5882,1011.66,6634.00,NaN,NaN,NaN
5883,951.01,6795.87,2,4,2.0000
5884,1403.01,7008.35,2,7,3.5000
5885,1156.80,6929.35,0,0,0.0000
5886,1044.10,7031.80,NaN,NaN,NaN
5887,1139.56,6869.97,0,0,0.0000
5888,938.14,6501.41,3,4,0.0000
5889,1058.31,6844.02,0,0,0.0000
5890,961.72,6888.79,4,2,0.0000
5891,1046.03,6794.22,0,0,0.0000
5892,955.05,6561.04,NaN,NaN,NaN
5893,1114.39,6813.45,0,0,0.0000
5894,1693.15,6312.55,NaN,NaN,NaN
5895,2366.64,7032.12,4,5,0.0000
5896,2271.12,6830.88,2,4,2.0000
5897,2106.80,6602.56,2,1,0.0000
5898,2380.85,6826.46,NaN,NaN,NaN
5899,2285.77,6994.56,0,0,0.0000
5900,2169.77,6735.36,0,0,0.0000
5901,2146.97,6814.81,NaN,NaN,NaN
5902,2107.52,6771.30,3,5,0.0000
5903,2348.06,6901.51,NaN,NaN,NaN
5904,2221.76,6954.10,3,6,2.0000
5905,2219.90,6774.94,2,2,0.0000
5906,2355.48,6948.13,NaN,NaN,NaN
5907,2180.63,6874.71,NaN,NaN,NaN
5908,1845.90,6477.56,0,0,0.0000
5909,2176.61,6673.84,NaN,NaN,NaN
5910,2178.98,6928.37,NaN,NaN,NaN
5911,2260.12,6910.75,NaN,NaN,NaN
5912,2201.83,6622.84,NaN,NaN,NaN
5913,2226.16,6868.26,NaN,NaN,NaN
5914,2414.56,6900.99,NaN,NaN,NaN
5915,2317.10,6870.52,NaN,NaN,NaN
5916,2224.66,6728.22,NaN,NaN,NaN
5917,2451.68,6943.94,2,5,2.5000
5918,3092.99,6463.97,NaN,NaN,NaN
5919,3020.58,6454.25,0,0,0.0000
5920,3143.83,6537.63,2,2,0.0000
5921,2450.15,7013.16,0,0,0.0000
5922,2944.68,6480.94,NaN,NaN,NaN
5923,3191.14,6511.38,NaN,NaN,NaN
5924,3061.90,6519.86,NaN,NaN,NaN
5925,2510.22,7029.19,0,0,0.0000
5926,3148.00,6348.62,NaN,NaN,NaN
5927,3051.80,6398.13,NaN,NaN,NaN
5928,2529.39,6992.98,0,0,0.0000
5929,3518.99,6712.19,2,2,0.0000
5930,3488.35,6526.12,NaN,NaN,NaN
5931,3756.01,6843.19,NaN,NaN,NaN
5932,3531.34,6345.66,NaN,NaN,NaN
5933,3248.13,6398.75,2,5,2.5000
5934,3784.57,6682.01,NaN,NaN,NaN
5935,3220.54,6472.54,2,3,0.0000
5936,3649.04,6809.33,2,3,0.0000
5937,3432.78,6399.99,NaN,NaN,NaN
5938,3373.05,6525.14,NaN,NaN,NaN
5939,3511.07,6275.20,4,2,0.0000
5940,3410.62,6750.94,NaN,NaN,NaN
5941,3291.95,6477.12,2,6,3.0000
5942,3703.79,6641.75,NaN,NaN,NaN
5943,3252.49,6325.35,NaN,NaN,NaN
5944,3794.30,6595.57,0,0,0.0000
5945,3590.63,6485.66,5,7,0.0000
5946,3693.23,6725.90,0,0,0.0000
5947,3632.56,6713.41,NaN,NaN,NaN
5948,3555.15,6643.46,NaN,NaN,NaN
5949,3921.79,6859.90,0,0,0.0000
5950,3344.95,6786.92,NaN,NaN,NaN
5951,3838.41,6846.43,NaN,NaN,NaN
5952,3693.57,6926.30,NaN,NaN,NaN
5953,3869.37,6898.23,0,0,0.0000
5954,3605.61,6431.02,0,0,0.0000
5955,3391.17,6939.57,NaN,NaN,NaN
5956,3334.83,6403.76,3,6,2.0000
5957,3276.09,6275.32,NaN,NaN,NaN
5958,3580.35,6592.75,NaN,NaN,NaN
5959,3772.68,6736.70,0,0,0.0000
5960,3635.69,6640.02,NaN,NaN,NaN
5961,3364.87,6703.60,0,0,0.0000
5962,3409.25,6458.14,0,0,0.0000
5963,3367.57,6282.27,NaN,NaN,NaN
5964,3364.28,6899.91,0,0,0.0000
5965,3703.06,6580.35,0,0,0.0000
5966,3201.20,6319.80,3,5,0.0000
5967,3377.38,7021.35,2,6,3.0000
5968,3452.58,6621.59,NaN,NaN,NaN
5969,3797.92,6915.73,0,0,0.0000
5970,3740.70,6937.71,0,0,0.0000
5971,3681.12,6473.57,0,0,0.0000
5972,3644.37,6573.63,0,0,0.0000
5973,3304.84,6597.44,NaN,NaN,NaN
5974,3559.95,6798.30,NaN,NaN,NaN
5975,3532.39,6416.50,0,0,0.0000
5976,3484.12,6771.51,0,0,0.0000
5977,3371.58,6836.33,0,0,0.0000
5978,3845.64,6731.37,0,0,0.0000
5979,3720.90,6760.89,0,0,0.0000
5980,3454.23,6340.81,2,2,0.0000
5981,3879.04,6711.96,0,0,0.0000
5982,3731.18,6536.44,0,0,0.0000
5983,3410.36,6580.02,0,0,0.0000
5984,4579.38,6713.68,0,0,0.0000
5985,4483.34,6514.77,3,2,0.0000
5986,4655.07,6546.30,NaN,NaN,NaN
5987,4681.68,6720.47,0,0,0.0000
5988,4469.27,6369.05,NaN,NaN,NaN
5989,4617.57,6285.97,NaN,NaN,NaN
5990,4703.42,6923.79,NaN,NaN,NaN
5991,4568.65,6905.92,3,6,2.0000
5992,4451.02,6653.96,NaN,NaN,NaN
5993,4478.45,6806.09,0,0,0.0000
5994,4303.59,6408.35,NaN,NaN,NaN
5995,4614.50,7032.70,NaN,NaN,NaN
5996,4640.94,6391.41,0,0,0.0000
5997,4535.20,6281.41,0,0,0.0000
5998,4605.18,6854.37,0,0,0.0000
5999,4692.79,6828.59,NaN,NaN,NaN
6000,4354.33,6575.29,NaN,NaN,NaN
6001,4316.51,6327.74,2,9,4.5000
6002,4499.04,6632.21,4,6,0.0000
6003,4394.41,6344.58,3,4,0.0000
6004,4589.18,6599.95,0,0,0.0000
6005,4536.46,6418.08,2,10,5.0000
6006,4588.41,6449.47,0,0,0.0000
6007,4461.93,6274.39,0,0,0.0000
6008,4572.53,6994.31,0,0,0.0000
6009,4359.68,6494.74,NaN,NaN,NaN
6010,4392.06,6723.70,NaN,NaN,NaN
6011,4242.11,6333.38,NaN,NaN,NaN
6012,4722.95,6553.35,NaN,NaN,NaN
6013,4380.52,6418.18,NaN,NaN,NaN
6014,4398.93,6541.08,NaN,NaN,NaN
6015,4609.73,6563.52,0,0,0.0000
6016,4694.82,6464.65,0,0,0.0000
6017,4518.82,6781.58,2,5,2.5000
6018,4808.44,6825.50,2,1,0.0000
6019,4897.29,6459.86,0,0,0.0000
6020,4876.45,6561.05,3,3,0.0000
6021,4886.77,6835.72,4,5,0.0000
6022,5340.78,6624.00,NaN,NaN,NaN
6023,4779.04,6522.36,NaN,NaN,NaN
6024,4814.55,7020.37,NaN,NaN,NaN
6025,4946.08,6738.18,2,2,0.0000
6026,4784.74,6409.61,NaN,NaN,NaN
6027,5145.48,6864.27,NaN,NaN,NaN
6028,5283.14,6553.73,NaN,NaN,NaN
6029,4973.97,6897.40,0,0,0.0000
6030,5052.38,6716.04,NaN,NaN,NaN
6031,4971.82,6639.88,NaN,NaN,NaN
6032,4779.22,6913.35,NaN,NaN,NaN
6033,4895.75,6282.71,NaN,NaN,NaN
6034,5113.32,6934.20,NaN,NaN,NaN
6035,4958.44,6391.67,NaN,NaN,NaN
6036,4786.09,6285.54,0,0,0.0000
6037,5167.34,6960.21,NaN,NaN,NaN
6038,4828.97,6359.70,2,1,0.0000
6039,5069.83,6882.00,NaN,NaN,NaN
6040,5043.30,6547.71,NaN,NaN,NaN
6041,5228.25,6985.85,0,0,0.0000
6042,5014.22,6772.25,3,3,0.0000
6043,5104.36,7030.59,0,0,0.0000
6044,4898.85,6753.74,3,6,2.0000
6045,5372.95,6725.71,2,1,0.0000
6046,4767.33,7036.97,0,0,0.0000
6047,5257.55,6620.12,NaN,NaN,NaN
6048,4770.85,6594.43,NaN,NaN,NaN
6049,4820.24,6653.61,2,3,0.0000
6050,5358.52,6816.96,NaN,NaN,NaN
6051,5052.68,6959.65,0,0,0.0000
6052,5344.04,6764.68,NaN,NaN,NaN
6053,4969.91,6468.08,NaN,NaN,NaN
6054,5012.15,6863.13,NaN,NaN,NaN
6055,4929.46,6643.16,0,0,0.0000
6056,5111.19,6796.23,NaN,NaN,NaN
6057,4840.72,6281.26,0,0,0.0000
6058,5083.01,6807.81,0,0,0.0000
6059,4985.08,6955.45,NaN,NaN,NaN
6060,5939.58,6314.75,0,0,0.0000
6061,5967.70,6766.37,0,0,0.0000
6062,6148.37,6532.42,NaN,NaN,NaN
6063,6078.75,6501.87,0,0,0.0000
6064,6072.44,6684.62,0,0,0.0000
6065,5986.05,6683.53,2,4,2.0000
6066,5877.30,6416.80,0,0,0.0000
6067,6039.43,6857.28,NaN,NaN,NaN
6068,5908.62,6635.08,NaN,NaN,NaN
6069,6025.90,6802.96,0,0,0.0000
6070,5994.99,6535.87,3,8,2.6667
6071,5961.46,6636.75,2,3,0.0000
6072,6023.77,6735.08,NaN,NaN,NaN
6073,5838.70,6372.54,NaN,NaN,NaN
6074,6059.91,6902.97,NaN,NaN,NaN
6075,5872.39,6540.92,NaN,NaN,NaN
6076,5802.12,6364.10,NaN,NaN,NaN
6077,6076.06,6567.92,NaN,NaN,NaN
6078,6005.15,6613.24,0,0,0.0000
6079,5921.96,6581.81,NaN,NaN,NaN
6080,6042.45,6567.03,NaN,NaN,NaN
6081,6132.70,6659.32,0,0,0.0000
6082,5818.04,6321.81,NaN,NaN,NaN
6083,6701.66,6599.36,5,3,0.0000
6084,6631.07,6408.55,2,5,2.5000
6085,6564.67,6340.72,0,0,0.0000
6086,6691.09,6333.24,NaN,NaN,NaN
6087,6714.75,6472.94,0,0,0.0000
6088,6463.06,6336.61,NaN,NaN,NaN
6089,6653.27,6847.49,0,0,0.0000
6090,6570.11,6486.96,NaN,NaN,NaN
6091,6844.72,6445.52,NaN,NaN,NaN
6092,6600.59,6986.33,NaN,NaN,NaN
6093,6810.62,6511.84,NaN,NaN,NaN
6094,6570.36,6805.62,NaN,NaN,NaN
6095,6626.96,6899.79,NaN,NaN,NaN
6096,6651.33,7029.96,NaN,NaN,NaN
6097,6677.55,6956.85,NaN,NaN,NaN
6098,6475.51,6523.51,2,8,4.0000
6099,6495.60,6731.35,0,0,0.0000
6100,6610.02,6814.36,0,0,0.0000
6101,6855.01,6272.39,2,2,0.0000
6102,6576.35,6927.19,0,0,0.0000
6103,6641.45,6946.71,NaN,NaN,NaN
6104,7759.70,7036.65,NaN,NaN,NaN
6105,7138.11,6882.19,0,0,0.0000
6106,7193.95,7019.57,2,3,0.0000
6107,8351.63,6848.49,NaN,NaN,NaN
6108,8450.34,6714.48,0,0,0.0000
6109,8512.37,6349.73,NaN,NaN,NaN
6110,8455.17,6517.76,0,0,0.0000
6111,8246.04,6644.11,0,0,0.0000
6112,8446.63,7023.40,NaN,NaN,NaN
6113,8320.35,6574.96,NaN,NaN,NaN
6114,8490.00,6827.73,NaN,NaN,NaN
6115,8405.16,6971.35,NaN,NaN,NaN
6116,8074.59,6288.29,NaN,NaN,NaN
6117,8572.10,6321.16,NaN,NaN,NaN
6118,8142.43,6579.10,2,4,2.0000
6119,8446.28,6387.78,2,2,0.0000
6120,8175.56,6342.20,NaN,NaN,NaN
6121,8178.36,6429.34,3,4,0.0000
6122,8551.89,6528.68,0,0,0.0000
6123,8553.39,6448.07,NaN,NaN,NaN
6124,8408.40,6588.35,0,0,0.0000
6125,8344.50,6758.28,NaN,NaN,NaN
6126,8301.71,6690.11,0,0,0.0000
6127,8312.04,6912.21,NaN,NaN,NaN
6128,7933.43,6361.01,NaN,NaN,NaN
6129,8332.25,6480.14,NaN,NaN,NaN
6130,8438.26,6902.93,NaN,NaN,NaN
6131,8005.29,6422.22,2,7,3.5000
6132,8180.17,6514.54,NaN,NaN,NaN
6133,8190.16,6720.98,0,0,0.0000
6134,8141.73,6660.91,NaN,NaN,NaN
6135,8117.48,6468.04,NaN,NaN,NaN
6136,8315.28,6995.10,NaN,NaN,NaN
6137,8253.08,6764.44,0,0,0.0000
6138,7996.04,6301.68,NaN,NaN,NaN
6139,8239.07,6506.30,2,4,2.0000
6140,8060.92,6408.10,NaN,NaN,NaN
6141,8563.89,6773.06,0,0,0.0000
6142,8306.05,6279.30,0,0,0.0000
6143,8252.14,6389.00,NaN,NaN,NaN
6144,8199.51,6950.24,NaN,NaN,NaN
6145,8085.79,6364.53,2,2,0.0000
6146,8345.90,6390.45,0,0,0.0000
6147,8498.68,6604.15,0,0,0.0000
6148,8461.11,6299.09,0,0,0.0000
6149,8540.32,6980.18,0,0,0.0000
6150,8262.12,6939.81,0,0,0.0000
6151,8293.68,6404.82,NaN,NaN,NaN
6152,8255.66,7022.41,NaN,NaN,NaN
6153,8558.68,6629.61,3,5,0.0000
6154,8365.41,6432.15,NaN,NaN,NaN
6155,8402.49,6671.41,0,0,0.0000
6156,8439.94,6803.63,0,0,0.0000
6157,8013.69,6343.61,NaN,NaN,NaN
6158,8374.08,6314.10,0,0,0.0000
6159,8425.64,6439.06,NaN,NaN,NaN
6160,8525.99,6743.19,0,0,0.0000
6161,8124.71,6301.68,0,0,0.0000
6162,8179.11,6664.19,0,0,0.0000
6163,8380.65,6358.28,0,0,0.0000
6164,8538.52,6824.89,0,0,0.0000
6165,8552.22,7028.37,NaN,NaN,NaN
6166,8284.24,6513.72,NaN,NaN,NaN
6167,8320.86,6324.85,0,0,0.0000
6168,8818.15,6323.41,NaN,NaN,NaN
6169,9110.43,6371.53,3,7,2.3333
6170,8801.23,6805.63,0,0,0.0000
6171,8970.93,6784.27,NaN,NaN,NaN
6172,8939.43,6855.68,NaN,NaN,NaN
6173,9072.13,6997.58,NaN,NaN,NaN
6174,8634.66,6749.17,2,5,2.5000
6175,8968.60,7030.69,NaN,NaN,NaN
6176,8798.05,6999.44,0,0,0.0000
6177,8618.31,7009.13,NaN,NaN,NaN
6178,8955.53,6480.08,NaN,NaN,NaN
6179,8627.80,6463.05,0,0,0.0000
6180,8695.07,6548.72,0,0,0.0000
6181,9131.69,6895.20,NaN,NaN,NaN
6182,8865.26,6409.26,NaN,NaN,NaN
6183,8785.42,6530.65,NaN,NaN,NaN
6184,8667.66,6907.30,3,2,0.0000
6185,9083.62,6507.56,NaN,NaN,NaN
6186,8700.09,6380.48,0,0,0.0000
6187,9048.59,6897.69,NaN,NaN,NaN
6188,8582.07,6918.99,0,0,0.0000
6189,8997.52,6931.99,NaN,NaN,NaN
6190,8607.01,6836.17,2,2,0.0000
6191,9115.82,6427.05,NaN,NaN,NaN
6192,8725.66,6763.65,0,0,0.0000
6193,8634.51,6665.62,0,0,0.0000
6194,9044.51,6638.99,2,2,0.0000
6195,8711.28,6940.42,0,0,0.0000
6196,8874.05,6820.04,0,0,0.0000
6197,9019.63,6287.52,0,0,0.0000
6198,9010.05,6707.70,3,4,0.0000
6199,8632.62,6538.73,0,0,0.0000
6200,8946.82,6943.48,NaN,NaN,NaN
6201,9063.16,6714.18,NaN,NaN,NaN
6202,8903.33,7027.47,0,0,0.0000
6203,9036.84,6580.77,NaN,NaN,NaN
6204,8850.01,6888.14,NaN,NaN,NaN
6205,9005.02,6520.90,2,7,3.5000
6206,8939.87,6405.72,0,0,0.0000
6207,9025.10,6387.68,NaN,NaN,NaN
6208,8707.95,6839.86,NaN,NaN,NaN
6209,8886.11,6956.84,NaN,NaN,NaN
6210,8851.29,6949.30,0,0,0.0000
6211,8962.21,6350.28,0,0,0.0000
6212,9118.91,7007.25,0,0,0.0000
6213,8735.76,6617.67,NaN,NaN,NaN
6214,9091.43,6631.14,NaN,NaN,NaN
6215,8776.53,6642.19,NaN,NaN,NaN
6216,9037.37,6478.34,NaN,NaN,NaN
6217,8766.30,6394.44,0,0,0.0000
6218,8998.64,6434.89,NaN,NaN,NaN
6219,9027.11,6966.11,0,0,0.0000
6220,8708.53,6662.99,0,0,0.0000
6221,8899.00,6452.23,NaN,NaN,NaN
6222,9726.03,6972.53,NaN,NaN,NaN
6223,10035.11,6607.38,NaN,NaN,NaN
6224,9947.75,6474.98,NaN,NaN,NaN
6225,9568.69,7035.20,NaN,NaN,NaN
6226,9912.17,6288.45,NaN,NaN,NaN
6227,10015.81,6870.23,NaN,NaN,NaN
6228,10064.96,6407.55,2,3,0.0000
6229,9661.82,6636.88,NaN,NaN,NaN
6230,9775.13,6640.04,2,4,2.0000
6231,9785.21,6764.50,NaN,NaN,NaN
6232,9678.08,6334.25,NaN,NaN,NaN
6233,9513.89,6732.49,NaN,NaN,NaN
6234,9984.39,6349.50,0,0,0.0000
6235,9778.32,6328.51,NaN,NaN,NaN
6236,9866.15,6525.23,0,0,0.0000
6237,9808.11,6907.19,NaN,NaN,NaN
6238,9647.29,6840.16,0,0,0.0000
6239,9808.27,6272.41,0,0,0.0000
6240,10041.36,6318.41,NaN,NaN,NaN
6241,9977.96,6950.57,NaN,NaN,NaN
6242,9605.28,6601.88,NaN,NaN,NaN
6243,9826.70,6604.81,NaN,NaN,NaN
6244,9937.68,6932.19,NaN,NaN,NaN
6245,9908.20,6674.41,0,0,0.0000
6246,9580.83,6533.84,NaN,NaN,NaN
6247,9860.91,6368.56,NaN,NaN,NaN
6248,9506.49,7014.39,NaN,NaN,NaN
6249,10039.40,6474.50,NaN,NaN,NaN
6250,9974.53,6812.59,NaN,NaN,NaN
6251,9554.01,6820.20,NaN,NaN,NaN
6252,9519.97,6587.43,3,5,0.0000
6253,9699.01,6552.38,2,4,2.0000
6254,9780.92,6440.82,2,3,0.0000
6255,10059.69,6285.66,0,0,0.0000
6256,9635.92,6735.61,0,0,0.0000
6257,9804.21,7009.92,0,0,0.0000
6258,9918.70,6786.42,NaN,NaN,NaN
6259,9639.09,6999.73,NaN,NaN,NaN
6260,9645.82,6914.87,0,0,0.0000
6261,10067.05,6702.70,0,0,0.0000
6262,9461.77,6652.25,NaN,NaN,NaN
6263,9798.18,6834.52,0,0,0.0000
6264,10099.23,6880.90,NaN,NaN,NaN
6265,9739.17,6399.21,NaN,NaN,NaN
6266,10028.38,6952.33,0,0,0.0000
6267,9968.07,6580.46,NaN,NaN,NaN
6268,9507.70,6861.27,0,0,0.0000
6269,9880.70,6832.96,NaN,NaN,NaN
6270,9894.17,6878.19,0,0,0.0000
6271,9918.27,6572.32,0,0,0.0000
6272,9860.01,6901.22,0,0,0.0000
6273,9892.04,6974.09,NaN,NaN,NaN
6274,9623.16,6333.29,NaN,NaN,NaN
6275,9836.52,6430.62,0,0,0.0000
6276,9457.24,6727.59,0,0,0.0000
6277,9706.26,6718.26,0,0,0.0000
6278,9957.45,6745.12,0,0,0.0000
6279,9730.40,6837.93,0,0,0.0000
6280,9613.30,6790.91,0,0,0.0000
6281,9847.20,6953.60,2,7,3.5000
6282,10073.48,6935.17,0,0,0.0000
6283,9801.25,6540.43,0,0,0.0000
6284,9510.27,6642.53,0,0,0.0000
6285,9840.98,6781.13,0,0,0.0000
6286,9726.39,6795.71,0,0,0.0000
6287,9780.09,6379.24,NaN,NaN,NaN
6288,9876.85,6793.04,0,0,0.0000
6289,10615.57,6481.09,NaN,NaN,NaN
6290,10670.59,6663.18,NaN,NaN,NaN
6291,10474.09,6651.22,NaN,NaN,NaN
6292,10559.52,6888.66,3,6,2.0000
6293,10463.29,6777.09,2,6,3.0000
6294,10732.94,6761.04,2,7,3.5000
6295,10365.59,6668.14,0,0,0.0000
6296,10196.83,6417.33,NaN,NaN,NaN
6297,10806.89,6408.54,NaN,NaN,NaN
6298,10153.08,6667.49,NaN,NaN,NaN
6299,10297.91,6414.71,2,1,0.0000
6300,10511.54,6550.07,2,2,0.0000
6301,10455.57,6380.25,2,2,0.0000
6302,10348.94,6861.53,2,5,2.5000
6303,10754.02,6581.81,NaN,NaN,NaN
6304,10189.84,6319.47,NaN,NaN,NaN
6305,10252.87,6831.40,NaN,NaN,NaN
6306,10298.85,6724.89,3,5,0.0000
6307,10154.51,6530.02,NaN,NaN,NaN
6308,10710.49,6369.16,3,6,2.0000
6309,10461.74,6461.81,NaN,NaN,NaN
6310,10841.08,6626.36,NaN,NaN,NaN
6311,10620.18,6808.00,NaN,NaN,NaN
6312,10369.83,7008.95,NaN,NaN,NaN
6313,10700.66,6489.97,NaN,NaN,NaN
6314,10781.69,6837.08,NaN,NaN,NaN
6315,10770.39,6295.61,NaN,NaN,NaN
6316,10468.76,7012.15,0,0,0.0000
6317,10410.91,6921.03,NaN,NaN,NaN
6318,10154.92,6597.14,NaN,NaN,NaN
6319,10235.97,6630.49,2,2,0.0000
6320,10218.67,6935.71,NaN,NaN,NaN
6321,10556.11,6783.59,NaN,NaN,NaN
6322,10543.98,6977.01,3,8,2.6667
6323,10425.05,6730.12,0,0,0.0000
6324,10322.75,6963.97,2,2,0.0000
6325,10273.21,6951.81,NaN,NaN,NaN
6326,10863.54,6277.44,0,0,0.0000
6327,10585.74,6638.36,3,8,2.6667
6328,10685.48,6857.48,4,7,0.0000
6329,10202.66,7000.67,NaN,NaN,NaN
6330,10691.70,6951.50,0,0,0.0000
6331,10834.13,6899.56,0,0,0.0000
6332,10226.24,6757.57,0,0,0.0000
6333,10564.49,6687.93,0,0,0.0000
6334,10868.30,6773.01,NaN,NaN,NaN
6335,10860.95,6936.78,0,0,0.0000
6336,10802.24,6704.72,NaN,NaN,NaN
6337,10837.80,6471.43,NaN,NaN,NaN
6338,10377.32,6500.66,0,0,0.0000
6339,10848.14,6534.79,NaN,NaN,NaN
6340,10372.41,6567.59,0,0,0.0000
6341,10311.34,6303.71,NaN,NaN,NaN
6342,10818.68,6318.57,NaN,NaN,NaN
6343,10185.02,6478.88,0,0,0.0000
6344,10607.24,7021.57,2,3,0.0000
6345,10315.42,6595.44,0,0,0.0000
6346,10324.74,6545.53,0,0,0.0000
6347,10130.87,6893.33,2,5,2.5000
6348,10861.70,6349.53,0,0,0.0000
6349,10351.06,6765.35,0,0,0.0000
6350,10467.31,6934.75,NaN,NaN,NaN
6351,10795.41,6499.04,NaN,NaN,NaN
6352,10643.69,6962.21,0,0,0.0000
6353,10750.32,6929.09,0,0,0.0000
6354,10796.20,6953.47,NaN,NaN,NaN
6355,10260.75,6505.68,NaN,NaN,NaN
6356,10605.25,6731.24,0,0,0.0000
6357,10283.06,6531.30,NaN,NaN,NaN
6358,10383.43,6413.00,NaN,NaN,NaN
6359,10737.26,6525.01,0,0,0.0000
6360,10838.00,6741.67,NaN,NaN,NaN
6361,10838.51,7017.30,0,0,0.0000
6362,11218.50,6557.90,NaN,NaN,NaN
6363,11135.93,6760.25,3,5,0.0000
6364,11331.53,6387.79,NaN,NaN,NaN
6365,11035.83,6865.60,NaN,NaN,NaN
6366,11119.44,6911.36,NaN,NaN,NaN
6367,11166.76,6333.30,NaN,NaN,NaN
6368,11582.36,6840.13,2,7,3.5000
6369,11065.46,6438.64,NaN,NaN,NaN
6370,10934.81,6349.04,NaN,NaN,NaN
6371,11381.22,6631.11,NaN,NaN,NaN
6372,11320.08,6701.23,NaN,NaN,NaN
6373,11247.29,6347.88,0,0,0.0000
6374,11567.42,6563.09,0,0,0.0000
6375,11073.55,6568.14,NaN,NaN,NaN
6376,11421.63,6351.60,3,4,0.0000
6377,11223.27,6694.95,NaN,NaN,NaN
6378,11053.61,6981.98,0,0,0.0000
6379,11318.63,6900.70,NaN,NaN,NaN
6380,11086.66,6356.46,2,4,2.0000
6381,11047.28,6703.64,0,0,0.0000
6382,11350.51,6974.49,NaN,NaN,NaN
6383,11382.82,6462.06,2,4,2.0000
6384,11007.28,6356.73,2,5,2.5000
6385,11115.20,6656.43,NaN,NaN,NaN
6386,11446.77,6805.99,2,3,0.0000
6387,10912.09,6602.29,2,1,0.0000
6388,11223.18,6919.14,2,2,0.0000
6389,11330.95,6830.78,0,0,0.0000
6390,11147.07,6998.75,2,6,3.0000
6391,11435.51,6717.79,0,0,0.0000
6392,11508.21,6668.67,NaN,NaN,NaN
6393,11603.11,6904.56,NaN,NaN,NaN
6394,11534.11,6428.11,NaN,NaN,NaN
6395,11201.22,6855.94,2,5,2.5000
6396,11562.49,6478.77,2,3,0.0000
6397,10970.57,6419.60,0,0,0.0000
6398,11373.29,6765.73,0,0,0.0000
6399,11247.54,6805.79,NaN,NaN,NaN
6400,11429.42,6987.44,NaN,NaN,NaN
6401,11082.32,6515.31,NaN,NaN,NaN
6402,10983.04,6604.37,0,0,0.0000
6403,10984.07,6663.51,2,3,0.0000
6404,11304.10,6772.44,NaN,NaN,NaN
6405,11476.90,6996.00,3,4,0.0000
6406,10884.71,6390.79,0,0,0.0000
6407,11503.27,6869.71,0,0,0.0000
6408,11506.90,6938.67,0,0,0.0000
6409,11509.65,6372.14,NaN,NaN,NaN
6410,11574.06,6754.33,2,3,0.0000
6411,11400.67,6902.00,NaN,NaN,NaN
6412,10973.42,6526.88,0,0,0.0000
6413,10968.63,6868.86,NaN,NaN,NaN
6414,11150.69,6486.64,NaN,NaN,NaN
6415,11548.75,6338.40,NaN,NaN,NaN
6416,11249.24,6416.96,0,0,0.0000
6417,10903.06,6533.49,0,0,0.0000
6418,10980.02,6471.07,0,0,0.0000
6419,11327.30,6600.05,2,7,3.5000
6420,10912.42,6276.84,NaN,NaN,NaN
6421,11421.54,6858.49,0,0,0.0000
6422,11551.98,6639.45,0,0,0.0000
6423,11308.31,6490.57,0,0,0.0000
6424,11435.72,6419.20,0,0,0.0000
6425,11619.31,6498.46,0,0,0.0000
6426,11268.84,6630.61,NaN,NaN,NaN
6427,11168.81,6530.38,0,0,0.0000
6428,11168.14,6405.00,NaN,NaN,NaN
6429,11461.39,6618.04,0,0,0.0000
6430,11488.32,6499.60,NaN,NaN,NaN
6431,11475.59,6574.84,0,0,0.0000
6432,10912.88,6473.04,0,0,0.0000
6433,11207.74,6642.42,0,0,0.0000
6434,11195.08,6429.14,NaN,NaN,NaN
6435,11194.29,6474.97,NaN,NaN,NaN
6436,11459.30,6475.59,NaN,NaN,NaN
6437,11412.06,6495.06,NaN,NaN,NaN
6438,11437.38,6519.18,NaN,NaN,NaN
6439,11232.62,6464.60,NaN,NaN,NaN
6440,11562.85,6614.52,0,0,0.0000
6441,11463.33,6890.48,0,0,0.0000
6442,11297.57,6310.04,0,0,0.0000
6443,11707.39,6531.61,2,8,4.0000
6444,11794.70,6588.02,NaN,NaN,NaN
6445,11664.42,6628.38,NaN,NaN,NaN
6446,11735.87,6453.24,NaN,NaN,NaN
6447,11701.95,6409.73,3,3,0.0000
6448,11697.35,6733.22,0,0,0.0000
6449,11651.30,6906.45,0,0,0.0000
6450,11740.18,6660.23,0,0,0.0000
6451,11775.28,6387.42,0,0,0.0000
6452,11746.62,6962.98,3,4,0.0000
6453,11690.46,6851.71,NaN,NaN,NaN
6454,11703.53,6904.38,NaN,NaN,NaN
6455,11759.93,6851.30,0,0,0.0000
6456,11707.65,6355.29,0,0,0.0000
6457,15465.87,6707.73,0,0,0.0000
6458,15486.12,6513.65,0,0,0.0000
6459,15933.27,6305.78,0,0,0.0000
6460,15946.07,6491.45,4,6,0.0000
6461,16098.98,6835.71,0,0,0.0000
6462,16280.64,6596.19,2,5,2.5000
6463,16197.35,6783.49,0,0,0.0000
6464,16261.22,6366.95,NaN,NaN,NaN
6465,16165.62,6350.96,0,0,0.0000
6466,16260.96,6506.29,3,4,0.0000
6467,16074.29,6645.57,3,2,0.0000
6468,16114.94,6894.00,0,0,0.0000
6469,16130.37,6304.79,NaN,NaN,NaN
6470,16207.70,6449.49,NaN,NaN,NaN
6471,16248.84,6724.47,NaN,NaN,NaN
6472,16316.98,6766.15,NaN,NaN,NaN
6473,15527.77,6532.24,NaN,NaN,NaN
6474,16084.15,6364.61,0,0,0.0000
6475,16256.34,6787.80,NaN,NaN,NaN
6476,16042.03,6798.89,3,7,2.3333
6477,15528.63,6666.80,0,0,0.0000
6478,15659.44,6848.73,0,0,0.0000
6479,16303.04,6312.04,2,4,2.0000
6480,15600.66,6673.34,NaN,NaN,NaN
6481,16222.55,6639.14,0,0,0.0000
6482,16233.12,6303.30,3,2,0.0000
6483,16113.50,6542.72,3,6,2.0000
6484,16314.37,6871.68,NaN,NaN,NaN
6485,16013.53,6314.31,NaN,NaN,NaN
6486,16011.01,6583.31,NaN,NaN,NaN
6487,16272.59,6991.60,4,9,2.2500
6488,16106.31,6776.28,4,6,0.0000
6489,15572.86,6801.18,NaN,NaN,NaN
6490,16298.96,6803.79,0,0,0.0000
6491,15871.67,6387.34,4,6,0.0000
6492,15554.27,6624.33,0,0,0.0000
6493,16259.08,6838.21,3,7,2.3333
6494,16203.35,6609.67,0,0,0.0000
6495,15574.87,6712.96,0,0,0.0000
6496,16159.20,6936.36,0,0,0.0000
6497,16241.50,6569.45,4,2,0.0000
6498,16367.23,6315.77,0,0,0.0000
6499,16175.74,6710.58,0,0,0.0000
6500,867.62,7125.35,2,5,2.5000
6501,429.67,7639.76,0,0,0.0000
6502,776.89,7065.52,NaN,NaN,NaN
6503,498.64,7644.78,NaN,NaN,NaN
6504,568.61,7786.35,NaN,NaN,NaN
6505,674.02,7146.13,2,4,2.0000
6506,439.61,7753.16,NaN,NaN,NaN
6507,376.47,7547.58,NaN,NaN,NaN
6508,752.12,7193.18,3,1,0.0000
6509,378.99,7757.71,NaN,NaN,NaN
6510,741.45,7140.76,0,0,0.0000
6511,644.54,7080.67,0,0,0.0000
6512,280.57,7460.19,3,6,2.0000
6513,349.75,7619.29,NaN,NaN,NaN
6514,510.98,7784.81,2,3,0.0000
6515,322.81,7509.58,NaN,NaN,NaN
6516,406.00,7790.44,NaN,NaN,NaN
6517,378.36,7615.22,NaN,NaN,NaN
6518,532.95,7700.50,2,2,0.0000
6519,395.40,7487.11,NaN,NaN,NaN
6520,384.47,7701.97,NaN,NaN,NaN
6521,840.22,7055.33,0,0,0.0000
6522,977.97,7072.64,2,5,2.5000
6523,1625.08,7443.96,NaN,NaN,NaN
6524,1659.05,7365.78,NaN,NaN,NaN
6525,1645.67,7728.10,3,3,0.0000
6526,1605.98,7788.28,2,5,2.5000
6527,1309.69,7736.78,NaN,NaN,NaN
6528,1457.14,7054.99,NaN,NaN,NaN
6529,932.32,7137.16,0,0,0.0000
6530,1149.43,7513.19,3,3,0.0000
6531,1777.78,7741.04,NaN,NaN,NaN
6532,2239.67,7251.07,NaN,NaN,NaN
6533,1888.29,7180.86,NaN,NaN,NaN
6534,2344.61,7338.93,NaN,NaN,NaN
6535,2282.75,7426.43,0,0,0.0000
6536,2209.36,7372.47,2,3,0.0000
6537,1744.83,7620.85,2,3,0.0000
6538,1677.56,7804.55,2,4,2.0000
6539,2393.21,7254.06,NaN,NaN,NaN
6540,2348.14,7465.07,NaN,NaN,NaN
6541,2132.66,7358.73,2,4,2.0000
6542,2341.47,7153.89,NaN,NaN,NaN
6543,2427.20,7651.89,0,0,0.0000
6544,2262.55,7500.38,0,0,0.0000
6545,2370.43,7587.96,0,0,0.0000
6546,1807.80,7577.26,NaN,NaN,NaN
6547,2319.76,7262.02,NaN,NaN,NaN
6548,1808.18,7633.49,0,0,0.0000
6549,2333.82,7210.48,NaN,NaN,NaN
6550,2329.87,7105.94,NaN,NaN,NaN
6551,2414.75,7477.59,NaN,NaN,NaN
6552,2149.77,7411.51,NaN,NaN,NaN
6553,2417.62,7190.97,0,0,0.0000
6554,3075.29,7485.98,NaN,NaN,NaN
6555,2576.00,7500.56,NaN,NaN,NaN
6556,2486.95,7274.52,2,5,2.5000
6557,3077.91,7588.52,NaN,NaN,NaN
6558,2938.87,7402.74,NaN,NaN,NaN
6559,2455.15,7566.90,2,2,0.0000
6560,3020.47,7697.97,NaN,NaN,NaN
6561,2833.38,7361.10,NaN,NaN,NaN
6562,2602.89,7631.88,NaN,NaN,NaN
6563,3004.53,7792.44,NaN,NaN,NaN
6564,2945.59,7540.06,2,2,0.0000
6565,2521.29,7204.52,NaN,NaN,NaN
6566,3115.00,7719.11,NaN,NaN,NaN
6567,2777.42,7725.87,NaN,NaN,NaN
6568,2432.79,7377.97,0,0,0.0000
6569,3115.30,7803.11,NaN,NaN,NaN
6570,3091.10,7639.68,NaN,NaN,NaN
6571,2730.04,7449.04,NaN,NaN,NaN
6572,2829.16,7795.55,2,3,0.0000
6573,2841.03,7532.34,NaN,NaN,NaN
6574,2618.87,7313.87,NaN,NaN,NaN
6575,2606.99,7248.28,NaN,NaN,NaN
6576,2520.64,7546.29,NaN,NaN,NaN
6577,2601.35,7180.91,NaN,NaN,NaN
6578,2920.93,7607.30,0,0,0.0000
6579,3052.59,7769.92,5,4,0.0000
6580,2682.47,7520.01,0,0,0.0000
6581,2451.94,7071.31,3,5,0.0000
6582,2785.18,7383.56,0,0,0.0000
6583,2686.64,7206.08,3,4,0.0000
6584,3173.44,7561.41,2,1,0.0000
6585,2896.51,7714.09,3,5,0.0000
6586,2630.24,7419.90,2,2,0.0000
6587,2482.70,7465.36,NaN,NaN,NaN
6588,2685.30,7596.82,2,4,2.0000
6589,2788.69,7541.70,NaN,NaN,NaN
6590,2892.63,7328.41,NaN,NaN,NaN
6591,2528.11,7396.49,NaN,NaN,NaN
6592,2531.49,7635.30,NaN,NaN,NaN
6593,2878.15,7463.94,0,0,0.0000
6594,2477.33,7630.65,NaN,NaN,NaN
6595,2573.82,7048.29,0,0,0.0000
6596,2676.23,7307.92,NaN,NaN,NaN
6597,2882.29,7657.97,2,5,2.5000
6598,2858.77,7611.87,NaN,NaN,NaN
6599,2789.81,7455.55,NaN,NaN,NaN
6600,2535.29,7322.24,0,0,0.0000
6601,2666.29,7377.88,3,3,0.0000
6602,3146.31,7657.98,NaN,NaN,NaN
6603,2564.26,7110.87,2,4,2.0000
6604,2725.22,7662.59,NaN,NaN,NaN
6605,2539.49,7355.04,NaN,NaN,NaN
6606,2835.51,7725.21,0,0,0.0000
6607,2816.30,7433.67,2,2,0.0000
6608,3817.14,7631.92,2,5,2.5000
6609,3651.83,7494.07,NaN,NaN,NaN
6610,3756.03,7677.76,3,5,0.0000
6611,3885.02,7713.26,0,0,0.0000
6612,3737.99,7561.33,3,4,0.0000
6613,3860.64,7564.93,2,1,0.0000
6614,3438.67,7108.83,NaN,NaN,NaN
6615,3926.78,7618.06,NaN,NaN,NaN
6616,3422.06,7062.37,NaN,NaN,NaN
6617,3935.66,7495.89,0,0,0.0000
6618,3755.34,7756.70,2,4,2.0000
6619,3869.98,7474.65,0,0,0.0000
6620,3443.86,7170.29,NaN,NaN,NaN
6621,3382.24,7097.25,NaN,NaN,NaN
6622,3569.49,7459.77,2,6,3.0000
6623,3978.11,7725.15,2,1,0.0000
6624,4034.60,7661.42,2,3,0.0000
6625,4098.76,7661.81,2,3,0.0000
6626,4653.78,7122.78,NaN,NaN,NaN
6627,4684.96,7042.85,2,3,0.0000
6628,4662.46,7084.20,NaN,NaN,NaN
6629,3974.53,7482.43,0,0,0.0000
6630,5300.04,7799.76,2,3,0.0000
6631,4987.10,7553.50,0,0,0.0000
6632,5019.76,7696.86,NaN,NaN,NaN
6633,4830.74,7271.54,NaN,NaN,NaN
6634,5019.92,7051.34,NaN,NaN,NaN
6635,5079.00,7440.71,NaN,NaN,NaN
6636,5091.08,7798.30,NaN,NaN,NaN
6637,4936.90,7681.88,NaN,NaN,NaN
6638,5197.05,7639.51,NaN,NaN,NaN
6639,4984.53,7791.23,3,9,3.0000
6640,4981.88,7435.17,NaN,NaN,NaN
6641,5174.74,7118.44,NaN,NaN,NaN
6642,5296.62,7573.16,2,6,3.0000
6643,5220.18,7396.00,NaN,NaN,NaN
6644,4937.26,7049.08,2,4,2.0000
6645,4882.36,7612.23,NaN,NaN,NaN
6646,4871.13,7242.63,NaN,NaN,NaN
6647,4741.22,7106.97,NaN,NaN,NaN
6648,5347.29,7476.72,4,5,0.0000
6649,5108.94,7531.80,4,8,2.0000
6650,5130.91,7651.05,NaN,NaN,NaN
6651,4897.92,7430.51,NaN,NaN,NaN
6652,5202.17,7471.96,0,0,0.0000
6653,5122.02,7335.08,NaN,NaN,NaN
6654,4814.68,7350.94,NaN,NaN,NaN
6655,5027.77,7166.51,3,6,2.0000
6656,5218.97,7307.45,NaN,NaN,NaN
6657,4940.92,7289.61,0,0,0.0000
6658,5309.92,7699.46,0,0,0.0000
6659,5361.18,7789.87,NaN,NaN,NaN
6660,4918.45,7185.92,NaN,NaN,NaN
6661,5320.77,7518.49,NaN,NaN,NaN
6662,5216.60,7066.61,2,2,0.0000
6663,5054.58,7584.25,NaN,NaN,NaN
6664,4981.20,7361.57,0,0,0.0000
6665,5006.24,7321.40,0,0,0.0000
6666,5160.23,7232.41,0,0,0.0000
6667,4844.14,7440.98,0,0,0.0000
6668,5097.91,7201.70,NaN,NaN,NaN
6669,5166.51,7724.33,2,3,0.0000
6670,4848.42,7144.02,NaN,NaN,NaN
6671,5119.82,7148.82,NaN,NaN,NaN
6672,5033.09,7373.46,0,0,0.0000
6673,5185.16,7520.28,0,0,0.0000
6674,5287.76,7339.26,NaN,NaN,NaN
6675,4858.44,7520.23,NaN,NaN,NaN
6676,4908.62,7564.55,0,0,0.0000
6677,5206.98,7223.18,NaN,NaN,NaN
6678,5249.93,7204.38,NaN,NaN,NaN
6679,4986.24,7115.19,0,0,0.0000
6680,5267.43,7165.50,NaN,NaN,NaN
6681,4975.29,7242.74,0,0,0.0000
6682,4900.78,7523.69,NaN,NaN,NaN
6683,5213.89,7767.83,NaN,NaN,NaN
6684,5273.17,7110.32,0,0,0.0000
6685,5051.11,7229.07,0,0,0.0000
6686,5474.22,7678.85,2,2,0.0000
6687,5213.39,7723.10,NaN,NaN,NaN
6688,4856.59,7352.98,0,0,0.0000
6689,5244.66,7261.39,NaN,NaN,NaN
6690,6864.22,7630.70,NaN,NaN,NaN
6691,6637.41,7107.91,3,6,2.0000
6692,6893.28,7582.92,0,0,0.0000
6693,6588.77,7192.77,NaN,NaN,NaN
6694,6886.45,7684.67,NaN,NaN,NaN
6695,6807.72,7685.88,NaN,NaN,NaN
6696,6855.49,7733.57,NaN,NaN,NaN
6697,6549.63,7120.31,0,0,0.0000
6698,6832.50,7463.54,NaN,NaN,NaN
6699,6928.84,7633.05,0,0,0.0000
6700,7034.95,7623.93,0,0,0.0000
6701,6561.36,7072.08,2,2,0.0000
6702,6838.76,7410.40,0,0,0.0000
6703,7039.49,7788.59,NaN,NaN,NaN
6704,6927.31,7757.68,NaN,NaN,NaN
6705,6765.65,7700.91,2,3,0.0000
6706,6780.54,7791.83,NaN,NaN,NaN
6707,6816.44,7806.35,NaN,NaN,NaN
6708,7008.22,7710.05,NaN,NaN,NaN
6709,6802.23,7761.33,NaN,NaN,NaN
6710,7116.95,7768.44,2,4,2.0000
6711,7397.62,7340.02,0,0,0.0000
6712,7073.85,7688.89,3,3,0.0000
6713,7287.95,7373.43,0,0,0.0000
6714,7548.35,7298.94,0,0,0.0000
6715,7187.77,7067.03,2,4,2.0000
6716,7476.12,7425.79,2,6,3.0000
6717,7448.53,7254.07,2,2,0.0000
6718,7426.73,7450.98,0,0,0.0000
6719,7084.39,7263.87,0,0,0.0000
6720,7088.70,7209.18,NaN,NaN,NaN
6721,7424.52,7505.30,NaN,NaN,NaN
6722,7042.86,7744.35,NaN,NaN,NaN
6723,7497.32,7237.91,NaN,NaN,NaN
6724,8208.78,7486.26,NaN,NaN,NaN
6725,8374.85,7404.79,3,7,2.3333
6726,8275.22,7709.95,NaN,NaN,NaN
6727,8413.24,7762.26,NaN,NaN,NaN
6728,8223.98,7359.29,NaN,NaN,NaN
6729,8096.59,7544.88,NaN,NaN,NaN
6730,8363.26,7613.03,NaN,NaN,NaN
6731,8083.97,7424.42,2,1,0.0000
6732,8233.73,7639.67,NaN,NaN,NaN
6733,8343.71,7224.26,NaN,NaN,NaN
6734,8566.97,7212.45,0,0,0.0000
6735,8244.68,7239.02,NaN,NaN,NaN
6736,8443.30,7128.09,0,0,0.0000
6737,8446.63,7401.36,NaN,NaN,NaN
6738,8303.77,7573.45,NaN,NaN,NaN
6739,8285.99,7496.54,NaN,NaN,NaN
6740,8499.67,7071.50,NaN,NaN,NaN
6741,8540.18,7480.83,NaN,NaN,NaN
6742,8257.09,7159.97,NaN,NaN,NaN
6743,8428.38,7680.92,NaN,NaN,NaN
6744,8497.04,7537.36,0,0,0.0000
6745,8556.77,7320.54,NaN,NaN,NaN
6746,8349.76,7063.93,NaN,NaN,NaN
6747,8025.87,7379.61,NaN,NaN,NaN
6748,8321.17,7130.04,NaN,NaN,NaN
6749,8320.52,7803.80,0,0,0.0000
6750,8477.80,7597.24,NaN,NaN,NaN
6751,8452.81,7315.95,NaN,NaN,NaN
6752,8022.20,7477.50,NaN,NaN,NaN
6753,8188.34,7274.53,0,0,0.0000
6754,8177.82,7185.78,0,0,0.0000
6755,8018.60,7292.75,0,0,0.0000
6756,8453.61,7181.52,0,0,0.0000
6757,8453.30,7255.70,NaN,NaN,NaN
6758,8412.52,7527.72,NaN,NaN,NaN
6759,8134.34,7336.71,2,2,0.0000
6760,7963.10,7427.17,NaN,NaN,NaN
6761,8540.14,7405.89,NaN,NaN,NaN
6762,8144.13,7496.04,2,8,4.0000
6763,8070.41,7322.71,0,0,0.0000
6764,8301.67,7404.97,0,0,0.0000
6765,8364.56,7683.81,0,0,0.0000
6766,8548.86,7156.80,0,0,0.0000
6767,8486.01,7641.59,NaN,NaN,NaN
6768,8523.56,7271.79,NaN,NaN,NaN
6769,8019.02,7540.67,0,0,0.0000
6770,7913.80,7356.31,NaN,NaN,NaN
6771,8413.20,7469.57,NaN,NaN,NaN
6772,8513.95,7357.64,2,8,4.0000
6773,8557.85,7106.00,NaN,NaN,NaN
6774,8289.24,7305.96,2,8,4.0000
6775,9089.36,7452.54,NaN,NaN,NaN
6776,8655.41,7777.13,0,0,0.0000
6777,9315.26,7625.55,2,2,0.0000
6778,8845.01,7656.67,NaN,NaN,NaN
6779,8579.88,7647.96,2,2,0.0000
6780,8682.30,7088.63,2,8,4.0000
6781,8751.33,7494.97,0,0,0.0000
6782,9078.27,7753.28,NaN,NaN,NaN
6783,8943.47,7152.82,3,7,2.3333
6784,8863.32,7402.43,NaN,NaN,NaN
6785,8858.69,7270.77,0,0,0.0000
6786,8817.06,7759.47,NaN,NaN,NaN
6787,9149.62,7705.39,NaN,NaN,NaN
6788,8953.07,7620.31,NaN,NaN,NaN
6789,9162.45,7623.71,2,4,2.0000
6790,9152.87,7125.99,NaN,NaN,NaN
6791,9194.09,7042.85,NaN,NaN,NaN
6792,9211.61,7509.63,2,2,0.0000
6793,8967.68,7266.87,NaN,NaN,NaN
6794,9265.06,7049.58,4,8,2.0000
6795,9096.32,7309.23,0,0,0.0000
6796,8833.17,7557.60,NaN,NaN,NaN
6797,8650.44,7541.35,NaN,NaN,NaN
6798,9015.47,7083.58,NaN,NaN,NaN
6799,8928.29,7519.62,NaN,NaN,NaN
6800,9256.76,7185.74,0,0,0.0000
6801,9135.53,7555.48,4,9,2.2500
6802,8675.42,7317.77,NaN,NaN,NaN
6803,8863.83,7486.64,0,0,0.0000
6804,8851.25,7103.61,3,7,2.3333
6805,9021.73,7647.98,NaN,NaN,NaN
6806,8656.54,7679.32,NaN,NaN,NaN
6807,8615.61,7161.90,2,2,0.0000
6808,8733.33,7640.28,NaN,NaN,NaN
6809,9310.75,7348.10,5,8,0.0000
6810,9030.80,7295.41,NaN,NaN,NaN
6811,8926.62,7383.15,NaN,NaN,NaN
6812,8916.69,7304.16,2,2,0.0000
6813,9303.98,7109.02,NaN,NaN,NaN
6814,9076.72,7179.16,2,3,0.0000
6815,8962.01,7705.30,2,6,3.0000
6816,8851.43,7165.73,NaN,NaN,NaN
6817,8710.96,7426.24,NaN,NaN,NaN
6818,9264.31,7249.21,NaN,NaN,NaN
6819,9240.00,7772.85,2,4,2.0000
6820,9274.28,7408.00,0,0,0.0000
6821,8737.58,7236.77,0,0,0.0000
6822,8676.71,7217.33,NaN,NaN,NaN
6823,8592.32,7416.54,NaN,NaN,NaN
6824,8698.36,7161.99,2,4,2.0000
6825,8838.33,7212.75,NaN,NaN,NaN
6826,9201.83,7277.70,NaN,NaN,NaN
6827,9294.48,7732.16,NaN,NaN,NaN
6828,8768.69,7188.50,NaN,NaN,NaN
6829,8613.97,7331.39,NaN,NaN,NaN
6830,9314.03,7800.93,NaN,NaN,NaN
6831,9025.36,7145.86,NaN,NaN,NaN
6832,9220.38,7611.29,NaN,NaN,NaN
6833,8908.19,7779.05,NaN,NaN,NaN
6834,9028.93,7360.21,NaN,NaN,NaN
6835,8756.66,7303.63,0,0,0.0000
6836,8968.63,7434.84,0,0,0.0000
6837,8636.85,7388.14,0,0,0.0000
6838,8619.09,7483.89,2,3,0.0000
6839,9295.51,7506.06,3,3,0.0000
6840,9256.18,7338.12,0,0,0.0000
6841,9211.40,7371.51,0,0,0.0000
6842,8799.35,7069.58,4,5,0.0000
6843,9178.24,7317.10,0,0,0.0000
6844,9065.72,7594.16,2,5,2.5000
6845,9025.80,7232.28,0,0,0.0000
6846,8745.38,7357.32,NaN,NaN,NaN
6847,9311.28,7559.82,NaN,NaN,NaN
6848,8969.48,7337.14,2,8,4.0000
6849,9171.60,7185.60,0,0,0.0000
6850,9008.30,7732.64,NaN,NaN,NaN
6851,8955.40,7804.63,NaN,NaN,NaN
6852,8798.94,7141.56,0,0,0.0000
6853,9012.41,7585.85,NaN,NaN,NaN
6854,8607.87,7285.93,NaN,NaN,NaN
6855,9140.24,7209.86,NaN,NaN,NaN
6856,9084.59,7107.76,NaN,NaN,NaN
6857,8603.75,7456.19,NaN,NaN,NaN
6858,8800.05,7427.62,0,0,0.0000
6859,8795.40,7246.50,NaN,NaN,NaN
6860,9730.39,7139.31,0,0,0.0000
6861,9384.30,7190.16,NaN,NaN,NaN
6862,9908.81,7040.73,2,1,0.0000
6863,9851.11,7063.35,NaN,NaN,NaN
6864,9530.56,7174.18,2,4,2.0000
6865,9375.27,7399.82,2,4,2.0000
6866,9879.87,7146.05,NaN,NaN,NaN
6867,9354.92,7293.54,NaN,NaN,NaN
6868,9377.89,7767.10,NaN,NaN,NaN
6869,9478.97,7234.08,NaN,NaN,NaN
6870,9424.39,7700.67,NaN,NaN,NaN
6871,9487.00,7692.10,NaN,NaN,NaN
6872,9448.68,7768.76,0,0,0.0000
6873,10013.56,7070.24,NaN,NaN,NaN
6874,9641.82,7183.06,0,0,0.0000
6875,9376.74,7111.95,NaN,NaN,NaN
6876,9969.07,7076.47,NaN,NaN,NaN
6877,9362.16,7494.39,NaN,NaN,NaN
6878,9827.81,7124.38,NaN,NaN,NaN
6879,9800.08,7218.43,NaN,NaN,NaN
6880,9798.34,7162.70,2,5,2.5000
6881,10792.89,7065.71,NaN,NaN,NaN
6882,10386.89,7081.45,NaN,NaN,NaN
6883,10224.14,7057.15,NaN,NaN,NaN
6884,10320.11,7067.69,NaN,NaN,NaN
6885,10524.05,7042.75,2,2,0.0000
6886,10124.15,7097.64,2,5,2.5000
6887,10256.06,7089.53,0,0,0.0000
6888,10166.60,7048.01,NaN,NaN,NaN
6889,11010.77,7206.80,0,0,0.0000
6890,11181.75,7182.03,3,3,0.0000
6891,11302.40,7119.72,3,7,2.3333
6892,10974.44,7079.71,NaN,NaN,NaN
6893,10880.90,7106.20,6,11,0.0000
6894,11058.18,7082.93,NaN,NaN,NaN
6895,11531.07,7043.22,0,0,0.0000
6896,11116.02,7092.46,NaN,NaN,NaN
6897,11373.05,7087.10,0,0,0.0000
6898,11084.25,7152.19,NaN,NaN,NaN
6899,11416.44,7050.58,0,0,0.0000
6900,11082.89,7205.03,0,0,0.0000
6901,11319.19,7041.23,0,0,0.0000
6902,11389.51,7150.47,0,0,0.0000
6903,10941.57,7292.55,3,2,0.0000
6904,11582.90,7129.55,NaN,NaN,NaN
6905,16334.26,7120.46,2,5,2.5000
6906,16354.75,7161.29,NaN,NaN,NaN
6907,16284.33,7042.71,NaN,NaN,NaN
6908,16247.37,7784.63,NaN,NaN,NaN
6909,151.23,8216.24,3,6,2.0000
6910,136.31,8485.88,2,2,0.0000
6911,483.16,8030.52,3,3,0.0000
6912,427.33,7860.41,5,3,0.0000
6913,438.31,8322.61,0,0,0.0000
6914,513.10,7871.81,NaN,NaN,NaN
6915,572.35,7991.88,0,0,0.0000
6916,545.13,8198.95,2,3,0.0000
6917,345.97,7898.20,NaN,NaN,NaN
6918,437.36,8155.71,3,7,2.3333
6919,515.88,8302.41,NaN,NaN,NaN
6920,332.50,8135.24,NaN,NaN,NaN
6921,585.66,8336.57,2,5,2.5000
6922,154.65,8356.68,NaN,NaN,NaN
6923,332.98,8019.44,NaN,NaN,NaN
6924,431.19,8436.15,3,3,0.0000
6925,412.94,8097.82,4,5,0.0000
6926,566.16,8507.99,NaN,NaN,NaN
6927,597.85,7871.49,NaN,NaN,NaN
6928,556.47,8392.23,0,0,0.0000
6929,412.87,8001.23,NaN,NaN,NaN
6930,268.53,8091.65,NaN,NaN,NaN
6931,874.73,8038.94,0,0,0.0000
6932,47.59,8216.63,NaN,NaN,NaN
6933,456.02,8493.72,NaN,NaN,NaN
6934,514.08,8478.90,NaN,NaN,NaN
6935,41.23,8320.15,NaN,NaN,NaN
6936,510.22,8408.56,NaN,NaN,NaN
6937,155.18,8090.27,2,5,2.5000
6938,458.50,8208.93,0,0,0.0000
6939,225.78,8044.37,NaN,NaN,NaN
6940,395.30,8513.64,NaN,NaN,NaN
6941,63.59,8084.98,2,1,0.0000
6942,522.42,8528.60,5,1,0.0000
6943,14.46,8108.14,0,0,0.0000
6944,447.04,7930.15,4,6,0.0000
6945,535.10,8567.58,NaN,NaN,NaN
6946,280.44,8033.31,NaN,NaN,NaN
6947,232.67,8135.70,0,0,0.0000
6948,901.74,8114.97,NaN,NaN,NaN
6949,1651.46,7961.46,NaN,NaN,NaN
6950,1533.10,8271.06,4,8,2.0000
6951,970.55,8192.92,NaN,NaN,NaN
6952,1617.48,8073.00,4,6,0.0000
6953,1599.30,8311.66,NaN,NaN,NaN
6954,1533.52,8473.13,NaN,NaN,NaN
6955,1598.71,8443.04,0,0,0.0000
6956,1633.13,8542.91,2,5,2.5000
6957,980.62,8106.62,NaN,NaN,NaN
6958,1647.44,8385.21,NaN,NaN,NaN
6959,1570.04,8148.70,0,0,0.0000
6960,1529.97,8088.13,2,4,2.0000
6961,1640.72,8263.57,NaN,NaN,NaN
6962,1512.65,8167.27,NaN,NaN,NaN
6963,1538.37,8397.88,0,0,0.0000
6964,1598.12,7855.15,NaN,NaN,NaN
6965,1616.45,8177.63,2,1,0.0000
6966,1571.19,7937.90,NaN,NaN,NaN
6967,1534.87,8016.50,NaN,NaN,NaN
6968,1597.34,8218.82,2,4,2.0000
6969,1572.54,8360.14,2,2,0.0000
6970,1576.29,8010.29,NaN,NaN,NaN
6971,1023.96,8220.51,NaN,NaN,NaN
6972,1610.97,7995.75,NaN,NaN,NaN
6973,1575.14,7819.19,0,0,0.0000
6974,1476.39,8304.40,0,0,0.0000
6975,1943.20,7897.50,NaN,NaN,NaN
6976,1899.35,8084.48,NaN,NaN,NaN
6977,1850.64,8138.96,4,3,0.0000
6978,1936.77,8186.26,NaN,NaN,NaN
6979,1674.05,8169.75,NaN,NaN,NaN
6980,1913.86,7981.91,NaN,NaN,NaN
6981,1722.49,8086.59,NaN,NaN,NaN
6982,1720.49,7990.24,NaN,NaN,NaN
6983,1979.85,8311.06,NaN,NaN,NaN
6984,1998.20,7988.24,0,0,0.0000
6985,1835.61,7969.57,NaN,NaN,NaN
6986,1822.38,7891.31,3,4,0.0000
6987,1918.89,7820.70,2,3,0.0000
6988,2255.45,8426.06,0,0,0.0000
6989,1954.15,8044.91,NaN,NaN,NaN
6990,1760.01,7941.87,NaN,NaN,NaN
6991,2030.31,8342.83,NaN,NaN,NaN
6992,1802.94,8032.14,2,4,2.0000
6993,1873.41,7869.85,3,3,0.0000
6994,1967.01,8371.20,NaN,NaN,NaN
6995,2117.36,8509.48,2,3,0.0000
6996,1679.88,7887.36,0,0,0.0000
6997,1796.10,7842.47,0,0,0.0000
6998,2024.80,7942.02,NaN,NaN,NaN
6999,1933.35,8331.72,0,0,0.0000
7000,2202.83,8485.58,NaN,NaN,NaN
7001,1668.53,8529.70,NaN,NaN,NaN
7002,1762.22,7870.76,0,0,0.0000
7003,1912.97,8295.26,0,0,0.0000
7004,1843.74,8016.95,0,0,0.0000
7005,3061.16,7994.68,0,0,0.0000
7006,3169.94,8247.28,2,3,0.0000
7007,3106.88,8117.33,2,3,0.0000
7008,2566.29,8453.80,NaN,NaN,NaN
7009,2703.06,8535.11,2,5,2.5000
7010,3142.95,8365.75,NaN,NaN,NaN
7011,2638.31,8505.45,0,0,0.0000
7012,3128.38,8490.56,0,0,0.0000
7013,3138.33,8052.64,3,1,0.0000
7014,3191.76,8037.83,NaN,NaN,NaN
7015,3150.93,8574.43,0,0,0.0000
7016,3106.32,7869.40,NaN,NaN,NaN
7017,3167.85,8127.97,3,3,0.0000
7018,3063.11,7825.91,NaN,NaN,NaN
7019,3125.93,7937.95,3,3,0.0000
7020,3841.00,8016.39,NaN,NaN,NaN
7021,3952.71,8474.42,0,0,0.0000
7022,3946.65,7819.39,0,0,0.0000
7023,3914.50,7932.99,3,7,2.3333
7024,3320.10,8029.30,NaN,NaN,NaN
7025,3922.77,8003.78,0,0,0.0000
7026,3892.94,8279.86,0,0,0.0000
7027,3231.07,8091.86,NaN,NaN,NaN
7028,3920.99,8077.49,NaN,NaN,NaN
7029,3241.70,8234.33,NaN,NaN,NaN
7030,3854.43,8546.40,0,0,0.0000
7031,3780.06,7935.36,3,2,0.0000
7032,3334.78,8308.37,0,0,0.0000
7033,3891.82,8349.58,0,0,0.0000
7034,3885.44,8161.86,NaN,NaN,NaN
7035,3836.73,7901.87,3,4,0.0000
7036,3900.42,7867.42,0,0,0.0000
7037,3294.81,8269.14,0,0,0.0000
7038,3221.04,8165.44,NaN,NaN,NaN
7039,3784.47,7859.03,NaN,NaN,NaN
7040,3868.96,8415.43,NaN,NaN,NaN
7041,3223.70,8284.23,NaN,NaN,NaN
7042,3708.55,8530.15,NaN,NaN,NaN
7043,3903.89,8492.38,2,3,0.0000
7044,3678.26,8547.31,0,0,0.0000
7045,4154.85,8551.27,0,0,0.0000
7046,4018.53,8552.30,0,0,0.0000
7047,4259.19,8477.52,2,3,0.0000
7048,4176.05,7944.58,2,3,0.0000
7049,4085.35,8317.12,0,0,0.0000
7050,4087.80,8018.37,NaN,NaN,NaN
7051,4168.16,8310.12,2,3,0.0000
7052,4309.80,8291.90,NaN,NaN,NaN
7053,4246.48,8324.82,NaN,NaN,NaN
7054,4020.68,8431.29,0,0,0.0000
7055,3989.05,8349.80,0,0,0.0000
7056,4144.87,8391.11,NaN,NaN,NaN
7057,4076.41,8459.19,0,0,0.0000
7058,4085.11,7941.95,NaN,NaN,NaN
7059,4040.63,7826.00,0,0,0.0000
7060,4162.21,8465.49,0,0,0.0000
7061,4251.65,8169.38,0,0,0.0000
7062,4387.17,8555.20,2,4,2.0000
7063,4221.69,8207.73,0,0,0.0000
7064,4035.82,8233.26,NaN,NaN,NaN
7065,4208.15,8255.26,2,6,3.0000
7066,4282.36,8236.87,2,4,2.0000
7067,3983.87,7903.02,0,0,0.0000
7068,4345.22,8509.57,NaN,NaN,NaN
7069,4123.50,7814.52,0,0,0.0000
7070,4152.64,7852.08,0,0,0.0000
7071,4102.51,8246.46,2,2,0.0000
7072,4144.31,8025.26,NaN,NaN,NaN
7073,4210.85,7941.69,NaN,NaN,NaN
7074,4330.28,8410.85,3,3,0.0000
7075,5476.74,8014.63,2,3,0.0000
7076,5288.25,8222.16,NaN,NaN,NaN
7077,5068.81,7940.10,NaN,NaN,NaN
7078,5176.05,7849.26,2,1,0.0000
7079,5216.50,8547.67,NaN,NaN,NaN
7080,5372.40,8065.37,NaN,NaN,NaN
7081,5054.89,8136.78,NaN,NaN,NaN
7082,5357.18,8164.49,NaN,NaN,NaN
7083,5093.63,8286.93,2,3,0.0000
7084,5149.58,8062.14,2,6,3.0000
7085,5342.22,8499.89,3,6,2.0000
7086,5491.23,8151.15,NaN,NaN,NaN
7087,5145.09,8396.94,NaN,NaN,NaN
7088,5203.65,8338.37,0,0,0.0000
7089,5148.56,8155.97,NaN,NaN,NaN
7090,5464.69,7854.19,2,4,2.0000
7091,5208.79,8232.86,NaN,NaN,NaN
7092,5259.04,8019.22,2,5,2.5000
7093,5410.05,8278.82,0,0,0.0000
7094,5480.06,8438.59,NaN,NaN,NaN
7095,5445.09,8558.69,NaN,NaN,NaN
7096,5222.60,8435.48,0,0,0.0000
7097,5361.10,8294.02,0,0,0.0000
7098,5127.48,8465.54,0,0,0.0000
7099,5274.86,7841.77,0,0,0.0000
7100,5299.26,8564.75,0,0,0.0000
7101,5495.82,7823.40,NaN,NaN,NaN
7102,5151.53,8297.16,2,4,2.0000
7103,5010.74,8165.75,NaN,NaN,NaN
7104,5438.40,8457.62,NaN,NaN,NaN
7105,5275.49,8442.48,NaN,NaN,NaN
7106,5016.51,8002.14,NaN,NaN,NaN
7107,5335.58,8406.56,NaN,NaN,NaN
7108,4980.85,8039.35,0,0,0.0000
7109,5086.40,8401.16,NaN,NaN,NaN
7110,5424.09,8500.87,NaN,NaN,NaN
7111,5190.69,7994.35,0,0,0.0000
7112,5464.95,8282.14,0,0,0.0000
7113,5390.35,8404.74,0,0,0.0000
7114,5127.85,8221.32,NaN,NaN,NaN
7115,4965.23,7949.79,NaN,NaN,NaN
7116,5248.01,7866.10,0,0,0.0000
7117,5244.29,8286.64,0,0,0.0000
7118,5025.51,8241.07,3,6,2.0000
7119,5132.34,7963.32,0,0,0.0000
7120,5467.04,8201.88,0,0,0.0000
7121,4987.21,7902.25,0,0,0.0000
7122,5599.45,8466.25,NaN,NaN,NaN
7123,5525.60,8266.08,NaN,NaN,NaN
7124,5606.19,8013.01,2,3,0.0000
7125,5733.26,8370.65,2,3,0.0000
7126,5670.41,8439.70,NaN,NaN,NaN
7127,5519.88,8442.64,NaN,NaN,NaN
7128,5599.85,8110.37,0,0,0.0000
7129,5577.92,8213.19,NaN,NaN,NaN
7130,5623.77,8342.07,0,0,0.0000
7131,5836.56,8524.51,NaN,NaN,NaN
7132,5601.09,8562.33,0,0,0.0000
7133,5567.59,8317.79,NaN,NaN,NaN
7134,5512.16,8365.23,0,0,0.0000
7135,5614.28,7949.16,0,0,0.0000
7136,5675.61,8333.85,0,0,0.0000
7137,6833.35,8120.37,NaN,NaN,NaN
7138,6869.00,7847.07,3,9,3.0000
7139,6930.76,8356.70,NaN,NaN,NaN
7140,6933.40,8452.63,NaN,NaN,NaN
7141,6983.03,7989.72,3,8,2.6667
7142,6844.94,8237.10,NaN,NaN,NaN
7143,6892.88,8191.11,0,0,0.0000
7144,6846.34,8317.92,2,2,0.0000
7145,6920.20,7924.86,0,0,0.0000
7146,7026.62,8392.24,NaN,NaN,NaN
7147,6779.83,8315.68,NaN,NaN,NaN
7148,6944.99,8080.33,3,5,0.0000
7149,6999.71,7871.36,NaN,NaN,NaN
7150,6879.88,8474.08,2,4,2.0000
7151,6692.90,7996.09,NaN,NaN,NaN
7152,6951.03,7822.48,NaN,NaN,NaN
7153,7010.96,8122.47,NaN,NaN,NaN
7154,6796.58,8244.89,0,0,0.0000
7155,6945.39,8212.75,0,0,0.0000
7156,6923.70,7997.07,NaN,NaN,NaN
7157,6971.69,8301.32,NaN,NaN,NaN
7158,6762.74,8129.45,0,0,0.0000
7159,6792.76,7915.74,2,3,0.0000
7160,7033.48,8000.14,0,0,0.0000
7161,6776.79,8058.15,NaN,NaN,NaN
7162,7012.21,7810.81,NaN,NaN,NaN
7163,6912.96,8094.68,NaN,NaN,NaN
7164,6691.09,8056.15,0,0,0.0000
7165,6882.67,8024.23,4,8,2.0000
7166,7036.59,8058.81,0,0,0.0000
7167,6946.16,8523.56,2,4,2.0000
7168,6787.37,7871.62,0,0,0.0000
7169,6915.92,8258.80,2,2,0.0000
7170,6977.42,8259.90,0,0,0.0000
7171,6923.37,8541.70,NaN,NaN,NaN
7172,6939.68,8139.56,0,0,0.0000
7173,7218.88,8441.15,NaN,NaN,NaN
7174,7050.89,8240.87,2,2,0.0000
7175,7120.00,8286.00,NaN,NaN,NaN
7176,7049.09,8180.97,0,0,0.0000
7177,7143.53,8332.01,NaN,NaN,NaN
7178,7129.87,8184.19,NaN,NaN,NaN
7179,7469.31,7816.74,0,0,0.0000
7180,7493.61,7916.83,2,3,0.0000
7181,7063.55,8017.33,0,0,0.0000
7182,7068.43,8309.62,NaN,NaN,NaN
7183,7132.41,8432.16,2,3,0.0000
7184,7181.71,8387.19,NaN,NaN,NaN
7185,7216.58,8535.45,NaN,NaN,NaN
7186,7056.16,8361.73,0,0,0.0000
7187,7112.49,8377.03,NaN,NaN,NaN
7188,7508.49,7853.32,NaN,NaN,NaN
7189,7054.31,8108.54,2,1,0.0000
7190,7261.67,8515.89,0,0,0.0000
7191,7231.70,8367.86,NaN,NaN,NaN
7192,7195.53,8331.83,NaN,NaN,NaN
7193,7516.79,7813.04,NaN,NaN,NaN
7194,7251.61,8564.89,2,3,0.0000
7195,8501.36,8539.21,0,0,0.0000
7196,8505.51,7944.39,NaN,NaN,NaN
7197,8337.62,8349.09,2,4,2.0000
7198,8570.33,8146.12,NaN,NaN,NaN
7199,8324.99,7940.64,NaN,NaN,NaN
7200,8495.21,8347.63,3,6,2.0000
7201,8420.56,8295.52,2,5,2.5000
7202,8477.91,8035.26,0,0,0.0000
7203,8373.35,7876.75,NaN,NaN,NaN
7204,8453.93,7855.01,2,4,2.0000
7205,8517.58,8218.47,2,3,0.0000
7206,8477.95,8124.55,NaN,NaN,NaN
7207,8564.25,8324.60,NaN,NaN,NaN
7208,8388.17,8545.87,0,0,0.0000
7209,8303.45,8058.86,NaN,NaN,NaN
7210,8277.42,7839.09,0,0,0.0000
7211,8556.73,8058.37,NaN,NaN,NaN
7212,8421.36,7967.78,NaN,NaN,NaN
7213,8398.80,8131.91,0,0,0.0000
7214,8271.46,7895.60,NaN,NaN,NaN
7215,8522.70,7812.00,2,3,0.0000
7216,8560.08,8421.84,NaN,NaN,NaN
7217,8459.61,8185.66,NaN,NaN,NaN
7218,8355.83,8097.12,NaN,NaN,NaN
7219,8234.23,7884.77,NaN,NaN,NaN
7220,8763.07,8406.70,NaN,NaN,NaN
7221,8898.22,8519.66,NaN,NaN,NaN
7222,9263.61,8000.58,3,3,0.0000
7223,8619.74,8256.83,2,5,2.5000
7224,8861.56,7943.23,2,5,2.5000
7225,9030.60,8384.41,NaN,NaN,NaN
7226,8934.81,8011.67,2,3,0.0000
7227,8926.72,8257.92,2,5,2.5000
7228,9175.46,8078.36,NaN,NaN,NaN
7229,9241.70,8520.05,NaN,NaN,NaN
7230,8693.60,8520.47,NaN,NaN,NaN
7231,9129.86,8168.46,NaN,NaN,NaN
7232,9007.14,8498.11,NaN,NaN,NaN
7233,8639.45,7894.51,NaN,NaN,NaN
7234,8858.53,8230.09,2,3,0.0000
7235,9246.71,8158.40,NaN,NaN,NaN
7236,8828.36,8055.27,NaN,NaN,NaN
7237,9128.86,8511.80,2,3,0.0000
7238,9228.93,8352.59,NaN,NaN,NaN
7239,8787.78,8545.19,3,5,0.0000
7240,8916.99,8109.95,2,5,2.5000
7241,9257.94,8264.96,NaN,NaN,NaN
7242,9291.12,8434.31,2,5,2.5000
7243,8757.30,7837.45,NaN,NaN,NaN
7244,8627.76,8431.77,2,5,2.5000
7245,8785.59,8291.43,NaN,NaN,NaN
7246,8771.24,8077.07,2,4,2.0000
7247,9048.03,8252.32,3,9,3.0000
7248,8673.93,8369.81,NaN,NaN,NaN
7249,8882.66,8381.90,NaN,NaN,NaN
7250,9042.51,7830.99,0,0,0.0000
7251,9138.88,8243.24,2,7,3.5000
7252,8649.71,8060.60,2,2,0.0000
7253,8979.58,7850.45,NaN,NaN,NaN
7254,8720.50,8250.92,NaN,NaN,NaN
7255,8715.30,8146.78,NaN,NaN,NaN
7256,9164.91,7988.55,NaN,NaN,NaN
7257,9089.23,7937.00,0,0,0.0000
7258,8717.41,7982.91,0,0,0.0000
7259,8997.65,8283.52,NaN,NaN,NaN
7260,9292.49,7868.19,3,4,0.0000
7261,9298.62,8113.91,0,0,0.0000
7262,8811.95,8205.62,NaN,NaN,NaN
7263,8993.56,8206.31,NaN,NaN,NaN
7264,9334.43,7962.62,NaN,NaN,NaN
7265,9069.54,8074.70,0,0,0.0000
7266,8967.15,8167.43,NaN,NaN,NaN
7267,8626.52,7996.17,NaN,NaN,NaN
7268,9046.06,8130.94,NaN,NaN,NaN
7269,8610.69,8351.80,4,5,0.0000
7270,9261.59,7811.42,NaN,NaN,NaN
7271,8902.62,8328.95,NaN,NaN,NaN
7272,9078.25,8458.06,0,0,0.0000
7273,9126.48,7895.64,0,0,0.0000
7274,9027.91,8061.16,0,0,0.0000
7275,8684.83,8302.41,0,0,0.0000
7276,8637.78,7956.78,NaN,NaN,NaN
7277,8608.66,8510.77,0,0,0.0000
7278,9109.53,8024.06,NaN,NaN,NaN
7279,9040.37,8175.01,NaN,NaN,NaN
7280,8830.85,8511.09,0,0,0.0000
7281,9305.17,7918.00,0,0,0.0000
7282,8840.85,8417.75,NaN,NaN,NaN
7283,8969.17,8368.08,3,3,0.0000
7284,9430.84,8523.82,2,9,4.5000
7285,9671.06,8424.04,0,0,0.0000
7286,9662.19,8509.18,0,0,0.0000
7287,9378.05,7885.84,NaN,NaN,NaN
7288,9442.86,8334.52,3,5,0.0000
7289,9446.76,7945.16,0,0,0.0000
7290,9409.87,8405.03,0,0,0.0000
7291,9428.23,7844.05,0,0,0.0000
7292,9363.66,8364.76,0,0,0.0000
7293,9368.47,8095.13,3,6,2.0000
7294,9352.05,7842.78,3,7,2.3333
7295,9345.15,8012.30,NaN,NaN,NaN
7296,9468.71,7880.21,0,0,0.0000
7297,9718.06,8452.19,0,0,0.0000
7298,16218.43,8569.33,0,0,0.0000
7299,16164.59,7968.41,NaN,NaN,NaN
7300,15884.92,8219.54,NaN,NaN,NaN
7301,16153.71,8080.80,0,0,0.0000
7302,16125.94,8207.66,0,0,0.0000
7303,16168.96,7828.16,0,0,0.0000
7304,16274.37,8439.61,NaN,NaN,NaN
7305,16298.80,8356.48,NaN,NaN,NaN
7306,16299.22,8105.29,NaN,NaN,NaN
7307,16043.82,8145.02,0,0,0.0000
7308,16018.39,8310.14,NaN,NaN,NaN
7309,16251.68,8157.02,NaN,NaN,NaN
7310,15922.47,7859.50,0,0,0.0000
7311,16139.55,8488.19,NaN,NaN,NaN
7312,16083.13,7901.26,NaN,NaN,NaN
7313,16103.43,8316.33,2,5,2.5000
7314,15771.71,8219.88,NaN,NaN,NaN
7315,16060.38,8484.86,NaN,NaN,NaN
7316,15653.26,8266.97,NaN,NaN,NaN
7317,15934.34,8379.31,3,6,2.0000
7318,16083.12,8388.39,0,0,0.0000
7319,15998.01,7874.30,0,0,0.0000
7320,15804.33,8168.60,NaN,NaN,NaN
7321,15698.36,8355.11,0,0,0.0000
7322,16058.21,7829.42,NaN,NaN,NaN
7323,15872.08,8340.90,NaN,NaN,NaN
7324,16206.24,8210.34,3,4,0.0000
7325,15597.60,8254.28,NaN,NaN,NaN
7326,16058.21,8252.68,0,0,0.0000
7327,16284.68,8279.50,NaN,NaN,NaN
7328,15718.74,8280.70,NaN,NaN,NaN
7329,15787.95,7895.30,NaN,NaN,NaN
7330,16250.10,7903.87,NaN,NaN,NaN
7331,15701.14,8209.03,NaN,NaN,NaN
7332,15640.87,8376.31,0,0,0.0000
7333,15618.69,8319.39,NaN,NaN,NaN
7334,15574.12,8191.68,0,0,0.0000
7335,15646.11,8202.29,2,3,0.0000
7336,16005.32,8427.71,2,2,0.0000
7337,16274.54,7821.79,0,0,0.0000
7338,16075.58,8423.97,0,0,0.0000
7339,16202.94,8392.77,2,2,0.0000
7340,16194.39,8437.76,NaN,NaN,NaN
7341,16220.54,8273.10,NaN,NaN,NaN
7342,15793.90,8257.75,2,7,3.5000
7343,16011.76,8381.11,0,0,0.0000
7344,16318.91,7822.52,0,0,0.0000
7345,15720.53,8121.36,NaN,NaN,NaN
7346,16370.37,8201.06,0,0,0.0000
7347,15621.10,8164.01,0,0,0.0000
7348,826.50,9045.10,0,0,0.0000
7349,750.21,9114.47,3,2,0.0000
7350,300.08,9013.02,2,5,2.5000
7351,844.16,9275.07,NaN,NaN,NaN
7352,876.67,9148.35,NaN,NaN,NaN
7353,841.03,8812.75,NaN,NaN,NaN
7354,122.58,8872.42,NaN,NaN,NaN
7355,884.75,8760.17,0,0,0.0000
7356,233.09,8918.35,NaN,NaN,NaN
7357,188.90,8853.61,0,0,0.0000
7358,750.28,9013.25,0,0,0.0000
7359,729.28,9187.72,2,2,0.0000
7360,236.10,8784.77,NaN,NaN,NaN
7361,130.30,8781.34,2,4,2.0000
7362,204.77,8980.92,0,0,0.0000
7363,178.31,8752.31,3,4,0.0000
7364,120.80,8605.04,3,6,2.0000
7365,819.36,9180.27,NaN,NaN,NaN
7366,880.29,8993.41,5,5,0.0000
7367,779.42,9266.85,0,0,0.0000
7368,808.61,8915.79,0,0,0.0000
7369,286.20,8833.49,2,2,0.0000
7370,679.52,9164.76,NaN,NaN,NaN
7371,161.19,8816.17,NaN,NaN,NaN
7372,130.60,8711.22,0,0,0.0000
7373,705.37,9071.42,NaN,NaN,NaN
7374,789.36,8966.96,NaN,NaN,NaN
7375,113.52,8677.77,0,0,0.0000
7376,965.60,8834.57,NaN,NaN,NaN
7377,1280.02,8953.44,2,1,0.0000
7378,1180.94,8861.38,NaN,NaN,NaN
7379,1495.30,8711.17,NaN,NaN,NaN
7380,1154.76,8962.56,NaN,NaN,NaN
7381,1510.06,8822.00,NaN,NaN,NaN
7382,1535.41,9315.23,3,5,0.0000
7383,923.27,8692.80,0,0,0.0000
7384,994.51,9021.49,NaN,NaN,NaN
7385,948.54,8955.43,2,5,2.5000
7386,1630.47,9253.22,2,4,2.0000
7387,1155.67,9263.49,4,3,0.0000
7388,1080.91,8695.10,2,1,0.0000
7389,1151.85,9110.97,4,5,0.0000
7390,1478.02,9196.04,NaN,NaN,NaN
7391,1343.23,9049.49,NaN,NaN,NaN
7392,1445.62,9318.00,NaN,NaN,NaN
7393,1636.91,9341.71,0,0,0.0000
7394,1290.20,9140.75,NaN,NaN,NaN
7395,943.73,9289.29,NaN,NaN,NaN
7396,1169.42,9031.46,2,3,0.0000
7397,1104.55,9049.41,NaN,NaN,NaN
7398,1472.45,8925.43,0,0,0.0000
7399,1046.53,9146.67,NaN,NaN,NaN
7400,939.20,9077.84,NaN,NaN,NaN
7401,1045.60,9309.48,0,0,0.0000
7402,1269.48,9209.46,3,4,0.0000
7403,1607.09,8736.53,NaN,NaN,NaN
7404,979.21,9152.02,4,5,0.0000
7405,1618.83,8628.63,2,4,2.0000
7406,1401.62,9069.20,4,4,0.0000
7407,1043.79,8773.84,NaN,NaN,NaN
7408,1427.05,9232.03,0,0,0.0000
7409,1392.98,8982.19,2,5,2.5000
7410,1263.88,9082.81,NaN,NaN,NaN
7411,1010.62,8649.96,NaN,NaN,NaN
7412,1204.81,9319.87,NaN,NaN,NaN
7413,1008.15,8721.44,4,5,0.0000
7414,1364.55,9276.29,0,0,0.0000
7415,1437.64,8817.08,NaN,NaN,NaN
7416,1571.49,8790.02,2,4,2.0000
7417,1565.22,8661.64,NaN,NaN,NaN
7418,1045.69,9243.17,0,0,0.0000
7419,1443.79,8874.57,0,0,0.0000
7420,1099.24,8817.40,NaN,NaN,NaN
7421,1214.71,9073.41,NaN,NaN,NaN
7422,1386.79,8903.46,NaN,NaN,NaN
7423,904.73,9203.06,0,0,0.0000
7424,1038.89,8956.93,3,3,0.0000
7425,1071.17,9100.31,2,2,0.0000
7426,1058.91,9022.09,NaN,NaN,NaN
7427,975.82,9235.79,0,0,0.0000
7428,1582.26,9193.61,2,3,0.0000
7429,1393.89,9174.75,NaN,NaN,NaN
7430,1180.89,9183.09,0,0,0.0000
7431,1295.13,9289.82,NaN,NaN,NaN
7432,1456.76,8609.09,NaN,NaN,NaN
7433,1334.52,9196.10,2,3,0.0000
7434,1580.25,8853.82,0,0,0.0000
7435,1526.72,9152.76,NaN,NaN,NaN
7436,1658.46,8713.05,0,0,0.0000
7437,1356.82,9137.05,2,2,0.0000
7438,1111.68,9157.57,0,0,0.0000
7439,1245.88,9239.33,NaN,NaN,NaN
7440,1464.94,9004.03,3,4,0.0000
7441,1461.47,9113.46,2,4,2.0000
7442,1032.59,8895.53,NaN,NaN,NaN
7443,1122.26,9215.94,0,0,0.0000
7444,1153.91,8775.57,0,0,0.0000
7445,1058.33,8883.64,NaN,NaN,NaN
7446,1340.25,9324.10,0,0,0.0000
7447,1282.27,9323.42,0,0,0.0000
7448,1291.84,9033.82,NaN,NaN,NaN
7449,1216.99,9171.84,0,0,0.0000
7450,1500.09,9119.19,0,0,0.0000
7451,2160.37,9267.50,2,3,0.0000
7452,2381.09,8584.02,NaN,NaN,NaN
7453,2138.40,9328.50,0,0,0.0000
7454,2088.42,9223.50,NaN,NaN,NaN
7455,2248.46,9152.20,NaN,NaN,NaN
7456,2428.72,8971.47,NaN,NaN,NaN
7457,2053.22,9255.02,2,7,3.5000
7458,2086.99,9292.12,NaN,NaN,NaN
7459,1680.33,8599.89,NaN,NaN,NaN
7460,2855.21,9091.30,NaN,NaN,NaN
7461,2438.26,9039.41,NaN,NaN,NaN
7462,2693.43,8606.72,2,5,2.5000
7463,2787.69,9034.12,NaN,NaN,NaN
7464,2769.97,8930.65,NaN,NaN,NaN
7465,2765.39,9156.77,NaN,NaN,NaN
7466,2619.32,8594.54,0,0,0.0000
7467,2713.80,8960.61,NaN,NaN,NaN
7468,2813.85,8901.28,0,0,0.0000
7469,3165.98,8639.72,NaN,NaN,NaN
7470,2496.32,9252.49,2,2,0.0000
7471,3174.89,8746.77,2,2,0.0000
7472,2713.12,9083.69,2,4,2.0000
7473,2763.67,8593.03,NaN,NaN,NaN
7474,2488.93,9110.61,NaN,NaN,NaN
7475,2891.11,9155.67,NaN,NaN,NaN
7476,2529.82,9212.91,NaN,NaN,NaN
7477,2816.77,9165.60,NaN,NaN,NaN
7478,2710.12,9145.34,NaN,NaN,NaN
7479,2557.29,8591.19,NaN,NaN,NaN
7480,2730.58,9028.01,NaN,NaN,NaN
7481,3932.27,9025.98,2,4,2.0000
7482,3630.19,8732.75,0,0,0.0000
7483,3884.47,8631.54,NaN,NaN,NaN
7484,3804.33,8778.99,NaN,NaN,NaN
7485,3850.30,9195.48,3,5,0.0000
7486,3715.24,8725.90,3,6,2.0000
7487,3945.39,9158.74,NaN,NaN,NaN
7488,3698.17,8623.37,2,1,0.0000
7489,3733.63,8985.82,0,0,0.0000
7490,3777.90,8916.77,NaN,NaN,NaN
7491,3717.15,8858.55,NaN,NaN,NaN
7492,3880.96,9074.17,NaN,NaN,NaN
7493,3944.87,9278.68,NaN,NaN,NaN
7494,3915.94,8852.76,0,0,0.0000
7495,3783.88,9116.43,0,0,0.0000
7496,3964.34,8936.34,NaN,NaN,NaN
7497,3793.59,8689.49,NaN,NaN,NaN
7498,3798.03,8627.60,NaN,NaN,NaN
7499,3865.09,8861.34,0,0,0.0000
7500,3833.63,9261.86,NaN,NaN,NaN
7501,3855.67,9126.87,NaN,NaN,NaN
7502,3802.20,9011.02,0,0,0.0000
7503,3887.56,8925.50,0,0,0.0000
7504,3848.91,8987.68,0,0,0.0000
7505,3834.42,8916.25,0,0,0.0000
7506,3775.76,9050.17,0,0,0.0000
7507,3948.47,8832.90,NaN,NaN,NaN
7508,3576.76,8668.06,NaN,NaN,NaN
7509,3928.93,8700.67,NaN,NaN,NaN
7510,3897.18,8736.18,NaN,NaN,NaN
7511,4294.46,9286.03,NaN,NaN,NaN
7512,4135.03,8818.04,0,0,0.0000
7513,4063.97,8651.09,NaN,NaN,NaN
7514,4363.08,9150.80,NaN,NaN,NaN
7515,4336.03,8945.96,NaN,NaN,NaN
7516,4097.27,9078.41,NaN,NaN,NaN
7517,4174.74,8970.93,NaN,NaN,NaN
7518,4002.44,8777.10,NaN,NaN,NaN
7519,4481.30,9183.10,NaN,NaN,NaN
7520,4535.77,9329.02,4,4,0.0000
7521,4334.31,8665.06,2,3,0.0000
7522,4258.47,8597.63,NaN,NaN,NaN
7523,4490.21,8816.71,NaN,NaN,NaN
7524,4037.87,9281.95,NaN,NaN,NaN
7525,4286.54,9097.18,4,5,0.0000
7526,4161.79,9333.75,NaN,NaN,NaN
7527,4397.30,9225.18,NaN,NaN,NaN
7528,4123.81,8707.32,2,9,4.5000
7529,4002.09,9206.44,NaN,NaN,NaN
7530,4409.40,9047.35,0,0,0.0000
7531,4541.68,8907.97,0,0,0.0000
7532,4476.92,9255.50,0,0,0.0000
7533,4087.94,9174.55,NaN,NaN,NaN
7534,4561.86,9248.10,NaN,NaN,NaN
7535,4155.21,9051.30,NaN,NaN,NaN
7536,4003.75,8880.79,0,0,0.0000
7537,4231.86,9056.29,0,0,0.0000
7538,4300.66,8728.91,NaN,NaN,NaN
7539,4464.17,8899.63,2,5,2.5000
7540,4389.37,8624.80,2,6,3.0000
7541,3972.22,8638.36,0,0,0.0000
7542,4447.40,8975.41,NaN,NaN,NaN
7543,4322.15,8576.37,NaN,NaN,NaN
7544,4199.99,9135.57,0,0,0.0000
7545,4575.20,8972.50,0,0,0.0000
7546,4528.10,9139.02,0,0,0.0000
7547,4418.30,8841.80,NaN,NaN,NaN
7548,4058.37,8844.71,NaN,NaN,NaN
7549,4309.96,8833.61,0,0,0.0000
7550,4005.77,9110.70,NaN,NaN,NaN
7551,4507.47,8995.66,NaN,NaN,NaN
7552,4246.76,8835.09,NaN,NaN,NaN
7553,4383.12,8801.29,NaN,NaN,NaN
7554,4223.94,8674.34,0,0,0.0000
7555,4138.46,9232.64,NaN,NaN,NaN
7556,4097.73,8952.45,NaN,NaN,NaN
7557,4164.33,8622.81,NaN,NaN,NaN
7558,4348.16,8745.44,NaN,NaN,NaN
7559,4233.11,8740.16,NaN,NaN,NaN
7560,4066.66,9124.64,NaN,NaN,NaN
7561,4461.63,9057.63,NaN,NaN,NaN
7562,4373.45,8882.83,NaN,NaN,NaN
7563,4436.02,8767.09,0,0,0.0000
7564,4648.45,9303.58,0,0,0.0000
7565,4541.70,9095.05,0,0,0.0000
7566,4403.97,9289.29,0,0,0.0000
7567,4056.40,8945.95,NaN,NaN,NaN
7568,4406.70,8942.50,0,0,0.0000
7569,4309.48,9047.45,0,0,0.0000
7570,4161.43,8667.54,NaN,NaN,NaN
7571,4209.12,8782.93,NaN,NaN,NaN
7572,4171.75,8766.81,NaN,NaN,NaN
7573,4453.88,9122.20,0,0,0.0000
7574,4261.10,8919.47,NaN,NaN,NaN
7575,5265.50,9280.16,0,0,0.0000
7576,5464.09,9114.25,2,5,2.5000
7577,5294.37,8851.95,NaN,NaN,NaN
7578,5111.32,9208.19,NaN,NaN,NaN
7579,5201.62,9149.66,0,0,0.0000
7580,5477.41,9273.53,NaN,NaN,NaN
7581,4795.28,9318.83,NaN,NaN,NaN
7582,5394.10,8809.42,2,7,3.5000
7583,5164.89,9301.06,0,0,0.0000
7584,5014.75,9271.71,2,2,0.0000
7585,5177.69,9008.71,0,0,0.0000
7586,5089.50,9339.72,NaN,NaN,NaN
7587,5258.37,9077.44,NaN,NaN,NaN
7588,5309.08,8967.34,0,0,0.0000
7589,5482.22,8778.55,NaN,NaN,NaN
7590,5292.99,8747.52,NaN,NaN,NaN
7591,5354.30,8722.93,4,6,0.0000
7592,5462.15,8909.66,NaN,NaN,NaN
7593,5323.84,8648.19,0,0,0.0000
7594,5231.31,8940.47,0,0,0.0000
7595,5146.25,8918.29,2,10,5.0000
7596,5489.13,8984.02,NaN,NaN,NaN
7597,5410.58,8645.43,0,0,0.0000
7598,5463.43,8658.56,2,4,2.0000
7599,5373.80,9023.13,0,0,0.0000
7600,5204.02,8655.51,0,0,0.0000
7601,5412.96,8724.46,NaN,NaN,NaN
7602,5376.80,8882.98,3,5,0.0000
7603,4898.14,9260.16,2,4,2.0000
7604,5350.03,9227.04,0,0,0.0000
7605,5146.79,8768.46,NaN,NaN,NaN
7606,5369.55,8582.44,0,0,0.0000
7607,5263.20,8672.47,NaN,NaN,NaN
7608,5162.26,8689.26,NaN,NaN,NaN
7609,5160.14,8858.16,NaN,NaN,NaN
7610,4944.92,9336.37,NaN,NaN,NaN
7611,5414.26,9231.20,2,3,0.0000
7612,5122.61,9116.77,0,0,0.0000
7613,5062.60,9109.34,0,0,0.0000
7614,5240.76,8793.09,NaN,NaN,NaN
7615,5234.99,8721.58,NaN,NaN,NaN
7616,5407.09,9051.49,0,0,0.0000
7617,5133.17,9051.92,0,0,0.0000
7618,5445.35,9240.01,NaN,NaN,NaN
7619,5364.77,8957.52,NaN,NaN,NaN
7620,5281.31,8618.75,0,0,0.0000
7621,5261.94,8932.65,NaN,NaN,NaN
7622,5270.96,9008.73,0,0,0.0000
7623,5417.39,9004.91,0,0,0.0000
7624,5678.84,8697.44,NaN,NaN,NaN
7625,5508.30,8667.51,NaN,NaN,NaN
7626,5558.60,8614.57,2,4,2.0000
7627,5814.94,9102.46,NaN,NaN,NaN
7628,5710.40,8961.26,NaN,NaN,NaN
7629,5825.89,9172.45,NaN,NaN,NaN
7630,5749.02,9157.03,0,0,0.0000
7631,5619.84,8801.62,NaN,NaN,NaN
7632,5854.34,9053.24,NaN,NaN,NaN
7633,5810.52,8824.90,NaN,NaN,NaN
7634,5867.56,8890.63,NaN,NaN,NaN
7635,5777.65,8890.19,NaN,NaN,NaN
7636,5866.12,8962.32,0,0,0.0000
7637,5813.39,8588.36,NaN,NaN,NaN
7638,5587.20,8718.60,2,7,3.5000
7639,5731.01,8828.63,4,7,0.0000
7640,5669.25,8819.22,0,0,0.0000
7641,5529.63,9182.37,NaN,NaN,NaN
7642,5545.85,9259.65,NaN,NaN,NaN
7643,5781.11,8760.27,NaN,NaN,NaN
7644,5859.88,8638.12,2,3,0.0000
7645,5770.22,8980.11,NaN,NaN,NaN
7646,5848.92,8820.08,0,0,0.0000
7647,5542.87,8714.68,NaN,NaN,NaN
7648,5736.42,9032.51,NaN,NaN,NaN
7649,5816.15,8894.10,0,0,0.0000
7650,5797.75,9028.22,0,0,0.0000
7651,7036.31,8772.41,0,0,0.0000
7652,7403.39,9335.43,NaN,NaN,NaN
7653,7468.89,9313.17,NaN,NaN,NaN
7654,7321.25,8699.23,2,8,4.0000
7655,7772.00,9117.23,NaN,NaN,NaN
7656,7771.03,9042.63,NaN,NaN,NaN
7657,7281.40,8620.46,2,0,0.0000
7658,7300.63,8850.96,NaN,NaN,NaN
7659,7311.60,8759.65,0,0,0.0000
7660,7253.63,8733.72,2,4,2.0000
7661,7403.94,9135.58,0,0,0.0000
7662,7118.22,8627.50,0,0,0.0000
7663,7833.53,8976.91,NaN,NaN,NaN
7664,8225.32,8908.29,NaN,NaN,NaN
7665,7819.85,8901.61,0,0,0.0000
7666,8123.50,8916.95,NaN,NaN,NaN
7667,7839.98,9079.05,NaN,NaN,NaN
7668,8279.24,8690.87,3,8,2.6667
7669,8206.49,8756.55,0,0,0.0000
7670,7975.29,8963.12,NaN,NaN,NaN
7671,7931.58,8908.65,2,5,2.5000
7672,8077.33,8888.45,0,0,0.0000
7673,8574.46,9328.40,0,0,0.0000
7674,8294.84,8817.81,0,0,0.0000
7675,8073.31,8987.88,2,5,2.5000
7676,7895.19,9017.91,2,3,0.0000
7677,8530.67,8669.07,3,4,0.0000
7678,7921.90,8809.44,0,0,0.0000
7679,7908.67,9090.30,4,4,0.0000
7680,8351.82,8995.09,3,3,0.0000
7681,8338.23,8802.29,0,0,0.0000
7682,7910.37,8842.11,0,0,0.0000
7683,8042.01,8781.32,NaN,NaN,NaN
7684,8382.57,9046.85,NaN,NaN,NaN
7685,8121.33,8804.12,0,0,0.0000
7686,8317.34,8606.13,0,0,0.0000
7687,8514.25,8934.09,NaN,NaN,NaN
7688,8127.68,8757.47,NaN,NaN,NaN
7689,8368.62,8939.91,0,0,0.0000
7690,8082.35,8827.26,0,0,0.0000
7691,8298.09,8898.98,0,0,0.0000
7692,8396.23,8840.32,0,0,0.0000
7693,8243.98,8808.73,NaN,NaN,NaN
7694,8337.55,8915.26,0,0,0.0000
7695,8353.89,8869.61,0,0,0.0000
7696,8522.63,9324.48,0,0,0.0000
7697,8401.94,8762.04,0,0,0.0000
7698,8728.39,8892.10,3,7,2.3333
7699,9206.02,8896.30,2,2,0.0000
7700,8740.08,8648.70,2,5,2.5000
7701,9336.07,8598.15,3,4,0.0000
7702,9038.01,8609.85,NaN,NaN,NaN
7703,8588.04,8754.56,NaN,NaN,NaN
7704,8738.91,9116.36,NaN,NaN,NaN
7705,8586.95,8589.25,0,0,0.0000
7706,9095.37,8908.89,NaN,NaN,NaN
7707,8876.99,8639.47,NaN,NaN,NaN
7708,9336.74,8923.68,NaN,NaN,NaN
7709,8892.15,9098.48,NaN,NaN,NaN
7710,9217.47,9005.38,3,0,0.0000
7711,9110.12,8735.42,NaN,NaN,NaN
7712,9209.64,8618.60,NaN,NaN,NaN
7713,8985.11,9033.58,NaN,NaN,NaN
7714,8995.83,8751.00,NaN,NaN,NaN
7715,9247.72,8712.64,NaN,NaN,NaN
7716,8889.28,8837.37,NaN,NaN,NaN
7717,8832.92,8789.00,2,3,0.0000
7718,9110.62,9062.73,NaN,NaN,NaN
7719,9179.77,8688.94,NaN,NaN,NaN
7720,9045.70,8797.82,0,0,0.0000
7721,8946.42,8830.77,NaN,NaN,NaN
7722,8700.75,8753.44,0,0,0.0000
7723,8888.77,8937.83,3,4,0.0000
7724,9124.66,8632.01,NaN,NaN,NaN
7725,8966.94,8671.78,0,0,0.0000
7726,9008.12,8869.72,0,0,0.0000
7727,9301.99,8760.63,0,0,0.0000
7728,9057.87,9004.63,2,3,0.0000
7729,8780.04,8798.09,NaN,NaN,NaN
7730,8851.38,8719.86,NaN,NaN,NaN
7731,9114.85,8986.50,NaN,NaN,NaN
7732,9189.16,8768.71,NaN,NaN,NaN
7733,9277.43,8964.56,NaN,NaN,NaN
7734,8786.97,9083.97,2,2,0.0000
7735,8647.14,8672.75,NaN,NaN,NaN
7736,9108.15,8576.72,2,3,0.0000
7737,9331.21,9081.83,0,0,0.0000
7738,9331.02,8970.70,3,6,2.0000
7739,8774.98,8990.05,0,0,0.0000
7740,9155.73,9031.04,NaN,NaN,NaN
7741,9000.64,8960.04,0,0,0.0000
7742,9241.32,9060.69,NaN,NaN,NaN
7743,9103.96,8680.14,0,0,0.0000
7744,9282.16,9115.26,0,0,0.0000
7745,8920.74,8741.80,NaN,NaN,NaN
7746,8905.47,8716.40,NaN,NaN,NaN
7747,9689.36,9035.88,NaN,NaN,NaN
7748,9946.74,9279.57,4,4,0.0000
7749,9387.07,8848.40,2,4,2.0000
7750,9530.02,8785.39,NaN,NaN,NaN
7751,9569.44,9235.64,NaN,NaN,NaN
7752,9449.34,9025.00,NaN,NaN,NaN
7753,9668.32,9269.84,NaN,NaN,NaN
7754,9517.77,8941.61,NaN,NaN,NaN
7755,10106.64,9190.07,NaN,NaN,NaN
7756,9768.74,9123.57,NaN,NaN,NaN
7757,9364.00,9006.90,NaN,NaN,NaN
7758,9810.52,9232.85,NaN,NaN,NaN
7759,9890.77,9215.96,NaN,NaN,NaN
7760,9877.42,8927.80,NaN,NaN,NaN
7761,9436.69,8903.28,NaN,NaN,NaN
7762,9899.53,9141.30,0,0,0.0000
7763,10038.03,8806.47,2,2,0.0000
7764,9874.82,9044.33,NaN,NaN,NaN
7765,9479.46,8709.18,0,0,0.0000
7766,9390.23,8719.03,NaN,NaN,NaN
7767,9397.10,9153.82,NaN,NaN,NaN
7768,10001.64,9159.52,3,5,0.0000
7769,9779.69,9302.17,2,4,2.0000
7770,9642.18,8591.10,0,0,0.0000
7771,9568.73,8716.15,NaN,NaN,NaN
7772,9928.51,8964.55,NaN,NaN,NaN
7773,9811.52,8999.56,NaN,NaN,NaN
7774,10097.77,9294.87,0,0,0.0000
7775,9373.20,8780.72,NaN,NaN,NaN
7776,9410.34,8629.61,NaN,NaN,NaN
7777,10014.99,9052.99,0,0,0.0000
7778,9737.87,9216.92,2,3,0.0000
7779,9941.10,9101.36,NaN,NaN,NaN
7780,9842.49,9093.70,NaN,NaN,NaN
7781,9831.32,9147.41,NaN,NaN,NaN
7782,9640.76,9201.06,0,0,0.0000
7783,9471.48,8609.88,0,0,0.0000
7784,10058.32,9128.19,0,0,0.0000
7785,9623.26,8699.80,0,0,0.0000
7786,10046.11,9204.60,2,3,0.0000
7787,9608.87,9309.89,3,5,0.0000
7788,9958.84,9000.29,NaN,NaN,NaN
7789,9581.31,8579.98,NaN,NaN,NaN
7790,9569.21,9055.46,2,3,0.0000
7791,9696.17,9163.62,3,5,0.0000
7792,9527.14,9014.58,NaN,NaN,NaN
7793,9899.55,8869.89,0,0,0.0000
7794,9587.21,8965.84,0,0,0.0000
7795,9643.68,8782.07,2,2,0.0000
7796,9441.71,9193.27,NaN,NaN,NaN
7797,9645.90,9153.14,NaN,NaN,NaN
7798,10075.05,8833.46,NaN,NaN,NaN
7799,10050.40,8922.77,0,0,0.0000
7800,9951.74,9206.03,0,0,0.0000
7801,10033.76,8998.24,NaN,NaN,NaN
7802,10020.71,8958.95,NaN,NaN,NaN
7803,9982.77,8934.51,0,0,0.0000
7804,9432.13,9123.85,2,5,2.5000
7805,9731.85,9276.08,2,6,3.0000
7806,10052.03,9253.61,0,0,0.0000
7807,9713.44,9116.89,NaN,NaN,NaN
7808,10627.19,9123.98,NaN,NaN,NaN
7809,10815.90,8962.25,NaN,NaN,NaN
7810,10623.02,9286.52,NaN,NaN,NaN
7811,10428.49,9006.46,0,0,0.0000
7812,10289.17,8997.88,NaN,NaN,NaN
7813,10134.69,9084.14,NaN,NaN,NaN
7814,10763.23,9230.26,2,3,0.0000
7815,10451.06,9283.19,0,0,0.0000
7816,10710.78,8936.18,2,4,2.0000
7817,10358.16,9132.19,0,0,0.0000
7818,10223.86,9069.44,NaN,NaN,NaN
7819,10210.64,9180.36,2,5,2.5000
7820,10519.18,8972.67,0,0,0.0000
7821,10387.58,9243.47,0,0,0.0000
7822,10198.37,8938.30,NaN,NaN,NaN
7823,10225.42,9293.88,NaN,NaN,NaN
7824,10304.01,9288.54,0,0,0.0000
7825,10557.99,9154.95,NaN,NaN,NaN
7826,10482.47,9186.05,NaN,NaN,NaN
7827,10345.51,9193.19,NaN,NaN,NaN
7828,10279.23,9152.91,0,0,0.0000
7829,10833.88,9216.40,NaN,NaN,NaN
7830,10808.51,9149.34,NaN,NaN,NaN
7831,10444.88,9127.95,NaN,NaN,NaN
7832,10680.26,9339.08,NaN,NaN,NaN
7833,10172.87,9317.46,3,4,0.0000
7834,10174.45,9135.94,0,0,0.0000
7835,10359.11,9339.66,NaN,NaN,NaN
7836,10258.75,8887.73,2,3,0.0000
7837,10798.14,9053.09,0,0,0.0000
7838,10182.64,8999.70,NaN,NaN,NaN
7839,10413.31,8898.78,NaN,NaN,NaN
7840,10471.53,9061.64,NaN,NaN,NaN
7841,10858.10,9080.35,NaN,NaN,NaN
7842,10747.50,9113.96,NaN,NaN,NaN
7843,10340.96,8943.12,2,4,2.0000
7844,10531.49,9290.78,0,0,0.0000
7845,10520.22,9239.17,0,0,0.0000
7846,10603.93,8959.00,0,0,0.0000
7847,10115.14,8877.71,NaN,NaN,NaN
7848,10834.92,8890.94,0,0,0.0000
7849,10679.22,9002.49,0,0,0.0000
7850,10358.76,9023.31,0,0,0.0000
7851,10672.47,8879.52,0,0,0.0000
7852,10748.36,8984.43,NaN,NaN,NaN
7853,10488.81,8920.60,0,0,0.0000
7854,10212.39,8834.12,0,0,0.0000
7855,10127.81,8836.71,NaN,NaN,NaN
7856,10721.78,9082.20,0,0,0.0000
7857,10819.71,9282.64,2,4,2.0000
7858,10645.38,9048.15,0,0,0.0000
7859,10794.32,8861.48,0,0,0.0000
7860,10577.54,9229.03,0,0,0.0000
7861,10180.26,8884.73,0,0,0.0000
7862,10693.48,9059.25,NaN,NaN,NaN
7863,10641.54,8998.40,0,0,0.0000
7864,10320.82,8894.93,NaN,NaN,NaN
7865,10282.47,9086.62,0,0,0.0000
7866,10483.88,8884.19,0,0,0.0000
7867,10879.95,9323.69,0,0,0.0000
7868,11198.49,9334.33,NaN,NaN,NaN
7869,11114.07,9257.27,0,0,0.0000
7870,11380.46,9258.83,3,3,0.0000
7871,10929.31,9269.49,NaN,NaN,NaN
7872,11014.64,9217.83,0,0,0.0000
7873,11043.10,9051.36,NaN,NaN,NaN
7874,10936.31,9093.21,NaN,NaN,NaN
7875,11405.22,9316.61,3,6,2.0000
7876,10967.83,9320.60,2,3,0.0000
7877,10986.19,9135.28,0,0,0.0000
7878,10906.03,8991.89,3,5,0.0000
7879,11318.32,9296.47,NaN,NaN,NaN
7880,10899.25,9214.12,0,0,0.0000
7881,11082.65,9133.82,0,0,0.0000
7882,11197.31,9208.80,0,0,0.0000
7883,10889.20,9153.78,2,1,0.0000
7884,11044.40,9294.16,0,0,0.0000
7885,11202.06,8897.07,0,0,0.0000
7886,11140.63,9143.41,0,0,0.0000
7887,10888.03,8910.46,0,0,0.0000
7888,11304.40,9174.51,0,0,0.0000
7889,11237.53,9260.16,0,0,0.0000
7890,11060.92,8996.10,NaN,NaN,NaN
7891,11367.39,9147.08,NaN,NaN,NaN
7892,10999.77,9014.35,0,0,0.0000
7893,10959.52,8985.26,0,0,0.0000
7894,11281.78,9215.47,0,0,0.0000
7895,11150.47,9210.89,0,0,0.0000
7896,11272.26,9289.24,NaN,NaN,NaN
7897,10880.36,9323.94,0,0,0.0000
7898,13615.48,9135.97,NaN,NaN,NaN
7899,13606.47,9004.86,NaN,NaN,NaN
7900,13649.54,9011.73,0,0,0.0000
7901,16130.74,8636.58,0,0,0.0000
7902,15915.73,8591.18,0,0,0.0000
7903,317.62,9816.73,2,3,0.0000
7904,625.36,9993.32,2,2,0.0000
7905,511.60,9714.52,0,0,0.0000
7906,468.74,10079.06,0,0,0.0000
7907,461.34,9843.13,NaN,NaN,NaN
7908,402.07,10052.29,NaN,NaN,NaN
7909,543.52,10054.26,NaN,NaN,NaN
7910,598.01,9702.76,0,0,0.0000
7911,398.71,9707.76,NaN,NaN,NaN
7912,473.41,9956.44,NaN,NaN,NaN
7913,517.58,9881.47,NaN,NaN,NaN
7914,370.92,9950.05,NaN,NaN,NaN
7915,308.20,9939.43,NaN,NaN,NaN
7916,390.06,9851.42,NaN,NaN,NaN
7917,298.09,10001.66,NaN,NaN,NaN
7918,261.30,9756.73,NaN,NaN,NaN
7919,638.22,10068.83,NaN,NaN,NaN
7920,595.72,9942.37,NaN,NaN,NaN
7921,347.76,10030.05,NaN,NaN,NaN
7922,633.88,9785.97,0,0,0.0000
7923,449.22,9784.32,NaN,NaN,NaN
7924,602.61,10107.03,2,4,2.0000
7925,587.34,9843.53,NaN,NaN,NaN
7926,330.91,9697.04,3,3,0.0000
7927,652.38,9880.00,NaN,NaN,NaN
7928,557.85,9621.99,2,2,0.0000
7929,620.82,9850.43,NaN,NaN,NaN
7930,1508.84,9724.08,NaN,NaN,NaN
7931,1341.53,9738.83,NaN,NaN,NaN
7932,1159.84,9466.97,NaN,NaN,NaN
7933,1205.93,10101.62,0,0,0.0000
7934,1390.08,9492.97,NaN,NaN,NaN
7935,1044.13,9608.87,0,0,0.0000
7936,983.08,9502.13,0,0,0.0000
7937,1347.08,9947.00,2,3,0.0000
7938,1535.46,9547.26,NaN,NaN,NaN
7939,1477.15,10089.15,NaN,NaN,NaN
7940,998.59,9409.12,NaN,NaN,NaN
7941,1637.37,9569.24,3,4,0.0000
7942,1318.22,10059.06,0,0,0.0000
7943,1446.04,9996.57,NaN,NaN,NaN
7944,1421.11,9856.30,NaN,NaN,NaN
7945,1087.67,9372.78,6,6,0.0000
7946,929.57,9592.29,2,2,0.0000
7947,1294.84,9383.65,0,0,0.0000
7948,1210.80,9579.78,0,0,0.0000
7949,1479.63,9406.80,0,0,0.0000
7950,1520.20,9872.89,4,5,0.0000
7951,1152.96,9909.95,NaN,NaN,NaN
7952,1630.52,9478.51,2,4,2.0000
7953,1268.31,9546.50,NaN,NaN,NaN
7954,1216.60,9863.27,NaN,NaN,NaN
7955,1307.21,9496.71,NaN,NaN,NaN
7956,1196.42,9673.88,NaN,NaN,NaN
7957,1609.09,9689.52,NaN,NaN,NaN
7958,1611.59,9918.13,NaN,NaN,NaN
7959,1386.95,10030.98,2,2,0.0000
7960,1542.83,9947.31,NaN,NaN,NaN
7961,1423.06,9626.76,NaN,NaN,NaN
7962,1091.77,9682.70,0,0,0.0000
7963,1297.16,10100.43,NaN,NaN,NaN
7964,972.21,9664.57,2,2,0.0000
7965,1245.21,9753.74,2,7,3.5000
7966,1642.61,9824.61,0,0,0.0000
7967,1359.94,9599.75,NaN,NaN,NaN
7968,1651.04,10066.51,NaN,NaN,NaN
7969,1078.39,9466.38,NaN,NaN,NaN
7970,1571.75,10092.21,0,0,0.0000
7971,1279.46,9802.77,0,0,0.0000
7972,1410.17,9698.65,NaN,NaN,NaN
7973,1132.17,10017.27,NaN,NaN,NaN
7974,1594.08,9797.68,4,4,0.0000
7975,1276.00,9634.87,NaN,NaN,NaN
7976,951.20,9732.31,NaN,NaN,NaN
7977,1216.60,9376.34,0,0,0.0000
7978,1095.67,9742.58,0,0,0.0000
7979,1277.88,9874.05,0,0,0.0000
7980,1470.72,9570.76,0,0,0.0000
7981,1574.15,9417.89,0,0,0.0000
7982,1085.16,9945.02,NaN,NaN,NaN
7983,1381.43,9390.53,0,0,0.0000
7984,1631.56,9976.45,2,3,0.0000
7985,1102.97,10087.33,0,0,0.0000
7986,1228.95,10014.59,NaN,NaN,NaN
7987,1165.05,9802.81,NaN,NaN,NaN
7988,1087.06,9521.95,NaN,NaN,NaN
7989,1632.10,9417.67,0,0,0.0000
7990,1639.00,10106.08,3,5,0.0000
7991,1538.59,9483.21,0,0,0.0000
7992,1557.00,10022.37,0,0,0.0000
7993,1352.85,9856.29,2,8,4.0000
7994,2377.38,9774.78,NaN,NaN,NaN
7995,1820.97,9716.51,NaN,NaN,NaN
7996,1757.95,9629.14,5,8,0.0000
7997,2337.89,10096.46,0,0,0.0000
7998,2261.29,9907.44,NaN,NaN,NaN
7999,1917.76,9759.32,2,4,2.0000
8000,2218.70,9358.40,NaN,NaN,NaN
8001,1958.86,9825.67,NaN,NaN,NaN
8002,1775.01,10083.07,0,0,0.0000
8003,1732.79,9505.40,3,6,2.0000
8004,2426.26,10085.93,2,1,0.0000
8005,2406.34,9952.64,NaN,NaN,NaN
8006,1690.54,9406.82,0,0,0.0000
8007,1667.17,9771.74,0,0,0.0000
8008,2258.01,10030.92,NaN,NaN,NaN
8009,1881.01,9588.13,2,2,0.0000
8010,1728.07,9784.86,2,4,2.0000
8011,2335.53,9614.47,0,0,0.0000
8012,2336.17,9943.42,NaN,NaN,NaN
8013,1913.02,9853.26,NaN,NaN,NaN
8014,2409.45,9684.16,NaN,NaN,NaN
8015,1713.28,10031.81,NaN,NaN,NaN
8016,1868.35,9905.80,0,0,0.0000
8017,2328.20,10025.12,5,5,0.0000
8018,1773.60,9463.41,0,0,0.0000
8019,2008.22,9833.38,3,7,2.3333
8020,2290.58,9806.07,NaN,NaN,NaN
8021,1863.87,9816.43,2,1,0.0000
8022,1772.63,10014.79,0,0,0.0000
8023,2288.04,9976.15,3,5,0.0000
8024,2351.11,9675.79,NaN,NaN,NaN
8025,2402.27,9596.34,NaN,NaN,NaN
8026,1953.87,9663.58,0,0,0.0000
8027,2312.91,9693.69,2,6,3.0000
8028,2320.63,9850.94,0,0,0.0000
8029,1821.79,9597.54,2,3,0.0000
8030,1827.56,9783.15,NaN,NaN,NaN
8031,1869.26,9646.77,0,0,0.0000
8032,1773.68,9806.47,NaN,NaN,NaN
8033,1922.16,9952.85,NaN,NaN,NaN
8034,1671.49,9668.30,0,0,0.0000
8035,1714.93,9563.96,NaN,NaN,NaN
8036,1932.08,9613.96,0,0,0.0000
8037,1765.57,9558.72,NaN,NaN,NaN
8038,2500.12,9984.77,NaN,NaN,NaN
8039,2488.01,9753.35,3,7,2.3333
8040,2617.49,10035.03,0,0,0.0000
8041,2880.21,10048.67,NaN,NaN,NaN
8042,2452.47,10030.98,0,0,0.0000
8043,2478.94,9658.95,NaN,NaN,NaN
8044,2518.50,10105.37,NaN,NaN,NaN
8045,2644.33,9904.29,NaN,NaN,NaN
8046,2488.98,9848.73,0,0,0.0000
8047,2988.13,10071.12,NaN,NaN,NaN
8048,3052.78,10082.53,3,5,0.0000
8049,2936.28,10101.93,NaN,NaN,NaN
8050,2600.62,9836.95,0,0,0.0000
8051,2840.30,10100.81,NaN,NaN,NaN
8052,2785.62,10056.71,0,0,0.0000
8053,2698.60,10077.91,NaN,NaN,NaN
8054,2755.21,9961.79,NaN,NaN,NaN
8055,2747.19,10058.00,0,0,0.0000
8056,2545.89,9787.00,0,0,0.0000
8057,3965.07,9455.04,0,0,0.0000
8058,3356.85,10111.45,NaN,NaN,NaN
8059,3962.47,9564.75,NaN,NaN,NaN
8060,4719.39,9585.02,NaN,NaN,NaN
8061,4489.83,9622.24,NaN,NaN,NaN
8062,4363.93,9733.88,NaN,NaN,NaN
8063,4509.87,9418.59,0,0,0.0000
8064,4593.34,9743.59,NaN,NaN,NaN
8065,4595.28,9864.14,NaN,NaN,NaN
8066,4608.77,9421.73,NaN,NaN,NaN
8067,4204.89,9422.92,NaN,NaN,NaN
8068,4024.97,9533.23,2,2,0.0000
8069,4283.88,9898.44,3,4,0.0000
8070,4603.50,9935.58,0,0,0.0000
8071,4369.10,9575.17,NaN,NaN,NaN
8072,4426.77,9869.12,NaN,NaN,NaN
8073,4307.75,9446.44,2,4,2.0000
8074,4711.96,10019.96,NaN,NaN,NaN
8075,4368.58,10070.20,NaN,NaN,NaN
8076,4291.95,9627.97,NaN,NaN,NaN
8077,4518.42,9816.09,0,0,0.0000
8078,4295.40,10049.56,NaN,NaN,NaN
8079,4057.07,9360.19,NaN,NaN,NaN
8080,4451.90,10042.92,NaN,NaN,NaN
8081,4511.36,9984.54,NaN,NaN,NaN
8082,4552.64,10046.61,3,6,2.0000
8083,4642.31,9980.73,0,0,0.0000
8084,4273.68,9708.97,3,5,0.0000
8085,4664.57,9786.70,2,3,0.0000
8086,4367.95,9934.30,NaN,NaN,NaN
8087,4331.62,9513.82,NaN,NaN,NaN
8088,4061.86,9430.59,NaN,NaN,NaN
8089,4189.33,9964.06,NaN,NaN,NaN
8090,4521.32,9712.50,NaN,NaN,NaN
8091,4165.37,9604.36,3,1,0.0000
8092,4207.21,9669.10,0,0,0.0000
8093,4703.09,9374.21,NaN,NaN,NaN
8094,4726.37,10079.11,0,0,0.0000
8095,4554.87,9503.99,0,0,0.0000
8096,4004.72,9385.22,0,0,0.0000
8097,4299.47,9560.25,3,5,0.0000
8098,4420.00,9498.27,0,0,0.0000
8099,4126.74,9520.61,3,4,0.0000
8100,4479.68,9538.69,NaN,NaN,NaN
8101,4070.47,9616.75,NaN,NaN,NaN
8102,4073.17,9713.04,0,0,0.0000
8103,4012.98,9612.75,2,5,2.5000
8104,4455.76,9788.28,NaN,NaN,NaN
8105,4378.10,9648.37,NaN,NaN,NaN
8106,4100.97,9663.12,NaN,NaN,NaN
8107,4710.11,9899.81,NaN,NaN,NaN
8108,4248.31,9377.28,NaN,NaN,NaN
8109,4348.36,9854.79,0,0,0.0000
8110,4068.11,9495.59,NaN,NaN,NaN
8111,4708.18,9727.28,0,0,0.0000
8112,4618.77,10083.00,0,0,0.0000
8113,4200.61,9862.39,NaN,NaN,NaN
8114,4461.07,9698.30,NaN,NaN,NaN
8115,4155.29,9462.40,NaN,NaN,NaN
8116,4218.36,9827.15,2,7,3.5000
8117,4092.00,9794.00,0,0,0.0000
8118,4130.86,9841.40,0,0,0.0000
8119,4018.79,9663.63,NaN,NaN,NaN
8120,4694.04,9849.12,NaN,NaN,NaN
8121,4505.63,9901.89,0,0,0.0000
8122,4427.06,9961.80,0,0,0.0000
8123,4710.00,9949.16,NaN,NaN,NaN
8124,4368.27,9403.85,NaN,NaN,NaN
8125,4426.58,9432.97,NaN,NaN,NaN
8126,4318.20,9990.04,2,4,2.0000
8127,4426.93,9670.70,2,5,2.5000
8128,4568.51,9565.50,0,0,0.0000
8129,4244.87,9554.00,NaN,NaN,NaN
8130,4285.27,9509.23,NaN,NaN,NaN
8131,4458.34,9391.18,0,0,0.0000
8132,5369.33,9683.00,0,0,0.0000
8133,5104.57,9640.78,NaN,NaN,NaN
8134,4906.50,9515.83,NaN,NaN,NaN
8135,5425.82,9387.26,NaN,NaN,NaN
8136,5062.42,9766.32,NaN,NaN,NaN
8137,5014.02,9477.68,3,6,2.0000
8138,4805.07,10031.83,NaN,NaN,NaN
8139,4798.21,9432.64,NaN,NaN,NaN
8140,5481.83,9489.17,3,3,0.0000
8141,4836.55,9783.01,2,4,2.0000
8142,5498.76,10067.30,3,3,0.0000
8143,5196.79,9826.21,0,0,0.0000
8144,5180.60,9947.52,NaN,NaN,NaN
8145,4992.79,9678.85,2,3,0.0000
8146,5275.07,9675.83,NaN,NaN,NaN
8147,5282.60,9402.93,NaN,NaN,NaN
8148,5257.68,9964.59,0,0,0.0000
8149,5193.94,9510.79,0,0,0.0000
8150,4944.31,9791.53,NaN,NaN,NaN
8151,4928.83,9700.49,NaN,NaN,NaN
8152,5495.59,9717.93,NaN,NaN,NaN
8153,5432.75,9785.58,NaN,NaN,NaN
8154,4795.42,9947.59,NaN,NaN,NaN
8155,5059.38,9832.47,2,5,2.5000
8156,5167.65,9409.18,0,0,0.0000
8157,5454.29,10019.86,2,4,2.0000
8158,5102.25,9861.13,3,4,0.0000
8159,4782.96,9848.63,NaN,NaN,NaN
8160,4908.31,9404.49,NaN,NaN,NaN
8161,5160.31,10088.18,NaN,NaN,NaN
8162,5307.33,9892.95,2,4,2.0000
8163,5305.03,9585.44,NaN,NaN,NaN
8164,5452.30,9568.77,0,0,0.0000
8165,5225.61,9715.87,2,4,2.0000
8166,4982.05,9894.66,NaN,NaN,NaN
8167,4819.95,9370.73,3,6,2.0000
8168,5251.76,9878.40,2,5,2.5000
8169,5356.35,9778.13,0,0,0.0000
8170,5479.53,9869.10,NaN,NaN,NaN
8171,4919.84,9624.22,0,0,0.0000
8172,5004.58,9368.65,2,3,0.0000
8173,5155.74,9766.56,NaN,NaN,NaN
8174,4911.33,9891.59,NaN,NaN,NaN
8175,5423.95,9611.36,2,4,2.0000
8176,5236.33,9838.30,2,2,0.0000
8177,5183.74,9568.35,0,0,0.0000
8178,4854.39,9882.42,NaN,NaN,NaN
8179,5332.22,9820.85,NaN,NaN,NaN
8180,5407.88,9519.25,0,0,0.0000
8181,5055.58,9396.66,0,0,0.0000
8182,4914.59,9849.40,3,5,0.0000
8183,4967.37,9388.78,NaN,NaN,NaN
8184,5144.74,10019.72,0,0,0.0000
8185,4944.12,9862.29,NaN,NaN,NaN
8186,5540.17,9592.08,0,0,0.0000
8187,5570.49,10099.37,0,0,0.0000
8188,5662.66,9962.76,NaN,NaN,NaN
8189,5546.33,9827.66,NaN,NaN,NaN
8190,5705.24,10048.69,0,0,0.0000
8191,5660.03,9403.62,NaN,NaN,NaN
8192,5665.14,9702.14,0,0,0.0000
8193,5606.25,9901.21,0,0,0.0000
8194,5552.33,9749.94,NaN,NaN,NaN
8195,5656.13,9833.92,0,0,0.0000
8196,5582.22,9986.74,0,0,0.0000
8197,5637.73,9581.14,0,0,0.0000
8198,5575.01,9429.21,NaN,NaN,NaN
8199,5587.75,9682.12,0,0,0.0000
8200,5667.58,9775.88,0,0,0.0000
8201,5506.23,9951.72,NaN,NaN,NaN
8202,5731.79,9661.20,0,0,0.0000
8203,5737.93,9908.80,NaN,NaN,NaN
8204,5608.57,9487.24,4,4,0.0000
8205,5665.54,9492.03,NaN,NaN,NaN
8206,5516.71,9344.32,0,0,0.0000
8207,5686.30,9588.42,NaN,NaN,NaN
8208,5546.25,9932.71,0,0,0.0000
8209,5776.50,9703.16,0,0,0.0000
8210,5773.17,9631.29,0,0,0.0000
8211,7413.96,9348.20,NaN,NaN,NaN
8212,7446.84,9422.27,NaN,NaN,NaN
8213,7439.50,9640.27,NaN,NaN,NaN
8214,7384.49,9663.03,NaN,NaN,NaN
8215,7461.61,9831.65,2,4,2.0000
8216,7393.69,9837.17,0,0,0.0000
8217,7090.40,9572.05,NaN,NaN,NaN
8218,7352.78,9587.75,NaN,NaN,NaN
8219,7327.71,9632.61,0,0,0.0000
8220,7491.82,9467.80,NaN,NaN,NaN
8221,7469.40,9776.94,NaN,NaN,NaN
8222,7441.27,9507.64,0,0,0.0000
8223,7411.03,9771.58,NaN,NaN,NaN
8224,7641.42,9868.48,0,0,0.0000
8225,7416.30,9906.48,NaN,NaN,NaN
8226,7351.54,9822.09,2,7,3.5000
8227,7453.95,9719.16,0,0,0.0000
8228,7489.65,9539.86,NaN,NaN,NaN
8229,7435.73,9876.16,NaN,NaN,NaN
8230,7553.32,9779.42,NaN,NaN,NaN
8231,8319.08,10066.82,2,1,0.0000
8232,8484.93,9710.05,NaN,NaN,NaN
8233,8380.07,9444.01,2,2,0.0000
8234,8494.29,9513.40,NaN,NaN,NaN
8235,8470.90,9416.01,0,0,0.0000
8236,8417.19,10020.15,0,0,0.0000
8237,8537.60,9559.50,2,7,3.5000
8238,8519.84,9377.17,0,0,0.0000
8239,8515.24,9633.42,NaN,NaN,NaN
8240,8428.64,9738.17,NaN,NaN,NaN
8241,8562.88,9407.54,0,0,0.0000
8242,8538.53,9475.32,0,0,0.0000
8243,8383.05,9514.13,NaN,NaN,NaN
8244,8543.52,9733.75,NaN,NaN,NaN
8245,8629.62,9367.18,2,3,0.0000
8246,8590.05,9560.20,NaN,NaN,NaN
8247,8600.78,9607.41,0,0,0.0000
8248,8601.48,9466.81,NaN,NaN,NaN
8249,9906.17,9558.51,NaN,NaN,NaN
8250,9855.86,9960.61,NaN,NaN,NaN
8251,10070.96,9451.68,NaN,NaN,NaN
8252,9976.22,9531.07,0,0,0.0000
8253,10060.40,9887.89,NaN,NaN,NaN
8254,9793.92,9402.87,0,0,0.0000
8255,9889.27,9379.74,NaN,NaN,NaN
8256,10051.38,9364.82,2,4,2.0000
8257,10002.07,9758.00,0,0,0.0000
8258,10077.35,9534.10,0,0,0.0000
8259,9622.60,9644.08,NaN,NaN,NaN
8260,9985.08,9357.54,NaN,NaN,NaN
8261,9761.39,10075.95,0,0,0.0000
8262,9920.50,10028.22,NaN,NaN,NaN
8263,9837.47,9716.17,NaN,NaN,NaN
8264,9941.44,9902.70,4,3,0.0000
8265,9926.20,9782.17,NaN,NaN,NaN
8266,9972.53,9858.13,0,0,0.0000
8267,9903.57,9690.17,NaN,NaN,NaN
8268,9977.32,9698.52,0,0,0.0000
8269,9872.39,10077.73,2,5,2.5000
8270,9709.32,9597.18,0,0,0.0000
8271,9871.64,9743.29,NaN,NaN,NaN
8272,10049.91,10098.91,NaN,NaN,NaN
8273,9704.45,10079.85,0,0,0.0000
8274,9728.25,9739.31,0,0,0.0000
8275,10003.28,9818.67,NaN,NaN,NaN
8276,9968.27,10067.39,NaN,NaN,NaN
8277,9747.77,9889.33,0,0,0.0000
8278,9795.11,9858.96,0,0,0.0000
8279,10008.24,9926.20,0,0,0.0000
8280,9791.59,9911.17,NaN,NaN,NaN
8281,10114.73,9650.37,NaN,NaN,NaN
8282,10709.71,9679.09,NaN,NaN,NaN
8283,10592.89,9437.52,0,0,0.0000
8284,10517.96,9674.57,NaN,NaN,NaN
8285,10762.08,9372.09,NaN,NaN,NaN
8286,10426.29,9654.74,2,2,0.0000
8287,10193.81,9734.22,NaN,NaN,NaN
8288,10857.63,10079.44,NaN,NaN,NaN
8289,10759.98,9520.68,NaN,NaN,NaN
8290,10274.97,9391.12,NaN,NaN,NaN
8291,10507.34,9530.69,NaN,NaN,NaN
8292,10323.38,9460.80,2,7,3.5000
8293,10781.57,9775.52,2,3,0.0000
8294,10468.35,9435.60,2,3,0.0000
8295,10312.59,9987.97,NaN,NaN,NaN
8296,10877.05,9841.98,0,0,0.0000
8297,10697.97,9911.11,NaN,NaN,NaN
8298,10521.33,9366.60,NaN,NaN,NaN
8299,10586.94,9729.58,0,0,0.0000
8300,10842.56,9567.80,NaN,NaN,NaN
8301,10264.24,9844.08,NaN,NaN,NaN
8302,10351.58,9802.08,NaN,NaN,NaN
8303,10212.14,9565.06,NaN,NaN,NaN
8304,10412.30,9752.90,NaN,NaN,NaN
8305,10190.95,9472.78,0,0,0.0000
8306,10601.01,9532.33,NaN,NaN,NaN
8307,10520.66,9771.45,0,0,0.0000
8308,10119.42,9770.05,NaN,NaN,NaN
8309,10228.09,9632.43,NaN,NaN,NaN
8310,10307.89,10070.08,2,1,0.0000
8311,10641.14,10028.22,NaN,NaN,NaN
8312,10710.90,9990.77,0,0,0.0000
8313,10624.73,9639.54,NaN,NaN,NaN
8314,10189.22,9378.92,NaN,NaN,NaN
8315,10431.20,9554.28,0,0,0.0000
8316,10184.82,9998.22,0,0,0.0000
8317,10335.90,9550.45,NaN,NaN,NaN
8318,10380.31,9572.98,NaN,NaN,NaN
8319,10203.90,9912.60,NaN,NaN,NaN
8320,10665.39,9786.67,0,0,0.0000
8321,10799.03,9961.15,2,4,2.0000
8322,10315.98,9613.69,0,0,0.0000
8323,10335.78,9685.58,0,0,0.0000
8324,10245.32,10105.51,0,0,0.0000
8325,10275.22,9710.65,NaN,NaN,NaN
8326,10279.83,9903.59,NaN,NaN,NaN
8327,10875.83,9741.73,NaN,NaN,NaN
8328,10707.66,9832.45,0,0,0.0000
8329,10620.60,9356.02,NaN,NaN,NaN
8330,10748.89,9935.86,NaN,NaN,NaN
8331,10589.80,9601.35,NaN,NaN,NaN
8332,10817.36,9918.07,NaN,NaN,NaN
8333,10870.42,9937.17,0,0,0.0000
8334,10390.83,9442.72,0,0,0.0000
8335,10621.51,9755.13,0,0,0.0000
8336,10263.91,9995.02,0,0,0.0000
8337,10318.23,9746.39,0,0,0.0000
8338,10249.46,9454.17,NaN,NaN,NaN
8339,10252.69,9528.48,NaN,NaN,NaN
8340,10770.99,10010.54,NaN,NaN,NaN
8341,10225.51,10070.00,0,0,0.0000
8342,10527.71,9809.55,0,0,0.0000
8343,10420.87,9409.87,NaN,NaN,NaN
8344,10299.39,9511.96,NaN,NaN,NaN
8345,10120.71,9372.11,0,0,0.0000
8346,10762.07,9439.00,0,0,0.0000
8347,10186.91,10042.40,0,0,0.0000
8348,10431.71,9362.14,NaN,NaN,NaN
8349,11249.36,9949.34,0,0,0.0000
8350,11024.13,9498.01,0,0,0.0000
8351,11165.64,9733.01,NaN,NaN,NaN
8352,10993.96,9395.71,3,5,0.0000
8353,10985.04,9680.79,NaN,NaN,NaN
8354,11072.01,9616.16,NaN,NaN,NaN
8355,11330.92,9772.79,4,7,0.0000
8356,11284.48,10091.75,0,0,0.0000
8357,10909.67,9522.64,0,0,0.0000
8358,10883.94,9996.96,NaN,NaN,NaN
8359,11133.60,10018.41,NaN,NaN,NaN
8360,11059.64,9785.65,0,0,0.0000
8361,11060.65,10097.26,2,5,2.5000
8362,11087.99,9685.87,NaN,NaN,NaN
8363,10983.79,9590.36,NaN,NaN,NaN
8364,11140.61,9391.46,NaN,NaN,NaN
8365,11212.05,9432.93,NaN,NaN,NaN
8366,10977.31,9949.42,3,4,0.0000
8367,11307.18,9406.89,NaN,NaN,NaN
8368,11345.72,9891.68,0,0,0.0000
8369,11068.29,9865.99,2,5,2.5000
8370,11018.60,10019.31,2,8,4.0000
8371,11114.07,9737.98,0,0,0.0000
8372,11054.62,9946.57,2,3,0.0000
8373,11127.49,9919.57,0,0,0.0000
8374,11122.19,9440.10,NaN,NaN,NaN
8375,11322.92,9533.40,2,5,2.5000
8376,10919.83,9780.82,NaN,NaN,NaN
8377,11257.61,9574.07,NaN,NaN,NaN
8378,11311.22,9596.02,0,0,0.0000
8379,11234.18,9819.11,3,4,0.0000
8380,11019.73,9887.01,NaN,NaN,NaN
8381,10919.03,9916.61,NaN,NaN,NaN
8382,11157.93,9595.00,NaN,NaN,NaN
8383,10898.84,9427.66,NaN,NaN,NaN
8384,11142.94,10105.00,NaN,NaN,NaN
8385,11239.42,9523.30,0,0,0.0000
8386,10912.04,9592.82,NaN,NaN,NaN
8387,11414.72,9499.22,NaN,NaN,NaN
8388,11360.93,9466.66,2,4,2.0000
8389,11065.35,9354.34,NaN,NaN,NaN
8390,11277.30,9721.12,NaN,NaN,NaN
8391,10950.02,10035.90,3,8,2.6667
8392,11296.13,9673.72,NaN,NaN,NaN
8393,11114.58,9525.00,NaN,NaN,NaN
8394,10920.11,9655.87,NaN,NaN,NaN
8395,11368.67,9661.79,NaN,NaN,NaN
8396,10936.10,9383.12,2,4,2.0000
8397,11358.35,9353.38,NaN,NaN,NaN
8398,320.68,10463.61,3,2,0.0000
8399,246.40,10702.53,2,8,4.0000
8400,214.69,10499.25,NaN,NaN,NaN
8401,684.54,10842.37,NaN,NaN,NaN
8402,133.30,10431.98,2,2,0.0000
8403,261.17,10338.23,NaN,NaN,NaN
8404,88.25,10769.19,NaN,NaN,NaN
8405,52.53,10524.90,2,4,2.0000
8406,621.30,10190.50,NaN,NaN,NaN
8407,554.14,10645.26,3,5,0.0000
8408,161.88,10612.25,2,6,3.0000
8409,49.78,10617.80,3,4,0.0000
8410,153.93,10837.42,NaN,NaN,NaN
8411,342.36,10696.80,NaN,NaN,NaN
8412,553.42,10217.67,2,4,2.0000
8413,351.37,10785.90,2,4,2.0000
8414,177.99,10348.45,NaN,NaN,NaN
8415,468.06,10643.14,0,0,0.0000
8416,165.00,10204.01,NaN,NaN,NaN
8417,544.94,10784.86,NaN,NaN,NaN
8418,577.51,10730.34,NaN,NaN,NaN
8419,644.98,10780.33,0,0,0.0000
8420,601.89,10865.63,NaN,NaN,NaN
8421,470.18,10767.30,0,0,0.0000
8422,411.10,10715.36,NaN,NaN,NaN
8423,630.97,10620.60,2,4,2.0000
8424,297.22,10873.72,2,2,0.0000
8425,418.60,10176.83,2,5,2.5000
8426,493.40,10232.95,2,1,0.0000
8427,521.75,10148.30,NaN,NaN,NaN
8428,514.51,10845.79,NaN,NaN,NaN
8429,130.11,10717.09,NaN,NaN,NaN
8430,179.91,10269.22,0,0,0.0000
8431,721.25,10751.18,NaN,NaN,NaN
8432,481.17,10704.15,0,0,0.0000
8433,307.39,10650.33,0,0,0.0000
8434,457.86,10153.06,2,5,2.5000
8435,120.91,10567.77,NaN,NaN,NaN
8436,237.69,10794.44,NaN,NaN,NaN
8437,82.82,10358.57,NaN,NaN,NaN
8438,610.81,10696.07,NaN,NaN,NaN
8439,340.61,10856.30,NaN,NaN,NaN
8440,40.01,10692.44,0,0,0.0000
8441,609.43,10499.31,2,1,0.0000
8442,521.61,10309.28,NaN,NaN,NaN
8443,128.84,10508.99,4,7,0.0000
8444,415.68,10781.93,0,0,0.0000
8445,77.49,10879.62,NaN,NaN,NaN
8446,410.99,10631.00,0,0,0.0000
8447,235.80,10852.33,NaN,NaN,NaN
8448,51.44,10412.83,NaN,NaN,NaN
8449,89.97,10668.19,0,0,0.0000
8450,619.03,10300.34,2,2,0.0000
8451,164.56,10771.91,NaN,NaN,NaN
8452,202.23,10782.02,NaN,NaN,NaN
8453,1330.45,10459.61,NaN,NaN,NaN
8454,1216.36,10225.17,3,6,2.0000
8455,1652.82,10634.29,4,6,0.0000
8456,1639.36,10172.58,2,2,0.0000
8457,1311.19,10576.32,NaN,NaN,NaN
8458,1285.87,10299.40,NaN,NaN,NaN
8459,1461.70,10173.44,NaN,NaN,NaN
8460,1373.62,10339.95,0,0,0.0000
8461,1335.81,10240.70,2,2,0.0000
8462,1516.61,10416.16,NaN,NaN,NaN
8463,1397.31,10200.38,2,3,0.0000
8464,1659.63,10263.83,NaN,NaN,NaN
8465,1594.07,10258.76,3,4,0.0000
8466,1467.56,10277.27,3,4,0.0000
8467,1444.42,10473.91,0,0,0.0000
8468,1169.83,10299.46,3,3,0.0000
8469,1627.10,10383.77,NaN,NaN,NaN
8470,1448.60,10658.46,5,5,0.0000
8471,1637.72,10451.06,2,3,0.0000
8472,1519.06,10344.00,0,0,0.0000
8473,1257.12,10161.81,NaN,NaN,NaN
8474,1518.18,10492.51,NaN,NaN,NaN
8475,1446.95,10364.81,NaN,NaN,NaN
8476,1240.96,10421.56,NaN,NaN,NaN
8477,1542.56,10208.67,2,3,0.0000
8478,1543.55,10567.81,NaN,NaN,NaN
8479,1489.78,10602.39,NaN,NaN,NaN
8480,1166.47,10380.17,NaN,NaN,NaN
8481,1547.08,10684.32,NaN,NaN,NaN
8482,1426.91,10554.26,0,0,0.0000
8483,1244.35,10340.01,2,3,0.0000
8484,1242.20,10466.38,2,3,0.0000
8485,1373.40,10508.90,0,0,0.0000
8486,1586.69,10534.74,5,7,0.0000
8487,1638.59,10739.66,0,0,0.0000
8488,1563.66,10148.07,NaN,NaN,NaN
8489,1404.06,10613.80,NaN,NaN,NaN
8490,1232.66,10522.31,0,0,0.0000
8491,1220.29,10558.28,0,0,0.0000
8492,1293.22,10387.65,2,2,0.0000
8493,1209.91,10371.78,NaN,NaN,NaN
8494,1573.57,10476.63,NaN,NaN,NaN
8495,1176.38,10443.85,NaN,NaN,NaN
8496,1582.11,10324.34,0,0,0.0000
8497,2093.10,10833.69,NaN,NaN,NaN
8498,2020.61,10735.69,NaN,NaN,NaN
8499,2245.81,10579.09,0,0,0.0000
8500,1799.26,10477.95,3,4,0.0000
8501,2307.00,10768.55,2,5,2.5000
8502,1678.50,10548.00,NaN,NaN,NaN
8503,2212.73,10845.74,NaN,NaN,NaN
8504,1799.49,10612.85,NaN,NaN,NaN
8505,2360.29,10355.07,NaN,NaN,NaN
8506,1931.90,10431.18,0,0,0.0000
8507,2249.91,10684.19,2,5,2.5000
8508,1954.83,10613.17,NaN,NaN,NaN
8509,2126.05,10487.21,NaN,NaN,NaN
8510,1719.02,10129.21,NaN,NaN,NaN
8511,2261.91,10216.49,NaN,NaN,NaN
8512,1764.90,10361.27,NaN,NaN,NaN
8513,2268.95,10119.34,3,6,2.0000
8514,1721.63,10414.80,3,2,0.0000
8515,1694.33,10750.97,2,3,0.0000
8516,2178.41,10612.52,3,3,0.0000
8517,1882.33,10569.73,3,4,0.0000
8518,2109.22,10671.08,2,4,2.0000
8519,1697.03,10477.37,NaN,NaN,NaN
8520,2140.60,10585.74,2,1,0.0000
8521,2341.35,10851.37,NaN,NaN,NaN
8522,2297.89,10273.07,4,4,0.0000
8523,2404.25,10264.37,NaN,NaN,NaN
8524,2198.20,10759.31,2,2,0.0000
8525,2089.88,10563.93,4,4,0.0000
8526,1743.01,10610.96,2,4,2.0000
8527,2036.14,10548.83,0,0,0.0000
8528,1962.55,10829.53,NaN,NaN,NaN
8529,2027.31,10470.43,NaN,NaN,NaN
8530,2167.71,10687.99,NaN,NaN,NaN
8531,2382.51,10767.29,2,4,2.0000
8532,1939.84,10745.21,0,0,0.0000
8533,1859.92,10412.20,NaN,NaN,NaN
8534,1907.62,10502.11,0,0,0.0000
8535,1814.49,10685.07,NaN,NaN,NaN
8536,2401.79,10213.46,NaN,NaN,NaN
8537,1971.00,10530.86,NaN,NaN,NaN
8538,1752.52,10685.21,NaN,NaN,NaN
8539,1791.24,10323.72,NaN,NaN,NaN
8540,1860.93,10663.27,0,0,0.0000
8541,1721.73,10251.59,3,5,0.0000
8542,1919.02,10853.56,NaN,NaN,NaN
8543,2019.31,10611.03,NaN,NaN,NaN
8544,2421.50,10316.09,NaN,NaN,NaN
8545,2356.63,10226.76,3,3,0.0000
8546,1742.25,10203.14,NaN,NaN,NaN
8547,2418.02,10170.36,NaN,NaN,NaN
8548,1776.26,10155.23,NaN,NaN,NaN
8549,2145.28,10734.48,0,0,0.0000
8550,1954.26,10687.16,0,0,0.0000
8551,2789.88,10306.67,2,3,0.0000
8552,2723.52,10204.14,2,4,2.0000
8553,3102.57,10309.21,NaN,NaN,NaN
8554,2916.55,10776.71,NaN,NaN,NaN
8555,2444.36,10383.40,5,6,0.0000
8556,2666.06,10480.24,2,2,0.0000
8557,2578.90,10113.11,0,0,0.0000
8558,2629.36,10334.90,NaN,NaN,NaN
8559,3038.57,10260.16,2,2,0.0000
8560,2983.53,10345.26,NaN,NaN,NaN
8561,2569.34,10378.43,NaN,NaN,NaN
8562,2696.86,10129.27,2,3,0.0000
8563,3128.31,10130.84,NaN,NaN,NaN
8564,3035.13,10141.27,NaN,NaN,NaN
8565,2752.01,10612.48,NaN,NaN,NaN
8566,2880.96,10175.48,0,0,0.0000
8567,2465.53,10187.46,2,3,0.0000
8568,2698.21,10306.59,0,0,0.0000
8569,2916.38,10150.46,0,0,0.0000
8570,2804.78,10402.00,0,0,0.0000
8571,2472.37,10272.26,NaN,NaN,NaN
8572,2593.43,10281.49,NaN,NaN,NaN
8573,2516.28,10236.03,3,3,0.0000
8574,2744.35,10461.64,0,0,0.0000
8575,2885.83,10433.29,NaN,NaN,NaN
8576,2988.57,10178.73,NaN,NaN,NaN
8577,2934.65,10376.43,0,0,0.0000
8578,2921.99,10841.12,3,2,0.0000
8579,3083.65,10875.87,NaN,NaN,NaN
8580,2524.43,10400.87,NaN,NaN,NaN
8581,2657.46,10408.32,0,0,0.0000
8582,3113.39,10231.52,NaN,NaN,NaN
8583,2943.68,10276.88,0,0,0.0000
8584,2577.13,10463.49,2,3,0.0000
8585,3072.11,10364.70,NaN,NaN,NaN
8586,3014.95,10394.74,NaN,NaN,NaN
8587,2787.01,10233.15,NaN,NaN,NaN
8588,2625.34,10181.21,0,0,0.0000
8589,2723.34,10404.32,0,0,0.0000
8590,3141.03,10853.29,0,0,0.0000
8591,2540.01,10191.07,NaN,NaN,NaN
8592,2712.66,10581.18,NaN,NaN,NaN
8593,3164.50,10252.07,0,0,0.0000
8594,2816.38,10147.51,0,0,0.0000
8595,3008.68,10216.64,NaN,NaN,NaN
8596,2993.30,10851.00,0,0,0.0000
8597,2487.51,10335.03,NaN,NaN,NaN
8598,3065.46,10200.60,NaN,NaN,NaN
8599,2543.01,10273.28,0,0,0.0000
8600,2529.09,10311.23,0,0,0.0000
8601,3095.51,10172.69,0,0,0.0000
8602,3684.73,10677.90,NaN,NaN,NaN
8603,3369.20,10419.18,3,5,0.0000
8604,3678.60,10351.16,3,5,0.0000
8605,3797.05,10737.02,2,2,0.0000
8606,3596.66,10841.43,NaN,NaN,NaN
8607,3519.43,10390.64,2,0,0.0000
8608,3223.96,10310.74,3,5,0.0000
8609,3713.06,10783.14,2,5,2.5000
8610,3508.40,10249.51,NaN,NaN,NaN
8611,3662.09,10822.95,NaN,NaN,NaN
8612,3644.46,10590.92,NaN,NaN,NaN
8613,3436.60,10271.28,NaN,NaN,NaN
8614,3760.76,10554.78,NaN,NaN,NaN
8615,3286.55,10380.36,NaN,NaN,NaN
8616,3589.19,10445.30,NaN,NaN,NaN
8617,3802.21,10386.22,3,5,0.0000
8618,3823.75,10472.65,NaN,NaN,NaN
8619,3308.56,10279.16,2,3,0.0000
8620,3959.75,10462.61,NaN,NaN,NaN
8621,3238.15,10459.97,NaN,NaN,NaN
8622,3232.86,10400.46,0,0,0.0000
8623,3646.76,10522.51,4,6,0.0000
8624,3563.22,10322.22,4,7,0.0000
8625,3588.31,10705.22,NaN,NaN,NaN
8626,3467.32,10877.64,NaN,NaN,NaN
8627,3560.53,10508.60,NaN,NaN,NaN
8628,3435.59,10151.29,4,6,0.0000
8629,3792.32,10875.06,2,4,2.0000
8630,3333.70,10343.95,0,0,0.0000
8631,3435.01,10358.88,0,0,0.0000
8632,3391.36,10206.13,NaN,NaN,NaN
8633,3357.04,10112.60,NaN,NaN,NaN
8634,3528.24,10561.63,0,0,0.0000
8635,3609.34,10264.52,0,0,0.0000
8636,3967.94,10541.80,NaN,NaN,NaN
8637,3217.39,10249.00,0,0,0.0000
8638,3721.57,10465.90,5,6,0.0000
8639,3582.46,10580.95,3,6,2.0000
8640,3721.58,10866.48,0,0,0.0000
8641,3393.81,10320.64,4,4,0.0000
8642,3652.13,10738.52,3,1,0.0000
8643,4242.63,10414.36,NaN,NaN,NaN
8644,4478.66,10423.57,0,0,0.0000
8645,4364.09,10312.36,NaN,NaN,NaN
8646,4422.56,10631.46,NaN,NaN,NaN
8647,4464.08,10148.60,0,0,0.0000
8648,4584.60,10178.38,NaN,NaN,NaN
8649,4729.30,10702.77,NaN,NaN,NaN
8650,4481.85,10557.76,NaN,NaN,NaN
8651,4386.69,10520.81,3,7,2.3333
8652,4680.86,10879.90,NaN,NaN,NaN
8653,4250.53,10275.54,0,0,0.0000
8654,4436.06,10843.89,NaN,NaN,NaN
8655,4610.43,10716.86,2,5,2.5000
8656,4518.81,10723.61,NaN,NaN,NaN
8657,4595.11,10857.39,NaN,NaN,NaN
8658,4495.83,10276.09,NaN,NaN,NaN
8659,4663.21,10450.68,NaN,NaN,NaN
8660,4194.30,10551.09,NaN,NaN,NaN
8661,4580.58,10646.40,2,3,0.0000
8662,4117.69,10373.67,2,2,0.0000
8663,4596.49,10354.95,NaN,NaN,NaN
8664,4129.14,10537.68,NaN,NaN,NaN
8665,4565.01,10434.38,2,2,0.0000
8666,4692.29,10614.98,NaN,NaN,NaN
8667,4321.64,10463.36,NaN,NaN,NaN
8668,4625.21,10251.19,4,7,0.0000
8669,4580.95,10491.03,NaN,NaN,NaN
8670,4017.38,10490.58,2,4,2.0000
8671,4646.79,10181.07,NaN,NaN,NaN
8672,4632.85,10612.11,2,4,2.0000
8673,4196.03,10340.14,2,4,2.0000
8674,4262.59,10556.62,NaN,NaN,NaN
8675,4670.87,10796.79,NaN,NaN,NaN
8676,4118.27,10633.97,3,3,0.0000
8677,4700.53,10215.48,2,6,3.0000
8678,4393.08,10212.44,2,6,3.0000
8679,4577.47,10770.54,NaN,NaN,NaN
8680,4364.81,10404.40,2,3,0.0000
8681,4445.12,10763.16,2,3,0.0000
8682,4482.89,10799.11,NaN,NaN,NaN
8683,4576.52,10572.64,0,0,0.0000
8684,4666.28,10287.84,NaN,NaN,NaN
8685,4320.68,10571.34,2,3,0.0000
8686,4438.57,10247.38,NaN,NaN,NaN
8687,4266.15,10611.24,NaN,NaN,NaN
8688,4532.51,10328.01,0,0,0.0000
8689,4729.86,10834.89,NaN,NaN,NaN
8690,4532.51,10820.88,0,0,0.0000
8691,4688.32,10517.48,NaN,NaN,NaN
8692,4603.09,10303.06,3,2,0.0000
8693,4418.90,10727.89,NaN,NaN,NaN
8694,4657.68,10360.63,NaN,NaN,NaN
8695,4338.56,10874.69,NaN,NaN,NaN
8696,4553.40,10126.99,NaN,NaN,NaN
8697,4605.74,10517.90,NaN,NaN,NaN
8698,4512.60,10203.55,NaN,NaN,NaN
8699,4624.44,10790.10,NaN,NaN,NaN
8700,4721.63,10500.88,NaN,NaN,NaN
8701,4056.30,10512.18,NaN,NaN,NaN
8702,4714.95,10753.55,NaN,NaN,NaN
8703,4664.35,10558.76,0,0,0.0000
8704,4374.32,10823.73,0,0,0.0000
8705,4283.02,10681.60,0,0,0.0000
8706,5343.43,10381.06,0,0,0.0000
8707,5411.33,10173.73,NaN,NaN,NaN
8708,5474.69,10264.95,0,0,0.0000
8709,5484.09,10707.71,3,4,0.0000
8710,5433.32,10473.84,3,7,2.3333
8711,4764.75,10136.05,NaN,NaN,NaN
8712,4745.49,10564.44,4,6,0.0000
8713,5257.81,10217.03,NaN,NaN,NaN
8714,4786.02,10630.86,3,7,2.3333
8715,5492.22,10595.78,NaN,NaN,NaN
8716,5428.33,10629.53,2,3,0.0000
8717,4739.61,10793.30,NaN,NaN,NaN
8718,5488.85,10373.97,NaN,NaN,NaN
8719,5394.90,10265.16,NaN,NaN,NaN
8720,5322.95,10168.37,0,0,0.0000
8721,4795.66,10683.29,2,2,0.0000
8722,5326.27,10515.41,0,0,0.0000
8723,4737.91,10439.81,NaN,NaN,NaN
8724,5446.20,10754.31,NaN,NaN,NaN
8725,4779.85,10844.32,NaN,NaN,NaN
8726,5405.02,10570.74,NaN,NaN,NaN
8727,5404.29,10318.94,0,0,0.0000
8728,5438.18,10715.77,NaN,NaN,NaN
8729,4762.60,10401.74,NaN,NaN,NaN
8730,5498.31,10799.06,NaN,NaN,NaN
8731,5441.76,10577.18,NaN,NaN,NaN
8732,5456.09,10362.89,2,6,3.0000
8733,5772.60,10706.27,0,0,0.0000
8734,5752.54,10868.86,0,0,0.0000
8735,5855.35,10370.99,2,4,2.0000
8736,5556.71,10583.94,NaN,NaN,NaN
8737,5722.43,10291.69,2,6,3.0000
8738,5583.06,10465.85,NaN,NaN,NaN
8739,5933.16,10509.25,NaN,NaN,NaN
8740,5746.32,10201.56,0,0,0.0000
8741,5668.98,10190.99,NaN,NaN,NaN
8742,5646.27,10853.37,3,4,0.0000
8743,5662.13,10532.73,NaN,NaN,NaN
8744,5903.42,10610.80,NaN,NaN,NaN
8745,5980.53,10699.48,NaN,NaN,NaN
8746,6066.35,10867.65,0,0,0.0000
8747,6055.10,10701.75,NaN,NaN,NaN
8748,5547.52,10742.02,0,0,0.0000
8749,5810.78,10473.89,2,2,0.0000
8750,5662.69,10392.14,0,0,0.0000
8751,6060.95,10459.70,0,0,0.0000
8752,6117.14,10778.70,NaN,NaN,NaN
8753,6004.89,10576.58,NaN,NaN,NaN
8754,6048.20,10535.66,NaN,NaN,NaN
8755,5550.83,10204.93,3,4,0.0000
8756,5748.79,10378.07,0,0,0.0000
8757,5506.72,10485.31,NaN,NaN,NaN
8758,6033.89,10805.51,0,0,0.0000
8759,5716.87,10451.18,2,5,2.5000
8760,5653.70,10650.23,NaN,NaN,NaN
8761,5810.18,10845.76,NaN,NaN,NaN
8762,5958.01,10417.72,NaN,NaN,NaN
8763,5775.29,10579.78,NaN,NaN,NaN
8764,5879.52,10823.06,NaN,NaN,NaN
8765,5955.33,10804.31,0,0,0.0000
8766,5551.48,10851.02,NaN,NaN,NaN
8767,5590.66,10795.90,0,0,0.0000
8768,5540.61,10407.33,NaN,NaN,NaN
8769,5762.93,10500.51,2,6,3.0000
8770,5890.35,10722.12,0,0,0.0000
8771,6072.58,10622.54,4,6,0.0000
8772,5625.07,10152.65,0,0,0.0000
8773,5588.31,10683.82,2,3,0.0000
8774,5988.58,10635.24,NaN,NaN,NaN
8775,5528.65,10668.53,0,0,0.0000
8776,5804.67,10279.07,NaN,NaN,NaN
8777,5903.29,10767.83,0,0,0.0000
8778,6095.74,10550.17,NaN,NaN,NaN
8779,5838.06,10201.53,NaN,NaN,NaN
8780,5821.24,10644.89,0,0,0.0000
8781,5854.92,10590.22,NaN,NaN,NaN
8782,5875.86,10473.84,NaN,NaN,NaN
8783,5705.43,10610.38,0,0,0.0000
8784,5990.35,10484.05,0,0,0.0000
8785,6033.19,10639.12,NaN,NaN,NaN
8786,7035.36,10711.26,NaN,NaN,NaN
8787,6991.87,10558.84,NaN,NaN,NaN
8788,7041.40,10629.45,NaN,NaN,NaN
8789,7067.00,10833.70,0,0,0.0000
8790,7489.38,10837.86,NaN,NaN,NaN
8791,7544.31,10513.70,2,2,0.0000
8792,7040.89,10491.82,2,4,2.0000
8793,7450.02,10630.50,0,0,0.0000
8794,7515.65,10787.55,NaN,NaN,NaN
8795,7062.59,10550.64,2,3,0.0000
8796,7425.23,10741.99,0,0,0.0000
8797,7497.65,10616.89,0,0,0.0000
8798,7419.64,10683.05,NaN,NaN,NaN
8799,7398.65,10815.22,NaN,NaN,NaN
8800,7451.88,10693.31,NaN,NaN,NaN
8801,7488.59,10656.22,0,0,0.0000
8802,7561.93,10851.47,0,0,0.0000
8803,7381.10,10137.77,0,0,0.0000
8804,8356.96,10151.33,0,0,0.0000
8805,8264.36,10205.12,3,7,2.3333
8806,8370.94,10350.28,0,0,0.0000
8807,8412.55,10433.03,NaN,NaN,NaN
8808,8908.02,10524.16,2,3,0.0000
8809,9025.37,10821.55,NaN,NaN,NaN
8810,9157.97,10403.67,NaN,NaN,NaN
8811,9262.77,10786.39,NaN,NaN,NaN
8812,8819.78,10342.81,2,2,0.0000
8813,9025.40,10728.56,0,0,0.0000
8814,9076.10,10362.27,0,0,0.0000
8815,9160.29,10303.98,0,0,0.0000
8816,8694.75,10799.98,0,0,0.0000
8817,8965.03,10315.47,NaN,NaN,NaN
8818,8906.38,10437.83,0,0,0.0000
8819,9232.09,10879.53,NaN,NaN,NaN
8820,8855.97,10658.71,NaN,NaN,NaN
8821,8830.97,10479.87,NaN,NaN,NaN
8822,9088.83,10279.64,NaN,NaN,NaN
8823,9341.92,10616.68,NaN,NaN,NaN
8824,8830.80,10536.10,2,5,2.5000
8825,8854.71,10269.82,2,9,4.5000
8826,8890.95,10602.81,NaN,NaN,NaN
8827,8993.48,10232.79,NaN,NaN,NaN
8828,9236.22,10261.04,0,0,0.0000
8829,8945.88,10872.97,NaN,NaN,NaN
8830,8874.91,10742.19,NaN,NaN,NaN
8831,8808.43,10610.66,3,5,0.0000
8832,8983.73,10475.55,NaN,NaN,NaN
8833,9197.34,10490.61,NaN,NaN,NaN
8834,8804.84,10864.04,0,0,0.0000
8835,9216.63,10730.80,NaN,NaN,NaN
8836,9079.26,10829.88,NaN,NaN,NaN
8837,9001.24,10291.42,0,0,0.0000
8838,8760.84,10276.47,0,0,0.0000
8839,9108.64,10477.99,0,0,0.0000
8840,9139.60,10527.12,NaN,NaN,NaN
8841,9251.85,10443.52,0,0,0.0000
8842,9215.03,10665.77,0,0,0.0000
8843,9095.39,10562.68,NaN,NaN,NaN
8844,9044.57,10415.87,2,5,2.5000
8845,8960.46,10773.27,0,0,0.0000
8846,9334.24,10392.64,NaN,NaN,NaN
8847,8997.91,10420.26,NaN,NaN,NaN
8848,9144.75,10793.40,0,0,0.0000
8849,9316.05,10716.64,NaN,NaN,NaN
8850,9102.58,10845.89,NaN,NaN,NaN
8851,9220.16,10225.05,0,0,0.0000
8852,9331.26,10820.21,0,0,0.0000
8853,8788.12,10562.44,NaN,NaN,NaN
8854,9281.34,10399.81,0,0,0.0000
8855,9104.69,10431.27,NaN,NaN,NaN
8856,9197.66,10702.51,0,0,0.0000
8857,9311.81,10188.23,0,0,0.0000
8858,9164.75,10842.97,NaN,NaN,NaN
8859,9312.88,10674.20,NaN,NaN,NaN
8860,9043.63,10581.79,NaN,NaN,NaN
8861,9291.10,10631.16,0,0,0.0000
8862,9251.00,10831.26,0,0,0.0000
8863,8967.10,10823.23,0,0,0.0000
8864,9268.04,10746.11,NaN,NaN,NaN
8865,9284.76,10699.83,NaN,NaN,NaN
8866,9628.19,10700.26,2,7,3.5000
8867,9576.44,10847.00,0,0,0.0000
8868,9451.32,10773.38,NaN,NaN,NaN
8869,9649.22,10545.89,NaN,NaN,NaN
8870,9779.71,10731.26,NaN,NaN,NaN
8871,9409.81,10682.41,NaN,NaN,NaN
8872,9741.79,10603.04,NaN,NaN,NaN
8873,9422.34,10847.30,0,0,0.0000
8874,9345.48,10117.62,0,0,0.0000
8875,9632.18,10624.78,0,0,0.0000
8876,9361.67,10869.27,0,0,0.0000
8877,9541.60,10743.98,0,0,0.0000
8878,9840.30,10580.12,0,0,0.0000
8879,9459.65,10644.96,NaN,NaN,NaN
8880,9609.21,10460.21,2,5,2.5000
8881,9348.57,10747.89,NaN,NaN,NaN
8882,9464.45,10360.24,0,0,0.0000
8883,9401.27,10604.60,NaN,NaN,NaN
8884,9497.01,10557.16,0,0,0.0000
8885,9750.30,10684.19,NaN,NaN,NaN
8886,9914.06,10174.72,0,0,0.0000
8887,9356.12,10684.19,NaN,NaN,NaN
8888,9417.65,10358.99,NaN,NaN,NaN
8889,9568.17,10577.30,0,0,0.0000
8890,10020.65,10156.98,NaN,NaN,NaN
8891,9688.00,10667.88,NaN,NaN,NaN
8892,9372.18,10267.95,0,0,0.0000
8893,9606.99,10746.49,0,0,0.0000
8894,10812.55,10444.19,3,7,2.3333
8895,10705.62,10116.81,0,0,0.0000
8896,10783.15,10136.50,0,0,0.0000
8897,10751.56,10210.83,0,0,0.0000
8898,10778.59,10265.80,2,8,4.0000
8899,10703.34,10416.19,3,4,0.0000
8900,10589.85,10137.39,NaN,NaN,NaN
8901,10850.18,10361.26,3,6,2.0000
8902,10829.89,10290.34,NaN,NaN,NaN
8903,10632.59,10192.58,3,5,0.0000
8904,10679.91,10196.81,0,0,0.0000
8905,10876.26,10486.31,0,0,0.0000
8906,10756.14,10378.66,0,0,0.0000
8907,10489.29,10140.34,0,0,0.0000
8908,10553.15,10129.30,NaN,NaN,NaN
8909,10800.84,10782.77,NaN,NaN,NaN
8910,10682.90,10264.71,NaN,NaN,NaN
8911,11024.63,10440.09,NaN,NaN,NaN
8912,11110.26,10217.78,2,6,3.0000
8913,11159.08,10533.65,NaN,NaN,NaN
8914,11066.22,10625.59,3,2,0.0000
8915,11001.58,10283.81,NaN,NaN,NaN
8916,11002.42,10188.25,NaN,NaN,NaN
8917,10966.02,10618.78,3,4,0.0000
8918,11161.86,10354.03,NaN,NaN,NaN
8919,11145.95,10427.04,NaN,NaN,NaN
8920,10924.86,10307.09,NaN,NaN,NaN
8921,11231.46,10497.88,0,0,0.0000
8922,11230.97,10352.28,NaN,NaN,NaN
8923,11196.29,10114.86,0,0,0.0000
8924,10899.76,10795.01,NaN,NaN,NaN
8925,10921.67,10117.75,NaN,NaN,NaN
8926,10890.01,10644.73,NaN,NaN,NaN
8927,10934.72,10484.84,7,14,2.0000
8928,11277.75,10564.36,NaN,NaN,NaN
8929,11268.74,10202.33,NaN,NaN,NaN
8930,10903.91,10689.77,NaN,NaN,NaN
8931,10980.91,10131.87,2,2,0.0000
8932,10993.57,10701.80,NaN,NaN,NaN
8933,11250.19,10270.50,NaN,NaN,NaN
8934,10947.00,10710.97,0,0,0.0000
8935,10965.63,10779.11,NaN,NaN,NaN
8936,11123.18,10601.05,0,0,0.0000
8937,11239.19,10425.58,NaN,NaN,NaN
8938,10899.14,10848.63,NaN,NaN,NaN
8939,10939.41,10858.09,NaN,NaN,NaN
8940,11191.49,10257.15,0,0,0.0000
8941,11013.44,10586.12,3,6,2.0000
8942,11017.66,10510.37,2,4,2.0000
8943,11022.07,10515.47,NaN,NaN,NaN
8944,11018.96,10514.20,0,0,0.0000
8945,11023.77,10513.64,0,0,0.0000
8946,11020.74,10514.67,0,0,0.0000
8947,12406.75,10828.15,NaN,NaN,NaN
8948,12308.91,10638.72,2,7,3.5000
8949,12377.28,10579.93,NaN,NaN,NaN
8950,12378.32,10499.42,3,3,0.0000
8951,12407.07,10704.44,NaN,NaN,NaN
8952,12369.05,10673.16,NaN,NaN,NaN
8953,12241.68,10618.73,0,0,0.0000
8954,12273.62,10762.44,0,0,0.0000
8955,12470.85,10421.81,NaN,NaN,NaN
8956,12532.76,10337.50,2,3,0.0000
8957,12642.85,10593.93,2,5,2.5000
8958,12591.43,10497.53,NaN,NaN,NaN
8959,12632.12,10316.74,4,7,0.0000
8960,12478.67,10581.68,NaN,NaN,NaN
8961,12445.38,10500.67,NaN,NaN,NaN
8962,12529.05,10551.01,NaN,NaN,NaN
8963,12664.09,10503.46,0,0,0.0000
8964,12552.71,10707.41,0,0,0.0000
8965,12549.79,10613.82,3,8,2.6667
8966,12581.37,10651.29,NaN,NaN,NaN
8967,12634.79,10269.34,0,0,0.0000
8968,12887.17,10751.02,NaN,NaN,NaN
8969,12461.57,10725.09,2,4,2.0000
8970,12621.69,10411.04,NaN,NaN,NaN
8971,12631.40,10371.33,NaN,NaN,NaN
8972,12467.84,10627.65,NaN,NaN,NaN
8973,12515.93,10663.43,NaN,NaN,NaN
8974,12546.04,10271.36,0,0,0.0000
8975,15433.45,10840.56,NaN,NaN,NaN
8976,15068.05,10593.47,0,0,0.0000
8977,15175.33,10649.59,NaN,NaN,NaN
8978,15026.42,10678.20,2,4,2.0000
8979,14884.79,10694.74,3,7,2.3333
8980,14942.16,10832.03,0,0,0.0000
8981,14806.69,10778.39,2,3,0.0000
8982,15336.15,10580.94,0,0,0.0000
8983,15328.58,10829.41,2,4,2.0000
8984,15111.13,10291.93,NaN,NaN,NaN
8985,14968.97,10261.79,0,0,0.0000
8986,15033.05,10376.58,2,2,0.0000
8987,14972.92,10383.50,0,0,0.0000
8988,15291.70,10768.85,NaN,NaN,NaN
8989,15092.20,10767.24,NaN,NaN,NaN
8990,14966.17,10669.46,2,4,2.0000
8991,15065.77,10512.15,2,5,2.5000
8992,15155.30,10748.11,NaN,NaN,NaN
8993,14939.50,10751.46,0,0,0.0000
8994,15233.24,10864.55,2,4,2.0000
8995,15099.24,10245.11,NaN,NaN,NaN
8996,15121.30,10620.94,0,0,0.0000
8997,15261.68,10689.69,NaN,NaN,NaN
8998,14917.33,10379.49,NaN,NaN,NaN
8999,15211.54,10793.56,0,0,0.0000
9000,15107.45,10459.10,NaN,NaN,NaN
9001,15149.55,10545.48,2,2,0.0000
9002,15308.25,10635.11,NaN,NaN,NaN
9003,15237.55,10738.96,NaN,NaN,NaN
9004,14891.58,10282.10,0,0,0.0000
9005,14868.81,10611.90,NaN,NaN,NaN
9006,15240.01,10618.98,0,0,0.0000
9007,15048.44,10250.32,0,0,0.0000
9008,14980.04,10575.83,3,5,0.0000
9009,14925.48,10587.07,2,3,0.0000
9010,15180.54,10355.23,NaN,NaN,NaN
9011,15115.67,10353.47,NaN,NaN,NaN
9012,14926.09,10231.76,3,2,0.0000
9013,15154.78,10798.43,NaN,NaN,NaN
9014,15111.69,10522.26,NaN,NaN,NaN
9015,14728.52,10850.25,NaN,NaN,NaN
9016,14955.06,10306.74,0,0,0.0000
9017,14766.49,10799.84,NaN,NaN,NaN
9018,16322.53,10501.94,NaN,NaN,NaN
9019,16277.93,10230.18,NaN,NaN,NaN
9020,16318.90,10316.28,0,0,0.0000
9021,568.33,11596.98,2,2,0.0000
9022,698.74,11006.16,4,5,0.0000
9023,420.04,10881.32,4,4,0.0000
9024,861.73,11529.25,3,4,0.0000
9025,339.50,11605.60,NaN,NaN,NaN
9026,764.47,11159.27,NaN,NaN,NaN
9027,488.22,11163.09,NaN,NaN,NaN
9028,686.83,11544.61,0,0,0.0000
9029,818.45,11283.55,2,2,0.0000
9030,493.01,11447.28,2,3,0.0000
9031,516.03,11300.93,NaN,NaN,NaN
9032,412.90,11539.64,NaN,NaN,NaN
9033,644.70,11092.61,0,0,0.0000
9034,752.24,11408.46,NaN,NaN,NaN
9035,256.54,10926.64,0,0,0.0000
9036,472.74,11379.28,0,0,0.0000
9037,615.35,11016.49,3,5,0.0000
9038,578.72,11269.37,4,9,2.2500
9039,557.56,11455.55,NaN,NaN,NaN
9040,424.71,11313.47,2,4,2.0000
9041,657.30,11196.57,NaN,NaN,NaN
9042,317.84,10988.90,0,0,0.0000
9043,794.49,11076.37,NaN,NaN,NaN
9044,708.50,11315.31,2,4,2.0000
9045,812.43,11393.24,NaN,NaN,NaN
9046,590.22,11376.89,NaN,NaN,NaN
9047,838.72,11169.14,2,4,2.0000
9048,841.28,11459.61,0,0,0.0000
9049,673.16,11396.81,NaN,NaN,NaN
9050,491.51,11071.93,0,0,0.0000
9051,588.41,11175.75,NaN,NaN,NaN
9052,420.52,11245.75,NaN,NaN,NaN
9053,655.71,11282.11,NaN,NaN,NaN
9054,586.90,10922.73,NaN,NaN,NaN
9055,607.77,11509.82,NaN,NaN,NaN
9056,513.88,11232.11,NaN,NaN,NaN
9057,704.43,10923.16,NaN,NaN,NaN
9058,728.85,11087.80,0,0,0.0000
9059,277.44,11513.61,NaN,NaN,NaN
9060,266.66,11585.74,0,0,0.0000
9061,632.93,11326.74,NaN,NaN,NaN
9062,680.23,11145.93,NaN,NaN,NaN
9063,410.35,11049.39,0,0,0.0000
9064,550.94,11057.97,0,0,0.0000
9065,39.31,11640.52,NaN,NaN,NaN
9066,462.77,11008.92,NaN,NaN,NaN
9067,761.77,11239.90,0,0,0.0000
9068,403.96,10993.10,0,0,0.0000
9069,685.75,11458.55,2,4,2.0000
9070,386.09,11108.78,NaN,NaN,NaN
9071,332.53,11514.30,NaN,NaN,NaN
9072,746.69,11502.48,NaN,NaN,NaN
9073,379.27,11187.73,NaN,NaN,NaN
9074,449.80,11478.76,NaN,NaN,NaN
9075,410.72,11465.53,3,6,2.0000
9076,444.06,11102.37,0,0,0.0000
9077,392.15,11410.80,NaN,NaN,NaN
9078,866.37,11405.99,NaN,NaN,NaN
9079,339.60,11407.43,3,6,2.0000
9080,759.52,11550.30,NaN,NaN,NaN
9081,476.45,10959.89,2,3,0.0000
9082,477.55,11577.51,NaN,NaN,NaN
9083,852.10,11110.41,NaN,NaN,NaN
9084,366.07,11476.60,NaN,NaN,NaN
9085,84.27,10936.61,NaN,NaN,NaN
9086,286.15,11630.18,NaN,NaN,NaN
9087,528.11,11515.22,2,2,0.0000
9088,562.84,11118.14,0,0,0.0000
9089,904.80,11629.43,0,0,0.0000
9090,927.38,11455.53,NaN,NaN,NaN
9091,2268.50,10985.89,0,0,0.0000
9092,1974.44,11043.50,NaN,NaN,NaN
9093,2244.07,11509.74,NaN,NaN,NaN
9094,2424.38,11613.24,2,2,0.0000
9095,2331.79,11532.82,0,0,0.0000
9096,2066.91,11345.41,3,6,2.0000
9097,2402.40,10967.84,NaN,NaN,NaN
9098,2357.35,11140.87,NaN,NaN,NaN
9099,2420.79,11469.52,NaN,NaN,NaN
9100,2259.02,11357.77,NaN,NaN,NaN
9101,2412.00,11078.43,2,2,0.0000
9102,2187.01,11386.21,NaN,NaN,NaN
9103,2329.08,11435.81,NaN,NaN,NaN
9104,2018.52,11125.54,NaN,NaN,NaN
9105,2028.80,10999.40,NaN,NaN,NaN
9106,2175.40,11128.25,NaN,NaN,NaN
9107,2397.57,11282.10,NaN,NaN,NaN
9108,2331.32,11647.84,NaN,NaN,NaN
9109,1973.19,10935.78,NaN,NaN,NaN
9110,2246.21,11606.68,NaN,NaN,NaN
9111,2166.12,11029.99,NaN,NaN,NaN
9112,2230.10,11173.58,2,4,2.0000
9113,2038.98,11196.23,4,5,0.0000
9114,1984.46,11231.44,0,0,0.0000
9115,1925.09,10964.35,3,8,2.6667
9116,2087.02,11036.08,NaN,NaN,NaN
9117,2251.19,11425.15,2,2,0.0000
9118,2296.42,11162.89,NaN,NaN,NaN
9119,2062.87,10961.60,NaN,NaN,NaN
9120,2198.82,11247.34,NaN,NaN,NaN
9121,2107.36,11074.94,NaN,NaN,NaN
9122,2280.11,11300.65,0,0,0.0000
9123,2140.85,11319.67,NaN,NaN,NaN
9124,2387.28,11374.86,NaN,NaN,NaN
9125,2124.65,11417.75,NaN,NaN,NaN
9126,2352.57,11329.07,NaN,NaN,NaN
9127,2200.91,11307.01,NaN,NaN,NaN
9128,2288.22,11245.08,NaN,NaN,NaN
9129,1909.22,10900.16,NaN,NaN,NaN
9130,2339.31,11206.88,NaN,NaN,NaN
9131,2191.16,11453.15,NaN,NaN,NaN
9132,1954.70,11151.54,NaN,NaN,NaN
9133,2216.81,11090.70,0,0,0.0000
9134,1959.25,10884.96,0,0,0.0000
9135,2122.02,11108.26,2,2,0.0000
9136,1935.06,11100.26,0,0,0.0000
9137,2080.82,11139.89,NaN,NaN,NaN
9138,2110.14,11236.72,2,4,2.0000
9139,2024.00,10904.34,2,3,0.0000
9140,2397.78,10892.21,0,0,0.0000
9141,2372.82,11625.02,0,0,0.0000
9142,2431.16,11143.10,3,3,0.0000
9143,2159.69,11189.74,0,0,0.0000
9144,2139.23,10953.05,NaN,NaN,NaN
9145,2149.74,11470.67,0,0,0.0000
9146,2125.97,11149.43,2,1,0.0000
9147,2347.63,11244.01,3,4,0.0000
9148,2561.20,11274.46,NaN,NaN,NaN
9149,2610.34,11437.48,NaN,NaN,NaN
9150,2837.35,11428.48,NaN,NaN,NaN
9151,2637.65,11173.64,0,0,0.0000
9152,2947.92,11575.23,2,2,0.0000
9153,2777.48,11552.20,NaN,NaN,NaN
9154,2754.91,11644.32,0,0,0.0000
9155,2519.74,11505.61,NaN,NaN,NaN
9156,3044.38,10940.13,0,0,0.0000
9157,2661.69,11367.45,NaN,NaN,NaN
9158,2459.05,11345.39,NaN,NaN,NaN
9159,2738.19,11457.95,NaN,NaN,NaN
9160,2462.62,11189.38,0,0,0.0000
9161,2574.91,11044.31,NaN,NaN,NaN
9162,2650.30,11524.53,NaN,NaN,NaN
9163,2564.62,11603.24,NaN,NaN,NaN
9164,2528.29,10945.33,NaN,NaN,NaN
9165,2504.40,11605.05,0,0,0.0000
9166,2915.63,10885.09,NaN,NaN,NaN
9167,2881.55,11537.92,NaN,NaN,NaN
9168,2502.71,11050.18,NaN,NaN,NaN
9169,2679.94,11607.80,NaN,NaN,NaN
9170,2696.07,11310.79,3,4,0.0000
9171,2745.03,11369.21,2,2,0.0000
9172,2465.62,11246.08,2,3,0.0000
9173,2963.36,10944.07,NaN,NaN,NaN
9174,3089.71,11002.73,2,2,0.0000
9175,2530.50,11109.61,NaN,NaN,NaN
9176,2596.89,10940.60,NaN,NaN,NaN
9177,2508.17,11427.26,0,0,0.0000
9178,2475.40,10987.76,0,0,0.0000
9179,2833.09,11622.45,0,0,0.0000
9180,2617.59,11001.50,0,0,0.0000
9181,3087.11,10921.81,NaN,NaN,NaN
9182,2654.70,11071.94,0,0,0.0000
9183,2770.89,11173.98,0,0,0.0000
9184,3625.54,11034.84,2,8,4.0000
9185,3470.47,11236.07,0,0,0.0000
9186,3504.10,11101.76,NaN,NaN,NaN
9187,3498.31,10981.90,NaN,NaN,NaN
9188,3357.36,10907.73,NaN,NaN,NaN
9189,3812.79,10974.00,NaN,NaN,NaN
9190,3424.49,10984.52,3,3,0.0000
9191,3323.40,10970.29,NaN,NaN,NaN
9192,3344.99,11131.34,3,5,0.0000
9193,3546.58,10888.92,NaN,NaN,NaN
9194,3385.33,11300.28,0,0,0.0000
9195,3556.96,11230.03,NaN,NaN,NaN
9196,3849.60,10894.81,NaN,NaN,NaN
9197,3463.09,10885.79,NaN,NaN,NaN
9198,3701.00,11082.62,NaN,NaN,NaN
9199,3685.03,10947.81,NaN,NaN,NaN
9200,3414.61,11078.37,NaN,NaN,NaN
9201,3357.69,11055.57,NaN,NaN,NaN
9202,3739.20,10911.82,NaN,NaN,NaN
9203,3577.54,10965.91,2,3,0.0000
9204,3274.98,11105.39,NaN,NaN,NaN
9205,3457.34,11347.84,NaN,NaN,NaN
9206,3622.22,11234.59,NaN,NaN,NaN
9207,3206.87,11070.61,NaN,NaN,NaN
9208,3606.81,11294.62,0,0,0.0000
9209,3575.95,11131.98,2,4,2.0000
9210,3580.29,11183.57,2,0,0.0000
9211,3278.32,11048.66,NaN,NaN,NaN
9212,3645.44,11269.98,NaN,NaN,NaN
9213,3567.35,11335.83,0,0,0.0000
9214,4421.06,11623.95,3,2,0.0000
9215,4546.10,11076.95,NaN,NaN,NaN
9216,4680.84,10880.14,NaN,NaN,NaN
9217,4606.46,10930.86,2,4,2.0000
9218,4506.92,10891.26,2,2,0.0000
9219,4593.20,11015.52,0,0,0.0000
9220,4670.65,10964.30,NaN,NaN,NaN
9221,4469.85,11101.33,0,0,0.0000
9222,4508.53,10994.43,2,4,2.0000
9223,4212.43,11639.72,NaN,NaN,NaN
9224,4382.23,10958.17,NaN,NaN,NaN
9225,4523.32,11588.87,NaN,NaN,NaN
9226,4648.21,11052.41,2,7,3.5000
9227,4460.34,11041.47,NaN,NaN,NaN
9228,4280.87,11558.95,2,3,0.0000
9229,4228.40,11533.73,0,0,0.0000
9230,4361.41,11568.11,0,0,0.0000
9231,4293.51,11613.57,0,0,0.0000
9232,4443.58,10939.08,NaN,NaN,NaN
9233,4389.26,10883.77,NaN,NaN,NaN
9234,4326.27,10942.23,0,0,0.0000
9235,4694.63,11024.78,NaN,NaN,NaN
9236,4430.18,11001.69,NaN,NaN,NaN
9237,4116.15,11637.11,0,0,0.0000
9238,4129.68,11531.16,0,0,0.0000
9239,4753.07,10907.49,2,3,0.0000
9240,4742.49,11000.37,0,0,0.0000
9241,4959.30,11511.94,0,0,0.0000
9242,6000.71,10904.14,0,0,0.0000
9243,6048.88,11071.01,0,0,0.0000
9244,6150.83,10943.87,3,6,2.0000
9245,5825.87,10956.67,2,5,2.5000
9246,6090.59,11029.06,NaN,NaN,NaN
9247,5991.61,11136.64,NaN,NaN,NaN
9248,5930.71,11107.97,3,2,0.0000
9249,5896.30,10988.27,3,4,0.0000
9250,5905.75,11043.51,NaN,NaN,NaN
9251,5965.64,11085.83,3,4,0.0000
9252,6002.19,11192.35,0,0,0.0000
9253,5607.06,10917.72,0,0,0.0000
9254,6224.85,11088.25,6,6,0.0000
9255,6120.76,11134.47,NaN,NaN,NaN
9256,6137.29,11039.66,0,0,0.0000
9257,5849.05,11030.89,2,2,0.0000
9258,5691.77,10944.72,2,3,0.0000
9259,6076.08,10954.85,NaN,NaN,NaN
9260,7001.98,11506.30,0,0,0.0000
9261,7014.44,11642.32,NaN,NaN,NaN
9262,7012.39,11320.03,0,0,0.0000
9263,6978.58,11396.72,NaN,NaN,NaN
9264,6935.17,11502.35,0,0,0.0000
9265,7031.57,11109.36,0,0,0.0000
9266,7065.68,10906.28,NaN,NaN,NaN
9267,7064.16,11018.27,0,0,0.0000
9268,7077.78,11074.01,NaN,NaN,NaN
9269,7567.23,11208.44,NaN,NaN,NaN
9270,7050.42,10965.49,0,0,0.0000
9271,7642.61,11482.60,NaN,NaN,NaN
9272,7802.34,11271.31,NaN,NaN,NaN
9273,7584.20,11266.25,NaN,NaN,NaN
9274,7664.71,11085.78,0,0,0.0000
9275,7794.43,11060.82,NaN,NaN,NaN
9276,7557.33,10894.07,0,0,0.0000
9277,7684.13,11002.23,0,0,0.0000
9278,7934.08,11187.96,2,3,0.0000
9279,7966.50,11336.76,2,2,0.0000
9280,7882.33,11314.02,NaN,NaN,NaN
9281,7923.89,11083.34,3,3,0.0000
9282,7953.23,11561.68,0,0,0.0000
9283,7973.87,11436.03,NaN,NaN,NaN
9284,7836.35,11105.70,0,0,0.0000
9285,8063.95,11156.38,0,0,0.0000
9286,7811.10,11424.61,3,15,5.0000
9287,7991.65,11246.60,NaN,NaN,NaN
9288,7825.12,11207.68,NaN,NaN,NaN
9289,7913.18,11435.10,2,4,2.0000
9290,7884.01,11497.13,NaN,NaN,NaN
9291,7859.34,11171.50,NaN,NaN,NaN
9292,8012.62,11523.44,NaN,NaN,NaN
9293,8007.18,11151.50,0,0,0.0000
9294,8028.31,11392.90,NaN,NaN,NaN
9295,7910.62,11578.21,NaN,NaN,NaN
9296,7846.85,11508.78,NaN,NaN,NaN
9297,7812.55,11309.84,0,0,0.0000
9298,8008.63,11595.18,NaN,NaN,NaN
9299,7866.75,11261.58,NaN,NaN,NaN
9300,7940.68,11012.49,0,0,0.0000
9301,8033.25,11291.48,2,4,2.0000
9302,8956.30,11110.19,NaN,NaN,NaN
9303,9031.92,11049.54,NaN,NaN,NaN
9304,8937.13,11353.11,NaN,NaN,NaN
9305,9161.92,11481.27,NaN,NaN,NaN
9306,9112.94,11409.12,NaN,NaN,NaN
9307,9257.41,11239.62,0,0,0.0000
9308,9056.38,10925.37,NaN,NaN,NaN
9309,9150.02,11050.04,0,0,0.0000
9310,8857.62,11206.21,NaN,NaN,NaN
9311,9289.44,11438.49,NaN,NaN,NaN
9312,9144.10,10898.46,NaN,NaN,NaN
9313,8894.16,11042.13,NaN,NaN,NaN
9314,9145.92,11297.11,NaN,NaN,NaN
9315,9269.17,11337.87,3,7,2.3333
9316,9294.23,11077.51,NaN,NaN,NaN
9317,8772.52,11098.73,2,3,0.0000
9318,9233.97,10986.85,NaN,NaN,NaN
9319,9030.05,11218.81,2,3,0.0000
9320,9332.34,11554.67,4,5,0.0000
9321,8927.30,11421.70,NaN,NaN,NaN
9322,9047.04,11140.75,NaN,NaN,NaN
9323,8951.95,10993.54,0,0,0.0000
9324,9002.37,11468.51,NaN,NaN,NaN
9325,9301.45,11006.10,NaN,NaN,NaN
9326,9262.09,11485.72,NaN,NaN,NaN
9327,8959.02,11230.10,0,0,0.0000
9328,9285.85,11622.78,0,0,0.0000
9329,9134.19,11546.90,2,4,2.0000
9330,8705.97,11060.13,NaN,NaN,NaN
9331,8839.60,11140.39,NaN,NaN,NaN
9332,8818.15,11272.63,4,4,0.0000
9333,8902.29,10948.06,NaN,NaN,NaN
9334,9283.65,11159.93,0,0,0.0000
9335,9343.13,11376.31,NaN,NaN,NaN
9336,9014.18,11395.77,NaN,NaN,NaN
9337,8983.33,11272.68,NaN,NaN,NaN
9338,8878.19,10887.75,2,4,2.0000
9339,9278.53,11572.13,NaN,NaN,NaN
9340,8847.11,10953.72,NaN,NaN,NaN
9341,9216.75,11172.05,0,0,0.0000
9342,8880.03,11390.04,NaN,NaN,NaN
9343,9092.81,11002.80,0,0,0.0000
9344,9182.59,11127.32,0,0,0.0000
9345,9031.86,11527.36,NaN,NaN,NaN
9346,8842.31,11080.13,0,0,0.0000
9347,8998.27,11426.22,0,0,0.0000
9348,9086.73,11303.74,NaN,NaN,NaN
9349,9188.68,11617.29,0,0,0.0000
9350,9205.27,11395.49,NaN,NaN,NaN
9351,9209.48,11542.36,NaN,NaN,NaN
9352,8904.34,11161.34,NaN,NaN,NaN
9353,8711.65,11004.42,NaN,NaN,NaN
9354,8808.49,10996.95,NaN,NaN,NaN
9355,9171.75,11212.58,0,0,0.0000
9356,9226.23,11646.99,NaN,NaN,NaN
9357,9128.54,10967.24,0,0,0.0000
9358,9066.41,11366.81,3,2,0.0000
9359,8991.89,10946.77,NaN,NaN,NaN
9360,9278.18,10945.50,NaN,NaN,NaN
9361,9223.97,11046.78,NaN,NaN,NaN
9362,9014.12,11329.14,NaN,NaN,NaN
9363,8952.74,10924.58,NaN,NaN,NaN
9364,9082.89,11188.51,NaN,NaN,NaN
9365,9250.89,11527.33,0,0,0.0000
9366,9222.27,11091.08,NaN,NaN,NaN
9367,9216.93,10932.19,NaN,NaN,NaN
9368,9138.46,11135.48,0,0,0.0000
9369,9111.85,11232.09,NaN,NaN,NaN
9370,9096.26,11552.29,NaN,NaN,NaN
9371,9333.90,11121.93,2,3,0.0000
9372,8825.94,11313.48,NaN,NaN,NaN
9373,8957.70,11192.95,NaN,NaN,NaN
9374,9050.32,11279.48,NaN,NaN,NaN
9375,9719.86,10901.70,NaN,NaN,NaN
9376,9541.67,11460.45,2,3,0.0000
9377,9672.51,11373.07,0,0,0.0000
9378,9617.56,11613.68,4,2,0.0000
9379,9498.63,11293.63,NaN,NaN,NaN
9380,9519.99,10989.00,0,0,0.0000
9381,9454.12,11127.99,2,1,0.0000
9382,9364.78,10942.24,NaN,NaN,NaN
9383,9538.16,11075.37,2,8,4.0000
9384,9604.97,10965.76,0,0,0.0000
9385,9430.38,10972.39,NaN,NaN,NaN
9386,9499.06,11647.52,NaN,NaN,NaN
9387,9363.65,11287.12,0,0,0.0000
9388,9365.59,11192.97,NaN,NaN,NaN
9389,9514.30,10894.69,0,0,0.0000
9390,9382.08,11468.41,0,0,0.0000
9391,10109.95,11576.47,NaN,NaN,NaN
9392,9814.95,10892.73,0,0,0.0000
9393,9447.84,11329.10,2,6,3.0000
9394,9390.33,11084.54,NaN,NaN,NaN
9395,9562.49,11208.62,NaN,NaN,NaN
9396,9678.95,11255.43,3,13,4.3333
9397,9765.72,11408.63,0,0,0.0000
9398,10034.94,11317.32,NaN,NaN,NaN
9399,9540.26,11578.36,NaN,NaN,NaN
9400,9656.01,11523.93,0,0,0.0000
9401,9600.50,11511.44,NaN,NaN,NaN
9402,9980.47,11319.84,0,0,0.0000
9403,9685.94,10991.18,0,0,0.0000
9404,9474.30,11383.87,2,2,0.0000
9405,9646.94,11069.73,2,11,5.5000
9406,9852.70,11024.97,NaN,NaN,NaN
9407,9964.74,11628.04,0,0,0.0000
9408,9713.65,11032.52,0,0,0.0000
9409,9514.69,11393.88,NaN,NaN,NaN
9410,10020.59,11576.45,2,2,0.0000
9411,9903.84,11025.77,NaN,NaN,NaN
9412,9478.44,11433.68,2,1,0.0000
9413,10068.44,11525.21,NaN,NaN,NaN
9414,9347.81,11509.61,2,3,0.0000
9415,10019.34,11608.80,3,2,0.0000
9416,11797.60,11615.54,NaN,NaN,NaN
9417,11853.29,11548.37,0,0,0.0000
9418,13984.89,11265.72,2,3,0.0000
9419,13961.58,11322.95,NaN,NaN,NaN
9420,15467.33,11425.98,0,0,0.0000
9421,15338.05,11065.68,NaN,NaN,NaN
9422,15048.49,10958.95,NaN,NaN,NaN
9423,15402.41,11010.08,NaN,NaN,NaN
9424,15476.54,11167.61,2,2,0.0000
9425,14849.55,10884.58,2,2,0.0000
9426,15359.28,11197.27,3,0,0.0000
9427,15416.20,11375.09,NaN,NaN,NaN
9428,15399.44,11552.93,NaN,NaN,NaN
9429,15399.76,11132.54,NaN,NaN,NaN
9430,15302.84,11646.16,3,3,0.0000
9431,15296.68,10938.70,NaN,NaN,NaN
9432,15286.25,10990.94,NaN,NaN,NaN
9433,14960.44,10987.63,0,0,0.0000
9434,14804.41,10906.82,0,0,0.0000
9435,15258.47,11186.77,NaN,NaN,NaN
9436,15382.60,11319.67,NaN,NaN,NaN
9437,15431.63,11270.87,5,11,2.2000
9438,14944.71,10917.59,0,0,0.0000
9439,15324.73,11156.96,NaN,NaN,NaN
9440,15262.57,11103.05,NaN,NaN,NaN
9441,15131.06,11338.87,2,2,0.0000
9442,15191.35,10969.33,0,0,0.0000
9443,15474.04,11528.55,NaN,NaN,NaN
9444,15400.52,11243.77,0,0,0.0000
9445,14887.57,10932.92,0,0,0.0000
9446,15262.98,11597.70,0,0,0.0000
9447,15469.47,11579.31,NaN,NaN,NaN
9448,15280.99,11137.01,NaN,NaN,NaN
9449,14758.50,10895.01,0,0,0.0000
9450,15483.70,11632.82,2,4,2.0000
9451,15211.11,11145.88,0,0,0.0000
9452,15331.37,11575.75,2,3,0.0000
9453,15256.61,11057.24,0,0,0.0000
9454,15285.93,11550.04,0,0,0.0000
9455,15414.66,11605.14,2,4,2.0000
9456,15450.37,11503.68,0,0,0.0000
9457,15214.62,11105.72,0,0,0.0000
9458,15567.58,11204.20,NaN,NaN,NaN
9459,15695.27,11419.95,NaN,NaN,NaN
9460,16025.20,11639.55,0,0,0.0000
9461,15789.69,11435.06,NaN,NaN,NaN
9462,15923.28,11544.55,NaN,NaN,NaN
9463,15551.35,11496.83,NaN,NaN,NaN
9464,15525.07,11575.87,2,3,0.0000
9465,15515.33,11276.40,NaN,NaN,NaN
9466,15610.93,11467.39,NaN,NaN,NaN
9467,15749.30,11315.42,NaN,NaN,NaN
9468,15848.12,11529.56,NaN,NaN,NaN
9469,15619.96,11539.03,2,3,0.0000
9470,15784.98,11630.31,NaN,NaN,NaN
9471,15907.53,11467.86,2,5,2.5000
9472,15632.39,11249.03,NaN,NaN,NaN
9473,15589.87,11630.04,2,3,0.0000
9474,15671.89,11588.54,NaN,NaN,NaN
9475,15678.50,11316.95,NaN,NaN,NaN
9476,15529.94,10991.02,0,0,0.0000
9477,15707.56,11528.69,NaN,NaN,NaN
9478,15788.99,11366.50,0,0,0.0000
9479,15763.99,11499.82,0,0,0.0000
9480,15982.35,11576.82,0,0,0.0000
9481,15745.94,11582.80,0,0,0.0000
9482,15678.45,11271.70,NaN,NaN,NaN
9483,15842.60,11476.92,0,0,0.0000
9484,15800.59,11563.29,NaN,NaN,NaN
9485,15829.71,11325.00,2,4,2.0000
9486,15691.44,11195.01,NaN,NaN,NaN
9487,15626.59,11641.13,0,0,0.0000
9488,15545.91,11309.45,2,4,2.0000
9489,15685.50,11636.05,NaN,NaN,NaN
9490,617.68,11748.78,NaN,NaN,NaN
9491,430.17,11673.05,0,0,0.0000
9492,769.81,11678.34,NaN,NaN,NaN
9493,664.54,12270.73,NaN,NaN,NaN
9494,462.95,11825.94,NaN,NaN,NaN
9495,550.75,11932.78,4,5,0.0000
9496,342.13,11714.93,NaN,NaN,NaN
9497,501.35,11728.18,NaN,NaN,NaN
9498,598.52,12031.19,NaN,NaN,NaN
9499,581.61,11804.74,NaN,NaN,NaN
9500,842.74,11664.68,2,3,0.0000
9501,727.57,12322.94,NaN,NaN,NaN
9502,80.00,11795.00,NaN,NaN,NaN
9503,710.52,12109.97,NaN,NaN,NaN
9504,315.96,11815.38,2,2,0.0000
9505,813.45,11818.45,0,0,0.0000
9506,478.00,11890.39,NaN,NaN,NaN
9507,473.08,12025.00,NaN,NaN,NaN
9508,635.23,11887.59,2,3,0.0000
9509,662.60,11970.81,2,2,0.0000
9510,626.73,12218.83,2,3,0.0000
9511,374.62,12023.96,NaN,NaN,NaN
9512,784.49,11932.66,NaN,NaN,NaN
9513,703.22,11912.92,2,2,0.0000
9514,447.54,12092.90,NaN,NaN,NaN
9515,819.61,11988.44,3,6,2.0000
9516,35.21,11772.22,2,2,0.0000
9517,814.81,12159.17,NaN,NaN,NaN
9518,807.48,12089.56,0,0,0.0000
9519,549.71,11855.72,NaN,NaN,NaN
9520,658.57,12051.15,NaN,NaN,NaN
9521,548.14,12138.82,NaN,NaN,NaN
9522,728.19,11755.82,NaN,NaN,NaN
9523,499.87,12094.62,3,4,0.0000
9524,754.57,11886.64,NaN,NaN,NaN
9525,786.01,12230.33,2,5,2.5000
9526,633.71,12167.78,NaN,NaN,NaN
9527,321.13,11965.59,2,2,0.0000
9528,871.56,11816.53,NaN,NaN,NaN
9529,351.51,11901.74,0,0,0.0000
9530,837.87,11746.07,NaN,NaN,NaN
9531,648.70,11682.15,4,4,0.0000
9532,385.19,11776.13,3,8,2.6667
9533,429.08,11991.43,NaN,NaN,NaN
9534,858.55,12021.52,NaN,NaN,NaN
9535,721.28,12012.44,0,0,0.0000
9536,844.76,11923.22,0,0,0.0000
9537,73.53,11710.89,2,5,2.5000
9538,376.35,11836.46,0,0,0.0000
9539,512.89,12208.41,NaN,NaN,NaN
9540,713.45,11842.95,0,0,0.0000
9541,802.94,12288.99,0,0,0.0000
9542,746.17,12223.03,NaN,NaN,NaN
9543,747.98,12163.69,2,3,0.0000
9544,297.02,11871.33,2,1,0.0000
9545,370.33,11971.39,NaN,NaN,NaN
9546,649.77,12361.00,0,0,0.0000
9547,269.36,11754.23,NaN,NaN,NaN
9548,890.39,11716.91,3,5,0.0000
9549,691.13,11722.80,2,4,2.0000
9550,510.73,11652.18,NaN,NaN,NaN
9551,279.00,11675.03,NaN,NaN,NaN
9552,763.33,12362.40,0,0,0.0000
9553,407.87,12084.28,2,2,0.0000
9554,841.86,12290.58,0,0,0.0000
9555,699.28,12174.61,3,4,0.0000
9556,610.03,12341.62,NaN,NaN,NaN
9557,444.70,12159.99,NaN,NaN,NaN
9558,639.76,12107.56,2,3,0.0000
9559,478.69,12222.46,NaN,NaN,NaN
9560,567.63,12190.44,NaN,NaN,NaN
9561,673.08,12086.98,NaN,NaN,NaN
9562,830.16,12226.96,NaN,NaN,NaN
9563,564.85,12228.46,NaN,NaN,NaN
9564,784.82,11775.04,0,0,0.0000
9565,590.91,12297.48,0,0,0.0000
9566,919.95,11794.54,5,6,0.0000
9567,975.30,11723.97,2,3,0.0000
9568,901.53,11876.71,NaN,NaN,NaN
9569,898.93,11943.45,NaN,NaN,NaN
9570,2412.31,11737.09,NaN,NaN,NaN
9571,2385.01,11881.74,NaN,NaN,NaN
9572,2360.04,11795.05,NaN,NaN,NaN
9573,2295.03,11677.42,4,6,0.0000
9574,2431.75,11850.24,NaN,NaN,NaN
9575,2427.05,12014.70,NaN,NaN,NaN
9576,2391.29,11985.97,NaN,NaN,NaN
9577,2324.06,11752.36,3,5,0.0000
9578,2802.43,12080.16,2,3,0.0000
9579,2654.52,11851.62,4,2,0.0000
9580,3001.95,11962.89,NaN,NaN,NaN
9581,2781.71,11767.11,0,0,0.0000
9582,2876.13,12329.69,2,3,0.0000
9583,2547.81,11986.61,NaN,NaN,NaN
9584,2947.75,11818.65,2,2,0.0000
9585,2972.86,12244.93,NaN,NaN,NaN
9586,3192.76,12158.73,NaN,NaN,NaN
9587,2544.15,12212.79,0,0,0.0000
9588,2542.00,11751.15,NaN,NaN,NaN
9589,2702.01,12209.33,NaN,NaN,NaN
9590,2448.23,11928.13,4,7,0.0000
9591,3134.54,12371.66,NaN,NaN,NaN
9592,2891.61,12011.23,2,3,0.0000
9593,2774.55,12352.64,NaN,NaN,NaN
9594,3097.65,12119.49,3,7,2.3333
9595,3118.20,12020.02,0,0,0.0000
9596,2474.35,11806.44,NaN,NaN,NaN
9597,3149.82,12276.09,NaN,NaN,NaN
9598,2661.04,12038.93,0,0,0.0000
9599,2836.02,12236.84,4,3,0.0000
9600,3032.57,12154.19,NaN,NaN,NaN
9601,2594.71,12296.76,NaN,NaN,NaN
9602,2530.57,12075.89,0,0,0.0000
9603,2666.44,11750.13,0,0,0.0000
9604,2908.76,11705.51,NaN,NaN,NaN
9605,2645.56,12271.66,0,0,0.0000
9606,3175.13,12021.95,NaN,NaN,NaN
9607,3027.82,11852.41,NaN,NaN,NaN
9608,3071.09,11786.74,0,0,0.0000
9609,3043.39,12324.02,0,0,0.0000
9610,2532.43,11883.70,3,5,0.0000
9611,2945.30,12098.68,0,0,0.0000
9612,2471.01,12049.32,0,0,0.0000
9613,2787.35,12275.26,2,2,0.0000
9614,3155.71,11784.71,NaN,NaN,NaN
9615,2905.95,11915.94,3,3,0.0000
9616,3095.64,12206.65,NaN,NaN,NaN
9617,2622.67,11667.52,2,4,2.0000
9618,2981.73,12149.68,2,3,0.0000
9619,2974.15,12311.13,2,1,0.0000
9620,2892.28,12228.89,0,0,0.0000
9621,2635.30,12117.50,0,0,0.0000
9622,2878.64,11801.14,NaN,NaN,NaN
9623,3003.31,12400.13,0,0,0.0000
9624,3056.98,12248.30,NaN,NaN,NaN
9625,2960.69,12357.36,NaN,NaN,NaN
9626,2505.61,11692.71,NaN,NaN,NaN
9627,2572.87,12151.07,NaN,NaN,NaN
9628,3089.39,11862.60,NaN,NaN,NaN
9629,2937.08,12411.74,0,0,0.0000
9630,2932.19,12192.85,NaN,NaN,NaN
9631,2778.29,12208.22,NaN,NaN,NaN
9632,3126.32,11827.74,0,0,0.0000
9633,3137.94,12165.91,NaN,NaN,NaN
9634,3024.87,12081.03,NaN,NaN,NaN
9635,3031.43,12036.19,2,1,0.0000
9636,2594.86,11919.05,NaN,NaN,NaN
9637,2865.75,12171.93,0,0,0.0000
9638,3143.67,11885.27,NaN,NaN,NaN
9639,2868.09,11765.45,0,0,0.0000
9640,3090.22,11721.15,0,0,0.0000
9641,3149.77,11941.77,NaN,NaN,NaN
9642,2688.47,12123.09,0,0,0.0000
9643,3176.35,12089.27,NaN,NaN,NaN
9644,3097.14,11925.44,0,0,0.0000
9645,2823.74,11678.28,0,0,0.0000
9646,2476.81,11992.07,NaN,NaN,NaN
9647,2753.31,11907.89,0,0,0.0000
9648,2631.83,12376.85,2,3,0.0000
9649,3050.65,12374.68,NaN,NaN,NaN
9650,2963.31,11672.32,0,0,0.0000
9651,2601.20,11779.60,NaN,NaN,NaN
9652,2653.58,12208.60,0,0,0.0000
9653,2805.85,11936.48,0,0,0.0000
9654,2855.21,11844.70,2,2,0.0000
9655,3007.03,11784.15,NaN,NaN,NaN
9656,2439.41,12081.56,0,0,0.0000
9657,2473.30,12109.30,0,0,0.0000
9658,2608.34,12173.31,NaN,NaN,NaN
9659,2633.06,11920.92,0,0,0.0000
9660,3519.59,12353.04,NaN,NaN,NaN
9661,3410.47,12227.28,NaN,NaN,NaN
9662,3343.71,12153.15,NaN,NaN,NaN
9663,3424.85,11954.27,3,2,0.0000
9664,3245.70,12055.57,3,4,0.0000
9665,3295.69,12398.56,NaN,NaN,NaN
9666,3287.67,11961.13,NaN,NaN,NaN
9667,3200.53,12373.10,0,0,0.0000
9668,3476.67,12280.96,NaN,NaN,NaN
9669,3836.04,12251.32,0,0,0.0000
9670,3328.78,12252.54,3,7,2.3333
9671,3636.69,12347.23,NaN,NaN,NaN
9672,3619.24,12146.72,NaN,NaN,NaN
9673,3553.08,12111.70,2,3,0.0000
9674,3363.11,12302.36,4,8,2.0000
9675,3204.31,11923.53,NaN,NaN,NaN
9676,3594.29,12230.86,NaN,NaN,NaN
9677,3212.35,12246.87,NaN,NaN,NaN
9678,3433.40,12131.33,NaN,NaN,NaN
9679,3651.29,12082.90,2,2,0.0000
9680,3365.09,11958.27,2,5,2.5000
9681,3892.03,12319.56,NaN,NaN,NaN
9682,3704.19,12365.33,0,0,0.0000
9683,3394.19,12342.52,NaN,NaN,NaN
9684,3633.12,12274.24,NaN,NaN,NaN
9685,3692.60,12267.72,NaN,NaN,NaN
9686,3373.21,12050.36,4,5,0.0000
9687,3259.23,12196.26,NaN,NaN,NaN
9688,3913.49,12204.47,NaN,NaN,NaN
9689,3780.09,12165.38,NaN,NaN,NaN
9690,3785.74,12268.11,NaN,NaN,NaN
9691,3491.66,12082.09,NaN,NaN,NaN
9692,3727.45,12123.71,0,0,0.0000
9693,3302.47,12080.91,2,5,2.5000
9694,3507.47,12177.04,0,0,0.0000
9695,3949.41,11924.33,NaN,NaN,NaN
9696,3962.90,12396.26,0,0,0.0000
9697,3731.95,12227.40,0,0,0.0000
9698,3563.37,12289.18,4,10,2.5000
9699,3368.09,12387.86,0,0,0.0000
9700,3753.50,12069.65,0,0,0.0000
9701,3754.82,12368.19,0,0,0.0000
9702,3813.22,12356.48,0,0,0.0000
9703,3478.18,12017.36,0,0,0.0000
9704,3570.54,12177.80,3,4,0.0000
9705,3211.24,11833.52,0,0,0.0000
9706,3919.22,11832.83,NaN,NaN,NaN
9707,3279.52,12307.92,NaN,NaN,NaN
9708,3586.83,12057.84,0,0,0.0000
9709,3949.26,12332.64,0,0,0.0000
9710,3443.68,12048.67,NaN,NaN,NaN
9711,3947.93,12283.55,0,0,0.0000
9712,3538.62,12003.13,0,0,0.0000
9713,3531.04,12051.94,NaN,NaN,NaN
9714,3652.19,12212.39,NaN,NaN,NaN
9715,3686.07,12183.01,NaN,NaN,NaN
9716,3421.76,12076.43,2,4,2.0000
9717,3894.17,12259.59,NaN,NaN,NaN
9718,3242.64,12327.97,2,4,2.0000
9719,3331.12,12011.79,0,0,0.0000
9720,3205.10,11987.56,0,0,0.0000
9721,4361.86,11938.78,NaN,NaN,NaN
9722,4331.19,11722.48,NaN,NaN,NaN
9723,4397.51,12213.78,NaN,NaN,NaN
9724,4196.70,12301.33,NaN,NaN,NaN
9725,4516.51,12185.20,NaN,NaN,NaN
9726,4726.15,12048.23,NaN,NaN,NaN
9727,4533.03,11884.78,NaN,NaN,NaN
9728,4421.34,11869.31,2,3,0.0000
9729,4054.23,11655.16,NaN,NaN,NaN
9730,4128.20,11886.25,NaN,NaN,NaN
9731,4019.95,12008.91,0,0,0.0000
9732,4588.39,11816.88,NaN,NaN,NaN
9733,4514.32,11752.96,2,4,2.0000
9734,4624.26,12372.67,2,2,0.0000
9735,4287.83,12139.33,NaN,NaN,NaN
9736,4154.25,12102.98,0,0,0.0000
9737,4155.41,11722.85,0,0,0.0000
9738,4617.85,11879.36,NaN,NaN,NaN
9739,4022.94,11930.60,0,0,0.0000
9740,4001.30,11761.95,NaN,NaN,NaN
9741,4200.27,12195.68,NaN,NaN,NaN
9742,4605.16,12287.39,NaN,NaN,NaN
9743,4207.84,11772.15,NaN,NaN,NaN
9744,4366.48,12050.81,NaN,NaN,NaN
9745,4494.49,11668.45,2,3,0.0000
9746,4074.00,11735.57,NaN,NaN,NaN
9747,4594.65,11724.61,NaN,NaN,NaN
9748,3989.19,12078.76,2,2,0.0000
9749,4549.97,11975.63,NaN,NaN,NaN
9750,4718.56,12393.33,3,3,0.0000
9751,4120.41,11802.09,NaN,NaN,NaN
9752,4444.97,11742.25,NaN,NaN,NaN
9753,3970.61,12215.80,0,0,0.0000
9754,4543.01,12311.04,NaN,NaN,NaN
9755,4095.28,12361.33,3,2,0.0000
9756,4105.90,11976.05,0,0,0.0000
9757,4671.17,12145.33,NaN,NaN,NaN
9758,4655.24,12218.14,0,0,0.0000
9759,4677.35,12289.85,NaN,NaN,NaN
9760,4433.63,12135.78,NaN,NaN,NaN
9761,4013.87,12328.26,0,0,0.0000
9762,4506.71,12367.12,0,0,0.0000
9763,4031.87,11833.86,NaN,NaN,NaN
9764,4200.09,11912.76,0,0,0.0000
9765,4602.21,12220.27,NaN,NaN,NaN
9766,4561.75,11658.20,2,5,2.5000
9767,4462.84,11919.60,0,0,0.0000
9768,4290.49,12028.70,NaN,NaN,NaN
9769,4615.40,11959.40,3,4,0.0000
9770,4184.06,12058.99,NaN,NaN,NaN
9771,4242.22,11693.13,0,0,0.0000
9772,4196.34,12000.30,NaN,NaN,NaN
9773,4720.45,12166.00,NaN,NaN,NaN
9774,4373.34,11802.13,2,5,2.5000
9775,4414.95,12341.14,0,0,0.0000
9776,4443.39,12303.13,NaN,NaN,NaN
9777,3979.97,11883.43,3,7,2.3333
9778,4578.39,12167.73,NaN,NaN,NaN
9779,4245.09,11889.52,NaN,NaN,NaN
9780,4265.02,12392.80,NaN,NaN,NaN
9781,4655.99,11779.71,NaN,NaN,NaN
9782,4298.21,12335.39,2,0,0.0000
9783,4281.62,11873.78,2,6,3.0000
9784,4272.99,11947.01,NaN,NaN,NaN
9785,4074.78,11889.10,0,0,0.0000
9786,4480.79,12241.06,4,4,0.0000
9787,4292.77,12213.12,0,0,0.0000
9788,4366.02,12347.37,0,0,0.0000
9789,4485.36,11985.38,0,0,0.0000
9790,4223.72,12125.20,NaN,NaN,NaN
9791,3970.16,11829.02,0,0,0.0000
9792,4629.98,12158.30,3,3,0.0000
9793,4480.37,12304.41,0,0,0.0000
9794,4460.66,12381.08,NaN,NaN,NaN
9795,4240.52,12060.01,0,0,0.0000
9796,5169.70,12082.71,0,0,0.0000
9797,5080.11,12243.00,0,0,0.0000
9798,5374.62,12197.97,NaN,NaN,NaN
9799,5256.64,12105.44,NaN,NaN,NaN
9800,5011.69,12068.93,NaN,NaN,NaN
9801,4791.30,12303.56,NaN,NaN,NaN
9802,5429.62,12069.90,3,4,0.0000
9803,4946.78,12142.05,NaN,NaN,NaN
9804,5016.75,11962.92,NaN,NaN,NaN
9805,5257.59,12298.13,0,0,0.0000
9806,4786.11,11958.27,2,2,0.0000
9807,4869.23,12174.34,NaN,NaN,NaN
9808,5025.84,11820.00,NaN,NaN,NaN
9809,5279.93,12209.64,NaN,NaN,NaN
9810,5187.78,11846.94,NaN,NaN,NaN
9811,5346.21,12089.15,0,0,0.0000
9812,4746.59,12236.90,0,0,0.0000
9813,5337.16,12390.18,NaN,NaN,NaN
9814,5171.00,12211.12,NaN,NaN,NaN
9815,5467.53,12347.10,NaN,NaN,NaN
9816,4910.83,11883.13,NaN,NaN,NaN
9817,4806.38,12134.43,NaN,NaN,NaN
9818,4848.09,12238.19,3,6,2.0000
9819,5102.00,12025.93,NaN,NaN,NaN
9820,5181.28,12296.27,NaN,NaN,NaN
9821,4918.37,11967.16,2,4,2.0000
9822,5084.63,11893.63,NaN,NaN,NaN
9823,4905.26,12038.14,NaN,NaN,NaN
9824,4840.02,12378.84,NaN,NaN,NaN
9825,5161.37,11967.07,NaN,NaN,NaN
9826,5410.37,12399.78,0,0,0.0000
9827,5410.96,12327.67,2,6,3.0000
9828,4794.56,12199.23,NaN,NaN,NaN
9829,5134.68,12367.71,2,9,4.5000
9830,4938.60,11840.03,NaN,NaN,NaN
9831,4999.18,12317.82,2,4,2.0000
9832,5231.26,12370.15,NaN,NaN,NaN
9833,4833.06,11886.62,0,0,0.0000
9834,4835.68,12056.18,NaN,NaN,NaN
9835,5060.04,12157.81,0,0,0.0000
9836,4925.81,12267.28,0,0,0.0000
9837,5249.65,11928.51,0,0,0.0000
9838,4860.56,12302.45,NaN,NaN,NaN
9839,4960.87,11939.68,0,0,0.0000
9840,5120.01,11817.33,NaN,NaN,NaN
9841,4802.33,12014.45,NaN,NaN,NaN
9842,4883.70,12084.74,0,0,0.0000
9843,5317.01,12008.44,0,0,0.0000
9844,5279.71,11980.75,0,0,0.0000
9845,4878.27,12410.60,0,0,0.0000
9846,4919.41,12223.83,0,0,0.0000
9847,4996.68,12200.30,0,0,0.0000
9848,5078.58,12338.15,NaN,NaN,NaN
9849,6453.57,12148.11,4,3,0.0000
9850,6361.94,11902.38,0,0,0.0000
9851,6537.15,12287.70,NaN,NaN,NaN
9852,6481.19,12251.87,NaN,NaN,NaN
9853,6620.59,12409.25,NaN,NaN,NaN
9854,6535.20,12167.57,NaN,NaN,NaN
9855,6313.13,11885.61,NaN,NaN,NaN
9856,6908.37,12142.26,NaN,NaN,NaN
9857,6517.91,12358.42,NaN,NaN,NaN
9858,6577.25,12377.24,NaN,NaN,NaN
9859,6983.10,12035.53,NaN,NaN,NaN
9860,6529.96,12413.76,NaN,NaN,NaN
9861,6959.98,12139.50,0,0,0.0000
9862,6921.87,12077.40,NaN,NaN,NaN
9863,6988.06,11965.06,2,2,0.0000
9864,7029.96,12098.23,0,0,0.0000
9865,7315.88,12258.95,2,2,0.0000
9866,7240.80,12070.05,NaN,NaN,NaN
9867,7379.12,12267.67,0,0,0.0000
9868,7405.62,12360.59,3,3,0.0000
9869,7300.98,12044.02,NaN,NaN,NaN
9870,7274.45,12207.30,0,0,0.0000
9871,7041.73,12356.11,NaN,NaN,NaN
9872,7329.38,12116.38,NaN,NaN,NaN
9873,7371.83,12398.00,0,0,0.0000
9874,8000.35,12263.97,0,0,0.0000
9875,7968.14,12164.23,0,0,0.0000
9876,8049.44,12215.22,NaN,NaN,NaN
9877,7997.13,12334.00,NaN,NaN,NaN
9878,8027.10,12349.14,NaN,NaN,NaN
9879,8175.48,11831.68,NaN,NaN,NaN
9880,9221.08,12230.68,NaN,NaN,NaN
9881,9337.57,12367.17,NaN,NaN,NaN
9882,9139.95,11665.20,0,0,0.0000
9883,9211.25,12395.13,NaN,NaN,NaN
9884,9149.92,12412.17,NaN,NaN,NaN
9885,9251.38,12308.59,NaN,NaN,NaN
9886,9142.45,12295.64,NaN,NaN,NaN
9887,9156.64,12346.67,0,0,0.0000
9888,9310.27,11728.84,3,5,0.0000
9889,9240.10,12360.10,NaN,NaN,NaN
9890,9292.60,12236.87,0,0,0.0000
9891,9111.35,12328.38,NaN,NaN,NaN
9892,9268.64,11720.97,2,2,0.0000
9893,9771.16,11893.35,2,3,0.0000
9894,9497.13,11810.44,0,0,0.0000
9895,9681.98,11788.53,3,7,2.3333
9896,9597.38,11840.77,NaN,NaN,NaN
9897,10086.63,11816.05,2,1,0.0000
9898,9512.58,11722.19,NaN,NaN,NaN
9899,9749.22,11967.74,0,0,0.0000
9900,9587.35,11747.07,NaN,NaN,NaN
9901,9491.53,12307.10,0,0,0.0000
9902,9621.75,11677.09,0,0,0.0000
9903,10053.67,11689.74,NaN,NaN,NaN
9904,9731.26,11844.32,0,0,0.0000
9905,9419.09,12397.17,0,0,0.0000
9906,9469.32,12350.91,NaN,NaN,NaN
9907,10039.38,11857.31,2,6,3.0000
9908,9555.96,11796.98,NaN,NaN,NaN
9909,9562.91,11879.85,0,0,0.0000
9910,9830.56,11855.80,NaN,NaN,NaN
9911,9577.79,11676.05,0,0,0.0000
9912,9931.58,11805.35,2,2,0.0000
9913,9624.30,11888.73,NaN,NaN,NaN
9914,9884.97,11667.09,0,0,0.0000
9915,9635.65,11728.45,0,0,0.0000
9916,9361.50,11739.25,0,0,0.0000
9917,10075.33,11756.13,0,0,0.0000
9918,10029.32,11802.66,0,0,0.0000
9919,9445.08,11715.93,NaN,NaN,NaN
9920,9424.12,11753.17,NaN,NaN,NaN
9921,9903.48,11840.43,NaN,NaN,NaN
9922,10092.51,11874.41,NaN,NaN,NaN
9923,9699.92,11884.02,3,9,3.0000
9924,9767.82,11836.41,NaN,NaN,NaN
9925,10134.00,11870.54,4,4,0.0000
9926,10116.11,11782.93,NaN,NaN,NaN
9927,12267.21,12371.10,NaN,NaN,NaN
9928,12062.74,12351.71,NaN,NaN,NaN
9929,12304.73,12209.56,0,0,0.0000
9930,12397.62,12195.53,2,4,2.0000
9931,12361.38,12292.06,NaN,NaN,NaN
9932,11994.12,12407.74,0,0,0.0000
9933,12383.52,12255.19,0,0,0.0000
9934,12221.30,12315.36,NaN,NaN,NaN
9935,12106.97,12396.38,NaN,NaN,NaN
9936,12652.87,12360.81,2,5,2.5000
9937,12853.50,12291.19,0,0,0.0000
9938,12862.44,12124.04,0,0,0.0000
9939,12605.45,12076.24,NaN,NaN,NaN
9940,12988.51,12329.42,NaN,NaN,NaN
9941,12417.48,12358.84,0,0,0.0000
9942,12922.81,12363.45,2,4,2.0000
9943,12965.01,12075.33,NaN,NaN,NaN
9944,13046.92,12385.70,NaN,NaN,NaN
9945,13097.62,12278.51,NaN,NaN,NaN
9946,12640.86,12188.18,0,0,0.0000
9947,12835.91,12383.27,2,4,2.0000
9948,13124.92,12376.42,2,4,2.0000
9949,12970.75,12238.14,NaN,NaN,NaN
9950,12558.33,12185.58,NaN,NaN,NaN
9951,12565.19,12377.00,NaN,NaN,NaN
9952,12747.06,12214.62,0,0,0.0000
9953,12862.28,12222.92,2,5,2.5000
9954,12562.49,12272.70,NaN,NaN,NaN
9955,12524.08,12304.68,NaN,NaN,NaN
9956,13117.95,12204.97,0,0,0.0000
9957,12832.60,12187.41,NaN,NaN,NaN
9958,12601.20,12247.66,NaN,NaN,NaN
9959,12966.08,12172.45,0,0,0.0000
9960,12779.03,12332.19,0,0,0.0000
9961,12993.53,12196.08,3,7,2.3333
9962,12530.45,12412.77,NaN,NaN,NaN
9963,12773.41,12264.77,3,3,0.0000
9964,13052.59,12216.07,2,0,0.0000
9965,12980.64,12135.70,0,0,0.0000
9966,13103.87,12234.74,NaN,NaN,NaN
9967,12653.59,12078.55,NaN,NaN,NaN
9968,12674.50,12111.48,NaN,NaN,NaN
9969,12481.12,12288.17,NaN,NaN,NaN
9970,12657.85,12262.68,0,0,0.0000
9971,13184.87,12256.60,NaN,NaN,NaN
9972,13354.96,12401.31,0,0,0.0000
9973,13238.72,12255.30,0,0,0.0000
9974,14251.99,11832.80,0,0,0.0000
9975,14672.18,12103.01,0,0,0.0000
9976,14643.63,12061.76,0,0,0.0000
9977,14679.51,12167.09,0,0,0.0000
9978,14208.71,11702.98,3,4,0.0000
9979,14222.14,11743.18,NaN,NaN,NaN
9980,14189.70,11750.95,0,0,0.0000
9981,15468.79,12330.96,NaN,NaN,NaN
9982,15365.21,12300.23,0,0,0.0000
9983,15349.06,11804.21,NaN,NaN,NaN
9984,15481.82,12030.61,NaN,NaN,NaN
9985,15454.90,11669.19,2,2,0.0000
9986,15424.84,11726.65,NaN,NaN,NaN
9987,15357.34,11749.92,0,0,0.0000
9988,15421.52,11893.95,NaN,NaN,NaN
9989,15384.60,11935.49,NaN,NaN,NaN
9990,15365.10,12055.71,0,0,0.0000
9991,15358.43,11676.02,NaN,NaN,NaN
9992,15385.90,12229.38,0,0,0.0000
9993,15321.21,12017.53,0,0,0.0000
9994,15478.58,12401.19,NaN,NaN,NaN
9995,15444.59,12255.67,0,0,0.0000
9996,15264.31,12080.73,0,0,0.0000
9997,15422.55,12107.23,0,0,0.0000
9998,15388.25,12370.90,0,0,0.0000
9999,15470.72,11789.95,2,1,0.0000
10000,15363.92,12164.41,0,0,0.0000
10001,15344.02,11971.71,0,0,0.0000
10002,15300.38,11861.66,0,0,0.0000
10003,15444.19,11988.44,3,4,0.0000
10004,15329.92,12134.66,0,0,0.0000
10005,15293.85,11696.05,NaN,NaN,NaN
10006,15238.44,11664.96,0,0,0.0000
10007,15259.58,11812.01,0,0,0.0000
10008,15378.06,11859.95,NaN,NaN,NaN
10009,15487.23,11852.01,NaN,NaN,NaN
10010,15408.08,12078.50,0,0,0.0000
10011,15993.29,12405.58,0,0,0.0000
10012,15956.06,12116.46,2,5,2.5000
10013,16240.39,11939.23,NaN,NaN,NaN
10014,16001.34,11848.36,NaN,NaN,NaN
10015,16181.94,12073.48,2,7,3.5000
10016,15552.38,12248.15,NaN,NaN,NaN
10017,15916.08,11901.47,0,0,0.0000
10018,16216.82,12221.94,NaN,NaN,NaN
10019,15496.56,12157.73,3,6,2.0000
10020,15827.51,12113.32,NaN,NaN,NaN
10021,16318.68,12383.70,2,3,0.0000
10022,15702.58,12235.87,2,3,0.0000
10023,16095.30,12235.63,0,0,0.0000
10024,15591.38,11965.29,NaN,NaN,NaN
10025,15988.19,11990.40,0,0,0.0000
10026,15602.80,12383.08,NaN,NaN,NaN
10027,16038.30,12292.01,NaN,NaN,NaN
10028,15600.60,12131.94,0,0,0.0000
10029,15704.99,12126.12,0,0,0.0000
10030,15512.79,11921.98,2,6,3.0000
10031,15575.02,12325.46,0,0,0.0000
10032,16256.91,12317.75,NaN,NaN,NaN
10033,15782.48,12185.95,NaN,NaN,NaN
10034,16061.41,12057.30,NaN,NaN,NaN
10035,16108.88,12160.31,NaN,NaN,NaN
10036,16169.54,12339.80,NaN,NaN,NaN
10037,15665.52,11828.51,NaN,NaN,NaN
10038,15810.73,11982.64,0,0,0.0000
10039,15650.98,11936.55,NaN,NaN,NaN
10040,15876.79,12024.93,0,0,0.0000
10041,16039.50,12108.86,NaN,NaN,NaN
10042,15884.10,11726.16,NaN,NaN,NaN
10043,15854.80,12194.14,NaN,NaN,NaN
10044,15657.77,12339.70,NaN,NaN,NaN
10045,16070.26,12349.71,NaN,NaN,NaN
10046,15549.92,11719.54,2,1,0.0000
10047,16163.05,11896.78,0,0,0.0000
10048,15881.09,12276.28,NaN,NaN,NaN
10049,15764.41,12051.50,NaN,NaN,NaN
10050,15980.24,12231.49,NaN,NaN,NaN
10051,15981.00,11755.72,NaN,NaN,NaN
10052,16234.96,12415.01,NaN,NaN,NaN
10053,15944.23,11674.83,NaN,NaN,NaN
10054,16288.50,11872.99,0,0,0.0000
10055,16323.01,11927.48,0,0,0.0000
10056,16234.85,12130.81,0,0,0.0000
10057,15719.66,12016.69,0,0,0.0000
10058,15585.98,11833.95,NaN,NaN,NaN
10059,16138.51,12394.03,3,6,2.0000
10060,15870.01,11770.41,NaN,NaN,NaN
10061,16023.36,11711.95,NaN,NaN,NaN
10062,15664.47,12010.90,NaN,NaN,NaN
10063,15787.32,11886.88,NaN,NaN,NaN
10064,16076.95,11912.35,0,0,0.0000
10065,15976.18,12294.94,NaN,NaN,NaN
10066,15705.29,12298.79,0,0,0.0000
10067,15642.78,11747.90,NaN,NaN,NaN
10068,16164.36,11989.33,NaN,NaN,NaN
10069,16339.97,12064.31,NaN,NaN,NaN
10070,15729.24,11862.95,0,0,0.0000
10071,16269.72,12071.32,NaN,NaN,NaN
10072,15911.09,11980.35,0,0,0.0000
10073,16295.02,12108.37,NaN,NaN,NaN
10074,15891.37,12361.52,0,0,0.0000
10075,15882.18,11663.19,0,0,0.0000
10076,15786.19,11758.10,0,0,0.0000
10077,16205.86,11828.35,NaN,NaN,NaN
10078,16203.27,12301.27,NaN,NaN,NaN
10079,16042.08,11692.29,2,4,2.0000
10080,15921.58,11787.74,2,3,0.0000
10081,15613.66,11873.27,NaN,NaN,NaN
10082,15720.04,11781.49,0,0,0.0000
10083,15669.05,11884.13,2,0,0.0000
10084,15751.55,11808.37,NaN,NaN,NaN
10085,15704.51,11717.37,NaN,NaN,NaN
10086,15492.08,12221.49,0,0,0.0000
10087,16119.41,11937.60,NaN,NaN,NaN
10088,15769.12,11838.57,NaN,NaN,NaN
10089,15891.59,12413.17,0,0,0.0000
10090,15748.89,11990.84,0,0,0.0000
10091,15649.31,11707.92,NaN,NaN,NaN
10092,15814.91,11730.02,0,0,0.0000
10093,15875.79,11823.07,0,0,0.0000
10094,15762.40,11712.26,NaN,NaN,NaN
10095,74.82,13008.70,NaN,NaN,NaN
10096,301.51,12736.53,2,5,2.5000
10097,485.64,13167.44,0,0,0.0000
10098,240.37,12755.48,3,2,0.0000
10099,114.74,12826.85,NaN,NaN,NaN
10100,521.85,12943.75,NaN,NaN,NaN
10101,304.98,13183.76,NaN,NaN,NaN
10102,181.74,12794.73,2,2,0.0000
10103,215.27,12970.20,2,5,2.5000
10104,380.63,13088.01,NaN,NaN,NaN
10105,440.69,12968.62,NaN,NaN,NaN
10106,516.21,13104.44,NaN,NaN,NaN
10107,179.69,13091.72,NaN,NaN,NaN
10108,362.01,12860.23,NaN,NaN,NaN
10109,605.74,13167.46,2,4,2.0000
10110,323.02,12984.60,NaN,NaN,NaN
10111,480.58,12888.10,NaN,NaN,NaN
10112,393.97,12802.91,NaN,NaN,NaN
10113,108.47,13092.40,NaN,NaN,NaN
10114,268.24,12895.50,3,6,2.0000
10115,337.97,12655.02,2,1,0.0000
10116,155.39,12999.88,NaN,NaN,NaN
10117,148.94,13153.60,NaN,NaN,NaN
10118,556.95,13028.13,NaN,NaN,NaN
10119,266.74,12944.94,NaN,NaN,NaN
10120,283.21,12836.88,2,1,0.0000
10121,359.43,13142.26,3,3,0.0000
10122,482.76,13026.62,NaN,NaN,NaN
10123,517.62,12791.63,3,5,0.0000
10124,48.34,12903.00,3,5,0.0000
10125,359.41,13020.35,NaN,NaN,NaN
10126,436.57,13042.40,2,1,0.0000
10127,197.52,12882.05,3,6,2.0000
10128,256.22,13072.12,2,3,0.0000
10129,392.84,12941.85,3,2,0.0000
10130,766.01,12468.19,0,0,0.0000
10131,518.87,12672.70,NaN,NaN,NaN
10132,706.39,12544.15,0,0,0.0000
10133,394.08,13045.20,NaN,NaN,NaN
10134,549.15,13145.01,0,0,0.0000
10135,514.30,13055.29,NaN,NaN,NaN
10136,116.58,12881.99,2,5,2.5000
10137,227.00,13146.85,NaN,NaN,NaN
10138,466.76,12629.72,3,3,0.0000
10139,57.79,12862.99,0,0,0.0000
10140,420.34,12861.10,2,3,0.0000
10141,319.62,12890.98,NaN,NaN,NaN
10142,555.08,12817.69,NaN,NaN,NaN
10143,542.91,12851.03,0,0,0.0000
10144,820.16,12441.98,NaN,NaN,NaN
10145,443.71,12691.30,0,0,0.0000
10146,390.37,12667.46,0,0,0.0000
10147,1151.60,12669.93,NaN,NaN,NaN
10148,1056.91,12580.35,2,5,2.5000
10149,1032.19,12693.16,NaN,NaN,NaN
10150,1147.82,12806.52,NaN,NaN,NaN
10151,1129.94,12916.00,NaN,NaN,NaN
10152,928.88,12626.60,NaN,NaN,NaN
10153,1235.02,12810.72,2,2,0.0000
10154,1250.78,12655.33,0,0,0.0000
10155,960.07,12802.51,2,2,0.0000
10156,1146.30,12574.99,3,5,0.0000
10157,1021.39,12847.31,NaN,NaN,NaN
10158,1218.97,12596.96,2,5,2.5000
10159,1209.48,12876.17,2,2,0.0000
10160,1074.57,12820.90,2,4,2.0000
10161,971.36,12734.56,NaN,NaN,NaN
10162,1232.71,12742.27,0,0,0.0000
10163,992.12,12593.70,0,0,0.0000
10164,1295.62,12825.46,3,3,0.0000
10165,1019.31,12778.01,2,3,0.0000
10166,1088.37,12685.52,0,0,0.0000
10167,1196.20,12532.10,5,4,0.0000
10168,1082.29,12770.51,0,0,0.0000
10169,1103.80,12417.23,NaN,NaN,NaN
10170,1601.44,12910.89,NaN,NaN,NaN
10171,1700.03,12995.26,NaN,NaN,NaN
10172,3194.93,12814.05,2,3,0.0000
10173,2992.86,13064.21,4,7,0.0000
10174,3140.49,12952.24,NaN,NaN,NaN
10175,2913.39,12890.31,2,4,2.0000
10176,2866.74,12441.25,0,0,0.0000
10177,3095.51,12476.44,3,4,0.0000
10178,2975.88,13152.68,NaN,NaN,NaN
10179,3004.49,12938.63,NaN,NaN,NaN
10180,2825.00,12723.86,NaN,NaN,NaN
10181,3051.65,12755.10,NaN,NaN,NaN
10182,2828.77,12498.25,0,0,0.0000
10183,3114.33,12695.37,2,4,2.0000
10184,2753.22,12585.36,4,8,2.0000
10185,2925.89,12772.45,NaN,NaN,NaN
10186,3143.32,12538.42,NaN,NaN,NaN
10187,2731.12,12472.24,NaN,NaN,NaN
10188,3092.52,12610.48,NaN,NaN,NaN
10189,3152.72,13107.53,0,0,0.0000
10190,3187.61,13040.24,3,7,2.3333
10191,3023.98,12469.84,NaN,NaN,NaN
10192,3195.68,12549.64,2,3,0.0000
10193,3112.60,13173.78,0,0,0.0000
10194,2955.75,12625.09,NaN,NaN,NaN
10195,2777.98,12642.35,0,0,0.0000
10196,2886.71,12594.59,2,1,0.0000
10197,3050.93,12999.94,NaN,NaN,NaN
10198,2887.10,12806.04,0,0,0.0000
10199,2896.27,12527.26,0,0,0.0000
10200,2986.67,12778.71,NaN,NaN,NaN
10201,3100.02,12811.51,3,5,0.0000
10202,3083.42,12891.61,0,0,0.0000
10203,3081.34,13071.05,NaN,NaN,NaN
10204,2788.03,12688.23,NaN,NaN,NaN
10205,2888.39,12698.12,0,0,0.0000
10206,2862.69,12647.10,NaN,NaN,NaN
10207,2978.76,12853.47,0,0,0.0000
10208,2945.12,12679.91,0,0,0.0000
10209,2771.37,12425.89,0,0,0.0000
10210,2903.95,12995.71,0,0,0.0000
10211,2963.96,12720.31,2,2,0.0000
10212,3048.04,13135.90,NaN,NaN,NaN
10213,2673.43,12489.87,NaN,NaN,NaN
10214,2968.38,12582.53,0,0,0.0000
10215,2834.76,12594.42,NaN,NaN,NaN
10216,2805.30,12549.32,NaN,NaN,NaN
10217,3161.24,12446.85,2,3,0.0000
10218,2711.20,12538.86,NaN,NaN,NaN
10219,3041.63,12845.22,0,0,0.0000
10220,3063.74,12645.95,2,4,2.0000
10221,3008.61,12677.25,0,0,0.0000
10222,3043.25,12678.10,NaN,NaN,NaN
10223,3153.20,12730.58,0,0,0.0000
10224,3063.59,12420.29,3,3,0.0000
10225,2959.58,12460.69,NaN,NaN,NaN
10226,2973.69,12495.90,NaN,NaN,NaN
10227,3012.71,12604.12,0,0,0.0000
10228,3322.57,12955.05,0,0,0.0000
10229,3515.98,12950.84,0,0,0.0000
10230,3830.69,12860.15,NaN,NaN,NaN
10231,3390.35,12614.92,0,0,0.0000
10232,3435.79,12428.05,NaN,NaN,NaN
10233,3518.52,13156.52,2,3,0.0000
10234,3225.06,12599.79,NaN,NaN,NaN
10235,3967.29,13116.02,NaN,NaN,NaN
10236,3700.86,12498.36,NaN,NaN,NaN
10237,3471.36,12660.09,2,5,2.5000
10238,3760.95,13118.38,NaN,NaN,NaN
10239,3573.50,12685.28,NaN,NaN,NaN
10240,3342.14,12536.35,NaN,NaN,NaN
10241,3555.18,12847.56,NaN,NaN,NaN
10242,3709.27,12637.99,NaN,NaN,NaN
10243,3907.89,12542.73,2,3,0.0000
10244,3918.17,12917.09,2,4,2.0000
10245,3241.96,12481.70,NaN,NaN,NaN
10246,3573.78,13052.85,2,3,0.0000
10247,3686.34,12781.05,0,0,0.0000
10248,3716.18,13054.07,0,0,0.0000
10249,3584.94,12600.12,2,4,2.0000
10250,3532.95,12484.47,2,2,0.0000
10251,3636.63,13068.68,0,0,0.0000
10252,3284.06,13180.20,0,0,0.0000
10253,3770.75,12595.74,NaN,NaN,NaN
10254,3890.96,13142.13,3,4,0.0000
10255,3625.02,12783.07,2,2,0.0000
10256,3380.83,12839.42,0,0,0.0000
10257,3249.97,12699.98,NaN,NaN,NaN
10258,3816.93,12555.18,NaN,NaN,NaN
10259,3765.16,12925.21,NaN,NaN,NaN
10260,3326.16,12662.61,NaN,NaN,NaN
10261,3423.26,13073.41,NaN,NaN,NaN
10262,3524.75,12748.60,2,4,2.0000
10263,3782.57,12449.93,0,0,0.0000
10264,3648.29,12899.20,NaN,NaN,NaN
10265,3625.70,12487.28,0,0,0.0000
10266,3260.68,13046.26,0,0,0.0000
10267,3438.66,12780.86,NaN,NaN,NaN
10268,3292.46,13103.32,2,3,0.0000
10269,3819.12,12748.16,0,0,0.0000
10270,3904.07,12739.21,0,0,0.0000
10271,3788.87,12685.85,0,0,0.0000
10272,3661.36,12418.30,2,1,0.0000
10273,3421.22,12894.32,NaN,NaN,NaN
10274,3459.76,12835.02,NaN,NaN,NaN
10275,3733.40,12987.71,NaN,NaN,NaN
10276,3352.62,13135.35,NaN,NaN,NaN
10277,3464.78,12736.46,NaN,NaN,NaN
10278,3883.55,13010.99,NaN,NaN,NaN
10279,3932.88,12485.86,NaN,NaN,NaN
10280,3732.51,12834.90,4,10,2.5000
10281,3634.77,13167.51,0,0,0.0000
10282,3941.23,12695.54,NaN,NaN,NaN
10283,3465.10,13113.09,NaN,NaN,NaN
10284,3692.27,12925.18,NaN,NaN,NaN
10285,3812.46,13111.32,0,0,0.0000
10286,3206.63,13141.43,0,0,0.0000
10287,3212.61,12672.17,0,0,0.0000
10288,3868.17,12610.57,NaN,NaN,NaN
10289,3356.01,13076.10,0,0,0.0000
10290,3671.03,12704.22,NaN,NaN,NaN
10291,3507.60,12545.44,0,0,0.0000
10292,3442.42,12546.17,0,0,0.0000
10293,3679.03,13122.88,0,0,0.0000
10294,3371.31,12715.64,NaN,NaN,NaN
10295,3763.98,12762.51,NaN,NaN,NaN
10296,3845.56,13059.17,NaN,NaN,NaN
10297,3858.04,12979.27,2,4,2.0000
10298,3476.17,12490.93,3,3,0.0000
10299,3938.36,13038.18,NaN,NaN,NaN
10300,3649.69,12607.42,0,0,0.0000
10301,3593.30,12455.41,NaN,NaN,NaN
10302,3722.58,12432.91,NaN,NaN,NaN
10303,3550.18,12423.57,NaN,NaN,NaN
10304,3288.59,12614.31,NaN,NaN,NaN
10305,3873.40,12697.15,0,0,0.0000
10306,3302.06,12827.18,0,0,0.0000
10307,3359.84,12753.68,NaN,NaN,NaN
10308,3680.85,12975.80,0,0,0.0000
10309,3301.14,12729.66,0,0,0.0000
10310,3899.68,12647.95,2,3,0.0000
10311,3909.06,12613.11,NaN,NaN,NaN
10312,3793.63,13010.39,2,3,0.0000
10313,3281.40,12795.84,0,0,0.0000
10314,3311.51,12763.08,0,0,0.0000
10315,3591.97,12898.27,0,0,0.0000
10316,4273.60,12679.95,NaN,NaN,NaN
10317,4196.04,12581.07,NaN,NaN,NaN
10318,4335.58,12951.84,4,3,0.0000
10319,4490.07,12564.66,0,0,0.0000
10320,4010.56,12745.31,NaN,NaN,NaN
10321,4204.26,13025.55,NaN,NaN,NaN
10322,4407.93,12688.79,2,4,2.0000
10323,3972.48,12627.40,2,3,0.0000
10324,3975.71,12984.04,2,4,2.0000
10325,4411.03,12514.89,0,0,0.0000
10326,4578.78,12427.74,2,5,2.5000
10327,4244.18,13093.71,NaN,NaN,NaN
10328,4090.94,12496.17,NaN,NaN,NaN
10329,4239.58,12457.50,3,5,0.0000
10330,4596.14,13074.38,2,6,3.0000
10331,4397.76,12859.11,5,8,0.0000
10332,4482.48,12681.27,NaN,NaN,NaN
10333,4046.34,12625.33,NaN,NaN,NaN
10334,4359.26,12744.52,2,6,3.0000
10335,3987.39,12538.41,0,0,0.0000
10336,4128.34,12425.47,2,3,0.0000
10337,4148.10,12907.98,NaN,NaN,NaN
10338,4233.34,12936.36,NaN,NaN,NaN
10339,3972.84,12836.85,NaN,NaN,NaN
10340,4323.33,12547.90,4,5,0.0000
10341,4163.69,12790.26,3,7,2.3333
10342,4043.89,12838.15,0,0,0.0000
10343,4607.33,12979.01,0,0,0.0000
10344,4283.28,12888.96,0,0,0.0000
10345,4316.15,12477.18,NaN,NaN,NaN
10346,4108.91,12622.98,NaN,NaN,NaN
10347,4020.52,12462.62,0,0,0.0000
10348,4423.64,12786.89,NaN,NaN,NaN
10349,4561.25,12955.21,NaN,NaN,NaN
10350,4139.91,12994.96,3,3,0.0000
10351,4369.23,12424.04,0,0,0.0000
10352,4251.80,13176.76,5,9,0.0000
10353,4101.97,12786.34,NaN,NaN,NaN
10354,4337.03,12852.80,NaN,NaN,NaN
10355,4589.41,12815.50,NaN,NaN,NaN
10356,4162.94,12685.40,2,5,2.5000
10357,4325.45,12424.80,2,2,0.0000
10358,4120.61,12850.98,NaN,NaN,NaN
10359,3969.38,12456.78,0,0,0.0000
10360,4341.79,13083.14,NaN,NaN,NaN
10361,4032.51,13080.08,0,0,0.0000
10362,3998.00,12900.46,0,0,0.0000
10363,4329.65,12637.02,NaN,NaN,NaN
10364,4076.88,12570.31,0,0,0.0000
10365,4678.13,12442.87,NaN,NaN,NaN
10366,5080.52,13092.33,NaN,NaN,NaN
10367,5494.25,12671.60,NaN,NaN,NaN
10368,4939.03,13036.57,NaN,NaN,NaN
10369,5366.06,12698.68,2,1,0.0000
10370,5372.77,12803.70,NaN,NaN,NaN
10371,5448.40,12506.15,NaN,NaN,NaN
10372,5386.14,12914.29,NaN,NaN,NaN
10373,5075.97,12947.36,0,0,0.0000
10374,4854.69,13058.08,NaN,NaN,NaN
10375,4943.58,12448.73,3,3,0.0000
10376,5489.34,13044.54,NaN,NaN,NaN
10377,5288.53,12897.77,NaN,NaN,NaN
10378,5069.19,12863.08,NaN,NaN,NaN
10379,5229.72,12463.06,2,2,0.0000
10380,4958.07,13159.33,NaN,NaN,NaN
10381,5294.95,12982.18,NaN,NaN,NaN
10382,5311.44,12444.33,2,2,0.0000
10383,5312.97,13059.54,0,0,0.0000
10384,5285.09,12786.15,NaN,NaN,NaN
10385,5337.49,12587.44,0,0,0.0000
10386,5184.45,12836.95,NaN,NaN,NaN
10387,4894.33,12510.15,NaN,NaN,NaN
10388,5222.90,13087.49,NaN,NaN,NaN
10389,4851.53,13129.13,0,0,0.0000
10390,5182.34,12745.61,NaN,NaN,NaN
10391,5287.55,12676.00,NaN,NaN,NaN
10392,5440.94,12866.08,NaN,NaN,NaN
10393,5380.16,13000.00,NaN,NaN,NaN
10394,5250.65,12621.86,NaN,NaN,NaN
10395,5123.90,12803.13,3,9,3.0000
10396,5163.23,12906.74,NaN,NaN,NaN
10397,4793.74,12939.74,NaN,NaN,NaN
10398,5138.28,13182.60,2,5,2.5000
10399,5468.55,12965.63,NaN,NaN,NaN
10400,5185.65,12997.98,0,0,0.0000
10401,5391.46,12484.66,NaN,NaN,NaN
10402,4940.51,12928.47,4,6,0.0000
10403,4902.80,13154.54,NaN,NaN,NaN
10404,4796.14,12999.71,NaN,NaN,NaN
10405,5256.39,13167.65,3,4,0.0000
10406,5009.45,12986.60,0,0,0.0000
10407,5234.99,12785.06,NaN,NaN,NaN
10408,5006.41,12871.06,0,0,0.0000
10409,5236.57,12712.48,NaN,NaN,NaN
10410,5124.07,12870.59,2,2,0.0000
10411,5148.13,12421.26,0,0,0.0000
10412,4822.57,13183.76,NaN,NaN,NaN
10413,5408.95,12601.24,NaN,NaN,NaN
10414,5452.01,12428.10,3,3,0.0000
10415,5241.44,12936.08,0,0,0.0000
10416,5492.28,13137.85,0,0,0.0000
10417,5189.76,12642.99,NaN,NaN,NaN
10418,5224.84,13163.37,0,0,0.0000
10419,5132.10,12958.62,NaN,NaN,NaN
10420,4968.30,12511.13,0,0,0.0000
10421,5589.54,13077.78,2,1,0.0000
10422,5849.78,12998.69,NaN,NaN,NaN
10423,5550.08,12570.72,NaN,NaN,NaN
10424,5936.16,13168.95,2,1,0.0000
10425,5560.70,12941.93,NaN,NaN,NaN
10426,5936.74,13067.84,NaN,NaN,NaN
10427,5514.35,12834.43,0,0,0.0000
10428,5779.97,12811.75,2,5,2.5000
10429,5730.12,13076.32,NaN,NaN,NaN
10430,5638.77,12763.98,NaN,NaN,NaN
10431,5783.74,12924.29,3,6,2.0000
10432,5768.96,13134.14,0,0,0.0000
10433,5895.13,12862.43,0,0,0.0000
10434,5598.98,12820.50,NaN,NaN,NaN
10435,5678.29,12959.72,NaN,NaN,NaN
10436,5941.51,12943.94,NaN,NaN,NaN
10437,5637.22,12898.17,0,0,0.0000
10438,5698.19,12859.29,2,2,0.0000
10439,5653.22,12579.12,0,0,0.0000
10440,5674.82,13150.38,0,0,0.0000
10441,6002.71,13015.85,NaN,NaN,NaN
10442,5720.97,13010.65,2,4,2.0000
10443,5927.46,12995.98,2,5,2.5000
10444,5808.73,12691.52,NaN,NaN,NaN
10445,5704.77,12696.16,NaN,NaN,NaN
10446,6011.07,13107.93,NaN,NaN,NaN
10447,5632.78,12643.66,0,0,0.0000
10448,5692.76,12746.38,NaN,NaN,NaN
10449,5733.38,12910.30,NaN,NaN,NaN
10450,5706.45,12644.12,NaN,NaN,NaN
10451,5838.87,12801.69,0,0,0.0000
10452,5745.84,12731.85,NaN,NaN,NaN
10453,6319.54,13102.30,NaN,NaN,NaN
10454,6400.81,13167.80,NaN,NaN,NaN
10455,6626.06,12498.36,2,4,2.0000
10456,6364.85,13092.49,NaN,NaN,NaN
10457,6567.60,12456.31,0,0,0.0000
10458,7468.14,12779.10,2,4,2.0000
10459,7682.08,12668.03,NaN,NaN,NaN
10460,7365.37,12675.60,NaN,NaN,NaN
10461,7290.02,12608.09,0,0,0.0000
10462,7471.73,12902.86,NaN,NaN,NaN
10463,7401.26,12480.09,NaN,NaN,NaN
10464,7721.58,13025.37,0,0,0.0000
10465,7402.00,12879.41,2,2,0.0000
10466,7600.11,12527.85,3,6,2.0000
10467,7679.32,12850.93,NaN,NaN,NaN
10468,7625.78,13107.17,3,5,0.0000
10469,7587.25,12811.00,0,0,0.0000
10470,7579.32,12902.30,0,0,0.0000
10471,7661.44,12768.44,NaN,NaN,NaN
10472,7419.80,12980.26,NaN,NaN,NaN
10473,7528.72,12655.94,NaN,NaN,NaN
10474,7461.74,12526.01,NaN,NaN,NaN
10475,7344.85,12523.94,NaN,NaN,NaN
10476,7566.08,13172.04,NaN,NaN,NaN
10477,7431.99,12675.27,3,5,0.0000
10478,7692.17,12935.75,NaN,NaN,NaN
10479,7451.25,12592.63,0,0,0.0000
10480,7211.64,12571.45,0,0,0.0000
10481,7288.83,12513.44,NaN,NaN,NaN
10482,7353.04,12589.55,4,4,0.0000
10483,7668.89,13021.48,NaN,NaN,NaN
10484,7586.83,12736.16,2,4,2.0000
10485,7639.75,12708.32,NaN,NaN,NaN
10486,7734.16,13151.70,NaN,NaN,NaN
10487,7463.38,13015.82,0,0,0.0000
10488,7382.88,12549.96,NaN,NaN,NaN
10489,7625.92,12951.26,NaN,NaN,NaN
10490,7376.36,12754.72,0,0,0.0000
10491,7603.29,12607.91,NaN,NaN,NaN
10492,7528.89,12732.53,NaN,NaN,NaN
10493,7641.06,12590.25,NaN,NaN,NaN
10494,7671.13,13100.30,NaN,NaN,NaN
10495,7255.49,12453.14,0,0,0.0000
10496,7650.96,12925.63,0,0,0.0000
10497,7938.46,12432.31,0,0,0.0000
10498,8194.09,13089.46,0,0,0.0000
10499,7881.14,12442.81,NaN,NaN,NaN
10500,9300.20,12470.05,NaN,NaN,NaN
10501,9231.70,12451.92,2,1,0.0000
10502,9458.66,12533.27,0,0,0.0000
10503,9396.77,12468.01,2,2,0.0000
10504,9407.55,12590.31,NaN,NaN,NaN
10505,9471.38,12469.24,2,3,0.0000
10506,10491.06,12963.39,NaN,NaN,NaN
10507,10782.35,12747.39,0,0,0.0000
10508,10751.18,12573.77,2,2,0.0000
10509,10634.02,12635.82,NaN,NaN,NaN
10510,10833.17,12627.05,NaN,NaN,NaN
10511,10719.73,12683.06,NaN,NaN,NaN
10512,10781.84,12861.69,0,0,0.0000
10513,10583.56,12841.85,NaN,NaN,NaN
10514,10691.67,12810.91,0,0,0.0000
10515,10616.63,12503.75,NaN,NaN,NaN
10516,10612.98,12950.78,4,4,0.0000
10517,10729.44,12929.67,0,0,0.0000
10518,10564.49,12568.94,NaN,NaN,NaN
10519,10525.58,12641.63,NaN,NaN,NaN
10520,10675.59,12511.04,0,0,0.0000
10521,10682.88,12972.21,0,0,0.0000
10522,10667.95,12935.47,NaN,NaN,NaN
10523,10685.67,12746.16,0,0,0.0000
10524,10557.72,12908.91,3,4,0.0000
10525,10637.03,12886.39,2,5,2.5000
10526,10704.55,12880.86,NaN,NaN,NaN
10527,10714.51,12507.23,NaN,NaN,NaN
10528,10552.60,12947.71,NaN,NaN,NaN
10529,10821.28,12546.14,0,0,0.0000
10530,10590.71,12460.18,0,0,0.0000
10531,11645.62,13104.87,0,0,0.0000
10532,11601.63,12997.20,0,0,0.0000
10533,11577.30,13082.08,0,0,0.0000
10534,11599.25,12910.31,NaN,NaN,NaN
10535,11167.97,12780.24,0,0,0.0000
10536,11358.72,12643.96,0,0,0.0000
10537,11377.39,12605.98,0,0,0.0000
10538,11856.60,13047.09,2,2,0.0000
10539,11993.64,12843.91,NaN,NaN,NaN
10540,11887.82,12784.93,4,6,0.0000
10541,12369.45,12480.01,0,0,0.0000
10542,11717.86,12879.85,NaN,NaN,NaN
10543,11811.03,12931.32,NaN,NaN,NaN
10544,12216.62,12827.26,NaN,NaN,NaN
10545,11941.46,12529.26,NaN,NaN,NaN
10546,11915.28,13150.67,NaN,NaN,NaN
10547,12105.35,12792.47,NaN,NaN,NaN
10548,12311.40,12645.24,NaN,NaN,NaN
10549,12145.78,12682.52,NaN,NaN,NaN
10550,12234.69,13056.17,3,5,0.0000
10551,12391.54,12597.50,NaN,NaN,NaN
10552,12116.57,12921.06,0,0,0.0000
10553,11991.31,13160.50,NaN,NaN,NaN
10554,12013.88,12639.25,NaN,NaN,NaN
10555,12186.27,12561.74,NaN,NaN,NaN
10556,11727.34,13128.97,2,4,2.0000
10557,11833.48,12695.98,NaN,NaN,NaN
10558,11688.75,12981.63,NaN,NaN,NaN
10559,12068.86,12573.75,NaN,NaN,NaN
10560,12232.86,12482.91,0,0,0.0000
10561,11777.08,12804.28,0,0,0.0000
10562,11695.42,12796.60,2,5,2.5000
10563,12181.61,13111.35,NaN,NaN,NaN
10564,12237.71,12959.05,0,0,0.0000
10565,12204.71,12747.77,0,0,0.0000
10566,11943.31,12688.64,NaN,NaN,NaN
10567,12370.29,12931.67,0,0,0.0000
10568,12076.19,13099.35,2,2,0.0000
10569,12335.77,12828.33,NaN,NaN,NaN
10570,12071.99,12460.92,0,0,0.0000
10571,11739.33,12726.98,0,0,0.0000
10572,12022.72,12525.02,NaN,NaN,NaN
10573,12126.65,12525.66,NaN,NaN,NaN
10574,12157.72,12997.24,0,0,0.0000
10575,11868.11,12597.67,NaN,NaN,NaN
10576,12383.58,12857.87,0,0,0.0000
10577,12168.57,12441.95,0,0,0.0000
10578,12264.79,12699.70,0,0,0.0000
10579,11653.37,13179.01,NaN,NaN,NaN
10580,12091.40,12647.76,0,0,0.0000
10581,12112.35,13154.61,NaN,NaN,NaN
10582,12005.65,12459.87,0,0,0.0000
10583,12374.07,12752.15,0,0,0.0000
10584,11791.09,12630.32,2,3,0.0000
10585,11932.75,12610.08,4,7,0.0000
10586,12295.67,12936.24,NaN,NaN,NaN
10587,12091.84,12998.09,NaN,NaN,NaN
10588,11792.27,12688.16,0,0,0.0000
10589,11902.82,12645.23,NaN,NaN,NaN
10590,12313.44,12766.60,0,0,0.0000
10591,11738.45,13021.54,NaN,NaN,NaN
10592,11811.73,13175.18,0,0,0.0000
10593,12062.40,12879.68,NaN,NaN,NaN
10594,12365.48,12991.18,NaN,NaN,NaN
10595,12073.98,13148.38,NaN,NaN,NaN
10596,11998.04,13035.67,0,0,0.0000
10597,11948.70,13083.15,0,0,0.0000
10598,12035.58,12993.24,0,0,0.0000
10599,12125.47,12603.96,0,0,0.0000
10600,12717.74,12610.38,NaN,NaN,NaN
10601,12733.12,12429.01,0,0,0.0000
10602,13043.08,12515.40,0,0,0.0000
10603,13064.95,12605.88,NaN,NaN,NaN
10604,13061.08,13133.79,0,0,0.0000
10605,12845.11,12590.21,NaN,NaN,NaN
10606,12659.28,12484.10,NaN,NaN,NaN
10607,12853.07,12482.07,NaN,NaN,NaN
10608,12441.96,12801.18,0,0,0.0000
10609,12521.70,12790.20,NaN,NaN,NaN
10610,12631.88,12546.58,0,0,0.0000
10611,12425.48,12692.76,NaN,NaN,NaN
10612,12829.91,12809.68,NaN,NaN,NaN
10613,12470.26,12546.52,NaN,NaN,NaN
10614,12578.67,12825.62,NaN,NaN,NaN
10615,12617.51,12717.56,2,5,2.5000
10616,12959.20,12645.45,NaN,NaN,NaN
10617,13138.43,12720.13,0,0,0.0000
10618,12943.49,12602.29,NaN,NaN,NaN
10619,12657.03,12770.75,2,2,0.0000
10620,13166.51,12562.59,0,0,0.0000
10621,12906.57,13130.24,0,0,0.0000
10622,13039.13,12786.75,2,3,0.0000
10623,12511.53,12482.16,NaN,NaN,NaN
10624,12494.21,12875.93,NaN,NaN,NaN
10625,13126.33,12466.67,NaN,NaN,NaN
10626,12834.25,12749.69,NaN,NaN,NaN
10627,12779.36,12508.60,NaN,NaN,NaN
10628,12535.82,12716.99,NaN,NaN,NaN
10629,13176.35,13024.56,0,0,0.0000
10630,12992.83,12425.28,NaN,NaN,NaN
10631,13074.22,12748.50,0,0,0.0000
10632,12918.19,12450.63,0,0,0.0000
10633,12511.52,12609.42,NaN,NaN,NaN
10634,12764.56,12774.41,3,6,2.0000
10635,12570.02,12587.10,0,0,0.0000
10636,13143.81,13081.19,NaN,NaN,NaN
10637,12557.89,12907.28,2,3,0.0000
10638,12467.14,12419.41,2,4,2.0000
10639,12548.89,12662.04,2,4,2.0000
10640,12940.39,12524.72,0,0,0.0000
10641,12844.60,13090.11,NaN,NaN,NaN
10642,12420.65,12983.01,NaN,NaN,NaN
10643,13084.47,12795.78,2,1,0.0000
10644,12817.10,13069.10,NaN,NaN,NaN
10645,12853.15,12704.09,2,2,0.0000
10646,13159.02,12426.96,3,3,0.0000
10647,13007.67,12775.70,0,0,0.0000
10648,12739.47,12719.63,NaN,NaN,NaN
10649,13576.56,13069.10,NaN,NaN,NaN
10650,13428.65,13086.96,2,1,0.0000
10651,13451.64,13003.78,0,0,0.0000
10652,13207.59,12464.45,NaN,NaN,NaN
10653,13315.14,12449.69,NaN,NaN,NaN
10654,13328.19,12963.92,0,0,0.0000
10655,13394.02,13143.62,0,0,0.0000
10656,13510.57,13177.78,2,4,2.0000
10657,13190.32,13098.91,NaN,NaN,NaN
10658,13647.85,13171.72,3,4,0.0000
10659,13684.13,13040.83,0,0,0.0000
10660,13187.01,12883.84,0,0,0.0000
10661,15415.47,12585.44,NaN,NaN,NaN
10662,15409.93,12434.27,NaN,NaN,NaN
10663,15302.12,12494.36,NaN,NaN,NaN
10664,15437.60,12512.91,NaN,NaN,NaN
10665,15366.81,12497.36,NaN,NaN,NaN
10666,15487.06,12463.16,0,0,0.0000
10667,15795.10,12421.41,NaN,NaN,NaN
10668,15772.86,12800.11,2,4,2.0000
10669,15877.72,12824.35,NaN,NaN,NaN
10670,15706.29,12464.51,NaN,NaN,NaN
10671,16257.08,13036.54,NaN,NaN,NaN
10672,16028.80,12767.41,0,0,0.0000
10673,15752.04,12588.60,NaN,NaN,NaN
10674,16232.89,12838.94,NaN,NaN,NaN
10675,15760.55,12690.37,0,0,0.0000
10676,15979.63,12819.29,NaN,NaN,NaN
10677,15860.67,12704.75,NaN,NaN,NaN
10678,15955.83,12932.22,NaN,NaN,NaN
10679,16144.50,12453.11,NaN,NaN,NaN
10680,15876.30,12582.94,NaN,NaN,NaN
10681,16329.86,13106.92,NaN,NaN,NaN
10682,15982.38,12542.15,3,7,2.3333
10683,16099.45,12688.49,0,0,0.0000
10684,16291.25,12477.54,NaN,NaN,NaN
10685,16175.64,12851.54,NaN,NaN,NaN
10686,16135.34,12763.36,NaN,NaN,NaN
10687,16275.86,12585.65,NaN,NaN,NaN
10688,16333.89,12547.89,0,0,0.0000
10689,16094.38,12909.03,NaN,NaN,NaN
10690,16082.88,12841.51,NaN,NaN,NaN
10691,15860.72,12931.90,0,0,0.0000
10692,16006.74,13063.11,NaN,NaN,NaN
10693,15681.07,12643.76,0,0,0.0000
10694,16128.11,13071.29,NaN,NaN,NaN
10695,15610.36,12458.29,NaN,NaN,NaN
10696,15735.21,12885.16,0,0,0.0000
10697,16224.42,12959.96,NaN,NaN,NaN
10698,15541.48,12436.73,2,5,2.5000
10699,15602.11,12567.88,0,0,0.0000
10700,16073.88,12478.79,NaN,NaN,NaN
10701,16263.68,12685.70,NaN,NaN,NaN
10702,16326.90,12701.26,NaN,NaN,NaN
10703,16266.22,12757.91,NaN,NaN,NaN
10704,16080.54,13127.56,NaN,NaN,NaN
10705,15701.21,12831.69,0,0,0.0000
10706,15621.91,12513.64,NaN,NaN,NaN
10707,15930.87,12683.82,NaN,NaN,NaN
10708,15995.06,13124.75,0,0,0.0000
10709,16003.54,12687.58,0,0,0.0000
10710,16129.26,13159.48,NaN,NaN,NaN
10711,16205.74,12583.77,NaN,NaN,NaN
10712,15935.98,12886.80,NaN,NaN,NaN
10713,16332.64,12804.53,NaN,NaN,NaN
10714,16282.99,12927.64,0,0,0.0000
10715,15678.19,12570.25,NaN,NaN,NaN
10716,15933.68,13003.32,0,0,0.0000
10717,15805.33,12899.25,0,0,0.0000
10718,16194.26,13135.96,0,0,0.0000
10719,15864.76,12514.30,NaN,NaN,NaN
10720,16044.26,12620.62,0,0,0.0000
10721,16218.57,12668.48,NaN,NaN,NaN
10722,15541.05,12543.14,0,0,0.0000
10723,16266.33,13141.73,0,0,0.0000
10724,15613.78,12645.00,0,0,0.0000
10725,16133.78,13012.73,0,0,0.0000
10726,16165.73,12968.16,NaN,NaN,NaN
10727,15824.56,12557.10,0,0,0.0000
10728,15655.04,12534.84,NaN,NaN,NaN
10729,16302.74,12847.13,0,0,0.0000
10730,15866.89,12975.15,0,0,0.0000
10731,15635.69,12696.14,0,0,0.0000
10732,16339.85,13005.62,0,0,0.0000
10733,16211.22,12749.56,NaN,NaN,NaN
10734,15913.41,12488.28,0,0,0.0000
10735,15532.65,12485.39,0,0,0.0000
10736,16196.09,12718.00,0,0,0.0000
10737,611.12,13717.63,NaN,NaN,NaN
10738,737.55,13506.16,NaN,NaN,NaN
10739,479.24,13949.54,0,0,0.0000
10740,583.35,13899.46,NaN,NaN,NaN
10741,502.09,13625.56,0,0,0.0000
10742,410.20,13806.33,2,2,0.0000
10743,563.77,13816.76,NaN,NaN,NaN
10744,435.36,13243.44,3,4,0.0000
10745,641.10,13273.48,0,0,0.0000
10746,346.27,13272.24,0,0,0.0000
10747,717.14,13306.59,0,0,0.0000
10748,580.71,13576.72,0,0,0.0000
10749,402.58,13689.02,NaN,NaN,NaN
10750,817.51,13376.01,0,0,0.0000
10751,257.82,13258.27,NaN,NaN,NaN
10752,672.15,13626.29,0,0,0.0000
10753,607.17,13224.58,NaN,NaN,NaN
10754,484.33,13497.92,2,5,2.5000
10755,618.88,13379.38,NaN,NaN,NaN
10756,421.72,13620.52,3,4,0.0000
10757,750.37,13612.05,0,0,0.0000
10758,235.24,13327.26,0,0,0.0000
10759,838.07,13763.51,0,0,0.0000
10760,39.56,13802.29,NaN,NaN,NaN
10761,723.55,13856.99,0,0,0.0000
10762,477.88,13414.66,NaN,NaN,NaN
10763,518.82,13737.14,2,4,2.0000
10764,377.83,13397.46,NaN,NaN,NaN
10765,520.77,13556.48,NaN,NaN,NaN
10766,375.89,13209.35,2,3,0.0000
10767,818.33,13501.73,0,0,0.0000
10768,771.00,13806.82,0,0,0.0000
10769,640.39,13935.93,0,0,0.0000
10770,720.96,13777.40,NaN,NaN,NaN
10771,698.57,13940.64,NaN,NaN,NaN
10772,665.98,13790.49,0,0,0.0000
10773,150.44,13211.77,NaN,NaN,NaN
10774,337.71,13710.72,NaN,NaN,NaN
10775,777.92,13298.19,NaN,NaN,NaN
10776,398.54,13306.07,NaN,NaN,NaN
10777,895.25,13827.98,0,0,0.0000
10778,784.92,13879.75,NaN,NaN,NaN
10779,534.32,13232.87,NaN,NaN,NaN
10780,352.01,13597.52,NaN,NaN,NaN
10781,189.90,13240.27,2,2,0.0000
10782,245.69,13184.95,NaN,NaN,NaN
10783,873.35,13524.08,NaN,NaN,NaN
10784,381.37,13558.39,NaN,NaN,NaN
10785,509.34,13871.99,NaN,NaN,NaN
10786,570.60,13491.89,2,2,0.0000
10787,62.09,13576.91,NaN,NaN,NaN
10788,393.58,13867.33,NaN,NaN,NaN
10789,22.03,13560.03,2,2,0.0000
10790,343.87,13527.58,0,0,0.0000
10791,477.60,13213.57,2,3,0.0000
10792,660.36,13454.30,0,0,0.0000
10793,654.85,13336.19,3,6,2.0000
10794,892.27,13944.88,NaN,NaN,NaN
10795,655.45,13510.61,NaN,NaN,NaN
10796,53.70,13489.76,0,0,0.0000
10797,558.20,13399.12,3,4,0.0000
10798,94.88,13682.09,NaN,NaN,NaN
10799,803.46,13429.66,NaN,NaN,NaN
10800,876.56,13598.07,2,4,2.0000
10801,831.00,13672.19,2,3,0.0000
10802,763.37,13735.28,2,3,0.0000
10803,671.61,13565.55,NaN,NaN,NaN
10804,445.03,13347.39,2,2,0.0000
10805,219.38,13286.65,NaN,NaN,NaN
10806,801.09,13601.48,0,0,0.0000
10807,577.88,13773.12,0,0,0.0000
10808,681.81,13416.78,NaN,NaN,NaN
10809,415.79,13512.54,NaN,NaN,NaN
10810,500.53,13681.38,NaN,NaN,NaN
10811,840.66,13950.18,NaN,NaN,NaN
10812,749.74,13385.37,NaN,NaN,NaN
10813,507.97,13352.83,NaN,NaN,NaN
10814,688.18,13678.36,0,0,0.0000
10815,849.11,13468.35,0,0,0.0000
10816,839.45,13822.82,0,0,0.0000
10817,780.97,13700.78,NaN,NaN,NaN
10818,795.16,13933.53,0,0,0.0000
10819,587.26,13330.62,NaN,NaN,NaN
10820,735.81,13436.92,NaN,NaN,NaN
10821,634.53,13854.37,2,2,0.0000
10822,877.99,13421.35,NaN,NaN,NaN
10823,750.03,13240.37,NaN,NaN,NaN
10824,443.81,13558.61,2,3,0.0000
10825,446.85,13877.05,3,0,0.0000
10826,318.24,13494.75,0,0,0.0000
10827,444.03,13674.78,0,0,0.0000
10828,870.19,13723.16,NaN,NaN,NaN
10829,614.25,13526.77,NaN,NaN,NaN
10830,724.17,13571.34,0,0,0.0000
10831,362.74,13467.35,4,4,0.0000
10832,838.64,13868.46,0,0,0.0000
10833,701.14,13387.03,NaN,NaN,NaN
10834,617.99,13463.79,NaN,NaN,NaN
10835,466.12,13773.53,0,0,0.0000
10836,878.47,13908.38,NaN,NaN,NaN
10837,607.11,13615.93,NaN,NaN,NaN
10838,467.92,13836.04,2,2,0.0000
10839,326.58,13406.46,0,0,0.0000
10840,825.77,13717.56,NaN,NaN,NaN
10841,614.31,13663.56,0,0,0.0000
10842,832.23,13623.83,0,0,0.0000
10843,796.95,13645.34,0,0,0.0000
10844,237.36,13374.96,0,0,0.0000
10845,404.73,13756.20,NaN,NaN,NaN
10846,501.28,13256.02,NaN,NaN,NaN
10847,704.02,13727.68,0,0,0.0000
10848,435.35,13381.45,0,0,0.0000
10849,9.96,13457.55,2,3,0.0000
10850,362.36,13346.84,0,0,0.0000
10851,412.87,13427.42,0,0,0.0000
10852,824.05,13563.29,NaN,NaN,NaN
10853,772.84,13661.92,0,0,0.0000
10854,1404.16,13734.64,NaN,NaN,NaN
10855,1310.09,13770.45,3,5,0.0000
10856,1118.74,13902.93,NaN,NaN,NaN
10857,1321.55,13663.42,NaN,NaN,NaN
10858,938.30,13748.67,NaN,NaN,NaN
10859,1437.75,13805.78,0,0,0.0000
10860,903.77,13672.69,2,3,0.0000
10861,1096.82,13708.50,3,6,2.0000
10862,1132.55,13816.22,NaN,NaN,NaN
10863,1197.44,13773.58,0,0,0.0000
10864,1480.48,13727.22,2,3,0.0000
10865,989.25,13807.58,NaN,NaN,NaN
10866,1268.21,13887.67,2,2,0.0000
10867,1412.57,13893.28,2,6,3.0000
10868,1149.00,13688.57,2,4,2.0000
10869,1088.30,13575.65,NaN,NaN,NaN
10870,1244.50,13826.33,NaN,NaN,NaN
10871,1031.60,13732.27,0,0,0.0000
10872,1021.50,13887.03,0,0,0.0000
10873,1456.35,13649.53,2,4,2.0000
10874,945.44,13889.84,2,3,0.0000
10875,941.11,13407.41,2,3,0.0000
10876,1216.65,13714.65,NaN,NaN,NaN
10877,1017.34,13575.28,4,3,0.0000
10878,1081.71,13792.87,NaN,NaN,NaN
10879,946.64,13509.54,NaN,NaN,NaN
10880,1255.83,13682.49,3,5,0.0000
10881,952.48,13609.82,NaN,NaN,NaN
10882,1224.56,13638.35,2,4,2.0000
10883,1362.92,13627.72,NaN,NaN,NaN
10884,1619.83,13844.37,NaN,NaN,NaN
10885,1341.75,13853.21,NaN,NaN,NaN
10886,998.53,13502.25,NaN,NaN,NaN
10887,1181.98,13904.67,NaN,NaN,NaN
10888,1585.58,13780.04,NaN,NaN,NaN
10889,966.86,13671.10,0,0,0.0000
10890,1531.96,13580.02,0,0,0.0000
10891,928.41,13450.93,NaN,NaN,NaN
10892,1312.44,13920.91,0,0,0.0000
10893,1062.26,13620.06,NaN,NaN,NaN
10894,964.55,13558.64,NaN,NaN,NaN
10895,1002.58,13853.21,NaN,NaN,NaN
10896,1076.53,13852.52,2,2,0.0000
10897,1396.67,13672.75,NaN,NaN,NaN
10898,1479.19,13595.72,NaN,NaN,NaN
10899,947.24,13826.33,0,0,0.0000
10900,1527.70,13772.40,0,0,0.0000
10901,916.94,13563.17,NaN,NaN,NaN
10902,1539.08,13815.67,0,0,0.0000
10903,1718.39,13911.80,2,1,0.0000
10904,3142.80,13293.43,NaN,NaN,NaN
10905,3011.08,13256.96,0,0,0.0000
10906,3092.94,13359.52,NaN,NaN,NaN
10907,3076.10,13277.27,NaN,NaN,NaN
10908,2518.45,13893.88,NaN,NaN,NaN
10909,3090.01,13439.56,NaN,NaN,NaN
10910,3152.54,13385.28,0,0,0.0000
10911,3034.39,13205.23,0,0,0.0000
10912,2481.51,13845.49,NaN,NaN,NaN
10913,3173.06,13233.94,3,3,0.0000
10914,3052.62,13392.03,NaN,NaN,NaN
10915,3048.26,13327.10,NaN,NaN,NaN
10916,3154.45,13444.06,0,0,0.0000
10917,3016.25,13314.67,0,0,0.0000
10918,3111.73,13501.79,NaN,NaN,NaN
10919,3164.85,13186.38,0,0,0.0000
10920,3889.64,13590.32,NaN,NaN,NaN
10921,3626.85,13264.02,0,0,0.0000
10922,3286.56,13372.62,NaN,NaN,NaN
10923,3525.37,13686.60,NaN,NaN,NaN
10924,3584.43,13788.64,NaN,NaN,NaN
10925,3743.41,13274.92,NaN,NaN,NaN
10926,3790.18,13416.16,NaN,NaN,NaN
10927,3599.28,13726.71,NaN,NaN,NaN
10928,3508.96,13584.58,NaN,NaN,NaN
10929,3698.88,13869.40,NaN,NaN,NaN
10930,3496.35,13489.91,NaN,NaN,NaN
10931,3822.64,13184.84,5,6,0.0000
10932,3927.54,13302.46,0,0,0.0000
10933,3714.94,13652.80,NaN,NaN,NaN
10934,3694.98,13768.54,2,5,2.5000
10935,3544.11,13216.86,3,3,0.0000
10936,3917.52,13947.11,NaN,NaN,NaN
10937,3891.47,13229.73,NaN,NaN,NaN
10938,3607.19,13340.24,NaN,NaN,NaN
10939,3934.91,13703.81,NaN,NaN,NaN
10940,3562.39,13866.54,0,0,0.0000
10941,3433.58,13457.12,NaN,NaN,NaN
10942,3505.81,13306.68,0,0,0.0000
10943,3386.72,13277.42,2,5,2.5000
10944,3334.41,13223.53,NaN,NaN,NaN
10945,3431.77,13394.40,NaN,NaN,NaN
10946,3883.54,13437.69,NaN,NaN,NaN
10947,3846.46,13708.34,0,0,0.0000
10948,3827.87,13494.12,0,0,0.0000
10949,3677.22,13595.22,0,0,0.0000
10950,3665.40,13936.47,NaN,NaN,NaN
10951,3702.26,13713.72,NaN,NaN,NaN
10952,3309.44,13487.76,0,0,0.0000
10953,3799.54,13884.80,3,3,0.0000
10954,3472.87,13785.75,NaN,NaN,NaN
10955,3646.35,13410.49,0,0,0.0000
10956,3714.55,13433.86,NaN,NaN,NaN
10957,3893.63,13869.85,NaN,NaN,NaN
10958,3952.73,13827.20,0,0,0.0000
10959,3594.08,13505.19,0,0,0.0000
10960,3556.71,13445.85,0,0,0.0000
10961,3824.90,13341.12,NaN,NaN,NaN
10962,3220.23,13290.75,NaN,NaN,NaN
10963,3501.72,13858.70,NaN,NaN,NaN
10964,3789.16,13688.73,NaN,NaN,NaN
10965,3631.78,13455.81,0,0,0.0000
10966,3456.71,13318.05,NaN,NaN,NaN
10967,3226.54,13213.57,0,0,0.0000
10968,3420.16,13591.32,3,5,0.0000
10969,3349.87,13567.35,NaN,NaN,NaN
10970,3543.92,13944.17,0,0,0.0000
10971,3716.84,13539.75,NaN,NaN,NaN
10972,3741.59,13495.68,NaN,NaN,NaN
10973,3286.36,13575.01,NaN,NaN,NaN
10974,3362.82,13493.47,NaN,NaN,NaN
10975,3763.55,13757.71,2,6,3.0000
10976,3821.07,13809.30,2,6,3.0000
10977,3873.12,13320.56,2,3,0.0000
10978,3208.69,13378.36,NaN,NaN,NaN
10979,3351.64,13627.79,0,0,0.0000
10980,3633.25,13592.14,0,0,0.0000
10981,3438.42,13714.68,NaN,NaN,NaN
10982,3429.19,13540.11,2,3,0.0000
10983,3772.79,13556.83,2,6,3.0000
10984,3347.13,13333.46,NaN,NaN,NaN
10985,3613.86,13873.68,NaN,NaN,NaN
10986,3407.23,13334.70,0,0,0.0000
10987,3431.79,13232.71,NaN,NaN,NaN
10988,3466.01,13220.94,NaN,NaN,NaN
10989,3373.99,13751.36,0,0,0.0000
10990,3821.12,13763.50,NaN,NaN,NaN
10991,3606.86,13635.82,NaN,NaN,NaN
10992,3699.61,13204.76,0,0,0.0000
10993,3889.04,13822.38,NaN,NaN,NaN
10994,3279.88,13682.07,0,0,0.0000
10995,3482.16,13894.13,0,0,0.0000
10996,3503.67,13367.21,3,3,0.0000
10997,3717.81,13359.94,4,5,0.0000
10998,3875.08,13770.99,NaN,NaN,NaN
10999,3533.95,13387.36,NaN,NaN,NaN
11000,3370.00,13397.97,NaN,NaN,NaN
11001,3795.92,13607.97,3,4,0.0000
11002,3766.35,13940.28,NaN,NaN,NaN
11003,3826.65,13562.89,0,0,0.0000
11004,3942.46,13197.73,0,0,0.0000
11005,3751.12,13209.48,0,0,0.0000
11006,3236.95,13436.33,0,0,0.0000
11007,3850.97,13916.58,3,3,0.0000
11008,3565.50,13317.50,NaN,NaN,NaN
11009,3991.47,13434.65,NaN,NaN,NaN
11010,4100.68,13671.84,0,0,0.0000
11011,4193.99,13932.07,NaN,NaN,NaN
11012,4054.12,13877.36,0,0,0.0000
11013,4101.48,13478.88,2,2,0.0000
11014,4126.24,13579.82,3,3,0.0000
11015,4003.56,13940.93,NaN,NaN,NaN
11016,4258.12,13843.79,NaN,NaN,NaN
11017,3973.93,13587.36,NaN,NaN,NaN
11018,3980.10,13767.75,NaN,NaN,NaN
11019,3995.90,13273.14,NaN,NaN,NaN
11020,4128.34,13825.23,NaN,NaN,NaN
11021,4174.87,13850.18,0,0,0.0000
11022,4066.71,13750.03,NaN,NaN,NaN
11023,4188.26,13643.24,NaN,NaN,NaN
11024,3998.50,13192.84,0,0,0.0000
11025,4003.65,13713.31,0,0,0.0000
11026,4286.24,13916.38,0,0,0.0000
11027,4034.08,13812.16,2,3,0.0000
11028,4192.11,13738.96,NaN,NaN,NaN
11029,4156.22,13528.33,0,0,0.0000
11030,4013.89,13529.68,NaN,NaN,NaN
11031,4129.00,13759.27,NaN,NaN,NaN
11032,4041.79,13608.76,0,0,0.0000
11033,4174.01,13782.58,NaN,NaN,NaN
11034,4160.24,13705.73,2,1,0.0000
11035,4188.51,13586.88,NaN,NaN,NaN
11036,4069.06,13535.04,NaN,NaN,NaN
11037,4199.29,13694.50,NaN,NaN,NaN
11038,4227.64,13608.97,NaN,NaN,NaN
11039,4008.69,13657.23,NaN,NaN,NaN
11040,4225.50,13673.64,0,0,0.0000
11041,4229.12,13728.91,0,0,0.0000
11042,4205.21,13809.01,2,5,2.5000
11043,5453.98,13876.81,NaN,NaN,NaN
11044,5333.50,13188.67,2,2,0.0000
11045,5497.02,13220.18,NaN,NaN,NaN
11046,5334.42,13822.14,2,1,0.0000
11047,5323.81,13334.10,3,5,0.0000
11048,5180.11,13838.42,NaN,NaN,NaN
11049,5210.70,13319.84,NaN,NaN,NaN
11050,5317.52,13712.70,3,5,0.0000
11051,4839.25,13243.55,0,0,0.0000
11052,5046.53,13319.28,2,4,2.0000
11053,5150.61,13402.75,NaN,NaN,NaN
11054,4925.39,13744.25,NaN,NaN,NaN
11055,5250.23,13419.36,NaN,NaN,NaN
11056,5020.03,13410.49,0,0,0.0000
11057,5408.61,13256.91,NaN,NaN,NaN
11058,5430.97,13665.78,NaN,NaN,NaN
11059,5149.64,13273.56,NaN,NaN,NaN
11060,5427.90,13499.01,0,0,0.0000
11061,4964.27,13239.46,NaN,NaN,NaN
11062,4961.77,13313.96,NaN,NaN,NaN
11063,5143.56,13536.05,NaN,NaN,NaN
11064,5069.43,13228.15,2,4,2.0000
11065,5443.21,13319.51,NaN,NaN,NaN
11066,4970.65,13508.01,NaN,NaN,NaN
11067,4958.12,13445.02,NaN,NaN,NaN
11068,5206.46,13589.42,2,4,2.0000
11069,4880.16,13328.17,0,0,0.0000
11070,5158.86,13721.00,NaN,NaN,NaN
11071,5225.73,13903.14,NaN,NaN,NaN
11072,5082.67,13657.85,4,4,0.0000
11073,5239.18,13793.53,0,0,0.0000
11074,5258.80,13479.71,NaN,NaN,NaN
11075,5333.13,13423.72,NaN,NaN,NaN
11076,5234.90,13711.99,NaN,NaN,NaN
11077,4954.31,13826.27,2,5,2.5000
11078,5016.83,13679.86,NaN,NaN,NaN
11079,5479.60,13692.62,NaN,NaN,NaN
11080,5270.53,13607.24,2,4,2.0000
11081,5357.42,13609.75,NaN,NaN,NaN
11082,5405.13,13556.41,NaN,NaN,NaN
11083,5493.21,13428.86,3,4,0.0000
11084,5279.19,13653.78,2,5,2.5000
11085,5072.94,13730.15,NaN,NaN,NaN
11086,5322.50,13478.44,3,2,0.0000
11087,5108.58,13594.33,0,0,0.0000
11088,5130.90,13911.43,0,0,0.0000
11089,5102.40,13474.05,0,0,0.0000
11090,4899.42,13233.44,NaN,NaN,NaN
11091,4931.73,13370.64,0,0,0.0000
11092,5009.71,13749.86,3,4,0.0000
11093,4955.83,13690.50,2,3,0.0000
11094,5428.30,13593.29,0,0,0.0000
11095,4971.09,13904.07,NaN,NaN,NaN
11096,5198.79,13196.32,0,0,0.0000
11097,5263.39,13358.65,2,5,2.5000
11098,4864.45,13918.64,NaN,NaN,NaN
11099,5294.75,13562.77,NaN,NaN,NaN
11100,5447.00,13773.49,0,0,0.0000
11101,5198.86,13655.69,NaN,NaN,NaN
11102,4905.87,13461.26,NaN,NaN,NaN
11103,4912.97,13905.34,NaN,NaN,NaN
11104,5347.01,13557.73,0,0,0.0000
11105,5426.13,13420.30,0,0,0.0000
11106,5203.43,13502.69,NaN,NaN,NaN
11107,5085.08,13395.52,0,0,0.0000
11108,5468.60,13376.20,0,0,0.0000
11109,5104.45,13867.38,0,0,0.0000
11110,5157.26,13618.85,NaN,NaN,NaN
11111,5374.31,13686.86,0,0,0.0000
11112,5142.81,13655.15,NaN,NaN,NaN
11113,5402.77,13708.51,NaN,NaN,NaN
11114,5811.59,13237.56,NaN,NaN,NaN
11115,5784.03,13562.42,3,5,0.0000
11116,5965.56,13809.45,2,5,2.5000
11117,5870.57,13892.93,NaN,NaN,NaN
11118,5679.42,13694.92,NaN,NaN,NaN
11119,5709.12,13408.40,2,10,5.0000
11120,5534.09,13493.91,0,0,0.0000
11121,5853.14,13753.68,0,0,0.0000
11122,5910.34,13453.91,NaN,NaN,NaN
11123,5721.76,13887.59,0,0,0.0000
11124,5552.67,13335.51,0,0,0.0000
11125,5786.32,13340.43,0,0,0.0000
11126,5917.37,13637.32,0,0,0.0000
11127,5986.32,13447.97,2,3,0.0000
11128,5527.17,13779.99,NaN,NaN,NaN
11129,5906.33,13564.37,NaN,NaN,NaN
11130,5627.43,13880.91,NaN,NaN,NaN
11131,5554.67,13894.80,NaN,NaN,NaN
11132,5585.82,13417.63,NaN,NaN,NaN
11133,5618.89,13211.45,2,3,0.0000
11134,6044.42,13469.41,NaN,NaN,NaN
11135,5727.09,13767.32,NaN,NaN,NaN
11136,6021.03,13566.17,0,0,0.0000
11137,6000.57,13696.86,0,0,0.0000
11138,5656.41,13351.18,NaN,NaN,NaN
11139,5988.12,13924.04,NaN,NaN,NaN
11140,6046.36,13946.97,0,0,0.0000
11141,5657.46,13813.32,3,4,0.0000
11142,6036.65,13371.61,2,3,0.0000
11143,5596.92,13537.51,0,0,0.0000
11144,5601.10,13678.87,0,0,0.0000
11145,5841.84,13407.39,NaN,NaN,NaN
11146,5779.47,13786.14,0,0,0.0000
11147,5903.26,13346.01,0,0,0.0000
11148,5664.05,13518.25,NaN,NaN,NaN
11149,5530.47,13628.27,0,0,0.0000
11150,5662.61,13594.04,NaN,NaN,NaN
11151,5587.44,13752.27,0,0,0.0000
11152,5780.53,13486.84,NaN,NaN,NaN
11153,5684.48,13869.24,3,3,0.0000
11154,5693.23,13268.88,0,0,0.0000
11155,5965.46,13361.47,3,5,0.0000
11156,5624.03,13311.08,2,4,2.0000
11157,5801.23,13449.31,NaN,NaN,NaN
11158,5629.53,13617.83,0,0,0.0000
11159,5931.29,13256.82,NaN,NaN,NaN
11160,6067.56,13851.11,2,2,0.0000
11161,5649.77,13551.73,0,0,0.0000
11162,5674.86,13466.71,NaN,NaN,NaN
11163,5706.29,13345.45,NaN,NaN,NaN
11164,6493.97,13384.25,NaN,NaN,NaN
11165,6392.66,13294.02,NaN,NaN,NaN
11166,6451.79,13314.82,2,2,0.0000
11167,6334.89,13194.90,2,9,4.5000
11168,6453.53,13224.21,NaN,NaN,NaN
11169,7497.64,13303.58,NaN,NaN,NaN
11170,7447.52,13237.09,NaN,NaN,NaN
11171,7682.49,13187.74,4,8,2.0000
11172,7710.22,13268.35,NaN,NaN,NaN
11173,7546.14,13395.09,0,0,0.0000
11174,7573.85,13258.16,3,3,0.0000
11175,7609.59,13221.99,0,0,0.0000
11176,7575.10,13346.68,0,0,0.0000
11177,7419.09,13192.10,NaN,NaN,NaN
11178,7527.35,13214.57,2,2,0.0000
11179,7502.41,13378.41,0,0,0.0000
11180,7652.66,13361.10,0,0,0.0000
11181,8132.75,13421.96,0,0,0.0000
11182,8201.82,13257.35,NaN,NaN,NaN
11183,8233.37,13780.79,2,5,2.5000
11184,8143.42,13536.72,0,0,0.0000
11185,8123.00,13224.70,NaN,NaN,NaN
11186,8043.52,13451.66,NaN,NaN,NaN
11187,8223.71,13406.75,0,0,0.0000
11188,8195.12,13668.81,0,0,0.0000
11189,8273.78,13902.58,NaN,NaN,NaN
11190,8052.19,13675.58,NaN,NaN,NaN
11191,8133.46,13737.06,3,5,0.0000
11192,8215.10,13940.47,0,0,0.0000
11193,8001.23,13361.39,NaN,NaN,NaN
11194,8172.19,13815.47,NaN,NaN,NaN
11195,7955.28,13467.52,0,0,0.0000
11196,7998.67,13719.54,NaN,NaN,NaN
11197,7963.26,13747.56,2,5,2.5000
11198,7996.62,13817.16,NaN,NaN,NaN
11199,8198.50,13869.44,NaN,NaN,NaN
11200,8057.51,13542.12,NaN,NaN,NaN
11201,8110.93,13801.40,0,0,0.0000
11202,8294.83,13841.79,NaN,NaN,NaN
11203,8290.29,13781.17,2,2,0.0000
11204,8083.33,13747.06,NaN,NaN,NaN
11205,8117.38,13329.79,NaN,NaN,NaN
11206,8008.97,13514.79,NaN,NaN,NaN
11207,7981.38,13408.80,0,0,0.0000
11208,8043.41,13782.65,NaN,NaN,NaN
11209,8122.08,13602.72,0,0,0.0000
11210,8241.12,13340.84,NaN,NaN,NaN
11211,8026.72,13593.33,0,0,0.0000
11212,8031.23,13750.67,NaN,NaN,NaN
11213,8156.07,13333.11,NaN,NaN,NaN
11214,8339.19,13872.11,NaN,NaN,NaN
11215,7902.61,13553.72,NaN,NaN,NaN
11216,8275.05,13731.12,0,0,0.0000
11217,7946.37,13661.32,3,3,0.0000
11218,8069.22,13823.40,NaN,NaN,NaN
11219,8252.89,13868.71,0,0,0.0000
11220,8013.56,13638.97,NaN,NaN,NaN
11221,8138.34,13631.24,0,0,0.0000
11222,8046.72,13362.63,NaN,NaN,NaN
11223,9329.96,13681.88,0,0,0.0000
11224,9429.69,13826.92,2,3,0.0000
11225,9383.16,13883.61,3,1,0.0000
11226,9417.22,13930.58,NaN,NaN,NaN
11227,9425.87,13688.09,0,0,0.0000
11228,9372.98,13606.42,NaN,NaN,NaN
11229,9373.50,13654.28,0,0,0.0000
11230,9373.75,13774.34,NaN,NaN,NaN
11231,9401.68,13741.44,0,0,0.0000
11232,9355.60,13747.25,0,0,0.0000
11233,10847.28,13636.61,NaN,NaN,NaN
11234,10291.48,13398.53,0,0,0.0000
11235,10398.39,13438.91,NaN,NaN,NaN
11236,10264.78,13325.32,NaN,NaN,NaN
11237,10189.50,13220.71,0,0,0.0000
11238,10917.48,13545.94,0,0,0.0000
11239,11605.07,13254.34,3,8,2.6667
11240,11638.18,13314.24,0,0,0.0000
11241,11083.99,13646.02,NaN,NaN,NaN
11242,12336.99,13925.63,NaN,NaN,NaN
11243,11907.43,13251.34,NaN,NaN,NaN
11244,11802.66,13302.62,NaN,NaN,NaN
11245,12076.85,13922.57,NaN,NaN,NaN
11246,12331.31,13830.89,NaN,NaN,NaN
11247,12230.37,13899.69,NaN,NaN,NaN
11248,11656.08,13271.58,NaN,NaN,NaN
11249,12271.22,13936.88,0,0,0.0000
11250,12161.13,13919.88,0,0,0.0000
11251,11834.95,13231.96,NaN,NaN,NaN
11252,12062.38,13186.74,NaN,NaN,NaN
11253,12020.59,13227.66,NaN,NaN,NaN
11254,11739.90,13317.60,0,0,0.0000
11255,12216.65,13836.19,0,0,0.0000
11256,12175.69,13873.48,2,2,0.0000
11257,13022.41,13827.89,NaN,NaN,NaN
11258,13131.42,13505.71,NaN,NaN,NaN
11259,13038.29,13603.37,0,0,0.0000
11260,13107.59,13204.05,0,0,0.0000
11261,12998.33,13316.99,NaN,NaN,NaN
11262,12861.72,13917.28,NaN,NaN,NaN
11263,12628.49,13826.76,4,7,0.0000
11264,12762.21,13289.33,NaN,NaN,NaN
11265,12821.82,13598.32,2,3,0.0000
11266,12942.88,13220.14,0,0,0.0000
11267,12872.02,13334.85,NaN,NaN,NaN
11268,12789.01,13762.81,0,0,0.0000
11269,13149.23,13343.43,NaN,NaN,NaN
11270,13085.50,13297.03,NaN,NaN,NaN
11271,12859.29,13512.02,NaN,NaN,NaN
11272,12736.21,13458.47,NaN,NaN,NaN
11273,13153.44,13728.64,3,9,3.0000
11274,12931.06,13468.10,0,0,0.0000
11275,12949.51,13641.66,NaN,NaN,NaN
11276,12946.98,13716.78,0,0,0.0000
11277,12452.97,13878.72,NaN,NaN,NaN
11278,12674.01,13927.82,NaN,NaN,NaN
11279,12542.50,13839.80,0,0,0.0000
11280,13094.86,13847.88,4,8,2.0000
11281,12644.54,13737.16,0,0,0.0000
11282,12695.97,13569.28,4,6,0.0000
11283,12660.40,13501.29,2,5,2.5000
11284,12730.71,13622.48,0,0,0.0000
11285,12697.49,13718.83,0,0,0.0000
11286,12878.39,13777.54,0,0,0.0000
11287,12841.92,13249.72,NaN,NaN,NaN
11288,12914.67,13401.55,2,5,2.5000
11289,12686.31,13313.46,0,0,0.0000
11290,12801.61,13446.09,0,0,0.0000
11291,12658.79,13370.90,NaN,NaN,NaN
11292,12754.75,13843.55,0,0,0.0000
11293,12733.39,13891.05,NaN,NaN,NaN
11294,12464.45,13821.81,0,0,0.0000
11295,12878.91,13666.30,0,0,0.0000
11296,12567.32,13562.80,0,0,0.0000
11297,12789.26,13884.96,NaN,NaN,NaN
11298,12923.92,13867.29,3,5,0.0000
11299,12740.89,13666.62,0,0,0.0000
11300,12828.04,13684.23,0,0,0.0000
11301,12518.32,13922.68,NaN,NaN,NaN
11302,13183.31,13668.42,0,0,0.0000
11303,12680.96,13401.03,0,0,0.0000
11304,13315.33,13236.98,NaN,NaN,NaN
11305,13304.84,13447.60,0,0,0.0000
11306,13547.49,13369.28,0,0,0.0000
11307,13583.45,13184.48,4,7,0.0000
11308,13484.36,13240.70,NaN,NaN,NaN
11309,13719.69,13751.04,NaN,NaN,NaN
11310,13341.89,13814.23,NaN,NaN,NaN
11311,13205.52,13817.25,NaN,NaN,NaN
11312,13491.43,13950.76,NaN,NaN,NaN
11313,13222.45,13359.41,3,4,0.0000
11314,13486.24,13691.29,NaN,NaN,NaN
11315,13234.97,13557.35,NaN,NaN,NaN
11316,13268.10,13867.48,2,4,2.0000
11317,13633.20,13808.41,0,0,0.0000
11318,13315.39,13590.80,2,2,0.0000
11319,13657.66,13279.16,2,4,2.0000
11320,13615.25,13626.64,NaN,NaN,NaN
11321,13196.22,13214.59,NaN,NaN,NaN
11322,13573.97,13743.02,2,3,0.0000
11323,13523.56,13524.94,NaN,NaN,NaN
11324,13412.52,13385.67,NaN,NaN,NaN
11325,13325.81,13914.24,0,0,0.0000
11326,13473.07,13340.52,NaN,NaN,NaN
11327,13429.19,13597.95,NaN,NaN,NaN
11328,13249.13,13650.14,2,2,0.0000
11329,13605.41,13863.27,NaN,NaN,NaN
11330,13648.91,13744.24,NaN,NaN,NaN
11331,13695.28,13874.45,0,0,0.0000
11332,13494.39,13617.82,NaN,NaN,NaN
11333,13666.25,13592.35,3,3,0.0000
11334,13364.24,13725.01,3,4,0.0000
11335,13484.37,13818.20,NaN,NaN,NaN
11336,13686.67,13659.86,NaN,NaN,NaN
11337,13567.12,13914.54,NaN,NaN,NaN
11338,13738.37,13649.40,NaN,NaN,NaN
11339,13542.03,13582.68,NaN,NaN,NaN
11340,13249.48,13717.07,0,0,0.0000
11341,13579.28,13567.71,NaN,NaN,NaN
11342,13618.55,13672.80,0,0,0.0000
11343,13437.00,13832.79,NaN,NaN,NaN
11344,13336.17,13676.68,0,0,0.0000
11345,13619.38,13916.42,NaN,NaN,NaN
11346,13780.64,13712.01,NaN,NaN,NaN
11347,13560.36,13814.88,2,5,2.5000
11348,13536.39,13861.48,NaN,NaN,NaN
11349,13472.80,13755.75,0,0,0.0000
11350,13763.41,13625.94,NaN,NaN,NaN
11351,13310.73,13868.08,0,0,0.0000
11352,13733.59,13497.85,0,0,0.0000
11353,13562.86,13663.17,NaN,NaN,NaN
11354,13408.63,13666.90,0,0,0.0000
11355,13204.46,13624.36,NaN,NaN,NaN
11356,13613.20,13305.59,NaN,NaN,NaN
11357,13424.86,13276.53,NaN,NaN,NaN
11358,13437.74,13901.36,NaN,NaN,NaN
11359,13586.44,13799.10,NaN,NaN,NaN
11360,13723.29,13609.53,NaN,NaN,NaN
11361,13750.88,13838.08,NaN,NaN,NaN
11362,13538.20,13628.67,NaN,NaN,NaN
11363,13796.88,13674.80,0,0,0.0000
11364,13633.21,13403.10,0,0,0.0000
11365,14091.45,13380.47,0,0,0.0000
11366,16337.86,13205.35,NaN,NaN,NaN
11367,16175.52,13276.63,NaN,NaN,NaN
11368,15931.94,13192.74,0,0,0.0000
11369,16143.53,13358.35,0,0,0.0000
11370,16244.24,13484.10,0,0,0.0000
11371,16107.51,13247.28,2,6,3.0000
11372,16205.58,13412.42,0,0,0.0000
11373,16313.07,13488.06,NaN,NaN,NaN
11374,16356.37,13347.50,2,5,2.5000
11375,16097.04,13309.73,0,0,0.0000
11376,16275.07,13559.00,0,0,0.0000
11377,16013.49,13191.49,0,0,0.0000
11378,16319.23,13414.57,NaN,NaN,NaN
11379,16279.96,13315.76,NaN,NaN,NaN
11380,16316.15,13345.87,3,7,2.3333
11381,16247.87,13359.87,NaN,NaN,NaN
11382,16278.11,13607.69,0,0,0.0000
11383,16271.32,13198.86,NaN,NaN,NaN
11384,16325.02,13801.44,0,0,0.0000
11385,16268.33,13418.27,0,0,0.0000
11386,16223.52,13321.35,0,0,0.0000
11387,16273.04,13702.44,NaN,NaN,NaN
11388,16256.21,13276.35,0,0,0.0000
11389,16365.56,13402.93,2,5,2.5000
11390,16288.04,13659.89,0,0,0.0000
11391,16303.54,13698.10,0,0,0.0000
11392,16251.45,13705.80,NaN,NaN,NaN
11393,16207.84,13359.17,0,0,0.0000
11394,16153.32,13419.43,0,0,0.0000
11395,16341.11,13723.05,0,0,0.0000
11396,851.46,14462.95,2,4,2.0000
11397,599.09,14325.99,2,1,0.0000
11398,826.92,14088.64,NaN,NaN,NaN
11399,592.12,14443.74,3,4,0.0000
11400,616.07,14663.27,0,0,0.0000
11401,698.45,14357.42,NaN,NaN,NaN
11402,715.23,14436.27,0,0,0.0000
11403,863.15,14332.42,0,0,0.0000
11404,616.48,14546.32,NaN,NaN,NaN
11405,730.75,14302.13,2,5,2.5000
11406,621.73,14062.35,NaN,NaN,NaN
11407,653.95,14121.29,NaN,NaN,NaN
11408,758.02,14613.15,2,2,0.0000
11409,502.25,14708.58,NaN,NaN,NaN
11410,855.24,14584.42,0,0,0.0000
11411,820.09,14189.64,4,5,0.0000
11412,450.63,14667.60,0,0,0.0000
11413,74.59,14616.87,NaN,NaN,NaN
11414,517.35,14535.17,2,3,0.0000
11415,803.07,14647.11,2,3,0.0000
11416,763.57,14169.87,NaN,NaN,NaN
11417,857.08,14683.81,NaN,NaN,NaN
11418,749.30,14048.51,2,2,0.0000
11419,657.14,14236.48,4,9,2.2500
11420,891.68,14187.30,NaN,NaN,NaN
11421,630.92,14005.81,NaN,NaN,NaN
11422,784.27,14400.74,0,0,0.0000
11423,837.86,14022.27,0,0,0.0000
11424,538.15,14579.34,4,3,0.0000
11425,708.85,14139.54,2,3,0.0000
11426,591.66,14597.52,NaN,NaN,NaN
11427,773.28,13978.24,NaN,NaN,NaN
11428,560.37,14013.18,NaN,NaN,NaN
11429,580.97,14255.56,NaN,NaN,NaN
11430,892.79,14139.48,NaN,NaN,NaN
11431,529.54,14655.35,2,2,0.0000
11432,696.64,14012.76,NaN,NaN,NaN
11433,864.62,14225.06,NaN,NaN,NaN
11434,699.99,14067.76,3,4,0.0000
11435,521.89,14621.55,2,3,0.0000
11436,746.08,14685.72,0,0,0.0000
11437,703.90,14698.56,NaN,NaN,NaN
11438,688.45,13985.39,NaN,NaN,NaN
11439,427.78,14636.40,2,2,0.0000
11440,563.20,13961.89,NaN,NaN,NaN
11441,854.24,14628.02,NaN,NaN,NaN
11442,656.75,14696.96,NaN,NaN,NaN
11443,475.55,14604.80,NaN,NaN,NaN
11444,427.95,14594.30,NaN,NaN,NaN
11445,659.98,14477.51,NaN,NaN,NaN
11446,1387.76,14259.95,2,1,0.0000
11447,1261.65,14333.42,2,2,0.0000
11448,1125.96,14502.10,NaN,NaN,NaN
11449,1176.59,14079.69,2,2,0.0000
11450,1080.08,14633.48,NaN,NaN,NaN
11451,936.55,14036.48,NaN,NaN,NaN
11452,1297.83,14490.90,NaN,NaN,NaN
11453,951.89,14351.09,NaN,NaN,NaN
11454,1053.08,14035.48,NaN,NaN,NaN
11455,1050.37,14091.45,NaN,NaN,NaN
11456,1337.48,14179.22,NaN,NaN,NaN
11457,1032.88,14198.26,NaN,NaN,NaN
11458,1136.33,14286.25,NaN,NaN,NaN
11459,1038.33,13967.36,2,1,0.0000
11460,1358.69,14582.05,NaN,NaN,NaN
11461,980.97,14553.72,0,0,0.0000
11462,1286.90,14011.44,2,1,0.0000
11463,1074.33,14141.61,NaN,NaN,NaN
11464,1362.93,14500.67,NaN,NaN,NaN
11465,915.69,14282.74,NaN,NaN,NaN
11466,1202.56,14227.35,2,3,0.0000
11467,1257.23,14096.64,NaN,NaN,NaN
11468,1246.85,14264.56,0,0,0.0000
11469,1098.43,14694.71,NaN,NaN,NaN
11470,1221.55,14464.14,NaN,NaN,NaN
11471,1443.42,14380.28,NaN,NaN,NaN
11472,1238.68,14555.86,0,0,0.0000
11473,1090.60,14354.44,3,6,2.0000
11474,1293.01,14696.29,4,4,0.0000
11475,964.77,14174.21,4,6,0.0000
11476,1063.38,14556.71,2,4,2.0000
11477,1255.26,14418.90,0,0,0.0000
11478,1103.66,14248.91,NaN,NaN,NaN
11479,924.25,14499.73,NaN,NaN,NaN
11480,1549.87,14284.02,2,4,2.0000
11481,1156.31,14395.91,NaN,NaN,NaN
11482,1496.24,14358.56,2,3,0.0000
11483,945.65,14646.22,3,3,0.0000
11484,1264.77,14611.94,2,1,0.0000
11485,1601.47,14386.98,0,0,0.0000
11486,1266.63,14179.30,0,0,0.0000
11487,1589.54,14315.99,NaN,NaN,NaN
11488,1163.70,13967.74,NaN,NaN,NaN
11489,1203.51,14655.65,NaN,NaN,NaN
11490,1042.30,14275.73,0,0,0.0000
11491,1114.45,13995.70,0,0,0.0000
11492,1492.99,14281.55,NaN,NaN,NaN
11493,1147.51,14176.82,NaN,NaN,NaN
11494,1335.55,14121.29,NaN,NaN,NaN
11495,1292.85,14234.78,NaN,NaN,NaN
11496,1454.88,14316.32,3,3,0.0000
11497,1358.22,14643.49,NaN,NaN,NaN
11498,971.44,14282.83,4,6,0.0000
11499,1338.67,14384.61,NaN,NaN,NaN
11500,1203.92,14607.94,0,0,0.0000
11501,1193.45,14494.94,NaN,NaN,NaN
11502,963.70,14231.85,NaN,NaN,NaN
11503,1370.65,14699.15,2,3,0.0000
11504,1654.07,14405.98,NaN,NaN,NaN
11505,1086.64,14195.56,NaN,NaN,NaN
11506,928.88,14107.48,4,6,0.0000
11507,1197.16,14161.11,NaN,NaN,NaN
11508,1207.00,14695.71,0,0,0.0000
11509,1006.79,14504.61,NaN,NaN,NaN
11510,1256.65,14662.79,NaN,NaN,NaN
11511,1114.80,14570.24,3,4,0.0000
11512,1405.63,14582.50,0,0,0.0000
11513,949.34,13969.37,0,0,0.0000
11514,1389.89,14392.85,NaN,NaN,NaN
11515,1558.55,14382.60,0,0,0.0000
11516,1119.21,14058.98,3,4,0.0000
11517,982.60,14474.36,NaN,NaN,NaN
11518,901.95,14708.01,2,2,0.0000
11519,1084.06,14393.60,NaN,NaN,NaN
11520,1158.32,14330.85,3,4,0.0000
11521,1053.90,14437.87,NaN,NaN,NaN
11522,1175.78,14443.54,2,4,2.0000
11523,1001.02,14130.22,NaN,NaN,NaN
11524,1302.00,14060.16,0,0,0.0000
11525,1374.00,14435.50,NaN,NaN,NaN
11526,1312.08,14650.42,2,4,2.0000
11527,1055.55,14480.33,3,4,0.0000
11528,1436.25,14611.38,NaN,NaN,NaN
11529,1478.01,14241.60,NaN,NaN,NaN
11530,1702.81,14476.77,2,3,0.0000
11531,1838.52,14661.75,NaN,NaN,NaN
11532,1667.60,14297.28,NaN,NaN,NaN
11533,1822.17,14566.26,0,0,0.0000
11534,1775.28,14513.92,NaN,NaN,NaN
11535,1780.92,14381.76,4,6,0.0000
11536,1664.71,14357.84,2,2,0.0000
11537,1847.14,14505.12,4,3,0.0000
11538,1904.31,14676.16,NaN,NaN,NaN
11539,1778.06,14437.91,2,4,2.0000
11540,1808.03,14614.16,0,0,0.0000
11541,1765.87,14015.12,NaN,NaN,NaN
11542,3926.64,14405.75,NaN,NaN,NaN
11543,3871.52,14572.93,NaN,NaN,NaN
11544,3753.51,14053.22,NaN,NaN,NaN
11545,3913.26,14026.10,NaN,NaN,NaN
11546,3836.17,14247.35,0,0,0.0000
11547,3712.95,13990.55,0,0,0.0000
11548,3807.56,14092.09,NaN,NaN,NaN
11549,3844.72,14332.45,NaN,NaN,NaN
11550,3824.56,13982.08,NaN,NaN,NaN
11551,3775.02,14280.13,0,0,0.0000
11552,3893.39,14182.69,2,2,0.0000
11553,3865.09,14105.15,NaN,NaN,NaN
11554,3936.24,14105.06,0,0,0.0000
11555,3683.95,14095.90,NaN,NaN,NaN
11556,3851.75,14485.68,NaN,NaN,NaN
11557,3628.80,13985.45,NaN,NaN,NaN
11558,3727.45,14309.65,NaN,NaN,NaN
11559,3953.14,14473.81,0,0,0.0000
11560,3784.53,14546.43,NaN,NaN,NaN
11561,3799.84,14603.08,4,7,0.0000
11562,3639.35,14038.72,0,0,0.0000
11563,3702.96,14180.81,0,0,0.0000
11564,3937.95,14336.41,NaN,NaN,NaN
11565,3738.24,14387.18,4,5,0.0000
11566,3771.05,14448.13,NaN,NaN,NaN
11567,3925.74,14518.63,0,0,0.0000
11568,3569.16,13983.98,NaN,NaN,NaN
11569,3736.76,14451.00,0,0,0.0000
11570,3799.64,14697.01,NaN,NaN,NaN
11571,3784.17,14349.46,NaN,NaN,NaN
11572,3799.38,14388.80,NaN,NaN,NaN
11573,3844.34,14438.90,NaN,NaN,NaN
11574,3920.79,14288.51,0,0,0.0000
11575,3845.54,14395.69,3,4,0.0000
11576,3775.96,14174.05,NaN,NaN,NaN
11577,4143.23,14636.55,NaN,NaN,NaN
11578,4254.09,14516.84,NaN,NaN,NaN
11579,4118.45,13959.17,2,3,0.0000
11580,4046.85,14297.30,NaN,NaN,NaN
11581,4100.78,14454.72,NaN,NaN,NaN
11582,4039.74,14199.13,NaN,NaN,NaN
11583,4364.81,14502.32,5,6,0.0000
11584,4154.44,14344.71,NaN,NaN,NaN
11585,4728.21,14649.20,4,9,2.2500
11586,4477.40,14465.95,NaN,NaN,NaN
11587,4559.64,14311.22,NaN,NaN,NaN
11588,4180.36,14263.80,2,2,0.0000
11589,3970.02,14664.83,3,4,0.0000
11590,4036.68,14403.98,4,5,0.0000
11591,4646.32,14319.66,2,5,2.5000
11592,4173.11,14080.66,NaN,NaN,NaN
11593,4057.43,14133.12,NaN,NaN,NaN
11594,4245.18,13998.26,0,0,0.0000
11595,4513.57,14546.54,3,4,0.0000
11596,4443.79,14671.94,NaN,NaN,NaN
11597,4702.59,14565.69,NaN,NaN,NaN
11598,4200.22,14170.28,3,5,0.0000
11599,4606.58,14633.00,NaN,NaN,NaN
11600,4188.57,14444.81,NaN,NaN,NaN
11601,3999.94,14070.20,NaN,NaN,NaN
11602,4244.47,14324.81,3,4,0.0000
11603,4569.20,14485.90,NaN,NaN,NaN
11604,4239.73,14061.99,NaN,NaN,NaN
11605,4666.63,14237.41,NaN,NaN,NaN
11606,4533.45,14714.44,NaN,NaN,NaN
11607,4242.75,14201.16,0,0,0.0000
11608,4428.15,14344.78,3,1,0.0000
11609,4628.65,14703.71,0,0,0.0000
11610,4373.52,14692.67,NaN,NaN,NaN
11611,4714.53,14212.56,0,0,0.0000
11612,4584.60,14377.03,3,4,0.0000
11613,4040.78,14002.12,3,6,2.0000
11614,4293.78,14680.29,3,5,0.0000
11615,4496.24,14373.54,2,7,3.5000
11616,4665.51,14642.71,NaN,NaN,NaN
11617,4105.54,14555.09,2,5,2.5000
11618,4554.02,14615.52,0,0,0.0000
11619,4605.29,14553.89,0,0,0.0000
11620,4492.05,14417.56,NaN,NaN,NaN
11621,4674.70,14480.19,0,0,0.0000
11622,4264.75,14249.45,NaN,NaN,NaN
11623,4513.46,14659.54,NaN,NaN,NaN
11624,4664.76,14537.52,0,0,0.0000
11625,4380.53,14622.98,NaN,NaN,NaN
11626,4428.03,14547.39,0,0,0.0000
11627,4627.92,14451.43,NaN,NaN,NaN
11628,4178.82,14530.70,NaN,NaN,NaN
11629,4377.52,14315.13,NaN,NaN,NaN
11630,4651.59,14398.50,0,0,0.0000
11631,4323.30,14307.31,0,0,0.0000
11632,3968.17,14214.71,NaN,NaN,NaN
11633,4311.96,14266.34,NaN,NaN,NaN
11634,4668.30,14159.33,NaN,NaN,NaN
11635,4422.98,14597.83,0,0,0.0000
11636,4093.77,14043.48,NaN,NaN,NaN
11637,4708.03,14389.64,0,0,0.0000
11638,4107.10,14110.92,NaN,NaN,NaN
11639,4340.14,14642.36,NaN,NaN,NaN
11640,4000.77,14353.67,NaN,NaN,NaN
11641,4331.40,14452.41,0,0,0.0000
11642,4055.76,14531.67,NaN,NaN,NaN
11643,4304.61,14429.64,0,0,0.0000
11644,4313.58,14499.06,NaN,NaN,NaN
11645,4255.38,14406.62,NaN,NaN,NaN
11646,4365.99,14360.64,0,0,0.0000
11647,4432.18,14407.17,3,7,2.3333
11648,4703.52,14307.19,NaN,NaN,NaN
11649,4569.09,14671.05,NaN,NaN,NaN
11650,4129.87,14080.51,0,0,0.0000
11651,4720.14,14125.71,NaN,NaN,NaN
11652,4481.05,14612.64,NaN,NaN,NaN
11653,3971.17,14127.31,NaN,NaN,NaN
11654,4690.79,14719.90,0,0,0.0000
11655,5374.36,14026.31,NaN,NaN,NaN
11656,5121.24,14456.90,NaN,NaN,NaN
11657,5460.68,14330.75,2,5,2.5000
11658,5064.93,14309.61,0,0,0.0000
11659,5390.77,14564.04,NaN,NaN,NaN
11660,4994.43,14107.12,NaN,NaN,NaN
11661,4783.15,14197.77,NaN,NaN,NaN
11662,4837.08,14031.70,NaN,NaN,NaN
11663,4934.02,14000.97,2,3,0.0000
11664,4769.69,14412.59,4,2,0.0000
11665,5028.61,14214.72,NaN,NaN,NaN
11666,5327.27,14099.25,NaN,NaN,NaN
11667,4911.21,14201.78,NaN,NaN,NaN
11668,5310.96,14422.63,2,6,3.0000
11669,4896.88,14596.79,2,4,2.0000
11670,5416.54,14469.84,NaN,NaN,NaN
11671,5180.94,14149.46,0,0,0.0000
11672,5453.44,14097.79,0,0,0.0000
11673,4801.19,14586.45,NaN,NaN,NaN
11674,5346.41,14316.55,2,4,2.0000
11675,5114.48,14613.69,0,0,0.0000
11676,5500.39,14607.62,NaN,NaN,NaN
11677,5032.54,14719.21,0,0,0.0000
11678,5172.01,13955.68,0,0,0.0000
11679,5097.51,13985.00,NaN,NaN,NaN
11680,4808.18,14453.79,NaN,NaN,NaN
11681,5217.19,14646.85,2,3,0.0000
11682,4997.17,14545.02,2,3,0.0000
11683,5212.30,14491.35,NaN,NaN,NaN
11684,5295.19,14247.51,2,1,0.0000
11685,4906.80,14532.44,NaN,NaN,NaN
11686,5266.83,14566.38,NaN,NaN,NaN
11687,4766.04,14329.13,NaN,NaN,NaN
11688,4781.54,14098.75,2,4,2.0000
11689,5309.90,14686.32,0,0,0.0000
11690,5222.75,14079.81,NaN,NaN,NaN
11691,4901.26,14699.81,NaN,NaN,NaN
11692,5410.63,14393.46,NaN,NaN,NaN
11693,5151.34,14543.46,NaN,NaN,NaN
11694,4981.50,14595.66,NaN,NaN,NaN
11695,4748.07,14508.49,NaN,NaN,NaN
11696,4944.81,14647.86,0,0,0.0000
11697,5122.82,14676.74,0,0,0.0000
11698,5230.54,14714.68,NaN,NaN,NaN
11699,4850.66,14668.37,4,8,2.0000
11700,5026.44,14009.97,NaN,NaN,NaN
11701,5199.35,14025.08,0,0,0.0000
11702,5042.89,14648.47,0,0,0.0000
11703,5066.32,14397.92,0,0,0.0000
11704,4829.81,14522.14,NaN,NaN,NaN
11705,4863.10,14469.42,NaN,NaN,NaN
11706,5000.98,14460.70,2,3,0.0000
11707,4803.43,14712.87,4,8,2.0000
11708,5418.64,14174.29,0,0,0.0000
11709,5226.85,14225.98,0,0,0.0000
11710,4963.89,14379.95,NaN,NaN,NaN
11711,4888.39,14383.68,0,0,0.0000
11712,5334.50,14618.73,NaN,NaN,NaN
11713,5199.93,14351.87,0,0,0.0000
11714,5193.41,14403.82,NaN,NaN,NaN
11715,5259.50,13976.24,0,0,0.0000
11716,5007.16,14370.14,0,0,0.0000
11717,5180.85,14686.77,NaN,NaN,NaN
11718,5114.01,14122.40,0,0,0.0000
11719,4890.18,14311.87,NaN,NaN,NaN
11720,5014.96,14501.52,3,3,0.0000
11721,4838.38,14139.61,3,7,2.3333
11722,4818.48,14294.55,NaN,NaN,NaN
11723,5248.78,14446.05,NaN,NaN,NaN
11724,5498.59,14545.41,NaN,NaN,NaN
11725,4900.91,14081.86,NaN,NaN,NaN
11726,5150.10,14340.54,NaN,NaN,NaN
11727,4830.55,14350.54,0,0,0.0000
11728,5065.95,14077.13,3,2,0.0000
11729,4875.62,14160.46,NaN,NaN,NaN
11730,4748.78,14277.49,0,0,0.0000
11731,4939.21,14285.49,0,0,0.0000
11732,5242.01,14181.49,0,0,0.0000
11733,5490.23,14660.17,NaN,NaN,NaN
11734,5163.54,14254.69,0,0,0.0000
11735,5360.75,14501.77,0,0,0.0000
11736,4853.47,14305.65,2,6,3.0000
11737,5127.82,14190.39,0,0,0.0000
11738,5453.15,14002.44,0,0,0.0000
11739,5351.66,14196.11,0,0,0.0000
11740,5105.81,14221.67,NaN,NaN,NaN
11741,5297.48,14533.80,NaN,NaN,NaN
11742,4789.64,14662.11,0,0,0.0000
11743,5085.20,14536.96,NaN,NaN,NaN
11744,4935.03,14451.88,NaN,NaN,NaN
11745,5158.75,14291.66,0,0,0.0000
11746,5012.50,13952.29,NaN,NaN,NaN
11747,5398.96,14620.66,0,0,0.0000
11748,4913.80,14476.46,NaN,NaN,NaN
11749,4932.45,14403.18,0,0,0.0000
11750,5261.52,14150.15,0,0,0.0000
11751,5321.42,14494.33,0,0,0.0000
11752,5180.12,14591.04,0,0,0.0000
11753,5666.43,14245.53,2,4,2.0000
11754,5860.96,14445.72,5,8,0.0000
11755,5857.67,14009.63,NaN,NaN,NaN
11756,5921.06,14161.83,0,0,0.0000
11757,5754.08,14156.70,3,9,3.0000
11758,6124.89,14395.48,2,3,0.0000
11759,5676.48,14100.40,NaN,NaN,NaN
11760,5575.40,14114.94,2,1,0.0000
11761,5509.81,14196.21,3,3,0.0000
11762,6009.10,14133.17,NaN,NaN,NaN
11763,5554.73,14510.14,NaN,NaN,NaN
11764,5724.89,14440.06,NaN,NaN,NaN
11765,5841.53,14263.98,0,0,0.0000
11766,5624.75,14707.39,NaN,NaN,NaN
11767,5749.84,13962.77,NaN,NaN,NaN
11768,6055.85,14180.80,2,4,2.0000
11769,5667.39,14004.40,NaN,NaN,NaN
11770,5834.98,14108.77,0,0,0.0000
11771,5920.38,14304.14,0,0,0.0000
11772,5743.12,14357.95,2,2,0.0000
11773,5516.39,14038.58,2,3,0.0000
11774,6005.18,14284.51,0,0,0.0000
11775,5615.22,14409.02,0,0,0.0000
11776,6254.27,14127.78,2,6,3.0000
11777,5986.02,14035.00,0,0,0.0000
11778,5823.36,14348.40,NaN,NaN,NaN
11779,5990.52,14391.62,2,5,2.5000
11780,6091.81,14223.26,NaN,NaN,NaN
11781,5576.40,14649.43,NaN,NaN,NaN
11782,5548.69,14439.76,0,0,0.0000
11783,5720.18,14699.54,2,7,3.5000
11784,6215.66,14223.72,NaN,NaN,NaN
11785,5669.88,14638.24,NaN,NaN,NaN
11786,5631.87,14473.37,NaN,NaN,NaN
11787,5949.34,14358.50,0,0,0.0000
11788,5948.15,13981.62,NaN,NaN,NaN
11789,5524.42,14673.41,NaN,NaN,NaN
11790,5982.17,14455.78,0,0,0.0000
11791,6027.23,14396.32,NaN,NaN,NaN
11792,5794.27,14677.22,3,5,0.0000
11793,5951.27,14445.98,0,0,0.0000
11794,5587.75,14595.72,0,0,0.0000
11795,5780.57,14704.98,NaN,NaN,NaN
11796,5776.02,14295.10,0,0,0.0000
11797,5597.44,14036.27,0,0,0.0000
11798,5753.01,14660.39,NaN,NaN,NaN
11799,5596.27,14302.70,0,0,0.0000
11800,5555.16,14261.05,0,0,0.0000
11801,5840.11,14191.58,0,0,0.0000
11802,6243.45,14048.54,NaN,NaN,NaN
11803,6279.11,14203.61,NaN,NaN,NaN
11804,7756.28,14091.35,NaN,NaN,NaN
11805,7792.14,14505.61,NaN,NaN,NaN
11806,7760.89,14421.33,0,0,0.0000
11807,7755.01,14292.41,NaN,NaN,NaN
11808,7795.38,14670.28,0,0,0.0000
11809,7600.39,14497.54,NaN,NaN,NaN
11810,7727.68,14228.89,0,0,0.0000
11811,7627.31,14682.27,3,5,0.0000
11812,7714.96,14314.27,NaN,NaN,NaN
11813,7617.89,14567.17,0,0,0.0000
11814,7710.87,14433.26,0,0,0.0000
11815,7699.80,14194.59,0,0,0.0000
11816,7679.78,14308.41,NaN,NaN,NaN
11817,7805.14,14303.75,0,0,0.0000
11818,7964.97,14698.74,NaN,NaN,NaN
11819,7834.97,14388.22,2,1,0.0000
11820,8221.96,14086.32,NaN,NaN,NaN
11821,7867.45,14599.67,NaN,NaN,NaN
11822,7811.96,14393.98,NaN,NaN,NaN
11823,8268.26,14039.86,0,0,0.0000
11824,7922.77,14591.32,NaN,NaN,NaN
11825,8287.56,13967.64,NaN,NaN,NaN
11826,7815.94,14245.60,0,0,0.0000
11827,7896.37,14404.14,0,0,0.0000
11828,8166.68,14097.38,NaN,NaN,NaN
11829,7896.54,14476.46,2,2,0.0000
11830,7869.66,14337.23,NaN,NaN,NaN
11831,7822.05,14614.98,2,6,3.0000
11832,7879.99,14273.74,NaN,NaN,NaN
11833,7841.34,14528.44,2,4,2.0000
11834,8262.78,14107.04,0,0,0.0000
11835,8101.60,14156.96,NaN,NaN,NaN
11836,7863.81,14223.15,0,0,0.0000
11837,8184.83,14023.66,3,3,0.0000
11838,7900.09,14653.85,2,2,0.0000
11839,9407.29,13993.74,NaN,NaN,NaN
11840,9466.08,13958.32,0,0,0.0000
11841,9461.06,14046.10,NaN,NaN,NaN
11842,11629.91,14568.12,NaN,NaN,NaN
11843,11464.20,14453.73,NaN,NaN,NaN
11844,11596.58,14212.11,2,2,0.0000
11845,11572.96,14277.64,3,8,2.6667
11846,11557.07,14426.14,NaN,NaN,NaN
11847,11519.43,14347.75,3,4,0.0000
11848,11590.97,14666.18,NaN,NaN,NaN
11849,11511.69,14301.56,0,0,0.0000
11850,11623.33,14394.09,0,0,0.0000
11851,11637.93,14435.97,0,0,0.0000
11852,11367.58,14551.25,0,0,0.0000
11853,11531.22,14253.95,0,0,0.0000
11854,12031.66,14450.74,2,5,2.5000
11855,11972.13,13998.06,NaN,NaN,NaN
11856,12319.15,14274.83,2,1,0.0000
11857,12049.25,14193.61,3,4,0.0000
11858,11981.19,14305.50,NaN,NaN,NaN
11859,12252.46,14474.54,NaN,NaN,NaN
11860,11743.88,14517.66,NaN,NaN,NaN
11861,11677.17,14120.97,2,7,3.5000
11862,12339.52,14155.70,2,3,0.0000
11863,12134.99,14009.04,NaN,NaN,NaN
11864,12202.21,14335.58,2,5,2.5000
11865,11730.92,14253.91,NaN,NaN,NaN
11866,12127.48,14570.15,NaN,NaN,NaN
11867,12218.45,14585.99,NaN,NaN,NaN
11868,12262.33,14024.10,NaN,NaN,NaN
11869,11710.52,14362.69,NaN,NaN,NaN
11870,11739.77,14698.00,NaN,NaN,NaN
11871,11909.75,14565.37,NaN,NaN,NaN
11872,11826.18,14098.47,2,2,0.0000
11873,12166.07,14192.82,3,10,3.3333
11874,11891.50,13954.88,2,6,3.0000
11875,12341.40,14562.21,2,1,0.0000
11876,11656.05,14321.69,2,4,2.0000
11877,11845.98,14667.82,NaN,NaN,NaN
11878,11755.08,14139.48,0,0,0.0000
11879,12129.65,14269.53,NaN,NaN,NaN
11880,11935.35,14234.02,NaN,NaN,NaN
11881,11903.47,14486.87,NaN,NaN,NaN
11882,11784.38,14632.20,NaN,NaN,NaN
11883,11752.91,14002.00,NaN,NaN,NaN
11884,12400.12,14522.66,3,5,0.0000
11885,12368.85,14033.85,2,4,2.0000
11886,11983.44,14635.91,0,0,0.0000
11887,12057.82,14618.65,0,0,0.0000
11888,11658.77,14479.28,0,0,0.0000
11889,12394.86,14355.35,0,0,0.0000
11890,12397.76,14606.21,NaN,NaN,NaN
11891,12055.08,14012.55,NaN,NaN,NaN
11892,12154.21,14492.14,2,6,3.0000
11893,11822.76,14439.06,2,3,0.0000
11894,12397.51,14272.63,2,1,0.0000
11895,11789.75,14320.10,0,0,0.0000
11896,11874.99,14398.14,0,0,0.0000
11897,11930.36,14374.87,3,7,2.3333
11898,12260.86,14066.98,NaN,NaN,NaN
11899,12016.41,14706.79,0,0,0.0000
11900,12242.71,14198.89,NaN,NaN,NaN
11901,12197.09,14117.09,0,0,0.0000
11902,12090.98,14697.46,0,0,0.0000
11903,11835.19,14511.62,2,3,0.0000
11904,11787.30,14382.39,NaN,NaN,NaN
11905,11658.52,14659.42,NaN,NaN,NaN
11906,12147.91,14444.24,NaN,NaN,NaN
11907,12282.72,14552.02,NaN,NaN,NaN
11908,12355.92,14463.48,0,0,0.0000
11909,12033.26,14661.51,0,0,0.0000
11910,11808.38,14573.48,NaN,NaN,NaN
11911,12383.10,14690.23,0,0,0.0000
11912,12317.81,14441.11,2,4,2.0000
11913,12400.85,14079.04,NaN,NaN,NaN
11914,12302.79,14631.52,0,0,0.0000
11915,12100.76,14094.81,2,6,3.0000
11916,11936.53,14156.78,0,0,0.0000
11917,11711.25,14628.52,NaN,NaN,NaN
11918,13091.22,14269.60,4,7,0.0000
11919,12792.14,14076.98,NaN,NaN,NaN
11920,12744.77,14252.09,2,4,2.0000
11921,13009.91,14151.46,NaN,NaN,NaN
11922,12493.69,14195.80,3,4,0.0000
11923,13021.63,14410.97,0,0,0.0000
11924,12428.71,14150.37,NaN,NaN,NaN
11925,12483.54,14548.28,NaN,NaN,NaN
11926,13019.46,14608.82,2,4,2.0000
11927,12613.20,14502.30,NaN,NaN,NaN
11928,12671.42,14534.01,0,0,0.0000
11929,12919.93,14358.27,NaN,NaN,NaN
11930,12606.34,14165.66,NaN,NaN,NaN
11931,12715.12,14000.73,NaN,NaN,NaN
11932,12627.26,14058.98,NaN,NaN,NaN
11933,13110.00,14007.22,NaN,NaN,NaN
11934,12916.83,14262.75,0,0,0.0000
11935,12918.66,14121.44,0,0,0.0000
11936,12578.00,13980.53,NaN,NaN,NaN
11937,13031.40,14021.68,2,4,2.0000
11938,13099.02,14553.82,NaN,NaN,NaN
11939,12762.17,14517.92,NaN,NaN,NaN
11940,12848.31,14321.65,0,0,0.0000
11941,12891.95,14528.84,NaN,NaN,NaN
11942,12938.85,13993.14,0,0,0.0000
11943,12972.80,14068.09,NaN,NaN,NaN
11944,12550.20,14480.81,0,0,0.0000
11945,12724.05,14396.74,NaN,NaN,NaN
11946,12633.54,14428.28,0,0,0.0000
11947,12557.51,14345.94,0,0,0.0000
11948,12468.21,14443.53,NaN,NaN,NaN
11949,13102.09,14496.15,NaN,NaN,NaN
11950,12935.97,14427.53,NaN,NaN,NaN
11951,12980.99,14526.80,0,0,0.0000
11952,12807.56,14445.29,NaN,NaN,NaN
11953,12469.23,14276.23,0,0,0.0000
11954,12798.03,13968.01,2,5,2.5000
11955,12431.60,14403.55,NaN,NaN,NaN
11956,13097.40,14110.68,2,3,0.0000
11957,12843.88,14392.98,NaN,NaN,NaN
11958,12998.16,14474.30,NaN,NaN,NaN
11959,12860.73,14480.55,0,0,0.0000
11960,13167.37,14506.72,NaN,NaN,NaN
11961,12529.20,14286.21,NaN,NaN,NaN
11962,12699.61,14352.76,NaN,NaN,NaN
11963,12700.01,14158.65,0,0,0.0000
11964,13102.38,14644.87,0,0,0.0000
11965,12466.67,14502.90,0,0,0.0000
11966,12476.48,14360.34,0,0,0.0000
11967,12561.78,14586.71,0,0,0.0000
11968,12517.06,14026.06,0,0,0.0000
11969,13207.93,14093.81,0,0,0.0000
11970,13189.04,14342.49,3,4,0.0000
11971,13200.59,13952.10,3,7,2.3333
11972,13402.25,14075.31,NaN,NaN,NaN
11973,13338.42,14596.62,NaN,NaN,NaN
11974,13510.73,14383.88,NaN,NaN,NaN
11975,13448.00,14184.88,NaN,NaN,NaN
11976,13411.19,14485.97,NaN,NaN,NaN
11977,13277.50,14445.81,2,5,2.5000
11978,13209.44,14598.91,NaN,NaN,NaN
11979,13298.18,14143.46,NaN,NaN,NaN
11980,13356.23,13960.66,NaN,NaN,NaN
11981,13500.59,14064.76,NaN,NaN,NaN
11982,13403.51,14401.19,NaN,NaN,NaN
11983,13592.73,14179.72,0,0,0.0000
11984,13228.04,14523.65,NaN,NaN,NaN
11985,13442.53,14347.20,NaN,NaN,NaN
11986,13592.36,13970.49,2,1,0.0000
11987,13510.99,14153.44,NaN,NaN,NaN
11988,13407.34,14279.21,NaN,NaN,NaN
11989,13271.22,14268.67,NaN,NaN,NaN
11990,13488.10,14303.34,0,0,0.0000
11991,13350.12,14275.36,NaN,NaN,NaN
11992,13476.87,14253.48,NaN,NaN,NaN
11993,13337.88,14378.84,NaN,NaN,NaN
11994,13322.41,14219.62,NaN,NaN,NaN
11995,13352.29,14168.07,NaN,NaN,NaN
11996,13417.03,13965.60,0,0,0.0000
11997,13280.80,14554.42,NaN,NaN,NaN
11998,13334.14,14534.45,NaN,NaN,NaN
11999,13572.46,14015.67,0,0,0.0000
12000,13217.59,14444.31,0,0,0.0000
12001,13309.29,14065.36,0,0,0.0000
12002,16295.91,14337.71,0,0,0.0000
12003,16337.79,14288.55,NaN,NaN,NaN
12004,16283.57,14266.08,0,0,0.0000
12005,16234.24,14406.90,0,0,0.0000
12006,794.48,14972.92,NaN,NaN,NaN
12007,651.00,15069.03,2,5,2.5000
12008,506.12,14923.48,3,3,0.0000
12009,480.91,15344.63,2,1,0.0000
12010,710.53,14777.91,NaN,NaN,NaN
12011,455.18,15475.60,NaN,NaN,NaN
12012,504.21,14757.07,NaN,NaN,NaN
12013,420.89,14742.43,NaN,NaN,NaN
12014,419.76,14939.31,NaN,NaN,NaN
12015,504.41,14820.62,2,2,0.0000
12016,132.07,15390.35,NaN,NaN,NaN
12017,179.73,14925.30,NaN,NaN,NaN
12018,662.26,14928.77,NaN,NaN,NaN
12019,120.98,15480.93,NaN,NaN,NaN
12020,53.31,15405.79,NaN,NaN,NaN
12021,804.49,14869.40,NaN,NaN,NaN
12022,872.64,15032.71,NaN,NaN,NaN
12023,831.62,14764.09,NaN,NaN,NaN
12024,442.60,15403.51,3,4,0.0000
12025,530.28,15426.40,0,0,0.0000
12026,64.85,15474.68,3,3,0.0000
12027,876.76,14854.48,5,3,0.0000
12028,737.64,15133.54,0,0,0.0000
12029,891.97,14760.19,NaN,NaN,NaN
12030,396.78,14854.05,0,0,0.0000
12031,540.98,15303.52,0,0,0.0000
12032,59.52,15239.83,NaN,NaN,NaN
12033,645.07,14981.22,NaN,NaN,NaN
12034,602.83,14880.78,0,0,0.0000
12035,644.14,15306.88,0,0,0.0000
12036,822.77,15106.55,NaN,NaN,NaN
12037,545.49,15363.38,2,2,0.0000
12038,376.30,14793.28,0,0,0.0000
12039,783.60,14821.78,NaN,NaN,NaN
12040,538.54,15019.29,NaN,NaN,NaN
12041,731.11,15052.03,0,0,0.0000
12042,723.40,14864.62,NaN,NaN,NaN
12043,495.14,14985.83,NaN,NaN,NaN
12044,884.25,15127.39,2,1,0.0000
12045,593.61,15287.01,NaN,NaN,NaN
12046,654.41,14739.05,NaN,NaN,NaN
12047,65.02,15180.88,NaN,NaN,NaN
12048,821.69,15174.81,NaN,NaN,NaN
12049,49.01,15346.16,2,3,0.0000
12050,160.18,15445.08,NaN,NaN,NaN
12051,467.00,15014.96,0,0,0.0000
12052,125.73,14869.25,2,3,0.0000
12053,77.10,15329.73,NaN,NaN,NaN
12054,647.53,15361.98,NaN,NaN,NaN
12055,659.32,14842.07,NaN,NaN,NaN
12056,786.23,14771.63,3,3,0.0000
12057,361.75,14917.71,0,0,0.0000
12058,592.21,15334.10,NaN,NaN,NaN
12059,688.10,14895.91,0,0,0.0000
12060,1613.40,15424.05,NaN,NaN,NaN
12061,1547.08,15011.16,3,4,0.0000
12062,1390.47,15180.02,NaN,NaN,NaN
12063,975.45,14942.91,2,4,2.0000
12064,1074.91,14955.38,NaN,NaN,NaN
12065,1532.25,15281.35,2,3,0.0000
12066,1398.15,14905.59,2,3,0.0000
12067,1050.46,14830.87,NaN,NaN,NaN
12068,1157.07,14871.11,0,0,0.0000
12069,1458.83,14786.32,NaN,NaN,NaN
12070,976.53,14865.85,NaN,NaN,NaN
12071,1113.98,14909.09,0,0,0.0000
12072,1293.31,15019.46,NaN,NaN,NaN
12073,1097.08,14781.81,2,4,2.0000
12074,1427.27,15008.97,NaN,NaN,NaN
12075,1487.25,15084.67,NaN,NaN,NaN
12076,1366.73,15004.21,NaN,NaN,NaN
12077,1526.24,14825.40,5,10,2.0000
12078,1346.53,15246.88,0,0,0.0000
12079,1325.31,14784.75,NaN,NaN,NaN
12080,929.70,15018.73,0,0,0.0000
12081,1135.99,15266.43,NaN,NaN,NaN
12082,1597.21,14924.13,NaN,NaN,NaN
12083,1511.93,15349.79,NaN,NaN,NaN
12084,1419.21,15355.63,NaN,NaN,NaN
12085,1565.10,15137.94,NaN,NaN,NaN
12086,1470.83,15181.87,2,6,3.0000
12087,1652.98,15328.52,0,0,0.0000
12088,975.29,15045.90,2,2,0.0000
12089,1332.55,14927.03,NaN,NaN,NaN
12090,1592.96,14826.01,NaN,NaN,NaN
12091,1278.68,14940.47,NaN,NaN,NaN
12092,1252.51,14761.92,2,3,0.0000
12093,1058.60,15103.53,NaN,NaN,NaN
12094,1165.65,14968.45,0,0,0.0000
12095,1472.38,14880.09,0,0,0.0000
12096,1393.98,14835.04,0,0,0.0000
12097,1040.99,15011.67,NaN,NaN,NaN
12098,1393.76,14781.37,NaN,NaN,NaN
12099,1517.72,15393.96,NaN,NaN,NaN
12100,1223.68,15009.18,NaN,NaN,NaN
12101,1622.20,14994.98,0,0,0.0000
12102,1182.31,14820.42,NaN,NaN,NaN
12103,1244.18,14831.58,NaN,NaN,NaN
12104,1074.97,15195.13,NaN,NaN,NaN
12105,1187.17,14763.54,0,0,0.0000
12106,1659.63,15129.37,0,0,0.0000
12107,1479.51,14965.06,0,0,0.0000
12108,1086.50,15283.76,NaN,NaN,NaN
12109,1386.77,15111.82,NaN,NaN,NaN
12110,1603.44,15096.06,NaN,NaN,NaN
12111,1629.19,15241.86,NaN,NaN,NaN
12112,1547.49,15180.51,0,0,0.0000
12113,927.19,14828.58,NaN,NaN,NaN
12114,1442.80,15113.68,3,3,0.0000
12115,1478.65,15417.67,NaN,NaN,NaN
12116,1335.75,15141.81,0,0,0.0000
12117,1303.24,14866.02,NaN,NaN,NaN
12118,1443.88,15254.63,0,0,0.0000
12119,909.20,14932.46,0,0,0.0000
12120,1301.65,14830.81,2,4,2.0000
12121,1612.98,15050.58,0,0,0.0000
12122,1534.29,14905.09,NaN,NaN,NaN
12123,1614.80,15167.91,NaN,NaN,NaN
12124,1585.22,15355.27,NaN,NaN,NaN
12125,1244.11,14881.65,NaN,NaN,NaN
12126,1318.83,15093.56,0,0,0.0000
12127,1518.16,15213.78,NaN,NaN,NaN
12128,1539.05,15084.01,0,0,0.0000
12129,1692.28,15214.55,NaN,NaN,NaN
12130,1892.78,15484.84,3,1,0.0000
12131,1812.74,14735.13,NaN,NaN,NaN
12132,1749.54,15424.36,NaN,NaN,NaN
12133,1813.26,15410.81,NaN,NaN,NaN
12134,1893.81,14851.82,NaN,NaN,NaN
12135,2013.38,15318.45,NaN,NaN,NaN
12136,1783.91,15253.88,NaN,NaN,NaN
12137,1868.50,15401.19,2,2,0.0000
12138,1667.64,14913.53,NaN,NaN,NaN
12139,1849.79,14999.46,NaN,NaN,NaN
12140,1831.15,14833.09,0,0,0.0000
12141,1697.72,14979.69,2,3,0.0000
12142,1723.25,15102.83,0,0,0.0000
12143,1743.39,15302.63,NaN,NaN,NaN
12144,1821.03,14922.88,0,0,0.0000
12145,1941.88,14919.28,NaN,NaN,NaN
12146,1756.21,15150.08,0,0,0.0000
12147,1715.16,15032.66,NaN,NaN,NaN
12148,2034.82,15257.41,NaN,NaN,NaN
12149,2053.16,15360.92,3,3,0.0000
12150,1812.58,15310.98,0,0,0.0000
12151,1669.76,15069.16,0,0,0.0000
12152,1776.31,15354.65,0,0,0.0000
12153,1976.57,15240.29,0,0,0.0000
12154,3942.70,14947.90,3,3,0.0000
12155,3882.54,14809.19,0,0,0.0000
12156,3840.75,14873.09,NaN,NaN,NaN
12157,3962.36,14847.27,2,3,0.0000
12158,3914.64,14748.33,NaN,NaN,NaN
12159,3769.02,14825.00,2,3,0.0000
12160,4239.78,14998.14,NaN,NaN,NaN
12161,4184.34,15089.33,NaN,NaN,NaN
12162,4126.57,14735.52,2,2,0.0000
12163,4085.13,14950.59,NaN,NaN,NaN
12164,4564.94,15467.18,NaN,NaN,NaN
12165,4240.33,14742.48,NaN,NaN,NaN
12166,4585.78,15240.41,NaN,NaN,NaN
12167,4505.02,15259.46,0,0,0.0000
12168,4463.69,14816.14,NaN,NaN,NaN
12169,4404.66,15355.81,0,0,0.0000
12170,4176.11,14825.59,NaN,NaN,NaN
12171,4389.50,14840.22,4,5,0.0000
12172,4342.01,14919.62,0,0,0.0000
12173,4374.07,15187.21,NaN,NaN,NaN
12174,4089.04,15077.27,2,3,0.0000
12175,4619.91,14788.05,0,0,0.0000
12176,4703.22,15198.02,NaN,NaN,NaN
12177,4036.68,15025.34,0,0,0.0000
12178,4443.91,15224.29,NaN,NaN,NaN
12179,4663.28,15447.48,2,3,0.0000
12180,4200.22,14905.07,NaN,NaN,NaN
12181,4586.65,15345.57,NaN,NaN,NaN
12182,4280.26,14872.18,2,5,2.5000
12183,4455.31,15059.11,NaN,NaN,NaN
12184,4355.65,14996.08,NaN,NaN,NaN
12185,4511.79,15057.66,NaN,NaN,NaN
12186,4667.60,14900.55,0,0,0.0000
12187,4402.85,14753.56,5,6,0.0000
12188,4491.47,14746.64,NaN,NaN,NaN
12189,4327.64,14753.66,0,0,0.0000
12190,3986.83,14722.55,3,4,0.0000
12191,4541.31,14907.01,3,2,0.0000
12192,4429.45,14974.41,0,0,0.0000
12193,4029.65,14842.29,0,0,0.0000
12194,4617.63,14987.05,0,0,0.0000
12195,4488.93,15475.64,0,0,0.0000
12196,4541.76,15139.49,2,2,0.0000
12197,4565.55,15071.33,NaN,NaN,NaN
12198,4263.41,15260.05,NaN,NaN,NaN
12199,4336.23,15288.32,0,0,0.0000
12200,4688.29,15367.77,2,2,0.0000
12201,4394.00,15097.52,NaN,NaN,NaN
12202,4183.55,15229.78,NaN,NaN,NaN
12203,4675.92,15304.29,NaN,NaN,NaN
12204,4695.61,15066.31,NaN,NaN,NaN
12205,4105.08,15140.95,3,5,0.0000
12206,4623.81,15415.57,0,0,0.0000
12207,4640.57,15162.86,2,3,0.0000
12208,4425.21,15485.10,0,0,0.0000
12209,4390.40,15434.47,0,0,0.0000
12210,4635.67,14843.39,NaN,NaN,NaN
12211,4339.53,15073.54,0,0,0.0000
12212,4303.34,15136.00,NaN,NaN,NaN
12213,4636.86,15058.83,0,0,0.0000
12214,4703.26,14843.06,0,0,0.0000
12215,4295.92,15200.26,2,5,2.5000
12216,4200.45,15186.17,NaN,NaN,NaN
12217,4705.72,14935.66,NaN,NaN,NaN
12218,4261.71,15103.68,0,0,0.0000
12219,4580.79,15021.68,NaN,NaN,NaN
12220,4731.89,15286.50,0,0,0.0000
12221,4345.58,15386.35,2,3,0.0000
12222,4733.05,15131.71,NaN,NaN,NaN
12223,4567.83,14770.75,NaN,NaN,NaN
12224,4382.89,15255.23,NaN,NaN,NaN
12225,4035.07,14756.73,2,3,0.0000
12226,4674.84,15123.30,0,0,0.0000
12227,4519.46,14854.47,0,0,0.0000
12228,4088.89,15205.69,0,0,0.0000
12229,4456.78,15141.00,NaN,NaN,NaN
12230,4448.45,15428.01,0,0,0.0000
12231,4689.21,15004.05,0,0,0.0000
12232,4283.92,15319.54,NaN,NaN,NaN
12233,4439.84,14930.54,NaN,NaN,NaN
12234,4679.41,14807.75,0,0,0.0000
12235,4600.26,15172.12,NaN,NaN,NaN
12236,4602.15,14921.94,2,1,0.0000
12237,4484.28,14943.27,0,0,0.0000
12238,4516.52,15343.14,0,0,0.0000
12239,4662.84,15253.49,0,0,0.0000
12240,4005.05,14772.46,0,0,0.0000
12241,4551.68,14828.29,4,4,0.0000
12242,5035.18,15064.81,0,0,0.0000
12243,5488.45,15469.62,NaN,NaN,NaN
12244,4797.89,15066.12,0,0,0.0000
12245,5371.65,15402.40,NaN,NaN,NaN
12246,5066.19,15435.03,NaN,NaN,NaN
12247,5309.37,15307.54,NaN,NaN,NaN
12248,5340.42,15026.24,NaN,NaN,NaN
12249,4850.90,15231.83,NaN,NaN,NaN
12250,4747.89,15395.70,2,7,3.5000
12251,5243.15,14979.93,2,3,0.0000
12252,5046.35,15313.65,2,5,2.5000
12253,4932.21,14786.09,NaN,NaN,NaN
12254,5229.64,15152.29,2,4,2.0000
12255,4780.40,14862.45,0,0,0.0000
12256,4818.15,14782.55,3,6,2.0000
12257,5328.42,15122.51,NaN,NaN,NaN
12258,5314.22,14907.51,NaN,NaN,NaN
12259,5053.14,14917.53,2,2,0.0000
12260,5170.54,14919.74,NaN,NaN,NaN
12261,4791.99,15154.81,NaN,NaN,NaN
12262,4887.82,15019.26,0,0,0.0000
12263,5407.05,15198.32,0,0,0.0000
12264,4803.27,14918.04,0,0,0.0000
12265,5094.53,15016.37,4,5,0.0000
12266,5086.38,15162.72,2,2,0.0000
12267,5273.16,14760.81,NaN,NaN,NaN
12268,4922.54,15209.54,3,3,0.0000
12269,4961.07,14926.37,0,0,0.0000
12270,5501.19,15121.26,0,0,0.0000
12271,5249.45,15076.58,NaN,NaN,NaN
12272,4833.61,15383.57,NaN,NaN,NaN
12273,4896.23,15426.16,0,0,0.0000
12274,4827.64,15453.00,NaN,NaN,NaN
12275,4741.06,14748.69,NaN,NaN,NaN
12276,5100.71,14737.65,0,0,0.0000
12277,4930.98,15049.98,0,0,0.0000
12278,5036.13,14857.13,2,1,0.0000
12279,5403.29,15053.79,NaN,NaN,NaN
12280,5202.33,15327.31,NaN,NaN,NaN
12281,4930.38,15365.40,2,2,0.0000
12282,5060.57,14790.16,0,0,0.0000
12283,4796.19,15260.10,NaN,NaN,NaN
12284,4745.38,15483.70,NaN,NaN,NaN
12285,4919.19,14846.15,0,0,0.0000
12286,4991.57,15183.34,NaN,NaN,NaN
12287,4750.46,14977.14,2,4,2.0000
12288,4892.27,15129.96,NaN,NaN,NaN
12289,5013.41,15457.48,NaN,NaN,NaN
12290,5127.76,15294.47,0,0,0.0000
12291,5356.34,15358.74,NaN,NaN,NaN
12292,5343.34,15484.92,NaN,NaN,NaN
12293,5120.09,14951.28,NaN,NaN,NaN
12294,5472.86,15011.74,0,0,0.0000
12295,5485.54,15210.85,NaN,NaN,NaN
12296,5148.27,15163.97,3,6,2.0000
12297,5407.07,14894.66,NaN,NaN,NaN
12298,5109.24,14853.06,0,0,0.0000
12299,5301.67,15224.03,2,7,3.5000
12300,5150.93,14817.87,0,0,0.0000
12301,4952.96,15115.02,NaN,NaN,NaN
12302,5212.13,14863.01,3,3,0.0000
12303,4819.32,14976.14,0,0,0.0000
12304,5446.69,14945.94,0,0,0.0000
12305,5366.92,14853.15,0,0,0.0000
12306,5368.57,14950.69,NaN,NaN,NaN
12307,5092.50,15374.82,NaN,NaN,NaN
12308,4989.63,15377.16,NaN,NaN,NaN
12309,5162.47,14765.23,0,0,0.0000
12310,4892.26,14752.76,0,0,0.0000
12311,5260.97,14828.91,NaN,NaN,NaN
12312,5350.68,14802.77,NaN,NaN,NaN
12313,5067.52,15231.40,NaN,NaN,NaN
12314,5418.65,15318.26,2,5,2.5000
12315,5183.02,15038.48,0,0,0.0000
12316,5429.77,15272.52,NaN,NaN,NaN
12317,5252.05,15437.91,0,0,0.0000
12318,5004.50,15239.20,NaN,NaN,NaN
12319,5350.14,15193.38,0,0,0.0000
12320,5236.16,15270.50,0,0,0.0000
12321,4816.00,15322.59,NaN,NaN,NaN
12322,5157.98,15221.56,NaN,NaN,NaN
12323,4948.94,15264.15,NaN,NaN,NaN
12324,4951.09,15457.41,NaN,NaN,NaN
12325,5469.21,14876.64,0,0,0.0000
12326,5152.40,15068.52,0,0,0.0000
12327,5193.49,15410.76,0,0,0.0000
12328,5269.53,15395.54,0,0,0.0000
12329,5112.52,15226.98,NaN,NaN,NaN
12330,5376.43,15260.86,0,0,0.0000
12331,4934.49,15310.00,NaN,NaN,NaN
12332,5195.09,15471.51,0,0,0.0000
12333,4768.89,15308.65,2,4,2.0000
12334,4839.73,15014.52,0,0,0.0000
12335,5231.13,15391.08,NaN,NaN,NaN
12336,5446.23,15093.04,0,0,0.0000
12337,4753.34,15086.48,NaN,NaN,NaN
12338,5461.39,15160.62,0,0,0.0000
12339,5263.89,14894.26,0,0,0.0000
12340,5304.35,14808.29,0,0,0.0000
12341,4877.13,15321.87,NaN,NaN,NaN
12342,5401.65,15127.37,0,0,0.0000
12343,4952.84,14971.64,NaN,NaN,NaN
12344,4994.12,15282.77,0,0,0.0000
12345,5625.60,15146.98,2,9,4.5000
12346,5531.06,14926.56,0,0,0.0000
12347,5573.88,15060.36,NaN,NaN,NaN
12348,5616.56,15267.22,NaN,NaN,NaN
12349,5521.67,15270.06,NaN,NaN,NaN
12350,5533.88,15381.24,0,0,0.0000
12351,5678.94,15044.39,NaN,NaN,NaN
12352,5842.77,14865.06,NaN,NaN,NaN
12353,5728.90,14808.88,NaN,NaN,NaN
12354,5781.75,14824.96,2,3,0.0000
12355,5684.65,14766.00,NaN,NaN,NaN
12356,5834.15,14779.49,2,3,0.0000
12357,5674.73,15279.50,NaN,NaN,NaN
12358,5621.07,14895.19,2,4,2.0000
12359,5665.02,14836.35,NaN,NaN,NaN
12360,5601.92,14984.47,NaN,NaN,NaN
12361,5724.50,15209.34,0,0,0.0000
12362,5701.65,15168.30,0,0,0.0000
12363,5792.48,14886.62,NaN,NaN,NaN
12364,5723.07,15049.23,NaN,NaN,NaN
12365,5883.67,14831.07,NaN,NaN,NaN
12366,5681.51,14939.33,3,4,0.0000
12367,5535.22,15172.77,0,0,0.0000
12368,5628.71,14857.04,NaN,NaN,NaN
12369,5508.23,15320.92,0,0,0.0000
12370,5717.14,15294.22,NaN,NaN,NaN
12371,5753.85,14972.22,NaN,NaN,NaN
12372,5636.69,15043.80,NaN,NaN,NaN
12373,5670.64,15211.05,0,0,0.0000
12374,5741.22,14871.82,2,4,2.0000
12375,5583.99,15440.85,0,0,0.0000
12376,7632.41,14741.06,NaN,NaN,NaN
12377,7485.00,14729.11,NaN,NaN,NaN
12378,7926.49,14815.03,0,0,0.0000
12379,7975.16,14896.40,2,4,2.0000
12380,7988.84,14793.19,NaN,NaN,NaN
12381,7874.64,14832.24,3,4,0.0000
12382,8064.55,14829.79,0,0,0.0000
12383,8044.37,14760.96,NaN,NaN,NaN
12384,7858.02,14761.08,NaN,NaN,NaN
12385,7917.03,15069.88,0,0,0.0000
12386,7901.22,14764.28,NaN,NaN,NaN
12387,8127.90,15448.54,0,0,0.0000
12388,7913.82,14892.86,2,5,2.5000
12389,8125.79,15356.20,0,0,0.0000
12390,7928.33,15110.23,0,0,0.0000
12391,11845.84,14751.02,2,2,0.0000
12392,11935.37,14759.52,0,0,0.0000
12393,12361.95,14911.51,0,0,0.0000
12394,11796.59,14834.82,0,0,0.0000
12395,12114.65,14727.25,NaN,NaN,NaN
12396,12075.48,14752.86,0,0,0.0000
12397,12533.68,15428.13,NaN,NaN,NaN
12398,12788.37,15387.00,NaN,NaN,NaN
12399,12929.01,15474.32,2,2,0.0000
12400,12666.94,15441.96,NaN,NaN,NaN
12401,12592.44,15384.67,3,4,0.0000
12402,12595.18,15335.36,NaN,NaN,NaN
12403,13123.12,15485.12,0,0,0.0000
12404,12907.52,15395.79,0,0,0.0000
12405,12418.74,15413.55,NaN,NaN,NaN
12406,13884.44,15447.96,NaN,NaN,NaN
12407,13935.18,15253.72,NaN,NaN,NaN
12408,13836.55,15301.08,NaN,NaN,NaN
12409,13769.50,15383.59,NaN,NaN,NaN
12410,13847.49,15385.16,0,0,0.0000
12411,13761.38,15481.29,NaN,NaN,NaN
12412,13875.76,15207.74,3,3,0.0000
12413,13935.41,15337.82,3,5,0.0000
12414,13770.30,15439.65,0,0,0.0000
12415,13766.40,15304.91,2,8,4.0000
12416,13712.71,15400.26,0,0,0.0000
12417,13977.20,14992.88,NaN,NaN,NaN
12418,14317.71,15008.25,NaN,NaN,NaN
12419,13982.90,15123.45,2,9,4.5000
12420,14070.85,15403.34,NaN,NaN,NaN
12421,14252.17,15163.27,NaN,NaN,NaN
12422,14040.21,15186.01,NaN,NaN,NaN
12423,14114.69,15250.62,0,0,0.0000
12424,14228.48,15251.54,NaN,NaN,NaN
12425,14009.59,15288.14,NaN,NaN,NaN
12426,14133.39,15354.02,0,0,0.0000
12427,14005.78,15384.16,NaN,NaN,NaN
12428,14123.36,15119.96,0,0,0.0000
12429,14148.55,15174.61,NaN,NaN,NaN
12430,14355.44,14867.69,NaN,NaN,NaN
12431,14416.51,14955.12,NaN,NaN,NaN
12432,14514.45,14827.54,NaN,NaN,NaN
12433,14144.12,15047.93,3,4,0.0000
12434,14179.20,15320.66,0,0,0.0000
12435,14439.65,14848.30,NaN,NaN,NaN
12436,14502.12,14925.14,2,2,0.0000
12437,14156.26,14986.56,NaN,NaN,NaN
12438,14408.37,14903.99,2,5,2.5000
12439,14232.66,15067.25,NaN,NaN,NaN
12440,14499.41,14859.94,NaN,NaN,NaN
12441,14221.40,15018.10,0,0,0.0000
12442,14139.00,15420.86,0,0,0.0000
12443,14180.84,15079.02,2,5,2.5000
12444,14042.15,15050.47,0,0,0.0000
12445,14481.53,14886.13,0,0,0.0000
12446,14462.80,14898.86,NaN,NaN,NaN
12447,15402.07,15484.70,NaN,NaN,NaN
12448,15250.43,15472.26,2,3,0.0000
12449,14977.77,15473.77,2,4,2.0000
12450,15207.87,15399.30,2,7,3.5000
12451,15151.35,15415.20,0,0,0.0000
12452,14981.77,15403.39,0,0,0.0000
12453,15354.45,15419.82,NaN,NaN,NaN
12454,746.84,15998.22,NaN,NaN,NaN
12455,831.41,16312.60,NaN,NaN,NaN
12456,743.60,16304.12,2,2,0.0000
12457,789.12,16284.21,2,2,0.0000
12458,530.99,15502.38,NaN,NaN,NaN
12459,799.99,16095.02,NaN,NaN,NaN
12460,890.47,16136.77,2,3,0.0000
12461,565.17,16217.81,2,4,2.0000
12462,112.33,15842.63,NaN,NaN,NaN
12463,128.46,15791.59,NaN,NaN,NaN
12464,740.14,15776.47,0,0,0.0000
12465,100.71,15652.91,NaN,NaN,NaN
12466,859.74,16060.71,0,0,0.0000
12467,894.17,15863.47,2,4,2.0000
12468,713.15,16123.89,0,0,0.0000
12469,26.83,16050.92,NaN,NaN,NaN
12470,629.91,16195.47,0,0,0.0000
12471,59.24,15532.84,2,3,0.0000
12472,778.98,15874.22,NaN,NaN,NaN
12473,666.97,16260.64,NaN,NaN,NaN
12474,46.33,15851.37,3,3,0.0000
12475,614.94,16317.25,NaN,NaN,NaN
12476,839.60,16171.73,0,0,0.0000
12477,571.04,16282.71,2,2,0.0000
12478,831.79,15949.62,NaN,NaN,NaN
12479,38.73,15636.21,0,0,0.0000
12480,655.68,16342.28,NaN,NaN,NaN
12481,156.89,15670.16,0,0,0.0000
12482,678.15,16034.73,NaN,NaN,NaN
12483,127.48,15727.56,0,0,0.0000
12484,123.84,15548.79,NaN,NaN,NaN
12485,693.91,16194.75,NaN,NaN,NaN
12486,482.24,16296.15,NaN,NaN,NaN
12487,170.87,15531.20,4,3,0.0000
12488,169.35,15601.15,NaN,NaN,NaN
12489,812.43,15802.98,0,0,0.0000
12490,180.04,15735.32,NaN,NaN,NaN
12491,83.16,15587.54,NaN,NaN,NaN
12492,47.96,15991.84,NaN,NaN,NaN
12493,892.15,15817.68,NaN,NaN,NaN
12494,705.08,15853.17,NaN,NaN,NaN
12495,783.58,15745.79,NaN,NaN,NaN
12496,643.97,16027.05,0,0,0.0000
12497,64.97,15682.93,NaN,NaN,NaN
12498,82.54,15952.42,0,0,0.0000
12499,122.75,15597.35,NaN,NaN,NaN
12500,830.20,16229.16,NaN,NaN,NaN
12501,446.69,16343.92,NaN,NaN,NaN
12502,622.68,16106.67,0,0,0.0000
12503,518.78,16335.74,2,3,0.0000
12504,785.61,16169.94,NaN,NaN,NaN
12505,433.42,16373.19,NaN,NaN,NaN
12506,1004.32,16261.25,NaN,NaN,NaN
12507,917.52,16254.30,NaN,NaN,NaN
12508,1445.32,16317.47,NaN,NaN,NaN
12509,950.41,16025.71,0,0,0.0000
12510,1245.43,16179.83,NaN,NaN,NaN
12511,1007.40,16116.36,0,0,0.0000
12512,1157.68,16178.72,NaN,NaN,NaN
12513,1218.05,16065.13,0,0,0.0000
12514,1339.05,16185.41,0,0,0.0000
12515,1050.98,16060.13,3,3,0.0000
12516,1135.03,16317.37,2,3,0.0000
12517,1535.26,16349.78,0,0,0.0000
12518,1218.96,15892.37,0,0,0.0000
12519,1037.11,15792.34,NaN,NaN,NaN
12520,1151.44,15914.44,NaN,NaN,NaN
12521,1262.07,16265.66,NaN,NaN,NaN
12522,1190.56,16274.43,NaN,NaN,NaN
12523,974.25,15924.38,NaN,NaN,NaN
12524,1151.95,16001.96,NaN,NaN,NaN
12525,1101.28,15881.80,NaN,NaN,NaN
12526,910.73,15927.02,0,0,0.0000
12527,1391.32,16262.92,2,2,0.0000
12528,1053.24,15908.29,2,4,2.0000
12529,1512.04,16219.07,NaN,NaN,NaN
12530,1047.70,16352.47,NaN,NaN,NaN
12531,1023.02,15848.96,0,0,0.0000
12532,1056.01,15959.62,NaN,NaN,NaN
12533,954.69,16150.89,0,0,0.0000
12534,1196.53,15981.63,0,0,0.0000
12535,976.16,16322.18,NaN,NaN,NaN
12536,1139.35,15842.02,NaN,NaN,NaN
12537,1113.78,15746.75,NaN,NaN,NaN
12538,1449.78,16370.66,NaN,NaN,NaN
12539,1064.20,16170.42,0,0,0.0000
12540,951.97,16363.20,2,4,2.0000
12541,898.83,16037.38,0,0,0.0000
12542,1019.40,15993.75,0,0,0.0000
12543,1104.71,16038.08,NaN,NaN,NaN
12544,1096.11,15997.18,0,0,0.0000
12545,1065.27,16237.28,0,0,0.0000
12546,1169.12,15716.25,NaN,NaN,NaN
12547,1133.86,15692.83,NaN,NaN,NaN
12548,1382.11,16210.98,NaN,NaN,NaN
12549,1067.69,16007.83,NaN,NaN,NaN
12550,941.41,15892.97,NaN,NaN,NaN
12551,1141.16,16067.74,0,0,0.0000
12552,1216.05,16344.46,2,1,0.0000
12553,2136.14,15800.39,NaN,NaN,NaN
12554,1814.89,15520.69,2,4,2.0000
12555,1777.99,16209.35,4,7,0.0000
12556,1741.04,15510.29,NaN,NaN,NaN
12557,1839.46,16196.24,NaN,NaN,NaN
12558,1682.48,16252.76,NaN,NaN,NaN
12559,1836.28,15578.20,NaN,NaN,NaN
12560,1740.36,16259.79,NaN,NaN,NaN
12561,1919.42,15566.68,NaN,NaN,NaN
12562,2415.84,16286.25,NaN,NaN,NaN
12563,1817.62,16324.38,0,0,0.0000
12564,2335.49,16257.25,NaN,NaN,NaN
12565,2363.26,16296.68,0,0,0.0000
12566,2172.95,15901.34,3,2,0.0000
12567,1854.17,15618.14,NaN,NaN,NaN
12568,2273.54,16343.61,NaN,NaN,NaN
12569,2366.84,16225.47,0,0,0.0000
12570,2415.35,16211.56,NaN,NaN,NaN
12571,2219.91,15848.14,0,0,0.0000
12572,2038.06,15772.43,3,2,0.0000
12573,1905.66,15625.73,NaN,NaN,NaN
12574,1871.38,16298.77,2,2,0.0000
12575,2108.01,15730.70,NaN,NaN,NaN
12576,2101.27,15681.89,0,0,0.0000
12577,1775.14,15603.12,0,0,0.0000
12578,1800.98,15642.61,0,0,0.0000
12579,2622.52,16335.42,2,5,2.5000
12580,2487.66,16270.35,NaN,NaN,NaN
12581,2530.15,16343.47,0,0,0.0000
12582,3175.14,15823.84,0,0,0.0000
12583,2574.34,16297.74,0,0,0.0000
12584,3330.36,16155.79,5,7,0.0000
12585,3320.29,16076.02,NaN,NaN,NaN
12586,3255.09,16037.25,0,0,0.0000
12587,3338.04,16226.82,NaN,NaN,NaN
12588,3275.32,16187.63,0,0,0.0000
12589,3247.08,16105.74,0,0,0.0000
12590,4538.54,15940.01,3,4,0.0000
12591,4667.99,16269.87,0,0,0.0000
12592,4465.32,16137.87,0,0,0.0000
12593,4394.49,15682.26,0,0,0.0000
12594,4659.34,15550.00,0,0,0.0000
12595,4494.26,15672.27,NaN,NaN,NaN
12596,4589.19,16156.34,0,0,0.0000
12597,4428.37,15912.41,NaN,NaN,NaN
12598,4322.43,16192.64,2,10,5.0000
12599,4567.80,15623.08,0,0,0.0000
12600,4378.63,16082.07,NaN,NaN,NaN
12601,4645.30,15958.66,0,0,0.0000
12602,4671.87,15753.83,0,0,0.0000
12603,4509.11,15581.92,2,3,0.0000
12604,4576.15,16270.70,NaN,NaN,NaN
12605,4378.84,15567.19,3,5,0.0000
12606,4671.78,16165.37,0,0,0.0000
12607,4664.17,15663.48,0,0,0.0000
12608,4445.82,15580.60,NaN,NaN,NaN
12609,4606.33,16062.47,0,0,0.0000
12610,4675.95,16036.79,NaN,NaN,NaN
12611,4483.78,15786.97,0,0,0.0000
12612,4512.55,16307.09,0,0,0.0000
12613,4588.76,15705.36,0,0,0.0000
12614,4346.17,15889.08,0,0,0.0000
12615,4664.01,15876.50,0,0,0.0000
12616,4526.39,15758.21,0,0,0.0000
12617,4441.31,16298.36,0,0,0.0000
12618,4461.46,15522.96,0,0,0.0000
12619,4358.66,15994.76,3,7,2.3333
12620,4327.37,16047.23,NaN,NaN,NaN
12621,4446.06,16030.85,NaN,NaN,NaN
12622,4299.66,16270.69,0,0,0.0000
12623,4539.26,16196.03,0,0,0.0000
12624,4733.16,16135.06,0,0,0.0000
12625,4371.04,15947.36,NaN,NaN,NaN
12626,4351.65,15495.38,NaN,NaN,NaN
12627,4668.50,16099.31,0,0,0.0000
12628,4417.40,15773.99,0,0,0.0000
12629,4395.06,16184.46,0,0,0.0000
12630,4594.85,15568.03,0,0,0.0000
12631,4523.93,16258.17,NaN,NaN,NaN
12632,4394.95,16224.06,0,0,0.0000
12633,4479.61,16225.70,0,0,0.0000
12634,4258.41,16288.32,0,0,0.0000
12635,4397.69,15982.95,NaN,NaN,NaN
12636,4804.86,15809.74,0,0,0.0000
12637,5350.08,15579.03,0,0,0.0000
12638,4775.05,15571.58,5,3,0.0000
12639,5185.52,15791.43,0,0,0.0000
12640,4899.92,15931.82,NaN,NaN,NaN
12641,5286.55,16312.93,NaN,NaN,NaN
12642,5005.17,15928.28,0,0,0.0000
12643,4808.59,16220.33,0,0,0.0000
12644,5097.05,15703.52,0,0,0.0000
12645,4890.96,16037.59,0,0,0.0000
12646,5151.02,15575.08,0,0,0.0000
12647,4908.68,15667.35,0,0,0.0000
12648,5229.80,15649.55,NaN,NaN,NaN
12649,4764.93,15992.40,0,0,0.0000
12650,4989.42,15703.76,NaN,NaN,NaN
12651,4986.25,15841.77,NaN,NaN,NaN
12652,4992.22,16308.68,0,0,0.0000
12653,5088.21,16082.47,NaN,NaN,NaN
12654,5021.12,15556.03,NaN,NaN,NaN
12655,4968.84,16227.56,0,0,0.0000
12656,4933.72,15528.60,NaN,NaN,NaN
12657,4740.73,15897.55,0,0,0.0000
12658,4780.12,16088.32,0,0,0.0000
12659,5188.56,16038.52,0,0,0.0000
12660,4964.47,16134.71,0,0,0.0000
12661,5082.12,15872.87,NaN,NaN,NaN
12662,4881.10,16174.92,0,0,0.0000
12663,4998.57,16069.39,0,0,0.0000
12664,5267.07,15994.00,NaN,NaN,NaN
12665,4832.72,15642.60,NaN,NaN,NaN
12666,5158.86,15900.64,0,0,0.0000
12667,5438.33,15788.82,0,0,0.0000
12668,4890.00,16281.41,0,0,0.0000
12669,5002.47,16000.03,NaN,NaN,NaN
12670,5146.40,15988.73,NaN,NaN,NaN
12671,4873.61,15580.07,0,0,0.0000
12672,5282.65,15773.98,NaN,NaN,NaN
12673,5214.65,15905.60,NaN,NaN,NaN
12674,4995.68,15784.77,0,0,0.0000
12675,5360.05,15794.40,NaN,NaN,NaN
12676,5200.07,15714.23,NaN,NaN,NaN
12677,5219.99,15538.84,0,0,0.0000
12678,5031.79,15632.99,0,0,0.0000
12679,5070.98,16029.72,0,0,0.0000
12680,4828.35,16329.01,0,0,0.0000
12681,5295.42,15529.27,NaN,NaN,NaN
12682,5487.25,15725.39,NaN,NaN,NaN
12683,4924.17,15758.78,0,0,0.0000
12684,5374.02,16312.43,NaN,NaN,NaN
12685,5057.00,16168.39,0,0,0.0000
12686,4788.51,16293.90,0,0,0.0000
12687,5351.09,15681.61,0,0,0.0000
12688,5495.83,15671.39,NaN,NaN,NaN
12689,5127.78,15507.18,NaN,NaN,NaN
12690,5434.78,15686.81,NaN,NaN,NaN
12691,5172.16,16094.32,NaN,NaN,NaN
12692,5385.10,15752.98,0,0,0.0000
12693,5421.28,15634.59,0,0,0.0000
12694,5080.30,15978.95,NaN,NaN,NaN
12695,4972.44,15585.24,3,5,0.0000
12696,5472.72,15636.07,0,0,0.0000
12697,5078.81,15540.68,NaN,NaN,NaN
12698,4746.82,16247.72,0,0,0.0000
12699,4842.89,15500.86,2,4,2.0000
12700,5215.61,16100.79,0,0,0.0000
12701,4761.41,15664.84,0,0,0.0000
12702,5466.01,15595.13,0,0,0.0000
12703,5408.85,16372.13,0,0,0.0000
12704,5249.29,15715.25,0,0,0.0000
12705,5830.56,16220.49,NaN,NaN,NaN
12706,5907.91,16241.61,0,0,0.0000
12707,5514.05,15611.33,NaN,NaN,NaN
12708,5567.68,15529.62,NaN,NaN,NaN
12709,5550.47,15621.79,NaN,NaN,NaN
12710,5553.19,15568.66,0,0,0.0000
12711,8104.25,15523.06,NaN,NaN,NaN
12712,8129.63,15876.26,2,2,0.0000
12713,8129.21,15775.89,NaN,NaN,NaN
12714,9243.74,16293.36,0,0,0.0000
12715,9195.94,16202.47,0,0,0.0000
12716,10105.24,15954.24,NaN,NaN,NaN
12717,10015.60,15956.22,NaN,NaN,NaN
12718,10065.88,15987.60,NaN,NaN,NaN
12719,10093.38,16012.99,NaN,NaN,NaN
12720,10307.26,15832.01,0,0,0.0000
12721,10197.33,15742.88,NaN,NaN,NaN
12722,10277.11,15717.50,0,0,0.0000
12723,10133.19,15880.15,NaN,NaN,NaN
12724,10171.67,16013.38,NaN,NaN,NaN
12725,10336.95,15967.58,3,8,2.6667
12726,10133.54,15795.52,0,0,0.0000
12727,10231.99,15986.17,NaN,NaN,NaN
12728,10117.90,15728.89,0,0,0.0000
12729,10333.23,15651.67,NaN,NaN,NaN
12730,10178.57,15954.56,NaN,NaN,NaN
12731,10356.83,16042.11,NaN,NaN,NaN
12732,10434.84,16066.89,NaN,NaN,NaN
12733,10319.43,16051.10,NaN,NaN,NaN
12734,10140.92,15696.78,0,0,0.0000
12735,11628.58,16342.04,NaN,NaN,NaN
12736,11644.05,16182.10,NaN,NaN,NaN
12737,11527.28,16350.20,0,0,0.0000
12738,11504.75,16171.22,0,0,0.0000
12739,11576.62,16141.78,NaN,NaN,NaN
12740,11465.87,16334.50,0,0,0.0000
12741,11785.91,16293.29,NaN,NaN,NaN
12742,12314.08,15536.93,NaN,NaN,NaN
12743,12069.38,15856.38,0,0,0.0000
12744,12384.56,15763.64,3,4,0.0000
12745,11725.62,16133.87,0,0,0.0000
12746,12205.67,15774.64,0,0,0.0000
12747,11952.61,15682.18,NaN,NaN,NaN
12748,12024.22,15646.14,0,0,0.0000
12749,12268.52,15751.36,0,0,0.0000
12750,12176.47,15553.40,0,0,0.0000
12751,12078.63,15585.01,3,5,0.0000
12752,11925.09,15776.20,2,4,2.0000
12753,12181.60,15617.14,NaN,NaN,NaN
12754,12183.50,15947.12,NaN,NaN,NaN
12755,12196.89,16294.65,0,0,0.0000
12756,11655.17,16275.74,NaN,NaN,NaN
12757,11861.18,16139.21,NaN,NaN,NaN
12758,12155.80,15857.64,NaN,NaN,NaN
12759,12286.77,15658.65,NaN,NaN,NaN
12760,12029.85,15737.87,NaN,NaN,NaN
12761,11955.66,15839.83,0,0,0.0000
12762,12149.90,15788.73,NaN,NaN,NaN
12763,12396.94,15832.08,0,0,0.0000
12764,12129.73,15659.77,0,0,0.0000
12765,11841.99,15680.63,NaN,NaN,NaN
12766,11787.07,16108.87,0,0,0.0000
12767,11817.99,16169.23,0,0,0.0000
12768,12234.18,15670.86,NaN,NaN,NaN
12769,12219.49,15892.66,0,0,0.0000
12770,12151.87,16255.03,0,0,0.0000
12771,11994.27,15794.36,0,0,0.0000
12772,12094.51,15760.14,NaN,NaN,NaN
12773,12114.48,16248.65,0,0,0.0000
12774,11897.04,15827.73,NaN,NaN,NaN
12775,12212.63,15853.79,0,0,0.0000
12776,12351.53,15676.34,0,0,0.0000
12777,12618.00,15533.99,3,7,2.3333
12778,12488.32,15647.79,2,4,2.0000
12779,13075.79,15526.57,NaN,NaN,NaN
12780,12773.29,15561.34,0,0,0.0000
12781,12422.67,15598.72,3,5,0.0000
12782,13001.64,15605.42,NaN,NaN,NaN
12783,12478.63,15501.83,NaN,NaN,NaN
12784,12730.46,15492.33,NaN,NaN,NaN
12785,12900.71,15557.92,NaN,NaN,NaN
12786,12604.00,15609.93,0,0,0.0000
12787,12479.80,15825.93,0,0,0.0000
12788,13172.96,15567.46,NaN,NaN,NaN
12789,13079.69,15613.26,NaN,NaN,NaN
12790,13176.93,16060.47,0,0,0.0000
12791,12553.85,15713.03,NaN,NaN,NaN
12792,12675.10,15675.36,NaN,NaN,NaN
12793,12802.84,15643.47,0,0,0.0000
12794,13106.18,16125.25,0,0,0.0000
12795,13177.19,15488.13,0,0,0.0000
12796,12981.16,15552.70,NaN,NaN,NaN
12797,12527.62,15559.27,0,0,0.0000
12798,12613.88,15674.74,0,0,0.0000
12799,12639.62,16339.38,0,0,0.0000
12800,12871.22,15674.56,0,0,0.0000
12801,12684.60,15631.28,0,0,0.0000
12802,12999.92,15503.40,0,0,0.0000
12803,12675.75,15768.42,NaN,NaN,NaN
12804,13152.95,16009.85,NaN,NaN,NaN
12805,13394.36,15915.38,NaN,NaN,NaN
12806,13632.49,15760.23,0,0,0.0000
12807,13810.07,15600.11,0,0,0.0000
12808,13906.63,15586.28,3,3,0.0000
12809,13246.34,15493.73,0,0,0.0000
12810,13784.75,15524.30,NaN,NaN,NaN
12811,13694.28,15584.73,2,2,0.0000
12812,13224.61,15966.60,NaN,NaN,NaN
12813,13565.07,15731.89,2,4,2.0000
12814,13622.09,15645.58,NaN,NaN,NaN
12815,13805.53,15740.45,NaN,NaN,NaN
12816,13674.72,15672.32,0,0,0.0000
12817,13459.41,15855.27,NaN,NaN,NaN
12818,13744.88,15660.86,0,0,0.0000
12819,13290.93,16012.38,NaN,NaN,NaN
12820,13526.85,15801.72,0,0,0.0000
12821,13904.36,15683.63,NaN,NaN,NaN
12822,13428.58,15971.31,NaN,NaN,NaN
12823,13375.63,16000.11,0,0,0.0000
12824,13907.95,15643.64,0,0,0.0000
12825,13304.43,15648.44,0,0,0.0000
12826,13587.89,15837.99,0,0,0.0000
12827,13624.53,15829.80,0,0,0.0000
12828,13960.91,15511.02,NaN,NaN,NaN
12829,14659.36,16092.70,0,0,0.0000
12830,14717.30,15878.24,NaN,NaN,NaN
12831,14681.06,16198.89,NaN,NaN,NaN
12832,14688.02,15963.27,NaN,NaN,NaN
12833,14571.77,16168.15,NaN,NaN,NaN
12834,14621.39,16167.73,0,0,0.0000
12835,14639.98,16203.63,0,0,0.0000
12836,14076.93,15536.52,0,0,0.0000
12837,15408.32,16200.83,0,0,0.0000
12838,14739.14,16122.93,2,5,2.5000
12839,14730.94,16023.59,0,0,0.0000
12840,14903.72,15793.81,2,3,0.0000
12841,14949.90,15953.48,4,3,0.0000
12842,15293.81,15841.62,NaN,NaN,NaN
12843,15461.63,16330.08,2,2,0.0000
12844,15023.76,15656.23,2,7,3.5000
12845,15351.92,15877.07,0,0,0.0000
12846,15450.18,16114.42,0,0,0.0000
12847,15465.33,15830.62,0,0,0.0000
12848,15040.19,16182.50,2,6,3.0000
12849,14929.07,16222.29,NaN,NaN,NaN
12850,15283.59,15662.39,NaN,NaN,NaN
12851,14871.32,16093.19,NaN,NaN,NaN
12852,15258.18,15758.51,0,0,0.0000
12853,15009.77,15854.74,2,1,0.0000
12854,15451.34,15928.54,2,8,4.0000
12855,15390.47,15937.59,0,0,0.0000
12856,15349.11,16008.01,NaN,NaN,NaN
12857,15003.18,15551.60,3,4,0.0000
12858,14837.67,15773.33,0,0,0.0000
12859,14996.07,15768.78,NaN,NaN,NaN
12860,14779.73,15791.39,4,8,2.0000
12861,15261.04,15516.26,NaN,NaN,NaN
12862,14860.71,15886.97,0,0,0.0000
12863,14926.12,15538.79,NaN,NaN,NaN
12864,15056.82,16041.11,NaN,NaN,NaN
12865,15059.41,16259.49,NaN,NaN,NaN
12866,14784.29,16250.60,NaN,NaN,NaN
12867,15350.36,16070.57,NaN,NaN,NaN
12868,15459.67,15736.61,3,8,2.6667
12869,14811.59,16112.96,NaN,NaN,NaN
12870,15377.28,16338.57,NaN,NaN,NaN
12871,14755.02,15916.61,0,0,0.0000
12872,14804.02,15682.49,0,0,0.0000
12873,15349.85,15678.37,2,2,0.0000
12874,15389.50,16281.61,0,0,0.0000
12875,14823.03,15921.86,NaN,NaN,NaN
12876,15459.13,16199.79,NaN,NaN,NaN
12877,14756.99,15688.83,NaN,NaN,NaN
12878,15185.75,15540.96,2,0,0.0000
12879,15327.46,15508.40,NaN,NaN,NaN
12880,15302.21,16161.40,0,0,0.0000
12881,14737.48,16250.09,NaN,NaN,NaN
12882,15459.33,15673.29,NaN,NaN,NaN
12883,15410.50,15796.69,NaN,NaN,NaN
12884,15288.94,16319.57,0,0,0.0000
12885,14723.22,16200.28,NaN,NaN,NaN
12886,14774.42,16311.14,NaN,NaN,NaN
12887,15057.70,16137.93,0,0,0.0000
12888,15440.45,15552.17,0,0,0.0000
12889,15314.99,15956.30,NaN,NaN,NaN
12890,15350.73,15735.88,NaN,NaN,NaN
12891,14788.06,15865.22,NaN,NaN,NaN
12892,15021.03,16108.63,NaN,NaN,NaN
12893,15411.11,15680.24,NaN,NaN,NaN
12894,14868.21,16230.52,0,0,0.0000
12895,14970.07,16086.91,NaN,NaN,NaN
12896,15066.16,16318.29,0,0,0.0000
12897,15325.55,16275.08,NaN,NaN,NaN
12898,14797.70,15572.43,0,0,0.0000
12899,14825.45,15836.64,NaN,NaN,NaN
12900,15037.67,15737.22,0,0,0.0000
12901,14956.59,15879.33,NaN,NaN,NaN
12902,14757.41,15746.71,NaN,NaN,NaN
12903,15409.44,16011.66,2,2,0.0000
12904,15379.49,15587.39,3,8,2.6667
12905,14940.17,16020.31,0,0,0.0000
12906,14953.30,15803.28,0,0,0.0000
12907,14914.17,15874.77,0,0,0.0000
12908,14850.56,16164.54,NaN,NaN,NaN
12909,15586.93,16248.13,3,2,0.0000
12910,15508.36,16000.26,NaN,NaN,NaN
12911,15570.07,16083.80,NaN,NaN,NaN
12912,15578.95,16162.71,0,0,0.0000
12913,15641.70,16239.22,0,0,0.0000
12914,15523.45,16235.48,NaN,NaN,NaN
12915,15568.59,15943.89,0,0,0.0000
12916,15522.08,16132.95,NaN,NaN,NaN
12917,15492.53,16178.41,NaN,NaN,NaN
12918,15506.10,15911.98,0,0,0.0000
12919,15520.78,15721.70,0,0,0.0000
