cell_id,centroid_x,centroid_y,reddot,blackdot,score
1,318.69,129.03,NaN,NaN,NaN
2,835.36,124.88,NaN,NaN,NaN
3,775.50,245.34,NaN,NaN,NaN
4,850.19,270.28,NaN,NaN,NaN
5,839.67,187.43,NaN,NaN,NaN
6,803.90,353.58,0,0,0.0000
7,78.12,361.06,NaN,NaN,NaN
8,701.13,49.01,0,0,0.0000
9,317.72,194.83,NaN,NaN,NaN
10,263.17,190.00,0,0,0.0000
11,744.86,176.07,2,2,0.0000
12,808.27,296.26,NaN,NaN,NaN
13,118.77,156.81,NaN,NaN,NaN
14,1298.67,884.74,NaN,NaN,NaN
15,1137.12,841.29,NaN,NaN,NaN
16,1194.37,863.51,NaN,NaN,NaN
17,904.72,77.01,0,0,0.0000
18,1625.22,161.64,3,4,0.0000
19,1457.45,821.23,0,0,0.0000
20,938.55,26.83,NaN,NaN,NaN
21,970.58,218.32,0,0,0.0000
22,1328.59,778.70,NaN,NaN,NaN
23,1403.69,876.15,NaN,NaN,NaN
24,909.30,282.58,0,0,0.0000
25,1650.60,206.66,NaN,NaN,NaN
26,1460.97,332.73,NaN,NaN,NaN
27,1377.24,773.40,2,2,0.0000
28,1103.73,883.70,3,3,0.0000
29,908.16,161.72,3,6,2.0000
30,1241.80,821.20,NaN,NaN,NaN
31,1413.29,760.61,NaN,NaN,NaN
32,1928.29,229.91,2,1,0.0000
33,1855.84,283.35,NaN,NaN,NaN
34,1810.09,841.47,NaN,NaN,NaN
35,2158.17,477.83,3,6,2.0000
36,1757.10,191.17,0,0,0.0000
37,2306.60,406.79,NaN,NaN,NaN
38,1905.64,813.09,0,0,0.0000
39,2262.63,439.98,NaN,NaN,NaN
40,2168.02,330.30,0,0,0.0000
41,2325.42,307.64,NaN,NaN,NaN
42,1680.48,318.35,2,3,0.0000
43,1873.02,632.27,0,0,0.0000
44,1935.55,98.65,NaN,NaN,NaN
45,2407.47,294.65,NaN,NaN,NaN
46,2246.77,312.43,0,0,0.0000
47,2079.40,368.65,NaN,NaN,NaN
48,1881.96,31.02,3,8,2.6667
49,1739.41,390.58,0,0,0.0000
50,1853.44,354.69,3,1,0.0000
51,2348.11,477.29,NaN,NaN,NaN
52,2393.50,368.16,NaN,NaN,NaN
53,1997.12,407.72,0,0,0.0000
54,2396.96,419.99,NaN,NaN,NaN
55,1819.28,216.63,2,3,0.0000
56,2007.14,372.99,NaN,NaN,NaN
57,2430.91,121.16,NaN,NaN,NaN
58,2336.49,365.84,NaN,NaN,NaN
59,2114.30,326.74,0,0,0.0000
60,1830.38,414.14,NaN,NaN,NaN
61,1709.94,286.18,NaN,NaN,NaN
62,2023.95,235.90,0,0,0.0000
63,1970.32,344.41,NaN,NaN,NaN
64,1879.03,397.42,NaN,NaN,NaN
65,2300.53,337.03,2,3,0.0000
66,2002.87,298.64,NaN,NaN,NaN
67,1785.78,389.52,2,4,2.0000
68,2208.72,396.12,NaN,NaN,NaN
69,2389.66,484.27,0,0,0.0000
70,2247.03,364.80,2,7,3.5000
71,2354.70,59.11,0,0,0.0000
72,2369.15,430.04,0,0,0.0000
73,2026.83,330.24,NaN,NaN,NaN
74,2375.83,321.51,NaN,NaN,NaN
75,3141.97,483.70,2,2,0.0000
76,3175.76,144.61,0,0,0.0000
77,3032.01,110.84,NaN,NaN,NaN
78,3133.81,231.80,2,3,0.0000
79,2474.01,319.12,NaN,NaN,NaN
80,2540.04,171.05,NaN,NaN,NaN
81,3129.53,366.22,NaN,NaN,NaN
82,3190.96,496.59,0,0,0.0000
83,2441.17,489.96,2,5,2.5000
84,2612.47,56.90,NaN,NaN,NaN
85,3130.89,57.22,2,1,0.0000
86,2469.89,210.01,NaN,NaN,NaN
87,2555.24,96.62,NaN,NaN,NaN
88,3104.20,324.80,0,0,0.0000
89,2543.38,43.13,NaN,NaN,NaN
90,2544.37,336.77,NaN,NaN,NaN
91,3131.03,289.09,0,0,0.0000
92,2521.45,212.48,NaN,NaN,NaN
93,3070.28,64.77,NaN,NaN,NaN
94,3063.24,582.92,NaN,NaN,NaN
95,2460.17,427.97,NaN,NaN,NaN
96,3099.08,420.75,2,5,2.5000
97,2555.06,380.26,NaN,NaN,NaN
98,3074.67,135.90,NaN,NaN,NaN
99,2435.77,378.66,NaN,NaN,NaN
100,2650.54,128.96,0,0,0.0000
101,3042.07,516.50,2,2,0.0000
102,3034.88,20.53,0,0,0.0000
103,2454.98,83.51,NaN,NaN,NaN
104,2941.41,543.66,0,0,0.0000
105,2513.82,490.76,NaN,NaN,NaN
106,2558.03,417.01,NaN,NaN,NaN
107,2486.15,477.91,2,4,2.0000
108,3085.24,544.39,NaN,NaN,NaN
109,2511.53,437.03,NaN,NaN,NaN
110,2486.81,386.38,NaN,NaN,NaN
111,2709.87,143.93,0,0,0.0000
112,2540.18,515.48,NaN,NaN,NaN
113,3042.56,432.06,0,0,0.0000
114,3063.93,380.88,NaN,NaN,NaN
115,2562.75,454.67,0,0,0.0000
116,3877.17,516.00,NaN,NaN,NaN
117,3528.25,227.25,0,0,0.0000
118,3702.28,323.99,NaN,NaN,NaN
119,3216.77,418.05,NaN,NaN,NaN
120,3539.88,157.76,0,0,0.0000
121,3761.75,412.57,0,0,0.0000
122,3330.09,739.13,2,7,3.5000
123,3315.49,682.50,NaN,NaN,NaN
124,3211.00,264.05,0,0,0.0000
125,3254.27,371.71,0,0,0.0000
126,3895.51,453.49,NaN,NaN,NaN
127,3312.44,620.87,NaN,NaN,NaN
128,3604.77,251.64,NaN,NaN,NaN
129,3855.50,600.00,0,0,0.0000
130,3646.58,691.55,0,0,0.0000
131,3453.67,226.09,3,4,0.0000
132,3242.11,106.71,3,2,0.0000
133,3240.42,306.51,0,0,0.0000
134,3512.33,479.72,0,0,0.0000
135,3947.55,639.83,2,4,2.0000
136,3932.27,558.83,NaN,NaN,NaN
137,3906.67,732.81,0,0,0.0000
138,3241.02,532.30,0,0,0.0000
139,3347.05,808.27,NaN,NaN,NaN
140,3272.11,494.37,2,4,2.0000
141,3233.46,499.09,4,5,0.0000
142,3659.77,401.19,NaN,NaN,NaN
143,3929.14,702.49,0,0,0.0000
144,3281.53,631.03,NaN,NaN,NaN
145,3605.32,193.23,0,0,0.0000
146,3668.83,720.64,0,0,0.0000
147,4716.47,892.39,NaN,NaN,NaN
148,4447.72,877.30,2,2,0.0000
149,4586.85,722.32,2,7,3.5000
150,4292.26,775.65,2,3,0.0000
151,4059.86,726.01,4,8,2.0000
152,4619.47,626.53,NaN,NaN,NaN
153,4439.15,794.13,NaN,NaN,NaN
154,4492.39,552.20,NaN,NaN,NaN
155,4485.44,739.01,NaN,NaN,NaN
156,4731.98,754.48,NaN,NaN,NaN
157,4155.12,843.39,0,0,0.0000
158,4322.90,853.93,0,0,0.0000
159,4521.51,862.76,0,0,0.0000
160,4164.24,778.19,NaN,NaN,NaN
161,4053.42,548.50,0,0,0.0000
162,4011.54,809.02,0,0,0.0000
163,4687.80,519.61,2,3,0.0000
164,4389.95,526.39,5,9,0.0000
165,3970.11,729.36,2,1,0.0000
166,4406.21,681.13,2,6,3.0000
167,4397.94,70.88,0,0,0.0000
168,4436.26,656.49,NaN,NaN,NaN
169,4005.58,625.27,2,3,0.0000
170,4695.26,641.91,NaN,NaN,NaN
171,4221.86,781.94,0,0,0.0000
172,4717.99,664.57,NaN,NaN,NaN
173,3973.17,575.49,2,1,0.0000
174,4513.32,488.96,NaN,NaN,NaN
175,4082.67,436.38,0,0,0.0000
176,4052.97,788.01,NaN,NaN,NaN
177,4005.71,446.95,0,0,0.0000
178,4356.26,498.81,0,0,0.0000
179,4257.46,649.33,3,4,0.0000
180,4158.94,631.65,0,0,0.0000
181,4056.99,604.38,0,0,0.0000
182,5267.58,167.30,NaN,NaN,NaN
183,5474.44,453.19,NaN,NaN,NaN
184,5084.27,342.95,3,10,3.3333
185,5449.25,168.51,NaN,NaN,NaN
186,4739.37,574.74,NaN,NaN,NaN
187,5330.75,712.09,NaN,NaN,NaN
188,5215.09,396.17,NaN,NaN,NaN
189,5320.46,826.62,NaN,NaN,NaN
190,5071.24,265.75,NaN,NaN,NaN
191,4944.08,149.45,NaN,NaN,NaN
192,5402.27,791.99,2,4,2.0000
193,4873.36,239.15,0,0,0.0000
194,5410.38,533.64,NaN,NaN,NaN
195,5386.99,868.58,NaN,NaN,NaN
196,5310.28,552.47,NaN,NaN,NaN
197,4963.51,368.80,0,0,0.0000
198,5387.84,422.16,3,7,2.3333
199,5300.11,85.05,3,5,0.0000
200,5288.40,235.11,NaN,NaN,NaN
201,5082.42,181.40,3,9,3.0000
202,5118.96,410.61,6,8,0.0000
203,5372.78,215.41,0,0,0.0000
204,4887.29,791.41,2,3,0.0000
205,5500.55,708.78,0,0,0.0000
206,5397.12,100.72,0,0,0.0000
207,4960.94,230.49,3,8,2.6667
208,5348.71,371.65,2,6,3.0000
209,5152.78,155.42,2,5,2.5000
210,5297.31,290.49,0,0,0.0000
211,5333.59,644.89,NaN,NaN,NaN
212,5463.24,610.45,0,0,0.0000
213,5261.46,457.69,NaN,NaN,NaN
214,4933.54,305.58,NaN,NaN,NaN
215,5174.35,470.49,2,2,0.0000
216,5376.27,35.52,NaN,NaN,NaN
217,5012.44,329.18,NaN,NaN,NaN
218,5278.24,777.84,NaN,NaN,NaN
219,5380.57,281.92,NaN,NaN,NaN
220,5494.93,847.30,NaN,NaN,NaN
221,5261.41,632.22,0,0,0.0000
222,4824.95,861.26,0,0,0.0000
223,4883.79,69.43,0,0,0.0000
224,5105.53,469.92,NaN,NaN,NaN
225,4808.62,706.55,0,0,0.0000
226,5244.39,827.19,NaN,NaN,NaN
227,5146.10,511.51,2,2,0.0000
228,5207.76,141.02,NaN,NaN,NaN
229,5452.84,748.78,2,3,0.0000
230,4785.17,648.53,NaN,NaN,NaN
231,5142.14,230.66,0,0,0.0000
232,4763.70,802.58,NaN,NaN,NaN
233,5113.45,59.23,2,5,2.5000
234,5461.31,71.48,NaN,NaN,NaN
235,4784.33,741.36,NaN,NaN,NaN
236,4816.76,810.31,0,0,0.0000
237,5503.03,570.20,3,7,2.3333
238,5420.97,638.40,NaN,NaN,NaN
239,4757.65,689.51,NaN,NaN,NaN
240,5081.54,88.58,NaN,NaN,NaN
241,4853.69,735.55,0,0,0.0000
242,4832.05,59.50,NaN,NaN,NaN
243,5426.34,13.41,NaN,NaN,NaN
244,5044.80,107.33,0,0,0.0000
245,4802.20,19.47,0,0,0.0000
246,4807.49,626.11,2,3,0.0000
247,5057.07,131.14,0,0,0.0000
248,5218.88,860.29,0,0,0.0000
249,5439.44,256.86,0,0,0.0000
250,4924.80,43.52,0,0,0.0000
251,4840.83,675.37,0,0,0.0000
252,4953.38,465.07,NaN,NaN,NaN
253,5210.12,562.29,NaN,NaN,NaN
254,5300.40,335.91,0,0,0.0000
255,5710.56,412.50,0,0,0.0000
256,5530.46,239.27,NaN,NaN,NaN
257,5732.10,213.17,NaN,NaN,NaN
258,5570.43,389.40,NaN,NaN,NaN
259,6258.19,863.25,NaN,NaN,NaN
260,5643.67,284.90,NaN,NaN,NaN
261,5575.85,157.51,NaN,NaN,NaN
262,5522.73,108.27,0,0,0.0000
263,5626.92,558.90,0,0,0.0000
264,5545.60,608.05,NaN,NaN,NaN
265,6129.81,708.67,2,3,0.0000
266,5817.81,175.62,NaN,NaN,NaN
267,5684.18,100.20,0,0,0.0000
268,5595.97,335.03,3,4,0.0000
269,5575.59,45.26,NaN,NaN,NaN
270,5798.95,88.06,NaN,NaN,NaN
271,5763.07,143.20,2,5,2.5000
272,5522.43,813.04,3,4,0.0000
273,5803.45,324.98,2,3,0.0000
274,5805.78,426.74,2,2,0.0000
275,5631.33,512.05,NaN,NaN,NaN
276,6185.44,718.37,NaN,NaN,NaN
277,5828.06,39.94,NaN,NaN,NaN
278,6103.81,842.39,3,7,2.3333
279,6053.90,777.49,NaN,NaN,NaN
280,5563.35,503.28,0,0,0.0000
281,6256.63,758.54,NaN,NaN,NaN
282,5723.86,307.69,NaN,NaN,NaN
283,6038.15,838.00,2,3,0.0000
284,5562.18,858.96,NaN,NaN,NaN
285,5696.41,158.25,NaN,NaN,NaN
286,5754.06,362.31,NaN,NaN,NaN
287,6078.45,724.39,0,0,0.0000
288,5601.86,633.63,NaN,NaN,NaN
289,6233.30,475.81,0,0,0.0000
290,6048.87,878.28,0,0,0.0000
291,5736.79,110.96,NaN,NaN,NaN
292,5632.88,196.61,0,0,0.0000
293,5851.88,109.89,3,4,0.0000
294,5642.96,150.42,0,0,0.0000
295,6500.66,519.05,2,2,0.0000
296,6820.95,70.96,0,0,0.0000
297,6428.35,740.25,NaN,NaN,NaN
298,6546.93,426.51,NaN,NaN,NaN
299,6969.90,112.82,3,3,0.0000
300,6901.62,153.09,2,5,2.5000
301,6409.37,512.21,0,0,0.0000
302,6447.51,660.79,2,5,2.5000
303,6971.14,495.69,2,3,0.0000
304,6362.16,714.22,NaN,NaN,NaN
305,6844.21,700.89,0,0,0.0000
306,7039.65,530.98,NaN,NaN,NaN
307,6927.21,276.11,NaN,NaN,NaN
308,6969.48,716.40,0,0,0.0000
309,6496.33,787.30,NaN,NaN,NaN
310,6971.80,806.57,NaN,NaN,NaN
311,6993.16,344.98,NaN,NaN,NaN
312,6556.01,667.25,NaN,NaN,NaN
313,6561.16,743.83,0,0,0.0000
314,6555.65,823.80,2,4,2.0000
315,7024.59,769.13,NaN,NaN,NaN
316,6519.75,618.99,NaN,NaN,NaN
317,6856.36,377.00,NaN,NaN,NaN
318,6336.30,655.69,NaN,NaN,NaN
319,6605.80,737.13,2,4,2.0000
320,7014.09,50.01,0,0,0.0000
321,6958.32,617.32,3,2,0.0000
322,7023.38,169.23,3,5,0.0000
323,6914.20,670.34,0,0,0.0000
324,6430.32,843.33,NaN,NaN,NaN
325,6943.07,384.50,NaN,NaN,NaN
326,6588.46,870.04,NaN,NaN,NaN
327,6813.24,804.89,NaN,NaN,NaN
328,6622.18,684.17,NaN,NaN,NaN
329,6919.77,807.44,NaN,NaN,NaN
330,6668.40,767.10,NaN,NaN,NaN
331,6314.83,453.75,3,5,0.0000
332,6411.21,809.81,NaN,NaN,NaN
333,6605.31,623.09,0,0,0.0000
334,6401.89,585.52,NaN,NaN,NaN
335,6601.01,563.12,0,0,0.0000
336,6347.90,850.97,NaN,NaN,NaN
337,6388.61,649.93,NaN,NaN,NaN
338,6582.90,82.48,0,0,0.0000
339,6651.39,890.00,3,3,0.0000
340,6406.99,630.99,NaN,NaN,NaN
341,7144.74,473.29,2,3,0.0000
342,7067.79,848.49,0,0,0.0000
343,7323.45,630.42,NaN,NaN,NaN
344,7123.85,655.73,NaN,NaN,NaN
345,7757.80,810.97,NaN,NaN,NaN
346,7407.72,413.66,3,6,2.0000
347,7263.89,466.86,0,0,0.0000
348,7215.66,719.76,NaN,NaN,NaN
349,7043.37,263.66,2,10,5.0000
350,7238.34,304.09,4,11,2.7500
351,7555.65,127.70,3,6,2.0000
352,7051.23,350.36,2,5,2.5000
353,7322.77,178.39,3,7,2.3333
354,7532.86,625.11,0,0,0.0000
355,7182.60,162.27,2,3,0.0000
356,7672.46,516.42,NaN,NaN,NaN
357,7626.22,868.94,0,0,0.0000
358,7631.81,419.05,NaN,NaN,NaN
359,7803.56,721.35,NaN,NaN,NaN
360,7611.05,239.44,NaN,NaN,NaN
361,7805.88,439.17,0,0,0.0000
362,7188.96,835.22,NaN,NaN,NaN
363,7523.31,765.01,2,4,2.0000
364,7462.51,742.59,NaN,NaN,NaN
365,7489.61,802.45,NaN,NaN,NaN
366,7546.54,358.00,NaN,NaN,NaN
367,7125.97,167.43,NaN,NaN,NaN
368,7299.43,733.28,NaN,NaN,NaN
369,7731.44,680.51,0,0,0.0000
370,7670.52,595.85,NaN,NaN,NaN
371,7616.11,595.20,0,0,0.0000
372,7680.09,829.38,NaN,NaN,NaN
373,7243.56,46.27,NaN,NaN,NaN
374,7341.71,768.47,2,2,0.0000
375,7405.16,187.15,NaN,NaN,NaN
376,7159.25,894.33,NaN,NaN,NaN
377,7572.40,465.62,0,0,0.0000
378,7394.82,733.32,NaN,NaN,NaN
379,7296.00,57.38,2,8,4.0000
380,7434.36,86.41,NaN,NaN,NaN
381,7566.42,599.05,NaN,NaN,NaN
382,7423.70,834.35,0,0,0.0000
383,7211.06,540.29,NaN,NaN,NaN
384,7684.62,700.80,NaN,NaN,NaN
385,7704.02,784.08,NaN,NaN,NaN
386,7583.91,701.92,NaN,NaN,NaN
387,7728.31,596.68,2,7,3.5000
388,7603.95,347.94,0,0,0.0000
389,7272.35,808.82,3,6,2.0000
390,7072.99,93.11,0,0,0.0000
391,7451.76,153.77,NaN,NaN,NaN
392,7341.38,25.61,NaN,NaN,NaN
393,7128.72,253.62,NaN,NaN,NaN
394,7251.71,570.80,0,0,0.0000
395,7429.33,703.33,0,0,0.0000
396,7486.52,382.76,NaN,NaN,NaN
397,7455.10,550.15,2,2,0.0000
398,7688.76,415.39,NaN,NaN,NaN
399,7254.67,112.58,NaN,NaN,NaN
400,7575.16,755.53,NaN,NaN,NaN
401,7440.22,341.12,0,0,0.0000
402,7720.44,471.62,0,0,0.0000
403,7760.52,458.10,NaN,NaN,NaN
404,7086.74,11.10,0,0,0.0000
405,7292.49,286.22,0,0,0.0000
406,7743.11,736.01,NaN,NaN,NaN
407,7558.05,821.25,0,0,0.0000
408,7651.97,755.04,0,0,0.0000
409,7474.20,116.62,NaN,NaN,NaN
410,7443.16,882.28,NaN,NaN,NaN
411,7121.56,714.12,0,0,0.0000
412,7627.54,695.38,0,0,0.0000
413,7208.70,213.16,NaN,NaN,NaN
414,7821.04,572.72,NaN,NaN,NaN
415,8406.88,784.86,NaN,NaN,NaN
416,8268.83,820.98,0,0,0.0000
417,8346.54,643.75,2,2,0.0000
418,8500.00,349.58,NaN,NaN,NaN
419,7960.00,722.24,3,2,0.0000
420,8483.96,665.01,NaN,NaN,NaN
421,8572.42,423.64,0,0,0.0000
422,8528.83,813.69,0,0,0.0000
423,8154.31,702.50,NaN,NaN,NaN
424,8179.71,72.81,0,0,0.0000
425,8256.90,618.56,0,0,0.0000
426,8014.77,537.31,NaN,NaN,NaN
427,8047.02,698.57,NaN,NaN,NaN
428,8396.94,494.55,NaN,NaN,NaN
429,8130.65,804.95,2,4,2.0000
430,8481.65,536.28,0,0,0.0000
431,8041.67,789.47,NaN,NaN,NaN
432,8340.56,729.03,NaN,NaN,NaN
433,7989.69,611.82,NaN,NaN,NaN
434,8142.92,873.45,NaN,NaN,NaN
435,8331.39,539.22,NaN,NaN,NaN
436,8115.39,121.79,NaN,NaN,NaN
437,8438.34,422.92,NaN,NaN,NaN
438,8404.43,565.81,NaN,NaN,NaN
439,8497.51,467.84,0,0,0.0000
440,7936.42,634.90,NaN,NaN,NaN
441,8077.63,893.71,NaN,NaN,NaN
442,8244.84,48.16,0,0,0.0000
443,7996.93,852.47,NaN,NaN,NaN
444,8571.99,685.84,NaN,NaN,NaN
445,8515.91,731.66,NaN,NaN,NaN
446,8291.45,124.09,2,4,2.0000
447,8062.97,574.66,2,5,2.5000
448,8360.79,432.11,NaN,NaN,NaN
449,7839.27,772.69,0,0,0.0000
450,8177.50,462.21,NaN,NaN,NaN
451,8271.33,708.29,0,0,0.0000
452,7989.31,504.80,0,0,0.0000
453,8048.96,860.81,2,5,2.5000
454,7908.35,800.76,NaN,NaN,NaN
455,8445.30,609.85,0,0,0.0000
456,8100.47,770.32,0,0,0.0000
457,8532.91,32.56,NaN,NaN,NaN
458,7884.53,514.64,NaN,NaN,NaN
459,8444.27,88.76,0,0,0.0000
460,8047.75,624.59,NaN,NaN,NaN
461,8360.88,110.26,0,0,0.0000
462,8546.67,560.24,0,0,0.0000
463,8540.52,691.23,2,7,3.5000
464,8462.17,278.79,2,3,0.0000
465,8528.54,230.97,NaN,NaN,NaN
466,8603.82,580.53,NaN,NaN,NaN
467,8644.76,455.30,3,3,0.0000
468,8576.19,884.42,0,0,0.0000
469,8649.79,691.68,NaN,NaN,NaN
470,8633.40,234.03,NaN,NaN,NaN
471,8603.13,306.10,NaN,NaN,NaN
472,8667.49,344.64,NaN,NaN,NaN
473,8689.50,255.43,NaN,NaN,NaN
474,8631.38,771.26,0,0,0.0000
475,8593.45,739.48,NaN,NaN,NaN
476,8579.49,147.27,0,0,0.0000
477,10063.15,126.36,NaN,NaN,NaN
478,10095.07,164.08,NaN,NaN,NaN
479,10138.98,61.73,NaN,NaN,NaN
480,10725.73,367.97,NaN,NaN,NaN
481,10778.69,289.56,NaN,NaN,NaN
482,10189.15,150.43,3,2,0.0000
483,10209.10,233.42,0,0,0.0000
484,10836.27,437.43,NaN,NaN,NaN
485,10722.28,46.91,0,0,0.0000
486,10789.87,96.44,NaN,NaN,NaN
487,10851.45,55.15,NaN,NaN,NaN
488,10700.47,116.53,0,0,0.0000
489,10876.05,284.19,NaN,NaN,NaN
490,10783.89,210.90,2,2,0.0000
491,11076.92,116.14,NaN,NaN,NaN
492,11229.71,535.51,NaN,NaN,NaN
493,10977.24,432.09,NaN,NaN,NaN
494,10964.24,101.60,3,2,0.0000
495,10884.69,138.64,2,3,0.0000
496,11001.64,581.73,NaN,NaN,NaN
497,11051.89,434.01,0,0,0.0000
498,11182.29,729.88,2,5,2.5000
499,10911.87,480.66,NaN,NaN,NaN
500,11182.21,823.29,0,0,0.0000
501,11115.57,790.02,2,3,0.0000
502,10919.37,208.30,NaN,NaN,NaN
503,11132.11,510.93,NaN,NaN,NaN
504,11055.01,252.85,2,5,2.5000
505,10941.30,349.10,0,0,0.0000
506,10916.76,283.06,2,3,0.0000
507,11278.47,662.61,NaN,NaN,NaN
508,10947.14,620.27,NaN,NaN,NaN
509,10996.65,838.03,NaN,NaN,NaN
510,11063.69,882.73,0,0,0.0000
511,11151.17,659.16,0,0,0.0000
512,11242.02,835.26,NaN,NaN,NaN
513,11008.06,331.12,NaN,NaN,NaN
514,11049.87,336.87,NaN,NaN,NaN
515,10982.14,56.15,0,0,0.0000
516,11304.72,890.82,NaN,NaN,NaN
517,11014.15,521.47,2,5,2.5000
518,11217.15,678.90,0,0,0.0000
519,11276.31,807.17,NaN,NaN,NaN
520,11129.42,881.63,0,0,0.0000
521,11256.49,746.71,NaN,NaN,NaN
522,10912.39,551.23,NaN,NaN,NaN
523,11143.27,746.34,NaN,NaN,NaN
524,13797.29,171.71,0,0,0.0000
525,13851.65,650.08,0,0,0.0000
526,13876.64,491.34,NaN,NaN,NaN
527,13645.20,71.06,NaN,NaN,NaN
528,13543.07,284.92,NaN,NaN,NaN
529,13412.17,266.12,NaN,NaN,NaN
530,13708.22,290.77,NaN,NaN,NaN
531,13430.47,202.51,4,5,0.0000
532,13486.23,160.54,NaN,NaN,NaN
533,13800.48,400.58,NaN,NaN,NaN
534,13375.83,71.11,3,7,2.3333
535,13902.78,822.86,NaN,NaN,NaN
536,13480.13,506.75,4,7,0.0000
537,13744.25,632.93,2,5,2.5000
538,13758.88,550.83,0,0,0.0000
539,13669.12,567.05,0,0,0.0000
540,13584.19,197.57,0,0,0.0000
541,13677.79,410.79,NaN,NaN,NaN
542,13733.56,686.74,NaN,NaN,NaN
543,13922.19,405.22,NaN,NaN,NaN
544,13945.17,107.72,NaN,NaN,NaN
545,13899.01,55.62,NaN,NaN,NaN
546,13819.81,817.78,0,0,0.0000
547,13485.52,409.64,2,3,0.0000
548,13951.63,572.70,NaN,NaN,NaN
549,13456.23,393.22,2,5,2.5000
550,13748.59,846.98,2,2,0.0000
551,13674.03,356.25,NaN,NaN,NaN
552,13612.19,358.53,2,3,0.0000
553,13515.15,455.07,0,0,0.0000
554,13597.63,422.12,3,6,2.0000
555,13612.02,553.41,0,0,0.0000
556,13804.62,745.38,NaN,NaN,NaN
557,13918.48,655.18,NaN,NaN,NaN
558,13698.82,450.95,NaN,NaN,NaN
559,13640.37,629.34,0,0,0.0000
560,13767.87,471.20,2,2,0.0000
561,13552.47,134.78,2,3,0.0000
562,13519.84,320.26,NaN,NaN,NaN
563,13797.71,858.02,0,0,0.0000
564,13434.83,58.43,NaN,NaN,NaN
565,13638.85,235.41,NaN,NaN,NaN
566,13527.59,514.06,3,6,2.0000
567,13947.13,302.87,2,8,4.0000
568,13748.00,56.05,0,0,0.0000
569,14060.66,571.82,NaN,NaN,NaN
570,13984.49,792.85,NaN,NaN,NaN
571,14561.77,779.17,0,0,0.0000
572,14432.76,707.56,NaN,NaN,NaN
573,14100.20,840.47,2,2,0.0000
574,14236.26,549.71,NaN,NaN,NaN
575,14528.60,694.62,0,0,0.0000
576,14044.81,467.68,0,0,0.0000
577,13974.10,262.65,NaN,NaN,NaN
578,13974.53,658.47,2,3,0.0000
579,14128.79,511.11,2,8,4.0000
580,13990.18,177.22,NaN,NaN,NaN
581,14280.42,618.58,NaN,NaN,NaN
582,14118.98,689.62,0,0,0.0000
583,14070.88,138.84,NaN,NaN,NaN
584,13967.74,470.53,NaN,NaN,NaN
585,13997.13,393.40,0,0,0.0000
586,14165.84,807.81,2,3,0.0000
587,14330.79,666.75,2,2,0.0000
588,14179.17,482.07,NaN,NaN,NaN
589,14158.25,742.95,NaN,NaN,NaN
590,14057.58,419.64,0,0,0.0000
591,14460.33,841.93,2,3,0.0000
592,14197.59,625.98,0,0,0.0000
593,14029.04,697.72,0,0,0.0000
594,14474.42,143.79,NaN,NaN,NaN
595,14422.55,214.43,0,0,0.0000
596,14434.04,150.39,NaN,NaN,NaN
597,13976.17,49.72,NaN,NaN,NaN
598,15431.76,327.35,NaN,NaN,NaN
599,15217.21,587.05,NaN,NaN,NaN
600,14946.31,711.87,2,6,3.0000
601,15139.01,786.18,2,2,0.0000
602,14876.61,246.60,NaN,NaN,NaN
603,15169.98,329.77,NaN,NaN,NaN
604,15235.00,833.01,NaN,NaN,NaN
605,15020.99,664.71,NaN,NaN,NaN
606,15451.22,495.07,0,0,0.0000
607,15440.78,738.48,NaN,NaN,NaN
608,15342.25,208.52,NaN,NaN,NaN
609,15374.88,454.61,0,0,0.0000
610,14994.83,419.03,2,3,0.0000
611,14895.37,419.33,NaN,NaN,NaN
612,15456.65,861.96,NaN,NaN,NaN
613,14861.57,338.73,2,3,0.0000
614,15373.31,91.44,NaN,NaN,NaN
615,15184.96,224.69,2,4,2.0000
616,15252.85,404.04,0,0,0.0000
617,15430.16,145.60,0,0,0.0000
618,14976.33,208.88,0,0,0.0000
619,14970.08,859.62,NaN,NaN,NaN
620,15309.24,126.31,NaN,NaN,NaN
621,15291.38,480.55,0,0,0.0000
622,15333.90,809.25,2,4,2.0000
623,15073.62,725.73,NaN,NaN,NaN
624,14907.99,607.72,0,0,0.0000
625,15207.00,139.36,NaN,NaN,NaN
626,15104.16,270.80,NaN,NaN,NaN
627,15425.51,649.05,2,3,0.0000
628,15348.89,543.44,NaN,NaN,NaN
629,14962.81,499.49,0,0,0.0000
630,15063.81,649.10,NaN,NaN,NaN
631,15297.52,721.47,0,0,0.0000
632,15153.12,857.99,NaN,NaN,NaN
633,15261.95,84.30,2,6,3.0000
634,15107.99,461.68,0,0,0.0000
635,15038.67,257.55,NaN,NaN,NaN
636,15238.36,711.09,NaN,NaN,NaN
637,14912.14,147.12,0,0,0.0000
638,14954.75,567.55,2,3,0.0000
639,15016.70,317.02,NaN,NaN,NaN
640,15134.46,725.25,NaN,NaN,NaN
641,14984.76,115.18,0,0,0.0000
642,14763.85,98.51,2,6,3.0000
643,14819.30,148.92,NaN,NaN,NaN
644,15099.79,359.73,NaN,NaN,NaN
645,15050.68,527.58,NaN,NaN,NaN
646,14982.78,45.32,0,0,0.0000
647,14922.79,460.66,0,0,0.0000
648,15098.18,584.80,NaN,NaN,NaN
649,15092.85,224.03,3,6,2.0000
650,15027.46,465.15,3,5,0.0000
651,15059.54,826.42,NaN,NaN,NaN
652,15274.39,195.96,3,5,0.0000
653,15338.40,887.02,0,0,0.0000
654,15000.47,550.56,0,0,0.0000
655,15266.85,250.26,NaN,NaN,NaN
656,15427.70,61.19,2,5,2.5000
657,15328.25,295.96,NaN,NaN,NaN
658,15100.17,894.28,NaN,NaN,NaN
659,14792.73,197.48,NaN,NaN,NaN
660,15152.63,446.32,0,0,0.0000
661,14936.19,328.39,0,0,0.0000
662,15138.70,658.46,0,0,0.0000
663,14844.65,404.26,NaN,NaN,NaN
664,15315.60,596.27,0,0,0.0000
665,15399.84,206.02,0,0,0.0000
666,15189.20,418.53,NaN,NaN,NaN
667,15197.76,710.83,0,0,0.0000
668,15056.53,568.96,NaN,NaN,NaN
669,15350.99,616.79,NaN,NaN,NaN
670,15058.28,345.16,NaN,NaN,NaN
671,15459.74,201.34,NaN,NaN,NaN
672,15080.62,313.17,NaN,NaN,NaN
673,15530.77,557.38,NaN,NaN,NaN
674,15839.53,127.80,2,6,3.0000
675,15628.40,158.38,0,0,0.0000
676,15913.18,139.21,0,0,0.0000
677,15910.92,878.85,2,1,0.0000
678,15652.77,668.00,NaN,NaN,NaN
679,15826.72,740.07,NaN,NaN,NaN
680,16082.48,109.13,NaN,NaN,NaN
681,15666.14,482.13,0,0,0.0000
682,15747.77,115.19,NaN,NaN,NaN
683,15627.46,823.85,2,3,0.0000
684,15938.54,789.31,NaN,NaN,NaN
685,15509.38,657.65,2,4,2.0000
686,15544.81,351.45,NaN,NaN,NaN
687,15684.09,265.74,3,5,0.0000
688,15629.26,398.69,NaN,NaN,NaN
689,15563.93,738.71,0,0,0.0000
690,15736.47,733.34,2,4,2.0000
691,15737.71,334.89,NaN,NaN,NaN
692,16200.46,109.36,NaN,NaN,NaN
693,15553.21,207.08,NaN,NaN,NaN
694,16345.78,394.11,2,4,2.0000
695,15942.12,273.89,NaN,NaN,NaN
696,16125.55,190.14,0,0,0.0000
697,16263.35,365.47,0,0,0.0000
698,15934.33,333.42,4,9,2.2500
699,15806.07,379.13,NaN,NaN,NaN
700,16047.82,890.62,3,3,0.0000
701,16313.12,455.67,NaN,NaN,NaN
702,15704.23,832.23,NaN,NaN,NaN
703,15729.80,213.86,NaN,NaN,NaN
704,15783.34,52.73,NaN,NaN,NaN
705,15741.89,810.47,NaN,NaN,NaN
706,16259.32,73.29,NaN,NaN,NaN
707,15618.56,571.45,0,0,0.0000
708,16122.65,64.64,NaN,NaN,NaN
709,16007.58,833.23,NaN,NaN,NaN
710,15753.41,268.32,NaN,NaN,NaN
711,15553.72,428.99,0,0,0.0000
712,15589.85,255.63,NaN,NaN,NaN
713,15805.99,264.13,2,4,2.0000
714,16169.82,32.65,NaN,NaN,NaN
715,15952.10,71.58,0,0,0.0000
716,15763.67,183.36,NaN,NaN,NaN
717,15591.63,64.28,0,0,0.0000
718,15627.83,340.44,0,0,0.0000
719,15556.46,260.42,0,0,0.0000
720,15678.67,357.33,NaN,NaN,NaN
721,15503.87,240.01,NaN,NaN,NaN
722,16204.94,380.27,0,0,0.0000
723,15967.41,839.82,NaN,NaN,NaN
724,15863.82,804.33,NaN,NaN,NaN
725,16313.68,311.44,NaN,NaN,NaN
726,15930.59,721.60,0,0,0.0000
727,15548.35,819.67,0,0,0.0000
728,15657.57,751.53,0,0,0.0000
729,15653.07,548.24,0,0,0.0000
730,15663.83,584.07,0,0,0.0000
731,15787.86,819.21,0,0,0.0000
732,16042.38,11.01,0,0,0.0000
733,15513.39,203.01,NaN,NaN,NaN
734,15903.62,754.46,0,0,0.0000
735,824.43,1410.50,4,6,0.0000
736,299.90,1188.95,5,4,0.0000
737,833.40,1599.93,NaN,NaN,NaN
738,292.99,1028.30,4,5,0.0000
739,661.21,1553.64,0,0,0.0000
740,163.96,957.52,NaN,NaN,NaN
741,822.07,1176.71,2,5,2.5000
742,618.27,1632.77,NaN,NaN,NaN
743,716.02,1319.27,NaN,NaN,NaN
744,819.60,1307.92,NaN,NaN,NaN
745,790.03,1544.08,6,6,0.0000
746,402.30,1622.51,4,4,0.0000
747,515.58,1514.59,0,0,0.0000
748,604.41,1480.15,0,0,0.0000
749,99.82,1089.90,NaN,NaN,NaN
750,886.57,1128.33,NaN,NaN,NaN
751,43.16,1069.44,2,2,0.0000
752,379.80,1042.30,NaN,NaN,NaN
753,489.81,1598.48,0,0,0.0000
754,771.33,1273.25,NaN,NaN,NaN
755,497.72,1656.02,NaN,NaN,NaN
756,817.79,1486.09,NaN,NaN,NaN
757,712.81,1425.74,NaN,NaN,NaN
758,351.75,1099.82,NaN,NaN,NaN
759,51.39,1014.00,0,0,0.0000
760,747.89,1461.74,NaN,NaN,NaN
761,85.71,1189.31,NaN,NaN,NaN
762,63.09,1306.56,0,0,0.0000
763,591.18,1558.15,0,0,0.0000
764,94.96,963.26,NaN,NaN,NaN
765,877.03,1268.25,NaN,NaN,NaN
766,93.21,1262.74,0,0,0.0000
767,20.41,1140.10,NaN,NaN,NaN
768,544.44,1607.67,0,0,0.0000
769,207.20,1029.09,NaN,NaN,NaN
770,554.16,1549.62,0,0,0.0000
771,421.65,993.18,3,3,0.0000
772,559.13,1449.69,NaN,NaN,NaN
773,756.05,1656.14,NaN,NaN,NaN
774,45.76,1193.57,0,0,0.0000
775,829.50,1129.39,NaN,NaN,NaN
776,342.77,1181.69,NaN,NaN,NaN
777,725.92,1617.12,NaN,NaN,NaN
778,643.27,1438.16,NaN,NaN,NaN
779,865.47,1512.91,2,6,3.0000
780,982.28,1566.77,NaN,NaN,NaN
781,1318.07,1085.76,0,0,0.0000
782,1580.70,1268.88,NaN,NaN,NaN
783,993.22,1341.26,NaN,NaN,NaN
784,1296.61,1174.41,NaN,NaN,NaN
785,1643.05,1140.63,NaN,NaN,NaN
786,1296.63,954.75,0,0,0.0000
787,1195.35,1247.05,NaN,NaN,NaN
788,1596.98,1375.97,NaN,NaN,NaN
789,1230.15,954.51,3,5,0.0000
790,1045.93,924.14,NaN,NaN,NaN
791,1608.41,1531.48,0,0,0.0000
792,959.35,1179.64,0,0,0.0000
793,1556.24,1127.10,NaN,NaN,NaN
794,1066.31,1072.66,3,7,2.3333
795,925.27,1615.23,NaN,NaN,NaN
796,1105.27,941.81,NaN,NaN,NaN
797,1519.72,1250.69,NaN,NaN,NaN
798,1492.04,1190.03,2,2,0.0000
799,1193.46,1118.05,NaN,NaN,NaN
800,1596.01,1049.58,2,3,0.0000
801,1014.50,1016.64,2,5,2.5000
802,1282.86,1232.33,NaN,NaN,NaN
803,911.02,1342.70,NaN,NaN,NaN
804,1100.68,1124.07,2,3,0.0000
805,1367.97,1155.24,NaN,NaN,NaN
806,1659.59,1470.39,0,0,0.0000
807,1486.76,1587.56,NaN,NaN,NaN
808,1056.57,1203.09,NaN,NaN,NaN
809,1456.41,1264.92,2,5,2.5000
810,1542.32,1498.58,NaN,NaN,NaN
811,1114.82,1171.90,NaN,NaN,NaN
812,927.22,1268.23,NaN,NaN,NaN
813,1515.76,1422.34,NaN,NaN,NaN
814,954.09,1421.61,0,0,0.0000
815,905.50,1403.00,NaN,NaN,NaN
816,1117.15,1246.30,2,3,0.0000
817,1226.50,1023.86,0,0,0.0000
818,1154.35,1208.18,NaN,NaN,NaN
819,1433.24,1100.62,3,3,0.0000
820,1515.04,1360.22,NaN,NaN,NaN
821,999.53,1457.64,NaN,NaN,NaN
822,1159.17,942.86,NaN,NaN,NaN
823,996.04,1252.50,2,5,2.5000
824,1638.24,1412.75,3,9,3.0000
825,1362.94,1024.02,0,0,0.0000
826,1051.81,1280.25,NaN,NaN,NaN
827,1578.02,1649.42,NaN,NaN,NaN
828,1557.34,1426.75,NaN,NaN,NaN
829,1524.54,1632.42,2,2,0.0000
830,1191.54,1179.93,0,0,0.0000
831,1021.53,1425.29,0,0,0.0000
832,1650.09,931.39,0,0,0.0000
833,1421.49,1227.49,2,5,2.5000
834,1414.54,1204.00,2,2,0.0000
835,1370.94,973.25,2,2,0.0000
836,927.38,1122.25,NaN,NaN,NaN
837,1376.93,1212.93,NaN,NaN,NaN
838,1530.11,1576.68,2,2,0.0000
839,944.94,1517.12,NaN,NaN,NaN
840,1242.65,1077.41,0,0,0.0000
841,1559.84,1565.17,NaN,NaN,NaN
842,1045.86,1152.48,2,1,0.0000
843,1396.08,950.37,NaN,NaN,NaN
844,1061.39,1467.38,0,0,0.0000
845,1867.36,953.18,NaN,NaN,NaN
846,1780.00,1652.01,NaN,NaN,NaN
847,1704.16,1015.13,0,0,0.0000
848,2351.07,1076.69,NaN,NaN,NaN
849,1765.04,984.09,4,8,2.0000
850,1677.68,1307.06,3,5,0.0000
851,1887.36,1162.52,NaN,NaN,NaN
852,1832.12,1083.65,NaN,NaN,NaN
853,1736.21,1487.62,NaN,NaN,NaN
854,1870.76,1547.40,NaN,NaN,NaN
855,2374.38,1231.85,2,5,2.5000
856,2337.40,1328.58,3,5,0.0000
857,1865.56,1434.19,NaN,NaN,NaN
858,1918.06,1271.74,NaN,NaN,NaN
859,1795.99,1513.73,2,4,2.0000
860,1745.54,1133.91,NaN,NaN,NaN
861,2403.78,1400.06,0,0,0.0000
862,2322.78,1142.30,NaN,NaN,NaN
863,1932.99,1084.68,NaN,NaN,NaN
864,1728.00,1400.09,NaN,NaN,NaN
865,2313.52,1192.06,0,0,0.0000
866,1786.69,1337.58,NaN,NaN,NaN
867,1969.03,1426.98,0,0,0.0000
868,1904.54,1629.35,2,2,0.0000
869,2012.79,1307.82,NaN,NaN,NaN
870,2045.11,1563.44,NaN,NaN,NaN
871,2017.33,1094.31,2,5,2.5000
872,2226.36,1011.32,3,4,0.0000
873,2007.92,1253.40,NaN,NaN,NaN
874,1696.00,1552.49,0,0,0.0000
875,2047.56,1478.01,NaN,NaN,NaN
876,1954.90,1594.16,NaN,NaN,NaN
877,1954.98,997.00,0,0,0.0000
878,1855.59,1316.94,3,7,2.3333
879,1786.49,1265.82,NaN,NaN,NaN
880,2035.33,1136.43,NaN,NaN,NaN
881,2265.28,1090.91,NaN,NaN,NaN
882,1796.36,1393.65,0,0,0.0000
883,1755.32,1203.36,0,0,0.0000
884,2105.91,1562.94,NaN,NaN,NaN
885,2122.22,1456.12,0,0,0.0000
886,1939.28,1483.95,NaN,NaN,NaN
887,1817.77,1590.55,NaN,NaN,NaN
888,2085.33,1627.52,0,0,0.0000
889,2091.70,1491.12,NaN,NaN,NaN
890,1920.89,1377.31,0,0,0.0000
891,1966.54,1189.83,NaN,NaN,NaN
892,1934.03,1334.87,0,0,0.0000
893,2003.25,1492.22,NaN,NaN,NaN
894,2286.22,1013.35,0,0,0.0000
895,1674.42,1610.86,0,0,0.0000
896,1828.68,1225.82,NaN,NaN,NaN
897,2189.62,986.61,NaN,NaN,NaN
898,2025.40,1216.69,0,0,0.0000
899,1686.90,899.99,0,0,0.0000
900,2027.36,1653.00,0,0,0.0000
901,2410.28,1140.62,NaN,NaN,NaN
902,1996.34,1174.74,0,0,0.0000
903,1674.13,1065.81,0,0,0.0000
904,2480.55,1507.11,NaN,NaN,NaN
905,2571.32,1242.39,NaN,NaN,NaN
906,2600.82,1440.07,2,3,0.0000
907,2636.93,1313.00,0,0,0.0000
908,3091.32,1140.67,0,0,0.0000
909,2438.64,1314.34,NaN,NaN,NaN
910,2520.42,1397.45,NaN,NaN,NaN
911,2514.23,1136.85,3,1,0.0000
912,2525.93,1188.12,NaN,NaN,NaN
913,3191.24,1373.56,2,6,3.0000
914,2445.78,1423.47,NaN,NaN,NaN
915,2567.46,1304.14,NaN,NaN,NaN
916,2461.47,1222.21,NaN,NaN,NaN
917,3039.72,1273.76,NaN,NaN,NaN
918,2714.56,1384.60,0,0,0.0000
919,3191.58,1175.79,3,4,0.0000
920,2457.46,1083.83,NaN,NaN,NaN
921,3097.10,1335.84,NaN,NaN,NaN
922,2677.68,1424.09,0,0,0.0000
923,3104.59,1201.73,0,0,0.0000
924,3144.06,1394.86,0,0,0.0000
925,2994.99,1184.74,2,3,0.0000
926,3147.38,1325.96,NaN,NaN,NaN
927,3054.86,1207.53,2,6,3.0000
928,2555.90,1347.38,NaN,NaN,NaN
929,2462.28,1358.19,NaN,NaN,NaN
930,2564.54,1126.28,0,0,0.0000
931,3184.90,1227.44,2,1,0.0000
932,2549.27,1062.80,0,0,0.0000
933,2713.47,1225.00,NaN,NaN,NaN
934,2502.81,1345.35,0,0,0.0000
935,3336.08,1036.67,NaN,NaN,NaN
936,3504.71,1590.25,NaN,NaN,NaN
937,3337.11,1454.59,NaN,NaN,NaN
938,3307.46,1511.80,0,0,0.0000
939,3390.07,1373.26,NaN,NaN,NaN
940,3417.72,1609.14,NaN,NaN,NaN
941,3370.85,1177.50,3,5,0.0000
942,3410.90,1037.73,NaN,NaN,NaN
943,3423.64,1123.46,2,4,2.0000
944,3325.20,1597.65,NaN,NaN,NaN
945,3233.25,1281.11,2,4,2.0000
946,3640.97,1650.11,0,0,0.0000
947,3525.16,1415.19,4,4,0.0000
948,3412.87,1538.64,3,7,2.3333
949,3425.72,1273.33,0,0,0.0000
950,3663.68,1514.42,NaN,NaN,NaN
951,3703.31,1527.18,NaN,NaN,NaN
952,3335.68,1350.59,3,5,0.0000
953,3734.78,1577.42,NaN,NaN,NaN
954,3549.81,1478.55,0,0,0.0000
955,3428.66,1350.39,2,3,0.0000
956,3580.28,1574.75,NaN,NaN,NaN
957,3879.73,1657.77,2,3,0.0000
958,3514.25,1294.39,3,6,2.0000
959,3288.51,1171.42,NaN,NaN,NaN
960,3262.96,1431.95,NaN,NaN,NaN
961,3326.93,1298.88,NaN,NaN,NaN
962,3696.26,1595.55,NaN,NaN,NaN
963,3248.17,1509.43,NaN,NaN,NaN
964,3284.09,1321.37,0,0,0.0000
965,3272.56,1131.87,NaN,NaN,NaN
966,3467.07,1055.47,NaN,NaN,NaN
967,3440.70,1467.77,2,4,2.0000
968,3200.35,1131.35,3,5,0.0000
969,3398.00,971.12,2,4,2.0000
970,3464.58,1210.25,0,0,0.0000
971,3252.02,1107.40,NaN,NaN,NaN
972,3205.07,1063.58,NaN,NaN,NaN
973,3585.84,1495.55,0,0,0.0000
974,3491.68,1457.22,0,0,0.0000
975,3635.09,1550.00,0,0,0.0000
976,3480.41,1371.05,3,4,0.0000
977,4615.72,1163.24,0,0,0.0000
978,4226.00,964.20,2,7,3.5000
979,4613.07,1320.33,2,2,0.0000
980,4577.64,1007.11,NaN,NaN,NaN
981,4688.69,1085.38,0,0,0.0000
982,4571.72,1239.17,NaN,NaN,NaN
983,4524.31,1385.75,0,0,0.0000
984,4713.88,1182.55,0,0,0.0000
985,4724.63,1036.21,0,0,0.0000
986,4604.61,932.34,0,0,0.0000
987,4418.81,943.65,0,0,0.0000
988,4398.61,1249.75,3,4,0.0000
989,4276.01,1253.49,NaN,NaN,NaN
990,4471.63,1131.09,2,3,0.0000
991,4452.01,1066.17,2,3,0.0000
992,4511.41,1063.08,0,0,0.0000
993,4517.94,1003.26,3,5,0.0000
994,4173.35,925.97,0,0,0.0000
995,4293.89,1104.65,0,0,0.0000
996,4539.43,1142.69,NaN,NaN,NaN
997,4388.37,1207.44,NaN,NaN,NaN
998,4328.70,931.63,NaN,NaN,NaN
999,4464.39,1339.66,0,0,0.0000
1000,4114.95,900.78,0,0,0.0000
1001,4382.35,1011.11,NaN,NaN,NaN
1002,4515.63,1207.05,0,0,0.0000
1003,4483.58,1288.92,0,0,0.0000
1004,4438.52,1151.68,NaN,NaN,NaN
1005,4459.04,1234.49,3,5,0.0000
1006,4331.14,1198.00,NaN,NaN,NaN
1007,4387.30,1158.72,0,0,0.0000
1008,4096.23,974.49,NaN,NaN,NaN
1009,4531.76,1306.67,0,0,0.0000
1010,4047.72,1024.77,3,4,0.0000
1011,4546.52,1036.95,0,0,0.0000
1012,4932.56,962.28,0,0,0.0000
1013,4814.02,1213.43,NaN,NaN,NaN
1014,5162.67,1294.87,3,6,2.0000
1015,4951.59,1349.40,0,0,0.0000
1016,4935.96,1094.43,NaN,NaN,NaN
1017,5309.84,1131.57,NaN,NaN,NaN
1018,5128.80,1640.88,0,0,0.0000
1019,5187.89,1450.57,NaN,NaN,NaN
1020,5120.14,1331.77,0,0,0.0000
1021,4827.28,1060.93,NaN,NaN,NaN
1022,5018.79,1016.15,NaN,NaN,NaN
1023,5406.59,1012.70,2,3,0.0000
1024,5288.99,913.55,2,2,0.0000
1025,5423.30,1277.12,NaN,NaN,NaN
1026,4930.14,1188.04,NaN,NaN,NaN
1027,4859.96,1137.22,NaN,NaN,NaN
1028,5373.93,1099.16,0,0,0.0000
1029,5213.55,1238.94,0,0,0.0000
1030,4946.54,1476.27,0,0,0.0000
1031,5127.31,1442.14,NaN,NaN,NaN
1032,5301.20,1072.61,NaN,NaN,NaN
1033,5337.32,1013.37,NaN,NaN,NaN
1034,5454.18,916.24,4,2,0.0000
1035,5463.33,1085.00,NaN,NaN,NaN
1036,5104.97,1558.50,4,7,0.0000
1037,5218.16,900.25,NaN,NaN,NaN
1038,5274.68,1367.63,NaN,NaN,NaN
1039,5283.25,1008.62,NaN,NaN,NaN
1040,5372.56,1469.56,2,3,0.0000
1041,5272.02,957.95,NaN,NaN,NaN
1042,5181.31,1598.01,NaN,NaN,NaN
1043,5468.16,981.76,NaN,NaN,NaN
1044,4778.20,1108.35,0,0,0.0000
1045,5432.42,1146.29,0,0,0.0000
1046,5485.80,1175.81,NaN,NaN,NaN
1047,5053.57,1465.35,NaN,NaN,NaN
1048,5382.99,1540.39,NaN,NaN,NaN
1049,5460.24,1424.49,NaN,NaN,NaN
1050,5345.84,1581.03,2,6,3.0000
1051,5457.87,1209.45,NaN,NaN,NaN
1052,5074.14,1084.72,0,0,0.0000
1053,5470.51,1584.72,NaN,NaN,NaN
1054,4887.31,1284.44,0,0,0.0000
1055,5366.49,1414.88,0,0,0.0000
1056,4957.08,1423.28,0,0,0.0000
1057,4788.71,1000.65,3,8,2.6667
1058,5364.85,1214.51,2,4,2.0000
1059,5361.39,966.55,0,0,0.0000
1060,5395.52,1134.52,NaN,NaN,NaN
1061,5379.79,1319.33,2,3,0.0000
1062,5464.82,1048.60,0,0,0.0000
1063,5205.91,1406.50,NaN,NaN,NaN
1064,5200.08,1521.17,NaN,NaN,NaN
1065,4971.79,1643.74,NaN,NaN,NaN
1066,4971.08,1257.06,NaN,NaN,NaN
1067,5384.88,1261.98,3,4,0.0000
1068,5368.63,927.72,NaN,NaN,NaN
1069,5057.66,1200.40,3,2,0.0000
1070,5347.80,1346.14,0,0,0.0000
1071,5008.19,1431.73,0,0,0.0000
1072,5444.76,1522.40,NaN,NaN,NaN
1073,5458.44,1479.82,0,0,0.0000
1074,5254.52,1574.48,NaN,NaN,NaN
1075,4950.68,899.63,2,4,2.0000
1076,5286.69,1640.75,2,7,3.5000
1077,5407.57,1606.65,NaN,NaN,NaN
1078,6236.14,1576.27,NaN,NaN,NaN
1079,6115.40,1162.76,NaN,NaN,NaN
1080,6148.93,1320.11,0,0,0.0000
1081,6259.15,1069.99,3,10,3.3333
1082,6091.81,1076.36,NaN,NaN,NaN
1083,5936.16,1611.09,2,3,0.0000
1084,6058.10,1623.31,NaN,NaN,NaN
1085,6176.69,904.41,NaN,NaN,NaN
1086,5943.28,1187.31,NaN,NaN,NaN
1087,6215.03,1192.47,0,0,0.0000
1088,6171.88,1050.53,0,0,0.0000
1089,6054.10,951.98,0,0,0.0000
1090,5806.77,1572.08,3,6,2.0000
1091,6100.03,1391.79,NaN,NaN,NaN
1092,5923.86,1322.10,NaN,NaN,NaN
1093,5854.06,1482.58,0,0,0.0000
1094,5973.52,1464.78,NaN,NaN,NaN
1095,6226.48,1373.42,0,0,0.0000
1096,6069.25,1535.23,NaN,NaN,NaN
1097,5900.95,1414.48,NaN,NaN,NaN
1098,6055.59,1456.77,NaN,NaN,NaN
1099,5981.37,1548.01,NaN,NaN,NaN
1100,5513.05,913.33,NaN,NaN,NaN
1101,6021.93,1272.67,2,6,3.0000
1102,6004.43,1094.26,NaN,NaN,NaN
1103,6037.70,1167.73,NaN,NaN,NaN
1104,5956.27,1250.39,4,3,0.0000
1105,6235.37,1641.68,3,2,0.0000
1106,6139.42,1524.30,0,0,0.0000
1107,5992.74,1027.52,NaN,NaN,NaN
1108,5964.54,1354.27,NaN,NaN,NaN
1109,6176.20,1247.64,0,0,0.0000
1110,6049.00,1338.49,2,3,0.0000
1111,6257.48,1441.15,2,9,4.5000
1112,5909.32,1475.75,NaN,NaN,NaN
1113,5520.13,990.69,2,2,0.0000
1114,5923.01,1502.59,NaN,NaN,NaN
1115,6199.06,1656.19,NaN,NaN,NaN
1116,6099.16,1001.47,NaN,NaN,NaN
1117,6389.55,1284.11,2,1,0.0000
1118,6674.20,1200.28,NaN,NaN,NaN
1119,7012.68,1424.35,2,3,0.0000
1120,6494.74,1020.54,0,0,0.0000
1121,6488.05,1289.17,NaN,NaN,NaN
1122,6376.90,1142.59,0,0,0.0000
1123,6532.05,897.21,NaN,NaN,NaN
1124,6531.69,1574.77,2,1,0.0000
1125,6909.11,1168.33,NaN,NaN,NaN
1126,6403.79,1029.91,0,0,0.0000
1127,6720.15,1337.26,NaN,NaN,NaN
1128,6908.93,1234.68,NaN,NaN,NaN
1129,6300.37,1367.55,0,0,0.0000
1130,6507.24,1126.56,0,0,0.0000
1131,6779.02,1261.19,2,3,0.0000
1132,6566.67,1206.19,NaN,NaN,NaN
1133,6983.44,1229.56,2,3,0.0000
1134,6869.07,1111.74,NaN,NaN,NaN
1135,6723.80,1094.25,NaN,NaN,NaN
1136,6789.00,1395.29,NaN,NaN,NaN
1137,6863.30,1610.70,2,4,2.0000
1138,6718.19,1468.94,NaN,NaN,NaN
1139,6907.45,1401.12,0,0,0.0000
1140,6772.86,1170.41,NaN,NaN,NaN
1141,6445.58,1195.90,2,1,0.0000
1142,6309.67,1251.08,NaN,NaN,NaN
1143,7016.45,1337.12,NaN,NaN,NaN
1144,6590.58,1286.37,3,3,0.0000
1145,6582.17,1396.68,NaN,NaN,NaN
1146,6727.95,1411.22,NaN,NaN,NaN
1147,6661.87,1562.45,NaN,NaN,NaN
1148,6608.97,932.64,2,5,2.5000
1149,7023.74,1192.46,0,0,0.0000
1150,6454.54,924.70,3,6,2.0000
1151,6668.52,1402.40,0,0,0.0000
1152,6876.70,1502.35,2,7,3.5000
1153,6771.35,1535.80,NaN,NaN,NaN
1154,6699.14,1035.38,3,5,0.0000
1155,6581.90,1035.92,NaN,NaN,NaN
1156,6900.61,927.76,NaN,NaN,NaN
1157,6802.06,1039.50,0,0,0.0000
1158,6715.07,1525.94,NaN,NaN,NaN
1159,6701.53,992.62,3,6,2.0000
1160,6830.50,1535.50,2,9,4.5000
1161,6691.23,1597.92,3,5,0.0000
1162,6742.66,938.81,2,3,0.0000
1163,6612.33,1576.91,2,1,0.0000
1164,6923.95,1308.05,NaN,NaN,NaN
1165,6632.77,1366.04,NaN,NaN,NaN
1166,6613.59,1517.91,2,1,0.0000
1167,6671.72,1651.30,NaN,NaN,NaN
1168,6988.53,1051.70,NaN,NaN,NaN
1169,7031.43,1613.04,2,5,2.5000
1170,6941.51,1602.15,NaN,NaN,NaN
1171,6820.53,1467.26,0,0,0.0000
1172,7006.27,1655.95,NaN,NaN,NaN
1173,6541.44,1343.97,0,0,0.0000
1174,6498.81,1192.02,NaN,NaN,NaN
1175,6577.32,1328.17,NaN,NaN,NaN
1176,6807.75,1629.96,NaN,NaN,NaN
1177,6861.53,1021.36,NaN,NaN,NaN
1178,6575.82,1622.83,NaN,NaN,NaN
1179,6679.91,1275.89,NaN,NaN,NaN
1180,6972.09,1323.92,0,0,0.0000
1181,6908.38,1014.71,2,6,3.0000
1182,6291.72,1175.88,0,0,0.0000
1183,6868.81,1283.88,0,0,0.0000
1184,6724.76,1650.15,NaN,NaN,NaN
1185,7012.89,1558.72,0,0,0.0000
1186,6377.44,1558.41,0,0,0.0000
1187,6977.59,1558.32,3,3,0.0000
1188,6833.78,1177.68,NaN,NaN,NaN
1189,6646.64,1075.00,0,0,0.0000
1190,6779.23,967.68,NaN,NaN,NaN
1191,6837.00,1391.31,0,0,0.0000
1192,6760.26,1580.83,NaN,NaN,NaN
1193,7117.29,1638.35,NaN,NaN,NaN
1194,7130.78,1348.86,NaN,NaN,NaN
1195,7592.01,1053.80,3,7,2.3333
1196,7648.61,1308.92,3,3,0.0000
1197,7592.74,1194.67,NaN,NaN,NaN
1198,7402.13,1390.56,3,8,2.6667
1199,7736.21,1288.40,0,0,0.0000
1200,7315.53,1423.69,NaN,NaN,NaN
1201,7622.68,976.80,NaN,NaN,NaN
1202,7220.50,1347.70,NaN,NaN,NaN
1203,7307.25,1530.89,NaN,NaN,NaN
1204,7281.00,1056.28,NaN,NaN,NaN
1205,7159.73,1253.70,4,10,2.5000
1206,7415.50,1282.25,NaN,NaN,NaN
1207,7583.47,1402.89,NaN,NaN,NaN
1208,7143.77,1493.13,2,4,2.0000
1209,7705.68,1521.77,0,0,0.0000
1210,7601.02,1538.15,NaN,NaN,NaN
1211,7301.36,1614.80,2,4,2.0000
1212,7713.52,990.31,0,0,0.0000
1213,7095.48,1154.88,0,0,0.0000
1214,7284.53,1285.71,NaN,NaN,NaN
1215,7773.05,1591.12,NaN,NaN,NaN
1216,7545.82,918.98,2,3,0.0000
1217,7523.97,1571.68,NaN,NaN,NaN
1218,7731.18,1071.33,0,0,0.0000
1219,7409.30,1605.05,NaN,NaN,NaN
1220,7221.02,949.64,2,3,0.0000
1221,7719.46,910.73,NaN,NaN,NaN
1222,7356.86,1198.35,NaN,NaN,NaN
1223,7665.27,1196.53,0,0,0.0000
1224,7062.55,1498.58,0,0,0.0000
1225,7470.52,1456.77,2,5,2.5000
1226,7346.37,1121.12,3,3,0.0000
1227,7531.23,1090.14,0,0,0.0000
1228,7170.17,1054.13,NaN,NaN,NaN
1229,7702.23,1417.45,0,0,0.0000
1230,7053.42,1279.83,2,4,2.0000
1231,7303.43,898.22,NaN,NaN,NaN
1232,7256.84,1136.26,NaN,NaN,NaN
1233,7444.34,1559.17,NaN,NaN,NaN
1234,7573.43,1563.07,NaN,NaN,NaN
1235,7491.87,1637.23,NaN,NaN,NaN
1236,7559.42,1644.56,3,6,2.0000
1237,7761.49,1648.97,NaN,NaN,NaN
1238,7715.61,1169.53,NaN,NaN,NaN
1239,7791.60,1115.07,3,5,0.0000
1240,7062.69,1052.50,NaN,NaN,NaN
1241,7440.37,1185.39,0,0,0.0000
1242,7567.20,1300.19,2,2,0.0000
1243,7516.26,1250.42,NaN,NaN,NaN
1244,7770.09,1182.16,3,6,2.0000
1245,7231.28,1255.08,NaN,NaN,NaN
1246,7677.91,1600.04,0,0,0.0000
1247,7183.72,1124.81,NaN,NaN,NaN
1248,7070.96,1227.66,2,3,0.0000
1249,7499.54,1298.39,NaN,NaN,NaN
1250,7465.95,1343.03,NaN,NaN,NaN
1251,7367.05,913.01,2,3,0.0000
1252,7200.22,1625.74,NaN,NaN,NaN
1253,7513.82,1373.83,4,4,0.0000
1254,7101.84,1111.61,0,0,0.0000
1255,7285.43,988.63,0,0,0.0000
1256,7195.35,1474.86,0,0,0.0000
1257,7620.89,917.38,0,0,0.0000
1258,7295.26,1481.07,0,0,0.0000
1259,7263.07,930.70,NaN,NaN,NaN
1260,7453.56,918.89,0,0,0.0000
1261,7802.69,923.59,NaN,NaN,NaN
1262,7643.12,1450.40,NaN,NaN,NaN
1263,7403.14,908.85,0,0,0.0000
1264,7739.99,1447.52,0,0,0.0000
1265,7300.05,1354.67,NaN,NaN,NaN
1266,7191.84,1198.94,0,0,0.0000
1267,7229.10,1434.11,0,0,0.0000
1268,7539.16,1472.77,NaN,NaN,NaN
1269,7767.94,1532.47,0,0,0.0000
1270,7271.75,1229.11,NaN,NaN,NaN
1271,7613.82,1484.65,2,2,0.0000
1272,7666.67,1397.61,0,0,0.0000
1273,7277.32,1200.00,0,0,0.0000
1274,7748.38,1128.63,0,0,0.0000
1275,7219.29,1034.00,0,0,0.0000
1276,7091.41,955.00,3,3,0.0000
1277,7388.79,1471.90,NaN,NaN,NaN
1278,7370.17,1060.58,0,0,0.0000
1279,7485.58,1202.34,0,0,0.0000
1280,7780.19,926.21,0,0,0.0000
1281,7518.36,1419.47,NaN,NaN,NaN
1282,7207.52,1161.91,NaN,NaN,NaN
1283,8093.60,1580.74,NaN,NaN,NaN
1284,8398.74,904.61,NaN,NaN,NaN
1285,8389.36,1201.73,NaN,NaN,NaN
1286,8509.61,1520.48,0,0,0.0000
1287,8214.34,1296.98,NaN,NaN,NaN
1288,8220.96,1154.85,NaN,NaN,NaN
1289,8310.09,1256.50,2,5,2.5000
1290,7815.55,1045.19,NaN,NaN,NaN
1291,8492.06,1399.42,0,0,0.0000
1292,8265.86,1399.82,NaN,NaN,NaN
1293,8525.71,1013.69,NaN,NaN,NaN
1294,8196.68,1007.42,0,0,0.0000
1295,8197.59,1453.74,NaN,NaN,NaN
1296,8102.10,953.18,NaN,NaN,NaN
1297,8276.27,1022.10,NaN,NaN,NaN
1298,8423.54,1388.10,NaN,NaN,NaN
1299,8373.13,1606.99,3,6,2.0000
1300,8473.43,1658.15,0,0,0.0000
1301,8116.44,1038.18,NaN,NaN,NaN
1302,7970.80,1485.59,NaN,NaN,NaN
1303,8283.49,905.99,0,0,0.0000
1304,8430.80,1315.54,2,1,0.0000
1305,8329.45,1562.61,NaN,NaN,NaN
1306,8017.58,1417.62,NaN,NaN,NaN
1307,7988.97,1618.83,2,2,0.0000
1308,8180.34,1536.58,0,0,0.0000
1309,8331.38,1043.93,NaN,NaN,NaN
1310,8157.48,1343.15,NaN,NaN,NaN
1311,8404.47,1066.84,NaN,NaN,NaN
1312,8434.46,1565.84,NaN,NaN,NaN
1313,7879.04,1615.06,0,0,0.0000
1314,8083.45,1259.84,NaN,NaN,NaN
1315,8099.32,1159.11,NaN,NaN,NaN
1316,8527.48,1173.37,NaN,NaN,NaN
1317,8025.26,1037.82,0,0,0.0000
1318,8550.37,1443.43,NaN,NaN,NaN
1319,8465.78,1138.94,2,3,0.0000
1320,8524.02,1113.54,0,0,0.0000
1321,8500.75,1305.83,2,2,0.0000
1322,8004.64,929.63,NaN,NaN,NaN
1323,8116.32,1353.31,NaN,NaN,NaN
1324,8332.10,1418.18,NaN,NaN,NaN
1325,7903.14,1372.84,NaN,NaN,NaN
1326,8110.75,1450.78,0,0,0.0000
1327,7928.82,1515.08,NaN,NaN,NaN
1328,7936.87,1205.45,NaN,NaN,NaN
1329,7949.60,1262.43,0,0,0.0000
1330,7839.29,1516.97,NaN,NaN,NaN
1331,8157.38,1109.24,NaN,NaN,NaN
1332,8535.28,1609.94,NaN,NaN,NaN
1333,8087.24,1394.47,NaN,NaN,NaN
1334,7896.31,1274.54,2,4,2.0000
1335,8462.69,1048.79,2,4,2.0000
1336,8155.93,1442.42,NaN,NaN,NaN
1337,8141.03,1229.78,0,0,0.0000
1338,7983.68,1322.18,3,8,2.6667
1339,8021.45,1301.25,NaN,NaN,NaN
1340,8403.85,1471.05,0,0,0.0000
1341,7892.92,1486.64,NaN,NaN,NaN
1342,8509.20,1253.67,NaN,NaN,NaN
1343,7959.81,939.15,0,0,0.0000
1344,8163.18,1183.71,NaN,NaN,NaN
1345,8281.02,956.16,NaN,NaN,NaN
1346,7845.85,1568.91,NaN,NaN,NaN
1347,8035.05,1205.79,3,2,0.0000
1348,8059.05,1314.65,NaN,NaN,NaN
1349,8297.55,1341.44,NaN,NaN,NaN
1350,8442.26,980.97,NaN,NaN,NaN
1351,8378.69,1409.79,0,0,0.0000
1352,8363.89,1526.01,2,5,2.5000
1353,7948.17,1343.20,NaN,NaN,NaN
1354,8089.55,1003.55,3,3,0.0000
1355,8477.23,969.09,0,0,0.0000
1356,8180.70,1640.00,0,0,0.0000
1357,8346.58,1348.85,NaN,NaN,NaN
1358,8484.68,907.29,0,0,0.0000
1359,8394.80,1116.34,0,0,0.0000
1360,8590.20,966.50,NaN,NaN,NaN
1361,9971.13,1544.64,NaN,NaN,NaN
1362,9974.39,1631.34,2,3,0.0000
1363,9911.74,1607.45,0,0,0.0000
1364,10070.71,1597.85,2,4,2.0000
1365,10057.78,1383.02,NaN,NaN,NaN
1366,9658.28,1394.26,NaN,NaN,NaN
1367,10008.08,1468.93,NaN,NaN,NaN
1368,10065.46,1499.58,NaN,NaN,NaN
1369,9692.37,1411.50,4,4,0.0000
1370,10251.00,1479.94,NaN,NaN,NaN
1371,10282.86,1598.85,0,0,0.0000
1372,10470.86,1576.40,3,3,0.0000
1373,10142.45,1547.39,2,3,0.0000
1374,10334.80,1447.80,0,0,0.0000
1375,10571.41,1437.39,NaN,NaN,NaN
1376,10129.51,1450.47,4,5,0.0000
1377,10554.03,1543.08,2,3,0.0000
1378,10240.94,1379.26,0,0,0.0000
1379,10635.00,1567.22,NaN,NaN,NaN
1380,10368.48,1534.80,0,0,0.0000
1381,10595.58,1509.27,NaN,NaN,NaN
1382,10476.82,1478.07,2,2,0.0000
1383,10434.10,1485.52,0,0,0.0000
1384,10434.25,1320.73,NaN,NaN,NaN
1385,10395.74,1352.08,NaN,NaN,NaN
1386,10423.75,1644.59,0,0,0.0000
1387,10305.44,1303.06,2,1,0.0000
1388,10558.75,1588.16,NaN,NaN,NaN
1389,10179.61,1429.38,NaN,NaN,NaN
1390,10180.23,1663.25,NaN,NaN,NaN
1391,10392.08,1417.20,0,0,0.0000
1392,10245.32,1643.11,0,0,0.0000
1393,10659.06,1642.02,NaN,NaN,NaN
1394,10242.02,1310.18,0,0,0.0000
1395,10437.70,1396.02,NaN,NaN,NaN
1396,10249.51,1280.81,0,0,0.0000
1397,10505.78,1653.09,NaN,NaN,NaN
1398,10112.26,1331.58,0,0,0.0000
1399,10173.26,1608.55,NaN,NaN,NaN
1400,10437.97,1367.41,NaN,NaN,NaN
1401,10314.46,1362.24,NaN,NaN,NaN
1402,10359.35,1316.88,0,0,0.0000
1403,11245.42,918.53,0,0,0.0000
1404,11196.89,1067.03,2,6,3.0000
1405,11326.96,1073.45,0,0,0.0000
1406,11329.94,1648.31,2,4,2.0000
1407,11319.69,1293.03,0,0,0.0000
1408,11188.10,1145.09,NaN,NaN,NaN
1409,11348.72,1009.32,NaN,NaN,NaN
1410,11283.29,1375.00,3,7,2.3333
1411,11335.35,932.92,0,0,0.0000
1412,11274.71,1067.99,NaN,NaN,NaN
1413,11167.58,1008.58,0,0,0.0000
1414,11254.82,1309.65,NaN,NaN,NaN
1415,11530.18,993.65,NaN,NaN,NaN
1416,11173.52,925.25,0,0,0.0000
1417,11320.18,1152.22,0,0,0.0000
1418,11194.43,1628.19,0,0,0.0000
1419,11203.44,1385.90,2,4,2.0000
1420,11231.46,1490.40,2,2,0.0000
1421,11353.65,1219.59,0,0,0.0000
1422,11124.48,1053.74,NaN,NaN,NaN
1423,11122.20,1152.30,2,2,0.0000
1424,11098.59,1492.39,3,8,2.6667
1425,11235.11,1436.69,3,3,0.0000
1426,11107.10,1112.41,NaN,NaN,NaN
1427,11276.40,1444.10,0,0,0.0000
1428,12339.19,1524.63,0,0,0.0000
1429,12263.09,1590.08,0,0,0.0000
1430,13031.38,1538.73,NaN,NaN,NaN
1431,12771.22,1419.70,0,0,0.0000
1432,12688.79,1460.81,NaN,NaN,NaN
1433,12576.43,1466.30,NaN,NaN,NaN
1434,12534.59,1565.64,NaN,NaN,NaN
1435,12656.20,1556.29,NaN,NaN,NaN
1436,12896.37,1495.19,2,3,0.0000
1437,12984.85,1475.42,NaN,NaN,NaN
1438,12753.55,1554.81,NaN,NaN,NaN
1439,12596.86,1523.27,NaN,NaN,NaN
1440,12865.75,1346.98,0,0,0.0000
1441,12883.49,1632.31,NaN,NaN,NaN
1442,12652.83,1609.41,0,0,0.0000
1443,13085.87,1480.38,0,0,0.0000
1444,12952.18,1551.61,2,5,2.5000
1445,13115.99,1557.67,NaN,NaN,NaN
1446,12973.12,1647.98,NaN,NaN,NaN
1447,13200.97,1615.57,NaN,NaN,NaN
1448,13904.34,988.17,NaN,NaN,NaN
1449,13949.27,1061.13,NaN,NaN,NaN
1450,13833.20,915.68,0,0,0.0000
1451,13947.86,994.21,NaN,NaN,NaN
1452,13882.31,1020.62,NaN,NaN,NaN
1453,13929.72,925.74,NaN,NaN,NaN
1454,14672.49,1248.64,0,0,0.0000
1455,14618.88,1404.01,NaN,NaN,NaN
1456,14630.94,914.12,NaN,NaN,NaN
1457,14070.87,975.52,NaN,NaN,NaN
1458,14230.53,1207.57,3,5,0.0000
1459,14028.57,1066.41,0,0,0.0000
1460,14639.15,1033.76,NaN,NaN,NaN
1461,14516.75,1663.89,NaN,NaN,NaN
1462,14374.80,1509.01,NaN,NaN,NaN
1463,14421.23,1264.18,NaN,NaN,NaN
1464,13989.14,927.54,NaN,NaN,NaN
1465,14154.90,1021.49,3,2,0.0000
1466,14326.34,1416.07,NaN,NaN,NaN
1467,14491.97,1342.54,0,0,0.0000
1468,14462.31,1525.04,0,0,0.0000
1469,14485.91,1467.40,2,5,2.5000
1470,14600.35,1572.29,NaN,NaN,NaN
1471,14403.94,1364.02,NaN,NaN,NaN
1472,14330.79,1301.90,2,3,0.0000
1473,14543.28,1155.42,NaN,NaN,NaN
1474,14541.57,1446.70,2,5,2.5000
1475,14075.39,1264.09,NaN,NaN,NaN
1476,14544.98,1064.96,0,0,0.0000
1477,14104.19,1183.66,0,0,0.0000
1478,14248.73,1096.57,NaN,NaN,NaN
1479,14157.78,1246.58,NaN,NaN,NaN
1480,14042.31,1184.73,0,0,0.0000
1481,14234.33,1325.99,0,0,0.0000
1482,14490.69,916.83,NaN,NaN,NaN
1483,14445.57,1031.04,NaN,NaN,NaN
1484,14615.22,1155.84,0,0,0.0000
1485,14669.64,1520.53,NaN,NaN,NaN
1486,14305.38,1129.58,0,0,0.0000
1487,14561.19,1264.60,3,6,2.0000
1488,14669.50,1600.39,0,0,0.0000
1489,14156.84,1179.46,0,0,0.0000
1490,14184.46,1371.58,NaN,NaN,NaN
1491,14481.61,1096.78,0,0,0.0000
1492,14535.84,1213.99,NaN,NaN,NaN
1493,14283.04,1053.51,0,0,0.0000
1494,13987.31,1165.14,0,0,0.0000
1495,14408.04,1194.23,NaN,NaN,NaN
1496,14594.35,1661.51,0,0,0.0000
1497,14010.75,1214.27,0,0,0.0000
1498,14361.98,1149.08,NaN,NaN,NaN
1499,14642.22,1103.12,NaN,NaN,NaN
1500,14173.53,1300.80,0,0,0.0000
1501,14863.79,1510.69,NaN,NaN,NaN
1502,15104.94,1436.58,NaN,NaN,NaN
1503,15352.03,1578.11,NaN,NaN,NaN
1504,15317.10,1464.52,0,0,0.0000
1505,15189.74,1213.55,NaN,NaN,NaN
1506,15382.52,1321.78,NaN,NaN,NaN
1507,15183.10,1525.91,NaN,NaN,NaN
1508,14977.64,1638.22,0,0,0.0000
1509,14747.80,1587.78,0,0,0.0000
1510,14727.27,1393.38,NaN,NaN,NaN
1511,15469.88,1587.01,3,7,2.3333
1512,15322.32,1363.75,NaN,NaN,NaN
1513,15448.03,950.41,NaN,NaN,NaN
1514,15347.67,955.75,0,0,0.0000
1515,15009.53,1029.40,NaN,NaN,NaN
1516,15284.30,1157.01,0,0,0.0000
1517,15407.92,1249.32,4,5,0.0000
1518,14999.76,1120.30,3,5,0.0000
1519,15268.08,968.25,NaN,NaN,NaN
1520,15247.85,1056.68,2,6,3.0000
1521,15144.95,1089.36,2,6,3.0000
1522,15115.68,1263.62,0,0,0.0000
1523,15225.99,1373.13,NaN,NaN,NaN
1524,14995.60,969.59,NaN,NaN,NaN
1525,15155.57,941.96,NaN,NaN,NaN
1526,15025.42,1542.71,0,0,0.0000
1527,15089.76,1546.70,NaN,NaN,NaN
1528,15039.07,1197.16,2,6,3.0000
1529,15190.41,1415.51,NaN,NaN,NaN
1530,15061.26,1332.60,2,4,2.0000
1531,15400.16,1202.86,NaN,NaN,NaN
1532,15048.90,906.84,NaN,NaN,NaN
1533,15315.36,1231.11,0,0,0.0000
1534,15260.41,1599.69,NaN,NaN,NaN
1535,15443.94,1489.41,0,0,0.0000
1536,15103.04,1162.20,3,5,0.0000
1537,14752.49,1485.85,0,0,0.0000
1538,15457.22,1166.22,NaN,NaN,NaN
1539,15098.22,961.12,NaN,NaN,NaN
1540,15384.41,1646.75,NaN,NaN,NaN
1541,15302.51,1068.00,0,0,0.0000
1542,15000.44,1480.30,0,0,0.0000
1543,14915.01,1571.87,2,3,0.0000
1544,15041.62,1602.22,0,0,0.0000
1545,15475.42,1268.84,0,0,0.0000
1546,14892.41,1602.35,0,0,0.0000
1547,15422.72,1061.90,0,0,0.0000
1548,15065.14,1054.24,NaN,NaN,NaN
1549,15425.93,1023.88,2,6,3.0000
1550,14795.54,1370.00,0,0,0.0000
1551,15463.61,1093.21,0,0,0.0000
1552,15282.31,896.53,NaN,NaN,NaN
1553,15138.67,1014.81,NaN,NaN,NaN
1554,15428.22,1386.44,NaN,NaN,NaN
1555,15387.78,1114.36,NaN,NaN,NaN
1556,15401.15,902.37,0,0,0.0000
1557,14843.67,1605.00,0,0,0.0000
1558,15087.67,1064.94,NaN,NaN,NaN
1559,15073.17,954.17,0,0,0.0000
1560,14925.09,1475.24,0,0,0.0000
1561,15594.14,1276.16,2,4,2.0000
1562,15916.58,1380.76,NaN,NaN,NaN
1563,16128.03,1613.43,NaN,NaN,NaN
1564,15557.91,1459.99,0,0,0.0000
1565,15826.14,1241.84,NaN,NaN,NaN
1566,15732.94,1262.80,NaN,NaN,NaN
1567,15707.63,1160.70,0,0,0.0000
1568,15768.67,1634.62,NaN,NaN,NaN
1569,15984.75,1631.12,2,3,0.0000
1570,15607.78,1111.78,3,5,0.0000
1571,16229.59,1385.90,NaN,NaN,NaN
1572,16099.03,1464.59,3,5,0.0000
1573,15719.52,1364.90,NaN,NaN,NaN
1574,15659.04,901.80,NaN,NaN,NaN
1575,15860.83,1568.28,NaN,NaN,NaN
1576,16040.84,1126.84,NaN,NaN,NaN
1577,15774.98,907.32,0,0,0.0000
1578,15927.20,1593.81,NaN,NaN,NaN
1579,16231.97,1659.95,NaN,NaN,NaN
1580,16113.82,1243.87,0,0,0.0000
1581,15987.20,1499.86,0,0,0.0000
1582,15743.05,1500.21,3,5,0.0000
1583,15610.80,1590.84,NaN,NaN,NaN
1584,16300.71,1468.18,NaN,NaN,NaN
1585,16298.55,1622.46,NaN,NaN,NaN
1586,16215.85,1531.13,NaN,NaN,NaN
1587,15637.07,1406.96,0,0,0.0000
1588,15549.82,932.07,NaN,NaN,NaN
1589,16267.07,1497.60,0,0,0.0000
1590,15743.29,1065.84,2,3,0.0000
1591,15843.60,1489.56,0,0,0.0000
1592,15573.72,915.63,NaN,NaN,NaN
1593,15878.79,1087.91,NaN,NaN,NaN
1594,15851.74,917.40,NaN,NaN,NaN
1595,15553.29,1606.23,0,0,0.0000
1596,16163.58,1381.03,2,1,0.0000
1597,16037.48,1541.76,NaN,NaN,NaN
1598,16071.86,1048.24,NaN,NaN,NaN
1599,15539.97,1071.88,0,0,0.0000
1600,16163.90,1124.84,0,0,0.0000
1601,15580.06,1544.40,0,0,0.0000
1602,15950.80,1201.91,0,0,0.0000
1603,15578.33,1033.22,NaN,NaN,NaN
1604,16045.83,1311.68,NaN,NaN,NaN
1605,15512.68,974.38,NaN,NaN,NaN
1606,16157.12,1195.06,2,2,0.0000
1607,15796.90,1044.20,0,0,0.0000
1608,15902.21,1203.56,NaN,NaN,NaN
1609,16129.76,1140.84,NaN,NaN,NaN
1610,16362.07,1618.92,NaN,NaN,NaN
1611,16208.48,1583.79,4,7,0.0000
1612,15909.93,1489.74,0,0,0.0000
1613,15795.50,1545.26,0,0,0.0000
1614,15759.46,997.30,3,6,2.0000
1615,15924.78,1131.54,0,0,0.0000
1616,16158.21,1307.90,0,0,0.0000
1617,15839.05,1035.71,0,0,0.0000
1618,15659.28,1032.80,0,0,0.0000
1619,16070.43,1395.66,NaN,NaN,NaN
1620,15935.32,1051.03,3,4,0.0000
1621,15971.52,1245.40,0,0,0.0000
1622,16078.05,1536.38,2,7,3.5000
1623,16001.66,1345.81,2,5,2.5000
1624,15521.54,1158.54,0,0,0.0000
1625,15690.49,1522.49,NaN,NaN,NaN
1626,15887.70,1022.77,0,0,0.0000
1627,15864.99,1142.94,NaN,NaN,NaN
1628,16118.46,1052.02,0,0,0.0000
1629,15780.13,1132.51,4,5,0.0000
1630,15772.51,1431.05,2,4,2.0000
1631,16261.55,1573.87,2,2,0.0000
1632,15747.50,1409.50,2,4,2.0000
1633,16233.28,1250.63,0,0,0.0000
1634,16166.14,1504.85,0,0,0.0000
1635,15715.01,1616.06,2,3,0.0000
1636,15866.69,976.36,3,6,2.0000
1637,15831.18,1653.54,NaN,NaN,NaN
1638,558.21,1991.13,NaN,NaN,NaN
1639,685.20,2033.59,3,4,0.0000
1640,788.15,1744.99,0,0,0.0000
1641,848.86,2232.61,3,7,2.3333
1642,662.59,1802.65,NaN,NaN,NaN
1643,406.55,1876.67,3,4,0.0000
1644,446.32,1765.80,0,0,0.0000
1645,683.98,2120.03,NaN,NaN,NaN
1646,884.46,1787.75,NaN,NaN,NaN
1647,454.95,1995.08,NaN,NaN,NaN
1648,591.76,1862.35,2,1,0.0000
1649,355.25,1764.01,NaN,NaN,NaN
1650,813.20,1985.35,2,3,0.0000
1651,555.55,1675.33,3,4,0.0000
1652,693.00,2235.50,0,0,0.0000
1653,617.12,1724.47,2,3,0.0000
1654,868.82,2076.19,3,2,0.0000
1655,486.97,2110.57,NaN,NaN,NaN
1656,847.64,2306.94,NaN,NaN,NaN
1657,699.71,1943.16,2,2,0.0000
1658,505.97,1937.12,2,3,0.0000
1659,398.07,1678.63,NaN,NaN,NaN
1660,631.58,1961.60,NaN,NaN,NaN
1661,821.62,2122.72,2,4,2.0000
1662,757.08,2014.13,NaN,NaN,NaN
1663,687.55,1696.07,3,3,0.0000
1664,792.82,2162.81,NaN,NaN,NaN
1665,437.47,1919.86,NaN,NaN,NaN
1666,484.90,2053.91,NaN,NaN,NaN
1667,372.00,1821.08,NaN,NaN,NaN
1668,843.06,1695.31,0,0,0.0000
1669,392.51,1969.38,0,0,0.0000
1670,46.47,1705.18,NaN,NaN,NaN
1671,335.09,1688.46,3,5,0.0000
1672,391.86,2024.47,0,0,0.0000
1673,506.44,1711.43,NaN,NaN,NaN
1674,328.86,1835.59,0,0,0.0000
1675,573.32,1786.18,0,0,0.0000
1676,856.28,2160.13,NaN,NaN,NaN
1677,432.86,2065.69,NaN,NaN,NaN
1678,683.80,1899.14,NaN,NaN,NaN
1679,714.69,1869.53,2,2,0.0000
1680,1070.71,2316.11,NaN,NaN,NaN
1681,930.45,2186.82,2,1,0.0000
1682,1035.55,1802.47,NaN,NaN,NaN
1683,1074.64,2131.01,2,6,3.0000
1684,1000.02,1700.81,0,0,0.0000
1685,1068.70,2203.99,NaN,NaN,NaN
1686,1171.30,2193.82,NaN,NaN,NaN
1687,1149.24,1868.45,NaN,NaN,NaN
1688,944.39,1746.68,NaN,NaN,NaN
1689,1005.29,2335.32,2,3,0.0000
1690,921.95,2335.45,NaN,NaN,NaN
1691,1157.04,2122.28,2,3,0.0000
1692,924.59,2275.42,3,2,0.0000
1693,1645.64,1701.68,2,3,0.0000
1694,1163.60,2033.74,NaN,NaN,NaN
1695,1095.68,2092.18,NaN,NaN,NaN
1696,920.01,1670.67,NaN,NaN,NaN
1697,1181.05,2274.21,NaN,NaN,NaN
1698,1062.33,2008.67,NaN,NaN,NaN
1699,1150.15,2237.09,3,7,2.3333
1700,1586.71,1686.27,NaN,NaN,NaN
1701,1216.92,2009.49,NaN,NaN,NaN
1702,1201.73,2133.27,NaN,NaN,NaN
1703,940.13,2127.07,2,5,2.5000
1704,1018.81,2060.10,4,4,0.0000
1705,1002.32,2137.37,4,4,0.0000
1706,2356.08,2398.05,NaN,NaN,NaN
1707,2262.31,2281.26,NaN,NaN,NaN
1708,2168.49,2166.64,4,3,0.0000
1709,2422.77,2347.76,2,6,3.0000
1710,2219.81,2361.44,NaN,NaN,NaN
1711,2345.65,2238.73,0,0,0.0000
1712,2166.85,2078.71,0,0,0.0000
1713,2267.49,2014.93,0,0,0.0000
1714,2101.55,2304.71,NaN,NaN,NaN
1715,2132.62,1685.37,NaN,NaN,NaN
1716,2245.01,2141.00,NaN,NaN,NaN
1717,2367.24,2158.56,0,0,0.0000
1718,2294.63,2108.03,0,0,0.0000
1719,2123.41,2210.69,2,6,3.0000
1720,1895.84,1689.38,3,4,0.0000
1721,2061.58,2248.04,NaN,NaN,NaN
1722,2284.27,2418.42,0,0,0.0000
1723,1971.99,1682.92,NaN,NaN,NaN
1724,1885.12,1763.40,3,1,0.0000
1725,2069.95,1738.50,3,4,0.0000
1726,2291.33,2183.01,0,0,0.0000
1727,2149.47,1746.86,0,0,0.0000
1728,2184.95,1680.40,3,3,0.0000
1729,1943.46,1725.67,3,2,0.0000
1730,2072.97,2188.81,2,8,4.0000
1731,2155.52,2264.90,0,0,0.0000
1732,2239.47,2421.39,0,0,0.0000
1733,2415.98,2408.76,NaN,NaN,NaN
1734,2087.71,2125.24,0,0,0.0000
1735,2060.31,2158.95,NaN,NaN,NaN
1736,2624.83,1881.77,4,5,0.0000
1737,2527.79,2415.95,0,0,0.0000
1738,2803.81,1725.36,NaN,NaN,NaN
1739,2874.54,2115.76,NaN,NaN,NaN
1740,2861.81,2052.69,2,2,0.0000
1741,2840.53,1941.83,NaN,NaN,NaN
1742,2790.57,2193.91,NaN,NaN,NaN
1743,2894.51,2216.00,NaN,NaN,NaN
1744,2945.56,2079.94,NaN,NaN,NaN
1745,2877.69,1980.02,2,3,0.0000
1746,2844.25,1849.81,NaN,NaN,NaN
1747,2662.82,1801.26,NaN,NaN,NaN
1748,2563.15,1800.01,NaN,NaN,NaN
1749,3009.83,2383.47,NaN,NaN,NaN
1750,2772.10,1950.85,NaN,NaN,NaN
1751,2761.12,2119.39,0,0,0.0000
1752,2779.96,2056.30,NaN,NaN,NaN
1753,2871.00,2408.74,NaN,NaN,NaN
1754,2765.43,1866.31,NaN,NaN,NaN
1755,2692.73,1927.79,NaN,NaN,NaN
1756,2704.36,1855.49,0,0,0.0000
1757,2554.60,1845.07,2,3,0.0000
1758,2967.33,1873.29,0,0,0.0000
1759,2676.82,1966.07,NaN,NaN,NaN
1760,2810.08,1877.23,NaN,NaN,NaN
1761,2485.69,2322.33,NaN,NaN,NaN
1762,2951.47,2342.97,NaN,NaN,NaN
1763,3000.14,2231.44,NaN,NaN,NaN
1764,2895.40,1874.68,2,2,0.0000
1765,2773.24,1765.02,0,0,0.0000
1766,2723.07,1798.21,0,0,0.0000
1767,3834.29,2042.05,NaN,NaN,NaN
1768,3507.87,1729.44,6,7,0.0000
1769,3732.69,2224.74,0,0,0.0000
1770,3905.77,2142.72,3,5,0.0000
1771,3449.23,1912.75,NaN,NaN,NaN
1772,3722.03,1794.78,NaN,NaN,NaN
1773,3965.38,1983.87,NaN,NaN,NaN
1774,3693.77,2005.48,NaN,NaN,NaN
1775,3800.38,2183.30,2,2,0.0000
1776,3416.10,1664.17,2,3,0.0000
1777,3481.63,1976.43,NaN,NaN,NaN
1778,3673.33,2068.87,NaN,NaN,NaN
1779,3660.61,2145.48,0,0,0.0000
1780,3432.37,1777.91,NaN,NaN,NaN
1781,3365.31,1753.54,NaN,NaN,NaN
1782,3904.59,1887.88,2,6,3.0000
1783,3841.23,1913.14,NaN,NaN,NaN
1784,3718.91,2109.99,0,0,0.0000
1785,3874.20,1740.54,2,4,2.0000
1786,3880.90,1696.40,NaN,NaN,NaN
1787,3669.35,1823.51,NaN,NaN,NaN
1788,3629.27,2102.13,NaN,NaN,NaN
1789,3835.08,2313.74,0,0,0.0000
1790,3768.47,2105.05,2,3,0.0000
1791,3715.16,1883.00,NaN,NaN,NaN
1792,3946.81,2419.88,NaN,NaN,NaN
1793,3918.43,2223.64,0,0,0.0000
1794,3762.74,1919.05,4,2,0.0000
1795,3894.53,2379.22,0,0,0.0000
1796,3875.00,1870.20,2,4,2.0000
1797,3225.87,1821.68,NaN,NaN,NaN
1798,3353.16,1817.23,NaN,NaN,NaN
1799,3295.80,1836.29,NaN,NaN,NaN
1800,3720.49,1946.62,2,2,0.0000
1801,3878.72,2330.44,NaN,NaN,NaN
1802,3771.06,1674.84,NaN,NaN,NaN
1803,3810.93,1951.82,0,0,0.0000
1804,3443.89,1975.11,NaN,NaN,NaN
1805,3820.97,1863.01,NaN,NaN,NaN
1806,3421.22,1719.55,0,0,0.0000
1807,3357.98,1693.33,NaN,NaN,NaN
1808,3291.13,1869.56,0,0,0.0000
1809,3325.90,1670.89,NaN,NaN,NaN
1810,3609.25,1715.65,0,0,0.0000
1811,3517.53,1962.75,NaN,NaN,NaN
1812,3520.08,2008.23,NaN,NaN,NaN
1813,3892.51,2258.67,NaN,NaN,NaN
1814,3314.30,1769.37,NaN,NaN,NaN
1815,3698.62,1689.45,0,0,0.0000
1816,3370.53,1793.03,NaN,NaN,NaN
1817,3922.20,2304.74,0,0,0.0000
1818,3613.30,1962.03,3,6,2.0000
1819,3903.86,1789.40,2,5,2.5000
1820,3970.59,1711.35,NaN,NaN,NaN
1821,4027.49,2090.64,NaN,NaN,NaN
1822,4500.07,2154.30,NaN,NaN,NaN
1823,4479.90,2303.07,NaN,NaN,NaN
1824,3984.70,2161.22,2,1,0.0000
1825,4586.72,2208.50,NaN,NaN,NaN
1826,4135.81,2110.62,3,5,0.0000
1827,4086.80,2020.89,0,0,0.0000
1828,4257.67,2430.80,NaN,NaN,NaN
1829,4115.67,2353.81,NaN,NaN,NaN
1830,4360.70,2263.68,0,0,0.0000
1831,4139.03,2200.46,2,4,2.0000
1832,4029.63,2237.88,NaN,NaN,NaN
1833,4588.32,2302.89,0,0,0.0000
1834,4624.70,2256.92,3,6,2.0000
1835,4197.37,2342.83,0,0,0.0000
1836,4360.59,2155.22,NaN,NaN,NaN
1837,4000.02,2395.25,0,0,0.0000
1838,4075.66,2211.66,NaN,NaN,NaN
1839,4412.71,2201.46,2,2,0.0000
1840,4090.05,1819.58,2,4,2.0000
1841,4128.55,2158.76,NaN,NaN,NaN
1842,4282.28,2173.17,NaN,NaN,NaN
1843,4546.58,2246.53,0,0,0.0000
1844,4703.54,2231.50,0,0,0.0000
1845,3996.08,1675.61,NaN,NaN,NaN
1846,4183.68,2276.94,4,5,0.0000
1847,4164.37,1913.24,NaN,NaN,NaN
1848,4385.91,2315.39,0,0,0.0000
1849,4694.66,2349.47,NaN,NaN,NaN
1850,4021.24,1780.59,0,0,0.0000
1851,4006.21,2335.44,NaN,NaN,NaN
1852,4443.27,2398.26,NaN,NaN,NaN
1853,4367.29,2400.61,NaN,NaN,NaN
1854,4277.90,2226.05,NaN,NaN,NaN
1855,4419.37,2244.87,0,0,0.0000
1856,4107.46,2277.81,3,7,2.3333
1857,4342.32,2320.05,0,0,0.0000
1858,3975.86,2236.85,0,0,0.0000
1859,4410.91,2425.44,NaN,NaN,NaN
1860,4045.11,2381.64,NaN,NaN,NaN
1861,4082.35,2400.93,NaN,NaN,NaN
1862,4246.77,2276.18,2,5,2.5000
1863,4138.34,2424.48,0,0,0.0000
1864,3978.66,2278.60,NaN,NaN,NaN
1865,4629.49,2291.00,NaN,NaN,NaN
1866,4669.40,2210.21,0,0,0.0000
1867,4029.72,1886.90,2,4,2.0000
1868,4177.15,2400.55,NaN,NaN,NaN
1869,4641.07,2190.90,0,0,0.0000
1870,4820.55,2371.27,NaN,NaN,NaN
1871,5440.62,1766.76,NaN,NaN,NaN
1872,5197.95,1718.52,2,2,0.0000
1873,5024.69,1695.45,2,5,2.5000
1874,5111.63,1742.72,2,4,2.0000
1875,5356.96,1756.85,3,7,2.3333
1876,4938.34,2370.48,NaN,NaN,NaN
1877,5156.36,1861.16,NaN,NaN,NaN
1878,5449.43,2008.92,NaN,NaN,NaN
1879,5501.20,1944.33,NaN,NaN,NaN
1880,5426.20,1867.36,NaN,NaN,NaN
1881,5332.10,1845.63,NaN,NaN,NaN
1882,5208.00,1830.78,NaN,NaN,NaN
1883,5106.90,1860.33,NaN,NaN,NaN
1884,5064.35,1851.19,NaN,NaN,NaN
1885,5400.66,1668.16,3,6,2.0000
1886,5083.28,1782.41,NaN,NaN,NaN
1887,5034.37,1787.57,NaN,NaN,NaN
1888,5459.93,1907.71,0,0,0.0000
1889,5161.29,1805.39,0,0,0.0000
1890,5341.54,2417.60,0,0,0.0000
1891,5909.54,2171.09,NaN,NaN,NaN
1892,5822.27,2282.85,0,0,0.0000
1893,5843.38,1811.89,2,5,2.5000
1894,5578.58,2256.40,NaN,NaN,NaN
1895,5655.91,2035.04,NaN,NaN,NaN
1896,5875.92,1885.98,NaN,NaN,NaN
1897,5998.35,2296.01,NaN,NaN,NaN
1898,6033.84,1932.79,NaN,NaN,NaN
1899,6127.94,1977.45,3,6,2.0000
1900,6171.97,2362.64,NaN,NaN,NaN
1901,6150.76,2204.06,3,5,0.0000
1902,6086.90,1714.84,NaN,NaN,NaN
1903,5585.79,1847.92,NaN,NaN,NaN
1904,6201.45,2152.28,2,3,0.0000
1905,5629.61,2383.31,NaN,NaN,NaN
1906,5759.30,2161.16,2,2,0.0000
1907,5781.45,1897.35,NaN,NaN,NaN
1908,6007.50,1998.22,NaN,NaN,NaN
1909,5785.87,2036.10,NaN,NaN,NaN
1910,6011.18,1825.71,3,4,0.0000
1911,5867.73,1727.35,NaN,NaN,NaN
1912,6116.53,2090.27,0,0,0.0000
1913,5722.32,1875.45,0,0,0.0000
1914,5524.01,2096.73,2,2,0.0000
1915,5656.86,2099.72,NaN,NaN,NaN
1916,5755.72,1666.60,NaN,NaN,NaN
1917,6024.31,2431.00,2,3,0.0000
1918,6083.65,1783.02,2,8,4.0000
1919,5666.81,2190.82,NaN,NaN,NaN
1920,6045.95,2068.14,4,9,2.2500
1921,5695.35,2427.08,NaN,NaN,NaN
1922,5756.48,2392.31,NaN,NaN,NaN
1923,5707.40,1965.92,NaN,NaN,NaN
1924,6163.11,1765.74,3,6,2.0000
1925,6069.35,2147.31,NaN,NaN,NaN
1926,6089.88,2424.49,NaN,NaN,NaN
1927,6088.45,1887.56,0,0,0.0000
1928,6254.45,1865.21,NaN,NaN,NaN
1929,6206.36,1924.73,3,4,0.0000
1930,6216.95,1980.87,NaN,NaN,NaN
1931,5715.34,2266.85,NaN,NaN,NaN
1932,5702.28,2179.23,NaN,NaN,NaN
1933,5654.24,2288.19,NaN,NaN,NaN
1934,6271.18,2144.28,NaN,NaN,NaN
1935,5547.99,1987.51,NaN,NaN,NaN
1936,5945.37,1929.67,0,0,0.0000
1937,5635.10,1922.54,NaN,NaN,NaN
1938,5605.02,2172.79,2,3,0.0000
1939,5985.51,2170.26,0,0,0.0000
1940,6242.06,1717.64,2,3,0.0000
1941,5521.76,1781.79,0,0,0.0000
1942,5551.35,2163.94,NaN,NaN,NaN
1943,5921.58,2385.94,0,0,0.0000
1944,6166.57,1683.75,0,0,0.0000
1945,5968.56,1752.06,NaN,NaN,NaN
1946,5886.73,2408.67,0,0,0.0000
1947,6095.41,2328.26,NaN,NaN,NaN
1948,6171.98,1864.35,2,4,2.0000
1949,6139.65,1872.65,NaN,NaN,NaN
1950,5673.21,1922.48,NaN,NaN,NaN
1951,5816.88,2103.15,NaN,NaN,NaN
1952,5905.53,1995.12,0,0,0.0000
1953,6107.49,2375.19,2,6,3.0000
1954,5765.03,1781.27,0,0,0.0000
1955,5837.10,2019.21,NaN,NaN,NaN
1956,5685.28,2354.76,NaN,NaN,NaN
1957,5746.52,2326.92,0,0,0.0000
1958,5826.42,2147.97,0,0,0.0000
1959,6008.32,2221.72,0,0,0.0000
1960,5828.64,1952.52,0,0,0.0000
1961,6113.51,2271.49,NaN,NaN,NaN
1962,5989.51,2115.35,NaN,NaN,NaN
1963,6202.73,1849.43,0,0,0.0000
1964,5815.03,1729.93,NaN,NaN,NaN
1965,5955.16,1858.32,0,0,0.0000
1966,5945.61,2366.22,0,0,0.0000
1967,5941.10,2070.56,0,0,0.0000
1968,6793.26,1873.16,2,6,3.0000
1969,6905.33,1932.99,3,6,2.0000
1970,6924.69,1744.57,2,6,3.0000
1971,6957.45,1971.56,2,3,0.0000
1972,6674.32,2017.91,0,0,0.0000
1973,6281.43,2010.60,NaN,NaN,NaN
1974,6738.54,2066.79,2,4,2.0000
1975,6860.93,2295.43,NaN,NaN,NaN
1976,6954.87,2393.60,NaN,NaN,NaN
1977,6900.81,2326.72,0,0,0.0000
1978,6850.14,2139.61,NaN,NaN,NaN
1979,6539.67,2252.24,0,0,0.0000
1980,6315.43,2213.28,0,0,0.0000
1981,7004.07,2218.24,0,0,0.0000
1982,6990.74,1809.40,NaN,NaN,NaN
1983,6864.23,2034.87,NaN,NaN,NaN
1984,6898.24,2182.89,3,5,0.0000
1985,6783.37,1682.75,NaN,NaN,NaN
1986,7038.78,1736.63,NaN,NaN,NaN
1987,7013.58,1858.10,0,0,0.0000
1988,6626.34,2225.65,0,0,0.0000
1989,7023.16,2420.50,0,0,0.0000
1990,6976.99,2050.39,0,0,0.0000
1991,6790.52,2118.50,NaN,NaN,NaN
1992,6745.76,1983.99,0,0,0.0000
1993,7012.57,1949.90,NaN,NaN,NaN
1994,6291.40,2421.07,0,0,0.0000
1995,6715.75,1886.92,NaN,NaN,NaN
1996,6799.43,2225.54,0,0,0.0000
1997,6945.37,1673.53,NaN,NaN,NaN
1998,6643.97,2300.27,0,0,0.0000
1999,6857.41,1737.66,0,0,0.0000
2000,6761.36,2286.34,2,5,2.5000
2001,6807.71,2061.06,0,0,0.0000
2002,6869.27,2429.94,0,0,0.0000
2003,7002.32,2128.31,0,0,0.0000
2004,7002.80,2014.89,0,0,0.0000
2005,6724.74,1931.25,0,0,0.0000
2006,6801.96,1958.90,NaN,NaN,NaN
2007,6726.14,1691.22,NaN,NaN,NaN
2008,7031.69,2017.05,NaN,NaN,NaN
2009,6781.09,2189.73,NaN,NaN,NaN
2010,7416.92,1821.23,2,5,2.5000
2011,7609.45,1925.81,NaN,NaN,NaN
2012,7136.28,2052.91,NaN,NaN,NaN
2013,7188.12,2267.69,3,8,2.6667
2014,7315.10,2222.55,2,1,0.0000
2015,7377.81,1674.26,NaN,NaN,NaN
2016,7434.53,2380.20,6,8,0.0000
2017,7148.73,1939.66,NaN,NaN,NaN
2018,7744.61,1812.41,2,4,2.0000
2019,7229.27,1701.94,NaN,NaN,NaN
2020,7293.71,2374.02,NaN,NaN,NaN
2021,7549.63,2210.18,NaN,NaN,NaN
2022,7655.41,2220.12,4,18,4.5000
2023,7195.91,2143.71,0,0,0.0000
2024,7320.80,1905.37,2,4,2.0000
2025,7614.31,1735.29,NaN,NaN,NaN
2026,7243.22,2424.27,0,0,0.0000
2027,7043.25,2262.88,NaN,NaN,NaN
2028,7775.55,1708.89,2,4,2.0000
2029,7100.02,1796.36,3,7,2.3333
2030,7505.88,2045.18,0,0,0.0000
2031,7674.67,2399.59,2,7,3.5000
2032,7369.68,2000.92,NaN,NaN,NaN
2033,7097.14,2282.11,NaN,NaN,NaN
2034,7433.30,2228.87,NaN,NaN,NaN
2035,7514.27,1717.16,0,0,0.0000
2036,7621.58,2148.85,0,0,0.0000
2037,7079.97,2360.91,NaN,NaN,NaN
2038,7792.07,2296.64,NaN,NaN,NaN
2039,7463.29,2170.91,2,4,2.0000
2040,7235.22,1776.65,NaN,NaN,NaN
2041,7714.50,1719.17,NaN,NaN,NaN
2042,7668.49,2101.63,0,0,0.0000
2043,7749.01,2251.04,0,0,0.0000
2044,7745.31,2194.18,0,0,0.0000
2045,7398.42,2196.48,NaN,NaN,NaN
2046,7221.22,1956.29,0,0,0.0000
2047,7637.28,2054.38,0,0,0.0000
2048,7262.41,1935.54,0,0,0.0000
2049,7781.32,1938.31,NaN,NaN,NaN
2050,7772.73,2136.79,NaN,NaN,NaN
2051,7077.37,1959.31,NaN,NaN,NaN
2052,7670.57,2019.78,0,0,0.0000
2053,7525.02,2305.17,3,6,2.0000
2054,7299.01,1706.60,0,0,0.0000
2055,7228.36,2099.94,2,5,2.5000
2056,7695.70,2277.63,NaN,NaN,NaN
2057,7627.59,2290.60,NaN,NaN,NaN
2058,7529.82,2381.20,0,0,0.0000
2059,7780.17,2075.82,2,2,0.0000
2060,7255.51,1852.40,NaN,NaN,NaN
2061,7532.88,1761.54,0,0,0.0000
2062,7317.96,1763.51,NaN,NaN,NaN
2063,7744.70,1953.11,0,0,0.0000
2064,7092.90,2414.00,0,0,0.0000
2065,7196.25,1844.52,NaN,NaN,NaN
2066,7419.68,2114.47,0,0,0.0000
2067,7436.60,2012.81,0,0,0.0000
2068,7604.92,2365.70,NaN,NaN,NaN
2069,7067.75,1876.92,5,9,0.0000
2070,7676.70,1670.75,0,0,0.0000
2071,7676.43,1725.35,NaN,NaN,NaN
2072,7480.40,1983.23,0,0,0.0000
2073,7394.69,1918.94,NaN,NaN,NaN
2074,7749.34,2373.63,NaN,NaN,NaN
2075,7513.12,1938.57,NaN,NaN,NaN
2076,7428.09,1932.11,2,4,2.0000
2077,7474.56,2106.20,NaN,NaN,NaN
2078,7437.60,1970.03,0,0,0.0000
2079,7586.23,2031.01,2,5,2.5000
2080,7695.80,2332.46,0,0,0.0000
2081,7746.42,2122.75,0,0,0.0000
2082,7615.91,2410.20,NaN,NaN,NaN
2083,7363.40,2301.77,NaN,NaN,NaN
2084,7331.15,2062.58,0,0,0.0000
2085,7725.36,2354.16,NaN,NaN,NaN
2086,7279.70,1982.21,0,0,0.0000
2087,7387.01,2038.18,NaN,NaN,NaN
2088,8012.95,2254.99,NaN,NaN,NaN
2089,8494.40,1774.02,NaN,NaN,NaN
2090,7843.85,1682.03,2,3,0.0000
2091,7965.16,2093.26,NaN,NaN,NaN
2092,7815.98,2139.67,NaN,NaN,NaN
2093,8453.04,1904.56,NaN,NaN,NaN
2094,7947.38,1834.53,3,6,2.0000
2095,7833.44,1881.29,0,0,0.0000
2096,7937.91,2331.48,3,5,0.0000
2097,7890.14,2351.74,NaN,NaN,NaN
2098,7874.65,2183.22,NaN,NaN,NaN
2099,8140.61,1705.33,0,0,0.0000
2100,7830.10,2339.37,NaN,NaN,NaN
2101,8499.38,1859.01,NaN,NaN,NaN
2102,7879.57,1942.70,2,3,0.0000
2103,7905.91,1722.14,2,4,2.0000
2104,8027.31,1768.87,NaN,NaN,NaN
2105,8047.25,1890.35,NaN,NaN,NaN
2106,8083.73,2114.61,0,0,0.0000
2107,8006.42,1967.59,2,2,0.0000
2108,8033.41,1830.23,3,4,0.0000
2109,8342.00,1721.61,0,0,0.0000
2110,8062.30,1967.31,NaN,NaN,NaN
2111,8382.21,1705.88,NaN,NaN,NaN
2112,8034.79,2082.99,NaN,NaN,NaN
2113,8089.39,1929.69,0,0,0.0000
2114,7887.10,2225.19,0,0,0.0000
2115,7929.64,2022.43,2,4,2.0000
2116,7962.36,1783.24,NaN,NaN,NaN
2117,7940.59,1679.39,NaN,NaN,NaN
2118,7906.77,1891.53,0,0,0.0000
2119,8080.07,1809.06,0,0,0.0000
2120,8394.06,1878.09,NaN,NaN,NaN
2121,7821.25,2233.38,0,0,0.0000
2122,8423.36,1685.84,NaN,NaN,NaN
2123,7928.82,2162.91,NaN,NaN,NaN
2124,8591.86,1748.53,NaN,NaN,NaN
2125,9932.64,2094.20,0,0,0.0000
2126,9968.74,1901.49,0,0,0.0000
2127,10081.91,1960.63,NaN,NaN,NaN
2128,9994.86,1777.10,3,7,2.3333
2129,9823.91,1847.90,NaN,NaN,NaN
2130,10046.61,1819.48,NaN,NaN,NaN
2131,10084.84,2067.84,NaN,NaN,NaN
2132,10032.34,1673.60,NaN,NaN,NaN
2133,9844.89,1944.14,NaN,NaN,NaN
2134,10071.98,2012.99,NaN,NaN,NaN
2135,9967.20,1739.93,NaN,NaN,NaN
2136,9897.74,1880.06,NaN,NaN,NaN
2137,10086.70,1870.38,3,3,0.0000
2138,10096.24,1674.86,NaN,NaN,NaN
2139,10006.08,2032.52,NaN,NaN,NaN
2140,10110.69,2343.54,2,5,2.5000
2141,10098.31,2233.02,NaN,NaN,NaN
2142,10019.09,2110.74,3,4,0.0000
2143,9912.83,1699.25,0,0,0.0000
2144,9785.90,1984.15,0,0,0.0000
2145,10034.92,2287.51,NaN,NaN,NaN
2146,9848.59,2113.05,NaN,NaN,NaN
2147,9886.26,2037.21,0,0,0.0000
2148,9763.37,1867.09,NaN,NaN,NaN
2149,9864.40,2073.27,NaN,NaN,NaN
2150,9918.04,2000.31,0,0,0.0000
2151,10063.67,2232.28,NaN,NaN,NaN
2152,9846.93,2029.29,0,0,0.0000
2153,10363.47,2143.12,NaN,NaN,NaN
2154,10506.87,2342.98,NaN,NaN,NaN
2155,10477.19,2259.11,NaN,NaN,NaN
2156,10465.99,1821.91,0,0,0.0000
2157,10543.74,2100.39,3,2,0.0000
2158,10577.96,1805.63,NaN,NaN,NaN
2159,10384.90,1862.49,NaN,NaN,NaN
2160,10283.71,1814.30,0,0,0.0000
2161,10296.12,2373.77,2,4,2.0000
2162,10121.64,2130.11,NaN,NaN,NaN
2163,10670.17,1809.32,NaN,NaN,NaN
2164,10154.99,2287.64,3,4,0.0000
2165,10162.39,1880.83,NaN,NaN,NaN
2166,10254.14,2011.12,NaN,NaN,NaN
2167,10741.54,2106.09,NaN,NaN,NaN
2168,10307.85,1924.38,NaN,NaN,NaN
2169,10631.66,2429.54,NaN,NaN,NaN
2170,10510.73,2022.23,NaN,NaN,NaN
2171,10451.28,2041.32,2,3,0.0000
2172,10645.66,1972.33,2,3,0.0000
2173,10447.09,2120.85,0,0,0.0000
2174,10767.16,2196.06,NaN,NaN,NaN
2175,10749.32,2397.68,3,4,0.0000
2176,10710.21,2026.07,0,0,0.0000
2177,10544.78,2252.29,NaN,NaN,NaN
2178,10308.25,1727.79,NaN,NaN,NaN
2179,10165.59,1764.34,NaN,NaN,NaN
2180,10117.80,2420.95,NaN,NaN,NaN
2181,10316.83,2203.67,0,0,0.0000
2182,10702.64,2328.65,NaN,NaN,NaN
2183,10118.51,1718.61,NaN,NaN,NaN
2184,10188.95,2086.62,NaN,NaN,NaN
2185,10779.21,1994.22,NaN,NaN,NaN
2186,10166.35,2367.17,NaN,NaN,NaN
2187,10583.41,1681.08,0,0,0.0000
2188,10530.22,1845.38,2,6,3.0000
2189,10379.11,1715.86,0,0,0.0000
2190,10457.33,1707.19,0,0,0.0000
2191,10652.29,2310.41,0,0,0.0000
2192,10543.24,1957.93,0,0,0.0000
2193,10637.58,1736.42,0,0,0.0000
2194,10216.79,2278.79,0,0,0.0000
2195,10381.08,2321.00,0,0,0.0000
2196,10274.19,2267.75,0,0,0.0000
2197,10317.88,1877.23,NaN,NaN,NaN
2198,10264.10,2141.86,0,0,0.0000
2199,10736.66,1940.67,NaN,NaN,NaN
2200,10671.87,2132.64,NaN,NaN,NaN
2201,10783.61,2302.79,0,0,0.0000
2202,10237.56,1739.09,NaN,NaN,NaN
2203,10411.64,1764.39,0,0,0.0000
2204,10685.35,2200.53,NaN,NaN,NaN
2205,10159.04,2037.64,0,0,0.0000
2206,10358.81,2040.05,0,0,0.0000
2207,10595.93,2055.80,0,0,0.0000
2208,10712.13,2256.44,5,6,0.0000
2209,10180.08,1949.57,NaN,NaN,NaN
2210,10757.20,2333.31,0,0,0.0000
2211,10660.89,1868.11,0,0,0.0000
2212,10308.45,2087.25,2,6,3.0000
2213,10448.60,1972.18,0,0,0.0000
2214,10510.94,1712.52,NaN,NaN,NaN
2215,10689.39,2407.35,0,0,0.0000
2216,10258.84,2080.29,NaN,NaN,NaN
2217,10580.13,2307.00,3,4,0.0000
2218,11599.67,2373.69,NaN,NaN,NaN
2219,11645.01,2350.54,0,0,0.0000
2220,12039.00,2288.04,NaN,NaN,NaN
2221,12044.31,2186.88,NaN,NaN,NaN
2222,11927.71,2323.25,0,0,0.0000
2223,12290.41,2412.35,0,0,0.0000
2224,11787.39,2050.71,NaN,NaN,NaN
2225,11891.64,2216.80,NaN,NaN,NaN
2226,12407.49,2352.27,0,0,0.0000
2227,11878.76,2419.09,0,0,0.0000
2228,11781.74,2189.41,NaN,NaN,NaN
2229,12152.82,2274.94,0,0,0.0000
2230,11895.09,2141.96,NaN,NaN,NaN
2231,12143.77,2430.19,0,0,0.0000
2232,11813.77,2358.78,0,0,0.0000
2233,12173.47,2359.00,0,0,0.0000
2234,12241.25,2195.56,2,4,2.0000
2235,11958.27,2160.67,0,0,0.0000
2236,12342.05,2319.01,0,0,0.0000
2237,12153.39,2101.29,NaN,NaN,NaN
2238,12366.15,2406.58,NaN,NaN,NaN
2239,11839.03,2273.37,NaN,NaN,NaN
2240,11708.35,2395.59,0,0,0.0000
2241,11657.01,2395.29,NaN,NaN,NaN
2242,11886.09,2062.31,NaN,NaN,NaN
2243,11838.77,2160.46,NaN,NaN,NaN
2244,12056.25,2379.07,0,0,0.0000
2245,11701.52,2329.25,0,0,0.0000
2246,11663.00,2307.16,0,0,0.0000
2247,12195.05,2166.49,2,8,4.0000
2248,11774.57,2269.80,0,0,0.0000
2249,11742.44,2356.96,0,0,0.0000
2250,11713.72,2257.86,0,0,0.0000
2251,11754.45,2001.31,0,0,0.0000
2252,12295.70,2197.49,0,0,0.0000
2253,11758.98,2101.25,0,0,0.0000
2254,12212.81,2079.84,0,0,0.0000
2255,11851.84,1936.31,0,0,0.0000
2256,12095.50,2342.79,0,0,0.0000
2257,11929.38,2073.60,0,0,0.0000
2258,12230.90,2418.15,0,0,0.0000
2259,12864.18,2183.08,4,8,2.0000
2260,13001.16,2415.75,NaN,NaN,NaN
2261,12851.53,1856.79,NaN,NaN,NaN
2262,12936.30,2216.82,0,0,0.0000
2263,13087.82,1817.10,2,6,3.0000
2264,13008.84,1821.60,NaN,NaN,NaN
2265,12757.98,1996.81,NaN,NaN,NaN
2266,12808.20,1676.85,NaN,NaN,NaN
2267,13057.88,2321.95,NaN,NaN,NaN
2268,13015.19,2083.56,0,0,0.0000
2269,13063.52,1676.31,NaN,NaN,NaN
2270,13075.72,2213.66,NaN,NaN,NaN
2271,12781.82,1922.83,NaN,NaN,NaN
2272,13155.31,2066.26,3,6,2.0000
2273,12486.20,2431.38,NaN,NaN,NaN
2274,12898.73,2030.85,NaN,NaN,NaN
2275,12778.98,2122.14,NaN,NaN,NaN
2276,13181.90,2374.84,NaN,NaN,NaN
2277,12828.73,2033.75,3,3,0.0000
2278,13038.78,1947.10,NaN,NaN,NaN
2279,13135.64,1998.67,2,5,2.5000
2280,12943.84,1735.19,NaN,NaN,NaN
2281,13077.88,2396.50,NaN,NaN,NaN
2282,12502.73,2374.57,NaN,NaN,NaN
2283,12945.93,1875.97,NaN,NaN,NaN
2284,12742.49,1703.05,NaN,NaN,NaN
2285,13131.38,1743.32,0,0,0.0000
2286,13158.03,2154.09,NaN,NaN,NaN
2287,12959.33,2073.47,NaN,NaN,NaN
2288,12902.38,1790.29,NaN,NaN,NaN
2289,12886.38,2364.03,0,0,0.0000
2290,12826.11,1766.11,NaN,NaN,NaN
2291,12872.41,2309.99,NaN,NaN,NaN
2292,12867.33,1947.03,NaN,NaN,NaN
2293,13113.98,1911.08,NaN,NaN,NaN
2294,13097.13,2150.58,2,4,2.0000
2295,13147.44,2279.10,NaN,NaN,NaN
2296,12887.58,1706.98,NaN,NaN,NaN
2297,12770.68,2187.00,NaN,NaN,NaN
2298,13027.60,1720.08,0,0,0.0000
2299,13065.99,1904.63,NaN,NaN,NaN
2300,13060.95,2131.06,NaN,NaN,NaN
2301,12989.41,1936.77,0,0,0.0000
2302,13012.87,2160.78,NaN,NaN,NaN
2303,12971.65,1959.78,0,0,0.0000
2304,13497.15,2076.80,NaN,NaN,NaN
2305,13369.51,2330.49,NaN,NaN,NaN
2306,13228.09,2097.60,0,0,0.0000
2307,13446.72,2299.98,NaN,NaN,NaN
2308,13185.18,2214.78,0,0,0.0000
2309,13234.72,2338.87,0,0,0.0000
2310,13362.00,2239.87,NaN,NaN,NaN
2311,13197.68,1724.88,NaN,NaN,NaN
2312,13484.66,2137.76,NaN,NaN,NaN
2313,13423.31,2209.95,6,11,0.0000
2314,13367.33,2420.31,0,0,0.0000
2315,13416.17,2408.53,0,0,0.0000
2316,13340.40,2194.88,0,0,0.0000
2317,13269.26,2291.35,NaN,NaN,NaN
2318,13488.94,2266.46,NaN,NaN,NaN
2319,13244.14,1777.11,0,0,0.0000
2320,13305.34,2035.86,NaN,NaN,NaN
2321,13452.66,1941.68,NaN,NaN,NaN
2322,13482.55,1971.62,NaN,NaN,NaN
2323,13947.07,2354.54,0,0,0.0000
2324,13478.66,2399.58,0,0,0.0000
2325,14630.35,1741.98,NaN,NaN,NaN
2326,14670.17,1889.80,NaN,NaN,NaN
2327,14566.09,1750.41,3,5,0.0000
2328,13972.11,2430.65,0,0,0.0000
2329,13995.94,2344.08,0,0,0.0000
2330,14310.28,2401.94,0,0,0.0000
2331,13969.86,2218.30,0,0,0.0000
2332,14001.88,2271.66,NaN,NaN,NaN
2333,14667.90,1672.31,0,0,0.0000
2334,14049.05,2388.40,0,0,0.0000
2335,14017.29,2225.43,0,0,0.0000
2336,14230.81,2397.79,0,0,0.0000
2337,14446.64,2166.54,NaN,NaN,NaN
2338,15481.26,1911.63,NaN,NaN,NaN
2339,15129.81,2380.81,NaN,NaN,NaN
2340,14857.67,1940.99,NaN,NaN,NaN
2341,15258.81,1984.43,NaN,NaN,NaN
2342,15464.35,2232.27,NaN,NaN,NaN
2343,14966.55,1773.76,0,0,0.0000
2344,15106.38,1886.21,NaN,NaN,NaN
2345,14766.12,1864.89,2,5,2.5000
2346,15222.63,1809.64,NaN,NaN,NaN
2347,14882.07,1714.25,NaN,NaN,NaN
2348,15241.19,2321.73,0,0,0.0000
2349,15368.48,2338.06,NaN,NaN,NaN
2350,15224.67,2387.42,NaN,NaN,NaN
2351,15311.89,2223.12,0,0,0.0000
2352,14976.56,2026.59,NaN,NaN,NaN
2353,15204.15,2043.71,NaN,NaN,NaN
2354,14989.83,2430.89,NaN,NaN,NaN
2355,14899.14,2209.12,0,0,0.0000
2356,14892.70,2047.23,NaN,NaN,NaN
2357,14881.03,2392.74,2,4,2.0000
2358,15004.13,2189.12,NaN,NaN,NaN
2359,15272.86,1686.52,2,3,0.0000
2360,15215.82,2200.36,0,0,0.0000
2361,15012.22,2325.92,NaN,NaN,NaN
2362,14945.19,2403.91,NaN,NaN,NaN
2363,14730.73,1757.54,NaN,NaN,NaN
2364,15043.48,2012.03,0,0,0.0000
2365,15050.59,1797.43,NaN,NaN,NaN
2366,15059.99,1696.23,2,4,2.0000
2367,14959.12,2114.12,0,0,0.0000
2368,15306.36,1907.12,NaN,NaN,NaN
2369,14821.37,1691.90,0,0,0.0000
2370,15319.62,1801.66,0,0,0.0000
2371,15469.73,2322.50,NaN,NaN,NaN
2372,15148.00,1970.02,0,0,0.0000
2373,15371.92,1996.98,0,0,0.0000
2374,15242.40,2154.57,NaN,NaN,NaN
2375,15305.01,1753.04,NaN,NaN,NaN
2376,15484.87,2116.29,NaN,NaN,NaN
2377,15072.32,2117.80,NaN,NaN,NaN
2378,14781.96,2391.03,NaN,NaN,NaN
2379,15148.51,2232.34,0,0,0.0000
2380,15326.63,2099.02,2,5,2.5000
2381,14794.32,2354.67,NaN,NaN,NaN
2382,14928.10,2290.16,NaN,NaN,NaN
2383,15115.23,2157.94,0,0,0.0000
2384,14888.90,2142.11,3,5,0.0000
2385,15057.93,2247.24,0,0,0.0000
2386,15291.96,2424.23,0,0,0.0000
2387,15084.44,2279.41,NaN,NaN,NaN
2388,15324.35,2008.95,0,0,0.0000
2389,15200.91,1703.55,2,2,0.0000
2390,15335.63,1723.78,2,4,2.0000
2391,15397.41,2119.45,0,0,0.0000
2392,14960.37,2213.66,0,0,0.0000
2393,15175.46,2112.18,0,0,0.0000
2394,15430.48,2022.22,0,0,0.0000
2395,15427.91,2029.88,0,0,0.0000
2396,15414.35,2051.64,0,0,0.0000
2397,16246.46,2423.28,0,0,0.0000
2398,15930.54,1933.11,NaN,NaN,NaN
2399,15600.35,2351.88,0,0,0.0000
2400,16057.16,1732.70,0,0,0.0000
2401,15900.35,2052.65,NaN,NaN,NaN
2402,15631.30,2085.77,2,6,3.0000
2403,15963.58,1843.56,NaN,NaN,NaN
2404,16178.95,1745.83,0,0,0.0000
2405,16239.27,2221.08,NaN,NaN,NaN
2406,15698.01,1719.78,NaN,NaN,NaN
2407,16063.93,2366.67,2,5,2.5000
2408,16137.54,2255.97,2,4,2.0000
2409,16034.16,2253.07,NaN,NaN,NaN
2410,16285.47,1778.26,0,0,0.0000
2411,15947.59,2417.34,NaN,NaN,NaN
2412,15615.98,1795.99,0,0,0.0000
2413,16216.90,1873.81,NaN,NaN,NaN
2414,15584.05,2239.55,NaN,NaN,NaN
2415,16124.28,1841.29,0,0,0.0000
2416,15798.28,2170.88,0,0,0.0000
2417,15766.74,2044.58,0,0,0.0000
2418,16208.27,1991.45,NaN,NaN,NaN
2419,16100.00,1895.12,0,0,0.0000
2420,15776.78,1818.92,2,3,0.0000
2421,15920.36,2212.59,NaN,NaN,NaN
2422,15929.86,2283.64,NaN,NaN,NaN
2423,15588.58,1985.53,NaN,NaN,NaN
2424,15854.39,2323.73,NaN,NaN,NaN
2425,16004.79,2021.54,2,4,2.0000
2426,15835.46,1897.92,0,0,0.0000
2427,15724.84,2309.93,NaN,NaN,NaN
2428,15720.50,2221.50,NaN,NaN,NaN
2429,15836.40,2249.02,NaN,NaN,NaN
2430,15934.23,1769.12,0,0,0.0000
2431,16084.09,2126.73,NaN,NaN,NaN
2432,15895.53,2379.89,0,0,0.0000
2433,16166.71,2372.42,0,0,0.0000
2434,16136.98,2023.07,0,0,0.0000
2435,15941.90,2147.50,3,4,0.0000
2436,15645.65,2000.56,0,0,0.0000
2437,15719.91,1832.56,0,0,0.0000
2438,15986.68,2308.84,0,0,0.0000
2439,15611.13,1913.35,NaN,NaN,NaN
2440,15723.44,2401.21,0,0,0.0000
2441,15859.82,2143.77,0,0,0.0000
2442,15993.11,1682.94,0,0,0.0000
2443,16342.67,2014.37,0,0,0.0000
2444,15620.77,1714.06,0,0,0.0000
2445,16083.64,2030.39,2,6,3.0000
2446,15802.78,2391.72,4,5,0.0000
2447,15833.41,1832.42,NaN,NaN,NaN
2448,15830.04,1959.96,0,0,0.0000
2449,15654.92,2242.18,0,0,0.0000
2450,16065.58,1924.67,2,7,3.5000
2451,15881.56,1875.50,0,0,0.0000
2452,15849.22,1804.06,NaN,NaN,NaN
2453,15800.77,2301.80,2,2,0.0000
2454,497.51,3151.30,6,6,0.0000
2455,554.59,3077.86,2,5,2.5000
2456,448.11,3055.10,NaN,NaN,NaN
2457,621.30,3168.70,0,0,0.0000
2458,408.05,2974.48,2,2,0.0000
2459,576.57,2956.55,2,4,2.0000
2460,625.42,3095.07,0,0,0.0000
2461,676.23,2775.75,NaN,NaN,NaN
2462,653.11,3030.92,0,0,0.0000
2463,373.05,3108.12,NaN,NaN,NaN
2464,480.74,2953.27,0,0,0.0000
2465,356.79,3170.55,NaN,NaN,NaN
2466,695.49,2935.13,0,0,0.0000
2467,614.85,2804.44,NaN,NaN,NaN
2468,559.17,3016.18,2,4,2.0000
2469,420.47,3161.72,4,6,0.0000
2470,566.72,2807.80,NaN,NaN,NaN
2471,307.48,3162.56,2,2,0.0000
2472,685.79,2835.74,NaN,NaN,NaN
2473,557.73,2843.31,NaN,NaN,NaN
2474,505.93,3013.15,NaN,NaN,NaN
2475,1258.01,3192.23,NaN,NaN,NaN
2476,1147.03,3056.93,NaN,NaN,NaN
2477,1141.23,3146.67,NaN,NaN,NaN
2478,1426.81,3028.81,2,5,2.5000
2479,1473.90,3199.49,0,0,0.0000
2480,1241.52,3037.50,NaN,NaN,NaN
2481,1401.98,3130.35,NaN,NaN,NaN
2482,1314.09,3101.23,3,5,0.0000
2483,1583.98,3121.93,2,2,0.0000
2484,1246.82,2916.58,NaN,NaN,NaN
2485,1323.94,2874.48,NaN,NaN,NaN
2486,1649.93,3180.12,0,0,0.0000
2487,1028.68,3111.65,2,2,0.0000
2488,1350.50,2994.38,NaN,NaN,NaN
2489,1154.05,2928.98,3,4,0.0000
2490,1032.70,3193.60,0,0,0.0000
2491,993.92,3067.22,2,5,2.5000
2492,1484.82,3100.86,NaN,NaN,NaN
2493,1388.70,2939.19,3,1,0.0000
2494,1246.49,2861.87,NaN,NaN,NaN
2495,963.08,2935.91,NaN,NaN,NaN
2496,942.12,3121.55,NaN,NaN,NaN
2497,972.33,2628.43,0,0,0.0000
2498,967.49,2706.84,0,0,0.0000
2499,1031.78,2703.29,2,2,0.0000
2500,1058.28,2667.94,NaN,NaN,NaN
2501,975.85,3004.90,NaN,NaN,NaN
2502,899.93,2607.92,NaN,NaN,NaN
2503,946.66,3045.48,2,2,0.0000
2504,1304.54,2979.60,NaN,NaN,NaN
2505,928.94,2640.55,0,0,0.0000
2506,977.65,3139.01,0,0,0.0000
2507,1178.21,2976.44,0,0,0.0000
2508,2370.13,2873.49,NaN,NaN,NaN
2509,2337.95,3045.94,NaN,NaN,NaN
2510,2417.09,3071.93,NaN,NaN,NaN
2511,2286.05,2506.80,NaN,NaN,NaN
2512,1677.49,3124.15,NaN,NaN,NaN
2513,2300.01,2802.87,NaN,NaN,NaN
2514,2201.40,2785.77,3,6,2.0000
2515,2242.89,2879.42,0,0,0.0000
2516,2090.91,2679.45,0,0,0.0000
2517,2199.13,2723.76,0,0,0.0000
2518,2209.55,2452.64,NaN,NaN,NaN
2519,2272.26,2762.30,NaN,NaN,NaN
2520,2194.07,2849.06,0,0,0.0000
2521,2413.83,3193.19,0,0,0.0000
2522,2124.81,2753.77,0,0,0.0000
2523,2369.21,3164.71,0,0,0.0000
2524,2352.92,2558.52,2,3,0.0000
2525,2367.28,2482.23,0,0,0.0000
2526,2397.14,2523.00,NaN,NaN,NaN
2527,2373.43,2576.00,NaN,NaN,NaN
2528,2650.63,3169.79,NaN,NaN,NaN
2529,3129.15,2967.54,4,5,0.0000
2530,3167.45,2692.68,NaN,NaN,NaN
2531,2444.08,2969.83,NaN,NaN,NaN
2532,2652.43,3023.91,NaN,NaN,NaN
2533,3059.20,2896.13,4,6,0.0000
2534,2444.64,2569.83,NaN,NaN,NaN
2535,2710.96,3060.92,0,0,0.0000
2536,2508.80,3048.70,3,4,0.0000
2537,2785.02,2920.86,NaN,NaN,NaN
2538,2761.17,2969.59,NaN,NaN,NaN
2539,2496.72,3187.88,2,2,0.0000
2540,2523.96,3125.21,NaN,NaN,NaN
2541,2454.09,3130.44,NaN,NaN,NaN
2542,2837.87,3090.94,NaN,NaN,NaN
2543,2682.30,2943.00,NaN,NaN,NaN
2544,2819.21,3015.49,NaN,NaN,NaN
2545,2826.95,3055.23,0,0,0.0000
2546,2816.00,2976.90,2,2,0.0000
2547,2547.67,3179.41,NaN,NaN,NaN
2548,2487.64,2620.01,0,0,0.0000
2549,3198.70,2631.24,0,0,0.0000
2550,3323.76,3099.93,0,0,0.0000
2551,3577.04,2927.00,5,5,0.0000
2552,3473.11,2764.62,NaN,NaN,NaN
2553,3547.47,3174.40,NaN,NaN,NaN
2554,3544.30,3048.66,0,0,0.0000
2555,3259.28,2601.79,0,0,0.0000
2556,3390.59,2865.14,NaN,NaN,NaN
2557,3336.17,2878.41,0,0,0.0000
2558,3314.61,3013.80,0,0,0.0000
2559,3617.98,3014.99,NaN,NaN,NaN
2560,3597.51,3159.41,0,0,0.0000
2561,3333.90,2628.03,2,3,0.0000
2562,3443.96,2932.40,2,3,0.0000
2563,3640.83,3059.80,0,0,0.0000
2564,3503.97,2884.04,NaN,NaN,NaN
2565,3240.33,2663.75,2,2,0.0000
2566,3309.77,2800.04,NaN,NaN,NaN
2567,3391.98,3041.66,NaN,NaN,NaN
2568,3261.69,2809.21,2,1,0.0000
2569,3384.80,2933.03,2,4,2.0000
2570,3469.59,3043.92,NaN,NaN,NaN
2571,3561.44,2819.57,0,0,0.0000
2572,3416.51,2989.41,NaN,NaN,NaN
2573,3453.34,2874.48,NaN,NaN,NaN
2574,3589.02,3106.69,2,3,0.0000
2575,3945.56,2540.12,2,2,0.0000
2576,3462.46,2680.68,0,0,0.0000
2577,4519.68,3126.99,2,0,0.0000
2578,4544.75,2527.72,2,6,3.0000
2579,4603.11,2799.85,NaN,NaN,NaN
2580,4401.50,3026.78,NaN,NaN,NaN
2581,4277.55,2529.72,NaN,NaN,NaN
2582,4137.22,2591.11,NaN,NaN,NaN
2583,4215.79,2792.83,0,0,0.0000
2584,4382.60,2907.84,3,2,0.0000
2585,4426.72,2747.33,NaN,NaN,NaN
2586,4496.83,2957.15,NaN,NaN,NaN
2587,4319.82,2823.30,NaN,NaN,NaN
2588,4300.36,2624.54,NaN,NaN,NaN
2589,4707.21,2874.15,NaN,NaN,NaN
2590,4422.18,3169.84,NaN,NaN,NaN
2591,4035.45,2475.96,2,5,2.5000
2592,4220.61,2621.90,0,0,0.0000
2593,4371.57,2816.72,0,0,0.0000
2594,4346.23,3070.82,NaN,NaN,NaN
2595,4143.92,2933.90,0,0,0.0000
2596,4255.88,3085.01,NaN,NaN,NaN
2597,4170.77,3038.78,NaN,NaN,NaN
2598,4267.53,2765.42,NaN,NaN,NaN
2599,4611.09,2583.34,NaN,NaN,NaN
2600,4437.58,2485.02,0,0,0.0000
2601,4263.83,2991.70,2,7,3.5000
2602,4134.14,2503.80,NaN,NaN,NaN
2603,4094.29,2440.43,2,5,2.5000
2604,4178.77,2869.03,0,0,0.0000
2605,4548.08,2858.63,NaN,NaN,NaN
2606,4558.56,3002.50,NaN,NaN,NaN
2607,4247.90,2896.61,NaN,NaN,NaN
2608,4356.69,2703.69,2,7,3.5000
2609,4298.81,2714.96,NaN,NaN,NaN
2610,4627.25,2902.64,0,0,0.0000
2611,4591.39,2717.82,2,5,2.5000
2612,4602.55,3170.95,2,5,2.5000
2613,4643.42,2993.98,NaN,NaN,NaN
2614,4565.42,2632.14,0,0,0.0000
2615,4597.11,2953.39,2,3,0.0000
2616,4377.68,2628.18,NaN,NaN,NaN
2617,4389.95,2541.40,0,0,0.0000
2618,4363.16,2471.79,NaN,NaN,NaN
2619,4041.07,2556.57,0,0,0.0000
2620,4428.12,2627.92,NaN,NaN,NaN
2621,4194.95,2928.54,2,6,3.0000
2622,4567.61,2902.74,NaN,NaN,NaN
2623,4506.54,2727.68,NaN,NaN,NaN
2624,4493.14,2451.83,3,7,2.3333
2625,4707.12,3144.82,NaN,NaN,NaN
2626,4173.75,2665.84,NaN,NaN,NaN
2627,4663.78,3044.81,NaN,NaN,NaN
2628,4722.03,3113.58,NaN,NaN,NaN
2629,4218.50,2712.89,0,0,0.0000
2630,4214.06,2471.51,NaN,NaN,NaN
2631,4440.86,2690.83,NaN,NaN,NaN
2632,4666.73,2740.32,2,6,3.0000
2633,4205.75,3141.17,2,5,2.5000
2634,4366.23,2497.91,NaN,NaN,NaN
2635,4511.25,3032.58,NaN,NaN,NaN
2636,4500.34,2775.99,0,0,0.0000
2637,4635.97,2676.90,0,0,0.0000
2638,4651.93,2952.75,NaN,NaN,NaN
2639,4606.71,3068.46,0,0,0.0000
2640,4457.91,2868.29,0,0,0.0000
2641,4447.86,2814.63,0,0,0.0000
2642,4160.64,2700.49,NaN,NaN,NaN
2643,4462.20,2597.60,0,0,0.0000
2644,4439.00,2543.02,0,0,0.0000
2645,5035.54,2462.08,2,0,0.0000
2646,5101.16,2640.04,2,3,0.0000
2647,5019.16,2712.26,2,4,2.0000
2648,4936.23,2466.84,4,4,0.0000
2649,5450.17,2630.00,NaN,NaN,NaN
2650,4909.60,2527.80,NaN,NaN,NaN
2651,4742.98,3077.53,NaN,NaN,NaN
2652,5500.95,2485.50,NaN,NaN,NaN
2653,4958.40,2608.63,NaN,NaN,NaN
2654,4970.94,2533.89,NaN,NaN,NaN
2655,5455.51,2535.05,2,4,2.0000
2656,5408.60,2450.26,3,5,0.0000
2657,5393.67,2598.26,NaN,NaN,NaN
2658,4796.80,3154.83,NaN,NaN,NaN
2659,5418.76,2676.97,NaN,NaN,NaN
2660,5135.96,2733.32,0,0,0.0000
2661,5472.18,2581.30,NaN,NaN,NaN
2662,4851.26,2510.07,2,4,2.0000
2663,5465.98,2451.60,NaN,NaN,NaN
2664,5121.75,2764.92,2,4,2.0000
2665,5010.68,2550.96,0,0,0.0000
2666,4957.02,2675.47,0,0,0.0000
2667,5060.36,2572.57,0,0,0.0000
2668,5026.92,2595.54,NaN,NaN,NaN
2669,5058.16,2766.94,0,0,0.0000
2670,4796.52,2503.27,0,0,0.0000
2671,4743.53,2956.06,2,2,0.0000
2672,5412.81,2515.58,NaN,NaN,NaN
2673,4861.89,2448.68,2,3,0.0000
2674,4781.30,3090.36,3,1,0.0000
2675,4918.99,2587.42,NaN,NaN,NaN
2676,6163.55,2841.46,NaN,NaN,NaN
2677,6044.12,2776.94,0,0,0.0000
2678,6058.77,2689.56,NaN,NaN,NaN
2679,5860.09,2879.35,0,0,0.0000
2680,5948.22,2978.33,2,3,0.0000
2681,6095.26,3025.04,NaN,NaN,NaN
2682,6237.68,2766.41,0,0,0.0000
2683,5812.35,2621.39,NaN,NaN,NaN
2684,5726.39,2718.63,NaN,NaN,NaN
2685,5927.05,2577.71,NaN,NaN,NaN
2686,5789.84,2827.11,0,0,0.0000
2687,6156.85,2959.18,0,0,0.0000
2688,5755.33,2663.46,NaN,NaN,NaN
2689,5878.83,2978.62,NaN,NaN,NaN
2690,5655.36,2712.31,0,0,0.0000
2691,5669.97,2494.73,0,0,0.0000
2692,5756.29,2785.78,0,0,0.0000
2693,5934.47,3169.43,0,0,0.0000
2694,5988.56,3108.47,NaN,NaN,NaN
2695,6145.04,3055.77,0,0,0.0000
2696,5807.61,2716.03,0,0,0.0000
2697,6038.33,3100.35,NaN,NaN,NaN
2698,6059.63,2927.86,0,0,0.0000
2699,5773.06,2480.94,NaN,NaN,NaN
2700,5550.79,2445.54,0,0,0.0000
2701,5644.43,2450.28,0,0,0.0000
2702,5544.81,2524.37,0,0,0.0000
2703,5702.17,2622.85,0,0,0.0000
2704,6023.76,2982.01,2,4,2.0000
2705,6181.29,3169.84,0,0,0.0000
2706,6073.96,2488.50,0,0,0.0000
2707,5980.04,2503.58,0,0,0.0000
2708,5945.92,3087.65,NaN,NaN,NaN
2709,6259.40,2985.04,NaN,NaN,NaN
2710,5893.27,2493.26,0,0,0.0000
2711,6215.46,3114.63,2,4,2.0000
2712,5520.06,2634.51,0,0,0.0000
2713,5894.59,3092.11,0,0,0.0000
2714,5990.00,3185.30,3,4,0.0000
2715,6029.03,2925.96,0,0,0.0000
2716,6118.41,3196.23,0,0,0.0000
2717,6165.89,2556.33,3,6,2.0000
2718,5907.22,2953.91,0,0,0.0000
2719,5517.53,2573.15,NaN,NaN,NaN
2720,6078.72,2578.69,0,0,0.0000
2721,6233.22,2536.51,NaN,NaN,NaN
2722,5998.40,3019.25,NaN,NaN,NaN
2723,6124.62,2733.29,0,0,0.0000
2724,6101.81,2896.72,0,0,0.0000
2725,6189.20,3023.93,NaN,NaN,NaN
2726,5588.44,2479.58,0,0,0.0000
2727,5550.52,2687.18,NaN,NaN,NaN
2728,5915.36,2879.64,NaN,NaN,NaN
2729,6186.36,2925.34,0,0,0.0000
2730,5946.99,2801.06,0,0,0.0000
2731,6227.93,3188.79,0,0,0.0000
2732,6168.23,2698.81,0,0,0.0000
2733,5896.40,3189.56,NaN,NaN,NaN
2734,6680.87,2566.77,NaN,NaN,NaN
2735,6481.02,3103.41,0,0,0.0000
2736,6912.14,2949.10,0,0,0.0000
2737,6930.04,2706.71,3,3,0.0000
2738,6839.87,2633.45,NaN,NaN,NaN
2739,7028.36,2915.81,2,5,2.5000
2740,6910.09,3158.66,NaN,NaN,NaN
2741,6671.06,2889.85,3,7,2.3333
2742,6384.35,2602.39,0,0,0.0000
2743,6719.54,3135.21,NaN,NaN,NaN
2744,6304.98,3156.98,NaN,NaN,NaN
2745,7009.03,3168.84,2,3,0.0000
2746,6787.08,2864.12,3,4,0.0000
2747,6324.50,2877.52,NaN,NaN,NaN
2748,6724.01,2997.79,NaN,NaN,NaN
2749,6969.35,3026.64,0,0,0.0000
2750,6822.58,3000.87,0,0,0.0000
2751,6399.18,3135.58,0,0,0.0000
2752,6567.96,2897.55,NaN,NaN,NaN
2753,6608.16,3129.25,NaN,NaN,NaN
2754,6695.60,2763.77,NaN,NaN,NaN
2755,6813.89,2791.44,0,0,0.0000
2756,6578.68,3046.97,0,0,0.0000
2757,6827.01,3152.93,0,0,0.0000
2758,6385.48,2935.76,NaN,NaN,NaN
2759,6474.98,2634.38,0,0,0.0000
2760,6477.03,2845.64,2,3,0.0000
2761,6944.16,2540.46,2,5,2.5000
2762,6461.16,2716.14,NaN,NaN,NaN
2763,6859.44,2838.07,NaN,NaN,NaN
2764,6758.75,2757.88,2,5,2.5000
2765,6526.38,2597.78,0,0,0.0000
2766,6288.86,2825.88,3,4,0.0000
2767,6286.75,3066.35,2,2,0.0000
2768,6577.14,2703.37,NaN,NaN,NaN
2769,6808.85,3076.01,2,4,2.0000
2770,6557.07,2965.80,0,0,0.0000
2771,6846.92,2504.83,NaN,NaN,NaN
2772,6516.60,2701.23,NaN,NaN,NaN
2773,6978.87,2490.94,NaN,NaN,NaN
2774,7036.60,3106.94,0,0,0.0000
2775,6723.58,2630.62,0,0,0.0000
2776,6758.34,3048.60,NaN,NaN,NaN
2777,6410.26,3033.81,NaN,NaN,NaN
2778,6584.41,2653.46,0,0,0.0000
2779,6341.50,2748.14,0,0,0.0000
2780,6512.07,2770.49,2,5,2.5000
2781,6380.14,2722.69,0,0,0.0000
2782,6345.33,2985.63,NaN,NaN,NaN
2783,6945.91,2817.75,0,0,0.0000
2784,6385.28,2794.21,0,0,0.0000
2785,6852.19,3082.11,NaN,NaN,NaN
2786,6795.61,2924.68,0,0,0.0000
2787,6981.53,3102.65,0,0,0.0000
2788,6938.55,3085.17,0,0,0.0000
2789,7335.56,2568.04,0,0,0.0000
2790,7782.95,2753.04,NaN,NaN,NaN
2791,7139.83,2928.32,0,0,0.0000
2792,7110.95,2811.63,3,8,2.6667
2793,7593.67,2814.58,NaN,NaN,NaN
2794,7490.55,2510.94,2,6,3.0000
2795,7499.04,3043.49,NaN,NaN,NaN
2796,7137.55,2644.10,NaN,NaN,NaN
2797,7649.49,3027.42,NaN,NaN,NaN
2798,7355.27,2864.29,2,4,2.0000
2799,7624.99,2569.58,NaN,NaN,NaN
2800,7199.18,3083.25,NaN,NaN,NaN
2801,7752.20,2585.95,0,0,0.0000
2802,7161.09,2503.86,NaN,NaN,NaN
2803,7047.19,3014.46,0,0,0.0000
2804,7462.46,2917.42,NaN,NaN,NaN
2805,7290.42,2871.14,2,5,2.5000
2806,7589.71,2472.18,0,0,0.0000
2807,7348.56,2959.40,NaN,NaN,NaN
2808,7163.50,3177.31,0,0,0.0000
2809,7525.90,2653.92,2,3,0.0000
2810,7358.76,2471.64,NaN,NaN,NaN
2811,7711.82,2664.95,0,0,0.0000
2812,7467.79,2727.74,NaN,NaN,NaN
2813,7493.36,2862.94,NaN,NaN,NaN
2814,7651.45,2485.62,3,4,0.0000
2815,7527.79,3183.84,0,0,0.0000
2816,7202.90,2575.87,NaN,NaN,NaN
2817,7103.27,3077.94,2,3,0.0000
2818,7079.38,3167.10,NaN,NaN,NaN
2819,7276.03,2985.55,0,0,0.0000
2820,7095.91,2454.54,NaN,NaN,NaN
2821,7666.10,2753.10,NaN,NaN,NaN
2822,7228.24,2840.16,NaN,NaN,NaN
2823,7071.00,2593.90,NaN,NaN,NaN
2824,7315.76,3082.70,NaN,NaN,NaN
2825,7548.95,3095.61,0,0,0.0000
2826,7632.57,2725.23,NaN,NaN,NaN
2827,7596.22,2662.30,2,6,3.0000
2828,7233.32,2927.76,0,0,0.0000
2829,7064.81,2505.08,NaN,NaN,NaN
2830,7577.84,3036.27,0,0,0.0000
2831,7686.71,2979.77,NaN,NaN,NaN
2832,7709.89,2513.56,0,0,0.0000
2833,7422.92,2987.49,0,0,0.0000
2834,7062.31,2544.84,4,5,0.0000
2835,7456.10,2662.82,NaN,NaN,NaN
2836,7203.27,2746.34,NaN,NaN,NaN
2837,7565.81,3141.18,NaN,NaN,NaN
2838,7575.60,2923.76,NaN,NaN,NaN
2839,7176.73,3007.07,0,0,0.0000
2840,7304.67,2446.85,NaN,NaN,NaN
2841,7321.86,3035.16,NaN,NaN,NaN
2842,7226.42,2792.52,NaN,NaN,NaN
2843,7393.65,3051.90,NaN,NaN,NaN
2844,7139.91,3100.28,NaN,NaN,NaN
2845,7716.50,2445.33,0,0,0.0000
2846,7691.28,2721.86,NaN,NaN,NaN
2847,7675.21,2841.11,0,0,0.0000
2848,7748.25,2997.79,0,0,0.0000
2849,7748.93,2496.06,0,0,0.0000
2850,7127.99,3021.66,0,0,0.0000
2851,7178.86,2542.46,NaN,NaN,NaN
2852,7125.96,3135.71,0,0,0.0000
2853,7894.33,2527.79,0,0,0.0000
2854,7838.38,2604.84,NaN,NaN,NaN
2855,7881.16,2442.05,NaN,NaN,NaN
2856,7929.97,2586.30,0,0,0.0000
2857,9335.09,2967.23,NaN,NaN,NaN
2858,10003.10,3186.18,2,6,3.0000
2859,9997.54,3091.15,NaN,NaN,NaN
2860,10090.01,2715.99,NaN,NaN,NaN
2861,10107.41,2812.63,2,3,0.0000
2862,10055.94,2649.34,3,8,2.6667
2863,10072.08,3157.66,NaN,NaN,NaN
2864,9982.73,2726.95,NaN,NaN,NaN
2865,10040.13,2999.63,NaN,NaN,NaN
2866,9449.87,3113.64,NaN,NaN,NaN
2867,9372.90,3041.56,0,0,0.0000
2868,9465.81,2886.36,NaN,NaN,NaN
2869,9495.50,3192.03,NaN,NaN,NaN
2870,9443.87,3039.22,0,0,0.0000
2871,9480.42,3001.79,NaN,NaN,NaN
2872,9944.23,3007.19,NaN,NaN,NaN
2873,9430.51,2962.49,NaN,NaN,NaN
2874,10108.79,3093.89,NaN,NaN,NaN
2875,9970.14,2823.40,0,0,0.0000
2876,9895.19,3098.46,NaN,NaN,NaN
2877,9989.10,2927.93,0,0,0.0000
2878,9529.56,3104.51,2,1,0.0000
2879,9504.80,3131.43,NaN,NaN,NaN
2880,9370.45,2885.96,0,0,0.0000
2881,9441.53,3177.88,NaN,NaN,NaN
2882,9383.21,2926.05,0,0,0.0000
2883,9932.36,2817.98,0,0,0.0000
2884,9382.18,3117.30,0,0,0.0000
2885,10548.51,2495.62,NaN,NaN,NaN
2886,10469.65,2811.26,3,5,0.0000
2887,10625.10,3161.26,NaN,NaN,NaN
2888,10607.39,2626.52,0,0,0.0000
2889,10178.90,2920.09,2,5,2.5000
2890,10430.17,2707.95,0,0,0.0000
2891,10657.20,3000.53,NaN,NaN,NaN
2892,10664.90,3079.76,0,0,0.0000
2893,10821.04,3089.97,2,6,3.0000
2894,10221.20,2708.98,0,0,0.0000
2895,10288.08,2952.27,NaN,NaN,NaN
2896,10554.74,2861.88,NaN,NaN,NaN
2897,10473.20,3131.35,NaN,NaN,NaN
2898,10240.48,2603.33,NaN,NaN,NaN
2899,10728.43,3164.08,NaN,NaN,NaN
2900,10284.88,2534.93,3,9,3.0000
2901,10472.23,2618.05,2,2,0.0000
2902,10834.00,2826.59,NaN,NaN,NaN
2903,10737.37,2986.78,3,7,2.3333
2904,10359.54,2758.09,2,4,2.0000
2905,10287.09,3187.41,NaN,NaN,NaN
2906,10493.46,2946.28,3,4,0.0000
2907,10304.91,2819.71,NaN,NaN,NaN
2908,10876.35,3018.67,3,6,2.0000
2909,10403.33,2621.17,0,0,0.0000
2910,10262.30,3072.29,2,3,0.0000
2911,10351.72,2587.76,0,0,0.0000
2912,10665.21,2730.24,0,0,0.0000
2913,10550.77,3034.86,2,6,3.0000
2914,10457.49,3050.21,NaN,NaN,NaN
2915,10237.55,2843.94,NaN,NaN,NaN
2916,10114.06,3006.53,2,5,2.5000
2917,10759.87,3085.71,NaN,NaN,NaN
2918,10361.82,2973.80,0,0,0.0000
2919,10323.44,3096.31,NaN,NaN,NaN
2920,10168.05,2560.48,3,5,0.0000
2921,10264.75,2435.72,2,4,2.0000
2922,10505.45,2715.84,0,0,0.0000
2923,10656.15,2855.16,NaN,NaN,NaN
2924,10421.10,2949.29,0,0,0.0000
2925,10763.97,2726.27,NaN,NaN,NaN
2926,10113.86,2528.87,NaN,NaN,NaN
2927,10842.37,2741.96,2,5,2.5000
2928,10349.03,2442.30,NaN,NaN,NaN
2929,10776.14,2962.15,3,4,0.0000
2930,10124.50,2631.73,0,0,0.0000
2931,10300.63,2686.06,2,3,0.0000
2932,10462.45,2893.90,0,0,0.0000
2933,10232.03,3024.74,0,0,0.0000
2934,10174.73,2791.55,0,0,0.0000
2935,10470.84,3195.73,0,0,0.0000
2936,10223.84,3144.66,NaN,NaN,NaN
2937,10593.86,2962.19,0,0,0.0000
2938,10369.65,3160.29,2,2,0.0000
2939,10510.39,3091.26,3,9,3.0000
2940,10324.03,2876.95,NaN,NaN,NaN
2941,10488.70,3014.82,2,9,4.5000
2942,11588.92,3177.23,NaN,NaN,NaN
2943,11597.87,2458.34,NaN,NaN,NaN
2944,10915.44,2975.39,0,0,0.0000
2945,11638.27,2530.76,0,0,0.0000
2946,10940.90,3084.07,0,0,0.0000
2947,10901.17,3113.58,NaN,NaN,NaN
2948,11624.76,3071.88,0,0,0.0000
2949,10915.93,2769.50,2,2,0.0000
2950,10883.33,3190.43,NaN,NaN,NaN
2951,10989.76,3069.27,NaN,NaN,NaN
2952,10889.62,2630.72,0,0,0.0000
2953,11788.82,2672.37,NaN,NaN,NaN
2954,11947.52,2697.92,0,0,0.0000
2955,12184.18,2816.30,2,7,3.5000
2956,12359.02,2936.96,0,0,0.0000
2957,12018.04,2442.87,0,0,0.0000
2958,12042.49,3054.34,NaN,NaN,NaN
2959,12224.70,2499.08,0,0,0.0000
2960,11744.62,3056.76,NaN,NaN,NaN
2961,11813.60,2788.32,0,0,0.0000
2962,11727.40,2890.36,0,0,0.0000
2963,11778.49,2436.85,NaN,NaN,NaN
2964,12124.20,2658.19,2,3,0.0000
2965,11658.82,3158.81,NaN,NaN,NaN
2966,12341.81,2752.16,NaN,NaN,NaN
2967,11722.98,2736.61,0,0,0.0000
2968,12007.92,2535.81,NaN,NaN,NaN
2969,12254.66,3024.61,2,5,2.5000
2970,12023.00,2772.36,NaN,NaN,NaN
2971,12407.88,3040.48,0,0,0.0000
2972,11719.75,2556.19,NaN,NaN,NaN
2973,11984.04,2857.19,NaN,NaN,NaN
2974,12260.89,2760.41,NaN,NaN,NaN
2975,12149.86,2961.85,NaN,NaN,NaN
2976,11916.73,2488.38,NaN,NaN,NaN
2977,11890.24,2589.55,0,0,0.0000
2978,12359.23,2481.05,NaN,NaN,NaN
2979,11813.48,2943.16,NaN,NaN,NaN
2980,11893.50,2994.19,NaN,NaN,NaN
2981,12327.15,3037.26,0,0,0.0000
2982,12158.43,3123.21,0,0,0.0000
2983,12081.09,3110.08,NaN,NaN,NaN
2984,11735.41,2990.91,0,0,0.0000
2985,12349.81,3133.82,0,0,0.0000
2986,12242.87,3104.32,0,0,0.0000
2987,12199.24,2925.74,NaN,NaN,NaN
2988,11878.28,2920.86,0,0,0.0000
2989,11692.26,2473.13,NaN,NaN,NaN
2990,12365.64,2684.00,0,0,0.0000
2991,12063.74,2874.41,2,3,0.0000
2992,11873.63,3099.48,2,3,0.0000
2993,11733.61,2820.17,0,0,0.0000
2994,11988.08,3008.35,0,0,0.0000
2995,12129.29,2522.92,NaN,NaN,NaN
2996,12257.87,2590.17,NaN,NaN,NaN
2997,12375.30,2530.26,0,0,0.0000
2998,11931.23,3047.54,NaN,NaN,NaN
2999,11898.53,3154.38,0,0,0.0000
3000,12004.09,3190.84,0,0,0.0000
3001,11678.96,2768.33,0,0,0.0000
3002,12036.04,2613.43,NaN,NaN,NaN
3003,11978.37,2908.80,NaN,NaN,NaN
3004,11781.47,2598.92,0,0,0.0000
3005,12073.20,2939.73,0,0,0.0000
3006,12266.67,2915.22,NaN,NaN,NaN
3007,11873.26,2858.95,0,0,0.0000
3008,12305.92,2831.57,NaN,NaN,NaN
3009,11964.80,3086.97,NaN,NaN,NaN
3010,12008.72,2951.89,NaN,NaN,NaN
3011,11815.04,3123.71,NaN,NaN,NaN
3012,11795.43,2532.27,0,0,0.0000
3013,11849.98,2535.51,0,0,0.0000
3014,12078.94,3198.11,0,0,0.0000
3015,12310.18,2650.02,NaN,NaN,NaN
3016,12090.39,2984.76,NaN,NaN,NaN
3017,11960.89,3140.82,3,6,2.0000
3018,12198.58,3019.26,NaN,NaN,NaN
3019,11837.46,3040.46,NaN,NaN,NaN
3020,12373.83,2611.60,0,0,0.0000
3021,11763.70,3171.63,2,6,3.0000
3022,11892.50,2797.75,NaN,NaN,NaN
3023,11921.79,2879.50,0,0,0.0000
3024,11920.54,2797.65,2,4,2.0000
3025,11976.09,2591.54,0,0,0.0000
3026,12322.10,2574.55,3,7,2.3333
3027,12362.37,3199.74,0,0,0.0000
3028,12156.28,3050.87,0,0,0.0000
3029,12228.98,3131.43,0,0,0.0000
3030,12195.48,2684.15,NaN,NaN,NaN
3031,12063.10,2652.68,0,0,0.0000
3032,12091.86,2799.60,0,0,0.0000
3033,11757.13,3115.67,0,0,0.0000
3034,12170.90,2582.94,NaN,NaN,NaN
3035,12262.65,3169.41,2,8,4.0000
3036,11705.94,2624.28,NaN,NaN,NaN
3037,12337.85,2605.33,NaN,NaN,NaN
3038,12212.22,2613.09,NaN,NaN,NaN
3039,12444.04,3153.66,NaN,NaN,NaN
3040,12480.29,2821.24,NaN,NaN,NaN
3041,12903.10,2456.89,NaN,NaN,NaN
3042,13102.14,2580.04,0,0,0.0000
3043,12418.88,2863.19,NaN,NaN,NaN
3044,12532.15,3188.47,NaN,NaN,NaN
3045,12592.53,3194.60,0,0,0.0000
3046,12961.41,2580.21,0,0,0.0000
3047,12478.32,2962.01,NaN,NaN,NaN
3048,12564.62,2953.02,0,0,0.0000
3049,12478.62,2661.68,0,0,0.0000
3050,12537.88,3034.96,0,0,0.0000
3051,12441.14,2585.66,NaN,NaN,NaN
3052,13116.78,2451.55,NaN,NaN,NaN
3053,12607.71,3047.99,NaN,NaN,NaN
3054,13102.00,2736.89,NaN,NaN,NaN
3055,13151.82,2516.33,0,0,0.0000
3056,13000.38,2530.47,0,0,0.0000
3057,12597.15,2908.41,0,0,0.0000
3058,12485.06,3056.48,0,0,0.0000
3059,12419.94,2658.68,0,0,0.0000
3060,12540.77,3108.39,NaN,NaN,NaN
3061,13142.57,2672.55,2,1,0.0000
3062,13032.55,2661.38,0,0,0.0000
3063,12688.63,3094.12,3,9,3.0000
3064,12457.74,2523.88,0,0,0.0000
3065,12421.88,2436.23,0,0,0.0000
3066,12672.03,3034.79,NaN,NaN,NaN
3067,13094.26,2659.21,0,0,0.0000
3068,13019.02,2600.04,0,0,0.0000
3069,12642.75,2991.13,0,0,0.0000
3070,12722.50,3184.21,3,5,0.0000
3071,13036.40,2707.20,NaN,NaN,NaN
3072,13454.40,2475.46,NaN,NaN,NaN
3073,13440.67,2569.98,NaN,NaN,NaN
3074,13213.54,2437.80,0,0,0.0000
3075,13361.92,2531.04,NaN,NaN,NaN
3076,13208.37,2486.42,NaN,NaN,NaN
3077,13447.71,2765.55,NaN,NaN,NaN
3078,13285.03,2444.79,NaN,NaN,NaN
3079,13394.78,2626.69,0,0,0.0000
3080,13542.47,2711.38,NaN,NaN,NaN
3081,13380.57,2488.47,NaN,NaN,NaN
3082,13459.71,2633.64,0,0,0.0000
3083,13417.88,2897.75,2,2,0.0000
3084,13399.67,2699.73,2,2,0.0000
3085,13331.96,2464.14,NaN,NaN,NaN
3086,13479.68,2709.99,0,0,0.0000
3087,14661.13,2691.90,2,6,3.0000
3088,14333.36,2508.17,0,0,0.0000
3089,14124.23,2727.18,NaN,NaN,NaN
3090,14001.20,2715.07,NaN,NaN,NaN
3091,14443.30,3142.34,4,5,0.0000
3092,14672.37,2960.86,0,0,0.0000
3093,14589.01,3090.38,NaN,NaN,NaN
3094,14658.20,3051.10,0,0,0.0000
3095,14713.92,3121.11,NaN,NaN,NaN
3096,14059.77,2608.69,2,6,3.0000
3097,14272.76,2626.06,NaN,NaN,NaN
3098,14579.41,2961.18,NaN,NaN,NaN
3099,14051.86,2478.08,0,0,0.0000
3100,14539.92,2920.12,NaN,NaN,NaN
3101,14218.89,2802.18,2,7,3.5000
3102,14013.69,2548.23,NaN,NaN,NaN
3103,14327.18,2751.98,NaN,NaN,NaN
3104,14203.27,2506.15,2,5,2.5000
3105,14590.63,2787.22,NaN,NaN,NaN
3106,14412.40,2540.53,0,0,0.0000
3107,14152.78,2870.60,NaN,NaN,NaN
3108,14492.87,3192.66,NaN,NaN,NaN
3109,14110.43,2896.48,NaN,NaN,NaN
3110,14172.77,2822.25,NaN,NaN,NaN
3111,14325.06,2581.74,0,0,0.0000
3112,14258.86,2545.19,0,0,0.0000
3113,14016.86,2625.74,2,3,0.0000
3114,14341.11,2640.94,0,0,0.0000
3115,14290.43,2453.34,0,0,0.0000
3116,14180.93,2911.39,NaN,NaN,NaN
3117,14293.82,2829.39,NaN,NaN,NaN
3118,14368.86,2704.06,0,0,0.0000
3119,14144.85,2936.94,NaN,NaN,NaN
3120,14650.02,2576.19,0,0,0.0000
3121,14402.65,2499.39,2,3,0.0000
3122,14152.17,2490.82,0,0,0.0000
3123,14294.96,2683.51,NaN,NaN,NaN
3124,15210.68,2816.06,2,4,2.0000
3125,15058.12,2726.05,NaN,NaN,NaN
3126,15175.54,2668.34,4,6,0.0000
3127,15117.06,2882.33,0,0,0.0000
3128,14982.83,2542.75,NaN,NaN,NaN
3129,14893.98,2649.69,NaN,NaN,NaN
3130,14854.76,3057.00,NaN,NaN,NaN
3131,14824.04,3165.32,0,0,0.0000
3132,15349.15,2474.69,NaN,NaN,NaN
3133,14723.90,2498.25,NaN,NaN,NaN
3134,14721.48,2866.35,NaN,NaN,NaN
3135,14989.71,2905.45,NaN,NaN,NaN
3136,15184.54,2523.62,0,0,0.0000
3137,14802.90,2649.56,NaN,NaN,NaN
3138,14998.24,2990.58,NaN,NaN,NaN
3139,15029.91,2500.95,2,2,0.0000
3140,15228.62,2717.67,2,4,2.0000
3141,15084.41,2510.81,NaN,NaN,NaN
3142,15030.99,3198.50,0,0,0.0000
3143,15191.68,2584.74,0,0,0.0000
3144,15284.73,2539.26,NaN,NaN,NaN
3145,14963.29,2627.17,4,5,0.0000
3146,14951.11,3127.40,NaN,NaN,NaN
3147,14773.97,2965.69,0,0,0.0000
3148,14743.52,3054.97,0,0,0.0000
3149,15045.02,3028.61,2,6,3.0000
3150,15162.55,2973.03,NaN,NaN,NaN
3151,15116.38,2618.61,0,0,0.0000
3152,15301.29,2743.97,NaN,NaN,NaN
3153,14859.04,2707.73,2,1,0.0000
3154,15108.10,3015.99,2,4,2.0000
3155,15250.03,2971.60,NaN,NaN,NaN
3156,14740.92,2574.64,NaN,NaN,NaN
3157,15046.51,2860.20,NaN,NaN,NaN
3158,14867.22,2493.27,NaN,NaN,NaN
3159,14965.31,3043.27,4,8,2.0000
3160,15036.97,3110.40,0,0,0.0000
3161,15163.81,3033.90,NaN,NaN,NaN
3162,15099.53,3088.51,0,0,0.0000
3163,14923.55,2902.87,0,0,0.0000
3164,14822.60,2899.76,NaN,NaN,NaN
3165,15022.74,2798.26,NaN,NaN,NaN
3166,15321.98,2688.76,0,0,0.0000
3167,14914.18,3179.57,NaN,NaN,NaN
3168,14954.54,2719.05,NaN,NaN,NaN
3169,14934.10,2583.01,0,0,0.0000
3170,14852.78,2529.73,0,0,0.0000
3171,15137.19,3069.94,0,0,0.0000
3172,14899.21,2752.99,NaN,NaN,NaN
3173,14967.52,2796.64,0,0,0.0000
3174,15215.13,2942.01,NaN,NaN,NaN
3175,15242.19,2895.23,NaN,NaN,NaN
3176,15168.84,3184.34,0,0,0.0000
3177,14963.37,3085.64,NaN,NaN,NaN
3178,15079.28,2959.81,NaN,NaN,NaN
3179,14934.89,2848.79,0,0,0.0000
3180,15080.90,3125.11,0,0,0.0000
3181,15057.42,2603.37,0,0,0.0000
3182,15123.54,2746.93,2,4,2.0000
3183,14981.90,2750.24,NaN,NaN,NaN
3184,14886.22,2814.10,NaN,NaN,NaN
3185,16132.29,2555.27,0,0,0.0000
3186,15755.02,2843.11,NaN,NaN,NaN
3187,15988.10,2789.25,NaN,NaN,NaN
3188,15799.07,2475.17,NaN,NaN,NaN
3189,15873.77,2942.24,NaN,NaN,NaN
3190,16094.63,2755.50,0,0,0.0000
3191,16299.72,2921.21,NaN,NaN,NaN
3192,16056.38,2887.13,NaN,NaN,NaN
3193,15832.23,3157.60,NaN,NaN,NaN
3194,15997.62,3060.33,NaN,NaN,NaN
3195,16209.61,2670.91,NaN,NaN,NaN
3196,15918.77,2864.11,NaN,NaN,NaN
3197,16172.21,2862.52,NaN,NaN,NaN
3198,16286.35,3048.22,2,3,0.0000
3199,16007.59,2581.37,0,0,0.0000
3200,16071.00,3106.52,NaN,NaN,NaN
3201,15837.76,2563.65,NaN,NaN,NaN
3202,15921.17,2540.38,NaN,NaN,NaN
3203,16134.72,3025.04,NaN,NaN,NaN
3204,15987.54,2493.52,0,0,0.0000
3205,16091.55,2661.47,0,0,0.0000
3206,15948.79,2713.06,NaN,NaN,NaN
3207,15699.55,2728.55,NaN,NaN,NaN
3208,16233.12,3102.05,NaN,NaN,NaN
3209,15540.43,2773.88,0,0,0.0000
3210,15761.13,3014.89,NaN,NaN,NaN
3211,15662.72,2444.78,0,0,0.0000
3212,16337.61,2790.44,0,0,0.0000
3213,16299.61,3123.96,0,0,0.0000
3214,15853.74,3070.62,NaN,NaN,NaN
3215,16194.48,3073.34,NaN,NaN,NaN
3216,16354.73,2612.49,0,0,0.0000
3217,15549.06,2663.61,0,0,0.0000
3218,15902.95,3028.53,3,4,0.0000
3219,15901.33,3111.21,3,5,0.0000
3220,16323.69,2725.10,0,0,0.0000
3221,16212.10,3004.69,2,4,2.0000
3222,15963.05,3147.22,0,0,0.0000
3223,16245.50,3168.35,3,7,2.3333
3224,15819.54,3000.59,NaN,NaN,NaN
3225,15597.89,2474.20,0,0,0.0000
3226,15878.95,2745.45,3,3,0.0000
3227,15551.14,2459.51,0,0,0.0000
3228,16194.55,3192.16,NaN,NaN,NaN
3229,16239.65,2907.44,0,0,0.0000
3230,15899.92,2606.93,2,4,2.0000
3231,16192.63,2934.30,0,0,0.0000
3232,15625.97,2565.12,0,0,0.0000
3233,15775.01,2576.98,NaN,NaN,NaN
3234,15732.22,2574.96,NaN,NaN,NaN
3235,15921.95,3195.94,0,0,0.0000
3236,15750.07,2652.38,2,2,0.0000
3237,15855.59,2660.85,NaN,NaN,NaN
3238,15564.47,2567.52,0,0,0.0000
3239,16029.96,2654.25,0,0,0.0000
3240,15627.72,2522.69,0,0,0.0000
3241,16048.22,2459.92,0,0,0.0000
3242,16149.74,2807.99,NaN,NaN,NaN
3243,16172.78,3149.71,2,6,3.0000
3244,15964.74,2629.11,NaN,NaN,NaN
3245,16239.68,2572.98,0,0,0.0000
3246,16130.54,3085.23,NaN,NaN,NaN
3247,16289.70,2612.47,0,0,0.0000
3248,16341.07,3028.53,NaN,NaN,NaN
3249,15680.70,2676.63,2,0,0.0000
3250,15818.93,2678.24,NaN,NaN,NaN
3251,16333.89,2670.45,0,0,0.0000
3252,16248.57,2852.33,NaN,NaN,NaN
3253,523.96,3453.55,NaN,NaN,NaN
3254,788.76,3332.94,2,4,2.0000
3255,434.87,3398.70,0,0,0.0000
3256,742.12,3259.30,0,0,0.0000
3257,881.75,3907.65,3,4,0.0000
3258,580.70,3265.14,NaN,NaN,NaN
3259,77.08,3699.99,NaN,NaN,NaN
3260,183.67,3854.45,NaN,NaN,NaN
3261,691.79,3378.82,2,0,0.0000
3262,664.73,3664.38,NaN,NaN,NaN
3263,64.28,3924.28,NaN,NaN,NaN
3264,686.40,3503.98,NaN,NaN,NaN
3265,583.97,3372.51,0,0,0.0000
3266,763.97,3769.17,NaN,NaN,NaN
3267,114.90,3811.73,NaN,NaN,NaN
3268,609.24,3507.79,0,0,0.0000
3269,866.92,3527.17,0,0,0.0000
3270,705.64,3449.00,NaN,NaN,NaN
3271,826.04,3384.08,0,0,0.0000
3272,807.85,3522.77,NaN,NaN,NaN
3273,668.65,3229.55,NaN,NaN,NaN
3274,458.20,3269.82,NaN,NaN,NaN
3275,587.43,3616.72,NaN,NaN,NaN
3276,707.34,3592.34,3,7,2.3333
3277,854.90,3264.67,0,0,0.0000
3278,401.37,3220.58,NaN,NaN,NaN
3279,40.45,3853.16,NaN,NaN,NaN
3280,804.62,3621.61,NaN,NaN,NaN
3281,884.36,3700.65,0,0,0.0000
3282,483.32,3345.54,3,4,0.0000
3283,658.96,3303.87,NaN,NaN,NaN
3284,764.48,3694.12,2,4,2.0000
3285,855.26,3776.88,NaN,NaN,NaN
3286,775.58,3469.15,0,0,0.0000
3287,537.05,3578.57,NaN,NaN,NaN
3288,35.02,3561.57,0,0,0.0000
3289,217.02,3930.25,NaN,NaN,NaN
3290,340.24,3224.20,NaN,NaN,NaN
3291,502.26,3642.28,NaN,NaN,NaN
3292,85.35,3650.22,4,3,0.0000
3293,418.34,3309.41,2,2,0.0000
3294,835.52,3698.94,NaN,NaN,NaN
3295,124.24,3758.24,NaN,NaN,NaN
3296,810.45,3705.86,NaN,NaN,NaN
3297,814.22,3811.73,2,4,2.0000
3298,518.72,3302.12,NaN,NaN,NaN
3299,113.00,3953.00,NaN,NaN,NaN
3300,59.72,3756.88,NaN,NaN,NaN
3301,356.86,3264.37,0,0,0.0000
3302,843.74,3647.53,0,0,0.0000
3303,773.31,3569.69,3,3,0.0000
3304,496.30,3588.28,NaN,NaN,NaN
3305,1656.78,3521.93,4,2,0.0000
3306,1653.02,3742.20,2,4,2.0000
3307,1000.21,3959.03,2,5,2.5000
3308,1482.02,3303.26,NaN,NaN,NaN
3309,1589.68,3220.43,2,2,0.0000
3310,1638.11,3661.19,3,6,2.0000
3311,959.84,3318.40,NaN,NaN,NaN
3312,929.81,3836.62,NaN,NaN,NaN
3313,1392.44,3251.77,0,0,0.0000
3314,912.82,3494.43,NaN,NaN,NaN
3315,1580.57,3422.59,3,3,0.0000
3316,1100.88,3877.12,NaN,NaN,NaN
3317,1017.77,3820.54,NaN,NaN,NaN
3318,1565.92,3339.32,2,3,0.0000
3319,905.63,3393.09,NaN,NaN,NaN
3320,930.57,3217.86,2,6,3.0000
3321,958.60,3761.30,NaN,NaN,NaN
3322,1225.87,3348.45,NaN,NaN,NaN
3323,923.90,3668.56,NaN,NaN,NaN
3324,1121.98,3252.09,2,4,2.0000
3325,1210.28,3263.05,0,0,0.0000
3326,1088.41,3317.06,NaN,NaN,NaN
3327,1015.26,3417.60,0,0,0.0000
3328,928.45,3439.39,NaN,NaN,NaN
3329,1384.16,3696.18,NaN,NaN,NaN
3330,1472.69,3713.68,NaN,NaN,NaN
3331,1127.93,3351.26,NaN,NaN,NaN
3332,1021.18,3260.47,3,6,2.0000
3333,1579.47,3554.04,NaN,NaN,NaN
3334,1105.54,3951.94,NaN,NaN,NaN
3335,899.94,3595.85,NaN,NaN,NaN
3336,1464.93,3465.66,0,0,0.0000
3337,1580.40,3488.95,NaN,NaN,NaN
3338,1634.61,3356.47,2,4,2.0000
3339,1540.30,3712.05,NaN,NaN,NaN
3340,1625.27,3904.80,3,4,0.0000
3341,1366.66,3747.28,2,6,3.0000
3342,1014.57,3884.37,2,3,0.0000
3343,1143.34,3930.01,0,0,0.0000
3344,1647.26,3301.94,NaN,NaN,NaN
3345,1504.17,3514.42,NaN,NaN,NaN
3346,1490.65,3760.10,2,3,0.0000
3347,1548.00,3780.57,0,0,0.0000
3348,1266.45,3271.92,2,3,0.0000
3349,1204.11,3958.39,3,6,2.0000
3350,1853.46,3862.06,NaN,NaN,NaN
3351,1879.79,3641.87,NaN,NaN,NaN
3352,1879.97,3551.55,NaN,NaN,NaN
3353,1682.61,3853.73,0,0,0.0000
3354,2420.02,3287.75,NaN,NaN,NaN
3355,1774.01,3779.12,NaN,NaN,NaN
3356,1722.93,3266.21,NaN,NaN,NaN
3357,1776.94,3346.56,NaN,NaN,NaN
3358,1803.07,3459.85,5,7,0.0000
3359,1975.32,3958.46,NaN,NaN,NaN
3360,1877.43,3777.10,0,0,0.0000
3361,1976.67,3816.90,0,0,0.0000
3362,1728.71,3590.52,NaN,NaN,NaN
3363,2045.53,3923.58,NaN,NaN,NaN
3364,1746.33,3518.18,NaN,NaN,NaN
3365,1800.55,3957.97,0,0,0.0000
3366,1775.62,3653.38,NaN,NaN,NaN
3367,1939.90,3728.64,0,0,0.0000
3368,1736.01,3926.61,0,0,0.0000
3369,2031.64,3818.01,0,0,0.0000
3370,1682.78,3404.20,NaN,NaN,NaN
3371,1736.66,3213.07,NaN,NaN,NaN
3372,1888.96,3955.19,NaN,NaN,NaN
3373,1690.09,3964.67,0,0,0.0000
3374,1842.59,3728.43,0,0,0.0000
3375,1816.49,3678.95,0,0,0.0000
3376,2750.33,3293.80,3,3,0.0000
3377,2705.11,3493.89,NaN,NaN,NaN
3378,3119.37,3312.81,NaN,NaN,NaN
3379,2769.06,3210.50,NaN,NaN,NaN
3380,2696.28,3557.35,0,0,0.0000
3381,3191.08,3297.92,NaN,NaN,NaN
3382,2668.22,3380.08,NaN,NaN,NaN
3383,2492.59,3281.37,2,1,0.0000
3384,2612.99,3550.44,NaN,NaN,NaN
3385,2563.02,3503.38,2,1,0.0000
3386,3187.67,3412.81,2,3,0.0000
3387,2831.20,3200.26,NaN,NaN,NaN
3388,2540.76,3318.35,NaN,NaN,NaN
3389,2668.60,3438.59,0,0,0.0000
3390,2592.26,3303.94,0,0,0.0000
3391,2562.30,3251.90,2,8,4.0000
3392,2553.28,3449.89,2,6,3.0000
3393,2655.55,3317.04,0,0,0.0000
3394,2728.47,3412.08,NaN,NaN,NaN
3395,2445.59,3431.62,0,0,0.0000
3396,2466.93,3224.07,2,4,2.0000
3397,2444.68,3386.19,0,0,0.0000
3398,3409.33,3554.00,2,1,0.0000
3399,3306.91,3206.09,NaN,NaN,NaN
3400,3358.54,3769.73,NaN,NaN,NaN
3401,3275.06,3316.61,2,3,0.0000
3402,3572.96,3833.56,2,6,3.0000
3403,3438.93,3246.41,0,0,0.0000
3404,3449.18,3473.53,NaN,NaN,NaN
3405,3600.29,3580.34,NaN,NaN,NaN
3406,3761.98,3850.77,NaN,NaN,NaN
3407,3272.05,3568.91,2,4,2.0000
3408,3740.95,3908.14,0,0,0.0000
3409,3625.15,3758.03,NaN,NaN,NaN
3410,3228.28,3480.97,NaN,NaN,NaN
3411,3607.74,3294.04,0,0,0.0000
3412,3648.76,3544.46,0,0,0.0000
3413,3533.04,3248.47,0,0,0.0000
3414,3597.85,3687.38,NaN,NaN,NaN
3415,3520.40,3656.88,0,0,0.0000
3416,3536.96,3326.22,NaN,NaN,NaN
3417,3280.08,3742.68,NaN,NaN,NaN
3418,3468.45,3886.55,NaN,NaN,NaN
3419,3591.28,3429.04,2,3,0.0000
3420,3475.35,3812.84,2,2,0.0000
3421,3468.60,3609.05,0,0,0.0000
3422,3399.91,3210.52,3,4,0.0000
3423,3362.50,3277.50,0,0,0.0000
3424,3501.62,3561.44,NaN,NaN,NaN
3425,3273.39,3966.23,0,0,0.0000
3426,3538.77,3528.94,NaN,NaN,NaN
3427,3496.24,3402.72,NaN,NaN,NaN
3428,3568.78,3224.51,NaN,NaN,NaN
3429,3536.65,3389.74,NaN,NaN,NaN
3430,3659.28,3861.49,NaN,NaN,NaN
3431,3310.93,3797.10,0,0,0.0000
3432,3255.00,3440.23,0,0,0.0000
3433,3307.66,3938.24,NaN,NaN,NaN
3434,3370.54,3480.14,2,4,2.0000
3435,3643.44,3415.96,0,0,0.0000
3436,3270.96,3646.56,0,0,0.0000
3437,3300.07,3878.11,0,0,0.0000
3438,3405.28,3340.96,0,0,0.0000
3439,3443.51,3695.35,0,0,0.0000
3440,3548.91,3729.72,0,0,0.0000
3441,3573.16,3484.06,2,5,2.5000
3442,3614.76,3214.77,2,2,0.0000
3443,3692.30,3844.60,NaN,NaN,NaN
3444,3414.64,3731.98,0,0,0.0000
3445,3467.87,3658.40,NaN,NaN,NaN
3446,4618.33,3790.68,NaN,NaN,NaN
3447,4553.34,3598.57,NaN,NaN,NaN
3448,4602.04,3348.21,NaN,NaN,NaN
3449,4357.87,3412.11,NaN,NaN,NaN
3450,4700.99,3544.47,2,3,0.0000
3451,4432.88,3313.84,NaN,NaN,NaN
3452,4703.46,3928.87,0,0,0.0000
3453,4431.70,3586.21,NaN,NaN,NaN
3454,4625.00,3920.60,NaN,NaN,NaN
3455,4484.61,3712.99,NaN,NaN,NaN
3456,4624.58,3559.80,NaN,NaN,NaN
3457,4187.36,3387.94,NaN,NaN,NaN
3458,4652.83,3251.74,NaN,NaN,NaN
3459,4282.25,3593.90,NaN,NaN,NaN
3460,4455.05,3502.30,4,7,0.0000
3461,4704.28,3212.54,3,6,2.0000
3462,4658.45,3700.29,0,0,0.0000
3463,4343.88,3588.59,2,5,2.5000
3464,4508.06,3459.26,NaN,NaN,NaN
3465,4189.44,3475.15,2,5,2.5000
3466,4587.37,3442.96,NaN,NaN,NaN
3467,4348.38,3470.32,0,0,0.0000
3468,4598.72,3680.67,NaN,NaN,NaN
3469,4397.16,3843.09,NaN,NaN,NaN
3470,4675.16,3308.02,NaN,NaN,NaN
3471,4500.23,3797.56,NaN,NaN,NaN
3472,4681.25,3453.41,NaN,NaN,NaN
3473,4237.19,3476.16,NaN,NaN,NaN
3474,4380.63,3752.13,3,3,0.0000
3475,4326.03,3712.07,NaN,NaN,NaN
3476,4421.06,3920.54,0,0,0.0000
3477,4476.89,3241.99,0,0,0.0000
3478,4531.76,3842.07,0,0,0.0000
3479,4478.22,3886.86,3,4,0.0000
3480,4521.62,3373.95,0,0,0.0000
3481,4260.53,3210.17,NaN,NaN,NaN
3482,4232.51,3257.77,NaN,NaN,NaN
3483,4360.00,3528.24,0,0,0.0000
3484,4243.72,3314.24,0,0,0.0000
3485,4190.37,3315.91,0,0,0.0000
3486,4308.71,3663.19,2,2,0.0000
3487,4496.24,3654.22,0,0,0.0000
3488,4636.52,3419.50,0,0,0.0000
3489,4308.41,3760.31,2,4,2.0000
3490,4206.53,3217.62,NaN,NaN,NaN
3491,4668.51,3634.48,NaN,NaN,NaN
3492,4559.04,3921.76,0,0,0.0000
3493,4611.68,3733.87,NaN,NaN,NaN
3494,4907.99,3436.20,NaN,NaN,NaN
3495,4738.69,3727.56,0,0,0.0000
3496,4778.98,3911.91,2,3,0.0000
3497,4895.90,3662.49,NaN,NaN,NaN
3498,5436.61,3813.91,2,3,0.0000
3499,4778.86,3281.23,3,7,2.3333
3500,4895.78,3333.63,2,5,2.5000
3501,4963.42,3599.73,0,0,0.0000
3502,4905.29,3851.43,3,5,0.0000
3503,4990.91,3853.34,NaN,NaN,NaN
3504,5032.47,3437.50,0,0,0.0000
3505,5172.98,3708.97,2,5,2.5000
3506,5219.47,3934.02,NaN,NaN,NaN
3507,5230.74,3848.85,2,4,2.0000
3508,5405.09,3887.88,2,3,0.0000
3509,4858.35,3916.93,0,0,0.0000
3510,4798.01,3560.71,NaN,NaN,NaN
3511,5150.67,3907.08,NaN,NaN,NaN
3512,5312.78,3694.06,0,0,0.0000
3513,5109.99,3784.89,0,0,0.0000
3514,5075.16,3516.99,2,5,2.5000
3515,4997.25,3343.58,NaN,NaN,NaN
3516,5072.14,3625.28,0,0,0.0000
3517,4854.47,3549.52,NaN,NaN,NaN
3518,4754.75,3511.76,NaN,NaN,NaN
3519,5096.59,3718.39,0,0,0.0000
3520,4988.74,3284.49,0,0,0.0000
3521,4754.14,3834.55,NaN,NaN,NaN
3522,5335.42,3858.72,NaN,NaN,NaN
3523,5328.27,3923.53,0,0,0.0000
3524,5190.04,3767.97,2,2,0.0000
3525,4978.47,3533.77,0,0,0.0000
3526,5433.59,3753.92,0,0,0.0000
3527,4838.04,3822.00,NaN,NaN,NaN
3528,5239.45,3742.45,NaN,NaN,NaN
3529,4944.94,3250.75,NaN,NaN,NaN
3530,4747.31,3435.36,NaN,NaN,NaN
3531,4945.90,3791.70,0,0,0.0000
3532,5006.45,3687.12,0,0,0.0000
3533,5268.60,3760.33,0,0,0.0000
3534,5142.99,3485.93,0,0,0.0000
3535,4895.49,3513.05,NaN,NaN,NaN
3536,4785.49,3479.27,NaN,NaN,NaN
3537,5117.00,3577.70,0,0,0.0000
3538,4780.62,3636.56,NaN,NaN,NaN
3539,5059.35,3845.84,NaN,NaN,NaN
3540,4804.75,3774.11,NaN,NaN,NaN
3541,4825.87,3443.59,NaN,NaN,NaN
3542,6116.14,3967.54,NaN,NaN,NaN
3543,6056.85,3404.52,NaN,NaN,NaN
3544,6183.79,3489.55,4,7,0.0000
3545,6054.39,3505.57,NaN,NaN,NaN
3546,5976.88,3291.11,NaN,NaN,NaN
3547,5976.08,3477.05,0,0,0.0000
3548,6191.69,3259.31,2,5,2.5000
3549,6171.26,3835.10,NaN,NaN,NaN
3550,6266.26,3354.21,2,3,0.0000
3551,5998.31,3715.76,0,0,0.0000
3552,6150.95,3613.09,NaN,NaN,NaN
3553,6101.54,3263.99,NaN,NaN,NaN
3554,5938.02,3628.31,0,0,0.0000
3555,5725.72,3921.14,NaN,NaN,NaN
3556,6064.44,3736.12,0,0,0.0000
3557,6233.96,3676.69,NaN,NaN,NaN
3558,5914.61,3424.28,NaN,NaN,NaN
3559,6167.52,3764.43,NaN,NaN,NaN
3560,6000.68,3609.58,3,4,0.0000
3561,6225.51,3780.63,NaN,NaN,NaN
3562,6220.55,3912.97,NaN,NaN,NaN
3563,6092.15,3590.05,NaN,NaN,NaN
3564,6087.69,3361.63,NaN,NaN,NaN
3565,6173.27,3682.15,NaN,NaN,NaN
3566,5949.91,3718.35,0,0,0.0000
3567,5760.43,3859.47,0,0,0.0000
3568,6051.98,3955.24,0,0,0.0000
3569,6115.11,3728.03,NaN,NaN,NaN
3570,5872.24,3846.30,NaN,NaN,NaN
3571,6050.33,3254.71,NaN,NaN,NaN
3572,6191.34,3606.73,NaN,NaN,NaN
3573,6221.99,3580.82,NaN,NaN,NaN
3574,6124.31,3676.12,0,0,0.0000
3575,5918.84,3311.80,NaN,NaN,NaN
3576,6221.45,3853.97,0,0,0.0000
3577,6193.78,3555.45,NaN,NaN,NaN
3578,5907.81,3231.93,NaN,NaN,NaN
3579,5920.74,3369.74,NaN,NaN,NaN
3580,6249.42,3574.13,0,0,0.0000
3581,6234.02,3356.87,2,2,0.0000
3582,5946.48,3508.06,NaN,NaN,NaN
3583,6581.44,3759.63,0,0,0.0000
3584,6332.83,3908.51,NaN,NaN,NaN
3585,6757.13,3260.58,2,3,0.0000
3586,6830.00,3941.77,NaN,NaN,NaN
3587,6417.23,3590.81,3,4,0.0000
3588,6831.84,3435.05,3,8,2.6667
3589,6699.10,3804.21,NaN,NaN,NaN
3590,6950.38,3870.02,NaN,NaN,NaN
3591,6558.09,3916.49,NaN,NaN,NaN
3592,6792.40,3736.35,NaN,NaN,NaN
3593,7033.29,3681.81,NaN,NaN,NaN
3594,7015.36,3923.26,4,9,2.2500
3595,6999.09,3509.74,0,0,0.0000
3596,6297.46,3786.37,3,5,0.0000
3597,6371.55,3723.52,NaN,NaN,NaN
3598,6472.60,3420.46,2,4,2.0000
3599,6988.69,3573.06,0,0,0.0000
3600,6478.77,3257.52,0,0,0.0000
3601,6670.91,3569.90,NaN,NaN,NaN
3602,6903.38,3724.81,NaN,NaN,NaN
3603,6904.18,3635.05,NaN,NaN,NaN
3604,6553.83,3585.62,NaN,NaN,NaN
3605,6972.53,3278.18,NaN,NaN,NaN
3606,6742.94,3680.15,4,7,0.0000
3607,6570.46,3246.69,NaN,NaN,NaN
3608,6760.42,3371.21,NaN,NaN,NaN
3609,6409.56,3923.94,NaN,NaN,NaN
3610,6920.40,3343.06,2,6,3.0000
3611,6581.60,3646.34,NaN,NaN,NaN
3612,6853.40,3238.45,3,0,0.0000
3613,6513.67,3847.54,0,0,0.0000
3614,6716.58,3453.18,NaN,NaN,NaN
3615,6486.96,3706.19,0,0,0.0000
3616,6388.45,3438.74,0,0,0.0000
3617,6912.95,3804.45,NaN,NaN,NaN
3618,6402.10,3256.06,NaN,NaN,NaN
3619,6834.81,3327.74,NaN,NaN,NaN
3620,6961.16,3415.27,NaN,NaN,NaN
3621,6778.18,3882.98,4,3,0.0000
3622,6660.47,3258.94,NaN,NaN,NaN
3623,6501.47,3577.65,NaN,NaN,NaN
3624,6432.11,3343.24,2,2,0.0000
3625,6319.13,3270.32,NaN,NaN,NaN
3626,6688.30,3394.02,NaN,NaN,NaN
3627,6608.82,3387.21,0,0,0.0000
3628,6860.63,3517.58,NaN,NaN,NaN
3629,6907.85,3254.02,NaN,NaN,NaN
3630,6343.59,3646.84,0,0,0.0000
3631,6654.38,3487.55,0,0,0.0000
3632,6619.03,3846.67,0,0,0.0000
3633,6993.62,3632.04,NaN,NaN,NaN
3634,6969.80,3218.05,NaN,NaN,NaN
3635,6641.44,3322.37,0,0,0.0000
3636,6295.27,3700.35,NaN,NaN,NaN
3637,6502.01,3503.15,2,5,2.5000
3638,6755.40,3612.90,NaN,NaN,NaN
3639,6558.08,3440.75,NaN,NaN,NaN
3640,6451.33,3863.81,0,0,0.0000
3641,6967.48,3761.58,0,0,0.0000
3642,6597.53,3480.74,NaN,NaN,NaN
3643,6693.47,3958.17,0,0,0.0000
3644,6644.22,3922.07,0,0,0.0000
3645,6360.67,3328.02,0,0,0.0000
3646,6832.37,3806.76,0,0,0.0000
3647,6934.56,3473.63,NaN,NaN,NaN
3648,6535.04,3396.75,NaN,NaN,NaN
3649,6700.59,3320.31,0,0,0.0000
3650,6767.26,3556.92,0,0,0.0000
3651,6829.44,3648.11,NaN,NaN,NaN
3652,6668.76,3201.14,0,0,0.0000
3653,6840.66,3598.85,0,0,0.0000
3654,6403.46,3201.91,2,3,0.0000
3655,6901.19,3565.81,0,0,0.0000
3656,7258.77,3208.41,0,0,0.0000
3657,7150.53,3608.06,NaN,NaN,NaN
3658,7430.22,3583.49,2,2,0.0000
3659,7413.39,3313.63,0,0,0.0000
3660,7279.77,3761.55,2,8,4.0000
3661,7315.80,3494.39,2,7,3.5000
3662,7582.14,3942.39,2,3,0.0000
3663,7221.52,3890.14,NaN,NaN,NaN
3664,7590.40,3264.11,NaN,NaN,NaN
3665,7051.29,3325.30,0,0,0.0000
3666,7521.97,3319.88,2,2,0.0000
3667,7264.33,3569.74,NaN,NaN,NaN
3668,7352.75,3340.23,NaN,NaN,NaN
3669,7098.20,3474.56,0,0,0.0000
3670,7298.03,3412.52,NaN,NaN,NaN
3671,7524.62,3636.99,NaN,NaN,NaN
3672,7040.66,3779.31,2,3,0.0000
3673,7381.29,3710.87,NaN,NaN,NaN
3674,7347.75,3879.90,NaN,NaN,NaN
3675,7101.62,3902.29,0,0,0.0000
3676,7417.11,3792.69,NaN,NaN,NaN
3677,7539.44,3770.82,NaN,NaN,NaN
3678,7609.64,3661.34,NaN,NaN,NaN
3679,7571.50,3579.38,NaN,NaN,NaN
3680,7661.75,3910.30,NaN,NaN,NaN
3681,7349.00,3655.57,NaN,NaN,NaN
3682,7498.62,3418.88,NaN,NaN,NaN
3683,7455.33,3965.65,NaN,NaN,NaN
3684,7638.36,3950.74,2,7,3.5000
3685,7457.97,3243.43,0,0,0.0000
3686,7567.73,3442.53,NaN,NaN,NaN
3687,7647.01,3766.43,0,0,0.0000
3688,7104.57,3406.65,NaN,NaN,NaN
3689,7101.86,3253.75,NaN,NaN,NaN
3690,7604.33,3824.66,0,0,0.0000
3691,7404.66,3212.57,NaN,NaN,NaN
3692,7382.46,3447.00,3,3,0.0000
3693,7673.43,3509.82,0,0,0.0000
3694,7452.09,3438.11,NaN,NaN,NaN
3695,7622.58,3376.02,NaN,NaN,NaN
3696,7183.05,3822.00,2,5,2.5000
3697,7702.28,3809.38,NaN,NaN,NaN
3698,7217.62,3453.32,NaN,NaN,NaN
3699,7690.93,3445.60,0,0,0.0000
3700,7327.35,3203.70,NaN,NaN,NaN
3701,7562.56,3527.06,0,0,0.0000
3702,7713.43,3381.96,0,0,0.0000
3703,7084.64,3546.67,0,0,0.0000
3704,7735.54,3894.77,NaN,NaN,NaN
3705,7647.36,3713.23,0,0,0.0000
3706,7135.90,3753.45,2,8,4.0000
3707,7183.66,3301.39,0,0,0.0000
3708,7634.41,3561.47,NaN,NaN,NaN
3709,7153.61,3946.61,0,0,0.0000
3710,7672.46,3833.35,0,0,0.0000
3711,7529.53,3840.91,NaN,NaN,NaN
3712,7241.79,3308.18,2,3,0.0000
3713,7605.22,3421.92,NaN,NaN,NaN
3714,7178.26,3499.11,NaN,NaN,NaN
3715,7637.90,3524.92,NaN,NaN,NaN
3716,7571.50,3713.40,NaN,NaN,NaN
3717,7494.34,3892.93,NaN,NaN,NaN
3718,7321.74,3619.51,0,0,0.0000
3719,7424.89,3920.28,0,0,0.0000
3720,7747.06,3849.51,0,0,0.0000
3721,7445.75,3867.43,0,0,0.0000
3722,7411.37,3857.44,0,0,0.0000
3723,7188.03,3696.18,NaN,NaN,NaN
3724,7724.51,3484.83,0,0,0.0000
3725,7236.75,3806.89,0,0,0.0000
3726,7236.02,3838.55,0,0,0.0000
3727,7461.20,3814.21,0,0,0.0000
3728,7462.84,3717.33,2,3,0.0000
3729,7266.61,3680.15,NaN,NaN,NaN
3730,8431.58,3910.57,0,0,0.0000
3731,8346.51,3876.00,NaN,NaN,NaN
3732,8784.48,3773.71,NaN,NaN,NaN
3733,8847.20,3849.96,NaN,NaN,NaN
3734,8781.50,3879.16,0,0,0.0000
3735,8777.74,3825.53,NaN,NaN,NaN
3736,9296.05,3258.46,NaN,NaN,NaN
3737,8809.94,3933.70,0,0,0.0000
3738,10110.55,3584.93,NaN,NaN,NaN
3739,10030.33,3282.08,2,6,3.0000
3740,10106.54,3326.07,NaN,NaN,NaN
3741,10068.78,3900.67,NaN,NaN,NaN
3742,9494.49,3451.74,NaN,NaN,NaN
3743,9533.19,3255.24,2,3,0.0000
3744,10099.96,3497.05,NaN,NaN,NaN
3745,10091.85,3398.43,2,5,2.5000
3746,9556.85,3203.06,NaN,NaN,NaN
3747,9954.27,3271.30,NaN,NaN,NaN
3748,9446.89,3302.41,0,0,0.0000
3749,10022.41,3571.58,2,4,2.0000
3750,9992.92,3844.24,NaN,NaN,NaN
3751,9534.95,3406.87,2,3,0.0000
3752,9411.83,3283.62,0,0,0.0000
3753,9495.82,3319.86,0,0,0.0000
3754,9447.18,3406.99,NaN,NaN,NaN
3755,9426.73,3377.27,0,0,0.0000
3756,9585.63,3334.50,2,3,0.0000
3757,9564.80,3441.32,0,0,0.0000
3758,10015.55,3378.15,0,0,0.0000
3759,9592.40,3433.07,2,2,0.0000
3760,10071.05,3457.68,NaN,NaN,NaN
3761,9476.81,3377.53,0,0,0.0000
3762,9552.22,3334.49,NaN,NaN,NaN
3763,10788.67,3749.65,NaN,NaN,NaN
3764,10833.42,3245.67,2,1,0.0000
3765,10576.17,3742.60,0,0,0.0000
3766,10383.21,3248.67,NaN,NaN,NaN
3767,10557.43,3611.68,NaN,NaN,NaN
3768,10336.07,3378.20,NaN,NaN,NaN
3769,10836.74,3630.27,0,0,0.0000
3770,10427.46,3827.71,NaN,NaN,NaN
3771,10210.81,3764.05,0,0,0.0000
3772,10443.82,3517.09,0,0,0.0000
3773,10590.33,3238.67,0,0,0.0000
3774,10656.60,3603.67,NaN,NaN,NaN
3775,10356.65,3478.97,2,2,0.0000
3776,10363.77,3600.17,NaN,NaN,NaN
3777,10805.98,3959.02,NaN,NaN,NaN
3778,10422.11,3720.27,NaN,NaN,NaN
3779,10767.61,3860.03,NaN,NaN,NaN
3780,10352.45,3935.04,0,0,0.0000
3781,10350.25,3778.47,NaN,NaN,NaN
3782,10297.89,3765.01,NaN,NaN,NaN
3783,10754.75,3470.04,0,0,0.0000
3784,10684.37,3740.65,NaN,NaN,NaN
3785,10550.40,3954.98,0,0,0.0000
3786,10739.85,3268.54,0,0,0.0000
3787,10526.16,3761.25,NaN,NaN,NaN
3788,10330.93,3675.42,2,7,3.5000
3789,10718.09,3337.54,0,0,0.0000
3790,10823.88,3464.83,0,0,0.0000
3791,10280.18,3890.38,NaN,NaN,NaN
3792,10251.09,3387.30,NaN,NaN,NaN
3793,10146.69,3414.10,NaN,NaN,NaN
3794,10215.83,3657.67,NaN,NaN,NaN
3795,10638.09,3687.58,NaN,NaN,NaN
3796,10257.84,3483.49,NaN,NaN,NaN
3797,10817.20,3542.02,0,0,0.0000
3798,10550.39,3261.40,0,0,0.0000
3799,10667.64,3883.35,0,0,0.0000
3800,10261.80,3687.49,NaN,NaN,NaN
3801,10196.92,3222.01,NaN,NaN,NaN
3802,10631.18,3965.79,2,3,0.0000
3803,10691.12,3811.47,NaN,NaN,NaN
3804,10804.22,3306.52,0,0,0.0000
3805,10429.64,3642.04,0,0,0.0000
3806,10870.94,3380.05,2,3,0.0000
3807,10786.35,3374.93,0,0,0.0000
3808,10196.14,3449.81,2,3,0.0000
3809,10721.51,3889.53,NaN,NaN,NaN
3810,10565.06,3336.71,0,0,0.0000
3811,10452.41,3360.19,2,6,3.0000
3812,10405.46,3363.66,0,0,0.0000
3813,10357.39,3857.73,0,0,0.0000
3814,10493.03,3440.90,NaN,NaN,NaN
3815,10519.65,3844.19,NaN,NaN,NaN
3816,10279.28,3563.95,3,6,2.0000
3817,10558.09,3821.22,NaN,NaN,NaN
3818,10138.03,3225.92,NaN,NaN,NaN
3819,10761.46,3560.33,NaN,NaN,NaN
3820,10193.12,3889.94,2,4,2.0000
3821,10192.78,3324.22,0,0,0.0000
3822,10226.11,3587.33,0,0,0.0000
3823,10268.46,3319.94,3,6,2.0000
3824,10702.05,3438.01,2,3,0.0000
3825,10874.58,3887.66,NaN,NaN,NaN
3826,10164.18,3954.51,NaN,NaN,NaN
3827,10188.25,3275.41,0,0,0.0000
3828,10702.87,3502.51,0,0,0.0000
3829,10699.86,3396.38,NaN,NaN,NaN
3830,10684.92,3365.66,0,0,0.0000
3831,10909.31,3523.26,0,0,0.0000
3832,10997.97,3752.75,2,1,0.0000
3833,11606.18,3292.30,3,5,0.0000
3834,10923.23,3773.82,NaN,NaN,NaN
3835,11608.28,3410.30,2,5,2.5000
3836,10882.50,3832.92,NaN,NaN,NaN
3837,11040.13,3514.06,NaN,NaN,NaN
3838,10885.06,3954.20,NaN,NaN,NaN
3839,11531.74,3397.73,2,1,0.0000
3840,10954.00,3916.18,2,1,0.0000
3841,10965.68,3640.93,2,2,0.0000
3842,11548.03,3299.91,NaN,NaN,NaN
3843,11011.95,3371.86,NaN,NaN,NaN
3844,11024.64,3883.87,NaN,NaN,NaN
3845,11019.41,3645.90,3,3,0.0000
3846,10918.68,3705.09,0,0,0.0000
3847,10977.29,3464.07,NaN,NaN,NaN
3848,11636.17,3492.03,NaN,NaN,NaN
3849,11518.53,3324.51,NaN,NaN,NaN
3850,10995.44,3551.85,0,0,0.0000
3851,11055.81,3589.52,NaN,NaN,NaN
3852,11064.84,3432.21,NaN,NaN,NaN
3853,10989.60,3275.68,2,3,0.0000
3854,11068.01,3955.57,3,2,0.0000
3855,10947.86,3255.59,0,0,0.0000
3856,11031.91,3694.78,NaN,NaN,NaN
3857,12359.65,3492.11,NaN,NaN,NaN
3858,11928.98,3486.30,0,0,0.0000
3859,12352.34,3334.34,2,9,4.5000
3860,11791.99,3557.84,NaN,NaN,NaN
3861,12137.35,3502.90,NaN,NaN,NaN
3862,11726.33,3449.19,NaN,NaN,NaN
3863,12272.90,3353.34,0,0,0.0000
3864,11889.44,3231.82,NaN,NaN,NaN
3865,11821.00,3331.23,NaN,NaN,NaN
3866,12282.70,3527.90,NaN,NaN,NaN
3867,11671.96,3563.82,NaN,NaN,NaN
3868,12160.94,3382.88,NaN,NaN,NaN
3869,11663.23,3370.97,0,0,0.0000
3870,12275.37,3257.46,NaN,NaN,NaN
3871,12120.58,3326.33,NaN,NaN,NaN
3872,12280.61,3459.45,NaN,NaN,NaN
3873,12252.55,3208.04,NaN,NaN,NaN
3874,12058.93,3265.33,NaN,NaN,NaN
3875,12073.92,3487.88,2,1,0.0000
3876,11893.97,3424.94,NaN,NaN,NaN
3877,12149.08,3235.36,0,0,0.0000
3878,11939.90,3201.77,NaN,NaN,NaN
3879,11678.38,3253.80,0,0,0.0000
3880,11733.78,3282.15,0,0,0.0000
3881,12112.13,3266.40,NaN,NaN,NaN
3882,12198.09,3235.42,NaN,NaN,NaN
3883,12389.85,3248.64,0,0,0.0000
3884,12218.18,3432.42,0,0,0.0000
3885,11902.56,3335.28,0,0,0.0000
3886,12036.58,3346.34,0,0,0.0000
3887,11794.83,3235.78,2,4,2.0000
3888,11733.69,3216.20,NaN,NaN,NaN
3889,12021.79,3431.90,NaN,NaN,NaN
3890,12019.96,3238.25,0,0,0.0000
3891,11829.53,3392.96,0,0,0.0000
3892,11672.72,3453.11,0,0,0.0000
3893,12200.64,3551.68,0,0,0.0000
3894,11995.25,3309.10,0,0,0.0000
3895,12023.22,3501.12,NaN,NaN,NaN
3896,11826.78,3509.37,0,0,0.0000
3897,11747.90,3507.08,NaN,NaN,NaN
3898,12233.47,3573.80,0,0,0.0000
3899,11734.11,3544.54,0,0,0.0000
3900,12214.26,3294.47,0,0,0.0000
3901,11884.84,3371.27,0,0,0.0000
3902,11950.01,3330.61,0,0,0.0000
3903,12615.69,3432.59,NaN,NaN,NaN
3904,12442.59,3317.00,2,6,3.0000
3905,12800.71,3292.22,0,0,0.0000
3906,12721.57,3245.53,NaN,NaN,NaN
3907,12695.73,3333.16,2,5,2.5000
3908,12472.90,3471.98,NaN,NaN,NaN
3909,12744.76,3362.02,2,4,2.0000
3910,12593.39,3344.56,NaN,NaN,NaN
3911,12516.93,3423.12,NaN,NaN,NaN
3912,12633.35,3289.88,2,4,2.0000
3913,12421.75,3474.18,NaN,NaN,NaN
3914,12487.12,3259.84,NaN,NaN,NaN
3915,12547.35,3288.65,NaN,NaN,NaN
3916,12528.94,3495.18,0,0,0.0000
3917,12426.32,3400.93,0,0,0.0000
3918,13852.61,3863.05,0,0,0.0000
3919,13920.57,3869.95,NaN,NaN,NaN
3920,13757.23,3855.52,NaN,NaN,NaN
3921,13901.14,3942.05,NaN,NaN,NaN
3922,14692.34,3379.08,NaN,NaN,NaN
3923,14674.72,3235.69,NaN,NaN,NaN
3924,14056.50,3945.28,0,0,0.0000
3925,14683.68,3621.47,NaN,NaN,NaN
3926,14602.36,3789.18,NaN,NaN,NaN
3927,14176.41,3966.26,0,0,0.0000
3928,13969.39,3795.32,0,0,0.0000
3929,13956.66,3938.59,0,0,0.0000
3930,14483.87,3793.74,0,0,0.0000
3931,14081.71,3817.23,0,0,0.0000
3932,14425.26,3820.54,0,0,0.0000
3933,14675.82,3553.42,2,6,3.0000
3934,14410.23,3705.95,0,0,0.0000
3935,14609.68,3870.98,NaN,NaN,NaN
3936,14442.68,3785.38,0,0,0.0000
3937,14480.76,3858.63,0,0,0.0000
3938,14024.36,3846.72,NaN,NaN,NaN
3939,14718.52,3760.57,0,0,0.0000
3940,14568.83,3911.42,0,0,0.0000
3941,14934.48,3432.18,NaN,NaN,NaN
3942,14904.50,3638.35,NaN,NaN,NaN
3943,14791.96,3779.00,NaN,NaN,NaN
3944,14790.98,3431.74,0,0,0.0000
3945,14797.86,3540.41,NaN,NaN,NaN
3946,15112.37,3339.21,NaN,NaN,NaN
3947,15098.59,3554.72,3,9,3.0000
3948,14962.48,3674.75,0,0,0.0000
3949,14870.08,3566.95,NaN,NaN,NaN
3950,15030.68,3505.21,NaN,NaN,NaN
3951,15177.56,3366.86,NaN,NaN,NaN
3952,15051.78,3312.03,NaN,NaN,NaN
3953,14873.33,3348.85,3,5,0.0000
3954,14751.52,3277.01,0,0,0.0000
3955,14865.97,3834.84,0,0,0.0000
3956,15109.42,3229.43,0,0,0.0000
3957,14798.67,3630.27,NaN,NaN,NaN
3958,15013.77,3636.10,0,0,0.0000
3959,14766.01,3696.89,NaN,NaN,NaN
3960,15029.56,3397.69,NaN,NaN,NaN
3961,14971.28,3219.34,NaN,NaN,NaN
3962,14977.03,3559.01,NaN,NaN,NaN
3963,14819.09,3261.91,0,0,0.0000
3964,14908.51,3278.04,0,0,0.0000
3965,14987.48,3276.83,NaN,NaN,NaN
3966,15136.00,3437.08,NaN,NaN,NaN
3967,14830.03,3690.04,0,0,0.0000
3968,14974.63,3323.43,4,5,0.0000
3969,14857.26,3464.21,0,0,0.0000
3970,16048.38,3350.25,2,4,2.0000
3971,15835.63,3833.49,NaN,NaN,NaN
3972,16122.22,3447.71,0,0,0.0000
3973,15755.09,3947.18,2,5,2.5000
3974,15721.73,3640.28,NaN,NaN,NaN
3975,15966.63,3814.35,2,4,2.0000
3976,15721.16,3760.36,NaN,NaN,NaN
3977,16176.70,3367.30,NaN,NaN,NaN
3978,15796.48,3708.54,3,2,0.0000
3979,15875.82,3684.44,NaN,NaN,NaN
3980,16258.42,3252.39,0,0,0.0000
3981,15873.18,3604.62,0,0,0.0000
3982,16052.15,3632.96,0,0,0.0000
3983,15855.82,3935.48,NaN,NaN,NaN
3984,15938.31,3750.24,NaN,NaN,NaN
3985,15948.37,3586.67,0,0,0.0000
3986,16325.32,3201.31,NaN,NaN,NaN
3987,15793.01,3541.53,2,1,0.0000
3988,15728.04,3568.39,NaN,NaN,NaN
3989,15860.47,3523.50,4,6,0.0000
3990,15983.91,3662.44,0,0,0.0000
3991,15892.24,3870.23,0,0,0.0000
3992,15648.89,3734.71,NaN,NaN,NaN
3993,16071.12,3544.70,0,0,0.0000
3994,16009.06,3592.65,0,0,0.0000
3995,15899.00,3932.01,NaN,NaN,NaN
3996,16146.62,3204.09,2,5,2.5000
3997,15801.55,3795.99,0,0,0.0000
3998,15935.81,3684.81,2,4,2.0000
3999,16191.25,3252.48,NaN,NaN,NaN
4000,15906.17,3534.53,NaN,NaN,NaN
4001,16312.37,3260.20,NaN,NaN,NaN
4002,16093.84,3572.92,0,0,0.0000
4003,15817.46,3635.20,0,0,0.0000
4004,16129.32,3263.23,0,0,0.0000
4005,207.90,4284.51,0,0,0.0000
4006,252.45,4416.86,NaN,NaN,NaN
4007,94.72,4036.24,NaN,NaN,NaN
4008,339.12,4299.28,2,5,2.5000
4009,244.17,4160.76,3,4,0.0000
4010,300.39,4547.13,NaN,NaN,NaN
4011,77.93,4359.48,0,0,0.0000
4012,172.44,3974.45,NaN,NaN,NaN
4013,416.49,4535.28,NaN,NaN,NaN
4014,401.70,4457.06,NaN,NaN,NaN
4015,309.42,4130.28,NaN,NaN,NaN
4016,513.74,4602.85,0,0,0.0000
4017,158.54,4120.83,3,2,0.0000
4018,56.68,4274.86,NaN,NaN,NaN
4019,84.56,4155.87,0,0,0.0000
4020,283.91,4048.92,0,0,0.0000
4021,608.58,4658.09,0,0,0.0000
4022,397.43,4390.27,NaN,NaN,NaN
4023,76.19,4215.10,0,0,0.0000
4024,184.91,4058.38,0,0,0.0000
4025,375.57,4569.00,NaN,NaN,NaN
4026,114.51,4298.46,NaN,NaN,NaN
4027,446.11,4386.07,2,2,0.0000
4028,218.07,4348.88,3,6,2.0000
4029,711.43,4709.32,NaN,NaN,NaN
4030,16.82,4019.42,0,0,0.0000
4031,344.53,4219.40,NaN,NaN,NaN
4032,1614.03,4411.09,0,0,0.0000
4033,1605.52,4297.17,3,2,0.0000
4034,1661.40,4728.51,0,0,0.0000
4035,1622.17,4339.50,4,3,0.0000
4036,1621.30,4220.65,NaN,NaN,NaN
4037,1550.32,4360.57,NaN,NaN,NaN
4038,1644.18,4580.19,NaN,NaN,NaN
4039,1010.98,4031.14,3,7,2.3333
4040,1210.73,4005.06,4,4,0.0000
4041,1157.23,4026.42,2,2,0.0000
4042,1068.59,4035.53,0,0,0.0000
4043,1646.77,3969.40,0,0,0.0000
4044,1549.24,4307.53,0,0,0.0000
4045,1988.59,4421.33,NaN,NaN,NaN
4046,1735.46,4470.20,NaN,NaN,NaN
4047,2399.66,4713.97,6,20,3.3333
4048,2035.02,4088.97,6,10,0.0000
4049,1910.59,4241.61,NaN,NaN,NaN
4050,1946.83,4055.57,4,7,0.0000
4051,2302.17,4421.61,0,0,0.0000
4052,1762.42,4177.22,0,0,0.0000
4053,2415.98,4612.66,2,1,0.0000
4054,1867.64,4611.27,NaN,NaN,NaN
4055,2258.21,4569.19,NaN,NaN,NaN
4056,1837.71,4470.52,0,0,0.0000
4057,1933.83,4671.54,NaN,NaN,NaN
4058,2197.52,4504.69,NaN,NaN,NaN
4059,1870.12,4405.09,NaN,NaN,NaN
4060,2223.58,4412.82,NaN,NaN,NaN
4061,1666.07,4452.77,NaN,NaN,NaN
4062,2243.87,4665.90,NaN,NaN,NaN
4063,1941.01,4129.84,3,6,2.0000
4064,1796.52,4562.08,0,0,0.0000
4065,2103.96,4374.52,2,3,0.0000
4066,2076.88,4196.28,NaN,NaN,NaN
4067,1803.82,4308.18,0,0,0.0000
4068,2334.68,4621.44,NaN,NaN,NaN
4069,1696.74,4590.44,NaN,NaN,NaN
4070,1769.24,4029.79,0,0,0.0000
4071,1965.05,4206.49,0,0,0.0000
4072,1836.33,4218.20,4,5,0.0000
4073,2111.13,4093.70,3,4,0.0000
4074,1727.63,4046.76,NaN,NaN,NaN
4075,1764.18,4372.18,0,0,0.0000
4076,2355.95,4512.97,2,5,2.5000
4077,1790.38,4094.49,0,0,0.0000
4078,2191.20,4237.21,3,1,0.0000
4079,2048.55,4320.35,0,0,0.0000
4080,2149.80,4016.92,2,6,3.0000
4081,2051.25,4396.77,0,0,0.0000
4082,2163.61,4280.62,NaN,NaN,NaN
4083,2157.06,4067.53,0,0,0.0000
4084,1873.65,4087.87,0,0,0.0000
4085,2113.96,4486.42,NaN,NaN,NaN
4086,2314.88,4525.71,0,0,0.0000
4087,2110.16,4437.89,0,0,0.0000
4088,1880.56,4679.96,NaN,NaN,NaN
4089,2095.33,3975.42,0,0,0.0000
4090,2239.11,4284.99,NaN,NaN,NaN
4091,2049.64,3994.64,0,0,0.0000
4092,2198.49,4651.54,2,3,0.0000
4093,1691.54,4175.94,0,0,0.0000
4094,2265.94,4266.83,NaN,NaN,NaN
4095,2502.21,4716.81,NaN,NaN,NaN
4096,3028.96,4501.87,2,3,0.0000
4097,2562.61,4723.04,NaN,NaN,NaN
4098,3333.69,4036.22,NaN,NaN,NaN
4099,3632.86,3980.75,NaN,NaN,NaN
4100,3776.81,4652.31,NaN,NaN,NaN
4101,3599.10,4381.41,2,5,2.5000
4102,3659.12,4336.78,NaN,NaN,NaN
4103,3783.33,4379.58,NaN,NaN,NaN
4104,3435.73,4182.90,NaN,NaN,NaN
4105,3948.30,4339.72,2,2,0.0000
4106,3773.08,4532.45,NaN,NaN,NaN
4107,3431.15,4092.12,0,0,0.0000
4108,3416.48,3982.85,NaN,NaN,NaN
4109,3687.77,4243.34,0,0,0.0000
4110,3865.14,4512.31,NaN,NaN,NaN
4111,3495.01,4309.40,2,3,0.0000
4112,3483.61,4467.77,0,0,0.0000
4113,3571.38,4112.23,NaN,NaN,NaN
4114,3888.49,4382.71,NaN,NaN,NaN
4115,3595.29,4039.12,2,6,3.0000
4116,3578.61,4678.35,NaN,NaN,NaN
4117,3707.53,4646.48,3,4,0.0000
4118,3735.40,4057.51,0,0,0.0000
4119,3908.50,4444.14,NaN,NaN,NaN
4120,3662.23,4165.52,NaN,NaN,NaN
4121,3957.09,4714.24,5,9,0.0000
4122,3731.97,3973.91,NaN,NaN,NaN
4123,3525.97,4485.38,0,0,0.0000
4124,3540.93,4274.41,3,3,0.0000
4125,3616.71,4618.75,2,3,0.0000
4126,3630.81,4536.59,NaN,NaN,NaN
4127,3698.75,4517.14,0,0,0.0000
4128,3915.48,4635.51,NaN,NaN,NaN
4129,3799.45,4163.28,NaN,NaN,NaN
4130,3440.06,4333.95,NaN,NaN,NaN
4131,3581.12,4236.35,NaN,NaN,NaN
4132,3273.56,3968.05,0,0,0.0000
4133,3517.75,3995.55,0,0,0.0000
4134,3754.43,4444.64,2,4,2.0000
4135,3775.89,4276.75,0,0,0.0000
4136,3852.26,4259.24,NaN,NaN,NaN
4137,3574.54,4523.67,2,1,0.0000
4138,3454.78,4406.93,NaN,NaN,NaN
4139,3462.59,4003.23,0,0,0.0000
4140,3853.15,4579.07,NaN,NaN,NaN
4141,3898.79,4206.09,0,0,0.0000
4142,3964.97,4640.34,NaN,NaN,NaN
4143,3721.83,4140.82,NaN,NaN,NaN
4144,3784.90,4206.65,NaN,NaN,NaN
4145,3616.15,4454.98,4,5,0.0000
4146,3516.73,4065.48,NaN,NaN,NaN
4147,3586.34,4285.79,0,0,0.0000
4148,3371.08,4201.33,3,4,0.0000
4149,3542.17,4604.86,0,0,0.0000
4150,3681.73,4108.57,0,0,0.0000
4151,3633.10,4706.00,2,3,0.0000
4152,4054.41,4694.53,NaN,NaN,NaN
4153,4005.81,4599.60,NaN,NaN,NaN
4154,4612.41,4127.36,NaN,NaN,NaN
4155,4536.27,4049.08,0,0,0.0000
4156,4584.10,4216.90,0,0,0.0000
4157,4686.42,4038.55,2,5,2.5000
4158,4163.41,4707.37,5,4,0.0000
4159,4476.39,3980.95,NaN,NaN,NaN
4160,4473.00,4052.40,0,0,0.0000
4161,4684.36,4344.21,NaN,NaN,NaN
4162,4386.70,4124.50,0,0,0.0000
4163,4728.68,4177.17,0,0,0.0000
4164,4528.26,4124.94,0,0,0.0000
4165,4644.08,4210.51,3,4,0.0000
4166,4624.52,4026.57,0,0,0.0000
4167,4731.15,4009.23,NaN,NaN,NaN
4168,4399.54,4071.54,NaN,NaN,NaN
4169,4588.95,3977.10,0,0,0.0000
4170,4699.88,4141.92,2,2,0.0000
4171,3994.70,4509.87,0,0,0.0000
4172,4694.63,4223.80,NaN,NaN,NaN
4173,5383.95,4413.83,2,4,2.0000
4174,5432.85,4682.52,0,0,0.0000
4175,4987.22,4721.12,NaN,NaN,NaN
4176,5088.98,4024.04,NaN,NaN,NaN
4177,5500.68,4397.99,0,0,0.0000
4178,5429.79,3993.39,3,2,0.0000
4179,5146.35,4232.20,4,6,0.0000
4180,5274.53,4197.56,0,0,0.0000
4181,4927.69,4481.16,NaN,NaN,NaN
4182,5461.02,4099.56,0,0,0.0000
4183,5415.43,4205.31,NaN,NaN,NaN
4184,4875.16,4590.39,NaN,NaN,NaN
4185,5010.94,4363.44,NaN,NaN,NaN
4186,5007.12,4211.91,NaN,NaN,NaN
4187,4996.14,4518.12,NaN,NaN,NaN
4188,4905.42,4348.73,NaN,NaN,NaN
4189,4825.94,4131.39,NaN,NaN,NaN
4190,5129.26,4545.49,NaN,NaN,NaN
4191,5309.60,4266.00,NaN,NaN,NaN
4192,5148.99,4610.62,NaN,NaN,NaN
4193,4765.09,4270.73,NaN,NaN,NaN
4194,5328.33,3999.16,NaN,NaN,NaN
4195,4781.22,4056.86,NaN,NaN,NaN
4196,4957.44,4085.86,NaN,NaN,NaN
4197,5196.42,4109.05,2,3,0.0000
4198,5351.05,4130.36,2,0,0.0000
4199,4837.82,4250.46,NaN,NaN,NaN
4200,5274.00,4115.51,NaN,NaN,NaN
4201,4824.99,4354.00,0,0,0.0000
4202,5382.25,4059.37,2,2,0.0000
4203,5072.43,4207.00,NaN,NaN,NaN
4204,4896.72,3995.86,2,7,3.5000
4205,4826.90,3985.70,4,6,0.0000
4206,5080.42,4650.89,2,7,3.5000
4207,5217.57,4265.93,NaN,NaN,NaN
4208,5268.92,4624.64,NaN,NaN,NaN
4209,4924.57,4148.80,NaN,NaN,NaN
4210,5149.06,4366.43,NaN,NaN,NaN
4211,4949.36,4202.01,2,4,2.0000
4212,4989.95,4606.42,NaN,NaN,NaN
4213,5094.73,4130.43,2,6,3.0000
4214,4949.72,3989.83,NaN,NaN,NaN
4215,5388.09,4612.82,2,7,3.5000
4216,5238.21,4457.17,NaN,NaN,NaN
4217,5187.42,4675.54,NaN,NaN,NaN
4218,5178.57,4007.55,NaN,NaN,NaN
4219,5252.16,4683.55,NaN,NaN,NaN
4220,4749.92,4125.42,2,2,0.0000
4221,4886.94,4095.93,0,0,0.0000
4222,5098.73,4410.87,3,2,0.0000
4223,4880.40,4254.83,NaN,NaN,NaN
4224,5234.80,4034.27,0,0,0.0000
4225,5082.13,4326.90,2,3,0.0000
4226,4937.83,4277.08,NaN,NaN,NaN
4227,4860.62,4454.06,NaN,NaN,NaN
4228,5421.57,4564.94,NaN,NaN,NaN
4229,4821.56,4525.34,NaN,NaN,NaN
4230,5233.88,4528.62,2,4,2.0000
4231,5132.03,4172.90,3,3,0.0000
4232,5310.98,4431.43,0,0,0.0000
4233,5298.85,4505.81,2,0,0.0000
4234,5282.32,4068.34,0,0,0.0000
4235,5175.49,4426.79,4,7,0.0000
4236,5054.21,4552.93,NaN,NaN,NaN
4237,4775.30,4477.30,NaN,NaN,NaN
4238,5317.60,4560.38,NaN,NaN,NaN
4239,4831.53,4473.16,0,0,0.0000
4240,4907.64,4202.67,0,0,0.0000
4241,4795.94,4209.22,NaN,NaN,NaN
4242,5104.07,4480.41,3,5,0.0000
4243,5126.44,4455.53,NaN,NaN,NaN
4244,4859.71,4182.38,NaN,NaN,NaN
4245,5060.49,4089.35,NaN,NaN,NaN
4246,5303.29,4035.70,0,0,0.0000
4247,4780.06,4348.43,NaN,NaN,NaN
4248,6077.38,4129.97,0,0,0.0000
4249,5529.44,4545.34,0,0,0.0000
4250,5956.93,4282.51,5,6,0.0000
4251,5693.00,4209.83,2,4,2.0000
4252,5893.82,4152.43,NaN,NaN,NaN
4253,5589.28,4361.68,2,3,0.0000
4254,6203.75,4297.47,NaN,NaN,NaN
4255,5810.82,4696.40,2,4,2.0000
4256,5746.26,4625.69,4,4,0.0000
4257,5710.69,4411.43,2,7,3.5000
4258,5763.39,4507.24,NaN,NaN,NaN
4259,6114.36,4445.55,2,2,0.0000
4260,5799.59,4406.08,0,0,0.0000
4261,5902.00,4583.91,NaN,NaN,NaN
4262,6102.35,4548.17,NaN,NaN,NaN
4263,5561.40,4040.61,NaN,NaN,NaN
4264,5591.13,4213.66,NaN,NaN,NaN
4265,5900.35,4398.61,NaN,NaN,NaN
4266,5651.78,3997.28,2,4,2.0000
4267,6031.59,4470.95,0,0,0.0000
4268,5826.71,4321.22,NaN,NaN,NaN
4269,5835.94,4257.16,0,0,0.0000
4270,5763.74,4121.98,2,3,0.0000
4271,5765.30,4019.05,0,0,0.0000
4272,6228.20,4165.23,NaN,NaN,NaN
4273,6140.87,4623.99,2,2,0.0000
4274,5925.05,4088.90,0,0,0.0000
4275,5526.31,4175.04,NaN,NaN,NaN
4276,5623.45,4620.60,NaN,NaN,NaN
4277,6261.94,4029.66,NaN,NaN,NaN
4278,5981.15,4515.94,NaN,NaN,NaN
4279,5726.41,4556.25,0,0,0.0000
4280,6042.70,4581.48,2,5,2.5000
4281,6174.96,4050.48,0,0,0.0000
4282,5567.73,4450.14,0,0,0.0000
4283,5886.08,4684.68,NaN,NaN,NaN
4284,5786.82,4067.94,NaN,NaN,NaN
4285,5828.16,4175.04,NaN,NaN,NaN
4286,5624.49,4489.91,0,0,0.0000
4287,5645.45,4549.08,NaN,NaN,NaN
4288,5873.10,4328.35,NaN,NaN,NaN
4289,5516.94,4108.91,NaN,NaN,NaN
4290,5717.68,3978.36,0,0,0.0000
4291,5957.18,4359.18,NaN,NaN,NaN
4292,6069.28,4652.85,0,0,0.0000
4293,5617.78,4690.54,NaN,NaN,NaN
4294,5937.18,4507.06,3,9,3.0000
4295,6009.51,4138.75,0,0,0.0000
4296,6252.45,4223.90,4,4,0.0000
4297,5867.01,4512.66,NaN,NaN,NaN
4298,5652.60,4458.68,NaN,NaN,NaN
4299,5596.28,4111.05,0,0,0.0000
4300,6118.32,4677.19,NaN,NaN,NaN
4301,6012.33,4255.01,NaN,NaN,NaN
4302,5650.20,4291.64,NaN,NaN,NaN
4303,5833.80,4599.45,NaN,NaN,NaN
4304,5795.57,4473.82,0,0,0.0000
4305,7035.66,4609.89,0,0,0.0000
4306,6500.28,4036.85,NaN,NaN,NaN
4307,6466.48,4238.17,3,4,0.0000
4308,6634.29,4728.19,3,8,2.6667
4309,6766.27,4530.90,2,6,3.0000
4310,6913.43,4113.44,0,0,0.0000
4311,6635.62,4127.38,2,4,2.0000
4312,6760.26,4361.90,NaN,NaN,NaN
4313,6856.23,4597.85,2,2,0.0000
4314,6385.23,4072.48,NaN,NaN,NaN
4315,6996.48,4319.25,NaN,NaN,NaN
4316,6464.90,4597.78,NaN,NaN,NaN
4317,6968.13,4216.94,0,0,0.0000
4318,6711.18,4070.30,NaN,NaN,NaN
4319,6834.79,4267.77,2,5,2.5000
4320,6904.09,3989.78,NaN,NaN,NaN
4321,6560.95,4261.34,NaN,NaN,NaN
4322,7007.62,4052.29,0,0,0.0000
4323,6369.10,4601.82,NaN,NaN,NaN
4324,6677.15,4590.80,2,3,0.0000
4325,6444.78,4660.17,NaN,NaN,NaN
4326,6825.94,4186.29,NaN,NaN,NaN
4327,6304.41,4498.71,0,0,0.0000
4328,6596.94,4340.45,NaN,NaN,NaN
4329,6468.12,4426.83,0,0,0.0000
4330,7035.17,4135.11,0,0,0.0000
4331,6822.00,4118.93,NaN,NaN,NaN
4332,6572.13,4617.26,NaN,NaN,NaN
4333,6545.18,4515.90,3,4,0.0000
4334,6726.32,4640.12,NaN,NaN,NaN
4335,6557.11,4697.28,NaN,NaN,NaN
4336,6753.72,4002.60,0,0,0.0000
4337,6628.04,4001.55,NaN,NaN,NaN
4338,6753.35,4266.45,2,5,2.5000
4339,6782.80,4627.21,0,0,0.0000
4340,6918.12,4627.36,NaN,NaN,NaN
4341,6725.94,4170.46,NaN,NaN,NaN
4342,6574.28,3990.44,NaN,NaN,NaN
4343,6434.86,4037.02,NaN,NaN,NaN
4344,6374.73,4684.06,NaN,NaN,NaN
4345,6703.93,4437.65,0,0,0.0000
4346,6304.38,4097.30,0,0,0.0000
4347,6515.96,4185.01,NaN,NaN,NaN
4348,6409.44,4326.93,3,5,0.0000
4349,6627.81,4418.13,0,0,0.0000
4350,6502.95,4363.27,NaN,NaN,NaN
4351,6939.14,4361.62,NaN,NaN,NaN
4352,6658.64,4511.40,0,0,0.0000
4353,6964.79,4552.34,0,0,0.0000
4354,6926.60,4297.88,NaN,NaN,NaN
4355,6892.89,4275.44,NaN,NaN,NaN
4356,6768.85,4686.84,0,0,0.0000
4357,6992.14,3981.01,0,0,0.0000
4358,6434.66,4497.53,0,0,0.0000
4359,6552.27,4412.97,NaN,NaN,NaN
4360,6635.53,4277.95,0,0,0.0000
4361,6397.69,4724.86,0,0,0.0000
4362,6608.96,4487.29,2,3,0.0000
4363,6698.57,4372.13,2,8,4.0000
4364,6759.81,4113.61,NaN,NaN,NaN
4365,6468.11,4126.22,NaN,NaN,NaN
4366,7361.67,4003.73,NaN,NaN,NaN
4367,7254.46,4399.50,2,2,0.0000
4368,7150.54,4047.38,NaN,NaN,NaN
4369,7765.39,4108.39,NaN,NaN,NaN
4370,7774.61,4292.98,0,0,0.0000
4371,7689.76,4619.88,NaN,NaN,NaN
4372,7493.19,4591.67,0,0,0.0000
4373,7399.78,4423.48,2,4,2.0000
4374,7428.58,4173.55,0,0,0.0000
4375,7648.18,4198.31,NaN,NaN,NaN
4376,7316.44,4629.27,NaN,NaN,NaN
4377,7192.14,4174.32,0,0,0.0000
4378,7465.92,4325.18,NaN,NaN,NaN
4379,7591.84,4721.82,NaN,NaN,NaN
4380,7583.98,4447.61,0,0,0.0000
4381,7455.66,4046.10,NaN,NaN,NaN
4382,7779.45,4384.14,0,0,0.0000
4383,7658.95,4392.24,NaN,NaN,NaN
4384,7689.56,4320.51,0,0,0.0000
4385,7613.71,4534.81,2,3,0.0000
4386,7127.43,4416.29,3,2,0.0000
4387,7416.21,4538.17,NaN,NaN,NaN
4388,7739.56,4453.29,2,3,0.0000
4389,7488.33,4689.80,NaN,NaN,NaN
4390,7520.93,4086.45,NaN,NaN,NaN
4391,7248.43,4603.30,NaN,NaN,NaN
4392,7298.10,4074.04,NaN,NaN,NaN
4393,7415.68,4300.01,0,0,0.0000
4394,7196.30,4692.43,NaN,NaN,NaN
4395,7443.08,4121.21,0,0,0.0000
4396,7076.16,3993.17,2,3,0.0000
4397,7715.44,4498.72,0,0,0.0000
4398,7553.96,4312.33,NaN,NaN,NaN
4399,7710.10,4564.25,0,0,0.0000
4400,7775.42,4706.31,0,0,0.0000
4401,7799.57,4504.36,0,0,0.0000
4402,7061.27,4275.49,0,0,0.0000
4403,7331.38,4128.74,0,0,0.0000
4404,7221.41,4247.63,NaN,NaN,NaN
4405,7182.34,4326.88,0,0,0.0000
4406,7116.39,4220.15,NaN,NaN,NaN
4407,7279.43,4168.71,NaN,NaN,NaN
4408,7565.41,4623.69,0,0,0.0000
4409,7755.64,4203.95,0,0,0.0000
4410,7365.91,4711.45,0,0,0.0000
4411,7715.32,4678.64,3,6,2.0000
4412,7673.96,4099.87,0,0,0.0000
4413,7416.96,4704.09,NaN,NaN,NaN
4414,7101.10,4343.43,0,0,0.0000
4415,7405.96,4648.95,NaN,NaN,NaN
4416,7536.31,4377.32,0,0,0.0000
4417,7584.39,4210.19,0,0,0.0000
4418,7389.85,4235.49,NaN,NaN,NaN
4419,7305.17,4716.61,3,4,0.0000
4420,7254.51,4518.91,NaN,NaN,NaN
4421,7507.12,4258.89,0,0,0.0000
4422,7138.13,4654.51,2,4,2.0000
4423,7685.00,4161.27,2,6,3.0000
4424,7611.33,4666.56,0,0,0.0000
4425,7103.50,4718.05,0,0,0.0000
4426,7308.67,4548.02,NaN,NaN,NaN
4427,7781.93,4036.08,NaN,NaN,NaN
4428,7199.34,4098.06,NaN,NaN,NaN
4429,7351.18,4485.45,0,0,0.0000
4430,7155.40,4286.77,NaN,NaN,NaN
4431,7799.97,4014.83,NaN,NaN,NaN
4432,7232.01,4106.96,NaN,NaN,NaN
4433,7041.93,4521.40,NaN,NaN,NaN
4434,7159.30,4621.08,NaN,NaN,NaN
4435,7655.92,4461.10,NaN,NaN,NaN
4436,7309.89,4278.57,2,6,3.0000
4437,7403.28,4601.88,0,0,0.0000
4438,7270.05,4294.91,0,0,0.0000
4439,7126.49,4484.86,NaN,NaN,NaN
4440,7248.78,4052.48,2,6,3.0000
4441,7426.85,4483.69,NaN,NaN,NaN
4442,7049.01,4386.19,3,3,0.0000
4443,7612.52,4309.38,0,0,0.0000
4444,7873.17,4072.23,NaN,NaN,NaN
4445,7846.37,4657.83,NaN,NaN,NaN
4446,7858.74,4270.08,0,0,0.0000
4447,7890.68,4470.20,0,0,0.0000
4448,8060.14,4620.82,2,5,2.5000
4449,8050.43,4553.93,NaN,NaN,NaN
4450,7877.25,4578.07,NaN,NaN,NaN
4451,7835.19,4118.98,NaN,NaN,NaN
4452,7837.97,4726.11,NaN,NaN,NaN
4453,7908.35,4729.48,0,0,0.0000
4454,7876.56,4343.31,3,5,0.0000
4455,7932.03,4653.81,0,0,0.0000
4456,8039.54,4722.88,NaN,NaN,NaN
4457,8494.61,4035.18,NaN,NaN,NaN
4458,7814.44,4457.26,0,0,0.0000
4459,7905.66,4538.00,0,0,0.0000
4460,8547.61,4235.40,0,0,0.0000
4461,7951.32,4478.28,0,0,0.0000
4462,7973.44,4557.12,0,0,0.0000
4463,7997.88,4532.00,0,0,0.0000
4464,8460.37,3982.92,0,0,0.0000
4465,7956.30,4583.42,0,0,0.0000
4466,8555.51,4368.48,0,0,0.0000
4467,8035.88,4490.55,NaN,NaN,NaN
4468,7955.58,4707.34,0,0,0.0000
4469,9264.98,4729.14,NaN,NaN,NaN
4470,9216.38,4302.13,0,0,0.0000
4471,9150.63,4407.09,NaN,NaN,NaN
4472,9229.76,4213.47,NaN,NaN,NaN
4473,9268.54,4508.94,0,0,0.0000
4474,9231.36,4574.47,NaN,NaN,NaN
4475,9341.81,4293.02,NaN,NaN,NaN
4476,9135.28,4335.39,0,0,0.0000
4477,9309.64,4333.26,NaN,NaN,NaN
4478,9220.33,4660.40,NaN,NaN,NaN
4479,9199.61,4734.82,0,0,0.0000
4480,9284.83,4642.01,NaN,NaN,NaN
4481,9215.73,4455.12,NaN,NaN,NaN
4482,9163.71,4261.69,NaN,NaN,NaN
4483,9316.84,4413.69,NaN,NaN,NaN
4484,8576.19,4195.15,NaN,NaN,NaN
4485,9299.48,4194.38,NaN,NaN,NaN
4486,8593.46,4352.89,NaN,NaN,NaN
4487,9176.83,4496.34,2,3,0.0000
4488,9250.63,4169.97,NaN,NaN,NaN
4489,9229.44,4388.02,2,4,2.0000
4490,8583.29,4287.35,0,0,0.0000
4491,8645.04,4503.68,NaN,NaN,NaN
4492,8578.31,4406.24,0,0,0.0000
4493,9464.11,4245.89,NaN,NaN,NaN
4494,9971.02,4593.08,NaN,NaN,NaN
4495,10106.87,4686.03,NaN,NaN,NaN
4496,9347.50,4587.85,0,0,0.0000
4497,9462.67,4591.40,2,3,0.0000
4498,9860.06,4365.37,NaN,NaN,NaN
4499,9889.27,4532.24,NaN,NaN,NaN
4500,9357.65,4191.95,0,0,0.0000
4501,10056.13,4294.78,NaN,NaN,NaN
4502,9874.35,4670.41,NaN,NaN,NaN
4503,9473.43,4436.52,NaN,NaN,NaN
4504,9874.89,4444.05,3,7,2.3333
4505,9931.31,3983.59,NaN,NaN,NaN
4506,9930.77,4327.49,NaN,NaN,NaN
4507,10083.96,4396.12,NaN,NaN,NaN
4508,9466.25,4672.62,0,0,0.0000
4509,9468.87,4348.22,NaN,NaN,NaN
4510,10022.15,4659.50,0,0,0.0000
4511,9859.39,4106.05,2,2,0.0000
4512,9934.61,4143.30,0,0,0.0000
4513,9965.31,4201.80,0,0,0.0000
4514,9402.93,4681.01,0,0,0.0000
4515,9404.55,4405.08,0,0,0.0000
4516,10036.64,4473.98,0,0,0.0000
4517,9998.86,4124.69,NaN,NaN,NaN
4518,10070.73,4589.65,NaN,NaN,NaN
4519,10067.74,4194.38,0,0,0.0000
4520,9818.99,4726.02,NaN,NaN,NaN
4521,9995.20,4056.49,NaN,NaN,NaN
4522,10075.58,4101.80,2,5,2.5000
4523,10065.78,4017.19,0,0,0.0000
4524,9935.14,4382.89,0,0,0.0000
4525,10101.48,4499.75,NaN,NaN,NaN
4526,9918.22,4275.29,NaN,NaN,NaN
4527,9811.65,4159.97,2,2,0.0000
4528,9903.74,4596.13,2,6,3.0000
4529,9753.66,4216.19,NaN,NaN,NaN
4530,9410.48,4475.61,NaN,NaN,NaN
4531,9920.02,4058.98,0,0,0.0000
4532,9974.70,4250.99,NaN,NaN,NaN
4533,9835.46,4514.66,NaN,NaN,NaN
4534,9372.92,4262.33,NaN,NaN,NaN
4535,9850.59,4144.76,0,0,0.0000
4536,10766.02,4266.16,NaN,NaN,NaN
4537,10405.05,4096.22,2,2,0.0000
4538,10640.30,4313.22,NaN,NaN,NaN
4539,10293.41,4671.36,NaN,NaN,NaN
4540,10476.21,4470.16,NaN,NaN,NaN
4541,10563.87,4116.42,0,0,0.0000
4542,10188.46,4724.47,2,4,2.0000
4543,10637.31,4160.57,2,3,0.0000
4544,10469.71,4703.43,NaN,NaN,NaN
4545,10708.68,3976.89,NaN,NaN,NaN
4546,10847.02,4207.86,2,4,2.0000
4547,10748.06,4496.18,NaN,NaN,NaN
4548,10617.35,4500.76,NaN,NaN,NaN
4549,10132.74,4308.49,2,7,3.5000
4550,10861.81,4550.43,0,0,0.0000
4551,10152.99,4566.05,NaN,NaN,NaN
4552,10778.62,4048.76,0,0,0.0000
4553,10266.54,4114.54,NaN,NaN,NaN
4554,10817.00,4686.65,0,0,0.0000
4555,10332.06,4555.00,NaN,NaN,NaN
4556,10600.45,4617.45,NaN,NaN,NaN
4557,10699.25,4100.71,NaN,NaN,NaN
4558,10713.93,4637.57,NaN,NaN,NaN
4559,10305.41,4022.59,NaN,NaN,NaN
4560,10256.64,4234.25,0,0,0.0000
4561,10679.88,4459.85,NaN,NaN,NaN
4562,10199.65,4422.12,0,0,0.0000
4563,10486.85,4067.21,NaN,NaN,NaN
4564,10663.80,4607.97,2,3,0.0000
4565,10513.94,4586.87,0,0,0.0000
4566,10543.73,4671.38,NaN,NaN,NaN
4567,10498.08,4173.03,0,0,0.0000
4568,10554.07,4248.86,NaN,NaN,NaN
4569,10384.29,4344.06,NaN,NaN,NaN
4570,10328.17,4184.60,NaN,NaN,NaN
4571,10462.01,4238.11,0,0,0.0000
4572,10353.80,4417.49,0,0,0.0000
4573,10741.17,4367.12,NaN,NaN,NaN
4574,10297.78,4345.28,NaN,NaN,NaN
4575,10578.51,4385.40,NaN,NaN,NaN
4576,10384.29,4648.32,0,0,0.0000
4577,10870.73,4406.81,NaN,NaN,NaN
4578,10226.50,3970.56,NaN,NaN,NaN
4579,10785.90,4599.91,NaN,NaN,NaN
4580,10241.52,4036.99,NaN,NaN,NaN
4581,10175.20,4239.88,0,0,0.0000
4582,10381.22,4522.14,0,0,0.0000
4583,10258.59,4490.86,NaN,NaN,NaN
4584,10870.67,4124.98,NaN,NaN,NaN
4585,10247.02,4577.12,NaN,NaN,NaN
4586,10332.85,4275.82,2,5,2.5000
4587,10675.99,4036.78,NaN,NaN,NaN
4588,10133.74,4014.62,NaN,NaN,NaN
4589,10199.59,4156.14,0,0,0.0000
4590,10783.69,4156.05,0,0,0.0000
4591,10199.08,4346.16,NaN,NaN,NaN
4592,10389.14,4731.85,NaN,NaN,NaN
4593,10822.58,4112.29,0,0,0.0000
4594,10408.56,4198.41,2,3,0.0000
4595,10130.15,4446.48,NaN,NaN,NaN
4596,10451.61,4610.44,0,0,0.0000
4597,10225.93,4291.10,0,0,0.0000
4598,10822.52,4442.34,2,1,0.0000
4599,10624.17,4041.16,NaN,NaN,NaN
4600,10527.00,4340.43,0,0,0.0000
4601,10578.42,4035.37,0,0,0.0000
4602,10115.49,4181.53,0,0,0.0000
4603,11138.74,4334.37,NaN,NaN,NaN
4604,10994.50,4176.61,3,1,0.0000
4605,11087.98,4129.70,2,3,0.0000
4606,10921.58,4088.51,0,0,0.0000
4607,11176.59,4693.60,NaN,NaN,NaN
4608,10934.05,4583.06,0,0,0.0000
4609,11075.65,4449.96,0,0,0.0000
4610,11178.04,4431.39,0,0,0.0000
4611,10928.92,4433.04,NaN,NaN,NaN
4612,11133.39,4476.36,NaN,NaN,NaN
4613,11006.03,3991.30,NaN,NaN,NaN
4614,11099.70,4697.11,2,6,3.0000
4615,11111.09,4596.22,NaN,NaN,NaN
4616,11035.99,4321.12,NaN,NaN,NaN
4617,11021.41,4484.91,2,2,0.0000
4618,11007.70,4385.12,0,0,0.0000
4619,11257.63,4678.64,NaN,NaN,NaN
4620,11039.89,3971.88,NaN,NaN,NaN
4621,11027.24,4646.26,NaN,NaN,NaN
4622,11069.73,4269.97,NaN,NaN,NaN
4623,11165.13,4612.83,NaN,NaN,NaN
4624,11012.49,4067.52,NaN,NaN,NaN
4625,11080.42,4051.20,0,0,0.0000
4626,10961.05,4346.86,2,2,0.0000
4627,10971.33,4039.92,0,0,0.0000
4628,11113.99,4235.57,NaN,NaN,NaN
4629,11213.84,4638.13,NaN,NaN,NaN
4630,10980.35,4702.01,3,6,2.0000
4631,10921.58,4293.51,NaN,NaN,NaN
4632,10973.12,4291.86,NaN,NaN,NaN
4633,13912.85,4407.37,0,0,0.0000
4634,13773.93,4455.47,0,0,0.0000
4635,13915.61,4669.16,NaN,NaN,NaN
4636,13860.88,4512.07,NaN,NaN,NaN
4637,13810.32,4349.80,0,0,0.0000
4638,13845.21,4396.09,NaN,NaN,NaN
4639,13867.64,4272.56,NaN,NaN,NaN
4640,13921.03,4224.31,2,6,3.0000
4641,13924.77,4126.50,NaN,NaN,NaN
4642,13826.85,4701.71,0,0,0.0000
4643,13945.79,4481.92,2,3,0.0000
4644,13866.41,4619.63,NaN,NaN,NaN
4645,13911.98,4542.03,2,2,0.0000
4646,14222.51,4333.74,NaN,NaN,NaN
4647,14086.21,4669.91,4,7,0.0000
4648,14091.97,4228.24,NaN,NaN,NaN
4649,14182.78,4113.40,2,3,0.0000
4650,14123.68,4520.54,2,8,4.0000
4651,14374.10,4304.80,2,4,2.0000
4652,14229.81,4683.98,NaN,NaN,NaN
4653,14705.62,4166.17,2,2,0.0000
4654,14034.41,4595.28,0,0,0.0000
4655,14361.06,4531.54,NaN,NaN,NaN
4656,14416.18,4402.12,NaN,NaN,NaN
4657,14009.53,4241.27,NaN,NaN,NaN
4658,14107.75,4047.26,0,0,0.0000
4659,14333.21,4130.63,NaN,NaN,NaN
4660,14227.18,4504.15,2,3,0.0000
4661,14349.62,4689.81,2,7,3.5000
4662,14451.62,4457.12,2,2,0.0000
4663,14429.13,4248.34,NaN,NaN,NaN
4664,14493.51,4401.88,5,8,0.0000
4665,14119.88,4327.79,2,5,2.5000
4666,14170.08,4403.62,0,0,0.0000
4667,14422.00,4137.02,0,0,0.0000
4668,14397.83,4611.17,0,0,0.0000
4669,14020.92,4507.87,0,0,0.0000
4670,14641.83,4057.26,0,0,0.0000
4671,14380.61,4460.06,NaN,NaN,NaN
4672,14498.10,4638.69,2,6,3.0000
4673,14236.94,4040.59,NaN,NaN,NaN
4674,13956.10,4585.78,3,5,0.0000
4675,14470.68,4329.25,0,0,0.0000
4676,14292.70,4513.87,NaN,NaN,NaN
4677,14540.06,4258.92,0,0,0.0000
4678,13991.02,4447.64,NaN,NaN,NaN
4679,14291.97,4429.08,3,2,0.0000
4680,14437.55,4521.73,0,0,0.0000
4681,14417.66,4075.86,NaN,NaN,NaN
4682,14257.47,4599.38,NaN,NaN,NaN
4683,14679.37,4027.72,0,0,0.0000
4684,14609.02,4246.27,0,0,0.0000
4685,14661.68,4274.95,0,0,0.0000
4686,14037.10,4415.11,NaN,NaN,NaN
4687,13988.66,3981.61,0,0,0.0000
4688,14480.78,4056.70,0,0,0.0000
4689,14527.10,4075.96,NaN,NaN,NaN
4690,14649.14,4217.07,0,0,0.0000
4691,14575.29,4349.91,0,0,0.0000
4692,14775.85,4247.00,0,0,0.0000
4693,14872.25,4230.35,0,0,0.0000
4694,14875.71,4123.69,NaN,NaN,NaN
4695,14810.00,4089.21,0,0,0.0000
4696,14779.95,4031.63,2,1,0.0000
4697,14752.92,4112.07,0,0,0.0000
4698,14846.85,4171.97,0,0,0.0000
4699,14797.93,4136.67,0,0,0.0000
4700,15916.39,4007.52,NaN,NaN,NaN
4701,15828.44,4036.99,NaN,NaN,NaN
4702,15726.35,4027.57,NaN,NaN,NaN
4703,15672.91,3981.14,0,0,0.0000
4704,15868.87,4056.98,2,2,0.0000
4705,15829.39,3982.66,0,0,0.0000
4706,386.61,5339.19,3,5,0.0000
4707,482.36,5127.01,3,5,0.0000
4708,343.23,5035.43,2,2,0.0000
4709,496.61,5214.94,3,3,0.0000
4710,852.46,4895.96,3,8,2.6667
4711,298.83,5387.87,NaN,NaN,NaN
4712,224.40,5264.29,NaN,NaN,NaN
4713,522.49,5381.51,4,7,0.0000
4714,280.38,5201.85,NaN,NaN,NaN
4715,439.03,5038.53,2,3,0.0000
4716,332.89,5131.99,3,2,0.0000
4717,199.45,5359.36,2,4,2.0000
4718,510.82,5256.68,NaN,NaN,NaN
4719,571.65,5331.77,NaN,NaN,NaN
4720,285.67,5267.61,0,0,0.0000
4721,177.74,5284.11,NaN,NaN,NaN
4722,107.00,4878.93,NaN,NaN,NaN
4723,568.23,5063.53,2,2,0.0000
4724,577.47,5135.99,0,0,0.0000
4725,250.44,5124.19,NaN,NaN,NaN
4726,221.27,5415.86,2,5,2.5000
4727,781.90,4822.29,NaN,NaN,NaN
4728,661.65,4755.15,NaN,NaN,NaN
4729,401.41,5188.46,3,4,0.0000
4730,616.95,4772.74,NaN,NaN,NaN
4731,401.92,5125.19,3,5,0.0000
4732,521.33,5021.23,NaN,NaN,NaN
4733,100.27,4961.01,0,0,0.0000
4734,135.20,4922.23,0,0,0.0000
4735,790.00,5475.37,0,0,0.0000
4736,522.30,5063.17,0,0,0.0000
4737,1194.05,5036.01,NaN,NaN,NaN
4738,1449.72,5184.14,3,4,0.0000
4739,1229.00,4913.24,4,4,0.0000
4740,936.13,4909.39,NaN,NaN,NaN
4741,1103.13,5094.66,NaN,NaN,NaN
4742,1300.05,5220.61,NaN,NaN,NaN
4743,1438.32,5080.28,NaN,NaN,NaN
4744,1026.75,4901.16,NaN,NaN,NaN
4745,1535.32,5206.40,NaN,NaN,NaN
4746,1282.89,5141.45,0,0,0.0000
4747,1239.48,5189.49,NaN,NaN,NaN
4748,1098.09,4909.26,0,0,0.0000
4749,1354.95,4968.33,4,3,0.0000
4750,1359.42,5187.03,3,3,0.0000
4751,1000.40,5047.48,2,1,0.0000
4752,1375.39,5228.42,NaN,NaN,NaN
4753,1055.65,4983.28,0,0,0.0000
4754,1074.50,4820.06,0,0,0.0000
4755,1252.17,4855.86,0,0,0.0000
4756,1350.11,5122.15,0,0,0.0000
4757,2016.86,5463.96,0,0,0.0000
4758,1964.80,4886.98,0,0,0.0000
4759,1931.52,5104.11,NaN,NaN,NaN
4760,1809.97,5258.81,NaN,NaN,NaN
4761,1866.47,4963.08,NaN,NaN,NaN
4762,1905.41,5309.56,0,0,0.0000
4763,1892.81,5223.17,NaN,NaN,NaN
4764,1969.79,5364.74,NaN,NaN,NaN
4765,2098.70,5453.83,NaN,NaN,NaN
4766,1935.58,5225.53,NaN,NaN,NaN
4767,1845.83,4740.48,0,0,0.0000
4768,1849.64,5355.55,NaN,NaN,NaN
4769,1793.95,4874.00,0,0,0.0000
4770,1835.72,5414.48,0,0,0.0000
4771,2136.08,5488.49,0,0,0.0000
4772,1839.49,5030.18,0,0,0.0000
4773,1952.77,5423.73,0,0,0.0000
4774,1852.29,5479.55,0,0,0.0000
4775,1945.44,5496.52,2,3,0.0000
4776,1784.38,4804.63,0,0,0.0000
4777,2151.75,5433.76,NaN,NaN,NaN
4778,1916.32,5440.91,0,0,0.0000
4779,2811.56,5138.30,0,0,0.0000
4780,2726.63,5367.71,0,0,0.0000
4781,2717.54,5053.55,NaN,NaN,NaN
4782,2583.03,4851.80,NaN,NaN,NaN
4783,2593.34,5009.71,NaN,NaN,NaN
4784,2718.14,4938.58,NaN,NaN,NaN
4785,2651.79,5260.51,0,0,0.0000
4786,2711.10,5208.12,2,2,0.0000
4787,2894.35,5340.63,2,2,0.0000
4788,2818.08,5448.38,NaN,NaN,NaN
4789,2784.02,4984.56,NaN,NaN,NaN
4790,2907.52,5255.15,0,0,0.0000
4791,2581.82,5192.86,NaN,NaN,NaN
4792,2578.67,5101.52,NaN,NaN,NaN
4793,2887.75,5442.66,3,4,0.0000
4794,2523.76,4872.73,NaN,NaN,NaN
4795,2821.50,5359.01,0,0,0.0000
4796,2627.70,5160.44,0,0,0.0000
4797,2567.69,5386.93,NaN,NaN,NaN
4798,2540.60,5023.55,NaN,NaN,NaN
4799,2953.93,5379.79,NaN,NaN,NaN
4800,2698.09,4827.33,NaN,NaN,NaN
4801,2772.15,5194.27,0,0,0.0000
4802,2633.52,4930.25,0,0,0.0000
4803,2624.80,5418.53,NaN,NaN,NaN
4804,2886.29,5500.81,2,4,2.0000
4805,2790.93,4921.20,0,0,0.0000
4806,2671.02,5406.03,NaN,NaN,NaN
4807,2569.02,5239.26,NaN,NaN,NaN
4808,2510.07,5038.19,2,3,0.0000
4809,2533.70,5101.46,NaN,NaN,NaN
4810,2765.20,4803.77,NaN,NaN,NaN
4811,2979.32,5500.73,2,2,0.0000
4812,2871.96,5175.66,0,0,0.0000
4813,2641.43,5017.89,NaN,NaN,NaN
4814,3967.31,5056.31,0,0,0.0000
4815,3704.74,4744.41,NaN,NaN,NaN
4816,3850.33,4741.08,0,0,0.0000
4817,3895.33,5267.16,NaN,NaN,NaN
4818,3923.69,4762.61,NaN,NaN,NaN
4819,3941.82,5200.79,NaN,NaN,NaN
4820,3697.63,4916.11,NaN,NaN,NaN
4821,3693.95,4820.21,NaN,NaN,NaN
4822,3594.27,4747.60,2,3,0.0000
4823,3890.63,5160.25,NaN,NaN,NaN
4824,3783.88,4758.53,0,0,0.0000
4825,3652.54,5297.34,NaN,NaN,NaN
4826,3794.54,5443.76,2,2,0.0000
4827,3775.37,4816.96,0,0,0.0000
4828,3859.54,5376.14,NaN,NaN,NaN
4829,3703.98,5369.66,NaN,NaN,NaN
4830,3868.65,5303.77,NaN,NaN,NaN
4831,3844.19,5136.16,0,0,0.0000
4832,3928.79,5102.31,3,5,0.0000
4833,3742.20,5339.96,2,4,2.0000
4834,3956.52,5420.27,0,0,0.0000
4835,3655.68,4779.47,NaN,NaN,NaN
4836,3846.54,4799.01,0,0,0.0000
4837,3741.43,5413.46,NaN,NaN,NaN
4838,3833.39,5351.40,NaN,NaN,NaN
4839,3694.68,5319.75,NaN,NaN,NaN
4840,3728.19,4854.41,NaN,NaN,NaN
4841,3546.17,4774.18,NaN,NaN,NaN
4842,3682.66,5421.36,NaN,NaN,NaN
4843,3737.11,5460.40,NaN,NaN,NaN
4844,4004.14,5280.08,NaN,NaN,NaN
4845,4046.38,4923.03,0,0,0.0000
4846,4155.12,5215.62,0,0,0.0000
4847,4259.90,5353.94,NaN,NaN,NaN
4848,4081.40,4760.84,NaN,NaN,NaN
4849,4464.80,5051.64,NaN,NaN,NaN
4850,4274.71,5279.26,NaN,NaN,NaN
4851,4263.07,5475.83,2,4,2.0000
4852,4061.04,5325.03,2,4,2.0000
4853,4054.51,5119.91,NaN,NaN,NaN
4854,4142.13,5074.73,2,5,2.5000
4855,4055.64,4844.41,0,0,0.0000
4856,4148.95,5480.92,NaN,NaN,NaN
4857,4184.33,5294.78,NaN,NaN,NaN
4858,4521.61,4996.26,2,4,2.0000
4859,4236.37,5157.14,NaN,NaN,NaN
4860,4176.02,5375.17,0,0,0.0000
4861,3974.09,4818.12,NaN,NaN,NaN
4862,4134.44,4980.78,2,4,2.0000
4863,4461.05,4961.09,NaN,NaN,NaN
4864,4217.73,4898.96,0,0,0.0000
4865,4400.69,5502.99,0,0,0.0000
4866,4128.37,4818.60,0,0,0.0000
4867,4284.67,4921.41,NaN,NaN,NaN
4868,4302.00,5423.45,NaN,NaN,NaN
4869,4192.43,4982.81,0,0,0.0000
4870,4580.73,5097.05,NaN,NaN,NaN
4871,4175.95,5121.81,2,3,0.0000
4872,4199.59,4804.71,0,0,0.0000
4873,4553.47,4936.06,0,0,0.0000
4874,4236.20,4855.28,0,0,0.0000
4875,4242.27,4976.38,0,0,0.0000
4876,4413.58,4910.92,2,4,2.0000
4877,4078.82,5407.80,NaN,NaN,NaN
4878,4004.47,5450.63,NaN,NaN,NaN
4879,4011.27,4778.71,3,4,0.0000
4880,4589.20,5051.13,3,4,0.0000
4881,4277.14,5211.61,0,0,0.0000
4882,4485.22,4865.07,0,0,0.0000
4883,4063.95,4980.30,NaN,NaN,NaN
4884,4102.54,5181.36,0,0,0.0000
4885,4226.39,4942.03,0,0,0.0000
4886,4010.25,5168.15,0,0,0.0000
4887,4441.93,4838.77,NaN,NaN,NaN
4888,4140.75,4906.36,NaN,NaN,NaN
4889,4119.70,4944.22,0,0,0.0000
4890,4118.86,5436.59,NaN,NaN,NaN
4891,4357.43,5431.66,0,0,0.0000
4892,4176.59,4929.31,0,0,0.0000
4893,4181.43,4857.23,0,0,0.0000
4894,4060.42,5045.76,NaN,NaN,NaN
4895,5388.46,5244.11,0,0,0.0000
4896,5423.67,4946.50,NaN,NaN,NaN
4897,5369.73,5041.97,NaN,NaN,NaN
4898,5300.01,4767.45,2,5,2.5000
4899,5142.28,4740.46,2,3,0.0000
4900,5495.34,5305.69,0,0,0.0000
4901,5300.11,4823.39,NaN,NaN,NaN
4902,5494.08,4758.58,0,0,0.0000
4903,5228.11,5063.17,NaN,NaN,NaN
4904,5478.40,5179.14,0,0,0.0000
4905,5266.79,4967.69,NaN,NaN,NaN
4906,5342.76,4885.35,3,7,2.3333
4907,5246.22,4903.83,NaN,NaN,NaN
4908,5078.72,4741.52,NaN,NaN,NaN
4909,5476.43,4946.05,2,4,2.0000
4910,5365.77,4978.25,0,0,0.0000
4911,5447.76,5220.63,0,0,0.0000
4912,5429.13,4786.55,NaN,NaN,NaN
4913,5468.28,5442.29,NaN,NaN,NaN
4914,5211.75,4833.29,NaN,NaN,NaN
4915,5414.33,5094.92,NaN,NaN,NaN
4916,5284.75,5100.76,0,0,0.0000
4917,5362.40,4816.94,NaN,NaN,NaN
4918,5216.11,4744.82,NaN,NaN,NaN
4919,5440.71,5485.87,NaN,NaN,NaN
4920,5350.99,5097.84,0,0,0.0000
4921,5415.55,4842.49,NaN,NaN,NaN
4922,5214.02,4988.24,0,0,0.0000
4923,5276.19,5026.34,0,0,0.0000
4924,5443.62,4887.58,NaN,NaN,NaN
4925,5480.61,5387.55,NaN,NaN,NaN
4926,5442.51,4850.10,NaN,NaN,NaN
4927,5405.28,5379.25,0,0,0.0000
4928,5703.83,5380.94,NaN,NaN,NaN
4929,6209.49,5024.19,2,2,0.0000
4930,5874.53,5421.30,0,0,0.0000
4931,5676.16,5165.54,NaN,NaN,NaN
4932,6047.42,5032.34,NaN,NaN,NaN
4933,5841.76,5296.73,NaN,NaN,NaN
4934,6008.45,5250.78,2,3,0.0000
4935,5929.94,5237.12,NaN,NaN,NaN
4936,6194.74,4852.79,NaN,NaN,NaN
4937,6128.23,5122.04,NaN,NaN,NaN
4938,6158.21,5353.24,0,0,0.0000
4939,6078.91,5221.94,NaN,NaN,NaN
4940,6145.74,5216.50,NaN,NaN,NaN
4941,5889.70,5137.94,0,0,0.0000
4942,6037.05,5345.87,NaN,NaN,NaN
4943,6123.22,4744.15,2,7,3.5000
4944,5508.45,5065.39,0,0,0.0000
4945,5984.10,4772.54,NaN,NaN,NaN
4946,5953.48,4973.62,NaN,NaN,NaN
4947,5752.36,4828.63,NaN,NaN,NaN
4948,5919.77,4773.16,2,4,2.0000
4949,5768.72,5051.31,0,0,0.0000
4950,5527.45,4888.65,NaN,NaN,NaN
4951,5610.09,5224.83,NaN,NaN,NaN
4952,6159.80,4904.66,0,0,0.0000
4953,5531.45,5169.96,0,0,0.0000
4954,5556.08,5261.63,NaN,NaN,NaN
4955,5718.80,5250.15,3,9,3.0000
4956,5689.93,4754.04,3,5,0.0000
4957,5825.27,4775.01,3,8,2.6667
4958,6203.56,5204.80,0,0,0.0000
4959,5679.26,5013.73,2,3,0.0000
4960,5944.64,4885.92,2,6,3.0000
4961,5852.11,5019.61,0,0,0.0000
4962,5587.49,5028.73,0,0,0.0000
4963,6125.58,4973.49,NaN,NaN,NaN
4964,5860.84,5205.38,NaN,NaN,NaN
4965,5585.46,5102.31,0,0,0.0000
4966,6227.85,5289.16,NaN,NaN,NaN
4967,5603.31,5314.51,0,0,0.0000
4968,6220.01,5475.98,0,0,0.0000
4969,6101.16,4859.70,0,0,0.0000
4970,5801.11,4869.64,NaN,NaN,NaN
4971,5622.50,4768.14,0,0,0.0000
4972,5551.33,4968.68,NaN,NaN,NaN
4973,5747.54,4983.44,NaN,NaN,NaN
4974,5727.12,5083.13,0,0,0.0000
4975,5832.64,4915.64,NaN,NaN,NaN
4976,5571.34,4928.22,NaN,NaN,NaN
4977,5578.80,4804.23,0,0,0.0000
4978,5979.11,5088.26,0,0,0.0000
4979,5693.48,4827.52,NaN,NaN,NaN
4980,6214.10,5115.32,NaN,NaN,NaN
4981,5596.32,5455.40,0,0,0.0000
4982,5904.14,4912.20,0,0,0.0000
4983,5659.00,4942.96,NaN,NaN,NaN
4984,5535.97,5015.61,0,0,0.0000
4985,5986.96,5135.49,0,0,0.0000
4986,5731.23,4931.74,NaN,NaN,NaN
4987,5855.77,4852.59,0,0,0.0000
4988,5591.19,4874.67,NaN,NaN,NaN
4989,5612.72,5393.22,2,3,0.0000
4990,5622.39,5051.72,0,0,0.0000
4991,5660.41,5486.47,NaN,NaN,NaN
4992,6103.71,4916.13,0,0,0.0000
4993,5760.11,5292.51,0,0,0.0000
4994,5571.56,5387.48,0,0,0.0000
4995,5643.39,4823.43,0,0,0.0000
4996,5559.99,5465.22,0,0,0.0000
4997,5564.78,4839.81,0,0,0.0000
4998,5511.91,4828.68,0,0,0.0000
4999,6822.34,4738.52,NaN,NaN,NaN
5000,6817.39,4841.73,2,3,0.0000
5001,6609.08,4930.56,NaN,NaN,NaN
5002,6723.85,5266.55,3,4,0.0000
5003,6280.06,4839.51,NaN,NaN,NaN
5004,6288.82,5129.19,NaN,NaN,NaN
5005,6272.90,5367.90,NaN,NaN,NaN
5006,6391.34,4992.61,NaN,NaN,NaN
5007,6321.54,4993.02,0,0,0.0000
5008,6348.05,5056.91,0,0,0.0000
5009,6736.89,5377.13,3,8,2.6667
5010,6782.41,5081.92,NaN,NaN,NaN
5011,6472.82,5403.68,2,4,2.0000
5012,6304.41,5325.20,2,3,0.0000
5013,6274.47,5195.71,NaN,NaN,NaN
5014,6814.73,5213.48,NaN,NaN,NaN
5015,6329.79,5245.45,0,0,0.0000
5016,6740.98,5469.00,NaN,NaN,NaN
5017,6915.25,5061.25,0,0,0.0000
5018,6607.60,5362.77,NaN,NaN,NaN
5019,6647.59,5213.12,NaN,NaN,NaN
5020,6297.42,4911.63,NaN,NaN,NaN
5021,6730.54,5127.99,4,4,0.0000
5022,6350.24,4824.69,NaN,NaN,NaN
5023,6593.00,5280.08,0,0,0.0000
5024,6871.26,5472.47,0,0,0.0000
5025,6591.19,4832.98,0,0,0.0000
5026,6651.18,5065.04,NaN,NaN,NaN
5027,6848.48,5319.31,0,0,0.0000
5028,6460.47,4741.38,NaN,NaN,NaN
5029,6663.69,5395.21,2,2,0.0000
5030,6460.50,5311.27,NaN,NaN,NaN
5031,6571.10,5399.64,3,7,2.3333
5032,6806.57,5328.71,0,0,0.0000
5033,6824.84,5389.46,NaN,NaN,NaN
5034,6670.39,5144.01,NaN,NaN,NaN
5035,6527.64,5211.04,0,0,0.0000
5036,6310.68,5502.77,0,0,0.0000
5037,6920.88,4759.29,0,0,0.0000
5038,6859.15,5218.60,0,0,0.0000
5039,6411.66,4941.39,0,0,0.0000
5040,6830.50,5104.25,3,7,2.3333
5041,6917.32,5138.95,0,0,0.0000
5042,6417.18,5378.18,NaN,NaN,NaN
5043,6580.02,5148.40,0,0,0.0000
5044,6517.38,5434.74,NaN,NaN,NaN
5045,6861.83,5087.59,NaN,NaN,NaN
5046,6355.46,4916.77,NaN,NaN,NaN
5047,6681.99,5359.87,0,0,0.0000
5048,6585.41,5082.51,NaN,NaN,NaN
5049,6430.02,4765.16,NaN,NaN,NaN
5050,6749.08,4895.22,0,0,0.0000
5051,6397.97,5499.27,0,0,0.0000
5052,6570.99,5054.29,0,0,0.0000
5053,6454.48,5469.07,0,0,0.0000
5054,6617.38,5109.65,0,0,0.0000
5055,6600.96,5197.61,0,0,0.0000
5056,6844.22,5500.51,NaN,NaN,NaN
5057,6474.17,4996.59,NaN,NaN,NaN
5058,6362.25,5402.10,0,0,0.0000
5059,6831.67,5451.48,3,5,0.0000
5060,7577.53,4902.65,2,2,0.0000
5061,7681.34,5290.44,NaN,NaN,NaN
5062,7778.16,4973.74,NaN,NaN,NaN
5063,7559.28,5361.71,2,2,0.0000
5064,7371.80,5172.68,2,3,0.0000
5065,7436.59,5065.68,NaN,NaN,NaN
5066,7453.54,4937.13,0,0,0.0000
5067,7584.14,5466.04,NaN,NaN,NaN
5068,7505.09,5460.01,2,4,2.0000
5069,7715.04,4877.66,0,0,0.0000
5070,7333.17,4775.16,0,0,0.0000
5071,7256.11,4989.81,0,0,0.0000
5072,7546.40,4805.25,2,1,0.0000
5073,7520.45,5013.67,0,0,0.0000
5074,7717.00,5054.36,NaN,NaN,NaN
5075,7288.14,4830.75,0,0,0.0000
5076,7337.46,4908.48,NaN,NaN,NaN
5077,7383.50,4951.52,NaN,NaN,NaN
5078,7579.16,5185.23,NaN,NaN,NaN
5079,7488.31,5218.31,3,6,2.0000
5080,7674.56,5188.79,0,0,0.0000
5081,7540.42,5115.00,NaN,NaN,NaN
5082,7291.67,5136.35,2,8,4.0000
5083,7773.24,5449.48,2,4,2.0000
5084,7325.22,5015.68,NaN,NaN,NaN
5085,7443.35,5184.18,0,0,0.0000
5086,7724.10,4805.79,0,0,0.0000
5087,7403.88,5325.88,NaN,NaN,NaN
5088,7435.10,5293.51,NaN,NaN,NaN
5089,7338.61,5273.46,0,0,0.0000
5090,7154.68,4747.16,2,1,0.0000
5091,7588.56,5027.01,2,2,0.0000
5092,7208.75,4789.79,0,0,0.0000
5093,7599.08,5068.98,NaN,NaN,NaN
5094,7542.51,5250.09,2,4,2.0000
5095,7445.51,4863.62,NaN,NaN,NaN
5096,7312.68,5203.09,NaN,NaN,NaN
5097,7673.66,4776.23,NaN,NaN,NaN
5098,7511.71,5071.75,NaN,NaN,NaN
5099,7264.78,5101.47,NaN,NaN,NaN
5100,7623.26,5157.94,0,0,0.0000
5101,7286.68,4936.61,NaN,NaN,NaN
5102,7370.95,5085.86,0,0,0.0000
5103,7211.91,4928.04,NaN,NaN,NaN
5104,7508.62,4748.06,NaN,NaN,NaN
5105,7433.45,4815.43,NaN,NaN,NaN
5106,7999.59,5274.20,NaN,NaN,NaN
5107,8124.13,4796.56,NaN,NaN,NaN
5108,8289.58,5127.97,NaN,NaN,NaN
5109,7953.71,4879.80,2,4,2.0000
5110,7816.36,5220.41,0,0,0.0000
5111,7841.24,5079.68,2,1,0.0000
5112,8181.61,5257.80,NaN,NaN,NaN
5113,8152.26,5099.83,0,0,0.0000
5114,8226.79,4912.95,NaN,NaN,NaN
5115,7917.56,4801.68,NaN,NaN,NaN
5116,7830.30,4868.21,NaN,NaN,NaN
5117,7902.83,5483.73,2,6,3.0000
5118,8483.30,5218.59,NaN,NaN,NaN
5119,8268.71,5378.09,NaN,NaN,NaN
5120,8498.08,5503.29,NaN,NaN,NaN
5121,8275.17,5249.33,NaN,NaN,NaN
5122,8516.43,5305.05,NaN,NaN,NaN
5123,8031.52,5452.65,NaN,NaN,NaN
5124,7887.47,5299.85,NaN,NaN,NaN
5125,8371.34,5058.64,0,0,0.0000
5126,8066.95,4877.34,NaN,NaN,NaN
5127,8547.84,5371.98,0,0,0.0000
5128,8300.82,5009.25,NaN,NaN,NaN
5129,8226.15,5034.96,0,0,0.0000
5130,8145.08,5015.58,NaN,NaN,NaN
5131,8419.58,5240.56,2,2,0.0000
5132,7953.37,5041.00,0,0,0.0000
5133,8365.12,5341.31,NaN,NaN,NaN
5134,8024.83,4821.85,0,0,0.0000
5135,8230.85,5321.58,0,0,0.0000
5136,8378.36,5202.43,NaN,NaN,NaN
5137,7822.04,5437.16,NaN,NaN,NaN
5138,8427.13,5350.16,NaN,NaN,NaN
5139,8146.64,4920.56,NaN,NaN,NaN
5140,8035.04,5195.55,NaN,NaN,NaN
5141,8064.63,4975.33,NaN,NaN,NaN
5142,8324.08,5211.13,NaN,NaN,NaN
5143,8034.92,5027.95,0,0,0.0000
5144,8387.90,5489.89,0,0,0.0000
5145,8100.85,5375.01,0,0,0.0000
5146,7937.70,5133.95,0,0,0.0000
5147,7994.02,4736.84,2,4,2.0000
5148,8101.33,5160.49,NaN,NaN,NaN
5149,7864.28,5169.67,0,0,0.0000
5150,8184.96,4972.83,2,2,0.0000
5151,8560.52,5230.88,0,0,0.0000
5152,8475.29,5378.99,3,4,0.0000
5153,8032.03,5084.25,0,0,0.0000
5154,8079.29,5054.94,NaN,NaN,NaN
5155,8400.20,5400.49,0,0,0.0000
5156,7841.67,5499.42,0,0,0.0000
5157,8082.98,5210.51,0,0,0.0000
5158,8600.71,5477.60,NaN,NaN,NaN
5159,9253.51,4842.61,0,0,0.0000
5160,9321.74,4840.77,0,0,0.0000
5161,9727.29,5323.69,NaN,NaN,NaN
5162,10050.09,5152.97,NaN,NaN,NaN
5163,9827.66,5211.55,NaN,NaN,NaN
5164,9612.15,5385.44,0,0,0.0000
5165,9958.72,5086.17,2,3,0.0000
5166,10019.67,4932.68,NaN,NaN,NaN
5167,9996.88,5467.97,NaN,NaN,NaN
5168,9974.09,5313.24,NaN,NaN,NaN
5169,10061.28,5267.23,NaN,NaN,NaN
5170,9532.19,5446.73,NaN,NaN,NaN
5171,9894.77,5328.43,2,2,0.0000
5172,9918.06,4826.64,NaN,NaN,NaN
5173,10077.07,4870.15,NaN,NaN,NaN
5174,9420.95,4864.83,NaN,NaN,NaN
5175,9943.53,5413.14,NaN,NaN,NaN
5176,9450.44,4749.68,0,0,0.0000
5177,9503.60,4859.69,0,0,0.0000
5178,9945.82,4738.18,0,0,0.0000
5179,10102.42,5040.37,NaN,NaN,NaN
5180,9684.50,5453.95,0,0,0.0000
5181,9823.89,5424.32,0,0,0.0000
5182,9517.36,5325.87,2,1,0.0000
5183,10077.40,4988.61,0,0,0.0000
5184,9889.23,5246.84,0,0,0.0000
5185,9884.49,4933.82,0,0,0.0000
5186,9441.73,4929.47,NaN,NaN,NaN
5187,9513.38,5206.51,NaN,NaN,NaN
5188,9703.47,5390.28,NaN,NaN,NaN
5189,9594.48,5310.50,3,3,0.0000
5190,9499.12,5269.23,0,0,0.0000
5191,9496.78,5381.84,NaN,NaN,NaN
5192,9899.79,5498.87,NaN,NaN,NaN
5193,9975.55,4922.03,NaN,NaN,NaN
5194,9367.28,4908.51,0,0,0.0000
5195,9479.66,5493.61,0,0,0.0000
5196,9390.09,4774.86,0,0,0.0000
5197,9493.53,4795.57,NaN,NaN,NaN
5198,9959.55,5211.72,NaN,NaN,NaN
5199,10019.99,4736.62,0,0,0.0000
5200,9954.73,4987.61,NaN,NaN,NaN
5201,10059.53,4774.63,0,0,0.0000
5202,9733.31,5481.08,NaN,NaN,NaN
5203,9436.20,5195.70,0,0,0.0000
5204,9400.05,4806.79,2,0,0.0000
5205,9879.90,5398.77,NaN,NaN,NaN
5206,9844.26,5286.37,2,2,0.0000
5207,9551.73,5255.62,0,0,0.0000
5208,10020.27,5085.13,0,0,0.0000
5209,10301.26,5088.55,2,4,2.0000
5210,10155.28,5140.91,NaN,NaN,NaN
5211,10689.02,4851.96,NaN,NaN,NaN
5212,10209.22,4888.94,3,3,0.0000
5213,10625.56,5020.77,0,0,0.0000
5214,10241.32,5321.15,NaN,NaN,NaN
5215,10703.75,5121.28,3,7,2.3333
5216,10332.13,4861.95,NaN,NaN,NaN
5217,10239.15,5228.43,NaN,NaN,NaN
5218,10447.67,5036.00,NaN,NaN,NaN
5219,10635.60,5181.18,NaN,NaN,NaN
5220,10448.99,4931.59,3,5,0.0000
5221,10606.94,5422.65,3,5,0.0000
5222,10794.63,4758.36,NaN,NaN,NaN
5223,10711.66,4974.06,NaN,NaN,NaN
5224,10517.20,5136.15,0,0,0.0000
5225,10757.77,5027.17,0,0,0.0000
5226,10416.75,5245.59,NaN,NaN,NaN
5227,10814.55,5141.40,0,0,0.0000
5228,10637.85,5277.51,NaN,NaN,NaN
5229,10267.79,5014.03,NaN,NaN,NaN
5230,10227.76,5385.43,0,0,0.0000
5231,10381.23,5333.40,0,0,0.0000
5232,10421.83,4827.03,0,0,0.0000
5233,10176.66,5011.78,NaN,NaN,NaN
5234,10331.08,5251.02,2,6,3.0000
5235,10129.89,5255.21,0,0,0.0000
5236,10745.35,5244.48,NaN,NaN,NaN
5237,10277.60,4766.80,NaN,NaN,NaN
5238,10515.30,5480.51,2,4,2.0000
5239,10853.77,5020.21,2,8,4.0000
5240,10830.02,4813.62,NaN,NaN,NaN
5241,10587.45,4848.25,0,0,0.0000
5242,10570.97,4950.10,0,0,0.0000
5243,10791.42,4874.81,0,0,0.0000
5244,10850.31,4906.05,NaN,NaN,NaN
5245,10796.09,5272.49,3,3,0.0000
5246,10493.07,5398.95,2,5,2.5000
5247,10355.92,4971.85,0,0,0.0000
5248,10343.22,5472.27,2,3,0.0000
5249,10263.24,4941.64,NaN,NaN,NaN
5250,10526.72,5314.40,0,0,0.0000
5251,10123.66,5341.42,NaN,NaN,NaN
5252,10516.38,4918.72,0,0,0.0000
5253,10427.70,5150.98,NaN,NaN,NaN
5254,10353.05,5156.06,NaN,NaN,NaN
5255,10286.07,4829.02,NaN,NaN,NaN
5256,10550.25,4773.51,NaN,NaN,NaN
5257,10401.65,4984.71,NaN,NaN,NaN
5258,10606.82,5113.16,NaN,NaN,NaN
5259,10705.15,4778.83,0,0,0.0000
5260,10112.57,4771.68,NaN,NaN,NaN
5261,10756.32,5183.72,2,4,2.0000
5262,10474.42,5308.35,NaN,NaN,NaN
5263,10489.90,5238.46,0,0,0.0000
5264,10458.92,5186.56,0,0,0.0000
5265,10896.34,5258.10,0,0,0.0000
5266,11077.26,4936.22,NaN,NaN,NaN
5267,11284.26,5177.10,NaN,NaN,NaN
5268,11179.41,5455.28,NaN,NaN,NaN
5269,11014.01,5071.07,NaN,NaN,NaN
5270,11174.02,4812.27,2,4,2.0000
5271,11087.95,5233.08,NaN,NaN,NaN
5272,11187.53,5353.63,NaN,NaN,NaN
5273,11166.29,5206.39,3,5,0.0000
5274,11239.92,4909.15,0,0,0.0000
5275,11059.14,4742.79,NaN,NaN,NaN
5276,11312.98,5069.66,2,2,0.0000
5277,10924.33,4811.98,NaN,NaN,NaN
5278,11264.25,5302.99,0,0,0.0000
5279,11398.47,5294.72,NaN,NaN,NaN
5280,11418.48,5170.55,0,0,0.0000
5281,11196.20,5089.99,0,0,0.0000
5282,10984.33,5437.93,NaN,NaN,NaN
5283,10993.32,5208.16,NaN,NaN,NaN
5284,10934.98,5013.94,4,4,0.0000
5285,11026.25,4823.09,0,0,0.0000
5286,11038.68,5485.30,0,0,0.0000
5287,11065.70,5363.82,0,0,0.0000
5288,10962.81,4946.35,NaN,NaN,NaN
5289,10970.01,5334.97,0,0,0.0000
5290,11394.82,5469.29,2,4,2.0000
5291,10956.74,4764.92,NaN,NaN,NaN
5292,11358.66,5414.97,NaN,NaN,NaN
5293,10894.94,5125.78,NaN,NaN,NaN
5294,11251.42,5015.77,NaN,NaN,NaN
5295,11475.73,5321.01,NaN,NaN,NaN
5296,11249.80,4758.67,0,0,0.0000
5297,11477.60,5471.67,NaN,NaN,NaN
5298,11439.81,5243.94,0,0,0.0000
5299,11301.03,5368.33,NaN,NaN,NaN
5300,10910.07,4918.16,NaN,NaN,NaN
5301,10915.08,5415.33,0,0,0.0000
5302,11139.90,5032.35,0,0,0.0000
5303,10982.20,5384.72,0,0,0.0000
5304,11135.68,5125.86,3,5,0.0000
5305,11164.88,4913.13,2,4,2.0000
5306,11392.10,5376.98,0,0,0.0000
5307,11034.13,5293.27,0,0,0.0000
5308,11211.13,5033.40,0,0,0.0000
5309,11207.80,4982.53,0,0,0.0000
5310,11288.34,4971.03,NaN,NaN,NaN
5311,11438.83,5342.28,NaN,NaN,NaN
5312,11440.33,5486.56,NaN,NaN,NaN
5313,11090.93,4803.71,0,0,0.0000
5314,10969.74,5149.58,NaN,NaN,NaN
5315,13946.66,4746.43,4,4,0.0000
5316,13862.42,4742.77,NaN,NaN,NaN
5317,13709.42,5109.37,0,0,0.0000
5318,13631.34,5104.58,0,0,0.0000
5319,13934.13,5089.81,0,0,0.0000
5320,13946.69,5146.01,0,0,0.0000
5321,13850.33,5032.56,0,0,0.0000
5322,13812.49,5219.05,0,0,0.0000
5323,14101.00,4751.38,3,9,3.0000
5324,14431.79,4892.91,2,5,2.5000
5325,14339.90,4764.35,2,7,3.5000
5326,14289.22,4827.79,2,4,2.0000
5327,14019.20,5074.84,0,0,0.0000
5328,14079.29,5077.18,0,0,0.0000
5329,14337.04,4906.92,NaN,NaN,NaN
5330,14120.43,5072.51,0,0,0.0000
5331,14151.08,5092.88,0,0,0.0000
5332,16210.51,5490.85,NaN,NaN,NaN
5333,16163.52,5432.38,NaN,NaN,NaN
5334,16256.61,5265.48,NaN,NaN,NaN
5335,16158.55,5307.77,0,0,0.0000
5336,16087.47,5399.78,0,0,0.0000
5337,16209.62,5367.70,NaN,NaN,NaN
5338,16283.36,5461.00,NaN,NaN,NaN
5339,16277.71,5320.21,0,0,0.0000
5340,16091.51,5441.50,0,0,0.0000
5341,16306.66,5267.06,0,0,0.0000
5342,16357.95,5286.88,NaN,NaN,NaN
5343,16154.51,5357.24,0,0,0.0000
5344,16093.70,5351.07,0,0,0.0000
5345,16367.29,5262.59,0,0,0.0000
5346,16360.01,5475.35,NaN,NaN,NaN
5347,729.72,5862.35,2,3,0.0000
5348,141.75,6224.72,NaN,NaN,NaN
5349,524.08,6040.48,2,3,0.0000
5350,300.12,5911.54,NaN,NaN,NaN
5351,436.50,5965.39,0,0,0.0000
5352,345.99,6155.92,NaN,NaN,NaN
5353,620.86,5914.96,4,6,0.0000
5354,496.03,5784.44,NaN,NaN,NaN
5355,857.92,5923.46,NaN,NaN,NaN
5356,868.37,5660.21,2,1,0.0000
5357,675.69,5795.85,3,7,2.3333
5358,457.12,6104.32,NaN,NaN,NaN
5359,765.00,5696.26,0,0,0.0000
5360,285.36,6122.01,NaN,NaN,NaN
5361,540.64,5916.52,NaN,NaN,NaN
5362,595.63,5842.61,2,4,2.0000
5363,813.22,5743.83,4,4,0.0000
5364,471.52,6173.06,0,0,0.0000
5365,305.10,6048.04,2,3,0.0000
5366,627.37,6074.29,3,7,2.3333
5367,632.40,5994.12,NaN,NaN,NaN
5368,405.98,6247.39,0,0,0.0000
5369,545.64,6188.90,NaN,NaN,NaN
5370,551.71,5830.40,NaN,NaN,NaN
5371,559.48,6119.39,NaN,NaN,NaN
5372,782.89,5920.83,NaN,NaN,NaN
5373,892.06,6046.16,0,0,0.0000
5374,777.09,5566.01,0,0,0.0000
5375,568.92,5757.66,NaN,NaN,NaN
5376,846.68,5576.58,0,0,0.0000
5377,716.73,5992.12,NaN,NaN,NaN
5378,489.85,5868.86,NaN,NaN,NaN
5379,892.99,6099.43,2,3,0.0000
5380,357.79,5934.14,NaN,NaN,NaN
5381,268.63,6222.71,3,2,0.0000
5382,356.65,5983.52,NaN,NaN,NaN
5383,522.07,5974.65,2,4,2.0000
5384,865.91,6000.12,NaN,NaN,NaN
5385,618.46,5704.50,2,3,0.0000
5386,789.98,5995.03,NaN,NaN,NaN
5387,291.08,6015.62,2,1,0.0000
5388,822.23,5831.43,0,0,0.0000
5389,663.20,6269.84,2,3,0.0000
5390,217.47,6131.35,0,0,0.0000
5391,350.99,6231.22,0,0,0.0000
5392,204.50,6036.76,NaN,NaN,NaN
5393,351.36,5830.38,0,0,0.0000
5394,373.58,6037.72,NaN,NaN,NaN
5395,415.49,6060.81,3,5,0.0000
5396,121.97,6159.50,0,0,0.0000
5397,392.35,5846.09,0,0,0.0000
5398,50.24,6267.92,NaN,NaN,NaN
5399,29.75,6256.52,NaN,NaN,NaN
5400,1165.88,6173.14,2,4,2.0000
5401,936.11,6094.67,3,5,0.0000
5402,1093.41,6234.18,NaN,NaN,NaN
5403,976.11,5861.77,NaN,NaN,NaN
5404,1055.55,6008.19,NaN,NaN,NaN
5405,1431.20,5848.98,NaN,NaN,NaN
5406,1042.75,5851.75,NaN,NaN,NaN
5407,898.58,5770.54,3,2,0.0000
5408,1267.76,6178.44,NaN,NaN,NaN
5409,987.32,5681.58,2,2,0.0000
5410,1102.57,5833.43,NaN,NaN,NaN
5411,922.88,5991.03,NaN,NaN,NaN
5412,900.78,5845.90,NaN,NaN,NaN
5413,1009.04,5786.85,0,0,0.0000
5414,1044.79,5921.17,NaN,NaN,NaN
5415,1097.75,5894.45,NaN,NaN,NaN
5416,992.24,5944.71,0,0,0.0000
5417,985.83,6023.20,NaN,NaN,NaN
5418,1599.53,6042.25,0,0,0.0000
5419,957.64,5736.75,NaN,NaN,NaN
5420,1266.24,6111.87,NaN,NaN,NaN
5421,1422.38,5924.45,0,0,0.0000
5422,1040.18,5729.06,NaN,NaN,NaN
5423,1222.35,6123.88,NaN,NaN,NaN
5424,924.08,5591.34,NaN,NaN,NaN
5425,1606.80,6095.83,NaN,NaN,NaN
5426,1047.60,5684.34,0,0,0.0000
5427,1070.12,5754.96,NaN,NaN,NaN
5428,969.81,5599.06,0,0,0.0000
5429,1141.38,5937.65,NaN,NaN,NaN
5430,1112.90,5955.26,NaN,NaN,NaN
5431,2097.03,5732.36,2,2,0.0000
5432,2337.12,5888.41,NaN,NaN,NaN
5433,1991.47,5627.57,0,0,0.0000
5434,2266.39,5798.17,5,4,0.0000
5435,2368.60,5622.69,2,3,0.0000
5436,1909.47,5617.05,NaN,NaN,NaN
5437,2328.99,5830.87,NaN,NaN,NaN
5438,2358.99,5777.84,0,0,0.0000
5439,2220.10,5724.37,NaN,NaN,NaN
5440,1742.18,6258.99,0,0,0.0000
5441,2374.65,5947.07,NaN,NaN,NaN
5442,2200.23,5866.46,NaN,NaN,NaN
5443,2397.70,5744.28,NaN,NaN,NaN
5444,2039.34,5557.63,2,5,2.5000
5445,2231.09,5917.84,2,3,0.0000
5446,2135.52,5686.70,0,0,0.0000
5447,2200.53,5814.79,0,0,0.0000
5448,2069.18,5654.74,NaN,NaN,NaN
5449,1936.03,5554.84,NaN,NaN,NaN
5450,2124.88,5815.46,0,0,0.0000
5451,2353.63,5727.37,NaN,NaN,NaN
5452,1987.21,5723.34,3,3,0.0000
5453,1844.49,5531.88,NaN,NaN,NaN
5454,2140.02,5523.36,0,0,0.0000
5455,1950.02,5667.59,NaN,NaN,NaN
5456,2076.10,5524.85,NaN,NaN,NaN
5457,2022.54,5678.57,NaN,NaN,NaN
5458,2037.78,5712.84,NaN,NaN,NaN
5459,2944.12,5530.29,3,3,0.0000
5460,2566.56,5586.59,NaN,NaN,NaN
5461,3085.16,5934.16,0,0,0.0000
5462,3490.73,6211.21,0,0,0.0000
5463,3324.41,6222.47,0,0,0.0000
5464,3728.41,6202.87,NaN,NaN,NaN
5465,3760.22,6251.56,2,3,0.0000
5466,3820.76,5508.07,3,4,0.0000
5467,3364.90,6174.98,NaN,NaN,NaN
5468,3305.09,6133.84,NaN,NaN,NaN
5469,3660.02,6170.10,NaN,NaN,NaN
5470,3569.26,6136.91,NaN,NaN,NaN
5471,3402.41,6237.10,0,0,0.0000
5472,3240.43,6228.62,2,3,0.0000
5473,4546.32,6094.18,3,7,2.3333
5474,4707.49,6262.72,0,0,0.0000
5475,4262.24,5590.28,2,5,2.5000
5476,4186.69,5934.37,0,0,0.0000
5477,4493.97,5775.06,NaN,NaN,NaN
5478,4374.95,6204.83,0,0,0.0000
5479,4035.99,5912.94,NaN,NaN,NaN
5480,4210.64,5834.13,2,2,0.0000
5481,4695.07,5905.39,NaN,NaN,NaN
5482,4364.58,6058.56,2,7,3.5000
5483,4647.05,5804.00,0,0,0.0000
5484,4139.71,5657.98,2,4,2.0000
5485,4275.52,5987.58,2,4,2.0000
5486,4348.50,5531.68,3,4,0.0000
5487,4360.49,5899.00,NaN,NaN,NaN
5488,4603.98,5939.79,2,1,0.0000
5489,4138.35,5759.38,NaN,NaN,NaN
5490,4031.21,5774.53,NaN,NaN,NaN
5491,4377.42,5639.76,NaN,NaN,NaN
5492,3981.73,5715.23,NaN,NaN,NaN
5493,4291.12,5722.37,NaN,NaN,NaN
5494,4453.10,5957.03,3,6,2.0000
5495,4363.42,5705.43,3,6,2.0000
5496,4378.32,5792.89,NaN,NaN,NaN
5497,4169.34,5560.99,NaN,NaN,NaN
5498,4046.43,5647.44,2,2,0.0000
5499,4042.00,5519.56,0,0,0.0000
5500,4421.80,6016.41,3,4,0.0000
5501,4088.15,5864.42,NaN,NaN,NaN
5502,4482.15,5683.71,NaN,NaN,NaN
5503,4169.77,6117.29,NaN,NaN,NaN
5504,4450.84,6158.66,NaN,NaN,NaN
5505,4633.58,6193.25,2,4,2.0000
5506,4445.96,5907.11,NaN,NaN,NaN
5507,4326.85,6269.73,0,0,0.0000
5508,4095.55,5508.64,NaN,NaN,NaN
5509,4539.04,5638.56,0,0,0.0000
5510,4683.14,6007.13,NaN,NaN,NaN
5511,4427.80,5595.27,0,0,0.0000
5512,4344.55,5966.20,NaN,NaN,NaN
5513,4162.79,6020.82,2,4,2.0000
5514,4076.64,5582.21,NaN,NaN,NaN
5515,4214.37,5716.74,NaN,NaN,NaN
5516,4262.97,5767.96,NaN,NaN,NaN
5517,4725.25,5827.28,NaN,NaN,NaN
5518,4240.37,6138.33,NaN,NaN,NaN
5519,4449.99,5819.60,2,4,2.0000
5520,4485.22,5880.21,2,6,3.0000
5521,4309.87,6106.68,0,0,0.0000
5522,4244.59,6255.89,NaN,NaN,NaN
5523,4294.66,6183.26,0,0,0.0000
5524,4004.99,5938.85,0,0,0.0000
5525,4726.68,6129.99,0,0,0.0000
5526,4316.45,5808.10,NaN,NaN,NaN
5527,4285.77,5913.04,NaN,NaN,NaN
5528,4609.42,5872.63,NaN,NaN,NaN
5529,4299.43,5845.75,NaN,NaN,NaN
5530,4091.22,5783.83,NaN,NaN,NaN
5531,4123.58,6081.75,0,0,0.0000
5532,4490.35,5609.31,NaN,NaN,NaN
5533,4572.28,5722.70,NaN,NaN,NaN
5534,4572.91,5768.93,NaN,NaN,NaN
5535,4085.56,5923.45,NaN,NaN,NaN
5536,4591.85,5693.46,0,0,0.0000
5537,4238.00,6059.60,0,0,0.0000
5538,4686.70,6062.64,NaN,NaN,NaN
5539,4245.05,6208.12,NaN,NaN,NaN
5540,4129.58,5933.90,4,4,0.0000
5541,4707.21,5780.81,NaN,NaN,NaN
5542,4116.00,5978.36,NaN,NaN,NaN
5543,4078.46,6022.01,0,0,0.0000
5544,4800.83,6182.66,0,0,0.0000
5545,4828.10,6106.48,0,0,0.0000
5546,5388.16,5531.14,2,5,2.5000
5547,5422.54,5619.93,NaN,NaN,NaN
5548,4763.31,6015.13,2,3,0.0000
5549,4746.69,5952.23,0,0,0.0000
5550,4815.74,5969.66,NaN,NaN,NaN
5551,5455.49,5757.09,NaN,NaN,NaN
5552,5458.18,5573.32,NaN,NaN,NaN
5553,5500.26,5729.51,NaN,NaN,NaN
5554,5949.80,6081.16,NaN,NaN,NaN
5555,6062.10,5902.48,0,0,0.0000
5556,5629.69,5569.40,NaN,NaN,NaN
5557,5965.39,5705.66,2,2,0.0000
5558,5768.95,5719.71,NaN,NaN,NaN
5559,6198.02,5748.70,3,6,2.0000
5560,6005.33,5521.08,3,7,2.3333
5561,6030.57,5634.64,0,0,0.0000
5562,5786.14,5985.94,NaN,NaN,NaN
5563,5717.32,5522.07,NaN,NaN,NaN
5564,6256.45,5850.52,NaN,NaN,NaN
5565,5543.43,5781.42,NaN,NaN,NaN
5566,5738.80,6140.40,NaN,NaN,NaN
5567,5786.60,5593.49,0,0,0.0000
5568,6174.18,6077.43,NaN,NaN,NaN
5569,5963.33,5584.63,NaN,NaN,NaN
5570,5940.33,5923.91,NaN,NaN,NaN
5571,5669.15,5680.39,3,5,0.0000
5572,6088.44,5793.77,0,0,0.0000
5573,5883.20,6169.96,NaN,NaN,NaN
5574,5917.60,5814.27,NaN,NaN,NaN
5575,6260.82,6096.75,2,4,2.0000
5576,6115.47,5542.39,5,3,0.0000
5577,6167.85,5895.89,NaN,NaN,NaN
5578,6140.70,5641.24,NaN,NaN,NaN
5579,6132.50,5771.65,NaN,NaN,NaN
5580,5823.32,6230.89,2,5,2.5000
5581,5507.15,5642.47,3,4,0.0000
5582,5772.78,5882.62,NaN,NaN,NaN
5583,5586.69,5705.16,NaN,NaN,NaN
5584,6085.09,5684.93,NaN,NaN,NaN
5585,5723.69,6049.03,3,8,2.6667
5586,6181.18,5597.55,NaN,NaN,NaN
5587,6156.25,5979.24,NaN,NaN,NaN
5588,5904.77,5624.85,NaN,NaN,NaN
5589,5983.47,6010.44,0,0,0.0000
5590,5860.74,5556.47,0,0,0.0000
5591,5653.53,5812.33,NaN,NaN,NaN
5592,5848.24,6013.81,NaN,NaN,NaN
5593,6024.18,5967.83,NaN,NaN,NaN
5594,5575.37,5849.11,0,0,0.0000
5595,6231.46,5941.64,NaN,NaN,NaN
5596,5519.11,5515.14,2,4,2.0000
5597,6080.70,5579.78,NaN,NaN,NaN
5598,5543.48,5690.06,NaN,NaN,NaN
5599,6043.25,5809.79,0,0,0.0000
5600,5593.79,5647.68,0,0,0.0000
5601,6195.24,6150.04,NaN,NaN,NaN
5602,5858.64,5724.96,NaN,NaN,NaN
5603,5562.27,5653.51,NaN,NaN,NaN
5604,5963.85,5869.53,3,4,0.0000
5605,5813.75,5657.92,0,0,0.0000
5606,5836.27,6082.07,0,0,0.0000
5607,5644.81,5941.07,0,0,0.0000
5608,5593.26,5745.67,4,5,0.0000
5609,6303.84,5691.56,2,4,2.0000
5610,6580.03,5624.49,0,0,0.0000
5611,6732.58,6239.25,0,0,0.0000
5612,6845.17,5675.59,NaN,NaN,NaN
5613,6312.68,5580.98,NaN,NaN,NaN
5614,6429.93,6126.86,NaN,NaN,NaN
5615,6453.41,5721.09,NaN,NaN,NaN
5616,6662.13,6258.81,NaN,NaN,NaN
5617,6678.98,6142.19,0,0,0.0000
5618,6528.80,6247.62,2,1,0.0000
5619,6431.73,5761.65,0,0,0.0000
5620,6853.31,6049.84,NaN,NaN,NaN
5621,6833.54,6224.20,2,2,0.0000
5622,6922.84,6156.51,2,3,0.0000
5623,6354.91,6085.01,NaN,NaN,NaN
5624,6429.74,5645.55,2,3,0.0000
5625,6509.81,5875.55,0,0,0.0000
5626,6349.90,6173.37,0,0,0.0000
5627,6988.61,6042.25,NaN,NaN,NaN
5628,6843.98,5967.61,0,0,0.0000
5629,6709.02,6068.01,0,0,0.0000
5630,6976.50,6166.88,NaN,NaN,NaN
5631,6364.89,5579.61,0,0,0.0000
5632,6551.98,5746.59,NaN,NaN,NaN
5633,6479.71,5673.44,0,0,0.0000
5634,6649.47,5695.87,NaN,NaN,NaN
5635,6418.19,5831.94,NaN,NaN,NaN
5636,6617.76,5573.06,NaN,NaN,NaN
5637,6450.93,5608.55,0,0,0.0000
5638,6931.52,5960.80,NaN,NaN,NaN
5639,6530.22,5577.71,0,0,0.0000
5640,6475.62,6078.64,0,0,0.0000
5641,6535.15,5660.82,NaN,NaN,NaN
5642,6278.02,5764.22,0,0,0.0000
5643,6306.68,5846.56,NaN,NaN,NaN
5644,6957.59,5985.37,0,0,0.0000
5645,6769.03,6033.40,0,0,0.0000
5646,6876.12,6104.31,0,0,0.0000
5647,6880.62,5563.23,3,4,0.0000
5648,6425.46,6076.10,0,0,0.0000
5649,6540.51,5798.53,0,0,0.0000
5650,7702.28,5526.75,0,0,0.0000
5651,7739.18,5826.03,2,4,2.0000
5652,7749.40,5722.89,2,9,4.5000
5653,7775.12,5582.04,NaN,NaN,NaN
5654,7750.63,5618.63,0,0,0.0000
5655,7547.05,5516.13,0,0,0.0000
5656,7681.96,5726.57,3,4,0.0000
5657,8088.76,5760.89,NaN,NaN,NaN
5658,7952.55,6192.42,0,0,0.0000
5659,8544.57,5603.44,0,0,0.0000
5660,8527.31,6184.83,NaN,NaN,NaN
5661,8063.11,5596.52,0,0,0.0000
5662,8403.33,5673.64,NaN,NaN,NaN
5663,8493.84,5984.67,NaN,NaN,NaN
5664,7915.72,5859.27,NaN,NaN,NaN
5665,8280.12,5720.00,NaN,NaN,NaN
5666,8226.99,5862.18,NaN,NaN,NaN
5667,8335.60,6078.17,NaN,NaN,NaN
5668,8494.83,5779.31,NaN,NaN,NaN
5669,7952.47,5546.92,NaN,NaN,NaN
5670,8370.41,5738.80,NaN,NaN,NaN
5671,8218.75,6139.78,NaN,NaN,NaN
5672,8414.47,5792.93,NaN,NaN,NaN
5673,8026.68,6034.16,0,0,0.0000
5674,7861.31,5623.89,0,0,0.0000
5675,8246.52,6237.36,NaN,NaN,NaN
5676,8167.22,5557.27,NaN,NaN,NaN
5677,8161.44,5623.86,NaN,NaN,NaN
5678,8341.14,5882.46,NaN,NaN,NaN
5679,8301.21,5508.11,0,0,0.0000
5680,8423.72,5874.96,NaN,NaN,NaN
5681,8173.46,6027.97,2,4,2.0000
5682,8315.17,6153.64,NaN,NaN,NaN
5683,8423.60,6026.28,NaN,NaN,NaN
5684,8145.34,5861.45,NaN,NaN,NaN
5685,7949.80,5687.32,NaN,NaN,NaN
5686,8237.67,5643.97,NaN,NaN,NaN
5687,8163.70,6239.12,NaN,NaN,NaN
5688,8345.85,6234.76,2,2,0.0000
5689,7812.62,5547.04,NaN,NaN,NaN
5690,8450.25,6225.63,NaN,NaN,NaN
5691,8220.63,5512.54,NaN,NaN,NaN
5692,7843.88,5786.85,NaN,NaN,NaN
5693,8290.73,6018.93,NaN,NaN,NaN
5694,8276.15,5916.27,0,0,0.0000
5695,8204.44,5763.76,NaN,NaN,NaN
5696,8095.47,5999.46,0,0,0.0000
5697,8556.69,6116.41,3,8,2.6667
5698,8295.42,5593.54,3,4,0.0000
5699,8109.46,6104.63,0,0,0.0000
5700,8037.42,6112.85,0,0,0.0000
5701,8430.80,5577.45,0,0,0.0000
5702,8244.18,5971.76,NaN,NaN,NaN
5703,7815.05,5854.64,NaN,NaN,NaN
5704,8500.60,6071.75,NaN,NaN,NaN
5705,7847.77,5739.04,0,0,0.0000
5706,8208.58,5974.60,2,7,3.5000
5707,8420.24,6112.98,NaN,NaN,NaN
5708,8036.99,5931.68,0,0,0.0000
5709,8060.17,5889.24,NaN,NaN,NaN
5710,7998.05,5860.13,0,0,0.0000
5711,7976.88,5939.26,NaN,NaN,NaN
5712,7857.26,5858.69,NaN,NaN,NaN
5713,7950.76,5973.92,0,0,0.0000
5714,8073.20,6216.74,NaN,NaN,NaN
5715,8121.79,5918.43,NaN,NaN,NaN
5716,7988.39,5645.83,NaN,NaN,NaN
5717,8551.54,5846.73,NaN,NaN,NaN
5718,8381.42,5958.23,0,0,0.0000
5719,8045.55,6185.36,0,0,0.0000
5720,8109.26,6214.43,NaN,NaN,NaN
5721,7993.27,5991.59,0,0,0.0000
5722,8159.90,6116.04,0,0,0.0000
5723,8352.80,5970.85,NaN,NaN,NaN
5724,7906.78,5584.86,NaN,NaN,NaN
5725,8090.50,5505.13,2,1,0.0000
5726,8244.42,5579.92,NaN,NaN,NaN
5727,7938.93,5927.22,3,9,3.0000
5728,8706.90,6038.69,3,6,2.0000
5729,8760.31,5859.68,NaN,NaN,NaN
5730,8633.78,6151.03,2,4,2.0000
5731,8585.81,6040.46,2,1,0.0000
5732,8584.93,5946.79,NaN,NaN,NaN
5733,8683.91,5667.32,3,5,0.0000
5734,8706.45,6216.99,2,2,0.0000
5735,8842.53,6008.84,NaN,NaN,NaN
5736,8734.04,5559.70,0,0,0.0000
5737,8635.62,6246.97,0,0,0.0000
5738,8848.31,5872.74,0,0,0.0000
5739,8784.10,5954.00,3,4,0.0000
5740,8670.17,5579.46,0,0,0.0000
5741,8850.89,6143.46,NaN,NaN,NaN
5742,8630.51,5707.30,3,5,0.0000
5743,8732.52,5716.27,NaN,NaN,NaN
5744,8918.25,5801.08,0,0,0.0000
5745,8583.41,5768.52,0,0,0.0000
5746,8628.11,5816.58,NaN,NaN,NaN
5747,9080.53,6271.45,NaN,NaN,NaN
5748,8866.57,5751.41,NaN,NaN,NaN
5749,8671.60,5906.83,NaN,NaN,NaN
5750,8893.13,5843.75,0,0,0.0000
5751,8843.39,5672.14,NaN,NaN,NaN
5752,8964.72,5947.40,NaN,NaN,NaN
5753,8760.39,6252.31,NaN,NaN,NaN
5754,8794.72,6133.32,0,0,0.0000
5755,8690.97,5837.82,3,5,0.0000
5756,8617.71,6078.36,NaN,NaN,NaN
5757,8721.89,5945.13,0,0,0.0000
5758,8802.11,6078.00,4,8,2.0000
5759,9798.19,5526.34,NaN,NaN,NaN
5760,9982.27,5934.10,NaN,NaN,NaN
5761,9506.00,5966.10,NaN,NaN,NaN
5762,10053.42,5880.70,NaN,NaN,NaN
5763,9752.99,5699.58,0,0,0.0000
5764,9609.20,6078.51,0,0,0.0000
5765,9888.26,5688.32,0,0,0.0000
5766,9589.82,5872.82,NaN,NaN,NaN
5767,9530.96,5580.64,NaN,NaN,NaN
5768,10033.34,6157.46,NaN,NaN,NaN
5769,9728.44,6150.21,NaN,NaN,NaN
5770,9609.23,5972.93,NaN,NaN,NaN
5771,9903.09,6123.39,0,0,0.0000
5772,10077.28,5672.61,0,0,0.0000
5773,10106.48,5763.90,0,0,0.0000
5774,9815.14,6066.87,2,4,2.0000
5775,9591.96,5657.97,NaN,NaN,NaN
5776,9938.62,6033.03,2,3,0.0000
5777,9974.24,5542.67,0,0,0.0000
5778,9428.06,5658.13,0,0,0.0000
5779,9515.71,5689.14,2,4,2.0000
5780,9750.89,6241.08,0,0,0.0000
5781,9688.72,5564.32,3,8,2.6667
5782,9960.85,6171.02,NaN,NaN,NaN
5783,9963.95,5632.40,0,0,0.0000
5784,9892.46,5607.24,0,0,0.0000
5785,9711.92,5874.79,0,0,0.0000
5786,9461.61,5563.49,NaN,NaN,NaN
5787,9633.79,5810.20,NaN,NaN,NaN
5788,9936.83,5783.59,NaN,NaN,NaN
5789,9791.58,5757.14,NaN,NaN,NaN
5790,9674.67,5723.84,2,3,0.0000
5791,9676.69,5642.59,0,0,0.0000
5792,9676.37,6069.94,0,0,0.0000
5793,9624.04,5587.80,0,0,0.0000
5794,9761.23,5919.22,NaN,NaN,NaN
5795,9684.14,5927.21,0,0,0.0000
5796,9853.99,5959.40,0,0,0.0000
5797,9578.90,5759.54,NaN,NaN,NaN
5798,9539.64,5818.90,NaN,NaN,NaN
5799,9831.61,6210.65,0,0,0.0000
5800,9500.74,5779.83,0,0,0.0000
5801,9845.25,5836.95,NaN,NaN,NaN
5802,9670.43,5997.41,0,0,0.0000
5803,9923.13,6212.60,NaN,NaN,NaN
5804,9745.93,6048.05,0,0,0.0000
5805,9507.73,5875.72,2,2,0.0000
5806,9688.29,6251.01,0,0,0.0000
5807,9677.94,5510.51,NaN,NaN,NaN
5808,9972.39,6259.17,0,0,0.0000
5809,10092.80,6143.63,0,0,0.0000
5810,10077.37,6232.72,NaN,NaN,NaN
5811,9445.37,5746.52,0,0,0.0000
5812,9846.87,5766.69,NaN,NaN,NaN
5813,9591.92,5531.38,NaN,NaN,NaN
5814,10062.08,6073.60,0,0,0.0000
5815,10024.44,6229.95,NaN,NaN,NaN
5816,9860.31,6045.53,0,0,0.0000
5817,9882.33,5774.23,2,3,0.0000
5818,9449.67,5706.91,0,0,0.0000
5819,10420.43,5527.66,NaN,NaN,NaN
5820,10241.63,5841.83,NaN,NaN,NaN
5821,10122.55,5942.30,0,0,0.0000
5822,10236.27,5723.73,NaN,NaN,NaN
5823,10198.39,5574.10,2,5,2.5000
5824,10229.97,5985.73,0,0,0.0000
5825,10439.07,5646.14,2,3,0.0000
5826,10522.86,5632.81,NaN,NaN,NaN
5827,10213.27,6249.58,NaN,NaN,NaN
5828,10738.65,5627.23,NaN,NaN,NaN
5829,10177.60,5678.57,0,0,0.0000
5830,10788.93,5541.71,2,3,0.0000
5831,10159.11,6185.90,NaN,NaN,NaN
5832,10539.62,5544.05,NaN,NaN,NaN
5833,10588.37,5567.62,NaN,NaN,NaN
5834,10173.64,6121.79,2,2,0.0000
5835,10326.18,5615.66,NaN,NaN,NaN
5836,10712.59,5551.42,NaN,NaN,NaN
5837,10360.98,5744.01,NaN,NaN,NaN
5838,10451.84,5707.20,0,0,0.0000
5839,10239.75,6171.66,0,0,0.0000
5840,10305.99,5937.69,0,0,0.0000
5841,10616.34,5640.14,0,0,0.0000
5842,10675.25,5644.42,2,6,3.0000
5843,10437.72,6000.65,NaN,NaN,NaN
5844,10299.73,5878.04,3,3,0.0000
5845,10496.03,5931.61,0,0,0.0000
5846,10217.91,6112.10,0,0,0.0000
5847,10249.83,6057.01,0,0,0.0000
5848,10571.51,5637.13,0,0,0.0000
5849,10794.03,6251.81,2,3,0.0000
5850,10809.30,5607.96,NaN,NaN,NaN
5851,10460.86,6026.63,0,0,0.0000
5852,10156.54,6045.96,0,0,0.0000
5853,10155.15,6052.98,0,0,0.0000
5854,10157.61,6048.90,0,0,0.0000
5855,11334.17,5532.05,2,2,0.0000
5856,11179.65,6129.29,0,0,0.0000
5857,11437.85,5600.80,NaN,NaN,NaN
5858,11515.32,6231.43,0,0,0.0000
5859,11118.82,5857.04,NaN,NaN,NaN
5860,11303.63,5953.96,2,3,0.0000
5861,11256.59,5583.85,NaN,NaN,NaN
5862,11388.56,5717.86,0,0,0.0000
5863,11095.50,5523.69,2,3,0.0000
5864,11202.39,6003.34,NaN,NaN,NaN
5865,11522.56,5964.97,0,0,0.0000
5866,11490.42,5541.55,NaN,NaN,NaN
5867,11335.40,6077.92,3,3,0.0000
5868,11466.16,5716.79,0,0,0.0000
5869,11298.26,5752.45,NaN,NaN,NaN
5870,11384.86,5816.45,2,3,0.0000
5871,11405.28,5937.07,0,0,0.0000
5872,11170.13,5920.15,NaN,NaN,NaN
5873,11011.75,6253.79,NaN,NaN,NaN
5874,11278.78,5672.52,NaN,NaN,NaN
5875,11184.80,5660.66,0,0,0.0000
5876,11532.69,6093.56,0,0,0.0000
5877,11414.31,6271.36,2,3,0.0000
5878,11089.74,5689.07,0,0,0.0000
5879,11460.51,6081.48,NaN,NaN,NaN
5880,11630.67,5815.05,NaN,NaN,NaN
5881,11557.16,5744.99,0,0,0.0000
5882,11249.89,6190.98,0,0,0.0000
5883,11197.22,5752.64,0,0,0.0000
5884,11334.82,6178.90,NaN,NaN,NaN
5885,10969.29,5509.11,NaN,NaN,NaN
5886,11103.89,6211.62,NaN,NaN,NaN
5887,11138.90,6057.32,0,0,0.0000
5888,11337.59,6260.90,NaN,NaN,NaN
5889,10936.58,6226.31,NaN,NaN,NaN
5890,11013.13,6162.31,NaN,NaN,NaN
5891,11065.66,5609.56,NaN,NaN,NaN
5892,11153.77,5577.59,0,0,0.0000
5893,11263.22,6074.45,0,0,0.0000
5894,11600.27,6049.10,0,0,0.0000
5895,11286.57,6139.24,NaN,NaN,NaN
5896,11577.69,5859.71,0,0,0.0000
5897,11383.46,6207.96,3,4,0.0000
5898,11125.55,6010.64,NaN,NaN,NaN
5899,11532.73,5640.45,0,0,0.0000
5900,10980.26,5639.18,3,9,3.0000
5901,10939.79,5551.37,0,0,0.0000
5902,11440.08,5999.47,NaN,NaN,NaN
5903,11300.32,5867.76,0,0,0.0000
5904,11325.02,5844.42,0,0,0.0000
5905,11247.13,5877.08,NaN,NaN,NaN
5906,11229.07,6269.34,2,4,2.0000
5907,11163.90,6214.10,NaN,NaN,NaN
5908,11612.19,5983.12,NaN,NaN,NaN
5909,11140.22,5709.19,NaN,NaN,NaN
5910,11642.73,6128.28,NaN,NaN,NaN
5911,10886.12,5546.97,NaN,NaN,NaN
5912,11085.93,5923.85,NaN,NaN,NaN
5913,11633.72,6169.71,0,0,0.0000
5914,11144.27,5787.85,0,0,0.0000
5915,11469.07,5809.99,NaN,NaN,NaN
5916,11757.67,6177.73,0,0,0.0000
5917,11671.04,5886.49,NaN,NaN,NaN
5918,11668.53,6231.19,0,0,0.0000
5919,11692.12,5941.20,2,1,0.0000
5920,11720.24,6080.88,0,0,0.0000
5921,11696.87,6045.74,NaN,NaN,NaN
5922,11658.93,6074.91,0,0,0.0000
5923,11734.33,6026.62,NaN,NaN,NaN
5924,16208.80,5602.65,NaN,NaN,NaN
5925,16161.48,6046.09,0,0,0.0000
5926,16294.72,5845.72,NaN,NaN,NaN
5927,16045.30,5973.39,NaN,NaN,NaN
5928,16212.50,5805.74,NaN,NaN,NaN
5929,16038.09,5858.53,NaN,NaN,NaN
5930,16238.32,5983.45,2,3,0.0000
5931,16070.75,6227.06,NaN,NaN,NaN
5932,16314.36,5700.07,3,5,0.0000
5933,15906.60,6125.23,0,0,0.0000
5934,16301.17,5913.35,7,2,0.0000
5935,16225.94,6131.30,NaN,NaN,NaN
5936,16106.88,5806.48,3,7,2.3333
5937,16007.19,6173.39,NaN,NaN,NaN
5938,16090.57,6032.36,0,0,0.0000
5939,15884.68,6229.90,NaN,NaN,NaN
5940,15959.95,6210.00,3,3,0.0000
5941,16204.56,6228.13,3,4,0.0000
5942,16126.20,5934.92,0,0,0.0000
5943,16339.28,5619.37,NaN,NaN,NaN
5944,15812.76,6235.75,2,2,0.0000
5945,16093.59,6123.22,NaN,NaN,NaN
5946,16142.32,5509.09,NaN,NaN,NaN
5947,16311.81,5972.34,0,0,0.0000
5948,16199.56,5884.50,NaN,NaN,NaN
5949,16322.57,6179.48,2,3,0.0000
5950,16305.02,6243.53,NaN,NaN,NaN
5951,15961.22,6138.76,NaN,NaN,NaN
5952,16027.55,6263.94,0,0,0.0000
5953,15887.57,6090.72,NaN,NaN,NaN
5954,16283.45,6154.16,0,0,0.0000
5955,16006.61,6229.15,NaN,NaN,NaN
5956,16166.52,5545.87,NaN,NaN,NaN
5957,16025.35,6126.63,NaN,NaN,NaN
5958,16268.02,5529.75,2,4,2.0000
5959,16350.83,5505.26,0,0,0.0000
5960,16125.99,6211.69,NaN,NaN,NaN
5961,16251.87,5690.20,2,3,0.0000
5962,16148.11,6228.40,2,2,0.0000
5963,16363.55,6192.72,NaN,NaN,NaN
5964,16280.14,5636.98,5,8,0.0000
5965,16118.31,5625.19,0,0,0.0000
5966,16099.56,5519.95,3,3,0.0000
5967,446.22,6444.61,NaN,NaN,NaN
5968,127.57,6418.00,3,5,0.0000
5969,712.33,6541.35,3,4,0.0000
5970,605.07,6780.60,NaN,NaN,NaN
5971,468.72,6286.49,NaN,NaN,NaN
5972,255.41,6395.90,NaN,NaN,NaN
5973,474.04,6636.43,2,4,2.0000
5974,608.90,6489.58,0,0,0.0000
5975,596.40,6613.21,0,0,0.0000
5976,595.92,6318.17,NaN,NaN,NaN
5977,789.50,6702.49,0,0,0.0000
5978,546.80,6908.32,2,3,0.0000
5979,302.87,6294.49,2,2,0.0000
5980,742.87,6926.72,NaN,NaN,NaN
5981,811.21,6814.41,NaN,NaN,NaN
5982,857.75,6430.92,NaN,NaN,NaN
5983,809.22,6635.03,4,7,0.0000
5984,532.96,6385.58,2,4,2.0000
5985,862.31,6526.17,NaN,NaN,NaN
5986,599.16,7027.76,NaN,NaN,NaN
5987,883.36,6860.28,2,4,2.0000
5988,740.72,6748.38,NaN,NaN,NaN
5989,651.77,6916.53,0,0,0.0000
5990,693.65,6659.23,NaN,NaN,NaN
5991,518.76,6800.55,2,3,0.0000
5992,730.77,6439.55,0,0,0.0000
5993,699.95,6357.60,NaN,NaN,NaN
5994,826.75,6926.84,4,5,0.0000
5995,476.71,6741.72,2,5,2.5000
5996,545.58,6660.52,0,0,0.0000
5997,291.49,6483.33,0,0,0.0000
5998,52.73,6331.25,NaN,NaN,NaN
5999,675.84,6748.50,NaN,NaN,NaN
6000,345.13,6464.59,3,3,0.0000
6001,759.42,6396.21,NaN,NaN,NaN
6002,652.93,6679.07,3,4,0.0000
6003,229.00,6273.13,0,0,0.0000
6004,667.70,6411.24,0,0,0.0000
6005,676.47,6841.46,2,2,0.0000
6006,116.44,6487.58,3,4,0.0000
6007,628.88,6383.26,0,0,0.0000
6008,736.21,6818.94,0,0,0.0000
6009,800.70,6568.35,0,0,0.0000
6010,534.01,6728.92,NaN,NaN,NaN
6011,344.34,6359.63,0,0,0.0000
6012,515.23,6331.64,0,0,0.0000
6013,767.85,6880.77,0,0,0.0000
6014,871.35,6799.19,0,0,0.0000
6015,925.89,6684.71,NaN,NaN,NaN
6016,917.83,6974.73,NaN,NaN,NaN
6017,998.27,6466.77,0,0,0.0000
6018,1176.66,6299.29,2,3,0.0000
6019,1089.50,6952.19,NaN,NaN,NaN
6020,1018.44,6653.70,NaN,NaN,NaN
6021,978.05,6842.92,0,0,0.0000
6022,1278.53,6292.44,NaN,NaN,NaN
6023,1014.19,6556.38,NaN,NaN,NaN
6024,1158.16,6929.41,NaN,NaN,NaN
6025,1403.05,7007.49,2,7,3.5000
6026,950.50,6795.92,2,4,2.0000
6027,1140.65,6869.79,NaN,NaN,NaN
6028,896.81,6478.48,3,5,0.0000
6029,1048.25,7039.29,NaN,NaN,NaN
6030,1057.90,6844.70,0,0,0.0000
6031,935.99,6505.94,3,4,0.0000
6032,954.76,6561.45,NaN,NaN,NaN
6033,1115.00,6813.55,0,0,0.0000
6034,1045.35,6796.03,0,0,0.0000
6035,1003.78,6962.52,0,0,0.0000
6036,2366.54,7032.31,4,5,0.0000
6037,1694.94,6319.42,NaN,NaN,NaN
6038,2386.79,6829.46,NaN,NaN,NaN
6039,2178.19,6901.12,NaN,NaN,NaN
6040,2274.70,6829.27,2,4,2.0000
6041,2105.98,6601.75,2,1,0.0000
6042,2285.81,6993.50,0,0,0.0000
6043,2168.49,6733.76,0,0,0.0000
6044,2146.56,6814.35,NaN,NaN,NaN
6045,2106.93,6771.26,3,5,0.0000
6046,2347.56,6900.80,NaN,NaN,NaN
6047,2220.83,6953.96,3,6,2.0000
6048,2218.61,6774.45,2,2,0.0000
6049,2177.09,6673.83,NaN,NaN,NaN
6050,2353.22,6948.47,NaN,NaN,NaN
6051,1845.31,6476.79,NaN,NaN,NaN
6052,2260.07,6909.46,NaN,NaN,NaN
6053,2201.61,6621.88,NaN,NaN,NaN
6054,2225.38,6868.75,NaN,NaN,NaN
6055,1845.36,6419.53,0,0,0.0000
6056,2415.50,6901.07,NaN,NaN,NaN
6057,2318.44,6867.12,NaN,NaN,NaN
6058,2224.11,6727.82,NaN,NaN,NaN
6059,2455.36,6946.88,2,5,2.5000
6060,3019.62,6452.41,0,0,0.0000
6061,3093.07,6464.14,NaN,NaN,NaN
6062,3144.52,6537.74,2,2,0.0000
6063,3190.16,6510.95,NaN,NaN,NaN
6064,3145.58,6349.15,NaN,NaN,NaN
6065,3061.54,6520.56,NaN,NaN,NaN
6066,3051.82,6398.07,0,0,0.0000
6067,2509.70,7021.28,0,0,0.0000
6068,2529.60,6992.47,0,0,0.0000
6069,3494.86,6702.05,2,2,0.0000
6070,3488.35,6525.93,NaN,NaN,NaN
6071,3756.15,6842.54,0,0,0.0000
6072,3395.22,6735.24,0,0,0.0000
6073,3531.44,6345.79,NaN,NaN,NaN
6074,3247.37,6398.54,2,5,2.5000
6075,3432.90,6399.50,NaN,NaN,NaN
6076,3514.20,6276.70,4,2,0.0000
6077,3371.99,6524.65,0,0,0.0000
6078,3784.71,6681.13,NaN,NaN,NaN
6079,3216.44,6469.19,2,3,0.0000
6080,3650.81,6807.85,2,3,0.0000
6081,3702.94,6641.29,2,2,0.0000
6082,3591.48,6486.66,5,6,0.0000
6083,3633.55,6713.73,0,0,0.0000
6084,3554.90,6643.20,NaN,NaN,NaN
6085,3793.20,6594.47,0,0,0.0000
6086,3921.84,6860.06,0,0,0.0000
6087,3343.96,6785.14,NaN,NaN,NaN
6088,3868.99,6900.04,0,0,0.0000
6089,3693.76,6478.17,2,2,0.0000
6090,3638.39,6642.02,NaN,NaN,NaN
6091,3605.35,6430.50,0,0,0.0000
6092,3847.10,6748.60,NaN,NaN,NaN
6093,3771.31,6738.29,0,0,0.0000
6094,3286.91,6463.53,2,6,3.0000
6095,3840.92,6844.53,NaN,NaN,NaN
6096,3580.24,6592.73,NaN,NaN,NaN
6097,3391.23,6940.19,NaN,NaN,NaN
6098,3714.02,6754.49,0,0,0.0000
6099,3708.78,6583.55,0,0,0.0000
6100,3409.15,6457.86,0,0,0.0000
6101,3693.85,6715.73,0,0,0.0000
6102,3802.69,6915.86,0,0,0.0000
6103,3363.91,6899.76,0,0,0.0000
6104,3368.69,6282.09,NaN,NaN,NaN
6105,3375.50,7019.10,2,6,3.0000
6106,3741.12,6937.70,0,0,0.0000
6107,3449.48,6619.52,NaN,NaN,NaN
6108,3644.03,6573.08,0,0,0.0000
6109,3305.58,6599.37,NaN,NaN,NaN
6110,3696.27,6919.76,NaN,NaN,NaN
6111,3533.32,6416.35,0,0,0.0000
6112,3369.44,6837.52,0,0,0.0000
6113,3342.88,6405.20,3,6,2.0000
6114,3558.78,6797.42,NaN,NaN,NaN
6115,3882.08,6715.77,0,0,0.0000
6116,3454.16,6339.67,2,2,0.0000
6117,3731.31,6536.72,0,0,0.0000
6118,4579.36,6714.39,0,0,0.0000
6119,4483.33,6514.31,3,2,0.0000
6120,4686.24,6728.36,0,0,0.0000
6121,4655.06,6546.31,NaN,NaN,NaN
6122,4461.42,6805.33,0,0,0.0000
6123,4469.94,6368.65,NaN,NaN,NaN
6124,4703.80,6924.51,NaN,NaN,NaN
6125,4618.86,6287.13,NaN,NaN,NaN
6126,4568.20,6905.46,3,6,2.0000
6127,4451.71,6653.98,NaN,NaN,NaN
6128,4303.24,6408.54,NaN,NaN,NaN
6129,4641.13,6391.67,0,0,0.0000
6130,4613.67,7035.48,NaN,NaN,NaN
6131,4535.27,6281.63,0,0,0.0000
6132,4606.89,6856.55,0,0,0.0000
6133,4354.84,6576.67,NaN,NaN,NaN
6134,4315.79,6327.45,2,9,4.5000
6135,4692.59,6827.69,NaN,NaN,NaN
6136,4499.28,6631.58,4,6,0.0000
6137,4394.22,6344.04,3,4,0.0000
6138,4536.36,6418.38,2,10,5.0000
6139,4588.79,6599.07,0,0,0.0000
6140,4573.54,6995.65,0,0,0.0000
6141,4461.96,6274.27,0,0,0.0000
6142,4392.90,6722.90,NaN,NaN,NaN
6143,4587.93,6448.90,0,0,0.0000
6144,4359.53,6494.74,NaN,NaN,NaN
6145,4380.66,6419.39,NaN,NaN,NaN
6146,4722.96,6553.14,NaN,NaN,NaN
6147,4241.80,6333.42,NaN,NaN,NaN
6148,4670.09,6978.02,NaN,NaN,NaN
6149,4398.15,6540.90,NaN,NaN,NaN
6150,4609.51,6563.63,0,0,0.0000
6151,4694.79,6464.63,0,0,0.0000
6152,4303.68,6578.76,NaN,NaN,NaN
6153,4518.20,6781.20,2,5,2.5000
6154,4802.42,6979.73,NaN,NaN,NaN
6155,4809.56,6821.73,2,1,0.0000
6156,4899.43,6462.58,3,5,0.0000
6157,4876.37,6560.98,3,3,0.0000
6158,4886.56,6835.83,4,5,0.0000
6159,4778.91,6522.18,NaN,NaN,NaN
6160,4948.88,6742.42,2,4,2.0000
6161,4760.67,6672.37,0,0,0.0000
6162,4784.57,6409.80,NaN,NaN,NaN
6163,5144.73,6862.03,NaN,NaN,NaN
6164,5050.96,6712.76,NaN,NaN,NaN
6165,5282.39,6552.95,NaN,NaN,NaN
6166,4973.67,6896.97,0,0,0.0000
6167,4963.08,6395.86,NaN,NaN,NaN
6168,4971.58,6640.19,NaN,NaN,NaN
6169,4895.54,6282.14,NaN,NaN,NaN
6170,4829.12,6360.30,2,1,0.0000
6171,4786.45,6286.43,0,0,0.0000
6172,5112.77,6933.47,NaN,NaN,NaN
6173,5043.27,6547.41,NaN,NaN,NaN
6174,5166.76,6959.76,NaN,NaN,NaN
6175,5069.44,6881.06,NaN,NaN,NaN
6176,5227.73,6986.93,0,0,0.0000
6177,5014.02,6772.35,3,3,0.0000
6178,5104.83,7031.03,0,0,0.0000
6179,5372.96,6725.79,2,1,0.0000
6180,4896.69,6751.01,2,5,2.5000
6181,5255.47,6619.28,NaN,NaN,NaN
6182,4767.35,7036.81,0,0,0.0000
6183,4900.81,6934.18,NaN,NaN,NaN
6184,4943.39,6661.26,0,0,0.0000
6185,5052.62,6960.21,0,0,0.0000
6186,4770.72,6594.36,NaN,NaN,NaN
6187,4969.99,6468.15,NaN,NaN,NaN
6188,5345.21,6762.82,0,0,0.0000
6189,5012.02,6863.02,NaN,NaN,NaN
6190,4841.04,6281.41,0,0,0.0000
6191,5110.89,6795.87,NaN,NaN,NaN
6192,5083.12,6808.40,0,0,0.0000
6193,4986.08,6955.77,NaN,NaN,NaN
6194,5940.70,6316.41,0,0,0.0000
6195,6148.84,6532.49,NaN,NaN,NaN
6196,6079.08,6501.50,0,0,0.0000
6197,5970.18,6772.73,0,0,0.0000
6198,6070.10,6684.35,0,0,0.0000
6199,5986.49,6683.13,2,4,2.0000
6200,5907.00,6639.25,NaN,NaN,NaN
6201,5877.15,6417.25,0,0,0.0000
6202,6039.86,6858.03,NaN,NaN,NaN
6203,6023.67,6805.02,0,0,0.0000
6204,5992.17,6533.05,3,8,2.6667
6205,6023.64,6735.11,NaN,NaN,NaN
6206,5838.81,6372.43,NaN,NaN,NaN
6207,6058.52,6902.98,NaN,NaN,NaN
6208,5872.72,6540.26,NaN,NaN,NaN
6209,5801.64,6364.09,NaN,NaN,NaN
6210,5961.51,6631.48,2,3,0.0000
6211,5922.17,6582.46,NaN,NaN,NaN
6212,6004.80,6612.74,0,0,0.0000
6213,6076.39,6568.45,NaN,NaN,NaN
6214,6041.43,6567.41,NaN,NaN,NaN
6215,5817.92,6322.01,NaN,NaN,NaN
6216,6630.44,6410.63,2,5,2.5000
6217,6564.95,6340.42,0,0,0.0000
6218,6691.51,6330.20,NaN,NaN,NaN
6219,6704.10,6573.48,5,3,0.0000
6220,6461.70,6336.71,NaN,NaN,NaN
6221,6570.80,6486.95,NaN,NaN,NaN
6222,6845.36,6446.50,NaN,NaN,NaN
6223,6647.02,6845.98,0,0,0.0000
6224,6811.00,6511.46,NaN,NaN,NaN
6225,6857.45,6353.92,2,3,0.0000
6226,6724.58,6811.09,NaN,NaN,NaN
6227,6570.27,6805.07,0,0,0.0000
6228,6625.77,6897.91,NaN,NaN,NaN
6229,6627.22,6771.79,NaN,NaN,NaN
6230,6602.39,6974.05,0,0,0.0000
6231,6552.11,6869.58,NaN,NaN,NaN
6232,6852.70,6274.09,2,2,0.0000
6233,6576.26,6927.87,0,0,0.0000
6234,6826.12,6590.68,NaN,NaN,NaN
6235,7137.41,6882.69,NaN,NaN,NaN
6236,7097.15,6882.13,0,0,0.0000
6237,7192.84,7019.30,2,3,0.0000
6238,7148.36,7019.95,NaN,NaN,NaN
6239,8351.67,6848.40,NaN,NaN,NaN
6240,8510.33,6350.96,NaN,NaN,NaN
6241,8454.13,6707.41,0,0,0.0000
6242,8455.72,6517.05,0,0,0.0000
6243,8245.87,6644.16,0,0,0.0000
6244,8446.52,7023.40,NaN,NaN,NaN
6245,8403.39,6972.27,NaN,NaN,NaN
6246,8489.72,6827.76,0,0,0.0000
6247,8571.74,6320.39,NaN,NaN,NaN
6248,8324.54,6578.06,NaN,NaN,NaN
6249,8142.43,6579.24,2,4,2.0000
6250,8073.88,6287.78,NaN,NaN,NaN
6251,8446.98,6386.49,2,2,0.0000
6252,8175.41,6342.84,NaN,NaN,NaN
6253,8178.22,6429.23,3,4,0.0000
6254,8408.93,6589.16,0,0,0.0000
6255,8553.23,6448.22,NaN,NaN,NaN
6256,8344.47,6758.23,NaN,NaN,NaN
6257,8552.16,6528.64,NaN,NaN,NaN
6258,8301.67,6690.35,0,0,0.0000
6259,8059.23,6417.62,NaN,NaN,NaN
6260,8331.92,6479.44,NaN,NaN,NaN
6261,8312.21,6912.62,0,0,0.0000
6262,8006.50,6423.18,2,7,3.5000
6263,8251.80,6764.23,0,0,0.0000
6264,8438.34,6902.95,NaN,NaN,NaN
6265,8180.27,6514.72,NaN,NaN,NaN
6266,8190.40,6720.84,0,0,0.0000
6267,8117.36,6467.87,2,4,2.0000
6268,7932.55,6367.04,NaN,NaN,NaN
6269,8139.83,6660.70,NaN,NaN,NaN
6270,8316.86,6994.44,NaN,NaN,NaN
6271,8239.12,6506.00,2,4,2.0000
6272,8564.04,6773.43,0,0,0.0000
6273,8252.07,6388.98,NaN,NaN,NaN
6274,8305.74,6279.33,0,0,0.0000
6275,8085.64,6364.72,2,2,0.0000
6276,8345.76,6390.44,0,0,0.0000
6277,7996.40,6298.32,NaN,NaN,NaN
6278,8498.31,6604.66,0,0,0.0000
6279,8200.23,6949.36,NaN,NaN,NaN
6280,8461.05,6299.43,0,0,0.0000
6281,8540.07,6980.01,0,0,0.0000
6282,8557.15,6628.29,3,5,0.0000
6283,8262.08,6939.69,0,0,0.0000
6284,8293.78,6405.41,NaN,NaN,NaN
6285,8255.06,7022.54,NaN,NaN,NaN
6286,7950.39,6329.41,NaN,NaN,NaN
6287,8366.06,6431.99,NaN,NaN,NaN
6288,8439.89,6803.78,0,0,0.0000
6289,8012.98,6344.17,NaN,NaN,NaN
6290,8401.55,6671.78,0,0,0.0000
6291,8425.11,6439.00,NaN,NaN,NaN
6292,8525.75,6743.37,0,0,0.0000
6293,8179.32,6664.87,0,0,0.0000
6294,8124.63,6301.69,0,0,0.0000
6295,8371.79,6311.64,0,0,0.0000
6296,8552.28,7028.16,NaN,NaN,NaN
6297,8380.68,6358.10,0,0,0.0000
6298,8321.31,6324.69,0,0,0.0000
6299,8536.21,6831.41,0,0,0.0000
6300,8285.67,6509.34,NaN,NaN,NaN
6301,8523.93,6947.71,NaN,NaN,NaN
6302,8817.99,6323.58,NaN,NaN,NaN
6303,9107.86,6372.71,3,7,2.3333
6304,8941.53,6854.59,NaN,NaN,NaN
6305,9072.19,6997.51,NaN,NaN,NaN
6306,8634.97,6749.44,2,5,2.5000
6307,8968.94,7030.80,NaN,NaN,NaN
6308,8618.53,7009.09,NaN,NaN,NaN
6309,8798.75,7000.48,0,0,0.0000
6310,8694.90,6549.46,0,0,0.0000
6311,8955.51,6480.25,NaN,NaN,NaN
6312,8700.75,6371.05,0,0,0.0000
6313,8629.08,6463.76,0,0,0.0000
6314,8865.24,6409.12,NaN,NaN,NaN
6315,9133.55,6894.99,NaN,NaN,NaN
6316,8667.64,6907.84,3,2,0.0000
6317,9087.29,6501.46,NaN,NaN,NaN
6318,8582.10,6919.11,0,0,0.0000
6319,8957.59,6774.90,NaN,NaN,NaN
6320,9048.68,6897.28,NaN,NaN,NaN
6321,8997.10,6931.68,NaN,NaN,NaN
6322,8607.04,6836.44,2,2,0.0000
6323,9115.49,6427.05,NaN,NaN,NaN
6324,8797.67,6469.26,0,0,0.0000
6325,8725.60,6763.16,0,0,0.0000
6326,8632.87,6666.52,0,0,0.0000
6327,8788.33,6534.99,NaN,NaN,NaN
6328,9043.63,6638.69,2,2,0.0000
6329,8712.68,6939.87,0,0,0.0000
6330,9019.49,6288.66,0,0,0.0000
6331,8947.41,6943.19,NaN,NaN,NaN
6332,8633.27,6539.08,0,0,0.0000
6333,9009.77,6707.63,3,4,0.0000
6334,8903.87,7026.98,0,0,0.0000
6335,8847.92,6888.43,NaN,NaN,NaN
6336,9036.93,6579.08,NaN,NaN,NaN
6337,9004.50,6521.19,2,7,3.5000
6338,8870.49,6569.59,NaN,NaN,NaN
6339,8708.04,6839.94,NaN,NaN,NaN
6340,8939.64,6406.23,0,0,0.0000
6341,9024.90,6387.12,NaN,NaN,NaN
6342,8851.10,6948.96,0,0,0.0000
6343,9092.43,6851.40,NaN,NaN,NaN
6344,8961.93,6350.45,0,0,0.0000
6345,8886.17,6955.20,0,0,0.0000
6346,8735.66,6617.90,NaN,NaN,NaN
6347,9118.71,7007.48,0,0,0.0000
6348,8777.61,6641.02,NaN,NaN,NaN
6349,9090.61,6631.07,NaN,NaN,NaN
6350,9037.58,6478.39,NaN,NaN,NaN
6351,8766.63,6395.00,0,0,0.0000
6352,8897.99,6453.66,NaN,NaN,NaN
6353,9061.40,6700.85,NaN,NaN,NaN
6354,9025.93,6966.66,0,0,0.0000
6355,8998.58,6435.10,NaN,NaN,NaN
6356,8746.56,6506.74,0,0,0.0000
6357,9094.31,6585.77,NaN,NaN,NaN
6358,8849.51,6746.03,2,4,2.0000
6359,8711.13,6661.17,0,0,0.0000
6360,8743.97,7036.86,0,0,0.0000
6361,9725.79,6972.68,NaN,NaN,NaN
6362,10035.18,6607.28,NaN,NaN,NaN
6363,9947.23,6475.04,NaN,NaN,NaN
6364,9660.94,6639.50,0,0,0.0000
6365,9912.32,6288.47,NaN,NaN,NaN
6366,9569.00,7034.83,NaN,NaN,NaN
6367,9774.88,6639.77,2,4,2.0000
6368,10065.14,6409.24,2,3,0.0000
6369,10014.87,6869.58,NaN,NaN,NaN
6370,9785.00,6764.42,NaN,NaN,NaN
6371,9677.81,6334.49,NaN,NaN,NaN
6372,9513.73,6732.59,0,0,0.0000
6373,9984.43,6349.56,0,0,0.0000
6374,9778.18,6328.63,NaN,NaN,NaN
6375,9866.72,6525.25,0,0,0.0000
6376,9647.52,6840.17,0,0,0.0000
6377,9807.31,6907.58,2,2,0.0000
6378,10041.60,6318.59,NaN,NaN,NaN
6379,9808.32,6272.46,0,0,0.0000
6380,9605.37,6601.66,NaN,NaN,NaN
6381,9826.74,6604.80,NaN,NaN,NaN
6382,9938.86,6931.54,NaN,NaN,NaN
6383,9980.05,6954.43,NaN,NaN,NaN
6384,9908.78,6674.56,0,0,0.0000
6385,9580.08,6535.05,NaN,NaN,NaN
6386,9860.86,6368.69,NaN,NaN,NaN
6387,9506.38,7014.17,NaN,NaN,NaN
6388,10039.29,6474.42,0,0,0.0000
6389,9968.93,6736.43,NaN,NaN,NaN
6390,9553.90,6819.93,NaN,NaN,NaN
6391,9974.89,6812.70,NaN,NaN,NaN
6392,9780.61,6441.05,2,3,0.0000
6393,9519.69,6587.57,3,5,0.0000
6394,10059.79,6285.72,0,0,0.0000
6395,9698.78,6552.35,2,4,2.0000
6396,9635.66,6735.44,0,0,0.0000
6397,9804.01,7009.88,0,0,0.0000
6398,9918.23,6786.37,NaN,NaN,NaN
6399,9639.06,6999.85,NaN,NaN,NaN
6400,9998.08,6699.97,NaN,NaN,NaN
6401,9800.30,6835.96,0,0,0.0000
6402,9645.60,6914.90,0,0,0.0000
6403,9461.67,6652.17,NaN,NaN,NaN
6404,10099.85,6880.82,NaN,NaN,NaN
6405,9918.13,6571.72,NaN,NaN,NaN
6406,9841.88,6431.21,0,0,0.0000
6407,10028.37,6953.12,0,0,0.0000
6408,9739.90,6399.55,NaN,NaN,NaN
6409,9968.05,6580.82,0,0,0.0000
6410,9894.41,6877.79,0,0,0.0000
6411,9880.18,6833.05,NaN,NaN,NaN
6412,9859.27,6900.14,0,0,0.0000
6413,9729.29,6837.26,0,0,0.0000
6414,9457.01,6727.45,0,0,0.0000
6415,9706.35,6718.15,NaN,NaN,NaN
6416,9623.22,6333.67,NaN,NaN,NaN
6417,9613.38,6790.75,0,0,0.0000
6418,9801.54,6537.32,0,0,0.0000
6419,9509.88,6642.87,0,0,0.0000
6420,9840.88,6781.18,0,0,0.0000
6421,9847.15,6953.83,2,7,3.5000
6422,9772.53,6865.25,NaN,NaN,NaN
6423,9725.55,6767.11,0,0,0.0000
6424,9876.50,6791.71,0,0,0.0000
6425,9726.15,6795.02,0,0,0.0000
6426,10130.19,6771.37,0,0,0.0000
6427,10671.73,6661.23,NaN,NaN,NaN
6428,10473.06,6755.36,2,6,3.0000
6429,10370.89,6674.16,0,0,0.0000
6430,10197.15,6417.12,NaN,NaN,NaN
6431,10732.49,6761.07,2,7,3.5000
6432,10806.75,6408.82,NaN,NaN,NaN
6433,10463.61,6631.52,NaN,NaN,NaN
6434,10153.22,6667.53,NaN,NaN,NaN
6435,10515.12,6551.42,2,2,0.0000
6436,10298.07,6416.07,2,1,0.0000
6437,10647.80,6523.99,NaN,NaN,NaN
6438,10455.39,6380.24,0,0,0.0000
6439,10348.83,6861.50,2,5,2.5000
6440,10247.05,6833.70,NaN,NaN,NaN
6441,10190.90,6319.96,0,0,0.0000
6442,10298.96,6725.28,3,5,0.0000
6443,10154.57,6529.67,NaN,NaN,NaN
6444,10752.32,6572.32,NaN,NaN,NaN
6445,10135.58,6956.40,NaN,NaN,NaN
6446,10710.53,6369.28,3,6,2.0000
6447,10844.72,6623.28,NaN,NaN,NaN
6448,10461.87,6461.67,NaN,NaN,NaN
6449,10620.21,6807.69,NaN,NaN,NaN
6450,10770.00,6295.95,NaN,NaN,NaN
6451,10370.10,7008.95,NaN,NaN,NaN
6452,10780.90,6838.82,NaN,NaN,NaN
6453,10469.28,7012.16,NaN,NaN,NaN
6454,10410.70,6920.95,NaN,NaN,NaN
6455,10154.99,6597.23,NaN,NaN,NaN
6456,10235.99,6630.40,2,2,0.0000
6457,10853.95,6946.99,0,0,0.0000
6458,10877.58,6367.70,0,0,0.0000
6459,10555.61,6783.74,NaN,NaN,NaN
6460,10776.49,6626.42,NaN,NaN,NaN
6461,10543.88,6976.76,3,8,2.6667
6462,10322.90,6963.80,2,2,0.0000
6463,10219.33,6935.45,NaN,NaN,NaN
6464,10273.57,6951.05,NaN,NaN,NaN
6465,10863.56,6275.73,0,0,0.0000
6466,10585.91,6638.13,NaN,NaN,NaN
6467,10871.44,6772.40,NaN,NaN,NaN
6468,10833.95,6899.27,0,0,0.0000
6469,10691.47,6951.95,0,0,0.0000
6470,10685.88,6858.16,4,7,0.0000
6471,10564.35,6688.13,0,0,0.0000
6472,10803.12,6704.69,NaN,NaN,NaN
6473,10600.95,7017.47,2,3,0.0000
6474,10227.10,6759.25,0,0,0.0000
6475,10257.71,6541.07,NaN,NaN,NaN
6476,10377.19,6500.57,0,0,0.0000
6477,10848.29,6534.82,NaN,NaN,NaN
6478,10835.26,6472.03,NaN,NaN,NaN
6479,10310.80,6303.89,NaN,NaN,NaN
6480,10373.00,6568.21,0,0,0.0000
6481,10818.63,6318.39,NaN,NaN,NaN
6482,10185.45,6479.25,0,0,0.0000
6483,10315.30,6595.44,0,0,0.0000
6484,10324.92,6545.46,0,0,0.0000
6485,10350.85,6765.61,0,0,0.0000
6486,10464.50,6937.06,0,0,0.0000
6487,10129.99,6893.94,2,5,2.5000
6488,10263.83,6505.43,NaN,NaN,NaN
6489,10605.40,6731.65,0,0,0.0000
6490,10738.03,6524.31,0,0,0.0000
6491,10799.05,6949.34,NaN,NaN,NaN
6492,10839.17,7016.33,0,0,0.0000
6493,10383.86,6413.86,NaN,NaN,NaN
6494,11136.22,6760.31,NaN,NaN,NaN
6495,10949.70,6954.37,NaN,NaN,NaN
6496,11331.41,6387.96,NaN,NaN,NaN
6497,11198.16,6581.18,NaN,NaN,NaN
6498,11035.44,6865.90,NaN,NaN,NaN
6499,11119.60,6911.57,NaN,NaN,NaN
6500,11064.57,6439.10,NaN,NaN,NaN
6501,11166.75,6333.50,NaN,NaN,NaN
6502,10914.80,6813.26,NaN,NaN,NaN
6503,11382.01,6630.10,NaN,NaN,NaN
6504,11320.02,6701.23,NaN,NaN,NaN
6505,10935.14,6348.12,NaN,NaN,NaN
6506,11073.07,6568.73,NaN,NaN,NaN
6507,11579.26,6838.09,NaN,NaN,NaN
6508,11247.21,6347.76,0,0,0.0000
6509,11567.18,6562.95,0,0,0.0000
6510,11223.15,6694.77,3,5,0.0000
6511,11421.18,6351.84,3,4,0.0000
6512,11086.55,6356.47,2,4,2.0000
6513,11492.87,6654.96,NaN,NaN,NaN
6514,11047.57,6703.45,0,0,0.0000
6515,11351.07,6974.40,NaN,NaN,NaN
6516,11382.54,6462.21,2,4,2.0000
6517,11318.44,6900.50,NaN,NaN,NaN
6518,11007.31,6357.03,NaN,NaN,NaN
6519,11631.80,6404.91,NaN,NaN,NaN
6520,11446.58,6805.73,2,3,0.0000
6521,11115.04,6656.17,NaN,NaN,NaN
6522,11044.33,6763.83,NaN,NaN,NaN
6523,11223.17,6919.30,2,2,0.0000
6524,11436.22,6717.76,0,0,0.0000
6525,11329.65,6831.08,0,0,0.0000
6526,11533.61,6428.18,NaN,NaN,NaN
6527,10970.73,6419.66,0,0,0.0000
6528,11201.48,6855.87,2,5,2.5000
6529,11562.37,6478.79,2,3,0.0000
6530,11431.21,6985.09,NaN,NaN,NaN
6531,10915.40,6599.73,2,1,0.0000
6532,11247.63,6805.64,NaN,NaN,NaN
6533,11084.65,6516.00,NaN,NaN,NaN
6534,11643.00,6786.14,2,7,3.5000
6535,11602.66,6905.27,NaN,NaN,NaN
6536,11372.51,6764.88,0,0,0.0000
6537,10982.97,6604.02,0,0,0.0000
6538,11025.45,7013.60,2,5,2.5000
6539,11305.33,6773.75,0,0,0.0000
6540,11060.53,6968.48,0,0,0.0000
6541,10969.95,6874.15,0,0,0.0000
6542,11477.55,6996.04,3,4,0.0000
6543,11153.79,6996.80,2,6,3.0000
6544,11509.24,6372.22,NaN,NaN,NaN
6545,11242.55,6635.48,NaN,NaN,NaN
6546,11573.95,6754.34,2,3,0.0000
6547,10974.19,6526.69,0,0,0.0000
6548,11400.90,6901.48,NaN,NaN,NaN
6549,11150.90,6486.51,NaN,NaN,NaN
6550,11249.03,6417.15,0,0,0.0000
6551,10980.29,6471.11,0,0,0.0000
6552,11548.54,6338.65,NaN,NaN,NaN
6553,11327.17,6600.08,2,7,3.5000
6554,10903.98,6533.97,0,0,0.0000
6555,10913.19,6278.14,NaN,NaN,NaN
6556,11511.76,6941.45,0,0,0.0000
6557,11318.95,7039.34,0,0,0.0000
6558,11551.26,6639.49,0,0,0.0000
6559,11307.36,6490.23,NaN,NaN,NaN
6560,11421.27,6858.75,0,0,0.0000
6561,11435.46,6419.24,0,0,0.0000
6562,11618.77,6498.87,0,0,0.0000
6563,11169.17,6530.83,0,0,0.0000
6564,11429.29,6566.93,2,2,0.0000
6565,10970.57,6670.21,2,3,0.0000
6566,11168.22,6405.08,NaN,NaN,NaN
6567,11488.33,6499.98,NaN,NaN,NaN
6568,10912.83,6473.53,0,0,0.0000
6569,11475.50,6575.05,0,0,0.0000
6570,11194.68,6431.73,NaN,NaN,NaN
6571,11194.87,6475.78,NaN,NaN,NaN
6572,11628.92,7014.90,3,5,0.0000
6573,11565.70,6614.58,0,0,0.0000
6574,11411.82,6495.23,NaN,NaN,NaN
6575,11459.24,6476.03,NaN,NaN,NaN
6576,11232.93,6464.85,NaN,NaN,NaN
6577,11253.20,7012.38,0,0,0.0000
6578,11436.41,6520.10,NaN,NaN,NaN
6579,11019.72,6307.42,2,5,2.5000
6580,11296.42,6310.41,0,0,0.0000
6581,11707.00,6531.17,0,0,0.0000
6582,11794.65,6587.84,0,0,0.0000
6583,11735.93,6452.79,NaN,NaN,NaN
6584,11700.57,6410.55,3,3,0.0000
6585,11745.73,6662.92,0,0,0.0000
6586,11697.38,6733.12,0,0,0.0000
6587,11776.13,6387.60,0,0,0.0000
6588,11652.01,6906.48,0,0,0.0000
6589,11734.89,6331.84,NaN,NaN,NaN
6590,11792.41,6328.64,0,0,0.0000
6591,11801.47,6473.57,0,0,0.0000
6592,11690.70,6851.63,NaN,NaN,NaN
6593,11707.99,6352.18,0,0,0.0000
6594,11780.84,6283.51,0,0,0.0000
6595,15486.47,6809.67,0,0,0.0000
6596,15485.89,6513.33,0,0,0.0000
6597,15971.03,6473.08,2,4,2.0000
6598,15948.97,6405.24,NaN,NaN,NaN
6599,15934.54,6307.59,0,0,0.0000
6600,16098.27,6836.58,0,0,0.0000
6601,16089.19,6724.06,3,7,2.3333
6602,16093.16,6649.84,3,2,0.0000
6603,16033.19,6509.46,4,6,0.0000
6604,16176.25,6524.06,0,0,0.0000
6605,16280.66,6596.04,2,5,2.5000
6606,16260.87,6367.66,NaN,NaN,NaN
6607,16197.54,6784.65,0,0,0.0000
6608,16120.12,6892.91,2,5,2.5000
6609,16166.26,6353.26,0,0,0.0000
6610,16207.39,6449.48,NaN,NaN,NaN
6611,16311.53,6780.87,NaN,NaN,NaN
6612,16258.83,6510.56,NaN,NaN,NaN
6613,16248.43,6721.90,NaN,NaN,NaN
6614,16128.46,6305.32,NaN,NaN,NaN
6615,16141.76,6587.18,2,3,0.0000
6616,16084.43,6365.23,0,0,0.0000
6617,16037.37,6798.50,NaN,NaN,NaN
6618,16256.58,6791.76,NaN,NaN,NaN
6619,15528.66,6666.88,0,0,0.0000
6620,16232.96,6301.03,NaN,NaN,NaN
6621,16221.94,6640.35,0,0,0.0000
6622,16303.49,6311.24,4,5,0.0000
6623,16113.80,6543.49,3,6,2.0000
6624,15527.79,6531.00,NaN,NaN,NaN
6625,16187.86,6953.31,NaN,NaN,NaN
6626,16010.89,6583.79,NaN,NaN,NaN
6627,16013.13,6314.96,NaN,NaN,NaN
6628,16312.22,6869.56,0,0,0.0000
6629,16275.26,6992.56,4,9,2.2500
6630,16106.75,6775.63,4,6,0.0000
6631,16286.46,6442.78,3,4,0.0000
6632,15572.68,6800.90,NaN,NaN,NaN
6633,16259.24,6839.15,3,7,2.3333
6634,15871.64,6387.42,4,6,0.0000
6635,15554.61,6625.42,0,0,0.0000
6636,16202.84,6606.53,0,0,0.0000
6637,16173.12,6711.71,0,0,0.0000
6638,15574.90,6713.35,0,0,0.0000
6639,16159.29,6936.65,0,0,0.0000
6640,16242.36,6568.81,4,2,0.0000
6641,533.89,7770.39,NaN,NaN,NaN
6642,871.33,7118.45,2,5,2.5000
6643,429.57,7639.87,0,0,0.0000
6644,498.83,7645.05,NaN,NaN,NaN
6645,776.78,7065.42,NaN,NaN,NaN
6646,290.07,7461.37,3,6,2.0000
6647,441.55,7752.76,NaN,NaN,NaN
6648,752.43,7193.92,3,1,0.0000
6649,380.09,7549.59,NaN,NaN,NaN
6650,380.22,7753.96,NaN,NaN,NaN
6651,643.71,7080.92,0,0,0.0000
6652,742.27,7140.58,0,0,0.0000
6653,348.62,7620.33,NaN,NaN,NaN
6654,319.64,7430.54,NaN,NaN,NaN
6655,323.34,7510.13,0,0,0.0000
6656,405.72,7789.75,NaN,NaN,NaN
6657,377.48,7616.50,NaN,NaN,NaN
6658,398.08,7488.34,NaN,NaN,NaN
6659,536.13,7702.41,2,2,0.0000
6660,384.70,7702.41,NaN,NaN,NaN
6661,981.71,7074.24,2,4,2.0000
6662,1659.50,7365.63,NaN,NaN,NaN
6663,1308.88,7736.30,NaN,NaN,NaN
6664,1605.75,7787.12,2,5,2.5000
6665,1642.20,7732.16,0,0,0.0000
6666,1453.62,7055.41,NaN,NaN,NaN
6667,933.12,7141.64,0,0,0.0000
6668,1777.67,7742.69,NaN,NaN,NaN
6669,2239.15,7251.80,NaN,NaN,NaN
6670,2345.93,7337.33,NaN,NaN,NaN
6671,2209.20,7372.74,2,3,0.0000
6672,1677.71,7804.75,2,4,2.0000
6673,2347.27,7466.31,NaN,NaN,NaN
6674,2393.24,7254.23,NaN,NaN,NaN
6675,1744.73,7617.52,2,3,0.0000
6676,2342.32,7154.10,NaN,NaN,NaN
6677,2426.77,7652.82,0,0,0.0000
6678,2302.92,7271.84,NaN,NaN,NaN
6679,2369.37,7586.96,0,0,0.0000
6680,2261.98,7499.89,NaN,NaN,NaN
6681,2306.96,7413.20,NaN,NaN,NaN
6682,2141.98,7338.62,2,4,2.0000
6683,2412.62,7530.63,0,0,0.0000
6684,2331.40,7210.90,NaN,NaN,NaN
6685,1891.14,7768.24,NaN,NaN,NaN
6686,1810.59,7580.10,NaN,NaN,NaN
6687,1809.38,7633.87,0,0,0.0000
6688,2249.09,7442.38,0,0,0.0000
6689,2330.26,7105.85,NaN,NaN,NaN
6690,1688.84,7416.06,NaN,NaN,NaN
6691,2412.55,7478.11,NaN,NaN,NaN
6692,1846.40,7806.10,2,5,2.5000
6693,3076.35,7484.40,NaN,NaN,NaN
6694,2461.17,7077.34,3,5,0.0000
6695,3055.67,7704.15,NaN,NaN,NaN
6696,2462.60,7561.20,NaN,NaN,NaN
6697,2480.08,7271.58,2,5,2.5000
6698,2938.83,7400.13,NaN,NaN,NaN
6699,3070.61,7589.81,NaN,NaN,NaN
6700,2599.77,7635.75,NaN,NaN,NaN
6701,2829.52,7357.98,NaN,NaN,NaN
6702,2570.43,7479.26,2,6,3.0000
6703,3003.71,7792.20,NaN,NaN,NaN
6704,2945.47,7540.15,2,2,0.0000
6705,3107.23,7644.89,NaN,NaN,NaN
6706,2521.11,7203.36,NaN,NaN,NaN
6707,2637.93,7310.81,NaN,NaN,NaN
6708,2777.28,7725.38,NaN,NaN,NaN
6709,2433.18,7377.66,0,0,0.0000
6710,2730.18,7448.72,NaN,NaN,NaN
6711,2914.10,7606.89,NaN,NaN,NaN
6712,2840.76,7531.73,NaN,NaN,NaN
6713,2606.91,7248.14,NaN,NaN,NaN
6714,2601.13,7180.61,NaN,NaN,NaN
6715,3112.94,7798.01,NaN,NaN,NaN
6716,2682.52,7519.67,0,0,0.0000
6717,2478.70,7463.56,NaN,NaN,NaN
6718,3052.06,7769.94,5,4,0.0000
6719,2789.41,7544.77,NaN,NaN,NaN
6720,2783.84,7383.13,0,0,0.0000
6721,2685.69,7595.61,2,4,2.0000
6722,2475.26,7640.45,0,0,0.0000
6723,2897.02,7712.97,3,5,0.0000
6724,3175.27,7558.24,2,1,0.0000
6725,3006.60,7413.66,0,0,0.0000
6726,2630.73,7420.42,2,1,0.0000
6727,2895.66,7327.83,NaN,NaN,NaN
6728,2555.12,7115.97,3,4,0.0000
6729,2531.67,7634.80,NaN,NaN,NaN
6730,2878.05,7463.70,0,0,0.0000
6731,2688.91,7219.06,3,4,0.0000
6732,2573.78,7048.34,0,0,0.0000
6733,2881.78,7657.05,2,5,2.5000
6734,2673.50,7156.21,0,0,0.0000
6735,2789.72,7455.68,0,0,0.0000
6736,2665.82,7377.17,4,2,0.0000
6737,2720.72,7660.88,0,0,0.0000
6738,2524.97,7551.45,NaN,NaN,NaN
6739,2863.16,7609.93,NaN,NaN,NaN
6740,3817.08,7631.33,2,5,2.5000
6741,3651.64,7492.69,NaN,NaN,NaN
6742,3755.11,7676.73,3,5,0.0000
6743,3885.22,7713.35,0,0,0.0000
6744,3737.41,7561.79,3,4,0.0000
6745,3860.78,7565.10,2,1,0.0000
6746,3951.12,7491.47,0,0,0.0000
6747,3704.33,7673.77,NaN,NaN,NaN
6748,3953.33,7571.90,NaN,NaN,NaN
6749,3929.17,7621.27,NaN,NaN,NaN
6750,3424.09,7061.00,NaN,NaN,NaN
6751,3452.06,7111.63,NaN,NaN,NaN
6752,3873.02,7474.80,0,0,0.0000
6753,3449.01,7171.50,NaN,NaN,NaN
6754,3570.90,7460.15,2,6,3.0000
6755,3978.24,7725.32,2,1,0.0000
6756,4033.80,7660.87,2,3,0.0000
6757,4023.95,7574.72,2,2,0.0000
6758,4014.41,7526.72,NaN,NaN,NaN
6759,4653.53,7122.61,NaN,NaN,NaN
6760,4685.74,7042.91,2,3,0.0000
6761,4658.86,7083.62,NaN,NaN,NaN
6762,4990.81,7571.94,NaN,NaN,NaN
6763,4844.22,7286.95,NaN,NaN,NaN
6764,5300.01,7799.62,2,3,0.0000
6765,5019.29,7050.93,NaN,NaN,NaN
6766,5092.74,7803.09,NaN,NaN,NaN
6767,5079.34,7440.84,NaN,NaN,NaN
6768,5198.15,7644.46,NaN,NaN,NaN
6769,4936.48,7678.74,NaN,NaN,NaN
6770,4982.45,7794.36,3,9,3.0000
6771,5372.29,7425.91,NaN,NaN,NaN
6772,5174.54,7118.40,NaN,NaN,NaN
6773,5026.41,7722.59,0,0,0.0000
6774,5219.76,7396.30,NaN,NaN,NaN
6775,5298.16,7574.21,2,6,3.0000
6776,4980.03,7433.46,NaN,NaN,NaN
6777,4936.82,7048.55,2,4,2.0000
6778,4993.37,7341.22,NaN,NaN,NaN
6779,4882.13,7611.71,NaN,NaN,NaN
6780,4741.75,7106.56,2,5,2.5000
6781,4870.98,7242.48,NaN,NaN,NaN
6782,5347.19,7476.81,4,5,0.0000
6783,5108.88,7530.74,4,8,2.0000
6784,5374.76,7722.52,0,0,0.0000
6785,5130.74,7650.66,NaN,NaN,NaN
6786,5122.55,7334.94,NaN,NaN,NaN
6787,4897.83,7430.18,NaN,NaN,NaN
6788,4965.10,7131.93,NaN,NaN,NaN
6789,5204.37,7053.70,2,2,0.0000
6790,4814.50,7353.42,NaN,NaN,NaN
6791,5201.06,7470.23,0,0,0.0000
6792,5361.12,7792.15,NaN,NaN,NaN
6793,5027.55,7166.89,3,6,2.0000
6794,5402.02,7692.78,0,0,0.0000
6795,4940.63,7289.29,0,0,0.0000
6796,5309.93,7699.32,0,0,0.0000
6797,4918.03,7185.60,NaN,NaN,NaN
6798,5218.08,7305.84,NaN,NaN,NaN
6799,5321.22,7518.97,NaN,NaN,NaN
6800,5054.42,7584.23,NaN,NaN,NaN
6801,5160.26,7232.88,0,0,0.0000
6802,5098.03,7202.24,NaN,NaN,NaN
6803,4844.46,7441.25,0,0,0.0000
6804,5166.51,7724.00,2,3,0.0000
6805,5121.16,7149.31,NaN,NaN,NaN
6806,4847.07,7142.55,NaN,NaN,NaN
6807,4857.58,7519.93,NaN,NaN,NaN
6808,5033.32,7373.50,0,0,0.0000
6809,5184.89,7518.69,0,0,0.0000
6810,5287.89,7338.96,NaN,NaN,NaN
6811,4909.58,7565.77,0,0,0.0000
6812,5271.08,7167.10,NaN,NaN,NaN
6813,5430.08,7649.54,NaN,NaN,NaN
6814,5213.84,7754.40,NaN,NaN,NaN
6815,5206.87,7222.94,NaN,NaN,NaN
6816,5249.93,7204.69,NaN,NaN,NaN
6817,4975.21,7242.93,0,0,0.0000
6818,4901.39,7523.91,0,0,0.0000
6819,5272.86,7109.87,0,0,0.0000
6820,5050.93,7229.99,0,0,0.0000
6821,5295.24,7171.11,0,0,0.0000
6822,5474.90,7679.80,2,2,0.0000
6823,5245.08,7261.73,NaN,NaN,NaN
6824,4857.74,7354.74,0,0,0.0000
6825,6636.84,7105.65,3,6,2.0000
6826,6586.15,7192.31,NaN,NaN,NaN
6827,6887.82,7686.22,NaN,NaN,NaN
6828,6891.07,7583.01,0,0,0.0000
6829,6855.44,7733.92,NaN,NaN,NaN
6830,6847.39,7620.70,0,0,0.0000
6831,6807.23,7686.01,NaN,NaN,NaN
6832,6929.36,7633.90,0,0,0.0000
6833,6547.89,7124.08,0,0,0.0000
6834,6560.34,7072.63,2,2,0.0000
6835,6881.22,7637.55,NaN,NaN,NaN
6836,6837.33,7410.96,0,0,0.0000
6837,6734.60,7780.72,NaN,NaN,NaN
6838,7032.15,7622.14,0,0,0.0000
6839,7038.14,7787.25,NaN,NaN,NaN
6840,6927.39,7758.42,0,0,0.0000
6841,6782.13,7619.05,0,0,0.0000
6842,6780.56,7790.93,NaN,NaN,NaN
6843,6816.99,7806.61,NaN,NaN,NaN
6844,6765.80,7701.35,2,3,0.0000
6845,7008.03,7710.21,NaN,NaN,NaN
6846,6949.59,7721.49,0,0,0.0000
6847,6754.60,7753.52,NaN,NaN,NaN
6848,7018.11,7349.34,0,0,0.0000
6849,6801.79,7760.79,NaN,NaN,NaN
6850,7113.47,7770.98,2,4,2.0000
6851,7393.35,7337.47,0,0,0.0000
6852,7286.91,7373.36,0,0,0.0000
6853,7073.89,7688.11,3,3,0.0000
6854,7446.71,7266.78,3,2,0.0000
6855,7477.26,7428.31,3,7,2.3333
6856,7549.94,7300.50,0,0,0.0000
6857,7187.25,7066.79,2,4,2.0000
6858,7426.59,7450.94,0,0,0.0000
6859,7552.57,7378.67,NaN,NaN,NaN
6860,7084.89,7264.24,0,0,0.0000
6861,7101.67,7150.79,NaN,NaN,NaN
6862,7455.38,7312.59,0,0,0.0000
6863,7087.93,7209.07,NaN,NaN,NaN
6864,7112.09,7290.07,0,0,0.0000
6865,7424.61,7505.54,NaN,NaN,NaN
6866,7042.95,7743.86,NaN,NaN,NaN
6867,7134.82,7187.86,2,3,0.0000
6868,7059.78,7185.58,NaN,NaN,NaN
6869,7172.98,7178.98,2,2,0.0000
6870,7126.01,7690.95,0,0,0.0000
6871,8209.05,7485.90,NaN,NaN,NaN
6872,8374.90,7404.67,3,7,2.3333
6873,8412.85,7761.83,NaN,NaN,NaN
6874,8274.95,7710.05,NaN,NaN,NaN
6875,8223.90,7359.31,NaN,NaN,NaN
6876,8363.31,7613.12,NaN,NaN,NaN
6877,8233.48,7639.62,NaN,NaN,NaN
6878,8082.10,7423.18,NaN,NaN,NaN
6879,8566.91,7212.21,0,0,0.0000
6880,8243.03,7238.75,NaN,NaN,NaN
6881,8443.78,7127.85,0,0,0.0000
6882,8343.19,7221.12,NaN,NaN,NaN
6883,8446.60,7401.48,NaN,NaN,NaN
6884,8304.15,7573.26,NaN,NaN,NaN
6885,8500.12,7071.51,NaN,NaN,NaN
6886,8285.68,7495.82,NaN,NaN,NaN
6887,8540.31,7480.69,NaN,NaN,NaN
6888,8428.20,7681.01,NaN,NaN,NaN
6889,8256.15,7159.22,NaN,NaN,NaN
6890,8556.64,7320.49,NaN,NaN,NaN
6891,8496.78,7537.67,0,0,0.0000
6892,8083.66,7536.71,0,0,0.0000
6893,8025.94,7378.21,0,0,0.0000
6894,8350.89,7065.15,NaN,NaN,NaN
6895,8320.39,7803.79,0,0,0.0000
6896,8320.37,7128.96,NaN,NaN,NaN
6897,8452.64,7315.96,NaN,NaN,NaN
6898,8188.32,7274.37,0,0,0.0000
6899,8018.24,7294.21,NaN,NaN,NaN
6900,8453.29,7181.35,0,0,0.0000
6901,8177.81,7185.65,0,0,0.0000
6902,8453.45,7255.82,NaN,NaN,NaN
6903,8412.33,7528.10,NaN,NaN,NaN
6904,8466.03,7598.52,NaN,NaN,NaN
6905,8021.07,7477.28,NaN,NaN,NaN
6906,8134.35,7336.55,2,2,0.0000
6907,8540.15,7405.91,NaN,NaN,NaN
6908,7939.19,7207.50,0,0,0.0000
6909,8144.04,7495.95,2,8,4.0000
6910,8070.53,7322.71,0,0,0.0000
6911,8301.69,7404.98,0,0,0.0000
6912,8364.78,7684.00,0,0,0.0000
6913,8547.59,7581.25,NaN,NaN,NaN
6914,8485.76,7642.52,NaN,NaN,NaN
6915,8523.70,7271.63,NaN,NaN,NaN
6916,8547.55,7155.83,0,0,0.0000
6917,7914.36,7352.42,NaN,NaN,NaN
6918,8016.57,7541.23,0,0,0.0000
6919,8413.19,7469.53,NaN,NaN,NaN
6920,8514.14,7357.46,2,8,4.0000
6921,8557.99,7106.09,NaN,NaN,NaN
6922,8015.61,7196.05,NaN,NaN,NaN
6923,8289.03,7305.90,2,8,4.0000
6924,9087.20,7454.80,NaN,NaN,NaN
6925,8655.16,7777.37,NaN,NaN,NaN
6926,9315.19,7626.14,2,2,0.0000
6927,8845.08,7656.88,NaN,NaN,NaN
6928,8580.06,7647.90,2,2,0.0000
6929,8681.90,7088.71,2,8,4.0000
6930,8751.56,7494.88,0,0,0.0000
6931,9078.86,7754.30,NaN,NaN,NaN
6932,8944.48,7152.19,3,7,2.3333
6933,8863.54,7402.50,NaN,NaN,NaN
6934,8858.68,7270.56,0,0,0.0000
6935,8816.87,7759.70,NaN,NaN,NaN
6936,9149.51,7705.39,0,0,0.0000
6937,8952.95,7620.61,NaN,NaN,NaN
6938,9163.08,7624.25,2,4,2.0000
6939,9152.61,7125.89,NaN,NaN,NaN
6940,9265.11,7048.99,4,8,2.0000
6941,9211.67,7509.85,2,2,0.0000
6942,9193.86,7042.64,NaN,NaN,NaN
6943,9097.34,7307.93,0,0,0.0000
6944,9013.24,7084.86,NaN,NaN,NaN
6945,8833.67,7558.08,NaN,NaN,NaN
6946,8971.31,7272.05,NaN,NaN,NaN
6947,8928.62,7519.49,NaN,NaN,NaN
6948,8650.58,7541.37,NaN,NaN,NaN
6949,9256.99,7185.62,0,0,0.0000
6950,9135.79,7555.51,4,9,2.2500
6951,8863.82,7487.29,0,0,0.0000
6952,8675.35,7317.55,NaN,NaN,NaN
6953,9021.76,7648.06,NaN,NaN,NaN
6954,8851.58,7103.82,NaN,NaN,NaN
6955,8656.95,7679.11,NaN,NaN,NaN
6956,8733.36,7640.41,NaN,NaN,NaN
6957,8615.83,7161.88,NaN,NaN,NaN
6958,9310.93,7348.05,5,8,0.0000
6959,9030.75,7295.38,NaN,NaN,NaN
6960,8927.63,7384.22,NaN,NaN,NaN
6961,8916.79,7304.16,2,2,0.0000
6962,9304.16,7108.56,NaN,NaN,NaN
6963,8961.78,7705.60,2,6,3.0000
6964,8852.78,7166.23,3,6,2.0000
6965,8711.09,7426.27,NaN,NaN,NaN
6966,9265.01,7249.23,NaN,NaN,NaN
6967,9273.95,7408.33,0,0,0.0000
6968,8737.54,7236.71,0,0,0.0000
6969,8676.38,7217.44,NaN,NaN,NaN
6970,8592.61,7416.44,NaN,NaN,NaN
6971,8697.98,7161.99,2,4,2.0000
6972,9237.82,7779.22,2,3,0.0000
6973,8838.55,7212.75,NaN,NaN,NaN
6974,9294.94,7732.43,NaN,NaN,NaN
6975,9201.87,7277.72,NaN,NaN,NaN
6976,8613.91,7331.62,NaN,NaN,NaN
6977,8768.69,7188.31,NaN,NaN,NaN
6978,9314.18,7801.61,NaN,NaN,NaN
6979,9221.07,7612.22,NaN,NaN,NaN
6980,8908.20,7778.97,NaN,NaN,NaN
6981,9089.91,7175.98,0,0,0.0000
6982,9025.05,7146.36,NaN,NaN,NaN
6983,9028.58,7360.12,NaN,NaN,NaN
6984,8756.69,7303.70,0,0,0.0000
6985,8968.79,7434.92,0,0,0.0000
6986,8636.77,7388.15,0,0,0.0000
6987,8618.97,7483.94,2,3,0.0000
6988,9295.90,7505.73,3,3,0.0000
6989,9211.32,7371.56,0,0,0.0000
6990,9256.46,7337.83,0,0,0.0000
6991,9065.71,7593.65,2,5,2.5000
6992,8799.19,7069.34,4,5,0.0000
6993,8745.15,7357.74,NaN,NaN,NaN
6994,9178.64,7317.37,0,0,0.0000
6995,9311.19,7559.23,NaN,NaN,NaN
6996,9027.47,7232.01,0,0,0.0000
6997,8968.37,7338.03,2,8,4.0000
6998,9264.55,7807.97,NaN,NaN,NaN
6999,9008.28,7733.19,NaN,NaN,NaN
7000,8955.18,7804.62,NaN,NaN,NaN
7001,9172.47,7185.89,0,0,0.0000
7002,9012.56,7585.70,NaN,NaN,NaN
7003,9052.16,7184.85,2,3,0.0000
7004,8798.79,7141.84,0,0,0.0000
7005,8607.85,7286.12,NaN,NaN,NaN
7006,8945.17,7234.50,NaN,NaN,NaN
7007,8800.16,7427.69,0,0,0.0000
7008,8603.71,7456.05,NaN,NaN,NaN
7009,8795.44,7246.41,NaN,NaN,NaN
7010,9730.45,7139.53,0,0,0.0000
7011,9384.39,7190.14,NaN,NaN,NaN
7012,9909.09,7041.37,2,1,0.0000
7013,9851.04,7063.18,NaN,NaN,NaN
7014,9530.39,7173.63,2,4,2.0000
7015,9375.17,7400.06,2,4,2.0000
7016,9377.38,7768.03,2,3,0.0000
7017,9478.35,7237.60,NaN,NaN,NaN
7018,9879.98,7146.92,NaN,NaN,NaN
7019,9354.34,7295.49,NaN,NaN,NaN
7020,9424.42,7701.62,NaN,NaN,NaN
7021,9451.12,7768.20,0,0,0.0000
7022,10014.00,7068.93,NaN,NaN,NaN
7023,9376.37,7112.02,NaN,NaN,NaN
7024,9486.37,7693.34,NaN,NaN,NaN
7025,9362.18,7494.13,NaN,NaN,NaN
7026,9642.69,7182.70,0,0,0.0000
7027,9827.63,7124.39,NaN,NaN,NaN
7028,9799.95,7218.48,NaN,NaN,NaN
7029,9664.72,7554.85,0,0,0.0000
7030,9604.41,7100.55,NaN,NaN,NaN
7031,10792.98,7065.63,NaN,NaN,NaN
7032,10388.76,7081.46,NaN,NaN,NaN
7033,10223.78,7057.15,NaN,NaN,NaN
7034,10320.03,7067.27,0,0,0.0000
7035,10523.73,7042.87,2,2,0.0000
7036,10122.93,7097.25,2,4,2.0000
7037,10256.00,7089.97,NaN,NaN,NaN
7038,10994.34,7209.54,0,0,0.0000
7039,10974.09,7079.30,NaN,NaN,NaN
7040,11190.74,7184.41,3,3,0.0000
7041,11057.33,7082.45,NaN,NaN,NaN
7042,10880.07,7106.37,6,11,0.0000
7043,11528.94,7043.17,0,0,0.0000
7044,11117.11,7085.23,NaN,NaN,NaN
7045,11311.81,7114.48,3,7,2.3333
7046,10959.11,7153.47,NaN,NaN,NaN
7047,11373.66,7087.53,0,0,0.0000
7048,11083.74,7150.20,NaN,NaN,NaN
7049,11437.65,7258.80,0,0,0.0000
7050,11082.44,7206.54,0,0,0.0000
7051,11396.12,7151.41,0,0,0.0000
7052,11585.54,7127.91,NaN,NaN,NaN
7053,10941.21,7291.89,3,2,0.0000
7054,11397.95,7040.44,0,0,0.0000
7055,11433.52,7061.65,0,0,0.0000
7056,15971.77,7794.33,0,0,0.0000
7057,16334.26,7121.67,2,5,2.5000
7058,16249.00,7782.92,NaN,NaN,NaN
7059,151.21,8193.36,NaN,NaN,NaN
7060,135.36,8483.79,2,2,0.0000
7061,483.13,8031.61,NaN,NaN,NaN
7062,435.63,8320.97,0,0,0.0000
7063,512.82,7872.07,NaN,NaN,NaN
7064,427.69,7853.32,5,3,0.0000
7065,572.27,7992.62,0,0,0.0000
7066,545.04,8199.00,2,3,0.0000
7067,344.89,7900.35,NaN,NaN,NaN
7068,326.80,8140.37,NaN,NaN,NaN
7069,436.63,8155.64,3,7,2.3333
7070,554.08,8513.91,NaN,NaN,NaN
7071,584.70,8334.16,NaN,NaN,NaN
7072,155.50,8355.71,NaN,NaN,NaN
7073,332.62,8018.36,NaN,NaN,NaN
7074,598.43,7881.85,NaN,NaN,NaN
7075,516.48,8291.36,NaN,NaN,NaN
7076,166.00,8274.45,4,5,0.0000
7077,428.07,8436.48,3,3,0.0000
7078,415.05,8098.13,3,3,0.0000
7079,412.55,8000.94,NaN,NaN,NaN
7080,268.31,8091.64,NaN,NaN,NaN
7081,875.79,8037.95,0,0,0.0000
7082,455.79,8494.42,NaN,NaN,NaN
7083,46.81,8215.58,NaN,NaN,NaN
7084,888.53,8088.17,NaN,NaN,NaN
7085,513.67,8477.63,4,1,0.0000
7086,154.80,8090.62,2,4,2.0000
7087,554.93,8388.67,0,0,0.0000
7088,509.37,8410.86,NaN,NaN,NaN
7089,456.59,8210.15,0,0,0.0000
7090,225.68,8044.19,NaN,NaN,NaN
7091,47.60,8318.57,NaN,NaN,NaN
7092,395.76,8515.56,NaN,NaN,NaN
7093,436.98,7926.96,4,6,0.0000
7094,274.09,7995.66,NaN,NaN,NaN
7095,625.64,7933.33,NaN,NaN,NaN
7096,619.61,8293.21,NaN,NaN,NaN
7097,378.90,8035.73,0,0,0.0000
7098,281.11,8032.52,NaN,NaN,NaN
7099,352.26,8079.25,0,0,0.0000
7100,1651.68,7960.24,NaN,NaN,NaN
7101,1530.19,8260.88,4,8,2.0000
7102,1617.60,8072.62,4,6,0.0000
7103,1632.66,8545.58,2,5,2.5000
7104,1599.50,8443.32,0,0,0.0000
7105,989.43,8187.71,NaN,NaN,NaN
7106,1568.90,8148.90,0,0,0.0000
7107,1529.77,8088.55,2,4,2.0000
7108,1517.42,8489.81,NaN,NaN,NaN
7109,983.82,8104.26,NaN,NaN,NaN
7110,1602.72,8316.99,NaN,NaN,NaN
7111,1642.92,8263.07,NaN,NaN,NaN
7112,1597.60,7855.62,NaN,NaN,NaN
7113,1534.34,8016.40,NaN,NaN,NaN
7114,1569.88,7938.88,NaN,NaN,NaN
7115,1510.24,8166.42,NaN,NaN,NaN
7116,929.30,8135.72,NaN,NaN,NaN
7117,1573.20,8359.39,2,2,0.0000
7118,1615.44,8178.72,2,1,0.0000
7119,1541.78,8403.76,0,0,0.0000
7120,1593.65,8213.55,2,4,2.0000
7121,1576.39,8009.86,NaN,NaN,NaN
7122,1536.70,8314.61,NaN,NaN,NaN
7123,1610.86,7995.87,NaN,NaN,NaN
7124,1574.73,7819.56,0,0,0.0000
7125,1573.71,8547.54,0,0,0.0000
7126,1476.53,8305.27,0,0,0.0000
7127,1499.00,8214.80,NaN,NaN,NaN
7128,1943.61,7897.17,NaN,NaN,NaN
7129,1898.17,8084.84,NaN,NaN,NaN
7130,1714.87,7985.23,NaN,NaN,NaN
7131,1851.56,8140.30,4,3,0.0000
7132,1673.38,8170.09,NaN,NaN,NaN
7133,1912.62,7981.11,NaN,NaN,NaN
7134,1722.16,8086.23,NaN,NaN,NaN
7135,1980.24,8310.89,NaN,NaN,NaN
7136,2128.50,8481.53,2,3,0.0000
7137,1835.56,7969.43,NaN,NaN,NaN
7138,1999.79,7989.24,0,0,0.0000
7139,1914.91,7815.98,2,3,0.0000
7140,1822.23,7891.00,NaN,NaN,NaN
7141,2255.35,8427.29,0,0,0.0000
7142,1956.19,8045.77,NaN,NaN,NaN
7143,1760.25,7942.44,3,4,0.0000
7144,2030.52,8339.53,NaN,NaN,NaN
7145,1802.70,8032.14,2,4,2.0000
7146,1874.35,7869.88,3,3,0.0000
7147,1968.49,8371.54,NaN,NaN,NaN
7148,1935.10,8333.86,0,0,0.0000
7149,1796.44,7842.61,0,0,0.0000
7150,1670.04,8531.88,NaN,NaN,NaN
7151,1673.07,7881.93,0,0,0.0000
7152,2203.30,8484.79,NaN,NaN,NaN
7153,1755.27,7872.45,0,0,0.0000
7154,2024.75,7941.73,NaN,NaN,NaN
7155,2057.58,8466.19,0,0,0.0000
7156,2015.52,8271.07,NaN,NaN,NaN
7157,1844.53,8017.47,0,0,0.0000
7158,3061.22,7994.14,0,0,0.0000
7159,3173.11,8242.21,NaN,NaN,NaN
7160,2565.94,8454.06,NaN,NaN,NaN
7161,2703.31,8533.31,2,5,2.5000
7162,2632.88,8508.96,0,0,0.0000
7163,3143.52,8365.27,NaN,NaN,NaN
7164,3127.56,8489.50,0,0,0.0000
7165,3097.94,7875.50,NaN,NaN,NaN
7166,3194.94,8037.56,NaN,NaN,NaN
7167,3111.91,8142.05,2,3,0.0000
7168,3138.37,8052.33,3,1,0.0000
7169,3139.85,7955.52,3,3,0.0000
7170,3151.06,8575.51,0,0,0.0000
7171,3168.62,8127.13,3,3,0.0000
7172,3063.11,7824.28,NaN,NaN,NaN
7173,3839.02,8019.05,NaN,NaN,NaN
7174,3945.43,7819.86,0,0,0.0000
7175,3320.67,8030.22,NaN,NaN,NaN
7176,3914.56,7931.95,3,7,2.3333
7177,3954.22,8453.18,NaN,NaN,NaN
7178,3892.25,8278.37,0,0,0.0000
7179,3239.34,8245.37,NaN,NaN,NaN
7180,3922.88,8005.78,0,0,0.0000
7181,3920.93,8077.61,NaN,NaN,NaN
7182,3231.43,8092.52,NaN,NaN,NaN
7183,3853.49,8546.37,0,0,0.0000
7184,3782.21,7933.71,3,2,0.0000
7185,3335.21,8307.89,0,0,0.0000
7186,3894.05,8348.98,0,0,0.0000
7187,3882.27,8163.12,NaN,NaN,NaN
7188,3836.92,7901.73,3,4,0.0000
7189,3295.12,8269.78,0,0,0.0000
7190,3899.53,7870.34,0,0,0.0000
7191,3221.30,8165.59,NaN,NaN,NaN
7192,3783.80,7858.85,NaN,NaN,NaN
7193,3872.94,8109.91,0,0,0.0000
7194,3708.32,8528.68,0,0,0.0000
7195,3678.01,8546.80,0,0,0.0000
7196,3904.00,8492.91,2,3,0.0000
7197,4016.82,8552.24,0,0,0.0000
7198,4258.89,8477.70,0,0,0.0000
7199,4020.64,8022.84,NaN,NaN,NaN
7200,4131.81,8541.55,0,0,0.0000
7201,4176.03,7944.02,2,3,0.0000
7202,4083.36,8317.21,0,0,0.0000
7203,4167.99,8307.96,2,3,0.0000
7204,4080.19,8005.63,0,0,0.0000
7205,4307.56,8290.09,NaN,NaN,NaN
7206,4247.61,8324.12,NaN,NaN,NaN
7207,4016.05,8441.89,NaN,NaN,NaN
7208,3989.02,8349.88,NaN,NaN,NaN
7209,4145.68,8390.01,NaN,NaN,NaN
7210,4207.44,8255.12,2,6,3.0000
7211,4076.00,8459.00,0,0,0.0000
7212,4082.27,7940.31,NaN,NaN,NaN
7213,4042.09,7825.65,0,0,0.0000
7214,4388.76,8555.71,2,4,2.0000
7215,4162.14,8466.47,0,0,0.0000
7216,4392.33,8467.45,NaN,NaN,NaN
7217,4221.24,8209.03,0,0,0.0000
7218,4037.67,8232.64,NaN,NaN,NaN
7219,4138.57,8204.45,0,0,0.0000
7220,4282.73,8236.87,2,4,2.0000
7221,4385.68,8415.13,NaN,NaN,NaN
7222,4123.35,7814.85,0,0,0.0000
7223,3983.81,7903.75,0,0,0.0000
7224,4104.81,8246.52,2,2,0.0000
7225,4345.26,8509.52,NaN,NaN,NaN
7226,4153.26,7852.18,0,0,0.0000
7227,4144.34,8026.39,NaN,NaN,NaN
7228,4210.61,7941.72,NaN,NaN,NaN
7229,4336.02,8413.33,3,3,0.0000
7230,4350.70,8356.41,NaN,NaN,NaN
7231,4070.21,8396.21,NaN,NaN,NaN
7232,4039.88,8373.10,2,4,2.0000
7233,5292.36,8240.20,NaN,NaN,NaN
7234,5476.21,8014.56,2,3,0.0000
7235,5066.67,7938.98,NaN,NaN,NaN
7236,5175.47,7849.27,NaN,NaN,NaN
7237,5215.76,8547.95,NaN,NaN,NaN
7238,5372.28,8065.26,NaN,NaN,NaN
7239,5054.47,8141.00,NaN,NaN,NaN
7240,5356.61,8165.63,NaN,NaN,NaN
7241,5470.42,7870.90,2,4,2.0000
7242,5293.23,7881.54,5,7,0.0000
7243,5148.33,8400.96,NaN,NaN,NaN
7244,5152.27,8062.36,2,6,3.0000
7245,5490.04,8149.93,NaN,NaN,NaN
7246,5093.03,8287.45,2,3,0.0000
7247,5150.50,8155.69,NaN,NaN,NaN
7248,5342.75,8499.32,3,6,2.0000
7249,5208.23,8232.23,0,0,0.0000
7250,5203.42,8337.60,0,0,0.0000
7251,5408.43,8282.37,0,0,0.0000
7252,5259.22,8019.32,2,5,2.5000
7253,5359.43,8287.71,0,0,0.0000
7254,5126.55,8470.54,0,0,0.0000
7255,5444.02,8557.67,NaN,NaN,NaN
7256,5223.13,8435.42,0,0,0.0000
7257,5479.61,8437.93,NaN,NaN,NaN
7258,5298.73,8566.52,0,0,0.0000
7259,5017.64,8005.64,NaN,NaN,NaN
7260,5275.64,8441.32,NaN,NaN,NaN
7261,5496.48,7824.80,NaN,NaN,NaN
7262,5152.14,8294.14,2,4,2.0000
7263,5010.48,8165.41,NaN,NaN,NaN
7264,5437.63,8457.01,NaN,NaN,NaN
7265,5335.27,8406.63,NaN,NaN,NaN
7266,5086.02,8401.90,NaN,NaN,NaN
7267,5424.50,8500.73,NaN,NaN,NaN
7268,5190.45,7994.47,0,0,0.0000
7269,5463.97,8280.58,0,0,0.0000
7270,5502.80,8267.84,NaN,NaN,NaN
7271,5129.05,8223.27,NaN,NaN,NaN
7272,5390.04,8404.46,0,0,0.0000
7273,4986.73,7892.44,NaN,NaN,NaN
7274,5246.11,8292.05,NaN,NaN,NaN
7275,5247.47,7864.19,0,0,0.0000
7276,5023.52,8241.31,3,6,2.0000
7277,5460.47,8337.77,0,0,0.0000
7278,5467.41,8202.13,0,0,0.0000
7279,5133.54,7965.53,0,0,0.0000
7280,5418.37,7876.81,0,0,0.0000
7281,5438.68,8374.35,0,0,0.0000
7282,5599.41,8466.04,NaN,NaN,NaN
7283,5606.95,8012.96,2,3,0.0000
7284,5581.17,8210.01,NaN,NaN,NaN
7285,5670.04,8439.22,NaN,NaN,NaN
7286,5840.15,8532.41,NaN,NaN,NaN
7287,5536.24,8272.02,NaN,NaN,NaN
7288,5600.36,8111.21,0,0,0.0000
7289,5519.10,8442.91,NaN,NaN,NaN
7290,5726.66,8352.30,NaN,NaN,NaN
7291,5623.97,8342.25,0,0,0.0000
7292,5601.16,8562.69,0,0,0.0000
7293,5567.51,8317.65,NaN,NaN,NaN
7294,5511.90,8365.35,0,0,0.0000
7295,5612.44,7946.94,0,0,0.0000
7296,5676.60,8335.05,0,0,0.0000
7297,6868.08,7847.35,2,6,3.0000
7298,6930.93,8356.64,NaN,NaN,NaN
7299,6933.25,8452.55,NaN,NaN,NaN
7300,6843.70,8222.27,NaN,NaN,NaN
7301,6912.79,7929.93,0,0,0.0000
7302,6982.99,7989.75,3,8,2.6667
7303,6827.02,8148.80,0,0,0.0000
7304,6893.16,8190.76,0,0,0.0000
7305,6846.34,8318.13,2,2,0.0000
7306,6779.94,8315.09,NaN,NaN,NaN
7307,7026.33,8392.10,NaN,NaN,NaN
7308,6945.19,8081.09,3,5,0.0000
7309,6947.36,7821.39,2,3,0.0000
7310,6999.71,7871.27,NaN,NaN,NaN
7311,6879.65,8473.83,2,4,2.0000
7312,6945.39,8212.90,0,0,0.0000
7313,7010.81,8121.82,NaN,NaN,NaN
7314,6795.58,8243.73,0,0,0.0000
7315,6693.98,7995.89,NaN,NaN,NaN
7316,6971.87,8301.51,NaN,NaN,NaN
7317,6762.48,8128.04,0,0,0.0000
7318,6792.59,7916.44,2,3,0.0000
7319,7033.76,7998.91,0,0,0.0000
7320,7012.92,7811.69,NaN,NaN,NaN
7321,6950.21,8524.72,2,4,2.0000
7322,6776.76,8057.46,NaN,NaN,NaN
7323,6912.99,8094.82,4,8,2.0000
7324,7036.44,8058.92,0,0,0.0000
7325,6692.24,8056.46,0,0,0.0000
7326,6786.01,7872.01,0,0,0.0000
7327,6925.57,8543.49,NaN,NaN,NaN
7328,6915.89,8258.51,2,2,0.0000
7329,6978.05,8260.36,0,0,0.0000
7330,6972.30,8161.91,NaN,NaN,NaN
7331,7031.89,8223.13,2,2,0.0000
7332,6972.68,7930.57,NaN,NaN,NaN
7333,6939.74,8139.67,0,0,0.0000
7334,7083.02,8505.05,0,0,0.0000
7335,7218.80,8440.20,NaN,NaN,NaN
7336,7211.75,8222.96,0,0,0.0000
7337,7119.71,8286.31,NaN,NaN,NaN
7338,7143.65,8332.01,NaN,NaN,NaN
7339,7049.16,8177.88,0,0,0.0000
7340,7054.20,8247.23,2,4,2.0000
7341,7130.12,8184.12,NaN,NaN,NaN
7342,7493.27,7917.93,2,3,0.0000
7343,7468.52,7814.39,0,0,0.0000
7344,7365.28,8086.98,NaN,NaN,NaN
7345,7068.38,8309.68,NaN,NaN,NaN
7346,7063.80,8017.01,0,0,0.0000
7347,7181.60,8387.29,NaN,NaN,NaN
7348,7132.42,8431.91,2,3,0.0000
7349,7216.05,8535.49,2,3,0.0000
7350,7056.35,8361.81,0,0,0.0000
7351,7112.74,8376.96,NaN,NaN,NaN
7352,7508.92,7852.77,NaN,NaN,NaN
7353,7261.44,8516.05,0,0,0.0000
7354,7055.21,8108.96,2,1,0.0000
7355,7229.94,8363.95,NaN,NaN,NaN
7356,7194.73,8331.91,NaN,NaN,NaN
7357,7060.07,8573.53,2,1,0.0000
7358,7536.91,7842.66,NaN,NaN,NaN
7359,8505.41,7944.50,0,0,0.0000
7360,8337.34,8348.20,2,4,2.0000
7361,8569.66,8145.93,NaN,NaN,NaN
7362,8494.97,8346.82,3,6,2.0000
7363,8373.84,8465.76,NaN,NaN,NaN
7364,8420.32,8294.98,2,5,2.5000
7365,8477.60,8035.07,0,0,0.0000
7366,8373.31,7876.71,NaN,NaN,NaN
7367,8453.74,7855.01,2,4,2.0000
7368,8517.41,8218.28,2,3,0.0000
7369,8341.24,8017.01,NaN,NaN,NaN
7370,8476.99,8124.76,NaN,NaN,NaN
7371,8564.29,8324.95,NaN,NaN,NaN
7372,8388.01,8546.02,0,0,0.0000
7373,8302.99,8057.16,NaN,NaN,NaN
7374,8497.11,8421.84,NaN,NaN,NaN
7375,8277.37,7838.97,0,0,0.0000
7376,8556.76,8058.62,NaN,NaN,NaN
7377,8275.11,7898.33,NaN,NaN,NaN
7378,8421.07,7966.84,NaN,NaN,NaN
7379,8398.75,8131.65,0,0,0.0000
7380,8292.21,7954.05,NaN,NaN,NaN
7381,8522.82,7812.55,NaN,NaN,NaN
7382,8560.17,8422.10,NaN,NaN,NaN
7383,8432.46,8077.82,NaN,NaN,NaN
7384,8355.74,8097.82,NaN,NaN,NaN
7385,8458.83,8184.64,NaN,NaN,NaN
7386,8235.09,7883.85,NaN,NaN,NaN
7387,8763.07,8406.98,NaN,NaN,NaN
7388,9232.32,8506.31,NaN,NaN,NaN
7389,8898.47,8519.76,NaN,NaN,NaN
7390,9263.65,8000.73,3,3,0.0000
7391,8861.51,7943.13,2,5,2.5000
7392,8619.07,8257.20,2,5,2.5000
7393,9029.19,8386.54,NaN,NaN,NaN
7394,8934.55,8012.14,2,3,0.0000
7395,8926.73,8258.03,2,5,2.5000
7396,9174.23,8077.69,NaN,NaN,NaN
7397,8693.64,8520.19,NaN,NaN,NaN
7398,9129.93,8169.13,NaN,NaN,NaN
7399,8639.29,7894.75,NaN,NaN,NaN
7400,9006.77,8498.73,NaN,NaN,NaN
7401,9246.94,8158.11,NaN,NaN,NaN
7402,8858.36,8230.33,2,3,0.0000
7403,8827.73,8054.47,NaN,NaN,NaN
7404,9129.29,8511.11,2,3,0.0000
7405,9228.72,8352.60,NaN,NaN,NaN
7406,8787.64,8545.27,3,5,0.0000
7407,8916.74,8110.00,0,0,0.0000
7408,9291.11,8433.91,2,4,2.0000
7409,9257.33,8264.87,NaN,NaN,NaN
7410,8757.38,7837.45,NaN,NaN,NaN
7411,8628.00,8431.88,2,5,2.5000
7412,8785.66,8291.20,NaN,NaN,NaN
7413,8771.35,8077.28,2,4,2.0000
7414,9048.07,8252.41,3,9,3.0000
7415,8674.03,8369.81,NaN,NaN,NaN
7416,8882.63,8381.87,NaN,NaN,NaN
7417,9138.85,8242.98,2,7,3.5000
7418,9042.79,7831.02,0,0,0.0000
7419,8979.58,7849.84,2,5,2.5000
7420,8650.26,8059.22,2,3,0.0000
7421,8715.10,8146.87,NaN,NaN,NaN
7422,8719.22,8249.17,NaN,NaN,NaN
7423,9164.96,7988.55,NaN,NaN,NaN
7424,8717.50,7983.00,0,0,0.0000
7425,9087.35,7936.43,0,0,0.0000
7426,8997.70,8283.41,NaN,NaN,NaN
7427,9298.74,8114.25,0,0,0.0000
7428,8811.03,8205.94,NaN,NaN,NaN
7429,8993.41,8206.55,NaN,NaN,NaN
7430,9334.57,7963.24,NaN,NaN,NaN
7431,9288.78,7869.16,3,4,0.0000
7432,9069.89,8074.63,0,0,0.0000
7433,8967.68,8167.39,NaN,NaN,NaN
7434,8626.48,7996.10,NaN,NaN,NaN
7435,9045.96,8130.79,NaN,NaN,NaN
7436,8610.40,8352.49,4,5,0.0000
7437,9078.19,8458.41,0,0,0.0000
7438,9320.49,8358.25,0,0,0.0000
7439,9125.96,7893.45,0,0,0.0000
7440,9027.88,8061.71,0,0,0.0000
7441,8685.20,8302.51,0,0,0.0000
7442,8637.71,7956.73,NaN,NaN,NaN
7443,9108.91,8023.84,NaN,NaN,NaN
7444,8904.59,8328.42,3,3,0.0000
7445,9039.86,8175.19,NaN,NaN,NaN
7446,9305.07,7918.21,0,0,0.0000
7447,8830.41,8509.76,0,0,0.0000
7448,9153.46,7921.60,NaN,NaN,NaN
7449,8968.73,8367.87,0,0,0.0000
7450,9035.85,8018.48,0,0,0.0000
7451,9441.54,8490.33,2,9,4.5000
7452,9377.80,7885.89,NaN,NaN,NaN
7453,9654.62,8508.69,0,0,0.0000
7454,9657.27,8425.60,0,0,0.0000
7455,9389.96,7978.37,NaN,NaN,NaN
7456,9447.03,7944.55,0,0,0.0000
7457,9596.90,8504.90,0,0,0.0000
7458,9409.79,8405.62,0,0,0.0000
7459,9434.59,8334.51,3,5,0.0000
7460,9428.34,7843.94,0,0,0.0000
7461,9369.21,8095.74,3,6,2.0000
7462,9351.62,7843.68,NaN,NaN,NaN
7463,9344.93,8012.32,NaN,NaN,NaN
7464,9718.77,8452.74,0,0,0.0000
7465,9355.99,8372.04,0,0,0.0000
7466,9472.43,7888.54,0,0,0.0000
7467,9369.81,8352.11,0,0,0.0000
7468,12517.76,8011.85,0,0,0.0000
7469,12571.39,7994.62,0,0,0.0000
7470,16151.80,7972.85,NaN,NaN,NaN
7471,16133.10,8077.94,NaN,NaN,NaN
7472,15884.52,8219.92,NaN,NaN,NaN
7473,16294.34,8099.77,NaN,NaN,NaN
7474,16126.02,8207.27,0,0,0.0000
7475,16168.61,7828.03,NaN,NaN,NaN
7476,16273.83,8440.50,NaN,NaN,NaN
7477,16026.29,7853.04,0,0,0.0000
7478,16298.99,8355.02,NaN,NaN,NaN
7479,16043.12,8143.47,0,0,0.0000
7480,15919.44,7860.93,0,0,0.0000
7481,16251.65,8156.82,NaN,NaN,NaN
7482,16017.01,8309.60,NaN,NaN,NaN
7483,15924.90,8478.62,NaN,NaN,NaN
7484,16082.48,7901.50,NaN,NaN,NaN
7485,16104.64,8316.46,2,5,2.5000
7486,16145.27,8479.77,NaN,NaN,NaN
7487,15770.84,8220.08,NaN,NaN,NaN
7488,15653.54,8266.10,NaN,NaN,NaN
7489,15969.62,8537.40,NaN,NaN,NaN
7490,15934.13,8379.02,3,6,2.0000
7491,16083.56,8387.75,0,0,0.0000
7492,15871.93,8339.86,NaN,NaN,NaN
7493,15804.46,8168.04,NaN,NaN,NaN
7494,16056.31,8476.69,NaN,NaN,NaN
7495,15698.72,8354.62,0,0,0.0000
7496,16206.13,8210.19,3,4,0.0000
7497,16058.26,8252.36,0,0,0.0000
7498,16249.54,7904.71,NaN,NaN,NaN
7499,15786.85,7892.79,NaN,NaN,NaN
7500,15719.18,8279.96,NaN,NaN,NaN
7501,16283.43,8278.38,NaN,NaN,NaN
7502,15641.08,8375.95,0,0,0.0000
7503,16002.73,8431.05,2,2,0.0000
7504,15703.00,8210.16,0,0,0.0000
7505,15719.68,8119.01,NaN,NaN,NaN
7506,16274.21,7822.36,0,0,0.0000
7507,16202.47,8393.21,2,2,0.0000
7508,15625.40,8320.17,NaN,NaN,NaN
7509,15892.31,8553.44,0,0,0.0000
7510,15569.72,8188.32,0,0,0.0000
7511,16077.43,8424.58,0,0,0.0000
7512,16220.03,8273.31,NaN,NaN,NaN
7513,16194.23,8437.13,NaN,NaN,NaN
7514,16011.49,8380.70,0,0,0.0000
7515,15793.32,8258.16,2,8,4.0000
7516,16370.88,8199.29,0,0,0.0000
7517,16327.31,8542.75,3,3,0.0000
7518,826.53,9045.36,0,0,0.0000
7519,298.63,9018.22,NaN,NaN,NaN
7520,844.30,9274.85,NaN,NaN,NaN
7521,750.63,9114.10,3,2,0.0000
7522,876.48,9148.24,NaN,NaN,NaN
7523,839.96,8814.07,NaN,NaN,NaN
7524,238.45,8919.40,NaN,NaN,NaN
7525,122.26,8870.87,NaN,NaN,NaN
7526,187.89,8855.07,0,0,0.0000
7527,141.76,8795.32,NaN,NaN,NaN
7528,886.87,8760.47,0,0,0.0000
7529,237.06,8784.34,NaN,NaN,NaN
7530,204.82,8980.69,0,0,0.0000
7531,177.02,8749.69,3,3,0.0000
7532,726.54,9190.41,2,2,0.0000
7533,119.45,8601.93,3,6,2.0000
7534,750.98,9019.73,0,0,0.0000
7535,883.07,8982.92,5,5,0.0000
7536,819.81,9180.04,NaN,NaN,NaN
7537,780.05,9266.47,0,0,0.0000
7538,809.26,8915.84,0,0,0.0000
7539,764.10,9223.35,0,0,0.0000
7540,286.26,8832.91,2,2,0.0000
7541,130.62,8711.10,0,0,0.0000
7542,111.56,8676.07,0,0,0.0000
7543,789.23,8966.92,NaN,NaN,NaN
7544,255.31,8863.75,NaN,NaN,NaN
7545,963.38,8834.45,NaN,NaN,NaN
7546,1501.70,9317.58,2,3,0.0000
7547,1132.48,8943.63,NaN,NaN,NaN
7548,1278.43,8953.69,2,1,0.0000
7549,1156.58,9083.02,2,2,0.0000
7550,1184.36,8848.10,NaN,NaN,NaN
7551,1510.37,8822.23,NaN,NaN,NaN
7552,1493.87,8710.19,NaN,NaN,NaN
7553,924.52,8692.21,0,0,0.0000
7554,994.47,9020.46,0,0,0.0000
7555,1261.37,9268.28,NaN,NaN,NaN
7556,946.96,8955.37,2,5,2.5000
7557,1209.19,9343.02,NaN,NaN,NaN
7558,1631.39,9253.57,2,4,2.0000
7559,1624.01,8630.31,2,4,2.0000
7560,1155.49,9264.34,4,3,0.0000
7561,945.98,9289.20,NaN,NaN,NaN
7562,1081.24,8694.68,2,1,0.0000
7563,979.82,9145.93,4,5,0.0000
7564,1477.98,9194.95,NaN,NaN,NaN
7565,1288.78,9140.21,0,0,0.0000
7566,941.42,9080.22,0,0,0.0000
7567,1343.20,9050.08,0,0,0.0000
7568,1471.73,8925.54,0,0,0.0000
7569,1480.89,9036.49,3,4,0.0000
7570,1271.34,9210.97,4,5,0.0000
7571,1045.81,9309.63,0,0,0.0000
7572,1103.95,9048.27,NaN,NaN,NaN
7573,1607.04,8736.00,0,0,0.0000
7574,1048.89,9151.49,NaN,NaN,NaN
7575,1043.07,8771.12,0,0,0.0000
7576,1001.80,8717.36,4,5,0.0000
7577,1401.54,9069.41,NaN,NaN,NaN
7578,1095.99,8820.60,NaN,NaN,NaN
7579,1426.39,9231.99,0,0,0.0000
7580,1263.40,9083.20,NaN,NaN,NaN
7581,1396.74,8980.74,2,5,2.5000
7582,1565.05,8658.66,NaN,NaN,NaN
7583,1436.60,8816.60,NaN,NaN,NaN
7584,1010.22,8648.87,NaN,NaN,NaN
7585,1363.87,9276.66,0,0,0.0000
7586,1046.28,9243.47,0,0,0.0000
7587,1570.25,8789.43,2,4,2.0000
7588,1441.63,8876.13,0,0,0.0000
7589,904.73,9202.86,0,0,0.0000
7590,1214.53,9073.34,NaN,NaN,NaN
7591,975.39,9234.88,0,0,0.0000
7592,1582.03,9194.03,2,3,0.0000
7593,1058.83,9019.90,NaN,NaN,NaN
7594,1070.80,9100.54,2,2,0.0000
7595,1272.54,8821.42,0,0,0.0000
7596,1393.20,9174.72,NaN,NaN,NaN
7597,1181.27,9181.14,0,0,0.0000
7598,1146.72,8774.04,0,0,0.0000
7599,1386.95,8898.33,NaN,NaN,NaN
7600,1455.72,8609.71,NaN,NaN,NaN
7601,1035.08,8953.04,3,3,0.0000
7602,1334.39,9196.41,2,3,0.0000
7603,1441.12,9049.05,5,5,0.0000
7604,1524.61,9153.46,NaN,NaN,NaN
7605,1219.16,9166.70,0,0,0.0000
7606,946.43,8757.53,NaN,NaN,NaN
7607,1357.19,9137.93,2,2,0.0000
7608,1390.77,8809.61,0,0,0.0000
7609,1120.91,9214.44,0,0,0.0000
7610,1032.66,8895.31,NaN,NaN,NaN
7611,1585.89,8850.68,0,0,0.0000
7612,1283.52,9322.79,0,0,0.0000
7613,1340.19,9324.56,0,0,0.0000
7614,1461.06,9117.16,2,4,2.0000
7615,1058.36,8883.10,NaN,NaN,NaN
7616,1618.27,8820.54,NaN,NaN,NaN
7617,1500.24,9119.83,0,0,0.0000
7618,1291.59,9033.19,NaN,NaN,NaN
7619,2148.89,9262.45,0,0,0.0000
7620,2380.99,8583.81,NaN,NaN,NaN
7621,2119.29,9315.44,0,0,0.0000
7622,2247.82,9151.69,2,2,0.0000
7623,2087.91,9223.08,NaN,NaN,NaN
7624,2052.22,9255.50,2,7,3.5000
7625,1680.78,8599.60,NaN,NaN,NaN
7626,2854.18,9090.75,NaN,NaN,NaN
7627,2437.30,9039.06,NaN,NaN,NaN
7628,2694.37,8607.30,NaN,NaN,NaN
7629,2789.22,9033.72,NaN,NaN,NaN
7630,2769.82,8929.64,NaN,NaN,NaN
7631,2765.31,9157.48,NaN,NaN,NaN
7632,2813.89,8900.77,0,0,0.0000
7633,2712.42,8958.08,NaN,NaN,NaN
7634,2496.85,9252.06,2,2,0.0000
7635,2616.18,8595.21,0,0,0.0000
7636,3166.39,8639.90,NaN,NaN,NaN
7637,2455.93,8607.26,NaN,NaN,NaN
7638,2712.83,9083.15,2,4,2.0000
7639,2764.16,8592.52,NaN,NaN,NaN
7640,2488.70,9112.12,NaN,NaN,NaN
7641,2433.53,8970.10,NaN,NaN,NaN
7642,3185.56,8758.61,NaN,NaN,NaN
7643,2528.43,9213.49,NaN,NaN,NaN
7644,3183.76,8702.58,2,2,0.0000
7645,3721.59,8832.54,NaN,NaN,NaN
7646,3932.42,9025.80,2,4,2.0000
7647,3629.88,8732.62,0,0,0.0000
7648,3884.30,8631.39,NaN,NaN,NaN
7649,3850.69,9194.97,3,5,0.0000
7650,3945.73,9158.62,NaN,NaN,NaN
7651,3692.57,8626.86,3,1,0.0000
7652,3714.91,8724.79,3,6,2.0000
7653,3731.54,8985.76,0,0,0.0000
7654,3777.43,8916.24,NaN,NaN,NaN
7655,3879.21,9071.23,NaN,NaN,NaN
7656,3943.81,9276.14,NaN,NaN,NaN
7657,3915.86,8852.24,0,0,0.0000
7658,3964.27,8936.16,NaN,NaN,NaN
7659,3783.62,9117.60,0,0,0.0000
7660,3793.70,8689.27,NaN,NaN,NaN
7661,3825.59,8789.57,NaN,NaN,NaN
7662,3798.25,8627.08,NaN,NaN,NaN
7663,3864.62,8860.93,0,0,0.0000
7664,3832.62,9262.89,NaN,NaN,NaN
7665,3856.21,9126.97,NaN,NaN,NaN
7666,3802.22,9011.42,0,0,0.0000
7667,3674.61,8910.75,0,0,0.0000
7668,3887.95,8925.80,0,0,0.0000
7669,3848.30,8987.30,0,0,0.0000
7670,3834.06,8915.68,0,0,0.0000
7671,3775.63,9050.25,0,0,0.0000
7672,3767.93,8757.53,NaN,NaN,NaN
7673,3948.80,8833.07,NaN,NaN,NaN
7674,3580.82,8662.54,NaN,NaN,NaN
7675,4292.08,9282.65,NaN,NaN,NaN
7676,4124.32,8837.03,0,0,0.0000
7677,4063.33,8651.24,NaN,NaN,NaN
7678,4000.52,8770.68,NaN,NaN,NaN
7679,4362.64,9150.82,NaN,NaN,NaN
7680,4335.52,8945.96,NaN,NaN,NaN
7681,4097.41,9078.98,NaN,NaN,NaN
7682,4034.51,8982.10,NaN,NaN,NaN
7683,4174.84,8971.11,NaN,NaN,NaN
7684,4480.12,9182.81,0,0,0.0000
7685,4334.35,8665.02,2,3,0.0000
7686,4535.14,9328.60,4,4,0.0000
7687,4445.74,8616.92,2,6,3.0000
7688,4490.29,8815.98,NaN,NaN,NaN
7689,4036.75,9281.30,NaN,NaN,NaN
7690,4008.32,8880.37,0,0,0.0000
7691,4261.86,8598.23,NaN,NaN,NaN
7692,4286.92,9097.07,4,5,0.0000
7693,4161.58,9333.10,NaN,NaN,NaN
7694,4542.23,8909.52,0,0,0.0000
7695,4299.01,8729.31,NaN,NaN,NaN
7696,4396.86,9225.34,NaN,NaN,NaN
7697,4001.97,9206.50,NaN,NaN,NaN
7698,4123.56,8707.10,2,9,4.5000
7699,4409.05,9047.16,0,0,0.0000
7700,4087.43,9174.18,NaN,NaN,NaN
7701,4576.50,8971.32,0,0,0.0000
7702,4476.33,9255.91,0,0,0.0000
7703,4155.20,9051.41,NaN,NaN,NaN
7704,4231.71,9056.34,0,0,0.0000
7705,3971.78,8641.16,0,0,0.0000
7706,4562.12,9248.61,0,0,0.0000
7707,4463.43,8899.05,2,5,2.5000
7708,4389.72,8625.64,NaN,NaN,NaN
7709,4199.63,9135.86,0,0,0.0000
7710,4321.97,8576.13,0,0,0.0000
7711,4447.28,8975.91,NaN,NaN,NaN
7712,4569.74,9052.52,NaN,NaN,NaN
7713,4527.77,9138.65,0,0,0.0000
7714,4418.48,8841.47,NaN,NaN,NaN
7715,4309.88,8833.90,0,0,0.0000
7716,4141.88,9229.69,NaN,NaN,NaN
7717,4247.14,8834.82,NaN,NaN,NaN
7718,4005.75,9110.43,NaN,NaN,NaN
7719,4383.19,8801.19,NaN,NaN,NaN
7720,4507.46,8997.32,NaN,NaN,NaN
7721,4223.47,8674.38,0,0,0.0000
7722,4164.04,8622.66,NaN,NaN,NaN
7723,4098.13,8953.45,NaN,NaN,NaN
7724,4348.06,8745.92,NaN,NaN,NaN
7725,4232.88,8739.75,NaN,NaN,NaN
7726,4409.13,9294.02,0,0,0.0000
7727,4067.08,9124.53,NaN,NaN,NaN
7728,4461.46,9057.55,NaN,NaN,NaN
7729,4653.14,9303.59,0,0,0.0000
7730,4373.25,8883.32,NaN,NaN,NaN
7731,4435.82,8766.81,0,0,0.0000
7732,4587.44,9156.66,NaN,NaN,NaN
7733,4541.64,9094.96,0,0,0.0000
7734,4406.50,8942.22,0,0,0.0000
7735,4529.28,9046.96,NaN,NaN,NaN
7736,4310.50,9047.48,0,0,0.0000
7737,4161.69,8667.29,NaN,NaN,NaN
7738,4209.11,8783.00,NaN,NaN,NaN
7739,4171.82,8766.42,NaN,NaN,NaN
7740,4453.30,9122.12,0,0,0.0000
7741,5263.91,9284.17,0,0,0.0000
7742,5463.52,9115.44,2,5,2.5000
7743,5294.56,8853.11,NaN,NaN,NaN
7744,5459.99,9292.95,0,0,0.0000
7745,5110.20,9207.53,NaN,NaN,NaN
7746,5201.82,9149.92,0,0,0.0000
7747,5383.28,9300.40,3,7,2.3333
7748,4794.55,9318.85,NaN,NaN,NaN
7749,4872.67,9248.67,2,4,2.0000
7750,5013.78,9271.28,2,2,0.0000
7751,5165.21,9301.51,0,0,0.0000
7752,5177.90,9009.03,0,0,0.0000
7753,5089.37,9339.94,NaN,NaN,NaN
7754,5258.51,9077.93,NaN,NaN,NaN
7755,5309.33,8968.05,0,0,0.0000
7756,5386.62,8800.46,2,7,3.5000
7757,5463.11,8910.16,NaN,NaN,NaN
7758,5291.98,8745.39,NaN,NaN,NaN
7759,5355.01,8719.59,4,6,0.0000
7760,5489.66,8980.81,NaN,NaN,NaN
7761,5323.89,8647.82,0,0,0.0000
7762,5230.84,8940.15,0,0,0.0000
7763,5144.29,8916.66,2,10,5.0000
7764,5410.93,8644.39,0,0,0.0000
7765,5463.58,8658.28,2,4,2.0000
7766,5422.14,8893.08,0,0,0.0000
7767,5492.63,8772.67,NaN,NaN,NaN
7768,5202.72,8655.80,0,0,0.0000
7769,5413.15,8723.02,NaN,NaN,NaN
7770,5371.88,9021.99,0,0,0.0000
7771,5377.08,8885.89,3,5,0.0000
7772,5350.68,9227.13,0,0,0.0000
7773,5369.04,8582.11,0,0,0.0000
7774,5262.73,8671.84,NaN,NaN,NaN
7775,5146.51,8768.67,NaN,NaN,NaN
7776,5162.34,8689.56,NaN,NaN,NaN
7777,5160.15,8858.27,NaN,NaN,NaN
7778,4944.75,9336.39,NaN,NaN,NaN
7779,5122.15,9116.34,0,0,0.0000
7780,5240.22,8792.02,NaN,NaN,NaN
7781,5405.62,9053.56,NaN,NaN,NaN
7782,5234.87,8721.10,NaN,NaN,NaN
7783,5067.08,9109.29,0,0,0.0000
7784,5445.31,9240.02,2,3,0.0000
7785,5351.56,9128.13,0,0,0.0000
7786,5133.44,9051.91,0,0,0.0000
7787,5289.91,9152.86,0,0,0.0000
7788,5364.34,8957.78,NaN,NaN,NaN
7789,5281.05,8618.91,0,0,0.0000
7790,5262.30,8932.43,NaN,NaN,NaN
7791,5271.74,9009.54,0,0,0.0000
7792,5416.66,9005.34,0,0,0.0000
7793,5678.98,8698.04,NaN,NaN,NaN
7794,5728.28,8576.03,NaN,NaN,NaN
7795,5519.64,8695.42,NaN,NaN,NaN
7796,5558.37,8583.53,2,4,2.0000
7797,5813.12,9100.95,NaN,NaN,NaN
7798,5822.28,9176.95,NaN,NaN,NaN
7799,5709.78,8960.77,NaN,NaN,NaN
7800,5620.06,8803.15,NaN,NaN,NaN
7801,5853.77,9052.70,NaN,NaN,NaN
7802,5865.14,8961.78,0,0,0.0000
7803,5777.23,8890.29,NaN,NaN,NaN
7804,5810.14,8823.74,NaN,NaN,NaN
7805,5867.13,8890.71,NaN,NaN,NaN
7806,5730.10,8828.59,4,7,0.0000
7807,5587.26,8718.39,2,7,3.5000
7808,5814.46,8592.21,NaN,NaN,NaN
7809,5530.19,9182.58,NaN,NaN,NaN
7810,5669.22,8820.07,0,0,0.0000
7811,5545.68,9260.30,0,0,0.0000
7812,5518.01,8875.98,NaN,NaN,NaN
7813,5780.67,8762.81,NaN,NaN,NaN
7814,5858.90,8634.98,2,3,0.0000
7815,5768.48,8979.99,NaN,NaN,NaN
7816,5848.88,8821.08,0,0,0.0000
7817,5736.34,9032.79,NaN,NaN,NaN
7818,5550.83,9030.57,0,0,0.0000
7819,5815.62,8894.33,0,0,0.0000
7820,5880.37,9003.04,0,0,0.0000
7821,5797.33,9028.18,0,0,0.0000
7822,7291.11,8675.03,2,8,4.0000
7823,7472.35,9314.21,NaN,NaN,NaN
7824,7776.57,8893.47,NaN,NaN,NaN
7825,7369.78,9314.69,NaN,NaN,NaN
7826,7767.18,9040.54,NaN,NaN,NaN
7827,7279.04,8622.85,2,0,0.0000
7828,7199.65,8739.38,NaN,NaN,NaN
7829,7255.33,8736.89,0,0,0.0000
7830,7773.64,9098.37,0,0,0.0000
7831,7118.21,8627.30,0,0,0.0000
7832,7185.96,8608.71,NaN,NaN,NaN
7833,7235.52,8766.84,2,4,2.0000
7834,7813.98,8896.71,NaN,NaN,NaN
7835,8226.60,8907.22,NaN,NaN,NaN
7836,8122.68,8917.83,NaN,NaN,NaN
7837,7843.00,8965.67,2,3,0.0000
7838,8280.11,8691.00,3,8,2.6667
7839,8272.07,9061.78,NaN,NaN,NaN
7840,7839.41,9079.93,NaN,NaN,NaN
7841,7968.58,8970.78,NaN,NaN,NaN
7842,8505.31,8596.36,3,4,0.0000
7843,8206.17,8756.88,0,0,0.0000
7844,7931.50,8907.88,NaN,NaN,NaN
7845,8079.44,8886.88,0,0,0.0000
7846,8574.53,9328.51,0,0,0.0000
7847,8294.00,8817.02,0,0,0.0000
7848,8192.51,9036.85,0,0,0.0000
7849,8071.87,8991.20,2,5,2.5000
7850,7894.82,9017.53,2,3,0.0000
7851,7921.24,8809.49,0,0,0.0000
7852,7909.36,9089.91,4,4,0.0000
7853,8529.11,8671.61,NaN,NaN,NaN
7854,8374.73,8930.76,0,0,0.0000
7855,8350.10,8993.92,NaN,NaN,NaN
7856,7910.74,8842.25,0,0,0.0000
7857,8338.13,8802.59,0,0,0.0000
7858,8042.09,8781.25,NaN,NaN,NaN
7859,8301.33,8994.07,3,2,0.0000
7860,8573.50,8605.24,0,0,0.0000
7861,8120.99,8804.18,0,0,0.0000
7862,8382.82,9047.23,NaN,NaN,NaN
7863,8260.35,8857.98,NaN,NaN,NaN
7864,8217.70,8971.81,0,0,0.0000
7865,8515.61,8935.03,NaN,NaN,NaN
7866,8082.17,8827.86,0,0,0.0000
7867,8129.18,8758.50,NaN,NaN,NaN
7868,8245.07,8809.96,NaN,NaN,NaN
7869,8396.39,8840.44,0,0,0.0000
7870,8469.48,8974.98,NaN,NaN,NaN
7871,8295.73,8898.74,0,0,0.0000
7872,8354.50,8870.70,0,0,0.0000
7873,8337.62,8915.31,0,0,0.0000
7874,8382.20,8856.99,0,0,0.0000
7875,8522.65,9324.31,0,0,0.0000
7876,8724.56,8886.65,3,7,2.3333
7877,8740.20,8648.77,2,5,2.5000
7878,9336.24,8598.63,3,4,0.0000
7879,9215.52,8875.33,2,2,0.0000
7880,9037.90,8609.88,NaN,NaN,NaN
7881,8588.35,8755.16,0,0,0.0000
7882,8877.29,8639.47,NaN,NaN,NaN
7883,8738.74,9117.98,NaN,NaN,NaN
7884,9335.46,8921.99,NaN,NaN,NaN
7885,9218.57,9006.21,3,1,0.0000
7886,8890.72,9097.00,NaN,NaN,NaN
7887,8981.94,9035.50,0,0,0.0000
7888,9110.25,8735.61,NaN,NaN,NaN
7889,9209.61,8618.73,NaN,NaN,NaN
7890,8833.99,8789.52,2,3,0.0000
7891,9247.83,8712.84,NaN,NaN,NaN
7892,8994.86,8749.83,NaN,NaN,NaN
7893,8888.93,8836.53,NaN,NaN,NaN
7894,9111.45,9063.63,2,3,0.0000
7895,9179.63,8688.95,NaN,NaN,NaN
7896,9005.98,8876.96,0,0,0.0000
7897,8946.50,8830.90,NaN,NaN,NaN
7898,8700.17,8754.61,0,0,0.0000
7899,9124.73,8631.86,NaN,NaN,NaN
7900,8888.71,8937.53,3,4,0.0000
7901,8966.77,8671.56,0,0,0.0000
7902,9049.89,8793.72,0,0,0.0000
7903,9301.54,8761.92,0,0,0.0000
7904,8780.29,8798.81,NaN,NaN,NaN
7905,8850.48,8719.18,NaN,NaN,NaN
7906,9113.48,8987.78,NaN,NaN,NaN
7907,9188.95,8768.95,NaN,NaN,NaN
7908,8645.74,8678.74,NaN,NaN,NaN
7909,9332.08,9082.27,0,0,0.0000
7910,8649.92,8763.32,0,0,0.0000
7911,9108.33,8576.69,NaN,NaN,NaN
7912,8787.26,9083.22,2,2,0.0000
7913,9173.28,9066.63,0,0,0.0000
7914,9330.26,8971.03,3,6,2.0000
7915,9154.95,9031.72,NaN,NaN,NaN
7916,8775.53,8990.53,0,0,0.0000
7917,9274.38,8967.99,NaN,NaN,NaN
7918,9317.27,9185.76,0,0,0.0000
7919,9151.03,9129.70,0,0,0.0000
7920,9241.53,9063.00,NaN,NaN,NaN
7921,9104.34,8680.43,0,0,0.0000
7922,9652.73,9064.04,NaN,NaN,NaN
7923,9965.26,9298.10,4,4,0.0000
7924,9390.68,8844.86,2,4,2.0000
7925,9531.02,8786.44,NaN,NaN,NaN
7926,9569.30,9235.38,NaN,NaN,NaN
7927,9668.27,9269.67,NaN,NaN,NaN
7928,9449.46,9026.76,NaN,NaN,NaN
7929,9517.35,8941.95,NaN,NaN,NaN
7930,9567.77,8700.60,NaN,NaN,NaN
7931,10106.64,9190.13,NaN,NaN,NaN
7932,9768.07,9124.56,NaN,NaN,NaN
7933,9893.33,9214.07,NaN,NaN,NaN
7934,9362.40,9008.06,0,0,0.0000
7935,9810.65,9232.59,NaN,NaN,NaN
7936,9777.14,9304.80,2,4,2.0000
7937,9877.41,8927.70,NaN,NaN,NaN
7938,9899.17,9141.63,0,0,0.0000
7939,9397.30,9153.63,NaN,NaN,NaN
7940,10004.42,9158.06,3,5,0.0000
7941,9389.90,8718.82,NaN,NaN,NaN
7942,10039.75,8808.28,2,2,0.0000
7943,9927.94,8965.13,NaN,NaN,NaN
7944,10097.98,9295.69,NaN,NaN,NaN
7945,9914.18,8849.61,NaN,NaN,NaN
7946,9410.11,8630.80,NaN,NaN,NaN
7947,9585.26,8969.48,0,0,0.0000
7948,10014.94,9053.13,0,0,0.0000
7949,9814.66,8998.87,NaN,NaN,NaN
7950,9737.70,9216.91,3,3,0.0000
7951,9830.99,9147.46,NaN,NaN,NaN
7952,9641.04,9201.09,0,0,0.0000
7953,9842.53,9093.35,NaN,NaN,NaN
7954,9441.15,8913.35,0,0,0.0000
7955,9367.19,8782.15,NaN,NaN,NaN
7956,10057.60,9128.00,0,0,0.0000
7957,9579.60,9048.22,2,3,0.0000
7958,9471.36,8610.11,0,0,0.0000
7959,9645.73,8588.82,0,0,0.0000
7960,10045.64,9205.12,2,3,0.0000
7961,9857.37,8849.71,0,0,0.0000
7962,9581.21,8580.49,NaN,NaN,NaN
7963,9608.96,9310.18,3,5,0.0000
7964,9936.44,9089.68,NaN,NaN,NaN
7965,9628.49,9156.17,NaN,NaN,NaN
7966,9622.61,8701.41,0,0,0.0000
7967,9527.22,9015.11,NaN,NaN,NaN
7968,9959.06,9000.15,NaN,NaN,NaN
7969,9696.69,9163.72,3,5,0.0000
7970,9800.75,8889.98,NaN,NaN,NaN
7971,9442.11,9192.66,NaN,NaN,NaN
7972,10050.41,8921.87,0,0,0.0000
7973,10032.44,8998.50,NaN,NaN,NaN
7974,10020.32,8958.96,NaN,NaN,NaN
7975,9953.17,9205.11,0,0,0.0000
7976,9982.53,8934.00,NaN,NaN,NaN
7977,9713.83,9120.55,NaN,NaN,NaN
7978,9731.83,9276.12,2,6,3.0000
7979,10052.14,9253.91,0,0,0.0000
7980,10617.48,9117.18,NaN,NaN,NaN
7981,10172.34,9078.38,NaN,NaN,NaN
7982,10816.91,8961.92,0,0,0.0000
7983,10623.12,9286.51,NaN,NaN,NaN
7984,10428.54,9006.44,0,0,0.0000
7985,10137.59,9308.00,3,4,0.0000
7986,10234.75,9276.70,NaN,NaN,NaN
7987,10289.32,8998.08,NaN,NaN,NaN
7988,10778.66,9247.94,2,3,0.0000
7989,10451.04,9282.98,0,0,0.0000
7990,10711.41,8936.17,2,4,2.0000
7991,10358.11,9132.07,0,0,0.0000
7992,10210.50,9180.42,2,5,2.5000
7993,10387.36,9243.59,0,0,0.0000
7994,10198.28,8938.00,NaN,NaN,NaN
7995,10304.16,9288.51,NaN,NaN,NaN
7996,10557.71,9155.10,NaN,NaN,NaN
7997,10518.09,8971.67,0,0,0.0000
7998,10279.22,9152.89,0,0,0.0000
7999,10834.19,9216.44,2,4,2.0000
8000,10344.78,9193.79,NaN,NaN,NaN
8001,10682.78,9336.35,NaN,NaN,NaN
8002,10119.97,8861.21,NaN,NaN,NaN
8003,10808.09,9149.75,NaN,NaN,NaN
8004,10444.83,9128.08,NaN,NaN,NaN
8005,10358.81,9339.67,2,7,3.5000
8006,10258.44,8887.79,2,3,0.0000
8007,10798.06,9053.13,0,0,0.0000
8008,10412.89,8898.50,NaN,NaN,NaN
8009,10858.69,9083.00,NaN,NaN,NaN
8010,10174.22,9138.75,0,0,0.0000
8011,10183.57,9001.19,NaN,NaN,NaN
8012,10471.45,9061.82,NaN,NaN,NaN
8013,10747.06,9114.24,NaN,NaN,NaN
8014,10498.47,9176.08,0,0,0.0000
8015,10531.16,9290.92,0,0,0.0000
8016,10520.27,9238.99,0,0,0.0000
8017,10340.44,8943.08,2,4,2.0000
8018,10710.47,9072.93,0,0,0.0000
8019,10604.13,8959.53,0,0,0.0000
8020,10463.95,9198.33,NaN,NaN,NaN
8021,10834.21,8890.79,0,0,0.0000
8022,10358.67,9023.82,0,0,0.0000
8023,10680.92,9003.44,0,0,0.0000
8024,10672.33,8879.10,0,0,0.0000
8025,10749.41,8985.18,NaN,NaN,NaN
8026,10487.37,8920.73,0,0,0.0000
8027,10211.71,8834.26,0,0,0.0000
8028,10646.13,9048.75,0,0,0.0000
8029,10577.77,9229.07,0,0,0.0000
8030,10795.72,8860.62,0,0,0.0000
8031,10179.98,8885.42,0,0,0.0000
8032,10641.66,8998.50,0,0,0.0000
8033,10483.45,8883.94,0,0,0.0000
8034,10322.05,8895.32,NaN,NaN,NaN
8035,10282.42,9086.49,0,0,0.0000
8036,11198.40,9334.57,0,0,0.0000
8037,11013.30,8935.91,NaN,NaN,NaN
8038,11111.87,8946.81,NaN,NaN,NaN
8039,11003.25,9216.60,0,0,0.0000
8040,11116.66,9254.39,0,0,0.0000
8041,10929.15,9269.58,NaN,NaN,NaN
8042,11379.61,9259.45,3,3,0.0000
8043,10935.61,9092.47,NaN,NaN,NaN
8044,11042.79,9051.21,NaN,NaN,NaN
8045,10967.63,9320.57,2,3,0.0000
8046,11405.07,9317.00,3,6,2.0000
8047,10986.10,9135.51,0,0,0.0000
8048,10905.86,8991.64,3,5,0.0000
8049,11318.26,9296.48,NaN,NaN,NaN
8050,11080.82,9134.41,0,0,0.0000
8051,10899.30,9214.13,0,0,0.0000
8052,11197.26,9208.81,0,0,0.0000
8053,11141.41,9145.44,0,0,0.0000
8054,11045.57,9294.41,0,0,0.0000
8055,10889.18,9153.81,2,1,0.0000
8056,10888.58,8910.21,0,0,0.0000
8057,11304.09,9175.48,0,0,0.0000
8058,11081.87,9196.84,0,0,0.0000
8059,11201.92,8897.17,0,0,0.0000
8060,11368.45,9190.73,0,0,0.0000
8061,11237.51,9260.18,0,0,0.0000
8062,11061.36,8995.94,NaN,NaN,NaN
8063,11366.99,9147.37,NaN,NaN,NaN
8064,11000.41,9013.85,0,0,0.0000
8065,10959.63,8985.57,0,0,0.0000
8066,11281.52,9215.84,0,0,0.0000
8067,11272.19,9288.58,NaN,NaN,NaN
8068,11150.57,9211.02,0,0,0.0000
8069,13606.45,9004.98,NaN,NaN,NaN
8070,13647.40,9008.66,0,0,0.0000
8071,16217.12,8612.02,0,0,0.0000
8072,16130.48,8636.69,0,0,0.0000
8073,16067.66,8621.55,0,0,0.0000
8074,317.01,9816.87,2,3,0.0000
8075,625.05,9993.38,2,2,0.0000
8076,511.79,9715.00,0,0,0.0000
8077,457.49,9847.63,NaN,NaN,NaN
8078,469.29,10076.73,0,0,0.0000
8079,542.96,10052.39,NaN,NaN,NaN
8080,597.27,9703.20,0,0,0.0000
8081,517.20,9881.07,NaN,NaN,NaN
8082,398.36,9706.50,NaN,NaN,NaN
8083,473.77,9955.96,2,0,0.0000
8084,371.93,9947.00,NaN,NaN,NaN
8085,364.37,10031.72,NaN,NaN,NaN
8086,298.73,10001.15,NaN,NaN,NaN
8087,389.64,9851.17,NaN,NaN,NaN
8088,402.34,10076.85,NaN,NaN,NaN
8089,261.26,9756.46,4,5,0.0000
8090,309.56,9937.14,NaN,NaN,NaN
8091,594.63,9943.01,NaN,NaN,NaN
8092,643.20,10065.64,NaN,NaN,NaN
8093,635.66,9786.81,0,0,0.0000
8094,448.55,9784.57,NaN,NaN,NaN
8095,336.00,9693.73,3,3,0.0000
8096,604.62,10107.69,2,4,2.0000
8097,652.65,9878.43,NaN,NaN,NaN
8098,587.21,9841.35,NaN,NaN,NaN
8099,556.87,9621.89,NaN,NaN,NaN
8100,364.74,9618.70,0,0,0.0000
8101,620.17,9849.99,NaN,NaN,NaN
8102,1507.96,9722.44,NaN,NaN,NaN
8103,1341.21,9738.41,0,0,0.0000
8104,1159.59,9467.12,NaN,NaN,NaN
8105,1389.75,9492.60,NaN,NaN,NaN
8106,1046.73,9609.25,0,0,0.0000
8107,1346.92,9948.90,2,3,0.0000
8108,982.72,9500.21,0,0,0.0000
8109,1206.53,10099.77,0,0,0.0000
8110,1534.77,9547.18,NaN,NaN,NaN
8111,1661.41,9370.78,0,0,0.0000
8112,1477.09,10089.80,NaN,NaN,NaN
8113,1003.14,9406.12,NaN,NaN,NaN
8114,1636.85,9569.34,3,4,0.0000
8115,1087.58,9372.46,6,6,0.0000
8116,1421.85,9857.02,2,8,4.0000
8117,1294.51,9383.91,0,0,0.0000
8118,1445.63,9999.30,NaN,NaN,NaN
8119,1316.16,10053.98,0,0,0.0000
8120,1210.10,9579.22,0,0,0.0000
8121,1159.90,9916.74,NaN,NaN,NaN
8122,1479.40,9406.89,0,0,0.0000
8123,927.68,9595.21,2,2,0.0000
8124,1521.19,9872.17,4,6,0.0000
8125,1630.40,9478.55,2,4,2.0000
8126,1267.94,9545.52,NaN,NaN,NaN
8127,1216.81,9862.34,NaN,NaN,NaN
8128,1610.44,9916.58,NaN,NaN,NaN
8129,1306.94,9496.39,NaN,NaN,NaN
8130,1196.37,9673.75,NaN,NaN,NaN
8131,1543.16,9947.76,NaN,NaN,NaN
8132,1302.74,10102.80,NaN,NaN,NaN
8133,1423.99,9625.75,NaN,NaN,NaN
8134,1608.15,9686.19,NaN,NaN,NaN
8135,1392.94,10024.83,2,2,0.0000
8136,1096.02,9681.14,0,0,0.0000
8137,971.48,9664.62,0,0,0.0000
8138,1651.67,10065.40,NaN,NaN,NaN
8139,1359.77,9599.98,NaN,NaN,NaN
8140,1077.86,9466.22,NaN,NaN,NaN
8141,1571.83,10092.10,0,0,0.0000
8142,1242.67,9752.28,2,7,3.5000
8143,1377.90,9391.58,0,0,0.0000
8144,1277.73,9803.94,NaN,NaN,NaN
8145,1638.24,9826.18,0,0,0.0000
8146,1278.49,9634.26,NaN,NaN,NaN
8147,1131.31,10016.45,NaN,NaN,NaN
8148,1410.34,9698.44,NaN,NaN,NaN
8149,1081.21,9528.39,NaN,NaN,NaN
8150,1168.32,9803.24,NaN,NaN,NaN
8151,1277.57,9873.36,NaN,NaN,NaN
8152,950.77,9732.29,NaN,NaN,NaN
8153,1096.77,9743.40,0,0,0.0000
8154,1470.62,9571.04,0,0,0.0000
8155,1085.05,9945.43,NaN,NaN,NaN
8156,1102.33,10089.52,0,0,0.0000
8157,1591.66,9798.46,4,4,0.0000
8158,1572.73,9422.14,0,0,0.0000
8159,1631.10,9977.47,2,3,0.0000
8160,1631.87,9417.35,0,0,0.0000
8161,1538.69,9483.22,0,0,0.0000
8162,1637.50,10105.64,3,5,0.0000
8163,1557.33,10022.86,0,0,0.0000
8164,2399.29,9815.68,0,0,0.0000
8165,1818.97,9715.34,NaN,NaN,NaN
8166,1939.62,9837.53,NaN,NaN,NaN
8167,1757.62,9630.23,5,8,0.0000
8168,2339.25,10097.04,0,0,0.0000
8169,2260.50,9906.84,NaN,NaN,NaN
8170,1918.39,9760.03,2,4,2.0000
8171,1721.68,9359.19,0,0,0.0000
8172,2219.01,9358.31,NaN,NaN,NaN
8173,1860.23,9831.62,NaN,NaN,NaN
8174,2426.10,10086.03,0,0,0.0000
8175,1733.13,9505.47,3,6,2.0000
8176,1774.32,10082.40,0,0,0.0000
8177,1880.18,9586.83,2,2,0.0000
8178,2256.93,10031.04,NaN,NaN,NaN
8179,1726.92,9786.30,2,4,2.0000
8180,2403.04,9952.02,NaN,NaN,NaN
8181,1667.91,9771.34,0,0,0.0000
8182,2337.33,9943.62,NaN,NaN,NaN
8183,1775.48,9464.57,NaN,NaN,NaN
8184,1869.91,9905.80,0,0,0.0000
8185,2409.85,9686.78,NaN,NaN,NaN
8186,2327.98,10025.49,5,5,0.0000
8187,1798.65,9854.90,2,1,0.0000
8188,1712.82,10034.91,NaN,NaN,NaN
8189,1953.99,9663.02,0,0,0.0000
8190,2289.90,9806.42,NaN,NaN,NaN
8191,2288.09,9975.96,3,5,0.0000
8192,2007.42,9828.46,3,7,2.3333
8193,2352.37,9675.69,NaN,NaN,NaN
8194,1822.73,9597.89,2,3,0.0000
8195,2345.76,9609.92,0,0,0.0000
8196,1826.49,9783.04,NaN,NaN,NaN
8197,2404.77,9592.72,NaN,NaN,NaN
8198,2321.61,9850.17,0,0,0.0000
8199,1869.36,9646.68,0,0,0.0000
8200,2313.67,9694.91,2,6,3.0000
8201,1922.33,9954.18,NaN,NaN,NaN
8202,1949.47,9992.55,0,0,0.0000
8203,1773.60,9808.36,NaN,NaN,NaN
8204,1671.49,9668.45,0,0,0.0000
8205,1932.82,9613.32,0,0,0.0000
8206,1715.39,9564.44,NaN,NaN,NaN
8207,2557.82,10110.51,0,0,0.0000
8208,2864.33,10044.55,NaN,NaN,NaN
8209,2497.86,9982.63,2,3,0.0000
8210,2616.66,10034.29,0,0,0.0000
8211,2485.89,9754.91,3,7,2.3333
8212,2451.28,10030.45,0,0,0.0000
8213,2481.40,9657.80,NaN,NaN,NaN
8214,2645.37,9903.59,NaN,NaN,NaN
8215,2987.17,10069.76,NaN,NaN,NaN
8216,3184.89,10086.40,NaN,NaN,NaN
8217,3052.87,10081.07,3,5,0.0000
8218,2936.15,10101.47,NaN,NaN,NaN
8219,2601.78,9837.41,0,0,0.0000
8220,2840.25,10100.78,NaN,NaN,NaN
8221,2785.08,10057.47,0,0,0.0000
8222,2703.50,10077.29,NaN,NaN,NaN
8223,2746.13,10056.91,0,0,0.0000
8224,2547.46,9786.31,0,0,0.0000
8225,3961.96,9564.66,NaN,NaN,NaN
8226,4713.60,9587.59,2,8,4.0000
8227,4335.23,9549.87,3,5,0.0000
8228,4489.92,9622.59,NaN,NaN,NaN
8229,4363.19,9734.09,NaN,NaN,NaN
8230,4510.40,9419.21,0,0,0.0000
8231,4593.35,9743.34,NaN,NaN,NaN
8232,4595.36,9864.17,NaN,NaN,NaN
8233,4608.11,9422.06,NaN,NaN,NaN
8234,4204.71,9422.85,NaN,NaN,NaN
8235,4283.83,9898.35,3,4,0.0000
8236,4603.27,9935.30,0,0,0.0000
8237,4025.56,9534.27,2,2,0.0000
8238,4365.74,10071.88,NaN,NaN,NaN
8239,4426.35,9868.65,NaN,NaN,NaN
8240,4307.09,9445.89,2,4,2.0000
8241,4712.47,10019.15,NaN,NaN,NaN
8242,4075.62,9436.34,NaN,NaN,NaN
8243,4292.88,9627.95,NaN,NaN,NaN
8244,4517.82,9814.62,0,0,0.0000
8245,4293.41,10049.12,NaN,NaN,NaN
8246,4057.94,9360.14,NaN,NaN,NaN
8247,4511.42,9984.46,NaN,NaN,NaN
8248,4548.30,10049.50,NaN,NaN,NaN
8249,4642.08,9980.90,0,0,0.0000
8250,4273.41,9709.09,3,5,0.0000
8251,4367.61,9934.49,NaN,NaN,NaN
8252,4192.75,9964.95,NaN,NaN,NaN
8253,4164.60,9603.63,3,1,0.0000
8254,4664.85,9786.59,2,3,0.0000
8255,4521.73,9711.59,NaN,NaN,NaN
8256,4702.81,9375.26,NaN,NaN,NaN
8257,4554.59,9503.73,0,0,0.0000
8258,4004.70,9385.37,0,0,0.0000
8259,4212.48,9516.81,NaN,NaN,NaN
8260,4127.98,9519.33,3,4,0.0000
8261,4419.91,9498.35,0,0,0.0000
8262,4726.35,10075.53,0,0,0.0000
8263,4480.24,9538.25,NaN,NaN,NaN
8264,4069.75,9616.62,0,0,0.0000
8265,4449.19,10028.52,NaN,NaN,NaN
8266,4072.52,9712.99,0,0,0.0000
8267,4377.71,9648.46,NaN,NaN,NaN
8268,4710.08,9899.72,NaN,NaN,NaN
8269,4231.31,9571.61,NaN,NaN,NaN
8270,4011.80,9612.55,2,5,2.5000
8271,4101.35,9663.35,NaN,NaN,NaN
8272,4348.49,9854.12,0,0,0.0000
8273,4248.30,9377.27,NaN,NaN,NaN
8274,4092.23,9792.10,0,0,0.0000
8275,4068.49,9495.10,NaN,NaN,NaN
8276,4461.21,9698.46,2,5,2.5000
8277,4201.25,9861.93,NaN,NaN,NaN
8278,4707.82,9727.31,0,0,0.0000
8279,4129.74,9841.38,2,7,3.5000
8280,4617.75,10083.88,0,0,0.0000
8281,4154.61,9461.92,NaN,NaN,NaN
8282,4019.57,9662.99,NaN,NaN,NaN
8283,4694.50,9848.63,0,0,0.0000
8284,4505.72,9902.07,0,0,0.0000
8285,4426.72,9962.37,0,0,0.0000
8286,4710.56,9948.15,NaN,NaN,NaN
8287,4425.55,9432.76,0,0,0.0000
8288,4318.50,9990.17,2,4,2.0000
8289,4426.76,9671.59,NaN,NaN,NaN
8290,4370.25,9403.94,NaN,NaN,NaN
8291,4099.07,9584.33,0,0,0.0000
8292,4458.98,9387.38,0,0,0.0000
8293,4562.85,9568.00,0,0,0.0000
8294,4628.66,9493.44,NaN,NaN,NaN
8295,5370.37,9681.98,0,0,0.0000
8296,5104.26,9641.13,NaN,NaN,NaN
8297,5228.75,9819.92,2,2,0.0000
8298,5058.98,9768.55,NaN,NaN,NaN
8299,4906.54,9515.66,NaN,NaN,NaN
8300,5013.59,9477.47,3,6,2.0000
8301,4802.52,10038.24,0,0,0.0000
8302,4798.08,9432.30,NaN,NaN,NaN
8303,5481.57,9488.94,3,3,0.0000
8304,5446.38,9388.78,NaN,NaN,NaN
8305,5498.52,10067.73,3,3,0.0000
8306,5180.26,9947.46,NaN,NaN,NaN
8307,5368.00,10072.92,NaN,NaN,NaN
8308,5274.69,9676.18,NaN,NaN,NaN
8309,4836.05,9787.25,2,4,2.0000
8310,5193.18,9508.48,0,0,0.0000
8311,5257.14,9965.64,0,0,0.0000
8312,5281.66,9403.52,NaN,NaN,NaN
8313,4941.41,9793.50,3,5,0.0000
8314,5434.89,9777.57,NaN,NaN,NaN
8315,4928.55,9697.63,NaN,NaN,NaN
8316,5452.01,10028.73,2,4,2.0000
8317,5496.69,9717.08,NaN,NaN,NaN
8318,5165.72,9412.38,0,0,0.0000
8319,4992.40,9897.20,NaN,NaN,NaN
8320,4998.89,9663.04,2,3,0.0000
8321,4795.24,9946.63,NaN,NaN,NaN
8322,5059.88,9832.04,2,5,2.5000
8323,5224.49,9716.08,2,4,2.0000
8324,5102.06,9860.94,0,0,0.0000
8325,4908.73,9404.27,NaN,NaN,NaN
8326,5306.00,9583.69,NaN,NaN,NaN
8327,5305.64,9886.12,2,4,2.0000
8328,4786.81,9850.01,NaN,NaN,NaN
8329,5452.78,9568.63,0,0,0.0000
8330,5102.13,9908.39,3,4,0.0000
8331,5157.90,10090.01,NaN,NaN,NaN
8332,5255.82,9876.22,2,4,2.0000
8333,5354.97,9777.69,0,0,0.0000
8334,4821.82,9370.52,3,6,2.0000
8335,4835.05,9885.98,NaN,NaN,NaN
8336,5479.37,9869.37,NaN,NaN,NaN
8337,5156.51,9766.84,NaN,NaN,NaN
8338,5004.03,9368.89,2,3,0.0000
8339,4919.79,9624.29,0,0,0.0000
8340,4910.80,9982.17,2,8,4.0000
8341,5423.08,9611.21,2,4,2.0000
8342,5183.01,9568.88,0,0,0.0000
8343,5332.02,9821.32,NaN,NaN,NaN
8344,5055.51,9396.73,0,0,0.0000
8345,4964.16,9387.01,NaN,NaN,NaN
8346,5143.99,10019.11,0,0,0.0000
8347,5539.73,9591.87,0,0,0.0000
8348,5570.37,10099.63,0,0,0.0000
8349,5662.59,9962.82,NaN,NaN,NaN
8350,5546.07,9827.56,NaN,NaN,NaN
8351,5705.35,10048.87,0,0,0.0000
8352,5659.77,9404.21,NaN,NaN,NaN
8353,5664.92,9701.25,0,0,0.0000
8354,5606.24,9901.14,0,0,0.0000
8355,5552.12,9749.44,NaN,NaN,NaN
8356,5656.30,9833.86,0,0,0.0000
8357,5582.18,9986.73,0,0,0.0000
8358,5637.52,9580.93,0,0,0.0000
8359,5574.59,9429.22,NaN,NaN,NaN
8360,5587.40,9681.48,0,0,0.0000
8361,5737.26,9903.24,NaN,NaN,NaN
8362,5731.11,9660.38,0,0,0.0000
8363,5666.61,9775.14,0,0,0.0000
8364,5506.19,9951.06,NaN,NaN,NaN
8365,5608.53,9486.92,4,4,0.0000
8366,5665.53,9491.98,NaN,NaN,NaN
8367,5516.67,9347.38,0,0,0.0000
8368,5687.09,9587.52,NaN,NaN,NaN
8369,5546.10,9933.10,0,0,0.0000
8370,5773.66,9631.38,0,0,0.0000
8371,7437.30,9633.49,NaN,NaN,NaN
8372,7447.97,9423.25,NaN,NaN,NaN
8373,7347.47,9995.11,3,3,0.0000
8374,7384.24,9662.31,NaN,NaN,NaN
8375,7354.99,9588.31,NaN,NaN,NaN
8376,7406.13,9372.13,NaN,NaN,NaN
8377,7462.12,9835.48,2,4,2.0000
8378,7393.38,9837.46,0,0,0.0000
8379,7090.72,9572.70,NaN,NaN,NaN
8380,7441.59,9507.08,0,0,0.0000
8381,7095.36,9635.21,NaN,NaN,NaN
8382,7328.12,9633.18,0,0,0.0000
8383,7490.63,9469.46,NaN,NaN,NaN
8384,7488.26,9538.10,NaN,NaN,NaN
8385,7469.85,9777.85,NaN,NaN,NaN
8386,7410.89,9771.59,NaN,NaN,NaN
8387,7416.06,9906.67,NaN,NaN,NaN
8388,7322.79,9741.56,NaN,NaN,NaN
8389,7642.26,9868.85,0,0,0.0000
8390,7351.27,9820.81,2,7,3.5000
8391,7454.94,9720.63,0,0,0.0000
8392,7557.10,9780.01,NaN,NaN,NaN
8393,7508.00,9756.98,0,0,0.0000
8394,7435.75,9874.01,NaN,NaN,NaN
8395,7369.50,9986.69,NaN,NaN,NaN
8396,7330.10,10037.95,2,3,0.0000
8397,7270.61,9923.46,NaN,NaN,NaN
8398,7421.93,9958.23,0,0,0.0000
8399,8318.59,10069.39,2,1,0.0000
8400,8484.52,9710.01,NaN,NaN,NaN
8401,8381.39,9437.21,2,5,2.5000
8402,8494.09,9513.31,NaN,NaN,NaN
8403,8471.15,9414.73,0,0,0.0000
8404,8417.86,10019.88,0,0,0.0000
8405,8537.01,9560.00,2,7,3.5000
8406,8520.04,9376.42,0,0,0.0000
8407,8514.76,9633.96,NaN,NaN,NaN
8408,8428.14,9738.26,NaN,NaN,NaN
8409,8566.40,9404.88,0,0,0.0000
8410,8539.83,9475.98,0,0,0.0000
8411,8543.44,9734.61,NaN,NaN,NaN
8412,8383.20,9514.53,NaN,NaN,NaN
8413,8628.73,9365.35,2,3,0.0000
8414,9318.73,9727.22,0,0,0.0000
8415,8589.79,9560.50,NaN,NaN,NaN
8416,8639.67,9434.11,NaN,NaN,NaN
8417,8600.00,9606.94,0,0,0.0000
8418,8601.47,9465.47,NaN,NaN,NaN
8419,9832.24,9962.79,NaN,NaN,NaN
8420,9905.36,9561.83,NaN,NaN,NaN
8421,10070.73,9451.65,NaN,NaN,NaN
8422,9909.42,9393.68,NaN,NaN,NaN
8423,9896.80,9837.15,NaN,NaN,NaN
8424,9975.22,9531.54,0,0,0.0000
8425,10061.47,9886.82,NaN,NaN,NaN
8426,9794.11,9403.04,0,0,0.0000
8427,9967.93,9976.27,NaN,NaN,NaN
8428,10002.06,9758.06,0,0,0.0000
8429,10049.54,9365.58,2,4,2.0000
8430,10077.76,9533.76,0,0,0.0000
8431,9621.98,9643.72,NaN,NaN,NaN
8432,9761.20,10075.84,0,0,0.0000
8433,9712.55,9759.73,0,0,0.0000
8434,9919.45,10028.86,NaN,NaN,NaN
8435,9939.81,9901.92,4,3,0.0000
8436,9837.12,9717.49,NaN,NaN,NaN
8437,9903.64,9690.67,NaN,NaN,NaN
8438,9972.83,9858.11,0,0,0.0000
8439,9871.01,10079.65,2,5,2.5000
8440,9826.46,10042.69,NaN,NaN,NaN
8441,9855.55,9456.16,NaN,NaN,NaN
8442,9708.69,9597.43,0,0,0.0000
8443,9871.12,9745.73,NaN,NaN,NaN
8444,9704.45,10080.07,0,0,0.0000
8445,9749.13,9889.92,0,0,0.0000
8446,10050.03,10099.05,NaN,NaN,NaN
8447,10002.96,9818.37,NaN,NaN,NaN
8448,10009.09,9927.14,0,0,0.0000
8449,9795.02,9859.04,0,0,0.0000
8450,9968.12,10067.27,NaN,NaN,NaN
8451,9792.04,9911.40,NaN,NaN,NaN
8452,9922.62,9753.37,NaN,NaN,NaN
8453,10720.40,9651.59,2,3,0.0000
8454,10114.50,9650.39,NaN,NaN,NaN
8455,10592.89,9437.58,0,0,0.0000
8456,10517.90,9674.05,NaN,NaN,NaN
8457,10573.98,10011.28,NaN,NaN,NaN
8458,10426.17,9654.78,NaN,NaN,NaN
8459,10194.22,9734.47,NaN,NaN,NaN
8460,10857.61,10079.73,NaN,NaN,NaN
8461,10274.90,9391.43,NaN,NaN,NaN
8462,10507.65,9529.52,NaN,NaN,NaN
8463,10323.14,9460.77,2,7,3.5000
8464,10462.84,9429.82,2,3,0.0000
8465,10876.99,9840.64,0,0,0.0000
8466,10521.10,9366.50,NaN,NaN,NaN
8467,10698.05,9910.86,NaN,NaN,NaN
8468,10586.76,9729.73,0,0,0.0000
8469,10842.47,9567.78,NaN,NaN,NaN
8470,10264.06,9844.38,0,0,0.0000
8471,10212.08,9565.21,NaN,NaN,NaN
8472,10351.93,9801.18,NaN,NaN,NaN
8473,10411.95,9753.62,NaN,NaN,NaN
8474,10191.65,9472.19,0,0,0.0000
8475,10600.91,9532.33,NaN,NaN,NaN
8476,10520.36,9771.36,0,0,0.0000
8477,10119.10,9769.96,NaN,NaN,NaN
8478,10228.22,9632.41,NaN,NaN,NaN
8479,10710.69,9990.66,0,0,0.0000
8480,10153.63,9889.34,0,0,0.0000
8481,10189.14,9379.02,NaN,NaN,NaN
8482,10624.53,9639.18,NaN,NaN,NaN
8483,10184.99,9996.44,0,0,0.0000
8484,10307.38,10070.28,2,1,0.0000
8485,10431.05,9554.25,0,0,0.0000
8486,10380.26,9573.26,2,2,0.0000
8487,10335.73,9550.42,NaN,NaN,NaN
8488,10314.84,9996.87,0,0,0.0000
8489,10665.43,9786.31,0,0,0.0000
8490,10203.55,9912.31,NaN,NaN,NaN
8491,10315.93,9613.96,0,0,0.0000
8492,10335.82,9685.49,0,0,0.0000
8493,10798.34,9960.36,2,4,2.0000
8494,10275.12,9711.22,NaN,NaN,NaN
8495,10620.96,9356.60,NaN,NaN,NaN
8496,10707.54,9832.40,0,0,0.0000
8497,10245.20,10105.19,0,0,0.0000
8498,10748.72,9937.14,NaN,NaN,NaN
8499,10281.86,9902.20,NaN,NaN,NaN
8500,10874.93,9742.15,NaN,NaN,NaN
8501,10621.76,9755.13,0,0,0.0000
8502,10390.23,9442.39,0,0,0.0000
8503,10264.35,9994.86,0,0,0.0000
8504,10317.73,9746.72,0,0,0.0000
8505,10249.36,9454.53,NaN,NaN,NaN
8506,10252.72,9528.69,NaN,NaN,NaN
8507,10600.46,10094.07,NaN,NaN,NaN
8508,10226.12,10068.67,0,0,0.0000
8509,10770.16,10010.67,NaN,NaN,NaN
8510,10476.05,10089.21,0,0,0.0000
8511,10527.48,9810.09,0,0,0.0000
8512,10299.60,9511.91,NaN,NaN,NaN
8513,10434.82,9360.41,NaN,NaN,NaN
8514,10875.40,9934.55,0,0,0.0000
8515,10121.03,9372.35,0,0,0.0000
8516,10648.87,9921.61,NaN,NaN,NaN
8517,10772.86,9561.00,NaN,NaN,NaN
8518,11249.25,9949.35,0,0,0.0000
8519,11024.11,9498.08,0,0,0.0000
8520,11165.57,9730.90,NaN,NaN,NaN
8521,11339.47,9770.71,0,0,0.0000
8522,10993.86,9395.67,3,5,0.0000
8523,11072.17,9615.99,NaN,NaN,NaN
8524,11285.97,10091.74,0,0,0.0000
8525,10985.81,9672.09,NaN,NaN,NaN
8526,10909.66,9522.66,0,0,0.0000
8527,10883.10,9994.95,NaN,NaN,NaN
8528,11133.80,10018.68,NaN,NaN,NaN
8529,11059.91,9785.66,0,0,0.0000
8530,11355.70,9899.11,0,0,0.0000
8531,11060.58,10097.25,2,5,2.5000
8532,11209.52,9437.30,NaN,NaN,NaN
8533,10983.17,9590.20,NaN,NaN,NaN
8534,11089.13,9684.51,NaN,NaN,NaN
8535,11140.51,9391.17,NaN,NaN,NaN
8536,10977.59,9949.61,3,4,0.0000
8537,11068.96,9866.13,2,5,2.5000
8538,11310.87,9400.63,NaN,NaN,NaN
8539,10918.69,9686.00,2,4,2.0000
8540,11114.63,9738.92,0,0,0.0000
8541,11055.04,9946.74,2,3,0.0000
8542,11127.46,9919.80,0,0,0.0000
8543,11122.16,9440.31,NaN,NaN,NaN
8544,11017.19,10020.04,2,8,4.0000
8545,11322.64,9532.92,2,5,2.5000
8546,11390.54,9532.03,2,4,2.0000
8547,11257.36,9573.88,NaN,NaN,NaN
8548,10919.62,9780.15,NaN,NaN,NaN
8549,11311.28,9596.16,0,0,0.0000
8550,11158.03,9594.48,NaN,NaN,NaN
8551,11019.46,9886.80,NaN,NaN,NaN
8552,10898.74,9427.91,NaN,NaN,NaN
8553,10911.87,9593.05,NaN,NaN,NaN
8554,11142.73,10104.88,NaN,NaN,NaN
8555,11234.54,9817.46,3,4,0.0000
8556,11414.95,9499.98,NaN,NaN,NaN
8557,11065.75,9351.82,NaN,NaN,NaN
8558,11276.69,9721.56,4,7,0.0000
8559,11295.42,9673.14,NaN,NaN,NaN
8560,10950.30,10035.89,3,8,2.6667
8561,10972.18,9738.47,NaN,NaN,NaN
8562,10918.57,9917.08,NaN,NaN,NaN
8563,10936.26,9381.96,2,4,2.0000
8564,11358.02,9353.58,NaN,NaN,NaN
8565,320.15,10463.96,3,2,0.0000
8566,230.80,10708.13,2,8,4.0000
8567,214.77,10499.36,NaN,NaN,NaN
8568,686.50,10841.14,NaN,NaN,NaN
8569,132.61,10432.14,2,2,0.0000
8570,260.91,10209.74,0,0,0.0000
8571,52.05,10532.35,2,4,2.0000
8572,261.23,10338.40,NaN,NaN,NaN
8573,152.93,10839.73,0,0,0.0000
8574,160.08,10613.01,2,6,3.0000
8575,88.02,10769.05,NaN,NaN,NaN
8576,343.41,10695.69,NaN,NaN,NaN
8577,553.80,10220.39,2,4,2.0000
8578,177.34,10347.57,NaN,NaN,NaN
8579,351.21,10786.52,2,4,2.0000
8580,449.27,10321.28,3,4,0.0000
8581,163.47,10204.30,NaN,NaN,NaN
8582,554.98,10634.78,3,5,0.0000
8583,296.61,10874.36,2,2,0.0000
8584,600.93,10864.72,NaN,NaN,NaN
8585,467.83,10643.81,0,0,0.0000
8586,644.95,10780.90,0,0,0.0000
8587,409.32,10714.33,NaN,NaN,NaN
8588,469.88,10767.84,0,0,0.0000
8589,514.45,10845.16,NaN,NaN,NaN
8590,179.86,10269.19,0,0,0.0000
8591,417.37,10175.77,2,5,2.5000
8592,614.84,10203.83,NaN,NaN,NaN
8593,522.03,10147.38,NaN,NaN,NaN
8594,492.17,10231.11,NaN,NaN,NaN
8595,542.43,10789.90,NaN,NaN,NaN
8596,130.59,10715.67,NaN,NaN,NaN
8597,305.42,10651.07,0,0,0.0000
8598,721.60,10750.62,NaN,NaN,NaN
8599,238.87,10796.32,NaN,NaN,NaN
8600,479.76,10703.65,0,0,0.0000
8601,578.91,10724.89,NaN,NaN,NaN
8602,120.87,10566.93,NaN,NaN,NaN
8603,457.45,10152.42,2,5,2.5000
8604,639.65,10634.78,2,4,2.0000
8605,469.27,10509.08,NaN,NaN,NaN
8606,340.46,10856.24,NaN,NaN,NaN
8607,39.93,10692.36,0,0,0.0000
8608,520.42,10311.09,NaN,NaN,NaN
8609,612.44,10694.70,NaN,NaN,NaN
8610,609.47,10502.27,NaN,NaN,NaN
8611,568.79,10534.48,0,0,0.0000
8612,617.82,10299.42,2,2,0.0000
8613,128.63,10509.21,4,7,0.0000
8614,415.04,10781.62,0,0,0.0000
8615,616.34,10369.96,NaN,NaN,NaN
8616,235.11,10852.31,NaN,NaN,NaN
8617,566.28,10445.70,NaN,NaN,NaN
8618,632.10,10147.86,NaN,NaN,NaN
8619,578.76,10567.29,0,0,0.0000
8620,662.03,10712.29,0,0,0.0000
8621,411.84,10629.51,0,0,0.0000
8622,93.01,10667.39,0,0,0.0000
8623,455.90,10574.59,0,0,0.0000
8624,50.02,10414.73,NaN,NaN,NaN
8625,202.64,10781.66,0,0,0.0000
8626,281.51,10802.66,0,0,0.0000
8627,524.69,10530.18,0,0,0.0000
8628,1331.80,10458.83,NaN,NaN,NaN
8629,1215.84,10224.81,3,6,2.0000
8630,1652.01,10634.18,4,6,0.0000
8631,1640.08,10171.81,2,2,0.0000
8632,1310.89,10575.87,NaN,NaN,NaN
8633,1286.25,10299.25,NaN,NaN,NaN
8634,1461.12,10172.92,NaN,NaN,NaN
8635,1373.36,10339.91,0,0,0.0000
8636,1335.72,10240.44,2,2,0.0000
8637,1516.17,10415.69,NaN,NaN,NaN
8638,1396.95,10200.55,2,3,0.0000
8639,1165.80,10296.43,3,3,0.0000
8640,1659.89,10263.64,NaN,NaN,NaN
8641,1467.51,10277.18,3,4,0.0000
8642,1593.53,10258.38,3,4,0.0000
8643,1444.23,10473.90,0,0,0.0000
8644,1449.30,10658.53,NaN,NaN,NaN
8645,1519.18,10344.14,0,0,0.0000
8646,1257.44,10161.13,NaN,NaN,NaN
8647,1446.85,10364.51,NaN,NaN,NaN
8648,1517.99,10492.59,NaN,NaN,NaN
8649,1240.49,10420.86,NaN,NaN,NaN
8650,1541.29,10208.43,2,3,0.0000
8651,1543.53,10568.22,NaN,NaN,NaN
8652,1489.80,10602.36,NaN,NaN,NaN
8653,1165.79,10380.91,NaN,NaN,NaN
8654,1546.78,10684.85,NaN,NaN,NaN
8655,1426.11,10554.09,0,0,0.0000
8656,1242.72,10468.08,2,3,0.0000
8657,1588.12,10537.06,5,7,0.0000
8658,1372.00,10509.73,0,0,0.0000
8659,1245.13,10341.16,2,3,0.0000
8660,1637.75,10737.65,NaN,NaN,NaN
8661,1563.31,10147.36,NaN,NaN,NaN
8662,1403.88,10613.29,3,3,0.0000
8663,1296.21,10387.20,2,2,0.0000
8664,1210.14,10372.09,NaN,NaN,NaN
8665,1574.36,10477.59,NaN,NaN,NaN
8666,1221.23,10556.71,0,0,0.0000
8667,1233.65,10522.25,0,0,0.0000
8668,1582.91,10324.76,0,0,0.0000
8669,1667.49,10424.00,NaN,NaN,NaN
8670,2092.85,10833.74,NaN,NaN,NaN
8671,2020.35,10735.56,NaN,NaN,NaN
8672,1798.39,10473.47,3,4,0.0000
8673,2246.83,10579.53,0,0,0.0000
8674,2430.56,10839.38,2,4,2.0000
8675,2298.53,10772.43,2,5,2.5000
8676,1673.47,10548.74,NaN,NaN,NaN
8677,2212.58,10845.63,NaN,NaN,NaN
8678,1799.54,10613.02,NaN,NaN,NaN
8679,1930.95,10430.18,0,0,0.0000
8680,2248.79,10683.86,2,5,2.5000
8681,1846.18,10319.88,NaN,NaN,NaN
8682,1954.76,10613.25,NaN,NaN,NaN
8683,2360.57,10354.02,NaN,NaN,NaN
8684,2126.71,10487.68,NaN,NaN,NaN
8685,1693.75,10750.49,2,3,0.0000
8686,1718.39,10129.62,NaN,NaN,NaN
8687,2028.74,10464.22,NaN,NaN,NaN
8688,1905.18,10877.63,NaN,NaN,NaN
8689,2268.88,10120.42,3,6,2.0000
8690,2262.95,10219.22,NaN,NaN,NaN
8691,1881.98,10569.50,3,4,0.0000
8692,2107.49,10670.16,2,4,2.0000
8693,2341.85,10851.40,0,0,0.0000
8694,2297.42,10274.05,4,4,0.0000
8695,1940.48,10381.53,2,3,0.0000
8696,2175.47,10616.99,3,3,0.0000
8697,2137.65,10585.14,2,1,0.0000
8698,2198.48,10759.41,2,2,0.0000
8699,2090.94,10561.65,4,3,0.0000
8700,1729.96,10256.94,0,0,0.0000
8701,2405.21,10263.98,NaN,NaN,NaN
8702,1741.88,10611.36,2,4,2.0000
8703,1907.57,10499.93,0,0,0.0000
8704,2036.45,10547.94,0,0,0.0000
8705,1787.73,10319.57,3,5,0.0000
8706,1959.80,10829.81,NaN,NaN,NaN
8707,2167.59,10688.03,NaN,NaN,NaN
8708,1813.47,10684.60,NaN,NaN,NaN
8709,1939.00,10745.83,0,0,0.0000
8710,1860.20,10412.71,NaN,NaN,NaN
8711,2400.63,10213.61,NaN,NaN,NaN
8712,1752.76,10686.51,NaN,NaN,NaN
8713,1970.17,10529.95,NaN,NaN,NaN
8714,1861.22,10663.48,0,0,0.0000
8715,1742.40,10204.69,NaN,NaN,NaN
8716,2018.89,10611.92,NaN,NaN,NaN
8717,2421.26,10316.39,NaN,NaN,NaN
8718,2356.82,10224.49,3,3,0.0000
8719,2418.65,10169.76,NaN,NaN,NaN
8720,2296.03,10420.73,0,0,0.0000
8721,1776.37,10154.78,NaN,NaN,NaN
8722,2395.57,10140.80,0,0,0.0000
8723,1952.11,10687.83,0,0,0.0000
8724,2380.65,10169.71,NaN,NaN,NaN
8725,2141.93,10733.60,0,0,0.0000
8726,3102.34,10309.23,0,0,0.0000
8727,2916.48,10777.04,3,2,0.0000
8728,2895.66,10164.82,0,0,0.0000
8729,2803.58,10287.05,2,3,0.0000
8730,2745.55,10183.34,NaN,NaN,NaN
8731,2443.37,10387.29,5,6,0.0000
8732,2671.44,10484.86,NaN,NaN,NaN
8733,2513.99,10410.15,NaN,NaN,NaN
8734,2628.97,10335.55,NaN,NaN,NaN
8735,2685.70,10235.40,2,4,2.0000
8736,2812.73,10396.54,0,0,0.0000
8737,2982.94,10345.70,NaN,NaN,NaN
8738,3037.43,10260.43,2,2,0.0000
8739,2697.44,10128.75,2,3,0.0000
8740,2569.65,10378.24,NaN,NaN,NaN
8741,3078.63,10872.23,NaN,NaN,NaN
8742,2768.60,10339.34,0,0,0.0000
8743,2754.33,10612.85,0,0,0.0000
8744,3128.29,10130.78,NaN,NaN,NaN
8745,3137.21,10849.15,0,0,0.0000
8746,2465.87,10187.18,2,3,0.0000
8747,2698.13,10307.05,0,0,0.0000
8748,3034.78,10141.02,NaN,NaN,NaN
8749,2885.43,10433.07,NaN,NaN,NaN
8750,2987.81,10177.68,NaN,NaN,NaN
8751,2472.06,10271.85,NaN,NaN,NaN
8752,2744.66,10461.93,0,0,0.0000
8753,2934.79,10376.53,0,0,0.0000
8754,2517.70,10235.72,3,3,0.0000
8755,2592.51,10279.72,NaN,NaN,NaN
8756,2657.56,10408.13,0,0,0.0000
8757,3113.00,10230.75,NaN,NaN,NaN
8758,2943.66,10277.05,0,0,0.0000
8759,2921.83,10842.51,NaN,NaN,NaN
8760,2577.07,10463.60,2,3,0.0000
8761,3014.10,10395.45,0,0,0.0000
8762,3071.54,10364.85,NaN,NaN,NaN
8763,2993.18,10849.56,0,0,0.0000
8764,2625.49,10181.20,0,0,0.0000
8765,2631.07,10527.61,2,2,0.0000
8766,2785.98,10232.83,NaN,NaN,NaN
8767,2815.05,10147.54,0,0,0.0000
8768,2539.82,10190.95,NaN,NaN,NaN
8769,2722.43,10403.47,0,0,0.0000
8770,2711.61,10582.03,NaN,NaN,NaN
8771,3175.87,10399.54,0,0,0.0000
8772,3164.45,10251.97,0,0,0.0000
8773,3105.13,10181.21,0,0,0.0000
8774,2706.38,10368.57,0,0,0.0000
8775,3008.53,10215.97,NaN,NaN,NaN
8776,2832.82,10442.09,0,0,0.0000
8777,2487.76,10334.23,0,0,0.0000
8778,2544.77,10271.92,NaN,NaN,NaN
8779,3065.40,10200.59,NaN,NaN,NaN
8780,2499.41,10455.84,NaN,NaN,NaN
8781,2528.79,10311.61,0,0,0.0000
8782,2578.07,10222.70,0,0,0.0000
8783,3176.49,10211.11,0,0,0.0000
8784,2610.78,10225.82,0,0,0.0000
8785,3674.78,10353.62,3,5,0.0000
8786,3797.79,10737.12,NaN,NaN,NaN
8787,3687.67,10678.20,NaN,NaN,NaN
8788,3371.83,10418.10,3,5,0.0000
8789,3519.65,10391.25,2,0,0.0000
8790,3596.54,10841.86,NaN,NaN,NaN
8791,3512.08,10249.23,NaN,NaN,NaN
8792,3223.73,10310.77,3,5,0.0000
8793,3712.93,10784.65,2,5,2.5000
8794,3752.48,10550.29,NaN,NaN,NaN
8795,3648.88,10424.54,NaN,NaN,NaN
8796,3644.74,10591.19,NaN,NaN,NaN
8797,3803.29,10387.89,3,5,0.0000
8798,3665.24,10830.78,NaN,NaN,NaN
8799,3436.79,10270.80,NaN,NaN,NaN
8800,3286.44,10380.22,NaN,NaN,NaN
8801,3823.39,10473.61,NaN,NaN,NaN
8802,3424.56,10351.21,4,4,0.0000
8803,3310.52,10279.07,2,3,0.0000
8804,3234.02,10401.22,0,0,0.0000
8805,3239.66,10460.39,NaN,NaN,NaN
8806,3794.34,10869.68,2,4,2.0000
8807,3725.27,10470.27,5,6,0.0000
8808,3588.46,10452.11,NaN,NaN,NaN
8809,3565.65,10326.95,4,7,0.0000
8810,3644.29,10522.80,4,6,0.0000
8811,3333.50,10344.49,0,0,0.0000
8812,3611.60,10258.99,0,0,0.0000
8813,3467.03,10877.40,NaN,NaN,NaN
8814,3561.61,10511.04,NaN,NaN,NaN
8815,3355.49,10113.56,NaN,NaN,NaN
8816,3528.76,10562.28,0,0,0.0000
8817,3811.16,10819.50,NaN,NaN,NaN
8818,3389.04,10206.40,NaN,NaN,NaN
8819,3216.50,10248.73,0,0,0.0000
8820,3786.37,10442.23,NaN,NaN,NaN
8821,3721.83,10866.85,0,0,0.0000
8822,3581.49,10582.26,3,6,2.0000
8823,3854.59,10794.78,0,0,0.0000
8824,3772.67,10644.53,2,2,0.0000
8825,4242.21,10414.85,NaN,NaN,NaN
8826,4478.23,10422.40,0,0,0.0000
8827,4365.29,10317.53,NaN,NaN,NaN
8828,4422.62,10631.58,NaN,NaN,NaN
8829,4463.58,10147.98,0,0,0.0000
8830,4585.56,10177.09,NaN,NaN,NaN
8831,4480.25,10558.29,NaN,NaN,NaN
8832,4729.16,10702.75,NaN,NaN,NaN
8833,4384.79,10520.19,3,7,2.3333
8834,4120.49,10541.92,NaN,NaN,NaN
8835,4610.85,10717.95,2,5,2.5000
8836,4495.92,10275.72,NaN,NaN,NaN
8837,4261.60,10272.16,0,0,0.0000
8838,4518.18,10719.65,NaN,NaN,NaN
8839,4596.83,10856.84,NaN,NaN,NaN
8840,4681.75,10879.84,NaN,NaN,NaN
8841,4663.23,10451.01,NaN,NaN,NaN
8842,4580.52,10646.39,2,3,0.0000
8843,4434.10,10842.95,NaN,NaN,NaN
8844,4116.99,10373.00,2,2,0.0000
8845,4596.31,10354.50,NaN,NaN,NaN
8846,4195.48,10550.66,NaN,NaN,NaN
8847,4382.67,10216.17,2,6,3.0000
8848,4564.71,10433.93,2,2,0.0000
8849,4623.77,10251.92,4,7,0.0000
8850,4321.46,10463.08,NaN,NaN,NaN
8851,4692.27,10615.05,NaN,NaN,NaN
8852,4019.89,10487.24,NaN,NaN,NaN
8853,4580.57,10491.43,NaN,NaN,NaN
8854,4645.92,10181.72,NaN,NaN,NaN
8855,4195.46,10339.42,2,4,2.0000
8856,4342.49,10162.18,NaN,NaN,NaN
8857,4262.95,10555.89,NaN,NaN,NaN
8858,4670.70,10795.61,NaN,NaN,NaN
8859,4631.48,10608.47,2,4,2.0000
8860,4575.65,10769.04,NaN,NaN,NaN
8861,4701.34,10212.33,2,6,3.0000
8862,4364.71,10404.31,2,3,0.0000
8863,4203.28,10276.68,0,0,0.0000
8864,4444.96,10763.08,2,3,0.0000
8865,4577.35,10573.02,0,0,0.0000
8866,4665.17,10288.05,NaN,NaN,NaN
8867,4320.68,10570.52,2,3,0.0000
8868,4265.75,10612.12,NaN,NaN,NaN
8869,4438.91,10247.71,NaN,NaN,NaN
8870,4532.65,10328.17,0,0,0.0000
8871,4033.82,10382.95,NaN,NaN,NaN
8872,4419.28,10728.41,NaN,NaN,NaN
8873,4482.40,10793.91,NaN,NaN,NaN
8874,4729.74,10834.21,0,0,0.0000
8875,4688.07,10517.46,NaN,NaN,NaN
8876,4532.92,10820.50,0,0,0.0000
8877,4103.02,10635.93,3,3,0.0000
8878,4338.45,10873.76,NaN,NaN,NaN
8879,4553.19,10128.11,NaN,NaN,NaN
8880,4605.70,10518.01,0,0,0.0000
8881,4512.96,10204.08,NaN,NaN,NaN
8882,4602.16,10301.74,3,2,0.0000
8883,4713.40,10753.97,NaN,NaN,NaN
8884,4625.23,10788.60,NaN,NaN,NaN
8885,4721.85,10500.36,NaN,NaN,NaN
8886,4664.11,10557.41,0,0,0.0000
8887,4373.89,10821.90,NaN,NaN,NaN
8888,5345.45,10386.69,0,0,0.0000
8889,5407.54,10176.71,NaN,NaN,NaN
8890,5260.97,10206.54,NaN,NaN,NaN
8891,5474.62,10265.02,0,0,0.0000
8892,4745.47,10564.97,4,6,0.0000
8893,5433.87,10470.30,3,7,2.3333
8894,4785.82,10630.20,3,7,2.3333
8895,5483.20,10694.36,3,4,0.0000
8896,5492.36,10595.67,0,0,0.0000
8897,5427.65,10630.80,2,3,0.0000
8898,4736.85,10789.22,NaN,NaN,NaN
8899,5488.94,10374.55,NaN,NaN,NaN
8900,5322.70,10168.47,0,0,0.0000
8901,5398.07,10267.56,NaN,NaN,NaN
8902,4795.37,10685.43,2,2,0.0000
8903,5326.52,10516.14,0,0,0.0000
8904,4738.48,10440.10,NaN,NaN,NaN
8905,4779.50,10841.03,NaN,NaN,NaN
8906,5406.47,10571.04,NaN,NaN,NaN
8907,5443.83,10755.15,NaN,NaN,NaN
8908,5404.81,10319.47,0,0,0.0000
8909,5438.01,10715.82,NaN,NaN,NaN
8910,4763.45,10401.66,NaN,NaN,NaN
8911,5455.00,10361.09,2,6,3.0000
8912,5773.91,10703.20,NaN,NaN,NaN
8913,5851.93,10370.48,2,3,0.0000
8914,5556.88,10583.31,NaN,NaN,NaN
8915,5722.25,10290.07,2,6,3.0000
8916,5669.30,10191.74,NaN,NaN,NaN
8917,5583.26,10465.55,NaN,NaN,NaN
8918,5933.02,10508.77,NaN,NaN,NaN
8919,5746.60,10201.40,0,0,0.0000
8920,5662.04,10532.76,NaN,NaN,NaN
8921,5980.58,10699.63,NaN,NaN,NaN
8922,5642.99,10853.59,3,4,0.0000
8923,6066.61,10867.67,0,0,0.0000
8924,6055.15,10699.78,NaN,NaN,NaN
8925,6115.17,10775.30,NaN,NaN,NaN
8926,5907.65,10605.47,NaN,NaN,NaN
8927,5662.13,10391.61,0,0,0.0000
8928,5810.80,10476.11,2,2,0.0000
8929,5695.77,10767.82,3,6,2.0000
8930,6061.67,10459.48,0,0,0.0000
8931,5547.10,10741.97,0,0,0.0000
8932,6004.73,10576.67,NaN,NaN,NaN
8933,6048.21,10535.64,NaN,NaN,NaN
8934,5748.53,10378.05,0,0,0.0000
8935,5551.32,10204.48,3,4,0.0000
8936,5506.57,10485.15,NaN,NaN,NaN
8937,5631.57,10750.87,0,0,0.0000
8938,5716.86,10451.32,2,5,2.5000
8939,5653.85,10650.32,NaN,NaN,NaN
8940,5775.22,10580.28,NaN,NaN,NaN
8941,5957.82,10417.72,NaN,NaN,NaN
8942,5886.37,10721.31,0,0,0.0000
8943,5881.19,10819.20,NaN,NaN,NaN
8944,5551.81,10849.71,NaN,NaN,NaN
8945,5955.60,10804.29,0,0,0.0000
8946,5590.19,10795.02,0,0,0.0000
8947,5540.76,10407.09,NaN,NaN,NaN
8948,5762.35,10501.28,2,6,3.0000
8949,6073.63,10622.42,4,6,0.0000
8950,5588.60,10683.61,2,3,0.0000
8951,5624.51,10154.25,0,0,0.0000
8952,5988.71,10635.43,NaN,NaN,NaN
8953,5528.13,10667.99,0,0,0.0000
8954,5902.93,10767.32,0,0,0.0000
8955,5838.79,10203.11,NaN,NaN,NaN
8956,5854.56,10590.10,NaN,NaN,NaN
8957,6096.84,10542.28,NaN,NaN,NaN
8958,5875.79,10473.18,NaN,NaN,NaN
8959,5705.34,10610.14,0,0,0.0000
8960,5863.91,10646.46,0,0,0.0000
8961,5532.09,10360.35,0,0,0.0000
8962,7034.18,10712.26,NaN,NaN,NaN
8963,6990.92,10559.73,NaN,NaN,NaN
8964,7040.96,10629.17,NaN,NaN,NaN
8965,7065.92,10831.43,0,0,0.0000
8966,7040.57,10492.38,2,4,2.0000
8967,7515.75,10787.87,NaN,NaN,NaN
8968,7490.48,10858.02,0,0,0.0000
8969,7062.43,10549.79,2,3,0.0000
8970,7489.59,10813.21,NaN,NaN,NaN
8971,7424.52,10740.99,0,0,0.0000
8972,7398.92,10815.42,NaN,NaN,NaN
8973,7497.45,10617.18,0,0,0.0000
8974,7552.07,10544.25,2,2,0.0000
8975,7419.09,10683.67,NaN,NaN,NaN
8976,7452.66,10692.45,NaN,NaN,NaN
8977,7487.59,10657.02,0,0,0.0000
8978,7453.06,10640.13,0,0,0.0000
8979,7508.93,10502.02,NaN,NaN,NaN
8980,8356.76,10151.27,0,0,0.0000
8981,8342.78,10236.72,NaN,NaN,NaN
8982,8417.07,10443.49,NaN,NaN,NaN
8983,8272.41,10203.51,3,7,2.3333
8984,8364.52,10340.58,0,0,0.0000
8985,9024.81,10516.42,NaN,NaN,NaN
8986,8886.39,10440.45,0,0,0.0000
8987,8972.41,10331.91,NaN,NaN,NaN
8988,9130.03,10192.76,0,0,0.0000
8989,9261.84,10787.09,NaN,NaN,NaN
8990,8912.65,10526.56,2,3,0.0000
8991,8819.18,10342.60,NaN,NaN,NaN
8992,9160.74,10304.10,0,0,0.0000
8993,9075.28,10361.49,0,0,0.0000
8994,8694.47,10799.89,0,0,0.0000
8995,9251.62,10260.42,0,0,0.0000
8996,9022.16,10727.11,0,0,0.0000
8997,9081.61,10279.09,NaN,NaN,NaN
8998,9022.67,10837.63,NaN,NaN,NaN
8999,9154.23,10404.87,NaN,NaN,NaN
9000,9232.03,10879.80,NaN,NaN,NaN
9001,9341.77,10617.07,NaN,NaN,NaN
9002,8855.27,10658.47,NaN,NaN,NaN
9003,8854.76,10269.72,2,6,3.0000
9004,8993.21,10232.81,NaN,NaN,NaN
9005,8828.87,10536.85,2,6,3.0000
9006,8945.79,10873.07,NaN,NaN,NaN
9007,8889.68,10603.57,NaN,NaN,NaN
9008,8829.40,10484.85,NaN,NaN,NaN
9009,9217.10,10730.20,NaN,NaN,NaN
9010,9197.46,10491.73,NaN,NaN,NaN
9011,8804.71,10864.15,0,0,0.0000
9012,8805.46,10612.06,3,6,2.0000
9013,9286.14,10664.73,NaN,NaN,NaN
9014,9079.26,10830.40,NaN,NaN,NaN
9015,8874.10,10742.68,NaN,NaN,NaN
9016,8760.65,10276.81,0,0,0.0000
9017,9001.09,10292.85,0,0,0.0000
9018,9215.45,10665.61,0,0,0.0000
9019,9140.01,10527.13,NaN,NaN,NaN
9020,8959.67,10774.25,0,0,0.0000
9021,9251.95,10443.64,0,0,0.0000
9022,9044.34,10415.95,2,5,2.5000
9023,9334.67,10392.33,NaN,NaN,NaN
9024,9144.56,10794.61,0,0,0.0000
9025,8783.77,10561.14,NaN,NaN,NaN
9026,9316.13,10716.63,NaN,NaN,NaN
9027,9331.74,10820.25,0,0,0.0000
9028,9103.25,10846.19,NaN,NaN,NaN
9029,9220.81,10225.14,0,0,0.0000
9030,9280.97,10399.89,0,0,0.0000
9031,9203.70,10699.05,0,0,0.0000
9032,9104.46,10475.14,0,0,0.0000
9033,9041.95,10582.02,NaN,NaN,NaN
9034,9312.23,10189.49,0,0,0.0000
9035,9103.93,10430.39,NaN,NaN,NaN
9036,9165.20,10843.24,NaN,NaN,NaN
9037,8923.44,10360.65,0,0,0.0000
9038,9291.56,10631.41,0,0,0.0000
9039,9251.31,10831.44,0,0,0.0000
9040,9267.89,10746.01,NaN,NaN,NaN
9041,9284.03,10700.81,NaN,NaN,NaN
9042,8965.52,10824.27,0,0,0.0000
9043,9627.19,10699.96,2,7,3.5000
9044,9576.63,10846.90,0,0,0.0000
9045,9451.50,10773.60,NaN,NaN,NaN
9046,9648.81,10547.43,NaN,NaN,NaN
9047,9409.88,10682.31,NaN,NaN,NaN
9048,9680.68,10467.15,3,6,2.0000
9049,9422.64,10847.93,0,0,0.0000
9050,9631.76,10624.73,0,0,0.0000
9051,9345.07,10117.54,0,0,0.0000
9052,9361.61,10869.51,0,0,0.0000
9053,9540.74,10741.56,0,0,0.0000
9054,9460.00,10644.20,NaN,NaN,NaN
9055,9842.78,10581.51,0,0,0.0000
9056,9610.64,10459.64,2,5,2.5000
9057,9347.46,10748.46,0,0,0.0000
9058,9366.56,10263.04,0,0,0.0000
9059,9464.53,10360.41,0,0,0.0000
9060,9412.99,10363.35,NaN,NaN,NaN
9061,9719.02,10525.87,0,0,0.0000
9062,9400.89,10604.87,NaN,NaN,NaN
9063,9914.48,10175.23,NaN,NaN,NaN
9064,9496.74,10556.91,0,0,0.0000
9065,9750.08,10683.90,NaN,NaN,NaN
9066,9355.59,10685.03,NaN,NaN,NaN
9067,10016.86,10155.45,NaN,NaN,NaN
9068,9519.60,10775.10,0,0,0.0000
9069,10818.79,10419.97,3,7,2.3333
9070,10705.66,10115.68,0,0,0.0000
9071,10784.66,10134.32,0,0,0.0000
9072,10703.25,10415.80,3,4,0.0000
9073,10752.75,10215.16,0,0,0.0000
9074,10870.06,10482.42,0,0,0.0000
9075,10681.34,10198.78,0,0,0.0000
9076,10488.45,10141.20,0,0,0.0000
9077,10755.06,10378.06,0,0,0.0000
9078,10623.65,10184.82,3,5,0.0000
9079,10825.95,10299.70,2,8,4.0000
9080,10553.23,10129.22,NaN,NaN,NaN
9081,10840.24,10775.08,NaN,NaN,NaN
9082,10801.25,10783.14,NaN,NaN,NaN
9083,10683.10,10265.58,NaN,NaN,NaN
9084,11110.12,10218.03,2,6,3.0000
9085,11149.67,10532.21,NaN,NaN,NaN
9086,11068.95,10390.94,NaN,NaN,NaN
9087,11008.78,10429.73,2,4,2.0000
9088,11066.12,10625.72,3,2,0.0000
9089,11002.05,10283.83,NaN,NaN,NaN
9090,11002.40,10188.16,NaN,NaN,NaN
9091,10966.14,10618.78,3,4,0.0000
9092,11161.05,10353.30,NaN,NaN,NaN
9093,10924.81,10307.40,0,0,0.0000
9094,11145.17,10426.40,NaN,NaN,NaN
9095,11231.56,10498.51,0,0,0.0000
9096,11231.34,10351.79,NaN,NaN,NaN
9097,10977.72,10707.87,NaN,NaN,NaN
9098,11196.44,10114.68,0,0,0.0000
9099,10921.67,10116.84,NaN,NaN,NaN
9100,11269.00,10202.46,NaN,NaN,NaN
9101,10891.48,10641.92,NaN,NaN,NaN
9102,10935.27,10485.41,7,14,2.0000
9103,11278.39,10564.19,NaN,NaN,NaN
9104,10899.37,10794.27,NaN,NaN,NaN
9105,10980.78,10131.88,2,2,0.0000
9106,10903.39,10690.67,NaN,NaN,NaN
9107,11250.45,10270.60,NaN,NaN,NaN
9108,11028.56,10526.94,3,6,2.0000
9109,10964.24,10525.41,NaN,NaN,NaN
9110,11125.10,10604.18,0,0,0.0000
9111,11238.38,10426.24,NaN,NaN,NaN
9112,10899.66,10848.50,NaN,NaN,NaN
9113,10940.94,10857.27,0,0,0.0000
9114,12406.75,10828.37,NaN,NaN,NaN
9115,12308.96,10639.13,NaN,NaN,NaN
9116,12377.17,10579.75,NaN,NaN,NaN
9117,12377.06,10498.91,3,3,0.0000
9118,12407.07,10704.13,NaN,NaN,NaN
9119,12369.04,10673.48,NaN,NaN,NaN
9120,12273.55,10762.74,NaN,NaN,NaN
9121,12299.14,10719.23,2,7,3.5000
9122,12275.68,10800.52,0,0,0.0000
9123,12470.28,10421.38,NaN,NaN,NaN
9124,12531.98,10336.31,2,3,0.0000
9125,12591.43,10497.45,NaN,NaN,NaN
9126,12642.21,10592.68,2,5,2.5000
9127,12631.69,10316.46,4,7,0.0000
9128,12478.75,10581.68,NaN,NaN,NaN
9129,12445.26,10500.59,NaN,NaN,NaN
9130,12529.30,10551.15,NaN,NaN,NaN
9131,12663.89,10503.70,0,0,0.0000
9132,12553.01,10707.43,0,0,0.0000
9133,12549.81,10613.64,3,8,2.6667
9134,12638.67,10272.11,0,0,0.0000
9135,12581.19,10651.35,NaN,NaN,NaN
9136,12887.08,10750.69,NaN,NaN,NaN
9137,12861.09,10831.92,0,0,0.0000
9138,12461.43,10724.96,NaN,NaN,NaN
9139,12621.98,10411.26,NaN,NaN,NaN
9140,12632.28,10372.07,NaN,NaN,NaN
9141,12467.58,10627.54,NaN,NaN,NaN
9142,12515.93,10663.38,NaN,NaN,NaN
9143,12612.15,10705.16,0,0,0.0000
9144,12912.72,10693.61,NaN,NaN,NaN
9145,15182.92,10644.77,3,3,0.0000
9146,15067.41,10592.68,0,0,0.0000
9147,15037.04,10685.85,2,4,2.0000
9148,15123.76,10843.92,NaN,NaN,NaN
9149,15341.46,10593.63,0,0,0.0000
9150,14879.93,10694.44,3,7,2.3333
9151,15443.02,10851.12,NaN,NaN,NaN
9152,14805.00,10767.72,2,3,0.0000
9153,15329.53,10829.48,2,4,2.0000
9154,14927.11,10827.66,NaN,NaN,NaN
9155,14969.22,10261.49,0,0,0.0000
9156,14973.05,10383.25,0,0,0.0000
9157,15032.23,10377.29,2,2,0.0000
9158,15293.39,10768.94,NaN,NaN,NaN
9159,15118.99,10290.95,NaN,NaN,NaN
9160,15198.53,10500.51,3,2,0.0000
9161,15065.41,10511.26,2,5,2.5000
9162,15093.61,10775.99,NaN,NaN,NaN
9163,15155.57,10748.12,NaN,NaN,NaN
9164,15232.85,10864.79,2,4,2.0000
9165,14939.27,10751.35,0,0,0.0000
9166,15260.21,10691.89,NaN,NaN,NaN
9167,14916.20,10382.47,NaN,NaN,NaN
9168,15098.31,10242.02,NaN,NaN,NaN
9169,15211.60,10793.47,0,0,0.0000
9170,15237.36,10736.43,NaN,NaN,NaN
9171,15307.64,10634.58,NaN,NaN,NaN
9172,15149.28,10540.01,2,2,0.0000
9173,15108.59,10458.41,NaN,NaN,NaN
9174,14891.21,10280.52,0,0,0.0000
9175,14868.30,10612.49,NaN,NaN,NaN
9176,15123.49,10619.39,0,0,0.0000
9177,15181.26,10356.81,NaN,NaN,NaN
9178,14996.69,10513.76,NaN,NaN,NaN
9179,15154.06,10801.53,2,1,0.0000
9180,14979.91,10576.86,3,5,0.0000
9181,14925.70,10586.73,2,3,0.0000
9182,15115.62,10353.76,NaN,NaN,NaN
9183,14927.36,10228.20,3,2,0.0000
9184,15056.12,10444.92,NaN,NaN,NaN
9185,14978.80,10429.06,NaN,NaN,NaN
9186,14728.50,10850.22,NaN,NaN,NaN
9187,14765.56,10794.97,NaN,NaN,NaN
9188,15112.25,10520.03,NaN,NaN,NaN
9189,14882.56,10771.86,0,0,0.0000
9190,16275.56,10225.11,0,0,0.0000
9191,16323.34,10502.18,NaN,NaN,NaN
9192,16333.85,10572.81,NaN,NaN,NaN
9193,575.24,11597.59,2,2,0.0000
9194,766.09,11170.26,NaN,NaN,NaN
9195,419.89,10881.47,4,4,0.0000
9196,860.66,11530.27,3,4,0.0000
9197,698.51,11004.25,3,5,0.0000
9198,492.57,11161.05,NaN,NaN,NaN
9199,691.08,11543.73,0,0,0.0000
9200,718.57,10928.16,NaN,NaN,NaN
9201,822.31,11282.42,2,2,0.0000
9202,413.53,11541.46,NaN,NaN,NaN
9203,492.44,11450.19,2,3,0.0000
9204,505.15,10943.45,2,3,0.0000
9205,559.42,11452.40,NaN,NaN,NaN
9206,331.15,10978.63,NaN,NaN,NaN
9207,256.40,10926.40,0,0,0.0000
9208,751.80,11408.42,NaN,NaN,NaN
9209,842.94,11140.76,2,4,2.0000
9210,643.69,11092.81,0,0,0.0000
9211,657.76,11196.52,NaN,NaN,NaN
9212,803.62,11075.60,NaN,NaN,NaN
9213,579.32,11266.87,4,9,2.2500
9214,708.54,11635.61,2,5,2.5000
9215,462.73,11386.03,0,0,0.0000
9216,609.81,11015.95,3,5,0.0000
9217,672.76,11397.51,NaN,NaN,NaN
9218,841.04,11459.17,0,0,0.0000
9219,284.80,11502.26,NaN,NaN,NaN
9220,491.22,11071.80,0,0,0.0000
9221,810.38,11393.44,NaN,NaN,NaN
9222,588.73,11171.89,NaN,NaN,NaN
9223,705.60,11315.78,2,4,2.0000
9224,583.32,10920.39,NaN,NaN,NaN
9225,350.99,11616.67,NaN,NaN,NaN
9226,555.36,11061.86,0,0,0.0000
9227,329.61,11574.18,2,2,0.0000
9228,607.40,11509.53,NaN,NaN,NaN
9229,598.90,11387.04,NaN,NaN,NaN
9230,512.93,11231.82,NaN,NaN,NaN
9231,657.36,11279.48,NaN,NaN,NaN
9232,265.78,11586.39,0,0,0.0000
9233,514.10,11281.90,NaN,NaN,NaN
9234,462.85,11008.22,NaN,NaN,NaN
9235,403.61,10991.50,0,0,0.0000
9236,632.78,11326.84,NaN,NaN,NaN
9237,39.51,11640.41,NaN,NaN,NaN
9238,411.72,11050.16,0,0,0.0000
9239,682.37,11146.79,NaN,NaN,NaN
9240,418.64,11236.60,NaN,NaN,NaN
9241,684.70,11458.07,2,4,2.0000
9242,764.48,11239.45,0,0,0.0000
9243,378.09,11190.58,NaN,NaN,NaN
9244,395.71,11401.14,NaN,NaN,NaN
9245,386.21,11108.83,NaN,NaN,NaN
9246,508.52,11647.19,NaN,NaN,NaN
9247,726.67,11086.47,0,0,0.0000
9248,332.45,11514.21,NaN,NaN,NaN
9249,869.46,11402.42,NaN,NaN,NaN
9250,449.80,11477.33,NaN,NaN,NaN
9251,78.03,10882.17,NaN,NaN,NaN
9252,443.30,11102.61,0,0,0.0000
9253,366.25,11044.18,0,0,0.0000
9254,82.96,10936.61,NaN,NaN,NaN
9255,411.76,11464.50,3,6,2.0000
9256,411.76,11322.97,2,4,2.0000
9257,795.98,11007.11,0,0,0.0000
9258,338.75,11407.84,3,6,2.0000
9259,476.66,11577.29,NaN,NaN,NaN
9260,366.81,11475.93,NaN,NaN,NaN
9261,563.23,10986.49,0,0,0.0000
9262,751.05,11493.44,NaN,NaN,NaN
9263,564.66,11120.66,0,0,0.0000
9264,525.47,11514.62,2,2,0.0000
9265,286.09,11630.06,NaN,NaN,NaN
9266,906.37,11630.86,0,0,0.0000
9267,921.05,11439.59,NaN,NaN,NaN
9268,938.42,11480.28,NaN,NaN,NaN
9269,2267.95,10985.57,0,0,0.0000
9270,1974.57,11043.53,NaN,NaN,NaN
9271,2424.60,11612.66,2,2,0.0000
9272,2065.78,11343.97,3,6,2.0000
9273,2332.74,11532.98,NaN,NaN,NaN
9274,2402.13,10967.89,NaN,NaN,NaN
9275,2229.40,11495.78,NaN,NaN,NaN
9276,2357.47,11140.38,NaN,NaN,NaN
9277,2409.08,11076.10,3,4,0.0000
9278,2421.34,11470.87,NaN,NaN,NaN
9279,2255.69,11354.46,NaN,NaN,NaN
9280,1986.12,11221.15,0,0,0.0000
9281,2329.44,11434.84,NaN,NaN,NaN
9282,2017.73,11125.43,NaN,NaN,NaN
9283,2397.46,11281.47,NaN,NaN,NaN
9284,2176.12,11129.22,NaN,NaN,NaN
9285,2028.07,10997.46,NaN,NaN,NaN
9286,2184.43,11383.96,NaN,NaN,NaN
9287,1972.55,10934.92,NaN,NaN,NaN
9288,2246.83,11607.65,NaN,NaN,NaN
9289,2229.56,11174.23,2,4,2.0000
9290,2166.29,11030.47,NaN,NaN,NaN
9291,2043.23,11198.82,4,5,0.0000
9292,1924.82,10963.24,3,8,2.6667
9293,2296.56,11163.35,NaN,NaN,NaN
9294,2396.20,10882.14,0,0,0.0000
9295,2248.39,11424.32,2,2,0.0000
9296,2267.01,11535.43,0,0,0.0000
9297,2086.65,11035.24,NaN,NaN,NaN
9298,2140.41,11319.51,NaN,NaN,NaN
9299,2063.41,10961.26,NaN,NaN,NaN
9300,2289.71,11243.18,NaN,NaN,NaN
9301,2279.97,11301.23,0,0,0.0000
9302,2123.07,11129.26,2,1,0.0000
9303,2387.56,11374.16,2,5,2.5000
9304,1949.93,10889.44,0,0,0.0000
9305,2351.92,11328.73,NaN,NaN,NaN
9306,2124.80,11419.67,NaN,NaN,NaN
9307,2338.28,11207.40,NaN,NaN,NaN
9308,2107.08,11072.99,2,2,0.0000
9309,2343.75,11256.51,3,4,0.0000
9310,2190.43,11453.19,NaN,NaN,NaN
9311,1954.48,11151.15,NaN,NaN,NaN
9312,2201.65,11300.44,NaN,NaN,NaN
9313,2216.35,11090.32,0,0,0.0000
9314,2109.97,11236.00,2,4,2.0000
9315,2023.00,10903.99,2,3,0.0000
9316,2080.08,11139.02,NaN,NaN,NaN
9317,2158.72,11190.22,0,0,0.0000
9318,2431.25,11142.83,3,3,0.0000
9319,2149.74,11470.98,0,0,0.0000
9320,1933.71,11103.25,0,0,0.0000
9321,2139.16,10953.12,NaN,NaN,NaN
9322,2560.64,11273.71,NaN,NaN,NaN
9323,2836.13,11417.27,2,0,0.0000
9324,2609.26,11437.98,NaN,NaN,NaN
9325,2638.23,11171.59,0,0,0.0000
9326,2457.37,11363.24,NaN,NaN,NaN
9327,2518.83,11504.44,NaN,NaN,NaN
9328,2779.19,11548.51,NaN,NaN,NaN
9329,2758.44,11637.47,0,0,0.0000
9330,2737.98,11457.87,NaN,NaN,NaN
9331,2662.22,11364.78,NaN,NaN,NaN
9332,2463.68,11187.79,0,0,0.0000
9333,2930.38,11566.71,2,2,0.0000
9334,2526.40,10943.69,NaN,NaN,NaN
9335,2649.69,11524.96,NaN,NaN,NaN
9336,2717.16,11198.15,0,0,0.0000
9337,2574.20,11045.83,NaN,NaN,NaN
9338,2565.54,11608.29,NaN,NaN,NaN
9339,2880.68,11538.45,NaN,NaN,NaN
9340,2504.23,11605.20,0,0,0.0000
9341,2914.50,10884.88,NaN,NaN,NaN
9342,2502.62,11049.19,NaN,NaN,NaN
9343,3055.38,10958.61,NaN,NaN,NaN
9344,2679.73,11608.02,NaN,NaN,NaN
9345,2695.90,11310.07,3,4,0.0000
9346,2746.38,11366.43,2,2,0.0000
9347,2971.74,11593.56,0,0,0.0000
9348,2962.49,10943.57,NaN,NaN,NaN
9349,2465.57,11245.62,3,4,0.0000
9350,2529.79,11109.61,NaN,NaN,NaN
9351,2799.08,11279.86,0,0,0.0000
9352,2507.97,11426.88,0,0,0.0000
9353,2596.20,10940.00,NaN,NaN,NaN
9354,2475.39,10987.55,0,0,0.0000
9355,2617.34,11000.96,0,0,0.0000
9356,2773.27,11178.62,0,0,0.0000
9357,3091.06,10923.55,0,0,0.0000
9358,2837.70,11629.71,0,0,0.0000
9359,3625.29,11035.07,NaN,NaN,NaN
9360,3472.81,10983.37,NaN,NaN,NaN
9361,3469.87,11235.78,0,0,0.0000
9362,3504.36,11102.03,NaN,NaN,NaN
9363,3217.84,10915.64,2,4,2.0000
9364,3379.97,11295.07,0,0,0.0000
9365,3350.31,11130.06,3,5,0.0000
9366,3345.25,11217.54,NaN,NaN,NaN
9367,3546.43,10888.62,NaN,NaN,NaN
9368,3815.28,10960.20,0,0,0.0000
9369,3849.02,10895.16,NaN,NaN,NaN
9370,3691.48,11095.94,NaN,NaN,NaN
9371,3557.72,11230.52,NaN,NaN,NaN
9372,3358.34,11055.41,NaN,NaN,NaN
9373,3596.90,11183.63,2,0,0.0000
9374,3685.13,10947.76,NaN,NaN,NaN
9375,3413.73,11079.13,0,0,0.0000
9376,3623.85,11231.63,NaN,NaN,NaN
9377,3369.04,10904.61,NaN,NaN,NaN
9378,3738.73,10911.82,NaN,NaN,NaN
9379,3575.64,10967.76,NaN,NaN,NaN
9380,3276.54,11104.96,NaN,NaN,NaN
9381,3206.28,11071.75,NaN,NaN,NaN
9382,3581.38,11133.81,2,4,2.0000
9383,3457.73,11347.99,NaN,NaN,NaN
9384,3645.66,11271.27,0,0,0.0000
9385,3281.34,11048.31,NaN,NaN,NaN
9386,3358.04,10988.99,3,3,0.0000
9387,3686.60,11383.78,NaN,NaN,NaN
9388,4420.75,11624.07,3,2,0.0000
9389,4547.76,11076.97,NaN,NaN,NaN
9390,4604.17,10929.53,2,4,2.0000
9391,4592.27,11013.73,0,0,0.0000
9392,4682.54,10880.14,NaN,NaN,NaN
9393,4506.51,10891.10,2,2,0.0000
9394,4212.08,11639.74,NaN,NaN,NaN
9395,4469.10,11101.77,0,0,0.0000
9396,4669.64,10965.53,NaN,NaN,NaN
9397,4507.78,10994.31,2,4,2.0000
9398,4382.52,10957.35,NaN,NaN,NaN
9399,4522.84,11587.86,NaN,NaN,NaN
9400,4281.45,11559.27,2,3,0.0000
9401,4648.24,11052.47,2,7,3.5000
9402,4460.38,11041.29,NaN,NaN,NaN
9403,4415.62,11134.44,3,2,0.0000
9404,4362.74,11097.00,0,0,0.0000
9405,4361.33,11568.44,NaN,NaN,NaN
9406,4358.83,11133.10,3,0,0.0000
9407,4443.89,10940.55,NaN,NaN,NaN
9408,4631.66,11595.53,NaN,NaN,NaN
9409,4695.09,11025.19,NaN,NaN,NaN
9410,4115.60,11637.11,0,0,0.0000
9411,4326.63,10941.80,0,0,0.0000
9412,4130.03,11531.52,0,0,0.0000
9413,4399.85,11519.29,0,0,0.0000
9414,4442.77,10993.85,NaN,NaN,NaN
9415,4753.35,10906.26,2,3,0.0000
9416,4742.12,11002.00,0,0,0.0000
9417,6000.41,10901.09,0,0,0.0000
9418,5826.33,10955.74,NaN,NaN,NaN
9419,6091.59,11027.77,NaN,NaN,NaN
9420,5617.93,10917.85,0,0,0.0000
9421,5991.75,11137.10,NaN,NaN,NaN
9422,6224.24,11167.20,NaN,NaN,NaN
9423,5904.82,11043.74,3,2,0.0000
9424,6147.47,10973.41,3,6,2.0000
9425,6002.45,11190.95,0,0,0.0000
9426,6225.11,11087.09,5,5,0.0000
9427,5965.84,11080.74,3,4,0.0000
9428,6214.42,11282.82,NaN,NaN,NaN
9429,5848.36,11031.02,2,2,0.0000
9430,6137.68,11039.83,0,0,0.0000
9431,6123.90,11131.55,NaN,NaN,NaN
9432,5895.30,10993.65,3,4,0.0000
9433,5690.74,10945.18,2,3,0.0000
9434,6172.97,11263.62,0,0,0.0000
9435,6267.37,11222.73,0,0,0.0000
9436,6074.38,10954.66,NaN,NaN,NaN
9437,7014.11,11643.07,0,0,0.0000
9438,7008.85,11517.19,2,3,0.0000
9439,6978.27,11396.33,NaN,NaN,NaN
9440,6934.90,11502.74,0,0,0.0000
9441,7024.05,11293.89,0,0,0.0000
9442,6995.94,11333.94,NaN,NaN,NaN
9443,6295.06,11068.42,0,0,0.0000
9444,7030.91,11109.70,0,0,0.0000
9445,7067.37,10907.42,NaN,NaN,NaN
9446,7078.39,11073.47,NaN,NaN,NaN
9447,7043.54,11023.41,0,0,0.0000
9448,7586.54,11264.28,NaN,NaN,NaN
9449,7567.47,11209.03,NaN,NaN,NaN
9450,7802.33,11272.89,NaN,NaN,NaN
9451,7048.57,10963.71,0,0,0.0000
9452,7569.39,11037.36,NaN,NaN,NaN
9453,7531.81,11248.34,0,0,0.0000
9454,7663.54,11085.66,0,0,0.0000
9455,7557.82,10894.23,0,0,0.0000
9456,7794.41,11060.92,NaN,NaN,NaN
9457,7772.39,10997.39,0,0,0.0000
9458,7515.53,11333.01,NaN,NaN,NaN
9459,7933.66,11188.38,2,3,0.0000
9460,7966.34,11336.78,2,2,0.0000
9461,7882.24,11317.28,NaN,NaN,NaN
9462,7924.28,11082.86,NaN,NaN,NaN
9463,7952.76,11561.03,0,0,0.0000
9464,7809.75,11423.03,3,15,5.0000
9465,8063.21,11155.41,0,0,0.0000
9466,7836.30,11105.00,0,0,0.0000
9467,7824.53,11207.49,NaN,NaN,NaN
9468,7884.14,11497.05,NaN,NaN,NaN
9469,7859.38,11171.26,NaN,NaN,NaN
9470,8012.86,11524.00,NaN,NaN,NaN
9471,8006.94,11151.44,0,0,0.0000
9472,8001.69,11231.03,2,4,2.0000
9473,7898.55,11409.51,2,4,2.0000
9474,7972.06,11418.80,NaN,NaN,NaN
9475,8028.98,11394.12,NaN,NaN,NaN
9476,7910.23,11577.81,NaN,NaN,NaN
9477,7847.10,11508.97,NaN,NaN,NaN
9478,7812.55,11309.58,0,0,0.0000
9479,7964.00,11461.36,NaN,NaN,NaN
9480,8008.81,11594.99,NaN,NaN,NaN
9481,8034.20,11290.71,NaN,NaN,NaN
9482,7941.01,11012.61,0,0,0.0000
9483,8956.30,11110.37,NaN,NaN,NaN
9484,9032.18,11049.61,NaN,NaN,NaN
9485,9161.80,11481.13,NaN,NaN,NaN
9486,9112.58,11409.61,NaN,NaN,NaN
9487,9058.83,10924.12,NaN,NaN,NaN
9488,9257.31,11239.57,0,0,0.0000
9489,9292.69,11441.64,NaN,NaN,NaN
9490,9149.71,11050.40,0,0,0.0000
9491,9145.94,11296.58,0,0,0.0000
9492,9143.94,10898.57,0,0,0.0000
9493,8893.90,11042.04,NaN,NaN,NaN
9494,8941.54,11353.30,NaN,NaN,NaN
9495,8771.41,11099.40,2,3,0.0000
9496,9269.31,11337.38,3,7,2.3333
9497,9294.13,11077.67,NaN,NaN,NaN
9498,9233.95,10986.94,NaN,NaN,NaN
9499,9030.24,11219.45,2,3,0.0000
9500,9331.43,11553.70,NaN,NaN,NaN
9501,9047.27,11140.53,NaN,NaN,NaN
9502,8951.94,10993.57,0,0,0.0000
9503,9301.53,11006.14,NaN,NaN,NaN
9504,9004.22,11469.63,2,3,0.0000
9505,9262.26,11485.80,NaN,NaN,NaN
9506,8959.08,11229.93,0,0,0.0000
9507,9133.76,11547.00,NaN,NaN,NaN
9508,8701.98,11059.43,NaN,NaN,NaN
9509,9283.47,11160.02,0,0,0.0000
9510,9343.31,11376.32,NaN,NaN,NaN
9511,8902.18,10948.32,NaN,NaN,NaN
9512,8816.20,11271.21,5,4,0.0000
9513,8983.80,11272.72,NaN,NaN,NaN
9514,9277.85,11571.53,NaN,NaN,NaN
9515,8878.61,10888.23,2,4,2.0000
9516,8846.97,10953.98,NaN,NaN,NaN
9517,8925.58,11430.56,NaN,NaN,NaN
9518,9216.56,11172.07,0,0,0.0000
9519,9182.78,11127.35,0,0,0.0000
9520,9092.81,11003.15,0,0,0.0000
9521,9086.85,11304.23,NaN,NaN,NaN
9522,9014.53,11393.76,NaN,NaN,NaN
9523,9031.58,11527.07,NaN,NaN,NaN
9524,9188.98,11616.88,0,0,0.0000
9525,9205.13,11395.09,NaN,NaN,NaN
9526,9103.36,11590.01,2,4,2.0000
9527,8904.06,11161.02,NaN,NaN,NaN
9528,8808.42,10997.16,NaN,NaN,NaN
9529,9065.43,11365.04,3,2,0.0000
9530,9171.71,11212.73,0,0,0.0000
9531,9128.90,10967.10,0,0,0.0000
9532,8836.75,11073.66,0,0,0.0000
9533,8712.07,11004.85,NaN,NaN,NaN
9534,9226.38,11645.48,0,0,0.0000
9535,8991.74,10946.41,NaN,NaN,NaN
9536,9207.35,11551.20,NaN,NaN,NaN
9537,9277.94,10945.49,NaN,NaN,NaN
9538,9014.28,11329.96,NaN,NaN,NaN
9539,9007.92,11429.47,NaN,NaN,NaN
9540,9224.15,11046.80,NaN,NaN,NaN
9541,9036.38,11360.15,NaN,NaN,NaN
9542,8952.54,10924.66,NaN,NaN,NaN
9543,9083.47,11189.34,NaN,NaN,NaN
9544,9251.52,11527.95,0,0,0.0000
9545,8881.11,11383.60,NaN,NaN,NaN
9546,9222.15,11091.03,NaN,NaN,NaN
9547,9178.75,10959.33,NaN,NaN,NaN
9548,9216.63,10932.07,NaN,NaN,NaN
9549,9138.38,11135.82,0,0,0.0000
9550,8827.29,11314.04,NaN,NaN,NaN
9551,9096.12,11552.47,NaN,NaN,NaN
9552,9333.97,11121.31,2,2,0.0000
9553,8957.96,11192.50,NaN,NaN,NaN
9554,8864.85,10992.37,NaN,NaN,NaN
9555,9716.26,10893.91,NaN,NaN,NaN
9556,9555.48,11453.05,2,3,0.0000
9557,9420.00,11594.74,2,2,0.0000
9558,9621.28,11615.46,4,2,0.0000
9559,9499.04,11294.54,NaN,NaN,NaN
9560,9520.74,10988.58,0,0,0.0000
9561,9454.18,11127.98,NaN,NaN,NaN
9562,9538.37,11075.53,2,8,4.0000
9563,9364.67,10942.28,NaN,NaN,NaN
9564,9370.48,11290.43,0,0,0.0000
9565,9604.34,10965.91,0,0,0.0000
9566,9430.35,10972.63,NaN,NaN,NaN
9567,9365.33,11192.55,NaN,NaN,NaN
9568,9513.49,10895.03,0,0,0.0000
9569,9382.16,11468.32,0,0,0.0000
9570,9613.96,11157.98,0,0,0.0000
9571,9815.71,10892.71,0,0,0.0000
9572,10110.42,11576.23,NaN,NaN,NaN
9573,9447.82,11329.14,2,6,3.0000
9574,9390.21,11084.76,0,0,0.0000
9575,9463.74,11645.25,NaN,NaN,NaN
9576,9765.93,11408.65,0,0,0.0000
9577,9599.94,11511.03,NaN,NaN,NaN
9578,9562.25,11208.71,NaN,NaN,NaN
9579,9678.94,11255.53,3,13,4.3333
9580,9967.65,11624.76,NaN,NaN,NaN
9581,9540.03,11578.59,NaN,NaN,NaN
9582,9654.78,11523.96,0,0,0.0000
9583,9393.14,11532.09,4,5,0.0000
9584,9852.53,11024.89,NaN,NaN,NaN
9585,9685.79,10991.23,0,0,0.0000
9586,9474.89,11383.85,2,2,0.0000
9587,9646.78,11069.40,2,8,4.0000
9588,9677.59,11171.77,0,0,0.0000
9589,9768.26,11001.69,0,0,0.0000
9590,10019.66,11576.58,2,2,0.0000
9591,9903.84,11026.29,NaN,NaN,NaN
9592,9514.81,11393.61,NaN,NaN,NaN
9593,9713.18,11032.00,0,0,0.0000
9594,9476.58,11434.40,2,1,0.0000
9595,9613.06,11109.45,NaN,NaN,NaN
9596,9347.44,11509.64,2,3,0.0000
9597,10017.18,11610.95,2,2,0.0000
9598,9625.89,11463.14,2,6,3.0000
9599,10068.87,11525.69,NaN,NaN,NaN
9600,9756.69,10992.67,0,0,0.0000
9601,11796.64,11616.80,NaN,NaN,NaN
9602,11886.09,11503.55,0,0,0.0000
9603,11851.27,11550.41,0,0,0.0000
9604,13985.89,11264.69,2,3,0.0000
9605,15474.11,11423.41,0,0,0.0000
9606,15410.35,11373.72,NaN,NaN,NaN
9607,15338.01,11065.62,NaN,NaN,NaN
9608,15048.43,10959.00,NaN,NaN,NaN
9609,15402.51,11010.18,NaN,NaN,NaN
9610,15476.62,11168.00,2,2,0.0000
9611,14850.20,10884.58,2,2,0.0000
9612,15396.50,11552.27,NaN,NaN,NaN
9613,15302.60,11645.78,3,3,0.0000
9614,15296.24,10938.36,NaN,NaN,NaN
9615,15409.34,11135.88,NaN,NaN,NaN
9616,15285.64,10991.47,NaN,NaN,NaN
9617,15474.77,11522.91,NaN,NaN,NaN
9618,14803.79,10906.52,0,0,0.0000
9619,15382.68,11319.68,NaN,NaN,NaN
9620,15432.33,11270.93,5,11,2.2000
9621,15192.06,10969.58,0,0,0.0000
9622,15481.57,11586.17,0,0,0.0000
9623,14965.30,10990.48,0,0,0.0000
9624,14887.64,10933.37,0,0,0.0000
9625,15263.40,11598.11,0,0,0.0000
9626,15476.84,11629.13,2,4,2.0000
9627,15333.31,11572.17,2,3,0.0000
9628,14899.08,11148.07,0,0,0.0000
9629,15284.87,11546.52,0,0,0.0000
9630,15357.54,11512.35,0,0,0.0000
9631,14757.68,10895.85,0,0,0.0000
9632,15398.36,11241.83,0,0,0.0000
9633,15131.16,11329.88,2,1,0.0000
9634,15450.24,11503.85,0,0,0.0000
9635,15416.23,11601.11,2,4,2.0000
9636,15567.33,11204.52,NaN,NaN,NaN
9637,16025.51,11639.55,0,0,0.0000
9638,15696.85,11418.48,NaN,NaN,NaN
9639,15923.76,11544.59,NaN,NaN,NaN
9640,15550.26,11495.85,NaN,NaN,NaN
9641,15515.08,11276.54,NaN,NaN,NaN
9642,15609.60,11330.21,2,3,0.0000
9643,15748.95,11315.49,NaN,NaN,NaN
9644,15798.42,11423.12,NaN,NaN,NaN
9645,15848.23,11529.60,NaN,NaN,NaN
9646,15785.14,11630.16,NaN,NaN,NaN
9647,15533.69,10992.51,0,0,0.0000
9648,15586.22,11633.77,2,3,0.0000
9649,15907.64,11467.63,2,5,2.5000
9650,15629.27,11528.33,2,3,0.0000
9651,15633.05,11249.24,NaN,NaN,NaN
9652,15671.81,11588.52,NaN,NaN,NaN
9653,15526.48,11561.38,2,3,0.0000
9654,15678.53,11317.21,NaN,NaN,NaN
9655,15707.56,11528.74,NaN,NaN,NaN
9656,15790.15,11367.28,0,0,0.0000
9657,15541.60,11343.82,2,4,2.0000
9658,15761.63,11501.31,0,0,0.0000
9659,15747.68,11585.06,0,0,0.0000
9660,15579.17,10971.25,NaN,NaN,NaN
9661,15982.42,11577.11,0,0,0.0000
9662,15827.16,11324.02,2,4,2.0000
9663,15776.00,11267.52,NaN,NaN,NaN
9664,15611.66,11478.33,0,0,0.0000
9665,15677.72,11272.11,0,0,0.0000
9666,15569.97,11063.89,NaN,NaN,NaN
9667,15840.91,11478.25,0,0,0.0000
9668,15691.91,11194.94,NaN,NaN,NaN
9669,15800.84,11563.59,NaN,NaN,NaN
9670,15626.51,11641.25,0,0,0.0000
9671,15685.23,11636.28,NaN,NaN,NaN
9672,609.05,11764.96,NaN,NaN,NaN
9673,430.84,11672.85,0,0,0.0000
9674,769.39,11677.81,NaN,NaN,NaN
9675,385.48,11798.97,0,0,0.0000
9676,663.84,12271.00,NaN,NaN,NaN
9677,550.04,11933.22,4,6,0.0000
9678,501.35,11727.45,NaN,NaN,NaN
9679,870.67,11726.80,3,5,0.0000
9680,461.26,11824.68,NaN,NaN,NaN
9681,829.99,11997.00,3,6,2.0000
9682,598.04,12031.28,NaN,NaN,NaN
9683,842.59,11664.93,2,3,0.0000
9684,726.86,12323.35,NaN,NaN,NaN
9685,710.62,12109.90,NaN,NaN,NaN
9686,314.28,11814.21,2,2,0.0000
9687,83.19,11794.65,NaN,NaN,NaN
9688,811.51,11818.34,0,0,0.0000
9689,820.06,12151.20,NaN,NaN,NaN
9690,473.69,12025.41,NaN,NaN,NaN
9691,476.92,11890.71,NaN,NaN,NaN
9692,626.43,12218.91,2,3,0.0000
9693,636.10,11887.41,2,3,0.0000
9694,663.55,11971.10,2,2,0.0000
9695,782.59,11933.43,NaN,NaN,NaN
9696,40.42,11766.72,2,2,0.0000
9697,703.18,11912.66,2,2,0.0000
9698,449.35,12096.41,NaN,NaN,NaN
9699,319.99,11973.66,2,2,0.0000
9700,362.38,11721.84,3,8,2.6667
9701,373.16,12024.70,NaN,NaN,NaN
9702,807.32,12089.39,0,0,0.0000
9703,548.66,11855.95,NaN,NaN,NaN
9704,658.38,12051.16,NaN,NaN,NaN
9705,727.90,11756.52,0,0,0.0000
9706,753.76,11887.86,NaN,NaN,NaN
9707,286.39,11872.42,2,1,0.0000
9708,632.67,12167.94,NaN,NaN,NaN
9709,499.93,12094.14,3,4,0.0000
9710,786.02,12231.07,2,5,2.5000
9711,313.90,11711.20,NaN,NaN,NaN
9712,350.62,11901.65,0,0,0.0000
9713,751.74,12150.96,2,3,0.0000
9714,648.77,11680.98,4,4,0.0000
9715,872.46,11815.40,NaN,NaN,NaN
9716,714.42,11841.41,0,0,0.0000
9717,543.62,12140.15,NaN,NaN,NaN
9718,845.11,11924.22,0,0,0.0000
9719,512.99,12209.10,NaN,NaN,NaN
9720,426.91,11993.18,NaN,NaN,NaN
9721,745.98,12225.84,NaN,NaN,NaN
9722,71.08,11707.56,2,5,2.5000
9723,802.93,12289.07,0,0,0.0000
9724,652.13,12357.14,0,0,0.0000
9725,534.67,12020.66,0,0,0.0000
9726,408.18,12084.99,2,2,0.0000
9727,690.88,11728.61,2,4,2.0000
9728,267.64,11755.18,NaN,NaN,NaN
9729,369.19,11970.02,NaN,NaN,NaN
9730,697.11,12174.33,3,4,0.0000
9731,278.53,11675.80,NaN,NaN,NaN
9732,760.38,12365.09,0,0,0.0000
9733,715.94,12023.97,NaN,NaN,NaN
9734,609.97,12341.49,NaN,NaN,NaN
9735,329.94,11658.99,NaN,NaN,NaN
9736,639.49,12107.71,2,3,0.0000
9737,369.14,12083.20,0,0,0.0000
9738,479.07,12222.93,NaN,NaN,NaN
9739,564.99,12229.36,NaN,NaN,NaN
9740,830.02,12226.44,NaN,NaN,NaN
9741,674.34,12087.83,NaN,NaN,NaN
9742,247.09,11865.60,NaN,NaN,NaN
9743,535.53,11788.48,NaN,NaN,NaN
9744,485.80,11961.37,0,0,0.0000
9745,571.17,12193.36,NaN,NaN,NaN
9746,666.11,11839.23,NaN,NaN,NaN
9747,590.62,12297.38,0,0,0.0000
9748,921.22,11793.89,5,6,0.0000
9749,976.84,11729.15,2,3,0.0000
9750,899.88,11877.95,NaN,NaN,NaN
9751,899.50,11944.21,NaN,NaN,NaN
9752,2412.28,11736.64,NaN,NaN,NaN
9753,2315.37,11665.19,4,6,0.0000
9754,2384.45,11892.32,NaN,NaN,NaN
9755,2359.90,11796.18,NaN,NaN,NaN
9756,2426.65,12015.65,NaN,NaN,NaN
9757,2392.56,11987.50,NaN,NaN,NaN
9758,2323.48,11751.63,4,6,0.0000
9759,2802.63,12081.47,2,3,0.0000
9760,2636.06,11856.29,4,1,0.0000
9761,3001.65,11963.15,NaN,NaN,NaN
9762,2782.20,11767.75,0,0,0.0000
9763,2876.75,12329.82,2,3,0.0000
9764,3126.21,12290.00,NaN,NaN,NaN
9765,2947.97,11818.79,2,2,0.0000
9766,2837.39,11892.39,0,0,0.0000
9767,2548.69,11987.95,NaN,NaN,NaN
9768,2979.83,12247.48,NaN,NaN,NaN
9769,3192.69,12158.78,3,4,0.0000
9770,2543.74,12210.41,0,0,0.0000
9771,2446.98,11927.16,4,7,0.0000
9772,3133.97,12370.56,NaN,NaN,NaN
9773,2702.46,12209.54,NaN,NaN,NaN
9774,2542.75,11748.41,NaN,NaN,NaN
9775,2892.59,12012.19,2,3,0.0000
9776,3048.34,12341.61,0,0,0.0000
9777,3118.27,12017.90,0,0,0.0000
9778,2774.62,12352.51,NaN,NaN,NaN
9779,2836.34,12240.47,4,3,0.0000
9780,2596.52,12302.22,NaN,NaN,NaN
9781,3097.37,12118.47,3,7,2.3333
9782,2474.58,11805.99,NaN,NaN,NaN
9783,3032.53,12153.57,0,0,0.0000
9784,3174.32,12020.62,NaN,NaN,NaN
9785,2667.14,11748.88,0,0,0.0000
9786,3071.05,11786.63,0,0,0.0000
9787,3027.65,11852.06,NaN,NaN,NaN
9788,2909.99,11706.64,NaN,NaN,NaN
9789,2529.84,12076.06,0,0,0.0000
9790,2469.96,12049.81,0,0,0.0000
9791,2945.22,12098.65,0,0,0.0000
9792,3156.25,11784.56,NaN,NaN,NaN
9793,2668.64,12043.48,0,0,0.0000
9794,2905.83,11915.12,3,3,0.0000
9795,2785.56,12274.19,2,2,0.0000
9796,3097.10,12207.19,NaN,NaN,NaN
9797,2892.17,12228.82,0,0,0.0000
9798,2983.13,12145.91,2,3,0.0000
9799,2620.47,11665.92,2,4,2.0000
9800,3003.25,12400.20,0,0,0.0000
9801,2973.68,12311.93,2,1,0.0000
9802,2634.21,12117.50,0,0,0.0000
9803,2961.47,12359.84,NaN,NaN,NaN
9804,2698.39,11986.55,2,3,0.0000
9805,2936.98,12410.93,0,0,0.0000
9806,2878.63,11801.04,2,2,0.0000
9807,3057.73,12247.84,NaN,NaN,NaN
9808,3088.65,11863.11,NaN,NaN,NaN
9809,2505.98,11692.84,NaN,NaN,NaN
9810,2571.61,12149.87,NaN,NaN,NaN
9811,3142.39,11882.24,NaN,NaN,NaN
9812,2931.76,12192.10,NaN,NaN,NaN
9813,3127.25,11828.06,0,0,0.0000
9814,2778.40,12207.93,NaN,NaN,NaN
9815,2434.60,11850.28,3,5,0.0000
9816,3093.02,11919.17,0,0,0.0000
9817,3024.53,12080.84,0,0,0.0000
9818,2634.03,12256.01,0,0,0.0000
9819,3138.11,12166.66,NaN,NaN,NaN
9820,2866.78,12171.92,0,0,0.0000
9821,3031.14,12036.44,2,1,0.0000
9822,2470.39,12119.46,NaN,NaN,NaN
9823,2594.87,11919.06,NaN,NaN,NaN
9824,3149.78,11941.41,NaN,NaN,NaN
9825,3090.33,11721.16,0,0,0.0000
9826,2867.74,11765.61,0,0,0.0000
9827,3177.22,12089.62,NaN,NaN,NaN
9828,2688.35,12123.28,0,0,0.0000
9829,2824.19,11677.74,0,0,0.0000
9830,2753.86,11911.27,0,0,0.0000
9831,2476.90,11992.25,NaN,NaN,NaN
9832,2631.84,12377.05,2,3,0.0000
9833,2963.38,11671.51,0,0,0.0000
9834,2600.96,11779.39,NaN,NaN,NaN
9835,2653.16,12208.69,0,0,0.0000
9836,2805.61,11936.70,0,0,0.0000
9837,3006.76,11783.19,NaN,NaN,NaN
9838,2439.49,12082.14,0,0,0.0000
9839,2608.50,12173.55,NaN,NaN,NaN
9840,2632.99,11921.07,0,0,0.0000
9841,3521.00,12351.92,NaN,NaN,NaN
9842,3412.73,12227.04,NaN,NaN,NaN
9843,3344.16,12152.67,NaN,NaN,NaN
9844,3245.75,12053.05,0,0,0.0000
9845,3295.04,12398.37,NaN,NaN,NaN
9846,3287.24,11961.57,NaN,NaN,NaN
9847,3432.78,11969.42,3,1,0.0000
9848,3835.97,12250.61,0,0,0.0000
9849,3200.64,12372.53,0,0,0.0000
9850,3892.00,12330.09,NaN,NaN,NaN
9851,3635.99,12347.60,0,0,0.0000
9852,3355.84,12305.96,4,8,2.0000
9853,3204.19,11923.18,NaN,NaN,NaN
9854,3327.42,12251.36,3,7,2.3333
9855,3618.84,12146.50,NaN,NaN,NaN
9856,3215.19,12249.39,NaN,NaN,NaN
9857,3552.08,12112.40,3,7,2.3333
9858,3593.10,12230.57,NaN,NaN,NaN
9859,3433.38,12131.35,NaN,NaN,NaN
9860,3471.45,12283.66,0,0,0.0000
9861,3364.86,11958.54,2,5,2.5000
9862,3651.14,12081.63,2,2,0.0000
9863,3389.22,12343.48,NaN,NaN,NaN
9864,3913.20,12203.55,NaN,NaN,NaN
9865,3704.32,12365.23,0,0,0.0000
9866,3693.18,12267.22,0,0,0.0000
9867,3785.49,12267.26,NaN,NaN,NaN
9868,3258.79,12200.28,NaN,NaN,NaN
9869,3780.84,12165.64,NaN,NaN,NaN
9870,3633.10,12274.29,NaN,NaN,NaN
9871,3727.75,12123.98,0,0,0.0000
9872,3397.24,12066.95,2,4,2.0000
9873,3962.94,12393.94,0,0,0.0000
9874,3301.85,12080.97,2,5,2.5000
9875,3732.02,12227.78,NaN,NaN,NaN
9876,3345.15,12024.36,4,5,0.0000
9877,3491.39,12083.93,NaN,NaN,NaN
9878,3211.17,11833.12,0,0,0.0000
9879,3754.25,12069.66,0,0,0.0000
9880,3367.56,12388.78,NaN,NaN,NaN
9881,3562.59,12288.48,4,10,2.5000
9882,3952.41,11932.74,NaN,NaN,NaN
9883,3813.11,12356.87,0,0,0.0000
9884,3755.25,12369.45,0,0,0.0000
9885,3951.76,12335.30,0,0,0.0000
9886,3477.42,12016.72,0,0,0.0000
9887,3278.34,12306.90,NaN,NaN,NaN
9888,3947.51,12282.84,0,0,0.0000
9889,3389.53,11908.06,NaN,NaN,NaN
9890,3569.41,12175.26,NaN,NaN,NaN
9891,3443.57,12048.93,NaN,NaN,NaN
9892,3587.53,12057.09,0,0,0.0000
9893,3539.29,12004.23,0,0,0.0000
9894,3895.36,12259.53,NaN,NaN,NaN
9895,3656.41,12215.60,NaN,NaN,NaN
9896,3498.40,12160.56,0,0,0.0000
9897,3687.08,12185.38,NaN,NaN,NaN
9898,3242.49,12327.79,2,4,2.0000
9899,3206.90,11989.35,0,0,0.0000
9900,3933.62,12099.71,NaN,NaN,NaN
9901,4361.52,11938.60,NaN,NaN,NaN
9902,4398.96,12200.31,NaN,NaN,NaN
9903,4331.21,11722.61,NaN,NaN,NaN
9904,4541.88,12073.49,2,4,2.0000
9905,4086.01,12262.93,3,5,0.0000
9906,4197.37,12303.51,NaN,NaN,NaN
9907,4724.48,12048.37,NaN,NaN,NaN
9908,4515.35,12185.06,NaN,NaN,NaN
9909,4050.61,11655.21,NaN,NaN,NaN
9910,4534.16,11887.54,NaN,NaN,NaN
9911,4421.42,11869.03,2,3,0.0000
9912,4128.32,11886.89,0,0,0.0000
9913,4314.07,12256.31,NaN,NaN,NaN
9914,4595.22,12284.68,NaN,NaN,NaN
9915,4151.86,12101.57,0,0,0.0000
9916,4514.24,11753.21,2,4,2.0000
9917,4017.61,12007.63,0,0,0.0000
9918,4588.28,11815.32,NaN,NaN,NaN
9919,4287.79,12138.83,NaN,NaN,NaN
9920,4623.88,12372.35,NaN,NaN,NaN
9921,4667.11,12216.38,NaN,NaN,NaN
9922,4200.93,12195.28,NaN,NaN,NaN
9923,4155.19,11723.16,0,0,0.0000
9924,4022.69,11930.70,0,0,0.0000
9925,4000.82,11761.71,NaN,NaN,NaN
9926,4683.28,11711.77,2,1,0.0000
9927,4618.37,11879.17,NaN,NaN,NaN
9928,4207.99,11772.18,NaN,NaN,NaN
9929,4595.04,11723.97,NaN,NaN,NaN
9930,4073.76,11735.96,NaN,NaN,NaN
9931,3988.39,12077.25,NaN,NaN,NaN
9932,4094.19,12359.43,3,2,0.0000
9933,4494.16,11668.43,2,3,0.0000
9934,3970.51,12214.64,0,0,0.0000
9935,4549.82,11975.03,0,0,0.0000
9936,4717.81,12393.21,3,3,0.0000
9937,4364.82,12049.68,NaN,NaN,NaN
9938,4444.40,11742.36,NaN,NaN,NaN
9939,4204.79,11922.74,0,0,0.0000
9940,4106.34,11976.40,0,0,0.0000
9941,4117.11,11800.41,0,0,0.0000
9942,4292.52,12025.15,NaN,NaN,NaN
9943,4541.84,12310.86,NaN,NaN,NaN
9944,4677.54,12290.21,0,0,0.0000
9945,4507.96,12367.22,0,0,0.0000
9946,4097.03,12067.05,0,0,0.0000
9947,4562.18,11657.97,2,5,2.5000
9948,4673.90,12141.31,3,3,0.0000
9949,4030.62,11833.52,NaN,NaN,NaN
9950,4462.36,11919.72,0,0,0.0000
9951,4195.05,11999.07,NaN,NaN,NaN
9952,4184.29,12059.72,NaN,NaN,NaN
9953,4242.46,11693.27,0,0,0.0000
9954,4347.73,12354.57,0,0,0.0000
9955,4373.52,11801.81,2,5,2.5000
9956,4412.94,12340.17,0,0,0.0000
9957,4720.39,12165.23,NaN,NaN,NaN
9958,4260.63,12390.44,NaN,NaN,NaN
9959,4601.71,12219.22,NaN,NaN,NaN
9960,4616.86,11961.22,3,4,0.0000
9961,4442.56,12302.35,NaN,NaN,NaN
9962,3979.61,11883.32,3,7,2.3333
9963,4244.78,11889.41,2,6,3.0000
9964,4657.36,11778.00,NaN,NaN,NaN
9965,4002.24,12320.26,0,0,0.0000
9966,4298.69,12334.64,2,0,0.0000
9967,4580.15,12168.54,NaN,NaN,NaN
9968,4281.19,11874.36,0,0,0.0000
9969,4075.07,11888.45,0,0,0.0000
9970,4259.05,12252.93,0,0,0.0000
9971,4480.77,12242.12,4,4,0.0000
9972,4271.36,11948.03,NaN,NaN,NaN
9973,4225.97,12124.25,NaN,NaN,NaN
9974,3970.24,11829.68,0,0,0.0000
9975,4480.51,12303.54,0,0,0.0000
9976,4460.79,12381.75,NaN,NaN,NaN
9977,4242.97,12060.05,0,0,0.0000
9978,4263.55,12349.76,NaN,NaN,NaN
9979,4457.89,12195.43,NaN,NaN,NaN
9980,5156.18,12099.87,2,3,0.0000
9981,5079.71,12242.89,0,0,0.0000
9982,5374.55,12198.06,NaN,NaN,NaN
9983,5256.62,12105.47,NaN,NaN,NaN
9984,5012.53,12068.57,NaN,NaN,NaN
9985,4793.96,12302.79,NaN,NaN,NaN
9986,4946.74,12142.31,NaN,NaN,NaN
9987,4764.54,12221.77,NaN,NaN,NaN
9988,5016.57,11962.66,NaN,NaN,NaN
9989,5256.77,12298.64,0,0,0.0000
9990,4869.08,12173.59,NaN,NaN,NaN
9991,5280.06,12209.60,NaN,NaN,NaN
9992,5347.80,12089.69,0,0,0.0000
9993,5346.60,11933.23,NaN,NaN,NaN
9994,5187.48,11846.90,0,0,0.0000
9995,4784.45,11953.28,2,2,0.0000
9996,5336.15,12389.36,NaN,NaN,NaN
9997,5170.98,12211.09,NaN,NaN,NaN
9998,5467.27,12346.56,NaN,NaN,NaN
9999,4910.37,11882.89,NaN,NaN,NaN
10000,5101.91,12026.03,NaN,NaN,NaN
10001,4806.40,12134.68,NaN,NaN,NaN
10002,5181.37,12295.80,NaN,NaN,NaN
10003,4918.06,11967.00,2,4,2.0000
10004,5084.69,11893.57,NaN,NaN,NaN
10005,4839.51,12379.43,NaN,NaN,NaN
10006,5411.52,12398.43,0,0,0.0000
10007,4905.82,12037.52,NaN,NaN,NaN
10008,5161.27,11967.12,NaN,NaN,NaN
10009,5254.35,11933.67,0,0,0.0000
10010,4848.06,12237.84,3,6,2.0000
10011,5134.10,12368.03,2,9,4.5000
10012,5407.49,12325.93,2,6,3.0000
10013,4998.50,12317.33,2,4,2.0000
10014,5231.71,12370.02,NaN,NaN,NaN
10015,4938.80,11840.84,NaN,NaN,NaN
10016,4866.08,12301.77,NaN,NaN,NaN
10017,4833.27,11886.53,0,0,0.0000
10018,4835.72,12055.81,NaN,NaN,NaN
10019,4925.18,12267.88,0,0,0.0000
10020,5195.64,11915.03,0,0,0.0000
10021,4961.00,11940.73,0,0,0.0000
10022,5120.07,11816.90,NaN,NaN,NaN
10023,5279.73,11981.08,NaN,NaN,NaN
10024,5316.85,12008.49,0,0,0.0000
10025,4883.95,12085.57,0,0,0.0000
10026,4919.72,12223.72,0,0,0.0000
10027,4875.66,12411.08,0,0,0.0000
10028,4996.77,12200.51,0,0,0.0000
10029,6453.30,12148.18,4,3,0.0000
10030,6361.30,11900.99,0,0,0.0000
10031,6536.52,12288.05,0,0,0.0000
10032,6482.09,12250.94,NaN,NaN,NaN
10033,6619.28,12409.54,NaN,NaN,NaN
10034,6535.36,12166.92,NaN,NaN,NaN
10035,6578.76,12377.06,NaN,NaN,NaN
10036,6516.92,12358.63,NaN,NaN,NaN
10037,7013.45,12186.24,2,4,2.0000
10038,6524.46,12413.41,NaN,NaN,NaN
10039,6981.81,12037.05,NaN,NaN,NaN
10040,7023.52,12230.14,NaN,NaN,NaN
10041,6960.01,12139.22,0,0,0.0000
10042,6955.43,12229.77,2,6,3.0000
10043,6942.58,12270.49,NaN,NaN,NaN
10044,6922.03,12077.12,NaN,NaN,NaN
10045,7029.54,12100.18,0,0,0.0000
10046,7309.30,12313.38,2,2,0.0000
10047,7324.39,12194.43,0,0,0.0000
10048,7239.92,12070.55,NaN,NaN,NaN
10049,7378.39,12266.84,0,0,0.0000
10050,7405.47,12362.03,3,3,0.0000
10051,7301.35,12043.83,NaN,NaN,NaN
10052,7274.49,12207.90,0,0,0.0000
10053,7330.18,12116.35,NaN,NaN,NaN
10054,7371.98,12398.16,0,0,0.0000
10055,7050.78,12156.27,0,0,0.0000
10056,7578.35,12346.77,0,0,0.0000
10057,8002.16,12262.28,0,0,0.0000
10058,7977.46,12163.39,0,0,0.0000
10059,7997.47,12333.72,NaN,NaN,NaN
10060,8027.48,12349.25,NaN,NaN,NaN
10061,7964.55,12088.17,NaN,NaN,NaN
10062,9223.48,12230.87,NaN,NaN,NaN
10063,9337.02,12366.78,NaN,NaN,NaN
10064,9141.63,11659.12,0,0,0.0000
10065,9210.02,12395.41,NaN,NaN,NaN
10066,9149.72,12412.24,NaN,NaN,NaN
10067,9247.34,12309.58,NaN,NaN,NaN
10068,9130.51,12305.19,NaN,NaN,NaN
10069,9310.53,11728.36,3,5,0.0000
10070,9239.81,12359.98,NaN,NaN,NaN
10071,9293.22,12237.65,0,0,0.0000
10072,9157.01,12357.97,0,0,0.0000
10073,9114.45,12254.04,NaN,NaN,NaN
10074,9267.74,11719.59,2,2,0.0000
10075,9260.34,12414.06,2,1,0.0000
10076,9496.93,11810.45,0,0,0.0000
10077,9771.08,11890.59,2,3,0.0000
10078,9810.46,11748.49,2,5,2.5000
10079,9717.50,11687.65,2,3,0.0000
10080,9681.89,11788.33,3,7,2.3333
10081,9598.27,11840.04,NaN,NaN,NaN
10082,10087.54,11816.21,2,1,0.0000
10083,9463.30,11702.70,NaN,NaN,NaN
10084,9747.96,11840.55,0,0,0.0000
10085,9743.90,11968.60,0,0,0.0000
10086,10031.57,11862.73,2,6,3.0000
10087,9589.15,11748.08,0,0,0.0000
10088,9519.79,11729.29,NaN,NaN,NaN
10089,9835.43,11703.31,3,6,2.0000
10090,9837.67,11861.75,NaN,NaN,NaN
10091,9491.99,12307.22,0,0,0.0000
10092,9621.79,11677.69,0,0,0.0000
10093,9560.63,11877.70,0,0,0.0000
10094,10054.23,11688.78,NaN,NaN,NaN
10095,9513.93,11656.05,NaN,NaN,NaN
10096,9930.99,11804.69,2,2,0.0000
10097,9357.40,11733.92,0,0,0.0000
10098,9808.62,11796.61,NaN,NaN,NaN
10099,9576.68,11675.61,0,0,0.0000
10100,9420.84,11746.04,NaN,NaN,NaN
10101,9623.88,11888.67,NaN,NaN,NaN
10102,9469.62,12350.95,NaN,NaN,NaN
10103,9873.56,11911.88,NaN,NaN,NaN
10104,10027.95,11805.77,0,0,0.0000
10105,9636.14,11728.38,0,0,0.0000
10106,9854.00,11963.71,0,0,0.0000
10107,9903.17,11843.21,NaN,NaN,NaN
10108,10074.93,11756.95,0,0,0.0000
10109,9884.89,11666.23,0,0,0.0000
10110,9378.15,11704.66,3,4,0.0000
10111,9939.22,11872.06,2,4,2.0000
10112,9560.42,11796.91,NaN,NaN,NaN
10113,9994.26,11809.03,2,8,4.0000
10114,9730.07,11805.63,NaN,NaN,NaN
10115,9399.97,11693.77,NaN,NaN,NaN
10116,9497.22,11908.49,0,0,0.0000
10117,10135.14,11870.48,4,4,0.0000
10118,10115.72,11783.16,NaN,NaN,NaN
10119,12268.00,12370.94,NaN,NaN,NaN
10120,12075.52,12347.32,NaN,NaN,NaN
10121,12268.47,12232.99,0,0,0.0000
10122,12395.05,12195.57,2,4,2.0000
10123,12362.57,12292.64,NaN,NaN,NaN
10124,11994.71,12408.33,0,0,0.0000
10125,12221.66,12315.39,NaN,NaN,NaN
10126,12376.15,12255.45,0,0,0.0000
10127,12106.10,12396.96,NaN,NaN,NaN
10128,12652.77,12360.66,2,5,2.5000
10129,12853.54,12291.02,0,0,0.0000
10130,12862.35,12124.28,0,0,0.0000
10131,12605.76,12076.59,NaN,NaN,NaN
10132,12988.46,12329.16,NaN,NaN,NaN
10133,13131.31,12375.57,2,4,2.0000
10134,12922.80,12363.34,2,4,2.0000
10135,12417.66,12359.06,0,0,0.0000
10136,12971.03,12076.59,NaN,NaN,NaN
10137,13046.86,12385.52,NaN,NaN,NaN
10138,13182.74,12258.75,NaN,NaN,NaN
10139,12640.85,12188.96,0,0,0.0000
10140,13096.66,12278.09,NaN,NaN,NaN
10141,12971.06,12238.53,NaN,NaN,NaN
10142,12835.94,12383.33,2,4,2.0000
10143,12558.66,12185.61,NaN,NaN,NaN
10144,12565.04,12376.90,NaN,NaN,NaN
10145,12746.95,12214.50,0,0,0.0000
10146,12862.39,12222.89,2,5,2.5000
10147,12562.46,12272.53,NaN,NaN,NaN
10148,12477.81,12206.92,0,0,0.0000
10149,12523.75,12303.58,NaN,NaN,NaN
10150,13116.45,12203.93,NaN,NaN,NaN
10151,12832.99,12187.36,NaN,NaN,NaN
10152,12601.30,12247.74,NaN,NaN,NaN
10153,12826.57,11998.26,0,0,0.0000
10154,12992.98,12194.92,3,6,2.0000
10155,12967.20,12172.15,0,0,0.0000
10156,13036.85,12174.40,2,0,0.0000
10157,13171.43,12185.85,0,0,0.0000
10158,12780.12,12332.06,0,0,0.0000
10159,12982.83,12134.80,0,0,0.0000
10160,12530.51,12413.06,NaN,NaN,NaN
10161,12773.71,12264.98,3,3,0.0000
10162,13053.20,12216.25,NaN,NaN,NaN
10163,13103.29,12234.33,NaN,NaN,NaN
10164,12652.88,12078.45,NaN,NaN,NaN
10165,12848.48,12041.31,0,0,0.0000
10166,12658.51,12262.08,0,0,0.0000
10167,13075.49,12089.92,2,4,2.0000
10168,12481.00,12287.80,NaN,NaN,NaN
10169,12729.14,12162.01,NaN,NaN,NaN
10170,12509.78,12364.15,NaN,NaN,NaN
10171,13201.21,12363.29,0,0,0.0000
10172,13255.07,12401.04,NaN,NaN,NaN
10173,13355.08,12402.13,0,0,0.0000
10174,13238.37,12255.94,0,0,0.0000
10175,14672.98,12103.59,0,0,0.0000
10176,14248.03,11818.58,0,0,0.0000
10177,14643.18,12059.87,NaN,NaN,NaN
10178,14206.34,11702.62,3,4,0.0000
10179,14679.75,12167.14,NaN,NaN,NaN
10180,14702.98,12053.07,NaN,NaN,NaN
10181,14222.03,11743.09,NaN,NaN,NaN
10182,14189.83,11751.13,0,0,0.0000
10183,15468.78,12330.65,NaN,NaN,NaN
10184,15482.35,12030.67,NaN,NaN,NaN
10185,15365.17,12300.66,0,0,0.0000
10186,15348.63,11804.74,NaN,NaN,NaN
10187,15454.71,11669.23,2,2,0.0000
10188,15424.91,11727.13,0,0,0.0000
10189,15421.20,11893.50,NaN,NaN,NaN
10190,15355.59,11746.51,0,0,0.0000
10191,15384.81,11935.85,NaN,NaN,NaN
10192,15366.92,12055.45,0,0,0.0000
10193,15387.20,12228.41,0,0,0.0000
10194,15357.85,11675.53,NaN,NaN,NaN
10195,15477.84,12401.24,NaN,NaN,NaN
10196,15444.57,12255.55,0,0,0.0000
10197,15320.11,12018.31,0,0,0.0000
10198,15422.55,12106.53,0,0,0.0000
10199,15342.65,11971.11,0,0,0.0000
10200,15263.63,12081.11,0,0,0.0000
10201,15387.79,12370.71,0,0,0.0000
10202,15444.58,11988.51,3,4,0.0000
10203,15469.90,11790.87,2,1,0.0000
10204,15294.20,11696.52,0,0,0.0000
10205,15299.26,11858.39,0,0,0.0000
10206,15330.24,12135.04,0,0,0.0000
10207,15259.51,11812.05,0,0,0.0000
10208,15379.56,11859.46,NaN,NaN,NaN
10209,15240.00,11665.77,0,0,0.0000
10210,15487.38,11852.34,NaN,NaN,NaN
10211,15412.42,12077.40,0,0,0.0000
10212,16082.75,11785.27,2,4,2.0000
10213,15993.28,12405.66,0,0,0.0000
10214,15773.30,12375.06,2,5,2.5000
10215,15956.18,12116.40,2,5,2.5000
10216,16001.08,11848.40,NaN,NaN,NaN
10217,16181.51,12073.50,2,7,3.5000
10218,15552.51,12248.03,NaN,NaN,NaN
10219,16235.30,11933.37,0,0,0.0000
10220,15915.74,11901.15,0,0,0.0000
10221,16216.75,12222.30,NaN,NaN,NaN
10222,15496.96,12157.46,3,6,2.0000
10223,15827.46,12113.37,NaN,NaN,NaN
10224,16318.92,12383.61,2,3,0.0000
10225,15702.36,12235.79,2,3,0.0000
10226,16095.19,12235.72,0,0,0.0000
10227,15591.40,11964.57,NaN,NaN,NaN
10228,15987.96,11990.75,0,0,0.0000
10229,15666.49,11940.20,NaN,NaN,NaN
10230,16038.27,12291.82,NaN,NaN,NaN
10231,15601.14,12131.72,0,0,0.0000
10232,15602.71,12382.90,NaN,NaN,NaN
10233,15704.79,12127.19,0,0,0.0000
10234,15512.80,11921.93,2,6,3.0000
10235,16257.14,12317.63,NaN,NaN,NaN
10236,15574.76,12325.23,0,0,0.0000
10237,15782.57,12185.92,NaN,NaN,NaN
10238,16061.08,12057.32,NaN,NaN,NaN
10239,16109.26,12160.57,NaN,NaN,NaN
10240,16169.81,12339.86,NaN,NaN,NaN
10241,15665.70,11828.40,NaN,NaN,NaN
10242,15810.73,11982.51,0,0,0.0000
10243,15876.76,12025.32,0,0,0.0000
10244,16039.62,12108.86,NaN,NaN,NaN
10245,15884.16,11726.21,NaN,NaN,NaN
10246,15854.82,12194.01,NaN,NaN,NaN
10247,16070.35,12349.58,NaN,NaN,NaN
10248,15550.01,11719.64,2,1,0.0000
10249,15657.82,12340.00,NaN,NaN,NaN
10250,16163.05,11897.40,0,0,0.0000
10251,15764.26,12051.73,NaN,NaN,NaN
10252,15880.83,12276.22,NaN,NaN,NaN
10253,15980.16,12231.48,NaN,NaN,NaN
10254,15944.20,11675.12,NaN,NaN,NaN
10255,16288.46,11873.18,0,0,0.0000
10256,16234.95,12414.70,0,0,0.0000
10257,16322.85,11927.59,0,0,0.0000
10258,16235.20,12130.74,0,0,0.0000
10259,15719.72,12015.51,0,0,0.0000
10260,15585.77,11834.10,NaN,NaN,NaN
10261,15869.73,11770.28,NaN,NaN,NaN
10262,16138.39,12394.07,3,6,2.0000
10263,16021.88,11711.59,NaN,NaN,NaN
10264,15664.86,12010.46,NaN,NaN,NaN
10265,15889.33,12353.31,NaN,NaN,NaN
10266,16077.08,11912.36,0,0,0.0000
10267,15785.09,11888.35,NaN,NaN,NaN
10268,15976.12,12295.00,NaN,NaN,NaN
10269,15705.11,12298.71,NaN,NaN,NaN
10270,15644.94,11749.55,NaN,NaN,NaN
10271,15728.21,11864.24,0,0,0.0000
10272,16163.82,11988.74,NaN,NaN,NaN
10273,15911.92,11980.77,0,0,0.0000
10274,16269.62,12071.05,NaN,NaN,NaN
10275,16339.78,12064.33,NaN,NaN,NaN
10276,16290.42,11978.88,NaN,NaN,NaN
10277,16295.17,12108.07,NaN,NaN,NaN
10278,15785.02,11758.73,0,0,0.0000
10279,15882.20,11663.41,0,0,0.0000
10280,16202.41,12299.72,NaN,NaN,NaN
10281,15921.63,11788.11,2,3,0.0000
10282,15613.09,11874.57,NaN,NaN,NaN
10283,15670.01,11884.78,2,0,0.0000
10284,15719.88,11781.36,0,0,0.0000
10285,15751.34,11808.38,NaN,NaN,NaN
10286,15705.81,11719.02,0,0,0.0000
10287,16120.51,11937.54,NaN,NaN,NaN
10288,15490.86,12221.94,0,0,0.0000
10289,15769.02,11838.56,NaN,NaN,NaN
10290,15748.40,11990.99,0,0,0.0000
10291,15891.29,12413.28,0,0,0.0000
10292,15762.74,11711.95,NaN,NaN,NaN
10293,15875.79,11823.39,0,0,0.0000
10294,15649.06,11707.87,NaN,NaN,NaN
10295,15816.51,11730.00,0,0,0.0000
10296,74.18,13007.65,NaN,NaN,NaN
10297,508.21,13161.02,0,0,0.0000
10298,413.62,12789.07,0,0,0.0000
10299,110.35,12821.23,NaN,NaN,NaN
10300,522.67,12944.02,NaN,NaN,NaN
10301,189.14,13094.23,NaN,NaN,NaN
10302,607.18,13162.01,2,4,2.0000
10303,215.63,12971.32,NaN,NaN,NaN
10304,305.45,13183.02,NaN,NaN,NaN
10305,316.66,12988.26,NaN,NaN,NaN
10306,181.16,12794.64,2,2,0.0000
10307,241.88,12763.32,3,2,0.0000
10308,293.71,12716.50,2,5,2.5000
10309,379.24,13088.39,NaN,NaN,NaN
10310,440.58,12968.47,NaN,NaN,NaN
10311,363.98,12861.37,NaN,NaN,NaN
10312,105.03,13094.04,NaN,NaN,NaN
10313,516.17,13103.33,NaN,NaN,NaN
10314,337.37,12656.57,2,1,0.0000
10315,360.83,13140.88,3,3,0.0000
10316,144.40,13152.78,NaN,NaN,NaN
10317,478.64,12888.71,NaN,NaN,NaN
10318,155.03,12999.57,0,0,0.0000
10319,518.53,12789.99,NaN,NaN,NaN
10320,269.79,12896.82,3,6,2.0000
10321,266.36,12946.35,NaN,NaN,NaN
10322,557.09,13028.37,NaN,NaN,NaN
10323,282.84,12835.79,NaN,NaN,NaN
10324,196.70,12883.29,3,5,0.0000
10325,482.67,13027.12,NaN,NaN,NaN
10326,359.32,13020.60,NaN,NaN,NaN
10327,47.96,12906.47,3,5,0.0000
10328,255.19,13071.54,2,3,0.0000
10329,316.86,12778.47,2,1,0.0000
10330,435.69,13041.74,3,2,0.0000
10331,425.21,13167.83,NaN,NaN,NaN
10332,228.67,13141.04,NaN,NaN,NaN
10333,467.76,12630.80,3,3,0.0000
10334,519.29,12672.94,NaN,NaN,NaN
10335,766.44,12466.93,0,0,0.0000
10336,393.23,12944.58,2,2,0.0000
10337,446.12,12696.56,0,0,0.0000
10338,393.68,13043.95,NaN,NaN,NaN
10339,116.89,12883.09,2,5,2.5000
10340,473.47,12735.49,3,3,0.0000
10341,57.70,12862.39,0,0,0.0000
10342,321.34,12893.59,NaN,NaN,NaN
10343,557.36,12816.38,0,0,0.0000
10344,587.90,13090.56,NaN,NaN,NaN
10345,419.30,12863.14,2,3,0.0000
10346,514.76,13048.46,NaN,NaN,NaN
10347,117.55,13028.46,NaN,NaN,NaN
10348,356.64,12936.28,0,0,0.0000
10349,577.42,12747.70,3,5,0.0000
10350,1145.93,12930.13,2,3,0.0000
10351,1155.13,12673.17,NaN,NaN,NaN
10352,1031.56,12696.18,NaN,NaN,NaN
10353,1243.91,12893.23,2,2,0.0000
10354,928.93,12629.49,3,1,0.0000
10355,1147.83,12806.92,NaN,NaN,NaN
10356,1250.24,12654.80,0,0,0.0000
10357,1020.04,12855.94,NaN,NaN,NaN
10358,1236.93,12810.44,2,2,0.0000
10359,1291.72,12836.62,3,3,0.0000
10360,1046.02,12571.61,2,5,2.5000
10361,959.41,12802.55,2,2,0.0000
10362,1219.55,12596.19,2,5,2.5000
10363,1146.45,12570.34,3,4,0.0000
10364,1236.12,12741.30,0,0,0.0000
10365,1093.83,12985.09,NaN,NaN,NaN
10366,1075.14,12821.87,2,4,2.0000
10367,1046.38,12938.56,0,0,0.0000
10368,1105.24,12417.26,NaN,NaN,NaN
10369,1017.63,12776.05,2,2,0.0000
10370,1194.57,12530.29,5,4,0.0000
10371,990.38,12589.70,0,0,0.0000
10372,1081.73,12768.94,0,0,0.0000
10373,1092.35,12692.04,0,0,0.0000
10374,1245.84,12931.89,NaN,NaN,NaN
10375,3197.20,12812.84,2,3,0.0000
10376,2991.87,13063.29,4,7,0.0000
10377,3139.69,12952.97,NaN,NaN,NaN
10378,2912.36,12889.09,NaN,NaN,NaN
10379,2867.33,12439.98,0,0,0.0000
10380,3095.34,12476.04,3,4,0.0000
10381,3002.72,12938.53,0,0,0.0000
10382,3051.76,12754.94,NaN,NaN,NaN
10383,2973.99,13148.91,NaN,NaN,NaN
10384,2914.92,12526.75,NaN,NaN,NaN
10385,2736.76,12481.37,NaN,NaN,NaN
10386,2827.82,12496.42,0,0,0.0000
10387,3113.77,12695.42,2,4,2.0000
10388,2926.17,12772.50,NaN,NaN,NaN
10389,2752.41,12584.82,4,8,2.0000
10390,3152.85,13107.21,0,0,0.0000
10391,3187.11,13040.06,6,14,2.3333
10392,3089.36,12608.17,NaN,NaN,NaN
10393,3023.84,12469.90,NaN,NaN,NaN
10394,2771.16,12423.55,0,0,0.0000
10395,3112.59,13173.68,0,0,0.0000
10396,2956.85,12625.46,NaN,NaN,NaN
10397,2777.41,12641.46,0,0,0.0000
10398,3050.77,12999.74,NaN,NaN,NaN
10399,2886.50,12594.51,2,1,0.0000
10400,2833.87,12709.64,NaN,NaN,NaN
10401,2885.96,12805.57,0,0,0.0000
10402,3100.06,12810.58,3,5,0.0000
10403,3083.39,12891.27,0,0,0.0000
10404,2976.20,12853.19,0,0,0.0000
10405,3081.81,13071.61,NaN,NaN,NaN
10406,2986.04,12775.42,NaN,NaN,NaN
10407,2788.30,12689.61,NaN,NaN,NaN
10408,2889.07,12698.77,0,0,0.0000
10409,3139.44,12524.24,NaN,NaN,NaN
10410,2862.40,12646.27,NaN,NaN,NaN
10411,2944.49,12679.69,0,0,0.0000
10412,2903.27,12995.74,0,0,0.0000
10413,2867.46,12921.42,2,4,2.0000
10414,2830.86,12600.36,NaN,NaN,NaN
10415,2963.85,12719.78,2,2,0.0000
10416,3160.26,12550.88,NaN,NaN,NaN
10417,3048.14,13136.32,NaN,NaN,NaN
10418,2673.37,12489.69,NaN,NaN,NaN
10419,2968.44,12582.03,0,0,0.0000
10420,2709.19,12539.87,NaN,NaN,NaN
10421,3161.99,12447.33,2,3,0.0000
10422,3007.93,12676.99,NaN,NaN,NaN
10423,3153.81,12730.44,0,0,0.0000
10424,3041.66,12845.23,0,0,0.0000
10425,3063.70,12646.16,2,4,2.0000
10426,2804.62,12549.24,NaN,NaN,NaN
10427,3043.45,12678.17,NaN,NaN,NaN
10428,3063.92,12420.15,3,3,0.0000
10429,2957.82,12462.76,NaN,NaN,NaN
10430,3012.84,12603.31,0,0,0.0000
10431,2971.82,12910.81,0,0,0.0000
10432,2983.12,12446.19,0,0,0.0000
10433,3322.37,12954.88,0,0,0.0000
10434,3517.12,12949.93,0,0,0.0000
10435,3830.42,12859.52,NaN,NaN,NaN
10436,3433.19,12429.08,3,3,0.0000
10437,3518.98,13156.06,2,3,0.0000
10438,3916.99,12909.54,2,4,2.0000
10439,3225.48,12599.36,NaN,NaN,NaN
10440,3967.12,13115.85,NaN,NaN,NaN
10441,3700.92,12498.39,NaN,NaN,NaN
10442,3471.64,12656.90,2,5,2.5000
10443,3404.54,12605.05,0,0,0.0000
10444,3760.31,13118.81,NaN,NaN,NaN
10445,3573.50,12684.73,NaN,NaN,NaN
10446,3343.51,12535.17,NaN,NaN,NaN
10447,3517.11,12484.64,2,2,0.0000
10448,3555.47,12847.22,NaN,NaN,NaN
10449,3709.31,12637.89,NaN,NaN,NaN
10450,3781.87,12603.32,NaN,NaN,NaN
10451,3907.46,12540.92,2,3,0.0000
10452,3584.70,12599.50,2,4,2.0000
10453,3573.78,13052.24,2,3,0.0000
10454,3686.93,12780.89,0,0,0.0000
10455,3715.01,13054.17,0,0,0.0000
10456,3635.97,13068.87,0,0,0.0000
10457,3236.57,12482.13,NaN,NaN,NaN
10458,3283.90,13180.86,0,0,0.0000
10459,3681.85,12422.84,2,1,0.0000
10460,3381.02,12838.55,0,0,0.0000
10461,3249.63,12700.02,NaN,NaN,NaN
10462,3816.65,12555.85,NaN,NaN,NaN
10463,3361.14,12628.02,NaN,NaN,NaN
10464,3890.46,13142.25,3,4,0.0000
10465,3626.38,12782.10,2,2,0.0000
10466,3765.36,12925.14,NaN,NaN,NaN
10467,3422.76,13073.66,NaN,NaN,NaN
10468,3325.98,12663.79,NaN,NaN,NaN
10469,3782.30,12450.45,0,0,0.0000
10470,3525.18,12748.64,2,4,2.0000
10471,3648.08,12898.34,NaN,NaN,NaN
10472,3260.56,13046.18,NaN,NaN,NaN
10473,3632.84,13173.92,0,0,0.0000
10474,3292.61,13103.47,2,3,0.0000
10475,3819.02,12748.39,0,0,0.0000
10476,3439.17,12779.25,NaN,NaN,NaN
10477,3626.04,12486.53,0,0,0.0000
10478,3788.77,12686.20,0,0,0.0000
10479,3731.05,12988.43,NaN,NaN,NaN
10480,3904.10,12738.81,0,0,0.0000
10481,3421.35,12894.18,NaN,NaN,NaN
10482,3352.22,13135.65,NaN,NaN,NaN
10483,3465.10,12737.55,NaN,NaN,NaN
10484,3458.41,12837.54,NaN,NaN,NaN
10485,3910.59,12419.38,0,0,0.0000
10486,3732.29,12834.44,2,8,4.0000
10487,3932.79,12485.70,NaN,NaN,NaN
10488,3692.71,12925.00,0,0,0.0000
10489,3941.40,12695.66,NaN,NaN,NaN
10490,3206.04,13141.81,0,0,0.0000
10491,3464.66,13113.29,NaN,NaN,NaN
10492,3882.50,13011.35,NaN,NaN,NaN
10493,3868.02,12609.64,NaN,NaN,NaN
10494,3813.04,13111.05,0,0,0.0000
10495,3355.92,13076.47,0,0,0.0000
10496,3212.86,12671.97,0,0,0.0000
10497,3507.89,12546.76,0,0,0.0000
10498,3670.55,12704.08,NaN,NaN,NaN
10499,3441.86,12545.07,0,0,0.0000
10500,3678.65,13122.83,0,0,0.0000
10501,3370.92,12715.52,NaN,NaN,NaN
10502,3846.02,13059.89,NaN,NaN,NaN
10503,3592.65,12455.87,NaN,NaN,NaN
10504,3649.11,12605.51,0,0,0.0000
10505,3939.42,13038.35,NaN,NaN,NaN
10506,3551.87,12424.07,NaN,NaN,NaN
10507,3857.04,12980.40,2,4,2.0000
10508,3905.47,12625.26,2,3,0.0000
10509,3873.77,12696.97,0,0,0.0000
10510,3288.50,12614.88,NaN,NaN,NaN
10511,3358.88,12754.00,NaN,NaN,NaN
10512,3298.71,12732.22,0,0,0.0000
10513,3302.22,12826.93,0,0,0.0000
10514,3681.38,12975.42,0,0,0.0000
10515,3792.56,13009.84,2,3,0.0000
10516,3281.36,12796.94,NaN,NaN,NaN
10517,3312.16,12763.74,0,0,0.0000
10518,3634.48,12960.97,NaN,NaN,NaN
10519,4206.64,12805.43,3,7,2.3333
10520,4273.38,12679.71,NaN,NaN,NaN
10521,4030.29,12737.60,NaN,NaN,NaN
10522,4196.17,12580.02,NaN,NaN,NaN
10523,4336.67,12952.10,4,3,0.0000
10524,4490.10,12565.01,0,0,0.0000
10525,4201.86,13029.93,NaN,NaN,NaN
10526,3972.83,12627.96,2,3,0.0000
10527,4407.36,12688.25,2,4,2.0000
10528,4089.20,12489.21,NaN,NaN,NaN
10529,4579.06,12427.34,4,7,0.0000
10530,4410.35,12514.67,0,0,0.0000
10531,4405.40,12855.84,5,7,0.0000
10532,4350.34,12749.94,2,6,3.0000
10533,3990.58,12538.08,0,0,0.0000
10534,4242.64,13096.80,4,7,0.0000
10535,4239.35,12457.31,3,5,0.0000
10536,4118.45,12625.64,NaN,NaN,NaN
10537,4027.82,12482.71,NaN,NaN,NaN
10538,4045.56,12624.49,NaN,NaN,NaN
10539,4044.75,12840.27,NaN,NaN,NaN
10540,4482.11,12680.98,NaN,NaN,NaN
10541,4128.64,12425.66,2,3,0.0000
10542,4148.03,12907.05,NaN,NaN,NaN
10543,4232.92,12934.94,NaN,NaN,NaN
10544,4323.46,12548.15,4,5,0.0000
10545,3972.39,12836.93,NaN,NaN,NaN
10546,3974.04,12980.13,2,4,2.0000
10547,4316.70,12477.61,NaN,NaN,NaN
10548,4024.23,12912.21,5,8,0.0000
10549,4422.44,12786.07,NaN,NaN,NaN
10550,4139.43,12995.55,3,3,0.0000
10551,4251.22,13176.83,NaN,NaN,NaN
10552,4342.27,13093.19,NaN,NaN,NaN
10553,4162.50,12690.35,2,5,2.5000
10554,4101.35,12785.63,NaN,NaN,NaN
10555,4588.08,13053.36,NaN,NaN,NaN
10556,4367.38,12422.24,0,0,0.0000
10557,4589.81,12815.29,NaN,NaN,NaN
10558,4336.85,12854.11,NaN,NaN,NaN
10559,4330.87,12429.65,2,2,0.0000
10560,4121.06,12850.26,NaN,NaN,NaN
10561,4185.80,13116.35,NaN,NaN,NaN
10562,3969.12,12456.76,0,0,0.0000
10563,4278.14,12906.44,NaN,NaN,NaN
10564,4561.79,12941.56,0,0,0.0000
10565,4286.21,12869.87,0,0,0.0000
10566,4033.34,13079.84,0,0,0.0000
10567,4079.19,12569.89,0,0,0.0000
10568,4591.74,13129.57,NaN,NaN,NaN
10569,4676.08,12445.09,NaN,NaN,NaN
10570,4329.47,12637.29,NaN,NaN,NaN
10571,5080.52,13091.79,NaN,NaN,NaN
10572,5493.65,12672.07,NaN,NaN,NaN
10573,4937.85,13035.11,NaN,NaN,NaN
10574,5340.86,13178.21,NaN,NaN,NaN
10575,5366.07,12698.92,2,1,0.0000
10576,4945.28,12444.42,3,3,0.0000
10577,5372.86,12803.74,NaN,NaN,NaN
10578,5352.71,12578.31,0,0,0.0000
10579,5447.25,12505.41,NaN,NaN,NaN
10580,5386.05,12914.31,NaN,NaN,NaN
10581,4854.26,13057.96,NaN,NaN,NaN
10582,5258.44,12600.85,2,5,2.5000
10583,5489.31,13044.44,NaN,NaN,NaN
10584,5288.20,12897.98,NaN,NaN,NaN
10585,5311.44,12445.58,2,2,0.0000
10586,4957.96,13159.68,0,0,0.0000
10587,5229.14,12462.31,2,2,0.0000
10588,5294.77,12981.61,NaN,NaN,NaN
10589,5313.10,13059.63,0,0,0.0000
10590,5285.03,12786.24,NaN,NaN,NaN
10591,5067.88,12959.34,0,0,0.0000
10592,5184.67,12836.74,NaN,NaN,NaN
10593,5222.77,13087.41,NaN,NaN,NaN
10594,5063.85,12857.84,NaN,NaN,NaN
10595,5380.09,13000.02,NaN,NaN,NaN
10596,5287.46,12676.13,NaN,NaN,NaN
10597,5439.46,12864.51,NaN,NaN,NaN
10598,4850.96,13129.51,0,0,0.0000
10599,5181.37,12745.67,NaN,NaN,NaN
10600,4891.81,12508.17,NaN,NaN,NaN
10601,5124.16,12802.88,3,9,3.0000
10602,5163.06,12907.12,NaN,NaN,NaN
10603,5139.77,13183.47,2,5,2.5000
10604,5468.29,12967.98,NaN,NaN,NaN
10605,5185.38,12998.02,0,0,0.0000
10606,5392.33,12485.93,NaN,NaN,NaN
10607,4940.49,12928.40,2,1,0.0000
10608,4902.87,13154.91,NaN,NaN,NaN
10609,5008.97,12987.11,0,0,0.0000
10610,5259.15,13169.27,0,0,0.0000
10611,5234.88,12785.20,NaN,NaN,NaN
10612,4798.82,12998.36,NaN,NaN,NaN
10613,5104.18,12926.70,0,0,0.0000
10614,5235.62,12713.51,NaN,NaN,NaN
10615,5005.72,12872.88,0,0,0.0000
10616,5148.59,12420.94,0,0,0.0000
10617,4822.22,13183.63,NaN,NaN,NaN
10618,5241.61,12936.40,0,0,0.0000
10619,5125.23,12870.38,2,2,0.0000
10620,5408.65,12601.34,NaN,NaN,NaN
10621,5492.17,13138.14,0,0,0.0000
10622,5224.43,13163.28,NaN,NaN,NaN
10623,5189.69,12643.54,NaN,NaN,NaN
10624,5452.31,12428.14,2,3,0.0000
10625,5132.46,12958.99,NaN,NaN,NaN
10626,4967.45,12511.70,0,0,0.0000
10627,5589.69,13077.77,2,1,0.0000
10628,5850.02,12998.96,NaN,NaN,NaN
10629,5540.95,12580.92,NaN,NaN,NaN
10630,5935.79,13169.13,2,1,0.0000
10631,5560.78,12941.99,NaN,NaN,NaN
10632,5936.35,13067.74,0,0,0.0000
10633,5513.99,12834.79,0,0,0.0000
10634,5779.65,12812.40,2,5,2.5000
10635,5729.59,13076.23,NaN,NaN,NaN
10636,5639.12,12764.14,NaN,NaN,NaN
10637,5783.56,12924.73,3,6,2.0000
10638,5768.67,13134.51,0,0,0.0000
10639,5895.59,12862.93,0,0,0.0000
10640,5598.82,12820.60,NaN,NaN,NaN
10641,5678.19,12960.03,NaN,NaN,NaN
10642,5941.83,12944.11,NaN,NaN,NaN
10643,5637.14,12898.19,0,0,0.0000
10644,5697.21,12858.31,2,2,0.0000
10645,5589.00,12531.98,NaN,NaN,NaN
10646,5674.90,13150.49,0,0,0.0000
10647,6001.13,13014.43,NaN,NaN,NaN
10648,5927.84,12995.74,2,5,2.5000
10649,5649.04,12583.00,0,0,0.0000
10650,5720.95,13006.46,2,4,2.0000
10651,5704.77,12696.07,NaN,NaN,NaN
10652,5808.56,12691.65,0,0,0.0000
10653,6010.84,13108.22,NaN,NaN,NaN
10654,5692.77,12746.52,NaN,NaN,NaN
10655,5632.49,12643.50,0,0,0.0000
10656,5733.32,12910.60,NaN,NaN,NaN
10657,5706.42,12643.76,NaN,NaN,NaN
10658,5838.87,12801.54,0,0,0.0000
10659,5746.99,12731.75,NaN,NaN,NaN
10660,6319.08,13101.27,NaN,NaN,NaN
10661,6399.63,13171.31,NaN,NaN,NaN
10662,6625.20,12496.90,2,4,2.0000
10663,6365.13,13093.79,NaN,NaN,NaN
10664,6564.22,12458.82,0,0,0.0000
10665,7463.65,12768.32,3,8,2.6667
10666,7682.28,12668.10,NaN,NaN,NaN
10667,7290.75,12609.48,0,0,0.0000
10668,7365.28,12675.13,NaN,NaN,NaN
10669,7470.74,12903.13,NaN,NaN,NaN
10670,7425.27,12978.86,NaN,NaN,NaN
10671,7679.67,12850.68,NaN,NaN,NaN
10672,7721.71,13025.50,0,0,0.0000
10673,7600.05,12528.57,3,6,2.0000
10674,7625.76,13107.19,3,5,0.0000
10675,7586.44,12810.88,0,0,0.0000
10676,7661.17,12768.48,0,0,0.0000
10677,7577.57,12902.30,0,0,0.0000
10678,7528.63,12656.04,NaN,NaN,NaN
10679,7398.72,12479.90,NaN,NaN,NaN
10680,7401.59,12882.26,2,2,0.0000
10681,7566.33,13171.78,NaN,NaN,NaN
10682,7342.31,12524.49,NaN,NaN,NaN
10683,7431.83,12674.54,3,5,0.0000
10684,7691.26,12936.03,NaN,NaN,NaN
10685,7468.39,12537.18,NaN,NaN,NaN
10686,7450.90,12592.25,0,0,0.0000
10687,7289.47,12513.13,NaN,NaN,NaN
10688,7668.77,13021.87,NaN,NaN,NaN
10689,7586.98,12736.42,2,4,2.0000
10690,7639.73,12708.80,NaN,NaN,NaN
10691,7351.94,12595.17,4,4,0.0000
10692,7518.84,12808.52,0,0,0.0000
10693,7733.74,13152.13,NaN,NaN,NaN
10694,7623.60,12951.85,NaN,NaN,NaN
10695,7603.08,12607.86,NaN,NaN,NaN
10696,7376.06,12755.58,0,0,0.0000
10697,7528.98,12732.80,NaN,NaN,NaN
10698,7640.36,12590.59,NaN,NaN,NaN
10699,7671.33,13098.15,NaN,NaN,NaN
10700,7650.28,12926.04,0,0,0.0000
10701,8195.66,13111.48,0,0,0.0000
10702,8016.86,12619.89,6,3,0.0000
10703,8205.91,13036.22,2,3,0.0000
10704,8169.65,13050.71,2,2,0.0000
10705,9231.33,12451.56,NaN,NaN,NaN
10706,9275.44,12581.09,2,5,2.5000
10707,9335.98,12544.96,2,4,2.0000
10708,9311.05,12449.97,NaN,NaN,NaN
10709,9326.17,12596.56,0,0,0.0000
10710,9283.48,12495.81,NaN,NaN,NaN
10711,9198.87,12490.08,NaN,NaN,NaN
10712,9456.81,12532.83,NaN,NaN,NaN
10713,9397.38,12470.29,2,2,0.0000
10714,9404.54,12589.47,NaN,NaN,NaN
10715,9470.97,12468.74,2,3,0.0000
10716,9383.66,12538.08,0,0,0.0000
10717,10782.58,12747.24,NaN,NaN,NaN
10718,10750.88,12572.16,2,2,0.0000
10719,10834.70,12631.18,0,0,0.0000
10720,10631.59,12629.17,NaN,NaN,NaN
10721,10718.19,12683.65,NaN,NaN,NaN
10722,10685.12,12815.43,0,0,0.0000
10723,10781.41,12861.76,0,0,0.0000
10724,10583.49,12841.95,NaN,NaN,NaN
10725,10616.88,12503.88,NaN,NaN,NaN
10726,10612.71,12950.76,4,4,0.0000
10727,10729.43,12929.80,NaN,NaN,NaN
10728,10564.21,12568.76,NaN,NaN,NaN
10729,10525.31,12640.18,NaN,NaN,NaN
10730,10682.17,12973.77,0,0,0.0000
10731,10674.39,12508.99,0,0,0.0000
10732,10685.29,12746.46,0,0,0.0000
10733,10558.26,12908.71,3,3,0.0000
10734,10637.38,12886.19,2,5,2.5000
10735,10705.01,12880.79,NaN,NaN,NaN
10736,10667.02,12938.06,NaN,NaN,NaN
10737,10552.97,12947.77,NaN,NaN,NaN
10738,10807.48,12501.85,0,0,0.0000
10739,10822.99,12544.91,0,0,0.0000
10740,10717.96,12503.09,NaN,NaN,NaN
10741,10589.78,12460.34,0,0,0.0000
10742,11637.03,13111.49,0,0,0.0000
10743,11601.57,12997.16,0,0,0.0000
10744,11577.15,13081.59,0,0,0.0000
10745,11598.21,12911.93,NaN,NaN,NaN
10746,11167.59,12780.56,0,0,0.0000
10747,11538.47,12932.97,0,0,0.0000
10748,11531.14,13169.95,2,3,0.0000
10749,11358.86,12644.21,0,0,0.0000
10750,11377.15,12606.43,0,0,0.0000
10751,11856.64,13046.92,2,3,0.0000
10752,11993.66,12844.33,NaN,NaN,NaN
10753,11887.86,12784.95,4,6,0.0000
10754,12369.65,12480.02,0,0,0.0000
10755,11717.22,12879.96,NaN,NaN,NaN
10756,11811.11,12931.20,NaN,NaN,NaN
10757,12216.85,12827.09,0,0,0.0000
10758,11941.74,12529.39,NaN,NaN,NaN
10759,12240.42,13052.99,4,6,0.0000
10760,12103.84,12800.59,3,2,0.0000
10761,11915.40,13150.44,NaN,NaN,NaN
10762,12150.80,12677.58,NaN,NaN,NaN
10763,12311.63,12645.31,NaN,NaN,NaN
10764,12391.71,12597.22,NaN,NaN,NaN
10765,12117.14,12920.53,0,0,0.0000
10766,11991.32,13160.47,NaN,NaN,NaN
10767,12013.74,12639.50,NaN,NaN,NaN
10768,12069.92,12585.58,NaN,NaN,NaN
10769,12186.06,12561.74,NaN,NaN,NaN
10770,11727.35,13129.02,2,4,2.0000
10771,11833.52,12695.79,NaN,NaN,NaN
10772,11688.15,12981.79,NaN,NaN,NaN
10773,12232.99,12482.94,0,0,0.0000
10774,11777.49,12804.92,0,0,0.0000
10775,11694.91,12797.09,2,5,2.5000
10776,12182.11,13111.49,NaN,NaN,NaN
10777,12237.67,12958.96,0,0,0.0000
10778,12204.79,12747.74,0,0,0.0000
10779,11943.41,12688.60,NaN,NaN,NaN
10780,12370.48,12931.62,0,0,0.0000
10781,12076.06,13099.47,2,2,0.0000
10782,12335.38,12828.80,NaN,NaN,NaN
10783,12072.17,12460.86,0,0,0.0000
10784,12022.47,12525.65,NaN,NaN,NaN
10785,11739.40,12727.20,0,0,0.0000
10786,12126.00,12526.22,NaN,NaN,NaN
10787,11868.02,12597.68,NaN,NaN,NaN
10788,12383.52,12857.88,0,0,0.0000
10789,12157.65,12997.43,0,0,0.0000
10790,12265.22,12700.19,0,0,0.0000
10791,12168.38,12442.00,0,0,0.0000
10792,11652.97,13179.39,NaN,NaN,NaN
10793,12110.91,13155.59,NaN,NaN,NaN
10794,12005.14,12459.78,0,0,0.0000
10795,12373.96,12752.10,0,0,0.0000
10796,11932.61,12610.46,4,7,0.0000
10797,12295.80,12936.33,NaN,NaN,NaN
10798,12091.37,12998.01,NaN,NaN,NaN
10799,12098.83,12644.73,0,0,0.0000
10800,11792.02,12688.52,0,0,0.0000
10801,11902.90,12645.32,NaN,NaN,NaN
10802,12313.05,12766.91,0,0,0.0000
10803,12062.22,12878.56,NaN,NaN,NaN
10804,11738.18,13021.74,NaN,NaN,NaN
10805,11812.04,13175.23,0,0,0.0000
10806,11810.52,12564.19,NaN,NaN,NaN
10807,12073.41,13149.28,NaN,NaN,NaN
10808,12365.58,12991.22,NaN,NaN,NaN
10809,11998.04,13035.49,0,0,0.0000
10810,11949.40,13082.58,0,0,0.0000
10811,12126.09,12603.74,0,0,0.0000
10812,12717.65,12610.29,NaN,NaN,NaN
10813,12733.19,12428.95,0,0,0.0000
10814,13042.97,12515.28,0,0,0.0000
10815,13064.37,12606.35,NaN,NaN,NaN
10816,12845.14,12590.24,NaN,NaN,NaN
10817,13061.00,13133.84,0,0,0.0000
10818,12659.39,12484.32,NaN,NaN,NaN
10819,12637.33,12807.19,0,0,0.0000
10820,12853.14,12482.11,NaN,NaN,NaN
10821,12441.80,12801.29,0,0,0.0000
10822,12521.63,12790.52,0,0,0.0000
10823,12830.19,12809.60,NaN,NaN,NaN
10824,12633.18,12547.51,0,0,0.0000
10825,12425.58,12692.91,NaN,NaN,NaN
10826,12835.76,12856.95,0,0,0.0000
10827,12470.29,12546.62,NaN,NaN,NaN
10828,12578.51,12825.87,NaN,NaN,NaN
10829,12912.76,13130.99,0,0,0.0000
10830,12617.83,12717.91,2,5,2.5000
10831,12942.24,12601.95,NaN,NaN,NaN
10832,12958.74,12645.51,NaN,NaN,NaN
10833,12511.81,12482.05,NaN,NaN,NaN
10834,12493.47,12875.95,NaN,NaN,NaN
10835,12536.08,12715.91,NaN,NaN,NaN
10836,12779.29,12508.44,NaN,NaN,NaN
10837,12992.88,12425.27,NaN,NaN,NaN
10838,13022.96,12702.57,0,0,0.0000
10839,13073.87,12747.62,0,0,0.0000
10840,13123.49,12466.05,NaN,NaN,NaN
10841,13175.36,13025.97,0,0,0.0000
10842,12918.27,12450.61,0,0,0.0000
10843,12841.60,12742.65,NaN,NaN,NaN
10844,12817.93,12657.52,0,0,0.0000
10845,12511.48,12609.32,NaN,NaN,NaN
10846,12766.66,12773.54,3,7,2.3333
10847,12569.97,12587.55,0,0,0.0000
10848,13144.21,12710.95,0,0,0.0000
10849,12548.74,12662.15,2,4,2.0000
10850,12467.11,12419.46,2,4,2.0000
10851,12939.62,12525.25,0,0,0.0000
10852,12816.93,13069.44,NaN,NaN,NaN
10853,13036.64,12765.27,NaN,NaN,NaN
10854,13158.86,12427.24,3,3,0.0000
10855,13009.14,12776.52,NaN,NaN,NaN
10856,12739.37,12719.27,NaN,NaN,NaN
10857,12808.75,12442.15,NaN,NaN,NaN
10858,13576.44,13068.96,NaN,NaN,NaN
10859,13420.20,13082.45,0,0,0.0000
10860,13451.72,13004.15,0,0,0.0000
10861,13206.51,12464.93,NaN,NaN,NaN
10862,13310.29,12451.50,NaN,NaN,NaN
10863,13390.37,12885.02,3,4,0.0000
10864,13513.33,12898.69,NaN,NaN,NaN
10865,13393.90,13143.71,0,0,0.0000
10866,13510.76,13177.94,0,0,0.0000
10867,13510.64,12958.06,NaN,NaN,NaN
10868,13652.23,12998.39,0,0,0.0000
10869,13187.59,13098.65,NaN,NaN,NaN
10870,13647.57,13171.52,3,4,0.0000
10871,13617.12,13022.48,0,0,0.0000
10872,13186.98,12887.16,0,0,0.0000
10873,13684.06,13041.18,0,0,0.0000
10874,13628.62,12952.41,0,0,0.0000
10875,15409.94,12434.05,NaN,NaN,NaN
10876,15301.42,12493.30,NaN,NaN,NaN
10877,15486.93,12463.03,0,0,0.0000
10878,15365.69,12492.66,0,0,0.0000
10879,15438.19,12508.04,NaN,NaN,NaN
10880,15818.68,12473.45,NaN,NaN,NaN
10881,15877.82,12824.40,NaN,NaN,NaN
10882,15707.45,12464.18,NaN,NaN,NaN
10883,16028.54,12767.44,0,0,0.0000
10884,16257.09,13036.64,NaN,NaN,NaN
10885,15767.15,12781.67,3,3,0.0000
10886,15752.17,12588.39,NaN,NaN,NaN
10887,16232.92,12839.07,NaN,NaN,NaN
10888,15979.46,12819.08,NaN,NaN,NaN
10889,15861.23,12704.89,NaN,NaN,NaN
10890,16330.82,13108.82,2,4,2.0000
10891,15876.49,12582.62,NaN,NaN,NaN
10892,16143.68,12452.74,NaN,NaN,NaN
10893,15982.24,12542.29,3,7,2.3333
10894,16291.06,12477.52,NaN,NaN,NaN
10895,15764.64,12695.33,0,0,0.0000
10896,16175.14,12853.15,NaN,NaN,NaN
10897,15962.02,12931.85,NaN,NaN,NaN
10898,16137.72,13074.68,NaN,NaN,NaN
10899,16095.96,12687.77,0,0,0.0000
10900,16134.91,12763.30,NaN,NaN,NaN
10901,16276.10,12585.37,NaN,NaN,NaN
10902,15594.25,12508.39,NaN,NaN,NaN
10903,16334.48,12547.86,0,0,0.0000
10904,16094.36,12908.94,NaN,NaN,NaN
10905,16082.97,12841.51,NaN,NaN,NaN
10906,16006.99,13062.65,NaN,NaN,NaN
10907,15860.85,12931.77,0,0,0.0000
10908,15681.11,12643.61,0,0,0.0000
10909,15610.35,12458.32,NaN,NaN,NaN
10910,16224.73,12959.91,NaN,NaN,NaN
10911,15541.19,12436.75,2,5,2.5000
10912,15734.92,12884.44,0,0,0.0000
10913,15602.12,12567.78,0,0,0.0000
10914,16263.64,12685.69,NaN,NaN,NaN
10915,16073.76,12478.55,NaN,NaN,NaN
10916,16266.24,12758.00,NaN,NaN,NaN
10917,16326.86,12701.35,NaN,NaN,NaN
10918,16080.49,13127.80,NaN,NaN,NaN
10919,15930.83,12683.88,NaN,NaN,NaN
10920,15995.29,13124.64,0,0,0.0000
10921,15701.75,12832.35,0,0,0.0000
10922,15936.49,12886.49,NaN,NaN,NaN
10923,16129.10,13159.47,NaN,NaN,NaN
10924,16205.49,12583.55,NaN,NaN,NaN
10925,16002.97,12687.55,0,0,0.0000
10926,16332.72,12804.58,NaN,NaN,NaN
10927,16283.09,12927.92,0,0,0.0000
10928,15678.29,12570.20,NaN,NaN,NaN
10929,15805.39,12898.94,0,0,0.0000
10930,15934.31,13003.35,0,0,0.0000
10931,15864.49,12514.62,NaN,NaN,NaN
10932,16044.21,12620.60,0,0,0.0000
10933,16165.47,12964.61,NaN,NaN,NaN
10934,16218.62,12668.53,NaN,NaN,NaN
10935,16133.78,13013.40,0,0,0.0000
10936,16266.75,13142.03,0,0,0.0000
10937,16036.47,12983.05,0,0,0.0000
10938,15613.49,12645.09,0,0,0.0000
10939,15824.46,12557.11,0,0,0.0000
10940,15655.07,12535.22,NaN,NaN,NaN
10941,15636.24,12697.49,0,0,0.0000
10942,16302.78,12846.92,0,0,0.0000
10943,15866.43,12975.79,0,0,0.0000
10944,16340.94,13005.15,0,0,0.0000
10945,15913.18,12488.38,0,0,0.0000
10946,16195.73,12717.90,0,0,0.0000
10947,16170.39,12599.90,0,0,0.0000
10948,611.33,13717.22,NaN,NaN,NaN
10949,477.78,13949.28,0,0,0.0000
10950,583.32,13899.20,NaN,NaN,NaN
10951,408.85,13805.23,2,2,0.0000
10952,502.88,13625.79,0,0,0.0000
10953,742.48,13511.93,NaN,NaN,NaN
10954,639.54,13274.14,0,0,0.0000
10955,484.49,13491.85,2,5,2.5000
10956,402.62,13690.00,NaN,NaN,NaN
10957,717.60,13306.71,0,0,0.0000
10958,580.30,13576.67,0,0,0.0000
10959,610.91,13223.24,NaN,NaN,NaN
10960,671.76,13626.20,0,0,0.0000
10961,552.44,13817.02,NaN,NaN,NaN
10962,387.13,13209.03,2,3,0.0000
10963,814.98,13375.56,0,0,0.0000
10964,345.69,13273.19,0,0,0.0000
10965,257.27,13257.78,NaN,NaN,NaN
10966,441.21,13252.38,3,4,0.0000
10967,618.67,13380.31,NaN,NaN,NaN
10968,420.36,13619.27,3,4,0.0000
10969,39.72,13803.78,NaN,NaN,NaN
10970,722.72,13857.40,0,0,0.0000
10971,234.69,13327.11,0,0,0.0000
10972,479.21,13414.49,NaN,NaN,NaN
10973,750.34,13612.02,0,0,0.0000
10974,518.90,13736.32,2,4,2.0000
10975,377.54,13397.92,NaN,NaN,NaN
10976,521.01,13556.11,0,0,0.0000
10977,338.60,13711.03,NaN,NaN,NaN
10978,770.94,13806.77,0,0,0.0000
10979,836.08,13764.28,0,0,0.0000
10980,150.27,13211.48,NaN,NaN,NaN
10981,405.75,13304.45,NaN,NaN,NaN
10982,698.30,13940.60,NaN,NaN,NaN
10983,640.54,13935.55,0,0,0.0000
10984,721.40,13777.66,NaN,NaN,NaN
10985,666.03,13790.16,0,0,0.0000
10986,350.40,13597.17,NaN,NaN,NaN
10987,777.16,13297.57,NaN,NaN,NaN
10988,784.26,13880.17,NaN,NaN,NaN
10989,189.63,13239.77,2,2,0.0000
10990,895.41,13827.77,NaN,NaN,NaN
10991,873.21,13523.80,NaN,NaN,NaN
10992,380.78,13558.31,NaN,NaN,NaN
10993,62.75,13576.56,NaN,NaN,NaN
10994,245.58,13185.36,NaN,NaN,NaN
10995,509.53,13872.12,NaN,NaN,NaN
10996,816.95,13501.22,NaN,NaN,NaN
10997,874.03,13603.77,2,4,2.0000
10998,392.76,13866.76,NaN,NaN,NaN
10999,570.10,13491.57,2,2,0.0000
11000,892.62,13945.30,NaN,NaN,NaN
11001,557.32,13398.33,NaN,NaN,NaN
11002,681.67,13413.33,NaN,NaN,NaN
11003,534.87,13233.36,NaN,NaN,NaN
11004,657.02,13451.94,NaN,NaN,NaN
11005,655.18,13336.87,3,6,2.0000
11006,54.21,13490.85,0,0,0.0000
11007,95.05,13681.88,NaN,NaN,NaN
11008,343.77,13526.70,0,0,0.0000
11009,654.65,13510.15,NaN,NaN,NaN
11010,445.31,13346.79,2,2,0.0000
11011,446.94,13881.42,3,0,0.0000
11012,763.86,13735.42,2,3,0.0000
11013,573.96,13773.73,0,0,0.0000
11014,500.04,13681.82,NaN,NaN,NaN
11015,670.87,13565.44,NaN,NaN,NaN
11016,506.29,13351.59,NaN,NaN,NaN
11017,218.92,13285.22,NaN,NaN,NaN
11018,415.24,13512.02,NaN,NaN,NaN
11019,801.31,13601.49,0,0,0.0000
11020,829.65,13670.82,2,3,0.0000
11021,801.73,13427.49,NaN,NaN,NaN
11022,688.31,13678.83,0,0,0.0000
11023,749.19,13384.99,NaN,NaN,NaN
11024,839.93,13951.10,0,0,0.0000
11025,847.66,13468.52,0,0,0.0000
11026,474.33,13209.85,2,3,0.0000
11027,795.03,13933.49,0,0,0.0000
11028,587.21,13330.47,NaN,NaN,NaN
11029,780.15,13700.42,NaN,NaN,NaN
11030,326.02,13412.06,0,0,0.0000
11031,443.37,13558.67,2,3,0.0000
11032,634.47,13854.46,2,2,0.0000
11033,734.78,13436.19,NaN,NaN,NaN
11034,550.13,13332.73,3,4,0.0000
11035,750.90,13240.13,NaN,NaN,NaN
11036,838.77,13822.81,0,0,0.0000
11037,63.75,13439.56,NaN,NaN,NaN
11038,317.46,13492.90,0,0,0.0000
11039,609.45,13615.27,NaN,NaN,NaN
11040,611.87,13525.68,NaN,NaN,NaN
11041,444.77,13676.39,0,0,0.0000
11042,465.57,13772.99,0,0,0.0000
11043,467.20,13836.49,2,2,0.0000
11044,877.41,13420.59,NaN,NaN,NaN
11045,701.16,13385.57,NaN,NaN,NaN
11046,788.35,13651.42,0,0,0.0000
11047,724.56,13571.27,0,0,0.0000
11048,362.38,13468.55,4,4,0.0000
11049,878.24,13907.80,NaN,NaN,NaN
11050,617.26,13463.07,0,0,0.0000
11051,870.28,13722.21,NaN,NaN,NaN
11052,838.79,13868.73,0,0,0.0000
11053,615.15,13663.80,0,0,0.0000
11054,713.08,13469.83,0,0,0.0000
11055,408.74,13756.57,NaN,NaN,NaN
11056,832.45,13623.26,0,0,0.0000
11057,620.99,13815.45,NaN,NaN,NaN
11058,704.62,13727.71,0,0,0.0000
11059,362.05,13345.41,0,0,0.0000
11060,824.78,13716.53,NaN,NaN,NaN
11061,500.65,13258.64,NaN,NaN,NaN
11062,435.77,13382.14,0,0,0.0000
11063,821.31,13564.24,NaN,NaN,NaN
11064,773.92,13437.62,0,0,0.0000
11065,413.06,13427.81,0,0,0.0000
11066,799.11,13538.79,0,0,0.0000
11067,724.90,13687.01,0,0,0.0000
11068,1310.74,13764.81,3,5,0.0000
11069,1397.26,13737.51,3,5,0.0000
11070,1119.99,13902.18,NaN,NaN,NaN
11071,937.62,13748.02,NaN,NaN,NaN
11072,1320.78,13658.11,NaN,NaN,NaN
11073,1197.04,13782.83,0,0,0.0000
11074,1096.52,13707.89,3,6,2.0000
11075,1132.44,13815.89,0,0,0.0000
11076,902.99,13667.99,2,3,0.0000
11077,1208.12,13925.97,NaN,NaN,NaN
11078,1268.03,13887.93,2,2,0.0000
11079,1147.76,13686.15,2,4,2.0000
11080,1087.36,13574.71,NaN,NaN,NaN
11081,1413.98,13809.78,NaN,NaN,NaN
11082,1448.73,13641.77,2,4,2.0000
11083,1244.03,13826.49,NaN,NaN,NaN
11084,1481.01,13725.48,NaN,NaN,NaN
11085,1032.50,13731.27,0,0,0.0000
11086,1220.80,13637.66,2,4,2.0000
11087,994.52,13803.96,NaN,NaN,NaN
11088,1538.17,13652.40,2,1,0.0000
11089,944.75,13890.47,2,3,0.0000
11090,1017.47,13576.17,4,3,0.0000
11091,1343.56,13860.15,0,0,0.0000
11092,940.15,13405.97,2,3,0.0000
11093,1216.39,13714.18,NaN,NaN,NaN
11094,952.11,13609.53,NaN,NaN,NaN
11095,1079.92,13794.80,NaN,NaN,NaN
11096,946.61,13509.46,NaN,NaN,NaN
11097,1619.03,13843.56,NaN,NaN,NaN
11098,1255.43,13683.42,NaN,NaN,NaN
11099,999.00,13502.78,NaN,NaN,NaN
11100,1033.42,13881.79,NaN,NaN,NaN
11101,1586.03,13780.14,NaN,NaN,NaN
11102,1361.19,13628.39,NaN,NaN,NaN
11103,1532.14,13580.59,0,0,0.0000
11104,927.09,13453.21,NaN,NaN,NaN
11105,967.39,13670.26,0,0,0.0000
11106,1312.16,13922.42,0,0,0.0000
11107,1062.82,13620.81,NaN,NaN,NaN
11108,1544.62,13725.63,2,2,0.0000
11109,1010.05,13845.96,NaN,NaN,NaN
11110,964.02,13558.86,NaN,NaN,NaN
11111,998.03,13896.22,0,0,0.0000
11112,1076.65,13851.82,2,2,0.0000
11113,948.04,13824.78,0,0,0.0000
11114,915.89,13557.31,NaN,NaN,NaN
11115,1529.54,13769.64,0,0,0.0000
11116,1723.15,13912.65,2,1,0.0000
11117,3142.26,13291.94,NaN,NaN,NaN
11118,3010.21,13255.70,0,0,0.0000
11119,3092.54,13360.61,NaN,NaN,NaN
11120,3075.02,13276.61,NaN,NaN,NaN
11121,2518.58,13891.71,0,0,0.0000
11122,3090.99,13440.89,NaN,NaN,NaN
11123,3122.96,13519.10,NaN,NaN,NaN
11124,3152.35,13385.45,0,0,0.0000
11125,2481.64,13842.93,2,1,0.0000
11126,3034.45,13204.20,0,0,0.0000
11127,3172.95,13234.47,3,3,0.0000
11128,3048.47,13327.53,0,0,0.0000
11129,3052.17,13391.54,NaN,NaN,NaN
11130,3015.85,13315.92,0,0,0.0000
11131,3164.86,13186.25,0,0,0.0000
11132,3889.54,13590.28,NaN,NaN,NaN
11133,3510.54,13675.91,NaN,NaN,NaN
11134,3627.05,13263.90,0,0,0.0000
11135,3286.31,13371.94,NaN,NaN,NaN
11136,3703.83,13861.44,NaN,NaN,NaN
11137,3788.05,13415.25,NaN,NaN,NaN
11138,3583.88,13788.79,NaN,NaN,NaN
11139,3741.76,13273.11,NaN,NaN,NaN
11140,3508.73,13584.44,0,0,0.0000
11141,3725.50,13729.19,2,6,3.0000
11142,3599.80,13723.34,NaN,NaN,NaN
11143,3912.50,13945.84,0,0,0.0000
11144,3496.32,13489.66,NaN,NaN,NaN
11145,3715.42,13652.40,NaN,NaN,NaN
11146,3822.06,13185.21,4,6,0.0000
11147,3927.75,13303.77,0,0,0.0000
11148,3696.34,13769.42,NaN,NaN,NaN
11149,3583.71,13517.16,0,0,0.0000
11150,3600.27,13337.65,NaN,NaN,NaN
11151,3542.35,13217.23,3,3,0.0000
11152,3336.50,13221.77,2,5,2.5000
11153,3889.08,13229.75,NaN,NaN,NaN
11154,3386.99,13276.82,NaN,NaN,NaN
11155,3433.49,13457.25,NaN,NaN,NaN
11156,3562.87,13867.50,0,0,0.0000
11157,3856.08,13301.97,2,3,0.0000
11158,3715.74,13433.74,NaN,NaN,NaN
11159,3506.24,13306.24,0,0,0.0000
11160,3883.28,13437.20,NaN,NaN,NaN
11161,3846.28,13708.41,0,0,0.0000
11162,3931.98,13709.50,NaN,NaN,NaN
11163,3827.69,13494.46,0,0,0.0000
11164,3302.41,13490.80,0,0,0.0000
11165,3676.52,13594.93,0,0,0.0000
11166,3665.13,13935.90,NaN,NaN,NaN
11167,3432.17,13395.24,NaN,NaN,NaN
11168,3469.95,13783.33,NaN,NaN,NaN
11169,3893.91,13870.45,NaN,NaN,NaN
11170,3952.79,13827.09,0,0,0.0000
11171,3281.33,13574.21,NaN,NaN,NaN
11172,3798.69,13884.57,3,3,0.0000
11173,3646.54,13410.42,0,0,0.0000
11174,3635.54,13457.14,0,0,0.0000
11175,3824.68,13341.02,NaN,NaN,NaN
11176,3556.69,13445.98,0,0,0.0000
11177,3348.06,13564.72,NaN,NaN,NaN
11178,3220.02,13290.38,NaN,NaN,NaN
11179,3500.94,13857.64,NaN,NaN,NaN
11180,3286.56,13671.72,0,0,0.0000
11181,3731.43,13495.02,NaN,NaN,NaN
11182,3788.98,13689.18,NaN,NaN,NaN
11183,3438.40,13713.06,NaN,NaN,NaN
11184,3226.31,13213.52,0,0,0.0000
11185,3456.52,13317.94,NaN,NaN,NaN
11186,3419.55,13591.61,3,5,0.0000
11187,3542.54,13943.15,NaN,NaN,NaN
11188,3716.34,13539.05,NaN,NaN,NaN
11189,3352.83,13628.93,0,0,0.0000
11190,3422.79,13651.22,NaN,NaN,NaN
11191,3819.48,13808.99,3,6,2.0000
11192,3390.94,13190.06,NaN,NaN,NaN
11193,3362.48,13494.95,NaN,NaN,NaN
11194,3371.60,13747.50,0,0,0.0000
11195,3773.35,13556.60,2,6,3.0000
11196,3208.47,13378.36,NaN,NaN,NaN
11197,3632.20,13589.89,0,0,0.0000
11198,3614.44,13873.21,NaN,NaN,NaN
11199,3428.74,13539.34,2,3,0.0000
11200,3346.98,13333.48,NaN,NaN,NaN
11201,3212.32,13529.87,NaN,NaN,NaN
11202,3826.27,13764.53,NaN,NaN,NaN
11203,3407.17,13334.50,0,0,0.0000
11204,3853.88,13920.22,3,3,0.0000
11205,3699.33,13204.29,0,0,0.0000
11206,3891.08,13823.07,NaN,NaN,NaN
11207,3606.35,13634.47,NaN,NaN,NaN
11208,3466.02,13221.17,NaN,NaN,NaN
11209,3481.37,13894.40,0,0,0.0000
11210,3794.72,13606.78,3,4,0.0000
11211,3432.47,13232.99,NaN,NaN,NaN
11212,3717.65,13359.46,4,5,0.0000
11213,3766.36,13936.86,NaN,NaN,NaN
11214,3504.74,13367.45,3,3,0.0000
11215,3208.10,13598.75,NaN,NaN,NaN
11216,3369.77,13395.91,NaN,NaN,NaN
11217,3533.71,13387.21,NaN,NaN,NaN
11218,3598.25,13945.07,0,0,0.0000
11219,3942.93,13199.99,0,0,0.0000
11220,3826.22,13562.85,0,0,0.0000
11221,3751.15,13208.52,0,0,0.0000
11222,3882.70,13771.11,NaN,NaN,NaN
11223,3235.92,13435.88,0,0,0.0000
11224,3649.41,13520.43,2,2,0.0000
11225,3992.86,13435.68,NaN,NaN,NaN
11226,4101.05,13674.71,3,4,0.0000
11227,4194.71,13931.24,NaN,NaN,NaN
11228,3999.05,13938.73,NaN,NaN,NaN
11229,4052.23,13877.22,0,0,0.0000
11230,4101.23,13478.48,2,2,0.0000
11231,4128.80,13580.59,NaN,NaN,NaN
11232,3973.71,13586.60,NaN,NaN,NaN
11233,3980.61,13768.91,NaN,NaN,NaN
11234,3996.18,13274.04,NaN,NaN,NaN
11235,4257.01,13842.78,NaN,NaN,NaN
11236,4065.68,13750.22,NaN,NaN,NaN
11237,4029.82,13813.44,2,3,0.0000
11238,4174.58,13849.59,0,0,0.0000
11239,4188.96,13643.16,NaN,NaN,NaN
11240,3998.20,13192.35,0,0,0.0000
11241,4004.39,13713.44,0,0,0.0000
11242,4285.92,13915.61,0,0,0.0000
11243,4015.46,13531.39,NaN,NaN,NaN
11244,4191.92,13737.81,NaN,NaN,NaN
11245,4156.68,13527.74,0,0,0.0000
11246,4040.49,13609.44,0,0,0.0000
11247,4160.90,13702.31,2,1,0.0000
11248,4188.89,13586.32,NaN,NaN,NaN
11249,4067.10,13535.71,0,0,0.0000
11250,4201.01,13693.87,NaN,NaN,NaN
11251,4227.56,13608.20,NaN,NaN,NaN
11252,4129.25,13748.47,NaN,NaN,NaN
11253,4226.04,13672.78,0,0,0.0000
11254,4008.87,13657.90,0,0,0.0000
11255,4230.34,13727.24,0,0,0.0000
11256,4206.39,13811.68,2,5,2.5000
11257,5453.71,13876.40,NaN,NaN,NaN
11258,5496.87,13220.02,NaN,NaN,NaN
11259,5314.54,13337.31,3,5,0.0000
11260,5179.48,13838.08,NaN,NaN,NaN
11261,5210.33,13319.95,NaN,NaN,NaN
11262,5317.27,13712.50,3,5,0.0000
11263,4924.82,13743.92,NaN,NaN,NaN
11264,5045.81,13318.79,2,4,2.0000
11265,5248.63,13418.74,NaN,NaN,NaN
11266,5020.23,13409.80,0,0,0.0000
11267,5346.96,13800.86,2,1,0.0000
11268,5408.48,13257.00,NaN,NaN,NaN
11269,5149.78,13273.25,NaN,NaN,NaN
11270,5431.14,13663.76,NaN,NaN,NaN
11271,5493.84,13588.00,NaN,NaN,NaN
11272,4961.96,13313.84,NaN,NaN,NaN
11273,4963.58,13239.32,NaN,NaN,NaN
11274,5143.12,13535.82,NaN,NaN,NaN
11275,5427.06,13495.70,0,0,0.0000
11276,5069.33,13227.60,2,4,2.0000
11277,5205.67,13589.58,2,4,2.0000
11278,4845.04,13228.95,NaN,NaN,NaN
11279,5158.72,13720.81,NaN,NaN,NaN
11280,5226.00,13902.56,NaN,NaN,NaN
11281,5411.19,13552.49,NaN,NaN,NaN
11282,5453.85,13318.55,NaN,NaN,NaN
11283,5239.07,13793.47,0,0,0.0000
11284,5235.00,13711.70,NaN,NaN,NaN
11285,5333.53,13423.62,2,5,2.5000
11286,5311.97,13855.86,NaN,NaN,NaN
11287,5356.34,13609.78,NaN,NaN,NaN
11288,4954.57,13826.69,2,5,2.5000
11289,5257.72,13480.63,NaN,NaN,NaN
11290,5142.62,13381.58,0,0,0.0000
11291,5479.55,13692.60,NaN,NaN,NaN
11292,5269.60,13607.04,2,4,2.0000
11293,5279.61,13653.81,2,5,2.5000
11294,5015.60,13678.96,NaN,NaN,NaN
11295,5098.25,13477.65,0,0,0.0000
11296,5072.77,13732.29,NaN,NaN,NaN
11297,5108.64,13594.48,0,0,0.0000
11298,5492.05,13426.66,3,4,0.0000
11299,5321.79,13479.92,3,2,0.0000
11300,5131.66,13911.41,0,0,0.0000
11301,5084.81,13649.73,4,4,0.0000
11302,4899.48,13233.27,NaN,NaN,NaN
11303,5159.45,13429.86,NaN,NaN,NaN
11304,4882.35,13306.22,NaN,NaN,NaN
11305,4932.18,13370.62,0,0,0.0000
11306,5202.38,13200.37,0,0,0.0000
11307,5009.02,13748.66,3,4,0.0000
11308,4970.83,13903.47,NaN,NaN,NaN
11309,4954.86,13689.99,2,3,0.0000
11310,4877.22,13354.76,0,0,0.0000
11311,5428.24,13594.31,0,0,0.0000
11312,5446.79,13773.66,0,0,0.0000
11313,4864.25,13918.71,NaN,NaN,NaN
11314,5293.04,13562.19,NaN,NaN,NaN
11315,4913.26,13905.19,NaN,NaN,NaN
11316,5199.18,13655.80,NaN,NaN,NaN
11317,4835.53,13280.58,0,0,0.0000
11318,5346.92,13557.41,0,0,0.0000
11319,5085.02,13394.41,0,0,0.0000
11320,5425.75,13420.59,0,0,0.0000
11321,5203.39,13502.70,NaN,NaN,NaN
11322,5156.78,13618.77,NaN,NaN,NaN
11323,5401.98,13322.96,3,6,2.0000
11324,5469.03,13376.31,0,0,0.0000
11325,5374.19,13687.31,0,0,0.0000
11326,5142.69,13655.22,NaN,NaN,NaN
11327,5403.29,13707.81,NaN,NaN,NaN
11328,5811.87,13237.67,NaN,NaN,NaN
11329,5784.02,13562.10,3,5,0.0000
11330,5965.36,13809.89,2,5,2.5000
11331,5870.17,13893.33,NaN,NaN,NaN
11332,5677.36,13698.27,NaN,NaN,NaN
11333,5709.04,13408.45,NaN,NaN,NaN
11334,5533.93,13493.86,0,0,0.0000
11335,5852.53,13754.34,0,0,0.0000
11336,5910.39,13453.52,NaN,NaN,NaN
11337,5722.33,13887.16,0,0,0.0000
11338,5552.84,13335.37,0,0,0.0000
11339,5786.87,13340.48,0,0,0.0000
11340,5916.91,13637.84,0,0,0.0000
11341,5985.68,13448.86,2,3,0.0000
11342,5905.86,13564.49,NaN,NaN,NaN
11343,5525.72,13778.81,NaN,NaN,NaN
11344,5627.85,13881.17,NaN,NaN,NaN
11345,5554.49,13895.92,NaN,NaN,NaN
11346,5585.84,13417.68,NaN,NaN,NaN
11347,5618.95,13211.52,0,0,0.0000
11348,6044.89,13467.96,NaN,NaN,NaN
11349,5726.54,13766.95,NaN,NaN,NaN
11350,6001.40,13698.66,0,0,0.0000
11351,5656.38,13350.89,NaN,NaN,NaN
11352,5987.82,13923.88,NaN,NaN,NaN
11353,6020.66,13564.99,NaN,NaN,NaN
11354,6046.26,13947.04,0,0,0.0000
11355,5780.62,13789.16,0,0,0.0000
11356,6036.14,13369.66,2,3,0.0000
11357,5597.40,13537.31,0,0,0.0000
11358,5657.43,13813.78,3,5,0.0000
11359,5600.30,13678.87,0,0,0.0000
11360,5842.43,13407.11,NaN,NaN,NaN
11361,5903.18,13346.56,0,0,0.0000
11362,5664.33,13517.82,0,0,0.0000
11363,5530.18,13628.22,0,0,0.0000
11364,5587.38,13752.59,0,0,0.0000
11365,5662.51,13593.96,NaN,NaN,NaN
11366,5779.61,13486.96,NaN,NaN,NaN
11367,5965.59,13361.33,3,5,0.0000
11368,5684.66,13868.69,3,3,0.0000
11369,5693.28,13268.98,0,0,0.0000
11370,5624.09,13311.08,2,4,2.0000
11371,5801.46,13449.00,NaN,NaN,NaN
11372,5931.50,13257.04,NaN,NaN,NaN
11373,5629.29,13618.01,0,0,0.0000
11374,6067.72,13851.66,2,2,0.0000
11375,5585.48,13622.95,0,0,0.0000
11376,5674.79,13467.11,NaN,NaN,NaN
11377,5996.76,13614.63,0,0,0.0000
11378,5706.10,13345.69,2,10,5.0000
11379,6492.94,13383.93,NaN,NaN,NaN
11380,6392.51,13293.63,NaN,NaN,NaN
11381,6450.71,13316.18,2,2,0.0000
11382,6336.25,13195.03,2,9,4.5000
11383,6450.22,13231.42,NaN,NaN,NaN
11384,7497.39,13303.75,NaN,NaN,NaN
11385,7447.46,13236.57,NaN,NaN,NaN
11386,7682.19,13186.86,4,8,2.0000
11387,7548.71,13396.53,0,0,0.0000
11388,7710.13,13268.20,NaN,NaN,NaN
11389,7573.78,13258.19,3,3,0.0000
11390,7609.35,13222.60,0,0,0.0000
11391,7574.58,13346.67,0,0,0.0000
11392,7653.65,13360.16,0,0,0.0000
11393,7641.93,13681.32,NaN,NaN,NaN
11394,7418.20,13192.87,NaN,NaN,NaN
11395,7527.28,13214.37,2,2,0.0000
11396,7502.15,13378.55,0,0,0.0000
11397,8138.12,13437.92,0,0,0.0000
11398,8201.85,13257.40,NaN,NaN,NaN
11399,8233.51,13780.94,2,5,2.5000
11400,8143.92,13536.46,0,0,0.0000
11401,8123.18,13224.63,NaN,NaN,NaN
11402,8043.45,13451.85,NaN,NaN,NaN
11403,8048.38,13677.00,NaN,NaN,NaN
11404,8195.16,13668.84,0,0,0.0000
11405,8223.38,13406.38,0,0,0.0000
11406,8103.88,13670.13,NaN,NaN,NaN
11407,8272.94,13906.23,NaN,NaN,NaN
11408,8133.50,13737.03,3,5,0.0000
11409,8214.86,13940.33,0,0,0.0000
11410,8000.67,13361.52,NaN,NaN,NaN
11411,8223.07,13598.82,NaN,NaN,NaN
11412,8171.99,13815.51,NaN,NaN,NaN
11413,7954.32,13468.33,0,0,0.0000
11414,8198.10,13870.73,NaN,NaN,NaN
11415,7998.41,13720.02,NaN,NaN,NaN
11416,8042.79,13605.99,NaN,NaN,NaN
11417,8057.60,13542.46,NaN,NaN,NaN
11418,7965.04,13751.72,NaN,NaN,NaN
11419,8110.71,13801.68,0,0,0.0000
11420,8294.58,13841.72,NaN,NaN,NaN
11421,8290.47,13781.29,2,2,0.0000
11422,8327.40,13214.14,NaN,NaN,NaN
11423,8083.40,13747.61,NaN,NaN,NaN
11424,8116.95,13330.01,NaN,NaN,NaN
11425,8103.42,13367.11,NaN,NaN,NaN
11426,8008.86,13514.79,NaN,NaN,NaN
11427,7980.89,13408.06,0,0,0.0000
11428,8122.15,13602.61,0,0,0.0000
11429,8241.03,13341.35,NaN,NaN,NaN
11430,8155.87,13333.20,NaN,NaN,NaN
11431,8258.11,13870.52,0,0,0.0000
11432,8275.13,13731.43,0,0,0.0000
11433,8030.68,13749.71,NaN,NaN,NaN
11434,8339.73,13872.05,NaN,NaN,NaN
11435,8186.73,13592.83,0,0,0.0000
11436,8045.42,13786.60,NaN,NaN,NaN
11437,7903.66,13552.97,NaN,NaN,NaN
11438,8042.92,13308.36,NaN,NaN,NaN
11439,8069.29,13823.64,NaN,NaN,NaN
11440,8138.58,13631.24,0,0,0.0000
11441,8013.74,13638.90,NaN,NaN,NaN
11442,9329.80,13681.82,0,0,0.0000
11443,9381.94,13884.70,3,1,0.0000
11444,9421.47,13811.87,2,3,0.0000
11445,9414.85,13929.92,NaN,NaN,NaN
11446,9425.72,13688.87,0,0,0.0000
11447,9495.82,13831.95,0,0,0.0000
11448,9372.92,13606.12,NaN,NaN,NaN
11449,9373.63,13653.70,0,0,0.0000
11450,9374.01,13775.40,0,0,0.0000
11451,10847.52,13635.89,NaN,NaN,NaN
11452,10290.66,13397.93,0,0,0.0000
11453,10398.41,13437.86,NaN,NaN,NaN
11454,10263.72,13324.41,NaN,NaN,NaN
11455,10189.05,13221.04,0,0,0.0000
11456,10883.70,13557.87,0,0,0.0000
11457,10939.79,13524.29,0,0,0.0000
11458,11604.79,13253.51,3,8,2.6667
11459,11638.25,13314.52,0,0,0.0000
11460,12337.36,13926.52,NaN,NaN,NaN
11461,11907.20,13251.34,NaN,NaN,NaN
11462,11802.25,13302.54,NaN,NaN,NaN
11463,12076.63,13922.82,NaN,NaN,NaN
11464,12329.67,13828.32,NaN,NaN,NaN
11465,12230.18,13899.73,NaN,NaN,NaN
11466,12271.23,13935.14,0,0,0.0000
11467,12057.60,13189.04,NaN,NaN,NaN
11468,12160.97,13920.16,0,0,0.0000
11469,11834.94,13231.95,NaN,NaN,NaN
11470,12020.36,13228.03,NaN,NaN,NaN
11471,11740.14,13318.03,0,0,0.0000
11472,11700.23,13304.78,0,0,0.0000
11473,12216.51,13836.03,0,0,0.0000
11474,12176.08,13873.24,2,2,0.0000
11475,13106.62,13488.91,NaN,NaN,NaN
11476,13022.69,13826.03,NaN,NaN,NaN
11477,13038.35,13603.75,0,0,0.0000
11478,13107.46,13203.93,0,0,0.0000
11479,12940.22,13215.21,0,0,0.0000
11480,12997.73,13316.33,NaN,NaN,NaN
11481,12861.71,13916.84,NaN,NaN,NaN
11482,12628.39,13826.72,4,7,0.0000
11483,12821.68,13599.27,2,3,0.0000
11484,12762.32,13289.82,NaN,NaN,NaN
11485,12789.08,13762.85,0,0,0.0000
11486,13149.29,13343.39,NaN,NaN,NaN
11487,12871.74,13335.05,NaN,NaN,NaN
11488,13085.53,13297.15,NaN,NaN,NaN
11489,12859.31,13511.67,0,0,0.0000
11490,12736.02,13458.15,NaN,NaN,NaN
11491,13153.50,13728.52,3,9,3.0000
11492,12931.02,13468.06,0,0,0.0000
11493,12949.20,13642.57,NaN,NaN,NaN
11494,12947.04,13716.72,0,0,0.0000
11495,12453.62,13878.89,NaN,NaN,NaN
11496,12673.33,13927.81,NaN,NaN,NaN
11497,12542.38,13839.95,0,0,0.0000
11498,13095.14,13847.15,4,8,2.0000
11499,12482.59,13754.25,0,0,0.0000
11500,12644.70,13737.04,0,0,0.0000
11501,12730.59,13622.41,0,0,0.0000
11502,12660.31,13502.37,NaN,NaN,NaN
11503,12697.80,13719.75,0,0,0.0000
11504,12691.08,13571.44,4,6,0.0000
11505,12878.50,13777.49,0,0,0.0000
11506,12841.86,13249.46,NaN,NaN,NaN
11507,12913.90,13401.61,2,5,2.5000
11508,12686.49,13313.84,0,0,0.0000
11509,12801.43,13446.41,0,0,0.0000
11510,12657.19,13370.96,NaN,NaN,NaN
11511,12754.63,13843.41,0,0,0.0000
11512,12464.53,13821.99,0,0,0.0000
11513,12879.03,13666.59,0,0,0.0000
11514,12733.17,13890.81,NaN,NaN,NaN
11515,12566.25,13562.72,0,0,0.0000
11516,12789.52,13884.59,NaN,NaN,NaN
11517,12740.83,13666.84,0,0,0.0000
11518,12923.03,13865.15,3,5,0.0000
11519,12828.13,13684.54,0,0,0.0000
11520,12518.01,13922.34,NaN,NaN,NaN
11521,13183.72,13668.53,0,0,0.0000
11522,12681.11,13400.95,0,0,0.0000
11523,13315.43,13237.12,NaN,NaN,NaN
11524,13305.02,13447.52,0,0,0.0000
11525,13200.40,13951.91,3,7,2.3333
11526,13547.61,13369.01,0,0,0.0000
11527,13583.35,13184.27,4,7,0.0000
11528,13484.29,13240.53,2,4,2.0000
11529,13465.22,13503.64,NaN,NaN,NaN
11530,13719.59,13750.95,NaN,NaN,NaN
11531,13341.20,13813.97,NaN,NaN,NaN
11532,13205.59,13817.02,NaN,NaN,NaN
11533,13491.37,13950.73,NaN,NaN,NaN
11534,13222.40,13359.47,3,4,0.0000
11535,13485.98,13691.20,NaN,NaN,NaN
11536,13234.90,13557.52,NaN,NaN,NaN
11537,13657.30,13279.58,2,4,2.0000
11538,13315.64,13591.05,2,2,0.0000
11539,13615.26,13626.31,NaN,NaN,NaN
11540,13631.47,13801.58,0,0,0.0000
11541,13195.96,13214.12,NaN,NaN,NaN
11542,13610.24,13883.72,NaN,NaN,NaN
11543,13573.84,13742.95,2,3,0.0000
11544,13260.98,13864.42,2,4,2.0000
11545,13523.93,13524.85,NaN,NaN,NaN
11546,13579.55,13475.23,NaN,NaN,NaN
11547,13412.44,13386.02,NaN,NaN,NaN
11548,13325.92,13914.41,0,0,0.0000
11549,13472.97,13340.61,2,3,0.0000
11550,13429.14,13597.27,NaN,NaN,NaN
11551,13425.74,13940.20,0,0,0.0000
11552,13248.74,13650.23,2,2,0.0000
11553,13649.23,13744.94,NaN,NaN,NaN
11554,13695.44,13874.54,0,0,0.0000
11555,13665.56,13591.80,3,3,0.0000
11556,13493.96,13617.32,NaN,NaN,NaN
11557,13484.28,13818.67,NaN,NaN,NaN
11558,13566.98,13914.40,NaN,NaN,NaN
11559,13687.19,13660.17,NaN,NaN,NaN
11560,13738.73,13650.34,NaN,NaN,NaN
11561,13364.26,13722.73,3,4,0.0000
11562,13541.77,13582.85,NaN,NaN,NaN
11563,13249.34,13717.15,0,0,0.0000
11564,13618.24,13672.60,0,0,0.0000
11565,13578.78,13567.73,0,0,0.0000
11566,13437.02,13832.70,NaN,NaN,NaN
11567,13336.08,13676.58,0,0,0.0000
11568,13764.27,13627.94,NaN,NaN,NaN
11569,13559.63,13814.67,2,5,2.5000
11570,13780.59,13711.96,0,0,0.0000
11571,13536.36,13861.70,NaN,NaN,NaN
11572,13472.12,13756.55,0,0,0.0000
11573,13657.58,13924.25,0,0,0.0000
11574,13410.30,13662.74,0,0,0.0000
11575,13562.39,13663.06,NaN,NaN,NaN
11576,13735.09,13496.06,0,0,0.0000
11577,13204.19,13624.88,NaN,NaN,NaN
11578,13587.04,13800.21,NaN,NaN,NaN
11579,13613.16,13306.83,NaN,NaN,NaN
11580,13723.11,13608.57,NaN,NaN,NaN
11581,13425.14,13279.30,NaN,NaN,NaN
11582,13797.04,13675.50,0,0,0.0000
11583,13537.65,13628.83,NaN,NaN,NaN
11584,13645.58,13845.96,0,0,0.0000
11585,13632.23,13403.84,NaN,NaN,NaN
11586,13749.21,13837.72,NaN,NaN,NaN
11587,14089.36,13380.15,0,0,0.0000
11588,14054.22,13313.51,0,0,0.0000
11589,16336.15,13207.23,NaN,NaN,NaN
11590,16175.96,13276.06,NaN,NaN,NaN
11591,16143.30,13357.86,NaN,NaN,NaN
11592,15932.75,13193.07,0,0,0.0000
11593,16244.22,13484.04,0,0,0.0000
11594,16205.55,13412.54,NaN,NaN,NaN
11595,16355.19,13346.48,2,5,2.5000
11596,16312.92,13488.36,NaN,NaN,NaN
11597,16096.57,13310.04,0,0,0.0000
11598,16274.58,13559.53,0,0,0.0000
11599,16013.66,13191.50,0,0,0.0000
11600,16319.49,13414.67,NaN,NaN,NaN
11601,16248.17,13359.95,NaN,NaN,NaN
11602,16281.14,13312.11,NaN,NaN,NaN
11603,16278.34,13607.49,0,0,0.0000
11604,16316.02,13345.61,3,7,2.3333
11605,16271.33,13198.77,NaN,NaN,NaN
11606,16269.00,13418.57,0,0,0.0000
11607,16223.37,13321.70,0,0,0.0000
11608,16302.63,13698.37,0,0,0.0000
11609,16256.25,13276.25,0,0,0.0000
11610,16366.04,13402.44,NaN,NaN,NaN
11611,16273.32,13701.88,NaN,NaN,NaN
11612,16288.30,13660.17,0,0,0.0000
11613,16360.79,13436.34,2,5,2.5000
11614,16207.81,13359.07,0,0,0.0000
11615,16252.86,13703.27,0,0,0.0000
11616,16368.37,13482.33,NaN,NaN,NaN
11617,16156.08,13419.19,0,0,0.0000
11618,657.02,14540.84,0,0,0.0000
11619,850.58,14463.64,2,4,2.0000
11620,827.30,14087.37,NaN,NaN,NaN
11621,672.79,14127.72,2,3,0.0000
11622,617.29,14656.10,0,0,0.0000
11623,697.90,14358.11,NaN,NaN,NaN
11624,598.51,14444.72,3,4,0.0000
11625,715.75,14437.68,0,0,0.0000
11626,621.32,14301.59,2,1,0.0000
11627,861.42,14332.28,0,0,0.0000
11628,747.31,14242.67,0,0,0.0000
11629,735.53,14300.80,2,5,2.5000
11630,505.96,14535.59,2,3,0.0000
11631,617.80,14063.73,NaN,NaN,NaN
11632,660.36,14227.95,4,9,2.2500
11633,756.64,14613.04,2,3,0.0000
11634,760.51,14176.66,3,4,0.0000
11635,854.92,14583.54,0,0,0.0000
11636,74.19,14615.85,NaN,NaN,NaN
11637,502.84,14707.67,NaN,NaN,NaN
11638,861.06,14683.30,NaN,NaN,NaN
11639,819.71,14191.14,4,5,0.0000
11640,748.66,14048.57,2,2,0.0000
11641,449.36,14668.52,0,0,0.0000
11642,802.29,14646.04,NaN,NaN,NaN
11643,559.52,14009.53,NaN,NaN,NaN
11644,891.79,14187.00,NaN,NaN,NaN
11645,870.00,14231.77,2,2,0.0000
11646,837.98,14022.28,0,0,0.0000
11647,532.77,14648.94,2,2,0.0000
11648,627.13,14008.33,NaN,NaN,NaN
11649,755.70,14690.27,0,0,0.0000
11650,704.13,14606.53,2,2,0.0000
11651,785.51,14400.35,0,0,0.0000
11652,534.54,14579.16,3,3,0.0000
11653,772.69,13977.69,NaN,NaN,NaN
11654,893.96,14139.62,NaN,NaN,NaN
11655,581.43,14254.20,NaN,NaN,NaN
11656,592.38,14597.90,2,1,0.0000
11657,476.30,14596.41,NaN,NaN,NaN
11658,689.90,13985.57,NaN,NaN,NaN
11659,853.57,14627.34,NaN,NaN,NaN
11660,700.34,14068.34,3,4,0.0000
11661,570.34,14381.28,0,0,0.0000
11662,695.21,14017.47,NaN,NaN,NaN
11663,426.34,14635.84,2,2,0.0000
11664,562.33,13961.84,NaN,NaN,NaN
11665,520.09,14619.03,2,3,0.0000
11666,656.92,14695.79,NaN,NaN,NaN
11667,426.95,14595.02,NaN,NaN,NaN
11668,661.07,14477.12,NaN,NaN,NaN
11669,604.38,14710.33,0,0,0.0000
11670,1388.34,14259.44,2,1,0.0000
11671,1264.20,14346.10,2,2,0.0000
11672,1008.93,14418.64,3,3,0.0000
11673,1077.50,14631.46,NaN,NaN,NaN
11674,1177.06,14080.72,NaN,NaN,NaN
11675,1052.91,14029.27,0,0,0.0000
11676,1466.04,14370.68,2,3,0.0000
11677,936.59,14036.21,NaN,NaN,NaN
11678,927.77,14280.64,4,6,0.0000
11679,1297.82,14490.79,NaN,NaN,NaN
11680,1264.60,14249.56,NaN,NaN,NaN
11681,1056.89,14093.07,NaN,NaN,NaN
11682,953.85,14349.63,0,0,0.0000
11683,1285.06,14010.37,2,1,0.0000
11684,1141.75,14522.66,NaN,NaN,NaN
11685,981.19,14553.84,0,0,0.0000
11686,1032.64,14196.99,NaN,NaN,NaN
11687,1336.98,14178.54,NaN,NaN,NaN
11688,1211.07,14460.02,2,4,2.0000
11689,1358.26,14581.85,NaN,NaN,NaN
11690,1038.26,13966.96,2,1,0.0000
11691,1362.74,14500.69,NaN,NaN,NaN
11692,1135.36,14284.52,NaN,NaN,NaN
11693,1074.51,14142.28,0,0,0.0000
11694,1257.32,14095.91,NaN,NaN,NaN
11695,1244.92,14414.87,0,0,0.0000
11696,1097.98,14694.17,NaN,NaN,NaN
11697,1088.39,14353.90,3,6,2.0000
11698,1202.62,14223.96,2,3,0.0000
11699,1237.43,14555.07,0,0,0.0000
11700,1293.02,14696.18,4,4,0.0000
11701,1103.82,14250.64,NaN,NaN,NaN
11702,963.39,14174.45,4,6,0.0000
11703,1063.36,14557.78,2,4,2.0000
11704,1104.85,14476.44,NaN,NaN,NaN
11705,947.60,14647.77,3,3,0.0000
11706,924.25,14499.77,NaN,NaN,NaN
11707,1598.63,14386.64,0,0,0.0000
11708,1491.88,14270.25,NaN,NaN,NaN
11709,1333.95,14119.83,NaN,NaN,NaN
11710,1155.55,14396.33,NaN,NaN,NaN
11711,1446.16,14321.99,3,3,0.0000
11712,1264.75,14610.71,2,1,0.0000
11713,1550.80,14283.28,2,4,2.0000
11714,1586.98,14317.43,NaN,NaN,NaN
11715,1203.41,14655.27,NaN,NaN,NaN
11716,1266.55,14178.93,0,0,0.0000
11717,1042.11,14276.01,0,0,0.0000
11718,1594.23,14254.59,NaN,NaN,NaN
11719,1203.25,14607.38,0,0,0.0000
11720,1357.97,14642.07,NaN,NaN,NaN
11721,1146.56,14176.28,NaN,NaN,NaN
11722,1013.38,14500.24,NaN,NaN,NaN
11723,1339.50,14386.61,NaN,NaN,NaN
11724,1193.57,14493.09,NaN,NaN,NaN
11725,1653.46,14406.30,NaN,NaN,NaN
11726,964.55,14231.79,NaN,NaN,NaN
11727,928.90,14107.60,4,6,0.0000
11728,1086.06,14195.30,NaN,NaN,NaN
11729,1559.17,14381.18,0,0,0.0000
11730,1208.48,14696.36,0,0,0.0000
11731,1115.32,14569.94,3,4,0.0000
11732,1371.28,14698.30,2,3,0.0000
11733,1256.09,14661.93,NaN,NaN,NaN
11734,1196.76,14160.60,NaN,NaN,NaN
11735,949.32,13968.68,0,0,0.0000
11736,1405.09,14581.29,0,0,0.0000
11737,1389.48,14393.67,NaN,NaN,NaN
11738,983.69,14473.20,NaN,NaN,NaN
11739,1083.70,14393.69,NaN,NaN,NaN
11740,902.25,14708.37,NaN,NaN,NaN
11741,1121.09,14056.49,3,4,0.0000
11742,1000.78,14130.45,NaN,NaN,NaN
11743,1370.98,14434.80,NaN,NaN,NaN
11744,1301.76,14060.29,NaN,NaN,NaN
11745,1312.76,14650.63,2,4,2.0000
11746,1159.65,14326.35,3,4,0.0000
11747,1036.91,14686.25,NaN,NaN,NaN
11748,1056.16,14480.01,2,3,0.0000
11749,1153.36,14713.83,0,0,0.0000
11750,1702.97,14476.28,2,2,0.0000
11751,1836.53,14659.10,0,0,0.0000
11752,1668.75,14297.33,NaN,NaN,NaN
11753,1674.83,14355.73,2,2,0.0000
11754,1774.69,14514.81,NaN,NaN,NaN
11755,1821.94,14564.76,0,0,0.0000
11756,1785.32,14381.66,4,6,0.0000
11757,1847.33,14505.52,4,3,0.0000
11758,1777.74,14438.21,2,4,2.0000
11759,1903.53,14671.44,0,0,0.0000
11760,1805.99,14613.53,0,0,0.0000
11761,1732.20,14385.19,NaN,NaN,NaN
11762,3870.79,14569.72,NaN,NaN,NaN
11763,3752.99,14049.85,NaN,NaN,NaN
11764,3920.46,14410.91,NaN,NaN,NaN
11765,3912.95,14024.90,0,0,0.0000
11766,3835.98,14247.36,0,0,0.0000
11767,3845.33,14332.06,NaN,NaN,NaN
11768,3807.41,14092.15,NaN,NaN,NaN
11769,3774.59,14279.37,0,0,0.0000
11770,3824.70,13982.47,NaN,NaN,NaN
11771,3893.13,14182.57,2,2,0.0000
11772,3865.71,14105.89,NaN,NaN,NaN
11773,3683.28,14095.48,NaN,NaN,NaN
11774,3696.02,13999.74,0,0,0.0000
11775,3950.84,14473.87,0,0,0.0000
11776,3629.78,13986.31,NaN,NaN,NaN
11777,3727.21,14310.94,NaN,NaN,NaN
11778,3784.57,14546.50,NaN,NaN,NaN
11779,3857.62,14493.60,NaN,NaN,NaN
11780,3702.78,14181.32,0,0,0.0000
11781,3939.45,14337.62,NaN,NaN,NaN
11782,3738.60,13976.07,0,0,0.0000
11783,3800.33,14602.45,4,7,0.0000
11784,3739.09,14387.18,4,5,0.0000
11785,3639.59,14038.69,0,0,0.0000
11786,3926.22,14518.98,0,0,0.0000
11787,3772.03,14446.26,NaN,NaN,NaN
11788,3568.50,13983.71,NaN,NaN,NaN
11789,3736.75,14450.28,0,0,0.0000
11790,3841.88,14443.10,NaN,NaN,NaN
11791,3784.18,14349.57,NaN,NaN,NaN
11792,3920.43,14290.04,0,0,0.0000
11793,3799.95,14389.19,3,4,0.0000
11794,4141.32,14635.54,NaN,NaN,NaN
11795,4256.48,14517.45,NaN,NaN,NaN
11796,4060.32,14296.92,2,4,2.0000
11797,4116.25,13964.99,2,3,0.0000
11798,4097.42,14453.45,NaN,NaN,NaN
11799,4365.98,14504.94,5,6,0.0000
11800,4039.46,14199.28,NaN,NaN,NaN
11801,4153.49,14345.04,NaN,NaN,NaN
11802,4260.71,14336.08,3,4,0.0000
11803,4180.55,14262.76,2,2,0.0000
11804,4470.61,14465.80,NaN,NaN,NaN
11805,4034.33,14410.10,4,5,0.0000
11806,4597.42,14640.98,NaN,NaN,NaN
11807,4646.10,14318.29,2,5,2.5000
11808,4556.39,14310.07,NaN,NaN,NaN
11809,4057.73,14132.78,NaN,NaN,NaN
11810,4512.52,14546.23,3,4,0.0000
11811,4318.38,14289.37,NaN,NaN,NaN
11812,4702.59,14565.51,NaN,NaN,NaN
11813,4196.02,14172.94,3,5,0.0000
11814,4425.23,14348.45,3,1,0.0000
11815,4239.18,14059.82,NaN,NaN,NaN
11816,4568.90,14486.81,NaN,NaN,NaN
11817,4444.58,14671.31,0,0,0.0000
11818,4666.49,14236.00,NaN,NaN,NaN
11819,4188.83,14443.74,NaN,NaN,NaN
11820,4242.05,14201.25,0,0,0.0000
11821,4243.53,14005.77,0,0,0.0000
11822,4628.37,14703.92,0,0,0.0000
11823,4602.96,14552.50,NaN,NaN,NaN
11824,4532.82,14714.19,NaN,NaN,NaN
11825,4714.38,14212.75,0,0,0.0000
11826,4381.37,14622.49,NaN,NaN,NaN
11827,4041.02,13999.21,3,6,2.0000
11828,4665.79,14642.59,NaN,NaN,NaN
11829,4372.84,14692.77,NaN,NaN,NaN
11830,4670.54,14479.65,0,0,0.0000
11831,4292.59,14679.17,3,5,0.0000
11832,4493.93,14373.99,2,7,3.5000
11833,3995.44,14666.70,3,4,0.0000
11834,4492.32,14417.03,NaN,NaN,NaN
11835,4585.83,14378.13,3,4,0.0000
11836,4664.43,14536.91,0,0,0.0000
11837,4655.75,14399.34,0,0,0.0000
11838,4513.55,14658.93,NaN,NaN,NaN
11839,4265.37,14251.05,NaN,NaN,NaN
11840,4103.90,14557.14,2,5,2.5000
11841,4703.46,14393.32,0,0,0.0000
11842,4552.47,14612.67,0,0,0.0000
11843,4377.44,14314.46,NaN,NaN,NaN
11844,4629.39,14452.84,NaN,NaN,NaN
11845,4428.71,14547.12,0,0,0.0000
11846,4334.66,14384.45,NaN,NaN,NaN
11847,4176.92,14530.95,NaN,NaN,NaN
11848,4334.96,14636.15,NaN,NaN,NaN
11849,4702.70,14650.59,4,9,2.2500
11850,4422.20,14598.12,0,0,0.0000
11851,3978.97,14282.31,NaN,NaN,NaN
11852,4093.11,14044.01,NaN,NaN,NaN
11853,3969.11,14213.55,NaN,NaN,NaN
11854,4106.63,14109.70,NaN,NaN,NaN
11855,4715.27,14126.34,NaN,NaN,NaN
11856,4001.28,14352.85,NaN,NaN,NaN
11857,4304.09,14428.54,0,0,0.0000
11858,4054.97,14532.02,NaN,NaN,NaN
11859,4429.88,14408.22,3,7,2.3333
11860,4669.06,14147.81,NaN,NaN,NaN
11861,4556.23,14437.98,NaN,NaN,NaN
11862,4258.07,14403.54,3,6,2.0000
11863,4333.16,14449.81,0,0,0.0000
11864,4703.82,14307.39,0,0,0.0000
11865,4365.99,14360.90,0,0,0.0000
11866,4260.88,13971.43,NaN,NaN,NaN
11867,4480.75,14612.93,NaN,NaN,NaN
11868,4169.67,14048.99,NaN,NaN,NaN
11869,4145.06,14384.46,0,0,0.0000
11870,4127.79,14077.80,0,0,0.0000
11871,5373.28,14025.81,NaN,NaN,NaN
11872,4786.99,14426.47,3,2,0.0000
11873,5121.16,14456.72,NaN,NaN,NaN
11874,5064.46,14309.39,0,0,0.0000
11875,4994.37,14107.25,NaN,NaN,NaN
11876,5389.99,14561.15,NaN,NaN,NaN
11877,4934.63,13999.01,2,3,0.0000
11878,4836.96,14032.15,NaN,NaN,NaN
11879,5266.67,14561.76,NaN,NaN,NaN
11880,5028.26,14214.75,NaN,NaN,NaN
11881,5327.27,14098.81,NaN,NaN,NaN
11882,5444.97,14304.92,NaN,NaN,NaN
11883,4770.76,14191.16,NaN,NaN,NaN
11884,4899.90,14597.22,2,4,2.0000
11885,4910.95,14201.46,NaN,NaN,NaN
11886,5311.24,14423.17,2,6,3.0000
11887,4908.46,14520.22,NaN,NaN,NaN
11888,5416.30,14469.27,NaN,NaN,NaN
11889,5453.79,14097.66,0,0,0.0000
11890,5180.54,14149.09,0,0,0.0000
11891,5500.02,14607.56,NaN,NaN,NaN
11892,5346.09,14316.35,2,4,2.0000
11893,4801.47,14586.63,NaN,NaN,NaN
11894,5114.19,14613.13,0,0,0.0000
11895,5097.38,13983.06,NaN,NaN,NaN
11896,5031.13,14719.66,0,0,0.0000
11897,5172.90,13957.19,0,0,0.0000
11898,5293.73,14246.78,2,1,0.0000
11899,4997.65,14544.06,2,3,0.0000
11900,5212.04,14491.55,NaN,NaN,NaN
11901,4778.00,14097.21,2,3,0.0000
11902,5416.09,14393.14,3,7,2.3333
11903,4767.04,14327.21,NaN,NaN,NaN
11904,4741.77,14647.60,NaN,NaN,NaN
11905,5223.14,14080.99,NaN,NaN,NaN
11906,4956.75,14366.25,NaN,NaN,NaN
11907,4746.83,14505.88,NaN,NaN,NaN
11908,5491.77,14660.13,NaN,NaN,NaN
11909,5310.04,14685.93,0,0,0.0000
11910,4902.80,14698.08,NaN,NaN,NaN
11911,5151.34,14543.64,NaN,NaN,NaN
11912,4829.35,14294.08,2,6,3.0000
11913,5422.89,14178.52,0,0,0.0000
11914,5231.09,14714.19,2,3,0.0000
11915,4850.29,14667.97,4,8,2.0000
11916,5122.93,14675.61,0,0,0.0000
11917,5026.34,14010.41,NaN,NaN,NaN
11918,4981.43,14597.09,NaN,NaN,NaN
11919,5198.81,14025.71,0,0,0.0000
11920,5204.81,14639.44,NaN,NaN,NaN
11921,4945.13,14648.74,0,0,0.0000
11922,5042.29,14647.47,0,0,0.0000
11923,5065.77,14398.37,0,0,0.0000
11924,5227.51,14228.17,0,0,0.0000
11925,4830.11,14521.53,NaN,NaN,NaN
11926,5000.80,14460.34,2,3,0.0000
11927,4803.64,14712.30,4,8,2.0000
11928,4863.02,14468.34,NaN,NaN,NaN
11929,5400.19,14234.73,0,0,0.0000
11930,5333.85,14618.72,NaN,NaN,NaN
11931,5200.14,14351.97,0,0,0.0000
11932,4888.58,14383.22,0,0,0.0000
11933,5259.15,13976.03,0,0,0.0000
11934,5193.36,14404.06,NaN,NaN,NaN
11935,5113.91,14122.33,0,0,0.0000
11936,5007.26,14370.16,0,0,0.0000
11937,5179.19,14689.33,NaN,NaN,NaN
11938,4890.31,14311.80,NaN,NaN,NaN
11939,5063.70,14077.16,3,2,0.0000
11940,4838.11,14139.41,3,7,2.3333
11941,4900.26,14082.32,NaN,NaN,NaN
11942,5014.80,14501.47,3,3,0.0000
11943,5248.80,14446.37,NaN,NaN,NaN
11944,5047.66,14593.76,NaN,NaN,NaN
11945,5498.57,14545.73,NaN,NaN,NaN
11946,5167.44,14257.35,0,0,0.0000
11947,5150.25,14340.62,NaN,NaN,NaN
11948,4875.11,14160.45,NaN,NaN,NaN
11949,4748.29,14277.93,NaN,NaN,NaN
11950,5242.02,14181.84,0,0,0.0000
11951,4830.95,14349.68,0,0,0.0000
11952,4938.89,14284.83,0,0,0.0000
11953,5360.39,14501.68,0,0,0.0000
11954,4789.25,14661.34,NaN,NaN,NaN
11955,5105.22,14219.81,NaN,NaN,NaN
11956,5351.60,14196.02,0,0,0.0000
11957,5127.19,14190.15,0,0,0.0000
11958,5085.44,14537.07,NaN,NaN,NaN
11959,4935.64,14452.91,NaN,NaN,NaN
11960,5402.22,14619.06,0,0,0.0000
11961,5012.75,13952.92,NaN,NaN,NaN
11962,5158.67,14291.78,0,0,0.0000
11963,4932.57,14403.50,0,0,0.0000
11964,5260.93,14149.81,0,0,0.0000
11965,5321.34,14495.28,NaN,NaN,NaN
11966,5178.25,14591.29,0,0,0.0000
11967,5666.61,14245.49,2,4,2.0000
11968,5860.99,14008.08,NaN,NaN,NaN
11969,5861.05,14446.00,3,3,0.0000
11970,5920.74,14162.21,0,0,0.0000
11971,5580.68,14405.62,0,0,0.0000
11972,5755.34,14159.04,3,9,3.0000
11973,5676.35,14100.21,0,0,0.0000
11974,5575.61,14115.60,2,1,0.0000
11975,6009.06,14132.98,NaN,NaN,NaN
11976,6132.68,14399.69,2,3,0.0000
11977,5724.74,14440.41,NaN,NaN,NaN
11978,5841.30,14264.13,0,0,0.0000
11979,5624.84,14707.44,NaN,NaN,NaN
11980,5750.66,13962.37,NaN,NaN,NaN
11981,5576.16,14515.31,0,0,0.0000
11982,6055.77,14180.97,2,4,2.0000
11983,5667.12,14004.41,NaN,NaN,NaN
11984,5508.26,14219.11,3,3,0.0000
11985,5834.64,14109.02,0,0,0.0000
11986,5920.39,14303.95,0,0,0.0000
11987,5510.56,14167.07,NaN,NaN,NaN
11988,5743.08,14357.88,2,2,0.0000
11989,5517.22,14036.14,2,3,0.0000
11990,6005.07,14284.46,0,0,0.0000
11991,5986.11,14034.55,0,0,0.0000
11992,5574.69,14651.18,NaN,NaN,NaN
11993,6254.42,14130.18,2,6,3.0000
11994,5513.89,14500.21,NaN,NaN,NaN
11995,5990.00,14392.23,2,5,2.5000
11996,5823.06,14348.40,NaN,NaN,NaN
11997,6091.07,14225.59,NaN,NaN,NaN
11998,5720.51,14699.40,2,7,3.5000
11999,5669.70,14637.78,NaN,NaN,NaN
12000,6215.60,14223.72,NaN,NaN,NaN
12001,5949.79,14358.73,0,0,0.0000
12002,6065.67,14313.27,NaN,NaN,NaN
12003,5982.21,14455.77,0,0,0.0000
12004,5587.38,14594.56,0,0,0.0000
12005,5795.09,14677.50,3,5,0.0000
12006,5953.53,13981.81,NaN,NaN,NaN
12007,6027.07,14397.70,NaN,NaN,NaN
12008,5751.90,14660.50,NaN,NaN,NaN
12009,5597.18,14036.00,0,0,0.0000
12010,5780.41,14704.94,NaN,NaN,NaN
12011,5775.86,14295.05,0,0,0.0000
12012,5555.04,14261.09,0,0,0.0000
12013,5596.17,14302.86,0,0,0.0000
12014,5839.89,14191.78,0,0,0.0000
12015,5736.54,14040.66,0,0,0.0000
12016,6277.67,14203.29,NaN,NaN,NaN
12017,7792.08,14505.38,NaN,NaN,NaN
12018,7760.85,14421.60,0,0,0.0000
12019,7795.13,14670.75,0,0,0.0000
12020,7754.40,14292.04,NaN,NaN,NaN
12021,7715.80,14315.49,NaN,NaN,NaN
12022,7626.45,14682.03,3,5,0.0000
12023,7599.26,14500.44,NaN,NaN,NaN
12024,7617.70,14567.29,0,0,0.0000
12025,7727.92,14229.13,0,0,0.0000
12026,7710.17,14432.52,0,0,0.0000
12027,7679.91,14309.04,NaN,NaN,NaN
12028,7805.18,14304.24,0,0,0.0000
12029,7824.78,14391.44,2,1,0.0000
12030,7964.55,14698.71,NaN,NaN,NaN
12031,7867.26,14599.24,NaN,NaN,NaN
12032,7922.76,14591.36,NaN,NaN,NaN
12033,8268.40,14038.86,0,0,0.0000
12034,8288.24,13967.87,NaN,NaN,NaN
12035,7895.13,14407.52,0,0,0.0000
12036,7849.77,14690.14,NaN,NaN,NaN
12037,7954.97,13978.26,NaN,NaN,NaN
12038,7815.65,14245.75,0,0,0.0000
12039,8165.89,14097.01,NaN,NaN,NaN
12040,8222.19,14093.21,NaN,NaN,NaN
12041,7822.29,14616.37,2,6,3.0000
12042,7869.23,14337.20,NaN,NaN,NaN
12043,7893.96,14473.79,2,2,0.0000
12044,7841.11,14528.68,2,4,2.0000
12045,7879.71,14275.58,NaN,NaN,NaN
12046,8263.93,14109.68,0,0,0.0000
12047,7838.94,14307.38,0,0,0.0000
12048,8185.91,14026.91,3,3,0.0000
12049,8158.69,14021.82,0,0,0.0000
12050,7943.44,14543.62,NaN,NaN,NaN
12051,7899.20,14655.27,2,2,0.0000
12052,7922.41,14516.03,NaN,NaN,NaN
12053,9406.38,13997.47,NaN,NaN,NaN
12054,9461.69,14046.35,NaN,NaN,NaN
12055,9472.73,13978.56,0,0,0.0000
12056,11629.70,14567.89,NaN,NaN,NaN
12057,11596.60,14212.27,2,2,0.0000
12058,11472.50,14438.83,NaN,NaN,NaN
12059,11572.83,14277.52,3,8,2.6667
12060,11557.07,14425.84,NaN,NaN,NaN
12061,11518.57,14348.74,3,4,0.0000
12062,11590.03,14664.71,NaN,NaN,NaN
12063,11517.17,14287.33,0,0,0.0000
12064,11622.58,14394.34,0,0,0.0000
12065,11638.11,14435.97,0,0,0.0000
12066,11956.48,14026.00,3,13,4.3333
12067,12031.15,14451.15,2,5,2.5000
12068,12309.15,14264.03,2,1,0.0000
12069,12048.85,14193.51,3,4,0.0000
12070,11981.14,14305.40,NaN,NaN,NaN
12071,12250.76,14474.80,NaN,NaN,NaN
12072,11743.30,14519.28,NaN,NaN,NaN
12073,11677.23,14120.97,2,7,3.5000
12074,12339.61,14155.48,2,3,0.0000
12075,12134.91,14009.08,NaN,NaN,NaN
12076,12202.50,14335.42,2,5,2.5000
12077,11727.11,14254.35,NaN,NaN,NaN
12078,12127.60,14570.44,NaN,NaN,NaN
12079,12218.44,14585.86,NaN,NaN,NaN
12080,12262.14,14024.36,NaN,NaN,NaN
12081,11888.64,13956.06,2,6,3.0000
12082,11710.33,14362.46,0,0,0.0000
12083,11739.84,14697.65,NaN,NaN,NaN
12084,11909.58,14564.93,NaN,NaN,NaN
12085,12166.02,14192.63,3,10,3.3333
12086,11825.50,14097.05,2,2,0.0000
12087,11655.95,14321.50,2,4,2.0000
12088,11845.94,14667.65,NaN,NaN,NaN
12089,11754.76,14139.54,0,0,0.0000
12090,12340.16,14563.18,2,1,0.0000
12091,11935.42,14233.90,NaN,NaN,NaN
12092,12129.66,14269.68,NaN,NaN,NaN
12093,12164.82,14713.63,NaN,NaN,NaN
12094,11903.36,14487.21,NaN,NaN,NaN
12095,11784.13,14632.44,NaN,NaN,NaN
12096,12399.77,14523.67,3,5,0.0000
12097,12369.17,14033.54,2,4,2.0000
12098,11983.67,14635.68,0,0,0.0000
12099,12057.85,14618.75,0,0,0.0000
12100,11658.17,14479.21,0,0,0.0000
12101,12153.02,14493.03,2,6,3.0000
12102,12395.23,14354.91,0,0,0.0000
12103,12397.02,14605.83,NaN,NaN,NaN
12104,12055.18,14012.80,NaN,NaN,NaN
12105,12397.61,14273.00,2,1,0.0000
12106,12260.07,14067.21,NaN,NaN,NaN
12107,11789.43,14320.21,0,0,0.0000
12108,11930.25,14375.13,3,7,2.3333
12109,12016.34,14707.08,0,0,0.0000
12110,12197.00,14117.12,0,0,0.0000
12111,12091.13,14697.13,0,0,0.0000
12112,11834.96,14511.75,2,3,0.0000
12113,11658.85,14659.17,NaN,NaN,NaN
12114,11787.71,14382.54,NaN,NaN,NaN
12115,12148.01,14444.30,NaN,NaN,NaN
12116,12282.54,14553.01,NaN,NaN,NaN
12117,12033.52,14661.66,0,0,0.0000
12118,12356.03,14463.04,0,0,0.0000
12119,11808.24,14573.62,NaN,NaN,NaN
12120,12382.98,14690.96,0,0,0.0000
12121,12400.83,14079.19,NaN,NaN,NaN
12122,12099.91,14095.75,2,6,3.0000
12123,12302.72,14631.74,0,0,0.0000
12124,11936.58,14156.94,0,0,0.0000
12125,11712.45,14627.85,NaN,NaN,NaN
12126,13091.04,14269.79,4,7,0.0000
12127,12791.93,14077.03,NaN,NaN,NaN
12128,12744.04,14252.14,0,0,0.0000
12129,13010.02,14151.10,NaN,NaN,NaN
12130,12493.71,14196.08,3,4,0.0000
12131,13021.49,14411.09,0,0,0.0000
12132,13019.13,14608.49,2,4,2.0000
12133,12428.58,14150.71,NaN,NaN,NaN
12134,12613.63,14502.90,NaN,NaN,NaN
12135,12669.92,14534.86,0,0,0.0000
12136,12920.14,14356.86,NaN,NaN,NaN
12137,12606.21,14165.87,NaN,NaN,NaN
12138,12626.94,14058.92,0,0,0.0000
12139,12714.38,14000.72,NaN,NaN,NaN
12140,13109.86,14007.27,NaN,NaN,NaN
12141,12918.83,14121.09,0,0,0.0000
12142,12916.53,14262.77,0,0,0.0000
12143,12578.01,13980.65,NaN,NaN,NaN
12144,13031.48,14021.49,2,4,2.0000
12145,12660.81,14345.49,NaN,NaN,NaN
12146,13101.33,14554.67,NaN,NaN,NaN
12147,12762.36,14518.39,NaN,NaN,NaN
12148,12847.87,14321.84,0,0,0.0000
12149,12468.55,14553.81,NaN,NaN,NaN
12150,12892.65,14529.46,NaN,NaN,NaN
12151,12938.81,13992.98,0,0,0.0000
12152,12973.07,14067.99,NaN,NaN,NaN
12153,12936.87,14623.01,3,3,0.0000
12154,13172.75,14671.43,NaN,NaN,NaN
12155,12550.88,14481.68,0,0,0.0000
12156,12723.88,14396.76,NaN,NaN,NaN
12157,12557.93,14345.69,0,0,0.0000
12158,12633.60,14428.23,0,0,0.0000
12159,13102.54,14496.25,NaN,NaN,NaN
12160,12468.18,14443.38,NaN,NaN,NaN
12161,12935.89,14427.48,NaN,NaN,NaN
12162,12979.69,14527.08,0,0,0.0000
12163,12807.01,14445.37,NaN,NaN,NaN
12164,12465.72,14274.63,0,0,0.0000
12165,12797.83,13967.89,2,5,2.5000
12166,13097.68,14111.28,2,3,0.0000
12167,12435.12,14402.99,NaN,NaN,NaN
12168,12843.82,14393.11,NaN,NaN,NaN
12169,12997.76,14474.06,0,0,0.0000
12170,13110.27,14648.42,NaN,NaN,NaN
12171,12861.25,14480.27,0,0,0.0000
12172,13166.96,14507.45,NaN,NaN,NaN
12173,12529.46,14285.86,NaN,NaN,NaN
12174,12467.43,14502.27,0,0,0.0000
12175,12699.70,14158.53,0,0,0.0000
12176,12562.61,14586.68,0,0,0.0000
12177,12475.90,14359.84,0,0,0.0000
12178,13107.90,14610.71,0,0,0.0000
12179,13208.10,14093.40,0,0,0.0000
12180,13188.97,14342.61,3,4,0.0000
12181,13402.27,14075.19,NaN,NaN,NaN
12182,13338.17,14596.68,3,4,0.0000
12183,13509.52,14382.96,0,0,0.0000
12184,13448.20,14185.09,NaN,NaN,NaN
12185,13410.67,14487.62,NaN,NaN,NaN
12186,13206.80,14599.07,NaN,NaN,NaN
12187,13277.54,14445.62,2,5,2.5000
12188,13356.46,13959.10,NaN,NaN,NaN
12189,13298.81,14143.42,NaN,NaN,NaN
12190,13500.91,14064.16,NaN,NaN,NaN
12191,13403.61,14400.84,NaN,NaN,NaN
12192,13592.84,14179.70,0,0,0.0000
12193,13227.80,14523.73,NaN,NaN,NaN
12194,13442.74,14347.72,NaN,NaN,NaN
12195,13592.13,13970.44,2,1,0.0000
12196,13510.93,14153.01,NaN,NaN,NaN
12197,13271.57,14269.64,NaN,NaN,NaN
12198,13407.56,14279.26,NaN,NaN,NaN
12199,13349.60,14276.16,NaN,NaN,NaN
12200,13488.21,14303.52,0,0,0.0000
12201,13477.11,14253.66,NaN,NaN,NaN
12202,13337.79,14378.70,NaN,NaN,NaN
12203,13226.29,14689.53,0,0,0.0000
12204,13321.86,14220.53,NaN,NaN,NaN
12205,13280.81,14555.28,NaN,NaN,NaN
12206,13573.10,14015.36,0,0,0.0000
12207,13332.86,14535.03,NaN,NaN,NaN
12208,13217.43,14444.53,0,0,0.0000
12209,13311.04,14065.45,0,0,0.0000
12210,16294.02,14338.07,0,0,0.0000
12211,16334.64,14291.11,NaN,NaN,NaN
12212,16214.00,14366.83,NaN,NaN,NaN
12213,16283.41,14266.24,0,0,0.0000
12214,16306.36,14210.89,NaN,NaN,NaN
12215,16330.86,14228.34,0,0,0.0000
12216,16234.08,14406.49,0,0,0.0000
12217,16227.13,14320.03,0,0,0.0000
12218,793.61,14971.80,NaN,NaN,NaN
12219,505.48,14922.88,3,3,0.0000
12220,481.93,15346.34,2,1,0.0000
12221,711.00,14778.11,3,3,0.0000
12222,627.76,15045.71,2,3,0.0000
12223,417.98,14752.32,NaN,NaN,NaN
12224,515.01,14818.67,2,2,0.0000
12225,679.67,15094.48,2,5,2.5000
12226,419.68,14941.43,NaN,NaN,NaN
12227,506.16,14755.58,NaN,NaN,NaN
12228,133.29,15387.97,NaN,NaN,NaN
12229,459.42,15470.63,NaN,NaN,NaN
12230,662.44,14927.85,NaN,NaN,NaN
12231,877.83,15023.93,NaN,NaN,NaN
12232,804.24,14869.01,NaN,NaN,NaN
12233,875.17,14855.05,5,3,0.0000
12234,832.16,14764.57,NaN,NaN,NaN
12235,174.89,14925.28,NaN,NaN,NaN
12236,53.35,15403.89,NaN,NaN,NaN
12237,735.88,14724.11,NaN,NaN,NaN
12238,440.42,15401.99,3,4,0.0000
12239,63.04,15243.15,NaN,NaN,NaN
12240,123.25,15478.29,4,3,0.0000
12241,530.53,15425.44,0,0,0.0000
12242,736.75,15133.62,0,0,0.0000
12243,92.73,15323.11,NaN,NaN,NaN
12244,396.38,14853.95,0,0,0.0000
12245,64.99,15473.48,3,3,0.0000
12246,645.92,14981.95,NaN,NaN,NaN
12247,601.25,14880.62,0,0,0.0000
12248,540.84,15303.29,0,0,0.0000
12249,644.30,15306.51,NaN,NaN,NaN
12250,546.94,15363.92,2,2,0.0000
12251,821.96,15105.98,NaN,NaN,NaN
12252,782.73,14822.20,NaN,NaN,NaN
12253,539.96,15020.30,NaN,NaN,NaN
12254,724.04,14864.61,NaN,NaN,NaN
12255,375.77,14794.44,0,0,0.0000
12256,730.03,15050.70,0,0,0.0000
12257,495.12,14987.06,NaN,NaN,NaN
12258,885.72,15127.86,2,1,0.0000
12259,593.11,15285.94,NaN,NaN,NaN
12260,653.22,14738.65,NaN,NaN,NaN
12261,65.46,15180.78,NaN,NaN,NaN
12262,822.77,15176.13,0,0,0.0000
12263,465.63,15014.70,0,0,0.0000
12264,48.00,15345.14,2,3,0.0000
12265,160.39,15444.45,NaN,NaN,NaN
12266,126.15,14869.81,2,3,0.0000
12267,892.31,14777.18,NaN,NaN,NaN
12268,658.67,14840.97,NaN,NaN,NaN
12269,647.66,15361.89,NaN,NaN,NaN
12270,691.52,14897.49,0,0,0.0000
12271,982.86,14738.79,NaN,NaN,NaN
12272,1546.89,15011.17,3,4,0.0000
12273,1402.00,15166.07,NaN,NaN,NaN
12274,1616.39,15403.17,NaN,NaN,NaN
12275,1418.11,15014.47,NaN,NaN,NaN
12276,1543.39,15286.24,2,3,0.0000
12277,975.17,14942.71,2,4,2.0000
12278,1073.51,14956.08,NaN,NaN,NaN
12279,1050.66,14830.59,2,4,2.0000
12280,1156.98,14870.77,0,0,0.0000
12281,1397.97,14905.54,2,3,0.0000
12282,974.79,14865.01,NaN,NaN,NaN
12283,1290.28,15018.97,NaN,NaN,NaN
12284,1115.06,14908.58,0,0,0.0000
12285,1096.27,14780.55,NaN,NaN,NaN
12286,1487.39,15084.70,NaN,NaN,NaN
12287,1346.33,15246.95,0,0,0.0000
12288,1526.31,14825.75,4,7,0.0000
12289,1456.43,14782.84,NaN,NaN,NaN
12290,1142.71,15267.32,NaN,NaN,NaN
12291,1325.10,14784.42,NaN,NaN,NaN
12292,928.43,15020.58,0,0,0.0000
12293,1470.05,15183.05,2,6,3.0000
12294,1464.99,15306.63,0,0,0.0000
12295,1652.03,15329.53,0,0,0.0000
12296,1056.00,15104.88,NaN,NaN,NaN
12297,1565.18,15137.49,NaN,NaN,NaN
12298,1513.35,15348.40,NaN,NaN,NaN
12299,1591.69,14823.26,NaN,NaN,NaN
12300,1417.82,15355.61,NaN,NaN,NaN
12301,1596.35,14924.15,NaN,NaN,NaN
12302,975.37,15046.88,2,2,0.0000
12303,1277.49,14940.10,NaN,NaN,NaN
12304,1164.06,14969.38,0,0,0.0000
12305,1606.46,15077.97,NaN,NaN,NaN
12306,1251.36,14761.50,2,3,0.0000
12307,1301.64,14849.94,2,4,2.0000
12308,1331.43,14925.84,NaN,NaN,NaN
12309,1611.92,15462.22,NaN,NaN,NaN
12310,1473.47,14880.60,0,0,0.0000
12311,1040.02,15009.84,NaN,NaN,NaN
12312,1393.20,14834.48,0,0,0.0000
12313,1542.64,15225.88,NaN,NaN,NaN
12314,1225.34,15009.55,NaN,NaN,NaN
12315,1517.89,15394.16,0,0,0.0000
12316,1243.81,14830.33,NaN,NaN,NaN
12317,1182.39,14820.47,NaN,NaN,NaN
12318,1391.17,14777.94,NaN,NaN,NaN
12319,1658.57,15128.98,NaN,NaN,NaN
12320,1479.11,14965.14,0,0,0.0000
12321,1629.29,15244.02,NaN,NaN,NaN
12322,1382.86,15112.30,3,3,0.0000
12323,1622.87,14992.34,0,0,0.0000
12324,1085.04,15285.15,NaN,NaN,NaN
12325,1188.27,14763.51,0,0,0.0000
12326,1074.43,15191.86,NaN,NaN,NaN
12327,928.43,14828.32,NaN,NaN,NaN
12328,1475.21,15418.43,NaN,NaN,NaN
12329,1529.11,15447.55,NaN,NaN,NaN
12330,1548.07,15181.55,0,0,0.0000
12331,1441.94,15254.99,NaN,NaN,NaN
12332,909.88,14933.65,0,0,0.0000
12333,1636.58,14874.50,0,0,0.0000
12334,1334.14,15141.66,0,0,0.0000
12335,897.69,14745.48,NaN,NaN,NaN
12336,1613.87,15168.68,NaN,NaN,NaN
12337,1244.51,14882.47,NaN,NaN,NaN
12338,1231.28,14951.85,NaN,NaN,NaN
12339,1585.34,15355.05,NaN,NaN,NaN
12340,1534.84,14904.60,2,4,2.0000
12341,1539.20,15083.75,0,0,0.0000
12342,1692.04,15214.35,NaN,NaN,NaN
12343,1809.93,14731.88,NaN,NaN,NaN
12344,1744.84,15414.41,NaN,NaN,NaN
12345,1780.55,15248.24,NaN,NaN,NaN
12346,1893.53,14852.60,NaN,NaN,NaN
12347,1888.77,15468.10,NaN,NaN,NaN
12348,2013.00,15318.74,NaN,NaN,NaN
12349,1867.81,15394.83,NaN,NaN,NaN
12350,1850.40,14998.53,NaN,NaN,NaN
12351,1813.44,15396.57,NaN,NaN,NaN
12352,1706.90,15342.38,0,0,0.0000
12353,1695.91,14981.64,2,3,0.0000
12354,1826.46,14837.84,0,0,0.0000
12355,1670.20,14918.61,NaN,NaN,NaN
12356,1743.28,15303.30,NaN,NaN,NaN
12357,1723.29,15102.22,0,0,0.0000
12358,1942.56,14919.93,NaN,NaN,NaN
12359,1815.07,15314.95,0,0,0.0000
12360,1715.71,15032.73,NaN,NaN,NaN
12361,2052.31,15362.51,NaN,NaN,NaN
12362,2034.53,15257.65,NaN,NaN,NaN
12363,1754.76,15150.28,0,0,0.0000
12364,2068.81,15415.48,3,3,0.0000
12365,1842.53,15335.29,2,2,0.0000
12366,1892.58,15056.52,NaN,NaN,NaN
12367,1670.03,15068.94,0,0,0.0000
12368,1735.32,14943.92,NaN,NaN,NaN
12369,1832.22,15462.88,2,2,0.0000
12370,1774.94,15357.91,0,0,0.0000
12371,1975.13,15241.30,0,0,0.0000
12372,3881.40,14809.16,NaN,NaN,NaN
12373,3839.13,14872.55,0,0,0.0000
12374,3961.41,14848.29,2,3,0.0000
12375,3768.93,14825.29,2,3,0.0000
12376,3916.95,14749.50,NaN,NaN,NaN
12377,4239.46,14997.61,NaN,NaN,NaN
12378,4183.17,15092.73,0,0,0.0000
12379,4120.35,14738.38,2,2,0.0000
12380,4085.47,14949.68,NaN,NaN,NaN
12381,4564.80,15467.10,NaN,NaN,NaN
12382,4585.67,15240.41,NaN,NaN,NaN
12383,4241.17,14743.36,NaN,NaN,NaN
12384,4066.05,14852.27,0,0,0.0000
12385,4505.04,15261.63,0,0,0.0000
12386,4463.50,14816.89,NaN,NaN,NaN
12387,4176.02,14826.39,NaN,NaN,NaN
12388,4388.92,14839.68,4,4,0.0000
12389,4342.36,14917.59,0,0,0.0000
12390,4404.39,15356.18,0,0,0.0000
12391,4372.86,15188.92,NaN,NaN,NaN
12392,4088.40,15077.46,2,3,0.0000
12393,4620.24,14787.37,0,0,0.0000
12394,4702.80,15198.32,NaN,NaN,NaN
12395,4035.85,15025.17,0,0,0.0000
12396,4444.41,15223.79,NaN,NaN,NaN
12397,4431.32,14962.24,NaN,NaN,NaN
12398,4200.51,14904.92,NaN,NaN,NaN
12399,4280.35,14872.38,2,5,2.5000
12400,4223.00,15181.73,NaN,NaN,NaN
12401,4586.41,15345.61,0,0,0.0000
12402,4355.85,14996.01,NaN,NaN,NaN
12403,4455.07,15059.15,NaN,NaN,NaN
12404,4511.20,15057.66,NaN,NaN,NaN
12405,4666.81,14899.68,0,0,0.0000
12406,4327.50,14755.24,0,0,0.0000
12407,4630.65,15426.17,2,6,3.0000
12408,4541.21,14907.03,3,2,0.0000
12409,3985.42,14723.50,0,0,0.0000
12410,4492.46,14747.45,NaN,NaN,NaN
12411,4108.12,15145.48,3,4,0.0000
12412,4488.55,15474.49,0,0,0.0000
12413,4617.62,14987.27,0,0,0.0000
12414,4540.70,15139.68,2,2,0.0000
12415,4264.53,15259.96,NaN,NaN,NaN
12416,4565.56,15071.57,NaN,NaN,NaN
12417,4392.42,15096.57,NaN,NaN,NaN
12418,4601.83,14897.01,2,1,0.0000
12419,4403.39,14759.79,5,6,0.0000
12420,4341.39,15397.05,NaN,NaN,NaN
12421,4336.19,15288.82,0,0,0.0000
12422,4040.72,15128.84,NaN,NaN,NaN
12423,4687.91,15367.26,2,2,0.0000
12424,4675.68,15303.86,NaN,NaN,NaN
12425,4635.95,14843.44,NaN,NaN,NaN
12426,4183.26,15229.64,NaN,NaN,NaN
12427,4695.54,15066.31,NaN,NaN,NaN
12428,4676.38,15450.69,2,3,0.0000
12429,4640.45,15162.97,2,3,0.0000
12430,4390.02,15434.53,0,0,0.0000
12431,4425.10,15485.82,0,0,0.0000
12432,4636.95,15058.59,0,0,0.0000
12433,4302.79,15135.64,0,0,0.0000
12434,4295.08,15199.12,2,7,3.5000
12435,4339.26,15073.53,NaN,NaN,NaN
12436,4466.25,15148.92,NaN,NaN,NaN
12437,4704.55,14844.78,0,0,0.0000
12438,4580.81,15021.80,NaN,NaN,NaN
12439,4261.39,15104.26,0,0,0.0000
12440,4705.81,14935.79,NaN,NaN,NaN
12441,4568.27,14770.72,NaN,NaN,NaN
12442,4730.29,15285.62,0,0,0.0000
12443,4732.91,15131.43,NaN,NaN,NaN
12444,4674.60,15124.88,0,0,0.0000
12445,4689.24,15006.51,0,0,0.0000
12446,4087.47,15204.95,0,0,0.0000
12447,4519.85,14853.33,0,0,0.0000
12448,4382.40,15254.70,NaN,NaN,NaN
12449,4033.61,14756.37,2,3,0.0000
12450,4448.83,15427.47,0,0,0.0000
12451,4678.90,14808.66,0,0,0.0000
12452,4283.33,15320.08,NaN,NaN,NaN
12453,4600.87,15172.45,NaN,NaN,NaN
12454,4484.10,14944.10,0,0,0.0000
12455,4689.48,14723.08,0,0,0.0000
12456,4662.98,15252.77,0,0,0.0000
12457,4550.95,14823.41,4,4,0.0000
12458,4322.02,15230.07,0,0,0.0000
12459,4613.14,15119.71,0,0,0.0000
12460,5451.13,14756.10,3,2,0.0000
12461,5041.30,15044.81,0,0,0.0000
12462,5488.36,15469.76,NaN,NaN,NaN
12463,5066.12,15433.47,NaN,NaN,NaN
12464,4798.27,15063.75,0,0,0.0000
12465,5308.89,15307.66,NaN,NaN,NaN
12466,4808.13,14784.88,3,6,2.0000
12467,5371.05,15404.86,NaN,NaN,NaN
12468,5341.17,15025.69,NaN,NaN,NaN
12469,4850.60,15230.08,NaN,NaN,NaN
12470,4747.82,15395.74,2,7,3.5000
12471,4779.79,14860.40,0,0,0.0000
12472,5045.18,15313.35,2,5,2.5000
12473,4932.90,14785.56,NaN,NaN,NaN
12474,5240.85,14972.78,2,3,0.0000
12475,5096.29,15150.94,2,2,0.0000
12476,5328.46,15122.41,NaN,NaN,NaN
12477,5313.78,14907.30,0,0,0.0000
12478,5052.96,14917.51,2,2,0.0000
12479,5170.62,14920.29,NaN,NaN,NaN
12480,4791.36,15152.94,NaN,NaN,NaN
12481,4887.85,15018.50,0,0,0.0000
12482,5406.55,15198.43,0,0,0.0000
12483,4804.75,14917.27,0,0,0.0000
12484,5128.91,15288.67,NaN,NaN,NaN
12485,4922.17,15209.12,3,3,0.0000
12486,5272.75,14760.67,NaN,NaN,NaN
12487,4961.20,14926.58,0,0,0.0000
12488,5501.22,15121.27,0,0,0.0000
12489,4833.46,15383.48,NaN,NaN,NaN
12490,5031.75,14858.52,2,1,0.0000
12491,4930.59,15048.25,NaN,NaN,NaN
12492,4828.35,15453.08,2,4,2.0000
12493,4739.72,14749.10,0,0,0.0000
12494,5404.15,15052.70,2,1,0.0000
12495,4896.18,15423.95,0,0,0.0000
12496,5201.82,15327.18,NaN,NaN,NaN
12497,5101.00,14736.51,0,0,0.0000
12498,4915.57,14847.53,0,0,0.0000
12499,4795.98,15259.91,NaN,NaN,NaN
12500,4891.94,15129.66,NaN,NaN,NaN
12501,4745.35,15483.45,NaN,NaN,NaN
12502,4929.99,15365.15,2,2,0.0000
12503,4991.94,15182.62,NaN,NaN,NaN
12504,5058.99,14790.15,0,0,0.0000
12505,5013.13,15457.64,NaN,NaN,NaN
12506,4750.53,14977.00,2,4,2.0000
12507,5343.21,15484.38,NaN,NaN,NaN
12508,5485.60,15210.87,NaN,NaN,NaN
12509,5408.61,14893.96,NaN,NaN,NaN
12510,5472.97,15011.84,0,0,0.0000
12511,5120.02,14950.32,NaN,NaN,NaN
12512,5218.53,15171.12,2,4,2.0000
12513,5301.29,15223.96,2,7,3.5000
12514,4952.88,15114.81,NaN,NaN,NaN
12515,5147.49,15164.99,3,6,2.0000
12516,5092.09,15374.69,NaN,NaN,NaN
12517,5108.39,14852.68,0,0,0.0000
12518,5355.20,15356.87,NaN,NaN,NaN
12519,5212.38,14862.83,3,3,0.0000
12520,4819.80,14975.56,0,0,0.0000
12521,5065.52,15229.44,NaN,NaN,NaN
12522,5446.30,14946.15,0,0,0.0000
12523,5366.89,14853.16,0,0,0.0000
12524,5151.75,14818.52,0,0,0.0000
12525,5368.42,14950.80,0,0,0.0000
12526,5206.73,15402.59,NaN,NaN,NaN
12527,4989.80,15377.19,NaN,NaN,NaN
12528,4892.01,14752.36,0,0,0.0000
12529,5350.17,14802.78,NaN,NaN,NaN
12530,5418.59,15318.32,2,5,2.5000
12531,5259.01,14827.35,NaN,NaN,NaN
12532,5162.48,14764.18,0,0,0.0000
12533,5429.67,15272.52,NaN,NaN,NaN
12534,5460.04,14869.03,0,0,0.0000
12535,5253.00,15437.35,0,0,0.0000
12536,5182.89,15037.81,0,0,0.0000
12537,5004.71,15239.00,NaN,NaN,NaN
12538,5349.39,15192.97,0,0,0.0000
12539,5235.65,15268.86,0,0,0.0000
12540,4816.30,15322.55,NaN,NaN,NaN
12541,4950.42,15456.96,NaN,NaN,NaN
12542,4949.31,15263.66,NaN,NaN,NaN
12543,5160.09,15217.54,NaN,NaN,NaN
12544,5112.35,15225.81,NaN,NaN,NaN
12545,5376.30,15260.95,0,0,0.0000
12546,5268.13,15396.20,0,0,0.0000
12547,4980.61,14835.41,0,0,0.0000
12548,4840.56,15011.73,0,0,0.0000
12549,4934.33,15309.86,NaN,NaN,NaN
12550,4769.18,15308.86,2,4,2.0000
12551,5152.60,15061.78,0,0,0.0000
12552,5032.49,15153.28,0,0,0.0000
12553,5304.15,14804.47,0,0,0.0000
12554,5446.04,15092.98,0,0,0.0000
12555,5264.17,14895.47,0,0,0.0000
12556,4975.53,14721.87,0,0,0.0000
12557,5461.37,15160.66,0,0,0.0000
12558,4877.19,15322.23,NaN,NaN,NaN
12559,4952.83,14971.90,NaN,NaN,NaN
12560,4752.59,15087.03,NaN,NaN,NaN
12561,5402.20,15127.36,0,0,0.0000
12562,4993.40,15282.40,0,0,0.0000
12563,5156.48,15450.09,0,0,0.0000
12564,5151.65,15322.36,0,0,0.0000
12565,5625.79,15147.03,2,9,4.5000
12566,5530.75,14926.40,0,0,0.0000
12567,5573.88,15060.63,NaN,NaN,NaN
12568,5839.10,14837.80,NaN,NaN,NaN
12569,5809.54,14990.35,0,0,0.0000
12570,5616.50,15267.18,NaN,NaN,NaN
12571,5521.28,15270.10,NaN,NaN,NaN
12572,5658.99,14986.11,0,0,0.0000
12573,5532.93,15381.89,0,0,0.0000
12574,5728.64,14809.34,NaN,NaN,NaN
12575,5781.14,14825.40,2,3,0.0000
12576,5677.87,14768.43,NaN,NaN,NaN
12577,5684.34,15064.50,NaN,NaN,NaN
12578,5674.69,15279.84,NaN,NaN,NaN
12579,5664.80,14836.57,NaN,NaN,NaN
12580,5621.46,14895.88,2,4,2.0000
12581,5602.90,14984.35,NaN,NaN,NaN
12582,5724.39,15210.13,0,0,0.0000
12583,5701.76,15168.62,0,0,0.0000
12584,5792.27,14886.92,NaN,NaN,NaN
12585,5723.43,15049.55,NaN,NaN,NaN
12586,5683.66,14941.82,3,4,0.0000
12587,5753.43,14972.73,NaN,NaN,NaN
12588,5533.21,15174.95,0,0,0.0000
12589,5973.07,14991.11,NaN,NaN,NaN
12590,5629.10,14856.94,NaN,NaN,NaN
12591,5507.63,15320.80,0,0,0.0000
12592,5717.01,15294.72,NaN,NaN,NaN
12593,5636.64,15044.16,NaN,NaN,NaN
12594,5670.78,15211.10,0,0,0.0000
12595,5738.96,14870.43,2,4,2.0000
12596,7632.09,14740.69,NaN,NaN,NaN
12597,7267.75,14800.21,NaN,NaN,NaN
12598,7484.54,14732.31,NaN,NaN,NaN
12599,7926.58,14814.69,0,0,0.0000
12600,7974.90,14896.12,2,4,2.0000
12601,7874.20,14832.37,3,4,0.0000
12602,7867.71,14748.29,NaN,NaN,NaN
12603,8064.48,14829.97,0,0,0.0000
12604,7988.05,14786.65,NaN,NaN,NaN
12605,7965.50,15011.99,0,0,0.0000
12606,7902.67,14759.48,NaN,NaN,NaN
12607,7916.75,15069.72,0,0,0.0000
12608,8127.06,15447.24,0,0,0.0000
12609,8041.11,14774.88,NaN,NaN,NaN
12610,8009.59,15015.52,0,0,0.0000
12611,7913.94,14893.03,2,5,2.5000
12612,8122.13,15356.00,0,0,0.0000
12613,7928.17,15110.69,0,0,0.0000
12614,8078.28,15033.74,0,0,0.0000
12615,7953.12,14965.10,2,4,2.0000
12616,7964.06,15128.68,0,0,0.0000
12617,11845.63,14750.83,2,2,0.0000
12618,11935.53,14759.84,NaN,NaN,NaN
12619,12361.31,14911.25,0,0,0.0000
12620,11796.33,14834.70,0,0,0.0000
12621,12116.71,14728.81,NaN,NaN,NaN
12622,12075.15,14753.51,0,0,0.0000
12623,12811.95,15393.58,4,3,0.0000
12624,12511.84,15409.87,0,0,0.0000
12625,12666.98,15441.80,NaN,NaN,NaN
12626,12590.29,15383.89,3,4,0.0000
12627,12921.08,15471.99,0,0,0.0000
12628,12585.03,15453.17,NaN,NaN,NaN
12629,12594.43,15334.70,NaN,NaN,NaN
12630,13176.78,15487.50,0,0,0.0000
12631,13122.79,15484.89,0,0,0.0000
12632,12907.30,15396.63,0,0,0.0000
12633,12529.25,15461.12,NaN,NaN,NaN
12634,13884.20,15448.22,NaN,NaN,NaN
12635,13935.33,15253.53,NaN,NaN,NaN
12636,13836.28,15301.30,NaN,NaN,NaN
12637,13769.48,15383.58,NaN,NaN,NaN
12638,13847.41,15385.35,0,0,0.0000
12639,13760.68,15482.05,NaN,NaN,NaN
12640,13875.79,15207.55,3,3,0.0000
12641,13935.39,15338.17,3,5,0.0000
12642,13766.90,15440.68,0,0,0.0000
12643,13766.58,15304.07,2,8,4.0000
12644,13979.47,14994.13,NaN,NaN,NaN
12645,14317.95,15008.47,NaN,NaN,NaN
12646,13992.38,15113.95,2,9,4.5000
12647,14070.78,15403.46,NaN,NaN,NaN
12648,14252.12,15162.91,NaN,NaN,NaN
12649,14040.29,15185.86,NaN,NaN,NaN
12650,14114.31,15250.68,0,0,0.0000
12651,14228.04,15251.50,NaN,NaN,NaN
12652,14009.96,15288.00,NaN,NaN,NaN
12653,14133.29,15353.80,0,0,0.0000
12654,14005.82,15384.68,NaN,NaN,NaN
12655,14123.27,15119.70,0,0,0.0000
12656,14148.89,15174.73,NaN,NaN,NaN
12657,14416.49,14955.35,NaN,NaN,NaN
12658,14513.92,14826.85,NaN,NaN,NaN
12659,14355.79,14868.22,NaN,NaN,NaN
12660,14179.72,15322.84,0,0,0.0000
12661,14142.57,15047.31,2,3,0.0000
12662,14439.29,14848.25,NaN,NaN,NaN
12663,14501.64,14925.37,2,2,0.0000
12664,14155.89,14986.88,0,0,0.0000
12665,14407.75,14904.13,2,5,2.5000
12666,14221.74,15023.26,0,0,0.0000
12667,14232.68,15067.38,NaN,NaN,NaN
12668,14500.66,14861.00,0,0,0.0000
12669,14139.05,15420.92,0,0,0.0000
12670,14180.90,15079.38,2,5,2.5000
12671,14482.33,14885.78,0,0,0.0000
12672,14463.03,14898.22,NaN,NaN,NaN
12673,15400.26,15481.35,NaN,NaN,NaN
12674,15250.40,15472.33,2,3,0.0000
12675,14977.36,15473.22,2,4,2.0000
12676,15207.61,15399.60,2,7,3.5000
12677,15151.09,15415.62,0,0,0.0000
12678,15354.63,15421.31,NaN,NaN,NaN
12679,14981.88,15403.46,0,0,0.0000
12680,746.13,15996.55,NaN,NaN,NaN
12681,831.91,16311.54,NaN,NaN,NaN
12682,789.78,16281.41,NaN,NaN,NaN
12683,798.28,16098.36,NaN,NaN,NaN
12684,562.41,16218.15,2,4,2.0000
12685,745.34,16299.47,2,2,0.0000
12686,891.92,16138.09,2,3,0.0000
12687,585.36,16271.42,2,2,0.0000
12688,607.96,16322.94,NaN,NaN,NaN
12689,886.08,15863.13,2,4,2.0000
12690,746.26,16210.09,2,2,0.0000
12691,662.82,16254.75,NaN,NaN,NaN
12692,100.09,15655.73,NaN,NaN,NaN
12693,713.28,16123.77,0,0,0.0000
12694,741.04,15778.05,0,0,0.0000
12695,160.85,15667.58,0,0,0.0000
12696,858.39,16057.16,0,0,0.0000
12697,94.85,15589.36,0,0,0.0000
12698,629.27,16187.83,0,0,0.0000
12699,831.46,15949.65,NaN,NaN,NaN
12700,520.79,15508.75,NaN,NaN,NaN
12701,839.56,16173.50,0,0,0.0000
12702,56.22,15532.08,2,3,0.0000
12703,127.46,15726.85,0,0,0.0000
12704,45.84,15852.14,NaN,NaN,NaN
12705,480.82,16295.97,NaN,NaN,NaN
12706,169.42,15602.39,NaN,NaN,NaN
12707,775.79,15867.06,NaN,NaN,NaN
12708,124.68,15550.45,NaN,NaN,NaN
12709,814.37,15801.00,0,0,0.0000
12710,704.95,15854.74,NaN,NaN,NaN
12711,894.22,15816.73,NaN,NaN,NaN
12712,783.28,15745.48,NaN,NaN,NaN
12713,696.52,16197.23,NaN,NaN,NaN
12714,48.52,15993.05,NaN,NaN,NaN
12715,172.14,15536.98,NaN,NaN,NaN
12716,67.76,15684.91,NaN,NaN,NaN
12717,681.00,16031.32,0,0,0.0000
12718,500.41,16233.04,NaN,NaN,NaN
12719,641.87,16029.73,0,0,0.0000
12720,682.13,15793.25,NaN,NaN,NaN
12721,82.86,15952.51,0,0,0.0000
12722,446.82,16343.95,NaN,NaN,NaN
12723,621.69,16108.01,0,0,0.0000
12724,831.02,16228.40,NaN,NaN,NaN
12725,785.92,16170.73,NaN,NaN,NaN
12726,672.55,16165.22,NaN,NaN,NaN
12727,518.56,16336.40,2,3,0.0000
12728,1000.50,16272.95,NaN,NaN,NaN
12729,917.31,16254.11,NaN,NaN,NaN
12730,1243.34,16176.82,NaN,NaN,NaN
12731,1445.43,16317.22,NaN,NaN,NaN
12732,949.60,16024.32,0,0,0.0000
12733,1007.88,16116.66,0,0,0.0000
12734,1157.54,16179.10,NaN,NaN,NaN
12735,1335.04,16184.27,0,0,0.0000
12736,1132.48,16314.52,2,3,0.0000
12737,1050.71,16060.03,3,3,0.0000
12738,1219.74,15890.42,0,0,0.0000
12739,1262.09,16265.95,NaN,NaN,NaN
12740,1152.37,15914.63,NaN,NaN,NaN
12741,1190.40,16274.11,NaN,NaN,NaN
12742,1170.41,16114.21,NaN,NaN,NaN
12743,1226.80,16078.10,NaN,NaN,NaN
12744,1101.68,15881.51,NaN,NaN,NaN
12745,974.97,15923.82,NaN,NaN,NaN
12746,1315.12,16311.05,2,2,0.0000
12747,1150.14,16002.18,NaN,NaN,NaN
12748,909.43,15925.20,0,0,0.0000
12749,1389.19,16263.49,NaN,NaN,NaN
12750,1511.53,16218.79,NaN,NaN,NaN
12751,1052.06,15908.55,2,4,2.0000
12752,954.74,16151.55,0,0,0.0000
12753,1196.76,15984.41,0,0,0.0000
12754,1023.26,15849.23,0,0,0.0000
12755,1207.69,16040.88,0,0,0.0000
12756,1056.03,15960.57,2,2,0.0000
12757,1112.80,15746.17,NaN,NaN,NaN
12758,1062.54,15780.52,NaN,NaN,NaN
12759,1006.71,15806.09,0,0,0.0000
12760,1138.31,15842.47,NaN,NaN,NaN
12761,1071.90,15842.36,NaN,NaN,NaN
12762,1019.13,15993.74,0,0,0.0000
12763,1065.72,16173.58,0,0,0.0000
12764,1069.98,16246.75,0,0,0.0000
12765,1175.56,15716.98,NaN,NaN,NaN
12766,1105.07,16038.44,NaN,NaN,NaN
12767,1131.43,15692.89,NaN,NaN,NaN
12768,1382.25,16209.75,NaN,NaN,NaN
12769,897.71,16038.00,0,0,0.0000
12770,1067.40,16007.65,NaN,NaN,NaN
12771,1096.51,15996.25,0,0,0.0000
12772,941.83,15890.21,NaN,NaN,NaN
12773,1141.33,16068.18,0,0,0.0000
12774,1215.89,16344.39,2,1,0.0000
12775,1816.23,15517.53,2,4,2.0000
12776,1682.79,16252.46,NaN,NaN,NaN
12777,1740.60,15509.02,NaN,NaN,NaN
12778,1742.98,16259.52,NaN,NaN,NaN
12779,1836.93,16196.91,NaN,NaN,NaN
12780,2333.95,16256.83,NaN,NaN,NaN
12781,1913.97,15570.48,NaN,NaN,NaN
12782,1826.84,15585.03,NaN,NaN,NaN
12783,2415.06,16279.46,NaN,NaN,NaN
12784,2272.86,16342.65,NaN,NaN,NaN
12785,1787.41,16216.54,4,7,0.0000
12786,1852.75,15621.22,NaN,NaN,NaN
12787,2363.22,16296.48,0,0,0.0000
12788,2367.17,16224.66,0,0,0.0000
12789,1758.84,16207.86,0,0,0.0000
12790,2417.10,16210.46,NaN,NaN,NaN
12791,1905.60,15626.12,NaN,NaN,NaN
12792,1888.70,16223.52,0,0,0.0000
12793,1870.18,16300.04,2,2,0.0000
12794,1803.01,15643.27,0,0,0.0000
12795,1773.98,15604.01,0,0,0.0000
12796,1856.51,16257.92,NaN,NaN,NaN
12797,1844.39,16126.93,0,0,0.0000
12798,2485.03,16268.01,NaN,NaN,NaN
12799,2622.64,16330.22,2,5,2.5000
12800,3174.56,15823.42,0,0,0.0000
12801,2531.74,16341.23,0,0,0.0000
12802,2571.55,16291.79,0,0,0.0000
12803,3328.58,16153.65,5,6,0.0000
12804,3252.61,16038.42,0,0,0.0000
12805,3338.18,16227.68,NaN,NaN,NaN
12806,3271.36,16183.86,0,0,0.0000
12807,3313.96,16076.31,NaN,NaN,NaN
12808,3246.21,16105.20,0,0,0.0000
12809,3222.41,15958.83,2,3,0.0000
12810,4538.10,15940.21,3,4,0.0000
12811,4668.28,16270.19,0,0,0.0000
12812,4465.43,16137.78,0,0,0.0000
12813,4418.85,15913.05,NaN,NaN,NaN
12814,4322.27,16177.50,2,10,5.0000
12815,4394.39,15680.05,0,0,0.0000
12816,4659.37,15549.52,0,0,0.0000
12817,4494.17,15672.08,NaN,NaN,NaN
12818,4588.91,16155.91,0,0,0.0000
12819,4568.35,15622.79,0,0,0.0000
12820,4378.52,16082.02,NaN,NaN,NaN
12821,4645.00,15959.08,0,0,0.0000
12822,4671.36,15753.15,0,0,0.0000
12823,4508.81,15580.60,2,3,0.0000
12824,4575.81,16271.32,0,0,0.0000
12825,4671.97,16165.73,0,0,0.0000
12826,4379.07,15566.80,0,0,0.0000
12827,4663.99,15663.26,0,0,0.0000
12828,4468.08,16045.88,0,0,0.0000
12829,4605.72,16062.10,0,0,0.0000
12830,4677.19,16037.62,NaN,NaN,NaN
12831,4445.89,15580.61,0,0,0.0000
12832,4512.92,16307.26,0,0,0.0000
12833,4483.92,15788.14,0,0,0.0000
12834,4294.00,16279.02,0,0,0.0000
12835,4664.38,15876.54,0,0,0.0000
12836,4589.56,15705.40,0,0,0.0000
12837,4526.39,15758.52,0,0,0.0000
12838,4441.53,16298.09,0,0,0.0000
12839,4346.23,15887.54,0,0,0.0000
12840,4462.05,15523.16,0,0,0.0000
12841,4327.49,16045.01,NaN,NaN,NaN
12842,4678.69,16097.22,0,0,0.0000
12843,4539.21,16196.22,0,0,0.0000
12844,4350.80,15495.82,NaN,NaN,NaN
12845,4734.47,16136.61,0,0,0.0000
12846,4363.99,16001.09,3,5,0.0000
12847,4415.86,15774.78,0,0,0.0000
12848,4395.96,16185.23,0,0,0.0000
12849,4523.25,16256.13,NaN,NaN,NaN
12850,4406.18,16262.57,NaN,NaN,NaN
12851,4594.43,15567.44,0,0,0.0000
12852,4479.02,16226.88,0,0,0.0000
12853,4396.09,16224.15,0,0,0.0000
12854,4293.49,15641.48,NaN,NaN,NaN
12855,4397.50,15984.31,NaN,NaN,NaN
12856,4804.72,15809.43,0,0,0.0000
12857,5356.38,15574.81,0,0,0.0000
12858,4774.96,15571.59,5,3,0.0000
12859,4899.90,15929.62,0,0,0.0000
12860,5184.67,15788.26,0,0,0.0000
12861,5006.16,15929.38,NaN,NaN,NaN
12862,4808.15,16219.24,0,0,0.0000
12863,5096.92,15703.47,0,0,0.0000
12864,5151.21,15574.64,0,0,0.0000
12865,5230.38,15649.84,0,0,0.0000
12866,4764.91,15992.57,0,0,0.0000
12867,5274.33,16320.72,NaN,NaN,NaN
12868,4907.71,15669.66,0,0,0.0000
12869,5000.37,16310.17,0,0,0.0000
12870,4985.69,15841.22,0,0,0.0000
12871,4866.40,15552.36,NaN,NaN,NaN
12872,4902.90,16041.89,0,0,0.0000
12873,5088.58,16081.66,NaN,NaN,NaN
12874,5020.96,15556.37,NaN,NaN,NaN
12875,4933.65,15529.04,NaN,NaN,NaN
12876,4740.56,15897.54,0,0,0.0000
12877,4779.34,16087.26,0,0,0.0000
12878,4994.56,15715.59,NaN,NaN,NaN
12879,5230.26,15513.42,0,0,0.0000
12880,5188.85,16038.52,0,0,0.0000
12881,4964.47,16134.76,0,0,0.0000
12882,5392.99,15869.59,0,0,0.0000
12883,4834.92,15640.45,NaN,NaN,NaN
12884,4881.22,16174.73,0,0,0.0000
12885,5081.58,15871.96,0,0,0.0000
12886,4998.75,16068.97,0,0,0.0000
12887,5158.17,15900.98,NaN,NaN,NaN
12888,5437.77,15789.81,0,0,0.0000
12889,4889.96,16281.08,0,0,0.0000
12890,5148.49,15987.68,NaN,NaN,NaN
12891,5001.56,16000.62,NaN,NaN,NaN
12892,4952.96,16237.83,0,0,0.0000
12893,5259.16,15992.82,NaN,NaN,NaN
12894,5282.91,15774.00,NaN,NaN,NaN
12895,5070.59,16174.19,0,0,0.0000
12896,4995.54,15784.88,NaN,NaN,NaN
12897,5031.90,15632.70,0,0,0.0000
12898,5199.68,15713.93,NaN,NaN,NaN
12899,5360.29,15793.97,NaN,NaN,NaN
12900,4828.36,16328.91,0,0,0.0000
12901,5071.03,16029.44,0,0,0.0000
12902,5296.08,15528.81,NaN,NaN,NaN
12903,4924.05,15759.10,0,0,0.0000
12904,5291.23,16363.00,NaN,NaN,NaN
12905,5128.19,15505.72,NaN,NaN,NaN
12906,4974.46,15671.48,NaN,NaN,NaN
12907,4785.54,16295.63,0,0,0.0000
12908,5350.78,15681.80,NaN,NaN,NaN
12909,5496.85,15671.18,NaN,NaN,NaN
12910,5171.90,16094.01,NaN,NaN,NaN
12911,5434.71,15686.78,NaN,NaN,NaN
12912,5484.59,15728.16,NaN,NaN,NaN
12913,5371.63,16307.28,NaN,NaN,NaN
12914,5058.95,16276.24,0,0,0.0000
12915,5080.54,15978.59,NaN,NaN,NaN
12916,5384.70,15753.10,0,0,0.0000
12917,5420.07,15635.46,0,0,0.0000
12918,4746.73,16248.89,NaN,NaN,NaN
12919,4972.52,15587.79,3,5,0.0000
12920,5285.66,15622.83,0,0,0.0000
12921,5216.47,16100.42,0,0,0.0000
12922,5473.06,15636.16,0,0,0.0000
12923,5078.89,15540.73,NaN,NaN,NaN
12924,4760.25,15665.32,0,0,0.0000
12925,5477.14,15549.57,0,0,0.0000
12926,5466.00,15595.08,0,0,0.0000
12927,5249.04,15715.69,0,0,0.0000
12928,5908.09,16240.80,0,0,0.0000
12929,5514.24,15611.20,NaN,NaN,NaN
12930,5567.29,15529.93,0,0,0.0000
12931,5992.57,16253.64,0,0,0.0000
12932,5552.97,15568.71,0,0,0.0000
12933,8103.27,15523.37,NaN,NaN,NaN
12934,8087.05,15642.05,NaN,NaN,NaN
12935,8129.36,15874.52,NaN,NaN,NaN
12936,8128.50,15776.53,NaN,NaN,NaN
12937,8136.23,15828.28,2,2,0.0000
12938,9242.65,16293.82,0,0,0.0000
12939,9298.62,16304.39,2,2,0.0000
12940,9195.76,16202.46,NaN,NaN,NaN
12941,9240.23,16345.26,0,0,0.0000
12942,10105.43,15954.86,NaN,NaN,NaN
12943,10015.28,15956.08,NaN,NaN,NaN
12944,10065.73,15987.99,NaN,NaN,NaN
12945,10269.83,15738.78,NaN,NaN,NaN
12946,10307.01,15829.62,0,0,0.0000
12947,10196.89,15743.24,3,3,0.0000
12948,10133.32,15880.42,NaN,NaN,NaN
12949,10171.78,16015.90,NaN,NaN,NaN
12950,10337.28,15967.17,3,8,2.6667
12951,10133.38,15795.42,0,0,0.0000
12952,10231.62,15985.52,NaN,NaN,NaN
12953,10333.27,15651.62,NaN,NaN,NaN
12954,10117.80,15728.37,0,0,0.0000
12955,10176.96,15955.52,NaN,NaN,NaN
12956,10357.10,16042.21,NaN,NaN,NaN
12957,10434.80,16067.06,NaN,NaN,NaN
12958,10319.20,16051.31,NaN,NaN,NaN
12959,10140.75,15698.45,0,0,0.0000
12960,10294.41,16047.89,NaN,NaN,NaN
12961,11643.94,16182.06,0,0,0.0000
12962,11527.37,16349.91,0,0,0.0000
12963,11504.29,16171.99,0,0,0.0000
12964,11576.89,16141.92,0,0,0.0000
12965,11465.56,16334.92,0,0,0.0000
12966,11785.91,16293.56,NaN,NaN,NaN
12967,12314.82,15537.72,NaN,NaN,NaN
12968,12068.80,15855.83,0,0,0.0000
12969,12384.02,15764.42,3,4,0.0000
12970,11725.51,16133.76,0,0,0.0000
12971,12205.12,15774.02,0,0,0.0000
12972,12171.56,15545.53,NaN,NaN,NaN
12973,11955.22,15682.87,NaN,NaN,NaN
12974,12024.15,15645.98,0,0,0.0000
12975,12265.95,15749.87,0,0,0.0000
12976,12078.47,15584.61,3,5,0.0000
12977,11925.13,15775.99,3,4,0.0000
12978,12182.68,15949.03,0,0,0.0000
12979,12181.46,15617.09,NaN,NaN,NaN
12980,12196.85,16294.83,0,0,0.0000
12981,11655.07,16275.88,NaN,NaN,NaN
12982,12287.85,15659.27,NaN,NaN,NaN
12983,11860.19,16138.32,NaN,NaN,NaN
12984,12155.72,15857.64,NaN,NaN,NaN
12985,11840.57,15681.11,NaN,NaN,NaN
12986,12029.76,15737.78,NaN,NaN,NaN
12987,11955.58,15839.90,0,0,0.0000
12988,12129.37,15659.46,0,0,0.0000
12989,12232.64,15671.07,NaN,NaN,NaN
12990,12149.47,15788.46,NaN,NaN,NaN
12991,12395.44,15831.09,0,0,0.0000
12992,11786.80,16108.56,0,0,0.0000
12993,12238.72,16222.24,0,0,0.0000
12994,11818.06,16169.45,0,0,0.0000
12995,12219.36,15892.20,2,0,0.0000
12996,11994.27,15795.97,0,0,0.0000
12997,12152.02,16255.91,0,0,0.0000
12998,12094.38,15760.21,NaN,NaN,NaN
12999,12114.94,16248.20,0,0,0.0000
13000,12213.46,15853.82,NaN,NaN,NaN
13001,12351.14,15676.37,0,0,0.0000
13002,11901.28,15830.10,0,0,0.0000
13003,11827.69,15723.49,0,0,0.0000
13004,12617.85,15533.73,3,7,2.3333
13005,12487.78,15647.69,NaN,NaN,NaN
13006,12773.56,15561.29,0,0,0.0000
13007,13068.09,15523.06,NaN,NaN,NaN
13008,13000.90,15606.29,NaN,NaN,NaN
13009,12552.73,15697.73,2,4,2.0000
13010,12478.48,15501.65,NaN,NaN,NaN
13011,12730.17,15492.70,NaN,NaN,NaN
13012,12603.90,15609.85,0,0,0.0000
13013,12479.45,15825.84,0,0,0.0000
13014,13177.52,16060.90,0,0,0.0000
13015,13173.51,15567.42,NaN,NaN,NaN
13016,13079.65,15613.59,NaN,NaN,NaN
13017,12675.52,15675.42,NaN,NaN,NaN
13018,13105.80,16125.06,0,0,0.0000
13019,12801.77,15644.59,0,0,0.0000
13020,12981.11,15552.94,0,0,0.0000
13021,12529.41,15561.12,0,0,0.0000
13022,12872.88,15675.02,0,0,0.0000
13023,12614.09,15675.22,0,0,0.0000
13024,12639.45,16338.55,0,0,0.0000
13025,12686.08,15630.87,0,0,0.0000
13026,12675.93,15770.60,NaN,NaN,NaN
13027,12561.57,15799.59,0,0,0.0000
13028,12540.67,15760.36,0,0,0.0000
13029,12532.38,15805.55,0,0,0.0000
13030,13393.69,15915.04,NaN,NaN,NaN
13031,13632.66,15759.96,0,0,0.0000
13032,13810.00,15600.05,0,0,0.0000
13033,13906.67,15586.12,3,3,0.0000
13034,13784.68,15524.56,NaN,NaN,NaN
13035,13693.35,15584.73,2,2,0.0000
13036,13223.31,15966.22,NaN,NaN,NaN
13037,13564.35,15731.72,2,4,2.0000
13038,13805.58,15741.12,NaN,NaN,NaN
13039,13622.33,15645.09,NaN,NaN,NaN
13040,13674.36,15674.01,0,0,0.0000
13041,13459.46,15855.33,NaN,NaN,NaN
13042,13291.59,16012.49,NaN,NaN,NaN
13043,13526.56,15801.42,0,0,0.0000
13044,13742.13,15663.50,0,0,0.0000
13045,13904.16,15684.04,NaN,NaN,NaN
13046,13425.92,15971.95,NaN,NaN,NaN
13047,13656.90,15498.20,0,0,0.0000
13048,13375.81,16000.34,0,0,0.0000
13049,13908.86,15643.97,0,0,0.0000
13050,13710.47,15725.36,0,0,0.0000
13051,13587.14,15838.43,0,0,0.0000
13052,13310.21,15527.93,0,0,0.0000
13053,13624.17,15829.76,0,0,0.0000
13054,13960.13,15510.99,NaN,NaN,NaN
13055,14659.49,16085.20,0,0,0.0000
13056,14717.26,15878.13,NaN,NaN,NaN
13057,14683.31,16204.67,NaN,NaN,NaN
13058,14688.03,15962.98,NaN,NaN,NaN
13059,14570.94,16167.44,NaN,NaN,NaN
13060,14621.22,16167.69,0,0,0.0000
13061,14640.16,16204.46,0,0,0.0000
13062,14077.07,15536.41,0,0,0.0000
13063,14056.16,15558.78,0,0,0.0000
13064,15417.60,16223.92,0,0,0.0000
13065,14940.83,16191.53,NaN,NaN,NaN
13066,14730.13,16023.17,0,0,0.0000
13067,14739.37,16122.48,2,5,2.5000
13068,15043.00,16180.92,2,6,3.0000
13069,15026.40,15668.74,2,7,3.5000
13070,15293.77,15841.04,NaN,NaN,NaN
13071,14949.69,15953.69,4,3,0.0000
13072,15351.00,15878.02,0,0,0.0000
13073,15465.69,15830.79,0,0,0.0000
13074,15449.51,16114.93,0,0,0.0000
13075,15283.56,15662.39,NaN,NaN,NaN
13076,15013.68,15856.59,2,1,0.0000
13077,15257.23,15757.81,0,0,0.0000
13078,14869.65,16091.95,NaN,NaN,NaN
13079,15455.66,15931.71,3,8,2.6667
13080,14808.50,15971.51,NaN,NaN,NaN
13081,15390.84,15938.38,0,0,0.0000
13082,14890.97,15782.46,2,3,0.0000
13083,15349.05,16007.93,NaN,NaN,NaN
13084,15003.36,15552.44,3,4,0.0000
13085,15261.35,15517.61,NaN,NaN,NaN
13086,14837.83,15774.48,0,0,0.0000
13087,14861.30,15886.85,0,0,0.0000
13088,14995.71,15768.34,NaN,NaN,NaN
13089,14784.47,16251.10,0,0,0.0000
13090,14925.12,15538.96,NaN,NaN,NaN
13091,15057.00,16040.97,NaN,NaN,NaN
13092,15350.76,16069.76,NaN,NaN,NaN
13093,15059.44,16259.44,NaN,NaN,NaN
13094,15151.73,15714.25,0,0,0.0000
13095,14752.15,15918.02,0,0,0.0000
13096,15460.65,15736.15,2,5,2.5000
13097,15378.04,16338.80,NaN,NaN,NaN
13098,14786.37,15791.35,4,8,2.0000
13099,14803.91,15682.57,0,0,0.0000
13100,14823.45,15922.50,NaN,NaN,NaN
13101,15301.23,16160.09,NaN,NaN,NaN
13102,14812.18,16116.86,NaN,NaN,NaN
13103,15326.54,15508.81,NaN,NaN,NaN
13104,15389.76,16282.00,0,0,0.0000
13105,15185.89,15541.54,2,0,0.0000
13106,14738.09,16249.12,NaN,NaN,NaN
13107,15077.45,15603.33,0,0,0.0000
13108,15459.65,15672.91,NaN,NaN,NaN
13109,15410.41,15796.29,NaN,NaN,NaN
13110,14755.97,15688.23,NaN,NaN,NaN
13111,14925.74,15782.94,2,3,0.0000
13112,15288.70,16319.70,0,0,0.0000
13113,15314.27,15959.09,NaN,NaN,NaN
13114,15462.04,16201.11,NaN,NaN,NaN
13115,14773.89,16310.66,NaN,NaN,NaN
13116,14788.13,15863.98,NaN,NaN,NaN
13117,15479.63,16361.25,0,0,0.0000
13118,15440.38,15552.78,0,0,0.0000
13119,15411.39,15679.94,NaN,NaN,NaN
13120,15020.55,16108.65,NaN,NaN,NaN
13121,14868.22,16230.96,0,0,0.0000
13122,14970.15,16087.05,NaN,NaN,NaN
13123,14824.64,15836.90,0,0,0.0000
13124,15066.37,16318.08,0,0,0.0000
13125,14820.24,16223.96,0,0,0.0000
13126,14955.44,15878.08,NaN,NaN,NaN
13127,15410.35,16009.85,2,2,0.0000
13128,15329.16,16285.49,NaN,NaN,NaN
13129,15280.64,15548.28,NaN,NaN,NaN
13130,15129.49,16354.92,0,0,0.0000
13131,14953.29,15802.99,0,0,0.0000
13132,14753.79,15788.08,NaN,NaN,NaN
13133,14940.08,16021.04,0,0,0.0000
13134,14822.17,16286.08,NaN,NaN,NaN
13135,14850.77,16164.67,NaN,NaN,NaN
13136,14883.16,16288.67,0,0,0.0000
13137,14913.43,15875.59,0,0,0.0000
13138,14892.25,16145.11,0,0,0.0000
13139,14892.62,15840.50,0,0,0.0000
13140,14881.90,15929.61,0,0,0.0000
13141,14862.41,16291.13,0,0,0.0000
13142,15587.01,16247.52,3,2,0.0000
13143,15508.85,16005.48,NaN,NaN,NaN
13144,15570.50,16084.00,NaN,NaN,NaN
13145,15579.39,16162.84,0,0,0.0000
13146,15641.99,16239.59,0,0,0.0000
13147,15523.41,16235.35,NaN,NaN,NaN
13148,15522.15,16133.24,NaN,NaN,NaN
13149,15492.77,16178.94,NaN,NaN,NaN
