cell_id,centroid_x,centroid_y,reddot,blackdot,score
1,892.22,633.21,NaN,NaN,NaN
2,786.23,512.12,3,2,0.0000
3,831.96,385.11,NaN,NaN,NaN
4,809.69,252.62,NaN,NaN,NaN
5,487.99,120.84,0,0,0.0000
6,669.06,174.83,NaN,NaN,NaN
7,737.45,647.85,NaN,NaN,NaN
8,729.15,258.30,0,0,0.0000
9,741.12,155.29,NaN,NaN,NaN
10,366.72,870.06,NaN,NaN,NaN
11,828.40,54.39,NaN,NaN,NaN
12,853.31,105.43,2,4,2.0000
13,37.71,884.76,2,4,2.0000
14,587.63,247.26,NaN,NaN,NaN
15,120.73,802.22,0,0,0.0000
16,430.51,23.61,0,0,0.0000
17,653.78,29.49,2,2,0.0000
18,96.16,886.65,0,0,0.0000
19,188.07,824.96,NaN,NaN,NaN
20,765.65,364.97,NaN,NaN,NaN
21,632.76,81.24,0,0,0.0000
22,784.39,158.90,NaN,NaN,NaN
23,725.71,429.37,NaN,NaN,NaN
24,140.93,759.87,0,0,0.0000
25,842.30,180.96,NaN,NaN,NaN
26,146.10,880.94,0,0,0.0000
27,23.87,676.16,0,0,0.0000
28,547.68,114.19,3,4,0.0000
29,812.73,106.03,0,0,0.0000
30,735.35,377.46,0,0,0.0000
31,129.34,845.03,0,0,0.0000
32,603.81,45.22,2,2,0.0000
33,699.68,112.57,NaN,NaN,NaN
34,680.08,384.53,0,0,0.0000
35,23.99,848.03,0,0,0.0000
36,394.62,770.52,NaN,NaN,NaN
37,598.49,127.20,NaN,NaN,NaN
38,763.27,86.67,NaN,NaN,NaN
39,80.43,833.78,0,0,0.0000
40,85.98,762.30,0,0,0.0000
41,418.97,76.04,NaN,NaN,NaN
42,1336.83,586.43,0,0,0.0000
43,919.10,269.26,NaN,NaN,NaN
44,1597.31,114.02,2,4,2.0000
45,1492.66,263.37,2,3,0.0000
46,1181.76,98.47,0,0,0.0000
47,1320.68,105.11,NaN,NaN,NaN
48,1650.41,529.53,4,4,0.0000
49,1425.92,79.42,NaN,NaN,NaN
50,1614.66,315.53,2,7,3.5000
51,910.86,116.47,NaN,NaN,NaN
52,1462.18,437.26,0,0,0.0000
53,1073.08,127.84,3,3,0.0000
54,1051.25,513.78,NaN,NaN,NaN
55,1034.84,450.20,NaN,NaN,NaN
56,1408.05,327.82,0,0,0.0000
57,975.14,547.47,NaN,NaN,NaN
58,1043.53,647.58,2,3,0.0000
59,1327.30,850.08,NaN,NaN,NaN
60,1396.20,464.57,0,0,0.0000
61,1009.73,160.62,4,6,0.0000
62,984.67,238.38,2,3,0.0000
63,1495.35,117.56,NaN,NaN,NaN
64,1255.94,39.32,NaN,NaN,NaN
65,1204.02,671.64,2,5,2.5000
66,1656.13,732.31,NaN,NaN,NaN
67,1230.32,159.60,NaN,NaN,NaN
68,905.60,388.58,NaN,NaN,NaN
69,974.73,113.92,NaN,NaN,NaN
70,1431.61,793.26,NaN,NaN,NaN
71,1207.04,730.29,NaN,NaN,NaN
72,1398.20,662.51,0,0,0.0000
73,1053.26,271.47,NaN,NaN,NaN
74,1172.87,528.51,NaN,NaN,NaN
75,1630.99,460.48,0,0,0.0000
76,1528.15,523.30,NaN,NaN,NaN
77,1292.35,516.76,2,7,3.5000
78,998.87,35.27,2,6,3.0000
79,1119.64,169.55,NaN,NaN,NaN
80,1142.76,361.39,NaN,NaN,NaN
81,1593.97,658.35,3,5,0.0000
82,1091.19,579.80,2,7,3.5000
83,998.81,315.20,3,2,0.0000
84,1117.56,728.00,NaN,NaN,NaN
85,1156.11,587.86,NaN,NaN,NaN
86,1170.73,872.02,NaN,NaN,NaN
87,1246.77,789.26,3,7,2.3333
88,1474.25,353.43,0,0,0.0000
89,1409.29,244.93,0,0,0.0000
90,1150.01,808.27,NaN,NaN,NaN
91,1549.62,452.88,NaN,NaN,NaN
92,1528.72,394.25,0,0,0.0000
93,1079.74,327.12,4,7,0.0000
94,1526.66,672.05,0,0,0.0000
95,1216.80,334.21,0,0,0.0000
96,1651.07,887.89,NaN,NaN,NaN
97,1326.23,468.34,NaN,NaN,NaN
98,1454.93,872.16,NaN,NaN,NaN
99,1269.83,882.28,0,0,0.0000
100,1138.00,432.47,2,4,2.0000
101,1035.60,77.65,NaN,NaN,NaN
102,1597.29,733.09,NaN,NaN,NaN
103,1475.29,832.18,NaN,NaN,NaN
104,1203.18,409.56,2,0,0.0000
105,1482.62,708.16,0,0,0.0000
106,1384.11,855.72,2,4,2.0000
107,1330.70,689.36,NaN,NaN,NaN
108,1641.62,791.46,NaN,NaN,NaN
109,1119.91,648.70,NaN,NaN,NaN
110,1266.13,721.01,NaN,NaN,NaN
111,1563.07,846.85,NaN,NaN,NaN
112,1320.87,746.15,NaN,NaN,NaN
113,1499.81,14.92,0,0,0.0000
114,1519.51,591.86,NaN,NaN,NaN
115,1221.90,463.94,NaN,NaN,NaN
116,1556.50,362.45,NaN,NaN,NaN
117,1116.32,887.43,0,0,0.0000
118,1635.26,835.56,NaN,NaN,NaN
119,956.60,456.21,NaN,NaN,NaN
120,1143.23,276.53,NaN,NaN,NaN
121,1007.11,383.99,3,5,0.0000
122,1349.38,794.33,NaN,NaN,NaN
123,1495.45,778.98,NaN,NaN,NaN
124,1554.18,195.87,NaN,NaN,NaN
125,1550.28,730.04,0,0,0.0000
126,1030.43,359.39,0,0,0.0000
127,1416.42,732.60,0,0,0.0000
128,1468.57,743.34,0,0,0.0000
129,2370.05,141.63,2,4,2.0000
130,1860.98,187.04,5,6,0.0000
131,2360.40,528.67,NaN,NaN,NaN
132,2111.71,196.77,NaN,NaN,NaN
133,2298.61,867.99,NaN,NaN,NaN
134,1715.23,600.71,2,4,2.0000
135,2099.64,758.44,NaN,NaN,NaN
136,1704.26,308.72,0,0,0.0000
137,1666.96,411.37,NaN,NaN,NaN
138,1806.04,487.99,NaN,NaN,NaN
139,2184.36,743.98,NaN,NaN,NaN
140,2027.25,648.35,2,7,3.5000
141,2209.27,394.75,0,0,0.0000
142,2274.25,503.44,NaN,NaN,NaN
143,1857.60,877.30,NaN,NaN,NaN
144,1888.63,674.58,NaN,NaN,NaN
145,1803.91,302.32,NaN,NaN,NaN
146,1823.17,675.80,2,4,2.0000
147,1739.59,161.21,0,0,0.0000
148,1733.51,226.40,NaN,NaN,NaN
149,2131.63,68.98,NaN,NaN,NaN
150,2372.08,330.69,0,0,0.0000
151,1882.53,420.36,NaN,NaN,NaN
152,2064.15,808.43,0,0,0.0000
153,2252.92,726.72,NaN,NaN,NaN
154,2009.24,441.60,NaN,NaN,NaN
155,2201.81,814.98,NaN,NaN,NaN
156,1729.16,679.66,3,8,2.6667
157,1907.15,45.42,0,0,0.0000
158,1732.28,78.37,NaN,NaN,NaN
159,2024.66,213.30,0,0,0.0000
160,1790.45,588.03,NaN,NaN,NaN
161,2179.83,239.78,0,0,0.0000
162,1951.32,488.93,2,5,2.5000
163,2029.42,877.12,NaN,NaN,NaN
164,1775.62,231.02,NaN,NaN,NaN
165,2364.78,645.23,NaN,NaN,NaN
166,2005.46,763.65,0,0,0.0000
167,1861.52,260.66,0,0,0.0000
168,2418.76,668.48,NaN,NaN,NaN
169,2313.75,231.47,3,5,0.0000
170,2419.51,88.53,NaN,NaN,NaN
171,2034.77,518.97,2,2,0.0000
172,1736.76,819.62,NaN,NaN,NaN
173,1973.28,556.64,0,0,0.0000
174,2404.98,266.32,NaN,NaN,NaN
175,2260.67,821.02,NaN,NaN,NaN
176,1957.67,714.81,2,4,2.0000
177,1840.24,409.18,3,9,3.0000
178,1808.29,816.15,0,0,0.0000
179,2157.00,128.81,4,4,0.0000
180,1770.54,416.67,NaN,NaN,NaN
181,2338.09,400.42,0,0,0.0000
182,1717.37,762.11,0,0,0.0000
183,2208.91,19.32,0,0,0.0000
184,2021.72,581.06,NaN,NaN,NaN
185,2134.40,13.76,0,0,0.0000
186,1759.84,756.13,0,0,0.0000
187,2007.87,819.90,0,0,0.0000
188,1737.18,503.74,NaN,NaN,NaN
189,1699.09,377.44,0,0,0.0000
190,1683.41,795.83,NaN,NaN,NaN
191,2373.80,31.59,NaN,NaN,NaN
192,2725.42,637.39,NaN,NaN,NaN
193,2940.12,513.49,0,0,0.0000
194,2538.20,632.60,3,8,2.6667
195,2670.36,434.88,2,6,3.0000
196,3158.12,303.51,2,2,0.0000
197,2664.49,265.16,NaN,NaN,NaN
198,2591.87,760.80,0,0,0.0000
199,2740.24,195.12,2,5,2.5000
200,2764.01,489.82,2,2,0.0000
201,3096.31,78.04,0,0,0.0000
202,2513.24,834.79,NaN,NaN,NaN
203,2721.31,746.00,2,3,0.0000
204,2872.55,121.04,0,0,0.0000
205,2464.48,166.66,NaN,NaN,NaN
206,3160.63,894.10,0,0,0.0000
207,2581.16,494.30,2,3,0.0000
208,3031.82,320.07,3,2,0.0000
209,2729.80,90.09,NaN,NaN,NaN
210,2501.52,244.52,NaN,NaN,NaN
211,2890.25,205.29,0,0,0.0000
212,3192.81,734.87,0,0,0.0000
213,3152.58,507.14,NaN,NaN,NaN
214,2476.08,521.41,NaN,NaN,NaN
215,3100.82,597.24,NaN,NaN,NaN
216,2935.53,42.73,0,0,0.0000
217,2449.21,419.89,3,4,0.0000
218,2630.29,544.00,NaN,NaN,NaN
219,2460.65,601.68,NaN,NaN,NaN
220,2657.34,170.73,2,5,2.5000
221,3086.20,231.31,0,0,0.0000
222,2686.80,531.31,0,0,0.0000
223,3125.40,151.75,NaN,NaN,NaN
224,2495.41,737.26,0,0,0.0000
225,2965.34,178.54,0,0,0.0000
226,2822.27,531.57,0,0,0.0000
227,3183.74,72.86,NaN,NaN,NaN
228,3021.06,124.18,NaN,NaN,NaN
229,2607.93,341.91,0,0,0.0000
230,2627.96,75.79,NaN,NaN,NaN
231,3106.62,525.46,NaN,NaN,NaN
232,3005.46,247.79,0,0,0.0000
233,3058.82,651.26,2,1,0.0000
234,2548.56,129.13,NaN,NaN,NaN
235,2531.33,321.97,0,0,0.0000
236,2867.98,457.12,0,0,0.0000
237,3042.27,558.71,2,4,2.0000
238,2654.65,805.86,0,0,0.0000
239,2825.73,662.33,0,0,0.0000
240,2843.25,265.45,NaN,NaN,NaN
241,3155.30,423.76,NaN,NaN,NaN
242,2797.13,179.82,NaN,NaN,NaN
243,2830.70,202.18,NaN,NaN,NaN
244,2564.80,412.90,0,0,0.0000
245,2673.58,590.89,0,0,0.0000
246,2737.12,331.77,0,0,0.0000
247,3007.34,622.00,0,0,0.0000
248,2456.20,317.04,NaN,NaN,NaN
249,3059.66,190.22,NaN,NaN,NaN
250,3093.25,688.82,0,0,0.0000
251,2540.34,182.50,0,0,0.0000
252,2945.91,425.09,NaN,NaN,NaN
253,3191.00,840.31,NaN,NaN,NaN
254,3063.25,524.21,NaN,NaN,NaN
255,3116.06,831.26,NaN,NaN,NaN
256,2821.11,116.97,0,0,0.0000
257,3173.63,199.19,0,0,0.0000
258,2512.93,390.73,2,3,0.0000
259,3030.55,388.92,NaN,NaN,NaN
260,2602.47,276.14,2,8,4.0000
261,2661.52,18.32,NaN,NaN,NaN
262,3481.72,806.96,2,2,0.0000
263,3682.17,877.64,NaN,NaN,NaN
264,3860.09,784.91,2,4,2.0000
265,3678.96,197.08,0,0,0.0000
266,3397.25,495.72,0,0,0.0000
267,3592.91,524.29,NaN,NaN,NaN
268,3302.71,326.09,2,4,2.0000
269,3358.08,841.16,0,0,0.0000
270,3551.29,102.90,NaN,NaN,NaN
271,3332.51,77.50,0,0,0.0000
272,3734.60,771.95,NaN,NaN,NaN
273,3823.54,706.27,0,0,0.0000
274,3221.01,534.58,NaN,NaN,NaN
275,3496.23,626.09,NaN,NaN,NaN
276,3455.31,29.23,NaN,NaN,NaN
277,3618.98,781.74,0,0,0.0000
278,3750.60,562.08,NaN,NaN,NaN
279,3488.51,352.21,0,0,0.0000
280,3683.58,288.03,0,0,0.0000
281,3562.83,296.26,NaN,NaN,NaN
282,3372.21,220.21,NaN,NaN,NaN
283,3236.93,679.18,0,0,0.0000
284,3593.55,225.47,0,0,0.0000
285,3320.12,442.27,NaN,NaN,NaN
286,3643.53,356.39,2,3,0.0000
287,3392.36,593.83,NaN,NaN,NaN
288,3435.32,706.72,NaN,NaN,NaN
289,3762.76,174.03,0,0,0.0000
290,3534.30,444.88,2,3,0.0000
291,3795.90,375.65,0,0,0.0000
292,3898.51,874.37,0,0,0.0000
293,3964.49,878.89,NaN,NaN,NaN
294,3319.14,204.92,0,0,0.0000
295,3784.19,477.70,NaN,NaN,NaN
296,3964.78,526.20,2,5,2.5000
297,3241.58,813.12,NaN,NaN,NaN
298,3792.14,20.57,NaN,NaN,NaN
299,3287.60,852.47,NaN,NaN,NaN
300,3619.81,402.99,0,0,0.0000
301,3612.66,468.18,0,0,0.0000
302,3929.19,725.66,0,0,0.0000
303,3457.99,215.97,0,0,0.0000
304,3679.26,609.88,0,0,0.0000
305,3235.49,32.83,0,0,0.0000
306,3469.25,527.91,0,0,0.0000
307,3705.67,406.25,0,0,0.0000
308,3660.45,108.28,0,0,0.0000
309,3269.78,615.27,NaN,NaN,NaN
310,3812.58,633.41,0,0,0.0000
311,3937.69,630.42,NaN,NaN,NaN
312,3628.03,709.89,0,0,0.0000
313,3741.62,630.01,NaN,NaN,NaN
314,3618.38,583.07,3,6,2.0000
315,3208.10,619.65,3,4,0.0000
316,3836.16,557.82,0,0,0.0000
317,3310.01,553.00,NaN,NaN,NaN
318,3320.89,607.62,NaN,NaN,NaN
319,3853.20,377.13,0,0,0.0000
320,3293.97,139.42,NaN,NaN,NaN
321,3441.82,282.03,0,0,0.0000
322,3492.23,118.23,0,0,0.0000
323,3942.31,454.64,NaN,NaN,NaN
324,3349.29,767.46,NaN,NaN,NaN
325,3717.90,360.98,0,0,0.0000
326,3410.68,162.70,0,0,0.0000
327,3810.90,442.28,0,0,0.0000
328,3454.39,81.92,NaN,NaN,NaN
329,3589.95,65.92,2,6,3.0000
330,3893.66,638.60,2,4,2.0000
331,3515.33,570.42,0,0,0.0000
332,3577.58,680.26,NaN,NaN,NaN
333,3212.53,452.60,NaN,NaN,NaN
334,3255.21,389.34,0,0,0.0000
335,3901.88,435.37,0,0,0.0000
336,3877.64,459.95,0,0,0.0000
337,3559.97,364.94,NaN,NaN,NaN
338,3213.90,182.36,2,6,3.0000
339,3307.42,505.88,0,0,0.0000
340,3859.26,611.19,NaN,NaN,NaN
341,3858.52,486.48,0,0,0.0000
342,3412.31,652.01,NaN,NaN,NaN
343,3516.92,213.39,0,0,0.0000
344,3334.77,386.48,NaN,NaN,NaN
345,3336.53,718.09,NaN,NaN,NaN
346,3271.54,473.91,NaN,NaN,NaN
347,4028.79,702.41,NaN,NaN,NaN
348,4130.43,816.49,NaN,NaN,NaN
349,3971.39,780.49,NaN,NaN,NaN
350,4050.41,824.02,NaN,NaN,NaN
351,4479.96,99.03,0,0,0.0000
352,4451.38,137.34,0,0,0.0000
353,4498.53,257.20,NaN,NaN,NaN
354,4088.86,876.72,2,2,0.0000
355,4458.71,272.29,0,0,0.0000
356,4433.84,229.44,NaN,NaN,NaN
357,4482.32,310.29,0,0,0.0000
358,5369.63,149.20,NaN,NaN,NaN
359,5169.33,630.03,NaN,NaN,NaN
360,5120.43,206.24,0,0,0.0000
361,5251.89,491.72,0,0,0.0000
362,5366.82,495.53,2,3,0.0000
363,5172.77,412.88,0,0,0.0000
364,5135.86,478.76,NaN,NaN,NaN
365,5261.92,94.51,0,0,0.0000
366,5064.80,311.26,0,0,0.0000
367,5245.79,196.89,NaN,NaN,NaN
368,5324.93,768.89,NaN,NaN,NaN
369,5408.30,764.12,0,0,0.0000
370,5155.82,747.47,0,0,0.0000
371,5354.11,653.93,0,0,0.0000
372,5375.93,342.34,NaN,NaN,NaN
373,5039.32,239.52,0,0,0.0000
374,5158.78,126.84,2,3,0.0000
375,5369.89,576.67,0,0,0.0000
376,5373.21,252.35,NaN,NaN,NaN
377,5315.06,589.32,0,0,0.0000
378,5213.97,238.11,NaN,NaN,NaN
379,5308.17,309.36,0,0,0.0000
380,5300.82,693.85,2,0,0.0000
381,5226.09,745.05,0,0,0.0000
382,5345.57,833.65,2,1,0.0000
383,5124.51,564.31,NaN,NaN,NaN
384,5103.86,638.45,0,0,0.0000
385,5188.62,545.83,NaN,NaN,NaN
386,5119.84,358.96,NaN,NaN,NaN
387,5220.89,317.65,NaN,NaN,NaN
388,5271.91,813.03,0,0,0.0000
389,5204.33,98.71,NaN,NaN,NaN
390,5395.90,700.07,NaN,NaN,NaN
391,5314.15,379.50,NaN,NaN,NaN
392,5444.64,68.47,0,0,0.0000
393,5277.02,166.23,NaN,NaN,NaN
394,5071.53,151.11,NaN,NaN,NaN
395,5080.72,400.45,2,3,0.0000
396,5155.29,74.02,NaN,NaN,NaN
397,5133.34,292.12,2,4,2.0000
398,5215.30,794.92,0,0,0.0000
399,6197.48,575.30,NaN,NaN,NaN
400,5875.06,496.41,NaN,NaN,NaN
401,6113.63,792.54,3,3,0.0000
402,6092.68,628.51,2,4,2.0000
403,6011.01,589.73,NaN,NaN,NaN
404,6236.52,766.54,NaN,NaN,NaN
405,5924.83,838.64,NaN,NaN,NaN
406,6056.86,469.92,NaN,NaN,NaN
407,6235.88,458.73,NaN,NaN,NaN
408,5765.94,268.20,NaN,NaN,NaN
409,6160.80,138.15,0,0,0.0000
410,6101.76,327.22,0,0,0.0000
411,5979.68,770.11,NaN,NaN,NaN
412,5793.40,436.34,NaN,NaN,NaN
413,5780.54,574.23,NaN,NaN,NaN
414,5960.47,198.58,NaN,NaN,NaN
415,5778.61,347.98,3,7,2.3333
416,6232.34,88.63,2,3,0.0000
417,6181.61,670.53,NaN,NaN,NaN
418,6257.41,321.65,0,0,0.0000
419,5850.95,640.65,0,0,0.0000
420,5834.87,231.42,NaN,NaN,NaN
421,5821.23,734.30,NaN,NaN,NaN
422,5987.73,300.22,NaN,NaN,NaN
423,6202.59,248.14,NaN,NaN,NaN
424,5926.16,563.72,0,0,0.0000
425,5869.77,105.80,0,0,0.0000
426,5838.93,47.37,0,0,0.0000
427,6018.03,222.49,2,7,3.5000
428,5903.26,29.24,0,0,0.0000
429,5940.46,377.73,0,0,0.0000
430,5974.81,493.38,NaN,NaN,NaN
431,5788.50,837.94,0,0,0.0000
432,5723.46,627.42,0,0,0.0000
433,5972.80,93.75,0,0,0.0000
434,6079.51,143.15,0,0,0.0000
435,6162.93,395.09,NaN,NaN,NaN
436,6258.92,874.70,0,0,0.0000
437,6236.87,179.75,2,5,2.5000
438,6151.02,481.11,NaN,NaN,NaN
439,5658.58,121.82,NaN,NaN,NaN
440,6167.14,845.74,NaN,NaN,NaN
441,6103.73,59.92,0,0,0.0000
442,6006.38,403.50,NaN,NaN,NaN
443,5837.53,288.31,0,0,0.0000
444,6102.94,250.51,NaN,NaN,NaN
445,5879.70,826.08,NaN,NaN,NaN
446,5822.70,179.69,NaN,NaN,NaN
447,5807.53,499.55,2,6,3.0000
448,6190.44,732.79,NaN,NaN,NaN
449,5878.91,155.02,NaN,NaN,NaN
450,5739.70,418.78,NaN,NaN,NaN
451,5924.60,641.00,0,0,0.0000
452,5858.63,891.63,NaN,NaN,NaN
453,6033.86,350.08,NaN,NaN,NaN
454,6130.07,195.36,0,0,0.0000
455,5963.77,678.10,0,0,0.0000
456,6016.73,675.57,NaN,NaN,NaN
457,5754.66,48.78,0,0,0.0000
458,6019.36,89.66,0,0,0.0000
459,6981.04,840.11,NaN,NaN,NaN
460,6670.14,170.42,NaN,NaN,NaN
461,6544.37,217.14,NaN,NaN,NaN
462,6380.14,373.90,NaN,NaN,NaN
463,6710.94,680.82,NaN,NaN,NaN
464,6593.17,756.10,NaN,NaN,NaN
465,6541.64,64.65,NaN,NaN,NaN
466,6898.57,80.45,0,0,0.0000
467,6373.80,607.00,NaN,NaN,NaN
468,6651.85,399.62,NaN,NaN,NaN
469,6750.96,111.77,2,4,2.0000
470,6521.45,404.84,NaN,NaN,NaN
471,6352.95,835.75,3,5,0.0000
472,6766.26,454.78,0,0,0.0000
473,6995.86,45.64,2,4,2.0000
474,6842.11,487.22,0,0,0.0000
475,6721.22,590.63,0,0,0.0000
476,6829.35,716.50,NaN,NaN,NaN
477,6963.20,646.93,NaN,NaN,NaN
478,6504.49,521.53,NaN,NaN,NaN
479,6615.41,878.50,NaN,NaN,NaN
480,6618.08,541.57,NaN,NaN,NaN
481,6980.08,354.92,0,0,0.0000
482,6583.98,363.86,NaN,NaN,NaN
483,6353.00,132.74,NaN,NaN,NaN
484,6418.32,490.60,0,0,0.0000
485,6833.26,336.99,NaN,NaN,NaN
486,6567.79,511.43,2,3,0.0000
487,6447.21,575.02,NaN,NaN,NaN
488,6402.33,77.19,0,0,0.0000
489,6325.99,730.93,0,0,0.0000
490,6458.34,152.74,NaN,NaN,NaN
491,7004.69,603.05,2,6,3.0000
492,6288.21,248.05,NaN,NaN,NaN
493,6472.25,852.65,0,0,0.0000
494,6930.76,727.16,0,0,0.0000
495,7015.18,499.84,NaN,NaN,NaN
496,6645.12,270.96,NaN,NaN,NaN
497,6867.67,851.92,NaN,NaN,NaN
498,6940.14,224.76,4,2,0.0000
499,7032.04,370.04,0,0,0.0000
500,6911.89,289.27,NaN,NaN,NaN
501,6925.13,388.63,2,2,0.0000
502,6861.03,668.70,NaN,NaN,NaN
503,6754.57,810.32,NaN,NaN,NaN
504,6491.43,751.56,0,0,0.0000
505,6695.40,779.23,0,0,0.0000
506,6482.58,289.29,NaN,NaN,NaN
507,6969.45,170.25,NaN,NaN,NaN
508,6288.66,553.43,0,0,0.0000
509,6690.00,503.95,NaN,NaN,NaN
510,6774.70,310.85,NaN,NaN,NaN
511,6931.03,549.45,NaN,NaN,NaN
512,6285.11,424.85,0,0,0.0000
513,6813.91,821.81,NaN,NaN,NaN
514,6687.45,59.95,0,0,0.0000
515,6293.44,636.09,NaN,NaN,NaN
516,6420.59,823.10,0,0,0.0000
517,6454.44,677.37,NaN,NaN,NaN
518,6305.76,890.12,NaN,NaN,NaN
519,6865.29,250.74,2,2,0.0000
520,6726.50,346.24,2,1,0.0000
521,6357.34,516.03,0,0,0.0000
522,6431.33,244.34,0,0,0.0000
523,7017.78,139.71,NaN,NaN,NaN
524,6610.58,682.30,0,0,0.0000
525,6884.25,606.01,3,6,2.0000
526,6825.46,197.60,NaN,NaN,NaN
527,6994.76,708.08,0,0,0.0000
528,6876.83,195.53,NaN,NaN,NaN
529,6763.30,205.56,0,0,0.0000
530,6697.75,871.12,2,8,4.0000
531,6949.78,65.38,0,0,0.0000
532,7044.07,244.25,NaN,NaN,NaN
533,7079.55,724.89,NaN,NaN,NaN
534,7143.64,813.33,0,0,0.0000
535,7080.69,598.04,NaN,NaN,NaN
536,7082.28,335.53,0,0,0.0000
537,7161.33,581.72,NaN,NaN,NaN
538,7151.89,662.74,2,4,2.0000
539,7070.13,516.41,NaN,NaN,NaN
540,7068.75,816.87,2,4,2.0000
541,7067.37,668.19,2,3,0.0000
542,7191.83,874.71,NaN,NaN,NaN
543,7112.06,886.30,0,0,0.0000
544,7116.00,541.68,NaN,NaN,NaN
545,166.52,1494.41,2,5,2.5000
546,58.73,1119.02,0,0,0.0000
547,43.94,1562.33,2,4,2.0000
548,252.43,1435.72,3,4,0.0000
549,164.05,1258.07,NaN,NaN,NaN
550,44.33,1663.76,NaN,NaN,NaN
551,281.38,1543.97,NaN,NaN,NaN
552,374.97,960.30,NaN,NaN,NaN
553,195.44,1626.47,NaN,NaN,NaN
554,178.50,1182.95,NaN,NaN,NaN
555,491.71,986.39,3,4,0.0000
556,267.54,1609.67,3,6,2.0000
557,167.50,1379.93,2,4,2.0000
558,73.19,1464.89,NaN,NaN,NaN
559,52.86,1384.79,NaN,NaN,NaN
560,386.44,1587.99,NaN,NaN,NaN
561,49.43,976.25,2,5,2.5000
562,88.60,1198.63,NaN,NaN,NaN
563,425.14,900.86,NaN,NaN,NaN
564,139.20,1062.92,NaN,NaN,NaN
565,79.94,1279.22,0,0,0.0000
566,331.83,1499.25,0,0,0.0000
567,304.83,1407.02,0,0,0.0000
568,118.47,1621.01,NaN,NaN,NaN
569,206.24,1327.54,NaN,NaN,NaN
570,438.23,1544.37,NaN,NaN,NaN
571,79.64,1026.24,2,3,0.0000
572,180.02,1114.43,0,0,0.0000
573,393.48,1514.05,NaN,NaN,NaN
574,23.30,1340.56,NaN,NaN,NaN
575,261.36,1335.17,0,0,0.0000
576,1607.92,1285.14,NaN,NaN,NaN
577,1580.36,1069.51,NaN,NaN,NaN
578,1534.54,1473.65,NaN,NaN,NaN
579,1621.83,1426.23,NaN,NaN,NaN
580,1292.62,1148.30,0,0,0.0000
581,1411.37,968.34,0,0,0.0000
582,1273.74,946.05,NaN,NaN,NaN
583,1291.85,1435.75,NaN,NaN,NaN
584,1573.28,1584.31,3,5,0.0000
585,1514.11,1128.96,NaN,NaN,NaN
586,1398.24,1206.30,0,0,0.0000
587,1326.47,1523.09,NaN,NaN,NaN
588,1435.35,1074.12,0,0,0.0000
589,1459.93,1165.53,NaN,NaN,NaN
590,1622.79,1154.25,3,9,3.0000
591,1411.17,1546.00,3,4,0.0000
592,1491.01,1609.13,4,5,0.0000
593,1132.41,967.18,NaN,NaN,NaN
594,1382.44,1083.19,0,0,0.0000
595,1583.25,917.68,2,3,0.0000
596,1491.36,932.58,0,0,0.0000
597,1507.33,1219.19,0,0,0.0000
598,1489.42,1006.75,0,0,0.0000
599,1362.13,1477.11,NaN,NaN,NaN
600,1351.87,1124.67,0,0,0.0000
601,1359.91,1661.75,NaN,NaN,NaN
602,1631.48,988.01,0,0,0.0000
603,1372.32,1346.34,NaN,NaN,NaN
604,1501.97,1359.14,0,0,0.0000
605,1188.65,1004.74,0,0,0.0000
606,1422.36,1418.34,2,4,2.0000
607,1344.83,1389.48,NaN,NaN,NaN
608,1322.70,989.63,NaN,NaN,NaN
609,1254.79,1000.97,0,0,0.0000
610,1447.38,1595.08,NaN,NaN,NaN
611,1526.32,954.66,0,0,0.0000
612,1516.86,1297.52,2,3,0.0000
613,1564.20,1390.13,NaN,NaN,NaN
614,1552.20,991.79,0,0,0.0000
615,1498.26,1551.75,0,0,0.0000
616,1466.03,1557.61,0,0,0.0000
617,1383.98,1290.85,NaN,NaN,NaN
618,1475.54,1291.60,0,0,0.0000
619,1464.00,1368.73,0,0,0.0000
620,2113.63,927.98,2,2,0.0000
621,2225.48,1620.58,0,0,0.0000
622,1951.08,936.73,NaN,NaN,NaN
623,1744.32,1198.94,NaN,NaN,NaN
624,1910.19,1156.03,2,3,0.0000
625,2072.91,1141.50,2,3,0.0000
626,2375.88,1609.20,0,0,0.0000
627,1869.70,1609.89,2,3,0.0000
628,2064.56,1263.46,0,0,0.0000
629,1739.11,1354.83,0,0,0.0000
630,1673.24,1624.39,NaN,NaN,NaN
631,1909.60,1425.08,3,7,2.3333
632,1832.85,1139.82,NaN,NaN,NaN
633,1934.30,1535.27,0,0,0.0000
634,2140.73,1347.52,0,0,0.0000
635,2032.79,1026.02,NaN,NaN,NaN
636,1983.32,1126.39,NaN,NaN,NaN
637,1941.23,1250.00,NaN,NaN,NaN
638,1793.52,1041.68,0,0,0.0000
639,2192.54,1033.28,NaN,NaN,NaN
640,1690.92,1497.53,0,0,0.0000
641,1865.49,1488.63,NaN,NaN,NaN
642,2224.92,897.06,0,0,0.0000
643,1672.56,955.28,0,0,0.0000
644,2254.14,961.54,0,0,0.0000
645,2218.35,1489.84,NaN,NaN,NaN
646,2019.04,1446.50,5,3,0.0000
647,2231.08,1364.47,0,0,0.0000
648,2044.57,1544.67,NaN,NaN,NaN
649,2178.77,1099.74,NaN,NaN,NaN
650,2234.19,1148.58,0,0,0.0000
651,2107.46,1108.55,0,0,0.0000
652,1988.90,1588.49,NaN,NaN,NaN
653,1756.03,923.48,0,0,0.0000
654,2332.66,1549.81,2,3,0.0000
655,1809.10,1529.39,NaN,NaN,NaN
656,1764.62,1460.29,0,0,0.0000
657,1834.41,1232.59,NaN,NaN,NaN
658,2036.98,1656.28,NaN,NaN,NaN
659,1762.34,1109.01,NaN,NaN,NaN
660,2083.49,1500.27,NaN,NaN,NaN
661,1982.56,1488.31,NaN,NaN,NaN
662,2268.02,1483.34,0,0,0.0000
663,2374.27,1290.92,2,4,2.0000
664,2356.39,1513.27,0,0,0.0000
665,2214.67,1407.01,0,0,0.0000
666,2014.78,1253.18,NaN,NaN,NaN
667,2252.87,1013.32,2,2,0.0000
668,2367.86,1433.51,0,0,0.0000
669,1883.22,992.22,0,0,0.0000
670,2118.40,1017.90,NaN,NaN,NaN
671,1980.30,1384.41,2,3,0.0000
672,2420.59,1338.05,NaN,NaN,NaN
673,1891.65,1037.51,0,0,0.0000
674,2358.86,1374.30,NaN,NaN,NaN
675,2302.88,1404.96,0,0,0.0000
676,2377.84,900.31,NaN,NaN,NaN
677,1763.35,1629.24,NaN,NaN,NaN
678,1664.31,1196.68,0,0,0.0000
679,2170.51,1549.77,3,4,0.0000
680,2333.81,1462.97,0,0,0.0000
681,2615.62,1143.27,3,4,0.0000
682,2483.34,1529.94,0,0,0.0000
683,2748.35,1580.25,NaN,NaN,NaN
684,2714.83,1118.94,NaN,NaN,NaN
685,2686.03,987.14,NaN,NaN,NaN
686,2643.64,1372.12,NaN,NaN,NaN
687,2819.63,964.51,0,0,0.0000
688,3196.52,1040.84,2,8,4.0000
689,2643.03,1277.18,3,8,2.6667
690,2634.19,1032.45,4,4,0.0000
691,2546.01,1126.12,0,0,0.0000
692,2456.50,1650.10,NaN,NaN,NaN
693,2497.61,1180.39,0,0,0.0000
694,2556.44,1596.95,NaN,NaN,NaN
695,2752.22,1224.00,0,0,0.0000
696,2568.54,1300.24,2,2,0.0000
697,2710.74,1231.72,0,0,0.0000
698,2573.98,1048.20,NaN,NaN,NaN
699,2728.44,1292.76,0,0,0.0000
700,2766.08,986.82,NaN,NaN,NaN
701,2735.22,1009.40,NaN,NaN,NaN
702,2763.39,1122.60,0,0,0.0000
703,2433.95,1481.50,NaN,NaN,NaN
704,2440.45,1566.48,NaN,NaN,NaN
705,2762.41,1051.26,NaN,NaN,NaN
706,2821.35,1043.39,0,0,0.0000
707,2533.55,1271.93,0,0,0.0000
708,2784.66,1469.82,3,4,0.0000
709,2518.69,1472.15,2,6,3.0000
710,2636.61,1471.17,2,6,3.0000
711,2522.49,1014.32,0,0,0.0000
712,2714.54,1051.12,3,7,2.3333
713,3903.46,1177.90,NaN,NaN,NaN
714,3584.49,1178.65,NaN,NaN,NaN
715,3967.29,1500.63,0,0,0.0000
716,3463.50,1265.61,2,2,0.0000
717,3275.56,1076.37,2,3,0.0000
718,3720.60,1124.55,0,0,0.0000
719,3745.04,983.82,2,1,0.0000
720,3340.07,969.13,NaN,NaN,NaN
721,3487.69,1370.07,NaN,NaN,NaN
722,3622.43,1419.56,0,0,0.0000
723,3401.31,1352.33,2,4,2.0000
724,3807.02,1386.92,2,6,3.0000
725,3856.35,1450.99,NaN,NaN,NaN
726,3424.59,917.62,0,0,0.0000
727,3620.02,957.28,NaN,NaN,NaN
728,3765.14,1527.90,0,0,0.0000
729,3934.84,1356.86,NaN,NaN,NaN
730,3791.43,1203.56,NaN,NaN,NaN
731,3236.98,922.91,NaN,NaN,NaN
732,3853.88,1591.38,NaN,NaN,NaN
733,3654.10,1627.89,2,9,4.5000
734,3938.85,932.62,0,0,0.0000
735,3392.24,1122.29,3,6,2.0000
736,3483.26,1089.38,0,0,0.0000
737,3716.29,1450.93,NaN,NaN,NaN
738,3444.49,1019.15,NaN,NaN,NaN
739,3857.36,945.13,0,0,0.0000
740,3678.99,1485.80,NaN,NaN,NaN
741,3726.18,1341.64,0,0,0.0000
742,3654.61,1522.38,0,0,0.0000
743,3677.27,1353.52,2,4,2.0000
744,3938.71,1099.56,NaN,NaN,NaN
745,3347.30,1087.98,0,0,0.0000
746,3338.93,1197.44,NaN,NaN,NaN
747,3307.73,1228.91,NaN,NaN,NaN
748,3752.26,1642.94,0,0,0.0000
749,3841.45,1038.19,0,0,0.0000
750,3242.53,1177.50,0,0,0.0000
751,3492.87,931.08,2,2,0.0000
752,3503.38,972.83,NaN,NaN,NaN
753,3447.05,1153.58,2,4,2.0000
754,3216.92,1106.55,NaN,NaN,NaN
755,3892.98,1549.97,NaN,NaN,NaN
756,3768.09,1073.46,0,0,0.0000
757,3587.29,1633.48,3,4,0.0000
758,3415.52,975.74,NaN,NaN,NaN
759,3275.54,990.39,NaN,NaN,NaN
760,3936.10,987.88,0,0,0.0000
761,3527.92,1062.50,0,0,0.0000
762,3745.47,1403.45,0,0,0.0000
763,4448.61,1507.67,2,2,0.0000
764,4193.39,1032.19,NaN,NaN,NaN
765,4502.81,1377.33,NaN,NaN,NaN
766,4085.86,1161.35,NaN,NaN,NaN
767,4309.46,1577.33,NaN,NaN,NaN
768,4057.27,1003.64,0,0,0.0000
769,4184.09,1624.26,NaN,NaN,NaN
770,4588.31,1571.43,3,5,0.0000
771,4389.66,1123.07,NaN,NaN,NaN
772,4172.74,1282.27,NaN,NaN,NaN
773,4275.50,1642.55,NaN,NaN,NaN
774,4639.19,1465.56,0,0,0.0000
775,4179.46,1153.38,NaN,NaN,NaN
776,4402.30,1407.27,NaN,NaN,NaN
777,4421.40,1209.42,NaN,NaN,NaN
778,4275.68,961.69,0,0,0.0000
779,4072.31,1461.68,NaN,NaN,NaN
780,4065.46,1527.73,NaN,NaN,NaN
781,4205.40,1411.61,0,0,0.0000
782,4042.87,920.79,NaN,NaN,NaN
783,4452.55,1276.62,0,0,0.0000
784,4141.75,1548.74,NaN,NaN,NaN
785,4204.77,913.38,NaN,NaN,NaN
786,4130.07,939.02,0,0,0.0000
787,4324.16,1147.32,2,2,0.0000
788,4574.37,1483.60,0,0,0.0000
789,4533.82,1609.42,3,5,0.0000
790,4657.37,1586.25,0,0,0.0000
791,4282.39,1106.60,NaN,NaN,NaN
792,4135.03,1225.50,0,0,0.0000
793,4124.78,1416.14,NaN,NaN,NaN
794,4268.79,1246.76,NaN,NaN,NaN
795,4331.00,1253.97,NaN,NaN,NaN
796,4228.00,1115.00,NaN,NaN,NaN
797,4291.71,1393.96,0,0,0.0000
798,4006.17,1279.47,0,0,0.0000
799,4335.16,1481.50,0,0,0.0000
800,4199.58,1497.79,3,4,0.0000
801,4727.09,1512.18,NaN,NaN,NaN
802,4005.34,1064.27,NaN,NaN,NaN
803,4703.18,1561.72,0,0,0.0000
804,4379.27,1282.69,3,4,0.0000
805,4464.11,1134.38,0,0,0.0000
806,3983.00,958.50,NaN,NaN,NaN
807,4303.95,1304.38,0,0,0.0000
808,3987.18,1113.99,0,0,0.0000
809,3994.53,1409.98,2,1,0.0000
810,5434.31,1485.45,NaN,NaN,NaN
811,5436.31,1350.85,NaN,NaN,NaN
812,5496.09,1562.08,NaN,NaN,NaN
813,5331.71,1560.24,NaN,NaN,NaN
814,5422.90,1594.96,2,4,2.0000
815,5366.48,1469.20,NaN,NaN,NaN
816,5421.12,1229.67,2,1,0.0000
817,5500.48,1214.23,3,3,0.0000
818,5482.79,1663.61,NaN,NaN,NaN
819,5414.76,1109.71,NaN,NaN,NaN
820,5400.76,1286.03,NaN,NaN,NaN
821,5403.30,1173.60,0,0,0.0000
822,4769.94,1655.29,NaN,NaN,NaN
823,4747.03,1577.27,NaN,NaN,NaN
824,5383.96,1397.57,0,0,0.0000
825,5350.91,1651.40,0,0,0.0000
826,5339.12,1099.91,0,0,0.0000
827,5497.24,1434.49,NaN,NaN,NaN
828,5353.61,1610.86,0,0,0.0000
829,5455.75,1160.01,0,0,0.0000
830,5701.11,1432.19,NaN,NaN,NaN
831,6205.64,992.42,2,4,2.0000
832,6059.02,1045.00,NaN,NaN,NaN
833,5954.18,1056.82,NaN,NaN,NaN
834,5731.70,1114.94,NaN,NaN,NaN
835,5516.11,1288.91,NaN,NaN,NaN
836,5656.95,1603.66,0,0,0.0000
837,6148.24,1224.28,NaN,NaN,NaN
838,6140.33,1627.86,NaN,NaN,NaN
839,6143.71,1132.26,NaN,NaN,NaN
840,6102.75,1478.04,2,5,2.5000
841,5792.51,1592.38,0,0,0.0000
842,5655.30,1224.72,NaN,NaN,NaN
843,5900.91,1372.12,NaN,NaN,NaN
844,6126.38,1295.74,0,0,0.0000
845,5878.13,1217.02,NaN,NaN,NaN
846,5965.22,1170.89,NaN,NaN,NaN
847,5798.70,1232.38,2,2,0.0000
848,6171.80,918.39,NaN,NaN,NaN
849,5981.40,1576.57,0,0,0.0000
850,6081.52,1582.56,0,0,0.0000
851,6080.74,915.74,NaN,NaN,NaN
852,6034.14,1159.50,0,0,0.0000
853,6235.07,1155.10,NaN,NaN,NaN
854,5877.83,1446.33,0,0,0.0000
855,5847.51,1317.33,NaN,NaN,NaN
856,6006.22,945.26,NaN,NaN,NaN
857,5867.94,1536.24,0,0,0.0000
858,5797.04,1510.99,0,0,0.0000
859,5583.83,1231.23,NaN,NaN,NaN
860,5588.13,1357.82,0,0,0.0000
861,5728.11,1328.47,0,0,0.0000
862,6230.37,1519.63,NaN,NaN,NaN
863,6263.17,1651.94,NaN,NaN,NaN
864,5695.35,1661.24,NaN,NaN,NaN
865,5578.37,1628.58,2,3,0.0000
866,5580.38,1546.26,0,0,0.0000
867,5976.33,897.96,0,0,0.0000
868,5793.28,1150.96,0,0,0.0000
869,5527.82,1491.82,0,0,0.0000
870,5606.38,1294.47,NaN,NaN,NaN
871,6246.63,1374.86,2,3,0.0000
872,5803.88,1402.12,NaN,NaN,NaN
873,6027.35,1245.37,0,0,0.0000
874,5577.57,1471.27,NaN,NaN,NaN
875,5604.88,1452.24,3,8,2.6667
876,6256.84,1060.07,NaN,NaN,NaN
877,5581.21,1414.32,NaN,NaN,NaN
878,5864.03,1116.66,NaN,NaN,NaN
879,5636.47,1386.42,NaN,NaN,NaN
880,5783.02,1301.90,NaN,NaN,NaN
881,5746.39,1191.58,2,2,0.0000
882,5957.71,1340.44,NaN,NaN,NaN
883,6800.50,1162.08,0,0,0.0000
884,6328.68,1423.63,2,4,2.0000
885,6919.20,973.92,NaN,NaN,NaN
886,6991.79,1136.85,NaN,NaN,NaN
887,6529.78,925.01,0,0,0.0000
888,6607.71,1025.07,3,7,2.3333
889,6353.41,939.72,NaN,NaN,NaN
890,6595.66,1267.90,NaN,NaN,NaN
891,6511.60,1324.61,2,1,0.0000
892,6423.51,1539.33,NaN,NaN,NaN
893,6343.43,1550.07,2,3,0.0000
894,6533.90,1081.80,NaN,NaN,NaN
895,6999.07,1428.31,2,3,0.0000
896,6421.24,1040.05,0,0,0.0000
897,6320.65,1149.37,NaN,NaN,NaN
898,6661.58,931.06,0,0,0.0000
899,6542.34,1181.30,NaN,NaN,NaN
900,6718.54,1045.24,0,0,0.0000
901,6284.83,1237.35,3,7,2.3333
902,6888.21,1342.22,NaN,NaN,NaN
903,6839.21,918.48,4,4,0.0000
904,6897.46,1112.05,NaN,NaN,NaN
905,6649.48,1148.54,2,4,2.0000
906,6993.85,1593.24,0,0,0.0000
907,6942.68,1389.47,0,0,0.0000
908,6693.60,1446.06,2,3,0.0000
909,6757.98,924.35,NaN,NaN,NaN
910,6970.08,1268.37,0,0,0.0000
911,6642.04,1520.99,NaN,NaN,NaN
912,6874.11,1238.94,0,0,0.0000
913,6872.86,1410.13,NaN,NaN,NaN
914,6442.78,1448.04,NaN,NaN,NaN
915,6812.18,1313.44,0,0,0.0000
916,6355.86,1611.19,0,0,0.0000
917,6700.30,1176.02,3,3,0.0000
918,6798.83,1029.66,NaN,NaN,NaN
919,6968.75,1513.14,NaN,NaN,NaN
920,6618.16,1452.09,0,0,0.0000
921,6395.46,1303.05,NaN,NaN,NaN
922,6439.67,1336.82,3,5,0.0000
923,6488.51,1476.12,NaN,NaN,NaN
924,6579.23,1548.23,2,6,3.0000
925,6884.64,1542.59,3,9,3.0000
926,6844.50,1456.06,0,0,0.0000
927,6331.28,1055.77,NaN,NaN,NaN
928,6886.37,1288.75,0,0,0.0000
929,6431.06,1218.06,0,0,0.0000
930,7039.73,1029.86,3,5,0.0000
931,6938.44,1197.33,0,0,0.0000
932,6713.42,1511.95,NaN,NaN,NaN
933,6510.90,1017.28,NaN,NaN,NaN
934,6811.75,974.66,0,0,0.0000
935,6473.66,1541.13,0,0,0.0000
936,6378.61,1212.07,NaN,NaN,NaN
937,6394.06,1142.14,0,0,0.0000
938,6363.97,1091.42,0,0,0.0000
939,7187.96,1080.60,NaN,NaN,NaN
940,7230.37,1440.75,2,2,0.0000
941,7090.44,1347.22,NaN,NaN,NaN
942,7091.54,1257.56,NaN,NaN,NaN
943,7070.52,1110.39,3,5,0.0000
944,7157.48,1487.20,NaN,NaN,NaN
945,7216.83,973.09,2,2,0.0000
946,7170.64,1205.89,0,0,0.0000
947,7201.87,1656.05,NaN,NaN,NaN
948,7182.42,1576.80,NaN,NaN,NaN
949,7088.92,1564.76,0,0,0.0000
950,7100.13,994.10,0,0,0.0000
951,7101.57,1656.35,0,0,0.0000
952,7262.85,1319.10,NaN,NaN,NaN
953,7058.13,1481.71,0,0,0.0000
954,7155.59,919.62,NaN,NaN,NaN
955,7205.04,1272.03,NaN,NaN,NaN
956,7044.11,936.52,0,0,0.0000
957,7044.39,1613.14,NaN,NaN,NaN
958,7370.11,1623.98,0,0,0.0000
959,7302.74,1198.56,NaN,NaN,NaN
960,7322.61,1074.82,NaN,NaN,NaN
961,7461.09,1648.90,0,0,0.0000
962,7379.17,1223.67,NaN,NaN,NaN
963,7301.02,1369.37,2,4,2.0000
964,7381.66,1375.66,NaN,NaN,NaN
965,7342.89,1147.18,0,0,0.0000
966,7436.21,1544.34,0,0,0.0000
967,7315.25,1586.87,NaN,NaN,NaN
968,7297.32,1283.13,0,0,0.0000
969,7343.65,1245.10,NaN,NaN,NaN
970,7344.25,1389.09,NaN,NaN,NaN
971,450.56,1998.12,3,7,2.3333
972,91.01,1838.48,0,0,0.0000
973,386.93,2418.55,3,2,0.0000
974,398.01,1679.02,NaN,NaN,NaN
975,623.46,2198.17,0,0,0.0000
976,114.56,1737.91,2,2,0.0000
977,278.95,2108.49,0,0,0.0000
978,268.97,1962.79,2,7,3.5000
979,599.16,1809.22,NaN,NaN,NaN
980,374.06,2272.60,NaN,NaN,NaN
981,551.07,1708.08,0,0,0.0000
982,522.50,2190.90,NaN,NaN,NaN
983,682.93,2426.30,NaN,NaN,NaN
984,179.76,1891.74,2,5,2.5000
985,705.33,2087.07,0,0,0.0000
986,264.67,1803.19,NaN,NaN,NaN
987,731.99,2010.52,NaN,NaN,NaN
988,508.47,1844.04,2,0,0.0000
989,688.53,2313.34,NaN,NaN,NaN
990,207.05,2312.11,NaN,NaN,NaN
991,545.15,2295.27,0,0,0.0000
992,282.55,1696.78,NaN,NaN,NaN
993,357.12,1861.18,3,6,2.0000
994,326.16,1920.87,3,4,0.0000
995,439.04,2185.02,0,0,0.0000
996,799.74,2186.64,NaN,NaN,NaN
997,864.16,2296.52,NaN,NaN,NaN
998,73.89,2021.76,NaN,NaN,NaN
999,355.19,2062.71,NaN,NaN,NaN
1000,219.68,2231.82,2,9,4.5000
1001,689.82,2188.77,0,0,0.0000
1002,733.09,2263.78,2,1,0.0000
1003,667.27,1919.49,2,3,0.0000
1004,537.69,2097.18,0,0,0.0000
1005,350.09,1811.32,NaN,NaN,NaN
1006,230.52,2173.72,0,0,0.0000
1007,297.89,2248.40,3,4,0.0000
1008,587.18,1911.44,NaN,NaN,NaN
1009,440.14,2321.53,2,10,5.0000
1010,67.16,1924.74,2,4,2.0000
1011,365.98,2178.31,0,0,0.0000
1012,492.44,2353.12,0,0,0.0000
1013,263.67,2398.70,NaN,NaN,NaN
1014,167.57,1670.88,NaN,NaN,NaN
1015,151.62,2163.50,NaN,NaN,NaN
1016,146.29,2238.30,NaN,NaN,NaN
1017,255.02,1871.78,NaN,NaN,NaN
1018,354.86,1723.86,2,4,2.0000
1019,629.66,1731.53,NaN,NaN,NaN
1020,144.70,2042.36,NaN,NaN,NaN
1021,721.34,1876.22,NaN,NaN,NaN
1022,389.09,1784.05,2,6,3.0000
1023,648.80,1855.43,0,0,0.0000
1024,214.00,2011.26,0,0,0.0000
1025,198.81,2087.25,0,0,0.0000
1026,221.48,1713.36,NaN,NaN,NaN
1027,190.17,1818.36,NaN,NaN,NaN
1028,630.25,2033.55,0,0,0.0000
1029,874.00,2372.22,NaN,NaN,NaN
1030,204.13,1749.54,NaN,NaN,NaN
1031,27.35,1984.84,0,0,0.0000
1032,744.55,2184.88,0,0,0.0000
1033,288.76,2346.41,NaN,NaN,NaN
1034,142.32,1964.41,0,0,0.0000
1035,591.17,1967.50,NaN,NaN,NaN
1036,34.23,1838.90,4,4,0.0000
1037,598.71,2368.38,0,0,0.0000
1038,149.13,2112.49,NaN,NaN,NaN
1039,590.87,2151.83,2,4,2.0000
1040,20.21,1884.79,NaN,NaN,NaN
1041,7.31,1710.56,NaN,NaN,NaN
1042,1447.44,1685.45,NaN,NaN,NaN
1043,1642.92,2043.62,NaN,NaN,NaN
1044,1479.07,1780.93,0,0,0.0000
1045,1627.76,1955.38,3,8,2.6667
1046,1557.70,1716.25,NaN,NaN,NaN
1047,1547.42,1844.05,0,0,0.0000
1048,1969.11,1809.59,0,0,0.0000
1049,2117.88,1678.31,0,0,0.0000
1050,1844.47,2219.43,0,0,0.0000
1051,1690.62,1891.27,NaN,NaN,NaN
1052,2078.09,1981.36,NaN,NaN,NaN
1053,1844.20,1827.90,NaN,NaN,NaN
1054,1983.13,2405.93,0,0,0.0000
1055,1992.49,1697.37,0,0,0.0000
1056,1821.19,1718.26,NaN,NaN,NaN
1057,2336.73,1665.64,0,0,0.0000
1058,1786.66,2073.36,NaN,NaN,NaN
1059,2348.13,2034.33,NaN,NaN,NaN
1060,2367.23,2241.23,NaN,NaN,NaN
1061,1727.52,2135.87,2,5,2.5000
1062,2072.05,1799.81,NaN,NaN,NaN
1063,1676.82,1786.69,NaN,NaN,NaN
1064,2258.82,1989.96,NaN,NaN,NaN
1065,1780.59,2320.11,0,0,0.0000
1066,2173.05,2002.86,2,4,2.0000
1067,2254.59,2079.18,0,0,0.0000
1068,1884.39,1912.70,0,0,0.0000
1069,2211.14,2058.01,NaN,NaN,NaN
1070,1752.19,1918.50,NaN,NaN,NaN
1071,2426.96,2068.71,0,0,0.0000
1072,1927.98,1871.32,NaN,NaN,NaN
1073,2320.85,1732.65,NaN,NaN,NaN
1074,2136.62,1845.70,NaN,NaN,NaN
1075,2379.77,1983.09,0,0,0.0000
1076,1742.92,2276.94,NaN,NaN,NaN
1077,2146.40,1898.29,NaN,NaN,NaN
1078,1706.33,2268.35,NaN,NaN,NaN
1079,2302.16,2020.93,NaN,NaN,NaN
1080,2180.79,1666.22,0,0,0.0000
1081,2423.74,2011.20,0,0,0.0000
1082,1947.77,1714.24,0,0,0.0000
1083,2056.97,1864.72,NaN,NaN,NaN
1084,2211.25,1758.42,NaN,NaN,NaN
1085,2035.27,1717.36,0,0,0.0000
1086,2371.04,2116.10,0,0,0.0000
1087,1867.75,1771.13,3,4,0.0000
1088,2329.08,1980.85,0,0,0.0000
1089,2379.53,2425.37,2,8,4.0000
1090,1722.09,2225.67,NaN,NaN,NaN
1091,1739.92,1986.18,0,0,0.0000
1092,2156.58,1759.17,0,0,0.0000
1093,2596.61,2009.91,0,0,0.0000
1094,2535.40,2315.16,2,5,2.5000
1095,2638.04,2122.37,0,0,0.0000
1096,2469.68,2244.37,0,0,0.0000
1097,2623.51,2380.51,0,0,0.0000
1098,2595.09,2237.68,NaN,NaN,NaN
1099,2432.89,2154.38,2,1,0.0000
1100,2566.46,2162.32,NaN,NaN,NaN
1101,2737.27,2128.43,2,2,0.0000
1102,2748.98,1871.14,0,0,0.0000
1103,2476.76,2392.92,NaN,NaN,NaN
1104,2750.85,2353.28,NaN,NaN,NaN
1105,2447.15,2324.32,2,3,0.0000
1106,2669.37,1938.71,0,0,0.0000
1107,2892.33,1940.68,NaN,NaN,NaN
1108,2720.07,2419.88,NaN,NaN,NaN
1109,2861.25,1889.10,0,0,0.0000
1110,2781.14,2009.87,0,0,0.0000
1111,2729.62,2227.08,0,0,0.0000
1112,2757.55,2176.45,2,2,0.0000
1113,3856.97,2090.66,0,0,0.0000
1114,3809.78,1763.90,NaN,NaN,NaN
1115,3840.83,2255.69,NaN,NaN,NaN
1116,3930.34,1939.21,0,0,0.0000
1117,3740.44,1931.53,0,0,0.0000
1118,3644.28,1730.93,2,4,2.0000
1119,3910.53,2326.94,2,7,3.5000
1120,3713.67,1763.53,NaN,NaN,NaN
1121,3768.68,1831.14,0,0,0.0000
1122,3747.68,1690.65,NaN,NaN,NaN
1123,3963.56,2310.35,NaN,NaN,NaN
1124,3941.40,2017.32,0,0,0.0000
1125,3900.83,2202.17,NaN,NaN,NaN
1126,3941.26,1834.94,0,0,0.0000
1127,3880.68,1842.81,NaN,NaN,NaN
1128,3963.96,1792.36,NaN,NaN,NaN
1129,3901.47,1761.72,0,0,0.0000
1130,3856.58,1878.21,0,0,0.0000
1131,3917.65,2247.74,NaN,NaN,NaN
1132,3949.63,2088.44,0,0,0.0000
1133,3897.42,1897.30,0,0,0.0000
1134,3843.12,1831.22,3,9,3.0000
1135,3992.55,1664.79,NaN,NaN,NaN
1136,4610.92,1942.46,3,6,2.0000
1137,4430.79,2089.01,NaN,NaN,NaN
1138,4722.03,2227.41,NaN,NaN,NaN
1139,4416.82,2253.23,NaN,NaN,NaN
1140,4398.17,1889.42,NaN,NaN,NaN
1141,4665.66,1766.69,NaN,NaN,NaN
1142,4537.96,2055.45,2,4,2.0000
1143,4241.59,1981.15,NaN,NaN,NaN
1144,4359.15,2422.10,0,0,0.0000
1145,4130.92,1766.35,NaN,NaN,NaN
1146,4399.02,1683.36,NaN,NaN,NaN
1147,4597.36,2258.57,0,0,0.0000
1148,4488.86,1850.95,NaN,NaN,NaN
1149,4492.66,1941.37,2,1,0.0000
1150,4610.36,2117.23,2,2,0.0000
1151,4122.47,2043.76,NaN,NaN,NaN
1152,3977.92,2191.51,NaN,NaN,NaN
1153,4476.25,2226.21,NaN,NaN,NaN
1154,4318.44,1696.84,NaN,NaN,NaN
1155,4073.81,1936.00,2,4,2.0000
1156,4532.39,2367.55,0,0,0.0000
1157,4349.86,2291.74,2,2,0.0000
1158,4539.74,2151.10,0,0,0.0000
1159,4150.12,2141.82,NaN,NaN,NaN
1160,4079.61,2246.23,NaN,NaN,NaN
1161,4082.04,2332.98,3,4,0.0000
1162,4457.47,2352.22,NaN,NaN,NaN
1163,4245.40,1786.28,NaN,NaN,NaN
1164,4327.97,1778.61,NaN,NaN,NaN
1165,4327.56,1930.29,NaN,NaN,NaN
1166,4221.04,2057.11,NaN,NaN,NaN
1167,4049.52,1765.31,NaN,NaN,NaN
1168,4236.28,2384.10,NaN,NaN,NaN
1169,4688.85,1857.17,3,4,0.0000
1170,4249.99,2138.69,2,2,0.0000
1171,4067.49,2143.49,NaN,NaN,NaN
1172,4701.58,2372.67,0,0,0.0000
1173,4084.24,2418.56,NaN,NaN,NaN
1174,4354.06,2129.47,NaN,NaN,NaN
1175,4021.28,2371.70,2,5,2.5000
1176,4180.08,1820.30,0,0,0.0000
1177,4487.16,1672.45,0,0,0.0000
1178,3999.79,1903.29,0,0,0.0000
1179,4185.90,1925.80,NaN,NaN,NaN
1180,4108.13,1668.59,NaN,NaN,NaN
1181,4013.66,2008.92,0,0,0.0000
1182,4532.07,1719.91,NaN,NaN,NaN
1183,4142.90,2410.05,2,4,2.0000
1184,4209.74,2183.26,0,0,0.0000
1185,4156.17,2292.99,NaN,NaN,NaN
1186,4462.01,2021.91,3,8,2.6667
1187,3989.86,2268.71,2,2,0.0000
1188,4249.94,2294.48,0,0,0.0000
1189,4575.38,1810.33,NaN,NaN,NaN
1190,4142.83,1871.27,NaN,NaN,NaN
1191,4111.89,1877.29,2,7,3.5000
1192,4365.44,2202.61,0,0,0.0000
1193,4323.95,2017.06,NaN,NaN,NaN
1194,4025.55,1822.47,NaN,NaN,NaN
1195,4197.71,2308.57,NaN,NaN,NaN
1196,3977.07,2120.60,NaN,NaN,NaN
1197,4665.33,2157.21,NaN,NaN,NaN
1198,4398.34,1983.58,NaN,NaN,NaN
1199,4269.97,2335.98,NaN,NaN,NaN
1200,4455.83,1750.18,NaN,NaN,NaN
1201,4284.18,1861.43,0,0,0.0000
1202,4595.56,1742.63,3,5,0.0000
1203,4522.89,1981.92,NaN,NaN,NaN
1204,4329.46,2342.80,NaN,NaN,NaN
1205,4278.09,2217.83,0,0,0.0000
1206,4028.77,2205.76,0,0,0.0000
1207,4670.35,2298.31,0,0,0.0000
1208,4219.55,2229.10,0,0,0.0000
1209,4285.31,2262.57,0,0,0.0000
1210,4626.62,1849.00,0,0,0.0000
1211,4013.18,2118.41,NaN,NaN,NaN
1212,4064.00,2019.63,0,0,0.0000
1213,4256.81,1874.86,NaN,NaN,NaN
1214,4704.63,1981.45,4,8,2.0000
1215,4055.79,2096.81,0,0,0.0000
1216,5409.96,1869.03,NaN,NaN,NaN
1217,5013.52,2275.91,3,7,2.3333
1218,5494.73,1776.11,2,2,0.0000
1219,5022.81,2080.21,NaN,NaN,NaN
1220,4746.65,1913.08,NaN,NaN,NaN
1221,4858.90,2384.14,NaN,NaN,NaN
1222,4966.43,2071.73,2,3,0.0000
1223,4769.24,2313.40,NaN,NaN,NaN
1224,5075.21,2145.78,NaN,NaN,NaN
1225,4752.95,1778.18,0,0,0.0000
1226,4774.56,1726.08,0,0,0.0000
1227,5019.57,2331.09,NaN,NaN,NaN
1228,4817.86,1702.25,0,0,0.0000
1229,4754.98,2046.70,NaN,NaN,NaN
1230,4923.78,2192.00,0,0,0.0000
1231,4984.38,2175.44,NaN,NaN,NaN
1232,5450.78,1717.75,NaN,NaN,NaN
1233,5404.78,1683.96,0,0,0.0000
1234,4908.98,2424.88,NaN,NaN,NaN
1235,4929.33,2292.76,NaN,NaN,NaN
1236,4868.35,1852.45,NaN,NaN,NaN
1237,4842.20,2312.51,0,0,0.0000
1238,4866.58,2254.00,0,0,0.0000
1239,4821.57,1964.85,NaN,NaN,NaN
1240,4941.42,2382.36,NaN,NaN,NaN
1241,4801.77,2358.40,NaN,NaN,NaN
1242,4902.72,2339.37,NaN,NaN,NaN
1243,4791.43,2152.37,0,0,0.0000
1244,5886.40,1838.02,NaN,NaN,NaN
1245,6024.04,1851.60,0,0,0.0000
1246,5507.42,1758.11,2,2,0.0000
1247,5851.27,2378.79,NaN,NaN,NaN
1248,6100.20,2320.93,NaN,NaN,NaN
1249,6154.81,1727.32,NaN,NaN,NaN
1250,5957.47,1784.48,NaN,NaN,NaN
1251,6201.95,2316.36,2,1,0.0000
1252,5513.55,1982.76,0,0,0.0000
1253,5816.17,2192.30,NaN,NaN,NaN
1254,6094.54,2223.82,0,0,0.0000
1255,6133.83,1889.74,0,0,0.0000
1256,5969.13,2311.31,2,3,0.0000
1257,5724.15,1977.56,2,4,2.0000
1258,6118.03,2154.05,NaN,NaN,NaN
1259,5511.76,1877.27,NaN,NaN,NaN
1260,5631.81,2054.26,NaN,NaN,NaN
1261,5581.41,2238.63,NaN,NaN,NaN
1262,5937.88,2062.32,NaN,NaN,NaN
1263,6040.35,1984.98,NaN,NaN,NaN
1264,6010.22,1668.21,0,0,0.0000
1265,5806.82,2026.84,0,0,0.0000
1266,6084.69,1882.44,3,3,0.0000
1267,5888.48,2253.33,0,0,0.0000
1268,5770.02,2429.25,0,0,0.0000
1269,5682.42,2232.46,NaN,NaN,NaN
1270,5654.91,2145.00,0,0,0.0000
1271,5842.42,1932.67,2,3,0.0000
1272,5712.40,2176.38,0,0,0.0000
1273,5945.53,2222.02,NaN,NaN,NaN
1274,5864.67,2074.15,NaN,NaN,NaN
1275,5615.83,1778.98,0,0,0.0000
1276,6062.14,2090.62,NaN,NaN,NaN
1277,6077.95,2025.55,2,2,0.0000
1278,5765.43,2272.45,NaN,NaN,NaN
1279,5943.70,2378.84,NaN,NaN,NaN
1280,5580.16,1974.06,0,0,0.0000
1281,6145.14,2073.98,0,0,0.0000
1282,5838.75,1689.52,NaN,NaN,NaN
1283,5685.57,2344.90,2,3,0.0000
1284,5963.74,2189.82,0,0,0.0000
1285,6210.81,1839.90,0,0,0.0000
1286,5588.34,1831.36,0,0,0.0000
1287,5665.07,1823.12,NaN,NaN,NaN
1288,5757.82,1863.23,0,0,0.0000
1289,5737.55,2115.45,0,0,0.0000
1290,5749.43,1740.82,NaN,NaN,NaN
1291,6214.87,2208.56,NaN,NaN,NaN
1292,5574.79,1901.71,0,0,0.0000
1293,5827.57,2116.77,NaN,NaN,NaN
1294,5650.49,1951.13,0,0,0.0000
1295,6204.14,1782.26,3,3,0.0000
1296,6088.87,2382.82,0,0,0.0000
1297,5592.34,2155.68,0,0,0.0000
1298,5642.32,2303.15,NaN,NaN,NaN
1299,5743.59,2335.15,0,0,0.0000
1300,5876.45,2163.32,0,0,0.0000
1301,6122.04,2015.72,0,0,0.0000
1302,5996.98,2047.44,0,0,0.0000
1303,5981.00,2136.88,NaN,NaN,NaN
1304,5750.79,1670.77,NaN,NaN,NaN
1305,6153.67,1960.56,0,0,0.0000
1306,5965.67,1977.10,0,0,0.0000
1307,5527.68,2237.89,NaN,NaN,NaN
1308,5764.27,1949.29,0,0,0.0000
1309,6164.57,2409.66,NaN,NaN,NaN
1310,5927.80,2133.75,0,0,0.0000
1311,5786.36,1678.50,2,3,0.0000
1312,5869.98,2011.91,NaN,NaN,NaN
1313,6520.40,2383.52,NaN,NaN,NaN
1314,6710.80,2312.53,NaN,NaN,NaN
1315,7022.91,1761.15,NaN,NaN,NaN
1316,6356.74,2282.56,2,2,0.0000
1317,6969.41,2342.63,NaN,NaN,NaN
1318,6614.59,2273.33,3,6,2.0000
1319,6839.10,2252.45,NaN,NaN,NaN
1320,6365.58,2365.65,NaN,NaN,NaN
1321,6990.75,2260.83,2,4,2.0000
1322,6915.24,2157.95,NaN,NaN,NaN
1323,6911.28,2261.13,NaN,NaN,NaN
1324,6674.25,2199.62,2,3,0.0000
1325,6606.15,2392.62,NaN,NaN,NaN
1326,7007.90,2115.45,0,0,0.0000
1327,6874.84,2323.58,0,0,0.0000
1328,6986.94,2419.49,NaN,NaN,NaN
1329,6753.25,2370.27,NaN,NaN,NaN
1330,6767.18,2186.29,0,0,0.0000
1331,6840.89,2130.36,NaN,NaN,NaN
1332,6922.01,2070.41,NaN,NaN,NaN
1333,6788.30,2295.58,0,0,0.0000
1334,6877.42,2430.81,0,0,0.0000
1335,7030.50,1914.32,NaN,NaN,NaN
1336,6884.19,2375.17,0,0,0.0000
1337,6280.87,2404.32,0,0,0.0000
1338,6816.32,2180.95,NaN,NaN,NaN
1339,6722.94,2222.76,NaN,NaN,NaN
1340,6698.93,2404.49,NaN,NaN,NaN
1341,6765.77,2253.10,0,0,0.0000
1342,6816.81,2377.14,0,0,0.0000
1343,6989.82,1827.33,NaN,NaN,NaN
1344,6641.63,2428.33,0,0,0.0000
1345,6287.20,2316.91,NaN,NaN,NaN
1346,6924.07,2211.29,2,5,2.5000
1347,7083.72,2033.06,0,0,0.0000
1348,7235.37,2292.06,NaN,NaN,NaN
1349,7092.49,1919.03,NaN,NaN,NaN
1350,7207.63,1857.93,2,3,0.0000
1351,7070.75,2237.30,NaN,NaN,NaN
1352,7288.27,1719.76,2,3,0.0000
1353,7239.52,1981.88,3,3,0.0000
1354,7151.26,2251.82,0,0,0.0000
1355,7286.27,2365.81,2,4,2.0000
1356,7077.77,1820.60,NaN,NaN,NaN
1357,7154.48,2094.17,0,0,0.0000
1358,7238.90,2082.70,NaN,NaN,NaN
1359,7241.56,2164.88,NaN,NaN,NaN
1360,7167.05,1978.20,0,0,0.0000
1361,7191.15,2043.69,NaN,NaN,NaN
1362,7054.67,2390.53,NaN,NaN,NaN
1363,7287.57,2111.86,NaN,NaN,NaN
1364,7153.15,2320.95,NaN,NaN,NaN
1365,7226.00,1744.36,0,0,0.0000
1366,7212.22,2394.43,0,0,0.0000
1367,7072.76,2308.39,NaN,NaN,NaN
1368,7204.19,1772.00,0,0,0.0000
1369,7151.36,1781.24,NaN,NaN,NaN
1370,7132.95,2173.25,2,4,2.0000
1371,7067.84,2117.98,NaN,NaN,NaN
1372,7098.46,2334.22,NaN,NaN,NaN
1373,7097.86,2378.77,NaN,NaN,NaN
1374,7137.13,2368.55,NaN,NaN,NaN
1375,7048.00,1691.26,0,0,0.0000
1376,7201.00,2214.16,0,0,0.0000
1377,7645.80,2091.26,0,0,0.0000
1378,7360.41,2080.78,0,0,0.0000
1379,7559.00,1761.47,2,1,0.0000
1380,7589.75,1878.17,NaN,NaN,NaN
1381,7426.37,1869.17,0,0,0.0000
1382,7325.65,2255.76,3,4,0.0000
1383,7309.03,1841.08,0,0,0.0000
1384,7436.60,1997.11,0,0,0.0000
1385,7318.44,2175.23,3,4,0.0000
1386,7485.70,1777.52,NaN,NaN,NaN
1387,7364.85,1985.33,NaN,NaN,NaN
1388,7640.26,2356.89,NaN,NaN,NaN
1389,7606.25,2313.46,3,3,0.0000
1390,7437.89,2331.96,NaN,NaN,NaN
1391,7466.29,2382.88,2,3,0.0000
1392,7682.32,2292.75,0,0,0.0000
1393,7413.58,2276.23,NaN,NaN,NaN
1394,7504.10,1953.07,0,0,0.0000
1395,7452.93,2242.49,NaN,NaN,NaN
1396,7392.94,1814.75,0,0,0.0000
1397,7345.25,1903.91,NaN,NaN,NaN
1398,7440.54,1717.53,NaN,NaN,NaN
1399,7638.51,2235.12,NaN,NaN,NaN
1400,7339.55,2323.22,0,0,0.0000
1401,7523.41,2402.47,0,0,0.0000
1402,7624.37,1984.71,0,0,0.0000
1403,7516.20,1886.78,NaN,NaN,NaN
1404,7392.35,2403.78,NaN,NaN,NaN
1405,7546.84,2032.13,0,0,0.0000
1406,7420.62,1673.77,0,0,0.0000
1407,7316.25,2398.85,NaN,NaN,NaN
1408,7363.27,2379.91,NaN,NaN,NaN
1409,7340.88,2423.26,NaN,NaN,NaN
1410,7537.03,2073.57,0,0,0.0000
1411,7599.01,1954.12,2,4,2.0000
1412,7561.10,1977.74,0,0,0.0000
1413,483.18,2618.25,0,0,0.0000
1414,681.72,2626.49,NaN,NaN,NaN
1415,585.94,2624.48,0,0,0.0000
1416,743.20,3185.55,NaN,NaN,NaN
1417,559.29,2450.26,NaN,NaN,NaN
1418,365.16,2708.69,0,0,0.0000
1419,780.82,2465.34,3,3,0.0000
1420,790.92,2739.96,4,5,0.0000
1421,850.67,2643.59,2,3,0.0000
1422,472.84,2809.86,3,6,2.0000
1423,607.32,2827.68,NaN,NaN,NaN
1424,355.41,2558.12,NaN,NaN,NaN
1425,728.10,2938.19,NaN,NaN,NaN
1426,841.56,2953.29,2,4,2.0000
1427,775.24,3146.57,NaN,NaN,NaN
1428,645.15,3011.17,NaN,NaN,NaN
1429,877.63,2801.18,0,0,0.0000
1430,519.11,2940.22,NaN,NaN,NaN
1431,683.40,2818.28,NaN,NaN,NaN
1432,509.65,2759.05,0,0,0.0000
1433,875.68,2543.98,NaN,NaN,NaN
1434,596.75,2732.70,NaN,NaN,NaN
1435,258.76,2480.31,NaN,NaN,NaN
1436,845.02,3193.52,NaN,NaN,NaN
1437,822.37,3089.66,NaN,NaN,NaN
1438,483.05,2900.34,0,0,0.0000
1439,403.04,2536.08,4,6,0.0000
1440,494.12,2504.55,0,0,0.0000
1441,803.05,2658.38,4,8,2.0000
1442,859.51,3045.61,NaN,NaN,NaN
1443,670.72,2940.33,0,0,0.0000
1444,295.60,2627.52,NaN,NaN,NaN
1445,627.03,2457.00,NaN,NaN,NaN
1446,752.56,3047.18,NaN,NaN,NaN
1447,559.18,3027.30,NaN,NaN,NaN
1448,588.78,2946.98,2,3,0.0000
1449,674.90,2498.37,NaN,NaN,NaN
1450,302.60,2445.17,NaN,NaN,NaN
1451,572.29,2880.59,NaN,NaN,NaN
1452,724.24,2556.95,2,3,0.0000
1453,888.99,3019.36,0,0,0.0000
1454,513.63,2467.06,0,0,0.0000
1455,834.08,2548.21,0,0,0.0000
1456,879.24,3146.80,0,0,0.0000
1457,888.39,2858.31,NaN,NaN,NaN
1458,422.04,2685.04,2,5,2.5000
1459,706.56,2726.34,NaN,NaN,NaN
1460,923.29,2953.06,NaN,NaN,NaN
1461,1078.49,3022.24,NaN,NaN,NaN
1462,1049.68,2768.93,NaN,NaN,NaN
1463,1186.93,2457.84,NaN,NaN,NaN
1464,955.91,2618.70,NaN,NaN,NaN
1465,1108.37,2957.66,2,2,0.0000
1466,931.83,3070.42,3,6,2.0000
1467,1017.22,2837.83,NaN,NaN,NaN
1468,1071.19,2864.06,NaN,NaN,NaN
1469,973.68,2785.40,NaN,NaN,NaN
1470,946.81,2452.53,NaN,NaN,NaN
1471,1132.15,2890.73,0,0,0.0000
1472,918.00,2676.00,3,3,0.0000
1473,1008.27,2934.68,0,0,0.0000
1474,1157.54,2523.22,NaN,NaN,NaN
1475,1277.01,2629.48,2,1,0.0000
1476,1064.17,3136.13,0,0,0.0000
1477,1001.67,3105.52,NaN,NaN,NaN
1478,1022.93,3052.51,NaN,NaN,NaN
1479,956.77,2863.20,0,0,0.0000
1480,1110.98,3127.35,NaN,NaN,NaN
1481,1153.93,3108.31,NaN,NaN,NaN
1482,1249.20,2667.20,0,0,0.0000
1483,1174.16,3072.53,NaN,NaN,NaN
1484,916.27,2767.12,NaN,NaN,NaN
1485,1015.33,2699.90,NaN,NaN,NaN
1486,1176.87,3014.02,0,0,0.0000
1487,955.10,3132.80,0,0,0.0000
1488,987.22,2711.91,0,0,0.0000
1489,1198.17,3073.69,0,0,0.0000
1490,1148.65,3165.38,NaN,NaN,NaN
1491,1872.35,2670.81,0,0,0.0000
1492,2052.60,2436.32,NaN,NaN,NaN
1493,1976.22,2588.97,0,0,0.0000
1494,1891.03,2588.56,2,4,2.0000
1495,2002.35,2677.03,0,0,0.0000
1496,1943.11,2761.50,NaN,NaN,NaN
1497,1812.04,2539.19,NaN,NaN,NaN
1498,1929.14,2708.14,0,0,0.0000
1499,1865.58,2542.96,2,3,0.0000
1500,1927.51,2638.73,NaN,NaN,NaN
1501,1980.97,2471.86,NaN,NaN,NaN
1502,1776.35,2443.69,NaN,NaN,NaN
1503,1909.77,2517.97,0,0,0.0000
1504,1965.87,2806.77,NaN,NaN,NaN
1505,1826.11,2485.97,NaN,NaN,NaN
1506,1944.80,2470.97,NaN,NaN,NaN
1507,2539.09,3009.23,3,6,2.0000
1508,2492.69,3098.69,NaN,NaN,NaN
1509,2558.26,2752.55,0,0,0.0000
1510,3091.98,2971.51,2,4,2.0000
1511,2460.41,2581.75,NaN,NaN,NaN
1512,2453.13,3024.00,0,0,0.0000
1513,2988.63,3167.61,0,0,0.0000
1514,2473.55,2710.33,0,0,0.0000
1515,2531.01,2803.98,NaN,NaN,NaN
1516,3041.93,2786.63,0,0,0.0000
1517,2465.25,2976.02,2,2,0.0000
1518,2447.49,2653.65,0,0,0.0000
1519,2503.65,2884.85,0,0,0.0000
1520,3096.61,2922.81,2,3,0.0000
1521,2578.84,2846.17,NaN,NaN,NaN
1522,3353.82,3181.04,2,2,0.0000
1523,3842.38,3113.71,NaN,NaN,NaN
1524,3923.10,3195.41,NaN,NaN,NaN
1525,3402.79,3146.25,NaN,NaN,NaN
1526,4586.19,2992.47,2,8,4.0000
1527,4255.84,2752.79,2,4,2.0000
1528,4219.03,2471.59,NaN,NaN,NaN
1529,4150.04,2548.05,0,0,0.0000
1530,4350.68,2927.42,NaN,NaN,NaN
1531,4538.73,2653.63,2,5,2.5000
1532,4308.26,2875.96,NaN,NaN,NaN
1533,4393.89,2731.76,0,0,0.0000
1534,4046.34,2483.06,2,4,2.0000
1535,4701.81,2903.53,0,0,0.0000
1536,4522.39,2913.19,NaN,NaN,NaN
1537,4599.04,2452.71,0,0,0.0000
1538,4471.19,3116.52,0,0,0.0000
1539,4148.48,3142.56,NaN,NaN,NaN
1540,4347.21,3032.20,0,0,0.0000
1541,4247.23,3124.11,NaN,NaN,NaN
1542,4403.85,2975.57,NaN,NaN,NaN
1543,4456.55,2432.27,NaN,NaN,NaN
1544,4160.87,3063.76,NaN,NaN,NaN
1545,4312.57,2492.18,0,0,0.0000
1546,4248.96,2661.93,NaN,NaN,NaN
1547,4571.58,2811.36,3,2,0.0000
1548,4205.88,2594.03,0,0,0.0000
1549,4216.45,2816.02,NaN,NaN,NaN
1550,4486.02,2823.02,0,0,0.0000
1551,4519.52,3065.85,2,2,0.0000
1552,4328.32,2648.77,0,0,0.0000
1553,4510.99,2740.24,2,2,0.0000
1554,4254.27,2968.43,NaN,NaN,NaN
1555,4629.69,2667.72,0,0,0.0000
1556,4092.42,2627.37,0,0,0.0000
1557,4222.95,3032.49,NaN,NaN,NaN
1558,4342.28,2806.75,NaN,NaN,NaN
1559,4092.22,3178.34,0,0,0.0000
1560,4539.65,2569.88,0,0,0.0000
1561,4615.07,2844.29,0,0,0.0000
1562,4357.43,3085.48,0,0,0.0000
1563,4157.84,2671.94,0,0,0.0000
1564,4082.84,3089.86,0,0,0.0000
1565,4357.36,3159.66,NaN,NaN,NaN
1566,4536.11,2442.60,0,0,0.0000
1567,4221.30,2899.62,NaN,NaN,NaN
1568,4641.56,3140.77,0,0,0.0000
1569,4580.68,3121.30,NaN,NaN,NaN
1570,4602.43,3065.96,2,4,2.0000
1571,4044.36,2560.98,NaN,NaN,NaN
1572,4468.04,2677.02,0,0,0.0000
1573,4104.53,2854.39,NaN,NaN,NaN
1574,4672.72,3092.41,NaN,NaN,NaN
1575,4402.78,2507.78,0,0,0.0000
1576,4451.49,3059.45,0,0,0.0000
1577,4611.98,2744.03,NaN,NaN,NaN
1578,4404.93,2571.46,0,0,0.0000
1579,4444.33,2884.07,0,0,0.0000
1580,4166.09,2843.74,0,0,0.0000
1581,4462.52,2532.26,3,5,0.0000
1582,4427.77,3175.75,NaN,NaN,NaN
1583,4158.47,2926.45,NaN,NaN,NaN
1584,4675.54,2442.31,NaN,NaN,NaN
1585,4639.81,2521.71,NaN,NaN,NaN
1586,4703.31,2973.61,4,5,0.0000
1587,4681.18,2545.59,NaN,NaN,NaN
1588,4306.00,2575.52,0,0,0.0000
1589,4344.28,2706.84,0,0,0.0000
1590,4430.17,2647.21,0,0,0.0000
1591,4083.11,2568.81,0,0,0.0000
1592,4456.43,2932.33,NaN,NaN,NaN
1593,4442.36,2729.42,0,0,0.0000
1594,4703.02,3045.58,0,0,0.0000
1595,4612.51,2566.27,0,0,0.0000
1596,4511.75,3190.09,NaN,NaN,NaN
1597,4461.92,3009.96,NaN,NaN,NaN
1598,4699.42,3150.43,NaN,NaN,NaN
1599,4847.63,3056.49,3,7,2.3333
1600,5472.77,2939.08,NaN,NaN,NaN
1601,5288.18,3094.19,NaN,NaN,NaN
1602,4870.95,2934.10,NaN,NaN,NaN
1603,4841.71,2761.02,NaN,NaN,NaN
1604,4976.15,2901.40,NaN,NaN,NaN
1605,4762.82,3174.59,0,0,0.0000
1606,5056.98,3030.32,NaN,NaN,NaN
1607,5417.97,2636.44,0,0,0.0000
1608,5098.08,2946.82,NaN,NaN,NaN
1609,5168.86,2953.26,4,8,2.0000
1610,4874.73,3175.23,NaN,NaN,NaN
1611,5434.56,3077.98,2,4,2.0000
1612,5035.25,2800.37,NaN,NaN,NaN
1613,4918.90,2987.63,NaN,NaN,NaN
1614,4895.88,2690.43,NaN,NaN,NaN
1615,5160.73,3089.97,0,0,0.0000
1616,4901.33,2836.60,NaN,NaN,NaN
1617,4755.78,3007.52,3,7,2.3333
1618,4952.43,2802.16,NaN,NaN,NaN
1619,4934.60,3199.33,NaN,NaN,NaN
1620,5257.87,3195.56,NaN,NaN,NaN
1621,5207.93,3012.81,NaN,NaN,NaN
1622,5485.17,2437.91,NaN,NaN,NaN
1623,4756.71,3070.25,NaN,NaN,NaN
1624,4980.82,3083.34,2,3,0.0000
1625,5382.85,3139.83,NaN,NaN,NaN
1626,5168.62,3153.55,NaN,NaN,NaN
1627,5410.67,2918.01,NaN,NaN,NaN
1628,4946.45,2542.97,2,2,0.0000
1629,4966.09,2623.24,NaN,NaN,NaN
1630,4779.24,2724.80,0,0,0.0000
1631,5457.93,2724.02,NaN,NaN,NaN
1632,4850.56,2847.94,NaN,NaN,NaN
1633,5424.07,2491.33,3,5,0.0000
1634,4914.15,2612.40,3,4,0.0000
1635,4807.24,2931.22,0,0,0.0000
1636,4742.50,3116.71,NaN,NaN,NaN
1637,4940.56,2485.11,NaN,NaN,NaN
1638,4791.56,2860.01,NaN,NaN,NaN
1639,5105.86,3181.69,NaN,NaN,NaN
1640,4754.71,2792.12,NaN,NaN,NaN
1641,4929.07,3050.04,NaN,NaN,NaN
1642,4755.46,2853.25,0,0,0.0000
1643,5365.74,2556.26,NaN,NaN,NaN
1644,5280.70,3015.99,NaN,NaN,NaN
1645,5023.17,2911.07,0,0,0.0000
1646,5412.52,2764.47,0,0,0.0000
1647,4930.12,3136.41,0,0,0.0000
1648,4995.35,2534.57,NaN,NaN,NaN
1649,5361.31,2631.22,0,0,0.0000
1650,5076.08,3089.74,0,0,0.0000
1651,4930.00,2870.64,0,0,0.0000
1652,4848.96,3137.61,NaN,NaN,NaN
1653,5044.60,3113.82,0,0,0.0000
1654,5414.49,2545.74,0,0,0.0000
1655,5634.15,3043.25,0,0,0.0000
1656,6033.25,2672.63,0,0,0.0000
1657,5630.09,2876.68,NaN,NaN,NaN
1658,5939.41,2512.18,NaN,NaN,NaN
1659,6056.72,2571.29,NaN,NaN,NaN
1660,6252.79,2765.61,2,5,2.5000
1661,5565.60,2541.81,NaN,NaN,NaN
1662,5679.09,2544.44,2,4,2.0000
1663,5919.24,2773.92,NaN,NaN,NaN
1664,6202.95,2628.92,3,5,0.0000
1665,6058.48,2433.95,NaN,NaN,NaN
1666,5689.12,2668.62,NaN,NaN,NaN
1667,5812.50,2944.28,2,1,0.0000
1668,5754.97,2966.88,NaN,NaN,NaN
1669,5712.15,2811.58,2,2,0.0000
1670,5551.35,2744.19,0,0,0.0000
1671,6139.98,2534.36,2,2,0.0000
1672,6058.98,2500.97,NaN,NaN,NaN
1673,5509.67,2505.06,NaN,NaN,NaN
1674,5730.91,2508.89,NaN,NaN,NaN
1675,6128.20,2961.07,NaN,NaN,NaN
1676,6226.74,2867.85,2,2,0.0000
1677,6123.91,2838.09,NaN,NaN,NaN
1678,6177.60,2855.18,NaN,NaN,NaN
1679,6224.06,2971.32,0,0,0.0000
1680,5811.02,2577.90,0,0,0.0000
1681,5884.09,2857.59,NaN,NaN,NaN
1682,5841.85,2842.44,NaN,NaN,NaN
1683,5785.61,3049.46,NaN,NaN,NaN
1684,5602.91,2456.55,2,4,2.0000
1685,5877.97,2716.40,NaN,NaN,NaN
1686,5539.90,2639.43,0,0,0.0000
1687,6105.06,2903.49,NaN,NaN,NaN
1688,5708.05,2913.87,0,0,0.0000
1689,6129.81,2661.95,0,0,0.0000
1690,5543.26,2903.97,NaN,NaN,NaN
1691,5822.21,2690.14,NaN,NaN,NaN
1692,5704.35,2740.16,0,0,0.0000
1693,5549.80,2818.98,0,0,0.0000
1694,6028.67,3001.22,2,5,2.5000
1695,6003.90,2784.72,NaN,NaN,NaN
1696,5899.08,2602.00,NaN,NaN,NaN
1697,5932.46,2857.19,0,0,0.0000
1698,5823.05,2475.20,NaN,NaN,NaN
1699,5918.18,2973.19,NaN,NaN,NaN
1700,6159.97,2993.31,NaN,NaN,NaN
1701,5546.08,3086.80,0,0,0.0000
1702,5872.30,2484.23,NaN,NaN,NaN
1703,6219.49,2499.47,0,0,0.0000
1704,5784.18,2736.96,NaN,NaN,NaN
1705,5764.26,2805.29,0,0,0.0000
1706,6254.45,2669.87,0,0,0.0000
1707,5797.98,2782.46,0,0,0.0000
1708,5731.93,3028.13,NaN,NaN,NaN
1709,5610.45,2622.01,0,0,0.0000
1710,6228.04,2449.58,0,0,0.0000
1711,6034.44,2797.43,2,5,2.5000
1712,5634.03,2741.07,0,0,0.0000
1713,5858.74,2647.58,0,0,0.0000
1714,5704.08,3122.54,NaN,NaN,NaN
1715,5517.27,2694.92,0,0,0.0000
1716,5751.50,2857.54,2,7,3.5000
1717,6072.22,2950.34,NaN,NaN,NaN
1718,6186.49,2435.99,NaN,NaN,NaN
1719,5744.54,2684.74,0,0,0.0000
1720,5705.02,2444.35,0,0,0.0000
1721,5630.55,2699.06,0,0,0.0000
1722,5676.95,2767.46,NaN,NaN,NaN
1723,5977.95,2839.05,0,0,0.0000
1724,6575.38,2568.06,NaN,NaN,NaN
1725,6285.21,2588.03,0,0,0.0000
1726,6892.77,3133.75,0,0,0.0000
1727,6367.91,2680.49,2,6,3.0000
1728,6636.90,2665.23,2,7,3.5000
1729,6368.30,2537.83,NaN,NaN,NaN
1730,6414.25,2454.22,2,2,0.0000
1731,6939.91,2769.36,NaN,NaN,NaN
1732,7023.52,2815.79,NaN,NaN,NaN
1733,6658.11,2477.80,NaN,NaN,NaN
1734,6973.52,2472.15,NaN,NaN,NaN
1735,6877.47,2984.17,NaN,NaN,NaN
1736,6690.87,2736.70,NaN,NaN,NaN
1737,6696.73,2970.33,NaN,NaN,NaN
1738,6951.43,2607.53,0,0,0.0000
1739,6524.45,2711.91,NaN,NaN,NaN
1740,6274.49,2913.01,NaN,NaN,NaN
1741,7019.14,2560.46,3,5,0.0000
1742,6784.26,3010.48,6,11,0.0000
1743,6960.87,2987.13,NaN,NaN,NaN
1744,6372.94,2916.79,0,0,0.0000
1745,6742.84,2515.25,NaN,NaN,NaN
1746,6315.04,2824.84,NaN,NaN,NaN
1747,7020.15,2998.34,NaN,NaN,NaN
1748,6290.96,2985.54,NaN,NaN,NaN
1749,6815.70,2503.24,2,1,0.0000
1750,6678.71,2529.67,NaN,NaN,NaN
1751,6460.19,2687.90,NaN,NaN,NaN
1752,6448.04,2881.38,3,8,2.6667
1753,6404.96,2603.49,0,0,0.0000
1754,6754.99,2853.48,0,0,0.0000
1755,6427.76,2946.54,2,2,0.0000
1756,6489.47,2542.51,3,8,2.6667
1757,6886.92,2508.19,0,0,0.0000
1758,6987.43,3056.65,NaN,NaN,NaN
1759,6591.01,2762.38,4,7,0.0000
1760,6596.32,2855.35,0,0,0.0000
1761,6737.97,2803.36,0,0,0.0000
1762,6873.10,2777.13,NaN,NaN,NaN
1763,6468.57,2592.03,0,0,0.0000
1764,6986.66,3108.89,0,0,0.0000
1765,6706.79,2608.52,NaN,NaN,NaN
1766,6806.60,2437.71,0,0,0.0000
1767,6273.11,2469.80,0,0,0.0000
1768,6752.22,2438.87,NaN,NaN,NaN
1769,6511.12,2923.05,2,3,0.0000
1770,6653.86,2818.21,NaN,NaN,NaN
1771,6845.62,3196.36,3,2,0.0000
1772,6699.50,2859.05,NaN,NaN,NaN
1773,6371.93,2838.31,NaN,NaN,NaN
1774,6742.76,2920.27,0,0,0.0000
1775,6509.43,2635.57,0,0,0.0000
1776,6745.16,2645.20,0,0,0.0000
1777,7040.32,2664.57,3,5,0.0000
1778,7151.27,2449.18,NaN,NaN,NaN
1779,7285.65,2534.69,NaN,NaN,NaN
1780,7224.02,2605.26,NaN,NaN,NaN
1781,7127.40,2599.10,NaN,NaN,NaN
1782,7222.82,2804.33,NaN,NaN,NaN
1783,7255.11,2878.61,NaN,NaN,NaN
1784,7127.27,2823.19,2,2,0.0000
1785,7235.05,2734.49,0,0,0.0000
1786,7213.66,3019.16,3,7,2.3333
1787,7097.81,3091.90,3,3,0.0000
1788,7105.19,2759.96,2,5,2.5000
1789,7277.74,2669.02,0,0,0.0000
1790,7151.63,2710.03,NaN,NaN,NaN
1791,7277.79,2991.50,0,0,0.0000
1792,7087.47,3153.43,0,0,0.0000
1793,7208.45,2676.56,0,0,0.0000
1794,7061.79,2899.32,2,6,3.0000
1795,7231.42,2503.99,2,7,3.5000
1796,7222.27,2944.58,0,0,0.0000
1797,7072.38,2434.53,0,0,0.0000
1798,7172.88,2535.23,NaN,NaN,NaN
1799,7110.36,2546.33,0,0,0.0000
1800,7549.17,2532.56,NaN,NaN,NaN
1801,7610.86,2435.58,2,8,4.0000
1802,7483.69,2742.66,2,7,3.5000
1803,7471.56,2467.05,0,0,0.0000
1804,7698.44,2491.31,NaN,NaN,NaN
1805,7350.94,2709.78,2,3,0.0000
1806,7434.72,2946.91,0,0,0.0000
1807,7403.53,2568.22,NaN,NaN,NaN
1808,7339.51,2622.02,0,0,0.0000
1809,7647.16,2566.29,0,0,0.0000
1810,7506.01,2809.18,NaN,NaN,NaN
1811,7333.23,2891.19,NaN,NaN,NaN
1812,7601.57,2637.18,0,0,0.0000
1813,7555.02,2811.15,0,0,0.0000
1814,7407.28,2773.60,0,0,0.0000
1815,7381.36,2900.44,3,4,0.0000
1816,7478.09,2658.19,2,3,0.0000
1817,7304.27,2805.88,NaN,NaN,NaN
1818,7413.02,2842.96,0,0,0.0000
1819,7650.51,2867.66,3,4,0.0000
1820,7297.17,3054.67,0,0,0.0000
1821,7456.55,2543.55,0,0,0.0000
1822,7325.36,2761.99,0,0,0.0000
1823,7594.33,2755.42,NaN,NaN,NaN
1824,7303.14,2944.79,0,0,0.0000
1825,7337.22,2964.97,0,0,0.0000
1826,7379.48,2479.09,0,0,0.0000
1827,7664.19,2754.76,0,0,0.0000
1828,7606.28,2809.32,NaN,NaN,NaN
1829,7705.20,2641.08,0,0,0.0000
1830,7471.22,2518.82,0,0,0.0000
1831,890.88,3456.13,0,0,0.0000
1832,887.90,3700.89,3,9,3.0000
1833,840.93,3587.18,NaN,NaN,NaN
1834,885.80,3338.87,NaN,NaN,NaN
1835,785.91,3516.13,NaN,NaN,NaN
1836,801.75,3334.42,NaN,NaN,NaN
1837,718.39,3254.36,NaN,NaN,NaN
1838,886.27,3266.62,0,0,0.0000
1839,748.32,3345.28,0,0,0.0000
1840,762.30,3424.32,NaN,NaN,NaN
1841,813.75,3469.70,0,0,0.0000
1842,27.27,3719.18,0,0,0.0000
1843,56.82,3756.32,0,0,0.0000
1844,47.53,3929.20,NaN,NaN,NaN
1845,870.43,3852.40,NaN,NaN,NaN
1846,804.47,3427.53,NaN,NaN,NaN
1847,114.32,3845.62,2,3,0.0000
1848,890.45,3796.87,0,0,0.0000
1849,761.05,3257.82,0,0,0.0000
1850,1380.76,3918.21,2,3,0.0000
1851,1079.93,3752.89,2,1,0.0000
1852,1363.79,3777.29,2,4,2.0000
1853,1203.80,3702.96,2,3,0.0000
1854,924.41,3602.47,NaN,NaN,NaN
1855,994.23,3703.09,NaN,NaN,NaN
1856,991.88,3837.58,NaN,NaN,NaN
1857,982.90,3344.46,NaN,NaN,NaN
1858,1101.83,3548.00,NaN,NaN,NaN
1859,1054.53,3966.15,2,6,3.0000
1860,1201.49,3477.77,2,6,3.0000
1861,1163.03,3923.23,2,5,2.5000
1862,1509.93,3916.56,2,3,0.0000
1863,1251.02,3380.11,4,5,0.0000
1864,1012.68,3436.15,4,8,2.0000
1865,1120.89,3294.13,NaN,NaN,NaN
1866,1034.96,3554.58,NaN,NaN,NaN
1867,1026.60,3239.32,NaN,NaN,NaN
1868,1105.74,3375.06,0,0,0.0000
1869,1265.77,3697.04,NaN,NaN,NaN
1870,1181.26,3749.53,0,0,0.0000
1871,1122.58,3210.28,NaN,NaN,NaN
1872,1213.71,3602.86,0,0,0.0000
1873,1402.31,3731.38,NaN,NaN,NaN
1874,1222.97,3418.71,NaN,NaN,NaN
1875,923.03,3907.21,NaN,NaN,NaN
1876,1223.60,3863.37,5,7,0.0000
1877,958.48,3488.46,NaN,NaN,NaN
1878,910.18,3225.35,0,0,0.0000
1879,1070.45,3628.19,2,3,0.0000
1880,1094.71,3898.47,0,0,0.0000
1881,944.30,3841.42,NaN,NaN,NaN
1882,936.91,3277.68,0,0,0.0000
1883,1088.90,3423.36,0,0,0.0000
1884,1151.55,3769.37,0,0,0.0000
1885,1118.02,3671.14,NaN,NaN,NaN
1886,1118.44,3625.50,NaN,NaN,NaN
1887,1516.56,3851.22,0,0,0.0000
1888,2772.89,3751.07,3,9,3.0000
1889,3024.21,3674.20,2,4,2.0000
1890,2977.94,3593.07,3,3,0.0000
1891,2887.06,3893.87,3,8,2.6667
1892,3191.57,3277.69,0,0,0.0000
1893,2796.69,3485.87,0,0,0.0000
1894,2823.79,3829.28,0,0,0.0000
1895,2851.38,3726.50,NaN,NaN,NaN
1896,2789.64,3589.88,NaN,NaN,NaN
1897,2711.75,3590.17,NaN,NaN,NaN
1898,2759.01,3637.58,NaN,NaN,NaN
1899,2903.77,3775.40,NaN,NaN,NaN
1900,2829.21,3900.76,NaN,NaN,NaN
1901,2833.22,3538.23,0,0,0.0000
1902,2876.45,3513.38,0,0,0.0000
1903,2967.39,3922.23,0,0,0.0000
1904,2696.78,3819.96,2,3,0.0000
1905,2939.19,3528.36,0,0,0.0000
1906,2639.07,3683.86,NaN,NaN,NaN
1907,2937.64,3903.60,0,0,0.0000
1908,2598.96,3908.07,NaN,NaN,NaN
1909,2680.65,3961.20,NaN,NaN,NaN
1910,2916.40,3714.96,NaN,NaN,NaN
1911,2943.75,3692.83,NaN,NaN,NaN
1912,2741.72,3313.62,0,0,0.0000
1913,2831.14,3662.39,NaN,NaN,NaN
1914,2596.03,3961.23,0,0,0.0000
1915,2946.85,3648.86,NaN,NaN,NaN
1916,2684.37,3696.20,NaN,NaN,NaN
1917,2669.61,3605.65,2,3,0.0000
1918,2720.56,3710.40,NaN,NaN,NaN
1919,2940.56,3962.84,0,0,0.0000
1920,2692.14,3774.97,0,0,0.0000
1921,2912.74,3613.99,NaN,NaN,NaN
1922,2658.50,3654.99,NaN,NaN,NaN
1923,2705.57,3663.96,NaN,NaN,NaN
1924,2706.77,3921.36,2,4,2.0000
1925,3297.83,3241.81,0,0,0.0000
1926,3448.00,3294.19,NaN,NaN,NaN
1927,3445.45,3204.98,NaN,NaN,NaN
1928,3383.21,3330.78,3,7,2.3333
1929,3928.44,3284.86,0,0,0.0000
1930,3926.39,3381.13,NaN,NaN,NaN
1931,3330.56,3354.90,0,0,0.0000
1932,3373.63,3722.50,0,0,0.0000
1933,3448.44,3394.50,NaN,NaN,NaN
1934,3865.97,3329.16,NaN,NaN,NaN
1935,3397.78,3821.58,2,3,0.0000
1936,3921.20,3444.97,0,0,0.0000
1937,3328.18,3408.84,NaN,NaN,NaN
1938,3412.40,3756.76,0,0,0.0000
1939,3418.43,3717.87,NaN,NaN,NaN
1940,4559.69,3681.10,NaN,NaN,NaN
1941,4484.29,3551.67,3,3,0.0000
1942,4112.88,3389.89,NaN,NaN,NaN
1943,4409.51,3848.37,NaN,NaN,NaN
1944,4655.33,3398.59,0,0,0.0000
1945,4278.83,3308.95,3,7,2.3333
1946,4179.42,3614.12,NaN,NaN,NaN
1947,4317.86,3667.07,NaN,NaN,NaN
1948,4127.92,3263.26,NaN,NaN,NaN
1949,4543.91,3798.49,NaN,NaN,NaN
1950,4732.00,3959.08,NaN,NaN,NaN
1951,4267.22,3517.11,NaN,NaN,NaN
1952,3986.17,3327.30,0,0,0.0000
1953,4137.72,3543.68,NaN,NaN,NaN
1954,4720.66,3663.72,NaN,NaN,NaN
1955,4382.00,3939.20,0,0,0.0000
1956,4661.48,3741.39,NaN,NaN,NaN
1957,4277.27,3780.66,NaN,NaN,NaN
1958,4357.85,3759.18,2,4,2.0000
1959,4208.19,3477.26,NaN,NaN,NaN
1960,4350.63,3305.25,NaN,NaN,NaN
1961,4190.14,3400.29,NaN,NaN,NaN
1962,4444.51,3384.78,NaN,NaN,NaN
1963,4555.09,3445.41,NaN,NaN,NaN
1964,4332.35,3585.00,NaN,NaN,NaN
1965,4401.37,3441.58,0,0,0.0000
1966,4460.65,3224.31,NaN,NaN,NaN
1967,4579.53,3221.79,NaN,NaN,NaN
1968,4560.84,3583.24,NaN,NaN,NaN
1969,4637.27,3544.24,NaN,NaN,NaN
1970,4382.76,3501.61,NaN,NaN,NaN
1971,4207.21,3961.65,NaN,NaN,NaN
1972,3987.46,3439.33,0,0,0.0000
1973,4224.41,3707.99,0,0,0.0000
1974,4356.65,3220.19,NaN,NaN,NaN
1975,4555.43,3961.15,2,2,0.0000
1976,4615.12,3330.29,NaN,NaN,NaN
1977,4316.33,3431.82,NaN,NaN,NaN
1978,4621.37,3886.84,0,0,0.0000
1979,4038.19,3240.75,2,2,0.0000
1980,4241.70,3932.63,NaN,NaN,NaN
1981,4444.10,3310.01,NaN,NaN,NaN
1982,4181.10,3743.31,0,0,0.0000
1983,4496.22,3320.75,NaN,NaN,NaN
1984,4460.93,3962.27,NaN,NaN,NaN
1985,4048.26,3399.90,2,8,4.0000
1986,4325.41,3872.21,NaN,NaN,NaN
1987,3974.40,3226.36,0,0,0.0000
1988,4517.99,3235.43,NaN,NaN,NaN
1989,4205.64,3308.97,0,0,0.0000
1990,4268.40,3587.84,0,0,0.0000
1991,4660.76,3207.64,0,0,0.0000
1992,4426.83,3716.17,2,3,0.0000
1993,4530.82,3899.91,NaN,NaN,NaN
1994,4540.95,3292.18,0,0,0.0000
1995,4523.10,3387.75,2,3,0.0000
1996,4389.95,3545.68,NaN,NaN,NaN
1997,4458.99,3480.06,0,0,0.0000
1998,4649.07,3261.41,NaN,NaN,NaN
1999,4317.08,3373.52,NaN,NaN,NaN
2000,4541.76,3860.71,NaN,NaN,NaN
2001,4417.89,3261.64,2,8,4.0000
2002,4507.61,3360.24,NaN,NaN,NaN
2003,4704.13,3331.65,0,0,0.0000
2004,4192.24,3210.27,2,8,4.0000
2005,4991.78,3357.90,NaN,NaN,NaN
2006,5219.07,3529.21,2,2,0.0000
2007,4749.43,3560.75,NaN,NaN,NaN
2008,5167.58,3904.72,3,3,0.0000
2009,4765.48,3847.28,2,5,2.5000
2010,4982.33,3655.76,NaN,NaN,NaN
2011,4838.99,3915.77,2,3,0.0000
2012,4767.63,3306.68,NaN,NaN,NaN
2013,5053.34,3609.21,NaN,NaN,NaN
2014,4857.01,3524.28,NaN,NaN,NaN
2015,5066.27,3527.65,2,4,2.0000
2016,5115.53,3413.55,2,2,0.0000
2017,5001.06,3213.10,0,0,0.0000
2018,4737.54,3461.77,0,0,0.0000
2019,4832.65,3423.43,NaN,NaN,NaN
2020,5039.60,3459.49,4,9,2.2500
2021,5279.23,3303.78,2,4,2.0000
2022,5282.00,3789.85,NaN,NaN,NaN
2023,4768.28,3390.72,0,0,0.0000
2024,4925.51,3552.00,NaN,NaN,NaN
2025,5214.40,3252.42,5,8,0.0000
2026,4946.42,3735.06,0,0,0.0000
2027,4830.77,3287.40,NaN,NaN,NaN
2028,4820.90,3208.14,2,2,0.0000
2029,4883.21,3754.42,NaN,NaN,NaN
2030,4866.10,3609.26,2,6,3.0000
2031,5282.48,3669.55,NaN,NaN,NaN
2032,5144.39,3676.44,2,4,2.0000
2033,5178.09,3312.18,0,0,0.0000
2034,4992.39,3840.80,0,0,0.0000
2035,5068.95,3892.74,NaN,NaN,NaN
2036,5328.28,3604.50,NaN,NaN,NaN
2037,5196.26,3772.30,3,4,0.0000
2038,5198.45,3636.32,NaN,NaN,NaN
2039,5238.29,3866.97,NaN,NaN,NaN
2040,5351.16,3848.89,0,0,0.0000
2041,5218.17,3705.21,NaN,NaN,NaN
2042,5332.02,3747.92,0,0,0.0000
2043,5124.62,3515.73,NaN,NaN,NaN
2044,4812.17,3682.95,NaN,NaN,NaN
2045,4932.45,3264.13,NaN,NaN,NaN
2046,5391.74,3595.83,NaN,NaN,NaN
2047,4872.56,3338.82,0,0,0.0000
2048,5256.31,3748.44,3,7,2.3333
2049,5350.87,3674.29,0,0,0.0000
2050,5199.50,3409.99,3,3,0.0000
2051,5249.24,3916.56,NaN,NaN,NaN
2052,5115.23,3276.06,0,0,0.0000
2053,5266.19,3398.55,NaN,NaN,NaN
2054,5159.94,3242.39,0,0,0.0000
2055,4969.76,3498.07,2,5,2.5000
2056,5082.47,3221.15,0,0,0.0000
2057,4873.72,3240.40,2,8,4.0000
2058,5166.32,3714.39,NaN,NaN,NaN
2059,5215.09,3463.84,NaN,NaN,NaN
2060,5030.93,3799.52,0,0,0.0000
2061,4912.11,3636.76,NaN,NaN,NaN
2062,4859.06,3708.99,2,3,0.0000
2063,4932.08,3965.05,0,0,0.0000
2064,4916.30,3489.90,NaN,NaN,NaN
2065,5013.93,3927.95,NaN,NaN,NaN
2066,5209.19,3822.03,0,0,0.0000
2067,5057.81,3825.65,NaN,NaN,NaN
2068,4939.80,3921.44,0,0,0.0000
2069,163.33,4381.76,0,0,0.0000
2070,238.78,4569.14,2,3,0.0000
2071,394.33,4720.79,NaN,NaN,NaN
2072,214.01,4191.61,NaN,NaN,NaN
2073,350.02,4525.00,2,6,3.0000
2074,165.35,4502.39,3,5,0.0000
2075,151.78,4227.88,NaN,NaN,NaN
2076,293.76,4528.66,NaN,NaN,NaN
2077,207.35,4638.93,NaN,NaN,NaN
2078,226.32,4480.37,NaN,NaN,NaN
2079,48.79,4295.12,NaN,NaN,NaN
2080,153.85,4072.18,0,0,0.0000
2081,291.80,4458.99,2,4,2.0000
2082,68.54,4200.14,2,3,0.0000
2083,66.75,4369.41,0,0,0.0000
2084,287.16,4705.30,NaN,NaN,NaN
2085,124.72,4111.28,0,0,0.0000
2086,127.89,4578.36,0,0,0.0000
2087,68.39,4526.74,NaN,NaN,NaN
2088,252.19,4649.40,NaN,NaN,NaN
2089,137.47,4644.41,NaN,NaN,NaN
2090,249.57,4413.50,NaN,NaN,NaN
2091,339.95,4671.17,0,0,0.0000
2092,65.19,4571.18,NaN,NaN,NaN
2093,113.17,4687.20,NaN,NaN,NaN
2094,75.75,4669.84,NaN,NaN,NaN
2095,13.54,4150.31,2,2,0.0000
2096,10.12,4342.73,NaN,NaN,NaN
2097,16.34,4658.82,NaN,NaN,NaN
2098,1582.69,4601.68,NaN,NaN,NaN
2099,1632.12,4479.66,NaN,NaN,NaN
2100,1192.86,4128.85,NaN,NaN,NaN
2101,1503.78,4370.99,NaN,NaN,NaN
2102,1120.51,4451.62,NaN,NaN,NaN
2103,958.62,4043.27,NaN,NaN,NaN
2104,1276.37,3969.41,NaN,NaN,NaN
2105,1261.37,4068.49,NaN,NaN,NaN
2106,1298.90,4714.06,2,7,3.5000
2107,997.40,4190.34,2,3,0.0000
2108,1245.92,4403.49,3,6,2.0000
2109,1054.02,4058.68,NaN,NaN,NaN
2110,1394.57,4055.07,NaN,NaN,NaN
2111,1412.77,4573.45,NaN,NaN,NaN
2112,1107.91,4241.88,0,0,0.0000
2113,1428.52,4170.51,NaN,NaN,NaN
2114,1048.70,4299.08,NaN,NaN,NaN
2115,1112.84,4136.96,NaN,NaN,NaN
2116,1195.83,4651.83,NaN,NaN,NaN
2117,1463.57,4521.48,2,4,2.0000
2118,1638.04,4277.44,NaN,NaN,NaN
2119,1314.38,4184.77,0,0,0.0000
2120,1227.83,4551.08,0,0,0.0000
2121,1260.04,4622.81,4,6,0.0000
2122,1033.10,4366.89,0,0,0.0000
2123,1574.64,4343.98,NaN,NaN,NaN
2124,1126.92,4339.02,0,0,0.0000
2125,1349.67,4462.29,NaN,NaN,NaN
2126,1383.95,4341.45,NaN,NaN,NaN
2127,1201.32,4472.76,0,0,0.0000
2128,1503.82,4014.60,0,0,0.0000
2129,1423.25,4346.63,NaN,NaN,NaN
2130,1314.73,4548.88,NaN,NaN,NaN
2131,1367.55,4562.26,2,4,2.0000
2132,1481.32,4119.88,NaN,NaN,NaN
2133,1523.87,4705.44,NaN,NaN,NaN
2134,1394.25,4673.04,NaN,NaN,NaN
2135,1317.07,4628.50,NaN,NaN,NaN
2136,1107.70,4559.24,0,0,0.0000
2137,1179.38,4345.67,NaN,NaN,NaN
2138,915.47,4070.10,NaN,NaN,NaN
2139,1056.07,4200.59,2,4,2.0000
2140,1342.00,4361.44,NaN,NaN,NaN
2141,1527.83,4246.07,0,0,0.0000
2142,1266.19,4201.31,0,0,0.0000
2143,1239.57,4310.60,NaN,NaN,NaN
2144,1635.03,4732.72,3,3,0.0000
2145,1491.39,4622.79,2,7,3.5000
2146,990.09,4305.57,NaN,NaN,NaN
2147,1573.65,4723.49,0,0,0.0000
2148,1050.61,4673.91,NaN,NaN,NaN
2149,1274.11,4487.05,0,0,0.0000
2150,1328.59,4404.94,NaN,NaN,NaN
2151,1167.18,4576.43,NaN,NaN,NaN
2152,1471.11,4221.94,NaN,NaN,NaN
2153,1504.95,4466.36,0,0,0.0000
2154,1065.97,4592.91,NaN,NaN,NaN
2155,1369.11,4186.33,0,0,0.0000
2156,1294.59,4308.91,0,0,0.0000
2157,1030.32,4123.37,NaN,NaN,NaN
2158,1144.43,4696.41,NaN,NaN,NaN
2159,1416.40,4269.29,0,0,0.0000
2160,1139.08,4625.60,NaN,NaN,NaN
2161,1148.32,4191.03,0,0,0.0000
2162,929.61,4145.44,3,6,2.0000
2163,1371.42,4105.74,0,0,0.0000
2164,1579.97,4238.02,0,0,0.0000
2165,1185.60,4521.91,0,0,0.0000
2166,1742.95,4432.28,NaN,NaN,NaN
2167,1714.53,4728.57,NaN,NaN,NaN
2168,1716.75,4490.42,NaN,NaN,NaN
2169,1684.92,4666.34,NaN,NaN,NaN
2170,1763.90,4541.33,2,3,0.0000
2171,1752.93,4724.72,0,0,0.0000
2172,2738.95,3997.06,NaN,NaN,NaN
2173,2834.82,4260.19,NaN,NaN,NaN
2174,2745.61,4114.61,NaN,NaN,NaN
2175,2988.33,4406.74,0,0,0.0000
2176,2837.31,4356.32,2,4,2.0000
2177,3123.12,4344.56,NaN,NaN,NaN
2178,3115.09,4127.72,0,0,0.0000
2179,2796.59,4096.00,0,0,0.0000
2180,2954.12,4145.36,2,2,0.0000
2181,2750.32,4222.22,2,2,0.0000
2182,3023.94,4190.51,NaN,NaN,NaN
2183,2930.38,4295.94,NaN,NaN,NaN
2184,2848.99,3984.47,3,5,0.0000
2185,3047.96,4235.60,NaN,NaN,NaN
2186,2953.06,4083.69,0,0,0.0000
2187,3184.51,4524.65,2,0,0.0000
2188,3034.11,4087.94,NaN,NaN,NaN
2189,2914.87,4026.40,NaN,NaN,NaN
2190,2783.64,4377.51,2,4,2.0000
2191,2849.38,4116.72,0,0,0.0000
2192,2700.55,4148.35,0,0,0.0000
2193,3157.54,4636.00,0,0,0.0000
2194,2972.40,4213.60,NaN,NaN,NaN
2195,2875.82,4205.43,NaN,NaN,NaN
2196,2666.81,4033.06,0,0,0.0000
2197,3036.30,4335.52,2,3,0.0000
2198,3085.59,4290.94,NaN,NaN,NaN
2199,3120.40,4439.13,2,3,0.0000
2200,2959.26,4264.24,0,0,0.0000
2201,3136.70,4275.01,NaN,NaN,NaN
2202,3016.99,4280.73,NaN,NaN,NaN
2203,2958.63,4012.82,2,1,0.0000
2204,3165.50,4420.34,0,0,0.0000
2205,2816.92,3998.48,4,8,2.0000
2206,3099.09,4236.25,NaN,NaN,NaN
2207,2820.00,4162.42,2,2,0.0000
2208,2881.74,4163.91,0,0,0.0000
2209,2832.84,4450.54,NaN,NaN,NaN
2210,3021.01,4530.79,0,0,0.0000
2211,2785.82,3991.38,0,0,0.0000
2212,2876.06,4064.02,NaN,NaN,NaN
2213,2843.75,4043.36,0,0,0.0000
2214,3218.80,4590.83,2,8,4.0000
2215,3826.50,4713.27,0,0,0.0000
2216,3945.75,4685.59,NaN,NaN,NaN
2217,4643.88,4552.46,2,5,2.5000
2218,4667.35,4310.98,NaN,NaN,NaN
2219,4523.68,4160.81,2,5,2.5000
2220,4241.56,4253.44,2,4,2.0000
2221,4492.67,4660.11,0,0,0.0000
2222,4477.94,4048.73,NaN,NaN,NaN
2223,4597.99,4424.43,NaN,NaN,NaN
2224,4501.80,4507.76,NaN,NaN,NaN
2225,4326.10,4207.13,2,5,2.5000
2226,4242.46,4616.71,NaN,NaN,NaN
2227,4399.43,4251.68,3,6,2.0000
2228,4691.65,4448.72,3,5,0.0000
2229,4183.45,4595.96,3,8,2.6667
2230,4110.39,4660.54,0,0,0.0000
2231,4531.46,4335.82,2,5,2.5000
2232,4689.65,4195.42,NaN,NaN,NaN
2233,4421.48,4122.38,2,3,0.0000
2234,4382.02,4028.91,NaN,NaN,NaN
2235,4675.22,3981.19,2,4,2.0000
2236,4578.12,4273.65,NaN,NaN,NaN
2237,4198.93,4720.82,0,0,0.0000
2238,4604.92,4660.89,0,0,0.0000
2239,4468.27,4228.82,NaN,NaN,NaN
2240,4292.08,4450.42,0,0,0.0000
2241,4625.03,4154.88,NaN,NaN,NaN
2242,4619.28,4050.86,NaN,NaN,NaN
2243,4455.74,4402.87,0,0,0.0000
2244,4686.34,4705.57,NaN,NaN,NaN
2245,4716.32,4108.87,NaN,NaN,NaN
2246,4433.50,4574.73,3,4,0.0000
2247,4398.74,4321.30,NaN,NaN,NaN
2248,4554.19,4671.61,0,0,0.0000
2249,4242.37,4706.48,0,0,0.0000
2250,4257.40,4395.23,NaN,NaN,NaN
2251,4359.77,4568.73,NaN,NaN,NaN
2252,4302.62,4035.96,0,0,0.0000
2253,4025.54,4707.81,0,0,0.0000
2254,4547.73,4580.66,NaN,NaN,NaN
2255,4292.66,4349.57,NaN,NaN,NaN
2256,4464.12,4325.80,NaN,NaN,NaN
2257,3985.07,4732.04,0,0,0.0000
2258,4363.01,4088.74,NaN,NaN,NaN
2259,4514.61,4255.90,4,5,0.0000
2260,4259.83,4001.33,NaN,NaN,NaN
2261,4588.86,4206.31,0,0,0.0000
2262,4735.04,4414.59,0,0,0.0000
2263,4305.45,4665.65,0,0,0.0000
2264,5239.94,4502.20,3,4,0.0000
2265,4802.32,4423.05,NaN,NaN,NaN
2266,4941.86,4513.82,NaN,NaN,NaN
2267,5344.18,4395.67,2,9,4.5000
2268,4934.21,4288.95,NaN,NaN,NaN
2269,4830.64,4161.61,2,5,2.5000
2270,5450.40,4696.95,NaN,NaN,NaN
2271,5078.58,3981.52,NaN,NaN,NaN
2272,4910.34,4403.08,NaN,NaN,NaN
2273,5033.84,4072.67,NaN,NaN,NaN
2274,5151.03,4423.70,NaN,NaN,NaN
2275,5149.90,4062.30,NaN,NaN,NaN
2276,4762.33,4133.96,2,3,0.0000
2277,5302.77,4054.76,3,6,2.0000
2278,5033.15,4415.90,2,3,0.0000
2279,4781.06,4543.19,NaN,NaN,NaN
2280,5133.04,4256.61,NaN,NaN,NaN
2281,5013.82,4640.00,NaN,NaN,NaN
2282,5196.12,4338.55,2,5,2.5000
2283,4820.96,4013.96,2,5,2.5000
2284,5161.17,4168.85,NaN,NaN,NaN
2285,5113.58,4522.59,NaN,NaN,NaN
2286,4899.72,4655.28,NaN,NaN,NaN
2287,5151.89,4617.00,NaN,NaN,NaN
2288,5471.05,4611.42,NaN,NaN,NaN
2289,4736.95,4692.71,2,3,0.0000
2290,4952.05,4156.31,3,9,3.0000
2291,5294.26,4623.23,NaN,NaN,NaN
2292,4786.35,4286.06,NaN,NaN,NaN
2293,5083.99,4593.26,NaN,NaN,NaN
2294,5042.78,4147.24,2,7,3.5000
2295,4850.50,4734.89,NaN,NaN,NaN
2296,4953.38,4698.98,0,0,0.0000
2297,5028.51,4536.28,NaN,NaN,NaN
2298,4871.06,4575.84,0,0,0.0000
2299,5206.35,4664.61,0,0,0.0000
2300,5315.03,4531.31,NaN,NaN,NaN
2301,4901.75,4187.36,NaN,NaN,NaN
2302,5375.85,4513.05,0,0,0.0000
2303,5500.66,4409.60,0,0,0.0000
2304,5270.58,4686.40,NaN,NaN,NaN
2305,5339.28,4239.16,3,5,0.0000
2306,5202.60,4017.82,0,0,0.0000
2307,4897.47,4110.72,NaN,NaN,NaN
2308,5314.11,4310.14,0,0,0.0000
2309,4754.94,4623.17,NaN,NaN,NaN
2310,4973.40,3978.40,0,0,0.0000
2311,5093.24,4672.02,NaN,NaN,NaN
2312,4870.87,4071.63,NaN,NaN,NaN
2313,5266.19,4270.05,0,0,0.0000
2314,5012.24,4480.75,NaN,NaN,NaN
2315,4949.73,4034.81,NaN,NaN,NaN
2316,4805.44,4232.33,3,3,0.0000
2317,5222.64,4259.46,NaN,NaN,NaN
2318,4982.17,4361.95,0,0,0.0000
2319,4944.50,4079.15,NaN,NaN,NaN
2320,5008.17,4584.40,0,0,0.0000
2321,4872.89,4271.72,NaN,NaN,NaN
2322,5097.85,4142.65,0,0,0.0000
2323,4824.39,4646.04,NaN,NaN,NaN
2324,5572.45,4327.73,0,0,0.0000
2325,5562.90,4412.88,0,0,0.0000
2326,5939.74,4710.84,2,2,0.0000
2327,5546.67,4494.84,NaN,NaN,NaN
2328,5529.02,4603.98,0,0,0.0000
2329,5619.68,4357.15,0,0,0.0000
2330,660.30,5473.65,NaN,NaN,NaN
2331,196.15,5186.71,NaN,NaN,NaN
2332,810.69,5420.21,NaN,NaN,NaN
2333,414.06,5322.59,0,0,0.0000
2334,702.45,5336.67,NaN,NaN,NaN
2335,266.82,5054.81,NaN,NaN,NaN
2336,240.40,4850.56,NaN,NaN,NaN
2337,698.60,5222.49,NaN,NaN,NaN
2338,109.30,5327.81,NaN,NaN,NaN
2339,512.30,5325.57,NaN,NaN,NaN
2340,78.71,4875.17,NaN,NaN,NaN
2341,454.88,4827.64,0,0,0.0000
2342,275.33,5480.52,NaN,NaN,NaN
2343,384.80,5087.47,NaN,NaN,NaN
2344,439.63,5232.76,4,4,0.0000
2345,211.60,5350.21,2,4,2.0000
2346,191.26,5000.97,4,5,0.0000
2347,65.57,5237.57,NaN,NaN,NaN
2348,300.70,5129.13,NaN,NaN,NaN
2349,313.43,4951.25,0,0,0.0000
2350,380.54,5159.59,0,0,0.0000
2351,466.12,5151.45,NaN,NaN,NaN
2352,59.17,4955.39,NaN,NaN,NaN
2353,135.79,4960.48,0,0,0.0000
2354,368.05,4803.25,2,5,2.5000
2355,206.13,5464.33,3,5,0.0000
2356,104.06,5039.45,0,0,0.0000
2357,351.39,4879.42,NaN,NaN,NaN
2358,607.01,5279.16,NaN,NaN,NaN
2359,458.59,5407.92,0,0,0.0000
2360,241.95,5419.03,NaN,NaN,NaN
2361,432.07,5042.94,0,0,0.0000
2362,811.66,5307.93,NaN,NaN,NaN
2363,322.32,4745.70,NaN,NaN,NaN
2364,324.00,5402.06,0,0,0.0000
2365,31.91,5424.58,3,3,0.0000
2366,816.85,5155.41,2,4,2.0000
2367,213.84,4737.49,0,0,0.0000
2368,46.86,5132.79,NaN,NaN,NaN
2369,150.50,4738.61,NaN,NaN,NaN
2370,383.85,5442.38,NaN,NaN,NaN
2371,724.60,5274.49,3,6,2.0000
2372,411.54,4900.79,NaN,NaN,NaN
2373,848.57,5240.45,NaN,NaN,NaN
2374,152.29,5281.22,NaN,NaN,NaN
2375,365.66,4961.47,NaN,NaN,NaN
2376,59.23,5366.37,NaN,NaN,NaN
2377,277.73,4787.11,NaN,NaN,NaN
2378,307.79,5193.48,0,0,0.0000
2379,445.64,4998.90,0,0,0.0000
2380,310.61,4846.42,0,0,0.0000
2381,11.01,5349.68,0,0,0.0000
2382,594.16,5500.01,NaN,NaN,NaN
2383,213.48,4951.33,0,0,0.0000
2384,144.84,5459.62,NaN,NaN,NaN
2385,8.20,4868.60,NaN,NaN,NaN
2386,272.90,5308.17,NaN,NaN,NaN
2387,330.23,5337.07,NaN,NaN,NaN
2388,588.29,5495.33,NaN,NaN,NaN
2389,357.58,5026.20,0,0,0.0000
2390,472.74,5469.15,0,0,0.0000
2391,870.06,5291.87,NaN,NaN,NaN
2392,161.23,4818.11,NaN,NaN,NaN
2393,6.35,5490.83,0,0,0.0000
2394,1444.13,5496.14,0,0,0.0000
2395,1330.15,5289.64,NaN,NaN,NaN
2396,1169.92,5183.32,0,0,0.0000
2397,1198.03,4756.22,NaN,NaN,NaN
2398,1368.05,5017.81,2,5,2.5000
2399,918.01,5381.63,3,6,2.0000
2400,1015.03,5112.18,NaN,NaN,NaN
2401,1105.84,5053.73,0,0,0.0000
2402,1386.04,5393.23,3,3,0.0000
2403,1382.88,5176.42,NaN,NaN,NaN
2404,1092.39,5405.23,0,0,0.0000
2405,918.37,5175.79,2,2,0.0000
2406,1563.77,5308.59,NaN,NaN,NaN
2407,1068.64,5205.64,0,0,0.0000
2408,993.88,5243.87,NaN,NaN,NaN
2409,1081.98,4913.18,0,0,0.0000
2410,1162.47,4981.51,NaN,NaN,NaN
2411,1213.39,4871.80,0,0,0.0000
2412,1263.17,5252.82,3,7,2.3333
2413,1186.73,5306.54,NaN,NaN,NaN
2414,1136.19,4844.39,0,0,0.0000
2415,1048.01,4819.15,2,10,5.0000
2416,1071.02,5314.80,0,0,0.0000
2417,1392.53,4889.86,NaN,NaN,NaN
2418,1541.79,5484.90,0,0,0.0000
2419,1614.22,4864.99,NaN,NaN,NaN
2420,1478.78,5333.43,NaN,NaN,NaN
2421,1651.99,5060.39,0,0,0.0000
2422,1209.83,5489.12,NaN,NaN,NaN
2423,1281.06,4787.82,3,5,0.0000
2424,1276.59,4926.12,0,0,0.0000
2425,1356.43,5472.83,0,0,0.0000
2426,1254.58,5129.46,0,0,0.0000
2427,1512.59,5391.13,4,4,0.0000
2428,1569.41,5395.66,NaN,NaN,NaN
2429,1433.38,5086.34,NaN,NaN,NaN
2430,908.24,5272.75,2,3,0.0000
2431,1450.22,5163.70,NaN,NaN,NaN
2432,1064.35,4762.19,NaN,NaN,NaN
2433,1298.95,5440.73,0,0,0.0000
2434,1590.87,5491.98,NaN,NaN,NaN
2435,1026.76,5020.97,0,0,0.0000
2436,966.93,5013.00,0,0,0.0000
2437,1421.01,5248.60,0,0,0.0000
2438,1288.57,5007.31,0,0,0.0000
2439,919.93,5012.81,0,0,0.0000
2440,1086.93,5471.98,0,0,0.0000
2441,1458.47,4928.55,0,0,0.0000
2442,1310.97,4956.27,0,0,0.0000
2443,1370.20,4791.84,NaN,NaN,NaN
2444,1255.75,5031.64,0,0,0.0000
2445,1037.27,4955.88,0,0,0.0000
2446,1640.48,4937.20,NaN,NaN,NaN
2447,1349.13,5143.91,2,3,0.0000
2448,1268.53,4861.72,NaN,NaN,NaN
2449,1193.79,5055.82,0,0,0.0000
2450,959.44,5300.56,0,0,0.0000
2451,1166.29,4835.30,0,0,0.0000
2452,1174.62,4912.71,0,0,0.0000
2453,1719.75,5007.97,NaN,NaN,NaN
2454,1729.15,5078.79,NaN,NaN,NaN
2455,1758.70,4957.51,NaN,NaN,NaN
2456,1771.79,4794.47,NaN,NaN,NaN
2457,1681.45,4794.27,NaN,NaN,NaN
2458,1770.34,4866.79,0,0,0.0000
2459,1674.41,4884.39,NaN,NaN,NaN
2460,1719.98,4797.91,0,0,0.0000
2461,1702.01,4932.08,0,0,0.0000
2462,2994.76,5476.65,NaN,NaN,NaN
2463,3288.63,5216.87,NaN,NaN,NaN
2464,3743.72,4983.82,0,0,0.0000
2465,3754.76,4865.61,2,3,0.0000
2466,3878.74,4867.46,NaN,NaN,NaN
2467,3833.64,4811.33,0,0,0.0000
2468,3348.57,5327.58,NaN,NaN,NaN
2469,3741.55,4805.08,0,0,0.0000
2470,3680.60,4793.88,NaN,NaN,NaN
2471,3260.49,5493.41,NaN,NaN,NaN
2472,3674.95,4946.91,NaN,NaN,NaN
2473,3799.74,4921.16,2,3,0.0000
2474,3813.06,4993.83,4,4,0.0000
2475,3814.67,4745.85,0,0,0.0000
2476,3360.69,5201.83,NaN,NaN,NaN
2477,3200.33,4758.32,NaN,NaN,NaN
2478,4628.25,4786.96,3,7,2.3333
2479,4558.05,4914.09,2,2,0.0000
2480,4354.22,4888.14,NaN,NaN,NaN
2481,4642.32,5019.31,NaN,NaN,NaN
2482,4128.83,4812.87,NaN,NaN,NaN
2483,4533.55,5273.12,2,3,0.0000
2484,4503.28,4838.61,3,9,3.0000
2485,4443.97,4954.85,0,0,0.0000
2486,4398.44,5417.64,NaN,NaN,NaN
2487,4284.44,5351.31,2,2,0.0000
2488,4037.83,4808.88,0,0,0.0000
2489,4374.88,5319.91,0,0,0.0000
2490,3982.75,4791.87,0,0,0.0000
2491,4493.60,5464.64,NaN,NaN,NaN
2492,4441.82,5463.54,NaN,NaN,NaN
2493,4477.56,5235.77,0,0,0.0000
2494,4282.75,4831.29,0,0,0.0000
2495,4423.85,5281.09,0,0,0.0000
2496,4255.70,4898.71,3,2,0.0000
2497,4294.51,4751.68,0,0,0.0000
2498,4690.09,4987.07,2,2,0.0000
2499,4287.04,4951.10,NaN,NaN,NaN
2500,4418.18,4838.19,NaN,NaN,NaN
2501,4202.04,4805.44,0,0,0.0000
2502,4679.88,4894.21,0,0,0.0000
2503,4465.84,5312.00,0,0,0.0000
2504,4442.80,5379.03,0,0,0.0000
2505,4241.98,4820.59,0,0,0.0000
2506,4505.54,5370.97,NaN,NaN,NaN
2507,4258.47,4774.30,0,0,0.0000
2508,4425.97,5228.89,0,0,0.0000
2509,4287.12,5418.22,NaN,NaN,NaN
2510,5119.23,4785.51,2,2,0.0000
2511,5295.29,4752.15,2,4,2.0000
2512,5473.23,5139.16,NaN,NaN,NaN
2513,5241.97,4828.27,NaN,NaN,NaN
2514,5354.08,4930.14,NaN,NaN,NaN
2515,5122.31,4909.91,3,0,0.0000
2516,4793.91,5000.93,NaN,NaN,NaN
2517,5421.84,4845.24,0,0,0.0000
2518,5340.47,4805.12,NaN,NaN,NaN
2519,5268.40,4910.57,NaN,NaN,NaN
2520,4793.22,4741.25,NaN,NaN,NaN
2521,4913.09,4778.63,0,0,0.0000
2522,5015.18,4967.23,NaN,NaN,NaN
2523,5301.10,5057.93,NaN,NaN,NaN
2524,4895.99,4930.11,NaN,NaN,NaN
2525,4792.96,4841.80,3,4,0.0000
2526,5019.07,4889.07,NaN,NaN,NaN
2527,4963.27,4909.18,2,3,0.0000
2528,5235.85,4986.29,0,0,0.0000
2529,5428.96,4921.07,NaN,NaN,NaN
2530,5235.52,4874.22,3,6,2.0000
2531,5077.17,4970.32,0,0,0.0000
2532,5058.88,4935.57,NaN,NaN,NaN
2533,5375.48,5055.70,NaN,NaN,NaN
2534,5344.99,5096.93,NaN,NaN,NaN
2535,5178.67,4868.55,NaN,NaN,NaN
2536,5054.82,5034.22,0,0,0.0000
2537,4905.00,4864.42,0,0,0.0000
2538,5336.91,5026.97,2,5,2.5000
2539,4742.51,4932.43,NaN,NaN,NaN
2540,5144.38,4964.69,NaN,NaN,NaN
2541,5222.69,5088.58,0,0,0.0000
2542,5866.01,5191.33,4,4,0.0000
2543,5809.86,5463.75,NaN,NaN,NaN
2544,5615.07,4916.73,NaN,NaN,NaN
2545,6057.94,4985.64,NaN,NaN,NaN
2546,5975.00,5355.68,NaN,NaN,NaN
2547,5880.00,5436.78,0,0,0.0000
2548,6138.69,5180.20,NaN,NaN,NaN
2549,6179.06,5295.12,NaN,NaN,NaN
2550,6193.27,4901.82,NaN,NaN,NaN
2551,6227.22,5364.70,2,7,3.5000
2552,5698.17,5307.02,0,0,0.0000
2553,6062.45,5216.81,3,4,0.0000
2554,5571.91,5173.48,NaN,NaN,NaN
2555,6262.08,5036.35,0,0,0.0000
2556,6114.69,5084.26,2,5,2.5000
2557,6103.14,4841.99,NaN,NaN,NaN
2558,5788.14,5284.48,NaN,NaN,NaN
2559,6208.12,5192.56,NaN,NaN,NaN
2560,5981.73,5438.12,0,0,0.0000
2561,6010.73,5093.59,NaN,NaN,NaN
2562,5672.63,5027.85,NaN,NaN,NaN
2563,6116.29,5469.11,NaN,NaN,NaN
2564,5714.78,5136.20,NaN,NaN,NaN
2565,6248.95,5097.36,NaN,NaN,NaN
2566,6183.13,5057.16,0,0,0.0000
2567,5781.47,4831.67,NaN,NaN,NaN
2568,5793.96,5120.00,NaN,NaN,NaN
2569,5803.43,5045.35,0,0,0.0000
2570,5949.77,5271.11,2,4,2.0000
2571,6094.34,5377.42,0,0,0.0000
2572,5774.65,4947.14,NaN,NaN,NaN
2573,6078.48,5040.21,0,0,0.0000
2574,6162.96,4792.07,2,3,0.0000
2575,6262.90,5243.74,NaN,NaN,NaN
2576,5685.56,5205.50,2,4,2.0000
2577,6087.17,4903.69,NaN,NaN,NaN
2578,5832.46,4868.66,NaN,NaN,NaN
2579,5903.08,5066.89,3,5,0.0000
2580,6000.70,5198.22,0,0,0.0000
2581,5919.06,4956.93,0,0,0.0000
2582,5719.03,4903.16,NaN,NaN,NaN
2583,5641.90,5120.64,2,3,0.0000
2584,5746.82,4997.71,NaN,NaN,NaN
2585,5735.16,5051.57,NaN,NaN,NaN
2586,5544.74,5105.14,0,0,0.0000
2587,6093.11,5283.02,NaN,NaN,NaN
2588,5613.41,5500.81,0,0,0.0000
2589,5759.73,5357.49,NaN,NaN,NaN
2590,6239.81,5454.44,NaN,NaN,NaN
2591,5962.14,5032.13,0,0,0.0000
2592,6244.29,4846.87,2,4,2.0000
2593,5842.13,4995.33,NaN,NaN,NaN
2594,5950.20,5108.62,2,3,0.0000
2595,6019.22,4782.61,NaN,NaN,NaN
2596,6262.69,4927.57,0,0,0.0000
2597,5512.90,5214.06,3,5,0.0000
2598,5863.06,4903.79,NaN,NaN,NaN
2599,5600.45,5067.51,3,5,0.0000
2600,5705.20,4793.34,0,0,0.0000
2601,6116.35,4738.33,0,0,0.0000
2602,5804.79,4772.64,0,0,0.0000
2603,6031.84,4740.50,NaN,NaN,NaN
2604,5548.27,5057.49,NaN,NaN,NaN
2605,6153.20,5357.70,NaN,NaN,NaN
2606,5856.49,5109.49,0,0,0.0000
2607,5937.22,4902.52,NaN,NaN,NaN
2608,5954.26,4827.78,0,0,0.0000
2609,6083.86,4789.31,0,0,0.0000
2610,6156.80,5432.48,NaN,NaN,NaN
2611,5619.32,5024.75,NaN,NaN,NaN
2612,5980.81,4737.33,NaN,NaN,NaN
2613,5924.49,4862.25,NaN,NaN,NaN
2614,5886.56,4838.46,0,0,0.0000
2615,6225.90,4799.35,NaN,NaN,NaN
2616,5635.99,5180.14,2,6,3.0000
2617,6186.42,4990.49,0,0,0.0000
2618,6203.65,5416.07,NaN,NaN,NaN
2619,5955.98,5157.38,0,0,0.0000
2620,6024.38,5276.43,0,0,0.0000
2621,6928.34,5401.86,0,0,0.0000
2622,6497.05,5341.63,0,0,0.0000
2623,6719.33,4865.58,NaN,NaN,NaN
2624,6491.15,4976.94,0,0,0.0000
2625,6897.84,5300.04,3,5,0.0000
2626,6527.23,5190.37,NaN,NaN,NaN
2627,6332.50,4910.32,0,0,0.0000
2628,6679.44,5147.99,2,3,0.0000
2629,6411.42,5435.43,NaN,NaN,NaN
2630,6813.55,5426.52,0,0,0.0000
2631,6909.34,5121.00,0,0,0.0000
2632,6355.10,5187.15,0,0,0.0000
2633,7019.11,5160.12,0,0,0.0000
2634,6614.52,4839.80,2,4,2.0000
2635,6425.44,5270.48,NaN,NaN,NaN
2636,6423.44,4877.23,0,0,0.0000
2637,6833.15,5173.49,NaN,NaN,NaN
2638,6291.37,5147.55,0,0,0.0000
2639,6746.41,5471.55,NaN,NaN,NaN
2640,6947.09,4955.28,NaN,NaN,NaN
2641,6371.37,5337.19,2,3,0.0000
2642,6462.03,5058.90,NaN,NaN,NaN
2643,6840.21,4997.81,NaN,NaN,NaN
2644,6871.58,5224.96,2,3,0.0000
2645,6890.31,5039.35,0,0,0.0000
2646,6887.40,5494.45,NaN,NaN,NaN
2647,6737.99,5120.44,2,4,2.0000
2648,6809.95,4895.99,3,5,0.0000
2649,6585.34,5242.68,NaN,NaN,NaN
2650,6712.35,5053.01,NaN,NaN,NaN
2651,6986.02,5037.90,0,0,0.0000
2652,6348.93,5031.77,NaN,NaN,NaN
2653,6803.42,5117.87,0,0,0.0000
2654,6504.82,5435.86,NaN,NaN,NaN
2655,6702.10,4956.98,0,0,0.0000
2656,6317.36,4802.87,NaN,NaN,NaN
2657,6762.57,4986.72,NaN,NaN,NaN
2658,6375.44,4965.62,NaN,NaN,NaN
2659,6651.46,5017.75,NaN,NaN,NaN
2660,6949.41,5198.39,0,0,0.0000
2661,6334.83,5458.30,0,0,0.0000
2662,7026.15,5344.03,NaN,NaN,NaN
2663,6793.05,5057.88,2,1,0.0000
2664,6401.18,5080.58,0,0,0.0000
2665,6284.28,5476.92,NaN,NaN,NaN
2666,6435.39,5194.80,0,0,0.0000
2667,6424.26,5143.01,0,0,0.0000
2668,6508.22,4863.05,0,0,0.0000
2669,6367.89,5101.91,NaN,NaN,NaN
2670,6737.43,4794.86,0,0,0.0000
2671,6576.27,4783.23,0,0,0.0000
2672,6582.99,4906.29,0,0,0.0000
2673,6802.88,5331.55,NaN,NaN,NaN
2674,6525.01,5260.00,NaN,NaN,NaN
2675,6816.02,5496.41,NaN,NaN,NaN
2676,6790.69,4819.97,0,0,0.0000
2677,6965.12,4900.28,NaN,NaN,NaN
2678,6391.92,4824.57,0,0,0.0000
2679,6295.25,5346.77,0,0,0.0000
2680,6652.20,4887.86,NaN,NaN,NaN
2681,6439.02,4788.26,0,0,0.0000
2682,6969.23,5259.39,NaN,NaN,NaN
2683,6626.03,4985.97,0,0,0.0000
2684,6697.24,4766.62,0,0,0.0000
2685,6978.98,5102.65,0,0,0.0000
2686,7017.37,5430.21,NaN,NaN,NaN
2687,6549.25,4951.90,0,0,0.0000
2688,6863.59,4889.26,0,0,0.0000
2689,6328.07,5314.22,NaN,NaN,NaN
2690,6481.54,5132.97,0,0,0.0000
2691,6545.90,4902.25,0,0,0.0000
2692,6597.64,4963.00,NaN,NaN,NaN
2693,6632.02,5079.43,3,2,0.0000
2694,6388.49,4788.06,0,0,0.0000
2695,6840.46,5285.91,2,4,2.0000
2696,6774.95,5261.04,0,0,0.0000
2697,6335.07,5265.96,NaN,NaN,NaN
2698,6784.43,5228.04,0,0,0.0000
2699,6657.11,5415.50,NaN,NaN,NaN
2700,6662.93,5412.88,NaN,NaN,NaN
2701,7102.61,5238.72,NaN,NaN,NaN
2702,7283.76,5163.46,3,3,0.0000
2703,7222.30,5201.17,NaN,NaN,NaN
2704,7044.68,5295.39,NaN,NaN,NaN
2705,7117.18,5335.48,NaN,NaN,NaN
2706,7101.13,5112.82,0,0,0.0000
2707,7216.02,5301.77,NaN,NaN,NaN
2708,7045.36,5048.54,0,0,0.0000
2709,7226.45,5437.08,2,5,2.5000
2710,7161.96,5477.95,NaN,NaN,NaN
2711,7215.18,5500.02,0,0,0.0000
2712,7208.24,5079.79,0,0,0.0000
2713,7061.94,5498.95,NaN,NaN,NaN
2714,7105.93,4800.11,0,0,0.0000
2715,7141.65,5164.35,0,0,0.0000
2716,7143.25,5427.05,0,0,0.0000
2717,7265.55,5370.43,2,4,2.0000
2718,7270.79,5051.15,NaN,NaN,NaN
2719,7185.71,5119.35,0,0,0.0000
2720,7176.48,5193.39,NaN,NaN,NaN
2721,7055.03,5114.81,0,0,0.0000
2722,7262.24,5257.08,NaN,NaN,NaN
2723,7309.05,5220.94,3,6,2.0000
2724,7297.31,5438.20,2,4,2.0000
2725,7318.61,5403.23,NaN,NaN,NaN
2726,7415.79,5347.94,0,0,0.0000
2727,266.98,6215.83,NaN,NaN,NaN
2728,722.77,5686.89,2,4,2.0000
2729,368.60,6052.87,0,0,0.0000
2730,488.25,6082.65,NaN,NaN,NaN
2731,393.93,5526.40,NaN,NaN,NaN
2732,267.84,5637.84,NaN,NaN,NaN
2733,497.31,5647.78,NaN,NaN,NaN
2734,499.28,5768.28,NaN,NaN,NaN
2735,709.84,5934.00,NaN,NaN,NaN
2736,660.03,6042.19,NaN,NaN,NaN
2737,188.10,5802.40,3,4,0.0000
2738,507.57,5839.50,0,0,0.0000
2739,330.91,5773.42,NaN,NaN,NaN
2740,196.17,5530.69,NaN,NaN,NaN
2741,616.81,5922.74,NaN,NaN,NaN
2742,399.62,6180.18,NaN,NaN,NaN
2743,422.25,5719.30,0,0,0.0000
2744,200.69,5952.45,NaN,NaN,NaN
2745,500.67,6257.20,NaN,NaN,NaN
2746,847.12,5696.08,NaN,NaN,NaN
2747,832.78,5603.73,NaN,NaN,NaN
2748,100.38,5876.25,NaN,NaN,NaN
2749,166.11,6179.70,0,0,0.0000
2750,416.02,5887.89,NaN,NaN,NaN
2751,456.45,5951.88,3,6,2.0000
2752,275.90,5967.38,NaN,NaN,NaN
2753,546.40,5884.86,0,0,0.0000
2754,699.34,5851.48,NaN,NaN,NaN
2755,178.15,5612.71,3,5,0.0000
2756,423.86,5617.87,NaN,NaN,NaN
2757,568.07,5690.59,2,3,0.0000
2758,527.42,6156.11,4,7,0.0000
2759,271.87,5838.58,NaN,NaN,NaN
2760,550.62,6085.28,NaN,NaN,NaN
2761,100.40,6243.27,2,4,2.0000
2762,69.41,5508.40,3,1,0.0000
2763,629.41,5984.20,0,0,0.0000
2764,891.63,5799.00,NaN,NaN,NaN
2765,110.14,5572.03,0,0,0.0000
2766,604.29,6118.65,2,6,3.0000
2767,685.47,5752.51,NaN,NaN,NaN
2768,297.80,6117.28,2,6,3.0000
2769,352.24,5939.48,NaN,NaN,NaN
2770,97.82,6115.27,NaN,NaN,NaN
2771,281.79,5552.39,NaN,NaN,NaN
2772,614.66,5803.65,NaN,NaN,NaN
2773,823.94,5528.12,0,0,0.0000
2774,107.13,6181.92,0,0,0.0000
2775,342.70,6151.65,NaN,NaN,NaN
2776,570.07,6191.27,NaN,NaN,NaN
2777,360.50,5688.61,0,0,0.0000
2778,436.74,6232.20,0,0,0.0000
2779,252.57,5759.33,0,0,0.0000
2780,117.25,5927.63,NaN,NaN,NaN
2781,365.24,5602.05,NaN,NaN,NaN
2782,612.55,5630.92,0,0,0.0000
2783,506.41,6204.32,3,2,0.0000
2784,105.10,5766.68,NaN,NaN,NaN
2785,522.38,5987.22,0,0,0.0000
2786,111.31,5980.93,NaN,NaN,NaN
2787,122.91,5730.80,2,7,3.5000
2788,752.48,5788.85,NaN,NaN,NaN
2789,561.49,6265.91,NaN,NaN,NaN
2790,817.70,5883.15,2,8,4.0000
2791,457.52,6030.77,NaN,NaN,NaN
2792,598.17,5753.03,NaN,NaN,NaN
2793,416.23,6108.54,NaN,NaN,NaN
2794,409.74,5805.93,0,0,0.0000
2795,615.46,5852.99,NaN,NaN,NaN
2796,330.98,5865.86,0,0,0.0000
2797,39.68,5745.59,NaN,NaN,NaN
2798,222.68,5894.59,2,4,2.0000
2799,331.06,5574.79,2,5,2.5000
2800,818.74,5753.00,3,5,0.0000
2801,1274.76,5586.36,NaN,NaN,NaN
2802,1008.30,5545.05,NaN,NaN,NaN
2803,1474.73,6003.28,0,0,0.0000
2804,1316.14,6076.87,NaN,NaN,NaN
2805,1567.00,5866.32,NaN,NaN,NaN
2806,1450.11,5731.51,NaN,NaN,NaN
2807,1609.32,5952.44,0,0,0.0000
2808,1402.76,5971.23,3,3,0.0000
2809,1651.27,6106.09,0,0,0.0000
2810,1084.37,5851.96,NaN,NaN,NaN
2811,1573.37,6094.53,NaN,NaN,NaN
2812,1569.71,5605.19,0,0,0.0000
2813,1632.31,6198.20,2,6,3.0000
2814,1164.24,6114.43,NaN,NaN,NaN
2815,1378.72,6168.85,0,0,0.0000
2816,1179.81,5579.23,NaN,NaN,NaN
2817,1161.52,5868.91,0,0,0.0000
2818,901.66,5574.06,2,3,0.0000
2819,1399.59,5621.82,NaN,NaN,NaN
2820,1510.16,5804.89,0,0,0.0000
2821,1456.27,5653.90,NaN,NaN,NaN
2822,1337.63,5685.98,NaN,NaN,NaN
2823,1560.57,5738.05,0,0,0.0000
2824,1357.63,5926.18,2,4,2.0000
2825,1486.19,5890.81,0,0,0.0000
2826,963.32,5736.23,2,5,2.5000
2827,1455.01,6108.57,3,4,0.0000
2828,1492.15,5586.19,0,0,0.0000
2829,1642.14,5807.72,NaN,NaN,NaN
2830,1005.55,5765.60,0,0,0.0000
2831,1571.09,5679.59,0,0,0.0000
2832,1635.60,5564.87,0,0,0.0000
2833,1409.76,5855.50,NaN,NaN,NaN
2834,1210.96,5795.24,2,4,2.0000
2835,1063.28,5992.31,NaN,NaN,NaN
2836,1129.08,5620.65,2,4,2.0000
2837,1226.77,6072.33,0,0,0.0000
2838,1156.75,5782.00,2,4,2.0000
2839,1383.55,5772.79,NaN,NaN,NaN
2840,1300.53,6170.38,NaN,NaN,NaN
2841,1260.88,5682.47,0,0,0.0000
2842,1060.60,5670.43,NaN,NaN,NaN
2843,1528.78,6057.45,0,0,0.0000
2844,1327.86,5515.16,2,4,2.0000
2845,1141.18,5741.49,2,2,0.0000
2846,1450.02,5836.85,0,0,0.0000
2847,1308.74,6223.27,0,0,0.0000
2848,1236.22,5725.13,NaN,NaN,NaN
2849,1177.87,5702.67,2,3,0.0000
2850,1048.47,5926.30,0,0,0.0000
2851,1360.42,6266.54,2,6,3.0000
2852,1006.32,5811.10,3,4,0.0000
2853,1862.94,6237.65,NaN,NaN,NaN
2854,1709.48,6182.87,NaN,NaN,NaN
2855,1743.03,6105.85,NaN,NaN,NaN
2856,1680.57,5604.46,0,0,0.0000
2857,1677.23,5535.58,0,0,0.0000
2858,2998.98,5537.95,NaN,NaN,NaN
2859,3174.45,5827.07,0,0,0.0000
2860,3340.14,5513.78,2,3,0.0000
2861,3288.35,5565.26,NaN,NaN,NaN
2862,3365.85,5736.54,2,4,2.0000
2863,3297.58,5740.82,0,0,0.0000
2864,3231.82,5536.54,0,0,0.0000
2865,3373.81,5681.50,NaN,NaN,NaN
2866,3315.43,5675.60,NaN,NaN,NaN
2867,3320.34,5810.72,NaN,NaN,NaN
2868,3546.08,5773.29,0,0,0.0000
2869,3254.48,5725.13,2,7,3.5000
2870,3339.58,5779.31,NaN,NaN,NaN
2871,3359.58,5622.05,0,0,0.0000
2872,4223.43,5970.25,2,1,0.0000
2873,4388.74,5614.21,NaN,NaN,NaN
2874,4723.78,6246.79,2,2,0.0000
2875,4260.90,6055.32,0,0,0.0000
2876,4320.97,5924.31,0,0,0.0000
2877,4276.09,6256.72,0,0,0.0000
2878,4664.81,6180.52,0,0,0.0000
2879,4419.03,5536.42,NaN,NaN,NaN
2880,4332.73,5642.88,NaN,NaN,NaN
2881,4504.82,5510.96,0,0,0.0000
2882,4447.51,5637.83,NaN,NaN,NaN
2883,4881.10,6249.77,2,1,0.0000
2884,5018.32,6101.34,0,0,0.0000
2885,5158.96,6164.38,0,0,0.0000
2886,5064.09,6207.72,0,0,0.0000
2887,4979.77,6265.90,0,0,0.0000
2888,4991.27,6184.26,NaN,NaN,NaN
2889,4759.01,6174.00,2,9,4.5000
2890,5250.49,6020.48,0,0,0.0000
2891,4897.78,6137.03,NaN,NaN,NaN
2892,5304.56,6249.45,NaN,NaN,NaN
2893,5265.93,6164.61,NaN,NaN,NaN
2894,4906.19,6197.43,3,3,0.0000
2895,5124.05,6128.52,0,0,0.0000
2896,5216.12,6093.31,0,0,0.0000
2897,5736.53,5867.53,NaN,NaN,NaN
2898,6018.77,5554.09,NaN,NaN,NaN
2899,6098.31,5638.35,NaN,NaN,NaN
2900,5965.25,5791.13,NaN,NaN,NaN
2901,6218.10,5891.20,NaN,NaN,NaN
2902,5869.79,5882.32,NaN,NaN,NaN
2903,5906.05,5662.02,0,0,0.0000
2904,6168.25,5748.29,NaN,NaN,NaN
2905,5665.72,5980.10,0,0,0.0000
2906,5525.69,5547.94,NaN,NaN,NaN
2907,5824.82,5932.09,NaN,NaN,NaN
2908,6256.12,5705.48,NaN,NaN,NaN
2909,5741.16,5622.42,NaN,NaN,NaN
2910,5845.14,5806.75,4,3,0.0000
2911,5888.48,5602.29,0,0,0.0000
2912,5620.36,5660.65,0,0,0.0000
2913,5830.12,5686.65,NaN,NaN,NaN
2914,5899.25,5560.12,0,0,0.0000
2915,5876.57,5762.32,0,0,0.0000
2916,5807.48,5595.91,NaN,NaN,NaN
2917,5776.60,5981.75,2,5,2.5000
2918,5730.91,5946.76,NaN,NaN,NaN
2919,6022.33,5673.70,NaN,NaN,NaN
2920,6132.25,5536.47,NaN,NaN,NaN
2921,6212.26,5973.86,2,1,0.0000
2922,6058.23,5792.56,NaN,NaN,NaN
2923,5775.24,5647.90,NaN,NaN,NaN
2924,6107.95,5816.33,NaN,NaN,NaN
2925,6219.78,5517.96,0,0,0.0000
2926,6239.81,5589.54,0,0,0.0000
2927,6149.10,6009.78,0,0,0.0000
2928,6185.34,5807.38,NaN,NaN,NaN
2929,6179.28,5614.24,NaN,NaN,NaN
2930,6087.83,5904.57,0,0,0.0000
2931,5609.70,5983.66,0,0,0.0000
2932,5954.42,6003.27,NaN,NaN,NaN
2933,5652.20,5794.57,0,0,0.0000
2934,5906.83,5722.52,NaN,NaN,NaN
2935,5818.28,6079.14,0,0,0.0000
2936,5872.22,5971.61,NaN,NaN,NaN
2937,5694.90,5815.27,NaN,NaN,NaN
2938,6222.01,5650.51,0,0,0.0000
2939,6168.39,5898.59,0,0,0.0000
2940,6129.65,5974.25,0,0,0.0000
2941,5922.55,6060.17,2,4,2.0000
2942,6631.32,5533.97,2,3,0.0000
2943,7014.16,6122.09,2,6,3.0000
2944,6421.64,5578.76,NaN,NaN,NaN
2945,6330.30,5558.75,2,2,0.0000
2946,6761.50,5983.27,NaN,NaN,NaN
2947,6976.15,5519.96,NaN,NaN,NaN
2948,6906.00,6188.27,NaN,NaN,NaN
2949,6906.59,6092.19,NaN,NaN,NaN
2950,6891.06,5575.48,NaN,NaN,NaN
2951,6693.21,5677.78,2,3,0.0000
2952,6787.45,5901.19,NaN,NaN,NaN
2953,7037.60,5922.54,NaN,NaN,NaN
2954,6781.14,5745.30,0,0,0.0000
2955,6963.88,5689.75,0,0,0.0000
2956,6601.96,5815.09,NaN,NaN,NaN
2957,6828.80,6211.31,NaN,NaN,NaN
2958,6618.60,6004.99,0,0,0.0000
2959,6490.74,5633.92,0,0,0.0000
2960,6688.19,6039.41,0,0,0.0000
2961,6964.77,6001.32,2,5,2.5000
2962,6754.75,6267.20,3,6,2.0000
2963,6655.36,6116.54,0,0,0.0000
2964,6991.14,5590.67,NaN,NaN,NaN
2965,6315.81,5657.08,NaN,NaN,NaN
2966,6541.06,5930.67,NaN,NaN,NaN
2967,6708.57,5851.38,NaN,NaN,NaN
2968,6686.22,6166.77,2,8,4.0000
2969,6881.40,5853.45,3,4,0.0000
2970,6424.46,5675.49,0,0,0.0000
2971,6826.07,6021.58,NaN,NaN,NaN
2972,6973.14,5770.06,2,5,2.5000
2973,6923.83,5923.12,2,8,4.0000
2974,7018.03,5641.88,0,0,0.0000
2975,6491.47,6053.07,NaN,NaN,NaN
2976,6885.04,6035.85,2,2,0.0000
2977,6732.78,6201.77,NaN,NaN,NaN
2978,6528.66,5543.54,NaN,NaN,NaN
2979,6958.43,5850.56,2,3,0.0000
2980,6614.13,5894.90,0,0,0.0000
2981,7031.45,5823.76,0,0,0.0000
2982,6585.74,6101.74,0,0,0.0000
2983,6823.73,5684.24,NaN,NaN,NaN
2984,6569.19,5690.80,0,0,0.0000
2985,6393.00,6044.90,0,0,0.0000
2986,6923.61,5790.74,NaN,NaN,NaN
2987,6456.82,6034.48,NaN,NaN,NaN
2988,6823.15,5820.67,NaN,NaN,NaN
2989,6611.73,5736.28,0,0,0.0000
2990,6652.92,5839.33,NaN,NaN,NaN
2991,6780.03,5645.07,2,4,2.0000
2992,6493.88,5504.50,NaN,NaN,NaN
2993,6673.78,5905.50,2,4,2.0000
2994,6718.58,6109.03,0,0,0.0000
2995,6592.92,6061.33,0,0,0.0000
2996,6524.99,5659.78,0,0,0.0000
2997,6854.21,5939.63,3,8,2.6667
2998,6774.26,5840.36,0,0,0.0000
2999,6429.03,5713.90,0,0,0.0000
3000,7003.24,6250.13,0,0,0.0000
3001,6716.63,5522.39,NaN,NaN,NaN
3002,6585.98,6165.58,NaN,NaN,NaN
3003,7153.28,5853.37,0,0,0.0000
3004,7070.23,5634.70,NaN,NaN,NaN
3005,7188.08,5996.23,0,0,0.0000
3006,7065.49,6257.66,NaN,NaN,NaN
3007,7251.89,5660.87,NaN,NaN,NaN
3008,7135.12,6256.43,NaN,NaN,NaN
3009,7260.76,5807.78,0,0,0.0000
3010,7100.28,6018.67,0,0,0.0000
3011,7172.79,6106.53,NaN,NaN,NaN
3012,7154.15,6174.48,NaN,NaN,NaN
3013,7138.44,5723.13,3,4,0.0000
3014,7046.99,6009.57,NaN,NaN,NaN
3015,7195.48,5574.76,NaN,NaN,NaN
3016,7181.47,5625.10,4,7,0.0000
3017,144.25,6324.72,NaN,NaN,NaN
3018,383.10,6326.92,0,0,0.0000
3019,465.49,6959.73,2,2,0.0000
3020,326.68,6535.77,NaN,NaN,NaN
3021,633.74,6607.06,NaN,NaN,NaN
3022,385.28,6463.50,NaN,NaN,NaN
3023,290.55,6423.81,3,7,2.3333
3024,340.64,6747.87,NaN,NaN,NaN
3025,514.46,6621.09,2,5,2.5000
3026,422.68,6628.50,NaN,NaN,NaN
3027,585.82,6785.66,NaN,NaN,NaN
3028,97.61,6453.92,NaN,NaN,NaN
3029,508.32,6834.71,2,4,2.0000
3030,655.59,6810.34,2,3,0.0000
3031,411.46,6795.27,2,2,0.0000
3032,567.12,6354.02,0,0,0.0000
3033,499.01,6762.33,NaN,NaN,NaN
3034,484.70,6550.28,2,3,0.0000
3035,649.91,6469.10,4,6,0.0000
3036,647.05,6906.63,0,0,0.0000
3037,574.44,6868.40,NaN,NaN,NaN
3038,689.15,6534.72,3,7,2.3333
3039,374.05,7005.25,0,0,0.0000
3040,468.79,6338.31,2,2,0.0000
3041,412.36,6898.11,2,4,2.0000
3042,227.72,6367.20,NaN,NaN,NaN
3043,286.25,6861.72,NaN,NaN,NaN
3044,596.18,6518.93,NaN,NaN,NaN
3045,485.40,6394.23,NaN,NaN,NaN
3046,166.61,6460.05,NaN,NaN,NaN
3047,265.14,7018.68,0,0,0.0000
3048,536.70,6515.61,2,4,2.0000
3049,575.07,6700.05,NaN,NaN,NaN
3050,552.08,6956.35,2,7,3.5000
3051,364.64,6945.61,NaN,NaN,NaN
3052,480.97,6673.63,NaN,NaN,NaN
3053,350.50,6666.87,2,3,0.0000
3054,269.03,6308.63,2,3,0.0000
3055,643.76,6695.91,NaN,NaN,NaN
3056,700.94,6587.25,2,2,0.0000
3057,385.63,6703.61,NaN,NaN,NaN
3058,480.58,6476.75,0,0,0.0000
3059,319.76,7036.13,3,2,0.0000
3060,169.58,6515.32,NaN,NaN,NaN
3061,224.13,6475.27,NaN,NaN,NaN
3062,592.46,6421.12,NaN,NaN,NaN
3063,642.47,6343.35,NaN,NaN,NaN
3064,323.17,6631.99,NaN,NaN,NaN
3065,347.63,6843.55,NaN,NaN,NaN
3066,242.10,6780.04,NaN,NaN,NaN
3067,436.07,6724.65,0,0,0.0000
3068,674.15,6298.98,NaN,NaN,NaN
3069,634.45,6738.45,NaN,NaN,NaN
3070,293.21,6787.94,NaN,NaN,NaN
3071,230.21,6845.00,0,0,0.0000
3072,509.71,6421.86,0,0,0.0000
3073,626.54,6405.63,NaN,NaN,NaN
3074,598.75,6928.78,NaN,NaN,NaN
3075,619.61,6658.34,NaN,NaN,NaN
3076,528.99,6693.23,NaN,NaN,NaN
3077,26.35,6362.07,0,0,0.0000
3078,683.46,6747.71,NaN,NaN,NaN
3079,568.27,6462.94,0,0,0.0000
3080,1246.73,6278.53,NaN,NaN,NaN
3081,1659.88,6773.83,0,0,0.0000
3082,1460.95,6487.75,NaN,NaN,NaN
3083,1492.29,6367.23,NaN,NaN,NaN
3084,1544.64,6753.80,3,4,0.0000
3085,1566.18,6436.72,NaN,NaN,NaN
3086,1388.91,6613.26,3,4,0.0000
3087,1533.96,6655.69,NaN,NaN,NaN
3088,1450.91,6648.65,0,0,0.0000
3089,1338.32,6375.75,3,7,2.3333
3090,1597.86,6670.72,3,6,2.0000
3091,1566.49,6294.52,0,0,0.0000
3092,1456.46,6744.05,2,2,0.0000
3093,1396.20,6499.47,NaN,NaN,NaN
3094,1332.11,6535.19,2,3,0.0000
3095,1652.42,6281.95,0,0,0.0000
3096,1522.81,6821.59,NaN,NaN,NaN
3097,1410.90,6389.41,NaN,NaN,NaN
3098,1557.90,6554.57,NaN,NaN,NaN
3099,1620.58,6354.97,2,5,2.5000
3100,1494.31,6701.13,0,0,0.0000
3101,1407.02,6708.49,NaN,NaN,NaN
3102,1392.65,6277.74,NaN,NaN,NaN
3103,1350.96,6658.92,NaN,NaN,NaN
3104,1444.73,6311.06,NaN,NaN,NaN
3105,1492.45,6587.90,2,3,0.0000
3106,1230.25,6420.46,0,0,0.0000
3107,1432.51,6572.91,0,0,0.0000
3108,1307.97,6474.82,NaN,NaN,NaN
3109,1595.35,6849.11,2,3,0.0000
3110,1342.09,6619.65,NaN,NaN,NaN
3111,1609.52,6514.65,0,0,0.0000
3112,1345.82,6480.72,NaN,NaN,NaN
3113,1665.26,6779.98,0,0,0.0000
3114,1677.23,6609.13,0,0,0.0000
3115,1759.11,6274.61,2,4,2.0000
3116,1905.41,6808.08,0,0,0.0000
3117,1837.04,6413.03,NaN,NaN,NaN
3118,1729.39,6859.35,2,5,2.5000
3119,1806.90,6512.14,NaN,NaN,NaN
3120,1884.97,6603.73,NaN,NaN,NaN
3121,1971.17,6770.25,0,0,0.0000
3122,1959.47,6604.68,NaN,NaN,NaN
3123,2019.63,6680.53,NaN,NaN,NaN
3124,1714.86,6378.26,2,2,0.0000
3125,2056.53,6864.22,3,6,2.0000
3126,1965.27,6363.68,0,0,0.0000
3127,1908.96,6480.67,NaN,NaN,NaN
3128,1994.74,6932.01,NaN,NaN,NaN
3129,1952.47,6439.87,NaN,NaN,NaN
3130,1860.13,6319.68,NaN,NaN,NaN
3131,1679.22,6483.72,NaN,NaN,NaN
3132,1868.50,6993.48,3,4,0.0000
3133,1809.94,6948.16,NaN,NaN,NaN
3134,1831.78,7009.31,3,2,0.0000
3135,1801.26,6893.87,3,4,0.0000
3136,1943.19,6702.15,0,0,0.0000
3137,1784.31,6724.09,NaN,NaN,NaN
3138,1859.10,6708.35,0,0,0.0000
3139,1941.21,6310.98,2,3,0.0000
3140,1752.50,6934.66,2,2,0.0000
3141,2041.65,6943.90,0,0,0.0000
3142,1666.85,6404.77,2,6,3.0000
3143,1977.00,6526.92,4,6,0.0000
3144,1793.84,6625.90,0,0,0.0000
3145,1892.63,6539.32,NaN,NaN,NaN
3146,2108.81,6913.46,2,2,0.0000
3147,2119.19,6988.88,6,6,0.0000
3148,1807.05,6671.69,0,0,0.0000
3149,1758.67,6494.31,NaN,NaN,NaN
3150,1779.82,6378.23,NaN,NaN,NaN
3151,1767.47,6552.11,0,0,0.0000
3152,1894.40,6388.19,0,0,0.0000
3153,2946.68,6532.36,NaN,NaN,NaN
3154,2939.75,6615.38,NaN,NaN,NaN
3155,2970.77,6811.61,NaN,NaN,NaN
3156,2895.91,6462.50,NaN,NaN,NaN
3157,2970.78,6736.78,NaN,NaN,NaN
3158,2968.64,6921.52,NaN,NaN,NaN
3159,2945.00,6396.30,2,4,2.0000
3160,2982.81,6977.77,NaN,NaN,NaN
3161,2966.78,6454.60,2,3,0.0000
3162,2954.17,6869.79,0,0,0.0000
3163,3830.11,6988.52,2,3,0.0000
3164,3443.38,6417.99,2,2,0.0000
3165,3740.20,7009.41,NaN,NaN,NaN
3166,3391.37,6733.11,NaN,NaN,NaN
3167,3353.57,6533.71,0,0,0.0000
3168,3419.65,6691.46,NaN,NaN,NaN
3169,3729.88,6942.10,NaN,NaN,NaN
3170,3329.41,6646.49,0,0,0.0000
3171,3568.29,6988.51,0,0,0.0000
3172,3401.33,6520.38,0,0,0.0000
3173,3303.01,6719.95,NaN,NaN,NaN
3174,3698.63,6964.37,NaN,NaN,NaN
3175,3323.74,6586.99,NaN,NaN,NaN
3176,3356.33,6596.38,NaN,NaN,NaN
3177,3469.11,6754.11,0,0,0.0000
3178,3392.68,6560.49,0,0,0.0000
3179,3464.53,6801.98,0,0,0.0000
3180,3588.39,6906.32,0,0,0.0000
3181,4675.41,7003.49,2,3,0.0000
3182,4734.34,6440.60,2,5,2.5000
3183,4734.80,6388.77,NaN,NaN,NaN
3184,4608.32,6964.77,NaN,NaN,NaN
3185,4316.74,6336.94,NaN,NaN,NaN
3186,4711.41,6514.78,3,5,0.0000
3187,4708.61,6768.05,0,0,0.0000
3188,4713.35,6693.38,0,0,0.0000
3189,4697.47,6608.77,NaN,NaN,NaN
3190,4658.59,6669.87,NaN,NaN,NaN
3191,4614.86,6905.17,NaN,NaN,NaN
3192,4692.90,6466.87,NaN,NaN,NaN
3193,4712.46,6900.55,NaN,NaN,NaN
3194,5480.33,6751.19,0,0,0.0000
3195,4860.45,7014.11,NaN,NaN,NaN
3196,5191.82,6680.62,NaN,NaN,NaN
3197,4935.96,6953.68,NaN,NaN,NaN
3198,4928.72,6724.86,NaN,NaN,NaN
3199,5423.94,6893.33,0,0,0.0000
3200,4815.35,6430.11,2,3,0.0000
3201,5355.56,6677.58,NaN,NaN,NaN
3202,5358.37,7032.03,2,1,0.0000
3203,5061.11,6305.19,NaN,NaN,NaN
3204,5441.60,6979.31,2,8,4.0000
3205,5268.73,6846.14,NaN,NaN,NaN
3206,4960.32,6829.54,NaN,NaN,NaN
3207,5334.68,6876.10,NaN,NaN,NaN
3208,5053.85,6954.47,0,0,0.0000
3209,4798.10,6945.81,NaN,NaN,NaN
3210,4923.23,6633.13,0,0,0.0000
3211,5048.24,6802.51,NaN,NaN,NaN
3212,5135.98,6783.60,NaN,NaN,NaN
3213,5198.21,6981.61,NaN,NaN,NaN
3214,5137.87,6890.98,NaN,NaN,NaN
3215,5245.82,6520.84,NaN,NaN,NaN
3216,5313.77,6586.30,NaN,NaN,NaN
3217,4758.78,6564.11,NaN,NaN,NaN
3218,5418.39,6798.82,0,0,0.0000
3219,4855.80,6897.59,0,0,0.0000
3220,5326.60,6751.45,0,0,0.0000
3221,5205.48,6910.10,NaN,NaN,NaN
3222,4794.40,6507.07,NaN,NaN,NaN
3223,5265.49,6773.47,0,0,0.0000
3224,4849.89,6777.04,NaN,NaN,NaN
3225,5447.11,6647.23,0,0,0.0000
3226,5294.21,6988.56,NaN,NaN,NaN
3227,5101.00,6394.70,NaN,NaN,NaN
3228,5120.70,6634.55,NaN,NaN,NaN
3229,4806.14,6852.17,0,0,0.0000
3230,4983.52,6733.35,NaN,NaN,NaN
3231,4782.49,6792.24,2,4,2.0000
3232,4751.00,6857.79,NaN,NaN,NaN
3233,5362.67,6556.36,NaN,NaN,NaN
3234,5086.73,7031.17,0,0,0.0000
3235,5013.07,6381.77,0,0,0.0000
3236,4996.70,6906.66,0,0,0.0000
3237,5043.69,6430.90,NaN,NaN,NaN
3238,5119.30,6569.83,0,0,0.0000
3239,5156.33,6347.92,0,0,0.0000
3240,4948.45,6319.83,2,5,2.5000
3241,5238.83,6297.33,NaN,NaN,NaN
3242,4864.65,6677.48,0,0,0.0000
3243,5305.17,6509.53,NaN,NaN,NaN
3244,5401.21,6460.63,0,0,0.0000
3245,4741.47,6978.63,0,0,0.0000
3246,5048.56,6698.66,0,0,0.0000
3247,5032.62,6871.18,0,0,0.0000
3248,5220.15,6620.64,NaN,NaN,NaN
3249,5234.96,6724.36,0,0,0.0000
3250,5007.44,6748.35,NaN,NaN,NaN
3251,4895.75,6850.61,NaN,NaN,NaN
3252,5259.86,6588.65,NaN,NaN,NaN
3253,5185.47,6303.72,0,0,0.0000
3254,5182.03,6849.48,NaN,NaN,NaN
3255,5127.88,6950.83,NaN,NaN,NaN
3256,5007.85,6334.17,NaN,NaN,NaN
3257,5099.03,6607.99,0,0,0.0000
3258,5214.26,6577.52,NaN,NaN,NaN
3259,4856.41,6828.66,NaN,NaN,NaN
3260,5068.83,6747.10,NaN,NaN,NaN
3261,5470.17,6479.62,0,0,0.0000
3262,5422.80,6679.76,0,0,0.0000
3263,5173.15,6650.24,NaN,NaN,NaN
3264,5195.34,6535.36,0,0,0.0000
3265,5154.93,6735.23,0,0,0.0000
3266,5126.01,6995.27,NaN,NaN,NaN
3267,5042.21,7039.72,0,0,0.0000
3268,5120.81,6836.20,NaN,NaN,NaN
3269,5279.77,6300.07,NaN,NaN,NaN
3270,5188.97,6604.16,NaN,NaN,NaN
3271,5238.03,7025.53,2,3,0.0000
3272,4768.95,6895.36,NaN,NaN,NaN
3273,5623.25,6804.21,NaN,NaN,NaN
3274,5532.14,6604.18,2,7,3.5000
3275,5508.65,6869.78,0,0,0.0000
3276,5553.43,6449.78,NaN,NaN,NaN
3277,5536.17,6528.90,0,0,0.0000
3278,5719.70,6796.92,0,0,0.0000
3279,5641.15,6506.41,NaN,NaN,NaN
3280,5513.60,6363.88,2,5,2.5000
3281,5746.81,6486.26,0,0,0.0000
3282,5571.90,6360.45,3,6,2.0000
3283,5756.27,6928.89,NaN,NaN,NaN
3284,5653.72,6588.43,NaN,NaN,NaN
3285,5589.86,6895.16,0,0,0.0000
3286,5551.17,6973.20,2,8,4.0000
3287,5617.25,6936.18,0,0,0.0000
3288,5807.85,6930.03,NaN,NaN,NaN
3289,5515.18,7013.66,NaN,NaN,NaN
3290,6716.62,6351.93,3,7,2.3333
3291,6971.66,6533.89,3,2,0.0000
3292,6870.25,6522.61,3,4,0.0000
3293,6607.43,6319.62,3,4,0.0000
3294,6803.26,6698.84,NaN,NaN,NaN
3295,6839.00,6389.56,7,14,2.0000
3296,6897.54,6606.84,NaN,NaN,NaN
3297,6660.13,6287.82,0,0,0.0000
3298,6794.57,6566.87,NaN,NaN,NaN
3299,6851.10,6614.82,0,0,0.0000
3300,6870.49,6685.16,NaN,NaN,NaN
3301,7027.62,6506.26,0,0,0.0000
3302,6844.72,6761.79,0,0,0.0000
3303,6803.36,6752.76,NaN,NaN,NaN
3304,6917.29,6490.07,3,6,2.0000
3305,7056.23,6436.15,NaN,NaN,NaN
3306,7049.72,6330.92,NaN,NaN,NaN
3307,7135.66,6402.01,0,0,0.0000
3308,7182.12,6467.73,NaN,NaN,NaN
3309,7138.84,6330.65,NaN,NaN,NaN
3310,1894.79,7040.77,NaN,NaN,NaN
3311,1906.09,7095.60,0,0,0.0000
3312,2917.92,7223.87,0,0,0.0000
3313,3837.76,7091.50,3,5,0.0000
3314,3870.76,7240.76,2,2,0.0000
3315,3786.84,7216.14,NaN,NaN,NaN
3316,3967.46,7059.09,0,0,0.0000
3317,3728.90,7112.06,NaN,NaN,NaN
3318,3763.32,7075.36,NaN,NaN,NaN
3319,3911.09,7055.36,0,0,0.0000
3320,3471.11,7112.09,NaN,NaN,NaN
3321,3438.01,7152.19,NaN,NaN,NaN
3322,3489.56,7169.62,NaN,NaN,NaN
3323,3706.65,7175.77,NaN,NaN,NaN
3324,3455.78,7054.94,2,4,2.0000
3325,3716.94,7213.42,0,0,0.0000
3326,3937.49,7198.61,2,4,2.0000
3327,4722.83,7177.25,4,4,0.0000
3328,5402.51,7197.27,NaN,NaN,NaN
3329,4843.46,7259.87,0,0,0.0000
3330,5161.60,7143.27,0,0,0.0000
3331,5266.83,7190.87,0,0,0.0000
3332,5049.68,7201.03,NaN,NaN,NaN
3333,5269.64,7097.13,NaN,NaN,NaN
3334,5173.41,7241.68,3,7,2.3333
3335,4775.20,7282.51,NaN,NaN,NaN
3336,4933.93,7122.26,2,3,0.0000
3337,4951.62,7043.83,NaN,NaN,NaN
3338,5351.72,7232.61,2,6,3.0000
3339,4862.48,7134.64,0,0,0.0000
3340,4744.53,7044.54,NaN,NaN,NaN
3341,5247.41,7280.17,NaN,NaN,NaN
3342,5187.44,7063.88,0,0,0.0000
3343,4887.37,7176.68,NaN,NaN,NaN
3344,5466.72,7113.01,NaN,NaN,NaN
3345,5120.84,7076.03,0,0,0.0000
3346,4990.76,7207.69,NaN,NaN,NaN
3347,4993.97,7089.12,NaN,NaN,NaN
3348,4808.17,7065.01,NaN,NaN,NaN
3349,5076.05,7116.53,0,0,0.0000
3350,5379.00,7287.30,2,2,0.0000
3351,4971.03,7271.33,3,2,0.0000
3352,4918.18,7233.47,NaN,NaN,NaN
3353,5015.64,7135.82,NaN,NaN,NaN
3354,4938.71,7264.61,NaN,NaN,NaN
3355,4861.68,7096.84,NaN,NaN,NaN
3356,5583.07,7159.62,3,13,4.3333
3357,5921.46,7278.15,0,0,0.0000
3358,265.80,7842.34,NaN,NaN,NaN
3359,235.20,7626.35,NaN,NaN,NaN
3360,443.92,7977.24,2,4,2.0000
3361,303.03,8109.92,NaN,NaN,NaN
3362,325.21,7527.95,3,2,0.0000
3363,669.00,8131.17,0,0,0.0000
3364,420.54,8089.37,NaN,NaN,NaN
3365,627.43,7955.97,NaN,NaN,NaN
3366,437.64,7789.96,NaN,NaN,NaN
3367,325.10,7774.22,2,3,0.0000
3368,850.71,8046.07,NaN,NaN,NaN
3369,690.61,7867.07,2,2,0.0000
3370,418.23,7656.84,2,4,2.0000
3371,492.41,7721.70,NaN,NaN,NaN
3372,773.06,8078.11,NaN,NaN,NaN
3373,192.15,8044.18,NaN,NaN,NaN
3374,58.43,8007.19,0,0,0.0000
3375,59.34,7627.05,0,0,0.0000
3376,521.08,7783.88,NaN,NaN,NaN
3377,398.95,7570.27,2,3,0.0000
3378,115.93,7543.76,NaN,NaN,NaN
3379,111.98,7676.25,NaN,NaN,NaN
3380,104.38,8099.62,NaN,NaN,NaN
3381,498.65,7628.13,0,0,0.0000
3382,454.05,7879.25,0,0,0.0000
3383,268.93,7954.81,NaN,NaN,NaN
3384,348.62,7646.43,NaN,NaN,NaN
3385,814.75,7787.16,NaN,NaN,NaN
3386,752.24,8142.64,3,6,2.0000
3387,710.55,8038.58,NaN,NaN,NaN
3388,427.32,7491.50,NaN,NaN,NaN
3389,822.17,7871.12,2,4,2.0000
3390,577.32,8047.21,NaN,NaN,NaN
3391,809.49,7942.01,NaN,NaN,NaN
3392,558.92,8122.44,0,0,0.0000
3393,465.82,7561.98,2,5,2.5000
3394,184.83,7463.36,2,3,0.0000
3395,491.60,8171.43,NaN,NaN,NaN
3396,102.69,7813.51,NaN,NaN,NaN
3397,194.43,7933.42,NaN,NaN,NaN
3398,368.55,7823.19,0,0,0.0000
3399,146.36,7596.87,0,0,0.0000
3400,88.17,7963.19,NaN,NaN,NaN
3401,536.85,7505.84,NaN,NaN,NaN
3402,518.73,7864.31,3,4,0.0000
3403,505.81,8123.51,NaN,NaN,NaN
3404,100.29,7904.10,0,0,0.0000
3405,277.55,7705.89,2,5,2.5000
3406,624.17,8069.86,NaN,NaN,NaN
3407,333.02,8029.23,NaN,NaN,NaN
3408,197.22,7517.47,NaN,NaN,NaN
3409,842.86,7744.69,NaN,NaN,NaN
3410,132.79,7442.62,0,0,0.0000
3411,265.11,7472.77,NaN,NaN,NaN
3412,149.27,7792.77,NaN,NaN,NaN
3413,762.98,7624.29,NaN,NaN,NaN
3414,482.30,8071.89,NaN,NaN,NaN
3415,737.27,7790.40,0,0,0.0000
3416,739.82,7959.88,NaN,NaN,NaN
3417,198.24,8118.51,0,0,0.0000
3418,185.33,7776.74,2,6,3.0000
3419,177.20,7850.44,NaN,NaN,NaN
3420,858.37,7665.84,0,0,0.0000
3421,864.95,7843.86,0,0,0.0000
3422,384.69,8144.91,4,4,0.0000
3423,787.34,7988.56,0,0,0.0000
3424,823.85,8127.51,0,0,0.0000
3425,20.04,7541.37,0,0,0.0000
3426,33.97,7435.43,0,0,0.0000
3427,160.54,8153.78,0,0,0.0000
3428,534.51,8062.71,3,3,0.0000
3429,126.00,8026.86,NaN,NaN,NaN
3430,146.55,7964.53,0,0,0.0000
3431,1072.43,7989.80,0,0,0.0000
3432,1278.65,8101.95,NaN,NaN,NaN
3433,916.35,7974.31,NaN,NaN,NaN
3434,1160.93,8009.14,NaN,NaN,NaN
3435,918.85,7731.31,NaN,NaN,NaN
3436,920.63,7867.06,NaN,NaN,NaN
3437,1184.08,8113.79,NaN,NaN,NaN
3438,1091.66,7750.75,NaN,NaN,NaN
3439,1250.33,7993.34,0,0,0.0000
3440,1326.85,7966.53,3,4,0.0000
3441,1236.49,7834.21,NaN,NaN,NaN
3442,1074.95,8115.03,NaN,NaN,NaN
3443,1005.90,7930.20,NaN,NaN,NaN
3444,988.70,7796.88,NaN,NaN,NaN
3445,1181.02,7762.43,NaN,NaN,NaN
3446,1065.26,7871.07,NaN,NaN,NaN
3447,1158.00,7839.44,0,0,0.0000
3448,1024.12,7721.35,NaN,NaN,NaN
3449,1183.65,7884.97,0,0,0.0000
3450,1220.97,7912.77,0,0,0.0000
3451,900.97,8104.27,0,0,0.0000
3452,2357.54,8052.23,4,3,0.0000
3453,2265.34,7807.19,0,0,0.0000
3454,2388.31,8148.13,NaN,NaN,NaN
3455,2215.84,7788.69,NaN,NaN,NaN
3456,2285.93,7903.13,0,0,0.0000
3457,2904.54,7406.06,0,0,0.0000
3458,3145.81,7974.46,NaN,NaN,NaN
3459,2918.40,7546.13,NaN,NaN,NaN
3460,2883.00,7301.47,NaN,NaN,NaN
3461,3178.35,8111.06,0,0,0.0000
3462,2439.20,8071.39,NaN,NaN,NaN
3463,2839.11,7406.46,0,0,0.0000
3464,2864.25,8043.20,0,0,0.0000
3465,2883.34,7942.09,NaN,NaN,NaN
3466,2825.32,7980.59,NaN,NaN,NaN
3467,3876.99,8063.77,NaN,NaN,NaN
3468,3857.27,7465.49,0,0,0.0000
3469,3871.32,7339.37,NaN,NaN,NaN
3470,3204.89,7947.94,NaN,NaN,NaN
3471,3816.74,7338.53,2,4,2.0000
3472,3714.26,7328.32,3,15,5.0000
3473,3784.13,7390.51,NaN,NaN,NaN
3474,3916.86,7427.28,NaN,NaN,NaN
3475,3233.36,8019.86,NaN,NaN,NaN
3476,3932.69,7297.42,NaN,NaN,NaN
3477,3869.39,7992.36,NaN,NaN,NaN
3478,3814.44,7482.14,NaN,NaN,NaN
3479,3750.87,7412.57,NaN,NaN,NaN
3480,3548.15,7382.07,0,0,0.0000
3481,3912.72,7499.38,NaN,NaN,NaN
3482,4079.19,7733.12,NaN,NaN,NaN
3483,5129.12,8134.92,NaN,NaN,NaN
3484,5323.72,7497.73,2,2,0.0000
3485,5416.43,7388.26,2,3,0.0000
3486,5065.86,7385.08,NaN,NaN,NaN
3487,5018.07,7312.87,NaN,NaN,NaN
3488,5400.92,7714.50,0,0,0.0000
3489,5195.70,7345.07,NaN,NaN,NaN
3490,5045.79,7565.89,0,0,0.0000
3491,5501.65,7744.65,NaN,NaN,NaN
3492,5404.43,7551.23,NaN,NaN,NaN
3493,5235.89,7458.18,NaN,NaN,NaN
3494,5286.22,7372.36,0,0,0.0000
3495,4906.32,7372.30,2,3,0.0000
3496,5493.15,7651.21,0,0,0.0000
3497,5166.71,7389.82,NaN,NaN,NaN
3498,4828.39,7328.77,NaN,NaN,NaN
3499,5187.22,7525.88,0,0,0.0000
3500,5421.65,7633.79,NaN,NaN,NaN
3501,5037.95,7451.09,2,4,2.0000
3502,5182.77,7476.25,NaN,NaN,NaN
3503,5467.03,7783.59,0,0,0.0000
3504,5213.89,7631.90,3,5,0.0000
3505,5503.12,7416.08,NaN,NaN,NaN
3506,5481.53,7579.29,0,0,0.0000
3507,5460.09,7701.47,NaN,NaN,NaN
3508,5261.16,7638.83,0,0,0.0000
3509,4935.70,7431.14,NaN,NaN,NaN
3510,4918.45,7299.37,0,0,0.0000
3511,5444.57,7482.50,NaN,NaN,NaN
3512,5092.67,7520.93,0,0,0.0000
3513,5109.21,7299.78,NaN,NaN,NaN
3514,5325.15,7652.02,NaN,NaN,NaN
3515,5348.79,7617.83,NaN,NaN,NaN
3516,5393.83,7596.47,NaN,NaN,NaN
3517,5130.32,7550.22,NaN,NaN,NaN
3518,5111.20,7454.89,NaN,NaN,NaN
3519,4910.11,7332.80,0,0,0.0000
3520,5280.89,7608.15,3,4,0.0000
3521,5154.48,7431.08,0,0,0.0000
3522,5418.54,7297.74,NaN,NaN,NaN
3523,5382.46,7337.61,2,1,0.0000
3524,5251.24,7413.49,2,3,0.0000
3525,5193.59,8144.92,0,0,0.0000
3526,5050.05,8182.40,0,0,0.0000
3527,5000.45,7456.42,NaN,NaN,NaN
3528,5399.85,7812.00,0,0,0.0000
3529,5527.21,7519.32,4,2,0.0000
3530,5627.22,7587.72,NaN,NaN,NaN
3531,5673.88,7803.58,2,3,0.0000
3532,5991.38,7719.49,2,1,0.0000
3533,5653.70,7871.64,0,0,0.0000
3534,5576.61,7695.46,3,7,2.3333
3535,6014.08,7480.93,NaN,NaN,NaN
3536,5669.75,7313.28,0,0,0.0000
3537,5525.23,7580.40,0,0,0.0000
3538,5747.31,7875.43,0,0,0.0000
3539,6040.06,7772.07,4,4,0.0000
3540,5870.65,7528.58,NaN,NaN,NaN
3541,5835.18,7708.65,2,2,0.0000
3542,5528.24,7793.51,NaN,NaN,NaN
3543,5559.79,7428.04,0,0,0.0000
3544,5539.92,7632.36,0,0,0.0000
3545,5789.49,7570.68,0,0,0.0000
3546,5979.82,7659.99,0,0,0.0000
3547,6020.06,7686.81,NaN,NaN,NaN
3548,5933.10,7704.98,0,0,0.0000
3549,5808.97,7744.67,NaN,NaN,NaN
3550,5897.48,7714.58,2,8,4.0000
3551,5924.65,7480.52,2,2,0.0000
3552,5922.65,7512.09,2,2,0.0000
3553,5996.77,7778.17,NaN,NaN,NaN
3554,5972.47,7429.42,NaN,NaN,NaN
3555,5604.00,7788.26,3,9,3.0000
3556,7701.92,7519.41,NaN,NaN,NaN
3557,7789.47,7409.13,0,0,0.0000
3558,7756.94,7452.66,0,0,0.0000
