#
# A fatal error has been detected by the Java Runtime Environment:
#
#  EXCEPTION_UNCAUGHT_CXX_EXCEPTION (0xe06d7363) at pc=0x00007ffc9e3e055c, pid=2112, tid=12368
#
# JRE version: OpenJDK Runtime Environment Zulu11.84+17-CA (11.0.29+7) (build 11.0.29+7-LTS)
# Java VM: OpenJDK 64-Bit Server VM Zulu11.84+17-CA (11.0.29+7-LTS, mixed mode, tiered, compressed oops, g1 gc, windows-amd64)
# Problematic frame:
# C  [KERNELBASE.dll+0x6055c]
#
# No core dump will be written. Minidumps are not enabled by default on client versions of Windows
#
# If you would like to submit a bug report, please visit:
#   http://www.azul.com/support/
# The crash happened outside the Java Virtual Machine in native code.
# See problematic frame for where to report the bug.
#

---------------  S U M M A R Y ------------

Command Line: -Xmx10G 

Host: Intel(R) Core(TM) i7-6700 CPU @ 3.40GHz, 8 cores, 47G,  Windows 11 , 64 bit Build 22621 (10.0.22621.5415)
Time: Sat Nov 29 01:18:40 2025 台北標準時間 elapsed time: 38612.932618 seconds (0d 10h 43m 32s)

---------------  T H R E A D  ---------------

Current thread (0x000002140d144000):  JavaThread "Thread-53632" [_thread_in_native, id=12368, stack(0x0000003337ec0000,0x00000033380b0000)]

Stack: [0x0000003337ec0000,0x00000033380b0000],  sp=0x00000033380accc0,  free space=1971k
Native frames: (J=compiled Java code, j=interpreted, Vv=VM code, C=native code)
C  [KERNELBASE.dll+0x6055c]
C  [VCRUNTIME140.dll+0x6480]
C  0x00007ffaebba1cc3

Java frames: (J=compiled Java code, j=interpreted, Vv=VM code)
J 4925  ome.jxrlib.JXRJNI.DecodeContext_decodeFirstFrame(JLome/jxrlib/DecodeContext;[BJJ)[B (0 bytes) @ 0x0000020372d7ef53 [0x0000020372d7eec0+0x0000000000000093]
J 6223 c2 loci.formats.in.ZeissCZIReader$SubBlock.readPixelData(Lloci/common/RandomAccessInputStream;Lloci/common/Region;[B)[B (1002 bytes) @ 0x0000020372ed85d0 [0x0000020372ed7c60+0x0000000000000970]
J 6455 c2 loci.formats.in.ZeissCZIReader$SubBlock.readPixelData()[B (97 bytes) @ 0x0000020372fe8e6c [0x0000020372fe8aa0+0x00000000000003cc]
J 3877 c2 loci.formats.in.ZeissCZIReader.openBytes(I[BIIII)[B (1259 bytes) @ 0x0000020372cdcbcc [0x0000020372cdb340+0x000000000000188c]
J 6966 c2 loci.formats.ImageReader.openBytes(IIIII)[B (17 bytes) @ 0x0000020373143134 [0x0000020373142e00+0x0000000000000334]
v  ~StubRoutines::call_stub

siginfo: EXCEPTION_UNCAUGHT_CXX_EXCEPTION (0xe06d7363), ExceptionInformation=0x0000000019930520 0x00000033380ace20 0x00007ffaebbad380 0x00007ffaebb60000 


Register to memory mapping:

RIP=0x00007ffc9e3e055c KERNELBASE.dll
RAX=0x0000000300000208 is an unknown value
RBX=0x00007ffaebbad380 points into unknown readable memory: 0x00041c4c00000000 | 00 00 00 00 4c 1c 04 00
RCX=0x0 is NULL
RDX=0x0 is NULL
RSP=0x00000033380accc0 is pointing into the stack for thread: 0x000002140d144000
RBP=0x00000033380ad040 is pointing into the stack for thread: 0x000002140d144000
RSI=0x00000033380ace20 is pointing into the stack for thread: 0x000002140d144000
RDI=429065504 is a compressed pointer to object: 
[error occurred during error reporting (printing register info), id 0xc0000005, EXCEPTION_ACCESS_VIOLATION (0xc0000005) at pc=0x00007ffaec28a8fd]

Registers:
RAX=0x0000000300000208, RBX=0x00007ffaebbad380, RCX=0x0000000000000000, RDX=0x0000000000000000
RSP=0x00000033380accc0, RBP=0x00000033380ad040, RSI=0x00000033380ace20, RDI=0x0000000019930520
R8 =0x0000000000000208, R9 =0x0000000000000000, R10=0x00000019d16e8e30, R11=0x0000001a26818570
R12=0x00000033380ad008, R13=0x0000001800c2d060, R14=0x00000033380acf88, R15=0x000002140d144000
RIP=0x00007ffc9e3e055c, EFLAGS=0x0000000000000206

Top of Stack: (sp=0x00000033380accc0)
0x00000033380accc0:   0000000000000000 00007ffaebbad380
0x00000033380accd0:   00000033380ace20 00000033380acd89
0x00000033380acce0:   00000081e06d7363 0000000000000000
0x00000033380accf0:   00007ffc9e3e055c 0000000000000004
0x00000033380acd00:   0000000019930520 00000033380ace20
0x00000033380acd10:   00007ffaebbad380 00007ffaebb60000
0x00000033380acd20:   0000020300000000 0000000000000002
0x00000033380acd30:   0000000000000000 00007ffaebbad380
0x00000033380acd40:   00000033380acf88 00007ffca0f86c6f
0x00000033380acd50:   00000033380acdc0 00007ffaebbb2000
0x00000033380acd60:   00000033380ace20 0000000019930520
0x00000033380acd70:   00007ffaebbb2000 00007ffaebb60000
0x00000033380acd80:   00007a37a8b81e54 00007ffc9e3a931b
0x00000033380acd90:   00007ffaebbad380 00007ffc972f6480
0x00000033380acda0:   000036970d569289 00007ffaebb681f4
0x00000033380acdb0:   0000000000000008 00007ffc9e8d0475 

Instructions: (pc=0x00007ffc9e3e055c)
0x00007ffc9e3e045c:   ff 4c 8d 05 0c 4c 2f 00 33 d2 b9 00 00 10 00 e8
0x00007ffc9e3e046c:   b0 37 fe ff 4c 8b f0 48 89 44 24 58 48 85 c0 0f
0x00007ffc9e3e047c:   84 0b fe ff ff 4c 8d 05 30 4c 2f 00 33 d2 8d 4a
0x00007ffc9e3e048c:   02 e8 8e 37 fe ff 48 8b f8 48 89 44 24 50 e9 ed
0x00007ffc9e3e049c:   fd ff ff 45 33 c0 49 8b d7 48 83 c9 ff e8 c2 a5
0x00007ffc9e3e04ac:   01 00 e9 08 ff ff ff 48 8b 0d 1e 39 32 00 e8 01
0x00007ffc9e3e04bc:   ba fd ff 48 8b cf e8 99 8e fc ff e9 f8 fe ff ff
0x00007ffc9e3e04cc:   49 8b ce e8 8c 8e fc ff e9 f4 fe ff ff 48 8b ce
0x00007ffc9e3e04dc:   e8 7f 8e fc ff e9 f0 fe ff ff cc cc 71 18 d3 7a
0x00007ffc9e3e04ec:   1a 87 89 f9 48 81 ec d8 00 00 00 48 8b 05 f2 0a
0x00007ffc9e3e04fc:   32 00 48 33 c4 48 89 84 24 c0 00 00 00 48 83 64
0x00007ffc9e3e050c:   24 28 00 48 8d 05 da ff ff ff 83 e2 01 89 4c 24
0x00007ffc9e3e051c:   20 89 54 24 24 48 89 44 24 30 4d 85 c9 74 4f b8
0x00007ffc9e3e052c:   0f 00 00 00 48 8d 4c 24 40 44 3b c0 49 8b d1 41
0x00007ffc9e3e053c:   0f 46 c0 44 8b c0 44 89 44 24 38 49 c1 e0 03 e8
0x00007ffc9e3e054c:   87 2d 09 00 48 8d 4c 24 20 48 ff 15 14 60 22 00
0x00007ffc9e3e055c:   0f 1f 44 00 00 48 8b 8c 24 c0 00 00 00 48 33 cc
0x00007ffc9e3e056c:   e8 6f 18 05 00 48 81 c4 d8 00 00 00 c3 cc 83 64
0x00007ffc9e3e057c:   24 38 00 eb cf cc cc cc cc cc cc cc 48 8b c4 48
0x00007ffc9e3e058c:   89 58 08 48 89 70 10 48 89 78 18 4c 89 68 20 55
0x00007ffc9e3e059c:   41 56 41 57 48 8d 68 a1 48 81 ec e0 00 00 00 48
0x00007ffc9e3e05ac:   8b 05 3e 0a 32 00 48 33 c4 48 89 45 3f 45 33 ff
0x00007ffc9e3e05bc:   66 c7 45 2b 00 05 48 8d 45 c7 44 89 7d 27 48 89
0x00007ffc9e3e05cc:   44 24 50 48 8d 4d 27 44 89 7c 24 48 45 33 c9 44
0x00007ffc9e3e05dc:   89 7c 24 40 45 8d 47 12 44 89 7c 24 38 b2 01 44
0x00007ffc9e3e05ec:   89 7c 24 30 41 8b df 44 89 7c 24 28 41 8b ff 44
0x00007ffc9e3e05fc:   89 7c 24 20 45 8b f7 44 89 7d 2f 66 c7 45 33 00
0x00007ffc9e3e060c:   01 44 89 7d 37 66 c7 45 3b 00 10 4c 89 7d c7 4c
0x00007ffc9e3e061c:   89 7d cf 4c 89 7d d7 4c 89 7d df 48 ff 15 62 60
0x00007ffc9e3e062c:   22 00 0f 1f 44 00 00 85 c0 0f 88 a7 02 00 00 48
0x00007ffc9e3e063c:   8d 45 cf 41 b9 20 02 00 00 48 89 44 24 50 45 8d
0x00007ffc9e3e064c:   6f 02 44 89 7c 24 48 45 8d 47 20 44 89 7c 24 40 


Stack slot to memory mapping:
stack at sp + 0 slots: 0x0 is NULL
stack at sp + 1 slots: 0x00007ffaebbad380 points into unknown readable memory: 0x00041c4c00000000 | 00 00 00 00 4c 1c 04 00
stack at sp + 2 slots: 0x00000033380ace20 is pointing into the stack for thread: 0x000002140d144000
stack at sp + 3 slots: 0x00000033380acd89 is pointing into the stack for thread: 0x000002140d144000
stack at sp + 4 slots: 0x00000081e06d7363 is an unknown value
stack at sp + 5 slots: 0x0 is NULL
stack at sp + 6 slots: 0x00007ffc9e3e055c KERNELBASE.dll
stack at sp + 7 slots: 0x0000000000000004 is an unknown value


---------------  P R O C E S S  ---------------

Threads class SMR info:
_java_thread_list=0x00000222e1afbb10, length=18, elements={
0x00000203586ab800, 0x000002037a40f000, 0x000002037a46b000, 0x000002034a2ff000,
0x000002034a2fc800, 0x000002034a300000, 0x000002037a59a000, 0x000002037a59a800,
0x000002034a2fc000, 0x000002034a305000, 0x000002034a304000, 0x000002034a307000,
0x000002140d144000, 0x000002034a302800, 0x00000203e5cd8000, 0x00000204985ce800,
0x0000020430414800, 0x00000203965d1800
}

Java Threads: ( => current thread )
  0x00000203586ab800 JavaThread "main" [_thread_in_native, id=11956, stack(0x0000003330800000,0x00000033309f0000)]
  0x000002037a40f000 JavaThread "Reference Handler" daemon [_thread_blocked, id=12444, stack(0x0000003334690000,0x0000003334880000)]
  0x000002037a46b000 JavaThread "Finalizer" daemon [_thread_blocked, id=11980, stack(0x0000003334880000,0x0000003334a70000)]
  0x000002034a2ff000 JavaThread "Signal Dispatcher" daemon [_thread_blocked, id=8460, stack(0x0000003334a70000,0x0000003334c60000)]
  0x000002034a2fc800 JavaThread "Attach Listener" daemon [_thread_blocked, id=13604, stack(0x0000003334c60000,0x0000003334e50000)]
  0x000002034a300000 JavaThread "Service Thread" daemon [_thread_blocked, id=7408, stack(0x0000003334e50000,0x0000003335040000)]
  0x000002037a59a000 JavaThread "C2 CompilerThread0" daemon [_thread_blocked, id=13260, stack(0x0000003335040000,0x0000003335230000)]
  0x000002037a59a800 JavaThread "C1 CompilerThread0" daemon [_thread_blocked, id=328, stack(0x0000003335230000,0x0000003335420000)]
  0x000002034a2fc000 JavaThread "Sweeper thread" daemon [_thread_blocked, id=6320, stack(0x0000003335420000,0x0000003335610000)]
  0x000002034a305000 JavaThread "Common-Cleaner" daemon [_thread_blocked, id=12752, stack(0x0000003335800000,0x00000033359f0000)]
  0x000002034a304000 JavaThread "Python Reference Queue" daemon [_thread_blocked, id=11256, stack(0x0000003335be0000,0x0000003335dd0000)]
  0x000002034a307000 JavaThread "Thread-53630" [_thread_in_native, id=13968, stack(0x0000003337510000,0x0000003337700000)]
=>0x000002140d144000 JavaThread "Thread-53632" [_thread_in_native, id=12368, stack(0x0000003337ec0000,0x00000033380b0000)]
  0x000002034a302800 JavaThread "Thread-53634" [_thread_blocked, id=5460, stack(0x00000033378f0000,0x0000003337ae0000)]
  0x00000203e5cd8000 JavaThread "Thread-53635" [_thread_blocked, id=2456, stack(0x00000033380b0000,0x00000033382a0000)]
  0x00000204985ce800 JavaThread "Thread-53636" [_thread_blocked, id=8712, stack(0x0000003337cd0000,0x0000003337ec0000)]
  0x0000020430414800 JavaThread "Thread-53637" [_thread_blocked, id=5956, stack(0x0000003337ae0000,0x0000003337cd0000)]
  0x00000203965d1800 JavaThread "Thread-53638" [_thread_blocked, id=8672, stack(0x0000003337700000,0x00000033378f0000)]

Other Threads:
  0x0000020325510000 VMThread "VM Thread" [stack: 0x00000033344a0000,0x0000003334690000] [id=13960]
  0x000002037a861000 WatcherThread [stack: 0x0000003335610000,0x0000003335800000] [id=10432]
  0x000002032550d000 GCTaskThread "GC Thread#0" [stack: 0x0000003333af0000,0x0000003333ce0000] [id=12968]
  0x0000020325514800 GCTaskThread "GC Thread#1" [stack: 0x0000003335dd0000,0x0000003335fc0000] [id=8072]
  0x0000020325516800 GCTaskThread "GC Thread#2" [stack: 0x0000003335fc0000,0x00000033361b0000] [id=13916]
  0x0000020325511000 GCTaskThread "GC Thread#3" [stack: 0x00000033361b0000,0x00000033363a0000] [id=6948]
  0x0000020325517800 GCTaskThread "GC Thread#4" [stack: 0x00000033363a0000,0x0000003336590000] [id=7748]
  0x0000020325511800 GCTaskThread "GC Thread#5" [stack: 0x0000003336590000,0x0000003336780000] [id=8412]
  0x0000020325512000 GCTaskThread "GC Thread#6" [stack: 0x0000003336780000,0x0000003336970000] [id=1868]
  0x0000020325515000 GCTaskThread "GC Thread#7" [stack: 0x0000003336970000,0x0000003336b60000] [id=13032]
  0x0000020325509800 ConcurrentGCThread "G1 Main Marker" [stack: 0x0000003333ce0000,0x0000003333ed0000] [id=13432]
  0x000002032550b800 ConcurrentGCThread "G1 Conc#0" [stack: 0x0000003333ed0000,0x00000033340c0000] [id=12948]
  0x0000020325513000 ConcurrentGCThread "G1 Conc#1" [stack: 0x0000003336b60000,0x0000003336d50000] [id=5600]
  0x0000020325509000 ConcurrentGCThread "G1 Refine#0" [stack: 0x00000033340c0000,0x00000033342b0000] [id=3644]
  0x00000203996c1000 ConcurrentGCThread "G1 Refine#1" [stack: 0x00000033359f0000,0x0000003335be0000] [id=13528]
  0x0000020396f53000 ConcurrentGCThread "G1 Refine#2" [stack: 0x0000003336d50000,0x0000003336f40000] [id=9596]
  0x000002039646e800 ConcurrentGCThread "G1 Refine#3" [stack: 0x0000003337130000,0x0000003337320000] [id=8364]
  0x00000203b6e39800 ConcurrentGCThread "G1 Refine#4" [stack: 0x0000003337320000,0x0000003337510000] [id=9312]
  0x0000020397e07000 ConcurrentGCThread "G1 Refine#5" [stack: 0x00000033382a0000,0x0000003338490000] [id=11068]
  0x00000203aff75000 ConcurrentGCThread "G1 Refine#6" [stack: 0x0000003338490000,0x0000003338680000] [id=5156]
  0x000002039646d000 ConcurrentGCThread "G1 Refine#7" [stack: 0x0000003338a60000,0x0000003338c50000] [id=10756]
  0x0000020338ea9000 ConcurrentGCThread "G1 Young RemSet Sampling" [stack: 0x00000033342b0000,0x00000033344a0000] [id=13268]

Threads with active compile tasks:

VM state:not at safepoint (normal execution)

VM Mutex/Monitor currently owned by a thread: None

Heap address: 0x0000001800200000, size: 10240 MB, Compressed Oops mode: Non-zero disjoint base: 0x0000001800000000, Oop shift amount: 3
Narrow klass base: 0x0000001a80200000, Narrow klass shift: 0
Compressed class space size: 1073741824 Address: 0x0000001a80200000

Heap:
 garbage-first heap   total 10485760K, used 4324874K [0x0000001800200000, 0x0000001a80200000)
  region size 2048K, 247 young (505856K), 127 survivors (260096K)
 Metaspace       used 26576K, capacity 27120K, committed 27648K, reserved 1073152K
  class space    used 2735K, capacity 2901K, committed 3072K, reserved 1048576K
Heap Regions: E=young(eden), S=young(survivor), O=old, HS=humongous(starts), HC=humongous(continues), CS=collection set, F=free, A=archive, TAMS=top-at-mark-start (previous, next)
|   0|0x0000001800200000, 0x00000018003ffff8, 0x0000001800400000| 99%| O|  |TAMS 0x00000018003ffff8, 0x0000001800200000| Untracked 
|   1|0x0000001800400000, 0x00000018005ffff8, 0x0000001800600000| 99%| O|  |TAMS 0x00000018005ffff8, 0x0000001800400000| Untracked 
|   2|0x0000001800600000, 0x00000018007ffff0, 0x0000001800800000| 99%| O|  |TAMS 0x00000018007ffff0, 0x0000001800600000| Untracked 
|   3|0x0000001800800000, 0x0000001800a00000, 0x0000001800a00000|100%| O|  |TAMS 0x0000001800a00000, 0x0000001800800000| Untracked 
|   4|0x0000001800a00000, 0x0000001800c00000, 0x0000001800c00000|100%| O|  |TAMS 0x0000001800c00000, 0x0000001800a00000| Untracked 
|   5|0x0000001800c00000, 0x0000001800dffff0, 0x0000001800e00000| 99%| O|  |TAMS 0x0000001800dffff0, 0x0000001800c00000| Untracked 
|   6|0x0000001800e00000, 0x0000001800fffff8, 0x0000001801000000| 99%| O|  |TAMS 0x0000001800fffff8, 0x0000001800e00000| Untracked 
|   7|0x0000001801000000, 0x0000001801200000, 0x0000001801200000|100%| O|  |TAMS 0x0000001801200000, 0x0000001801000000| Untracked 
|   8|0x0000001801200000, 0x00000018013ffff0, 0x0000001801400000| 99%| O|  |TAMS 0x00000018013ffff0, 0x0000001801200000| Untracked 
|   9|0x0000001801400000, 0x00000018015ffff8, 0x0000001801600000| 99%| O|  |TAMS 0x00000018015ffff8, 0x0000001801400000| Untracked 
|  10|0x0000001801600000, 0x00000018017ffff8, 0x0000001801800000| 99%| O|  |TAMS 0x00000018017ffff8, 0x0000001801600000| Untracked 
|  11|0x0000001801800000, 0x0000001801a00000, 0x0000001801a00000|100%| O|  |TAMS 0x0000001801a00000, 0x0000001801800000| Untracked 
|  12|0x0000001801a00000, 0x0000001801c00000, 0x0000001801c00000|100%| O|  |TAMS 0x0000001801a00000, 0x0000001801a00000| Untracked 
|  13|0x0000001801c00000, 0x0000001801e00000, 0x0000001801e00000|100%| O|  |TAMS 0x0000001801c00000, 0x0000001801c00000| Untracked 
|  14|0x0000001801e00000, 0x0000001802000000, 0x0000001802000000|100%|HS|  |TAMS 0x0000001801e00000, 0x0000001801e00000| Complete 
|  15|0x0000001802000000, 0x0000001802200000, 0x0000001802200000|100%|HC|  |TAMS 0x0000001802000000, 0x0000001802000000| Complete 
|  16|0x0000001802200000, 0x0000001802400000, 0x0000001802400000|100%|HC|  |TAMS 0x0000001802200000, 0x0000001802200000| Complete 
|  17|0x0000001802400000, 0x0000001802600000, 0x0000001802600000|100%| O|  |TAMS 0x0000001802400000, 0x0000001802400000| Untracked 
|  18|0x0000001802600000, 0x0000001802800000, 0x0000001802800000|100%| O|  |TAMS 0x0000001802600000, 0x0000001802600000| Untracked 
|  19|0x0000001802800000, 0x0000001802a00000, 0x0000001802a00000|100%| O|  |TAMS 0x0000001802800000, 0x0000001802800000| Untracked 
|  20|0x0000001802a00000, 0x0000001802c00000, 0x0000001802c00000|100%| O|  |TAMS 0x0000001802a00000, 0x0000001802a00000| Untracked 
|  21|0x0000001802c00000, 0x0000001802e00000, 0x0000001802e00000|100%| O|  |TAMS 0x0000001802c00000, 0x0000001802c00000| Untracked 
|  22|0x0000001802e00000, 0x0000001803000000, 0x0000001803000000|100%| O|  |TAMS 0x0000001802e00000, 0x0000001802e00000| Untracked 
|  23|0x0000001803000000, 0x0000001803200000, 0x0000001803200000|100%| O|  |TAMS 0x0000001803000000, 0x0000001803000000| Untracked 
|  24|0x0000001803200000, 0x0000001803400000, 0x0000001803400000|100%| O|  |TAMS 0x0000001803200000, 0x0000001803200000| Untracked 
|  25|0x0000001803400000, 0x0000001803600000, 0x0000001803600000|100%| O|  |TAMS 0x0000001803400000, 0x0000001803400000| Untracked 
|  26|0x0000001803600000, 0x0000001803800000, 0x0000001803800000|100%|HS|  |TAMS 0x0000001803600000, 0x0000001803600000| Complete 
|  27|0x0000001803800000, 0x0000001803a00000, 0x0000001803a00000|100%|HC|  |TAMS 0x0000001803800000, 0x0000001803800000| Complete 
|  28|0x0000001803a00000, 0x0000001803c00000, 0x0000001803c00000|100%|HC|  |TAMS 0x0000001803a00000, 0x0000001803a00000| Complete 
|  29|0x0000001803c00000, 0x0000001803e00000, 0x0000001803e00000|100%| O|  |TAMS 0x0000001803c00000, 0x0000001803c00000| Untracked 
|  30|0x0000001803e00000, 0x0000001804000000, 0x0000001804000000|100%| O|  |TAMS 0x0000001803e00000, 0x0000001803e00000| Untracked 
|  31|0x0000001804000000, 0x0000001804200000, 0x0000001804200000|100%| O|  |TAMS 0x0000001804000000, 0x0000001804000000| Untracked 
|  32|0x0000001804200000, 0x0000001804400000, 0x0000001804400000|100%| O|  |TAMS 0x0000001804200000, 0x0000001804200000| Untracked 
|  33|0x0000001804400000, 0x0000001804600000, 0x0000001804600000|100%| O|  |TAMS 0x0000001804400000, 0x0000001804400000| Untracked 
|  34|0x0000001804600000, 0x0000001804800000, 0x0000001804800000|100%| O|  |TAMS 0x0000001804600000, 0x0000001804600000| Untracked 
|  35|0x0000001804800000, 0x0000001804a00000, 0x0000001804a00000|100%| O|  |TAMS 0x0000001804800000, 0x0000001804800000| Untracked 
|  36|0x0000001804a00000, 0x0000001804c00000, 0x0000001804c00000|100%| O|  |TAMS 0x0000001804a00000, 0x0000001804a00000| Untracked 
|  37|0x0000001804c00000, 0x0000001804e00000, 0x0000001804e00000|100%| O|  |TAMS 0x0000001804c00000, 0x0000001804c00000| Untracked 
|  38|0x0000001804e00000, 0x0000001805000000, 0x0000001805000000|100%| O|  |TAMS 0x0000001804e00000, 0x0000001804e00000| Untracked 
|  39|0x0000001805000000, 0x0000001805200000, 0x0000001805200000|100%| O|  |TAMS 0x0000001805000000, 0x0000001805000000| Untracked 
|  40|0x0000001805200000, 0x0000001805400000, 0x0000001805400000|100%| O|  |TAMS 0x0000001805200000, 0x0000001805200000| Untracked 
|  41|0x0000001805400000, 0x0000001805600000, 0x0000001805600000|100%| O|  |TAMS 0x0000001805400000, 0x0000001805400000| Untracked 
|  42|0x0000001805600000, 0x0000001805800000, 0x0000001805800000|100%| O|  |TAMS 0x0000001805600000, 0x0000001805600000| Untracked 
|  43|0x0000001805800000, 0x0000001805a00000, 0x0000001805a00000|100%| O|  |TAMS 0x0000001805800000, 0x0000001805800000| Untracked 
|  44|0x0000001805a00000, 0x0000001805c00000, 0x0000001805c00000|100%| O|  |TAMS 0x0000001805a00000, 0x0000001805a00000| Untracked 
|  45|0x0000001805c00000, 0x0000001805e00000, 0x0000001805e00000|100%| O|  |TAMS 0x0000001805c00000, 0x0000001805c00000| Untracked 
|  46|0x0000001805e00000, 0x0000001806000000, 0x0000001806000000|100%| O|  |TAMS 0x0000001805e00000, 0x0000001805e00000| Untracked 
|  47|0x0000001806000000, 0x0000001806200000, 0x0000001806200000|100%| O|  |TAMS 0x0000001806000000, 0x0000001806000000| Untracked 
|  48|0x0000001806200000, 0x0000001806400000, 0x0000001806400000|100%| O|  |TAMS 0x0000001806200000, 0x0000001806200000| Untracked 
|  49|0x0000001806400000, 0x0000001806600000, 0x0000001806600000|100%| O|  |TAMS 0x0000001806400000, 0x0000001806400000| Untracked 
|  50|0x0000001806600000, 0x0000001806800000, 0x0000001806800000|100%| O|  |TAMS 0x0000001806600000, 0x0000001806600000| Untracked 
|  51|0x0000001806800000, 0x0000001806a00000, 0x0000001806a00000|100%| O|  |TAMS 0x0000001806800000, 0x0000001806800000| Untracked 
|  52|0x0000001806a00000, 0x0000001806c00000, 0x0000001806c00000|100%| O|  |TAMS 0x0000001806a00000, 0x0000001806a00000| Untracked 
|  53|0x0000001806c00000, 0x0000001806e00000, 0x0000001806e00000|100%| O|  |TAMS 0x0000001806c00000, 0x0000001806c00000| Untracked 
|  54|0x0000001806e00000, 0x0000001807000000, 0x0000001807000000|100%| O|  |TAMS 0x0000001806e00000, 0x0000001806e00000| Untracked 
|  55|0x0000001807000000, 0x0000001807200000, 0x0000001807200000|100%| O|  |TAMS 0x0000001807000000, 0x0000001807000000| Untracked 
|  56|0x0000001807200000, 0x0000001807400000, 0x0000001807400000|100%| O|  |TAMS 0x0000001807200000, 0x0000001807200000| Untracked 
|  57|0x0000001807400000, 0x0000001807600000, 0x0000001807600000|100%| O|  |TAMS 0x0000001807400000, 0x0000001807400000| Untracked 
|  58|0x0000001807600000, 0x0000001807800000, 0x0000001807800000|100%| O|  |TAMS 0x0000001807600000, 0x0000001807600000| Untracked 
|  59|0x0000001807800000, 0x0000001807a00000, 0x0000001807a00000|100%| O|  |TAMS 0x0000001807800000, 0x0000001807800000| Untracked 
|  60|0x0000001807a00000, 0x0000001807c00000, 0x0000001807c00000|100%| O|  |TAMS 0x0000001807a00000, 0x0000001807a00000| Untracked 
|  61|0x0000001807c00000, 0x0000001807e00000, 0x0000001807e00000|100%| O|  |TAMS 0x0000001807c00000, 0x0000001807c00000| Untracked 
|  62|0x0000001807e00000, 0x0000001808000000, 0x0000001808000000|100%| O|  |TAMS 0x0000001807e00000, 0x0000001807e00000| Untracked 
|  63|0x0000001808000000, 0x0000001808200000, 0x0000001808200000|100%| O|  |TAMS 0x0000001808000000, 0x0000001808000000| Untracked 
|  64|0x0000001808200000, 0x0000001808400000, 0x0000001808400000|100%| O|  |TAMS 0x0000001808400000, 0x0000001808200000| Untracked 
|  65|0x0000001808400000, 0x0000001808600000, 0x0000001808600000|100%| O|  |TAMS 0x0000001808400000, 0x0000001808400000| Untracked 
|  66|0x0000001808600000, 0x0000001808800000, 0x0000001808800000|100%| O|  |TAMS 0x0000001808600000, 0x0000001808600000| Untracked 
|  67|0x0000001808800000, 0x0000001808a00000, 0x0000001808a00000|100%| O|  |TAMS 0x0000001808800000, 0x0000001808800000| Untracked 
|  68|0x0000001808a00000, 0x0000001808c00000, 0x0000001808c00000|100%| O|  |TAMS 0x0000001808a00000, 0x0000001808a00000| Untracked 
|  69|0x0000001808c00000, 0x0000001808e00000, 0x0000001808e00000|100%| O|  |TAMS 0x0000001808c00000, 0x0000001808c00000| Untracked 
|  70|0x0000001808e00000, 0x0000001809000000, 0x0000001809000000|100%| O|  |TAMS 0x0000001808e00000, 0x0000001808e00000| Untracked 
|  71|0x0000001809000000, 0x0000001809200000, 0x0000001809200000|100%| O|  |TAMS 0x0000001809000000, 0x0000001809000000| Untracked 
|  72|0x0000001809200000, 0x0000001809400000, 0x0000001809400000|100%| O|  |TAMS 0x0000001809200000, 0x0000001809200000| Untracked 
|  73|0x0000001809400000, 0x0000001809600000, 0x0000001809600000|100%| O|  |TAMS 0x0000001809600000, 0x0000001809400000| Untracked 
|  74|0x0000001809600000, 0x0000001809800000, 0x0000001809800000|100%| O|  |TAMS 0x0000001809600000, 0x0000001809600000| Untracked 
|  75|0x0000001809800000, 0x0000001809a00000, 0x0000001809a00000|100%| O|  |TAMS 0x0000001809800000, 0x0000001809800000| Untracked 
|  76|0x0000001809a00000, 0x0000001809c00000, 0x0000001809c00000|100%| O|  |TAMS 0x0000001809c00000, 0x0000001809a00000| Untracked 
|  77|0x0000001809c00000, 0x0000001809e00000, 0x0000001809e00000|100%| O|  |TAMS 0x0000001809c00000, 0x0000001809c00000| Untracked 
|  78|0x0000001809e00000, 0x000000180a000000, 0x000000180a000000|100%| O|  |TAMS 0x0000001809e00000, 0x0000001809e00000| Untracked 
|  79|0x000000180a000000, 0x000000180a200000, 0x000000180a200000|100%| O|  |TAMS 0x000000180a000000, 0x000000180a000000| Untracked 
|  80|0x000000180a200000, 0x000000180a400000, 0x000000180a400000|100%| O|  |TAMS 0x000000180a400000, 0x000000180a200000| Untracked 
|  81|0x000000180a400000, 0x000000180a600000, 0x000000180a600000|100%| O|  |TAMS 0x000000180a600000, 0x000000180a400000| Untracked 
|  82|0x000000180a600000, 0x000000180a800000, 0x000000180a800000|100%| O|  |TAMS 0x000000180a600000, 0x000000180a600000| Untracked 
|  83|0x000000180a800000, 0x000000180aa00000, 0x000000180aa00000|100%| O|  |TAMS 0x000000180a800000, 0x000000180a800000| Untracked 
|  84|0x000000180aa00000, 0x000000180ac00000, 0x000000180ac00000|100%| O|  |TAMS 0x000000180aa00000, 0x000000180aa00000| Untracked 
|  85|0x000000180ac00000, 0x000000180ae00000, 0x000000180ae00000|100%| O|  |TAMS 0x000000180ac00000, 0x000000180ac00000| Untracked 
|  86|0x000000180ae00000, 0x000000180b000000, 0x000000180b000000|100%| O|  |TAMS 0x000000180ae00000, 0x000000180ae00000| Untracked 
|  87|0x000000180b000000, 0x000000180b200000, 0x000000180b200000|100%| O|  |TAMS 0x000000180b000000, 0x000000180b000000| Untracked 
|  88|0x000000180b200000, 0x000000180b400000, 0x000000180b400000|100%| O|  |TAMS 0x000000180b200000, 0x000000180b200000| Untracked 
|  89|0x000000180b400000, 0x000000180b600000, 0x000000180b600000|100%| O|  |TAMS 0x000000180b400000, 0x000000180b400000| Untracked 
|  90|0x000000180b600000, 0x000000180b800000, 0x000000180b800000|100%| O|  |TAMS 0x000000180b600000, 0x000000180b600000| Untracked 
|  91|0x000000180b800000, 0x000000180ba00000, 0x000000180ba00000|100%| O|  |TAMS 0x000000180b800000, 0x000000180b800000| Untracked 
|  92|0x000000180ba00000, 0x000000180bc00000, 0x000000180bc00000|100%| O|  |TAMS 0x000000180bc00000, 0x000000180ba00000| Untracked 
|  93|0x000000180bc00000, 0x000000180be00000, 0x000000180be00000|100%| O|  |TAMS 0x000000180bc00000, 0x000000180bc00000| Untracked 
|  94|0x000000180be00000, 0x000000180c000000, 0x000000180c000000|100%| O|  |TAMS 0x000000180be00000, 0x000000180be00000| Untracked 
|  95|0x000000180c000000, 0x000000180c200000, 0x000000180c200000|100%| O|  |TAMS 0x000000180c200000, 0x000000180c000000| Untracked 
|  96|0x000000180c200000, 0x000000180c400000, 0x000000180c400000|100%| O|  |TAMS 0x000000180c200000, 0x000000180c200000| Untracked 
|  97|0x000000180c400000, 0x000000180c600000, 0x000000180c600000|100%| O|  |TAMS 0x000000180c600000, 0x000000180c400000| Untracked 
|  98|0x000000180c600000, 0x000000180c800000, 0x000000180c800000|100%| O|  |TAMS 0x000000180c600000, 0x000000180c600000| Untracked 
|  99|0x000000180c800000, 0x000000180ca00000, 0x000000180ca00000|100%| O|  |TAMS 0x000000180c800000, 0x000000180c800000| Untracked 
| 100|0x000000180ca00000, 0x000000180cc00000, 0x000000180cc00000|100%| O|  |TAMS 0x000000180ca00000, 0x000000180ca00000| Untracked 
| 101|0x000000180cc00000, 0x000000180ce00000, 0x000000180ce00000|100%| O|  |TAMS 0x000000180cc00000, 0x000000180cc00000| Untracked 
| 102|0x000000180ce00000, 0x000000180d000000, 0x000000180d000000|100%| O|  |TAMS 0x000000180ce00000, 0x000000180ce00000| Untracked 
| 103|0x000000180d000000, 0x000000180d200000, 0x000000180d200000|100%| O|  |TAMS 0x000000180d000000, 0x000000180d000000| Untracked 
| 104|0x000000180d200000, 0x000000180d400000, 0x000000180d400000|100%| O|  |TAMS 0x000000180d200000, 0x000000180d200000| Untracked 
| 105|0x000000180d400000, 0x000000180d600000, 0x000000180d600000|100%| O|  |TAMS 0x000000180d600000, 0x000000180d400000| Untracked 
| 106|0x000000180d600000, 0x000000180d800000, 0x000000180d800000|100%| O|  |TAMS 0x000000180d600000, 0x000000180d600000| Untracked 
| 107|0x000000180d800000, 0x000000180da00000, 0x000000180da00000|100%| O|  |TAMS 0x000000180d800000, 0x000000180d800000| Untracked 
| 108|0x000000180da00000, 0x000000180dc00000, 0x000000180dc00000|100%| O|  |TAMS 0x000000180da00000, 0x000000180da00000| Untracked 
| 109|0x000000180dc00000, 0x000000180de00000, 0x000000180de00000|100%| O|  |TAMS 0x000000180dc00000, 0x000000180dc00000| Untracked 
| 110|0x000000180de00000, 0x000000180e000000, 0x000000180e000000|100%| O|  |TAMS 0x000000180de00000, 0x000000180de00000| Untracked 
| 111|0x000000180e000000, 0x000000180e200000, 0x000000180e200000|100%| O|  |TAMS 0x000000180e000000, 0x000000180e000000| Untracked 
| 112|0x000000180e200000, 0x000000180e400000, 0x000000180e400000|100%| O|  |TAMS 0x000000180e200000, 0x000000180e200000| Untracked 
| 113|0x000000180e400000, 0x000000180e600000, 0x000000180e600000|100%| O|  |TAMS 0x000000180e400000, 0x000000180e400000| Untracked 
| 114|0x000000180e600000, 0x000000180e800000, 0x000000180e800000|100%| O|  |TAMS 0x000000180e600000, 0x000000180e600000| Untracked 
| 115|0x000000180e800000, 0x000000180ea00000, 0x000000180ea00000|100%| O|  |TAMS 0x000000180e800000, 0x000000180e800000| Untracked 
| 116|0x000000180ea00000, 0x000000180ec00000, 0x000000180ec00000|100%| O|  |TAMS 0x000000180ea00000, 0x000000180ea00000| Untracked 
| 117|0x000000180ec00000, 0x000000180ee00000, 0x000000180ee00000|100%| O|  |TAMS 0x000000180ec00000, 0x000000180ec00000| Untracked 
| 118|0x000000180ee00000, 0x000000180f000000, 0x000000180f000000|100%| O|  |TAMS 0x000000180ee00000, 0x000000180ee00000| Untracked 
| 119|0x000000180f000000, 0x000000180f200000, 0x000000180f200000|100%| O|  |TAMS 0x000000180f000000, 0x000000180f000000| Untracked 
| 120|0x000000180f200000, 0x000000180f400000, 0x000000180f400000|100%| O|  |TAMS 0x000000180f200000, 0x000000180f200000| Untracked 
| 121|0x000000180f400000, 0x000000180f600000, 0x000000180f600000|100%| O|  |TAMS 0x000000180f400000, 0x000000180f400000| Untracked 
| 122|0x000000180f600000, 0x000000180f800000, 0x000000180f800000|100%| O|  |TAMS 0x000000180f600000, 0x000000180f600000| Untracked 
| 123|0x000000180f800000, 0x000000180fa00000, 0x000000180fa00000|100%| O|  |TAMS 0x000000180f800000, 0x000000180f800000| Untracked 
| 124|0x000000180fa00000, 0x000000180fc00000, 0x000000180fc00000|100%| O|  |TAMS 0x000000180fa00000, 0x000000180fa00000| Untracked 
| 125|0x000000180fc00000, 0x000000180fe00000, 0x000000180fe00000|100%| O|  |TAMS 0x000000180fc00000, 0x000000180fc00000| Untracked 
| 126|0x000000180fe00000, 0x0000001810000000, 0x0000001810000000|100%| O|  |TAMS 0x000000180fe00000, 0x000000180fe00000| Untracked 
| 127|0x0000001810000000, 0x0000001810200000, 0x0000001810200000|100%| O|  |TAMS 0x0000001810000000, 0x0000001810000000| Untracked 
| 128|0x0000001810200000, 0x0000001810400000, 0x0000001810400000|100%| O|  |TAMS 0x0000001810200000, 0x0000001810200000| Untracked 
| 129|0x0000001810400000, 0x0000001810600000, 0x0000001810600000|100%| O|  |TAMS 0x0000001810400000, 0x0000001810400000| Untracked 
| 130|0x0000001810600000, 0x0000001810800000, 0x0000001810800000|100%| O|  |TAMS 0x0000001810600000, 0x0000001810600000| Untracked 
| 131|0x0000001810800000, 0x0000001810a00000, 0x0000001810a00000|100%| O|  |TAMS 0x0000001810800000, 0x0000001810800000| Untracked 
| 132|0x0000001810a00000, 0x0000001810c00000, 0x0000001810c00000|100%| O|  |TAMS 0x0000001810a00000, 0x0000001810a00000| Untracked 
| 133|0x0000001810c00000, 0x0000001810e00000, 0x0000001810e00000|100%| O|  |TAMS 0x0000001810c00000, 0x0000001810c00000| Untracked 
| 134|0x0000001810e00000, 0x0000001811000000, 0x0000001811000000|100%| O|  |TAMS 0x0000001810e00000, 0x0000001810e00000| Untracked 
| 135|0x0000001811000000, 0x0000001811200000, 0x0000001811200000|100%| O|  |TAMS 0x0000001811000000, 0x0000001811000000| Untracked 
| 136|0x0000001811200000, 0x0000001811400000, 0x0000001811400000|100%| O|  |TAMS 0x0000001811200000, 0x0000001811200000| Untracked 
| 137|0x0000001811400000, 0x0000001811600000, 0x0000001811600000|100%| O|  |TAMS 0x0000001811400000, 0x0000001811400000| Untracked 
| 138|0x0000001811600000, 0x0000001811800000, 0x0000001811800000|100%| O|  |TAMS 0x0000001811600000, 0x0000001811600000| Untracked 
| 139|0x0000001811800000, 0x0000001811a00000, 0x0000001811a00000|100%| O|  |TAMS 0x0000001811800000, 0x0000001811800000| Untracked 
| 140|0x0000001811a00000, 0x0000001811c00000, 0x0000001811c00000|100%| O|  |TAMS 0x0000001811a00000, 0x0000001811a00000| Untracked 
| 141|0x0000001811c00000, 0x0000001811e00000, 0x0000001811e00000|100%| O|  |TAMS 0x0000001811c00000, 0x0000001811c00000| Untracked 
| 142|0x0000001811e00000, 0x0000001812000000, 0x0000001812000000|100%| O|  |TAMS 0x0000001811e00000, 0x0000001811e00000| Untracked 
| 143|0x0000001812000000, 0x0000001812200000, 0x0000001812200000|100%| O|  |TAMS 0x0000001812000000, 0x0000001812000000| Untracked 
| 144|0x0000001812200000, 0x0000001812400000, 0x0000001812400000|100%| O|  |TAMS 0x0000001812200000, 0x0000001812200000| Untracked 
| 145|0x0000001812400000, 0x0000001812600000, 0x0000001812600000|100%| O|  |TAMS 0x0000001812400000, 0x0000001812400000| Untracked 
| 146|0x0000001812600000, 0x0000001812800000, 0x0000001812800000|100%| O|  |TAMS 0x0000001812600000, 0x0000001812600000| Untracked 
| 147|0x0000001812800000, 0x0000001812a00000, 0x0000001812a00000|100%| O|  |TAMS 0x0000001812a00000, 0x0000001812800000| Untracked 
| 148|0x0000001812a00000, 0x0000001812c00000, 0x0000001812c00000|100%| O|  |TAMS 0x0000001812a00000, 0x0000001812a00000| Untracked 
| 149|0x0000001812c00000, 0x0000001812e00000, 0x0000001812e00000|100%| O|  |TAMS 0x0000001812c00000, 0x0000001812c00000| Untracked 
| 150|0x0000001812e00000, 0x0000001813000000, 0x0000001813000000|100%| O|  |TAMS 0x0000001812e00000, 0x0000001812e00000| Untracked 
| 151|0x0000001813000000, 0x0000001813200000, 0x0000001813200000|100%| O|  |TAMS 0x0000001813000000, 0x0000001813000000| Untracked 
| 152|0x0000001813200000, 0x0000001813400000, 0x0000001813400000|100%| O|  |TAMS 0x0000001813200000, 0x0000001813200000| Untracked 
| 153|0x0000001813400000, 0x0000001813600000, 0x0000001813600000|100%| O|  |TAMS 0x0000001813400000, 0x0000001813400000| Untracked 
| 154|0x0000001813600000, 0x0000001813800000, 0x0000001813800000|100%| O|  |TAMS 0x0000001813600000, 0x0000001813600000| Untracked 
| 155|0x0000001813800000, 0x0000001813a00000, 0x0000001813a00000|100%| O|  |TAMS 0x0000001813800000, 0x0000001813800000| Untracked 
| 156|0x0000001813a00000, 0x0000001813c00000, 0x0000001813c00000|100%| O|  |TAMS 0x0000001813a00000, 0x0000001813a00000| Untracked 
| 157|0x0000001813c00000, 0x0000001813e00000, 0x0000001813e00000|100%| O|  |TAMS 0x0000001813c00000, 0x0000001813c00000| Untracked 
| 158|0x0000001813e00000, 0x0000001814000000, 0x0000001814000000|100%| O|  |TAMS 0x0000001813e00000, 0x0000001813e00000| Untracked 
| 159|0x0000001814000000, 0x0000001814200000, 0x0000001814200000|100%| O|  |TAMS 0x0000001814000000, 0x0000001814000000| Untracked 
| 160|0x0000001814200000, 0x0000001814400000, 0x0000001814400000|100%| O|  |TAMS 0x0000001814200000, 0x0000001814200000| Untracked 
| 161|0x0000001814400000, 0x0000001814600000, 0x0000001814600000|100%| O|  |TAMS 0x0000001814400000, 0x0000001814400000| Untracked 
| 162|0x0000001814600000, 0x0000001814800000, 0x0000001814800000|100%| O|  |TAMS 0x0000001814600000, 0x0000001814600000| Untracked 
| 163|0x0000001814800000, 0x0000001814a00000, 0x0000001814a00000|100%| O|  |TAMS 0x0000001814800000, 0x0000001814800000| Untracked 
| 164|0x0000001814a00000, 0x0000001814c00000, 0x0000001814c00000|100%| O|  |TAMS 0x0000001814a00000, 0x0000001814a00000| Untracked 
| 165|0x0000001814c00000, 0x0000001814e00000, 0x0000001814e00000|100%| O|  |TAMS 0x0000001814c00000, 0x0000001814c00000| Untracked 
| 166|0x0000001814e00000, 0x0000001815000000, 0x0000001815000000|100%| O|  |TAMS 0x0000001814e00000, 0x0000001814e00000| Untracked 
| 167|0x0000001815000000, 0x0000001815200000, 0x0000001815200000|100%| O|  |TAMS 0x0000001815000000, 0x0000001815000000| Untracked 
| 168|0x0000001815200000, 0x0000001815400000, 0x0000001815400000|100%| O|  |TAMS 0x0000001815200000, 0x0000001815200000| Untracked 
| 169|0x0000001815400000, 0x0000001815600000, 0x0000001815600000|100%| O|  |TAMS 0x0000001815400000, 0x0000001815400000| Untracked 
| 170|0x0000001815600000, 0x0000001815800000, 0x0000001815800000|100%| O|  |TAMS 0x0000001815600000, 0x0000001815600000| Untracked 
| 171|0x0000001815800000, 0x0000001815a00000, 0x0000001815a00000|100%| O|  |TAMS 0x0000001815800000, 0x0000001815800000| Untracked 
| 172|0x0000001815a00000, 0x0000001815c00000, 0x0000001815c00000|100%| O|  |TAMS 0x0000001815a00000, 0x0000001815a00000| Untracked 
| 173|0x0000001815c00000, 0x0000001815e00000, 0x0000001815e00000|100%| O|  |TAMS 0x0000001815c00000, 0x0000001815c00000| Untracked 
| 174|0x0000001815e00000, 0x0000001816000000, 0x0000001816000000|100%| O|  |TAMS 0x0000001815e00000, 0x0000001815e00000| Untracked 
| 175|0x0000001816000000, 0x0000001816200000, 0x0000001816200000|100%| O|  |TAMS 0x0000001816000000, 0x0000001816000000| Untracked 
| 176|0x0000001816200000, 0x0000001816400000, 0x0000001816400000|100%| O|  |TAMS 0x0000001816200000, 0x0000001816200000| Untracked 
| 177|0x0000001816400000, 0x0000001816600000, 0x0000001816600000|100%| O|  |TAMS 0x0000001816400000, 0x0000001816400000| Untracked 
| 178|0x0000001816600000, 0x0000001816800000, 0x0000001816800000|100%| O|  |TAMS 0x0000001816600000, 0x0000001816600000| Untracked 
| 179|0x0000001816800000, 0x0000001816a00000, 0x0000001816a00000|100%| O|  |TAMS 0x0000001816800000, 0x0000001816800000| Untracked 
| 180|0x0000001816a00000, 0x0000001816c00000, 0x0000001816c00000|100%| O|  |TAMS 0x0000001816a00000, 0x0000001816a00000| Untracked 
| 181|0x0000001816c00000, 0x0000001816e00000, 0x0000001816e00000|100%| O|  |TAMS 0x0000001816c00000, 0x0000001816c00000| Untracked 
| 182|0x0000001816e00000, 0x0000001817000000, 0x0000001817000000|100%| O|  |TAMS 0x0000001816e00000, 0x0000001816e00000| Untracked 
| 183|0x0000001817000000, 0x0000001817200000, 0x0000001817200000|100%| O|  |TAMS 0x0000001817000000, 0x0000001817000000| Untracked 
| 184|0x0000001817200000, 0x0000001817400000, 0x0000001817400000|100%| O|  |TAMS 0x0000001817200000, 0x0000001817200000| Untracked 
| 185|0x0000001817400000, 0x0000001817600000, 0x0000001817600000|100%|HS|  |TAMS 0x0000001817400000, 0x0000001817400000| Complete 
| 186|0x0000001817600000, 0x0000001817800000, 0x0000001817800000|100%| O|  |TAMS 0x0000001817600000, 0x0000001817600000| Untracked 
| 187|0x0000001817800000, 0x0000001817a00000, 0x0000001817a00000|100%|HS|  |TAMS 0x0000001817800000, 0x0000001817800000| Complete 
| 188|0x0000001817a00000, 0x0000001817c00000, 0x0000001817c00000|100%|HS|  |TAMS 0x0000001817a00000, 0x0000001817a00000| Complete 
| 189|0x0000001817c00000, 0x0000001817e00000, 0x0000001817e00000|100%|HS|  |TAMS 0x0000001817c00000, 0x0000001817c00000| Complete 
| 190|0x0000001817e00000, 0x0000001818000000, 0x0000001818000000|100%| O|  |TAMS 0x0000001817e00000, 0x0000001817e00000| Untracked 
| 191|0x0000001818000000, 0x0000001818200000, 0x0000001818200000|100%|HS|  |TAMS 0x0000001818000000, 0x0000001818000000| Complete 
| 192|0x0000001818200000, 0x0000001818400000, 0x0000001818400000|100%| O|  |TAMS 0x0000001818200000, 0x0000001818200000| Untracked 
| 193|0x0000001818400000, 0x0000001818600000, 0x0000001818600000|100%| O|  |TAMS 0x0000001818400000, 0x0000001818400000| Untracked 
| 194|0x0000001818600000, 0x0000001818800000, 0x0000001818800000|100%| O|  |TAMS 0x0000001818600000, 0x0000001818600000| Untracked 
| 195|0x0000001818800000, 0x0000001818a00000, 0x0000001818a00000|100%| O|  |TAMS 0x0000001818800000, 0x0000001818800000| Untracked 
| 196|0x0000001818a00000, 0x0000001818c00000, 0x0000001818c00000|100%| O|  |TAMS 0x0000001818a00000, 0x0000001818a00000| Untracked 
| 197|0x0000001818c00000, 0x0000001818e00000, 0x0000001818e00000|100%| O|  |TAMS 0x0000001818c00000, 0x0000001818c00000| Untracked 
| 198|0x0000001818e00000, 0x0000001819000000, 0x0000001819000000|100%|HS|  |TAMS 0x0000001818e00000, 0x0000001818e00000| Complete 
| 199|0x0000001819000000, 0x0000001819200000, 0x0000001819200000|100%| O|  |TAMS 0x0000001819000000, 0x0000001819000000| Untracked 
| 200|0x0000001819200000, 0x0000001819400000, 0x0000001819400000|100%|HS|  |TAMS 0x0000001819200000, 0x0000001819200000| Complete 
| 201|0x0000001819400000, 0x0000001819600000, 0x0000001819600000|100%|HC|  |TAMS 0x0000001819400000, 0x0000001819400000| Complete 
| 202|0x0000001819600000, 0x0000001819800000, 0x0000001819800000|100%|HC|  |TAMS 0x0000001819600000, 0x0000001819600000| Complete 
| 203|0x0000001819800000, 0x0000001819a00000, 0x0000001819a00000|100%| O|  |TAMS 0x0000001819800000, 0x0000001819800000| Untracked 
| 204|0x0000001819a00000, 0x0000001819c00000, 0x0000001819c00000|100%| O|  |TAMS 0x0000001819a00000, 0x0000001819a00000| Untracked 
| 205|0x0000001819c00000, 0x0000001819e00000, 0x0000001819e00000|100%|HS|  |TAMS 0x0000001819c00000, 0x0000001819c00000| Complete 
| 206|0x0000001819e00000, 0x000000181a000000, 0x000000181a000000|100%|HS|  |TAMS 0x0000001819e00000, 0x0000001819e00000| Complete 
| 207|0x000000181a000000, 0x000000181a200000, 0x000000181a200000|100%|HC|  |TAMS 0x000000181a000000, 0x000000181a000000| Complete 
| 208|0x000000181a200000, 0x000000181a400000, 0x000000181a400000|100%|HC|  |TAMS 0x000000181a200000, 0x000000181a200000| Complete 
| 209|0x000000181a400000, 0x000000181a600000, 0x000000181a600000|100%| O|  |TAMS 0x000000181a400000, 0x000000181a400000| Untracked 
| 210|0x000000181a600000, 0x000000181a800000, 0x000000181a800000|100%| O|  |TAMS 0x000000181a600000, 0x000000181a600000| Untracked 
| 211|0x000000181a800000, 0x000000181aa00000, 0x000000181aa00000|100%| O|  |TAMS 0x000000181a800000, 0x000000181a800000| Untracked 
| 212|0x000000181aa00000, 0x000000181ac00000, 0x000000181ac00000|100%| O|  |TAMS 0x000000181aa00000, 0x000000181aa00000| Untracked 
| 213|0x000000181ac00000, 0x000000181ae00000, 0x000000181ae00000|100%| O|  |TAMS 0x000000181ae00000, 0x000000181ac00000| Untracked 
| 214|0x000000181ae00000, 0x000000181b000000, 0x000000181b000000|100%| O|  |TAMS 0x000000181ae00000, 0x000000181ae00000| Untracked 
| 215|0x000000181b000000, 0x000000181b200000, 0x000000181b200000|100%| O|  |TAMS 0x000000181b000000, 0x000000181b000000| Untracked 
| 216|0x000000181b200000, 0x000000181b400000, 0x000000181b400000|100%| O|  |TAMS 0x000000181b200000, 0x000000181b200000| Untracked 
| 217|0x000000181b400000, 0x000000181b600000, 0x000000181b600000|100%| O|  |TAMS 0x000000181b400000, 0x000000181b400000| Untracked 
| 218|0x000000181b600000, 0x000000181b800000, 0x000000181b800000|100%|HS|  |TAMS 0x000000181b600000, 0x000000181b600000| Complete 
| 219|0x000000181b800000, 0x000000181ba00000, 0x000000181ba00000|100%|HC|  |TAMS 0x000000181b800000, 0x000000181b800000| Complete 
| 220|0x000000181ba00000, 0x000000181bc00000, 0x000000181bc00000|100%|HC|  |TAMS 0x000000181ba00000, 0x000000181ba00000| Complete 
| 221|0x000000181bc00000, 0x000000181be00000, 0x000000181be00000|100%| O|  |TAMS 0x000000181bc00000, 0x000000181bc00000| Untracked 
| 222|0x000000181be00000, 0x000000181c000000, 0x000000181c000000|100%| O|  |TAMS 0x000000181be00000, 0x000000181be00000| Untracked 
| 223|0x000000181c000000, 0x000000181c200000, 0x000000181c200000|100%| O|  |TAMS 0x000000181c000000, 0x000000181c000000| Untracked 
| 224|0x000000181c200000, 0x000000181c400000, 0x000000181c400000|100%| O|  |TAMS 0x000000181c200000, 0x000000181c200000| Untracked 
| 225|0x000000181c400000, 0x000000181c600000, 0x000000181c600000|100%| O|  |TAMS 0x000000181c400000, 0x000000181c400000| Untracked 
| 226|0x000000181c600000, 0x000000181c800000, 0x000000181c800000|100%| O|  |TAMS 0x000000181c600000, 0x000000181c600000| Untracked 
| 227|0x000000181c800000, 0x000000181ca00000, 0x000000181ca00000|100%|HS|  |TAMS 0x000000181c800000, 0x000000181c800000| Complete 
| 228|0x000000181ca00000, 0x000000181cc00000, 0x000000181cc00000|100%|HC|  |TAMS 0x000000181ca00000, 0x000000181ca00000| Complete 
| 229|0x000000181cc00000, 0x000000181ce00000, 0x000000181ce00000|100%|HC|  |TAMS 0x000000181cc00000, 0x000000181cc00000| Complete 
| 230|0x000000181ce00000, 0x000000181d000000, 0x000000181d000000|100%| O|  |TAMS 0x000000181ce00000, 0x000000181ce00000| Untracked 
| 231|0x000000181d000000, 0x000000181d200000, 0x000000181d200000|100%| O|  |TAMS 0x000000181d000000, 0x000000181d000000| Untracked 
| 232|0x000000181d200000, 0x000000181d400000, 0x000000181d400000|100%| O|  |TAMS 0x000000181d200000, 0x000000181d200000| Untracked 
| 233|0x000000181d400000, 0x000000181d600000, 0x000000181d600000|100%| O|  |TAMS 0x000000181d400000, 0x000000181d400000| Untracked 
| 234|0x000000181d600000, 0x000000181d800000, 0x000000181d800000|100%| O|  |TAMS 0x000000181d600000, 0x000000181d600000| Untracked 
| 235|0x000000181d800000, 0x000000181da00000, 0x000000181da00000|100%| O|  |TAMS 0x000000181d800000, 0x000000181d800000| Untracked 
| 236|0x000000181da00000, 0x000000181dc00000, 0x000000181dc00000|100%| O|  |TAMS 0x000000181da00000, 0x000000181da00000| Untracked 
| 237|0x000000181dc00000, 0x000000181de00000, 0x000000181de00000|100%| O|  |TAMS 0x000000181dc00000, 0x000000181dc00000| Untracked 
| 238|0x000000181de00000, 0x000000181e000000, 0x000000181e000000|100%|HS|  |TAMS 0x000000181de00000, 0x000000181de00000| Complete 
| 239|0x000000181e000000, 0x000000181e200000, 0x000000181e200000|100%|HS|  |TAMS 0x000000181e000000, 0x000000181e000000| Complete 
| 240|0x000000181e200000, 0x000000181e400000, 0x000000181e400000|100%|HC|  |TAMS 0x000000181e200000, 0x000000181e200000| Complete 
| 241|0x000000181e400000, 0x000000181e600000, 0x000000181e600000|100%|HC|  |TAMS 0x000000181e400000, 0x000000181e400000| Complete 
| 242|0x000000181e600000, 0x000000181e800000, 0x000000181e800000|100%| O|  |TAMS 0x000000181e600000, 0x000000181e600000| Untracked 
| 243|0x000000181e800000, 0x000000181ea00000, 0x000000181ea00000|100%| O|  |TAMS 0x000000181e800000, 0x000000181e800000| Untracked 
| 244|0x000000181ea00000, 0x000000181ec00000, 0x000000181ec00000|100%| O|  |TAMS 0x000000181ea00000, 0x000000181ea00000| Untracked 
| 245|0x000000181ec00000, 0x000000181ee00000, 0x000000181ee00000|100%| O|  |TAMS 0x000000181ec00000, 0x000000181ec00000| Untracked 
| 246|0x000000181ee00000, 0x000000181f000000, 0x000000181f000000|100%| O|  |TAMS 0x000000181ee00000, 0x000000181ee00000| Untracked 
| 247|0x000000181f000000, 0x000000181f200000, 0x000000181f200000|100%| O|  |TAMS 0x000000181f000000, 0x000000181f000000| Untracked 
| 248|0x000000181f200000, 0x000000181f400000, 0x000000181f400000|100%| O|  |TAMS 0x000000181f200000, 0x000000181f200000| Untracked 
| 249|0x000000181f400000, 0x000000181f600000, 0x000000181f600000|100%| O|  |TAMS 0x000000181f400000, 0x000000181f400000| Untracked 
| 250|0x000000181f600000, 0x000000181f800000, 0x000000181f800000|100%| O|  |TAMS 0x000000181f600000, 0x000000181f600000| Untracked 
| 251|0x000000181f800000, 0x000000181fa00000, 0x000000181fa00000|100%|HS|  |TAMS 0x000000181f800000, 0x000000181f800000| Complete 
| 252|0x000000181fa00000, 0x000000181fc00000, 0x000000181fc00000|100%|HC|  |TAMS 0x000000181fa00000, 0x000000181fa00000| Complete 
| 253|0x000000181fc00000, 0x000000181fe00000, 0x000000181fe00000|100%|HC|  |TAMS 0x000000181fc00000, 0x000000181fc00000| Complete 
| 254|0x000000181fe00000, 0x0000001820000000, 0x0000001820000000|100%| O|  |TAMS 0x000000181fe00000, 0x000000181fe00000| Untracked 
| 255|0x0000001820000000, 0x0000001820200000, 0x0000001820200000|100%| O|  |TAMS 0x0000001820000000, 0x0000001820000000| Untracked 
| 256|0x0000001820200000, 0x0000001820400000, 0x0000001820400000|100%| O|  |TAMS 0x0000001820200000, 0x0000001820200000| Untracked 
| 257|0x0000001820400000, 0x0000001820600000, 0x0000001820600000|100%| O|  |TAMS 0x0000001820400000, 0x0000001820400000| Untracked 
| 258|0x0000001820600000, 0x0000001820800000, 0x0000001820800000|100%| O|  |TAMS 0x0000001820600000, 0x0000001820600000| Untracked 
| 259|0x0000001820800000, 0x0000001820a00000, 0x0000001820a00000|100%| O|  |TAMS 0x0000001820800000, 0x0000001820800000| Untracked 
| 260|0x0000001820a00000, 0x0000001820c00000, 0x0000001820c00000|100%| O|  |TAMS 0x0000001820a00000, 0x0000001820a00000| Untracked 
| 261|0x0000001820c00000, 0x0000001820e00000, 0x0000001820e00000|100%| O|  |TAMS 0x0000001820c00000, 0x0000001820c00000| Untracked 
| 262|0x0000001820e00000, 0x0000001821000000, 0x0000001821000000|100%| O|  |TAMS 0x0000001820e00000, 0x0000001820e00000| Untracked 
| 263|0x0000001821000000, 0x0000001821200000, 0x0000001821200000|100%|HS|  |TAMS 0x0000001821000000, 0x0000001821000000| Complete 
| 264|0x0000001821200000, 0x0000001821400000, 0x0000001821400000|100%|HC|  |TAMS 0x0000001821200000, 0x0000001821200000| Complete 
| 265|0x0000001821400000, 0x0000001821600000, 0x0000001821600000|100%|HC|  |TAMS 0x0000001821400000, 0x0000001821400000| Complete 
| 266|0x0000001821600000, 0x0000001821800000, 0x0000001821800000|100%| O|  |TAMS 0x0000001821600000, 0x0000001821600000| Untracked 
| 267|0x0000001821800000, 0x0000001821a00000, 0x0000001821a00000|100%| O|  |TAMS 0x0000001821800000, 0x0000001821800000| Untracked 
| 268|0x0000001821a00000, 0x0000001821c00000, 0x0000001821c00000|100%| O|  |TAMS 0x0000001821a00000, 0x0000001821a00000| Untracked 
| 269|0x0000001821c00000, 0x0000001821e00000, 0x0000001821e00000|100%| O|  |TAMS 0x0000001821c00000, 0x0000001821c00000| Untracked 
| 270|0x0000001821e00000, 0x0000001822000000, 0x0000001822000000|100%| O|  |TAMS 0x0000001821e00000, 0x0000001821e00000| Untracked 
| 271|0x0000001822000000, 0x0000001822200000, 0x0000001822200000|100%| O|  |TAMS 0x0000001822000000, 0x0000001822000000| Untracked 
| 272|0x0000001822200000, 0x0000001822400000, 0x0000001822400000|100%| O|  |TAMS 0x0000001822200000, 0x0000001822200000| Untracked 
| 273|0x0000001822400000, 0x0000001822600000, 0x0000001822600000|100%| O|  |TAMS 0x0000001822400000, 0x0000001822400000| Untracked 
| 274|0x0000001822600000, 0x0000001822800000, 0x0000001822800000|100%| O|  |TAMS 0x0000001822600000, 0x0000001822600000| Untracked 
| 275|0x0000001822800000, 0x0000001822a00000, 0x0000001822a00000|100%|HS|  |TAMS 0x0000001822800000, 0x0000001822800000| Complete 
| 276|0x0000001822a00000, 0x0000001822c00000, 0x0000001822c00000|100%|HC|  |TAMS 0x0000001822a00000, 0x0000001822a00000| Complete 
| 277|0x0000001822c00000, 0x0000001822e00000, 0x0000001822e00000|100%|HC|  |TAMS 0x0000001822c00000, 0x0000001822c00000| Complete 
| 278|0x0000001822e00000, 0x0000001823000000, 0x0000001823000000|100%| O|  |TAMS 0x0000001822e00000, 0x0000001822e00000| Untracked 
| 279|0x0000001823000000, 0x0000001823200000, 0x0000001823200000|100%| O|  |TAMS 0x0000001823000000, 0x0000001823000000| Untracked 
| 280|0x0000001823200000, 0x0000001823400000, 0x0000001823400000|100%| O|  |TAMS 0x0000001823200000, 0x0000001823200000| Untracked 
| 281|0x0000001823400000, 0x0000001823600000, 0x0000001823600000|100%| O|  |TAMS 0x0000001823400000, 0x0000001823400000| Untracked 
| 282|0x0000001823600000, 0x0000001823800000, 0x0000001823800000|100%| O|  |TAMS 0x0000001823600000, 0x0000001823600000| Untracked 
| 283|0x0000001823800000, 0x0000001823a00000, 0x0000001823a00000|100%| O|  |TAMS 0x0000001823800000, 0x0000001823800000| Untracked 
| 284|0x0000001823a00000, 0x0000001823c00000, 0x0000001823c00000|100%| O|  |TAMS 0x0000001823a00000, 0x0000001823a00000| Untracked 
| 285|0x0000001823c00000, 0x0000001823e00000, 0x0000001823e00000|100%| O|  |TAMS 0x0000001823c00000, 0x0000001823c00000| Untracked 
| 286|0x0000001823e00000, 0x0000001824000000, 0x0000001824000000|100%| O|  |TAMS 0x0000001823e00000, 0x0000001823e00000| Untracked 
| 287|0x0000001824000000, 0x0000001824200000, 0x0000001824200000|100%| O|  |TAMS 0x0000001824000000, 0x0000001824000000| Untracked 
| 288|0x0000001824200000, 0x0000001824400000, 0x0000001824400000|100%| O|  |TAMS 0x0000001824200000, 0x0000001824200000| Untracked 
| 289|0x0000001824400000, 0x0000001824600000, 0x0000001824600000|100%| O|  |TAMS 0x0000001824400000, 0x0000001824400000| Untracked 
| 290|0x0000001824600000, 0x0000001824800000, 0x0000001824800000|100%| O|  |TAMS 0x0000001824600000, 0x0000001824600000| Untracked 
| 291|0x0000001824800000, 0x0000001824a00000, 0x0000001824a00000|100%| O|  |TAMS 0x0000001824800000, 0x0000001824800000| Untracked 
| 292|0x0000001824a00000, 0x0000001824c00000, 0x0000001824c00000|100%| O|  |TAMS 0x0000001824a00000, 0x0000001824a00000| Untracked 
| 293|0x0000001824c00000, 0x0000001824e00000, 0x0000001824e00000|100%| O|  |TAMS 0x0000001824c00000, 0x0000001824c00000| Untracked 
| 294|0x0000001824e00000, 0x0000001825000000, 0x0000001825000000|100%| O|  |TAMS 0x0000001824e00000, 0x0000001824e00000| Untracked 
| 295|0x0000001825000000, 0x0000001825200000, 0x0000001825200000|100%| O|  |TAMS 0x0000001825000000, 0x0000001825000000| Untracked 
| 296|0x0000001825200000, 0x0000001825400000, 0x0000001825400000|100%| O|  |TAMS 0x0000001825200000, 0x0000001825200000| Untracked 
| 297|0x0000001825400000, 0x0000001825600000, 0x0000001825600000|100%| O|  |TAMS 0x0000001825400000, 0x0000001825400000| Untracked 
| 298|0x0000001825600000, 0x0000001825800000, 0x0000001825800000|100%| O|  |TAMS 0x0000001825600000, 0x0000001825600000| Untracked 
| 299|0x0000001825800000, 0x0000001825a00000, 0x0000001825a00000|100%|HS|  |TAMS 0x0000001825800000, 0x0000001825800000| Complete 
| 300|0x0000001825a00000, 0x0000001825c00000, 0x0000001825c00000|100%|HC|  |TAMS 0x0000001825a00000, 0x0000001825a00000| Complete 
| 301|0x0000001825c00000, 0x0000001825e00000, 0x0000001825e00000|100%|HC|  |TAMS 0x0000001825c00000, 0x0000001825c00000| Complete 
| 302|0x0000001825e00000, 0x0000001826000000, 0x0000001826000000|100%| O|  |TAMS 0x0000001825e00000, 0x0000001825e00000| Untracked 
| 303|0x0000001826000000, 0x0000001826200000, 0x0000001826200000|100%| O|  |TAMS 0x0000001826000000, 0x0000001826000000| Untracked 
| 304|0x0000001826200000, 0x0000001826400000, 0x0000001826400000|100%| O|  |TAMS 0x0000001826200000, 0x0000001826200000| Untracked 
| 305|0x0000001826400000, 0x0000001826600000, 0x0000001826600000|100%| O|  |TAMS 0x0000001826400000, 0x0000001826400000| Untracked 
| 306|0x0000001826600000, 0x0000001826800000, 0x0000001826800000|100%| O|  |TAMS 0x0000001826600000, 0x0000001826600000| Untracked 
| 307|0x0000001826800000, 0x0000001826a00000, 0x0000001826a00000|100%| O|  |TAMS 0x0000001826800000, 0x0000001826800000| Untracked 
| 308|0x0000001826a00000, 0x0000001826c00000, 0x0000001826c00000|100%|HS|  |TAMS 0x0000001826a00000, 0x0000001826a00000| Complete 
| 309|0x0000001826c00000, 0x0000001826e00000, 0x0000001826e00000|100%|HC|  |TAMS 0x0000001826c00000, 0x0000001826c00000| Complete 
| 310|0x0000001826e00000, 0x0000001827000000, 0x0000001827000000|100%|HC|  |TAMS 0x0000001826e00000, 0x0000001826e00000| Complete 
| 311|0x0000001827000000, 0x0000001827200000, 0x0000001827200000|100%| O|  |TAMS 0x0000001827000000, 0x0000001827000000| Untracked 
| 312|0x0000001827200000, 0x0000001827400000, 0x0000001827400000|100%| O|  |TAMS 0x0000001827200000, 0x0000001827200000| Untracked 
| 313|0x0000001827400000, 0x0000001827600000, 0x0000001827600000|100%| O|  |TAMS 0x0000001827400000, 0x0000001827400000| Untracked 
| 314|0x0000001827600000, 0x0000001827800000, 0x0000001827800000|100%| O|  |TAMS 0x0000001827600000, 0x0000001827600000| Untracked 
| 315|0x0000001827800000, 0x0000001827a00000, 0x0000001827a00000|100%| O|  |TAMS 0x0000001827800000, 0x0000001827800000| Untracked 
| 316|0x0000001827a00000, 0x0000001827c00000, 0x0000001827c00000|100%| O|  |TAMS 0x0000001827a00000, 0x0000001827a00000| Untracked 
| 317|0x0000001827c00000, 0x0000001827e00000, 0x0000001827e00000|100%| O|  |TAMS 0x0000001827c00000, 0x0000001827c00000| Untracked 
| 318|0x0000001827e00000, 0x0000001828000000, 0x0000001828000000|100%| O|  |TAMS 0x0000001827e00000, 0x0000001827e00000| Untracked 
| 319|0x0000001828000000, 0x0000001828200000, 0x0000001828200000|100%| O|  |TAMS 0x0000001828000000, 0x0000001828000000| Untracked 
| 320|0x0000001828200000, 0x0000001828400000, 0x0000001828400000|100%| O|  |TAMS 0x0000001828200000, 0x0000001828200000| Untracked 
| 321|0x0000001828400000, 0x0000001828600000, 0x0000001828600000|100%| O|  |TAMS 0x0000001828400000, 0x0000001828400000| Untracked 
| 322|0x0000001828600000, 0x0000001828800000, 0x0000001828800000|100%| O|  |TAMS 0x0000001828600000, 0x0000001828600000| Untracked 
| 323|0x0000001828800000, 0x0000001828a00000, 0x0000001828a00000|100%| O|  |TAMS 0x0000001828800000, 0x0000001828800000| Untracked 
| 324|0x0000001828a00000, 0x0000001828c00000, 0x0000001828c00000|100%| O|  |TAMS 0x0000001828a00000, 0x0000001828a00000| Untracked 
| 325|0x0000001828c00000, 0x0000001828e00000, 0x0000001828e00000|100%| O|  |TAMS 0x0000001828c00000, 0x0000001828c00000| Untracked 
| 326|0x0000001828e00000, 0x0000001829000000, 0x0000001829000000|100%| O|  |TAMS 0x0000001828e00000, 0x0000001828e00000| Untracked 
| 327|0x0000001829000000, 0x0000001829200000, 0x0000001829200000|100%| O|  |TAMS 0x0000001829000000, 0x0000001829000000| Untracked 
| 328|0x0000001829200000, 0x0000001829400000, 0x0000001829400000|100%| O|  |TAMS 0x0000001829200000, 0x0000001829200000| Untracked 
| 329|0x0000001829400000, 0x0000001829600000, 0x0000001829600000|100%| O|  |TAMS 0x0000001829400000, 0x0000001829400000| Untracked 
| 330|0x0000001829600000, 0x0000001829800000, 0x0000001829800000|100%| O|  |TAMS 0x0000001829600000, 0x0000001829600000| Untracked 
| 331|0x0000001829800000, 0x0000001829a00000, 0x0000001829a00000|100%| O|  |TAMS 0x0000001829800000, 0x0000001829800000| Untracked 
| 332|0x0000001829a00000, 0x0000001829c00000, 0x0000001829c00000|100%|HS|  |TAMS 0x0000001829a00000, 0x0000001829a00000| Complete 
| 333|0x0000001829c00000, 0x0000001829e00000, 0x0000001829e00000|100%|HC|  |TAMS 0x0000001829c00000, 0x0000001829c00000| Complete 
| 334|0x0000001829e00000, 0x000000182a000000, 0x000000182a000000|100%|HC|  |TAMS 0x0000001829e00000, 0x0000001829e00000| Complete 
| 335|0x000000182a000000, 0x000000182a200000, 0x000000182a200000|100%| O|  |TAMS 0x000000182a000000, 0x000000182a000000| Untracked 
| 336|0x000000182a200000, 0x000000182a400000, 0x000000182a400000|100%| O|  |TAMS 0x000000182a200000, 0x000000182a200000| Untracked 
| 337|0x000000182a400000, 0x000000182a600000, 0x000000182a600000|100%| O|  |TAMS 0x000000182a400000, 0x000000182a400000| Untracked 
| 338|0x000000182a600000, 0x000000182a800000, 0x000000182a800000|100%| O|  |TAMS 0x000000182a600000, 0x000000182a600000| Untracked 
| 339|0x000000182a800000, 0x000000182aa00000, 0x000000182aa00000|100%| O|  |TAMS 0x000000182a800000, 0x000000182a800000| Untracked 
| 340|0x000000182aa00000, 0x000000182ac00000, 0x000000182ac00000|100%| O|  |TAMS 0x000000182aa00000, 0x000000182aa00000| Untracked 
| 341|0x000000182ac00000, 0x000000182ae00000, 0x000000182ae00000|100%| O|  |TAMS 0x000000182ac00000, 0x000000182ac00000| Untracked 
| 342|0x000000182ae00000, 0x000000182b000000, 0x000000182b000000|100%| O|  |TAMS 0x000000182ae00000, 0x000000182ae00000| Untracked 
| 343|0x000000182b000000, 0x000000182b200000, 0x000000182b200000|100%| O|  |TAMS 0x000000182b000000, 0x000000182b000000| Untracked 
| 344|0x000000182b200000, 0x000000182b400000, 0x000000182b400000|100%| O|  |TAMS 0x000000182b200000, 0x000000182b200000| Untracked 
| 345|0x000000182b400000, 0x000000182b600000, 0x000000182b600000|100%| O|  |TAMS 0x000000182b400000, 0x000000182b400000| Untracked 
| 346|0x000000182b600000, 0x000000182b800000, 0x000000182b800000|100%| O|  |TAMS 0x000000182b600000, 0x000000182b600000| Untracked 
| 347|0x000000182b800000, 0x000000182ba00000, 0x000000182ba00000|100%| O|  |TAMS 0x000000182b800000, 0x000000182b800000| Untracked 
| 348|0x000000182ba00000, 0x000000182bc00000, 0x000000182bc00000|100%| O|  |TAMS 0x000000182ba00000, 0x000000182ba00000| Untracked 
| 349|0x000000182bc00000, 0x000000182be00000, 0x000000182be00000|100%| O|  |TAMS 0x000000182bc00000, 0x000000182bc00000| Untracked 
| 350|0x000000182be00000, 0x000000182c000000, 0x000000182c000000|100%| O|  |TAMS 0x000000182be00000, 0x000000182be00000| Untracked 
| 351|0x000000182c000000, 0x000000182c200000, 0x000000182c200000|100%| O|  |TAMS 0x000000182c000000, 0x000000182c000000| Untracked 
| 352|0x000000182c200000, 0x000000182c400000, 0x000000182c400000|100%| O|  |TAMS 0x000000182c200000, 0x000000182c200000| Untracked 
| 353|0x000000182c400000, 0x000000182c600000, 0x000000182c600000|100%| O|  |TAMS 0x000000182c400000, 0x000000182c400000| Untracked 
| 354|0x000000182c600000, 0x000000182c800000, 0x000000182c800000|100%| O|  |TAMS 0x000000182c600000, 0x000000182c600000| Untracked 
| 355|0x000000182c800000, 0x000000182ca00000, 0x000000182ca00000|100%|HS|  |TAMS 0x000000182c800000, 0x000000182c800000| Complete 
| 356|0x000000182ca00000, 0x000000182cc00000, 0x000000182cc00000|100%|HC|  |TAMS 0x000000182ca00000, 0x000000182ca00000| Complete 
| 357|0x000000182cc00000, 0x000000182ce00000, 0x000000182ce00000|100%|HC|  |TAMS 0x000000182cc00000, 0x000000182cc00000| Complete 
| 358|0x000000182ce00000, 0x000000182d000000, 0x000000182d000000|100%|HS|  |TAMS 0x000000182ce00000, 0x000000182ce00000| Complete 
| 359|0x000000182d000000, 0x000000182d200000, 0x000000182d200000|100%|HC|  |TAMS 0x000000182d000000, 0x000000182d000000| Complete 
| 360|0x000000182d200000, 0x000000182d400000, 0x000000182d400000|100%|HC|  |TAMS 0x000000182d200000, 0x000000182d200000| Complete 
| 361|0x000000182d400000, 0x000000182d600000, 0x000000182d600000|100%|HS|  |TAMS 0x000000182d400000, 0x000000182d400000| Complete 
| 362|0x000000182d600000, 0x000000182d800000, 0x000000182d800000|100%| O|  |TAMS 0x000000182d600000, 0x000000182d600000| Untracked 
| 363|0x000000182d800000, 0x000000182da00000, 0x000000182da00000|100%| O|  |TAMS 0x000000182d800000, 0x000000182d800000| Untracked 
| 364|0x000000182da00000, 0x000000182dc00000, 0x000000182dc00000|100%| O|  |TAMS 0x000000182da00000, 0x000000182da00000| Untracked 
| 365|0x000000182dc00000, 0x000000182de00000, 0x000000182de00000|100%| O|  |TAMS 0x000000182dc00000, 0x000000182dc00000| Untracked 
| 366|0x000000182de00000, 0x000000182e000000, 0x000000182e000000|100%| O|  |TAMS 0x000000182de00000, 0x000000182de00000| Untracked 
| 367|0x000000182e000000, 0x000000182e200000, 0x000000182e200000|100%| O|  |TAMS 0x000000182e000000, 0x000000182e000000| Untracked 
| 368|0x000000182e200000, 0x000000182e400000, 0x000000182e400000|100%|HS|  |TAMS 0x000000182e200000, 0x000000182e200000| Complete 
| 369|0x000000182e400000, 0x000000182e600000, 0x000000182e600000|100%| O|  |TAMS 0x000000182e400000, 0x000000182e400000| Untracked 
| 370|0x000000182e600000, 0x000000182e800000, 0x000000182e800000|100%|HS|  |TAMS 0x000000182e600000, 0x000000182e600000| Complete 
| 371|0x000000182e800000, 0x000000182ea00000, 0x000000182ea00000|100%|HS|  |TAMS 0x000000182e800000, 0x000000182e800000| Complete 
| 372|0x000000182ea00000, 0x000000182ec00000, 0x000000182ec00000|100%|HC|  |TAMS 0x000000182ea00000, 0x000000182ea00000| Complete 
| 373|0x000000182ec00000, 0x000000182ee00000, 0x000000182ee00000|100%|HC|  |TAMS 0x000000182ec00000, 0x000000182ec00000| Complete 
| 374|0x000000182ee00000, 0x000000182f000000, 0x000000182f000000|100%| O|  |TAMS 0x000000182ee00000, 0x000000182ee00000| Untracked 
| 375|0x000000182f000000, 0x000000182f200000, 0x000000182f200000|100%| O|  |TAMS 0x000000182f000000, 0x000000182f000000| Untracked 
| 376|0x000000182f200000, 0x000000182f400000, 0x000000182f400000|100%| O|  |TAMS 0x000000182f200000, 0x000000182f200000| Untracked 
| 377|0x000000182f400000, 0x000000182f600000, 0x000000182f600000|100%| O|  |TAMS 0x000000182f400000, 0x000000182f400000| Untracked 
| 378|0x000000182f600000, 0x000000182f800000, 0x000000182f800000|100%|HS|  |TAMS 0x000000182f600000, 0x000000182f600000| Complete 
| 379|0x000000182f800000, 0x000000182fa00000, 0x000000182fa00000|100%|HC|  |TAMS 0x000000182f800000, 0x000000182f800000| Complete 
| 380|0x000000182fa00000, 0x000000182fc00000, 0x000000182fc00000|100%|HC|  |TAMS 0x000000182fa00000, 0x000000182fa00000| Complete 
| 381|0x000000182fc00000, 0x000000182fe00000, 0x000000182fe00000|100%| O|  |TAMS 0x000000182fe00000, 0x000000182fc00000| Untracked 
| 382|0x000000182fe00000, 0x0000001830000000, 0x0000001830000000|100%| O|  |TAMS 0x000000182fe00000, 0x000000182fe00000| Untracked 
| 383|0x0000001830000000, 0x0000001830200000, 0x0000001830200000|100%| O|  |TAMS 0x0000001830000000, 0x0000001830000000| Untracked 
| 384|0x0000001830200000, 0x0000001830400000, 0x0000001830400000|100%| O|  |TAMS 0x0000001830200000, 0x0000001830200000| Untracked 
| 385|0x0000001830400000, 0x0000001830600000, 0x0000001830600000|100%| O|  |TAMS 0x0000001830400000, 0x0000001830400000| Untracked 
| 386|0x0000001830600000, 0x0000001830800000, 0x0000001830800000|100%| O|  |TAMS 0x0000001830600000, 0x0000001830600000| Untracked 
| 387|0x0000001830800000, 0x0000001830a00000, 0x0000001830a00000|100%| O|  |TAMS 0x0000001830800000, 0x0000001830800000| Untracked 
| 388|0x0000001830a00000, 0x0000001830c00000, 0x0000001830c00000|100%|HS|  |TAMS 0x0000001830a00000, 0x0000001830a00000| Complete 
| 389|0x0000001830c00000, 0x0000001830e00000, 0x0000001830e00000|100%|HC|  |TAMS 0x0000001830c00000, 0x0000001830c00000| Complete 
| 390|0x0000001830e00000, 0x0000001831000000, 0x0000001831000000|100%|HC|  |TAMS 0x0000001830e00000, 0x0000001830e00000| Complete 
| 391|0x0000001831000000, 0x0000001831200000, 0x0000001831200000|100%|HS|  |TAMS 0x0000001831000000, 0x0000001831000000| Complete 
| 392|0x0000001831200000, 0x0000001831400000, 0x0000001831400000|100%|HC|  |TAMS 0x0000001831200000, 0x0000001831200000| Complete 
| 393|0x0000001831400000, 0x0000001831600000, 0x0000001831600000|100%|HC|  |TAMS 0x0000001831400000, 0x0000001831400000| Complete 
| 394|0x0000001831600000, 0x0000001831800000, 0x0000001831800000|100%| O|  |TAMS 0x0000001831600000, 0x0000001831600000| Untracked 
| 395|0x0000001831800000, 0x0000001831a00000, 0x0000001831a00000|100%| O|  |TAMS 0x0000001831800000, 0x0000001831800000| Untracked 
| 396|0x0000001831a00000, 0x0000001831c00000, 0x0000001831c00000|100%| O|  |TAMS 0x0000001831a00000, 0x0000001831a00000| Untracked 
| 397|0x0000001831c00000, 0x0000001831e00000, 0x0000001831e00000|100%| O|  |TAMS 0x0000001831c00000, 0x0000001831c00000| Untracked 
| 398|0x0000001831e00000, 0x0000001832000000, 0x0000001832000000|100%| O|  |TAMS 0x0000001831e00000, 0x0000001831e00000| Untracked 
| 399|0x0000001832000000, 0x0000001832200000, 0x0000001832200000|100%|HS|  |TAMS 0x0000001832000000, 0x0000001832000000| Complete 
| 400|0x0000001832200000, 0x0000001832400000, 0x0000001832400000|100%|HC|  |TAMS 0x0000001832200000, 0x0000001832200000| Complete 
| 401|0x0000001832400000, 0x0000001832600000, 0x0000001832600000|100%|HC|  |TAMS 0x0000001832400000, 0x0000001832400000| Complete 
| 402|0x0000001832600000, 0x0000001832800000, 0x0000001832800000|100%|HS|  |TAMS 0x0000001832600000, 0x0000001832600000| Complete 
| 403|0x0000001832800000, 0x0000001832a00000, 0x0000001832a00000|100%|HS|  |TAMS 0x0000001832800000, 0x0000001832800000| Complete 
| 404|0x0000001832a00000, 0x0000001832c00000, 0x0000001832c00000|100%| O|  |TAMS 0x0000001832a00000, 0x0000001832a00000| Untracked 
| 405|0x0000001832c00000, 0x0000001832e00000, 0x0000001832e00000|100%|HS|  |TAMS 0x0000001832c00000, 0x0000001832c00000| Complete 
| 406|0x0000001832e00000, 0x0000001833000000, 0x0000001833000000|100%| O|  |TAMS 0x0000001832e00000, 0x0000001832e00000| Untracked 
| 407|0x0000001833000000, 0x0000001833200000, 0x0000001833200000|100%| O|  |TAMS 0x0000001833000000, 0x0000001833000000| Untracked 
| 408|0x0000001833200000, 0x0000001833400000, 0x0000001833400000|100%| O|  |TAMS 0x0000001833200000, 0x0000001833200000| Untracked 
| 409|0x0000001833400000, 0x0000001833600000, 0x0000001833600000|100%|HS|  |TAMS 0x0000001833400000, 0x0000001833400000| Complete 
| 410|0x0000001833600000, 0x0000001833800000, 0x0000001833800000|100%|HC|  |TAMS 0x0000001833600000, 0x0000001833600000| Complete 
| 411|0x0000001833800000, 0x0000001833a00000, 0x0000001833a00000|100%|HC|  |TAMS 0x0000001833800000, 0x0000001833800000| Complete 
| 412|0x0000001833a00000, 0x0000001833c00000, 0x0000001833c00000|100%|HS|  |TAMS 0x0000001833a00000, 0x0000001833a00000| Complete 
| 413|0x0000001833c00000, 0x0000001833e00000, 0x0000001833e00000|100%|HC|  |TAMS 0x0000001833c00000, 0x0000001833c00000| Complete 
| 414|0x0000001833e00000, 0x0000001834000000, 0x0000001834000000|100%|HC|  |TAMS 0x0000001833e00000, 0x0000001833e00000| Complete 
| 415|0x0000001834000000, 0x0000001834200000, 0x0000001834200000|100%| O|  |TAMS 0x0000001834000000, 0x0000001834000000| Untracked 
| 416|0x0000001834200000, 0x0000001834400000, 0x0000001834400000|100%| O|  |TAMS 0x0000001834200000, 0x0000001834200000| Untracked 
| 417|0x0000001834400000, 0x0000001834600000, 0x0000001834600000|100%| O|  |TAMS 0x0000001834400000, 0x0000001834400000| Untracked 
| 418|0x0000001834600000, 0x0000001834800000, 0x0000001834800000|100%| O|  |TAMS 0x0000001834600000, 0x0000001834600000| Untracked 
| 419|0x0000001834800000, 0x0000001834a00000, 0x0000001834a00000|100%| O|  |TAMS 0x0000001834800000, 0x0000001834800000| Untracked 
| 420|0x0000001834a00000, 0x0000001834c00000, 0x0000001834c00000|100%| O|  |TAMS 0x0000001834a00000, 0x0000001834a00000| Untracked 
| 421|0x0000001834c00000, 0x0000001834e00000, 0x0000001834e00000|100%| O|  |TAMS 0x0000001834c00000, 0x0000001834c00000| Untracked 
| 422|0x0000001834e00000, 0x0000001835000000, 0x0000001835000000|100%| O|  |TAMS 0x0000001834e00000, 0x0000001834e00000| Untracked 
| 423|0x0000001835000000, 0x0000001835200000, 0x0000001835200000|100%| O|  |TAMS 0x0000001835000000, 0x0000001835000000| Untracked 
| 424|0x0000001835200000, 0x0000001835400000, 0x0000001835400000|100%| O|  |TAMS 0x0000001835200000, 0x0000001835200000| Untracked 
| 425|0x0000001835400000, 0x0000001835600000, 0x0000001835600000|100%| O|  |TAMS 0x0000001835400000, 0x0000001835400000| Untracked 
| 426|0x0000001835600000, 0x0000001835800000, 0x0000001835800000|100%| O|  |TAMS 0x0000001835600000, 0x0000001835600000| Untracked 
| 427|0x0000001835800000, 0x0000001835a00000, 0x0000001835a00000|100%| O|  |TAMS 0x0000001835800000, 0x0000001835800000| Untracked 
| 428|0x0000001835a00000, 0x0000001835c00000, 0x0000001835c00000|100%|HS|  |TAMS 0x0000001835a00000, 0x0000001835a00000| Complete 
| 429|0x0000001835c00000, 0x0000001835e00000, 0x0000001835e00000|100%|HC|  |TAMS 0x0000001835c00000, 0x0000001835c00000| Complete 
| 430|0x0000001835e00000, 0x0000001836000000, 0x0000001836000000|100%|HC|  |TAMS 0x0000001835e00000, 0x0000001835e00000| Complete 
| 431|0x0000001836000000, 0x0000001836200000, 0x0000001836200000|100%| O|  |TAMS 0x0000001836000000, 0x0000001836000000| Untracked 
| 432|0x0000001836200000, 0x0000001836400000, 0x0000001836400000|100%| O|  |TAMS 0x0000001836200000, 0x0000001836200000| Untracked 
| 433|0x0000001836400000, 0x0000001836600000, 0x0000001836600000|100%| O|  |TAMS 0x0000001836400000, 0x0000001836400000| Untracked 
| 434|0x0000001836600000, 0x0000001836800000, 0x0000001836800000|100%| O|  |TAMS 0x0000001836600000, 0x0000001836600000| Untracked 
| 435|0x0000001836800000, 0x0000001836a00000, 0x0000001836a00000|100%| O|  |TAMS 0x0000001836800000, 0x0000001836800000| Untracked 
| 436|0x0000001836a00000, 0x0000001836c00000, 0x0000001836c00000|100%| O|  |TAMS 0x0000001836a00000, 0x0000001836a00000| Untracked 
| 437|0x0000001836c00000, 0x0000001836e00000, 0x0000001836e00000|100%|HS|  |TAMS 0x0000001836c00000, 0x0000001836c00000| Complete 
| 438|0x0000001836e00000, 0x0000001837000000, 0x0000001837000000|100%|HC|  |TAMS 0x0000001836e00000, 0x0000001836e00000| Complete 
| 439|0x0000001837000000, 0x0000001837200000, 0x0000001837200000|100%|HC|  |TAMS 0x0000001837000000, 0x0000001837000000| Complete 
| 440|0x0000001837200000, 0x0000001837400000, 0x0000001837400000|100%| O|  |TAMS 0x0000001837200000, 0x0000001837200000| Untracked 
| 441|0x0000001837400000, 0x0000001837600000, 0x0000001837600000|100%| O|  |TAMS 0x0000001837400000, 0x0000001837400000| Untracked 
| 442|0x0000001837600000, 0x0000001837800000, 0x0000001837800000|100%| O|  |TAMS 0x0000001837600000, 0x0000001837600000| Untracked 
| 443|0x0000001837800000, 0x0000001837a00000, 0x0000001837a00000|100%| O|  |TAMS 0x0000001837800000, 0x0000001837800000| Untracked 
| 444|0x0000001837a00000, 0x0000001837c00000, 0x0000001837c00000|100%| O|  |TAMS 0x0000001837a00000, 0x0000001837a00000| Untracked 
| 445|0x0000001837c00000, 0x0000001837e00000, 0x0000001837e00000|100%| O|  |TAMS 0x0000001837c00000, 0x0000001837c00000| Untracked 
| 446|0x0000001837e00000, 0x0000001838000000, 0x0000001838000000|100%| O|  |TAMS 0x0000001837e00000, 0x0000001837e00000| Untracked 
| 447|0x0000001838000000, 0x0000001838200000, 0x0000001838200000|100%| O|  |TAMS 0x0000001838000000, 0x0000001838000000| Untracked 
| 448|0x0000001838200000, 0x0000001838400000, 0x0000001838400000|100%| O|  |TAMS 0x0000001838200000, 0x0000001838200000| Untracked 
| 449|0x0000001838400000, 0x0000001838600000, 0x0000001838600000|100%| O|  |TAMS 0x0000001838400000, 0x0000001838400000| Untracked 
| 450|0x0000001838600000, 0x0000001838800000, 0x0000001838800000|100%| O|  |TAMS 0x0000001838600000, 0x0000001838600000| Untracked 
| 451|0x0000001838800000, 0x0000001838a00000, 0x0000001838a00000|100%| O|  |TAMS 0x0000001838800000, 0x0000001838800000| Untracked 
| 452|0x0000001838a00000, 0x0000001838c00000, 0x0000001838c00000|100%| O|  |TAMS 0x0000001838a00000, 0x0000001838a00000| Untracked 
| 453|0x0000001838c00000, 0x0000001838e00000, 0x0000001838e00000|100%| O|  |TAMS 0x0000001838c00000, 0x0000001838c00000| Untracked 
| 454|0x0000001838e00000, 0x0000001839000000, 0x0000001839000000|100%| O|  |TAMS 0x0000001838e00000, 0x0000001838e00000| Untracked 
| 455|0x0000001839000000, 0x0000001839200000, 0x0000001839200000|100%| O|  |TAMS 0x0000001839000000, 0x0000001839000000| Untracked 
| 456|0x0000001839200000, 0x0000001839400000, 0x0000001839400000|100%| O|  |TAMS 0x0000001839200000, 0x0000001839200000| Untracked 
| 457|0x0000001839400000, 0x0000001839600000, 0x0000001839600000|100%| O|  |TAMS 0x0000001839400000, 0x0000001839400000| Untracked 
| 458|0x0000001839600000, 0x0000001839800000, 0x0000001839800000|100%| O|  |TAMS 0x0000001839600000, 0x0000001839600000| Untracked 
| 459|0x0000001839800000, 0x0000001839a00000, 0x0000001839a00000|100%| O|  |TAMS 0x0000001839800000, 0x0000001839800000| Untracked 
| 460|0x0000001839a00000, 0x0000001839c00000, 0x0000001839c00000|100%| O|  |TAMS 0x0000001839a00000, 0x0000001839a00000| Untracked 
| 461|0x0000001839c00000, 0x0000001839e00000, 0x0000001839e00000|100%| O|  |TAMS 0x0000001839c00000, 0x0000001839c00000| Untracked 
| 462|0x0000001839e00000, 0x000000183a000000, 0x000000183a000000|100%| O|  |TAMS 0x0000001839e00000, 0x0000001839e00000| Untracked 
| 463|0x000000183a000000, 0x000000183a200000, 0x000000183a200000|100%| O|  |TAMS 0x000000183a000000, 0x000000183a000000| Untracked 
| 464|0x000000183a200000, 0x000000183a400000, 0x000000183a400000|100%| O|  |TAMS 0x000000183a200000, 0x000000183a200000| Untracked 
| 465|0x000000183a400000, 0x000000183a600000, 0x000000183a600000|100%| O|  |TAMS 0x000000183a400000, 0x000000183a400000| Untracked 
| 466|0x000000183a600000, 0x000000183a800000, 0x000000183a800000|100%| O|  |TAMS 0x000000183a600000, 0x000000183a600000| Untracked 
| 467|0x000000183a800000, 0x000000183aa00000, 0x000000183aa00000|100%| O|  |TAMS 0x000000183a800000, 0x000000183a800000| Untracked 
| 468|0x000000183aa00000, 0x000000183ac00000, 0x000000183ac00000|100%| O|  |TAMS 0x000000183aa00000, 0x000000183aa00000| Untracked 
| 469|0x000000183ac00000, 0x000000183ae00000, 0x000000183ae00000|100%| O|  |TAMS 0x000000183ac00000, 0x000000183ac00000| Untracked 
| 470|0x000000183ae00000, 0x000000183b000000, 0x000000183b000000|100%|HS|  |TAMS 0x000000183ae00000, 0x000000183ae00000| Complete 
| 471|0x000000183b000000, 0x000000183b200000, 0x000000183b200000|100%|HC|  |TAMS 0x000000183b000000, 0x000000183b000000| Complete 
| 472|0x000000183b200000, 0x000000183b400000, 0x000000183b400000|100%|HC|  |TAMS 0x000000183b200000, 0x000000183b200000| Complete 
| 473|0x000000183b400000, 0x000000183b600000, 0x000000183b600000|100%| O|  |TAMS 0x000000183b400000, 0x000000183b400000| Untracked 
| 474|0x000000183b600000, 0x000000183b800000, 0x000000183b800000|100%| O|  |TAMS 0x000000183b600000, 0x000000183b600000| Untracked 
| 475|0x000000183b800000, 0x000000183ba00000, 0x000000183ba00000|100%| O|  |TAMS 0x000000183b800000, 0x000000183b800000| Untracked 
| 476|0x000000183ba00000, 0x000000183bc00000, 0x000000183bc00000|100%| O|  |TAMS 0x000000183ba00000, 0x000000183ba00000| Untracked 
| 477|0x000000183bc00000, 0x000000183be00000, 0x000000183be00000|100%| O|  |TAMS 0x000000183bc00000, 0x000000183bc00000| Untracked 
| 478|0x000000183be00000, 0x000000183c000000, 0x000000183c000000|100%| O|  |TAMS 0x000000183be00000, 0x000000183be00000| Untracked 
| 479|0x000000183c000000, 0x000000183c200000, 0x000000183c200000|100%| O|  |TAMS 0x000000183c000000, 0x000000183c000000| Untracked 
| 480|0x000000183c200000, 0x000000183c400000, 0x000000183c400000|100%| O|  |TAMS 0x000000183c200000, 0x000000183c200000| Untracked 
| 481|0x000000183c400000, 0x000000183c600000, 0x000000183c600000|100%| O|  |TAMS 0x000000183c400000, 0x000000183c400000| Untracked 
| 482|0x000000183c600000, 0x000000183c800000, 0x000000183c800000|100%| O|  |TAMS 0x000000183c600000, 0x000000183c600000| Untracked 
| 483|0x000000183c800000, 0x000000183ca00000, 0x000000183ca00000|100%| O|  |TAMS 0x000000183c800000, 0x000000183c800000| Untracked 
| 484|0x000000183ca00000, 0x000000183cc00000, 0x000000183cc00000|100%| O|  |TAMS 0x000000183ca00000, 0x000000183ca00000| Untracked 
| 485|0x000000183cc00000, 0x000000183ce00000, 0x000000183ce00000|100%| O|  |TAMS 0x000000183cc00000, 0x000000183cc00000| Untracked 
| 486|0x000000183ce00000, 0x000000183d000000, 0x000000183d000000|100%| O|  |TAMS 0x000000183ce00000, 0x000000183ce00000| Untracked 
| 487|0x000000183d000000, 0x000000183d200000, 0x000000183d200000|100%| O|  |TAMS 0x000000183d000000, 0x000000183d000000| Untracked 
| 488|0x000000183d200000, 0x000000183d400000, 0x000000183d400000|100%| O|  |TAMS 0x000000183d200000, 0x000000183d200000| Untracked 
| 489|0x000000183d400000, 0x000000183d600000, 0x000000183d600000|100%| O|  |TAMS 0x000000183d400000, 0x000000183d400000| Untracked 
| 490|0x000000183d600000, 0x000000183d800000, 0x000000183d800000|100%| O|  |TAMS 0x000000183d600000, 0x000000183d600000| Untracked 
| 491|0x000000183d800000, 0x000000183da00000, 0x000000183da00000|100%| O|  |TAMS 0x000000183d800000, 0x000000183d800000| Untracked 
| 492|0x000000183da00000, 0x000000183dc00000, 0x000000183dc00000|100%| O|  |TAMS 0x000000183da00000, 0x000000183da00000| Untracked 
| 493|0x000000183dc00000, 0x000000183de00000, 0x000000183de00000|100%| O|  |TAMS 0x000000183dc00000, 0x000000183dc00000| Untracked 
| 494|0x000000183de00000, 0x000000183e000000, 0x000000183e000000|100%| O|  |TAMS 0x000000183de00000, 0x000000183de00000| Untracked 
| 495|0x000000183e000000, 0x000000183e200000, 0x000000183e200000|100%| O|  |TAMS 0x000000183e000000, 0x000000183e000000| Untracked 
| 496|0x000000183e200000, 0x000000183e400000, 0x000000183e400000|100%|HS|  |TAMS 0x000000183e200000, 0x000000183e200000| Complete 
| 497|0x000000183e400000, 0x000000183e600000, 0x000000183e600000|100%|HC|  |TAMS 0x000000183e400000, 0x000000183e400000| Complete 
| 498|0x000000183e600000, 0x000000183e800000, 0x000000183e800000|100%|HC|  |TAMS 0x000000183e600000, 0x000000183e600000| Complete 
| 499|0x000000183e800000, 0x000000183ea00000, 0x000000183ea00000|100%|HS|  |TAMS 0x000000183e800000, 0x000000183e800000| Complete 
| 500|0x000000183ea00000, 0x000000183ec00000, 0x000000183ec00000|100%|HC|  |TAMS 0x000000183ea00000, 0x000000183ea00000| Complete 
| 501|0x000000183ec00000, 0x000000183ee00000, 0x000000183ee00000|100%|HC|  |TAMS 0x000000183ec00000, 0x000000183ec00000| Complete 
| 502|0x000000183ee00000, 0x000000183f000000, 0x000000183f000000|100%|HS|  |TAMS 0x000000183ee00000, 0x000000183ee00000| Complete 
| 503|0x000000183f000000, 0x000000183f200000, 0x000000183f200000|100%|HC|  |TAMS 0x000000183f000000, 0x000000183f000000| Complete 
| 504|0x000000183f200000, 0x000000183f400000, 0x000000183f400000|100%|HC|  |TAMS 0x000000183f200000, 0x000000183f200000| Complete 
| 505|0x000000183f400000, 0x000000183f600000, 0x000000183f600000|100%| O|  |TAMS 0x000000183f400000, 0x000000183f400000| Untracked 
| 506|0x000000183f600000, 0x000000183f800000, 0x000000183f800000|100%| O|  |TAMS 0x000000183f600000, 0x000000183f600000| Untracked 
| 507|0x000000183f800000, 0x000000183fa00000, 0x000000183fa00000|100%| O|  |TAMS 0x000000183f800000, 0x000000183f800000| Untracked 
| 508|0x000000183fa00000, 0x000000183fc00000, 0x000000183fc00000|100%| O|  |TAMS 0x000000183fa00000, 0x000000183fa00000| Untracked 
| 509|0x000000183fc00000, 0x000000183fe00000, 0x000000183fe00000|100%| O|  |TAMS 0x000000183fc00000, 0x000000183fc00000| Untracked 
| 510|0x000000183fe00000, 0x0000001840000000, 0x0000001840000000|100%| O|  |TAMS 0x000000183fe00000, 0x000000183fe00000| Untracked 
| 511|0x0000001840000000, 0x0000001840200000, 0x0000001840200000|100%| O|  |TAMS 0x0000001840000000, 0x0000001840000000| Untracked 
| 512|0x0000001840200000, 0x0000001840400000, 0x0000001840400000|100%| O|  |TAMS 0x0000001840200000, 0x0000001840200000| Untracked 
| 513|0x0000001840400000, 0x0000001840600000, 0x0000001840600000|100%| O|  |TAMS 0x0000001840400000, 0x0000001840400000| Untracked 
| 514|0x0000001840600000, 0x0000001840800000, 0x0000001840800000|100%| O|  |TAMS 0x0000001840600000, 0x0000001840600000| Untracked 
| 515|0x0000001840800000, 0x0000001840a00000, 0x0000001840a00000|100%| O|  |TAMS 0x0000001840800000, 0x0000001840800000| Untracked 
| 516|0x0000001840a00000, 0x0000001840c00000, 0x0000001840c00000|100%| O|  |TAMS 0x0000001840a00000, 0x0000001840a00000| Untracked 
| 517|0x0000001840c00000, 0x0000001840dffff8, 0x0000001840e00000| 99%| O|  |TAMS 0x0000001840c00000, 0x0000001840c00000| Untracked 
| 518|0x0000001840e00000, 0x0000001841000000, 0x0000001841000000|100%| O|  |TAMS 0x0000001840e00000, 0x0000001840e00000| Untracked 
| 519|0x0000001841000000, 0x0000001841200000, 0x0000001841200000|100%| O|  |TAMS 0x0000001841000000, 0x0000001841000000| Untracked 
| 520|0x0000001841200000, 0x0000001841400000, 0x0000001841400000|100%| O|  |TAMS 0x0000001841200000, 0x0000001841200000| Untracked 
| 521|0x0000001841400000, 0x0000001841600000, 0x0000001841600000|100%| O|  |TAMS 0x0000001841400000, 0x0000001841400000| Untracked 
| 522|0x0000001841600000, 0x0000001841800000, 0x0000001841800000|100%| O|  |TAMS 0x0000001841600000, 0x0000001841600000| Untracked 
| 523|0x0000001841800000, 0x0000001841a00000, 0x0000001841a00000|100%| O|  |TAMS 0x0000001841800000, 0x0000001841800000| Untracked 
| 524|0x0000001841a00000, 0x0000001841c00000, 0x0000001841c00000|100%| O|  |TAMS 0x0000001841a00000, 0x0000001841a00000| Untracked 
| 525|0x0000001841c00000, 0x0000001841e00000, 0x0000001841e00000|100%| O|  |TAMS 0x0000001841c00000, 0x0000001841c00000| Untracked 
| 526|0x0000001841e00000, 0x0000001842000000, 0x0000001842000000|100%| O|  |TAMS 0x0000001841e00000, 0x0000001841e00000| Untracked 
| 527|0x0000001842000000, 0x0000001842200000, 0x0000001842200000|100%| O|  |TAMS 0x0000001842000000, 0x0000001842000000| Untracked 
| 528|0x0000001842200000, 0x0000001842400000, 0x0000001842400000|100%| O|  |TAMS 0x0000001842200000, 0x0000001842200000| Untracked 
| 529|0x0000001842400000, 0x0000001842600000, 0x0000001842600000|100%| O|  |TAMS 0x0000001842400000, 0x0000001842400000| Untracked 
| 530|0x0000001842600000, 0x0000001842800000, 0x0000001842800000|100%| O|  |TAMS 0x0000001842600000, 0x0000001842600000| Untracked 
| 531|0x0000001842800000, 0x0000001842a00000, 0x0000001842a00000|100%| O|  |TAMS 0x0000001842800000, 0x0000001842800000| Untracked 
| 532|0x0000001842a00000, 0x0000001842c00000, 0x0000001842c00000|100%| O|  |TAMS 0x0000001842a00000, 0x0000001842a00000| Untracked 
| 533|0x0000001842c00000, 0x0000001842e00000, 0x0000001842e00000|100%| O|  |TAMS 0x0000001842c00000, 0x0000001842c00000| Untracked 
| 534|0x0000001842e00000, 0x0000001843000000, 0x0000001843000000|100%| O|  |TAMS 0x0000001842e00000, 0x0000001842e00000| Untracked 
| 535|0x0000001843000000, 0x0000001843200000, 0x0000001843200000|100%| O|  |TAMS 0x0000001843000000, 0x0000001843000000| Untracked 
| 536|0x0000001843200000, 0x0000001843400000, 0x0000001843400000|100%| O|  |TAMS 0x0000001843200000, 0x0000001843200000| Untracked 
| 537|0x0000001843400000, 0x0000001843600000, 0x0000001843600000|100%| O|  |TAMS 0x0000001843400000, 0x0000001843400000| Untracked 
| 538|0x0000001843600000, 0x0000001843800000, 0x0000001843800000|100%| O|  |TAMS 0x0000001843600000, 0x0000001843600000| Untracked 
| 539|0x0000001843800000, 0x0000001843a00000, 0x0000001843a00000|100%| O|  |TAMS 0x0000001843800000, 0x0000001843800000| Untracked 
| 540|0x0000001843a00000, 0x0000001843c00000, 0x0000001843c00000|100%| O|  |TAMS 0x0000001843a00000, 0x0000001843a00000| Untracked 
| 541|0x0000001843c00000, 0x0000001843e00000, 0x0000001843e00000|100%| O|  |TAMS 0x0000001843c00000, 0x0000001843c00000| Untracked 
| 542|0x0000001843e00000, 0x0000001844000000, 0x0000001844000000|100%| O|  |TAMS 0x0000001843e00000, 0x0000001843e00000| Untracked 
| 543|0x0000001844000000, 0x0000001844200000, 0x0000001844200000|100%| O|  |TAMS 0x0000001844000000, 0x0000001844000000| Untracked 
| 544|0x0000001844200000, 0x0000001844400000, 0x0000001844400000|100%| O|  |TAMS 0x0000001844200000, 0x0000001844200000| Untracked 
| 545|0x0000001844400000, 0x0000001844600000, 0x0000001844600000|100%| O|  |TAMS 0x0000001844400000, 0x0000001844400000| Untracked 
| 546|0x0000001844600000, 0x0000001844800000, 0x0000001844800000|100%| O|  |TAMS 0x0000001844600000, 0x0000001844600000| Untracked 
| 547|0x0000001844800000, 0x0000001844a00000, 0x0000001844a00000|100%| O|  |TAMS 0x0000001844800000, 0x0000001844800000| Untracked 
| 548|0x0000001844a00000, 0x0000001844c00000, 0x0000001844c00000|100%| O|  |TAMS 0x0000001844a00000, 0x0000001844a00000| Untracked 
| 549|0x0000001844c00000, 0x0000001844e00000, 0x0000001844e00000|100%| O|  |TAMS 0x0000001844c00000, 0x0000001844c00000| Untracked 
| 550|0x0000001844e00000, 0x0000001845000000, 0x0000001845000000|100%| O|  |TAMS 0x0000001844e00000, 0x0000001844e00000| Untracked 
| 551|0x0000001845000000, 0x0000001845200000, 0x0000001845200000|100%| O|  |TAMS 0x0000001845000000, 0x0000001845000000| Untracked 
| 552|0x0000001845200000, 0x0000001845400000, 0x0000001845400000|100%| O|  |TAMS 0x0000001845200000, 0x0000001845200000| Untracked 
| 553|0x0000001845400000, 0x0000001845600000, 0x0000001845600000|100%| O|  |TAMS 0x0000001845400000, 0x0000001845400000| Untracked 
| 554|0x0000001845600000, 0x0000001845800000, 0x0000001845800000|100%| O|  |TAMS 0x0000001845600000, 0x0000001845600000| Untracked 
| 555|0x0000001845800000, 0x0000001845a00000, 0x0000001845a00000|100%| O|  |TAMS 0x0000001845800000, 0x0000001845800000| Untracked 
| 556|0x0000001845a00000, 0x0000001845c00000, 0x0000001845c00000|100%| O|  |TAMS 0x0000001845a00000, 0x0000001845a00000| Untracked 
| 557|0x0000001845c00000, 0x0000001845e00000, 0x0000001845e00000|100%| O|  |TAMS 0x0000001845c00000, 0x0000001845c00000| Untracked 
| 558|0x0000001845e00000, 0x0000001846000000, 0x0000001846000000|100%| O|  |TAMS 0x0000001845e00000, 0x0000001845e00000| Untracked 
| 559|0x0000001846000000, 0x0000001846200000, 0x0000001846200000|100%| O|  |TAMS 0x0000001846000000, 0x0000001846000000| Untracked 
| 560|0x0000001846200000, 0x0000001846400000, 0x0000001846400000|100%| O|  |TAMS 0x0000001846200000, 0x0000001846200000| Untracked 
| 561|0x0000001846400000, 0x0000001846600000, 0x0000001846600000|100%|HS|  |TAMS 0x0000001846400000, 0x0000001846400000| Complete 
| 562|0x0000001846600000, 0x0000001846800000, 0x0000001846800000|100%|HC|  |TAMS 0x0000001846600000, 0x0000001846600000| Complete 
| 563|0x0000001846800000, 0x0000001846a00000, 0x0000001846a00000|100%|HC|  |TAMS 0x0000001846800000, 0x0000001846800000| Complete 
| 564|0x0000001846a00000, 0x0000001846c00000, 0x0000001846c00000|100%| O|  |TAMS 0x0000001846a00000, 0x0000001846a00000| Untracked 
| 565|0x0000001846c00000, 0x0000001846e00000, 0x0000001846e00000|100%| O|  |TAMS 0x0000001846c00000, 0x0000001846c00000| Untracked 
| 566|0x0000001846e00000, 0x0000001847000000, 0x0000001847000000|100%| O|  |TAMS 0x0000001846e00000, 0x0000001846e00000| Untracked 
| 567|0x0000001847000000, 0x0000001847200000, 0x0000001847200000|100%| O|  |TAMS 0x0000001847000000, 0x0000001847000000| Untracked 
| 568|0x0000001847200000, 0x0000001847400000, 0x0000001847400000|100%| O|  |TAMS 0x0000001847200000, 0x0000001847200000| Untracked 
| 569|0x0000001847400000, 0x0000001847600000, 0x0000001847600000|100%| O|  |TAMS 0x0000001847400000, 0x0000001847400000| Untracked 
| 570|0x0000001847600000, 0x0000001847800000, 0x0000001847800000|100%| O|  |TAMS 0x0000001847600000, 0x0000001847600000| Untracked 
| 571|0x0000001847800000, 0x0000001847a00000, 0x0000001847a00000|100%| O|  |TAMS 0x0000001847800000, 0x0000001847800000| Untracked 
| 572|0x0000001847a00000, 0x0000001847c00000, 0x0000001847c00000|100%| O|  |TAMS 0x0000001847a00000, 0x0000001847a00000| Untracked 
| 573|0x0000001847c00000, 0x0000001847e00000, 0x0000001847e00000|100%|HS|  |TAMS 0x0000001847c00000, 0x0000001847c00000| Complete 
| 574|0x0000001847e00000, 0x0000001848000000, 0x0000001848000000|100%|HC|  |TAMS 0x0000001847e00000, 0x0000001847e00000| Complete 
| 575|0x0000001848000000, 0x0000001848200000, 0x0000001848200000|100%|HC|  |TAMS 0x0000001848000000, 0x0000001848000000| Complete 
| 576|0x0000001848200000, 0x0000001848400000, 0x0000001848400000|100%| O|  |TAMS 0x0000001848200000, 0x0000001848200000| Untracked 
| 577|0x0000001848400000, 0x0000001848600000, 0x0000001848600000|100%| O|  |TAMS 0x0000001848400000, 0x0000001848400000| Untracked 
| 578|0x0000001848600000, 0x0000001848800000, 0x0000001848800000|100%| O|  |TAMS 0x0000001848600000, 0x0000001848600000| Untracked 
| 579|0x0000001848800000, 0x0000001848a00000, 0x0000001848a00000|100%| O|  |TAMS 0x0000001848800000, 0x0000001848800000| Untracked 
| 580|0x0000001848a00000, 0x0000001848c00000, 0x0000001848c00000|100%| O|  |TAMS 0x0000001848a00000, 0x0000001848a00000| Untracked 
| 581|0x0000001848c00000, 0x0000001848e00000, 0x0000001848e00000|100%| O|  |TAMS 0x0000001848c00000, 0x0000001848c00000| Untracked 
| 582|0x0000001848e00000, 0x0000001849000000, 0x0000001849000000|100%| O|  |TAMS 0x0000001848e00000, 0x0000001848e00000| Untracked 
| 583|0x0000001849000000, 0x0000001849200000, 0x0000001849200000|100%| O|  |TAMS 0x0000001849000000, 0x0000001849000000| Untracked 
| 584|0x0000001849200000, 0x0000001849400000, 0x0000001849400000|100%| O|  |TAMS 0x0000001849200000, 0x0000001849200000| Untracked 
| 585|0x0000001849400000, 0x0000001849600000, 0x0000001849600000|100%| O|  |TAMS 0x0000001849400000, 0x0000001849400000| Untracked 
| 586|0x0000001849600000, 0x0000001849800000, 0x0000001849800000|100%| O|  |TAMS 0x0000001849600000, 0x0000001849600000| Untracked 
| 587|0x0000001849800000, 0x0000001849a00000, 0x0000001849a00000|100%| O|  |TAMS 0x0000001849800000, 0x0000001849800000| Untracked 
| 588|0x0000001849a00000, 0x0000001849c00000, 0x0000001849c00000|100%| O|  |TAMS 0x0000001849a00000, 0x0000001849a00000| Untracked 
| 589|0x0000001849c00000, 0x0000001849e00000, 0x0000001849e00000|100%| O|  |TAMS 0x0000001849c00000, 0x0000001849c00000| Untracked 
| 590|0x0000001849e00000, 0x000000184a000000, 0x000000184a000000|100%| O|  |TAMS 0x0000001849e00000, 0x0000001849e00000| Untracked 
| 591|0x000000184a000000, 0x000000184a200000, 0x000000184a200000|100%| O|  |TAMS 0x000000184a000000, 0x000000184a000000| Untracked 
| 592|0x000000184a200000, 0x000000184a400000, 0x000000184a400000|100%| O|  |TAMS 0x000000184a200000, 0x000000184a200000| Untracked 
| 593|0x000000184a400000, 0x000000184a600000, 0x000000184a600000|100%| O|  |TAMS 0x000000184a400000, 0x000000184a400000| Untracked 
| 594|0x000000184a600000, 0x000000184a800000, 0x000000184a800000|100%| O|  |TAMS 0x000000184a600000, 0x000000184a600000| Untracked 
| 595|0x000000184a800000, 0x000000184aa00000, 0x000000184aa00000|100%| O|  |TAMS 0x000000184a800000, 0x000000184a800000| Untracked 
| 596|0x000000184aa00000, 0x000000184ac00000, 0x000000184ac00000|100%| O|  |TAMS 0x000000184aa00000, 0x000000184aa00000| Untracked 
| 597|0x000000184ac00000, 0x000000184ae00000, 0x000000184ae00000|100%| O|  |TAMS 0x000000184ac00000, 0x000000184ac00000| Untracked 
| 598|0x000000184ae00000, 0x000000184b000000, 0x000000184b000000|100%| O|  |TAMS 0x000000184ae00000, 0x000000184ae00000| Untracked 
| 599|0x000000184b000000, 0x000000184b200000, 0x000000184b200000|100%| O|  |TAMS 0x000000184b000000, 0x000000184b000000| Untracked 
| 600|0x000000184b200000, 0x000000184b400000, 0x000000184b400000|100%| O|  |TAMS 0x000000184b200000, 0x000000184b200000| Untracked 
| 601|0x000000184b400000, 0x000000184b600000, 0x000000184b600000|100%| O|  |TAMS 0x000000184b400000, 0x000000184b400000| Untracked 
| 602|0x000000184b600000, 0x000000184b800000, 0x000000184b800000|100%| O|  |TAMS 0x000000184b600000, 0x000000184b600000| Untracked 
| 603|0x000000184b800000, 0x000000184ba00000, 0x000000184ba00000|100%| O|  |TAMS 0x000000184b800000, 0x000000184b800000| Untracked 
| 604|0x000000184ba00000, 0x000000184bc00000, 0x000000184bc00000|100%| O|  |TAMS 0x000000184ba00000, 0x000000184ba00000| Untracked 
| 605|0x000000184bc00000, 0x000000184be00000, 0x000000184be00000|100%| O|  |TAMS 0x000000184bc00000, 0x000000184bc00000| Untracked 
| 606|0x000000184be00000, 0x000000184c000000, 0x000000184c000000|100%| O|  |TAMS 0x000000184be00000, 0x000000184be00000| Untracked 
| 607|0x000000184c000000, 0x000000184c200000, 0x000000184c200000|100%| O|  |TAMS 0x000000184c000000, 0x000000184c000000| Untracked 
| 608|0x000000184c200000, 0x000000184c400000, 0x000000184c400000|100%| O|  |TAMS 0x000000184c200000, 0x000000184c200000| Untracked 
| 609|0x000000184c400000, 0x000000184c600000, 0x000000184c600000|100%| O|  |TAMS 0x000000184c400000, 0x000000184c400000| Untracked 
| 610|0x000000184c600000, 0x000000184c800000, 0x000000184c800000|100%| O|  |TAMS 0x000000184c600000, 0x000000184c600000| Untracked 
| 611|0x000000184c800000, 0x000000184ca00000, 0x000000184ca00000|100%| O|  |TAMS 0x000000184c800000, 0x000000184c800000| Untracked 
| 612|0x000000184ca00000, 0x000000184cc00000, 0x000000184cc00000|100%| O|  |TAMS 0x000000184ca00000, 0x000000184ca00000| Untracked 
| 613|0x000000184cc00000, 0x000000184ce00000, 0x000000184ce00000|100%| O|  |TAMS 0x000000184cc00000, 0x000000184cc00000| Untracked 
| 614|0x000000184ce00000, 0x000000184d000000, 0x000000184d000000|100%| O|  |TAMS 0x000000184ce00000, 0x000000184ce00000| Untracked 
| 615|0x000000184d000000, 0x000000184d200000, 0x000000184d200000|100%| O|  |TAMS 0x000000184d000000, 0x000000184d000000| Untracked 
| 616|0x000000184d200000, 0x000000184d400000, 0x000000184d400000|100%| O|  |TAMS 0x000000184d200000, 0x000000184d200000| Untracked 
| 617|0x000000184d400000, 0x000000184d600000, 0x000000184d600000|100%| O|  |TAMS 0x000000184d400000, 0x000000184d400000| Untracked 
| 618|0x000000184d600000, 0x000000184d800000, 0x000000184d800000|100%| O|  |TAMS 0x000000184d600000, 0x000000184d600000| Untracked 
| 619|0x000000184d800000, 0x000000184da00000, 0x000000184da00000|100%| O|  |TAMS 0x000000184d800000, 0x000000184d800000| Untracked 
| 620|0x000000184da00000, 0x000000184dc00000, 0x000000184dc00000|100%| O|  |TAMS 0x000000184da00000, 0x000000184da00000| Untracked 
| 621|0x000000184dc00000, 0x000000184de00000, 0x000000184de00000|100%|HS|  |TAMS 0x000000184dc00000, 0x000000184dc00000| Complete 
| 622|0x000000184de00000, 0x000000184e000000, 0x000000184e000000|100%|HS|  |TAMS 0x000000184de00000, 0x000000184de00000| Complete 
| 623|0x000000184e000000, 0x000000184e200000, 0x000000184e200000|100%| O|  |TAMS 0x000000184e000000, 0x000000184e000000| Untracked 
| 624|0x000000184e200000, 0x000000184e400000, 0x000000184e400000|100%|HS|  |TAMS 0x000000184e200000, 0x000000184e200000| Complete 
| 625|0x000000184e400000, 0x000000184e600000, 0x000000184e600000|100%|HC|  |TAMS 0x000000184e400000, 0x000000184e400000| Complete 
| 626|0x000000184e600000, 0x000000184e800000, 0x000000184e800000|100%|HC|  |TAMS 0x000000184e600000, 0x000000184e600000| Complete 
| 627|0x000000184e800000, 0x000000184ea00000, 0x000000184ea00000|100%| O|  |TAMS 0x000000184e800000, 0x000000184e800000| Untracked 
| 628|0x000000184ea00000, 0x000000184ec00000, 0x000000184ec00000|100%| O|  |TAMS 0x000000184ea00000, 0x000000184ea00000| Untracked 
| 629|0x000000184ec00000, 0x000000184ee00000, 0x000000184ee00000|100%| O|  |TAMS 0x000000184ec00000, 0x000000184ec00000| Untracked 
| 630|0x000000184ee00000, 0x000000184f000000, 0x000000184f000000|100%|HS|  |TAMS 0x000000184ee00000, 0x000000184ee00000| Complete 
| 631|0x000000184f000000, 0x000000184f200000, 0x000000184f200000|100%| O|  |TAMS 0x000000184f000000, 0x000000184f000000| Untracked 
| 632|0x000000184f200000, 0x000000184f400000, 0x000000184f400000|100%| O|  |TAMS 0x000000184f200000, 0x000000184f200000| Untracked 
| 633|0x000000184f400000, 0x000000184f600000, 0x000000184f600000|100%| O|  |TAMS 0x000000184f400000, 0x000000184f400000| Untracked 
| 634|0x000000184f600000, 0x000000184f800000, 0x000000184f800000|100%| O|  |TAMS 0x000000184f600000, 0x000000184f600000| Untracked 
| 635|0x000000184f800000, 0x000000184fa00000, 0x000000184fa00000|100%| O|  |TAMS 0x000000184f800000, 0x000000184f800000| Untracked 
| 636|0x000000184fa00000, 0x000000184fc00000, 0x000000184fc00000|100%| O|  |TAMS 0x000000184fa00000, 0x000000184fa00000| Untracked 
| 637|0x000000184fc00000, 0x000000184fe00000, 0x000000184fe00000|100%| O|  |TAMS 0x000000184fc00000, 0x000000184fc00000| Untracked 
| 638|0x000000184fe00000, 0x0000001850000000, 0x0000001850000000|100%| O|  |TAMS 0x000000184fe00000, 0x000000184fe00000| Untracked 
| 639|0x0000001850000000, 0x0000001850200000, 0x0000001850200000|100%| O|  |TAMS 0x0000001850000000, 0x0000001850000000| Untracked 
| 640|0x0000001850200000, 0x0000001850400000, 0x0000001850400000|100%| O|  |TAMS 0x0000001850200000, 0x0000001850200000| Untracked 
| 641|0x0000001850400000, 0x0000001850600000, 0x0000001850600000|100%| O|  |TAMS 0x0000001850400000, 0x0000001850400000| Untracked 
| 642|0x0000001850600000, 0x0000001850800000, 0x0000001850800000|100%| O|  |TAMS 0x0000001850600000, 0x0000001850600000| Untracked 
| 643|0x0000001850800000, 0x0000001850a00000, 0x0000001850a00000|100%| O|  |TAMS 0x0000001850800000, 0x0000001850800000| Untracked 
| 644|0x0000001850a00000, 0x0000001850c00000, 0x0000001850c00000|100%| O|  |TAMS 0x0000001850a00000, 0x0000001850a00000| Untracked 
| 645|0x0000001850c00000, 0x0000001850e00000, 0x0000001850e00000|100%| O|  |TAMS 0x0000001850c00000, 0x0000001850c00000| Untracked 
| 646|0x0000001850e00000, 0x0000001851000000, 0x0000001851000000|100%| O|  |TAMS 0x0000001850e00000, 0x0000001850e00000| Untracked 
| 647|0x0000001851000000, 0x0000001851200000, 0x0000001851200000|100%| O|  |TAMS 0x0000001851000000, 0x0000001851000000| Untracked 
| 648|0x0000001851200000, 0x0000001851400000, 0x0000001851400000|100%| O|  |TAMS 0x0000001851200000, 0x0000001851200000| Untracked 
| 649|0x0000001851400000, 0x0000001851600000, 0x0000001851600000|100%| O|  |TAMS 0x0000001851400000, 0x0000001851400000| Untracked 
| 650|0x0000001851600000, 0x0000001851800000, 0x0000001851800000|100%| O|  |TAMS 0x0000001851600000, 0x0000001851600000| Untracked 
| 651|0x0000001851800000, 0x0000001851a00000, 0x0000001851a00000|100%| O|  |TAMS 0x0000001851800000, 0x0000001851800000| Untracked 
| 652|0x0000001851a00000, 0x0000001851c00000, 0x0000001851c00000|100%| O|  |TAMS 0x0000001851a00000, 0x0000001851a00000| Untracked 
| 653|0x0000001851c00000, 0x0000001851e00000, 0x0000001851e00000|100%| O|  |TAMS 0x0000001851c00000, 0x0000001851c00000| Untracked 
| 654|0x0000001851e00000, 0x0000001852000000, 0x0000001852000000|100%| O|  |TAMS 0x0000001851e00000, 0x0000001851e00000| Untracked 
| 655|0x0000001852000000, 0x0000001852200000, 0x0000001852200000|100%| O|  |TAMS 0x0000001852000000, 0x0000001852000000| Untracked 
| 656|0x0000001852200000, 0x0000001852400000, 0x0000001852400000|100%| O|  |TAMS 0x0000001852200000, 0x0000001852200000| Untracked 
| 657|0x0000001852400000, 0x0000001852600000, 0x0000001852600000|100%| O|  |TAMS 0x0000001852400000, 0x0000001852400000| Untracked 
| 658|0x0000001852600000, 0x0000001852800000, 0x0000001852800000|100%|HS|  |TAMS 0x0000001852600000, 0x0000001852600000| Complete 
| 659|0x0000001852800000, 0x0000001852a00000, 0x0000001852a00000|100%| O|  |TAMS 0x0000001852800000, 0x0000001852800000| Untracked 
| 660|0x0000001852a00000, 0x0000001852c00000, 0x0000001852c00000|100%| O|  |TAMS 0x0000001852a00000, 0x0000001852a00000| Untracked 
| 661|0x0000001852c00000, 0x0000001852e00000, 0x0000001852e00000|100%|HS|  |TAMS 0x0000001852c00000, 0x0000001852c00000| Complete 
| 662|0x0000001852e00000, 0x0000001853000000, 0x0000001853000000|100%|HC|  |TAMS 0x0000001852e00000, 0x0000001852e00000| Complete 
| 663|0x0000001853000000, 0x0000001853200000, 0x0000001853200000|100%|HC|  |TAMS 0x0000001853000000, 0x0000001853000000| Complete 
| 664|0x0000001853200000, 0x0000001853400000, 0x0000001853400000|100%|HS|  |TAMS 0x0000001853200000, 0x0000001853200000| Complete 
| 665|0x0000001853400000, 0x0000001853600000, 0x0000001853600000|100%|HC|  |TAMS 0x0000001853400000, 0x0000001853400000| Complete 
| 666|0x0000001853600000, 0x0000001853800000, 0x0000001853800000|100%|HC|  |TAMS 0x0000001853600000, 0x0000001853600000| Complete 
| 667|0x0000001853800000, 0x0000001853a00000, 0x0000001853a00000|100%| O|  |TAMS 0x0000001853800000, 0x0000001853800000| Untracked 
| 668|0x0000001853a00000, 0x0000001853c00000, 0x0000001853c00000|100%| O|  |TAMS 0x0000001853a00000, 0x0000001853a00000| Untracked 
| 669|0x0000001853c00000, 0x0000001853e00000, 0x0000001853e00000|100%|HS|  |TAMS 0x0000001853c00000, 0x0000001853c00000| Complete 
| 670|0x0000001853e00000, 0x0000001854000000, 0x0000001854000000|100%| O|  |TAMS 0x0000001853e00000, 0x0000001853e00000| Untracked 
| 671|0x0000001854000000, 0x0000001854200000, 0x0000001854200000|100%| O|  |TAMS 0x0000001854000000, 0x0000001854000000| Untracked 
| 672|0x0000001854200000, 0x0000001854400000, 0x0000001854400000|100%| O|  |TAMS 0x0000001854200000, 0x0000001854200000| Untracked 
| 673|0x0000001854400000, 0x0000001854600000, 0x0000001854600000|100%| O|  |TAMS 0x0000001854400000, 0x0000001854400000| Untracked 
| 674|0x0000001854600000, 0x0000001854800000, 0x0000001854800000|100%| O|  |TAMS 0x0000001854600000, 0x0000001854600000| Untracked 
| 675|0x0000001854800000, 0x0000001854a00000, 0x0000001854a00000|100%| O|  |TAMS 0x0000001854800000, 0x0000001854800000| Untracked 
| 676|0x0000001854a00000, 0x0000001854c00000, 0x0000001854c00000|100%| O|  |TAMS 0x0000001854a00000, 0x0000001854a00000| Untracked 
| 677|0x0000001854c00000, 0x0000001854e00000, 0x0000001854e00000|100%| O|  |TAMS 0x0000001854c00000, 0x0000001854c00000| Untracked 
| 678|0x0000001854e00000, 0x0000001855000000, 0x0000001855000000|100%| O|  |TAMS 0x0000001854e00000, 0x0000001854e00000| Untracked 
| 679|0x0000001855000000, 0x0000001855200000, 0x0000001855200000|100%| O|  |TAMS 0x0000001855000000, 0x0000001855000000| Untracked 
| 680|0x0000001855200000, 0x0000001855400000, 0x0000001855400000|100%| O|  |TAMS 0x0000001855200000, 0x0000001855200000| Untracked 
| 681|0x0000001855400000, 0x0000001855600000, 0x0000001855600000|100%| O|  |TAMS 0x0000001855400000, 0x0000001855400000| Untracked 
| 682|0x0000001855600000, 0x0000001855800000, 0x0000001855800000|100%| O|  |TAMS 0x0000001855600000, 0x0000001855600000| Untracked 
| 683|0x0000001855800000, 0x0000001855a00000, 0x0000001855a00000|100%| O|  |TAMS 0x0000001855800000, 0x0000001855800000| Untracked 
| 684|0x0000001855a00000, 0x0000001855c00000, 0x0000001855c00000|100%| O|  |TAMS 0x0000001855a00000, 0x0000001855a00000| Untracked 
| 685|0x0000001855c00000, 0x0000001855e00000, 0x0000001855e00000|100%| O|  |TAMS 0x0000001855c00000, 0x0000001855c00000| Untracked 
| 686|0x0000001855e00000, 0x0000001856000000, 0x0000001856000000|100%| O|  |TAMS 0x0000001855e00000, 0x0000001855e00000| Untracked 
| 687|0x0000001856000000, 0x0000001856200000, 0x0000001856200000|100%| O|  |TAMS 0x0000001856000000, 0x0000001856000000| Untracked 
| 688|0x0000001856200000, 0x0000001856400000, 0x0000001856400000|100%| O|  |TAMS 0x0000001856200000, 0x0000001856200000| Untracked 
| 689|0x0000001856400000, 0x0000001856600000, 0x0000001856600000|100%| O|  |TAMS 0x0000001856400000, 0x0000001856400000| Untracked 
| 690|0x0000001856600000, 0x0000001856800000, 0x0000001856800000|100%| O|  |TAMS 0x0000001856600000, 0x0000001856600000| Untracked 
| 691|0x0000001856800000, 0x0000001856a00000, 0x0000001856a00000|100%| O|  |TAMS 0x0000001856800000, 0x0000001856800000| Untracked 
| 692|0x0000001856a00000, 0x0000001856c00000, 0x0000001856c00000|100%| O|  |TAMS 0x0000001856a00000, 0x0000001856a00000| Untracked 
| 693|0x0000001856c00000, 0x0000001856e00000, 0x0000001856e00000|100%| O|  |TAMS 0x0000001856c00000, 0x0000001856c00000| Untracked 
| 694|0x0000001856e00000, 0x0000001857000000, 0x0000001857000000|100%| O|  |TAMS 0x0000001856e00000, 0x0000001856e00000| Untracked 
| 695|0x0000001857000000, 0x0000001857200000, 0x0000001857200000|100%| O|  |TAMS 0x0000001857000000, 0x0000001857000000| Untracked 
| 696|0x0000001857200000, 0x0000001857400000, 0x0000001857400000|100%| O|  |TAMS 0x0000001857200000, 0x0000001857200000| Untracked 
| 697|0x0000001857400000, 0x0000001857600000, 0x0000001857600000|100%| O|  |TAMS 0x0000001857400000, 0x0000001857400000| Untracked 
| 698|0x0000001857600000, 0x0000001857800000, 0x0000001857800000|100%| O|  |TAMS 0x0000001857600000, 0x0000001857600000| Untracked 
| 699|0x0000001857800000, 0x0000001857a00000, 0x0000001857a00000|100%| O|  |TAMS 0x0000001857800000, 0x0000001857800000| Untracked 
| 700|0x0000001857a00000, 0x0000001857c00000, 0x0000001857c00000|100%| O|  |TAMS 0x0000001857a00000, 0x0000001857a00000| Untracked 
| 701|0x0000001857c00000, 0x0000001857e00000, 0x0000001857e00000|100%| O|  |TAMS 0x0000001857c00000, 0x0000001857c00000| Untracked 
| 702|0x0000001857e00000, 0x0000001858000000, 0x0000001858000000|100%| O|  |TAMS 0x0000001857e00000, 0x0000001857e00000| Untracked 
| 703|0x0000001858000000, 0x0000001858200000, 0x0000001858200000|100%| O|  |TAMS 0x0000001858000000, 0x0000001858000000| Untracked 
| 704|0x0000001858200000, 0x0000001858400000, 0x0000001858400000|100%| O|  |TAMS 0x0000001858200000, 0x0000001858200000| Untracked 
| 705|0x0000001858400000, 0x0000001858600000, 0x0000001858600000|100%| O|  |TAMS 0x0000001858400000, 0x0000001858400000| Untracked 
| 706|0x0000001858600000, 0x0000001858800000, 0x0000001858800000|100%| O|  |TAMS 0x0000001858600000, 0x0000001858600000| Untracked 
| 707|0x0000001858800000, 0x0000001858a00000, 0x0000001858a00000|100%| O|  |TAMS 0x0000001858800000, 0x0000001858800000| Untracked 
| 708|0x0000001858a00000, 0x0000001858c00000, 0x0000001858c00000|100%| O|  |TAMS 0x0000001858a00000, 0x0000001858a00000| Untracked 
| 709|0x0000001858c00000, 0x0000001858e00000, 0x0000001858e00000|100%| O|  |TAMS 0x0000001858c00000, 0x0000001858c00000| Untracked 
| 710|0x0000001858e00000, 0x0000001859000000, 0x0000001859000000|100%| O|  |TAMS 0x0000001858e00000, 0x0000001858e00000| Untracked 
| 711|0x0000001859000000, 0x0000001859200000, 0x0000001859200000|100%| O|  |TAMS 0x0000001859000000, 0x0000001859000000| Untracked 
| 712|0x0000001859200000, 0x0000001859400000, 0x0000001859400000|100%| O|  |TAMS 0x0000001859200000, 0x0000001859200000| Untracked 
| 713|0x0000001859400000, 0x0000001859600000, 0x0000001859600000|100%| O|  |TAMS 0x0000001859400000, 0x0000001859400000| Untracked 
| 714|0x0000001859600000, 0x0000001859800000, 0x0000001859800000|100%| O|  |TAMS 0x0000001859600000, 0x0000001859600000| Untracked 
| 715|0x0000001859800000, 0x0000001859a00000, 0x0000001859a00000|100%| O|  |TAMS 0x0000001859800000, 0x0000001859800000| Untracked 
| 716|0x0000001859a00000, 0x0000001859c00000, 0x0000001859c00000|100%| O|  |TAMS 0x0000001859a00000, 0x0000001859a00000| Untracked 
| 717|0x0000001859c00000, 0x0000001859e00000, 0x0000001859e00000|100%| O|  |TAMS 0x0000001859c00000, 0x0000001859c00000| Untracked 
| 718|0x0000001859e00000, 0x000000185a000000, 0x000000185a000000|100%| O|  |TAMS 0x0000001859e00000, 0x0000001859e00000| Untracked 
| 719|0x000000185a000000, 0x000000185a200000, 0x000000185a200000|100%| O|  |TAMS 0x000000185a000000, 0x000000185a000000| Untracked 
| 720|0x000000185a200000, 0x000000185a400000, 0x000000185a400000|100%| O|  |TAMS 0x000000185a200000, 0x000000185a200000| Untracked 
| 721|0x000000185a400000, 0x000000185a600000, 0x000000185a600000|100%| O|  |TAMS 0x000000185a400000, 0x000000185a400000| Untracked 
| 722|0x000000185a600000, 0x000000185a800000, 0x000000185a800000|100%|HS|  |TAMS 0x000000185a600000, 0x000000185a600000| Complete 
| 723|0x000000185a800000, 0x000000185aa00000, 0x000000185aa00000|100%|HS|  |TAMS 0x000000185a800000, 0x000000185a800000| Complete 
| 724|0x000000185aa00000, 0x000000185ac00000, 0x000000185ac00000|100%| O|  |TAMS 0x000000185aa00000, 0x000000185aa00000| Untracked 
| 725|0x000000185ac00000, 0x000000185ae00000, 0x000000185ae00000|100%| O|  |TAMS 0x000000185ac00000, 0x000000185ac00000| Untracked 
| 726|0x000000185ae00000, 0x000000185b000000, 0x000000185b000000|100%| O|  |TAMS 0x000000185ae00000, 0x000000185ae00000| Untracked 
| 727|0x000000185b000000, 0x000000185b200000, 0x000000185b200000|100%| O|  |TAMS 0x000000185b000000, 0x000000185b000000| Untracked 
| 728|0x000000185b200000, 0x000000185b400000, 0x000000185b400000|100%| O|  |TAMS 0x000000185b200000, 0x000000185b200000| Untracked 
| 729|0x000000185b400000, 0x000000185b600000, 0x000000185b600000|100%| O|  |TAMS 0x000000185b400000, 0x000000185b400000| Untracked 
| 730|0x000000185b600000, 0x000000185b800000, 0x000000185b800000|100%| O|  |TAMS 0x000000185b600000, 0x000000185b600000| Untracked 
| 731|0x000000185b800000, 0x000000185ba00000, 0x000000185ba00000|100%| O|  |TAMS 0x000000185b800000, 0x000000185b800000| Untracked 
| 732|0x000000185ba00000, 0x000000185bc00000, 0x000000185bc00000|100%| O|  |TAMS 0x000000185ba00000, 0x000000185ba00000| Untracked 
| 733|0x000000185bc00000, 0x000000185be00000, 0x000000185be00000|100%| O|  |TAMS 0x000000185bc00000, 0x000000185bc00000| Untracked 
| 734|0x000000185be00000, 0x000000185c000000, 0x000000185c000000|100%| O|  |TAMS 0x000000185be00000, 0x000000185be00000| Untracked 
| 735|0x000000185c000000, 0x000000185c200000, 0x000000185c200000|100%| O|  |TAMS 0x000000185c000000, 0x000000185c000000| Untracked 
| 736|0x000000185c200000, 0x000000185c400000, 0x000000185c400000|100%| O|  |TAMS 0x000000185c200000, 0x000000185c200000| Untracked 
| 737|0x000000185c400000, 0x000000185c600000, 0x000000185c600000|100%|HS|  |TAMS 0x000000185c400000, 0x000000185c400000| Complete 
| 738|0x000000185c600000, 0x000000185c800000, 0x000000185c800000|100%|HC|  |TAMS 0x000000185c600000, 0x000000185c600000| Complete 
| 739|0x000000185c800000, 0x000000185ca00000, 0x000000185ca00000|100%|HC|  |TAMS 0x000000185c800000, 0x000000185c800000| Complete 
| 740|0x000000185ca00000, 0x000000185cc00000, 0x000000185cc00000|100%| O|  |TAMS 0x000000185ca00000, 0x000000185ca00000| Untracked 
| 741|0x000000185cc00000, 0x000000185ce00000, 0x000000185ce00000|100%| O|  |TAMS 0x000000185cc00000, 0x000000185cc00000| Untracked 
| 742|0x000000185ce00000, 0x000000185d000000, 0x000000185d000000|100%|HS|  |TAMS 0x000000185ce00000, 0x000000185ce00000| Complete 
| 743|0x000000185d000000, 0x000000185d200000, 0x000000185d200000|100%|HC|  |TAMS 0x000000185d000000, 0x000000185d000000| Complete 
| 744|0x000000185d200000, 0x000000185d400000, 0x000000185d400000|100%|HC|  |TAMS 0x000000185d200000, 0x000000185d200000| Complete 
| 745|0x000000185d400000, 0x000000185d600000, 0x000000185d600000|100%| O|  |TAMS 0x000000185d400000, 0x000000185d400000| Untracked 
| 746|0x000000185d600000, 0x000000185d800000, 0x000000185d800000|100%| O|  |TAMS 0x000000185d600000, 0x000000185d600000| Untracked 
| 747|0x000000185d800000, 0x000000185da00000, 0x000000185da00000|100%| O|  |TAMS 0x000000185d800000, 0x000000185d800000| Untracked 
| 748|0x000000185da00000, 0x000000185dc00000, 0x000000185dc00000|100%| O|  |TAMS 0x000000185da00000, 0x000000185da00000| Untracked 
| 749|0x000000185dc00000, 0x000000185de00000, 0x000000185de00000|100%| O|  |TAMS 0x000000185dc00000, 0x000000185dc00000| Untracked 
| 750|0x000000185de00000, 0x000000185e000000, 0x000000185e000000|100%|HS|  |TAMS 0x000000185de00000, 0x000000185de00000| Complete 
| 751|0x000000185e000000, 0x000000185e200000, 0x000000185e200000|100%| O|  |TAMS 0x000000185e000000, 0x000000185e000000| Untracked 
| 752|0x000000185e200000, 0x000000185e400000, 0x000000185e400000|100%| O|  |TAMS 0x000000185e200000, 0x000000185e200000| Untracked 
| 753|0x000000185e400000, 0x000000185e600000, 0x000000185e600000|100%| O|  |TAMS 0x000000185e400000, 0x000000185e400000| Untracked 
| 754|0x000000185e600000, 0x000000185e800000, 0x000000185e800000|100%| O|  |TAMS 0x000000185e600000, 0x000000185e600000| Untracked 
| 755|0x000000185e800000, 0x000000185ea00000, 0x000000185ea00000|100%| O|  |TAMS 0x000000185e800000, 0x000000185e800000| Untracked 
| 756|0x000000185ea00000, 0x000000185ec00000, 0x000000185ec00000|100%| O|  |TAMS 0x000000185ea00000, 0x000000185ea00000| Untracked 
| 757|0x000000185ec00000, 0x000000185ee00000, 0x000000185ee00000|100%| O|  |TAMS 0x000000185ec00000, 0x000000185ec00000| Untracked 
| 758|0x000000185ee00000, 0x000000185f000000, 0x000000185f000000|100%| O|  |TAMS 0x000000185ee00000, 0x000000185ee00000| Untracked 
| 759|0x000000185f000000, 0x000000185f200000, 0x000000185f200000|100%| O|  |TAMS 0x000000185f000000, 0x000000185f000000| Untracked 
| 760|0x000000185f200000, 0x000000185f400000, 0x000000185f400000|100%| O|  |TAMS 0x000000185f200000, 0x000000185f200000| Untracked 
| 761|0x000000185f400000, 0x000000185f600000, 0x000000185f600000|100%| O|  |TAMS 0x000000185f400000, 0x000000185f400000| Untracked 
| 762|0x000000185f600000, 0x000000185f800000, 0x000000185f800000|100%| O|  |TAMS 0x000000185f600000, 0x000000185f600000| Untracked 
| 763|0x000000185f800000, 0x000000185fa00000, 0x000000185fa00000|100%| O|  |TAMS 0x000000185f800000, 0x000000185f800000| Untracked 
| 764|0x000000185fa00000, 0x000000185fc00000, 0x000000185fc00000|100%|HS|  |TAMS 0x000000185fa00000, 0x000000185fa00000| Complete 
| 765|0x000000185fc00000, 0x000000185fe00000, 0x000000185fe00000|100%|HC|  |TAMS 0x000000185fc00000, 0x000000185fc00000| Complete 
| 766|0x000000185fe00000, 0x0000001860000000, 0x0000001860000000|100%|HC|  |TAMS 0x000000185fe00000, 0x000000185fe00000| Complete 
| 767|0x0000001860000000, 0x0000001860200000, 0x0000001860200000|100%| O|  |TAMS 0x0000001860000000, 0x0000001860000000| Untracked 
| 768|0x0000001860200000, 0x0000001860400000, 0x0000001860400000|100%| O|  |TAMS 0x0000001860200000, 0x0000001860200000| Untracked 
| 769|0x0000001860400000, 0x0000001860600000, 0x0000001860600000|100%| O|  |TAMS 0x0000001860400000, 0x0000001860400000| Untracked 
| 770|0x0000001860600000, 0x0000001860800000, 0x0000001860800000|100%| O|  |TAMS 0x0000001860600000, 0x0000001860600000| Untracked 
| 771|0x0000001860800000, 0x0000001860a00000, 0x0000001860a00000|100%| O|  |TAMS 0x0000001860800000, 0x0000001860800000| Untracked 
| 772|0x0000001860a00000, 0x0000001860c00000, 0x0000001860c00000|100%| O|  |TAMS 0x0000001860a00000, 0x0000001860a00000| Untracked 
| 773|0x0000001860c00000, 0x0000001860e00000, 0x0000001860e00000|100%| O|  |TAMS 0x0000001860c00000, 0x0000001860c00000| Untracked 
| 774|0x0000001860e00000, 0x0000001861000000, 0x0000001861000000|100%| O|  |TAMS 0x0000001860e00000, 0x0000001860e00000| Untracked 
| 775|0x0000001861000000, 0x0000001861200000, 0x0000001861200000|100%| O|  |TAMS 0x0000001861000000, 0x0000001861000000| Untracked 
| 776|0x0000001861200000, 0x0000001861400000, 0x0000001861400000|100%|HS|  |TAMS 0x0000001861200000, 0x0000001861200000| Complete 
| 777|0x0000001861400000, 0x0000001861600000, 0x0000001861600000|100%|HC|  |TAMS 0x0000001861400000, 0x0000001861400000| Complete 
| 778|0x0000001861600000, 0x0000001861800000, 0x0000001861800000|100%|HC|  |TAMS 0x0000001861600000, 0x0000001861600000| Complete 
| 779|0x0000001861800000, 0x0000001861a00000, 0x0000001861a00000|100%| O|  |TAMS 0x0000001861800000, 0x0000001861800000| Untracked 
| 780|0x0000001861a00000, 0x0000001861c00000, 0x0000001861c00000|100%| O|  |TAMS 0x0000001861a00000, 0x0000001861a00000| Untracked 
| 781|0x0000001861c00000, 0x0000001861e00000, 0x0000001861e00000|100%| O|  |TAMS 0x0000001861c00000, 0x0000001861c00000| Untracked 
| 782|0x0000001861e00000, 0x0000001862000000, 0x0000001862000000|100%| O|  |TAMS 0x0000001861e00000, 0x0000001861e00000| Untracked 
| 783|0x0000001862000000, 0x0000001862200000, 0x0000001862200000|100%| O|  |TAMS 0x0000001862000000, 0x0000001862000000| Untracked 
| 784|0x0000001862200000, 0x0000001862400000, 0x0000001862400000|100%| O|  |TAMS 0x0000001862200000, 0x0000001862200000| Untracked 
| 785|0x0000001862400000, 0x0000001862600000, 0x0000001862600000|100%| O|  |TAMS 0x0000001862400000, 0x0000001862400000| Untracked 
| 786|0x0000001862600000, 0x0000001862800000, 0x0000001862800000|100%| O|  |TAMS 0x0000001862600000, 0x0000001862600000| Untracked 
| 787|0x0000001862800000, 0x0000001862a00000, 0x0000001862a00000|100%| O|  |TAMS 0x0000001862800000, 0x0000001862800000| Untracked 
| 788|0x0000001862a00000, 0x0000001862c00000, 0x0000001862c00000|100%| O|  |TAMS 0x0000001862a00000, 0x0000001862a00000| Untracked 
| 789|0x0000001862c00000, 0x0000001862e00000, 0x0000001862e00000|100%| O|  |TAMS 0x0000001862c00000, 0x0000001862c00000| Untracked 
| 790|0x0000001862e00000, 0x0000001863000000, 0x0000001863000000|100%| O|  |TAMS 0x0000001862e00000, 0x0000001862e00000| Untracked 
| 791|0x0000001863000000, 0x0000001863200000, 0x0000001863200000|100%| O|  |TAMS 0x0000001863000000, 0x0000001863000000| Untracked 
| 792|0x0000001863200000, 0x0000001863400000, 0x0000001863400000|100%| O|  |TAMS 0x0000001863200000, 0x0000001863200000| Untracked 
| 793|0x0000001863400000, 0x0000001863600000, 0x0000001863600000|100%| O|  |TAMS 0x0000001863400000, 0x0000001863400000| Untracked 
| 794|0x0000001863600000, 0x0000001863800000, 0x0000001863800000|100%| O|  |TAMS 0x0000001863600000, 0x0000001863600000| Untracked 
| 795|0x0000001863800000, 0x0000001863a00000, 0x0000001863a00000|100%| O|  |TAMS 0x0000001863800000, 0x0000001863800000| Untracked 
| 796|0x0000001863a00000, 0x0000001863c00000, 0x0000001863c00000|100%| O|  |TAMS 0x0000001863a00000, 0x0000001863a00000| Untracked 
| 797|0x0000001863c00000, 0x0000001863e00000, 0x0000001863e00000|100%| O|  |TAMS 0x0000001863c00000, 0x0000001863c00000| Untracked 
| 798|0x0000001863e00000, 0x0000001864000000, 0x0000001864000000|100%| O|  |TAMS 0x0000001863e00000, 0x0000001863e00000| Untracked 
| 799|0x0000001864000000, 0x0000001864200000, 0x0000001864200000|100%| O|  |TAMS 0x0000001864000000, 0x0000001864000000| Untracked 
| 800|0x0000001864200000, 0x0000001864400000, 0x0000001864400000|100%| O|  |TAMS 0x0000001864200000, 0x0000001864200000| Untracked 
| 801|0x0000001864400000, 0x0000001864600000, 0x0000001864600000|100%| O|  |TAMS 0x0000001864400000, 0x0000001864400000| Untracked 
| 802|0x0000001864600000, 0x0000001864800000, 0x0000001864800000|100%| O|  |TAMS 0x0000001864600000, 0x0000001864600000| Untracked 
| 803|0x0000001864800000, 0x0000001864a00000, 0x0000001864a00000|100%| O|  |TAMS 0x0000001864800000, 0x0000001864800000| Untracked 
| 804|0x0000001864a00000, 0x0000001864c00000, 0x0000001864c00000|100%| O|  |TAMS 0x0000001864a00000, 0x0000001864a00000| Untracked 
| 805|0x0000001864c00000, 0x0000001864e00000, 0x0000001864e00000|100%| O|  |TAMS 0x0000001864c00000, 0x0000001864c00000| Untracked 
| 806|0x0000001864e00000, 0x0000001865000000, 0x0000001865000000|100%| O|  |TAMS 0x0000001864e00000, 0x0000001864e00000| Untracked 
| 807|0x0000001865000000, 0x0000001865200000, 0x0000001865200000|100%| O|  |TAMS 0x0000001865000000, 0x0000001865000000| Untracked 
| 808|0x0000001865200000, 0x0000001865400000, 0x0000001865400000|100%| O|  |TAMS 0x0000001865200000, 0x0000001865200000| Untracked 
| 809|0x0000001865400000, 0x0000001865600000, 0x0000001865600000|100%| O|  |TAMS 0x0000001865400000, 0x0000001865400000| Untracked 
| 810|0x0000001865600000, 0x0000001865800000, 0x0000001865800000|100%| O|  |TAMS 0x0000001865600000, 0x0000001865600000| Untracked 
| 811|0x0000001865800000, 0x0000001865a00000, 0x0000001865a00000|100%| O|  |TAMS 0x0000001865800000, 0x0000001865800000| Untracked 
| 812|0x0000001865a00000, 0x0000001865c00000, 0x0000001865c00000|100%| O|  |TAMS 0x0000001865a00000, 0x0000001865a00000| Untracked 
| 813|0x0000001865c00000, 0x0000001865e00000, 0x0000001865e00000|100%| O|  |TAMS 0x0000001865c00000, 0x0000001865c00000| Untracked 
| 814|0x0000001865e00000, 0x0000001866000000, 0x0000001866000000|100%| O|  |TAMS 0x0000001865e00000, 0x0000001865e00000| Untracked 
| 815|0x0000001866000000, 0x0000001866200000, 0x0000001866200000|100%| O|  |TAMS 0x0000001866000000, 0x0000001866000000| Untracked 
| 816|0x0000001866200000, 0x0000001866400000, 0x0000001866400000|100%| O|  |TAMS 0x0000001866200000, 0x0000001866200000| Untracked 
| 817|0x0000001866400000, 0x0000001866600000, 0x0000001866600000|100%| O|  |TAMS 0x0000001866400000, 0x0000001866400000| Untracked 
| 818|0x0000001866600000, 0x0000001866800000, 0x0000001866800000|100%| O|  |TAMS 0x0000001866600000, 0x0000001866600000| Untracked 
| 819|0x0000001866800000, 0x0000001866a00000, 0x0000001866a00000|100%| O|  |TAMS 0x0000001866800000, 0x0000001866800000| Untracked 
| 820|0x0000001866a00000, 0x0000001866c00000, 0x0000001866c00000|100%| O|  |TAMS 0x0000001866a00000, 0x0000001866a00000| Untracked 
| 821|0x0000001866c00000, 0x0000001866e00000, 0x0000001866e00000|100%| O|  |TAMS 0x0000001866c00000, 0x0000001866c00000| Untracked 
| 822|0x0000001866e00000, 0x0000001867000000, 0x0000001867000000|100%| O|  |TAMS 0x0000001866e00000, 0x0000001866e00000| Untracked 
| 823|0x0000001867000000, 0x0000001867200000, 0x0000001867200000|100%| O|  |TAMS 0x0000001867000000, 0x0000001867000000| Untracked 
| 824|0x0000001867200000, 0x0000001867400000, 0x0000001867400000|100%| O|  |TAMS 0x0000001867200000, 0x0000001867200000| Untracked 
| 825|0x0000001867400000, 0x0000001867600000, 0x0000001867600000|100%| O|  |TAMS 0x0000001867400000, 0x0000001867400000| Untracked 
| 826|0x0000001867600000, 0x0000001867800000, 0x0000001867800000|100%| O|  |TAMS 0x0000001867600000, 0x0000001867600000| Untracked 
| 827|0x0000001867800000, 0x0000001867a00000, 0x0000001867a00000|100%| O|  |TAMS 0x0000001867800000, 0x0000001867800000| Untracked 
| 828|0x0000001867a00000, 0x0000001867c00000, 0x0000001867c00000|100%| O|  |TAMS 0x0000001867a00000, 0x0000001867a00000| Untracked 
| 829|0x0000001867c00000, 0x0000001867e00000, 0x0000001867e00000|100%| O|  |TAMS 0x0000001867c00000, 0x0000001867c00000| Untracked 
| 830|0x0000001867e00000, 0x0000001868000000, 0x0000001868000000|100%| O|  |TAMS 0x0000001867e00000, 0x0000001867e00000| Untracked 
| 831|0x0000001868000000, 0x0000001868200000, 0x0000001868200000|100%| O|  |TAMS 0x0000001868000000, 0x0000001868000000| Untracked 
| 832|0x0000001868200000, 0x0000001868400000, 0x0000001868400000|100%| O|  |TAMS 0x0000001868200000, 0x0000001868200000| Untracked 
| 833|0x0000001868400000, 0x0000001868600000, 0x0000001868600000|100%|HS|  |TAMS 0x0000001868400000, 0x0000001868400000| Complete 
| 834|0x0000001868600000, 0x0000001868800000, 0x0000001868800000|100%|HC|  |TAMS 0x0000001868600000, 0x0000001868600000| Complete 
| 835|0x0000001868800000, 0x0000001868a00000, 0x0000001868a00000|100%|HC|  |TAMS 0x0000001868800000, 0x0000001868800000| Complete 
| 836|0x0000001868a00000, 0x0000001868c00000, 0x0000001868c00000|100%| O|  |TAMS 0x0000001868a00000, 0x0000001868a00000| Untracked 
| 837|0x0000001868c00000, 0x0000001868e00000, 0x0000001868e00000|100%| O|  |TAMS 0x0000001868c00000, 0x0000001868c00000| Untracked 
| 838|0x0000001868e00000, 0x0000001869000000, 0x0000001869000000|100%| O|  |TAMS 0x0000001868e00000, 0x0000001868e00000| Untracked 
| 839|0x0000001869000000, 0x0000001869200000, 0x0000001869200000|100%|HS|  |TAMS 0x0000001869000000, 0x0000001869000000| Complete 
| 840|0x0000001869200000, 0x0000001869400000, 0x0000001869400000|100%|HC|  |TAMS 0x0000001869200000, 0x0000001869200000| Complete 
| 841|0x0000001869400000, 0x0000001869600000, 0x0000001869600000|100%|HC|  |TAMS 0x0000001869400000, 0x0000001869400000| Complete 
| 842|0x0000001869600000, 0x0000001869800000, 0x0000001869800000|100%|HS|  |TAMS 0x0000001869600000, 0x0000001869600000| Complete 
| 843|0x0000001869800000, 0x0000001869a00000, 0x0000001869a00000|100%|HC|  |TAMS 0x0000001869800000, 0x0000001869800000| Complete 
| 844|0x0000001869a00000, 0x0000001869c00000, 0x0000001869c00000|100%|HC|  |TAMS 0x0000001869a00000, 0x0000001869a00000| Complete 
| 845|0x0000001869c00000, 0x0000001869e00000, 0x0000001869e00000|100%| O|  |TAMS 0x0000001869c00000, 0x0000001869c00000| Untracked 
| 846|0x0000001869e00000, 0x000000186a000000, 0x000000186a000000|100%| O|  |TAMS 0x0000001869e00000, 0x0000001869e00000| Untracked 
| 847|0x000000186a000000, 0x000000186a200000, 0x000000186a200000|100%| O|  |TAMS 0x000000186a000000, 0x000000186a000000| Untracked 
| 848|0x000000186a200000, 0x000000186a400000, 0x000000186a400000|100%| O|  |TAMS 0x000000186a200000, 0x000000186a200000| Untracked 
| 849|0x000000186a400000, 0x000000186a600000, 0x000000186a600000|100%| O|  |TAMS 0x000000186a400000, 0x000000186a400000| Untracked 
| 850|0x000000186a600000, 0x000000186a800000, 0x000000186a800000|100%| O|  |TAMS 0x000000186a600000, 0x000000186a600000| Untracked 
| 851|0x000000186a800000, 0x000000186aa00000, 0x000000186aa00000|100%| O|  |TAMS 0x000000186a800000, 0x000000186a800000| Untracked 
| 852|0x000000186aa00000, 0x000000186ac00000, 0x000000186ac00000|100%| O|  |TAMS 0x000000186aa00000, 0x000000186aa00000| Untracked 
| 853|0x000000186ac00000, 0x000000186ae00000, 0x000000186ae00000|100%| O|  |TAMS 0x000000186ac00000, 0x000000186ac00000| Untracked 
| 854|0x000000186ae00000, 0x000000186b000000, 0x000000186b000000|100%| O|  |TAMS 0x000000186ae00000, 0x000000186ae00000| Untracked 
| 855|0x000000186b000000, 0x000000186b200000, 0x000000186b200000|100%| O|  |TAMS 0x000000186b000000, 0x000000186b000000| Untracked 
| 856|0x000000186b200000, 0x000000186b400000, 0x000000186b400000|100%| O|  |TAMS 0x000000186b200000, 0x000000186b200000| Untracked 
| 857|0x000000186b400000, 0x000000186b600000, 0x000000186b600000|100%| O|  |TAMS 0x000000186b400000, 0x000000186b400000| Untracked 
| 858|0x000000186b600000, 0x000000186b800000, 0x000000186b800000|100%| O|  |TAMS 0x000000186b600000, 0x000000186b600000| Untracked 
| 859|0x000000186b800000, 0x000000186ba00000, 0x000000186ba00000|100%|HS|  |TAMS 0x000000186b800000, 0x000000186b800000| Complete 
| 860|0x000000186ba00000, 0x000000186bc00000, 0x000000186bc00000|100%|HC|  |TAMS 0x000000186ba00000, 0x000000186ba00000| Complete 
| 861|0x000000186bc00000, 0x000000186be00000, 0x000000186be00000|100%|HC|  |TAMS 0x000000186bc00000, 0x000000186bc00000| Complete 
| 862|0x000000186be00000, 0x000000186c000000, 0x000000186c000000|100%| O|  |TAMS 0x000000186be00000, 0x000000186be00000| Untracked 
| 863|0x000000186c000000, 0x000000186c200000, 0x000000186c200000|100%| O|  |TAMS 0x000000186c000000, 0x000000186c000000| Untracked 
| 864|0x000000186c200000, 0x000000186c400000, 0x000000186c400000|100%| O|  |TAMS 0x000000186c200000, 0x000000186c200000| Untracked 
| 865|0x000000186c400000, 0x000000186c600000, 0x000000186c600000|100%|HS|  |TAMS 0x000000186c400000, 0x000000186c400000| Complete 
| 866|0x000000186c600000, 0x000000186c800000, 0x000000186c800000|100%|HC|  |TAMS 0x000000186c600000, 0x000000186c600000| Complete 
| 867|0x000000186c800000, 0x000000186ca00000, 0x000000186ca00000|100%|HC|  |TAMS 0x000000186c800000, 0x000000186c800000| Complete 
| 868|0x000000186ca00000, 0x000000186cc00000, 0x000000186cc00000|100%| O|  |TAMS 0x000000186ca00000, 0x000000186ca00000| Untracked 
| 869|0x000000186cc00000, 0x000000186ce00000, 0x000000186ce00000|100%| O|  |TAMS 0x000000186cc00000, 0x000000186cc00000| Untracked 
| 870|0x000000186ce00000, 0x000000186d000000, 0x000000186d000000|100%| O|  |TAMS 0x000000186ce00000, 0x000000186ce00000| Untracked 
| 871|0x000000186d000000, 0x000000186d200000, 0x000000186d200000|100%|HS|  |TAMS 0x000000186d000000, 0x000000186d000000| Complete 
| 872|0x000000186d200000, 0x000000186d400000, 0x000000186d400000|100%|HC|  |TAMS 0x000000186d200000, 0x000000186d200000| Complete 
| 873|0x000000186d400000, 0x000000186d600000, 0x000000186d600000|100%|HC|  |TAMS 0x000000186d400000, 0x000000186d400000| Complete 
| 874|0x000000186d600000, 0x000000186d800000, 0x000000186d800000|100%| O|  |TAMS 0x000000186d600000, 0x000000186d600000| Untracked 
| 875|0x000000186d800000, 0x000000186da00000, 0x000000186da00000|100%| O|  |TAMS 0x000000186d800000, 0x000000186d800000| Untracked 
| 876|0x000000186da00000, 0x000000186dc00000, 0x000000186dc00000|100%| O|  |TAMS 0x000000186da00000, 0x000000186da00000| Untracked 
| 877|0x000000186dc00000, 0x000000186de00000, 0x000000186de00000|100%| O|  |TAMS 0x000000186dc00000, 0x000000186dc00000| Untracked 
| 878|0x000000186de00000, 0x000000186e000000, 0x000000186e000000|100%| O|  |TAMS 0x000000186de00000, 0x000000186de00000| Untracked 
| 879|0x000000186e000000, 0x000000186e200000, 0x000000186e200000|100%| O|  |TAMS 0x000000186e000000, 0x000000186e000000| Untracked 
| 880|0x000000186e200000, 0x000000186e400000, 0x000000186e400000|100%| O|  |TAMS 0x000000186e200000, 0x000000186e200000| Untracked 
| 881|0x000000186e400000, 0x000000186e600000, 0x000000186e600000|100%| O|  |TAMS 0x000000186e400000, 0x000000186e400000| Untracked 
| 882|0x000000186e600000, 0x000000186e800000, 0x000000186e800000|100%| O|  |TAMS 0x000000186e600000, 0x000000186e600000| Untracked 
| 883|0x000000186e800000, 0x000000186ea00000, 0x000000186ea00000|100%|HS|  |TAMS 0x000000186e800000, 0x000000186e800000| Complete 
| 884|0x000000186ea00000, 0x000000186ec00000, 0x000000186ec00000|100%|HC|  |TAMS 0x000000186ea00000, 0x000000186ea00000| Complete 
| 885|0x000000186ec00000, 0x000000186ee00000, 0x000000186ee00000|100%|HC|  |TAMS 0x000000186ec00000, 0x000000186ec00000| Complete 
| 886|0x000000186ee00000, 0x000000186f000000, 0x000000186f000000|100%|HS|  |TAMS 0x000000186ee00000, 0x000000186ee00000| Complete 
| 887|0x000000186f000000, 0x000000186f200000, 0x000000186f200000|100%|HC|  |TAMS 0x000000186f000000, 0x000000186f000000| Complete 
| 888|0x000000186f200000, 0x000000186f400000, 0x000000186f400000|100%|HC|  |TAMS 0x000000186f200000, 0x000000186f200000| Complete 
| 889|0x000000186f400000, 0x000000186f600000, 0x000000186f600000|100%| O|  |TAMS 0x000000186f600000, 0x000000186f400000| Untracked 
| 890|0x000000186f600000, 0x000000186f800000, 0x000000186f800000|100%| O|  |TAMS 0x000000186f600000, 0x000000186f600000| Untracked 
| 891|0x000000186f800000, 0x000000186fa00000, 0x000000186fa00000|100%| O|  |TAMS 0x000000186f800000, 0x000000186f800000| Untracked 
| 892|0x000000186fa00000, 0x000000186fc00000, 0x000000186fc00000|100%| O|  |TAMS 0x000000186fa00000, 0x000000186fa00000| Untracked 
| 893|0x000000186fc00000, 0x000000186fe00000, 0x000000186fe00000|100%| O|  |TAMS 0x000000186fc00000, 0x000000186fc00000| Untracked 
| 894|0x000000186fe00000, 0x0000001870000000, 0x0000001870000000|100%| O|  |TAMS 0x000000186fe00000, 0x000000186fe00000| Untracked 
| 895|0x0000001870000000, 0x0000001870200000, 0x0000001870200000|100%| O|  |TAMS 0x0000001870000000, 0x0000001870000000| Untracked 
| 896|0x0000001870200000, 0x0000001870400000, 0x0000001870400000|100%| O|  |TAMS 0x0000001870200000, 0x0000001870200000| Untracked 
| 897|0x0000001870400000, 0x0000001870600000, 0x0000001870600000|100%| O|  |TAMS 0x0000001870400000, 0x0000001870400000| Untracked 
| 898|0x0000001870600000, 0x0000001870800000, 0x0000001870800000|100%| O|  |TAMS 0x0000001870600000, 0x0000001870600000| Untracked 
| 899|0x0000001870800000, 0x0000001870a00000, 0x0000001870a00000|100%| O|  |TAMS 0x0000001870800000, 0x0000001870800000| Untracked 
| 900|0x0000001870a00000, 0x0000001870c00000, 0x0000001870c00000|100%| O|  |TAMS 0x0000001870a00000, 0x0000001870a00000| Untracked 
| 901|0x0000001870c00000, 0x0000001870e00000, 0x0000001870e00000|100%| O|  |TAMS 0x0000001870c00000, 0x0000001870c00000| Untracked 
| 902|0x0000001870e00000, 0x0000001871000000, 0x0000001871000000|100%|HS|  |TAMS 0x0000001870e00000, 0x0000001870e00000| Complete 
| 903|0x0000001871000000, 0x0000001871200000, 0x0000001871200000|100%|HC|  |TAMS 0x0000001871000000, 0x0000001871000000| Complete 
| 904|0x0000001871200000, 0x0000001871400000, 0x0000001871400000|100%|HC|  |TAMS 0x0000001871200000, 0x0000001871200000| Complete 
| 905|0x0000001871400000, 0x0000001871600000, 0x0000001871600000|100%| O|  |TAMS 0x0000001871400000, 0x0000001871400000| Untracked 
| 906|0x0000001871600000, 0x0000001871800000, 0x0000001871800000|100%| O|  |TAMS 0x0000001871600000, 0x0000001871600000| Untracked 
| 907|0x0000001871800000, 0x0000001871a00000, 0x0000001871a00000|100%| O|  |TAMS 0x0000001871800000, 0x0000001871800000| Untracked 
| 908|0x0000001871a00000, 0x0000001871c00000, 0x0000001871c00000|100%| O|  |TAMS 0x0000001871a00000, 0x0000001871a00000| Untracked 
| 909|0x0000001871c00000, 0x0000001871e00000, 0x0000001871e00000|100%| O|  |TAMS 0x0000001871c00000, 0x0000001871c00000| Untracked 
| 910|0x0000001871e00000, 0x0000001872000000, 0x0000001872000000|100%| O|  |TAMS 0x0000001871e00000, 0x0000001871e00000| Untracked 
| 911|0x0000001872000000, 0x0000001872200000, 0x0000001872200000|100%| O|  |TAMS 0x0000001872000000, 0x0000001872000000| Untracked 
| 912|0x0000001872200000, 0x0000001872400000, 0x0000001872400000|100%| O|  |TAMS 0x0000001872200000, 0x0000001872200000| Untracked 
| 913|0x0000001872400000, 0x0000001872600000, 0x0000001872600000|100%| O|  |TAMS 0x0000001872400000, 0x0000001872400000| Untracked 
| 914|0x0000001872600000, 0x0000001872800000, 0x0000001872800000|100%| O|  |TAMS 0x0000001872600000, 0x0000001872600000| Untracked 
| 915|0x0000001872800000, 0x0000001872a00000, 0x0000001872a00000|100%| O|  |TAMS 0x0000001872800000, 0x0000001872800000| Untracked 
| 916|0x0000001872a00000, 0x0000001872c00000, 0x0000001872c00000|100%| O|  |TAMS 0x0000001872a00000, 0x0000001872a00000| Untracked 
| 917|0x0000001872c00000, 0x0000001872e00000, 0x0000001872e00000|100%| O|  |TAMS 0x0000001872c00000, 0x0000001872c00000| Untracked 
| 918|0x0000001872e00000, 0x0000001873000000, 0x0000001873000000|100%| O|  |TAMS 0x0000001872e00000, 0x0000001872e00000| Untracked 
| 919|0x0000001873000000, 0x0000001873200000, 0x0000001873200000|100%| O|  |TAMS 0x0000001873000000, 0x0000001873000000| Untracked 
| 920|0x0000001873200000, 0x0000001873400000, 0x0000001873400000|100%| O|  |TAMS 0x0000001873200000, 0x0000001873200000| Untracked 
| 921|0x0000001873400000, 0x0000001873600000, 0x0000001873600000|100%| O|  |TAMS 0x0000001873400000, 0x0000001873400000| Untracked 
| 922|0x0000001873600000, 0x0000001873800000, 0x0000001873800000|100%| O|  |TAMS 0x0000001873600000, 0x0000001873600000| Untracked 
| 923|0x0000001873800000, 0x0000001873a00000, 0x0000001873a00000|100%| O|  |TAMS 0x0000001873800000, 0x0000001873800000| Untracked 
| 924|0x0000001873a00000, 0x0000001873c00000, 0x0000001873c00000|100%| O|  |TAMS 0x0000001873a00000, 0x0000001873a00000| Untracked 
| 925|0x0000001873c00000, 0x0000001873e00000, 0x0000001873e00000|100%| O|  |TAMS 0x0000001873c00000, 0x0000001873c00000| Untracked 
| 926|0x0000001873e00000, 0x0000001874000000, 0x0000001874000000|100%| O|  |TAMS 0x0000001873e00000, 0x0000001873e00000| Untracked 
| 927|0x0000001874000000, 0x0000001874200000, 0x0000001874200000|100%| O|  |TAMS 0x0000001874000000, 0x0000001874000000| Untracked 
| 928|0x0000001874200000, 0x0000001874400000, 0x0000001874400000|100%| O|  |TAMS 0x0000001874200000, 0x0000001874200000| Untracked 
| 929|0x0000001874400000, 0x0000001874600000, 0x0000001874600000|100%| O|  |TAMS 0x0000001874400000, 0x0000001874400000| Untracked 
| 930|0x0000001874600000, 0x0000001874800000, 0x0000001874800000|100%| O|  |TAMS 0x0000001874600000, 0x0000001874600000| Untracked 
| 931|0x0000001874800000, 0x0000001874a00000, 0x0000001874a00000|100%| O|  |TAMS 0x0000001874800000, 0x0000001874800000| Untracked 
| 932|0x0000001874a00000, 0x0000001874c00000, 0x0000001874c00000|100%| O|  |TAMS 0x0000001874a00000, 0x0000001874a00000| Untracked 
| 933|0x0000001874c00000, 0x0000001874e00000, 0x0000001874e00000|100%| O|  |TAMS 0x0000001874c00000, 0x0000001874c00000| Untracked 
| 934|0x0000001874e00000, 0x0000001875000000, 0x0000001875000000|100%| O|  |TAMS 0x0000001874e00000, 0x0000001874e00000| Untracked 
| 935|0x0000001875000000, 0x0000001875200000, 0x0000001875200000|100%| O|  |TAMS 0x0000001875000000, 0x0000001875000000| Untracked 
| 936|0x0000001875200000, 0x0000001875400000, 0x0000001875400000|100%| O|  |TAMS 0x0000001875200000, 0x0000001875200000| Untracked 
| 937|0x0000001875400000, 0x0000001875600000, 0x0000001875600000|100%| O|  |TAMS 0x0000001875400000, 0x0000001875400000| Untracked 
| 938|0x0000001875600000, 0x0000001875800000, 0x0000001875800000|100%| O|  |TAMS 0x0000001875600000, 0x0000001875600000| Untracked 
| 939|0x0000001875800000, 0x0000001875a00000, 0x0000001875a00000|100%| O|  |TAMS 0x0000001875800000, 0x0000001875800000| Untracked 
| 940|0x0000001875a00000, 0x0000001875c00000, 0x0000001875c00000|100%| O|  |TAMS 0x0000001875a00000, 0x0000001875a00000| Untracked 
| 941|0x0000001875c00000, 0x0000001875e00000, 0x0000001875e00000|100%| O|  |TAMS 0x0000001875c00000, 0x0000001875c00000| Untracked 
| 942|0x0000001875e00000, 0x0000001876000000, 0x0000001876000000|100%| O|  |TAMS 0x0000001875e00000, 0x0000001875e00000| Untracked 
| 943|0x0000001876000000, 0x0000001876200000, 0x0000001876200000|100%| O|  |TAMS 0x0000001876000000, 0x0000001876000000| Untracked 
| 944|0x0000001876200000, 0x0000001876400000, 0x0000001876400000|100%| O|  |TAMS 0x0000001876200000, 0x0000001876200000| Untracked 
| 945|0x0000001876400000, 0x0000001876600000, 0x0000001876600000|100%| O|  |TAMS 0x0000001876400000, 0x0000001876400000| Untracked 
| 946|0x0000001876600000, 0x0000001876800000, 0x0000001876800000|100%| O|  |TAMS 0x0000001876600000, 0x0000001876600000| Untracked 
| 947|0x0000001876800000, 0x0000001876a00000, 0x0000001876a00000|100%| O|  |TAMS 0x0000001876800000, 0x0000001876800000| Untracked 
| 948|0x0000001876a00000, 0x0000001876c00000, 0x0000001876c00000|100%| O|  |TAMS 0x0000001876a00000, 0x0000001876a00000| Untracked 
| 949|0x0000001876c00000, 0x0000001876e00000, 0x0000001876e00000|100%| O|  |TAMS 0x0000001876c00000, 0x0000001876c00000| Untracked 
| 950|0x0000001876e00000, 0x0000001877000000, 0x0000001877000000|100%| O|  |TAMS 0x0000001876e00000, 0x0000001876e00000| Untracked 
| 951|0x0000001877000000, 0x0000001877200000, 0x0000001877200000|100%| O|  |TAMS 0x0000001877000000, 0x0000001877000000| Untracked 
| 952|0x0000001877200000, 0x0000001877400000, 0x0000001877400000|100%| O|  |TAMS 0x0000001877200000, 0x0000001877200000| Untracked 
| 953|0x0000001877400000, 0x0000001877600000, 0x0000001877600000|100%| O|  |TAMS 0x0000001877400000, 0x0000001877400000| Untracked 
| 954|0x0000001877600000, 0x0000001877800000, 0x0000001877800000|100%| O|  |TAMS 0x0000001877600000, 0x0000001877600000| Untracked 
| 955|0x0000001877800000, 0x0000001877a00000, 0x0000001877a00000|100%| O|  |TAMS 0x0000001877800000, 0x0000001877800000| Untracked 
| 956|0x0000001877a00000, 0x0000001877c00000, 0x0000001877c00000|100%| O|  |TAMS 0x0000001877a00000, 0x0000001877a00000| Untracked 
| 957|0x0000001877c00000, 0x0000001877e00000, 0x0000001877e00000|100%| O|  |TAMS 0x0000001877c00000, 0x0000001877c00000| Untracked 
| 958|0x0000001877e00000, 0x0000001878000000, 0x0000001878000000|100%| O|  |TAMS 0x0000001877e00000, 0x0000001877e00000| Untracked 
| 959|0x0000001878000000, 0x0000001878200000, 0x0000001878200000|100%| O|  |TAMS 0x0000001878000000, 0x0000001878000000| Untracked 
| 960|0x0000001878200000, 0x0000001878400000, 0x0000001878400000|100%| O|  |TAMS 0x0000001878200000, 0x0000001878200000| Untracked 
| 961|0x0000001878400000, 0x0000001878600000, 0x0000001878600000|100%| O|  |TAMS 0x0000001878400000, 0x0000001878400000| Untracked 
| 962|0x0000001878600000, 0x0000001878800000, 0x0000001878800000|100%| O|  |TAMS 0x0000001878600000, 0x0000001878600000| Untracked 
| 963|0x0000001878800000, 0x0000001878a00000, 0x0000001878a00000|100%| O|  |TAMS 0x0000001878800000, 0x0000001878800000| Untracked 
| 964|0x0000001878a00000, 0x0000001878c00000, 0x0000001878c00000|100%| O|  |TAMS 0x0000001878a00000, 0x0000001878a00000| Untracked 
| 965|0x0000001878c00000, 0x0000001878e00000, 0x0000001878e00000|100%| O|  |TAMS 0x0000001878c00000, 0x0000001878c00000| Untracked 
| 966|0x0000001878e00000, 0x0000001879000000, 0x0000001879000000|100%| O|  |TAMS 0x0000001878e00000, 0x0000001878e00000| Untracked 
| 967|0x0000001879000000, 0x0000001879200000, 0x0000001879200000|100%| O|  |TAMS 0x0000001879000000, 0x0000001879000000| Untracked 
| 968|0x0000001879200000, 0x0000001879400000, 0x0000001879400000|100%| O|  |TAMS 0x0000001879200000, 0x0000001879200000| Untracked 
| 969|0x0000001879400000, 0x0000001879600000, 0x0000001879600000|100%| O|  |TAMS 0x0000001879400000, 0x0000001879400000| Untracked 
| 970|0x0000001879600000, 0x0000001879800000, 0x0000001879800000|100%| O|  |TAMS 0x0000001879600000, 0x0000001879600000| Untracked 
| 971|0x0000001879800000, 0x0000001879a00000, 0x0000001879a00000|100%| O|  |TAMS 0x0000001879800000, 0x0000001879800000| Untracked 
| 972|0x0000001879a00000, 0x0000001879c00000, 0x0000001879c00000|100%| O|  |TAMS 0x0000001879a00000, 0x0000001879a00000| Untracked 
| 973|0x0000001879c00000, 0x0000001879e00000, 0x0000001879e00000|100%| O|  |TAMS 0x0000001879c00000, 0x0000001879c00000| Untracked 
| 974|0x0000001879e00000, 0x000000187a000000, 0x000000187a000000|100%| O|  |TAMS 0x0000001879e00000, 0x0000001879e00000| Untracked 
| 975|0x000000187a000000, 0x000000187a200000, 0x000000187a200000|100%| O|  |TAMS 0x000000187a000000, 0x000000187a000000| Untracked 
| 976|0x000000187a200000, 0x000000187a400000, 0x000000187a400000|100%|HS|  |TAMS 0x000000187a200000, 0x000000187a200000| Complete 
| 977|0x000000187a400000, 0x000000187a600000, 0x000000187a600000|100%|HC|  |TAMS 0x000000187a400000, 0x000000187a400000| Complete 
| 978|0x000000187a600000, 0x000000187a800000, 0x000000187a800000|100%|HC|  |TAMS 0x000000187a600000, 0x000000187a600000| Complete 
| 979|0x000000187a800000, 0x000000187aa00000, 0x000000187aa00000|100%| O|  |TAMS 0x000000187a800000, 0x000000187a800000| Untracked 
| 980|0x000000187aa00000, 0x000000187ac00000, 0x000000187ac00000|100%| O|  |TAMS 0x000000187aa00000, 0x000000187aa00000| Untracked 
| 981|0x000000187ac00000, 0x000000187ae00000, 0x000000187ae00000|100%| O|  |TAMS 0x000000187ac00000, 0x000000187ac00000| Untracked 
| 982|0x000000187ae00000, 0x000000187b000000, 0x000000187b000000|100%| O|  |TAMS 0x000000187ae00000, 0x000000187ae00000| Untracked 
| 983|0x000000187b000000, 0x000000187b200000, 0x000000187b200000|100%| O|  |TAMS 0x000000187b000000, 0x000000187b000000| Untracked 
| 984|0x000000187b200000, 0x000000187b400000, 0x000000187b400000|100%| O|  |TAMS 0x000000187b200000, 0x000000187b200000| Untracked 
| 985|0x000000187b400000, 0x000000187b600000, 0x000000187b600000|100%|HS|  |TAMS 0x000000187b400000, 0x000000187b400000| Complete 
| 986|0x000000187b600000, 0x000000187b800000, 0x000000187b800000|100%|HC|  |TAMS 0x000000187b600000, 0x000000187b600000| Complete 
| 987|0x000000187b800000, 0x000000187ba00000, 0x000000187ba00000|100%|HC|  |TAMS 0x000000187b800000, 0x000000187b800000| Complete 
| 988|0x000000187ba00000, 0x000000187bc00000, 0x000000187bc00000|100%| O|  |TAMS 0x000000187ba00000, 0x000000187ba00000| Untracked 
| 989|0x000000187bc00000, 0x000000187be00000, 0x000000187be00000|100%| O|  |TAMS 0x000000187bc00000, 0x000000187bc00000| Untracked 
| 990|0x000000187be00000, 0x000000187c000000, 0x000000187c000000|100%| O|  |TAMS 0x000000187be00000, 0x000000187be00000| Untracked 
| 991|0x000000187c000000, 0x000000187c200000, 0x000000187c200000|100%| O|  |TAMS 0x000000187c000000, 0x000000187c000000| Untracked 
| 992|0x000000187c200000, 0x000000187c400000, 0x000000187c400000|100%| O|  |TAMS 0x000000187c200000, 0x000000187c200000| Untracked 
| 993|0x000000187c400000, 0x000000187c600000, 0x000000187c600000|100%| O|  |TAMS 0x000000187c400000, 0x000000187c400000| Untracked 
| 994|0x000000187c600000, 0x000000187c800000, 0x000000187c800000|100%|HS|  |TAMS 0x000000187c600000, 0x000000187c600000| Complete 
| 995|0x000000187c800000, 0x000000187ca00000, 0x000000187ca00000|100%|HC|  |TAMS 0x000000187c800000, 0x000000187c800000| Complete 
| 996|0x000000187ca00000, 0x000000187cc00000, 0x000000187cc00000|100%|HC|  |TAMS 0x000000187ca00000, 0x000000187ca00000| Complete 
| 997|0x000000187cc00000, 0x000000187ce00000, 0x000000187ce00000|100%| O|  |TAMS 0x000000187cc00000, 0x000000187cc00000| Untracked 
| 998|0x000000187ce00000, 0x000000187d000000, 0x000000187d000000|100%| O|  |TAMS 0x000000187ce00000, 0x000000187ce00000| Untracked 
| 999|0x000000187d000000, 0x000000187d200000, 0x000000187d200000|100%| O|  |TAMS 0x000000187d000000, 0x000000187d000000| Untracked 
|1000|0x000000187d200000, 0x000000187d400000, 0x000000187d400000|100%| O|  |TAMS 0x000000187d200000, 0x000000187d200000| Untracked 
|1001|0x000000187d400000, 0x000000187d600000, 0x000000187d600000|100%| O|  |TAMS 0x000000187d400000, 0x000000187d400000| Untracked 
|1002|0x000000187d600000, 0x000000187d800000, 0x000000187d800000|100%|HS|  |TAMS 0x000000187d600000, 0x000000187d600000| Complete 
|1003|0x000000187d800000, 0x000000187da00000, 0x000000187da00000|100%|HS|  |TAMS 0x000000187d800000, 0x000000187d800000| Complete 
|1004|0x000000187da00000, 0x000000187dc00000, 0x000000187dc00000|100%|HC|  |TAMS 0x000000187da00000, 0x000000187da00000| Complete 
|1005|0x000000187dc00000, 0x000000187de00000, 0x000000187de00000|100%|HC|  |TAMS 0x000000187dc00000, 0x000000187dc00000| Complete 
|1006|0x000000187de00000, 0x000000187e000000, 0x000000187e000000|100%| O|  |TAMS 0x000000187de00000, 0x000000187de00000| Untracked 
|1007|0x000000187e000000, 0x000000187e200000, 0x000000187e200000|100%| O|  |TAMS 0x000000187e000000, 0x000000187e000000| Untracked 
|1008|0x000000187e200000, 0x000000187e400000, 0x000000187e400000|100%| O|  |TAMS 0x000000187e200000, 0x000000187e200000| Untracked 
|1009|0x000000187e400000, 0x000000187e600000, 0x000000187e600000|100%| O|  |TAMS 0x000000187e400000, 0x000000187e400000| Untracked 
|1010|0x000000187e600000, 0x000000187e800000, 0x000000187e800000|100%|HS|  |TAMS 0x000000187e600000, 0x000000187e600000| Complete 
|1011|0x000000187e800000, 0x000000187ea00000, 0x000000187ea00000|100%| O|  |TAMS 0x000000187e800000, 0x000000187e800000| Untracked 
|1012|0x000000187ea00000, 0x000000187ec00000, 0x000000187ec00000|100%|HS|  |TAMS 0x000000187ea00000, 0x000000187ea00000| Complete 
|1013|0x000000187ec00000, 0x000000187ee00000, 0x000000187ee00000|100%|HC|  |TAMS 0x000000187ec00000, 0x000000187ec00000| Complete 
|1014|0x000000187ee00000, 0x000000187f000000, 0x000000187f000000|100%|HC|  |TAMS 0x000000187ee00000, 0x000000187ee00000| Complete 
|1015|0x000000187f000000, 0x000000187f200000, 0x000000187f200000|100%| O|  |TAMS 0x000000187f000000, 0x000000187f000000| Untracked 
|1016|0x000000187f200000, 0x000000187f400000, 0x000000187f400000|100%| O|  |TAMS 0x000000187f200000, 0x000000187f200000| Untracked 
|1017|0x000000187f400000, 0x000000187f600000, 0x000000187f600000|100%| O|  |TAMS 0x000000187f400000, 0x000000187f400000| Untracked 
|1018|0x000000187f600000, 0x000000187f800000, 0x000000187f800000|100%|HS|  |TAMS 0x000000187f600000, 0x000000187f600000| Complete 
|1019|0x000000187f800000, 0x000000187fa00000, 0x000000187fa00000|100%| O|  |TAMS 0x000000187f800000, 0x000000187f800000| Untracked 
|1020|0x000000187fa00000, 0x000000187fc00000, 0x000000187fc00000|100%| O|  |TAMS 0x000000187fa00000, 0x000000187fa00000| Untracked 
|1021|0x000000187fc00000, 0x000000187fe00000, 0x000000187fe00000|100%| O|  |TAMS 0x000000187fc00000, 0x000000187fc00000| Untracked 
|1022|0x000000187fe00000, 0x0000001880000000, 0x0000001880000000|100%| O|  |TAMS 0x000000187fe00000, 0x000000187fe00000| Untracked 
|1023|0x0000001880000000, 0x0000001880200000, 0x0000001880200000|100%| O|  |TAMS 0x0000001880000000, 0x0000001880000000| Untracked 
|1024|0x0000001880200000, 0x0000001880400000, 0x0000001880400000|100%| O|  |TAMS 0x0000001880200000, 0x0000001880200000| Untracked 
|1025|0x0000001880400000, 0x0000001880600000, 0x0000001880600000|100%| O|  |TAMS 0x0000001880400000, 0x0000001880400000| Untracked 
|1026|0x0000001880600000, 0x0000001880800000, 0x0000001880800000|100%| O|  |TAMS 0x0000001880600000, 0x0000001880600000| Untracked 
|1027|0x0000001880800000, 0x0000001880a00000, 0x0000001880a00000|100%| O|  |TAMS 0x0000001880800000, 0x0000001880800000| Untracked 
|1028|0x0000001880a00000, 0x0000001880c00000, 0x0000001880c00000|100%| O|  |TAMS 0x0000001880a00000, 0x0000001880a00000| Untracked 
|1029|0x0000001880c00000, 0x0000001880e00000, 0x0000001880e00000|100%| O|  |TAMS 0x0000001880c00000, 0x0000001880c00000| Untracked 
|1030|0x0000001880e00000, 0x0000001881000000, 0x0000001881000000|100%| O|  |TAMS 0x0000001880e00000, 0x0000001880e00000| Untracked 
|1031|0x0000001881000000, 0x0000001881200000, 0x0000001881200000|100%|HS|  |TAMS 0x0000001881000000, 0x0000001881000000| Complete 
|1032|0x0000001881200000, 0x0000001881400000, 0x0000001881400000|100%|HC|  |TAMS 0x0000001881200000, 0x0000001881200000| Complete 
|1033|0x0000001881400000, 0x0000001881600000, 0x0000001881600000|100%|HC|  |TAMS 0x0000001881400000, 0x0000001881400000| Complete 
|1034|0x0000001881600000, 0x0000001881800000, 0x0000001881800000|100%| O|  |TAMS 0x0000001881600000, 0x0000001881600000| Untracked 
|1035|0x0000001881800000, 0x0000001881a00000, 0x0000001881a00000|100%| O|  |TAMS 0x0000001881800000, 0x0000001881800000| Untracked 
|1036|0x0000001881a00000, 0x0000001881c00000, 0x0000001881c00000|100%| O|  |TAMS 0x0000001881a00000, 0x0000001881a00000| Untracked 
|1037|0x0000001881c00000, 0x0000001881e00000, 0x0000001881e00000|100%| O|  |TAMS 0x0000001881c00000, 0x0000001881c00000| Untracked 
|1038|0x0000001881e00000, 0x0000001882000000, 0x0000001882000000|100%| O|  |TAMS 0x0000001881e00000, 0x0000001881e00000| Untracked 
|1039|0x0000001882000000, 0x0000001882200000, 0x0000001882200000|100%| O|  |TAMS 0x0000001882000000, 0x0000001882000000| Untracked 
|1040|0x0000001882200000, 0x0000001882400000, 0x0000001882400000|100%| O|  |TAMS 0x0000001882200000, 0x0000001882200000| Untracked 
|1041|0x0000001882400000, 0x0000001882600000, 0x0000001882600000|100%| O|  |TAMS 0x0000001882400000, 0x0000001882400000| Untracked 
|1042|0x0000001882600000, 0x0000001882800000, 0x0000001882800000|100%| O|  |TAMS 0x0000001882600000, 0x0000001882600000| Untracked 
|1043|0x0000001882800000, 0x0000001882a00000, 0x0000001882a00000|100%| O|  |TAMS 0x0000001882800000, 0x0000001882800000| Untracked 
|1044|0x0000001882a00000, 0x0000001882c00000, 0x0000001882c00000|100%| O|  |TAMS 0x0000001882a00000, 0x0000001882a00000| Untracked 
|1045|0x0000001882c00000, 0x0000001882e00000, 0x0000001882e00000|100%| O|  |TAMS 0x0000001882c00000, 0x0000001882c00000| Untracked 
|1046|0x0000001882e00000, 0x0000001883000000, 0x0000001883000000|100%| O|  |TAMS 0x0000001882e00000, 0x0000001882e00000| Untracked 
|1047|0x0000001883000000, 0x0000001883200000, 0x0000001883200000|100%| O|  |TAMS 0x0000001883000000, 0x0000001883000000| Untracked 
|1048|0x0000001883200000, 0x0000001883400000, 0x0000001883400000|100%| O|  |TAMS 0x0000001883200000, 0x0000001883200000| Untracked 
|1049|0x0000001883400000, 0x0000001883600000, 0x0000001883600000|100%|HS|  |TAMS 0x0000001883400000, 0x0000001883400000| Complete 
|1050|0x0000001883600000, 0x0000001883800000, 0x0000001883800000|100%|HC|  |TAMS 0x0000001883600000, 0x0000001883600000| Complete 
|1051|0x0000001883800000, 0x0000001883a00000, 0x0000001883a00000|100%|HC|  |TAMS 0x0000001883800000, 0x0000001883800000| Complete 
|1052|0x0000001883a00000, 0x0000001883c00000, 0x0000001883c00000|100%| O|  |TAMS 0x0000001883a00000, 0x0000001883a00000| Untracked 
|1053|0x0000001883c00000, 0x0000001883e00000, 0x0000001883e00000|100%| O|  |TAMS 0x0000001883c00000, 0x0000001883c00000| Untracked 
|1054|0x0000001883e00000, 0x0000001884000000, 0x0000001884000000|100%| O|  |TAMS 0x0000001883e00000, 0x0000001883e00000| Untracked 
|1055|0x0000001884000000, 0x0000001884200000, 0x0000001884200000|100%|HS|  |TAMS 0x0000001884000000, 0x0000001884000000| Complete 
|1056|0x0000001884200000, 0x0000001884400000, 0x0000001884400000|100%|HC|  |TAMS 0x0000001884200000, 0x0000001884200000| Complete 
|1057|0x0000001884400000, 0x0000001884600000, 0x0000001884600000|100%|HC|  |TAMS 0x0000001884400000, 0x0000001884400000| Complete 
|1058|0x0000001884600000, 0x0000001884800000, 0x0000001884800000|100%| O|  |TAMS 0x0000001884600000, 0x0000001884600000| Untracked 
|1059|0x0000001884800000, 0x0000001884a00000, 0x0000001884a00000|100%|HS|  |TAMS 0x0000001884800000, 0x0000001884800000| Complete 
|1060|0x0000001884a00000, 0x0000001884c00000, 0x0000001884c00000|100%|HC|  |TAMS 0x0000001884a00000, 0x0000001884a00000| Complete 
|1061|0x0000001884c00000, 0x0000001884e00000, 0x0000001884e00000|100%|HC|  |TAMS 0x0000001884c00000, 0x0000001884c00000| Complete 
|1062|0x0000001884e00000, 0x0000001885000000, 0x0000001885000000|100%| O|  |TAMS 0x0000001884e00000, 0x0000001884e00000| Untracked 
|1063|0x0000001885000000, 0x0000001885200000, 0x0000001885200000|100%| O|  |TAMS 0x0000001885000000, 0x0000001885000000| Untracked 
|1064|0x0000001885200000, 0x0000001885400000, 0x0000001885400000|100%| O|  |TAMS 0x0000001885200000, 0x0000001885200000| Untracked 
|1065|0x0000001885400000, 0x0000001885600000, 0x0000001885600000|100%| O|  |TAMS 0x0000001885400000, 0x0000001885400000| Untracked 
|1066|0x0000001885600000, 0x0000001885800000, 0x0000001885800000|100%| O|  |TAMS 0x0000001885600000, 0x0000001885600000| Untracked 
|1067|0x0000001885800000, 0x0000001885a00000, 0x0000001885a00000|100%| O|  |TAMS 0x0000001885800000, 0x0000001885800000| Untracked 
|1068|0x0000001885a00000, 0x0000001885c00000, 0x0000001885c00000|100%| O|  |TAMS 0x0000001885a00000, 0x0000001885a00000| Untracked 
|1069|0x0000001885c00000, 0x0000001885e00000, 0x0000001885e00000|100%| O|  |TAMS 0x0000001885c00000, 0x0000001885c00000| Untracked 
|1070|0x0000001885e00000, 0x0000001886000000, 0x0000001886000000|100%| O|  |TAMS 0x0000001885e00000, 0x0000001885e00000| Untracked 
|1071|0x0000001886000000, 0x0000001886200000, 0x0000001886200000|100%| O|  |TAMS 0x0000001886000000, 0x0000001886000000| Untracked 
|1072|0x0000001886200000, 0x0000001886400000, 0x0000001886400000|100%| O|  |TAMS 0x0000001886200000, 0x0000001886200000| Untracked 
|1073|0x0000001886400000, 0x0000001886600000, 0x0000001886600000|100%| O|  |TAMS 0x0000001886400000, 0x0000001886400000| Untracked 
|1074|0x0000001886600000, 0x0000001886800000, 0x0000001886800000|100%|HS|  |TAMS 0x0000001886600000, 0x0000001886600000| Complete 
|1075|0x0000001886800000, 0x0000001886a00000, 0x0000001886a00000|100%|HC|  |TAMS 0x0000001886800000, 0x0000001886800000| Complete 
|1076|0x0000001886a00000, 0x0000001886c00000, 0x0000001886c00000|100%|HC|  |TAMS 0x0000001886a00000, 0x0000001886a00000| Complete 
|1077|0x0000001886c00000, 0x0000001886e00000, 0x0000001886e00000|100%| O|  |TAMS 0x0000001886c00000, 0x0000001886c00000| Untracked 
|1078|0x0000001886e00000, 0x0000001887000000, 0x0000001887000000|100%| O|  |TAMS 0x0000001886e00000, 0x0000001886e00000| Untracked 
|1079|0x0000001887000000, 0x0000001887200000, 0x0000001887200000|100%| O|  |TAMS 0x0000001887000000, 0x0000001887000000| Untracked 
|1080|0x0000001887200000, 0x0000001887400000, 0x0000001887400000|100%| O|  |TAMS 0x0000001887200000, 0x0000001887200000| Untracked 
|1081|0x0000001887400000, 0x0000001887600000, 0x0000001887600000|100%| O|  |TAMS 0x0000001887400000, 0x0000001887400000| Untracked 
|1082|0x0000001887600000, 0x0000001887800000, 0x0000001887800000|100%| O|  |TAMS 0x0000001887600000, 0x0000001887600000| Untracked 
|1083|0x0000001887800000, 0x0000001887a00000, 0x0000001887a00000|100%| O|  |TAMS 0x0000001887800000, 0x0000001887800000| Untracked 
|1084|0x0000001887a00000, 0x0000001887c00000, 0x0000001887c00000|100%| O|  |TAMS 0x0000001887a00000, 0x0000001887a00000| Untracked 
|1085|0x0000001887c00000, 0x0000001887e00000, 0x0000001887e00000|100%| O|  |TAMS 0x0000001887c00000, 0x0000001887c00000| Untracked 
|1086|0x0000001887e00000, 0x0000001888000000, 0x0000001888000000|100%| O|  |TAMS 0x0000001887e00000, 0x0000001887e00000| Untracked 
|1087|0x0000001888000000, 0x0000001888200000, 0x0000001888200000|100%| O|  |TAMS 0x0000001888000000, 0x0000001888000000| Untracked 
|1088|0x0000001888200000, 0x0000001888400000, 0x0000001888400000|100%| O|  |TAMS 0x0000001888200000, 0x0000001888200000| Untracked 
|1089|0x0000001888400000, 0x0000001888600000, 0x0000001888600000|100%| O|  |TAMS 0x0000001888400000, 0x0000001888400000| Untracked 
|1090|0x0000001888600000, 0x0000001888800000, 0x0000001888800000|100%| O|  |TAMS 0x0000001888600000, 0x0000001888600000| Untracked 
|1091|0x0000001888800000, 0x0000001888a00000, 0x0000001888a00000|100%|HS|  |TAMS 0x0000001888800000, 0x0000001888800000| Complete 
|1092|0x0000001888a00000, 0x0000001888c00000, 0x0000001888c00000|100%|HS|  |TAMS 0x0000001888a00000, 0x0000001888a00000| Complete 
|1093|0x0000001888c00000, 0x0000001888e00000, 0x0000001888e00000|100%|HC|  |TAMS 0x0000001888c00000, 0x0000001888c00000| Complete 
|1094|0x0000001888e00000, 0x0000001889000000, 0x0000001889000000|100%|HC|  |TAMS 0x0000001888e00000, 0x0000001888e00000| Complete 
|1095|0x0000001889000000, 0x0000001889200000, 0x0000001889200000|100%| O|  |TAMS 0x0000001889000000, 0x0000001889000000| Untracked 
|1096|0x0000001889200000, 0x0000001889400000, 0x0000001889400000|100%| O|  |TAMS 0x0000001889200000, 0x0000001889200000| Untracked 
|1097|0x0000001889400000, 0x0000001889600000, 0x0000001889600000|100%| O|  |TAMS 0x0000001889400000, 0x0000001889400000| Untracked 
|1098|0x0000001889600000, 0x0000001889800000, 0x0000001889800000|100%| O|  |TAMS 0x0000001889600000, 0x0000001889600000| Untracked 
|1099|0x0000001889800000, 0x0000001889a00000, 0x0000001889a00000|100%| O|  |TAMS 0x0000001889800000, 0x0000001889800000| Untracked 
|1100|0x0000001889a00000, 0x0000001889c00000, 0x0000001889c00000|100%| O|  |TAMS 0x0000001889a00000, 0x0000001889a00000| Untracked 
|1101|0x0000001889c00000, 0x0000001889e00000, 0x0000001889e00000|100%| O|  |TAMS 0x0000001889c00000, 0x0000001889c00000| Untracked 
|1102|0x0000001889e00000, 0x000000188a000000, 0x000000188a000000|100%| O|  |TAMS 0x0000001889e00000, 0x0000001889e00000| Untracked 
|1103|0x000000188a000000, 0x000000188a200000, 0x000000188a200000|100%| O|  |TAMS 0x000000188a000000, 0x000000188a000000| Untracked 
|1104|0x000000188a200000, 0x000000188a400000, 0x000000188a400000|100%| O|  |TAMS 0x000000188a200000, 0x000000188a200000| Untracked 
|1105|0x000000188a400000, 0x000000188a600000, 0x000000188a600000|100%| O|  |TAMS 0x000000188a400000, 0x000000188a400000| Untracked 
|1106|0x000000188a600000, 0x000000188a800000, 0x000000188a800000|100%| O|  |TAMS 0x000000188a600000, 0x000000188a600000| Untracked 
|1107|0x000000188a800000, 0x000000188aa00000, 0x000000188aa00000|100%| O|  |TAMS 0x000000188a800000, 0x000000188a800000| Untracked 
|1108|0x000000188aa00000, 0x000000188ac00000, 0x000000188ac00000|100%| O|  |TAMS 0x000000188aa00000, 0x000000188aa00000| Untracked 
|1109|0x000000188ac00000, 0x000000188ae00000, 0x000000188ae00000|100%| O|  |TAMS 0x000000188ac00000, 0x000000188ac00000| Untracked 
|1110|0x000000188ae00000, 0x000000188b000000, 0x000000188b000000|100%| O|  |TAMS 0x000000188ae00000, 0x000000188ae00000| Untracked 
|1111|0x000000188b000000, 0x000000188b200000, 0x000000188b200000|100%| O|  |TAMS 0x000000188b000000, 0x000000188b000000| Untracked 
|1112|0x000000188b200000, 0x000000188b400000, 0x000000188b400000|100%| O|  |TAMS 0x000000188b200000, 0x000000188b200000| Untracked 
|1113|0x000000188b400000, 0x000000188b600000, 0x000000188b600000|100%| O|  |TAMS 0x000000188b400000, 0x000000188b400000| Untracked 
|1114|0x000000188b600000, 0x000000188b800000, 0x000000188b800000|100%| O|  |TAMS 0x000000188b600000, 0x000000188b600000| Untracked 
|1115|0x000000188b800000, 0x000000188ba00000, 0x000000188ba00000|100%| O|  |TAMS 0x000000188b800000, 0x000000188b800000| Untracked 
|1116|0x000000188ba00000, 0x000000188bc00000, 0x000000188bc00000|100%| O|  |TAMS 0x000000188ba00000, 0x000000188ba00000| Untracked 
|1117|0x000000188bc00000, 0x000000188be00000, 0x000000188be00000|100%|HS|  |TAMS 0x000000188bc00000, 0x000000188bc00000| Complete 
|1118|0x000000188be00000, 0x000000188c000000, 0x000000188c000000|100%|HC|  |TAMS 0x000000188be00000, 0x000000188be00000| Complete 
|1119|0x000000188c000000, 0x000000188c200000, 0x000000188c200000|100%|HC|  |TAMS 0x000000188c000000, 0x000000188c000000| Complete 
|1120|0x000000188c200000, 0x000000188c400000, 0x000000188c400000|100%| O|  |TAMS 0x000000188c200000, 0x000000188c200000| Untracked 
|1121|0x000000188c400000, 0x000000188c600000, 0x000000188c600000|100%| O|  |TAMS 0x000000188c400000, 0x000000188c400000| Untracked 
|1122|0x000000188c600000, 0x000000188c800000, 0x000000188c800000|100%| O|  |TAMS 0x000000188c600000, 0x000000188c600000| Untracked 
|1123|0x000000188c800000, 0x000000188ca00000, 0x000000188ca00000|100%| O|  |TAMS 0x000000188c800000, 0x000000188c800000| Untracked 
|1124|0x000000188ca00000, 0x000000188cc00000, 0x000000188cc00000|100%| O|  |TAMS 0x000000188ca00000, 0x000000188ca00000| Untracked 
|1125|0x000000188cc00000, 0x000000188ce00000, 0x000000188ce00000|100%| O|  |TAMS 0x000000188cc00000, 0x000000188cc00000| Untracked 
|1126|0x000000188ce00000, 0x000000188d000000, 0x000000188d000000|100%| O|  |TAMS 0x000000188ce00000, 0x000000188ce00000| Untracked 
|1127|0x000000188d000000, 0x000000188d200000, 0x000000188d200000|100%| O|  |TAMS 0x000000188d000000, 0x000000188d000000| Untracked 
|1128|0x000000188d200000, 0x000000188d400000, 0x000000188d400000|100%| O|  |TAMS 0x000000188d200000, 0x000000188d200000| Untracked 
|1129|0x000000188d400000, 0x000000188d600000, 0x000000188d600000|100%|HS|  |TAMS 0x000000188d400000, 0x000000188d400000| Complete 
|1130|0x000000188d600000, 0x000000188d800000, 0x000000188d800000|100%|HC|  |TAMS 0x000000188d600000, 0x000000188d600000| Complete 
|1131|0x000000188d800000, 0x000000188da00000, 0x000000188da00000|100%|HC|  |TAMS 0x000000188d800000, 0x000000188d800000| Complete 
|1132|0x000000188da00000, 0x000000188dc00000, 0x000000188dc00000|100%| O|  |TAMS 0x000000188da00000, 0x000000188da00000| Untracked 
|1133|0x000000188dc00000, 0x000000188de00000, 0x000000188de00000|100%| O|  |TAMS 0x000000188dc00000, 0x000000188dc00000| Untracked 
|1134|0x000000188de00000, 0x000000188e000000, 0x000000188e000000|100%| O|  |TAMS 0x000000188de00000, 0x000000188de00000| Untracked 
|1135|0x000000188e000000, 0x000000188e200000, 0x000000188e200000|100%| O|  |TAMS 0x000000188e000000, 0x000000188e000000| Untracked 
|1136|0x000000188e200000, 0x000000188e400000, 0x000000188e400000|100%| O|  |TAMS 0x000000188e200000, 0x000000188e200000| Untracked 
|1137|0x000000188e400000, 0x000000188e600000, 0x000000188e600000|100%| O|  |TAMS 0x000000188e400000, 0x000000188e400000| Untracked 
|1138|0x000000188e600000, 0x000000188e800000, 0x000000188e800000|100%| O|  |TAMS 0x000000188e600000, 0x000000188e600000| Untracked 
|1139|0x000000188e800000, 0x000000188ea00000, 0x000000188ea00000|100%| O|  |TAMS 0x000000188e800000, 0x000000188e800000| Untracked 
|1140|0x000000188ea00000, 0x000000188ec00000, 0x000000188ec00000|100%| O|  |TAMS 0x000000188ea00000, 0x000000188ea00000| Untracked 
|1141|0x000000188ec00000, 0x000000188ee00000, 0x000000188ee00000|100%| O|  |TAMS 0x000000188ec00000, 0x000000188ec00000| Untracked 
|1142|0x000000188ee00000, 0x000000188f000000, 0x000000188f000000|100%|HS|  |TAMS 0x000000188ee00000, 0x000000188ee00000| Complete 
|1143|0x000000188f000000, 0x000000188f200000, 0x000000188f200000|100%|HC|  |TAMS 0x000000188f000000, 0x000000188f000000| Complete 
|1144|0x000000188f200000, 0x000000188f400000, 0x000000188f400000|100%|HC|  |TAMS 0x000000188f200000, 0x000000188f200000| Complete 
|1145|0x000000188f400000, 0x000000188f600000, 0x000000188f600000|100%| O|  |TAMS 0x000000188f400000, 0x000000188f400000| Untracked 
|1146|0x000000188f600000, 0x000000188f800000, 0x000000188f800000|100%| O|  |TAMS 0x000000188f600000, 0x000000188f600000| Untracked 
|1147|0x000000188f800000, 0x000000188fa00000, 0x000000188fa00000|100%|HS|  |TAMS 0x000000188f800000, 0x000000188f800000| Complete 
|1148|0x000000188fa00000, 0x000000188fc00000, 0x000000188fc00000|100%| O|  |TAMS 0x000000188fa00000, 0x000000188fa00000| Untracked 
|1149|0x000000188fc00000, 0x000000188fe00000, 0x000000188fe00000|100%| O|  |TAMS 0x000000188fc00000, 0x000000188fc00000| Untracked 
|1150|0x000000188fe00000, 0x0000001890000000, 0x0000001890000000|100%| O|  |TAMS 0x000000188fe00000, 0x000000188fe00000| Untracked 
|1151|0x0000001890000000, 0x0000001890200000, 0x0000001890200000|100%| O|  |TAMS 0x0000001890000000, 0x0000001890000000| Untracked 
|1152|0x0000001890200000, 0x0000001890400000, 0x0000001890400000|100%| O|  |TAMS 0x0000001890200000, 0x0000001890200000| Untracked 
|1153|0x0000001890400000, 0x0000001890600000, 0x0000001890600000|100%| O|  |TAMS 0x0000001890400000, 0x0000001890400000| Untracked 
|1154|0x0000001890600000, 0x0000001890800000, 0x0000001890800000|100%| O|  |TAMS 0x0000001890600000, 0x0000001890600000| Untracked 
|1155|0x0000001890800000, 0x0000001890a00000, 0x0000001890a00000|100%| O|  |TAMS 0x0000001890800000, 0x0000001890800000| Untracked 
|1156|0x0000001890a00000, 0x0000001890c00000, 0x0000001890c00000|100%| O|  |TAMS 0x0000001890a00000, 0x0000001890a00000| Untracked 
|1157|0x0000001890c00000, 0x0000001890e00000, 0x0000001890e00000|100%| O|  |TAMS 0x0000001890c00000, 0x0000001890c00000| Untracked 
|1158|0x0000001890e00000, 0x0000001891000000, 0x0000001891000000|100%| O|  |TAMS 0x0000001890e00000, 0x0000001890e00000| Untracked 
|1159|0x0000001891000000, 0x0000001891200000, 0x0000001891200000|100%| O|  |TAMS 0x0000001891000000, 0x0000001891000000| Untracked 
|1160|0x0000001891200000, 0x0000001891400000, 0x0000001891400000|100%| O|  |TAMS 0x0000001891200000, 0x0000001891200000| Untracked 
|1161|0x0000001891400000, 0x0000001891600000, 0x0000001891600000|100%| O|  |TAMS 0x0000001891400000, 0x0000001891400000| Untracked 
|1162|0x0000001891600000, 0x0000001891800000, 0x0000001891800000|100%| O|  |TAMS 0x0000001891600000, 0x0000001891600000| Untracked 
|1163|0x0000001891800000, 0x0000001891a00000, 0x0000001891a00000|100%| O|  |TAMS 0x0000001891800000, 0x0000001891800000| Untracked 
|1164|0x0000001891a00000, 0x0000001891c00000, 0x0000001891c00000|100%|HS|  |TAMS 0x0000001891a00000, 0x0000001891a00000| Complete 
|1165|0x0000001891c00000, 0x0000001891e00000, 0x0000001891e00000|100%| O|  |TAMS 0x0000001891c00000, 0x0000001891c00000| Untracked 
|1166|0x0000001891e00000, 0x0000001892000000, 0x0000001892000000|100%| O|  |TAMS 0x0000001891e00000, 0x0000001891e00000| Untracked 
|1167|0x0000001892000000, 0x0000001892200000, 0x0000001892200000|100%| O|  |TAMS 0x0000001892000000, 0x0000001892000000| Untracked 
|1168|0x0000001892200000, 0x0000001892400000, 0x0000001892400000|100%| O|  |TAMS 0x0000001892200000, 0x0000001892200000| Untracked 
|1169|0x0000001892400000, 0x0000001892600000, 0x0000001892600000|100%| O|  |TAMS 0x0000001892400000, 0x0000001892400000| Untracked 
|1170|0x0000001892600000, 0x0000001892800000, 0x0000001892800000|100%| O|  |TAMS 0x0000001892600000, 0x0000001892600000| Untracked 
|1171|0x0000001892800000, 0x0000001892a00000, 0x0000001892a00000|100%| O|  |TAMS 0x0000001892800000, 0x0000001892800000| Untracked 
|1172|0x0000001892a00000, 0x0000001892c00000, 0x0000001892c00000|100%| O|  |TAMS 0x0000001892a00000, 0x0000001892a00000| Untracked 
|1173|0x0000001892c00000, 0x0000001892e00000, 0x0000001892e00000|100%|HS|  |TAMS 0x0000001892c00000, 0x0000001892c00000| Complete 
|1174|0x0000001892e00000, 0x0000001893000000, 0x0000001893000000|100%|HC|  |TAMS 0x0000001892e00000, 0x0000001892e00000| Complete 
|1175|0x0000001893000000, 0x0000001893200000, 0x0000001893200000|100%|HC|  |TAMS 0x0000001893000000, 0x0000001893000000| Complete 
|1176|0x0000001893200000, 0x0000001893400000, 0x0000001893400000|100%| O|  |TAMS 0x0000001893200000, 0x0000001893200000| Untracked 
|1177|0x0000001893400000, 0x0000001893600000, 0x0000001893600000|100%| O|  |TAMS 0x0000001893400000, 0x0000001893400000| Untracked 
|1178|0x0000001893600000, 0x0000001893800000, 0x0000001893800000|100%| O|  |TAMS 0x0000001893600000, 0x0000001893600000| Untracked 
|1179|0x0000001893800000, 0x0000001893a00000, 0x0000001893a00000|100%| O|  |TAMS 0x0000001893800000, 0x0000001893800000| Untracked 
|1180|0x0000001893a00000, 0x0000001893c00000, 0x0000001893c00000|100%| O|  |TAMS 0x0000001893a00000, 0x0000001893a00000| Untracked 
|1181|0x0000001893c00000, 0x0000001893e00000, 0x0000001893e00000|100%| O|  |TAMS 0x0000001893c00000, 0x0000001893c00000| Untracked 
|1182|0x0000001893e00000, 0x0000001894000000, 0x0000001894000000|100%| O|  |TAMS 0x0000001893e00000, 0x0000001893e00000| Untracked 
|1183|0x0000001894000000, 0x0000001894200000, 0x0000001894200000|100%| O|  |TAMS 0x0000001894000000, 0x0000001894000000| Untracked 
|1184|0x0000001894200000, 0x0000001894400000, 0x0000001894400000|100%| O|  |TAMS 0x0000001894200000, 0x0000001894200000| Untracked 
|1185|0x0000001894400000, 0x0000001894600000, 0x0000001894600000|100%| O|  |TAMS 0x0000001894400000, 0x0000001894400000| Untracked 
|1186|0x0000001894600000, 0x0000001894800000, 0x0000001894800000|100%| O|  |TAMS 0x0000001894600000, 0x0000001894600000| Untracked 
|1187|0x0000001894800000, 0x0000001894a00000, 0x0000001894a00000|100%| O|  |TAMS 0x0000001894800000, 0x0000001894800000| Untracked 
|1188|0x0000001894a00000, 0x0000001894c00000, 0x0000001894c00000|100%| O|  |TAMS 0x0000001894a00000, 0x0000001894a00000| Untracked 
|1189|0x0000001894c00000, 0x0000001894e00000, 0x0000001894e00000|100%| O|  |TAMS 0x0000001894c00000, 0x0000001894c00000| Untracked 
|1190|0x0000001894e00000, 0x0000001895000000, 0x0000001895000000|100%| O|  |TAMS 0x0000001894e00000, 0x0000001894e00000| Untracked 
|1191|0x0000001895000000, 0x0000001895200000, 0x0000001895200000|100%| O|  |TAMS 0x0000001895000000, 0x0000001895000000| Untracked 
|1192|0x0000001895200000, 0x0000001895400000, 0x0000001895400000|100%| O|  |TAMS 0x0000001895200000, 0x0000001895200000| Untracked 
|1193|0x0000001895400000, 0x0000001895600000, 0x0000001895600000|100%| O|  |TAMS 0x0000001895400000, 0x0000001895400000| Untracked 
|1194|0x0000001895600000, 0x0000001895800000, 0x0000001895800000|100%| O|  |TAMS 0x0000001895600000, 0x0000001895600000| Untracked 
|1195|0x0000001895800000, 0x0000001895a00000, 0x0000001895a00000|100%| O|  |TAMS 0x0000001895800000, 0x0000001895800000| Untracked 
|1196|0x0000001895a00000, 0x0000001895c00000, 0x0000001895c00000|100%| O|  |TAMS 0x0000001895a00000, 0x0000001895a00000| Untracked 
|1197|0x0000001895c00000, 0x0000001895e00000, 0x0000001895e00000|100%| O|  |TAMS 0x0000001895c00000, 0x0000001895c00000| Untracked 
|1198|0x0000001895e00000, 0x0000001896000000, 0x0000001896000000|100%| O|  |TAMS 0x0000001895e00000, 0x0000001895e00000| Untracked 
|1199|0x0000001896000000, 0x0000001896200000, 0x0000001896200000|100%| O|  |TAMS 0x0000001896000000, 0x0000001896000000| Untracked 
|1200|0x0000001896200000, 0x0000001896400000, 0x0000001896400000|100%| O|  |TAMS 0x0000001896200000, 0x0000001896200000| Untracked 
|1201|0x0000001896400000, 0x0000001896600000, 0x0000001896600000|100%| O|  |TAMS 0x0000001896400000, 0x0000001896400000| Untracked 
|1202|0x0000001896600000, 0x0000001896800000, 0x0000001896800000|100%| O|  |TAMS 0x0000001896600000, 0x0000001896600000| Untracked 
|1203|0x0000001896800000, 0x0000001896a00000, 0x0000001896a00000|100%| O|  |TAMS 0x0000001896800000, 0x0000001896800000| Untracked 
|1204|0x0000001896a00000, 0x0000001896c00000, 0x0000001896c00000|100%|HS|  |TAMS 0x0000001896a00000, 0x0000001896a00000| Complete 
|1205|0x0000001896c00000, 0x0000001896e00000, 0x0000001896e00000|100%|HC|  |TAMS 0x0000001896c00000, 0x0000001896c00000| Complete 
|1206|0x0000001896e00000, 0x0000001897000000, 0x0000001897000000|100%|HC|  |TAMS 0x0000001896e00000, 0x0000001896e00000| Complete 
|1207|0x0000001897000000, 0x0000001897200000, 0x0000001897200000|100%| O|  |TAMS 0x0000001897000000, 0x0000001897000000| Untracked 
|1208|0x0000001897200000, 0x0000001897400000, 0x0000001897400000|100%| O|  |TAMS 0x0000001897200000, 0x0000001897200000| Untracked 
|1209|0x0000001897400000, 0x0000001897600000, 0x0000001897600000|100%| O|  |TAMS 0x0000001897400000, 0x0000001897400000| Untracked 
|1210|0x0000001897600000, 0x0000001897800000, 0x0000001897800000|100%| O|  |TAMS 0x0000001897600000, 0x0000001897600000| Untracked 
|1211|0x0000001897800000, 0x0000001897a00000, 0x0000001897a00000|100%| O|  |TAMS 0x0000001897800000, 0x0000001897800000| Untracked 
|1212|0x0000001897a00000, 0x0000001897c00000, 0x0000001897c00000|100%| O|  |TAMS 0x0000001897a00000, 0x0000001897a00000| Untracked 
|1213|0x0000001897c00000, 0x0000001897e00000, 0x0000001897e00000|100%|HS|  |TAMS 0x0000001897c00000, 0x0000001897c00000| Complete 
|1214|0x0000001897e00000, 0x0000001898000000, 0x0000001898000000|100%|HC|  |TAMS 0x0000001897e00000, 0x0000001897e00000| Complete 
|1215|0x0000001898000000, 0x0000001898200000, 0x0000001898200000|100%|HC|  |TAMS 0x0000001898000000, 0x0000001898000000| Complete 
|1216|0x0000001898200000, 0x0000001898400000, 0x0000001898400000|100%| O|  |TAMS 0x0000001898200000, 0x0000001898200000| Untracked 
|1217|0x0000001898400000, 0x0000001898600000, 0x0000001898600000|100%| O|  |TAMS 0x0000001898400000, 0x0000001898400000| Untracked 
|1218|0x0000001898600000, 0x0000001898800000, 0x0000001898800000|100%| O|  |TAMS 0x0000001898600000, 0x0000001898600000| Untracked 
|1219|0x0000001898800000, 0x0000001898a00000, 0x0000001898a00000|100%| O|  |TAMS 0x0000001898800000, 0x0000001898800000| Untracked 
|1220|0x0000001898a00000, 0x0000001898c00000, 0x0000001898c00000|100%| O|  |TAMS 0x0000001898a00000, 0x0000001898a00000| Untracked 
|1221|0x0000001898c00000, 0x0000001898e00000, 0x0000001898e00000|100%| O|  |TAMS 0x0000001898c00000, 0x0000001898c00000| Untracked 
|1222|0x0000001898e00000, 0x0000001899000000, 0x0000001899000000|100%|HS|  |TAMS 0x0000001898e00000, 0x0000001898e00000| Complete 
|1223|0x0000001899000000, 0x0000001899200000, 0x0000001899200000|100%|HC|  |TAMS 0x0000001899000000, 0x0000001899000000| Complete 
|1224|0x0000001899200000, 0x0000001899400000, 0x0000001899400000|100%|HC|  |TAMS 0x0000001899200000, 0x0000001899200000| Complete 
|1225|0x0000001899400000, 0x0000001899600000, 0x0000001899600000|100%| O|  |TAMS 0x0000001899400000, 0x0000001899400000| Untracked 
|1226|0x0000001899600000, 0x0000001899800000, 0x0000001899800000|100%| O|  |TAMS 0x0000001899600000, 0x0000001899600000| Untracked 
|1227|0x0000001899800000, 0x0000001899a00000, 0x0000001899a00000|100%| O|  |TAMS 0x0000001899800000, 0x0000001899800000| Untracked 
|1228|0x0000001899a00000, 0x0000001899c00000, 0x0000001899c00000|100%| O|  |TAMS 0x0000001899a00000, 0x0000001899a00000| Untracked 
|1229|0x0000001899c00000, 0x0000001899e00000, 0x0000001899e00000|100%| O|  |TAMS 0x0000001899c00000, 0x0000001899c00000| Untracked 
|1230|0x0000001899e00000, 0x000000189a000000, 0x000000189a000000|100%| O|  |TAMS 0x0000001899e00000, 0x0000001899e00000| Untracked 
|1231|0x000000189a000000, 0x000000189a200000, 0x000000189a200000|100%| O|  |TAMS 0x000000189a000000, 0x000000189a000000| Untracked 
|1232|0x000000189a200000, 0x000000189a400000, 0x000000189a400000|100%| O|  |TAMS 0x000000189a200000, 0x000000189a200000| Untracked 
|1233|0x000000189a400000, 0x000000189a600000, 0x000000189a600000|100%| O|  |TAMS 0x000000189a400000, 0x000000189a400000| Untracked 
|1234|0x000000189a600000, 0x000000189a800000, 0x000000189a800000|100%| O|  |TAMS 0x000000189a600000, 0x000000189a600000| Untracked 
|1235|0x000000189a800000, 0x000000189aa00000, 0x000000189aa00000|100%| O|  |TAMS 0x000000189a800000, 0x000000189a800000| Untracked 
|1236|0x000000189aa00000, 0x000000189ac00000, 0x000000189ac00000|100%| O|  |TAMS 0x000000189aa00000, 0x000000189aa00000| Untracked 
|1237|0x000000189ac00000, 0x000000189ae00000, 0x000000189ae00000|100%| O|  |TAMS 0x000000189ac00000, 0x000000189ac00000| Untracked 
|1238|0x000000189ae00000, 0x000000189b000000, 0x000000189b000000|100%| O|  |TAMS 0x000000189ae00000, 0x000000189ae00000| Untracked 
|1239|0x000000189b000000, 0x000000189b200000, 0x000000189b200000|100%| O|  |TAMS 0x000000189b000000, 0x000000189b000000| Untracked 
|1240|0x000000189b200000, 0x000000189b400000, 0x000000189b400000|100%| O|  |TAMS 0x000000189b200000, 0x000000189b200000| Untracked 
|1241|0x000000189b400000, 0x000000189b600000, 0x000000189b600000|100%| O|  |TAMS 0x000000189b400000, 0x000000189b400000| Untracked 
|1242|0x000000189b600000, 0x000000189b800000, 0x000000189b800000|100%| O|  |TAMS 0x000000189b600000, 0x000000189b600000| Untracked 
|1243|0x000000189b800000, 0x000000189ba00000, 0x000000189ba00000|100%| O|  |TAMS 0x000000189b800000, 0x000000189b800000| Untracked 
|1244|0x000000189ba00000, 0x000000189bc00000, 0x000000189bc00000|100%| O|  |TAMS 0x000000189ba00000, 0x000000189ba00000| Untracked 
|1245|0x000000189bc00000, 0x000000189be00000, 0x000000189be00000|100%| O|  |TAMS 0x000000189bc00000, 0x000000189bc00000| Untracked 
|1246|0x000000189be00000, 0x000000189c000000, 0x000000189c000000|100%| O|  |TAMS 0x000000189be00000, 0x000000189be00000| Untracked 
|1247|0x000000189c000000, 0x000000189c200000, 0x000000189c200000|100%| O|  |TAMS 0x000000189c000000, 0x000000189c000000| Untracked 
|1248|0x000000189c200000, 0x000000189c400000, 0x000000189c400000|100%| O|  |TAMS 0x000000189c200000, 0x000000189c200000| Untracked 
|1249|0x000000189c400000, 0x000000189c600000, 0x000000189c600000|100%| O|  |TAMS 0x000000189c400000, 0x000000189c400000| Untracked 
|1250|0x000000189c600000, 0x000000189c800000, 0x000000189c800000|100%| O|  |TAMS 0x000000189c600000, 0x000000189c600000| Untracked 
|1251|0x000000189c800000, 0x000000189ca00000, 0x000000189ca00000|100%| O|  |TAMS 0x000000189c800000, 0x000000189c800000| Untracked 
|1252|0x000000189ca00000, 0x000000189cc00000, 0x000000189cc00000|100%|HS|  |TAMS 0x000000189ca00000, 0x000000189ca00000| Complete 
|1253|0x000000189cc00000, 0x000000189ce00000, 0x000000189ce00000|100%|HC|  |TAMS 0x000000189cc00000, 0x000000189cc00000| Complete 
|1254|0x000000189ce00000, 0x000000189d000000, 0x000000189d000000|100%|HC|  |TAMS 0x000000189ce00000, 0x000000189ce00000| Complete 
|1255|0x000000189d000000, 0x000000189d200000, 0x000000189d200000|100%| O|  |TAMS 0x000000189d000000, 0x000000189d000000| Untracked 
|1256|0x000000189d200000, 0x000000189d400000, 0x000000189d400000|100%| O|  |TAMS 0x000000189d200000, 0x000000189d200000| Untracked 
|1257|0x000000189d400000, 0x000000189d600000, 0x000000189d600000|100%| O|  |TAMS 0x000000189d400000, 0x000000189d400000| Untracked 
|1258|0x000000189d600000, 0x000000189d800000, 0x000000189d800000|100%| O|  |TAMS 0x000000189d600000, 0x000000189d600000| Untracked 
|1259|0x000000189d800000, 0x000000189da00000, 0x000000189da00000|100%| O|  |TAMS 0x000000189d800000, 0x000000189d800000| Untracked 
|1260|0x000000189da00000, 0x000000189dc00000, 0x000000189dc00000|100%| O|  |TAMS 0x000000189da00000, 0x000000189da00000| Untracked 
|1261|0x000000189dc00000, 0x000000189de00000, 0x000000189de00000|100%| O|  |TAMS 0x000000189dc00000, 0x000000189dc00000| Untracked 
|1262|0x000000189de00000, 0x000000189e000000, 0x000000189e000000|100%| O|  |TAMS 0x000000189de00000, 0x000000189de00000| Untracked 
|1263|0x000000189e000000, 0x000000189e200000, 0x000000189e200000|100%| O|  |TAMS 0x000000189e000000, 0x000000189e000000| Untracked 
|1264|0x000000189e200000, 0x000000189e400000, 0x000000189e400000|100%| O|  |TAMS 0x000000189e200000, 0x000000189e200000| Untracked 
|1265|0x000000189e400000, 0x000000189e600000, 0x000000189e600000|100%| O|  |TAMS 0x000000189e400000, 0x000000189e400000| Untracked 
|1266|0x000000189e600000, 0x000000189e800000, 0x000000189e800000|100%| O|  |TAMS 0x000000189e600000, 0x000000189e600000| Untracked 
|1267|0x000000189e800000, 0x000000189ea00000, 0x000000189ea00000|100%|HS|  |TAMS 0x000000189e800000, 0x000000189e800000| Complete 
|1268|0x000000189ea00000, 0x000000189ec00000, 0x000000189ec00000|100%| O|  |TAMS 0x000000189ea00000, 0x000000189ea00000| Untracked 
|1269|0x000000189ec00000, 0x000000189ee00000, 0x000000189ee00000|100%| O|  |TAMS 0x000000189ec00000, 0x000000189ec00000| Untracked 
|1270|0x000000189ee00000, 0x000000189f000000, 0x000000189f000000|100%| O|  |TAMS 0x000000189ee00000, 0x000000189ee00000| Untracked 
|1271|0x000000189f000000, 0x000000189f200000, 0x000000189f200000|100%| O|  |TAMS 0x000000189f000000, 0x000000189f000000| Untracked 
|1272|0x000000189f200000, 0x000000189f400000, 0x000000189f400000|100%| O|  |TAMS 0x000000189f200000, 0x000000189f200000| Untracked 
|1273|0x000000189f400000, 0x000000189f600000, 0x000000189f600000|100%| O|  |TAMS 0x000000189f400000, 0x000000189f400000| Untracked 
|1274|0x000000189f600000, 0x000000189f800000, 0x000000189f800000|100%| O|  |TAMS 0x000000189f600000, 0x000000189f600000| Untracked 
|1275|0x000000189f800000, 0x000000189fa00000, 0x000000189fa00000|100%| O|  |TAMS 0x000000189f800000, 0x000000189f800000| Untracked 
|1276|0x000000189fa00000, 0x000000189fc00000, 0x000000189fc00000|100%| O|  |TAMS 0x000000189fa00000, 0x000000189fa00000| Untracked 
|1277|0x000000189fc00000, 0x000000189fe00000, 0x000000189fe00000|100%| O|  |TAMS 0x000000189fc00000, 0x000000189fc00000| Untracked 
|1278|0x000000189fe00000, 0x00000018a0000000, 0x00000018a0000000|100%| O|  |TAMS 0x000000189fe00000, 0x000000189fe00000| Untracked 
|1279|0x00000018a0000000, 0x00000018a0200000, 0x00000018a0200000|100%|HS|  |TAMS 0x00000018a0000000, 0x00000018a0000000| Complete 
|1280|0x00000018a0200000, 0x00000018a0400000, 0x00000018a0400000|100%| O|  |TAMS 0x00000018a0200000, 0x00000018a0200000| Untracked 
|1281|0x00000018a0400000, 0x00000018a0600000, 0x00000018a0600000|100%|HS|  |TAMS 0x00000018a0400000, 0x00000018a0400000| Complete 
|1282|0x00000018a0600000, 0x00000018a0800000, 0x00000018a0800000|100%| O|  |TAMS 0x00000018a0600000, 0x00000018a0600000| Untracked 
|1283|0x00000018a0800000, 0x00000018a0a00000, 0x00000018a0a00000|100%| O|  |TAMS 0x00000018a0800000, 0x00000018a0800000| Untracked 
|1284|0x00000018a0a00000, 0x00000018a0c00000, 0x00000018a0c00000|100%| O|  |TAMS 0x00000018a0a00000, 0x00000018a0a00000| Untracked 
|1285|0x00000018a0c00000, 0x00000018a0e00000, 0x00000018a0e00000|100%| O|  |TAMS 0x00000018a0c00000, 0x00000018a0c00000| Untracked 
|1286|0x00000018a0e00000, 0x00000018a1000000, 0x00000018a1000000|100%| O|  |TAMS 0x00000018a0e00000, 0x00000018a0e00000| Untracked 
|1287|0x00000018a1000000, 0x00000018a1200000, 0x00000018a1200000|100%| O|  |TAMS 0x00000018a1000000, 0x00000018a1000000| Untracked 
|1288|0x00000018a1200000, 0x00000018a1400000, 0x00000018a1400000|100%| O|  |TAMS 0x00000018a1200000, 0x00000018a1200000| Untracked 
|1289|0x00000018a1400000, 0x00000018a1600000, 0x00000018a1600000|100%| O|  |TAMS 0x00000018a1400000, 0x00000018a1400000| Untracked 
|1290|0x00000018a1600000, 0x00000018a1800000, 0x00000018a1800000|100%| O|  |TAMS 0x00000018a1600000, 0x00000018a1600000| Untracked 
|1291|0x00000018a1800000, 0x00000018a1a00000, 0x00000018a1a00000|100%| O|  |TAMS 0x00000018a1800000, 0x00000018a1800000| Untracked 
|1292|0x00000018a1a00000, 0x00000018a1c00000, 0x00000018a1c00000|100%| O|  |TAMS 0x00000018a1a00000, 0x00000018a1a00000| Untracked 
|1293|0x00000018a1c00000, 0x00000018a1e00000, 0x00000018a1e00000|100%| O|  |TAMS 0x00000018a1c00000, 0x00000018a1c00000| Untracked 
|1294|0x00000018a1e00000, 0x00000018a2000000, 0x00000018a2000000|100%| O|  |TAMS 0x00000018a1e00000, 0x00000018a1e00000| Untracked 
|1295|0x00000018a2000000, 0x00000018a2200000, 0x00000018a2200000|100%| O|  |TAMS 0x00000018a2200000, 0x00000018a2000000| Untracked 
|1296|0x00000018a2200000, 0x00000018a2400000, 0x00000018a2400000|100%| O|  |TAMS 0x00000018a2200000, 0x00000018a2200000| Untracked 
|1297|0x00000018a2400000, 0x00000018a2600000, 0x00000018a2600000|100%| O|  |TAMS 0x00000018a2400000, 0x00000018a2400000| Untracked 
|1298|0x00000018a2600000, 0x00000018a2800000, 0x00000018a2800000|100%| O|  |TAMS 0x00000018a2600000, 0x00000018a2600000| Untracked 
|1299|0x00000018a2800000, 0x00000018a2a00000, 0x00000018a2a00000|100%| O|  |TAMS 0x00000018a2800000, 0x00000018a2800000| Untracked 
|1300|0x00000018a2a00000, 0x00000018a2c00000, 0x00000018a2c00000|100%| O|  |TAMS 0x00000018a2a00000, 0x00000018a2a00000| Untracked 
|1301|0x00000018a2c00000, 0x00000018a2e00000, 0x00000018a2e00000|100%| O|  |TAMS 0x00000018a2c00000, 0x00000018a2c00000| Untracked 
|1302|0x00000018a2e00000, 0x00000018a3000000, 0x00000018a3000000|100%| O|  |TAMS 0x00000018a2e00000, 0x00000018a2e00000| Untracked 
|1303|0x00000018a3000000, 0x00000018a3200000, 0x00000018a3200000|100%|HS|  |TAMS 0x00000018a3000000, 0x00000018a3000000| Complete 
|1304|0x00000018a3200000, 0x00000018a3400000, 0x00000018a3400000|100%|HC|  |TAMS 0x00000018a3200000, 0x00000018a3200000| Complete 
|1305|0x00000018a3400000, 0x00000018a3600000, 0x00000018a3600000|100%|HC|  |TAMS 0x00000018a3400000, 0x00000018a3400000| Complete 
|1306|0x00000018a3600000, 0x00000018a3800000, 0x00000018a3800000|100%|HS|  |TAMS 0x00000018a3600000, 0x00000018a3600000| Complete 
|1307|0x00000018a3800000, 0x00000018a3a00000, 0x00000018a3a00000|100%| O|  |TAMS 0x00000018a3800000, 0x00000018a3800000| Untracked 
|1308|0x00000018a3a00000, 0x00000018a3c00000, 0x00000018a3c00000|100%| O|  |TAMS 0x00000018a3a00000, 0x00000018a3a00000| Untracked 
|1309|0x00000018a3c00000, 0x00000018a3e00000, 0x00000018a3e00000|100%| O|  |TAMS 0x00000018a3c00000, 0x00000018a3c00000| Untracked 
|1310|0x00000018a3e00000, 0x00000018a4000000, 0x00000018a4000000|100%| O|  |TAMS 0x00000018a3e00000, 0x00000018a3e00000| Untracked 
|1311|0x00000018a4000000, 0x00000018a4200000, 0x00000018a4200000|100%| O|  |TAMS 0x00000018a4000000, 0x00000018a4000000| Untracked 
|1312|0x00000018a4200000, 0x00000018a4400000, 0x00000018a4400000|100%| O|  |TAMS 0x00000018a4200000, 0x00000018a4200000| Untracked 
|1313|0x00000018a4400000, 0x00000018a4600000, 0x00000018a4600000|100%| O|  |TAMS 0x00000018a4400000, 0x00000018a4400000| Untracked 
|1314|0x00000018a4600000, 0x00000018a4800000, 0x00000018a4800000|100%| O|  |TAMS 0x00000018a4600000, 0x00000018a4600000| Untracked 
|1315|0x00000018a4800000, 0x00000018a4a00000, 0x00000018a4a00000|100%| O|  |TAMS 0x00000018a4800000, 0x00000018a4800000| Untracked 
|1316|0x00000018a4a00000, 0x00000018a4c00000, 0x00000018a4c00000|100%| O|  |TAMS 0x00000018a4a00000, 0x00000018a4a00000| Untracked 
|1317|0x00000018a4c00000, 0x00000018a4e00000, 0x00000018a4e00000|100%| O|  |TAMS 0x00000018a4c00000, 0x00000018a4c00000| Untracked 
|1318|0x00000018a4e00000, 0x00000018a5000000, 0x00000018a5000000|100%| O|  |TAMS 0x00000018a4e00000, 0x00000018a4e00000| Untracked 
|1319|0x00000018a5000000, 0x00000018a5200000, 0x00000018a5200000|100%| O|  |TAMS 0x00000018a5000000, 0x00000018a5000000| Untracked 
|1320|0x00000018a5200000, 0x00000018a5400000, 0x00000018a5400000|100%| O|  |TAMS 0x00000018a5200000, 0x00000018a5200000| Untracked 
|1321|0x00000018a5400000, 0x00000018a5600000, 0x00000018a5600000|100%| O|  |TAMS 0x00000018a5400000, 0x00000018a5400000| Untracked 
|1322|0x00000018a5600000, 0x00000018a5800000, 0x00000018a5800000|100%| O|  |TAMS 0x00000018a5600000, 0x00000018a5600000| Untracked 
|1323|0x00000018a5800000, 0x00000018a5a00000, 0x00000018a5a00000|100%| O|  |TAMS 0x00000018a5800000, 0x00000018a5800000| Untracked 
|1324|0x00000018a5a00000, 0x00000018a5c00000, 0x00000018a5c00000|100%| O|  |TAMS 0x00000018a5a00000, 0x00000018a5a00000| Untracked 
|1325|0x00000018a5c00000, 0x00000018a5e00000, 0x00000018a5e00000|100%|HS|  |TAMS 0x00000018a5c00000, 0x00000018a5c00000| Complete 
|1326|0x00000018a5e00000, 0x00000018a6000000, 0x00000018a6000000|100%|HC|  |TAMS 0x00000018a5e00000, 0x00000018a5e00000| Complete 
|1327|0x00000018a6000000, 0x00000018a6200000, 0x00000018a6200000|100%|HC|  |TAMS 0x00000018a6000000, 0x00000018a6000000| Complete 
|1328|0x00000018a6200000, 0x00000018a6400000, 0x00000018a6400000|100%| O|  |TAMS 0x00000018a6200000, 0x00000018a6200000| Untracked 
|1329|0x00000018a6400000, 0x00000018a6600000, 0x00000018a6600000|100%| O|  |TAMS 0x00000018a6400000, 0x00000018a6400000| Untracked 
|1330|0x00000018a6600000, 0x00000018a6800000, 0x00000018a6800000|100%| O|  |TAMS 0x00000018a6600000, 0x00000018a6600000| Untracked 
|1331|0x00000018a6800000, 0x00000018a6a00000, 0x00000018a6a00000|100%| O|  |TAMS 0x00000018a6800000, 0x00000018a6800000| Untracked 
|1332|0x00000018a6a00000, 0x00000018a6c00000, 0x00000018a6c00000|100%| O|  |TAMS 0x00000018a6a00000, 0x00000018a6a00000| Untracked 
|1333|0x00000018a6c00000, 0x00000018a6e00000, 0x00000018a6e00000|100%| O|  |TAMS 0x00000018a6c00000, 0x00000018a6c00000| Untracked 
|1334|0x00000018a6e00000, 0x00000018a7000000, 0x00000018a7000000|100%| O|  |TAMS 0x00000018a6e00000, 0x00000018a6e00000| Untracked 
|1335|0x00000018a7000000, 0x00000018a7200000, 0x00000018a7200000|100%| O|  |TAMS 0x00000018a7000000, 0x00000018a7000000| Untracked 
|1336|0x00000018a7200000, 0x00000018a7400000, 0x00000018a7400000|100%| O|  |TAMS 0x00000018a7200000, 0x00000018a7200000| Untracked 
|1337|0x00000018a7400000, 0x00000018a7600000, 0x00000018a7600000|100%|HS|  |TAMS 0x00000018a7400000, 0x00000018a7400000| Complete 
|1338|0x00000018a7600000, 0x00000018a7800000, 0x00000018a7800000|100%|HC|  |TAMS 0x00000018a7600000, 0x00000018a7600000| Complete 
|1339|0x00000018a7800000, 0x00000018a7a00000, 0x00000018a7a00000|100%|HC|  |TAMS 0x00000018a7800000, 0x00000018a7800000| Complete 
|1340|0x00000018a7a00000, 0x00000018a7c00000, 0x00000018a7c00000|100%|HS|  |TAMS 0x00000018a7a00000, 0x00000018a7a00000| Complete 
|1341|0x00000018a7c00000, 0x00000018a7e00000, 0x00000018a7e00000|100%|HC|  |TAMS 0x00000018a7c00000, 0x00000018a7c00000| Complete 
|1342|0x00000018a7e00000, 0x00000018a8000000, 0x00000018a8000000|100%|HC|  |TAMS 0x00000018a7e00000, 0x00000018a7e00000| Complete 
|1343|0x00000018a8000000, 0x00000018a8000000, 0x00000018a8200000|  0%| F|  |TAMS 0x00000018a8000000, 0x00000018a8000000| Untracked 
|1344|0x00000018a8200000, 0x00000018a8200000, 0x00000018a8400000|  0%| F|  |TAMS 0x00000018a8200000, 0x00000018a8200000| Untracked 
|1345|0x00000018a8400000, 0x00000018a8600000, 0x00000018a8600000|100%| O|  |TAMS 0x00000018a8400000, 0x00000018a8400000| Untracked 
|1346|0x00000018a8600000, 0x00000018a8800000, 0x00000018a8800000|100%| O|  |TAMS 0x00000018a8600000, 0x00000018a8600000| Untracked 
|1347|0x00000018a8800000, 0x00000018a8a00000, 0x00000018a8a00000|100%| O|  |TAMS 0x00000018a8800000, 0x00000018a8800000| Untracked 
|1348|0x00000018a8a00000, 0x00000018a8c00000, 0x00000018a8c00000|100%| O|  |TAMS 0x00000018a8a00000, 0x00000018a8a00000| Untracked 
|1349|0x00000018a8c00000, 0x00000018a8e00000, 0x00000018a8e00000|100%| O|  |TAMS 0x00000018a8c00000, 0x00000018a8c00000| Untracked 
|1350|0x00000018a8e00000, 0x00000018a9000000, 0x00000018a9000000|100%| O|  |TAMS 0x00000018a8e00000, 0x00000018a8e00000| Untracked 
|1351|0x00000018a9000000, 0x00000018a9200000, 0x00000018a9200000|100%| O|  |TAMS 0x00000018a9000000, 0x00000018a9000000| Untracked 
|1352|0x00000018a9200000, 0x00000018a9400000, 0x00000018a9400000|100%| O|  |TAMS 0x00000018a9200000, 0x00000018a9200000| Untracked 
|1353|0x00000018a9400000, 0x00000018a9600000, 0x00000018a9600000|100%| O|  |TAMS 0x00000018a9400000, 0x00000018a9400000| Untracked 
|1354|0x00000018a9600000, 0x00000018a9800000, 0x00000018a9800000|100%| O|  |TAMS 0x00000018a9600000, 0x00000018a9600000| Untracked 
|1355|0x00000018a9800000, 0x00000018a9a00000, 0x00000018a9a00000|100%| O|  |TAMS 0x00000018a9800000, 0x00000018a9800000| Untracked 
|1356|0x00000018a9a00000, 0x00000018a9c00000, 0x00000018a9c00000|100%| O|  |TAMS 0x00000018a9a00000, 0x00000018a9a00000| Untracked 
|1357|0x00000018a9c00000, 0x00000018a9e00000, 0x00000018a9e00000|100%| O|  |TAMS 0x00000018a9c00000, 0x00000018a9c00000| Untracked 
|1358|0x00000018a9e00000, 0x00000018aa000000, 0x00000018aa000000|100%| O|  |TAMS 0x00000018a9e00000, 0x00000018a9e00000| Untracked 
|1359|0x00000018aa000000, 0x00000018aa200000, 0x00000018aa200000|100%| O|  |TAMS 0x00000018aa000000, 0x00000018aa000000| Untracked 
|1360|0x00000018aa200000, 0x00000018aa400000, 0x00000018aa400000|100%| O|  |TAMS 0x00000018aa200000, 0x00000018aa200000| Untracked 
|1361|0x00000018aa400000, 0x00000018aa600000, 0x00000018aa600000|100%|HS|  |TAMS 0x00000018aa400000, 0x00000018aa400000| Complete 
|1362|0x00000018aa600000, 0x00000018aa800000, 0x00000018aa800000|100%|HC|  |TAMS 0x00000018aa600000, 0x00000018aa600000| Complete 
|1363|0x00000018aa800000, 0x00000018aaa00000, 0x00000018aaa00000|100%|HC|  |TAMS 0x00000018aa800000, 0x00000018aa800000| Complete 
|1364|0x00000018aaa00000, 0x00000018aac00000, 0x00000018aac00000|100%| O|  |TAMS 0x00000018aaa00000, 0x00000018aaa00000| Untracked 
|1365|0x00000018aac00000, 0x00000018aae00000, 0x00000018aae00000|100%| O|  |TAMS 0x00000018aac00000, 0x00000018aac00000| Untracked 
|1366|0x00000018aae00000, 0x00000018ab000000, 0x00000018ab000000|100%| O|  |TAMS 0x00000018aae00000, 0x00000018aae00000| Untracked 
|1367|0x00000018ab000000, 0x00000018ab200000, 0x00000018ab200000|100%| O|  |TAMS 0x00000018ab000000, 0x00000018ab000000| Untracked 
|1368|0x00000018ab200000, 0x00000018ab400000, 0x00000018ab400000|100%| O|  |TAMS 0x00000018ab200000, 0x00000018ab200000| Untracked 
|1369|0x00000018ab400000, 0x00000018ab600000, 0x00000018ab600000|100%| O|  |TAMS 0x00000018ab400000, 0x00000018ab400000| Untracked 
|1370|0x00000018ab600000, 0x00000018ab800000, 0x00000018ab800000|100%| O|  |TAMS 0x00000018ab600000, 0x00000018ab600000| Untracked 
|1371|0x00000018ab800000, 0x00000018aba00000, 0x00000018aba00000|100%| O|  |TAMS 0x00000018ab800000, 0x00000018ab800000| Untracked 
|1372|0x00000018aba00000, 0x00000018abc00000, 0x00000018abc00000|100%| O|  |TAMS 0x00000018aba00000, 0x00000018aba00000| Untracked 
|1373|0x00000018abc00000, 0x00000018abe00000, 0x00000018abe00000|100%| O|  |TAMS 0x00000018abc00000, 0x00000018abc00000| Untracked 
|1374|0x00000018abe00000, 0x00000018ac000000, 0x00000018ac000000|100%| O|  |TAMS 0x00000018abe00000, 0x00000018abe00000| Untracked 
|1375|0x00000018ac000000, 0x00000018ac200000, 0x00000018ac200000|100%| O|  |TAMS 0x00000018ac000000, 0x00000018ac000000| Untracked 
|1376|0x00000018ac200000, 0x00000018ac400000, 0x00000018ac400000|100%| O|  |TAMS 0x00000018ac200000, 0x00000018ac200000| Untracked 
|1377|0x00000018ac400000, 0x00000018ac600000, 0x00000018ac600000|100%|HS|  |TAMS 0x00000018ac400000, 0x00000018ac400000| Complete 
|1378|0x00000018ac600000, 0x00000018ac800000, 0x00000018ac800000|100%|HC|  |TAMS 0x00000018ac600000, 0x00000018ac600000| Complete 
|1379|0x00000018ac800000, 0x00000018aca00000, 0x00000018aca00000|100%|HC|  |TAMS 0x00000018ac800000, 0x00000018ac800000| Complete 
|1380|0x00000018aca00000, 0x00000018acc00000, 0x00000018acc00000|100%|HS|  |TAMS 0x00000018aca00000, 0x00000018aca00000| Complete 
|1381|0x00000018acc00000, 0x00000018ace00000, 0x00000018ace00000|100%|HS|  |TAMS 0x00000018acc00000, 0x00000018acc00000| Complete 
|1382|0x00000018ace00000, 0x00000018ad000000, 0x00000018ad000000|100%|HS|  |TAMS 0x00000018ace00000, 0x00000018ace00000| Complete 
|1383|0x00000018ad000000, 0x00000018ad200000, 0x00000018ad200000|100%|HS|  |TAMS 0x00000018ad000000, 0x00000018ad000000| Complete 
|1384|0x00000018ad200000, 0x00000018ad400000, 0x00000018ad400000|100%|HC|  |TAMS 0x00000018ad200000, 0x00000018ad200000| Complete 
|1385|0x00000018ad400000, 0x00000018ad600000, 0x00000018ad600000|100%|HC|  |TAMS 0x00000018ad400000, 0x00000018ad400000| Complete 
|1386|0x00000018ad600000, 0x00000018ad800000, 0x00000018ad800000|100%| O|  |TAMS 0x00000018ad600000, 0x00000018ad600000| Untracked 
|1387|0x00000018ad800000, 0x00000018ada00000, 0x00000018ada00000|100%| O|  |TAMS 0x00000018ad800000, 0x00000018ad800000| Untracked 
|1388|0x00000018ada00000, 0x00000018adc00000, 0x00000018adc00000|100%|HS|  |TAMS 0x00000018ada00000, 0x00000018ada00000| Complete 
|1389|0x00000018adc00000, 0x00000018ade00000, 0x00000018ade00000|100%|HC|  |TAMS 0x00000018adc00000, 0x00000018adc00000| Complete 
|1390|0x00000018ade00000, 0x00000018ae000000, 0x00000018ae000000|100%|HC|  |TAMS 0x00000018ade00000, 0x00000018ade00000| Complete 
|1391|0x00000018ae000000, 0x00000018ae200000, 0x00000018ae200000|100%| O|  |TAMS 0x00000018ae000000, 0x00000018ae000000| Untracked 
|1392|0x00000018ae200000, 0x00000018ae400000, 0x00000018ae400000|100%| O|  |TAMS 0x00000018ae200000, 0x00000018ae200000| Untracked 
|1393|0x00000018ae400000, 0x00000018ae600000, 0x00000018ae600000|100%| O|  |TAMS 0x00000018ae400000, 0x00000018ae400000| Untracked 
|1394|0x00000018ae600000, 0x00000018ae800000, 0x00000018ae800000|100%| O|  |TAMS 0x00000018ae600000, 0x00000018ae600000| Untracked 
|1395|0x00000018ae800000, 0x00000018aea00000, 0x00000018aea00000|100%| O|  |TAMS 0x00000018ae800000, 0x00000018ae800000| Untracked 
|1396|0x00000018aea00000, 0x00000018aec00000, 0x00000018aec00000|100%| O|  |TAMS 0x00000018aea00000, 0x00000018aea00000| Untracked 
|1397|0x00000018aec00000, 0x00000018aee00000, 0x00000018aee00000|100%| O|  |TAMS 0x00000018aec00000, 0x00000018aec00000| Untracked 
|1398|0x00000018aee00000, 0x00000018af000000, 0x00000018af000000|100%| O|  |TAMS 0x00000018aee00000, 0x00000018aee00000| Untracked 
|1399|0x00000018af000000, 0x00000018af200000, 0x00000018af200000|100%| O|  |TAMS 0x00000018af000000, 0x00000018af000000| Untracked 
|1400|0x00000018af200000, 0x00000018af400000, 0x00000018af400000|100%| O|  |TAMS 0x00000018af200000, 0x00000018af200000| Untracked 
|1401|0x00000018af400000, 0x00000018af600000, 0x00000018af600000|100%| O|  |TAMS 0x00000018af400000, 0x00000018af400000| Untracked 
|1402|0x00000018af600000, 0x00000018af800000, 0x00000018af800000|100%| O|  |TAMS 0x00000018af600000, 0x00000018af600000| Untracked 
|1403|0x00000018af800000, 0x00000018afa00000, 0x00000018afa00000|100%|HS|  |TAMS 0x00000018af800000, 0x00000018af800000| Complete 
|1404|0x00000018afa00000, 0x00000018afc00000, 0x00000018afc00000|100%|HC|  |TAMS 0x00000018afa00000, 0x00000018afa00000| Complete 
|1405|0x00000018afc00000, 0x00000018afe00000, 0x00000018afe00000|100%|HC|  |TAMS 0x00000018afc00000, 0x00000018afc00000| Complete 
|1406|0x00000018afe00000, 0x00000018b0000000, 0x00000018b0000000|100%|HS|  |TAMS 0x00000018afe00000, 0x00000018afe00000| Complete 
|1407|0x00000018b0000000, 0x00000018b0200000, 0x00000018b0200000|100%|HC|  |TAMS 0x00000018b0000000, 0x00000018b0000000| Complete 
|1408|0x00000018b0200000, 0x00000018b0400000, 0x00000018b0400000|100%|HC|  |TAMS 0x00000018b0200000, 0x00000018b0200000| Complete 
|1409|0x00000018b0400000, 0x00000018b0600000, 0x00000018b0600000|100%|HS|  |TAMS 0x00000018b0400000, 0x00000018b0400000| Complete 
|1410|0x00000018b0600000, 0x00000018b0800000, 0x00000018b0800000|100%|HC|  |TAMS 0x00000018b0600000, 0x00000018b0600000| Complete 
|1411|0x00000018b0800000, 0x00000018b0a00000, 0x00000018b0a00000|100%|HC|  |TAMS 0x00000018b0800000, 0x00000018b0800000| Complete 
|1412|0x00000018b0a00000, 0x00000018b0c00000, 0x00000018b0c00000|100%| O|  |TAMS 0x00000018b0a00000, 0x00000018b0a00000| Untracked 
|1413|0x00000018b0c00000, 0x00000018b0e00000, 0x00000018b0e00000|100%| O|  |TAMS 0x00000018b0c00000, 0x00000018b0c00000| Untracked 
|1414|0x00000018b0e00000, 0x00000018b1000000, 0x00000018b1000000|100%| O|  |TAMS 0x00000018b0e00000, 0x00000018b0e00000| Untracked 
|1415|0x00000018b1000000, 0x00000018b1200000, 0x00000018b1200000|100%| O|  |TAMS 0x00000018b1000000, 0x00000018b1000000| Untracked 
|1416|0x00000018b1200000, 0x00000018b1400000, 0x00000018b1400000|100%| O|  |TAMS 0x00000018b1200000, 0x00000018b1200000| Untracked 
|1417|0x00000018b1400000, 0x00000018b1600000, 0x00000018b1600000|100%| O|  |TAMS 0x00000018b1400000, 0x00000018b1400000| Untracked 
|1418|0x00000018b1600000, 0x00000018b1800000, 0x00000018b1800000|100%| O|  |TAMS 0x00000018b1600000, 0x00000018b1600000| Untracked 
|1419|0x00000018b1800000, 0x00000018b1a00000, 0x00000018b1a00000|100%| O|  |TAMS 0x00000018b1800000, 0x00000018b1800000| Untracked 
|1420|0x00000018b1a00000, 0x00000018b1c00000, 0x00000018b1c00000|100%| O|  |TAMS 0x00000018b1a00000, 0x00000018b1a00000| Untracked 
|1421|0x00000018b1c00000, 0x00000018b1e00000, 0x00000018b1e00000|100%| O|  |TAMS 0x00000018b1c00000, 0x00000018b1c00000| Untracked 
|1422|0x00000018b1e00000, 0x00000018b2000000, 0x00000018b2000000|100%| O|  |TAMS 0x00000018b1e00000, 0x00000018b1e00000| Untracked 
|1423|0x00000018b2000000, 0x00000018b2200000, 0x00000018b2200000|100%| O|  |TAMS 0x00000018b2000000, 0x00000018b2000000| Untracked 
|1424|0x00000018b2200000, 0x00000018b2400000, 0x00000018b2400000|100%|HS|  |TAMS 0x00000018b2200000, 0x00000018b2200000| Complete 
|1425|0x00000018b2400000, 0x00000018b2600000, 0x00000018b2600000|100%|HC|  |TAMS 0x00000018b2400000, 0x00000018b2400000| Complete 
|1426|0x00000018b2600000, 0x00000018b2800000, 0x00000018b2800000|100%|HC|  |TAMS 0x00000018b2600000, 0x00000018b2600000| Complete 
|1427|0x00000018b2800000, 0x00000018b2a00000, 0x00000018b2a00000|100%| O|  |TAMS 0x00000018b2800000, 0x00000018b2800000| Untracked 
|1428|0x00000018b2a00000, 0x00000018b2c00000, 0x00000018b2c00000|100%| O|  |TAMS 0x00000018b2a00000, 0x00000018b2a00000| Untracked 
|1429|0x00000018b2c00000, 0x00000018b2e00000, 0x00000018b2e00000|100%| O|  |TAMS 0x00000018b2c00000, 0x00000018b2c00000| Untracked 
|1430|0x00000018b2e00000, 0x00000018b3000000, 0x00000018b3000000|100%| O|  |TAMS 0x00000018b2e00000, 0x00000018b2e00000| Untracked 
|1431|0x00000018b3000000, 0x00000018b3200000, 0x00000018b3200000|100%| O|  |TAMS 0x00000018b3000000, 0x00000018b3000000| Untracked 
|1432|0x00000018b3200000, 0x00000018b3400000, 0x00000018b3400000|100%| O|  |TAMS 0x00000018b3200000, 0x00000018b3200000| Untracked 
|1433|0x00000018b3400000, 0x00000018b3600000, 0x00000018b3600000|100%| O|  |TAMS 0x00000018b3400000, 0x00000018b3400000| Untracked 
|1434|0x00000018b3600000, 0x00000018b3800000, 0x00000018b3800000|100%| O|  |TAMS 0x00000018b3600000, 0x00000018b3600000| Untracked 
|1435|0x00000018b3800000, 0x00000018b3a00000, 0x00000018b3a00000|100%| O|  |TAMS 0x00000018b3800000, 0x00000018b3800000| Untracked 
|1436|0x00000018b3a00000, 0x00000018b3c00000, 0x00000018b3c00000|100%|HS|  |TAMS 0x00000018b3a00000, 0x00000018b3a00000| Complete 
|1437|0x00000018b3c00000, 0x00000018b3e00000, 0x00000018b3e00000|100%|HC|  |TAMS 0x00000018b3c00000, 0x00000018b3c00000| Complete 
|1438|0x00000018b3e00000, 0x00000018b4000000, 0x00000018b4000000|100%|HC|  |TAMS 0x00000018b3e00000, 0x00000018b3e00000| Complete 
|1439|0x00000018b4000000, 0x00000018b4200000, 0x00000018b4200000|100%| O|  |TAMS 0x00000018b4000000, 0x00000018b4000000| Untracked 
|1440|0x00000018b4200000, 0x00000018b4400000, 0x00000018b4400000|100%| O|  |TAMS 0x00000018b4200000, 0x00000018b4200000| Untracked 
|1441|0x00000018b4400000, 0x00000018b4600000, 0x00000018b4600000|100%| O|  |TAMS 0x00000018b4400000, 0x00000018b4400000| Untracked 
|1442|0x00000018b4600000, 0x00000018b4800000, 0x00000018b4800000|100%| O|  |TAMS 0x00000018b4600000, 0x00000018b4600000| Untracked 
|1443|0x00000018b4800000, 0x00000018b4a00000, 0x00000018b4a00000|100%| O|  |TAMS 0x00000018b4800000, 0x00000018b4800000| Untracked 
|1444|0x00000018b4a00000, 0x00000018b4c00000, 0x00000018b4c00000|100%| O|  |TAMS 0x00000018b4a00000, 0x00000018b4a00000| Untracked 
|1445|0x00000018b4c00000, 0x00000018b4e00000, 0x00000018b4e00000|100%| O|  |TAMS 0x00000018b4c00000, 0x00000018b4c00000| Untracked 
|1446|0x00000018b4e00000, 0x00000018b5000000, 0x00000018b5000000|100%| O|  |TAMS 0x00000018b4e00000, 0x00000018b4e00000| Untracked 
|1447|0x00000018b5000000, 0x00000018b5200000, 0x00000018b5200000|100%| O|  |TAMS 0x00000018b5000000, 0x00000018b5000000| Untracked 
|1448|0x00000018b5200000, 0x00000018b5400000, 0x00000018b5400000|100%| O|  |TAMS 0x00000018b5200000, 0x00000018b5200000| Untracked 
|1449|0x00000018b5400000, 0x00000018b5600000, 0x00000018b5600000|100%| O|  |TAMS 0x00000018b5400000, 0x00000018b5400000| Untracked 
|1450|0x00000018b5600000, 0x00000018b5800000, 0x00000018b5800000|100%| O|  |TAMS 0x00000018b5800000, 0x00000018b5600000| Untracked 
|1451|0x00000018b5800000, 0x00000018b5a00000, 0x00000018b5a00000|100%| O|  |TAMS 0x00000018b5a00000, 0x00000018b5800000| Untracked 
|1452|0x00000018b5a00000, 0x00000018b5c00000, 0x00000018b5c00000|100%| O|  |TAMS 0x00000018b5a00000, 0x00000018b5a00000| Untracked 
|1453|0x00000018b5c00000, 0x00000018b5e00000, 0x00000018b5e00000|100%| O|  |TAMS 0x00000018b5c00000, 0x00000018b5c00000| Untracked 
|1454|0x00000018b5e00000, 0x00000018b6000000, 0x00000018b6000000|100%| O|  |TAMS 0x00000018b5e00000, 0x00000018b5e00000| Untracked 
|1455|0x00000018b6000000, 0x00000018b6200000, 0x00000018b6200000|100%| O|  |TAMS 0x00000018b6000000, 0x00000018b6000000| Untracked 
|1456|0x00000018b6200000, 0x00000018b6400000, 0x00000018b6400000|100%| O|  |TAMS 0x00000018b6200000, 0x00000018b6200000| Untracked 
|1457|0x00000018b6400000, 0x00000018b6600000, 0x00000018b6600000|100%| O|  |TAMS 0x00000018b6400000, 0x00000018b6400000| Untracked 
|1458|0x00000018b6600000, 0x00000018b6800000, 0x00000018b6800000|100%|HS|  |TAMS 0x00000018b6600000, 0x00000018b6600000| Complete 
|1459|0x00000018b6800000, 0x00000018b6a00000, 0x00000018b6a00000|100%|HC|  |TAMS 0x00000018b6800000, 0x00000018b6800000| Complete 
|1460|0x00000018b6a00000, 0x00000018b6c00000, 0x00000018b6c00000|100%|HC|  |TAMS 0x00000018b6a00000, 0x00000018b6a00000| Complete 
|1461|0x00000018b6c00000, 0x00000018b6e00000, 0x00000018b6e00000|100%| O|  |TAMS 0x00000018b6c00000, 0x00000018b6c00000| Untracked 
|1462|0x00000018b6e00000, 0x00000018b7000000, 0x00000018b7000000|100%| O|  |TAMS 0x00000018b6e00000, 0x00000018b6e00000| Untracked 
|1463|0x00000018b7000000, 0x00000018b7200000, 0x00000018b7200000|100%| O|  |TAMS 0x00000018b7000000, 0x00000018b7000000| Untracked 
|1464|0x00000018b7200000, 0x00000018b7400000, 0x00000018b7400000|100%| O|  |TAMS 0x00000018b7200000, 0x00000018b7200000| Untracked 
|1465|0x00000018b7400000, 0x00000018b7600000, 0x00000018b7600000|100%| O|  |TAMS 0x00000018b7400000, 0x00000018b7400000| Untracked 
|1466|0x00000018b7600000, 0x00000018b7800000, 0x00000018b7800000|100%|HS|  |TAMS 0x00000018b7600000, 0x00000018b7600000| Complete 
|1467|0x00000018b7800000, 0x00000018b7a00000, 0x00000018b7a00000|100%| O|  |TAMS 0x00000018b7800000, 0x00000018b7800000| Untracked 
|1468|0x00000018b7a00000, 0x00000018b7c00000, 0x00000018b7c00000|100%| O|  |TAMS 0x00000018b7a00000, 0x00000018b7a00000| Untracked 
|1469|0x00000018b7c00000, 0x00000018b7e00000, 0x00000018b7e00000|100%|HS|  |TAMS 0x00000018b7c00000, 0x00000018b7c00000| Complete 
|1470|0x00000018b7e00000, 0x00000018b8000000, 0x00000018b8000000|100%|HC|  |TAMS 0x00000018b7e00000, 0x00000018b7e00000| Complete 
|1471|0x00000018b8000000, 0x00000018b8200000, 0x00000018b8200000|100%|HC|  |TAMS 0x00000018b8000000, 0x00000018b8000000| Complete 
|1472|0x00000018b8200000, 0x00000018b8400000, 0x00000018b8400000|100%| O|  |TAMS 0x00000018b8200000, 0x00000018b8200000| Untracked 
|1473|0x00000018b8400000, 0x00000018b8600000, 0x00000018b8600000|100%| O|  |TAMS 0x00000018b8400000, 0x00000018b8400000| Untracked 
|1474|0x00000018b8600000, 0x00000018b8800000, 0x00000018b8800000|100%| O|  |TAMS 0x00000018b8600000, 0x00000018b8600000| Untracked 
|1475|0x00000018b8800000, 0x00000018b8a00000, 0x00000018b8a00000|100%| O|  |TAMS 0x00000018b8800000, 0x00000018b8800000| Untracked 
|1476|0x00000018b8a00000, 0x00000018b8c00000, 0x00000018b8c00000|100%| O|  |TAMS 0x00000018b8a00000, 0x00000018b8a00000| Untracked 
|1477|0x00000018b8c00000, 0x00000018b8e00000, 0x00000018b8e00000|100%| O|  |TAMS 0x00000018b8c00000, 0x00000018b8c00000| Untracked 
|1478|0x00000018b8e00000, 0x00000018b9000000, 0x00000018b9000000|100%| O|  |TAMS 0x00000018b8e00000, 0x00000018b8e00000| Untracked 
|1479|0x00000018b9000000, 0x00000018b9200000, 0x00000018b9200000|100%|HS|  |TAMS 0x00000018b9000000, 0x00000018b9000000| Complete 
|1480|0x00000018b9200000, 0x00000018b9400000, 0x00000018b9400000|100%|HC|  |TAMS 0x00000018b9200000, 0x00000018b9200000| Complete 
|1481|0x00000018b9400000, 0x00000018b9600000, 0x00000018b9600000|100%|HC|  |TAMS 0x00000018b9400000, 0x00000018b9400000| Complete 
|1482|0x00000018b9600000, 0x00000018b9600000, 0x00000018b9800000|  0%| F|  |TAMS 0x00000018b9600000, 0x00000018b9600000| Untracked 
|1483|0x00000018b9800000, 0x00000018b9800000, 0x00000018b9a00000|  0%| F|  |TAMS 0x00000018b9800000, 0x00000018b9800000| Untracked 
|1484|0x00000018b9a00000, 0x00000018b9a00000, 0x00000018b9c00000|  0%| F|  |TAMS 0x00000018b9a00000, 0x00000018b9a00000| Untracked 
|1485|0x00000018b9c00000, 0x00000018b9c00000, 0x00000018b9e00000|  0%| F|  |TAMS 0x00000018b9c00000, 0x00000018b9c00000| Untracked 
|1486|0x00000018b9e00000, 0x00000018b9e00000, 0x00000018ba000000|  0%| F|  |TAMS 0x00000018b9e00000, 0x00000018b9e00000| Untracked 
|1487|0x00000018ba000000, 0x00000018ba000000, 0x00000018ba200000|  0%| F|  |TAMS 0x00000018ba000000, 0x00000018ba000000| Untracked 
|1488|0x00000018ba200000, 0x00000018ba200000, 0x00000018ba400000|  0%| F|  |TAMS 0x00000018ba200000, 0x00000018ba200000| Untracked 
|1489|0x00000018ba400000, 0x00000018ba400000, 0x00000018ba600000|  0%| F|  |TAMS 0x00000018ba400000, 0x00000018ba400000| Untracked 
|1490|0x00000018ba600000, 0x00000018ba800000, 0x00000018ba800000|100%| O|  |TAMS 0x00000018ba600000, 0x00000018ba600000| Untracked 
|1491|0x00000018ba800000, 0x00000018baa00000, 0x00000018baa00000|100%|HS|  |TAMS 0x00000018ba800000, 0x00000018ba800000| Complete 
|1492|0x00000018baa00000, 0x00000018bac00000, 0x00000018bac00000|100%|HC|  |TAMS 0x00000018baa00000, 0x00000018baa00000| Complete 
|1493|0x00000018bac00000, 0x00000018bae00000, 0x00000018bae00000|100%|HC|  |TAMS 0x00000018bac00000, 0x00000018bac00000| Complete 
|1494|0x00000018bae00000, 0x00000018bb000000, 0x00000018bb000000|100%|HS|  |TAMS 0x00000018bae00000, 0x00000018bae00000| Complete 
|1495|0x00000018bb000000, 0x00000018bb200000, 0x00000018bb200000|100%|HC|  |TAMS 0x00000018bb000000, 0x00000018bb000000| Complete 
|1496|0x00000018bb200000, 0x00000018bb400000, 0x00000018bb400000|100%|HC|  |TAMS 0x00000018bb200000, 0x00000018bb200000| Complete 
|1497|0x00000018bb400000, 0x00000018bb600000, 0x00000018bb600000|100%| O|  |TAMS 0x00000018bb400000, 0x00000018bb400000| Untracked 
|1498|0x00000018bb600000, 0x00000018bb800000, 0x00000018bb800000|100%| O|  |TAMS 0x00000018bb600000, 0x00000018bb600000| Untracked 
|1499|0x00000018bb800000, 0x00000018bba00000, 0x00000018bba00000|100%| O|  |TAMS 0x00000018bb800000, 0x00000018bb800000| Untracked 
|1500|0x00000018bba00000, 0x00000018bbc00000, 0x00000018bbc00000|100%| O|  |TAMS 0x00000018bba00000, 0x00000018bba00000| Untracked 
|1501|0x00000018bbc00000, 0x00000018bbc00000, 0x00000018bbe00000|  0%| F|  |TAMS 0x00000018bbc00000, 0x00000018bbc00000| Untracked 
|1502|0x00000018bbe00000, 0x00000018bbe00000, 0x00000018bc000000|  0%| F|  |TAMS 0x00000018bbe00000, 0x00000018bbe00000| Untracked 
|1503|0x00000018bc000000, 0x00000018bc200000, 0x00000018bc200000|100%| O|  |TAMS 0x00000018bc000000, 0x00000018bc000000| Untracked 
|1504|0x00000018bc200000, 0x00000018bc400000, 0x00000018bc400000|100%| O|  |TAMS 0x00000018bc200000, 0x00000018bc200000| Untracked 
|1505|0x00000018bc400000, 0x00000018bc600000, 0x00000018bc600000|100%| O|  |TAMS 0x00000018bc400000, 0x00000018bc400000| Untracked 
|1506|0x00000018bc600000, 0x00000018bc800000, 0x00000018bc800000|100%| O|  |TAMS 0x00000018bc600000, 0x00000018bc600000| Untracked 
|1507|0x00000018bc800000, 0x00000018bca00000, 0x00000018bca00000|100%| O|  |TAMS 0x00000018bc800000, 0x00000018bc800000| Untracked 
|1508|0x00000018bca00000, 0x00000018bcc00000, 0x00000018bcc00000|100%| O|  |TAMS 0x00000018bca00000, 0x00000018bca00000| Untracked 
|1509|0x00000018bcc00000, 0x00000018bce00000, 0x00000018bce00000|100%| O|  |TAMS 0x00000018bcc00000, 0x00000018bcc00000| Untracked 
|1510|0x00000018bce00000, 0x00000018bd000000, 0x00000018bd000000|100%| O|  |TAMS 0x00000018bce00000, 0x00000018bce00000| Untracked 
|1511|0x00000018bd000000, 0x00000018bd200000, 0x00000018bd200000|100%| O|  |TAMS 0x00000018bd000000, 0x00000018bd000000| Untracked 
|1512|0x00000018bd200000, 0x00000018bd400000, 0x00000018bd400000|100%| O|  |TAMS 0x00000018bd200000, 0x00000018bd200000| Untracked 
|1513|0x00000018bd400000, 0x00000018bd600000, 0x00000018bd600000|100%| O|  |TAMS 0x00000018bd400000, 0x00000018bd400000| Untracked 
|1514|0x00000018bd600000, 0x00000018bd800000, 0x00000018bd800000|100%| O|  |TAMS 0x00000018bd600000, 0x00000018bd600000| Untracked 
|1515|0x00000018bd800000, 0x00000018bda00000, 0x00000018bda00000|100%| O|  |TAMS 0x00000018bd800000, 0x00000018bd800000| Untracked 
|1516|0x00000018bda00000, 0x00000018bdc00000, 0x00000018bdc00000|100%| O|  |TAMS 0x00000018bda00000, 0x00000018bda00000| Untracked 
|1517|0x00000018bdc00000, 0x00000018bde00000, 0x00000018bde00000|100%| O|  |TAMS 0x00000018bdc00000, 0x00000018bdc00000| Untracked 
|1518|0x00000018bde00000, 0x00000018be000000, 0x00000018be000000|100%| O|  |TAMS 0x00000018bde00000, 0x00000018bde00000| Untracked 
|1519|0x00000018be000000, 0x00000018be200000, 0x00000018be200000|100%| O|  |TAMS 0x00000018be000000, 0x00000018be000000| Untracked 
|1520|0x00000018be200000, 0x00000018be400000, 0x00000018be400000|100%| O|  |TAMS 0x00000018be200000, 0x00000018be200000| Untracked 
|1521|0x00000018be400000, 0x00000018be600000, 0x00000018be600000|100%| O|  |TAMS 0x00000018be400000, 0x00000018be400000| Untracked 
|1522|0x00000018be600000, 0x00000018be800000, 0x00000018be800000|100%| O|  |TAMS 0x00000018be600000, 0x00000018be600000| Untracked 
|1523|0x00000018be800000, 0x00000018bea00000, 0x00000018bea00000|100%| O|  |TAMS 0x00000018be800000, 0x00000018be800000| Untracked 
|1524|0x00000018bea00000, 0x00000018bec00000, 0x00000018bec00000|100%| O|  |TAMS 0x00000018bea00000, 0x00000018bea00000| Untracked 
|1525|0x00000018bec00000, 0x00000018bee00000, 0x00000018bee00000|100%| O|  |TAMS 0x00000018bec00000, 0x00000018bec00000| Untracked 
|1526|0x00000018bee00000, 0x00000018bf000000, 0x00000018bf000000|100%| O|  |TAMS 0x00000018bee00000, 0x00000018bee00000| Untracked 
|1527|0x00000018bf000000, 0x00000018bf200000, 0x00000018bf200000|100%| O|  |TAMS 0x00000018bf000000, 0x00000018bf000000| Untracked 
|1528|0x00000018bf200000, 0x00000018bf400000, 0x00000018bf400000|100%| O|  |TAMS 0x00000018bf200000, 0x00000018bf200000| Untracked 
|1529|0x00000018bf400000, 0x00000018bf600000, 0x00000018bf600000|100%| O|  |TAMS 0x00000018bf400000, 0x00000018bf400000| Untracked 
|1530|0x00000018bf600000, 0x00000018bf800000, 0x00000018bf800000|100%| O|  |TAMS 0x00000018bf600000, 0x00000018bf600000| Untracked 
|1531|0x00000018bf800000, 0x00000018bfa00000, 0x00000018bfa00000|100%| O|  |TAMS 0x00000018bf800000, 0x00000018bf800000| Untracked 
|1532|0x00000018bfa00000, 0x00000018bfc00000, 0x00000018bfc00000|100%| O|  |TAMS 0x00000018bfa00000, 0x00000018bfa00000| Untracked 
|1533|0x00000018bfc00000, 0x00000018bfe00000, 0x00000018bfe00000|100%| O|  |TAMS 0x00000018bfc00000, 0x00000018bfc00000| Untracked 
|1534|0x00000018bfe00000, 0x00000018c0000000, 0x00000018c0000000|100%| O|  |TAMS 0x00000018bfe00000, 0x00000018bfe00000| Untracked 
|1535|0x00000018c0000000, 0x00000018c0200000, 0x00000018c0200000|100%| O|  |TAMS 0x00000018c0000000, 0x00000018c0000000| Untracked 
|1536|0x00000018c0200000, 0x00000018c0400000, 0x00000018c0400000|100%| O|  |TAMS 0x00000018c0200000, 0x00000018c0200000| Untracked 
|1537|0x00000018c0400000, 0x00000018c0600000, 0x00000018c0600000|100%| O|  |TAMS 0x00000018c0400000, 0x00000018c0400000| Untracked 
|1538|0x00000018c0600000, 0x00000018c0800000, 0x00000018c0800000|100%| O|  |TAMS 0x00000018c0600000, 0x00000018c0600000| Untracked 
|1539|0x00000018c0800000, 0x00000018c0a00000, 0x00000018c0a00000|100%| O|  |TAMS 0x00000018c0800000, 0x00000018c0800000| Untracked 
|1540|0x00000018c0a00000, 0x00000018c0c00000, 0x00000018c0c00000|100%| O|  |TAMS 0x00000018c0a00000, 0x00000018c0a00000| Untracked 
|1541|0x00000018c0c00000, 0x00000018c0e00000, 0x00000018c0e00000|100%| O|  |TAMS 0x00000018c0c00000, 0x00000018c0c00000| Untracked 
|1542|0x00000018c0e00000, 0x00000018c1000000, 0x00000018c1000000|100%| O|  |TAMS 0x00000018c0e00000, 0x00000018c0e00000| Untracked 
|1543|0x00000018c1000000, 0x00000018c1200000, 0x00000018c1200000|100%| O|  |TAMS 0x00000018c1000000, 0x00000018c1000000| Untracked 
|1544|0x00000018c1200000, 0x00000018c1400000, 0x00000018c1400000|100%| O|  |TAMS 0x00000018c1200000, 0x00000018c1200000| Untracked 
|1545|0x00000018c1400000, 0x00000018c1600000, 0x00000018c1600000|100%| O|  |TAMS 0x00000018c1400000, 0x00000018c1400000| Untracked 
|1546|0x00000018c1600000, 0x00000018c1800000, 0x00000018c1800000|100%| O|  |TAMS 0x00000018c1600000, 0x00000018c1600000| Untracked 
|1547|0x00000018c1800000, 0x00000018c1a00000, 0x00000018c1a00000|100%| O|  |TAMS 0x00000018c1800000, 0x00000018c1800000| Untracked 
|1548|0x00000018c1a00000, 0x00000018c1c00000, 0x00000018c1c00000|100%| O|  |TAMS 0x00000018c1a00000, 0x00000018c1a00000| Untracked 
|1549|0x00000018c1c00000, 0x00000018c1e00000, 0x00000018c1e00000|100%| O|  |TAMS 0x00000018c1c00000, 0x00000018c1c00000| Untracked 
|1550|0x00000018c1e00000, 0x00000018c2000000, 0x00000018c2000000|100%| O|  |TAMS 0x00000018c1e00000, 0x00000018c1e00000| Untracked 
|1551|0x00000018c2000000, 0x00000018c2200000, 0x00000018c2200000|100%| O|  |TAMS 0x00000018c2000000, 0x00000018c2000000| Untracked 
|1552|0x00000018c2200000, 0x00000018c2400000, 0x00000018c2400000|100%| O|  |TAMS 0x00000018c2200000, 0x00000018c2200000| Untracked 
|1553|0x00000018c2400000, 0x00000018c2600000, 0x00000018c2600000|100%| O|  |TAMS 0x00000018c2400000, 0x00000018c2400000| Untracked 
|1554|0x00000018c2600000, 0x00000018c2800000, 0x00000018c2800000|100%| O|  |TAMS 0x00000018c2600000, 0x00000018c2600000| Untracked 
|1555|0x00000018c2800000, 0x00000018c2a00000, 0x00000018c2a00000|100%| O|  |TAMS 0x00000018c2800000, 0x00000018c2800000| Untracked 
|1556|0x00000018c2a00000, 0x00000018c2c00000, 0x00000018c2c00000|100%| O|  |TAMS 0x00000018c2a00000, 0x00000018c2a00000| Untracked 
|1557|0x00000018c2c00000, 0x00000018c2e00000, 0x00000018c2e00000|100%| O|  |TAMS 0x00000018c2c00000, 0x00000018c2c00000| Untracked 
|1558|0x00000018c2e00000, 0x00000018c3000000, 0x00000018c3000000|100%| O|  |TAMS 0x00000018c2e00000, 0x00000018c2e00000| Untracked 
|1559|0x00000018c3000000, 0x00000018c3200000, 0x00000018c3200000|100%| O|  |TAMS 0x00000018c3000000, 0x00000018c3000000| Untracked 
|1560|0x00000018c3200000, 0x00000018c3400000, 0x00000018c3400000|100%| O|  |TAMS 0x00000018c3200000, 0x00000018c3200000| Untracked 
|1561|0x00000018c3400000, 0x00000018c3600000, 0x00000018c3600000|100%| O|  |TAMS 0x00000018c3400000, 0x00000018c3400000| Untracked 
|1562|0x00000018c3600000, 0x00000018c3800000, 0x00000018c3800000|100%| O|  |TAMS 0x00000018c3600000, 0x00000018c3600000| Untracked 
|1563|0x00000018c3800000, 0x00000018c3a00000, 0x00000018c3a00000|100%| O|  |TAMS 0x00000018c3800000, 0x00000018c3800000| Untracked 
|1564|0x00000018c3a00000, 0x00000018c3c00000, 0x00000018c3c00000|100%|HS|  |TAMS 0x00000018c3a00000, 0x00000018c3a00000| Complete 
|1565|0x00000018c3c00000, 0x00000018c3e00000, 0x00000018c3e00000|100%|HC|  |TAMS 0x00000018c3c00000, 0x00000018c3c00000| Complete 
|1566|0x00000018c3e00000, 0x00000018c4000000, 0x00000018c4000000|100%|HC|  |TAMS 0x00000018c3e00000, 0x00000018c3e00000| Complete 
|1567|0x00000018c4000000, 0x00000018c4200000, 0x00000018c4200000|100%| O|  |TAMS 0x00000018c4000000, 0x00000018c4000000| Untracked 
|1568|0x00000018c4200000, 0x00000018c4400000, 0x00000018c4400000|100%| O|  |TAMS 0x00000018c4200000, 0x00000018c4200000| Untracked 
|1569|0x00000018c4400000, 0x00000018c4600000, 0x00000018c4600000|100%| O|  |TAMS 0x00000018c4400000, 0x00000018c4400000| Untracked 
|1570|0x00000018c4600000, 0x00000018c4800000, 0x00000018c4800000|100%| O|  |TAMS 0x00000018c4600000, 0x00000018c4600000| Untracked 
|1571|0x00000018c4800000, 0x00000018c4a00000, 0x00000018c4a00000|100%| O|  |TAMS 0x00000018c4800000, 0x00000018c4800000| Untracked 
|1572|0x00000018c4a00000, 0x00000018c4c00000, 0x00000018c4c00000|100%| O|  |TAMS 0x00000018c4a00000, 0x00000018c4a00000| Untracked 
|1573|0x00000018c4c00000, 0x00000018c4e00000, 0x00000018c4e00000|100%| O|  |TAMS 0x00000018c4c00000, 0x00000018c4c00000| Untracked 
|1574|0x00000018c4e00000, 0x00000018c5000000, 0x00000018c5000000|100%| O|  |TAMS 0x00000018c4e00000, 0x00000018c4e00000| Untracked 
|1575|0x00000018c5000000, 0x00000018c5200000, 0x00000018c5200000|100%| O|  |TAMS 0x00000018c5000000, 0x00000018c5000000| Untracked 
|1576|0x00000018c5200000, 0x00000018c5400000, 0x00000018c5400000|100%|HS|  |TAMS 0x00000018c5200000, 0x00000018c5200000| Complete 
|1577|0x00000018c5400000, 0x00000018c5600000, 0x00000018c5600000|100%|HC|  |TAMS 0x00000018c5400000, 0x00000018c5400000| Complete 
|1578|0x00000018c5600000, 0x00000018c5800000, 0x00000018c5800000|100%|HC|  |TAMS 0x00000018c5600000, 0x00000018c5600000| Complete 
|1579|0x00000018c5800000, 0x00000018c5a00000, 0x00000018c5a00000|100%| O|  |TAMS 0x00000018c5800000, 0x00000018c5800000| Untracked 
|1580|0x00000018c5a00000, 0x00000018c5c00000, 0x00000018c5c00000|100%| O|  |TAMS 0x00000018c5a00000, 0x00000018c5a00000| Untracked 
|1581|0x00000018c5c00000, 0x00000018c5e00000, 0x00000018c5e00000|100%| O|  |TAMS 0x00000018c5c00000, 0x00000018c5c00000| Untracked 
|1582|0x00000018c5e00000, 0x00000018c6000000, 0x00000018c6000000|100%| O|  |TAMS 0x00000018c5e00000, 0x00000018c5e00000| Untracked 
|1583|0x00000018c6000000, 0x00000018c6200000, 0x00000018c6200000|100%| O|  |TAMS 0x00000018c6000000, 0x00000018c6000000| Untracked 
|1584|0x00000018c6200000, 0x00000018c6400000, 0x00000018c6400000|100%| O|  |TAMS 0x00000018c6200000, 0x00000018c6200000| Untracked 
|1585|0x00000018c6400000, 0x00000018c6600000, 0x00000018c6600000|100%|HS|  |TAMS 0x00000018c6400000, 0x00000018c6400000| Complete 
|1586|0x00000018c6600000, 0x00000018c6800000, 0x00000018c6800000|100%|HC|  |TAMS 0x00000018c6600000, 0x00000018c6600000| Complete 
|1587|0x00000018c6800000, 0x00000018c6a00000, 0x00000018c6a00000|100%|HC|  |TAMS 0x00000018c6800000, 0x00000018c6800000| Complete 
|1588|0x00000018c6a00000, 0x00000018c6c00000, 0x00000018c6c00000|100%| O|  |TAMS 0x00000018c6a00000, 0x00000018c6a00000| Untracked 
|1589|0x00000018c6c00000, 0x00000018c6e00000, 0x00000018c6e00000|100%| O|  |TAMS 0x00000018c6c00000, 0x00000018c6c00000| Untracked 
|1590|0x00000018c6e00000, 0x00000018c7000000, 0x00000018c7000000|100%|HS|  |TAMS 0x00000018c6e00000, 0x00000018c6e00000| Complete 
|1591|0x00000018c7000000, 0x00000018c7200000, 0x00000018c7200000|100%| O|  |TAMS 0x00000018c7000000, 0x00000018c7000000| Untracked 
|1592|0x00000018c7200000, 0x00000018c7400000, 0x00000018c7400000|100%| O|  |TAMS 0x00000018c7200000, 0x00000018c7200000| Untracked 
|1593|0x00000018c7400000, 0x00000018c7600000, 0x00000018c7600000|100%| O|  |TAMS 0x00000018c7400000, 0x00000018c7400000| Untracked 
|1594|0x00000018c7600000, 0x00000018c7800000, 0x00000018c7800000|100%| O|  |TAMS 0x00000018c7600000, 0x00000018c7600000| Untracked 
|1595|0x00000018c7800000, 0x00000018c7a00000, 0x00000018c7a00000|100%| O|  |TAMS 0x00000018c7800000, 0x00000018c7800000| Untracked 
|1596|0x00000018c7a00000, 0x00000018c7c00000, 0x00000018c7c00000|100%| O|  |TAMS 0x00000018c7a00000, 0x00000018c7a00000| Untracked 
|1597|0x00000018c7c00000, 0x00000018c7e00000, 0x00000018c7e00000|100%| O|  |TAMS 0x00000018c7c00000, 0x00000018c7c00000| Untracked 
|1598|0x00000018c7e00000, 0x00000018c8000000, 0x00000018c8000000|100%| O|  |TAMS 0x00000018c7e00000, 0x00000018c7e00000| Untracked 
|1599|0x00000018c8000000, 0x00000018c8200000, 0x00000018c8200000|100%| O|  |TAMS 0x00000018c8000000, 0x00000018c8000000| Untracked 
|1600|0x00000018c8200000, 0x00000018c8400000, 0x00000018c8400000|100%| O|  |TAMS 0x00000018c8200000, 0x00000018c8200000| Untracked 
|1601|0x00000018c8400000, 0x00000018c8600000, 0x00000018c8600000|100%| O|  |TAMS 0x00000018c8400000, 0x00000018c8400000| Untracked 
|1602|0x00000018c8600000, 0x00000018c8800000, 0x00000018c8800000|100%| O|  |TAMS 0x00000018c8600000, 0x00000018c8600000| Untracked 
|1603|0x00000018c8800000, 0x00000018c8a00000, 0x00000018c8a00000|100%| O|  |TAMS 0x00000018c8800000, 0x00000018c8800000| Untracked 
|1604|0x00000018c8a00000, 0x00000018c8c00000, 0x00000018c8c00000|100%| O|  |TAMS 0x00000018c8a00000, 0x00000018c8a00000| Untracked 
|1605|0x00000018c8c00000, 0x00000018c8e00000, 0x00000018c8e00000|100%| O|  |TAMS 0x00000018c8c00000, 0x00000018c8c00000| Untracked 
|1606|0x00000018c8e00000, 0x00000018c9000000, 0x00000018c9000000|100%|HS|  |TAMS 0x00000018c8e00000, 0x00000018c8e00000| Complete 
|1607|0x00000018c9000000, 0x00000018c9200000, 0x00000018c9200000|100%| O|  |TAMS 0x00000018c9000000, 0x00000018c9000000| Untracked 
|1608|0x00000018c9200000, 0x00000018c9400000, 0x00000018c9400000|100%| O|  |TAMS 0x00000018c9200000, 0x00000018c9200000| Untracked 
|1609|0x00000018c9400000, 0x00000018c9600000, 0x00000018c9600000|100%| O|  |TAMS 0x00000018c9400000, 0x00000018c9400000| Untracked 
|1610|0x00000018c9600000, 0x00000018c9800000, 0x00000018c9800000|100%| O|  |TAMS 0x00000018c9600000, 0x00000018c9600000| Untracked 
|1611|0x00000018c9800000, 0x00000018c9a00000, 0x00000018c9a00000|100%| O|  |TAMS 0x00000018c9800000, 0x00000018c9800000| Untracked 
|1612|0x00000018c9a00000, 0x00000018c9c00000, 0x00000018c9c00000|100%| O|  |TAMS 0x00000018c9a00000, 0x00000018c9a00000| Untracked 
|1613|0x00000018c9c00000, 0x00000018c9e00000, 0x00000018c9e00000|100%| O|  |TAMS 0x00000018c9c00000, 0x00000018c9c00000| Untracked 
|1614|0x00000018c9e00000, 0x00000018ca000000, 0x00000018ca000000|100%| O|  |TAMS 0x00000018c9e00000, 0x00000018c9e00000| Untracked 
|1615|0x00000018ca000000, 0x00000018ca200000, 0x00000018ca200000|100%| O|  |TAMS 0x00000018ca000000, 0x00000018ca000000| Untracked 
|1616|0x00000018ca200000, 0x00000018ca400000, 0x00000018ca400000|100%| O|  |TAMS 0x00000018ca200000, 0x00000018ca200000| Untracked 
|1617|0x00000018ca400000, 0x00000018ca600000, 0x00000018ca600000|100%| O|  |TAMS 0x00000018ca400000, 0x00000018ca400000| Untracked 
|1618|0x00000018ca600000, 0x00000018ca800000, 0x00000018ca800000|100%| O|  |TAMS 0x00000018ca600000, 0x00000018ca600000| Untracked 
|1619|0x00000018ca800000, 0x00000018caa00000, 0x00000018caa00000|100%| O|  |TAMS 0x00000018ca800000, 0x00000018ca800000| Untracked 
|1620|0x00000018caa00000, 0x00000018cac00000, 0x00000018cac00000|100%| O|  |TAMS 0x00000018caa00000, 0x00000018caa00000| Untracked 
|1621|0x00000018cac00000, 0x00000018cae00000, 0x00000018cae00000|100%| O|  |TAMS 0x00000018cac00000, 0x00000018cac00000| Untracked 
|1622|0x00000018cae00000, 0x00000018cb000000, 0x00000018cb000000|100%| O|  |TAMS 0x00000018cae00000, 0x00000018cae00000| Untracked 
|1623|0x00000018cb000000, 0x00000018cb200000, 0x00000018cb200000|100%| O|  |TAMS 0x00000018cb000000, 0x00000018cb000000| Untracked 
|1624|0x00000018cb200000, 0x00000018cb400000, 0x00000018cb400000|100%| O|  |TAMS 0x00000018cb200000, 0x00000018cb200000| Untracked 
|1625|0x00000018cb400000, 0x00000018cb600000, 0x00000018cb600000|100%| O|  |TAMS 0x00000018cb400000, 0x00000018cb400000| Untracked 
|1626|0x00000018cb600000, 0x00000018cb800000, 0x00000018cb800000|100%| O|  |TAMS 0x00000018cb600000, 0x00000018cb600000| Untracked 
|1627|0x00000018cb800000, 0x00000018cba00000, 0x00000018cba00000|100%| O|  |TAMS 0x00000018cb800000, 0x00000018cb800000| Untracked 
|1628|0x00000018cba00000, 0x00000018cbc00000, 0x00000018cbc00000|100%| O|  |TAMS 0x00000018cba00000, 0x00000018cba00000| Untracked 
|1629|0x00000018cbc00000, 0x00000018cbe00000, 0x00000018cbe00000|100%| O|  |TAMS 0x00000018cbc00000, 0x00000018cbc00000| Untracked 
|1630|0x00000018cbe00000, 0x00000018cc000000, 0x00000018cc000000|100%| O|  |TAMS 0x00000018cbe00000, 0x00000018cbe00000| Untracked 
|1631|0x00000018cc000000, 0x00000018cc200000, 0x00000018cc200000|100%| O|  |TAMS 0x00000018cc000000, 0x00000018cc000000| Untracked 
|1632|0x00000018cc200000, 0x00000018cc400000, 0x00000018cc400000|100%| O|  |TAMS 0x00000018cc200000, 0x00000018cc200000| Untracked 
|1633|0x00000018cc400000, 0x00000018cc600000, 0x00000018cc600000|100%| O|  |TAMS 0x00000018cc400000, 0x00000018cc400000| Untracked 
|1634|0x00000018cc600000, 0x00000018cc800000, 0x00000018cc800000|100%| O|  |TAMS 0x00000018cc600000, 0x00000018cc600000| Untracked 
|1635|0x00000018cc800000, 0x00000018cca00000, 0x00000018cca00000|100%| O|  |TAMS 0x00000018cc800000, 0x00000018cc800000| Untracked 
|1636|0x00000018cca00000, 0x00000018ccc00000, 0x00000018ccc00000|100%| O|  |TAMS 0x00000018cca00000, 0x00000018cca00000| Untracked 
|1637|0x00000018ccc00000, 0x00000018cce00000, 0x00000018cce00000|100%| O|  |TAMS 0x00000018ccc00000, 0x00000018ccc00000| Untracked 
|1638|0x00000018cce00000, 0x00000018cd000000, 0x00000018cd000000|100%| O|  |TAMS 0x00000018cce00000, 0x00000018cce00000| Untracked 
|1639|0x00000018cd000000, 0x00000018cd200000, 0x00000018cd200000|100%|HS|  |TAMS 0x00000018cd000000, 0x00000018cd000000| Complete 
|1640|0x00000018cd200000, 0x00000018cd400000, 0x00000018cd400000|100%| O|  |TAMS 0x00000018cd200000, 0x00000018cd200000| Untracked 
|1641|0x00000018cd400000, 0x00000018cd600000, 0x00000018cd600000|100%| O|  |TAMS 0x00000018cd400000, 0x00000018cd400000| Untracked 
|1642|0x00000018cd600000, 0x00000018cd800000, 0x00000018cd800000|100%| O|  |TAMS 0x00000018cd600000, 0x00000018cd600000| Untracked 
|1643|0x00000018cd800000, 0x00000018cda00000, 0x00000018cda00000|100%| O|  |TAMS 0x00000018cd800000, 0x00000018cd800000| Untracked 
|1644|0x00000018cda00000, 0x00000018cdc00000, 0x00000018cdc00000|100%| O|  |TAMS 0x00000018cda00000, 0x00000018cda00000| Untracked 
|1645|0x00000018cdc00000, 0x00000018cde00000, 0x00000018cde00000|100%| O|  |TAMS 0x00000018cdc00000, 0x00000018cdc00000| Untracked 
|1646|0x00000018cde00000, 0x00000018ce000000, 0x00000018ce000000|100%| O|  |TAMS 0x00000018cde00000, 0x00000018cde00000| Untracked 
|1647|0x00000018ce000000, 0x00000018ce200000, 0x00000018ce200000|100%| O|  |TAMS 0x00000018ce200000, 0x00000018ce000000| Untracked 
|1648|0x00000018ce200000, 0x00000018ce400000, 0x00000018ce400000|100%| O|  |TAMS 0x00000018ce200000, 0x00000018ce200000| Untracked 
|1649|0x00000018ce400000, 0x00000018ce600000, 0x00000018ce600000|100%| O|  |TAMS 0x00000018ce600000, 0x00000018ce400000| Untracked 
|1650|0x00000018ce600000, 0x00000018ce800000, 0x00000018ce800000|100%| O|  |TAMS 0x00000018ce800000, 0x00000018ce600000| Untracked 
|1651|0x00000018ce800000, 0x00000018cea00000, 0x00000018cea00000|100%| O|  |TAMS 0x00000018ce800000, 0x00000018ce800000| Untracked 
|1652|0x00000018cea00000, 0x00000018cec00000, 0x00000018cec00000|100%| O|  |TAMS 0x00000018cea00000, 0x00000018cea00000| Untracked 
|1653|0x00000018cec00000, 0x00000018cee00000, 0x00000018cee00000|100%| O|  |TAMS 0x00000018cec00000, 0x00000018cec00000| Untracked 
|1654|0x00000018cee00000, 0x00000018cf000000, 0x00000018cf000000|100%| O|  |TAMS 0x00000018cee00000, 0x00000018cee00000| Untracked 
|1655|0x00000018cf000000, 0x00000018cf200000, 0x00000018cf200000|100%|HS|  |TAMS 0x00000018cf000000, 0x00000018cf000000| Complete 
|1656|0x00000018cf200000, 0x00000018cf400000, 0x00000018cf400000|100%|HC|  |TAMS 0x00000018cf200000, 0x00000018cf200000| Complete 
|1657|0x00000018cf400000, 0x00000018cf600000, 0x00000018cf600000|100%|HC|  |TAMS 0x00000018cf400000, 0x00000018cf400000| Complete 
|1658|0x00000018cf600000, 0x00000018cf800000, 0x00000018cf800000|100%| O|  |TAMS 0x00000018cf600000, 0x00000018cf600000| Untracked 
|1659|0x00000018cf800000, 0x00000018cfa00000, 0x00000018cfa00000|100%| O|  |TAMS 0x00000018cf800000, 0x00000018cf800000| Untracked 
|1660|0x00000018cfa00000, 0x00000018cfc00000, 0x00000018cfc00000|100%| O|  |TAMS 0x00000018cfa00000, 0x00000018cfa00000| Untracked 
|1661|0x00000018cfc00000, 0x00000018cfe00000, 0x00000018cfe00000|100%| O|  |TAMS 0x00000018cfc00000, 0x00000018cfc00000| Untracked 
|1662|0x00000018cfe00000, 0x00000018d0000000, 0x00000018d0000000|100%| O|  |TAMS 0x00000018cfe00000, 0x00000018cfe00000| Untracked 
|1663|0x00000018d0000000, 0x00000018d0200000, 0x00000018d0200000|100%| O|  |TAMS 0x00000018d0000000, 0x00000018d0000000| Untracked 
|1664|0x00000018d0200000, 0x00000018d0400000, 0x00000018d0400000|100%| O|  |TAMS 0x00000018d0200000, 0x00000018d0200000| Untracked 
|1665|0x00000018d0400000, 0x00000018d0400000, 0x00000018d0600000|  0%| F|  |TAMS 0x00000018d0400000, 0x00000018d0400000| Untracked 
|1666|0x00000018d0600000, 0x00000018d0600000, 0x00000018d0800000|  0%| F|  |TAMS 0x00000018d0600000, 0x00000018d0600000| Untracked 
|1667|0x00000018d0800000, 0x00000018d0800000, 0x00000018d0a00000|  0%| F|  |TAMS 0x00000018d0800000, 0x00000018d0800000| Untracked 
|1668|0x00000018d0a00000, 0x00000018d0a00000, 0x00000018d0c00000|  0%| F|  |TAMS 0x00000018d0a00000, 0x00000018d0a00000| Untracked 
|1669|0x00000018d0c00000, 0x00000018d0e00000, 0x00000018d0e00000|100%|HS|  |TAMS 0x00000018d0c00000, 0x00000018d0c00000| Complete 
|1670|0x00000018d0e00000, 0x00000018d1000000, 0x00000018d1000000|100%|HC|  |TAMS 0x00000018d0e00000, 0x00000018d0e00000| Complete 
|1671|0x00000018d1000000, 0x00000018d1200000, 0x00000018d1200000|100%|HC|  |TAMS 0x00000018d1000000, 0x00000018d1000000| Complete 
|1672|0x00000018d1200000, 0x00000018d1200000, 0x00000018d1400000|  0%| F|  |TAMS 0x00000018d1200000, 0x00000018d1200000| Untracked 
|1673|0x00000018d1400000, 0x00000018d1400000, 0x00000018d1600000|  0%| F|  |TAMS 0x00000018d1400000, 0x00000018d1400000| Untracked 
|1674|0x00000018d1600000, 0x00000018d1600000, 0x00000018d1800000|  0%| F|  |TAMS 0x00000018d1600000, 0x00000018d1600000| Untracked 
|1675|0x00000018d1800000, 0x00000018d1800000, 0x00000018d1a00000|  0%| F|  |TAMS 0x00000018d1800000, 0x00000018d1800000| Untracked 
|1676|0x00000018d1a00000, 0x00000018d1a00000, 0x00000018d1c00000|  0%| F|  |TAMS 0x00000018d1a00000, 0x00000018d1a00000| Untracked 
|1677|0x00000018d1c00000, 0x00000018d1c00000, 0x00000018d1e00000|  0%| F|  |TAMS 0x00000018d1c00000, 0x00000018d1c00000| Untracked 
|1678|0x00000018d1e00000, 0x00000018d1e00000, 0x00000018d2000000|  0%| F|  |TAMS 0x00000018d1e00000, 0x00000018d1e00000| Untracked 
|1679|0x00000018d2000000, 0x00000018d2000000, 0x00000018d2200000|  0%| F|  |TAMS 0x00000018d2000000, 0x00000018d2000000| Untracked 
|1680|0x00000018d2200000, 0x00000018d2200000, 0x00000018d2400000|  0%| F|  |TAMS 0x00000018d2200000, 0x00000018d2200000| Untracked 
|1681|0x00000018d2400000, 0x00000018d2400000, 0x00000018d2600000|  0%| F|  |TAMS 0x00000018d2400000, 0x00000018d2400000| Untracked 
|1682|0x00000018d2600000, 0x00000018d2600000, 0x00000018d2800000|  0%| F|  |TAMS 0x00000018d2600000, 0x00000018d2600000| Untracked 
|1683|0x00000018d2800000, 0x00000018d2800000, 0x00000018d2a00000|  0%| F|  |TAMS 0x00000018d2800000, 0x00000018d2800000| Untracked 
|1684|0x00000018d2a00000, 0x00000018d2a00000, 0x00000018d2c00000|  0%| F|  |TAMS 0x00000018d2a00000, 0x00000018d2a00000| Untracked 
|1685|0x00000018d2c00000, 0x00000018d2c00000, 0x00000018d2e00000|  0%| F|  |TAMS 0x00000018d2c00000, 0x00000018d2c00000| Untracked 
|1686|0x00000018d2e00000, 0x00000018d2e00000, 0x00000018d3000000|  0%| F|  |TAMS 0x00000018d2e00000, 0x00000018d2e00000| Untracked 
|1687|0x00000018d3000000, 0x00000018d3000000, 0x00000018d3200000|  0%| F|  |TAMS 0x00000018d3000000, 0x00000018d3000000| Untracked 
|1688|0x00000018d3200000, 0x00000018d3400000, 0x00000018d3400000|100%|HS|  |TAMS 0x00000018d3200000, 0x00000018d3200000| Complete 
|1689|0x00000018d3400000, 0x00000018d3600000, 0x00000018d3600000|100%|HC|  |TAMS 0x00000018d3400000, 0x00000018d3400000| Complete 
|1690|0x00000018d3600000, 0x00000018d3800000, 0x00000018d3800000|100%|HC|  |TAMS 0x00000018d3600000, 0x00000018d3600000| Complete 
|1691|0x00000018d3800000, 0x00000018d3a00000, 0x00000018d3a00000|100%| O|  |TAMS 0x00000018d3800000, 0x00000018d3800000| Untracked 
|1692|0x00000018d3a00000, 0x00000018d3c00000, 0x00000018d3c00000|100%| O|  |TAMS 0x00000018d3a00000, 0x00000018d3a00000| Untracked 
|1693|0x00000018d3c00000, 0x00000018d3e00000, 0x00000018d3e00000|100%| O|  |TAMS 0x00000018d3c00000, 0x00000018d3c00000| Untracked 
|1694|0x00000018d3e00000, 0x00000018d4000000, 0x00000018d4000000|100%| O|  |TAMS 0x00000018d3e00000, 0x00000018d3e00000| Untracked 
|1695|0x00000018d4000000, 0x00000018d4200000, 0x00000018d4200000|100%| O|  |TAMS 0x00000018d4200000, 0x00000018d4000000| Untracked 
|1696|0x00000018d4200000, 0x00000018d4400000, 0x00000018d4400000|100%| O|  |TAMS 0x00000018d4200000, 0x00000018d4200000| Untracked 
|1697|0x00000018d4400000, 0x00000018d4600000, 0x00000018d4600000|100%| O|  |TAMS 0x00000018d4400000, 0x00000018d4400000| Untracked 
|1698|0x00000018d4600000, 0x00000018d4800000, 0x00000018d4800000|100%| O|  |TAMS 0x00000018d4600000, 0x00000018d4600000| Untracked 
|1699|0x00000018d4800000, 0x00000018d4a00000, 0x00000018d4a00000|100%| O|  |TAMS 0x00000018d4a00000, 0x00000018d4800000| Untracked 
|1700|0x00000018d4a00000, 0x00000018d4c00000, 0x00000018d4c00000|100%| O|  |TAMS 0x00000018d4c00000, 0x00000018d4a00000| Untracked 
|1701|0x00000018d4c00000, 0x00000018d4e00000, 0x00000018d4e00000|100%| O|  |TAMS 0x00000018d4e00000, 0x00000018d4c00000| Untracked 
|1702|0x00000018d4e00000, 0x00000018d5000000, 0x00000018d5000000|100%| O|  |TAMS 0x00000018d5000000, 0x00000018d4e00000| Untracked 
|1703|0x00000018d5000000, 0x00000018d5200000, 0x00000018d5200000|100%| O|  |TAMS 0x00000018d5000000, 0x00000018d5000000| Untracked 
|1704|0x00000018d5200000, 0x00000018d5200000, 0x00000018d5400000|  0%| F|  |TAMS 0x00000018d5200000, 0x00000018d5200000| Untracked 
|1705|0x00000018d5400000, 0x00000018d5400000, 0x00000018d5600000|  0%| F|  |TAMS 0x00000018d5400000, 0x00000018d5400000| Untracked 
|1706|0x00000018d5600000, 0x00000018d5600000, 0x00000018d5800000|  0%| F|  |TAMS 0x00000018d5600000, 0x00000018d5600000| Untracked 
|1707|0x00000018d5800000, 0x00000018d5800000, 0x00000018d5a00000|  0%| F|  |TAMS 0x00000018d5800000, 0x00000018d5800000| Untracked 
|1708|0x00000018d5a00000, 0x00000018d5a00000, 0x00000018d5c00000|  0%| F|  |TAMS 0x00000018d5a00000, 0x00000018d5a00000| Untracked 
|1709|0x00000018d5c00000, 0x00000018d5c00000, 0x00000018d5e00000|  0%| F|  |TAMS 0x00000018d5c00000, 0x00000018d5c00000| Untracked 
|1710|0x00000018d5e00000, 0x00000018d5e00000, 0x00000018d6000000|  0%| F|  |TAMS 0x00000018d5e00000, 0x00000018d5e00000| Untracked 
|1711|0x00000018d6000000, 0x00000018d6000000, 0x00000018d6200000|  0%| F|  |TAMS 0x00000018d6000000, 0x00000018d6000000| Untracked 
|1712|0x00000018d6200000, 0x00000018d6200000, 0x00000018d6400000|  0%| F|  |TAMS 0x00000018d6200000, 0x00000018d6200000| Untracked 
|1713|0x00000018d6400000, 0x00000018d6600000, 0x00000018d6600000|100%|HS|  |TAMS 0x00000018d6400000, 0x00000018d6400000| Complete 
|1714|0x00000018d6600000, 0x00000018d6800000, 0x00000018d6800000|100%|HC|  |TAMS 0x00000018d6600000, 0x00000018d6600000| Complete 
|1715|0x00000018d6800000, 0x00000018d6a00000, 0x00000018d6a00000|100%|HC|  |TAMS 0x00000018d6800000, 0x00000018d6800000| Complete 
|1716|0x00000018d6a00000, 0x00000018d6a00000, 0x00000018d6c00000|  0%| F|  |TAMS 0x00000018d6a00000, 0x00000018d6a00000| Untracked 
|1717|0x00000018d6c00000, 0x00000018d6c00000, 0x00000018d6e00000|  0%| F|  |TAMS 0x00000018d6c00000, 0x00000018d6c00000| Untracked 
|1718|0x00000018d6e00000, 0x00000018d6e00000, 0x00000018d7000000|  0%| F|  |TAMS 0x00000018d6e00000, 0x00000018d6e00000| Untracked 
|1719|0x00000018d7000000, 0x00000018d7000000, 0x00000018d7200000|  0%| F|  |TAMS 0x00000018d7000000, 0x00000018d7000000| Untracked 
|1720|0x00000018d7200000, 0x00000018d7200000, 0x00000018d7400000|  0%| F|  |TAMS 0x00000018d7200000, 0x00000018d7200000| Untracked 
|1721|0x00000018d7400000, 0x00000018d7600000, 0x00000018d7600000|100%|HS|  |TAMS 0x00000018d7400000, 0x00000018d7400000| Complete 
|1722|0x00000018d7600000, 0x00000018d7600000, 0x00000018d7800000|  0%| F|  |TAMS 0x00000018d7600000, 0x00000018d7600000| Untracked 
|1723|0x00000018d7800000, 0x00000018d7800000, 0x00000018d7a00000|  0%| F|  |TAMS 0x00000018d7800000, 0x00000018d7800000| Untracked 
|1724|0x00000018d7a00000, 0x00000018d7a00000, 0x00000018d7c00000|  0%| F|  |TAMS 0x00000018d7a00000, 0x00000018d7a00000| Untracked 
|1725|0x00000018d7c00000, 0x00000018d7c00000, 0x00000018d7e00000|  0%| F|  |TAMS 0x00000018d7c00000, 0x00000018d7c00000| Untracked 
|1726|0x00000018d7e00000, 0x00000018d8000000, 0x00000018d8000000|100%|HS|  |TAMS 0x00000018d7e00000, 0x00000018d7e00000| Complete 
|1727|0x00000018d8000000, 0x00000018d8200000, 0x00000018d8200000|100%| O|  |TAMS 0x00000018d8200000, 0x00000018d8000000| Untracked 
|1728|0x00000018d8200000, 0x00000018d8400000, 0x00000018d8400000|100%| O|  |TAMS 0x00000018d8400000, 0x00000018d8200000| Untracked 
|1729|0x00000018d8400000, 0x00000018d8600000, 0x00000018d8600000|100%| O|  |TAMS 0x00000018d8600000, 0x00000018d8400000| Untracked 
|1730|0x00000018d8600000, 0x00000018d8800000, 0x00000018d8800000|100%| O|  |TAMS 0x00000018d8800000, 0x00000018d8600000| Untracked 
|1731|0x00000018d8800000, 0x00000018d8a00000, 0x00000018d8a00000|100%| O|  |TAMS 0x00000018d8a00000, 0x00000018d8800000| Untracked 
|1732|0x00000018d8a00000, 0x00000018d8c00000, 0x00000018d8c00000|100%| O|  |TAMS 0x00000018d8c00000, 0x00000018d8a00000| Untracked 
|1733|0x00000018d8c00000, 0x00000018d8e00000, 0x00000018d8e00000|100%| O|  |TAMS 0x00000018d8e00000, 0x00000018d8c00000| Untracked 
|1734|0x00000018d8e00000, 0x00000018d9000000, 0x00000018d9000000|100%| O|  |TAMS 0x00000018d9000000, 0x00000018d8e00000| Untracked 
|1735|0x00000018d9000000, 0x00000018d9200000, 0x00000018d9200000|100%| O|  |TAMS 0x00000018d9200000, 0x00000018d9000000| Untracked 
|1736|0x00000018d9200000, 0x00000018d9400000, 0x00000018d9400000|100%| O|  |TAMS 0x00000018d9400000, 0x00000018d9200000| Untracked 
|1737|0x00000018d9400000, 0x00000018d9600000, 0x00000018d9600000|100%| O|  |TAMS 0x00000018d9600000, 0x00000018d9400000| Untracked 
|1738|0x00000018d9600000, 0x00000018d9600000, 0x00000018d9800000|  0%| F|  |TAMS 0x00000018d9600000, 0x00000018d9600000| Untracked 
|1739|0x00000018d9800000, 0x00000018d9800000, 0x00000018d9a00000|  0%| F|  |TAMS 0x00000018d9800000, 0x00000018d9800000| Untracked 
|1740|0x00000018d9a00000, 0x00000018d9a00000, 0x00000018d9c00000|  0%| F|  |TAMS 0x00000018d9a00000, 0x00000018d9a00000| Untracked 
|1741|0x00000018d9c00000, 0x00000018d9c00000, 0x00000018d9e00000|  0%| F|  |TAMS 0x00000018d9c00000, 0x00000018d9c00000| Untracked 
|1742|0x00000018d9e00000, 0x00000018d9e00000, 0x00000018da000000|  0%| F|  |TAMS 0x00000018d9e00000, 0x00000018d9e00000| Untracked 
|1743|0x00000018da000000, 0x00000018da000000, 0x00000018da200000|  0%| F|  |TAMS 0x00000018da000000, 0x00000018da000000| Untracked 
|1744|0x00000018da200000, 0x00000018da400000, 0x00000018da400000|100%| O|  |TAMS 0x00000018da400000, 0x00000018da200000| Untracked 
|1745|0x00000018da400000, 0x00000018da600000, 0x00000018da600000|100%| O|  |TAMS 0x00000018da600000, 0x00000018da400000| Untracked 
|1746|0x00000018da600000, 0x00000018da800000, 0x00000018da800000|100%| O|  |TAMS 0x00000018da800000, 0x00000018da600000| Untracked 
|1747|0x00000018da800000, 0x00000018daa00000, 0x00000018daa00000|100%| O|  |TAMS 0x00000018daa00000, 0x00000018da800000| Untracked 
|1748|0x00000018daa00000, 0x00000018dac00000, 0x00000018dac00000|100%|HS|  |TAMS 0x00000018daa00000, 0x00000018daa00000| Complete 
|1749|0x00000018dac00000, 0x00000018dae00000, 0x00000018dae00000|100%|HC|  |TAMS 0x00000018dac00000, 0x00000018dac00000| Complete 
|1750|0x00000018dae00000, 0x00000018db000000, 0x00000018db000000|100%|HC|  |TAMS 0x00000018dae00000, 0x00000018dae00000| Complete 
|1751|0x00000018db000000, 0x00000018db200000, 0x00000018db200000|100%| O|  |TAMS 0x00000018db200000, 0x00000018db000000| Untracked 
|1752|0x00000018db200000, 0x00000018db200000, 0x00000018db400000|  0%| F|  |TAMS 0x00000018db200000, 0x00000018db200000| Untracked 
|1753|0x00000018db400000, 0x00000018db400000, 0x00000018db600000|  0%| F|  |TAMS 0x00000018db400000, 0x00000018db400000| Untracked 
|1754|0x00000018db600000, 0x00000018db600000, 0x00000018db800000|  0%| F|  |TAMS 0x00000018db600000, 0x00000018db600000| Untracked 
|1755|0x00000018db800000, 0x00000018dba00000, 0x00000018dba00000|100%|HS|  |TAMS 0x00000018db800000, 0x00000018db800000| Complete 
|1756|0x00000018dba00000, 0x00000018dbc00000, 0x00000018dbc00000|100%|HC|  |TAMS 0x00000018dba00000, 0x00000018dba00000| Complete 
|1757|0x00000018dbc00000, 0x00000018dbe00000, 0x00000018dbe00000|100%|HC|  |TAMS 0x00000018dbc00000, 0x00000018dbc00000| Complete 
|1758|0x00000018dbe00000, 0x00000018dc000000, 0x00000018dc000000|100%| O|  |TAMS 0x00000018dc000000, 0x00000018dbe00000| Untracked 
|1759|0x00000018dc000000, 0x00000018dc200000, 0x00000018dc200000|100%| O|  |TAMS 0x00000018dc200000, 0x00000018dc000000| Untracked 
|1760|0x00000018dc200000, 0x00000018dc400000, 0x00000018dc400000|100%| O|  |TAMS 0x00000018dc400000, 0x00000018dc200000| Untracked 
|1761|0x00000018dc400000, 0x00000018dc600000, 0x00000018dc600000|100%|HS|  |TAMS 0x00000018dc600000, 0x00000018dc400000| Complete 
|1762|0x00000018dc600000, 0x00000018dc800000, 0x00000018dc800000|100%| O|  |TAMS 0x00000018dc800000, 0x00000018dc600000| Untracked 
|1763|0x00000018dc800000, 0x00000018dca00000, 0x00000018dca00000|100%| O|  |TAMS 0x00000018dca00000, 0x00000018dc800000| Untracked 
|1764|0x00000018dca00000, 0x00000018dcc00000, 0x00000018dcc00000|100%| O|  |TAMS 0x00000018dcc00000, 0x00000018dca00000| Untracked 
|1765|0x00000018dcc00000, 0x00000018dce00000, 0x00000018dce00000|100%| O|  |TAMS 0x00000018dce00000, 0x00000018dcc00000| Untracked 
|1766|0x00000018dce00000, 0x00000018dd000000, 0x00000018dd000000|100%| O|  |TAMS 0x00000018dd000000, 0x00000018dce00000| Untracked 
|1767|0x00000018dd000000, 0x00000018dd200000, 0x00000018dd200000|100%| O|  |TAMS 0x00000018dd200000, 0x00000018dd000000| Untracked 
|1768|0x00000018dd200000, 0x00000018dd400000, 0x00000018dd400000|100%| O|  |TAMS 0x00000018dd400000, 0x00000018dd200000| Untracked 
|1769|0x00000018dd400000, 0x00000018dd600000, 0x00000018dd600000|100%| O|  |TAMS 0x00000018dd600000, 0x00000018dd400000| Untracked 
|1770|0x00000018dd600000, 0x00000018dd800000, 0x00000018dd800000|100%| O|  |TAMS 0x00000018dd800000, 0x00000018dd600000| Untracked 
|1771|0x00000018dd800000, 0x00000018dda00000, 0x00000018dda00000|100%| O|  |TAMS 0x00000018dda00000, 0x00000018dd800000| Untracked 
|1772|0x00000018dda00000, 0x00000018ddc00000, 0x00000018ddc00000|100%| O|  |TAMS 0x00000018ddc00000, 0x00000018dda00000| Untracked 
|1773|0x00000018ddc00000, 0x00000018dde00000, 0x00000018dde00000|100%| O|  |TAMS 0x00000018dde00000, 0x00000018ddc00000| Untracked 
|1774|0x00000018dde00000, 0x00000018de000000, 0x00000018de000000|100%| O|  |TAMS 0x00000018de000000, 0x00000018dde00000| Untracked 
|1775|0x00000018de000000, 0x00000018de200000, 0x00000018de200000|100%| O|  |TAMS 0x00000018de200000, 0x00000018de000000| Untracked 
|1776|0x00000018de200000, 0x00000018de400000, 0x00000018de400000|100%|HS|  |TAMS 0x00000018de400000, 0x00000018de200000| Complete 
|1777|0x00000018de400000, 0x00000018de600000, 0x00000018de600000|100%| O|  |TAMS 0x00000018de600000, 0x00000018de400000| Untracked 
|1778|0x00000018de600000, 0x00000018de800000, 0x00000018de800000|100%| O|  |TAMS 0x00000018de800000, 0x00000018de600000| Untracked 
|1779|0x00000018de800000, 0x00000018dea00000, 0x00000018dea00000|100%| O|  |TAMS 0x00000018dea00000, 0x00000018de800000| Untracked 
|1780|0x00000018dea00000, 0x00000018dec00000, 0x00000018dec00000|100%| O|  |TAMS 0x00000018dec00000, 0x00000018dea00000| Untracked 
|1781|0x00000018dec00000, 0x00000018dee00000, 0x00000018dee00000|100%| O|  |TAMS 0x00000018dee00000, 0x00000018dec00000| Untracked 
|1782|0x00000018dee00000, 0x00000018df000000, 0x00000018df000000|100%| O|  |TAMS 0x00000018df000000, 0x00000018dee00000| Untracked 
|1783|0x00000018df000000, 0x00000018df200000, 0x00000018df200000|100%| O|  |TAMS 0x00000018df200000, 0x00000018df000000| Untracked 
|1784|0x00000018df200000, 0x00000018df400000, 0x00000018df400000|100%| O|  |TAMS 0x00000018df400000, 0x00000018df200000| Untracked 
|1785|0x00000018df400000, 0x00000018df600000, 0x00000018df600000|100%|HS|  |TAMS 0x00000018df600000, 0x00000018df400000| Complete 
|1786|0x00000018df600000, 0x00000018df800000, 0x00000018df800000|100%|HC|  |TAMS 0x00000018df800000, 0x00000018df600000| Complete 
|1787|0x00000018df800000, 0x00000018dfa00000, 0x00000018dfa00000|100%|HC|  |TAMS 0x00000018dfa00000, 0x00000018df800000| Complete 
|1788|0x00000018dfa00000, 0x00000018dfc00000, 0x00000018dfc00000|100%| O|  |TAMS 0x00000018dfc00000, 0x00000018dfa00000| Untracked 
|1789|0x00000018dfc00000, 0x00000018dfe00000, 0x00000018dfe00000|100%| O|  |TAMS 0x00000018dfe00000, 0x00000018dfc00000| Untracked 
|1790|0x00000018dfe00000, 0x00000018e0000000, 0x00000018e0000000|100%| O|  |TAMS 0x00000018e0000000, 0x00000018dfe00000| Untracked 
|1791|0x00000018e0000000, 0x00000018e0200000, 0x00000018e0200000|100%| O|  |TAMS 0x00000018e0200000, 0x00000018e0000000| Untracked 
|1792|0x00000018e0200000, 0x00000018e0400000, 0x00000018e0400000|100%| O|  |TAMS 0x00000018e0400000, 0x00000018e0200000| Untracked 
|1793|0x00000018e0400000, 0x00000018e0600000, 0x00000018e0600000|100%| O|  |TAMS 0x00000018e0600000, 0x00000018e0400000| Untracked 
|1794|0x00000018e0600000, 0x00000018e0800000, 0x00000018e0800000|100%| O|  |TAMS 0x00000018e0800000, 0x00000018e0600000| Untracked 
|1795|0x00000018e0800000, 0x00000018e0a00000, 0x00000018e0a00000|100%| O|  |TAMS 0x00000018e0a00000, 0x00000018e0800000| Untracked 
|1796|0x00000018e0a00000, 0x00000018e0c00000, 0x00000018e0c00000|100%| O|  |TAMS 0x00000018e0c00000, 0x00000018e0a00000| Untracked 
|1797|0x00000018e0c00000, 0x00000018e0e00000, 0x00000018e0e00000|100%| O|  |TAMS 0x00000018e0e00000, 0x00000018e0c00000| Untracked 
|1798|0x00000018e0e00000, 0x00000018e1000000, 0x00000018e1000000|100%| O|  |TAMS 0x00000018e1000000, 0x00000018e0e00000| Untracked 
|1799|0x00000018e1000000, 0x00000018e1200000, 0x00000018e1200000|100%| O|  |TAMS 0x00000018e1200000, 0x00000018e1000000| Untracked 
|1800|0x00000018e1200000, 0x00000018e1400000, 0x00000018e1400000|100%| O|  |TAMS 0x00000018e1400000, 0x00000018e1200000| Untracked 
|1801|0x00000018e1400000, 0x00000018e1600000, 0x00000018e1600000|100%|HS|  |TAMS 0x00000018e1600000, 0x00000018e1400000| Complete 
|1802|0x00000018e1600000, 0x00000018e1800000, 0x00000018e1800000|100%|HC|  |TAMS 0x00000018e1800000, 0x00000018e1600000| Complete 
|1803|0x00000018e1800000, 0x00000018e1a00000, 0x00000018e1a00000|100%|HC|  |TAMS 0x00000018e1a00000, 0x00000018e1800000| Complete 
|1804|0x00000018e1a00000, 0x00000018e1c00000, 0x00000018e1c00000|100%| O|  |TAMS 0x00000018e1c00000, 0x00000018e1a00000| Untracked 
|1805|0x00000018e1c00000, 0x00000018e1e00000, 0x00000018e1e00000|100%| O|  |TAMS 0x00000018e1e00000, 0x00000018e1c00000| Untracked 
|1806|0x00000018e1e00000, 0x00000018e2000000, 0x00000018e2000000|100%| O|  |TAMS 0x00000018e2000000, 0x00000018e1e00000| Untracked 
|1807|0x00000018e2000000, 0x00000018e2200000, 0x00000018e2200000|100%| O|  |TAMS 0x00000018e2200000, 0x00000018e2000000| Untracked 
|1808|0x00000018e2200000, 0x00000018e2400000, 0x00000018e2400000|100%| O|  |TAMS 0x00000018e2400000, 0x00000018e2200000| Untracked 
|1809|0x00000018e2400000, 0x00000018e2600000, 0x00000018e2600000|100%| O|  |TAMS 0x00000018e2600000, 0x00000018e2400000| Untracked 
|1810|0x00000018e2600000, 0x00000018e2800000, 0x00000018e2800000|100%|HS|  |TAMS 0x00000018e2800000, 0x00000018e2600000| Complete 
|1811|0x00000018e2800000, 0x00000018e2a00000, 0x00000018e2a00000|100%|HC|  |TAMS 0x00000018e2a00000, 0x00000018e2800000| Complete 
|1812|0x00000018e2a00000, 0x00000018e2c00000, 0x00000018e2c00000|100%|HC|  |TAMS 0x00000018e2c00000, 0x00000018e2a00000| Complete 
|1813|0x00000018e2c00000, 0x00000018e2c00000, 0x00000018e2e00000|  0%| F|  |TAMS 0x00000018e2c00000, 0x00000018e2c00000| Untracked 
|1814|0x00000018e2e00000, 0x00000018e2e00000, 0x00000018e3000000|  0%| F|  |TAMS 0x00000018e2e00000, 0x00000018e2e00000| Untracked 
|1815|0x00000018e3000000, 0x00000018e3000000, 0x00000018e3200000|  0%| F|  |TAMS 0x00000018e3000000, 0x00000018e3000000| Untracked 
|1816|0x00000018e3200000, 0x00000018e3400000, 0x00000018e3400000|100%| O|  |TAMS 0x00000018e3400000, 0x00000018e3200000| Untracked 
|1817|0x00000018e3400000, 0x00000018e3600000, 0x00000018e3600000|100%| O|  |TAMS 0x00000018e3600000, 0x00000018e3400000| Untracked 
|1818|0x00000018e3600000, 0x00000018e3800000, 0x00000018e3800000|100%| O|  |TAMS 0x00000018e3600000, 0x00000018e3600000| Untracked 
|1819|0x00000018e3800000, 0x00000018e3a00000, 0x00000018e3a00000|100%| O|  |TAMS 0x00000018e3a00000, 0x00000018e3800000| Untracked 
|1820|0x00000018e3a00000, 0x00000018e3c00000, 0x00000018e3c00000|100%| O|  |TAMS 0x00000018e3c00000, 0x00000018e3a00000| Untracked 
|1821|0x00000018e3c00000, 0x00000018e3e00000, 0x00000018e3e00000|100%| O|  |TAMS 0x00000018e3e00000, 0x00000018e3c00000| Untracked 
|1822|0x00000018e3e00000, 0x00000018e4000000, 0x00000018e4000000|100%| O|  |TAMS 0x00000018e4000000, 0x00000018e3e00000| Untracked 
|1823|0x00000018e4000000, 0x00000018e4200000, 0x00000018e4200000|100%| O|  |TAMS 0x00000018e4200000, 0x00000018e4000000| Untracked 
|1824|0x00000018e4200000, 0x00000018e4400000, 0x00000018e4400000|100%| O|  |TAMS 0x00000018e4400000, 0x00000018e4200000| Untracked 
|1825|0x00000018e4400000, 0x00000018e4600000, 0x00000018e4600000|100%| O|  |TAMS 0x00000018e4600000, 0x00000018e4400000| Untracked 
|1826|0x00000018e4600000, 0x00000018e4800000, 0x00000018e4800000|100%| O|  |TAMS 0x00000018e4800000, 0x00000018e4600000| Untracked 
|1827|0x00000018e4800000, 0x00000018e4a00000, 0x00000018e4a00000|100%| O|  |TAMS 0x00000018e4a00000, 0x00000018e4800000| Untracked 
|1828|0x00000018e4a00000, 0x00000018e4c00000, 0x00000018e4c00000|100%| O|  |TAMS 0x00000018e4c00000, 0x00000018e4a00000| Untracked 
|1829|0x00000018e4c00000, 0x00000018e4e00000, 0x00000018e4e00000|100%| O|  |TAMS 0x00000018e4e00000, 0x00000018e4c00000| Untracked 
|1830|0x00000018e4e00000, 0x00000018e5000000, 0x00000018e5000000|100%| O|  |TAMS 0x00000018e5000000, 0x00000018e4e00000| Untracked 
|1831|0x00000018e5000000, 0x00000018e5200000, 0x00000018e5200000|100%| O|  |TAMS 0x00000018e5200000, 0x00000018e5000000| Untracked 
|1832|0x00000018e5200000, 0x00000018e5400000, 0x00000018e5400000|100%| O|  |TAMS 0x00000018e5400000, 0x00000018e5200000| Untracked 
|1833|0x00000018e5400000, 0x00000018e5600000, 0x00000018e5600000|100%| O|  |TAMS 0x00000018e5600000, 0x00000018e5400000| Untracked 
|1834|0x00000018e5600000, 0x00000018e5800000, 0x00000018e5800000|100%| O|  |TAMS 0x00000018e5800000, 0x00000018e5600000| Untracked 
|1835|0x00000018e5800000, 0x00000018e5a00000, 0x00000018e5a00000|100%| O|  |TAMS 0x00000018e5800000, 0x00000018e5800000| Untracked 
|1836|0x00000018e5a00000, 0x00000018e5c00000, 0x00000018e5c00000|100%| O|  |TAMS 0x00000018e5a00000, 0x00000018e5a00000| Untracked 
|1837|0x00000018e5c00000, 0x00000018e5e00000, 0x00000018e5e00000|100%| O|  |TAMS 0x00000018e5c00000, 0x00000018e5c00000| Untracked 
|1838|0x00000018e5e00000, 0x00000018e6000000, 0x00000018e6000000|100%| O|  |TAMS 0x00000018e6000000, 0x00000018e5e00000| Untracked 
|1839|0x00000018e6000000, 0x00000018e6200000, 0x00000018e6200000|100%| O|  |TAMS 0x00000018e6200000, 0x00000018e6000000| Untracked 
|1840|0x00000018e6200000, 0x00000018e6400000, 0x00000018e6400000|100%| O|  |TAMS 0x00000018e6400000, 0x00000018e6200000| Untracked 
|1841|0x00000018e6400000, 0x00000018e6600000, 0x00000018e6600000|100%|HS|  |TAMS 0x00000018e6600000, 0x00000018e6400000| Complete 
|1842|0x00000018e6600000, 0x00000018e6800000, 0x00000018e6800000|100%|HC|  |TAMS 0x00000018e6800000, 0x00000018e6600000| Complete 
|1843|0x00000018e6800000, 0x00000018e6a00000, 0x00000018e6a00000|100%|HC|  |TAMS 0x00000018e6a00000, 0x00000018e6800000| Complete 
|1844|0x00000018e6a00000, 0x00000018e6c00000, 0x00000018e6c00000|100%| O|  |TAMS 0x00000018e6a00000, 0x00000018e6a00000| Untracked 
|1845|0x00000018e6c00000, 0x00000018e6e00000, 0x00000018e6e00000|100%| O|  |TAMS 0x00000018e6e00000, 0x00000018e6c00000| Untracked 
|1846|0x00000018e6e00000, 0x00000018e7000000, 0x00000018e7000000|100%| O|  |TAMS 0x00000018e7000000, 0x00000018e6e00000| Untracked 
|1847|0x00000018e7000000, 0x00000018e7200000, 0x00000018e7200000|100%| O|  |TAMS 0x00000018e7200000, 0x00000018e7000000| Untracked 
|1848|0x00000018e7200000, 0x00000018e7400000, 0x00000018e7400000|100%| O|  |TAMS 0x00000018e7400000, 0x00000018e7200000| Untracked 
|1849|0x00000018e7400000, 0x00000018e7600000, 0x00000018e7600000|100%| O|  |TAMS 0x00000018e7600000, 0x00000018e7400000| Untracked 
|1850|0x00000018e7600000, 0x00000018e7800000, 0x00000018e7800000|100%| O|  |TAMS 0x00000018e7800000, 0x00000018e7600000| Untracked 
|1851|0x00000018e7800000, 0x00000018e7a00000, 0x00000018e7a00000|100%|HS|  |TAMS 0x00000018e7800000, 0x00000018e7800000| Complete 
|1852|0x00000018e7a00000, 0x00000018e7c00000, 0x00000018e7c00000|100%|HC|  |TAMS 0x00000018e7a00000, 0x00000018e7a00000| Complete 
|1853|0x00000018e7c00000, 0x00000018e7e00000, 0x00000018e7e00000|100%|HC|  |TAMS 0x00000018e7c00000, 0x00000018e7c00000| Complete 
|1854|0x00000018e7e00000, 0x00000018e8000000, 0x00000018e8000000|100%| O|  |TAMS 0x00000018e8000000, 0x00000018e7e00000| Untracked 
|1855|0x00000018e8000000, 0x00000018e8200000, 0x00000018e8200000|100%| O|  |TAMS 0x00000018e8200000, 0x00000018e8000000| Untracked 
|1856|0x00000018e8200000, 0x00000018e8400000, 0x00000018e8400000|100%| O|  |TAMS 0x00000018e8400000, 0x00000018e8200000| Untracked 
|1857|0x00000018e8400000, 0x00000018e8600000, 0x00000018e8600000|100%| O|  |TAMS 0x00000018e8600000, 0x00000018e8400000| Untracked 
|1858|0x00000018e8600000, 0x00000018e8800000, 0x00000018e8800000|100%| O|  |TAMS 0x00000018e8800000, 0x00000018e8600000| Untracked 
|1859|0x00000018e8800000, 0x00000018e8a00000, 0x00000018e8a00000|100%| O|  |TAMS 0x00000018e8a00000, 0x00000018e8800000| Untracked 
|1860|0x00000018e8a00000, 0x00000018e8c00000, 0x00000018e8c00000|100%| O|  |TAMS 0x00000018e8c00000, 0x00000018e8a00000| Untracked 
|1861|0x00000018e8c00000, 0x00000018e8e00000, 0x00000018e8e00000|100%| O|  |TAMS 0x00000018e8e00000, 0x00000018e8c00000| Untracked 
|1862|0x00000018e8e00000, 0x00000018e9000000, 0x00000018e9000000|100%| O|  |TAMS 0x00000018e9000000, 0x00000018e8e00000| Untracked 
|1863|0x00000018e9000000, 0x00000018e9200000, 0x00000018e9200000|100%| O|  |TAMS 0x00000018e9200000, 0x00000018e9000000| Untracked 
|1864|0x00000018e9200000, 0x00000018e9400000, 0x00000018e9400000|100%| O|  |TAMS 0x00000018e9400000, 0x00000018e9200000| Untracked 
|1865|0x00000018e9400000, 0x00000018e9600000, 0x00000018e9600000|100%| O|  |TAMS 0x00000018e9600000, 0x00000018e9400000| Untracked 
|1866|0x00000018e9600000, 0x00000018e9800000, 0x00000018e9800000|100%| O|  |TAMS 0x00000018e9800000, 0x00000018e9600000| Untracked 
|1867|0x00000018e9800000, 0x00000018e9a00000, 0x00000018e9a00000|100%| O|  |TAMS 0x00000018e9a00000, 0x00000018e9800000| Untracked 
|1868|0x00000018e9a00000, 0x00000018e9c00000, 0x00000018e9c00000|100%| O|  |TAMS 0x00000018e9c00000, 0x00000018e9a00000| Untracked 
|1869|0x00000018e9c00000, 0x00000018e9e00000, 0x00000018e9e00000|100%| O|  |TAMS 0x00000018e9e00000, 0x00000018e9c00000| Untracked 
|1870|0x00000018e9e00000, 0x00000018ea000000, 0x00000018ea000000|100%| O|  |TAMS 0x00000018ea000000, 0x00000018e9e00000| Untracked 
|1871|0x00000018ea000000, 0x00000018ea200000, 0x00000018ea200000|100%| O|  |TAMS 0x00000018ea200000, 0x00000018ea000000| Untracked 
|1872|0x00000018ea200000, 0x00000018ea400000, 0x00000018ea400000|100%| O|  |TAMS 0x00000018ea294200, 0x00000018ea200000| Untracked 
|1873|0x00000018ea400000, 0x00000018ea600000, 0x00000018ea600000|100%|HS|  |TAMS 0x00000018ea400000, 0x00000018ea400000| Complete 
|1874|0x00000018ea600000, 0x00000018ea600000, 0x00000018ea800000|  0%| F|  |TAMS 0x00000018ea600000, 0x00000018ea600000| Untracked 
|1875|0x00000018ea800000, 0x00000018ea800000, 0x00000018eaa00000|  0%| F|  |TAMS 0x00000018ea800000, 0x00000018ea800000| Untracked 
|1876|0x00000018eaa00000, 0x00000018eaa00000, 0x00000018eac00000|  0%| F|  |TAMS 0x00000018eaa00000, 0x00000018eaa00000| Untracked 
|1877|0x00000018eac00000, 0x00000018eac00000, 0x00000018eae00000|  0%| F|  |TAMS 0x00000018eac00000, 0x00000018eac00000| Untracked 
|1878|0x00000018eae00000, 0x00000018eae00000, 0x00000018eb000000|  0%| F|  |TAMS 0x00000018eae00000, 0x00000018eae00000| Untracked 
|1879|0x00000018eb000000, 0x00000018eb000000, 0x00000018eb200000|  0%| F|  |TAMS 0x00000018eb000000, 0x00000018eb000000| Untracked 
|1880|0x00000018eb200000, 0x00000018eb200000, 0x00000018eb400000|  0%| F|  |TAMS 0x00000018eb200000, 0x00000018eb200000| Untracked 
|1881|0x00000018eb400000, 0x00000018eb400000, 0x00000018eb600000|  0%| F|  |TAMS 0x00000018eb400000, 0x00000018eb400000| Untracked 
|1882|0x00000018eb600000, 0x00000018eb800000, 0x00000018eb800000|100%|HS|  |TAMS 0x00000018eb600000, 0x00000018eb600000| Complete 
|1883|0x00000018eb800000, 0x00000018eba00000, 0x00000018eba00000|100%|HS|  |TAMS 0x00000018eb800000, 0x00000018eb800000| Complete 
|1884|0x00000018eba00000, 0x00000018eba00000, 0x00000018ebc00000|  0%| F|  |TAMS 0x00000018eba00000, 0x00000018eba00000| Untracked 
|1885|0x00000018ebc00000, 0x00000018ebc00000, 0x00000018ebe00000|  0%| F|  |TAMS 0x00000018ebc00000, 0x00000018ebc00000| Untracked 
|1886|0x00000018ebe00000, 0x00000018ebe00000, 0x00000018ec000000|  0%| F|  |TAMS 0x00000018ebe00000, 0x00000018ebe00000| Untracked 
|1887|0x00000018ec000000, 0x00000018ec000000, 0x00000018ec200000|  0%| F|  |TAMS 0x00000018ec000000, 0x00000018ec000000| Untracked 
|1888|0x00000018ec200000, 0x00000018ec200000, 0x00000018ec400000|  0%| F|  |TAMS 0x00000018ec200000, 0x00000018ec200000| Untracked 
|1889|0x00000018ec400000, 0x00000018ec400000, 0x00000018ec600000|  0%| F|  |TAMS 0x00000018ec400000, 0x00000018ec400000| Untracked 
|1890|0x00000018ec600000, 0x00000018ec600000, 0x00000018ec800000|  0%| F|  |TAMS 0x00000018ec600000, 0x00000018ec600000| Untracked 
|1891|0x00000018ec800000, 0x00000018ec800000, 0x00000018eca00000|  0%| F|  |TAMS 0x00000018ec800000, 0x00000018ec800000| Untracked 
|1892|0x00000018eca00000, 0x00000018ecc00000, 0x00000018ecc00000|100%| O|  |TAMS 0x00000018eca00000, 0x00000018eca00000| Untracked 
|1893|0x00000018ecc00000, 0x00000018ece00000, 0x00000018ece00000|100%| O|  |TAMS 0x00000018ecc00000, 0x00000018ecc00000| Untracked 
|1894|0x00000018ece00000, 0x00000018ed000000, 0x00000018ed000000|100%| O|  |TAMS 0x00000018ece00000, 0x00000018ece00000| Untracked 
|1895|0x00000018ed000000, 0x00000018ed200000, 0x00000018ed200000|100%| O|  |TAMS 0x00000018ed000000, 0x00000018ed000000| Untracked 
|1896|0x00000018ed200000, 0x00000018ed400000, 0x00000018ed400000|100%|HS|  |TAMS 0x00000018ed200000, 0x00000018ed200000| Complete 
|1897|0x00000018ed400000, 0x00000018ed600000, 0x00000018ed600000|100%|HC|  |TAMS 0x00000018ed400000, 0x00000018ed400000| Complete 
|1898|0x00000018ed600000, 0x00000018ed800000, 0x00000018ed800000|100%|HC|  |TAMS 0x00000018ed600000, 0x00000018ed600000| Complete 
|1899|0x00000018ed800000, 0x00000018ed800000, 0x00000018eda00000|  0%| F|  |TAMS 0x00000018ed800000, 0x00000018ed800000| Untracked 
|1900|0x00000018eda00000, 0x00000018eda00000, 0x00000018edc00000|  0%| F|  |TAMS 0x00000018eda00000, 0x00000018eda00000| Untracked 
|1901|0x00000018edc00000, 0x00000018edc00000, 0x00000018ede00000|  0%| F|  |TAMS 0x00000018edc00000, 0x00000018edc00000| Untracked 
|1902|0x00000018ede00000, 0x00000018ede00000, 0x00000018ee000000|  0%| F|  |TAMS 0x00000018ede00000, 0x00000018ede00000| Untracked 
|1903|0x00000018ee000000, 0x00000018ee000000, 0x00000018ee200000|  0%| F|  |TAMS 0x00000018ee000000, 0x00000018ee000000| Untracked 
|1904|0x00000018ee200000, 0x00000018ee200000, 0x00000018ee400000|  0%| F|  |TAMS 0x00000018ee200000, 0x00000018ee200000| Untracked 
|1905|0x00000018ee400000, 0x00000018ee400000, 0x00000018ee600000|  0%| F|  |TAMS 0x00000018ee400000, 0x00000018ee400000| Untracked 
|1906|0x00000018ee600000, 0x00000018ee600000, 0x00000018ee800000|  0%| F|  |TAMS 0x00000018ee600000, 0x00000018ee600000| Untracked 
|1907|0x00000018ee800000, 0x00000018ee882a00, 0x00000018eea00000| 25%| O|  |TAMS 0x00000018ee800000, 0x00000018ee800000| Untracked 
|1908|0x00000018eea00000, 0x00000018eea00000, 0x00000018eec00000|  0%| F|  |TAMS 0x00000018eea00000, 0x00000018eea00000| Untracked 
|1909|0x00000018eec00000, 0x00000018eec00000, 0x00000018eee00000|  0%| F|  |TAMS 0x00000018eec00000, 0x00000018eec00000| Untracked 
|1910|0x00000018eee00000, 0x00000018eee00000, 0x00000018ef000000|  0%| F|  |TAMS 0x00000018eee00000, 0x00000018eee00000| Untracked 
|1911|0x00000018ef000000, 0x00000018ef000000, 0x00000018ef200000|  0%| F|  |TAMS 0x00000018ef000000, 0x00000018ef000000| Untracked 
|1912|0x00000018ef200000, 0x00000018ef400000, 0x00000018ef400000|100%|HS|  |TAMS 0x00000018ef200000, 0x00000018ef200000| Complete 
|1913|0x00000018ef400000, 0x00000018ef600000, 0x00000018ef600000|100%|HC|  |TAMS 0x00000018ef400000, 0x00000018ef400000| Complete 
|1914|0x00000018ef600000, 0x00000018ef800000, 0x00000018ef800000|100%|HC|  |TAMS 0x00000018ef600000, 0x00000018ef600000| Complete 
|1915|0x00000018ef800000, 0x00000018efa00000, 0x00000018efa00000|100%|HS|  |TAMS 0x00000018ef800000, 0x00000018ef800000| Complete 
|1916|0x00000018efa00000, 0x00000018efc00000, 0x00000018efc00000|100%|HC|  |TAMS 0x00000018efa00000, 0x00000018efa00000| Complete 
|1917|0x00000018efc00000, 0x00000018efe00000, 0x00000018efe00000|100%|HC|  |TAMS 0x00000018efc00000, 0x00000018efc00000| Complete 
|1918|0x00000018efe00000, 0x00000018efe00000, 0x00000018f0000000|  0%| F|  |TAMS 0x00000018efe00000, 0x00000018efe00000| Untracked 
|1919|0x00000018f0000000, 0x00000018f0000000, 0x00000018f0200000|  0%| F|  |TAMS 0x00000018f0000000, 0x00000018f0000000| Untracked 
|1920|0x00000018f0200000, 0x00000018f0200000, 0x00000018f0400000|  0%| F|  |TAMS 0x00000018f0200000, 0x00000018f0200000| Untracked 
|1921|0x00000018f0400000, 0x00000018f0600000, 0x00000018f0600000|100%|HS|  |TAMS 0x00000018f0400000, 0x00000018f0400000| Complete 
|1922|0x00000018f0600000, 0x00000018f0800000, 0x00000018f0800000|100%|HC|  |TAMS 0x00000018f0600000, 0x00000018f0600000| Complete 
|1923|0x00000018f0800000, 0x00000018f0a00000, 0x00000018f0a00000|100%|HC|  |TAMS 0x00000018f0800000, 0x00000018f0800000| Complete 
|1924|0x00000018f0a00000, 0x00000018f0c00000, 0x00000018f0c00000|100%|HS|  |TAMS 0x00000018f0a00000, 0x00000018f0a00000| Complete 
|1925|0x00000018f0c00000, 0x00000018f0e00000, 0x00000018f0e00000|100%|HC|  |TAMS 0x00000018f0c00000, 0x00000018f0c00000| Complete 
|1926|0x00000018f0e00000, 0x00000018f1000000, 0x00000018f1000000|100%|HC|  |TAMS 0x00000018f0e00000, 0x00000018f0e00000| Complete 
|1927|0x00000018f1000000, 0x00000018f1000000, 0x00000018f1200000|  0%| F|  |TAMS 0x00000018f1000000, 0x00000018f1000000| Untracked 
|1928|0x00000018f1200000, 0x00000018f1200000, 0x00000018f1400000|  0%| F|  |TAMS 0x00000018f1200000, 0x00000018f1200000| Untracked 
|1929|0x00000018f1400000, 0x00000018f1400000, 0x00000018f1600000|  0%| F|  |TAMS 0x00000018f1400000, 0x00000018f1400000| Untracked 
|1930|0x00000018f1600000, 0x00000018f1600000, 0x00000018f1800000|  0%| F|  |TAMS 0x00000018f1600000, 0x00000018f1600000| Untracked 
|1931|0x00000018f1800000, 0x00000018f1800000, 0x00000018f1a00000|  0%| F|  |TAMS 0x00000018f1800000, 0x00000018f1800000| Untracked 
|1932|0x00000018f1a00000, 0x00000018f1a00000, 0x00000018f1c00000|  0%| F|  |TAMS 0x00000018f1a00000, 0x00000018f1a00000| Untracked 
|1933|0x00000018f1c00000, 0x00000018f1e00000, 0x00000018f1e00000|100%|HS|  |TAMS 0x00000018f1c00000, 0x00000018f1c00000| Complete 
|1934|0x00000018f1e00000, 0x00000018f2000000, 0x00000018f2000000|100%|HC|  |TAMS 0x00000018f1e00000, 0x00000018f1e00000| Complete 
|1935|0x00000018f2000000, 0x00000018f2200000, 0x00000018f2200000|100%|HC|  |TAMS 0x00000018f2000000, 0x00000018f2000000| Complete 
|1936|0x00000018f2200000, 0x00000018f2400000, 0x00000018f2400000|100%|HS|  |TAMS 0x00000018f2200000, 0x00000018f2200000| Complete 
|1937|0x00000018f2400000, 0x00000018f2600000, 0x00000018f2600000|100%|HC|  |TAMS 0x00000018f2400000, 0x00000018f2400000| Complete 
|1938|0x00000018f2600000, 0x00000018f2800000, 0x00000018f2800000|100%|HC|  |TAMS 0x00000018f2600000, 0x00000018f2600000| Complete 
|1939|0x00000018f2800000, 0x00000018f2800000, 0x00000018f2a00000|  0%| F|  |TAMS 0x00000018f2800000, 0x00000018f2800000| Untracked 
|1940|0x00000018f2a00000, 0x00000018f2a00000, 0x00000018f2c00000|  0%| F|  |TAMS 0x00000018f2a00000, 0x00000018f2a00000| Untracked 
|1941|0x00000018f2c00000, 0x00000018f2c00000, 0x00000018f2e00000|  0%| F|  |TAMS 0x00000018f2c00000, 0x00000018f2c00000| Untracked 
|1942|0x00000018f2e00000, 0x00000018f2e00000, 0x00000018f3000000|  0%| F|  |TAMS 0x00000018f2e00000, 0x00000018f2e00000| Untracked 
|1943|0x00000018f3000000, 0x00000018f3000000, 0x00000018f3200000|  0%| F|  |TAMS 0x00000018f3000000, 0x00000018f3000000| Untracked 
|1944|0x00000018f3200000, 0x00000018f3200000, 0x00000018f3400000|  0%| F|  |TAMS 0x00000018f3200000, 0x00000018f3200000| Untracked 
|1945|0x00000018f3400000, 0x00000018f3400000, 0x00000018f3600000|  0%| F|  |TAMS 0x00000018f3400000, 0x00000018f3400000| Untracked 
|1946|0x00000018f3600000, 0x00000018f3600000, 0x00000018f3800000|  0%| F|  |TAMS 0x00000018f3600000, 0x00000018f3600000| Untracked 
|1947|0x00000018f3800000, 0x00000018f3800000, 0x00000018f3a00000|  0%| F|  |TAMS 0x00000018f3800000, 0x00000018f3800000| Untracked 
|1948|0x00000018f3a00000, 0x00000018f3a00000, 0x00000018f3c00000|  0%| F|  |TAMS 0x00000018f3a00000, 0x00000018f3a00000| Untracked 
|1949|0x00000018f3c00000, 0x00000018f3c00000, 0x00000018f3e00000|  0%| F|  |TAMS 0x00000018f3c00000, 0x00000018f3c00000| Untracked 
|1950|0x00000018f3e00000, 0x00000018f4000000, 0x00000018f4000000|100%|HS|  |TAMS 0x00000018f3e00000, 0x00000018f3e00000| Complete 
|1951|0x00000018f4000000, 0x00000018f4200000, 0x00000018f4200000|100%|HC|  |TAMS 0x00000018f4000000, 0x00000018f4000000| Complete 
|1952|0x00000018f4200000, 0x00000018f4400000, 0x00000018f4400000|100%|HC|  |TAMS 0x00000018f4200000, 0x00000018f4200000| Complete 
|1953|0x00000018f4400000, 0x00000018f4400000, 0x00000018f4600000|  0%| F|  |TAMS 0x00000018f4400000, 0x00000018f4400000| Untracked 
|1954|0x00000018f4600000, 0x00000018f4600000, 0x00000018f4800000|  0%| F|  |TAMS 0x00000018f4600000, 0x00000018f4600000| Untracked 
|1955|0x00000018f4800000, 0x00000018f4800000, 0x00000018f4a00000|  0%| F|  |TAMS 0x00000018f4800000, 0x00000018f4800000| Untracked 
|1956|0x00000018f4a00000, 0x00000018f4a00000, 0x00000018f4c00000|  0%| F|  |TAMS 0x00000018f4a00000, 0x00000018f4a00000| Untracked 
|1957|0x00000018f4c00000, 0x00000018f4c00000, 0x00000018f4e00000|  0%| F|  |TAMS 0x00000018f4c00000, 0x00000018f4c00000| Untracked 
|1958|0x00000018f4e00000, 0x00000018f4e00000, 0x00000018f5000000|  0%| F|  |TAMS 0x00000018f4e00000, 0x00000018f4e00000| Untracked 
|1959|0x00000018f5000000, 0x00000018f5200000, 0x00000018f5200000|100%|HS|  |TAMS 0x00000018f5000000, 0x00000018f5000000| Complete 
|1960|0x00000018f5200000, 0x00000018f5400000, 0x00000018f5400000|100%|HC|  |TAMS 0x00000018f5200000, 0x00000018f5200000| Complete 
|1961|0x00000018f5400000, 0x00000018f5600000, 0x00000018f5600000|100%|HC|  |TAMS 0x00000018f5400000, 0x00000018f5400000| Complete 
|1962|0x00000018f5600000, 0x00000018f5600000, 0x00000018f5800000|  0%| F|  |TAMS 0x00000018f5600000, 0x00000018f5600000| Untracked 
|1963|0x00000018f5800000, 0x00000018f5800000, 0x00000018f5a00000|  0%| F|  |TAMS 0x00000018f5800000, 0x00000018f5800000| Untracked 
|1964|0x00000018f5a00000, 0x00000018f5a00000, 0x00000018f5c00000|  0%| F|  |TAMS 0x00000018f5a00000, 0x00000018f5a00000| Untracked 
|1965|0x00000018f5c00000, 0x00000018f5c00000, 0x00000018f5e00000|  0%| F|  |TAMS 0x00000018f5c00000, 0x00000018f5c00000| Untracked 
|1966|0x00000018f5e00000, 0x00000018f5e00000, 0x00000018f6000000|  0%| F|  |TAMS 0x00000018f5e00000, 0x00000018f5e00000| Untracked 
|1967|0x00000018f6000000, 0x00000018f6000000, 0x00000018f6200000|  0%| F|  |TAMS 0x00000018f6000000, 0x00000018f6000000| Untracked 
|1968|0x00000018f6200000, 0x00000018f6400000, 0x00000018f6400000|100%|HS|  |TAMS 0x00000018f6200000, 0x00000018f6200000| Complete 
|1969|0x00000018f6400000, 0x00000018f6600000, 0x00000018f6600000|100%|HC|  |TAMS 0x00000018f6400000, 0x00000018f6400000| Complete 
|1970|0x00000018f6600000, 0x00000018f6800000, 0x00000018f6800000|100%|HC|  |TAMS 0x00000018f6600000, 0x00000018f6600000| Complete 
|1971|0x00000018f6800000, 0x00000018f6800000, 0x00000018f6a00000|  0%| F|  |TAMS 0x00000018f6800000, 0x00000018f6800000| Untracked 
|1972|0x00000018f6a00000, 0x00000018f6a00000, 0x00000018f6c00000|  0%| F|  |TAMS 0x00000018f6a00000, 0x00000018f6a00000| Untracked 
|1973|0x00000018f6c00000, 0x00000018f6c00000, 0x00000018f6e00000|  0%| F|  |TAMS 0x00000018f6c00000, 0x00000018f6c00000| Untracked 
|1974|0x00000018f6e00000, 0x00000018f6e00000, 0x00000018f7000000|  0%| F|  |TAMS 0x00000018f6e00000, 0x00000018f6e00000| Untracked 
|1975|0x00000018f7000000, 0x00000018f7000000, 0x00000018f7200000|  0%| F|  |TAMS 0x00000018f7000000, 0x00000018f7000000| Untracked 
|1976|0x00000018f7200000, 0x00000018f7200000, 0x00000018f7400000|  0%| F|  |TAMS 0x00000018f7200000, 0x00000018f7200000| Untracked 
|1977|0x00000018f7400000, 0x00000018f7400000, 0x00000018f7600000|  0%| F|  |TAMS 0x00000018f7400000, 0x00000018f7400000| Untracked 
|1978|0x00000018f7600000, 0x00000018f7600000, 0x00000018f7800000|  0%| F|  |TAMS 0x00000018f7600000, 0x00000018f7600000| Untracked 
|1979|0x00000018f7800000, 0x00000018f7800000, 0x00000018f7a00000|  0%| F|  |TAMS 0x00000018f7800000, 0x00000018f7800000| Untracked 
|1980|0x00000018f7a00000, 0x00000018f7c00000, 0x00000018f7c00000|100%|HS|  |TAMS 0x00000018f7a00000, 0x00000018f7a00000| Complete 
|1981|0x00000018f7c00000, 0x00000018f7e00000, 0x00000018f7e00000|100%|HC|  |TAMS 0x00000018f7c00000, 0x00000018f7c00000| Complete 
|1982|0x00000018f7e00000, 0x00000018f8000000, 0x00000018f8000000|100%|HC|  |TAMS 0x00000018f7e00000, 0x00000018f7e00000| Complete 
|1983|0x00000018f8000000, 0x00000018f8000000, 0x00000018f8200000|  0%| F|  |TAMS 0x00000018f8000000, 0x00000018f8000000| Untracked 
|1984|0x00000018f8200000, 0x00000018f8200000, 0x00000018f8400000|  0%| F|  |TAMS 0x00000018f8200000, 0x00000018f8200000| Untracked 
|1985|0x00000018f8400000, 0x00000018f8400000, 0x00000018f8600000|  0%| F|  |TAMS 0x00000018f8400000, 0x00000018f8400000| Untracked 
|1986|0x00000018f8600000, 0x00000018f8600000, 0x00000018f8800000|  0%| F|  |TAMS 0x00000018f8600000, 0x00000018f8600000| Untracked 
|1987|0x00000018f8800000, 0x00000018f8800000, 0x00000018f8a00000|  0%| F|  |TAMS 0x00000018f8800000, 0x00000018f8800000| Untracked 
|1988|0x00000018f8a00000, 0x00000018f8a00000, 0x00000018f8c00000|  0%| F|  |TAMS 0x00000018f8a00000, 0x00000018f8a00000| Untracked 
|1989|0x00000018f8c00000, 0x00000018f8e00000, 0x00000018f8e00000|100%|HS|  |TAMS 0x00000018f8c00000, 0x00000018f8c00000| Complete 
|1990|0x00000018f8e00000, 0x00000018f9000000, 0x00000018f9000000|100%|HS|  |TAMS 0x00000018f8e00000, 0x00000018f8e00000| Complete 
|1991|0x00000018f9000000, 0x00000018f9200000, 0x00000018f9200000|100%|HC|  |TAMS 0x00000018f9000000, 0x00000018f9000000| Complete 
|1992|0x00000018f9200000, 0x00000018f9400000, 0x00000018f9400000|100%|HC|  |TAMS 0x00000018f9200000, 0x00000018f9200000| Complete 
|1993|0x00000018f9400000, 0x00000018f9400000, 0x00000018f9600000|  0%| F|  |TAMS 0x00000018f9400000, 0x00000018f9400000| Untracked 
|1994|0x00000018f9600000, 0x00000018f9600000, 0x00000018f9800000|  0%| F|  |TAMS 0x00000018f9600000, 0x00000018f9600000| Untracked 
|1995|0x00000018f9800000, 0x00000018f9800000, 0x00000018f9a00000|  0%| F|  |TAMS 0x00000018f9800000, 0x00000018f9800000| Untracked 
|1996|0x00000018f9a00000, 0x00000018f9a00000, 0x00000018f9c00000|  0%| F|  |TAMS 0x00000018f9a00000, 0x00000018f9a00000| Untracked 
|1997|0x00000018f9c00000, 0x00000018f9c00000, 0x00000018f9e00000|  0%| F|  |TAMS 0x00000018f9c00000, 0x00000018f9c00000| Untracked 
|1998|0x00000018f9e00000, 0x00000018f9e00000, 0x00000018fa000000|  0%| F|  |TAMS 0x00000018f9e00000, 0x00000018f9e00000| Untracked 
|1999|0x00000018fa000000, 0x00000018fa000000, 0x00000018fa200000|  0%| F|  |TAMS 0x00000018fa000000, 0x00000018fa000000| Untracked 
|2000|0x00000018fa200000, 0x00000018fa200000, 0x00000018fa400000|  0%| F|  |TAMS 0x00000018fa200000, 0x00000018fa200000| Untracked 
|2001|0x00000018fa400000, 0x00000018fa400000, 0x00000018fa600000|  0%| F|  |TAMS 0x00000018fa400000, 0x00000018fa400000| Untracked 
|2002|0x00000018fa600000, 0x00000018fa600000, 0x00000018fa800000|  0%| F|  |TAMS 0x00000018fa600000, 0x00000018fa600000| Untracked 
|2003|0x00000018fa800000, 0x00000018fa800000, 0x00000018faa00000|  0%| F|  |TAMS 0x00000018fa800000, 0x00000018fa800000| Untracked 
|2004|0x00000018faa00000, 0x00000018faa00000, 0x00000018fac00000|  0%| F|  |TAMS 0x00000018faa00000, 0x00000018faa00000| Untracked 
|2005|0x00000018fac00000, 0x00000018fac00000, 0x00000018fae00000|  0%| F|  |TAMS 0x00000018fac00000, 0x00000018fac00000| Untracked 
|2006|0x00000018fae00000, 0x00000018fae00000, 0x00000018fb000000|  0%| F|  |TAMS 0x00000018fae00000, 0x00000018fae00000| Untracked 
|2007|0x00000018fb000000, 0x00000018fb000000, 0x00000018fb200000|  0%| F|  |TAMS 0x00000018fb000000, 0x00000018fb000000| Untracked 
|2008|0x00000018fb200000, 0x00000018fb200000, 0x00000018fb400000|  0%| F|  |TAMS 0x00000018fb200000, 0x00000018fb200000| Untracked 
|2009|0x00000018fb400000, 0x00000018fb400000, 0x00000018fb600000|  0%| F|  |TAMS 0x00000018fb400000, 0x00000018fb400000| Untracked 
|2010|0x00000018fb600000, 0x00000018fb600000, 0x00000018fb800000|  0%| F|  |TAMS 0x00000018fb600000, 0x00000018fb600000| Untracked 
|2011|0x00000018fb800000, 0x00000018fb800000, 0x00000018fba00000|  0%| F|  |TAMS 0x00000018fb800000, 0x00000018fb800000| Untracked 
|2012|0x00000018fba00000, 0x00000018fba00000, 0x00000018fbc00000|  0%| F|  |TAMS 0x00000018fba00000, 0x00000018fba00000| Untracked 
|2013|0x00000018fbc00000, 0x00000018fbc00000, 0x00000018fbe00000|  0%| F|  |TAMS 0x00000018fbc00000, 0x00000018fbc00000| Untracked 
|2014|0x00000018fbe00000, 0x00000018fbe00000, 0x00000018fc000000|  0%| F|  |TAMS 0x00000018fbe00000, 0x00000018fbe00000| Untracked 
|2015|0x00000018fc000000, 0x00000018fc000000, 0x00000018fc200000|  0%| F|  |TAMS 0x00000018fc000000, 0x00000018fc000000| Untracked 
|2016|0x00000018fc200000, 0x00000018fc200000, 0x00000018fc400000|  0%| F|  |TAMS 0x00000018fc200000, 0x00000018fc200000| Untracked 
|2017|0x00000018fc400000, 0x00000018fc400000, 0x00000018fc600000|  0%| F|  |TAMS 0x00000018fc400000, 0x00000018fc400000| Untracked 
|2018|0x00000018fc600000, 0x00000018fc600000, 0x00000018fc800000|  0%| F|  |TAMS 0x00000018fc600000, 0x00000018fc600000| Untracked 
|2019|0x00000018fc800000, 0x00000018fc800000, 0x00000018fca00000|  0%| F|  |TAMS 0x00000018fc800000, 0x00000018fc800000| Untracked 
|2020|0x00000018fca00000, 0x00000018fca00000, 0x00000018fcc00000|  0%| F|  |TAMS 0x00000018fca00000, 0x00000018fca00000| Untracked 
|2021|0x00000018fcc00000, 0x00000018fcc00000, 0x00000018fce00000|  0%| F|  |TAMS 0x00000018fcc00000, 0x00000018fcc00000| Untracked 
|2022|0x00000018fce00000, 0x00000018fce00000, 0x00000018fd000000|  0%| F|  |TAMS 0x00000018fce00000, 0x00000018fce00000| Untracked 
|2023|0x00000018fd000000, 0x00000018fd000000, 0x00000018fd200000|  0%| F|  |TAMS 0x00000018fd000000, 0x00000018fd000000| Untracked 
|2024|0x00000018fd200000, 0x00000018fd200000, 0x00000018fd400000|  0%| F|  |TAMS 0x00000018fd200000, 0x00000018fd200000| Untracked 
|2025|0x00000018fd400000, 0x00000018fd400000, 0x00000018fd600000|  0%| F|  |TAMS 0x00000018fd400000, 0x00000018fd400000| Untracked 
|2026|0x00000018fd600000, 0x00000018fd600000, 0x00000018fd800000|  0%| F|  |TAMS 0x00000018fd600000, 0x00000018fd600000| Untracked 
|2027|0x00000018fd800000, 0x00000018fd800000, 0x00000018fda00000|  0%| F|  |TAMS 0x00000018fd800000, 0x00000018fd800000| Untracked 
|2028|0x00000018fda00000, 0x00000018fda00000, 0x00000018fdc00000|  0%| F|  |TAMS 0x00000018fda00000, 0x00000018fda00000| Untracked 
|2029|0x00000018fdc00000, 0x00000018fdc00000, 0x00000018fde00000|  0%| F|  |TAMS 0x00000018fdc00000, 0x00000018fdc00000| Untracked 
|2030|0x00000018fde00000, 0x00000018fde00000, 0x00000018fe000000|  0%| F|  |TAMS 0x00000018fde00000, 0x00000018fde00000| Untracked 
|2031|0x00000018fe000000, 0x00000018fe000000, 0x00000018fe200000|  0%| F|  |TAMS 0x00000018fe000000, 0x00000018fe000000| Untracked 
|2032|0x00000018fe200000, 0x00000018fe200000, 0x00000018fe400000|  0%| F|  |TAMS 0x00000018fe200000, 0x00000018fe200000| Untracked 
|2033|0x00000018fe400000, 0x00000018fe400000, 0x00000018fe600000|  0%| F|  |TAMS 0x00000018fe400000, 0x00000018fe400000| Untracked 
|2034|0x00000018fe600000, 0x00000018fe600000, 0x00000018fe800000|  0%| F|  |TAMS 0x00000018fe600000, 0x00000018fe600000| Untracked 
|2035|0x00000018fe800000, 0x00000018fe800000, 0x00000018fea00000|  0%| F|  |TAMS 0x00000018fe800000, 0x00000018fe800000| Untracked 
|2036|0x00000018fea00000, 0x00000018fea00000, 0x00000018fec00000|  0%| F|  |TAMS 0x00000018fea00000, 0x00000018fea00000| Untracked 
|2037|0x00000018fec00000, 0x00000018fec00000, 0x00000018fee00000|  0%| F|  |TAMS 0x00000018fec00000, 0x00000018fec00000| Untracked 
|2038|0x00000018fee00000, 0x00000018fee00000, 0x00000018ff000000|  0%| F|  |TAMS 0x00000018fee00000, 0x00000018fee00000| Untracked 
|2039|0x00000018ff000000, 0x00000018ff000000, 0x00000018ff200000|  0%| F|  |TAMS 0x00000018ff000000, 0x00000018ff000000| Untracked 
|2040|0x00000018ff200000, 0x00000018ff200000, 0x00000018ff400000|  0%| F|  |TAMS 0x00000018ff200000, 0x00000018ff200000| Untracked 
|2041|0x00000018ff400000, 0x00000018ff400000, 0x00000018ff600000|  0%| F|  |TAMS 0x00000018ff400000, 0x00000018ff400000| Untracked 
|2042|0x00000018ff600000, 0x00000018ff600000, 0x00000018ff800000|  0%| F|  |TAMS 0x00000018ff600000, 0x00000018ff600000| Untracked 
|2043|0x00000018ff800000, 0x00000018ff800000, 0x00000018ffa00000|  0%| F|  |TAMS 0x00000018ff800000, 0x00000018ff800000| Untracked 
|2044|0x00000018ffa00000, 0x00000018ffa00000, 0x00000018ffc00000|  0%| F|  |TAMS 0x00000018ffa00000, 0x00000018ffa00000| Untracked 
|2045|0x00000018ffc00000, 0x00000018ffc00000, 0x00000018ffe00000|  0%| F|  |TAMS 0x00000018ffc00000, 0x00000018ffc00000| Untracked 
|2046|0x00000018ffe00000, 0x00000018ffe00000, 0x0000001900000000|  0%| F|  |TAMS 0x00000018ffe00000, 0x00000018ffe00000| Untracked 
|2047|0x0000001900000000, 0x0000001900000000, 0x0000001900200000|  0%| F|  |TAMS 0x0000001900000000, 0x0000001900000000| Untracked 
|2048|0x0000001900200000, 0x0000001900200000, 0x0000001900400000|  0%| F|  |TAMS 0x0000001900200000, 0x0000001900200000| Untracked 
|2049|0x0000001900400000, 0x0000001900400000, 0x0000001900600000|  0%| F|  |TAMS 0x0000001900400000, 0x0000001900400000| Untracked 
|2050|0x0000001900600000, 0x0000001900600000, 0x0000001900800000|  0%| F|  |TAMS 0x0000001900600000, 0x0000001900600000| Untracked 
|2051|0x0000001900800000, 0x0000001900800000, 0x0000001900a00000|  0%| F|  |TAMS 0x0000001900800000, 0x0000001900800000| Untracked 
|2052|0x0000001900a00000, 0x0000001900a00000, 0x0000001900c00000|  0%| F|  |TAMS 0x0000001900a00000, 0x0000001900a00000| Untracked 
|2053|0x0000001900c00000, 0x0000001900c00000, 0x0000001900e00000|  0%| F|  |TAMS 0x0000001900c00000, 0x0000001900c00000| Untracked 
|2054|0x0000001900e00000, 0x0000001900e00000, 0x0000001901000000|  0%| F|  |TAMS 0x0000001900e00000, 0x0000001900e00000| Untracked 
|2055|0x0000001901000000, 0x0000001901000000, 0x0000001901200000|  0%| F|  |TAMS 0x0000001901000000, 0x0000001901000000| Untracked 
|2056|0x0000001901200000, 0x0000001901200000, 0x0000001901400000|  0%| F|  |TAMS 0x0000001901200000, 0x0000001901200000| Untracked 
|2057|0x0000001901400000, 0x0000001901400000, 0x0000001901600000|  0%| F|  |TAMS 0x0000001901400000, 0x0000001901400000| Untracked 
|2058|0x0000001901600000, 0x0000001901600000, 0x0000001901800000|  0%| F|  |TAMS 0x0000001901600000, 0x0000001901600000| Untracked 
|2059|0x0000001901800000, 0x0000001901800000, 0x0000001901a00000|  0%| F|  |TAMS 0x0000001901800000, 0x0000001901800000| Untracked 
|2060|0x0000001901a00000, 0x0000001901a00000, 0x0000001901c00000|  0%| F|  |TAMS 0x0000001901a00000, 0x0000001901a00000| Untracked 
|2061|0x0000001901c00000, 0x0000001901c00000, 0x0000001901e00000|  0%| F|  |TAMS 0x0000001901c00000, 0x0000001901c00000| Untracked 
|2062|0x0000001901e00000, 0x0000001901e00000, 0x0000001902000000|  0%| F|  |TAMS 0x0000001901e00000, 0x0000001901e00000| Untracked 
|2063|0x0000001902000000, 0x0000001902000000, 0x0000001902200000|  0%| F|  |TAMS 0x0000001902000000, 0x0000001902000000| Untracked 
|2064|0x0000001902200000, 0x0000001902200000, 0x0000001902400000|  0%| F|  |TAMS 0x0000001902200000, 0x0000001902200000| Untracked 
|2065|0x0000001902400000, 0x0000001902400000, 0x0000001902600000|  0%| F|  |TAMS 0x0000001902400000, 0x0000001902400000| Untracked 
|2066|0x0000001902600000, 0x0000001902600000, 0x0000001902800000|  0%| F|  |TAMS 0x0000001902600000, 0x0000001902600000| Untracked 
|2067|0x0000001902800000, 0x0000001902800000, 0x0000001902a00000|  0%| F|  |TAMS 0x0000001902800000, 0x0000001902800000| Untracked 
|2068|0x0000001902a00000, 0x0000001902a00000, 0x0000001902c00000|  0%| F|  |TAMS 0x0000001902a00000, 0x0000001902a00000| Untracked 
|2069|0x0000001902c00000, 0x0000001902c00000, 0x0000001902e00000|  0%| F|  |TAMS 0x0000001902c00000, 0x0000001902c00000| Untracked 
|2070|0x0000001902e00000, 0x0000001902e00000, 0x0000001903000000|  0%| F|  |TAMS 0x0000001902e00000, 0x0000001902e00000| Untracked 
|2071|0x0000001903000000, 0x0000001903000000, 0x0000001903200000|  0%| F|  |TAMS 0x0000001903000000, 0x0000001903000000| Untracked 
|2072|0x0000001903200000, 0x0000001903200000, 0x0000001903400000|  0%| F|  |TAMS 0x0000001903200000, 0x0000001903200000| Untracked 
|2073|0x0000001903400000, 0x0000001903400000, 0x0000001903600000|  0%| F|  |TAMS 0x0000001903400000, 0x0000001903400000| Untracked 
|2074|0x0000001903600000, 0x0000001903600000, 0x0000001903800000|  0%| F|  |TAMS 0x0000001903600000, 0x0000001903600000| Untracked 
|2075|0x0000001903800000, 0x0000001903800000, 0x0000001903a00000|  0%| F|  |TAMS 0x0000001903800000, 0x0000001903800000| Untracked 
|2076|0x0000001903a00000, 0x0000001903a00000, 0x0000001903c00000|  0%| F|  |TAMS 0x0000001903a00000, 0x0000001903a00000| Untracked 
|2077|0x0000001903c00000, 0x0000001903c00000, 0x0000001903e00000|  0%| F|  |TAMS 0x0000001903c00000, 0x0000001903c00000| Untracked 
|2078|0x0000001903e00000, 0x0000001903e00000, 0x0000001904000000|  0%| F|  |TAMS 0x0000001903e00000, 0x0000001903e00000| Untracked 
|2079|0x0000001904000000, 0x0000001904000000, 0x0000001904200000|  0%| F|  |TAMS 0x0000001904000000, 0x0000001904000000| Untracked 
|2080|0x0000001904200000, 0x0000001904400000, 0x0000001904400000|100%|HS|  |TAMS 0x0000001904200000, 0x0000001904200000| Complete 
|2081|0x0000001904400000, 0x0000001904600000, 0x0000001904600000|100%|HC|  |TAMS 0x0000001904400000, 0x0000001904400000| Complete 
|2082|0x0000001904600000, 0x0000001904800000, 0x0000001904800000|100%|HS|  |TAMS 0x0000001904600000, 0x0000001904600000| Complete 
|2083|0x0000001904800000, 0x0000001904a00000, 0x0000001904a00000|100%|HC|  |TAMS 0x0000001904800000, 0x0000001904800000| Complete 
|2084|0x0000001904a00000, 0x0000001904a00000, 0x0000001904c00000|  0%| F|  |TAMS 0x0000001904a00000, 0x0000001904a00000| Untracked 
|2085|0x0000001904c00000, 0x0000001904c00000, 0x0000001904e00000|  0%| F|  |TAMS 0x0000001904c00000, 0x0000001904c00000| Untracked 
|2086|0x0000001904e00000, 0x0000001904e00000, 0x0000001905000000|  0%| F|  |TAMS 0x0000001904e00000, 0x0000001904e00000| Untracked 
|2087|0x0000001905000000, 0x0000001905000000, 0x0000001905200000|  0%| F|  |TAMS 0x0000001905000000, 0x0000001905000000| Untracked 
|2088|0x0000001905200000, 0x0000001905200000, 0x0000001905400000|  0%| F|  |TAMS 0x0000001905200000, 0x0000001905200000| Untracked 
|2089|0x0000001905400000, 0x0000001905400000, 0x0000001905600000|  0%| F|  |TAMS 0x0000001905400000, 0x0000001905400000| Untracked 
|2090|0x0000001905600000, 0x0000001905600000, 0x0000001905800000|  0%| F|  |TAMS 0x0000001905600000, 0x0000001905600000| Untracked 
|2091|0x0000001905800000, 0x0000001905800000, 0x0000001905a00000|  0%| F|  |TAMS 0x0000001905800000, 0x0000001905800000| Untracked 
|2092|0x0000001905a00000, 0x0000001905a00000, 0x0000001905c00000|  0%| F|  |TAMS 0x0000001905a00000, 0x0000001905a00000| Untracked 
|2093|0x0000001905c00000, 0x0000001905c00000, 0x0000001905e00000|  0%| F|  |TAMS 0x0000001905c00000, 0x0000001905c00000| Untracked 
|2094|0x0000001905e00000, 0x0000001905e00000, 0x0000001906000000|  0%| F|  |TAMS 0x0000001905e00000, 0x0000001905e00000| Untracked 
|2095|0x0000001906000000, 0x0000001906000000, 0x0000001906200000|  0%| F|  |TAMS 0x0000001906000000, 0x0000001906000000| Untracked 
|2096|0x0000001906200000, 0x0000001906200000, 0x0000001906400000|  0%| F|  |TAMS 0x0000001906200000, 0x0000001906200000| Untracked 
|2097|0x0000001906400000, 0x0000001906400000, 0x0000001906600000|  0%| F|  |TAMS 0x0000001906400000, 0x0000001906400000| Untracked 
|2098|0x0000001906600000, 0x0000001906600000, 0x0000001906800000|  0%| F|  |TAMS 0x0000001906600000, 0x0000001906600000| Untracked 
|2099|0x0000001906800000, 0x0000001906800000, 0x0000001906a00000|  0%| F|  |TAMS 0x0000001906800000, 0x0000001906800000| Untracked 
|2100|0x0000001906a00000, 0x0000001906a00000, 0x0000001906c00000|  0%| F|  |TAMS 0x0000001906a00000, 0x0000001906a00000| Untracked 
|2101|0x0000001906c00000, 0x0000001906c00000, 0x0000001906e00000|  0%| F|  |TAMS 0x0000001906c00000, 0x0000001906c00000| Untracked 
|2102|0x0000001906e00000, 0x0000001906e00000, 0x0000001907000000|  0%| F|  |TAMS 0x0000001906e00000, 0x0000001906e00000| Untracked 
|2103|0x0000001907000000, 0x0000001907000000, 0x0000001907200000|  0%| F|  |TAMS 0x0000001907000000, 0x0000001907000000| Untracked 
|2104|0x0000001907200000, 0x0000001907200000, 0x0000001907400000|  0%| F|  |TAMS 0x0000001907200000, 0x0000001907200000| Untracked 
|2105|0x0000001907400000, 0x0000001907400000, 0x0000001907600000|  0%| F|  |TAMS 0x0000001907400000, 0x0000001907400000| Untracked 
|2106|0x0000001907600000, 0x0000001907600000, 0x0000001907800000|  0%| F|  |TAMS 0x0000001907600000, 0x0000001907600000| Untracked 
|2107|0x0000001907800000, 0x0000001907800000, 0x0000001907a00000|  0%| F|  |TAMS 0x0000001907800000, 0x0000001907800000| Untracked 
|2108|0x0000001907a00000, 0x0000001907a00000, 0x0000001907c00000|  0%| F|  |TAMS 0x0000001907a00000, 0x0000001907a00000| Untracked 
|2109|0x0000001907c00000, 0x0000001907c00000, 0x0000001907e00000|  0%| F|  |TAMS 0x0000001907c00000, 0x0000001907c00000| Untracked 
|2110|0x0000001907e00000, 0x0000001907e00000, 0x0000001908000000|  0%| F|  |TAMS 0x0000001907e00000, 0x0000001907e00000| Untracked 
|2111|0x0000001908000000, 0x0000001908000000, 0x0000001908200000|  0%| F|  |TAMS 0x0000001908000000, 0x0000001908000000| Untracked 
|2112|0x0000001908200000, 0x0000001908200000, 0x0000001908400000|  0%| F|  |TAMS 0x0000001908200000, 0x0000001908200000| Untracked 
|2113|0x0000001908400000, 0x0000001908400000, 0x0000001908600000|  0%| F|  |TAMS 0x0000001908400000, 0x0000001908400000| Untracked 
|2114|0x0000001908600000, 0x0000001908600000, 0x0000001908800000|  0%| F|  |TAMS 0x0000001908600000, 0x0000001908600000| Untracked 
|2115|0x0000001908800000, 0x0000001908800000, 0x0000001908a00000|  0%| F|  |TAMS 0x0000001908800000, 0x0000001908800000| Untracked 
|2116|0x0000001908a00000, 0x0000001908a00000, 0x0000001908c00000|  0%| F|  |TAMS 0x0000001908a00000, 0x0000001908a00000| Untracked 
|2117|0x0000001908c00000, 0x0000001908c00000, 0x0000001908e00000|  0%| F|  |TAMS 0x0000001908c00000, 0x0000001908c00000| Untracked 
|2118|0x0000001908e00000, 0x0000001908e00000, 0x0000001909000000|  0%| F|  |TAMS 0x0000001908e00000, 0x0000001908e00000| Untracked 
|2119|0x0000001909000000, 0x0000001909000000, 0x0000001909200000|  0%| F|  |TAMS 0x0000001909000000, 0x0000001909000000| Untracked 
|2120|0x0000001909200000, 0x0000001909200000, 0x0000001909400000|  0%| F|  |TAMS 0x0000001909200000, 0x0000001909200000| Untracked 
|2121|0x0000001909400000, 0x0000001909400000, 0x0000001909600000|  0%| F|  |TAMS 0x0000001909400000, 0x0000001909400000| Untracked 
|2122|0x0000001909600000, 0x0000001909600000, 0x0000001909800000|  0%| F|  |TAMS 0x0000001909600000, 0x0000001909600000| Untracked 
|2123|0x0000001909800000, 0x0000001909800000, 0x0000001909a00000|  0%| F|  |TAMS 0x0000001909800000, 0x0000001909800000| Untracked 
|2124|0x0000001909a00000, 0x0000001909a00000, 0x0000001909c00000|  0%| F|  |TAMS 0x0000001909a00000, 0x0000001909a00000| Untracked 
|2125|0x0000001909c00000, 0x0000001909c00000, 0x0000001909e00000|  0%| F|  |TAMS 0x0000001909c00000, 0x0000001909c00000| Untracked 
|2126|0x0000001909e00000, 0x0000001909e00000, 0x000000190a000000|  0%| F|  |TAMS 0x0000001909e00000, 0x0000001909e00000| Untracked 
|2127|0x000000190a000000, 0x000000190a200000, 0x000000190a200000|100%| O|  |TAMS 0x000000190a000000, 0x000000190a000000| Untracked 
|2128|0x000000190a200000, 0x000000190a400000, 0x000000190a400000|100%| O|  |TAMS 0x000000190a200000, 0x000000190a200000| Untracked 
|2129|0x000000190a400000, 0x000000190a600000, 0x000000190a600000|100%| O|  |TAMS 0x000000190a400000, 0x000000190a400000| Untracked 
|2130|0x000000190a600000, 0x000000190a800000, 0x000000190a800000|100%| O|  |TAMS 0x000000190a600000, 0x000000190a600000| Untracked 
|2131|0x000000190a800000, 0x000000190aa00000, 0x000000190aa00000|100%| O|  |TAMS 0x000000190a800000, 0x000000190a800000| Untracked 
|2132|0x000000190aa00000, 0x000000190ac00000, 0x000000190ac00000|100%| O|  |TAMS 0x000000190aa00000, 0x000000190aa00000| Untracked 
|2133|0x000000190ac00000, 0x000000190ae00000, 0x000000190ae00000|100%| O|  |TAMS 0x000000190ac00000, 0x000000190ac00000| Untracked 
|2134|0x000000190ae00000, 0x000000190ae00000, 0x000000190b000000|  0%| F|  |TAMS 0x000000190ae00000, 0x000000190ae00000| Untracked 
|2135|0x000000190b000000, 0x000000190b000000, 0x000000190b200000|  0%| F|  |TAMS 0x000000190b000000, 0x000000190b000000| Untracked 
|2136|0x000000190b200000, 0x000000190b200000, 0x000000190b400000|  0%| F|  |TAMS 0x000000190b200000, 0x000000190b200000| Untracked 
|2137|0x000000190b400000, 0x000000190b400000, 0x000000190b600000|  0%| F|  |TAMS 0x000000190b400000, 0x000000190b400000| Untracked 
|2138|0x000000190b600000, 0x000000190b600000, 0x000000190b800000|  0%| F|  |TAMS 0x000000190b600000, 0x000000190b600000| Untracked 
|2139|0x000000190b800000, 0x000000190b800000, 0x000000190ba00000|  0%| F|  |TAMS 0x000000190b800000, 0x000000190b800000| Untracked 
|2140|0x000000190ba00000, 0x000000190ba00000, 0x000000190bc00000|  0%| F|  |TAMS 0x000000190ba00000, 0x000000190ba00000| Untracked 
|2141|0x000000190bc00000, 0x000000190bc00000, 0x000000190be00000|  0%| F|  |TAMS 0x000000190bc00000, 0x000000190bc00000| Untracked 
|2142|0x000000190be00000, 0x000000190be00000, 0x000000190c000000|  0%| F|  |TAMS 0x000000190be00000, 0x000000190be00000| Untracked 
|2143|0x000000190c000000, 0x000000190c000000, 0x000000190c200000|  0%| F|  |TAMS 0x000000190c000000, 0x000000190c000000| Untracked 
|2144|0x000000190c200000, 0x000000190c200000, 0x000000190c400000|  0%| F|  |TAMS 0x000000190c200000, 0x000000190c200000| Untracked 
|2145|0x000000190c400000, 0x000000190c400000, 0x000000190c600000|  0%| F|  |TAMS 0x000000190c400000, 0x000000190c400000| Untracked 
|2146|0x000000190c600000, 0x000000190c600000, 0x000000190c800000|  0%| F|  |TAMS 0x000000190c600000, 0x000000190c600000| Untracked 
|2147|0x000000190c800000, 0x000000190c800000, 0x000000190ca00000|  0%| F|  |TAMS 0x000000190c800000, 0x000000190c800000| Untracked 
|2148|0x000000190ca00000, 0x000000190ca00000, 0x000000190cc00000|  0%| F|  |TAMS 0x000000190ca00000, 0x000000190ca00000| Untracked 
|2149|0x000000190cc00000, 0x000000190cc00000, 0x000000190ce00000|  0%| F|  |TAMS 0x000000190cc00000, 0x000000190cc00000| Untracked 
|2150|0x000000190ce00000, 0x000000190ce00000, 0x000000190d000000|  0%| F|  |TAMS 0x000000190ce00000, 0x000000190ce00000| Untracked 
|2151|0x000000190d000000, 0x000000190d000000, 0x000000190d200000|  0%| F|  |TAMS 0x000000190d000000, 0x000000190d000000| Untracked 
|2152|0x000000190d200000, 0x000000190d200000, 0x000000190d400000|  0%| F|  |TAMS 0x000000190d200000, 0x000000190d200000| Untracked 
|2153|0x000000190d400000, 0x000000190d400000, 0x000000190d600000|  0%| F|  |TAMS 0x000000190d400000, 0x000000190d400000| Untracked 
|2154|0x000000190d600000, 0x000000190d600000, 0x000000190d800000|  0%| F|  |TAMS 0x000000190d600000, 0x000000190d600000| Untracked 
|2155|0x000000190d800000, 0x000000190d800000, 0x000000190da00000|  0%| F|  |TAMS 0x000000190d800000, 0x000000190d800000| Untracked 
|2156|0x000000190da00000, 0x000000190da00000, 0x000000190dc00000|  0%| F|  |TAMS 0x000000190da00000, 0x000000190da00000| Untracked 
|2157|0x000000190dc00000, 0x000000190dc00000, 0x000000190de00000|  0%| F|  |TAMS 0x000000190dc00000, 0x000000190dc00000| Untracked 
|2158|0x000000190de00000, 0x000000190de00000, 0x000000190e000000|  0%| F|  |TAMS 0x000000190de00000, 0x000000190de00000| Untracked 
|2159|0x000000190e000000, 0x000000190e000000, 0x000000190e200000|  0%| F|  |TAMS 0x000000190e000000, 0x000000190e000000| Untracked 
|2160|0x000000190e200000, 0x000000190e200000, 0x000000190e400000|  0%| F|  |TAMS 0x000000190e200000, 0x000000190e200000| Untracked 
|2161|0x000000190e400000, 0x000000190e400000, 0x000000190e600000|  0%| F|  |TAMS 0x000000190e400000, 0x000000190e400000| Untracked 
|2162|0x000000190e600000, 0x000000190e600000, 0x000000190e800000|  0%| F|  |TAMS 0x000000190e600000, 0x000000190e600000| Untracked 
|2163|0x000000190e800000, 0x000000190e800000, 0x000000190ea00000|  0%| F|  |TAMS 0x000000190e800000, 0x000000190e800000| Untracked 
|2164|0x000000190ea00000, 0x000000190ea00000, 0x000000190ec00000|  0%| F|  |TAMS 0x000000190ea00000, 0x000000190ea00000| Untracked 
|2165|0x000000190ec00000, 0x000000190ec00000, 0x000000190ee00000|  0%| F|  |TAMS 0x000000190ec00000, 0x000000190ec00000| Untracked 
|2166|0x000000190ee00000, 0x000000190ee00000, 0x000000190f000000|  0%| F|  |TAMS 0x000000190ee00000, 0x000000190ee00000| Untracked 
|2167|0x000000190f000000, 0x000000190f000000, 0x000000190f200000|  0%| F|  |TAMS 0x000000190f000000, 0x000000190f000000| Untracked 
|2168|0x000000190f200000, 0x000000190f200000, 0x000000190f400000|  0%| F|  |TAMS 0x000000190f200000, 0x000000190f200000| Untracked 
|2169|0x000000190f400000, 0x000000190f400000, 0x000000190f600000|  0%| F|  |TAMS 0x000000190f400000, 0x000000190f400000| Untracked 
|2170|0x000000190f600000, 0x000000190f600000, 0x000000190f800000|  0%| F|  |TAMS 0x000000190f600000, 0x000000190f600000| Untracked 
|2171|0x000000190f800000, 0x000000190f800000, 0x000000190fa00000|  0%| F|  |TAMS 0x000000190f800000, 0x000000190f800000| Untracked 
|2172|0x000000190fa00000, 0x000000190fa00000, 0x000000190fc00000|  0%| F|  |TAMS 0x000000190fa00000, 0x000000190fa00000| Untracked 
|2173|0x000000190fc00000, 0x000000190fc00000, 0x000000190fe00000|  0%| F|  |TAMS 0x000000190fc00000, 0x000000190fc00000| Untracked 
|2174|0x000000190fe00000, 0x000000190fe00000, 0x0000001910000000|  0%| F|  |TAMS 0x000000190fe00000, 0x000000190fe00000| Untracked 
|2175|0x0000001910000000, 0x0000001910000000, 0x0000001910200000|  0%| F|  |TAMS 0x0000001910000000, 0x0000001910000000| Untracked 
|2176|0x0000001910200000, 0x0000001910200000, 0x0000001910400000|  0%| F|  |TAMS 0x0000001910200000, 0x0000001910200000| Untracked 
|2177|0x0000001910400000, 0x0000001910400000, 0x0000001910600000|  0%| F|  |TAMS 0x0000001910400000, 0x0000001910400000| Untracked 
|2178|0x0000001910600000, 0x0000001910600000, 0x0000001910800000|  0%| F|  |TAMS 0x0000001910600000, 0x0000001910600000| Untracked 
|2179|0x0000001910800000, 0x0000001910800000, 0x0000001910a00000|  0%| F|  |TAMS 0x0000001910800000, 0x0000001910800000| Untracked 
|2180|0x0000001910a00000, 0x0000001910a00000, 0x0000001910c00000|  0%| F|  |TAMS 0x0000001910a00000, 0x0000001910a00000| Untracked 
|2181|0x0000001910c00000, 0x0000001910c00000, 0x0000001910e00000|  0%| F|  |TAMS 0x0000001910c00000, 0x0000001910c00000| Untracked 
|2182|0x0000001910e00000, 0x0000001910e00000, 0x0000001911000000|  0%| F|  |TAMS 0x0000001910e00000, 0x0000001910e00000| Untracked 
|2183|0x0000001911000000, 0x0000001911000000, 0x0000001911200000|  0%| F|  |TAMS 0x0000001911000000, 0x0000001911000000| Untracked 
|2184|0x0000001911200000, 0x0000001911200000, 0x0000001911400000|  0%| F|  |TAMS 0x0000001911200000, 0x0000001911200000| Untracked 
|2185|0x0000001911400000, 0x0000001911400000, 0x0000001911600000|  0%| F|  |TAMS 0x0000001911400000, 0x0000001911400000| Untracked 
|2186|0x0000001911600000, 0x0000001911600000, 0x0000001911800000|  0%| F|  |TAMS 0x0000001911600000, 0x0000001911600000| Untracked 
|2187|0x0000001911800000, 0x0000001911800000, 0x0000001911a00000|  0%| F|  |TAMS 0x0000001911800000, 0x0000001911800000| Untracked 
|2188|0x0000001911a00000, 0x0000001911a00000, 0x0000001911c00000|  0%| F|  |TAMS 0x0000001911a00000, 0x0000001911a00000| Untracked 
|2189|0x0000001911c00000, 0x0000001911c00000, 0x0000001911e00000|  0%| F|  |TAMS 0x0000001911c00000, 0x0000001911c00000| Untracked 
|2190|0x0000001911e00000, 0x0000001911e00000, 0x0000001912000000|  0%| F|  |TAMS 0x0000001911e00000, 0x0000001911e00000| Untracked 
|2191|0x0000001912000000, 0x0000001912000000, 0x0000001912200000|  0%| F|  |TAMS 0x0000001912000000, 0x0000001912000000| Untracked 
|2192|0x0000001912200000, 0x0000001912200000, 0x0000001912400000|  0%| F|  |TAMS 0x0000001912200000, 0x0000001912200000| Untracked 
|2193|0x0000001912400000, 0x0000001912400000, 0x0000001912600000|  0%| F|  |TAMS 0x0000001912400000, 0x0000001912400000| Untracked 
|2194|0x0000001912600000, 0x0000001912600000, 0x0000001912800000|  0%| F|  |TAMS 0x0000001912600000, 0x0000001912600000| Untracked 
|2195|0x0000001912800000, 0x0000001912800000, 0x0000001912a00000|  0%| F|  |TAMS 0x0000001912800000, 0x0000001912800000| Untracked 
|2196|0x0000001912a00000, 0x0000001912a00000, 0x0000001912c00000|  0%| F|  |TAMS 0x0000001912a00000, 0x0000001912a00000| Untracked 
|2197|0x0000001912c00000, 0x0000001912c00000, 0x0000001912e00000|  0%| F|  |TAMS 0x0000001912c00000, 0x0000001912c00000| Untracked 
|2198|0x0000001912e00000, 0x0000001912e00000, 0x0000001913000000|  0%| F|  |TAMS 0x0000001912e00000, 0x0000001912e00000| Untracked 
|2199|0x0000001913000000, 0x0000001913000000, 0x0000001913200000|  0%| F|  |TAMS 0x0000001913000000, 0x0000001913000000| Untracked 
|2200|0x0000001913200000, 0x0000001913200000, 0x0000001913400000|  0%| F|  |TAMS 0x0000001913200000, 0x0000001913200000| Untracked 
|2201|0x0000001913400000, 0x0000001913400000, 0x0000001913600000|  0%| F|  |TAMS 0x0000001913400000, 0x0000001913400000| Untracked 
|2202|0x0000001913600000, 0x0000001913600000, 0x0000001913800000|  0%| F|  |TAMS 0x0000001913600000, 0x0000001913600000| Untracked 
|2203|0x0000001913800000, 0x0000001913800000, 0x0000001913a00000|  0%| F|  |TAMS 0x0000001913800000, 0x0000001913800000| Untracked 
|2204|0x0000001913a00000, 0x0000001913a00000, 0x0000001913c00000|  0%| F|  |TAMS 0x0000001913a00000, 0x0000001913a00000| Untracked 
|2205|0x0000001913c00000, 0x0000001913c00000, 0x0000001913e00000|  0%| F|  |TAMS 0x0000001913c00000, 0x0000001913c00000| Untracked 
|2206|0x0000001913e00000, 0x0000001913e00000, 0x0000001914000000|  0%| F|  |TAMS 0x0000001913e00000, 0x0000001913e00000| Untracked 
|2207|0x0000001914000000, 0x0000001914000000, 0x0000001914200000|  0%| F|  |TAMS 0x0000001914000000, 0x0000001914000000| Untracked 
|2208|0x0000001914200000, 0x0000001914200000, 0x0000001914400000|  0%| F|  |TAMS 0x0000001914200000, 0x0000001914200000| Untracked 
|2209|0x0000001914400000, 0x0000001914400000, 0x0000001914600000|  0%| F|  |TAMS 0x0000001914400000, 0x0000001914400000| Untracked 
|2210|0x0000001914600000, 0x0000001914600000, 0x0000001914800000|  0%| F|  |TAMS 0x0000001914600000, 0x0000001914600000| Untracked 
|2211|0x0000001914800000, 0x0000001914800000, 0x0000001914a00000|  0%| F|  |TAMS 0x0000001914800000, 0x0000001914800000| Untracked 
|2212|0x0000001914a00000, 0x0000001914a00000, 0x0000001914c00000|  0%| F|  |TAMS 0x0000001914a00000, 0x0000001914a00000| Untracked 
|2213|0x0000001914c00000, 0x0000001914c00000, 0x0000001914e00000|  0%| F|  |TAMS 0x0000001914c00000, 0x0000001914c00000| Untracked 
|2214|0x0000001914e00000, 0x0000001914e00000, 0x0000001915000000|  0%| F|  |TAMS 0x0000001914e00000, 0x0000001914e00000| Untracked 
|2215|0x0000001915000000, 0x0000001915000000, 0x0000001915200000|  0%| F|  |TAMS 0x0000001915000000, 0x0000001915000000| Untracked 
|2216|0x0000001915200000, 0x0000001915200000, 0x0000001915400000|  0%| F|  |TAMS 0x0000001915200000, 0x0000001915200000| Untracked 
|2217|0x0000001915400000, 0x0000001915400000, 0x0000001915600000|  0%| F|  |TAMS 0x0000001915400000, 0x0000001915400000| Untracked 
|2218|0x0000001915600000, 0x0000001915600000, 0x0000001915800000|  0%| F|  |TAMS 0x0000001915600000, 0x0000001915600000| Untracked 
|2219|0x0000001915800000, 0x0000001915800000, 0x0000001915a00000|  0%| F|  |TAMS 0x0000001915800000, 0x0000001915800000| Untracked 
|2220|0x0000001915a00000, 0x0000001915a00000, 0x0000001915c00000|  0%| F|  |TAMS 0x0000001915a00000, 0x0000001915a00000| Untracked 
|2221|0x0000001915c00000, 0x0000001915c00000, 0x0000001915e00000|  0%| F|  |TAMS 0x0000001915c00000, 0x0000001915c00000| Untracked 
|2222|0x0000001915e00000, 0x0000001915e00000, 0x0000001916000000|  0%| F|  |TAMS 0x0000001915e00000, 0x0000001915e00000| Untracked 
|2223|0x0000001916000000, 0x0000001916000000, 0x0000001916200000|  0%| F|  |TAMS 0x0000001916000000, 0x0000001916000000| Untracked 
|2224|0x0000001916200000, 0x0000001916200000, 0x0000001916400000|  0%| F|  |TAMS 0x0000001916200000, 0x0000001916200000| Untracked 
|2225|0x0000001916400000, 0x0000001916400000, 0x0000001916600000|  0%| F|  |TAMS 0x0000001916400000, 0x0000001916400000| Untracked 
|2226|0x0000001916600000, 0x0000001916600000, 0x0000001916800000|  0%| F|  |TAMS 0x0000001916600000, 0x0000001916600000| Untracked 
|2227|0x0000001916800000, 0x0000001916800000, 0x0000001916a00000|  0%| F|  |TAMS 0x0000001916800000, 0x0000001916800000| Untracked 
|2228|0x0000001916a00000, 0x0000001916a00000, 0x0000001916c00000|  0%| F|  |TAMS 0x0000001916a00000, 0x0000001916a00000| Untracked 
|2229|0x0000001916c00000, 0x0000001916c00000, 0x0000001916e00000|  0%| F|  |TAMS 0x0000001916c00000, 0x0000001916c00000| Untracked 
|2230|0x0000001916e00000, 0x0000001916e00000, 0x0000001917000000|  0%| F|  |TAMS 0x0000001916e00000, 0x0000001916e00000| Untracked 
|2231|0x0000001917000000, 0x0000001917000000, 0x0000001917200000|  0%| F|  |TAMS 0x0000001917000000, 0x0000001917000000| Untracked 
|2232|0x0000001917200000, 0x0000001917200000, 0x0000001917400000|  0%| F|  |TAMS 0x0000001917200000, 0x0000001917200000| Untracked 
|2233|0x0000001917400000, 0x0000001917400000, 0x0000001917600000|  0%| F|  |TAMS 0x0000001917400000, 0x0000001917400000| Untracked 
|2234|0x0000001917600000, 0x0000001917600000, 0x0000001917800000|  0%| F|  |TAMS 0x0000001917600000, 0x0000001917600000| Untracked 
|2235|0x0000001917800000, 0x0000001917800000, 0x0000001917a00000|  0%| F|  |TAMS 0x0000001917800000, 0x0000001917800000| Untracked 
|2236|0x0000001917a00000, 0x0000001917a00000, 0x0000001917c00000|  0%| F|  |TAMS 0x0000001917a00000, 0x0000001917a00000| Untracked 
|2237|0x0000001917c00000, 0x0000001917c00000, 0x0000001917e00000|  0%| F|  |TAMS 0x0000001917c00000, 0x0000001917c00000| Untracked 
|2238|0x0000001917e00000, 0x0000001917e00000, 0x0000001918000000|  0%| F|  |TAMS 0x0000001917e00000, 0x0000001917e00000| Untracked 
|2239|0x0000001918000000, 0x0000001918000000, 0x0000001918200000|  0%| F|  |TAMS 0x0000001918000000, 0x0000001918000000| Untracked 
|2240|0x0000001918200000, 0x0000001918200000, 0x0000001918400000|  0%| F|  |TAMS 0x0000001918200000, 0x0000001918200000| Untracked 
|2241|0x0000001918400000, 0x0000001918400000, 0x0000001918600000|  0%| F|  |TAMS 0x0000001918400000, 0x0000001918400000| Untracked 
|2242|0x0000001918600000, 0x0000001918600000, 0x0000001918800000|  0%| F|  |TAMS 0x0000001918600000, 0x0000001918600000| Untracked 
|2243|0x0000001918800000, 0x0000001918800000, 0x0000001918a00000|  0%| F|  |TAMS 0x0000001918800000, 0x0000001918800000| Untracked 
|2244|0x0000001918a00000, 0x0000001918a00000, 0x0000001918c00000|  0%| F|  |TAMS 0x0000001918a00000, 0x0000001918a00000| Untracked 
|2245|0x0000001918c00000, 0x0000001918c00000, 0x0000001918e00000|  0%| F|  |TAMS 0x0000001918c00000, 0x0000001918c00000| Untracked 
|2246|0x0000001918e00000, 0x0000001918e00000, 0x0000001919000000|  0%| F|  |TAMS 0x0000001918e00000, 0x0000001918e00000| Untracked 
|2247|0x0000001919000000, 0x0000001919000000, 0x0000001919200000|  0%| F|  |TAMS 0x0000001919000000, 0x0000001919000000| Untracked 
|2248|0x0000001919200000, 0x0000001919200000, 0x0000001919400000|  0%| F|  |TAMS 0x0000001919200000, 0x0000001919200000| Untracked 
|2249|0x0000001919400000, 0x0000001919400000, 0x0000001919600000|  0%| F|  |TAMS 0x0000001919400000, 0x0000001919400000| Untracked 
|2250|0x0000001919600000, 0x0000001919600000, 0x0000001919800000|  0%| F|  |TAMS 0x0000001919600000, 0x0000001919600000| Untracked 
|2251|0x0000001919800000, 0x0000001919800000, 0x0000001919a00000|  0%| F|  |TAMS 0x0000001919800000, 0x0000001919800000| Untracked 
|2252|0x0000001919a00000, 0x0000001919a00000, 0x0000001919c00000|  0%| F|  |TAMS 0x0000001919a00000, 0x0000001919a00000| Untracked 
|2253|0x0000001919c00000, 0x0000001919c00000, 0x0000001919e00000|  0%| F|  |TAMS 0x0000001919c00000, 0x0000001919c00000| Untracked 
|2254|0x0000001919e00000, 0x0000001919e00000, 0x000000191a000000|  0%| F|  |TAMS 0x0000001919e00000, 0x0000001919e00000| Untracked 
|2255|0x000000191a000000, 0x000000191a000000, 0x000000191a200000|  0%| F|  |TAMS 0x000000191a000000, 0x000000191a000000| Untracked 
|2256|0x000000191a200000, 0x000000191a200000, 0x000000191a400000|  0%| F|  |TAMS 0x000000191a200000, 0x000000191a200000| Untracked 
|2257|0x000000191a400000, 0x000000191a400000, 0x000000191a600000|  0%| F|  |TAMS 0x000000191a400000, 0x000000191a400000| Untracked 
|2258|0x000000191a600000, 0x000000191a600000, 0x000000191a800000|  0%| F|  |TAMS 0x000000191a600000, 0x000000191a600000| Untracked 
|2259|0x000000191a800000, 0x000000191a800000, 0x000000191aa00000|  0%| F|  |TAMS 0x000000191a800000, 0x000000191a800000| Untracked 
|2260|0x000000191aa00000, 0x000000191aa00000, 0x000000191ac00000|  0%| F|  |TAMS 0x000000191aa00000, 0x000000191aa00000| Untracked 
|2261|0x000000191ac00000, 0x000000191ac00000, 0x000000191ae00000|  0%| F|  |TAMS 0x000000191ac00000, 0x000000191ac00000| Untracked 
|2262|0x000000191ae00000, 0x000000191ae00000, 0x000000191b000000|  0%| F|  |TAMS 0x000000191ae00000, 0x000000191ae00000| Untracked 
|2263|0x000000191b000000, 0x000000191b000000, 0x000000191b200000|  0%| F|  |TAMS 0x000000191b000000, 0x000000191b000000| Untracked 
|2264|0x000000191b200000, 0x000000191b200000, 0x000000191b400000|  0%| F|  |TAMS 0x000000191b200000, 0x000000191b200000| Untracked 
|2265|0x000000191b400000, 0x000000191b400000, 0x000000191b600000|  0%| F|  |TAMS 0x000000191b400000, 0x000000191b400000| Untracked 
|2266|0x000000191b600000, 0x000000191b600000, 0x000000191b800000|  0%| F|  |TAMS 0x000000191b600000, 0x000000191b600000| Untracked 
|2267|0x000000191b800000, 0x000000191b800000, 0x000000191ba00000|  0%| F|  |TAMS 0x000000191b800000, 0x000000191b800000| Untracked 
|2268|0x000000191ba00000, 0x000000191ba00000, 0x000000191bc00000|  0%| F|  |TAMS 0x000000191ba00000, 0x000000191ba00000| Untracked 
|2269|0x000000191bc00000, 0x000000191bc00000, 0x000000191be00000|  0%| F|  |TAMS 0x000000191bc00000, 0x000000191bc00000| Untracked 
|2270|0x000000191be00000, 0x000000191be00000, 0x000000191c000000|  0%| F|  |TAMS 0x000000191be00000, 0x000000191be00000| Untracked 
|2271|0x000000191c000000, 0x000000191c000000, 0x000000191c200000|  0%| F|  |TAMS 0x000000191c000000, 0x000000191c000000| Untracked 
|2272|0x000000191c200000, 0x000000191c200000, 0x000000191c400000|  0%| F|  |TAMS 0x000000191c200000, 0x000000191c200000| Untracked 
|2273|0x000000191c400000, 0x000000191c400000, 0x000000191c600000|  0%| F|  |TAMS 0x000000191c400000, 0x000000191c400000| Untracked 
|2274|0x000000191c600000, 0x000000191c600000, 0x000000191c800000|  0%| F|  |TAMS 0x000000191c600000, 0x000000191c600000| Untracked 
|2275|0x000000191c800000, 0x000000191c800000, 0x000000191ca00000|  0%| F|  |TAMS 0x000000191c800000, 0x000000191c800000| Untracked 
|2276|0x000000191ca00000, 0x000000191ca00000, 0x000000191cc00000|  0%| F|  |TAMS 0x000000191ca00000, 0x000000191ca00000| Untracked 
|2277|0x000000191cc00000, 0x000000191cc00000, 0x000000191ce00000|  0%| F|  |TAMS 0x000000191cc00000, 0x000000191cc00000| Untracked 
|2278|0x000000191ce00000, 0x000000191ce00000, 0x000000191d000000|  0%| F|  |TAMS 0x000000191ce00000, 0x000000191ce00000| Untracked 
|2279|0x000000191d000000, 0x000000191d000000, 0x000000191d200000|  0%| F|  |TAMS 0x000000191d000000, 0x000000191d000000| Untracked 
|2280|0x000000191d200000, 0x000000191d200000, 0x000000191d400000|  0%| F|  |TAMS 0x000000191d200000, 0x000000191d200000| Untracked 
|2281|0x000000191d400000, 0x000000191d400000, 0x000000191d600000|  0%| F|  |TAMS 0x000000191d400000, 0x000000191d400000| Untracked 
|2282|0x000000191d600000, 0x000000191d600000, 0x000000191d800000|  0%| F|  |TAMS 0x000000191d600000, 0x000000191d600000| Untracked 
|2283|0x000000191d800000, 0x000000191d800000, 0x000000191da00000|  0%| F|  |TAMS 0x000000191d800000, 0x000000191d800000| Untracked 
|2284|0x000000191da00000, 0x000000191da00000, 0x000000191dc00000|  0%| F|  |TAMS 0x000000191da00000, 0x000000191da00000| Untracked 
|2285|0x000000191dc00000, 0x000000191dc00000, 0x000000191de00000|  0%| F|  |TAMS 0x000000191dc00000, 0x000000191dc00000| Untracked 
|2286|0x000000191de00000, 0x000000191de00000, 0x000000191e000000|  0%| F|  |TAMS 0x000000191de00000, 0x000000191de00000| Untracked 
|2287|0x000000191e000000, 0x000000191e000000, 0x000000191e200000|  0%| F|  |TAMS 0x000000191e000000, 0x000000191e000000| Untracked 
|2288|0x000000191e200000, 0x000000191e200000, 0x000000191e400000|  0%| F|  |TAMS 0x000000191e200000, 0x000000191e200000| Untracked 
|2289|0x000000191e400000, 0x000000191e400000, 0x000000191e600000|  0%| F|  |TAMS 0x000000191e400000, 0x000000191e400000| Untracked 
|2290|0x000000191e600000, 0x000000191e600000, 0x000000191e800000|  0%| F|  |TAMS 0x000000191e600000, 0x000000191e600000| Untracked 
|2291|0x000000191e800000, 0x000000191e800000, 0x000000191ea00000|  0%| F|  |TAMS 0x000000191e800000, 0x000000191e800000| Untracked 
|2292|0x000000191ea00000, 0x000000191ea00000, 0x000000191ec00000|  0%| F|  |TAMS 0x000000191ea00000, 0x000000191ea00000| Untracked 
|2293|0x000000191ec00000, 0x000000191ec00000, 0x000000191ee00000|  0%| F|  |TAMS 0x000000191ec00000, 0x000000191ec00000| Untracked 
|2294|0x000000191ee00000, 0x000000191ee00000, 0x000000191f000000|  0%| F|  |TAMS 0x000000191ee00000, 0x000000191ee00000| Untracked 
|2295|0x000000191f000000, 0x000000191f000000, 0x000000191f200000|  0%| F|  |TAMS 0x000000191f000000, 0x000000191f000000| Untracked 
|2296|0x000000191f200000, 0x000000191f200000, 0x000000191f400000|  0%| F|  |TAMS 0x000000191f200000, 0x000000191f200000| Untracked 
|2297|0x000000191f400000, 0x000000191f400000, 0x000000191f600000|  0%| F|  |TAMS 0x000000191f400000, 0x000000191f400000| Untracked 
|2298|0x000000191f600000, 0x000000191f600000, 0x000000191f800000|  0%| F|  |TAMS 0x000000191f600000, 0x000000191f600000| Untracked 
|2299|0x000000191f800000, 0x000000191f800000, 0x000000191fa00000|  0%| F|  |TAMS 0x000000191f800000, 0x000000191f800000| Untracked 
|2300|0x000000191fa00000, 0x000000191fa00000, 0x000000191fc00000|  0%| F|  |TAMS 0x000000191fa00000, 0x000000191fa00000| Untracked 
|2301|0x000000191fc00000, 0x000000191fc00000, 0x000000191fe00000|  0%| F|  |TAMS 0x000000191fc00000, 0x000000191fc00000| Untracked 
|2302|0x000000191fe00000, 0x000000191fe00000, 0x0000001920000000|  0%| F|  |TAMS 0x000000191fe00000, 0x000000191fe00000| Untracked 
|2303|0x0000001920000000, 0x0000001920000000, 0x0000001920200000|  0%| F|  |TAMS 0x0000001920000000, 0x0000001920000000| Untracked 
|2304|0x0000001920200000, 0x0000001920200000, 0x0000001920400000|  0%| F|  |TAMS 0x0000001920200000, 0x0000001920200000| Untracked 
|2305|0x0000001920400000, 0x0000001920400000, 0x0000001920600000|  0%| F|  |TAMS 0x0000001920400000, 0x0000001920400000| Untracked 
|2306|0x0000001920600000, 0x0000001920600000, 0x0000001920800000|  0%| F|  |TAMS 0x0000001920600000, 0x0000001920600000| Untracked 
|2307|0x0000001920800000, 0x0000001920800000, 0x0000001920a00000|  0%| F|  |TAMS 0x0000001920800000, 0x0000001920800000| Untracked 
|2308|0x0000001920a00000, 0x0000001920a00000, 0x0000001920c00000|  0%| F|  |TAMS 0x0000001920a00000, 0x0000001920a00000| Untracked 
|2309|0x0000001920c00000, 0x0000001920c00000, 0x0000001920e00000|  0%| F|  |TAMS 0x0000001920c00000, 0x0000001920c00000| Untracked 
|2310|0x0000001920e00000, 0x0000001920e00000, 0x0000001921000000|  0%| F|  |TAMS 0x0000001920e00000, 0x0000001920e00000| Untracked 
|2311|0x0000001921000000, 0x0000001921000000, 0x0000001921200000|  0%| F|  |TAMS 0x0000001921000000, 0x0000001921000000| Untracked 
|2312|0x0000001921200000, 0x0000001921200000, 0x0000001921400000|  0%| F|  |TAMS 0x0000001921200000, 0x0000001921200000| Untracked 
|2313|0x0000001921400000, 0x0000001921400000, 0x0000001921600000|  0%| F|  |TAMS 0x0000001921400000, 0x0000001921400000| Untracked 
|2314|0x0000001921600000, 0x0000001921600000, 0x0000001921800000|  0%| F|  |TAMS 0x0000001921600000, 0x0000001921600000| Untracked 
|2315|0x0000001921800000, 0x0000001921800000, 0x0000001921a00000|  0%| F|  |TAMS 0x0000001921800000, 0x0000001921800000| Untracked 
|2316|0x0000001921a00000, 0x0000001921a00000, 0x0000001921c00000|  0%| F|  |TAMS 0x0000001921a00000, 0x0000001921a00000| Untracked 
|2317|0x0000001921c00000, 0x0000001921c00000, 0x0000001921e00000|  0%| F|  |TAMS 0x0000001921c00000, 0x0000001921c00000| Untracked 
|2318|0x0000001921e00000, 0x0000001921e00000, 0x0000001922000000|  0%| F|  |TAMS 0x0000001921e00000, 0x0000001921e00000| Untracked 
|2319|0x0000001922000000, 0x0000001922000000, 0x0000001922200000|  0%| F|  |TAMS 0x0000001922000000, 0x0000001922000000| Untracked 
|2320|0x0000001922200000, 0x0000001922200000, 0x0000001922400000|  0%| F|  |TAMS 0x0000001922200000, 0x0000001922200000| Untracked 
|2321|0x0000001922400000, 0x0000001922400000, 0x0000001922600000|  0%| F|  |TAMS 0x0000001922400000, 0x0000001922400000| Untracked 
|2322|0x0000001922600000, 0x0000001922600000, 0x0000001922800000|  0%| F|  |TAMS 0x0000001922600000, 0x0000001922600000| Untracked 
|2323|0x0000001922800000, 0x0000001922800000, 0x0000001922a00000|  0%| F|  |TAMS 0x0000001922800000, 0x0000001922800000| Untracked 
|2324|0x0000001922a00000, 0x0000001922a00000, 0x0000001922c00000|  0%| F|  |TAMS 0x0000001922a00000, 0x0000001922a00000| Untracked 
|2325|0x0000001922c00000, 0x0000001922c00000, 0x0000001922e00000|  0%| F|  |TAMS 0x0000001922c00000, 0x0000001922c00000| Untracked 
|2326|0x0000001922e00000, 0x0000001922e00000, 0x0000001923000000|  0%| F|  |TAMS 0x0000001922e00000, 0x0000001922e00000| Untracked 
|2327|0x0000001923000000, 0x0000001923000000, 0x0000001923200000|  0%| F|  |TAMS 0x0000001923000000, 0x0000001923000000| Untracked 
|2328|0x0000001923200000, 0x0000001923200000, 0x0000001923400000|  0%| F|  |TAMS 0x0000001923200000, 0x0000001923200000| Untracked 
|2329|0x0000001923400000, 0x0000001923400000, 0x0000001923600000|  0%| F|  |TAMS 0x0000001923400000, 0x0000001923400000| Untracked 
|2330|0x0000001923600000, 0x0000001923600000, 0x0000001923800000|  0%| F|  |TAMS 0x0000001923600000, 0x0000001923600000| Untracked 
|2331|0x0000001923800000, 0x0000001923800000, 0x0000001923a00000|  0%| F|  |TAMS 0x0000001923800000, 0x0000001923800000| Untracked 
|2332|0x0000001923a00000, 0x0000001923a00000, 0x0000001923c00000|  0%| F|  |TAMS 0x0000001923a00000, 0x0000001923a00000| Untracked 
|2333|0x0000001923c00000, 0x0000001923c00000, 0x0000001923e00000|  0%| F|  |TAMS 0x0000001923c00000, 0x0000001923c00000| Untracked 
|2334|0x0000001923e00000, 0x0000001923e00000, 0x0000001924000000|  0%| F|  |TAMS 0x0000001923e00000, 0x0000001923e00000| Untracked 
|2335|0x0000001924000000, 0x0000001924000000, 0x0000001924200000|  0%| F|  |TAMS 0x0000001924000000, 0x0000001924000000| Untracked 
|2336|0x0000001924200000, 0x0000001924200000, 0x0000001924400000|  0%| F|  |TAMS 0x0000001924200000, 0x0000001924200000| Untracked 
|2337|0x0000001924400000, 0x0000001924400000, 0x0000001924600000|  0%| F|  |TAMS 0x0000001924400000, 0x0000001924400000| Untracked 
|2338|0x0000001924600000, 0x0000001924600000, 0x0000001924800000|  0%| F|  |TAMS 0x0000001924600000, 0x0000001924600000| Untracked 
|2339|0x0000001924800000, 0x0000001924800000, 0x0000001924a00000|  0%| F|  |TAMS 0x0000001924800000, 0x0000001924800000| Untracked 
|2340|0x0000001924a00000, 0x0000001924a00000, 0x0000001924c00000|  0%| F|  |TAMS 0x0000001924a00000, 0x0000001924a00000| Untracked 
|2341|0x0000001924c00000, 0x0000001924c00000, 0x0000001924e00000|  0%| F|  |TAMS 0x0000001924c00000, 0x0000001924c00000| Untracked 
|2342|0x0000001924e00000, 0x0000001924e00000, 0x0000001925000000|  0%| F|  |TAMS 0x0000001924e00000, 0x0000001924e00000| Untracked 
|2343|0x0000001925000000, 0x0000001925000000, 0x0000001925200000|  0%| F|  |TAMS 0x0000001925000000, 0x0000001925000000| Untracked 
|2344|0x0000001925200000, 0x0000001925200000, 0x0000001925400000|  0%| F|  |TAMS 0x0000001925200000, 0x0000001925200000| Untracked 
|2345|0x0000001925400000, 0x0000001925400000, 0x0000001925600000|  0%| F|  |TAMS 0x0000001925400000, 0x0000001925400000| Untracked 
|2346|0x0000001925600000, 0x0000001925600000, 0x0000001925800000|  0%| F|  |TAMS 0x0000001925600000, 0x0000001925600000| Untracked 
|2347|0x0000001925800000, 0x0000001925800000, 0x0000001925a00000|  0%| F|  |TAMS 0x0000001925800000, 0x0000001925800000| Untracked 
|2348|0x0000001925a00000, 0x0000001925a00000, 0x0000001925c00000|  0%| F|  |TAMS 0x0000001925a00000, 0x0000001925a00000| Untracked 
|2349|0x0000001925c00000, 0x0000001925c00000, 0x0000001925e00000|  0%| F|  |TAMS 0x0000001925c00000, 0x0000001925c00000| Untracked 
|2350|0x0000001925e00000, 0x0000001925e00000, 0x0000001926000000|  0%| F|  |TAMS 0x0000001925e00000, 0x0000001925e00000| Untracked 
|2351|0x0000001926000000, 0x0000001926000000, 0x0000001926200000|  0%| F|  |TAMS 0x0000001926000000, 0x0000001926000000| Untracked 
|2352|0x0000001926200000, 0x0000001926200000, 0x0000001926400000|  0%| F|  |TAMS 0x0000001926200000, 0x0000001926200000| Untracked 
|2353|0x0000001926400000, 0x0000001926400000, 0x0000001926600000|  0%| F|  |TAMS 0x0000001926400000, 0x0000001926400000| Untracked 
|2354|0x0000001926600000, 0x0000001926600000, 0x0000001926800000|  0%| F|  |TAMS 0x0000001926600000, 0x0000001926600000| Untracked 
|2355|0x0000001926800000, 0x0000001926800000, 0x0000001926a00000|  0%| F|  |TAMS 0x0000001926800000, 0x0000001926800000| Untracked 
|2356|0x0000001926a00000, 0x0000001926a00000, 0x0000001926c00000|  0%| F|  |TAMS 0x0000001926a00000, 0x0000001926a00000| Untracked 
|2357|0x0000001926c00000, 0x0000001926c00000, 0x0000001926e00000|  0%| F|  |TAMS 0x0000001926c00000, 0x0000001926c00000| Untracked 
|2358|0x0000001926e00000, 0x0000001926e00000, 0x0000001927000000|  0%| F|  |TAMS 0x0000001926e00000, 0x0000001926e00000| Untracked 
|2359|0x0000001927000000, 0x0000001927000000, 0x0000001927200000|  0%| F|  |TAMS 0x0000001927000000, 0x0000001927000000| Untracked 
|2360|0x0000001927200000, 0x0000001927200000, 0x0000001927400000|  0%| F|  |TAMS 0x0000001927200000, 0x0000001927200000| Untracked 
|2361|0x0000001927400000, 0x0000001927400000, 0x0000001927600000|  0%| F|  |TAMS 0x0000001927400000, 0x0000001927400000| Untracked 
|2362|0x0000001927600000, 0x0000001927600000, 0x0000001927800000|  0%| F|  |TAMS 0x0000001927600000, 0x0000001927600000| Untracked 
|2363|0x0000001927800000, 0x0000001927800000, 0x0000001927a00000|  0%| F|  |TAMS 0x0000001927800000, 0x0000001927800000| Untracked 
|2364|0x0000001927a00000, 0x0000001927a00000, 0x0000001927c00000|  0%| F|  |TAMS 0x0000001927a00000, 0x0000001927a00000| Untracked 
|2365|0x0000001927c00000, 0x0000001927c00000, 0x0000001927e00000|  0%| F|  |TAMS 0x0000001927c00000, 0x0000001927c00000| Untracked 
|2366|0x0000001927e00000, 0x0000001927e00000, 0x0000001928000000|  0%| F|  |TAMS 0x0000001927e00000, 0x0000001927e00000| Untracked 
|2367|0x0000001928000000, 0x0000001928000000, 0x0000001928200000|  0%| F|  |TAMS 0x0000001928000000, 0x0000001928000000| Untracked 
|2368|0x0000001928200000, 0x0000001928200000, 0x0000001928400000|  0%| F|  |TAMS 0x0000001928200000, 0x0000001928200000| Untracked 
|2369|0x0000001928400000, 0x0000001928400000, 0x0000001928600000|  0%| F|  |TAMS 0x0000001928400000, 0x0000001928400000| Untracked 
|2370|0x0000001928600000, 0x0000001928600000, 0x0000001928800000|  0%| F|  |TAMS 0x0000001928600000, 0x0000001928600000| Untracked 
|2371|0x0000001928800000, 0x0000001928800000, 0x0000001928a00000|  0%| F|  |TAMS 0x0000001928800000, 0x0000001928800000| Untracked 
|2372|0x0000001928a00000, 0x0000001928a00000, 0x0000001928c00000|  0%| F|  |TAMS 0x0000001928a00000, 0x0000001928a00000| Untracked 
|2373|0x0000001928c00000, 0x0000001928c00000, 0x0000001928e00000|  0%| F|  |TAMS 0x0000001928c00000, 0x0000001928c00000| Untracked 
|2374|0x0000001928e00000, 0x0000001928e00000, 0x0000001929000000|  0%| F|  |TAMS 0x0000001928e00000, 0x0000001928e00000| Untracked 
|2375|0x0000001929000000, 0x0000001929000000, 0x0000001929200000|  0%| F|  |TAMS 0x0000001929000000, 0x0000001929000000| Untracked 
|2376|0x0000001929200000, 0x0000001929200000, 0x0000001929400000|  0%| F|  |TAMS 0x0000001929200000, 0x0000001929200000| Untracked 
|2377|0x0000001929400000, 0x0000001929400000, 0x0000001929600000|  0%| F|  |TAMS 0x0000001929400000, 0x0000001929400000| Untracked 
|2378|0x0000001929600000, 0x0000001929600000, 0x0000001929800000|  0%| F|  |TAMS 0x0000001929600000, 0x0000001929600000| Untracked 
|2379|0x0000001929800000, 0x0000001929800000, 0x0000001929a00000|  0%| F|  |TAMS 0x0000001929800000, 0x0000001929800000| Untracked 
|2380|0x0000001929a00000, 0x0000001929a00000, 0x0000001929c00000|  0%| F|  |TAMS 0x0000001929a00000, 0x0000001929a00000| Untracked 
|2381|0x0000001929c00000, 0x0000001929c00000, 0x0000001929e00000|  0%| F|  |TAMS 0x0000001929c00000, 0x0000001929c00000| Untracked 
|2382|0x0000001929e00000, 0x0000001929e00000, 0x000000192a000000|  0%| F|  |TAMS 0x0000001929e00000, 0x0000001929e00000| Untracked 
|2383|0x000000192a000000, 0x000000192a000000, 0x000000192a200000|  0%| F|  |TAMS 0x000000192a000000, 0x000000192a000000| Untracked 
|2384|0x000000192a200000, 0x000000192a200000, 0x000000192a400000|  0%| F|  |TAMS 0x000000192a200000, 0x000000192a200000| Untracked 
|2385|0x000000192a400000, 0x000000192a400000, 0x000000192a600000|  0%| F|  |TAMS 0x000000192a400000, 0x000000192a400000| Untracked 
|2386|0x000000192a600000, 0x000000192a600000, 0x000000192a800000|  0%| F|  |TAMS 0x000000192a600000, 0x000000192a600000| Untracked 
|2387|0x000000192a800000, 0x000000192a800000, 0x000000192aa00000|  0%| F|  |TAMS 0x000000192a800000, 0x000000192a800000| Untracked 
|2388|0x000000192aa00000, 0x000000192aa00000, 0x000000192ac00000|  0%| F|  |TAMS 0x000000192aa00000, 0x000000192aa00000| Untracked 
|2389|0x000000192ac00000, 0x000000192ac00000, 0x000000192ae00000|  0%| F|  |TAMS 0x000000192ac00000, 0x000000192ac00000| Untracked 
|2390|0x000000192ae00000, 0x000000192ae00000, 0x000000192b000000|  0%| F|  |TAMS 0x000000192ae00000, 0x000000192ae00000| Untracked 
|2391|0x000000192b000000, 0x000000192b000000, 0x000000192b200000|  0%| F|  |TAMS 0x000000192b000000, 0x000000192b000000| Untracked 
|2392|0x000000192b200000, 0x000000192b200000, 0x000000192b400000|  0%| F|  |TAMS 0x000000192b200000, 0x000000192b200000| Untracked 
|2393|0x000000192b400000, 0x000000192b400000, 0x000000192b600000|  0%| F|  |TAMS 0x000000192b400000, 0x000000192b400000| Untracked 
|2394|0x000000192b600000, 0x000000192b600000, 0x000000192b800000|  0%| F|  |TAMS 0x000000192b600000, 0x000000192b600000| Untracked 
|2395|0x000000192b800000, 0x000000192b800000, 0x000000192ba00000|  0%| F|  |TAMS 0x000000192b800000, 0x000000192b800000| Untracked 
|2396|0x000000192ba00000, 0x000000192ba00000, 0x000000192bc00000|  0%| F|  |TAMS 0x000000192ba00000, 0x000000192ba00000| Untracked 
|2397|0x000000192bc00000, 0x000000192bc00000, 0x000000192be00000|  0%| F|  |TAMS 0x000000192bc00000, 0x000000192bc00000| Untracked 
|2398|0x000000192be00000, 0x000000192be00000, 0x000000192c000000|  0%| F|  |TAMS 0x000000192be00000, 0x000000192be00000| Untracked 
|2399|0x000000192c000000, 0x000000192c000000, 0x000000192c200000|  0%| F|  |TAMS 0x000000192c000000, 0x000000192c000000| Untracked 
|2400|0x000000192c200000, 0x000000192c200000, 0x000000192c400000|  0%| F|  |TAMS 0x000000192c200000, 0x000000192c200000| Untracked 
|2401|0x000000192c400000, 0x000000192c400000, 0x000000192c600000|  0%| F|  |TAMS 0x000000192c400000, 0x000000192c400000| Untracked 
|2402|0x000000192c600000, 0x000000192c600000, 0x000000192c800000|  0%| F|  |TAMS 0x000000192c600000, 0x000000192c600000| Untracked 
|2403|0x000000192c800000, 0x000000192c800000, 0x000000192ca00000|  0%| F|  |TAMS 0x000000192c800000, 0x000000192c800000| Untracked 
|2404|0x000000192ca00000, 0x000000192ca00000, 0x000000192cc00000|  0%| F|  |TAMS 0x000000192ca00000, 0x000000192ca00000| Untracked 
|2405|0x000000192cc00000, 0x000000192cc00000, 0x000000192ce00000|  0%| F|  |TAMS 0x000000192cc00000, 0x000000192cc00000| Untracked 
|2406|0x000000192ce00000, 0x000000192ce00000, 0x000000192d000000|  0%| F|  |TAMS 0x000000192ce00000, 0x000000192ce00000| Untracked 
|2407|0x000000192d000000, 0x000000192d000000, 0x000000192d200000|  0%| F|  |TAMS 0x000000192d000000, 0x000000192d000000| Untracked 
|2408|0x000000192d200000, 0x000000192d200000, 0x000000192d400000|  0%| F|  |TAMS 0x000000192d200000, 0x000000192d200000| Untracked 
|2409|0x000000192d400000, 0x000000192d400000, 0x000000192d600000|  0%| F|  |TAMS 0x000000192d400000, 0x000000192d400000| Untracked 
|2410|0x000000192d600000, 0x000000192d600000, 0x000000192d800000|  0%| F|  |TAMS 0x000000192d600000, 0x000000192d600000| Untracked 
|2411|0x000000192d800000, 0x000000192d800000, 0x000000192da00000|  0%| F|  |TAMS 0x000000192d800000, 0x000000192d800000| Untracked 
|2412|0x000000192da00000, 0x000000192da00000, 0x000000192dc00000|  0%| F|  |TAMS 0x000000192da00000, 0x000000192da00000| Untracked 
|2413|0x000000192dc00000, 0x000000192dc00000, 0x000000192de00000|  0%| F|  |TAMS 0x000000192dc00000, 0x000000192dc00000| Untracked 
|2414|0x000000192de00000, 0x000000192de00000, 0x000000192e000000|  0%| F|  |TAMS 0x000000192de00000, 0x000000192de00000| Untracked 
|2415|0x000000192e000000, 0x000000192e000000, 0x000000192e200000|  0%| F|  |TAMS 0x000000192e000000, 0x000000192e000000| Untracked 
|2416|0x000000192e200000, 0x000000192e200000, 0x000000192e400000|  0%| F|  |TAMS 0x000000192e200000, 0x000000192e200000| Untracked 
|2417|0x000000192e400000, 0x000000192e400000, 0x000000192e600000|  0%| F|  |TAMS 0x000000192e400000, 0x000000192e400000| Untracked 
|2418|0x000000192e600000, 0x000000192e600000, 0x000000192e800000|  0%| F|  |TAMS 0x000000192e600000, 0x000000192e600000| Untracked 
|2419|0x000000192e800000, 0x000000192e800000, 0x000000192ea00000|  0%| F|  |TAMS 0x000000192e800000, 0x000000192e800000| Untracked 
|2420|0x000000192ea00000, 0x000000192ea00000, 0x000000192ec00000|  0%| F|  |TAMS 0x000000192ea00000, 0x000000192ea00000| Untracked 
|2421|0x000000192ec00000, 0x000000192ec00000, 0x000000192ee00000|  0%| F|  |TAMS 0x000000192ec00000, 0x000000192ec00000| Untracked 
|2422|0x000000192ee00000, 0x000000192ee00000, 0x000000192f000000|  0%| F|  |TAMS 0x000000192ee00000, 0x000000192ee00000| Untracked 
|2423|0x000000192f000000, 0x000000192f000000, 0x000000192f200000|  0%| F|  |TAMS 0x000000192f000000, 0x000000192f000000| Untracked 
|2424|0x000000192f200000, 0x000000192f200000, 0x000000192f400000|  0%| F|  |TAMS 0x000000192f200000, 0x000000192f200000| Untracked 
|2425|0x000000192f400000, 0x000000192f400000, 0x000000192f600000|  0%| F|  |TAMS 0x000000192f400000, 0x000000192f400000| Untracked 
|2426|0x000000192f600000, 0x000000192f600000, 0x000000192f800000|  0%| F|  |TAMS 0x000000192f600000, 0x000000192f600000| Untracked 
|2427|0x000000192f800000, 0x000000192f800000, 0x000000192fa00000|  0%| F|  |TAMS 0x000000192f800000, 0x000000192f800000| Untracked 
|2428|0x000000192fa00000, 0x000000192fa00000, 0x000000192fc00000|  0%| F|  |TAMS 0x000000192fa00000, 0x000000192fa00000| Untracked 
|2429|0x000000192fc00000, 0x000000192fc00000, 0x000000192fe00000|  0%| F|  |TAMS 0x000000192fc00000, 0x000000192fc00000| Untracked 
|2430|0x000000192fe00000, 0x000000192fe00000, 0x0000001930000000|  0%| F|  |TAMS 0x000000192fe00000, 0x000000192fe00000| Untracked 
|2431|0x0000001930000000, 0x0000001930000000, 0x0000001930200000|  0%| F|  |TAMS 0x0000001930000000, 0x0000001930000000| Untracked 
|2432|0x0000001930200000, 0x0000001930200000, 0x0000001930400000|  0%| F|  |TAMS 0x0000001930200000, 0x0000001930200000| Untracked 
|2433|0x0000001930400000, 0x0000001930400000, 0x0000001930600000|  0%| F|  |TAMS 0x0000001930400000, 0x0000001930400000| Untracked 
|2434|0x0000001930600000, 0x0000001930600000, 0x0000001930800000|  0%| F|  |TAMS 0x0000001930600000, 0x0000001930600000| Untracked 
|2435|0x0000001930800000, 0x0000001930800000, 0x0000001930a00000|  0%| F|  |TAMS 0x0000001930800000, 0x0000001930800000| Untracked 
|2436|0x0000001930a00000, 0x0000001930a00000, 0x0000001930c00000|  0%| F|  |TAMS 0x0000001930a00000, 0x0000001930a00000| Untracked 
|2437|0x0000001930c00000, 0x0000001930c00000, 0x0000001930e00000|  0%| F|  |TAMS 0x0000001930c00000, 0x0000001930c00000| Untracked 
|2438|0x0000001930e00000, 0x0000001930e00000, 0x0000001931000000|  0%| F|  |TAMS 0x0000001930e00000, 0x0000001930e00000| Untracked 
|2439|0x0000001931000000, 0x0000001931000000, 0x0000001931200000|  0%| F|  |TAMS 0x0000001931000000, 0x0000001931000000| Untracked 
|2440|0x0000001931200000, 0x0000001931200000, 0x0000001931400000|  0%| F|  |TAMS 0x0000001931200000, 0x0000001931200000| Untracked 
|2441|0x0000001931400000, 0x0000001931400000, 0x0000001931600000|  0%| F|  |TAMS 0x0000001931400000, 0x0000001931400000| Untracked 
|2442|0x0000001931600000, 0x0000001931600000, 0x0000001931800000|  0%| F|  |TAMS 0x0000001931600000, 0x0000001931600000| Untracked 
|2443|0x0000001931800000, 0x0000001931800000, 0x0000001931a00000|  0%| F|  |TAMS 0x0000001931800000, 0x0000001931800000| Untracked 
|2444|0x0000001931a00000, 0x0000001931a00000, 0x0000001931c00000|  0%| F|  |TAMS 0x0000001931a00000, 0x0000001931a00000| Untracked 
|2445|0x0000001931c00000, 0x0000001931c00000, 0x0000001931e00000|  0%| F|  |TAMS 0x0000001931c00000, 0x0000001931c00000| Untracked 
|2446|0x0000001931e00000, 0x0000001931e00000, 0x0000001932000000|  0%| F|  |TAMS 0x0000001931e00000, 0x0000001931e00000| Untracked 
|2447|0x0000001932000000, 0x0000001932000000, 0x0000001932200000|  0%| F|  |TAMS 0x0000001932000000, 0x0000001932000000| Untracked 
|2448|0x0000001932200000, 0x0000001932200000, 0x0000001932400000|  0%| F|  |TAMS 0x0000001932200000, 0x0000001932200000| Untracked 
|2449|0x0000001932400000, 0x0000001932400000, 0x0000001932600000|  0%| F|  |TAMS 0x0000001932400000, 0x0000001932400000| Untracked 
|2450|0x0000001932600000, 0x0000001932600000, 0x0000001932800000|  0%| F|  |TAMS 0x0000001932600000, 0x0000001932600000| Untracked 
|2451|0x0000001932800000, 0x0000001932800000, 0x0000001932a00000|  0%| F|  |TAMS 0x0000001932800000, 0x0000001932800000| Untracked 
|2452|0x0000001932a00000, 0x0000001932a00000, 0x0000001932c00000|  0%| F|  |TAMS 0x0000001932a00000, 0x0000001932a00000| Untracked 
|2453|0x0000001932c00000, 0x0000001932c00000, 0x0000001932e00000|  0%| F|  |TAMS 0x0000001932c00000, 0x0000001932c00000| Untracked 
|2454|0x0000001932e00000, 0x0000001932e00000, 0x0000001933000000|  0%| F|  |TAMS 0x0000001932e00000, 0x0000001932e00000| Untracked 
|2455|0x0000001933000000, 0x0000001933000000, 0x0000001933200000|  0%| F|  |TAMS 0x0000001933000000, 0x0000001933000000| Untracked 
|2456|0x0000001933200000, 0x0000001933200000, 0x0000001933400000|  0%| F|  |TAMS 0x0000001933200000, 0x0000001933200000| Untracked 
|2457|0x0000001933400000, 0x0000001933400000, 0x0000001933600000|  0%| F|  |TAMS 0x0000001933400000, 0x0000001933400000| Untracked 
|2458|0x0000001933600000, 0x0000001933600000, 0x0000001933800000|  0%| F|  |TAMS 0x0000001933600000, 0x0000001933600000| Untracked 
|2459|0x0000001933800000, 0x0000001933800000, 0x0000001933a00000|  0%| F|  |TAMS 0x0000001933800000, 0x0000001933800000| Untracked 
|2460|0x0000001933a00000, 0x0000001933a00000, 0x0000001933c00000|  0%| F|  |TAMS 0x0000001933a00000, 0x0000001933a00000| Untracked 
|2461|0x0000001933c00000, 0x0000001933c00000, 0x0000001933e00000|  0%| F|  |TAMS 0x0000001933c00000, 0x0000001933c00000| Untracked 
|2462|0x0000001933e00000, 0x0000001933e00000, 0x0000001934000000|  0%| F|  |TAMS 0x0000001933e00000, 0x0000001933e00000| Untracked 
|2463|0x0000001934000000, 0x0000001934000000, 0x0000001934200000|  0%| F|  |TAMS 0x0000001934000000, 0x0000001934000000| Untracked 
|2464|0x0000001934200000, 0x0000001934200000, 0x0000001934400000|  0%| F|  |TAMS 0x0000001934200000, 0x0000001934200000| Untracked 
|2465|0x0000001934400000, 0x0000001934400000, 0x0000001934600000|  0%| F|  |TAMS 0x0000001934400000, 0x0000001934400000| Untracked 
|2466|0x0000001934600000, 0x0000001934600000, 0x0000001934800000|  0%| F|  |TAMS 0x0000001934600000, 0x0000001934600000| Untracked 
|2467|0x0000001934800000, 0x0000001934800000, 0x0000001934a00000|  0%| F|  |TAMS 0x0000001934800000, 0x0000001934800000| Untracked 
|2468|0x0000001934a00000, 0x0000001934a00000, 0x0000001934c00000|  0%| F|  |TAMS 0x0000001934a00000, 0x0000001934a00000| Untracked 
|2469|0x0000001934c00000, 0x0000001934c00000, 0x0000001934e00000|  0%| F|  |TAMS 0x0000001934c00000, 0x0000001934c00000| Untracked 
|2470|0x0000001934e00000, 0x0000001934e00000, 0x0000001935000000|  0%| F|  |TAMS 0x0000001934e00000, 0x0000001934e00000| Untracked 
|2471|0x0000001935000000, 0x0000001935000000, 0x0000001935200000|  0%| F|  |TAMS 0x0000001935000000, 0x0000001935000000| Untracked 
|2472|0x0000001935200000, 0x0000001935200000, 0x0000001935400000|  0%| F|  |TAMS 0x0000001935200000, 0x0000001935200000| Untracked 
|2473|0x0000001935400000, 0x0000001935400000, 0x0000001935600000|  0%| F|  |TAMS 0x0000001935400000, 0x0000001935400000| Untracked 
|2474|0x0000001935600000, 0x0000001935600000, 0x0000001935800000|  0%| F|  |TAMS 0x0000001935600000, 0x0000001935600000| Untracked 
|2475|0x0000001935800000, 0x0000001935800000, 0x0000001935a00000|  0%| F|  |TAMS 0x0000001935800000, 0x0000001935800000| Untracked 
|2476|0x0000001935a00000, 0x0000001935a00000, 0x0000001935c00000|  0%| F|  |TAMS 0x0000001935a00000, 0x0000001935a00000| Untracked 
|2477|0x0000001935c00000, 0x0000001935c00000, 0x0000001935e00000|  0%| F|  |TAMS 0x0000001935c00000, 0x0000001935c00000| Untracked 
|2478|0x0000001935e00000, 0x0000001935e00000, 0x0000001936000000|  0%| F|  |TAMS 0x0000001935e00000, 0x0000001935e00000| Untracked 
|2479|0x0000001936000000, 0x0000001936000000, 0x0000001936200000|  0%| F|  |TAMS 0x0000001936000000, 0x0000001936000000| Untracked 
|2480|0x0000001936200000, 0x0000001936200000, 0x0000001936400000|  0%| F|  |TAMS 0x0000001936200000, 0x0000001936200000| Untracked 
|2481|0x0000001936400000, 0x0000001936400000, 0x0000001936600000|  0%| F|  |TAMS 0x0000001936400000, 0x0000001936400000| Untracked 
|2482|0x0000001936600000, 0x0000001936600000, 0x0000001936800000|  0%| F|  |TAMS 0x0000001936600000, 0x0000001936600000| Untracked 
|2483|0x0000001936800000, 0x0000001936800000, 0x0000001936a00000|  0%| F|  |TAMS 0x0000001936800000, 0x0000001936800000| Untracked 
|2484|0x0000001936a00000, 0x0000001936a00000, 0x0000001936c00000|  0%| F|  |TAMS 0x0000001936a00000, 0x0000001936a00000| Untracked 
|2485|0x0000001936c00000, 0x0000001936c00000, 0x0000001936e00000|  0%| F|  |TAMS 0x0000001936c00000, 0x0000001936c00000| Untracked 
|2486|0x0000001936e00000, 0x0000001936e00000, 0x0000001937000000|  0%| F|  |TAMS 0x0000001936e00000, 0x0000001936e00000| Untracked 
|2487|0x0000001937000000, 0x0000001937000000, 0x0000001937200000|  0%| F|  |TAMS 0x0000001937000000, 0x0000001937000000| Untracked 
|2488|0x0000001937200000, 0x0000001937200000, 0x0000001937400000|  0%| F|  |TAMS 0x0000001937200000, 0x0000001937200000| Untracked 
|2489|0x0000001937400000, 0x0000001937400000, 0x0000001937600000|  0%| F|  |TAMS 0x0000001937400000, 0x0000001937400000| Untracked 
|2490|0x0000001937600000, 0x0000001937600000, 0x0000001937800000|  0%| F|  |TAMS 0x0000001937600000, 0x0000001937600000| Untracked 
|2491|0x0000001937800000, 0x0000001937800000, 0x0000001937a00000|  0%| F|  |TAMS 0x0000001937800000, 0x0000001937800000| Untracked 
|2492|0x0000001937a00000, 0x0000001937a00000, 0x0000001937c00000|  0%| F|  |TAMS 0x0000001937a00000, 0x0000001937a00000| Untracked 
|2493|0x0000001937c00000, 0x0000001937c00000, 0x0000001937e00000|  0%| F|  |TAMS 0x0000001937c00000, 0x0000001937c00000| Untracked 
|2494|0x0000001937e00000, 0x0000001937e00000, 0x0000001938000000|  0%| F|  |TAMS 0x0000001937e00000, 0x0000001937e00000| Untracked 
|2495|0x0000001938000000, 0x0000001938000000, 0x0000001938200000|  0%| F|  |TAMS 0x0000001938000000, 0x0000001938000000| Untracked 
|2496|0x0000001938200000, 0x0000001938200000, 0x0000001938400000|  0%| F|  |TAMS 0x0000001938200000, 0x0000001938200000| Untracked 
|2497|0x0000001938400000, 0x0000001938400000, 0x0000001938600000|  0%| F|  |TAMS 0x0000001938400000, 0x0000001938400000| Untracked 
|2498|0x0000001938600000, 0x0000001938600000, 0x0000001938800000|  0%| F|  |TAMS 0x0000001938600000, 0x0000001938600000| Untracked 
|2499|0x0000001938800000, 0x0000001938800000, 0x0000001938a00000|  0%| F|  |TAMS 0x0000001938800000, 0x0000001938800000| Untracked 
|2500|0x0000001938a00000, 0x0000001938a00000, 0x0000001938c00000|  0%| F|  |TAMS 0x0000001938a00000, 0x0000001938a00000| Untracked 
|2501|0x0000001938c00000, 0x0000001938c00000, 0x0000001938e00000|  0%| F|  |TAMS 0x0000001938c00000, 0x0000001938c00000| Untracked 
|2502|0x0000001938e00000, 0x0000001938e00000, 0x0000001939000000|  0%| F|  |TAMS 0x0000001938e00000, 0x0000001938e00000| Untracked 
|2503|0x0000001939000000, 0x0000001939000000, 0x0000001939200000|  0%| F|  |TAMS 0x0000001939000000, 0x0000001939000000| Untracked 
|2504|0x0000001939200000, 0x0000001939200000, 0x0000001939400000|  0%| F|  |TAMS 0x0000001939200000, 0x0000001939200000| Untracked 
|2505|0x0000001939400000, 0x0000001939400000, 0x0000001939600000|  0%| F|  |TAMS 0x0000001939400000, 0x0000001939400000| Untracked 
|2506|0x0000001939600000, 0x0000001939600000, 0x0000001939800000|  0%| F|  |TAMS 0x0000001939600000, 0x0000001939600000| Untracked 
|2507|0x0000001939800000, 0x0000001939800000, 0x0000001939a00000|  0%| F|  |TAMS 0x0000001939800000, 0x0000001939800000| Untracked 
|2508|0x0000001939a00000, 0x0000001939a00000, 0x0000001939c00000|  0%| F|  |TAMS 0x0000001939a00000, 0x0000001939a00000| Untracked 
|2509|0x0000001939c00000, 0x0000001939c00000, 0x0000001939e00000|  0%| F|  |TAMS 0x0000001939c00000, 0x0000001939c00000| Untracked 
|2510|0x0000001939e00000, 0x0000001939e00000, 0x000000193a000000|  0%| F|  |TAMS 0x0000001939e00000, 0x0000001939e00000| Untracked 
|2511|0x000000193a000000, 0x000000193a000000, 0x000000193a200000|  0%| F|  |TAMS 0x000000193a000000, 0x000000193a000000| Untracked 
|2512|0x000000193a200000, 0x000000193a200000, 0x000000193a400000|  0%| F|  |TAMS 0x000000193a200000, 0x000000193a200000| Untracked 
|2513|0x000000193a400000, 0x000000193a400000, 0x000000193a600000|  0%| F|  |TAMS 0x000000193a400000, 0x000000193a400000| Untracked 
|2514|0x000000193a600000, 0x000000193a600000, 0x000000193a800000|  0%| F|  |TAMS 0x000000193a600000, 0x000000193a600000| Untracked 
|2515|0x000000193a800000, 0x000000193a800000, 0x000000193aa00000|  0%| F|  |TAMS 0x000000193a800000, 0x000000193a800000| Untracked 
|2516|0x000000193aa00000, 0x000000193aa00000, 0x000000193ac00000|  0%| F|  |TAMS 0x000000193aa00000, 0x000000193aa00000| Untracked 
|2517|0x000000193ac00000, 0x000000193ac00000, 0x000000193ae00000|  0%| F|  |TAMS 0x000000193ac00000, 0x000000193ac00000| Untracked 
|2518|0x000000193ae00000, 0x000000193ae00000, 0x000000193b000000|  0%| F|  |TAMS 0x000000193ae00000, 0x000000193ae00000| Untracked 
|2519|0x000000193b000000, 0x000000193b000000, 0x000000193b200000|  0%| F|  |TAMS 0x000000193b000000, 0x000000193b000000| Untracked 
|2520|0x000000193b200000, 0x000000193b200000, 0x000000193b400000|  0%| F|  |TAMS 0x000000193b200000, 0x000000193b200000| Untracked 
|2521|0x000000193b400000, 0x000000193b400000, 0x000000193b600000|  0%| F|  |TAMS 0x000000193b400000, 0x000000193b400000| Untracked 
|2522|0x000000193b600000, 0x000000193b600000, 0x000000193b800000|  0%| F|  |TAMS 0x000000193b600000, 0x000000193b600000| Untracked 
|2523|0x000000193b800000, 0x000000193b800000, 0x000000193ba00000|  0%| F|  |TAMS 0x000000193b800000, 0x000000193b800000| Untracked 
|2524|0x000000193ba00000, 0x000000193ba00000, 0x000000193bc00000|  0%| F|  |TAMS 0x000000193ba00000, 0x000000193ba00000| Untracked 
|2525|0x000000193bc00000, 0x000000193bc00000, 0x000000193be00000|  0%| F|  |TAMS 0x000000193bc00000, 0x000000193bc00000| Untracked 
|2526|0x000000193be00000, 0x000000193be00000, 0x000000193c000000|  0%| F|  |TAMS 0x000000193be00000, 0x000000193be00000| Untracked 
|2527|0x000000193c000000, 0x000000193c000000, 0x000000193c200000|  0%| F|  |TAMS 0x000000193c000000, 0x000000193c000000| Untracked 
|2528|0x000000193c200000, 0x000000193c200000, 0x000000193c400000|  0%| F|  |TAMS 0x000000193c200000, 0x000000193c200000| Untracked 
|2529|0x000000193c400000, 0x000000193c400000, 0x000000193c600000|  0%| F|  |TAMS 0x000000193c400000, 0x000000193c400000| Untracked 
|2530|0x000000193c600000, 0x000000193c600000, 0x000000193c800000|  0%| F|  |TAMS 0x000000193c600000, 0x000000193c600000| Untracked 
|2531|0x000000193c800000, 0x000000193c800000, 0x000000193ca00000|  0%| F|  |TAMS 0x000000193c800000, 0x000000193c800000| Untracked 
|2532|0x000000193ca00000, 0x000000193ca00000, 0x000000193cc00000|  0%| F|  |TAMS 0x000000193ca00000, 0x000000193ca00000| Untracked 
|2533|0x000000193cc00000, 0x000000193cc00000, 0x000000193ce00000|  0%| F|  |TAMS 0x000000193cc00000, 0x000000193cc00000| Untracked 
|2534|0x000000193ce00000, 0x000000193ce00000, 0x000000193d000000|  0%| F|  |TAMS 0x000000193ce00000, 0x000000193ce00000| Untracked 
|2535|0x000000193d000000, 0x000000193d000000, 0x000000193d200000|  0%| F|  |TAMS 0x000000193d000000, 0x000000193d000000| Untracked 
|2536|0x000000193d200000, 0x000000193d200000, 0x000000193d400000|  0%| F|  |TAMS 0x000000193d200000, 0x000000193d200000| Untracked 
|2537|0x000000193d400000, 0x000000193d400000, 0x000000193d600000|  0%| F|  |TAMS 0x000000193d400000, 0x000000193d400000| Untracked 
|2538|0x000000193d600000, 0x000000193d600000, 0x000000193d800000|  0%| F|  |TAMS 0x000000193d600000, 0x000000193d600000| Untracked 
|2539|0x000000193d800000, 0x000000193d800000, 0x000000193da00000|  0%| F|  |TAMS 0x000000193d800000, 0x000000193d800000| Untracked 
|2540|0x000000193da00000, 0x000000193da00000, 0x000000193dc00000|  0%| F|  |TAMS 0x000000193da00000, 0x000000193da00000| Untracked 
|2541|0x000000193dc00000, 0x000000193dc00000, 0x000000193de00000|  0%| F|  |TAMS 0x000000193dc00000, 0x000000193dc00000| Untracked 
|2542|0x000000193de00000, 0x000000193de00000, 0x000000193e000000|  0%| F|  |TAMS 0x000000193de00000, 0x000000193de00000| Untracked 
|2543|0x000000193e000000, 0x000000193e000000, 0x000000193e200000|  0%| F|  |TAMS 0x000000193e000000, 0x000000193e000000| Untracked 
|2544|0x000000193e200000, 0x000000193e200000, 0x000000193e400000|  0%| F|  |TAMS 0x000000193e200000, 0x000000193e200000| Untracked 
|2545|0x000000193e400000, 0x000000193e400000, 0x000000193e600000|  0%| F|  |TAMS 0x000000193e400000, 0x000000193e400000| Untracked 
|2546|0x000000193e600000, 0x000000193e600000, 0x000000193e800000|  0%| F|  |TAMS 0x000000193e600000, 0x000000193e600000| Untracked 
|2547|0x000000193e800000, 0x000000193e800000, 0x000000193ea00000|  0%| F|  |TAMS 0x000000193e800000, 0x000000193e800000| Untracked 
|2548|0x000000193ea00000, 0x000000193ea00000, 0x000000193ec00000|  0%| F|  |TAMS 0x000000193ea00000, 0x000000193ea00000| Untracked 
|2549|0x000000193ec00000, 0x000000193ec00000, 0x000000193ee00000|  0%| F|  |TAMS 0x000000193ec00000, 0x000000193ec00000| Untracked 
|2550|0x000000193ee00000, 0x000000193ee00000, 0x000000193f000000|  0%| F|  |TAMS 0x000000193ee00000, 0x000000193ee00000| Untracked 
|2551|0x000000193f000000, 0x000000193f000000, 0x000000193f200000|  0%| F|  |TAMS 0x000000193f000000, 0x000000193f000000| Untracked 
|2552|0x000000193f200000, 0x000000193f200000, 0x000000193f400000|  0%| F|  |TAMS 0x000000193f200000, 0x000000193f200000| Untracked 
|2553|0x000000193f400000, 0x000000193f400000, 0x000000193f600000|  0%| F|  |TAMS 0x000000193f400000, 0x000000193f400000| Untracked 
|2554|0x000000193f600000, 0x000000193f600000, 0x000000193f800000|  0%| F|  |TAMS 0x000000193f600000, 0x000000193f600000| Untracked 
|2555|0x000000193f800000, 0x000000193f800000, 0x000000193fa00000|  0%| F|  |TAMS 0x000000193f800000, 0x000000193f800000| Untracked 
|2556|0x000000193fa00000, 0x000000193fa00000, 0x000000193fc00000|  0%| F|  |TAMS 0x000000193fa00000, 0x000000193fa00000| Untracked 
|2557|0x000000193fc00000, 0x000000193fc00000, 0x000000193fe00000|  0%| F|  |TAMS 0x000000193fc00000, 0x000000193fc00000| Untracked 
|2558|0x000000193fe00000, 0x000000193fe00000, 0x0000001940000000|  0%| F|  |TAMS 0x000000193fe00000, 0x000000193fe00000| Untracked 
|2559|0x0000001940000000, 0x0000001940000000, 0x0000001940200000|  0%| F|  |TAMS 0x0000001940000000, 0x0000001940000000| Untracked 
|2560|0x0000001940200000, 0x0000001940200000, 0x0000001940400000|  0%| F|  |TAMS 0x0000001940200000, 0x0000001940200000| Untracked 
|2561|0x0000001940400000, 0x0000001940400000, 0x0000001940600000|  0%| F|  |TAMS 0x0000001940400000, 0x0000001940400000| Untracked 
|2562|0x0000001940600000, 0x0000001940600000, 0x0000001940800000|  0%| F|  |TAMS 0x0000001940600000, 0x0000001940600000| Untracked 
|2563|0x0000001940800000, 0x0000001940800000, 0x0000001940a00000|  0%| F|  |TAMS 0x0000001940800000, 0x0000001940800000| Untracked 
|2564|0x0000001940a00000, 0x0000001940a00000, 0x0000001940c00000|  0%| F|  |TAMS 0x0000001940a00000, 0x0000001940a00000| Untracked 
|2565|0x0000001940c00000, 0x0000001940c00000, 0x0000001940e00000|  0%| F|  |TAMS 0x0000001940c00000, 0x0000001940c00000| Untracked 
|2566|0x0000001940e00000, 0x0000001940e00000, 0x0000001941000000|  0%| F|  |TAMS 0x0000001940e00000, 0x0000001940e00000| Untracked 
|2567|0x0000001941000000, 0x0000001941000000, 0x0000001941200000|  0%| F|  |TAMS 0x0000001941000000, 0x0000001941000000| Untracked 
|2568|0x0000001941200000, 0x0000001941200000, 0x0000001941400000|  0%| F|  |TAMS 0x0000001941200000, 0x0000001941200000| Untracked 
|2569|0x0000001941400000, 0x0000001941400000, 0x0000001941600000|  0%| F|  |TAMS 0x0000001941400000, 0x0000001941400000| Untracked 
|2570|0x0000001941600000, 0x0000001941600000, 0x0000001941800000|  0%| F|  |TAMS 0x0000001941600000, 0x0000001941600000| Untracked 
|2571|0x0000001941800000, 0x0000001941800000, 0x0000001941a00000|  0%| F|  |TAMS 0x0000001941800000, 0x0000001941800000| Untracked 
|2572|0x0000001941a00000, 0x0000001941a00000, 0x0000001941c00000|  0%| F|  |TAMS 0x0000001941a00000, 0x0000001941a00000| Untracked 
|2573|0x0000001941c00000, 0x0000001941c00000, 0x0000001941e00000|  0%| F|  |TAMS 0x0000001941c00000, 0x0000001941c00000| Untracked 
|2574|0x0000001941e00000, 0x0000001941e00000, 0x0000001942000000|  0%| F|  |TAMS 0x0000001941e00000, 0x0000001941e00000| Untracked 
|2575|0x0000001942000000, 0x0000001942000000, 0x0000001942200000|  0%| F|  |TAMS 0x0000001942000000, 0x0000001942000000| Untracked 
|2576|0x0000001942200000, 0x0000001942200000, 0x0000001942400000|  0%| F|  |TAMS 0x0000001942200000, 0x0000001942200000| Untracked 
|2577|0x0000001942400000, 0x0000001942400000, 0x0000001942600000|  0%| F|  |TAMS 0x0000001942400000, 0x0000001942400000| Untracked 
|2578|0x0000001942600000, 0x0000001942600000, 0x0000001942800000|  0%| F|  |TAMS 0x0000001942600000, 0x0000001942600000| Untracked 
|2579|0x0000001942800000, 0x0000001942800000, 0x0000001942a00000|  0%| F|  |TAMS 0x0000001942800000, 0x0000001942800000| Untracked 
|2580|0x0000001942a00000, 0x0000001942a00000, 0x0000001942c00000|  0%| F|  |TAMS 0x0000001942a00000, 0x0000001942a00000| Untracked 
|2581|0x0000001942c00000, 0x0000001942c00000, 0x0000001942e00000|  0%| F|  |TAMS 0x0000001942c00000, 0x0000001942c00000| Untracked 
|2582|0x0000001942e00000, 0x0000001942e00000, 0x0000001943000000|  0%| F|  |TAMS 0x0000001942e00000, 0x0000001942e00000| Untracked 
|2583|0x0000001943000000, 0x0000001943000000, 0x0000001943200000|  0%| F|  |TAMS 0x0000001943000000, 0x0000001943000000| Untracked 
|2584|0x0000001943200000, 0x0000001943200000, 0x0000001943400000|  0%| F|  |TAMS 0x0000001943200000, 0x0000001943200000| Untracked 
|2585|0x0000001943400000, 0x0000001943400000, 0x0000001943600000|  0%| F|  |TAMS 0x0000001943400000, 0x0000001943400000| Untracked 
|2586|0x0000001943600000, 0x0000001943600000, 0x0000001943800000|  0%| F|  |TAMS 0x0000001943600000, 0x0000001943600000| Untracked 
|2587|0x0000001943800000, 0x0000001943800000, 0x0000001943a00000|  0%| F|  |TAMS 0x0000001943800000, 0x0000001943800000| Untracked 
|2588|0x0000001943a00000, 0x0000001943a00000, 0x0000001943c00000|  0%| F|  |TAMS 0x0000001943a00000, 0x0000001943a00000| Untracked 
|2589|0x0000001943c00000, 0x0000001943c00000, 0x0000001943e00000|  0%| F|  |TAMS 0x0000001943c00000, 0x0000001943c00000| Untracked 
|2590|0x0000001943e00000, 0x0000001943e00000, 0x0000001944000000|  0%| F|  |TAMS 0x0000001943e00000, 0x0000001943e00000| Untracked 
|2591|0x0000001944000000, 0x0000001944000000, 0x0000001944200000|  0%| F|  |TAMS 0x0000001944000000, 0x0000001944000000| Untracked 
|2592|0x0000001944200000, 0x0000001944200000, 0x0000001944400000|  0%| F|  |TAMS 0x0000001944200000, 0x0000001944200000| Untracked 
|2593|0x0000001944400000, 0x0000001944400000, 0x0000001944600000|  0%| F|  |TAMS 0x0000001944400000, 0x0000001944400000| Untracked 
|2594|0x0000001944600000, 0x0000001944600000, 0x0000001944800000|  0%| F|  |TAMS 0x0000001944600000, 0x0000001944600000| Untracked 
|2595|0x0000001944800000, 0x0000001944800000, 0x0000001944a00000|  0%| F|  |TAMS 0x0000001944800000, 0x0000001944800000| Untracked 
|2596|0x0000001944a00000, 0x0000001944a00000, 0x0000001944c00000|  0%| F|  |TAMS 0x0000001944a00000, 0x0000001944a00000| Untracked 
|2597|0x0000001944c00000, 0x0000001944c00000, 0x0000001944e00000|  0%| F|  |TAMS 0x0000001944c00000, 0x0000001944c00000| Untracked 
|2598|0x0000001944e00000, 0x0000001944e00000, 0x0000001945000000|  0%| F|  |TAMS 0x0000001944e00000, 0x0000001944e00000| Untracked 
|2599|0x0000001945000000, 0x0000001945000000, 0x0000001945200000|  0%| F|  |TAMS 0x0000001945000000, 0x0000001945000000| Untracked 
|2600|0x0000001945200000, 0x0000001945200000, 0x0000001945400000|  0%| F|  |TAMS 0x0000001945200000, 0x0000001945200000| Untracked 
|2601|0x0000001945400000, 0x0000001945400000, 0x0000001945600000|  0%| F|  |TAMS 0x0000001945400000, 0x0000001945400000| Untracked 
|2602|0x0000001945600000, 0x0000001945600000, 0x0000001945800000|  0%| F|  |TAMS 0x0000001945600000, 0x0000001945600000| Untracked 
|2603|0x0000001945800000, 0x0000001945800000, 0x0000001945a00000|  0%| F|  |TAMS 0x0000001945800000, 0x0000001945800000| Untracked 
|2604|0x0000001945a00000, 0x0000001945a00000, 0x0000001945c00000|  0%| F|  |TAMS 0x0000001945a00000, 0x0000001945a00000| Untracked 
|2605|0x0000001945c00000, 0x0000001945c00000, 0x0000001945e00000|  0%| F|  |TAMS 0x0000001945c00000, 0x0000001945c00000| Untracked 
|2606|0x0000001945e00000, 0x0000001945e00000, 0x0000001946000000|  0%| F|  |TAMS 0x0000001945e00000, 0x0000001945e00000| Untracked 
|2607|0x0000001946000000, 0x0000001946000000, 0x0000001946200000|  0%| F|  |TAMS 0x0000001946000000, 0x0000001946000000| Untracked 
|2608|0x0000001946200000, 0x0000001946200000, 0x0000001946400000|  0%| F|  |TAMS 0x0000001946200000, 0x0000001946200000| Untracked 
|2609|0x0000001946400000, 0x0000001946400000, 0x0000001946600000|  0%| F|  |TAMS 0x0000001946400000, 0x0000001946400000| Untracked 
|2610|0x0000001946600000, 0x0000001946600000, 0x0000001946800000|  0%| F|  |TAMS 0x0000001946600000, 0x0000001946600000| Untracked 
|2611|0x0000001946800000, 0x0000001946800000, 0x0000001946a00000|  0%| F|  |TAMS 0x0000001946800000, 0x0000001946800000| Untracked 
|2612|0x0000001946a00000, 0x0000001946a00000, 0x0000001946c00000|  0%| F|  |TAMS 0x0000001946a00000, 0x0000001946a00000| Untracked 
|2613|0x0000001946c00000, 0x0000001946c00000, 0x0000001946e00000|  0%| F|  |TAMS 0x0000001946c00000, 0x0000001946c00000| Untracked 
|2614|0x0000001946e00000, 0x0000001946e00000, 0x0000001947000000|  0%| F|  |TAMS 0x0000001946e00000, 0x0000001946e00000| Untracked 
|2615|0x0000001947000000, 0x0000001947000000, 0x0000001947200000|  0%| F|  |TAMS 0x0000001947000000, 0x0000001947000000| Untracked 
|2616|0x0000001947200000, 0x0000001947200000, 0x0000001947400000|  0%| F|  |TAMS 0x0000001947200000, 0x0000001947200000| Untracked 
|2617|0x0000001947400000, 0x0000001947400000, 0x0000001947600000|  0%| F|  |TAMS 0x0000001947400000, 0x0000001947400000| Untracked 
|2618|0x0000001947600000, 0x0000001947600000, 0x0000001947800000|  0%| F|  |TAMS 0x0000001947600000, 0x0000001947600000| Untracked 
|2619|0x0000001947800000, 0x0000001947800000, 0x0000001947a00000|  0%| F|  |TAMS 0x0000001947800000, 0x0000001947800000| Untracked 
|2620|0x0000001947a00000, 0x0000001947a00000, 0x0000001947c00000|  0%| F|  |TAMS 0x0000001947a00000, 0x0000001947a00000| Untracked 
|2621|0x0000001947c00000, 0x0000001947c00000, 0x0000001947e00000|  0%| F|  |TAMS 0x0000001947c00000, 0x0000001947c00000| Untracked 
|2622|0x0000001947e00000, 0x0000001947e00000, 0x0000001948000000|  0%| F|  |TAMS 0x0000001947e00000, 0x0000001947e00000| Untracked 
|2623|0x0000001948000000, 0x0000001948000000, 0x0000001948200000|  0%| F|  |TAMS 0x0000001948000000, 0x0000001948000000| Untracked 
|2624|0x0000001948200000, 0x0000001948200000, 0x0000001948400000|  0%| F|  |TAMS 0x0000001948200000, 0x0000001948200000| Untracked 
|2625|0x0000001948400000, 0x0000001948400000, 0x0000001948600000|  0%| F|  |TAMS 0x0000001948400000, 0x0000001948400000| Untracked 
|2626|0x0000001948600000, 0x0000001948600000, 0x0000001948800000|  0%| F|  |TAMS 0x0000001948600000, 0x0000001948600000| Untracked 
|2627|0x0000001948800000, 0x0000001948800000, 0x0000001948a00000|  0%| F|  |TAMS 0x0000001948800000, 0x0000001948800000| Untracked 
|2628|0x0000001948a00000, 0x0000001948a00000, 0x0000001948c00000|  0%| F|  |TAMS 0x0000001948a00000, 0x0000001948a00000| Untracked 
|2629|0x0000001948c00000, 0x0000001948c00000, 0x0000001948e00000|  0%| F|  |TAMS 0x0000001948c00000, 0x0000001948c00000| Untracked 
|2630|0x0000001948e00000, 0x0000001948e00000, 0x0000001949000000|  0%| F|  |TAMS 0x0000001948e00000, 0x0000001948e00000| Untracked 
|2631|0x0000001949000000, 0x0000001949000000, 0x0000001949200000|  0%| F|  |TAMS 0x0000001949000000, 0x0000001949000000| Untracked 
|2632|0x0000001949200000, 0x0000001949200000, 0x0000001949400000|  0%| F|  |TAMS 0x0000001949200000, 0x0000001949200000| Untracked 
|2633|0x0000001949400000, 0x0000001949400000, 0x0000001949600000|  0%| F|  |TAMS 0x0000001949400000, 0x0000001949400000| Untracked 
|2634|0x0000001949600000, 0x0000001949600000, 0x0000001949800000|  0%| F|  |TAMS 0x0000001949600000, 0x0000001949600000| Untracked 
|2635|0x0000001949800000, 0x0000001949800000, 0x0000001949a00000|  0%| F|  |TAMS 0x0000001949800000, 0x0000001949800000| Untracked 
|2636|0x0000001949a00000, 0x0000001949a00000, 0x0000001949c00000|  0%| F|  |TAMS 0x0000001949a00000, 0x0000001949a00000| Untracked 
|2637|0x0000001949c00000, 0x0000001949c00000, 0x0000001949e00000|  0%| F|  |TAMS 0x0000001949c00000, 0x0000001949c00000| Untracked 
|2638|0x0000001949e00000, 0x0000001949e00000, 0x000000194a000000|  0%| F|  |TAMS 0x0000001949e00000, 0x0000001949e00000| Untracked 
|2639|0x000000194a000000, 0x000000194a000000, 0x000000194a200000|  0%| F|  |TAMS 0x000000194a000000, 0x000000194a000000| Untracked 
|2640|0x000000194a200000, 0x000000194a200000, 0x000000194a400000|  0%| F|  |TAMS 0x000000194a200000, 0x000000194a200000| Untracked 
|2641|0x000000194a400000, 0x000000194a400000, 0x000000194a600000|  0%| F|  |TAMS 0x000000194a400000, 0x000000194a400000| Untracked 
|2642|0x000000194a600000, 0x000000194a600000, 0x000000194a800000|  0%| F|  |TAMS 0x000000194a600000, 0x000000194a600000| Untracked 
|2643|0x000000194a800000, 0x000000194a800000, 0x000000194aa00000|  0%| F|  |TAMS 0x000000194a800000, 0x000000194a800000| Untracked 
|2644|0x000000194aa00000, 0x000000194aa00000, 0x000000194ac00000|  0%| F|  |TAMS 0x000000194aa00000, 0x000000194aa00000| Untracked 
|2645|0x000000194ac00000, 0x000000194ac00000, 0x000000194ae00000|  0%| F|  |TAMS 0x000000194ac00000, 0x000000194ac00000| Untracked 
|2646|0x000000194ae00000, 0x000000194ae00000, 0x000000194b000000|  0%| F|  |TAMS 0x000000194ae00000, 0x000000194ae00000| Untracked 
|2647|0x000000194b000000, 0x000000194b000000, 0x000000194b200000|  0%| F|  |TAMS 0x000000194b000000, 0x000000194b000000| Untracked 
|2648|0x000000194b200000, 0x000000194b200000, 0x000000194b400000|  0%| F|  |TAMS 0x000000194b200000, 0x000000194b200000| Untracked 
|2649|0x000000194b400000, 0x000000194b400000, 0x000000194b600000|  0%| F|  |TAMS 0x000000194b400000, 0x000000194b400000| Untracked 
|2650|0x000000194b600000, 0x000000194b600000, 0x000000194b800000|  0%| F|  |TAMS 0x000000194b600000, 0x000000194b600000| Untracked 
|2651|0x000000194b800000, 0x000000194b800000, 0x000000194ba00000|  0%| F|  |TAMS 0x000000194b800000, 0x000000194b800000| Untracked 
|2652|0x000000194ba00000, 0x000000194ba00000, 0x000000194bc00000|  0%| F|  |TAMS 0x000000194ba00000, 0x000000194ba00000| Untracked 
|2653|0x000000194bc00000, 0x000000194bc00000, 0x000000194be00000|  0%| F|  |TAMS 0x000000194bc00000, 0x000000194bc00000| Untracked 
|2654|0x000000194be00000, 0x000000194be00000, 0x000000194c000000|  0%| F|  |TAMS 0x000000194be00000, 0x000000194be00000| Untracked 
|2655|0x000000194c000000, 0x000000194c000000, 0x000000194c200000|  0%| F|  |TAMS 0x000000194c000000, 0x000000194c000000| Untracked 
|2656|0x000000194c200000, 0x000000194c200000, 0x000000194c400000|  0%| F|  |TAMS 0x000000194c200000, 0x000000194c200000| Untracked 
|2657|0x000000194c400000, 0x000000194c400000, 0x000000194c600000|  0%| F|  |TAMS 0x000000194c400000, 0x000000194c400000| Untracked 
|2658|0x000000194c600000, 0x000000194c600000, 0x000000194c800000|  0%| F|  |TAMS 0x000000194c600000, 0x000000194c600000| Untracked 
|2659|0x000000194c800000, 0x000000194c800000, 0x000000194ca00000|  0%| F|  |TAMS 0x000000194c800000, 0x000000194c800000| Untracked 
|2660|0x000000194ca00000, 0x000000194ca00000, 0x000000194cc00000|  0%| F|  |TAMS 0x000000194ca00000, 0x000000194ca00000| Untracked 
|2661|0x000000194cc00000, 0x000000194cc00000, 0x000000194ce00000|  0%| F|  |TAMS 0x000000194cc00000, 0x000000194cc00000| Untracked 
|2662|0x000000194ce00000, 0x000000194ce00000, 0x000000194d000000|  0%| F|  |TAMS 0x000000194ce00000, 0x000000194ce00000| Untracked 
|2663|0x000000194d000000, 0x000000194d000000, 0x000000194d200000|  0%| F|  |TAMS 0x000000194d000000, 0x000000194d000000| Untracked 
|2664|0x000000194d200000, 0x000000194d200000, 0x000000194d400000|  0%| F|  |TAMS 0x000000194d200000, 0x000000194d200000| Untracked 
|2665|0x000000194d400000, 0x000000194d400000, 0x000000194d600000|  0%| F|  |TAMS 0x000000194d400000, 0x000000194d400000| Untracked 
|2666|0x000000194d600000, 0x000000194d600000, 0x000000194d800000|  0%| F|  |TAMS 0x000000194d600000, 0x000000194d600000| Untracked 
|2667|0x000000194d800000, 0x000000194d800000, 0x000000194da00000|  0%| F|  |TAMS 0x000000194d800000, 0x000000194d800000| Untracked 
|2668|0x000000194da00000, 0x000000194da00000, 0x000000194dc00000|  0%| F|  |TAMS 0x000000194da00000, 0x000000194da00000| Untracked 
|2669|0x000000194dc00000, 0x000000194dc00000, 0x000000194de00000|  0%| F|  |TAMS 0x000000194dc00000, 0x000000194dc00000| Untracked 
|2670|0x000000194de00000, 0x000000194de00000, 0x000000194e000000|  0%| F|  |TAMS 0x000000194de00000, 0x000000194de00000| Untracked 
|2671|0x000000194e000000, 0x000000194e000000, 0x000000194e200000|  0%| F|  |TAMS 0x000000194e000000, 0x000000194e000000| Untracked 
|2672|0x000000194e200000, 0x000000194e200000, 0x000000194e400000|  0%| F|  |TAMS 0x000000194e200000, 0x000000194e200000| Untracked 
|2673|0x000000194e400000, 0x000000194e400000, 0x000000194e600000|  0%| F|  |TAMS 0x000000194e400000, 0x000000194e400000| Untracked 
|2674|0x000000194e600000, 0x000000194e600000, 0x000000194e800000|  0%| F|  |TAMS 0x000000194e600000, 0x000000194e600000| Untracked 
|2675|0x000000194e800000, 0x000000194e800000, 0x000000194ea00000|  0%| F|  |TAMS 0x000000194e800000, 0x000000194e800000| Untracked 
|2676|0x000000194ea00000, 0x000000194ea00000, 0x000000194ec00000|  0%| F|  |TAMS 0x000000194ea00000, 0x000000194ea00000| Untracked 
|2677|0x000000194ec00000, 0x000000194ec00000, 0x000000194ee00000|  0%| F|  |TAMS 0x000000194ec00000, 0x000000194ec00000| Untracked 
|2678|0x000000194ee00000, 0x000000194ee00000, 0x000000194f000000|  0%| F|  |TAMS 0x000000194ee00000, 0x000000194ee00000| Untracked 
|2679|0x000000194f000000, 0x000000194f000000, 0x000000194f200000|  0%| F|  |TAMS 0x000000194f000000, 0x000000194f000000| Untracked 
|2680|0x000000194f200000, 0x000000194f200000, 0x000000194f400000|  0%| F|  |TAMS 0x000000194f200000, 0x000000194f200000| Untracked 
|2681|0x000000194f400000, 0x000000194f400000, 0x000000194f600000|  0%| F|  |TAMS 0x000000194f400000, 0x000000194f400000| Untracked 
|2682|0x000000194f600000, 0x000000194f600000, 0x000000194f800000|  0%| F|  |TAMS 0x000000194f600000, 0x000000194f600000| Untracked 
|2683|0x000000194f800000, 0x000000194f800000, 0x000000194fa00000|  0%| F|  |TAMS 0x000000194f800000, 0x000000194f800000| Untracked 
|2684|0x000000194fa00000, 0x000000194fa00000, 0x000000194fc00000|  0%| F|  |TAMS 0x000000194fa00000, 0x000000194fa00000| Untracked 
|2685|0x000000194fc00000, 0x000000194fc00000, 0x000000194fe00000|  0%| F|  |TAMS 0x000000194fc00000, 0x000000194fc00000| Untracked 
|2686|0x000000194fe00000, 0x000000194fe00000, 0x0000001950000000|  0%| F|  |TAMS 0x000000194fe00000, 0x000000194fe00000| Untracked 
|2687|0x0000001950000000, 0x0000001950000000, 0x0000001950200000|  0%| F|  |TAMS 0x0000001950000000, 0x0000001950000000| Untracked 
|2688|0x0000001950200000, 0x0000001950200000, 0x0000001950400000|  0%| F|  |TAMS 0x0000001950200000, 0x0000001950200000| Untracked 
|2689|0x0000001950400000, 0x0000001950400000, 0x0000001950600000|  0%| F|  |TAMS 0x0000001950400000, 0x0000001950400000| Untracked 
|2690|0x0000001950600000, 0x0000001950600000, 0x0000001950800000|  0%| F|  |TAMS 0x0000001950600000, 0x0000001950600000| Untracked 
|2691|0x0000001950800000, 0x0000001950800000, 0x0000001950a00000|  0%| F|  |TAMS 0x0000001950800000, 0x0000001950800000| Untracked 
|2692|0x0000001950a00000, 0x0000001950a00000, 0x0000001950c00000|  0%| F|  |TAMS 0x0000001950a00000, 0x0000001950a00000| Untracked 
|2693|0x0000001950c00000, 0x0000001950c00000, 0x0000001950e00000|  0%| F|  |TAMS 0x0000001950c00000, 0x0000001950c00000| Untracked 
|2694|0x0000001950e00000, 0x0000001950e00000, 0x0000001951000000|  0%| F|  |TAMS 0x0000001950e00000, 0x0000001950e00000| Untracked 
|2695|0x0000001951000000, 0x0000001951000000, 0x0000001951200000|  0%| F|  |TAMS 0x0000001951000000, 0x0000001951000000| Untracked 
|2696|0x0000001951200000, 0x0000001951200000, 0x0000001951400000|  0%| F|  |TAMS 0x0000001951200000, 0x0000001951200000| Untracked 
|2697|0x0000001951400000, 0x0000001951400000, 0x0000001951600000|  0%| F|  |TAMS 0x0000001951400000, 0x0000001951400000| Untracked 
|2698|0x0000001951600000, 0x0000001951600000, 0x0000001951800000|  0%| F|  |TAMS 0x0000001951600000, 0x0000001951600000| Untracked 
|2699|0x0000001951800000, 0x0000001951800000, 0x0000001951a00000|  0%| F|  |TAMS 0x0000001951800000, 0x0000001951800000| Untracked 
|2700|0x0000001951a00000, 0x0000001951a00000, 0x0000001951c00000|  0%| F|  |TAMS 0x0000001951a00000, 0x0000001951a00000| Untracked 
|2701|0x0000001951c00000, 0x0000001951c00000, 0x0000001951e00000|  0%| F|  |TAMS 0x0000001951c00000, 0x0000001951c00000| Untracked 
|2702|0x0000001951e00000, 0x0000001951e00000, 0x0000001952000000|  0%| F|  |TAMS 0x0000001951e00000, 0x0000001951e00000| Untracked 
|2703|0x0000001952000000, 0x0000001952000000, 0x0000001952200000|  0%| F|  |TAMS 0x0000001952000000, 0x0000001952000000| Untracked 
|2704|0x0000001952200000, 0x0000001952200000, 0x0000001952400000|  0%| F|  |TAMS 0x0000001952200000, 0x0000001952200000| Untracked 
|2705|0x0000001952400000, 0x0000001952400000, 0x0000001952600000|  0%| F|  |TAMS 0x0000001952400000, 0x0000001952400000| Untracked 
|2706|0x0000001952600000, 0x0000001952600000, 0x0000001952800000|  0%| F|  |TAMS 0x0000001952600000, 0x0000001952600000| Untracked 
|2707|0x0000001952800000, 0x0000001952800000, 0x0000001952a00000|  0%| F|  |TAMS 0x0000001952800000, 0x0000001952800000| Untracked 
|2708|0x0000001952a00000, 0x0000001952a00000, 0x0000001952c00000|  0%| F|  |TAMS 0x0000001952a00000, 0x0000001952a00000| Untracked 
|2709|0x0000001952c00000, 0x0000001952c00000, 0x0000001952e00000|  0%| F|  |TAMS 0x0000001952c00000, 0x0000001952c00000| Untracked 
|2710|0x0000001952e00000, 0x0000001952e00000, 0x0000001953000000|  0%| F|  |TAMS 0x0000001952e00000, 0x0000001952e00000| Untracked 
|2711|0x0000001953000000, 0x0000001953000000, 0x0000001953200000|  0%| F|  |TAMS 0x0000001953000000, 0x0000001953000000| Untracked 
|2712|0x0000001953200000, 0x0000001953200000, 0x0000001953400000|  0%| F|  |TAMS 0x0000001953200000, 0x0000001953200000| Untracked 
|2713|0x0000001953400000, 0x0000001953400000, 0x0000001953600000|  0%| F|  |TAMS 0x0000001953400000, 0x0000001953400000| Untracked 
|2714|0x0000001953600000, 0x0000001953600000, 0x0000001953800000|  0%| F|  |TAMS 0x0000001953600000, 0x0000001953600000| Untracked 
|2715|0x0000001953800000, 0x0000001953800000, 0x0000001953a00000|  0%| F|  |TAMS 0x0000001953800000, 0x0000001953800000| Untracked 
|2716|0x0000001953a00000, 0x0000001953a00000, 0x0000001953c00000|  0%| F|  |TAMS 0x0000001953a00000, 0x0000001953a00000| Untracked 
|2717|0x0000001953c00000, 0x0000001953c00000, 0x0000001953e00000|  0%| F|  |TAMS 0x0000001953c00000, 0x0000001953c00000| Untracked 
|2718|0x0000001953e00000, 0x0000001953e00000, 0x0000001954000000|  0%| F|  |TAMS 0x0000001953e00000, 0x0000001953e00000| Untracked 
|2719|0x0000001954000000, 0x0000001954000000, 0x0000001954200000|  0%| F|  |TAMS 0x0000001954000000, 0x0000001954000000| Untracked 
|2720|0x0000001954200000, 0x0000001954200000, 0x0000001954400000|  0%| F|  |TAMS 0x0000001954200000, 0x0000001954200000| Untracked 
|2721|0x0000001954400000, 0x0000001954400000, 0x0000001954600000|  0%| F|  |TAMS 0x0000001954400000, 0x0000001954400000| Untracked 
|2722|0x0000001954600000, 0x0000001954600000, 0x0000001954800000|  0%| F|  |TAMS 0x0000001954600000, 0x0000001954600000| Untracked 
|2723|0x0000001954800000, 0x0000001954800000, 0x0000001954a00000|  0%| F|  |TAMS 0x0000001954800000, 0x0000001954800000| Untracked 
|2724|0x0000001954a00000, 0x0000001954a00000, 0x0000001954c00000|  0%| F|  |TAMS 0x0000001954a00000, 0x0000001954a00000| Untracked 
|2725|0x0000001954c00000, 0x0000001954c00000, 0x0000001954e00000|  0%| F|  |TAMS 0x0000001954c00000, 0x0000001954c00000| Untracked 
|2726|0x0000001954e00000, 0x0000001954e00000, 0x0000001955000000|  0%| F|  |TAMS 0x0000001954e00000, 0x0000001954e00000| Untracked 
|2727|0x0000001955000000, 0x0000001955000000, 0x0000001955200000|  0%| F|  |TAMS 0x0000001955000000, 0x0000001955000000| Untracked 
|2728|0x0000001955200000, 0x0000001955200000, 0x0000001955400000|  0%| F|  |TAMS 0x0000001955200000, 0x0000001955200000| Untracked 
|2729|0x0000001955400000, 0x0000001955400000, 0x0000001955600000|  0%| F|  |TAMS 0x0000001955400000, 0x0000001955400000| Untracked 
|2730|0x0000001955600000, 0x0000001955600000, 0x0000001955800000|  0%| F|  |TAMS 0x0000001955600000, 0x0000001955600000| Untracked 
|2731|0x0000001955800000, 0x0000001955800000, 0x0000001955a00000|  0%| F|  |TAMS 0x0000001955800000, 0x0000001955800000| Untracked 
|2732|0x0000001955a00000, 0x0000001955a00000, 0x0000001955c00000|  0%| F|  |TAMS 0x0000001955a00000, 0x0000001955a00000| Untracked 
|2733|0x0000001955c00000, 0x0000001955c00000, 0x0000001955e00000|  0%| F|  |TAMS 0x0000001955c00000, 0x0000001955c00000| Untracked 
|2734|0x0000001955e00000, 0x0000001955e00000, 0x0000001956000000|  0%| F|  |TAMS 0x0000001955e00000, 0x0000001955e00000| Untracked 
|2735|0x0000001956000000, 0x0000001956000000, 0x0000001956200000|  0%| F|  |TAMS 0x0000001956000000, 0x0000001956000000| Untracked 
|2736|0x0000001956200000, 0x0000001956200000, 0x0000001956400000|  0%| F|  |TAMS 0x0000001956200000, 0x0000001956200000| Untracked 
|2737|0x0000001956400000, 0x0000001956400000, 0x0000001956600000|  0%| F|  |TAMS 0x0000001956400000, 0x0000001956400000| Untracked 
|2738|0x0000001956600000, 0x0000001956600000, 0x0000001956800000|  0%| F|  |TAMS 0x0000001956600000, 0x0000001956600000| Untracked 
|2739|0x0000001956800000, 0x0000001956800000, 0x0000001956a00000|  0%| F|  |TAMS 0x0000001956800000, 0x0000001956800000| Untracked 
|2740|0x0000001956a00000, 0x0000001956a00000, 0x0000001956c00000|  0%| F|  |TAMS 0x0000001956a00000, 0x0000001956a00000| Untracked 
|2741|0x0000001956c00000, 0x0000001956c00000, 0x0000001956e00000|  0%| F|  |TAMS 0x0000001956c00000, 0x0000001956c00000| Untracked 
|2742|0x0000001956e00000, 0x0000001956e00000, 0x0000001957000000|  0%| F|  |TAMS 0x0000001956e00000, 0x0000001956e00000| Untracked 
|2743|0x0000001957000000, 0x0000001957000000, 0x0000001957200000|  0%| F|  |TAMS 0x0000001957000000, 0x0000001957000000| Untracked 
|2744|0x0000001957200000, 0x0000001957200000, 0x0000001957400000|  0%| F|  |TAMS 0x0000001957200000, 0x0000001957200000| Untracked 
|2745|0x0000001957400000, 0x0000001957400000, 0x0000001957600000|  0%| F|  |TAMS 0x0000001957400000, 0x0000001957400000| Untracked 
|2746|0x0000001957600000, 0x0000001957600000, 0x0000001957800000|  0%| F|  |TAMS 0x0000001957600000, 0x0000001957600000| Untracked 
|2747|0x0000001957800000, 0x0000001957800000, 0x0000001957a00000|  0%| F|  |TAMS 0x0000001957800000, 0x0000001957800000| Untracked 
|2748|0x0000001957a00000, 0x0000001957a00000, 0x0000001957c00000|  0%| F|  |TAMS 0x0000001957a00000, 0x0000001957a00000| Untracked 
|2749|0x0000001957c00000, 0x0000001957c00000, 0x0000001957e00000|  0%| F|  |TAMS 0x0000001957c00000, 0x0000001957c00000| Untracked 
|2750|0x0000001957e00000, 0x0000001957e00000, 0x0000001958000000|  0%| F|  |TAMS 0x0000001957e00000, 0x0000001957e00000| Untracked 
|2751|0x0000001958000000, 0x0000001958000000, 0x0000001958200000|  0%| F|  |TAMS 0x0000001958000000, 0x0000001958000000| Untracked 
|2752|0x0000001958200000, 0x0000001958200000, 0x0000001958400000|  0%| F|  |TAMS 0x0000001958200000, 0x0000001958200000| Untracked 
|2753|0x0000001958400000, 0x0000001958400000, 0x0000001958600000|  0%| F|  |TAMS 0x0000001958400000, 0x0000001958400000| Untracked 
|2754|0x0000001958600000, 0x0000001958600000, 0x0000001958800000|  0%| F|  |TAMS 0x0000001958600000, 0x0000001958600000| Untracked 
|2755|0x0000001958800000, 0x0000001958800000, 0x0000001958a00000|  0%| F|  |TAMS 0x0000001958800000, 0x0000001958800000| Untracked 
|2756|0x0000001958a00000, 0x0000001958a00000, 0x0000001958c00000|  0%| F|  |TAMS 0x0000001958a00000, 0x0000001958a00000| Untracked 
|2757|0x0000001958c00000, 0x0000001958c00000, 0x0000001958e00000|  0%| F|  |TAMS 0x0000001958c00000, 0x0000001958c00000| Untracked 
|2758|0x0000001958e00000, 0x0000001958e00000, 0x0000001959000000|  0%| F|  |TAMS 0x0000001958e00000, 0x0000001958e00000| Untracked 
|2759|0x0000001959000000, 0x0000001959000000, 0x0000001959200000|  0%| F|  |TAMS 0x0000001959000000, 0x0000001959000000| Untracked 
|2760|0x0000001959200000, 0x0000001959200000, 0x0000001959400000|  0%| F|  |TAMS 0x0000001959200000, 0x0000001959200000| Untracked 
|2761|0x0000001959400000, 0x0000001959400000, 0x0000001959600000|  0%| F|  |TAMS 0x0000001959400000, 0x0000001959400000| Untracked 
|2762|0x0000001959600000, 0x0000001959600000, 0x0000001959800000|  0%| F|  |TAMS 0x0000001959600000, 0x0000001959600000| Untracked 
|2763|0x0000001959800000, 0x0000001959800000, 0x0000001959a00000|  0%| F|  |TAMS 0x0000001959800000, 0x0000001959800000| Untracked 
|2764|0x0000001959a00000, 0x0000001959a00000, 0x0000001959c00000|  0%| F|  |TAMS 0x0000001959a00000, 0x0000001959a00000| Untracked 
|2765|0x0000001959c00000, 0x0000001959c00000, 0x0000001959e00000|  0%| F|  |TAMS 0x0000001959c00000, 0x0000001959c00000| Untracked 
|2766|0x0000001959e00000, 0x0000001959e00000, 0x000000195a000000|  0%| F|  |TAMS 0x0000001959e00000, 0x0000001959e00000| Untracked 
|2767|0x000000195a000000, 0x000000195a000000, 0x000000195a200000|  0%| F|  |TAMS 0x000000195a000000, 0x000000195a000000| Untracked 
|2768|0x000000195a200000, 0x000000195a200000, 0x000000195a400000|  0%| F|  |TAMS 0x000000195a200000, 0x000000195a200000| Untracked 
|2769|0x000000195a400000, 0x000000195a400000, 0x000000195a600000|  0%| F|  |TAMS 0x000000195a400000, 0x000000195a400000| Untracked 
|2770|0x000000195a600000, 0x000000195a600000, 0x000000195a800000|  0%| F|  |TAMS 0x000000195a600000, 0x000000195a600000| Untracked 
|2771|0x000000195a800000, 0x000000195a800000, 0x000000195aa00000|  0%| F|  |TAMS 0x000000195a800000, 0x000000195a800000| Untracked 
|2772|0x000000195aa00000, 0x000000195aa00000, 0x000000195ac00000|  0%| F|  |TAMS 0x000000195aa00000, 0x000000195aa00000| Untracked 
|2773|0x000000195ac00000, 0x000000195ac00000, 0x000000195ae00000|  0%| F|  |TAMS 0x000000195ac00000, 0x000000195ac00000| Untracked 
|2774|0x000000195ae00000, 0x000000195ae00000, 0x000000195b000000|  0%| F|  |TAMS 0x000000195ae00000, 0x000000195ae00000| Untracked 
|2775|0x000000195b000000, 0x000000195b000000, 0x000000195b200000|  0%| F|  |TAMS 0x000000195b000000, 0x000000195b000000| Untracked 
|2776|0x000000195b200000, 0x000000195b200000, 0x000000195b400000|  0%| F|  |TAMS 0x000000195b200000, 0x000000195b200000| Untracked 
|2777|0x000000195b400000, 0x000000195b400000, 0x000000195b600000|  0%| F|  |TAMS 0x000000195b400000, 0x000000195b400000| Untracked 
|2778|0x000000195b600000, 0x000000195b600000, 0x000000195b800000|  0%| F|  |TAMS 0x000000195b600000, 0x000000195b600000| Untracked 
|2779|0x000000195b800000, 0x000000195b800000, 0x000000195ba00000|  0%| F|  |TAMS 0x000000195b800000, 0x000000195b800000| Untracked 
|2780|0x000000195ba00000, 0x000000195ba00000, 0x000000195bc00000|  0%| F|  |TAMS 0x000000195ba00000, 0x000000195ba00000| Untracked 
|2781|0x000000195bc00000, 0x000000195bc00000, 0x000000195be00000|  0%| F|  |TAMS 0x000000195bc00000, 0x000000195bc00000| Untracked 
|2782|0x000000195be00000, 0x000000195be00000, 0x000000195c000000|  0%| F|  |TAMS 0x000000195be00000, 0x000000195be00000| Untracked 
|2783|0x000000195c000000, 0x000000195c000000, 0x000000195c200000|  0%| F|  |TAMS 0x000000195c000000, 0x000000195c000000| Untracked 
|2784|0x000000195c200000, 0x000000195c200000, 0x000000195c400000|  0%| F|  |TAMS 0x000000195c200000, 0x000000195c200000| Untracked 
|2785|0x000000195c400000, 0x000000195c400000, 0x000000195c600000|  0%| F|  |TAMS 0x000000195c400000, 0x000000195c400000| Untracked 
|2786|0x000000195c600000, 0x000000195c600000, 0x000000195c800000|  0%| F|  |TAMS 0x000000195c600000, 0x000000195c600000| Untracked 
|2787|0x000000195c800000, 0x000000195c800000, 0x000000195ca00000|  0%| F|  |TAMS 0x000000195c800000, 0x000000195c800000| Untracked 
|2788|0x000000195ca00000, 0x000000195ca00000, 0x000000195cc00000|  0%| F|  |TAMS 0x000000195ca00000, 0x000000195ca00000| Untracked 
|2789|0x000000195cc00000, 0x000000195cc00000, 0x000000195ce00000|  0%| F|  |TAMS 0x000000195cc00000, 0x000000195cc00000| Untracked 
|2790|0x000000195ce00000, 0x000000195ce00000, 0x000000195d000000|  0%| F|  |TAMS 0x000000195ce00000, 0x000000195ce00000| Untracked 
|2791|0x000000195d000000, 0x000000195d000000, 0x000000195d200000|  0%| F|  |TAMS 0x000000195d000000, 0x000000195d000000| Untracked 
|2792|0x000000195d200000, 0x000000195d200000, 0x000000195d400000|  0%| F|  |TAMS 0x000000195d200000, 0x000000195d200000| Untracked 
|2793|0x000000195d400000, 0x000000195d400000, 0x000000195d600000|  0%| F|  |TAMS 0x000000195d400000, 0x000000195d400000| Untracked 
|2794|0x000000195d600000, 0x000000195d600000, 0x000000195d800000|  0%| F|  |TAMS 0x000000195d600000, 0x000000195d600000| Untracked 
|2795|0x000000195d800000, 0x000000195d800000, 0x000000195da00000|  0%| F|  |TAMS 0x000000195d800000, 0x000000195d800000| Untracked 
|2796|0x000000195da00000, 0x000000195da00000, 0x000000195dc00000|  0%| F|  |TAMS 0x000000195da00000, 0x000000195da00000| Untracked 
|2797|0x000000195dc00000, 0x000000195dc00000, 0x000000195de00000|  0%| F|  |TAMS 0x000000195dc00000, 0x000000195dc00000| Untracked 
|2798|0x000000195de00000, 0x000000195de00000, 0x000000195e000000|  0%| F|  |TAMS 0x000000195de00000, 0x000000195de00000| Untracked 
|2799|0x000000195e000000, 0x000000195e000000, 0x000000195e200000|  0%| F|  |TAMS 0x000000195e000000, 0x000000195e000000| Untracked 
|2800|0x000000195e200000, 0x000000195e200000, 0x000000195e400000|  0%| F|  |TAMS 0x000000195e200000, 0x000000195e200000| Untracked 
|2801|0x000000195e400000, 0x000000195e400000, 0x000000195e600000|  0%| F|  |TAMS 0x000000195e400000, 0x000000195e400000| Untracked 
|2802|0x000000195e600000, 0x000000195e600000, 0x000000195e800000|  0%| F|  |TAMS 0x000000195e600000, 0x000000195e600000| Untracked 
|2803|0x000000195e800000, 0x000000195e800000, 0x000000195ea00000|  0%| F|  |TAMS 0x000000195e800000, 0x000000195e800000| Untracked 
|2804|0x000000195ea00000, 0x000000195ea00000, 0x000000195ec00000|  0%| F|  |TAMS 0x000000195ea00000, 0x000000195ea00000| Untracked 
|2805|0x000000195ec00000, 0x000000195ec00000, 0x000000195ee00000|  0%| F|  |TAMS 0x000000195ec00000, 0x000000195ec00000| Untracked 
|2806|0x000000195ee00000, 0x000000195ee00000, 0x000000195f000000|  0%| F|  |TAMS 0x000000195ee00000, 0x000000195ee00000| Untracked 
|2807|0x000000195f000000, 0x000000195f000000, 0x000000195f200000|  0%| F|  |TAMS 0x000000195f000000, 0x000000195f000000| Untracked 
|2808|0x000000195f200000, 0x000000195f200000, 0x000000195f400000|  0%| F|  |TAMS 0x000000195f200000, 0x000000195f200000| Untracked 
|2809|0x000000195f400000, 0x000000195f400000, 0x000000195f600000|  0%| F|  |TAMS 0x000000195f400000, 0x000000195f400000| Untracked 
|2810|0x000000195f600000, 0x000000195f600000, 0x000000195f800000|  0%| F|  |TAMS 0x000000195f600000, 0x000000195f600000| Untracked 
|2811|0x000000195f800000, 0x000000195f800000, 0x000000195fa00000|  0%| F|  |TAMS 0x000000195f800000, 0x000000195f800000| Untracked 
|2812|0x000000195fa00000, 0x000000195fa00000, 0x000000195fc00000|  0%| F|  |TAMS 0x000000195fa00000, 0x000000195fa00000| Untracked 
|2813|0x000000195fc00000, 0x000000195fc00000, 0x000000195fe00000|  0%| F|  |TAMS 0x000000195fc00000, 0x000000195fc00000| Untracked 
|2814|0x000000195fe00000, 0x000000195fe00000, 0x0000001960000000|  0%| F|  |TAMS 0x000000195fe00000, 0x000000195fe00000| Untracked 
|2815|0x0000001960000000, 0x0000001960000000, 0x0000001960200000|  0%| F|  |TAMS 0x0000001960000000, 0x0000001960000000| Untracked 
|2816|0x0000001960200000, 0x0000001960200000, 0x0000001960400000|  0%| F|  |TAMS 0x0000001960200000, 0x0000001960200000| Untracked 
|2817|0x0000001960400000, 0x0000001960400000, 0x0000001960600000|  0%| F|  |TAMS 0x0000001960400000, 0x0000001960400000| Untracked 
|2818|0x0000001960600000, 0x0000001960600000, 0x0000001960800000|  0%| F|  |TAMS 0x0000001960600000, 0x0000001960600000| Untracked 
|2819|0x0000001960800000, 0x0000001960800000, 0x0000001960a00000|  0%| F|  |TAMS 0x0000001960800000, 0x0000001960800000| Untracked 
|2820|0x0000001960a00000, 0x0000001960a00000, 0x0000001960c00000|  0%| F|  |TAMS 0x0000001960a00000, 0x0000001960a00000| Untracked 
|2821|0x0000001960c00000, 0x0000001960c00000, 0x0000001960e00000|  0%| F|  |TAMS 0x0000001960c00000, 0x0000001960c00000| Untracked 
|2822|0x0000001960e00000, 0x0000001960e00000, 0x0000001961000000|  0%| F|  |TAMS 0x0000001960e00000, 0x0000001960e00000| Untracked 
|2823|0x0000001961000000, 0x0000001961000000, 0x0000001961200000|  0%| F|  |TAMS 0x0000001961000000, 0x0000001961000000| Untracked 
|2824|0x0000001961200000, 0x0000001961200000, 0x0000001961400000|  0%| F|  |TAMS 0x0000001961200000, 0x0000001961200000| Untracked 
|2825|0x0000001961400000, 0x0000001961400000, 0x0000001961600000|  0%| F|  |TAMS 0x0000001961400000, 0x0000001961400000| Untracked 
|2826|0x0000001961600000, 0x0000001961600000, 0x0000001961800000|  0%| F|  |TAMS 0x0000001961600000, 0x0000001961600000| Untracked 
|2827|0x0000001961800000, 0x0000001961800000, 0x0000001961a00000|  0%| F|  |TAMS 0x0000001961800000, 0x0000001961800000| Untracked 
|2828|0x0000001961a00000, 0x0000001961a00000, 0x0000001961c00000|  0%| F|  |TAMS 0x0000001961a00000, 0x0000001961a00000| Untracked 
|2829|0x0000001961c00000, 0x0000001961c00000, 0x0000001961e00000|  0%| F|  |TAMS 0x0000001961c00000, 0x0000001961c00000| Untracked 
|2830|0x0000001961e00000, 0x0000001961e00000, 0x0000001962000000|  0%| F|  |TAMS 0x0000001961e00000, 0x0000001961e00000| Untracked 
|2831|0x0000001962000000, 0x0000001962000000, 0x0000001962200000|  0%| F|  |TAMS 0x0000001962000000, 0x0000001962000000| Untracked 
|2832|0x0000001962200000, 0x0000001962200000, 0x0000001962400000|  0%| F|  |TAMS 0x0000001962200000, 0x0000001962200000| Untracked 
|2833|0x0000001962400000, 0x0000001962400000, 0x0000001962600000|  0%| F|  |TAMS 0x0000001962400000, 0x0000001962400000| Untracked 
|2834|0x0000001962600000, 0x0000001962600000, 0x0000001962800000|  0%| F|  |TAMS 0x0000001962600000, 0x0000001962600000| Untracked 
|2835|0x0000001962800000, 0x0000001962800000, 0x0000001962a00000|  0%| F|  |TAMS 0x0000001962800000, 0x0000001962800000| Untracked 
|2836|0x0000001962a00000, 0x0000001962a00000, 0x0000001962c00000|  0%| F|  |TAMS 0x0000001962a00000, 0x0000001962a00000| Untracked 
|2837|0x0000001962c00000, 0x0000001962c00000, 0x0000001962e00000|  0%| F|  |TAMS 0x0000001962c00000, 0x0000001962c00000| Untracked 
|2838|0x0000001962e00000, 0x0000001962e00000, 0x0000001963000000|  0%| F|  |TAMS 0x0000001962e00000, 0x0000001962e00000| Untracked 
|2839|0x0000001963000000, 0x0000001963000000, 0x0000001963200000|  0%| F|  |TAMS 0x0000001963000000, 0x0000001963000000| Untracked 
|2840|0x0000001963200000, 0x0000001963200000, 0x0000001963400000|  0%| F|  |TAMS 0x0000001963200000, 0x0000001963200000| Untracked 
|2841|0x0000001963400000, 0x0000001963400000, 0x0000001963600000|  0%| F|  |TAMS 0x0000001963400000, 0x0000001963400000| Untracked 
|2842|0x0000001963600000, 0x0000001963600000, 0x0000001963800000|  0%| F|  |TAMS 0x0000001963600000, 0x0000001963600000| Untracked 
|2843|0x0000001963800000, 0x0000001963800000, 0x0000001963a00000|  0%| F|  |TAMS 0x0000001963800000, 0x0000001963800000| Untracked 
|2844|0x0000001963a00000, 0x0000001963a00000, 0x0000001963c00000|  0%| F|  |TAMS 0x0000001963a00000, 0x0000001963a00000| Untracked 
|2845|0x0000001963c00000, 0x0000001963c00000, 0x0000001963e00000|  0%| F|  |TAMS 0x0000001963c00000, 0x0000001963c00000| Untracked 
|2846|0x0000001963e00000, 0x0000001963e00000, 0x0000001964000000|  0%| F|  |TAMS 0x0000001963e00000, 0x0000001963e00000| Untracked 
|2847|0x0000001964000000, 0x0000001964000000, 0x0000001964200000|  0%| F|  |TAMS 0x0000001964000000, 0x0000001964000000| Untracked 
|2848|0x0000001964200000, 0x0000001964200000, 0x0000001964400000|  0%| F|  |TAMS 0x0000001964200000, 0x0000001964200000| Untracked 
|2849|0x0000001964400000, 0x0000001964400000, 0x0000001964600000|  0%| F|  |TAMS 0x0000001964400000, 0x0000001964400000| Untracked 
|2850|0x0000001964600000, 0x0000001964600000, 0x0000001964800000|  0%| F|  |TAMS 0x0000001964600000, 0x0000001964600000| Untracked 
|2851|0x0000001964800000, 0x0000001964800000, 0x0000001964a00000|  0%| F|  |TAMS 0x0000001964800000, 0x0000001964800000| Untracked 
|2852|0x0000001964a00000, 0x0000001964a00000, 0x0000001964c00000|  0%| F|  |TAMS 0x0000001964a00000, 0x0000001964a00000| Untracked 
|2853|0x0000001964c00000, 0x0000001964c00000, 0x0000001964e00000|  0%| F|  |TAMS 0x0000001964c00000, 0x0000001964c00000| Untracked 
|2854|0x0000001964e00000, 0x0000001964e00000, 0x0000001965000000|  0%| F|  |TAMS 0x0000001964e00000, 0x0000001964e00000| Untracked 
|2855|0x0000001965000000, 0x0000001965000000, 0x0000001965200000|  0%| F|  |TAMS 0x0000001965000000, 0x0000001965000000| Untracked 
|2856|0x0000001965200000, 0x0000001965200000, 0x0000001965400000|  0%| F|  |TAMS 0x0000001965200000, 0x0000001965200000| Untracked 
|2857|0x0000001965400000, 0x0000001965400000, 0x0000001965600000|  0%| F|  |TAMS 0x0000001965400000, 0x0000001965400000| Untracked 
|2858|0x0000001965600000, 0x0000001965600000, 0x0000001965800000|  0%| F|  |TAMS 0x0000001965600000, 0x0000001965600000| Untracked 
|2859|0x0000001965800000, 0x0000001965800000, 0x0000001965a00000|  0%| F|  |TAMS 0x0000001965800000, 0x0000001965800000| Untracked 
|2860|0x0000001965a00000, 0x0000001965a00000, 0x0000001965c00000|  0%| F|  |TAMS 0x0000001965a00000, 0x0000001965a00000| Untracked 
|2861|0x0000001965c00000, 0x0000001965c00000, 0x0000001965e00000|  0%| F|  |TAMS 0x0000001965c00000, 0x0000001965c00000| Untracked 
|2862|0x0000001965e00000, 0x0000001965e00000, 0x0000001966000000|  0%| F|  |TAMS 0x0000001965e00000, 0x0000001965e00000| Untracked 
|2863|0x0000001966000000, 0x0000001966000000, 0x0000001966200000|  0%| F|  |TAMS 0x0000001966000000, 0x0000001966000000| Untracked 
|2864|0x0000001966200000, 0x0000001966200000, 0x0000001966400000|  0%| F|  |TAMS 0x0000001966200000, 0x0000001966200000| Untracked 
|2865|0x0000001966400000, 0x0000001966400000, 0x0000001966600000|  0%| F|  |TAMS 0x0000001966400000, 0x0000001966400000| Untracked 
|2866|0x0000001966600000, 0x0000001966600000, 0x0000001966800000|  0%| F|  |TAMS 0x0000001966600000, 0x0000001966600000| Untracked 
|2867|0x0000001966800000, 0x0000001966800000, 0x0000001966a00000|  0%| F|  |TAMS 0x0000001966800000, 0x0000001966800000| Untracked 
|2868|0x0000001966a00000, 0x0000001966a00000, 0x0000001966c00000|  0%| F|  |TAMS 0x0000001966a00000, 0x0000001966a00000| Untracked 
|2869|0x0000001966c00000, 0x0000001966c00000, 0x0000001966e00000|  0%| F|  |TAMS 0x0000001966c00000, 0x0000001966c00000| Untracked 
|2870|0x0000001966e00000, 0x0000001966e00000, 0x0000001967000000|  0%| F|  |TAMS 0x0000001966e00000, 0x0000001966e00000| Untracked 
|2871|0x0000001967000000, 0x0000001967000000, 0x0000001967200000|  0%| F|  |TAMS 0x0000001967000000, 0x0000001967000000| Untracked 
|2872|0x0000001967200000, 0x0000001967200000, 0x0000001967400000|  0%| F|  |TAMS 0x0000001967200000, 0x0000001967200000| Untracked 
|2873|0x0000001967400000, 0x0000001967400000, 0x0000001967600000|  0%| F|  |TAMS 0x0000001967400000, 0x0000001967400000| Untracked 
|2874|0x0000001967600000, 0x0000001967600000, 0x0000001967800000|  0%| F|  |TAMS 0x0000001967600000, 0x0000001967600000| Untracked 
|2875|0x0000001967800000, 0x0000001967800000, 0x0000001967a00000|  0%| F|  |TAMS 0x0000001967800000, 0x0000001967800000| Untracked 
|2876|0x0000001967a00000, 0x0000001967a00000, 0x0000001967c00000|  0%| F|  |TAMS 0x0000001967a00000, 0x0000001967a00000| Untracked 
|2877|0x0000001967c00000, 0x0000001967c00000, 0x0000001967e00000|  0%| F|  |TAMS 0x0000001967c00000, 0x0000001967c00000| Untracked 
|2878|0x0000001967e00000, 0x0000001967e00000, 0x0000001968000000|  0%| F|  |TAMS 0x0000001967e00000, 0x0000001967e00000| Untracked 
|2879|0x0000001968000000, 0x0000001968000000, 0x0000001968200000|  0%| F|  |TAMS 0x0000001968000000, 0x0000001968000000| Untracked 
|2880|0x0000001968200000, 0x0000001968200000, 0x0000001968400000|  0%| F|  |TAMS 0x0000001968200000, 0x0000001968200000| Untracked 
|2881|0x0000001968400000, 0x0000001968400000, 0x0000001968600000|  0%| F|  |TAMS 0x0000001968400000, 0x0000001968400000| Untracked 
|2882|0x0000001968600000, 0x0000001968600000, 0x0000001968800000|  0%| F|  |TAMS 0x0000001968600000, 0x0000001968600000| Untracked 
|2883|0x0000001968800000, 0x0000001968800000, 0x0000001968a00000|  0%| F|  |TAMS 0x0000001968800000, 0x0000001968800000| Untracked 
|2884|0x0000001968a00000, 0x0000001968a00000, 0x0000001968c00000|  0%| F|  |TAMS 0x0000001968a00000, 0x0000001968a00000| Untracked 
|2885|0x0000001968c00000, 0x0000001968c00000, 0x0000001968e00000|  0%| F|  |TAMS 0x0000001968c00000, 0x0000001968c00000| Untracked 
|2886|0x0000001968e00000, 0x0000001968e00000, 0x0000001969000000|  0%| F|  |TAMS 0x0000001968e00000, 0x0000001968e00000| Untracked 
|2887|0x0000001969000000, 0x0000001969000000, 0x0000001969200000|  0%| F|  |TAMS 0x0000001969000000, 0x0000001969000000| Untracked 
|2888|0x0000001969200000, 0x0000001969200000, 0x0000001969400000|  0%| F|  |TAMS 0x0000001969200000, 0x0000001969200000| Untracked 
|2889|0x0000001969400000, 0x0000001969400000, 0x0000001969600000|  0%| F|  |TAMS 0x0000001969400000, 0x0000001969400000| Untracked 
|2890|0x0000001969600000, 0x0000001969600000, 0x0000001969800000|  0%| F|  |TAMS 0x0000001969600000, 0x0000001969600000| Untracked 
|2891|0x0000001969800000, 0x0000001969800000, 0x0000001969a00000|  0%| F|  |TAMS 0x0000001969800000, 0x0000001969800000| Untracked 
|2892|0x0000001969a00000, 0x0000001969a00000, 0x0000001969c00000|  0%| F|  |TAMS 0x0000001969a00000, 0x0000001969a00000| Untracked 
|2893|0x0000001969c00000, 0x0000001969c00000, 0x0000001969e00000|  0%| F|  |TAMS 0x0000001969c00000, 0x0000001969c00000| Untracked 
|2894|0x0000001969e00000, 0x0000001969e00000, 0x000000196a000000|  0%| F|  |TAMS 0x0000001969e00000, 0x0000001969e00000| Untracked 
|2895|0x000000196a000000, 0x000000196a000000, 0x000000196a200000|  0%| F|  |TAMS 0x000000196a000000, 0x000000196a000000| Untracked 
|2896|0x000000196a200000, 0x000000196a200000, 0x000000196a400000|  0%| F|  |TAMS 0x000000196a200000, 0x000000196a200000| Untracked 
|2897|0x000000196a400000, 0x000000196a400000, 0x000000196a600000|  0%| F|  |TAMS 0x000000196a400000, 0x000000196a400000| Untracked 
|2898|0x000000196a600000, 0x000000196a600000, 0x000000196a800000|  0%| F|  |TAMS 0x000000196a600000, 0x000000196a600000| Untracked 
|2899|0x000000196a800000, 0x000000196a800000, 0x000000196aa00000|  0%| F|  |TAMS 0x000000196a800000, 0x000000196a800000| Untracked 
|2900|0x000000196aa00000, 0x000000196aa00000, 0x000000196ac00000|  0%| F|  |TAMS 0x000000196aa00000, 0x000000196aa00000| Untracked 
|2901|0x000000196ac00000, 0x000000196ac00000, 0x000000196ae00000|  0%| F|  |TAMS 0x000000196ac00000, 0x000000196ac00000| Untracked 
|2902|0x000000196ae00000, 0x000000196ae00000, 0x000000196b000000|  0%| F|  |TAMS 0x000000196ae00000, 0x000000196ae00000| Untracked 
|2903|0x000000196b000000, 0x000000196b000000, 0x000000196b200000|  0%| F|  |TAMS 0x000000196b000000, 0x000000196b000000| Untracked 
|2904|0x000000196b200000, 0x000000196b200000, 0x000000196b400000|  0%| F|  |TAMS 0x000000196b200000, 0x000000196b200000| Untracked 
|2905|0x000000196b400000, 0x000000196b400000, 0x000000196b600000|  0%| F|  |TAMS 0x000000196b400000, 0x000000196b400000| Untracked 
|2906|0x000000196b600000, 0x000000196b600000, 0x000000196b800000|  0%| F|  |TAMS 0x000000196b600000, 0x000000196b600000| Untracked 
|2907|0x000000196b800000, 0x000000196b800000, 0x000000196ba00000|  0%| F|  |TAMS 0x000000196b800000, 0x000000196b800000| Untracked 
|2908|0x000000196ba00000, 0x000000196ba00000, 0x000000196bc00000|  0%| F|  |TAMS 0x000000196ba00000, 0x000000196ba00000| Untracked 
|2909|0x000000196bc00000, 0x000000196bc00000, 0x000000196be00000|  0%| F|  |TAMS 0x000000196bc00000, 0x000000196bc00000| Untracked 
|2910|0x000000196be00000, 0x000000196be00000, 0x000000196c000000|  0%| F|  |TAMS 0x000000196be00000, 0x000000196be00000| Untracked 
|2911|0x000000196c000000, 0x000000196c000000, 0x000000196c200000|  0%| F|  |TAMS 0x000000196c000000, 0x000000196c000000| Untracked 
|2912|0x000000196c200000, 0x000000196c200000, 0x000000196c400000|  0%| F|  |TAMS 0x000000196c200000, 0x000000196c200000| Untracked 
|2913|0x000000196c400000, 0x000000196c400000, 0x000000196c600000|  0%| F|  |TAMS 0x000000196c400000, 0x000000196c400000| Untracked 
|2914|0x000000196c600000, 0x000000196c600000, 0x000000196c800000|  0%| F|  |TAMS 0x000000196c600000, 0x000000196c600000| Untracked 
|2915|0x000000196c800000, 0x000000196c800000, 0x000000196ca00000|  0%| F|  |TAMS 0x000000196c800000, 0x000000196c800000| Untracked 
|2916|0x000000196ca00000, 0x000000196ca00000, 0x000000196cc00000|  0%| F|  |TAMS 0x000000196ca00000, 0x000000196ca00000| Untracked 
|2917|0x000000196cc00000, 0x000000196cc00000, 0x000000196ce00000|  0%| F|  |TAMS 0x000000196cc00000, 0x000000196cc00000| Untracked 
|2918|0x000000196ce00000, 0x000000196ce00000, 0x000000196d000000|  0%| F|  |TAMS 0x000000196ce00000, 0x000000196ce00000| Untracked 
|2919|0x000000196d000000, 0x000000196d000000, 0x000000196d200000|  0%| F|  |TAMS 0x000000196d000000, 0x000000196d000000| Untracked 
|2920|0x000000196d200000, 0x000000196d200000, 0x000000196d400000|  0%| F|  |TAMS 0x000000196d200000, 0x000000196d200000| Untracked 
|2921|0x000000196d400000, 0x000000196d400000, 0x000000196d600000|  0%| F|  |TAMS 0x000000196d400000, 0x000000196d400000| Untracked 
|2922|0x000000196d600000, 0x000000196d600000, 0x000000196d800000|  0%| F|  |TAMS 0x000000196d600000, 0x000000196d600000| Untracked 
|2923|0x000000196d800000, 0x000000196d800000, 0x000000196da00000|  0%| F|  |TAMS 0x000000196d800000, 0x000000196d800000| Untracked 
|2924|0x000000196da00000, 0x000000196da00000, 0x000000196dc00000|  0%| F|  |TAMS 0x000000196da00000, 0x000000196da00000| Untracked 
|2925|0x000000196dc00000, 0x000000196dc00000, 0x000000196de00000|  0%| F|  |TAMS 0x000000196dc00000, 0x000000196dc00000| Untracked 
|2926|0x000000196de00000, 0x000000196de00000, 0x000000196e000000|  0%| F|  |TAMS 0x000000196de00000, 0x000000196de00000| Untracked 
|2927|0x000000196e000000, 0x000000196e000000, 0x000000196e200000|  0%| F|  |TAMS 0x000000196e000000, 0x000000196e000000| Untracked 
|2928|0x000000196e200000, 0x000000196e200000, 0x000000196e400000|  0%| F|  |TAMS 0x000000196e200000, 0x000000196e200000| Untracked 
|2929|0x000000196e400000, 0x000000196e400000, 0x000000196e600000|  0%| F|  |TAMS 0x000000196e400000, 0x000000196e400000| Untracked 
|2930|0x000000196e600000, 0x000000196e600000, 0x000000196e800000|  0%| F|  |TAMS 0x000000196e600000, 0x000000196e600000| Untracked 
|2931|0x000000196e800000, 0x000000196e800000, 0x000000196ea00000|  0%| F|  |TAMS 0x000000196e800000, 0x000000196e800000| Untracked 
|2932|0x000000196ea00000, 0x000000196ea00000, 0x000000196ec00000|  0%| F|  |TAMS 0x000000196ea00000, 0x000000196ea00000| Untracked 
|2933|0x000000196ec00000, 0x000000196ec00000, 0x000000196ee00000|  0%| F|  |TAMS 0x000000196ec00000, 0x000000196ec00000| Untracked 
|2934|0x000000196ee00000, 0x000000196ee00000, 0x000000196f000000|  0%| F|  |TAMS 0x000000196ee00000, 0x000000196ee00000| Untracked 
|2935|0x000000196f000000, 0x000000196f000000, 0x000000196f200000|  0%| F|  |TAMS 0x000000196f000000, 0x000000196f000000| Untracked 
|2936|0x000000196f200000, 0x000000196f200000, 0x000000196f400000|  0%| F|  |TAMS 0x000000196f200000, 0x000000196f200000| Untracked 
|2937|0x000000196f400000, 0x000000196f400000, 0x000000196f600000|  0%| F|  |TAMS 0x000000196f400000, 0x000000196f400000| Untracked 
|2938|0x000000196f600000, 0x000000196f600000, 0x000000196f800000|  0%| F|  |TAMS 0x000000196f600000, 0x000000196f600000| Untracked 
|2939|0x000000196f800000, 0x000000196f800000, 0x000000196fa00000|  0%| F|  |TAMS 0x000000196f800000, 0x000000196f800000| Untracked 
|2940|0x000000196fa00000, 0x000000196fa00000, 0x000000196fc00000|  0%| F|  |TAMS 0x000000196fa00000, 0x000000196fa00000| Untracked 
|2941|0x000000196fc00000, 0x000000196fc00000, 0x000000196fe00000|  0%| F|  |TAMS 0x000000196fc00000, 0x000000196fc00000| Untracked 
|2942|0x000000196fe00000, 0x000000196fe00000, 0x0000001970000000|  0%| F|  |TAMS 0x000000196fe00000, 0x000000196fe00000| Untracked 
|2943|0x0000001970000000, 0x0000001970000000, 0x0000001970200000|  0%| F|  |TAMS 0x0000001970000000, 0x0000001970000000| Untracked 
|2944|0x0000001970200000, 0x0000001970200000, 0x0000001970400000|  0%| F|  |TAMS 0x0000001970200000, 0x0000001970200000| Untracked 
|2945|0x0000001970400000, 0x0000001970400000, 0x0000001970600000|  0%| F|  |TAMS 0x0000001970400000, 0x0000001970400000| Untracked 
|2946|0x0000001970600000, 0x0000001970600000, 0x0000001970800000|  0%| F|  |TAMS 0x0000001970600000, 0x0000001970600000| Untracked 
|2947|0x0000001970800000, 0x0000001970800000, 0x0000001970a00000|  0%| F|  |TAMS 0x0000001970800000, 0x0000001970800000| Untracked 
|2948|0x0000001970a00000, 0x0000001970a00000, 0x0000001970c00000|  0%| F|  |TAMS 0x0000001970a00000, 0x0000001970a00000| Untracked 
|2949|0x0000001970c00000, 0x0000001970c00000, 0x0000001970e00000|  0%| F|  |TAMS 0x0000001970c00000, 0x0000001970c00000| Untracked 
|2950|0x0000001970e00000, 0x0000001970e00000, 0x0000001971000000|  0%| F|  |TAMS 0x0000001970e00000, 0x0000001970e00000| Untracked 
|2951|0x0000001971000000, 0x0000001971000000, 0x0000001971200000|  0%| F|  |TAMS 0x0000001971000000, 0x0000001971000000| Untracked 
|2952|0x0000001971200000, 0x0000001971200000, 0x0000001971400000|  0%| F|  |TAMS 0x0000001971200000, 0x0000001971200000| Untracked 
|2953|0x0000001971400000, 0x0000001971400000, 0x0000001971600000|  0%| F|  |TAMS 0x0000001971400000, 0x0000001971400000| Untracked 
|2954|0x0000001971600000, 0x0000001971600000, 0x0000001971800000|  0%| F|  |TAMS 0x0000001971600000, 0x0000001971600000| Untracked 
|2955|0x0000001971800000, 0x0000001971800000, 0x0000001971a00000|  0%| F|  |TAMS 0x0000001971800000, 0x0000001971800000| Untracked 
|2956|0x0000001971a00000, 0x0000001971a00000, 0x0000001971c00000|  0%| F|  |TAMS 0x0000001971a00000, 0x0000001971a00000| Untracked 
|2957|0x0000001971c00000, 0x0000001971c00000, 0x0000001971e00000|  0%| F|  |TAMS 0x0000001971c00000, 0x0000001971c00000| Untracked 
|2958|0x0000001971e00000, 0x0000001971e00000, 0x0000001972000000|  0%| F|  |TAMS 0x0000001971e00000, 0x0000001971e00000| Untracked 
|2959|0x0000001972000000, 0x0000001972000000, 0x0000001972200000|  0%| F|  |TAMS 0x0000001972000000, 0x0000001972000000| Untracked 
|2960|0x0000001972200000, 0x0000001972200000, 0x0000001972400000|  0%| F|  |TAMS 0x0000001972200000, 0x0000001972200000| Untracked 
|2961|0x0000001972400000, 0x0000001972400000, 0x0000001972600000|  0%| F|  |TAMS 0x0000001972400000, 0x0000001972400000| Untracked 
|2962|0x0000001972600000, 0x0000001972600000, 0x0000001972800000|  0%| F|  |TAMS 0x0000001972600000, 0x0000001972600000| Untracked 
|2963|0x0000001972800000, 0x0000001972800000, 0x0000001972a00000|  0%| F|  |TAMS 0x0000001972800000, 0x0000001972800000| Untracked 
|2964|0x0000001972a00000, 0x0000001972a00000, 0x0000001972c00000|  0%| F|  |TAMS 0x0000001972a00000, 0x0000001972a00000| Untracked 
|2965|0x0000001972c00000, 0x0000001972c00000, 0x0000001972e00000|  0%| F|  |TAMS 0x0000001972c00000, 0x0000001972c00000| Untracked 
|2966|0x0000001972e00000, 0x0000001972e00000, 0x0000001973000000|  0%| F|  |TAMS 0x0000001972e00000, 0x0000001972e00000| Untracked 
|2967|0x0000001973000000, 0x0000001973000000, 0x0000001973200000|  0%| F|  |TAMS 0x0000001973000000, 0x0000001973000000| Untracked 
|2968|0x0000001973200000, 0x0000001973200000, 0x0000001973400000|  0%| F|  |TAMS 0x0000001973200000, 0x0000001973200000| Untracked 
|2969|0x0000001973400000, 0x0000001973400000, 0x0000001973600000|  0%| F|  |TAMS 0x0000001973400000, 0x0000001973400000| Untracked 
|2970|0x0000001973600000, 0x0000001973600000, 0x0000001973800000|  0%| F|  |TAMS 0x0000001973600000, 0x0000001973600000| Untracked 
|2971|0x0000001973800000, 0x0000001973800000, 0x0000001973a00000|  0%| F|  |TAMS 0x0000001973800000, 0x0000001973800000| Untracked 
|2972|0x0000001973a00000, 0x0000001973a00000, 0x0000001973c00000|  0%| F|  |TAMS 0x0000001973a00000, 0x0000001973a00000| Untracked 
|2973|0x0000001973c00000, 0x0000001973c00000, 0x0000001973e00000|  0%| F|  |TAMS 0x0000001973c00000, 0x0000001973c00000| Untracked 
|2974|0x0000001973e00000, 0x0000001973e00000, 0x0000001974000000|  0%| F|  |TAMS 0x0000001973e00000, 0x0000001973e00000| Untracked 
|2975|0x0000001974000000, 0x0000001974000000, 0x0000001974200000|  0%| F|  |TAMS 0x0000001974000000, 0x0000001974000000| Untracked 
|2976|0x0000001974200000, 0x0000001974200000, 0x0000001974400000|  0%| F|  |TAMS 0x0000001974200000, 0x0000001974200000| Untracked 
|2977|0x0000001974400000, 0x0000001974400000, 0x0000001974600000|  0%| F|  |TAMS 0x0000001974400000, 0x0000001974400000| Untracked 
|2978|0x0000001974600000, 0x0000001974600000, 0x0000001974800000|  0%| F|  |TAMS 0x0000001974600000, 0x0000001974600000| Untracked 
|2979|0x0000001974800000, 0x0000001974800000, 0x0000001974a00000|  0%| F|  |TAMS 0x0000001974800000, 0x0000001974800000| Untracked 
|2980|0x0000001974a00000, 0x0000001974a00000, 0x0000001974c00000|  0%| F|  |TAMS 0x0000001974a00000, 0x0000001974a00000| Untracked 
|2981|0x0000001974c00000, 0x0000001974c00000, 0x0000001974e00000|  0%| F|  |TAMS 0x0000001974c00000, 0x0000001974c00000| Untracked 
|2982|0x0000001974e00000, 0x0000001974e00000, 0x0000001975000000|  0%| F|  |TAMS 0x0000001974e00000, 0x0000001974e00000| Untracked 
|2983|0x0000001975000000, 0x0000001975000000, 0x0000001975200000|  0%| F|  |TAMS 0x0000001975000000, 0x0000001975000000| Untracked 
|2984|0x0000001975200000, 0x0000001975200000, 0x0000001975400000|  0%| F|  |TAMS 0x0000001975200000, 0x0000001975200000| Untracked 
|2985|0x0000001975400000, 0x0000001975400000, 0x0000001975600000|  0%| F|  |TAMS 0x0000001975400000, 0x0000001975400000| Untracked 
|2986|0x0000001975600000, 0x0000001975600000, 0x0000001975800000|  0%| F|  |TAMS 0x0000001975600000, 0x0000001975600000| Untracked 
|2987|0x0000001975800000, 0x0000001975800000, 0x0000001975a00000|  0%| F|  |TAMS 0x0000001975800000, 0x0000001975800000| Untracked 
|2988|0x0000001975a00000, 0x0000001975a00000, 0x0000001975c00000|  0%| F|  |TAMS 0x0000001975a00000, 0x0000001975a00000| Untracked 
|2989|0x0000001975c00000, 0x0000001975c00000, 0x0000001975e00000|  0%| F|  |TAMS 0x0000001975c00000, 0x0000001975c00000| Untracked 
|2990|0x0000001975e00000, 0x0000001975e00000, 0x0000001976000000|  0%| F|  |TAMS 0x0000001975e00000, 0x0000001975e00000| Untracked 
|2991|0x0000001976000000, 0x0000001976000000, 0x0000001976200000|  0%| F|  |TAMS 0x0000001976000000, 0x0000001976000000| Untracked 
|2992|0x0000001976200000, 0x0000001976200000, 0x0000001976400000|  0%| F|  |TAMS 0x0000001976200000, 0x0000001976200000| Untracked 
|2993|0x0000001976400000, 0x0000001976400000, 0x0000001976600000|  0%| F|  |TAMS 0x0000001976400000, 0x0000001976400000| Untracked 
|2994|0x0000001976600000, 0x0000001976600000, 0x0000001976800000|  0%| F|  |TAMS 0x0000001976600000, 0x0000001976600000| Untracked 
|2995|0x0000001976800000, 0x0000001976800000, 0x0000001976a00000|  0%| F|  |TAMS 0x0000001976800000, 0x0000001976800000| Untracked 
|2996|0x0000001976a00000, 0x0000001976a00000, 0x0000001976c00000|  0%| F|  |TAMS 0x0000001976a00000, 0x0000001976a00000| Untracked 
|2997|0x0000001976c00000, 0x0000001976c00000, 0x0000001976e00000|  0%| F|  |TAMS 0x0000001976c00000, 0x0000001976c00000| Untracked 
|2998|0x0000001976e00000, 0x0000001976e00000, 0x0000001977000000|  0%| F|  |TAMS 0x0000001976e00000, 0x0000001976e00000| Untracked 
|2999|0x0000001977000000, 0x0000001977000000, 0x0000001977200000|  0%| F|  |TAMS 0x0000001977000000, 0x0000001977000000| Untracked 
|3000|0x0000001977200000, 0x0000001977200000, 0x0000001977400000|  0%| F|  |TAMS 0x0000001977200000, 0x0000001977200000| Untracked 
|3001|0x0000001977400000, 0x0000001977400000, 0x0000001977600000|  0%| F|  |TAMS 0x0000001977400000, 0x0000001977400000| Untracked 
|3002|0x0000001977600000, 0x0000001977600000, 0x0000001977800000|  0%| F|  |TAMS 0x0000001977600000, 0x0000001977600000| Untracked 
|3003|0x0000001977800000, 0x0000001977800000, 0x0000001977a00000|  0%| F|  |TAMS 0x0000001977800000, 0x0000001977800000| Untracked 
|3004|0x0000001977a00000, 0x0000001977a00000, 0x0000001977c00000|  0%| F|  |TAMS 0x0000001977a00000, 0x0000001977a00000| Untracked 
|3005|0x0000001977c00000, 0x0000001977c00000, 0x0000001977e00000|  0%| F|  |TAMS 0x0000001977c00000, 0x0000001977c00000| Untracked 
|3006|0x0000001977e00000, 0x0000001977e00000, 0x0000001978000000|  0%| F|  |TAMS 0x0000001977e00000, 0x0000001977e00000| Untracked 
|3007|0x0000001978000000, 0x0000001978000000, 0x0000001978200000|  0%| F|  |TAMS 0x0000001978000000, 0x0000001978000000| Untracked 
|3008|0x0000001978200000, 0x0000001978200000, 0x0000001978400000|  0%| F|  |TAMS 0x0000001978200000, 0x0000001978200000| Untracked 
|3009|0x0000001978400000, 0x0000001978400000, 0x0000001978600000|  0%| F|  |TAMS 0x0000001978400000, 0x0000001978400000| Untracked 
|3010|0x0000001978600000, 0x0000001978600000, 0x0000001978800000|  0%| F|  |TAMS 0x0000001978600000, 0x0000001978600000| Untracked 
|3011|0x0000001978800000, 0x0000001978800000, 0x0000001978a00000|  0%| F|  |TAMS 0x0000001978800000, 0x0000001978800000| Untracked 
|3012|0x0000001978a00000, 0x0000001978a00000, 0x0000001978c00000|  0%| F|  |TAMS 0x0000001978a00000, 0x0000001978a00000| Untracked 
|3013|0x0000001978c00000, 0x0000001978c00000, 0x0000001978e00000|  0%| F|  |TAMS 0x0000001978c00000, 0x0000001978c00000| Untracked 
|3014|0x0000001978e00000, 0x0000001978e00000, 0x0000001979000000|  0%| F|  |TAMS 0x0000001978e00000, 0x0000001978e00000| Untracked 
|3015|0x0000001979000000, 0x0000001979000000, 0x0000001979200000|  0%| F|  |TAMS 0x0000001979000000, 0x0000001979000000| Untracked 
|3016|0x0000001979200000, 0x0000001979200000, 0x0000001979400000|  0%| F|  |TAMS 0x0000001979200000, 0x0000001979200000| Untracked 
|3017|0x0000001979400000, 0x0000001979400000, 0x0000001979600000|  0%| F|  |TAMS 0x0000001979400000, 0x0000001979400000| Untracked 
|3018|0x0000001979600000, 0x0000001979600000, 0x0000001979800000|  0%| F|  |TAMS 0x0000001979600000, 0x0000001979600000| Untracked 
|3019|0x0000001979800000, 0x0000001979800000, 0x0000001979a00000|  0%| F|  |TAMS 0x0000001979800000, 0x0000001979800000| Untracked 
|3020|0x0000001979a00000, 0x0000001979a00000, 0x0000001979c00000|  0%| F|  |TAMS 0x0000001979a00000, 0x0000001979a00000| Untracked 
|3021|0x0000001979c00000, 0x0000001979c00000, 0x0000001979e00000|  0%| F|  |TAMS 0x0000001979c00000, 0x0000001979c00000| Untracked 
|3022|0x0000001979e00000, 0x0000001979e00000, 0x000000197a000000|  0%| F|  |TAMS 0x0000001979e00000, 0x0000001979e00000| Untracked 
|3023|0x000000197a000000, 0x000000197a000000, 0x000000197a200000|  0%| F|  |TAMS 0x000000197a000000, 0x000000197a000000| Untracked 
|3024|0x000000197a200000, 0x000000197a200000, 0x000000197a400000|  0%| F|  |TAMS 0x000000197a200000, 0x000000197a200000| Untracked 
|3025|0x000000197a400000, 0x000000197a400000, 0x000000197a600000|  0%| F|  |TAMS 0x000000197a400000, 0x000000197a400000| Untracked 
|3026|0x000000197a600000, 0x000000197a600000, 0x000000197a800000|  0%| F|  |TAMS 0x000000197a600000, 0x000000197a600000| Untracked 
|3027|0x000000197a800000, 0x000000197a800000, 0x000000197aa00000|  0%| F|  |TAMS 0x000000197a800000, 0x000000197a800000| Untracked 
|3028|0x000000197aa00000, 0x000000197aa00000, 0x000000197ac00000|  0%| F|  |TAMS 0x000000197aa00000, 0x000000197aa00000| Untracked 
|3029|0x000000197ac00000, 0x000000197ac00000, 0x000000197ae00000|  0%| F|  |TAMS 0x000000197ac00000, 0x000000197ac00000| Untracked 
|3030|0x000000197ae00000, 0x000000197ae00000, 0x000000197b000000|  0%| F|  |TAMS 0x000000197ae00000, 0x000000197ae00000| Untracked 
|3031|0x000000197b000000, 0x000000197b000000, 0x000000197b200000|  0%| F|  |TAMS 0x000000197b000000, 0x000000197b000000| Untracked 
|3032|0x000000197b200000, 0x000000197b200000, 0x000000197b400000|  0%| F|  |TAMS 0x000000197b200000, 0x000000197b200000| Untracked 
|3033|0x000000197b400000, 0x000000197b400000, 0x000000197b600000|  0%| F|  |TAMS 0x000000197b400000, 0x000000197b400000| Untracked 
|3034|0x000000197b600000, 0x000000197b600000, 0x000000197b800000|  0%| F|  |TAMS 0x000000197b600000, 0x000000197b600000| Untracked 
|3035|0x000000197b800000, 0x000000197b800000, 0x000000197ba00000|  0%| F|  |TAMS 0x000000197b800000, 0x000000197b800000| Untracked 
|3036|0x000000197ba00000, 0x000000197ba00000, 0x000000197bc00000|  0%| F|  |TAMS 0x000000197ba00000, 0x000000197ba00000| Untracked 
|3037|0x000000197bc00000, 0x000000197bc00000, 0x000000197be00000|  0%| F|  |TAMS 0x000000197bc00000, 0x000000197bc00000| Untracked 
|3038|0x000000197be00000, 0x000000197be00000, 0x000000197c000000|  0%| F|  |TAMS 0x000000197be00000, 0x000000197be00000| Untracked 
|3039|0x000000197c000000, 0x000000197c000000, 0x000000197c200000|  0%| F|  |TAMS 0x000000197c000000, 0x000000197c000000| Untracked 
|3040|0x000000197c200000, 0x000000197c200000, 0x000000197c400000|  0%| F|  |TAMS 0x000000197c200000, 0x000000197c200000| Untracked 
|3041|0x000000197c400000, 0x000000197c400000, 0x000000197c600000|  0%| F|  |TAMS 0x000000197c400000, 0x000000197c400000| Untracked 
|3042|0x000000197c600000, 0x000000197c600000, 0x000000197c800000|  0%| F|  |TAMS 0x000000197c600000, 0x000000197c600000| Untracked 
|3043|0x000000197c800000, 0x000000197c800000, 0x000000197ca00000|  0%| F|  |TAMS 0x000000197c800000, 0x000000197c800000| Untracked 
|3044|0x000000197ca00000, 0x000000197ca00000, 0x000000197cc00000|  0%| F|  |TAMS 0x000000197ca00000, 0x000000197ca00000| Untracked 
|3045|0x000000197cc00000, 0x000000197cc00000, 0x000000197ce00000|  0%| F|  |TAMS 0x000000197cc00000, 0x000000197cc00000| Untracked 
|3046|0x000000197ce00000, 0x000000197ce00000, 0x000000197d000000|  0%| F|  |TAMS 0x000000197ce00000, 0x000000197ce00000| Untracked 
|3047|0x000000197d000000, 0x000000197d000000, 0x000000197d200000|  0%| F|  |TAMS 0x000000197d000000, 0x000000197d000000| Untracked 
|3048|0x000000197d200000, 0x000000197d200000, 0x000000197d400000|  0%| F|  |TAMS 0x000000197d200000, 0x000000197d200000| Untracked 
|3049|0x000000197d400000, 0x000000197d400000, 0x000000197d600000|  0%| F|  |TAMS 0x000000197d400000, 0x000000197d400000| Untracked 
|3050|0x000000197d600000, 0x000000197d600000, 0x000000197d800000|  0%| F|  |TAMS 0x000000197d600000, 0x000000197d600000| Untracked 
|3051|0x000000197d800000, 0x000000197d800000, 0x000000197da00000|  0%| F|  |TAMS 0x000000197d800000, 0x000000197d800000| Untracked 
|3052|0x000000197da00000, 0x000000197da00000, 0x000000197dc00000|  0%| F|  |TAMS 0x000000197da00000, 0x000000197da00000| Untracked 
|3053|0x000000197dc00000, 0x000000197dc00000, 0x000000197de00000|  0%| F|  |TAMS 0x000000197dc00000, 0x000000197dc00000| Untracked 
|3054|0x000000197de00000, 0x000000197de00000, 0x000000197e000000|  0%| F|  |TAMS 0x000000197de00000, 0x000000197de00000| Untracked 
|3055|0x000000197e000000, 0x000000197e000000, 0x000000197e200000|  0%| F|  |TAMS 0x000000197e000000, 0x000000197e000000| Untracked 
|3056|0x000000197e200000, 0x000000197e200000, 0x000000197e400000|  0%| F|  |TAMS 0x000000197e200000, 0x000000197e200000| Untracked 
|3057|0x000000197e400000, 0x000000197e400000, 0x000000197e600000|  0%| F|  |TAMS 0x000000197e400000, 0x000000197e400000| Untracked 
|3058|0x000000197e600000, 0x000000197e600000, 0x000000197e800000|  0%| F|  |TAMS 0x000000197e600000, 0x000000197e600000| Untracked 
|3059|0x000000197e800000, 0x000000197e800000, 0x000000197ea00000|  0%| F|  |TAMS 0x000000197e800000, 0x000000197e800000| Untracked 
|3060|0x000000197ea00000, 0x000000197ea00000, 0x000000197ec00000|  0%| F|  |TAMS 0x000000197ea00000, 0x000000197ea00000| Untracked 
|3061|0x000000197ec00000, 0x000000197ec00000, 0x000000197ee00000|  0%| F|  |TAMS 0x000000197ec00000, 0x000000197ec00000| Untracked 
|3062|0x000000197ee00000, 0x000000197ee00000, 0x000000197f000000|  0%| F|  |TAMS 0x000000197ee00000, 0x000000197ee00000| Untracked 
|3063|0x000000197f000000, 0x000000197f000000, 0x000000197f200000|  0%| F|  |TAMS 0x000000197f000000, 0x000000197f000000| Untracked 
|3064|0x000000197f200000, 0x000000197f200000, 0x000000197f400000|  0%| F|  |TAMS 0x000000197f200000, 0x000000197f200000| Untracked 
|3065|0x000000197f400000, 0x000000197f400000, 0x000000197f600000|  0%| F|  |TAMS 0x000000197f400000, 0x000000197f400000| Untracked 
|3066|0x000000197f600000, 0x000000197f600000, 0x000000197f800000|  0%| F|  |TAMS 0x000000197f600000, 0x000000197f600000| Untracked 
|3067|0x000000197f800000, 0x000000197f800000, 0x000000197fa00000|  0%| F|  |TAMS 0x000000197f800000, 0x000000197f800000| Untracked 
|3068|0x000000197fa00000, 0x000000197fa00000, 0x000000197fc00000|  0%| F|  |TAMS 0x000000197fa00000, 0x000000197fa00000| Untracked 
|3069|0x000000197fc00000, 0x000000197fc00000, 0x000000197fe00000|  0%| F|  |TAMS 0x000000197fc00000, 0x000000197fc00000| Untracked 
|3070|0x000000197fe00000, 0x000000197fe00000, 0x0000001980000000|  0%| F|  |TAMS 0x000000197fe00000, 0x000000197fe00000| Untracked 
|3071|0x0000001980000000, 0x0000001980000000, 0x0000001980200000|  0%| F|  |TAMS 0x0000001980000000, 0x0000001980000000| Untracked 
|3072|0x0000001980200000, 0x0000001980200000, 0x0000001980400000|  0%| F|  |TAMS 0x0000001980200000, 0x0000001980200000| Untracked 
|3073|0x0000001980400000, 0x0000001980400000, 0x0000001980600000|  0%| F|  |TAMS 0x0000001980400000, 0x0000001980400000| Untracked 
|3074|0x0000001980600000, 0x0000001980600000, 0x0000001980800000|  0%| F|  |TAMS 0x0000001980600000, 0x0000001980600000| Untracked 
|3075|0x0000001980800000, 0x0000001980800000, 0x0000001980a00000|  0%| F|  |TAMS 0x0000001980800000, 0x0000001980800000| Untracked 
|3076|0x0000001980a00000, 0x0000001980a00000, 0x0000001980c00000|  0%| F|  |TAMS 0x0000001980a00000, 0x0000001980a00000| Untracked 
|3077|0x0000001980c00000, 0x0000001980c00000, 0x0000001980e00000|  0%| F|  |TAMS 0x0000001980c00000, 0x0000001980c00000| Untracked 
|3078|0x0000001980e00000, 0x0000001980e00000, 0x0000001981000000|  0%| F|  |TAMS 0x0000001980e00000, 0x0000001980e00000| Untracked 
|3079|0x0000001981000000, 0x0000001981000000, 0x0000001981200000|  0%| F|  |TAMS 0x0000001981000000, 0x0000001981000000| Untracked 
|3080|0x0000001981200000, 0x0000001981200000, 0x0000001981400000|  0%| F|  |TAMS 0x0000001981200000, 0x0000001981200000| Untracked 
|3081|0x0000001981400000, 0x0000001981400000, 0x0000001981600000|  0%| F|  |TAMS 0x0000001981400000, 0x0000001981400000| Untracked 
|3082|0x0000001981600000, 0x0000001981600000, 0x0000001981800000|  0%| F|  |TAMS 0x0000001981600000, 0x0000001981600000| Untracked 
|3083|0x0000001981800000, 0x0000001981800000, 0x0000001981a00000|  0%| F|  |TAMS 0x0000001981800000, 0x0000001981800000| Untracked 
|3084|0x0000001981a00000, 0x0000001981a00000, 0x0000001981c00000|  0%| F|  |TAMS 0x0000001981a00000, 0x0000001981a00000| Untracked 
|3085|0x0000001981c00000, 0x0000001981c00000, 0x0000001981e00000|  0%| F|  |TAMS 0x0000001981c00000, 0x0000001981c00000| Untracked 
|3086|0x0000001981e00000, 0x0000001981e00000, 0x0000001982000000|  0%| F|  |TAMS 0x0000001981e00000, 0x0000001981e00000| Untracked 
|3087|0x0000001982000000, 0x0000001982000000, 0x0000001982200000|  0%| F|  |TAMS 0x0000001982000000, 0x0000001982000000| Untracked 
|3088|0x0000001982200000, 0x0000001982200000, 0x0000001982400000|  0%| F|  |TAMS 0x0000001982200000, 0x0000001982200000| Untracked 
|3089|0x0000001982400000, 0x0000001982400000, 0x0000001982600000|  0%| F|  |TAMS 0x0000001982400000, 0x0000001982400000| Untracked 
|3090|0x0000001982600000, 0x0000001982600000, 0x0000001982800000|  0%| F|  |TAMS 0x0000001982600000, 0x0000001982600000| Untracked 
|3091|0x0000001982800000, 0x0000001982800000, 0x0000001982a00000|  0%| F|  |TAMS 0x0000001982800000, 0x0000001982800000| Untracked 
|3092|0x0000001982a00000, 0x0000001982a00000, 0x0000001982c00000|  0%| F|  |TAMS 0x0000001982a00000, 0x0000001982a00000| Untracked 
|3093|0x0000001982c00000, 0x0000001982c00000, 0x0000001982e00000|  0%| F|  |TAMS 0x0000001982c00000, 0x0000001982c00000| Untracked 
|3094|0x0000001982e00000, 0x0000001982e00000, 0x0000001983000000|  0%| F|  |TAMS 0x0000001982e00000, 0x0000001982e00000| Untracked 
|3095|0x0000001983000000, 0x0000001983000000, 0x0000001983200000|  0%| F|  |TAMS 0x0000001983000000, 0x0000001983000000| Untracked 
|3096|0x0000001983200000, 0x0000001983200000, 0x0000001983400000|  0%| F|  |TAMS 0x0000001983200000, 0x0000001983200000| Untracked 
|3097|0x0000001983400000, 0x0000001983400000, 0x0000001983600000|  0%| F|  |TAMS 0x0000001983400000, 0x0000001983400000| Untracked 
|3098|0x0000001983600000, 0x0000001983600000, 0x0000001983800000|  0%| F|  |TAMS 0x0000001983600000, 0x0000001983600000| Untracked 
|3099|0x0000001983800000, 0x0000001983800000, 0x0000001983a00000|  0%| F|  |TAMS 0x0000001983800000, 0x0000001983800000| Untracked 
|3100|0x0000001983a00000, 0x0000001983a00000, 0x0000001983c00000|  0%| F|  |TAMS 0x0000001983a00000, 0x0000001983a00000| Untracked 
|3101|0x0000001983c00000, 0x0000001983c00000, 0x0000001983e00000|  0%| F|  |TAMS 0x0000001983c00000, 0x0000001983c00000| Untracked 
|3102|0x0000001983e00000, 0x0000001983e00000, 0x0000001984000000|  0%| F|  |TAMS 0x0000001983e00000, 0x0000001983e00000| Untracked 
|3103|0x0000001984000000, 0x0000001984000000, 0x0000001984200000|  0%| F|  |TAMS 0x0000001984000000, 0x0000001984000000| Untracked 
|3104|0x0000001984200000, 0x0000001984200000, 0x0000001984400000|  0%| F|  |TAMS 0x0000001984200000, 0x0000001984200000| Untracked 
|3105|0x0000001984400000, 0x0000001984400000, 0x0000001984600000|  0%| F|  |TAMS 0x0000001984400000, 0x0000001984400000| Untracked 
|3106|0x0000001984600000, 0x0000001984600000, 0x0000001984800000|  0%| F|  |TAMS 0x0000001984600000, 0x0000001984600000| Untracked 
|3107|0x0000001984800000, 0x0000001984800000, 0x0000001984a00000|  0%| F|  |TAMS 0x0000001984800000, 0x0000001984800000| Untracked 
|3108|0x0000001984a00000, 0x0000001984a00000, 0x0000001984c00000|  0%| F|  |TAMS 0x0000001984a00000, 0x0000001984a00000| Untracked 
|3109|0x0000001984c00000, 0x0000001984c00000, 0x0000001984e00000|  0%| F|  |TAMS 0x0000001984c00000, 0x0000001984c00000| Untracked 
|3110|0x0000001984e00000, 0x0000001984e00000, 0x0000001985000000|  0%| F|  |TAMS 0x0000001984e00000, 0x0000001984e00000| Untracked 
|3111|0x0000001985000000, 0x0000001985000000, 0x0000001985200000|  0%| F|  |TAMS 0x0000001985000000, 0x0000001985000000| Untracked 
|3112|0x0000001985200000, 0x0000001985200000, 0x0000001985400000|  0%| F|  |TAMS 0x0000001985200000, 0x0000001985200000| Untracked 
|3113|0x0000001985400000, 0x0000001985400000, 0x0000001985600000|  0%| F|  |TAMS 0x0000001985400000, 0x0000001985400000| Untracked 
|3114|0x0000001985600000, 0x0000001985600000, 0x0000001985800000|  0%| F|  |TAMS 0x0000001985600000, 0x0000001985600000| Untracked 
|3115|0x0000001985800000, 0x0000001985800000, 0x0000001985a00000|  0%| F|  |TAMS 0x0000001985800000, 0x0000001985800000| Untracked 
|3116|0x0000001985a00000, 0x0000001985a00000, 0x0000001985c00000|  0%| F|  |TAMS 0x0000001985a00000, 0x0000001985a00000| Untracked 
|3117|0x0000001985c00000, 0x0000001985c00000, 0x0000001985e00000|  0%| F|  |TAMS 0x0000001985c00000, 0x0000001985c00000| Untracked 
|3118|0x0000001985e00000, 0x0000001985e00000, 0x0000001986000000|  0%| F|  |TAMS 0x0000001985e00000, 0x0000001985e00000| Untracked 
|3119|0x0000001986000000, 0x0000001986000000, 0x0000001986200000|  0%| F|  |TAMS 0x0000001986000000, 0x0000001986000000| Untracked 
|3120|0x0000001986200000, 0x0000001986200000, 0x0000001986400000|  0%| F|  |TAMS 0x0000001986200000, 0x0000001986200000| Untracked 
|3121|0x0000001986400000, 0x0000001986400000, 0x0000001986600000|  0%| F|  |TAMS 0x0000001986400000, 0x0000001986400000| Untracked 
|3122|0x0000001986600000, 0x0000001986600000, 0x0000001986800000|  0%| F|  |TAMS 0x0000001986600000, 0x0000001986600000| Untracked 
|3123|0x0000001986800000, 0x0000001986800000, 0x0000001986a00000|  0%| F|  |TAMS 0x0000001986800000, 0x0000001986800000| Untracked 
|3124|0x0000001986a00000, 0x0000001986a00000, 0x0000001986c00000|  0%| F|  |TAMS 0x0000001986a00000, 0x0000001986a00000| Untracked 
|3125|0x0000001986c00000, 0x0000001986c00000, 0x0000001986e00000|  0%| F|  |TAMS 0x0000001986c00000, 0x0000001986c00000| Untracked 
|3126|0x0000001986e00000, 0x0000001986e00000, 0x0000001987000000|  0%| F|  |TAMS 0x0000001986e00000, 0x0000001986e00000| Untracked 
|3127|0x0000001987000000, 0x0000001987000000, 0x0000001987200000|  0%| F|  |TAMS 0x0000001987000000, 0x0000001987000000| Untracked 
|3128|0x0000001987200000, 0x0000001987200000, 0x0000001987400000|  0%| F|  |TAMS 0x0000001987200000, 0x0000001987200000| Untracked 
|3129|0x0000001987400000, 0x0000001987400000, 0x0000001987600000|  0%| F|  |TAMS 0x0000001987400000, 0x0000001987400000| Untracked 
|3130|0x0000001987600000, 0x0000001987600000, 0x0000001987800000|  0%| F|  |TAMS 0x0000001987600000, 0x0000001987600000| Untracked 
|3131|0x0000001987800000, 0x0000001987800000, 0x0000001987a00000|  0%| F|  |TAMS 0x0000001987800000, 0x0000001987800000| Untracked 
|3132|0x0000001987a00000, 0x0000001987a00000, 0x0000001987c00000|  0%| F|  |TAMS 0x0000001987a00000, 0x0000001987a00000| Untracked 
|3133|0x0000001987c00000, 0x0000001987c00000, 0x0000001987e00000|  0%| F|  |TAMS 0x0000001987c00000, 0x0000001987c00000| Untracked 
|3134|0x0000001987e00000, 0x0000001987e00000, 0x0000001988000000|  0%| F|  |TAMS 0x0000001987e00000, 0x0000001987e00000| Untracked 
|3135|0x0000001988000000, 0x0000001988000000, 0x0000001988200000|  0%| F|  |TAMS 0x0000001988000000, 0x0000001988000000| Untracked 
|3136|0x0000001988200000, 0x0000001988200000, 0x0000001988400000|  0%| F|  |TAMS 0x0000001988200000, 0x0000001988200000| Untracked 
|3137|0x0000001988400000, 0x0000001988400000, 0x0000001988600000|  0%| F|  |TAMS 0x0000001988400000, 0x0000001988400000| Untracked 
|3138|0x0000001988600000, 0x0000001988600000, 0x0000001988800000|  0%| F|  |TAMS 0x0000001988600000, 0x0000001988600000| Untracked 
|3139|0x0000001988800000, 0x0000001988800000, 0x0000001988a00000|  0%| F|  |TAMS 0x0000001988800000, 0x0000001988800000| Untracked 
|3140|0x0000001988a00000, 0x0000001988a00000, 0x0000001988c00000|  0%| F|  |TAMS 0x0000001988a00000, 0x0000001988a00000| Untracked 
|3141|0x0000001988c00000, 0x0000001988c00000, 0x0000001988e00000|  0%| F|  |TAMS 0x0000001988c00000, 0x0000001988c00000| Untracked 
|3142|0x0000001988e00000, 0x0000001988e00000, 0x0000001989000000|  0%| F|  |TAMS 0x0000001988e00000, 0x0000001988e00000| Untracked 
|3143|0x0000001989000000, 0x0000001989000000, 0x0000001989200000|  0%| F|  |TAMS 0x0000001989000000, 0x0000001989000000| Untracked 
|3144|0x0000001989200000, 0x0000001989200000, 0x0000001989400000|  0%| F|  |TAMS 0x0000001989200000, 0x0000001989200000| Untracked 
|3145|0x0000001989400000, 0x0000001989400000, 0x0000001989600000|  0%| F|  |TAMS 0x0000001989400000, 0x0000001989400000| Untracked 
|3146|0x0000001989600000, 0x0000001989600000, 0x0000001989800000|  0%| F|  |TAMS 0x0000001989600000, 0x0000001989600000| Untracked 
|3147|0x0000001989800000, 0x0000001989800000, 0x0000001989a00000|  0%| F|  |TAMS 0x0000001989800000, 0x0000001989800000| Untracked 
|3148|0x0000001989a00000, 0x0000001989a00000, 0x0000001989c00000|  0%| F|  |TAMS 0x0000001989a00000, 0x0000001989a00000| Untracked 
|3149|0x0000001989c00000, 0x0000001989c00000, 0x0000001989e00000|  0%| F|  |TAMS 0x0000001989c00000, 0x0000001989c00000| Untracked 
|3150|0x0000001989e00000, 0x0000001989e00000, 0x000000198a000000|  0%| F|  |TAMS 0x0000001989e00000, 0x0000001989e00000| Untracked 
|3151|0x000000198a000000, 0x000000198a000000, 0x000000198a200000|  0%| F|  |TAMS 0x000000198a000000, 0x000000198a000000| Untracked 
|3152|0x000000198a200000, 0x000000198a200000, 0x000000198a400000|  0%| F|  |TAMS 0x000000198a200000, 0x000000198a200000| Untracked 
|3153|0x000000198a400000, 0x000000198a400000, 0x000000198a600000|  0%| F|  |TAMS 0x000000198a400000, 0x000000198a400000| Untracked 
|3154|0x000000198a600000, 0x000000198a600000, 0x000000198a800000|  0%| F|  |TAMS 0x000000198a600000, 0x000000198a600000| Untracked 
|3155|0x000000198a800000, 0x000000198a800000, 0x000000198aa00000|  0%| F|  |TAMS 0x000000198a800000, 0x000000198a800000| Untracked 
|3156|0x000000198aa00000, 0x000000198aa00000, 0x000000198ac00000|  0%| F|  |TAMS 0x000000198aa00000, 0x000000198aa00000| Untracked 
|3157|0x000000198ac00000, 0x000000198ac00000, 0x000000198ae00000|  0%| F|  |TAMS 0x000000198ac00000, 0x000000198ac00000| Untracked 
|3158|0x000000198ae00000, 0x000000198ae00000, 0x000000198b000000|  0%| F|  |TAMS 0x000000198ae00000, 0x000000198ae00000| Untracked 
|3159|0x000000198b000000, 0x000000198b000000, 0x000000198b200000|  0%| F|  |TAMS 0x000000198b000000, 0x000000198b000000| Untracked 
|3160|0x000000198b200000, 0x000000198b200000, 0x000000198b400000|  0%| F|  |TAMS 0x000000198b200000, 0x000000198b200000| Untracked 
|3161|0x000000198b400000, 0x000000198b400000, 0x000000198b600000|  0%| F|  |TAMS 0x000000198b400000, 0x000000198b400000| Untracked 
|3162|0x000000198b600000, 0x000000198b600000, 0x000000198b800000|  0%| F|  |TAMS 0x000000198b600000, 0x000000198b600000| Untracked 
|3163|0x000000198b800000, 0x000000198b800000, 0x000000198ba00000|  0%| F|  |TAMS 0x000000198b800000, 0x000000198b800000| Untracked 
|3164|0x000000198ba00000, 0x000000198ba00000, 0x000000198bc00000|  0%| F|  |TAMS 0x000000198ba00000, 0x000000198ba00000| Untracked 
|3165|0x000000198bc00000, 0x000000198bc00000, 0x000000198be00000|  0%| F|  |TAMS 0x000000198bc00000, 0x000000198bc00000| Untracked 
|3166|0x000000198be00000, 0x000000198be00000, 0x000000198c000000|  0%| F|  |TAMS 0x000000198be00000, 0x000000198be00000| Untracked 
|3167|0x000000198c000000, 0x000000198c000000, 0x000000198c200000|  0%| F|  |TAMS 0x000000198c000000, 0x000000198c000000| Untracked 
|3168|0x000000198c200000, 0x000000198c200000, 0x000000198c400000|  0%| F|  |TAMS 0x000000198c200000, 0x000000198c200000| Untracked 
|3169|0x000000198c400000, 0x000000198c400000, 0x000000198c600000|  0%| F|  |TAMS 0x000000198c400000, 0x000000198c400000| Untracked 
|3170|0x000000198c600000, 0x000000198c600000, 0x000000198c800000|  0%| F|  |TAMS 0x000000198c600000, 0x000000198c600000| Untracked 
|3171|0x000000198c800000, 0x000000198c800000, 0x000000198ca00000|  0%| F|  |TAMS 0x000000198c800000, 0x000000198c800000| Untracked 
|3172|0x000000198ca00000, 0x000000198ca00000, 0x000000198cc00000|  0%| F|  |TAMS 0x000000198ca00000, 0x000000198ca00000| Untracked 
|3173|0x000000198cc00000, 0x000000198cc00000, 0x000000198ce00000|  0%| F|  |TAMS 0x000000198cc00000, 0x000000198cc00000| Untracked 
|3174|0x000000198ce00000, 0x000000198ce00000, 0x000000198d000000|  0%| F|  |TAMS 0x000000198ce00000, 0x000000198ce00000| Untracked 
|3175|0x000000198d000000, 0x000000198d000000, 0x000000198d200000|  0%| F|  |TAMS 0x000000198d000000, 0x000000198d000000| Untracked 
|3176|0x000000198d200000, 0x000000198d200000, 0x000000198d400000|  0%| F|  |TAMS 0x000000198d200000, 0x000000198d200000| Untracked 
|3177|0x000000198d400000, 0x000000198d400000, 0x000000198d600000|  0%| F|  |TAMS 0x000000198d400000, 0x000000198d400000| Untracked 
|3178|0x000000198d600000, 0x000000198d600000, 0x000000198d800000|  0%| F|  |TAMS 0x000000198d600000, 0x000000198d600000| Untracked 
|3179|0x000000198d800000, 0x000000198d800000, 0x000000198da00000|  0%| F|  |TAMS 0x000000198d800000, 0x000000198d800000| Untracked 
|3180|0x000000198da00000, 0x000000198da00000, 0x000000198dc00000|  0%| F|  |TAMS 0x000000198da00000, 0x000000198da00000| Untracked 
|3181|0x000000198dc00000, 0x000000198dc00000, 0x000000198de00000|  0%| F|  |TAMS 0x000000198dc00000, 0x000000198dc00000| Untracked 
|3182|0x000000198de00000, 0x000000198de00000, 0x000000198e000000|  0%| F|  |TAMS 0x000000198de00000, 0x000000198de00000| Untracked 
|3183|0x000000198e000000, 0x000000198e000000, 0x000000198e200000|  0%| F|  |TAMS 0x000000198e000000, 0x000000198e000000| Untracked 
|3184|0x000000198e200000, 0x000000198e200000, 0x000000198e400000|  0%| F|  |TAMS 0x000000198e200000, 0x000000198e200000| Untracked 
|3185|0x000000198e400000, 0x000000198e400000, 0x000000198e600000|  0%| F|  |TAMS 0x000000198e400000, 0x000000198e400000| Untracked 
|3186|0x000000198e600000, 0x000000198e600000, 0x000000198e800000|  0%| F|  |TAMS 0x000000198e600000, 0x000000198e600000| Untracked 
|3187|0x000000198e800000, 0x000000198e800000, 0x000000198ea00000|  0%| F|  |TAMS 0x000000198e800000, 0x000000198e800000| Untracked 
|3188|0x000000198ea00000, 0x000000198ea00000, 0x000000198ec00000|  0%| F|  |TAMS 0x000000198ea00000, 0x000000198ea00000| Untracked 
|3189|0x000000198ec00000, 0x000000198ec00000, 0x000000198ee00000|  0%| F|  |TAMS 0x000000198ec00000, 0x000000198ec00000| Untracked 
|3190|0x000000198ee00000, 0x000000198ee00000, 0x000000198f000000|  0%| F|  |TAMS 0x000000198ee00000, 0x000000198ee00000| Untracked 
|3191|0x000000198f000000, 0x000000198f000000, 0x000000198f200000|  0%| F|  |TAMS 0x000000198f000000, 0x000000198f000000| Untracked 
|3192|0x000000198f200000, 0x000000198f200000, 0x000000198f400000|  0%| F|  |TAMS 0x000000198f200000, 0x000000198f200000| Untracked 
|3193|0x000000198f400000, 0x000000198f400000, 0x000000198f600000|  0%| F|  |TAMS 0x000000198f400000, 0x000000198f400000| Untracked 
|3194|0x000000198f600000, 0x000000198f600000, 0x000000198f800000|  0%| F|  |TAMS 0x000000198f600000, 0x000000198f600000| Untracked 
|3195|0x000000198f800000, 0x000000198f800000, 0x000000198fa00000|  0%| F|  |TAMS 0x000000198f800000, 0x000000198f800000| Untracked 
|3196|0x000000198fa00000, 0x000000198fa00000, 0x000000198fc00000|  0%| F|  |TAMS 0x000000198fa00000, 0x000000198fa00000| Untracked 
|3197|0x000000198fc00000, 0x000000198fc00000, 0x000000198fe00000|  0%| F|  |TAMS 0x000000198fc00000, 0x000000198fc00000| Untracked 
|3198|0x000000198fe00000, 0x000000198fe00000, 0x0000001990000000|  0%| F|  |TAMS 0x000000198fe00000, 0x000000198fe00000| Untracked 
|3199|0x0000001990000000, 0x0000001990000000, 0x0000001990200000|  0%| F|  |TAMS 0x0000001990000000, 0x0000001990000000| Untracked 
|3200|0x0000001990200000, 0x0000001990200000, 0x0000001990400000|  0%| F|  |TAMS 0x0000001990200000, 0x0000001990200000| Untracked 
|3201|0x0000001990400000, 0x0000001990400000, 0x0000001990600000|  0%| F|  |TAMS 0x0000001990400000, 0x0000001990400000| Untracked 
|3202|0x0000001990600000, 0x0000001990600000, 0x0000001990800000|  0%| F|  |TAMS 0x0000001990600000, 0x0000001990600000| Untracked 
|3203|0x0000001990800000, 0x0000001990800000, 0x0000001990a00000|  0%| F|  |TAMS 0x0000001990800000, 0x0000001990800000| Untracked 
|3204|0x0000001990a00000, 0x0000001990a00000, 0x0000001990c00000|  0%| F|  |TAMS 0x0000001990a00000, 0x0000001990a00000| Untracked 
|3205|0x0000001990c00000, 0x0000001990c00000, 0x0000001990e00000|  0%| F|  |TAMS 0x0000001990c00000, 0x0000001990c00000| Untracked 
|3206|0x0000001990e00000, 0x0000001990e00000, 0x0000001991000000|  0%| F|  |TAMS 0x0000001990e00000, 0x0000001990e00000| Untracked 
|3207|0x0000001991000000, 0x0000001991000000, 0x0000001991200000|  0%| F|  |TAMS 0x0000001991000000, 0x0000001991000000| Untracked 
|3208|0x0000001991200000, 0x0000001991200000, 0x0000001991400000|  0%| F|  |TAMS 0x0000001991200000, 0x0000001991200000| Untracked 
|3209|0x0000001991400000, 0x0000001991400000, 0x0000001991600000|  0%| F|  |TAMS 0x0000001991400000, 0x0000001991400000| Untracked 
|3210|0x0000001991600000, 0x0000001991600000, 0x0000001991800000|  0%| F|  |TAMS 0x0000001991600000, 0x0000001991600000| Untracked 
|3211|0x0000001991800000, 0x0000001991800000, 0x0000001991a00000|  0%| F|  |TAMS 0x0000001991800000, 0x0000001991800000| Untracked 
|3212|0x0000001991a00000, 0x0000001991a00000, 0x0000001991c00000|  0%| F|  |TAMS 0x0000001991a00000, 0x0000001991a00000| Untracked 
|3213|0x0000001991c00000, 0x0000001991c00000, 0x0000001991e00000|  0%| F|  |TAMS 0x0000001991c00000, 0x0000001991c00000| Untracked 
|3214|0x0000001991e00000, 0x0000001991e00000, 0x0000001992000000|  0%| F|  |TAMS 0x0000001991e00000, 0x0000001991e00000| Untracked 
|3215|0x0000001992000000, 0x0000001992000000, 0x0000001992200000|  0%| F|  |TAMS 0x0000001992000000, 0x0000001992000000| Untracked 
|3216|0x0000001992200000, 0x0000001992200000, 0x0000001992400000|  0%| F|  |TAMS 0x0000001992200000, 0x0000001992200000| Untracked 
|3217|0x0000001992400000, 0x0000001992400000, 0x0000001992600000|  0%| F|  |TAMS 0x0000001992400000, 0x0000001992400000| Untracked 
|3218|0x0000001992600000, 0x0000001992600000, 0x0000001992800000|  0%| F|  |TAMS 0x0000001992600000, 0x0000001992600000| Untracked 
|3219|0x0000001992800000, 0x0000001992800000, 0x0000001992a00000|  0%| F|  |TAMS 0x0000001992800000, 0x0000001992800000| Untracked 
|3220|0x0000001992a00000, 0x0000001992a00000, 0x0000001992c00000|  0%| F|  |TAMS 0x0000001992a00000, 0x0000001992a00000| Untracked 
|3221|0x0000001992c00000, 0x0000001992c00000, 0x0000001992e00000|  0%| F|  |TAMS 0x0000001992c00000, 0x0000001992c00000| Untracked 
|3222|0x0000001992e00000, 0x0000001992e00000, 0x0000001993000000|  0%| F|  |TAMS 0x0000001992e00000, 0x0000001992e00000| Untracked 
|3223|0x0000001993000000, 0x0000001993000000, 0x0000001993200000|  0%| F|  |TAMS 0x0000001993000000, 0x0000001993000000| Untracked 
|3224|0x0000001993200000, 0x0000001993200000, 0x0000001993400000|  0%| F|  |TAMS 0x0000001993200000, 0x0000001993200000| Untracked 
|3225|0x0000001993400000, 0x0000001993400000, 0x0000001993600000|  0%| F|  |TAMS 0x0000001993400000, 0x0000001993400000| Untracked 
|3226|0x0000001993600000, 0x0000001993600000, 0x0000001993800000|  0%| F|  |TAMS 0x0000001993600000, 0x0000001993600000| Untracked 
|3227|0x0000001993800000, 0x0000001993800000, 0x0000001993a00000|  0%| F|  |TAMS 0x0000001993800000, 0x0000001993800000| Untracked 
|3228|0x0000001993a00000, 0x0000001993a00000, 0x0000001993c00000|  0%| F|  |TAMS 0x0000001993a00000, 0x0000001993a00000| Untracked 
|3229|0x0000001993c00000, 0x0000001993c00000, 0x0000001993e00000|  0%| F|  |TAMS 0x0000001993c00000, 0x0000001993c00000| Untracked 
|3230|0x0000001993e00000, 0x0000001993e00000, 0x0000001994000000|  0%| F|  |TAMS 0x0000001993e00000, 0x0000001993e00000| Untracked 
|3231|0x0000001994000000, 0x0000001994000000, 0x0000001994200000|  0%| F|  |TAMS 0x0000001994000000, 0x0000001994000000| Untracked 
|3232|0x0000001994200000, 0x0000001994200000, 0x0000001994400000|  0%| F|  |TAMS 0x0000001994200000, 0x0000001994200000| Untracked 
|3233|0x0000001994400000, 0x0000001994400000, 0x0000001994600000|  0%| F|  |TAMS 0x0000001994400000, 0x0000001994400000| Untracked 
|3234|0x0000001994600000, 0x0000001994600000, 0x0000001994800000|  0%| F|  |TAMS 0x0000001994600000, 0x0000001994600000| Untracked 
|3235|0x0000001994800000, 0x0000001994800000, 0x0000001994a00000|  0%| F|  |TAMS 0x0000001994800000, 0x0000001994800000| Untracked 
|3236|0x0000001994a00000, 0x0000001994a00000, 0x0000001994c00000|  0%| F|  |TAMS 0x0000001994a00000, 0x0000001994a00000| Untracked 
|3237|0x0000001994c00000, 0x0000001994c00000, 0x0000001994e00000|  0%| F|  |TAMS 0x0000001994c00000, 0x0000001994c00000| Untracked 
|3238|0x0000001994e00000, 0x0000001994e00000, 0x0000001995000000|  0%| F|  |TAMS 0x0000001994e00000, 0x0000001994e00000| Untracked 
|3239|0x0000001995000000, 0x0000001995000000, 0x0000001995200000|  0%| F|  |TAMS 0x0000001995000000, 0x0000001995000000| Untracked 
|3240|0x0000001995200000, 0x0000001995200000, 0x0000001995400000|  0%| F|  |TAMS 0x0000001995200000, 0x0000001995200000| Untracked 
|3241|0x0000001995400000, 0x0000001995400000, 0x0000001995600000|  0%| F|  |TAMS 0x0000001995400000, 0x0000001995400000| Untracked 
|3242|0x0000001995600000, 0x0000001995600000, 0x0000001995800000|  0%| F|  |TAMS 0x0000001995600000, 0x0000001995600000| Untracked 
|3243|0x0000001995800000, 0x0000001995800000, 0x0000001995a00000|  0%| F|  |TAMS 0x0000001995800000, 0x0000001995800000| Untracked 
|3244|0x0000001995a00000, 0x0000001995a00000, 0x0000001995c00000|  0%| F|  |TAMS 0x0000001995a00000, 0x0000001995a00000| Untracked 
|3245|0x0000001995c00000, 0x0000001995c00000, 0x0000001995e00000|  0%| F|  |TAMS 0x0000001995c00000, 0x0000001995c00000| Untracked 
|3246|0x0000001995e00000, 0x0000001995e00000, 0x0000001996000000|  0%| F|  |TAMS 0x0000001995e00000, 0x0000001995e00000| Untracked 
|3247|0x0000001996000000, 0x0000001996000000, 0x0000001996200000|  0%| F|  |TAMS 0x0000001996000000, 0x0000001996000000| Untracked 
|3248|0x0000001996200000, 0x0000001996200000, 0x0000001996400000|  0%| F|  |TAMS 0x0000001996200000, 0x0000001996200000| Untracked 
|3249|0x0000001996400000, 0x0000001996400000, 0x0000001996600000|  0%| F|  |TAMS 0x0000001996400000, 0x0000001996400000| Untracked 
|3250|0x0000001996600000, 0x0000001996600000, 0x0000001996800000|  0%| F|  |TAMS 0x0000001996600000, 0x0000001996600000| Untracked 
|3251|0x0000001996800000, 0x0000001996800000, 0x0000001996a00000|  0%| F|  |TAMS 0x0000001996800000, 0x0000001996800000| Untracked 
|3252|0x0000001996a00000, 0x0000001996a00000, 0x0000001996c00000|  0%| F|  |TAMS 0x0000001996a00000, 0x0000001996a00000| Untracked 
|3253|0x0000001996c00000, 0x0000001996c00000, 0x0000001996e00000|  0%| F|  |TAMS 0x0000001996c00000, 0x0000001996c00000| Untracked 
|3254|0x0000001996e00000, 0x0000001996e00000, 0x0000001997000000|  0%| F|  |TAMS 0x0000001996e00000, 0x0000001996e00000| Untracked 
|3255|0x0000001997000000, 0x0000001997000000, 0x0000001997200000|  0%| F|  |TAMS 0x0000001997000000, 0x0000001997000000| Untracked 
|3256|0x0000001997200000, 0x0000001997200000, 0x0000001997400000|  0%| F|  |TAMS 0x0000001997200000, 0x0000001997200000| Untracked 
|3257|0x0000001997400000, 0x0000001997400000, 0x0000001997600000|  0%| F|  |TAMS 0x0000001997400000, 0x0000001997400000| Untracked 
|3258|0x0000001997600000, 0x0000001997600000, 0x0000001997800000|  0%| F|  |TAMS 0x0000001997600000, 0x0000001997600000| Untracked 
|3259|0x0000001997800000, 0x0000001997800000, 0x0000001997a00000|  0%| F|  |TAMS 0x0000001997800000, 0x0000001997800000| Untracked 
|3260|0x0000001997a00000, 0x0000001997a00000, 0x0000001997c00000|  0%| F|  |TAMS 0x0000001997a00000, 0x0000001997a00000| Untracked 
|3261|0x0000001997c00000, 0x0000001997c00000, 0x0000001997e00000|  0%| F|  |TAMS 0x0000001997c00000, 0x0000001997c00000| Untracked 
|3262|0x0000001997e00000, 0x0000001997e00000, 0x0000001998000000|  0%| F|  |TAMS 0x0000001997e00000, 0x0000001997e00000| Untracked 
|3263|0x0000001998000000, 0x0000001998000000, 0x0000001998200000|  0%| F|  |TAMS 0x0000001998000000, 0x0000001998000000| Untracked 
|3264|0x0000001998200000, 0x0000001998200000, 0x0000001998400000|  0%| F|  |TAMS 0x0000001998200000, 0x0000001998200000| Untracked 
|3265|0x0000001998400000, 0x0000001998400000, 0x0000001998600000|  0%| F|  |TAMS 0x0000001998400000, 0x0000001998400000| Untracked 
|3266|0x0000001998600000, 0x0000001998600000, 0x0000001998800000|  0%| F|  |TAMS 0x0000001998600000, 0x0000001998600000| Untracked 
|3267|0x0000001998800000, 0x0000001998800000, 0x0000001998a00000|  0%| F|  |TAMS 0x0000001998800000, 0x0000001998800000| Untracked 
|3268|0x0000001998a00000, 0x0000001998a00000, 0x0000001998c00000|  0%| F|  |TAMS 0x0000001998a00000, 0x0000001998a00000| Untracked 
|3269|0x0000001998c00000, 0x0000001998c00000, 0x0000001998e00000|  0%| F|  |TAMS 0x0000001998c00000, 0x0000001998c00000| Untracked 
|3270|0x0000001998e00000, 0x0000001998e00000, 0x0000001999000000|  0%| F|  |TAMS 0x0000001998e00000, 0x0000001998e00000| Untracked 
|3271|0x0000001999000000, 0x0000001999000000, 0x0000001999200000|  0%| F|  |TAMS 0x0000001999000000, 0x0000001999000000| Untracked 
|3272|0x0000001999200000, 0x0000001999200000, 0x0000001999400000|  0%| F|  |TAMS 0x0000001999200000, 0x0000001999200000| Untracked 
|3273|0x0000001999400000, 0x0000001999400000, 0x0000001999600000|  0%| F|  |TAMS 0x0000001999400000, 0x0000001999400000| Untracked 
|3274|0x0000001999600000, 0x0000001999600000, 0x0000001999800000|  0%| F|  |TAMS 0x0000001999600000, 0x0000001999600000| Untracked 
|3275|0x0000001999800000, 0x0000001999800000, 0x0000001999a00000|  0%| F|  |TAMS 0x0000001999800000, 0x0000001999800000| Untracked 
|3276|0x0000001999a00000, 0x0000001999a00000, 0x0000001999c00000|  0%| F|  |TAMS 0x0000001999a00000, 0x0000001999a00000| Untracked 
|3277|0x0000001999c00000, 0x0000001999c00000, 0x0000001999e00000|  0%| F|  |TAMS 0x0000001999c00000, 0x0000001999c00000| Untracked 
|3278|0x0000001999e00000, 0x0000001999e00000, 0x000000199a000000|  0%| F|  |TAMS 0x0000001999e00000, 0x0000001999e00000| Untracked 
|3279|0x000000199a000000, 0x000000199a000000, 0x000000199a200000|  0%| F|  |TAMS 0x000000199a000000, 0x000000199a000000| Untracked 
|3280|0x000000199a200000, 0x000000199a200000, 0x000000199a400000|  0%| F|  |TAMS 0x000000199a200000, 0x000000199a200000| Untracked 
|3281|0x000000199a400000, 0x000000199a400000, 0x000000199a600000|  0%| F|  |TAMS 0x000000199a400000, 0x000000199a400000| Untracked 
|3282|0x000000199a600000, 0x000000199a600000, 0x000000199a800000|  0%| F|  |TAMS 0x000000199a600000, 0x000000199a600000| Untracked 
|3283|0x000000199a800000, 0x000000199a800000, 0x000000199aa00000|  0%| F|  |TAMS 0x000000199a800000, 0x000000199a800000| Untracked 
|3284|0x000000199aa00000, 0x000000199aa00000, 0x000000199ac00000|  0%| F|  |TAMS 0x000000199aa00000, 0x000000199aa00000| Untracked 
|3285|0x000000199ac00000, 0x000000199ac00000, 0x000000199ae00000|  0%| F|  |TAMS 0x000000199ac00000, 0x000000199ac00000| Untracked 
|3286|0x000000199ae00000, 0x000000199ae00000, 0x000000199b000000|  0%| F|  |TAMS 0x000000199ae00000, 0x000000199ae00000| Untracked 
|3287|0x000000199b000000, 0x000000199b000000, 0x000000199b200000|  0%| F|  |TAMS 0x000000199b000000, 0x000000199b000000| Untracked 
|3288|0x000000199b200000, 0x000000199b200000, 0x000000199b400000|  0%| F|  |TAMS 0x000000199b200000, 0x000000199b200000| Untracked 
|3289|0x000000199b400000, 0x000000199b400000, 0x000000199b600000|  0%| F|  |TAMS 0x000000199b400000, 0x000000199b400000| Untracked 
|3290|0x000000199b600000, 0x000000199b600000, 0x000000199b800000|  0%| F|  |TAMS 0x000000199b600000, 0x000000199b600000| Untracked 
|3291|0x000000199b800000, 0x000000199b800000, 0x000000199ba00000|  0%| F|  |TAMS 0x000000199b800000, 0x000000199b800000| Untracked 
|3292|0x000000199ba00000, 0x000000199ba00000, 0x000000199bc00000|  0%| F|  |TAMS 0x000000199ba00000, 0x000000199ba00000| Untracked 
|3293|0x000000199bc00000, 0x000000199bc00000, 0x000000199be00000|  0%| F|  |TAMS 0x000000199bc00000, 0x000000199bc00000| Untracked 
|3294|0x000000199be00000, 0x000000199be00000, 0x000000199c000000|  0%| F|  |TAMS 0x000000199be00000, 0x000000199be00000| Untracked 
|3295|0x000000199c000000, 0x000000199c000000, 0x000000199c200000|  0%| F|  |TAMS 0x000000199c000000, 0x000000199c000000| Untracked 
|3296|0x000000199c200000, 0x000000199c200000, 0x000000199c400000|  0%| F|  |TAMS 0x000000199c200000, 0x000000199c200000| Untracked 
|3297|0x000000199c400000, 0x000000199c400000, 0x000000199c600000|  0%| F|  |TAMS 0x000000199c400000, 0x000000199c400000| Untracked 
|3298|0x000000199c600000, 0x000000199c600000, 0x000000199c800000|  0%| F|  |TAMS 0x000000199c600000, 0x000000199c600000| Untracked 
|3299|0x000000199c800000, 0x000000199c800000, 0x000000199ca00000|  0%| F|  |TAMS 0x000000199c800000, 0x000000199c800000| Untracked 
|3300|0x000000199ca00000, 0x000000199ca00000, 0x000000199cc00000|  0%| F|  |TAMS 0x000000199ca00000, 0x000000199ca00000| Untracked 
|3301|0x000000199cc00000, 0x000000199cc00000, 0x000000199ce00000|  0%| F|  |TAMS 0x000000199cc00000, 0x000000199cc00000| Untracked 
|3302|0x000000199ce00000, 0x000000199ce00000, 0x000000199d000000|  0%| F|  |TAMS 0x000000199ce00000, 0x000000199ce00000| Untracked 
|3303|0x000000199d000000, 0x000000199d000000, 0x000000199d200000|  0%| F|  |TAMS 0x000000199d000000, 0x000000199d000000| Untracked 
|3304|0x000000199d200000, 0x000000199d200000, 0x000000199d400000|  0%| F|  |TAMS 0x000000199d200000, 0x000000199d200000| Untracked 
|3305|0x000000199d400000, 0x000000199d400000, 0x000000199d600000|  0%| F|  |TAMS 0x000000199d400000, 0x000000199d400000| Untracked 
|3306|0x000000199d600000, 0x000000199d600000, 0x000000199d800000|  0%| F|  |TAMS 0x000000199d600000, 0x000000199d600000| Untracked 
|3307|0x000000199d800000, 0x000000199d800000, 0x000000199da00000|  0%| F|  |TAMS 0x000000199d800000, 0x000000199d800000| Untracked 
|3308|0x000000199da00000, 0x000000199da00000, 0x000000199dc00000|  0%| F|  |TAMS 0x000000199da00000, 0x000000199da00000| Untracked 
|3309|0x000000199dc00000, 0x000000199dc00000, 0x000000199de00000|  0%| F|  |TAMS 0x000000199dc00000, 0x000000199dc00000| Untracked 
|3310|0x000000199de00000, 0x000000199de00000, 0x000000199e000000|  0%| F|  |TAMS 0x000000199de00000, 0x000000199de00000| Untracked 
|3311|0x000000199e000000, 0x000000199e000000, 0x000000199e200000|  0%| F|  |TAMS 0x000000199e000000, 0x000000199e000000| Untracked 
|3312|0x000000199e200000, 0x000000199e200000, 0x000000199e400000|  0%| F|  |TAMS 0x000000199e200000, 0x000000199e200000| Untracked 
|3313|0x000000199e400000, 0x000000199e400000, 0x000000199e600000|  0%| F|  |TAMS 0x000000199e400000, 0x000000199e400000| Untracked 
|3314|0x000000199e600000, 0x000000199e600000, 0x000000199e800000|  0%| F|  |TAMS 0x000000199e600000, 0x000000199e600000| Untracked 
|3315|0x000000199e800000, 0x000000199e800000, 0x000000199ea00000|  0%| F|  |TAMS 0x000000199e800000, 0x000000199e800000| Untracked 
|3316|0x000000199ea00000, 0x000000199ea00000, 0x000000199ec00000|  0%| F|  |TAMS 0x000000199ea00000, 0x000000199ea00000| Untracked 
|3317|0x000000199ec00000, 0x000000199ec00000, 0x000000199ee00000|  0%| F|  |TAMS 0x000000199ec00000, 0x000000199ec00000| Untracked 
|3318|0x000000199ee00000, 0x000000199ee00000, 0x000000199f000000|  0%| F|  |TAMS 0x000000199ee00000, 0x000000199ee00000| Untracked 
|3319|0x000000199f000000, 0x000000199f000000, 0x000000199f200000|  0%| F|  |TAMS 0x000000199f000000, 0x000000199f000000| Untracked 
|3320|0x000000199f200000, 0x000000199f200000, 0x000000199f400000|  0%| F|  |TAMS 0x000000199f200000, 0x000000199f200000| Untracked 
|3321|0x000000199f400000, 0x000000199f400000, 0x000000199f600000|  0%| F|  |TAMS 0x000000199f400000, 0x000000199f400000| Untracked 
|3322|0x000000199f600000, 0x000000199f600000, 0x000000199f800000|  0%| F|  |TAMS 0x000000199f600000, 0x000000199f600000| Untracked 
|3323|0x000000199f800000, 0x000000199f800000, 0x000000199fa00000|  0%| F|  |TAMS 0x000000199f800000, 0x000000199f800000| Untracked 
|3324|0x000000199fa00000, 0x000000199fa00000, 0x000000199fc00000|  0%| F|  |TAMS 0x000000199fa00000, 0x000000199fa00000| Untracked 
|3325|0x000000199fc00000, 0x000000199fc00000, 0x000000199fe00000|  0%| F|  |TAMS 0x000000199fc00000, 0x000000199fc00000| Untracked 
|3326|0x000000199fe00000, 0x000000199fe00000, 0x00000019a0000000|  0%| F|  |TAMS 0x000000199fe00000, 0x000000199fe00000| Untracked 
|3327|0x00000019a0000000, 0x00000019a0000000, 0x00000019a0200000|  0%| F|  |TAMS 0x00000019a0000000, 0x00000019a0000000| Untracked 
|3328|0x00000019a0200000, 0x00000019a0200000, 0x00000019a0400000|  0%| F|  |TAMS 0x00000019a0200000, 0x00000019a0200000| Untracked 
|3329|0x00000019a0400000, 0x00000019a0400000, 0x00000019a0600000|  0%| F|  |TAMS 0x00000019a0400000, 0x00000019a0400000| Untracked 
|3330|0x00000019a0600000, 0x00000019a0600000, 0x00000019a0800000|  0%| F|  |TAMS 0x00000019a0600000, 0x00000019a0600000| Untracked 
|3331|0x00000019a0800000, 0x00000019a0800000, 0x00000019a0a00000|  0%| F|  |TAMS 0x00000019a0800000, 0x00000019a0800000| Untracked 
|3332|0x00000019a0a00000, 0x00000019a0a00000, 0x00000019a0c00000|  0%| F|  |TAMS 0x00000019a0a00000, 0x00000019a0a00000| Untracked 
|3333|0x00000019a0c00000, 0x00000019a0c00000, 0x00000019a0e00000|  0%| F|  |TAMS 0x00000019a0c00000, 0x00000019a0c00000| Untracked 
|3334|0x00000019a0e00000, 0x00000019a0e00000, 0x00000019a1000000|  0%| F|  |TAMS 0x00000019a0e00000, 0x00000019a0e00000| Untracked 
|3335|0x00000019a1000000, 0x00000019a1000000, 0x00000019a1200000|  0%| F|  |TAMS 0x00000019a1000000, 0x00000019a1000000| Untracked 
|3336|0x00000019a1200000, 0x00000019a1200000, 0x00000019a1400000|  0%| F|  |TAMS 0x00000019a1200000, 0x00000019a1200000| Untracked 
|3337|0x00000019a1400000, 0x00000019a1400000, 0x00000019a1600000|  0%| F|  |TAMS 0x00000019a1400000, 0x00000019a1400000| Untracked 
|3338|0x00000019a1600000, 0x00000019a1600000, 0x00000019a1800000|  0%| F|  |TAMS 0x00000019a1600000, 0x00000019a1600000| Untracked 
|3339|0x00000019a1800000, 0x00000019a1800000, 0x00000019a1a00000|  0%| F|  |TAMS 0x00000019a1800000, 0x00000019a1800000| Untracked 
|3340|0x00000019a1a00000, 0x00000019a1a00000, 0x00000019a1c00000|  0%| F|  |TAMS 0x00000019a1a00000, 0x00000019a1a00000| Untracked 
|3341|0x00000019a1c00000, 0x00000019a1c00000, 0x00000019a1e00000|  0%| F|  |TAMS 0x00000019a1c00000, 0x00000019a1c00000| Untracked 
|3342|0x00000019a1e00000, 0x00000019a1e00000, 0x00000019a2000000|  0%| F|  |TAMS 0x00000019a1e00000, 0x00000019a1e00000| Untracked 
|3343|0x00000019a2000000, 0x00000019a2000000, 0x00000019a2200000|  0%| F|  |TAMS 0x00000019a2000000, 0x00000019a2000000| Untracked 
|3344|0x00000019a2200000, 0x00000019a2200000, 0x00000019a2400000|  0%| F|  |TAMS 0x00000019a2200000, 0x00000019a2200000| Untracked 
|3345|0x00000019a2400000, 0x00000019a2400000, 0x00000019a2600000|  0%| F|  |TAMS 0x00000019a2400000, 0x00000019a2400000| Untracked 
|3346|0x00000019a2600000, 0x00000019a2600000, 0x00000019a2800000|  0%| F|  |TAMS 0x00000019a2600000, 0x00000019a2600000| Untracked 
|3347|0x00000019a2800000, 0x00000019a2800000, 0x00000019a2a00000|  0%| F|  |TAMS 0x00000019a2800000, 0x00000019a2800000| Untracked 
|3348|0x00000019a2a00000, 0x00000019a2a00000, 0x00000019a2c00000|  0%| F|  |TAMS 0x00000019a2a00000, 0x00000019a2a00000| Untracked 
|3349|0x00000019a2c00000, 0x00000019a2c00000, 0x00000019a2e00000|  0%| F|  |TAMS 0x00000019a2c00000, 0x00000019a2c00000| Untracked 
|3350|0x00000019a2e00000, 0x00000019a2e00000, 0x00000019a3000000|  0%| F|  |TAMS 0x00000019a2e00000, 0x00000019a2e00000| Untracked 
|3351|0x00000019a3000000, 0x00000019a3000000, 0x00000019a3200000|  0%| F|  |TAMS 0x00000019a3000000, 0x00000019a3000000| Untracked 
|3352|0x00000019a3200000, 0x00000019a3200000, 0x00000019a3400000|  0%| F|  |TAMS 0x00000019a3200000, 0x00000019a3200000| Untracked 
|3353|0x00000019a3400000, 0x00000019a3400000, 0x00000019a3600000|  0%| F|  |TAMS 0x00000019a3400000, 0x00000019a3400000| Untracked 
|3354|0x00000019a3600000, 0x00000019a3600000, 0x00000019a3800000|  0%| F|  |TAMS 0x00000019a3600000, 0x00000019a3600000| Untracked 
|3355|0x00000019a3800000, 0x00000019a3800000, 0x00000019a3a00000|  0%| F|  |TAMS 0x00000019a3800000, 0x00000019a3800000| Untracked 
|3356|0x00000019a3a00000, 0x00000019a3a00000, 0x00000019a3c00000|  0%| F|  |TAMS 0x00000019a3a00000, 0x00000019a3a00000| Untracked 
|3357|0x00000019a3c00000, 0x00000019a3c00000, 0x00000019a3e00000|  0%| F|  |TAMS 0x00000019a3c00000, 0x00000019a3c00000| Untracked 
|3358|0x00000019a3e00000, 0x00000019a3e00000, 0x00000019a4000000|  0%| F|  |TAMS 0x00000019a3e00000, 0x00000019a3e00000| Untracked 
|3359|0x00000019a4000000, 0x00000019a4000000, 0x00000019a4200000|  0%| F|  |TAMS 0x00000019a4000000, 0x00000019a4000000| Untracked 
|3360|0x00000019a4200000, 0x00000019a4200000, 0x00000019a4400000|  0%| F|  |TAMS 0x00000019a4200000, 0x00000019a4200000| Untracked 
|3361|0x00000019a4400000, 0x00000019a4400000, 0x00000019a4600000|  0%| F|  |TAMS 0x00000019a4400000, 0x00000019a4400000| Untracked 
|3362|0x00000019a4600000, 0x00000019a4600000, 0x00000019a4800000|  0%| F|  |TAMS 0x00000019a4600000, 0x00000019a4600000| Untracked 
|3363|0x00000019a4800000, 0x00000019a4800000, 0x00000019a4a00000|  0%| F|  |TAMS 0x00000019a4800000, 0x00000019a4800000| Untracked 
|3364|0x00000019a4a00000, 0x00000019a4a00000, 0x00000019a4c00000|  0%| F|  |TAMS 0x00000019a4a00000, 0x00000019a4a00000| Untracked 
|3365|0x00000019a4c00000, 0x00000019a4c00000, 0x00000019a4e00000|  0%| F|  |TAMS 0x00000019a4c00000, 0x00000019a4c00000| Untracked 
|3366|0x00000019a4e00000, 0x00000019a4e00000, 0x00000019a5000000|  0%| F|  |TAMS 0x00000019a4e00000, 0x00000019a4e00000| Untracked 
|3367|0x00000019a5000000, 0x00000019a5000000, 0x00000019a5200000|  0%| F|  |TAMS 0x00000019a5000000, 0x00000019a5000000| Untracked 
|3368|0x00000019a5200000, 0x00000019a5200000, 0x00000019a5400000|  0%| F|  |TAMS 0x00000019a5200000, 0x00000019a5200000| Untracked 
|3369|0x00000019a5400000, 0x00000019a5400000, 0x00000019a5600000|  0%| F|  |TAMS 0x00000019a5400000, 0x00000019a5400000| Untracked 
|3370|0x00000019a5600000, 0x00000019a5600000, 0x00000019a5800000|  0%| F|  |TAMS 0x00000019a5600000, 0x00000019a5600000| Untracked 
|3371|0x00000019a5800000, 0x00000019a5800000, 0x00000019a5a00000|  0%| F|  |TAMS 0x00000019a5800000, 0x00000019a5800000| Untracked 
|3372|0x00000019a5a00000, 0x00000019a5a00000, 0x00000019a5c00000|  0%| F|  |TAMS 0x00000019a5a00000, 0x00000019a5a00000| Untracked 
|3373|0x00000019a5c00000, 0x00000019a5c00000, 0x00000019a5e00000|  0%| F|  |TAMS 0x00000019a5c00000, 0x00000019a5c00000| Untracked 
|3374|0x00000019a5e00000, 0x00000019a5e00000, 0x00000019a6000000|  0%| F|  |TAMS 0x00000019a5e00000, 0x00000019a5e00000| Untracked 
|3375|0x00000019a6000000, 0x00000019a6000000, 0x00000019a6200000|  0%| F|  |TAMS 0x00000019a6000000, 0x00000019a6000000| Untracked 
|3376|0x00000019a6200000, 0x00000019a6200000, 0x00000019a6400000|  0%| F|  |TAMS 0x00000019a6200000, 0x00000019a6200000| Untracked 
|3377|0x00000019a6400000, 0x00000019a6400000, 0x00000019a6600000|  0%| F|  |TAMS 0x00000019a6400000, 0x00000019a6400000| Untracked 
|3378|0x00000019a6600000, 0x00000019a6600000, 0x00000019a6800000|  0%| F|  |TAMS 0x00000019a6600000, 0x00000019a6600000| Untracked 
|3379|0x00000019a6800000, 0x00000019a6800000, 0x00000019a6a00000|  0%| F|  |TAMS 0x00000019a6800000, 0x00000019a6800000| Untracked 
|3380|0x00000019a6a00000, 0x00000019a6a00000, 0x00000019a6c00000|  0%| F|  |TAMS 0x00000019a6a00000, 0x00000019a6a00000| Untracked 
|3381|0x00000019a6c00000, 0x00000019a6c00000, 0x00000019a6e00000|  0%| F|  |TAMS 0x00000019a6c00000, 0x00000019a6c00000| Untracked 
|3382|0x00000019a6e00000, 0x00000019a6e00000, 0x00000019a7000000|  0%| F|  |TAMS 0x00000019a6e00000, 0x00000019a6e00000| Untracked 
|3383|0x00000019a7000000, 0x00000019a7000000, 0x00000019a7200000|  0%| F|  |TAMS 0x00000019a7000000, 0x00000019a7000000| Untracked 
|3384|0x00000019a7200000, 0x00000019a7200000, 0x00000019a7400000|  0%| F|  |TAMS 0x00000019a7200000, 0x00000019a7200000| Untracked 
|3385|0x00000019a7400000, 0x00000019a7400000, 0x00000019a7600000|  0%| F|  |TAMS 0x00000019a7400000, 0x00000019a7400000| Untracked 
|3386|0x00000019a7600000, 0x00000019a7600000, 0x00000019a7800000|  0%| F|  |TAMS 0x00000019a7600000, 0x00000019a7600000| Untracked 
|3387|0x00000019a7800000, 0x00000019a7800000, 0x00000019a7a00000|  0%| F|  |TAMS 0x00000019a7800000, 0x00000019a7800000| Untracked 
|3388|0x00000019a7a00000, 0x00000019a7a00000, 0x00000019a7c00000|  0%| F|  |TAMS 0x00000019a7a00000, 0x00000019a7a00000| Untracked 
|3389|0x00000019a7c00000, 0x00000019a7c00000, 0x00000019a7e00000|  0%| F|  |TAMS 0x00000019a7c00000, 0x00000019a7c00000| Untracked 
|3390|0x00000019a7e00000, 0x00000019a7e00000, 0x00000019a8000000|  0%| F|  |TAMS 0x00000019a7e00000, 0x00000019a7e00000| Untracked 
|3391|0x00000019a8000000, 0x00000019a8000000, 0x00000019a8200000|  0%| F|  |TAMS 0x00000019a8000000, 0x00000019a8000000| Untracked 
|3392|0x00000019a8200000, 0x00000019a8200000, 0x00000019a8400000|  0%| F|  |TAMS 0x00000019a8200000, 0x00000019a8200000| Untracked 
|3393|0x00000019a8400000, 0x00000019a8400000, 0x00000019a8600000|  0%| F|  |TAMS 0x00000019a8400000, 0x00000019a8400000| Untracked 
|3394|0x00000019a8600000, 0x00000019a8600000, 0x00000019a8800000|  0%| F|  |TAMS 0x00000019a8600000, 0x00000019a8600000| Untracked 
|3395|0x00000019a8800000, 0x00000019a8800000, 0x00000019a8a00000|  0%| F|  |TAMS 0x00000019a8800000, 0x00000019a8800000| Untracked 
|3396|0x00000019a8a00000, 0x00000019a8a00000, 0x00000019a8c00000|  0%| F|  |TAMS 0x00000019a8a00000, 0x00000019a8a00000| Untracked 
|3397|0x00000019a8c00000, 0x00000019a8c00000, 0x00000019a8e00000|  0%| F|  |TAMS 0x00000019a8c00000, 0x00000019a8c00000| Untracked 
|3398|0x00000019a8e00000, 0x00000019a8e00000, 0x00000019a9000000|  0%| F|  |TAMS 0x00000019a8e00000, 0x00000019a8e00000| Untracked 
|3399|0x00000019a9000000, 0x00000019a9000000, 0x00000019a9200000|  0%| F|  |TAMS 0x00000019a9000000, 0x00000019a9000000| Untracked 
|3400|0x00000019a9200000, 0x00000019a9200000, 0x00000019a9400000|  0%| F|  |TAMS 0x00000019a9200000, 0x00000019a9200000| Untracked 
|3401|0x00000019a9400000, 0x00000019a9400000, 0x00000019a9600000|  0%| F|  |TAMS 0x00000019a9400000, 0x00000019a9400000| Untracked 
|3402|0x00000019a9600000, 0x00000019a9600000, 0x00000019a9800000|  0%| F|  |TAMS 0x00000019a9600000, 0x00000019a9600000| Untracked 
|3403|0x00000019a9800000, 0x00000019a9800000, 0x00000019a9a00000|  0%| F|  |TAMS 0x00000019a9800000, 0x00000019a9800000| Untracked 
|3404|0x00000019a9a00000, 0x00000019a9a00000, 0x00000019a9c00000|  0%| F|  |TAMS 0x00000019a9a00000, 0x00000019a9a00000| Untracked 
|3405|0x00000019a9c00000, 0x00000019a9c00000, 0x00000019a9e00000|  0%| F|  |TAMS 0x00000019a9c00000, 0x00000019a9c00000| Untracked 
|3406|0x00000019a9e00000, 0x00000019a9e00000, 0x00000019aa000000|  0%| F|  |TAMS 0x00000019a9e00000, 0x00000019a9e00000| Untracked 
|3407|0x00000019aa000000, 0x00000019aa000000, 0x00000019aa200000|  0%| F|  |TAMS 0x00000019aa000000, 0x00000019aa000000| Untracked 
|3408|0x00000019aa200000, 0x00000019aa200000, 0x00000019aa400000|  0%| F|  |TAMS 0x00000019aa200000, 0x00000019aa200000| Untracked 
|3409|0x00000019aa400000, 0x00000019aa400000, 0x00000019aa600000|  0%| F|  |TAMS 0x00000019aa400000, 0x00000019aa400000| Untracked 
|3410|0x00000019aa600000, 0x00000019aa600000, 0x00000019aa800000|  0%| F|  |TAMS 0x00000019aa600000, 0x00000019aa600000| Untracked 
|3411|0x00000019aa800000, 0x00000019aa800000, 0x00000019aaa00000|  0%| F|  |TAMS 0x00000019aa800000, 0x00000019aa800000| Untracked 
|3412|0x00000019aaa00000, 0x00000019aaa00000, 0x00000019aac00000|  0%| F|  |TAMS 0x00000019aaa00000, 0x00000019aaa00000| Untracked 
|3413|0x00000019aac00000, 0x00000019aac00000, 0x00000019aae00000|  0%| F|  |TAMS 0x00000019aac00000, 0x00000019aac00000| Untracked 
|3414|0x00000019aae00000, 0x00000019aae00000, 0x00000019ab000000|  0%| F|  |TAMS 0x00000019aae00000, 0x00000019aae00000| Untracked 
|3415|0x00000019ab000000, 0x00000019ab000000, 0x00000019ab200000|  0%| F|  |TAMS 0x00000019ab000000, 0x00000019ab000000| Untracked 
|3416|0x00000019ab200000, 0x00000019ab200000, 0x00000019ab400000|  0%| F|  |TAMS 0x00000019ab200000, 0x00000019ab200000| Untracked 
|3417|0x00000019ab400000, 0x00000019ab400000, 0x00000019ab600000|  0%| F|  |TAMS 0x00000019ab400000, 0x00000019ab400000| Untracked 
|3418|0x00000019ab600000, 0x00000019ab600000, 0x00000019ab800000|  0%| F|  |TAMS 0x00000019ab600000, 0x00000019ab600000| Untracked 
|3419|0x00000019ab800000, 0x00000019ab800000, 0x00000019aba00000|  0%| F|  |TAMS 0x00000019ab800000, 0x00000019ab800000| Untracked 
|3420|0x00000019aba00000, 0x00000019aba00000, 0x00000019abc00000|  0%| F|  |TAMS 0x00000019aba00000, 0x00000019aba00000| Untracked 
|3421|0x00000019abc00000, 0x00000019abc00000, 0x00000019abe00000|  0%| F|  |TAMS 0x00000019abc00000, 0x00000019abc00000| Untracked 
|3422|0x00000019abe00000, 0x00000019abe00000, 0x00000019ac000000|  0%| F|  |TAMS 0x00000019abe00000, 0x00000019abe00000| Untracked 
|3423|0x00000019ac000000, 0x00000019ac000000, 0x00000019ac200000|  0%| F|  |TAMS 0x00000019ac000000, 0x00000019ac000000| Untracked 
|3424|0x00000019ac200000, 0x00000019ac200000, 0x00000019ac400000|  0%| F|  |TAMS 0x00000019ac200000, 0x00000019ac200000| Untracked 
|3425|0x00000019ac400000, 0x00000019ac400000, 0x00000019ac600000|  0%| F|  |TAMS 0x00000019ac400000, 0x00000019ac400000| Untracked 
|3426|0x00000019ac600000, 0x00000019ac600000, 0x00000019ac800000|  0%| F|  |TAMS 0x00000019ac600000, 0x00000019ac600000| Untracked 
|3427|0x00000019ac800000, 0x00000019ac800000, 0x00000019aca00000|  0%| F|  |TAMS 0x00000019ac800000, 0x00000019ac800000| Untracked 
|3428|0x00000019aca00000, 0x00000019aca00000, 0x00000019acc00000|  0%| F|  |TAMS 0x00000019aca00000, 0x00000019aca00000| Untracked 
|3429|0x00000019acc00000, 0x00000019acc00000, 0x00000019ace00000|  0%| F|  |TAMS 0x00000019acc00000, 0x00000019acc00000| Untracked 
|3430|0x00000019ace00000, 0x00000019ace00000, 0x00000019ad000000|  0%| F|  |TAMS 0x00000019ace00000, 0x00000019ace00000| Untracked 
|3431|0x00000019ad000000, 0x00000019ad000000, 0x00000019ad200000|  0%| F|  |TAMS 0x00000019ad000000, 0x00000019ad000000| Untracked 
|3432|0x00000019ad200000, 0x00000019ad200000, 0x00000019ad400000|  0%| F|  |TAMS 0x00000019ad200000, 0x00000019ad200000| Untracked 
|3433|0x00000019ad400000, 0x00000019ad400000, 0x00000019ad600000|  0%| F|  |TAMS 0x00000019ad400000, 0x00000019ad400000| Untracked 
|3434|0x00000019ad600000, 0x00000019ad600000, 0x00000019ad800000|  0%| F|  |TAMS 0x00000019ad600000, 0x00000019ad600000| Untracked 
|3435|0x00000019ad800000, 0x00000019ad800000, 0x00000019ada00000|  0%| F|  |TAMS 0x00000019ad800000, 0x00000019ad800000| Untracked 
|3436|0x00000019ada00000, 0x00000019ada00000, 0x00000019adc00000|  0%| F|  |TAMS 0x00000019ada00000, 0x00000019ada00000| Untracked 
|3437|0x00000019adc00000, 0x00000019adc00000, 0x00000019ade00000|  0%| F|  |TAMS 0x00000019adc00000, 0x00000019adc00000| Untracked 
|3438|0x00000019ade00000, 0x00000019ade00000, 0x00000019ae000000|  0%| F|  |TAMS 0x00000019ade00000, 0x00000019ade00000| Untracked 
|3439|0x00000019ae000000, 0x00000019ae000000, 0x00000019ae200000|  0%| F|  |TAMS 0x00000019ae000000, 0x00000019ae000000| Untracked 
|3440|0x00000019ae200000, 0x00000019ae200000, 0x00000019ae400000|  0%| F|  |TAMS 0x00000019ae200000, 0x00000019ae200000| Untracked 
|3441|0x00000019ae400000, 0x00000019ae400000, 0x00000019ae600000|  0%| F|  |TAMS 0x00000019ae400000, 0x00000019ae400000| Untracked 
|3442|0x00000019ae600000, 0x00000019ae600000, 0x00000019ae800000|  0%| F|  |TAMS 0x00000019ae600000, 0x00000019ae600000| Untracked 
|3443|0x00000019ae800000, 0x00000019ae800000, 0x00000019aea00000|  0%| F|  |TAMS 0x00000019ae800000, 0x00000019ae800000| Untracked 
|3444|0x00000019aea00000, 0x00000019aea00000, 0x00000019aec00000|  0%| F|  |TAMS 0x00000019aea00000, 0x00000019aea00000| Untracked 
|3445|0x00000019aec00000, 0x00000019aec00000, 0x00000019aee00000|  0%| F|  |TAMS 0x00000019aec00000, 0x00000019aec00000| Untracked 
|3446|0x00000019aee00000, 0x00000019aee00000, 0x00000019af000000|  0%| F|  |TAMS 0x00000019aee00000, 0x00000019aee00000| Untracked 
|3447|0x00000019af000000, 0x00000019af000000, 0x00000019af200000|  0%| F|  |TAMS 0x00000019af000000, 0x00000019af000000| Untracked 
|3448|0x00000019af200000, 0x00000019af200000, 0x00000019af400000|  0%| F|  |TAMS 0x00000019af200000, 0x00000019af200000| Untracked 
|3449|0x00000019af400000, 0x00000019af400000, 0x00000019af600000|  0%| F|  |TAMS 0x00000019af400000, 0x00000019af400000| Untracked 
|3450|0x00000019af600000, 0x00000019af600000, 0x00000019af800000|  0%| F|  |TAMS 0x00000019af600000, 0x00000019af600000| Untracked 
|3451|0x00000019af800000, 0x00000019af800000, 0x00000019afa00000|  0%| F|  |TAMS 0x00000019af800000, 0x00000019af800000| Untracked 
|3452|0x00000019afa00000, 0x00000019afa00000, 0x00000019afc00000|  0%| F|  |TAMS 0x00000019afa00000, 0x00000019afa00000| Untracked 
|3453|0x00000019afc00000, 0x00000019afc00000, 0x00000019afe00000|  0%| F|  |TAMS 0x00000019afc00000, 0x00000019afc00000| Untracked 
|3454|0x00000019afe00000, 0x00000019afe00000, 0x00000019b0000000|  0%| F|  |TAMS 0x00000019afe00000, 0x00000019afe00000| Untracked 
|3455|0x00000019b0000000, 0x00000019b0000000, 0x00000019b0200000|  0%| F|  |TAMS 0x00000019b0000000, 0x00000019b0000000| Untracked 
|3456|0x00000019b0200000, 0x00000019b0200000, 0x00000019b0400000|  0%| F|  |TAMS 0x00000019b0200000, 0x00000019b0200000| Untracked 
|3457|0x00000019b0400000, 0x00000019b0400000, 0x00000019b0600000|  0%| F|  |TAMS 0x00000019b0400000, 0x00000019b0400000| Untracked 
|3458|0x00000019b0600000, 0x00000019b0600000, 0x00000019b0800000|  0%| F|  |TAMS 0x00000019b0600000, 0x00000019b0600000| Untracked 
|3459|0x00000019b0800000, 0x00000019b0800000, 0x00000019b0a00000|  0%| F|  |TAMS 0x00000019b0800000, 0x00000019b0800000| Untracked 
|3460|0x00000019b0a00000, 0x00000019b0a00000, 0x00000019b0c00000|  0%| F|  |TAMS 0x00000019b0a00000, 0x00000019b0a00000| Untracked 
|3461|0x00000019b0c00000, 0x00000019b0c00000, 0x00000019b0e00000|  0%| F|  |TAMS 0x00000019b0c00000, 0x00000019b0c00000| Untracked 
|3462|0x00000019b0e00000, 0x00000019b0e00000, 0x00000019b1000000|  0%| F|  |TAMS 0x00000019b0e00000, 0x00000019b0e00000| Untracked 
|3463|0x00000019b1000000, 0x00000019b1000000, 0x00000019b1200000|  0%| F|  |TAMS 0x00000019b1000000, 0x00000019b1000000| Untracked 
|3464|0x00000019b1200000, 0x00000019b1200000, 0x00000019b1400000|  0%| F|  |TAMS 0x00000019b1200000, 0x00000019b1200000| Untracked 
|3465|0x00000019b1400000, 0x00000019b1400000, 0x00000019b1600000|  0%| F|  |TAMS 0x00000019b1400000, 0x00000019b1400000| Untracked 
|3466|0x00000019b1600000, 0x00000019b1600000, 0x00000019b1800000|  0%| F|  |TAMS 0x00000019b1600000, 0x00000019b1600000| Untracked 
|3467|0x00000019b1800000, 0x00000019b1800000, 0x00000019b1a00000|  0%| F|  |TAMS 0x00000019b1800000, 0x00000019b1800000| Untracked 
|3468|0x00000019b1a00000, 0x00000019b1a00000, 0x00000019b1c00000|  0%| F|  |TAMS 0x00000019b1a00000, 0x00000019b1a00000| Untracked 
|3469|0x00000019b1c00000, 0x00000019b1c00000, 0x00000019b1e00000|  0%| F|  |TAMS 0x00000019b1c00000, 0x00000019b1c00000| Untracked 
|3470|0x00000019b1e00000, 0x00000019b1e00000, 0x00000019b2000000|  0%| F|  |TAMS 0x00000019b1e00000, 0x00000019b1e00000| Untracked 
|3471|0x00000019b2000000, 0x00000019b2000000, 0x00000019b2200000|  0%| F|  |TAMS 0x00000019b2000000, 0x00000019b2000000| Untracked 
|3472|0x00000019b2200000, 0x00000019b2200000, 0x00000019b2400000|  0%| F|  |TAMS 0x00000019b2200000, 0x00000019b2200000| Untracked 
|3473|0x00000019b2400000, 0x00000019b2400000, 0x00000019b2600000|  0%| F|  |TAMS 0x00000019b2400000, 0x00000019b2400000| Untracked 
|3474|0x00000019b2600000, 0x00000019b2600000, 0x00000019b2800000|  0%| F|  |TAMS 0x00000019b2600000, 0x00000019b2600000| Untracked 
|3475|0x00000019b2800000, 0x00000019b2800000, 0x00000019b2a00000|  0%| F|  |TAMS 0x00000019b2800000, 0x00000019b2800000| Untracked 
|3476|0x00000019b2a00000, 0x00000019b2a00000, 0x00000019b2c00000|  0%| F|  |TAMS 0x00000019b2a00000, 0x00000019b2a00000| Untracked 
|3477|0x00000019b2c00000, 0x00000019b2c00000, 0x00000019b2e00000|  0%| F|  |TAMS 0x00000019b2c00000, 0x00000019b2c00000| Untracked 
|3478|0x00000019b2e00000, 0x00000019b2e00000, 0x00000019b3000000|  0%| F|  |TAMS 0x00000019b2e00000, 0x00000019b2e00000| Untracked 
|3479|0x00000019b3000000, 0x00000019b3000000, 0x00000019b3200000|  0%| F|  |TAMS 0x00000019b3000000, 0x00000019b3000000| Untracked 
|3480|0x00000019b3200000, 0x00000019b3200000, 0x00000019b3400000|  0%| F|  |TAMS 0x00000019b3200000, 0x00000019b3200000| Untracked 
|3481|0x00000019b3400000, 0x00000019b3400000, 0x00000019b3600000|  0%| F|  |TAMS 0x00000019b3400000, 0x00000019b3400000| Untracked 
|3482|0x00000019b3600000, 0x00000019b3600000, 0x00000019b3800000|  0%| F|  |TAMS 0x00000019b3600000, 0x00000019b3600000| Untracked 
|3483|0x00000019b3800000, 0x00000019b3800000, 0x00000019b3a00000|  0%| F|  |TAMS 0x00000019b3800000, 0x00000019b3800000| Untracked 
|3484|0x00000019b3a00000, 0x00000019b3a00000, 0x00000019b3c00000|  0%| F|  |TAMS 0x00000019b3a00000, 0x00000019b3a00000| Untracked 
|3485|0x00000019b3c00000, 0x00000019b3c00000, 0x00000019b3e00000|  0%| F|  |TAMS 0x00000019b3c00000, 0x00000019b3c00000| Untracked 
|3486|0x00000019b3e00000, 0x00000019b3e00000, 0x00000019b4000000|  0%| F|  |TAMS 0x00000019b3e00000, 0x00000019b3e00000| Untracked 
|3487|0x00000019b4000000, 0x00000019b4000000, 0x00000019b4200000|  0%| F|  |TAMS 0x00000019b4000000, 0x00000019b4000000| Untracked 
|3488|0x00000019b4200000, 0x00000019b4200000, 0x00000019b4400000|  0%| F|  |TAMS 0x00000019b4200000, 0x00000019b4200000| Untracked 
|3489|0x00000019b4400000, 0x00000019b4400000, 0x00000019b4600000|  0%| F|  |TAMS 0x00000019b4400000, 0x00000019b4400000| Untracked 
|3490|0x00000019b4600000, 0x00000019b4600000, 0x00000019b4800000|  0%| F|  |TAMS 0x00000019b4600000, 0x00000019b4600000| Untracked 
|3491|0x00000019b4800000, 0x00000019b4800000, 0x00000019b4a00000|  0%| F|  |TAMS 0x00000019b4800000, 0x00000019b4800000| Untracked 
|3492|0x00000019b4a00000, 0x00000019b4a00000, 0x00000019b4c00000|  0%| F|  |TAMS 0x00000019b4a00000, 0x00000019b4a00000| Untracked 
|3493|0x00000019b4c00000, 0x00000019b4c00000, 0x00000019b4e00000|  0%| F|  |TAMS 0x00000019b4c00000, 0x00000019b4c00000| Untracked 
|3494|0x00000019b4e00000, 0x00000019b4e00000, 0x00000019b5000000|  0%| F|  |TAMS 0x00000019b4e00000, 0x00000019b4e00000| Untracked 
|3495|0x00000019b5000000, 0x00000019b5000000, 0x00000019b5200000|  0%| F|  |TAMS 0x00000019b5000000, 0x00000019b5000000| Untracked 
|3496|0x00000019b5200000, 0x00000019b5200000, 0x00000019b5400000|  0%| F|  |TAMS 0x00000019b5200000, 0x00000019b5200000| Untracked 
|3497|0x00000019b5400000, 0x00000019b5400000, 0x00000019b5600000|  0%| F|  |TAMS 0x00000019b5400000, 0x00000019b5400000| Untracked 
|3498|0x00000019b5600000, 0x00000019b5600000, 0x00000019b5800000|  0%| F|  |TAMS 0x00000019b5600000, 0x00000019b5600000| Untracked 
|3499|0x00000019b5800000, 0x00000019b5800000, 0x00000019b5a00000|  0%| F|  |TAMS 0x00000019b5800000, 0x00000019b5800000| Untracked 
|3500|0x00000019b5a00000, 0x00000019b5a00000, 0x00000019b5c00000|  0%| F|  |TAMS 0x00000019b5a00000, 0x00000019b5a00000| Untracked 
|3501|0x00000019b5c00000, 0x00000019b5c00000, 0x00000019b5e00000|  0%| F|  |TAMS 0x00000019b5c00000, 0x00000019b5c00000| Untracked 
|3502|0x00000019b5e00000, 0x00000019b5e00000, 0x00000019b6000000|  0%| F|  |TAMS 0x00000019b5e00000, 0x00000019b5e00000| Untracked 
|3503|0x00000019b6000000, 0x00000019b6000000, 0x00000019b6200000|  0%| F|  |TAMS 0x00000019b6000000, 0x00000019b6000000| Untracked 
|3504|0x00000019b6200000, 0x00000019b6200000, 0x00000019b6400000|  0%| F|  |TAMS 0x00000019b6200000, 0x00000019b6200000| Untracked 
|3505|0x00000019b6400000, 0x00000019b6400000, 0x00000019b6600000|  0%| F|  |TAMS 0x00000019b6400000, 0x00000019b6400000| Untracked 
|3506|0x00000019b6600000, 0x00000019b6600000, 0x00000019b6800000|  0%| F|  |TAMS 0x00000019b6600000, 0x00000019b6600000| Untracked 
|3507|0x00000019b6800000, 0x00000019b6800000, 0x00000019b6a00000|  0%| F|  |TAMS 0x00000019b6800000, 0x00000019b6800000| Untracked 
|3508|0x00000019b6a00000, 0x00000019b6a00000, 0x00000019b6c00000|  0%| F|  |TAMS 0x00000019b6a00000, 0x00000019b6a00000| Untracked 
|3509|0x00000019b6c00000, 0x00000019b6c00000, 0x00000019b6e00000|  0%| F|  |TAMS 0x00000019b6c00000, 0x00000019b6c00000| Untracked 
|3510|0x00000019b6e00000, 0x00000019b6e00000, 0x00000019b7000000|  0%| F|  |TAMS 0x00000019b6e00000, 0x00000019b6e00000| Untracked 
|3511|0x00000019b7000000, 0x00000019b7000000, 0x00000019b7200000|  0%| F|  |TAMS 0x00000019b7000000, 0x00000019b7000000| Untracked 
|3512|0x00000019b7200000, 0x00000019b7200000, 0x00000019b7400000|  0%| F|  |TAMS 0x00000019b7200000, 0x00000019b7200000| Untracked 
|3513|0x00000019b7400000, 0x00000019b7400000, 0x00000019b7600000|  0%| F|  |TAMS 0x00000019b7400000, 0x00000019b7400000| Untracked 
|3514|0x00000019b7600000, 0x00000019b7600000, 0x00000019b7800000|  0%| F|  |TAMS 0x00000019b7600000, 0x00000019b7600000| Untracked 
|3515|0x00000019b7800000, 0x00000019b7800000, 0x00000019b7a00000|  0%| F|  |TAMS 0x00000019b7800000, 0x00000019b7800000| Untracked 
|3516|0x00000019b7a00000, 0x00000019b7a00000, 0x00000019b7c00000|  0%| F|  |TAMS 0x00000019b7a00000, 0x00000019b7a00000| Untracked 
|3517|0x00000019b7c00000, 0x00000019b7c00000, 0x00000019b7e00000|  0%| F|  |TAMS 0x00000019b7c00000, 0x00000019b7c00000| Untracked 
|3518|0x00000019b7e00000, 0x00000019b7e00000, 0x00000019b8000000|  0%| F|  |TAMS 0x00000019b7e00000, 0x00000019b7e00000| Untracked 
|3519|0x00000019b8000000, 0x00000019b8000000, 0x00000019b8200000|  0%| F|  |TAMS 0x00000019b8000000, 0x00000019b8000000| Untracked 
|3520|0x00000019b8200000, 0x00000019b8200000, 0x00000019b8400000|  0%| F|  |TAMS 0x00000019b8200000, 0x00000019b8200000| Untracked 
|3521|0x00000019b8400000, 0x00000019b8400000, 0x00000019b8600000|  0%| F|  |TAMS 0x00000019b8400000, 0x00000019b8400000| Untracked 
|3522|0x00000019b8600000, 0x00000019b8600000, 0x00000019b8800000|  0%| F|  |TAMS 0x00000019b8600000, 0x00000019b8600000| Untracked 
|3523|0x00000019b8800000, 0x00000019b8800000, 0x00000019b8a00000|  0%| F|  |TAMS 0x00000019b8800000, 0x00000019b8800000| Untracked 
|3524|0x00000019b8a00000, 0x00000019b8a00000, 0x00000019b8c00000|  0%| F|  |TAMS 0x00000019b8a00000, 0x00000019b8a00000| Untracked 
|3525|0x00000019b8c00000, 0x00000019b8c00000, 0x00000019b8e00000|  0%| F|  |TAMS 0x00000019b8c00000, 0x00000019b8c00000| Untracked 
|3526|0x00000019b8e00000, 0x00000019b8e00000, 0x00000019b9000000|  0%| F|  |TAMS 0x00000019b8e00000, 0x00000019b8e00000| Untracked 
|3527|0x00000019b9000000, 0x00000019b9000000, 0x00000019b9200000|  0%| F|  |TAMS 0x00000019b9000000, 0x00000019b9000000| Untracked 
|3528|0x00000019b9200000, 0x00000019b9200000, 0x00000019b9400000|  0%| F|  |TAMS 0x00000019b9200000, 0x00000019b9200000| Untracked 
|3529|0x00000019b9400000, 0x00000019b9400000, 0x00000019b9600000|  0%| F|  |TAMS 0x00000019b9400000, 0x00000019b9400000| Untracked 
|3530|0x00000019b9600000, 0x00000019b9600000, 0x00000019b9800000|  0%| F|  |TAMS 0x00000019b9600000, 0x00000019b9600000| Untracked 
|3531|0x00000019b9800000, 0x00000019b9800000, 0x00000019b9a00000|  0%| F|  |TAMS 0x00000019b9800000, 0x00000019b9800000| Untracked 
|3532|0x00000019b9a00000, 0x00000019b9a00000, 0x00000019b9c00000|  0%| F|  |TAMS 0x00000019b9a00000, 0x00000019b9a00000| Untracked 
|3533|0x00000019b9c00000, 0x00000019b9c00000, 0x00000019b9e00000|  0%| F|  |TAMS 0x00000019b9c00000, 0x00000019b9c00000| Untracked 
|3534|0x00000019b9e00000, 0x00000019b9e00000, 0x00000019ba000000|  0%| F|  |TAMS 0x00000019b9e00000, 0x00000019b9e00000| Untracked 
|3535|0x00000019ba000000, 0x00000019ba000000, 0x00000019ba200000|  0%| F|  |TAMS 0x00000019ba000000, 0x00000019ba000000| Untracked 
|3536|0x00000019ba200000, 0x00000019ba200000, 0x00000019ba400000|  0%| F|  |TAMS 0x00000019ba200000, 0x00000019ba200000| Untracked 
|3537|0x00000019ba400000, 0x00000019ba400000, 0x00000019ba600000|  0%| F|  |TAMS 0x00000019ba400000, 0x00000019ba400000| Untracked 
|3538|0x00000019ba600000, 0x00000019ba600000, 0x00000019ba800000|  0%| F|  |TAMS 0x00000019ba600000, 0x00000019ba600000| Untracked 
|3539|0x00000019ba800000, 0x00000019ba800000, 0x00000019baa00000|  0%| F|  |TAMS 0x00000019ba800000, 0x00000019ba800000| Untracked 
|3540|0x00000019baa00000, 0x00000019baa00000, 0x00000019bac00000|  0%| F|  |TAMS 0x00000019baa00000, 0x00000019baa00000| Untracked 
|3541|0x00000019bac00000, 0x00000019bac00000, 0x00000019bae00000|  0%| F|  |TAMS 0x00000019bac00000, 0x00000019bac00000| Untracked 
|3542|0x00000019bae00000, 0x00000019bae00000, 0x00000019bb000000|  0%| F|  |TAMS 0x00000019bae00000, 0x00000019bae00000| Untracked 
|3543|0x00000019bb000000, 0x00000019bb000000, 0x00000019bb200000|  0%| F|  |TAMS 0x00000019bb000000, 0x00000019bb000000| Untracked 
|3544|0x00000019bb200000, 0x00000019bb200000, 0x00000019bb400000|  0%| F|  |TAMS 0x00000019bb200000, 0x00000019bb200000| Untracked 
|3545|0x00000019bb400000, 0x00000019bb400000, 0x00000019bb600000|  0%| F|  |TAMS 0x00000019bb400000, 0x00000019bb400000| Untracked 
|3546|0x00000019bb600000, 0x00000019bb600000, 0x00000019bb800000|  0%| F|  |TAMS 0x00000019bb600000, 0x00000019bb600000| Untracked 
|3547|0x00000019bb800000, 0x00000019bb800000, 0x00000019bba00000|  0%| F|  |TAMS 0x00000019bb800000, 0x00000019bb800000| Untracked 
|3548|0x00000019bba00000, 0x00000019bba00000, 0x00000019bbc00000|  0%| F|  |TAMS 0x00000019bba00000, 0x00000019bba00000| Untracked 
|3549|0x00000019bbc00000, 0x00000019bbc00000, 0x00000019bbe00000|  0%| F|  |TAMS 0x00000019bbc00000, 0x00000019bbc00000| Untracked 
|3550|0x00000019bbe00000, 0x00000019bbe00000, 0x00000019bc000000|  0%| F|  |TAMS 0x00000019bbe00000, 0x00000019bbe00000| Untracked 
|3551|0x00000019bc000000, 0x00000019bc000000, 0x00000019bc200000|  0%| F|  |TAMS 0x00000019bc000000, 0x00000019bc000000| Untracked 
|3552|0x00000019bc200000, 0x00000019bc200000, 0x00000019bc400000|  0%| F|  |TAMS 0x00000019bc200000, 0x00000019bc200000| Untracked 
|3553|0x00000019bc400000, 0x00000019bc400000, 0x00000019bc600000|  0%| F|  |TAMS 0x00000019bc400000, 0x00000019bc400000| Untracked 
|3554|0x00000019bc600000, 0x00000019bc700000, 0x00000019bc800000| 50%| S|CS|TAMS 0x00000019bc600000, 0x00000019bc600000| Complete 
|3555|0x00000019bc800000, 0x00000019bca00000, 0x00000019bca00000|100%| S|CS|TAMS 0x00000019bc800000, 0x00000019bc800000| Complete 
|3556|0x00000019bca00000, 0x00000019bcc00000, 0x00000019bcc00000|100%| S|CS|TAMS 0x00000019bca00000, 0x00000019bca00000| Complete 
|3557|0x00000019bcc00000, 0x00000019bce00000, 0x00000019bce00000|100%| S|CS|TAMS 0x00000019bcc00000, 0x00000019bcc00000| Complete 
|3558|0x00000019bce00000, 0x00000019bd000000, 0x00000019bd000000|100%| S|CS|TAMS 0x00000019bce00000, 0x00000019bce00000| Complete 
|3559|0x00000019bd000000, 0x00000019bd200000, 0x00000019bd200000|100%| S|CS|TAMS 0x00000019bd000000, 0x00000019bd000000| Complete 
|3560|0x00000019bd200000, 0x00000019bd400000, 0x00000019bd400000|100%| S|CS|TAMS 0x00000019bd200000, 0x00000019bd200000| Complete 
|3561|0x00000019bd400000, 0x00000019bd600000, 0x00000019bd600000|100%| S|CS|TAMS 0x00000019bd400000, 0x00000019bd400000| Complete 
|3562|0x00000019bd600000, 0x00000019bd800000, 0x00000019bd800000|100%| S|CS|TAMS 0x00000019bd600000, 0x00000019bd600000| Complete 
|3563|0x00000019bd800000, 0x00000019bda00000, 0x00000019bda00000|100%| S|CS|TAMS 0x00000019bd800000, 0x00000019bd800000| Complete 
|3564|0x00000019bda00000, 0x00000019bdc00000, 0x00000019bdc00000|100%| S|CS|TAMS 0x00000019bda00000, 0x00000019bda00000| Complete 
|3565|0x00000019bdc00000, 0x00000019bde00000, 0x00000019bde00000|100%| S|CS|TAMS 0x00000019bdc00000, 0x00000019bdc00000| Complete 
|3566|0x00000019bde00000, 0x00000019be000000, 0x00000019be000000|100%| S|CS|TAMS 0x00000019bde00000, 0x00000019bde00000| Complete 
|3567|0x00000019be000000, 0x00000019be200000, 0x00000019be200000|100%| S|CS|TAMS 0x00000019be000000, 0x00000019be000000| Complete 
|3568|0x00000019be200000, 0x00000019be400000, 0x00000019be400000|100%| S|CS|TAMS 0x00000019be200000, 0x00000019be200000| Complete 
|3569|0x00000019be400000, 0x00000019be600000, 0x00000019be600000|100%| S|CS|TAMS 0x00000019be400000, 0x00000019be400000| Complete 
|3570|0x00000019be600000, 0x00000019be800000, 0x00000019be800000|100%| S|CS|TAMS 0x00000019be600000, 0x00000019be600000| Complete 
|3571|0x00000019be800000, 0x00000019bea00000, 0x00000019bea00000|100%| S|CS|TAMS 0x00000019be800000, 0x00000019be800000| Complete 
|3572|0x00000019bea00000, 0x00000019bec00000, 0x00000019bec00000|100%| S|CS|TAMS 0x00000019bea00000, 0x00000019bea00000| Complete 
|3573|0x00000019bec00000, 0x00000019bee00000, 0x00000019bee00000|100%| S|CS|TAMS 0x00000019bec00000, 0x00000019bec00000| Complete 
|3574|0x00000019bee00000, 0x00000019bf000000, 0x00000019bf000000|100%| S|CS|TAMS 0x00000019bee00000, 0x00000019bee00000| Complete 
|3575|0x00000019bf000000, 0x00000019bf200000, 0x00000019bf200000|100%| S|CS|TAMS 0x00000019bf000000, 0x00000019bf000000| Complete 
|3576|0x00000019bf200000, 0x00000019bf400000, 0x00000019bf400000|100%| S|CS|TAMS 0x00000019bf200000, 0x00000019bf200000| Complete 
|3577|0x00000019bf400000, 0x00000019bf600000, 0x00000019bf600000|100%| S|CS|TAMS 0x00000019bf400000, 0x00000019bf400000| Complete 
|3578|0x00000019bf600000, 0x00000019bf800000, 0x00000019bf800000|100%| S|CS|TAMS 0x00000019bf600000, 0x00000019bf600000| Complete 
|3579|0x00000019bf800000, 0x00000019bfa00000, 0x00000019bfa00000|100%| S|CS|TAMS 0x00000019bf800000, 0x00000019bf800000| Complete 
|3580|0x00000019bfa00000, 0x00000019bfc00000, 0x00000019bfc00000|100%| S|CS|TAMS 0x00000019bfa00000, 0x00000019bfa00000| Complete 
|3581|0x00000019bfc00000, 0x00000019bfe00000, 0x00000019bfe00000|100%| S|CS|TAMS 0x00000019bfc00000, 0x00000019bfc00000| Complete 
|3582|0x00000019bfe00000, 0x00000019c0000000, 0x00000019c0000000|100%| S|CS|TAMS 0x00000019bfe00000, 0x00000019bfe00000| Complete 
|3583|0x00000019c0000000, 0x00000019c0200000, 0x00000019c0200000|100%| S|CS|TAMS 0x00000019c0000000, 0x00000019c0000000| Complete 
|3584|0x00000019c0200000, 0x00000019c0400000, 0x00000019c0400000|100%| S|CS|TAMS 0x00000019c0200000, 0x00000019c0200000| Complete 
|3585|0x00000019c0400000, 0x00000019c0600000, 0x00000019c0600000|100%| S|CS|TAMS 0x00000019c0400000, 0x00000019c0400000| Complete 
|3586|0x00000019c0600000, 0x00000019c0800000, 0x00000019c0800000|100%| S|CS|TAMS 0x00000019c0600000, 0x00000019c0600000| Complete 
|3587|0x00000019c0800000, 0x00000019c0a00000, 0x00000019c0a00000|100%| S|CS|TAMS 0x00000019c0800000, 0x00000019c0800000| Complete 
|3588|0x00000019c0a00000, 0x00000019c0c00000, 0x00000019c0c00000|100%| S|CS|TAMS 0x00000019c0a00000, 0x00000019c0a00000| Complete 
|3589|0x00000019c0c00000, 0x00000019c0e00000, 0x00000019c0e00000|100%| S|CS|TAMS 0x00000019c0c00000, 0x00000019c0c00000| Complete 
|3590|0x00000019c0e00000, 0x00000019c1000000, 0x00000019c1000000|100%| S|CS|TAMS 0x00000019c0e00000, 0x00000019c0e00000| Complete 
|3591|0x00000019c1000000, 0x00000019c1200000, 0x00000019c1200000|100%| S|CS|TAMS 0x00000019c1000000, 0x00000019c1000000| Complete 
|3592|0x00000019c1200000, 0x00000019c1400000, 0x00000019c1400000|100%| S|CS|TAMS 0x00000019c1200000, 0x00000019c1200000| Complete 
|3593|0x00000019c1400000, 0x00000019c1600000, 0x00000019c1600000|100%| S|CS|TAMS 0x00000019c1400000, 0x00000019c1400000| Complete 
|3594|0x00000019c1600000, 0x00000019c1800000, 0x00000019c1800000|100%| S|CS|TAMS 0x00000019c1600000, 0x00000019c1600000| Complete 
|3595|0x00000019c1800000, 0x00000019c1a00000, 0x00000019c1a00000|100%| S|CS|TAMS 0x00000019c1800000, 0x00000019c1800000| Complete 
|3596|0x00000019c1a00000, 0x00000019c1c00000, 0x00000019c1c00000|100%| S|CS|TAMS 0x00000019c1a00000, 0x00000019c1a00000| Complete 
|3597|0x00000019c1c00000, 0x00000019c1e00000, 0x00000019c1e00000|100%| S|CS|TAMS 0x00000019c1c00000, 0x00000019c1c00000| Complete 
|3598|0x00000019c1e00000, 0x00000019c2000000, 0x00000019c2000000|100%| S|CS|TAMS 0x00000019c1e00000, 0x00000019c1e00000| Complete 
|3599|0x00000019c2000000, 0x00000019c2200000, 0x00000019c2200000|100%| S|CS|TAMS 0x00000019c2000000, 0x00000019c2000000| Complete 
|3600|0x00000019c2200000, 0x00000019c2400000, 0x00000019c2400000|100%| S|CS|TAMS 0x00000019c2200000, 0x00000019c2200000| Complete 
|3601|0x00000019c2400000, 0x00000019c2600000, 0x00000019c2600000|100%| S|CS|TAMS 0x00000019c2400000, 0x00000019c2400000| Complete 
|3602|0x00000019c2600000, 0x00000019c2800000, 0x00000019c2800000|100%| S|CS|TAMS 0x00000019c2600000, 0x00000019c2600000| Complete 
|3603|0x00000019c2800000, 0x00000019c2a00000, 0x00000019c2a00000|100%| S|CS|TAMS 0x00000019c2800000, 0x00000019c2800000| Complete 
|3604|0x00000019c2a00000, 0x00000019c2c00000, 0x00000019c2c00000|100%| S|CS|TAMS 0x00000019c2a00000, 0x00000019c2a00000| Complete 
|3605|0x00000019c2c00000, 0x00000019c2e00000, 0x00000019c2e00000|100%| S|CS|TAMS 0x00000019c2c00000, 0x00000019c2c00000| Complete 
|3606|0x00000019c2e00000, 0x00000019c3000000, 0x00000019c3000000|100%| S|CS|TAMS 0x00000019c2e00000, 0x00000019c2e00000| Complete 
|3607|0x00000019c3000000, 0x00000019c3200000, 0x00000019c3200000|100%| S|CS|TAMS 0x00000019c3000000, 0x00000019c3000000| Complete 
|3608|0x00000019c3200000, 0x00000019c3400000, 0x00000019c3400000|100%| S|CS|TAMS 0x00000019c3200000, 0x00000019c3200000| Complete 
|3609|0x00000019c3400000, 0x00000019c3600000, 0x00000019c3600000|100%| S|CS|TAMS 0x00000019c3400000, 0x00000019c3400000| Complete 
|3610|0x00000019c3600000, 0x00000019c3800000, 0x00000019c3800000|100%| S|CS|TAMS 0x00000019c3600000, 0x00000019c3600000| Complete 
|3611|0x00000019c3800000, 0x00000019c3a00000, 0x00000019c3a00000|100%| S|CS|TAMS 0x00000019c3800000, 0x00000019c3800000| Complete 
|3612|0x00000019c3a00000, 0x00000019c3c00000, 0x00000019c3c00000|100%| S|CS|TAMS 0x00000019c3a00000, 0x00000019c3a00000| Complete 
|3613|0x00000019c3c00000, 0x00000019c3e00000, 0x00000019c3e00000|100%| S|CS|TAMS 0x00000019c3c00000, 0x00000019c3c00000| Complete 
|3614|0x00000019c3e00000, 0x00000019c4000000, 0x00000019c4000000|100%| S|CS|TAMS 0x00000019c3e00000, 0x00000019c3e00000| Complete 
|3615|0x00000019c4000000, 0x00000019c4200000, 0x00000019c4200000|100%| S|CS|TAMS 0x00000019c4000000, 0x00000019c4000000| Complete 
|3616|0x00000019c4200000, 0x00000019c4400000, 0x00000019c4400000|100%| S|CS|TAMS 0x00000019c4200000, 0x00000019c4200000| Complete 
|3617|0x00000019c4400000, 0x00000019c4600000, 0x00000019c4600000|100%| S|CS|TAMS 0x00000019c4400000, 0x00000019c4400000| Complete 
|3618|0x00000019c4600000, 0x00000019c4800000, 0x00000019c4800000|100%| S|CS|TAMS 0x00000019c4600000, 0x00000019c4600000| Complete 
|3619|0x00000019c4800000, 0x00000019c4a00000, 0x00000019c4a00000|100%| S|CS|TAMS 0x00000019c4800000, 0x00000019c4800000| Complete 
|3620|0x00000019c4a00000, 0x00000019c4c00000, 0x00000019c4c00000|100%| S|CS|TAMS 0x00000019c4a00000, 0x00000019c4a00000| Complete 
|3621|0x00000019c4c00000, 0x00000019c4e00000, 0x00000019c4e00000|100%| S|CS|TAMS 0x00000019c4c00000, 0x00000019c4c00000| Complete 
|3622|0x00000019c4e00000, 0x00000019c5000000, 0x00000019c5000000|100%| S|CS|TAMS 0x00000019c4e00000, 0x00000019c4e00000| Complete 
|3623|0x00000019c5000000, 0x00000019c5200000, 0x00000019c5200000|100%| S|CS|TAMS 0x00000019c5000000, 0x00000019c5000000| Complete 
|3624|0x00000019c5200000, 0x00000019c5400000, 0x00000019c5400000|100%| S|CS|TAMS 0x00000019c5200000, 0x00000019c5200000| Complete 
|3625|0x00000019c5400000, 0x00000019c5600000, 0x00000019c5600000|100%| S|CS|TAMS 0x00000019c5400000, 0x00000019c5400000| Complete 
|3626|0x00000019c5600000, 0x00000019c5800000, 0x00000019c5800000|100%| S|CS|TAMS 0x00000019c5600000, 0x00000019c5600000| Complete 
|3627|0x00000019c5800000, 0x00000019c5a00000, 0x00000019c5a00000|100%| S|CS|TAMS 0x00000019c5800000, 0x00000019c5800000| Complete 
|3628|0x00000019c5a00000, 0x00000019c5c00000, 0x00000019c5c00000|100%| S|CS|TAMS 0x00000019c5a00000, 0x00000019c5a00000| Complete 
|3629|0x00000019c5c00000, 0x00000019c5c00000, 0x00000019c5e00000|  0%| F|  |TAMS 0x00000019c5c00000, 0x00000019c5c00000| Untracked 
|3630|0x00000019c5e00000, 0x00000019c5e00000, 0x00000019c6000000|  0%| F|  |TAMS 0x00000019c5e00000, 0x00000019c5e00000| Untracked 
|3631|0x00000019c6000000, 0x00000019c6000000, 0x00000019c6200000|  0%| F|  |TAMS 0x00000019c6000000, 0x00000019c6000000| Untracked 
|3632|0x00000019c6200000, 0x00000019c6200000, 0x00000019c6400000|  0%| F|  |TAMS 0x00000019c6200000, 0x00000019c6200000| Untracked 
|3633|0x00000019c6400000, 0x00000019c6400000, 0x00000019c6600000|  0%| F|  |TAMS 0x00000019c6400000, 0x00000019c6400000| Untracked 
|3634|0x00000019c6600000, 0x00000019c6600000, 0x00000019c6800000|  0%| F|  |TAMS 0x00000019c6600000, 0x00000019c6600000| Untracked 
|3635|0x00000019c6800000, 0x00000019c6800000, 0x00000019c6a00000|  0%| F|  |TAMS 0x00000019c6800000, 0x00000019c6800000| Untracked 
|3636|0x00000019c6a00000, 0x00000019c6a00000, 0x00000019c6c00000|  0%| F|  |TAMS 0x00000019c6a00000, 0x00000019c6a00000| Untracked 
|3637|0x00000019c6c00000, 0x00000019c6c00000, 0x00000019c6e00000|  0%| F|  |TAMS 0x00000019c6c00000, 0x00000019c6c00000| Untracked 
|3638|0x00000019c6e00000, 0x00000019c6e00000, 0x00000019c7000000|  0%| F|  |TAMS 0x00000019c6e00000, 0x00000019c6e00000| Untracked 
|3639|0x00000019c7000000, 0x00000019c7000000, 0x00000019c7200000|  0%| F|  |TAMS 0x00000019c7000000, 0x00000019c7000000| Untracked 
|3640|0x00000019c7200000, 0x00000019c7200000, 0x00000019c7400000|  0%| F|  |TAMS 0x00000019c7200000, 0x00000019c7200000| Untracked 
|3641|0x00000019c7400000, 0x00000019c7400000, 0x00000019c7600000|  0%| F|  |TAMS 0x00000019c7400000, 0x00000019c7400000| Untracked 
|3642|0x00000019c7600000, 0x00000019c7600000, 0x00000019c7800000|  0%| F|  |TAMS 0x00000019c7600000, 0x00000019c7600000| Untracked 
|3643|0x00000019c7800000, 0x00000019c7800000, 0x00000019c7a00000|  0%| F|  |TAMS 0x00000019c7800000, 0x00000019c7800000| Untracked 
|3644|0x00000019c7a00000, 0x00000019c7a00000, 0x00000019c7c00000|  0%| F|  |TAMS 0x00000019c7a00000, 0x00000019c7a00000| Untracked 
|3645|0x00000019c7c00000, 0x00000019c7c00000, 0x00000019c7e00000|  0%| F|  |TAMS 0x00000019c7c00000, 0x00000019c7c00000| Untracked 
|3646|0x00000019c7e00000, 0x00000019c7e00000, 0x00000019c8000000|  0%| F|  |TAMS 0x00000019c7e00000, 0x00000019c7e00000| Untracked 
|3647|0x00000019c8000000, 0x00000019c8000000, 0x00000019c8200000|  0%| F|  |TAMS 0x00000019c8000000, 0x00000019c8000000| Untracked 
|3648|0x00000019c8200000, 0x00000019c8200000, 0x00000019c8400000|  0%| F|  |TAMS 0x00000019c8200000, 0x00000019c8200000| Untracked 
|3649|0x00000019c8400000, 0x00000019c8400000, 0x00000019c8600000|  0%| F|  |TAMS 0x00000019c8400000, 0x00000019c8400000| Untracked 
|3650|0x00000019c8600000, 0x00000019c8600000, 0x00000019c8800000|  0%| F|  |TAMS 0x00000019c8600000, 0x00000019c8600000| Untracked 
|3651|0x00000019c8800000, 0x00000019c8800000, 0x00000019c8a00000|  0%| F|  |TAMS 0x00000019c8800000, 0x00000019c8800000| Untracked 
|3652|0x00000019c8a00000, 0x00000019c8a00000, 0x00000019c8c00000|  0%| F|  |TAMS 0x00000019c8a00000, 0x00000019c8a00000| Untracked 
|3653|0x00000019c8c00000, 0x00000019c8c00000, 0x00000019c8e00000|  0%| F|  |TAMS 0x00000019c8c00000, 0x00000019c8c00000| Untracked 
|3654|0x00000019c8e00000, 0x00000019c8e00000, 0x00000019c9000000|  0%| F|  |TAMS 0x00000019c8e00000, 0x00000019c8e00000| Untracked 
|3655|0x00000019c9000000, 0x00000019c9000000, 0x00000019c9200000|  0%| F|  |TAMS 0x00000019c9000000, 0x00000019c9000000| Untracked 
|3656|0x00000019c9200000, 0x00000019c9200000, 0x00000019c9400000|  0%| F|  |TAMS 0x00000019c9200000, 0x00000019c9200000| Untracked 
|3657|0x00000019c9400000, 0x00000019c9400000, 0x00000019c9600000|  0%| F|  |TAMS 0x00000019c9400000, 0x00000019c9400000| Untracked 
|3658|0x00000019c9600000, 0x00000019c9600000, 0x00000019c9800000|  0%| F|  |TAMS 0x00000019c9600000, 0x00000019c9600000| Untracked 
|3659|0x00000019c9800000, 0x00000019c9800000, 0x00000019c9a00000|  0%| F|  |TAMS 0x00000019c9800000, 0x00000019c9800000| Untracked 
|3660|0x00000019c9a00000, 0x00000019c9a00000, 0x00000019c9c00000|  0%| F|  |TAMS 0x00000019c9a00000, 0x00000019c9a00000| Untracked 
|3661|0x00000019c9c00000, 0x00000019c9c00000, 0x00000019c9e00000|  0%| F|  |TAMS 0x00000019c9c00000, 0x00000019c9c00000| Untracked 
|3662|0x00000019c9e00000, 0x00000019c9e00000, 0x00000019ca000000|  0%| F|  |TAMS 0x00000019c9e00000, 0x00000019c9e00000| Untracked 
|3663|0x00000019ca000000, 0x00000019ca000000, 0x00000019ca200000|  0%| F|  |TAMS 0x00000019ca000000, 0x00000019ca000000| Untracked 
|3664|0x00000019ca200000, 0x00000019ca200000, 0x00000019ca400000|  0%| F|  |TAMS 0x00000019ca200000, 0x00000019ca200000| Untracked 
|3665|0x00000019ca400000, 0x00000019ca400000, 0x00000019ca600000|  0%| F|  |TAMS 0x00000019ca400000, 0x00000019ca400000| Untracked 
|3666|0x00000019ca600000, 0x00000019ca600000, 0x00000019ca800000|  0%| F|  |TAMS 0x00000019ca600000, 0x00000019ca600000| Untracked 
|3667|0x00000019ca800000, 0x00000019ca800000, 0x00000019caa00000|  0%| F|  |TAMS 0x00000019ca800000, 0x00000019ca800000| Untracked 
|3668|0x00000019caa00000, 0x00000019caa00000, 0x00000019cac00000|  0%| F|  |TAMS 0x00000019caa00000, 0x00000019caa00000| Untracked 
|3669|0x00000019cac00000, 0x00000019cac00000, 0x00000019cae00000|  0%| F|  |TAMS 0x00000019cac00000, 0x00000019cac00000| Untracked 
|3670|0x00000019cae00000, 0x00000019cae00000, 0x00000019cb000000|  0%| F|  |TAMS 0x00000019cae00000, 0x00000019cae00000| Untracked 
|3671|0x00000019cb000000, 0x00000019cb000000, 0x00000019cb200000|  0%| F|  |TAMS 0x00000019cb000000, 0x00000019cb000000| Untracked 
|3672|0x00000019cb200000, 0x00000019cb200000, 0x00000019cb400000|  0%| F|  |TAMS 0x00000019cb200000, 0x00000019cb200000| Untracked 
|3673|0x00000019cb400000, 0x00000019cb400000, 0x00000019cb600000|  0%| F|  |TAMS 0x00000019cb400000, 0x00000019cb400000| Untracked 
|3674|0x00000019cb600000, 0x00000019cb600000, 0x00000019cb800000|  0%| F|  |TAMS 0x00000019cb600000, 0x00000019cb600000| Untracked 
|3675|0x00000019cb800000, 0x00000019cb800000, 0x00000019cba00000|  0%| F|  |TAMS 0x00000019cb800000, 0x00000019cb800000| Untracked 
|3676|0x00000019cba00000, 0x00000019cba00000, 0x00000019cbc00000|  0%| F|  |TAMS 0x00000019cba00000, 0x00000019cba00000| Untracked 
|3677|0x00000019cbc00000, 0x00000019cbc00000, 0x00000019cbe00000|  0%| F|  |TAMS 0x00000019cbc00000, 0x00000019cbc00000| Untracked 
|3678|0x00000019cbe00000, 0x00000019cbe00000, 0x00000019cc000000|  0%| F|  |TAMS 0x00000019cbe00000, 0x00000019cbe00000| Untracked 
|3679|0x00000019cc000000, 0x00000019cc200000, 0x00000019cc200000|100%| S|CS|TAMS 0x00000019cc000000, 0x00000019cc000000| Complete 
|3680|0x00000019cc200000, 0x00000019cc400000, 0x00000019cc400000|100%| S|CS|TAMS 0x00000019cc200000, 0x00000019cc200000| Complete 
|3681|0x00000019cc400000, 0x00000019cc600000, 0x00000019cc600000|100%| S|CS|TAMS 0x00000019cc400000, 0x00000019cc400000| Complete 
|3682|0x00000019cc600000, 0x00000019cc800000, 0x00000019cc800000|100%| S|CS|TAMS 0x00000019cc600000, 0x00000019cc600000| Complete 
|3683|0x00000019cc800000, 0x00000019cca00000, 0x00000019cca00000|100%| S|CS|TAMS 0x00000019cc800000, 0x00000019cc800000| Complete 
|3684|0x00000019cca00000, 0x00000019ccc00000, 0x00000019ccc00000|100%| S|CS|TAMS 0x00000019cca00000, 0x00000019cca00000| Complete 
|3685|0x00000019ccc00000, 0x00000019cce00000, 0x00000019cce00000|100%| S|CS|TAMS 0x00000019ccc00000, 0x00000019ccc00000| Complete 
|3686|0x00000019cce00000, 0x00000019cd000000, 0x00000019cd000000|100%| S|CS|TAMS 0x00000019cce00000, 0x00000019cce00000| Complete 
|3687|0x00000019cd000000, 0x00000019cd200000, 0x00000019cd200000|100%| S|CS|TAMS 0x00000019cd000000, 0x00000019cd000000| Complete 
|3688|0x00000019cd200000, 0x00000019cd400000, 0x00000019cd400000|100%| S|CS|TAMS 0x00000019cd200000, 0x00000019cd200000| Complete 
|3689|0x00000019cd400000, 0x00000019cd600000, 0x00000019cd600000|100%| S|CS|TAMS 0x00000019cd400000, 0x00000019cd400000| Complete 
|3690|0x00000019cd600000, 0x00000019cd800000, 0x00000019cd800000|100%| S|CS|TAMS 0x00000019cd600000, 0x00000019cd600000| Complete 
|3691|0x00000019cd800000, 0x00000019cda00000, 0x00000019cda00000|100%| S|CS|TAMS 0x00000019cd800000, 0x00000019cd800000| Complete 
|3692|0x00000019cda00000, 0x00000019cdc00000, 0x00000019cdc00000|100%| S|CS|TAMS 0x00000019cda00000, 0x00000019cda00000| Complete 
|3693|0x00000019cdc00000, 0x00000019cde00000, 0x00000019cde00000|100%| S|CS|TAMS 0x00000019cdc00000, 0x00000019cdc00000| Complete 
|3694|0x00000019cde00000, 0x00000019ce000000, 0x00000019ce000000|100%| S|CS|TAMS 0x00000019cde00000, 0x00000019cde00000| Complete 
|3695|0x00000019ce000000, 0x00000019ce200000, 0x00000019ce200000|100%| S|CS|TAMS 0x00000019ce000000, 0x00000019ce000000| Complete 
|3696|0x00000019ce200000, 0x00000019ce400000, 0x00000019ce400000|100%| S|CS|TAMS 0x00000019ce200000, 0x00000019ce200000| Complete 
|3697|0x00000019ce400000, 0x00000019ce600000, 0x00000019ce600000|100%| S|CS|TAMS 0x00000019ce400000, 0x00000019ce400000| Complete 
|3698|0x00000019ce600000, 0x00000019ce800000, 0x00000019ce800000|100%| S|CS|TAMS 0x00000019ce600000, 0x00000019ce600000| Complete 
|3699|0x00000019ce800000, 0x00000019cea00000, 0x00000019cea00000|100%| S|CS|TAMS 0x00000019ce800000, 0x00000019ce800000| Complete 
|3700|0x00000019cea00000, 0x00000019cec00000, 0x00000019cec00000|100%| S|CS|TAMS 0x00000019cea00000, 0x00000019cea00000| Complete 
|3701|0x00000019cec00000, 0x00000019cee00000, 0x00000019cee00000|100%| S|CS|TAMS 0x00000019cec00000, 0x00000019cec00000| Complete 
|3702|0x00000019cee00000, 0x00000019cf000000, 0x00000019cf000000|100%| S|CS|TAMS 0x00000019cee00000, 0x00000019cee00000| Complete 
|3703|0x00000019cf000000, 0x00000019cf200000, 0x00000019cf200000|100%| S|CS|TAMS 0x00000019cf000000, 0x00000019cf000000| Complete 
|3704|0x00000019cf200000, 0x00000019cf400000, 0x00000019cf400000|100%| S|CS|TAMS 0x00000019cf200000, 0x00000019cf200000| Complete 
|3705|0x00000019cf400000, 0x00000019cf600000, 0x00000019cf600000|100%| S|CS|TAMS 0x00000019cf400000, 0x00000019cf400000| Complete 
|3706|0x00000019cf600000, 0x00000019cf800000, 0x00000019cf800000|100%| S|CS|TAMS 0x00000019cf600000, 0x00000019cf600000| Complete 
|3707|0x00000019cf800000, 0x00000019cfa00000, 0x00000019cfa00000|100%| S|CS|TAMS 0x00000019cf800000, 0x00000019cf800000| Complete 
|3708|0x00000019cfa00000, 0x00000019cfc00000, 0x00000019cfc00000|100%| S|CS|TAMS 0x00000019cfa00000, 0x00000019cfa00000| Complete 
|3709|0x00000019cfc00000, 0x00000019cfe00000, 0x00000019cfe00000|100%| S|CS|TAMS 0x00000019cfc00000, 0x00000019cfc00000| Complete 
|3710|0x00000019cfe00000, 0x00000019d0000000, 0x00000019d0000000|100%| S|CS|TAMS 0x00000019cfe00000, 0x00000019cfe00000| Complete 
|3711|0x00000019d0000000, 0x00000019d0200000, 0x00000019d0200000|100%| S|CS|TAMS 0x00000019d0000000, 0x00000019d0000000| Complete 
|3712|0x00000019d0200000, 0x00000019d0400000, 0x00000019d0400000|100%| S|CS|TAMS 0x00000019d0200000, 0x00000019d0200000| Complete 
|3713|0x00000019d0400000, 0x00000019d0600000, 0x00000019d0600000|100%| S|CS|TAMS 0x00000019d0400000, 0x00000019d0400000| Complete 
|3714|0x00000019d0600000, 0x00000019d0800000, 0x00000019d0800000|100%| S|CS|TAMS 0x00000019d0600000, 0x00000019d0600000| Complete 
|3715|0x00000019d0800000, 0x00000019d0a00000, 0x00000019d0a00000|100%| S|CS|TAMS 0x00000019d0800000, 0x00000019d0800000| Complete 
|3716|0x00000019d0a00000, 0x00000019d0c00000, 0x00000019d0c00000|100%| S|CS|TAMS 0x00000019d0a00000, 0x00000019d0a00000| Complete 
|3717|0x00000019d0c00000, 0x00000019d0e00000, 0x00000019d0e00000|100%| S|CS|TAMS 0x00000019d0c00000, 0x00000019d0c00000| Complete 
|3718|0x00000019d0e00000, 0x00000019d1000000, 0x00000019d1000000|100%| S|CS|TAMS 0x00000019d0e00000, 0x00000019d0e00000| Complete 
|3719|0x00000019d1000000, 0x00000019d1200000, 0x00000019d1200000|100%| S|CS|TAMS 0x00000019d1000000, 0x00000019d1000000| Complete 
|3720|0x00000019d1200000, 0x00000019d1400000, 0x00000019d1400000|100%| S|CS|TAMS 0x00000019d1200000, 0x00000019d1200000| Complete 
|3721|0x00000019d1400000, 0x00000019d1600000, 0x00000019d1600000|100%| S|CS|TAMS 0x00000019d1400000, 0x00000019d1400000| Complete 
|3722|0x00000019d1600000, 0x00000019d1800000, 0x00000019d1800000|100%| S|CS|TAMS 0x00000019d1600000, 0x00000019d1600000| Complete 
|3723|0x00000019d1800000, 0x00000019d1a00000, 0x00000019d1a00000|100%| S|CS|TAMS 0x00000019d1800000, 0x00000019d1800000| Complete 
|3724|0x00000019d1a00000, 0x00000019d1c00000, 0x00000019d1c00000|100%| S|CS|TAMS 0x00000019d1a00000, 0x00000019d1a00000| Complete 
|3725|0x00000019d1c00000, 0x00000019d1e00000, 0x00000019d1e00000|100%| S|CS|TAMS 0x00000019d1c00000, 0x00000019d1c00000| Complete 
|3726|0x00000019d1e00000, 0x00000019d2000000, 0x00000019d2000000|100%| S|CS|TAMS 0x00000019d1e00000, 0x00000019d1e00000| Complete 
|3727|0x00000019d2000000, 0x00000019d2200000, 0x00000019d2200000|100%| S|CS|TAMS 0x00000019d2000000, 0x00000019d2000000| Complete 
|3728|0x00000019d2200000, 0x00000019d2400000, 0x00000019d2400000|100%| S|CS|TAMS 0x00000019d2200000, 0x00000019d2200000| Complete 
|3729|0x00000019d2400000, 0x00000019d2600000, 0x00000019d2600000|100%| S|CS|TAMS 0x00000019d2400000, 0x00000019d2400000| Complete 
|3730|0x00000019d2600000, 0x00000019d2800000, 0x00000019d2800000|100%| S|CS|TAMS 0x00000019d2600000, 0x00000019d2600000| Complete 
|3731|0x00000019d2800000, 0x00000019d2800000, 0x00000019d2a00000|  0%| F|  |TAMS 0x00000019d2800000, 0x00000019d2800000| Untracked 
|3732|0x00000019d2a00000, 0x00000019d2a00000, 0x00000019d2c00000|  0%| F|  |TAMS 0x00000019d2a00000, 0x00000019d2a00000| Untracked 
|3733|0x00000019d2c00000, 0x00000019d2c00000, 0x00000019d2e00000|  0%| F|  |TAMS 0x00000019d2c00000, 0x00000019d2c00000| Untracked 
|3734|0x00000019d2e00000, 0x00000019d2e00000, 0x00000019d3000000|  0%| F|  |TAMS 0x00000019d2e00000, 0x00000019d2e00000| Untracked 
|3735|0x00000019d3000000, 0x00000019d3000000, 0x00000019d3200000|  0%| F|  |TAMS 0x00000019d3000000, 0x00000019d3000000| Untracked 
|3736|0x00000019d3200000, 0x00000019d3200000, 0x00000019d3400000|  0%| F|  |TAMS 0x00000019d3200000, 0x00000019d3200000| Untracked 
|3737|0x00000019d3400000, 0x00000019d3400000, 0x00000019d3600000|  0%| F|  |TAMS 0x00000019d3400000, 0x00000019d3400000| Untracked 
|3738|0x00000019d3600000, 0x00000019d3600000, 0x00000019d3800000|  0%| F|  |TAMS 0x00000019d3600000, 0x00000019d3600000| Untracked 
|3739|0x00000019d3800000, 0x00000019d3800000, 0x00000019d3a00000|  0%| F|  |TAMS 0x00000019d3800000, 0x00000019d3800000| Untracked 
|3740|0x00000019d3a00000, 0x00000019d3a00000, 0x00000019d3c00000|  0%| F|  |TAMS 0x00000019d3a00000, 0x00000019d3a00000| Untracked 
|3741|0x00000019d3c00000, 0x00000019d3c00000, 0x00000019d3e00000|  0%| F|  |TAMS 0x00000019d3c00000, 0x00000019d3c00000| Untracked 
|3742|0x00000019d3e00000, 0x00000019d3e00000, 0x00000019d4000000|  0%| F|  |TAMS 0x00000019d3e00000, 0x00000019d3e00000| Untracked 
|3743|0x00000019d4000000, 0x00000019d4000000, 0x00000019d4200000|  0%| F|  |TAMS 0x00000019d4000000, 0x00000019d4000000| Untracked 
|3744|0x00000019d4200000, 0x00000019d4200000, 0x00000019d4400000|  0%| F|  |TAMS 0x00000019d4200000, 0x00000019d4200000| Untracked 
|3745|0x00000019d4400000, 0x00000019d4400000, 0x00000019d4600000|  0%| F|  |TAMS 0x00000019d4400000, 0x00000019d4400000| Untracked 
|3746|0x00000019d4600000, 0x00000019d4600000, 0x00000019d4800000|  0%| F|  |TAMS 0x00000019d4600000, 0x00000019d4600000| Untracked 
|3747|0x00000019d4800000, 0x00000019d4800000, 0x00000019d4a00000|  0%| F|  |TAMS 0x00000019d4800000, 0x00000019d4800000| Untracked 
|3748|0x00000019d4a00000, 0x00000019d4a00000, 0x00000019d4c00000|  0%| F|  |TAMS 0x00000019d4a00000, 0x00000019d4a00000| Untracked 
|3749|0x00000019d4c00000, 0x00000019d4c00000, 0x00000019d4e00000|  0%| F|  |TAMS 0x00000019d4c00000, 0x00000019d4c00000| Untracked 
|3750|0x00000019d4e00000, 0x00000019d4e00000, 0x00000019d5000000|  0%| F|  |TAMS 0x00000019d4e00000, 0x00000019d4e00000| Untracked 
|3751|0x00000019d5000000, 0x00000019d5000000, 0x00000019d5200000|  0%| F|  |TAMS 0x00000019d5000000, 0x00000019d5000000| Untracked 
|3752|0x00000019d5200000, 0x00000019d5200000, 0x00000019d5400000|  0%| F|  |TAMS 0x00000019d5200000, 0x00000019d5200000| Untracked 
|3753|0x00000019d5400000, 0x00000019d5400000, 0x00000019d5600000|  0%| F|  |TAMS 0x00000019d5400000, 0x00000019d5400000| Untracked 
|3754|0x00000019d5600000, 0x00000019d5600000, 0x00000019d5800000|  0%| F|  |TAMS 0x00000019d5600000, 0x00000019d5600000| Untracked 
|3755|0x00000019d5800000, 0x00000019d5800000, 0x00000019d5a00000|  0%| F|  |TAMS 0x00000019d5800000, 0x00000019d5800000| Untracked 
|3756|0x00000019d5a00000, 0x00000019d5a00000, 0x00000019d5c00000|  0%| F|  |TAMS 0x00000019d5a00000, 0x00000019d5a00000| Untracked 
|3757|0x00000019d5c00000, 0x00000019d5c00000, 0x00000019d5e00000|  0%| F|  |TAMS 0x00000019d5c00000, 0x00000019d5c00000| Untracked 
|3758|0x00000019d5e00000, 0x00000019d5e00000, 0x00000019d6000000|  0%| F|  |TAMS 0x00000019d5e00000, 0x00000019d5e00000| Untracked 
|3759|0x00000019d6000000, 0x00000019d6000000, 0x00000019d6200000|  0%| F|  |TAMS 0x00000019d6000000, 0x00000019d6000000| Untracked 
|3760|0x00000019d6200000, 0x00000019d6200000, 0x00000019d6400000|  0%| F|  |TAMS 0x00000019d6200000, 0x00000019d6200000| Untracked 
|3761|0x00000019d6400000, 0x00000019d6400000, 0x00000019d6600000|  0%| F|  |TAMS 0x00000019d6400000, 0x00000019d6400000| Untracked 
|3762|0x00000019d6600000, 0x00000019d6600000, 0x00000019d6800000|  0%| F|  |TAMS 0x00000019d6600000, 0x00000019d6600000| Untracked 
|3763|0x00000019d6800000, 0x00000019d6800000, 0x00000019d6a00000|  0%| F|  |TAMS 0x00000019d6800000, 0x00000019d6800000| Untracked 
|3764|0x00000019d6a00000, 0x00000019d6a00000, 0x00000019d6c00000|  0%| F|  |TAMS 0x00000019d6a00000, 0x00000019d6a00000| Untracked 
|3765|0x00000019d6c00000, 0x00000019d6c00000, 0x00000019d6e00000|  0%| F|  |TAMS 0x00000019d6c00000, 0x00000019d6c00000| Untracked 
|3766|0x00000019d6e00000, 0x00000019d6e00000, 0x00000019d7000000|  0%| F|  |TAMS 0x00000019d6e00000, 0x00000019d6e00000| Untracked 
|3767|0x00000019d7000000, 0x00000019d7000000, 0x00000019d7200000|  0%| F|  |TAMS 0x00000019d7000000, 0x00000019d7000000| Untracked 
|3768|0x00000019d7200000, 0x00000019d7200000, 0x00000019d7400000|  0%| F|  |TAMS 0x00000019d7200000, 0x00000019d7200000| Untracked 
|3769|0x00000019d7400000, 0x00000019d7400000, 0x00000019d7600000|  0%| F|  |TAMS 0x00000019d7400000, 0x00000019d7400000| Untracked 
|3770|0x00000019d7600000, 0x00000019d7600000, 0x00000019d7800000|  0%| F|  |TAMS 0x00000019d7600000, 0x00000019d7600000| Untracked 
|3771|0x00000019d7800000, 0x00000019d7800000, 0x00000019d7a00000|  0%| F|  |TAMS 0x00000019d7800000, 0x00000019d7800000| Untracked 
|3772|0x00000019d7a00000, 0x00000019d7a00000, 0x00000019d7c00000|  0%| F|  |TAMS 0x00000019d7a00000, 0x00000019d7a00000| Untracked 
|3773|0x00000019d7c00000, 0x00000019d7c00000, 0x00000019d7e00000|  0%| F|  |TAMS 0x00000019d7c00000, 0x00000019d7c00000| Untracked 
|3774|0x00000019d7e00000, 0x00000019d7e00000, 0x00000019d8000000|  0%| F|  |TAMS 0x00000019d7e00000, 0x00000019d7e00000| Untracked 
|3775|0x00000019d8000000, 0x00000019d8000000, 0x00000019d8200000|  0%| F|  |TAMS 0x00000019d8000000, 0x00000019d8000000| Untracked 
|3776|0x00000019d8200000, 0x00000019d8200000, 0x00000019d8400000|  0%| F|  |TAMS 0x00000019d8200000, 0x00000019d8200000| Untracked 
|3777|0x00000019d8400000, 0x00000019d8400000, 0x00000019d8600000|  0%| F|  |TAMS 0x00000019d8400000, 0x00000019d8400000| Untracked 
|3778|0x00000019d8600000, 0x00000019d8600000, 0x00000019d8800000|  0%| F|  |TAMS 0x00000019d8600000, 0x00000019d8600000| Untracked 
|3779|0x00000019d8800000, 0x00000019d8800000, 0x00000019d8a00000|  0%| F|  |TAMS 0x00000019d8800000, 0x00000019d8800000| Untracked 
|3780|0x00000019d8a00000, 0x00000019d8a00000, 0x00000019d8c00000|  0%| F|  |TAMS 0x00000019d8a00000, 0x00000019d8a00000| Untracked 
|3781|0x00000019d8c00000, 0x00000019d8c00000, 0x00000019d8e00000|  0%| F|  |TAMS 0x00000019d8c00000, 0x00000019d8c00000| Untracked 
|3782|0x00000019d8e00000, 0x00000019d8e00000, 0x00000019d9000000|  0%| F|  |TAMS 0x00000019d8e00000, 0x00000019d8e00000| Untracked 
|3783|0x00000019d9000000, 0x00000019d9000000, 0x00000019d9200000|  0%| F|  |TAMS 0x00000019d9000000, 0x00000019d9000000| Untracked 
|3784|0x00000019d9200000, 0x00000019d9200000, 0x00000019d9400000|  0%| F|  |TAMS 0x00000019d9200000, 0x00000019d9200000| Untracked 
|3785|0x00000019d9400000, 0x00000019d9400000, 0x00000019d9600000|  0%| F|  |TAMS 0x00000019d9400000, 0x00000019d9400000| Untracked 
|3786|0x00000019d9600000, 0x00000019d9600000, 0x00000019d9800000|  0%| F|  |TAMS 0x00000019d9600000, 0x00000019d9600000| Untracked 
|3787|0x00000019d9800000, 0x00000019d9800000, 0x00000019d9a00000|  0%| F|  |TAMS 0x00000019d9800000, 0x00000019d9800000| Untracked 
|3788|0x00000019d9a00000, 0x00000019d9a00000, 0x00000019d9c00000|  0%| F|  |TAMS 0x00000019d9a00000, 0x00000019d9a00000| Untracked 
|3789|0x00000019d9c00000, 0x00000019d9c00000, 0x00000019d9e00000|  0%| F|  |TAMS 0x00000019d9c00000, 0x00000019d9c00000| Untracked 
|3790|0x00000019d9e00000, 0x00000019d9e00000, 0x00000019da000000|  0%| F|  |TAMS 0x00000019d9e00000, 0x00000019d9e00000| Untracked 
|3791|0x00000019da000000, 0x00000019da000000, 0x00000019da200000|  0%| F|  |TAMS 0x00000019da000000, 0x00000019da000000| Untracked 
|3792|0x00000019da200000, 0x00000019da200000, 0x00000019da400000|  0%| F|  |TAMS 0x00000019da200000, 0x00000019da200000| Untracked 
|3793|0x00000019da400000, 0x00000019da400000, 0x00000019da600000|  0%| F|  |TAMS 0x00000019da400000, 0x00000019da400000| Untracked 
|3794|0x00000019da600000, 0x00000019da600000, 0x00000019da800000|  0%| F|  |TAMS 0x00000019da600000, 0x00000019da600000| Untracked 
|3795|0x00000019da800000, 0x00000019da800000, 0x00000019daa00000|  0%| F|  |TAMS 0x00000019da800000, 0x00000019da800000| Untracked 
|3796|0x00000019daa00000, 0x00000019daa00000, 0x00000019dac00000|  0%| F|  |TAMS 0x00000019daa00000, 0x00000019daa00000| Untracked 
|3797|0x00000019dac00000, 0x00000019dac00000, 0x00000019dae00000|  0%| F|  |TAMS 0x00000019dac00000, 0x00000019dac00000| Untracked 
|3798|0x00000019dae00000, 0x00000019dae00000, 0x00000019db000000|  0%| F|  |TAMS 0x00000019dae00000, 0x00000019dae00000| Untracked 
|3799|0x00000019db000000, 0x00000019db000000, 0x00000019db200000|  0%| F|  |TAMS 0x00000019db000000, 0x00000019db000000| Untracked 
|3800|0x00000019db200000, 0x00000019db200000, 0x00000019db400000|  0%| F|  |TAMS 0x00000019db200000, 0x00000019db200000| Untracked 
|3801|0x00000019db400000, 0x00000019db400000, 0x00000019db600000|  0%| F|  |TAMS 0x00000019db400000, 0x00000019db400000| Untracked 
|3802|0x00000019db600000, 0x00000019db600000, 0x00000019db800000|  0%| F|  |TAMS 0x00000019db600000, 0x00000019db600000| Untracked 
|3803|0x00000019db800000, 0x00000019db800000, 0x00000019dba00000|  0%| F|  |TAMS 0x00000019db800000, 0x00000019db800000| Untracked 
|3804|0x00000019dba00000, 0x00000019dba00000, 0x00000019dbc00000|  0%| F|  |TAMS 0x00000019dba00000, 0x00000019dba00000| Untracked 
|3805|0x00000019dbc00000, 0x00000019dbc00000, 0x00000019dbe00000|  0%| F|  |TAMS 0x00000019dbc00000, 0x00000019dbc00000| Untracked 
|3806|0x00000019dbe00000, 0x00000019dbe00000, 0x00000019dc000000|  0%| F|  |TAMS 0x00000019dbe00000, 0x00000019dbe00000| Untracked 
|3807|0x00000019dc000000, 0x00000019dc000000, 0x00000019dc200000|  0%| F|  |TAMS 0x00000019dc000000, 0x00000019dc000000| Untracked 
|3808|0x00000019dc200000, 0x00000019dc200000, 0x00000019dc400000|  0%| F|  |TAMS 0x00000019dc200000, 0x00000019dc200000| Untracked 
|3809|0x00000019dc400000, 0x00000019dc400000, 0x00000019dc600000|  0%| F|  |TAMS 0x00000019dc400000, 0x00000019dc400000| Untracked 
|3810|0x00000019dc600000, 0x00000019dc600000, 0x00000019dc800000|  0%| F|  |TAMS 0x00000019dc600000, 0x00000019dc600000| Untracked 
|3811|0x00000019dc800000, 0x00000019dc800000, 0x00000019dca00000|  0%| F|  |TAMS 0x00000019dc800000, 0x00000019dc800000| Untracked 
|3812|0x00000019dca00000, 0x00000019dca00000, 0x00000019dcc00000|  0%| F|  |TAMS 0x00000019dca00000, 0x00000019dca00000| Untracked 
|3813|0x00000019dcc00000, 0x00000019dcc00000, 0x00000019dce00000|  0%| F|  |TAMS 0x00000019dcc00000, 0x00000019dcc00000| Untracked 
|3814|0x00000019dce00000, 0x00000019dce00000, 0x00000019dd000000|  0%| F|  |TAMS 0x00000019dce00000, 0x00000019dce00000| Untracked 
|3815|0x00000019dd000000, 0x00000019dd000000, 0x00000019dd200000|  0%| F|  |TAMS 0x00000019dd000000, 0x00000019dd000000| Untracked 
|3816|0x00000019dd200000, 0x00000019dd200000, 0x00000019dd400000|  0%| F|  |TAMS 0x00000019dd200000, 0x00000019dd200000| Untracked 
|3817|0x00000019dd400000, 0x00000019dd400000, 0x00000019dd600000|  0%| F|  |TAMS 0x00000019dd400000, 0x00000019dd400000| Untracked 
|3818|0x00000019dd600000, 0x00000019dd600000, 0x00000019dd800000|  0%| F|  |TAMS 0x00000019dd600000, 0x00000019dd600000| Untracked 
|3819|0x00000019dd800000, 0x00000019dd800000, 0x00000019dda00000|  0%| F|  |TAMS 0x00000019dd800000, 0x00000019dd800000| Untracked 
|3820|0x00000019dda00000, 0x00000019dda00000, 0x00000019ddc00000|  0%| F|  |TAMS 0x00000019dda00000, 0x00000019dda00000| Untracked 
|3821|0x00000019ddc00000, 0x00000019ddc00000, 0x00000019dde00000|  0%| F|  |TAMS 0x00000019ddc00000, 0x00000019ddc00000| Untracked 
|3822|0x00000019dde00000, 0x00000019dde00000, 0x00000019de000000|  0%| F|  |TAMS 0x00000019dde00000, 0x00000019dde00000| Untracked 
|3823|0x00000019de000000, 0x00000019de000000, 0x00000019de200000|  0%| F|  |TAMS 0x00000019de000000, 0x00000019de000000| Untracked 
|3824|0x00000019de200000, 0x00000019de200000, 0x00000019de400000|  0%| F|  |TAMS 0x00000019de200000, 0x00000019de200000| Untracked 
|3825|0x00000019de400000, 0x00000019de400000, 0x00000019de600000|  0%| F|  |TAMS 0x00000019de400000, 0x00000019de400000| Untracked 
|3826|0x00000019de600000, 0x00000019de600000, 0x00000019de800000|  0%| F|  |TAMS 0x00000019de600000, 0x00000019de600000| Untracked 
|3827|0x00000019de800000, 0x00000019de800000, 0x00000019dea00000|  0%| F|  |TAMS 0x00000019de800000, 0x00000019de800000| Untracked 
|3828|0x00000019dea00000, 0x00000019dea00000, 0x00000019dec00000|  0%| F|  |TAMS 0x00000019dea00000, 0x00000019dea00000| Untracked 
|3829|0x00000019dec00000, 0x00000019dec00000, 0x00000019dee00000|  0%| F|  |TAMS 0x00000019dec00000, 0x00000019dec00000| Untracked 
|3830|0x00000019dee00000, 0x00000019dee00000, 0x00000019df000000|  0%| F|  |TAMS 0x00000019dee00000, 0x00000019dee00000| Untracked 
|3831|0x00000019df000000, 0x00000019df000000, 0x00000019df200000|  0%| F|  |TAMS 0x00000019df000000, 0x00000019df000000| Untracked 
|3832|0x00000019df200000, 0x00000019df200000, 0x00000019df400000|  0%| F|  |TAMS 0x00000019df200000, 0x00000019df200000| Untracked 
|3833|0x00000019df400000, 0x00000019df400000, 0x00000019df600000|  0%| F|  |TAMS 0x00000019df400000, 0x00000019df400000| Untracked 
|3834|0x00000019df600000, 0x00000019df600000, 0x00000019df800000|  0%| F|  |TAMS 0x00000019df600000, 0x00000019df600000| Untracked 
|3835|0x00000019df800000, 0x00000019df800000, 0x00000019dfa00000|  0%| F|  |TAMS 0x00000019df800000, 0x00000019df800000| Untracked 
|3836|0x00000019dfa00000, 0x00000019dfa00000, 0x00000019dfc00000|  0%| F|  |TAMS 0x00000019dfa00000, 0x00000019dfa00000| Untracked 
|3837|0x00000019dfc00000, 0x00000019dfc00000, 0x00000019dfe00000|  0%| F|  |TAMS 0x00000019dfc00000, 0x00000019dfc00000| Untracked 
|3838|0x00000019dfe00000, 0x00000019dfe00000, 0x00000019e0000000|  0%| F|  |TAMS 0x00000019dfe00000, 0x00000019dfe00000| Untracked 
|3839|0x00000019e0000000, 0x00000019e0000000, 0x00000019e0200000|  0%| F|  |TAMS 0x00000019e0000000, 0x00000019e0000000| Untracked 
|3840|0x00000019e0200000, 0x00000019e0200000, 0x00000019e0400000|  0%| F|  |TAMS 0x00000019e0200000, 0x00000019e0200000| Untracked 
|3841|0x00000019e0400000, 0x00000019e0400000, 0x00000019e0600000|  0%| F|  |TAMS 0x00000019e0400000, 0x00000019e0400000| Untracked 
|3842|0x00000019e0600000, 0x00000019e0600000, 0x00000019e0800000|  0%| F|  |TAMS 0x00000019e0600000, 0x00000019e0600000| Untracked 
|3843|0x00000019e0800000, 0x00000019e0800000, 0x00000019e0a00000|  0%| F|  |TAMS 0x00000019e0800000, 0x00000019e0800000| Untracked 
|3844|0x00000019e0a00000, 0x00000019e0a00000, 0x00000019e0c00000|  0%| F|  |TAMS 0x00000019e0a00000, 0x00000019e0a00000| Untracked 
|3845|0x00000019e0c00000, 0x00000019e0c00000, 0x00000019e0e00000|  0%| F|  |TAMS 0x00000019e0c00000, 0x00000019e0c00000| Untracked 
|3846|0x00000019e0e00000, 0x00000019e0e00000, 0x00000019e1000000|  0%| F|  |TAMS 0x00000019e0e00000, 0x00000019e0e00000| Untracked 
|3847|0x00000019e1000000, 0x00000019e1000000, 0x00000019e1200000|  0%| F|  |TAMS 0x00000019e1000000, 0x00000019e1000000| Untracked 
|3848|0x00000019e1200000, 0x00000019e1200000, 0x00000019e1400000|  0%| F|  |TAMS 0x00000019e1200000, 0x00000019e1200000| Untracked 
|3849|0x00000019e1400000, 0x00000019e1400000, 0x00000019e1600000|  0%| F|  |TAMS 0x00000019e1400000, 0x00000019e1400000| Untracked 
|3850|0x00000019e1600000, 0x00000019e1600000, 0x00000019e1800000|  0%| F|  |TAMS 0x00000019e1600000, 0x00000019e1600000| Untracked 
|3851|0x00000019e1800000, 0x00000019e1800000, 0x00000019e1a00000|  0%| F|  |TAMS 0x00000019e1800000, 0x00000019e1800000| Untracked 
|3852|0x00000019e1a00000, 0x00000019e1a00000, 0x00000019e1c00000|  0%| F|  |TAMS 0x00000019e1a00000, 0x00000019e1a00000| Untracked 
|3853|0x00000019e1c00000, 0x00000019e1c00000, 0x00000019e1e00000|  0%| F|  |TAMS 0x00000019e1c00000, 0x00000019e1c00000| Untracked 
|3854|0x00000019e1e00000, 0x00000019e1e00000, 0x00000019e2000000|  0%| F|  |TAMS 0x00000019e1e00000, 0x00000019e1e00000| Untracked 
|3855|0x00000019e2000000, 0x00000019e2000000, 0x00000019e2200000|  0%| F|  |TAMS 0x00000019e2000000, 0x00000019e2000000| Untracked 
|3856|0x00000019e2200000, 0x00000019e2200000, 0x00000019e2400000|  0%| F|  |TAMS 0x00000019e2200000, 0x00000019e2200000| Untracked 
|3857|0x00000019e2400000, 0x00000019e2400000, 0x00000019e2600000|  0%| F|  |TAMS 0x00000019e2400000, 0x00000019e2400000| Untracked 
|3858|0x00000019e2600000, 0x00000019e2600000, 0x00000019e2800000|  0%| F|  |TAMS 0x00000019e2600000, 0x00000019e2600000| Untracked 
|3859|0x00000019e2800000, 0x00000019e2800000, 0x00000019e2a00000|  0%| F|  |TAMS 0x00000019e2800000, 0x00000019e2800000| Untracked 
|3860|0x00000019e2a00000, 0x00000019e2a00000, 0x00000019e2c00000|  0%| F|  |TAMS 0x00000019e2a00000, 0x00000019e2a00000| Untracked 
|3861|0x00000019e2c00000, 0x00000019e2c00000, 0x00000019e2e00000|  0%| F|  |TAMS 0x00000019e2c00000, 0x00000019e2c00000| Untracked 
|3862|0x00000019e2e00000, 0x00000019e2e00000, 0x00000019e3000000|  0%| F|  |TAMS 0x00000019e2e00000, 0x00000019e2e00000| Untracked 
|3863|0x00000019e3000000, 0x00000019e3000000, 0x00000019e3200000|  0%| F|  |TAMS 0x00000019e3000000, 0x00000019e3000000| Untracked 
|3864|0x00000019e3200000, 0x00000019e3200000, 0x00000019e3400000|  0%| F|  |TAMS 0x00000019e3200000, 0x00000019e3200000| Untracked 
|3865|0x00000019e3400000, 0x00000019e3400000, 0x00000019e3600000|  0%| F|  |TAMS 0x00000019e3400000, 0x00000019e3400000| Untracked 
|3866|0x00000019e3600000, 0x00000019e3600000, 0x00000019e3800000|  0%| F|  |TAMS 0x00000019e3600000, 0x00000019e3600000| Untracked 
|3867|0x00000019e3800000, 0x00000019e3800000, 0x00000019e3a00000|  0%| F|  |TAMS 0x00000019e3800000, 0x00000019e3800000| Untracked 
|3868|0x00000019e3a00000, 0x00000019e3a00000, 0x00000019e3c00000|  0%| F|  |TAMS 0x00000019e3a00000, 0x00000019e3a00000| Untracked 
|3869|0x00000019e3c00000, 0x00000019e3c00000, 0x00000019e3e00000|  0%| F|  |TAMS 0x00000019e3c00000, 0x00000019e3c00000| Untracked 
|3870|0x00000019e3e00000, 0x00000019e3e00000, 0x00000019e4000000|  0%| F|  |TAMS 0x00000019e3e00000, 0x00000019e3e00000| Untracked 
|3871|0x00000019e4000000, 0x00000019e4000000, 0x00000019e4200000|  0%| F|  |TAMS 0x00000019e4000000, 0x00000019e4000000| Untracked 
|3872|0x00000019e4200000, 0x00000019e4200000, 0x00000019e4400000|  0%| F|  |TAMS 0x00000019e4200000, 0x00000019e4200000| Untracked 
|3873|0x00000019e4400000, 0x00000019e4400000, 0x00000019e4600000|  0%| F|  |TAMS 0x00000019e4400000, 0x00000019e4400000| Untracked 
|3874|0x00000019e4600000, 0x00000019e4600000, 0x00000019e4800000|  0%| F|  |TAMS 0x00000019e4600000, 0x00000019e4600000| Untracked 
|3875|0x00000019e4800000, 0x00000019e4800000, 0x00000019e4a00000|  0%| F|  |TAMS 0x00000019e4800000, 0x00000019e4800000| Untracked 
|3876|0x00000019e4a00000, 0x00000019e4a00000, 0x00000019e4c00000|  0%| F|  |TAMS 0x00000019e4a00000, 0x00000019e4a00000| Untracked 
|3877|0x00000019e4c00000, 0x00000019e4c00000, 0x00000019e4e00000|  0%| F|  |TAMS 0x00000019e4c00000, 0x00000019e4c00000| Untracked 
|3878|0x00000019e4e00000, 0x00000019e4e00000, 0x00000019e5000000|  0%| F|  |TAMS 0x00000019e4e00000, 0x00000019e4e00000| Untracked 
|3879|0x00000019e5000000, 0x00000019e5000000, 0x00000019e5200000|  0%| F|  |TAMS 0x00000019e5000000, 0x00000019e5000000| Untracked 
|3880|0x00000019e5200000, 0x00000019e5200000, 0x00000019e5400000|  0%| F|  |TAMS 0x00000019e5200000, 0x00000019e5200000| Untracked 
|3881|0x00000019e5400000, 0x00000019e5400000, 0x00000019e5600000|  0%| F|  |TAMS 0x00000019e5400000, 0x00000019e5400000| Untracked 
|3882|0x00000019e5600000, 0x00000019e5600000, 0x00000019e5800000|  0%| F|  |TAMS 0x00000019e5600000, 0x00000019e5600000| Untracked 
|3883|0x00000019e5800000, 0x00000019e5800000, 0x00000019e5a00000|  0%| F|  |TAMS 0x00000019e5800000, 0x00000019e5800000| Untracked 
|3884|0x00000019e5a00000, 0x00000019e5a00000, 0x00000019e5c00000|  0%| F|  |TAMS 0x00000019e5a00000, 0x00000019e5a00000| Untracked 
|3885|0x00000019e5c00000, 0x00000019e5c00000, 0x00000019e5e00000|  0%| F|  |TAMS 0x00000019e5c00000, 0x00000019e5c00000| Untracked 
|3886|0x00000019e5e00000, 0x00000019e5e00000, 0x00000019e6000000|  0%| F|  |TAMS 0x00000019e5e00000, 0x00000019e5e00000| Untracked 
|3887|0x00000019e6000000, 0x00000019e6000000, 0x00000019e6200000|  0%| F|  |TAMS 0x00000019e6000000, 0x00000019e6000000| Untracked 
|3888|0x00000019e6200000, 0x00000019e6200000, 0x00000019e6400000|  0%| F|  |TAMS 0x00000019e6200000, 0x00000019e6200000| Untracked 
|3889|0x00000019e6400000, 0x00000019e6400000, 0x00000019e6600000|  0%| F|  |TAMS 0x00000019e6400000, 0x00000019e6400000| Untracked 
|3890|0x00000019e6600000, 0x00000019e6600000, 0x00000019e6800000|  0%| F|  |TAMS 0x00000019e6600000, 0x00000019e6600000| Untracked 
|3891|0x00000019e6800000, 0x00000019e6800000, 0x00000019e6a00000|  0%| F|  |TAMS 0x00000019e6800000, 0x00000019e6800000| Untracked 
|3892|0x00000019e6a00000, 0x00000019e6a00000, 0x00000019e6c00000|  0%| F|  |TAMS 0x00000019e6a00000, 0x00000019e6a00000| Untracked 
|3893|0x00000019e6c00000, 0x00000019e6c00000, 0x00000019e6e00000|  0%| F|  |TAMS 0x00000019e6c00000, 0x00000019e6c00000| Untracked 
|3894|0x00000019e6e00000, 0x00000019e6e00000, 0x00000019e7000000|  0%| F|  |TAMS 0x00000019e6e00000, 0x00000019e6e00000| Untracked 
|3895|0x00000019e7000000, 0x00000019e7000000, 0x00000019e7200000|  0%| F|  |TAMS 0x00000019e7000000, 0x00000019e7000000| Untracked 
|3896|0x00000019e7200000, 0x00000019e7200000, 0x00000019e7400000|  0%| F|  |TAMS 0x00000019e7200000, 0x00000019e7200000| Untracked 
|3897|0x00000019e7400000, 0x00000019e7400000, 0x00000019e7600000|  0%| F|  |TAMS 0x00000019e7400000, 0x00000019e7400000| Untracked 
|3898|0x00000019e7600000, 0x00000019e7600000, 0x00000019e7800000|  0%| F|  |TAMS 0x00000019e7600000, 0x00000019e7600000| Untracked 
|3899|0x00000019e7800000, 0x00000019e7800000, 0x00000019e7a00000|  0%| F|  |TAMS 0x00000019e7800000, 0x00000019e7800000| Untracked 
|3900|0x00000019e7a00000, 0x00000019e7a00000, 0x00000019e7c00000|  0%| F|  |TAMS 0x00000019e7a00000, 0x00000019e7a00000| Untracked 
|3901|0x00000019e7c00000, 0x00000019e7c00000, 0x00000019e7e00000|  0%| F|  |TAMS 0x00000019e7c00000, 0x00000019e7c00000| Untracked 
|3902|0x00000019e7e00000, 0x00000019e7e00000, 0x00000019e8000000|  0%| F|  |TAMS 0x00000019e7e00000, 0x00000019e7e00000| Untracked 
|3903|0x00000019e8000000, 0x00000019e8000000, 0x00000019e8200000|  0%| F|  |TAMS 0x00000019e8000000, 0x00000019e8000000| Untracked 
|3904|0x00000019e8200000, 0x00000019e8200000, 0x00000019e8400000|  0%| F|  |TAMS 0x00000019e8200000, 0x00000019e8200000| Untracked 
|3905|0x00000019e8400000, 0x00000019e8400000, 0x00000019e8600000|  0%| F|  |TAMS 0x00000019e8400000, 0x00000019e8400000| Untracked 
|3906|0x00000019e8600000, 0x00000019e8600000, 0x00000019e8800000|  0%| F|  |TAMS 0x00000019e8600000, 0x00000019e8600000| Untracked 
|3907|0x00000019e8800000, 0x00000019e8800000, 0x00000019e8a00000|  0%| F|  |TAMS 0x00000019e8800000, 0x00000019e8800000| Untracked 
|3908|0x00000019e8a00000, 0x00000019e8a00000, 0x00000019e8c00000|  0%| F|  |TAMS 0x00000019e8a00000, 0x00000019e8a00000| Untracked 
|3909|0x00000019e8c00000, 0x00000019e8c00000, 0x00000019e8e00000|  0%| F|  |TAMS 0x00000019e8c00000, 0x00000019e8c00000| Untracked 
|3910|0x00000019e8e00000, 0x00000019e8e00000, 0x00000019e9000000|  0%| F|  |TAMS 0x00000019e8e00000, 0x00000019e8e00000| Untracked 
|3911|0x00000019e9000000, 0x00000019e9000000, 0x00000019e9200000|  0%| F|  |TAMS 0x00000019e9000000, 0x00000019e9000000| Untracked 
|3912|0x00000019e9200000, 0x00000019e9200000, 0x00000019e9400000|  0%| F|  |TAMS 0x00000019e9200000, 0x00000019e9200000| Untracked 
|3913|0x00000019e9400000, 0x00000019e9400000, 0x00000019e9600000|  0%| F|  |TAMS 0x00000019e9400000, 0x00000019e9400000| Untracked 
|3914|0x00000019e9600000, 0x00000019e9600000, 0x00000019e9800000|  0%| F|  |TAMS 0x00000019e9600000, 0x00000019e9600000| Untracked 
|3915|0x00000019e9800000, 0x00000019e9800000, 0x00000019e9a00000|  0%| F|  |TAMS 0x00000019e9800000, 0x00000019e9800000| Untracked 
|3916|0x00000019e9a00000, 0x00000019e9a00000, 0x00000019e9c00000|  0%| F|  |TAMS 0x00000019e9a00000, 0x00000019e9a00000| Untracked 
|3917|0x00000019e9c00000, 0x00000019e9c00000, 0x00000019e9e00000|  0%| F|  |TAMS 0x00000019e9c00000, 0x00000019e9c00000| Untracked 
|3918|0x00000019e9e00000, 0x00000019e9e00000, 0x00000019ea000000|  0%| F|  |TAMS 0x00000019e9e00000, 0x00000019e9e00000| Untracked 
|3919|0x00000019ea000000, 0x00000019ea000000, 0x00000019ea200000|  0%| F|  |TAMS 0x00000019ea000000, 0x00000019ea000000| Untracked 
|3920|0x00000019ea200000, 0x00000019ea200000, 0x00000019ea400000|  0%| F|  |TAMS 0x00000019ea200000, 0x00000019ea200000| Untracked 
|3921|0x00000019ea400000, 0x00000019ea400000, 0x00000019ea600000|  0%| F|  |TAMS 0x00000019ea400000, 0x00000019ea400000| Untracked 
|3922|0x00000019ea600000, 0x00000019ea600000, 0x00000019ea800000|  0%| F|  |TAMS 0x00000019ea600000, 0x00000019ea600000| Untracked 
|3923|0x00000019ea800000, 0x00000019ea800000, 0x00000019eaa00000|  0%| F|  |TAMS 0x00000019ea800000, 0x00000019ea800000| Untracked 
|3924|0x00000019eaa00000, 0x00000019eaa00000, 0x00000019eac00000|  0%| F|  |TAMS 0x00000019eaa00000, 0x00000019eaa00000| Untracked 
|3925|0x00000019eac00000, 0x00000019eac00000, 0x00000019eae00000|  0%| F|  |TAMS 0x00000019eac00000, 0x00000019eac00000| Untracked 
|3926|0x00000019eae00000, 0x00000019eae00000, 0x00000019eb000000|  0%| F|  |TAMS 0x00000019eae00000, 0x00000019eae00000| Untracked 
|3927|0x00000019eb000000, 0x00000019eb000000, 0x00000019eb200000|  0%| F|  |TAMS 0x00000019eb000000, 0x00000019eb000000| Untracked 
|3928|0x00000019eb200000, 0x00000019eb200000, 0x00000019eb400000|  0%| F|  |TAMS 0x00000019eb200000, 0x00000019eb200000| Untracked 
|3929|0x00000019eb400000, 0x00000019eb400000, 0x00000019eb600000|  0%| F|  |TAMS 0x00000019eb400000, 0x00000019eb400000| Untracked 
|3930|0x00000019eb600000, 0x00000019eb600000, 0x00000019eb800000|  0%| F|  |TAMS 0x00000019eb600000, 0x00000019eb600000| Untracked 
|3931|0x00000019eb800000, 0x00000019eb800000, 0x00000019eba00000|  0%| F|  |TAMS 0x00000019eb800000, 0x00000019eb800000| Untracked 
|3932|0x00000019eba00000, 0x00000019eba00000, 0x00000019ebc00000|  0%| F|  |TAMS 0x00000019eba00000, 0x00000019eba00000| Untracked 
|3933|0x00000019ebc00000, 0x00000019ebc00000, 0x00000019ebe00000|  0%| F|  |TAMS 0x00000019ebc00000, 0x00000019ebc00000| Untracked 
|3934|0x00000019ebe00000, 0x00000019ebe00000, 0x00000019ec000000|  0%| F|  |TAMS 0x00000019ebe00000, 0x00000019ebe00000| Untracked 
|3935|0x00000019ec000000, 0x00000019ec000000, 0x00000019ec200000|  0%| F|  |TAMS 0x00000019ec000000, 0x00000019ec000000| Untracked 
|3936|0x00000019ec200000, 0x00000019ec200000, 0x00000019ec400000|  0%| F|  |TAMS 0x00000019ec200000, 0x00000019ec200000| Untracked 
|3937|0x00000019ec400000, 0x00000019ec400000, 0x00000019ec600000|  0%| F|  |TAMS 0x00000019ec400000, 0x00000019ec400000| Untracked 
|3938|0x00000019ec600000, 0x00000019ec600000, 0x00000019ec800000|  0%| F|  |TAMS 0x00000019ec600000, 0x00000019ec600000| Untracked 
|3939|0x00000019ec800000, 0x00000019ec800000, 0x00000019eca00000|  0%| F|  |TAMS 0x00000019ec800000, 0x00000019ec800000| Untracked 
|3940|0x00000019eca00000, 0x00000019eca00000, 0x00000019ecc00000|  0%| F|  |TAMS 0x00000019eca00000, 0x00000019eca00000| Untracked 
|3941|0x00000019ecc00000, 0x00000019ecc00000, 0x00000019ece00000|  0%| F|  |TAMS 0x00000019ecc00000, 0x00000019ecc00000| Untracked 
|3942|0x00000019ece00000, 0x00000019ece00000, 0x00000019ed000000|  0%| F|  |TAMS 0x00000019ece00000, 0x00000019ece00000| Untracked 
|3943|0x00000019ed000000, 0x00000019ed000000, 0x00000019ed200000|  0%| F|  |TAMS 0x00000019ed000000, 0x00000019ed000000| Untracked 
|3944|0x00000019ed200000, 0x00000019ed200000, 0x00000019ed400000|  0%| F|  |TAMS 0x00000019ed200000, 0x00000019ed200000| Untracked 
|3945|0x00000019ed400000, 0x00000019ed400000, 0x00000019ed600000|  0%| F|  |TAMS 0x00000019ed400000, 0x00000019ed400000| Untracked 
|3946|0x00000019ed600000, 0x00000019ed600000, 0x00000019ed800000|  0%| F|  |TAMS 0x00000019ed600000, 0x00000019ed600000| Untracked 
|3947|0x00000019ed800000, 0x00000019ed800000, 0x00000019eda00000|  0%| F|  |TAMS 0x00000019ed800000, 0x00000019ed800000| Untracked 
|3948|0x00000019eda00000, 0x00000019eda00000, 0x00000019edc00000|  0%| F|  |TAMS 0x00000019eda00000, 0x00000019eda00000| Untracked 
|3949|0x00000019edc00000, 0x00000019edc00000, 0x00000019ede00000|  0%| F|  |TAMS 0x00000019edc00000, 0x00000019edc00000| Untracked 
|3950|0x00000019ede00000, 0x00000019ede00000, 0x00000019ee000000|  0%| F|  |TAMS 0x00000019ede00000, 0x00000019ede00000| Untracked 
|3951|0x00000019ee000000, 0x00000019ee000000, 0x00000019ee200000|  0%| F|  |TAMS 0x00000019ee000000, 0x00000019ee000000| Untracked 
|3952|0x00000019ee200000, 0x00000019ee200000, 0x00000019ee400000|  0%| F|  |TAMS 0x00000019ee200000, 0x00000019ee200000| Untracked 
|3953|0x00000019ee400000, 0x00000019ee400000, 0x00000019ee600000|  0%| F|  |TAMS 0x00000019ee400000, 0x00000019ee400000| Untracked 
|3954|0x00000019ee600000, 0x00000019ee600000, 0x00000019ee800000|  0%| F|  |TAMS 0x00000019ee600000, 0x00000019ee600000| Untracked 
|3955|0x00000019ee800000, 0x00000019ee800000, 0x00000019eea00000|  0%| F|  |TAMS 0x00000019ee800000, 0x00000019ee800000| Untracked 
|3956|0x00000019eea00000, 0x00000019eea00000, 0x00000019eec00000|  0%| F|  |TAMS 0x00000019eea00000, 0x00000019eea00000| Untracked 
|3957|0x00000019eec00000, 0x00000019eec00000, 0x00000019eee00000|  0%| F|  |TAMS 0x00000019eec00000, 0x00000019eec00000| Untracked 
|3958|0x00000019eee00000, 0x00000019eee00000, 0x00000019ef000000|  0%| F|  |TAMS 0x00000019eee00000, 0x00000019eee00000| Untracked 
|3959|0x00000019ef000000, 0x00000019ef000000, 0x00000019ef200000|  0%| F|  |TAMS 0x00000019ef000000, 0x00000019ef000000| Untracked 
|3960|0x00000019ef200000, 0x00000019ef200000, 0x00000019ef400000|  0%| F|  |TAMS 0x00000019ef200000, 0x00000019ef200000| Untracked 
|3961|0x00000019ef400000, 0x00000019ef400000, 0x00000019ef600000|  0%| F|  |TAMS 0x00000019ef400000, 0x00000019ef400000| Untracked 
|3962|0x00000019ef600000, 0x00000019ef600000, 0x00000019ef800000|  0%| F|  |TAMS 0x00000019ef600000, 0x00000019ef600000| Untracked 
|3963|0x00000019ef800000, 0x00000019ef800000, 0x00000019efa00000|  0%| F|  |TAMS 0x00000019ef800000, 0x00000019ef800000| Untracked 
|3964|0x00000019efa00000, 0x00000019efa00000, 0x00000019efc00000|  0%| F|  |TAMS 0x00000019efa00000, 0x00000019efa00000| Untracked 
|3965|0x00000019efc00000, 0x00000019efc00000, 0x00000019efe00000|  0%| F|  |TAMS 0x00000019efc00000, 0x00000019efc00000| Untracked 
|3966|0x00000019efe00000, 0x00000019efe00000, 0x00000019f0000000|  0%| F|  |TAMS 0x00000019efe00000, 0x00000019efe00000| Untracked 
|3967|0x00000019f0000000, 0x00000019f0000000, 0x00000019f0200000|  0%| F|  |TAMS 0x00000019f0000000, 0x00000019f0000000| Untracked 
|3968|0x00000019f0200000, 0x00000019f0200000, 0x00000019f0400000|  0%| F|  |TAMS 0x00000019f0200000, 0x00000019f0200000| Untracked 
|3969|0x00000019f0400000, 0x00000019f0400000, 0x00000019f0600000|  0%| F|  |TAMS 0x00000019f0400000, 0x00000019f0400000| Untracked 
|3970|0x00000019f0600000, 0x00000019f0600000, 0x00000019f0800000|  0%| F|  |TAMS 0x00000019f0600000, 0x00000019f0600000| Untracked 
|3971|0x00000019f0800000, 0x00000019f0800000, 0x00000019f0a00000|  0%| F|  |TAMS 0x00000019f0800000, 0x00000019f0800000| Untracked 
|3972|0x00000019f0a00000, 0x00000019f0a00000, 0x00000019f0c00000|  0%| F|  |TAMS 0x00000019f0a00000, 0x00000019f0a00000| Untracked 
|3973|0x00000019f0c00000, 0x00000019f0c00000, 0x00000019f0e00000|  0%| F|  |TAMS 0x00000019f0c00000, 0x00000019f0c00000| Untracked 
|3974|0x00000019f0e00000, 0x00000019f0e00000, 0x00000019f1000000|  0%| F|  |TAMS 0x00000019f0e00000, 0x00000019f0e00000| Untracked 
|3975|0x00000019f1000000, 0x00000019f1000000, 0x00000019f1200000|  0%| F|  |TAMS 0x00000019f1000000, 0x00000019f1000000| Untracked 
|3976|0x00000019f1200000, 0x00000019f1200000, 0x00000019f1400000|  0%| F|  |TAMS 0x00000019f1200000, 0x00000019f1200000| Untracked 
|3977|0x00000019f1400000, 0x00000019f1400000, 0x00000019f1600000|  0%| F|  |TAMS 0x00000019f1400000, 0x00000019f1400000| Untracked 
|3978|0x00000019f1600000, 0x00000019f1600000, 0x00000019f1800000|  0%| F|  |TAMS 0x00000019f1600000, 0x00000019f1600000| Untracked 
|3979|0x00000019f1800000, 0x00000019f1800000, 0x00000019f1a00000|  0%| F|  |TAMS 0x00000019f1800000, 0x00000019f1800000| Untracked 
|3980|0x00000019f1a00000, 0x00000019f1a00000, 0x00000019f1c00000|  0%| F|  |TAMS 0x00000019f1a00000, 0x00000019f1a00000| Untracked 
|3981|0x00000019f1c00000, 0x00000019f1c00000, 0x00000019f1e00000|  0%| F|  |TAMS 0x00000019f1c00000, 0x00000019f1c00000| Untracked 
|3982|0x00000019f1e00000, 0x00000019f1e00000, 0x00000019f2000000|  0%| F|  |TAMS 0x00000019f1e00000, 0x00000019f1e00000| Untracked 
|3983|0x00000019f2000000, 0x00000019f2000000, 0x00000019f2200000|  0%| F|  |TAMS 0x00000019f2000000, 0x00000019f2000000| Untracked 
|3984|0x00000019f2200000, 0x00000019f2200000, 0x00000019f2400000|  0%| F|  |TAMS 0x00000019f2200000, 0x00000019f2200000| Untracked 
|3985|0x00000019f2400000, 0x00000019f2400000, 0x00000019f2600000|  0%| F|  |TAMS 0x00000019f2400000, 0x00000019f2400000| Untracked 
|3986|0x00000019f2600000, 0x00000019f2600000, 0x00000019f2800000|  0%| F|  |TAMS 0x00000019f2600000, 0x00000019f2600000| Untracked 
|3987|0x00000019f2800000, 0x00000019f2800000, 0x00000019f2a00000|  0%| F|  |TAMS 0x00000019f2800000, 0x00000019f2800000| Untracked 
|3988|0x00000019f2a00000, 0x00000019f2a00000, 0x00000019f2c00000|  0%| F|  |TAMS 0x00000019f2a00000, 0x00000019f2a00000| Untracked 
|3989|0x00000019f2c00000, 0x00000019f2c00000, 0x00000019f2e00000|  0%| F|  |TAMS 0x00000019f2c00000, 0x00000019f2c00000| Untracked 
|3990|0x00000019f2e00000, 0x00000019f2e00000, 0x00000019f3000000|  0%| F|  |TAMS 0x00000019f2e00000, 0x00000019f2e00000| Untracked 
|3991|0x00000019f3000000, 0x00000019f3000000, 0x00000019f3200000|  0%| F|  |TAMS 0x00000019f3000000, 0x00000019f3000000| Untracked 
|3992|0x00000019f3200000, 0x00000019f3200000, 0x00000019f3400000|  0%| F|  |TAMS 0x00000019f3200000, 0x00000019f3200000| Untracked 
|3993|0x00000019f3400000, 0x00000019f3400000, 0x00000019f3600000|  0%| F|  |TAMS 0x00000019f3400000, 0x00000019f3400000| Untracked 
|3994|0x00000019f3600000, 0x00000019f3600000, 0x00000019f3800000|  0%| F|  |TAMS 0x00000019f3600000, 0x00000019f3600000| Untracked 
|3995|0x00000019f3800000, 0x00000019f3800000, 0x00000019f3a00000|  0%| F|  |TAMS 0x00000019f3800000, 0x00000019f3800000| Untracked 
|3996|0x00000019f3a00000, 0x00000019f3a00000, 0x00000019f3c00000|  0%| F|  |TAMS 0x00000019f3a00000, 0x00000019f3a00000| Untracked 
|3997|0x00000019f3c00000, 0x00000019f3c00000, 0x00000019f3e00000|  0%| F|  |TAMS 0x00000019f3c00000, 0x00000019f3c00000| Untracked 
|3998|0x00000019f3e00000, 0x00000019f3e00000, 0x00000019f4000000|  0%| F|  |TAMS 0x00000019f3e00000, 0x00000019f3e00000| Untracked 
|3999|0x00000019f4000000, 0x00000019f4000000, 0x00000019f4200000|  0%| F|  |TAMS 0x00000019f4000000, 0x00000019f4000000| Untracked 
|4000|0x00000019f4200000, 0x00000019f4200000, 0x00000019f4400000|  0%| F|  |TAMS 0x00000019f4200000, 0x00000019f4200000| Untracked 
|4001|0x00000019f4400000, 0x00000019f4400000, 0x00000019f4600000|  0%| F|  |TAMS 0x00000019f4400000, 0x00000019f4400000| Untracked 
|4002|0x00000019f4600000, 0x00000019f4600000, 0x00000019f4800000|  0%| F|  |TAMS 0x00000019f4600000, 0x00000019f4600000| Untracked 
|4003|0x00000019f4800000, 0x00000019f4800000, 0x00000019f4a00000|  0%| F|  |TAMS 0x00000019f4800000, 0x00000019f4800000| Untracked 
|4004|0x00000019f4a00000, 0x00000019f4a00000, 0x00000019f4c00000|  0%| F|  |TAMS 0x00000019f4a00000, 0x00000019f4a00000| Untracked 
|4005|0x00000019f4c00000, 0x00000019f4c00000, 0x00000019f4e00000|  0%| F|  |TAMS 0x00000019f4c00000, 0x00000019f4c00000| Untracked 
|4006|0x00000019f4e00000, 0x00000019f4e00000, 0x00000019f5000000|  0%| F|  |TAMS 0x00000019f4e00000, 0x00000019f4e00000| Untracked 
|4007|0x00000019f5000000, 0x00000019f5000000, 0x00000019f5200000|  0%| F|  |TAMS 0x00000019f5000000, 0x00000019f5000000| Untracked 
|4008|0x00000019f5200000, 0x00000019f5200000, 0x00000019f5400000|  0%| F|  |TAMS 0x00000019f5200000, 0x00000019f5200000| Untracked 
|4009|0x00000019f5400000, 0x00000019f5400000, 0x00000019f5600000|  0%| F|  |TAMS 0x00000019f5400000, 0x00000019f5400000| Untracked 
|4010|0x00000019f5600000, 0x00000019f5600000, 0x00000019f5800000|  0%| F|  |TAMS 0x00000019f5600000, 0x00000019f5600000| Untracked 
|4011|0x00000019f5800000, 0x00000019f5800000, 0x00000019f5a00000|  0%| F|  |TAMS 0x00000019f5800000, 0x00000019f5800000| Untracked 
|4012|0x00000019f5a00000, 0x00000019f5a00000, 0x00000019f5c00000|  0%| F|  |TAMS 0x00000019f5a00000, 0x00000019f5a00000| Untracked 
|4013|0x00000019f5c00000, 0x00000019f5c00000, 0x00000019f5e00000|  0%| F|  |TAMS 0x00000019f5c00000, 0x00000019f5c00000| Untracked 
|4014|0x00000019f5e00000, 0x00000019f5e00000, 0x00000019f6000000|  0%| F|  |TAMS 0x00000019f5e00000, 0x00000019f5e00000| Untracked 
|4015|0x00000019f6000000, 0x00000019f6000000, 0x00000019f6200000|  0%| F|  |TAMS 0x00000019f6000000, 0x00000019f6000000| Untracked 
|4016|0x00000019f6200000, 0x00000019f6200000, 0x00000019f6400000|  0%| F|  |TAMS 0x00000019f6200000, 0x00000019f6200000| Untracked 
|4017|0x00000019f6400000, 0x00000019f6400000, 0x00000019f6600000|  0%| F|  |TAMS 0x00000019f6400000, 0x00000019f6400000| Untracked 
|4018|0x00000019f6600000, 0x00000019f6600000, 0x00000019f6800000|  0%| F|  |TAMS 0x00000019f6600000, 0x00000019f6600000| Untracked 
|4019|0x00000019f6800000, 0x00000019f6800000, 0x00000019f6a00000|  0%| F|  |TAMS 0x00000019f6800000, 0x00000019f6800000| Untracked 
|4020|0x00000019f6a00000, 0x00000019f6a00000, 0x00000019f6c00000|  0%| F|  |TAMS 0x00000019f6a00000, 0x00000019f6a00000| Untracked 
|4021|0x00000019f6c00000, 0x00000019f6c00000, 0x00000019f6e00000|  0%| F|  |TAMS 0x00000019f6c00000, 0x00000019f6c00000| Untracked 
|4022|0x00000019f6e00000, 0x00000019f6e00000, 0x00000019f7000000|  0%| F|  |TAMS 0x00000019f6e00000, 0x00000019f6e00000| Untracked 
|4023|0x00000019f7000000, 0x00000019f7000000, 0x00000019f7200000|  0%| F|  |TAMS 0x00000019f7000000, 0x00000019f7000000| Untracked 
|4024|0x00000019f7200000, 0x00000019f7200000, 0x00000019f7400000|  0%| F|  |TAMS 0x00000019f7200000, 0x00000019f7200000| Untracked 
|4025|0x00000019f7400000, 0x00000019f7400000, 0x00000019f7600000|  0%| F|  |TAMS 0x00000019f7400000, 0x00000019f7400000| Untracked 
|4026|0x00000019f7600000, 0x00000019f7600000, 0x00000019f7800000|  0%| F|  |TAMS 0x00000019f7600000, 0x00000019f7600000| Untracked 
|4027|0x00000019f7800000, 0x00000019f7800000, 0x00000019f7a00000|  0%| F|  |TAMS 0x00000019f7800000, 0x00000019f7800000| Untracked 
|4028|0x00000019f7a00000, 0x00000019f7a00000, 0x00000019f7c00000|  0%| F|  |TAMS 0x00000019f7a00000, 0x00000019f7a00000| Untracked 
|4029|0x00000019f7c00000, 0x00000019f7c00000, 0x00000019f7e00000|  0%| F|  |TAMS 0x00000019f7c00000, 0x00000019f7c00000| Untracked 
|4030|0x00000019f7e00000, 0x00000019f7e00000, 0x00000019f8000000|  0%| F|  |TAMS 0x00000019f7e00000, 0x00000019f7e00000| Untracked 
|4031|0x00000019f8000000, 0x00000019f8000000, 0x00000019f8200000|  0%| F|  |TAMS 0x00000019f8000000, 0x00000019f8000000| Untracked 
|4032|0x00000019f8200000, 0x00000019f8200000, 0x00000019f8400000|  0%| F|  |TAMS 0x00000019f8200000, 0x00000019f8200000| Untracked 
|4033|0x00000019f8400000, 0x00000019f8400000, 0x00000019f8600000|  0%| F|  |TAMS 0x00000019f8400000, 0x00000019f8400000| Untracked 
|4034|0x00000019f8600000, 0x00000019f8600000, 0x00000019f8800000|  0%| F|  |TAMS 0x00000019f8600000, 0x00000019f8600000| Untracked 
|4035|0x00000019f8800000, 0x00000019f8800000, 0x00000019f8a00000|  0%| F|  |TAMS 0x00000019f8800000, 0x00000019f8800000| Untracked 
|4036|0x00000019f8a00000, 0x00000019f8a00000, 0x00000019f8c00000|  0%| F|  |TAMS 0x00000019f8a00000, 0x00000019f8a00000| Untracked 
|4037|0x00000019f8c00000, 0x00000019f8c00000, 0x00000019f8e00000|  0%| F|  |TAMS 0x00000019f8c00000, 0x00000019f8c00000| Untracked 
|4038|0x00000019f8e00000, 0x00000019f8e00000, 0x00000019f9000000|  0%| F|  |TAMS 0x00000019f8e00000, 0x00000019f8e00000| Untracked 
|4039|0x00000019f9000000, 0x00000019f9000000, 0x00000019f9200000|  0%| F|  |TAMS 0x00000019f9000000, 0x00000019f9000000| Untracked 
|4040|0x00000019f9200000, 0x00000019f9200000, 0x00000019f9400000|  0%| F|  |TAMS 0x00000019f9200000, 0x00000019f9200000| Untracked 
|4041|0x00000019f9400000, 0x00000019f9400000, 0x00000019f9600000|  0%| F|  |TAMS 0x00000019f9400000, 0x00000019f9400000| Untracked 
|4042|0x00000019f9600000, 0x00000019f9600000, 0x00000019f9800000|  0%| F|  |TAMS 0x00000019f9600000, 0x00000019f9600000| Untracked 
|4043|0x00000019f9800000, 0x00000019f9800000, 0x00000019f9a00000|  0%| F|  |TAMS 0x00000019f9800000, 0x00000019f9800000| Untracked 
|4044|0x00000019f9a00000, 0x00000019f9a00000, 0x00000019f9c00000|  0%| F|  |TAMS 0x00000019f9a00000, 0x00000019f9a00000| Untracked 
|4045|0x00000019f9c00000, 0x00000019f9c00000, 0x00000019f9e00000|  0%| F|  |TAMS 0x00000019f9c00000, 0x00000019f9c00000| Untracked 
|4046|0x00000019f9e00000, 0x00000019f9e00000, 0x00000019fa000000|  0%| F|  |TAMS 0x00000019f9e00000, 0x00000019f9e00000| Untracked 
|4047|0x00000019fa000000, 0x00000019fa000000, 0x00000019fa200000|  0%| F|  |TAMS 0x00000019fa000000, 0x00000019fa000000| Untracked 
|4048|0x00000019fa200000, 0x00000019fa200000, 0x00000019fa400000|  0%| F|  |TAMS 0x00000019fa200000, 0x00000019fa200000| Untracked 
|4049|0x00000019fa400000, 0x00000019fa400000, 0x00000019fa600000|  0%| F|  |TAMS 0x00000019fa400000, 0x00000019fa400000| Untracked 
|4050|0x00000019fa600000, 0x00000019fa600000, 0x00000019fa800000|  0%| F|  |TAMS 0x00000019fa600000, 0x00000019fa600000| Untracked 
|4051|0x00000019fa800000, 0x00000019fa800000, 0x00000019faa00000|  0%| F|  |TAMS 0x00000019fa800000, 0x00000019fa800000| Untracked 
|4052|0x00000019faa00000, 0x00000019faa00000, 0x00000019fac00000|  0%| F|  |TAMS 0x00000019faa00000, 0x00000019faa00000| Untracked 
|4053|0x00000019fac00000, 0x00000019fac00000, 0x00000019fae00000|  0%| F|  |TAMS 0x00000019fac00000, 0x00000019fac00000| Untracked 
|4054|0x00000019fae00000, 0x00000019fae00000, 0x00000019fb000000|  0%| F|  |TAMS 0x00000019fae00000, 0x00000019fae00000| Untracked 
|4055|0x00000019fb000000, 0x00000019fb000000, 0x00000019fb200000|  0%| F|  |TAMS 0x00000019fb000000, 0x00000019fb000000| Untracked 
|4056|0x00000019fb200000, 0x00000019fb200000, 0x00000019fb400000|  0%| F|  |TAMS 0x00000019fb200000, 0x00000019fb200000| Untracked 
|4057|0x00000019fb400000, 0x00000019fb400000, 0x00000019fb600000|  0%| F|  |TAMS 0x00000019fb400000, 0x00000019fb400000| Untracked 
|4058|0x00000019fb600000, 0x00000019fb600000, 0x00000019fb800000|  0%| F|  |TAMS 0x00000019fb600000, 0x00000019fb600000| Untracked 
|4059|0x00000019fb800000, 0x00000019fb800000, 0x00000019fba00000|  0%| F|  |TAMS 0x00000019fb800000, 0x00000019fb800000| Untracked 
|4060|0x00000019fba00000, 0x00000019fba00000, 0x00000019fbc00000|  0%| F|  |TAMS 0x00000019fba00000, 0x00000019fba00000| Untracked 
|4061|0x00000019fbc00000, 0x00000019fbc00000, 0x00000019fbe00000|  0%| F|  |TAMS 0x00000019fbc00000, 0x00000019fbc00000| Untracked 
|4062|0x00000019fbe00000, 0x00000019fbe00000, 0x00000019fc000000|  0%| F|  |TAMS 0x00000019fbe00000, 0x00000019fbe00000| Untracked 
|4063|0x00000019fc000000, 0x00000019fc000000, 0x00000019fc200000|  0%| F|  |TAMS 0x00000019fc000000, 0x00000019fc000000| Untracked 
|4064|0x00000019fc200000, 0x00000019fc200000, 0x00000019fc400000|  0%| F|  |TAMS 0x00000019fc200000, 0x00000019fc200000| Untracked 
|4065|0x00000019fc400000, 0x00000019fc400000, 0x00000019fc600000|  0%| F|  |TAMS 0x00000019fc400000, 0x00000019fc400000| Untracked 
|4066|0x00000019fc600000, 0x00000019fc600000, 0x00000019fc800000|  0%| F|  |TAMS 0x00000019fc600000, 0x00000019fc600000| Untracked 
|4067|0x00000019fc800000, 0x00000019fc800000, 0x00000019fca00000|  0%| F|  |TAMS 0x00000019fc800000, 0x00000019fc800000| Untracked 
|4068|0x00000019fca00000, 0x00000019fca00000, 0x00000019fcc00000|  0%| F|  |TAMS 0x00000019fca00000, 0x00000019fca00000| Untracked 
|4069|0x00000019fcc00000, 0x00000019fcc00000, 0x00000019fce00000|  0%| F|  |TAMS 0x00000019fcc00000, 0x00000019fcc00000| Untracked 
|4070|0x00000019fce00000, 0x00000019fce00000, 0x00000019fd000000|  0%| F|  |TAMS 0x00000019fce00000, 0x00000019fce00000| Untracked 
|4071|0x00000019fd000000, 0x00000019fd000000, 0x00000019fd200000|  0%| F|  |TAMS 0x00000019fd000000, 0x00000019fd000000| Untracked 
|4072|0x00000019fd200000, 0x00000019fd200000, 0x00000019fd400000|  0%| F|  |TAMS 0x00000019fd200000, 0x00000019fd200000| Untracked 
|4073|0x00000019fd400000, 0x00000019fd400000, 0x00000019fd600000|  0%| F|  |TAMS 0x00000019fd400000, 0x00000019fd400000| Untracked 
|4074|0x00000019fd600000, 0x00000019fd600000, 0x00000019fd800000|  0%| F|  |TAMS 0x00000019fd600000, 0x00000019fd600000| Untracked 
|4075|0x00000019fd800000, 0x00000019fd800000, 0x00000019fda00000|  0%| F|  |TAMS 0x00000019fd800000, 0x00000019fd800000| Untracked 
|4076|0x00000019fda00000, 0x00000019fda00000, 0x00000019fdc00000|  0%| F|  |TAMS 0x00000019fda00000, 0x00000019fda00000| Untracked 
|4077|0x00000019fdc00000, 0x00000019fdc00000, 0x00000019fde00000|  0%| F|  |TAMS 0x00000019fdc00000, 0x00000019fdc00000| Untracked 
|4078|0x00000019fde00000, 0x00000019fde00000, 0x00000019fe000000|  0%| F|  |TAMS 0x00000019fde00000, 0x00000019fde00000| Untracked 
|4079|0x00000019fe000000, 0x00000019fe000000, 0x00000019fe200000|  0%| F|  |TAMS 0x00000019fe000000, 0x00000019fe000000| Untracked 
|4080|0x00000019fe200000, 0x00000019fe200000, 0x00000019fe400000|  0%| F|  |TAMS 0x00000019fe200000, 0x00000019fe200000| Untracked 
|4081|0x00000019fe400000, 0x00000019fe400000, 0x00000019fe600000|  0%| F|  |TAMS 0x00000019fe400000, 0x00000019fe400000| Untracked 
|4082|0x00000019fe600000, 0x00000019fe600000, 0x00000019fe800000|  0%| F|  |TAMS 0x00000019fe600000, 0x00000019fe600000| Untracked 
|4083|0x00000019fe800000, 0x00000019fe800000, 0x00000019fea00000|  0%| F|  |TAMS 0x00000019fe800000, 0x00000019fe800000| Untracked 
|4084|0x00000019fea00000, 0x00000019fea00000, 0x00000019fec00000|  0%| F|  |TAMS 0x00000019fea00000, 0x00000019fea00000| Untracked 
|4085|0x00000019fec00000, 0x00000019fec00000, 0x00000019fee00000|  0%| F|  |TAMS 0x00000019fec00000, 0x00000019fec00000| Untracked 
|4086|0x00000019fee00000, 0x00000019fee00000, 0x00000019ff000000|  0%| F|  |TAMS 0x00000019fee00000, 0x00000019fee00000| Untracked 
|4087|0x00000019ff000000, 0x00000019ff000000, 0x00000019ff200000|  0%| F|  |TAMS 0x00000019ff000000, 0x00000019ff000000| Untracked 
|4088|0x00000019ff200000, 0x00000019ff200000, 0x00000019ff400000|  0%| F|  |TAMS 0x00000019ff200000, 0x00000019ff200000| Untracked 
|4089|0x00000019ff400000, 0x00000019ff400000, 0x00000019ff600000|  0%| F|  |TAMS 0x00000019ff400000, 0x00000019ff400000| Untracked 
|4090|0x00000019ff600000, 0x00000019ff600000, 0x00000019ff800000|  0%| F|  |TAMS 0x00000019ff600000, 0x00000019ff600000| Untracked 
|4091|0x00000019ff800000, 0x00000019ff800000, 0x00000019ffa00000|  0%| F|  |TAMS 0x00000019ff800000, 0x00000019ff800000| Untracked 
|4092|0x00000019ffa00000, 0x00000019ffa00000, 0x00000019ffc00000|  0%| F|  |TAMS 0x00000019ffa00000, 0x00000019ffa00000| Untracked 
|4093|0x00000019ffc00000, 0x00000019ffc00000, 0x00000019ffe00000|  0%| F|  |TAMS 0x00000019ffc00000, 0x00000019ffc00000| Untracked 
|4094|0x00000019ffe00000, 0x00000019ffe00000, 0x0000001a00000000|  0%| F|  |TAMS 0x00000019ffe00000, 0x00000019ffe00000| Untracked 
|4095|0x0000001a00000000, 0x0000001a00000000, 0x0000001a00200000|  0%| F|  |TAMS 0x0000001a00000000, 0x0000001a00000000| Untracked 
|4096|0x0000001a00200000, 0x0000001a00200000, 0x0000001a00400000|  0%| F|  |TAMS 0x0000001a00200000, 0x0000001a00200000| Untracked 
|4097|0x0000001a00400000, 0x0000001a00400000, 0x0000001a00600000|  0%| F|  |TAMS 0x0000001a00400000, 0x0000001a00400000| Untracked 
|4098|0x0000001a00600000, 0x0000001a00600000, 0x0000001a00800000|  0%| F|  |TAMS 0x0000001a00600000, 0x0000001a00600000| Untracked 
|4099|0x0000001a00800000, 0x0000001a00800000, 0x0000001a00a00000|  0%| F|  |TAMS 0x0000001a00800000, 0x0000001a00800000| Untracked 
|4100|0x0000001a00a00000, 0x0000001a00a00000, 0x0000001a00c00000|  0%| F|  |TAMS 0x0000001a00a00000, 0x0000001a00a00000| Untracked 
|4101|0x0000001a00c00000, 0x0000001a00c00000, 0x0000001a00e00000|  0%| F|  |TAMS 0x0000001a00c00000, 0x0000001a00c00000| Untracked 
|4102|0x0000001a00e00000, 0x0000001a00e00000, 0x0000001a01000000|  0%| F|  |TAMS 0x0000001a00e00000, 0x0000001a00e00000| Untracked 
|4103|0x0000001a01000000, 0x0000001a01000000, 0x0000001a01200000|  0%| F|  |TAMS 0x0000001a01000000, 0x0000001a01000000| Untracked 
|4104|0x0000001a01200000, 0x0000001a01200000, 0x0000001a01400000|  0%| F|  |TAMS 0x0000001a01200000, 0x0000001a01200000| Untracked 
|4105|0x0000001a01400000, 0x0000001a01400000, 0x0000001a01600000|  0%| F|  |TAMS 0x0000001a01400000, 0x0000001a01400000| Untracked 
|4106|0x0000001a01600000, 0x0000001a01600000, 0x0000001a01800000|  0%| F|  |TAMS 0x0000001a01600000, 0x0000001a01600000| Untracked 
|4107|0x0000001a01800000, 0x0000001a01800000, 0x0000001a01a00000|  0%| F|  |TAMS 0x0000001a01800000, 0x0000001a01800000| Untracked 
|4108|0x0000001a01a00000, 0x0000001a01a00000, 0x0000001a01c00000|  0%| F|  |TAMS 0x0000001a01a00000, 0x0000001a01a00000| Untracked 
|4109|0x0000001a01c00000, 0x0000001a01c00000, 0x0000001a01e00000|  0%| F|  |TAMS 0x0000001a01c00000, 0x0000001a01c00000| Untracked 
|4110|0x0000001a01e00000, 0x0000001a01e00000, 0x0000001a02000000|  0%| F|  |TAMS 0x0000001a01e00000, 0x0000001a01e00000| Untracked 
|4111|0x0000001a02000000, 0x0000001a02000000, 0x0000001a02200000|  0%| F|  |TAMS 0x0000001a02000000, 0x0000001a02000000| Untracked 
|4112|0x0000001a02200000, 0x0000001a02200000, 0x0000001a02400000|  0%| F|  |TAMS 0x0000001a02200000, 0x0000001a02200000| Untracked 
|4113|0x0000001a02400000, 0x0000001a02400000, 0x0000001a02600000|  0%| F|  |TAMS 0x0000001a02400000, 0x0000001a02400000| Untracked 
|4114|0x0000001a02600000, 0x0000001a02600000, 0x0000001a02800000|  0%| F|  |TAMS 0x0000001a02600000, 0x0000001a02600000| Untracked 
|4115|0x0000001a02800000, 0x0000001a02800000, 0x0000001a02a00000|  0%| F|  |TAMS 0x0000001a02800000, 0x0000001a02800000| Untracked 
|4116|0x0000001a02a00000, 0x0000001a02a00000, 0x0000001a02c00000|  0%| F|  |TAMS 0x0000001a02a00000, 0x0000001a02a00000| Untracked 
|4117|0x0000001a02c00000, 0x0000001a02c00000, 0x0000001a02e00000|  0%| F|  |TAMS 0x0000001a02c00000, 0x0000001a02c00000| Untracked 
|4118|0x0000001a02e00000, 0x0000001a02e00000, 0x0000001a03000000|  0%| F|  |TAMS 0x0000001a02e00000, 0x0000001a02e00000| Untracked 
|4119|0x0000001a03000000, 0x0000001a03000000, 0x0000001a03200000|  0%| F|  |TAMS 0x0000001a03000000, 0x0000001a03000000| Untracked 
|4120|0x0000001a03200000, 0x0000001a03200000, 0x0000001a03400000|  0%| F|  |TAMS 0x0000001a03200000, 0x0000001a03200000| Untracked 
|4121|0x0000001a03400000, 0x0000001a03400000, 0x0000001a03600000|  0%| F|  |TAMS 0x0000001a03400000, 0x0000001a03400000| Untracked 
|4122|0x0000001a03600000, 0x0000001a03600000, 0x0000001a03800000|  0%| F|  |TAMS 0x0000001a03600000, 0x0000001a03600000| Untracked 
|4123|0x0000001a03800000, 0x0000001a03800000, 0x0000001a03a00000|  0%| F|  |TAMS 0x0000001a03800000, 0x0000001a03800000| Untracked 
|4124|0x0000001a03a00000, 0x0000001a03a00000, 0x0000001a03c00000|  0%| F|  |TAMS 0x0000001a03a00000, 0x0000001a03a00000| Untracked 
|4125|0x0000001a03c00000, 0x0000001a03c00000, 0x0000001a03e00000|  0%| F|  |TAMS 0x0000001a03c00000, 0x0000001a03c00000| Untracked 
|4126|0x0000001a03e00000, 0x0000001a03e00000, 0x0000001a04000000|  0%| F|  |TAMS 0x0000001a03e00000, 0x0000001a03e00000| Untracked 
|4127|0x0000001a04000000, 0x0000001a04000000, 0x0000001a04200000|  0%| F|  |TAMS 0x0000001a04000000, 0x0000001a04000000| Untracked 
|4128|0x0000001a04200000, 0x0000001a04200000, 0x0000001a04400000|  0%| F|  |TAMS 0x0000001a04200000, 0x0000001a04200000| Untracked 
|4129|0x0000001a04400000, 0x0000001a04400000, 0x0000001a04600000|  0%| F|  |TAMS 0x0000001a04400000, 0x0000001a04400000| Untracked 
|4130|0x0000001a04600000, 0x0000001a04600000, 0x0000001a04800000|  0%| F|  |TAMS 0x0000001a04600000, 0x0000001a04600000| Untracked 
|4131|0x0000001a04800000, 0x0000001a04800000, 0x0000001a04a00000|  0%| F|  |TAMS 0x0000001a04800000, 0x0000001a04800000| Untracked 
|4132|0x0000001a04a00000, 0x0000001a04a00000, 0x0000001a04c00000|  0%| F|  |TAMS 0x0000001a04a00000, 0x0000001a04a00000| Untracked 
|4133|0x0000001a04c00000, 0x0000001a04c00000, 0x0000001a04e00000|  0%| F|  |TAMS 0x0000001a04c00000, 0x0000001a04c00000| Untracked 
|4134|0x0000001a04e00000, 0x0000001a04e00000, 0x0000001a05000000|  0%| F|  |TAMS 0x0000001a04e00000, 0x0000001a04e00000| Untracked 
|4135|0x0000001a05000000, 0x0000001a05000000, 0x0000001a05200000|  0%| F|  |TAMS 0x0000001a05000000, 0x0000001a05000000| Untracked 
|4136|0x0000001a05200000, 0x0000001a05200000, 0x0000001a05400000|  0%| F|  |TAMS 0x0000001a05200000, 0x0000001a05200000| Untracked 
|4137|0x0000001a05400000, 0x0000001a05400000, 0x0000001a05600000|  0%| F|  |TAMS 0x0000001a05400000, 0x0000001a05400000| Untracked 
|4138|0x0000001a05600000, 0x0000001a05600000, 0x0000001a05800000|  0%| F|  |TAMS 0x0000001a05600000, 0x0000001a05600000| Untracked 
|4139|0x0000001a05800000, 0x0000001a05800000, 0x0000001a05a00000|  0%| F|  |TAMS 0x0000001a05800000, 0x0000001a05800000| Untracked 
|4140|0x0000001a05a00000, 0x0000001a05a00000, 0x0000001a05c00000|  0%| F|  |TAMS 0x0000001a05a00000, 0x0000001a05a00000| Untracked 
|4141|0x0000001a05c00000, 0x0000001a05c00000, 0x0000001a05e00000|  0%| F|  |TAMS 0x0000001a05c00000, 0x0000001a05c00000| Untracked 
|4142|0x0000001a05e00000, 0x0000001a05e00000, 0x0000001a06000000|  0%| F|  |TAMS 0x0000001a05e00000, 0x0000001a05e00000| Untracked 
|4143|0x0000001a06000000, 0x0000001a06000000, 0x0000001a06200000|  0%| F|  |TAMS 0x0000001a06000000, 0x0000001a06000000| Untracked 
|4144|0x0000001a06200000, 0x0000001a06200000, 0x0000001a06400000|  0%| F|  |TAMS 0x0000001a06200000, 0x0000001a06200000| Untracked 
|4145|0x0000001a06400000, 0x0000001a06400000, 0x0000001a06600000|  0%| F|  |TAMS 0x0000001a06400000, 0x0000001a06400000| Untracked 
|4146|0x0000001a06600000, 0x0000001a06600000, 0x0000001a06800000|  0%| F|  |TAMS 0x0000001a06600000, 0x0000001a06600000| Untracked 
|4147|0x0000001a06800000, 0x0000001a06800000, 0x0000001a06a00000|  0%| F|  |TAMS 0x0000001a06800000, 0x0000001a06800000| Untracked 
|4148|0x0000001a06a00000, 0x0000001a06a00000, 0x0000001a06c00000|  0%| F|  |TAMS 0x0000001a06a00000, 0x0000001a06a00000| Untracked 
|4149|0x0000001a06c00000, 0x0000001a06c00000, 0x0000001a06e00000|  0%| F|  |TAMS 0x0000001a06c00000, 0x0000001a06c00000| Untracked 
|4150|0x0000001a06e00000, 0x0000001a06e00000, 0x0000001a07000000|  0%| F|  |TAMS 0x0000001a06e00000, 0x0000001a06e00000| Untracked 
|4151|0x0000001a07000000, 0x0000001a07000000, 0x0000001a07200000|  0%| F|  |TAMS 0x0000001a07000000, 0x0000001a07000000| Untracked 
|4152|0x0000001a07200000, 0x0000001a07200000, 0x0000001a07400000|  0%| F|  |TAMS 0x0000001a07200000, 0x0000001a07200000| Untracked 
|4153|0x0000001a07400000, 0x0000001a07400000, 0x0000001a07600000|  0%| F|  |TAMS 0x0000001a07400000, 0x0000001a07400000| Untracked 
|4154|0x0000001a07600000, 0x0000001a07600000, 0x0000001a07800000|  0%| F|  |TAMS 0x0000001a07600000, 0x0000001a07600000| Untracked 
|4155|0x0000001a07800000, 0x0000001a07800000, 0x0000001a07a00000|  0%| F|  |TAMS 0x0000001a07800000, 0x0000001a07800000| Untracked 
|4156|0x0000001a07a00000, 0x0000001a07a00000, 0x0000001a07c00000|  0%| F|  |TAMS 0x0000001a07a00000, 0x0000001a07a00000| Untracked 
|4157|0x0000001a07c00000, 0x0000001a07c00000, 0x0000001a07e00000|  0%| F|  |TAMS 0x0000001a07c00000, 0x0000001a07c00000| Untracked 
|4158|0x0000001a07e00000, 0x0000001a07e00000, 0x0000001a08000000|  0%| F|  |TAMS 0x0000001a07e00000, 0x0000001a07e00000| Untracked 
|4159|0x0000001a08000000, 0x0000001a08000000, 0x0000001a08200000|  0%| F|  |TAMS 0x0000001a08000000, 0x0000001a08000000| Untracked 
|4160|0x0000001a08200000, 0x0000001a08200000, 0x0000001a08400000|  0%| F|  |TAMS 0x0000001a08200000, 0x0000001a08200000| Untracked 
|4161|0x0000001a08400000, 0x0000001a08400000, 0x0000001a08600000|  0%| F|  |TAMS 0x0000001a08400000, 0x0000001a08400000| Untracked 
|4162|0x0000001a08600000, 0x0000001a08600000, 0x0000001a08800000|  0%| F|  |TAMS 0x0000001a08600000, 0x0000001a08600000| Untracked 
|4163|0x0000001a08800000, 0x0000001a08800000, 0x0000001a08a00000|  0%| F|  |TAMS 0x0000001a08800000, 0x0000001a08800000| Untracked 
|4164|0x0000001a08a00000, 0x0000001a08a00000, 0x0000001a08c00000|  0%| F|  |TAMS 0x0000001a08a00000, 0x0000001a08a00000| Untracked 
|4165|0x0000001a08c00000, 0x0000001a08c00000, 0x0000001a08e00000|  0%| F|  |TAMS 0x0000001a08c00000, 0x0000001a08c00000| Untracked 
|4166|0x0000001a08e00000, 0x0000001a08e00000, 0x0000001a09000000|  0%| F|  |TAMS 0x0000001a08e00000, 0x0000001a08e00000| Untracked 
|4167|0x0000001a09000000, 0x0000001a09000000, 0x0000001a09200000|  0%| F|  |TAMS 0x0000001a09000000, 0x0000001a09000000| Untracked 
|4168|0x0000001a09200000, 0x0000001a09200000, 0x0000001a09400000|  0%| F|  |TAMS 0x0000001a09200000, 0x0000001a09200000| Untracked 
|4169|0x0000001a09400000, 0x0000001a09400000, 0x0000001a09600000|  0%| F|  |TAMS 0x0000001a09400000, 0x0000001a09400000| Untracked 
|4170|0x0000001a09600000, 0x0000001a09600000, 0x0000001a09800000|  0%| F|  |TAMS 0x0000001a09600000, 0x0000001a09600000| Untracked 
|4171|0x0000001a09800000, 0x0000001a09800000, 0x0000001a09a00000|  0%| F|  |TAMS 0x0000001a09800000, 0x0000001a09800000| Untracked 
|4172|0x0000001a09a00000, 0x0000001a09a00000, 0x0000001a09c00000|  0%| F|  |TAMS 0x0000001a09a00000, 0x0000001a09a00000| Untracked 
|4173|0x0000001a09c00000, 0x0000001a09c00000, 0x0000001a09e00000|  0%| F|  |TAMS 0x0000001a09c00000, 0x0000001a09c00000| Untracked 
|4174|0x0000001a09e00000, 0x0000001a09e00000, 0x0000001a0a000000|  0%| F|  |TAMS 0x0000001a09e00000, 0x0000001a09e00000| Untracked 
|4175|0x0000001a0a000000, 0x0000001a0a000000, 0x0000001a0a200000|  0%| F|  |TAMS 0x0000001a0a000000, 0x0000001a0a000000| Untracked 
|4176|0x0000001a0a200000, 0x0000001a0a200000, 0x0000001a0a400000|  0%| F|  |TAMS 0x0000001a0a200000, 0x0000001a0a200000| Untracked 
|4177|0x0000001a0a400000, 0x0000001a0a400000, 0x0000001a0a600000|  0%| F|  |TAMS 0x0000001a0a400000, 0x0000001a0a400000| Untracked 
|4178|0x0000001a0a600000, 0x0000001a0a600000, 0x0000001a0a800000|  0%| F|  |TAMS 0x0000001a0a600000, 0x0000001a0a600000| Untracked 
|4179|0x0000001a0a800000, 0x0000001a0a800000, 0x0000001a0aa00000|  0%| F|  |TAMS 0x0000001a0a800000, 0x0000001a0a800000| Untracked 
|4180|0x0000001a0aa00000, 0x0000001a0aa00000, 0x0000001a0ac00000|  0%| F|  |TAMS 0x0000001a0aa00000, 0x0000001a0aa00000| Untracked 
|4181|0x0000001a0ac00000, 0x0000001a0ac00000, 0x0000001a0ae00000|  0%| F|  |TAMS 0x0000001a0ac00000, 0x0000001a0ac00000| Untracked 
|4182|0x0000001a0ae00000, 0x0000001a0ae00000, 0x0000001a0b000000|  0%| F|  |TAMS 0x0000001a0ae00000, 0x0000001a0ae00000| Untracked 
|4183|0x0000001a0b000000, 0x0000001a0b000000, 0x0000001a0b200000|  0%| F|  |TAMS 0x0000001a0b000000, 0x0000001a0b000000| Untracked 
|4184|0x0000001a0b200000, 0x0000001a0b200000, 0x0000001a0b400000|  0%| F|  |TAMS 0x0000001a0b200000, 0x0000001a0b200000| Untracked 
|4185|0x0000001a0b400000, 0x0000001a0b400000, 0x0000001a0b600000|  0%| F|  |TAMS 0x0000001a0b400000, 0x0000001a0b400000| Untracked 
|4186|0x0000001a0b600000, 0x0000001a0b600000, 0x0000001a0b800000|  0%| F|  |TAMS 0x0000001a0b600000, 0x0000001a0b600000| Untracked 
|4187|0x0000001a0b800000, 0x0000001a0b800000, 0x0000001a0ba00000|  0%| F|  |TAMS 0x0000001a0b800000, 0x0000001a0b800000| Untracked 
|4188|0x0000001a0ba00000, 0x0000001a0ba00000, 0x0000001a0bc00000|  0%| F|  |TAMS 0x0000001a0ba00000, 0x0000001a0ba00000| Untracked 
|4189|0x0000001a0bc00000, 0x0000001a0bc00000, 0x0000001a0be00000|  0%| F|  |TAMS 0x0000001a0bc00000, 0x0000001a0bc00000| Untracked 
|4190|0x0000001a0be00000, 0x0000001a0be00000, 0x0000001a0c000000|  0%| F|  |TAMS 0x0000001a0be00000, 0x0000001a0be00000| Untracked 
|4191|0x0000001a0c000000, 0x0000001a0c000000, 0x0000001a0c200000|  0%| F|  |TAMS 0x0000001a0c000000, 0x0000001a0c000000| Untracked 
|4192|0x0000001a0c200000, 0x0000001a0c200000, 0x0000001a0c400000|  0%| F|  |TAMS 0x0000001a0c200000, 0x0000001a0c200000| Untracked 
|4193|0x0000001a0c400000, 0x0000001a0c400000, 0x0000001a0c600000|  0%| F|  |TAMS 0x0000001a0c400000, 0x0000001a0c400000| Untracked 
|4194|0x0000001a0c600000, 0x0000001a0c600000, 0x0000001a0c800000|  0%| F|  |TAMS 0x0000001a0c600000, 0x0000001a0c600000| Untracked 
|4195|0x0000001a0c800000, 0x0000001a0c800000, 0x0000001a0ca00000|  0%| F|  |TAMS 0x0000001a0c800000, 0x0000001a0c800000| Untracked 
|4196|0x0000001a0ca00000, 0x0000001a0ca00000, 0x0000001a0cc00000|  0%| F|  |TAMS 0x0000001a0ca00000, 0x0000001a0ca00000| Untracked 
|4197|0x0000001a0cc00000, 0x0000001a0cc00000, 0x0000001a0ce00000|  0%| F|  |TAMS 0x0000001a0cc00000, 0x0000001a0cc00000| Untracked 
|4198|0x0000001a0ce00000, 0x0000001a0ce00000, 0x0000001a0d000000|  0%| F|  |TAMS 0x0000001a0ce00000, 0x0000001a0ce00000| Untracked 
|4199|0x0000001a0d000000, 0x0000001a0d000000, 0x0000001a0d200000|  0%| F|  |TAMS 0x0000001a0d000000, 0x0000001a0d000000| Untracked 
|4200|0x0000001a0d200000, 0x0000001a0d200000, 0x0000001a0d400000|  0%| F|  |TAMS 0x0000001a0d200000, 0x0000001a0d200000| Untracked 
|4201|0x0000001a0d400000, 0x0000001a0d400000, 0x0000001a0d600000|  0%| F|  |TAMS 0x0000001a0d400000, 0x0000001a0d400000| Untracked 
|4202|0x0000001a0d600000, 0x0000001a0d600000, 0x0000001a0d800000|  0%| F|  |TAMS 0x0000001a0d600000, 0x0000001a0d600000| Untracked 
|4203|0x0000001a0d800000, 0x0000001a0d800000, 0x0000001a0da00000|  0%| F|  |TAMS 0x0000001a0d800000, 0x0000001a0d800000| Untracked 
|4204|0x0000001a0da00000, 0x0000001a0da00000, 0x0000001a0dc00000|  0%| F|  |TAMS 0x0000001a0da00000, 0x0000001a0da00000| Untracked 
|4205|0x0000001a0dc00000, 0x0000001a0dc00000, 0x0000001a0de00000|  0%| F|  |TAMS 0x0000001a0dc00000, 0x0000001a0dc00000| Untracked 
|4206|0x0000001a0de00000, 0x0000001a0de00000, 0x0000001a0e000000|  0%| F|  |TAMS 0x0000001a0de00000, 0x0000001a0de00000| Untracked 
|4207|0x0000001a0e000000, 0x0000001a0e000000, 0x0000001a0e200000|  0%| F|  |TAMS 0x0000001a0e000000, 0x0000001a0e000000| Untracked 
|4208|0x0000001a0e200000, 0x0000001a0e200000, 0x0000001a0e400000|  0%| F|  |TAMS 0x0000001a0e200000, 0x0000001a0e200000| Untracked 
|4209|0x0000001a0e400000, 0x0000001a0e400000, 0x0000001a0e600000|  0%| F|  |TAMS 0x0000001a0e400000, 0x0000001a0e400000| Untracked 
|4210|0x0000001a0e600000, 0x0000001a0e600000, 0x0000001a0e800000|  0%| F|  |TAMS 0x0000001a0e600000, 0x0000001a0e600000| Untracked 
|4211|0x0000001a0e800000, 0x0000001a0e800000, 0x0000001a0ea00000|  0%| F|  |TAMS 0x0000001a0e800000, 0x0000001a0e800000| Untracked 
|4212|0x0000001a0ea00000, 0x0000001a0ea00000, 0x0000001a0ec00000|  0%| F|  |TAMS 0x0000001a0ea00000, 0x0000001a0ea00000| Untracked 
|4213|0x0000001a0ec00000, 0x0000001a0ec00000, 0x0000001a0ee00000|  0%| F|  |TAMS 0x0000001a0ec00000, 0x0000001a0ec00000| Untracked 
|4214|0x0000001a0ee00000, 0x0000001a0ee00000, 0x0000001a0f000000|  0%| F|  |TAMS 0x0000001a0ee00000, 0x0000001a0ee00000| Untracked 
|4215|0x0000001a0f000000, 0x0000001a0f000000, 0x0000001a0f200000|  0%| F|  |TAMS 0x0000001a0f000000, 0x0000001a0f000000| Untracked 
|4216|0x0000001a0f200000, 0x0000001a0f200000, 0x0000001a0f400000|  0%| F|  |TAMS 0x0000001a0f200000, 0x0000001a0f200000| Untracked 
|4217|0x0000001a0f400000, 0x0000001a0f400000, 0x0000001a0f600000|  0%| F|  |TAMS 0x0000001a0f400000, 0x0000001a0f400000| Untracked 
|4218|0x0000001a0f600000, 0x0000001a0f600000, 0x0000001a0f800000|  0%| F|  |TAMS 0x0000001a0f600000, 0x0000001a0f600000| Untracked 
|4219|0x0000001a0f800000, 0x0000001a0f800000, 0x0000001a0fa00000|  0%| F|  |TAMS 0x0000001a0f800000, 0x0000001a0f800000| Untracked 
|4220|0x0000001a0fa00000, 0x0000001a0fa00000, 0x0000001a0fc00000|  0%| F|  |TAMS 0x0000001a0fa00000, 0x0000001a0fa00000| Untracked 
|4221|0x0000001a0fc00000, 0x0000001a0fc00000, 0x0000001a0fe00000|  0%| F|  |TAMS 0x0000001a0fc00000, 0x0000001a0fc00000| Untracked 
|4222|0x0000001a0fe00000, 0x0000001a0fe00000, 0x0000001a10000000|  0%| F|  |TAMS 0x0000001a0fe00000, 0x0000001a0fe00000| Untracked 
|4223|0x0000001a10000000, 0x0000001a10000000, 0x0000001a10200000|  0%| F|  |TAMS 0x0000001a10000000, 0x0000001a10000000| Untracked 
|4224|0x0000001a10200000, 0x0000001a10200000, 0x0000001a10400000|  0%| F|  |TAMS 0x0000001a10200000, 0x0000001a10200000| Untracked 
|4225|0x0000001a10400000, 0x0000001a10400000, 0x0000001a10600000|  0%| F|  |TAMS 0x0000001a10400000, 0x0000001a10400000| Untracked 
|4226|0x0000001a10600000, 0x0000001a10600000, 0x0000001a10800000|  0%| F|  |TAMS 0x0000001a10600000, 0x0000001a10600000| Untracked 
|4227|0x0000001a10800000, 0x0000001a10800000, 0x0000001a10a00000|  0%| F|  |TAMS 0x0000001a10800000, 0x0000001a10800000| Untracked 
|4228|0x0000001a10a00000, 0x0000001a10a00000, 0x0000001a10c00000|  0%| F|  |TAMS 0x0000001a10a00000, 0x0000001a10a00000| Untracked 
|4229|0x0000001a10c00000, 0x0000001a10c00000, 0x0000001a10e00000|  0%| F|  |TAMS 0x0000001a10c00000, 0x0000001a10c00000| Untracked 
|4230|0x0000001a10e00000, 0x0000001a10e00000, 0x0000001a11000000|  0%| F|  |TAMS 0x0000001a10e00000, 0x0000001a10e00000| Untracked 
|4231|0x0000001a11000000, 0x0000001a11000000, 0x0000001a11200000|  0%| F|  |TAMS 0x0000001a11000000, 0x0000001a11000000| Untracked 
|4232|0x0000001a11200000, 0x0000001a11200000, 0x0000001a11400000|  0%| F|  |TAMS 0x0000001a11200000, 0x0000001a11200000| Untracked 
|4233|0x0000001a11400000, 0x0000001a11400000, 0x0000001a11600000|  0%| F|  |TAMS 0x0000001a11400000, 0x0000001a11400000| Untracked 
|4234|0x0000001a11600000, 0x0000001a11600000, 0x0000001a11800000|  0%| F|  |TAMS 0x0000001a11600000, 0x0000001a11600000| Untracked 
|4235|0x0000001a11800000, 0x0000001a11800000, 0x0000001a11a00000|  0%| F|  |TAMS 0x0000001a11800000, 0x0000001a11800000| Untracked 
|4236|0x0000001a11a00000, 0x0000001a11a00000, 0x0000001a11c00000|  0%| F|  |TAMS 0x0000001a11a00000, 0x0000001a11a00000| Untracked 
|4237|0x0000001a11c00000, 0x0000001a11c00000, 0x0000001a11e00000|  0%| F|  |TAMS 0x0000001a11c00000, 0x0000001a11c00000| Untracked 
|4238|0x0000001a11e00000, 0x0000001a11e00000, 0x0000001a12000000|  0%| F|  |TAMS 0x0000001a11e00000, 0x0000001a11e00000| Untracked 
|4239|0x0000001a12000000, 0x0000001a12000000, 0x0000001a12200000|  0%| F|  |TAMS 0x0000001a12000000, 0x0000001a12000000| Untracked 
|4240|0x0000001a12200000, 0x0000001a12200000, 0x0000001a12400000|  0%| F|  |TAMS 0x0000001a12200000, 0x0000001a12200000| Untracked 
|4241|0x0000001a12400000, 0x0000001a12400000, 0x0000001a12600000|  0%| F|  |TAMS 0x0000001a12400000, 0x0000001a12400000| Untracked 
|4242|0x0000001a12600000, 0x0000001a12600000, 0x0000001a12800000|  0%| F|  |TAMS 0x0000001a12600000, 0x0000001a12600000| Untracked 
|4243|0x0000001a12800000, 0x0000001a12800000, 0x0000001a12a00000|  0%| F|  |TAMS 0x0000001a12800000, 0x0000001a12800000| Untracked 
|4244|0x0000001a12a00000, 0x0000001a12a00000, 0x0000001a12c00000|  0%| F|  |TAMS 0x0000001a12a00000, 0x0000001a12a00000| Untracked 
|4245|0x0000001a12c00000, 0x0000001a12c00000, 0x0000001a12e00000|  0%| F|  |TAMS 0x0000001a12c00000, 0x0000001a12c00000| Untracked 
|4246|0x0000001a12e00000, 0x0000001a12e00000, 0x0000001a13000000|  0%| F|  |TAMS 0x0000001a12e00000, 0x0000001a12e00000| Untracked 
|4247|0x0000001a13000000, 0x0000001a13000000, 0x0000001a13200000|  0%| F|  |TAMS 0x0000001a13000000, 0x0000001a13000000| Untracked 
|4248|0x0000001a13200000, 0x0000001a13200000, 0x0000001a13400000|  0%| F|  |TAMS 0x0000001a13200000, 0x0000001a13200000| Untracked 
|4249|0x0000001a13400000, 0x0000001a13400000, 0x0000001a13600000|  0%| F|  |TAMS 0x0000001a13400000, 0x0000001a13400000| Untracked 
|4250|0x0000001a13600000, 0x0000001a13600000, 0x0000001a13800000|  0%| F|  |TAMS 0x0000001a13600000, 0x0000001a13600000| Untracked 
|4251|0x0000001a13800000, 0x0000001a13800000, 0x0000001a13a00000|  0%| F|  |TAMS 0x0000001a13800000, 0x0000001a13800000| Untracked 
|4252|0x0000001a13a00000, 0x0000001a13a00000, 0x0000001a13c00000|  0%| F|  |TAMS 0x0000001a13a00000, 0x0000001a13a00000| Untracked 
|4253|0x0000001a13c00000, 0x0000001a13c00000, 0x0000001a13e00000|  0%| F|  |TAMS 0x0000001a13c00000, 0x0000001a13c00000| Untracked 
|4254|0x0000001a13e00000, 0x0000001a13e00000, 0x0000001a14000000|  0%| F|  |TAMS 0x0000001a13e00000, 0x0000001a13e00000| Untracked 
|4255|0x0000001a14000000, 0x0000001a14000000, 0x0000001a14200000|  0%| F|  |TAMS 0x0000001a14000000, 0x0000001a14000000| Untracked 
|4256|0x0000001a14200000, 0x0000001a14200000, 0x0000001a14400000|  0%| F|  |TAMS 0x0000001a14200000, 0x0000001a14200000| Untracked 
|4257|0x0000001a14400000, 0x0000001a14400000, 0x0000001a14600000|  0%| F|  |TAMS 0x0000001a14400000, 0x0000001a14400000| Untracked 
|4258|0x0000001a14600000, 0x0000001a14600000, 0x0000001a14800000|  0%| F|  |TAMS 0x0000001a14600000, 0x0000001a14600000| Untracked 
|4259|0x0000001a14800000, 0x0000001a14800000, 0x0000001a14a00000|  0%| F|  |TAMS 0x0000001a14800000, 0x0000001a14800000| Untracked 
|4260|0x0000001a14a00000, 0x0000001a14a00000, 0x0000001a14c00000|  0%| F|  |TAMS 0x0000001a14a00000, 0x0000001a14a00000| Untracked 
|4261|0x0000001a14c00000, 0x0000001a14c00000, 0x0000001a14e00000|  0%| F|  |TAMS 0x0000001a14c00000, 0x0000001a14c00000| Untracked 
|4262|0x0000001a14e00000, 0x0000001a14e00000, 0x0000001a15000000|  0%| F|  |TAMS 0x0000001a14e00000, 0x0000001a14e00000| Untracked 
|4263|0x0000001a15000000, 0x0000001a15000000, 0x0000001a15200000|  0%| F|  |TAMS 0x0000001a15000000, 0x0000001a15000000| Untracked 
|4264|0x0000001a15200000, 0x0000001a15200000, 0x0000001a15400000|  0%| F|  |TAMS 0x0000001a15200000, 0x0000001a15200000| Untracked 
|4265|0x0000001a15400000, 0x0000001a15400000, 0x0000001a15600000|  0%| F|  |TAMS 0x0000001a15400000, 0x0000001a15400000| Untracked 
|4266|0x0000001a15600000, 0x0000001a15600000, 0x0000001a15800000|  0%| F|  |TAMS 0x0000001a15600000, 0x0000001a15600000| Untracked 
|4267|0x0000001a15800000, 0x0000001a15800000, 0x0000001a15a00000|  0%| F|  |TAMS 0x0000001a15800000, 0x0000001a15800000| Untracked 
|4268|0x0000001a15a00000, 0x0000001a15a00000, 0x0000001a15c00000|  0%| F|  |TAMS 0x0000001a15a00000, 0x0000001a15a00000| Untracked 
|4269|0x0000001a15c00000, 0x0000001a15c00000, 0x0000001a15e00000|  0%| F|  |TAMS 0x0000001a15c00000, 0x0000001a15c00000| Untracked 
|4270|0x0000001a15e00000, 0x0000001a15e00000, 0x0000001a16000000|  0%| F|  |TAMS 0x0000001a15e00000, 0x0000001a15e00000| Untracked 
|4271|0x0000001a16000000, 0x0000001a16000000, 0x0000001a16200000|  0%| F|  |TAMS 0x0000001a16000000, 0x0000001a16000000| Untracked 
|4272|0x0000001a16200000, 0x0000001a16200000, 0x0000001a16400000|  0%| F|  |TAMS 0x0000001a16200000, 0x0000001a16200000| Untracked 
|4273|0x0000001a16400000, 0x0000001a16400000, 0x0000001a16600000|  0%| F|  |TAMS 0x0000001a16400000, 0x0000001a16400000| Untracked 
|4274|0x0000001a16600000, 0x0000001a16600000, 0x0000001a16800000|  0%| F|  |TAMS 0x0000001a16600000, 0x0000001a16600000| Untracked 
|4275|0x0000001a16800000, 0x0000001a16800000, 0x0000001a16a00000|  0%| F|  |TAMS 0x0000001a16800000, 0x0000001a16800000| Untracked 
|4276|0x0000001a16a00000, 0x0000001a16a00000, 0x0000001a16c00000|  0%| F|  |TAMS 0x0000001a16a00000, 0x0000001a16a00000| Untracked 
|4277|0x0000001a16c00000, 0x0000001a16c00000, 0x0000001a16e00000|  0%| F|  |TAMS 0x0000001a16c00000, 0x0000001a16c00000| Untracked 
|4278|0x0000001a16e00000, 0x0000001a16e00000, 0x0000001a17000000|  0%| F|  |TAMS 0x0000001a16e00000, 0x0000001a16e00000| Untracked 
|4279|0x0000001a17000000, 0x0000001a17000000, 0x0000001a17200000|  0%| F|  |TAMS 0x0000001a17000000, 0x0000001a17000000| Untracked 
|4280|0x0000001a17200000, 0x0000001a17200000, 0x0000001a17400000|  0%| F|  |TAMS 0x0000001a17200000, 0x0000001a17200000| Untracked 
|4281|0x0000001a17400000, 0x0000001a17400000, 0x0000001a17600000|  0%| F|  |TAMS 0x0000001a17400000, 0x0000001a17400000| Untracked 
|4282|0x0000001a17600000, 0x0000001a17600000, 0x0000001a17800000|  0%| F|  |TAMS 0x0000001a17600000, 0x0000001a17600000| Untracked 
|4283|0x0000001a17800000, 0x0000001a17800000, 0x0000001a17a00000|  0%| F|  |TAMS 0x0000001a17800000, 0x0000001a17800000| Untracked 
|4284|0x0000001a17a00000, 0x0000001a17a00000, 0x0000001a17c00000|  0%| F|  |TAMS 0x0000001a17a00000, 0x0000001a17a00000| Untracked 
|4285|0x0000001a17c00000, 0x0000001a17c00000, 0x0000001a17e00000|  0%| F|  |TAMS 0x0000001a17c00000, 0x0000001a17c00000| Untracked 
|4286|0x0000001a17e00000, 0x0000001a17e00000, 0x0000001a18000000|  0%| F|  |TAMS 0x0000001a17e00000, 0x0000001a17e00000| Untracked 
|4287|0x0000001a18000000, 0x0000001a18000000, 0x0000001a18200000|  0%| F|  |TAMS 0x0000001a18000000, 0x0000001a18000000| Untracked 
|4288|0x0000001a18200000, 0x0000001a18200000, 0x0000001a18400000|  0%| F|  |TAMS 0x0000001a18200000, 0x0000001a18200000| Untracked 
|4289|0x0000001a18400000, 0x0000001a18400000, 0x0000001a18600000|  0%| F|  |TAMS 0x0000001a18400000, 0x0000001a18400000| Untracked 
|4290|0x0000001a18600000, 0x0000001a18600000, 0x0000001a18800000|  0%| F|  |TAMS 0x0000001a18600000, 0x0000001a18600000| Untracked 
|4291|0x0000001a18800000, 0x0000001a18800000, 0x0000001a18a00000|  0%| F|  |TAMS 0x0000001a18800000, 0x0000001a18800000| Untracked 
|4292|0x0000001a18a00000, 0x0000001a18a00000, 0x0000001a18c00000|  0%| F|  |TAMS 0x0000001a18a00000, 0x0000001a18a00000| Untracked 
|4293|0x0000001a18c00000, 0x0000001a18c00000, 0x0000001a18e00000|  0%| F|  |TAMS 0x0000001a18c00000, 0x0000001a18c00000| Untracked 
|4294|0x0000001a18e00000, 0x0000001a18e00000, 0x0000001a19000000|  0%| F|  |TAMS 0x0000001a18e00000, 0x0000001a18e00000| Untracked 
|4295|0x0000001a19000000, 0x0000001a19000000, 0x0000001a19200000|  0%| F|  |TAMS 0x0000001a19000000, 0x0000001a19000000| Untracked 
|4296|0x0000001a19200000, 0x0000001a19200000, 0x0000001a19400000|  0%| F|  |TAMS 0x0000001a19200000, 0x0000001a19200000| Untracked 
|4297|0x0000001a19400000, 0x0000001a19400000, 0x0000001a19600000|  0%| F|  |TAMS 0x0000001a19400000, 0x0000001a19400000| Untracked 
|4298|0x0000001a19600000, 0x0000001a19600000, 0x0000001a19800000|  0%| F|  |TAMS 0x0000001a19600000, 0x0000001a19600000| Untracked 
|4299|0x0000001a19800000, 0x0000001a19800000, 0x0000001a19a00000|  0%| F|  |TAMS 0x0000001a19800000, 0x0000001a19800000| Untracked 
|4300|0x0000001a19a00000, 0x0000001a19a00000, 0x0000001a19c00000|  0%| F|  |TAMS 0x0000001a19a00000, 0x0000001a19a00000| Untracked 
|4301|0x0000001a19c00000, 0x0000001a19c00000, 0x0000001a19e00000|  0%| F|  |TAMS 0x0000001a19c00000, 0x0000001a19c00000| Untracked 
|4302|0x0000001a19e00000, 0x0000001a19e00000, 0x0000001a1a000000|  0%| F|  |TAMS 0x0000001a19e00000, 0x0000001a19e00000| Untracked 
|4303|0x0000001a1a000000, 0x0000001a1a000000, 0x0000001a1a200000|  0%| F|  |TAMS 0x0000001a1a000000, 0x0000001a1a000000| Untracked 
|4304|0x0000001a1a200000, 0x0000001a1a200000, 0x0000001a1a400000|  0%| F|  |TAMS 0x0000001a1a200000, 0x0000001a1a200000| Untracked 
|4305|0x0000001a1a400000, 0x0000001a1a400000, 0x0000001a1a600000|  0%| F|  |TAMS 0x0000001a1a400000, 0x0000001a1a400000| Untracked 
|4306|0x0000001a1a600000, 0x0000001a1a600000, 0x0000001a1a800000|  0%| F|  |TAMS 0x0000001a1a600000, 0x0000001a1a600000| Untracked 
|4307|0x0000001a1a800000, 0x0000001a1a800000, 0x0000001a1aa00000|  0%| F|  |TAMS 0x0000001a1a800000, 0x0000001a1a800000| Untracked 
|4308|0x0000001a1aa00000, 0x0000001a1aa00000, 0x0000001a1ac00000|  0%| F|  |TAMS 0x0000001a1aa00000, 0x0000001a1aa00000| Untracked 
|4309|0x0000001a1ac00000, 0x0000001a1ac00000, 0x0000001a1ae00000|  0%| F|  |TAMS 0x0000001a1ac00000, 0x0000001a1ac00000| Untracked 
|4310|0x0000001a1ae00000, 0x0000001a1ae00000, 0x0000001a1b000000|  0%| F|  |TAMS 0x0000001a1ae00000, 0x0000001a1ae00000| Untracked 
|4311|0x0000001a1b000000, 0x0000001a1b000000, 0x0000001a1b200000|  0%| F|  |TAMS 0x0000001a1b000000, 0x0000001a1b000000| Untracked 
|4312|0x0000001a1b200000, 0x0000001a1b200000, 0x0000001a1b400000|  0%| F|  |TAMS 0x0000001a1b200000, 0x0000001a1b200000| Untracked 
|4313|0x0000001a1b400000, 0x0000001a1b400000, 0x0000001a1b600000|  0%| F|  |TAMS 0x0000001a1b400000, 0x0000001a1b400000| Untracked 
|4314|0x0000001a1b600000, 0x0000001a1b600000, 0x0000001a1b800000|  0%| F|  |TAMS 0x0000001a1b600000, 0x0000001a1b600000| Untracked 
|4315|0x0000001a1b800000, 0x0000001a1b800000, 0x0000001a1ba00000|  0%| F|  |TAMS 0x0000001a1b800000, 0x0000001a1b800000| Untracked 
|4316|0x0000001a1ba00000, 0x0000001a1ba00000, 0x0000001a1bc00000|  0%| F|  |TAMS 0x0000001a1ba00000, 0x0000001a1ba00000| Untracked 
|4317|0x0000001a1bc00000, 0x0000001a1bc00000, 0x0000001a1be00000|  0%| F|  |TAMS 0x0000001a1bc00000, 0x0000001a1bc00000| Untracked 
|4318|0x0000001a1be00000, 0x0000001a1be00000, 0x0000001a1c000000|  0%| F|  |TAMS 0x0000001a1be00000, 0x0000001a1be00000| Untracked 
|4319|0x0000001a1c000000, 0x0000001a1c000000, 0x0000001a1c200000|  0%| F|  |TAMS 0x0000001a1c000000, 0x0000001a1c000000| Untracked 
|4320|0x0000001a1c200000, 0x0000001a1c200000, 0x0000001a1c400000|  0%| F|  |TAMS 0x0000001a1c200000, 0x0000001a1c200000| Untracked 
|4321|0x0000001a1c400000, 0x0000001a1c400000, 0x0000001a1c600000|  0%| F|  |TAMS 0x0000001a1c400000, 0x0000001a1c400000| Untracked 
|4322|0x0000001a1c600000, 0x0000001a1c600000, 0x0000001a1c800000|  0%| F|  |TAMS 0x0000001a1c600000, 0x0000001a1c600000| Untracked 
|4323|0x0000001a1c800000, 0x0000001a1c800000, 0x0000001a1ca00000|  0%| F|  |TAMS 0x0000001a1c800000, 0x0000001a1c800000| Untracked 
|4324|0x0000001a1ca00000, 0x0000001a1ca00000, 0x0000001a1cc00000|  0%| F|  |TAMS 0x0000001a1ca00000, 0x0000001a1ca00000| Untracked 
|4325|0x0000001a1cc00000, 0x0000001a1cc00000, 0x0000001a1ce00000|  0%| F|  |TAMS 0x0000001a1cc00000, 0x0000001a1cc00000| Untracked 
|4326|0x0000001a1ce00000, 0x0000001a1ce00000, 0x0000001a1d000000|  0%| F|  |TAMS 0x0000001a1ce00000, 0x0000001a1ce00000| Untracked 
|4327|0x0000001a1d000000, 0x0000001a1d000000, 0x0000001a1d200000|  0%| F|  |TAMS 0x0000001a1d000000, 0x0000001a1d000000| Untracked 
|4328|0x0000001a1d200000, 0x0000001a1d200000, 0x0000001a1d400000|  0%| F|  |TAMS 0x0000001a1d200000, 0x0000001a1d200000| Untracked 
|4329|0x0000001a1d400000, 0x0000001a1d400000, 0x0000001a1d600000|  0%| F|  |TAMS 0x0000001a1d400000, 0x0000001a1d400000| Untracked 
|4330|0x0000001a1d600000, 0x0000001a1d600000, 0x0000001a1d800000|  0%| F|  |TAMS 0x0000001a1d600000, 0x0000001a1d600000| Untracked 
|4331|0x0000001a1d800000, 0x0000001a1d800000, 0x0000001a1da00000|  0%| F|  |TAMS 0x0000001a1d800000, 0x0000001a1d800000| Untracked 
|4332|0x0000001a1da00000, 0x0000001a1da00000, 0x0000001a1dc00000|  0%| F|  |TAMS 0x0000001a1da00000, 0x0000001a1da00000| Untracked 
|4333|0x0000001a1dc00000, 0x0000001a1dc00000, 0x0000001a1de00000|  0%| F|  |TAMS 0x0000001a1dc00000, 0x0000001a1dc00000| Untracked 
|4334|0x0000001a1de00000, 0x0000001a1de00000, 0x0000001a1e000000|  0%| F|  |TAMS 0x0000001a1de00000, 0x0000001a1de00000| Untracked 
|4335|0x0000001a1e000000, 0x0000001a1e000000, 0x0000001a1e200000|  0%| F|  |TAMS 0x0000001a1e000000, 0x0000001a1e000000| Untracked 
|4336|0x0000001a1e200000, 0x0000001a1e200000, 0x0000001a1e400000|  0%| F|  |TAMS 0x0000001a1e200000, 0x0000001a1e200000| Untracked 
|4337|0x0000001a1e400000, 0x0000001a1e400000, 0x0000001a1e600000|  0%| F|  |TAMS 0x0000001a1e400000, 0x0000001a1e400000| Untracked 
|4338|0x0000001a1e600000, 0x0000001a1e600000, 0x0000001a1e800000|  0%| F|  |TAMS 0x0000001a1e600000, 0x0000001a1e600000| Untracked 
|4339|0x0000001a1e800000, 0x0000001a1e800000, 0x0000001a1ea00000|  0%| F|  |TAMS 0x0000001a1e800000, 0x0000001a1e800000| Untracked 
|4340|0x0000001a1ea00000, 0x0000001a1ea00000, 0x0000001a1ec00000|  0%| F|  |TAMS 0x0000001a1ea00000, 0x0000001a1ea00000| Untracked 
|4341|0x0000001a1ec00000, 0x0000001a1ec00000, 0x0000001a1ee00000|  0%| F|  |TAMS 0x0000001a1ec00000, 0x0000001a1ec00000| Untracked 
|4342|0x0000001a1ee00000, 0x0000001a1ee00000, 0x0000001a1f000000|  0%| F|  |TAMS 0x0000001a1ee00000, 0x0000001a1ee00000| Untracked 
|4343|0x0000001a1f000000, 0x0000001a1f000000, 0x0000001a1f200000|  0%| F|  |TAMS 0x0000001a1f000000, 0x0000001a1f000000| Untracked 
|4344|0x0000001a1f200000, 0x0000001a1f200000, 0x0000001a1f400000|  0%| F|  |TAMS 0x0000001a1f200000, 0x0000001a1f200000| Untracked 
|4345|0x0000001a1f400000, 0x0000001a1f400000, 0x0000001a1f600000|  0%| F|  |TAMS 0x0000001a1f400000, 0x0000001a1f400000| Untracked 
|4346|0x0000001a1f600000, 0x0000001a1f600000, 0x0000001a1f800000|  0%| F|  |TAMS 0x0000001a1f600000, 0x0000001a1f600000| Untracked 
|4347|0x0000001a1f800000, 0x0000001a1f800000, 0x0000001a1fa00000|  0%| F|  |TAMS 0x0000001a1f800000, 0x0000001a1f800000| Untracked 
|4348|0x0000001a1fa00000, 0x0000001a1fa00000, 0x0000001a1fc00000|  0%| F|  |TAMS 0x0000001a1fa00000, 0x0000001a1fa00000| Untracked 
|4349|0x0000001a1fc00000, 0x0000001a1fc00000, 0x0000001a1fe00000|  0%| F|  |TAMS 0x0000001a1fc00000, 0x0000001a1fc00000| Untracked 
|4350|0x0000001a1fe00000, 0x0000001a1fe00000, 0x0000001a20000000|  0%| F|  |TAMS 0x0000001a1fe00000, 0x0000001a1fe00000| Untracked 
|4351|0x0000001a20000000, 0x0000001a20000000, 0x0000001a20200000|  0%| F|  |TAMS 0x0000001a20000000, 0x0000001a20000000| Untracked 
|4352|0x0000001a20200000, 0x0000001a20200000, 0x0000001a20400000|  0%| F|  |TAMS 0x0000001a20200000, 0x0000001a20200000| Untracked 
|4353|0x0000001a20400000, 0x0000001a20400000, 0x0000001a20600000|  0%| F|  |TAMS 0x0000001a20400000, 0x0000001a20400000| Untracked 
|4354|0x0000001a20600000, 0x0000001a20600000, 0x0000001a20800000|  0%| F|  |TAMS 0x0000001a20600000, 0x0000001a20600000| Untracked 
|4355|0x0000001a20800000, 0x0000001a20800000, 0x0000001a20a00000|  0%| F|  |TAMS 0x0000001a20800000, 0x0000001a20800000| Untracked 
|4356|0x0000001a20a00000, 0x0000001a20a00000, 0x0000001a20c00000|  0%| F|  |TAMS 0x0000001a20a00000, 0x0000001a20a00000| Untracked 
|4357|0x0000001a20c00000, 0x0000001a20c00000, 0x0000001a20e00000|  0%| F|  |TAMS 0x0000001a20c00000, 0x0000001a20c00000| Untracked 
|4358|0x0000001a20e00000, 0x0000001a20e00000, 0x0000001a21000000|  0%| F|  |TAMS 0x0000001a20e00000, 0x0000001a20e00000| Untracked 
|4359|0x0000001a21000000, 0x0000001a21000000, 0x0000001a21200000|  0%| F|  |TAMS 0x0000001a21000000, 0x0000001a21000000| Untracked 
|4360|0x0000001a21200000, 0x0000001a21200000, 0x0000001a21400000|  0%| F|  |TAMS 0x0000001a21200000, 0x0000001a21200000| Untracked 
|4361|0x0000001a21400000, 0x0000001a21400000, 0x0000001a21600000|  0%| F|  |TAMS 0x0000001a21400000, 0x0000001a21400000| Untracked 
|4362|0x0000001a21600000, 0x0000001a21600000, 0x0000001a21800000|  0%| F|  |TAMS 0x0000001a21600000, 0x0000001a21600000| Untracked 
|4363|0x0000001a21800000, 0x0000001a21800000, 0x0000001a21a00000|  0%| F|  |TAMS 0x0000001a21800000, 0x0000001a21800000| Untracked 
|4364|0x0000001a21a00000, 0x0000001a21a00000, 0x0000001a21c00000|  0%| F|  |TAMS 0x0000001a21a00000, 0x0000001a21a00000| Untracked 
|4365|0x0000001a21c00000, 0x0000001a21c00000, 0x0000001a21e00000|  0%| F|  |TAMS 0x0000001a21c00000, 0x0000001a21c00000| Untracked 
|4366|0x0000001a21e00000, 0x0000001a21e00000, 0x0000001a22000000|  0%| F|  |TAMS 0x0000001a21e00000, 0x0000001a21e00000| Untracked 
|4367|0x0000001a22000000, 0x0000001a22000000, 0x0000001a22200000|  0%| F|  |TAMS 0x0000001a22000000, 0x0000001a22000000| Untracked 
|4368|0x0000001a22200000, 0x0000001a22200000, 0x0000001a22400000|  0%| F|  |TAMS 0x0000001a22200000, 0x0000001a22200000| Untracked 
|4369|0x0000001a22400000, 0x0000001a22400000, 0x0000001a22600000|  0%| F|  |TAMS 0x0000001a22400000, 0x0000001a22400000| Untracked 
|4370|0x0000001a22600000, 0x0000001a22600000, 0x0000001a22800000|  0%| F|  |TAMS 0x0000001a22600000, 0x0000001a22600000| Untracked 
|4371|0x0000001a22800000, 0x0000001a22800000, 0x0000001a22a00000|  0%| F|  |TAMS 0x0000001a22800000, 0x0000001a22800000| Untracked 
|4372|0x0000001a22a00000, 0x0000001a22a00000, 0x0000001a22c00000|  0%| F|  |TAMS 0x0000001a22a00000, 0x0000001a22a00000| Untracked 
|4373|0x0000001a22c00000, 0x0000001a22c00000, 0x0000001a22e00000|  0%| F|  |TAMS 0x0000001a22c00000, 0x0000001a22c00000| Untracked 
|4374|0x0000001a22e00000, 0x0000001a22e00000, 0x0000001a23000000|  0%| F|  |TAMS 0x0000001a22e00000, 0x0000001a22e00000| Untracked 
|4375|0x0000001a23000000, 0x0000001a23000000, 0x0000001a23200000|  0%| F|  |TAMS 0x0000001a23000000, 0x0000001a23000000| Untracked 
|4376|0x0000001a23200000, 0x0000001a23200000, 0x0000001a23400000|  0%| F|  |TAMS 0x0000001a23200000, 0x0000001a23200000| Untracked 
|4377|0x0000001a23400000, 0x0000001a23400000, 0x0000001a23600000|  0%| F|  |TAMS 0x0000001a23400000, 0x0000001a23400000| Untracked 
|4378|0x0000001a23600000, 0x0000001a23600000, 0x0000001a23800000|  0%| F|  |TAMS 0x0000001a23600000, 0x0000001a23600000| Untracked 
|4379|0x0000001a23800000, 0x0000001a23800000, 0x0000001a23a00000|  0%| F|  |TAMS 0x0000001a23800000, 0x0000001a23800000| Untracked 
|4380|0x0000001a23a00000, 0x0000001a23a00000, 0x0000001a23c00000|  0%| F|  |TAMS 0x0000001a23a00000, 0x0000001a23a00000| Untracked 
|4381|0x0000001a23c00000, 0x0000001a23c00000, 0x0000001a23e00000|  0%| F|  |TAMS 0x0000001a23c00000, 0x0000001a23c00000| Untracked 
|4382|0x0000001a23e00000, 0x0000001a23e00000, 0x0000001a24000000|  0%| F|  |TAMS 0x0000001a23e00000, 0x0000001a23e00000| Untracked 
|4383|0x0000001a24000000, 0x0000001a24000000, 0x0000001a24200000|  0%| F|  |TAMS 0x0000001a24000000, 0x0000001a24000000| Untracked 
|4384|0x0000001a24200000, 0x0000001a24200000, 0x0000001a24400000|  0%| F|  |TAMS 0x0000001a24200000, 0x0000001a24200000| Untracked 
|4385|0x0000001a24400000, 0x0000001a24400000, 0x0000001a24600000|  0%| F|  |TAMS 0x0000001a24400000, 0x0000001a24400000| Untracked 
|4386|0x0000001a24600000, 0x0000001a24600000, 0x0000001a24800000|  0%| F|  |TAMS 0x0000001a24600000, 0x0000001a24600000| Untracked 
|4387|0x0000001a24800000, 0x0000001a24800000, 0x0000001a24a00000|  0%| F|  |TAMS 0x0000001a24800000, 0x0000001a24800000| Untracked 
|4388|0x0000001a24a00000, 0x0000001a24a00000, 0x0000001a24c00000|  0%| F|  |TAMS 0x0000001a24a00000, 0x0000001a24a00000| Untracked 
|4389|0x0000001a24c00000, 0x0000001a24c00000, 0x0000001a24e00000|  0%| F|  |TAMS 0x0000001a24c00000, 0x0000001a24c00000| Untracked 
|4390|0x0000001a24e00000, 0x0000001a24e00000, 0x0000001a25000000|  0%| F|  |TAMS 0x0000001a24e00000, 0x0000001a24e00000| Untracked 
|4391|0x0000001a25000000, 0x0000001a25000000, 0x0000001a25200000|  0%| F|  |TAMS 0x0000001a25000000, 0x0000001a25000000| Untracked 
|4392|0x0000001a25200000, 0x0000001a25200000, 0x0000001a25400000|  0%| F|  |TAMS 0x0000001a25200000, 0x0000001a25200000| Untracked 
|4393|0x0000001a25400000, 0x0000001a25400000, 0x0000001a25600000|  0%| F|  |TAMS 0x0000001a25400000, 0x0000001a25400000| Untracked 
|4394|0x0000001a25600000, 0x0000001a25600000, 0x0000001a25800000|  0%| F|  |TAMS 0x0000001a25600000, 0x0000001a25600000| Untracked 
|4395|0x0000001a25800000, 0x0000001a25800000, 0x0000001a25a00000|  0%| F|  |TAMS 0x0000001a25800000, 0x0000001a25800000| Untracked 
|4396|0x0000001a25a00000, 0x0000001a25a00000, 0x0000001a25c00000|  0%| F|  |TAMS 0x0000001a25a00000, 0x0000001a25a00000| Untracked 
|4397|0x0000001a25c00000, 0x0000001a25c00000, 0x0000001a25e00000|  0%| F|  |TAMS 0x0000001a25c00000, 0x0000001a25c00000| Untracked 
|4398|0x0000001a25e00000, 0x0000001a25e00000, 0x0000001a26000000|  0%| F|  |TAMS 0x0000001a25e00000, 0x0000001a25e00000| Untracked 
|4399|0x0000001a26000000, 0x0000001a26000000, 0x0000001a26200000|  0%| F|  |TAMS 0x0000001a26000000, 0x0000001a26000000| Untracked 
|4400|0x0000001a26200000, 0x0000001a26200000, 0x0000001a26400000|  0%| F|  |TAMS 0x0000001a26200000, 0x0000001a26200000| Untracked 
|4401|0x0000001a26400000, 0x0000001a26400000, 0x0000001a26600000|  0%| F|  |TAMS 0x0000001a26400000, 0x0000001a26400000| Untracked 
|4402|0x0000001a26600000, 0x0000001a26600000, 0x0000001a26800000|  0%| F|  |TAMS 0x0000001a26600000, 0x0000001a26600000| Untracked 
|4403|0x0000001a26800000, 0x0000001a26800000, 0x0000001a26a00000|  0%| F|  |TAMS 0x0000001a26800000, 0x0000001a26800000| Untracked 
|4404|0x0000001a26a00000, 0x0000001a26a00000, 0x0000001a26c00000|  0%| F|  |TAMS 0x0000001a26a00000, 0x0000001a26a00000| Untracked 
|4405|0x0000001a26c00000, 0x0000001a26c00000, 0x0000001a26e00000|  0%| F|  |TAMS 0x0000001a26c00000, 0x0000001a26c00000| Untracked 
|4406|0x0000001a26e00000, 0x0000001a26e00000, 0x0000001a27000000|  0%| F|  |TAMS 0x0000001a26e00000, 0x0000001a26e00000| Untracked 
|4407|0x0000001a27000000, 0x0000001a27000000, 0x0000001a27200000|  0%| F|  |TAMS 0x0000001a27000000, 0x0000001a27000000| Untracked 
|4408|0x0000001a27200000, 0x0000001a27200000, 0x0000001a27400000|  0%| F|  |TAMS 0x0000001a27200000, 0x0000001a27200000| Untracked 
|4409|0x0000001a27400000, 0x0000001a27400000, 0x0000001a27600000|  0%| F|  |TAMS 0x0000001a27400000, 0x0000001a27400000| Untracked 
|4410|0x0000001a27600000, 0x0000001a27600000, 0x0000001a27800000|  0%| F|  |TAMS 0x0000001a27600000, 0x0000001a27600000| Untracked 
|4411|0x0000001a27800000, 0x0000001a27800000, 0x0000001a27a00000|  0%| F|  |TAMS 0x0000001a27800000, 0x0000001a27800000| Untracked 
|4412|0x0000001a27a00000, 0x0000001a27a00000, 0x0000001a27c00000|  0%| F|  |TAMS 0x0000001a27a00000, 0x0000001a27a00000| Untracked 
|4413|0x0000001a27c00000, 0x0000001a27c00000, 0x0000001a27e00000|  0%| F|  |TAMS 0x0000001a27c00000, 0x0000001a27c00000| Untracked 
|4414|0x0000001a27e00000, 0x0000001a27e00000, 0x0000001a28000000|  0%| F|  |TAMS 0x0000001a27e00000, 0x0000001a27e00000| Untracked 
|4415|0x0000001a28000000, 0x0000001a28000000, 0x0000001a28200000|  0%| F|  |TAMS 0x0000001a28000000, 0x0000001a28000000| Untracked 
|4416|0x0000001a28200000, 0x0000001a28200000, 0x0000001a28400000|  0%| F|  |TAMS 0x0000001a28200000, 0x0000001a28200000| Untracked 
|4417|0x0000001a28400000, 0x0000001a28400000, 0x0000001a28600000|  0%| F|  |TAMS 0x0000001a28400000, 0x0000001a28400000| Untracked 
|4418|0x0000001a28600000, 0x0000001a28600000, 0x0000001a28800000|  0%| F|  |TAMS 0x0000001a28600000, 0x0000001a28600000| Untracked 
|4419|0x0000001a28800000, 0x0000001a28800000, 0x0000001a28a00000|  0%| F|  |TAMS 0x0000001a28800000, 0x0000001a28800000| Untracked 
|4420|0x0000001a28a00000, 0x0000001a28a00000, 0x0000001a28c00000|  0%| F|  |TAMS 0x0000001a28a00000, 0x0000001a28a00000| Untracked 
|4421|0x0000001a28c00000, 0x0000001a28c00000, 0x0000001a28e00000|  0%| F|  |TAMS 0x0000001a28c00000, 0x0000001a28c00000| Untracked 
|4422|0x0000001a28e00000, 0x0000001a28e00000, 0x0000001a29000000|  0%| F|  |TAMS 0x0000001a28e00000, 0x0000001a28e00000| Untracked 
|4423|0x0000001a29000000, 0x0000001a29000000, 0x0000001a29200000|  0%| F|  |TAMS 0x0000001a29000000, 0x0000001a29000000| Untracked 
|4424|0x0000001a29200000, 0x0000001a29200000, 0x0000001a29400000|  0%| F|  |TAMS 0x0000001a29200000, 0x0000001a29200000| Untracked 
|4425|0x0000001a29400000, 0x0000001a29400000, 0x0000001a29600000|  0%| F|  |TAMS 0x0000001a29400000, 0x0000001a29400000| Untracked 
|4426|0x0000001a29600000, 0x0000001a29600000, 0x0000001a29800000|  0%| F|  |TAMS 0x0000001a29600000, 0x0000001a29600000| Untracked 
|4427|0x0000001a29800000, 0x0000001a29800000, 0x0000001a29a00000|  0%| F|  |TAMS 0x0000001a29800000, 0x0000001a29800000| Untracked 
|4428|0x0000001a29a00000, 0x0000001a29a00000, 0x0000001a29c00000|  0%| F|  |TAMS 0x0000001a29a00000, 0x0000001a29a00000| Untracked 
|4429|0x0000001a29c00000, 0x0000001a29c00000, 0x0000001a29e00000|  0%| F|  |TAMS 0x0000001a29c00000, 0x0000001a29c00000| Untracked 
|4430|0x0000001a29e00000, 0x0000001a29e00000, 0x0000001a2a000000|  0%| F|  |TAMS 0x0000001a29e00000, 0x0000001a29e00000| Untracked 
|4431|0x0000001a2a000000, 0x0000001a2a000000, 0x0000001a2a200000|  0%| F|  |TAMS 0x0000001a2a000000, 0x0000001a2a000000| Untracked 
|4432|0x0000001a2a200000, 0x0000001a2a200000, 0x0000001a2a400000|  0%| F|  |TAMS 0x0000001a2a200000, 0x0000001a2a200000| Untracked 
|4433|0x0000001a2a400000, 0x0000001a2a400000, 0x0000001a2a600000|  0%| F|  |TAMS 0x0000001a2a400000, 0x0000001a2a400000| Untracked 
|4434|0x0000001a2a600000, 0x0000001a2a600000, 0x0000001a2a800000|  0%| F|  |TAMS 0x0000001a2a600000, 0x0000001a2a600000| Untracked 
|4435|0x0000001a2a800000, 0x0000001a2a800000, 0x0000001a2aa00000|  0%| F|  |TAMS 0x0000001a2a800000, 0x0000001a2a800000| Untracked 
|4436|0x0000001a2aa00000, 0x0000001a2aa00000, 0x0000001a2ac00000|  0%| F|  |TAMS 0x0000001a2aa00000, 0x0000001a2aa00000| Untracked 
|4437|0x0000001a2ac00000, 0x0000001a2ac00000, 0x0000001a2ae00000|  0%| F|  |TAMS 0x0000001a2ac00000, 0x0000001a2ac00000| Untracked 
|4438|0x0000001a2ae00000, 0x0000001a2ae00000, 0x0000001a2b000000|  0%| F|  |TAMS 0x0000001a2ae00000, 0x0000001a2ae00000| Untracked 
|4439|0x0000001a2b000000, 0x0000001a2b000000, 0x0000001a2b200000|  0%| F|  |TAMS 0x0000001a2b000000, 0x0000001a2b000000| Untracked 
|4440|0x0000001a2b200000, 0x0000001a2b200000, 0x0000001a2b400000|  0%| F|  |TAMS 0x0000001a2b200000, 0x0000001a2b200000| Untracked 
|4441|0x0000001a2b400000, 0x0000001a2b400000, 0x0000001a2b600000|  0%| F|  |TAMS 0x0000001a2b400000, 0x0000001a2b400000| Untracked 
|4442|0x0000001a2b600000, 0x0000001a2b600000, 0x0000001a2b800000|  0%| F|  |TAMS 0x0000001a2b600000, 0x0000001a2b600000| Untracked 
|4443|0x0000001a2b800000, 0x0000001a2b800000, 0x0000001a2ba00000|  0%| F|  |TAMS 0x0000001a2b800000, 0x0000001a2b800000| Untracked 
|4444|0x0000001a2ba00000, 0x0000001a2ba00000, 0x0000001a2bc00000|  0%| F|  |TAMS 0x0000001a2ba00000, 0x0000001a2ba00000| Untracked 
|4445|0x0000001a2bc00000, 0x0000001a2bc00000, 0x0000001a2be00000|  0%| F|  |TAMS 0x0000001a2bc00000, 0x0000001a2bc00000| Untracked 
|4446|0x0000001a2be00000, 0x0000001a2be00000, 0x0000001a2c000000|  0%| F|  |TAMS 0x0000001a2be00000, 0x0000001a2be00000| Untracked 
|4447|0x0000001a2c000000, 0x0000001a2c000000, 0x0000001a2c200000|  0%| F|  |TAMS 0x0000001a2c000000, 0x0000001a2c000000| Untracked 
|4448|0x0000001a2c200000, 0x0000001a2c200000, 0x0000001a2c400000|  0%| F|  |TAMS 0x0000001a2c200000, 0x0000001a2c200000| Untracked 
|4449|0x0000001a2c400000, 0x0000001a2c400000, 0x0000001a2c600000|  0%| F|  |TAMS 0x0000001a2c400000, 0x0000001a2c400000| Untracked 
|4450|0x0000001a2c600000, 0x0000001a2c600000, 0x0000001a2c800000|  0%| F|  |TAMS 0x0000001a2c600000, 0x0000001a2c600000| Untracked 
|4451|0x0000001a2c800000, 0x0000001a2c800000, 0x0000001a2ca00000|  0%| F|  |TAMS 0x0000001a2c800000, 0x0000001a2c800000| Untracked 
|4452|0x0000001a2ca00000, 0x0000001a2ca00000, 0x0000001a2cc00000|  0%| F|  |TAMS 0x0000001a2ca00000, 0x0000001a2ca00000| Untracked 
|4453|0x0000001a2cc00000, 0x0000001a2cc00000, 0x0000001a2ce00000|  0%| F|  |TAMS 0x0000001a2cc00000, 0x0000001a2cc00000| Untracked 
|4454|0x0000001a2ce00000, 0x0000001a2ce00000, 0x0000001a2d000000|  0%| F|  |TAMS 0x0000001a2ce00000, 0x0000001a2ce00000| Untracked 
|4455|0x0000001a2d000000, 0x0000001a2d000000, 0x0000001a2d200000|  0%| F|  |TAMS 0x0000001a2d000000, 0x0000001a2d000000| Untracked 
|4456|0x0000001a2d200000, 0x0000001a2d200000, 0x0000001a2d400000|  0%| F|  |TAMS 0x0000001a2d200000, 0x0000001a2d200000| Untracked 
|4457|0x0000001a2d400000, 0x0000001a2d400000, 0x0000001a2d600000|  0%| F|  |TAMS 0x0000001a2d400000, 0x0000001a2d400000| Untracked 
|4458|0x0000001a2d600000, 0x0000001a2d600000, 0x0000001a2d800000|  0%| F|  |TAMS 0x0000001a2d600000, 0x0000001a2d600000| Untracked 
|4459|0x0000001a2d800000, 0x0000001a2d800000, 0x0000001a2da00000|  0%| F|  |TAMS 0x0000001a2d800000, 0x0000001a2d800000| Untracked 
|4460|0x0000001a2da00000, 0x0000001a2da00000, 0x0000001a2dc00000|  0%| F|  |TAMS 0x0000001a2da00000, 0x0000001a2da00000| Untracked 
|4461|0x0000001a2dc00000, 0x0000001a2dc00000, 0x0000001a2de00000|  0%| F|  |TAMS 0x0000001a2dc00000, 0x0000001a2dc00000| Untracked 
|4462|0x0000001a2de00000, 0x0000001a2de00000, 0x0000001a2e000000|  0%| F|  |TAMS 0x0000001a2de00000, 0x0000001a2de00000| Untracked 
|4463|0x0000001a2e000000, 0x0000001a2e000000, 0x0000001a2e200000|  0%| F|  |TAMS 0x0000001a2e000000, 0x0000001a2e000000| Untracked 
|4464|0x0000001a2e200000, 0x0000001a2e200000, 0x0000001a2e400000|  0%| F|  |TAMS 0x0000001a2e200000, 0x0000001a2e200000| Untracked 
|4465|0x0000001a2e400000, 0x0000001a2e400000, 0x0000001a2e600000|  0%| F|  |TAMS 0x0000001a2e400000, 0x0000001a2e400000| Untracked 
|4466|0x0000001a2e600000, 0x0000001a2e600000, 0x0000001a2e800000|  0%| F|  |TAMS 0x0000001a2e600000, 0x0000001a2e600000| Untracked 
|4467|0x0000001a2e800000, 0x0000001a2e800000, 0x0000001a2ea00000|  0%| F|  |TAMS 0x0000001a2e800000, 0x0000001a2e800000| Untracked 
|4468|0x0000001a2ea00000, 0x0000001a2ea00000, 0x0000001a2ec00000|  0%| F|  |TAMS 0x0000001a2ea00000, 0x0000001a2ea00000| Untracked 
|4469|0x0000001a2ec00000, 0x0000001a2ec00000, 0x0000001a2ee00000|  0%| F|  |TAMS 0x0000001a2ec00000, 0x0000001a2ec00000| Untracked 
|4470|0x0000001a2ee00000, 0x0000001a2ee00000, 0x0000001a2f000000|  0%| F|  |TAMS 0x0000001a2ee00000, 0x0000001a2ee00000| Untracked 
|4471|0x0000001a2f000000, 0x0000001a2f000000, 0x0000001a2f200000|  0%| F|  |TAMS 0x0000001a2f000000, 0x0000001a2f000000| Untracked 
|4472|0x0000001a2f200000, 0x0000001a2f200000, 0x0000001a2f400000|  0%| F|  |TAMS 0x0000001a2f200000, 0x0000001a2f200000| Untracked 
|4473|0x0000001a2f400000, 0x0000001a2f400000, 0x0000001a2f600000|  0%| F|  |TAMS 0x0000001a2f400000, 0x0000001a2f400000| Untracked 
|4474|0x0000001a2f600000, 0x0000001a2f600000, 0x0000001a2f800000|  0%| F|  |TAMS 0x0000001a2f600000, 0x0000001a2f600000| Untracked 
|4475|0x0000001a2f800000, 0x0000001a2f800000, 0x0000001a2fa00000|  0%| F|  |TAMS 0x0000001a2f800000, 0x0000001a2f800000| Untracked 
|4476|0x0000001a2fa00000, 0x0000001a2fa00000, 0x0000001a2fc00000|  0%| F|  |TAMS 0x0000001a2fa00000, 0x0000001a2fa00000| Untracked 
|4477|0x0000001a2fc00000, 0x0000001a2fc00000, 0x0000001a2fe00000|  0%| F|  |TAMS 0x0000001a2fc00000, 0x0000001a2fc00000| Untracked 
|4478|0x0000001a2fe00000, 0x0000001a2fe00000, 0x0000001a30000000|  0%| F|  |TAMS 0x0000001a2fe00000, 0x0000001a2fe00000| Untracked 
|4479|0x0000001a30000000, 0x0000001a30000000, 0x0000001a30200000|  0%| F|  |TAMS 0x0000001a30000000, 0x0000001a30000000| Untracked 
|4480|0x0000001a30200000, 0x0000001a30200000, 0x0000001a30400000|  0%| F|  |TAMS 0x0000001a30200000, 0x0000001a30200000| Untracked 
|4481|0x0000001a30400000, 0x0000001a30400000, 0x0000001a30600000|  0%| F|  |TAMS 0x0000001a30400000, 0x0000001a30400000| Untracked 
|4482|0x0000001a30600000, 0x0000001a30600000, 0x0000001a30800000|  0%| F|  |TAMS 0x0000001a30600000, 0x0000001a30600000| Untracked 
|4483|0x0000001a30800000, 0x0000001a30800000, 0x0000001a30a00000|  0%| F|  |TAMS 0x0000001a30800000, 0x0000001a30800000| Untracked 
|4484|0x0000001a30a00000, 0x0000001a30a00000, 0x0000001a30c00000|  0%| F|  |TAMS 0x0000001a30a00000, 0x0000001a30a00000| Untracked 
|4485|0x0000001a30c00000, 0x0000001a30c00000, 0x0000001a30e00000|  0%| F|  |TAMS 0x0000001a30c00000, 0x0000001a30c00000| Untracked 
|4486|0x0000001a30e00000, 0x0000001a30e00000, 0x0000001a31000000|  0%| F|  |TAMS 0x0000001a30e00000, 0x0000001a30e00000| Untracked 
|4487|0x0000001a31000000, 0x0000001a31000000, 0x0000001a31200000|  0%| F|  |TAMS 0x0000001a31000000, 0x0000001a31000000| Untracked 
|4488|0x0000001a31200000, 0x0000001a31200000, 0x0000001a31400000|  0%| F|  |TAMS 0x0000001a31200000, 0x0000001a31200000| Untracked 
|4489|0x0000001a31400000, 0x0000001a31400000, 0x0000001a31600000|  0%| F|  |TAMS 0x0000001a31400000, 0x0000001a31400000| Untracked 
|4490|0x0000001a31600000, 0x0000001a31600000, 0x0000001a31800000|  0%| F|  |TAMS 0x0000001a31600000, 0x0000001a31600000| Untracked 
|4491|0x0000001a31800000, 0x0000001a31800000, 0x0000001a31a00000|  0%| F|  |TAMS 0x0000001a31800000, 0x0000001a31800000| Untracked 
|4492|0x0000001a31a00000, 0x0000001a31a00000, 0x0000001a31c00000|  0%| F|  |TAMS 0x0000001a31a00000, 0x0000001a31a00000| Untracked 
|4493|0x0000001a31c00000, 0x0000001a31c00000, 0x0000001a31e00000|  0%| F|  |TAMS 0x0000001a31c00000, 0x0000001a31c00000| Untracked 
|4494|0x0000001a31e00000, 0x0000001a31e00000, 0x0000001a32000000|  0%| F|  |TAMS 0x0000001a31e00000, 0x0000001a31e00000| Untracked 
|4495|0x0000001a32000000, 0x0000001a32000000, 0x0000001a32200000|  0%| F|  |TAMS 0x0000001a32000000, 0x0000001a32000000| Untracked 
|4496|0x0000001a32200000, 0x0000001a32200000, 0x0000001a32400000|  0%| F|  |TAMS 0x0000001a32200000, 0x0000001a32200000| Untracked 
|4497|0x0000001a32400000, 0x0000001a32400000, 0x0000001a32600000|  0%| F|  |TAMS 0x0000001a32400000, 0x0000001a32400000| Untracked 
|4498|0x0000001a32600000, 0x0000001a32600000, 0x0000001a32800000|  0%| F|  |TAMS 0x0000001a32600000, 0x0000001a32600000| Untracked 
|4499|0x0000001a32800000, 0x0000001a32800000, 0x0000001a32a00000|  0%| F|  |TAMS 0x0000001a32800000, 0x0000001a32800000| Untracked 
|4500|0x0000001a32a00000, 0x0000001a32a00000, 0x0000001a32c00000|  0%| F|  |TAMS 0x0000001a32a00000, 0x0000001a32a00000| Untracked 
|4501|0x0000001a32c00000, 0x0000001a32c00000, 0x0000001a32e00000|  0%| F|  |TAMS 0x0000001a32c00000, 0x0000001a32c00000| Untracked 
|4502|0x0000001a32e00000, 0x0000001a32e00000, 0x0000001a33000000|  0%| F|  |TAMS 0x0000001a32e00000, 0x0000001a32e00000| Untracked 
|4503|0x0000001a33000000, 0x0000001a33000000, 0x0000001a33200000|  0%| F|  |TAMS 0x0000001a33000000, 0x0000001a33000000| Untracked 
|4504|0x0000001a33200000, 0x0000001a33200000, 0x0000001a33400000|  0%| F|  |TAMS 0x0000001a33200000, 0x0000001a33200000| Untracked 
|4505|0x0000001a33400000, 0x0000001a33400000, 0x0000001a33600000|  0%| F|  |TAMS 0x0000001a33400000, 0x0000001a33400000| Untracked 
|4506|0x0000001a33600000, 0x0000001a33600000, 0x0000001a33800000|  0%| F|  |TAMS 0x0000001a33600000, 0x0000001a33600000| Untracked 
|4507|0x0000001a33800000, 0x0000001a33800000, 0x0000001a33a00000|  0%| F|  |TAMS 0x0000001a33800000, 0x0000001a33800000| Untracked 
|4508|0x0000001a33a00000, 0x0000001a33a00000, 0x0000001a33c00000|  0%| F|  |TAMS 0x0000001a33a00000, 0x0000001a33a00000| Untracked 
|4509|0x0000001a33c00000, 0x0000001a33c00000, 0x0000001a33e00000|  0%| F|  |TAMS 0x0000001a33c00000, 0x0000001a33c00000| Untracked 
|4510|0x0000001a33e00000, 0x0000001a33e00000, 0x0000001a34000000|  0%| F|  |TAMS 0x0000001a33e00000, 0x0000001a33e00000| Untracked 
|4511|0x0000001a34000000, 0x0000001a34000000, 0x0000001a34200000|  0%| F|  |TAMS 0x0000001a34000000, 0x0000001a34000000| Untracked 
|4512|0x0000001a34200000, 0x0000001a34200000, 0x0000001a34400000|  0%| F|  |TAMS 0x0000001a34200000, 0x0000001a34200000| Untracked 
|4513|0x0000001a34400000, 0x0000001a34400000, 0x0000001a34600000|  0%| F|  |TAMS 0x0000001a34400000, 0x0000001a34400000| Untracked 
|4514|0x0000001a34600000, 0x0000001a34600000, 0x0000001a34800000|  0%| F|  |TAMS 0x0000001a34600000, 0x0000001a34600000| Untracked 
|4515|0x0000001a34800000, 0x0000001a34800000, 0x0000001a34a00000|  0%| F|  |TAMS 0x0000001a34800000, 0x0000001a34800000| Untracked 
|4516|0x0000001a34a00000, 0x0000001a34a00000, 0x0000001a34c00000|  0%| F|  |TAMS 0x0000001a34a00000, 0x0000001a34a00000| Untracked 
|4517|0x0000001a34c00000, 0x0000001a34c00000, 0x0000001a34e00000|  0%| F|  |TAMS 0x0000001a34c00000, 0x0000001a34c00000| Untracked 
|4518|0x0000001a34e00000, 0x0000001a34e00000, 0x0000001a35000000|  0%| F|  |TAMS 0x0000001a34e00000, 0x0000001a34e00000| Untracked 
|4519|0x0000001a35000000, 0x0000001a35000000, 0x0000001a35200000|  0%| F|  |TAMS 0x0000001a35000000, 0x0000001a35000000| Untracked 
|4520|0x0000001a35200000, 0x0000001a35200000, 0x0000001a35400000|  0%| F|  |TAMS 0x0000001a35200000, 0x0000001a35200000| Untracked 
|4521|0x0000001a35400000, 0x0000001a35400000, 0x0000001a35600000|  0%| F|  |TAMS 0x0000001a35400000, 0x0000001a35400000| Untracked 
|4522|0x0000001a35600000, 0x0000001a35600000, 0x0000001a35800000|  0%| F|  |TAMS 0x0000001a35600000, 0x0000001a35600000| Untracked 
|4523|0x0000001a35800000, 0x0000001a35800000, 0x0000001a35a00000|  0%| F|  |TAMS 0x0000001a35800000, 0x0000001a35800000| Untracked 
|4524|0x0000001a35a00000, 0x0000001a35a00000, 0x0000001a35c00000|  0%| F|  |TAMS 0x0000001a35a00000, 0x0000001a35a00000| Untracked 
|4525|0x0000001a35c00000, 0x0000001a35c00000, 0x0000001a35e00000|  0%| F|  |TAMS 0x0000001a35c00000, 0x0000001a35c00000| Untracked 
|4526|0x0000001a35e00000, 0x0000001a35e00000, 0x0000001a36000000|  0%| F|  |TAMS 0x0000001a35e00000, 0x0000001a35e00000| Untracked 
|4527|0x0000001a36000000, 0x0000001a36000000, 0x0000001a36200000|  0%| F|  |TAMS 0x0000001a36000000, 0x0000001a36000000| Untracked 
|4528|0x0000001a36200000, 0x0000001a36200000, 0x0000001a36400000|  0%| F|  |TAMS 0x0000001a36200000, 0x0000001a36200000| Untracked 
|4529|0x0000001a36400000, 0x0000001a36400000, 0x0000001a36600000|  0%| F|  |TAMS 0x0000001a36400000, 0x0000001a36400000| Untracked 
|4530|0x0000001a36600000, 0x0000001a36600000, 0x0000001a36800000|  0%| F|  |TAMS 0x0000001a36600000, 0x0000001a36600000| Untracked 
|4531|0x0000001a36800000, 0x0000001a36800000, 0x0000001a36a00000|  0%| F|  |TAMS 0x0000001a36800000, 0x0000001a36800000| Untracked 
|4532|0x0000001a36a00000, 0x0000001a36a00000, 0x0000001a36c00000|  0%| F|  |TAMS 0x0000001a36a00000, 0x0000001a36a00000| Untracked 
|4533|0x0000001a36c00000, 0x0000001a36c00000, 0x0000001a36e00000|  0%| F|  |TAMS 0x0000001a36c00000, 0x0000001a36c00000| Untracked 
|4534|0x0000001a36e00000, 0x0000001a36e00000, 0x0000001a37000000|  0%| F|  |TAMS 0x0000001a36e00000, 0x0000001a36e00000| Untracked 
|4535|0x0000001a37000000, 0x0000001a37000000, 0x0000001a37200000|  0%| F|  |TAMS 0x0000001a37000000, 0x0000001a37000000| Untracked 
|4536|0x0000001a37200000, 0x0000001a37200000, 0x0000001a37400000|  0%| F|  |TAMS 0x0000001a37200000, 0x0000001a37200000| Untracked 
|4537|0x0000001a37400000, 0x0000001a37400000, 0x0000001a37600000|  0%| F|  |TAMS 0x0000001a37400000, 0x0000001a37400000| Untracked 
|4538|0x0000001a37600000, 0x0000001a37600000, 0x0000001a37800000|  0%| F|  |TAMS 0x0000001a37600000, 0x0000001a37600000| Untracked 
|4539|0x0000001a37800000, 0x0000001a37800000, 0x0000001a37a00000|  0%| F|  |TAMS 0x0000001a37800000, 0x0000001a37800000| Untracked 
|4540|0x0000001a37a00000, 0x0000001a37a00000, 0x0000001a37c00000|  0%| F|  |TAMS 0x0000001a37a00000, 0x0000001a37a00000| Untracked 
|4541|0x0000001a37c00000, 0x0000001a37c00000, 0x0000001a37e00000|  0%| F|  |TAMS 0x0000001a37c00000, 0x0000001a37c00000| Untracked 
|4542|0x0000001a37e00000, 0x0000001a37e00000, 0x0000001a38000000|  0%| F|  |TAMS 0x0000001a37e00000, 0x0000001a37e00000| Untracked 
|4543|0x0000001a38000000, 0x0000001a38000000, 0x0000001a38200000|  0%| F|  |TAMS 0x0000001a38000000, 0x0000001a38000000| Untracked 
|4544|0x0000001a38200000, 0x0000001a38200000, 0x0000001a38400000|  0%| F|  |TAMS 0x0000001a38200000, 0x0000001a38200000| Untracked 
|4545|0x0000001a38400000, 0x0000001a38400000, 0x0000001a38600000|  0%| F|  |TAMS 0x0000001a38400000, 0x0000001a38400000| Untracked 
|4546|0x0000001a38600000, 0x0000001a38600000, 0x0000001a38800000|  0%| F|  |TAMS 0x0000001a38600000, 0x0000001a38600000| Untracked 
|4547|0x0000001a38800000, 0x0000001a38800000, 0x0000001a38a00000|  0%| F|  |TAMS 0x0000001a38800000, 0x0000001a38800000| Untracked 
|4548|0x0000001a38a00000, 0x0000001a38a00000, 0x0000001a38c00000|  0%| F|  |TAMS 0x0000001a38a00000, 0x0000001a38a00000| Untracked 
|4549|0x0000001a38c00000, 0x0000001a38c00000, 0x0000001a38e00000|  0%| F|  |TAMS 0x0000001a38c00000, 0x0000001a38c00000| Untracked 
|4550|0x0000001a38e00000, 0x0000001a38e00000, 0x0000001a39000000|  0%| F|  |TAMS 0x0000001a38e00000, 0x0000001a38e00000| Untracked 
|4551|0x0000001a39000000, 0x0000001a39000000, 0x0000001a39200000|  0%| F|  |TAMS 0x0000001a39000000, 0x0000001a39000000| Untracked 
|4552|0x0000001a39200000, 0x0000001a39200000, 0x0000001a39400000|  0%| F|  |TAMS 0x0000001a39200000, 0x0000001a39200000| Untracked 
|4553|0x0000001a39400000, 0x0000001a39400000, 0x0000001a39600000|  0%| F|  |TAMS 0x0000001a39400000, 0x0000001a39400000| Untracked 
|4554|0x0000001a39600000, 0x0000001a39600000, 0x0000001a39800000|  0%| F|  |TAMS 0x0000001a39600000, 0x0000001a39600000| Untracked 
|4555|0x0000001a39800000, 0x0000001a39800000, 0x0000001a39a00000|  0%| F|  |TAMS 0x0000001a39800000, 0x0000001a39800000| Untracked 
|4556|0x0000001a39a00000, 0x0000001a39a00000, 0x0000001a39c00000|  0%| F|  |TAMS 0x0000001a39a00000, 0x0000001a39a00000| Untracked 
|4557|0x0000001a39c00000, 0x0000001a39c00000, 0x0000001a39e00000|  0%| F|  |TAMS 0x0000001a39c00000, 0x0000001a39c00000| Untracked 
|4558|0x0000001a39e00000, 0x0000001a39e00000, 0x0000001a3a000000|  0%| F|  |TAMS 0x0000001a39e00000, 0x0000001a39e00000| Untracked 
|4559|0x0000001a3a000000, 0x0000001a3a000000, 0x0000001a3a200000|  0%| F|  |TAMS 0x0000001a3a000000, 0x0000001a3a000000| Untracked 
|4560|0x0000001a3a200000, 0x0000001a3a200000, 0x0000001a3a400000|  0%| F|  |TAMS 0x0000001a3a200000, 0x0000001a3a200000| Untracked 
|4561|0x0000001a3a400000, 0x0000001a3a400000, 0x0000001a3a600000|  0%| F|  |TAMS 0x0000001a3a400000, 0x0000001a3a400000| Untracked 
|4562|0x0000001a3a600000, 0x0000001a3a600000, 0x0000001a3a800000|  0%| F|  |TAMS 0x0000001a3a600000, 0x0000001a3a600000| Untracked 
|4563|0x0000001a3a800000, 0x0000001a3a800000, 0x0000001a3aa00000|  0%| F|  |TAMS 0x0000001a3a800000, 0x0000001a3a800000| Untracked 
|4564|0x0000001a3aa00000, 0x0000001a3aa00000, 0x0000001a3ac00000|  0%| F|  |TAMS 0x0000001a3aa00000, 0x0000001a3aa00000| Untracked 
|4565|0x0000001a3ac00000, 0x0000001a3ac00000, 0x0000001a3ae00000|  0%| F|  |TAMS 0x0000001a3ac00000, 0x0000001a3ac00000| Untracked 
|4566|0x0000001a3ae00000, 0x0000001a3ae00000, 0x0000001a3b000000|  0%| F|  |TAMS 0x0000001a3ae00000, 0x0000001a3ae00000| Untracked 
|4567|0x0000001a3b000000, 0x0000001a3b000000, 0x0000001a3b200000|  0%| F|  |TAMS 0x0000001a3b000000, 0x0000001a3b000000| Untracked 
|4568|0x0000001a3b200000, 0x0000001a3b200000, 0x0000001a3b400000|  0%| F|  |TAMS 0x0000001a3b200000, 0x0000001a3b200000| Untracked 
|4569|0x0000001a3b400000, 0x0000001a3b400000, 0x0000001a3b600000|  0%| F|  |TAMS 0x0000001a3b400000, 0x0000001a3b400000| Untracked 
|4570|0x0000001a3b600000, 0x0000001a3b600000, 0x0000001a3b800000|  0%| F|  |TAMS 0x0000001a3b600000, 0x0000001a3b600000| Untracked 
|4571|0x0000001a3b800000, 0x0000001a3b800000, 0x0000001a3ba00000|  0%| F|  |TAMS 0x0000001a3b800000, 0x0000001a3b800000| Untracked 
|4572|0x0000001a3ba00000, 0x0000001a3ba00000, 0x0000001a3bc00000|  0%| F|  |TAMS 0x0000001a3ba00000, 0x0000001a3ba00000| Untracked 
|4573|0x0000001a3bc00000, 0x0000001a3bc00000, 0x0000001a3be00000|  0%| F|  |TAMS 0x0000001a3bc00000, 0x0000001a3bc00000| Untracked 
|4574|0x0000001a3be00000, 0x0000001a3be00000, 0x0000001a3c000000|  0%| F|  |TAMS 0x0000001a3be00000, 0x0000001a3be00000| Untracked 
|4575|0x0000001a3c000000, 0x0000001a3c000000, 0x0000001a3c200000|  0%| F|  |TAMS 0x0000001a3c000000, 0x0000001a3c000000| Untracked 
|4576|0x0000001a3c200000, 0x0000001a3c200000, 0x0000001a3c400000|  0%| F|  |TAMS 0x0000001a3c200000, 0x0000001a3c200000| Untracked 
|4577|0x0000001a3c400000, 0x0000001a3c400000, 0x0000001a3c600000|  0%| F|  |TAMS 0x0000001a3c400000, 0x0000001a3c400000| Untracked 
|4578|0x0000001a3c600000, 0x0000001a3c600000, 0x0000001a3c800000|  0%| F|  |TAMS 0x0000001a3c600000, 0x0000001a3c600000| Untracked 
|4579|0x0000001a3c800000, 0x0000001a3c800000, 0x0000001a3ca00000|  0%| F|  |TAMS 0x0000001a3c800000, 0x0000001a3c800000| Untracked 
|4580|0x0000001a3ca00000, 0x0000001a3ca00000, 0x0000001a3cc00000|  0%| F|  |TAMS 0x0000001a3ca00000, 0x0000001a3ca00000| Untracked 
|4581|0x0000001a3cc00000, 0x0000001a3cc00000, 0x0000001a3ce00000|  0%| F|  |TAMS 0x0000001a3cc00000, 0x0000001a3cc00000| Untracked 
|4582|0x0000001a3ce00000, 0x0000001a3ce00000, 0x0000001a3d000000|  0%| F|  |TAMS 0x0000001a3ce00000, 0x0000001a3ce00000| Untracked 
|4583|0x0000001a3d000000, 0x0000001a3d000000, 0x0000001a3d200000|  0%| F|  |TAMS 0x0000001a3d000000, 0x0000001a3d000000| Untracked 
|4584|0x0000001a3d200000, 0x0000001a3d200000, 0x0000001a3d400000|  0%| F|  |TAMS 0x0000001a3d200000, 0x0000001a3d200000| Untracked 
|4585|0x0000001a3d400000, 0x0000001a3d400000, 0x0000001a3d600000|  0%| F|  |TAMS 0x0000001a3d400000, 0x0000001a3d400000| Untracked 
|4586|0x0000001a3d600000, 0x0000001a3d600000, 0x0000001a3d800000|  0%| F|  |TAMS 0x0000001a3d600000, 0x0000001a3d600000| Untracked 
|4587|0x0000001a3d800000, 0x0000001a3d800000, 0x0000001a3da00000|  0%| F|  |TAMS 0x0000001a3d800000, 0x0000001a3d800000| Untracked 
|4588|0x0000001a3da00000, 0x0000001a3da00000, 0x0000001a3dc00000|  0%| F|  |TAMS 0x0000001a3da00000, 0x0000001a3da00000| Untracked 
|4589|0x0000001a3dc00000, 0x0000001a3dc00000, 0x0000001a3de00000|  0%| F|  |TAMS 0x0000001a3dc00000, 0x0000001a3dc00000| Untracked 
|4590|0x0000001a3de00000, 0x0000001a3de00000, 0x0000001a3e000000|  0%| F|  |TAMS 0x0000001a3de00000, 0x0000001a3de00000| Untracked 
|4591|0x0000001a3e000000, 0x0000001a3e000000, 0x0000001a3e200000|  0%| F|  |TAMS 0x0000001a3e000000, 0x0000001a3e000000| Untracked 
|4592|0x0000001a3e200000, 0x0000001a3e200000, 0x0000001a3e400000|  0%| F|  |TAMS 0x0000001a3e200000, 0x0000001a3e200000| Untracked 
|4593|0x0000001a3e400000, 0x0000001a3e400000, 0x0000001a3e600000|  0%| F|  |TAMS 0x0000001a3e400000, 0x0000001a3e400000| Untracked 
|4594|0x0000001a3e600000, 0x0000001a3e600000, 0x0000001a3e800000|  0%| F|  |TAMS 0x0000001a3e600000, 0x0000001a3e600000| Untracked 
|4595|0x0000001a3e800000, 0x0000001a3e800000, 0x0000001a3ea00000|  0%| F|  |TAMS 0x0000001a3e800000, 0x0000001a3e800000| Untracked 
|4596|0x0000001a3ea00000, 0x0000001a3ea00000, 0x0000001a3ec00000|  0%| F|  |TAMS 0x0000001a3ea00000, 0x0000001a3ea00000| Untracked 
|4597|0x0000001a3ec00000, 0x0000001a3ec00000, 0x0000001a3ee00000|  0%| F|  |TAMS 0x0000001a3ec00000, 0x0000001a3ec00000| Untracked 
|4598|0x0000001a3ee00000, 0x0000001a3ee00000, 0x0000001a3f000000|  0%| F|  |TAMS 0x0000001a3ee00000, 0x0000001a3ee00000| Untracked 
|4599|0x0000001a3f000000, 0x0000001a3f000000, 0x0000001a3f200000|  0%| F|  |TAMS 0x0000001a3f000000, 0x0000001a3f000000| Untracked 
|4600|0x0000001a3f200000, 0x0000001a3f200000, 0x0000001a3f400000|  0%| F|  |TAMS 0x0000001a3f200000, 0x0000001a3f200000| Untracked 
|4601|0x0000001a3f400000, 0x0000001a3f400000, 0x0000001a3f600000|  0%| F|  |TAMS 0x0000001a3f400000, 0x0000001a3f400000| Untracked 
|4602|0x0000001a3f600000, 0x0000001a3f600000, 0x0000001a3f800000|  0%| F|  |TAMS 0x0000001a3f600000, 0x0000001a3f600000| Untracked 
|4603|0x0000001a3f800000, 0x0000001a3f800000, 0x0000001a3fa00000|  0%| F|  |TAMS 0x0000001a3f800000, 0x0000001a3f800000| Untracked 
|4604|0x0000001a3fa00000, 0x0000001a3fc00000, 0x0000001a3fc00000|100%| E|  |TAMS 0x0000001a3fa00000, 0x0000001a3fa00000| Complete 
|4605|0x0000001a3fc00000, 0x0000001a3fe00000, 0x0000001a3fe00000|100%| E|CS|TAMS 0x0000001a3fc00000, 0x0000001a3fc00000| Complete 
|4606|0x0000001a3fe00000, 0x0000001a40000000, 0x0000001a40000000|100%| E|CS|TAMS 0x0000001a3fe00000, 0x0000001a3fe00000| Complete 
|4607|0x0000001a40000000, 0x0000001a40200000, 0x0000001a40200000|100%| E|CS|TAMS 0x0000001a40000000, 0x0000001a40000000| Complete 
|4608|0x0000001a40200000, 0x0000001a40400000, 0x0000001a40400000|100%| E|CS|TAMS 0x0000001a40200000, 0x0000001a40200000| Complete 
|4609|0x0000001a40400000, 0x0000001a40600000, 0x0000001a40600000|100%| E|CS|TAMS 0x0000001a40400000, 0x0000001a40400000| Complete 
|4610|0x0000001a40600000, 0x0000001a40800000, 0x0000001a40800000|100%| E|CS|TAMS 0x0000001a40600000, 0x0000001a40600000| Complete 
|4611|0x0000001a40800000, 0x0000001a40a00000, 0x0000001a40a00000|100%| E|CS|TAMS 0x0000001a40800000, 0x0000001a40800000| Complete 
|4612|0x0000001a40a00000, 0x0000001a40c00000, 0x0000001a40c00000|100%| E|CS|TAMS 0x0000001a40a00000, 0x0000001a40a00000| Complete 
|4613|0x0000001a40c00000, 0x0000001a40e00000, 0x0000001a40e00000|100%| E|CS|TAMS 0x0000001a40c00000, 0x0000001a40c00000| Complete 
|4614|0x0000001a40e00000, 0x0000001a41000000, 0x0000001a41000000|100%| E|CS|TAMS 0x0000001a40e00000, 0x0000001a40e00000| Complete 
|4615|0x0000001a41000000, 0x0000001a41200000, 0x0000001a41200000|100%| E|CS|TAMS 0x0000001a41000000, 0x0000001a41000000| Complete 
|4616|0x0000001a41200000, 0x0000001a41400000, 0x0000001a41400000|100%| E|CS|TAMS 0x0000001a41200000, 0x0000001a41200000| Complete 
|4617|0x0000001a41400000, 0x0000001a41600000, 0x0000001a41600000|100%| E|CS|TAMS 0x0000001a41400000, 0x0000001a41400000| Complete 
|4618|0x0000001a41600000, 0x0000001a41800000, 0x0000001a41800000|100%| E|CS|TAMS 0x0000001a41600000, 0x0000001a41600000| Complete 
|4619|0x0000001a41800000, 0x0000001a41a00000, 0x0000001a41a00000|100%| E|CS|TAMS 0x0000001a41800000, 0x0000001a41800000| Complete 
|4620|0x0000001a41a00000, 0x0000001a41c00000, 0x0000001a41c00000|100%| E|CS|TAMS 0x0000001a41a00000, 0x0000001a41a00000| Complete 
|4621|0x0000001a41c00000, 0x0000001a41e00000, 0x0000001a41e00000|100%| E|CS|TAMS 0x0000001a41c00000, 0x0000001a41c00000| Complete 
|4622|0x0000001a41e00000, 0x0000001a42000000, 0x0000001a42000000|100%| E|CS|TAMS 0x0000001a41e00000, 0x0000001a41e00000| Complete 
|4623|0x0000001a42000000, 0x0000001a42200000, 0x0000001a42200000|100%| E|CS|TAMS 0x0000001a42000000, 0x0000001a42000000| Complete 
|4624|0x0000001a42200000, 0x0000001a42400000, 0x0000001a42400000|100%| E|CS|TAMS 0x0000001a42200000, 0x0000001a42200000| Complete 
|4625|0x0000001a42400000, 0x0000001a42600000, 0x0000001a42600000|100%| E|CS|TAMS 0x0000001a42400000, 0x0000001a42400000| Complete 
|4626|0x0000001a42600000, 0x0000001a42800000, 0x0000001a42800000|100%| E|CS|TAMS 0x0000001a42600000, 0x0000001a42600000| Complete 
|4627|0x0000001a42800000, 0x0000001a42a00000, 0x0000001a42a00000|100%| E|CS|TAMS 0x0000001a42800000, 0x0000001a42800000| Complete 
|4628|0x0000001a42a00000, 0x0000001a42c00000, 0x0000001a42c00000|100%| E|CS|TAMS 0x0000001a42a00000, 0x0000001a42a00000| Complete 
|4629|0x0000001a42c00000, 0x0000001a42e00000, 0x0000001a42e00000|100%| E|CS|TAMS 0x0000001a42c00000, 0x0000001a42c00000| Complete 
|4630|0x0000001a42e00000, 0x0000001a43000000, 0x0000001a43000000|100%| E|CS|TAMS 0x0000001a42e00000, 0x0000001a42e00000| Complete 
|4631|0x0000001a43000000, 0x0000001a43200000, 0x0000001a43200000|100%| E|CS|TAMS 0x0000001a43000000, 0x0000001a43000000| Complete 
|4632|0x0000001a43200000, 0x0000001a43400000, 0x0000001a43400000|100%| E|CS|TAMS 0x0000001a43200000, 0x0000001a43200000| Complete 
|4633|0x0000001a43400000, 0x0000001a43600000, 0x0000001a43600000|100%| E|CS|TAMS 0x0000001a43400000, 0x0000001a43400000| Complete 
|4634|0x0000001a43600000, 0x0000001a43800000, 0x0000001a43800000|100%| E|CS|TAMS 0x0000001a43600000, 0x0000001a43600000| Complete 
|4635|0x0000001a43800000, 0x0000001a43a00000, 0x0000001a43a00000|100%| E|CS|TAMS 0x0000001a43800000, 0x0000001a43800000| Complete 
|4636|0x0000001a43a00000, 0x0000001a43c00000, 0x0000001a43c00000|100%| E|CS|TAMS 0x0000001a43a00000, 0x0000001a43a00000| Complete 
|4637|0x0000001a43c00000, 0x0000001a43e00000, 0x0000001a43e00000|100%| E|CS|TAMS 0x0000001a43c00000, 0x0000001a43c00000| Complete 
|4638|0x0000001a43e00000, 0x0000001a44000000, 0x0000001a44000000|100%| E|CS|TAMS 0x0000001a43e00000, 0x0000001a43e00000| Complete 
|4639|0x0000001a44000000, 0x0000001a44200000, 0x0000001a44200000|100%| E|CS|TAMS 0x0000001a44000000, 0x0000001a44000000| Complete 
|4640|0x0000001a44200000, 0x0000001a44400000, 0x0000001a44400000|100%| E|CS|TAMS 0x0000001a44200000, 0x0000001a44200000| Complete 
|4641|0x0000001a44400000, 0x0000001a44600000, 0x0000001a44600000|100%| E|CS|TAMS 0x0000001a44400000, 0x0000001a44400000| Complete 
|4642|0x0000001a44600000, 0x0000001a44800000, 0x0000001a44800000|100%| E|CS|TAMS 0x0000001a44600000, 0x0000001a44600000| Complete 
|4643|0x0000001a44800000, 0x0000001a44a00000, 0x0000001a44a00000|100%| E|CS|TAMS 0x0000001a44800000, 0x0000001a44800000| Complete 
|4644|0x0000001a44a00000, 0x0000001a44c00000, 0x0000001a44c00000|100%| E|CS|TAMS 0x0000001a44a00000, 0x0000001a44a00000| Complete 
|4645|0x0000001a44c00000, 0x0000001a44e00000, 0x0000001a44e00000|100%| E|CS|TAMS 0x0000001a44c00000, 0x0000001a44c00000| Complete 
|4646|0x0000001a44e00000, 0x0000001a45000000, 0x0000001a45000000|100%| E|CS|TAMS 0x0000001a44e00000, 0x0000001a44e00000| Complete 
|4647|0x0000001a45000000, 0x0000001a45200000, 0x0000001a45200000|100%| E|CS|TAMS 0x0000001a45000000, 0x0000001a45000000| Complete 
|4648|0x0000001a45200000, 0x0000001a45400000, 0x0000001a45400000|100%| E|CS|TAMS 0x0000001a45200000, 0x0000001a45200000| Complete 
|4649|0x0000001a45400000, 0x0000001a45600000, 0x0000001a45600000|100%| E|CS|TAMS 0x0000001a45400000, 0x0000001a45400000| Complete 
|4650|0x0000001a45600000, 0x0000001a45800000, 0x0000001a45800000|100%| E|CS|TAMS 0x0000001a45600000, 0x0000001a45600000| Complete 
|4651|0x0000001a45800000, 0x0000001a45a00000, 0x0000001a45a00000|100%| E|CS|TAMS 0x0000001a45800000, 0x0000001a45800000| Complete 
|4652|0x0000001a45a00000, 0x0000001a45c00000, 0x0000001a45c00000|100%| E|CS|TAMS 0x0000001a45a00000, 0x0000001a45a00000| Complete 
|4653|0x0000001a45c00000, 0x0000001a45e00000, 0x0000001a45e00000|100%| E|CS|TAMS 0x0000001a45c00000, 0x0000001a45c00000| Complete 
|4654|0x0000001a45e00000, 0x0000001a46000000, 0x0000001a46000000|100%| E|CS|TAMS 0x0000001a45e00000, 0x0000001a45e00000| Complete 
|4655|0x0000001a46000000, 0x0000001a46200000, 0x0000001a46200000|100%| E|CS|TAMS 0x0000001a46000000, 0x0000001a46000000| Complete 
|4656|0x0000001a46200000, 0x0000001a46400000, 0x0000001a46400000|100%| E|CS|TAMS 0x0000001a46200000, 0x0000001a46200000| Complete 
|4657|0x0000001a46400000, 0x0000001a46600000, 0x0000001a46600000|100%| E|CS|TAMS 0x0000001a46400000, 0x0000001a46400000| Complete 
|4658|0x0000001a46600000, 0x0000001a46800000, 0x0000001a46800000|100%| E|CS|TAMS 0x0000001a46600000, 0x0000001a46600000| Complete 
|4659|0x0000001a46800000, 0x0000001a46a00000, 0x0000001a46a00000|100%| E|CS|TAMS 0x0000001a46800000, 0x0000001a46800000| Complete 
|4660|0x0000001a46a00000, 0x0000001a46c00000, 0x0000001a46c00000|100%| E|CS|TAMS 0x0000001a46a00000, 0x0000001a46a00000| Complete 
|4661|0x0000001a46c00000, 0x0000001a46e00000, 0x0000001a46e00000|100%| E|CS|TAMS 0x0000001a46c00000, 0x0000001a46c00000| Complete 
|4662|0x0000001a46e00000, 0x0000001a47000000, 0x0000001a47000000|100%| E|CS|TAMS 0x0000001a46e00000, 0x0000001a46e00000| Complete 
|4663|0x0000001a47000000, 0x0000001a47200000, 0x0000001a47200000|100%| E|CS|TAMS 0x0000001a47000000, 0x0000001a47000000| Complete 
|4664|0x0000001a47200000, 0x0000001a47400000, 0x0000001a47400000|100%| E|CS|TAMS 0x0000001a47200000, 0x0000001a47200000| Complete 
|4665|0x0000001a47400000, 0x0000001a47600000, 0x0000001a47600000|100%| E|CS|TAMS 0x0000001a47400000, 0x0000001a47400000| Complete 
|4666|0x0000001a47600000, 0x0000001a47800000, 0x0000001a47800000|100%| E|CS|TAMS 0x0000001a47600000, 0x0000001a47600000| Complete 
|4667|0x0000001a47800000, 0x0000001a47a00000, 0x0000001a47a00000|100%| E|CS|TAMS 0x0000001a47800000, 0x0000001a47800000| Complete 
|4668|0x0000001a47a00000, 0x0000001a47c00000, 0x0000001a47c00000|100%| E|CS|TAMS 0x0000001a47a00000, 0x0000001a47a00000| Complete 
|4669|0x0000001a47c00000, 0x0000001a47e00000, 0x0000001a47e00000|100%| E|CS|TAMS 0x0000001a47c00000, 0x0000001a47c00000| Complete 
|4670|0x0000001a47e00000, 0x0000001a48000000, 0x0000001a48000000|100%| E|CS|TAMS 0x0000001a47e00000, 0x0000001a47e00000| Complete 
|4671|0x0000001a48000000, 0x0000001a48200000, 0x0000001a48200000|100%| E|CS|TAMS 0x0000001a48000000, 0x0000001a48000000| Complete 
|4672|0x0000001a48200000, 0x0000001a48400000, 0x0000001a48400000|100%| E|CS|TAMS 0x0000001a48200000, 0x0000001a48200000| Complete 
|4673|0x0000001a48400000, 0x0000001a48600000, 0x0000001a48600000|100%| E|CS|TAMS 0x0000001a48400000, 0x0000001a48400000| Complete 
|4674|0x0000001a48600000, 0x0000001a48800000, 0x0000001a48800000|100%| E|CS|TAMS 0x0000001a48600000, 0x0000001a48600000| Complete 
|4675|0x0000001a48800000, 0x0000001a48a00000, 0x0000001a48a00000|100%| E|CS|TAMS 0x0000001a48800000, 0x0000001a48800000| Complete 
|4676|0x0000001a48a00000, 0x0000001a48c00000, 0x0000001a48c00000|100%| E|CS|TAMS 0x0000001a48a00000, 0x0000001a48a00000| Complete 
|4677|0x0000001a48c00000, 0x0000001a48e00000, 0x0000001a48e00000|100%| E|CS|TAMS 0x0000001a48c00000, 0x0000001a48c00000| Complete 
|4678|0x0000001a48e00000, 0x0000001a49000000, 0x0000001a49000000|100%| E|CS|TAMS 0x0000001a48e00000, 0x0000001a48e00000| Complete 
|4679|0x0000001a49000000, 0x0000001a49200000, 0x0000001a49200000|100%| E|CS|TAMS 0x0000001a49000000, 0x0000001a49000000| Complete 
|4680|0x0000001a49200000, 0x0000001a49400000, 0x0000001a49400000|100%| E|CS|TAMS 0x0000001a49200000, 0x0000001a49200000| Complete 
|4681|0x0000001a49400000, 0x0000001a49600000, 0x0000001a49600000|100%| E|CS|TAMS 0x0000001a49400000, 0x0000001a49400000| Complete 
|4682|0x0000001a49600000, 0x0000001a49800000, 0x0000001a49800000|100%| E|CS|TAMS 0x0000001a49600000, 0x0000001a49600000| Complete 
|4683|0x0000001a49800000, 0x0000001a49a00000, 0x0000001a49a00000|100%| E|CS|TAMS 0x0000001a49800000, 0x0000001a49800000| Complete 
|4684|0x0000001a49a00000, 0x0000001a49c00000, 0x0000001a49c00000|100%| E|CS|TAMS 0x0000001a49a00000, 0x0000001a49a00000| Complete 
|4685|0x0000001a49c00000, 0x0000001a49e00000, 0x0000001a49e00000|100%| E|CS|TAMS 0x0000001a49c00000, 0x0000001a49c00000| Complete 
|4686|0x0000001a49e00000, 0x0000001a4a000000, 0x0000001a4a000000|100%| E|CS|TAMS 0x0000001a49e00000, 0x0000001a49e00000| Complete 
|4687|0x0000001a4a000000, 0x0000001a4a200000, 0x0000001a4a200000|100%| E|CS|TAMS 0x0000001a4a000000, 0x0000001a4a000000| Complete 
|4688|0x0000001a4a200000, 0x0000001a4a400000, 0x0000001a4a400000|100%| E|CS|TAMS 0x0000001a4a200000, 0x0000001a4a200000| Complete 
|4689|0x0000001a4a400000, 0x0000001a4a600000, 0x0000001a4a600000|100%| E|CS|TAMS 0x0000001a4a400000, 0x0000001a4a400000| Complete 
|4690|0x0000001a4a600000, 0x0000001a4a800000, 0x0000001a4a800000|100%| E|CS|TAMS 0x0000001a4a600000, 0x0000001a4a600000| Complete 
|4691|0x0000001a4a800000, 0x0000001a4aa00000, 0x0000001a4aa00000|100%| E|CS|TAMS 0x0000001a4a800000, 0x0000001a4a800000| Complete 
|4692|0x0000001a4aa00000, 0x0000001a4ac00000, 0x0000001a4ac00000|100%| E|CS|TAMS 0x0000001a4aa00000, 0x0000001a4aa00000| Complete 
|4693|0x0000001a4ac00000, 0x0000001a4ae00000, 0x0000001a4ae00000|100%| E|CS|TAMS 0x0000001a4ac00000, 0x0000001a4ac00000| Complete 
|4694|0x0000001a4ae00000, 0x0000001a4b000000, 0x0000001a4b000000|100%| E|CS|TAMS 0x0000001a4ae00000, 0x0000001a4ae00000| Complete 
|4695|0x0000001a4b000000, 0x0000001a4b200000, 0x0000001a4b200000|100%| E|CS|TAMS 0x0000001a4b000000, 0x0000001a4b000000| Complete 
|4696|0x0000001a4b200000, 0x0000001a4b400000, 0x0000001a4b400000|100%| E|CS|TAMS 0x0000001a4b200000, 0x0000001a4b200000| Complete 
|4697|0x0000001a4b400000, 0x0000001a4b600000, 0x0000001a4b600000|100%| E|CS|TAMS 0x0000001a4b400000, 0x0000001a4b400000| Complete 
|4698|0x0000001a4b600000, 0x0000001a4b800000, 0x0000001a4b800000|100%| E|CS|TAMS 0x0000001a4b600000, 0x0000001a4b600000| Complete 
|4699|0x0000001a4b800000, 0x0000001a4ba00000, 0x0000001a4ba00000|100%| E|CS|TAMS 0x0000001a4b800000, 0x0000001a4b800000| Complete 
|4700|0x0000001a4ba00000, 0x0000001a4bc00000, 0x0000001a4bc00000|100%| E|CS|TAMS 0x0000001a4ba00000, 0x0000001a4ba00000| Complete 
|4701|0x0000001a4bc00000, 0x0000001a4be00000, 0x0000001a4be00000|100%| E|CS|TAMS 0x0000001a4bc00000, 0x0000001a4bc00000| Complete 
|4702|0x0000001a4be00000, 0x0000001a4c000000, 0x0000001a4c000000|100%| E|CS|TAMS 0x0000001a4be00000, 0x0000001a4be00000| Complete 
|4703|0x0000001a4c000000, 0x0000001a4c200000, 0x0000001a4c200000|100%| E|CS|TAMS 0x0000001a4c000000, 0x0000001a4c000000| Complete 
|4704|0x0000001a4c200000, 0x0000001a4c400000, 0x0000001a4c400000|100%| E|CS|TAMS 0x0000001a4c200000, 0x0000001a4c200000| Complete 
|4705|0x0000001a4c400000, 0x0000001a4c600000, 0x0000001a4c600000|100%| E|CS|TAMS 0x0000001a4c400000, 0x0000001a4c400000| Complete 
|4706|0x0000001a4c600000, 0x0000001a4c800000, 0x0000001a4c800000|100%| E|CS|TAMS 0x0000001a4c600000, 0x0000001a4c600000| Complete 
|4707|0x0000001a4c800000, 0x0000001a4ca00000, 0x0000001a4ca00000|100%| E|CS|TAMS 0x0000001a4c800000, 0x0000001a4c800000| Complete 
|4708|0x0000001a4ca00000, 0x0000001a4cc00000, 0x0000001a4cc00000|100%| E|CS|TAMS 0x0000001a4ca00000, 0x0000001a4ca00000| Complete 
|4709|0x0000001a4cc00000, 0x0000001a4ce00000, 0x0000001a4ce00000|100%| E|CS|TAMS 0x0000001a4cc00000, 0x0000001a4cc00000| Complete 
|4710|0x0000001a4ce00000, 0x0000001a4d000000, 0x0000001a4d000000|100%| E|CS|TAMS 0x0000001a4ce00000, 0x0000001a4ce00000| Complete 
|4711|0x0000001a4d000000, 0x0000001a4d200000, 0x0000001a4d200000|100%| E|CS|TAMS 0x0000001a4d000000, 0x0000001a4d000000| Complete 
|4712|0x0000001a4d200000, 0x0000001a4d400000, 0x0000001a4d400000|100%| E|CS|TAMS 0x0000001a4d200000, 0x0000001a4d200000| Complete 
|4713|0x0000001a4d400000, 0x0000001a4d600000, 0x0000001a4d600000|100%| E|CS|TAMS 0x0000001a4d400000, 0x0000001a4d400000| Complete 
|4714|0x0000001a4d600000, 0x0000001a4d800000, 0x0000001a4d800000|100%| E|CS|TAMS 0x0000001a4d600000, 0x0000001a4d600000| Complete 
|4715|0x0000001a4d800000, 0x0000001a4da00000, 0x0000001a4da00000|100%| E|CS|TAMS 0x0000001a4d800000, 0x0000001a4d800000| Complete 
|4716|0x0000001a4da00000, 0x0000001a4dc00000, 0x0000001a4dc00000|100%| E|CS|TAMS 0x0000001a4da00000, 0x0000001a4da00000| Complete 
|4717|0x0000001a4dc00000, 0x0000001a4de00000, 0x0000001a4de00000|100%| E|CS|TAMS 0x0000001a4dc00000, 0x0000001a4dc00000| Complete 
|4718|0x0000001a4de00000, 0x0000001a4e000000, 0x0000001a4e000000|100%| E|CS|TAMS 0x0000001a4de00000, 0x0000001a4de00000| Complete 
|4719|0x0000001a4e000000, 0x0000001a4e200000, 0x0000001a4e200000|100%| E|CS|TAMS 0x0000001a4e000000, 0x0000001a4e000000| Complete 
|4720|0x0000001a4e200000, 0x0000001a4e400000, 0x0000001a4e400000|100%| E|CS|TAMS 0x0000001a4e200000, 0x0000001a4e200000| Complete 
|4721|0x0000001a4e400000, 0x0000001a4e600000, 0x0000001a4e600000|100%| E|CS|TAMS 0x0000001a4e400000, 0x0000001a4e400000| Complete 
|4722|0x0000001a4e600000, 0x0000001a4e800000, 0x0000001a4e800000|100%| E|CS|TAMS 0x0000001a4e600000, 0x0000001a4e600000| Complete 
|4723|0x0000001a4e800000, 0x0000001a4ea00000, 0x0000001a4ea00000|100%| E|CS|TAMS 0x0000001a4e800000, 0x0000001a4e800000| Complete 
|4724|0x0000001a4ea00000, 0x0000001a4ec00000, 0x0000001a4ec00000|100%| E|CS|TAMS 0x0000001a4ea00000, 0x0000001a4ea00000| Complete 
|4725|0x0000001a4ec00000, 0x0000001a4ee00000, 0x0000001a4ee00000|100%| E|CS|TAMS 0x0000001a4ec00000, 0x0000001a4ec00000| Complete 
|4726|0x0000001a4ee00000, 0x0000001a4f000000, 0x0000001a4f000000|100%| E|CS|TAMS 0x0000001a4ee00000, 0x0000001a4ee00000| Complete 
|4727|0x0000001a4f000000, 0x0000001a4f200000, 0x0000001a4f200000|100%| E|CS|TAMS 0x0000001a4f000000, 0x0000001a4f000000| Complete 
|4728|0x0000001a4f200000, 0x0000001a4f400000, 0x0000001a4f400000|100%| E|CS|TAMS 0x0000001a4f200000, 0x0000001a4f200000| Complete 
|4729|0x0000001a4f400000, 0x0000001a4f600000, 0x0000001a4f600000|100%| E|CS|TAMS 0x0000001a4f400000, 0x0000001a4f400000| Complete 
|4730|0x0000001a4f600000, 0x0000001a4f800000, 0x0000001a4f800000|100%| E|CS|TAMS 0x0000001a4f600000, 0x0000001a4f600000| Complete 
|4731|0x0000001a4f800000, 0x0000001a4fa00000, 0x0000001a4fa00000|100%| E|CS|TAMS 0x0000001a4f800000, 0x0000001a4f800000| Complete 
|4732|0x0000001a4fa00000, 0x0000001a4fc00000, 0x0000001a4fc00000|100%| E|CS|TAMS 0x0000001a4fa00000, 0x0000001a4fa00000| Complete 
|4733|0x0000001a4fc00000, 0x0000001a4fe00000, 0x0000001a4fe00000|100%| E|CS|TAMS 0x0000001a4fc00000, 0x0000001a4fc00000| Complete 
|4734|0x0000001a4fe00000, 0x0000001a50000000, 0x0000001a50000000|100%| E|CS|TAMS 0x0000001a4fe00000, 0x0000001a4fe00000| Complete 
|4735|0x0000001a50000000, 0x0000001a50200000, 0x0000001a50200000|100%| E|CS|TAMS 0x0000001a50000000, 0x0000001a50000000| Complete 
|4736|0x0000001a50200000, 0x0000001a50400000, 0x0000001a50400000|100%| E|CS|TAMS 0x0000001a50200000, 0x0000001a50200000| Complete 
|4737|0x0000001a50400000, 0x0000001a50600000, 0x0000001a50600000|100%| E|CS|TAMS 0x0000001a50400000, 0x0000001a50400000| Complete 
|4738|0x0000001a50600000, 0x0000001a50800000, 0x0000001a50800000|100%| E|CS|TAMS 0x0000001a50600000, 0x0000001a50600000| Complete 
|4739|0x0000001a50800000, 0x0000001a50a00000, 0x0000001a50a00000|100%| E|CS|TAMS 0x0000001a50800000, 0x0000001a50800000| Complete 
|4740|0x0000001a50a00000, 0x0000001a50c00000, 0x0000001a50c00000|100%| E|CS|TAMS 0x0000001a50a00000, 0x0000001a50a00000| Complete 
|4741|0x0000001a50c00000, 0x0000001a50e00000, 0x0000001a50e00000|100%| E|CS|TAMS 0x0000001a50c00000, 0x0000001a50c00000| Complete 
|4742|0x0000001a50e00000, 0x0000001a51000000, 0x0000001a51000000|100%| E|CS|TAMS 0x0000001a50e00000, 0x0000001a50e00000| Complete 
|4743|0x0000001a51000000, 0x0000001a51200000, 0x0000001a51200000|100%| E|CS|TAMS 0x0000001a51000000, 0x0000001a51000000| Complete 
|4744|0x0000001a51200000, 0x0000001a51400000, 0x0000001a51400000|100%| E|CS|TAMS 0x0000001a51200000, 0x0000001a51200000| Complete 
|4745|0x0000001a51400000, 0x0000001a51600000, 0x0000001a51600000|100%| E|CS|TAMS 0x0000001a51400000, 0x0000001a51400000| Complete 
|4746|0x0000001a51600000, 0x0000001a51800000, 0x0000001a51800000|100%| E|CS|TAMS 0x0000001a51600000, 0x0000001a51600000| Complete 
|4747|0x0000001a51800000, 0x0000001a51a00000, 0x0000001a51a00000|100%| E|CS|TAMS 0x0000001a51800000, 0x0000001a51800000| Complete 
|4748|0x0000001a51a00000, 0x0000001a51c00000, 0x0000001a51c00000|100%| E|CS|TAMS 0x0000001a51a00000, 0x0000001a51a00000| Complete 
|4749|0x0000001a51c00000, 0x0000001a51e00000, 0x0000001a51e00000|100%| E|CS|TAMS 0x0000001a51c00000, 0x0000001a51c00000| Complete 
|4750|0x0000001a51e00000, 0x0000001a52000000, 0x0000001a52000000|100%| E|CS|TAMS 0x0000001a51e00000, 0x0000001a51e00000| Complete 
|4751|0x0000001a52000000, 0x0000001a52200000, 0x0000001a52200000|100%| E|CS|TAMS 0x0000001a52000000, 0x0000001a52000000| Complete 
|4752|0x0000001a52200000, 0x0000001a52400000, 0x0000001a52400000|100%| E|CS|TAMS 0x0000001a52200000, 0x0000001a52200000| Complete 
|4753|0x0000001a52400000, 0x0000001a52600000, 0x0000001a52600000|100%| E|CS|TAMS 0x0000001a52400000, 0x0000001a52400000| Complete 
|4754|0x0000001a52600000, 0x0000001a52800000, 0x0000001a52800000|100%| E|CS|TAMS 0x0000001a52600000, 0x0000001a52600000| Complete 
|4755|0x0000001a52800000, 0x0000001a52a00000, 0x0000001a52a00000|100%| E|CS|TAMS 0x0000001a52800000, 0x0000001a52800000| Complete 
|4756|0x0000001a52a00000, 0x0000001a52c00000, 0x0000001a52c00000|100%| E|CS|TAMS 0x0000001a52a00000, 0x0000001a52a00000| Complete 
|4757|0x0000001a52c00000, 0x0000001a52e00000, 0x0000001a52e00000|100%| E|CS|TAMS 0x0000001a52c00000, 0x0000001a52c00000| Complete 
|4758|0x0000001a52e00000, 0x0000001a53000000, 0x0000001a53000000|100%| E|CS|TAMS 0x0000001a52e00000, 0x0000001a52e00000| Complete 
|4759|0x0000001a53000000, 0x0000001a53200000, 0x0000001a53200000|100%| E|CS|TAMS 0x0000001a53000000, 0x0000001a53000000| Complete 
|4760|0x0000001a53200000, 0x0000001a53400000, 0x0000001a53400000|100%| E|CS|TAMS 0x0000001a53200000, 0x0000001a53200000| Complete 
|4761|0x0000001a53400000, 0x0000001a53600000, 0x0000001a53600000|100%| E|CS|TAMS 0x0000001a53400000, 0x0000001a53400000| Complete 
|4762|0x0000001a53600000, 0x0000001a53800000, 0x0000001a53800000|100%| E|CS|TAMS 0x0000001a53600000, 0x0000001a53600000| Complete 
|4763|0x0000001a53800000, 0x0000001a53a00000, 0x0000001a53a00000|100%| E|CS|TAMS 0x0000001a53800000, 0x0000001a53800000| Complete 
|4764|0x0000001a53a00000, 0x0000001a53c00000, 0x0000001a53c00000|100%| E|CS|TAMS 0x0000001a53a00000, 0x0000001a53a00000| Complete 
|4765|0x0000001a53c00000, 0x0000001a53e00000, 0x0000001a53e00000|100%| E|CS|TAMS 0x0000001a53c00000, 0x0000001a53c00000| Complete 
|4766|0x0000001a53e00000, 0x0000001a54000000, 0x0000001a54000000|100%| E|CS|TAMS 0x0000001a53e00000, 0x0000001a53e00000| Complete 
|4767|0x0000001a54000000, 0x0000001a54200000, 0x0000001a54200000|100%| E|CS|TAMS 0x0000001a54000000, 0x0000001a54000000| Complete 
|4768|0x0000001a54200000, 0x0000001a54400000, 0x0000001a54400000|100%| E|CS|TAMS 0x0000001a54200000, 0x0000001a54200000| Complete 
|4769|0x0000001a54400000, 0x0000001a54600000, 0x0000001a54600000|100%| E|CS|TAMS 0x0000001a54400000, 0x0000001a54400000| Complete 
|4770|0x0000001a54600000, 0x0000001a54800000, 0x0000001a54800000|100%| E|CS|TAMS 0x0000001a54600000, 0x0000001a54600000| Complete 
|4771|0x0000001a54800000, 0x0000001a54a00000, 0x0000001a54a00000|100%| E|CS|TAMS 0x0000001a54800000, 0x0000001a54800000| Complete 
|4772|0x0000001a54a00000, 0x0000001a54c00000, 0x0000001a54c00000|100%| E|CS|TAMS 0x0000001a54a00000, 0x0000001a54a00000| Complete 
|4773|0x0000001a54c00000, 0x0000001a54e00000, 0x0000001a54e00000|100%| E|CS|TAMS 0x0000001a54c00000, 0x0000001a54c00000| Complete 
|4774|0x0000001a54e00000, 0x0000001a55000000, 0x0000001a55000000|100%| E|CS|TAMS 0x0000001a54e00000, 0x0000001a54e00000| Complete 
|4775|0x0000001a55000000, 0x0000001a55200000, 0x0000001a55200000|100%| E|CS|TAMS 0x0000001a55000000, 0x0000001a55000000| Complete 
|4776|0x0000001a55200000, 0x0000001a55400000, 0x0000001a55400000|100%| E|CS|TAMS 0x0000001a55200000, 0x0000001a55200000| Complete 
|4777|0x0000001a55400000, 0x0000001a55600000, 0x0000001a55600000|100%| E|CS|TAMS 0x0000001a55400000, 0x0000001a55400000| Complete 
|4778|0x0000001a55600000, 0x0000001a55800000, 0x0000001a55800000|100%| E|CS|TAMS 0x0000001a55600000, 0x0000001a55600000| Complete 
|4779|0x0000001a55800000, 0x0000001a55a00000, 0x0000001a55a00000|100%| E|CS|TAMS 0x0000001a55800000, 0x0000001a55800000| Complete 
|4780|0x0000001a55a00000, 0x0000001a55c00000, 0x0000001a55c00000|100%| E|CS|TAMS 0x0000001a55a00000, 0x0000001a55a00000| Complete 
|4781|0x0000001a55c00000, 0x0000001a55e00000, 0x0000001a55e00000|100%| E|CS|TAMS 0x0000001a55c00000, 0x0000001a55c00000| Complete 
|4782|0x0000001a55e00000, 0x0000001a56000000, 0x0000001a56000000|100%| E|CS|TAMS 0x0000001a55e00000, 0x0000001a55e00000| Complete 
|4783|0x0000001a56000000, 0x0000001a56200000, 0x0000001a56200000|100%| E|CS|TAMS 0x0000001a56000000, 0x0000001a56000000| Complete 
|4784|0x0000001a56200000, 0x0000001a56400000, 0x0000001a56400000|100%| E|CS|TAMS 0x0000001a56200000, 0x0000001a56200000| Complete 
|4785|0x0000001a56400000, 0x0000001a56600000, 0x0000001a56600000|100%| E|CS|TAMS 0x0000001a56400000, 0x0000001a56400000| Complete 
|4786|0x0000001a56600000, 0x0000001a56800000, 0x0000001a56800000|100%| E|CS|TAMS 0x0000001a56600000, 0x0000001a56600000| Complete 
|4787|0x0000001a56800000, 0x0000001a56a00000, 0x0000001a56a00000|100%| E|CS|TAMS 0x0000001a56800000, 0x0000001a56800000| Complete 
|4788|0x0000001a56a00000, 0x0000001a56c00000, 0x0000001a56c00000|100%| E|CS|TAMS 0x0000001a56a00000, 0x0000001a56a00000| Complete 
|4789|0x0000001a56c00000, 0x0000001a56e00000, 0x0000001a56e00000|100%| E|CS|TAMS 0x0000001a56c00000, 0x0000001a56c00000| Complete 
|4790|0x0000001a56e00000, 0x0000001a57000000, 0x0000001a57000000|100%| E|CS|TAMS 0x0000001a56e00000, 0x0000001a56e00000| Complete 
|4791|0x0000001a57000000, 0x0000001a57200000, 0x0000001a57200000|100%| E|CS|TAMS 0x0000001a57000000, 0x0000001a57000000| Complete 
|4792|0x0000001a57200000, 0x0000001a57400000, 0x0000001a57400000|100%| E|CS|TAMS 0x0000001a57200000, 0x0000001a57200000| Complete 
|4793|0x0000001a57400000, 0x0000001a57600000, 0x0000001a57600000|100%| E|CS|TAMS 0x0000001a57400000, 0x0000001a57400000| Complete 
|4794|0x0000001a57600000, 0x0000001a57800000, 0x0000001a57800000|100%| E|CS|TAMS 0x0000001a57600000, 0x0000001a57600000| Complete 
|4795|0x0000001a57800000, 0x0000001a57a00000, 0x0000001a57a00000|100%| E|CS|TAMS 0x0000001a57800000, 0x0000001a57800000| Complete 
|4796|0x0000001a57a00000, 0x0000001a57c00000, 0x0000001a57c00000|100%| E|CS|TAMS 0x0000001a57a00000, 0x0000001a57a00000| Complete 
|4797|0x0000001a57c00000, 0x0000001a57e00000, 0x0000001a57e00000|100%| E|CS|TAMS 0x0000001a57c00000, 0x0000001a57c00000| Complete 
|4798|0x0000001a57e00000, 0x0000001a58000000, 0x0000001a58000000|100%| E|CS|TAMS 0x0000001a57e00000, 0x0000001a57e00000| Complete 
|4799|0x0000001a58000000, 0x0000001a58200000, 0x0000001a58200000|100%| E|CS|TAMS 0x0000001a58000000, 0x0000001a58000000| Complete 
|4800|0x0000001a58200000, 0x0000001a58400000, 0x0000001a58400000|100%| E|CS|TAMS 0x0000001a58200000, 0x0000001a58200000| Complete 
|4801|0x0000001a58400000, 0x0000001a58600000, 0x0000001a58600000|100%| E|CS|TAMS 0x0000001a58400000, 0x0000001a58400000| Complete 
|4802|0x0000001a58600000, 0x0000001a58800000, 0x0000001a58800000|100%| E|CS|TAMS 0x0000001a58600000, 0x0000001a58600000| Complete 
|4803|0x0000001a58800000, 0x0000001a58a00000, 0x0000001a58a00000|100%| E|CS|TAMS 0x0000001a58800000, 0x0000001a58800000| Complete 
|4804|0x0000001a58a00000, 0x0000001a58c00000, 0x0000001a58c00000|100%| E|CS|TAMS 0x0000001a58a00000, 0x0000001a58a00000| Complete 
|4805|0x0000001a58c00000, 0x0000001a58e00000, 0x0000001a58e00000|100%| E|CS|TAMS 0x0000001a58c00000, 0x0000001a58c00000| Complete 
|4806|0x0000001a58e00000, 0x0000001a59000000, 0x0000001a59000000|100%| E|CS|TAMS 0x0000001a58e00000, 0x0000001a58e00000| Complete 
|4807|0x0000001a59000000, 0x0000001a59200000, 0x0000001a59200000|100%| E|CS|TAMS 0x0000001a59000000, 0x0000001a59000000| Complete 
|4808|0x0000001a59200000, 0x0000001a59400000, 0x0000001a59400000|100%| E|CS|TAMS 0x0000001a59200000, 0x0000001a59200000| Complete 
|4809|0x0000001a59400000, 0x0000001a59600000, 0x0000001a59600000|100%| E|CS|TAMS 0x0000001a59400000, 0x0000001a59400000| Complete 
|4810|0x0000001a59600000, 0x0000001a59800000, 0x0000001a59800000|100%| E|CS|TAMS 0x0000001a59600000, 0x0000001a59600000| Complete 
|4811|0x0000001a59800000, 0x0000001a59a00000, 0x0000001a59a00000|100%| E|CS|TAMS 0x0000001a59800000, 0x0000001a59800000| Complete 
|4812|0x0000001a59a00000, 0x0000001a59c00000, 0x0000001a59c00000|100%| E|CS|TAMS 0x0000001a59a00000, 0x0000001a59a00000| Complete 
|4813|0x0000001a59c00000, 0x0000001a59e00000, 0x0000001a59e00000|100%| E|CS|TAMS 0x0000001a59c00000, 0x0000001a59c00000| Complete 
|4814|0x0000001a59e00000, 0x0000001a5a000000, 0x0000001a5a000000|100%| E|CS|TAMS 0x0000001a59e00000, 0x0000001a59e00000| Complete 
|4815|0x0000001a5a000000, 0x0000001a5a200000, 0x0000001a5a200000|100%| E|CS|TAMS 0x0000001a5a000000, 0x0000001a5a000000| Complete 
|4816|0x0000001a5a200000, 0x0000001a5a400000, 0x0000001a5a400000|100%| E|CS|TAMS 0x0000001a5a200000, 0x0000001a5a200000| Complete 
|4817|0x0000001a5a400000, 0x0000001a5a600000, 0x0000001a5a600000|100%| E|CS|TAMS 0x0000001a5a400000, 0x0000001a5a400000| Complete 
|4818|0x0000001a5a600000, 0x0000001a5a800000, 0x0000001a5a800000|100%| E|CS|TAMS 0x0000001a5a600000, 0x0000001a5a600000| Complete 
|4819|0x0000001a5a800000, 0x0000001a5aa00000, 0x0000001a5aa00000|100%| E|CS|TAMS 0x0000001a5a800000, 0x0000001a5a800000| Complete 
|4820|0x0000001a5aa00000, 0x0000001a5ac00000, 0x0000001a5ac00000|100%| E|CS|TAMS 0x0000001a5aa00000, 0x0000001a5aa00000| Complete 
|4821|0x0000001a5ac00000, 0x0000001a5ae00000, 0x0000001a5ae00000|100%| E|CS|TAMS 0x0000001a5ac00000, 0x0000001a5ac00000| Complete 
|4822|0x0000001a5ae00000, 0x0000001a5b000000, 0x0000001a5b000000|100%| E|CS|TAMS 0x0000001a5ae00000, 0x0000001a5ae00000| Complete 
|4823|0x0000001a5b000000, 0x0000001a5b200000, 0x0000001a5b200000|100%| E|CS|TAMS 0x0000001a5b000000, 0x0000001a5b000000| Complete 
|4824|0x0000001a5b200000, 0x0000001a5b400000, 0x0000001a5b400000|100%| E|CS|TAMS 0x0000001a5b200000, 0x0000001a5b200000| Complete 
|4825|0x0000001a5b400000, 0x0000001a5b600000, 0x0000001a5b600000|100%| E|CS|TAMS 0x0000001a5b400000, 0x0000001a5b400000| Complete 
|4826|0x0000001a5b600000, 0x0000001a5b800000, 0x0000001a5b800000|100%| E|CS|TAMS 0x0000001a5b600000, 0x0000001a5b600000| Complete 
|4827|0x0000001a5b800000, 0x0000001a5ba00000, 0x0000001a5ba00000|100%| E|CS|TAMS 0x0000001a5b800000, 0x0000001a5b800000| Complete 
|4828|0x0000001a5ba00000, 0x0000001a5bc00000, 0x0000001a5bc00000|100%| E|CS|TAMS 0x0000001a5ba00000, 0x0000001a5ba00000| Complete 
|4829|0x0000001a5bc00000, 0x0000001a5be00000, 0x0000001a5be00000|100%| E|CS|TAMS 0x0000001a5bc00000, 0x0000001a5bc00000| Complete 
|4830|0x0000001a5be00000, 0x0000001a5c000000, 0x0000001a5c000000|100%| E|CS|TAMS 0x0000001a5be00000, 0x0000001a5be00000| Complete 
|4831|0x0000001a5c000000, 0x0000001a5c200000, 0x0000001a5c200000|100%| E|CS|TAMS 0x0000001a5c000000, 0x0000001a5c000000| Complete 
|4832|0x0000001a5c200000, 0x0000001a5c400000, 0x0000001a5c400000|100%| E|CS|TAMS 0x0000001a5c200000, 0x0000001a5c200000| Complete 
|4833|0x0000001a5c400000, 0x0000001a5c600000, 0x0000001a5c600000|100%| E|CS|TAMS 0x0000001a5c400000, 0x0000001a5c400000| Complete 
|4834|0x0000001a5c600000, 0x0000001a5c800000, 0x0000001a5c800000|100%| E|CS|TAMS 0x0000001a5c600000, 0x0000001a5c600000| Complete 
|4835|0x0000001a5c800000, 0x0000001a5ca00000, 0x0000001a5ca00000|100%| E|CS|TAMS 0x0000001a5c800000, 0x0000001a5c800000| Complete 
|4836|0x0000001a5ca00000, 0x0000001a5cc00000, 0x0000001a5cc00000|100%| E|CS|TAMS 0x0000001a5ca00000, 0x0000001a5ca00000| Complete 
|4837|0x0000001a5cc00000, 0x0000001a5ce00000, 0x0000001a5ce00000|100%| E|CS|TAMS 0x0000001a5cc00000, 0x0000001a5cc00000| Complete 
|4838|0x0000001a5ce00000, 0x0000001a5d000000, 0x0000001a5d000000|100%| E|CS|TAMS 0x0000001a5ce00000, 0x0000001a5ce00000| Complete 
|4839|0x0000001a5d000000, 0x0000001a5d200000, 0x0000001a5d200000|100%| E|CS|TAMS 0x0000001a5d000000, 0x0000001a5d000000| Complete 
|4840|0x0000001a5d200000, 0x0000001a5d400000, 0x0000001a5d400000|100%| E|CS|TAMS 0x0000001a5d200000, 0x0000001a5d200000| Complete 
|4841|0x0000001a5d400000, 0x0000001a5d600000, 0x0000001a5d600000|100%| E|CS|TAMS 0x0000001a5d400000, 0x0000001a5d400000| Complete 
|4842|0x0000001a5d600000, 0x0000001a5d800000, 0x0000001a5d800000|100%| E|CS|TAMS 0x0000001a5d600000, 0x0000001a5d600000| Complete 
|4843|0x0000001a5d800000, 0x0000001a5da00000, 0x0000001a5da00000|100%| E|CS|TAMS 0x0000001a5d800000, 0x0000001a5d800000| Complete 
|4844|0x0000001a5da00000, 0x0000001a5dc00000, 0x0000001a5dc00000|100%| E|CS|TAMS 0x0000001a5da00000, 0x0000001a5da00000| Complete 
|4845|0x0000001a5dc00000, 0x0000001a5de00000, 0x0000001a5de00000|100%| E|CS|TAMS 0x0000001a5dc00000, 0x0000001a5dc00000| Complete 
|4846|0x0000001a5de00000, 0x0000001a5e000000, 0x0000001a5e000000|100%| E|CS|TAMS 0x0000001a5de00000, 0x0000001a5de00000| Complete 
|4847|0x0000001a5e000000, 0x0000001a5e200000, 0x0000001a5e200000|100%| E|CS|TAMS 0x0000001a5e000000, 0x0000001a5e000000| Complete 
|4848|0x0000001a5e200000, 0x0000001a5e400000, 0x0000001a5e400000|100%| E|CS|TAMS 0x0000001a5e200000, 0x0000001a5e200000| Complete 
|4849|0x0000001a5e400000, 0x0000001a5e600000, 0x0000001a5e600000|100%| E|CS|TAMS 0x0000001a5e400000, 0x0000001a5e400000| Complete 
|4850|0x0000001a5e600000, 0x0000001a5e800000, 0x0000001a5e800000|100%| E|CS|TAMS 0x0000001a5e600000, 0x0000001a5e600000| Complete 
|4851|0x0000001a5e800000, 0x0000001a5ea00000, 0x0000001a5ea00000|100%| E|CS|TAMS 0x0000001a5e800000, 0x0000001a5e800000| Complete 
|4852|0x0000001a5ea00000, 0x0000001a5ec00000, 0x0000001a5ec00000|100%| E|CS|TAMS 0x0000001a5ea00000, 0x0000001a5ea00000| Complete 
|4853|0x0000001a5ec00000, 0x0000001a5ee00000, 0x0000001a5ee00000|100%| E|CS|TAMS 0x0000001a5ec00000, 0x0000001a5ec00000| Complete 
|4854|0x0000001a5ee00000, 0x0000001a5f000000, 0x0000001a5f000000|100%| E|CS|TAMS 0x0000001a5ee00000, 0x0000001a5ee00000| Complete 
|4855|0x0000001a5f000000, 0x0000001a5f200000, 0x0000001a5f200000|100%| E|CS|TAMS 0x0000001a5f000000, 0x0000001a5f000000| Complete 
|4856|0x0000001a5f200000, 0x0000001a5f400000, 0x0000001a5f400000|100%| E|CS|TAMS 0x0000001a5f200000, 0x0000001a5f200000| Complete 
|4857|0x0000001a5f400000, 0x0000001a5f600000, 0x0000001a5f600000|100%| E|CS|TAMS 0x0000001a5f400000, 0x0000001a5f400000| Complete 
|4858|0x0000001a5f600000, 0x0000001a5f800000, 0x0000001a5f800000|100%| E|CS|TAMS 0x0000001a5f600000, 0x0000001a5f600000| Complete 
|4859|0x0000001a5f800000, 0x0000001a5fa00000, 0x0000001a5fa00000|100%| E|CS|TAMS 0x0000001a5f800000, 0x0000001a5f800000| Complete 
|4860|0x0000001a5fa00000, 0x0000001a5fc00000, 0x0000001a5fc00000|100%| E|CS|TAMS 0x0000001a5fa00000, 0x0000001a5fa00000| Complete 
|4861|0x0000001a5fc00000, 0x0000001a5fe00000, 0x0000001a5fe00000|100%| E|CS|TAMS 0x0000001a5fc00000, 0x0000001a5fc00000| Complete 
|4862|0x0000001a5fe00000, 0x0000001a60000000, 0x0000001a60000000|100%| E|CS|TAMS 0x0000001a5fe00000, 0x0000001a5fe00000| Complete 
|4863|0x0000001a60000000, 0x0000001a60200000, 0x0000001a60200000|100%| E|CS|TAMS 0x0000001a60000000, 0x0000001a60000000| Complete 
|4864|0x0000001a60200000, 0x0000001a60400000, 0x0000001a60400000|100%| E|CS|TAMS 0x0000001a60200000, 0x0000001a60200000| Complete 
|4865|0x0000001a60400000, 0x0000001a60600000, 0x0000001a60600000|100%| E|CS|TAMS 0x0000001a60400000, 0x0000001a60400000| Complete 
|4866|0x0000001a60600000, 0x0000001a60800000, 0x0000001a60800000|100%| E|CS|TAMS 0x0000001a60600000, 0x0000001a60600000| Complete 
|4867|0x0000001a60800000, 0x0000001a60a00000, 0x0000001a60a00000|100%| E|CS|TAMS 0x0000001a60800000, 0x0000001a60800000| Complete 
|4868|0x0000001a60a00000, 0x0000001a60c00000, 0x0000001a60c00000|100%| E|CS|TAMS 0x0000001a60a00000, 0x0000001a60a00000| Complete 
|4869|0x0000001a60c00000, 0x0000001a60e00000, 0x0000001a60e00000|100%| E|CS|TAMS 0x0000001a60c00000, 0x0000001a60c00000| Complete 
|4870|0x0000001a60e00000, 0x0000001a61000000, 0x0000001a61000000|100%| E|CS|TAMS 0x0000001a60e00000, 0x0000001a60e00000| Complete 
|4871|0x0000001a61000000, 0x0000001a61200000, 0x0000001a61200000|100%| E|CS|TAMS 0x0000001a61000000, 0x0000001a61000000| Complete 
|4872|0x0000001a61200000, 0x0000001a61400000, 0x0000001a61400000|100%| E|CS|TAMS 0x0000001a61200000, 0x0000001a61200000| Complete 
|4873|0x0000001a61400000, 0x0000001a61600000, 0x0000001a61600000|100%| E|CS|TAMS 0x0000001a61400000, 0x0000001a61400000| Complete 
|4874|0x0000001a61600000, 0x0000001a61800000, 0x0000001a61800000|100%| E|CS|TAMS 0x0000001a61600000, 0x0000001a61600000| Complete 
|4875|0x0000001a61800000, 0x0000001a61a00000, 0x0000001a61a00000|100%| E|CS|TAMS 0x0000001a61800000, 0x0000001a61800000| Complete 
|4876|0x0000001a61a00000, 0x0000001a61c00000, 0x0000001a61c00000|100%| E|CS|TAMS 0x0000001a61a00000, 0x0000001a61a00000| Complete 
|4877|0x0000001a61c00000, 0x0000001a61e00000, 0x0000001a61e00000|100%| E|CS|TAMS 0x0000001a61c00000, 0x0000001a61c00000| Complete 
|4878|0x0000001a61e00000, 0x0000001a62000000, 0x0000001a62000000|100%| E|CS|TAMS 0x0000001a61e00000, 0x0000001a61e00000| Complete 
|4879|0x0000001a62000000, 0x0000001a62200000, 0x0000001a62200000|100%| E|CS|TAMS 0x0000001a62000000, 0x0000001a62000000| Complete 
|4880|0x0000001a62200000, 0x0000001a62400000, 0x0000001a62400000|100%| E|CS|TAMS 0x0000001a62200000, 0x0000001a62200000| Complete 
|4881|0x0000001a62400000, 0x0000001a62600000, 0x0000001a62600000|100%| E|CS|TAMS 0x0000001a62400000, 0x0000001a62400000| Complete 
|4882|0x0000001a62600000, 0x0000001a62800000, 0x0000001a62800000|100%| E|CS|TAMS 0x0000001a62600000, 0x0000001a62600000| Complete 
|4883|0x0000001a62800000, 0x0000001a62a00000, 0x0000001a62a00000|100%| E|CS|TAMS 0x0000001a62800000, 0x0000001a62800000| Complete 
|4884|0x0000001a62a00000, 0x0000001a62c00000, 0x0000001a62c00000|100%| E|CS|TAMS 0x0000001a62a00000, 0x0000001a62a00000| Complete 
|4885|0x0000001a62c00000, 0x0000001a62e00000, 0x0000001a62e00000|100%| E|CS|TAMS 0x0000001a62c00000, 0x0000001a62c00000| Complete 
|4886|0x0000001a62e00000, 0x0000001a63000000, 0x0000001a63000000|100%| E|CS|TAMS 0x0000001a62e00000, 0x0000001a62e00000| Complete 
|4887|0x0000001a63000000, 0x0000001a63200000, 0x0000001a63200000|100%| E|CS|TAMS 0x0000001a63000000, 0x0000001a63000000| Complete 
|4888|0x0000001a63200000, 0x0000001a63400000, 0x0000001a63400000|100%| E|CS|TAMS 0x0000001a63200000, 0x0000001a63200000| Complete 
|4889|0x0000001a63400000, 0x0000001a63600000, 0x0000001a63600000|100%| E|CS|TAMS 0x0000001a63400000, 0x0000001a63400000| Complete 
|4890|0x0000001a63600000, 0x0000001a63800000, 0x0000001a63800000|100%| E|CS|TAMS 0x0000001a63600000, 0x0000001a63600000| Complete 
|4891|0x0000001a63800000, 0x0000001a63a00000, 0x0000001a63a00000|100%| E|CS|TAMS 0x0000001a63800000, 0x0000001a63800000| Complete 
|4892|0x0000001a63a00000, 0x0000001a63c00000, 0x0000001a63c00000|100%| E|CS|TAMS 0x0000001a63a00000, 0x0000001a63a00000| Complete 
|4893|0x0000001a63c00000, 0x0000001a63e00000, 0x0000001a63e00000|100%| E|CS|TAMS 0x0000001a63c00000, 0x0000001a63c00000| Complete 
|4894|0x0000001a63e00000, 0x0000001a64000000, 0x0000001a64000000|100%| E|CS|TAMS 0x0000001a63e00000, 0x0000001a63e00000| Complete 
|4895|0x0000001a64000000, 0x0000001a64200000, 0x0000001a64200000|100%| E|CS|TAMS 0x0000001a64000000, 0x0000001a64000000| Complete 
|4896|0x0000001a64200000, 0x0000001a64400000, 0x0000001a64400000|100%| E|CS|TAMS 0x0000001a64200000, 0x0000001a64200000| Complete 
|4897|0x0000001a64400000, 0x0000001a64600000, 0x0000001a64600000|100%| E|CS|TAMS 0x0000001a64400000, 0x0000001a64400000| Complete 
|4898|0x0000001a64600000, 0x0000001a64800000, 0x0000001a64800000|100%| E|CS|TAMS 0x0000001a64600000, 0x0000001a64600000| Complete 
|4899|0x0000001a64800000, 0x0000001a64a00000, 0x0000001a64a00000|100%| E|CS|TAMS 0x0000001a64800000, 0x0000001a64800000| Complete 
|4900|0x0000001a64a00000, 0x0000001a64c00000, 0x0000001a64c00000|100%| E|CS|TAMS 0x0000001a64a00000, 0x0000001a64a00000| Complete 
|4901|0x0000001a64c00000, 0x0000001a64e00000, 0x0000001a64e00000|100%| E|CS|TAMS 0x0000001a64c00000, 0x0000001a64c00000| Complete 
|4902|0x0000001a64e00000, 0x0000001a65000000, 0x0000001a65000000|100%| E|CS|TAMS 0x0000001a64e00000, 0x0000001a64e00000| Complete 
|4903|0x0000001a65000000, 0x0000001a65200000, 0x0000001a65200000|100%| E|CS|TAMS 0x0000001a65000000, 0x0000001a65000000| Complete 
|4904|0x0000001a65200000, 0x0000001a65400000, 0x0000001a65400000|100%| E|CS|TAMS 0x0000001a65200000, 0x0000001a65200000| Complete 
|4905|0x0000001a65400000, 0x0000001a65600000, 0x0000001a65600000|100%| E|CS|TAMS 0x0000001a65400000, 0x0000001a65400000| Complete 
|4906|0x0000001a65600000, 0x0000001a65800000, 0x0000001a65800000|100%| E|CS|TAMS 0x0000001a65600000, 0x0000001a65600000| Complete 
|4907|0x0000001a65800000, 0x0000001a65a00000, 0x0000001a65a00000|100%| E|CS|TAMS 0x0000001a65800000, 0x0000001a65800000| Complete 
|4908|0x0000001a65a00000, 0x0000001a65c00000, 0x0000001a65c00000|100%| E|CS|TAMS 0x0000001a65a00000, 0x0000001a65a00000| Complete 
|4909|0x0000001a65c00000, 0x0000001a65e00000, 0x0000001a65e00000|100%| E|CS|TAMS 0x0000001a65c00000, 0x0000001a65c00000| Complete 
|4910|0x0000001a65e00000, 0x0000001a66000000, 0x0000001a66000000|100%| E|CS|TAMS 0x0000001a65e00000, 0x0000001a65e00000| Complete 
|4911|0x0000001a66000000, 0x0000001a66200000, 0x0000001a66200000|100%| E|CS|TAMS 0x0000001a66000000, 0x0000001a66000000| Complete 
|4912|0x0000001a66200000, 0x0000001a66400000, 0x0000001a66400000|100%| E|CS|TAMS 0x0000001a66200000, 0x0000001a66200000| Complete 
|4913|0x0000001a66400000, 0x0000001a66600000, 0x0000001a66600000|100%| E|CS|TAMS 0x0000001a66400000, 0x0000001a66400000| Complete 
|4914|0x0000001a66600000, 0x0000001a66800000, 0x0000001a66800000|100%| E|CS|TAMS 0x0000001a66600000, 0x0000001a66600000| Complete 
|4915|0x0000001a66800000, 0x0000001a66a00000, 0x0000001a66a00000|100%| E|CS|TAMS 0x0000001a66800000, 0x0000001a66800000| Complete 
|4916|0x0000001a66a00000, 0x0000001a66c00000, 0x0000001a66c00000|100%| E|CS|TAMS 0x0000001a66a00000, 0x0000001a66a00000| Complete 
|4917|0x0000001a66c00000, 0x0000001a66e00000, 0x0000001a66e00000|100%| E|CS|TAMS 0x0000001a66c00000, 0x0000001a66c00000| Complete 
|4918|0x0000001a66e00000, 0x0000001a67000000, 0x0000001a67000000|100%| E|CS|TAMS 0x0000001a66e00000, 0x0000001a66e00000| Complete 
|4919|0x0000001a67000000, 0x0000001a67200000, 0x0000001a67200000|100%| E|CS|TAMS 0x0000001a67000000, 0x0000001a67000000| Complete 
|4920|0x0000001a67200000, 0x0000001a67400000, 0x0000001a67400000|100%| E|CS|TAMS 0x0000001a67200000, 0x0000001a67200000| Complete 
|4921|0x0000001a67400000, 0x0000001a67600000, 0x0000001a67600000|100%| E|CS|TAMS 0x0000001a67400000, 0x0000001a67400000| Complete 
|4922|0x0000001a67600000, 0x0000001a67800000, 0x0000001a67800000|100%| E|CS|TAMS 0x0000001a67600000, 0x0000001a67600000| Complete 
|4923|0x0000001a67800000, 0x0000001a67a00000, 0x0000001a67a00000|100%| E|CS|TAMS 0x0000001a67800000, 0x0000001a67800000| Complete 
|4924|0x0000001a67a00000, 0x0000001a67c00000, 0x0000001a67c00000|100%| E|CS|TAMS 0x0000001a67a00000, 0x0000001a67a00000| Complete 
|4925|0x0000001a67c00000, 0x0000001a67e00000, 0x0000001a67e00000|100%| E|CS|TAMS 0x0000001a67c00000, 0x0000001a67c00000| Complete 
|4926|0x0000001a67e00000, 0x0000001a68000000, 0x0000001a68000000|100%| E|CS|TAMS 0x0000001a67e00000, 0x0000001a67e00000| Complete 
|4927|0x0000001a68000000, 0x0000001a68200000, 0x0000001a68200000|100%| E|CS|TAMS 0x0000001a68000000, 0x0000001a68000000| Complete 
|4928|0x0000001a68200000, 0x0000001a68400000, 0x0000001a68400000|100%| E|CS|TAMS 0x0000001a68200000, 0x0000001a68200000| Complete 
|4929|0x0000001a68400000, 0x0000001a68600000, 0x0000001a68600000|100%| E|CS|TAMS 0x0000001a68400000, 0x0000001a68400000| Complete 
|4930|0x0000001a68600000, 0x0000001a68800000, 0x0000001a68800000|100%| E|CS|TAMS 0x0000001a68600000, 0x0000001a68600000| Complete 
|4931|0x0000001a68800000, 0x0000001a68a00000, 0x0000001a68a00000|100%| E|CS|TAMS 0x0000001a68800000, 0x0000001a68800000| Complete 
|4932|0x0000001a68a00000, 0x0000001a68c00000, 0x0000001a68c00000|100%| E|CS|TAMS 0x0000001a68a00000, 0x0000001a68a00000| Complete 
|4933|0x0000001a68c00000, 0x0000001a68e00000, 0x0000001a68e00000|100%| E|CS|TAMS 0x0000001a68c00000, 0x0000001a68c00000| Complete 
|4934|0x0000001a68e00000, 0x0000001a69000000, 0x0000001a69000000|100%| E|CS|TAMS 0x0000001a68e00000, 0x0000001a68e00000| Complete 
|4935|0x0000001a69000000, 0x0000001a69200000, 0x0000001a69200000|100%| E|CS|TAMS 0x0000001a69000000, 0x0000001a69000000| Complete 
|4936|0x0000001a69200000, 0x0000001a69400000, 0x0000001a69400000|100%| E|CS|TAMS 0x0000001a69200000, 0x0000001a69200000| Complete 
|4937|0x0000001a69400000, 0x0000001a69600000, 0x0000001a69600000|100%| E|CS|TAMS 0x0000001a69400000, 0x0000001a69400000| Complete 
|4938|0x0000001a69600000, 0x0000001a69800000, 0x0000001a69800000|100%| E|CS|TAMS 0x0000001a69600000, 0x0000001a69600000| Complete 
|4939|0x0000001a69800000, 0x0000001a69a00000, 0x0000001a69a00000|100%| E|CS|TAMS 0x0000001a69800000, 0x0000001a69800000| Complete 
|4940|0x0000001a69a00000, 0x0000001a69c00000, 0x0000001a69c00000|100%| E|CS|TAMS 0x0000001a69a00000, 0x0000001a69a00000| Complete 
|4941|0x0000001a69c00000, 0x0000001a69e00000, 0x0000001a69e00000|100%| E|CS|TAMS 0x0000001a69c00000, 0x0000001a69c00000| Complete 
|4942|0x0000001a69e00000, 0x0000001a6a000000, 0x0000001a6a000000|100%| E|CS|TAMS 0x0000001a69e00000, 0x0000001a69e00000| Complete 
|4943|0x0000001a6a000000, 0x0000001a6a200000, 0x0000001a6a200000|100%| E|CS|TAMS 0x0000001a6a000000, 0x0000001a6a000000| Complete 
|4944|0x0000001a6a200000, 0x0000001a6a400000, 0x0000001a6a400000|100%| E|CS|TAMS 0x0000001a6a200000, 0x0000001a6a200000| Complete 
|4945|0x0000001a6a400000, 0x0000001a6a600000, 0x0000001a6a600000|100%| E|CS|TAMS 0x0000001a6a400000, 0x0000001a6a400000| Complete 
|4946|0x0000001a6a600000, 0x0000001a6a800000, 0x0000001a6a800000|100%| E|CS|TAMS 0x0000001a6a600000, 0x0000001a6a600000| Complete 
|4947|0x0000001a6a800000, 0x0000001a6aa00000, 0x0000001a6aa00000|100%| E|CS|TAMS 0x0000001a6a800000, 0x0000001a6a800000| Complete 
|4948|0x0000001a6aa00000, 0x0000001a6ac00000, 0x0000001a6ac00000|100%| E|CS|TAMS 0x0000001a6aa00000, 0x0000001a6aa00000| Complete 
|4949|0x0000001a6ac00000, 0x0000001a6ae00000, 0x0000001a6ae00000|100%| E|CS|TAMS 0x0000001a6ac00000, 0x0000001a6ac00000| Complete 
|4950|0x0000001a6ae00000, 0x0000001a6b000000, 0x0000001a6b000000|100%| E|CS|TAMS 0x0000001a6ae00000, 0x0000001a6ae00000| Complete 
|4951|0x0000001a6b000000, 0x0000001a6b200000, 0x0000001a6b200000|100%| E|CS|TAMS 0x0000001a6b000000, 0x0000001a6b000000| Complete 
|4952|0x0000001a6b200000, 0x0000001a6b400000, 0x0000001a6b400000|100%| E|CS|TAMS 0x0000001a6b200000, 0x0000001a6b200000| Complete 
|4953|0x0000001a6b400000, 0x0000001a6b600000, 0x0000001a6b600000|100%| E|CS|TAMS 0x0000001a6b400000, 0x0000001a6b400000| Complete 
|4954|0x0000001a6b600000, 0x0000001a6b800000, 0x0000001a6b800000|100%| E|CS|TAMS 0x0000001a6b600000, 0x0000001a6b600000| Complete 
|4955|0x0000001a6b800000, 0x0000001a6ba00000, 0x0000001a6ba00000|100%| E|CS|TAMS 0x0000001a6b800000, 0x0000001a6b800000| Complete 
|4956|0x0000001a6ba00000, 0x0000001a6bc00000, 0x0000001a6bc00000|100%| E|CS|TAMS 0x0000001a6ba00000, 0x0000001a6ba00000| Complete 
|4957|0x0000001a6bc00000, 0x0000001a6be00000, 0x0000001a6be00000|100%| E|CS|TAMS 0x0000001a6bc00000, 0x0000001a6bc00000| Complete 
|4958|0x0000001a6be00000, 0x0000001a6c000000, 0x0000001a6c000000|100%| E|CS|TAMS 0x0000001a6be00000, 0x0000001a6be00000| Complete 
|4959|0x0000001a6c000000, 0x0000001a6c200000, 0x0000001a6c200000|100%| E|CS|TAMS 0x0000001a6c000000, 0x0000001a6c000000| Complete 
|4960|0x0000001a6c200000, 0x0000001a6c400000, 0x0000001a6c400000|100%| E|CS|TAMS 0x0000001a6c200000, 0x0000001a6c200000| Complete 
|4961|0x0000001a6c400000, 0x0000001a6c600000, 0x0000001a6c600000|100%| E|CS|TAMS 0x0000001a6c400000, 0x0000001a6c400000| Complete 
|4962|0x0000001a6c600000, 0x0000001a6c800000, 0x0000001a6c800000|100%| E|CS|TAMS 0x0000001a6c600000, 0x0000001a6c600000| Complete 
|4963|0x0000001a6c800000, 0x0000001a6ca00000, 0x0000001a6ca00000|100%| E|CS|TAMS 0x0000001a6c800000, 0x0000001a6c800000| Complete 
|4964|0x0000001a6ca00000, 0x0000001a6cc00000, 0x0000001a6cc00000|100%| E|CS|TAMS 0x0000001a6ca00000, 0x0000001a6ca00000| Complete 
|4965|0x0000001a6cc00000, 0x0000001a6ce00000, 0x0000001a6ce00000|100%| E|CS|TAMS 0x0000001a6cc00000, 0x0000001a6cc00000| Complete 
|4966|0x0000001a6ce00000, 0x0000001a6d000000, 0x0000001a6d000000|100%| E|CS|TAMS 0x0000001a6ce00000, 0x0000001a6ce00000| Complete 
|4967|0x0000001a6d000000, 0x0000001a6d200000, 0x0000001a6d200000|100%| E|CS|TAMS 0x0000001a6d000000, 0x0000001a6d000000| Complete 
|4968|0x0000001a6d200000, 0x0000001a6d400000, 0x0000001a6d400000|100%| E|CS|TAMS 0x0000001a6d200000, 0x0000001a6d200000| Complete 
|4969|0x0000001a6d400000, 0x0000001a6d600000, 0x0000001a6d600000|100%| E|CS|TAMS 0x0000001a6d400000, 0x0000001a6d400000| Complete 
|4970|0x0000001a6d600000, 0x0000001a6d800000, 0x0000001a6d800000|100%| E|CS|TAMS 0x0000001a6d600000, 0x0000001a6d600000| Complete 
|4971|0x0000001a6d800000, 0x0000001a6da00000, 0x0000001a6da00000|100%| E|CS|TAMS 0x0000001a6d800000, 0x0000001a6d800000| Complete 
|4972|0x0000001a6da00000, 0x0000001a6dc00000, 0x0000001a6dc00000|100%| E|CS|TAMS 0x0000001a6da00000, 0x0000001a6da00000| Complete 
|4973|0x0000001a6dc00000, 0x0000001a6de00000, 0x0000001a6de00000|100%| E|CS|TAMS 0x0000001a6dc00000, 0x0000001a6dc00000| Complete 
|4974|0x0000001a6de00000, 0x0000001a6e000000, 0x0000001a6e000000|100%| E|CS|TAMS 0x0000001a6de00000, 0x0000001a6de00000| Complete 
|4975|0x0000001a6e000000, 0x0000001a6e200000, 0x0000001a6e200000|100%| E|CS|TAMS 0x0000001a6e000000, 0x0000001a6e000000| Complete 
|4976|0x0000001a6e200000, 0x0000001a6e400000, 0x0000001a6e400000|100%| E|CS|TAMS 0x0000001a6e200000, 0x0000001a6e200000| Complete 
|4977|0x0000001a6e400000, 0x0000001a6e600000, 0x0000001a6e600000|100%| E|CS|TAMS 0x0000001a6e400000, 0x0000001a6e400000| Complete 
|4978|0x0000001a6e600000, 0x0000001a6e800000, 0x0000001a6e800000|100%| E|CS|TAMS 0x0000001a6e600000, 0x0000001a6e600000| Complete 
|4979|0x0000001a6e800000, 0x0000001a6ea00000, 0x0000001a6ea00000|100%| E|CS|TAMS 0x0000001a6e800000, 0x0000001a6e800000| Complete 
|4980|0x0000001a6ea00000, 0x0000001a6ec00000, 0x0000001a6ec00000|100%| E|CS|TAMS 0x0000001a6ea00000, 0x0000001a6ea00000| Complete 
|4981|0x0000001a6ec00000, 0x0000001a6ee00000, 0x0000001a6ee00000|100%| E|CS|TAMS 0x0000001a6ec00000, 0x0000001a6ec00000| Complete 
|4982|0x0000001a6ee00000, 0x0000001a6f000000, 0x0000001a6f000000|100%| E|CS|TAMS 0x0000001a6ee00000, 0x0000001a6ee00000| Complete 
|4983|0x0000001a6f000000, 0x0000001a6f200000, 0x0000001a6f200000|100%| E|CS|TAMS 0x0000001a6f000000, 0x0000001a6f000000| Complete 
|4984|0x0000001a6f200000, 0x0000001a6f400000, 0x0000001a6f400000|100%| E|CS|TAMS 0x0000001a6f200000, 0x0000001a6f200000| Complete 
|4985|0x0000001a6f400000, 0x0000001a6f600000, 0x0000001a6f600000|100%| E|CS|TAMS 0x0000001a6f400000, 0x0000001a6f400000| Complete 
|4986|0x0000001a6f600000, 0x0000001a6f800000, 0x0000001a6f800000|100%| E|CS|TAMS 0x0000001a6f600000, 0x0000001a6f600000| Complete 
|4987|0x0000001a6f800000, 0x0000001a6fa00000, 0x0000001a6fa00000|100%| E|CS|TAMS 0x0000001a6f800000, 0x0000001a6f800000| Complete 
|4988|0x0000001a6fa00000, 0x0000001a6fc00000, 0x0000001a6fc00000|100%| E|CS|TAMS 0x0000001a6fa00000, 0x0000001a6fa00000| Complete 
|4989|0x0000001a6fc00000, 0x0000001a6fe00000, 0x0000001a6fe00000|100%| E|CS|TAMS 0x0000001a6fc00000, 0x0000001a6fc00000| Complete 
|4990|0x0000001a6fe00000, 0x0000001a70000000, 0x0000001a70000000|100%| E|CS|TAMS 0x0000001a6fe00000, 0x0000001a6fe00000| Complete 
|4991|0x0000001a70000000, 0x0000001a70200000, 0x0000001a70200000|100%| E|CS|TAMS 0x0000001a70000000, 0x0000001a70000000| Complete 
|4992|0x0000001a70200000, 0x0000001a70400000, 0x0000001a70400000|100%| E|CS|TAMS 0x0000001a70200000, 0x0000001a70200000| Complete 
|4993|0x0000001a70400000, 0x0000001a70600000, 0x0000001a70600000|100%| E|CS|TAMS 0x0000001a70400000, 0x0000001a70400000| Complete 
|4994|0x0000001a70600000, 0x0000001a70800000, 0x0000001a70800000|100%| E|CS|TAMS 0x0000001a70600000, 0x0000001a70600000| Complete 
|4995|0x0000001a70800000, 0x0000001a70a00000, 0x0000001a70a00000|100%| E|CS|TAMS 0x0000001a70800000, 0x0000001a70800000| Complete 
|4996|0x0000001a70a00000, 0x0000001a70c00000, 0x0000001a70c00000|100%| E|CS|TAMS 0x0000001a70a00000, 0x0000001a70a00000| Complete 
|4997|0x0000001a70c00000, 0x0000001a70e00000, 0x0000001a70e00000|100%| E|CS|TAMS 0x0000001a70c00000, 0x0000001a70c00000| Complete 
|4998|0x0000001a70e00000, 0x0000001a71000000, 0x0000001a71000000|100%| E|CS|TAMS 0x0000001a70e00000, 0x0000001a70e00000| Complete 
|4999|0x0000001a71000000, 0x0000001a71200000, 0x0000001a71200000|100%| E|CS|TAMS 0x0000001a71000000, 0x0000001a71000000| Complete 
|5000|0x0000001a71200000, 0x0000001a71400000, 0x0000001a71400000|100%| E|CS|TAMS 0x0000001a71200000, 0x0000001a71200000| Complete 
|5001|0x0000001a71400000, 0x0000001a71600000, 0x0000001a71600000|100%| E|CS|TAMS 0x0000001a71400000, 0x0000001a71400000| Complete 
|5002|0x0000001a71600000, 0x0000001a71800000, 0x0000001a71800000|100%| E|CS|TAMS 0x0000001a71600000, 0x0000001a71600000| Complete 
|5003|0x0000001a71800000, 0x0000001a71a00000, 0x0000001a71a00000|100%| E|CS|TAMS 0x0000001a71800000, 0x0000001a71800000| Complete 
|5004|0x0000001a71a00000, 0x0000001a71c00000, 0x0000001a71c00000|100%| E|CS|TAMS 0x0000001a71a00000, 0x0000001a71a00000| Complete 
|5005|0x0000001a71c00000, 0x0000001a71e00000, 0x0000001a71e00000|100%| E|CS|TAMS 0x0000001a71c00000, 0x0000001a71c00000| Complete 
|5006|0x0000001a71e00000, 0x0000001a72000000, 0x0000001a72000000|100%| E|CS|TAMS 0x0000001a71e00000, 0x0000001a71e00000| Complete 
|5007|0x0000001a72000000, 0x0000001a72200000, 0x0000001a72200000|100%| E|CS|TAMS 0x0000001a72000000, 0x0000001a72000000| Complete 
|5008|0x0000001a72200000, 0x0000001a72400000, 0x0000001a72400000|100%| E|CS|TAMS 0x0000001a72200000, 0x0000001a72200000| Complete 
|5009|0x0000001a72400000, 0x0000001a72600000, 0x0000001a72600000|100%| E|CS|TAMS 0x0000001a72400000, 0x0000001a72400000| Complete 
|5010|0x0000001a72600000, 0x0000001a72800000, 0x0000001a72800000|100%| E|CS|TAMS 0x0000001a72600000, 0x0000001a72600000| Complete 
|5011|0x0000001a72800000, 0x0000001a72a00000, 0x0000001a72a00000|100%| E|CS|TAMS 0x0000001a72800000, 0x0000001a72800000| Complete 
|5012|0x0000001a72a00000, 0x0000001a72c00000, 0x0000001a72c00000|100%| E|CS|TAMS 0x0000001a72a00000, 0x0000001a72a00000| Complete 
|5013|0x0000001a72c00000, 0x0000001a72e00000, 0x0000001a72e00000|100%| E|CS|TAMS 0x0000001a72c00000, 0x0000001a72c00000| Complete 
|5014|0x0000001a72e00000, 0x0000001a73000000, 0x0000001a73000000|100%| E|CS|TAMS 0x0000001a72e00000, 0x0000001a72e00000| Complete 
|5015|0x0000001a73000000, 0x0000001a73200000, 0x0000001a73200000|100%| E|CS|TAMS 0x0000001a73000000, 0x0000001a73000000| Complete 
|5016|0x0000001a73200000, 0x0000001a73400000, 0x0000001a73400000|100%| E|CS|TAMS 0x0000001a73200000, 0x0000001a73200000| Complete 
|5017|0x0000001a73400000, 0x0000001a73600000, 0x0000001a73600000|100%| E|CS|TAMS 0x0000001a73400000, 0x0000001a73400000| Complete 
|5018|0x0000001a73600000, 0x0000001a73800000, 0x0000001a73800000|100%| E|CS|TAMS 0x0000001a73600000, 0x0000001a73600000| Complete 
|5019|0x0000001a73800000, 0x0000001a73a00000, 0x0000001a73a00000|100%| E|CS|TAMS 0x0000001a73800000, 0x0000001a73800000| Complete 
|5020|0x0000001a73a00000, 0x0000001a73c00000, 0x0000001a73c00000|100%| E|CS|TAMS 0x0000001a73a00000, 0x0000001a73a00000| Complete 
|5021|0x0000001a73c00000, 0x0000001a73e00000, 0x0000001a73e00000|100%| E|CS|TAMS 0x0000001a73c00000, 0x0000001a73c00000| Complete 
|5022|0x0000001a73e00000, 0x0000001a74000000, 0x0000001a74000000|100%| E|CS|TAMS 0x0000001a73e00000, 0x0000001a73e00000| Complete 
|5023|0x0000001a74000000, 0x0000001a74200000, 0x0000001a74200000|100%| E|CS|TAMS 0x0000001a74000000, 0x0000001a74000000| Complete 
|5024|0x0000001a74200000, 0x0000001a74400000, 0x0000001a74400000|100%| E|CS|TAMS 0x0000001a74200000, 0x0000001a74200000| Complete 
|5025|0x0000001a74400000, 0x0000001a74600000, 0x0000001a74600000|100%| E|CS|TAMS 0x0000001a74400000, 0x0000001a74400000| Complete 
|5026|0x0000001a74600000, 0x0000001a74800000, 0x0000001a74800000|100%| E|CS|TAMS 0x0000001a74600000, 0x0000001a74600000| Complete 
|5027|0x0000001a74800000, 0x0000001a74a00000, 0x0000001a74a00000|100%| E|CS|TAMS 0x0000001a74800000, 0x0000001a74800000| Complete 
|5028|0x0000001a74a00000, 0x0000001a74c00000, 0x0000001a74c00000|100%| E|CS|TAMS 0x0000001a74a00000, 0x0000001a74a00000| Complete 
|5029|0x0000001a74c00000, 0x0000001a74e00000, 0x0000001a74e00000|100%| E|CS|TAMS 0x0000001a74c00000, 0x0000001a74c00000| Complete 
|5030|0x0000001a74e00000, 0x0000001a75000000, 0x0000001a75000000|100%| E|CS|TAMS 0x0000001a74e00000, 0x0000001a74e00000| Complete 
|5031|0x0000001a75000000, 0x0000001a75200000, 0x0000001a75200000|100%| E|CS|TAMS 0x0000001a75000000, 0x0000001a75000000| Complete 
|5032|0x0000001a75200000, 0x0000001a75400000, 0x0000001a75400000|100%| E|CS|TAMS 0x0000001a75200000, 0x0000001a75200000| Complete 
|5033|0x0000001a75400000, 0x0000001a75600000, 0x0000001a75600000|100%| E|CS|TAMS 0x0000001a75400000, 0x0000001a75400000| Complete 
|5034|0x0000001a75600000, 0x0000001a75800000, 0x0000001a75800000|100%| E|CS|TAMS 0x0000001a75600000, 0x0000001a75600000| Complete 
|5035|0x0000001a75800000, 0x0000001a75a00000, 0x0000001a75a00000|100%| E|CS|TAMS 0x0000001a75800000, 0x0000001a75800000| Complete 
|5036|0x0000001a75a00000, 0x0000001a75c00000, 0x0000001a75c00000|100%| E|CS|TAMS 0x0000001a75a00000, 0x0000001a75a00000| Complete 
|5037|0x0000001a75c00000, 0x0000001a75e00000, 0x0000001a75e00000|100%| E|CS|TAMS 0x0000001a75c00000, 0x0000001a75c00000| Complete 
|5038|0x0000001a75e00000, 0x0000001a76000000, 0x0000001a76000000|100%| E|CS|TAMS 0x0000001a75e00000, 0x0000001a75e00000| Complete 
|5039|0x0000001a76000000, 0x0000001a76200000, 0x0000001a76200000|100%| E|CS|TAMS 0x0000001a76000000, 0x0000001a76000000| Complete 
|5040|0x0000001a76200000, 0x0000001a76400000, 0x0000001a76400000|100%| E|CS|TAMS 0x0000001a76200000, 0x0000001a76200000| Complete 
|5041|0x0000001a76400000, 0x0000001a76600000, 0x0000001a76600000|100%| E|CS|TAMS 0x0000001a76400000, 0x0000001a76400000| Complete 
|5042|0x0000001a76600000, 0x0000001a76800000, 0x0000001a76800000|100%| E|CS|TAMS 0x0000001a76600000, 0x0000001a76600000| Complete 
|5043|0x0000001a76800000, 0x0000001a76a00000, 0x0000001a76a00000|100%| E|CS|TAMS 0x0000001a76800000, 0x0000001a76800000| Complete 
|5044|0x0000001a76a00000, 0x0000001a76c00000, 0x0000001a76c00000|100%| E|CS|TAMS 0x0000001a76a00000, 0x0000001a76a00000| Complete 
|5045|0x0000001a76c00000, 0x0000001a76e00000, 0x0000001a76e00000|100%| E|CS|TAMS 0x0000001a76c00000, 0x0000001a76c00000| Complete 
|5046|0x0000001a76e00000, 0x0000001a77000000, 0x0000001a77000000|100%| E|CS|TAMS 0x0000001a76e00000, 0x0000001a76e00000| Complete 
|5047|0x0000001a77000000, 0x0000001a77200000, 0x0000001a77200000|100%| E|CS|TAMS 0x0000001a77000000, 0x0000001a77000000| Complete 
|5048|0x0000001a77200000, 0x0000001a77400000, 0x0000001a77400000|100%| E|CS|TAMS 0x0000001a77200000, 0x0000001a77200000| Complete 
|5049|0x0000001a77400000, 0x0000001a77600000, 0x0000001a77600000|100%| E|CS|TAMS 0x0000001a77400000, 0x0000001a77400000| Complete 
|5050|0x0000001a77600000, 0x0000001a77800000, 0x0000001a77800000|100%| E|CS|TAMS 0x0000001a77600000, 0x0000001a77600000| Complete 
|5051|0x0000001a77800000, 0x0000001a77a00000, 0x0000001a77a00000|100%| E|CS|TAMS 0x0000001a77800000, 0x0000001a77800000| Complete 
|5052|0x0000001a77a00000, 0x0000001a77c00000, 0x0000001a77c00000|100%| E|CS|TAMS 0x0000001a77a00000, 0x0000001a77a00000| Complete 
|5053|0x0000001a77c00000, 0x0000001a77e00000, 0x0000001a77e00000|100%| E|CS|TAMS 0x0000001a77c00000, 0x0000001a77c00000| Complete 
|5054|0x0000001a77e00000, 0x0000001a78000000, 0x0000001a78000000|100%| E|CS|TAMS 0x0000001a77e00000, 0x0000001a77e00000| Complete 
|5055|0x0000001a78000000, 0x0000001a78200000, 0x0000001a78200000|100%| E|CS|TAMS 0x0000001a78000000, 0x0000001a78000000| Complete 
|5056|0x0000001a78200000, 0x0000001a78400000, 0x0000001a78400000|100%| E|CS|TAMS 0x0000001a78200000, 0x0000001a78200000| Complete 
|5057|0x0000001a78400000, 0x0000001a78600000, 0x0000001a78600000|100%| E|CS|TAMS 0x0000001a78400000, 0x0000001a78400000| Complete 
|5058|0x0000001a78600000, 0x0000001a78800000, 0x0000001a78800000|100%| E|CS|TAMS 0x0000001a78600000, 0x0000001a78600000| Complete 
|5059|0x0000001a78800000, 0x0000001a78a00000, 0x0000001a78a00000|100%| E|CS|TAMS 0x0000001a78800000, 0x0000001a78800000| Complete 
|5060|0x0000001a78a00000, 0x0000001a78c00000, 0x0000001a78c00000|100%| E|CS|TAMS 0x0000001a78a00000, 0x0000001a78a00000| Complete 
|5061|0x0000001a78c00000, 0x0000001a78e00000, 0x0000001a78e00000|100%| E|CS|TAMS 0x0000001a78c00000, 0x0000001a78c00000| Complete 
|5062|0x0000001a78e00000, 0x0000001a79000000, 0x0000001a79000000|100%| E|CS|TAMS 0x0000001a78e00000, 0x0000001a78e00000| Complete 
|5063|0x0000001a79000000, 0x0000001a79200000, 0x0000001a79200000|100%| E|CS|TAMS 0x0000001a79000000, 0x0000001a79000000| Complete 
|5064|0x0000001a79200000, 0x0000001a79400000, 0x0000001a79400000|100%| E|CS|TAMS 0x0000001a79200000, 0x0000001a79200000| Complete 
|5065|0x0000001a79400000, 0x0000001a79600000, 0x0000001a79600000|100%| E|CS|TAMS 0x0000001a79400000, 0x0000001a79400000| Complete 
|5066|0x0000001a79600000, 0x0000001a79800000, 0x0000001a79800000|100%| E|CS|TAMS 0x0000001a79600000, 0x0000001a79600000| Complete 
|5067|0x0000001a79800000, 0x0000001a79a00000, 0x0000001a79a00000|100%| E|CS|TAMS 0x0000001a79800000, 0x0000001a79800000| Complete 
|5068|0x0000001a79a00000, 0x0000001a79c00000, 0x0000001a79c00000|100%| E|CS|TAMS 0x0000001a79a00000, 0x0000001a79a00000| Complete 
|5069|0x0000001a79c00000, 0x0000001a79e00000, 0x0000001a79e00000|100%| E|CS|TAMS 0x0000001a79c00000, 0x0000001a79c00000| Complete 
|5070|0x0000001a79e00000, 0x0000001a7a000000, 0x0000001a7a000000|100%| E|CS|TAMS 0x0000001a79e00000, 0x0000001a79e00000| Complete 
|5071|0x0000001a7a000000, 0x0000001a7a200000, 0x0000001a7a200000|100%| E|CS|TAMS 0x0000001a7a000000, 0x0000001a7a000000| Complete 
|5072|0x0000001a7a200000, 0x0000001a7a400000, 0x0000001a7a400000|100%| E|CS|TAMS 0x0000001a7a200000, 0x0000001a7a200000| Complete 
|5073|0x0000001a7a400000, 0x0000001a7a600000, 0x0000001a7a600000|100%| E|CS|TAMS 0x0000001a7a400000, 0x0000001a7a400000| Complete 
|5074|0x0000001a7a600000, 0x0000001a7a800000, 0x0000001a7a800000|100%| E|CS|TAMS 0x0000001a7a600000, 0x0000001a7a600000| Complete 
|5075|0x0000001a7a800000, 0x0000001a7aa00000, 0x0000001a7aa00000|100%| E|CS|TAMS 0x0000001a7a800000, 0x0000001a7a800000| Complete 
|5076|0x0000001a7aa00000, 0x0000001a7ac00000, 0x0000001a7ac00000|100%| E|CS|TAMS 0x0000001a7aa00000, 0x0000001a7aa00000| Complete 
|5077|0x0000001a7ac00000, 0x0000001a7ae00000, 0x0000001a7ae00000|100%| E|CS|TAMS 0x0000001a7ac00000, 0x0000001a7ac00000| Complete 
|5078|0x0000001a7ae00000, 0x0000001a7b000000, 0x0000001a7b000000|100%| E|CS|TAMS 0x0000001a7ae00000, 0x0000001a7ae00000| Complete 
|5079|0x0000001a7b000000, 0x0000001a7b200000, 0x0000001a7b200000|100%| E|CS|TAMS 0x0000001a7b000000, 0x0000001a7b000000| Complete 
|5080|0x0000001a7b200000, 0x0000001a7b400000, 0x0000001a7b400000|100%| E|CS|TAMS 0x0000001a7b200000, 0x0000001a7b200000| Complete 
|5081|0x0000001a7b400000, 0x0000001a7b600000, 0x0000001a7b600000|100%| E|CS|TAMS 0x0000001a7b400000, 0x0000001a7b400000| Complete 
|5082|0x0000001a7b600000, 0x0000001a7b800000, 0x0000001a7b800000|100%| E|CS|TAMS 0x0000001a7b600000, 0x0000001a7b600000| Complete 
|5083|0x0000001a7b800000, 0x0000001a7ba00000, 0x0000001a7ba00000|100%| E|CS|TAMS 0x0000001a7b800000, 0x0000001a7b800000| Complete 
|5084|0x0000001a7ba00000, 0x0000001a7bc00000, 0x0000001a7bc00000|100%| E|CS|TAMS 0x0000001a7ba00000, 0x0000001a7ba00000| Complete 
|5085|0x0000001a7bc00000, 0x0000001a7be00000, 0x0000001a7be00000|100%| E|CS|TAMS 0x0000001a7bc00000, 0x0000001a7bc00000| Complete 
|5086|0x0000001a7be00000, 0x0000001a7c000000, 0x0000001a7c000000|100%| E|CS|TAMS 0x0000001a7be00000, 0x0000001a7be00000| Complete 
|5087|0x0000001a7c000000, 0x0000001a7c200000, 0x0000001a7c200000|100%| E|CS|TAMS 0x0000001a7c000000, 0x0000001a7c000000| Complete 
|5088|0x0000001a7c200000, 0x0000001a7c400000, 0x0000001a7c400000|100%| E|CS|TAMS 0x0000001a7c200000, 0x0000001a7c200000| Complete 
|5089|0x0000001a7c400000, 0x0000001a7c600000, 0x0000001a7c600000|100%| E|CS|TAMS 0x0000001a7c400000, 0x0000001a7c400000| Complete 
|5090|0x0000001a7c600000, 0x0000001a7c800000, 0x0000001a7c800000|100%| E|CS|TAMS 0x0000001a7c600000, 0x0000001a7c600000| Complete 
|5091|0x0000001a7c800000, 0x0000001a7ca00000, 0x0000001a7ca00000|100%| E|CS|TAMS 0x0000001a7c800000, 0x0000001a7c800000| Complete 
|5092|0x0000001a7ca00000, 0x0000001a7cc00000, 0x0000001a7cc00000|100%| E|CS|TAMS 0x0000001a7ca00000, 0x0000001a7ca00000| Complete 
|5093|0x0000001a7cc00000, 0x0000001a7ce00000, 0x0000001a7ce00000|100%| E|CS|TAMS 0x0000001a7cc00000, 0x0000001a7cc00000| Complete 
|5094|0x0000001a7ce00000, 0x0000001a7d000000, 0x0000001a7d000000|100%| E|CS|TAMS 0x0000001a7ce00000, 0x0000001a7ce00000| Complete 
|5095|0x0000001a7d000000, 0x0000001a7d200000, 0x0000001a7d200000|100%| E|CS|TAMS 0x0000001a7d000000, 0x0000001a7d000000| Complete 
|5096|0x0000001a7d200000, 0x0000001a7d400000, 0x0000001a7d400000|100%| E|CS|TAMS 0x0000001a7d200000, 0x0000001a7d200000| Complete 
|5097|0x0000001a7d400000, 0x0000001a7d600000, 0x0000001a7d600000|100%| E|CS|TAMS 0x0000001a7d400000, 0x0000001a7d400000| Complete 
|5098|0x0000001a7d600000, 0x0000001a7d800000, 0x0000001a7d800000|100%| E|CS|TAMS 0x0000001a7d600000, 0x0000001a7d600000| Complete 
|5099|0x0000001a7d800000, 0x0000001a7da00000, 0x0000001a7da00000|100%| E|CS|TAMS 0x0000001a7d800000, 0x0000001a7d800000| Complete 
|5100|0x0000001a7da00000, 0x0000001a7dc00000, 0x0000001a7dc00000|100%| E|CS|TAMS 0x0000001a7da00000, 0x0000001a7da00000| Complete 
|5101|0x0000001a7dc00000, 0x0000001a7de00000, 0x0000001a7de00000|100%| E|CS|TAMS 0x0000001a7dc00000, 0x0000001a7dc00000| Complete 
|5102|0x0000001a7de00000, 0x0000001a7e000000, 0x0000001a7e000000|100%| E|CS|TAMS 0x0000001a7de00000, 0x0000001a7de00000| Complete 
|5103|0x0000001a7e000000, 0x0000001a7e200000, 0x0000001a7e200000|100%| E|CS|TAMS 0x0000001a7e000000, 0x0000001a7e000000| Complete 
|5104|0x0000001a7e200000, 0x0000001a7e400000, 0x0000001a7e400000|100%| E|CS|TAMS 0x0000001a7e200000, 0x0000001a7e200000| Complete 
|5105|0x0000001a7e400000, 0x0000001a7e600000, 0x0000001a7e600000|100%| E|CS|TAMS 0x0000001a7e400000, 0x0000001a7e400000| Complete 
|5106|0x0000001a7e600000, 0x0000001a7e800000, 0x0000001a7e800000|100%| E|CS|TAMS 0x0000001a7e600000, 0x0000001a7e600000| Complete 
|5107|0x0000001a7e800000, 0x0000001a7ea00000, 0x0000001a7ea00000|100%| E|CS|TAMS 0x0000001a7e800000, 0x0000001a7e800000| Complete 
|5108|0x0000001a7ea00000, 0x0000001a7ec00000, 0x0000001a7ec00000|100%| E|CS|TAMS 0x0000001a7ea00000, 0x0000001a7ea00000| Complete 
|5109|0x0000001a7ec00000, 0x0000001a7ee00000, 0x0000001a7ee00000|100%| E|CS|TAMS 0x0000001a7ec00000, 0x0000001a7ec00000| Complete 
|5110|0x0000001a7ee00000, 0x0000001a7f000000, 0x0000001a7f000000|100%| E|CS|TAMS 0x0000001a7ee00000, 0x0000001a7ee00000| Complete 
|5111|0x0000001a7f000000, 0x0000001a7f200000, 0x0000001a7f200000|100%| E|CS|TAMS 0x0000001a7f000000, 0x0000001a7f000000| Complete 
|5112|0x0000001a7f200000, 0x0000001a7f400000, 0x0000001a7f400000|100%| E|CS|TAMS 0x0000001a7f200000, 0x0000001a7f200000| Complete 
|5113|0x0000001a7f400000, 0x0000001a7f600000, 0x0000001a7f600000|100%| E|CS|TAMS 0x0000001a7f400000, 0x0000001a7f400000| Complete 
|5114|0x0000001a7f600000, 0x0000001a7f800000, 0x0000001a7f800000|100%| E|CS|TAMS 0x0000001a7f600000, 0x0000001a7f600000| Complete 
|5115|0x0000001a7f800000, 0x0000001a7fa00000, 0x0000001a7fa00000|100%| E|CS|TAMS 0x0000001a7f800000, 0x0000001a7f800000| Complete 
|5116|0x0000001a7fa00000, 0x0000001a7fc00000, 0x0000001a7fc00000|100%| E|CS|TAMS 0x0000001a7fa00000, 0x0000001a7fa00000| Complete 
|5117|0x0000001a7fc00000, 0x0000001a7fe00000, 0x0000001a7fe00000|100%| E|CS|TAMS 0x0000001a7fc00000, 0x0000001a7fc00000| Complete 
|5118|0x0000001a7fe00000, 0x0000001a80000000, 0x0000001a80000000|100%| E|CS|TAMS 0x0000001a7fe00000, 0x0000001a7fe00000| Complete 
|5119|0x0000001a80000000, 0x0000001a80200000, 0x0000001a80200000|100%| E|CS|TAMS 0x0000001a80000000, 0x0000001a80000000| Complete 

Card table byte_map: [0x000002037c8d0000,0x000002037dcd0000] _byte_map_base: 0x00000203708cf000

Marking Bits (Prev, Next): (CMBitMap*) 0x0000020379d90830, (CMBitMap*) 0x0000020379d907f8
 Prev Bits: [0x00000203890d0000, 0x00000203930d0000)
 Next Bits: [0x000002037f0d0000, 0x00000203890d0000)

Polling page: 0x000002031f0a0000

Metaspace:

Usage:
  Non-class:     23.65 MB capacity,    23.28 MB ( 98%) used,   326.13 KB (  1%) free+waste,    51.94 KB ( <1%) overhead. 
      Class:      2.83 MB capacity,     2.67 MB ( 94%) used,   143.98 KB (  5%) free+waste,    21.13 KB ( <1%) overhead. 
       Both:     26.48 MB capacity,    25.95 MB ( 98%) used,   470.11 KB (  2%) free+waste,    73.06 KB ( <1%) overhead. 

Virtual space:
  Non-class space:       24.00 MB reserved,      24.00 MB (100%) committed 
      Class space:        1.00 GB reserved,       3.00 MB ( <1%) committed 
             Both:        1.02 GB reserved,      27.00 MB (  3%) committed 

Chunk freelists:
   Non-Class:  229.00 KB
       Class:  89.00 KB
        Both:  318.00 KB

MaxMetaspaceSize: 17179869184.00 GB
CompressedClassSpaceSize: 1.00 GB
Initial GC threshold: 20.80 MB
Current GC threshold: 45.00 MB
CDS: off

CodeHeap 'non-profiled nmethods': size=120000Kb used=9238Kb max_used=9238Kb free=110761Kb
 bounds [0x0000020372860000, 0x0000020373170000, 0x0000020379d90000]
CodeHeap 'profiled nmethods': size=120000Kb used=14594Kb max_used=14739Kb free=105405Kb
 bounds [0x000002036b330000, 0x000002036c1a0000, 0x0000020372860000]
CodeHeap 'non-nmethods': size=5760Kb used=1225Kb max_used=1288Kb free=4535Kb
 bounds [0x000002036ad90000, 0x000002036b000000, 0x000002036b330000]
 total_blobs=7381 nmethods=6897 adapters=394
 compilation: enabled
              stopped_count=0, restarted_count=0
 full_count=0

Compilation events (20 events):
Event: 5703.275 Thread 0x000002037a59a000 7005   !   4       java.lang.ref.Reference::processPendingReferences (132 bytes)
Event: 5703.301 Thread 0x000002037a59a000 nmethod 7005 0x0000020373163590 code [0x0000020373163820, 0x0000020373165020]
Event: 7978.848 Thread 0x000002037a59a800 7006 % !   3       java.lang.ref.Finalizer$FinalizerThread::run @ 34 (56 bytes)
Event: 7978.849 Thread 0x000002037a59a800 nmethod 7006% 0x000002036b83b110 code [0x000002036b83b380, 0x000002036b83bf28]
Event: 8090.434 Thread 0x000002037a59a800 7007   !   3       java.lang.ref.Finalizer$FinalizerThread::run (56 bytes)
Event: 8090.440 Thread 0x000002037a59a800 nmethod 7007 0x000002036b81c410 code [0x000002036b81c680, 0x000002036b81d208]
Event: 10696.984 Thread 0x000002037a59a800 7008   !   3       jdk.internal.ref.PhantomCleanable::isListEmpty (34 bytes)
Event: 10696.985 Thread 0x000002037a59a800 nmethod 7008 0x000002036b844110 code [0x000002036b8442c0, 0x000002036b844638]
Event: 10696.985 Thread 0x000002037a59a800 7009       3       jdk.internal.misc.InnocuousThread::eraseThreadLocals (23 bytes)
Event: 10696.985 Thread 0x000002037a59a800 nmethod 7009 0x000002036b330010 code [0x000002036b3301c0, 0x000002036b3303f8]
Event: 12908.016 Thread 0x000002037a59a000 7010 % !   4       java.lang.ref.Finalizer$FinalizerThread::run @ 34 (56 bytes)
Event: 12908.188 Thread 0x000002037a59a000 nmethod 7010% 0x0000020373165490 code [0x0000020373165660, 0x00000203731657f8]
Event: 24535.011 Thread 0x000002037a59a800 7011 % !   3       org.jpype.ref.JPypeReferenceQueue$Worker::run @ 0 (120 bytes)
Event: 24535.128 Thread 0x000002037a59a800 nmethod 7011% 0x000002036b81af90 code [0x000002036b81b200, 0x000002036b81be18]
Event: 24992.947 Thread 0x000002037a59a800 7012   !   3       org.jpype.ref.JPypeReferenceQueue$Worker::run (120 bytes)
Event: 24992.961 Thread 0x000002037a59a800 nmethod 7012 0x000002036b819b90 code [0x000002036b819e00, 0x000002036b81a9d8]
Event: 28885.392 Thread 0x000002037a59a800 7013 %     3       java.lang.ref.Reference$ReferenceHandler::run @ 0 (6 bytes)
Event: 28885.417 Thread 0x000002037a59a800 nmethod 7013% 0x000002036b8dfd90 code [0x000002036b8dff60, 0x000002036b8e0128]
Event: 29420.738 Thread 0x000002037a59a800 7014       3       java.lang.ref.Reference$ReferenceHandler::run (6 bytes)
Event: 29420.739 Thread 0x000002037a59a800 nmethod 7014 0x000002036b819710 code [0x000002036b8198e0, 0x000002036b819a88]

GC Heap History (20 events):
Event: 38607.940 GC heap before
{Heap before GC invocations=96604 (full 1789):
 garbage-first heap   total 10485760K, used 4480548K [0x0000001800200000, 0x0000001a80200000)
  region size 2048K, 423 young (866304K), 13 survivors (26624K)
 Metaspace       used 26576K, capacity 27120K, committed 27648K, reserved 1073152K
  class space    used 2735K, capacity 2901K, committed 3072K, reserved 1048576K
}
Event: 38607.956 GC heap after
{Heap after GC invocations=96605 (full 1789):
 garbage-first heap   total 10485760K, used 3634616K [0x0000001800200000, 0x0000001a80200000)
  region size 2048K, 18 young (36864K), 18 survivors (36864K)
 Metaspace       used 26576K, capacity 27120K, committed 27648K, reserved 1073152K
  class space    used 2735K, capacity 2901K, committed 3072K, reserved 1048576K
}
Event: 38608.121 GC heap before
{Heap before GC invocations=96605 (full 1789):
 garbage-first heap   total 10485760K, used 4578744K [0x0000001800200000, 0x0000001a80200000)
  region size 2048K, 480 young (983040K), 18 survivors (36864K)
 Metaspace       used 26576K, capacity 27120K, committed 27648K, reserved 1073152K
  class space    used 2735K, capacity 2901K, committed 3072K, reserved 1048576K
}
Event: 38608.140 GC heap after
{Heap after GC invocations=96606 (full 1789):
 garbage-first heap   total 10485760K, used 3645981K [0x0000001800200000, 0x0000001a80200000)
  region size 2048K, 24 young (49152K), 24 survivors (49152K)
 Metaspace       used 26576K, capacity 27120K, committed 27648K, reserved 1073152K
  class space    used 2735K, capacity 2901K, committed 3072K, reserved 1048576K
}
Event: 38608.337 GC heap before
{Heap before GC invocations=96606 (full 1789):
 garbage-first heap   total 10485760K, used 4778525K [0x0000001800200000, 0x0000001a80200000)
  region size 2048K, 577 young (1181696K), 24 survivors (49152K)
 Metaspace       used 26576K, capacity 27120K, committed 27648K, reserved 1073152K
  class space    used 2735K, capacity 2901K, committed 3072K, reserved 1048576K
}
Event: 38608.369 GC heap after
{Heap after GC invocations=96607 (full 1789):
 garbage-first heap   total 10485760K, used 3647253K [0x0000001800200000, 0x0000001a80200000)
  region size 2048K, 30 young (61440K), 30 survivors (61440K)
 Metaspace       used 26576K, capacity 27120K, committed 27648K, reserved 1073152K
  class space    used 2735K, capacity 2901K, committed 3072K, reserved 1048576K
}
Event: 38608.590 GC heap before
{Heap before GC invocations=96607 (full 1789):
 garbage-first heap   total 10485760K, used 4914965K [0x0000001800200000, 0x0000001a80200000)
  region size 2048K, 647 young (1325056K), 30 survivors (61440K)
 Metaspace       used 26576K, capacity 27120K, committed 27648K, reserved 1073152K
  class space    used 2735K, capacity 2901K, committed 3072K, reserved 1048576K
}
Event: 38608.619 GC heap after
{Heap after GC invocations=96608 (full 1789):
 garbage-first heap   total 10485760K, used 3666709K [0x0000001800200000, 0x0000001a80200000)
  region size 2048K, 38 young (77824K), 38 survivors (77824K)
 Metaspace       used 26576K, capacity 27120K, committed 27648K, reserved 1073152K
  class space    used 2735K, capacity 2901K, committed 3072K, reserved 1048576K
}
Event: 38609.330 GC heap before
{Heap before GC invocations=96608 (full 1789):
 garbage-first heap   total 10485760K, used 5673749K [0x0000001800200000, 0x0000001a80200000)
  region size 2048K, 779 young (1595392K), 38 survivors (77824K)
 Metaspace       used 26576K, capacity 27120K, committed 27648K, reserved 1073152K
  class space    used 2735K, capacity 2901K, committed 3072K, reserved 1048576K
}
Event: 38609.409 GC heap after
{Heap after GC invocations=96609 (full 1789):
 garbage-first heap   total 10485760K, used 3841813K [0x0000001800200000, 0x0000001a80200000)
  region size 2048K, 92 young (188416K), 92 survivors (188416K)
 Metaspace       used 26576K, capacity 27120K, committed 27648K, reserved 1073152K
  class space    used 2735K, capacity 2901K, committed 3072K, reserved 1048576K
}
Event: 38609.776 GC heap before
{Heap before GC invocations=96609 (full 1789):
 garbage-first heap   total 10485760K, used 5308181K [0x0000001800200000, 0x0000001a80200000)
  region size 2048K, 796 young (1630208K), 92 survivors (188416K)
 Metaspace       used 26576K, capacity 27120K, committed 27648K, reserved 1073152K
  class space    used 2735K, capacity 2901K, committed 3072K, reserved 1048576K
}
Event: 38609.864 GC heap after
{Heap after GC invocations=96610 (full 1789):
 garbage-first heap   total 10485760K, used 3841705K [0x0000001800200000, 0x0000001a80200000)
  region size 2048K, 51 young (104448K), 51 survivors (104448K)
 Metaspace       used 26576K, capacity 27120K, committed 27648K, reserved 1073152K
  class space    used 2735K, capacity 2901K, committed 3072K, reserved 1048576K
}
Event: 38610.112 GC heap before
{Heap before GC invocations=96610 (full 1789):
 garbage-first heap   total 10485760K, used 5486249K [0x0000001800200000, 0x0000001a80200000)
  region size 2048K, 854 young (1748992K), 51 survivors (104448K)
 Metaspace       used 26576K, capacity 27120K, committed 27648K, reserved 1073152K
  class space    used 2735K, capacity 2901K, committed 3072K, reserved 1048576K
}
Event: 38610.164 GC heap after
{Heap after GC invocations=96611 (full 1789):
 garbage-first heap   total 10485760K, used 3861161K [0x0000001800200000, 0x0000001a80200000)
  region size 2048K, 60 young (122880K), 60 survivors (122880K)
 Metaspace       used 26576K, capacity 27120K, committed 27648K, reserved 1073152K
  class space    used 2735K, capacity 2901K, committed 3072K, reserved 1048576K
}
Event: 38610.476 GC heap before
{Heap before GC invocations=96611 (full 1789):
 garbage-first heap   total 10485760K, used 5896873K [0x0000001800200000, 0x0000001a80200000)
  region size 2048K, 1052 young (2154496K), 60 survivors (122880K)
 Metaspace       used 26576K, capacity 27120K, committed 27648K, reserved 1073152K
  class space    used 2735K, capacity 2901K, committed 3072K, reserved 1048576K
}
Event: 38610.534 GC heap after
{Heap after GC invocations=96612 (full 1789):
 garbage-first heap   total 10485760K, used 3889833K [0x0000001800200000, 0x0000001a80200000)
  region size 2048K, 72 young (147456K), 72 survivors (147456K)
 Metaspace       used 26576K, capacity 27120K, committed 27648K, reserved 1073152K
  class space    used 2735K, capacity 2901K, committed 3072K, reserved 1048576K
}
Event: 38610.920 GC heap before
{Heap before GC invocations=96612 (full 1789):
 garbage-first heap   total 10485760K, used 6271657K [0x0000001800200000, 0x0000001a80200000)
  region size 2048K, 1217 young (2492416K), 72 survivors (147456K)
 Metaspace       used 26576K, capacity 27120K, committed 27648K, reserved 1073152K
  class space    used 2735K, capacity 2901K, committed 3072K, reserved 1048576K
}
Event: 38610.988 GC heap after
{Heap after GC invocations=96613 (full 1789):
 garbage-first heap   total 10485760K, used 3923625K [0x0000001800200000, 0x0000001a80200000)
  region size 2048K, 87 young (178176K), 87 survivors (178176K)
 Metaspace       used 26576K, capacity 27120K, committed 27648K, reserved 1073152K
  class space    used 2735K, capacity 2901K, committed 3072K, reserved 1048576K
}
Event: 38611.441 GC heap before
{Heap before GC invocations=96613 (full 1789):
 garbage-first heap   total 10485760K, used 6557353K [0x0000001800200000, 0x0000001a80200000)
  region size 2048K, 1341 young (2746368K), 87 survivors (178176K)
 Metaspace       used 26576K, capacity 27120K, committed 27648K, reserved 1073152K
  class space    used 2735K, capacity 2901K, committed 3072K, reserved 1048576K
}
Event: 38611.521 GC heap after
{Heap after GC invocations=96614 (full 1789):
 garbage-first heap   total 10485760K, used 3947177K [0x0000001800200000, 0x0000001a80200000)
  region size 2048K, 100 young (204800K), 100 survivors (204800K)
 Metaspace       used 26576K, capacity 27120K, committed 27648K, reserved 1073152K
  class space    used 2735K, capacity 2901K, committed 3072K, reserved 1048576K
}

Deoptimization events (20 events):
Event: 900.852 Thread 0x00000203973b4800 Uncommon trap: trap_request=0xffffffbe fr.pc=0x0000020372ed2e04 relative=0x00000000000007c4
Event: 900.852 Thread 0x00000203973b4800 Uncommon trap: reason=profile_predicate action=maybe_recompile pc=0x0000020372ed2e04 method=loci.formats.in.QTReader.isThisType(Lloci/common/RandomAccessInputStream;)Z @ 31 c2
Event: 900.852 Thread 0x00000203973b4800 DEOPT PACKING pc=0x0000020372ed2e04 sp=0x000000333829ccb0
Event: 900.852 Thread 0x00000203973b4800 DEOPT UNPACKING pc=0x000002036adda1af sp=0x000000333829cc50 mode 2
Event: 900.856 Thread 0x00000203b04f5000 Uncommon trap: trap_request=0xffffffbe fr.pc=0x0000020372ed2e04 relative=0x00000000000007c4
Event: 900.856 Thread 0x00000203b04f5000 Uncommon trap: reason=profile_predicate action=maybe_recompile pc=0x0000020372ed2e04 method=loci.formats.in.QTReader.isThisType(Lloci/common/RandomAccessInputStream;)Z @ 31 c2
Event: 900.856 Thread 0x00000203b04f5000 DEOPT PACKING pc=0x0000020372ed2e04 sp=0x00000033376fcfc0
Event: 900.856 Thread 0x00000203b04f5000 DEOPT UNPACKING pc=0x000002036adda1af sp=0x00000033376fcf60 mode 2
Event: 2235.665 Thread 0x00000203b7949800 DEOPT PACKING pc=0x000002036c044079 sp=0x00000033380ad6c0
Event: 2235.665 Thread 0x00000203b7949800 DEOPT UNPACKING pc=0x000002036adda95e sp=0x00000033380acb10 mode 0
Event: 4099.549 Thread 0x00000203b7948800 Uncommon trap: trap_request=0xffffffcc fr.pc=0x000002037311a6ec relative=0x00000000000019ec
Event: 4099.549 Thread 0x00000203b7948800 Uncommon trap: reason=intrinsic_or_type_checked_inlining action=make_not_entrant pc=0x000002037311a6ec method=java.util.ArrayList$SubList.toArray([Ljava/lang/Object;)[Ljava/lang/Object; @ 58 c2
Event: 4099.549 Thread 0x00000203b7948800 DEOPT PACKING pc=0x000002037311a6ec sp=0x0000003337adcb20
Event: 4099.549 Thread 0x00000203b7948800 DEOPT UNPACKING pc=0x000002036adda1af sp=0x0000003337adca78 mode 2
Event: 4274.901 Thread 0x000002037a40f000 Uncommon trap: trap_request=0xffffff4d fr.pc=0x0000020372f8a578 relative=0x00000000000010d8
Event: 4274.901 Thread 0x000002037a40f000 Uncommon trap: reason=unstable_if action=reinterpret pc=0x0000020372f8a578 method=java.lang.ref.Reference.processPendingReferences()V @ 91 c2
Event: 4274.901 Thread 0x000002037a40f000 DEOPT PACKING pc=0x0000020372f8a578 sp=0x000000333487f0a0
Event: 4274.901 Thread 0x000002037a40f000 DEOPT UNPACKING pc=0x000002036adda1af sp=0x000000333487f070 mode 2
Event: 13911.685 Thread 0x000002037a46b000 DEOPT PACKING pc=0x000002036b83be20 sp=0x0000003334a6f0b0
Event: 13911.741 Thread 0x000002037a46b000 DEOPT UNPACKING pc=0x000002036adda95e sp=0x0000003334a6e598 mode 0

Classes redefined (0 events):
No events

Internal exceptions (20 events):
Event: 1.628 Thread 0x00000203586ab800 Exception <a 'java/lang/NoSuchMethodError'{0x00000018022a5188}: 'java.lang.Object java.lang.invoke.DirectMethodHandle$Holder.invokeStaticInit(java.lang.Object, java.lang.Object, int, int, int, int)'> (0x00000018022a5188) thrown at [s\src\hotspot\share\interpreter\linkResolver.cpp, line 773]
Event: 2.838 Thread 0x00000203586ab800 Exception <a 'java/lang/NoSuchMethodError'{0x0000001819479f30}: 'java.lang.Object java.lang.invoke.DirectMethodHandle$Holder.invokeStatic(java.lang.Object, java.lang.Object, java.lang.Object, java.lang.Object, java.lang.Object, java.lang.Object, java.lang.Object, java.lang.Object, java.lang.Object, java.lang.Object, java.lang.Object, java.lang.Object, java.lang.Object, java.lang.Object, java.lang.Object)'> (0x0000001819479f30) thrown at [s\src\hotspot\share\interpreter\linkResolver.cpp, line 773]
Event: 2.839 Thread 0x00000203586ab800 Exception <a 'java/lang/NoSuchMethodError'{0x0000001819487c90}: 'java.lang.Object java.lang.invoke.DirectMethodHandle$Holder.invokeStatic(java.lang.Object, java.lang.Object, java.lang.Object, java.lang.Object, java.lang.Object, java.lang.Object, java.lang.Object, java.lang.Object, java.lang.Object, java.lang.Object, java.lang.Object, java.lang.Object, java.lang.Object, java.lang.Object, java.lang.Object, java.lang.Object)'> (0x0000001819487c90) thrown at [s\src\hotspot\share\interpreter\linkResolver.cpp, l
Event: 2.840 Thread 0x00000203586ab800 Exception <a 'java/lang/NoSuchMethodError'{0x0000001819495900}: 'java.lang.Object java.lang.invoke.DirectMethodHandle$Holder.invokeSpecial(java.lang.Object, java.lang.Object, int, int, java.lang.Object, java.lang.Object, java.lang.Object)'> (0x0000001819495900) thrown at [s\src\hotspot\share\interpreter\linkResolver.cpp, line 773]
Event: 2.840 Thread 0x00000203586ab800 Exception <a 'java/lang/NoSuchMethodError'{0x0000001819498e90}: 'java.lang.Object java.lang.invoke.DelegatingMethodHandle$Holder.reinvoke_L(java.lang.Object, int, int, java.lang.Object, java.lang.Object, java.lang.Object)'> (0x0000001819498e90) thrown at [s\src\hotspot\share\interpreter\linkResolver.cpp, line 773]
Event: 2.840 Thread 0x00000203586ab800 Exception <a 'java/lang/NoSuchMethodError'{0x000000181949cf70}: 'java.lang.Object java.lang.invoke.DirectMethodHandle$Holder.invokeStatic(java.lang.Object, java.lang.Object, java.lang.Object, java.lang.Object, int)'> (0x000000181949cf70) thrown at [s\src\hotspot\share\interpreter\linkResolver.cpp, line 773]
Event: 5.417 Thread 0x00000203586ab800 Implicit null exception at 0x0000020372a62c6a to 0x0000020372a630f0
Event: 5.417 Thread 0x00000203586ab800 Implicit null exception at 0x00000203729483e0 to 0x00000203729483f5
Event: 5.612 Thread 0x00000203586ab800 Implicit null exception at 0x0000020372a12b7b to 0x0000020372a12fb8
Event: 5.614 Thread 0x00000203586ab800 Implicit null exception at 0x00000203729b2579 to 0x00000203729b28fc
Event: 5.615 Thread 0x00000203586ab800 Implicit null exception at 0x00000203729aabbf to 0x00000203729ab118
Event: 5.615 Thread 0x00000203586ab800 Implicit null exception at 0x00000203729e0a1d to 0x00000203729e0b70
Event: 5.615 Thread 0x00000203586ab800 Implicit null exception at 0x0000020372996af4 to 0x0000020372996c10
Event: 5.742 Thread 0x00000203586ab800 Implicit null exception at 0x00000203729e0f9d to 0x00000203729e10f0
Event: 7.141 Thread 0x000002034a302800 Implicit null exception at 0x0000020372b39d23 to 0x0000020372b39e64
Event: 7.141 Thread 0x000002034a307000 Implicit null exception at 0x0000020372b3409b to 0x0000020372b34194
Event: 7.148 Thread 0x000002034a307000 Implicit null exception at 0x000002037294fe97 to 0x0000020372951450
Event: 7.150 Thread 0x000002034a309000 Implicit null exception at 0x0000020372952b95 to 0x0000020372953ec4
Event: 11.817 Thread 0x000002034a309000 Implicit null exception at 0x0000020372a95730 to 0x0000020372a95324
Event: 12.798 Thread 0x000002034a309000 Implicit null exception at 0x0000020372b214a8 to 0x0000020372b218ec

Events (20 events):
Event: 38608.945 Thread 0x0000020f8626c800 Thread exited: 0x0000020f8626c800
Event: 38609.296 Thread 0x000002140d144000 Thread added: 0x000002140d144000
Event: 38609.297 Thread 0x0000020430307000 Thread exited: 0x0000020430307000
Event: 38609.298 Thread 0x0000020f8626b800 Thread added: 0x0000020f8626b800
Event: 38609.320 Executing VM operation: G1CollectForAllocation
Event: 38609.409 Executing VM operation: G1CollectForAllocation done
Event: 38609.776 Executing VM operation: G1CollectForAllocation
Event: 38609.864 Executing VM operation: G1CollectForAllocation done
Event: 38610.111 Executing VM operation: G1CollectForAllocation
Event: 38610.164 Executing VM operation: G1CollectForAllocation done
Event: 38610.475 Executing VM operation: G1CollectForAllocation
Event: 38610.534 Executing VM operation: G1CollectForAllocation done
Event: 38610.920 Executing VM operation: G1CollectForAllocation
Event: 38610.988 Executing VM operation: G1CollectForAllocation done
Event: 38611.441 Executing VM operation: G1CollectForAllocation
Event: 38611.521 Executing VM operation: G1CollectForAllocation done
Event: 38611.860 Thread 0x000002140d143000 Thread exited: 0x000002140d143000
Event: 38612.216 Thread 0x00000203e5cd8000 Thread exited: 0x00000203e5cd8000
Event: 38612.216 Thread 0x000002034a302800 Thread added: 0x000002034a302800
Event: 38612.217 Thread 0x00000203e5cd8000 Thread added: 0x00000203e5cd8000


Dynamic libraries:
0x00007ff718310000 - 0x00007ff71832a000 	C:\Users\daidai\AppData\Local\Programs\Python\Python310\python.exe
0x00007ffca0f10000 - 0x00007ffca1128000 	C:\WINDOWS\SYSTEM32\ntdll.dll
0x00007ffc9f9a0000 - 0x00007ffc9fa64000 	C:\WINDOWS\System32\KERNEL32.DLL
0x00007ffc9e380000 - 0x00007ffc9e753000 	C:\WINDOWS\System32\KERNELBASE.dll
0x00007ffc9e8b0000 - 0x00007ffc9e9c1000 	C:\WINDOWS\System32\ucrtbase.dll
0x00007ffc972f0000 - 0x00007ffc9730b000 	C:\Users\daidai\AppData\Local\Programs\Python\Python310\VCRUNTIME140.dll
0x00007ffc6be30000 - 0x00007ffc6c281000 	C:\Users\daidai\AppData\Local\Programs\Python\Python310\python310.dll
0x00007ffc9f0f0000 - 0x00007ffc9f161000 	C:\WINDOWS\System32\WS2_32.dll
0x00007ffc97490000 - 0x00007ffc9749a000 	C:\WINDOWS\SYSTEM32\VERSION.dll
0x00007ffca0460000 - 0x00007ffca0578000 	C:\WINDOWS\System32\RPCRT4.dll
0x00007ffc9fda0000 - 0x00007ffc9fe47000 	C:\WINDOWS\System32\msvcrt.dll
0x00007ffc9fc80000 - 0x00007ffc9fd31000 	C:\WINDOWS\System32\ADVAPI32.dll
0x00007ffc9fbd0000 - 0x00007ffc9fc78000 	C:\WINDOWS\System32\sechost.dll
0x00007ffc9e210000 - 0x00007ffc9e238000 	C:\WINDOWS\System32\bcrypt.dll
0x00007ffc9d820000 - 0x00007ffc9d83b000 	C:\WINDOWS\SYSTEM32\CRYPTSP.dll
0x00007ffc9cf60000 - 0x00007ffc9cf97000 	C:\WINDOWS\system32\rsaenh.dll
0x00007ffc9d840000 - 0x00007ffc9d84c000 	C:\WINDOWS\SYSTEM32\CRYPTBASE.dll
0x00007ffc9e190000 - 0x00007ffc9e20b000 	C:\WINDOWS\System32\bcryptPrimitives.dll
0x000002030a160000 - 0x000002030a16f000 	C:\Users\daidai\AppData\Local\Programs\Python\Python310\python3.DLL
0x00007ffc869a0000 - 0x00007ffc869b5000 	C:\Users\daidai\AppData\Local\Programs\Python\Python310\DLLs\_bz2.pyd
0x00007ffc82590000 - 0x00007ffc825b8000 	C:\Users\daidai\AppData\Local\Programs\Python\Python310\DLLs\_lzma.pyd
0x00007ffc56690000 - 0x00007ffc56968000 	H:\tsgh\.venv\lib\site-packages\numpy\core\_multiarray_umath.cp310-win_amd64.pyd
0x00007ffc25800000 - 0x00007ffc278b6000 	H:\tsgh\.venv\lib\site-packages\numpy.libs\libopenblas64__v0.3.23-293-gc2f4bdbb-gcc_10_3_0-2bde3a66a51006b2b53eb373ff767a3f.dll
0x00007ffc78c50000 - 0x00007ffc78c64000 	H:\tsgh\.venv\lib\site-packages\numpy\core\_multiarray_tests.cp310-win_amd64.pyd
0x00007ffc70ce0000 - 0x00007ffc70cff000 	C:\Users\daidai\AppData\Local\Programs\Python\Python310\DLLs\_ctypes.pyd
0x00007ffc9fe50000 - 0x00007ffc9fff1000 	C:\WINDOWS\System32\ole32.dll
0x00007ffc9ea90000 - 0x00007ffc9eb2a000 	C:\WINDOWS\System32\msvcp_win.dll
0x00007ffc9a290000 - 0x00007ffc9a29b000 	C:\Users\daidai\AppData\Local\Programs\Python\Python310\DLLs\libffi-7.dll
0x00007ffc9f7b0000 - 0x00007ffc9f7d9000 	C:\WINDOWS\System32\GDI32.dll
0x00007ffc9e760000 - 0x00007ffc9e786000 	C:\WINDOWS\System32\win32u.dll
0x00007ffc9e790000 - 0x00007ffc9e8ab000 	C:\WINDOWS\System32\gdi32full.dll
0x00007ffca00a0000 - 0x00007ffca0252000 	C:\WINDOWS\System32\USER32.dll
0x00007ffc9ed50000 - 0x00007ffc9f0e1000 	C:\WINDOWS\System32\combase.dll
0x00007ffc9f680000 - 0x00007ffc9f758000 	C:\WINDOWS\System32\OLEAUT32.dll
0x00007ffc9f760000 - 0x00007ffc9f791000 	C:\WINDOWS\System32\IMM32.DLL
0x00007ffc70cc0000 - 0x00007ffc70cdd000 	H:\tsgh\.venv\lib\site-packages\numpy\linalg\_umath_linalg.cp310-win_amd64.pyd
0x00007ffc70ca0000 - 0x00007ffc70cbe000 	H:\tsgh\.venv\lib\site-packages\numpy\fft\_pocketfft_internal.cp310-win_amd64.pyd
0x00007ffc6bd90000 - 0x00007ffc6be27000 	H:\tsgh\.venv\lib\site-packages\numpy\random\mtrand.cp310-win_amd64.pyd
0x00007ffc70b60000 - 0x00007ffc70b8c000 	H:\tsgh\.venv\lib\site-packages\numpy\random\bit_generator.cp310-win_amd64.pyd
0x00007ffc70a30000 - 0x00007ffc70a5f000 	H:\tsgh\.venv\lib\site-packages\numpy\random\_common.cp310-win_amd64.pyd
0x00007ffc70c80000 - 0x00007ffc70c91000 	C:\Users\daidai\AppData\Local\Programs\Python\Python310\DLLs\_hashlib.pyd
0x00007ffc56330000 - 0x00007ffc56682000 	C:\Users\daidai\AppData\Local\Programs\Python\Python310\DLLs\libcrypto-1_1.dll
0x00007ffc70980000 - 0x00007ffc709c4000 	H:\tsgh\.venv\lib\site-packages\numpy\random\_bounded_integers.cp310-win_amd64.pyd
0x00007ffc70a10000 - 0x00007ffc70a26000 	H:\tsgh\.venv\lib\site-packages\numpy\random\_mt19937.cp310-win_amd64.pyd
0x00007ffc706e0000 - 0x00007ffc706f5000 	H:\tsgh\.venv\lib\site-packages\numpy\random\_philox.cp310-win_amd64.pyd
0x00007ffc6f330000 - 0x00007ffc6f349000 	H:\tsgh\.venv\lib\site-packages\numpy\random\_pcg64.cp310-win_amd64.pyd
0x00007ffc980d0000 - 0x00007ffc980e0000 	H:\tsgh\.venv\lib\site-packages\numpy\random\_sfc64.cp310-win_amd64.pyd
0x00007ffc6bce0000 - 0x00007ffc6bd8f000 	H:\tsgh\.venv\lib\site-packages\numpy\random\_generator.cp310-win_amd64.pyd
0x00007ffc6f260000 - 0x00007ffc6f289000 	H:\tsgh\.venv\lib\site-packages\matplotlib\_c_internal_utils.cp310-win_amd64.pyd
0x00007ffca0580000 - 0x00007ffca0e1c000 	C:\WINDOWS\System32\SHELL32.dll
0x00007ffc98020000 - 0x00007ffc9802c000 	C:\Users\daidai\AppData\Local\Programs\Python\Python310\VCRUNTIME140_1.dll
0x00007ffc9e240000 - 0x00007ffc9e37f000 	C:\WINDOWS\System32\wintypes.dll
0x00007ffc560c0000 - 0x00007ffc56327000 	H:\tsgh\.venv\lib\site-packages\PIL\_imaging.cp310-win_amd64.pyd
0x00007ffc6bc90000 - 0x00007ffc6bcde000 	H:\tsgh\.venv\lib\site-packages\matplotlib\_path.cp310-win_amd64.pyd
0x00007ffc6e640000 - 0x00007ffc6e698000 	H:\tsgh\.venv\lib\site-packages\matplotlib\_image.cp310-win_amd64.pyd
0x00007ffc5dc40000 - 0x00007ffc5dd23000 	H:\tsgh\.venv\lib\site-packages\matplotlib\ft2font.cp310-win_amd64.pyd
0x00007ffc6d490000 - 0x00007ffc6d4bc000 	H:\tsgh\.venv\lib\site-packages\kiwisolver\_cext.cp310-win_amd64.pyd
0x00007ffc98000000 - 0x00007ffc9800b000 	H:\tsgh\.venv\lib\site-packages\pandas\_libs\pandas_parser.cp310-win_amd64.pyd
0x00007ffc78a30000 - 0x00007ffc78a3c000 	H:\tsgh\.venv\lib\site-packages\pandas\_libs\pandas_datetime.cp310-win_amd64.pyd
0x00007ffc68670000 - 0x00007ffc68777000 	H:\tsgh\.venv\lib\site-packages\pandas\_libs\interval.cp310-win_amd64.pyd
0x00007ffc3d230000 - 0x00007ffc3d403000 	H:\tsgh\.venv\lib\site-packages\pandas\_libs\hashtable.cp310-win_amd64.pyd
0x00007ffc6f230000 - 0x00007ffc6f25e000 	H:\tsgh\.venv\lib\site-packages\pandas\_libs\missing.cp310-win_amd64.pyd
0x00007ffc6e610000 - 0x00007ffc6e638000 	H:\tsgh\.venv\lib\site-packages\pandas\_libs\tslibs\dtypes.cp310-win_amd64.pyd
0x00007ffc6abc0000 - 0x00007ffc6abd4000 	H:\tsgh\.venv\lib\site-packages\pandas\_libs\tslibs\ccalendar.cp310-win_amd64.pyd
0x00007ffc6aba0000 - 0x00007ffc6abbe000 	H:\tsgh\.venv\lib\site-packages\pandas\_libs\tslibs\np_datetime.cp310-win_amd64.pyd
0x00007ffc6ab60000 - 0x00007ffc6ab98000 	H:\tsgh\.venv\lib\site-packages\pandas\_libs\tslibs\conversion.cp310-win_amd64.pyd
0x00007ffc77b70000 - 0x00007ffc77b80000 	H:\tsgh\.venv\lib\site-packages\pandas\_libs\tslibs\base.cp310-win_amd64.pyd
0x00007ffc685a0000 - 0x00007ffc6866d000 	H:\tsgh\.venv\lib\site-packages\pandas\_libs\tslibs\offsets.cp310-win_amd64.pyd
0x00007ffc5de30000 - 0x00007ffc5dead000 	H:\tsgh\.venv\lib\site-packages\pandas\_libs\tslibs\timestamps.cp310-win_amd64.pyd
0x00007ffc6ab20000 - 0x00007ffc6ab57000 	H:\tsgh\.venv\lib\site-packages\pandas\_libs\tslibs\nattype.cp310-win_amd64.pyd
0x00007ffc5dbc0000 - 0x00007ffc5dc34000 	H:\tsgh\.venv\lib\site-packages\pandas\_libs\tslibs\timedeltas.cp310-win_amd64.pyd
0x00007ffc65dd0000 - 0x00007ffc65e08000 	H:\tsgh\.venv\lib\site-packages\pandas\_libs\tslibs\timezones.cp310-win_amd64.pyd
0x00007ffc72fa0000 - 0x00007ffc72fad000 	C:\Users\daidai\AppData\Local\Programs\Python\Python310\DLLs\_zoneinfo.pyd
0x000002031bea0000 - 0x000002031bea3000 	C:\WINDOWS\SYSTEM32\tzres.dll
0x00007ffc58880000 - 0x00007ffc588c4000 	H:\tsgh\.venv\lib\site-packages\pandas\_libs\tslibs\fields.cp310-win_amd64.pyd
0x00007ffc57db0000 - 0x00007ffc57ded000 	H:\tsgh\.venv\lib\site-packages\pandas\_libs\tslibs\tzconversion.cp310-win_amd64.pyd
0x00007ffc680c0000 - 0x00007ffc680d4000 	H:\tsgh\.venv\lib\site-packages\pandas\_libs\properties.cp310-win_amd64.pyd
0x00007ffc40a50000 - 0x00007ffc40a9d000 	H:\tsgh\.venv\lib\site-packages\pandas\_libs\tslibs\parsing.cp310-win_amd64.pyd
0x00007ffc406a0000 - 0x00007ffc406df000 	C:\Users\daidai\AppData\Local\Programs\Python\Python310\DLLs\_decimal.pyd
0x00007ffc40290000 - 0x00007ffc402d8000 	H:\tsgh\.venv\lib\site-packages\pandas\_libs\tslibs\strptime.cp310-win_amd64.pyd
0x00007ffc3d1c0000 - 0x00007ffc3d223000 	H:\tsgh\.venv\lib\site-packages\pandas\_libs\tslibs\period.cp310-win_amd64.pyd
0x00007ffc3d180000 - 0x00007ffc3d1b1000 	H:\tsgh\.venv\lib\site-packages\pandas\_libs\tslibs\vectorized.cp310-win_amd64.pyd
0x00007ffc70c30000 - 0x00007ffc70c40000 	H:\tsgh\.venv\lib\site-packages\pandas\_libs\ops_dispatch.cp310-win_amd64.pyd
0x00007ffc3cfc0000 - 0x00007ffc3d17f000 	H:\tsgh\.venv\lib\site-packages\pandas\_libs\algos.cp310-win_amd64.pyd
0x00007ffc3a510000 - 0x00007ffc3a5b4000 	H:\tsgh\.venv\lib\site-packages\pandas\_libs\lib.cp310-win_amd64.pyd
0x00007ffc39350000 - 0x00007ffc39464000 	C:\Users\daidai\AppData\Local\Programs\Python\Python310\DLLs\unicodedata.pyd
0x00007ffc3ae90000 - 0x00007ffc3aec5000 	H:\tsgh\.venv\lib\site-packages\pandas\_libs\ops.cp310-win_amd64.pyd
0x00007ffc5d9e0000 - 0x00007ffc5da0b000 	H:\tsgh\.venv\lib\site-packages\pandas\_libs\hashing.cp310-win_amd64.pyd
0x00007ffc5de10000 - 0x00007ffc5de2b000 	H:\tsgh\.venv\lib\site-packages\pandas\_libs\arrays.cp310-win_amd64.pyd
0x00007ffc3a4d0000 - 0x00007ffc3a50f000 	H:\tsgh\.venv\lib\site-packages\pandas\_libs\tslib.cp310-win_amd64.pyd
0x00007ffc39280000 - 0x00007ffc39343000 	H:\tsgh\.venv\lib\site-packages\pandas\_libs\sparse.cp310-win_amd64.pyd
0x00007ffc3a480000 - 0x00007ffc3a4cf000 	H:\tsgh\.venv\lib\site-packages\pandas\_libs\internals.cp310-win_amd64.pyd
0x00007ffc5dba0000 - 0x00007ffc5dbb1000 	H:\tsgh\.venv\lib\site-packages\pandas\_libs\indexing.cp310-win_amd64.pyd
0x00007ffc391c0000 - 0x00007ffc39271000 	H:\tsgh\.venv\lib\site-packages\pandas\_libs\index.cp310-win_amd64.pyd
0x00007ffc39180000 - 0x00007ffc391b1000 	H:\tsgh\.venv\lib\site-packages\pandas\_libs\writers.cp310-win_amd64.pyd
0x00007ffc39070000 - 0x00007ffc3917d000 	H:\tsgh\.venv\lib\site-packages\pandas\_libs\join.cp310-win_amd64.pyd
0x00007ffc39010000 - 0x00007ffc39065000 	H:\tsgh\.venv\lib\site-packages\pandas\_libs\window\aggregations.cp310-win_amd64.pyd
0x00007ffc38f80000 - 0x00007ffc3900d000 	H:\tsgh\.venv\lib\site-packages\pandas.libs\msvcp140-a4c2229bdc2a2a630acdc095b4d86008.dll
0x00007ffc3d9c0000 - 0x00007ffc3d9eb000 	H:\tsgh\.venv\lib\site-packages\pandas\_libs\window\indexers.cp310-win_amd64.pyd
0x00007ffc38f40000 - 0x00007ffc38f7d000 	H:\tsgh\.venv\lib\site-packages\pandas\_libs\reshape.cp310-win_amd64.pyd
0x00007ffc38d40000 - 0x00007ffc38f3c000 	H:\tsgh\.venv\lib\site-packages\pandas\_libs\groupby.cp310-win_amd64.pyd
0x00007ffc70a00000 - 0x00007ffc70a07000 	C:\Users\daidai\AppData\Local\Programs\Python\Python310\DLLs\_uuid.pyd
0x00007ffc560a0000 - 0x00007ffc560b1000 	H:\tsgh\.venv\lib\site-packages\pandas\_libs\json.cp310-win_amd64.pyd
0x00007ffc38ce0000 - 0x00007ffc38d3e000 	H:\tsgh\.venv\lib\site-packages\pandas\_libs\parsers.cp310-win_amd64.pyd
0x00007ffc40680000 - 0x00007ffc40699000 	H:\tsgh\.venv\lib\site-packages\pandas\_libs\testing.cp310-win_amd64.pyd
0x00007ffc40270000 - 0x00007ffc40285000 	C:\Users\daidai\AppData\Local\Programs\Python\Python310\DLLs\_socket.pyd
0x00007ffc9ca90000 - 0x00007ffc9cabd000 	C:\WINDOWS\SYSTEM32\IPHLPAPI.DLL
0x00007ffc70970000 - 0x00007ffc70979000 	C:\Users\daidai\AppData\Local\Programs\Python\Python310\DLLs\select.pyd
0x00007ffc3cf90000 - 0x00007ffc3cfb8000 	C:\Users\daidai\AppData\Local\Programs\Python\Python310\DLLs\_ssl.pyd
0x00007ffc9e020000 - 0x00007ffc9e188000 	C:\WINDOWS\System32\CRYPT32.dll
0x00007ffc38c30000 - 0x00007ffc38cde000 	C:\Users\daidai\AppData\Local\Programs\Python\Python310\DLLs\libssl-1_1.dll
0x00007ffc38bf0000 - 0x00007ffc38c21000 	H:\tsgh\.venv\lib\site-packages\_cffi_backend.cp310-win_amd64.pyd
0x00007ffc38790000 - 0x00007ffc38be2000 	H:\vips-dev-8.17\bin\libvips-42.dll
0x00007ffc6ff90000 - 0x00007ffc6ff9c000 	H:\vips-dev-8.17\bin\libgmodule-2.0-0.dll
0x00007ffc38680000 - 0x00007ffc38783000 	H:\vips-dev-8.17\bin\libglib-2.0-0.dll
0x00007ffc38640000 - 0x00007ffc3867a000 	H:\vips-dev-8.17\bin\libgobject-2.0-0.dll
0x00007ffc38510000 - 0x00007ffc38631000 	H:\vips-dev-8.17\bin\libgio-2.0-0.dll
0x00007ffc9ebb0000 - 0x00007ffc9ec19000 	C:\WINDOWS\System32\SHLWAPI.dll
0x00007ffc3a2e0000 - 0x00007ffc3a305000 	H:\vips-dev-8.17\bin\libexpat-1.dll
0x00007ffc384d0000 - 0x00007ffc38504000 	H:\vips-dev-8.17\bin\libz1.dll
0x00007ffc38430000 - 0x00007ffc384c7000 	H:\vips-dev-8.17\bin\libarchive-13.dll
0x00007ffc38330000 - 0x00007ffc3842c000 	H:\vips-dev-8.17\bin\libfftw3-3.dll
0x00007ffc40190000 - 0x00007ffc401a5000 	H:\vips-dev-8.17\bin\libimagequant.dll
0x00007ffc38080000 - 0x00007ffc38324000 	H:\vips-dev-8.17\bin\libcfitsio.dll
0x00007ffc6f320000 - 0x00007ffc6f32b000 	H:\vips-dev-8.17\bin\libcgif-0.dll
0x00007ffc38040000 - 0x00007ffc3807c000 	H:\vips-dev-8.17\bin\libexif-12.dll
0x00007ffc37f70000 - 0x00007ffc38031000 	H:\vips-dev-8.17\bin\libjpeg-62.dll
0x00007ffc3ccb0000 - 0x00007ffc3ccc7000 	H:\vips-dev-8.17\bin\libspng-0.dll

dbghelp: loaded successfully - version: 4.0.5 - missing functions: none
symbol engine: initialized successfully - sym options: 0x614 - pdb path: .;C:\Users\daidai\AppData\Local\Programs\Python\Python310;C:\WINDOWS\SYSTEM32;C:\Users\daidai\AppData\Local\Programs\Python\Python310\DLLs;H:\tsgh\.venv\lib\site-packages\numpy\core;H:\tsgh\.venv\lib\site-packages\numpy.libs;H:\tsgh\.venv\lib\site-packages\numpy\linalg;H:\tsgh\.venv\lib\site-packages\numpy\fft;H:\tsgh\.venv\lib\site-packages\numpy\random;H:\tsgh\.venv\lib\site-packages\matplotlib;H:\tsgh\.venv\lib\site-packages\PIL;H:\tsgh\.venv\lib\site-packages\kiwisolver;H:\tsgh\.venv\lib\site-packages\pandas\_libs;H:\tsgh\.venv\lib\site-packages\pandas\_libs\tslibs;H:\tsgh\.venv\lib\site-packages\pandas\_libs\window;H:\tsgh\.venv\lib\site-packages\pandas.libs;H:\tsgh\.venv\lib\site-packages;H:\vips-dev-8.17\bin;H:\vips-dev-8.17\bin\vips-modules-8.17;H:\tsgh\.venv\lib\site-packages\charset_normalizer;H:\tsgh\.venv\lib\site-packages\torch\lib;H:\tsgh\.venv\lib\site-packages\torch;H:\tsgh\.venv\lib\site-packages\kornia_rs;H:\tsgh\.venv\lib\site-packages\scipy\_lib;H:\tsgh\.venv\lib\site-packages\scipy\special;H:\tsgh\.venv\lib\site-packages\scipy.libs;H:\tsgh\.venv\lib\site-packages\scipy\linalg;H:\tsgh\.venv\lib\site-packages\scipy\sparse;H:\tsgh\.venv\lib\site-packages\scipy\sparse\linalg\_dsolve;H:\tsgh\.venv\lib\site-packages\scipy\sparse\linalg\_eigen\arpack;H:\tsgh\.venv\lib\site-packages\scipy\sparse\linalg\_propack;H:\tsgh\.venv\lib\site-packages\scipy\sparse\csgraph;H:\tsgh\.venv\lib\site-packages\scipy\interpolate;H:\tsgh\.venv\lib\site-packages\scipy\optimize;H:\tsgh\.venv\lib\site-packages\scipy\optimize\_trlib;H:\tsgh\.venv\lib\site-packages\scipy\optimize\_lsq;H:\tsgh\.venv\lib\site-packages\scipy\optimize\_highspy;H:\tsgh\.venv\lib\site-packages\scipy\_lib\_uarray;H:\tsgh\.venv\lib\site-packages\scipy\fft\_pocketfft;H:\tsgh\.venv\lib\site-packages\scipy\spatial;H:\tsgh\.venv\lib\site-packages\scipy\spatial\transform;H:\tsgh\.venv\lib\site-packages\scipy\ndimage;H:\tsgh\.venv\lib\site-packages\shapely;H:\tsgh\.venv\lib\site-packages\shapely.libs;H:\tsgh\.venv\Lib\site-packages\cv2;H:\tsgh\.venv\lib\site-packages\sklearn\__check_build;H:\tsgh\.venv\lib\site-packages\sklearn\.libs;H:\tsgh\.venv\lib\site-packages\psutil;H:\tsgh\.venv\lib\site-packages\scipy\integrate;H:\tsgh\.venv\lib\site-packages\scipy\stats;H:\tsgh\.venv\lib\site-packages\scipy\stats\_levy_stable;H:\tsgh\.venv\lib\site-packages\scipy\stats\_rcont;H:\tsgh\.venv\lib\site-packages\sklearn\utils;H:\tsgh\.venv\lib\site-packages\sklearn;H:\tsgh\.venv\lib\site-packages\sklearn\metrics\cluster;H:\tsgh\.venv\lib\site-packages\sklearn\preprocessing;H:\tsgh\.venv\lib\site-packages\sklearn\metrics;H:\tsgh\.venv\lib\site-packages\sklearn\metrics\_pairwise_distances_reduction;H:\tsgh\.venv\lib\site-packages\skimage\morphology;H:\tsgh\.venv\lib\site-packages\skimage\measure;H:\tsgh\.venv\lib\site-packages\skimage\_shared;H:\tsgh\.venv\lib\site-packages\SimpleITK;H:\tsgh\.venv\lib\site-packages\lxml;H:\tsgh\.venv\lib\site-packages\pydantic_core;H:\tsgh\.venv\lib\site-packages\scipy\cluster;H:\tsgh\.venv\lib\site-packages\sklearn\cluster;H:\tsgh\.venv\lib\site-packages\sklearn\neighbors;H:\tsgh\.venv\lib\site-packages\sklearn\linear_model;H:\tsgh\.venv\lib\site-packages\sklearn\_loss;H:\tsgh\.venv\lib\site-packages\sklearn\svm;H:\tsgh\.venv\lib\site-packages\sklearn\decomposition;H:\tsgh\.venv\lib\site-packages\sklearn\cluster\_hdbscan;H:\tsgh\.venv\lib\site-packages\sklearn\manifold;H:\tsgh\.venv\lib\site-packages\sklearn\tree;H:\tsgh\.venv\lib\site-packages\scipy\signal;H:\tsgh\.venv\lib\site-packages\skimage\feature;C:\WINDOWS\system32\DriverStore\FileRepository\nv_dispi.inf_amd64_20ae8f14a487d5db;H:\tsgh\.venv\Lib\site-packages\torchvision;C:\Users\daidai\AppData\Local\cjdk\cache\v0\jdks\98914a86d0b373cf73d629e05d9db71228492be9\zulu11.84.17-ca-jre11.0.29-win_x64\bin\server;C:\Users\daidai\AppData\Local\cjdk\cache\v0\jdks\98914a86d0b373cf73d629e05d9db71228492be9\zulu11.84.17-ca-jre11.0.29-win_x64\bin;C:\Users\daidai\AppData\Local\Temp

VM Arguments:
jvm_args: -Xmx10G 
java_command: <unknown>
java_class_path (initial): C:\Users\daidai\.jgo\ome\formats-gpl\RELEASE\8b71d59b266ce2dc904ad8f355b54be66f8be9dfcb713230c34856f3ac19ae51\aircompressor-0.27.jar;C:\Users\daidai\.jgo\ome\formats-gpl\RELEASE\8b71d59b266ce2dc904ad8f355b54be66f8be9dfcb713230c34856f3ac19ae51\base-18.09.0.jar;C:\Users\daidai\.jgo\ome\formats-gpl\RELEASE\8b71d59b266ce2dc904ad8f355b54be66f8be9dfcb713230c34856f3ac19ae51\cdm-core-5.6.0.jar;C:\Users\daidai\.jgo\ome\formats-gpl\RELEASE\8b71d59b266ce2dc904ad8f355b54be66f8be9dfcb713230c34856f3ac19ae51\checker-qual-3.33.0.jar;C:\Users\daidai\.jgo\ome\formats-gpl\RELEASE\8b71d59b266ce2dc904ad8f355b54be66f8be9dfcb713230c34856f3ac19ae51\commons-codec-1.11.jar;C:\Users\daidai\.jgo\ome\formats-gpl\RELEASE\8b71d59b266ce2dc904ad8f355b54be66f8be9dfcb713230c34856f3ac19ae51\commons-io-2.6.jar;C:\Users\daidai\.jgo\ome\formats-gpl\RELEASE\8b71d59b266ce2dc904ad8f355b54be66f8be9dfcb713230c34856f3ac19ae51\commons-lang3-3.18.0.jar;C:\Users\daidai\.jgo\ome\formats-gpl\RELEASE\8b71d59b266ce2dc904ad8f355b54be66f8be9dfcb713230c34856f3ac19ae51\commons-logging-1.2.jar;C:\Users\daidai\.jgo\ome\formats-gpl\RELEASE\8b71d59b266ce2dc904ad8f355b54be66f8be9dfcb713230c34856f3ac19ae51\commons-math-1.2.jar;C:\Users\daidai\.jgo\ome\formats-gpl\RELEASE\8b71d59b266ce2dc904ad8f355b54be66f8be9dfcb713230c34856f3ac19ae51\error_prone_annotations-2.18.0.jar;C:\Users\daidai\.jgo\ome\formats-gpl\RELEASE\8b71d59b266ce2dc904ad8f355b54be66f8be9dfcb713230c34856f3ac19ae51\failureaccess-1.0.1.jar;C:\Users\daidai\.jgo\ome\formats-gpl\RELEASE\8b71d59b266ce2dc904ad8f355b54be66f8be9dfcb713230c34856f3ac19ae51\formats-api-8.3.0.jar;C:\Users\daidai\.jgo\ome\formats-gpl\RELEASE\8b71d59b266ce2dc904ad8f355b54be66f8be9dfcb713230c34856f3ac19ae51\formats-bsd-8.3.0.jar;C:\Users\daidai\.jgo\ome\formats-gpl\RELEASE\8b71d59b266ce2dc904ad8f355b54be66f8be9dfcb713230c34856f3ac19ae51\formats-gpl-8.3.0.jar;C:\Users\daidai\.jgo\ome\formats-gpl\RELEASE\8b71d59b266ce2dc904ad8f355b54be66f8be9dfcb713230c34856f3ac19ae51\g
Launcher Type: generic

[Global flags]
     intx CICompilerCount                          = 4                                         {product} {ergonomic}
     uint ConcGCThreads                            = 2                                         {product} {ergonomic}
     uint G1ConcRefinementThreads                  = 8                                         {product} {ergonomic}
   size_t G1HeapRegionSize                         = 2097152                                   {product} {ergonomic}
    uintx GCDrainStackTargetSize                   = 64                                        {product} {ergonomic}
   size_t InitialHeapSize                          = 805306368                                 {product} {ergonomic}
   size_t MarkStackSize                            = 4194304                                   {product} {ergonomic}
   size_t MaxHeapSize                              = 10737418240                               {product} {command line}
   size_t MaxNewSize                               = 6442450944                                {product} {ergonomic}
   size_t MinHeapDeltaBytes                        = 2097152                                   {product} {ergonomic}
    uintx NonNMethodCodeHeapSize                   = 5836300                                {pd product} {ergonomic}
    uintx NonProfiledCodeHeapSize                  = 122910970                              {pd product} {ergonomic}
    uintx ProfiledCodeHeapSize                     = 122910970                              {pd product} {ergonomic}
    uintx ReservedCodeCacheSize                    = 251658240                              {pd product} {ergonomic}
     bool SegmentedCodeCache                       = true                                      {product} {ergonomic}
     bool UseCompressedClassPointers               = true                                 {lp64_product} {ergonomic}
     bool UseCompressedOops                        = true                                 {lp64_product} {ergonomic}
     bool UseG1GC                                  = true                                      {product} {ergonomic}
     bool UseLargePagesIndividualAllocation        = false                                  {pd product} {ergonomic}

Logging:
Log output configuration:
 #0: stdout all=warning uptime,level,tags
 #1: stderr all=off uptime,level,tags

Environment Variables:
JAVA_HOME=C:\Users\daidai\AppData\Local\cjdk\cache\v0\jdks\98914a86d0b373cf73d629e05d9db71228492be9\zulu11.84.17-ca-jre11.0.29-win_x64
PATH=C:\Users\daidai\AppData\Local\cjdk\cache\v0\misc-dirs\6848d587fc92da8985f55aa84a5084f4ab69f064\apache-maven-3.9.9\bin;C:\Users\daidai\AppData\Local\cjdk\cache\v0\jdks\98914a86d0b373cf73d629e05d9db71228492be9\zulu11.84.17-ca-jre11.0.29-win_x64\bin;H:\tsgh\.venv\Lib\site-packages\cv2\../../x64/vc14/bin;H:\tsgh\.venv\Scripts;C:\Program Files\NVIDIA GPU Computing Toolkit\CUDA\v11.8\bin;C:\Program Files\NVIDIA GPU Computing Toolkit\CUDA\v11.8\libnvvp;C:\Python314\Scripts\;C:\Python314\;C:\Program Files\Common Files\Oracle\Java\javapath;C:\WINDOWS\system32;C:\WINDOWS;C:\WINDOWS\System32\Wbem;C:\WINDOWS\System32\WindowsPowerShell\v1.0\;C:\WINDOWS\System32\OpenSSH\;C:\Program Files\Carl Zeiss\MicroscopyInstaller\;C:\Program Files\dotnet\;C:\Program Files\Microsoft SQL Server\150\Tools\Binn\;C:\Program Files (x86)\Windows Kits\10\Windows Performance Toolkit\;C:\ProgramData\chocolatey\bin;C:\Program Files\nodejs\;H:\Git\cmd;C:\Program Files\NVIDIA Corporation\Nsight Compute 2022.3.0\;C:\Program Files\NVIDIA Corporation\NVIDIA NvDLISR;C:\Program Files (x86)\NVIDIA Corporation\PhysX\Common;C:\Users\daidai\AppData\Local\Programs\Python\Python310\Scripts\;C:\Users\daidai\AppData\Local\Programs\Python\Python310\;C:\Users\daidai\AppData\Local\Programs\Python\Python312\Scripts\;C:\Users\daidai\AppData\Local\Programs\Python\Python312\;C:\Users\daidai\AppData\Local\Microsoft\WindowsApps;D:\Microsoft VS Code\bin;H:\PyCharm 2025.2.3\bin;H:\vips-dev-8.17\bin;D:\WebStorm 2025.2.4\bin;C:\Users\daidai\AppData\Roaming\npm;C:\Program Files\NVIDIA GPU Computing Toolkit\CUDA\v11.8\bin;
USERNAME=daidai
OS=Windows_NT
PROCESSOR_IDENTIFIER=Intel64 Family 6 Model 94 Stepping 3, GenuineIntel
TMP=C:\Users\daidai\AppData\Local\Temp
TEMP=C:\Users\daidai\AppData\Local\Temp



---------------  S Y S T E M  ---------------

OS: Windows 11 , 64 bit Build 22621 (10.0.22621.5415)
OS uptime: 0 days 19:37 hours

CPU:total 8 (initial active 8) (4 cores per cpu, 2 threads per core) family 6 model 94 stepping 3 microcode 0xd6, cmov, cx8, fxsr, mmx, sse, sse2, sse3, ssse3, sse4.1, sse4.2, popcnt, avx, avx2, aes, clmul, erms, rtm, 3dnowpref, lzcnt, ht, tsc, tscinvbit, bmi1, bmi2, adx, fma

Memory: 4k page, system-wide physical 49072M (1455M free)
TotalPageFile size 187840M (AvailPageFile size 66M)
current process WorkingSet (physical memory assigned to process): 38434M, peak: 41696M
current process commit charge ("private bytes"): 174660M, peak: 174725M

vm_info: OpenJDK 64-Bit Server VM (11.0.29+7-LTS) for windows-amd64 JRE (Zulu11.84+17-CA) (11.0.29+7-LTS), built on Oct  4 2025 15:27:24 by "zulu_re" with MS VC++ 15.9 (VS2017)

END.
