cell_id,centroid_x,centroid_y,reddot,blackdot,score
1,318.69,129.02,NaN,NaN,NaN
2,835.31,124.85,NaN,NaN,NaN
3,775.49,245.33,NaN,NaN,NaN
4,850.19,270.31,NaN,NaN,NaN
5,839.62,187.33,NaN,NaN,NaN
6,803.90,353.58,0,0,0.0000
7,78.12,361.06,NaN,NaN,NaN
8,701.13,49.02,0,0,0.0000
9,317.70,194.83,NaN,NaN,NaN
10,263.17,190.00,0,0,0.0000
11,744.86,176.07,2,2,0.0000
12,808.25,296.23,NaN,NaN,NaN
13,118.77,156.81,NaN,NaN,NaN
14,1298.67,884.73,NaN,NaN,NaN
15,1137.11,841.30,NaN,NaN,NaN
16,1194.38,863.51,NaN,NaN,NaN
17,904.72,77.01,0,0,0.0000
18,1625.22,161.64,3,4,0.0000
19,1457.45,821.23,0,0,0.0000
20,938.55,26.83,NaN,NaN,NaN
21,970.58,218.32,0,0,0.0000
22,1328.59,778.70,NaN,NaN,NaN
23,1403.68,876.15,NaN,NaN,NaN
24,909.31,282.56,0,0,0.0000
25,1650.60,206.66,NaN,NaN,NaN
26,1460.97,332.73,NaN,NaN,NaN
27,1377.25,773.38,2,2,0.0000
28,1103.72,883.71,3,3,0.0000
29,908.16,161.72,3,6,2.0000
30,1241.80,821.18,NaN,NaN,NaN
31,1413.28,760.56,NaN,NaN,NaN
32,1928.28,229.91,2,1,0.0000
33,1854.36,282.99,NaN,NaN,NaN
34,1810.11,841.48,NaN,NaN,NaN
35,2158.21,477.89,3,6,2.0000
36,1757.09,191.15,0,0,0.0000
37,2306.60,406.79,NaN,NaN,NaN
38,1905.64,813.09,0,0,0.0000
39,2262.63,439.98,NaN,NaN,NaN
40,2168.02,330.30,0,0,0.0000
41,2325.43,307.65,NaN,NaN,NaN
42,1680.47,318.36,2,3,0.0000
43,1873.02,632.27,0,0,0.0000
44,1935.55,98.65,NaN,NaN,NaN
45,2407.47,294.65,NaN,NaN,NaN
46,2246.78,312.44,0,0,0.0000
47,2079.40,368.65,NaN,NaN,NaN
48,1882.10,31.14,3,8,2.6667
49,1739.43,390.59,0,0,0.0000
50,1853.46,354.70,3,1,0.0000
51,2348.11,477.29,NaN,NaN,NaN
52,2393.50,368.16,NaN,NaN,NaN
53,1997.09,407.72,0,0,0.0000
54,2396.96,419.99,NaN,NaN,NaN
55,1819.25,216.64,2,3,0.0000
56,2007.14,373.00,NaN,NaN,NaN
57,2430.90,121.14,NaN,NaN,NaN
58,2336.49,365.84,NaN,NaN,NaN
59,2114.31,326.75,0,0,0.0000
60,1830.38,414.14,NaN,NaN,NaN
61,1709.90,286.19,NaN,NaN,NaN
62,2023.93,235.90,0,0,0.0000
63,1970.32,344.41,NaN,NaN,NaN
64,1879.06,397.40,NaN,NaN,NaN
65,2300.53,337.03,2,3,0.0000
66,2002.87,298.64,NaN,NaN,NaN
67,1785.78,389.52,2,4,2.0000
68,2208.62,396.14,NaN,NaN,NaN
69,2389.66,484.27,0,0,0.0000
70,2247.03,364.80,2,7,3.5000
71,2354.67,59.11,0,0,0.0000
72,2369.15,430.04,0,0,0.0000
73,2026.83,330.24,NaN,NaN,NaN
74,2375.83,321.51,NaN,NaN,NaN
75,3141.98,483.70,2,2,0.0000
76,3175.76,144.61,0,0,0.0000
77,3032.01,110.84,NaN,NaN,NaN
78,3133.81,231.81,2,3,0.0000
79,2474.01,319.12,NaN,NaN,NaN
80,2540.04,171.05,NaN,NaN,NaN
81,3129.53,366.24,NaN,NaN,NaN
82,3190.96,496.59,0,0,0.0000
83,2441.17,489.96,2,5,2.5000
84,2612.47,56.90,NaN,NaN,NaN
85,3130.89,57.22,2,1,0.0000
86,2469.89,210.01,NaN,NaN,NaN
87,2555.22,96.62,NaN,NaN,NaN
88,3104.21,324.79,0,0,0.0000
89,2543.40,43.12,NaN,NaN,NaN
90,2544.39,336.76,NaN,NaN,NaN
91,3131.03,289.09,0,0,0.0000
92,2521.45,212.46,NaN,NaN,NaN
93,3070.28,64.77,NaN,NaN,NaN
94,3063.24,582.92,NaN,NaN,NaN
95,3099.12,420.74,2,5,2.5000
96,2460.17,427.97,NaN,NaN,NaN
97,2555.06,380.26,NaN,NaN,NaN
98,3074.67,135.90,NaN,NaN,NaN
99,2435.77,378.66,NaN,NaN,NaN
100,2650.54,128.96,0,0,0.0000
101,3042.07,516.50,2,2,0.0000
102,3034.88,20.53,0,0,0.0000
103,2454.98,83.51,NaN,NaN,NaN
104,2941.41,543.66,0,0,0.0000
105,2513.82,490.76,NaN,NaN,NaN
106,2558.03,417.01,NaN,NaN,NaN
107,2486.15,477.91,2,4,2.0000
108,3085.24,544.39,NaN,NaN,NaN
109,2511.53,437.03,NaN,NaN,NaN
110,2486.81,386.38,NaN,NaN,NaN
111,2709.87,143.93,0,0,0.0000
112,2540.18,515.48,NaN,NaN,NaN
113,3042.65,432.10,0,0,0.0000
114,3063.92,380.85,NaN,NaN,NaN
115,2562.75,454.67,0,0,0.0000
116,3877.15,515.99,NaN,NaN,NaN
117,3528.24,227.25,0,0,0.0000
118,3702.28,324.00,NaN,NaN,NaN
119,3216.77,418.04,NaN,NaN,NaN
120,3539.82,157.74,0,0,0.0000
121,3761.75,412.57,0,0,0.0000
122,3330.09,739.13,2,7,3.5000
123,3315.50,682.51,NaN,NaN,NaN
124,3211.06,264.06,0,0,0.0000
125,3254.28,371.73,0,0,0.0000
126,3895.49,453.49,NaN,NaN,NaN
127,3312.44,620.85,NaN,NaN,NaN
128,3604.80,251.64,NaN,NaN,NaN
129,3855.52,600.03,0,0,0.0000
130,3646.58,691.55,0,0,0.0000
131,3453.67,226.09,3,4,0.0000
132,3242.11,106.73,3,2,0.0000
133,3240.40,306.48,0,0,0.0000
134,3512.40,479.75,0,0,0.0000
135,3947.55,639.83,2,4,2.0000
136,3932.27,558.83,NaN,NaN,NaN
137,3906.67,732.81,0,0,0.0000
138,3241.02,532.30,0,0,0.0000
139,3347.02,808.29,NaN,NaN,NaN
140,3272.11,494.40,2,4,2.0000
141,3233.51,499.11,4,5,0.0000
142,3659.77,401.19,NaN,NaN,NaN
143,3929.14,702.49,0,0,0.0000
144,3281.53,630.98,NaN,NaN,NaN
145,3605.35,193.28,0,0,0.0000
146,3668.79,720.63,0,0,0.0000
147,4716.47,892.39,NaN,NaN,NaN
148,4447.72,877.30,2,2,0.0000
149,4586.85,722.32,2,7,3.5000
150,4292.25,775.65,2,3,0.0000
151,4059.85,726.03,4,8,2.0000
152,4619.48,626.52,NaN,NaN,NaN
153,4439.15,794.13,NaN,NaN,NaN
154,4492.39,552.22,NaN,NaN,NaN
155,4485.44,739.01,NaN,NaN,NaN
156,4731.98,754.48,NaN,NaN,NaN
157,4155.12,843.41,0,0,0.0000
158,4322.90,853.93,0,0,0.0000
159,4521.51,862.76,0,0,0.0000
160,4164.24,778.19,NaN,NaN,NaN
161,4053.49,548.51,0,0,0.0000
162,4011.54,809.04,0,0,0.0000
163,4687.80,519.61,2,3,0.0000
164,4389.96,526.41,5,9,0.0000
165,3970.12,729.34,2,1,0.0000
166,4406.22,681.13,2,6,3.0000
167,4397.94,70.88,0,0,0.0000
168,4436.25,656.49,NaN,NaN,NaN
169,4005.59,625.28,2,3,0.0000
170,4695.26,641.91,NaN,NaN,NaN
171,4221.86,781.94,0,0,0.0000
172,4717.99,664.57,NaN,NaN,NaN
173,3973.17,575.51,2,1,0.0000
174,4513.32,488.96,NaN,NaN,NaN
175,4082.67,436.38,0,0,0.0000
176,4053.00,788.03,NaN,NaN,NaN
177,4005.73,446.93,0,0,0.0000
178,4356.23,498.82,0,0,0.0000
179,4257.42,649.33,3,4,0.0000
180,4056.90,604.23,0,0,0.0000
181,4158.94,631.65,0,0,0.0000
182,5267.58,167.30,NaN,NaN,NaN
183,5474.44,453.20,NaN,NaN,NaN
184,5084.29,342.94,3,10,3.3333
185,5449.25,168.51,NaN,NaN,NaN
186,5330.63,712.13,NaN,NaN,NaN
187,4739.35,574.72,NaN,NaN,NaN
188,5215.10,396.16,NaN,NaN,NaN
189,5320.46,826.62,NaN,NaN,NaN
190,5071.24,265.75,NaN,NaN,NaN
191,4944.08,149.45,NaN,NaN,NaN
192,5402.26,791.99,2,4,2.0000
193,4873.35,239.15,0,0,0.0000
194,5410.38,533.64,NaN,NaN,NaN
195,5386.99,868.58,NaN,NaN,NaN
196,5310.28,552.46,NaN,NaN,NaN
197,4963.48,368.78,0,0,0.0000
198,5387.84,422.16,3,7,2.3333
199,5300.11,85.05,3,5,0.0000
200,5288.40,235.11,NaN,NaN,NaN
201,5082.42,181.40,3,9,3.0000
202,5118.98,410.60,6,8,0.0000
203,5372.78,215.41,0,0,0.0000
204,4887.27,791.40,2,3,0.0000
205,5500.57,708.80,0,0,0.0000
206,5397.12,100.72,0,0,0.0000
207,4960.94,230.49,3,8,2.6667
208,5348.71,371.65,2,6,3.0000
209,5152.78,155.42,2,5,2.5000
210,5297.31,290.49,0,0,0.0000
211,5333.60,644.90,NaN,NaN,NaN
212,5463.24,610.50,0,0,0.0000
213,5261.46,457.69,NaN,NaN,NaN
214,4933.54,305.58,NaN,NaN,NaN
215,5174.36,470.48,2,2,0.0000
216,5376.27,35.52,NaN,NaN,NaN
217,5012.44,329.18,NaN,NaN,NaN
218,5278.24,777.84,NaN,NaN,NaN
219,5380.57,281.92,NaN,NaN,NaN
220,5494.93,847.30,NaN,NaN,NaN
221,5261.41,632.23,0,0,0.0000
222,4824.95,861.26,0,0,0.0000
223,4883.79,69.43,0,0,0.0000
224,5105.53,469.92,NaN,NaN,NaN
225,4808.63,706.54,0,0,0.0000
226,5244.40,827.21,NaN,NaN,NaN
227,5146.11,511.51,2,2,0.0000
228,5207.76,141.02,NaN,NaN,NaN
229,5452.84,748.78,2,3,0.0000
230,4785.15,648.56,NaN,NaN,NaN
231,5142.14,230.66,0,0,0.0000
232,4763.69,802.56,NaN,NaN,NaN
233,5113.45,59.23,2,5,2.5000
234,5461.31,71.48,NaN,NaN,NaN
235,4784.33,741.36,NaN,NaN,NaN
236,4816.76,810.31,0,0,0.0000
237,5503.03,570.20,3,7,2.3333
238,5420.97,638.40,NaN,NaN,NaN
239,4757.68,689.51,NaN,NaN,NaN
240,5081.54,88.58,NaN,NaN,NaN
241,4853.71,735.54,0,0,0.0000
242,4832.05,59.50,NaN,NaN,NaN
243,5426.34,13.41,NaN,NaN,NaN
244,5044.80,107.33,0,0,0.0000
245,4802.20,19.47,0,0,0.0000
246,4807.48,626.16,2,3,0.0000
247,5057.07,131.14,0,0,0.0000
248,5218.88,860.29,0,0,0.0000
249,5439.44,256.86,0,0,0.0000
250,4924.80,43.52,0,0,0.0000
251,4840.79,675.35,0,0,0.0000
252,4953.38,465.05,NaN,NaN,NaN
253,5210.12,562.29,NaN,NaN,NaN
254,5300.40,335.91,0,0,0.0000
255,5710.56,412.50,0,0,0.0000
256,5530.46,239.27,NaN,NaN,NaN
257,5732.10,213.17,NaN,NaN,NaN
258,5570.43,389.40,NaN,NaN,NaN
259,6258.19,863.25,NaN,NaN,NaN
260,5643.67,284.90,NaN,NaN,NaN
261,5575.85,157.51,NaN,NaN,NaN
262,5522.73,108.27,0,0,0.0000
263,5626.94,558.87,0,0,0.0000
264,5545.61,608.00,NaN,NaN,NaN
265,6129.81,708.67,2,3,0.0000
266,5817.79,175.62,NaN,NaN,NaN
267,5684.18,100.20,0,0,0.0000
268,5595.97,335.03,3,4,0.0000
269,5575.59,45.26,NaN,NaN,NaN
270,5798.98,88.06,NaN,NaN,NaN
271,5763.07,143.21,2,5,2.5000
272,5522.40,813.02,3,4,0.0000
273,5803.47,324.98,2,3,0.0000
274,5805.76,426.78,2,2,0.0000
275,5631.36,512.00,NaN,NaN,NaN
276,6185.44,718.37,NaN,NaN,NaN
277,5828.04,39.93,NaN,NaN,NaN
278,6103.81,842.39,3,7,2.3333
279,6053.90,777.49,NaN,NaN,NaN
280,5563.35,503.28,0,0,0.0000
281,6256.63,758.54,NaN,NaN,NaN
282,5723.86,307.70,NaN,NaN,NaN
283,6038.15,838.00,2,3,0.0000
284,5562.17,858.95,NaN,NaN,NaN
285,5696.43,158.26,NaN,NaN,NaN
286,5754.04,362.36,NaN,NaN,NaN
287,6078.45,724.39,0,0,0.0000
288,5601.85,633.62,NaN,NaN,NaN
289,6233.30,475.81,0,0,0.0000
290,6048.87,878.28,0,0,0.0000
291,5736.76,111.00,NaN,NaN,NaN
292,5632.88,196.61,0,0,0.0000
293,5851.88,109.89,3,4,0.0000
294,5642.96,150.42,0,0,0.0000
295,6500.66,519.06,2,2,0.0000
296,6820.91,70.96,0,0,0.0000
297,6428.36,740.24,NaN,NaN,NaN
298,6546.94,426.52,NaN,NaN,NaN
299,6969.90,112.82,3,3,0.0000
300,6901.62,153.09,2,5,2.5000
301,6409.52,512.14,0,0,0.0000
302,6447.52,660.78,2,5,2.5000
303,6971.14,495.69,2,3,0.0000
304,6362.16,714.22,NaN,NaN,NaN
305,6844.20,700.85,0,0,0.0000
306,7039.65,530.98,NaN,NaN,NaN
307,6927.21,276.11,NaN,NaN,NaN
308,6969.48,716.40,0,0,0.0000
309,6496.33,787.30,NaN,NaN,NaN
310,6971.80,806.57,NaN,NaN,NaN
311,6993.16,344.98,NaN,NaN,NaN
312,6556.01,667.25,NaN,NaN,NaN
313,6561.16,743.82,0,0,0.0000
314,6555.65,823.81,2,4,2.0000
315,7024.59,769.13,NaN,NaN,NaN
316,6519.75,618.99,NaN,NaN,NaN
317,6856.35,376.99,NaN,NaN,NaN
318,6336.30,655.69,NaN,NaN,NaN
319,6605.80,737.12,2,4,2.0000
320,7014.09,50.01,0,0,0.0000
321,6958.32,617.32,3,2,0.0000
322,7023.38,169.23,3,5,0.0000
323,6914.20,670.34,0,0,0.0000
324,6430.26,843.33,NaN,NaN,NaN
325,6943.07,384.50,NaN,NaN,NaN
326,6588.47,870.05,NaN,NaN,NaN
327,6813.22,804.91,NaN,NaN,NaN
328,6622.18,684.17,NaN,NaN,NaN
329,6919.77,807.46,NaN,NaN,NaN
330,6668.43,767.10,NaN,NaN,NaN
331,6314.83,453.75,3,5,0.0000
332,6411.21,809.81,NaN,NaN,NaN
333,6605.31,623.09,0,0,0.0000
334,6401.89,585.52,NaN,NaN,NaN
335,6601.02,563.10,0,0,0.0000
336,6347.90,850.97,NaN,NaN,NaN
337,6388.47,650.07,NaN,NaN,NaN
338,6582.87,82.45,0,0,0.0000
339,6651.39,890.00,3,3,0.0000
340,6406.56,631.38,NaN,NaN,NaN
341,7144.74,473.29,2,3,0.0000
342,7067.81,848.48,0,0,0.0000
343,7323.45,630.42,NaN,NaN,NaN
344,7123.86,655.72,NaN,NaN,NaN
345,7757.80,810.97,NaN,NaN,NaN
346,7407.72,413.66,3,6,2.0000
347,7263.89,466.86,0,0,0.0000
348,7215.66,719.76,NaN,NaN,NaN
349,7043.37,263.66,2,10,5.0000
350,7238.34,304.09,4,11,2.7500
351,7555.64,127.69,3,6,2.0000
352,7051.23,350.36,2,5,2.5000
353,7322.77,178.39,3,7,2.3333
354,7532.86,625.11,0,0,0.0000
355,7182.60,162.27,2,3,0.0000
356,7672.46,516.42,NaN,NaN,NaN
357,7626.22,868.94,0,0,0.0000
358,7631.81,419.05,NaN,NaN,NaN
359,7803.56,721.35,NaN,NaN,NaN
360,7611.04,239.45,NaN,NaN,NaN
361,7805.88,439.17,0,0,0.0000
362,7188.96,835.22,NaN,NaN,NaN
363,7523.31,765.01,2,4,2.0000
364,7462.51,742.59,NaN,NaN,NaN
365,7489.61,802.45,NaN,NaN,NaN
366,7546.54,358.00,NaN,NaN,NaN
367,7125.97,167.43,NaN,NaN,NaN
368,7299.43,733.28,NaN,NaN,NaN
369,7731.44,680.51,0,0,0.0000
370,7670.52,595.85,NaN,NaN,NaN
371,7616.11,595.20,0,0,0.0000
372,7680.09,829.38,NaN,NaN,NaN
373,7243.56,46.27,NaN,NaN,NaN
374,7341.71,768.47,2,2,0.0000
375,7405.16,187.17,NaN,NaN,NaN
376,7159.25,894.33,NaN,NaN,NaN
377,7572.40,465.62,0,0,0.0000
378,7394.82,733.32,NaN,NaN,NaN
379,7296.00,57.38,2,8,4.0000
380,7434.37,86.43,NaN,NaN,NaN
381,7566.42,599.05,NaN,NaN,NaN
382,7423.70,834.35,0,0,0.0000
383,7211.06,540.29,NaN,NaN,NaN
384,7684.62,700.80,NaN,NaN,NaN
385,7704.02,784.08,NaN,NaN,NaN
386,7583.91,701.92,NaN,NaN,NaN
387,7728.31,596.68,2,7,3.5000
388,7603.95,347.94,0,0,0.0000
389,7272.35,808.82,3,6,2.0000
390,7072.99,93.11,0,0,0.0000
391,7451.76,153.77,NaN,NaN,NaN
392,7341.38,25.62,NaN,NaN,NaN
393,7128.72,253.62,NaN,NaN,NaN
394,7251.71,570.80,0,0,0.0000
395,7429.33,703.33,0,0,0.0000
396,7486.52,382.76,NaN,NaN,NaN
397,7455.10,550.15,2,2,0.0000
398,7688.76,415.39,NaN,NaN,NaN
399,7254.67,112.58,NaN,NaN,NaN
400,7575.16,755.53,NaN,NaN,NaN
401,7440.17,341.17,0,0,0.0000
402,7720.44,471.62,0,0,0.0000
403,7760.52,458.10,NaN,NaN,NaN
404,7086.74,11.10,0,0,0.0000
405,7292.49,286.22,0,0,0.0000
406,7743.11,736.01,NaN,NaN,NaN
407,7558.05,821.25,0,0,0.0000
408,7651.97,755.04,0,0,0.0000
409,7474.19,116.64,NaN,NaN,NaN
410,7443.16,882.28,NaN,NaN,NaN
411,7121.57,714.10,0,0,0.0000
412,7627.54,695.38,0,0,0.0000
413,7208.70,213.16,NaN,NaN,NaN
414,7821.04,572.72,NaN,NaN,NaN
415,8406.88,784.86,NaN,NaN,NaN
416,8268.83,820.98,0,0,0.0000
417,8346.54,643.75,2,2,0.0000
418,8500.05,349.54,NaN,NaN,NaN
419,7960.00,722.24,3,2,0.0000
420,8483.96,665.01,NaN,NaN,NaN
421,8572.42,423.64,0,0,0.0000
422,8528.83,813.69,0,0,0.0000
423,8154.31,702.50,NaN,NaN,NaN
424,8179.71,72.81,0,0,0.0000
425,8256.90,618.56,0,0,0.0000
426,8014.77,537.31,NaN,NaN,NaN
427,8047.02,698.57,NaN,NaN,NaN
428,8396.94,494.55,NaN,NaN,NaN
429,8130.65,804.95,2,4,2.0000
430,8481.65,536.28,0,0,0.0000
431,8041.67,789.47,NaN,NaN,NaN
432,8340.56,729.03,NaN,NaN,NaN
433,7989.69,611.82,NaN,NaN,NaN
434,8142.92,873.45,NaN,NaN,NaN
435,8331.40,539.23,NaN,NaN,NaN
436,8115.39,121.79,NaN,NaN,NaN
437,8438.35,422.91,NaN,NaN,NaN
438,8404.43,565.81,NaN,NaN,NaN
439,8497.51,467.84,0,0,0.0000
440,7936.42,634.90,NaN,NaN,NaN
441,8077.63,893.71,NaN,NaN,NaN
442,8244.84,48.16,0,0,0.0000
443,7996.93,852.47,NaN,NaN,NaN
444,8571.99,685.84,NaN,NaN,NaN
445,8515.91,731.66,NaN,NaN,NaN
446,8291.45,124.09,2,4,2.0000
447,8062.97,574.66,2,5,2.5000
448,8360.77,432.11,NaN,NaN,NaN
449,7839.27,772.69,0,0,0.0000
450,8177.51,462.22,NaN,NaN,NaN
451,8271.33,708.29,0,0,0.0000
452,7989.31,504.80,0,0,0.0000
453,8048.96,860.81,2,5,2.5000
454,7908.35,800.76,NaN,NaN,NaN
455,8445.30,609.85,0,0,0.0000
456,8100.47,770.32,0,0,0.0000
457,8532.91,32.53,NaN,NaN,NaN
458,7884.53,514.64,NaN,NaN,NaN
459,8444.28,88.76,0,0,0.0000
460,8047.75,624.59,NaN,NaN,NaN
461,8360.88,110.26,0,0,0.0000
462,8546.67,560.24,0,0,0.0000
463,8540.52,691.23,2,7,3.5000
464,8462.16,278.77,2,3,0.0000
465,8528.52,231.01,NaN,NaN,NaN
466,8603.81,580.53,NaN,NaN,NaN
467,8644.77,455.30,3,3,0.0000
468,8576.19,884.42,0,0,0.0000
469,8649.80,691.69,NaN,NaN,NaN
470,8633.41,234.09,NaN,NaN,NaN
471,8603.13,306.10,NaN,NaN,NaN
472,8667.48,344.67,NaN,NaN,NaN
473,8689.50,255.46,NaN,NaN,NaN
474,8631.38,771.26,0,0,0.0000
475,8593.44,739.48,NaN,NaN,NaN
476,8579.51,147.29,0,0,0.0000
477,10063.15,126.36,NaN,NaN,NaN
478,10095.07,164.08,NaN,NaN,NaN
479,10138.99,61.73,NaN,NaN,NaN
480,10725.72,367.95,NaN,NaN,NaN
481,10778.69,289.56,NaN,NaN,NaN
482,10189.18,150.43,3,2,0.0000
483,10209.10,233.42,0,0,0.0000
484,10836.27,437.43,NaN,NaN,NaN
485,10722.28,46.91,0,0,0.0000
486,10789.87,96.44,NaN,NaN,NaN
487,10851.46,55.13,NaN,NaN,NaN
488,10700.47,116.53,0,0,0.0000
489,10876.05,284.19,NaN,NaN,NaN
490,10783.91,210.92,2,2,0.0000
491,11076.92,116.14,NaN,NaN,NaN
492,11229.71,535.51,NaN,NaN,NaN
493,10977.24,432.09,NaN,NaN,NaN
494,10964.24,101.60,3,2,0.0000
495,10884.69,138.64,2,3,0.0000
496,11001.64,581.73,NaN,NaN,NaN
497,11051.89,434.01,0,0,0.0000
498,11182.29,729.88,2,5,2.5000
499,10911.87,480.66,NaN,NaN,NaN
500,11182.21,823.29,0,0,0.0000
501,11115.57,790.02,2,3,0.0000
502,10919.37,208.30,NaN,NaN,NaN
503,11132.11,510.93,NaN,NaN,NaN
504,11055.01,252.85,2,5,2.5000
505,10941.30,349.10,0,0,0.0000
506,10916.76,283.06,2,3,0.0000
507,11278.47,662.61,NaN,NaN,NaN
508,10947.14,620.27,NaN,NaN,NaN
509,10996.65,838.03,NaN,NaN,NaN
510,11063.69,882.73,0,0,0.0000
511,11151.17,659.16,0,0,0.0000
512,11242.02,835.26,NaN,NaN,NaN
513,11008.06,331.12,NaN,NaN,NaN
514,11049.87,336.87,NaN,NaN,NaN
515,10982.14,56.15,0,0,0.0000
516,11304.72,890.82,NaN,NaN,NaN
517,11014.15,521.47,2,5,2.5000
518,11217.15,678.90,0,0,0.0000
519,11276.31,807.17,NaN,NaN,NaN
520,11129.42,881.63,0,0,0.0000
521,11256.49,746.71,NaN,NaN,NaN
522,10912.39,551.23,NaN,NaN,NaN
523,11143.27,746.34,NaN,NaN,NaN
524,13797.30,171.71,0,0,0.0000
525,13851.65,650.08,0,0,0.0000
526,13876.64,491.33,NaN,NaN,NaN
527,13645.26,71.05,NaN,NaN,NaN
528,13543.06,284.89,NaN,NaN,NaN
529,13412.18,266.13,NaN,NaN,NaN
530,13708.22,290.77,NaN,NaN,NaN
531,13430.41,202.49,4,5,0.0000
532,13486.22,160.53,NaN,NaN,NaN
533,13800.49,400.57,NaN,NaN,NaN
534,13375.83,71.11,3,7,2.3333
535,13902.77,822.86,NaN,NaN,NaN
536,13480.13,506.75,4,7,0.0000
537,13744.25,632.93,2,5,2.5000
538,13758.89,550.82,0,0,0.0000
539,13669.12,567.05,0,0,0.0000
540,13584.20,197.57,0,0,0.0000
541,13677.79,410.79,NaN,NaN,NaN
542,13733.56,686.74,NaN,NaN,NaN
543,13922.19,405.22,NaN,NaN,NaN
544,13945.06,107.71,NaN,NaN,NaN
545,13899.01,55.62,NaN,NaN,NaN
546,13819.81,817.77,0,0,0.0000
547,13485.52,409.64,2,3,0.0000
548,13951.62,572.67,NaN,NaN,NaN
549,13456.23,393.22,2,5,2.5000
550,13748.61,846.99,2,2,0.0000
551,13674.03,356.25,NaN,NaN,NaN
552,13612.17,358.52,2,3,0.0000
553,13515.15,455.07,0,0,0.0000
554,13597.63,422.12,3,6,2.0000
555,13804.59,745.39,NaN,NaN,NaN
556,13612.02,553.41,0,0,0.0000
557,13918.48,655.18,NaN,NaN,NaN
558,13698.82,450.95,NaN,NaN,NaN
559,13640.37,629.34,0,0,0.0000
560,13767.87,471.20,2,2,0.0000
561,13552.48,134.77,2,3,0.0000
562,13519.84,320.26,NaN,NaN,NaN
563,13797.69,858.02,0,0,0.0000
564,13434.78,58.36,NaN,NaN,NaN
565,13638.82,235.40,NaN,NaN,NaN
566,13527.59,514.06,3,6,2.0000
567,13947.11,302.85,2,8,4.0000
568,13748.10,55.89,0,0,0.0000
569,14060.66,571.82,NaN,NaN,NaN
570,13984.49,792.85,NaN,NaN,NaN
571,14561.77,779.17,0,0,0.0000
572,14432.75,707.53,NaN,NaN,NaN
573,14100.20,840.47,2,2,0.0000
574,14236.26,549.71,NaN,NaN,NaN
575,14528.59,694.62,0,0,0.0000
576,14044.81,467.68,0,0,0.0000
577,13974.10,262.65,NaN,NaN,NaN
578,13974.53,658.47,2,3,0.0000
579,14128.79,511.11,2,8,4.0000
580,13990.18,177.22,NaN,NaN,NaN
581,14280.42,618.58,NaN,NaN,NaN
582,14118.98,689.62,0,0,0.0000
583,14070.88,138.84,NaN,NaN,NaN
584,13967.74,470.53,NaN,NaN,NaN
585,13997.13,393.40,0,0,0.0000
586,14165.84,807.81,2,3,0.0000
587,14330.79,666.75,2,2,0.0000
588,14179.17,482.07,NaN,NaN,NaN
589,14158.25,742.95,NaN,NaN,NaN
590,14057.58,419.64,0,0,0.0000
591,14460.35,841.95,2,3,0.0000
592,14197.59,625.98,0,0,0.0000
593,14029.04,697.72,0,0,0.0000
594,14474.42,143.79,NaN,NaN,NaN
595,14422.55,214.43,0,0,0.0000
596,14434.04,150.39,NaN,NaN,NaN
597,13976.17,49.72,NaN,NaN,NaN
598,15431.76,327.35,NaN,NaN,NaN
599,15217.21,587.05,NaN,NaN,NaN
600,14946.30,711.87,2,6,3.0000
601,15138.98,786.15,2,2,0.0000
602,14876.61,246.60,NaN,NaN,NaN
603,15169.98,329.77,NaN,NaN,NaN
604,15235.00,833.01,NaN,NaN,NaN
605,15020.99,664.71,NaN,NaN,NaN
606,15451.22,495.07,0,0,0.0000
607,15440.78,738.48,NaN,NaN,NaN
608,15342.25,208.52,NaN,NaN,NaN
609,15374.88,454.61,0,0,0.0000
610,14994.83,419.03,2,3,0.0000
611,14895.37,419.33,NaN,NaN,NaN
612,15456.65,861.96,NaN,NaN,NaN
613,14861.57,338.73,2,3,0.0000
614,15373.31,91.44,NaN,NaN,NaN
615,15184.96,224.69,2,4,2.0000
616,15252.85,404.04,0,0,0.0000
617,15430.16,145.60,0,0,0.0000
618,14976.33,208.88,0,0,0.0000
619,14970.09,859.56,NaN,NaN,NaN
620,15309.24,126.31,NaN,NaN,NaN
621,15291.38,480.55,0,0,0.0000
622,15333.90,809.25,2,4,2.0000
623,15073.62,725.73,NaN,NaN,NaN
624,14907.99,607.72,0,0,0.0000
625,15207.00,139.36,NaN,NaN,NaN
626,15104.16,270.80,NaN,NaN,NaN
627,15425.51,649.05,2,3,0.0000
628,15348.89,543.44,NaN,NaN,NaN
629,14962.81,499.49,0,0,0.0000
630,15063.82,649.07,NaN,NaN,NaN
631,15297.52,721.47,0,0,0.0000
632,15153.12,857.99,NaN,NaN,NaN
633,15261.95,84.30,2,6,3.0000
634,15107.99,461.68,0,0,0.0000
635,15038.67,257.55,NaN,NaN,NaN
636,15238.36,711.09,NaN,NaN,NaN
637,14912.14,147.12,0,0,0.0000
638,14954.75,567.55,2,3,0.0000
639,15016.70,317.02,NaN,NaN,NaN
640,15134.49,725.21,NaN,NaN,NaN
641,14984.76,115.18,0,0,0.0000
642,14763.85,98.51,2,6,3.0000
643,14819.30,148.92,NaN,NaN,NaN
644,15099.79,359.73,NaN,NaN,NaN
645,15050.68,527.58,NaN,NaN,NaN
646,14982.78,45.32,0,0,0.0000
647,14922.79,460.66,0,0,0.0000
648,15098.18,584.80,NaN,NaN,NaN
649,15092.85,224.03,3,6,2.0000
650,15027.46,465.15,3,5,0.0000
651,15059.54,826.41,NaN,NaN,NaN
652,15274.39,195.96,3,5,0.0000
653,15338.40,887.02,0,0,0.0000
654,15000.47,550.56,0,0,0.0000
655,15266.85,250.26,NaN,NaN,NaN
656,15427.70,61.19,2,5,2.5000
657,15328.25,295.96,NaN,NaN,NaN
658,15100.17,894.28,NaN,NaN,NaN
659,14792.73,197.48,NaN,NaN,NaN
660,15152.63,446.32,0,0,0.0000
661,14936.19,328.39,0,0,0.0000
662,15138.70,658.46,0,0,0.0000
663,14844.65,404.26,NaN,NaN,NaN
664,15315.60,596.27,0,0,0.0000
665,15399.84,206.02,0,0,0.0000
666,15189.20,418.53,NaN,NaN,NaN
667,15197.76,710.83,0,0,0.0000
668,15056.53,568.96,NaN,NaN,NaN
669,15350.99,616.79,NaN,NaN,NaN
670,15058.28,345.16,NaN,NaN,NaN
671,15459.74,201.34,NaN,NaN,NaN
672,15080.62,313.17,NaN,NaN,NaN
673,15530.77,557.38,NaN,NaN,NaN
674,15839.53,127.80,2,6,3.0000
675,15628.40,158.38,0,0,0.0000
676,15913.18,139.21,0,0,0.0000
677,15910.69,878.81,2,1,0.0000
678,15652.77,668.00,NaN,NaN,NaN
679,15826.72,740.07,NaN,NaN,NaN
680,16082.48,109.13,NaN,NaN,NaN
681,15666.14,482.13,0,0,0.0000
682,15747.77,115.19,NaN,NaN,NaN
683,15627.46,823.85,2,3,0.0000
684,15938.55,789.31,NaN,NaN,NaN
685,15509.38,657.65,2,4,2.0000
686,15544.81,351.45,NaN,NaN,NaN
687,15684.09,265.74,3,5,0.0000
688,15629.26,398.69,NaN,NaN,NaN
689,15563.93,738.71,0,0,0.0000
690,15736.47,733.34,2,4,2.0000
691,15737.71,334.89,NaN,NaN,NaN
692,16200.46,109.36,NaN,NaN,NaN
693,15553.21,207.08,NaN,NaN,NaN
694,16345.78,394.11,2,4,2.0000
695,15942.12,273.89,NaN,NaN,NaN
696,16125.55,190.14,0,0,0.0000
697,16263.35,365.47,0,0,0.0000
698,15934.31,333.39,4,9,2.2500
699,15806.06,379.12,NaN,NaN,NaN
700,16047.84,890.69,3,3,0.0000
701,16313.12,455.67,NaN,NaN,NaN
702,15704.23,832.23,NaN,NaN,NaN
703,15729.80,213.86,NaN,NaN,NaN
704,15783.34,52.73,NaN,NaN,NaN
705,15741.89,810.47,NaN,NaN,NaN
706,16259.32,73.29,NaN,NaN,NaN
707,15618.56,571.45,0,0,0.0000
708,16122.65,64.64,NaN,NaN,NaN
709,16007.57,833.24,NaN,NaN,NaN
710,15753.41,268.32,NaN,NaN,NaN
711,15553.72,428.99,0,0,0.0000
712,15589.85,255.63,NaN,NaN,NaN
713,15805.99,264.13,2,4,2.0000
714,16169.82,32.65,NaN,NaN,NaN
715,15952.10,71.58,0,0,0.0000
716,15763.67,183.36,NaN,NaN,NaN
717,15591.63,64.28,0,0,0.0000
718,15627.83,340.44,0,0,0.0000
719,15556.46,260.42,0,0,0.0000
720,15678.67,357.33,NaN,NaN,NaN
721,15503.87,240.01,NaN,NaN,NaN
722,16204.94,380.27,0,0,0.0000
723,15967.44,839.86,NaN,NaN,NaN
724,15863.82,804.36,NaN,NaN,NaN
725,16313.68,311.44,NaN,NaN,NaN
726,15930.59,721.61,0,0,0.0000
727,15548.35,819.67,0,0,0.0000
728,15657.57,751.53,0,0,0.0000
729,15653.07,548.24,0,0,0.0000
730,15663.83,584.07,0,0,0.0000
731,15787.86,819.21,0,0,0.0000
732,16042.38,11.01,0,0,0.0000
733,15513.39,203.01,NaN,NaN,NaN
734,15903.65,754.36,0,0,0.0000
735,824.43,1410.50,4,6,0.0000
736,299.83,1188.31,5,4,0.0000
737,833.40,1599.93,NaN,NaN,NaN
738,292.99,1028.30,4,5,0.0000
739,661.21,1553.64,0,0,0.0000
740,163.89,957.51,NaN,NaN,NaN
741,822.13,1176.73,2,5,2.5000
742,618.27,1632.77,NaN,NaN,NaN
743,716.02,1319.27,NaN,NaN,NaN
744,819.60,1307.93,NaN,NaN,NaN
745,790.02,1544.09,6,6,0.0000
746,402.28,1622.51,4,4,0.0000
747,515.59,1514.58,0,0,0.0000
748,604.41,1480.15,0,0,0.0000
749,99.82,1089.90,NaN,NaN,NaN
750,886.59,1128.37,NaN,NaN,NaN
751,43.17,1069.44,2,2,0.0000
752,379.81,1042.29,NaN,NaN,NaN
753,489.79,1598.47,0,0,0.0000
754,771.34,1273.27,NaN,NaN,NaN
755,497.73,1656.05,NaN,NaN,NaN
756,817.77,1486.09,NaN,NaN,NaN
757,712.83,1425.73,NaN,NaN,NaN
758,351.74,1099.81,NaN,NaN,NaN
759,51.41,1013.99,0,0,0.0000
760,747.89,1461.74,NaN,NaN,NaN
761,85.70,1189.29,NaN,NaN,NaN
762,63.09,1306.58,0,0,0.0000
763,591.18,1558.15,0,0,0.0000
764,94.96,963.26,NaN,NaN,NaN
765,877.04,1268.24,NaN,NaN,NaN
766,93.21,1262.74,0,0,0.0000
767,20.41,1140.10,NaN,NaN,NaN
768,544.44,1607.67,0,0,0.0000
769,207.18,1029.08,NaN,NaN,NaN
770,554.16,1549.62,0,0,0.0000
771,421.65,993.18,3,3,0.0000
772,559.13,1449.70,NaN,NaN,NaN
773,756.05,1656.14,NaN,NaN,NaN
774,45.80,1193.63,0,0,0.0000
775,829.59,1129.38,NaN,NaN,NaN
776,342.78,1181.72,NaN,NaN,NaN
777,725.92,1617.12,NaN,NaN,NaN
778,643.25,1438.17,NaN,NaN,NaN
779,865.47,1512.91,2,6,3.0000
780,982.29,1566.76,NaN,NaN,NaN
781,1318.07,1085.75,0,0,0.0000
782,1580.70,1268.88,NaN,NaN,NaN
783,993.22,1341.26,NaN,NaN,NaN
784,1296.61,1174.41,NaN,NaN,NaN
785,1643.05,1140.64,NaN,NaN,NaN
786,1296.63,954.75,0,0,0.0000
787,1195.34,1247.05,NaN,NaN,NaN
788,1596.98,1375.97,NaN,NaN,NaN
789,1230.15,954.51,3,5,0.0000
790,1045.93,924.14,NaN,NaN,NaN
791,1608.41,1531.48,0,0,0.0000
792,959.35,1179.64,0,0,0.0000
793,1556.22,1127.08,NaN,NaN,NaN
794,1066.31,1072.66,3,7,2.3333
795,925.27,1615.23,NaN,NaN,NaN
796,1105.27,941.81,NaN,NaN,NaN
797,1519.72,1250.68,NaN,NaN,NaN
798,1492.04,1190.03,2,2,0.0000
799,1193.46,1118.05,NaN,NaN,NaN
800,1596.04,1049.57,2,3,0.0000
801,1014.50,1016.64,2,5,2.5000
802,1282.86,1232.33,NaN,NaN,NaN
803,911.02,1342.70,NaN,NaN,NaN
804,1100.68,1124.07,2,3,0.0000
805,1367.98,1155.24,NaN,NaN,NaN
806,1659.59,1470.39,0,0,0.0000
807,1486.76,1587.56,NaN,NaN,NaN
808,1056.57,1203.09,NaN,NaN,NaN
809,1456.40,1264.91,2,5,2.5000
810,1542.32,1498.58,NaN,NaN,NaN
811,1114.82,1171.90,NaN,NaN,NaN
812,927.22,1268.23,NaN,NaN,NaN
813,1515.75,1422.34,NaN,NaN,NaN
814,954.09,1421.61,0,0,0.0000
815,905.50,1403.00,NaN,NaN,NaN
816,1117.15,1246.30,2,3,0.0000
817,1226.50,1023.86,0,0,0.0000
818,1154.35,1208.18,NaN,NaN,NaN
819,1433.27,1100.60,3,3,0.0000
820,1515.05,1360.25,NaN,NaN,NaN
821,999.53,1457.64,NaN,NaN,NaN
822,1159.17,942.86,NaN,NaN,NaN
823,996.04,1252.50,2,5,2.5000
824,1638.24,1412.75,3,9,3.0000
825,1362.94,1024.02,0,0,0.0000
826,1051.81,1280.25,NaN,NaN,NaN
827,1578.02,1649.42,NaN,NaN,NaN
828,1557.34,1426.75,NaN,NaN,NaN
829,1524.54,1632.42,2,2,0.0000
830,1191.54,1179.93,0,0,0.0000
831,1021.53,1425.29,0,0,0.0000
832,1650.09,931.39,0,0,0.0000
833,1421.49,1227.49,2,5,2.5000
834,1414.55,1204.02,2,2,0.0000
835,1370.93,973.26,2,2,0.0000
836,927.38,1122.25,NaN,NaN,NaN
837,1376.93,1212.93,NaN,NaN,NaN
838,1530.11,1576.66,2,2,0.0000
839,944.94,1517.12,NaN,NaN,NaN
840,1242.65,1077.41,0,0,0.0000
841,1559.84,1565.17,NaN,NaN,NaN
842,1045.86,1152.48,2,1,0.0000
843,1396.05,950.34,NaN,NaN,NaN
844,1061.40,1467.37,0,0,0.0000
845,1867.36,953.18,NaN,NaN,NaN
846,1780.00,1652.01,NaN,NaN,NaN
847,1704.16,1015.13,0,0,0.0000
848,2351.07,1076.69,NaN,NaN,NaN
849,1765.04,984.09,4,8,2.0000
850,1677.68,1307.06,3,5,0.0000
851,1887.36,1162.52,NaN,NaN,NaN
852,1832.12,1083.65,NaN,NaN,NaN
853,1736.21,1487.62,NaN,NaN,NaN
854,1870.76,1547.40,NaN,NaN,NaN
855,2374.38,1231.85,2,5,2.5000
856,2337.40,1328.58,3,5,0.0000
857,1865.56,1434.19,NaN,NaN,NaN
858,1918.06,1271.74,NaN,NaN,NaN
859,1795.99,1513.73,2,4,2.0000
860,1745.54,1133.91,NaN,NaN,NaN
861,2403.78,1400.06,0,0,0.0000
862,2322.78,1142.30,NaN,NaN,NaN
863,1932.99,1084.68,NaN,NaN,NaN
864,1728.00,1400.09,NaN,NaN,NaN
865,2313.52,1192.06,0,0,0.0000
866,1786.69,1337.58,NaN,NaN,NaN
867,1969.03,1426.98,0,0,0.0000
868,1904.54,1629.35,2,2,0.0000
869,2012.79,1307.82,NaN,NaN,NaN
870,2045.11,1563.44,NaN,NaN,NaN
871,2017.33,1094.31,2,5,2.5000
872,2226.36,1011.32,3,4,0.0000
873,2007.92,1253.40,NaN,NaN,NaN
874,1696.00,1552.49,0,0,0.0000
875,2047.56,1478.01,NaN,NaN,NaN
876,1954.90,1594.16,NaN,NaN,NaN
877,1954.98,997.00,0,0,0.0000
878,1855.59,1316.94,3,7,2.3333
879,1786.49,1265.82,NaN,NaN,NaN
880,2035.33,1136.43,NaN,NaN,NaN
881,2265.28,1090.91,NaN,NaN,NaN
882,1796.36,1393.65,0,0,0.0000
883,1755.32,1203.36,0,0,0.0000
884,2105.91,1562.94,NaN,NaN,NaN
885,2122.22,1456.12,0,0,0.0000
886,1939.28,1483.95,NaN,NaN,NaN
887,1817.77,1590.55,NaN,NaN,NaN
888,2085.33,1627.52,0,0,0.0000
889,2091.70,1491.12,NaN,NaN,NaN
890,1920.89,1377.31,0,0,0.0000
891,1966.54,1189.83,NaN,NaN,NaN
892,1934.03,1334.87,0,0,0.0000
893,2003.25,1492.22,NaN,NaN,NaN
894,2286.22,1013.35,0,0,0.0000
895,1674.42,1610.86,0,0,0.0000
896,1828.68,1225.82,NaN,NaN,NaN
897,2189.62,986.61,NaN,NaN,NaN
898,2025.40,1216.69,0,0,0.0000
899,1686.90,899.99,0,0,0.0000
900,2027.36,1653.00,0,0,0.0000
901,2410.28,1140.62,NaN,NaN,NaN
902,1996.34,1174.74,0,0,0.0000
903,1674.13,1065.81,0,0,0.0000
904,2480.55,1507.11,NaN,NaN,NaN
905,2571.32,1242.38,NaN,NaN,NaN
906,2600.82,1440.07,2,3,0.0000
907,2636.93,1313.00,0,0,0.0000
908,3091.32,1140.67,0,0,0.0000
909,2438.64,1314.34,NaN,NaN,NaN
910,2520.41,1397.44,NaN,NaN,NaN
911,2514.22,1136.85,3,1,0.0000
912,2525.93,1188.13,NaN,NaN,NaN
913,3191.24,1373.56,2,6,3.0000
914,2445.78,1423.48,NaN,NaN,NaN
915,2567.47,1304.14,NaN,NaN,NaN
916,2461.48,1222.20,NaN,NaN,NaN
917,3039.74,1273.78,NaN,NaN,NaN
918,2714.55,1384.58,0,0,0.0000
919,3191.56,1175.79,3,4,0.0000
920,2457.46,1083.83,NaN,NaN,NaN
921,3097.10,1335.84,NaN,NaN,NaN
922,2677.70,1424.11,0,0,0.0000
923,3104.61,1201.76,0,0,0.0000
924,3144.06,1394.86,0,0,0.0000
925,2994.99,1184.74,2,3,0.0000
926,3147.38,1325.96,NaN,NaN,NaN
927,3054.87,1207.55,2,6,3.0000
928,2555.90,1347.37,NaN,NaN,NaN
929,2462.28,1358.18,NaN,NaN,NaN
930,2564.51,1126.24,0,0,0.0000
931,3184.90,1227.44,2,1,0.0000
932,2549.27,1062.80,0,0,0.0000
933,2713.47,1225.00,NaN,NaN,NaN
934,2502.81,1345.35,0,0,0.0000
935,3336.06,1036.65,NaN,NaN,NaN
936,3504.71,1590.25,NaN,NaN,NaN
937,3337.11,1454.59,NaN,NaN,NaN
938,3307.46,1511.80,0,0,0.0000
939,3390.07,1373.26,NaN,NaN,NaN
940,3417.72,1609.14,NaN,NaN,NaN
941,3370.85,1177.50,3,5,0.0000
942,3410.90,1037.72,NaN,NaN,NaN
943,3423.65,1123.47,2,4,2.0000
944,3325.20,1597.65,NaN,NaN,NaN
945,3233.25,1281.11,2,4,2.0000
946,3640.97,1650.11,0,0,0.0000
947,3525.16,1415.19,4,4,0.0000
948,3412.87,1538.64,3,7,2.3333
949,3425.72,1273.33,0,0,0.0000
950,3663.68,1514.42,NaN,NaN,NaN
951,3703.31,1527.18,NaN,NaN,NaN
952,3335.68,1350.59,3,5,0.0000
953,3734.78,1577.42,NaN,NaN,NaN
954,3549.81,1478.55,0,0,0.0000
955,3428.66,1350.39,2,3,0.0000
956,3580.28,1574.75,NaN,NaN,NaN
957,3879.75,1657.77,2,3,0.0000
958,3514.25,1294.39,3,6,2.0000
959,3288.51,1171.42,NaN,NaN,NaN
960,3262.96,1431.95,NaN,NaN,NaN
961,3326.93,1298.88,NaN,NaN,NaN
962,3696.26,1595.55,NaN,NaN,NaN
963,3248.17,1509.43,NaN,NaN,NaN
964,3284.09,1321.37,0,0,0.0000
965,3272.56,1131.87,NaN,NaN,NaN
966,3467.07,1055.47,NaN,NaN,NaN
967,3440.70,1467.77,2,4,2.0000
968,3200.35,1131.35,3,5,0.0000
969,3397.99,971.16,2,4,2.0000
970,3464.58,1210.25,0,0,0.0000
971,3252.00,1107.40,NaN,NaN,NaN
972,3205.07,1063.63,NaN,NaN,NaN
973,3585.84,1495.55,0,0,0.0000
974,3491.68,1457.22,0,0,0.0000
975,3635.09,1550.00,0,0,0.0000
976,3480.41,1371.05,3,4,0.0000
977,4615.72,1163.24,0,0,0.0000
978,4225.99,964.25,2,7,3.5000
979,4613.08,1320.32,2,2,0.0000
980,4577.64,1007.11,NaN,NaN,NaN
981,4688.69,1085.38,0,0,0.0000
982,4571.72,1239.17,NaN,NaN,NaN
983,4524.31,1385.75,0,0,0.0000
984,4713.88,1182.55,0,0,0.0000
985,4724.63,1036.21,0,0,0.0000
986,4604.61,932.34,0,0,0.0000
987,4418.81,943.65,0,0,0.0000
988,4398.66,1249.77,3,4,0.0000
989,4276.00,1253.49,NaN,NaN,NaN
990,4471.63,1131.09,2,3,0.0000
991,4452.01,1066.17,2,3,0.0000
992,4511.41,1063.08,0,0,0.0000
993,4517.94,1003.26,3,5,0.0000
994,4173.36,925.97,0,0,0.0000
995,4293.89,1104.65,0,0,0.0000
996,4539.43,1142.69,NaN,NaN,NaN
997,4388.37,1207.44,NaN,NaN,NaN
998,4328.70,931.63,NaN,NaN,NaN
999,4464.39,1339.66,0,0,0.0000
1000,4114.95,900.78,0,0,0.0000
1001,4382.35,1011.11,NaN,NaN,NaN
1002,4515.64,1207.07,0,0,0.0000
1003,4483.58,1288.92,0,0,0.0000
1004,4438.52,1151.68,NaN,NaN,NaN
1005,4459.03,1234.52,3,5,0.0000
1006,4331.12,1197.98,NaN,NaN,NaN
1007,4387.30,1158.72,0,0,0.0000
1008,4096.24,974.49,NaN,NaN,NaN
1009,4531.76,1306.67,0,0,0.0000
1010,4047.69,1024.72,3,4,0.0000
1011,4546.52,1036.95,0,0,0.0000
1012,4932.56,962.28,0,0,0.0000
1013,4814.02,1213.43,NaN,NaN,NaN
1014,5162.68,1294.87,3,6,2.0000
1015,4951.59,1349.40,0,0,0.0000
1016,4935.96,1094.43,NaN,NaN,NaN
1017,5309.85,1131.57,NaN,NaN,NaN
1018,5128.80,1640.88,0,0,0.0000
1019,5187.88,1450.57,NaN,NaN,NaN
1020,5120.14,1331.77,0,0,0.0000
1021,4827.28,1060.93,NaN,NaN,NaN
1022,5018.79,1016.15,NaN,NaN,NaN
1023,5406.64,1012.73,2,3,0.0000
1024,5288.98,913.54,2,2,0.0000
1025,5423.29,1277.13,NaN,NaN,NaN
1026,4930.14,1188.04,NaN,NaN,NaN
1027,4859.96,1137.22,NaN,NaN,NaN
1028,5373.93,1099.16,0,0,0.0000
1029,5213.62,1239.00,0,0,0.0000
1030,4946.54,1476.27,0,0,0.0000
1031,5127.31,1442.14,NaN,NaN,NaN
1032,5301.17,1072.63,NaN,NaN,NaN
1033,5337.32,1013.37,NaN,NaN,NaN
1034,5454.18,916.28,4,2,0.0000
1035,5463.33,1085.00,NaN,NaN,NaN
1036,5104.97,1558.50,4,7,0.0000
1037,5218.16,900.25,NaN,NaN,NaN
1038,5274.68,1367.61,NaN,NaN,NaN
1039,5283.26,1008.59,NaN,NaN,NaN
1040,5372.56,1469.57,2,3,0.0000
1041,5272.02,957.95,NaN,NaN,NaN
1042,5181.30,1597.99,NaN,NaN,NaN
1043,5468.19,981.77,NaN,NaN,NaN
1044,4778.20,1108.35,0,0,0.0000
1045,5432.40,1146.27,0,0,0.0000
1046,5485.80,1175.81,NaN,NaN,NaN
1047,5053.56,1465.35,NaN,NaN,NaN
1048,5382.99,1540.39,NaN,NaN,NaN
1049,5460.20,1424.49,NaN,NaN,NaN
1050,5345.82,1581.02,2,6,3.0000
1051,5457.87,1209.45,NaN,NaN,NaN
1052,5074.16,1084.76,0,0,0.0000
1053,5470.51,1584.73,NaN,NaN,NaN
1054,4887.31,1284.44,0,0,0.0000
1055,5366.49,1414.88,0,0,0.0000
1056,4957.08,1423.28,0,0,0.0000
1057,4788.71,1000.65,3,8,2.6667
1058,5364.85,1214.50,2,4,2.0000
1059,5361.36,966.57,0,0,0.0000
1060,5395.54,1134.49,NaN,NaN,NaN
1061,5379.80,1319.29,2,3,0.0000
1062,5464.93,1048.60,0,0,0.0000
1063,5205.94,1406.53,NaN,NaN,NaN
1064,5200.08,1521.17,NaN,NaN,NaN
1065,4971.79,1643.74,NaN,NaN,NaN
1066,4971.08,1257.06,NaN,NaN,NaN
1067,5384.88,1261.98,3,4,0.0000
1068,5368.65,927.73,NaN,NaN,NaN
1069,5057.66,1200.40,3,2,0.0000
1070,5347.80,1346.14,0,0,0.0000
1071,5008.19,1431.73,0,0,0.0000
1072,5444.76,1522.40,NaN,NaN,NaN
1073,5458.44,1479.82,0,0,0.0000
1074,5254.52,1574.48,NaN,NaN,NaN
1075,4950.68,899.63,2,4,2.0000
1076,5286.69,1640.75,2,7,3.5000
1077,5407.57,1606.65,NaN,NaN,NaN
1078,6236.14,1576.27,NaN,NaN,NaN
1079,6115.40,1162.76,NaN,NaN,NaN
1080,6148.93,1320.11,0,0,0.0000
1081,6259.15,1069.99,3,10,3.3333
1082,6091.81,1076.36,NaN,NaN,NaN
1083,5936.16,1611.09,2,3,0.0000
1084,6058.10,1623.31,NaN,NaN,NaN
1085,6176.69,904.41,NaN,NaN,NaN
1086,5943.28,1187.31,NaN,NaN,NaN
1087,6215.03,1192.47,0,0,0.0000
1088,6171.88,1050.53,0,0,0.0000
1089,6054.10,951.98,0,0,0.0000
1090,5806.77,1572.08,3,6,2.0000
1091,6100.03,1391.79,NaN,NaN,NaN
1092,5923.86,1322.10,NaN,NaN,NaN
1093,5854.06,1482.58,0,0,0.0000
1094,5973.52,1464.78,NaN,NaN,NaN
1095,6226.48,1373.42,0,0,0.0000
1096,6069.25,1535.23,NaN,NaN,NaN
1097,5900.95,1414.48,NaN,NaN,NaN
1098,6055.59,1456.77,NaN,NaN,NaN
1099,5981.37,1548.01,NaN,NaN,NaN
1100,5513.05,913.33,NaN,NaN,NaN
1101,6021.93,1272.67,2,6,3.0000
1102,6004.43,1094.26,NaN,NaN,NaN
1103,6037.70,1167.73,NaN,NaN,NaN
1104,5956.27,1250.39,4,3,0.0000
1105,6235.37,1641.68,3,2,0.0000
1106,6139.42,1524.30,0,0,0.0000
1107,5992.74,1027.52,NaN,NaN,NaN
1108,5964.54,1354.27,NaN,NaN,NaN
1109,6176.20,1247.64,0,0,0.0000
1110,6049.00,1338.49,2,3,0.0000
1111,6257.48,1441.15,2,9,4.5000
1112,5909.32,1475.75,NaN,NaN,NaN
1113,5520.13,990.69,2,2,0.0000
1114,5923.01,1502.59,NaN,NaN,NaN
1115,6199.06,1656.19,NaN,NaN,NaN
1116,6099.16,1001.47,NaN,NaN,NaN
1117,6389.55,1284.11,2,1,0.0000
1118,6674.20,1200.28,NaN,NaN,NaN
1119,7012.68,1424.35,2,3,0.0000
1120,6494.74,1020.54,0,0,0.0000
1121,6488.05,1289.17,NaN,NaN,NaN
1122,6376.90,1142.59,0,0,0.0000
1123,6532.05,897.21,NaN,NaN,NaN
1124,6531.69,1574.77,2,1,0.0000
1125,6909.11,1168.33,NaN,NaN,NaN
1126,6403.79,1029.91,0,0,0.0000
1127,6720.15,1337.26,NaN,NaN,NaN
1128,6908.93,1234.68,NaN,NaN,NaN
1129,6300.37,1367.55,0,0,0.0000
1130,6507.24,1126.56,0,0,0.0000
1131,6779.02,1261.19,2,3,0.0000
1132,6566.67,1206.19,NaN,NaN,NaN
1133,6983.44,1229.56,2,3,0.0000
1134,6869.07,1111.74,NaN,NaN,NaN
1135,6723.80,1094.25,NaN,NaN,NaN
1136,6789.00,1395.29,NaN,NaN,NaN
1137,6863.30,1610.70,2,4,2.0000
1138,6718.19,1468.94,NaN,NaN,NaN
1139,6907.45,1401.12,0,0,0.0000
1140,6772.86,1170.41,NaN,NaN,NaN
1141,6445.58,1195.90,2,1,0.0000
1142,6309.67,1251.08,NaN,NaN,NaN
1143,7016.45,1337.12,NaN,NaN,NaN
1144,6590.58,1286.37,3,3,0.0000
1145,6582.17,1396.68,NaN,NaN,NaN
1146,6727.95,1411.22,NaN,NaN,NaN
1147,6661.87,1562.45,NaN,NaN,NaN
1148,6608.97,932.64,2,5,2.5000
1149,7023.74,1192.46,0,0,0.0000
1150,6454.54,924.70,3,6,2.0000
1151,6668.52,1402.40,0,0,0.0000
1152,6876.70,1502.35,2,7,3.5000
1153,6771.35,1535.80,NaN,NaN,NaN
1154,6699.14,1035.38,3,5,0.0000
1155,6581.90,1035.92,NaN,NaN,NaN
1156,6900.61,927.76,NaN,NaN,NaN
1157,6802.06,1039.50,0,0,0.0000
1158,6715.07,1525.94,NaN,NaN,NaN
1159,6701.53,992.62,3,6,2.0000
1160,6830.50,1535.50,2,9,4.5000
1161,6691.23,1597.92,3,5,0.0000
1162,6742.66,938.81,2,3,0.0000
1163,6612.33,1576.91,2,1,0.0000
1164,6923.95,1308.05,NaN,NaN,NaN
1165,6632.77,1366.04,NaN,NaN,NaN
1166,6613.59,1517.91,2,1,0.0000
1167,6671.72,1651.30,NaN,NaN,NaN
1168,6988.53,1051.70,NaN,NaN,NaN
1169,7031.43,1613.04,2,5,2.5000
1170,6941.51,1602.15,NaN,NaN,NaN
1171,6820.53,1467.26,0,0,0.0000
1172,7006.27,1655.95,NaN,NaN,NaN
1173,6541.44,1343.97,0,0,0.0000
1174,6498.81,1192.02,NaN,NaN,NaN
1175,6577.32,1328.17,NaN,NaN,NaN
1176,6807.75,1629.96,NaN,NaN,NaN
1177,6861.53,1021.36,NaN,NaN,NaN
1178,6575.82,1622.83,NaN,NaN,NaN
1179,6679.91,1275.89,NaN,NaN,NaN
1180,6972.09,1323.92,0,0,0.0000
1181,6908.38,1014.71,2,6,3.0000
1182,6291.72,1175.88,0,0,0.0000
1183,6868.81,1283.88,0,0,0.0000
1184,6724.76,1650.15,NaN,NaN,NaN
1185,7012.89,1558.72,0,0,0.0000
1186,6377.44,1558.41,0,0,0.0000
1187,6977.59,1558.32,3,3,0.0000
1188,6833.78,1177.68,NaN,NaN,NaN
1189,6646.64,1075.00,0,0,0.0000
1190,6779.23,967.68,NaN,NaN,NaN
1191,6837.00,1391.31,0,0,0.0000
1192,6760.26,1580.83,NaN,NaN,NaN
1193,7117.29,1638.34,NaN,NaN,NaN
1194,7130.78,1348.86,NaN,NaN,NaN
1195,7592.01,1053.80,3,7,2.3333
1196,7648.61,1308.92,3,3,0.0000
1197,7592.74,1194.67,NaN,NaN,NaN
1198,7402.13,1390.56,3,8,2.6667
1199,7736.21,1288.40,0,0,0.0000
1200,7315.53,1423.70,NaN,NaN,NaN
1201,7622.68,976.80,NaN,NaN,NaN
1202,7220.50,1347.70,NaN,NaN,NaN
1203,7307.25,1530.89,NaN,NaN,NaN
1204,7281.00,1056.28,NaN,NaN,NaN
1205,7159.73,1253.70,4,10,2.5000
1206,7415.50,1282.25,NaN,NaN,NaN
1207,7583.47,1402.89,NaN,NaN,NaN
1208,7143.77,1493.13,2,4,2.0000
1209,7705.68,1521.76,0,0,0.0000
1210,7601.03,1538.19,NaN,NaN,NaN
1211,7301.31,1614.84,2,4,2.0000
1212,7713.52,990.31,0,0,0.0000
1213,7095.48,1154.88,0,0,0.0000
1214,7284.53,1285.71,NaN,NaN,NaN
1215,7773.05,1591.12,NaN,NaN,NaN
1216,7545.82,918.98,2,3,0.0000
1217,7523.97,1571.67,NaN,NaN,NaN
1218,7731.18,1071.33,0,0,0.0000
1219,7409.29,1605.05,NaN,NaN,NaN
1220,7221.02,949.64,2,3,0.0000
1221,7719.46,910.73,NaN,NaN,NaN
1222,7356.86,1198.35,NaN,NaN,NaN
1223,7665.27,1196.53,0,0,0.0000
1224,7062.55,1498.58,0,0,0.0000
1225,7470.52,1456.77,2,5,2.5000
1226,7346.37,1121.12,3,3,0.0000
1227,7531.23,1090.14,0,0,0.0000
1228,7170.17,1054.13,NaN,NaN,NaN
1229,7702.23,1417.45,0,0,0.0000
1230,7053.42,1279.83,2,4,2.0000
1231,7303.43,898.22,NaN,NaN,NaN
1232,7444.35,1559.18,NaN,NaN,NaN
1233,7256.84,1136.26,NaN,NaN,NaN
1234,7573.44,1563.08,NaN,NaN,NaN
1235,7491.87,1637.23,NaN,NaN,NaN
1236,7559.44,1644.58,3,6,2.0000
1237,7761.49,1648.97,NaN,NaN,NaN
1238,7715.61,1169.53,NaN,NaN,NaN
1239,7791.60,1115.07,3,5,0.0000
1240,7062.69,1052.50,NaN,NaN,NaN
1241,7440.37,1185.39,0,0,0.0000
1242,7567.20,1300.19,2,2,0.0000
1243,7516.26,1250.42,NaN,NaN,NaN
1244,7770.09,1182.16,3,6,2.0000
1245,7231.28,1255.08,NaN,NaN,NaN
1246,7677.92,1600.04,0,0,0.0000
1247,7183.72,1124.81,NaN,NaN,NaN
1248,7070.96,1227.66,2,3,0.0000
1249,7499.54,1298.39,NaN,NaN,NaN
1250,7465.95,1343.03,NaN,NaN,NaN
1251,7367.05,913.01,2,3,0.0000
1252,7200.22,1625.74,NaN,NaN,NaN
1253,7513.82,1373.83,4,4,0.0000
1254,7101.84,1111.61,0,0,0.0000
1255,7285.43,988.63,0,0,0.0000
1256,7195.37,1474.86,0,0,0.0000
1257,7620.89,917.38,0,0,0.0000
1258,7295.26,1481.07,0,0,0.0000
1259,7263.07,930.70,NaN,NaN,NaN
1260,7453.56,918.89,0,0,0.0000
1261,7802.69,923.59,NaN,NaN,NaN
1262,7643.13,1450.41,NaN,NaN,NaN
1263,7403.14,908.85,0,0,0.0000
1264,7739.99,1447.52,0,0,0.0000
1265,7300.05,1354.67,NaN,NaN,NaN
1266,7191.84,1198.94,0,0,0.0000
1267,7229.10,1434.11,0,0,0.0000
1268,7767.94,1532.47,0,0,0.0000
1269,7539.18,1472.76,NaN,NaN,NaN
1270,7271.75,1229.11,NaN,NaN,NaN
1271,7613.82,1484.65,2,2,0.0000
1272,7666.67,1397.61,0,0,0.0000
1273,7277.32,1200.00,0,0,0.0000
1274,7748.38,1128.63,0,0,0.0000
1275,7219.29,1034.00,0,0,0.0000
1276,7091.41,955.00,3,3,0.0000
1277,7388.79,1471.90,NaN,NaN,NaN
1278,7370.17,1060.58,0,0,0.0000
1279,7485.58,1202.34,0,0,0.0000
1280,7780.19,926.21,0,0,0.0000
1281,7518.36,1419.47,NaN,NaN,NaN
1282,7207.52,1161.91,NaN,NaN,NaN
1283,8093.61,1580.73,NaN,NaN,NaN
1284,8398.74,904.61,NaN,NaN,NaN
1285,8389.35,1201.73,NaN,NaN,NaN
1286,8509.59,1520.48,0,0,0.0000
1287,8214.34,1296.98,NaN,NaN,NaN
1288,8220.96,1154.85,NaN,NaN,NaN
1289,8310.09,1256.50,2,5,2.5000
1290,7815.55,1045.19,NaN,NaN,NaN
1291,8492.07,1399.42,0,0,0.0000
1292,8265.86,1399.82,NaN,NaN,NaN
1293,8525.72,1013.67,NaN,NaN,NaN
1294,8196.68,1007.42,0,0,0.0000
1295,8197.59,1453.74,NaN,NaN,NaN
1296,8102.10,953.18,NaN,NaN,NaN
1297,8276.27,1022.10,NaN,NaN,NaN
1298,8423.48,1388.10,NaN,NaN,NaN
1299,8373.13,1606.99,3,6,2.0000
1300,8473.43,1658.15,0,0,0.0000
1301,8116.44,1038.18,NaN,NaN,NaN
1302,7970.80,1485.59,NaN,NaN,NaN
1303,8283.49,905.99,0,0,0.0000
1304,8430.80,1315.53,2,1,0.0000
1305,8329.45,1562.61,NaN,NaN,NaN
1306,8017.59,1417.61,NaN,NaN,NaN
1307,7989.00,1618.91,2,2,0.0000
1308,8180.34,1536.58,0,0,0.0000
1309,8331.38,1043.93,NaN,NaN,NaN
1310,8157.48,1343.15,NaN,NaN,NaN
1311,8404.46,1066.85,NaN,NaN,NaN
1312,8434.46,1565.84,NaN,NaN,NaN
1313,7879.05,1615.04,0,0,0.0000
1314,8083.45,1259.84,NaN,NaN,NaN
1315,8099.32,1159.11,NaN,NaN,NaN
1316,8527.50,1173.36,NaN,NaN,NaN
1317,8025.26,1037.82,0,0,0.0000
1318,8550.37,1443.43,NaN,NaN,NaN
1319,8465.77,1138.94,2,3,0.0000
1320,8524.05,1113.55,0,0,0.0000
1321,8500.78,1305.85,2,2,0.0000
1322,8004.64,929.63,NaN,NaN,NaN
1323,8116.32,1353.31,NaN,NaN,NaN
1324,8332.10,1418.18,NaN,NaN,NaN
1325,7903.11,1372.85,NaN,NaN,NaN
1326,8110.75,1450.78,0,0,0.0000
1327,7928.82,1515.08,NaN,NaN,NaN
1328,7936.88,1205.44,NaN,NaN,NaN
1329,7949.60,1262.45,0,0,0.0000
1330,7839.29,1516.97,NaN,NaN,NaN
1331,8157.38,1109.24,NaN,NaN,NaN
1332,8535.28,1609.94,NaN,NaN,NaN
1333,8087.24,1394.47,NaN,NaN,NaN
1334,7896.30,1274.54,2,4,2.0000
1335,8462.69,1048.79,2,4,2.0000
1336,8155.93,1442.42,NaN,NaN,NaN
1337,8141.03,1229.78,0,0,0.0000
1338,7983.68,1322.18,3,8,2.6667
1339,8021.45,1301.25,NaN,NaN,NaN
1340,8403.83,1471.05,0,0,0.0000
1341,7892.90,1486.68,NaN,NaN,NaN
1342,8509.20,1253.66,NaN,NaN,NaN
1343,7959.81,939.15,0,0,0.0000
1344,8163.18,1183.71,NaN,NaN,NaN
1345,8281.02,956.16,NaN,NaN,NaN
1346,7845.85,1568.91,NaN,NaN,NaN
1347,8035.05,1205.79,3,2,0.0000
1348,8059.05,1314.65,NaN,NaN,NaN
1349,8297.55,1341.44,NaN,NaN,NaN
1350,8442.26,980.97,NaN,NaN,NaN
1351,8378.70,1409.79,0,0,0.0000
1352,8363.89,1526.01,2,5,2.5000
1353,7948.16,1343.17,NaN,NaN,NaN
1354,8089.55,1003.55,3,3,0.0000
1355,8477.23,969.09,0,0,0.0000
1356,8180.70,1640.00,0,0,0.0000
1357,8346.58,1348.85,NaN,NaN,NaN
1358,8484.68,907.29,0,0,0.0000
1359,8394.75,1116.35,0,0,0.0000
1360,8590.20,966.50,NaN,NaN,NaN
1361,9971.13,1544.64,NaN,NaN,NaN
1362,9974.40,1631.32,2,3,0.0000
1363,9911.74,1607.45,0,0,0.0000
1364,10070.70,1597.86,2,4,2.0000
1365,10057.79,1383.08,NaN,NaN,NaN
1366,9658.29,1394.25,NaN,NaN,NaN
1367,10008.08,1468.94,NaN,NaN,NaN
1368,10065.47,1499.56,NaN,NaN,NaN
1369,9692.37,1411.50,4,4,0.0000
1370,10251.00,1479.94,NaN,NaN,NaN
1371,10282.86,1598.85,0,0,0.0000
1372,10470.86,1576.40,3,3,0.0000
1373,10142.45,1547.39,2,3,0.0000
1374,10334.80,1447.80,0,0,0.0000
1375,10571.41,1437.39,NaN,NaN,NaN
1376,10129.51,1450.47,4,5,0.0000
1377,10554.03,1543.08,2,3,0.0000
1378,10240.94,1379.26,0,0,0.0000
1379,10634.99,1567.22,NaN,NaN,NaN
1380,10368.48,1534.80,0,0,0.0000
1381,10595.58,1509.27,NaN,NaN,NaN
1382,10476.82,1478.07,2,2,0.0000
1383,10434.10,1485.52,0,0,0.0000
1384,10434.25,1320.73,NaN,NaN,NaN
1385,10395.74,1352.08,NaN,NaN,NaN
1386,10423.75,1644.59,0,0,0.0000
1387,10305.44,1303.06,2,1,0.0000
1388,10558.75,1588.16,NaN,NaN,NaN
1389,10179.61,1429.38,NaN,NaN,NaN
1390,10180.23,1663.25,NaN,NaN,NaN
1391,10392.08,1417.20,0,0,0.0000
1392,10245.32,1643.11,0,0,0.0000
1393,10659.06,1642.02,NaN,NaN,NaN
1394,10242.02,1310.18,0,0,0.0000
1395,10437.70,1396.02,NaN,NaN,NaN
1396,10249.51,1280.81,0,0,0.0000
1397,10505.78,1653.09,NaN,NaN,NaN
1398,10112.26,1331.58,0,0,0.0000
1399,10173.26,1608.55,NaN,NaN,NaN
1400,10437.97,1367.41,NaN,NaN,NaN
1401,10314.46,1362.24,NaN,NaN,NaN
1402,10359.35,1316.88,0,0,0.0000
1403,11245.40,918.51,0,0,0.0000
1404,11196.90,1067.03,2,6,3.0000
1405,11326.95,1073.41,0,0,0.0000
1406,11329.94,1648.31,2,4,2.0000
1407,11319.68,1293.02,0,0,0.0000
1408,11188.10,1145.09,NaN,NaN,NaN
1409,11348.73,1009.31,NaN,NaN,NaN
1410,11283.29,1375.00,3,7,2.3333
1411,11335.32,932.91,0,0,0.0000
1412,11274.71,1068.01,NaN,NaN,NaN
1413,11167.59,1008.58,0,0,0.0000
1414,11254.82,1309.67,NaN,NaN,NaN
1415,11530.16,993.64,NaN,NaN,NaN
1416,11173.49,925.25,0,0,0.0000
1417,11320.17,1152.24,0,0,0.0000
1418,11194.43,1628.19,0,0,0.0000
1419,11203.44,1385.90,2,4,2.0000
1420,11231.46,1490.40,2,2,0.0000
1421,11353.65,1219.61,0,0,0.0000
1422,11124.47,1053.71,NaN,NaN,NaN
1423,11122.20,1152.30,2,2,0.0000
1424,11098.59,1492.39,3,8,2.6667
1425,11235.11,1436.69,3,3,0.0000
1426,11107.11,1112.45,NaN,NaN,NaN
1427,11276.40,1444.10,0,0,0.0000
1428,12339.19,1524.63,0,0,0.0000
1429,12263.09,1590.08,0,0,0.0000
1430,13031.38,1538.74,NaN,NaN,NaN
1431,12771.23,1419.69,0,0,0.0000
1432,12688.79,1460.81,NaN,NaN,NaN
1433,12576.43,1466.30,NaN,NaN,NaN
1434,12534.59,1565.63,NaN,NaN,NaN
1435,12656.20,1556.29,NaN,NaN,NaN
1436,12896.39,1495.18,2,3,0.0000
1437,12984.92,1475.41,NaN,NaN,NaN
1438,12753.55,1554.81,NaN,NaN,NaN
1439,12596.86,1523.26,NaN,NaN,NaN
1440,12866.27,1347.51,0,0,0.0000
1441,12883.49,1632.31,NaN,NaN,NaN
1442,12652.83,1609.41,0,0,0.0000
1443,13085.84,1480.33,0,0,0.0000
1444,12952.16,1551.60,2,5,2.5000
1445,13116.02,1557.63,NaN,NaN,NaN
1446,12973.14,1647.96,NaN,NaN,NaN
1447,13200.94,1615.57,NaN,NaN,NaN
1448,13904.34,988.17,NaN,NaN,NaN
1449,13949.27,1061.13,NaN,NaN,NaN
1450,13833.20,915.68,0,0,0.0000
1451,13947.86,994.21,NaN,NaN,NaN
1452,13882.31,1020.62,NaN,NaN,NaN
1453,13929.72,925.74,NaN,NaN,NaN
1454,14672.49,1248.64,0,0,0.0000
1455,14618.88,1404.00,NaN,NaN,NaN
1456,14630.71,914.61,NaN,NaN,NaN
1457,14070.87,975.52,NaN,NaN,NaN
1458,14230.53,1207.57,3,5,0.0000
1459,14028.57,1066.41,0,0,0.0000
1460,14639.16,1033.75,NaN,NaN,NaN
1461,14516.71,1663.91,NaN,NaN,NaN
1462,14374.80,1509.01,NaN,NaN,NaN
1463,14421.23,1264.18,NaN,NaN,NaN
1464,13989.14,927.54,NaN,NaN,NaN
1465,14154.90,1021.49,3,2,0.0000
1466,14326.34,1416.09,NaN,NaN,NaN
1467,14491.97,1342.54,0,0,0.0000
1468,14462.31,1525.04,0,0,0.0000
1469,14485.91,1467.40,2,5,2.5000
1470,14600.35,1572.29,NaN,NaN,NaN
1471,14403.94,1364.02,NaN,NaN,NaN
1472,14330.79,1301.90,2,3,0.0000
1473,14543.28,1155.42,NaN,NaN,NaN
1474,14541.57,1446.71,2,5,2.5000
1475,14075.52,1264.18,NaN,NaN,NaN
1476,14544.98,1064.97,0,0,0.0000
1477,14104.19,1183.64,0,0,0.0000
1478,14248.73,1096.57,NaN,NaN,NaN
1479,14157.79,1246.59,NaN,NaN,NaN
1480,14042.31,1184.73,0,0,0.0000
1481,14234.32,1325.98,0,0,0.0000
1482,14490.69,916.84,NaN,NaN,NaN
1483,14445.57,1031.04,NaN,NaN,NaN
1484,14615.22,1155.84,0,0,0.0000
1485,14669.65,1520.55,NaN,NaN,NaN
1486,14305.38,1129.58,0,0,0.0000
1487,14561.18,1264.60,3,6,2.0000
1488,14669.49,1600.37,0,0,0.0000
1489,14156.84,1179.46,0,0,0.0000
1490,14184.45,1371.58,NaN,NaN,NaN
1491,14481.61,1096.78,0,0,0.0000
1492,14535.84,1213.99,NaN,NaN,NaN
1493,14283.04,1053.51,0,0,0.0000
1494,13987.31,1165.14,0,0,0.0000
1495,14408.04,1194.23,NaN,NaN,NaN
1496,14594.35,1661.51,0,0,0.0000
1497,14010.76,1214.28,0,0,0.0000
1498,14361.98,1149.08,NaN,NaN,NaN
1499,14642.22,1103.12,NaN,NaN,NaN
1500,14173.52,1300.77,0,0,0.0000
1501,14863.76,1510.67,NaN,NaN,NaN
1502,15104.92,1436.60,NaN,NaN,NaN
1503,15352.04,1578.10,NaN,NaN,NaN
1504,15317.11,1464.52,0,0,0.0000
1505,15189.74,1213.47,NaN,NaN,NaN
1506,15382.51,1321.78,NaN,NaN,NaN
1507,15183.09,1525.93,NaN,NaN,NaN
1508,14977.62,1638.22,0,0,0.0000
1509,14747.80,1587.78,0,0,0.0000
1510,14727.27,1393.38,NaN,NaN,NaN
1511,15469.87,1587.00,3,7,2.3333
1512,15322.31,1363.75,NaN,NaN,NaN
1513,15448.03,950.41,NaN,NaN,NaN
1514,15347.67,955.75,0,0,0.0000
1515,15009.52,1029.39,NaN,NaN,NaN
1516,15284.30,1157.01,0,0,0.0000
1517,15407.91,1249.32,4,5,0.0000
1518,14999.75,1120.32,3,5,0.0000
1519,15268.08,968.25,NaN,NaN,NaN
1520,15247.85,1056.68,2,6,3.0000
1521,15144.95,1089.36,2,6,3.0000
1522,15115.67,1263.62,0,0,0.0000
1523,15225.97,1373.12,NaN,NaN,NaN
1524,15156.92,1660.49,2,2,0.0000
1525,14995.61,969.58,NaN,NaN,NaN
1526,15155.57,941.96,NaN,NaN,NaN
1527,15025.42,1542.71,0,0,0.0000
1528,15089.74,1546.70,NaN,NaN,NaN
1529,15039.08,1197.16,2,6,3.0000
1530,15190.41,1415.51,NaN,NaN,NaN
1531,15061.26,1332.67,2,4,2.0000
1532,15400.16,1202.85,NaN,NaN,NaN
1533,15048.90,906.84,NaN,NaN,NaN
1534,15315.37,1231.11,0,0,0.0000
1535,15260.41,1599.67,NaN,NaN,NaN
1536,15443.94,1489.41,0,0,0.0000
1537,15103.05,1162.21,3,5,0.0000
1538,14752.49,1485.85,0,0,0.0000
1539,15457.21,1166.22,NaN,NaN,NaN
1540,15098.22,961.12,NaN,NaN,NaN
1541,15384.41,1646.75,NaN,NaN,NaN
1542,15302.49,1068.00,0,0,0.0000
1543,15000.47,1480.32,0,0,0.0000
1544,14915.01,1571.87,2,3,0.0000
1545,15041.63,1602.23,0,0,0.0000
1546,15475.42,1268.84,0,0,0.0000
1547,14892.48,1602.38,0,0,0.0000
1548,15422.72,1061.90,0,0,0.0000
1549,15065.16,1054.22,NaN,NaN,NaN
1550,15425.97,1023.83,2,6,3.0000
1551,14795.54,1370.00,0,0,0.0000
1552,15463.61,1093.23,0,0,0.0000
1553,15282.31,896.53,NaN,NaN,NaN
1554,15138.67,1014.81,NaN,NaN,NaN
1555,15428.22,1386.44,NaN,NaN,NaN
1556,15387.78,1114.36,NaN,NaN,NaN
1557,15401.15,902.37,0,0,0.0000
1558,14843.63,1604.98,0,0,0.0000
1559,15087.67,1064.94,NaN,NaN,NaN
1560,15073.17,954.17,0,0,0.0000
1561,14925.10,1475.27,0,0,0.0000
1562,15594.14,1276.16,2,4,2.0000
1563,15916.58,1380.76,NaN,NaN,NaN
1564,16128.03,1613.43,NaN,NaN,NaN
1565,15557.90,1459.99,0,0,0.0000
1566,15826.14,1241.84,NaN,NaN,NaN
1567,15732.94,1262.80,NaN,NaN,NaN
1568,15707.63,1160.70,0,0,0.0000
1569,15768.67,1634.62,NaN,NaN,NaN
1570,15984.75,1631.12,2,3,0.0000
1571,15607.78,1111.78,3,5,0.0000
1572,16229.59,1385.90,NaN,NaN,NaN
1573,16099.03,1464.59,3,5,0.0000
1574,15719.52,1364.90,NaN,NaN,NaN
1575,15659.04,901.80,NaN,NaN,NaN
1576,15860.83,1568.28,NaN,NaN,NaN
1577,16040.84,1126.84,NaN,NaN,NaN
1578,15774.98,907.32,0,0,0.0000
1579,15927.20,1593.81,NaN,NaN,NaN
1580,16231.97,1659.95,NaN,NaN,NaN
1581,16113.82,1243.87,0,0,0.0000
1582,15987.20,1499.86,0,0,0.0000
1583,15743.04,1500.21,3,5,0.0000
1584,15610.79,1590.77,NaN,NaN,NaN
1585,16300.71,1468.18,NaN,NaN,NaN
1586,16298.55,1622.46,NaN,NaN,NaN
1587,16215.85,1531.13,NaN,NaN,NaN
1588,15637.07,1406.96,0,0,0.0000
1589,15549.82,932.07,NaN,NaN,NaN
1590,16267.07,1497.60,0,0,0.0000
1591,15743.29,1065.84,2,3,0.0000
1592,15843.60,1489.56,0,0,0.0000
1593,15573.72,915.63,NaN,NaN,NaN
1594,15878.79,1087.91,NaN,NaN,NaN
1595,15851.74,917.40,NaN,NaN,NaN
1596,15553.15,1606.01,0,0,0.0000
1597,16163.58,1381.03,2,1,0.0000
1598,16037.48,1541.76,NaN,NaN,NaN
1599,16071.86,1048.24,NaN,NaN,NaN
1600,15539.97,1071.88,0,0,0.0000
1601,16163.90,1124.84,0,0,0.0000
1602,15580.09,1544.40,0,0,0.0000
1603,15950.80,1201.91,0,0,0.0000
1604,15578.33,1033.22,NaN,NaN,NaN
1605,16045.83,1311.68,NaN,NaN,NaN
1606,15512.68,974.38,NaN,NaN,NaN
1607,16157.12,1195.06,2,2,0.0000
1608,15796.90,1044.20,0,0,0.0000
1609,15902.21,1203.56,NaN,NaN,NaN
1610,16129.76,1140.84,NaN,NaN,NaN
1611,16362.07,1618.92,NaN,NaN,NaN
1612,16208.48,1583.79,4,7,0.0000
1613,15909.93,1489.74,0,0,0.0000
1614,15795.50,1545.26,0,0,0.0000
1615,15759.46,997.30,3,6,2.0000
1616,15924.78,1131.54,0,0,0.0000
1617,16158.21,1307.90,0,0,0.0000
1618,15839.05,1035.71,0,0,0.0000
1619,15659.28,1032.80,0,0,0.0000
1620,16070.43,1395.66,NaN,NaN,NaN
1621,15935.32,1051.03,3,4,0.0000
1622,15971.52,1245.40,0,0,0.0000
1623,16078.05,1536.38,2,7,3.5000
1624,16001.66,1345.81,2,5,2.5000
1625,15521.54,1158.54,0,0,0.0000
1626,15690.49,1522.49,NaN,NaN,NaN
1627,15887.70,1022.77,0,0,0.0000
1628,15864.99,1142.94,NaN,NaN,NaN
1629,16118.46,1052.02,0,0,0.0000
1630,15780.13,1132.51,4,5,0.0000
1631,15772.51,1431.05,2,4,2.0000
1632,16261.55,1573.87,2,2,0.0000
1633,15747.50,1409.50,2,4,2.0000
1634,16233.28,1250.63,0,0,0.0000
1635,16166.14,1504.85,0,0,0.0000
1636,15715.01,1616.06,2,3,0.0000
1637,15866.69,976.36,3,6,2.0000
1638,15831.18,1653.54,NaN,NaN,NaN
1639,558.21,1991.13,NaN,NaN,NaN
1640,685.20,2033.59,NaN,NaN,NaN
1641,788.14,1745.05,0,0,0.0000
1642,848.86,2232.61,3,7,2.3333
1643,662.59,1802.65,NaN,NaN,NaN
1644,406.56,1876.66,3,4,0.0000
1645,446.30,1765.80,0,0,0.0000
1646,685.05,2120.71,NaN,NaN,NaN
1647,884.46,1787.74,NaN,NaN,NaN
1648,454.97,1995.09,NaN,NaN,NaN
1649,591.75,1862.36,2,1,0.0000
1650,355.20,1764.13,NaN,NaN,NaN
1651,813.20,1985.37,2,3,0.0000
1652,555.54,1675.33,3,4,0.0000
1653,693.02,2235.51,0,0,0.0000
1654,617.12,1724.47,2,3,0.0000
1655,868.82,2076.19,3,2,0.0000
1656,486.98,2110.58,NaN,NaN,NaN
1657,847.63,2306.96,NaN,NaN,NaN
1658,699.71,1943.16,2,2,0.0000
1659,505.97,1937.12,2,3,0.0000
1660,398.09,1678.64,NaN,NaN,NaN
1661,631.58,1961.60,NaN,NaN,NaN
1662,821.62,2122.72,2,4,2.0000
1663,757.08,2014.13,NaN,NaN,NaN
1664,687.57,1696.07,3,3,0.0000
1665,792.82,2162.81,NaN,NaN,NaN
1666,437.47,1919.86,NaN,NaN,NaN
1667,484.91,2053.93,NaN,NaN,NaN
1668,372.18,1821.12,NaN,NaN,NaN
1669,843.04,1695.30,0,0,0.0000
1670,392.52,1969.41,0,0,0.0000
1671,335.08,1688.46,3,5,0.0000
1672,46.46,1705.17,NaN,NaN,NaN
1673,391.87,2024.47,0,0,0.0000
1674,506.43,1711.41,NaN,NaN,NaN
1675,328.86,1835.59,0,0,0.0000
1676,573.31,1786.16,0,0,0.0000
1677,856.28,2160.13,NaN,NaN,NaN
1678,432.88,2065.66,NaN,NaN,NaN
1679,683.80,1899.14,NaN,NaN,NaN
1680,714.69,1869.53,2,2,0.0000
1681,731.99,2146.58,3,4,0.0000
1682,1070.74,2316.13,NaN,NaN,NaN
1683,930.46,2186.83,2,1,0.0000
1684,1035.54,1802.46,NaN,NaN,NaN
1685,1074.70,2130.97,2,6,3.0000
1686,1000.01,1700.83,0,0,0.0000
1687,1068.70,2203.99,NaN,NaN,NaN
1688,1171.33,2193.85,NaN,NaN,NaN
1689,1149.22,1868.46,NaN,NaN,NaN
1690,944.37,1746.67,NaN,NaN,NaN
1691,1005.29,2335.32,2,3,0.0000
1692,921.95,2335.45,NaN,NaN,NaN
1693,1157.02,2122.31,2,3,0.0000
1694,924.57,2275.42,3,2,0.0000
1695,1645.64,1701.69,2,3,0.0000
1696,1163.59,2033.74,NaN,NaN,NaN
1697,1095.66,2092.16,NaN,NaN,NaN
1698,920.03,1670.66,NaN,NaN,NaN
1699,1181.04,2274.23,NaN,NaN,NaN
1700,1062.30,2008.65,NaN,NaN,NaN
1701,1150.13,2237.04,3,7,2.3333
1702,1586.71,1686.30,NaN,NaN,NaN
1703,1216.93,2009.51,NaN,NaN,NaN
1704,1201.73,2133.29,NaN,NaN,NaN
1705,940.15,2127.05,2,5,2.5000
1706,1018.81,2060.10,4,4,0.0000
1707,1002.41,2137.31,4,4,0.0000
1708,2356.07,2398.04,NaN,NaN,NaN
1709,2262.32,2281.26,NaN,NaN,NaN
1710,2168.49,2166.64,4,3,0.0000
1711,2422.77,2347.76,2,6,3.0000
1712,2219.83,2361.42,NaN,NaN,NaN
1713,2345.65,2238.73,0,0,0.0000
1714,2166.86,2078.71,0,0,0.0000
1715,2267.49,2014.93,0,0,0.0000
1716,2101.55,2304.71,NaN,NaN,NaN
1717,2132.61,1685.39,NaN,NaN,NaN
1718,2245.01,2141.00,NaN,NaN,NaN
1719,2367.24,2158.56,0,0,0.0000
1720,2294.63,2108.03,0,0,0.0000
1721,2123.41,2210.69,2,6,3.0000
1722,1895.84,1689.38,3,4,0.0000
1723,2061.58,2248.03,NaN,NaN,NaN
1724,2284.28,2418.41,0,0,0.0000
1725,1971.99,1682.92,NaN,NaN,NaN
1726,1885.10,1763.38,3,1,0.0000
1727,2069.95,1738.51,3,4,0.0000
1728,2291.33,2183.01,0,0,0.0000
1729,2149.51,1746.88,0,0,0.0000
1730,2184.96,1680.42,3,3,0.0000
1731,1943.46,1725.67,3,2,0.0000
1732,2072.97,2188.81,2,8,4.0000
1733,2155.52,2264.90,0,0,0.0000
1734,2239.47,2421.39,0,0,0.0000
1735,2415.98,2408.76,NaN,NaN,NaN
1736,2087.72,2125.20,0,0,0.0000
1737,2060.31,2158.95,NaN,NaN,NaN
1738,2624.86,1881.76,4,5,0.0000
1739,2527.79,2415.95,0,0,0.0000
1740,2874.54,2115.75,NaN,NaN,NaN
1741,2803.83,1725.35,NaN,NaN,NaN
1742,2861.79,2052.70,2,2,0.0000
1743,2840.55,1941.83,NaN,NaN,NaN
1744,2790.57,2193.91,NaN,NaN,NaN
1745,2894.51,2216.01,NaN,NaN,NaN
1746,2945.57,2079.94,NaN,NaN,NaN
1747,2877.69,1980.01,2,3,0.0000
1748,2661.51,1800.40,NaN,NaN,NaN
1749,2844.25,1849.81,NaN,NaN,NaN
1750,2563.12,1800.00,NaN,NaN,NaN
1751,3009.83,2383.47,NaN,NaN,NaN
1752,2772.09,1950.84,NaN,NaN,NaN
1753,2761.15,2119.41,0,0,0.0000
1754,2779.93,2056.31,NaN,NaN,NaN
1755,2871.00,2408.74,NaN,NaN,NaN
1756,2765.45,1866.32,NaN,NaN,NaN
1757,2692.74,1927.79,NaN,NaN,NaN
1758,2704.36,1855.50,0,0,0.0000
1759,2554.60,1845.07,2,3,0.0000
1760,2967.33,1873.29,0,0,0.0000
1761,2676.84,1966.07,NaN,NaN,NaN
1762,2810.08,1877.23,NaN,NaN,NaN
1763,2485.69,2322.33,NaN,NaN,NaN
1764,2951.47,2342.97,NaN,NaN,NaN
1765,3000.14,2231.44,NaN,NaN,NaN
1766,2895.37,1874.66,2,2,0.0000
1767,2773.24,1765.02,0,0,0.0000
1768,2723.07,1798.21,0,0,0.0000
1769,3834.29,2042.05,NaN,NaN,NaN
1770,3507.87,1729.44,6,7,0.0000
1771,3732.69,2224.74,0,0,0.0000
1772,3905.77,2142.72,3,5,0.0000
1773,3449.23,1912.75,NaN,NaN,NaN
1774,3722.03,1794.78,NaN,NaN,NaN
1775,3965.38,1983.87,NaN,NaN,NaN
1776,3693.77,2005.48,NaN,NaN,NaN
1777,3800.38,2183.30,2,2,0.0000
1778,3416.10,1664.17,2,3,0.0000
1779,3481.63,1976.43,NaN,NaN,NaN
1780,3673.33,2068.87,NaN,NaN,NaN
1781,3660.61,2145.48,0,0,0.0000
1782,3432.39,1777.93,NaN,NaN,NaN
1783,3365.29,1753.54,NaN,NaN,NaN
1784,3904.68,1887.81,2,6,3.0000
1785,3841.23,1913.14,NaN,NaN,NaN
1786,3718.91,2109.99,0,0,0.0000
1787,3874.20,1740.54,2,4,2.0000
1788,3880.95,1696.43,NaN,NaN,NaN
1789,3669.35,1823.51,NaN,NaN,NaN
1790,3629.27,2102.13,NaN,NaN,NaN
1791,3835.08,2313.74,0,0,0.0000
1792,3768.47,2105.05,2,3,0.0000
1793,3715.16,1883.00,NaN,NaN,NaN
1794,3946.81,2419.88,NaN,NaN,NaN
1795,3918.43,2223.64,0,0,0.0000
1796,3762.74,1919.06,4,2,0.0000
1797,3894.53,2379.22,0,0,0.0000
1798,3874.98,1870.20,2,4,2.0000
1799,3225.89,1821.68,NaN,NaN,NaN
1800,3353.16,1817.23,NaN,NaN,NaN
1801,3295.80,1836.29,NaN,NaN,NaN
1802,3720.49,1946.62,2,2,0.0000
1803,3878.72,2330.44,NaN,NaN,NaN
1804,3771.01,1674.79,NaN,NaN,NaN
1805,3810.93,1951.82,0,0,0.0000
1806,3443.90,1975.12,NaN,NaN,NaN
1807,3820.95,1863.03,NaN,NaN,NaN
1808,3421.22,1719.53,0,0,0.0000
1809,3357.98,1693.33,NaN,NaN,NaN
1810,3291.12,1869.54,0,0,0.0000
1811,3325.88,1670.87,NaN,NaN,NaN
1812,3609.25,1715.65,0,0,0.0000
1813,3517.53,1962.75,NaN,NaN,NaN
1814,3520.08,2008.23,NaN,NaN,NaN
1815,3892.51,2258.67,NaN,NaN,NaN
1816,3314.32,1769.38,NaN,NaN,NaN
1817,3698.62,1689.45,0,0,0.0000
1818,3370.51,1793.00,NaN,NaN,NaN
1819,3922.20,2304.74,0,0,0.0000
1820,3613.30,1962.03,3,6,2.0000
1821,3903.83,1789.40,2,5,2.5000
1822,3970.59,1711.35,NaN,NaN,NaN
1823,4027.49,2090.64,NaN,NaN,NaN
1824,4500.07,2154.30,NaN,NaN,NaN
1825,4479.90,2303.07,NaN,NaN,NaN
1826,3984.70,2161.22,2,1,0.0000
1827,4586.72,2208.50,NaN,NaN,NaN
1828,4135.81,2110.62,3,5,0.0000
1829,4086.80,2020.89,0,0,0.0000
1830,4257.67,2430.80,NaN,NaN,NaN
1831,4115.67,2353.81,NaN,NaN,NaN
1832,4360.70,2263.68,0,0,0.0000
1833,4139.03,2200.46,2,4,2.0000
1834,4029.63,2237.88,NaN,NaN,NaN
1835,4588.32,2302.89,0,0,0.0000
1836,4624.70,2256.92,3,6,2.0000
1837,4197.37,2342.83,0,0,0.0000
1838,4360.59,2155.22,NaN,NaN,NaN
1839,4000.02,2395.25,0,0,0.0000
1840,4075.66,2211.66,NaN,NaN,NaN
1841,4412.71,2201.46,2,2,0.0000
1842,4090.05,1819.58,2,4,2.0000
1843,4128.55,2158.76,NaN,NaN,NaN
1844,4282.28,2173.17,NaN,NaN,NaN
1845,4546.58,2246.53,0,0,0.0000
1846,4703.54,2231.50,0,0,0.0000
1847,3996.08,1675.61,NaN,NaN,NaN
1848,4183.68,2276.94,4,5,0.0000
1849,4164.37,1913.25,NaN,NaN,NaN
1850,4385.91,2315.39,0,0,0.0000
1851,4694.66,2349.47,NaN,NaN,NaN
1852,4021.24,1780.59,0,0,0.0000
1853,4006.21,2335.44,NaN,NaN,NaN
1854,4443.27,2398.26,NaN,NaN,NaN
1855,4367.29,2400.61,NaN,NaN,NaN
1856,4277.90,2226.05,NaN,NaN,NaN
1857,4419.37,2244.87,0,0,0.0000
1858,4107.46,2277.81,3,7,2.3333
1859,4342.32,2320.05,0,0,0.0000
1860,3975.86,2236.85,0,0,0.0000
1861,4410.91,2425.44,NaN,NaN,NaN
1862,4045.11,2381.64,NaN,NaN,NaN
1863,4082.35,2400.93,NaN,NaN,NaN
1864,4246.77,2276.18,2,5,2.5000
1865,4138.34,2424.48,0,0,0.0000
1866,3978.66,2278.60,NaN,NaN,NaN
1867,4629.49,2291.00,NaN,NaN,NaN
1868,4669.40,2210.21,0,0,0.0000
1869,4029.72,1886.90,2,4,2.0000
1870,4177.15,2400.55,NaN,NaN,NaN
1871,4641.07,2190.90,0,0,0.0000
1872,4820.55,2371.27,NaN,NaN,NaN
1873,5440.62,1766.76,NaN,NaN,NaN
1874,5197.94,1718.52,2,2,0.0000
1875,5024.68,1695.46,2,5,2.5000
1876,5111.63,1742.72,2,4,2.0000
1877,5356.97,1756.85,3,7,2.3333
1878,4938.34,2370.48,NaN,NaN,NaN
1879,5156.36,1861.16,NaN,NaN,NaN
1880,5449.43,2008.92,NaN,NaN,NaN
1881,5501.20,1944.33,NaN,NaN,NaN
1882,5426.20,1867.36,NaN,NaN,NaN
1883,5332.10,1845.59,NaN,NaN,NaN
1884,5208.00,1830.77,NaN,NaN,NaN
1885,5106.90,1860.33,NaN,NaN,NaN
1886,5064.34,1851.20,NaN,NaN,NaN
1887,5400.66,1668.16,3,6,2.0000
1888,5083.29,1782.42,NaN,NaN,NaN
1889,5034.37,1787.57,NaN,NaN,NaN
1890,5459.93,1907.71,0,0,0.0000
1891,5161.29,1805.39,0,0,0.0000
1892,5341.54,2417.60,0,0,0.0000
1893,5909.54,2171.09,NaN,NaN,NaN
1894,5822.27,2282.85,0,0,0.0000
1895,5843.38,1811.89,2,5,2.5000
1896,5578.58,2256.40,NaN,NaN,NaN
1897,5655.91,2035.04,NaN,NaN,NaN
1898,5875.92,1885.98,NaN,NaN,NaN
1899,5998.35,2296.01,NaN,NaN,NaN
1900,6033.85,1932.78,NaN,NaN,NaN
1901,6127.94,1977.44,3,6,2.0000
1902,6171.97,2362.64,NaN,NaN,NaN
1903,6150.76,2204.06,3,5,0.0000
1904,6086.90,1714.84,NaN,NaN,NaN
1905,5585.79,1847.92,NaN,NaN,NaN
1906,6201.45,2152.29,2,3,0.0000
1907,5629.61,2383.31,NaN,NaN,NaN
1908,5759.30,2161.16,2,2,0.0000
1909,5781.45,1897.35,NaN,NaN,NaN
1910,6007.50,1998.22,NaN,NaN,NaN
1911,5785.87,2036.10,NaN,NaN,NaN
1912,6011.18,1825.71,3,4,0.0000
1913,5867.73,1727.35,NaN,NaN,NaN
1914,6116.53,2090.26,0,0,0.0000
1915,5722.32,1875.45,0,0,0.0000
1916,5524.01,2096.73,2,2,0.0000
1917,5656.86,2099.72,NaN,NaN,NaN
1918,5755.72,1666.60,NaN,NaN,NaN
1919,6024.31,2431.00,2,3,0.0000
1920,6083.65,1783.02,2,8,4.0000
1921,5666.81,2190.82,NaN,NaN,NaN
1922,6045.95,2068.14,4,9,2.2500
1923,5695.35,2427.08,NaN,NaN,NaN
1924,5756.48,2392.31,NaN,NaN,NaN
1925,5707.40,1965.92,NaN,NaN,NaN
1926,6163.11,1765.74,3,6,2.0000
1927,6069.35,2147.31,NaN,NaN,NaN
1928,6089.88,2424.49,NaN,NaN,NaN
1929,6088.45,1887.56,0,0,0.0000
1930,6206.35,1924.74,3,4,0.0000
1931,6254.43,1865.13,NaN,NaN,NaN
1932,6216.95,1980.87,NaN,NaN,NaN
1933,5715.34,2266.85,NaN,NaN,NaN
1934,5702.28,2179.23,NaN,NaN,NaN
1935,5654.24,2288.19,NaN,NaN,NaN
1936,6271.20,2144.26,NaN,NaN,NaN
1937,5547.99,1987.51,NaN,NaN,NaN
1938,5945.37,1929.67,0,0,0.0000
1939,5635.10,1922.54,NaN,NaN,NaN
1940,5605.02,2172.79,2,3,0.0000
1941,5985.51,2170.26,0,0,0.0000
1942,6242.06,1717.64,2,3,0.0000
1943,5521.76,1781.79,0,0,0.0000
1944,5551.35,2163.94,NaN,NaN,NaN
1945,5921.58,2385.94,0,0,0.0000
1946,6166.57,1683.75,0,0,0.0000
1947,5968.56,1752.06,NaN,NaN,NaN
1948,5886.73,2408.67,0,0,0.0000
1949,6095.41,2328.26,NaN,NaN,NaN
1950,6171.99,1864.33,2,4,2.0000
1951,6139.65,1872.65,NaN,NaN,NaN
1952,5673.21,1922.48,NaN,NaN,NaN
1953,5816.88,2103.15,NaN,NaN,NaN
1954,5905.53,1995.12,0,0,0.0000
1955,6107.49,2375.19,2,6,3.0000
1956,5765.03,1781.27,0,0,0.0000
1957,5837.10,2019.21,NaN,NaN,NaN
1958,5685.28,2354.76,NaN,NaN,NaN
1959,5746.52,2326.92,0,0,0.0000
1960,5826.42,2147.97,0,0,0.0000
1961,6008.32,2221.72,0,0,0.0000
1962,5828.64,1952.52,0,0,0.0000
1963,6113.51,2271.46,NaN,NaN,NaN
1964,5989.51,2115.35,NaN,NaN,NaN
1965,6202.73,1849.43,0,0,0.0000
1966,5815.03,1729.93,NaN,NaN,NaN
1967,5955.16,1858.32,0,0,0.0000
1968,5945.61,2366.22,0,0,0.0000
1969,5941.10,2070.56,0,0,0.0000
1970,6793.25,1873.16,2,6,3.0000
1971,6905.32,1932.97,3,6,2.0000
1972,6924.69,1744.57,2,6,3.0000
1973,6957.45,1971.56,2,3,0.0000
1974,6674.31,2017.84,0,0,0.0000
1975,6281.43,2010.60,NaN,NaN,NaN
1976,6738.58,2066.78,2,4,2.0000
1977,6860.93,2295.43,NaN,NaN,NaN
1978,6954.87,2393.60,NaN,NaN,NaN
1979,6900.81,2326.72,0,0,0.0000
1980,6850.14,2139.61,NaN,NaN,NaN
1981,6539.67,2252.24,0,0,0.0000
1982,6315.43,2213.28,0,0,0.0000
1983,7004.07,2218.24,0,0,0.0000
1984,6990.74,1809.40,NaN,NaN,NaN
1985,6864.23,2034.86,NaN,NaN,NaN
1986,6898.24,2182.89,3,5,0.0000
1987,6783.36,1682.76,NaN,NaN,NaN
1988,7038.78,1736.63,NaN,NaN,NaN
1989,7013.58,1858.10,0,0,0.0000
1990,6626.34,2225.65,0,0,0.0000
1991,7023.16,2420.50,0,0,0.0000
1992,6976.99,2050.39,0,0,0.0000
1993,6790.52,2118.50,NaN,NaN,NaN
1994,6745.82,1984.04,0,0,0.0000
1995,7012.57,1949.90,NaN,NaN,NaN
1996,6291.40,2421.07,0,0,0.0000
1997,6715.74,1886.93,NaN,NaN,NaN
1998,6799.43,2225.54,0,0,0.0000
1999,6945.37,1673.53,NaN,NaN,NaN
2000,6643.97,2300.27,0,0,0.0000
2001,6857.39,1737.66,0,0,0.0000
2002,6761.36,2286.34,2,5,2.5000
2003,6807.71,2061.06,0,0,0.0000
2004,6869.27,2429.94,0,0,0.0000
2005,7002.32,2128.31,0,0,0.0000
2006,7002.80,2014.89,0,0,0.0000
2007,6724.76,1931.25,0,0,0.0000
2008,6801.93,1958.90,NaN,NaN,NaN
2009,6726.14,1691.22,NaN,NaN,NaN
2010,7031.69,2017.05,NaN,NaN,NaN
2011,6781.09,2189.73,NaN,NaN,NaN
2012,7416.92,1821.23,2,5,2.5000
2013,7609.45,1925.81,NaN,NaN,NaN
2014,7136.28,2052.91,NaN,NaN,NaN
2015,7188.12,2267.69,3,8,2.6667
2016,7315.10,2222.55,2,1,0.0000
2017,7377.81,1674.26,NaN,NaN,NaN
2018,7434.53,2380.20,6,8,0.0000
2019,7148.73,1939.66,NaN,NaN,NaN
2020,7744.61,1812.41,2,4,2.0000
2021,7229.27,1701.94,NaN,NaN,NaN
2022,7293.71,2374.02,NaN,NaN,NaN
2023,7549.63,2210.18,NaN,NaN,NaN
2024,7655.41,2220.12,4,18,4.5000
2025,7195.91,2143.71,0,0,0.0000
2026,7320.80,1905.37,2,4,2.0000
2027,7614.31,1735.29,NaN,NaN,NaN
2028,7243.22,2424.27,0,0,0.0000
2029,7043.25,2262.88,NaN,NaN,NaN
2030,7775.55,1708.89,2,4,2.0000
2031,7100.02,1796.36,3,7,2.3333
2032,7505.88,2045.18,0,0,0.0000
2033,7674.67,2399.59,2,7,3.5000
2034,7369.68,2000.92,NaN,NaN,NaN
2035,7097.14,2282.11,NaN,NaN,NaN
2036,7433.30,2228.87,NaN,NaN,NaN
2037,7514.27,1717.16,0,0,0.0000
2038,7621.58,2148.85,0,0,0.0000
2039,7079.97,2360.91,NaN,NaN,NaN
2040,7792.07,2296.64,NaN,NaN,NaN
2041,7463.29,2170.91,2,4,2.0000
2042,7235.22,1776.65,NaN,NaN,NaN
2043,7714.50,1719.17,NaN,NaN,NaN
2044,7668.49,2101.63,0,0,0.0000
2045,7749.01,2251.04,0,0,0.0000
2046,7745.31,2194.18,0,0,0.0000
2047,7398.42,2196.48,NaN,NaN,NaN
2048,7221.22,1956.29,0,0,0.0000
2049,7637.28,2054.38,0,0,0.0000
2050,7262.41,1935.54,0,0,0.0000
2051,7781.32,1938.31,NaN,NaN,NaN
2052,7772.73,2136.79,NaN,NaN,NaN
2053,7077.37,1959.31,NaN,NaN,NaN
2054,7670.57,2019.78,0,0,0.0000
2055,7525.02,2305.17,3,6,2.0000
2056,7299.01,1706.60,0,0,0.0000
2057,7228.36,2099.94,2,5,2.5000
2058,7695.70,2277.63,NaN,NaN,NaN
2059,7627.59,2290.60,NaN,NaN,NaN
2060,7529.82,2381.20,0,0,0.0000
2061,7780.17,2075.82,2,2,0.0000
2062,7255.51,1852.40,NaN,NaN,NaN
2063,7532.88,1761.54,0,0,0.0000
2064,7317.96,1763.51,NaN,NaN,NaN
2065,7744.70,1953.11,0,0,0.0000
2066,7092.90,2414.00,0,0,0.0000
2067,7196.25,1844.52,NaN,NaN,NaN
2068,7419.68,2114.47,0,0,0.0000
2069,7436.60,2012.81,0,0,0.0000
2070,7604.92,2365.70,NaN,NaN,NaN
2071,7067.75,1876.92,5,9,0.0000
2072,7676.70,1670.75,0,0,0.0000
2073,7676.43,1725.35,NaN,NaN,NaN
2074,7480.40,1983.23,0,0,0.0000
2075,7394.69,1918.94,NaN,NaN,NaN
2076,7749.34,2373.63,NaN,NaN,NaN
2077,7513.12,1938.57,NaN,NaN,NaN
2078,7428.09,1932.11,2,4,2.0000
2079,7474.56,2106.20,NaN,NaN,NaN
2080,7437.60,1970.03,0,0,0.0000
2081,7586.23,2031.01,2,5,2.5000
2082,7695.80,2332.46,0,0,0.0000
2083,7746.42,2122.75,0,0,0.0000
2084,7615.91,2410.20,NaN,NaN,NaN
2085,7363.40,2301.77,NaN,NaN,NaN
2086,7331.15,2062.58,0,0,0.0000
2087,7725.36,2354.16,NaN,NaN,NaN
2088,7279.70,1982.21,0,0,0.0000
2089,7387.01,2038.18,NaN,NaN,NaN
2090,8012.93,2254.99,NaN,NaN,NaN
2091,8494.40,1774.02,NaN,NaN,NaN
2092,7843.85,1682.03,2,3,0.0000
2093,7965.16,2093.26,NaN,NaN,NaN
2094,7815.98,2139.67,NaN,NaN,NaN
2095,8452.95,1904.34,NaN,NaN,NaN
2096,7947.39,1834.53,3,6,2.0000
2097,7833.44,1881.29,0,0,0.0000
2098,7937.93,2331.51,3,5,0.0000
2099,7890.14,2351.74,NaN,NaN,NaN
2100,7874.65,2183.22,NaN,NaN,NaN
2101,8140.61,1705.33,0,0,0.0000
2102,7830.10,2339.37,NaN,NaN,NaN
2103,8499.38,1859.01,NaN,NaN,NaN
2104,7879.55,1942.71,2,3,0.0000
2105,7905.91,1722.14,2,4,2.0000
2106,8027.30,1768.86,NaN,NaN,NaN
2107,8047.25,1890.34,NaN,NaN,NaN
2108,8083.77,2114.54,0,0,0.0000
2109,8006.42,1967.59,2,2,0.0000
2110,8033.42,1830.23,3,4,0.0000
2111,8342.00,1721.61,0,0,0.0000
2112,8062.33,1967.23,NaN,NaN,NaN
2113,8382.21,1705.88,NaN,NaN,NaN
2114,8034.78,2083.03,NaN,NaN,NaN
2115,8089.40,1929.71,0,0,0.0000
2116,7887.10,2225.19,0,0,0.0000
2117,7929.64,2022.43,2,4,2.0000
2118,7962.35,1783.22,NaN,NaN,NaN
2119,7940.59,1679.39,NaN,NaN,NaN
2120,7906.73,1891.52,0,0,0.0000
2121,8080.07,1809.09,0,0,0.0000
2122,8394.07,1878.11,NaN,NaN,NaN
2123,7821.25,2233.38,0,0,0.0000
2124,8423.36,1685.84,NaN,NaN,NaN
2125,8591.86,1748.52,NaN,NaN,NaN
2126,9932.64,2094.18,0,0,0.0000
2127,9968.75,1901.49,0,0,0.0000
2128,10081.91,1960.63,NaN,NaN,NaN
2129,9994.90,1777.09,3,7,2.3333
2130,9823.93,1847.88,NaN,NaN,NaN
2131,10046.61,1819.48,NaN,NaN,NaN
2132,10084.84,2067.84,NaN,NaN,NaN
2133,10032.35,1673.59,NaN,NaN,NaN
2134,9844.89,1944.14,NaN,NaN,NaN
2135,10071.96,2013.00,NaN,NaN,NaN
2136,9967.27,1739.87,NaN,NaN,NaN
2137,9897.72,1880.07,NaN,NaN,NaN
2138,10086.70,1870.38,3,3,0.0000
2139,10096.24,1674.86,NaN,NaN,NaN
2140,10006.08,2032.54,NaN,NaN,NaN
2141,10110.69,2343.50,2,5,2.5000
2142,10098.30,2233.02,NaN,NaN,NaN
2143,10019.09,2110.74,3,4,0.0000
2144,9912.83,1699.25,0,0,0.0000
2145,9785.92,1984.19,0,0,0.0000
2146,10034.89,2287.57,NaN,NaN,NaN
2147,9848.61,2113.10,NaN,NaN,NaN
2148,9886.27,2037.20,0,0,0.0000
2149,9763.41,1866.53,NaN,NaN,NaN
2150,9864.40,2073.27,NaN,NaN,NaN
2151,9918.04,2000.31,0,0,0.0000
2152,10063.67,2232.28,NaN,NaN,NaN
2153,9846.93,2029.29,0,0,0.0000
2154,10363.47,2143.12,NaN,NaN,NaN
2155,10506.87,2342.98,NaN,NaN,NaN
2156,10477.19,2259.11,NaN,NaN,NaN
2157,10465.99,1821.91,0,0,0.0000
2158,10543.74,2100.39,3,2,0.0000
2159,10577.96,1805.63,NaN,NaN,NaN
2160,10384.90,1862.49,NaN,NaN,NaN
2161,10283.71,1814.30,0,0,0.0000
2162,10296.12,2373.77,2,4,2.0000
2163,10121.64,2130.11,NaN,NaN,NaN
2164,10670.17,1809.32,NaN,NaN,NaN
2165,10154.99,2287.64,3,4,0.0000
2166,10162.39,1880.83,NaN,NaN,NaN
2167,10254.14,2011.12,NaN,NaN,NaN
2168,10741.54,2106.09,NaN,NaN,NaN
2169,10307.85,1924.38,NaN,NaN,NaN
2170,10631.66,2429.54,NaN,NaN,NaN
2171,10510.73,2022.23,NaN,NaN,NaN
2172,10451.28,2041.32,2,3,0.0000
2173,10645.66,1972.33,2,3,0.0000
2174,10447.09,2120.85,0,0,0.0000
2175,10767.16,2196.06,NaN,NaN,NaN
2176,10749.32,2397.68,3,4,0.0000
2177,10710.21,2026.07,0,0,0.0000
2178,10544.78,2252.29,NaN,NaN,NaN
2179,10308.25,1727.79,NaN,NaN,NaN
2180,10165.59,1764.34,NaN,NaN,NaN
2181,10117.80,2420.95,NaN,NaN,NaN
2182,10316.83,2203.67,0,0,0.0000
2183,10702.64,2328.65,NaN,NaN,NaN
2184,10118.51,1718.61,NaN,NaN,NaN
2185,10188.95,2086.62,NaN,NaN,NaN
2186,10779.21,1994.22,NaN,NaN,NaN
2187,10166.35,2367.17,NaN,NaN,NaN
2188,10583.41,1681.08,0,0,0.0000
2189,10530.22,1845.38,2,6,3.0000
2190,10379.11,1715.86,0,0,0.0000
2191,10457.33,1707.19,0,0,0.0000
2192,10652.29,2310.41,0,0,0.0000
2193,10543.24,1957.93,0,0,0.0000
2194,10637.58,1736.42,0,0,0.0000
2195,10216.79,2278.79,0,0,0.0000
2196,10381.08,2321.00,0,0,0.0000
2197,10274.19,2267.75,0,0,0.0000
2198,10317.88,1877.23,NaN,NaN,NaN
2199,10264.10,2141.86,0,0,0.0000
2200,10736.66,1940.67,NaN,NaN,NaN
2201,10671.87,2132.64,NaN,NaN,NaN
2202,10783.61,2302.79,0,0,0.0000
2203,10237.56,1739.09,NaN,NaN,NaN
2204,10411.64,1764.39,0,0,0.0000
2205,10685.35,2200.53,NaN,NaN,NaN
2206,10159.04,2037.64,0,0,0.0000
2207,10358.81,2040.05,0,0,0.0000
2208,10595.93,2055.80,0,0,0.0000
2209,10712.13,2256.44,5,6,0.0000
2210,10180.08,1949.57,NaN,NaN,NaN
2211,10757.20,2333.31,0,0,0.0000
2212,10660.89,1868.11,0,0,0.0000
2213,10308.45,2087.25,2,6,3.0000
2214,10448.60,1972.18,0,0,0.0000
2215,10510.94,1712.52,NaN,NaN,NaN
2216,10689.39,2407.35,0,0,0.0000
2217,10258.84,2080.29,NaN,NaN,NaN
2218,10580.13,2307.00,3,4,0.0000
2219,11599.67,2373.67,NaN,NaN,NaN
2220,11645.01,2350.54,0,0,0.0000
2221,12039.00,2288.04,NaN,NaN,NaN
2222,12044.31,2186.88,NaN,NaN,NaN
2223,11927.71,2323.25,0,0,0.0000
2224,12290.41,2412.35,0,0,0.0000
2225,11787.39,2050.71,NaN,NaN,NaN
2226,11891.64,2216.80,NaN,NaN,NaN
2227,12407.49,2352.27,0,0,0.0000
2228,11878.76,2419.09,0,0,0.0000
2229,11781.74,2189.41,NaN,NaN,NaN
2230,12152.82,2274.94,0,0,0.0000
2231,11895.09,2141.96,NaN,NaN,NaN
2232,12143.77,2430.19,0,0,0.0000
2233,11813.77,2358.78,0,0,0.0000
2234,12173.47,2359.00,0,0,0.0000
2235,12241.25,2195.56,2,4,2.0000
2236,11958.27,2160.67,0,0,0.0000
2237,12342.05,2319.01,0,0,0.0000
2238,12153.39,2101.29,NaN,NaN,NaN
2239,12366.15,2406.58,NaN,NaN,NaN
2240,11839.03,2273.37,NaN,NaN,NaN
2241,11708.35,2395.59,0,0,0.0000
2242,11657.01,2395.29,NaN,NaN,NaN
2243,11886.09,2062.31,NaN,NaN,NaN
2244,11838.77,2160.46,NaN,NaN,NaN
2245,12056.25,2379.07,0,0,0.0000
2246,11701.52,2329.25,0,0,0.0000
2247,11663.00,2307.16,0,0,0.0000
2248,12195.05,2166.49,2,8,4.0000
2249,11774.57,2269.80,0,0,0.0000
2250,11742.44,2356.96,0,0,0.0000
2251,11713.72,2257.86,0,0,0.0000
2252,11754.45,2001.31,0,0,0.0000
2253,12295.70,2197.49,0,0,0.0000
2254,11758.98,2101.25,0,0,0.0000
2255,12212.81,2079.84,0,0,0.0000
2256,11851.84,1936.31,0,0,0.0000
2257,12095.50,2342.79,0,0,0.0000
2258,11929.38,2073.60,0,0,0.0000
2259,12230.90,2418.15,0,0,0.0000
2260,12864.18,2183.09,4,8,2.0000
2261,13001.16,2415.76,NaN,NaN,NaN
2262,12851.53,1856.79,NaN,NaN,NaN
2263,12936.29,2216.83,0,0,0.0000
2264,13087.82,1817.10,2,6,3.0000
2265,13008.83,1821.60,NaN,NaN,NaN
2266,12757.98,1996.81,NaN,NaN,NaN
2267,12808.20,1676.85,NaN,NaN,NaN
2268,13057.88,2321.96,NaN,NaN,NaN
2269,13015.19,2083.56,0,0,0.0000
2270,13063.52,1676.31,NaN,NaN,NaN
2271,13075.72,2213.66,NaN,NaN,NaN
2272,12781.83,1922.83,NaN,NaN,NaN
2273,13155.31,2066.25,3,6,2.0000
2274,12486.20,2431.38,NaN,NaN,NaN
2275,12898.75,2030.84,NaN,NaN,NaN
2276,12778.98,2122.14,NaN,NaN,NaN
2277,13181.90,2374.84,NaN,NaN,NaN
2278,12828.72,2033.74,3,3,0.0000
2279,13038.78,1947.10,NaN,NaN,NaN
2280,13135.63,1998.66,2,5,2.5000
2281,12943.84,1735.19,NaN,NaN,NaN
2282,13077.88,2396.50,NaN,NaN,NaN
2283,12502.73,2374.57,NaN,NaN,NaN
2284,12945.93,1875.97,NaN,NaN,NaN
2285,12742.49,1703.05,NaN,NaN,NaN
2286,13131.38,1743.32,0,0,0.0000
2287,13158.03,2154.09,NaN,NaN,NaN
2288,12959.33,2073.47,NaN,NaN,NaN
2289,12902.38,1790.29,NaN,NaN,NaN
2290,12886.39,2364.03,0,0,0.0000
2291,12826.11,1766.11,NaN,NaN,NaN
2292,12872.41,2310.00,NaN,NaN,NaN
2293,12867.33,1947.03,NaN,NaN,NaN
2294,13113.98,1911.06,NaN,NaN,NaN
2295,13097.13,2150.58,2,4,2.0000
2296,13147.44,2279.10,NaN,NaN,NaN
2297,12887.58,1706.98,NaN,NaN,NaN
2298,12770.68,2187.00,NaN,NaN,NaN
2299,13027.59,1720.07,0,0,0.0000
2300,13065.99,1904.63,NaN,NaN,NaN
2301,13060.95,2131.04,NaN,NaN,NaN
2302,12989.41,1936.77,0,0,0.0000
2303,13012.87,2160.78,NaN,NaN,NaN
2304,12971.63,1959.75,0,0,0.0000
2305,13497.09,2076.72,NaN,NaN,NaN
2306,13369.49,2330.48,NaN,NaN,NaN
2307,13228.09,2097.59,0,0,0.0000
2308,13446.74,2299.99,NaN,NaN,NaN
2309,13185.18,2214.79,0,0,0.0000
2310,13234.73,2338.86,0,0,0.0000
2311,13362.01,2239.87,NaN,NaN,NaN
2312,13197.68,1724.88,NaN,NaN,NaN
2313,13484.63,2137.76,NaN,NaN,NaN
2314,13423.22,2209.90,6,11,0.0000
2315,13367.33,2420.31,0,0,0.0000
2316,13416.14,2408.58,0,0,0.0000
2317,13340.40,2194.88,0,0,0.0000
2318,13269.26,2291.35,NaN,NaN,NaN
2319,13488.94,2266.44,NaN,NaN,NaN
2320,13244.14,1777.11,0,0,0.0000
2321,13305.34,2035.86,NaN,NaN,NaN
2322,13452.68,1941.71,NaN,NaN,NaN
2323,13482.61,1971.74,NaN,NaN,NaN
2324,13947.08,2354.55,0,0,0.0000
2325,13478.67,2399.61,0,0,0.0000
2326,14630.35,1741.98,NaN,NaN,NaN
2327,14670.18,1889.80,NaN,NaN,NaN
2328,14566.09,1750.43,3,5,0.0000
2329,13972.12,2430.67,0,0,0.0000
2330,13995.93,2344.06,0,0,0.0000
2331,14310.30,2401.94,0,0,0.0000
2332,13969.87,2218.29,0,0,0.0000
2333,14001.88,2271.66,NaN,NaN,NaN
2334,14667.90,1672.31,0,0,0.0000
2335,14049.05,2388.40,0,0,0.0000
2336,14017.27,2225.43,0,0,0.0000
2337,14230.89,2397.82,0,0,0.0000
2338,14446.60,2166.54,NaN,NaN,NaN
2339,15481.26,1911.63,NaN,NaN,NaN
2340,15129.81,2380.81,NaN,NaN,NaN
2341,14857.66,1940.99,NaN,NaN,NaN
2342,15258.81,1984.43,NaN,NaN,NaN
2343,15464.35,2232.27,NaN,NaN,NaN
2344,14966.55,1773.76,0,0,0.0000
2345,15106.38,1886.21,NaN,NaN,NaN
2346,14766.13,1864.88,2,5,2.5000
2347,15222.63,1809.64,NaN,NaN,NaN
2348,14882.06,1714.25,NaN,NaN,NaN
2349,15241.19,2321.73,0,0,0.0000
2350,15368.48,2338.06,NaN,NaN,NaN
2351,15224.67,2387.42,NaN,NaN,NaN
2352,15311.89,2223.12,0,0,0.0000
2353,14976.56,2026.58,NaN,NaN,NaN
2354,15204.15,2043.71,NaN,NaN,NaN
2355,14989.83,2430.89,NaN,NaN,NaN
2356,14899.14,2209.12,0,0,0.0000
2357,14892.70,2047.23,NaN,NaN,NaN
2358,14881.03,2392.74,2,4,2.0000
2359,15004.13,2189.12,NaN,NaN,NaN
2360,15272.86,1686.52,2,3,0.0000
2361,15215.82,2200.36,0,0,0.0000
2362,15012.22,2325.92,NaN,NaN,NaN
2363,14945.19,2403.91,NaN,NaN,NaN
2364,14730.73,1757.54,NaN,NaN,NaN
2365,15043.48,2012.03,0,0,0.0000
2366,15050.59,1797.43,NaN,NaN,NaN
2367,15059.99,1696.23,2,4,2.0000
2368,14959.12,2114.12,0,0,0.0000
2369,15306.36,1907.12,NaN,NaN,NaN
2370,14821.37,1691.90,0,0,0.0000
2371,15319.62,1801.66,0,0,0.0000
2372,15469.73,2322.50,NaN,NaN,NaN
2373,15148.00,1970.02,0,0,0.0000
2374,15371.92,1996.98,0,0,0.0000
2375,15242.40,2154.57,NaN,NaN,NaN
2376,15305.01,1753.04,NaN,NaN,NaN
2377,15484.87,2116.29,NaN,NaN,NaN
2378,15072.32,2117.80,NaN,NaN,NaN
2379,14781.96,2391.03,NaN,NaN,NaN
2380,15148.51,2232.34,0,0,0.0000
2381,15326.63,2099.02,2,5,2.5000
2382,14794.32,2354.67,NaN,NaN,NaN
2383,14928.10,2290.16,NaN,NaN,NaN
2384,15115.23,2157.94,0,0,0.0000
2385,14888.90,2142.11,3,5,0.0000
2386,15057.93,2247.24,0,0,0.0000
2387,15291.96,2424.23,0,0,0.0000
2388,15084.44,2279.41,NaN,NaN,NaN
2389,15324.35,2008.95,0,0,0.0000
2390,15200.91,1703.55,2,2,0.0000
2391,15335.63,1723.78,2,4,2.0000
2392,15397.41,2119.45,0,0,0.0000
2393,14960.37,2213.66,0,0,0.0000
2394,15175.46,2112.18,0,0,0.0000
2395,15430.48,2022.22,0,0,0.0000
2396,15427.91,2029.88,0,0,0.0000
2397,15414.35,2051.64,0,0,0.0000
2398,16246.46,2423.28,0,0,0.0000
2399,15930.54,1933.11,NaN,NaN,NaN
2400,15600.35,2351.87,0,0,0.0000
2401,16057.16,1732.70,0,0,0.0000
2402,15900.35,2052.65,NaN,NaN,NaN
2403,15630.67,2086.32,2,6,3.0000
2404,15963.58,1843.56,NaN,NaN,NaN
2405,16178.95,1745.83,0,0,0.0000
2406,16239.27,2221.08,NaN,NaN,NaN
2407,15698.01,1719.78,NaN,NaN,NaN
2408,16063.93,2366.67,2,5,2.5000
2409,16137.54,2255.97,2,4,2.0000
2410,16034.16,2253.07,NaN,NaN,NaN
2411,16285.47,1778.26,0,0,0.0000
2412,15947.59,2417.34,NaN,NaN,NaN
2413,15616.00,1795.99,0,0,0.0000
2414,16216.90,1873.81,NaN,NaN,NaN
2415,15584.06,2239.55,NaN,NaN,NaN
2416,16124.28,1841.29,0,0,0.0000
2417,15798.28,2170.88,0,0,0.0000
2418,15766.74,2044.58,0,0,0.0000
2419,16208.27,1991.45,NaN,NaN,NaN
2420,16100.00,1895.12,0,0,0.0000
2421,15776.78,1818.92,2,3,0.0000
2422,15920.36,2212.59,NaN,NaN,NaN
2423,15929.86,2283.64,NaN,NaN,NaN
2424,15588.58,1985.53,NaN,NaN,NaN
2425,15854.39,2323.73,NaN,NaN,NaN
2426,16004.79,2021.54,2,4,2.0000
2427,15835.46,1897.92,0,0,0.0000
2428,15724.84,2309.93,NaN,NaN,NaN
2429,15720.50,2221.50,NaN,NaN,NaN
2430,15836.40,2249.02,NaN,NaN,NaN
2431,15934.23,1769.12,0,0,0.0000
2432,16084.09,2126.73,NaN,NaN,NaN
2433,15895.53,2379.89,0,0,0.0000
2434,16166.71,2372.42,0,0,0.0000
2435,16136.98,2023.07,0,0,0.0000
2436,15941.90,2147.50,3,4,0.0000
2437,15645.65,2000.56,0,0,0.0000
2438,15719.91,1832.56,0,0,0.0000
2439,15986.68,2308.84,0,0,0.0000
2440,15611.15,1913.35,NaN,NaN,NaN
2441,15723.44,2401.21,0,0,0.0000
2442,15859.82,2143.77,0,0,0.0000
2443,15993.11,1682.94,0,0,0.0000
2444,16342.67,2014.37,0,0,0.0000
2445,15620.77,1714.06,0,0,0.0000
2446,16083.64,2030.39,2,6,3.0000
2447,15802.78,2391.72,4,5,0.0000
2448,15833.41,1832.42,NaN,NaN,NaN
2449,15830.04,1959.96,0,0,0.0000
2450,15654.92,2242.18,0,0,0.0000
2451,16065.58,1924.67,2,7,3.5000
2452,15881.56,1875.50,0,0,0.0000
2453,15849.22,1804.06,NaN,NaN,NaN
2454,15800.77,2301.80,2,2,0.0000
2455,15513.37,1677.89,0,0,0.0000
2456,15511.31,1673.00,0,0,0.0000
2457,497.51,3151.28,6,6,0.0000
2458,554.60,3077.86,2,5,2.5000
2459,448.11,3055.10,NaN,NaN,NaN
2460,621.30,3168.70,0,0,0.0000
2461,408.07,2974.57,2,2,0.0000
2462,576.57,2956.55,2,4,2.0000
2463,625.42,3095.07,0,0,0.0000
2464,676.23,2775.75,NaN,NaN,NaN
2465,653.11,3030.92,0,0,0.0000
2466,373.03,3108.15,NaN,NaN,NaN
2467,480.73,2953.27,0,0,0.0000
2468,356.74,3170.53,NaN,NaN,NaN
2469,695.49,2935.13,0,0,0.0000
2470,614.85,2804.44,NaN,NaN,NaN
2471,559.16,3016.19,2,4,2.0000
2472,420.45,3161.76,4,6,0.0000
2473,566.72,2807.80,NaN,NaN,NaN
2474,307.50,3162.54,2,2,0.0000
2475,685.79,2835.74,NaN,NaN,NaN
2476,557.75,2843.30,NaN,NaN,NaN
2477,505.91,3013.17,NaN,NaN,NaN
2478,1258.01,3192.23,NaN,NaN,NaN
2479,1147.02,3056.93,NaN,NaN,NaN
2480,1141.23,3146.67,NaN,NaN,NaN
2481,1426.63,3028.87,2,5,2.5000
2482,1473.89,3199.49,0,0,0.0000
2483,1241.52,3037.49,NaN,NaN,NaN
2484,1401.97,3130.35,NaN,NaN,NaN
2485,1314.11,3101.23,3,5,0.0000
2486,1584.00,3121.93,2,2,0.0000
2487,1246.74,2916.56,NaN,NaN,NaN
2488,1323.98,2874.51,NaN,NaN,NaN
2489,1649.96,3180.14,0,0,0.0000
2490,1028.68,3111.65,2,2,0.0000
2491,1350.52,2994.40,NaN,NaN,NaN
2492,1154.02,2929.00,3,4,0.0000
2493,1032.72,3193.61,0,0,0.0000
2494,993.94,3067.22,2,5,2.5000
2495,1484.82,3100.86,NaN,NaN,NaN
2496,1388.74,2939.23,3,1,0.0000
2497,1246.55,2861.91,NaN,NaN,NaN
2498,963.06,2935.90,NaN,NaN,NaN
2499,942.11,3121.56,NaN,NaN,NaN
2500,972.33,2628.41,0,0,0.0000
2501,967.48,2706.84,0,0,0.0000
2502,1031.77,2703.26,2,2,0.0000
2503,1058.28,2667.94,NaN,NaN,NaN
2504,975.83,3004.90,NaN,NaN,NaN
2505,899.93,2607.92,NaN,NaN,NaN
2506,946.64,3045.45,2,2,0.0000
2507,1304.54,2979.60,NaN,NaN,NaN
2508,928.92,2640.55,0,0,0.0000
2509,977.65,3139.01,0,0,0.0000
2510,1178.23,2976.47,0,0,0.0000
2511,2370.12,2873.49,NaN,NaN,NaN
2512,2337.95,3045.94,NaN,NaN,NaN
2513,2417.09,3071.93,NaN,NaN,NaN
2514,2286.06,2506.78,NaN,NaN,NaN
2515,1677.50,3124.14,NaN,NaN,NaN
2516,2299.99,2802.82,NaN,NaN,NaN
2517,2201.40,2785.77,3,6,2.0000
2518,2242.89,2879.42,0,0,0.0000
2519,2090.92,2679.45,0,0,0.0000
2520,2199.13,2723.76,0,0,0.0000
2521,2209.56,2452.63,NaN,NaN,NaN
2522,2272.21,2762.25,NaN,NaN,NaN
2523,2194.07,2849.06,0,0,0.0000
2524,2413.83,3193.19,0,0,0.0000
2525,2124.81,2753.77,0,0,0.0000
2526,2369.21,3164.71,0,0,0.0000
2527,2352.92,2558.52,2,3,0.0000
2528,2367.28,2482.23,0,0,0.0000
2529,2397.14,2523.00,NaN,NaN,NaN
2530,2373.45,2575.95,NaN,NaN,NaN
2531,2650.63,3169.79,NaN,NaN,NaN
2532,3129.16,2967.55,4,5,0.0000
2533,3167.46,2692.69,NaN,NaN,NaN
2534,2444.08,2969.85,NaN,NaN,NaN
2535,2652.47,3024.00,NaN,NaN,NaN
2536,3059.20,2896.13,4,6,0.0000
2537,2444.65,2569.83,NaN,NaN,NaN
2538,2711.03,3060.91,0,0,0.0000
2539,2508.80,3048.70,3,4,0.0000
2540,2785.02,2920.84,NaN,NaN,NaN
2541,2761.16,2969.58,NaN,NaN,NaN
2542,2496.72,3187.88,2,2,0.0000
2543,2523.96,3125.21,NaN,NaN,NaN
2544,2454.09,3130.44,NaN,NaN,NaN
2545,2837.85,3090.95,NaN,NaN,NaN
2546,2682.32,2943.00,NaN,NaN,NaN
2547,2819.22,3015.49,NaN,NaN,NaN
2548,2826.97,3055.23,0,0,0.0000
2549,2815.98,2976.92,2,2,0.0000
2550,2547.66,3179.39,NaN,NaN,NaN
2551,2487.64,2620.01,0,0,0.0000
2552,3198.70,2631.24,0,0,0.0000
2553,3323.80,3099.92,0,0,0.0000
2554,3577.05,2926.99,5,5,0.0000
2555,3473.12,2764.62,NaN,NaN,NaN
2556,3547.50,3174.51,NaN,NaN,NaN
2557,3544.29,3048.66,0,0,0.0000
2558,3259.28,2601.79,0,0,0.0000
2559,3390.60,2865.14,NaN,NaN,NaN
2560,3336.17,2878.42,0,0,0.0000
2561,3314.61,3013.80,0,0,0.0000
2562,3617.98,3015.01,NaN,NaN,NaN
2563,3597.52,3159.41,0,0,0.0000
2564,3333.90,2628.03,2,3,0.0000
2565,3443.96,2932.40,2,3,0.0000
2566,3640.80,3059.79,0,0,0.0000
2567,3503.97,2884.04,NaN,NaN,NaN
2568,3240.33,2663.75,2,2,0.0000
2569,3309.77,2800.04,NaN,NaN,NaN
2570,3392.00,3041.66,NaN,NaN,NaN
2571,3261.69,2809.21,2,1,0.0000
2572,3384.80,2933.01,2,4,2.0000
2573,3469.59,3043.92,NaN,NaN,NaN
2574,3561.44,2819.57,0,0,0.0000
2575,3416.52,2989.41,NaN,NaN,NaN
2576,3453.34,2874.48,NaN,NaN,NaN
2577,3589.02,3106.69,2,3,0.0000
2578,3945.56,2540.12,2,2,0.0000
2579,3462.46,2680.68,0,0,0.0000
2580,4519.68,3126.99,2,0,0.0000
2581,4544.75,2527.72,2,6,3.0000
2582,4603.11,2799.85,NaN,NaN,NaN
2583,4401.50,3026.78,NaN,NaN,NaN
2584,4277.55,2529.72,NaN,NaN,NaN
2585,4137.24,2591.10,NaN,NaN,NaN
2586,4215.79,2792.83,0,0,0.0000
2587,4382.60,2907.84,3,2,0.0000
2588,4426.72,2747.33,NaN,NaN,NaN
2589,4496.83,2957.15,NaN,NaN,NaN
2590,4319.82,2823.30,NaN,NaN,NaN
2591,4300.36,2624.54,NaN,NaN,NaN
2592,4707.21,2874.15,NaN,NaN,NaN
2593,4422.18,3169.84,NaN,NaN,NaN
2594,4035.44,2475.96,2,5,2.5000
2595,4220.60,2621.89,0,0,0.0000
2596,4371.57,2816.72,0,0,0.0000
2597,4346.23,3070.82,NaN,NaN,NaN
2598,4143.92,2933.90,0,0,0.0000
2599,4255.88,3085.01,NaN,NaN,NaN
2600,4170.77,3038.78,NaN,NaN,NaN
2601,4267.53,2765.42,NaN,NaN,NaN
2602,4611.09,2583.34,NaN,NaN,NaN
2603,4437.58,2485.02,0,0,0.0000
2604,4263.83,2991.70,2,7,3.5000
2605,4134.20,2503.79,NaN,NaN,NaN
2606,4094.32,2440.46,2,5,2.5000
2607,4178.77,2869.03,0,0,0.0000
2608,4548.08,2858.63,NaN,NaN,NaN
2609,4558.56,3002.50,NaN,NaN,NaN
2610,4247.90,2896.61,NaN,NaN,NaN
2611,4356.69,2703.69,2,7,3.5000
2612,4298.81,2714.96,NaN,NaN,NaN
2613,4627.25,2902.64,0,0,0.0000
2614,4591.39,2717.82,2,5,2.5000
2615,4602.55,3170.95,2,5,2.5000
2616,4643.42,2993.98,NaN,NaN,NaN
2617,4565.42,2632.14,0,0,0.0000
2618,4597.11,2953.39,2,3,0.0000
2619,4377.68,2628.18,NaN,NaN,NaN
2620,4389.95,2541.40,0,0,0.0000
2621,4363.16,2471.79,NaN,NaN,NaN
2622,4041.07,2556.57,0,0,0.0000
2623,4428.12,2627.92,NaN,NaN,NaN
2624,4194.95,2928.54,2,6,3.0000
2625,4567.61,2902.74,NaN,NaN,NaN
2626,4506.54,2727.68,NaN,NaN,NaN
2627,4493.14,2451.83,3,7,2.3333
2628,4707.12,3144.82,NaN,NaN,NaN
2629,4173.75,2665.84,NaN,NaN,NaN
2630,4663.78,3044.81,NaN,NaN,NaN
2631,4722.03,3113.58,NaN,NaN,NaN
2632,4218.50,2712.89,0,0,0.0000
2633,4214.06,2471.51,NaN,NaN,NaN
2634,4440.86,2690.83,NaN,NaN,NaN
2635,4666.73,2740.32,2,6,3.0000
2636,4205.75,3141.17,2,5,2.5000
2637,4366.23,2497.91,NaN,NaN,NaN
2638,4511.25,3032.58,NaN,NaN,NaN
2639,4500.34,2775.99,0,0,0.0000
2640,4635.97,2676.90,0,0,0.0000
2641,4651.93,2952.75,NaN,NaN,NaN
2642,4606.71,3068.46,0,0,0.0000
2643,4457.91,2868.29,0,0,0.0000
2644,4447.86,2814.63,0,0,0.0000
2645,4160.63,2700.51,NaN,NaN,NaN
2646,4462.20,2597.60,0,0,0.0000
2647,4439.00,2543.02,0,0,0.0000
2648,5035.54,2462.08,2,0,0.0000
2649,5101.16,2640.04,2,3,0.0000
2650,5019.16,2712.26,2,4,2.0000
2651,4936.23,2466.84,4,4,0.0000
2652,5450.17,2630.00,NaN,NaN,NaN
2653,4909.60,2527.81,NaN,NaN,NaN
2654,4742.99,3077.57,NaN,NaN,NaN
2655,5500.95,2485.50,NaN,NaN,NaN
2656,4958.40,2608.63,NaN,NaN,NaN
2657,4970.94,2533.89,NaN,NaN,NaN
2658,5455.51,2535.05,2,4,2.0000
2659,5408.60,2450.26,3,5,0.0000
2660,5393.67,2598.26,NaN,NaN,NaN
2661,4796.80,3154.83,NaN,NaN,NaN
2662,5418.76,2676.97,NaN,NaN,NaN
2663,5135.96,2733.32,0,0,0.0000
2664,5472.18,2581.30,NaN,NaN,NaN
2665,4851.26,2510.07,2,4,2.0000
2666,5465.98,2451.60,NaN,NaN,NaN
2667,5121.75,2764.92,2,4,2.0000
2668,5010.68,2550.96,0,0,0.0000
2669,4957.02,2675.47,0,0,0.0000
2670,5060.36,2572.57,0,0,0.0000
2671,5026.92,2595.54,NaN,NaN,NaN
2672,5058.16,2766.94,0,0,0.0000
2673,4796.52,2503.27,0,0,0.0000
2674,4743.53,2956.06,2,2,0.0000
2675,5412.81,2515.58,NaN,NaN,NaN
2676,4861.89,2448.68,2,3,0.0000
2677,4781.30,3090.36,3,1,0.0000
2678,4918.99,2587.42,NaN,NaN,NaN
2679,6163.55,2841.46,NaN,NaN,NaN
2680,6044.12,2776.94,0,0,0.0000
2681,6058.77,2689.56,NaN,NaN,NaN
2682,5860.08,2879.35,0,0,0.0000
2683,5948.24,2978.32,2,3,0.0000
2684,6095.26,3025.04,NaN,NaN,NaN
2685,6237.68,2766.41,0,0,0.0000
2686,5812.35,2621.39,NaN,NaN,NaN
2687,5726.39,2718.65,NaN,NaN,NaN
2688,5927.05,2577.71,NaN,NaN,NaN
2689,5789.84,2827.10,0,0,0.0000
2690,6156.85,2959.18,0,0,0.0000
2691,5755.33,2663.46,NaN,NaN,NaN
2692,5878.87,2978.62,NaN,NaN,NaN
2693,5655.36,2712.35,0,0,0.0000
2694,5669.97,2494.73,0,0,0.0000
2695,5756.28,2785.79,0,0,0.0000
2696,5934.47,3169.43,0,0,0.0000
2697,5988.56,3108.47,NaN,NaN,NaN
2698,6145.04,3055.77,0,0,0.0000
2699,5807.61,2716.03,0,0,0.0000
2700,6038.33,3100.35,NaN,NaN,NaN
2701,6059.63,2927.86,0,0,0.0000
2702,5773.06,2480.94,NaN,NaN,NaN
2703,5550.79,2445.54,0,0,0.0000
2704,5644.43,2450.28,0,0,0.0000
2705,5544.81,2524.37,0,0,0.0000
2706,5702.17,2622.85,0,0,0.0000
2707,6023.76,2982.01,2,4,2.0000
2708,6181.29,3169.84,0,0,0.0000
2709,6073.96,2488.50,0,0,0.0000
2710,5980.04,2503.58,0,0,0.0000
2711,5945.92,3087.65,NaN,NaN,NaN
2712,6259.40,2985.04,NaN,NaN,NaN
2713,5893.27,2493.26,0,0,0.0000
2714,6215.46,3114.63,2,4,2.0000
2715,5520.06,2634.51,0,0,0.0000
2716,5894.59,3092.11,0,0,0.0000
2717,5990.00,3185.30,3,4,0.0000
2718,6029.03,2925.96,0,0,0.0000
2719,6118.41,3196.23,0,0,0.0000
2720,6165.89,2556.33,3,6,2.0000
2721,5907.26,2953.84,0,0,0.0000
2722,5517.53,2573.15,NaN,NaN,NaN
2723,6078.72,2578.69,0,0,0.0000
2724,6233.22,2536.51,NaN,NaN,NaN
2725,5998.40,3019.25,NaN,NaN,NaN
2726,6124.62,2733.29,0,0,0.0000
2727,6101.81,2896.72,0,0,0.0000
2728,6189.20,3023.93,NaN,NaN,NaN
2729,5588.44,2479.58,0,0,0.0000
2730,5550.52,2687.18,NaN,NaN,NaN
2731,5915.36,2879.66,NaN,NaN,NaN
2732,6186.36,2925.34,0,0,0.0000
2733,5946.99,2801.06,0,0,0.0000
2734,6227.93,3188.79,0,0,0.0000
2735,6168.23,2698.81,0,0,0.0000
2736,5896.40,3189.56,NaN,NaN,NaN
2737,6680.87,2566.77,NaN,NaN,NaN
2738,6481.02,3103.41,0,0,0.0000
2739,6912.14,2949.10,0,0,0.0000
2740,6930.04,2706.71,3,3,0.0000
2741,6839.87,2633.45,NaN,NaN,NaN
2742,7028.36,2915.81,2,5,2.5000
2743,6910.09,3158.66,NaN,NaN,NaN
2744,6671.06,2889.85,3,7,2.3333
2745,6384.35,2602.39,0,0,0.0000
2746,6719.54,3135.21,NaN,NaN,NaN
2747,6304.98,3156.98,NaN,NaN,NaN
2748,7009.03,3168.84,2,3,0.0000
2749,6787.08,2864.12,3,4,0.0000
2750,6324.50,2877.52,NaN,NaN,NaN
2751,6724.01,2997.79,NaN,NaN,NaN
2752,6969.35,3026.64,0,0,0.0000
2753,6822.58,3000.87,0,0,0.0000
2754,6399.18,3135.58,0,0,0.0000
2755,6567.96,2897.55,NaN,NaN,NaN
2756,6608.16,3129.25,NaN,NaN,NaN
2757,6695.60,2763.77,NaN,NaN,NaN
2758,6813.89,2791.44,0,0,0.0000
2759,6578.68,3046.97,0,0,0.0000
2760,6827.01,3152.93,0,0,0.0000
2761,6385.48,2935.76,NaN,NaN,NaN
2762,6474.98,2634.38,0,0,0.0000
2763,6477.03,2845.64,2,3,0.0000
2764,6944.16,2540.46,2,5,2.5000
2765,6461.16,2716.14,NaN,NaN,NaN
2766,6859.44,2838.07,NaN,NaN,NaN
2767,6758.75,2757.88,2,5,2.5000
2768,6526.38,2597.78,0,0,0.0000
2769,6288.86,2825.88,3,4,0.0000
2770,6286.75,3066.35,2,2,0.0000
2771,6577.14,2703.37,NaN,NaN,NaN
2772,6808.85,3076.01,2,4,2.0000
2773,6557.07,2965.80,0,0,0.0000
2774,6846.92,2504.83,NaN,NaN,NaN
2775,6516.60,2701.23,NaN,NaN,NaN
2776,6978.87,2490.94,NaN,NaN,NaN
2777,7036.60,3106.94,0,0,0.0000
2778,6723.58,2630.62,0,0,0.0000
2779,6758.34,3048.60,NaN,NaN,NaN
2780,6410.26,3033.81,NaN,NaN,NaN
2781,6584.41,2653.46,0,0,0.0000
2782,6341.50,2748.14,0,0,0.0000
2783,6512.07,2770.49,2,5,2.5000
2784,6380.14,2722.69,0,0,0.0000
2785,6345.33,2985.63,NaN,NaN,NaN
2786,6945.91,2817.75,0,0,0.0000
2787,6385.28,2794.21,0,0,0.0000
2788,6852.19,3082.11,NaN,NaN,NaN
2789,6795.61,2924.68,0,0,0.0000
2790,6981.53,3102.65,0,0,0.0000
2791,6938.55,3085.17,0,0,0.0000
2792,7335.56,2568.04,0,0,0.0000
2793,7782.95,2753.04,NaN,NaN,NaN
2794,7139.83,2928.32,0,0,0.0000
2795,7110.95,2811.63,3,8,2.6667
2796,7593.67,2814.58,NaN,NaN,NaN
2797,7490.55,2510.94,2,6,3.0000
2798,7499.04,3043.49,NaN,NaN,NaN
2799,7137.55,2644.10,NaN,NaN,NaN
2800,7649.49,3027.42,NaN,NaN,NaN
2801,7355.27,2864.29,2,4,2.0000
2802,7624.99,2569.58,NaN,NaN,NaN
2803,7199.18,3083.25,NaN,NaN,NaN
2804,7752.20,2585.95,0,0,0.0000
2805,7161.09,2503.86,NaN,NaN,NaN
2806,7047.19,3014.46,0,0,0.0000
2807,7462.46,2917.42,NaN,NaN,NaN
2808,7290.42,2871.14,2,5,2.5000
2809,7589.71,2472.18,0,0,0.0000
2810,7348.56,2959.40,NaN,NaN,NaN
2811,7163.50,3177.31,0,0,0.0000
2812,7525.90,2653.92,2,3,0.0000
2813,7358.76,2471.64,NaN,NaN,NaN
2814,7711.82,2664.95,0,0,0.0000
2815,7467.79,2727.74,NaN,NaN,NaN
2816,7493.36,2862.94,NaN,NaN,NaN
2817,7651.45,2485.62,3,4,0.0000
2818,7527.79,3183.84,0,0,0.0000
2819,7202.90,2575.87,NaN,NaN,NaN
2820,7103.27,3077.94,2,3,0.0000
2821,7079.38,3167.10,NaN,NaN,NaN
2822,7276.03,2985.55,0,0,0.0000
2823,7095.91,2454.54,NaN,NaN,NaN
2824,7666.10,2753.10,NaN,NaN,NaN
2825,7228.24,2840.16,NaN,NaN,NaN
2826,7071.00,2593.90,NaN,NaN,NaN
2827,7315.76,3082.70,NaN,NaN,NaN
2828,7548.95,3095.61,0,0,0.0000
2829,7632.57,2725.23,NaN,NaN,NaN
2830,7596.22,2662.30,2,6,3.0000
2831,7233.32,2927.76,0,0,0.0000
2832,7064.81,2505.08,NaN,NaN,NaN
2833,7577.84,3036.27,0,0,0.0000
2834,7686.71,2979.77,NaN,NaN,NaN
2835,7709.89,2513.56,0,0,0.0000
2836,7422.92,2987.49,0,0,0.0000
2837,7062.31,2544.84,4,5,0.0000
2838,7456.10,2662.82,NaN,NaN,NaN
2839,7203.27,2746.34,NaN,NaN,NaN
2840,7565.81,3141.18,NaN,NaN,NaN
2841,7575.60,2923.76,NaN,NaN,NaN
2842,7176.73,3007.07,0,0,0.0000
2843,7304.67,2446.85,NaN,NaN,NaN
2844,7321.86,3035.16,NaN,NaN,NaN
2845,7226.42,2792.52,NaN,NaN,NaN
2846,7393.65,3051.90,NaN,NaN,NaN
2847,7139.91,3100.28,NaN,NaN,NaN
2848,7716.50,2445.33,0,0,0.0000
2849,7691.28,2721.86,NaN,NaN,NaN
2850,7675.21,2841.11,0,0,0.0000
2851,7748.25,2997.79,0,0,0.0000
2852,7748.93,2496.06,0,0,0.0000
2853,7127.99,3021.66,0,0,0.0000
2854,7178.86,2542.46,NaN,NaN,NaN
2855,7125.96,3135.71,0,0,0.0000
2856,7894.32,2527.82,0,0,0.0000
2857,7838.42,2604.84,NaN,NaN,NaN
2858,7881.16,2442.05,NaN,NaN,NaN
2859,7929.96,2586.29,0,0,0.0000
2860,9335.09,2967.23,NaN,NaN,NaN
2861,10003.09,3186.18,2,6,3.0000
2862,9997.55,3091.15,NaN,NaN,NaN
2863,10090.01,2715.99,NaN,NaN,NaN
2864,10107.38,2812.62,2,3,0.0000
2865,10055.94,2649.33,3,8,2.6667
2866,10072.08,3157.66,NaN,NaN,NaN
2867,9982.66,2727.06,NaN,NaN,NaN
2868,10040.14,2999.64,NaN,NaN,NaN
2869,9449.87,3113.64,NaN,NaN,NaN
2870,9372.89,3041.55,0,0,0.0000
2871,9465.81,2886.36,NaN,NaN,NaN
2872,9495.50,3192.03,NaN,NaN,NaN
2873,9443.91,3039.15,0,0,0.0000
2874,9480.42,3001.79,NaN,NaN,NaN
2875,9944.24,3007.20,NaN,NaN,NaN
2876,9430.51,2962.49,NaN,NaN,NaN
2877,10108.79,3093.92,NaN,NaN,NaN
2878,9970.14,2823.40,0,0,0.0000
2879,9895.18,3098.46,NaN,NaN,NaN
2880,9989.09,2927.94,0,0,0.0000
2881,9529.54,3104.49,2,1,0.0000
2882,9504.81,3131.43,NaN,NaN,NaN
2883,9370.45,2885.96,0,0,0.0000
2884,9441.50,3177.92,NaN,NaN,NaN
2885,9383.21,2926.05,0,0,0.0000
2886,9932.37,2817.94,0,0,0.0000
2887,10548.51,2495.63,NaN,NaN,NaN
2888,10469.65,2811.26,3,5,0.0000
2889,10625.10,3161.26,NaN,NaN,NaN
2890,10607.40,2626.52,0,0,0.0000
2891,10178.90,2920.09,2,5,2.5000
2892,10430.17,2707.95,0,0,0.0000
2893,10657.20,3000.53,NaN,NaN,NaN
2894,10664.90,3079.76,0,0,0.0000
2895,10821.04,3089.97,2,6,3.0000
2896,10221.20,2708.98,0,0,0.0000
2897,10288.08,2952.27,NaN,NaN,NaN
2898,10554.74,2861.88,NaN,NaN,NaN
2899,10473.20,3131.35,NaN,NaN,NaN
2900,10240.48,2603.33,NaN,NaN,NaN
2901,10728.43,3164.08,NaN,NaN,NaN
2902,10284.88,2534.93,3,9,3.0000
2903,10472.24,2618.05,2,2,0.0000
2904,10834.00,2826.59,NaN,NaN,NaN
2905,10737.37,2986.78,3,7,2.3333
2906,10359.54,2758.09,2,4,2.0000
2907,10287.09,3187.41,NaN,NaN,NaN
2908,10493.46,2946.28,3,4,0.0000
2909,10304.91,2819.71,NaN,NaN,NaN
2910,10876.35,3018.67,3,6,2.0000
2911,10403.33,2621.17,0,0,0.0000
2912,10262.30,3072.29,2,3,0.0000
2913,10351.72,2587.76,0,0,0.0000
2914,10665.21,2730.24,0,0,0.0000
2915,10550.77,3034.86,2,6,3.0000
2916,10457.49,3050.21,NaN,NaN,NaN
2917,10237.55,2843.94,NaN,NaN,NaN
2918,10114.06,3006.53,2,5,2.5000
2919,10759.87,3085.71,NaN,NaN,NaN
2920,10361.82,2973.80,0,0,0.0000
2921,10323.44,3096.31,NaN,NaN,NaN
2922,10168.05,2560.48,3,5,0.0000
2923,10264.75,2435.72,2,4,2.0000
2924,10505.45,2715.84,0,0,0.0000
2925,10656.18,2855.14,NaN,NaN,NaN
2926,10421.10,2949.29,0,0,0.0000
2927,10763.96,2726.27,NaN,NaN,NaN
2928,10113.86,2528.87,NaN,NaN,NaN
2929,10842.38,2741.96,2,5,2.5000
2930,10349.03,2442.30,NaN,NaN,NaN
2931,10776.14,2962.15,3,4,0.0000
2932,10124.50,2631.73,0,0,0.0000
2933,10300.63,2686.06,2,3,0.0000
2934,10462.45,2893.90,0,0,0.0000
2935,10232.03,3024.74,0,0,0.0000
2936,10174.73,2791.55,0,0,0.0000
2937,10470.84,3195.73,0,0,0.0000
2938,10223.84,3144.66,NaN,NaN,NaN
2939,10593.86,2962.19,0,0,0.0000
2940,10369.65,3160.29,2,2,0.0000
2941,10510.39,3091.26,3,9,3.0000
2942,10324.03,2876.95,NaN,NaN,NaN
2943,10488.70,3014.82,2,9,4.5000
2944,11588.92,3177.23,NaN,NaN,NaN
2945,11597.87,2458.34,NaN,NaN,NaN
2946,10915.44,2975.39,0,0,0.0000
2947,11638.26,2530.77,0,0,0.0000
2948,10940.89,3084.07,0,0,0.0000
2949,10901.15,3113.56,NaN,NaN,NaN
2950,11624.75,3071.90,0,0,0.0000
2951,10915.92,2769.49,2,2,0.0000
2952,10883.35,3190.45,NaN,NaN,NaN
2953,10989.76,3069.27,NaN,NaN,NaN
2954,10889.62,2630.72,0,0,0.0000
2955,11788.82,2672.36,NaN,NaN,NaN
2956,11947.52,2697.92,0,0,0.0000
2957,12184.18,2816.31,2,7,3.5000
2958,12359.02,2936.95,0,0,0.0000
2959,12018.04,2442.87,0,0,0.0000
2960,12042.49,3054.34,NaN,NaN,NaN
2961,12224.71,2499.07,0,0,0.0000
2962,11744.62,3056.76,NaN,NaN,NaN
2963,11813.61,2788.31,0,0,0.0000
2964,11727.40,2890.35,0,0,0.0000
2965,11778.49,2436.85,NaN,NaN,NaN
2966,12124.20,2658.19,2,3,0.0000
2967,11658.88,3158.81,NaN,NaN,NaN
2968,12341.82,2752.17,NaN,NaN,NaN
2969,11722.99,2736.62,0,0,0.0000
2970,12007.92,2535.81,NaN,NaN,NaN
2971,12254.66,3024.61,2,5,2.5000
2972,12023.00,2772.36,NaN,NaN,NaN
2973,12407.88,3040.48,0,0,0.0000
2974,11719.75,2556.19,NaN,NaN,NaN
2975,11984.04,2857.19,NaN,NaN,NaN
2976,12260.89,2760.41,NaN,NaN,NaN
2977,12149.86,2961.85,NaN,NaN,NaN
2978,11916.73,2488.38,NaN,NaN,NaN
2979,11890.24,2589.55,0,0,0.0000
2980,12359.26,2481.06,NaN,NaN,NaN
2981,11813.48,2943.16,NaN,NaN,NaN
2982,11893.50,2994.19,NaN,NaN,NaN
2983,12327.15,3037.26,0,0,0.0000
2984,12158.43,3123.21,0,0,0.0000
2985,12081.09,3110.08,NaN,NaN,NaN
2986,11735.41,2990.92,0,0,0.0000
2987,12349.81,3133.82,0,0,0.0000
2988,12242.87,3104.32,0,0,0.0000
2989,12199.24,2925.74,NaN,NaN,NaN
2990,11878.28,2920.86,0,0,0.0000
2991,11692.27,2473.13,NaN,NaN,NaN
2992,12365.64,2684.00,0,0,0.0000
2993,12063.74,2874.41,2,3,0.0000
2994,11873.62,3099.47,2,3,0.0000
2995,11733.58,2820.16,0,0,0.0000
2996,11988.08,3008.35,0,0,0.0000
2997,12129.29,2522.92,NaN,NaN,NaN
2998,12257.87,2590.18,NaN,NaN,NaN
2999,12375.33,2530.24,0,0,0.0000
3000,11931.23,3047.54,NaN,NaN,NaN
3001,11898.53,3154.38,0,0,0.0000
3002,12004.09,3190.84,0,0,0.0000
3003,11678.96,2768.32,0,0,0.0000
3004,12036.04,2613.43,NaN,NaN,NaN
3005,11978.37,2908.80,NaN,NaN,NaN
3006,11781.42,2598.93,0,0,0.0000
3007,12073.20,2939.73,0,0,0.0000
3008,12266.67,2915.22,NaN,NaN,NaN
3009,11873.26,2858.95,0,0,0.0000
3010,12305.94,2831.56,NaN,NaN,NaN
3011,11964.80,3086.97,NaN,NaN,NaN
3012,12008.72,2951.89,NaN,NaN,NaN
3013,11815.04,3123.71,NaN,NaN,NaN
3014,11795.43,2532.27,0,0,0.0000
3015,11850.00,2535.50,0,0,0.0000
3016,12078.94,3198.11,0,0,0.0000
3017,12310.18,2650.02,NaN,NaN,NaN
3018,12090.39,2984.76,NaN,NaN,NaN
3019,11960.89,3140.82,3,6,2.0000
3020,12198.58,3019.26,NaN,NaN,NaN
3021,11837.46,3040.46,NaN,NaN,NaN
3022,12373.83,2611.58,0,0,0.0000
3023,11763.69,3171.61,2,6,3.0000
3024,11892.50,2797.75,NaN,NaN,NaN
3025,11921.79,2879.50,0,0,0.0000
3026,11920.54,2797.65,2,4,2.0000
3027,11976.09,2591.54,0,0,0.0000
3028,12322.05,2574.56,3,7,2.3333
3029,12362.37,3199.74,0,0,0.0000
3030,12156.28,3050.87,0,0,0.0000
3031,12228.98,3131.43,0,0,0.0000
3032,12195.48,2684.15,NaN,NaN,NaN
3033,12063.10,2652.68,0,0,0.0000
3034,12091.86,2799.60,0,0,0.0000
3035,11757.15,3115.68,0,0,0.0000
3036,12170.90,2582.94,NaN,NaN,NaN
3037,11705.92,2624.26,NaN,NaN,NaN
3038,12262.65,3169.41,2,8,4.0000
3039,12337.89,2605.30,NaN,NaN,NaN
3040,12212.24,2613.07,NaN,NaN,NaN
3041,12444.04,3153.66,NaN,NaN,NaN
3042,12480.29,2821.23,NaN,NaN,NaN
3043,12903.09,2456.89,NaN,NaN,NaN
3044,13102.15,2580.01,0,0,0.0000
3045,12418.88,2863.19,NaN,NaN,NaN
3046,12532.15,3188.47,NaN,NaN,NaN
3047,12592.53,3194.60,0,0,0.0000
3048,12961.44,2580.21,0,0,0.0000
3049,12478.32,2962.01,NaN,NaN,NaN
3050,12564.63,2953.02,0,0,0.0000
3051,12478.62,2661.68,0,0,0.0000
3052,12537.88,3034.96,0,0,0.0000
3053,12441.14,2585.66,NaN,NaN,NaN
3054,13116.78,2451.54,NaN,NaN,NaN
3055,12607.71,3047.99,NaN,NaN,NaN
3056,13101.99,2736.88,NaN,NaN,NaN
3057,13151.82,2516.32,0,0,0.0000
3058,13000.37,2530.46,0,0,0.0000
3059,12597.15,2908.41,0,0,0.0000
3060,12485.06,3056.48,0,0,0.0000
3061,12419.94,2658.68,0,0,0.0000
3062,12540.78,3108.38,NaN,NaN,NaN
3063,13142.57,2672.56,2,1,0.0000
3064,13032.55,2661.38,0,0,0.0000
3065,12688.60,3094.12,3,9,3.0000
3066,12457.74,2523.88,0,0,0.0000
3067,12421.91,2436.24,0,0,0.0000
3068,13094.26,2659.21,0,0,0.0000
3069,12672.03,3034.80,NaN,NaN,NaN
3070,13019.00,2600.04,0,0,0.0000
3071,12642.75,2991.13,0,0,0.0000
3072,12722.52,3184.20,3,5,0.0000
3073,13036.40,2707.20,NaN,NaN,NaN
3074,13454.37,2475.47,NaN,NaN,NaN
3075,13440.66,2569.97,NaN,NaN,NaN
3076,13213.54,2437.80,0,0,0.0000
3077,13361.92,2531.04,NaN,NaN,NaN
3078,13208.37,2486.42,NaN,NaN,NaN
3079,13447.71,2765.55,NaN,NaN,NaN
3080,13285.03,2444.79,NaN,NaN,NaN
3081,13394.78,2626.69,0,0,0.0000
3082,13542.50,2711.35,NaN,NaN,NaN
3083,13380.52,2488.47,NaN,NaN,NaN
3084,13459.71,2633.64,0,0,0.0000
3085,13417.88,2897.76,2,2,0.0000
3086,13399.67,2699.73,2,2,0.0000
3087,13331.96,2464.13,NaN,NaN,NaN
3088,13479.66,2709.98,0,0,0.0000
3089,14661.13,2691.90,2,6,3.0000
3090,14333.36,2508.18,0,0,0.0000
3091,14124.26,2727.21,NaN,NaN,NaN
3092,14001.08,2715.10,NaN,NaN,NaN
3093,14443.30,3142.34,4,5,0.0000
3094,14672.37,2960.86,0,0,0.0000
3095,14589.01,3090.38,NaN,NaN,NaN
3096,14658.20,3051.10,0,0,0.0000
3097,14713.92,3121.11,NaN,NaN,NaN
3098,14059.76,2608.69,2,6,3.0000
3099,14272.76,2626.06,NaN,NaN,NaN
3100,14579.41,2961.18,NaN,NaN,NaN
3101,14051.86,2478.08,0,0,0.0000
3102,14539.92,2920.12,NaN,NaN,NaN
3103,14218.89,2802.18,2,7,3.5000
3104,14013.70,2548.21,NaN,NaN,NaN
3105,14327.18,2751.98,NaN,NaN,NaN
3106,14203.27,2506.15,2,5,2.5000
3107,14590.63,2787.22,NaN,NaN,NaN
3108,14412.38,2540.52,0,0,0.0000
3109,14152.78,2870.60,NaN,NaN,NaN
3110,14492.87,3192.66,NaN,NaN,NaN
3111,14110.43,2896.48,NaN,NaN,NaN
3112,14172.77,2822.25,NaN,NaN,NaN
3113,14325.06,2581.74,0,0,0.0000
3114,14258.89,2545.20,0,0,0.0000
3115,14016.84,2625.73,2,3,0.0000
3116,14341.12,2640.95,0,0,0.0000
3117,14290.43,2453.34,0,0,0.0000
3118,14180.93,2911.39,NaN,NaN,NaN
3119,14293.82,2829.39,NaN,NaN,NaN
3120,14368.86,2704.06,0,0,0.0000
3121,14144.85,2936.94,NaN,NaN,NaN
3122,14650.02,2576.19,0,0,0.0000
3123,14402.65,2499.39,2,3,0.0000
3124,14152.17,2490.82,0,0,0.0000
3125,14294.96,2683.51,NaN,NaN,NaN
3126,15210.68,2816.04,2,4,2.0000
3127,15058.13,2726.07,NaN,NaN,NaN
3128,15175.54,2668.34,4,6,0.0000
3129,15117.06,2882.34,0,0,0.0000
3130,14982.83,2542.75,NaN,NaN,NaN
3131,14893.96,2649.68,NaN,NaN,NaN
3132,14854.76,3057.00,NaN,NaN,NaN
3133,14824.04,3165.32,0,0,0.0000
3134,15349.15,2474.69,NaN,NaN,NaN
3135,14723.90,2498.25,NaN,NaN,NaN
3136,14721.48,2866.35,NaN,NaN,NaN
3137,14989.71,2905.45,NaN,NaN,NaN
3138,15184.54,2523.62,0,0,0.0000
3139,14802.90,2649.56,NaN,NaN,NaN
3140,14998.24,2990.58,NaN,NaN,NaN
3141,15029.91,2500.95,2,2,0.0000
3142,15228.61,2717.66,2,4,2.0000
3143,15084.41,2510.81,NaN,NaN,NaN
3144,15031.00,3198.50,0,0,0.0000
3145,15191.68,2584.74,0,0,0.0000
3146,15284.73,2539.26,NaN,NaN,NaN
3147,14963.22,2627.17,4,5,0.0000
3148,14951.11,3127.40,NaN,NaN,NaN
3149,14773.97,2965.69,0,0,0.0000
3150,14743.52,3054.97,0,0,0.0000
3151,15045.01,3028.62,2,6,3.0000
3152,15162.54,2973.01,NaN,NaN,NaN
3153,15116.38,2618.61,0,0,0.0000
3154,15301.30,2743.97,NaN,NaN,NaN
3155,14859.01,2707.72,2,1,0.0000
3156,15108.10,3016.01,2,4,2.0000
3157,15249.37,2972.41,NaN,NaN,NaN
3158,14740.89,2574.64,NaN,NaN,NaN
3159,15046.51,2860.20,NaN,NaN,NaN
3160,14867.22,2493.27,NaN,NaN,NaN
3161,14965.31,3043.27,4,8,2.0000
3162,15163.86,3033.89,NaN,NaN,NaN
3163,15036.97,3110.40,0,0,0.0000
3164,15099.53,3088.54,0,0,0.0000
3165,14923.55,2902.87,0,0,0.0000
3166,14822.60,2899.76,NaN,NaN,NaN
3167,15022.74,2798.26,NaN,NaN,NaN
3168,15321.98,2688.76,0,0,0.0000
3169,14914.18,3179.57,NaN,NaN,NaN
3170,14954.54,2719.05,NaN,NaN,NaN
3171,14934.10,2583.01,0,0,0.0000
3172,14852.78,2529.73,0,0,0.0000
3173,15137.18,3069.91,0,0,0.0000
3174,14899.21,2752.99,NaN,NaN,NaN
3175,14967.52,2796.64,0,0,0.0000
3176,15215.14,2942.01,NaN,NaN,NaN
3177,15242.17,2895.22,NaN,NaN,NaN
3178,15168.84,3184.34,0,0,0.0000
3179,14963.37,3085.64,NaN,NaN,NaN
3180,15079.29,2959.80,NaN,NaN,NaN
3181,14934.89,2848.79,0,0,0.0000
3182,15080.90,3125.06,0,0,0.0000
3183,15057.42,2603.37,0,0,0.0000
3184,15123.54,2746.93,2,4,2.0000
3185,14981.90,2750.24,NaN,NaN,NaN
3186,14886.22,2814.10,NaN,NaN,NaN
3187,16132.29,2555.27,0,0,0.0000
3188,15755.02,2843.11,NaN,NaN,NaN
3189,15988.10,2789.25,NaN,NaN,NaN
3190,15799.07,2475.17,NaN,NaN,NaN
3191,15873.77,2942.24,NaN,NaN,NaN
3192,16094.63,2755.50,0,0,0.0000
3193,16299.72,2921.21,NaN,NaN,NaN
3194,16056.38,2887.13,NaN,NaN,NaN
3195,15832.23,3157.60,NaN,NaN,NaN
3196,15997.62,3060.33,NaN,NaN,NaN
3197,16209.61,2670.91,NaN,NaN,NaN
3198,15918.77,2864.11,NaN,NaN,NaN
3199,16172.21,2862.52,NaN,NaN,NaN
3200,16286.36,3048.21,2,3,0.0000
3201,16007.59,2581.37,0,0,0.0000
3202,16070.98,3106.53,NaN,NaN,NaN
3203,15837.76,2563.65,NaN,NaN,NaN
3204,15921.17,2540.38,NaN,NaN,NaN
3205,16134.72,3025.03,NaN,NaN,NaN
3206,15987.54,2493.52,0,0,0.0000
3207,16091.55,2661.47,0,0,0.0000
3208,15948.79,2713.06,NaN,NaN,NaN
3209,15699.55,2728.55,NaN,NaN,NaN
3210,16233.13,3102.03,NaN,NaN,NaN
3211,15540.43,2773.88,0,0,0.0000
3212,15761.13,3014.89,NaN,NaN,NaN
3213,15662.72,2444.78,0,0,0.0000
3214,16337.61,2790.44,0,0,0.0000
3215,16299.61,3123.96,0,0,0.0000
3216,15853.74,3070.62,NaN,NaN,NaN
3217,16194.43,3073.39,NaN,NaN,NaN
3218,16354.73,2612.49,0,0,0.0000
3219,15549.06,2663.61,0,0,0.0000
3220,15902.95,3028.53,3,4,0.0000
3221,15901.33,3111.21,3,5,0.0000
3222,16323.69,2725.10,0,0,0.0000
3223,16212.10,3004.69,2,4,2.0000
3224,15963.05,3147.22,0,0,0.0000
3225,16245.50,3168.35,3,7,2.3333
3226,15819.54,3000.59,NaN,NaN,NaN
3227,15597.89,2474.20,0,0,0.0000
3228,15878.95,2745.45,3,3,0.0000
3229,15551.14,2459.51,0,0,0.0000
3230,16194.55,3192.16,NaN,NaN,NaN
3231,16239.65,2907.44,0,0,0.0000
3232,15899.92,2606.93,2,4,2.0000
3233,16192.63,2934.30,0,0,0.0000
3234,15625.97,2565.12,0,0,0.0000
3235,15775.01,2576.98,NaN,NaN,NaN
3236,15732.22,2574.96,NaN,NaN,NaN
3237,15921.95,3195.94,0,0,0.0000
3238,15750.07,2652.38,2,2,0.0000
3239,15855.59,2660.85,NaN,NaN,NaN
3240,15564.47,2567.52,0,0,0.0000
3241,16029.96,2654.25,0,0,0.0000
3242,15627.72,2522.69,0,0,0.0000
3243,16048.22,2459.92,0,0,0.0000
3244,16149.74,2807.99,NaN,NaN,NaN
3245,16172.77,3149.69,2,6,3.0000
3246,15964.74,2629.11,NaN,NaN,NaN
3247,16239.68,2572.98,0,0,0.0000
3248,16130.65,3085.18,NaN,NaN,NaN
3249,16289.70,2612.47,0,0,0.0000
3250,16341.12,3028.59,NaN,NaN,NaN
3251,15680.70,2676.63,2,0,0.0000
3252,15818.93,2678.24,NaN,NaN,NaN
3253,16333.89,2670.45,0,0,0.0000
3254,16248.57,2852.33,NaN,NaN,NaN
3255,523.96,3453.55,NaN,NaN,NaN
3256,788.76,3332.93,2,4,2.0000
3257,434.87,3398.70,0,0,0.0000
3258,742.12,3259.30,0,0,0.0000
3259,881.74,3907.62,3,4,0.0000
3260,580.70,3265.14,NaN,NaN,NaN
3261,77.03,3699.99,NaN,NaN,NaN
3262,183.66,3854.44,NaN,NaN,NaN
3263,691.79,3378.83,2,0,0.0000
3264,664.73,3664.38,NaN,NaN,NaN
3265,64.28,3924.28,NaN,NaN,NaN
3266,686.41,3503.99,NaN,NaN,NaN
3267,583.97,3372.51,0,0,0.0000
3268,763.96,3769.18,NaN,NaN,NaN
3269,114.89,3811.75,NaN,NaN,NaN
3270,609.24,3507.79,0,0,0.0000
3271,866.94,3527.22,0,0,0.0000
3272,705.64,3449.00,NaN,NaN,NaN
3273,826.01,3384.09,0,0,0.0000
3274,807.84,3522.78,NaN,NaN,NaN
3275,668.65,3229.55,NaN,NaN,NaN
3276,458.20,3269.82,NaN,NaN,NaN
3277,587.43,3616.72,NaN,NaN,NaN
3278,707.35,3592.32,3,7,2.3333
3279,854.90,3264.67,0,0,0.0000
3280,401.37,3220.58,NaN,NaN,NaN
3281,40.45,3853.16,NaN,NaN,NaN
3282,804.65,3621.64,NaN,NaN,NaN
3283,884.37,3700.69,0,0,0.0000
3284,483.32,3345.54,3,4,0.0000
3285,658.96,3303.87,NaN,NaN,NaN
3286,764.48,3694.12,2,4,2.0000
3287,855.24,3776.85,NaN,NaN,NaN
3288,775.58,3469.15,0,0,0.0000
3289,537.05,3578.57,NaN,NaN,NaN
3290,35.04,3561.58,0,0,0.0000
3291,217.02,3930.25,NaN,NaN,NaN
3292,340.24,3224.20,NaN,NaN,NaN
3293,502.26,3642.28,NaN,NaN,NaN
3294,85.35,3650.22,4,3,0.0000
3295,418.34,3309.41,2,2,0.0000
3296,835.50,3698.93,NaN,NaN,NaN
3297,124.24,3758.23,NaN,NaN,NaN
3298,810.46,3705.97,NaN,NaN,NaN
3299,814.23,3811.71,2,4,2.0000
3300,518.72,3302.12,NaN,NaN,NaN
3301,113.00,3953.00,NaN,NaN,NaN
3302,59.64,3756.79,NaN,NaN,NaN
3303,356.86,3264.37,0,0,0.0000
3304,843.76,3647.63,0,0,0.0000
3305,773.31,3569.69,3,3,0.0000
3306,496.30,3588.28,NaN,NaN,NaN
3307,1656.78,3521.88,4,2,0.0000
3308,1653.02,3742.19,2,4,2.0000
3309,1000.21,3959.03,2,5,2.5000
3310,1482.02,3303.26,NaN,NaN,NaN
3311,1589.68,3220.43,2,2,0.0000
3312,1638.11,3661.19,3,6,2.0000
3313,959.85,3318.41,NaN,NaN,NaN
3314,929.81,3836.63,NaN,NaN,NaN
3315,1392.44,3251.77,0,0,0.0000
3316,912.83,3494.43,NaN,NaN,NaN
3317,1580.57,3422.59,3,3,0.0000
3318,1100.87,3877.12,NaN,NaN,NaN
3319,1017.78,3820.54,NaN,NaN,NaN
3320,1565.92,3339.32,2,3,0.0000
3321,905.62,3393.10,NaN,NaN,NaN
3322,930.58,3217.85,2,6,3.0000
3323,958.59,3761.30,NaN,NaN,NaN
3324,1225.87,3348.45,NaN,NaN,NaN
3325,923.87,3668.54,NaN,NaN,NaN
3326,1121.99,3252.10,2,4,2.0000
3327,1210.27,3263.05,0,0,0.0000
3328,1088.44,3317.06,NaN,NaN,NaN
3329,1015.26,3417.60,0,0,0.0000
3330,928.47,3439.38,NaN,NaN,NaN
3331,1384.16,3696.21,NaN,NaN,NaN
3332,1472.71,3713.70,NaN,NaN,NaN
3333,1127.94,3351.27,NaN,NaN,NaN
3334,1021.17,3260.45,3,6,2.0000
3335,1579.40,3554.10,NaN,NaN,NaN
3336,1105.55,3951.96,NaN,NaN,NaN
3337,899.91,3595.85,NaN,NaN,NaN
3338,1464.93,3465.66,0,0,0.0000
3339,1580.40,3488.95,NaN,NaN,NaN
3340,1634.61,3356.47,2,4,2.0000
3341,1540.31,3712.04,NaN,NaN,NaN
3342,1625.27,3904.80,3,4,0.0000
3343,1366.69,3747.33,2,6,3.0000
3344,1014.54,3884.39,2,3,0.0000
3345,1143.37,3930.02,0,0,0.0000
3346,1647.26,3301.94,NaN,NaN,NaN
3347,1504.19,3514.43,NaN,NaN,NaN
3348,1490.60,3760.16,2,3,0.0000
3349,1548.00,3780.57,0,0,0.0000
3350,1266.45,3271.92,2,3,0.0000
3351,1204.13,3958.38,3,6,2.0000
3352,1853.47,3862.06,NaN,NaN,NaN
3353,1879.79,3641.87,NaN,NaN,NaN
3354,1879.96,3551.55,NaN,NaN,NaN
3355,1682.61,3853.73,0,0,0.0000
3356,2420.02,3287.75,NaN,NaN,NaN
3357,1722.93,3266.21,NaN,NaN,NaN
3358,1775.59,3769.04,2,3,0.0000
3359,1776.94,3346.56,NaN,NaN,NaN
3360,1803.07,3459.85,5,7,0.0000
3361,1975.34,3958.44,NaN,NaN,NaN
3362,1877.41,3777.10,0,0,0.0000
3363,1976.67,3816.90,0,0,0.0000
3364,1728.71,3590.52,NaN,NaN,NaN
3365,2045.53,3923.59,NaN,NaN,NaN
3366,1746.33,3518.18,NaN,NaN,NaN
3367,1800.55,3957.97,0,0,0.0000
3368,1775.62,3653.39,NaN,NaN,NaN
3369,1939.89,3728.63,0,0,0.0000
3370,1735.99,3926.65,0,0,0.0000
3371,2031.65,3818.01,0,0,0.0000
3372,1682.78,3404.20,NaN,NaN,NaN
3373,1736.66,3213.07,NaN,NaN,NaN
3374,1888.94,3955.17,NaN,NaN,NaN
3375,1690.07,3964.69,0,0,0.0000
3376,1842.49,3728.39,0,0,0.0000
3377,1816.41,3678.91,0,0,0.0000
3378,2750.33,3293.79,3,3,0.0000
3379,2705.11,3493.89,NaN,NaN,NaN
3380,3119.42,3312.81,NaN,NaN,NaN
3381,2769.07,3210.49,NaN,NaN,NaN
3382,2696.28,3557.36,0,0,0.0000
3383,3191.12,3297.99,NaN,NaN,NaN
3384,2668.22,3380.09,NaN,NaN,NaN
3385,2492.60,3281.36,2,1,0.0000
3386,2612.99,3550.44,NaN,NaN,NaN
3387,2563.02,3503.38,2,1,0.0000
3388,3187.65,3412.69,2,3,0.0000
3389,2831.20,3200.26,NaN,NaN,NaN
3390,2540.75,3318.37,NaN,NaN,NaN
3391,2668.60,3438.59,0,0,0.0000
3392,2592.26,3303.94,0,0,0.0000
3393,2562.30,3251.90,2,8,4.0000
3394,2553.28,3449.89,2,6,3.0000
3395,2655.55,3317.04,0,0,0.0000
3396,2728.47,3412.08,NaN,NaN,NaN
3397,2445.61,3431.61,0,0,0.0000
3398,2466.93,3224.07,2,4,2.0000
3399,2444.68,3386.19,0,0,0.0000
3400,3409.33,3554.00,2,1,0.0000
3401,3306.91,3206.09,NaN,NaN,NaN
3402,3358.54,3769.72,NaN,NaN,NaN
3403,3275.06,3316.61,2,3,0.0000
3404,3572.95,3833.55,2,6,3.0000
3405,3438.93,3246.41,0,0,0.0000
3406,3449.18,3473.53,NaN,NaN,NaN
3407,3600.29,3580.34,NaN,NaN,NaN
3408,3761.98,3850.75,NaN,NaN,NaN
3409,3272.05,3568.91,2,4,2.0000
3410,3740.95,3908.13,0,0,0.0000
3411,3625.15,3758.03,NaN,NaN,NaN
3412,3228.28,3480.97,NaN,NaN,NaN
3413,3607.74,3294.04,0,0,0.0000
3414,3648.77,3544.46,0,0,0.0000
3415,3533.04,3248.47,0,0,0.0000
3416,3597.84,3687.37,NaN,NaN,NaN
3417,3520.39,3656.90,0,0,0.0000
3418,3536.96,3326.22,NaN,NaN,NaN
3419,3280.08,3742.71,NaN,NaN,NaN
3420,3468.45,3886.55,NaN,NaN,NaN
3421,3591.28,3429.04,2,3,0.0000
3422,3475.35,3812.84,2,2,0.0000
3423,3468.60,3609.05,0,0,0.0000
3424,3399.91,3210.52,3,4,0.0000
3425,3362.50,3277.50,0,0,0.0000
3426,3501.62,3561.44,NaN,NaN,NaN
3427,3273.40,3966.33,0,0,0.0000
3428,3538.77,3528.94,NaN,NaN,NaN
3429,3496.24,3402.72,NaN,NaN,NaN
3430,3568.78,3224.51,NaN,NaN,NaN
3431,3536.65,3389.74,NaN,NaN,NaN
3432,3659.30,3861.51,NaN,NaN,NaN
3433,3310.94,3797.13,0,0,0.0000
3434,3255.00,3440.23,0,0,0.0000
3435,3307.68,3938.27,NaN,NaN,NaN
3436,3370.54,3480.14,2,4,2.0000
3437,3643.44,3415.96,0,0,0.0000
3438,3300.05,3878.09,0,0,0.0000
3439,3270.96,3646.56,0,0,0.0000
3440,3405.28,3340.96,0,0,0.0000
3441,3443.51,3695.35,0,0,0.0000
3442,3548.89,3729.75,0,0,0.0000
3443,3573.16,3484.06,2,5,2.5000
3444,3692.29,3844.57,NaN,NaN,NaN
3445,3614.76,3214.77,2,2,0.0000
3446,3414.64,3731.98,0,0,0.0000
3447,3467.87,3658.40,NaN,NaN,NaN
3448,4618.34,3790.69,NaN,NaN,NaN
3449,4553.34,3598.57,NaN,NaN,NaN
3450,4602.04,3348.21,NaN,NaN,NaN
3451,4357.87,3412.11,NaN,NaN,NaN
3452,4700.99,3544.47,2,3,0.0000
3453,4432.88,3313.84,NaN,NaN,NaN
3454,4703.46,3928.87,0,0,0.0000
3455,4431.70,3586.21,NaN,NaN,NaN
3456,4624.99,3920.59,NaN,NaN,NaN
3457,4484.61,3712.99,NaN,NaN,NaN
3458,4624.58,3559.80,NaN,NaN,NaN
3459,4187.36,3387.94,NaN,NaN,NaN
3460,4652.83,3251.74,NaN,NaN,NaN
3461,4282.25,3593.90,NaN,NaN,NaN
3462,4455.05,3502.30,4,7,0.0000
3463,4704.28,3212.54,3,6,2.0000
3464,4658.45,3700.29,0,0,0.0000
3465,4343.88,3588.59,2,5,2.5000
3466,4508.06,3459.26,NaN,NaN,NaN
3467,4189.44,3475.15,2,5,2.5000
3468,4587.37,3442.96,NaN,NaN,NaN
3469,4348.38,3470.32,0,0,0.0000
3470,4598.72,3680.67,NaN,NaN,NaN
3471,4397.20,3843.08,NaN,NaN,NaN
3472,4675.16,3308.02,NaN,NaN,NaN
3473,4500.25,3797.58,NaN,NaN,NaN
3474,4681.25,3453.41,NaN,NaN,NaN
3475,4237.19,3476.16,NaN,NaN,NaN
3476,4380.63,3752.13,3,3,0.0000
3477,4326.03,3712.07,NaN,NaN,NaN
3478,4421.05,3920.54,0,0,0.0000
3479,4476.89,3241.99,0,0,0.0000
3480,4531.76,3842.07,0,0,0.0000
3481,4478.22,3886.86,3,4,0.0000
3482,4521.62,3373.95,0,0,0.0000
3483,4260.53,3210.17,NaN,NaN,NaN
3484,4232.51,3257.77,NaN,NaN,NaN
3485,4360.00,3528.24,0,0,0.0000
3486,4243.72,3314.24,0,0,0.0000
3487,4190.37,3315.91,0,0,0.0000
3488,4308.71,3663.19,2,2,0.0000
3489,4496.24,3654.22,0,0,0.0000
3490,4636.52,3419.50,0,0,0.0000
3491,4308.37,3760.32,2,4,2.0000
3492,4206.53,3217.62,NaN,NaN,NaN
3493,4668.51,3634.48,NaN,NaN,NaN
3494,4559.04,3921.76,0,0,0.0000
3495,4611.68,3733.87,NaN,NaN,NaN
3496,4907.99,3436.20,NaN,NaN,NaN
3497,4738.69,3727.56,0,0,0.0000
3498,4778.98,3911.91,2,3,0.0000
3499,4895.90,3662.49,NaN,NaN,NaN
3500,5436.61,3813.91,2,3,0.0000
3501,4778.86,3281.23,3,7,2.3333
3502,4895.81,3333.65,2,5,2.5000
3503,4963.43,3599.74,0,0,0.0000
3504,4905.29,3851.43,3,5,0.0000
3505,4990.91,3853.35,NaN,NaN,NaN
3506,5032.50,3437.51,0,0,0.0000
3507,5172.97,3708.97,2,5,2.5000
3508,5219.47,3934.02,NaN,NaN,NaN
3509,5230.74,3848.85,2,4,2.0000
3510,5405.09,3887.88,2,3,0.0000
3511,4858.35,3916.93,0,0,0.0000
3512,4798.01,3560.71,NaN,NaN,NaN
3513,5150.67,3907.08,NaN,NaN,NaN
3514,5312.79,3694.06,0,0,0.0000
3515,5109.99,3784.89,0,0,0.0000
3516,5075.17,3516.99,2,5,2.5000
3517,4997.27,3343.57,NaN,NaN,NaN
3518,5072.14,3625.28,0,0,0.0000
3519,4854.48,3549.51,NaN,NaN,NaN
3520,4754.75,3511.76,NaN,NaN,NaN
3521,5096.59,3718.39,0,0,0.0000
3522,4988.74,3284.49,0,0,0.0000
3523,4754.14,3834.55,NaN,NaN,NaN
3524,5335.42,3858.72,NaN,NaN,NaN
3525,5328.27,3923.53,0,0,0.0000
3526,5190.06,3767.98,2,2,0.0000
3527,4978.49,3533.80,0,0,0.0000
3528,5433.59,3753.92,0,0,0.0000
3529,4838.04,3822.00,NaN,NaN,NaN
3530,5239.44,3742.51,NaN,NaN,NaN
3531,4944.94,3250.75,NaN,NaN,NaN
3532,4747.31,3435.36,NaN,NaN,NaN
3533,4945.90,3791.70,0,0,0.0000
3534,5006.44,3687.10,0,0,0.0000
3535,5268.60,3760.33,0,0,0.0000
3536,5143.00,3485.94,0,0,0.0000
3537,4895.49,3513.03,NaN,NaN,NaN
3538,4785.49,3479.27,NaN,NaN,NaN
3539,4780.62,3636.56,NaN,NaN,NaN
3540,5116.97,3577.71,0,0,0.0000
3541,5059.35,3845.84,NaN,NaN,NaN
3542,4804.75,3774.11,NaN,NaN,NaN
3543,4825.87,3443.59,NaN,NaN,NaN
3544,6116.15,3967.55,NaN,NaN,NaN
3545,6056.82,3404.47,NaN,NaN,NaN
3546,6183.79,3489.55,4,7,0.0000
3547,6054.38,3505.57,NaN,NaN,NaN
3548,5976.89,3291.12,NaN,NaN,NaN
3549,5976.09,3477.01,0,0,0.0000
3550,6191.69,3259.31,2,5,2.5000
3551,6171.26,3835.07,NaN,NaN,NaN
3552,6266.26,3354.21,2,3,0.0000
3553,5998.31,3715.76,0,0,0.0000
3554,6150.99,3613.08,NaN,NaN,NaN
3555,6101.54,3263.99,NaN,NaN,NaN
3556,5937.99,3628.31,0,0,0.0000
3557,5725.71,3921.12,NaN,NaN,NaN
3558,6064.44,3736.15,0,0,0.0000
3559,6233.96,3676.69,NaN,NaN,NaN
3560,5914.62,3424.25,NaN,NaN,NaN
3561,6167.52,3764.45,NaN,NaN,NaN
3562,6000.68,3609.58,3,4,0.0000
3563,6225.51,3780.63,NaN,NaN,NaN
3564,6220.55,3912.97,NaN,NaN,NaN
3565,6092.15,3590.05,NaN,NaN,NaN
3566,6087.69,3361.63,NaN,NaN,NaN
3567,6173.27,3682.15,NaN,NaN,NaN
3568,5949.91,3718.35,0,0,0.0000
3569,5760.44,3859.45,0,0,0.0000
3570,6052.01,3955.27,0,0,0.0000
3571,6115.14,3728.03,NaN,NaN,NaN
3572,5872.25,3846.30,NaN,NaN,NaN
3573,6050.33,3254.71,NaN,NaN,NaN
3574,6191.42,3606.75,NaN,NaN,NaN
3575,6221.99,3580.82,NaN,NaN,NaN
3576,6124.31,3676.12,0,0,0.0000
3577,5918.84,3311.80,NaN,NaN,NaN
3578,6221.45,3853.97,0,0,0.0000
3579,6193.78,3555.45,NaN,NaN,NaN
3580,5907.81,3231.93,NaN,NaN,NaN
3581,5920.76,3369.75,NaN,NaN,NaN
3582,6249.42,3574.13,0,0,0.0000
3583,6234.02,3356.87,2,2,0.0000
3584,5946.49,3508.02,NaN,NaN,NaN
3585,6581.44,3759.63,0,0,0.0000
3586,6332.83,3908.51,NaN,NaN,NaN
3587,6757.13,3260.58,2,3,0.0000
3588,6830.00,3941.77,NaN,NaN,NaN
3589,6417.23,3590.81,3,4,0.0000
3590,6831.84,3435.05,3,8,2.6667
3591,6699.10,3804.21,NaN,NaN,NaN
3592,6950.38,3870.02,NaN,NaN,NaN
3593,6558.09,3916.49,NaN,NaN,NaN
3594,6792.40,3736.35,NaN,NaN,NaN
3595,7033.29,3681.81,NaN,NaN,NaN
3596,7015.36,3923.26,4,9,2.2500
3597,6999.09,3509.74,0,0,0.0000
3598,6297.46,3786.37,3,5,0.0000
3599,6371.55,3723.52,NaN,NaN,NaN
3600,6472.60,3420.46,2,4,2.0000
3601,6988.69,3573.06,0,0,0.0000
3602,6478.77,3257.52,0,0,0.0000
3603,6670.91,3569.90,NaN,NaN,NaN
3604,6903.38,3724.81,NaN,NaN,NaN
3605,6904.18,3635.05,NaN,NaN,NaN
3606,6553.83,3585.62,NaN,NaN,NaN
3607,6972.53,3278.18,NaN,NaN,NaN
3608,6742.94,3680.15,4,7,0.0000
3609,6570.46,3246.69,NaN,NaN,NaN
3610,6760.42,3371.21,NaN,NaN,NaN
3611,6409.56,3923.94,NaN,NaN,NaN
3612,6920.40,3343.06,2,6,3.0000
3613,6581.60,3646.34,NaN,NaN,NaN
3614,6853.40,3238.45,3,0,0.0000
3615,6513.67,3847.54,0,0,0.0000
3616,6716.58,3453.18,NaN,NaN,NaN
3617,6486.96,3706.19,0,0,0.0000
3618,6388.45,3438.74,0,0,0.0000
3619,6912.95,3804.45,NaN,NaN,NaN
3620,6402.10,3256.06,NaN,NaN,NaN
3621,6834.81,3327.74,NaN,NaN,NaN
3622,6961.16,3415.27,NaN,NaN,NaN
3623,6778.18,3882.98,4,3,0.0000
3624,6660.47,3258.94,NaN,NaN,NaN
3625,6501.47,3577.65,NaN,NaN,NaN
3626,6432.11,3343.24,2,2,0.0000
3627,6319.13,3270.32,NaN,NaN,NaN
3628,6688.30,3394.02,NaN,NaN,NaN
3629,6608.82,3387.21,0,0,0.0000
3630,6860.63,3517.58,NaN,NaN,NaN
3631,6907.85,3254.02,NaN,NaN,NaN
3632,6343.59,3646.84,0,0,0.0000
3633,6654.38,3487.55,0,0,0.0000
3634,6619.03,3846.67,0,0,0.0000
3635,6993.62,3632.04,NaN,NaN,NaN
3636,6969.80,3218.05,NaN,NaN,NaN
3637,6641.44,3322.37,0,0,0.0000
3638,6295.27,3700.35,NaN,NaN,NaN
3639,6502.01,3503.15,2,5,2.5000
3640,6755.40,3612.90,NaN,NaN,NaN
3641,6558.08,3440.75,NaN,NaN,NaN
3642,6451.33,3863.81,0,0,0.0000
3643,6967.48,3761.58,0,0,0.0000
3644,6597.53,3480.74,NaN,NaN,NaN
3645,6693.47,3958.17,0,0,0.0000
3646,6644.22,3922.07,0,0,0.0000
3647,6360.67,3328.02,0,0,0.0000
3648,6832.37,3806.76,0,0,0.0000
3649,6934.56,3473.63,NaN,NaN,NaN
3650,6535.04,3396.75,NaN,NaN,NaN
3651,6700.59,3320.31,0,0,0.0000
3652,6767.26,3556.92,0,0,0.0000
3653,6829.44,3648.11,NaN,NaN,NaN
3654,6668.76,3201.14,0,0,0.0000
3655,6840.66,3598.85,0,0,0.0000
3656,6403.46,3201.91,2,3,0.0000
3657,6901.19,3565.81,0,0,0.0000
3658,7258.77,3208.41,0,0,0.0000
3659,7150.53,3608.06,NaN,NaN,NaN
3660,7430.22,3583.49,2,2,0.0000
3661,7413.39,3313.63,0,0,0.0000
3662,7279.77,3761.55,2,8,4.0000
3663,7315.80,3494.39,2,7,3.5000
3664,7582.14,3942.39,2,3,0.0000
3665,7221.52,3890.14,NaN,NaN,NaN
3666,7590.40,3264.11,NaN,NaN,NaN
3667,7051.29,3325.30,0,0,0.0000
3668,7521.97,3319.88,2,2,0.0000
3669,7264.33,3569.74,NaN,NaN,NaN
3670,7352.75,3340.23,NaN,NaN,NaN
3671,7098.20,3474.56,0,0,0.0000
3672,7298.03,3412.52,NaN,NaN,NaN
3673,7524.62,3636.99,NaN,NaN,NaN
3674,7040.66,3779.31,2,3,0.0000
3675,7381.29,3710.87,NaN,NaN,NaN
3676,7347.75,3879.90,NaN,NaN,NaN
3677,7101.62,3902.29,0,0,0.0000
3678,7417.11,3792.69,NaN,NaN,NaN
3679,7539.44,3770.82,NaN,NaN,NaN
3680,7609.64,3661.34,NaN,NaN,NaN
3681,7571.50,3579.38,NaN,NaN,NaN
3682,7661.75,3910.30,NaN,NaN,NaN
3683,7349.00,3655.57,NaN,NaN,NaN
3684,7498.62,3418.88,NaN,NaN,NaN
3685,7455.33,3965.65,NaN,NaN,NaN
3686,7638.36,3950.74,2,7,3.5000
3687,7457.97,3243.43,0,0,0.0000
3688,7567.73,3442.53,NaN,NaN,NaN
3689,7647.01,3766.43,0,0,0.0000
3690,7104.57,3406.65,NaN,NaN,NaN
3691,7101.86,3253.75,NaN,NaN,NaN
3692,7604.33,3824.66,0,0,0.0000
3693,7404.66,3212.57,NaN,NaN,NaN
3694,7382.46,3447.00,3,3,0.0000
3695,7673.43,3509.82,0,0,0.0000
3696,7452.09,3438.11,NaN,NaN,NaN
3697,7622.58,3376.02,NaN,NaN,NaN
3698,7183.05,3822.00,2,5,2.5000
3699,7702.28,3809.38,NaN,NaN,NaN
3700,7217.62,3453.32,NaN,NaN,NaN
3701,7690.93,3445.60,0,0,0.0000
3702,7327.35,3203.70,NaN,NaN,NaN
3703,7562.56,3527.06,0,0,0.0000
3704,7713.43,3381.96,0,0,0.0000
3705,7084.64,3546.67,0,0,0.0000
3706,7735.54,3894.77,NaN,NaN,NaN
3707,7647.36,3713.23,0,0,0.0000
3708,7135.90,3753.45,2,8,4.0000
3709,7183.66,3301.39,0,0,0.0000
3710,7634.41,3561.47,NaN,NaN,NaN
3711,7153.61,3946.61,0,0,0.0000
3712,7672.46,3833.35,0,0,0.0000
3713,7529.53,3840.91,NaN,NaN,NaN
3714,7241.79,3308.18,2,3,0.0000
3715,7605.22,3421.92,NaN,NaN,NaN
3716,7178.26,3499.11,NaN,NaN,NaN
3717,7637.90,3524.92,NaN,NaN,NaN
3718,7571.50,3713.40,NaN,NaN,NaN
3719,7494.34,3892.93,NaN,NaN,NaN
3720,7321.74,3619.51,0,0,0.0000
3721,7424.89,3920.28,0,0,0.0000
3722,7747.06,3849.51,0,0,0.0000
3723,7445.75,3867.43,0,0,0.0000
3724,7411.37,3857.44,0,0,0.0000
3725,7188.03,3696.18,NaN,NaN,NaN
3726,7724.51,3484.83,0,0,0.0000
3727,7236.75,3806.89,0,0,0.0000
3728,7236.02,3838.55,0,0,0.0000
3729,7461.20,3814.21,0,0,0.0000
3730,7462.84,3717.33,2,3,0.0000
3731,7266.61,3680.15,NaN,NaN,NaN
3732,8431.61,3910.56,0,0,0.0000
3733,8346.53,3875.98,NaN,NaN,NaN
3734,8784.48,3773.71,NaN,NaN,NaN
3735,8847.20,3849.96,NaN,NaN,NaN
3736,8781.50,3879.16,0,0,0.0000
3737,8777.74,3825.53,NaN,NaN,NaN
3738,9296.05,3258.46,NaN,NaN,NaN
3739,8809.94,3933.70,0,0,0.0000
3740,10110.55,3584.92,NaN,NaN,NaN
3741,10030.33,3282.08,2,6,3.0000
3742,10106.54,3326.07,NaN,NaN,NaN
3743,10068.86,3900.71,NaN,NaN,NaN
3744,9494.49,3451.73,NaN,NaN,NaN
3745,9533.22,3255.24,2,3,0.0000
3746,10099.96,3497.05,NaN,NaN,NaN
3747,10091.85,3398.43,2,5,2.5000
3748,9556.86,3203.05,NaN,NaN,NaN
3749,9954.26,3271.24,NaN,NaN,NaN
3750,9446.89,3302.44,0,0,0.0000
3751,10022.41,3571.58,2,4,2.0000
3752,9992.92,3844.24,NaN,NaN,NaN
3753,9534.95,3406.85,2,3,0.0000
3754,9411.84,3283.60,0,0,0.0000
3755,9495.82,3319.86,0,0,0.0000
3756,9447.21,3406.97,NaN,NaN,NaN
3757,9426.73,3377.27,0,0,0.0000
3758,9585.66,3334.50,2,3,0.0000
3759,9564.80,3441.32,0,0,0.0000
3760,10015.60,3378.20,0,0,0.0000
3761,9592.40,3433.07,2,2,0.0000
3762,10071.05,3457.68,NaN,NaN,NaN
3763,9476.81,3377.53,0,0,0.0000
3764,9552.22,3334.54,NaN,NaN,NaN
3765,10788.67,3749.65,NaN,NaN,NaN
3766,10833.42,3245.67,2,1,0.0000
3767,10576.17,3742.60,0,0,0.0000
3768,10383.21,3248.67,NaN,NaN,NaN
3769,10557.43,3611.68,NaN,NaN,NaN
3770,10336.07,3378.20,NaN,NaN,NaN
3771,10836.74,3630.27,0,0,0.0000
3772,10211.09,3764.96,0,0,0.0000
3773,10427.46,3827.71,NaN,NaN,NaN
3774,10443.82,3517.09,0,0,0.0000
3775,10590.33,3238.67,0,0,0.0000
3776,10656.60,3603.67,NaN,NaN,NaN
3777,10356.65,3478.97,2,2,0.0000
3778,10363.77,3600.17,NaN,NaN,NaN
3779,10805.98,3959.02,NaN,NaN,NaN
3780,10422.11,3720.27,NaN,NaN,NaN
3781,10767.61,3860.03,NaN,NaN,NaN
3782,10352.44,3935.04,0,0,0.0000
3783,10350.25,3778.47,NaN,NaN,NaN
3784,10297.90,3765.01,NaN,NaN,NaN
3785,10754.75,3470.04,0,0,0.0000
3786,10684.37,3740.65,NaN,NaN,NaN
3787,10550.40,3954.98,0,0,0.0000
3788,10739.85,3268.54,0,0,0.0000
3789,10526.16,3761.25,NaN,NaN,NaN
3790,10330.93,3675.42,2,7,3.5000
3791,10718.09,3337.54,0,0,0.0000
3792,10823.88,3464.83,0,0,0.0000
3793,10280.20,3890.35,NaN,NaN,NaN
3794,10251.09,3387.29,NaN,NaN,NaN
3795,10146.69,3414.11,NaN,NaN,NaN
3796,10215.83,3657.67,NaN,NaN,NaN
3797,10638.09,3687.58,NaN,NaN,NaN
3798,10257.84,3483.50,NaN,NaN,NaN
3799,10817.20,3542.02,0,0,0.0000
3800,10550.39,3261.40,0,0,0.0000
3801,10667.64,3883.35,0,0,0.0000
3802,10261.81,3687.50,NaN,NaN,NaN
3803,10196.92,3222.01,NaN,NaN,NaN
3804,10631.18,3965.79,2,3,0.0000
3805,10691.12,3811.47,NaN,NaN,NaN
3806,10804.22,3306.52,0,0,0.0000
3807,10429.64,3642.04,0,0,0.0000
3808,10870.94,3380.05,2,3,0.0000
3809,10786.35,3374.93,0,0,0.0000
3810,10196.13,3449.81,2,3,0.0000
3811,10721.51,3889.53,NaN,NaN,NaN
3812,10565.06,3336.71,0,0,0.0000
3813,10452.41,3360.19,2,6,3.0000
3814,10405.46,3363.66,0,0,0.0000
3815,10357.39,3857.73,0,0,0.0000
3816,10493.03,3440.90,NaN,NaN,NaN
3817,10519.65,3844.19,NaN,NaN,NaN
3818,10279.28,3563.95,3,6,2.0000
3819,10558.09,3821.22,NaN,NaN,NaN
3820,10138.03,3225.92,NaN,NaN,NaN
3821,10761.46,3560.33,NaN,NaN,NaN
3822,10193.12,3889.95,2,4,2.0000
3823,10192.79,3324.21,0,0,0.0000
3824,10226.09,3587.34,0,0,0.0000
3825,10268.49,3319.96,3,6,2.0000
3826,10702.05,3438.01,2,3,0.0000
3827,10874.58,3887.66,NaN,NaN,NaN
3828,10164.19,3954.50,NaN,NaN,NaN
3829,10188.25,3275.41,0,0,0.0000
3830,10702.87,3502.51,0,0,0.0000
3831,10699.86,3396.38,NaN,NaN,NaN
3832,10684.92,3365.66,0,0,0.0000
3833,10909.33,3523.25,0,0,0.0000
3834,10997.97,3752.76,2,1,0.0000
3835,11606.18,3292.30,3,5,0.0000
3836,10923.23,3773.82,NaN,NaN,NaN
3837,11608.28,3410.30,2,5,2.5000
3838,10882.50,3832.93,NaN,NaN,NaN
3839,11040.11,3514.02,NaN,NaN,NaN
3840,10885.06,3954.20,NaN,NaN,NaN
3841,11531.74,3397.73,2,1,0.0000
3842,10954.00,3916.20,2,1,0.0000
3843,10965.68,3640.93,2,2,0.0000
3844,11548.03,3299.91,NaN,NaN,NaN
3845,11011.94,3371.84,NaN,NaN,NaN
3846,11024.64,3883.87,NaN,NaN,NaN
3847,11019.41,3645.90,3,3,0.0000
3848,10918.69,3705.10,0,0,0.0000
3849,10977.29,3464.07,NaN,NaN,NaN
3850,11636.18,3492.02,NaN,NaN,NaN
3851,11518.53,3324.51,NaN,NaN,NaN
3852,10995.44,3551.85,0,0,0.0000
3853,11055.82,3589.52,NaN,NaN,NaN
3854,11064.85,3432.14,NaN,NaN,NaN
3855,10989.62,3275.69,2,3,0.0000
3856,11068.01,3955.57,3,2,0.0000
3857,10947.86,3255.59,0,0,0.0000
3858,11031.91,3694.78,NaN,NaN,NaN
3859,12359.67,3492.11,NaN,NaN,NaN
3860,11928.95,3486.30,0,0,0.0000
3861,12352.34,3334.34,2,9,4.5000
3862,11791.99,3557.84,NaN,NaN,NaN
3863,12137.35,3502.90,NaN,NaN,NaN
3864,11726.34,3449.18,NaN,NaN,NaN
3865,12272.90,3353.34,0,0,0.0000
3866,11889.44,3231.82,NaN,NaN,NaN
3867,11821.00,3331.23,NaN,NaN,NaN
3868,12282.70,3527.90,NaN,NaN,NaN
3869,11671.94,3563.83,NaN,NaN,NaN
3870,12160.94,3382.88,NaN,NaN,NaN
3871,11663.23,3370.97,0,0,0.0000
3872,12275.37,3257.46,NaN,NaN,NaN
3873,12120.58,3326.33,NaN,NaN,NaN
3874,12280.61,3459.45,NaN,NaN,NaN
3875,12252.55,3208.04,NaN,NaN,NaN
3876,12058.93,3265.33,NaN,NaN,NaN
3877,12073.92,3487.88,2,1,0.0000
3878,11893.97,3424.94,NaN,NaN,NaN
3879,12149.08,3235.36,0,0,0.0000
3880,11939.90,3201.77,NaN,NaN,NaN
3881,11678.38,3253.80,0,0,0.0000
3882,11733.78,3282.15,0,0,0.0000
3883,12112.13,3266.40,NaN,NaN,NaN
3884,12198.09,3235.42,NaN,NaN,NaN
3885,12389.85,3248.64,0,0,0.0000
3886,12218.17,3432.42,0,0,0.0000
3887,11902.56,3335.28,0,0,0.0000
3888,12036.58,3346.34,0,0,0.0000
3889,11794.83,3235.78,2,4,2.0000
3890,11733.69,3216.20,NaN,NaN,NaN
3891,12021.79,3431.90,NaN,NaN,NaN
3892,12019.96,3238.25,0,0,0.0000
3893,11829.53,3392.96,0,0,0.0000
3894,11672.72,3453.14,0,0,0.0000
3895,12200.64,3551.68,0,0,0.0000
3896,11995.25,3309.10,0,0,0.0000
3897,12023.22,3501.12,NaN,NaN,NaN
3898,11826.78,3509.37,0,0,0.0000
3899,11747.87,3507.08,NaN,NaN,NaN
3900,12233.47,3573.80,0,0,0.0000
3901,11734.11,3544.53,0,0,0.0000
3902,12214.26,3294.47,0,0,0.0000
3903,11884.84,3371.27,0,0,0.0000
3904,11950.01,3330.61,0,0,0.0000
3905,12615.73,3432.59,NaN,NaN,NaN
3906,12442.59,3317.00,2,6,3.0000
3907,12800.71,3292.23,0,0,0.0000
3908,12721.57,3245.53,NaN,NaN,NaN
3909,12695.73,3333.16,2,5,2.5000
3910,12472.90,3471.97,NaN,NaN,NaN
3911,12744.76,3362.03,2,4,2.0000
3912,12593.39,3344.56,NaN,NaN,NaN
3913,12516.93,3423.12,NaN,NaN,NaN
3914,12633.35,3289.88,2,4,2.0000
3915,12421.74,3474.15,NaN,NaN,NaN
3916,12487.12,3259.84,NaN,NaN,NaN
3917,12547.35,3288.65,NaN,NaN,NaN
3918,12528.94,3495.18,0,0,0.0000
3919,12426.32,3400.93,0,0,0.0000
3920,13852.62,3863.05,0,0,0.0000
3921,13920.62,3869.94,NaN,NaN,NaN
3922,13757.27,3855.53,NaN,NaN,NaN
3923,13901.20,3941.95,NaN,NaN,NaN
3924,14692.36,3379.08,NaN,NaN,NaN
3925,14674.71,3235.70,NaN,NaN,NaN
3926,14056.51,3945.30,0,0,0.0000
3927,14683.68,3621.48,NaN,NaN,NaN
3928,14602.12,3789.25,NaN,NaN,NaN
3929,14176.42,3966.27,0,0,0.0000
3930,13969.38,3795.31,0,0,0.0000
3931,13956.67,3938.57,0,0,0.0000
3932,14483.88,3793.73,0,0,0.0000
3933,14081.72,3817.24,0,0,0.0000
3934,14425.27,3820.55,0,0,0.0000
3935,14675.84,3553.40,2,6,3.0000
3936,14410.23,3705.95,0,0,0.0000
3937,14609.68,3870.98,NaN,NaN,NaN
3938,14442.63,3785.34,0,0,0.0000
3939,14480.76,3858.69,0,0,0.0000
3940,14024.32,3846.68,NaN,NaN,NaN
3941,14718.52,3760.59,0,0,0.0000
3942,14568.84,3911.43,0,0,0.0000
3943,14934.48,3432.18,NaN,NaN,NaN
3944,14904.51,3638.37,NaN,NaN,NaN
3945,14791.96,3779.00,NaN,NaN,NaN
3946,14790.98,3431.74,0,0,0.0000
3947,14797.86,3540.40,NaN,NaN,NaN
3948,15112.36,3339.22,NaN,NaN,NaN
3949,14962.48,3674.75,0,0,0.0000
3950,15098.55,3554.74,3,9,3.0000
3951,14870.08,3566.96,NaN,NaN,NaN
3952,15030.68,3505.21,NaN,NaN,NaN
3953,15177.56,3366.88,NaN,NaN,NaN
3954,15051.78,3312.03,NaN,NaN,NaN
3955,14873.33,3348.86,3,5,0.0000
3956,14751.52,3277.01,0,0,0.0000
3957,14865.97,3834.84,0,0,0.0000
3958,15109.42,3229.43,0,0,0.0000
3959,14798.68,3630.27,NaN,NaN,NaN
3960,15013.77,3636.10,0,0,0.0000
3961,14766.01,3696.89,NaN,NaN,NaN
3962,15029.55,3397.69,NaN,NaN,NaN
3963,14971.28,3219.34,NaN,NaN,NaN
3964,14977.03,3559.01,NaN,NaN,NaN
3965,14819.09,3261.91,0,0,0.0000
3966,14908.51,3278.04,0,0,0.0000
3967,14987.48,3276.83,NaN,NaN,NaN
3968,15136.00,3437.08,NaN,NaN,NaN
3969,14830.03,3690.04,0,0,0.0000
3970,14974.63,3323.43,4,5,0.0000
3971,14857.26,3464.25,0,0,0.0000
3972,16048.38,3350.25,2,4,2.0000
3973,15835.64,3833.49,NaN,NaN,NaN
3974,16122.22,3447.71,0,0,0.0000
3975,15755.21,3947.18,2,5,2.5000
3976,15721.73,3640.26,NaN,NaN,NaN
3977,15966.63,3814.35,2,4,2.0000
3978,15720.77,3757.61,NaN,NaN,NaN
3979,16176.70,3367.30,NaN,NaN,NaN
3980,15796.48,3708.52,3,2,0.0000
3981,15875.82,3684.43,NaN,NaN,NaN
3982,16258.42,3252.39,0,0,0.0000
3983,15873.19,3604.63,0,0,0.0000
3984,16052.15,3632.96,0,0,0.0000
3985,15855.82,3935.48,NaN,NaN,NaN
3986,15938.32,3750.23,NaN,NaN,NaN
3987,15948.37,3586.67,0,0,0.0000
3988,16325.32,3201.31,NaN,NaN,NaN
3989,15793.01,3541.53,2,1,0.0000
3990,15727.93,3568.47,NaN,NaN,NaN
3991,15860.47,3523.50,4,6,0.0000
3992,15983.91,3662.44,0,0,0.0000
3993,15892.24,3870.23,0,0,0.0000
3994,15648.91,3734.73,NaN,NaN,NaN
3995,16071.12,3544.70,0,0,0.0000
3996,16009.06,3592.65,0,0,0.0000
3997,15899.01,3931.99,NaN,NaN,NaN
3998,16146.62,3204.09,2,5,2.5000
3999,15801.53,3796.02,0,0,0.0000
4000,15935.81,3684.81,2,4,2.0000
4001,16191.25,3252.48,NaN,NaN,NaN
4002,15906.17,3534.53,NaN,NaN,NaN
4003,16312.37,3260.20,NaN,NaN,NaN
4004,16093.84,3572.92,0,0,0.0000
4005,15817.46,3635.20,0,0,0.0000
4006,16129.32,3263.23,0,0,0.0000
4007,207.90,4284.50,0,0,0.0000
4008,252.42,4416.84,NaN,NaN,NaN
4009,94.72,4036.24,NaN,NaN,NaN
4010,339.12,4299.28,2,5,2.5000
4011,244.17,4160.76,3,4,0.0000
4012,300.38,4547.12,NaN,NaN,NaN
4013,77.94,4359.47,0,0,0.0000
4014,172.44,3974.45,NaN,NaN,NaN
4015,416.49,4535.28,NaN,NaN,NaN
4016,401.70,4457.06,NaN,NaN,NaN
4017,309.42,4130.28,NaN,NaN,NaN
4018,513.74,4602.85,0,0,0.0000
4019,158.54,4120.83,3,2,0.0000
4020,56.68,4274.86,NaN,NaN,NaN
4021,84.56,4155.87,0,0,0.0000
4022,283.91,4048.92,0,0,0.0000
4023,608.58,4658.09,0,0,0.0000
4024,397.43,4390.27,NaN,NaN,NaN
4025,76.19,4215.10,0,0,0.0000
4026,184.91,4058.38,0,0,0.0000
4027,375.56,4569.01,NaN,NaN,NaN
4028,114.53,4298.50,NaN,NaN,NaN
4029,446.11,4386.07,2,2,0.0000
4030,218.07,4348.91,3,6,2.0000
4031,711.43,4709.32,NaN,NaN,NaN
4032,16.82,4019.42,0,0,0.0000
4033,344.53,4219.40,NaN,NaN,NaN
4034,1614.03,4411.09,0,0,0.0000
4035,1605.52,4297.17,3,2,0.0000
4036,1661.40,4728.51,0,0,0.0000
4037,1622.17,4339.50,4,3,0.0000
4038,1621.30,4220.65,NaN,NaN,NaN
4039,1550.32,4360.57,NaN,NaN,NaN
4040,1644.18,4580.19,NaN,NaN,NaN
4041,1010.98,4031.13,3,7,2.3333
4042,1210.69,4005.09,4,4,0.0000
4043,1157.22,4026.40,2,2,0.0000
4044,1068.59,4035.54,0,0,0.0000
4045,1646.77,3969.40,0,0,0.0000
4046,1549.24,4307.53,0,0,0.0000
4047,1988.59,4421.36,NaN,NaN,NaN
4048,1735.44,4470.22,NaN,NaN,NaN
4049,2399.66,4713.96,6,20,3.3333
4050,2035.02,4088.97,6,10,0.0000
4051,1910.58,4241.60,NaN,NaN,NaN
4052,1946.83,4055.57,4,7,0.0000
4053,2302.35,4421.65,0,0,0.0000
4054,1762.42,4177.22,0,0,0.0000
4055,1867.30,4611.51,NaN,NaN,NaN
4056,2415.98,4612.66,2,1,0.0000
4057,2258.23,4569.17,NaN,NaN,NaN
4058,1837.72,4470.50,0,0,0.0000
4059,1933.80,4671.52,NaN,NaN,NaN
4060,2197.50,4504.64,NaN,NaN,NaN
4061,1870.13,4405.08,NaN,NaN,NaN
4062,2223.58,4412.81,NaN,NaN,NaN
4063,1666.09,4452.76,NaN,NaN,NaN
4064,2243.87,4665.90,NaN,NaN,NaN
4065,1941.01,4129.84,3,6,2.0000
4066,1796.50,4562.12,0,0,0.0000
4067,2103.96,4374.53,2,3,0.0000
4068,2076.88,4196.28,NaN,NaN,NaN
4069,1803.82,4308.18,0,0,0.0000
4070,2334.68,4621.43,NaN,NaN,NaN
4071,1696.73,4590.43,NaN,NaN,NaN
4072,1769.24,4029.79,0,0,0.0000
4073,1965.05,4206.49,0,0,0.0000
4074,1836.33,4218.20,4,5,0.0000
4075,2111.13,4093.70,3,4,0.0000
4076,1727.63,4046.76,NaN,NaN,NaN
4077,1764.19,4372.18,0,0,0.0000
4078,2355.94,4512.96,2,5,2.5000
4079,1790.38,4094.49,0,0,0.0000
4080,2191.20,4237.21,3,1,0.0000
4081,2048.55,4320.35,0,0,0.0000
4082,2149.80,4016.92,2,6,3.0000
4083,2051.29,4396.87,0,0,0.0000
4084,2163.61,4280.62,NaN,NaN,NaN
4085,2157.06,4067.53,0,0,0.0000
4086,1873.65,4087.87,0,0,0.0000
4087,2113.84,4486.34,NaN,NaN,NaN
4088,2314.87,4525.72,0,0,0.0000
4089,2110.16,4437.89,0,0,0.0000
4090,1880.56,4679.94,NaN,NaN,NaN
4091,2095.33,3975.42,0,0,0.0000
4092,2239.13,4285.01,NaN,NaN,NaN
4093,2049.64,3994.64,0,0,0.0000
4094,1691.54,4175.94,0,0,0.0000
4095,2265.94,4266.83,NaN,NaN,NaN
4096,2502.23,4716.84,NaN,NaN,NaN
4097,3028.95,4501.88,2,3,0.0000
4098,2562.61,4723.04,NaN,NaN,NaN
4099,3333.69,4036.22,NaN,NaN,NaN
4100,3632.86,3980.75,NaN,NaN,NaN
4101,3776.83,4652.35,NaN,NaN,NaN
4102,3599.10,4381.41,2,5,2.5000
4103,3659.12,4336.78,NaN,NaN,NaN
4104,3783.33,4379.57,NaN,NaN,NaN
4105,3435.73,4182.90,NaN,NaN,NaN
4106,3948.29,4339.70,2,2,0.0000
4107,3773.09,4532.45,NaN,NaN,NaN
4108,3431.15,4092.12,0,0,0.0000
4109,3416.48,3982.85,NaN,NaN,NaN
4110,3687.77,4243.34,0,0,0.0000
4111,3865.14,4512.31,NaN,NaN,NaN
4112,3495.01,4309.40,2,3,0.0000
4113,3483.60,4467.78,0,0,0.0000
4114,3571.38,4112.23,NaN,NaN,NaN
4115,3888.49,4382.71,NaN,NaN,NaN
4116,3595.29,4039.12,2,6,3.0000
4117,3578.59,4678.35,NaN,NaN,NaN
4118,3707.53,4646.48,3,4,0.0000
4119,3735.60,4057.55,0,0,0.0000
4120,3908.51,4444.15,NaN,NaN,NaN
4121,3662.21,4165.52,NaN,NaN,NaN
4122,3957.09,4714.24,5,9,0.0000
4123,3731.92,3973.88,NaN,NaN,NaN
4124,3525.98,4485.37,0,0,0.0000
4125,3540.93,4274.41,3,3,0.0000
4126,3616.71,4618.76,2,3,0.0000
4127,3630.84,4536.59,NaN,NaN,NaN
4128,3698.76,4517.15,0,0,0.0000
4129,3915.48,4635.51,NaN,NaN,NaN
4130,3799.45,4163.28,NaN,NaN,NaN
4131,3440.06,4333.95,NaN,NaN,NaN
4132,3581.12,4236.35,NaN,NaN,NaN
4133,3273.56,3968.05,0,0,0.0000
4134,3517.75,3995.55,0,0,0.0000
4135,3754.43,4444.64,2,4,2.0000
4136,3775.89,4276.75,0,0,0.0000
4137,3852.26,4259.25,NaN,NaN,NaN
4138,3574.53,4523.65,2,1,0.0000
4139,3454.78,4406.93,NaN,NaN,NaN
4140,3462.59,4003.23,0,0,0.0000
4141,3853.15,4579.07,NaN,NaN,NaN
4142,3898.87,4206.14,0,0,0.0000
4143,3964.97,4640.34,NaN,NaN,NaN
4144,3721.83,4140.82,NaN,NaN,NaN
4145,3784.90,4206.65,NaN,NaN,NaN
4146,3616.15,4454.98,4,5,0.0000
4147,3516.73,4065.48,NaN,NaN,NaN
4148,3586.34,4285.79,0,0,0.0000
4149,3371.08,4201.33,3,4,0.0000
4150,3542.17,4604.86,0,0,0.0000
4151,3681.73,4108.57,0,0,0.0000
4152,3633.10,4706.00,2,3,0.0000
4153,4054.41,4694.53,NaN,NaN,NaN
4154,4005.82,4599.61,NaN,NaN,NaN
4155,4612.41,4127.36,NaN,NaN,NaN
4156,4536.27,4049.08,0,0,0.0000
4157,4584.10,4216.90,0,0,0.0000
4158,4686.42,4038.55,2,5,2.5000
4159,4163.41,4707.37,5,4,0.0000
4160,4476.39,3980.95,NaN,NaN,NaN
4161,4473.00,4052.40,0,0,0.0000
4162,4684.36,4344.21,NaN,NaN,NaN
4163,4386.70,4124.50,0,0,0.0000
4164,4728.68,4177.17,0,0,0.0000
4165,4528.26,4124.94,0,0,0.0000
4166,4644.08,4210.51,3,4,0.0000
4167,4624.52,4026.57,0,0,0.0000
4168,4731.15,4009.23,NaN,NaN,NaN
4169,4399.52,4071.53,NaN,NaN,NaN
4170,4588.95,3977.10,0,0,0.0000
4171,4699.88,4141.92,2,2,0.0000
4172,3994.71,4509.88,0,0,0.0000
4173,4694.63,4223.80,NaN,NaN,NaN
4174,5383.95,4413.83,2,4,2.0000
4175,5432.85,4682.52,0,0,0.0000
4176,4987.23,4721.08,NaN,NaN,NaN
4177,5088.98,4024.04,NaN,NaN,NaN
4178,5500.68,4397.99,0,0,0.0000
4179,5429.79,3993.39,3,2,0.0000
4180,5146.35,4232.20,4,6,0.0000
4181,5274.53,4197.56,0,0,0.0000
4182,4927.69,4481.17,NaN,NaN,NaN
4183,5461.02,4099.56,0,0,0.0000
4184,5415.43,4205.31,NaN,NaN,NaN
4185,4875.17,4590.40,NaN,NaN,NaN
4186,5010.94,4363.44,NaN,NaN,NaN
4187,5007.12,4211.91,NaN,NaN,NaN
4188,4996.13,4518.14,NaN,NaN,NaN
4189,4905.42,4348.73,NaN,NaN,NaN
4190,4825.94,4131.39,NaN,NaN,NaN
4191,5129.24,4545.49,NaN,NaN,NaN
4192,5309.60,4266.00,NaN,NaN,NaN
4193,5148.98,4610.62,NaN,NaN,NaN
4194,4765.09,4270.72,NaN,NaN,NaN
4195,5328.33,3999.16,NaN,NaN,NaN
4196,4781.22,4056.86,NaN,NaN,NaN
4197,4957.44,4085.86,NaN,NaN,NaN
4198,5196.42,4109.05,2,3,0.0000
4199,5351.05,4130.36,2,0,0.0000
4200,4837.82,4250.43,NaN,NaN,NaN
4201,5274.00,4115.51,NaN,NaN,NaN
4202,4824.98,4354.01,0,0,0.0000
4203,5382.25,4059.37,2,2,0.0000
4204,5072.43,4207.00,NaN,NaN,NaN
4205,4896.72,3995.86,2,7,3.5000
4206,4826.90,3985.70,4,6,0.0000
4207,5080.38,4650.58,NaN,NaN,NaN
4208,5217.57,4265.93,NaN,NaN,NaN
4209,5268.92,4624.64,NaN,NaN,NaN
4210,4924.57,4148.81,NaN,NaN,NaN
4211,5149.06,4366.43,NaN,NaN,NaN
4212,4949.36,4202.01,2,4,2.0000
4213,4989.94,4606.38,NaN,NaN,NaN
4214,5094.73,4130.43,2,6,3.0000
4215,4949.72,3989.83,NaN,NaN,NaN
4216,5388.10,4612.82,2,7,3.5000
4217,5238.21,4457.17,NaN,NaN,NaN
4218,5187.42,4675.53,2,7,3.5000
4219,5178.57,4007.55,NaN,NaN,NaN
4220,5252.16,4683.53,NaN,NaN,NaN
4221,4749.92,4125.42,2,2,0.0000
4222,4886.94,4095.94,0,0,0.0000
4223,5098.73,4410.87,3,2,0.0000
4224,4880.40,4254.83,NaN,NaN,NaN
4225,5234.80,4034.27,0,0,0.0000
4226,5082.13,4326.90,2,3,0.0000
4227,4937.83,4277.08,NaN,NaN,NaN
4228,4860.62,4454.06,NaN,NaN,NaN
4229,5421.57,4564.94,NaN,NaN,NaN
4230,4821.56,4525.34,NaN,NaN,NaN
4231,5233.88,4528.62,2,4,2.0000
4232,5132.03,4172.90,3,3,0.0000
4233,5310.98,4431.43,0,0,0.0000
4234,5298.85,4505.81,2,0,0.0000
4235,5282.32,4068.34,0,0,0.0000
4236,5175.49,4426.79,4,7,0.0000
4237,5054.21,4552.96,NaN,NaN,NaN
4238,4775.29,4477.27,NaN,NaN,NaN
4239,5317.60,4560.38,NaN,NaN,NaN
4240,4831.52,4473.17,0,0,0.0000
4241,4907.67,4202.65,0,0,0.0000
4242,4795.93,4209.22,NaN,NaN,NaN
4243,5104.07,4480.41,3,5,0.0000
4244,5126.44,4455.53,NaN,NaN,NaN
4245,4859.74,4182.35,NaN,NaN,NaN
4246,5060.49,4089.35,NaN,NaN,NaN
4247,5303.29,4035.70,0,0,0.0000
4248,4780.05,4348.46,NaN,NaN,NaN
4249,6077.38,4129.97,0,0,0.0000
4250,5529.44,4545.35,0,0,0.0000
4251,5956.93,4282.51,5,6,0.0000
4252,5693.00,4209.83,2,4,2.0000
4253,5893.81,4152.44,NaN,NaN,NaN
4254,5589.27,4361.68,2,3,0.0000
4255,6203.75,4297.47,NaN,NaN,NaN
4256,5810.82,4696.40,2,4,2.0000
4257,5746.26,4625.69,4,4,0.0000
4258,5710.69,4411.43,2,7,3.5000
4259,5763.39,4507.24,NaN,NaN,NaN
4260,6114.36,4445.55,2,2,0.0000
4261,5799.59,4406.08,0,0,0.0000
4262,5902.00,4583.91,NaN,NaN,NaN
4263,6102.35,4548.14,NaN,NaN,NaN
4264,5561.41,4040.61,NaN,NaN,NaN
4265,5591.12,4213.66,NaN,NaN,NaN
4266,5900.35,4398.61,NaN,NaN,NaN
4267,5651.76,3997.29,2,4,2.0000
4268,6031.59,4470.95,0,0,0.0000
4269,5826.71,4321.22,NaN,NaN,NaN
4270,5835.94,4257.16,0,0,0.0000
4271,5763.74,4121.99,2,3,0.0000
4272,5765.32,4019.05,0,0,0.0000
4273,6141.03,4624.12,2,2,0.0000
4274,6228.20,4165.23,NaN,NaN,NaN
4275,5925.04,4088.90,0,0,0.0000
4276,5526.33,4174.98,NaN,NaN,NaN
4277,5623.45,4620.61,NaN,NaN,NaN
4278,6261.94,4029.66,NaN,NaN,NaN
4279,5981.15,4515.94,NaN,NaN,NaN
4280,5726.41,4556.25,0,0,0.0000
4281,6042.71,4581.49,2,5,2.5000
4282,6174.97,4050.46,0,0,0.0000
4283,5567.71,4450.15,0,0,0.0000
4284,5886.08,4684.68,NaN,NaN,NaN
4285,5786.80,4067.94,NaN,NaN,NaN
4286,5828.16,4175.04,NaN,NaN,NaN
4287,5624.49,4489.91,0,0,0.0000
4288,5645.45,4549.08,NaN,NaN,NaN
4289,5873.10,4328.35,NaN,NaN,NaN
4290,5516.93,4108.92,NaN,NaN,NaN
4291,5717.70,3978.36,0,0,0.0000
4292,5957.18,4359.18,NaN,NaN,NaN
4293,6069.30,4652.85,0,0,0.0000
4294,5617.78,4690.54,NaN,NaN,NaN
4295,5937.18,4507.06,3,9,3.0000
4296,6009.48,4138.72,0,0,0.0000
4297,6252.45,4223.90,4,4,0.0000
4298,5867.01,4512.66,NaN,NaN,NaN
4299,5652.62,4458.69,NaN,NaN,NaN
4300,5596.28,4111.05,0,0,0.0000
4301,6118.59,4677.27,NaN,NaN,NaN
4302,6012.33,4255.01,NaN,NaN,NaN
4303,5650.20,4291.64,NaN,NaN,NaN
4304,5833.80,4599.45,NaN,NaN,NaN
4305,5795.57,4473.82,0,0,0.0000
4306,7035.66,4609.89,0,0,0.0000
4307,6500.28,4036.85,NaN,NaN,NaN
4308,6466.48,4238.17,3,4,0.0000
4309,6634.29,4728.19,3,8,2.6667
4310,6766.27,4530.90,2,6,3.0000
4311,6913.43,4113.44,0,0,0.0000
4312,6635.62,4127.38,2,4,2.0000
4313,6760.26,4361.90,NaN,NaN,NaN
4314,6856.23,4597.85,2,2,0.0000
4315,6385.23,4072.49,NaN,NaN,NaN
4316,6996.48,4319.25,NaN,NaN,NaN
4317,6464.90,4597.78,NaN,NaN,NaN
4318,6968.13,4216.94,0,0,0.0000
4319,6711.18,4070.30,NaN,NaN,NaN
4320,6834.79,4267.77,2,5,2.5000
4321,6904.09,3989.78,NaN,NaN,NaN
4322,6560.95,4261.34,NaN,NaN,NaN
4323,7007.62,4052.29,0,0,0.0000
4324,6369.08,4601.82,NaN,NaN,NaN
4325,6677.15,4590.80,2,3,0.0000
4326,6444.78,4660.16,NaN,NaN,NaN
4327,6825.94,4186.29,NaN,NaN,NaN
4328,6304.39,4498.76,0,0,0.0000
4329,6596.94,4340.45,NaN,NaN,NaN
4330,6468.12,4426.83,0,0,0.0000
4331,7035.17,4135.11,0,0,0.0000
4332,6822.00,4118.93,NaN,NaN,NaN
4333,6572.13,4617.26,NaN,NaN,NaN
4334,6545.18,4515.90,3,4,0.0000
4335,6726.31,4640.12,NaN,NaN,NaN
4336,6557.12,4697.29,NaN,NaN,NaN
4337,6753.72,4002.60,0,0,0.0000
4338,6628.04,4001.55,NaN,NaN,NaN
4339,6753.35,4266.45,2,5,2.5000
4340,6782.80,4627.21,0,0,0.0000
4341,6918.12,4627.36,NaN,NaN,NaN
4342,6725.94,4170.46,NaN,NaN,NaN
4343,6574.28,3990.44,NaN,NaN,NaN
4344,6434.84,4036.95,NaN,NaN,NaN
4345,6374.66,4684.08,NaN,NaN,NaN
4346,6703.93,4437.65,0,0,0.0000
4347,6304.38,4097.30,0,0,0.0000
4348,6515.96,4185.01,NaN,NaN,NaN
4349,6409.44,4326.94,3,5,0.0000
4350,6627.81,4418.13,0,0,0.0000
4351,6502.94,4363.28,NaN,NaN,NaN
4352,6939.14,4361.62,NaN,NaN,NaN
4353,6658.64,4511.40,0,0,0.0000
4354,6964.79,4552.34,0,0,0.0000
4355,6926.60,4297.88,NaN,NaN,NaN
4356,6892.89,4275.44,NaN,NaN,NaN
4357,6768.85,4686.84,0,0,0.0000
4358,6992.14,3981.01,0,0,0.0000
4359,6434.66,4497.51,0,0,0.0000
4360,6552.27,4412.97,NaN,NaN,NaN
4361,6635.53,4277.95,0,0,0.0000
4362,6397.66,4724.86,0,0,0.0000
4363,6608.96,4487.29,2,3,0.0000
4364,6698.57,4372.13,2,8,4.0000
4365,6759.81,4113.61,NaN,NaN,NaN
4366,6468.11,4126.22,NaN,NaN,NaN
4367,7361.67,4003.73,NaN,NaN,NaN
4368,7254.46,4399.50,2,2,0.0000
4369,7150.54,4047.38,NaN,NaN,NaN
4370,7765.39,4108.39,NaN,NaN,NaN
4371,7774.61,4292.98,0,0,0.0000
4372,7689.76,4619.88,NaN,NaN,NaN
4373,7493.19,4591.67,0,0,0.0000
4374,7399.78,4423.48,2,4,2.0000
4375,7428.58,4173.55,0,0,0.0000
4376,7648.18,4198.31,NaN,NaN,NaN
4377,7316.44,4629.27,NaN,NaN,NaN
4378,7192.14,4174.32,0,0,0.0000
4379,7465.92,4325.18,NaN,NaN,NaN
4380,7591.84,4721.82,NaN,NaN,NaN
4381,7583.98,4447.61,0,0,0.0000
4382,7455.66,4046.10,NaN,NaN,NaN
4383,7779.45,4384.14,0,0,0.0000
4384,7658.95,4392.24,NaN,NaN,NaN
4385,7689.56,4320.51,0,0,0.0000
4386,7613.71,4534.81,2,3,0.0000
4387,7127.43,4416.29,3,2,0.0000
4388,7416.21,4538.17,NaN,NaN,NaN
4389,7739.56,4453.29,2,3,0.0000
4390,7488.33,4689.80,NaN,NaN,NaN
4391,7520.93,4086.45,NaN,NaN,NaN
4392,7248.43,4603.29,NaN,NaN,NaN
4393,7298.10,4074.04,NaN,NaN,NaN
4394,7415.68,4300.01,0,0,0.0000
4395,7196.29,4692.42,NaN,NaN,NaN
4396,7443.08,4121.21,0,0,0.0000
4397,7076.16,3993.17,2,3,0.0000
4398,7715.44,4498.72,0,0,0.0000
4399,7553.96,4312.33,NaN,NaN,NaN
4400,7710.10,4564.25,0,0,0.0000
4401,7775.42,4706.31,0,0,0.0000
4402,7799.57,4504.36,0,0,0.0000
4403,7061.27,4275.49,0,0,0.0000
4404,7331.38,4128.74,0,0,0.0000
4405,7221.41,4247.63,NaN,NaN,NaN
4406,7182.34,4326.88,0,0,0.0000
4407,7116.39,4220.15,NaN,NaN,NaN
4408,7279.43,4168.71,NaN,NaN,NaN
4409,7565.41,4623.69,0,0,0.0000
4410,7755.64,4203.95,0,0,0.0000
4411,7365.91,4711.45,0,0,0.0000
4412,7715.32,4678.64,3,6,2.0000
4413,7673.96,4099.87,0,0,0.0000
4414,7416.96,4704.09,NaN,NaN,NaN
4415,7101.10,4343.43,0,0,0.0000
4416,7405.96,4648.95,NaN,NaN,NaN
4417,7536.31,4377.32,0,0,0.0000
4418,7584.39,4210.19,0,0,0.0000
4419,7389.85,4235.49,NaN,NaN,NaN
4420,7305.17,4716.61,3,4,0.0000
4421,7254.51,4518.91,NaN,NaN,NaN
4422,7507.12,4258.89,0,0,0.0000
4423,7138.10,4654.49,2,4,2.0000
4424,7685.00,4161.27,2,6,3.0000
4425,7611.33,4666.56,0,0,0.0000
4426,7103.48,4718.04,0,0,0.0000
4427,7308.67,4548.02,NaN,NaN,NaN
4428,7781.93,4036.08,NaN,NaN,NaN
4429,7199.34,4098.06,NaN,NaN,NaN
4430,7351.18,4485.45,0,0,0.0000
4431,7155.40,4286.77,NaN,NaN,NaN
4432,7799.97,4014.83,NaN,NaN,NaN
4433,7232.01,4106.96,NaN,NaN,NaN
4434,7041.91,4521.40,NaN,NaN,NaN
4435,7159.30,4621.08,NaN,NaN,NaN
4436,7655.92,4461.10,NaN,NaN,NaN
4437,7309.89,4278.57,2,6,3.0000
4438,7403.28,4601.88,0,0,0.0000
4439,7270.05,4294.91,0,0,0.0000
4440,7126.49,4484.86,NaN,NaN,NaN
4441,7248.78,4052.48,2,6,3.0000
4442,7426.85,4483.69,NaN,NaN,NaN
4443,7049.01,4386.19,3,3,0.0000
4444,7612.52,4309.38,0,0,0.0000
4445,7873.19,4072.26,NaN,NaN,NaN
4446,7846.37,4657.84,NaN,NaN,NaN
4447,7858.73,4270.07,0,0,0.0000
4448,7890.69,4470.21,0,0,0.0000
4449,8060.18,4620.82,2,5,2.5000
4450,8050.44,4553.97,NaN,NaN,NaN
4451,7877.25,4578.07,NaN,NaN,NaN
4452,7835.03,4118.65,NaN,NaN,NaN
4453,7837.96,4726.10,NaN,NaN,NaN
4454,7908.36,4729.50,0,0,0.0000
4455,7876.57,4343.31,3,5,0.0000
4456,7932.03,4653.81,0,0,0.0000
4457,8039.53,4722.88,NaN,NaN,NaN
4458,8494.61,4035.18,NaN,NaN,NaN
4459,7814.44,4457.26,0,0,0.0000
4460,7905.65,4537.98,0,0,0.0000
4461,8547.60,4235.39,0,0,0.0000
4462,7951.32,4478.28,0,0,0.0000
4463,7973.44,4557.12,0,0,0.0000
4464,7997.88,4531.98,0,0,0.0000
4465,8460.37,3982.92,0,0,0.0000
4466,7956.22,4583.39,0,0,0.0000
4467,8555.51,4368.48,0,0,0.0000
4468,8035.88,4490.55,NaN,NaN,NaN
4469,7955.54,4707.47,0,0,0.0000
4470,9264.98,4729.14,NaN,NaN,NaN
4471,9216.38,4302.13,0,0,0.0000
4472,9150.63,4407.09,NaN,NaN,NaN
4473,9229.76,4213.47,NaN,NaN,NaN
4474,9268.54,4508.94,0,0,0.0000
4475,9231.36,4574.47,NaN,NaN,NaN
4476,9341.81,4293.02,NaN,NaN,NaN
4477,9135.28,4335.39,0,0,0.0000
4478,9309.64,4333.26,NaN,NaN,NaN
4479,9220.33,4660.40,NaN,NaN,NaN
4480,9199.61,4734.82,0,0,0.0000
4481,9284.83,4642.01,NaN,NaN,NaN
4482,9215.73,4455.12,NaN,NaN,NaN
4483,9163.71,4261.69,NaN,NaN,NaN
4484,9316.84,4413.69,NaN,NaN,NaN
4485,8576.19,4195.15,NaN,NaN,NaN
4486,9299.48,4194.38,NaN,NaN,NaN
4487,8593.46,4352.91,NaN,NaN,NaN
4488,9176.83,4496.34,2,3,0.0000
4489,9250.63,4169.97,NaN,NaN,NaN
4490,9229.44,4388.02,2,4,2.0000
4491,8583.26,4287.36,0,0,0.0000
4492,8645.07,4503.74,NaN,NaN,NaN
4493,8578.31,4406.24,0,0,0.0000
4494,9464.12,4245.88,NaN,NaN,NaN
4495,9971.02,4593.08,NaN,NaN,NaN
4496,10106.87,4686.03,NaN,NaN,NaN
4497,9347.50,4587.84,0,0,0.0000
4498,9462.67,4591.40,2,3,0.0000
4499,9860.03,4365.40,NaN,NaN,NaN
4500,9889.27,4532.24,NaN,NaN,NaN
4501,9357.65,4191.95,0,0,0.0000
4502,10056.13,4294.78,NaN,NaN,NaN
4503,9874.37,4670.42,NaN,NaN,NaN
4504,9473.44,4436.53,NaN,NaN,NaN
4505,9874.89,4444.05,3,7,2.3333
4506,9931.32,3983.60,NaN,NaN,NaN
4507,9930.77,4327.49,NaN,NaN,NaN
4508,10083.96,4396.12,NaN,NaN,NaN
4509,9466.26,4672.61,0,0,0.0000
4510,9468.88,4348.22,NaN,NaN,NaN
4511,10022.15,4659.50,0,0,0.0000
4512,9859.39,4106.05,2,2,0.0000
4513,9934.61,4143.30,0,0,0.0000
4514,9965.31,4201.80,0,0,0.0000
4515,9402.94,4681.01,0,0,0.0000
4516,9404.55,4405.08,0,0,0.0000
4517,10036.64,4473.98,0,0,0.0000
4518,9998.86,4124.69,NaN,NaN,NaN
4519,10070.73,4589.65,NaN,NaN,NaN
4520,10067.74,4194.38,0,0,0.0000
4521,9818.99,4726.02,NaN,NaN,NaN
4522,9995.21,4056.49,NaN,NaN,NaN
4523,10075.58,4101.80,2,5,2.5000
4524,10065.78,4017.19,0,0,0.0000
4525,9935.15,4382.88,0,0,0.0000
4526,9754.04,4216.98,NaN,NaN,NaN
4527,10101.48,4499.75,NaN,NaN,NaN
4528,9918.22,4275.29,NaN,NaN,NaN
4529,9811.67,4159.99,2,2,0.0000
4530,9903.76,4596.13,2,6,3.0000
4531,9410.49,4475.62,NaN,NaN,NaN
4532,9974.70,4251.01,NaN,NaN,NaN
4533,9920.00,4058.95,0,0,0.0000
4534,9835.46,4514.66,NaN,NaN,NaN
4535,9372.92,4262.33,NaN,NaN,NaN
4536,9850.59,4144.76,0,0,0.0000
4537,10766.02,4266.16,NaN,NaN,NaN
4538,10405.05,4096.22,2,2,0.0000
4539,10640.30,4313.22,NaN,NaN,NaN
4540,10293.41,4671.36,NaN,NaN,NaN
4541,10476.21,4470.16,NaN,NaN,NaN
4542,10563.87,4116.42,0,0,0.0000
4543,10188.46,4724.47,2,4,2.0000
4544,10637.31,4160.57,2,3,0.0000
4545,10469.71,4703.43,NaN,NaN,NaN
4546,10708.68,3976.89,NaN,NaN,NaN
4547,10847.02,4207.86,2,4,2.0000
4548,10748.06,4496.18,NaN,NaN,NaN
4549,10617.35,4500.76,NaN,NaN,NaN
4550,10132.74,4308.49,2,7,3.5000
4551,10861.81,4550.43,0,0,0.0000
4552,10152.99,4566.05,NaN,NaN,NaN
4553,10778.62,4048.76,0,0,0.0000
4554,10266.54,4114.54,NaN,NaN,NaN
4555,10817.00,4686.65,0,0,0.0000
4556,10332.06,4555.00,NaN,NaN,NaN
4557,10600.45,4617.45,NaN,NaN,NaN
4558,10699.25,4100.71,NaN,NaN,NaN
4559,10713.93,4637.57,NaN,NaN,NaN
4560,10305.41,4022.59,NaN,NaN,NaN
4561,10256.64,4234.25,0,0,0.0000
4562,10679.88,4459.85,NaN,NaN,NaN
4563,10199.65,4422.12,0,0,0.0000
4564,10486.85,4067.21,NaN,NaN,NaN
4565,10663.80,4607.97,2,3,0.0000
4566,10513.94,4586.87,0,0,0.0000
4567,10543.73,4671.38,NaN,NaN,NaN
4568,10498.08,4173.03,0,0,0.0000
4569,10554.07,4248.86,NaN,NaN,NaN
4570,10384.29,4344.06,NaN,NaN,NaN
4571,10328.17,4184.60,NaN,NaN,NaN
4572,10462.01,4238.11,0,0,0.0000
4573,10353.80,4417.49,0,0,0.0000
4574,10741.17,4367.12,NaN,NaN,NaN
4575,10297.78,4345.28,NaN,NaN,NaN
4576,10578.51,4385.40,NaN,NaN,NaN
4577,10384.29,4648.32,0,0,0.0000
4578,10870.73,4406.81,NaN,NaN,NaN
4579,10226.50,3970.56,NaN,NaN,NaN
4580,10785.90,4599.91,NaN,NaN,NaN
4581,10241.52,4036.99,NaN,NaN,NaN
4582,10175.20,4239.88,0,0,0.0000
4583,10381.22,4522.14,0,0,0.0000
4584,10258.59,4490.86,NaN,NaN,NaN
4585,10870.67,4124.98,NaN,NaN,NaN
4586,10247.02,4577.12,NaN,NaN,NaN
4587,10332.85,4275.82,2,5,2.5000
4588,10675.99,4036.78,NaN,NaN,NaN
4589,10133.74,4014.62,NaN,NaN,NaN
4590,10199.59,4156.14,0,0,0.0000
4591,10783.69,4156.05,0,0,0.0000
4592,10199.08,4346.16,NaN,NaN,NaN
4593,10389.14,4731.85,NaN,NaN,NaN
4594,10822.58,4112.29,0,0,0.0000
4595,10408.56,4198.41,2,3,0.0000
4596,10130.15,4446.48,NaN,NaN,NaN
4597,10451.61,4610.44,0,0,0.0000
4598,10225.93,4291.10,0,0,0.0000
4599,10822.52,4442.34,2,1,0.0000
4600,10624.17,4041.16,NaN,NaN,NaN
4601,10527.00,4340.43,0,0,0.0000
4602,10578.42,4035.37,0,0,0.0000
4603,10115.49,4181.53,0,0,0.0000
4604,11138.73,4334.37,NaN,NaN,NaN
4605,10994.50,4176.61,3,1,0.0000
4606,11087.98,4129.70,2,3,0.0000
4607,10921.58,4088.51,0,0,0.0000
4608,11176.59,4693.60,NaN,NaN,NaN
4609,10934.05,4583.06,0,0,0.0000
4610,11075.63,4449.93,0,0,0.0000
4611,11178.04,4431.39,0,0,0.0000
4612,10928.92,4433.04,NaN,NaN,NaN
4613,11133.39,4476.36,NaN,NaN,NaN
4614,11006.03,3991.30,NaN,NaN,NaN
4615,11099.70,4697.11,2,6,3.0000
4616,11111.10,4596.23,NaN,NaN,NaN
4617,11035.99,4321.13,NaN,NaN,NaN
4618,11021.41,4484.91,2,2,0.0000
4619,11007.70,4385.13,0,0,0.0000
4620,11257.63,4678.64,NaN,NaN,NaN
4621,11039.89,3971.88,NaN,NaN,NaN
4622,11027.24,4646.26,NaN,NaN,NaN
4623,11069.73,4269.97,NaN,NaN,NaN
4624,11165.13,4612.82,NaN,NaN,NaN
4625,11012.49,4067.52,NaN,NaN,NaN
4626,11080.42,4051.20,0,0,0.0000
4627,10961.05,4346.86,2,2,0.0000
4628,10971.33,4039.92,0,0,0.0000
4629,11113.99,4235.57,NaN,NaN,NaN
4630,11213.88,4638.24,NaN,NaN,NaN
4631,10980.35,4702.01,3,6,2.0000
4632,10921.58,4293.51,NaN,NaN,NaN
4633,10973.12,4291.86,NaN,NaN,NaN
4634,13912.83,4407.41,0,0,0.0000
4635,13773.93,4455.47,0,0,0.0000
4636,13915.61,4669.16,NaN,NaN,NaN
4637,13860.88,4512.07,NaN,NaN,NaN
4638,13810.33,4349.80,0,0,0.0000
4639,13845.21,4396.08,NaN,NaN,NaN
4640,13867.64,4272.55,NaN,NaN,NaN
4641,13921.03,4224.31,2,6,3.0000
4642,13924.77,4126.50,NaN,NaN,NaN
4643,13826.85,4701.71,0,0,0.0000
4644,13945.79,4481.92,2,3,0.0000
4645,13866.41,4619.63,NaN,NaN,NaN
4646,13911.98,4542.03,2,2,0.0000
4647,14222.51,4333.74,NaN,NaN,NaN
4648,14086.17,4669.92,4,7,0.0000
4649,14091.97,4228.24,NaN,NaN,NaN
4650,14182.78,4113.40,2,3,0.0000
4651,14123.67,4520.54,2,8,4.0000
4652,14374.10,4304.80,2,4,2.0000
4653,14229.78,4683.97,NaN,NaN,NaN
4654,14705.61,4166.07,2,2,0.0000
4655,14034.40,4595.29,0,0,0.0000
4656,14361.06,4531.53,NaN,NaN,NaN
4657,14416.18,4402.12,NaN,NaN,NaN
4658,14009.52,4241.29,NaN,NaN,NaN
4659,14107.73,4047.27,0,0,0.0000
4660,14333.20,4130.64,NaN,NaN,NaN
4661,14227.18,4504.19,2,3,0.0000
4662,14349.63,4689.80,2,7,3.5000
4663,14451.62,4457.12,2,2,0.0000
4664,14429.13,4248.34,NaN,NaN,NaN
4665,14493.51,4401.88,5,8,0.0000
4666,14119.88,4327.79,2,5,2.5000
4667,14170.08,4403.62,0,0,0.0000
4668,14421.95,4137.03,0,0,0.0000
4669,14397.83,4611.19,0,0,0.0000
4670,14020.91,4507.88,0,0,0.0000
4671,14641.52,4057.39,0,0,0.0000
4672,14380.61,4460.06,NaN,NaN,NaN
4673,14498.10,4638.69,2,6,3.0000
4674,14236.95,4040.58,NaN,NaN,NaN
4675,13956.10,4585.78,3,5,0.0000
4676,14470.67,4329.24,0,0,0.0000
4677,14292.70,4513.83,NaN,NaN,NaN
4678,14540.04,4258.93,0,0,0.0000
4679,13991.02,4447.64,NaN,NaN,NaN
4680,14291.97,4429.08,3,2,0.0000
4681,14437.55,4521.73,0,0,0.0000
4682,14417.65,4075.85,NaN,NaN,NaN
4683,14257.47,4599.38,NaN,NaN,NaN
4684,14679.26,4028.03,0,0,0.0000
4685,14609.02,4246.27,0,0,0.0000
4686,14661.68,4274.92,0,0,0.0000
4687,14037.10,4415.11,NaN,NaN,NaN
4688,13988.66,3981.61,0,0,0.0000
4689,14480.78,4056.72,0,0,0.0000
4690,14527.20,4075.87,NaN,NaN,NaN
4691,14649.13,4217.04,0,0,0.0000
4692,14575.26,4349.88,0,0,0.0000
4693,14775.84,4246.99,0,0,0.0000
4694,14872.24,4230.34,0,0,0.0000
4695,14875.62,4123.72,NaN,NaN,NaN
4696,14809.99,4089.21,0,0,0.0000
4697,14779.95,4031.65,2,1,0.0000
4698,14752.90,4112.07,0,0,0.0000
4699,14846.85,4171.95,0,0,0.0000
4700,14797.94,4136.65,0,0,0.0000
4701,15916.37,4007.53,NaN,NaN,NaN
4702,15828.43,4036.98,NaN,NaN,NaN
4703,15726.35,4027.57,NaN,NaN,NaN
4704,15672.91,3981.14,0,0,0.0000
4705,15868.89,4056.99,2,2,0.0000
4706,15829.39,3982.67,0,0,0.0000
4707,386.61,5339.19,3,5,0.0000
4708,482.36,5127.01,3,5,0.0000
4709,343.23,5035.43,2,2,0.0000
4710,496.61,5214.94,3,3,0.0000
4711,852.46,4895.96,3,8,2.6667
4712,298.83,5387.87,NaN,NaN,NaN
4713,224.40,5264.29,NaN,NaN,NaN
4714,522.49,5381.51,4,7,0.0000
4715,280.38,5201.85,NaN,NaN,NaN
4716,439.03,5038.53,2,3,0.0000
4717,332.89,5131.99,3,2,0.0000
4718,199.45,5359.36,2,4,2.0000
4719,510.82,5256.68,NaN,NaN,NaN
4720,571.65,5331.77,NaN,NaN,NaN
4721,285.67,5267.61,0,0,0.0000
4722,177.74,5284.11,NaN,NaN,NaN
4723,107.00,4878.93,NaN,NaN,NaN
4724,568.23,5063.53,2,2,0.0000
4725,577.47,5135.99,0,0,0.0000
4726,250.44,5124.19,NaN,NaN,NaN
4727,221.27,5415.86,2,5,2.5000
4728,781.90,4822.29,NaN,NaN,NaN
4729,661.65,4755.15,NaN,NaN,NaN
4730,401.41,5188.46,3,4,0.0000
4731,616.95,4772.74,NaN,NaN,NaN
4732,401.92,5125.19,3,5,0.0000
4733,521.33,5021.23,NaN,NaN,NaN
4734,100.27,4961.01,0,0,0.0000
4735,135.20,4922.23,0,0,0.0000
4736,790.00,5475.37,0,0,0.0000
4737,522.30,5063.17,0,0,0.0000
4738,1194.05,5036.01,NaN,NaN,NaN
4739,1449.72,5184.13,3,4,0.0000
4740,1229.00,4913.24,4,4,0.0000
4741,936.13,4909.39,NaN,NaN,NaN
4742,1103.13,5094.66,NaN,NaN,NaN
4743,1300.05,5220.61,NaN,NaN,NaN
4744,1438.32,5080.28,NaN,NaN,NaN
4745,1026.75,4901.16,NaN,NaN,NaN
4746,1535.30,5206.41,NaN,NaN,NaN
4747,1282.89,5141.45,0,0,0.0000
4748,1239.48,5189.49,NaN,NaN,NaN
4749,1098.09,4909.26,0,0,0.0000
4750,1354.95,4968.33,4,3,0.0000
4751,1359.42,5187.03,3,3,0.0000
4752,1000.38,5047.49,2,1,0.0000
4753,1375.39,5228.42,NaN,NaN,NaN
4754,1055.65,4983.28,0,0,0.0000
4755,1074.50,4820.06,0,0,0.0000
4756,1252.17,4855.86,0,0,0.0000
4757,1350.11,5122.15,0,0,0.0000
4758,2016.86,5463.95,0,0,0.0000
4759,1964.80,4886.98,0,0,0.0000
4760,1931.52,5104.10,NaN,NaN,NaN
4761,1809.96,5258.81,NaN,NaN,NaN
4762,1866.46,4963.10,NaN,NaN,NaN
4763,1905.39,5309.54,0,0,0.0000
4764,1892.82,5223.18,NaN,NaN,NaN
4765,1969.78,5364.73,NaN,NaN,NaN
4766,2098.70,5453.83,NaN,NaN,NaN
4767,1935.59,5225.57,NaN,NaN,NaN
4768,1845.82,4740.49,0,0,0.0000
4769,1849.65,5355.55,NaN,NaN,NaN
4770,1793.92,4874.02,0,0,0.0000
4771,1835.72,5414.49,0,0,0.0000
4772,2136.08,5488.49,0,0,0.0000
4773,1839.45,5030.20,0,0,0.0000
4774,1952.75,5423.74,0,0,0.0000
4775,1852.29,5479.56,0,0,0.0000
4776,1945.41,5496.54,2,3,0.0000
4777,1784.41,4804.63,0,0,0.0000
4778,2151.75,5433.74,NaN,NaN,NaN
4779,1916.32,5440.91,0,0,0.0000
4780,2811.56,5138.30,0,0,0.0000
4781,2726.63,5367.70,0,0,0.0000
4782,2717.54,5053.55,NaN,NaN,NaN
4783,2583.03,4851.80,NaN,NaN,NaN
4784,2593.34,5009.71,NaN,NaN,NaN
4785,2718.14,4938.58,NaN,NaN,NaN
4786,2651.79,5260.50,0,0,0.0000
4787,2711.10,5208.12,2,2,0.0000
4788,2894.41,5340.61,2,2,0.0000
4789,2818.07,5448.36,NaN,NaN,NaN
4790,2784.02,4984.56,NaN,NaN,NaN
4791,2907.52,5255.15,0,0,0.0000
4792,2581.82,5192.85,NaN,NaN,NaN
4793,2578.67,5101.52,NaN,NaN,NaN
4794,2887.79,5442.72,3,4,0.0000
4795,2523.76,4872.73,NaN,NaN,NaN
4796,2821.38,5358.90,0,0,0.0000
4797,2627.71,5160.44,0,0,0.0000
4798,2567.71,5386.94,NaN,NaN,NaN
4799,2540.61,5023.54,NaN,NaN,NaN
4800,2953.95,5379.80,NaN,NaN,NaN
4801,2698.09,4827.33,NaN,NaN,NaN
4802,2772.15,5194.27,0,0,0.0000
4803,2633.52,4930.25,0,0,0.0000
4804,2624.81,5418.54,NaN,NaN,NaN
4805,2886.24,5500.84,2,4,2.0000
4806,2790.93,4921.20,0,0,0.0000
4807,2671.05,5406.02,NaN,NaN,NaN
4808,2569.04,5239.24,NaN,NaN,NaN
4809,2510.07,5038.19,2,3,0.0000
4810,2533.69,5101.46,NaN,NaN,NaN
4811,2765.20,4803.77,NaN,NaN,NaN
4812,2979.30,5500.76,2,2,0.0000
4813,2871.96,5175.66,0,0,0.0000
4814,2641.43,5017.89,NaN,NaN,NaN
4815,3967.33,5056.29,0,0,0.0000
4816,3704.74,4744.41,NaN,NaN,NaN
4817,3850.33,4741.10,0,0,0.0000
4818,3895.33,5267.16,NaN,NaN,NaN
4819,3923.67,4762.62,NaN,NaN,NaN
4820,3941.82,5200.79,NaN,NaN,NaN
4821,3697.61,4916.09,NaN,NaN,NaN
4822,3693.96,4820.19,NaN,NaN,NaN
4823,3594.22,4747.59,2,3,0.0000
4824,3890.64,5160.23,NaN,NaN,NaN
4825,3783.87,4758.56,0,0,0.0000
4826,3652.53,5297.33,NaN,NaN,NaN
4827,3794.50,5443.81,2,2,0.0000
4828,3775.37,4816.95,0,0,0.0000
4829,3859.54,5376.12,NaN,NaN,NaN
4830,3704.03,5369.60,NaN,NaN,NaN
4831,3868.64,5303.72,NaN,NaN,NaN
4832,3844.19,5136.16,0,0,0.0000
4833,3928.78,5102.34,3,5,0.0000
4834,3742.21,5339.90,2,4,2.0000
4835,3956.52,5420.27,0,0,0.0000
4836,3655.70,4779.47,NaN,NaN,NaN
4837,3846.50,4799.01,0,0,0.0000
4838,3741.38,5413.50,NaN,NaN,NaN
4839,3833.42,5351.22,NaN,NaN,NaN
4840,3694.71,5319.71,NaN,NaN,NaN
4841,3728.15,4854.44,NaN,NaN,NaN
4842,3546.17,4774.18,NaN,NaN,NaN
4843,3737.11,5460.39,NaN,NaN,NaN
4844,3682.77,5421.30,NaN,NaN,NaN
4845,4004.14,5280.08,NaN,NaN,NaN
4846,4046.37,4923.05,0,0,0.0000
4847,4155.12,5215.62,0,0,0.0000
4848,4259.90,5353.94,NaN,NaN,NaN
4849,4081.40,4760.84,NaN,NaN,NaN
4850,4464.80,5051.64,NaN,NaN,NaN
4851,4274.71,5279.26,NaN,NaN,NaN
4852,4263.07,5475.83,2,4,2.0000
4853,4061.04,5325.03,2,4,2.0000
4854,4054.50,5119.92,NaN,NaN,NaN
4855,4142.11,5074.75,2,5,2.5000
4856,4055.62,4844.41,0,0,0.0000
4857,4148.95,5480.92,NaN,NaN,NaN
4858,4184.33,5294.78,NaN,NaN,NaN
4859,4521.61,4996.27,2,4,2.0000
4860,4236.37,5157.14,NaN,NaN,NaN
4861,4176.02,5375.17,0,0,0.0000
4862,3974.09,4818.12,NaN,NaN,NaN
4863,4134.46,4980.78,2,4,2.0000
4864,4461.05,4961.09,NaN,NaN,NaN
4865,4217.73,4898.96,0,0,0.0000
4866,4400.69,5502.99,0,0,0.0000
4867,4128.37,4818.60,0,0,0.0000
4868,4284.67,4921.41,NaN,NaN,NaN
4869,4302.00,5423.45,NaN,NaN,NaN
4870,4192.44,4982.81,0,0,0.0000
4871,4580.73,5097.05,NaN,NaN,NaN
4872,4175.95,5121.81,2,3,0.0000
4873,4199.59,4804.71,0,0,0.0000
4874,4553.48,4936.03,0,0,0.0000
4875,4236.20,4855.28,0,0,0.0000
4876,4242.27,4976.38,0,0,0.0000
4877,4413.58,4910.92,2,4,2.0000
4878,4078.82,5407.80,NaN,NaN,NaN
4879,4004.47,5450.63,NaN,NaN,NaN
4880,4011.27,4778.71,3,4,0.0000
4881,4589.20,5051.13,3,4,0.0000
4882,4277.14,5211.61,0,0,0.0000
4883,4485.22,4865.07,0,0,0.0000
4884,4063.95,4980.27,NaN,NaN,NaN
4885,4102.54,5181.36,0,0,0.0000
4886,4226.39,4942.03,0,0,0.0000
4887,4010.25,5168.15,0,0,0.0000
4888,4441.93,4838.77,NaN,NaN,NaN
4889,4140.74,4906.34,NaN,NaN,NaN
4890,4119.70,4944.22,0,0,0.0000
4891,4118.86,5436.59,NaN,NaN,NaN
4892,4357.43,5431.66,0,0,0.0000
4893,4176.59,4929.31,0,0,0.0000
4894,4181.42,4857.21,0,0,0.0000
4895,4060.19,5045.68,NaN,NaN,NaN
4896,5388.47,5244.12,0,0,0.0000
4897,5423.67,4946.50,NaN,NaN,NaN
4898,5369.73,5041.97,NaN,NaN,NaN
4899,5300.01,4767.45,2,5,2.5000
4900,5142.16,4740.65,2,3,0.0000
4901,5495.34,5305.69,0,0,0.0000
4902,5300.13,4823.44,NaN,NaN,NaN
4903,5494.08,4758.58,0,0,0.0000
4904,5228.08,5063.17,NaN,NaN,NaN
4905,5478.40,5179.14,0,0,0.0000
4906,5266.78,4967.69,NaN,NaN,NaN
4907,5342.78,4885.36,3,7,2.3333
4908,5246.23,4903.84,NaN,NaN,NaN
4909,5078.71,4741.50,NaN,NaN,NaN
4910,5476.43,4946.05,2,4,2.0000
4911,5365.77,4978.25,0,0,0.0000
4912,5447.76,5220.63,0,0,0.0000
4913,5429.13,4786.55,NaN,NaN,NaN
4914,5468.28,5442.29,NaN,NaN,NaN
4915,5211.79,4833.28,NaN,NaN,NaN
4916,5414.32,5094.96,NaN,NaN,NaN
4917,5284.75,5100.76,0,0,0.0000
4918,5362.40,4816.94,NaN,NaN,NaN
4919,5216.11,4744.79,NaN,NaN,NaN
4920,5440.71,5485.87,NaN,NaN,NaN
4921,5350.99,5097.81,0,0,0.0000
4922,5415.55,4842.49,NaN,NaN,NaN
4923,5214.02,4988.24,0,0,0.0000
4924,5276.31,5026.37,0,0,0.0000
4925,5443.62,4887.58,NaN,NaN,NaN
4926,5480.61,5387.55,NaN,NaN,NaN
4927,5442.51,4850.10,NaN,NaN,NaN
4928,5405.28,5379.25,0,0,0.0000
4929,5703.83,5380.94,NaN,NaN,NaN
4930,6209.49,5024.19,2,2,0.0000
4931,5874.53,5421.30,0,0,0.0000
4932,5676.16,5165.54,NaN,NaN,NaN
4933,6047.42,5032.34,NaN,NaN,NaN
4934,5841.76,5296.73,NaN,NaN,NaN
4935,6008.45,5250.78,2,3,0.0000
4936,5929.94,5237.12,NaN,NaN,NaN
4937,6194.74,4852.79,NaN,NaN,NaN
4938,6128.23,5122.04,NaN,NaN,NaN
4939,6158.21,5353.24,0,0,0.0000
4940,6078.91,5221.94,NaN,NaN,NaN
4941,6145.74,5216.50,NaN,NaN,NaN
4942,5889.70,5137.94,0,0,0.0000
4943,6037.05,5345.87,NaN,NaN,NaN
4944,6123.22,4744.15,2,7,3.5000
4945,5508.45,5065.39,0,0,0.0000
4946,5984.10,4772.54,NaN,NaN,NaN
4947,5953.48,4973.62,NaN,NaN,NaN
4948,5752.36,4828.63,NaN,NaN,NaN
4949,5919.77,4773.16,2,4,2.0000
4950,5768.72,5051.31,0,0,0.0000
4951,5527.45,4888.65,NaN,NaN,NaN
4952,5610.09,5224.83,NaN,NaN,NaN
4953,6159.80,4904.66,0,0,0.0000
4954,5531.45,5169.96,0,0,0.0000
4955,5556.08,5261.63,NaN,NaN,NaN
4956,5718.80,5250.15,3,9,3.0000
4957,5689.93,4754.04,3,5,0.0000
4958,5825.27,4775.01,3,8,2.6667
4959,6203.56,5204.80,0,0,0.0000
4960,5679.26,5013.73,2,3,0.0000
4961,5944.64,4885.92,2,6,3.0000
4962,5852.11,5019.61,0,0,0.0000
4963,5587.49,5028.73,0,0,0.0000
4964,6125.58,4973.49,NaN,NaN,NaN
4965,5860.84,5205.38,NaN,NaN,NaN
4966,5585.46,5102.31,0,0,0.0000
4967,6227.85,5289.16,NaN,NaN,NaN
4968,5603.31,5314.51,0,0,0.0000
4969,6220.01,5475.98,0,0,0.0000
4970,6101.16,4859.70,0,0,0.0000
4971,5801.11,4869.64,NaN,NaN,NaN
4972,5622.50,4768.14,0,0,0.0000
4973,5551.33,4968.68,NaN,NaN,NaN
4974,5747.54,4983.44,NaN,NaN,NaN
4975,5727.12,5083.13,0,0,0.0000
4976,5832.64,4915.64,NaN,NaN,NaN
4977,5571.34,4928.22,NaN,NaN,NaN
4978,5578.80,4804.23,0,0,0.0000
4979,5979.11,5088.26,0,0,0.0000
4980,5693.48,4827.52,NaN,NaN,NaN
4981,6214.10,5115.32,NaN,NaN,NaN
4982,5596.32,5455.40,0,0,0.0000
4983,5904.14,4912.20,0,0,0.0000
4984,5659.00,4942.96,NaN,NaN,NaN
4985,5535.97,5015.61,0,0,0.0000
4986,5986.96,5135.49,0,0,0.0000
4987,5731.23,4931.74,NaN,NaN,NaN
4988,5855.77,4852.59,0,0,0.0000
4989,5591.19,4874.67,NaN,NaN,NaN
4990,5612.72,5393.22,2,3,0.0000
4991,5622.39,5051.72,0,0,0.0000
4992,5660.41,5486.47,NaN,NaN,NaN
4993,6103.71,4916.13,0,0,0.0000
4994,5760.11,5292.51,0,0,0.0000
4995,5571.56,5387.48,0,0,0.0000
4996,5643.39,4823.43,0,0,0.0000
4997,5559.99,5465.22,0,0,0.0000
4998,5564.78,4839.81,0,0,0.0000
4999,5511.91,4828.68,0,0,0.0000
5000,6822.34,4738.52,NaN,NaN,NaN
5001,6817.39,4841.73,2,3,0.0000
5002,6609.08,4930.58,NaN,NaN,NaN
5003,6723.89,5266.57,3,4,0.0000
5004,6280.15,4839.55,NaN,NaN,NaN
5005,6288.82,5129.19,NaN,NaN,NaN
5006,6272.90,5367.90,NaN,NaN,NaN
5007,6391.34,4992.63,NaN,NaN,NaN
5008,6321.54,4993.02,0,0,0.0000
5009,6348.05,5056.91,0,0,0.0000
5010,6736.88,5377.13,3,8,2.6667
5011,6782.42,5081.88,NaN,NaN,NaN
5012,6472.82,5403.68,2,4,2.0000
5013,6304.41,5325.20,2,3,0.0000
5014,6274.47,5195.71,NaN,NaN,NaN
5015,6814.71,5213.47,NaN,NaN,NaN
5016,6329.79,5245.45,0,0,0.0000
5017,6740.98,5469.00,NaN,NaN,NaN
5018,6915.24,5061.24,0,0,0.0000
5019,6607.60,5362.77,NaN,NaN,NaN
5020,6647.59,5213.13,NaN,NaN,NaN
5021,6297.42,4911.63,NaN,NaN,NaN
5022,6730.54,5127.98,4,4,0.0000
5023,6350.22,4824.66,NaN,NaN,NaN
5024,6593.00,5280.08,0,0,0.0000
5025,6871.26,5472.47,0,0,0.0000
5026,6591.19,4832.99,0,0,0.0000
5027,6651.17,5064.97,NaN,NaN,NaN
5028,6848.48,5319.31,0,0,0.0000
5029,6460.47,4741.38,NaN,NaN,NaN
5030,6663.70,5395.20,2,2,0.0000
5031,6460.50,5311.27,NaN,NaN,NaN
5032,6571.10,5399.64,3,7,2.3333
5033,6806.57,5328.71,0,0,0.0000
5034,6824.84,5389.48,NaN,NaN,NaN
5035,6670.39,5144.01,NaN,NaN,NaN
5036,6527.64,5211.04,0,0,0.0000
5037,6310.68,5502.77,0,0,0.0000
5038,6920.88,4759.29,0,0,0.0000
5039,6859.14,5218.62,0,0,0.0000
5040,6411.67,4941.41,0,0,0.0000
5041,6830.51,5104.27,3,7,2.3333
5042,6917.30,5138.96,0,0,0.0000
5043,6417.18,5378.18,NaN,NaN,NaN
5044,6580.02,5148.40,0,0,0.0000
5045,6517.38,5434.74,NaN,NaN,NaN
5046,6861.82,5087.60,NaN,NaN,NaN
5047,6355.46,4916.77,NaN,NaN,NaN
5048,6681.97,5359.85,0,0,0.0000
5049,6585.41,5082.50,NaN,NaN,NaN
5050,6430.04,4765.17,NaN,NaN,NaN
5051,6749.08,4895.22,0,0,0.0000
5052,6397.97,5499.27,0,0,0.0000
5053,6571.04,5054.25,0,0,0.0000
5054,6454.48,5469.07,0,0,0.0000
5055,6617.38,5109.65,0,0,0.0000
5056,6600.96,5197.59,0,0,0.0000
5057,6844.22,5500.51,NaN,NaN,NaN
5058,6474.17,4996.59,NaN,NaN,NaN
5059,6362.25,5402.10,0,0,0.0000
5060,6831.67,5451.48,3,5,0.0000
5061,7577.53,4902.65,2,2,0.0000
5062,7681.34,5290.44,NaN,NaN,NaN
5063,7778.16,4973.74,NaN,NaN,NaN
5064,7559.28,5361.71,2,2,0.0000
5065,7371.80,5172.68,2,3,0.0000
5066,7436.59,5065.68,NaN,NaN,NaN
5067,7453.54,4937.13,0,0,0.0000
5068,7584.14,5466.04,NaN,NaN,NaN
5069,7505.09,5460.01,2,4,2.0000
5070,7715.04,4877.66,0,0,0.0000
5071,7333.17,4775.16,0,0,0.0000
5072,7256.11,4989.81,0,0,0.0000
5073,7546.40,4805.25,2,1,0.0000
5074,7520.45,5013.67,0,0,0.0000
5075,7717.00,5054.36,NaN,NaN,NaN
5076,7288.14,4830.75,0,0,0.0000
5077,7337.46,4908.48,NaN,NaN,NaN
5078,7383.50,4951.52,NaN,NaN,NaN
5079,7579.16,5185.23,NaN,NaN,NaN
5080,7488.31,5218.31,3,6,2.0000
5081,7674.56,5188.79,0,0,0.0000
5082,7540.42,5115.00,NaN,NaN,NaN
5083,7291.67,5136.35,2,8,4.0000
5084,7773.24,5449.48,2,4,2.0000
5085,7325.22,5015.68,NaN,NaN,NaN
5086,7443.35,5184.18,0,0,0.0000
5087,7724.10,4805.79,0,0,0.0000
5088,7403.88,5325.88,NaN,NaN,NaN
5089,7435.10,5293.51,NaN,NaN,NaN
5090,7338.61,5273.46,0,0,0.0000
5091,7154.68,4747.16,2,1,0.0000
5092,7588.56,5027.01,2,2,0.0000
5093,7208.75,4789.79,0,0,0.0000
5094,7599.08,5068.98,NaN,NaN,NaN
5095,7542.51,5250.09,2,4,2.0000
5096,7445.51,4863.62,NaN,NaN,NaN
5097,7312.68,5203.09,NaN,NaN,NaN
5098,7673.66,4776.23,NaN,NaN,NaN
5099,7511.71,5071.75,NaN,NaN,NaN
5100,7264.78,5101.47,NaN,NaN,NaN
5101,7623.26,5157.94,0,0,0.0000
5102,7286.68,4936.61,NaN,NaN,NaN
5103,7370.95,5085.86,0,0,0.0000
5104,7211.91,4928.04,NaN,NaN,NaN
5105,7508.62,4748.06,NaN,NaN,NaN
5106,7433.45,4815.43,NaN,NaN,NaN
5107,7999.59,5274.20,NaN,NaN,NaN
5108,8124.12,4796.56,NaN,NaN,NaN
5109,8289.58,5127.97,NaN,NaN,NaN
5110,7953.71,4879.81,2,4,2.0000
5111,7816.36,5220.41,0,0,0.0000
5112,7841.24,5079.68,2,1,0.0000
5113,8181.61,5257.80,NaN,NaN,NaN
5114,8152.26,5099.83,0,0,0.0000
5115,8226.79,4912.94,NaN,NaN,NaN
5116,7917.56,4801.68,NaN,NaN,NaN
5117,7830.30,4868.21,NaN,NaN,NaN
5118,7902.83,5483.73,2,6,3.0000
5119,8483.30,5218.59,NaN,NaN,NaN
5120,8268.71,5378.09,NaN,NaN,NaN
5121,8498.08,5503.29,NaN,NaN,NaN
5122,8275.17,5249.33,NaN,NaN,NaN
5123,8516.43,5305.05,NaN,NaN,NaN
5124,8031.52,5452.65,NaN,NaN,NaN
5125,7887.47,5299.85,NaN,NaN,NaN
5126,8371.34,5058.62,0,0,0.0000
5127,8066.95,4877.34,NaN,NaN,NaN
5128,8547.84,5371.98,0,0,0.0000
5129,8300.82,5009.25,NaN,NaN,NaN
5130,8226.16,5034.95,0,0,0.0000
5131,8145.10,5015.58,NaN,NaN,NaN
5132,8419.58,5240.56,2,2,0.0000
5133,7953.37,5041.00,0,0,0.0000
5134,8365.12,5341.31,NaN,NaN,NaN
5135,8024.82,4821.85,0,0,0.0000
5136,8230.85,5321.58,0,0,0.0000
5137,8378.36,5202.43,NaN,NaN,NaN
5138,7822.04,5437.16,NaN,NaN,NaN
5139,8427.13,5350.16,NaN,NaN,NaN
5140,8146.64,4920.55,NaN,NaN,NaN
5141,8035.04,5195.55,NaN,NaN,NaN
5142,8064.63,4975.33,NaN,NaN,NaN
5143,8324.08,5211.13,NaN,NaN,NaN
5144,8034.92,5027.95,0,0,0.0000
5145,8387.90,5489.89,0,0,0.0000
5146,8100.85,5375.01,0,0,0.0000
5147,7937.70,5133.95,0,0,0.0000
5148,7994.04,4736.85,2,4,2.0000
5149,8101.33,5160.49,NaN,NaN,NaN
5150,7864.28,5169.67,0,0,0.0000
5151,8184.96,4972.83,2,2,0.0000
5152,8560.52,5230.88,0,0,0.0000
5153,8475.29,5378.99,3,4,0.0000
5154,8032.03,5084.25,0,0,0.0000
5155,8079.29,5054.94,NaN,NaN,NaN
5156,8400.20,5400.49,0,0,0.0000
5157,7841.67,5499.42,0,0,0.0000
5158,8082.98,5210.51,0,0,0.0000
5159,8600.69,5477.58,NaN,NaN,NaN
5160,9253.50,4842.61,0,0,0.0000
5161,9321.74,4840.77,0,0,0.0000
5162,9727.29,5323.68,NaN,NaN,NaN
5163,10050.09,5152.97,NaN,NaN,NaN
5164,9827.66,5211.55,NaN,NaN,NaN
5165,9612.15,5385.44,0,0,0.0000
5166,9958.72,5086.17,2,3,0.0000
5167,10019.67,4932.68,NaN,NaN,NaN
5168,9996.88,5467.97,NaN,NaN,NaN
5169,9974.09,5313.24,NaN,NaN,NaN
5170,10061.28,5267.23,NaN,NaN,NaN
5171,9532.19,5446.73,NaN,NaN,NaN
5172,9894.77,5328.43,2,2,0.0000
5173,9918.06,4826.64,NaN,NaN,NaN
5174,10077.07,4870.15,NaN,NaN,NaN
5175,9420.95,4864.83,NaN,NaN,NaN
5176,9943.53,5413.14,NaN,NaN,NaN
5177,9450.44,4749.68,0,0,0.0000
5178,9503.60,4859.69,0,0,0.0000
5179,9945.82,4738.18,0,0,0.0000
5180,10102.42,5040.37,NaN,NaN,NaN
5181,9684.50,5453.95,0,0,0.0000
5182,9823.89,5424.32,0,0,0.0000
5183,9517.36,5325.87,2,1,0.0000
5184,10077.40,4988.61,0,0,0.0000
5185,9889.23,5246.84,0,0,0.0000
5186,9884.49,4933.82,0,0,0.0000
5187,9441.74,4929.46,NaN,NaN,NaN
5188,9513.37,5206.50,NaN,NaN,NaN
5189,9703.47,5390.28,NaN,NaN,NaN
5190,9594.47,5310.49,3,3,0.0000
5191,9499.13,5269.23,0,0,0.0000
5192,9496.78,5381.84,NaN,NaN,NaN
5193,9899.79,5498.87,NaN,NaN,NaN
5194,9975.55,4922.03,NaN,NaN,NaN
5195,9367.28,4908.51,0,0,0.0000
5196,9479.66,5493.61,0,0,0.0000
5197,9390.09,4774.86,0,0,0.0000
5198,9493.53,4795.57,NaN,NaN,NaN
5199,9959.55,5211.72,NaN,NaN,NaN
5200,10019.99,4736.62,0,0,0.0000
5201,9954.73,4987.61,NaN,NaN,NaN
5202,10059.53,4774.63,0,0,0.0000
5203,9733.31,5481.08,NaN,NaN,NaN
5204,9436.22,5195.70,0,0,0.0000
5205,9400.05,4806.79,2,0,0.0000
5206,9879.90,5398.77,NaN,NaN,NaN
5207,9844.26,5286.37,2,2,0.0000
5208,9551.73,5255.62,0,0,0.0000
5209,10020.27,5085.13,0,0,0.0000
5210,10301.26,5088.55,2,4,2.0000
5211,10155.28,5140.91,NaN,NaN,NaN
5212,10689.02,4851.96,NaN,NaN,NaN
5213,10209.22,4888.94,3,3,0.0000
5214,10625.56,5020.77,0,0,0.0000
5215,10241.32,5321.15,NaN,NaN,NaN
5216,10703.75,5121.28,3,7,2.3333
5217,10332.13,4861.95,NaN,NaN,NaN
5218,10239.15,5228.43,NaN,NaN,NaN
5219,10447.67,5036.00,NaN,NaN,NaN
5220,10635.60,5181.18,NaN,NaN,NaN
5221,10448.99,4931.59,3,5,0.0000
5222,10606.94,5422.65,3,5,0.0000
5223,10794.63,4758.36,NaN,NaN,NaN
5224,10711.66,4974.06,NaN,NaN,NaN
5225,10517.20,5136.15,0,0,0.0000
5226,10757.77,5027.17,0,0,0.0000
5227,10416.75,5245.59,NaN,NaN,NaN
5228,10814.55,5141.40,0,0,0.0000
5229,10637.85,5277.51,NaN,NaN,NaN
5230,10267.79,5014.03,NaN,NaN,NaN
5231,10227.76,5385.43,0,0,0.0000
5232,10381.23,5333.40,0,0,0.0000
5233,10421.83,4827.03,0,0,0.0000
5234,10176.66,5011.78,NaN,NaN,NaN
5235,10331.08,5251.02,2,6,3.0000
5236,10129.89,5255.21,0,0,0.0000
5237,10745.35,5244.48,NaN,NaN,NaN
5238,10277.60,4766.80,NaN,NaN,NaN
5239,10515.30,5480.51,2,4,2.0000
5240,10853.77,5020.21,2,8,4.0000
5241,10830.02,4813.62,NaN,NaN,NaN
5242,10587.45,4848.25,0,0,0.0000
5243,10570.97,4950.10,0,0,0.0000
5244,10791.42,4874.81,0,0,0.0000
5245,10850.31,4906.05,NaN,NaN,NaN
5246,10796.09,5272.49,3,3,0.0000
5247,10493.07,5398.95,2,5,2.5000
5248,10355.92,4971.85,0,0,0.0000
5249,10343.22,5472.27,2,3,0.0000
5250,10263.24,4941.64,NaN,NaN,NaN
5251,10526.72,5314.40,0,0,0.0000
5252,10123.66,5341.42,NaN,NaN,NaN
5253,10516.38,4918.72,0,0,0.0000
5254,10427.70,5150.98,NaN,NaN,NaN
5255,10353.05,5156.06,NaN,NaN,NaN
5256,10286.07,4829.02,NaN,NaN,NaN
5257,10550.25,4773.51,NaN,NaN,NaN
5258,10401.65,4984.71,NaN,NaN,NaN
5259,10606.82,5113.16,NaN,NaN,NaN
5260,10705.15,4778.83,0,0,0.0000
5261,10112.57,4771.68,NaN,NaN,NaN
5262,10756.32,5183.72,2,4,2.0000
5263,10474.42,5308.35,NaN,NaN,NaN
5264,10489.90,5238.46,0,0,0.0000
5265,10458.92,5186.56,0,0,0.0000
5266,10896.34,5258.10,0,0,0.0000
5267,11077.26,4936.22,NaN,NaN,NaN
5268,11284.27,5177.13,NaN,NaN,NaN
5269,11179.38,5455.31,NaN,NaN,NaN
5270,11014.01,5071.07,NaN,NaN,NaN
5271,11174.02,4812.27,2,4,2.0000
5272,11087.95,5233.09,NaN,NaN,NaN
5273,11187.53,5353.62,NaN,NaN,NaN
5274,11166.29,5206.39,3,5,0.0000
5275,11239.92,4909.15,0,0,0.0000
5276,11059.14,4742.79,NaN,NaN,NaN
5277,11312.98,5069.66,2,2,0.0000
5278,10924.33,4811.98,NaN,NaN,NaN
5279,11264.27,5302.98,0,0,0.0000
5280,11398.45,5294.72,NaN,NaN,NaN
5281,11418.47,5170.55,0,0,0.0000
5282,11196.20,5089.99,0,0,0.0000
5283,10984.33,5437.93,NaN,NaN,NaN
5284,10993.32,5208.16,NaN,NaN,NaN
5285,10934.98,5013.94,4,4,0.0000
5286,11026.25,4823.09,0,0,0.0000
5287,11038.67,5485.29,0,0,0.0000
5288,11065.70,5363.82,0,0,0.0000
5289,10962.81,4946.35,NaN,NaN,NaN
5290,10970.01,5334.97,0,0,0.0000
5291,11394.81,5469.31,2,4,2.0000
5292,10956.74,4764.92,NaN,NaN,NaN
5293,11358.66,5414.98,NaN,NaN,NaN
5294,10894.94,5125.78,NaN,NaN,NaN
5295,11251.43,5015.78,NaN,NaN,NaN
5296,11475.74,5321.02,NaN,NaN,NaN
5297,11249.80,4758.67,0,0,0.0000
5298,11477.60,5471.67,NaN,NaN,NaN
5299,11439.83,5243.96,0,0,0.0000
5300,11301.04,5368.32,NaN,NaN,NaN
5301,10910.07,4918.16,NaN,NaN,NaN
5302,10915.08,5415.33,0,0,0.0000
5303,11139.90,5032.35,0,0,0.0000
5304,10982.19,5384.75,0,0,0.0000
5305,11135.68,5125.86,3,5,0.0000
5306,11164.88,4913.13,2,4,2.0000
5307,11392.15,5377.05,0,0,0.0000
5308,11034.13,5293.27,0,0,0.0000
5309,11211.13,5033.40,0,0,0.0000
5310,11207.80,4982.53,0,0,0.0000
5311,11288.36,4971.04,NaN,NaN,NaN
5312,11438.83,5342.28,NaN,NaN,NaN
5313,11440.32,5486.54,NaN,NaN,NaN
5314,11090.93,4803.71,0,0,0.0000
5315,10969.74,5149.58,NaN,NaN,NaN
5316,13946.66,4746.43,4,4,0.0000
5317,13862.42,4742.77,NaN,NaN,NaN
5318,13709.39,5109.37,0,0,0.0000
5319,13631.36,5104.61,0,0,0.0000
5320,13946.71,5146.01,0,0,0.0000
5321,13850.34,5032.56,0,0,0.0000
5322,13812.49,5219.05,0,0,0.0000
5323,14101.00,4751.38,3,9,3.0000
5324,14431.78,4892.88,2,5,2.5000
5325,14339.88,4764.36,2,7,3.5000
5326,14289.25,4827.77,2,4,2.0000
5327,14019.18,5074.77,0,0,0.0000
5328,14079.31,5077.18,0,0,0.0000
5329,14337.04,4906.92,NaN,NaN,NaN
5330,14120.43,5072.51,0,0,0.0000
5331,14151.02,5093.04,0,0,0.0000
5332,16210.51,5490.85,NaN,NaN,NaN
5333,16163.52,5432.38,NaN,NaN,NaN
5334,16256.61,5265.48,NaN,NaN,NaN
5335,16158.55,5307.77,0,0,0.0000
5336,16087.47,5399.78,0,0,0.0000
5337,16209.62,5367.70,NaN,NaN,NaN
5338,16283.36,5461.00,NaN,NaN,NaN
5339,16277.71,5320.21,0,0,0.0000
5340,16091.51,5441.50,0,0,0.0000
5341,16306.66,5267.06,0,0,0.0000
5342,16357.95,5286.88,NaN,NaN,NaN
5343,16154.51,5357.24,0,0,0.0000
5344,16093.70,5351.07,0,0,0.0000
5345,16367.29,5262.59,0,0,0.0000
5346,16360.01,5475.35,NaN,NaN,NaN
5347,729.73,5862.35,2,3,0.0000
5348,141.75,6224.71,NaN,NaN,NaN
5349,524.07,6040.48,2,3,0.0000
5350,300.13,5911.54,NaN,NaN,NaN
5351,436.49,5965.36,0,0,0.0000
5352,346.00,6155.93,NaN,NaN,NaN
5353,620.87,5914.96,4,6,0.0000
5354,496.03,5784.44,NaN,NaN,NaN
5355,857.93,5923.47,NaN,NaN,NaN
5356,868.36,5660.21,2,1,0.0000
5357,675.69,5795.85,3,7,2.3333
5358,457.13,6104.32,NaN,NaN,NaN
5359,765.01,5696.26,0,0,0.0000
5360,285.38,6122.00,NaN,NaN,NaN
5361,540.65,5916.52,NaN,NaN,NaN
5362,813.22,5743.83,4,4,0.0000
5363,471.52,6173.06,0,0,0.0000
5364,305.12,6048.03,2,3,0.0000
5365,627.40,6074.22,3,7,2.3333
5366,597.07,5843.67,NaN,NaN,NaN
5367,632.42,5994.12,NaN,NaN,NaN
5368,405.98,6247.39,0,0,0.0000
5369,545.63,6188.91,NaN,NaN,NaN
5370,559.48,6119.40,NaN,NaN,NaN
5371,551.72,5830.38,NaN,NaN,NaN
5372,782.88,5920.83,NaN,NaN,NaN
5373,892.05,6046.20,0,0,0.0000
5374,777.10,5565.98,0,0,0.0000
5375,568.92,5757.66,2,4,2.0000
5376,716.64,5992.19,NaN,NaN,NaN
5377,846.73,5576.61,0,0,0.0000
5378,489.83,5868.88,NaN,NaN,NaN
5379,892.90,6099.40,2,3,0.0000
5380,357.79,5934.14,NaN,NaN,NaN
5381,268.63,6222.71,3,2,0.0000
5382,356.64,5983.50,NaN,NaN,NaN
5383,522.04,5974.66,2,4,2.0000
5384,865.89,6000.14,NaN,NaN,NaN
5385,618.46,5704.50,2,3,0.0000
5386,789.92,5994.99,NaN,NaN,NaN
5387,291.06,6015.62,2,1,0.0000
5388,822.23,5831.43,0,0,0.0000
5389,663.24,6269.83,2,3,0.0000
5390,217.50,6131.31,0,0,0.0000
5391,350.98,6231.24,0,0,0.0000
5392,204.50,6036.78,NaN,NaN,NaN
5393,351.35,5830.40,0,0,0.0000
5394,373.58,6037.72,NaN,NaN,NaN
5395,415.48,6060.82,3,5,0.0000
5396,121.97,6159.50,0,0,0.0000
5397,392.36,5846.07,0,0,0.0000
5398,50.25,6267.94,NaN,NaN,NaN
5399,29.75,6256.46,NaN,NaN,NaN
5400,1165.88,6173.14,2,4,2.0000
5401,936.11,6094.67,3,5,0.0000
5402,1093.41,6234.18,NaN,NaN,NaN
5403,976.12,5861.77,NaN,NaN,NaN
5404,1055.55,6008.19,NaN,NaN,NaN
5405,1431.19,5848.98,NaN,NaN,NaN
5406,1042.74,5851.75,NaN,NaN,NaN
5407,898.58,5770.54,3,2,0.0000
5408,1267.78,6178.46,NaN,NaN,NaN
5409,987.32,5681.58,2,2,0.0000
5410,1102.57,5833.43,NaN,NaN,NaN
5411,922.88,5991.03,NaN,NaN,NaN
5412,900.78,5845.90,NaN,NaN,NaN
5413,1009.03,5786.84,0,0,0.0000
5414,1044.78,5921.17,NaN,NaN,NaN
5415,1097.75,5894.45,NaN,NaN,NaN
5416,992.24,5944.71,0,0,0.0000
5417,985.83,6023.20,NaN,NaN,NaN
5418,1599.53,6042.25,0,0,0.0000
5419,957.65,5736.74,NaN,NaN,NaN
5420,1266.24,6111.87,NaN,NaN,NaN
5421,1422.34,5924.45,0,0,0.0000
5422,1040.16,5729.06,NaN,NaN,NaN
5423,1222.35,6123.87,NaN,NaN,NaN
5424,924.10,5591.34,NaN,NaN,NaN
5425,1606.79,6095.82,NaN,NaN,NaN
5426,1047.60,5684.34,0,0,0.0000
5427,1070.12,5754.96,NaN,NaN,NaN
5428,969.79,5598.97,0,0,0.0000
5429,1141.38,5937.65,NaN,NaN,NaN
5430,1112.90,5955.26,NaN,NaN,NaN
5431,2097.03,5732.36,2,2,0.0000
5432,2337.10,5888.42,NaN,NaN,NaN
5433,1991.47,5627.57,0,0,0.0000
5434,2266.39,5798.18,5,4,0.0000
5435,2368.60,5622.69,2,3,0.0000
5436,1909.47,5617.05,NaN,NaN,NaN
5437,2328.98,5830.87,NaN,NaN,NaN
5438,2358.99,5777.84,0,0,0.0000
5439,2220.10,5724.37,NaN,NaN,NaN
5440,1742.18,6258.99,0,0,0.0000
5441,2374.67,5947.05,NaN,NaN,NaN
5442,2200.22,5866.45,NaN,NaN,NaN
5443,2397.70,5744.28,NaN,NaN,NaN
5444,2039.34,5557.63,2,5,2.5000
5445,2231.09,5917.84,2,3,0.0000
5446,2135.52,5686.70,0,0,0.0000
5447,2200.53,5814.79,0,0,0.0000
5448,2069.18,5654.74,NaN,NaN,NaN
5449,1936.03,5554.84,NaN,NaN,NaN
5450,2124.88,5815.46,0,0,0.0000
5451,2353.63,5727.37,NaN,NaN,NaN
5452,1987.21,5723.34,3,3,0.0000
5453,1844.49,5531.88,NaN,NaN,NaN
5454,2140.02,5523.36,0,0,0.0000
5455,1950.02,5667.59,NaN,NaN,NaN
5456,2076.10,5524.85,NaN,NaN,NaN
5457,2022.54,5678.57,NaN,NaN,NaN
5458,2037.78,5712.84,NaN,NaN,NaN
5459,2944.12,5530.29,3,3,0.0000
5460,2566.56,5586.60,NaN,NaN,NaN
5461,3085.16,5934.16,0,0,0.0000
5462,3490.72,6211.20,0,0,0.0000
5463,3324.41,6222.47,0,0,0.0000
5464,3728.40,6202.87,NaN,NaN,NaN
5465,3760.22,6251.57,2,3,0.0000
5466,3820.72,5508.10,3,4,0.0000
5467,3364.91,6174.99,NaN,NaN,NaN
5468,3305.09,6133.84,NaN,NaN,NaN
5469,3660.02,6170.10,NaN,NaN,NaN
5470,3569.26,6136.91,NaN,NaN,NaN
5471,3402.41,6237.10,0,0,0.0000
5472,3240.43,6228.62,2,3,0.0000
5473,4546.32,6094.18,3,7,2.3333
5474,4707.49,6262.72,0,0,0.0000
5475,4262.24,5590.28,2,5,2.5000
5476,4186.69,5934.38,0,0,0.0000
5477,4493.97,5775.06,NaN,NaN,NaN
5478,4374.95,6204.83,0,0,0.0000
5479,4035.99,5912.92,NaN,NaN,NaN
5480,4210.64,5834.14,2,2,0.0000
5481,4695.07,5905.39,NaN,NaN,NaN
5482,4364.58,6058.56,2,7,3.5000
5483,4647.05,5804.00,0,0,0.0000
5484,4139.71,5657.98,2,4,2.0000
5485,4275.52,5987.58,2,4,2.0000
5486,4348.50,5531.68,3,4,0.0000
5487,4360.49,5899.00,NaN,NaN,NaN
5488,4603.98,5939.79,2,1,0.0000
5489,4138.33,5759.39,NaN,NaN,NaN
5490,4031.23,5774.53,NaN,NaN,NaN
5491,4377.42,5639.76,NaN,NaN,NaN
5492,3981.73,5715.23,NaN,NaN,NaN
5493,4291.12,5722.37,NaN,NaN,NaN
5494,4453.10,5957.03,3,6,2.0000
5495,4363.42,5705.43,3,6,2.0000
5496,4378.32,5792.89,NaN,NaN,NaN
5497,4169.34,5560.99,NaN,NaN,NaN
5498,4046.43,5647.44,2,2,0.0000
5499,4042.00,5519.56,0,0,0.0000
5500,4421.80,6016.41,3,4,0.0000
5501,4088.15,5864.42,NaN,NaN,NaN
5502,4482.15,5683.71,NaN,NaN,NaN
5503,4169.77,6117.30,NaN,NaN,NaN
5504,4450.84,6158.66,NaN,NaN,NaN
5505,4633.58,6193.25,2,4,2.0000
5506,4445.96,5907.11,NaN,NaN,NaN
5507,4326.85,6269.73,0,0,0.0000
5508,4095.55,5508.64,NaN,NaN,NaN
5509,4539.04,5638.56,0,0,0.0000
5510,4683.14,6007.13,NaN,NaN,NaN
5511,4427.80,5595.27,0,0,0.0000
5512,4344.55,5966.20,NaN,NaN,NaN
5513,4162.79,6020.82,2,4,2.0000
5514,4076.64,5582.21,NaN,NaN,NaN
5515,4214.37,5716.74,NaN,NaN,NaN
5516,4262.97,5767.96,NaN,NaN,NaN
5517,4725.25,5827.28,NaN,NaN,NaN
5518,4240.37,6138.33,NaN,NaN,NaN
5519,4449.99,5819.60,2,4,2.0000
5520,4485.22,5880.21,2,6,3.0000
5521,4309.87,6106.68,0,0,0.0000
5522,4244.59,6255.89,NaN,NaN,NaN
5523,4294.66,6183.26,0,0,0.0000
5524,4005.00,5938.87,0,0,0.0000
5525,4726.68,6129.99,0,0,0.0000
5526,4316.45,5808.10,NaN,NaN,NaN
5527,4285.77,5913.04,NaN,NaN,NaN
5528,4609.42,5872.63,NaN,NaN,NaN
5529,4299.43,5845.75,NaN,NaN,NaN
5530,4091.23,5783.83,NaN,NaN,NaN
5531,4123.58,6081.75,0,0,0.0000
5532,4490.35,5609.31,NaN,NaN,NaN
5533,4572.28,5722.70,NaN,NaN,NaN
5534,4572.91,5768.93,NaN,NaN,NaN
5535,4085.56,5923.45,NaN,NaN,NaN
5536,4591.85,5693.46,0,0,0.0000
5537,4238.00,6059.60,0,0,0.0000
5538,4686.70,6062.64,NaN,NaN,NaN
5539,4245.05,6208.12,NaN,NaN,NaN
5540,4129.56,5933.89,4,4,0.0000
5541,4707.21,5780.81,NaN,NaN,NaN
5542,4115.98,5978.30,NaN,NaN,NaN
5543,4078.46,6022.01,0,0,0.0000
5544,4800.84,6182.67,0,0,0.0000
5545,4828.10,6106.49,0,0,0.0000
5546,5388.16,5531.16,2,5,2.5000
5547,5422.54,5619.93,NaN,NaN,NaN
5548,4763.30,6015.11,2,3,0.0000
5549,4746.69,5952.23,0,0,0.0000
5550,4815.73,5969.64,NaN,NaN,NaN
5551,5455.50,5757.10,NaN,NaN,NaN
5552,5458.18,5573.32,NaN,NaN,NaN
5553,5500.22,5729.48,NaN,NaN,NaN
5554,5949.80,6081.17,NaN,NaN,NaN
5555,6062.10,5902.48,0,0,0.0000
5556,5629.69,5569.40,NaN,NaN,NaN
5557,5965.39,5705.66,2,2,0.0000
5558,5768.95,5719.71,NaN,NaN,NaN
5559,6198.02,5748.70,3,6,2.0000
5560,6005.33,5521.08,3,7,2.3333
5561,6030.57,5634.64,0,0,0.0000
5562,5786.14,5985.94,NaN,NaN,NaN
5563,5717.32,5522.07,NaN,NaN,NaN
5564,6256.45,5850.52,NaN,NaN,NaN
5565,5543.43,5781.42,NaN,NaN,NaN
5566,5738.80,6140.40,NaN,NaN,NaN
5567,5786.60,5593.49,0,0,0.0000
5568,6174.18,6077.43,NaN,NaN,NaN
5569,5963.33,5584.63,NaN,NaN,NaN
5570,5940.33,5923.91,NaN,NaN,NaN
5571,5669.15,5680.39,3,5,0.0000
5572,6088.44,5793.77,0,0,0.0000
5573,5883.21,6169.96,NaN,NaN,NaN
5574,5917.60,5814.27,NaN,NaN,NaN
5575,6260.99,6096.92,2,4,2.0000
5576,6115.47,5542.39,5,3,0.0000
5577,6167.85,5895.89,NaN,NaN,NaN
5578,6140.70,5641.24,NaN,NaN,NaN
5579,6132.50,5771.65,NaN,NaN,NaN
5580,5823.32,6230.88,2,5,2.5000
5581,5507.15,5642.47,3,4,0.0000
5582,5772.78,5882.62,NaN,NaN,NaN
5583,5586.69,5705.16,NaN,NaN,NaN
5584,6085.09,5684.93,NaN,NaN,NaN
5585,5723.69,6049.03,3,8,2.6667
5586,6181.18,5597.55,NaN,NaN,NaN
5587,6156.25,5979.24,NaN,NaN,NaN
5588,5904.77,5624.85,NaN,NaN,NaN
5589,5983.47,6010.44,0,0,0.0000
5590,5860.74,5556.47,0,0,0.0000
5591,5653.53,5812.33,NaN,NaN,NaN
5592,5848.24,6013.81,NaN,NaN,NaN
5593,6024.18,5967.83,NaN,NaN,NaN
5594,5575.37,5849.11,0,0,0.0000
5595,6231.46,5941.64,NaN,NaN,NaN
5596,5519.11,5515.14,2,4,2.0000
5597,6080.70,5579.78,NaN,NaN,NaN
5598,5543.48,5690.06,NaN,NaN,NaN
5599,6043.25,5809.79,0,0,0.0000
5600,5593.79,5647.68,0,0,0.0000
5601,6195.25,6150.06,NaN,NaN,NaN
5602,5858.64,5724.96,NaN,NaN,NaN
5603,5562.27,5653.51,NaN,NaN,NaN
5604,5963.85,5869.53,3,4,0.0000
5605,5813.75,5657.92,0,0,0.0000
5606,5836.27,6082.07,0,0,0.0000
5607,5644.81,5941.07,0,0,0.0000
5608,5593.26,5745.67,4,5,0.0000
5609,6303.84,5691.56,2,4,2.0000
5610,6580.03,5624.49,0,0,0.0000
5611,6732.58,6239.25,0,0,0.0000
5612,6845.17,5675.58,NaN,NaN,NaN
5613,6312.68,5580.98,NaN,NaN,NaN
5614,6429.92,6126.84,NaN,NaN,NaN
5615,6453.41,5721.09,NaN,NaN,NaN
5616,6662.13,6258.81,NaN,NaN,NaN
5617,6678.98,6142.19,0,0,0.0000
5618,6528.81,6247.62,2,1,0.0000
5619,6431.73,5761.65,0,0,0.0000
5620,6853.28,6049.85,NaN,NaN,NaN
5621,6833.53,6224.20,2,2,0.0000
5622,6922.84,6156.26,2,3,0.0000
5623,6354.91,6085.01,NaN,NaN,NaN
5624,6429.74,5645.55,2,3,0.0000
5625,6509.81,5875.55,0,0,0.0000
5626,6349.89,6173.35,0,0,0.0000
5627,6988.61,6042.15,NaN,NaN,NaN
5628,6843.99,5967.62,0,0,0.0000
5629,6709.02,6068.01,0,0,0.0000
5630,6976.51,6166.93,NaN,NaN,NaN
5631,6364.89,5579.61,0,0,0.0000
5632,6551.98,5746.59,NaN,NaN,NaN
5633,6479.71,5673.44,0,0,0.0000
5634,6649.47,5695.87,NaN,NaN,NaN
5635,6418.19,5831.94,NaN,NaN,NaN
5636,6617.76,5573.06,NaN,NaN,NaN
5637,6450.93,5608.55,0,0,0.0000
5638,6931.51,5960.84,NaN,NaN,NaN
5639,6530.22,5577.71,0,0,0.0000
5640,6475.63,6078.63,0,0,0.0000
5641,6535.15,5660.82,NaN,NaN,NaN
5642,6278.02,5764.22,0,0,0.0000
5643,6306.68,5846.56,NaN,NaN,NaN
5644,6957.59,5985.37,0,0,0.0000
5645,6769.03,6033.40,0,0,0.0000
5646,6876.12,6104.33,0,0,0.0000
5647,6880.62,5563.23,3,4,0.0000
5648,6425.49,6076.12,0,0,0.0000
5649,6540.51,5798.53,0,0,0.0000
5650,7702.05,5526.94,0,0,0.0000
5651,7739.18,5826.00,2,4,2.0000
5652,7749.40,5722.89,2,9,4.5000
5653,7775.12,5582.04,NaN,NaN,NaN
5654,7750.62,5618.61,0,0,0.0000
5655,7547.06,5516.13,0,0,0.0000
5656,7681.88,5726.47,3,4,0.0000
5657,8088.77,5760.89,NaN,NaN,NaN
5658,7952.55,6192.41,0,0,0.0000
5659,8544.57,5603.44,0,0,0.0000
5660,8527.31,6184.83,NaN,NaN,NaN
5661,8063.11,5596.52,0,0,0.0000
5662,8403.33,5673.64,NaN,NaN,NaN
5663,8493.84,5984.67,NaN,NaN,NaN
5664,7916.61,5858.67,NaN,NaN,NaN
5665,8280.12,5720.00,NaN,NaN,NaN
5666,8226.99,5862.18,NaN,NaN,NaN
5667,8335.60,6078.17,NaN,NaN,NaN
5668,8494.83,5779.31,NaN,NaN,NaN
5669,7952.47,5546.92,NaN,NaN,NaN
5670,8370.41,5738.80,NaN,NaN,NaN
5671,8218.75,6139.78,NaN,NaN,NaN
5672,8414.47,5792.93,NaN,NaN,NaN
5673,8026.68,6034.17,0,0,0.0000
5674,8246.52,6237.36,NaN,NaN,NaN
5675,7861.29,5623.89,0,0,0.0000
5676,8167.22,5557.27,NaN,NaN,NaN
5677,8161.44,5623.86,NaN,NaN,NaN
5678,8341.14,5882.46,NaN,NaN,NaN
5679,8301.21,5508.11,0,0,0.0000
5680,8423.72,5874.96,NaN,NaN,NaN
5681,8173.46,6027.97,2,4,2.0000
5682,8315.17,6153.64,NaN,NaN,NaN
5683,8423.60,6026.28,NaN,NaN,NaN
5684,8145.34,5861.45,NaN,NaN,NaN
5685,7949.80,5687.32,NaN,NaN,NaN
5686,8237.67,5643.97,NaN,NaN,NaN
5687,8163.70,6239.12,NaN,NaN,NaN
5688,8345.85,6234.76,2,2,0.0000
5689,7812.62,5547.04,NaN,NaN,NaN
5690,8450.25,6225.63,NaN,NaN,NaN
5691,8220.63,5512.54,NaN,NaN,NaN
5692,7843.89,5786.85,NaN,NaN,NaN
5693,8290.73,6018.93,NaN,NaN,NaN
5694,8276.15,5916.27,0,0,0.0000
5695,8204.44,5763.76,NaN,NaN,NaN
5696,8095.47,5999.46,0,0,0.0000
5697,8556.69,6116.41,3,8,2.6667
5698,8295.42,5593.54,3,4,0.0000
5699,8109.46,6104.63,0,0,0.0000
5700,8037.42,6112.85,0,0,0.0000
5701,8430.80,5577.45,0,0,0.0000
5702,8244.18,5971.76,NaN,NaN,NaN
5703,7815.04,5854.66,NaN,NaN,NaN
5704,8500.60,6071.75,NaN,NaN,NaN
5705,7847.75,5739.03,0,0,0.0000
5706,8208.58,5974.60,2,7,3.5000
5707,8420.24,6112.98,NaN,NaN,NaN
5708,8036.99,5931.68,0,0,0.0000
5709,8060.17,5889.24,NaN,NaN,NaN
5710,7998.05,5860.13,0,0,0.0000
5711,7976.88,5939.26,NaN,NaN,NaN
5712,7857.88,5859.20,NaN,NaN,NaN
5713,7950.77,5973.93,0,0,0.0000
5714,8073.20,6216.74,NaN,NaN,NaN
5715,8121.79,5918.43,NaN,NaN,NaN
5716,7988.39,5645.83,NaN,NaN,NaN
5717,8551.54,5846.73,NaN,NaN,NaN
5718,8381.42,5958.23,0,0,0.0000
5719,8045.55,6185.36,0,0,0.0000
5720,8109.26,6214.43,NaN,NaN,NaN
5721,7993.28,5991.57,0,0,0.0000
5722,8159.90,6116.04,0,0,0.0000
5723,8352.80,5970.85,NaN,NaN,NaN
5724,7906.78,5584.86,NaN,NaN,NaN
5725,8090.50,5505.13,2,1,0.0000
5726,8244.42,5579.92,NaN,NaN,NaN
5727,7938.87,5927.22,3,9,3.0000
5728,8706.90,6038.69,3,6,2.0000
5729,8760.31,5859.69,NaN,NaN,NaN
5730,8633.78,6151.03,2,4,2.0000
5731,8585.81,6040.46,2,1,0.0000
5732,8584.93,5946.79,NaN,NaN,NaN
5733,8683.90,5667.32,3,5,0.0000
5734,8706.45,6217.00,2,2,0.0000
5735,8842.53,6008.87,NaN,NaN,NaN
5736,8734.01,5559.69,0,0,0.0000
5737,8635.62,6246.97,0,0,0.0000
5738,8848.32,5872.74,0,0,0.0000
5739,8784.12,5953.98,3,4,0.0000
5740,8670.17,5579.46,0,0,0.0000
5741,8850.89,6143.48,NaN,NaN,NaN
5742,8630.51,5707.30,3,5,0.0000
5743,8918.18,5801.06,0,0,0.0000
5744,8732.55,5716.24,NaN,NaN,NaN
5745,8583.41,5768.52,0,0,0.0000
5746,8628.11,5816.58,NaN,NaN,NaN
5747,9080.54,6271.45,NaN,NaN,NaN
5748,8866.56,5751.43,NaN,NaN,NaN
5749,8671.60,5906.83,NaN,NaN,NaN
5750,8892.35,5843.08,0,0,0.0000
5751,8843.39,5672.13,NaN,NaN,NaN
5752,8964.71,5947.39,NaN,NaN,NaN
5753,8760.39,6252.31,NaN,NaN,NaN
5754,8794.71,6133.32,0,0,0.0000
5755,8690.96,5837.86,3,5,0.0000
5756,8617.71,6078.36,NaN,NaN,NaN
5757,8721.91,5945.14,0,0,0.0000
5758,8802.13,6078.06,4,8,2.0000
5759,9798.19,5526.34,NaN,NaN,NaN
5760,9982.27,5934.10,NaN,NaN,NaN
5761,9506.00,5966.10,NaN,NaN,NaN
5762,10053.42,5880.70,NaN,NaN,NaN
5763,9752.99,5699.58,0,0,0.0000
5764,9609.20,6078.51,0,0,0.0000
5765,9888.26,5688.32,0,0,0.0000
5766,9589.82,5872.82,NaN,NaN,NaN
5767,9530.96,5580.64,NaN,NaN,NaN
5768,10033.34,6157.46,NaN,NaN,NaN
5769,9728.44,6150.21,NaN,NaN,NaN
5770,9609.23,5972.93,NaN,NaN,NaN
5771,9903.09,6123.39,0,0,0.0000
5772,10077.28,5672.61,0,0,0.0000
5773,10106.48,5763.90,0,0,0.0000
5774,9815.14,6066.87,2,4,2.0000
5775,9591.96,5657.97,NaN,NaN,NaN
5776,9938.62,6033.03,2,3,0.0000
5777,9974.24,5542.67,0,0,0.0000
5778,9428.06,5658.13,0,0,0.0000
5779,9515.71,5689.14,2,4,2.0000
5780,9750.89,6241.08,0,0,0.0000
5781,9688.72,5564.32,3,8,2.6667
5782,9960.85,6171.02,NaN,NaN,NaN
5783,9963.95,5632.40,0,0,0.0000
5784,9892.46,5607.24,0,0,0.0000
5785,9711.92,5874.79,0,0,0.0000
5786,9461.61,5563.49,NaN,NaN,NaN
5787,9633.79,5810.20,NaN,NaN,NaN
5788,9936.83,5783.59,NaN,NaN,NaN
5789,9791.58,5757.14,NaN,NaN,NaN
5790,9674.67,5723.84,2,3,0.0000
5791,9676.69,5642.59,0,0,0.0000
5792,9676.37,6069.94,0,0,0.0000
5793,9624.04,5587.80,0,0,0.0000
5794,9761.23,5919.22,NaN,NaN,NaN
5795,9684.14,5927.21,0,0,0.0000
5796,9853.99,5959.40,0,0,0.0000
5797,9578.90,5759.54,NaN,NaN,NaN
5798,9539.64,5818.90,NaN,NaN,NaN
5799,9831.61,6210.65,0,0,0.0000
5800,9500.74,5779.83,0,0,0.0000
5801,9845.25,5836.95,NaN,NaN,NaN
5802,9670.43,5997.41,0,0,0.0000
5803,9923.13,6212.60,NaN,NaN,NaN
5804,9745.93,6048.05,0,0,0.0000
5805,9507.73,5875.72,2,2,0.0000
5806,9688.29,6251.01,0,0,0.0000
5807,9677.94,5510.51,NaN,NaN,NaN
5808,9972.39,6259.17,0,0,0.0000
5809,10092.80,6143.63,0,0,0.0000
5810,10077.37,6232.72,NaN,NaN,NaN
5811,9445.37,5746.52,0,0,0.0000
5812,9846.87,5766.69,NaN,NaN,NaN
5813,9591.92,5531.38,NaN,NaN,NaN
5814,10062.08,6073.60,0,0,0.0000
5815,10024.44,6229.95,NaN,NaN,NaN
5816,9860.31,6045.53,0,0,0.0000
5817,9882.33,5774.23,2,3,0.0000
5818,9449.67,5706.91,0,0,0.0000
5819,10420.43,5527.66,NaN,NaN,NaN
5820,10241.63,5841.83,NaN,NaN,NaN
5821,10122.55,5942.30,0,0,0.0000
5822,10236.27,5723.73,NaN,NaN,NaN
5823,10198.39,5574.10,2,5,2.5000
5824,10229.97,5985.73,0,0,0.0000
5825,10439.07,5646.14,2,3,0.0000
5826,10522.86,5632.81,NaN,NaN,NaN
5827,10213.27,6249.58,NaN,NaN,NaN
5828,10738.65,5627.23,NaN,NaN,NaN
5829,10177.60,5678.57,0,0,0.0000
5830,10788.93,5541.71,2,3,0.0000
5831,10159.11,6185.90,NaN,NaN,NaN
5832,10539.62,5544.05,NaN,NaN,NaN
5833,10588.37,5567.62,NaN,NaN,NaN
5834,10173.64,6121.79,2,2,0.0000
5835,10326.18,5615.66,NaN,NaN,NaN
5836,10712.59,5551.42,NaN,NaN,NaN
5837,10360.98,5744.01,NaN,NaN,NaN
5838,10451.84,5707.20,0,0,0.0000
5839,10239.75,6171.66,0,0,0.0000
5840,10305.99,5937.69,0,0,0.0000
5841,10616.34,5640.14,0,0,0.0000
5842,10675.25,5644.42,2,6,3.0000
5843,10437.72,6000.65,NaN,NaN,NaN
5844,10299.73,5878.04,3,3,0.0000
5845,10496.03,5931.61,0,0,0.0000
5846,10217.91,6112.10,0,0,0.0000
5847,10249.83,6057.01,0,0,0.0000
5848,10571.51,5637.13,0,0,0.0000
5849,10794.05,6251.79,2,3,0.0000
5850,10809.30,5607.96,NaN,NaN,NaN
5851,10460.86,6026.63,0,0,0.0000
5852,10156.54,6045.96,0,0,0.0000
5853,10155.15,6052.98,0,0,0.0000
5854,10157.61,6048.90,0,0,0.0000
5855,11334.14,5532.07,2,2,0.0000
5856,11179.65,6129.29,0,0,0.0000
5857,11437.84,5600.82,NaN,NaN,NaN
5858,11515.32,6231.43,0,0,0.0000
5859,11118.82,5857.04,NaN,NaN,NaN
5860,11303.63,5953.96,2,3,0.0000
5861,11256.60,5583.87,NaN,NaN,NaN
5862,11388.49,5718.13,0,0,0.0000
5863,11095.50,5523.69,2,3,0.0000
5864,11202.39,6003.34,NaN,NaN,NaN
5865,11522.56,5964.97,0,0,0.0000
5866,11490.45,5541.57,NaN,NaN,NaN
5867,11335.40,6077.92,3,3,0.0000
5868,11466.14,5716.79,0,0,0.0000
5869,11298.27,5752.47,NaN,NaN,NaN
5870,11384.89,5816.53,2,3,0.0000
5871,11405.29,5937.07,0,0,0.0000
5872,11170.13,5920.15,NaN,NaN,NaN
5873,11011.75,6253.79,NaN,NaN,NaN
5874,11278.78,5672.52,NaN,NaN,NaN
5875,11184.80,5660.66,0,0,0.0000
5876,11532.69,6093.56,0,0,0.0000
5877,11414.31,6271.36,2,3,0.0000
5878,11089.74,5689.07,0,0,0.0000
5879,11460.51,6081.48,NaN,NaN,NaN
5880,11630.74,5815.13,NaN,NaN,NaN
5881,11557.15,5744.98,0,0,0.0000
5882,11249.89,6190.98,0,0,0.0000
5883,11197.22,5752.64,0,0,0.0000
5884,11334.82,6178.90,NaN,NaN,NaN
5885,10969.29,5509.11,NaN,NaN,NaN
5886,11103.90,6211.61,NaN,NaN,NaN
5887,11138.90,6057.32,0,0,0.0000
5888,11337.59,6260.90,NaN,NaN,NaN
5889,10936.58,6226.32,NaN,NaN,NaN
5890,11013.11,6162.33,NaN,NaN,NaN
5891,11065.66,5609.56,NaN,NaN,NaN
5892,11153.77,5577.59,0,0,0.0000
5893,11263.22,6074.45,0,0,0.0000
5894,11600.27,6049.10,0,0,0.0000
5895,11286.57,6139.24,NaN,NaN,NaN
5896,11577.69,5859.71,0,0,0.0000
5897,11383.46,6207.96,3,4,0.0000
5898,11125.55,6010.64,NaN,NaN,NaN
5899,11532.74,5640.44,0,0,0.0000
5900,10980.26,5639.18,3,9,3.0000
5901,10939.79,5551.37,0,0,0.0000
5902,11440.08,5999.47,NaN,NaN,NaN
5903,11300.32,5867.76,0,0,0.0000
5904,11325.02,5844.42,0,0,0.0000
5905,11247.13,5877.08,NaN,NaN,NaN
5906,11229.07,6269.34,2,4,2.0000
5907,11163.90,6214.10,NaN,NaN,NaN
5908,11612.19,5983.12,NaN,NaN,NaN
5909,11140.22,5709.19,NaN,NaN,NaN
5910,11642.73,6128.28,NaN,NaN,NaN
5911,10886.12,5546.97,NaN,NaN,NaN
5912,11085.93,5923.85,NaN,NaN,NaN
5913,11633.72,6169.71,0,0,0.0000
5914,11144.27,5787.85,0,0,0.0000
5915,11469.04,5810.02,NaN,NaN,NaN
5916,11757.67,6177.75,0,0,0.0000
5917,11671.04,5886.50,NaN,NaN,NaN
5918,11668.52,6231.19,0,0,0.0000
5919,11692.15,5941.24,2,1,0.0000
5920,11720.25,6080.87,0,0,0.0000
5921,11696.88,6045.70,NaN,NaN,NaN
5922,11658.96,6074.90,0,0,0.0000
5923,11734.32,6026.47,NaN,NaN,NaN
5924,16208.80,5602.65,NaN,NaN,NaN
5925,16161.48,6046.09,0,0,0.0000
5926,16294.72,5845.72,NaN,NaN,NaN
5927,16045.30,5973.39,NaN,NaN,NaN
5928,16212.50,5805.74,NaN,NaN,NaN
5929,16038.09,5858.53,NaN,NaN,NaN
5930,16238.32,5983.45,2,3,0.0000
5931,16070.75,6227.06,NaN,NaN,NaN
5932,16314.36,5700.07,3,5,0.0000
5933,15906.61,6125.22,0,0,0.0000
5934,16301.17,5913.35,7,2,0.0000
5935,16225.94,6131.30,NaN,NaN,NaN
5936,16106.87,5806.47,3,7,2.3333
5937,16007.19,6173.39,NaN,NaN,NaN
5938,16090.57,6032.35,0,0,0.0000
5939,15884.68,6229.90,NaN,NaN,NaN
5940,15959.95,6210.00,3,3,0.0000
5941,16204.56,6228.13,3,4,0.0000
5942,16126.20,5934.92,0,0,0.0000
5943,16339.28,5619.37,NaN,NaN,NaN
5944,15812.76,6235.75,2,2,0.0000
5945,16093.59,6123.22,NaN,NaN,NaN
5946,16142.32,5509.09,NaN,NaN,NaN
5947,16311.81,5972.34,0,0,0.0000
5948,16199.56,5884.50,NaN,NaN,NaN
5949,16322.57,6179.48,2,3,0.0000
5950,16305.02,6243.53,NaN,NaN,NaN
5951,15961.20,6138.79,NaN,NaN,NaN
5952,16027.55,6263.94,0,0,0.0000
5953,15887.58,6090.71,NaN,NaN,NaN
5954,16283.45,6154.16,0,0,0.0000
5955,16006.61,6229.15,NaN,NaN,NaN
5956,16166.52,5545.87,NaN,NaN,NaN
5957,16025.35,6126.65,NaN,NaN,NaN
5958,16268.02,5529.75,2,4,2.0000
5959,16350.83,5505.26,0,0,0.0000
5960,16125.99,6211.69,NaN,NaN,NaN
5961,16251.87,5690.20,2,3,0.0000
5962,15970.70,6050.75,0,0,0.0000
5963,16148.11,6228.40,2,2,0.0000
5964,16363.55,6192.72,NaN,NaN,NaN
5965,16280.14,5636.98,5,8,0.0000
5966,16118.31,5625.19,0,0,0.0000
5967,16099.56,5519.95,3,3,0.0000
5968,446.22,6444.62,NaN,NaN,NaN
5969,127.57,6418.00,3,5,0.0000
5970,712.33,6541.34,3,4,0.0000
5971,605.07,6780.60,NaN,NaN,NaN
5972,468.71,6286.49,NaN,NaN,NaN
5973,255.41,6395.90,NaN,NaN,NaN
5974,474.05,6636.43,2,4,2.0000
5975,608.90,6489.59,0,0,0.0000
5976,596.40,6613.22,0,0,0.0000
5977,595.91,6318.21,NaN,NaN,NaN
5978,789.50,6702.48,0,0,0.0000
5979,546.80,6908.32,2,3,0.0000
5980,302.87,6294.49,2,2,0.0000
5981,742.88,6926.74,NaN,NaN,NaN
5982,811.21,6814.41,NaN,NaN,NaN
5983,857.75,6430.93,NaN,NaN,NaN
5984,809.22,6635.03,4,7,0.0000
5985,532.96,6385.58,2,4,2.0000
5986,862.30,6526.17,NaN,NaN,NaN
5987,599.17,7027.80,NaN,NaN,NaN
5988,883.36,6860.28,2,4,2.0000
5989,740.72,6748.37,NaN,NaN,NaN
5990,651.78,6916.52,0,0,0.0000
5991,693.65,6659.23,NaN,NaN,NaN
5992,518.76,6800.55,2,3,0.0000
5993,730.81,6439.54,0,0,0.0000
5994,699.93,6357.60,NaN,NaN,NaN
5995,826.75,6926.84,4,5,0.0000
5996,476.70,6741.73,2,5,2.5000
5997,545.58,6660.54,0,0,0.0000
5998,291.49,6483.33,0,0,0.0000
5999,52.73,6331.25,NaN,NaN,NaN
6000,675.85,6748.51,NaN,NaN,NaN
6001,345.13,6464.59,3,3,0.0000
6002,759.44,6396.22,NaN,NaN,NaN
6003,652.93,6679.09,3,4,0.0000
6004,229.00,6273.13,0,0,0.0000
6005,667.70,6411.22,0,0,0.0000
6006,676.47,6841.46,2,2,0.0000
6007,116.44,6487.58,3,4,0.0000
6008,628.87,6383.26,0,0,0.0000
6009,736.20,6818.93,0,0,0.0000
6010,800.70,6568.35,0,0,0.0000
6011,534.01,6728.94,NaN,NaN,NaN
6012,344.34,6359.63,0,0,0.0000
6013,515.23,6331.64,0,0,0.0000
6014,767.85,6880.77,0,0,0.0000
6015,871.35,6799.19,0,0,0.0000
6016,925.89,6684.71,NaN,NaN,NaN
6017,917.84,6974.73,NaN,NaN,NaN
6018,998.25,6466.75,0,0,0.0000
6019,1176.46,6299.39,2,3,0.0000
6020,1089.52,6952.23,NaN,NaN,NaN
6021,1018.32,6653.29,NaN,NaN,NaN
6022,978.04,6842.91,0,0,0.0000
6023,1278.51,6292.45,NaN,NaN,NaN
6024,1014.19,6556.39,NaN,NaN,NaN
6025,1158.15,6929.38,NaN,NaN,NaN
6026,1403.05,7007.50,2,7,3.5000
6027,950.50,6795.93,2,4,2.0000
6028,1140.64,6869.80,NaN,NaN,NaN
6029,896.84,6478.46,3,5,0.0000
6030,1048.25,7039.30,NaN,NaN,NaN
6031,1057.90,6844.70,0,0,0.0000
6032,936.02,6505.91,3,4,0.0000
6033,954.74,6561.43,NaN,NaN,NaN
6034,1115.00,6813.55,0,0,0.0000
6035,1045.40,6796.22,0,0,0.0000
6036,1003.78,6962.60,0,0,0.0000
6037,2366.54,7032.31,4,5,0.0000
6038,1694.94,6319.42,NaN,NaN,NaN
6039,2386.79,6829.46,NaN,NaN,NaN
6040,2178.17,6901.13,NaN,NaN,NaN
6041,2274.71,6829.28,2,4,2.0000
6042,2106.00,6601.74,2,1,0.0000
6043,2285.81,6993.50,0,0,0.0000
6044,2168.48,6733.77,0,0,0.0000
6045,2146.56,6814.35,NaN,NaN,NaN
6046,2106.92,6771.22,3,5,0.0000
6047,2347.56,6900.80,NaN,NaN,NaN
6048,2220.83,6953.96,3,6,2.0000
6049,2218.62,6774.45,2,2,0.0000
6050,2177.09,6673.84,NaN,NaN,NaN
6051,2353.22,6948.47,NaN,NaN,NaN
6052,1845.33,6476.80,NaN,NaN,NaN
6053,2260.07,6909.46,NaN,NaN,NaN
6054,2201.62,6621.89,NaN,NaN,NaN
6055,2225.36,6868.75,NaN,NaN,NaN
6056,1845.35,6419.58,0,0,0.0000
6057,2415.50,6901.07,NaN,NaN,NaN
6058,2318.43,6867.14,NaN,NaN,NaN
6059,2224.10,6727.84,NaN,NaN,NaN
6060,2455.36,6946.88,2,5,2.5000
6061,3019.62,6452.41,0,0,0.0000
6062,3093.07,6464.14,NaN,NaN,NaN
6063,3144.52,6537.74,2,2,0.0000
6064,3190.16,6510.95,NaN,NaN,NaN
6065,3145.58,6349.12,NaN,NaN,NaN
6066,3061.56,6520.56,NaN,NaN,NaN
6067,3051.82,6398.07,0,0,0.0000
6068,2509.70,7021.28,0,0,0.0000
6069,2529.61,6992.49,0,0,0.0000
6070,3494.86,6702.08,2,2,0.0000
6071,3488.36,6525.92,NaN,NaN,NaN
6072,3756.16,6842.56,0,0,0.0000
6073,3395.22,6735.22,0,0,0.0000
6074,3531.42,6345.80,NaN,NaN,NaN
6075,3247.37,6398.54,2,5,2.5000
6076,3432.90,6399.51,NaN,NaN,NaN
6077,3514.16,6276.67,4,2,0.0000
6078,3371.99,6524.65,0,0,0.0000
6079,3784.71,6681.13,NaN,NaN,NaN
6080,3216.44,6469.19,2,3,0.0000
6081,3650.81,6807.85,2,3,0.0000
6082,3702.95,6641.28,2,2,0.0000
6083,3591.49,6486.68,5,6,0.0000
6084,3633.57,6713.72,0,0,0.0000
6085,3554.90,6643.20,NaN,NaN,NaN
6086,3793.19,6594.46,0,0,0.0000
6087,3921.84,6860.05,0,0,0.0000
6088,3343.97,6785.15,NaN,NaN,NaN
6089,3868.99,6900.07,0,0,0.0000
6090,3693.76,6478.17,2,2,0.0000
6091,3638.37,6642.03,NaN,NaN,NaN
6092,3605.35,6430.51,0,0,0.0000
6093,3847.15,6748.72,NaN,NaN,NaN
6094,3771.30,6738.29,0,0,0.0000
6095,3286.93,6463.54,2,6,3.0000
6096,3840.95,6844.50,NaN,NaN,NaN
6097,3580.24,6592.74,NaN,NaN,NaN
6098,3391.24,6940.18,NaN,NaN,NaN
6099,3714.05,6754.53,0,0,0.0000
6100,3708.78,6583.54,0,0,0.0000
6101,3409.15,6457.86,0,0,0.0000
6102,3802.78,6915.69,0,0,0.0000
6103,3693.84,6715.71,0,0,0.0000
6104,3363.91,6899.75,0,0,0.0000
6105,3368.69,6282.10,NaN,NaN,NaN
6106,3375.47,7019.18,2,6,3.0000
6107,3449.56,6619.59,NaN,NaN,NaN
6108,3741.11,6937.71,0,0,0.0000
6109,3644.04,6573.09,0,0,0.0000
6110,3305.59,6599.37,NaN,NaN,NaN
6111,3533.30,6416.34,0,0,0.0000
6112,3696.27,6919.71,NaN,NaN,NaN
6113,3369.41,6837.53,0,0,0.0000
6114,3342.87,6405.18,3,6,2.0000
6115,3558.78,6797.41,NaN,NaN,NaN
6116,3882.08,6715.75,0,0,0.0000
6117,3454.18,6339.67,2,2,0.0000
6118,3731.31,6536.72,0,0,0.0000
6119,4579.36,6714.39,0,0,0.0000
6120,4483.33,6514.31,3,2,0.0000
6121,4686.24,6728.36,0,0,0.0000
6122,4655.06,6546.31,NaN,NaN,NaN
6123,4461.42,6805.33,0,0,0.0000
6124,4469.94,6368.65,NaN,NaN,NaN
6125,4703.80,6924.51,NaN,NaN,NaN
6126,4618.86,6287.13,NaN,NaN,NaN
6127,4568.20,6905.46,3,6,2.0000
6128,4451.71,6653.98,NaN,NaN,NaN
6129,4303.24,6408.54,NaN,NaN,NaN
6130,4641.13,6391.67,0,0,0.0000
6131,4613.67,7035.48,NaN,NaN,NaN
6132,4535.27,6281.63,0,0,0.0000
6133,4606.89,6856.55,0,0,0.0000
6134,4354.84,6576.67,NaN,NaN,NaN
6135,4315.79,6327.45,2,9,4.5000
6136,4692.59,6827.69,NaN,NaN,NaN
6137,4499.28,6631.58,4,6,0.0000
6138,4394.22,6344.04,3,4,0.0000
6139,4536.36,6418.38,2,10,5.0000
6140,4588.79,6599.07,0,0,0.0000
6141,4573.54,6995.65,0,0,0.0000
6142,4461.96,6274.27,0,0,0.0000
6143,4392.90,6722.90,NaN,NaN,NaN
6144,4587.93,6448.90,0,0,0.0000
6145,4359.53,6494.74,NaN,NaN,NaN
6146,4380.66,6419.39,NaN,NaN,NaN
6147,4722.96,6553.14,NaN,NaN,NaN
6148,4241.80,6333.42,NaN,NaN,NaN
6149,4670.09,6978.02,NaN,NaN,NaN
6150,4398.15,6540.90,NaN,NaN,NaN
6151,4609.51,6563.63,0,0,0.0000
6152,4694.79,6464.63,0,0,0.0000
6153,4303.68,6578.76,NaN,NaN,NaN
6154,4518.20,6781.20,2,5,2.5000
6155,4802.42,6979.73,NaN,NaN,NaN
6156,4809.56,6821.73,2,1,0.0000
6157,4899.43,6462.59,3,5,0.0000
6158,4876.37,6560.98,3,3,0.0000
6159,4886.56,6835.83,4,5,0.0000
6160,4778.91,6522.18,NaN,NaN,NaN
6161,4948.88,6742.42,2,4,2.0000
6162,4760.67,6672.37,0,0,0.0000
6163,4784.54,6409.77,NaN,NaN,NaN
6164,5144.74,6862.04,NaN,NaN,NaN
6165,5050.96,6712.76,NaN,NaN,NaN
6166,5282.39,6552.95,NaN,NaN,NaN
6167,4973.67,6896.97,0,0,0.0000
6168,4963.08,6395.86,NaN,NaN,NaN
6169,4971.58,6640.19,NaN,NaN,NaN
6170,4895.54,6282.13,NaN,NaN,NaN
6171,4829.12,6360.30,2,1,0.0000
6172,4786.47,6286.46,0,0,0.0000
6173,5112.77,6933.47,NaN,NaN,NaN
6174,5043.27,6547.41,NaN,NaN,NaN
6175,5166.76,6959.76,NaN,NaN,NaN
6176,5069.44,6881.06,NaN,NaN,NaN
6177,5227.73,6986.93,0,0,0.0000
6178,5014.02,6772.35,3,3,0.0000
6179,5104.83,7031.03,0,0,0.0000
6180,5372.99,6725.83,2,1,0.0000
6181,4896.69,6751.01,2,5,2.5000
6182,5255.45,6619.26,NaN,NaN,NaN
6183,4767.35,7036.81,0,0,0.0000
6184,4900.81,6934.18,NaN,NaN,NaN
6185,4943.39,6661.26,0,0,0.0000
6186,5052.62,6960.21,0,0,0.0000
6187,4770.72,6594.36,NaN,NaN,NaN
6188,4969.99,6468.15,NaN,NaN,NaN
6189,5345.20,6762.85,0,0,0.0000
6190,5012.02,6863.02,NaN,NaN,NaN
6191,4841.03,6281.39,0,0,0.0000
6192,5110.87,6795.88,NaN,NaN,NaN
6193,5083.12,6808.40,0,0,0.0000
6194,4986.08,6955.77,NaN,NaN,NaN
6195,5940.70,6316.41,0,0,0.0000
6196,6148.85,6532.50,NaN,NaN,NaN
6197,6079.07,6501.50,0,0,0.0000
6198,5970.22,6772.76,0,0,0.0000
6199,6070.10,6684.38,0,0,0.0000
6200,5986.48,6683.15,2,4,2.0000
6201,5907.00,6639.25,NaN,NaN,NaN
6202,5877.14,6417.23,0,0,0.0000
6203,6039.86,6858.02,NaN,NaN,NaN
6204,6023.67,6805.01,0,0,0.0000
6205,5992.17,6533.03,3,8,2.6667
6206,6023.63,6735.13,NaN,NaN,NaN
6207,5838.81,6372.43,NaN,NaN,NaN
6208,6058.52,6902.99,NaN,NaN,NaN
6209,5872.72,6540.26,NaN,NaN,NaN
6210,5801.64,6364.09,NaN,NaN,NaN
6211,5961.50,6631.56,2,3,0.0000
6212,5922.17,6582.46,NaN,NaN,NaN
6213,6004.76,6612.75,0,0,0.0000
6214,6076.39,6568.43,NaN,NaN,NaN
6215,6041.40,6567.45,NaN,NaN,NaN
6216,5817.92,6322.01,NaN,NaN,NaN
6217,6630.44,6410.63,2,5,2.5000
6218,6564.95,6340.42,0,0,0.0000
6219,6691.51,6330.20,NaN,NaN,NaN
6220,6704.10,6573.47,5,3,0.0000
6221,6570.80,6486.95,NaN,NaN,NaN
6222,6461.72,6336.66,NaN,NaN,NaN
6223,6845.36,6446.50,NaN,NaN,NaN
6224,6647.04,6846.00,0,0,0.0000
6225,6811.00,6511.46,NaN,NaN,NaN
6226,6857.45,6353.92,2,3,0.0000
6227,6724.60,6811.05,NaN,NaN,NaN
6228,6570.27,6805.07,0,0,0.0000
6229,6625.76,6897.91,NaN,NaN,NaN
6230,6627.21,6771.79,NaN,NaN,NaN
6231,6602.38,6974.03,0,0,0.0000
6232,6552.11,6869.58,NaN,NaN,NaN
6233,6852.70,6274.09,2,2,0.0000
6234,6576.24,6927.90,0,0,0.0000
6235,6826.12,6590.68,NaN,NaN,NaN
6236,7137.41,6882.69,NaN,NaN,NaN
6237,7097.15,6882.13,0,0,0.0000
6238,7192.84,7019.30,2,3,0.0000
6239,7148.36,7019.95,NaN,NaN,NaN
6240,8351.67,6848.39,NaN,NaN,NaN
6241,8510.35,6350.96,NaN,NaN,NaN
6242,8454.13,6707.42,0,0,0.0000
6243,8455.72,6517.05,0,0,0.0000
6244,8245.87,6644.16,0,0,0.0000
6245,8446.52,7023.40,NaN,NaN,NaN
6246,8403.37,6972.27,NaN,NaN,NaN
6247,8489.72,6827.76,0,0,0.0000
6248,8571.73,6320.39,NaN,NaN,NaN
6249,8324.55,6578.07,NaN,NaN,NaN
6250,8142.43,6579.24,2,4,2.0000
6251,8073.88,6287.78,NaN,NaN,NaN
6252,8446.97,6386.50,2,2,0.0000
6253,8175.41,6342.84,NaN,NaN,NaN
6254,8178.22,6429.24,3,4,0.0000
6255,8408.92,6589.15,0,0,0.0000
6256,8553.22,6448.22,NaN,NaN,NaN
6257,8344.47,6758.25,NaN,NaN,NaN
6258,8552.15,6528.65,NaN,NaN,NaN
6259,8301.66,6690.35,0,0,0.0000
6260,8059.27,6417.62,NaN,NaN,NaN
6261,8331.92,6479.44,NaN,NaN,NaN
6262,8312.21,6912.62,0,0,0.0000
6263,8006.50,6423.20,2,7,3.5000
6264,8251.80,6764.18,0,0,0.0000
6265,8438.34,6902.95,NaN,NaN,NaN
6266,8180.27,6514.73,NaN,NaN,NaN
6267,8190.39,6720.83,0,0,0.0000
6268,8117.36,6467.87,2,4,2.0000
6269,7932.55,6367.02,NaN,NaN,NaN
6270,8139.82,6660.75,NaN,NaN,NaN
6271,8316.84,6994.43,NaN,NaN,NaN
6272,8239.12,6506.00,2,4,2.0000
6273,8564.04,6773.43,0,0,0.0000
6274,8252.07,6388.98,NaN,NaN,NaN
6275,8305.74,6279.33,0,0,0.0000
6276,8085.65,6364.72,2,2,0.0000
6277,8345.76,6390.44,0,0,0.0000
6278,7996.40,6298.32,NaN,NaN,NaN
6279,8200.21,6949.39,NaN,NaN,NaN
6280,8498.32,6604.65,0,0,0.0000
6281,8461.07,6299.36,0,0,0.0000
6282,8540.07,6980.01,0,0,0.0000
6283,8557.15,6628.29,3,5,0.0000
6284,8262.08,6939.69,0,0,0.0000
6285,8293.78,6405.41,NaN,NaN,NaN
6286,8255.05,7022.55,NaN,NaN,NaN
6287,7950.39,6329.41,NaN,NaN,NaN
6288,8366.04,6431.98,NaN,NaN,NaN
6289,8439.89,6803.81,0,0,0.0000
6290,8012.98,6344.17,NaN,NaN,NaN
6291,8401.55,6671.78,0,0,0.0000
6292,8425.11,6439.00,NaN,NaN,NaN
6293,8525.75,6743.37,0,0,0.0000
6294,8179.32,6664.88,0,0,0.0000
6295,8124.63,6301.69,0,0,0.0000
6296,8371.84,6311.69,0,0,0.0000
6297,8552.28,7028.16,NaN,NaN,NaN
6298,8380.68,6358.10,0,0,0.0000
6299,8321.31,6324.69,0,0,0.0000
6300,8536.21,6831.41,0,0,0.0000
6301,8285.67,6509.34,NaN,NaN,NaN
6302,8523.93,6947.71,NaN,NaN,NaN
6303,8817.99,6323.58,NaN,NaN,NaN
6304,9107.83,6372.71,3,7,2.3333
6305,8941.53,6854.59,NaN,NaN,NaN
6306,9072.19,6997.51,NaN,NaN,NaN
6307,8634.97,6749.44,2,5,2.5000
6308,8968.94,7030.80,NaN,NaN,NaN
6309,8618.53,7009.09,NaN,NaN,NaN
6310,8798.75,7000.48,0,0,0.0000
6311,8694.90,6549.46,0,0,0.0000
6312,8955.51,6480.24,NaN,NaN,NaN
6313,8700.75,6371.05,0,0,0.0000
6314,8629.08,6463.76,0,0,0.0000
6315,8865.24,6409.12,NaN,NaN,NaN
6316,9133.55,6894.99,NaN,NaN,NaN
6317,8667.64,6907.84,3,2,0.0000
6318,9087.28,6501.47,NaN,NaN,NaN
6319,8582.10,6919.11,0,0,0.0000
6320,8957.59,6774.90,NaN,NaN,NaN
6321,9048.68,6897.28,NaN,NaN,NaN
6322,8997.10,6931.68,NaN,NaN,NaN
6323,8607.04,6836.44,2,2,0.0000
6324,9115.49,6427.05,NaN,NaN,NaN
6325,8797.67,6469.26,0,0,0.0000
6326,8725.60,6763.16,0,0,0.0000
6327,8632.87,6666.52,0,0,0.0000
6328,8788.33,6534.99,NaN,NaN,NaN
6329,9043.63,6638.69,2,2,0.0000
6330,8712.68,6939.87,0,0,0.0000
6331,9019.48,6288.65,0,0,0.0000
6332,8947.41,6943.19,NaN,NaN,NaN
6333,8633.27,6539.08,0,0,0.0000
6334,9009.77,6707.63,3,4,0.0000
6335,8903.87,7026.98,0,0,0.0000
6336,8847.92,6888.43,NaN,NaN,NaN
6337,9036.93,6579.08,NaN,NaN,NaN
6338,9004.50,6521.19,2,7,3.5000
6339,8870.49,6569.59,NaN,NaN,NaN
6340,8708.04,6839.94,NaN,NaN,NaN
6341,8939.64,6406.23,0,0,0.0000
6342,9024.92,6387.09,NaN,NaN,NaN
6343,8851.10,6948.96,0,0,0.0000
6344,9092.43,6851.40,NaN,NaN,NaN
6345,8961.94,6350.43,0,0,0.0000
6346,8886.17,6955.20,0,0,0.0000
6347,8735.66,6617.90,NaN,NaN,NaN
6348,9118.71,7007.48,0,0,0.0000
6349,8777.61,6641.02,NaN,NaN,NaN
6350,9090.61,6631.07,NaN,NaN,NaN
6351,9037.58,6478.39,NaN,NaN,NaN
6352,8766.63,6395.00,0,0,0.0000
6353,8897.99,6453.66,NaN,NaN,NaN
6354,9061.40,6700.85,NaN,NaN,NaN
6355,9025.93,6966.66,0,0,0.0000
6356,8998.58,6435.10,NaN,NaN,NaN
6357,8746.56,6506.74,0,0,0.0000
6358,9094.31,6585.77,NaN,NaN,NaN
6359,8849.51,6746.03,2,4,2.0000
6360,8711.13,6661.17,0,0,0.0000
6361,8743.97,7036.86,0,0,0.0000
6362,9725.79,6972.68,NaN,NaN,NaN
6363,10035.19,6607.26,NaN,NaN,NaN
6364,9947.22,6475.03,NaN,NaN,NaN
6365,9660.94,6639.50,0,0,0.0000
6366,9912.32,6288.47,NaN,NaN,NaN
6367,9569.00,7034.83,NaN,NaN,NaN
6368,9774.88,6639.77,2,4,2.0000
6369,10065.11,6409.25,2,3,0.0000
6370,10014.87,6869.58,NaN,NaN,NaN
6371,9785.00,6764.42,NaN,NaN,NaN
6372,9677.81,6334.49,NaN,NaN,NaN
6373,9513.73,6732.59,0,0,0.0000
6374,9984.43,6349.56,0,0,0.0000
6375,9778.18,6328.63,NaN,NaN,NaN
6376,9866.72,6525.25,0,0,0.0000
6377,9647.52,6840.17,0,0,0.0000
6378,9807.31,6907.58,2,2,0.0000
6379,10041.60,6318.59,NaN,NaN,NaN
6380,9808.32,6272.46,0,0,0.0000
6381,9605.37,6601.66,NaN,NaN,NaN
6382,9826.74,6604.80,NaN,NaN,NaN
6383,9938.86,6931.55,NaN,NaN,NaN
6384,9980.04,6954.44,NaN,NaN,NaN
6385,9908.78,6674.56,0,0,0.0000
6386,9580.08,6535.05,NaN,NaN,NaN
6387,9860.86,6368.69,NaN,NaN,NaN
6388,9506.38,7014.17,NaN,NaN,NaN
6389,10039.29,6474.40,0,0,0.0000
6390,9968.82,6736.54,NaN,NaN,NaN
6391,9553.90,6819.93,NaN,NaN,NaN
6392,9974.89,6812.70,NaN,NaN,NaN
6393,9780.61,6441.05,2,3,0.0000
6394,9519.69,6587.57,3,5,0.0000
6395,10059.79,6285.72,0,0,0.0000
6396,9698.78,6552.35,2,4,2.0000
6397,9635.66,6735.44,0,0,0.0000
6398,9804.01,7009.88,0,0,0.0000
6399,9918.23,6786.37,NaN,NaN,NaN
6400,9639.06,6999.85,NaN,NaN,NaN
6401,9998.02,6700.07,NaN,NaN,NaN
6402,9800.30,6835.96,0,0,0.0000
6403,9645.60,6914.90,0,0,0.0000
6404,9461.67,6652.17,NaN,NaN,NaN
6405,10099.85,6880.82,NaN,NaN,NaN
6406,9918.13,6571.71,NaN,NaN,NaN
6407,9841.88,6431.21,0,0,0.0000
6408,10028.37,6953.12,0,0,0.0000
6409,9739.90,6399.55,NaN,NaN,NaN
6410,9968.05,6580.82,0,0,0.0000
6411,9894.41,6877.79,0,0,0.0000
6412,9880.17,6833.06,NaN,NaN,NaN
6413,9859.27,6900.14,0,0,0.0000
6414,9729.29,6837.26,0,0,0.0000
6415,9457.01,6727.45,0,0,0.0000
6416,9706.35,6718.15,NaN,NaN,NaN
6417,9623.22,6333.67,NaN,NaN,NaN
6418,9613.38,6790.75,0,0,0.0000
6419,9801.54,6537.32,0,0,0.0000
6420,9509.88,6642.87,0,0,0.0000
6421,9840.88,6781.18,0,0,0.0000
6422,9847.15,6953.83,2,7,3.5000
6423,9772.53,6865.25,NaN,NaN,NaN
6424,9725.55,6767.11,0,0,0.0000
6425,9876.50,6791.71,0,0,0.0000
6426,9726.15,6795.02,0,0,0.0000
6427,10130.19,6771.37,0,0,0.0000
6428,10671.73,6661.23,NaN,NaN,NaN
6429,10473.06,6755.36,2,6,3.0000
6430,10370.89,6674.16,0,0,0.0000
6431,10197.15,6417.12,NaN,NaN,NaN
6432,10732.49,6761.07,2,7,3.5000
6433,10806.76,6408.83,NaN,NaN,NaN
6434,10463.61,6631.52,NaN,NaN,NaN
6435,10153.22,6667.53,NaN,NaN,NaN
6436,10515.12,6551.42,2,2,0.0000
6437,10298.07,6416.07,2,1,0.0000
6438,10647.80,6523.99,NaN,NaN,NaN
6439,10455.40,6380.25,0,0,0.0000
6440,10348.83,6861.50,2,5,2.5000
6441,10247.05,6833.70,NaN,NaN,NaN
6442,10190.90,6319.96,0,0,0.0000
6443,10298.96,6725.28,3,5,0.0000
6444,10154.57,6529.67,NaN,NaN,NaN
6445,10752.32,6572.32,NaN,NaN,NaN
6446,10135.58,6956.40,NaN,NaN,NaN
6447,10710.53,6369.28,3,6,2.0000
6448,10844.72,6623.28,NaN,NaN,NaN
6449,10461.87,6461.67,NaN,NaN,NaN
6450,10620.21,6807.69,NaN,NaN,NaN
6451,10769.99,6295.96,NaN,NaN,NaN
6452,10370.10,7008.95,NaN,NaN,NaN
6453,10780.90,6838.82,NaN,NaN,NaN
6454,10469.28,7012.16,NaN,NaN,NaN
6455,10410.70,6920.95,NaN,NaN,NaN
6456,10154.99,6597.23,NaN,NaN,NaN
6457,10235.99,6630.40,2,2,0.0000
6458,10853.95,6946.99,0,0,0.0000
6459,10555.61,6783.74,NaN,NaN,NaN
6460,10877.58,6367.72,0,0,0.0000
6461,10776.49,6626.42,NaN,NaN,NaN
6462,10543.88,6976.76,3,8,2.6667
6463,10322.90,6963.80,2,2,0.0000
6464,10219.33,6935.45,NaN,NaN,NaN
6465,10273.57,6951.05,NaN,NaN,NaN
6466,10863.56,6275.75,0,0,0.0000
6467,10585.91,6638.13,NaN,NaN,NaN
6468,10871.44,6772.40,NaN,NaN,NaN
6469,10833.95,6899.27,0,0,0.0000
6470,10691.47,6951.95,0,0,0.0000
6471,10685.88,6858.16,4,7,0.0000
6472,10564.35,6688.13,0,0,0.0000
6473,10803.12,6704.69,NaN,NaN,NaN
6474,10600.95,7017.47,2,3,0.0000
6475,10227.10,6759.25,0,0,0.0000
6476,10257.71,6541.07,NaN,NaN,NaN
6477,10377.19,6500.57,0,0,0.0000
6478,10848.29,6534.82,NaN,NaN,NaN
6479,10835.26,6472.03,NaN,NaN,NaN
6480,10310.80,6303.89,NaN,NaN,NaN
6481,10373.00,6568.21,0,0,0.0000
6482,10818.65,6318.39,NaN,NaN,NaN
6483,10185.45,6479.25,0,0,0.0000
6484,10315.30,6595.44,0,0,0.0000
6485,10324.92,6545.46,0,0,0.0000
6486,10350.85,6765.61,0,0,0.0000
6487,10464.50,6937.06,0,0,0.0000
6488,10129.99,6893.94,2,5,2.5000
6489,10263.83,6505.43,NaN,NaN,NaN
6490,10605.40,6731.65,0,0,0.0000
6491,10738.03,6524.31,0,0,0.0000
6492,10799.05,6949.34,NaN,NaN,NaN
6493,10839.17,7016.33,0,0,0.0000
6494,10383.86,6413.86,NaN,NaN,NaN
6495,11136.22,6760.31,NaN,NaN,NaN
6496,10949.70,6954.37,NaN,NaN,NaN
6497,11331.41,6387.96,NaN,NaN,NaN
6498,11198.16,6581.18,NaN,NaN,NaN
6499,11035.44,6865.90,NaN,NaN,NaN
6500,11119.60,6911.57,NaN,NaN,NaN
6501,11064.57,6439.10,NaN,NaN,NaN
6502,11166.75,6333.50,NaN,NaN,NaN
6503,10914.80,6813.26,NaN,NaN,NaN
6504,11382.01,6630.10,NaN,NaN,NaN
6505,11320.02,6701.23,NaN,NaN,NaN
6506,10935.14,6348.12,NaN,NaN,NaN
6507,11073.07,6568.73,NaN,NaN,NaN
6508,11579.26,6838.09,NaN,NaN,NaN
6509,11247.21,6347.76,0,0,0.0000
6510,11567.18,6562.95,0,0,0.0000
6511,11223.15,6694.77,3,5,0.0000
6512,11421.19,6351.84,3,4,0.0000
6513,11086.55,6356.47,2,4,2.0000
6514,11492.87,6654.96,NaN,NaN,NaN
6515,11047.57,6703.45,0,0,0.0000
6516,11351.07,6974.40,NaN,NaN,NaN
6517,11382.54,6462.21,2,4,2.0000
6518,11318.44,6900.50,NaN,NaN,NaN
6519,11007.31,6357.03,NaN,NaN,NaN
6520,11631.80,6404.86,NaN,NaN,NaN
6521,11446.58,6805.73,2,3,0.0000
6522,11115.04,6656.17,NaN,NaN,NaN
6523,11044.33,6763.83,NaN,NaN,NaN
6524,11223.17,6919.30,2,2,0.0000
6525,11436.22,6717.76,0,0,0.0000
6526,11329.65,6831.08,0,0,0.0000
6527,11533.61,6428.18,NaN,NaN,NaN
6528,10970.73,6419.66,0,0,0.0000
6529,11201.48,6855.87,2,5,2.5000
6530,11562.37,6478.79,2,3,0.0000
6531,11431.21,6985.09,NaN,NaN,NaN
6532,10915.40,6599.73,2,1,0.0000
6533,11247.63,6805.64,NaN,NaN,NaN
6534,11084.65,6516.00,NaN,NaN,NaN
6535,11643.00,6786.14,2,7,3.5000
6536,11602.66,6905.27,NaN,NaN,NaN
6537,11372.51,6764.88,0,0,0.0000
6538,10982.97,6604.02,0,0,0.0000
6539,11025.45,7013.60,2,5,2.5000
6540,11305.33,6773.75,0,0,0.0000
6541,11060.53,6968.48,0,0,0.0000
6542,10969.95,6874.15,0,0,0.0000
6543,11477.55,6996.04,3,4,0.0000
6544,11153.79,6996.80,2,6,3.0000
6545,11509.24,6372.22,NaN,NaN,NaN
6546,11242.55,6635.48,NaN,NaN,NaN
6547,11573.95,6754.34,2,3,0.0000
6548,10974.19,6526.69,0,0,0.0000
6549,11400.90,6901.48,NaN,NaN,NaN
6550,11150.90,6486.51,NaN,NaN,NaN
6551,11249.03,6417.15,0,0,0.0000
6552,10980.29,6471.11,0,0,0.0000
6553,11548.54,6338.65,NaN,NaN,NaN
6554,11327.17,6600.08,2,7,3.5000
6555,10903.98,6533.97,0,0,0.0000
6556,10913.19,6278.14,NaN,NaN,NaN
6557,11511.76,6941.45,0,0,0.0000
6558,11318.95,7039.34,0,0,0.0000
6559,11551.26,6639.49,0,0,0.0000
6560,11307.36,6490.23,NaN,NaN,NaN
6561,11421.27,6858.75,0,0,0.0000
6562,11435.46,6419.24,0,0,0.0000
6563,11618.77,6498.87,0,0,0.0000
6564,11169.17,6530.83,0,0,0.0000
6565,11429.29,6566.93,2,2,0.0000
6566,10970.57,6670.21,2,3,0.0000
6567,11168.22,6405.08,NaN,NaN,NaN
6568,11488.33,6499.98,NaN,NaN,NaN
6569,10912.83,6473.53,0,0,0.0000
6570,11475.50,6575.05,0,0,0.0000
6571,11194.68,6431.73,NaN,NaN,NaN
6572,11194.87,6475.78,NaN,NaN,NaN
6573,11628.92,7014.90,3,5,0.0000
6574,11565.70,6614.58,0,0,0.0000
6575,11411.82,6495.23,NaN,NaN,NaN
6576,11459.24,6476.03,NaN,NaN,NaN
6577,11232.93,6464.85,NaN,NaN,NaN
6578,11253.20,7012.38,0,0,0.0000
6579,11436.41,6520.10,NaN,NaN,NaN
6580,11019.72,6307.42,2,5,2.5000
6581,11296.42,6310.41,0,0,0.0000
6582,11706.99,6531.18,0,0,0.0000
6583,11794.65,6587.85,0,0,0.0000
6584,11735.93,6452.79,NaN,NaN,NaN
6585,11700.56,6410.54,3,3,0.0000
6586,11745.72,6662.92,0,0,0.0000
6587,11697.38,6733.12,0,0,0.0000
6588,11776.11,6387.59,0,0,0.0000
6589,11652.01,6906.48,0,0,0.0000
6590,11734.91,6331.81,NaN,NaN,NaN
6591,11792.41,6328.63,0,0,0.0000
6592,11801.49,6473.59,0,0,0.0000
6593,11690.70,6851.63,NaN,NaN,NaN
6594,11708.01,6352.19,0,0,0.0000
6595,11780.86,6283.52,0,0,0.0000
6596,15486.48,6809.64,0,0,0.0000
6597,15485.89,6513.33,0,0,0.0000
6598,15971.03,6473.08,2,4,2.0000
6599,15948.97,6405.24,NaN,NaN,NaN
6600,15934.54,6307.59,0,0,0.0000
6601,16098.27,6836.58,0,0,0.0000
6602,16089.19,6724.06,3,7,2.3333
6603,16093.16,6649.84,3,2,0.0000
6604,16033.19,6509.46,4,6,0.0000
6605,16176.25,6524.06,0,0,0.0000
6606,16280.66,6596.04,2,5,2.5000
6607,16260.87,6367.66,NaN,NaN,NaN
6608,16197.54,6784.65,0,0,0.0000
6609,16120.12,6892.91,2,5,2.5000
6610,16166.26,6353.26,0,0,0.0000
6611,16207.39,6449.48,NaN,NaN,NaN
6612,16311.53,6780.87,NaN,NaN,NaN
6613,16258.83,6510.56,NaN,NaN,NaN
6614,16248.43,6721.90,NaN,NaN,NaN
6615,16128.46,6305.32,NaN,NaN,NaN
6616,16141.76,6587.18,2,3,0.0000
6617,16084.43,6365.23,0,0,0.0000
6618,16037.37,6798.50,NaN,NaN,NaN
6619,16256.58,6791.76,NaN,NaN,NaN
6620,15528.66,6666.88,0,0,0.0000
6621,16232.96,6301.03,NaN,NaN,NaN
6622,16221.94,6640.35,0,0,0.0000
6623,16303.49,6311.24,4,5,0.0000
6624,16113.80,6543.49,3,6,2.0000
6625,15527.79,6531.00,NaN,NaN,NaN
6626,16187.86,6953.31,NaN,NaN,NaN
6627,16010.89,6583.79,NaN,NaN,NaN
6628,16013.13,6314.96,NaN,NaN,NaN
6629,16312.22,6869.56,0,0,0.0000
6630,16275.26,6992.56,4,9,2.2500
6631,16106.75,6775.63,4,6,0.0000
6632,16286.46,6442.78,3,4,0.0000
6633,15572.68,6800.90,NaN,NaN,NaN
6634,16259.24,6839.15,3,7,2.3333
6635,15871.64,6387.42,4,6,0.0000
6636,15554.61,6625.42,0,0,0.0000
6637,16202.84,6606.53,0,0,0.0000
6638,16173.12,6711.71,0,0,0.0000
6639,15574.90,6713.35,0,0,0.0000
6640,16159.29,6936.65,0,0,0.0000
6641,16242.36,6568.81,4,2,0.0000
6642,533.89,7770.37,NaN,NaN,NaN
6643,871.34,7118.44,2,5,2.5000
6644,429.58,7639.88,0,0,0.0000
6645,498.80,7645.04,NaN,NaN,NaN
6646,776.78,7065.42,NaN,NaN,NaN
6647,290.06,7461.39,3,6,2.0000
6648,441.56,7752.74,NaN,NaN,NaN
6649,752.42,7193.92,3,1,0.0000
6650,380.10,7549.61,NaN,NaN,NaN
6651,380.22,7753.94,NaN,NaN,NaN
6652,643.72,7080.94,0,0,0.0000
6653,742.30,7140.57,0,0,0.0000
6654,348.65,7620.31,NaN,NaN,NaN
6655,319.59,7430.54,NaN,NaN,NaN
6656,323.34,7510.13,0,0,0.0000
6657,405.67,7789.77,NaN,NaN,NaN
6658,377.53,7616.52,NaN,NaN,NaN
6659,398.08,7488.34,NaN,NaN,NaN
6660,536.13,7702.41,2,2,0.0000
6661,384.70,7702.41,NaN,NaN,NaN
6662,981.64,7074.20,2,4,2.0000
6663,1659.50,7365.63,NaN,NaN,NaN
6664,1308.87,7736.29,NaN,NaN,NaN
6665,1605.75,7787.12,2,5,2.5000
6666,1642.23,7732.17,0,0,0.0000
6667,1453.63,7055.41,NaN,NaN,NaN
6668,933.17,7141.63,0,0,0.0000
6669,1777.67,7742.68,NaN,NaN,NaN
6670,2239.15,7251.80,NaN,NaN,NaN
6671,2345.93,7337.32,NaN,NaN,NaN
6672,2209.21,7372.73,2,3,0.0000
6673,1677.71,7804.75,2,4,2.0000
6674,2347.26,7466.31,NaN,NaN,NaN
6675,2393.24,7254.22,NaN,NaN,NaN
6676,1744.67,7617.54,2,3,0.0000
6677,2342.30,7154.08,NaN,NaN,NaN
6678,2426.77,7652.82,0,0,0.0000
6679,2302.93,7271.83,NaN,NaN,NaN
6680,2369.37,7586.96,0,0,0.0000
6681,2261.98,7499.89,NaN,NaN,NaN
6682,2306.96,7413.21,NaN,NaN,NaN
6683,2412.62,7530.63,0,0,0.0000
6684,2141.99,7338.49,2,4,2.0000
6685,2331.40,7210.90,NaN,NaN,NaN
6686,1891.14,7768.24,NaN,NaN,NaN
6687,1810.61,7580.12,NaN,NaN,NaN
6688,1809.39,7633.89,0,0,0.0000
6689,2249.09,7442.38,0,0,0.0000
6690,2330.27,7105.85,NaN,NaN,NaN
6691,1688.84,7416.06,NaN,NaN,NaN
6692,2412.53,7478.11,NaN,NaN,NaN
6693,1846.40,7806.10,2,5,2.5000
6694,3076.35,7484.40,NaN,NaN,NaN
6695,2461.19,7077.38,3,5,0.0000
6696,3055.67,7704.15,NaN,NaN,NaN
6697,2463.24,7560.96,NaN,NaN,NaN
6698,2480.08,7271.57,2,5,2.5000
6699,2938.83,7400.13,NaN,NaN,NaN
6700,3070.61,7589.81,NaN,NaN,NaN
6701,2599.79,7635.74,NaN,NaN,NaN
6702,2829.53,7357.98,NaN,NaN,NaN
6703,2570.41,7479.25,2,6,3.0000
6704,3003.71,7792.20,NaN,NaN,NaN
6705,2945.47,7540.15,2,2,0.0000
6706,3107.23,7644.89,NaN,NaN,NaN
6707,2521.11,7203.35,NaN,NaN,NaN
6708,2637.93,7310.81,NaN,NaN,NaN
6709,2777.29,7725.39,NaN,NaN,NaN
6710,2433.18,7377.65,0,0,0.0000
6711,2730.18,7448.71,NaN,NaN,NaN
6712,2914.08,7606.89,NaN,NaN,NaN
6713,2840.76,7531.73,NaN,NaN,NaN
6714,2606.91,7248.14,NaN,NaN,NaN
6715,2601.14,7180.61,NaN,NaN,NaN
6716,3112.94,7798.01,NaN,NaN,NaN
6717,2682.53,7519.66,0,0,0.0000
6718,2478.68,7463.57,NaN,NaN,NaN
6719,3052.06,7769.94,5,4,0.0000
6720,2789.38,7544.76,NaN,NaN,NaN
6721,2783.83,7383.13,0,0,0.0000
6722,2685.69,7595.61,2,4,2.0000
6723,2475.28,7640.45,0,0,0.0000
6724,2897.01,7712.96,3,5,0.0000
6725,3175.27,7558.24,2,1,0.0000
6726,3006.60,7413.66,0,0,0.0000
6727,2630.73,7420.42,2,1,0.0000
6728,2895.66,7327.83,NaN,NaN,NaN
6729,2555.11,7115.98,3,4,0.0000
6730,2531.66,7634.80,NaN,NaN,NaN
6731,2878.05,7463.70,0,0,0.0000
6732,2688.93,7219.11,3,4,0.0000
6733,2573.77,7048.33,0,0,0.0000
6734,2881.79,7657.04,2,5,2.5000
6735,2673.52,7156.20,0,0,0.0000
6736,2789.72,7455.68,0,0,0.0000
6737,2665.83,7377.16,4,2,0.0000
6738,2720.73,7660.91,0,0,0.0000
6739,2526.83,7551.97,NaN,NaN,NaN
6740,2862.95,7609.91,NaN,NaN,NaN
6741,3817.08,7631.33,2,5,2.5000
6742,3651.64,7492.69,NaN,NaN,NaN
6743,3755.11,7676.73,3,5,0.0000
6744,3885.22,7713.35,0,0,0.0000
6745,3737.41,7561.79,3,4,0.0000
6746,3860.78,7565.10,2,1,0.0000
6747,3951.12,7491.47,0,0,0.0000
6748,3704.33,7673.77,NaN,NaN,NaN
6749,3953.33,7571.90,NaN,NaN,NaN
6750,3929.17,7621.27,NaN,NaN,NaN
6751,3424.13,7061.01,NaN,NaN,NaN
6752,3873.02,7474.80,0,0,0.0000
6753,3452.37,7111.68,NaN,NaN,NaN
6754,3449.14,7171.53,NaN,NaN,NaN
6755,3570.90,7460.15,2,6,3.0000
6756,3978.24,7725.32,2,1,0.0000
6757,4033.80,7660.87,2,3,0.0000
6758,4023.95,7574.72,2,2,0.0000
6759,4014.41,7526.72,NaN,NaN,NaN
6760,4653.54,7122.62,NaN,NaN,NaN
6761,4685.74,7042.91,2,3,0.0000
6762,4658.86,7083.62,NaN,NaN,NaN
6763,4990.81,7571.94,NaN,NaN,NaN
6764,4844.22,7286.95,NaN,NaN,NaN
6765,5300.01,7799.62,2,3,0.0000
6766,5019.29,7050.93,NaN,NaN,NaN
6767,5092.74,7803.09,NaN,NaN,NaN
6768,5079.34,7440.84,NaN,NaN,NaN
6769,5198.15,7644.46,NaN,NaN,NaN
6770,4936.48,7678.74,NaN,NaN,NaN
6771,4982.45,7794.36,3,9,3.0000
6772,5372.30,7425.93,NaN,NaN,NaN
6773,5174.54,7118.41,NaN,NaN,NaN
6774,5026.41,7722.59,0,0,0.0000
6775,5219.76,7396.30,NaN,NaN,NaN
6776,5298.16,7574.21,2,6,3.0000
6777,4980.03,7433.46,NaN,NaN,NaN
6778,4936.82,7048.55,2,4,2.0000
6779,4993.37,7341.22,NaN,NaN,NaN
6780,4882.13,7611.71,NaN,NaN,NaN
6781,4741.75,7106.56,2,5,2.5000
6782,4870.98,7242.48,NaN,NaN,NaN
6783,5347.19,7476.81,4,5,0.0000
6784,5108.88,7530.74,4,8,2.0000
6785,5374.72,7722.48,0,0,0.0000
6786,5130.74,7650.66,NaN,NaN,NaN
6787,5122.55,7334.94,NaN,NaN,NaN
6788,4897.83,7430.18,NaN,NaN,NaN
6789,4965.10,7131.93,NaN,NaN,NaN
6790,5204.38,7053.71,2,2,0.0000
6791,4814.50,7353.42,NaN,NaN,NaN
6792,5201.06,7470.23,0,0,0.0000
6793,5361.12,7792.18,NaN,NaN,NaN
6794,5027.55,7166.89,3,6,2.0000
6795,4940.63,7289.29,0,0,0.0000
6796,5309.93,7699.32,0,0,0.0000
6797,5401.88,7692.40,0,0,0.0000
6798,4918.03,7185.60,NaN,NaN,NaN
6799,5218.08,7305.84,NaN,NaN,NaN
6800,5321.24,7518.98,NaN,NaN,NaN
6801,5054.42,7584.23,NaN,NaN,NaN
6802,5160.26,7232.88,0,0,0.0000
6803,5098.03,7202.24,NaN,NaN,NaN
6804,4844.46,7441.25,0,0,0.0000
6805,5166.51,7724.00,2,3,0.0000
6806,5121.17,7149.32,NaN,NaN,NaN
6807,4847.07,7142.55,NaN,NaN,NaN
6808,4857.58,7519.93,NaN,NaN,NaN
6809,5033.32,7373.50,0,0,0.0000
6810,5184.89,7518.69,0,0,0.0000
6811,5287.88,7338.94,NaN,NaN,NaN
6812,4909.58,7565.77,0,0,0.0000
6813,5271.05,7167.13,NaN,NaN,NaN
6814,5430.06,7649.53,NaN,NaN,NaN
6815,5213.84,7754.40,NaN,NaN,NaN
6816,5206.87,7222.94,NaN,NaN,NaN
6817,5249.93,7204.69,NaN,NaN,NaN
6818,4975.21,7242.93,0,0,0.0000
6819,4901.39,7523.91,0,0,0.0000
6820,5272.87,7109.85,0,0,0.0000
6821,5050.93,7229.99,0,0,0.0000
6822,5295.14,7171.01,0,0,0.0000
6823,5474.88,7679.71,2,2,0.0000
6824,5245.08,7261.73,NaN,NaN,NaN
6825,4857.74,7354.74,0,0,0.0000
6826,6636.84,7105.68,3,6,2.0000
6827,6586.14,7192.32,NaN,NaN,NaN
6828,6887.82,7686.22,NaN,NaN,NaN
6829,6891.07,7583.05,0,0,0.0000
6830,6855.44,7733.92,NaN,NaN,NaN
6831,6847.37,7620.72,0,0,0.0000
6832,6807.23,7686.01,NaN,NaN,NaN
6833,6929.35,7633.91,0,0,0.0000
6834,6547.88,7124.06,0,0,0.0000
6835,6560.36,7072.64,2,2,0.0000
6836,6881.21,7637.54,NaN,NaN,NaN
6837,6837.35,7410.96,0,0,0.0000
6838,6734.60,7780.72,NaN,NaN,NaN
6839,7032.15,7622.14,0,0,0.0000
6840,7038.14,7787.25,NaN,NaN,NaN
6841,6927.39,7758.42,0,0,0.0000
6842,6782.12,7619.07,0,0,0.0000
6843,6780.56,7790.93,NaN,NaN,NaN
6844,6816.99,7806.61,NaN,NaN,NaN
6845,6765.80,7701.35,2,3,0.0000
6846,7008.03,7710.21,NaN,NaN,NaN
6847,6949.59,7721.49,0,0,0.0000
6848,6754.60,7753.52,NaN,NaN,NaN
6849,7018.10,7349.31,0,0,0.0000
6850,6801.79,7760.79,NaN,NaN,NaN
6851,7113.47,7770.98,2,4,2.0000
6852,7393.35,7337.43,0,0,0.0000
6853,7286.90,7373.36,0,0,0.0000
6854,7073.89,7688.11,3,3,0.0000
6855,7446.71,7266.76,3,2,0.0000
6856,7477.26,7428.32,3,7,2.3333
6857,7549.94,7300.50,0,0,0.0000
6858,7187.25,7066.77,2,4,2.0000
6859,7426.60,7450.95,0,0,0.0000
6860,7552.57,7378.67,NaN,NaN,NaN
6861,7084.89,7264.24,0,0,0.0000
6862,7101.65,7150.80,NaN,NaN,NaN
6863,7455.38,7312.58,0,0,0.0000
6864,7087.93,7209.07,NaN,NaN,NaN
6865,7112.13,7290.03,0,0,0.0000
6866,7424.63,7505.54,NaN,NaN,NaN
6867,7042.95,7743.86,NaN,NaN,NaN
6868,7134.86,7187.84,2,3,0.0000
6869,7059.79,7185.62,NaN,NaN,NaN
6870,7172.98,7178.98,2,2,0.0000
6871,7126.02,7691.05,0,0,0.0000
6872,8209.05,7485.90,NaN,NaN,NaN
6873,8374.90,7404.67,3,7,2.3333
6874,8412.85,7761.83,NaN,NaN,NaN
6875,8274.95,7710.05,NaN,NaN,NaN
6876,8223.90,7359.31,NaN,NaN,NaN
6877,8363.31,7613.12,NaN,NaN,NaN
6878,8233.48,7639.62,NaN,NaN,NaN
6879,8082.11,7423.18,NaN,NaN,NaN
6880,8566.91,7212.21,0,0,0.0000
6881,8243.03,7238.75,NaN,NaN,NaN
6882,8443.78,7127.85,0,0,0.0000
6883,8343.19,7221.12,NaN,NaN,NaN
6884,8446.60,7401.48,NaN,NaN,NaN
6885,8304.15,7573.26,NaN,NaN,NaN
6886,8500.12,7071.51,NaN,NaN,NaN
6887,8285.68,7495.82,NaN,NaN,NaN
6888,8540.31,7480.69,NaN,NaN,NaN
6889,8428.20,7681.01,NaN,NaN,NaN
6890,8256.15,7159.22,NaN,NaN,NaN
6891,8556.64,7320.49,NaN,NaN,NaN
6892,8496.78,7537.67,0,0,0.0000
6893,8025.93,7378.21,0,0,0.0000
6894,8083.59,7536.61,0,0,0.0000
6895,8350.89,7065.15,NaN,NaN,NaN
6896,8320.39,7803.79,0,0,0.0000
6897,8320.37,7128.96,NaN,NaN,NaN
6898,8452.64,7315.96,NaN,NaN,NaN
6899,8188.32,7274.37,0,0,0.0000
6900,8018.24,7294.21,NaN,NaN,NaN
6901,8453.29,7181.35,0,0,0.0000
6902,8177.81,7185.65,0,0,0.0000
6903,8453.45,7255.82,NaN,NaN,NaN
6904,8412.33,7528.10,NaN,NaN,NaN
6905,8466.03,7598.52,NaN,NaN,NaN
6906,8021.09,7477.29,NaN,NaN,NaN
6907,8134.35,7336.55,2,2,0.0000
6908,8540.15,7405.91,NaN,NaN,NaN
6909,7939.21,7207.70,0,0,0.0000
6910,8144.04,7495.97,2,8,4.0000
6911,8070.53,7322.71,0,0,0.0000
6912,8301.69,7404.98,0,0,0.0000
6913,8364.78,7684.00,0,0,0.0000
6914,8547.59,7581.25,NaN,NaN,NaN
6915,8485.76,7642.52,NaN,NaN,NaN
6916,8523.70,7271.63,NaN,NaN,NaN
6917,8547.55,7155.83,0,0,0.0000
6918,7914.41,7352.44,NaN,NaN,NaN
6919,8016.62,7541.21,0,0,0.0000
6920,8413.19,7469.53,NaN,NaN,NaN
6921,8514.14,7357.46,2,8,4.0000
6922,8557.99,7106.09,NaN,NaN,NaN
6923,8015.61,7196.12,NaN,NaN,NaN
6924,8289.03,7305.90,2,8,4.0000
6925,9087.20,7454.80,NaN,NaN,NaN
6926,8655.16,7777.37,NaN,NaN,NaN
6927,9315.19,7626.14,2,2,0.0000
6928,8845.08,7656.88,NaN,NaN,NaN
6929,8580.06,7647.90,2,2,0.0000
6930,8681.90,7088.71,2,8,4.0000
6931,8751.56,7494.88,0,0,0.0000
6932,9078.86,7754.30,NaN,NaN,NaN
6933,8944.48,7152.19,3,7,2.3333
6934,8863.54,7402.50,NaN,NaN,NaN
6935,8858.68,7270.56,0,0,0.0000
6936,8816.87,7759.70,NaN,NaN,NaN
6937,9149.51,7705.39,0,0,0.0000
6938,8952.95,7620.61,NaN,NaN,NaN
6939,9163.08,7624.25,2,4,2.0000
6940,9152.61,7125.90,NaN,NaN,NaN
6941,9265.11,7049.00,4,8,2.0000
6942,9211.67,7509.85,2,2,0.0000
6943,9193.85,7042.63,NaN,NaN,NaN
6944,9097.34,7307.93,0,0,0.0000
6945,9013.22,7084.85,NaN,NaN,NaN
6946,8833.67,7558.08,NaN,NaN,NaN
6947,8971.31,7272.05,NaN,NaN,NaN
6948,8928.62,7519.49,NaN,NaN,NaN
6949,8650.58,7541.37,NaN,NaN,NaN
6950,9256.99,7185.62,0,0,0.0000
6951,9135.79,7555.51,4,9,2.2500
6952,8863.82,7487.29,0,0,0.0000
6953,8675.35,7317.55,NaN,NaN,NaN
6954,9021.76,7648.06,NaN,NaN,NaN
6955,8851.58,7103.82,NaN,NaN,NaN
6956,8656.95,7679.11,NaN,NaN,NaN
6957,8733.36,7640.41,NaN,NaN,NaN
6958,8615.83,7161.88,NaN,NaN,NaN
6959,9310.93,7348.05,5,8,0.0000
6960,9030.75,7295.38,NaN,NaN,NaN
6961,8927.63,7384.22,NaN,NaN,NaN
6962,8916.79,7304.16,2,2,0.0000
6963,9304.16,7108.56,NaN,NaN,NaN
6964,8961.78,7705.60,2,6,3.0000
6965,8852.78,7166.23,3,6,2.0000
6966,8711.09,7426.27,NaN,NaN,NaN
6967,9265.01,7249.23,NaN,NaN,NaN
6968,9273.95,7408.33,0,0,0.0000
6969,8737.54,7236.71,0,0,0.0000
6970,8676.38,7217.44,NaN,NaN,NaN
6971,8592.61,7416.44,NaN,NaN,NaN
6972,8697.98,7161.99,2,4,2.0000
6973,9237.82,7779.22,2,3,0.0000
6974,8838.55,7212.75,NaN,NaN,NaN
6975,9294.94,7732.43,NaN,NaN,NaN
6976,9201.87,7277.72,NaN,NaN,NaN
6977,8613.91,7331.62,NaN,NaN,NaN
6978,8768.69,7188.31,NaN,NaN,NaN
6979,9314.18,7801.61,NaN,NaN,NaN
6980,9221.07,7612.22,NaN,NaN,NaN
6981,8908.20,7778.97,NaN,NaN,NaN
6982,9089.91,7175.98,0,0,0.0000
6983,9025.05,7146.36,NaN,NaN,NaN
6984,9028.58,7360.12,NaN,NaN,NaN
6985,8756.69,7303.70,0,0,0.0000
6986,8968.79,7434.92,0,0,0.0000
6987,8636.77,7388.15,0,0,0.0000
6988,8618.97,7483.94,2,3,0.0000
6989,9295.90,7505.73,3,3,0.0000
6990,9211.32,7371.56,0,0,0.0000
6991,9256.46,7337.83,0,0,0.0000
6992,9065.71,7593.65,2,5,2.5000
6993,8799.19,7069.34,4,5,0.0000
6994,8745.15,7357.74,NaN,NaN,NaN
6995,9178.64,7317.37,0,0,0.0000
6996,9311.19,7559.23,NaN,NaN,NaN
6997,9027.47,7232.01,0,0,0.0000
6998,8968.37,7338.03,2,8,4.0000
6999,9264.55,7807.97,NaN,NaN,NaN
7000,9008.28,7733.19,NaN,NaN,NaN
7001,8955.18,7804.62,NaN,NaN,NaN
7002,9172.47,7185.89,0,0,0.0000
7003,9012.56,7585.70,NaN,NaN,NaN
7004,9052.16,7184.85,2,3,0.0000
7005,8798.79,7141.84,0,0,0.0000
7006,8607.85,7286.12,NaN,NaN,NaN
7007,8945.17,7234.50,NaN,NaN,NaN
7008,8800.16,7427.69,0,0,0.0000
7009,8603.71,7456.05,NaN,NaN,NaN
7010,8795.44,7246.41,NaN,NaN,NaN
7011,9730.44,7139.53,0,0,0.0000
7012,9384.39,7190.14,NaN,NaN,NaN
7013,9909.10,7041.37,2,1,0.0000
7014,9851.04,7063.17,NaN,NaN,NaN
7015,9530.39,7173.63,2,4,2.0000
7016,9375.17,7400.06,2,4,2.0000
7017,9377.38,7768.03,2,3,0.0000
7018,9478.36,7237.62,NaN,NaN,NaN
7019,9879.98,7146.91,NaN,NaN,NaN
7020,9354.34,7295.49,NaN,NaN,NaN
7021,9424.42,7701.62,NaN,NaN,NaN
7022,9451.15,7768.20,0,0,0.0000
7023,10014.00,7068.93,NaN,NaN,NaN
7024,9376.37,7112.02,NaN,NaN,NaN
7025,9486.36,7693.33,NaN,NaN,NaN
7026,9362.18,7494.13,NaN,NaN,NaN
7027,9642.69,7182.70,0,0,0.0000
7028,9827.64,7124.39,NaN,NaN,NaN
7029,9799.95,7218.48,NaN,NaN,NaN
7030,9664.72,7554.85,0,0,0.0000
7031,9604.42,7100.49,NaN,NaN,NaN
7032,10792.98,7065.63,NaN,NaN,NaN
7033,10388.76,7081.46,NaN,NaN,NaN
7034,10223.78,7057.15,NaN,NaN,NaN
7035,10320.03,7067.27,0,0,0.0000
7036,10523.73,7042.87,2,2,0.0000
7037,10122.93,7097.25,2,4,2.0000
7038,10256.00,7089.97,NaN,NaN,NaN
7039,10994.35,7209.56,0,0,0.0000
7040,10974.11,7079.27,NaN,NaN,NaN
7041,11190.74,7184.41,3,3,0.0000
7042,11057.33,7082.46,NaN,NaN,NaN
7043,10880.06,7106.38,6,11,0.0000
7044,11528.94,7043.17,0,0,0.0000
7045,11117.12,7085.23,NaN,NaN,NaN
7046,11311.81,7114.48,3,7,2.3333
7047,10959.14,7153.50,NaN,NaN,NaN
7048,11373.66,7087.53,0,0,0.0000
7049,11083.74,7150.20,NaN,NaN,NaN
7050,11437.65,7258.80,0,0,0.0000
7051,11082.43,7206.55,0,0,0.0000
7052,11396.12,7151.41,0,0,0.0000
7053,11585.54,7127.91,NaN,NaN,NaN
7054,10941.21,7291.89,3,2,0.0000
7055,11397.95,7040.44,0,0,0.0000
7056,11433.52,7061.65,0,0,0.0000
7057,15971.77,7794.33,0,0,0.0000
7058,16334.26,7121.67,2,5,2.5000
7059,16249.00,7782.92,NaN,NaN,NaN
7060,151.21,8193.36,NaN,NaN,NaN
7061,135.31,8483.74,2,2,0.0000
7062,483.13,8031.61,NaN,NaN,NaN
7063,435.62,8320.98,0,0,0.0000
7064,512.82,7872.07,NaN,NaN,NaN
7065,427.69,7853.32,5,3,0.0000
7066,572.27,7992.62,0,0,0.0000
7067,545.04,8199.00,2,3,0.0000
7068,344.89,7900.35,NaN,NaN,NaN
7069,326.80,8140.37,NaN,NaN,NaN
7070,436.63,8155.64,3,7,2.3333
7071,554.10,8513.88,NaN,NaN,NaN
7072,584.70,8334.11,NaN,NaN,NaN
7073,155.52,8355.70,NaN,NaN,NaN
7074,332.62,8018.36,NaN,NaN,NaN
7075,598.43,7881.85,NaN,NaN,NaN
7076,516.48,8291.36,NaN,NaN,NaN
7077,166.00,8274.45,4,5,0.0000
7078,428.05,8436.47,3,3,0.0000
7079,415.05,8098.13,3,3,0.0000
7080,412.55,8000.94,NaN,NaN,NaN
7081,268.31,8091.64,NaN,NaN,NaN
7082,875.79,8037.93,0,0,0.0000
7083,455.80,8494.43,NaN,NaN,NaN
7084,46.81,8215.58,NaN,NaN,NaN
7085,888.59,8088.17,NaN,NaN,NaN
7086,513.66,8477.64,4,1,0.0000
7087,154.80,8090.62,2,4,2.0000
7088,555.01,8388.75,0,0,0.0000
7089,509.40,8410.86,NaN,NaN,NaN
7090,456.59,8210.15,0,0,0.0000
7091,225.68,8044.19,NaN,NaN,NaN
7092,47.60,8318.57,NaN,NaN,NaN
7093,395.76,8515.59,NaN,NaN,NaN
7094,436.98,7926.96,4,6,0.0000
7095,274.09,7995.66,NaN,NaN,NaN
7096,625.64,7933.33,NaN,NaN,NaN
7097,619.61,8293.21,NaN,NaN,NaN
7098,378.90,8035.73,0,0,0.0000
7099,281.11,8032.52,NaN,NaN,NaN
7100,352.26,8079.25,0,0,0.0000
7101,1651.68,7960.24,NaN,NaN,NaN
7102,1530.19,8260.88,4,8,2.0000
7103,1617.60,8072.62,4,6,0.0000
7104,1632.66,8545.59,2,5,2.5000
7105,1599.50,8443.32,0,0,0.0000
7106,989.42,8187.73,NaN,NaN,NaN
7107,1568.90,8148.90,0,0,0.0000
7108,1529.77,8088.55,2,4,2.0000
7109,1517.44,8489.80,NaN,NaN,NaN
7110,983.78,8104.27,NaN,NaN,NaN
7111,1602.72,8316.99,NaN,NaN,NaN
7112,1642.92,8263.07,NaN,NaN,NaN
7113,1597.60,7855.62,NaN,NaN,NaN
7114,1534.34,8016.40,NaN,NaN,NaN
7115,1569.88,7938.88,NaN,NaN,NaN
7116,1510.24,8166.42,NaN,NaN,NaN
7117,929.27,8135.72,NaN,NaN,NaN
7118,1573.22,8359.38,2,2,0.0000
7119,1615.44,8178.72,2,1,0.0000
7120,1541.78,8403.76,0,0,0.0000
7121,1593.65,8213.55,2,4,2.0000
7122,1576.39,8009.86,NaN,NaN,NaN
7123,1536.70,8314.61,NaN,NaN,NaN
7124,1610.86,7995.87,NaN,NaN,NaN
7125,1574.73,7819.56,0,0,0.0000
7126,1573.70,8547.57,0,0,0.0000
7127,1476.53,8305.27,0,0,0.0000
7128,1499.00,8214.80,NaN,NaN,NaN
7129,1943.60,7897.17,NaN,NaN,NaN
7130,1898.17,8084.85,NaN,NaN,NaN
7131,1714.86,7985.22,NaN,NaN,NaN
7132,1851.56,8140.35,4,3,0.0000
7133,1673.38,8170.09,NaN,NaN,NaN
7134,1912.65,7981.11,NaN,NaN,NaN
7135,1722.16,8086.23,NaN,NaN,NaN
7136,1980.25,8310.89,NaN,NaN,NaN
7137,2128.50,8481.55,2,3,0.0000
7138,1835.56,7969.43,NaN,NaN,NaN
7139,1999.79,7989.25,0,0,0.0000
7140,1914.95,7815.99,2,3,0.0000
7141,1822.23,7891.01,NaN,NaN,NaN
7142,2255.36,8427.30,0,0,0.0000
7143,1956.17,8045.77,NaN,NaN,NaN
7144,1760.26,7942.45,3,4,0.0000
7145,2030.53,8339.56,NaN,NaN,NaN
7146,1802.70,8032.14,2,4,2.0000
7147,1874.35,7869.93,3,3,0.0000
7148,1968.50,8371.56,NaN,NaN,NaN
7149,1935.12,8333.87,0,0,0.0000
7150,1796.42,7842.61,0,0,0.0000
7151,1670.04,8531.88,NaN,NaN,NaN
7152,1673.09,7881.91,0,0,0.0000
7153,2203.30,8484.79,NaN,NaN,NaN
7154,1755.27,7872.47,0,0,0.0000
7155,2024.72,7941.71,NaN,NaN,NaN
7156,2057.59,8466.15,0,0,0.0000
7157,2015.66,8271.08,NaN,NaN,NaN
7158,1844.53,8017.47,0,0,0.0000
7159,3061.22,7994.15,0,0,0.0000
7160,3173.08,8242.31,NaN,NaN,NaN
7161,2565.93,8454.07,NaN,NaN,NaN
7162,2703.33,8533.29,2,5,2.5000
7163,2632.87,8508.98,0,0,0.0000
7164,3143.49,8365.28,NaN,NaN,NaN
7165,3127.56,8489.50,0,0,0.0000
7166,3097.94,7875.50,NaN,NaN,NaN
7167,3194.94,8037.56,NaN,NaN,NaN
7168,3111.91,8142.07,2,3,0.0000
7169,3138.38,8052.29,3,1,0.0000
7170,3139.84,7955.50,3,3,0.0000
7171,3151.07,8575.55,0,0,0.0000
7172,3168.63,8127.13,3,3,0.0000
7173,3063.11,7824.28,NaN,NaN,NaN
7174,3839.02,8019.04,NaN,NaN,NaN
7175,3945.43,7819.86,0,0,0.0000
7176,3320.68,8030.22,NaN,NaN,NaN
7177,3914.56,7931.95,3,7,2.3333
7178,3954.20,8453.23,NaN,NaN,NaN
7179,3892.25,8278.38,0,0,0.0000
7180,3239.30,8245.42,NaN,NaN,NaN
7181,3922.88,8005.78,0,0,0.0000
7182,3920.93,8077.61,NaN,NaN,NaN
7183,3231.47,8092.54,NaN,NaN,NaN
7184,3853.49,8546.37,0,0,0.0000
7185,3782.24,7933.71,3,2,0.0000
7186,3335.21,8307.90,0,0,0.0000
7187,3894.06,8348.98,0,0,0.0000
7188,3882.26,8163.13,NaN,NaN,NaN
7189,3836.90,7901.68,3,4,0.0000
7190,3295.10,8269.84,0,0,0.0000
7191,3899.53,7870.34,0,0,0.0000
7192,3221.29,8165.57,NaN,NaN,NaN
7193,3783.80,7858.85,NaN,NaN,NaN
7194,3872.95,8109.93,0,0,0.0000
7195,3708.31,8528.63,0,0,0.0000
7196,3678.02,8546.78,0,0,0.0000
7197,3904.00,8492.91,2,3,0.0000
7198,4016.82,8552.24,0,0,0.0000
7199,4258.89,8477.70,0,0,0.0000
7200,4020.64,8022.84,NaN,NaN,NaN
7201,4131.81,8541.55,0,0,0.0000
7202,4176.03,7944.02,2,3,0.0000
7203,4083.36,8317.21,0,0,0.0000
7204,4167.99,8307.96,2,3,0.0000
7205,4080.19,8005.63,0,0,0.0000
7206,4307.56,8290.09,NaN,NaN,NaN
7207,4247.61,8324.12,NaN,NaN,NaN
7208,4016.05,8441.89,NaN,NaN,NaN
7209,3989.02,8349.88,NaN,NaN,NaN
7210,4145.68,8390.01,NaN,NaN,NaN
7211,4207.44,8255.12,2,6,3.0000
7212,4076.00,8459.00,0,0,0.0000
7213,4082.27,7940.31,NaN,NaN,NaN
7214,4042.09,7825.65,0,0,0.0000
7215,4388.76,8555.71,2,4,2.0000
7216,4162.14,8466.47,0,0,0.0000
7217,4392.33,8467.45,NaN,NaN,NaN
7218,4221.24,8209.03,0,0,0.0000
7219,4037.67,8232.64,NaN,NaN,NaN
7220,4138.57,8204.45,0,0,0.0000
7221,4282.73,8236.87,2,4,2.0000
7222,4385.68,8415.13,NaN,NaN,NaN
7223,4123.35,7814.85,0,0,0.0000
7224,3983.81,7903.75,0,0,0.0000
7225,4104.81,8246.52,2,2,0.0000
7226,4345.26,8509.52,NaN,NaN,NaN
7227,4153.26,7852.18,0,0,0.0000
7228,4144.34,8026.39,NaN,NaN,NaN
7229,4210.61,7941.72,NaN,NaN,NaN
7230,4336.02,8413.33,3,3,0.0000
7231,4350.70,8356.41,NaN,NaN,NaN
7232,4070.21,8396.21,NaN,NaN,NaN
7233,4039.88,8373.10,2,4,2.0000
7234,5292.36,8240.20,NaN,NaN,NaN
7235,5476.21,8014.56,2,3,0.0000
7236,5066.67,7938.98,NaN,NaN,NaN
7237,5175.47,7849.27,NaN,NaN,NaN
7238,5215.76,8547.95,NaN,NaN,NaN
7239,5372.28,8065.26,NaN,NaN,NaN
7240,5054.47,8141.00,NaN,NaN,NaN
7241,5356.61,8165.63,NaN,NaN,NaN
7242,5470.42,7870.90,2,4,2.0000
7243,5293.23,7881.54,5,7,0.0000
7244,5148.33,8400.96,NaN,NaN,NaN
7245,5152.27,8062.36,2,6,3.0000
7246,5490.04,8149.93,NaN,NaN,NaN
7247,5093.03,8287.45,2,3,0.0000
7248,5150.50,8155.69,NaN,NaN,NaN
7249,5342.75,8499.32,3,6,2.0000
7250,5208.23,8232.23,0,0,0.0000
7251,5203.42,8337.60,0,0,0.0000
7252,5408.43,8282.37,0,0,0.0000
7253,5259.22,8019.32,2,5,2.5000
7254,5359.43,8287.71,0,0,0.0000
7255,5126.55,8470.54,0,0,0.0000
7256,5444.02,8557.67,NaN,NaN,NaN
7257,5223.13,8435.42,0,0,0.0000
7258,5479.61,8437.93,NaN,NaN,NaN
7259,5298.73,8566.52,0,0,0.0000
7260,5017.64,8005.64,NaN,NaN,NaN
7261,5275.64,8441.32,NaN,NaN,NaN
7262,5496.48,7824.80,NaN,NaN,NaN
7263,5152.14,8294.14,2,4,2.0000
7264,5010.48,8165.41,NaN,NaN,NaN
7265,5437.63,8457.01,NaN,NaN,NaN
7266,5335.27,8406.63,NaN,NaN,NaN
7267,5086.02,8401.90,NaN,NaN,NaN
7268,5424.50,8500.73,NaN,NaN,NaN
7269,5190.45,7994.47,0,0,0.0000
7270,5463.97,8280.58,0,0,0.0000
7271,5502.80,8267.84,NaN,NaN,NaN
7272,5129.05,8223.27,NaN,NaN,NaN
7273,5390.04,8404.46,0,0,0.0000
7274,4986.73,7892.44,NaN,NaN,NaN
7275,5246.11,8292.05,NaN,NaN,NaN
7276,5247.47,7864.19,0,0,0.0000
7277,5023.52,8241.31,3,6,2.0000
7278,5460.47,8337.77,0,0,0.0000
7279,5467.41,8202.13,0,0,0.0000
7280,5133.54,7965.53,0,0,0.0000
7281,5418.37,7876.81,0,0,0.0000
7282,5438.68,8374.35,0,0,0.0000
7283,5599.40,8466.03,NaN,NaN,NaN
7284,5606.96,8012.98,2,3,0.0000
7285,5581.15,8210.00,NaN,NaN,NaN
7286,5670.04,8439.22,NaN,NaN,NaN
7287,5840.16,8532.40,NaN,NaN,NaN
7288,5536.25,8272.05,NaN,NaN,NaN
7289,5600.36,8111.21,0,0,0.0000
7290,5519.10,8442.91,NaN,NaN,NaN
7291,5726.68,8352.36,NaN,NaN,NaN
7292,5623.97,8342.25,0,0,0.0000
7293,5601.16,8562.67,0,0,0.0000
7294,5567.51,8317.65,NaN,NaN,NaN
7295,5511.90,8365.35,0,0,0.0000
7296,5612.43,7946.92,0,0,0.0000
7297,5676.61,8335.07,0,0,0.0000
7298,6868.08,7847.35,2,6,3.0000
7299,6930.93,8356.64,NaN,NaN,NaN
7300,6933.25,8452.55,NaN,NaN,NaN
7301,6843.70,8222.28,NaN,NaN,NaN
7302,6912.79,7929.93,0,0,0.0000
7303,6982.99,7989.75,3,8,2.6667
7304,6826.96,8148.85,0,0,0.0000
7305,6836.49,8096.81,NaN,NaN,NaN
7306,6893.16,8190.76,0,0,0.0000
7307,6846.34,8318.13,2,2,0.0000
7308,6779.98,8315.12,NaN,NaN,NaN
7309,7026.33,8392.10,NaN,NaN,NaN
7310,6945.19,8081.09,3,5,0.0000
7311,6947.37,7821.40,2,3,0.0000
7312,6999.71,7871.27,NaN,NaN,NaN
7313,6879.65,8473.83,2,4,2.0000
7314,6945.39,8212.90,0,0,0.0000
7315,7010.81,8121.82,NaN,NaN,NaN
7316,6795.57,8243.73,0,0,0.0000
7317,6693.96,7995.84,NaN,NaN,NaN
7318,6971.87,8301.51,NaN,NaN,NaN
7319,6762.47,8128.06,0,0,0.0000
7320,6792.59,7916.42,2,3,0.0000
7321,7033.76,7998.91,0,0,0.0000
7322,7012.92,7811.69,NaN,NaN,NaN
7323,6950.21,8524.72,2,4,2.0000
7324,6776.74,8057.47,NaN,NaN,NaN
7325,6912.99,8094.82,4,8,2.0000
7326,7036.44,8058.92,0,0,0.0000
7327,6692.23,8056.39,0,0,0.0000
7328,6786.01,7872.02,0,0,0.0000
7329,6925.57,8543.49,NaN,NaN,NaN
7330,6915.89,8258.51,2,2,0.0000
7331,6978.05,8260.36,0,0,0.0000
7332,6972.30,8161.91,NaN,NaN,NaN
7333,7031.89,8223.13,2,2,0.0000
7334,6972.68,7930.57,NaN,NaN,NaN
7335,6939.74,8139.67,0,0,0.0000
7336,7083.02,8505.05,0,0,0.0000
7337,7218.80,8440.20,NaN,NaN,NaN
7338,7211.75,8222.97,0,0,0.0000
7339,7119.71,8286.31,NaN,NaN,NaN
7340,7143.67,8331.99,NaN,NaN,NaN
7341,7049.14,8177.89,0,0,0.0000
7342,7054.20,8247.23,2,4,2.0000
7343,7130.12,8184.12,NaN,NaN,NaN
7344,7493.27,7917.91,2,3,0.0000
7345,7468.51,7814.40,0,0,0.0000
7346,7365.09,8087.12,NaN,NaN,NaN
7347,7068.38,8309.68,NaN,NaN,NaN
7348,7063.79,8016.99,0,0,0.0000
7349,7181.59,8387.28,NaN,NaN,NaN
7350,7132.42,8431.91,2,3,0.0000
7351,7216.05,8535.49,2,3,0.0000
7352,7056.35,8361.81,0,0,0.0000
7353,7112.75,8376.94,NaN,NaN,NaN
7354,7508.94,7852.76,NaN,NaN,NaN
7355,7261.44,8516.05,0,0,0.0000
7356,7055.21,8108.96,2,1,0.0000
7357,7229.95,8363.98,NaN,NaN,NaN
7358,7194.73,8331.91,NaN,NaN,NaN
7359,7060.07,8573.53,2,1,0.0000
7360,7536.89,7842.68,NaN,NaN,NaN
7361,8505.41,7944.50,0,0,0.0000
7362,8337.34,8348.20,2,4,2.0000
7363,8569.66,8145.93,NaN,NaN,NaN
7364,8494.97,8346.82,3,6,2.0000
7365,8373.80,8465.85,NaN,NaN,NaN
7366,8420.31,8294.93,2,5,2.5000
7367,8477.60,8035.07,0,0,0.0000
7368,8373.32,7876.72,NaN,NaN,NaN
7369,8453.74,7855.01,2,4,2.0000
7370,8517.41,8218.28,2,3,0.0000
7371,8341.27,8016.97,NaN,NaN,NaN
7372,8476.99,8124.76,NaN,NaN,NaN
7373,8564.29,8324.95,NaN,NaN,NaN
7374,8388.00,8546.04,0,0,0.0000
7375,8302.99,8057.17,NaN,NaN,NaN
7376,8497.10,8421.84,NaN,NaN,NaN
7377,8277.37,7838.97,0,0,0.0000
7378,8556.76,8058.62,NaN,NaN,NaN
7379,8275.12,7898.32,NaN,NaN,NaN
7380,8421.07,7966.84,NaN,NaN,NaN
7381,8398.75,8131.65,0,0,0.0000
7382,8292.18,7954.03,NaN,NaN,NaN
7383,8522.82,7812.55,NaN,NaN,NaN
7384,8560.17,8422.10,NaN,NaN,NaN
7385,8432.46,8077.84,NaN,NaN,NaN
7386,8355.73,8097.80,NaN,NaN,NaN
7387,8458.84,8184.64,NaN,NaN,NaN
7388,8235.09,7883.85,NaN,NaN,NaN
7389,8763.07,8406.98,NaN,NaN,NaN
7390,9232.32,8506.31,NaN,NaN,NaN
7391,8898.47,8519.76,NaN,NaN,NaN
7392,9263.65,8000.73,3,3,0.0000
7393,8861.51,7943.13,2,5,2.5000
7394,8619.07,8257.20,2,5,2.5000
7395,9029.19,8386.54,NaN,NaN,NaN
7396,8934.55,8012.14,2,3,0.0000
7397,8926.73,8258.03,2,5,2.5000
7398,9174.23,8077.69,NaN,NaN,NaN
7399,8693.64,8520.19,NaN,NaN,NaN
7400,9129.93,8169.13,NaN,NaN,NaN
7401,8639.29,7894.75,NaN,NaN,NaN
7402,9006.77,8498.73,NaN,NaN,NaN
7403,9246.94,8158.11,NaN,NaN,NaN
7404,8858.36,8230.33,2,3,0.0000
7405,8827.73,8054.47,NaN,NaN,NaN
7406,9129.29,8511.11,2,3,0.0000
7407,9228.72,8352.60,NaN,NaN,NaN
7408,8787.64,8545.27,3,5,0.0000
7409,8916.74,8110.00,0,0,0.0000
7410,9291.11,8433.91,2,4,2.0000
7411,9257.33,8264.87,NaN,NaN,NaN
7412,8757.38,7837.45,NaN,NaN,NaN
7413,8628.00,8431.88,2,5,2.5000
7414,8785.66,8291.20,NaN,NaN,NaN
7415,8771.35,8077.28,2,4,2.0000
7416,9048.07,8252.41,3,9,3.0000
7417,8674.03,8369.81,NaN,NaN,NaN
7418,8882.63,8381.87,NaN,NaN,NaN
7419,9138.85,8242.98,2,7,3.5000
7420,9042.79,7831.02,0,0,0.0000
7421,8979.58,7849.84,2,5,2.5000
7422,8650.26,8059.22,2,3,0.0000
7423,8715.10,8146.87,NaN,NaN,NaN
7424,8719.22,8249.17,NaN,NaN,NaN
7425,9164.96,7988.55,NaN,NaN,NaN
7426,8717.50,7983.00,0,0,0.0000
7427,9087.35,7936.43,0,0,0.0000
7428,8997.70,8283.41,NaN,NaN,NaN
7429,9298.74,8114.25,0,0,0.0000
7430,8811.03,8205.94,NaN,NaN,NaN
7431,8993.41,8206.55,NaN,NaN,NaN
7432,9334.57,7963.24,NaN,NaN,NaN
7433,9288.78,7869.16,3,4,0.0000
7434,9069.89,8074.63,0,0,0.0000
7435,8967.68,8167.39,NaN,NaN,NaN
7436,8626.48,7996.10,NaN,NaN,NaN
7437,9045.96,8130.79,NaN,NaN,NaN
7438,8610.40,8352.49,4,5,0.0000
7439,9078.19,8458.41,0,0,0.0000
7440,9320.49,8358.25,0,0,0.0000
7441,9125.96,7893.45,0,0,0.0000
7442,9027.88,8061.71,0,0,0.0000
7443,8685.20,8302.51,0,0,0.0000
7444,8637.71,7956.73,NaN,NaN,NaN
7445,9108.91,8023.84,NaN,NaN,NaN
7446,8904.59,8328.42,3,3,0.0000
7447,9039.86,8175.19,NaN,NaN,NaN
7448,9305.07,7918.21,0,0,0.0000
7449,8830.41,8509.76,0,0,0.0000
7450,9153.46,7921.60,NaN,NaN,NaN
7451,8968.73,8367.87,0,0,0.0000
7452,9035.85,8018.48,0,0,0.0000
7453,9441.54,8490.33,2,9,4.5000
7454,9377.80,7885.89,NaN,NaN,NaN
7455,9654.62,8508.69,0,0,0.0000
7456,9657.27,8425.60,0,0,0.0000
7457,9389.96,7978.37,NaN,NaN,NaN
7458,9447.03,7944.55,0,0,0.0000
7459,9596.90,8504.90,0,0,0.0000
7460,9409.79,8405.62,0,0,0.0000
7461,9434.59,8334.51,3,5,0.0000
7462,9428.34,7843.94,0,0,0.0000
7463,9369.21,8095.74,3,6,2.0000
7464,9351.62,7843.68,NaN,NaN,NaN
7465,9344.93,8012.32,NaN,NaN,NaN
7466,9718.77,8452.74,0,0,0.0000
7467,9355.99,8372.04,0,0,0.0000
7468,9472.43,7888.54,0,0,0.0000
7469,9369.81,8352.11,0,0,0.0000
7470,12517.74,8011.87,0,0,0.0000
7471,12571.39,7994.62,0,0,0.0000
7472,16151.79,7972.88,NaN,NaN,NaN
7473,16133.12,8077.94,NaN,NaN,NaN
7474,15884.51,8219.93,NaN,NaN,NaN
7475,16294.33,8099.76,NaN,NaN,NaN
7476,16126.02,8207.27,0,0,0.0000
7477,16168.61,7828.03,NaN,NaN,NaN
7478,16273.83,8440.50,NaN,NaN,NaN
7479,16026.30,7853.02,0,0,0.0000
7480,16298.99,8355.02,NaN,NaN,NaN
7481,16043.12,8143.47,0,0,0.0000
7482,15919.40,7860.94,0,0,0.0000
7483,16251.65,8156.82,NaN,NaN,NaN
7484,16017.01,8309.60,NaN,NaN,NaN
7485,15924.90,8478.62,NaN,NaN,NaN
7486,16082.48,7901.52,NaN,NaN,NaN
7487,16104.64,8316.46,2,5,2.5000
7488,16145.27,8479.77,NaN,NaN,NaN
7489,15770.86,8220.07,NaN,NaN,NaN
7490,15653.57,8266.09,NaN,NaN,NaN
7491,15969.62,8537.40,NaN,NaN,NaN
7492,15934.13,8379.02,3,6,2.0000
7493,16083.56,8387.75,0,0,0.0000
7494,15871.93,8339.86,NaN,NaN,NaN
7495,15804.42,8168.06,NaN,NaN,NaN
7496,16056.31,8476.69,NaN,NaN,NaN
7497,15698.72,8354.63,0,0,0.0000
7498,16206.13,8210.19,3,4,0.0000
7499,16058.26,8252.36,0,0,0.0000
7500,16249.52,7904.71,NaN,NaN,NaN
7501,15786.84,7892.79,NaN,NaN,NaN
7502,15719.17,8279.96,NaN,NaN,NaN
7503,16283.43,8278.38,NaN,NaN,NaN
7504,15641.08,8375.95,0,0,0.0000
7505,16002.73,8431.05,2,2,0.0000
7506,15702.98,8210.20,0,0,0.0000
7507,15719.68,8119.01,NaN,NaN,NaN
7508,16274.21,7822.37,0,0,0.0000
7509,16202.47,8393.21,2,2,0.0000
7510,15625.40,8320.17,NaN,NaN,NaN
7511,15892.31,8553.44,0,0,0.0000
7512,15569.71,8188.34,0,0,0.0000
7513,16077.43,8424.58,0,0,0.0000
7514,16220.03,8273.31,NaN,NaN,NaN
7515,16194.23,8437.13,NaN,NaN,NaN
7516,16011.49,8380.70,0,0,0.0000
7517,15793.32,8258.16,2,8,4.0000
7518,16370.88,8199.29,0,0,0.0000
7519,16327.31,8542.75,3,3,0.0000
7520,826.54,9045.35,0,0,0.0000
7521,298.64,9018.25,NaN,NaN,NaN
7522,844.31,9274.85,NaN,NaN,NaN
7523,750.63,9114.10,3,2,0.0000
7524,876.48,9148.23,NaN,NaN,NaN
7525,839.97,8814.06,NaN,NaN,NaN
7526,238.46,8919.40,NaN,NaN,NaN
7527,122.26,8870.87,NaN,NaN,NaN
7528,187.89,8855.07,0,0,0.0000
7529,141.76,8795.32,NaN,NaN,NaN
7530,886.87,8760.47,0,0,0.0000
7531,237.06,8784.34,NaN,NaN,NaN
7532,204.81,8980.68,0,0,0.0000
7533,177.03,8749.71,3,3,0.0000
7534,726.55,9190.42,2,2,0.0000
7535,119.46,8601.98,3,6,2.0000
7536,750.94,9019.59,0,0,0.0000
7537,883.14,8982.90,5,5,0.0000
7538,819.81,9180.02,NaN,NaN,NaN
7539,780.04,9266.43,0,0,0.0000
7540,809.26,8915.81,0,0,0.0000
7541,764.08,9223.35,0,0,0.0000
7542,286.26,8832.91,2,2,0.0000
7543,130.62,8711.14,0,0,0.0000
7544,111.54,8676.10,0,0,0.0000
7545,789.21,8966.93,NaN,NaN,NaN
7546,255.31,8863.75,NaN,NaN,NaN
7547,963.38,8834.45,NaN,NaN,NaN
7548,1501.70,9317.58,2,3,0.0000
7549,1132.47,8943.62,NaN,NaN,NaN
7550,1278.43,8953.70,2,1,0.0000
7551,1156.58,9083.02,2,2,0.0000
7552,1184.35,8848.10,NaN,NaN,NaN
7553,1510.37,8822.23,NaN,NaN,NaN
7554,1493.87,8710.19,NaN,NaN,NaN
7555,924.51,8692.21,0,0,0.0000
7556,994.47,9020.46,0,0,0.0000
7557,1261.37,9268.28,NaN,NaN,NaN
7558,946.96,8955.37,2,5,2.5000
7559,1209.19,9343.02,NaN,NaN,NaN
7560,1631.39,9253.55,2,4,2.0000
7561,1624.01,8630.31,2,4,2.0000
7562,1155.49,9264.34,4,3,0.0000
7563,945.98,9289.20,NaN,NaN,NaN
7564,1081.27,8694.70,2,1,0.0000
7565,979.82,9145.93,4,5,0.0000
7566,1477.98,9194.95,NaN,NaN,NaN
7567,1288.77,9140.21,0,0,0.0000
7568,941.42,9080.22,0,0,0.0000
7569,1343.20,9050.07,0,0,0.0000
7570,1471.72,8925.56,0,0,0.0000
7571,1480.97,9036.51,3,4,0.0000
7572,1271.36,9210.97,4,5,0.0000
7573,1045.81,9309.63,0,0,0.0000
7574,1103.95,9048.27,NaN,NaN,NaN
7575,1607.04,8736.00,0,0,0.0000
7576,1043.04,8771.07,0,0,0.0000
7577,1048.89,9151.49,NaN,NaN,NaN
7578,1001.79,8717.35,4,5,0.0000
7579,1401.53,9069.42,NaN,NaN,NaN
7580,1095.93,8820.68,NaN,NaN,NaN
7581,1426.38,9231.99,0,0,0.0000
7582,1263.41,9083.20,NaN,NaN,NaN
7583,1396.74,8980.74,2,5,2.5000
7584,1565.05,8658.66,NaN,NaN,NaN
7585,1436.60,8816.61,NaN,NaN,NaN
7586,1010.17,8648.88,NaN,NaN,NaN
7587,1363.87,9276.66,0,0,0.0000
7588,1046.28,9243.47,0,0,0.0000
7589,1570.25,8789.43,2,4,2.0000
7590,1441.61,8876.13,0,0,0.0000
7591,904.73,9202.86,0,0,0.0000
7592,1214.53,9073.34,NaN,NaN,NaN
7593,975.39,9234.88,0,0,0.0000
7594,1582.04,9194.06,2,3,0.0000
7595,1058.83,9019.88,NaN,NaN,NaN
7596,1070.80,9100.54,2,2,0.0000
7597,1272.50,8821.43,0,0,0.0000
7598,1393.20,9174.71,NaN,NaN,NaN
7599,1181.27,9181.14,0,0,0.0000
7600,1146.71,8774.03,0,0,0.0000
7601,1386.92,8898.33,NaN,NaN,NaN
7602,1455.71,8609.72,NaN,NaN,NaN
7603,1035.07,8953.05,3,3,0.0000
7604,1334.38,9196.42,2,3,0.0000
7605,1441.12,9049.03,5,5,0.0000
7606,1524.61,9153.46,NaN,NaN,NaN
7607,1219.18,9166.70,0,0,0.0000
7608,946.40,8757.56,NaN,NaN,NaN
7609,1357.19,9137.93,2,2,0.0000
7610,1390.74,8809.63,0,0,0.0000
7611,1120.91,9214.44,0,0,0.0000
7612,1032.66,8895.31,NaN,NaN,NaN
7613,1585.87,8850.70,0,0,0.0000
7614,1283.52,9322.79,0,0,0.0000
7615,1340.19,9324.56,0,0,0.0000
7616,1461.04,9117.13,2,4,2.0000
7617,1058.36,8883.10,NaN,NaN,NaN
7618,1618.27,8820.54,NaN,NaN,NaN
7619,1500.26,9119.85,0,0,0.0000
7620,1291.59,9033.19,NaN,NaN,NaN
7621,2148.91,9262.44,0,0,0.0000
7622,2380.96,8583.80,NaN,NaN,NaN
7623,2119.30,9315.41,0,0,0.0000
7624,2247.81,9151.69,2,2,0.0000
7625,2087.93,9223.07,NaN,NaN,NaN
7626,2052.22,9255.49,2,7,3.5000
7627,1680.79,8599.57,NaN,NaN,NaN
7628,2854.16,9090.75,NaN,NaN,NaN
7629,2437.32,9039.06,NaN,NaN,NaN
7630,2694.37,8607.30,NaN,NaN,NaN
7631,2789.21,9033.71,NaN,NaN,NaN
7632,2769.81,8929.62,NaN,NaN,NaN
7633,2765.29,9157.46,NaN,NaN,NaN
7634,2813.86,8900.72,0,0,0.0000
7635,2712.45,8957.98,NaN,NaN,NaN
7636,2496.85,9252.06,2,2,0.0000
7637,2616.15,8595.22,0,0,0.0000
7638,3166.39,8639.90,NaN,NaN,NaN
7639,2456.00,8607.18,NaN,NaN,NaN
7640,2712.84,9083.16,2,4,2.0000
7641,2764.15,8592.52,NaN,NaN,NaN
7642,2488.71,9112.11,NaN,NaN,NaN
7643,2433.46,8970.17,NaN,NaN,NaN
7644,3185.55,8758.60,NaN,NaN,NaN
7645,2528.43,9213.49,NaN,NaN,NaN
7646,3183.79,8702.58,2,2,0.0000
7647,3721.59,8832.54,NaN,NaN,NaN
7648,3932.42,9025.80,2,4,2.0000
7649,3629.88,8732.62,0,0,0.0000
7650,3884.30,8631.39,NaN,NaN,NaN
7651,3850.69,9194.97,3,5,0.0000
7652,3945.73,9158.62,NaN,NaN,NaN
7653,3692.57,8626.86,3,1,0.0000
7654,3714.91,8724.79,3,6,2.0000
7655,3731.54,8985.76,0,0,0.0000
7656,3777.43,8916.24,NaN,NaN,NaN
7657,3879.21,9071.23,NaN,NaN,NaN
7658,3943.81,9276.14,NaN,NaN,NaN
7659,3915.86,8852.24,0,0,0.0000
7660,3964.27,8936.16,NaN,NaN,NaN
7661,3783.62,9117.60,0,0,0.0000
7662,3793.70,8689.27,NaN,NaN,NaN
7663,3825.59,8789.57,NaN,NaN,NaN
7664,3798.25,8627.08,NaN,NaN,NaN
7665,3864.62,8860.93,0,0,0.0000
7666,3832.62,9262.89,NaN,NaN,NaN
7667,3856.21,9126.97,NaN,NaN,NaN
7668,3802.22,9011.42,0,0,0.0000
7669,3674.61,8910.75,0,0,0.0000
7670,3887.95,8925.80,0,0,0.0000
7671,3848.30,8987.30,0,0,0.0000
7672,3834.06,8915.68,0,0,0.0000
7673,3775.63,9050.25,0,0,0.0000
7674,3767.93,8757.53,NaN,NaN,NaN
7675,3948.80,8833.07,NaN,NaN,NaN
7676,3580.82,8662.54,NaN,NaN,NaN
7677,4292.08,9282.65,NaN,NaN,NaN
7678,4124.32,8837.03,0,0,0.0000
7679,4063.33,8651.24,NaN,NaN,NaN
7680,4000.52,8770.68,NaN,NaN,NaN
7681,4362.64,9150.82,NaN,NaN,NaN
7682,4335.52,8945.96,NaN,NaN,NaN
7683,4097.41,9078.98,NaN,NaN,NaN
7684,4034.51,8982.10,NaN,NaN,NaN
7685,4174.84,8971.11,NaN,NaN,NaN
7686,4480.11,9182.81,0,0,0.0000
7687,4334.35,8665.02,2,3,0.0000
7688,4535.13,9328.60,4,4,0.0000
7689,4445.74,8616.92,2,6,3.0000
7690,4490.29,8815.98,NaN,NaN,NaN
7691,4036.75,9281.30,NaN,NaN,NaN
7692,4008.32,8880.37,0,0,0.0000
7693,4261.86,8598.23,NaN,NaN,NaN
7694,4286.92,9097.07,4,5,0.0000
7695,4161.58,9333.10,NaN,NaN,NaN
7696,4542.22,8909.51,0,0,0.0000
7697,4299.01,8729.31,NaN,NaN,NaN
7698,4396.86,9225.34,NaN,NaN,NaN
7699,4001.97,9206.50,NaN,NaN,NaN
7700,4123.56,8707.10,2,9,4.5000
7701,4409.05,9047.16,0,0,0.0000
7702,4087.43,9174.18,NaN,NaN,NaN
7703,4576.51,8971.34,0,0,0.0000
7704,4476.32,9255.91,0,0,0.0000
7705,4155.20,9051.41,NaN,NaN,NaN
7706,4231.71,9056.34,0,0,0.0000
7707,3971.78,8641.16,0,0,0.0000
7708,4562.12,9248.61,0,0,0.0000
7709,4463.43,8899.05,2,5,2.5000
7710,4389.72,8625.64,NaN,NaN,NaN
7711,4199.63,9135.86,0,0,0.0000
7712,4321.97,8576.13,0,0,0.0000
7713,4447.28,8975.91,NaN,NaN,NaN
7714,4569.75,9052.58,NaN,NaN,NaN
7715,4527.77,9138.65,0,0,0.0000
7716,4418.48,8841.47,NaN,NaN,NaN
7717,4309.88,8833.90,0,0,0.0000
7718,4141.88,9229.69,NaN,NaN,NaN
7719,4247.14,8834.82,NaN,NaN,NaN
7720,4005.75,9110.43,NaN,NaN,NaN
7721,4383.19,8801.19,NaN,NaN,NaN
7722,4507.46,8997.32,NaN,NaN,NaN
7723,4223.47,8674.38,0,0,0.0000
7724,4164.04,8622.66,NaN,NaN,NaN
7725,4098.13,8953.45,NaN,NaN,NaN
7726,4348.06,8745.92,NaN,NaN,NaN
7727,4232.88,8739.75,NaN,NaN,NaN
7728,4409.13,9294.02,0,0,0.0000
7729,4067.08,9124.53,NaN,NaN,NaN
7730,4461.46,9057.55,NaN,NaN,NaN
7731,4653.15,9303.59,0,0,0.0000
7732,4373.25,8883.32,NaN,NaN,NaN
7733,4435.82,8766.81,0,0,0.0000
7734,4587.42,9156.60,NaN,NaN,NaN
7735,4541.64,9094.96,0,0,0.0000
7736,4406.50,8942.22,0,0,0.0000
7737,4529.28,9046.96,NaN,NaN,NaN
7738,4310.50,9047.48,0,0,0.0000
7739,4161.69,8667.29,NaN,NaN,NaN
7740,4209.11,8783.00,NaN,NaN,NaN
7741,4171.82,8766.42,NaN,NaN,NaN
7742,4453.30,9122.12,0,0,0.0000
7743,5263.91,9284.17,0,0,0.0000
7744,5463.53,9115.41,2,5,2.5000
7745,5294.56,8853.11,NaN,NaN,NaN
7746,5460.10,9292.80,0,0,0.0000
7747,5110.20,9207.53,NaN,NaN,NaN
7748,5201.82,9149.92,0,0,0.0000
7749,5383.32,9300.31,3,7,2.3333
7750,4794.55,9318.85,NaN,NaN,NaN
7751,4872.67,9248.67,2,4,2.0000
7752,5013.78,9271.28,2,2,0.0000
7753,5165.21,9301.51,0,0,0.0000
7754,5177.90,9009.03,0,0,0.0000
7755,5089.37,9339.94,NaN,NaN,NaN
7756,5258.51,9077.93,NaN,NaN,NaN
7757,5309.33,8968.04,0,0,0.0000
7758,5386.62,8800.46,2,7,3.5000
7759,5463.09,8910.22,NaN,NaN,NaN
7760,5291.98,8745.39,NaN,NaN,NaN
7761,5355.01,8719.59,4,6,0.0000
7762,5489.67,8980.80,NaN,NaN,NaN
7763,5323.89,8647.82,0,0,0.0000
7764,5230.84,8940.15,0,0,0.0000
7765,5144.29,8916.66,2,10,5.0000
7766,5410.93,8644.39,0,0,0.0000
7767,5422.09,8893.29,0,0,0.0000
7768,5463.58,8658.28,2,4,2.0000
7769,5492.63,8772.67,NaN,NaN,NaN
7770,5202.72,8655.80,0,0,0.0000
7771,5413.15,8723.02,NaN,NaN,NaN
7772,5371.88,9021.99,0,0,0.0000
7773,5377.08,8885.89,3,5,0.0000
7774,5350.68,9227.13,0,0,0.0000
7775,5369.04,8582.11,0,0,0.0000
7776,5262.73,8671.84,NaN,NaN,NaN
7777,5146.51,8768.67,NaN,NaN,NaN
7778,5162.34,8689.56,NaN,NaN,NaN
7779,5160.15,8858.27,NaN,NaN,NaN
7780,4944.75,9336.39,NaN,NaN,NaN
7781,5122.15,9116.34,0,0,0.0000
7782,5240.22,8792.02,NaN,NaN,NaN
7783,5405.62,9053.57,NaN,NaN,NaN
7784,5234.87,8721.10,NaN,NaN,NaN
7785,5067.08,9109.29,0,0,0.0000
7786,5445.30,9240.06,2,3,0.0000
7787,5351.56,9128.18,0,0,0.0000
7788,5133.44,9051.91,0,0,0.0000
7789,5289.91,9152.86,0,0,0.0000
7790,5364.34,8957.78,NaN,NaN,NaN
7791,5281.05,8618.91,0,0,0.0000
7792,5262.30,8932.43,NaN,NaN,NaN
7793,5271.74,9009.54,0,0,0.0000
7794,5416.68,9005.37,0,0,0.0000
7795,5678.98,8698.04,NaN,NaN,NaN
7796,5728.28,8576.03,NaN,NaN,NaN
7797,5519.64,8695.40,NaN,NaN,NaN
7798,5558.37,8583.52,2,4,2.0000
7799,5813.17,9101.02,NaN,NaN,NaN
7800,5822.32,9176.96,NaN,NaN,NaN
7801,5709.78,8960.79,NaN,NaN,NaN
7802,5620.06,8803.18,NaN,NaN,NaN
7803,5853.78,9052.69,NaN,NaN,NaN
7804,5865.14,8961.78,0,0,0.0000
7805,5777.23,8890.29,NaN,NaN,NaN
7806,5810.15,8823.74,NaN,NaN,NaN
7807,5867.13,8890.72,NaN,NaN,NaN
7808,5730.11,8828.59,4,7,0.0000
7809,5587.26,8718.39,2,7,3.5000
7810,5814.46,8592.21,NaN,NaN,NaN
7811,5530.16,9182.55,NaN,NaN,NaN
7812,5669.22,8820.07,0,0,0.0000
7813,5545.68,9260.30,0,0,0.0000
7814,5518.01,8876.01,NaN,NaN,NaN
7815,5780.66,8762.80,NaN,NaN,NaN
7816,5858.90,8634.98,2,3,0.0000
7817,5768.48,8979.99,NaN,NaN,NaN
7818,5848.86,8821.12,0,0,0.0000
7819,5736.34,9032.73,NaN,NaN,NaN
7820,5550.79,9030.83,0,0,0.0000
7821,5815.62,8894.30,0,0,0.0000
7822,5880.37,9003.06,0,0,0.0000
7823,5797.29,9028.21,0,0,0.0000
7824,7291.08,8675.02,2,8,4.0000
7825,7472.38,9314.24,NaN,NaN,NaN
7826,7776.50,8893.33,NaN,NaN,NaN
7827,7369.78,9314.69,NaN,NaN,NaN
7828,7767.18,9040.54,NaN,NaN,NaN
7829,7279.03,8622.82,2,0,0.0000
7830,7199.65,8739.38,NaN,NaN,NaN
7831,7255.33,8736.91,0,0,0.0000
7832,7773.64,9098.37,0,0,0.0000
7833,7118.19,8627.28,0,0,0.0000
7834,7185.96,8608.73,NaN,NaN,NaN
7835,7235.49,8766.91,2,4,2.0000
7836,7813.98,8896.71,NaN,NaN,NaN
7837,8226.61,8907.22,NaN,NaN,NaN
7838,8122.69,8917.85,NaN,NaN,NaN
7839,7843.00,8965.67,2,3,0.0000
7840,8280.11,8691.00,3,8,2.6667
7841,8272.05,9061.77,NaN,NaN,NaN
7842,7839.41,9079.93,NaN,NaN,NaN
7843,7968.58,8970.78,NaN,NaN,NaN
7844,8505.31,8596.36,3,4,0.0000
7845,8206.17,8756.88,0,0,0.0000
7846,7931.50,8907.89,NaN,NaN,NaN
7847,8079.44,8886.88,0,0,0.0000
7848,8574.53,9328.49,0,0,0.0000
7849,8294.00,8817.02,0,0,0.0000
7850,8192.51,9036.86,0,0,0.0000
7851,8071.88,8991.20,2,5,2.5000
7852,7894.82,9017.53,2,3,0.0000
7853,7921.24,8809.49,0,0,0.0000
7854,7909.35,9089.92,4,4,0.0000
7855,8529.11,8671.61,NaN,NaN,NaN
7856,8374.72,8930.76,0,0,0.0000
7857,8350.08,8993.90,NaN,NaN,NaN
7858,7910.74,8842.25,0,0,0.0000
7859,8338.13,8802.59,0,0,0.0000
7860,8042.09,8781.25,NaN,NaN,NaN
7861,8301.33,8994.09,3,2,0.0000
7862,8573.50,8605.24,0,0,0.0000
7863,8120.99,8804.18,0,0,0.0000
7864,8382.82,9047.23,NaN,NaN,NaN
7865,8260.35,8857.98,NaN,NaN,NaN
7866,8217.70,8971.81,0,0,0.0000
7867,8515.59,8935.04,NaN,NaN,NaN
7868,8082.17,8827.86,0,0,0.0000
7869,8129.18,8758.50,NaN,NaN,NaN
7870,8245.07,8809.96,NaN,NaN,NaN
7871,8396.39,8840.44,0,0,0.0000
7872,8469.49,8974.99,NaN,NaN,NaN
7873,8295.73,8898.74,0,0,0.0000
7874,8354.50,8870.70,0,0,0.0000
7875,8337.60,8915.28,0,0,0.0000
7876,8382.21,8856.97,0,0,0.0000
7877,8522.65,9324.38,0,0,0.0000
7878,8724.57,8886.67,3,7,2.3333
7879,8740.20,8648.77,2,5,2.5000
7880,9336.24,8598.63,3,4,0.0000
7881,9215.52,8875.33,2,2,0.0000
7882,9037.90,8609.88,NaN,NaN,NaN
7883,8588.35,8755.16,0,0,0.0000
7884,8877.29,8639.47,NaN,NaN,NaN
7885,8738.71,9117.96,NaN,NaN,NaN
7886,9335.45,8921.98,NaN,NaN,NaN
7887,9218.57,9006.22,3,1,0.0000
7888,8890.72,9097.00,NaN,NaN,NaN
7889,8981.94,9035.50,0,0,0.0000
7890,9110.25,8735.61,NaN,NaN,NaN
7891,9209.61,8618.73,NaN,NaN,NaN
7892,8833.99,8789.52,2,3,0.0000
7893,9247.83,8712.84,NaN,NaN,NaN
7894,8994.86,8749.83,NaN,NaN,NaN
7895,8888.93,8836.53,NaN,NaN,NaN
7896,9111.45,9063.63,2,3,0.0000
7897,9179.63,8688.95,NaN,NaN,NaN
7898,9005.98,8876.96,0,0,0.0000
7899,8946.50,8830.90,NaN,NaN,NaN
7900,8700.15,8754.59,0,0,0.0000
7901,9124.73,8631.86,NaN,NaN,NaN
7902,8888.71,8937.53,3,4,0.0000
7903,8966.77,8671.56,0,0,0.0000
7904,9049.89,8793.72,0,0,0.0000
7905,9301.54,8761.92,0,0,0.0000
7906,8780.29,8798.84,NaN,NaN,NaN
7907,8850.48,8719.18,NaN,NaN,NaN
7908,9113.48,8987.78,NaN,NaN,NaN
7909,9188.95,8768.95,NaN,NaN,NaN
7910,8645.75,8678.72,NaN,NaN,NaN
7911,9332.08,9082.27,0,0,0.0000
7912,8649.95,8763.35,0,0,0.0000
7913,9108.33,8576.69,NaN,NaN,NaN
7914,8787.26,9083.22,2,2,0.0000
7915,9173.29,9066.63,0,0,0.0000
7916,9330.26,8971.03,3,6,2.0000
7917,9154.95,9031.72,NaN,NaN,NaN
7918,8775.53,8990.53,0,0,0.0000
7919,9274.40,8968.00,NaN,NaN,NaN
7920,9317.27,9185.76,0,0,0.0000
7921,9151.03,9129.70,0,0,0.0000
7922,9241.54,9062.98,NaN,NaN,NaN
7923,9104.34,8680.43,0,0,0.0000
7924,9652.73,9064.04,NaN,NaN,NaN
7925,9965.26,9298.10,4,4,0.0000
7926,9390.68,8844.86,2,4,2.0000
7927,9531.02,8786.44,NaN,NaN,NaN
7928,9569.30,9235.38,NaN,NaN,NaN
7929,9668.27,9269.67,NaN,NaN,NaN
7930,9449.47,9026.76,NaN,NaN,NaN
7931,9517.35,8941.93,NaN,NaN,NaN
7932,9567.77,8700.60,NaN,NaN,NaN
7933,10106.64,9190.13,NaN,NaN,NaN
7934,9768.07,9124.56,NaN,NaN,NaN
7935,9893.33,9214.07,NaN,NaN,NaN
7936,9362.39,9008.06,0,0,0.0000
7937,9810.65,9232.59,NaN,NaN,NaN
7938,9777.14,9304.80,2,4,2.0000
7939,9877.41,8927.70,NaN,NaN,NaN
7940,9899.17,9141.63,0,0,0.0000
7941,9397.30,9153.63,NaN,NaN,NaN
7942,10004.42,9158.06,3,5,0.0000
7943,9389.90,8718.82,NaN,NaN,NaN
7944,10039.81,8808.30,2,2,0.0000
7945,9927.94,8965.13,NaN,NaN,NaN
7946,10097.98,9295.69,NaN,NaN,NaN
7947,9914.19,8849.60,NaN,NaN,NaN
7948,9410.11,8630.80,NaN,NaN,NaN
7949,9585.26,8969.48,0,0,0.0000
7950,10014.94,9053.13,0,0,0.0000
7951,9814.66,8998.87,NaN,NaN,NaN
7952,9737.70,9216.91,3,3,0.0000
7953,9830.99,9147.46,NaN,NaN,NaN
7954,9641.04,9201.09,0,0,0.0000
7955,9842.53,9093.35,NaN,NaN,NaN
7956,9441.15,8913.36,0,0,0.0000
7957,9367.19,8782.15,NaN,NaN,NaN
7958,10057.60,9128.00,0,0,0.0000
7959,9579.59,9048.22,2,3,0.0000
7960,9471.36,8610.11,0,0,0.0000
7961,9645.73,8588.82,0,0,0.0000
7962,10045.64,9205.12,2,3,0.0000
7963,9857.37,8849.71,0,0,0.0000
7964,9581.21,8580.49,NaN,NaN,NaN
7965,9608.96,9310.18,3,5,0.0000
7966,9936.44,9089.68,NaN,NaN,NaN
7967,9628.46,9156.18,NaN,NaN,NaN
7968,9622.61,8701.41,0,0,0.0000
7969,9527.25,9015.11,NaN,NaN,NaN
7970,9959.06,9000.15,NaN,NaN,NaN
7971,9696.69,9163.72,3,5,0.0000
7972,9800.75,8889.98,NaN,NaN,NaN
7973,9442.07,9192.66,NaN,NaN,NaN
7974,10050.41,8921.84,0,0,0.0000
7975,10032.44,8998.50,NaN,NaN,NaN
7976,10020.32,8958.96,NaN,NaN,NaN
7977,9953.17,9205.11,0,0,0.0000
7978,9982.53,8934.00,NaN,NaN,NaN
7979,9713.83,9120.55,NaN,NaN,NaN
7980,9731.83,9276.12,2,6,3.0000
7981,10052.14,9253.91,0,0,0.0000
7982,10617.48,9117.18,NaN,NaN,NaN
7983,10172.34,9078.38,NaN,NaN,NaN
7984,10816.90,8961.90,0,0,0.0000
7985,10623.12,9286.51,NaN,NaN,NaN
7986,10428.54,9006.44,0,0,0.0000
7987,10137.59,9308.00,3,4,0.0000
7988,10234.75,9276.70,NaN,NaN,NaN
7989,10289.32,8998.08,NaN,NaN,NaN
7990,10778.66,9247.94,2,3,0.0000
7991,10451.04,9282.98,0,0,0.0000
7992,10711.42,8936.16,2,4,2.0000
7993,10358.11,9132.07,0,0,0.0000
7994,10210.50,9180.42,2,5,2.5000
7995,10387.36,9243.59,0,0,0.0000
7996,10198.28,8938.00,NaN,NaN,NaN
7997,10304.16,9288.51,NaN,NaN,NaN
7998,10557.71,9155.10,NaN,NaN,NaN
7999,10518.09,8971.67,0,0,0.0000
8000,10279.22,9152.89,0,0,0.0000
8001,10834.19,9216.44,2,4,2.0000
8002,10344.78,9193.79,NaN,NaN,NaN
8003,10682.78,9336.35,NaN,NaN,NaN
8004,10119.97,8861.21,NaN,NaN,NaN
8005,10808.09,9149.75,NaN,NaN,NaN
8006,10444.83,9128.08,NaN,NaN,NaN
8007,10358.81,9339.67,2,7,3.5000
8008,10258.44,8887.79,2,3,0.0000
8009,10798.06,9053.13,0,0,0.0000
8010,10412.89,8898.50,NaN,NaN,NaN
8011,10858.69,9083.00,NaN,NaN,NaN
8012,10174.22,9138.75,0,0,0.0000
8013,10183.57,9001.19,NaN,NaN,NaN
8014,10471.45,9061.82,NaN,NaN,NaN
8015,10747.06,9114.24,NaN,NaN,NaN
8016,10498.47,9176.08,0,0,0.0000
8017,10531.16,9290.92,0,0,0.0000
8018,10520.27,9238.99,0,0,0.0000
8019,10340.44,8943.08,2,4,2.0000
8020,10710.47,9072.93,0,0,0.0000
8021,10604.13,8959.53,0,0,0.0000
8022,10463.95,9198.33,NaN,NaN,NaN
8023,10834.20,8890.81,0,0,0.0000
8024,10358.67,9023.82,0,0,0.0000
8025,10680.92,9003.44,0,0,0.0000
8026,10672.33,8879.10,0,0,0.0000
8027,10749.41,8985.18,NaN,NaN,NaN
8028,10487.37,8920.73,0,0,0.0000
8029,10211.71,8834.26,0,0,0.0000
8030,10646.13,9048.75,0,0,0.0000
8031,10577.77,9229.07,0,0,0.0000
8032,10795.73,8860.66,0,0,0.0000
8033,10179.98,8885.42,0,0,0.0000
8034,10641.66,8998.50,0,0,0.0000
8035,10483.45,8883.94,0,0,0.0000
8036,10322.05,8895.32,NaN,NaN,NaN
8037,10282.42,9086.49,0,0,0.0000
8038,11198.41,9334.57,0,0,0.0000
8039,11013.36,8935.95,NaN,NaN,NaN
8040,11111.87,8946.81,NaN,NaN,NaN
8041,11003.25,9216.60,0,0,0.0000
8042,11116.66,9254.39,0,0,0.0000
8043,10929.15,9269.59,NaN,NaN,NaN
8044,11379.61,9259.46,3,3,0.0000
8045,10935.61,9092.47,NaN,NaN,NaN
8046,11042.79,9051.21,NaN,NaN,NaN
8047,10967.64,9320.56,2,3,0.0000
8048,11405.07,9317.00,3,6,2.0000
8049,10986.10,9135.50,0,0,0.0000
8050,10905.86,8991.64,3,5,0.0000
8051,11318.28,9296.45,NaN,NaN,NaN
8052,11080.83,9134.41,0,0,0.0000
8053,10899.30,9214.13,0,0,0.0000
8054,11197.26,9208.82,0,0,0.0000
8055,11141.41,9145.44,0,0,0.0000
8056,11045.57,9294.41,0,0,0.0000
8057,10889.19,9153.82,2,1,0.0000
8058,10888.56,8910.19,0,0,0.0000
8059,11304.09,9175.48,0,0,0.0000
8060,11081.87,9196.84,0,0,0.0000
8061,11201.92,8897.17,0,0,0.0000
8062,11368.47,9190.73,0,0,0.0000
8063,11237.51,9260.18,0,0,0.0000
8064,11061.36,8995.94,NaN,NaN,NaN
8065,11366.99,9147.37,NaN,NaN,NaN
8066,11000.41,9013.85,0,0,0.0000
8067,10959.63,8985.57,0,0,0.0000
8068,11281.52,9215.84,0,0,0.0000
8069,11272.19,9288.58,NaN,NaN,NaN
8070,11150.57,9211.02,0,0,0.0000
8071,13606.44,9004.98,NaN,NaN,NaN
8072,13647.52,9008.68,0,0,0.0000
8073,16217.12,8612.02,0,0,0.0000
8074,16130.47,8636.69,0,0,0.0000
8075,16067.68,8621.56,0,0,0.0000
8076,317.01,9816.87,2,3,0.0000
8077,625.06,9993.37,2,2,0.0000
8078,511.79,9715.00,0,0,0.0000
8079,457.54,9847.60,NaN,NaN,NaN
8080,469.30,10076.75,0,0,0.0000
8081,542.96,10052.41,NaN,NaN,NaN
8082,597.27,9703.20,0,0,0.0000
8083,517.17,9881.07,NaN,NaN,NaN
8084,398.36,9706.50,NaN,NaN,NaN
8085,473.77,9955.95,2,0,0.0000
8086,371.93,9946.87,NaN,NaN,NaN
8087,371.00,10029.62,NaN,NaN,NaN
8088,298.72,10001.13,NaN,NaN,NaN
8089,389.64,9851.17,NaN,NaN,NaN
8090,402.33,10076.82,NaN,NaN,NaN
8091,261.26,9756.46,4,5,0.0000
8092,309.56,9937.13,NaN,NaN,NaN
8093,594.63,9943.02,NaN,NaN,NaN
8094,643.18,10065.67,NaN,NaN,NaN
8095,635.66,9786.81,0,0,0.0000
8096,448.55,9784.57,NaN,NaN,NaN
8097,336.00,9693.73,3,3,0.0000
8098,604.67,10107.59,2,4,2.0000
8099,652.64,9878.45,NaN,NaN,NaN
8100,587.21,9841.35,NaN,NaN,NaN
8101,556.87,9621.89,NaN,NaN,NaN
8102,364.74,9618.70,0,0,0.0000
8103,620.17,9849.99,NaN,NaN,NaN
8104,1507.96,9722.44,NaN,NaN,NaN
8105,1341.21,9738.41,0,0,0.0000
8106,1159.59,9467.12,NaN,NaN,NaN
8107,1389.75,9492.60,NaN,NaN,NaN
8108,1046.73,9609.25,0,0,0.0000
8109,1346.92,9948.90,2,3,0.0000
8110,982.72,9500.21,0,0,0.0000
8111,1206.53,10099.77,0,0,0.0000
8112,1534.77,9547.18,NaN,NaN,NaN
8113,1661.41,9370.78,0,0,0.0000
8114,1477.09,10089.80,NaN,NaN,NaN
8115,1003.14,9406.12,NaN,NaN,NaN
8116,1636.85,9569.34,3,4,0.0000
8117,1087.58,9372.46,6,6,0.0000
8118,1421.85,9857.02,2,8,4.0000
8119,1294.51,9383.91,0,0,0.0000
8120,1445.63,9999.30,NaN,NaN,NaN
8121,1316.16,10053.98,0,0,0.0000
8122,1210.10,9579.22,0,0,0.0000
8123,1159.90,9916.74,NaN,NaN,NaN
8124,1479.40,9406.89,0,0,0.0000
8125,927.68,9595.21,2,2,0.0000
8126,1521.19,9872.17,4,6,0.0000
8127,1630.40,9478.55,2,4,2.0000
8128,1267.94,9545.52,NaN,NaN,NaN
8129,1216.81,9862.34,NaN,NaN,NaN
8130,1610.44,9916.58,NaN,NaN,NaN
8131,1306.94,9496.39,NaN,NaN,NaN
8132,1196.37,9673.75,NaN,NaN,NaN
8133,1543.16,9947.76,NaN,NaN,NaN
8134,1302.74,10102.80,NaN,NaN,NaN
8135,1423.99,9625.75,NaN,NaN,NaN
8136,1608.15,9686.19,NaN,NaN,NaN
8137,1392.94,10024.83,2,2,0.0000
8138,1096.02,9681.14,0,0,0.0000
8139,971.48,9664.62,0,0,0.0000
8140,1651.67,10065.40,NaN,NaN,NaN
8141,1359.77,9599.98,NaN,NaN,NaN
8142,1077.86,9466.22,NaN,NaN,NaN
8143,1571.83,10092.10,0,0,0.0000
8144,1242.67,9752.28,2,7,3.5000
8145,1377.90,9391.58,0,0,0.0000
8146,1277.73,9803.94,NaN,NaN,NaN
8147,1638.24,9826.18,0,0,0.0000
8148,1278.49,9634.26,NaN,NaN,NaN
8149,1131.31,10016.45,NaN,NaN,NaN
8150,1410.34,9698.44,NaN,NaN,NaN
8151,1081.21,9528.39,NaN,NaN,NaN
8152,1168.32,9803.24,NaN,NaN,NaN
8153,1277.57,9873.36,NaN,NaN,NaN
8154,950.77,9732.29,NaN,NaN,NaN
8155,1096.77,9743.40,0,0,0.0000
8156,1470.62,9571.04,0,0,0.0000
8157,1085.05,9945.43,NaN,NaN,NaN
8158,1102.33,10089.52,0,0,0.0000
8159,1591.66,9798.46,4,4,0.0000
8160,1572.73,9422.14,0,0,0.0000
8161,1631.10,9977.47,2,3,0.0000
8162,1631.87,9417.35,0,0,0.0000
8163,1538.69,9483.22,0,0,0.0000
8164,1637.50,10105.64,3,5,0.0000
8165,1557.33,10022.86,0,0,0.0000
8166,2399.30,9815.67,0,0,0.0000
8167,1818.97,9715.34,NaN,NaN,NaN
8168,1939.58,9837.52,NaN,NaN,NaN
8169,1757.62,9630.23,5,8,0.0000
8170,2339.25,10097.04,0,0,0.0000
8171,2260.50,9906.84,NaN,NaN,NaN
8172,1918.39,9760.03,2,4,2.0000
8173,1721.69,9359.21,0,0,0.0000
8174,2219.01,9358.31,NaN,NaN,NaN
8175,1860.23,9831.62,NaN,NaN,NaN
8176,2426.10,10086.03,0,0,0.0000
8177,1733.13,9505.47,3,6,2.0000
8178,1774.32,10082.40,0,0,0.0000
8179,1880.17,9586.82,2,2,0.0000
8180,2256.93,10031.04,0,0,0.0000
8181,1726.92,9786.30,2,4,2.0000
8182,2403.02,9952.03,NaN,NaN,NaN
8183,1667.91,9771.34,0,0,0.0000
8184,2337.33,9943.62,NaN,NaN,NaN
8185,1775.47,9464.56,NaN,NaN,NaN
8186,1869.91,9905.80,0,0,0.0000
8187,2409.84,9686.80,NaN,NaN,NaN
8188,2327.98,10025.48,5,5,0.0000
8189,1798.65,9854.90,2,1,0.0000
8190,1712.82,10034.91,NaN,NaN,NaN
8191,1953.99,9663.02,0,0,0.0000
8192,2289.91,9806.42,NaN,NaN,NaN
8193,2288.09,9975.96,3,5,0.0000
8194,2007.44,9828.48,3,7,2.3333
8195,2352.38,9675.68,NaN,NaN,NaN
8196,1822.73,9597.89,2,3,0.0000
8197,2345.76,9609.92,0,0,0.0000
8198,1826.49,9783.04,NaN,NaN,NaN
8199,2404.76,9592.72,NaN,NaN,NaN
8200,2321.61,9850.17,0,0,0.0000
8201,1869.36,9646.68,0,0,0.0000
8202,2313.67,9694.88,2,6,3.0000
8203,1922.33,9954.18,NaN,NaN,NaN
8204,1949.47,9992.55,0,0,0.0000
8205,1773.60,9808.36,NaN,NaN,NaN
8206,1671.49,9668.45,0,0,0.0000
8207,1932.82,9613.32,0,0,0.0000
8208,1715.39,9564.44,NaN,NaN,NaN
8209,2557.82,10110.51,0,0,0.0000
8210,2864.36,10044.57,NaN,NaN,NaN
8211,2497.86,9982.63,2,3,0.0000
8212,2616.66,10034.29,0,0,0.0000
8213,2485.89,9754.91,3,7,2.3333
8214,2451.28,10030.45,0,0,0.0000
8215,2481.40,9657.80,NaN,NaN,NaN
8216,2645.37,9903.59,NaN,NaN,NaN
8217,2987.18,10069.76,NaN,NaN,NaN
8218,3184.79,10086.36,NaN,NaN,NaN
8219,3052.87,10081.10,3,5,0.0000
8220,2936.15,10101.47,NaN,NaN,NaN
8221,2601.78,9837.41,0,0,0.0000
8222,2840.26,10100.75,NaN,NaN,NaN
8223,2785.08,10057.44,0,0,0.0000
8224,2703.50,10077.29,NaN,NaN,NaN
8225,2746.08,10056.86,0,0,0.0000
8226,2547.46,9786.31,0,0,0.0000
8227,3961.96,9564.66,NaN,NaN,NaN
8228,4713.60,9587.59,2,8,4.0000
8229,4335.23,9549.87,3,5,0.0000
8230,4489.92,9622.59,NaN,NaN,NaN
8231,4363.19,9734.10,NaN,NaN,NaN
8232,4510.40,9419.21,0,0,0.0000
8233,4593.35,9743.34,NaN,NaN,NaN
8234,4595.36,9864.17,NaN,NaN,NaN
8235,4608.11,9422.06,NaN,NaN,NaN
8236,4204.71,9422.85,NaN,NaN,NaN
8237,4283.84,9898.35,3,4,0.0000
8238,4603.27,9935.30,0,0,0.0000
8239,4025.56,9534.27,2,2,0.0000
8240,4365.74,10071.88,NaN,NaN,NaN
8241,4426.35,9868.65,NaN,NaN,NaN
8242,4307.09,9445.89,2,4,2.0000
8243,4712.47,10019.15,NaN,NaN,NaN
8244,4075.62,9436.34,NaN,NaN,NaN
8245,4292.87,9627.96,NaN,NaN,NaN
8246,4517.82,9814.62,0,0,0.0000
8247,4293.41,10049.12,NaN,NaN,NaN
8248,4057.94,9360.14,NaN,NaN,NaN
8249,4511.42,9984.46,NaN,NaN,NaN
8250,4548.30,10049.50,NaN,NaN,NaN
8251,4642.08,9980.90,0,0,0.0000
8252,4273.44,9709.08,3,5,0.0000
8253,4367.61,9934.50,NaN,NaN,NaN
8254,4192.78,9964.95,NaN,NaN,NaN
8255,4164.60,9603.63,3,1,0.0000
8256,4664.85,9786.59,2,3,0.0000
8257,4521.73,9711.59,NaN,NaN,NaN
8258,4702.81,9375.26,NaN,NaN,NaN
8259,4554.59,9503.73,0,0,0.0000
8260,4004.70,9385.37,0,0,0.0000
8261,4212.48,9516.81,NaN,NaN,NaN
8262,4127.98,9519.33,3,4,0.0000
8263,4419.91,9498.35,0,0,0.0000
8264,4726.35,10075.53,0,0,0.0000
8265,4480.24,9538.25,NaN,NaN,NaN
8266,4069.75,9616.62,0,0,0.0000
8267,4449.19,10028.52,NaN,NaN,NaN
8268,4072.52,9712.99,0,0,0.0000
8269,4377.71,9648.45,NaN,NaN,NaN
8270,4710.08,9899.72,NaN,NaN,NaN
8271,4231.31,9571.61,NaN,NaN,NaN
8272,4011.80,9612.55,2,5,2.5000
8273,4101.36,9663.35,NaN,NaN,NaN
8274,4348.49,9854.12,0,0,0.0000
8275,4248.30,9377.27,NaN,NaN,NaN
8276,4092.24,9792.12,0,0,0.0000
8277,4068.49,9495.10,NaN,NaN,NaN
8278,4461.21,9698.46,2,5,2.5000
8279,4201.26,9861.92,NaN,NaN,NaN
8280,4707.82,9727.31,0,0,0.0000
8281,4129.76,9841.38,2,7,3.5000
8282,4617.75,10083.88,0,0,0.0000
8283,4154.61,9461.92,NaN,NaN,NaN
8284,4019.58,9662.98,NaN,NaN,NaN
8285,4694.50,9848.63,0,0,0.0000
8286,4505.72,9902.07,0,0,0.0000
8287,4426.73,9962.36,0,0,0.0000
8288,4710.56,9948.15,NaN,NaN,NaN
8289,4425.55,9432.76,0,0,0.0000
8290,4318.50,9990.17,2,4,2.0000
8291,4426.76,9671.59,NaN,NaN,NaN
8292,4370.25,9403.94,NaN,NaN,NaN
8293,4099.07,9584.33,0,0,0.0000
8294,4458.98,9387.38,0,0,0.0000
8295,4562.85,9568.00,0,0,0.0000
8296,4628.66,9493.44,NaN,NaN,NaN
8297,5370.36,9681.98,0,0,0.0000
8298,5104.26,9641.13,NaN,NaN,NaN
8299,5228.75,9819.93,2,2,0.0000
8300,5058.99,9768.54,NaN,NaN,NaN
8301,4906.54,9515.65,NaN,NaN,NaN
8302,5013.59,9477.47,3,6,2.0000
8303,4802.52,10038.24,0,0,0.0000
8304,4798.07,9432.29,NaN,NaN,NaN
8305,5481.56,9488.93,3,3,0.0000
8306,5446.38,9388.77,NaN,NaN,NaN
8307,5498.51,10067.72,3,3,0.0000
8308,5180.25,9947.49,NaN,NaN,NaN
8309,5367.92,10072.92,NaN,NaN,NaN
8310,5274.69,9676.19,NaN,NaN,NaN
8311,4836.05,9787.25,2,4,2.0000
8312,5193.18,9508.48,0,0,0.0000
8313,5257.17,9965.61,0,0,0.0000
8314,5281.66,9403.52,NaN,NaN,NaN
8315,4941.41,9793.50,3,5,0.0000
8316,5434.90,9777.57,NaN,NaN,NaN
8317,4928.55,9697.63,NaN,NaN,NaN
8318,5452.00,10028.74,2,4,2.0000
8319,5496.71,9717.08,NaN,NaN,NaN
8320,5165.72,9412.38,0,0,0.0000
8321,4992.35,9897.19,NaN,NaN,NaN
8322,4998.89,9663.04,2,3,0.0000
8323,4795.24,9946.63,NaN,NaN,NaN
8324,5059.88,9832.04,2,5,2.5000
8325,5224.49,9716.08,2,4,2.0000
8326,5102.07,9860.94,0,0,0.0000
8327,4908.73,9404.27,NaN,NaN,NaN
8328,5306.01,9583.68,NaN,NaN,NaN
8329,5305.65,9886.23,2,4,2.0000
8330,4786.81,9850.01,NaN,NaN,NaN
8331,5452.78,9568.63,0,0,0.0000
8332,5102.09,9908.38,3,4,0.0000
8333,5157.82,10090.05,NaN,NaN,NaN
8334,5255.83,9876.23,2,4,2.0000
8335,5354.97,9777.69,0,0,0.0000
8336,4821.82,9370.52,3,6,2.0000
8337,4835.04,9885.98,NaN,NaN,NaN
8338,5479.37,9869.37,NaN,NaN,NaN
8339,5156.50,9766.86,NaN,NaN,NaN
8340,5004.03,9368.89,2,3,0.0000
8341,4919.79,9624.29,0,0,0.0000
8342,5423.08,9611.21,2,4,2.0000
8343,4910.80,9982.12,2,8,4.0000
8344,5183.01,9568.88,0,0,0.0000
8345,5332.02,9821.32,NaN,NaN,NaN
8346,5055.51,9396.73,0,0,0.0000
8347,4964.18,9387.04,NaN,NaN,NaN
8348,5143.89,10019.11,0,0,0.0000
8349,5539.73,9591.86,0,0,0.0000
8350,5570.37,10099.62,0,0,0.0000
8351,5662.59,9962.82,NaN,NaN,NaN
8352,5546.05,9827.57,NaN,NaN,NaN
8353,5705.36,10048.88,0,0,0.0000
8354,5659.77,9404.21,NaN,NaN,NaN
8355,5664.94,9701.26,0,0,0.0000
8356,5606.24,9901.15,0,0,0.0000
8357,5552.11,9749.43,NaN,NaN,NaN
8358,5656.29,9833.87,0,0,0.0000
8359,5582.17,9986.73,0,0,0.0000
8360,5637.52,9580.93,0,0,0.0000
8361,5574.59,9429.22,NaN,NaN,NaN
8362,5587.40,9681.48,0,0,0.0000
8363,5737.26,9903.24,NaN,NaN,NaN
8364,5731.11,9660.39,0,0,0.0000
8365,5666.60,9775.13,0,0,0.0000
8366,5506.18,9951.08,NaN,NaN,NaN
8367,5608.53,9486.92,4,4,0.0000
8368,5665.53,9491.98,NaN,NaN,NaN
8369,5516.67,9347.38,0,0,0.0000
8370,5687.09,9587.52,NaN,NaN,NaN
8371,5546.10,9933.07,0,0,0.0000
8372,5773.66,9631.38,0,0,0.0000
8373,7437.30,9633.49,NaN,NaN,NaN
8374,7447.96,9423.25,NaN,NaN,NaN
8375,7347.47,9995.11,3,3,0.0000
8376,7384.24,9662.31,NaN,NaN,NaN
8377,7354.99,9588.31,NaN,NaN,NaN
8378,7406.13,9372.13,NaN,NaN,NaN
8379,7462.13,9835.47,2,4,2.0000
8380,7393.37,9837.48,0,0,0.0000
8381,7090.72,9572.70,NaN,NaN,NaN
8382,7441.59,9507.08,0,0,0.0000
8383,7095.36,9635.21,NaN,NaN,NaN
8384,7328.12,9633.18,0,0,0.0000
8385,7490.62,9469.48,NaN,NaN,NaN
8386,7488.26,9538.10,NaN,NaN,NaN
8387,7469.85,9777.85,NaN,NaN,NaN
8388,7410.89,9771.59,NaN,NaN,NaN
8389,7416.05,9906.65,NaN,NaN,NaN
8390,7322.79,9741.56,NaN,NaN,NaN
8391,7642.26,9868.85,0,0,0.0000
8392,7351.28,9820.81,2,7,3.5000
8393,7454.95,9720.64,0,0,0.0000
8394,7557.13,9780.01,NaN,NaN,NaN
8395,7508.00,9756.98,0,0,0.0000
8396,7435.74,9874.02,NaN,NaN,NaN
8397,7369.50,9986.69,NaN,NaN,NaN
8398,7330.10,10037.95,2,3,0.0000
8399,7270.61,9923.46,NaN,NaN,NaN
8400,7421.93,9958.23,0,0,0.0000
8401,8318.63,10069.40,2,1,0.0000
8402,8484.51,9710.01,NaN,NaN,NaN
8403,8381.39,9437.21,2,5,2.5000
8404,8494.09,9513.31,NaN,NaN,NaN
8405,8471.15,9414.73,0,0,0.0000
8406,8417.87,10019.88,0,0,0.0000
8407,8537.01,9560.00,2,7,3.5000
8408,8520.04,9376.42,0,0,0.0000
8409,8514.77,9633.98,NaN,NaN,NaN
8410,8428.14,9738.26,NaN,NaN,NaN
8411,8566.40,9404.88,0,0,0.0000
8412,8539.83,9475.98,0,0,0.0000
8413,8543.44,9734.61,NaN,NaN,NaN
8414,8383.20,9514.53,NaN,NaN,NaN
8415,8628.73,9365.35,2,3,0.0000
8416,9318.74,9727.23,0,0,0.0000
8417,8589.79,9560.50,NaN,NaN,NaN
8418,8639.67,9434.11,NaN,NaN,NaN
8419,8600.00,9606.94,0,0,0.0000
8420,8601.47,9465.47,NaN,NaN,NaN
8421,9832.24,9962.80,NaN,NaN,NaN
8422,9905.36,9561.83,NaN,NaN,NaN
8423,10070.73,9451.65,NaN,NaN,NaN
8424,9909.42,9393.68,NaN,NaN,NaN
8425,9896.81,9837.15,NaN,NaN,NaN
8426,9975.22,9531.54,0,0,0.0000
8427,10061.45,9886.84,NaN,NaN,NaN
8428,9794.11,9403.04,0,0,0.0000
8429,9967.95,9976.23,NaN,NaN,NaN
8430,10002.06,9758.05,0,0,0.0000
8431,10049.54,9365.58,2,4,2.0000
8432,10077.76,9533.76,0,0,0.0000
8433,9621.99,9643.74,NaN,NaN,NaN
8434,9761.22,10075.83,0,0,0.0000
8435,9712.56,9759.72,0,0,0.0000
8436,9919.46,10028.84,NaN,NaN,NaN
8437,9939.85,9901.93,4,3,0.0000
8438,9837.12,9717.50,NaN,NaN,NaN
8439,9903.63,9690.66,NaN,NaN,NaN
8440,9972.83,9858.11,0,0,0.0000
8441,9871.03,10079.63,2,5,2.5000
8442,9826.45,10042.70,NaN,NaN,NaN
8443,9855.55,9456.16,NaN,NaN,NaN
8444,9708.70,9597.44,0,0,0.0000
8445,9871.12,9745.71,NaN,NaN,NaN
8446,9704.43,10080.08,0,0,0.0000
8447,9749.13,9889.94,0,0,0.0000
8448,10050.03,10099.05,NaN,NaN,NaN
8449,10002.97,9818.35,NaN,NaN,NaN
8450,10009.13,9927.14,0,0,0.0000
8451,9795.05,9859.05,0,0,0.0000
8452,9968.12,10067.25,NaN,NaN,NaN
8453,9792.06,9911.39,NaN,NaN,NaN
8454,9922.69,9753.41,NaN,NaN,NaN
8455,10720.40,9651.58,2,3,0.0000
8456,10114.50,9650.38,NaN,NaN,NaN
8457,10592.89,9437.58,0,0,0.0000
8458,10517.91,9674.04,NaN,NaN,NaN
8459,10573.99,10011.30,NaN,NaN,NaN
8460,10426.17,9654.78,NaN,NaN,NaN
8461,10194.21,9734.47,NaN,NaN,NaN
8462,10857.61,10079.73,NaN,NaN,NaN
8463,10274.90,9391.43,NaN,NaN,NaN
8464,10507.65,9529.52,NaN,NaN,NaN
8465,10323.14,9460.77,2,7,3.5000
8466,10462.84,9429.82,2,3,0.0000
8467,10876.99,9840.64,0,0,0.0000
8468,10521.10,9366.50,NaN,NaN,NaN
8469,10698.05,9910.84,NaN,NaN,NaN
8470,10586.76,9729.75,0,0,0.0000
8471,10842.47,9567.78,NaN,NaN,NaN
8472,10264.05,9844.39,0,0,0.0000
8473,10212.08,9565.21,NaN,NaN,NaN
8474,10351.94,9801.17,NaN,NaN,NaN
8475,10411.95,9753.62,NaN,NaN,NaN
8476,10191.65,9472.19,0,0,0.0000
8477,10600.91,9532.33,NaN,NaN,NaN
8478,10520.36,9771.36,0,0,0.0000
8479,10119.10,9769.96,NaN,NaN,NaN
8480,10228.22,9632.41,NaN,NaN,NaN
8481,10710.69,9990.66,0,0,0.0000
8482,10153.64,9889.33,0,0,0.0000
8483,10189.14,9379.02,NaN,NaN,NaN
8484,10624.53,9639.18,NaN,NaN,NaN
8485,10184.99,9996.44,0,0,0.0000
8486,10307.38,10070.28,2,1,0.0000
8487,10431.05,9554.25,0,0,0.0000
8488,10380.26,9573.26,2,2,0.0000
8489,10335.73,9550.42,NaN,NaN,NaN
8490,10314.44,9995.83,0,0,0.0000
8491,10665.43,9786.30,0,0,0.0000
8492,10203.55,9912.31,NaN,NaN,NaN
8493,10315.93,9613.96,0,0,0.0000
8494,10335.82,9685.49,0,0,0.0000
8495,10798.34,9960.36,2,4,2.0000
8496,10275.13,9711.21,NaN,NaN,NaN
8497,10620.96,9356.60,NaN,NaN,NaN
8498,10707.54,9832.38,0,0,0.0000
8499,10245.20,10105.19,0,0,0.0000
8500,10748.72,9937.19,NaN,NaN,NaN
8501,10281.85,9902.28,NaN,NaN,NaN
8502,10874.93,9742.15,NaN,NaN,NaN
8503,10621.76,9755.13,0,0,0.0000
8504,10390.23,9442.39,0,0,0.0000
8505,10264.36,9994.82,0,0,0.0000
8506,10317.73,9746.72,0,0,0.0000
8507,10249.36,9454.53,NaN,NaN,NaN
8508,10252.72,9528.69,NaN,NaN,NaN
8509,10600.47,10094.12,NaN,NaN,NaN
8510,10226.14,10068.64,0,0,0.0000
8511,10770.16,10010.67,NaN,NaN,NaN
8512,10527.51,9810.09,0,0,0.0000
8513,10476.03,10089.07,0,0,0.0000
8514,10299.60,9511.91,NaN,NaN,NaN
8515,10434.82,9360.41,NaN,NaN,NaN
8516,10875.40,9934.55,0,0,0.0000
8517,10121.03,9372.35,0,0,0.0000
8518,10648.87,9921.61,NaN,NaN,NaN
8519,10772.86,9561.00,NaN,NaN,NaN
8520,11249.25,9949.35,0,0,0.0000
8521,11024.11,9498.08,0,0,0.0000
8522,11165.57,9730.90,NaN,NaN,NaN
8523,11339.47,9770.71,0,0,0.0000
8524,10993.86,9395.67,3,5,0.0000
8525,11072.17,9615.99,NaN,NaN,NaN
8526,11285.97,10091.74,0,0,0.0000
8527,10985.81,9672.09,NaN,NaN,NaN
8528,10909.66,9522.66,0,0,0.0000
8529,10883.10,9994.95,NaN,NaN,NaN
8530,11133.80,10018.68,NaN,NaN,NaN
8531,11059.91,9785.66,0,0,0.0000
8532,11355.70,9899.11,0,0,0.0000
8533,11060.58,10097.25,2,5,2.5000
8534,11209.53,9437.27,NaN,NaN,NaN
8535,10983.17,9590.20,NaN,NaN,NaN
8536,11089.13,9684.51,NaN,NaN,NaN
8537,11140.51,9391.17,NaN,NaN,NaN
8538,10977.59,9949.61,3,4,0.0000
8539,11068.96,9866.13,2,5,2.5000
8540,11310.86,9400.64,NaN,NaN,NaN
8541,10918.69,9686.00,2,4,2.0000
8542,11114.63,9738.92,0,0,0.0000
8543,11055.04,9946.74,2,3,0.0000
8544,11127.46,9919.80,0,0,0.0000
8545,11122.16,9440.31,NaN,NaN,NaN
8546,11017.19,10020.04,2,8,4.0000
8547,11322.62,9532.90,2,5,2.5000
8548,11390.54,9532.04,2,4,2.0000
8549,11257.36,9573.88,NaN,NaN,NaN
8550,10919.62,9780.15,NaN,NaN,NaN
8551,11311.28,9596.16,0,0,0.0000
8552,11158.03,9594.48,NaN,NaN,NaN
8553,11019.46,9886.80,NaN,NaN,NaN
8554,10898.74,9427.91,NaN,NaN,NaN
8555,10911.87,9593.05,NaN,NaN,NaN
8556,11142.73,10104.88,NaN,NaN,NaN
8557,11234.54,9817.46,3,4,0.0000
8558,11414.95,9499.98,NaN,NaN,NaN
8559,11065.75,9351.82,NaN,NaN,NaN
8560,11276.69,9721.56,4,7,0.0000
8561,11295.42,9673.14,NaN,NaN,NaN
8562,10950.30,10035.89,3,8,2.6667
8563,10972.18,9738.47,NaN,NaN,NaN
8564,10918.57,9917.08,NaN,NaN,NaN
8565,10936.26,9381.96,2,4,2.0000
8566,11358.02,9353.58,NaN,NaN,NaN
8567,320.14,10463.93,3,2,0.0000
8568,230.80,10708.12,2,8,4.0000
8569,214.78,10499.35,NaN,NaN,NaN
8570,686.50,10841.14,NaN,NaN,NaN
8571,132.61,10432.16,2,2,0.0000
8572,261.15,10210.00,0,0,0.0000
8573,52.06,10532.38,2,4,2.0000
8574,261.23,10338.38,NaN,NaN,NaN
8575,152.93,10839.73,0,0,0.0000
8576,160.08,10613.01,2,6,3.0000
8577,88.02,10769.05,NaN,NaN,NaN
8578,343.41,10695.70,NaN,NaN,NaN
8579,553.79,10220.40,2,4,2.0000
8580,177.36,10347.58,NaN,NaN,NaN
8581,351.21,10786.52,2,4,2.0000
8582,163.47,10204.33,NaN,NaN,NaN
8583,449.39,10321.27,3,4,0.0000
8584,555.00,10634.73,3,5,0.0000
8585,296.61,10874.36,2,2,0.0000
8586,600.93,10864.72,NaN,NaN,NaN
8587,467.87,10643.80,0,0,0.0000
8588,644.95,10780.91,0,0,0.0000
8589,409.32,10714.33,NaN,NaN,NaN
8590,469.88,10767.84,0,0,0.0000
8591,514.45,10845.16,NaN,NaN,NaN
8592,417.44,10175.97,2,5,2.5000
8593,179.86,10269.20,0,0,0.0000
8594,615.00,10203.87,NaN,NaN,NaN
8595,522.02,10147.37,NaN,NaN,NaN
8596,492.17,10231.09,NaN,NaN,NaN
8597,542.43,10789.90,NaN,NaN,NaN
8598,130.59,10715.67,NaN,NaN,NaN
8599,305.43,10651.07,0,0,0.0000
8600,721.59,10750.62,NaN,NaN,NaN
8601,238.87,10796.32,NaN,NaN,NaN
8602,479.76,10703.64,0,0,0.0000
8603,578.84,10724.81,NaN,NaN,NaN
8604,120.87,10566.93,NaN,NaN,NaN
8605,457.42,10152.40,2,5,2.5000
8606,639.57,10634.70,2,4,2.0000
8607,469.31,10509.10,NaN,NaN,NaN
8608,340.46,10856.24,NaN,NaN,NaN
8609,39.93,10692.36,0,0,0.0000
8610,520.41,10311.08,NaN,NaN,NaN
8611,612.44,10694.70,NaN,NaN,NaN
8612,609.47,10502.27,NaN,NaN,NaN
8613,568.99,10534.07,0,0,0.0000
8614,617.84,10299.41,2,2,0.0000
8615,128.65,10509.23,4,7,0.0000
8616,415.04,10781.62,0,0,0.0000
8617,616.38,10369.92,NaN,NaN,NaN
8618,235.11,10852.31,NaN,NaN,NaN
8619,566.27,10445.71,NaN,NaN,NaN
8620,578.30,10567.46,0,0,0.0000
8621,632.10,10147.84,NaN,NaN,NaN
8622,662.03,10712.29,0,0,0.0000
8623,411.84,10629.53,0,0,0.0000
8624,93.01,10667.39,0,0,0.0000
8625,455.91,10574.54,0,0,0.0000
8626,202.64,10781.66,0,0,0.0000
8627,281.51,10802.66,0,0,0.0000
8628,51.19,10415.24,NaN,NaN,NaN
8629,524.68,10530.20,0,0,0.0000
8630,1331.79,10458.84,NaN,NaN,NaN
8631,1215.84,10224.81,3,6,2.0000
8632,1652.01,10634.18,4,6,0.0000
8633,1640.08,10171.81,2,2,0.0000
8634,1310.91,10575.87,NaN,NaN,NaN
8635,1286.25,10299.25,NaN,NaN,NaN
8636,1461.12,10172.92,NaN,NaN,NaN
8637,1373.36,10339.91,0,0,0.0000
8638,1335.72,10240.44,2,2,0.0000
8639,1516.17,10415.69,NaN,NaN,NaN
8640,1396.95,10200.55,2,3,0.0000
8641,1165.80,10296.43,3,3,0.0000
8642,1659.89,10263.64,NaN,NaN,NaN
8643,1467.51,10277.18,3,4,0.0000
8644,1593.53,10258.38,3,4,0.0000
8645,1444.21,10473.90,0,0,0.0000
8646,1449.32,10658.52,NaN,NaN,NaN
8647,1519.18,10344.14,0,0,0.0000
8648,1257.44,10161.13,NaN,NaN,NaN
8649,1446.85,10364.51,NaN,NaN,NaN
8650,1517.99,10492.59,NaN,NaN,NaN
8651,1240.49,10420.87,NaN,NaN,NaN
8652,1541.29,10208.43,2,3,0.0000
8653,1543.53,10568.22,NaN,NaN,NaN
8654,1489.80,10602.36,NaN,NaN,NaN
8655,1165.79,10380.91,NaN,NaN,NaN
8656,1546.77,10684.85,NaN,NaN,NaN
8657,1426.11,10554.09,0,0,0.0000
8658,1242.79,10468.15,2,3,0.0000
8659,1588.12,10537.06,5,7,0.0000
8660,1372.01,10509.72,0,0,0.0000
8661,1245.13,10341.16,2,3,0.0000
8662,1637.75,10737.65,NaN,NaN,NaN
8663,1563.31,10147.36,NaN,NaN,NaN
8664,1403.89,10613.28,3,3,0.0000
8665,1296.21,10387.20,2,2,0.0000
8666,1210.14,10372.09,NaN,NaN,NaN
8667,1574.36,10477.59,NaN,NaN,NaN
8668,1221.22,10556.75,0,0,0.0000
8669,1233.65,10522.25,0,0,0.0000
8670,1582.91,10324.76,0,0,0.0000
8671,1667.49,10424.01,NaN,NaN,NaN
8672,2092.85,10833.74,NaN,NaN,NaN
8673,2020.35,10735.56,NaN,NaN,NaN
8674,1798.38,10473.34,3,4,0.0000
8675,2246.83,10579.53,0,0,0.0000
8676,2430.56,10839.38,2,4,2.0000
8677,2298.53,10772.43,2,5,2.5000
8678,1673.48,10548.73,NaN,NaN,NaN
8679,2212.58,10845.63,NaN,NaN,NaN
8680,1799.54,10613.05,NaN,NaN,NaN
8681,1930.95,10430.18,0,0,0.0000
8682,2248.79,10683.86,2,5,2.5000
8683,1846.18,10319.88,NaN,NaN,NaN
8684,1954.86,10613.22,NaN,NaN,NaN
8685,2360.57,10354.02,NaN,NaN,NaN
8686,2126.73,10487.70,NaN,NaN,NaN
8687,1693.74,10750.49,2,3,0.0000
8688,1718.39,10129.62,NaN,NaN,NaN
8689,2028.75,10464.21,NaN,NaN,NaN
8690,1905.20,10877.61,NaN,NaN,NaN
8691,2268.88,10120.42,3,6,2.0000
8692,2262.95,10219.22,NaN,NaN,NaN
8693,1881.96,10569.49,3,4,0.0000
8694,2107.50,10670.17,2,4,2.0000
8695,2341.85,10851.40,0,0,0.0000
8696,2297.42,10274.05,4,4,0.0000
8697,1940.48,10381.53,2,3,0.0000
8698,2175.47,10616.99,3,3,0.0000
8699,2137.65,10585.14,2,1,0.0000
8700,2198.48,10759.41,2,2,0.0000
8701,2090.94,10561.65,4,3,0.0000
8702,1729.96,10256.94,0,0,0.0000
8703,2405.21,10263.98,NaN,NaN,NaN
8704,1741.88,10611.38,2,4,2.0000
8705,1907.56,10499.95,0,0,0.0000
8706,2036.46,10547.94,0,0,0.0000
8707,1787.73,10319.57,3,5,0.0000
8708,1959.79,10829.80,NaN,NaN,NaN
8709,2167.59,10688.03,NaN,NaN,NaN
8710,1813.47,10684.61,NaN,NaN,NaN
8711,1939.00,10745.83,0,0,0.0000
8712,1860.20,10412.71,NaN,NaN,NaN
8713,2400.63,10213.61,NaN,NaN,NaN
8714,1752.76,10686.50,NaN,NaN,NaN
8715,1970.16,10529.97,NaN,NaN,NaN
8716,1861.22,10663.47,0,0,0.0000
8717,1742.40,10204.69,NaN,NaN,NaN
8718,2018.90,10611.91,NaN,NaN,NaN
8719,2421.26,10316.39,NaN,NaN,NaN
8720,2356.82,10224.49,3,3,0.0000
8721,2418.65,10169.76,NaN,NaN,NaN
8722,2296.03,10420.73,0,0,0.0000
8723,1776.37,10154.78,NaN,NaN,NaN
8724,2395.57,10140.80,0,0,0.0000
8725,1952.12,10687.81,0,0,0.0000
8726,2380.65,10169.71,NaN,NaN,NaN
8727,2141.93,10733.60,0,0,0.0000
8728,3102.33,10309.21,0,0,0.0000
8729,2916.48,10777.04,3,2,0.0000
8730,2895.66,10164.82,0,0,0.0000
8731,2803.58,10287.05,2,3,0.0000
8732,2745.55,10183.34,NaN,NaN,NaN
8733,2443.37,10387.29,5,6,0.0000
8734,2671.45,10484.86,NaN,NaN,NaN
8735,2513.99,10410.15,NaN,NaN,NaN
8736,2628.97,10335.55,NaN,NaN,NaN
8737,2685.70,10235.40,2,4,2.0000
8738,2812.73,10396.54,0,0,0.0000
8739,2982.93,10345.70,NaN,NaN,NaN
8740,3037.43,10260.43,2,2,0.0000
8741,2697.44,10128.75,2,3,0.0000
8742,2569.65,10378.23,NaN,NaN,NaN
8743,3078.70,10872.27,NaN,NaN,NaN
8744,2768.60,10339.34,0,0,0.0000
8745,2754.34,10612.83,0,0,0.0000
8746,3128.29,10130.78,NaN,NaN,NaN
8747,3137.21,10849.15,0,0,0.0000
8748,2465.87,10187.18,2,3,0.0000
8749,2698.13,10307.05,0,0,0.0000
8750,3034.78,10141.02,NaN,NaN,NaN
8751,2885.37,10433.09,NaN,NaN,NaN
8752,2987.81,10177.68,NaN,NaN,NaN
8753,2472.06,10271.85,NaN,NaN,NaN
8754,2744.64,10461.94,0,0,0.0000
8755,2934.79,10376.53,0,0,0.0000
8756,2517.70,10235.72,3,3,0.0000
8757,2592.51,10279.72,NaN,NaN,NaN
8758,2657.56,10408.13,0,0,0.0000
8759,3113.00,10230.75,NaN,NaN,NaN
8760,2943.66,10277.05,0,0,0.0000
8761,2921.84,10842.51,NaN,NaN,NaN
8762,2577.07,10463.60,2,3,0.0000
8763,3014.13,10395.46,0,0,0.0000
8764,3071.54,10364.86,NaN,NaN,NaN
8765,2993.17,10849.58,0,0,0.0000
8766,2625.49,10181.20,0,0,0.0000
8767,2631.10,10527.64,2,2,0.0000
8768,2785.98,10232.83,NaN,NaN,NaN
8769,2815.05,10147.54,0,0,0.0000
8770,2539.82,10190.95,NaN,NaN,NaN
8771,2722.43,10403.47,0,0,0.0000
8772,2711.61,10582.01,NaN,NaN,NaN
8773,3175.86,10399.53,0,0,0.0000
8774,3164.45,10251.97,0,0,0.0000
8775,3105.13,10181.21,0,0,0.0000
8776,2706.38,10368.57,0,0,0.0000
8777,3008.53,10215.97,NaN,NaN,NaN
8778,2487.76,10334.23,0,0,0.0000
8779,2832.81,10442.07,0,0,0.0000
8780,2544.77,10271.92,NaN,NaN,NaN
8781,3065.40,10200.59,NaN,NaN,NaN
8782,2499.41,10455.84,NaN,NaN,NaN
8783,2528.79,10311.61,0,0,0.0000
8784,2578.07,10222.70,0,0,0.0000
8785,3176.49,10211.11,0,0,0.0000
8786,2610.78,10225.82,0,0,0.0000
8787,3674.78,10353.62,3,5,0.0000
8788,3797.78,10737.10,NaN,NaN,NaN
8789,3687.67,10678.20,NaN,NaN,NaN
8790,3371.95,10418.04,3,5,0.0000
8791,3519.65,10391.25,2,0,0.0000
8792,3596.54,10841.86,NaN,NaN,NaN
8793,3512.08,10249.23,NaN,NaN,NaN
8794,3223.73,10310.75,3,5,0.0000
8795,3712.93,10784.65,2,5,2.5000
8796,3752.49,10550.27,NaN,NaN,NaN
8797,3648.88,10424.54,NaN,NaN,NaN
8798,3644.74,10591.19,NaN,NaN,NaN
8799,3803.29,10387.89,3,5,0.0000
8800,3665.24,10830.78,NaN,NaN,NaN
8801,3436.79,10270.80,NaN,NaN,NaN
8802,3286.44,10380.20,NaN,NaN,NaN
8803,3823.39,10473.62,NaN,NaN,NaN
8804,3424.54,10351.21,4,4,0.0000
8805,3310.52,10279.07,2,3,0.0000
8806,3234.15,10401.31,0,0,0.0000
8807,3239.63,10460.36,NaN,NaN,NaN
8808,3794.34,10869.67,2,4,2.0000
8809,3725.27,10470.27,5,6,0.0000
8810,3588.46,10452.11,NaN,NaN,NaN
8811,3565.65,10326.95,4,7,0.0000
8812,3644.29,10522.80,4,6,0.0000
8813,3333.50,10344.49,0,0,0.0000
8814,3611.60,10258.99,0,0,0.0000
8815,3467.03,10877.40,NaN,NaN,NaN
8816,3561.61,10511.04,NaN,NaN,NaN
8817,3355.49,10113.56,NaN,NaN,NaN
8818,3528.76,10562.28,0,0,0.0000
8819,3811.19,10819.49,NaN,NaN,NaN
8820,3389.04,10206.39,NaN,NaN,NaN
8821,3216.48,10248.72,0,0,0.0000
8822,3786.43,10442.21,NaN,NaN,NaN
8823,3721.83,10866.85,0,0,0.0000
8824,3581.49,10582.26,3,6,2.0000
8825,3854.58,10794.80,0,0,0.0000
8826,3772.67,10644.53,2,2,0.0000
8827,4242.21,10414.85,NaN,NaN,NaN
8828,4478.23,10422.40,0,0,0.0000
8829,4365.29,10317.53,NaN,NaN,NaN
8830,4422.62,10631.58,NaN,NaN,NaN
8831,4463.58,10147.98,0,0,0.0000
8832,4585.56,10177.09,NaN,NaN,NaN
8833,4480.25,10558.29,NaN,NaN,NaN
8834,4729.16,10702.75,NaN,NaN,NaN
8835,4384.79,10520.19,3,7,2.3333
8836,4120.51,10541.94,NaN,NaN,NaN
8837,4610.85,10717.95,2,5,2.5000
8838,4495.92,10275.72,NaN,NaN,NaN
8839,4261.60,10272.16,0,0,0.0000
8840,4518.19,10719.66,NaN,NaN,NaN
8841,4596.83,10856.86,NaN,NaN,NaN
8842,4681.75,10879.84,NaN,NaN,NaN
8843,4663.23,10451.01,NaN,NaN,NaN
8844,4580.52,10646.39,2,3,0.0000
8845,4434.10,10842.94,NaN,NaN,NaN
8846,4116.99,10373.00,2,2,0.0000
8847,4596.31,10354.50,NaN,NaN,NaN
8848,4195.48,10550.66,NaN,NaN,NaN
8849,4382.67,10216.17,2,6,3.0000
8850,4564.71,10433.93,2,2,0.0000
8851,4623.77,10251.92,4,7,0.0000
8852,4321.46,10463.08,NaN,NaN,NaN
8853,4692.27,10615.05,NaN,NaN,NaN
8854,4019.89,10487.27,NaN,NaN,NaN
8855,4580.57,10491.43,NaN,NaN,NaN
8856,4645.92,10181.72,NaN,NaN,NaN
8857,4195.46,10339.42,2,4,2.0000
8858,4342.49,10162.18,NaN,NaN,NaN
8859,4262.95,10555.89,NaN,NaN,NaN
8860,4670.70,10795.61,NaN,NaN,NaN
8861,4631.48,10608.47,2,4,2.0000
8862,4575.66,10769.04,NaN,NaN,NaN
8863,4701.34,10212.33,2,6,3.0000
8864,4364.71,10404.31,2,3,0.0000
8865,4203.28,10276.68,0,0,0.0000
8866,4444.95,10763.12,2,3,0.0000
8867,4577.35,10573.02,0,0,0.0000
8868,4665.17,10288.05,NaN,NaN,NaN
8869,4320.68,10570.52,2,3,0.0000
8870,4265.75,10612.12,NaN,NaN,NaN
8871,4438.91,10247.71,NaN,NaN,NaN
8872,4532.65,10328.17,0,0,0.0000
8873,4033.82,10382.95,NaN,NaN,NaN
8874,4419.28,10728.41,NaN,NaN,NaN
8875,4482.38,10793.89,NaN,NaN,NaN
8876,4729.74,10834.21,0,0,0.0000
8877,4688.07,10517.46,NaN,NaN,NaN
8878,4532.92,10820.51,0,0,0.0000
8879,4103.02,10635.94,3,3,0.0000
8880,4338.44,10873.77,NaN,NaN,NaN
8881,4553.19,10128.11,NaN,NaN,NaN
8882,4605.70,10518.01,0,0,0.0000
8883,4512.96,10204.08,NaN,NaN,NaN
8884,4602.16,10301.74,3,2,0.0000
8885,4713.40,10753.97,NaN,NaN,NaN
8886,4625.23,10788.60,NaN,NaN,NaN
8887,4721.85,10500.36,NaN,NaN,NaN
8888,4664.11,10557.41,0,0,0.0000
8889,4373.85,10821.90,NaN,NaN,NaN
8890,5345.55,10386.50,0,0,0.0000
8891,5407.52,10176.71,NaN,NaN,NaN
8892,5260.97,10206.55,NaN,NaN,NaN
8893,5474.63,10265.00,0,0,0.0000
8894,4745.47,10564.97,4,6,0.0000
8895,5433.87,10470.30,3,7,2.3333
8896,4785.82,10630.20,3,7,2.3333
8897,5483.19,10694.34,3,4,0.0000
8898,5492.35,10595.67,0,0,0.0000
8899,5427.64,10630.77,2,3,0.0000
8900,4736.85,10789.22,NaN,NaN,NaN
8901,5488.94,10374.55,NaN,NaN,NaN
8902,5322.71,10168.46,0,0,0.0000
8903,5398.04,10267.56,NaN,NaN,NaN
8904,4795.37,10685.43,2,2,0.0000
8905,5326.52,10516.14,0,0,0.0000
8906,4738.48,10440.10,NaN,NaN,NaN
8907,4779.50,10841.03,NaN,NaN,NaN
8908,5406.21,10571.01,NaN,NaN,NaN
8909,5443.84,10755.14,NaN,NaN,NaN
8910,5404.81,10319.47,0,0,0.0000
8911,5437.99,10715.85,NaN,NaN,NaN
8912,4763.45,10401.66,NaN,NaN,NaN
8913,5455.00,10361.09,2,6,3.0000
8914,5773.91,10703.20,NaN,NaN,NaN
8915,5851.93,10370.48,2,3,0.0000
8916,5556.88,10583.31,NaN,NaN,NaN
8917,5722.25,10290.08,2,6,3.0000
8918,5669.30,10191.72,NaN,NaN,NaN
8919,5583.26,10465.55,NaN,NaN,NaN
8920,5933.02,10508.77,NaN,NaN,NaN
8921,5746.60,10201.40,0,0,0.0000
8922,5662.04,10532.76,NaN,NaN,NaN
8923,5980.58,10699.63,NaN,NaN,NaN
8924,5642.99,10853.59,3,4,0.0000
8925,6066.61,10867.67,0,0,0.0000
8926,6055.15,10699.78,NaN,NaN,NaN
8927,6115.17,10775.30,NaN,NaN,NaN
8928,5907.65,10605.47,NaN,NaN,NaN
8929,5662.12,10391.60,0,0,0.0000
8930,5810.80,10476.11,2,2,0.0000
8931,5695.77,10767.82,3,6,2.0000
8932,6061.67,10459.48,0,0,0.0000
8933,5547.10,10741.97,0,0,0.0000
8934,6004.73,10576.67,NaN,NaN,NaN
8935,6048.21,10535.64,NaN,NaN,NaN
8936,5748.53,10378.05,0,0,0.0000
8937,5551.32,10204.48,3,4,0.0000
8938,5506.57,10485.15,NaN,NaN,NaN
8939,5631.57,10750.87,0,0,0.0000
8940,5716.86,10451.32,2,5,2.5000
8941,5653.85,10650.32,NaN,NaN,NaN
8942,5775.22,10580.28,NaN,NaN,NaN
8943,5957.82,10417.72,NaN,NaN,NaN
8944,5886.37,10721.31,0,0,0.0000
8945,5881.19,10819.20,NaN,NaN,NaN
8946,5551.81,10849.71,NaN,NaN,NaN
8947,5955.60,10804.29,0,0,0.0000
8948,5590.19,10795.02,0,0,0.0000
8949,5540.76,10407.09,NaN,NaN,NaN
8950,5762.35,10501.28,2,6,3.0000
8951,6073.63,10622.42,4,6,0.0000
8952,5588.60,10683.61,2,3,0.0000
8953,5624.48,10154.34,0,0,0.0000
8954,5988.71,10635.43,NaN,NaN,NaN
8955,5528.13,10667.99,0,0,0.0000
8956,5902.93,10767.32,0,0,0.0000
8957,5838.79,10203.11,NaN,NaN,NaN
8958,5854.56,10590.10,NaN,NaN,NaN
8959,6096.84,10542.28,NaN,NaN,NaN
8960,5875.79,10473.18,NaN,NaN,NaN
8961,5705.34,10610.14,0,0,0.0000
8962,5863.91,10646.46,0,0,0.0000
8963,5532.09,10360.35,0,0,0.0000
8964,7034.18,10712.26,NaN,NaN,NaN
8965,6990.92,10559.74,NaN,NaN,NaN
8966,7040.96,10629.17,NaN,NaN,NaN
8967,7065.92,10831.43,0,0,0.0000
8968,7040.57,10492.38,2,4,2.0000
8969,7515.76,10787.87,NaN,NaN,NaN
8970,7490.47,10858.03,0,0,0.0000
8971,7062.43,10549.79,2,3,0.0000
8972,7489.61,10813.25,NaN,NaN,NaN
8973,7424.52,10740.98,0,0,0.0000
8974,7398.90,10815.48,NaN,NaN,NaN
8975,7497.45,10617.18,0,0,0.0000
8976,7552.07,10544.25,2,2,0.0000
8977,7419.12,10683.66,NaN,NaN,NaN
8978,7452.66,10692.45,NaN,NaN,NaN
8979,7487.59,10657.02,0,0,0.0000
8980,7453.07,10640.14,0,0,0.0000
8981,7508.93,10502.02,NaN,NaN,NaN
8982,8356.76,10151.28,0,0,0.0000
8983,8342.82,10236.71,NaN,NaN,NaN
8984,8417.07,10443.52,NaN,NaN,NaN
8985,8272.30,10203.52,3,7,2.3333
8986,8364.51,10340.58,0,0,0.0000
8987,9024.72,10516.46,NaN,NaN,NaN
8988,8886.35,10440.45,0,0,0.0000
8989,8972.41,10331.92,NaN,NaN,NaN
8990,9130.07,10192.75,0,0,0.0000
8991,9261.86,10787.09,NaN,NaN,NaN
8992,8912.64,10526.56,2,3,0.0000
8993,8819.18,10342.60,NaN,NaN,NaN
8994,9160.74,10304.10,0,0,0.0000
8995,9075.28,10361.49,0,0,0.0000
8996,8694.48,10799.88,0,0,0.0000
8997,9251.47,10260.41,0,0,0.0000
8998,9022.13,10727.12,0,0,0.0000
8999,9081.59,10279.07,NaN,NaN,NaN
9000,9154.22,10404.89,NaN,NaN,NaN
9001,9022.57,10837.81,NaN,NaN,NaN
9002,9232.03,10879.80,NaN,NaN,NaN
9003,9341.77,10617.07,NaN,NaN,NaN
9004,8855.29,10658.49,NaN,NaN,NaN
9005,8854.76,10269.72,2,6,3.0000
9006,8993.21,10232.81,NaN,NaN,NaN
9007,8828.88,10536.84,2,6,3.0000
9008,8945.79,10873.09,NaN,NaN,NaN
9009,8889.68,10603.58,NaN,NaN,NaN
9010,8829.36,10484.86,NaN,NaN,NaN
9011,9217.12,10730.19,NaN,NaN,NaN
9012,9197.47,10491.73,NaN,NaN,NaN
9013,8804.71,10864.15,0,0,0.0000
9014,8805.51,10612.05,3,6,2.0000
9015,9286.14,10664.72,NaN,NaN,NaN
9016,9079.24,10830.45,NaN,NaN,NaN
9017,8874.11,10742.70,NaN,NaN,NaN
9018,8760.65,10276.81,0,0,0.0000
9019,9001.09,10292.85,0,0,0.0000
9020,9215.45,10665.61,0,0,0.0000
9021,9140.01,10527.13,NaN,NaN,NaN
9022,8959.67,10774.25,0,0,0.0000
9023,9251.94,10443.65,0,0,0.0000
9024,9044.34,10415.95,2,5,2.5000
9025,9334.68,10392.34,NaN,NaN,NaN
9026,9144.55,10794.59,0,0,0.0000
9027,8783.69,10561.13,NaN,NaN,NaN
9028,9316.13,10716.63,NaN,NaN,NaN
9029,9331.74,10820.25,0,0,0.0000
9030,9103.26,10846.18,NaN,NaN,NaN
9031,9220.81,10225.12,0,0,0.0000
9032,9280.99,10399.89,0,0,0.0000
9033,9203.70,10699.05,0,0,0.0000
9034,9104.52,10475.15,0,0,0.0000
9035,9041.95,10582.02,NaN,NaN,NaN
9036,9312.21,10189.48,0,0,0.0000
9037,9103.94,10430.36,NaN,NaN,NaN
9038,9165.25,10843.26,NaN,NaN,NaN
9039,9291.52,10631.40,0,0,0.0000
9040,8923.44,10360.65,0,0,0.0000
9041,9251.31,10831.44,0,0,0.0000
9042,9267.89,10746.01,NaN,NaN,NaN
9043,9284.03,10700.81,NaN,NaN,NaN
9044,8965.52,10824.27,0,0,0.0000
9045,9627.19,10699.95,2,7,3.5000
9046,9576.63,10846.90,0,0,0.0000
9047,9451.50,10773.60,NaN,NaN,NaN
9048,9648.80,10547.45,NaN,NaN,NaN
9049,9409.87,10682.29,NaN,NaN,NaN
9050,9680.72,10467.17,3,6,2.0000
9051,9422.64,10847.93,0,0,0.0000
9052,9631.78,10624.74,0,0,0.0000
9053,9345.07,10117.54,0,0,0.0000
9054,9361.61,10869.51,0,0,0.0000
9055,9540.74,10741.57,0,0,0.0000
9056,9460.01,10644.21,NaN,NaN,NaN
9057,9842.77,10581.52,0,0,0.0000
9058,9610.64,10459.65,2,5,2.5000
9059,9347.46,10748.46,0,0,0.0000
9060,9366.68,10262.91,0,0,0.0000
9061,9464.51,10360.38,0,0,0.0000
9062,9413.00,10363.33,NaN,NaN,NaN
9063,9719.02,10525.88,0,0,0.0000
9064,9400.89,10604.85,NaN,NaN,NaN
9065,9914.47,10175.24,NaN,NaN,NaN
9066,9496.74,10556.91,0,0,0.0000
9067,9750.10,10683.89,NaN,NaN,NaN
9068,9355.59,10685.03,NaN,NaN,NaN
9069,10016.84,10155.46,NaN,NaN,NaN
9070,9519.60,10775.10,0,0,0.0000
9071,10818.85,10419.72,3,7,2.3333
9072,10705.68,10115.66,0,0,0.0000
9073,10784.65,10134.31,0,0,0.0000
9074,10703.25,10415.80,3,4,0.0000
9075,10752.75,10215.16,0,0,0.0000
9076,10870.09,10482.41,0,0,0.0000
9077,10681.39,10198.74,0,0,0.0000
9078,10488.43,10141.19,0,0,0.0000
9079,10755.06,10378.06,0,0,0.0000
9080,10623.61,10184.82,3,5,0.0000
9081,10825.95,10299.70,2,8,4.0000
9082,10553.23,10129.22,NaN,NaN,NaN
9083,10840.46,10774.90,NaN,NaN,NaN
9084,10801.25,10783.14,NaN,NaN,NaN
9085,10683.08,10265.51,NaN,NaN,NaN
9086,11110.12,10218.03,2,6,3.0000
9087,11149.73,10532.25,NaN,NaN,NaN
9088,11068.95,10390.94,NaN,NaN,NaN
9089,11008.78,10429.74,2,4,2.0000
9090,11066.12,10625.73,3,2,0.0000
9091,11002.05,10283.83,NaN,NaN,NaN
9092,11002.40,10188.16,NaN,NaN,NaN
9093,10966.15,10618.76,3,4,0.0000
9094,11161.05,10353.30,NaN,NaN,NaN
9095,10924.81,10307.40,0,0,0.0000
9096,11145.17,10426.40,NaN,NaN,NaN
9097,11231.56,10498.51,0,0,0.0000
9098,11231.34,10351.79,NaN,NaN,NaN
9099,10977.69,10707.78,NaN,NaN,NaN
9100,11196.44,10114.68,0,0,0.0000
9101,10921.67,10116.84,NaN,NaN,NaN
9102,11269.00,10202.46,NaN,NaN,NaN
9103,10891.53,10641.84,NaN,NaN,NaN
9104,10935.27,10485.41,7,14,2.0000
9105,11278.32,10564.26,NaN,NaN,NaN
9106,10899.37,10794.27,NaN,NaN,NaN
9107,10980.78,10131.88,2,2,0.0000
9108,10903.40,10690.67,NaN,NaN,NaN
9109,11250.45,10270.60,NaN,NaN,NaN
9110,11028.55,10526.94,3,6,2.0000
9111,10964.29,10525.32,NaN,NaN,NaN
9112,11125.06,10604.09,0,0,0.0000
9113,11238.37,10426.26,NaN,NaN,NaN
9114,10899.64,10848.50,NaN,NaN,NaN
9115,10940.87,10857.26,0,0,0.0000
9116,12406.75,10828.37,NaN,NaN,NaN
9117,12308.96,10639.13,NaN,NaN,NaN
9118,12377.17,10579.75,NaN,NaN,NaN
9119,12377.08,10498.91,3,3,0.0000
9120,12407.07,10704.13,NaN,NaN,NaN
9121,12369.04,10673.48,NaN,NaN,NaN
9122,12273.55,10762.74,NaN,NaN,NaN
9123,12299.14,10719.23,2,7,3.5000
9124,12275.68,10800.52,0,0,0.0000
9125,12470.28,10421.38,NaN,NaN,NaN
9126,12531.97,10336.30,2,3,0.0000
9127,12591.43,10497.45,NaN,NaN,NaN
9128,12642.21,10592.68,2,5,2.5000
9129,12631.70,10316.46,4,7,0.0000
9130,12478.75,10581.68,NaN,NaN,NaN
9131,12445.26,10500.59,NaN,NaN,NaN
9132,12529.30,10551.15,NaN,NaN,NaN
9133,12663.89,10503.70,0,0,0.0000
9134,12553.01,10707.43,0,0,0.0000
9135,12549.82,10613.64,3,8,2.6667
9136,12638.67,10272.11,0,0,0.0000
9137,12581.19,10651.35,NaN,NaN,NaN
9138,12887.08,10750.69,NaN,NaN,NaN
9139,12861.09,10831.92,0,0,0.0000
9140,12461.43,10724.97,NaN,NaN,NaN
9141,12621.98,10411.26,NaN,NaN,NaN
9142,12632.28,10372.07,NaN,NaN,NaN
9143,12467.58,10627.54,NaN,NaN,NaN
9144,12515.94,10663.36,NaN,NaN,NaN
9145,12612.15,10705.16,0,0,0.0000
9146,12912.73,10693.63,NaN,NaN,NaN
9147,15183.73,10644.39,3,3,0.0000
9148,15067.41,10592.69,0,0,0.0000
9149,15037.04,10685.85,2,4,2.0000
9150,15123.76,10843.92,NaN,NaN,NaN
9151,15341.46,10593.61,0,0,0.0000
9152,14879.93,10694.44,3,7,2.3333
9153,15443.02,10851.12,NaN,NaN,NaN
9154,14805.00,10767.72,2,3,0.0000
9155,15329.53,10829.48,2,4,2.0000
9156,14927.11,10827.66,NaN,NaN,NaN
9157,14969.21,10261.48,0,0,0.0000
9158,14973.04,10383.25,0,0,0.0000
9159,15032.23,10377.29,2,2,0.0000
9160,15293.39,10768.94,NaN,NaN,NaN
9161,15118.99,10290.95,NaN,NaN,NaN
9162,15198.50,10500.45,3,2,0.0000
9163,15065.42,10511.25,2,5,2.5000
9164,15093.60,10775.99,NaN,NaN,NaN
9165,15155.55,10748.10,NaN,NaN,NaN
9166,15232.85,10864.79,2,4,2.0000
9167,14939.27,10751.35,0,0,0.0000
9168,15260.21,10691.89,NaN,NaN,NaN
9169,14916.19,10382.45,NaN,NaN,NaN
9170,15098.31,10242.02,NaN,NaN,NaN
9171,15211.61,10793.46,0,0,0.0000
9172,15237.40,10736.49,NaN,NaN,NaN
9173,15307.64,10634.60,NaN,NaN,NaN
9174,15149.26,10540.03,2,2,0.0000
9175,15108.60,10458.42,NaN,NaN,NaN
9176,14891.21,10280.52,0,0,0.0000
9177,14868.30,10612.49,NaN,NaN,NaN
9178,15123.48,10619.41,0,0,0.0000
9179,15181.26,10356.81,NaN,NaN,NaN
9180,14996.69,10513.76,NaN,NaN,NaN
9181,15154.06,10801.53,2,1,0.0000
9182,14979.91,10576.86,3,5,0.0000
9183,14925.70,10586.73,2,3,0.0000
9184,15115.62,10353.76,NaN,NaN,NaN
9185,14927.37,10228.18,3,2,0.0000
9186,15056.07,10444.95,NaN,NaN,NaN
9187,14978.77,10429.07,NaN,NaN,NaN
9188,14728.50,10850.22,NaN,NaN,NaN
9189,14765.56,10794.97,NaN,NaN,NaN
9190,15112.25,10520.03,NaN,NaN,NaN
9191,14882.56,10771.86,0,0,0.0000
9192,16275.56,10225.11,0,0,0.0000
9193,16323.34,10502.18,NaN,NaN,NaN
9194,16333.85,10572.81,NaN,NaN,NaN
9195,575.24,11597.59,2,2,0.0000
9196,766.09,11170.26,NaN,NaN,NaN
9197,419.89,10881.47,4,4,0.0000
9198,860.66,11530.27,3,4,0.0000
9199,698.51,11004.25,3,5,0.0000
9200,492.57,11161.05,NaN,NaN,NaN
9201,691.08,11543.73,0,0,0.0000
9202,718.57,10928.16,NaN,NaN,NaN
9203,822.31,11282.42,2,2,0.0000
9204,413.53,11541.46,NaN,NaN,NaN
9205,492.44,11450.19,2,3,0.0000
9206,505.15,10943.45,2,3,0.0000
9207,559.42,11452.40,NaN,NaN,NaN
9208,331.15,10978.63,NaN,NaN,NaN
9209,256.40,10926.40,0,0,0.0000
9210,751.80,11408.42,NaN,NaN,NaN
9211,842.94,11140.76,2,4,2.0000
9212,643.69,11092.81,0,0,0.0000
9213,657.76,11196.52,NaN,NaN,NaN
9214,803.62,11075.60,NaN,NaN,NaN
9215,579.32,11266.87,4,9,2.2500
9216,708.54,11635.61,2,5,2.5000
9217,462.73,11386.03,0,0,0.0000
9218,609.81,11015.95,3,5,0.0000
9219,672.76,11397.51,NaN,NaN,NaN
9220,841.04,11459.17,0,0,0.0000
9221,284.80,11502.26,NaN,NaN,NaN
9222,491.22,11071.80,0,0,0.0000
9223,810.38,11393.44,NaN,NaN,NaN
9224,588.73,11171.89,NaN,NaN,NaN
9225,705.60,11315.78,2,4,2.0000
9226,583.32,10920.39,NaN,NaN,NaN
9227,350.99,11616.67,NaN,NaN,NaN
9228,555.36,11061.86,0,0,0.0000
9229,329.61,11574.18,2,2,0.0000
9230,607.40,11509.53,NaN,NaN,NaN
9231,598.90,11387.04,NaN,NaN,NaN
9232,512.93,11231.82,NaN,NaN,NaN
9233,657.36,11279.48,NaN,NaN,NaN
9234,265.78,11586.39,0,0,0.0000
9235,514.10,11281.90,NaN,NaN,NaN
9236,462.85,11008.22,NaN,NaN,NaN
9237,403.61,10991.50,0,0,0.0000
9238,632.78,11326.84,NaN,NaN,NaN
9239,39.51,11640.41,NaN,NaN,NaN
9240,411.72,11050.16,0,0,0.0000
9241,682.37,11146.79,NaN,NaN,NaN
9242,418.64,11236.60,NaN,NaN,NaN
9243,684.70,11458.07,2,4,2.0000
9244,764.48,11239.45,0,0,0.0000
9245,378.09,11190.58,NaN,NaN,NaN
9246,395.71,11401.14,NaN,NaN,NaN
9247,386.21,11108.83,NaN,NaN,NaN
9248,508.52,11647.19,NaN,NaN,NaN
9249,726.67,11086.47,0,0,0.0000
9250,332.45,11514.21,NaN,NaN,NaN
9251,869.46,11402.42,NaN,NaN,NaN
9252,449.80,11477.33,NaN,NaN,NaN
9253,78.03,10882.17,NaN,NaN,NaN
9254,443.30,11102.61,0,0,0.0000
9255,366.25,11044.18,0,0,0.0000
9256,82.96,10936.61,NaN,NaN,NaN
9257,411.76,11464.50,3,6,2.0000
9258,411.76,11322.97,2,4,2.0000
9259,795.98,11007.11,0,0,0.0000
9260,338.75,11407.84,3,6,2.0000
9261,476.66,11577.29,NaN,NaN,NaN
9262,366.81,11475.93,NaN,NaN,NaN
9263,563.23,10986.49,0,0,0.0000
9264,751.05,11493.44,NaN,NaN,NaN
9265,564.66,11120.66,0,0,0.0000
9266,525.47,11514.62,2,2,0.0000
9267,286.09,11630.06,NaN,NaN,NaN
9268,906.37,11630.86,0,0,0.0000
9269,921.05,11439.60,NaN,NaN,NaN
9270,938.48,11480.23,NaN,NaN,NaN
9271,2267.95,10985.57,0,0,0.0000
9272,1974.57,11043.53,NaN,NaN,NaN
9273,2424.60,11612.66,2,2,0.0000
9274,2065.78,11343.97,3,6,2.0000
9275,2332.74,11532.98,NaN,NaN,NaN
9276,2402.13,10967.89,NaN,NaN,NaN
9277,2229.40,11495.78,NaN,NaN,NaN
9278,2357.47,11140.38,NaN,NaN,NaN
9279,2409.09,11076.14,3,4,0.0000
9280,2421.34,11470.87,NaN,NaN,NaN
9281,2255.69,11354.46,NaN,NaN,NaN
9282,1986.12,11221.15,0,0,0.0000
9283,2329.44,11434.84,NaN,NaN,NaN
9284,2017.73,11125.43,NaN,NaN,NaN
9285,2397.46,11281.47,NaN,NaN,NaN
9286,2176.12,11129.22,NaN,NaN,NaN
9287,2028.07,10997.46,NaN,NaN,NaN
9288,2184.43,11383.96,NaN,NaN,NaN
9289,1972.55,10934.92,NaN,NaN,NaN
9290,2246.83,11607.65,NaN,NaN,NaN
9291,2229.56,11174.23,2,4,2.0000
9292,2166.29,11030.47,NaN,NaN,NaN
9293,2043.23,11198.82,4,5,0.0000
9294,1924.82,10963.24,3,8,2.6667
9295,2296.56,11163.35,NaN,NaN,NaN
9296,2396.25,10882.14,0,0,0.0000
9297,2248.39,11424.32,2,2,0.0000
9298,2267.01,11535.43,0,0,0.0000
9299,2086.65,11035.24,NaN,NaN,NaN
9300,2140.41,11319.51,NaN,NaN,NaN
9301,2063.41,10961.26,NaN,NaN,NaN
9302,2289.71,11243.18,NaN,NaN,NaN
9303,2279.97,11301.23,0,0,0.0000
9304,2123.07,11129.26,2,1,0.0000
9305,2387.56,11374.16,2,5,2.5000
9306,1949.93,10889.44,0,0,0.0000
9307,2351.92,11328.73,NaN,NaN,NaN
9308,2124.80,11419.67,NaN,NaN,NaN
9309,2338.28,11207.40,NaN,NaN,NaN
9310,2107.08,11072.99,2,2,0.0000
9311,2343.75,11256.51,3,4,0.0000
9312,2190.43,11453.19,NaN,NaN,NaN
9313,1954.48,11151.15,NaN,NaN,NaN
9314,2201.65,11300.44,NaN,NaN,NaN
9315,2216.34,11090.33,0,0,0.0000
9316,2109.97,11236.00,2,4,2.0000
9317,2023.00,10903.99,2,3,0.0000
9318,2080.08,11139.02,NaN,NaN,NaN
9319,2158.72,11190.22,0,0,0.0000
9320,2431.25,11142.83,3,3,0.0000
9321,2149.74,11470.98,0,0,0.0000
9322,1933.71,11103.25,0,0,0.0000
9323,2139.16,10953.12,NaN,NaN,NaN
9324,2560.64,11273.71,NaN,NaN,NaN
9325,2836.12,11417.23,2,0,0.0000
9326,2609.26,11437.98,NaN,NaN,NaN
9327,2638.22,11171.57,0,0,0.0000
9328,2457.37,11363.24,NaN,NaN,NaN
9329,2518.83,11504.44,NaN,NaN,NaN
9330,2779.20,11548.50,NaN,NaN,NaN
9331,2758.44,11637.47,0,0,0.0000
9332,2737.98,11457.87,NaN,NaN,NaN
9333,2662.22,11364.78,NaN,NaN,NaN
9334,2463.68,11187.79,0,0,0.0000
9335,2930.39,11566.72,2,2,0.0000
9336,2526.40,10943.69,NaN,NaN,NaN
9337,2649.68,11524.96,NaN,NaN,NaN
9338,2717.05,11198.11,0,0,0.0000
9339,2574.20,11045.80,NaN,NaN,NaN
9340,2565.54,11608.28,NaN,NaN,NaN
9341,2880.69,11538.42,NaN,NaN,NaN
9342,2504.23,11605.20,0,0,0.0000
9343,2914.51,10884.88,NaN,NaN,NaN
9344,2502.62,11049.19,NaN,NaN,NaN
9345,3055.38,10958.61,NaN,NaN,NaN
9346,2679.73,11608.02,NaN,NaN,NaN
9347,2695.91,11310.07,3,4,0.0000
9348,2746.34,11366.47,2,2,0.0000
9349,2971.74,11593.56,0,0,0.0000
9350,2962.48,10943.60,NaN,NaN,NaN
9351,2465.57,11245.62,3,4,0.0000
9352,2529.80,11109.62,NaN,NaN,NaN
9353,2799.09,11279.87,0,0,0.0000
9354,2507.97,11426.88,0,0,0.0000
9355,2596.21,10940.00,NaN,NaN,NaN
9356,2475.39,10987.55,0,0,0.0000
9357,2617.34,11000.96,0,0,0.0000
9358,2773.25,11178.61,0,0,0.0000
9359,3091.01,10923.52,0,0,0.0000
9360,2837.70,11629.71,0,0,0.0000
9361,3625.29,11035.07,NaN,NaN,NaN
9362,3469.87,11235.78,0,0,0.0000
9363,3478.60,10983.77,NaN,NaN,NaN
9364,3504.36,11102.03,NaN,NaN,NaN
9365,3217.83,10915.61,2,4,2.0000
9366,3379.97,11295.07,0,0,0.0000
9367,3350.30,11130.05,3,5,0.0000
9368,3345.25,11217.54,NaN,NaN,NaN
9369,3546.42,10888.62,NaN,NaN,NaN
9370,3815.28,10960.24,0,0,0.0000
9371,3849.01,10895.16,NaN,NaN,NaN
9372,3691.40,11096.11,NaN,NaN,NaN
9373,3557.73,11230.52,NaN,NaN,NaN
9374,3358.34,11055.42,NaN,NaN,NaN
9375,3596.91,11183.64,2,0,0.0000
9376,3685.12,10947.75,NaN,NaN,NaN
9377,3413.74,11079.14,0,0,0.0000
9378,3623.83,11231.62,NaN,NaN,NaN
9379,3369.05,10904.62,NaN,NaN,NaN
9380,3738.73,10911.82,NaN,NaN,NaN
9381,3575.62,10967.79,NaN,NaN,NaN
9382,3276.64,11105.13,NaN,NaN,NaN
9383,3206.33,11071.71,NaN,NaN,NaN
9384,3581.38,11133.81,2,4,2.0000
9385,3457.73,11347.99,NaN,NaN,NaN
9386,3645.67,11271.25,0,0,0.0000
9387,3281.28,11048.28,NaN,NaN,NaN
9388,3358.04,10988.99,3,3,0.0000
9389,3686.60,11383.78,NaN,NaN,NaN
9390,4420.73,11624.07,3,2,0.0000
9391,4547.83,11076.89,NaN,NaN,NaN
9392,4604.18,10929.56,2,4,2.0000
9393,4592.30,11013.66,0,0,0.0000
9394,4682.49,10880.15,NaN,NaN,NaN
9395,4506.52,10891.10,2,2,0.0000
9396,4212.08,11639.74,NaN,NaN,NaN
9397,4469.11,11101.76,0,0,0.0000
9398,4669.64,10965.52,NaN,NaN,NaN
9399,4507.79,10994.31,2,4,2.0000
9400,4382.53,10957.33,NaN,NaN,NaN
9401,4522.85,11587.87,NaN,NaN,NaN
9402,4281.45,11559.27,2,3,0.0000
9403,4648.24,11052.47,2,7,3.5000
9404,4460.38,11041.29,NaN,NaN,NaN
9405,4415.63,11134.43,3,2,0.0000
9406,4362.72,11096.98,0,0,0.0000
9407,4361.33,11568.44,NaN,NaN,NaN
9408,4358.84,11133.11,3,0,0.0000
9409,4443.89,10940.57,NaN,NaN,NaN
9410,4631.61,11595.43,NaN,NaN,NaN
9411,4695.08,11025.17,NaN,NaN,NaN
9412,4115.60,11637.11,0,0,0.0000
9413,4326.65,10941.81,0,0,0.0000
9414,4130.03,11531.52,0,0,0.0000
9415,4399.83,11519.38,0,0,0.0000
9416,4443.00,10994.10,NaN,NaN,NaN
9417,4753.32,10906.24,2,3,0.0000
9418,4742.12,11001.98,0,0,0.0000
9419,6000.41,10901.09,0,0,0.0000
9420,5826.33,10955.74,NaN,NaN,NaN
9421,6091.59,11027.77,NaN,NaN,NaN
9422,5617.93,10917.85,0,0,0.0000
9423,5991.75,11137.10,NaN,NaN,NaN
9424,6224.24,11167.20,NaN,NaN,NaN
9425,5904.82,11043.74,3,2,0.0000
9426,6147.47,10973.41,3,6,2.0000
9427,6002.45,11190.95,0,0,0.0000
9428,6225.11,11087.09,5,5,0.0000
9429,5965.84,11080.74,3,4,0.0000
9430,6214.42,11282.82,NaN,NaN,NaN
9431,5848.36,11031.02,2,2,0.0000
9432,6137.68,11039.83,0,0,0.0000
9433,6123.90,11131.55,NaN,NaN,NaN
9434,5895.30,10993.65,3,4,0.0000
9435,5690.74,10945.18,2,3,0.0000
9436,6172.97,11263.62,0,0,0.0000
9437,6267.37,11222.73,0,0,0.0000
9438,6074.38,10954.66,NaN,NaN,NaN
9439,7014.12,11643.09,0,0,0.0000
9440,7008.84,11517.19,2,3,0.0000
9441,6978.27,11396.33,NaN,NaN,NaN
9442,6934.90,11502.74,0,0,0.0000
9443,7024.05,11293.89,0,0,0.0000
9444,6995.94,11333.94,NaN,NaN,NaN
9445,6295.06,11068.42,0,0,0.0000
9446,7030.91,11109.70,0,0,0.0000
9447,7067.37,10907.42,NaN,NaN,NaN
9448,7078.39,11073.47,NaN,NaN,NaN
9449,7043.54,11023.41,0,0,0.0000
9450,7586.53,11264.29,NaN,NaN,NaN
9451,7567.47,11209.02,NaN,NaN,NaN
9452,7802.33,11272.89,NaN,NaN,NaN
9453,7048.57,10963.71,0,0,0.0000
9454,7569.40,11037.34,NaN,NaN,NaN
9455,7531.81,11248.34,0,0,0.0000
9456,7663.53,11085.68,0,0,0.0000
9457,7557.82,10894.23,0,0,0.0000
9458,7794.41,11060.92,NaN,NaN,NaN
9459,7772.39,10997.39,0,0,0.0000
9460,7515.53,11333.01,NaN,NaN,NaN
9461,7933.67,11188.38,2,3,0.0000
9462,7966.34,11336.78,2,2,0.0000
9463,7882.26,11317.21,NaN,NaN,NaN
9464,7924.29,11082.86,NaN,NaN,NaN
9465,7952.77,11561.04,0,0,0.0000
9466,7809.73,11423.01,3,15,5.0000
9467,8063.21,11155.41,0,0,0.0000
9468,7836.30,11105.00,0,0,0.0000
9469,7824.51,11207.48,NaN,NaN,NaN
9470,7884.14,11497.12,NaN,NaN,NaN
9471,7859.38,11171.26,NaN,NaN,NaN
9472,8012.87,11524.02,NaN,NaN,NaN
9473,8006.94,11151.44,0,0,0.0000
9474,8001.67,11231.02,2,4,2.0000
9475,7898.52,11409.44,2,4,2.0000
9476,7972.08,11418.81,NaN,NaN,NaN
9477,8028.98,11394.11,NaN,NaN,NaN
9478,7910.23,11577.79,NaN,NaN,NaN
9479,7847.12,11509.02,NaN,NaN,NaN
9480,7812.53,11309.58,0,0,0.0000
9481,7964.00,11461.36,NaN,NaN,NaN
9482,8008.81,11594.99,NaN,NaN,NaN
9483,8034.21,11290.69,NaN,NaN,NaN
9484,7941.01,11012.61,0,0,0.0000
9485,8956.30,11110.37,NaN,NaN,NaN
9486,9032.18,11049.61,NaN,NaN,NaN
9487,9161.81,11481.14,NaN,NaN,NaN
9488,9112.57,11409.62,NaN,NaN,NaN
9489,9058.83,10924.12,NaN,NaN,NaN
9490,9257.31,11239.57,0,0,0.0000
9491,9292.69,11441.64,NaN,NaN,NaN
9492,9149.71,11050.40,0,0,0.0000
9493,9145.94,11296.58,0,0,0.0000
9494,9143.94,10898.57,0,0,0.0000
9495,8893.90,11042.04,NaN,NaN,NaN
9496,8941.54,11353.30,NaN,NaN,NaN
9497,8771.41,11099.40,2,3,0.0000
9498,9269.31,11337.38,3,7,2.3333
9499,9294.13,11077.67,NaN,NaN,NaN
9500,9233.95,10986.94,NaN,NaN,NaN
9501,9030.24,11219.45,2,3,0.0000
9502,9331.43,11553.69,NaN,NaN,NaN
9503,9047.27,11140.53,NaN,NaN,NaN
9504,8951.94,10993.57,0,0,0.0000
9505,9301.53,11006.14,NaN,NaN,NaN
9506,9004.21,11469.62,2,3,0.0000
9507,9262.26,11485.80,NaN,NaN,NaN
9508,8959.08,11229.93,0,0,0.0000
9509,8701.98,11059.43,NaN,NaN,NaN
9510,9133.73,11546.97,NaN,NaN,NaN
9511,9283.47,11160.02,0,0,0.0000
9512,9343.31,11376.32,NaN,NaN,NaN
9513,8902.18,10948.32,NaN,NaN,NaN
9514,8816.20,11271.21,5,4,0.0000
9515,8983.80,11272.72,NaN,NaN,NaN
9516,9277.84,11571.52,NaN,NaN,NaN
9517,8878.61,10888.23,2,4,2.0000
9518,8846.97,10953.98,NaN,NaN,NaN
9519,8925.58,11430.56,NaN,NaN,NaN
9520,9216.56,11172.07,0,0,0.0000
9521,9182.78,11127.35,0,0,0.0000
9522,9092.81,11003.15,0,0,0.0000
9523,9086.85,11304.23,NaN,NaN,NaN
9524,9014.53,11393.76,NaN,NaN,NaN
9525,9031.58,11527.07,NaN,NaN,NaN
9526,9188.98,11616.86,0,0,0.0000
9527,9205.13,11395.09,NaN,NaN,NaN
9528,8904.06,11161.02,NaN,NaN,NaN
9529,9102.89,11590.00,2,4,2.0000
9530,8808.42,10997.16,NaN,NaN,NaN
9531,9065.43,11365.04,3,2,0.0000
9532,9171.71,11212.73,0,0,0.0000
9533,9128.90,10967.10,0,0,0.0000
9534,8836.75,11073.66,0,0,0.0000
9535,8712.07,11004.85,NaN,NaN,NaN
9536,9226.35,11645.47,0,0,0.0000
9537,8991.74,10946.41,NaN,NaN,NaN
9538,9207.36,11551.19,NaN,NaN,NaN
9539,9277.94,10945.49,NaN,NaN,NaN
9540,9014.28,11329.96,NaN,NaN,NaN
9541,9007.92,11429.47,NaN,NaN,NaN
9542,9224.15,11046.80,NaN,NaN,NaN
9543,9036.38,11360.15,NaN,NaN,NaN
9544,8952.54,10924.66,NaN,NaN,NaN
9545,9083.47,11189.34,NaN,NaN,NaN
9546,9251.52,11527.95,0,0,0.0000
9547,8881.11,11383.60,NaN,NaN,NaN
9548,9222.15,11091.03,NaN,NaN,NaN
9549,9178.75,10959.33,NaN,NaN,NaN
9550,9216.63,10932.07,NaN,NaN,NaN
9551,9138.38,11135.82,0,0,0.0000
9552,8827.29,11314.04,NaN,NaN,NaN
9553,9096.12,11552.47,NaN,NaN,NaN
9554,9333.97,11121.31,2,2,0.0000
9555,8957.96,11192.50,NaN,NaN,NaN
9556,8864.85,10992.37,NaN,NaN,NaN
9557,9716.26,10893.91,NaN,NaN,NaN
9558,9555.48,11453.05,2,3,0.0000
9559,9420.00,11594.74,2,2,0.0000
9560,9621.28,11615.46,4,2,0.0000
9561,9499.04,11294.54,NaN,NaN,NaN
9562,9520.74,10988.58,0,0,0.0000
9563,9454.18,11127.98,NaN,NaN,NaN
9564,9538.37,11075.53,2,8,4.0000
9565,9364.67,10942.28,NaN,NaN,NaN
9566,9370.48,11290.43,0,0,0.0000
9567,9604.34,10965.91,0,0,0.0000
9568,9430.35,10972.63,NaN,NaN,NaN
9569,9365.33,11192.55,NaN,NaN,NaN
9570,9513.49,10895.03,0,0,0.0000
9571,9382.16,11468.32,0,0,0.0000
9572,9613.96,11157.98,0,0,0.0000
9573,9815.71,10892.71,0,0,0.0000
9574,10110.41,11576.22,NaN,NaN,NaN
9575,9447.82,11329.14,2,6,3.0000
9576,9390.21,11084.76,0,0,0.0000
9577,9463.74,11645.25,NaN,NaN,NaN
9578,9765.93,11408.66,0,0,0.0000
9579,9599.94,11511.03,NaN,NaN,NaN
9580,9562.25,11208.71,NaN,NaN,NaN
9581,9678.95,11255.52,3,13,4.3333
9582,9967.55,11624.83,NaN,NaN,NaN
9583,9540.03,11578.59,NaN,NaN,NaN
9584,9654.78,11523.96,0,0,0.0000
9585,9393.14,11532.09,4,5,0.0000
9586,9852.53,11024.89,NaN,NaN,NaN
9587,9685.77,10991.23,0,0,0.0000
9588,9474.89,11383.85,2,2,0.0000
9589,9646.78,11069.40,2,8,4.0000
9590,9677.59,11171.76,0,0,0.0000
9591,9768.24,11001.69,0,0,0.0000
9592,10019.69,11576.58,2,2,0.0000
9593,9903.84,11026.29,NaN,NaN,NaN
9594,9514.81,11393.61,NaN,NaN,NaN
9595,9713.19,11032.01,0,0,0.0000
9596,9476.58,11434.40,2,1,0.0000
9597,9613.06,11109.45,NaN,NaN,NaN
9598,9347.44,11509.64,2,3,0.0000
9599,10017.20,11610.95,2,2,0.0000
9600,9625.89,11463.14,2,6,3.0000
9601,10068.87,11525.69,NaN,NaN,NaN
9602,11796.68,11616.77,NaN,NaN,NaN
9603,11886.09,11503.53,0,0,0.0000
9604,11851.29,11550.41,0,0,0.0000
9605,13985.89,11264.69,2,3,0.0000
9606,15474.11,11423.41,0,0,0.0000
9607,15410.35,11373.72,NaN,NaN,NaN
9608,15338.01,11065.61,NaN,NaN,NaN
9609,15048.40,10958.99,NaN,NaN,NaN
9610,15402.50,11010.17,NaN,NaN,NaN
9611,15476.62,11167.99,2,2,0.0000
9612,14850.21,10884.58,2,2,0.0000
9613,15396.50,11552.27,NaN,NaN,NaN
9614,15302.60,11645.78,3,3,0.0000
9615,15296.27,10938.36,NaN,NaN,NaN
9616,15409.21,11135.81,NaN,NaN,NaN
9617,15285.64,10991.56,NaN,NaN,NaN
9618,15474.77,11522.91,NaN,NaN,NaN
9619,14803.78,10906.56,0,0,0.0000
9620,15382.68,11319.68,NaN,NaN,NaN
9621,15432.33,11270.93,5,11,2.2000
9622,15192.03,10969.55,0,0,0.0000
9623,15481.57,11586.17,0,0,0.0000
9624,14965.32,10990.53,0,0,0.0000
9625,14887.64,10933.37,0,0,0.0000
9626,15263.40,11598.11,0,0,0.0000
9627,15476.84,11629.13,2,4,2.0000
9628,15333.31,11572.17,2,3,0.0000
9629,14899.08,11148.10,0,0,0.0000
9630,15284.87,11546.52,0,0,0.0000
9631,15357.54,11512.35,0,0,0.0000
9632,14757.69,10895.83,0,0,0.0000
9633,15398.39,11241.79,0,0,0.0000
9634,15131.17,11329.86,2,1,0.0000
9635,15450.24,11503.85,0,0,0.0000
9636,15416.23,11601.11,2,4,2.0000
9637,15567.33,11204.52,NaN,NaN,NaN
9638,16025.51,11639.55,0,0,0.0000
9639,15696.84,11418.48,NaN,NaN,NaN
9640,15923.76,11544.59,NaN,NaN,NaN
9641,15550.26,11495.85,NaN,NaN,NaN
9642,15515.08,11276.54,NaN,NaN,NaN
9643,15609.58,11330.20,2,3,0.0000
9644,15748.97,11315.48,NaN,NaN,NaN
9645,15798.40,11423.13,NaN,NaN,NaN
9646,15848.23,11529.60,NaN,NaN,NaN
9647,15785.14,11630.16,NaN,NaN,NaN
9648,15533.64,10992.49,0,0,0.0000
9649,15586.22,11633.77,2,3,0.0000
9650,15907.65,11467.63,2,5,2.5000
9651,15629.31,11528.32,2,3,0.0000
9652,15633.04,11249.24,NaN,NaN,NaN
9653,15671.81,11588.52,NaN,NaN,NaN
9654,15526.48,11561.38,2,3,0.0000
9655,15678.53,11317.21,NaN,NaN,NaN
9656,15707.56,11528.74,NaN,NaN,NaN
9657,15790.15,11367.30,0,0,0.0000
9658,15541.60,11343.82,2,4,2.0000
9659,15761.63,11501.31,0,0,0.0000
9660,15747.68,11585.06,0,0,0.0000
9661,15579.17,10971.23,NaN,NaN,NaN
9662,15982.42,11577.11,0,0,0.0000
9663,15827.14,11324.00,2,4,2.0000
9664,15775.98,11267.52,NaN,NaN,NaN
9665,15611.67,11478.31,0,0,0.0000
9666,15677.72,11272.11,0,0,0.0000
9667,15569.88,11063.84,NaN,NaN,NaN
9668,15840.91,11478.25,0,0,0.0000
9669,15691.91,11194.94,NaN,NaN,NaN
9670,15800.85,11563.61,NaN,NaN,NaN
9671,15626.51,11641.25,0,0,0.0000
9672,15685.23,11636.28,NaN,NaN,NaN
9673,609.06,11764.96,NaN,NaN,NaN
9674,430.84,11672.85,0,0,0.0000
9675,769.42,11677.83,NaN,NaN,NaN
9676,385.50,11798.98,0,0,0.0000
9677,663.84,12271.00,NaN,NaN,NaN
9678,550.04,11933.22,4,6,0.0000
9679,501.35,11727.44,NaN,NaN,NaN
9680,870.63,11726.83,3,5,0.0000
9681,461.26,11824.69,NaN,NaN,NaN
9682,830.00,11997.02,3,6,2.0000
9683,598.03,12031.28,NaN,NaN,NaN
9684,842.58,11664.92,2,3,0.0000
9685,726.87,12323.35,NaN,NaN,NaN
9686,710.62,12109.90,NaN,NaN,NaN
9687,314.28,11814.21,2,2,0.0000
9688,83.19,11794.63,NaN,NaN,NaN
9689,811.52,11818.33,0,0,0.0000
9690,820.06,12151.20,NaN,NaN,NaN
9691,473.69,12025.41,NaN,NaN,NaN
9692,476.92,11890.70,NaN,NaN,NaN
9693,626.44,12218.90,2,3,0.0000
9694,636.10,11887.41,2,3,0.0000
9695,663.55,11971.10,2,2,0.0000
9696,782.57,11933.43,NaN,NaN,NaN
9697,40.44,11766.71,2,2,0.0000
9698,703.17,11912.66,2,2,0.0000
9699,449.37,12096.30,NaN,NaN,NaN
9700,362.38,11721.84,3,8,2.6667
9701,320.00,11973.56,2,2,0.0000
9702,373.15,12024.72,NaN,NaN,NaN
9703,807.32,12089.39,0,0,0.0000
9704,548.66,11855.95,NaN,NaN,NaN
9705,658.38,12051.16,NaN,NaN,NaN
9706,727.91,11756.52,0,0,0.0000
9707,753.73,11887.87,NaN,NaN,NaN
9708,286.33,11872.44,2,1,0.0000
9709,632.67,12167.94,NaN,NaN,NaN
9710,499.93,12094.14,3,4,0.0000
9711,786.02,12231.07,2,5,2.5000
9712,313.88,11711.15,NaN,NaN,NaN
9713,350.61,11901.64,0,0,0.0000
9714,751.74,12150.96,2,3,0.0000
9715,648.76,11680.96,4,4,0.0000
9716,872.43,11815.39,NaN,NaN,NaN
9717,714.42,11841.41,0,0,0.0000
9718,543.61,12140.14,NaN,NaN,NaN
9719,845.10,11924.25,0,0,0.0000
9720,512.99,12209.10,NaN,NaN,NaN
9721,426.91,11993.18,NaN,NaN,NaN
9722,745.97,12225.85,NaN,NaN,NaN
9723,71.05,11707.53,2,5,2.5000
9724,802.93,12289.07,0,0,0.0000
9725,652.27,12356.88,0,0,0.0000
9726,534.66,12020.69,0,0,0.0000
9727,408.19,12084.97,2,2,0.0000
9728,690.88,11728.60,2,4,2.0000
9729,267.65,11755.19,NaN,NaN,NaN
9730,369.20,11970.01,NaN,NaN,NaN
9731,278.52,11675.82,NaN,NaN,NaN
9732,697.12,12174.32,3,4,0.0000
9733,760.37,12365.08,0,0,0.0000
9734,715.92,12023.97,NaN,NaN,NaN
9735,609.95,12341.49,NaN,NaN,NaN
9736,329.96,11658.99,NaN,NaN,NaN
9737,639.49,12107.71,2,3,0.0000
9738,369.23,12083.23,0,0,0.0000
9739,479.07,12222.93,NaN,NaN,NaN
9740,564.99,12229.34,NaN,NaN,NaN
9741,830.02,12226.44,NaN,NaN,NaN
9742,674.34,12087.83,NaN,NaN,NaN
9743,246.98,11865.49,NaN,NaN,NaN
9744,535.55,11788.49,NaN,NaN,NaN
9745,485.87,11961.46,0,0,0.0000
9746,571.25,12193.32,NaN,NaN,NaN
9747,666.11,11839.23,NaN,NaN,NaN
9748,590.62,12297.38,0,0,0.0000
9749,921.16,11793.86,5,6,0.0000
9750,976.85,11729.16,2,3,0.0000
9751,899.84,11877.96,NaN,NaN,NaN
9752,899.52,11944.20,NaN,NaN,NaN
9753,2412.28,11736.64,NaN,NaN,NaN
9754,2315.37,11665.19,4,6,0.0000
9755,2384.45,11892.32,NaN,NaN,NaN
9756,2359.90,11796.18,NaN,NaN,NaN
9757,2426.65,12015.65,NaN,NaN,NaN
9758,2392.56,11987.50,NaN,NaN,NaN
9759,2323.48,11751.63,4,6,0.0000
9760,2802.63,12081.47,2,3,0.0000
9761,2636.06,11856.29,4,1,0.0000
9762,3001.64,11963.15,NaN,NaN,NaN
9763,2782.20,11767.75,0,0,0.0000
9764,2876.75,12329.82,2,3,0.0000
9765,3126.21,12290.00,NaN,NaN,NaN
9766,2947.97,11818.79,2,2,0.0000
9767,2837.39,11892.39,0,0,0.0000
9768,2548.69,11987.95,NaN,NaN,NaN
9769,2979.83,12247.48,NaN,NaN,NaN
9770,3192.69,12158.78,3,4,0.0000
9771,2543.74,12210.41,0,0,0.0000
9772,2446.98,11927.16,4,7,0.0000
9773,3133.97,12370.56,NaN,NaN,NaN
9774,2702.46,12209.54,NaN,NaN,NaN
9775,2542.75,11748.41,NaN,NaN,NaN
9776,2892.59,12012.19,2,3,0.0000
9777,3048.34,12341.61,0,0,0.0000
9778,3118.28,12017.91,0,0,0.0000
9779,2774.62,12352.51,NaN,NaN,NaN
9780,2836.34,12240.47,4,3,0.0000
9781,2596.52,12302.22,NaN,NaN,NaN
9782,3097.37,12118.47,3,7,2.3333
9783,2474.58,11805.99,NaN,NaN,NaN
9784,3032.53,12153.57,0,0,0.0000
9785,3174.33,12020.59,NaN,NaN,NaN
9786,2667.14,11748.88,0,0,0.0000
9787,3071.06,11786.63,0,0,0.0000
9788,3027.65,11852.06,NaN,NaN,NaN
9789,2909.99,11706.64,NaN,NaN,NaN
9790,2529.84,12076.06,0,0,0.0000
9791,2469.96,12049.81,0,0,0.0000
9792,2945.22,12098.65,0,0,0.0000
9793,3156.25,11784.54,NaN,NaN,NaN
9794,2668.64,12043.48,0,0,0.0000
9795,2905.83,11915.12,3,3,0.0000
9796,2785.56,12274.19,2,2,0.0000
9797,3097.10,12207.19,NaN,NaN,NaN
9798,2892.17,12228.82,0,0,0.0000
9799,2983.13,12145.91,2,3,0.0000
9800,2620.47,11665.92,2,4,2.0000
9801,3003.25,12400.20,0,0,0.0000
9802,2973.68,12311.93,2,1,0.0000
9803,2634.21,12117.50,0,0,0.0000
9804,2961.47,12359.84,NaN,NaN,NaN
9805,2698.39,11986.55,2,3,0.0000
9806,2936.98,12410.93,0,0,0.0000
9807,2878.63,11801.04,2,2,0.0000
9808,3057.73,12247.84,NaN,NaN,NaN
9809,3088.62,11863.12,NaN,NaN,NaN
9810,2505.98,11692.84,NaN,NaN,NaN
9811,2571.61,12149.87,NaN,NaN,NaN
9812,3142.38,11882.29,NaN,NaN,NaN
9813,2931.76,12192.10,NaN,NaN,NaN
9814,3127.25,11828.07,0,0,0.0000
9815,2778.40,12207.93,NaN,NaN,NaN
9816,2434.60,11850.28,3,5,0.0000
9817,3093.03,11919.11,0,0,0.0000
9818,3024.53,12080.84,0,0,0.0000
9819,2634.03,12256.01,0,0,0.0000
9820,3138.11,12166.66,NaN,NaN,NaN
9821,2866.78,12171.92,0,0,0.0000
9822,3031.14,12036.44,2,1,0.0000
9823,2470.39,12119.46,NaN,NaN,NaN
9824,2594.87,11919.06,NaN,NaN,NaN
9825,3149.79,11941.40,NaN,NaN,NaN
9826,3090.33,11721.16,0,0,0.0000
9827,2867.74,11765.61,0,0,0.0000
9828,3177.22,12089.62,NaN,NaN,NaN
9829,2688.35,12123.28,0,0,0.0000
9830,2824.19,11677.74,0,0,0.0000
9831,2753.86,11911.27,0,0,0.0000
9832,2476.90,11992.25,NaN,NaN,NaN
9833,2631.84,12377.05,2,3,0.0000
9834,2963.38,11671.53,0,0,0.0000
9835,2600.96,11779.39,NaN,NaN,NaN
9836,2653.16,12208.69,0,0,0.0000
9837,2805.61,11936.70,0,0,0.0000
9838,3006.75,11783.17,NaN,NaN,NaN
9839,2439.49,12082.14,0,0,0.0000
9840,2608.50,12173.55,NaN,NaN,NaN
9841,2632.99,11921.07,0,0,0.0000
9842,3521.00,12351.92,NaN,NaN,NaN
9843,3412.74,12227.06,NaN,NaN,NaN
9844,3344.18,12152.67,NaN,NaN,NaN
9845,3245.75,12053.05,0,0,0.0000
9846,3295.04,12398.37,NaN,NaN,NaN
9847,3287.24,11961.57,NaN,NaN,NaN
9848,3432.78,11969.40,3,1,0.0000
9849,3835.97,12250.61,0,0,0.0000
9850,3200.64,12372.53,0,0,0.0000
9851,3892.00,12330.09,NaN,NaN,NaN
9852,3635.99,12347.60,0,0,0.0000
9853,3355.85,12305.95,4,8,2.0000
9854,3204.19,11923.18,NaN,NaN,NaN
9855,3327.42,12251.35,3,7,2.3333
9856,3618.83,12146.50,NaN,NaN,NaN
9857,3215.19,12249.39,NaN,NaN,NaN
9858,3552.11,12112.40,3,7,2.3333
9859,3593.11,12230.56,NaN,NaN,NaN
9860,3433.39,12131.35,NaN,NaN,NaN
9861,3471.48,12283.63,0,0,0.0000
9862,3651.19,12081.73,2,2,0.0000
9863,3364.86,11958.53,2,5,2.5000
9864,3389.22,12343.48,NaN,NaN,NaN
9865,3913.20,12203.55,NaN,NaN,NaN
9866,3704.32,12365.23,0,0,0.0000
9867,3693.19,12267.21,0,0,0.0000
9868,3785.48,12267.27,NaN,NaN,NaN
9869,3258.79,12200.28,NaN,NaN,NaN
9870,3780.85,12165.64,NaN,NaN,NaN
9871,3633.10,12274.29,NaN,NaN,NaN
9872,3727.70,12123.97,0,0,0.0000
9873,3397.26,12066.96,2,4,2.0000
9874,3962.94,12393.94,0,0,0.0000
9875,3301.85,12080.97,2,5,2.5000
9876,3732.02,12227.78,NaN,NaN,NaN
9877,3345.15,12024.37,4,5,0.0000
9878,3491.39,12083.93,NaN,NaN,NaN
9879,3211.17,11833.12,0,0,0.0000
9880,3754.25,12069.65,0,0,0.0000
9881,3367.56,12388.78,NaN,NaN,NaN
9882,3562.58,12288.48,4,10,2.5000
9883,3952.41,11932.74,NaN,NaN,NaN
9884,3813.11,12356.87,0,0,0.0000
9885,3755.25,12369.45,0,0,0.0000
9886,3951.76,12335.30,0,0,0.0000
9887,3477.38,12016.70,0,0,0.0000
9888,3278.34,12306.90,NaN,NaN,NaN
9889,3947.51,12282.84,0,0,0.0000
9890,3389.38,11908.02,NaN,NaN,NaN
9891,3569.41,12175.28,NaN,NaN,NaN
9892,3443.57,12048.93,NaN,NaN,NaN
9893,3587.52,12057.05,0,0,0.0000
9894,3539.29,12004.23,0,0,0.0000
9895,3895.36,12259.53,NaN,NaN,NaN
9896,3656.41,12215.60,NaN,NaN,NaN
9897,3498.31,12160.51,0,0,0.0000
9898,3687.11,12185.25,NaN,NaN,NaN
9899,3242.49,12327.79,2,4,2.0000
9900,3206.90,11989.35,0,0,0.0000
9901,3933.62,12099.71,NaN,NaN,NaN
9902,4361.52,11938.60,NaN,NaN,NaN
9903,4398.96,12200.31,NaN,NaN,NaN
9904,4331.21,11722.61,NaN,NaN,NaN
9905,4541.82,12073.47,3,5,0.0000
9906,4086.01,12262.93,3,5,0.0000
9907,4197.37,12303.51,NaN,NaN,NaN
9908,4724.50,12048.37,NaN,NaN,NaN
9909,4515.35,12185.06,NaN,NaN,NaN
9910,4050.65,11655.22,NaN,NaN,NaN
9911,4534.16,11887.54,NaN,NaN,NaN
9912,4421.42,11869.03,2,3,0.0000
9913,4128.33,11886.88,0,0,0.0000
9914,4314.07,12256.31,NaN,NaN,NaN
9915,4595.22,12284.68,NaN,NaN,NaN
9916,4151.86,12101.57,0,0,0.0000
9917,4514.25,11753.21,2,4,2.0000
9918,4017.61,12007.63,0,0,0.0000
9919,4588.26,11815.32,NaN,NaN,NaN
9920,4287.79,12138.83,NaN,NaN,NaN
9921,4623.88,12372.35,NaN,NaN,NaN
9922,4667.11,12216.38,NaN,NaN,NaN
9923,4200.93,12195.28,NaN,NaN,NaN
9924,4155.19,11723.16,0,0,0.0000
9925,4022.69,11930.70,0,0,0.0000
9926,4000.81,11761.71,NaN,NaN,NaN
9927,4683.27,11711.78,2,1,0.0000
9928,4618.35,11879.17,NaN,NaN,NaN
9929,4207.99,11772.18,NaN,NaN,NaN
9930,4595.05,11723.97,NaN,NaN,NaN
9931,4073.77,11735.96,NaN,NaN,NaN
9932,3988.39,12077.25,NaN,NaN,NaN
9933,4094.19,12359.43,3,2,0.0000
9934,4494.17,11668.44,2,3,0.0000
9935,3970.51,12214.64,0,0,0.0000
9936,4549.83,11975.03,0,0,0.0000
9937,4717.81,12393.21,3,3,0.0000
9938,4364.82,12049.68,NaN,NaN,NaN
9939,4444.40,11742.36,NaN,NaN,NaN
9940,4204.79,11922.74,0,0,0.0000
9941,4106.34,11976.40,0,0,0.0000
9942,4117.11,11800.41,0,0,0.0000
9943,4292.52,12025.15,NaN,NaN,NaN
9944,4541.84,12310.86,NaN,NaN,NaN
9945,4677.54,12290.21,0,0,0.0000
9946,4507.96,12367.22,0,0,0.0000
9947,4097.03,12067.05,0,0,0.0000
9948,4562.19,11657.97,2,5,2.5000
9949,4673.90,12141.31,3,3,0.0000
9950,4030.62,11833.54,NaN,NaN,NaN
9951,4462.36,11919.72,0,0,0.0000
9952,4195.05,11999.07,NaN,NaN,NaN
9953,4184.29,12059.72,NaN,NaN,NaN
9954,4242.46,11693.27,0,0,0.0000
9955,4347.73,12354.57,0,0,0.0000
9956,4373.52,11801.81,2,5,2.5000
9957,4412.94,12340.17,0,0,0.0000
9958,4720.39,12165.23,NaN,NaN,NaN
9959,4260.63,12390.44,NaN,NaN,NaN
9960,4601.71,12219.22,NaN,NaN,NaN
9961,4616.87,11961.23,3,4,0.0000
9962,4442.56,12302.35,NaN,NaN,NaN
9963,3979.61,11883.32,3,7,2.3333
9964,4244.78,11889.41,2,6,3.0000
9965,4002.24,12320.26,0,0,0.0000
9966,4657.32,11778.03,NaN,NaN,NaN
9967,4298.69,12334.64,2,0,0.0000
9968,4580.15,12168.54,NaN,NaN,NaN
9969,4281.19,11874.36,0,0,0.0000
9970,4075.07,11888.45,0,0,0.0000
9971,4259.05,12252.93,0,0,0.0000
9972,4480.77,12242.12,4,4,0.0000
9973,4271.36,11948.03,NaN,NaN,NaN
9974,4225.97,12124.25,NaN,NaN,NaN
9975,3970.21,11829.67,0,0,0.0000
9976,4480.51,12303.54,0,0,0.0000
9977,4460.79,12381.75,NaN,NaN,NaN
9978,4242.97,12060.05,0,0,0.0000
9979,4263.55,12349.76,NaN,NaN,NaN
9980,4457.89,12195.43,NaN,NaN,NaN
9981,4616.73,12068.03,2,4,2.0000
9982,5156.18,12099.87,2,3,0.0000
9983,5079.70,12242.88,0,0,0.0000
9984,5374.55,12198.06,NaN,NaN,NaN
9985,5256.62,12105.47,NaN,NaN,NaN
9986,5012.53,12068.57,NaN,NaN,NaN
9987,4793.95,12302.79,NaN,NaN,NaN
9988,4946.74,12142.31,NaN,NaN,NaN
9989,4764.54,12221.77,NaN,NaN,NaN
9990,5016.57,11962.66,NaN,NaN,NaN
9991,5256.77,12298.64,0,0,0.0000
9992,4869.08,12173.60,NaN,NaN,NaN
9993,5280.06,12209.60,NaN,NaN,NaN
9994,5347.80,12089.69,0,0,0.0000
9995,5346.60,11933.23,NaN,NaN,NaN
9996,5187.48,11846.90,0,0,0.0000
9997,4784.47,11953.27,2,2,0.0000
9998,5336.15,12389.36,NaN,NaN,NaN
9999,5170.98,12211.09,NaN,NaN,NaN
10000,5467.27,12346.56,NaN,NaN,NaN
10001,4910.37,11882.88,NaN,NaN,NaN
10002,5101.91,12026.03,NaN,NaN,NaN
10003,4806.40,12134.68,NaN,NaN,NaN
10004,5181.37,12295.80,NaN,NaN,NaN
10005,4918.06,11967.00,2,4,2.0000
10006,5084.69,11893.57,NaN,NaN,NaN
10007,4839.51,12379.43,NaN,NaN,NaN
10008,5411.52,12398.43,0,0,0.0000
10009,4905.82,12037.52,NaN,NaN,NaN
10010,5161.27,11967.12,NaN,NaN,NaN
10011,5254.35,11933.67,0,0,0.0000
10012,4848.05,12237.82,3,6,2.0000
10013,5134.10,12368.03,2,9,4.5000
10014,5407.49,12325.93,2,6,3.0000
10015,4998.49,12317.34,2,4,2.0000
10016,5231.71,12370.02,NaN,NaN,NaN
10017,4938.81,11840.84,NaN,NaN,NaN
10018,4866.08,12301.75,NaN,NaN,NaN
10019,4833.26,11886.54,0,0,0.0000
10020,4835.72,12055.81,NaN,NaN,NaN
10021,4925.18,12267.88,0,0,0.0000
10022,5195.64,11915.03,0,0,0.0000
10023,4961.00,11940.73,0,0,0.0000
10024,5120.07,11816.90,NaN,NaN,NaN
10025,5279.73,11981.08,NaN,NaN,NaN
10026,5316.85,12008.49,0,0,0.0000
10027,4883.95,12085.57,0,0,0.0000
10028,4919.72,12223.72,0,0,0.0000
10029,4875.72,12411.14,0,0,0.0000
10030,4996.77,12200.51,0,0,0.0000
10031,6453.31,12148.18,4,3,0.0000
10032,6361.29,11900.99,0,0,0.0000
10033,6536.52,12288.04,0,0,0.0000
10034,6482.10,12250.95,NaN,NaN,NaN
10035,6619.28,12409.53,NaN,NaN,NaN
10036,6535.35,12166.90,NaN,NaN,NaN
10037,6578.76,12377.06,NaN,NaN,NaN
10038,7013.21,12186.35,2,4,2.0000
10039,6516.90,12358.62,NaN,NaN,NaN
10040,6524.47,12413.41,NaN,NaN,NaN
10041,6981.83,12037.05,NaN,NaN,NaN
10042,7023.44,12230.20,NaN,NaN,NaN
10043,6960.03,12139.22,0,0,0.0000
10044,6955.43,12229.75,2,6,3.0000
10045,6942.66,12270.46,NaN,NaN,NaN
10046,6922.02,12077.13,NaN,NaN,NaN
10047,7029.52,12100.17,0,0,0.0000
10048,7309.29,12313.35,2,2,0.0000
10049,7324.40,12194.45,0,0,0.0000
10050,7239.92,12070.54,NaN,NaN,NaN
10051,7378.40,12266.83,0,0,0.0000
10052,7405.47,12362.04,3,3,0.0000
10053,7301.34,12043.81,NaN,NaN,NaN
10054,7274.49,12207.88,0,0,0.0000
10055,7330.20,12116.41,NaN,NaN,NaN
10056,7371.98,12398.16,0,0,0.0000
10057,7050.79,12156.28,0,0,0.0000
10058,7578.33,12346.72,0,0,0.0000
10059,8002.16,12262.29,0,0,0.0000
10060,7977.44,12163.33,0,0,0.0000
10061,7997.48,12333.71,NaN,NaN,NaN
10062,8027.47,12349.27,NaN,NaN,NaN
10063,7964.55,12088.15,NaN,NaN,NaN
10064,9223.48,12230.87,NaN,NaN,NaN
10065,9337.02,12366.78,NaN,NaN,NaN
10066,9141.61,11659.10,0,0,0.0000
10067,9210.02,12395.41,NaN,NaN,NaN
10068,9149.72,12412.24,NaN,NaN,NaN
10069,9247.34,12309.58,NaN,NaN,NaN
10070,9130.51,12305.19,NaN,NaN,NaN
10071,9310.53,11728.36,3,5,0.0000
10072,9239.81,12359.98,NaN,NaN,NaN
10073,9293.22,12237.65,0,0,0.0000
10074,9157.01,12357.97,0,0,0.0000
10075,9114.45,12254.04,NaN,NaN,NaN
10076,9267.68,11719.59,2,2,0.0000
10077,9260.34,12414.06,2,1,0.0000
10078,9496.93,11810.45,0,0,0.0000
10079,9771.06,11890.64,2,3,0.0000
10080,9810.46,11748.48,2,5,2.5000
10081,9717.56,11687.67,2,3,0.0000
10082,9681.90,11788.33,3,7,2.3333
10083,9598.27,11840.04,NaN,NaN,NaN
10084,10087.55,11816.24,2,1,0.0000
10085,9463.30,11702.70,NaN,NaN,NaN
10086,9748.10,11840.54,0,0,0.0000
10087,9743.89,11968.58,0,0,0.0000
10088,9589.15,11748.08,0,0,0.0000
10089,10031.58,11862.73,2,6,3.0000
10090,9835.42,11703.36,3,6,2.0000
10091,9519.79,11729.29,NaN,NaN,NaN
10092,9837.67,11861.77,NaN,NaN,NaN
10093,9491.98,12307.22,0,0,0.0000
10094,9621.79,11677.69,0,0,0.0000
10095,9560.63,11877.70,0,0,0.0000
10096,10054.22,11688.80,NaN,NaN,NaN
10097,9513.93,11656.05,NaN,NaN,NaN
10098,9930.99,11804.69,2,2,0.0000
10099,9357.40,11733.92,0,0,0.0000
10100,9808.64,11796.60,NaN,NaN,NaN
10101,9576.68,11675.61,0,0,0.0000
10102,9420.84,11746.04,NaN,NaN,NaN
10103,9469.49,12351.03,NaN,NaN,NaN
10104,9623.88,11888.67,NaN,NaN,NaN
10105,9873.56,11911.88,NaN,NaN,NaN
10106,10027.96,11805.76,0,0,0.0000
10107,9636.14,11728.38,0,0,0.0000
10108,9854.00,11963.70,0,0,0.0000
10109,9903.17,11843.19,NaN,NaN,NaN
10110,10074.94,11756.98,0,0,0.0000
10111,9884.90,11666.24,0,0,0.0000
10112,9378.15,11704.66,3,4,0.0000
10113,9939.22,11872.06,2,4,2.0000
10114,9560.42,11796.91,NaN,NaN,NaN
10115,9994.26,11809.03,2,8,4.0000
10116,9730.04,11805.66,NaN,NaN,NaN
10117,9399.97,11693.77,NaN,NaN,NaN
10118,9497.22,11908.49,0,0,0.0000
10119,10084.46,11720.29,0,0,0.0000
10120,10135.14,11870.48,4,4,0.0000
10121,10115.72,11783.16,NaN,NaN,NaN
10122,12268.00,12370.94,NaN,NaN,NaN
10123,12075.52,12347.32,NaN,NaN,NaN
10124,12268.47,12232.99,0,0,0.0000
10125,12395.05,12195.57,2,4,2.0000
10126,12362.57,12292.64,NaN,NaN,NaN
10127,11994.71,12408.33,0,0,0.0000
10128,12221.66,12315.39,NaN,NaN,NaN
10129,12376.15,12255.45,0,0,0.0000
10130,12106.10,12396.96,NaN,NaN,NaN
10131,12652.77,12360.66,2,5,2.5000
10132,12853.54,12291.02,0,0,0.0000
10133,12862.35,12124.28,0,0,0.0000
10134,12605.76,12076.59,NaN,NaN,NaN
10135,12988.46,12329.16,NaN,NaN,NaN
10136,13131.31,12375.57,2,4,2.0000
10137,12922.80,12363.34,2,4,2.0000
10138,12417.66,12359.06,0,0,0.0000
10139,12971.03,12076.59,NaN,NaN,NaN
10140,13046.86,12385.52,NaN,NaN,NaN
10141,13182.74,12258.75,NaN,NaN,NaN
10142,12640.85,12188.96,0,0,0.0000
10143,13096.66,12278.09,NaN,NaN,NaN
10144,12971.06,12238.53,NaN,NaN,NaN
10145,12835.94,12383.33,2,4,2.0000
10146,12558.66,12185.61,NaN,NaN,NaN
10147,12565.04,12376.90,NaN,NaN,NaN
10148,12746.95,12214.50,0,0,0.0000
10149,12862.39,12222.89,2,5,2.5000
10150,12562.46,12272.53,NaN,NaN,NaN
10151,12477.81,12206.92,0,0,0.0000
10152,12523.75,12303.58,NaN,NaN,NaN
10153,13116.45,12203.93,NaN,NaN,NaN
10154,12832.99,12187.36,NaN,NaN,NaN
10155,12601.30,12247.74,NaN,NaN,NaN
10156,12826.57,11998.26,0,0,0.0000
10157,12992.98,12194.92,3,6,2.0000
10158,12967.20,12172.15,0,0,0.0000
10159,13036.85,12174.40,2,0,0.0000
10160,13171.43,12185.85,0,0,0.0000
10161,12780.12,12332.06,0,0,0.0000
10162,12982.83,12134.80,0,0,0.0000
10163,12530.51,12413.06,NaN,NaN,NaN
10164,12773.71,12264.98,3,3,0.0000
10165,13053.20,12216.25,NaN,NaN,NaN
10166,13103.29,12234.33,NaN,NaN,NaN
10167,12652.88,12078.45,NaN,NaN,NaN
10168,12848.48,12041.31,0,0,0.0000
10169,12658.51,12262.08,0,0,0.0000
10170,13075.49,12089.92,2,4,2.0000
10171,12481.00,12287.80,NaN,NaN,NaN
10172,12729.14,12162.01,NaN,NaN,NaN
10173,12509.78,12364.15,NaN,NaN,NaN
10174,13201.21,12363.29,0,0,0.0000
10175,13255.07,12401.04,NaN,NaN,NaN
10176,13355.08,12402.13,0,0,0.0000
10177,13238.37,12255.94,0,0,0.0000
10178,14672.99,12103.59,0,0,0.0000
10179,14248.03,11818.58,0,0,0.0000
10180,14643.18,12059.86,NaN,NaN,NaN
10181,14206.34,11702.62,3,4,0.0000
10182,14679.75,12167.17,NaN,NaN,NaN
10183,14702.99,12053.06,NaN,NaN,NaN
10184,14222.03,11743.09,NaN,NaN,NaN
10185,14189.83,11751.13,0,0,0.0000
10186,15468.78,12330.65,NaN,NaN,NaN
10187,15482.35,12030.67,NaN,NaN,NaN
10188,15365.17,12300.66,0,0,0.0000
10189,15348.63,11804.74,NaN,NaN,NaN
10190,15454.71,11669.23,2,2,0.0000
10191,15424.91,11727.13,0,0,0.0000
10192,15421.20,11893.50,NaN,NaN,NaN
10193,15355.59,11746.51,0,0,0.0000
10194,15384.81,11935.85,NaN,NaN,NaN
10195,15366.92,12055.45,0,0,0.0000
10196,15387.20,12228.41,0,0,0.0000
10197,15357.85,11675.53,NaN,NaN,NaN
10198,15477.84,12401.24,NaN,NaN,NaN
10199,15444.57,12255.55,0,0,0.0000
10200,15320.10,12018.30,0,0,0.0000
10201,15422.55,12106.53,0,0,0.0000
10202,15342.65,11971.11,0,0,0.0000
10203,15263.63,12081.11,0,0,0.0000
10204,15387.79,12370.71,0,0,0.0000
10205,15444.58,11988.51,3,4,0.0000
10206,15469.90,11790.87,2,1,0.0000
10207,15294.20,11696.52,0,0,0.0000
10208,15299.26,11858.39,0,0,0.0000
10209,15330.24,12135.05,0,0,0.0000
10210,15259.51,11812.05,0,0,0.0000
10211,15379.56,11859.46,NaN,NaN,NaN
10212,15240.00,11665.77,0,0,0.0000
10213,15487.38,11852.34,NaN,NaN,NaN
10214,15412.42,12077.40,0,0,0.0000
10215,16082.75,11785.27,2,4,2.0000
10216,15993.28,12405.66,0,0,0.0000
10217,15773.30,12375.06,2,5,2.5000
10218,15956.18,12116.40,2,5,2.5000
10219,16001.08,11848.40,NaN,NaN,NaN
10220,16181.51,12073.50,2,7,3.5000
10221,15552.51,12248.03,NaN,NaN,NaN
10222,16235.30,11933.37,0,0,0.0000
10223,15915.74,11901.15,0,0,0.0000
10224,16216.75,12222.30,NaN,NaN,NaN
10225,15496.96,12157.46,3,6,2.0000
10226,15827.46,12113.37,NaN,NaN,NaN
10227,16318.92,12383.61,2,3,0.0000
10228,15702.36,12235.79,2,3,0.0000
10229,16095.19,12235.72,0,0,0.0000
10230,15591.40,11964.57,NaN,NaN,NaN
10231,15987.96,11990.75,0,0,0.0000
10232,15666.49,11940.20,NaN,NaN,NaN
10233,16038.27,12291.82,NaN,NaN,NaN
10234,15601.14,12131.72,0,0,0.0000
10235,15602.71,12382.90,NaN,NaN,NaN
10236,15704.79,12127.19,0,0,0.0000
10237,15512.80,11921.93,2,6,3.0000
10238,16257.14,12317.63,NaN,NaN,NaN
10239,15574.76,12325.23,0,0,0.0000
10240,15782.57,12185.92,NaN,NaN,NaN
10241,16061.08,12057.32,NaN,NaN,NaN
10242,16109.26,12160.57,NaN,NaN,NaN
10243,16169.81,12339.86,NaN,NaN,NaN
10244,15665.70,11828.40,NaN,NaN,NaN
10245,15810.73,11982.51,0,0,0.0000
10246,15876.76,12025.32,0,0,0.0000
10247,16039.62,12108.86,NaN,NaN,NaN
10248,15884.16,11726.21,NaN,NaN,NaN
10249,15854.82,12194.01,NaN,NaN,NaN
10250,16070.35,12349.58,NaN,NaN,NaN
10251,15550.01,11719.64,2,1,0.0000
10252,15657.82,12340.00,NaN,NaN,NaN
10253,16163.05,11897.40,0,0,0.0000
10254,15764.26,12051.73,NaN,NaN,NaN
10255,15880.83,12276.22,NaN,NaN,NaN
10256,15980.16,12231.48,NaN,NaN,NaN
10257,15944.20,11675.12,NaN,NaN,NaN
10258,16288.46,11873.18,0,0,0.0000
10259,16234.95,12414.70,0,0,0.0000
10260,16322.85,11927.59,0,0,0.0000
10261,16235.20,12130.74,0,0,0.0000
10262,15719.72,12015.51,0,0,0.0000
10263,15585.77,11834.10,NaN,NaN,NaN
10264,15869.73,11770.28,NaN,NaN,NaN
10265,16138.39,12394.07,3,6,2.0000
10266,16021.88,11711.59,NaN,NaN,NaN
10267,15664.86,12010.46,NaN,NaN,NaN
10268,15889.33,12353.31,NaN,NaN,NaN
10269,16077.08,11912.36,0,0,0.0000
10270,15785.09,11888.35,NaN,NaN,NaN
10271,15976.12,12295.00,NaN,NaN,NaN
10272,15705.11,12298.71,NaN,NaN,NaN
10273,15644.94,11749.55,NaN,NaN,NaN
10274,15728.21,11864.24,0,0,0.0000
10275,16163.82,11988.74,NaN,NaN,NaN
10276,15911.92,11980.77,0,0,0.0000
10277,16269.62,12071.05,NaN,NaN,NaN
10278,16339.78,12064.33,NaN,NaN,NaN
10279,16290.42,11978.88,NaN,NaN,NaN
10280,16295.17,12108.07,NaN,NaN,NaN
10281,15785.02,11758.73,0,0,0.0000
10282,15882.20,11663.41,0,0,0.0000
10283,16202.41,12299.72,NaN,NaN,NaN
10284,15921.63,11788.11,2,3,0.0000
10285,15613.09,11874.57,NaN,NaN,NaN
10286,15670.01,11884.78,2,0,0.0000
10287,15719.88,11781.36,0,0,0.0000
10288,15751.34,11808.38,NaN,NaN,NaN
10289,15705.81,11719.02,0,0,0.0000
10290,16120.51,11937.54,NaN,NaN,NaN
10291,15490.86,12221.94,0,0,0.0000
10292,15769.02,11838.56,NaN,NaN,NaN
10293,15748.40,11990.99,0,0,0.0000
10294,15891.29,12413.28,0,0,0.0000
10295,15762.74,11711.95,NaN,NaN,NaN
10296,15875.79,11823.39,0,0,0.0000
10297,15649.06,11707.87,NaN,NaN,NaN
10298,15816.51,11730.00,0,0,0.0000
10299,74.19,13007.64,NaN,NaN,NaN
10300,508.21,13161.02,0,0,0.0000
10301,413.61,12789.07,0,0,0.0000
10302,110.41,12821.26,NaN,NaN,NaN
10303,522.67,12944.02,NaN,NaN,NaN
10304,189.13,13094.23,NaN,NaN,NaN
10305,607.18,13162.01,2,4,2.0000
10306,215.63,12971.32,NaN,NaN,NaN
10307,305.45,13183.03,NaN,NaN,NaN
10308,316.71,12988.24,NaN,NaN,NaN
10309,181.12,12794.62,2,2,0.0000
10310,241.88,12763.32,3,2,0.0000
10311,293.70,12716.49,2,5,2.5000
10312,379.25,13088.39,NaN,NaN,NaN
10313,440.58,12968.47,NaN,NaN,NaN
10314,363.98,12861.35,NaN,NaN,NaN
10315,105.04,13094.01,NaN,NaN,NaN
10316,516.17,13103.33,NaN,NaN,NaN
10317,337.37,12656.57,2,1,0.0000
10318,360.81,13140.86,3,3,0.0000
10319,144.39,13152.78,NaN,NaN,NaN
10320,478.64,12888.71,NaN,NaN,NaN
10321,155.04,12999.57,0,0,0.0000
10322,518.53,12789.99,NaN,NaN,NaN
10323,269.71,12896.85,3,6,2.0000
10324,266.37,12946.35,NaN,NaN,NaN
10325,557.09,13028.37,NaN,NaN,NaN
10326,282.82,12835.80,NaN,NaN,NaN
10327,196.60,12883.39,3,5,0.0000
10328,482.67,13027.12,NaN,NaN,NaN
10329,47.97,12906.55,3,5,0.0000
10330,359.32,13020.60,NaN,NaN,NaN
10331,255.17,13071.54,2,3,0.0000
10332,316.85,12778.48,2,1,0.0000
10333,435.69,13041.74,3,2,0.0000
10334,425.21,13167.83,NaN,NaN,NaN
10335,228.66,13141.06,NaN,NaN,NaN
10336,467.76,12630.80,3,3,0.0000
10337,519.29,12672.94,NaN,NaN,NaN
10338,766.44,12466.93,0,0,0.0000
10339,393.23,12944.58,2,2,0.0000
10340,446.12,12696.56,0,0,0.0000
10341,393.68,13043.95,NaN,NaN,NaN
10342,116.88,12883.07,2,5,2.5000
10343,473.47,12735.49,3,3,0.0000
10344,57.71,12862.42,0,0,0.0000
10345,321.33,12893.60,NaN,NaN,NaN
10346,557.36,12816.38,0,0,0.0000
10347,587.90,13090.56,NaN,NaN,NaN
10348,419.30,12863.14,2,3,0.0000
10349,514.76,13048.46,NaN,NaN,NaN
10350,117.59,13028.61,NaN,NaN,NaN
10351,356.62,12936.30,0,0,0.0000
10352,577.42,12747.70,3,5,0.0000
10353,1145.91,12930.15,2,3,0.0000
10354,1155.14,12673.17,NaN,NaN,NaN
10355,1031.56,12696.19,NaN,NaN,NaN
10356,1243.91,12893.23,2,2,0.0000
10357,928.91,12629.49,3,1,0.0000
10358,1147.81,12806.92,NaN,NaN,NaN
10359,1250.22,12654.80,0,0,0.0000
10360,1020.06,12855.94,NaN,NaN,NaN
10361,1236.94,12810.46,2,2,0.0000
10362,1291.72,12836.63,3,3,0.0000
10363,1046.04,12571.50,2,5,2.5000
10364,959.40,12802.54,2,2,0.0000
10365,1219.52,12596.23,2,5,2.5000
10366,1146.49,12570.37,3,4,0.0000
10367,1236.11,12741.31,0,0,0.0000
10368,1093.85,12985.11,0,0,0.0000
10369,1075.16,12821.88,2,4,2.0000
10370,1046.38,12938.57,0,0,0.0000
10371,1105.24,12417.25,NaN,NaN,NaN
10372,1017.59,12776.03,2,2,0.0000
10373,1194.61,12530.41,5,4,0.0000
10374,990.38,12589.67,0,0,0.0000
10375,1081.72,12768.90,0,0,0.0000
10376,1092.35,12692.03,0,0,0.0000
10377,1245.86,12931.94,NaN,NaN,NaN
10378,3197.20,12812.84,2,3,0.0000
10379,2991.87,13063.29,4,7,0.0000
10380,3139.69,12952.97,NaN,NaN,NaN
10381,2912.36,12889.09,NaN,NaN,NaN
10382,2867.33,12439.98,0,0,0.0000
10383,3095.34,12476.04,3,4,0.0000
10384,3002.72,12938.53,0,0,0.0000
10385,3051.76,12754.94,NaN,NaN,NaN
10386,2973.99,13148.91,NaN,NaN,NaN
10387,2914.92,12526.75,NaN,NaN,NaN
10388,2736.76,12481.37,NaN,NaN,NaN
10389,2827.82,12496.42,0,0,0.0000
10390,3113.77,12695.42,2,4,2.0000
10391,2926.17,12772.50,NaN,NaN,NaN
10392,2752.41,12584.82,4,8,2.0000
10393,3152.85,13107.21,0,0,0.0000
10394,3187.11,13040.06,6,14,2.3333
10395,3089.36,12608.17,NaN,NaN,NaN
10396,3023.84,12469.90,NaN,NaN,NaN
10397,2771.16,12423.55,0,0,0.0000
10398,3112.59,13173.68,0,0,0.0000
10399,2956.85,12625.46,NaN,NaN,NaN
10400,2777.41,12641.46,0,0,0.0000
10401,3050.77,12999.74,NaN,NaN,NaN
10402,2886.50,12594.51,2,1,0.0000
10403,2833.87,12709.64,NaN,NaN,NaN
10404,2885.96,12805.57,0,0,0.0000
10405,3100.06,12810.58,3,5,0.0000
10406,3083.39,12891.27,0,0,0.0000
10407,2976.20,12853.19,0,0,0.0000
10408,3081.81,13071.61,NaN,NaN,NaN
10409,2986.04,12775.42,NaN,NaN,NaN
10410,2788.30,12689.61,NaN,NaN,NaN
10411,2889.07,12698.77,0,0,0.0000
10412,3139.44,12524.24,NaN,NaN,NaN
10413,2862.40,12646.27,NaN,NaN,NaN
10414,2944.49,12679.69,0,0,0.0000
10415,2903.27,12995.74,0,0,0.0000
10416,2867.46,12921.42,2,4,2.0000
10417,2830.86,12600.36,NaN,NaN,NaN
10418,2963.85,12719.78,2,2,0.0000
10419,3160.26,12550.88,NaN,NaN,NaN
10420,3048.14,13136.32,NaN,NaN,NaN
10421,2673.37,12489.69,NaN,NaN,NaN
10422,2968.44,12582.03,0,0,0.0000
10423,2709.19,12539.87,NaN,NaN,NaN
10424,3161.99,12447.33,2,3,0.0000
10425,3007.93,12676.99,NaN,NaN,NaN
10426,3153.81,12730.44,0,0,0.0000
10427,3041.66,12845.23,0,0,0.0000
10428,3063.70,12646.16,2,4,2.0000
10429,2804.62,12549.24,NaN,NaN,NaN
10430,3043.45,12678.17,NaN,NaN,NaN
10431,3063.92,12420.15,3,3,0.0000
10432,2957.82,12462.76,NaN,NaN,NaN
10433,3012.84,12603.31,0,0,0.0000
10434,2971.82,12910.81,0,0,0.0000
10435,2983.12,12446.19,0,0,0.0000
10436,3322.37,12954.88,0,0,0.0000
10437,3517.12,12949.93,0,0,0.0000
10438,3830.42,12859.53,NaN,NaN,NaN
10439,3433.19,12429.08,3,3,0.0000
10440,3518.98,13156.06,2,3,0.0000
10441,3917.01,12909.54,2,4,2.0000
10442,3225.48,12599.36,NaN,NaN,NaN
10443,3967.11,13115.84,NaN,NaN,NaN
10444,3700.92,12498.39,NaN,NaN,NaN
10445,3471.64,12656.90,2,5,2.5000
10446,3404.54,12605.05,0,0,0.0000
10447,3760.31,13118.80,NaN,NaN,NaN
10448,3573.50,12684.73,NaN,NaN,NaN
10449,3343.51,12535.17,NaN,NaN,NaN
10450,3517.11,12484.64,2,2,0.0000
10451,3555.47,12847.22,NaN,NaN,NaN
10452,3709.31,12637.89,NaN,NaN,NaN
10453,3781.84,12603.29,NaN,NaN,NaN
10454,3907.47,12540.91,2,3,0.0000
10455,3584.70,12599.50,2,4,2.0000
10456,3573.78,13052.24,2,3,0.0000
10457,3686.93,12780.89,0,0,0.0000
10458,3715.02,13054.17,0,0,0.0000
10459,3635.97,13068.87,0,0,0.0000
10460,3236.57,12482.13,NaN,NaN,NaN
10461,3283.90,13180.86,0,0,0.0000
10462,3681.85,12422.84,2,1,0.0000
10463,3381.02,12838.55,0,0,0.0000
10464,3249.63,12700.02,NaN,NaN,NaN
10465,3816.65,12555.86,NaN,NaN,NaN
10466,3361.14,12628.02,NaN,NaN,NaN
10467,3890.46,13142.24,3,4,0.0000
10468,3626.38,12782.10,2,2,0.0000
10469,3765.36,12925.14,NaN,NaN,NaN
10470,3422.76,13073.66,NaN,NaN,NaN
10471,3325.98,12663.79,NaN,NaN,NaN
10472,3782.30,12450.45,0,0,0.0000
10473,3525.18,12748.64,2,4,2.0000
10474,3648.08,12898.34,NaN,NaN,NaN
10475,3260.56,13046.18,NaN,NaN,NaN
10476,3632.84,13173.92,0,0,0.0000
10477,3292.61,13103.47,2,3,0.0000
10478,3819.01,12748.40,0,0,0.0000
10479,3439.17,12779.25,NaN,NaN,NaN
10480,3626.04,12486.53,0,0,0.0000
10481,3788.77,12686.21,0,0,0.0000
10482,3731.05,12988.43,NaN,NaN,NaN
10483,3904.11,12738.82,0,0,0.0000
10484,3421.35,12894.18,NaN,NaN,NaN
10485,3352.22,13135.65,NaN,NaN,NaN
10486,3465.10,12737.55,NaN,NaN,NaN
10487,3458.41,12837.54,NaN,NaN,NaN
10488,3910.59,12419.38,0,0,0.0000
10489,3732.29,12834.44,2,8,4.0000
10490,3932.79,12485.70,NaN,NaN,NaN
10491,3692.71,12925.00,0,0,0.0000
10492,3941.38,12695.65,NaN,NaN,NaN
10493,3206.04,13141.81,0,0,0.0000
10494,3464.66,13113.29,NaN,NaN,NaN
10495,3882.51,13011.36,NaN,NaN,NaN
10496,3868.01,12609.66,NaN,NaN,NaN
10497,3813.04,13111.05,0,0,0.0000
10498,3355.92,13076.47,0,0,0.0000
10499,3212.86,12671.97,0,0,0.0000
10500,3507.89,12546.76,0,0,0.0000
10501,3670.55,12704.08,NaN,NaN,NaN
10502,3441.86,12545.07,0,0,0.0000
10503,3678.65,13122.83,0,0,0.0000
10504,3370.92,12715.52,NaN,NaN,NaN
10505,3846.02,13059.89,NaN,NaN,NaN
10506,3592.65,12455.87,NaN,NaN,NaN
10507,3649.11,12605.51,0,0,0.0000
10508,3939.44,13038.36,NaN,NaN,NaN
10509,3551.87,12424.07,NaN,NaN,NaN
10510,3857.06,12980.38,2,4,2.0000
10511,3905.47,12625.26,2,3,0.0000
10512,3873.75,12696.98,0,0,0.0000
10513,3288.50,12614.88,NaN,NaN,NaN
10514,3358.88,12754.00,NaN,NaN,NaN
10515,3298.71,12732.22,0,0,0.0000
10516,3302.22,12826.93,0,0,0.0000
10517,3681.38,12975.42,0,0,0.0000
10518,3792.56,13009.82,2,3,0.0000
10519,3281.36,12796.94,NaN,NaN,NaN
10520,3312.16,12763.74,0,0,0.0000
10521,3634.48,12960.97,NaN,NaN,NaN
10522,4206.66,12805.43,3,7,2.3333
10523,4273.38,12679.71,NaN,NaN,NaN
10524,4030.29,12737.60,NaN,NaN,NaN
10525,4196.17,12580.02,NaN,NaN,NaN
10526,4336.65,12952.09,4,3,0.0000
10527,4490.10,12565.01,0,0,0.0000
10528,4201.86,13029.93,NaN,NaN,NaN
10529,3972.83,12627.96,2,3,0.0000
10530,4407.38,12688.24,2,4,2.0000
10531,4089.20,12489.21,NaN,NaN,NaN
10532,4579.07,12427.35,4,7,0.0000
10533,4410.35,12514.67,0,0,0.0000
10534,4405.54,12855.80,5,7,0.0000
10535,4350.38,12749.85,2,6,3.0000
10536,3990.58,12538.08,0,0,0.0000
10537,4242.64,13096.80,4,7,0.0000
10538,4239.35,12457.31,3,5,0.0000
10539,4118.45,12625.64,NaN,NaN,NaN
10540,4027.82,12482.71,NaN,NaN,NaN
10541,4045.56,12624.49,NaN,NaN,NaN
10542,4044.75,12840.27,NaN,NaN,NaN
10543,4482.11,12680.97,NaN,NaN,NaN
10544,4128.64,12425.66,2,3,0.0000
10545,4148.03,12907.05,NaN,NaN,NaN
10546,4232.92,12934.94,NaN,NaN,NaN
10547,4323.46,12548.15,4,5,0.0000
10548,3972.39,12836.93,NaN,NaN,NaN
10549,3974.04,12980.13,2,4,2.0000
10550,4316.70,12477.61,NaN,NaN,NaN
10551,4024.23,12912.21,5,8,0.0000
10552,4422.45,12786.06,NaN,NaN,NaN
10553,4139.43,12995.55,3,3,0.0000
10554,4251.22,13176.83,NaN,NaN,NaN
10555,4342.27,13093.19,NaN,NaN,NaN
10556,4162.50,12690.35,2,5,2.5000
10557,4101.35,12785.63,NaN,NaN,NaN
10558,4588.09,13053.35,NaN,NaN,NaN
10559,4367.38,12422.24,0,0,0.0000
10560,4589.81,12815.29,NaN,NaN,NaN
10561,4336.84,12854.13,NaN,NaN,NaN
10562,4330.87,12429.65,2,2,0.0000
10563,4121.06,12850.26,NaN,NaN,NaN
10564,4185.80,13116.35,NaN,NaN,NaN
10565,3969.12,12456.76,0,0,0.0000
10566,4278.18,12906.48,NaN,NaN,NaN
10567,4561.84,12941.53,0,0,0.0000
10568,4286.22,12869.84,0,0,0.0000
10569,4033.34,13079.84,0,0,0.0000
10570,4079.19,12569.89,0,0,0.0000
10571,4591.73,13129.56,NaN,NaN,NaN
10572,4676.12,12445.13,NaN,NaN,NaN
10573,4605.36,12635.30,NaN,NaN,NaN
10574,4329.47,12637.29,NaN,NaN,NaN
10575,5080.52,13091.79,NaN,NaN,NaN
10576,5493.65,12672.07,NaN,NaN,NaN
10577,4937.85,13035.12,NaN,NaN,NaN
10578,5340.86,13178.21,NaN,NaN,NaN
10579,5366.08,12698.92,2,1,0.0000
10580,4945.26,12444.41,3,3,0.0000
10581,5372.86,12803.74,NaN,NaN,NaN
10582,5352.72,12578.33,0,0,0.0000
10583,5447.25,12505.41,NaN,NaN,NaN
10584,5386.05,12914.31,NaN,NaN,NaN
10585,4854.26,13057.96,NaN,NaN,NaN
10586,5258.10,12601.57,NaN,NaN,NaN
10587,5489.31,13044.44,NaN,NaN,NaN
10588,5288.20,12897.98,NaN,NaN,NaN
10589,5311.44,12445.58,2,2,0.0000
10590,4957.96,13159.68,0,0,0.0000
10591,5229.14,12462.31,2,2,0.0000
10592,5294.77,12981.61,NaN,NaN,NaN
10593,5313.10,13059.63,0,0,0.0000
10594,5285.03,12786.24,NaN,NaN,NaN
10595,5067.89,12959.35,0,0,0.0000
10596,5184.66,12836.74,NaN,NaN,NaN
10597,5222.77,13087.41,NaN,NaN,NaN
10598,5063.85,12857.84,NaN,NaN,NaN
10599,5380.09,13000.02,NaN,NaN,NaN
10600,5287.46,12676.13,NaN,NaN,NaN
10601,5439.46,12864.51,NaN,NaN,NaN
10602,4850.96,13129.51,0,0,0.0000
10603,5181.38,12745.66,NaN,NaN,NaN
10604,4891.81,12508.20,NaN,NaN,NaN
10605,5124.16,12802.88,3,9,3.0000
10606,5163.07,12907.09,NaN,NaN,NaN
10607,5139.77,13183.47,2,5,2.5000
10608,5468.29,12967.98,NaN,NaN,NaN
10609,5185.39,12998.03,0,0,0.0000
10610,5392.33,12485.93,NaN,NaN,NaN
10611,4940.49,12928.40,2,1,0.0000
10612,4902.87,13154.91,NaN,NaN,NaN
10613,5008.97,12987.11,0,0,0.0000
10614,5259.15,13169.27,0,0,0.0000
10615,5234.88,12785.23,NaN,NaN,NaN
10616,4798.80,12998.38,NaN,NaN,NaN
10617,5104.13,12926.65,0,0,0.0000
10618,5235.63,12713.49,NaN,NaN,NaN
10619,5005.74,12872.84,0,0,0.0000
10620,5148.59,12420.94,0,0,0.0000
10621,4822.22,13183.63,NaN,NaN,NaN
10622,5125.21,12870.42,2,2,0.0000
10623,5241.61,12936.40,0,0,0.0000
10624,5408.65,12601.34,NaN,NaN,NaN
10625,5492.17,13138.14,0,0,0.0000
10626,5224.43,13163.28,NaN,NaN,NaN
10627,5189.69,12643.54,NaN,NaN,NaN
10628,5452.31,12428.14,2,3,0.0000
10629,5132.46,12958.99,NaN,NaN,NaN
10630,4967.45,12511.70,0,0,0.0000
10631,5589.69,13077.77,2,1,0.0000
10632,5850.02,12998.96,NaN,NaN,NaN
10633,5540.95,12580.92,NaN,NaN,NaN
10634,5935.79,13169.13,2,1,0.0000
10635,5560.78,12941.99,NaN,NaN,NaN
10636,5936.35,13067.74,0,0,0.0000
10637,5513.99,12834.79,0,0,0.0000
10638,5779.66,12812.39,2,5,2.5000
10639,5729.59,13076.23,NaN,NaN,NaN
10640,5639.12,12764.14,NaN,NaN,NaN
10641,5783.56,12924.73,3,6,2.0000
10642,5768.67,13134.51,0,0,0.0000
10643,5895.60,12862.93,0,0,0.0000
10644,5598.82,12820.60,NaN,NaN,NaN
10645,5678.19,12960.03,NaN,NaN,NaN
10646,5941.83,12944.11,NaN,NaN,NaN
10647,5637.14,12898.19,0,0,0.0000
10648,5697.21,12858.31,2,2,0.0000
10649,5589.00,12531.98,NaN,NaN,NaN
10650,5674.90,13150.49,0,0,0.0000
10651,6001.13,13014.43,NaN,NaN,NaN
10652,5927.84,12995.74,2,5,2.5000
10653,5649.04,12583.00,0,0,0.0000
10654,5720.95,13006.46,2,4,2.0000
10655,5704.76,12696.08,NaN,NaN,NaN
10656,5808.56,12691.65,0,0,0.0000
10657,6010.84,13108.22,NaN,NaN,NaN
10658,5692.77,12746.52,NaN,NaN,NaN
10659,5632.49,12643.50,0,0,0.0000
10660,5733.32,12910.60,NaN,NaN,NaN
10661,5706.42,12643.76,NaN,NaN,NaN
10662,5838.88,12801.52,0,0,0.0000
10663,5746.99,12731.75,NaN,NaN,NaN
10664,6319.10,13101.27,NaN,NaN,NaN
10665,6399.63,13171.25,NaN,NaN,NaN
10666,6625.20,12496.90,2,4,2.0000
10667,6365.17,13093.86,NaN,NaN,NaN
10668,6564.22,12458.82,0,0,0.0000
10669,7463.65,12768.32,3,8,2.6667
10670,7682.28,12668.11,NaN,NaN,NaN
10671,7290.76,12609.49,0,0,0.0000
10672,7365.28,12675.13,NaN,NaN,NaN
10673,7470.75,12903.12,NaN,NaN,NaN
10674,7425.21,12978.84,NaN,NaN,NaN
10675,7679.70,12850.65,NaN,NaN,NaN
10676,7600.05,12528.57,3,6,2.0000
10677,7721.70,13025.56,0,0,0.0000
10678,7625.76,13107.21,3,5,0.0000
10679,7586.44,12810.88,0,0,0.0000
10680,7661.18,12768.46,0,0,0.0000
10681,7577.59,12902.29,0,0,0.0000
10682,7528.63,12656.04,NaN,NaN,NaN
10683,7398.72,12479.87,NaN,NaN,NaN
10684,7401.60,12882.23,2,2,0.0000
10685,7566.34,13171.77,NaN,NaN,NaN
10686,7342.25,12524.48,NaN,NaN,NaN
10687,7431.83,12674.54,3,5,0.0000
10688,7691.23,12936.05,NaN,NaN,NaN
10689,7468.42,12537.23,NaN,NaN,NaN
10690,7450.90,12592.25,0,0,0.0000
10691,7289.46,12513.13,NaN,NaN,NaN
10692,7668.78,13021.82,NaN,NaN,NaN
10693,7586.97,12736.44,2,4,2.0000
10694,7639.73,12708.80,NaN,NaN,NaN
10695,7351.93,12595.16,4,4,0.0000
10696,7518.84,12808.52,0,0,0.0000
10697,7733.74,13152.13,NaN,NaN,NaN
10698,7623.55,12951.87,NaN,NaN,NaN
10699,7603.08,12607.86,NaN,NaN,NaN
10700,7376.06,12755.58,0,0,0.0000
10701,7528.98,12732.80,NaN,NaN,NaN
10702,7640.36,12590.59,NaN,NaN,NaN
10703,7671.31,13098.25,NaN,NaN,NaN
10704,7650.35,12926.05,0,0,0.0000
10705,8195.66,13111.48,0,0,0.0000
10706,8016.80,12619.94,6,3,0.0000
10707,8205.89,13036.21,2,3,0.0000
10708,8169.65,13050.71,2,2,0.0000
10709,9231.33,12451.56,NaN,NaN,NaN
10710,9275.44,12581.09,2,5,2.5000
10711,9335.98,12544.96,2,4,2.0000
10712,9311.05,12449.97,NaN,NaN,NaN
10713,9326.17,12596.56,0,0,0.0000
10714,9283.48,12495.81,NaN,NaN,NaN
10715,9198.87,12490.08,NaN,NaN,NaN
10716,9456.81,12532.83,NaN,NaN,NaN
10717,9397.38,12470.29,2,2,0.0000
10718,9404.54,12589.47,NaN,NaN,NaN
10719,9470.97,12468.74,2,3,0.0000
10720,9383.66,12538.08,0,0,0.0000
10721,10782.58,12747.24,NaN,NaN,NaN
10722,10750.88,12572.16,2,2,0.0000
10723,10834.70,12631.18,0,0,0.0000
10724,10631.58,12628.64,NaN,NaN,NaN
10725,10718.19,12683.65,NaN,NaN,NaN
10726,10685.07,12815.44,0,0,0.0000
10727,10781.41,12861.76,0,0,0.0000
10728,10583.50,12841.96,NaN,NaN,NaN
10729,10616.88,12503.89,NaN,NaN,NaN
10730,10612.71,12950.75,4,4,0.0000
10731,10729.43,12929.80,NaN,NaN,NaN
10732,10564.22,12568.75,NaN,NaN,NaN
10733,10525.31,12640.17,NaN,NaN,NaN
10734,10682.16,12973.77,0,0,0.0000
10735,10674.39,12508.99,0,0,0.0000
10736,10685.29,12746.46,0,0,0.0000
10737,10558.27,12908.72,3,3,0.0000
10738,10637.38,12886.19,2,5,2.5000
10739,10705.01,12880.78,NaN,NaN,NaN
10740,10667.00,12938.10,NaN,NaN,NaN
10741,10552.97,12947.77,NaN,NaN,NaN
10742,10807.48,12501.85,0,0,0.0000
10743,10822.99,12544.91,0,0,0.0000
10744,10717.96,12503.11,NaN,NaN,NaN
10745,10589.78,12460.34,0,0,0.0000
10746,11637.03,13111.49,0,0,0.0000
10747,11601.57,12997.16,0,0,0.0000
10748,11577.15,13081.59,0,0,0.0000
10749,11598.21,12911.93,NaN,NaN,NaN
10750,11167.59,12780.56,0,0,0.0000
10751,11538.47,12932.97,0,0,0.0000
10752,11531.14,13169.95,2,3,0.0000
10753,11358.86,12644.21,0,0,0.0000
10754,11377.15,12606.43,0,0,0.0000
10755,11856.64,13046.92,2,3,0.0000
10756,11993.66,12844.33,NaN,NaN,NaN
10757,11887.86,12784.95,4,6,0.0000
10758,12369.65,12480.02,0,0,0.0000
10759,11717.22,12879.96,NaN,NaN,NaN
10760,11811.11,12931.20,NaN,NaN,NaN
10761,12216.85,12827.09,0,0,0.0000
10762,11941.74,12529.39,NaN,NaN,NaN
10763,12240.44,13053.00,4,6,0.0000
10764,12103.84,12800.59,3,2,0.0000
10765,11915.39,13150.44,NaN,NaN,NaN
10766,12150.82,12677.56,NaN,NaN,NaN
10767,12311.63,12645.31,NaN,NaN,NaN
10768,12391.71,12597.22,NaN,NaN,NaN
10769,12117.14,12920.54,0,0,0.0000
10770,11991.32,13160.47,NaN,NaN,NaN
10771,12013.74,12639.50,NaN,NaN,NaN
10772,12069.91,12585.58,NaN,NaN,NaN
10773,12186.07,12561.73,NaN,NaN,NaN
10774,11727.35,13129.02,2,4,2.0000
10775,11833.52,12695.79,NaN,NaN,NaN
10776,11688.15,12981.79,NaN,NaN,NaN
10777,12232.99,12482.94,0,0,0.0000
10778,11777.49,12804.92,0,0,0.0000
10779,11694.91,12797.09,2,5,2.5000
10780,12182.12,13111.49,NaN,NaN,NaN
10781,12237.67,12958.96,0,0,0.0000
10782,12204.79,12747.74,0,0,0.0000
10783,11943.41,12688.60,NaN,NaN,NaN
10784,12370.48,12931.62,0,0,0.0000
10785,12076.06,13099.47,2,2,0.0000
10786,12335.38,12828.80,NaN,NaN,NaN
10787,12072.17,12460.86,0,0,0.0000
10788,12022.47,12525.65,NaN,NaN,NaN
10789,11739.40,12727.20,0,0,0.0000
10790,12126.01,12526.22,NaN,NaN,NaN
10791,11868.02,12597.68,NaN,NaN,NaN
10792,12383.52,12857.88,0,0,0.0000
10793,12157.65,12997.43,0,0,0.0000
10794,12265.22,12700.19,0,0,0.0000
10795,12168.38,12442.02,0,0,0.0000
10796,11652.97,13179.39,NaN,NaN,NaN
10797,12110.92,13155.60,NaN,NaN,NaN
10798,12005.14,12459.78,0,0,0.0000
10799,12373.96,12752.10,0,0,0.0000
10800,11932.62,12610.45,4,7,0.0000
10801,12295.80,12936.33,NaN,NaN,NaN
10802,12091.37,12998.01,NaN,NaN,NaN
10803,12098.83,12644.73,0,0,0.0000
10804,11792.02,12688.52,0,0,0.0000
10805,11902.90,12645.32,NaN,NaN,NaN
10806,12313.05,12766.91,0,0,0.0000
10807,12062.22,12878.56,NaN,NaN,NaN
10808,11738.18,13021.74,NaN,NaN,NaN
10809,11812.04,13175.23,0,0,0.0000
10810,11810.52,12564.19,NaN,NaN,NaN
10811,12073.40,13149.27,NaN,NaN,NaN
10812,12365.58,12991.22,NaN,NaN,NaN
10813,11998.04,13035.49,0,0,0.0000
10814,11949.40,13082.58,0,0,0.0000
10815,12126.09,12603.74,0,0,0.0000
10816,12717.65,12610.29,NaN,NaN,NaN
10817,12733.19,12428.95,0,0,0.0000
10818,13042.97,12515.28,0,0,0.0000
10819,13064.37,12606.35,NaN,NaN,NaN
10820,12845.14,12590.24,NaN,NaN,NaN
10821,13061.00,13133.84,0,0,0.0000
10822,12659.39,12484.32,NaN,NaN,NaN
10823,12637.35,12807.16,0,0,0.0000
10824,12853.14,12482.11,NaN,NaN,NaN
10825,12441.80,12801.29,0,0,0.0000
10826,12521.63,12790.52,0,0,0.0000
10827,12830.19,12809.60,NaN,NaN,NaN
10828,12633.18,12547.51,0,0,0.0000
10829,12425.58,12692.91,NaN,NaN,NaN
10830,12835.78,12856.94,0,0,0.0000
10831,12470.29,12546.62,NaN,NaN,NaN
10832,12578.51,12825.87,NaN,NaN,NaN
10833,12912.77,13131.00,0,0,0.0000
10834,12617.83,12717.91,2,5,2.5000
10835,12942.24,12601.95,NaN,NaN,NaN
10836,12958.74,12645.51,NaN,NaN,NaN
10837,12511.81,12482.05,NaN,NaN,NaN
10838,12493.41,12875.99,NaN,NaN,NaN
10839,12536.09,12715.92,NaN,NaN,NaN
10840,12779.29,12508.44,NaN,NaN,NaN
10841,12992.88,12425.27,NaN,NaN,NaN
10842,13022.93,12702.62,0,0,0.0000
10843,13073.87,12747.62,0,0,0.0000
10844,13123.49,12466.05,NaN,NaN,NaN
10845,13175.38,13025.96,0,0,0.0000
10846,12918.27,12450.61,0,0,0.0000
10847,12841.68,12742.58,NaN,NaN,NaN
10848,12817.93,12657.52,0,0,0.0000
10849,12511.48,12609.32,NaN,NaN,NaN
10850,12766.67,12773.52,3,7,2.3333
10851,12569.97,12587.55,0,0,0.0000
10852,13144.21,12710.95,0,0,0.0000
10853,12548.74,12662.15,2,4,2.0000
10854,12467.11,12419.46,2,4,2.0000
10855,12939.62,12525.25,0,0,0.0000
10856,12816.94,13069.42,NaN,NaN,NaN
10857,13036.56,12765.31,NaN,NaN,NaN
10858,13158.86,12427.24,3,3,0.0000
10859,13009.13,12776.50,NaN,NaN,NaN
10860,12739.37,12719.27,NaN,NaN,NaN
10861,12808.75,12442.15,NaN,NaN,NaN
10862,13576.44,13068.96,NaN,NaN,NaN
10863,13420.17,13082.44,0,0,0.0000
10864,13451.71,13004.15,0,0,0.0000
10865,13206.51,12464.93,NaN,NaN,NaN
10866,13310.29,12451.50,NaN,NaN,NaN
10867,13390.37,12885.03,3,4,0.0000
10868,13513.27,12898.66,NaN,NaN,NaN
10869,13393.90,13143.71,0,0,0.0000
10870,13510.75,13177.92,0,0,0.0000
10871,13510.66,12958.08,NaN,NaN,NaN
10872,13652.23,12998.39,0,0,0.0000
10873,13187.60,13098.65,NaN,NaN,NaN
10874,13647.57,13171.52,3,4,0.0000
10875,13617.12,13022.48,0,0,0.0000
10876,13186.96,12887.12,0,0,0.0000
10877,13684.06,13041.18,0,0,0.0000
10878,13628.62,12952.41,0,0,0.0000
10879,15409.94,12434.05,NaN,NaN,NaN
10880,15301.42,12493.30,NaN,NaN,NaN
10881,15486.93,12463.03,0,0,0.0000
10882,15365.69,12492.66,0,0,0.0000
10883,15438.19,12508.04,NaN,NaN,NaN
10884,15818.68,12473.45,NaN,NaN,NaN
10885,15877.82,12824.40,NaN,NaN,NaN
10886,15707.45,12464.18,NaN,NaN,NaN
10887,16028.54,12767.44,0,0,0.0000
10888,16257.09,13036.64,NaN,NaN,NaN
10889,15767.15,12781.67,3,3,0.0000
10890,15752.17,12588.39,NaN,NaN,NaN
10891,16232.92,12839.07,NaN,NaN,NaN
10892,15979.46,12819.08,NaN,NaN,NaN
10893,15861.23,12704.89,NaN,NaN,NaN
10894,16330.82,13108.82,2,4,2.0000
10895,15876.49,12582.62,NaN,NaN,NaN
10896,16143.68,12452.74,NaN,NaN,NaN
10897,15982.24,12542.29,3,7,2.3333
10898,16291.06,12477.52,NaN,NaN,NaN
10899,15764.64,12695.33,0,0,0.0000
10900,16175.14,12853.15,NaN,NaN,NaN
10901,15962.02,12931.85,NaN,NaN,NaN
10902,16137.72,13074.68,NaN,NaN,NaN
10903,16095.96,12687.77,0,0,0.0000
10904,16134.91,12763.30,NaN,NaN,NaN
10905,16276.10,12585.37,NaN,NaN,NaN
10906,15594.25,12508.39,NaN,NaN,NaN
10907,16334.48,12547.86,0,0,0.0000
10908,16094.36,12908.94,NaN,NaN,NaN
10909,16082.97,12841.51,NaN,NaN,NaN
10910,16006.99,13062.65,NaN,NaN,NaN
10911,15860.85,12931.77,0,0,0.0000
10912,15681.11,12643.61,0,0,0.0000
10913,15610.35,12458.32,NaN,NaN,NaN
10914,16224.73,12959.91,NaN,NaN,NaN
10915,15541.19,12436.75,2,5,2.5000
10916,15734.92,12884.44,0,0,0.0000
10917,15602.12,12567.78,0,0,0.0000
10918,16263.64,12685.69,NaN,NaN,NaN
10919,16073.76,12478.55,NaN,NaN,NaN
10920,16266.24,12758.00,NaN,NaN,NaN
10921,16326.86,12701.35,NaN,NaN,NaN
10922,16080.49,13127.80,NaN,NaN,NaN
10923,15930.83,12683.88,NaN,NaN,NaN
10924,15995.29,13124.64,0,0,0.0000
10925,15701.75,12832.35,0,0,0.0000
10926,15936.49,12886.49,NaN,NaN,NaN
10927,16129.10,13159.47,NaN,NaN,NaN
10928,16205.49,12583.55,NaN,NaN,NaN
10929,16002.97,12687.55,0,0,0.0000
10930,16332.72,12804.58,NaN,NaN,NaN
10931,16283.09,12927.92,0,0,0.0000
10932,15678.29,12570.20,NaN,NaN,NaN
10933,15805.39,12898.94,0,0,0.0000
10934,15934.31,13003.35,0,0,0.0000
10935,15864.49,12514.62,NaN,NaN,NaN
10936,16044.21,12620.60,0,0,0.0000
10937,16165.47,12964.61,NaN,NaN,NaN
10938,16218.62,12668.53,NaN,NaN,NaN
10939,16133.78,13013.40,0,0,0.0000
10940,16266.75,13142.03,0,0,0.0000
10941,16036.47,12983.05,0,0,0.0000
10942,15613.49,12645.09,0,0,0.0000
10943,15824.46,12557.11,0,0,0.0000
10944,15655.07,12535.22,NaN,NaN,NaN
10945,15636.24,12697.49,0,0,0.0000
10946,16302.78,12846.92,0,0,0.0000
10947,15866.43,12975.79,0,0,0.0000
10948,16340.94,13005.15,0,0,0.0000
10949,15913.18,12488.38,0,0,0.0000
10950,16195.73,12717.90,0,0,0.0000
10951,16170.39,12599.90,0,0,0.0000
10952,611.33,13717.22,NaN,NaN,NaN
10953,477.78,13949.28,0,0,0.0000
10954,583.32,13899.20,NaN,NaN,NaN
10955,408.85,13805.23,2,2,0.0000
10956,502.88,13625.79,0,0,0.0000
10957,742.48,13511.93,NaN,NaN,NaN
10958,639.54,13274.14,0,0,0.0000
10959,484.47,13491.84,2,5,2.5000
10960,402.62,13690.00,NaN,NaN,NaN
10961,717.60,13306.71,0,0,0.0000
10962,580.30,13576.67,0,0,0.0000
10963,610.91,13223.24,NaN,NaN,NaN
10964,671.76,13626.20,0,0,0.0000
10965,552.44,13817.02,NaN,NaN,NaN
10966,387.13,13209.03,2,3,0.0000
10967,814.98,13375.56,0,0,0.0000
10968,345.69,13273.19,0,0,0.0000
10969,257.27,13257.79,NaN,NaN,NaN
10970,441.21,13252.38,3,4,0.0000
10971,618.67,13380.31,NaN,NaN,NaN
10972,420.36,13619.27,3,4,0.0000
10973,39.75,13803.78,NaN,NaN,NaN
10974,722.72,13857.40,0,0,0.0000
10975,234.70,13327.12,0,0,0.0000
10976,479.21,13414.49,NaN,NaN,NaN
10977,750.34,13612.02,0,0,0.0000
10978,518.90,13736.32,2,4,2.0000
10979,377.52,13397.93,NaN,NaN,NaN
10980,521.01,13556.11,0,0,0.0000
10981,338.59,13711.03,NaN,NaN,NaN
10982,770.94,13806.77,0,0,0.0000
10983,836.08,13764.28,0,0,0.0000
10984,150.27,13211.48,NaN,NaN,NaN
10985,405.75,13304.45,NaN,NaN,NaN
10986,698.30,13940.60,NaN,NaN,NaN
10987,640.54,13935.55,0,0,0.0000
10988,721.40,13777.66,NaN,NaN,NaN
10989,666.03,13790.16,0,0,0.0000
10990,350.39,13597.16,NaN,NaN,NaN
10991,777.16,13297.57,NaN,NaN,NaN
10992,784.26,13880.17,NaN,NaN,NaN
10993,189.63,13239.77,2,2,0.0000
10994,895.41,13827.77,NaN,NaN,NaN
10995,380.79,13558.32,NaN,NaN,NaN
10996,873.21,13523.80,NaN,NaN,NaN
10997,62.74,13576.58,NaN,NaN,NaN
10998,245.58,13185.36,NaN,NaN,NaN
10999,509.53,13872.12,NaN,NaN,NaN
11000,816.95,13501.22,NaN,NaN,NaN
11001,874.03,13603.77,2,4,2.0000
11002,392.76,13866.76,NaN,NaN,NaN
11003,570.10,13491.57,2,2,0.0000
11004,892.62,13945.30,NaN,NaN,NaN
11005,557.32,13398.32,NaN,NaN,NaN
11006,681.67,13413.33,NaN,NaN,NaN
11007,534.87,13233.36,NaN,NaN,NaN
11008,657.02,13451.94,NaN,NaN,NaN
11009,655.18,13336.87,3,6,2.0000
11010,54.21,13490.83,0,0,0.0000
11011,95.05,13681.91,NaN,NaN,NaN
11012,343.77,13526.70,0,0,0.0000
11013,654.65,13510.15,NaN,NaN,NaN
11014,445.31,13346.79,2,2,0.0000
11015,446.94,13881.42,3,0,0.0000
11016,763.86,13735.42,2,3,0.0000
11017,573.96,13773.73,0,0,0.0000
11018,500.04,13681.82,NaN,NaN,NaN
11019,670.87,13565.44,NaN,NaN,NaN
11020,506.29,13351.57,NaN,NaN,NaN
11021,218.92,13285.22,NaN,NaN,NaN
11022,415.23,13512.01,NaN,NaN,NaN
11023,801.31,13601.49,0,0,0.0000
11024,829.65,13670.82,2,3,0.0000
11025,801.73,13427.49,NaN,NaN,NaN
11026,688.31,13678.83,0,0,0.0000
11027,749.19,13384.99,NaN,NaN,NaN
11028,839.93,13951.10,0,0,0.0000
11029,847.66,13468.52,0,0,0.0000
11030,474.33,13209.85,2,3,0.0000
11031,795.03,13933.49,0,0,0.0000
11032,587.21,13330.47,NaN,NaN,NaN
11033,780.15,13700.42,NaN,NaN,NaN
11034,326.02,13412.07,0,0,0.0000
11035,443.37,13558.67,2,3,0.0000
11036,634.47,13854.46,2,2,0.0000
11037,734.78,13436.19,NaN,NaN,NaN
11038,550.13,13332.73,3,4,0.0000
11039,750.90,13240.13,NaN,NaN,NaN
11040,838.77,13822.81,0,0,0.0000
11041,63.74,13439.58,NaN,NaN,NaN
11042,317.46,13492.92,0,0,0.0000
11043,609.45,13615.27,NaN,NaN,NaN
11044,611.85,13525.69,NaN,NaN,NaN
11045,444.77,13676.39,0,0,0.0000
11046,465.57,13772.99,0,0,0.0000
11047,467.20,13836.49,2,2,0.0000
11048,877.41,13420.59,NaN,NaN,NaN
11049,701.16,13385.57,NaN,NaN,NaN
11050,788.35,13651.42,0,0,0.0000
11051,724.56,13571.27,0,0,0.0000
11052,362.38,13468.56,4,4,0.0000
11053,878.24,13907.80,NaN,NaN,NaN
11054,617.26,13463.07,0,0,0.0000
11055,870.28,13722.21,NaN,NaN,NaN
11056,838.79,13868.73,0,0,0.0000
11057,615.15,13663.80,0,0,0.0000
11058,713.08,13469.83,0,0,0.0000
11059,408.74,13756.57,NaN,NaN,NaN
11060,832.45,13623.26,0,0,0.0000
11061,620.99,13815.45,NaN,NaN,NaN
11062,704.62,13727.71,0,0,0.0000
11063,362.13,13345.35,0,0,0.0000
11064,824.78,13716.53,NaN,NaN,NaN
11065,500.65,13258.64,NaN,NaN,NaN
11066,435.77,13382.14,0,0,0.0000
11067,821.31,13564.24,NaN,NaN,NaN
11068,773.92,13437.62,0,0,0.0000
11069,413.08,13427.80,0,0,0.0000
11070,799.11,13538.79,0,0,0.0000
11071,724.90,13687.01,0,0,0.0000
11072,1310.80,13764.68,3,5,0.0000
11073,1397.37,13737.28,3,5,0.0000
11074,1119.99,13902.18,NaN,NaN,NaN
11075,1320.84,13658.22,NaN,NaN,NaN
11076,937.62,13748.02,NaN,NaN,NaN
11077,1197.04,13782.78,0,0,0.0000
11078,1096.53,13707.89,3,6,2.0000
11079,1132.44,13815.89,0,0,0.0000
11080,902.99,13667.99,2,3,0.0000
11081,1208.12,13925.97,NaN,NaN,NaN
11082,1268.03,13887.93,2,2,0.0000
11083,1147.76,13686.16,2,4,2.0000
11084,1087.35,13574.71,NaN,NaN,NaN
11085,1448.72,13641.78,2,4,2.0000
11086,1244.04,13826.50,NaN,NaN,NaN
11087,1411.63,13810.37,NaN,NaN,NaN
11088,1481.02,13725.47,NaN,NaN,NaN
11089,1032.51,13731.27,0,0,0.0000
11090,1220.88,13637.63,2,4,2.0000
11091,994.52,13803.96,NaN,NaN,NaN
11092,1538.18,13652.41,2,1,0.0000
11093,944.75,13890.47,2,3,0.0000
11094,1017.47,13576.17,4,3,0.0000
11095,1343.60,13860.15,0,0,0.0000
11096,940.15,13405.97,2,3,0.0000
11097,1216.40,13714.17,NaN,NaN,NaN
11098,952.11,13609.53,NaN,NaN,NaN
11099,1079.92,13794.80,NaN,NaN,NaN
11100,946.61,13509.46,NaN,NaN,NaN
11101,1619.07,13843.59,NaN,NaN,NaN
11102,1255.42,13683.44,NaN,NaN,NaN
11103,999.00,13502.78,NaN,NaN,NaN
11104,1033.42,13881.79,NaN,NaN,NaN
11105,1586.06,13780.14,NaN,NaN,NaN
11106,1361.18,13628.39,NaN,NaN,NaN
11107,927.09,13453.21,NaN,NaN,NaN
11108,1532.15,13580.59,0,0,0.0000
11109,967.39,13670.26,0,0,0.0000
11110,1312.15,13922.43,0,0,0.0000
11111,1062.82,13620.81,NaN,NaN,NaN
11112,1544.45,13725.43,2,2,0.0000
11113,1010.05,13845.96,NaN,NaN,NaN
11114,964.02,13558.86,NaN,NaN,NaN
11115,998.03,13896.22,0,0,0.0000
11116,1076.65,13851.82,2,2,0.0000
11117,948.04,13824.78,0,0,0.0000
11118,915.89,13557.31,NaN,NaN,NaN
11119,1529.48,13769.56,0,0,0.0000
11120,1723.18,13912.63,2,1,0.0000
11121,3142.26,13291.94,NaN,NaN,NaN
11122,3010.21,13255.70,0,0,0.0000
11123,3092.54,13360.61,NaN,NaN,NaN
11124,3075.02,13276.61,NaN,NaN,NaN
11125,2518.57,13891.72,0,0,0.0000
11126,3090.99,13440.89,NaN,NaN,NaN
11127,3122.96,13519.10,NaN,NaN,NaN
11128,3152.35,13385.45,0,0,0.0000
11129,2481.63,13842.94,2,1,0.0000
11130,3034.45,13204.20,0,0,0.0000
11131,3172.95,13234.47,3,3,0.0000
11132,3048.47,13327.53,0,0,0.0000
11133,3052.17,13391.54,NaN,NaN,NaN
11134,3015.85,13315.92,0,0,0.0000
11135,3164.86,13186.25,0,0,0.0000
11136,3889.54,13590.28,NaN,NaN,NaN
11137,3510.54,13675.91,NaN,NaN,NaN
11138,3627.05,13263.90,0,0,0.0000
11139,3286.31,13371.94,NaN,NaN,NaN
11140,3703.83,13861.44,NaN,NaN,NaN
11141,3788.05,13415.23,NaN,NaN,NaN
11142,3583.88,13788.79,NaN,NaN,NaN
11143,3741.76,13273.12,NaN,NaN,NaN
11144,3508.73,13584.44,0,0,0.0000
11145,3725.50,13729.19,2,6,3.0000
11146,3599.80,13723.34,NaN,NaN,NaN
11147,3912.50,13945.84,0,0,0.0000
11148,3496.32,13489.66,NaN,NaN,NaN
11149,3715.42,13652.40,NaN,NaN,NaN
11150,3822.06,13185.21,4,6,0.0000
11151,3927.75,13303.78,0,0,0.0000
11152,3696.34,13769.42,NaN,NaN,NaN
11153,3583.71,13517.16,0,0,0.0000
11154,3600.27,13337.65,NaN,NaN,NaN
11155,3542.35,13217.23,3,3,0.0000
11156,3336.50,13221.77,2,5,2.5000
11157,3889.09,13229.75,NaN,NaN,NaN
11158,3386.99,13276.82,NaN,NaN,NaN
11159,3433.49,13457.25,NaN,NaN,NaN
11160,3562.87,13867.50,0,0,0.0000
11161,3856.07,13301.95,2,3,0.0000
11162,3715.74,13433.74,NaN,NaN,NaN
11163,3506.24,13306.24,0,0,0.0000
11164,3883.29,13437.18,NaN,NaN,NaN
11165,3846.28,13708.41,0,0,0.0000
11166,3931.98,13709.50,NaN,NaN,NaN
11167,3827.69,13494.46,0,0,0.0000
11168,3302.41,13490.80,0,0,0.0000
11169,3676.52,13594.93,0,0,0.0000
11170,3665.13,13935.90,NaN,NaN,NaN
11171,3432.17,13395.24,NaN,NaN,NaN
11172,3469.95,13783.33,NaN,NaN,NaN
11173,3893.91,13870.45,NaN,NaN,NaN
11174,3952.79,13827.09,0,0,0.0000
11175,3281.30,13574.20,NaN,NaN,NaN
11176,3798.69,13884.57,3,3,0.0000
11177,3646.54,13410.42,0,0,0.0000
11178,3635.54,13457.14,0,0,0.0000
11179,3824.68,13341.02,NaN,NaN,NaN
11180,3556.69,13445.98,0,0,0.0000
11181,3348.05,13564.71,NaN,NaN,NaN
11182,3286.56,13671.69,0,0,0.0000
11183,3220.02,13290.38,NaN,NaN,NaN
11184,3500.94,13857.64,NaN,NaN,NaN
11185,3731.44,13495.04,NaN,NaN,NaN
11186,3788.98,13689.18,NaN,NaN,NaN
11187,3438.40,13713.06,NaN,NaN,NaN
11188,3226.31,13213.52,0,0,0.0000
11189,3456.52,13317.94,NaN,NaN,NaN
11190,3419.55,13591.61,3,5,0.0000
11191,3542.54,13943.15,NaN,NaN,NaN
11192,3716.34,13539.05,NaN,NaN,NaN
11193,3352.83,13628.92,0,0,0.0000
11194,3422.78,13651.22,NaN,NaN,NaN
11195,3819.48,13808.99,3,6,2.0000
11196,3390.94,13190.06,NaN,NaN,NaN
11197,3362.48,13494.95,NaN,NaN,NaN
11198,3371.60,13747.52,0,0,0.0000
11199,3773.35,13556.60,2,6,3.0000
11200,3208.47,13378.36,NaN,NaN,NaN
11201,3632.20,13589.89,0,0,0.0000
11202,3614.44,13873.21,NaN,NaN,NaN
11203,3428.74,13539.34,2,3,0.0000
11204,3346.98,13333.48,NaN,NaN,NaN
11205,3212.31,13529.87,NaN,NaN,NaN
11206,3826.27,13764.53,NaN,NaN,NaN
11207,3407.17,13334.50,0,0,0.0000
11208,3853.88,13920.22,3,3,0.0000
11209,3699.33,13204.29,0,0,0.0000
11210,3891.08,13823.07,NaN,NaN,NaN
11211,3606.35,13634.47,NaN,NaN,NaN
11212,3466.02,13221.17,NaN,NaN,NaN
11213,3481.37,13894.40,0,0,0.0000
11214,3794.71,13606.83,3,4,0.0000
11215,3432.47,13232.99,NaN,NaN,NaN
11216,3717.65,13359.46,4,5,0.0000
11217,3766.36,13936.86,NaN,NaN,NaN
11218,3504.74,13367.45,3,3,0.0000
11219,3208.10,13598.75,NaN,NaN,NaN
11220,3369.77,13395.91,NaN,NaN,NaN
11221,3533.71,13387.21,NaN,NaN,NaN
11222,3598.25,13945.07,0,0,0.0000
11223,3942.95,13200.04,0,0,0.0000
11224,3826.22,13562.85,0,0,0.0000
11225,3751.15,13208.52,0,0,0.0000
11226,3882.70,13771.11,NaN,NaN,NaN
11227,3235.92,13435.88,0,0,0.0000
11228,3649.41,13520.43,2,2,0.0000
11229,3992.86,13435.69,NaN,NaN,NaN
11230,4101.06,13674.69,3,4,0.0000
11231,4194.71,13931.24,NaN,NaN,NaN
11232,3999.05,13938.73,NaN,NaN,NaN
11233,4052.23,13877.22,0,0,0.0000
11234,4101.23,13478.49,2,2,0.0000
11235,4128.81,13580.60,NaN,NaN,NaN
11236,3973.72,13586.60,NaN,NaN,NaN
11237,3980.61,13768.92,NaN,NaN,NaN
11238,3996.18,13274.04,NaN,NaN,NaN
11239,4257.01,13842.78,NaN,NaN,NaN
11240,4065.68,13750.22,NaN,NaN,NaN
11241,4029.85,13813.43,2,3,0.0000
11242,4174.58,13849.59,0,0,0.0000
11243,4188.95,13643.16,NaN,NaN,NaN
11244,3998.20,13192.35,0,0,0.0000
11245,4004.40,13713.44,0,0,0.0000
11246,4285.92,13915.61,0,0,0.0000
11247,4015.45,13531.40,NaN,NaN,NaN
11248,4191.88,13737.81,NaN,NaN,NaN
11249,4156.67,13527.76,0,0,0.0000
11250,4040.49,13609.45,0,0,0.0000
11251,4160.90,13702.29,2,1,0.0000
11252,4188.91,13586.28,NaN,NaN,NaN
11253,4067.10,13535.71,0,0,0.0000
11254,4200.99,13693.87,NaN,NaN,NaN
11255,4227.56,13608.20,NaN,NaN,NaN
11256,4129.25,13748.44,NaN,NaN,NaN
11257,4226.01,13672.80,0,0,0.0000
11258,4008.91,13657.90,0,0,0.0000
11259,4230.35,13727.21,0,0,0.0000
11260,4206.43,13811.69,2,5,2.5000
11261,5453.71,13876.40,NaN,NaN,NaN
11262,5496.87,13220.02,NaN,NaN,NaN
11263,5314.54,13337.31,3,5,0.0000
11264,5179.48,13838.08,NaN,NaN,NaN
11265,5210.33,13319.95,NaN,NaN,NaN
11266,5317.27,13712.50,3,5,0.0000
11267,4924.82,13743.92,NaN,NaN,NaN
11268,5045.81,13318.79,2,4,2.0000
11269,5248.63,13418.74,NaN,NaN,NaN
11270,5020.23,13409.80,0,0,0.0000
11271,5346.96,13800.86,2,1,0.0000
11272,5408.48,13257.00,NaN,NaN,NaN
11273,5149.78,13273.25,NaN,NaN,NaN
11274,5431.14,13663.76,NaN,NaN,NaN
11275,5493.84,13588.00,NaN,NaN,NaN
11276,4961.96,13313.84,NaN,NaN,NaN
11277,4963.58,13239.32,NaN,NaN,NaN
11278,5143.12,13535.82,NaN,NaN,NaN
11279,5427.06,13495.70,0,0,0.0000
11280,5069.33,13227.60,2,4,2.0000
11281,5205.67,13589.58,2,4,2.0000
11282,4845.04,13228.95,NaN,NaN,NaN
11283,5158.72,13720.81,NaN,NaN,NaN
11284,5226.00,13902.56,NaN,NaN,NaN
11285,5411.19,13552.49,NaN,NaN,NaN
11286,5453.85,13318.55,NaN,NaN,NaN
11287,5239.07,13793.47,0,0,0.0000
11288,5235.00,13711.70,NaN,NaN,NaN
11289,5333.53,13423.62,2,5,2.5000
11290,5311.97,13855.86,NaN,NaN,NaN
11291,5356.34,13609.78,NaN,NaN,NaN
11292,4954.57,13826.69,2,5,2.5000
11293,5257.72,13480.63,NaN,NaN,NaN
11294,5142.62,13381.58,0,0,0.0000
11295,5479.55,13692.60,NaN,NaN,NaN
11296,5269.60,13607.04,2,4,2.0000
11297,5279.61,13653.81,2,5,2.5000
11298,5015.60,13678.96,NaN,NaN,NaN
11299,5098.25,13477.65,0,0,0.0000
11300,5072.77,13732.29,NaN,NaN,NaN
11301,5108.64,13594.48,0,0,0.0000
11302,5492.05,13426.66,3,4,0.0000
11303,5321.79,13479.92,3,2,0.0000
11304,5131.66,13911.41,0,0,0.0000
11305,5084.81,13649.73,4,4,0.0000
11306,4899.48,13233.27,NaN,NaN,NaN
11307,5159.45,13429.86,NaN,NaN,NaN
11308,4882.35,13306.22,NaN,NaN,NaN
11309,4932.18,13370.62,0,0,0.0000
11310,5202.38,13200.37,0,0,0.0000
11311,5009.02,13748.66,3,4,0.0000
11312,4970.83,13903.47,NaN,NaN,NaN
11313,4954.86,13689.99,2,3,0.0000
11314,4877.22,13354.76,0,0,0.0000
11315,5428.24,13594.31,0,0,0.0000
11316,5446.79,13773.66,0,0,0.0000
11317,4864.25,13918.71,NaN,NaN,NaN
11318,5293.04,13562.19,NaN,NaN,NaN
11319,4913.26,13905.19,NaN,NaN,NaN
11320,5199.18,13655.80,NaN,NaN,NaN
11321,4835.53,13280.58,0,0,0.0000
11322,5346.92,13557.41,0,0,0.0000
11323,5085.02,13394.41,0,0,0.0000
11324,5425.75,13420.59,0,0,0.0000
11325,5203.39,13502.70,NaN,NaN,NaN
11326,5156.78,13618.77,NaN,NaN,NaN
11327,5401.98,13322.96,3,6,2.0000
11328,5469.03,13376.31,0,0,0.0000
11329,5374.19,13687.31,0,0,0.0000
11330,5142.69,13655.22,NaN,NaN,NaN
11331,5403.29,13707.81,NaN,NaN,NaN
11332,5811.87,13237.67,NaN,NaN,NaN
11333,5784.02,13562.10,3,5,0.0000
11334,5965.36,13809.87,2,5,2.5000
11335,5870.18,13893.33,NaN,NaN,NaN
11336,5677.36,13698.27,NaN,NaN,NaN
11337,5709.04,13408.45,NaN,NaN,NaN
11338,5533.93,13493.86,0,0,0.0000
11339,5852.53,13754.34,0,0,0.0000
11340,5910.39,13453.52,NaN,NaN,NaN
11341,5722.33,13887.16,0,0,0.0000
11342,5552.84,13335.37,0,0,0.0000
11343,5786.87,13340.48,0,0,0.0000
11344,5916.91,13637.84,0,0,0.0000
11345,5985.68,13448.86,2,3,0.0000
11346,5905.86,13564.49,NaN,NaN,NaN
11347,5525.72,13778.81,NaN,NaN,NaN
11348,5627.85,13881.17,NaN,NaN,NaN
11349,5554.49,13895.92,NaN,NaN,NaN
11350,5585.84,13417.68,NaN,NaN,NaN
11351,5618.95,13211.52,0,0,0.0000
11352,6044.89,13467.96,NaN,NaN,NaN
11353,5726.54,13766.95,NaN,NaN,NaN
11354,6001.40,13698.66,0,0,0.0000
11355,5656.38,13350.89,NaN,NaN,NaN
11356,5987.83,13923.89,NaN,NaN,NaN
11357,6020.66,13564.99,NaN,NaN,NaN
11358,6046.26,13947.06,0,0,0.0000
11359,5780.62,13789.16,0,0,0.0000
11360,6036.14,13369.66,2,3,0.0000
11361,5597.40,13537.31,0,0,0.0000
11362,5657.43,13813.78,3,5,0.0000
11363,5600.30,13678.87,0,0,0.0000
11364,5842.43,13407.11,NaN,NaN,NaN
11365,5903.18,13346.56,0,0,0.0000
11366,5664.33,13517.82,0,0,0.0000
11367,5530.18,13628.22,0,0,0.0000
11368,5587.38,13752.59,0,0,0.0000
11369,5662.51,13593.96,NaN,NaN,NaN
11370,5779.61,13486.96,NaN,NaN,NaN
11371,5965.59,13361.33,3,5,0.0000
11372,5684.66,13868.69,3,3,0.0000
11373,5693.28,13268.98,0,0,0.0000
11374,5624.09,13311.08,2,4,2.0000
11375,5801.46,13449.00,NaN,NaN,NaN
11376,5931.50,13257.04,NaN,NaN,NaN
11377,5629.29,13618.01,0,0,0.0000
11378,6067.72,13851.66,2,2,0.0000
11379,5585.48,13622.95,0,0,0.0000
11380,5674.79,13467.11,NaN,NaN,NaN
11381,5996.76,13614.63,0,0,0.0000
11382,5706.10,13345.69,2,10,5.0000
11383,6492.94,13383.93,NaN,NaN,NaN
11384,6392.51,13293.63,NaN,NaN,NaN
11385,6450.71,13316.18,2,2,0.0000
11386,6336.25,13195.03,2,9,4.5000
11387,6450.22,13231.42,NaN,NaN,NaN
11388,7497.40,13303.77,NaN,NaN,NaN
11389,7447.46,13236.56,NaN,NaN,NaN
11390,7682.19,13186.86,4,8,2.0000
11391,7548.72,13396.54,0,0,0.0000
11392,7710.13,13268.20,NaN,NaN,NaN
11393,7573.79,13258.19,3,3,0.0000
11394,7609.35,13222.60,0,0,0.0000
11395,7574.60,13346.67,0,0,0.0000
11396,7653.65,13360.18,0,0,0.0000
11397,7641.93,13681.32,NaN,NaN,NaN
11398,7418.20,13192.87,NaN,NaN,NaN
11399,7527.29,13214.36,2,2,0.0000
11400,7502.15,13378.55,0,0,0.0000
11401,8138.12,13437.92,0,0,0.0000
11402,8201.85,13257.40,NaN,NaN,NaN
11403,8233.51,13780.95,2,5,2.5000
11404,8143.90,13536.46,0,0,0.0000
11405,8123.18,13224.63,NaN,NaN,NaN
11406,8043.45,13451.85,NaN,NaN,NaN
11407,8048.39,13676.98,NaN,NaN,NaN
11408,8195.15,13668.83,0,0,0.0000
11409,8223.38,13406.38,0,0,0.0000
11410,8103.85,13670.14,NaN,NaN,NaN
11411,8272.94,13906.23,NaN,NaN,NaN
11412,8133.50,13737.03,3,5,0.0000
11413,8214.87,13940.35,0,0,0.0000
11414,8000.67,13361.48,NaN,NaN,NaN
11415,8223.04,13598.72,NaN,NaN,NaN
11416,8171.99,13815.51,NaN,NaN,NaN
11417,7954.32,13468.33,0,0,0.0000
11418,8198.10,13870.73,NaN,NaN,NaN
11419,7998.41,13720.02,NaN,NaN,NaN
11420,8042.79,13605.98,NaN,NaN,NaN
11421,8057.60,13542.46,NaN,NaN,NaN
11422,7965.06,13751.74,NaN,NaN,NaN
11423,8110.71,13801.68,0,0,0.0000
11424,8294.58,13841.72,NaN,NaN,NaN
11425,8290.47,13781.29,2,2,0.0000
11426,8327.40,13214.14,NaN,NaN,NaN
11427,8083.41,13747.64,NaN,NaN,NaN
11428,8116.95,13330.01,NaN,NaN,NaN
11429,8103.42,13367.11,NaN,NaN,NaN
11430,8008.86,13514.79,NaN,NaN,NaN
11431,7980.89,13408.06,0,0,0.0000
11432,8122.15,13602.61,0,0,0.0000
11433,8241.03,13341.35,NaN,NaN,NaN
11434,8155.87,13333.20,NaN,NaN,NaN
11435,8258.11,13870.53,0,0,0.0000
11436,8275.11,13731.42,0,0,0.0000
11437,8030.67,13749.73,NaN,NaN,NaN
11438,8339.73,13872.05,NaN,NaN,NaN
11439,8186.73,13592.83,0,0,0.0000
11440,8045.40,13786.62,NaN,NaN,NaN
11441,7903.68,13552.96,NaN,NaN,NaN
11442,8042.92,13308.36,NaN,NaN,NaN
11443,8069.29,13823.64,NaN,NaN,NaN
11444,8138.58,13631.24,0,0,0.0000
11445,8013.77,13638.90,NaN,NaN,NaN
11446,9329.80,13681.82,0,0,0.0000
11447,9381.94,13884.68,3,1,0.0000
11448,9421.47,13811.86,2,3,0.0000
11449,9414.88,13929.87,NaN,NaN,NaN
11450,9425.74,13688.88,0,0,0.0000
11451,9495.82,13831.95,0,0,0.0000
11452,9372.92,13606.11,NaN,NaN,NaN
11453,9373.63,13653.70,0,0,0.0000
11454,9373.98,13775.43,0,0,0.0000
11455,10847.52,13635.89,NaN,NaN,NaN
11456,10290.66,13397.93,0,0,0.0000
11457,10398.41,13437.86,NaN,NaN,NaN
11458,10263.72,13324.41,NaN,NaN,NaN
11459,10189.05,13221.04,0,0,0.0000
11460,10883.70,13557.87,0,0,0.0000
11461,10939.79,13524.29,0,0,0.0000
11462,11604.79,13253.51,3,8,2.6667
11463,11638.25,13314.52,0,0,0.0000
11464,12337.35,13926.53,NaN,NaN,NaN
11465,11907.20,13251.34,NaN,NaN,NaN
11466,11802.25,13302.54,NaN,NaN,NaN
11467,12076.63,13922.82,NaN,NaN,NaN
11468,12329.69,13828.32,NaN,NaN,NaN
11469,12230.18,13899.73,NaN,NaN,NaN
11470,12271.21,13935.13,0,0,0.0000
11471,12057.60,13189.04,NaN,NaN,NaN
11472,12160.97,13920.15,0,0,0.0000
11473,11834.94,13231.95,NaN,NaN,NaN
11474,12020.36,13228.03,NaN,NaN,NaN
11475,11740.14,13318.03,0,0,0.0000
11476,11700.23,13304.78,0,0,0.0000
11477,12216.51,13836.03,0,0,0.0000
11478,12176.08,13873.24,2,2,0.0000
11479,13106.62,13488.91,NaN,NaN,NaN
11480,13022.69,13826.03,NaN,NaN,NaN
11481,13038.35,13603.75,0,0,0.0000
11482,13107.46,13203.93,0,0,0.0000
11483,12940.22,13215.21,0,0,0.0000
11484,12997.74,13316.33,NaN,NaN,NaN
11485,12861.71,13916.84,NaN,NaN,NaN
11486,12628.39,13826.72,4,7,0.0000
11487,12821.68,13599.27,2,3,0.0000
11488,12762.33,13289.83,NaN,NaN,NaN
11489,12789.08,13762.85,0,0,0.0000
11490,13149.29,13343.39,NaN,NaN,NaN
11491,12871.74,13335.05,NaN,NaN,NaN
11492,13085.53,13297.15,NaN,NaN,NaN
11493,12859.31,13511.67,0,0,0.0000
11494,12736.02,13458.15,NaN,NaN,NaN
11495,13153.50,13728.52,3,9,3.0000
11496,12931.02,13468.06,0,0,0.0000
11497,12949.20,13642.57,NaN,NaN,NaN
11498,12947.04,13716.72,0,0,0.0000
11499,12453.62,13878.89,NaN,NaN,NaN
11500,12673.33,13927.81,NaN,NaN,NaN
11501,12542.38,13839.95,0,0,0.0000
11502,13095.14,13847.15,4,8,2.0000
11503,12482.59,13754.25,0,0,0.0000
11504,12644.70,13737.04,0,0,0.0000
11505,12730.59,13622.41,0,0,0.0000
11506,12660.31,13502.37,NaN,NaN,NaN
11507,12697.80,13719.75,0,0,0.0000
11508,12691.08,13571.44,4,6,0.0000
11509,12878.50,13777.49,0,0,0.0000
11510,12841.87,13249.45,NaN,NaN,NaN
11511,12913.90,13401.61,2,5,2.5000
11512,12686.50,13313.84,0,0,0.0000
11513,12801.43,13446.41,0,0,0.0000
11514,12657.19,13370.96,NaN,NaN,NaN
11515,12754.63,13843.41,0,0,0.0000
11516,12464.53,13821.99,0,0,0.0000
11517,12879.03,13666.59,0,0,0.0000
11518,12733.17,13890.81,NaN,NaN,NaN
11519,12566.25,13562.72,0,0,0.0000
11520,12789.52,13884.59,NaN,NaN,NaN
11521,12740.83,13666.84,0,0,0.0000
11522,12923.03,13865.15,3,5,0.0000
11523,12828.13,13684.54,0,0,0.0000
11524,12518.01,13922.34,NaN,NaN,NaN
11525,13183.72,13668.53,0,0,0.0000
11526,12681.11,13400.95,0,0,0.0000
11527,13315.43,13237.12,NaN,NaN,NaN
11528,13305.02,13447.52,0,0,0.0000
11529,13200.40,13951.91,3,7,2.3333
11530,13547.61,13369.01,0,0,0.0000
11531,13583.36,13184.28,4,7,0.0000
11532,13484.29,13240.53,2,4,2.0000
11533,13465.22,13503.64,NaN,NaN,NaN
11534,13719.59,13750.95,NaN,NaN,NaN
11535,13341.20,13813.97,NaN,NaN,NaN
11536,13205.59,13817.02,NaN,NaN,NaN
11537,13491.37,13950.73,NaN,NaN,NaN
11538,13222.40,13359.47,3,4,0.0000
11539,13485.98,13691.20,NaN,NaN,NaN
11540,13234.90,13557.52,NaN,NaN,NaN
11541,13657.29,13279.58,2,4,2.0000
11542,13315.64,13591.05,2,2,0.0000
11543,13615.26,13626.31,NaN,NaN,NaN
11544,13631.47,13801.59,0,0,0.0000
11545,13195.96,13214.12,NaN,NaN,NaN
11546,13610.24,13883.72,NaN,NaN,NaN
11547,13573.84,13742.95,2,3,0.0000
11548,13260.98,13864.42,2,4,2.0000
11549,13523.92,13524.85,NaN,NaN,NaN
11550,13579.51,13475.18,NaN,NaN,NaN
11551,13412.44,13386.02,NaN,NaN,NaN
11552,13325.92,13914.41,0,0,0.0000
11553,13472.97,13340.61,2,3,0.0000
11554,13429.14,13597.27,NaN,NaN,NaN
11555,13425.74,13940.20,0,0,0.0000
11556,13248.74,13650.23,2,2,0.0000
11557,13649.24,13744.93,NaN,NaN,NaN
11558,13695.44,13874.54,0,0,0.0000
11559,13665.57,13591.80,3,3,0.0000
11560,13493.97,13617.34,NaN,NaN,NaN
11561,13484.28,13818.67,NaN,NaN,NaN
11562,13566.98,13914.40,NaN,NaN,NaN
11563,13687.18,13660.18,NaN,NaN,NaN
11564,13738.73,13650.33,NaN,NaN,NaN
11565,13364.26,13722.73,3,4,0.0000
11566,13541.77,13582.85,NaN,NaN,NaN
11567,13249.34,13717.15,0,0,0.0000
11568,13618.25,13672.59,0,0,0.0000
11569,13578.78,13567.73,0,0,0.0000
11570,13437.02,13832.70,NaN,NaN,NaN
11571,13336.08,13676.58,0,0,0.0000
11572,13764.27,13627.94,NaN,NaN,NaN
11573,13559.63,13814.67,2,5,2.5000
11574,13780.61,13711.94,0,0,0.0000
11575,13536.36,13861.70,NaN,NaN,NaN
11576,13472.12,13756.55,0,0,0.0000
11577,13657.58,13924.25,0,0,0.0000
11578,13410.30,13662.74,0,0,0.0000
11579,13562.39,13663.06,NaN,NaN,NaN
11580,13735.09,13496.08,0,0,0.0000
11581,13204.19,13624.88,NaN,NaN,NaN
11582,13587.03,13800.21,NaN,NaN,NaN
11583,13613.15,13306.84,NaN,NaN,NaN
11584,13723.13,13608.59,NaN,NaN,NaN
11585,13425.14,13279.30,NaN,NaN,NaN
11586,13797.04,13675.50,0,0,0.0000
11587,13537.65,13628.83,NaN,NaN,NaN
11588,13645.58,13845.96,0,0,0.0000
11589,13632.23,13403.86,NaN,NaN,NaN
11590,13749.21,13837.72,NaN,NaN,NaN
11591,14089.37,13380.16,0,0,0.0000
11592,14054.22,13313.51,0,0,0.0000
11593,16336.15,13207.23,NaN,NaN,NaN
11594,16175.96,13276.06,NaN,NaN,NaN
11595,16143.30,13357.86,NaN,NaN,NaN
11596,15932.75,13193.07,0,0,0.0000
11597,16244.22,13484.04,0,0,0.0000
11598,16205.55,13412.54,NaN,NaN,NaN
11599,16355.19,13346.48,2,5,2.5000
11600,16312.93,13488.36,NaN,NaN,NaN
11601,16096.57,13310.04,0,0,0.0000
11602,16274.58,13559.52,0,0,0.0000
11603,16013.66,13191.50,0,0,0.0000
11604,16319.49,13414.67,NaN,NaN,NaN
11605,16248.17,13359.95,NaN,NaN,NaN
11606,16281.14,13312.11,NaN,NaN,NaN
11607,16278.34,13607.49,0,0,0.0000
11608,16316.02,13345.61,3,7,2.3333
11609,16271.33,13198.77,NaN,NaN,NaN
11610,16269.00,13418.57,0,0,0.0000
11611,16223.37,13321.70,0,0,0.0000
11612,16302.63,13698.37,0,0,0.0000
11613,16256.25,13276.25,0,0,0.0000
11614,16366.04,13402.44,NaN,NaN,NaN
11615,16273.34,13701.88,NaN,NaN,NaN
11616,16288.30,13660.17,0,0,0.0000
11617,16360.79,13436.34,2,5,2.5000
11618,16207.81,13359.07,0,0,0.0000
11619,16252.90,13703.43,NaN,NaN,NaN
11620,16368.37,13482.33,NaN,NaN,NaN
11621,16156.08,13419.19,0,0,0.0000
11622,657.02,14540.84,0,0,0.0000
11623,850.58,14463.64,2,4,2.0000
11624,827.30,14087.37,NaN,NaN,NaN
11625,672.76,14127.74,2,3,0.0000
11626,617.29,14656.10,0,0,0.0000
11627,697.90,14358.11,NaN,NaN,NaN
11628,598.51,14444.72,3,4,0.0000
11629,715.75,14437.68,0,0,0.0000
11630,621.32,14301.59,2,1,0.0000
11631,861.42,14332.28,0,0,0.0000
11632,747.31,14242.67,0,0,0.0000
11633,735.53,14300.80,2,5,2.5000
11634,505.96,14535.59,2,3,0.0000
11635,617.79,14063.73,NaN,NaN,NaN
11636,660.36,14227.95,4,9,2.2500
11637,756.64,14613.04,2,3,0.0000
11638,760.51,14176.66,3,4,0.0000
11639,854.92,14583.54,0,0,0.0000
11640,74.19,14615.85,NaN,NaN,NaN
11641,502.84,14707.67,NaN,NaN,NaN
11642,861.06,14683.30,NaN,NaN,NaN
11643,819.71,14191.14,4,5,0.0000
11644,748.66,14048.57,2,2,0.0000
11645,449.36,14668.52,0,0,0.0000
11646,802.29,14646.04,NaN,NaN,NaN
11647,559.53,14009.54,NaN,NaN,NaN
11648,891.79,14187.00,NaN,NaN,NaN
11649,870.00,14231.77,2,2,0.0000
11650,837.98,14022.28,0,0,0.0000
11651,532.77,14648.94,2,2,0.0000
11652,627.11,14008.33,NaN,NaN,NaN
11653,755.70,14690.27,0,0,0.0000
11654,704.13,14606.53,2,2,0.0000
11655,785.51,14400.35,0,0,0.0000
11656,534.54,14579.16,3,3,0.0000
11657,772.69,13977.69,NaN,NaN,NaN
11658,893.96,14139.62,NaN,NaN,NaN
11659,581.43,14254.20,NaN,NaN,NaN
11660,592.38,14597.90,2,1,0.0000
11661,476.30,14596.41,NaN,NaN,NaN
11662,689.89,13985.58,NaN,NaN,NaN
11663,853.57,14627.34,NaN,NaN,NaN
11664,700.34,14068.34,3,4,0.0000
11665,570.34,14381.28,0,0,0.0000
11666,695.22,14017.48,NaN,NaN,NaN
11667,426.34,14635.84,2,2,0.0000
11668,562.32,13961.85,NaN,NaN,NaN
11669,520.09,14619.03,2,3,0.0000
11670,656.92,14695.79,NaN,NaN,NaN
11671,426.95,14595.02,NaN,NaN,NaN
11672,661.07,14477.12,NaN,NaN,NaN
11673,604.38,14710.33,0,0,0.0000
11674,1388.35,14259.44,2,1,0.0000
11675,1264.20,14346.10,2,2,0.0000
11676,1008.93,14418.64,3,3,0.0000
11677,1077.50,14631.46,NaN,NaN,NaN
11678,1177.06,14080.72,NaN,NaN,NaN
11679,1052.91,14029.27,0,0,0.0000
11680,1466.03,14370.71,2,3,0.0000
11681,936.59,14036.21,NaN,NaN,NaN
11682,927.77,14280.64,4,6,0.0000
11683,1297.82,14490.79,NaN,NaN,NaN
11684,1264.60,14249.56,NaN,NaN,NaN
11685,1056.89,14093.07,NaN,NaN,NaN
11686,953.85,14349.63,0,0,0.0000
11687,1285.06,14010.37,2,1,0.0000
11688,1141.75,14522.66,NaN,NaN,NaN
11689,981.19,14553.84,0,0,0.0000
11690,1032.64,14196.99,NaN,NaN,NaN
11691,1337.02,14178.51,NaN,NaN,NaN
11692,1211.07,14460.02,2,4,2.0000
11693,1358.26,14581.85,NaN,NaN,NaN
11694,1038.26,13966.96,2,1,0.0000
11695,1362.74,14500.69,NaN,NaN,NaN
11696,1135.36,14284.52,NaN,NaN,NaN
11697,1074.51,14142.28,0,0,0.0000
11698,1257.32,14095.91,NaN,NaN,NaN
11699,1244.92,14414.87,0,0,0.0000
11700,1097.98,14694.17,NaN,NaN,NaN
11701,1088.39,14353.90,3,6,2.0000
11702,1202.62,14223.96,2,3,0.0000
11703,1237.43,14555.07,0,0,0.0000
11704,1293.02,14696.18,4,4,0.0000
11705,1103.82,14250.64,NaN,NaN,NaN
11706,963.39,14174.45,4,6,0.0000
11707,1063.36,14557.78,2,4,2.0000
11708,1104.85,14476.44,NaN,NaN,NaN
11709,947.60,14647.77,3,3,0.0000
11710,1598.64,14386.67,0,0,0.0000
11711,924.25,14499.77,NaN,NaN,NaN
11712,1491.88,14270.22,NaN,NaN,NaN
11713,1333.96,14119.84,NaN,NaN,NaN
11714,1155.55,14396.33,NaN,NaN,NaN
11715,1446.16,14321.99,3,3,0.0000
11716,1264.75,14610.71,2,1,0.0000
11717,1550.82,14283.26,2,4,2.0000
11718,1586.99,14317.41,NaN,NaN,NaN
11719,1203.41,14655.27,NaN,NaN,NaN
11720,1266.55,14178.93,0,0,0.0000
11721,1042.11,14276.01,0,0,0.0000
11722,1594.19,14254.55,NaN,NaN,NaN
11723,1203.25,14607.38,0,0,0.0000
11724,1357.97,14642.07,NaN,NaN,NaN
11725,1146.56,14176.28,NaN,NaN,NaN
11726,1013.38,14500.24,NaN,NaN,NaN
11727,1339.50,14386.61,NaN,NaN,NaN
11728,1193.57,14493.09,NaN,NaN,NaN
11729,1653.45,14406.31,NaN,NaN,NaN
11730,964.55,14231.79,NaN,NaN,NaN
11731,928.90,14107.60,4,6,0.0000
11732,1086.06,14195.30,NaN,NaN,NaN
11733,1559.16,14381.12,0,0,0.0000
11734,1208.48,14696.36,0,0,0.0000
11735,1115.32,14569.94,3,4,0.0000
11736,1371.28,14698.30,2,3,0.0000
11737,1256.09,14661.93,NaN,NaN,NaN
11738,1196.76,14160.60,NaN,NaN,NaN
11739,949.32,13968.68,0,0,0.0000
11740,1405.09,14581.29,0,0,0.0000
11741,1389.48,14393.67,NaN,NaN,NaN
11742,983.69,14473.20,NaN,NaN,NaN
11743,1083.70,14393.69,NaN,NaN,NaN
11744,902.25,14708.37,NaN,NaN,NaN
11745,1121.09,14056.49,3,4,0.0000
11746,1000.78,14130.45,NaN,NaN,NaN
11747,1370.98,14434.80,NaN,NaN,NaN
11748,1301.76,14060.29,NaN,NaN,NaN
11749,1312.76,14650.63,2,4,2.0000
11750,1159.65,14326.35,3,4,0.0000
11751,1036.91,14686.25,NaN,NaN,NaN
11752,1056.16,14480.01,2,3,0.0000
11753,1153.36,14713.83,0,0,0.0000
11754,1702.97,14476.28,2,2,0.0000
11755,1836.53,14659.11,0,0,0.0000
11756,1668.76,14297.35,NaN,NaN,NaN
11757,1674.83,14355.73,2,2,0.0000
11758,1774.68,14514.82,NaN,NaN,NaN
11759,1821.94,14564.76,0,0,0.0000
11760,1785.32,14381.66,4,6,0.0000
11761,1847.33,14505.52,4,3,0.0000
11762,1777.74,14438.21,2,4,2.0000
11763,1903.48,14671.39,0,0,0.0000
11764,1805.99,14613.53,0,0,0.0000
11765,1732.21,14385.19,NaN,NaN,NaN
11766,3870.80,14569.73,NaN,NaN,NaN
11767,3752.99,14049.85,NaN,NaN,NaN
11768,3920.44,14410.92,NaN,NaN,NaN
11769,3912.95,14024.90,0,0,0.0000
11770,3835.98,14247.36,0,0,0.0000
11771,3845.32,14332.05,NaN,NaN,NaN
11772,3807.41,14092.15,NaN,NaN,NaN
11773,3774.60,14279.37,0,0,0.0000
11774,3824.70,13982.47,NaN,NaN,NaN
11775,3893.13,14182.57,2,2,0.0000
11776,3865.71,14105.89,NaN,NaN,NaN
11777,3683.28,14095.48,NaN,NaN,NaN
11778,3696.02,13999.74,0,0,0.0000
11779,3950.83,14473.88,0,0,0.0000
11780,3629.78,13986.31,NaN,NaN,NaN
11781,3727.23,14310.95,NaN,NaN,NaN
11782,3784.55,14546.50,NaN,NaN,NaN
11783,3857.62,14493.60,NaN,NaN,NaN
11784,3702.78,14181.32,0,0,0.0000
11785,3939.46,14337.63,NaN,NaN,NaN
11786,3738.60,13976.07,0,0,0.0000
11787,3800.36,14602.45,4,7,0.0000
11788,3739.08,14387.15,4,5,0.0000
11789,3639.59,14038.69,0,0,0.0000
11790,3926.22,14518.98,0,0,0.0000
11791,3772.02,14446.28,NaN,NaN,NaN
11792,3568.50,13983.71,NaN,NaN,NaN
11793,3736.73,14450.28,0,0,0.0000
11794,3841.88,14443.06,NaN,NaN,NaN
11795,3784.15,14349.54,NaN,NaN,NaN
11796,3920.42,14290.06,0,0,0.0000
11797,3799.97,14389.19,3,4,0.0000
11798,4141.32,14635.54,NaN,NaN,NaN
11799,4256.48,14517.45,NaN,NaN,NaN
11800,4060.32,14296.92,2,4,2.0000
11801,4116.25,13965.02,2,3,0.0000
11802,4097.42,14453.45,NaN,NaN,NaN
11803,4365.98,14504.94,5,6,0.0000
11804,4039.46,14199.28,NaN,NaN,NaN
11805,4153.49,14345.04,NaN,NaN,NaN
11806,4260.71,14336.08,3,4,0.0000
11807,4180.55,14262.76,2,2,0.0000
11808,4470.61,14465.80,NaN,NaN,NaN
11809,4034.33,14410.10,4,5,0.0000
11810,4597.42,14640.98,NaN,NaN,NaN
11811,4646.10,14318.29,2,5,2.5000
11812,4556.39,14310.07,NaN,NaN,NaN
11813,4057.73,14132.79,NaN,NaN,NaN
11814,4512.52,14546.23,3,4,0.0000
11815,4318.38,14289.37,NaN,NaN,NaN
11816,4702.59,14565.51,NaN,NaN,NaN
11817,4425.23,14348.45,3,1,0.0000
11818,4195.92,14172.98,3,5,0.0000
11819,4239.23,14059.92,NaN,NaN,NaN
11820,4568.90,14486.81,NaN,NaN,NaN
11821,4444.58,14671.31,0,0,0.0000
11822,4666.49,14236.00,NaN,NaN,NaN
11823,4188.83,14443.74,NaN,NaN,NaN
11824,4242.05,14201.29,0,0,0.0000
11825,4243.61,14005.83,0,0,0.0000
11826,4628.37,14703.92,0,0,0.0000
11827,4602.96,14552.50,NaN,NaN,NaN
11828,4532.82,14714.19,NaN,NaN,NaN
11829,4714.38,14212.75,0,0,0.0000
11830,4381.37,14622.49,NaN,NaN,NaN
11831,4041.02,13999.21,3,6,2.0000
11832,4665.79,14642.59,NaN,NaN,NaN
11833,4372.84,14692.77,NaN,NaN,NaN
11834,4670.54,14479.65,0,0,0.0000
11835,4292.59,14679.17,3,5,0.0000
11836,4493.93,14373.99,2,7,3.5000
11837,3995.44,14666.70,3,4,0.0000
11838,4492.32,14417.03,NaN,NaN,NaN
11839,4585.83,14378.13,3,4,0.0000
11840,4664.43,14536.91,0,0,0.0000
11841,4655.75,14399.34,0,0,0.0000
11842,4513.55,14658.93,NaN,NaN,NaN
11843,4265.37,14251.05,NaN,NaN,NaN
11844,4103.90,14557.14,2,5,2.5000
11845,4703.46,14393.32,0,0,0.0000
11846,4552.47,14612.67,0,0,0.0000
11847,4377.44,14314.46,NaN,NaN,NaN
11848,4629.39,14452.84,NaN,NaN,NaN
11849,4428.71,14547.12,0,0,0.0000
11850,4334.66,14384.45,NaN,NaN,NaN
11851,4176.92,14530.95,NaN,NaN,NaN
11852,4334.96,14636.15,NaN,NaN,NaN
11853,4702.70,14650.59,4,9,2.2500
11854,4422.20,14598.12,0,0,0.0000
11855,3978.97,14282.31,NaN,NaN,NaN
11856,4093.11,14044.01,NaN,NaN,NaN
11857,3969.11,14213.55,NaN,NaN,NaN
11858,4106.63,14109.70,NaN,NaN,NaN
11859,4715.27,14126.34,NaN,NaN,NaN
11860,4001.28,14352.85,NaN,NaN,NaN
11861,4304.09,14428.54,0,0,0.0000
11862,4054.97,14532.02,NaN,NaN,NaN
11863,4429.88,14408.22,3,7,2.3333
11864,4669.06,14147.81,NaN,NaN,NaN
11865,4556.23,14437.98,NaN,NaN,NaN
11866,4258.07,14403.54,3,6,2.0000
11867,4333.16,14449.81,0,0,0.0000
11868,4703.82,14307.39,0,0,0.0000
11869,4260.77,13971.45,NaN,NaN,NaN
11870,4365.99,14360.90,0,0,0.0000
11871,4480.75,14612.93,NaN,NaN,NaN
11872,4169.66,14049.02,NaN,NaN,NaN
11873,4145.06,14384.46,0,0,0.0000
11874,4127.82,14077.85,0,0,0.0000
11875,5373.28,14025.81,NaN,NaN,NaN
11876,4786.99,14426.47,3,2,0.0000
11877,5121.16,14456.72,NaN,NaN,NaN
11878,5064.46,14309.39,0,0,0.0000
11879,4994.37,14107.25,NaN,NaN,NaN
11880,5389.99,14561.15,NaN,NaN,NaN
11881,4934.63,13999.01,2,3,0.0000
11882,4836.96,14032.15,NaN,NaN,NaN
11883,5266.67,14561.76,NaN,NaN,NaN
11884,5028.26,14214.75,NaN,NaN,NaN
11885,5327.27,14098.81,NaN,NaN,NaN
11886,5444.97,14304.92,NaN,NaN,NaN
11887,4770.76,14191.16,NaN,NaN,NaN
11888,4899.90,14597.22,2,4,2.0000
11889,4910.95,14201.46,NaN,NaN,NaN
11890,5311.24,14423.17,2,6,3.0000
11891,4908.46,14520.22,NaN,NaN,NaN
11892,5416.30,14469.27,NaN,NaN,NaN
11893,5453.79,14097.66,0,0,0.0000
11894,5180.54,14149.09,0,0,0.0000
11895,5500.02,14607.56,NaN,NaN,NaN
11896,5346.09,14316.35,2,4,2.0000
11897,4801.47,14586.63,NaN,NaN,NaN
11898,5114.19,14613.13,0,0,0.0000
11899,5097.38,13983.06,NaN,NaN,NaN
11900,5031.13,14719.66,0,0,0.0000
11901,5172.90,13957.19,0,0,0.0000
11902,5293.73,14246.78,2,1,0.0000
11903,4997.65,14544.06,2,3,0.0000
11904,5212.04,14491.55,NaN,NaN,NaN
11905,4778.00,14097.21,2,3,0.0000
11906,5416.09,14393.14,3,7,2.3333
11907,4767.04,14327.21,NaN,NaN,NaN
11908,4741.77,14647.60,NaN,NaN,NaN
11909,5223.14,14080.99,NaN,NaN,NaN
11910,4956.75,14366.25,NaN,NaN,NaN
11911,4746.83,14505.88,NaN,NaN,NaN
11912,5491.77,14660.13,NaN,NaN,NaN
11913,5310.04,14685.93,0,0,0.0000
11914,4902.80,14698.08,NaN,NaN,NaN
11915,5151.34,14543.64,NaN,NaN,NaN
11916,4829.35,14294.08,2,6,3.0000
11917,5422.89,14178.52,0,0,0.0000
11918,5231.09,14714.19,2,3,0.0000
11919,4850.29,14667.97,4,8,2.0000
11920,5122.93,14675.61,0,0,0.0000
11921,5026.34,14010.41,NaN,NaN,NaN
11922,4981.43,14597.09,NaN,NaN,NaN
11923,5198.81,14025.71,0,0,0.0000
11924,5204.81,14639.44,NaN,NaN,NaN
11925,4945.13,14648.74,0,0,0.0000
11926,5042.29,14647.47,0,0,0.0000
11927,5065.77,14398.37,0,0,0.0000
11928,5227.51,14228.17,0,0,0.0000
11929,4830.11,14521.53,NaN,NaN,NaN
11930,5000.80,14460.34,2,3,0.0000
11931,4803.64,14712.30,4,8,2.0000
11932,4863.02,14468.34,NaN,NaN,NaN
11933,5400.19,14234.73,0,0,0.0000
11934,5333.85,14618.72,NaN,NaN,NaN
11935,5200.14,14351.97,0,0,0.0000
11936,4888.58,14383.22,0,0,0.0000
11937,5259.15,13976.03,0,0,0.0000
11938,5193.36,14404.06,NaN,NaN,NaN
11939,5113.91,14122.33,0,0,0.0000
11940,5007.26,14370.16,0,0,0.0000
11941,5179.19,14689.33,NaN,NaN,NaN
11942,4890.31,14311.80,NaN,NaN,NaN
11943,5063.70,14077.16,3,2,0.0000
11944,4838.11,14139.41,3,7,2.3333
11945,4900.26,14082.32,NaN,NaN,NaN
11946,5014.80,14501.47,3,3,0.0000
11947,5248.80,14446.37,NaN,NaN,NaN
11948,5047.66,14593.76,NaN,NaN,NaN
11949,5498.57,14545.73,NaN,NaN,NaN
11950,5167.44,14257.35,0,0,0.0000
11951,5150.25,14340.62,NaN,NaN,NaN
11952,4875.11,14160.45,NaN,NaN,NaN
11953,4748.29,14277.93,NaN,NaN,NaN
11954,5242.02,14181.84,0,0,0.0000
11955,4830.95,14349.68,0,0,0.0000
11956,4938.89,14284.83,0,0,0.0000
11957,5360.39,14501.68,0,0,0.0000
11958,4789.25,14661.34,NaN,NaN,NaN
11959,5105.22,14219.81,NaN,NaN,NaN
11960,5351.60,14196.02,0,0,0.0000
11961,5127.19,14190.15,0,0,0.0000
11962,5085.44,14537.07,NaN,NaN,NaN
11963,4935.64,14452.91,NaN,NaN,NaN
11964,5402.22,14619.06,0,0,0.0000
11965,5012.75,13952.92,NaN,NaN,NaN
11966,5158.67,14291.78,0,0,0.0000
11967,4932.57,14403.50,0,0,0.0000
11968,5260.93,14149.81,0,0,0.0000
11969,5321.34,14495.28,NaN,NaN,NaN
11970,5178.25,14591.29,0,0,0.0000
11971,5666.61,14245.49,2,4,2.0000
11972,5860.99,14008.08,NaN,NaN,NaN
11973,5861.05,14446.00,3,3,0.0000
11974,5920.74,14162.21,0,0,0.0000
11975,5580.68,14405.62,0,0,0.0000
11976,5755.34,14159.04,3,9,3.0000
11977,5676.35,14100.21,0,0,0.0000
11978,5575.61,14115.60,2,1,0.0000
11979,6009.06,14132.98,NaN,NaN,NaN
11980,6132.68,14399.69,2,3,0.0000
11981,5724.74,14440.41,NaN,NaN,NaN
11982,5841.30,14264.13,0,0,0.0000
11983,5624.84,14707.44,NaN,NaN,NaN
11984,5750.66,13962.37,NaN,NaN,NaN
11985,5576.16,14515.31,0,0,0.0000
11986,6055.77,14180.98,2,4,2.0000
11987,5667.12,14004.41,NaN,NaN,NaN
11988,5508.26,14219.11,3,3,0.0000
11989,5834.64,14109.02,0,0,0.0000
11990,5920.39,14303.95,0,0,0.0000
11991,5510.56,14167.07,NaN,NaN,NaN
11992,5743.08,14357.88,2,2,0.0000
11993,5517.22,14036.14,2,3,0.0000
11994,6005.07,14284.46,0,0,0.0000
11995,5986.11,14034.55,0,0,0.0000
11996,5574.69,14651.18,NaN,NaN,NaN
11997,6254.42,14130.16,2,6,3.0000
11998,5513.89,14500.21,NaN,NaN,NaN
11999,5990.00,14392.23,2,5,2.5000
12000,5823.06,14348.40,NaN,NaN,NaN
12001,6091.06,14225.59,NaN,NaN,NaN
12002,5720.51,14699.40,2,7,3.5000
12003,5669.70,14637.78,NaN,NaN,NaN
12004,6215.62,14223.74,NaN,NaN,NaN
12005,5949.79,14358.73,0,0,0.0000
12006,6065.68,14313.26,NaN,NaN,NaN
12007,5982.21,14455.77,0,0,0.0000
12008,5587.38,14594.56,0,0,0.0000
12009,5795.09,14677.50,3,5,0.0000
12010,5953.53,13981.81,NaN,NaN,NaN
12011,6027.07,14397.70,NaN,NaN,NaN
12012,5751.90,14660.50,NaN,NaN,NaN
12013,5597.18,14036.00,0,0,0.0000
12014,5780.41,14704.94,NaN,NaN,NaN
12015,5775.86,14295.05,0,0,0.0000
12016,5555.04,14261.09,0,0,0.0000
12017,5596.17,14302.86,0,0,0.0000
12018,5839.89,14191.78,0,0,0.0000
12019,5736.54,14040.66,0,0,0.0000
12020,6277.67,14203.29,NaN,NaN,NaN
12021,7792.08,14505.38,NaN,NaN,NaN
12022,7760.85,14421.60,0,0,0.0000
12023,7795.13,14670.75,0,0,0.0000
12024,7754.40,14292.04,NaN,NaN,NaN
12025,7715.80,14315.49,NaN,NaN,NaN
12026,7626.45,14682.03,3,5,0.0000
12027,7599.26,14500.44,NaN,NaN,NaN
12028,7617.70,14567.29,0,0,0.0000
12029,7727.92,14229.13,0,0,0.0000
12030,7710.17,14432.52,0,0,0.0000
12031,7679.91,14309.04,NaN,NaN,NaN
12032,7805.18,14304.24,0,0,0.0000
12033,7824.77,14391.43,2,1,0.0000
12034,7964.54,14698.71,NaN,NaN,NaN
12035,7867.25,14599.22,NaN,NaN,NaN
12036,7922.76,14591.36,NaN,NaN,NaN
12037,8288.24,13967.87,NaN,NaN,NaN
12038,8268.42,14038.86,0,0,0.0000
12039,7895.12,14407.54,0,0,0.0000
12040,7849.76,14690.15,NaN,NaN,NaN
12041,7954.97,13978.25,NaN,NaN,NaN
12042,7815.65,14245.75,0,0,0.0000
12043,8165.89,14097.01,NaN,NaN,NaN
12044,8222.21,14093.29,NaN,NaN,NaN
12045,7822.30,14616.38,2,6,3.0000
12046,7869.24,14337.20,NaN,NaN,NaN
12047,7893.94,14473.80,2,2,0.0000
12048,7841.15,14528.67,2,4,2.0000
12049,7879.72,14275.56,NaN,NaN,NaN
12050,8263.94,14109.67,0,0,0.0000
12051,8185.99,14027.13,3,3,0.0000
12052,8158.90,14021.56,0,0,0.0000
12053,7943.44,14543.66,NaN,NaN,NaN
12054,7899.22,14655.26,2,2,0.0000
12055,7922.53,14515.81,NaN,NaN,NaN
12056,9406.39,13997.52,NaN,NaN,NaN
12057,9461.70,14046.35,NaN,NaN,NaN
12058,9472.75,13978.61,0,0,0.0000
12059,11629.70,14567.89,NaN,NaN,NaN
12060,11471.71,14439.45,NaN,NaN,NaN
12061,11596.60,14212.27,2,2,0.0000
12062,11572.82,14277.52,3,8,2.6667
12063,11557.07,14425.82,NaN,NaN,NaN
12064,11518.56,14348.72,3,4,0.0000
12065,11590.03,14664.71,NaN,NaN,NaN
12066,11517.14,14287.43,0,0,0.0000
12067,11622.58,14394.34,0,0,0.0000
12068,11638.11,14435.97,0,0,0.0000
12069,11956.48,14026.00,3,13,4.3333
12070,12031.15,14451.15,2,5,2.5000
12071,12309.15,14264.03,2,1,0.0000
12072,12048.85,14193.51,3,4,0.0000
12073,11981.14,14305.40,NaN,NaN,NaN
12074,12250.76,14474.80,NaN,NaN,NaN
12075,11743.30,14519.28,NaN,NaN,NaN
12076,11677.22,14120.95,2,7,3.5000
12077,12339.61,14155.48,2,3,0.0000
12078,12134.91,14009.08,NaN,NaN,NaN
12079,12202.50,14335.42,2,5,2.5000
12080,11727.11,14254.35,NaN,NaN,NaN
12081,12127.59,14570.44,NaN,NaN,NaN
12082,12218.43,14585.86,NaN,NaN,NaN
12083,12262.14,14024.36,NaN,NaN,NaN
12084,11888.64,13956.06,2,6,3.0000
12085,11710.33,14362.46,0,0,0.0000
12086,11739.84,14697.65,NaN,NaN,NaN
12087,11909.58,14564.93,NaN,NaN,NaN
12088,12166.02,14192.63,3,10,3.3333
12089,11825.50,14097.02,2,2,0.0000
12090,11655.95,14321.50,2,4,2.0000
12091,11845.94,14667.65,NaN,NaN,NaN
12092,11754.76,14139.54,0,0,0.0000
12093,12340.16,14563.21,2,1,0.0000
12094,11935.42,14233.90,NaN,NaN,NaN
12095,12129.66,14269.68,NaN,NaN,NaN
12096,12164.81,14713.64,NaN,NaN,NaN
12097,11903.36,14487.21,NaN,NaN,NaN
12098,11784.13,14632.44,NaN,NaN,NaN
12099,12399.79,14523.68,3,5,0.0000
12100,12369.17,14033.54,2,4,2.0000
12101,11983.67,14635.68,0,0,0.0000
12102,12057.85,14618.75,0,0,0.0000
12103,11658.17,14479.21,0,0,0.0000
12104,12153.02,14493.03,2,6,3.0000
12105,12395.23,14354.91,0,0,0.0000
12106,12397.02,14605.82,NaN,NaN,NaN
12107,12055.18,14012.80,NaN,NaN,NaN
12108,12397.61,14273.00,2,1,0.0000
12109,12260.07,14067.21,NaN,NaN,NaN
12110,11789.43,14320.21,0,0,0.0000
12111,11930.25,14375.13,3,7,2.3333
12112,12016.34,14707.08,0,0,0.0000
12113,12197.00,14117.12,0,0,0.0000
12114,12091.13,14697.13,0,0,0.0000
12115,11834.96,14511.75,2,3,0.0000
12116,11658.85,14659.17,NaN,NaN,NaN
12117,11787.71,14382.54,NaN,NaN,NaN
12118,12148.01,14444.30,NaN,NaN,NaN
12119,12282.54,14553.01,NaN,NaN,NaN
12120,12033.52,14661.66,0,0,0.0000
12121,12356.03,14463.04,0,0,0.0000
12122,11808.24,14573.62,NaN,NaN,NaN
12123,12382.93,14690.98,0,0,0.0000
12124,12400.83,14079.19,NaN,NaN,NaN
12125,12099.91,14095.75,2,6,3.0000
12126,12302.72,14631.72,0,0,0.0000
12127,11936.58,14156.94,0,0,0.0000
12128,11712.45,14627.85,NaN,NaN,NaN
12129,13091.04,14269.79,4,7,0.0000
12130,12791.93,14077.03,NaN,NaN,NaN
12131,12744.04,14252.14,0,0,0.0000
12132,13010.02,14151.10,NaN,NaN,NaN
12133,12493.71,14196.08,3,4,0.0000
12134,13021.49,14411.09,0,0,0.0000
12135,13019.13,14608.49,2,4,2.0000
12136,12428.58,14150.71,NaN,NaN,NaN
12137,12613.62,14502.90,NaN,NaN,NaN
12138,12669.92,14534.86,0,0,0.0000
12139,12920.14,14356.86,NaN,NaN,NaN
12140,12606.21,14165.87,NaN,NaN,NaN
12141,12626.94,14058.92,0,0,0.0000
12142,12714.38,14000.72,NaN,NaN,NaN
12143,13109.86,14007.27,NaN,NaN,NaN
12144,12918.83,14121.09,0,0,0.0000
12145,12916.53,14262.77,0,0,0.0000
12146,12578.01,13980.65,NaN,NaN,NaN
12147,13031.48,14021.49,2,4,2.0000
12148,12660.81,14345.49,NaN,NaN,NaN
12149,13101.33,14554.67,NaN,NaN,NaN
12150,12762.36,14518.39,NaN,NaN,NaN
12151,12847.87,14321.84,0,0,0.0000
12152,12468.57,14553.81,NaN,NaN,NaN
12153,12892.65,14529.46,NaN,NaN,NaN
12154,12938.81,13992.98,0,0,0.0000
12155,12973.07,14067.99,NaN,NaN,NaN
12156,12936.87,14623.01,3,3,0.0000
12157,13172.75,14671.43,NaN,NaN,NaN
12158,12550.88,14481.68,0,0,0.0000
12159,12723.88,14396.76,NaN,NaN,NaN
12160,12557.93,14345.69,0,0,0.0000
12161,12633.60,14428.23,0,0,0.0000
12162,13102.54,14496.25,NaN,NaN,NaN
12163,12468.18,14443.38,NaN,NaN,NaN
12164,12935.89,14427.48,NaN,NaN,NaN
12165,12979.69,14527.08,0,0,0.0000
12166,12807.01,14445.37,NaN,NaN,NaN
12167,12465.72,14274.63,0,0,0.0000
12168,12797.83,13967.89,2,5,2.5000
12169,13097.68,14111.28,2,3,0.0000
12170,12435.12,14402.99,NaN,NaN,NaN
12171,12843.82,14393.11,NaN,NaN,NaN
12172,12997.76,14474.06,0,0,0.0000
12173,13110.27,14648.42,NaN,NaN,NaN
12174,12861.25,14480.27,0,0,0.0000
12175,13166.96,14507.45,NaN,NaN,NaN
12176,12529.46,14285.86,NaN,NaN,NaN
12177,12467.34,14502.28,0,0,0.0000
12178,12699.70,14158.53,0,0,0.0000
12179,12562.61,14586.68,0,0,0.0000
12180,12475.90,14359.84,0,0,0.0000
12181,13107.90,14610.71,0,0,0.0000
12182,13208.10,14093.40,0,0,0.0000
12183,13188.97,14342.61,3,4,0.0000
12184,13402.27,14075.19,NaN,NaN,NaN
12185,13338.17,14596.68,3,4,0.0000
12186,13509.52,14382.95,0,0,0.0000
12187,13448.18,14185.09,NaN,NaN,NaN
12188,13410.67,14487.62,NaN,NaN,NaN
12189,13206.80,14599.07,NaN,NaN,NaN
12190,13277.54,14445.62,2,5,2.5000
12191,13356.46,13959.10,NaN,NaN,NaN
12192,13298.81,14143.42,NaN,NaN,NaN
12193,13500.91,14064.16,NaN,NaN,NaN
12194,13403.61,14400.84,NaN,NaN,NaN
12195,13592.84,14179.70,0,0,0.0000
12196,13227.80,14523.73,NaN,NaN,NaN
12197,13442.75,14347.72,NaN,NaN,NaN
12198,13592.13,13970.44,2,1,0.0000
12199,13510.93,14153.02,NaN,NaN,NaN
12200,13271.56,14269.63,NaN,NaN,NaN
12201,13407.56,14279.26,NaN,NaN,NaN
12202,13349.61,14276.13,NaN,NaN,NaN
12203,13488.19,14303.52,0,0,0.0000
12204,13477.11,14253.66,NaN,NaN,NaN
12205,13337.79,14378.70,NaN,NaN,NaN
12206,13226.29,14689.53,0,0,0.0000
12207,13321.86,14220.53,NaN,NaN,NaN
12208,13280.81,14555.28,NaN,NaN,NaN
12209,13573.10,14015.36,0,0,0.0000
12210,13332.86,14535.01,NaN,NaN,NaN
12211,13217.43,14444.53,0,0,0.0000
12212,13311.02,14065.45,0,0,0.0000
12213,16294.02,14338.07,0,0,0.0000
12214,16334.64,14291.11,NaN,NaN,NaN
12215,16214.00,14366.83,NaN,NaN,NaN
12216,16283.41,14266.24,0,0,0.0000
12217,16306.36,14210.89,NaN,NaN,NaN
12218,16330.86,14228.34,0,0,0.0000
12219,16234.08,14406.49,0,0,0.0000
12220,16227.13,14320.03,0,0,0.0000
12221,793.61,14971.80,NaN,NaN,NaN
12222,505.48,14922.88,3,3,0.0000
12223,481.93,15346.34,2,1,0.0000
12224,711.00,14778.11,3,3,0.0000
12225,627.77,15045.71,2,3,0.0000
12226,417.98,14752.32,NaN,NaN,NaN
12227,515.01,14818.67,2,2,0.0000
12228,679.67,15094.48,2,5,2.5000
12229,419.68,14941.43,NaN,NaN,NaN
12230,506.16,14755.58,NaN,NaN,NaN
12231,133.29,15387.97,NaN,NaN,NaN
12232,459.42,15470.63,NaN,NaN,NaN
12233,662.44,14927.85,NaN,NaN,NaN
12234,877.83,15023.93,NaN,NaN,NaN
12235,804.24,14869.01,NaN,NaN,NaN
12236,875.17,14855.05,5,3,0.0000
12237,832.16,14764.57,NaN,NaN,NaN
12238,174.89,14925.28,NaN,NaN,NaN
12239,53.35,15403.89,NaN,NaN,NaN
12240,735.88,14724.11,NaN,NaN,NaN
12241,440.42,15401.99,3,4,0.0000
12242,63.04,15243.15,NaN,NaN,NaN
12243,123.25,15478.29,4,3,0.0000
12244,530.53,15425.44,0,0,0.0000
12245,736.74,15133.62,0,0,0.0000
12246,92.73,15323.11,NaN,NaN,NaN
12247,396.38,14853.95,0,0,0.0000
12248,64.99,15473.48,3,3,0.0000
12249,645.92,14981.95,NaN,NaN,NaN
12250,601.25,14880.62,0,0,0.0000
12251,540.84,15303.29,0,0,0.0000
12252,644.32,15306.50,NaN,NaN,NaN
12253,546.94,15363.92,2,2,0.0000
12254,821.97,15105.98,NaN,NaN,NaN
12255,782.73,14822.20,NaN,NaN,NaN
12256,539.96,15020.30,NaN,NaN,NaN
12257,724.04,14864.61,NaN,NaN,NaN
12258,375.77,14794.44,0,0,0.0000
12259,730.03,15050.70,0,0,0.0000
12260,495.12,14987.06,NaN,NaN,NaN
12261,885.71,15127.87,2,1,0.0000
12262,593.11,15285.94,NaN,NaN,NaN
12263,653.22,14738.65,NaN,NaN,NaN
12264,65.46,15180.78,NaN,NaN,NaN
12265,822.79,15176.16,0,0,0.0000
12266,465.63,15014.70,0,0,0.0000
12267,48.00,15345.14,2,3,0.0000
12268,160.39,15444.45,NaN,NaN,NaN
12269,126.18,14869.76,2,3,0.0000
12270,892.31,14777.18,NaN,NaN,NaN
12271,658.67,14840.97,NaN,NaN,NaN
12272,647.67,15361.88,NaN,NaN,NaN
12273,691.52,14897.49,0,0,0.0000
12274,982.86,14738.79,NaN,NaN,NaN
12275,1546.90,15011.17,3,4,0.0000
12276,1402.00,15166.07,NaN,NaN,NaN
12277,1616.39,15403.17,NaN,NaN,NaN
12278,1418.11,15014.47,NaN,NaN,NaN
12279,1543.40,15286.24,2,3,0.0000
12280,975.17,14942.71,2,4,2.0000
12281,1073.51,14956.08,NaN,NaN,NaN
12282,1050.66,14830.59,2,4,2.0000
12283,1156.98,14870.77,0,0,0.0000
12284,1397.97,14905.54,2,3,0.0000
12285,974.79,14865.01,NaN,NaN,NaN
12286,1290.28,15019.00,NaN,NaN,NaN
12287,1115.06,14908.58,0,0,0.0000
12288,1096.27,14780.55,NaN,NaN,NaN
12289,1487.39,15084.70,NaN,NaN,NaN
12290,1346.31,15246.95,0,0,0.0000
12291,1526.29,14825.76,4,7,0.0000
12292,1456.46,14782.90,NaN,NaN,NaN
12293,1142.76,15267.35,NaN,NaN,NaN
12294,1325.10,14784.42,NaN,NaN,NaN
12295,928.43,15020.59,0,0,0.0000
12296,1470.07,15183.05,2,6,3.0000
12297,1464.91,15306.66,0,0,0.0000
12298,1652.03,15329.53,0,0,0.0000
12299,1056.01,15104.88,NaN,NaN,NaN
12300,1565.18,15137.49,NaN,NaN,NaN
12301,1513.35,15348.39,NaN,NaN,NaN
12302,1591.69,14823.27,NaN,NaN,NaN
12303,1417.79,15355.71,NaN,NaN,NaN
12304,1596.36,14924.15,NaN,NaN,NaN
12305,975.39,15046.88,2,2,0.0000
12306,1277.49,14940.10,NaN,NaN,NaN
12307,1164.06,14969.38,0,0,0.0000
12308,1606.42,15078.03,NaN,NaN,NaN
12309,1251.36,14761.50,2,3,0.0000
12310,1301.64,14849.94,2,4,2.0000
12311,1331.43,14925.84,NaN,NaN,NaN
12312,1611.93,15462.22,NaN,NaN,NaN
12313,1473.47,14880.61,0,0,0.0000
12314,1040.02,15009.81,NaN,NaN,NaN
12315,1393.20,14834.48,0,0,0.0000
12316,1542.76,15225.92,NaN,NaN,NaN
12317,1225.34,15009.55,NaN,NaN,NaN
12318,1517.87,15394.15,0,0,0.0000
12319,1243.81,14830.33,NaN,NaN,NaN
12320,1182.39,14820.47,NaN,NaN,NaN
12321,1391.17,14777.94,NaN,NaN,NaN
12322,1658.59,15128.98,NaN,NaN,NaN
12323,1479.12,14965.13,0,0,0.0000
12324,1629.29,15244.02,NaN,NaN,NaN
12325,1382.85,15112.18,3,3,0.0000
12326,1622.89,14992.35,0,0,0.0000
12327,1085.04,15285.15,NaN,NaN,NaN
12328,1188.27,14763.51,0,0,0.0000
12329,1074.45,15191.83,NaN,NaN,NaN
12330,928.43,14828.32,NaN,NaN,NaN
12331,1475.20,15418.41,NaN,NaN,NaN
12332,1529.11,15447.55,NaN,NaN,NaN
12333,1548.07,15181.55,0,0,0.0000
12334,1441.91,15254.98,NaN,NaN,NaN
12335,909.88,14933.65,0,0,0.0000
12336,1636.53,14874.48,0,0,0.0000
12337,1334.14,15141.66,0,0,0.0000
12338,897.69,14745.48,NaN,NaN,NaN
12339,1613.87,15168.68,NaN,NaN,NaN
12340,1244.51,14882.47,NaN,NaN,NaN
12341,1231.28,14951.85,NaN,NaN,NaN
12342,1585.34,15355.05,NaN,NaN,NaN
12343,1534.82,14904.63,2,4,2.0000
12344,1539.20,15083.75,0,0,0.0000
12345,1692.05,15214.35,NaN,NaN,NaN
12346,1809.91,14731.86,NaN,NaN,NaN
12347,1744.89,15414.40,NaN,NaN,NaN
12348,1780.55,15248.25,NaN,NaN,NaN
12349,1893.55,14852.57,NaN,NaN,NaN
12350,1888.75,15468.22,NaN,NaN,NaN
12351,2013.00,15318.74,NaN,NaN,NaN
12352,1867.81,15394.83,NaN,NaN,NaN
12353,1850.40,14998.51,NaN,NaN,NaN
12354,1813.45,15396.57,NaN,NaN,NaN
12355,1706.94,15342.38,0,0,0.0000
12356,1695.90,14981.64,2,3,0.0000
12357,1826.43,14837.79,0,0,0.0000
12358,1670.20,14918.61,NaN,NaN,NaN
12359,1743.26,15303.31,NaN,NaN,NaN
12360,1723.30,15102.23,0,0,0.0000
12361,1942.57,14919.94,NaN,NaN,NaN
12362,1815.06,15314.98,0,0,0.0000
12363,1715.75,15032.76,NaN,NaN,NaN
12364,2052.32,15362.49,NaN,NaN,NaN
12365,2034.54,15257.64,NaN,NaN,NaN
12366,1754.75,15150.24,0,0,0.0000
12367,2068.87,15415.55,3,3,0.0000
12368,1842.55,15335.26,2,2,0.0000
12369,1892.55,15056.53,NaN,NaN,NaN
12370,1670.02,15068.90,0,0,0.0000
12371,1735.32,14943.92,NaN,NaN,NaN
12372,1774.95,15357.86,0,0,0.0000
12373,1832.14,15462.80,2,2,0.0000
12374,1975.14,15241.28,0,0,0.0000
12375,3881.43,14809.16,NaN,NaN,NaN
12376,3839.13,14872.56,0,0,0.0000
12377,3961.41,14848.29,2,3,0.0000
12378,3768.93,14825.29,2,3,0.0000
12379,3916.94,14749.49,NaN,NaN,NaN
12380,4239.46,14997.61,NaN,NaN,NaN
12381,4183.16,15092.72,0,0,0.0000
12382,4120.35,14738.38,2,2,0.0000
12383,4085.47,14949.68,NaN,NaN,NaN
12384,4564.80,15467.10,NaN,NaN,NaN
12385,4585.67,15240.41,NaN,NaN,NaN
12386,4241.17,14743.36,NaN,NaN,NaN
12387,4066.02,14852.25,0,0,0.0000
12388,4505.04,15261.63,0,0,0.0000
12389,4463.50,14816.89,NaN,NaN,NaN
12390,4176.03,14826.39,NaN,NaN,NaN
12391,4388.92,14839.68,4,4,0.0000
12392,4342.36,14917.59,0,0,0.0000
12393,4404.39,15356.18,0,0,0.0000
12394,4372.86,15188.92,NaN,NaN,NaN
12395,4088.41,15077.46,2,3,0.0000
12396,4620.24,14787.37,0,0,0.0000
12397,4702.80,15198.32,NaN,NaN,NaN
12398,4035.83,15025.17,0,0,0.0000
12399,4444.41,15223.79,NaN,NaN,NaN
12400,4431.32,14962.24,NaN,NaN,NaN
12401,4200.51,14904.92,NaN,NaN,NaN
12402,4280.35,14872.38,2,5,2.5000
12403,4223.00,15181.73,NaN,NaN,NaN
12404,4586.41,15345.61,0,0,0.0000
12405,4355.85,14996.01,NaN,NaN,NaN
12406,4455.07,15059.15,NaN,NaN,NaN
12407,4511.20,15057.66,NaN,NaN,NaN
12408,4666.81,14899.68,0,0,0.0000
12409,4327.50,14755.24,0,0,0.0000
12410,4630.65,15426.17,2,6,3.0000
12411,4541.21,14907.03,3,2,0.0000
12412,3985.42,14723.50,0,0,0.0000
12413,4492.46,14747.45,NaN,NaN,NaN
12414,4108.18,15145.54,3,4,0.0000
12415,4488.55,15474.49,0,0,0.0000
12416,4617.62,14987.27,0,0,0.0000
12417,4540.70,15139.68,2,2,0.0000
12418,4264.53,15259.96,NaN,NaN,NaN
12419,4565.56,15071.57,NaN,NaN,NaN
12420,4392.42,15096.57,NaN,NaN,NaN
12421,4601.83,14897.01,2,1,0.0000
12422,4403.39,14759.79,5,6,0.0000
12423,4341.39,15397.05,NaN,NaN,NaN
12424,4336.19,15288.82,0,0,0.0000
12425,4040.73,15128.85,NaN,NaN,NaN
12426,4687.91,15367.26,2,2,0.0000
12427,4675.68,15303.86,NaN,NaN,NaN
12428,4635.95,14843.44,NaN,NaN,NaN
12429,4183.26,15229.64,NaN,NaN,NaN
12430,4695.54,15066.31,NaN,NaN,NaN
12431,4676.38,15450.69,2,3,0.0000
12432,4640.45,15162.97,2,3,0.0000
12433,4390.02,15434.53,0,0,0.0000
12434,4425.10,15485.82,0,0,0.0000
12435,4636.95,15058.59,0,0,0.0000
12436,4302.79,15135.64,0,0,0.0000
12437,4295.08,15199.12,2,7,3.5000
12438,4339.26,15073.53,NaN,NaN,NaN
12439,4466.25,15148.92,NaN,NaN,NaN
12440,4704.55,14844.78,0,0,0.0000
12441,4580.81,15021.80,NaN,NaN,NaN
12442,4261.39,15104.26,0,0,0.0000
12443,4705.81,14935.79,NaN,NaN,NaN
12444,4568.27,14770.72,NaN,NaN,NaN
12445,4730.29,15285.62,0,0,0.0000
12446,4732.91,15131.43,NaN,NaN,NaN
12447,4674.60,15124.88,0,0,0.0000
12448,4689.24,15006.51,0,0,0.0000
12449,4087.47,15204.94,0,0,0.0000
12450,4519.85,14853.33,0,0,0.0000
12451,4382.40,15254.70,NaN,NaN,NaN
12452,4033.61,14756.37,2,3,0.0000
12453,4448.83,15427.47,0,0,0.0000
12454,4678.90,14808.66,0,0,0.0000
12455,4283.33,15320.08,NaN,NaN,NaN
12456,4600.87,15172.45,NaN,NaN,NaN
12457,4484.10,14944.10,0,0,0.0000
12458,4689.48,14723.08,0,0,0.0000
12459,4662.98,15252.77,0,0,0.0000
12460,4550.95,14823.41,4,4,0.0000
12461,4322.02,15230.07,0,0,0.0000
12462,4613.14,15119.71,0,0,0.0000
12463,5451.13,14756.10,3,2,0.0000
12464,5041.30,15044.81,0,0,0.0000
12465,5488.36,15469.76,NaN,NaN,NaN
12466,5066.12,15433.47,NaN,NaN,NaN
12467,4798.27,15063.75,0,0,0.0000
12468,5308.89,15307.66,NaN,NaN,NaN
12469,4808.13,14784.88,3,6,2.0000
12470,5371.05,15404.86,NaN,NaN,NaN
12471,5341.17,15025.69,NaN,NaN,NaN
12472,4850.60,15230.08,NaN,NaN,NaN
12473,4747.82,15395.74,2,7,3.5000
12474,4779.79,14860.40,0,0,0.0000
12475,5045.18,15313.35,2,5,2.5000
12476,4932.90,14785.56,NaN,NaN,NaN
12477,5240.85,14972.78,2,3,0.0000
12478,5096.29,15150.94,2,2,0.0000
12479,5328.46,15122.41,NaN,NaN,NaN
12480,5313.78,14907.30,0,0,0.0000
12481,5052.96,14917.51,2,2,0.0000
12482,5170.62,14920.29,NaN,NaN,NaN
12483,4791.36,15152.94,NaN,NaN,NaN
12484,4887.85,15018.50,0,0,0.0000
12485,5406.55,15198.43,0,0,0.0000
12486,4804.75,14917.27,0,0,0.0000
12487,5128.91,15288.67,NaN,NaN,NaN
12488,4922.17,15209.12,3,3,0.0000
12489,5272.75,14760.67,NaN,NaN,NaN
12490,4961.20,14926.58,0,0,0.0000
12491,5501.22,15121.27,0,0,0.0000
12492,4833.46,15383.48,NaN,NaN,NaN
12493,5031.75,14858.52,2,1,0.0000
12494,4930.59,15048.25,NaN,NaN,NaN
12495,4828.35,15453.08,2,4,2.0000
12496,4739.72,14749.10,0,0,0.0000
12497,5404.15,15052.70,2,1,0.0000
12498,4896.18,15423.95,0,0,0.0000
12499,5201.82,15327.18,NaN,NaN,NaN
12500,5101.00,14736.51,0,0,0.0000
12501,4915.57,14847.53,0,0,0.0000
12502,4795.98,15259.91,NaN,NaN,NaN
12503,4891.94,15129.66,NaN,NaN,NaN
12504,4745.35,15483.45,NaN,NaN,NaN
12505,4929.99,15365.15,2,2,0.0000
12506,4991.94,15182.62,NaN,NaN,NaN
12507,5058.99,14790.15,0,0,0.0000
12508,5013.13,15457.64,NaN,NaN,NaN
12509,4750.53,14977.00,2,4,2.0000
12510,5343.21,15484.38,NaN,NaN,NaN
12511,5485.60,15210.87,NaN,NaN,NaN
12512,5408.61,14893.96,NaN,NaN,NaN
12513,5472.97,15011.84,0,0,0.0000
12514,5120.02,14950.32,NaN,NaN,NaN
12515,5218.53,15171.12,2,4,2.0000
12516,5301.29,15223.96,2,7,3.5000
12517,4952.88,15114.81,NaN,NaN,NaN
12518,5147.49,15164.99,3,6,2.0000
12519,5092.09,15374.69,NaN,NaN,NaN
12520,5108.39,14852.68,0,0,0.0000
12521,5355.20,15356.87,NaN,NaN,NaN
12522,5212.38,14862.83,3,3,0.0000
12523,4819.80,14975.56,0,0,0.0000
12524,5065.52,15229.44,NaN,NaN,NaN
12525,5446.30,14946.15,0,0,0.0000
12526,5366.89,14853.16,0,0,0.0000
12527,5151.75,14818.52,0,0,0.0000
12528,5368.42,14950.80,0,0,0.0000
12529,5206.73,15402.59,NaN,NaN,NaN
12530,4989.80,15377.19,NaN,NaN,NaN
12531,4892.01,14752.36,0,0,0.0000
12532,5350.17,14802.78,NaN,NaN,NaN
12533,5418.59,15318.32,2,5,2.5000
12534,5259.01,14827.35,NaN,NaN,NaN
12535,5162.48,14764.18,0,0,0.0000
12536,5429.67,15272.52,NaN,NaN,NaN
12537,5460.04,14869.03,0,0,0.0000
12538,5253.00,15437.35,0,0,0.0000
12539,5182.89,15037.81,0,0,0.0000
12540,5004.71,15239.00,NaN,NaN,NaN
12541,5349.39,15192.97,0,0,0.0000
12542,5235.65,15268.86,0,0,0.0000
12543,4816.30,15322.55,NaN,NaN,NaN
12544,4950.42,15456.96,NaN,NaN,NaN
12545,4949.31,15263.66,NaN,NaN,NaN
12546,5160.09,15217.54,NaN,NaN,NaN
12547,5112.35,15225.81,NaN,NaN,NaN
12548,5376.30,15260.95,0,0,0.0000
12549,5268.13,15396.20,0,0,0.0000
12550,4980.61,14835.41,0,0,0.0000
12551,4840.56,15011.73,0,0,0.0000
12552,4934.33,15309.86,NaN,NaN,NaN
12553,4769.18,15308.86,2,4,2.0000
12554,5152.60,15061.78,0,0,0.0000
12555,5032.49,15153.28,0,0,0.0000
12556,5304.15,14804.47,0,0,0.0000
12557,5446.04,15092.98,0,0,0.0000
12558,5264.17,14895.47,0,0,0.0000
12559,4975.53,14721.87,0,0,0.0000
12560,5461.37,15160.66,0,0,0.0000
12561,4877.19,15322.23,NaN,NaN,NaN
12562,4952.83,14971.90,NaN,NaN,NaN
12563,4752.59,15087.03,NaN,NaN,NaN
12564,5402.20,15127.36,0,0,0.0000
12565,4993.40,15282.40,0,0,0.0000
12566,5156.48,15450.09,0,0,0.0000
12567,5151.65,15322.36,0,0,0.0000
12568,5625.79,15147.03,2,9,4.5000
12569,5530.76,14926.39,0,0,0.0000
12570,5573.88,15060.63,NaN,NaN,NaN
12571,5839.18,14838.48,NaN,NaN,NaN
12572,5809.55,14990.42,0,0,0.0000
12573,5616.50,15267.18,NaN,NaN,NaN
12574,5521.28,15270.10,NaN,NaN,NaN
12575,5658.99,14986.10,0,0,0.0000
12576,5532.93,15381.89,0,0,0.0000
12577,5728.65,14809.31,NaN,NaN,NaN
12578,5781.14,14825.42,2,3,0.0000
12579,5678.01,14768.36,NaN,NaN,NaN
12580,5684.34,15064.50,NaN,NaN,NaN
12581,5674.69,15279.83,NaN,NaN,NaN
12582,5664.80,14836.57,NaN,NaN,NaN
12583,5621.46,14895.88,2,4,2.0000
12584,5602.90,14984.35,NaN,NaN,NaN
12585,5724.37,15210.15,0,0,0.0000
12586,5701.74,15168.61,0,0,0.0000
12587,5792.27,14886.92,NaN,NaN,NaN
12588,5723.43,15049.55,NaN,NaN,NaN
12589,5683.65,14941.82,3,4,0.0000
12590,5753.43,14972.73,NaN,NaN,NaN
12591,5533.21,15174.95,0,0,0.0000
12592,5973.03,14991.07,NaN,NaN,NaN
12593,5629.10,14856.94,NaN,NaN,NaN
12594,5507.63,15320.80,0,0,0.0000
12595,5717.01,15294.72,NaN,NaN,NaN
12596,5636.64,15044.16,NaN,NaN,NaN
12597,5670.78,15211.10,0,0,0.0000
12598,5738.96,14870.43,2,4,2.0000
12599,7632.09,14740.69,NaN,NaN,NaN
12600,7267.75,14800.21,NaN,NaN,NaN
12601,7484.54,14732.31,NaN,NaN,NaN
12602,7926.58,14814.69,0,0,0.0000
12603,7974.90,14896.12,2,4,2.0000
12604,7874.20,14832.37,3,4,0.0000
12605,7867.71,14748.29,NaN,NaN,NaN
12606,8064.48,14829.97,0,0,0.0000
12607,7988.05,14786.65,NaN,NaN,NaN
12608,7965.50,15011.99,0,0,0.0000
12609,7902.67,14759.48,NaN,NaN,NaN
12610,7916.75,15069.72,0,0,0.0000
12611,8127.04,15447.19,0,0,0.0000
12612,8041.11,14774.88,NaN,NaN,NaN
12613,8009.59,15015.52,0,0,0.0000
12614,7913.94,14893.03,2,5,2.5000
12615,8122.12,15355.97,0,0,0.0000
12616,7928.17,15110.69,0,0,0.0000
12617,8078.28,15033.74,0,0,0.0000
12618,7953.12,14965.10,2,4,2.0000
12619,7964.06,15128.68,0,0,0.0000
12620,11845.63,14750.83,2,2,0.0000
12621,11935.53,14759.84,NaN,NaN,NaN
12622,12361.31,14911.25,0,0,0.0000
12623,11796.33,14834.70,0,0,0.0000
12624,12116.71,14728.81,NaN,NaN,NaN
12625,12075.15,14753.51,0,0,0.0000
12626,12811.95,15393.58,4,3,0.0000
12627,12511.84,15409.87,0,0,0.0000
12628,12666.98,15441.80,NaN,NaN,NaN
12629,12590.29,15383.89,3,4,0.0000
12630,12921.08,15471.99,0,0,0.0000
12631,12585.03,15453.17,NaN,NaN,NaN
12632,12594.43,15334.70,NaN,NaN,NaN
12633,13176.78,15487.50,0,0,0.0000
12634,13122.79,15484.89,0,0,0.0000
12635,12907.30,15396.63,0,0,0.0000
12636,12529.25,15461.12,NaN,NaN,NaN
12637,13884.20,15448.22,NaN,NaN,NaN
12638,13935.33,15253.53,NaN,NaN,NaN
12639,13836.28,15301.30,NaN,NaN,NaN
12640,13769.48,15383.58,NaN,NaN,NaN
12641,13847.39,15385.36,0,0,0.0000
12642,13760.68,15482.05,NaN,NaN,NaN
12643,13875.79,15207.55,3,3,0.0000
12644,13935.39,15338.17,3,5,0.0000
12645,13766.91,15440.69,0,0,0.0000
12646,13766.58,15304.07,2,8,4.0000
12647,13979.47,14994.13,NaN,NaN,NaN
12648,14317.95,15008.47,NaN,NaN,NaN
12649,13992.38,15113.95,2,9,4.5000
12650,14070.78,15403.46,NaN,NaN,NaN
12651,14252.12,15162.91,NaN,NaN,NaN
12652,14040.29,15185.86,NaN,NaN,NaN
12653,14114.31,15250.68,0,0,0.0000
12654,14228.04,15251.50,NaN,NaN,NaN
12655,14009.96,15288.00,NaN,NaN,NaN
12656,14133.29,15353.80,0,0,0.0000
12657,14005.82,15384.68,NaN,NaN,NaN
12658,14123.27,15119.70,0,0,0.0000
12659,14148.89,15174.73,NaN,NaN,NaN
12660,14416.49,14955.36,NaN,NaN,NaN
12661,14513.92,14826.84,NaN,NaN,NaN
12662,14355.79,14868.22,NaN,NaN,NaN
12663,14179.72,15322.84,0,0,0.0000
12664,14142.57,15047.31,2,3,0.0000
12665,14439.29,14848.27,NaN,NaN,NaN
12666,14501.64,14925.37,2,2,0.0000
12667,14155.89,14986.88,0,0,0.0000
12668,14407.75,14904.13,2,5,2.5000
12669,14221.74,15023.26,0,0,0.0000
12670,14232.68,15067.38,NaN,NaN,NaN
12671,14500.67,14861.01,0,0,0.0000
12672,14139.05,15420.92,0,0,0.0000
12673,14180.90,15079.38,2,5,2.5000
12674,14482.33,14885.78,0,0,0.0000
12675,14463.03,14898.22,NaN,NaN,NaN
12676,15400.26,15481.35,NaN,NaN,NaN
12677,15250.40,15472.33,2,3,0.0000
12678,14977.37,15473.22,2,4,2.0000
12679,15207.61,15399.60,2,7,3.5000
12680,15151.09,15415.62,0,0,0.0000
12681,15354.63,15421.31,NaN,NaN,NaN
12682,14981.88,15403.46,0,0,0.0000
12683,746.13,15996.55,NaN,NaN,NaN
12684,831.91,16311.54,NaN,NaN,NaN
12685,789.78,16281.41,NaN,NaN,NaN
12686,798.28,16098.36,NaN,NaN,NaN
12687,562.41,16218.15,2,4,2.0000
12688,745.34,16299.47,2,2,0.0000
12689,891.92,16138.09,2,3,0.0000
12690,585.36,16271.42,2,2,0.0000
12691,607.96,16322.94,NaN,NaN,NaN
12692,886.08,15863.13,2,4,2.0000
12693,746.26,16210.09,2,2,0.0000
12694,662.82,16254.75,NaN,NaN,NaN
12695,100.09,15655.73,NaN,NaN,NaN
12696,713.28,16123.77,0,0,0.0000
12697,741.04,15778.05,0,0,0.0000
12698,160.85,15667.58,0,0,0.0000
12699,858.39,16057.16,0,0,0.0000
12700,94.85,15589.36,0,0,0.0000
12701,629.27,16187.83,0,0,0.0000
12702,831.46,15949.65,NaN,NaN,NaN
12703,839.56,16173.50,0,0,0.0000
12704,56.22,15532.08,2,3,0.0000
12705,519.85,15510.20,NaN,NaN,NaN
12706,127.46,15726.85,0,0,0.0000
12707,45.84,15852.14,NaN,NaN,NaN
12708,480.82,16295.97,NaN,NaN,NaN
12709,169.42,15602.39,NaN,NaN,NaN
12710,775.79,15867.06,NaN,NaN,NaN
12711,124.68,15550.45,NaN,NaN,NaN
12712,814.37,15801.00,0,0,0.0000
12713,704.95,15854.74,NaN,NaN,NaN
12714,894.22,15816.73,NaN,NaN,NaN
12715,783.28,15745.48,NaN,NaN,NaN
12716,696.52,16197.23,NaN,NaN,NaN
12717,48.52,15993.05,NaN,NaN,NaN
12718,172.14,15536.98,NaN,NaN,NaN
12719,67.76,15684.91,NaN,NaN,NaN
12720,681.00,16031.32,0,0,0.0000
12721,500.41,16233.04,NaN,NaN,NaN
12722,641.87,16029.73,0,0,0.0000
12723,682.13,15793.25,NaN,NaN,NaN
12724,82.86,15952.51,0,0,0.0000
12725,446.82,16343.95,NaN,NaN,NaN
12726,621.69,16108.01,0,0,0.0000
12727,831.02,16228.40,NaN,NaN,NaN
12728,785.92,16170.73,NaN,NaN,NaN
12729,672.55,16165.22,NaN,NaN,NaN
12730,518.56,16336.40,2,3,0.0000
12731,1000.50,16272.95,NaN,NaN,NaN
12732,917.31,16254.11,NaN,NaN,NaN
12733,1243.34,16176.81,NaN,NaN,NaN
12734,1445.42,16317.24,NaN,NaN,NaN
12735,949.60,16024.32,0,0,0.0000
12736,1007.88,16116.66,0,0,0.0000
12737,1157.54,16179.10,NaN,NaN,NaN
12738,1335.02,16184.30,0,0,0.0000
12739,1132.48,16314.52,2,3,0.0000
12740,1050.71,16060.03,3,3,0.0000
12741,1219.74,15890.42,0,0,0.0000
12742,1262.09,16265.95,NaN,NaN,NaN
12743,1152.37,15914.63,NaN,NaN,NaN
12744,1190.40,16274.11,NaN,NaN,NaN
12745,1170.43,16114.21,NaN,NaN,NaN
12746,1226.84,16078.12,NaN,NaN,NaN
12747,1101.68,15881.51,NaN,NaN,NaN
12748,974.97,15923.82,NaN,NaN,NaN
12749,1315.13,16311.06,2,2,0.0000
12750,1150.14,16002.18,NaN,NaN,NaN
12751,909.43,15925.20,0,0,0.0000
12752,1389.22,16263.49,NaN,NaN,NaN
12753,1511.56,16218.78,NaN,NaN,NaN
12754,1052.06,15908.55,2,4,2.0000
12755,954.74,16151.55,0,0,0.0000
12756,1196.77,15984.38,0,0,0.0000
12757,1023.26,15849.23,0,0,0.0000
12758,1207.64,16040.90,0,0,0.0000
12759,1056.03,15960.57,2,2,0.0000
12760,1112.80,15746.17,NaN,NaN,NaN
12761,1062.54,15780.52,NaN,NaN,NaN
12762,1006.71,15806.09,0,0,0.0000
12763,1138.31,15842.47,NaN,NaN,NaN
12764,1071.90,15842.36,NaN,NaN,NaN
12765,1019.13,15993.74,0,0,0.0000
12766,1065.72,16173.58,0,0,0.0000
12767,1069.98,16246.75,0,0,0.0000
12768,1175.56,15716.98,NaN,NaN,NaN
12769,1105.07,16038.44,NaN,NaN,NaN
12770,1131.43,15692.89,NaN,NaN,NaN
12771,1382.25,16209.75,NaN,NaN,NaN
12772,897.71,16038.00,0,0,0.0000
12773,1067.40,16007.65,NaN,NaN,NaN
12774,1096.51,15996.25,0,0,0.0000
12775,941.83,15890.21,NaN,NaN,NaN
12776,1141.33,16068.18,0,0,0.0000
12777,1215.89,16344.39,2,1,0.0000
12778,1816.24,15517.49,2,4,2.0000
12779,1682.79,16252.44,NaN,NaN,NaN
12780,1740.59,15509.02,NaN,NaN,NaN
12781,1742.95,16259.48,NaN,NaN,NaN
12782,1836.91,16196.97,NaN,NaN,NaN
12783,2333.93,16256.84,NaN,NaN,NaN
12784,1913.95,15570.49,NaN,NaN,NaN
12785,1826.83,15585.05,NaN,NaN,NaN
12786,2415.05,16279.41,NaN,NaN,NaN
12787,2272.86,16342.69,NaN,NaN,NaN
12788,1787.60,16216.69,4,7,0.0000
12789,1852.75,15621.21,NaN,NaN,NaN
12790,2363.22,16296.50,0,0,0.0000
12791,2367.16,16224.65,0,0,0.0000
12792,1759.04,16207.95,0,0,0.0000
12793,2417.07,16210.42,NaN,NaN,NaN
12794,1905.60,15626.11,NaN,NaN,NaN
12795,1888.72,16223.53,0,0,0.0000
12796,1870.13,16300.04,2,2,0.0000
12797,1803.01,15643.27,0,0,0.0000
12798,1773.94,15603.99,0,0,0.0000
12799,1844.41,16126.86,0,0,0.0000
12800,2485.05,16268.03,NaN,NaN,NaN
12801,2622.78,16330.30,2,5,2.5000
12802,3174.56,15823.42,0,0,0.0000
12803,2531.78,16341.24,0,0,0.0000
12804,2571.62,16291.89,0,0,0.0000
12805,3328.55,16153.63,5,6,0.0000
12806,3252.61,16038.41,0,0,0.0000
12807,3338.17,16227.67,NaN,NaN,NaN
12808,3271.36,16183.90,0,0,0.0000
12809,3314.06,16076.81,NaN,NaN,NaN
12810,3246.17,16105.22,0,0,0.0000
12811,3222.42,15958.81,2,3,0.0000
12812,4538.10,15940.21,3,4,0.0000
12813,4668.28,16270.19,0,0,0.0000
12814,4465.43,16137.78,0,0,0.0000
12815,4418.85,15913.05,NaN,NaN,NaN
12816,4322.27,16177.50,2,10,5.0000
12817,4394.39,15680.05,0,0,0.0000
12818,4659.37,15549.52,0,0,0.0000
12819,4494.17,15672.08,NaN,NaN,NaN
12820,4588.91,16155.91,0,0,0.0000
12821,4568.35,15622.79,0,0,0.0000
12822,4378.52,16082.02,NaN,NaN,NaN
12823,4645.00,15959.08,0,0,0.0000
12824,4671.36,15753.15,0,0,0.0000
12825,4508.81,15580.60,2,3,0.0000
12826,4575.81,16271.32,0,0,0.0000
12827,4671.97,16165.73,0,0,0.0000
12828,4379.07,15566.80,0,0,0.0000
12829,4663.99,15663.26,0,0,0.0000
12830,4468.08,16045.88,0,0,0.0000
12831,4605.72,16062.10,0,0,0.0000
12832,4677.19,16037.62,NaN,NaN,NaN
12833,4445.89,15580.61,0,0,0.0000
12834,4512.92,16307.26,0,0,0.0000
12835,4483.92,15788.14,0,0,0.0000
12836,4294.00,16279.02,0,0,0.0000
12837,4664.38,15876.54,0,0,0.0000
12838,4589.56,15705.40,0,0,0.0000
12839,4526.39,15758.52,0,0,0.0000
12840,4441.53,16298.09,0,0,0.0000
12841,4346.23,15887.54,0,0,0.0000
12842,4462.05,15523.16,0,0,0.0000
12843,4327.49,16045.01,NaN,NaN,NaN
12844,4678.69,16097.22,0,0,0.0000
12845,4539.21,16196.22,0,0,0.0000
12846,4350.80,15495.82,NaN,NaN,NaN
12847,4734.47,16136.61,0,0,0.0000
12848,4363.99,16001.09,3,5,0.0000
12849,4415.86,15774.78,0,0,0.0000
12850,4395.96,16185.23,0,0,0.0000
12851,4523.25,16256.13,NaN,NaN,NaN
12852,4406.18,16262.57,NaN,NaN,NaN
12853,4594.43,15567.44,0,0,0.0000
12854,4479.02,16226.88,0,0,0.0000
12855,4396.09,16224.15,0,0,0.0000
12856,4293.49,15641.48,NaN,NaN,NaN
12857,4397.50,15984.31,NaN,NaN,NaN
12858,4804.72,15809.43,0,0,0.0000
12859,5356.38,15574.81,0,0,0.0000
12860,4774.96,15571.59,5,3,0.0000
12861,4899.90,15929.62,0,0,0.0000
12862,5184.67,15788.26,0,0,0.0000
12863,5006.16,15929.38,NaN,NaN,NaN
12864,4808.15,16219.24,0,0,0.0000
12865,5096.92,15703.47,0,0,0.0000
12866,5151.21,15574.64,0,0,0.0000
12867,5230.38,15649.84,0,0,0.0000
12868,4764.91,15992.57,0,0,0.0000
12869,5000.74,16310.11,0,0,0.0000
12870,5274.32,16320.72,NaN,NaN,NaN
12871,4907.71,15669.66,0,0,0.0000
12872,4985.69,15841.22,0,0,0.0000
12873,4866.40,15552.36,NaN,NaN,NaN
12874,4902.89,16041.90,0,0,0.0000
12875,5088.55,16081.67,NaN,NaN,NaN
12876,5020.96,15556.37,NaN,NaN,NaN
12877,4933.65,15529.04,NaN,NaN,NaN
12878,4740.56,15897.54,0,0,0.0000
12879,4779.34,16087.26,0,0,0.0000
12880,4994.56,15715.59,NaN,NaN,NaN
12881,5230.26,15513.42,0,0,0.0000
12882,5188.86,16038.52,0,0,0.0000
12883,4964.47,16134.76,0,0,0.0000
12884,5392.99,15869.59,0,0,0.0000
12885,4834.92,15640.45,NaN,NaN,NaN
12886,4881.21,16174.73,0,0,0.0000
12887,5081.58,15871.96,0,0,0.0000
12888,4998.75,16068.97,0,0,0.0000
12889,5158.17,15900.98,NaN,NaN,NaN
12890,5437.77,15789.81,0,0,0.0000
12891,4889.96,16281.10,0,0,0.0000
12892,5148.49,15987.68,NaN,NaN,NaN
12893,4953.15,16237.61,0,0,0.0000
12894,5001.56,16000.62,NaN,NaN,NaN
12895,5259.16,15992.82,NaN,NaN,NaN
12896,5282.91,15774.00,NaN,NaN,NaN
12897,5070.60,16174.17,0,0,0.0000
12898,4995.54,15784.88,NaN,NaN,NaN
12899,5031.90,15632.70,0,0,0.0000
12900,5199.68,15713.93,NaN,NaN,NaN
12901,5360.29,15793.97,NaN,NaN,NaN
12902,4828.37,16328.91,0,0,0.0000
12903,5071.03,16029.44,0,0,0.0000
12904,5296.08,15528.81,NaN,NaN,NaN
12905,4924.05,15759.10,0,0,0.0000
12906,5291.24,16363.02,NaN,NaN,NaN
12907,5128.19,15505.72,NaN,NaN,NaN
12908,4974.46,15671.48,NaN,NaN,NaN
12909,4785.54,16295.63,0,0,0.0000
12910,5350.78,15681.80,NaN,NaN,NaN
12911,5496.85,15671.18,NaN,NaN,NaN
12912,5171.90,16094.01,NaN,NaN,NaN
12913,5434.71,15686.78,NaN,NaN,NaN
12914,5484.59,15728.16,NaN,NaN,NaN
12915,5371.63,16307.28,NaN,NaN,NaN
12916,5058.95,16276.25,0,0,0.0000
12917,5080.54,15978.59,NaN,NaN,NaN
12918,5384.70,15753.10,0,0,0.0000
12919,5420.07,15635.46,0,0,0.0000
12920,4746.73,16248.89,NaN,NaN,NaN
12921,4972.52,15587.79,3,5,0.0000
12922,5285.66,15622.83,0,0,0.0000
12923,5216.46,16100.40,0,0,0.0000
12924,5473.06,15636.16,0,0,0.0000
12925,5078.89,15540.73,NaN,NaN,NaN
12926,4760.25,15665.32,0,0,0.0000
12927,5477.14,15549.57,0,0,0.0000
12928,5466.00,15595.08,0,0,0.0000
12929,5249.04,15715.69,0,0,0.0000
12930,5908.06,16240.83,0,0,0.0000
12931,5514.24,15611.21,NaN,NaN,NaN
12932,5567.29,15529.93,0,0,0.0000
12933,5992.57,16253.71,0,0,0.0000
12934,5552.97,15568.71,0,0,0.0000
12935,8103.27,15523.37,NaN,NaN,NaN
12936,8087.02,15642.02,NaN,NaN,NaN
12937,8129.36,15874.52,NaN,NaN,NaN
12938,8128.50,15776.48,NaN,NaN,NaN
12939,8136.23,15828.24,2,2,0.0000
12940,9242.62,16293.83,0,0,0.0000
12941,9298.60,16304.38,2,2,0.0000
12942,9195.73,16202.47,NaN,NaN,NaN
12943,9240.18,16345.26,0,0,0.0000
12944,10105.42,15954.85,NaN,NaN,NaN
12945,10015.28,15956.08,NaN,NaN,NaN
12946,10065.73,15987.99,NaN,NaN,NaN
12947,10269.83,15738.81,NaN,NaN,NaN
12948,10307.03,15829.59,0,0,0.0000
12949,10196.89,15743.24,3,3,0.0000
12950,10133.33,15880.42,NaN,NaN,NaN
12951,10171.76,16015.91,NaN,NaN,NaN
12952,10337.27,15967.16,3,8,2.6667
12953,10133.37,15795.40,0,0,0.0000
12954,10231.60,15985.52,NaN,NaN,NaN
12955,10333.26,15651.60,NaN,NaN,NaN
12956,10117.81,15728.37,0,0,0.0000
12957,10176.97,15955.52,NaN,NaN,NaN
12958,10357.08,16042.23,NaN,NaN,NaN
12959,10434.80,16067.06,NaN,NaN,NaN
12960,10319.23,16051.31,NaN,NaN,NaN
12961,10140.42,15697.80,0,0,0.0000
12962,10294.41,16047.89,NaN,NaN,NaN
12963,11643.94,16182.06,0,0,0.0000
12964,11527.37,16349.91,0,0,0.0000
12965,11504.29,16171.99,0,0,0.0000
12966,11576.88,16141.91,0,0,0.0000
12967,11465.56,16334.92,0,0,0.0000
12968,11785.91,16293.56,NaN,NaN,NaN
12969,12314.82,15537.72,NaN,NaN,NaN
12970,12068.80,15855.83,0,0,0.0000
12971,12384.01,15764.43,3,4,0.0000
12972,11725.51,16133.76,0,0,0.0000
12973,12205.12,15774.02,0,0,0.0000
12974,12171.56,15545.53,NaN,NaN,NaN
12975,11955.22,15682.87,NaN,NaN,NaN
12976,12024.15,15645.98,0,0,0.0000
12977,12265.95,15749.87,0,0,0.0000
12978,12078.47,15584.61,3,5,0.0000
12979,11925.13,15775.99,3,4,0.0000
12980,12182.68,15949.03,0,0,0.0000
12981,12181.46,15617.09,NaN,NaN,NaN
12982,12196.86,16294.83,0,0,0.0000
12983,11655.08,16275.88,NaN,NaN,NaN
12984,12287.85,15659.27,NaN,NaN,NaN
12985,11860.19,16138.31,NaN,NaN,NaN
12986,12155.72,15857.64,NaN,NaN,NaN
12987,11840.57,15681.11,NaN,NaN,NaN
12988,12029.76,15737.78,NaN,NaN,NaN
12989,11955.58,15839.90,0,0,0.0000
12990,12129.37,15659.46,0,0,0.0000
12991,12232.64,15671.07,NaN,NaN,NaN
12992,12149.47,15788.46,NaN,NaN,NaN
12993,12395.43,15831.08,0,0,0.0000
12994,11786.80,16108.56,0,0,0.0000
12995,12238.72,16222.24,0,0,0.0000
12996,11818.08,16169.46,0,0,0.0000
12997,12219.36,15892.20,2,0,0.0000
12998,11994.27,15795.97,0,0,0.0000
12999,12152.02,16255.91,0,0,0.0000
13000,12094.38,15760.21,NaN,NaN,NaN
13001,12114.95,16248.19,0,0,0.0000
13002,12213.45,15853.84,NaN,NaN,NaN
13003,12351.14,15676.37,0,0,0.0000
13004,11901.34,15830.14,0,0,0.0000
13005,11827.69,15723.49,0,0,0.0000
13006,12617.85,15533.73,3,7,2.3333
13007,12487.78,15647.70,2,4,2.0000
13008,12773.57,15561.28,0,0,0.0000
13009,13068.12,15523.09,NaN,NaN,NaN
13010,13000.91,15606.27,NaN,NaN,NaN
13011,12552.73,15697.73,NaN,NaN,NaN
13012,12478.48,15501.65,NaN,NaN,NaN
13013,12730.17,15492.70,NaN,NaN,NaN
13014,12603.89,15609.84,0,0,0.0000
13015,12479.47,15825.83,0,0,0.0000
13016,13177.53,16060.91,0,0,0.0000
13017,13173.51,15567.42,NaN,NaN,NaN
13018,13079.65,15613.59,NaN,NaN,NaN
13019,12675.52,15675.42,NaN,NaN,NaN
13020,13105.81,16125.05,0,0,0.0000
13021,12801.77,15644.59,0,0,0.0000
13022,12981.11,15552.94,0,0,0.0000
13023,12529.41,15561.12,0,0,0.0000
13024,12872.88,15675.02,0,0,0.0000
13025,12614.09,15675.22,0,0,0.0000
13026,12639.45,16338.55,0,0,0.0000
13027,12686.08,15630.87,0,0,0.0000
13028,12676.00,15770.51,NaN,NaN,NaN
13029,12561.59,15799.60,0,0,0.0000
13030,12540.65,15760.37,0,0,0.0000
13031,12532.36,15805.76,0,0,0.0000
13032,13393.70,15915.01,NaN,NaN,NaN
13033,13632.66,15759.95,0,0,0.0000
13034,13810.01,15600.05,0,0,0.0000
13035,13906.67,15586.12,3,3,0.0000
13036,13784.69,15524.56,NaN,NaN,NaN
13037,13693.34,15584.74,2,2,0.0000
13038,13223.32,15966.22,NaN,NaN,NaN
13039,13564.35,15731.72,2,4,2.0000
13040,13805.58,15741.12,NaN,NaN,NaN
13041,13622.34,15645.07,NaN,NaN,NaN
13042,13674.33,15674.00,0,0,0.0000
13043,13459.46,15855.33,NaN,NaN,NaN
13044,13291.59,16012.49,NaN,NaN,NaN
13045,13526.56,15801.44,0,0,0.0000
13046,13742.12,15663.50,0,0,0.0000
13047,13904.16,15684.04,NaN,NaN,NaN
13048,13425.91,15971.97,NaN,NaN,NaN
13049,13656.92,15498.19,0,0,0.0000
13050,13375.83,16000.35,0,0,0.0000
13051,13908.86,15643.97,0,0,0.0000
13052,13710.47,15725.36,0,0,0.0000
13053,13587.14,15838.43,0,0,0.0000
13054,13310.25,15528.50,0,0,0.0000
13055,13624.17,15829.76,0,0,0.0000
13056,13960.14,15510.99,NaN,NaN,NaN
13057,14659.47,16085.12,0,0,0.0000
13058,14717.26,15878.13,NaN,NaN,NaN
13059,14683.31,16204.68,NaN,NaN,NaN
13060,14688.02,15962.97,NaN,NaN,NaN
13061,14570.95,16167.43,NaN,NaN,NaN
13062,14621.21,16167.69,0,0,0.0000
13063,14640.14,16204.42,0,0,0.0000
13064,14077.08,15536.39,0,0,0.0000
13065,14056.16,15558.78,0,0,0.0000
13066,15417.58,16223.89,0,0,0.0000
13067,14940.85,16191.49,NaN,NaN,NaN
13068,14730.18,16023.18,0,0,0.0000
13069,14739.34,16122.47,2,5,2.5000
13070,15042.95,16180.87,2,6,3.0000
13071,15026.39,15668.74,2,7,3.5000
13072,15293.76,15841.07,NaN,NaN,NaN
13073,14949.69,15953.69,4,3,0.0000
13074,15350.99,15878.03,0,0,0.0000
13075,15465.69,15830.79,0,0,0.0000
13076,15449.53,16114.94,0,0,0.0000
13077,15283.56,15662.40,NaN,NaN,NaN
13078,15013.60,15856.46,2,1,0.0000
13079,15257.23,15757.83,0,0,0.0000
13080,14869.65,16091.94,NaN,NaN,NaN
13081,15455.66,15931.71,3,8,2.6667
13082,14808.40,15971.49,NaN,NaN,NaN
13083,15390.84,15938.38,0,0,0.0000
13084,14890.97,15782.48,2,3,0.0000
13085,15349.05,16007.93,NaN,NaN,NaN
13086,15003.36,15552.44,3,4,0.0000
13087,15261.34,15517.58,NaN,NaN,NaN
13088,14837.84,15774.49,0,0,0.0000
13089,14861.28,15886.84,0,0,0.0000
13090,14995.71,15768.34,NaN,NaN,NaN
13091,14784.45,16251.09,0,0,0.0000
13092,14925.12,15538.95,NaN,NaN,NaN
13093,15057.00,16040.97,NaN,NaN,NaN
13094,15350.76,16069.76,NaN,NaN,NaN
13095,15059.44,16259.44,NaN,NaN,NaN
13096,14752.10,15918.06,0,0,0.0000
13097,15460.65,15736.15,2,5,2.5000
13098,15151.78,15713.04,0,0,0.0000
13099,15378.06,16338.78,NaN,NaN,NaN
13100,14787.02,15791.52,4,8,2.0000
13101,14803.91,15682.57,0,0,0.0000
13102,14823.45,15922.50,NaN,NaN,NaN
13103,15301.23,16160.11,NaN,NaN,NaN
13104,14812.23,16116.96,NaN,NaN,NaN
13105,15326.52,15508.82,NaN,NaN,NaN
13106,15389.76,16282.01,0,0,0.0000
13107,15185.90,15541.55,2,0,0.0000
13108,14738.10,16249.13,NaN,NaN,NaN
13109,15077.45,15603.35,0,0,0.0000
13110,15459.65,15672.91,NaN,NaN,NaN
13111,15410.41,15796.29,NaN,NaN,NaN
13112,14755.99,15688.24,NaN,NaN,NaN
13113,14925.74,15782.93,2,3,0.0000
13114,15288.70,16319.70,0,0,0.0000
13115,15314.27,15959.08,NaN,NaN,NaN
13116,15462.05,16201.11,NaN,NaN,NaN
13117,14773.89,16310.66,NaN,NaN,NaN
13118,14788.13,15863.96,NaN,NaN,NaN
13119,15479.65,16361.19,0,0,0.0000
13120,15440.38,15552.78,0,0,0.0000
13121,15411.39,15679.94,NaN,NaN,NaN
13122,15020.55,16108.65,NaN,NaN,NaN
13123,14868.21,16230.96,0,0,0.0000
13124,14970.15,16087.05,NaN,NaN,NaN
13125,14824.64,15836.90,0,0,0.0000
13126,15066.38,16318.08,0,0,0.0000
13127,14820.25,16223.99,0,0,0.0000
13128,14955.44,15878.08,NaN,NaN,NaN
13129,15410.35,16009.85,2,2,0.0000
13130,15329.18,16285.52,NaN,NaN,NaN
13131,15280.74,15548.29,NaN,NaN,NaN
13132,15129.46,16354.96,0,0,0.0000
13133,14754.51,15787.66,NaN,NaN,NaN
13134,14953.30,15803.00,0,0,0.0000
13135,14940.08,16021.04,0,0,0.0000
13136,14822.17,16286.08,NaN,NaN,NaN
13137,14850.77,16164.67,NaN,NaN,NaN
13138,14883.16,16288.67,0,0,0.0000
13139,14913.43,15875.57,0,0,0.0000
13140,14892.25,16145.11,0,0,0.0000
13141,14892.62,15840.50,0,0,0.0000
13142,14881.87,15929.64,0,0,0.0000
13143,14862.41,16291.13,0,0,0.0000
13144,15587.02,16247.51,3,2,0.0000
13145,15508.82,16005.34,NaN,NaN,NaN
13146,15570.50,16084.00,NaN,NaN,NaN
13147,15579.38,16162.84,0,0,0.0000
13148,15641.98,16239.59,0,0,0.0000
13149,15523.41,16235.33,NaN,NaN,NaN
13150,15522.14,16133.25,NaN,NaN,NaN
13151,15492.77,16178.94,NaN,NaN,NaN
