cell_id,centroid_x,centroid_y,reddot,blackdot,score
1,892.22,633.21,NaN,NaN,NaN
2,786.23,512.12,3,2,0.0000
3,831.96,385.11,NaN,NaN,NaN
4,809.69,252.62,NaN,NaN,NaN
5,487.97,120.83,0,0,0.0000
6,669.06,174.83,NaN,NaN,NaN
7,737.49,647.88,NaN,NaN,NaN
8,729.15,258.30,0,0,0.0000
9,741.12,155.29,NaN,NaN,NaN
10,366.73,870.06,NaN,NaN,NaN
11,828.40,54.39,NaN,NaN,NaN
12,853.31,105.43,2,4,2.0000
13,37.71,884.76,2,4,2.0000
14,587.62,247.27,NaN,NaN,NaN
15,120.73,802.22,0,0,0.0000
16,430.44,23.57,0,0,0.0000
17,653.78,29.49,2,2,0.0000
18,96.16,886.65,0,0,0.0000
19,188.07,824.96,NaN,NaN,NaN
20,765.65,364.97,NaN,NaN,NaN
21,632.76,81.24,0,0,0.0000
22,784.39,158.90,NaN,NaN,NaN
23,725.71,429.37,NaN,NaN,NaN
24,140.93,759.87,0,0,0.0000
25,842.30,180.96,NaN,NaN,NaN
26,146.10,880.94,0,0,0.0000
27,23.87,676.16,0,0,0.0000
28,547.68,114.17,3,4,0.0000
29,812.73,106.03,0,0,0.0000
30,735.35,377.46,0,0,0.0000
31,129.34,845.03,0,0,0.0000
32,603.77,45.11,2,2,0.0000
33,699.68,112.57,NaN,NaN,NaN
34,680.08,384.53,0,0,0.0000
35,23.99,848.03,0,0,0.0000
36,394.18,770.25,NaN,NaN,NaN
37,598.47,127.19,NaN,NaN,NaN
38,763.27,86.67,NaN,NaN,NaN
39,80.43,833.78,0,0,0.0000
40,85.98,762.30,0,0,0.0000
41,418.97,76.03,NaN,NaN,NaN
42,1336.83,586.43,0,0,0.0000
43,919.10,269.26,NaN,NaN,NaN
44,1597.31,114.02,2,4,2.0000
45,1492.66,263.37,2,3,0.0000
46,1181.76,98.47,0,0,0.0000
47,1320.68,105.11,NaN,NaN,NaN
48,1650.41,529.53,4,4,0.0000
49,1425.92,79.42,NaN,NaN,NaN
50,1614.66,315.53,2,7,3.5000
51,910.86,116.47,NaN,NaN,NaN
52,1462.18,437.26,0,0,0.0000
53,1073.08,127.84,3,3,0.0000
54,1051.25,513.78,NaN,NaN,NaN
55,1034.84,450.20,NaN,NaN,NaN
56,1408.05,327.82,0,0,0.0000
57,975.14,547.45,NaN,NaN,NaN
58,1327.30,850.08,NaN,NaN,NaN
59,1043.55,647.51,2,3,0.0000
60,1396.20,464.57,0,0,0.0000
61,1009.73,160.62,4,6,0.0000
62,984.67,238.38,2,3,0.0000
63,1495.35,117.56,NaN,NaN,NaN
64,1255.94,39.32,NaN,NaN,NaN
65,1204.02,671.64,2,5,2.5000
66,1656.13,732.31,NaN,NaN,NaN
67,1230.32,159.60,NaN,NaN,NaN
68,905.60,388.58,NaN,NaN,NaN
69,974.73,113.92,NaN,NaN,NaN
70,1431.61,793.26,NaN,NaN,NaN
71,1207.03,730.29,NaN,NaN,NaN
72,1398.20,662.51,0,0,0.0000
73,1053.26,271.47,NaN,NaN,NaN
74,1172.87,528.51,NaN,NaN,NaN
75,1630.99,460.48,0,0,0.0000
76,1528.15,523.30,NaN,NaN,NaN
77,1292.35,516.76,2,7,3.5000
78,998.87,35.27,2,6,3.0000
79,1119.64,169.55,NaN,NaN,NaN
80,1142.76,361.39,NaN,NaN,NaN
81,1593.97,658.35,3,5,0.0000
82,1091.19,579.82,2,7,3.5000
83,1117.56,727.95,NaN,NaN,NaN
84,998.81,315.20,3,2,0.0000
85,1156.11,587.86,NaN,NaN,NaN
86,1170.73,872.02,NaN,NaN,NaN
87,1246.77,789.26,3,7,2.3333
88,1474.25,353.43,0,0,0.0000
89,1409.29,244.93,0,0,0.0000
90,1150.01,808.27,NaN,NaN,NaN
91,1549.62,452.88,NaN,NaN,NaN
92,1528.72,394.25,0,0,0.0000
93,1079.74,327.12,4,7,0.0000
94,1526.66,672.05,0,0,0.0000
95,1216.80,334.21,0,0,0.0000
96,1651.07,887.89,NaN,NaN,NaN
97,1326.23,468.34,NaN,NaN,NaN
98,1454.93,872.16,NaN,NaN,NaN
99,1269.83,882.28,0,0,0.0000
100,1138.00,432.47,2,4,2.0000
101,1035.60,77.65,NaN,NaN,NaN
102,1597.29,733.09,NaN,NaN,NaN
103,1475.29,832.18,NaN,NaN,NaN
104,1203.18,409.56,2,0,0.0000
105,1482.62,708.16,0,0,0.0000
106,1384.11,855.72,2,4,2.0000
107,1330.70,689.36,NaN,NaN,NaN
108,1641.62,791.46,NaN,NaN,NaN
109,1119.91,648.68,NaN,NaN,NaN
110,1266.13,721.01,NaN,NaN,NaN
111,1563.07,846.85,NaN,NaN,NaN
112,1320.87,746.15,NaN,NaN,NaN
113,1499.81,14.92,0,0,0.0000
114,1519.51,591.86,NaN,NaN,NaN
115,1221.90,463.94,NaN,NaN,NaN
116,1556.50,362.45,NaN,NaN,NaN
117,1116.32,887.43,0,0,0.0000
118,1635.26,835.56,NaN,NaN,NaN
119,956.60,456.21,NaN,NaN,NaN
120,1143.23,276.53,NaN,NaN,NaN
121,1007.11,383.99,3,5,0.0000
122,1349.38,794.33,NaN,NaN,NaN
123,1495.45,778.98,NaN,NaN,NaN
124,1554.18,195.87,NaN,NaN,NaN
125,1550.28,730.04,0,0,0.0000
126,1030.43,359.39,0,0,0.0000
127,1416.42,732.60,0,0,0.0000
128,1468.57,743.34,0,0,0.0000
129,2370.05,141.63,2,4,2.0000
130,1860.98,187.04,5,6,0.0000
131,2360.40,528.66,NaN,NaN,NaN
132,2111.71,196.77,NaN,NaN,NaN
133,2298.61,867.99,NaN,NaN,NaN
134,1715.23,600.71,2,4,2.0000
135,2099.64,758.44,NaN,NaN,NaN
136,1704.26,308.72,0,0,0.0000
137,1666.96,411.37,NaN,NaN,NaN
138,1806.04,487.99,NaN,NaN,NaN
139,2184.44,744.05,NaN,NaN,NaN
140,2027.26,648.33,2,7,3.5000
141,2209.27,394.75,0,0,0.0000
142,2274.27,503.37,NaN,NaN,NaN
143,1857.60,877.30,NaN,NaN,NaN
144,1888.63,674.58,NaN,NaN,NaN
145,1803.91,302.32,NaN,NaN,NaN
146,1823.17,675.80,2,4,2.0000
147,1739.59,161.21,0,0,0.0000
148,1733.51,226.40,NaN,NaN,NaN
149,2131.63,68.98,NaN,NaN,NaN
150,2372.08,330.69,0,0,0.0000
151,1882.53,420.36,NaN,NaN,NaN
152,2064.16,808.44,0,0,0.0000
153,2009.19,441.58,NaN,NaN,NaN
154,2252.91,726.71,NaN,NaN,NaN
155,2201.85,814.99,NaN,NaN,NaN
156,1729.16,679.66,3,8,2.6667
157,1907.15,45.42,0,0,0.0000
158,1732.28,78.37,NaN,NaN,NaN
159,2024.66,213.30,0,0,0.0000
160,1790.45,588.03,NaN,NaN,NaN
161,2179.83,239.78,0,0,0.0000
162,1951.30,488.91,2,5,2.5000
163,2029.42,877.12,NaN,NaN,NaN
164,1775.62,231.02,NaN,NaN,NaN
165,2364.78,645.23,NaN,NaN,NaN
166,2005.48,763.66,0,0,0.0000
167,1861.52,260.66,0,0,0.0000
168,2418.76,668.48,NaN,NaN,NaN
169,2313.75,231.47,3,5,0.0000
170,2419.51,88.53,NaN,NaN,NaN
171,2034.80,518.98,2,2,0.0000
172,1736.76,819.62,NaN,NaN,NaN
173,1973.27,556.65,0,0,0.0000
174,2404.98,266.32,NaN,NaN,NaN
175,2260.67,821.02,NaN,NaN,NaN
176,1957.67,714.78,2,4,2.0000
177,1840.24,409.18,3,9,3.0000
178,1808.29,816.15,0,0,0.0000
179,2157.00,128.81,4,4,0.0000
180,1770.54,416.67,NaN,NaN,NaN
181,2338.10,400.41,0,0,0.0000
182,1717.37,762.11,0,0,0.0000
183,2208.91,19.32,0,0,0.0000
184,2021.73,581.07,NaN,NaN,NaN
185,2134.40,13.76,0,0,0.0000
186,1759.84,756.13,0,0,0.0000
187,2007.89,819.93,0,0,0.0000
188,1737.18,503.74,NaN,NaN,NaN
189,1699.09,377.44,0,0,0.0000
190,1683.41,795.83,NaN,NaN,NaN
191,2373.80,31.59,NaN,NaN,NaN
192,2725.42,637.39,NaN,NaN,NaN
193,2940.12,513.49,0,0,0.0000
194,2538.20,632.60,3,8,2.6667
195,2670.36,434.88,2,6,3.0000
196,3158.12,303.51,2,2,0.0000
197,2664.49,265.16,NaN,NaN,NaN
198,2591.87,760.80,0,0,0.0000
199,2740.24,195.12,2,5,2.5000
200,2764.01,489.82,2,2,0.0000
201,3096.31,78.04,0,0,0.0000
202,2513.25,834.80,NaN,NaN,NaN
203,2721.31,746.00,2,3,0.0000
204,2872.55,121.04,0,0,0.0000
205,2464.48,166.66,NaN,NaN,NaN
206,3160.63,894.10,0,0,0.0000
207,2581.16,494.30,2,3,0.0000
208,3031.82,320.07,3,2,0.0000
209,2729.80,90.09,NaN,NaN,NaN
210,2501.52,244.52,NaN,NaN,NaN
211,2890.25,205.29,0,0,0.0000
212,3192.81,734.87,0,0,0.0000
213,3152.58,507.14,NaN,NaN,NaN
214,2476.08,521.41,NaN,NaN,NaN
215,3100.82,597.24,NaN,NaN,NaN
216,2935.53,42.73,0,0,0.0000
217,2449.21,419.89,3,4,0.0000
218,2630.29,544.00,NaN,NaN,NaN
219,2460.65,601.68,NaN,NaN,NaN
220,2657.34,170.73,2,5,2.5000
221,3086.20,231.31,0,0,0.0000
222,2686.80,531.31,0,0,0.0000
223,3125.40,151.75,NaN,NaN,NaN
224,2495.41,737.26,0,0,0.0000
225,2965.34,178.54,0,0,0.0000
226,2822.27,531.57,0,0,0.0000
227,3183.74,72.86,NaN,NaN,NaN
228,3021.06,124.18,NaN,NaN,NaN
229,2607.93,341.91,0,0,0.0000
230,2627.96,75.79,NaN,NaN,NaN
231,3106.62,525.46,NaN,NaN,NaN
232,3005.46,247.79,0,0,0.0000
233,3058.82,651.26,2,1,0.0000
234,2548.56,129.13,NaN,NaN,NaN
235,2531.33,321.97,0,0,0.0000
236,2867.98,457.12,0,0,0.0000
237,3042.27,558.71,2,4,2.0000
238,2654.65,805.86,0,0,0.0000
239,2825.73,662.33,0,0,0.0000
240,2843.25,265.45,NaN,NaN,NaN
241,3155.30,423.76,NaN,NaN,NaN
242,2797.13,179.82,NaN,NaN,NaN
243,2830.70,202.18,NaN,NaN,NaN
244,2564.80,412.90,0,0,0.0000
245,2673.58,590.89,0,0,0.0000
246,2737.12,331.77,0,0,0.0000
247,3007.34,622.00,0,0,0.0000
248,2456.20,317.04,NaN,NaN,NaN
249,3059.66,190.22,NaN,NaN,NaN
250,3093.25,688.82,0,0,0.0000
251,2540.34,182.50,0,0,0.0000
252,2945.91,425.09,NaN,NaN,NaN
253,3191.00,840.31,NaN,NaN,NaN
254,3063.25,524.21,NaN,NaN,NaN
255,3116.06,831.26,NaN,NaN,NaN
256,2821.11,116.97,0,0,0.0000
257,3173.63,199.19,0,0,0.0000
258,2512.93,390.73,2,3,0.0000
259,3030.55,388.92,NaN,NaN,NaN
260,2602.47,276.14,2,8,4.0000
261,2661.52,18.32,NaN,NaN,NaN
262,3481.72,806.96,2,2,0.0000
263,3682.17,877.64,NaN,NaN,NaN
264,3860.09,784.91,2,4,2.0000
265,3678.96,197.08,0,0,0.0000
266,3397.25,495.72,0,0,0.0000
267,3592.91,524.29,NaN,NaN,NaN
268,3302.71,326.09,2,4,2.0000
269,3358.08,841.16,0,0,0.0000
270,3551.29,102.90,NaN,NaN,NaN
271,3332.51,77.50,0,0,0.0000
272,3734.60,771.95,NaN,NaN,NaN
273,3823.54,706.27,0,0,0.0000
274,3221.01,534.58,NaN,NaN,NaN
275,3496.23,626.09,NaN,NaN,NaN
276,3455.31,29.23,NaN,NaN,NaN
277,3618.98,781.74,0,0,0.0000
278,3750.60,562.08,NaN,NaN,NaN
279,3488.51,352.21,0,0,0.0000
280,3683.58,288.03,0,0,0.0000
281,3562.83,296.26,NaN,NaN,NaN
282,3372.21,220.21,NaN,NaN,NaN
283,3236.93,679.18,0,0,0.0000
284,3593.55,225.47,0,0,0.0000
285,3320.12,442.27,NaN,NaN,NaN
286,3643.53,356.39,2,3,0.0000
287,3392.36,593.83,NaN,NaN,NaN
288,3435.32,706.72,NaN,NaN,NaN
289,3762.76,174.03,0,0,0.0000
290,3534.30,444.88,2,3,0.0000
291,3795.90,375.65,0,0,0.0000
292,3898.51,874.37,0,0,0.0000
293,3964.49,878.89,NaN,NaN,NaN
294,3319.14,204.92,0,0,0.0000
295,3784.19,477.70,NaN,NaN,NaN
296,3964.71,526.20,2,5,2.5000
297,3241.58,813.12,NaN,NaN,NaN
298,3792.14,20.57,NaN,NaN,NaN
299,3287.60,852.47,NaN,NaN,NaN
300,3619.81,402.99,0,0,0.0000
301,3612.66,468.18,0,0,0.0000
302,3929.19,725.66,0,0,0.0000
303,3457.99,215.97,0,0,0.0000
304,3679.26,609.88,0,0,0.0000
305,3235.49,32.83,0,0,0.0000
306,3469.25,527.91,0,0,0.0000
307,3705.67,406.25,0,0,0.0000
308,3660.45,108.28,0,0,0.0000
309,3269.78,615.27,NaN,NaN,NaN
310,3812.58,633.41,0,0,0.0000
311,3937.69,630.42,NaN,NaN,NaN
312,3628.03,709.89,0,0,0.0000
313,3741.62,630.01,NaN,NaN,NaN
314,3618.38,583.07,3,6,2.0000
315,3208.10,619.65,3,4,0.0000
316,3836.16,557.82,0,0,0.0000
317,3310.01,553.00,NaN,NaN,NaN
318,3320.89,607.62,NaN,NaN,NaN
319,3853.20,377.13,0,0,0.0000
320,3293.97,139.42,NaN,NaN,NaN
321,3441.82,282.03,0,0,0.0000
322,3492.23,118.23,0,0,0.0000
323,3942.32,454.64,NaN,NaN,NaN
324,3349.29,767.46,NaN,NaN,NaN
325,3717.90,360.98,0,0,0.0000
326,3410.68,162.70,0,0,0.0000
327,3810.90,442.28,0,0,0.0000
328,3454.39,81.92,NaN,NaN,NaN
329,3589.95,65.92,2,6,3.0000
330,3893.66,638.60,2,4,2.0000
331,3515.33,570.42,0,0,0.0000
332,3577.58,680.26,NaN,NaN,NaN
333,3212.53,452.60,NaN,NaN,NaN
334,3255.21,389.34,0,0,0.0000
335,3901.88,435.37,0,0,0.0000
336,3877.64,459.95,0,0,0.0000
337,3559.97,364.94,NaN,NaN,NaN
338,3213.90,182.36,2,6,3.0000
339,3307.42,505.88,0,0,0.0000
340,3859.26,611.19,NaN,NaN,NaN
341,3858.57,486.48,0,0,0.0000
342,3412.31,652.01,NaN,NaN,NaN
343,3516.92,213.39,0,0,0.0000
344,3334.77,386.48,NaN,NaN,NaN
345,3336.53,718.09,NaN,NaN,NaN
346,3271.54,473.91,NaN,NaN,NaN
347,4028.76,702.38,NaN,NaN,NaN
348,4130.42,816.49,NaN,NaN,NaN
349,3971.39,780.49,NaN,NaN,NaN
350,4050.43,824.03,NaN,NaN,NaN
351,4479.96,99.03,0,0,0.0000
352,4451.41,137.33,0,0,0.0000
353,4498.54,257.19,NaN,NaN,NaN
354,4088.86,876.72,2,2,0.0000
355,4458.69,272.29,0,0,0.0000
356,4433.81,229.43,NaN,NaN,NaN
357,4482.32,310.29,0,0,0.0000
358,5369.63,149.20,NaN,NaN,NaN
359,5169.33,630.03,NaN,NaN,NaN
360,5120.43,206.24,0,0,0.0000
361,5251.89,491.72,0,0,0.0000
362,5366.82,495.53,2,3,0.0000
363,5172.77,412.88,0,0,0.0000
364,5135.86,478.76,NaN,NaN,NaN
365,5261.92,94.51,0,0,0.0000
366,5064.82,311.26,0,0,0.0000
367,5245.79,196.89,NaN,NaN,NaN
368,5324.93,768.89,NaN,NaN,NaN
369,5408.29,764.11,0,0,0.0000
370,5155.82,747.47,0,0,0.0000
371,5354.11,653.93,0,0,0.0000
372,5375.92,342.32,NaN,NaN,NaN
373,5039.32,239.52,0,0,0.0000
374,5158.78,126.84,2,3,0.0000
375,5369.89,576.67,0,0,0.0000
376,5373.21,252.35,NaN,NaN,NaN
377,5315.06,589.32,0,0,0.0000
378,5213.97,238.11,NaN,NaN,NaN
379,5308.17,309.36,0,0,0.0000
380,5300.82,693.85,2,0,0.0000
381,5226.09,745.05,0,0,0.0000
382,5345.57,833.65,2,1,0.0000
383,5124.51,564.31,NaN,NaN,NaN
384,5103.86,638.45,0,0,0.0000
385,5188.62,545.83,NaN,NaN,NaN
386,5119.84,358.96,NaN,NaN,NaN
387,5220.89,317.65,NaN,NaN,NaN
388,5271.91,813.03,0,0,0.0000
389,5204.33,98.71,NaN,NaN,NaN
390,5395.90,700.07,NaN,NaN,NaN
391,5314.15,379.50,NaN,NaN,NaN
392,5444.64,68.47,0,0,0.0000
393,5277.02,166.23,NaN,NaN,NaN
394,5071.53,151.11,NaN,NaN,NaN
395,5080.72,400.45,2,3,0.0000
396,5155.29,74.02,NaN,NaN,NaN
397,5133.34,292.12,2,4,2.0000
398,5215.30,794.92,0,0,0.0000
399,6197.48,575.30,NaN,NaN,NaN
400,5875.06,496.41,NaN,NaN,NaN
401,6113.63,792.54,3,3,0.0000
402,6092.68,628.51,2,4,2.0000
403,6011.01,589.73,NaN,NaN,NaN
404,6236.52,766.54,NaN,NaN,NaN
405,5924.83,838.64,NaN,NaN,NaN
406,6056.86,469.92,NaN,NaN,NaN
407,6235.88,458.73,NaN,NaN,NaN
408,5765.94,268.20,NaN,NaN,NaN
409,6160.80,138.15,0,0,0.0000
410,6101.76,327.22,0,0,0.0000
411,5979.68,770.11,NaN,NaN,NaN
412,5793.40,436.34,NaN,NaN,NaN
413,5780.54,574.23,NaN,NaN,NaN
414,5960.48,198.60,NaN,NaN,NaN
415,5778.61,347.98,3,7,2.3333
416,6232.34,88.63,2,3,0.0000
417,6181.61,670.53,NaN,NaN,NaN
418,6257.41,321.65,0,0,0.0000
419,5850.95,640.65,0,0,0.0000
420,5834.88,231.43,NaN,NaN,NaN
421,5821.23,734.30,NaN,NaN,NaN
422,5987.73,300.22,NaN,NaN,NaN
423,6202.59,248.14,NaN,NaN,NaN
424,5926.16,563.72,0,0,0.0000
425,5869.79,105.80,0,0,0.0000
426,5838.94,47.39,0,0,0.0000
427,6018.03,222.49,2,7,3.5000
428,5903.25,29.22,0,0,0.0000
429,5940.46,377.73,0,0,0.0000
430,5974.81,493.38,NaN,NaN,NaN
431,5788.50,837.94,0,0,0.0000
432,5723.46,627.42,0,0,0.0000
433,5972.80,93.78,0,0,0.0000
434,6079.51,143.15,0,0,0.0000
435,6162.93,395.09,NaN,NaN,NaN
436,6258.92,874.70,0,0,0.0000
437,6236.87,179.75,2,5,2.5000
438,6151.02,481.11,NaN,NaN,NaN
439,5658.56,121.84,NaN,NaN,NaN
440,6167.14,845.74,NaN,NaN,NaN
441,6103.73,59.92,0,0,0.0000
442,6006.38,403.50,NaN,NaN,NaN
443,5837.53,288.31,0,0,0.0000
444,6102.94,250.51,NaN,NaN,NaN
445,5879.70,826.08,NaN,NaN,NaN
446,5822.69,179.67,NaN,NaN,NaN
447,5807.53,499.55,2,6,3.0000
448,6190.44,732.79,NaN,NaN,NaN
449,5878.91,155.02,NaN,NaN,NaN
450,5739.70,418.78,NaN,NaN,NaN
451,5924.60,641.00,0,0,0.0000
452,5858.63,891.63,NaN,NaN,NaN
453,6033.86,350.08,NaN,NaN,NaN
454,6130.07,195.36,0,0,0.0000
455,5963.77,678.10,0,0,0.0000
456,6016.73,675.57,NaN,NaN,NaN
457,5754.65,48.82,0,0,0.0000
458,6019.36,89.66,0,0,0.0000
459,6981.04,840.11,NaN,NaN,NaN
460,6670.14,170.42,NaN,NaN,NaN
461,6544.37,217.14,NaN,NaN,NaN
462,6380.14,373.90,NaN,NaN,NaN
463,6710.94,680.82,NaN,NaN,NaN
464,6593.17,756.10,NaN,NaN,NaN
465,6541.64,64.65,NaN,NaN,NaN
466,6898.57,80.45,0,0,0.0000
467,6373.80,607.00,NaN,NaN,NaN
468,6651.85,399.62,NaN,NaN,NaN
469,6750.96,111.77,2,4,2.0000
470,6521.45,404.84,NaN,NaN,NaN
471,6352.95,835.75,3,5,0.0000
472,6766.26,454.78,0,0,0.0000
473,6995.86,45.64,2,4,2.0000
474,6842.11,487.22,0,0,0.0000
475,6721.22,590.63,0,0,0.0000
476,6829.35,716.50,NaN,NaN,NaN
477,6963.20,646.93,NaN,NaN,NaN
478,6504.49,521.53,NaN,NaN,NaN
479,6615.41,878.50,NaN,NaN,NaN
480,6618.08,541.57,NaN,NaN,NaN
481,6980.08,354.92,0,0,0.0000
482,6583.98,363.86,NaN,NaN,NaN
483,6353.00,132.74,NaN,NaN,NaN
484,6418.32,490.60,0,0,0.0000
485,6833.26,336.99,NaN,NaN,NaN
486,6567.79,511.43,2,3,0.0000
487,6447.21,575.02,NaN,NaN,NaN
488,6402.33,77.19,0,0,0.0000
489,6325.99,730.93,0,0,0.0000
490,6458.34,152.74,NaN,NaN,NaN
491,7004.69,603.05,2,6,3.0000
492,6288.21,248.05,NaN,NaN,NaN
493,6472.25,852.65,0,0,0.0000
494,6930.76,727.16,0,0,0.0000
495,7015.18,499.84,NaN,NaN,NaN
496,6645.12,270.96,NaN,NaN,NaN
497,6867.67,851.92,NaN,NaN,NaN
498,6940.14,224.76,4,2,0.0000
499,7032.04,370.04,0,0,0.0000
500,6911.89,289.27,NaN,NaN,NaN
501,6925.13,388.63,2,2,0.0000
502,6861.03,668.70,NaN,NaN,NaN
503,6754.57,810.32,NaN,NaN,NaN
504,6491.43,751.56,0,0,0.0000
505,6695.40,779.23,0,0,0.0000
506,6482.58,289.29,NaN,NaN,NaN
507,6969.45,170.25,NaN,NaN,NaN
508,6288.66,553.43,0,0,0.0000
509,6690.00,503.95,NaN,NaN,NaN
510,6774.70,310.85,NaN,NaN,NaN
511,6931.03,549.45,NaN,NaN,NaN
512,6285.11,424.85,0,0,0.0000
513,6813.91,821.81,NaN,NaN,NaN
514,6687.45,59.95,0,0,0.0000
515,6293.44,636.09,NaN,NaN,NaN
516,6420.59,823.10,0,0,0.0000
517,6454.44,677.37,NaN,NaN,NaN
518,6305.76,890.12,NaN,NaN,NaN
519,6865.29,250.74,2,2,0.0000
520,6726.50,346.24,2,1,0.0000
521,6357.34,516.03,0,0,0.0000
522,6431.33,244.34,0,0,0.0000
523,7017.78,139.71,NaN,NaN,NaN
524,6610.58,682.30,0,0,0.0000
525,6884.25,606.01,3,6,2.0000
526,6825.46,197.60,NaN,NaN,NaN
527,6994.76,708.08,0,0,0.0000
528,6876.83,195.53,NaN,NaN,NaN
529,6763.30,205.56,0,0,0.0000
530,6697.75,871.12,2,8,4.0000
531,6949.78,65.38,0,0,0.0000
532,7044.12,244.26,NaN,NaN,NaN
533,7079.55,724.89,NaN,NaN,NaN
534,7143.63,813.33,0,0,0.0000
535,7080.70,598.04,NaN,NaN,NaN
536,7082.29,335.54,0,0,0.0000
537,7161.33,581.71,NaN,NaN,NaN
538,7151.90,662.79,2,4,2.0000
539,7070.12,516.42,NaN,NaN,NaN
540,7068.75,816.87,2,4,2.0000
541,7067.37,668.19,2,3,0.0000
542,7191.83,874.71,NaN,NaN,NaN
543,7112.06,886.30,0,0,0.0000
544,7116.01,541.63,NaN,NaN,NaN
545,166.52,1494.41,2,5,2.5000
546,58.73,1119.02,0,0,0.0000
547,43.94,1562.33,2,4,2.0000
548,252.43,1435.72,3,4,0.0000
549,164.05,1258.07,NaN,NaN,NaN
550,44.33,1663.76,NaN,NaN,NaN
551,281.38,1543.97,NaN,NaN,NaN
552,374.96,960.29,NaN,NaN,NaN
553,195.44,1626.47,NaN,NaN,NaN
554,178.50,1182.95,NaN,NaN,NaN
555,491.71,986.39,3,4,0.0000
556,267.54,1609.67,3,6,2.0000
557,167.50,1379.93,2,4,2.0000
558,73.19,1464.89,NaN,NaN,NaN
559,52.86,1384.79,NaN,NaN,NaN
560,386.44,1587.99,NaN,NaN,NaN
561,49.43,976.25,2,5,2.5000
562,88.60,1198.63,NaN,NaN,NaN
563,425.14,900.86,NaN,NaN,NaN
564,139.20,1062.92,NaN,NaN,NaN
565,79.94,1279.22,0,0,0.0000
566,331.83,1499.25,0,0,0.0000
567,304.83,1407.02,0,0,0.0000
568,118.47,1621.01,NaN,NaN,NaN
569,206.24,1327.54,NaN,NaN,NaN
570,438.23,1544.37,NaN,NaN,NaN
571,79.64,1026.24,2,3,0.0000
572,180.02,1114.43,0,0,0.0000
573,393.48,1514.05,NaN,NaN,NaN
574,23.30,1340.56,NaN,NaN,NaN
575,261.36,1335.17,0,0,0.0000
576,1607.91,1285.14,NaN,NaN,NaN
577,1580.36,1069.51,NaN,NaN,NaN
578,1534.55,1473.65,NaN,NaN,NaN
579,1621.83,1426.23,NaN,NaN,NaN
580,1292.62,1148.30,0,0,0.0000
581,1411.37,968.34,0,0,0.0000
582,1273.74,946.05,NaN,NaN,NaN
583,1291.85,1435.75,NaN,NaN,NaN
584,1573.28,1584.31,3,5,0.0000
585,1514.11,1128.96,NaN,NaN,NaN
586,1398.24,1206.30,0,0,0.0000
587,1326.47,1523.09,NaN,NaN,NaN
588,1435.35,1074.12,0,0,0.0000
589,1459.93,1165.53,NaN,NaN,NaN
590,1622.78,1154.26,3,9,3.0000
591,1411.17,1546.00,3,4,0.0000
592,1491.01,1609.13,4,5,0.0000
593,1132.40,967.18,NaN,NaN,NaN
594,1382.44,1083.19,0,0,0.0000
595,1583.25,917.68,2,3,0.0000
596,1491.36,932.58,0,0,0.0000
597,1507.33,1219.19,0,0,0.0000
598,1489.42,1006.75,0,0,0.0000
599,1362.13,1477.11,NaN,NaN,NaN
600,1351.87,1124.67,0,0,0.0000
601,1359.91,1661.75,NaN,NaN,NaN
602,1631.48,988.01,0,0,0.0000
603,1372.32,1346.34,NaN,NaN,NaN
604,1501.97,1359.14,0,0,0.0000
605,1188.65,1004.74,0,0,0.0000
606,1422.36,1418.34,2,4,2.0000
607,1344.83,1389.48,NaN,NaN,NaN
608,1322.70,989.63,NaN,NaN,NaN
609,1254.79,1000.97,0,0,0.0000
610,1447.38,1595.08,NaN,NaN,NaN
611,1526.32,954.66,0,0,0.0000
612,1516.86,1297.52,2,3,0.0000
613,1564.20,1390.13,NaN,NaN,NaN
614,1552.20,991.79,0,0,0.0000
615,1498.26,1551.75,0,0,0.0000
616,1466.03,1557.61,0,0,0.0000
617,1383.98,1290.85,NaN,NaN,NaN
618,1475.54,1291.60,0,0,0.0000
619,1464.00,1368.73,0,0,0.0000
620,2113.63,927.98,2,2,0.0000
621,2225.48,1620.58,0,0,0.0000
622,1951.08,936.73,NaN,NaN,NaN
623,1744.32,1198.94,NaN,NaN,NaN
624,1910.19,1156.03,2,3,0.0000
625,2072.91,1141.50,2,3,0.0000
626,2375.88,1609.20,0,0,0.0000
627,1869.70,1609.89,2,3,0.0000
628,2064.56,1263.46,0,0,0.0000
629,1739.11,1354.83,0,0,0.0000
630,1673.24,1624.39,NaN,NaN,NaN
631,1909.60,1425.08,3,7,2.3333
632,1832.85,1139.82,NaN,NaN,NaN
633,1934.30,1535.27,0,0,0.0000
634,2140.73,1347.52,0,0,0.0000
635,2032.79,1026.02,NaN,NaN,NaN
636,1983.32,1126.39,NaN,NaN,NaN
637,1941.23,1250.00,NaN,NaN,NaN
638,1793.52,1041.68,0,0,0.0000
639,2192.54,1033.28,NaN,NaN,NaN
640,1690.92,1497.53,0,0,0.0000
641,1865.49,1488.63,NaN,NaN,NaN
642,2224.92,897.06,0,0,0.0000
643,1672.56,955.28,0,0,0.0000
644,2254.14,961.54,0,0,0.0000
645,2218.35,1489.84,NaN,NaN,NaN
646,2019.04,1446.50,5,3,0.0000
647,2231.08,1364.47,0,0,0.0000
648,2044.57,1544.67,NaN,NaN,NaN
649,2178.77,1099.74,NaN,NaN,NaN
650,2234.19,1148.58,0,0,0.0000
651,2107.46,1108.55,0,0,0.0000
652,1988.90,1588.49,NaN,NaN,NaN
653,1756.03,923.48,0,0,0.0000
654,2332.66,1549.81,2,3,0.0000
655,1809.10,1529.39,NaN,NaN,NaN
656,1764.62,1460.29,0,0,0.0000
657,1834.41,1232.59,NaN,NaN,NaN
658,2036.98,1656.28,NaN,NaN,NaN
659,1762.34,1109.01,NaN,NaN,NaN
660,2083.49,1500.27,NaN,NaN,NaN
661,1982.56,1488.31,NaN,NaN,NaN
662,2268.02,1483.34,0,0,0.0000
663,2374.27,1290.92,2,4,2.0000
664,2356.39,1513.27,0,0,0.0000
665,2214.67,1407.01,0,0,0.0000
666,2014.78,1253.18,NaN,NaN,NaN
667,2252.87,1013.32,2,2,0.0000
668,2367.86,1433.51,0,0,0.0000
669,1883.22,992.22,0,0,0.0000
670,2118.40,1017.90,NaN,NaN,NaN
671,1980.30,1384.41,2,3,0.0000
672,2420.59,1338.05,NaN,NaN,NaN
673,1891.65,1037.51,0,0,0.0000
674,2358.86,1374.30,NaN,NaN,NaN
675,2302.88,1404.96,0,0,0.0000
676,2377.82,900.31,NaN,NaN,NaN
677,1763.35,1629.24,NaN,NaN,NaN
678,1664.31,1196.68,0,0,0.0000
679,2170.51,1549.77,3,4,0.0000
680,2333.81,1462.97,0,0,0.0000
681,2615.62,1143.27,3,4,0.0000
682,2483.34,1529.93,0,0,0.0000
683,2748.35,1580.26,NaN,NaN,NaN
684,2714.83,1118.94,NaN,NaN,NaN
685,2686.02,987.20,NaN,NaN,NaN
686,2643.64,1372.12,NaN,NaN,NaN
687,2819.62,964.53,0,0,0.0000
688,3196.51,1040.85,2,8,4.0000
689,2643.03,1277.18,3,8,2.6667
690,2634.19,1032.45,4,4,0.0000
691,2546.01,1126.12,0,0,0.0000
692,2456.50,1650.10,NaN,NaN,NaN
693,2497.60,1180.40,0,0,0.0000
694,2556.35,1597.08,NaN,NaN,NaN
695,2752.22,1224.00,0,0,0.0000
696,2568.54,1300.24,2,2,0.0000
697,2710.74,1231.72,0,0,0.0000
698,2573.98,1048.20,NaN,NaN,NaN
699,2728.44,1292.76,0,0,0.0000
700,2766.09,986.85,NaN,NaN,NaN
701,2735.22,1009.40,NaN,NaN,NaN
702,2763.39,1122.60,0,0,0.0000
703,2433.96,1481.44,NaN,NaN,NaN
704,2440.47,1566.45,NaN,NaN,NaN
705,2762.41,1051.26,NaN,NaN,NaN
706,2821.35,1043.39,0,0,0.0000
707,2533.53,1271.93,0,0,0.0000
708,2784.66,1469.82,3,4,0.0000
709,2518.66,1472.15,2,6,3.0000
710,2636.61,1471.17,2,6,3.0000
711,2522.49,1014.32,0,0,0.0000
712,2714.54,1051.12,3,7,2.3333
713,3903.46,1177.90,NaN,NaN,NaN
714,3584.49,1178.65,NaN,NaN,NaN
715,3967.29,1500.63,0,0,0.0000
716,3463.50,1265.61,2,2,0.0000
717,3275.56,1076.37,2,3,0.0000
718,3720.60,1124.55,0,0,0.0000
719,3745.04,983.82,2,1,0.0000
720,3340.07,969.13,NaN,NaN,NaN
721,3487.72,1370.07,NaN,NaN,NaN
722,3622.43,1419.56,0,0,0.0000
723,3401.32,1352.35,2,4,2.0000
724,3807.02,1386.92,2,6,3.0000
725,3856.35,1450.99,NaN,NaN,NaN
726,3424.59,917.62,0,0,0.0000
727,3620.02,957.28,NaN,NaN,NaN
728,3765.14,1527.90,0,0,0.0000
729,3934.84,1356.86,NaN,NaN,NaN
730,3791.43,1203.56,NaN,NaN,NaN
731,3236.98,922.91,NaN,NaN,NaN
732,3853.88,1591.38,NaN,NaN,NaN
733,3654.10,1627.89,2,9,4.5000
734,3938.85,932.62,0,0,0.0000
735,3392.24,1122.29,3,6,2.0000
736,3483.26,1089.38,0,0,0.0000
737,3716.29,1450.93,NaN,NaN,NaN
738,3444.49,1019.15,NaN,NaN,NaN
739,3857.36,945.13,0,0,0.0000
740,3678.99,1485.80,NaN,NaN,NaN
741,3726.18,1341.64,0,0,0.0000
742,3654.60,1522.39,0,0,0.0000
743,3677.27,1353.52,2,4,2.0000
744,3938.71,1099.56,NaN,NaN,NaN
745,3347.30,1087.98,0,0,0.0000
746,3338.93,1197.44,NaN,NaN,NaN
747,3307.73,1228.91,NaN,NaN,NaN
748,3752.26,1642.94,0,0,0.0000
749,3841.45,1038.19,0,0,0.0000
750,3242.54,1177.50,0,0,0.0000
751,3492.87,931.08,2,2,0.0000
752,3503.38,972.83,NaN,NaN,NaN
753,3447.05,1153.58,2,4,2.0000
754,3216.92,1106.57,NaN,NaN,NaN
755,3892.98,1549.97,NaN,NaN,NaN
756,3768.09,1073.46,0,0,0.0000
757,3587.29,1633.48,3,4,0.0000
758,3415.52,975.74,NaN,NaN,NaN
759,3275.57,990.41,NaN,NaN,NaN
760,3936.10,987.88,0,0,0.0000
761,3527.92,1062.50,0,0,0.0000
762,3745.47,1403.45,0,0,0.0000
763,4448.61,1507.67,2,2,0.0000
764,4193.40,1032.19,NaN,NaN,NaN
765,4502.81,1377.33,NaN,NaN,NaN
766,4085.86,1161.35,NaN,NaN,NaN
767,4309.46,1577.33,NaN,NaN,NaN
768,4057.27,1003.64,0,0,0.0000
769,4184.09,1624.26,NaN,NaN,NaN
770,4588.31,1571.43,3,5,0.0000
771,4389.66,1123.07,NaN,NaN,NaN
772,4172.74,1282.27,NaN,NaN,NaN
773,4275.50,1642.55,NaN,NaN,NaN
774,4639.19,1465.56,0,0,0.0000
775,4179.46,1153.38,NaN,NaN,NaN
776,4402.30,1407.27,NaN,NaN,NaN
777,4421.40,1209.42,NaN,NaN,NaN
778,4275.68,961.69,0,0,0.0000
779,4072.31,1461.68,NaN,NaN,NaN
780,4065.46,1527.73,NaN,NaN,NaN
781,4205.40,1411.61,0,0,0.0000
782,4042.87,920.79,NaN,NaN,NaN
783,4452.55,1276.62,0,0,0.0000
784,4141.75,1548.74,NaN,NaN,NaN
785,4204.76,913.38,NaN,NaN,NaN
786,4130.05,939.02,0,0,0.0000
787,4324.16,1147.32,2,2,0.0000
788,4574.37,1483.60,0,0,0.0000
789,4533.82,1609.42,3,5,0.0000
790,4657.37,1586.25,0,0,0.0000
791,4282.39,1106.60,NaN,NaN,NaN
792,4135.03,1225.50,0,0,0.0000
793,4124.78,1416.14,NaN,NaN,NaN
794,4268.79,1246.76,NaN,NaN,NaN
795,4331.00,1253.97,NaN,NaN,NaN
796,4228.00,1115.00,NaN,NaN,NaN
797,4291.71,1393.96,0,0,0.0000
798,4006.17,1279.47,0,0,0.0000
799,4335.16,1481.50,0,0,0.0000
800,4199.58,1497.79,3,4,0.0000
801,4727.09,1512.18,NaN,NaN,NaN
802,4005.34,1064.27,NaN,NaN,NaN
803,4703.18,1561.72,0,0,0.0000
804,4379.27,1282.69,3,4,0.0000
805,4464.11,1134.38,0,0,0.0000
806,3983.00,958.50,NaN,NaN,NaN
807,4303.95,1304.38,0,0,0.0000
808,3987.18,1113.99,0,0,0.0000
809,3994.53,1409.98,2,1,0.0000
810,5434.31,1485.45,NaN,NaN,NaN
811,5436.31,1350.85,NaN,NaN,NaN
812,5496.09,1562.08,NaN,NaN,NaN
813,5331.71,1560.24,NaN,NaN,NaN
814,5422.90,1594.96,2,4,2.0000
815,5366.48,1469.20,NaN,NaN,NaN
816,5421.12,1229.67,2,1,0.0000
817,5500.48,1214.23,3,3,0.0000
818,5482.79,1663.61,NaN,NaN,NaN
819,5414.75,1109.69,NaN,NaN,NaN
820,5400.76,1286.03,NaN,NaN,NaN
821,5403.31,1173.59,0,0,0.0000
822,4769.94,1655.29,NaN,NaN,NaN
823,4747.03,1577.27,NaN,NaN,NaN
824,5383.96,1397.57,0,0,0.0000
825,5350.91,1651.40,0,0,0.0000
826,5339.16,1099.92,0,0,0.0000
827,5497.24,1434.49,NaN,NaN,NaN
828,5353.61,1610.86,0,0,0.0000
829,5455.75,1160.01,0,0,0.0000
830,5701.11,1432.19,NaN,NaN,NaN
831,6205.64,992.42,2,4,2.0000
832,6059.02,1045.00,NaN,NaN,NaN
833,5954.18,1056.82,NaN,NaN,NaN
834,5731.70,1114.94,NaN,NaN,NaN
835,5516.11,1288.91,NaN,NaN,NaN
836,5656.95,1603.66,0,0,0.0000
837,6148.24,1224.28,NaN,NaN,NaN
838,6140.33,1627.86,NaN,NaN,NaN
839,6143.71,1132.26,NaN,NaN,NaN
840,6102.75,1478.04,2,5,2.5000
841,5792.51,1592.38,0,0,0.0000
842,5655.30,1224.72,NaN,NaN,NaN
843,5900.91,1372.12,NaN,NaN,NaN
844,6126.38,1295.74,0,0,0.0000
845,5878.13,1217.02,NaN,NaN,NaN
846,5965.22,1170.89,NaN,NaN,NaN
847,5798.70,1232.38,2,2,0.0000
848,6171.80,918.39,NaN,NaN,NaN
849,5981.40,1576.57,0,0,0.0000
850,6081.52,1582.56,0,0,0.0000
851,6080.74,915.74,NaN,NaN,NaN
852,6034.14,1159.50,0,0,0.0000
853,6235.07,1155.10,NaN,NaN,NaN
854,5877.83,1446.33,0,0,0.0000
855,5847.51,1317.33,NaN,NaN,NaN
856,6006.22,945.26,NaN,NaN,NaN
857,5867.94,1536.24,0,0,0.0000
858,5797.04,1510.99,0,0,0.0000
859,5583.83,1231.23,NaN,NaN,NaN
860,5588.13,1357.82,0,0,0.0000
861,5728.11,1328.47,0,0,0.0000
862,6230.37,1519.63,NaN,NaN,NaN
863,6263.17,1651.94,NaN,NaN,NaN
864,5695.35,1661.24,NaN,NaN,NaN
865,5578.37,1628.58,2,3,0.0000
866,5580.38,1546.26,0,0,0.0000
867,5976.33,897.96,0,0,0.0000
868,5793.28,1150.96,0,0,0.0000
869,5527.82,1491.82,0,0,0.0000
870,5606.38,1294.47,NaN,NaN,NaN
871,6246.63,1374.86,2,3,0.0000
872,5803.88,1402.12,NaN,NaN,NaN
873,6027.35,1245.37,0,0,0.0000
874,5577.57,1471.27,NaN,NaN,NaN
875,5604.88,1452.24,3,8,2.6667
876,6256.84,1060.07,NaN,NaN,NaN
877,5581.21,1414.32,NaN,NaN,NaN
878,5864.03,1116.66,NaN,NaN,NaN
879,5636.47,1386.42,NaN,NaN,NaN
880,5783.02,1301.90,NaN,NaN,NaN
881,5746.39,1191.58,2,2,0.0000
882,5957.71,1340.44,NaN,NaN,NaN
883,6800.50,1162.08,0,0,0.0000
884,6328.68,1423.63,2,4,2.0000
885,6919.20,973.92,NaN,NaN,NaN
886,6991.79,1136.85,NaN,NaN,NaN
887,6529.78,925.01,0,0,0.0000
888,6607.71,1025.07,3,7,2.3333
889,6353.41,939.72,NaN,NaN,NaN
890,6595.66,1267.90,NaN,NaN,NaN
891,6511.60,1324.61,2,1,0.0000
892,6423.51,1539.33,NaN,NaN,NaN
893,6343.43,1550.07,2,3,0.0000
894,6533.90,1081.80,NaN,NaN,NaN
895,6999.07,1428.31,2,3,0.0000
896,6421.24,1040.05,0,0,0.0000
897,6320.65,1149.37,NaN,NaN,NaN
898,6661.58,931.06,0,0,0.0000
899,6542.34,1181.30,NaN,NaN,NaN
900,6718.54,1045.24,0,0,0.0000
901,6284.83,1237.35,3,7,2.3333
902,6888.21,1342.22,NaN,NaN,NaN
903,6839.21,918.48,4,4,0.0000
904,6897.46,1112.05,NaN,NaN,NaN
905,6649.48,1148.54,2,4,2.0000
906,6993.84,1593.24,0,0,0.0000
907,6942.68,1389.47,0,0,0.0000
908,6693.60,1446.06,2,3,0.0000
909,6757.98,924.35,NaN,NaN,NaN
910,6970.08,1268.37,0,0,0.0000
911,6642.04,1520.99,NaN,NaN,NaN
912,6874.11,1238.94,0,0,0.0000
913,6872.86,1410.13,NaN,NaN,NaN
914,6442.78,1448.04,NaN,NaN,NaN
915,6812.18,1313.44,0,0,0.0000
916,6355.86,1611.19,0,0,0.0000
917,6700.30,1176.02,3,3,0.0000
918,6798.83,1029.66,NaN,NaN,NaN
919,6968.75,1513.14,NaN,NaN,NaN
920,6618.16,1452.09,0,0,0.0000
921,6395.46,1303.05,NaN,NaN,NaN
922,6439.67,1336.82,3,5,0.0000
923,6488.51,1476.12,NaN,NaN,NaN
924,6579.23,1548.23,2,6,3.0000
925,6884.64,1542.59,3,9,3.0000
926,6844.50,1456.06,0,0,0.0000
927,6331.28,1055.77,NaN,NaN,NaN
928,6886.37,1288.75,0,0,0.0000
929,6431.06,1218.06,0,0,0.0000
930,7039.73,1029.86,3,5,0.0000
931,6938.44,1197.33,0,0,0.0000
932,6713.42,1511.95,NaN,NaN,NaN
933,6510.90,1017.28,NaN,NaN,NaN
934,6811.75,974.66,0,0,0.0000
935,6473.66,1541.13,0,0,0.0000
936,6378.61,1212.07,NaN,NaN,NaN
937,6394.06,1142.14,0,0,0.0000
938,6363.97,1091.42,0,0,0.0000
939,7187.96,1080.60,NaN,NaN,NaN
940,7230.37,1440.75,2,2,0.0000
941,7090.44,1347.22,NaN,NaN,NaN
942,7091.54,1257.56,NaN,NaN,NaN
943,7070.52,1110.39,3,5,0.0000
944,7157.48,1487.20,NaN,NaN,NaN
945,7216.83,973.09,2,2,0.0000
946,7170.64,1205.89,0,0,0.0000
947,7201.87,1656.05,NaN,NaN,NaN
948,7182.42,1576.80,NaN,NaN,NaN
949,7088.92,1564.76,0,0,0.0000
950,7100.13,994.10,0,0,0.0000
951,7101.57,1656.35,0,0,0.0000
952,7262.85,1319.10,NaN,NaN,NaN
953,7058.13,1481.71,0,0,0.0000
954,7155.59,919.62,NaN,NaN,NaN
955,7205.04,1272.03,NaN,NaN,NaN
956,7044.11,936.52,0,0,0.0000
957,7044.39,1613.14,NaN,NaN,NaN
958,7370.11,1623.98,0,0,0.0000
959,7302.74,1198.56,NaN,NaN,NaN
960,7322.61,1074.82,NaN,NaN,NaN
961,7461.09,1648.90,0,0,0.0000
962,7379.17,1223.67,NaN,NaN,NaN
963,7301.02,1369.37,2,4,2.0000
964,7381.66,1375.66,NaN,NaN,NaN
965,7342.89,1147.18,0,0,0.0000
966,7436.21,1544.34,0,0,0.0000
967,7315.25,1586.87,NaN,NaN,NaN
968,7297.32,1283.13,0,0,0.0000
969,7343.65,1245.10,NaN,NaN,NaN
970,7344.25,1389.09,NaN,NaN,NaN
971,450.56,1998.12,3,7,2.3333
972,91.01,1838.48,0,0,0.0000
973,386.93,2418.55,3,2,0.0000
974,398.01,1679.02,NaN,NaN,NaN
975,623.47,2198.18,0,0,0.0000
976,114.56,1737.91,2,2,0.0000
977,278.95,2108.49,0,0,0.0000
978,268.97,1962.79,2,7,3.5000
979,599.16,1809.22,NaN,NaN,NaN
980,374.06,2272.60,NaN,NaN,NaN
981,551.07,1708.08,0,0,0.0000
982,522.50,2190.90,NaN,NaN,NaN
983,682.93,2426.30,NaN,NaN,NaN
984,179.76,1891.74,2,5,2.5000
985,705.33,2087.07,0,0,0.0000
986,264.67,1803.19,NaN,NaN,NaN
987,732.00,2010.51,NaN,NaN,NaN
988,508.47,1844.04,2,0,0.0000
989,688.53,2313.34,NaN,NaN,NaN
990,207.05,2312.11,NaN,NaN,NaN
991,545.15,2295.27,0,0,0.0000
992,282.55,1696.78,NaN,NaN,NaN
993,357.12,1861.18,3,6,2.0000
994,326.16,1920.87,3,4,0.0000
995,439.04,2185.02,0,0,0.0000
996,799.74,2186.63,NaN,NaN,NaN
997,864.16,2296.52,NaN,NaN,NaN
998,73.89,2021.76,NaN,NaN,NaN
999,355.19,2062.71,NaN,NaN,NaN
1000,219.68,2231.82,2,9,4.5000
1001,689.82,2188.77,0,0,0.0000
1002,733.09,2263.78,2,1,0.0000
1003,667.28,1919.49,2,3,0.0000
1004,537.69,2097.18,0,0,0.0000
1005,350.09,1811.32,NaN,NaN,NaN
1006,230.52,2173.72,0,0,0.0000
1007,297.89,2248.40,3,4,0.0000
1008,587.18,1911.44,NaN,NaN,NaN
1009,440.14,2321.53,2,10,5.0000
1010,67.16,1924.74,2,4,2.0000
1011,365.98,2178.31,0,0,0.0000
1012,492.44,2353.12,0,0,0.0000
1013,263.67,2398.70,NaN,NaN,NaN
1014,167.57,1670.88,NaN,NaN,NaN
1015,151.62,2163.50,NaN,NaN,NaN
1016,146.29,2238.30,NaN,NaN,NaN
1017,255.02,1871.78,NaN,NaN,NaN
1018,354.86,1723.86,2,4,2.0000
1019,144.70,2042.36,NaN,NaN,NaN
1020,629.67,1731.53,NaN,NaN,NaN
1021,721.37,1876.28,NaN,NaN,NaN
1022,389.09,1784.05,2,6,3.0000
1023,648.79,1855.45,0,0,0.0000
1024,214.00,2011.26,0,0,0.0000
1025,198.81,2087.25,0,0,0.0000
1026,221.48,1713.36,NaN,NaN,NaN
1027,190.17,1818.36,NaN,NaN,NaN
1028,630.26,2033.56,0,0,0.0000
1029,874.00,2372.22,NaN,NaN,NaN
1030,204.13,1749.54,NaN,NaN,NaN
1031,27.35,1984.84,0,0,0.0000
1032,744.55,2184.88,0,0,0.0000
1033,288.76,2346.41,NaN,NaN,NaN
1034,142.32,1964.41,0,0,0.0000
1035,591.17,1967.50,NaN,NaN,NaN
1036,34.23,1838.90,4,4,0.0000
1037,598.71,2368.38,0,0,0.0000
1038,149.13,2112.49,NaN,NaN,NaN
1039,590.77,2151.83,2,4,2.0000
1040,20.21,1884.79,NaN,NaN,NaN
1041,7.31,1710.56,NaN,NaN,NaN
1042,1447.44,1685.45,NaN,NaN,NaN
1043,1642.92,2043.62,NaN,NaN,NaN
1044,1479.07,1780.93,0,0,0.0000
1045,1627.76,1955.38,3,8,2.6667
1046,1557.70,1716.25,NaN,NaN,NaN
1047,1547.42,1844.05,0,0,0.0000
1048,1969.11,1809.59,0,0,0.0000
1049,2117.88,1678.31,0,0,0.0000
1050,1844.40,2219.31,0,0,0.0000
1051,1690.62,1891.27,NaN,NaN,NaN
1052,2078.09,1981.36,NaN,NaN,NaN
1053,1844.20,1827.90,NaN,NaN,NaN
1054,1983.15,2405.94,0,0,0.0000
1055,1992.49,1697.37,0,0,0.0000
1056,1821.19,1718.26,NaN,NaN,NaN
1057,2336.73,1665.64,0,0,0.0000
1058,1786.68,2073.37,NaN,NaN,NaN
1059,2347.89,2034.25,NaN,NaN,NaN
1060,2367.22,2241.23,NaN,NaN,NaN
1061,1727.52,2135.88,2,5,2.5000
1062,2072.05,1799.81,NaN,NaN,NaN
1063,1676.82,1786.69,NaN,NaN,NaN
1064,2258.82,1989.96,NaN,NaN,NaN
1065,1780.60,2320.10,0,0,0.0000
1066,2173.11,2002.87,2,4,2.0000
1067,2254.63,2079.17,0,0,0.0000
1068,1884.39,1912.70,0,0,0.0000
1069,2211.13,2058.00,NaN,NaN,NaN
1070,1752.19,1918.50,NaN,NaN,NaN
1071,2426.96,2068.71,0,0,0.0000
1072,1927.98,1871.32,NaN,NaN,NaN
1073,2320.85,1732.65,NaN,NaN,NaN
1074,2136.62,1845.70,NaN,NaN,NaN
1075,2379.77,1983.09,0,0,0.0000
1076,1742.92,2276.94,NaN,NaN,NaN
1077,2146.40,1898.29,NaN,NaN,NaN
1078,1706.34,2268.38,NaN,NaN,NaN
1079,2180.79,1666.22,0,0,0.0000
1080,2301.91,2020.86,NaN,NaN,NaN
1081,2423.74,2011.20,0,0,0.0000
1082,1947.77,1714.24,0,0,0.0000
1083,2056.97,1864.72,NaN,NaN,NaN
1084,2211.25,1758.42,NaN,NaN,NaN
1085,2035.27,1717.36,0,0,0.0000
1086,2371.03,2116.05,0,0,0.0000
1087,1867.75,1771.13,3,4,0.0000
1088,2329.09,1980.87,0,0,0.0000
1089,2379.53,2425.37,2,8,4.0000
1090,1722.09,2225.67,NaN,NaN,NaN
1091,1739.92,1986.18,0,0,0.0000
1092,2156.58,1759.17,0,0,0.0000
1093,2596.61,2009.91,0,0,0.0000
1094,2535.39,2315.19,2,5,2.5000
1095,2638.04,2122.37,0,0,0.0000
1096,2469.65,2244.42,0,0,0.0000
1097,2623.51,2380.51,0,0,0.0000
1098,2595.09,2237.68,NaN,NaN,NaN
1099,2432.89,2154.37,2,1,0.0000
1100,2566.46,2162.32,NaN,NaN,NaN
1101,2737.27,2128.44,2,2,0.0000
1102,2748.97,1871.15,0,0,0.0000
1103,2476.75,2392.92,NaN,NaN,NaN
1104,2750.87,2353.33,NaN,NaN,NaN
1105,2447.28,2324.49,2,3,0.0000
1106,2669.37,1938.71,0,0,0.0000
1107,2892.32,1940.69,NaN,NaN,NaN
1108,2720.07,2419.87,NaN,NaN,NaN
1109,2861.25,1889.08,0,0,0.0000
1110,2781.14,2009.87,0,0,0.0000
1111,2729.61,2227.08,0,0,0.0000
1112,2757.54,2176.38,2,2,0.0000
1113,3856.97,2090.66,0,0,0.0000
1114,3809.78,1763.90,NaN,NaN,NaN
1115,3840.83,2255.69,NaN,NaN,NaN
1116,3930.34,1939.21,0,0,0.0000
1117,3740.44,1931.53,0,0,0.0000
1118,3644.28,1730.93,2,4,2.0000
1119,3910.53,2326.94,2,7,3.5000
1120,3713.67,1763.53,NaN,NaN,NaN
1121,3768.68,1831.14,0,0,0.0000
1122,3747.68,1690.65,NaN,NaN,NaN
1123,3963.56,2310.35,NaN,NaN,NaN
1124,3941.40,2017.32,0,0,0.0000
1125,3900.83,2202.17,NaN,NaN,NaN
1126,3941.26,1834.94,0,0,0.0000
1127,3880.68,1842.81,NaN,NaN,NaN
1128,3963.96,1792.36,NaN,NaN,NaN
1129,3901.47,1761.72,0,0,0.0000
1130,3856.58,1878.21,0,0,0.0000
1131,3917.65,2247.74,NaN,NaN,NaN
1132,3949.63,2088.44,0,0,0.0000
1133,3897.42,1897.30,0,0,0.0000
1134,3843.12,1831.22,3,9,3.0000
1135,3992.55,1664.79,NaN,NaN,NaN
1136,4610.92,1942.46,3,6,2.0000
1137,4430.79,2089.01,NaN,NaN,NaN
1138,4722.03,2227.41,NaN,NaN,NaN
1139,4416.82,2253.23,NaN,NaN,NaN
1140,4398.17,1889.42,NaN,NaN,NaN
1141,4665.66,1766.69,NaN,NaN,NaN
1142,4537.96,2055.45,2,4,2.0000
1143,4241.59,1981.15,NaN,NaN,NaN
1144,4359.15,2422.10,0,0,0.0000
1145,4130.92,1766.35,NaN,NaN,NaN
1146,4399.02,1683.36,NaN,NaN,NaN
1147,4597.36,2258.57,0,0,0.0000
1148,4488.86,1850.95,NaN,NaN,NaN
1149,4492.66,1941.37,2,1,0.0000
1150,4610.36,2117.23,2,2,0.0000
1151,4122.47,2043.76,NaN,NaN,NaN
1152,3977.92,2191.51,NaN,NaN,NaN
1153,4476.25,2226.21,NaN,NaN,NaN
1154,4318.44,1696.84,NaN,NaN,NaN
1155,4073.81,1936.00,2,4,2.0000
1156,4532.39,2367.55,0,0,0.0000
1157,4349.86,2291.74,2,2,0.0000
1158,4539.74,2151.10,0,0,0.0000
1159,4150.12,2141.82,NaN,NaN,NaN
1160,4079.61,2246.23,NaN,NaN,NaN
1161,4082.04,2332.98,3,4,0.0000
1162,4457.47,2352.22,NaN,NaN,NaN
1163,4245.40,1786.28,NaN,NaN,NaN
1164,4327.97,1778.61,NaN,NaN,NaN
1165,4327.56,1930.29,NaN,NaN,NaN
1166,4221.04,2057.11,NaN,NaN,NaN
1167,4049.52,1765.31,NaN,NaN,NaN
1168,4236.28,2384.10,NaN,NaN,NaN
1169,4688.85,1857.17,3,4,0.0000
1170,4249.99,2138.69,2,2,0.0000
1171,4067.49,2143.49,NaN,NaN,NaN
1172,4701.58,2372.67,0,0,0.0000
1173,4084.24,2418.56,NaN,NaN,NaN
1174,4354.06,2129.47,NaN,NaN,NaN
1175,4021.28,2371.70,2,5,2.5000
1176,4180.08,1820.30,0,0,0.0000
1177,4487.16,1672.45,0,0,0.0000
1178,3999.79,1903.29,0,0,0.0000
1179,4185.90,1925.80,NaN,NaN,NaN
1180,4108.13,1668.59,NaN,NaN,NaN
1181,4013.66,2008.92,0,0,0.0000
1182,4532.07,1719.91,NaN,NaN,NaN
1183,4142.90,2410.05,2,4,2.0000
1184,4209.74,2183.26,0,0,0.0000
1185,4156.17,2292.99,NaN,NaN,NaN
1186,4462.01,2021.91,3,8,2.6667
1187,3989.86,2268.71,2,2,0.0000
1188,4249.94,2294.48,0,0,0.0000
1189,4575.38,1810.33,NaN,NaN,NaN
1190,4142.83,1871.27,NaN,NaN,NaN
1191,4111.89,1877.29,2,7,3.5000
1192,4365.44,2202.61,0,0,0.0000
1193,4323.95,2017.06,NaN,NaN,NaN
1194,4025.55,1822.47,NaN,NaN,NaN
1195,4197.71,2308.57,NaN,NaN,NaN
1196,3977.07,2120.60,NaN,NaN,NaN
1197,4665.33,2157.21,NaN,NaN,NaN
1198,4398.34,1983.58,NaN,NaN,NaN
1199,4269.97,2335.98,NaN,NaN,NaN
1200,4455.83,1750.18,NaN,NaN,NaN
1201,4284.18,1861.43,0,0,0.0000
1202,4595.56,1742.63,3,5,0.0000
1203,4522.89,1981.92,NaN,NaN,NaN
1204,4329.46,2342.80,NaN,NaN,NaN
1205,4278.09,2217.83,0,0,0.0000
1206,4028.77,2205.76,0,0,0.0000
1207,4670.35,2298.31,0,0,0.0000
1208,4219.55,2229.10,0,0,0.0000
1209,4285.31,2262.57,0,0,0.0000
1210,4626.62,1849.00,0,0,0.0000
1211,4013.18,2118.41,NaN,NaN,NaN
1212,4064.00,2019.63,0,0,0.0000
1213,4256.81,1874.86,NaN,NaN,NaN
1214,4704.63,1981.45,4,8,2.0000
1215,4055.79,2096.81,0,0,0.0000
1216,5409.96,1869.03,NaN,NaN,NaN
1217,5013.52,2275.91,3,7,2.3333
1218,5494.73,1776.11,2,2,0.0000
1219,5022.81,2080.21,NaN,NaN,NaN
1220,4746.64,1913.07,NaN,NaN,NaN
1221,4858.90,2384.14,NaN,NaN,NaN
1222,4966.43,2071.73,2,3,0.0000
1223,4769.24,2313.40,NaN,NaN,NaN
1224,5075.21,2145.78,NaN,NaN,NaN
1225,4752.95,1778.18,0,0,0.0000
1226,4774.50,1726.04,0,0,0.0000
1227,5019.57,2331.09,NaN,NaN,NaN
1228,4817.84,1702.24,0,0,0.0000
1229,4755.00,2046.69,NaN,NaN,NaN
1230,4923.78,2192.00,0,0,0.0000
1231,4984.38,2175.44,NaN,NaN,NaN
1232,5450.78,1717.75,NaN,NaN,NaN
1233,5404.78,1683.96,0,0,0.0000
1234,4908.98,2424.88,NaN,NaN,NaN
1235,4929.33,2292.76,NaN,NaN,NaN
1236,4868.35,1852.45,NaN,NaN,NaN
1237,4842.20,2312.51,0,0,0.0000
1238,4866.58,2254.00,0,0,0.0000
1239,4821.57,1964.87,NaN,NaN,NaN
1240,4941.42,2382.36,NaN,NaN,NaN
1241,4801.77,2358.40,NaN,NaN,NaN
1242,4902.72,2339.37,NaN,NaN,NaN
1243,4791.43,2152.37,0,0,0.0000
1244,5886.40,1838.02,NaN,NaN,NaN
1245,6024.04,1851.60,0,0,0.0000
1246,5507.42,1758.11,2,2,0.0000
1247,5851.27,2378.79,NaN,NaN,NaN
1248,6100.20,2320.93,NaN,NaN,NaN
1249,6154.81,1727.32,NaN,NaN,NaN
1250,5957.47,1784.48,NaN,NaN,NaN
1251,6201.95,2316.36,2,1,0.0000
1252,5513.55,1982.76,0,0,0.0000
1253,5816.17,2192.30,NaN,NaN,NaN
1254,6094.54,2223.82,0,0,0.0000
1255,6133.83,1889.74,0,0,0.0000
1256,5969.13,2311.31,2,3,0.0000
1257,5724.15,1977.56,2,4,2.0000
1258,6118.03,2154.05,NaN,NaN,NaN
1259,5511.76,1877.27,NaN,NaN,NaN
1260,5631.81,2054.26,NaN,NaN,NaN
1261,5581.41,2238.63,NaN,NaN,NaN
1262,5937.88,2062.32,NaN,NaN,NaN
1263,6040.35,1984.98,NaN,NaN,NaN
1264,6010.22,1668.21,0,0,0.0000
1265,5806.82,2026.84,0,0,0.0000
1266,6084.69,1882.44,3,3,0.0000
1267,5888.48,2253.33,0,0,0.0000
1268,5770.02,2429.25,0,0,0.0000
1269,5682.42,2232.46,NaN,NaN,NaN
1270,5654.91,2145.00,0,0,0.0000
1271,5842.42,1932.67,2,3,0.0000
1272,5712.40,2176.38,0,0,0.0000
1273,5945.53,2222.02,NaN,NaN,NaN
1274,5864.67,2074.15,NaN,NaN,NaN
1275,5615.83,1778.98,0,0,0.0000
1276,6062.14,2090.62,NaN,NaN,NaN
1277,6077.95,2025.55,2,2,0.0000
1278,5765.43,2272.45,NaN,NaN,NaN
1279,5943.70,2378.84,NaN,NaN,NaN
1280,5580.16,1974.06,0,0,0.0000
1281,6145.14,2073.98,0,0,0.0000
1282,5838.75,1689.52,NaN,NaN,NaN
1283,5685.57,2344.90,2,3,0.0000
1284,5963.74,2189.82,0,0,0.0000
1285,6210.81,1839.90,0,0,0.0000
1286,5588.34,1831.36,0,0,0.0000
1287,5665.07,1823.12,NaN,NaN,NaN
1288,5757.82,1863.23,0,0,0.0000
1289,5737.55,2115.45,0,0,0.0000
1290,5749.43,1740.82,NaN,NaN,NaN
1291,6214.87,2208.56,NaN,NaN,NaN
1292,5574.79,1901.71,0,0,0.0000
1293,5827.57,2116.77,NaN,NaN,NaN
1294,5650.49,1951.13,0,0,0.0000
1295,6204.14,1782.26,3,3,0.0000
1296,6088.87,2382.82,0,0,0.0000
1297,5592.34,2155.68,0,0,0.0000
1298,5642.32,2303.15,NaN,NaN,NaN
1299,5743.59,2335.15,0,0,0.0000
1300,5876.45,2163.32,0,0,0.0000
1301,6122.04,2015.72,0,0,0.0000
1302,5996.98,2047.44,0,0,0.0000
1303,5981.00,2136.88,NaN,NaN,NaN
1304,5750.79,1670.77,NaN,NaN,NaN
1305,6153.67,1960.56,0,0,0.0000
1306,5965.67,1977.10,0,0,0.0000
1307,5527.68,2237.89,NaN,NaN,NaN
1308,5764.27,1949.29,0,0,0.0000
1309,6164.57,2409.66,NaN,NaN,NaN
1310,5927.80,2133.75,0,0,0.0000
1311,5786.36,1678.50,2,3,0.0000
1312,5869.98,2011.91,NaN,NaN,NaN
1313,6520.40,2383.52,NaN,NaN,NaN
1314,6710.80,2312.53,NaN,NaN,NaN
1315,7022.91,1761.15,NaN,NaN,NaN
1316,6356.74,2282.56,2,2,0.0000
1317,6969.41,2342.63,NaN,NaN,NaN
1318,6614.59,2273.33,3,6,2.0000
1319,6839.10,2252.45,NaN,NaN,NaN
1320,6365.58,2365.65,NaN,NaN,NaN
1321,6990.75,2260.83,2,4,2.0000
1322,6915.24,2157.95,NaN,NaN,NaN
1323,6911.28,2261.13,NaN,NaN,NaN
1324,6674.25,2199.62,2,3,0.0000
1325,6606.15,2392.62,NaN,NaN,NaN
1326,7007.90,2115.45,0,0,0.0000
1327,6874.84,2323.58,0,0,0.0000
1328,6986.94,2419.49,NaN,NaN,NaN
1329,6753.25,2370.27,NaN,NaN,NaN
1330,6767.18,2186.29,0,0,0.0000
1331,6840.89,2130.36,NaN,NaN,NaN
1332,6922.01,2070.41,NaN,NaN,NaN
1333,6788.30,2295.58,0,0,0.0000
1334,6877.42,2430.81,0,0,0.0000
1335,7030.50,1914.32,NaN,NaN,NaN
1336,6884.19,2375.17,0,0,0.0000
1337,6280.87,2404.32,0,0,0.0000
1338,6816.32,2180.95,NaN,NaN,NaN
1339,6722.94,2222.76,NaN,NaN,NaN
1340,6698.93,2404.49,NaN,NaN,NaN
1341,6765.77,2253.10,0,0,0.0000
1342,6816.81,2377.14,0,0,0.0000
1343,6989.82,1827.33,NaN,NaN,NaN
1344,6641.63,2428.33,0,0,0.0000
1345,6287.20,2316.91,NaN,NaN,NaN
1346,6924.07,2211.29,2,5,2.5000
1347,7083.72,2033.06,0,0,0.0000
1348,7235.37,2292.06,NaN,NaN,NaN
1349,7092.73,1918.85,NaN,NaN,NaN
1350,7207.63,1857.93,2,3,0.0000
1351,7070.75,2237.30,NaN,NaN,NaN
1352,7288.27,1719.76,2,3,0.0000
1353,7239.52,1981.88,3,3,0.0000
1354,7151.26,2251.82,0,0,0.0000
1355,7286.27,2365.81,2,4,2.0000
1356,7077.77,1820.61,NaN,NaN,NaN
1357,7154.48,2094.17,0,0,0.0000
1358,7238.90,2082.70,NaN,NaN,NaN
1359,7241.56,2164.88,NaN,NaN,NaN
1360,7167.05,1978.20,0,0,0.0000
1361,7191.15,2043.69,NaN,NaN,NaN
1362,7054.67,2390.53,NaN,NaN,NaN
1363,7287.57,2111.86,NaN,NaN,NaN
1364,7153.15,2320.95,NaN,NaN,NaN
1365,7226.00,1744.36,0,0,0.0000
1366,7212.22,2394.43,0,0,0.0000
1367,7072.76,2308.39,NaN,NaN,NaN
1368,7204.19,1772.00,0,0,0.0000
1369,7151.36,1781.24,NaN,NaN,NaN
1370,7132.95,2173.25,2,4,2.0000
1371,7067.84,2117.98,NaN,NaN,NaN
1372,7098.46,2334.22,NaN,NaN,NaN
1373,7097.86,2378.77,NaN,NaN,NaN
1374,7137.13,2368.55,NaN,NaN,NaN
1375,7048.10,1691.28,0,0,0.0000
1376,7201.00,2214.16,0,0,0.0000
1377,7645.80,2091.26,0,0,0.0000
1378,7360.41,2080.78,0,0,0.0000
1379,7559.00,1761.47,2,1,0.0000
1380,7589.75,1878.17,NaN,NaN,NaN
1381,7426.37,1869.17,0,0,0.0000
1382,7325.65,2255.76,3,4,0.0000
1383,7309.03,1841.08,0,0,0.0000
1384,7436.60,1997.11,0,0,0.0000
1385,7318.44,2175.23,3,4,0.0000
1386,7485.70,1777.52,NaN,NaN,NaN
1387,7364.85,1985.33,NaN,NaN,NaN
1388,7640.25,2356.90,NaN,NaN,NaN
1389,7606.28,2313.44,3,3,0.0000
1390,7437.89,2331.96,NaN,NaN,NaN
1391,7466.29,2382.88,2,3,0.0000
1392,7682.30,2292.77,0,0,0.0000
1393,7413.58,2276.23,NaN,NaN,NaN
1394,7504.10,1953.07,0,0,0.0000
1395,7452.93,2242.49,NaN,NaN,NaN
1396,7392.94,1814.75,0,0,0.0000
1397,7345.25,1903.91,NaN,NaN,NaN
1398,7440.54,1717.53,NaN,NaN,NaN
1399,7638.53,2235.12,NaN,NaN,NaN
1400,7339.55,2323.22,0,0,0.0000
1401,7523.41,2402.47,0,0,0.0000
1402,7624.37,1984.71,0,0,0.0000
1403,7516.20,1886.78,NaN,NaN,NaN
1404,7392.35,2403.78,NaN,NaN,NaN
1405,7546.84,2032.13,0,0,0.0000
1406,7420.62,1673.77,0,0,0.0000
1407,7316.25,2398.85,NaN,NaN,NaN
1408,7363.27,2379.91,NaN,NaN,NaN
1409,7340.88,2423.26,NaN,NaN,NaN
1410,7537.03,2073.57,0,0,0.0000
1411,7599.01,1954.12,2,4,2.0000
1412,7561.10,1977.74,0,0,0.0000
1413,483.18,2618.25,0,0,0.0000
1414,681.72,2626.49,NaN,NaN,NaN
1415,585.94,2624.48,0,0,0.0000
1416,743.20,3185.55,NaN,NaN,NaN
1417,559.29,2450.26,NaN,NaN,NaN
1418,365.16,2708.69,0,0,0.0000
1419,780.82,2465.34,3,3,0.0000
1420,790.92,2739.96,4,5,0.0000
1421,850.67,2643.59,2,3,0.0000
1422,472.84,2809.86,3,6,2.0000
1423,607.32,2827.68,NaN,NaN,NaN
1424,355.41,2558.12,NaN,NaN,NaN
1425,728.10,2938.19,NaN,NaN,NaN
1426,841.56,2953.29,2,4,2.0000
1427,775.24,3146.57,NaN,NaN,NaN
1428,645.15,3011.17,NaN,NaN,NaN
1429,877.63,2801.18,0,0,0.0000
1430,519.11,2940.22,NaN,NaN,NaN
1431,683.40,2818.28,NaN,NaN,NaN
1432,509.65,2759.05,0,0,0.0000
1433,875.68,2543.98,NaN,NaN,NaN
1434,596.75,2732.70,NaN,NaN,NaN
1435,258.76,2480.31,NaN,NaN,NaN
1436,845.02,3193.52,NaN,NaN,NaN
1437,822.37,3089.66,NaN,NaN,NaN
1438,483.05,2900.34,0,0,0.0000
1439,403.04,2536.08,4,6,0.0000
1440,494.12,2504.55,0,0,0.0000
1441,803.05,2658.38,4,8,2.0000
1442,859.51,3045.61,NaN,NaN,NaN
1443,670.72,2940.33,0,0,0.0000
1444,295.60,2627.52,NaN,NaN,NaN
1445,627.03,2457.00,NaN,NaN,NaN
1446,752.56,3047.18,NaN,NaN,NaN
1447,559.18,3027.30,NaN,NaN,NaN
1448,588.78,2946.98,2,3,0.0000
1449,674.90,2498.37,NaN,NaN,NaN
1450,302.60,2445.17,NaN,NaN,NaN
1451,572.29,2880.59,NaN,NaN,NaN
1452,724.24,2556.95,2,3,0.0000
1453,888.99,3019.36,0,0,0.0000
1454,513.63,2467.06,0,0,0.0000
1455,834.08,2548.21,0,0,0.0000
1456,879.24,3146.80,0,0,0.0000
1457,888.39,2858.31,NaN,NaN,NaN
1458,422.04,2685.04,2,5,2.5000
1459,706.56,2726.34,NaN,NaN,NaN
1460,923.29,2953.06,NaN,NaN,NaN
1461,1078.49,3022.24,NaN,NaN,NaN
1462,1049.68,2768.93,NaN,NaN,NaN
1463,1186.93,2457.84,NaN,NaN,NaN
1464,955.91,2618.70,NaN,NaN,NaN
1465,1108.37,2957.66,2,2,0.0000
1466,931.83,3070.42,3,6,2.0000
1467,1017.22,2837.83,NaN,NaN,NaN
1468,1071.19,2864.06,NaN,NaN,NaN
1469,973.68,2785.40,NaN,NaN,NaN
1470,946.81,2452.53,NaN,NaN,NaN
1471,1132.15,2890.73,0,0,0.0000
1472,918.00,2676.00,3,3,0.0000
1473,1008.27,2934.68,0,0,0.0000
1474,1157.54,2523.22,NaN,NaN,NaN
1475,1277.03,2629.48,2,1,0.0000
1476,1064.17,3136.13,0,0,0.0000
1477,1001.67,3105.52,NaN,NaN,NaN
1478,1022.93,3052.51,NaN,NaN,NaN
1479,956.77,2863.20,0,0,0.0000
1480,1110.98,3127.35,NaN,NaN,NaN
1481,1153.93,3108.31,NaN,NaN,NaN
1482,1249.23,2667.23,0,0,0.0000
1483,1174.16,3072.53,NaN,NaN,NaN
1484,916.27,2767.12,NaN,NaN,NaN
1485,1015.33,2699.90,NaN,NaN,NaN
1486,1176.88,3014.02,0,0,0.0000
1487,955.10,3132.80,0,0,0.0000
1488,987.22,2711.91,0,0,0.0000
1489,1198.10,3073.59,0,0,0.0000
1490,1148.68,3165.42,NaN,NaN,NaN
1491,1872.37,2670.75,0,0,0.0000
1492,2052.61,2436.32,NaN,NaN,NaN
1493,1976.22,2588.97,0,0,0.0000
1494,1891.02,2588.58,2,4,2.0000
1495,2002.38,2677.03,0,0,0.0000
1496,1943.11,2761.50,NaN,NaN,NaN
1497,1812.03,2539.17,NaN,NaN,NaN
1498,1929.15,2708.14,0,0,0.0000
1499,1865.58,2542.96,2,3,0.0000
1500,1927.50,2638.70,NaN,NaN,NaN
1501,1980.97,2471.86,NaN,NaN,NaN
1502,1776.36,2443.60,NaN,NaN,NaN
1503,1909.79,2517.94,0,0,0.0000
1504,1965.87,2806.77,NaN,NaN,NaN
1505,1826.11,2485.97,NaN,NaN,NaN
1506,1944.78,2470.88,NaN,NaN,NaN
1507,2539.11,3009.25,3,6,2.0000
1508,2492.65,3098.70,NaN,NaN,NaN
1509,2558.26,2752.55,0,0,0.0000
1510,3091.98,2971.51,2,4,2.0000
1511,2460.44,2581.76,NaN,NaN,NaN
1512,2453.08,3024.41,0,0,0.0000
1513,2988.60,3167.60,0,0,0.0000
1514,2473.50,2710.36,0,0,0.0000
1515,2531.00,2803.98,NaN,NaN,NaN
1516,3041.93,2786.63,0,0,0.0000
1517,2447.54,2653.59,0,0,0.0000
1518,2465.22,2976.03,2,2,0.0000
1519,2504.10,2883.58,0,0,0.0000
1520,3096.61,2922.81,2,3,0.0000
1521,2578.84,2846.17,NaN,NaN,NaN
1522,3052.02,2919.80,NaN,NaN,NaN
1523,3353.82,3181.04,2,2,0.0000
1524,3842.37,3113.71,NaN,NaN,NaN
1525,3923.10,3195.41,NaN,NaN,NaN
1526,3402.79,3146.25,NaN,NaN,NaN
1527,4586.19,2992.47,2,8,4.0000
1528,4255.83,2752.78,2,4,2.0000
1529,4219.03,2471.59,NaN,NaN,NaN
1530,4150.04,2548.05,0,0,0.0000
1531,4350.68,2927.42,NaN,NaN,NaN
1532,4538.73,2653.63,2,5,2.5000
1533,4308.28,2875.95,NaN,NaN,NaN
1534,4393.89,2731.76,0,0,0.0000
1535,4046.34,2483.06,2,4,2.0000
1536,4701.81,2903.53,0,0,0.0000
1537,4522.39,2913.19,NaN,NaN,NaN
1538,4599.04,2452.71,0,0,0.0000
1539,4471.19,3116.52,0,0,0.0000
1540,4148.48,3142.56,NaN,NaN,NaN
1541,4347.21,3032.20,0,0,0.0000
1542,4247.23,3124.11,NaN,NaN,NaN
1543,4403.85,2975.57,NaN,NaN,NaN
1544,4456.55,2432.27,NaN,NaN,NaN
1545,4160.87,3063.77,NaN,NaN,NaN
1546,4312.57,2492.18,0,0,0.0000
1547,4248.96,2661.93,NaN,NaN,NaN
1548,4571.58,2811.36,3,2,0.0000
1549,4205.88,2594.03,0,0,0.0000
1550,4216.46,2816.02,NaN,NaN,NaN
1551,4486.02,2823.02,0,0,0.0000
1552,4519.52,3065.85,2,2,0.0000
1553,4328.32,2648.77,0,0,0.0000
1554,4510.99,2740.24,2,2,0.0000
1555,4254.25,2968.42,NaN,NaN,NaN
1556,4629.70,2667.71,0,0,0.0000
1557,4092.42,2627.37,0,0,0.0000
1558,4222.93,3032.50,NaN,NaN,NaN
1559,4342.28,2806.75,NaN,NaN,NaN
1560,4092.22,3178.34,0,0,0.0000
1561,4539.65,2569.88,0,0,0.0000
1562,4615.07,2844.29,0,0,0.0000
1563,4357.43,3085.48,0,0,0.0000
1564,4157.84,2671.94,0,0,0.0000
1565,4082.82,3089.85,0,0,0.0000
1566,4357.36,3159.66,NaN,NaN,NaN
1567,4536.11,2442.60,0,0,0.0000
1568,4221.31,2899.61,NaN,NaN,NaN
1569,4641.56,3140.77,0,0,0.0000
1570,4580.68,3121.30,NaN,NaN,NaN
1571,4602.43,3065.96,2,4,2.0000
1572,4044.36,2560.98,NaN,NaN,NaN
1573,4468.04,2677.02,0,0,0.0000
1574,4104.54,2854.41,NaN,NaN,NaN
1575,4672.72,3092.41,NaN,NaN,NaN
1576,4402.78,2507.78,0,0,0.0000
1577,4451.49,3059.45,0,0,0.0000
1578,4611.98,2744.03,NaN,NaN,NaN
1579,4404.93,2571.46,0,0,0.0000
1580,4444.33,2884.07,0,0,0.0000
1581,4166.09,2843.74,0,0,0.0000
1582,4462.52,2532.26,3,5,0.0000
1583,4427.77,3175.75,NaN,NaN,NaN
1584,4675.59,2442.39,NaN,NaN,NaN
1585,4158.50,2926.44,NaN,NaN,NaN
1586,4639.83,2521.68,NaN,NaN,NaN
1587,4703.31,2973.61,4,5,0.0000
1588,4681.17,2545.62,NaN,NaN,NaN
1589,4306.00,2575.52,0,0,0.0000
1590,4344.28,2706.84,0,0,0.0000
1591,4430.17,2647.21,0,0,0.0000
1592,4083.11,2568.81,0,0,0.0000
1593,4456.43,2932.33,NaN,NaN,NaN
1594,4442.36,2729.42,0,0,0.0000
1595,4703.02,3045.58,0,0,0.0000
1596,4612.51,2566.27,0,0,0.0000
1597,4511.75,3190.09,NaN,NaN,NaN
1598,4461.92,3009.96,NaN,NaN,NaN
1599,4699.42,3150.43,NaN,NaN,NaN
1600,4847.63,3056.49,3,7,2.3333
1601,5472.78,2939.09,NaN,NaN,NaN
1602,5288.18,3094.19,NaN,NaN,NaN
1603,4870.95,2934.10,NaN,NaN,NaN
1604,4841.71,2761.02,NaN,NaN,NaN
1605,4976.15,2901.40,NaN,NaN,NaN
1606,4762.82,3174.59,0,0,0.0000
1607,5056.98,3030.32,NaN,NaN,NaN
1608,5417.97,2636.44,0,0,0.0000
1609,5098.08,2946.82,NaN,NaN,NaN
1610,5168.85,2953.24,4,8,2.0000
1611,4874.73,3175.23,NaN,NaN,NaN
1612,5434.57,3077.97,2,4,2.0000
1613,5035.23,2800.40,NaN,NaN,NaN
1614,4918.90,2987.63,NaN,NaN,NaN
1615,4895.88,2690.43,NaN,NaN,NaN
1616,5160.73,3089.97,0,0,0.0000
1617,4901.33,2836.60,NaN,NaN,NaN
1618,4755.78,3007.52,3,7,2.3333
1619,4952.43,2802.16,NaN,NaN,NaN
1620,4934.60,3199.33,NaN,NaN,NaN
1621,5257.87,3195.56,NaN,NaN,NaN
1622,5207.93,3012.81,NaN,NaN,NaN
1623,5485.17,2437.91,NaN,NaN,NaN
1624,4756.71,3070.25,NaN,NaN,NaN
1625,4980.82,3083.34,2,3,0.0000
1626,5382.85,3139.83,NaN,NaN,NaN
1627,5168.62,3153.55,NaN,NaN,NaN
1628,5410.67,2918.01,NaN,NaN,NaN
1629,4946.45,2542.97,2,2,0.0000
1630,4966.09,2623.24,NaN,NaN,NaN
1631,4779.24,2724.80,0,0,0.0000
1632,5457.93,2724.02,NaN,NaN,NaN
1633,4850.56,2847.94,NaN,NaN,NaN
1634,5424.07,2491.33,3,5,0.0000
1635,4914.15,2612.40,3,4,0.0000
1636,4807.24,2931.22,0,0,0.0000
1637,4742.50,3116.71,NaN,NaN,NaN
1638,4940.56,2485.11,NaN,NaN,NaN
1639,4791.56,2860.01,NaN,NaN,NaN
1640,5105.86,3181.69,NaN,NaN,NaN
1641,4754.71,2792.12,NaN,NaN,NaN
1642,4929.07,3050.04,NaN,NaN,NaN
1643,4755.46,2853.25,0,0,0.0000
1644,5365.74,2556.26,NaN,NaN,NaN
1645,5280.70,3015.99,NaN,NaN,NaN
1646,5023.18,2911.04,0,0,0.0000
1647,5412.52,2764.47,0,0,0.0000
1648,4930.12,3136.41,0,0,0.0000
1649,4995.35,2534.57,NaN,NaN,NaN
1650,5361.31,2631.22,0,0,0.0000
1651,5076.08,3089.74,0,0,0.0000
1652,4930.00,2870.64,0,0,0.0000
1653,4848.96,3137.61,NaN,NaN,NaN
1654,5044.60,3113.82,0,0,0.0000
1655,5414.49,2545.74,0,0,0.0000
1656,5634.15,3043.25,0,0,0.0000
1657,6033.28,2672.69,0,0,0.0000
1658,5630.09,2876.68,NaN,NaN,NaN
1659,5939.41,2512.18,NaN,NaN,NaN
1660,6056.72,2571.29,NaN,NaN,NaN
1661,6252.80,2765.61,2,5,2.5000
1662,5565.60,2541.81,NaN,NaN,NaN
1663,5679.09,2544.44,2,4,2.0000
1664,5919.24,2773.92,NaN,NaN,NaN
1665,6202.94,2628.92,3,5,0.0000
1666,6058.48,2433.95,NaN,NaN,NaN
1667,5689.12,2668.62,NaN,NaN,NaN
1668,5812.52,2944.29,2,1,0.0000
1669,5754.97,2966.88,NaN,NaN,NaN
1670,5712.15,2811.58,2,2,0.0000
1671,5551.35,2744.19,0,0,0.0000
1672,6139.99,2534.37,2,2,0.0000
1673,6058.98,2500.97,NaN,NaN,NaN
1674,5509.67,2505.06,NaN,NaN,NaN
1675,5730.91,2508.89,NaN,NaN,NaN
1676,6128.20,2961.07,NaN,NaN,NaN
1677,6226.73,2867.86,2,2,0.0000
1678,6123.88,2838.10,NaN,NaN,NaN
1679,6177.60,2855.18,NaN,NaN,NaN
1680,6224.06,2971.32,0,0,0.0000
1681,5811.02,2577.90,0,0,0.0000
1682,5884.09,2857.59,NaN,NaN,NaN
1683,5841.85,2842.44,NaN,NaN,NaN
1684,5785.61,3049.46,NaN,NaN,NaN
1685,5602.91,2456.55,2,4,2.0000
1686,5877.97,2716.40,NaN,NaN,NaN
1687,5539.90,2639.43,0,0,0.0000
1688,6105.08,2903.50,NaN,NaN,NaN
1689,5708.05,2913.87,0,0,0.0000
1690,6129.81,2661.97,0,0,0.0000
1691,5543.26,2903.97,NaN,NaN,NaN
1692,5822.21,2690.14,NaN,NaN,NaN
1693,5704.35,2740.16,0,0,0.0000
1694,5549.80,2818.98,0,0,0.0000
1695,6028.67,3001.22,2,5,2.5000
1696,6003.89,2784.74,NaN,NaN,NaN
1697,5899.08,2602.00,NaN,NaN,NaN
1698,5932.46,2857.19,0,0,0.0000
1699,5918.23,2973.17,NaN,NaN,NaN
1700,5823.05,2475.20,NaN,NaN,NaN
1701,6159.97,2993.31,NaN,NaN,NaN
1702,5546.08,3086.80,0,0,0.0000
1703,5872.30,2484.23,NaN,NaN,NaN
1704,6219.49,2499.47,0,0,0.0000
1705,5784.18,2736.96,NaN,NaN,NaN
1706,5764.26,2805.29,0,0,0.0000
1707,6254.45,2669.87,0,0,0.0000
1708,5797.98,2782.46,0,0,0.0000
1709,5731.93,3028.13,NaN,NaN,NaN
1710,5610.45,2622.01,0,0,0.0000
1711,6228.04,2449.58,0,0,0.0000
1712,6034.42,2797.40,2,5,2.5000
1713,5634.03,2741.07,0,0,0.0000
1714,5858.74,2647.58,0,0,0.0000
1715,5704.08,3122.54,NaN,NaN,NaN
1716,5517.27,2694.92,0,0,0.0000
1717,5751.50,2857.54,2,7,3.5000
1718,6072.22,2950.34,NaN,NaN,NaN
1719,6186.49,2435.99,NaN,NaN,NaN
1720,5744.54,2684.74,0,0,0.0000
1721,5705.02,2444.35,0,0,0.0000
1722,5630.55,2699.06,0,0,0.0000
1723,5676.95,2767.46,NaN,NaN,NaN
1724,5977.98,2839.05,0,0,0.0000
1725,6575.38,2568.06,NaN,NaN,NaN
1726,6285.21,2588.03,0,0,0.0000
1727,6892.82,3133.77,0,0,0.0000
1728,6367.91,2680.49,2,6,3.0000
1729,6636.90,2665.23,2,7,3.5000
1730,6368.30,2537.83,NaN,NaN,NaN
1731,6414.25,2454.22,2,2,0.0000
1732,6939.91,2769.36,NaN,NaN,NaN
1733,7023.52,2815.79,NaN,NaN,NaN
1734,6658.11,2477.80,NaN,NaN,NaN
1735,6973.49,2472.16,NaN,NaN,NaN
1736,6877.47,2984.17,NaN,NaN,NaN
1737,6690.87,2736.70,NaN,NaN,NaN
1738,6696.73,2970.34,NaN,NaN,NaN
1739,6951.43,2607.53,0,0,0.0000
1740,6524.45,2711.91,NaN,NaN,NaN
1741,6274.49,2913.01,NaN,NaN,NaN
1742,7019.17,2560.47,3,5,0.0000
1743,6784.26,3010.48,6,11,0.0000
1744,6960.87,2987.13,NaN,NaN,NaN
1745,6372.94,2916.79,0,0,0.0000
1746,6742.84,2515.25,NaN,NaN,NaN
1747,6315.04,2824.84,NaN,NaN,NaN
1748,7020.15,2998.34,NaN,NaN,NaN
1749,6290.96,2985.54,NaN,NaN,NaN
1750,6815.70,2503.24,2,1,0.0000
1751,6678.71,2529.67,NaN,NaN,NaN
1752,6460.19,2687.90,NaN,NaN,NaN
1753,6448.04,2881.38,3,8,2.6667
1754,6404.96,2603.49,0,0,0.0000
1755,6754.99,2853.48,0,0,0.0000
1756,6427.76,2946.54,2,2,0.0000
1757,6489.47,2542.51,3,8,2.6667
1758,6886.92,2508.19,0,0,0.0000
1759,6987.43,3056.65,NaN,NaN,NaN
1760,6591.01,2762.38,4,7,0.0000
1761,6596.32,2855.35,0,0,0.0000
1762,6737.97,2803.36,0,0,0.0000
1763,6873.10,2777.13,NaN,NaN,NaN
1764,6468.57,2592.03,0,0,0.0000
1765,6986.66,3108.89,0,0,0.0000
1766,6706.79,2608.52,NaN,NaN,NaN
1767,6806.60,2437.71,0,0,0.0000
1768,6273.11,2469.80,0,0,0.0000
1769,6752.22,2438.87,NaN,NaN,NaN
1770,6511.12,2923.05,2,3,0.0000
1771,6653.86,2818.21,NaN,NaN,NaN
1772,6845.62,3196.38,3,2,0.0000
1773,6699.50,2859.05,NaN,NaN,NaN
1774,6371.93,2838.31,NaN,NaN,NaN
1775,6742.77,2920.26,0,0,0.0000
1776,6509.43,2635.57,0,0,0.0000
1777,6745.16,2645.20,0,0,0.0000
1778,7040.32,2664.57,3,5,0.0000
1779,7151.27,2449.18,NaN,NaN,NaN
1780,7285.65,2534.69,NaN,NaN,NaN
1781,7224.02,2605.26,NaN,NaN,NaN
1782,7127.40,2599.10,NaN,NaN,NaN
1783,7222.82,2804.33,NaN,NaN,NaN
1784,7255.11,2878.61,NaN,NaN,NaN
1785,7127.27,2823.19,2,2,0.0000
1786,7235.05,2734.49,0,0,0.0000
1787,7213.66,3019.16,3,7,2.3333
1788,7097.81,3091.90,3,3,0.0000
1789,7105.19,2759.96,2,5,2.5000
1790,7277.74,2669.02,0,0,0.0000
1791,7151.63,2710.03,NaN,NaN,NaN
1792,7277.79,2991.50,0,0,0.0000
1793,7087.47,3153.43,0,0,0.0000
1794,7208.45,2676.56,0,0,0.0000
1795,7061.79,2899.32,2,6,3.0000
1796,7231.42,2503.99,2,7,3.5000
1797,7222.27,2944.58,0,0,0.0000
1798,7072.38,2434.53,0,0,0.0000
1799,7172.88,2535.23,NaN,NaN,NaN
1800,7110.36,2546.33,0,0,0.0000
1801,7549.17,2532.56,NaN,NaN,NaN
1802,7610.86,2435.58,2,8,4.0000
1803,7483.69,2742.66,2,7,3.5000
1804,7471.56,2467.05,0,0,0.0000
1805,7698.44,2491.31,NaN,NaN,NaN
1806,7350.94,2709.78,2,3,0.0000
1807,7434.72,2946.91,0,0,0.0000
1808,7403.53,2568.22,NaN,NaN,NaN
1809,7339.51,2622.02,0,0,0.0000
1810,7647.16,2566.29,0,0,0.0000
1811,7506.01,2809.18,NaN,NaN,NaN
1812,7333.23,2891.19,NaN,NaN,NaN
1813,7601.57,2637.18,0,0,0.0000
1814,7555.02,2811.15,0,0,0.0000
1815,7407.28,2773.60,0,0,0.0000
1816,7381.36,2900.44,3,4,0.0000
1817,7478.09,2658.19,2,3,0.0000
1818,7304.27,2805.88,NaN,NaN,NaN
1819,7413.02,2842.96,0,0,0.0000
1820,7650.51,2867.66,3,4,0.0000
1821,7297.17,3054.67,0,0,0.0000
1822,7456.55,2543.55,0,0,0.0000
1823,7325.36,2761.99,0,0,0.0000
1824,7594.33,2755.42,NaN,NaN,NaN
1825,7303.14,2944.79,0,0,0.0000
1826,7337.22,2964.97,0,0,0.0000
1827,7379.48,2479.09,0,0,0.0000
1828,7664.19,2754.76,0,0,0.0000
1829,7606.28,2809.32,NaN,NaN,NaN
1830,7705.20,2641.08,0,0,0.0000
1831,7471.22,2518.82,0,0,0.0000
1832,890.88,3456.13,0,0,0.0000
1833,887.90,3700.89,3,9,3.0000
1834,840.93,3587.18,NaN,NaN,NaN
1835,885.80,3338.87,NaN,NaN,NaN
1836,785.92,3516.14,NaN,NaN,NaN
1837,801.75,3334.42,NaN,NaN,NaN
1838,718.40,3254.39,NaN,NaN,NaN
1839,886.27,3266.62,0,0,0.0000
1840,748.32,3345.28,0,0,0.0000
1841,762.33,3424.30,NaN,NaN,NaN
1842,813.76,3469.70,0,0,0.0000
1843,27.28,3719.18,0,0,0.0000
1844,56.80,3756.33,0,0,0.0000
1845,47.53,3929.18,NaN,NaN,NaN
1846,870.43,3852.40,NaN,NaN,NaN
1847,804.45,3427.53,NaN,NaN,NaN
1848,114.33,3845.61,2,3,0.0000
1849,890.45,3796.87,0,0,0.0000
1850,761.04,3257.76,0,0,0.0000
1851,1380.76,3918.21,2,3,0.0000
1852,1079.93,3752.89,2,1,0.0000
1853,1363.79,3777.29,2,4,2.0000
1854,1203.80,3702.96,2,3,0.0000
1855,924.41,3602.47,NaN,NaN,NaN
1856,994.23,3703.09,NaN,NaN,NaN
1857,991.88,3837.58,NaN,NaN,NaN
1858,982.90,3344.46,NaN,NaN,NaN
1859,1101.83,3548.00,NaN,NaN,NaN
1860,1054.53,3966.15,2,6,3.0000
1861,1201.48,3477.77,2,6,3.0000
1862,1163.03,3923.23,2,5,2.5000
1863,1509.93,3916.56,2,3,0.0000
1864,1251.02,3380.12,4,5,0.0000
1865,1012.68,3436.15,4,8,2.0000
1866,1120.89,3294.13,NaN,NaN,NaN
1867,1034.96,3554.58,NaN,NaN,NaN
1868,1026.60,3239.32,NaN,NaN,NaN
1869,1105.74,3375.06,0,0,0.0000
1870,1265.77,3697.04,NaN,NaN,NaN
1871,1181.26,3749.53,0,0,0.0000
1872,1122.58,3210.28,NaN,NaN,NaN
1873,1213.71,3602.86,0,0,0.0000
1874,1402.31,3731.38,NaN,NaN,NaN
1875,1222.95,3418.66,NaN,NaN,NaN
1876,923.03,3907.21,NaN,NaN,NaN
1877,1223.60,3863.37,5,7,0.0000
1878,958.48,3488.46,NaN,NaN,NaN
1879,910.18,3225.35,0,0,0.0000
1880,1070.45,3628.19,2,3,0.0000
1881,1094.71,3898.47,0,0,0.0000
1882,944.30,3841.42,NaN,NaN,NaN
1883,936.91,3277.68,0,0,0.0000
1884,1088.90,3423.36,0,0,0.0000
1885,1151.55,3769.37,0,0,0.0000
1886,1118.02,3671.14,NaN,NaN,NaN
1887,1118.44,3625.50,NaN,NaN,NaN
1888,1516.56,3851.22,0,0,0.0000
1889,2772.89,3751.07,3,9,3.0000
1890,3024.21,3674.20,2,4,2.0000
1891,2977.94,3593.07,3,3,0.0000
1892,2887.06,3893.87,3,8,2.6667
1893,3191.58,3277.68,0,0,0.0000
1894,2796.70,3485.88,0,0,0.0000
1895,2823.79,3829.28,0,0,0.0000
1896,2851.38,3726.50,NaN,NaN,NaN
1897,2789.64,3589.88,NaN,NaN,NaN
1898,2711.75,3590.17,NaN,NaN,NaN
1899,2759.01,3637.58,NaN,NaN,NaN
1900,2903.77,3775.40,NaN,NaN,NaN
1901,2829.21,3900.76,NaN,NaN,NaN
1902,2833.22,3538.23,0,0,0.0000
1903,2876.39,3513.34,0,0,0.0000
1904,2967.39,3922.23,0,0,0.0000
1905,2696.78,3819.96,2,3,0.0000
1906,2939.19,3528.36,0,0,0.0000
1907,2639.07,3683.86,NaN,NaN,NaN
1908,2937.64,3903.60,0,0,0.0000
1909,2598.90,3907.97,NaN,NaN,NaN
1910,2680.64,3961.19,NaN,NaN,NaN
1911,2916.40,3714.96,NaN,NaN,NaN
1912,2943.75,3692.83,NaN,NaN,NaN
1913,2741.71,3313.59,0,0,0.0000
1914,2831.14,3662.39,NaN,NaN,NaN
1915,2596.01,3961.25,0,0,0.0000
1916,2946.85,3648.86,NaN,NaN,NaN
1917,2684.37,3696.20,NaN,NaN,NaN
1918,2669.61,3605.65,2,3,0.0000
1919,2720.56,3710.40,NaN,NaN,NaN
1920,2940.56,3962.84,0,0,0.0000
1921,2692.14,3774.97,0,0,0.0000
1922,2912.74,3613.99,NaN,NaN,NaN
1923,2658.50,3654.99,NaN,NaN,NaN
1924,2705.57,3663.96,NaN,NaN,NaN
1925,2706.72,3921.08,2,4,2.0000
1926,3297.83,3241.81,0,0,0.0000
1927,3447.99,3294.16,NaN,NaN,NaN
1928,3445.48,3204.97,NaN,NaN,NaN
1929,3383.21,3330.77,3,7,2.3333
1930,3928.44,3284.86,0,0,0.0000
1931,3926.38,3381.12,NaN,NaN,NaN
1932,3330.56,3354.90,0,0,0.0000
1933,3373.63,3722.50,0,0,0.0000
1934,3448.44,3394.50,NaN,NaN,NaN
1935,3865.58,3328.96,NaN,NaN,NaN
1936,3397.78,3821.58,2,3,0.0000
1937,3921.20,3444.97,0,0,0.0000
1938,3328.18,3408.84,NaN,NaN,NaN
1939,3412.40,3756.76,0,0,0.0000
1940,3418.43,3717.87,NaN,NaN,NaN
1941,4559.69,3681.10,NaN,NaN,NaN
1942,4484.29,3551.67,3,3,0.0000
1943,4112.88,3389.89,NaN,NaN,NaN
1944,4409.51,3848.37,NaN,NaN,NaN
1945,4655.33,3398.59,0,0,0.0000
1946,4278.83,3308.95,3,7,2.3333
1947,4179.42,3614.12,NaN,NaN,NaN
1948,4317.86,3667.07,NaN,NaN,NaN
1949,4127.92,3263.26,NaN,NaN,NaN
1950,4543.91,3798.49,NaN,NaN,NaN
1951,4732.00,3959.08,NaN,NaN,NaN
1952,4267.22,3517.11,NaN,NaN,NaN
1953,3986.17,3327.30,0,0,0.0000
1954,4137.72,3543.68,NaN,NaN,NaN
1955,4720.66,3663.72,NaN,NaN,NaN
1956,4382.00,3939.20,0,0,0.0000
1957,4661.48,3741.39,NaN,NaN,NaN
1958,4277.27,3780.66,NaN,NaN,NaN
1959,4357.85,3759.18,2,4,2.0000
1960,4208.19,3477.26,NaN,NaN,NaN
1961,4350.63,3305.25,NaN,NaN,NaN
1962,4190.14,3400.29,NaN,NaN,NaN
1963,4444.51,3384.78,NaN,NaN,NaN
1964,4555.09,3445.41,NaN,NaN,NaN
1965,4332.35,3585.00,NaN,NaN,NaN
1966,4401.37,3441.58,0,0,0.0000
1967,4460.65,3224.31,NaN,NaN,NaN
1968,4579.53,3221.79,NaN,NaN,NaN
1969,4560.84,3583.24,NaN,NaN,NaN
1970,4637.27,3544.24,NaN,NaN,NaN
1971,4382.76,3501.61,NaN,NaN,NaN
1972,4207.21,3961.65,NaN,NaN,NaN
1973,3987.46,3439.33,0,0,0.0000
1974,4224.41,3707.99,0,0,0.0000
1975,4356.65,3220.19,NaN,NaN,NaN
1976,4555.43,3961.15,2,2,0.0000
1977,4615.12,3330.29,NaN,NaN,NaN
1978,4316.33,3431.82,NaN,NaN,NaN
1979,4621.37,3886.84,0,0,0.0000
1980,4038.19,3240.75,2,2,0.0000
1981,4241.70,3932.63,NaN,NaN,NaN
1982,4444.10,3310.01,NaN,NaN,NaN
1983,4181.10,3743.31,0,0,0.0000
1984,4496.22,3320.75,NaN,NaN,NaN
1985,4460.93,3962.27,NaN,NaN,NaN
1986,4048.26,3399.90,2,8,4.0000
1987,4325.41,3872.21,NaN,NaN,NaN
1988,3974.40,3226.36,0,0,0.0000
1989,4517.99,3235.43,NaN,NaN,NaN
1990,4205.64,3308.97,0,0,0.0000
1991,4268.40,3587.84,0,0,0.0000
1992,4660.76,3207.64,0,0,0.0000
1993,4426.83,3716.17,2,3,0.0000
1994,4530.82,3899.91,NaN,NaN,NaN
1995,4540.95,3292.18,0,0,0.0000
1996,4523.10,3387.75,2,3,0.0000
1997,4389.95,3545.68,NaN,NaN,NaN
1998,4458.99,3480.06,0,0,0.0000
1999,4649.07,3261.41,NaN,NaN,NaN
2000,4317.08,3373.52,NaN,NaN,NaN
2001,4541.76,3860.71,NaN,NaN,NaN
2002,4417.89,3261.64,2,8,4.0000
2003,4507.61,3360.24,NaN,NaN,NaN
2004,4704.13,3331.65,0,0,0.0000
2005,4192.24,3210.27,2,8,4.0000
2006,4991.78,3357.90,NaN,NaN,NaN
2007,5219.06,3529.20,2,2,0.0000
2008,4749.43,3560.75,NaN,NaN,NaN
2009,5167.58,3904.72,3,3,0.0000
2010,4765.48,3847.28,2,5,2.5000
2011,4982.33,3655.76,NaN,NaN,NaN
2012,4838.99,3915.77,2,3,0.0000
2013,4767.63,3306.68,NaN,NaN,NaN
2014,5053.34,3609.21,NaN,NaN,NaN
2015,4857.01,3524.28,NaN,NaN,NaN
2016,5066.27,3527.65,2,4,2.0000
2017,5115.53,3413.55,2,2,0.0000
2018,5001.06,3213.10,0,0,0.0000
2019,4737.54,3461.77,0,0,0.0000
2020,4832.65,3423.43,NaN,NaN,NaN
2021,5039.60,3459.49,4,9,2.2500
2022,5279.23,3303.78,2,4,2.0000
2023,5282.00,3789.85,NaN,NaN,NaN
2024,4768.28,3390.72,0,0,0.0000
2025,4925.51,3552.00,NaN,NaN,NaN
2026,5214.40,3252.42,5,8,0.0000
2027,4946.42,3735.06,0,0,0.0000
2028,4830.77,3287.40,NaN,NaN,NaN
2029,4820.90,3208.14,2,2,0.0000
2030,4883.21,3754.42,NaN,NaN,NaN
2031,4866.10,3609.26,2,6,3.0000
2032,5282.43,3669.55,NaN,NaN,NaN
2033,5144.39,3676.44,2,4,2.0000
2034,5178.09,3312.18,0,0,0.0000
2035,4992.39,3840.80,0,0,0.0000
2036,5068.95,3892.74,NaN,NaN,NaN
2037,5328.28,3604.50,NaN,NaN,NaN
2038,5196.26,3772.30,3,4,0.0000
2039,5198.45,3636.32,NaN,NaN,NaN
2040,5238.29,3866.97,NaN,NaN,NaN
2041,5351.16,3848.89,0,0,0.0000
2042,5218.17,3705.21,NaN,NaN,NaN
2043,5332.02,3747.92,0,0,0.0000
2044,5124.62,3515.73,NaN,NaN,NaN
2045,4812.17,3682.95,NaN,NaN,NaN
2046,4932.45,3264.13,NaN,NaN,NaN
2047,5391.70,3595.77,NaN,NaN,NaN
2048,4872.56,3338.82,0,0,0.0000
2049,5256.31,3748.44,3,7,2.3333
2050,5350.85,3674.30,0,0,0.0000
2051,5199.50,3409.99,3,3,0.0000
2052,5249.24,3916.56,NaN,NaN,NaN
2053,5115.23,3276.06,0,0,0.0000
2054,5266.19,3398.55,NaN,NaN,NaN
2055,5159.94,3242.39,0,0,0.0000
2056,4969.76,3498.07,2,5,2.5000
2057,5082.47,3221.15,0,0,0.0000
2058,4873.72,3240.40,2,8,4.0000
2059,5166.32,3714.39,NaN,NaN,NaN
2060,5215.09,3463.84,NaN,NaN,NaN
2061,5030.93,3799.52,0,0,0.0000
2062,4912.11,3636.76,NaN,NaN,NaN
2063,4859.06,3708.99,2,3,0.0000
2064,4932.08,3965.05,0,0,0.0000
2065,4916.30,3489.90,NaN,NaN,NaN
2066,5013.93,3927.95,NaN,NaN,NaN
2067,5209.19,3822.03,0,0,0.0000
2068,5057.81,3825.65,NaN,NaN,NaN
2069,4939.80,3921.44,0,0,0.0000
2070,163.33,4381.76,0,0,0.0000
2071,238.78,4569.14,2,3,0.0000
2072,394.34,4720.80,NaN,NaN,NaN
2073,214.03,4191.66,NaN,NaN,NaN
2074,350.02,4525.00,2,6,3.0000
2075,165.35,4502.39,3,5,0.0000
2076,151.78,4227.88,NaN,NaN,NaN
2077,293.76,4528.66,NaN,NaN,NaN
2078,207.35,4638.93,NaN,NaN,NaN
2079,226.32,4480.37,NaN,NaN,NaN
2080,48.79,4295.12,NaN,NaN,NaN
2081,153.85,4072.18,0,0,0.0000
2082,291.78,4459.01,2,4,2.0000
2083,68.54,4200.14,2,3,0.0000
2084,66.75,4369.41,0,0,0.0000
2085,287.16,4705.30,NaN,NaN,NaN
2086,124.72,4111.28,0,0,0.0000
2087,127.89,4578.36,0,0,0.0000
2088,68.39,4526.74,NaN,NaN,NaN
2089,252.19,4649.40,NaN,NaN,NaN
2090,137.47,4644.41,NaN,NaN,NaN
2091,249.57,4413.49,NaN,NaN,NaN
2092,339.95,4671.17,0,0,0.0000
2093,65.19,4571.18,NaN,NaN,NaN
2094,113.17,4687.20,NaN,NaN,NaN
2095,75.75,4669.84,NaN,NaN,NaN
2096,13.54,4150.31,2,2,0.0000
2097,10.12,4342.73,NaN,NaN,NaN
2098,16.34,4658.82,NaN,NaN,NaN
2099,1582.69,4601.68,NaN,NaN,NaN
2100,1632.12,4479.65,NaN,NaN,NaN
2101,1192.86,4128.85,NaN,NaN,NaN
2102,1503.78,4370.99,NaN,NaN,NaN
2103,1120.51,4451.62,NaN,NaN,NaN
2104,958.62,4043.27,NaN,NaN,NaN
2105,1276.37,3969.41,NaN,NaN,NaN
2106,1261.37,4068.49,NaN,NaN,NaN
2107,1298.90,4714.06,2,7,3.5000
2108,997.40,4190.34,2,3,0.0000
2109,1245.92,4403.49,3,6,2.0000
2110,1054.02,4058.68,NaN,NaN,NaN
2111,1394.57,4055.07,NaN,NaN,NaN
2112,1412.77,4573.48,NaN,NaN,NaN
2113,1107.91,4241.88,0,0,0.0000
2114,1428.52,4170.51,NaN,NaN,NaN
2115,1048.70,4299.08,NaN,NaN,NaN
2116,1112.84,4136.96,NaN,NaN,NaN
2117,1195.83,4651.83,NaN,NaN,NaN
2118,1463.57,4521.48,2,4,2.0000
2119,1638.03,4277.40,NaN,NaN,NaN
2120,1314.38,4184.77,0,0,0.0000
2121,1227.83,4551.08,0,0,0.0000
2122,1260.04,4622.81,4,6,0.0000
2123,1033.10,4366.89,0,0,0.0000
2124,1574.65,4343.98,NaN,NaN,NaN
2125,1126.92,4339.02,0,0,0.0000
2126,1349.67,4462.29,NaN,NaN,NaN
2127,1383.95,4341.45,NaN,NaN,NaN
2128,1201.32,4472.76,0,0,0.0000
2129,1503.82,4014.60,0,0,0.0000
2130,1423.25,4346.63,NaN,NaN,NaN
2131,1314.73,4548.88,NaN,NaN,NaN
2132,1367.55,4562.26,2,4,2.0000
2133,1481.32,4119.88,NaN,NaN,NaN
2134,1523.87,4705.46,NaN,NaN,NaN
2135,1394.25,4673.06,NaN,NaN,NaN
2136,1317.07,4628.50,NaN,NaN,NaN
2137,1107.70,4559.24,0,0,0.0000
2138,1179.38,4345.67,NaN,NaN,NaN
2139,915.47,4070.10,NaN,NaN,NaN
2140,1056.07,4200.59,2,4,2.0000
2141,1342.00,4361.44,NaN,NaN,NaN
2142,1527.83,4246.07,0,0,0.0000
2143,1266.19,4201.31,0,0,0.0000
2144,1239.57,4310.60,NaN,NaN,NaN
2145,1635.03,4732.72,3,3,0.0000
2146,1491.39,4622.79,2,7,3.5000
2147,990.09,4305.57,NaN,NaN,NaN
2148,1573.66,4723.50,0,0,0.0000
2149,1050.62,4673.91,NaN,NaN,NaN
2150,1274.11,4487.05,0,0,0.0000
2151,1328.59,4404.94,NaN,NaN,NaN
2152,1167.18,4576.43,NaN,NaN,NaN
2153,1471.11,4221.94,NaN,NaN,NaN
2154,1504.95,4466.36,0,0,0.0000
2155,1065.97,4592.91,NaN,NaN,NaN
2156,1369.11,4186.33,0,0,0.0000
2157,1294.59,4308.91,0,0,0.0000
2158,1030.32,4123.37,NaN,NaN,NaN
2159,1144.44,4696.39,NaN,NaN,NaN
2160,1416.40,4269.29,0,0,0.0000
2161,1139.08,4625.60,NaN,NaN,NaN
2162,1148.32,4191.03,0,0,0.0000
2163,929.61,4145.44,3,6,2.0000
2164,1371.42,4105.74,0,0,0.0000
2165,1579.96,4238.03,0,0,0.0000
2166,1185.60,4521.91,0,0,0.0000
2167,1714.53,4728.57,NaN,NaN,NaN
2168,1742.96,4432.27,NaN,NaN,NaN
2169,1716.74,4490.40,NaN,NaN,NaN
2170,1684.92,4666.34,NaN,NaN,NaN
2171,1763.90,4541.33,2,3,0.0000
2172,1752.92,4724.76,0,0,0.0000
2173,2738.97,3997.05,NaN,NaN,NaN
2174,2834.82,4260.19,NaN,NaN,NaN
2175,2745.65,4114.67,NaN,NaN,NaN
2176,2988.33,4406.74,0,0,0.0000
2177,2837.31,4356.32,2,4,2.0000
2178,3123.12,4344.56,NaN,NaN,NaN
2179,3115.09,4127.72,0,0,0.0000
2180,2796.59,4096.00,0,0,0.0000
2181,2954.12,4145.36,2,2,0.0000
2182,2750.32,4222.22,2,2,0.0000
2183,3023.94,4190.51,NaN,NaN,NaN
2184,2930.38,4295.94,NaN,NaN,NaN
2185,2848.99,3984.47,3,5,0.0000
2186,3047.96,4235.60,NaN,NaN,NaN
2187,2953.06,4083.69,0,0,0.0000
2188,3184.51,4524.65,2,0,0.0000
2189,3034.11,4087.94,NaN,NaN,NaN
2190,2914.87,4026.40,NaN,NaN,NaN
2191,2783.64,4377.51,2,4,2.0000
2192,2849.38,4116.72,0,0,0.0000
2193,2700.55,4148.37,0,0,0.0000
2194,3157.54,4636.00,0,0,0.0000
2195,2972.40,4213.60,NaN,NaN,NaN
2196,2875.82,4205.43,NaN,NaN,NaN
2197,2666.79,4033.01,0,0,0.0000
2198,3036.30,4335.52,2,3,0.0000
2199,3085.59,4290.94,NaN,NaN,NaN
2200,3120.40,4439.13,2,3,0.0000
2201,2959.26,4264.24,0,0,0.0000
2202,3136.70,4275.01,NaN,NaN,NaN
2203,3016.99,4280.73,NaN,NaN,NaN
2204,2958.63,4012.82,2,1,0.0000
2205,3165.50,4420.34,0,0,0.0000
2206,2816.92,3998.48,4,8,2.0000
2207,3099.09,4236.25,NaN,NaN,NaN
2208,2820.00,4162.42,2,2,0.0000
2209,2881.74,4163.91,0,0,0.0000
2210,2832.84,4450.54,NaN,NaN,NaN
2211,3021.01,4530.79,0,0,0.0000
2212,2785.82,3991.38,0,0,0.0000
2213,2876.06,4064.02,NaN,NaN,NaN
2214,2843.75,4043.36,0,0,0.0000
2215,3218.68,4590.81,2,8,4.0000
2216,3826.50,4713.27,0,0,0.0000
2217,3945.75,4685.59,NaN,NaN,NaN
2218,4643.88,4552.46,2,5,2.5000
2219,4667.35,4310.98,NaN,NaN,NaN
2220,4523.68,4160.81,2,5,2.5000
2221,4241.56,4253.42,2,4,2.0000
2222,4492.67,4660.11,0,0,0.0000
2223,4477.94,4048.73,NaN,NaN,NaN
2224,4597.99,4424.43,NaN,NaN,NaN
2225,4501.80,4507.76,NaN,NaN,NaN
2226,4326.10,4207.13,2,5,2.5000
2227,4242.46,4616.71,NaN,NaN,NaN
2228,4399.43,4251.68,3,6,2.0000
2229,4691.65,4448.72,3,5,0.0000
2230,4183.45,4595.96,3,8,2.6667
2231,4110.39,4660.54,0,0,0.0000
2232,4531.46,4335.82,2,5,2.5000
2233,4689.65,4195.42,NaN,NaN,NaN
2234,4421.48,4122.38,2,3,0.0000
2235,4382.02,4028.91,NaN,NaN,NaN
2236,4675.22,3981.19,2,4,2.0000
2237,4578.12,4273.65,NaN,NaN,NaN
2238,4198.93,4720.82,0,0,0.0000
2239,4604.92,4660.89,0,0,0.0000
2240,4468.27,4228.82,NaN,NaN,NaN
2241,4292.08,4450.42,0,0,0.0000
2242,4625.03,4154.88,NaN,NaN,NaN
2243,4619.28,4050.86,NaN,NaN,NaN
2244,4455.74,4402.87,0,0,0.0000
2245,4686.34,4705.57,NaN,NaN,NaN
2246,4716.32,4108.87,NaN,NaN,NaN
2247,4433.50,4574.73,3,4,0.0000
2248,4398.74,4321.30,NaN,NaN,NaN
2249,4554.19,4671.61,0,0,0.0000
2250,4242.37,4706.48,0,0,0.0000
2251,4257.41,4395.19,NaN,NaN,NaN
2252,4359.77,4568.73,NaN,NaN,NaN
2253,4302.62,4035.96,0,0,0.0000
2254,4025.54,4707.81,0,0,0.0000
2255,4547.73,4580.66,NaN,NaN,NaN
2256,4292.66,4349.57,NaN,NaN,NaN
2257,4464.12,4325.80,NaN,NaN,NaN
2258,3985.07,4732.04,0,0,0.0000
2259,4363.01,4088.74,NaN,NaN,NaN
2260,4514.61,4255.90,4,5,0.0000
2261,4259.83,4001.33,NaN,NaN,NaN
2262,4588.86,4206.31,0,0,0.0000
2263,4735.04,4414.59,0,0,0.0000
2264,4305.45,4665.65,0,0,0.0000
2265,5239.94,4502.20,3,4,0.0000
2266,4802.32,4423.05,NaN,NaN,NaN
2267,4941.86,4513.82,NaN,NaN,NaN
2268,5344.18,4395.67,2,9,4.5000
2269,4934.21,4288.95,NaN,NaN,NaN
2270,4830.64,4161.61,2,5,2.5000
2271,5450.40,4696.95,NaN,NaN,NaN
2272,5078.58,3981.52,NaN,NaN,NaN
2273,4910.34,4403.08,NaN,NaN,NaN
2274,5033.84,4072.67,NaN,NaN,NaN
2275,5151.03,4423.70,NaN,NaN,NaN
2276,5149.90,4062.30,NaN,NaN,NaN
2277,4762.33,4133.96,2,3,0.0000
2278,5302.77,4054.76,3,6,2.0000
2279,5033.15,4415.90,2,3,0.0000
2280,4781.06,4543.19,NaN,NaN,NaN
2281,5133.04,4256.61,NaN,NaN,NaN
2282,5013.82,4640.00,NaN,NaN,NaN
2283,5196.12,4338.55,2,5,2.5000
2284,4820.96,4013.96,2,5,2.5000
2285,5161.17,4168.85,NaN,NaN,NaN
2286,5113.58,4522.59,NaN,NaN,NaN
2287,4899.72,4655.28,NaN,NaN,NaN
2288,5151.89,4617.00,NaN,NaN,NaN
2289,5471.05,4611.42,NaN,NaN,NaN
2290,4736.95,4692.71,2,3,0.0000
2291,4952.05,4156.31,3,9,3.0000
2292,5294.26,4623.23,NaN,NaN,NaN
2293,4786.35,4286.06,NaN,NaN,NaN
2294,5083.99,4593.26,NaN,NaN,NaN
2295,5042.78,4147.24,2,7,3.5000
2296,4850.50,4734.89,NaN,NaN,NaN
2297,4953.38,4698.98,0,0,0.0000
2298,5028.51,4536.28,NaN,NaN,NaN
2299,4871.06,4575.84,0,0,0.0000
2300,5206.35,4664.61,0,0,0.0000
2301,5315.03,4531.31,NaN,NaN,NaN
2302,4901.75,4187.36,NaN,NaN,NaN
2303,5375.85,4513.05,0,0,0.0000
2304,5500.65,4409.63,0,0,0.0000
2305,5270.58,4686.40,NaN,NaN,NaN
2306,5339.28,4239.16,3,5,0.0000
2307,5202.60,4017.82,0,0,0.0000
2308,4897.47,4110.72,NaN,NaN,NaN
2309,5314.11,4310.14,0,0,0.0000
2310,4754.94,4623.17,NaN,NaN,NaN
2311,4973.40,3978.40,0,0,0.0000
2312,5093.24,4672.02,NaN,NaN,NaN
2313,4870.87,4071.63,NaN,NaN,NaN
2314,5266.19,4270.05,0,0,0.0000
2315,5012.24,4480.75,NaN,NaN,NaN
2316,4949.73,4034.81,NaN,NaN,NaN
2317,4805.44,4232.33,3,3,0.0000
2318,5222.64,4259.46,NaN,NaN,NaN
2319,4982.17,4361.95,0,0,0.0000
2320,4944.50,4079.15,NaN,NaN,NaN
2321,5008.17,4584.40,0,0,0.0000
2322,4872.89,4271.72,NaN,NaN,NaN
2323,5097.85,4142.65,0,0,0.0000
2324,4824.39,4646.04,NaN,NaN,NaN
2325,5572.41,4327.72,0,0,0.0000
2326,5562.90,4412.88,0,0,0.0000
2327,5939.74,4710.84,2,2,0.0000
2328,5546.60,4494.83,NaN,NaN,NaN
2329,5529.03,4603.97,0,0,0.0000
2330,5619.68,4357.15,0,0,0.0000
2331,660.30,5473.65,NaN,NaN,NaN
2332,196.15,5186.71,NaN,NaN,NaN
2333,810.69,5420.21,NaN,NaN,NaN
2334,414.06,5322.59,0,0,0.0000
2335,702.45,5336.67,NaN,NaN,NaN
2336,266.82,5054.81,NaN,NaN,NaN
2337,240.40,4850.56,NaN,NaN,NaN
2338,698.60,5222.49,NaN,NaN,NaN
2339,109.30,5327.81,NaN,NaN,NaN
2340,512.30,5325.57,NaN,NaN,NaN
2341,78.71,4875.17,NaN,NaN,NaN
2342,454.88,4827.64,0,0,0.0000
2343,275.33,5480.52,NaN,NaN,NaN
2344,384.80,5087.47,NaN,NaN,NaN
2345,439.63,5232.76,4,4,0.0000
2346,211.60,5350.21,2,4,2.0000
2347,191.26,5000.97,4,5,0.0000
2348,65.57,5237.57,NaN,NaN,NaN
2349,300.70,5129.13,NaN,NaN,NaN
2350,313.43,4951.25,0,0,0.0000
2351,380.54,5159.59,0,0,0.0000
2352,466.12,5151.45,NaN,NaN,NaN
2353,59.17,4955.39,NaN,NaN,NaN
2354,135.79,4960.48,0,0,0.0000
2355,368.05,4803.25,2,5,2.5000
2356,206.12,5464.29,3,5,0.0000
2357,104.06,5039.45,0,0,0.0000
2358,351.39,4879.42,NaN,NaN,NaN
2359,607.01,5279.16,NaN,NaN,NaN
2360,458.59,5407.92,0,0,0.0000
2361,241.97,5419.02,NaN,NaN,NaN
2362,432.07,5042.94,0,0,0.0000
2363,811.66,5307.93,NaN,NaN,NaN
2364,322.32,4745.70,NaN,NaN,NaN
2365,324.00,5402.06,0,0,0.0000
2366,31.92,5424.58,3,3,0.0000
2367,816.85,5155.41,2,4,2.0000
2368,213.84,4737.49,0,0,0.0000
2369,46.86,5132.79,NaN,NaN,NaN
2370,150.50,4738.61,NaN,NaN,NaN
2371,383.85,5442.38,NaN,NaN,NaN
2372,724.60,5274.49,3,6,2.0000
2373,411.54,4900.79,NaN,NaN,NaN
2374,848.57,5240.45,NaN,NaN,NaN
2375,152.29,5281.22,NaN,NaN,NaN
2376,365.66,4961.47,NaN,NaN,NaN
2377,59.23,5366.37,NaN,NaN,NaN
2378,277.73,4787.11,NaN,NaN,NaN
2379,307.79,5193.48,0,0,0.0000
2380,445.64,4998.90,0,0,0.0000
2381,310.61,4846.42,0,0,0.0000
2382,11.01,5349.68,0,0,0.0000
2383,594.16,5500.01,NaN,NaN,NaN
2384,213.48,4951.33,0,0,0.0000
2385,144.79,5459.60,NaN,NaN,NaN
2386,8.20,4868.60,NaN,NaN,NaN
2387,272.90,5308.17,NaN,NaN,NaN
2388,330.23,5337.07,NaN,NaN,NaN
2389,588.29,5495.33,NaN,NaN,NaN
2390,357.58,5026.20,0,0,0.0000
2391,472.74,5469.15,0,0,0.0000
2392,870.06,5291.87,NaN,NaN,NaN
2393,161.23,4818.11,NaN,NaN,NaN
2394,6.40,5490.97,0,0,0.0000
2395,1444.13,5496.14,0,0,0.0000
2396,1330.15,5289.64,NaN,NaN,NaN
2397,1169.92,5183.32,0,0,0.0000
2398,1198.03,4756.22,NaN,NaN,NaN
2399,1368.05,5017.80,2,5,2.5000
2400,918.01,5381.63,3,6,2.0000
2401,1015.03,5112.18,NaN,NaN,NaN
2402,1105.84,5053.73,0,0,0.0000
2403,1386.04,5393.23,3,3,0.0000
2404,1382.89,5176.44,NaN,NaN,NaN
2405,1092.39,5405.23,0,0,0.0000
2406,918.37,5175.79,2,2,0.0000
2407,1563.77,5308.59,NaN,NaN,NaN
2408,1068.64,5205.64,0,0,0.0000
2409,993.88,5243.87,NaN,NaN,NaN
2410,1081.98,4913.18,0,0,0.0000
2411,1162.47,4981.51,NaN,NaN,NaN
2412,1213.39,4871.80,0,0,0.0000
2413,1263.17,5252.82,3,7,2.3333
2414,1186.73,5306.54,NaN,NaN,NaN
2415,1136.19,4844.39,0,0,0.0000
2416,1048.01,4819.15,2,10,5.0000
2417,1071.02,5314.80,0,0,0.0000
2418,1392.55,4889.79,NaN,NaN,NaN
2419,1541.79,5484.90,0,0,0.0000
2420,1614.22,4865.04,NaN,NaN,NaN
2421,1478.78,5333.43,NaN,NaN,NaN
2422,1651.50,5059.48,0,0,0.0000
2423,1209.83,5489.12,NaN,NaN,NaN
2424,1281.06,4787.82,3,5,0.0000
2425,1276.59,4926.12,0,0,0.0000
2426,1356.43,5472.83,0,0,0.0000
2427,1254.58,5129.46,0,0,0.0000
2428,1512.59,5391.13,4,4,0.0000
2429,1569.41,5395.66,NaN,NaN,NaN
2430,1433.38,5086.38,NaN,NaN,NaN
2431,908.24,5272.75,2,3,0.0000
2432,1450.23,5163.72,NaN,NaN,NaN
2433,1064.35,4762.19,NaN,NaN,NaN
2434,1298.95,5440.73,0,0,0.0000
2435,1590.87,5491.98,NaN,NaN,NaN
2436,1026.76,5020.97,0,0,0.0000
2437,966.93,5013.00,0,0,0.0000
2438,1421.01,5248.60,0,0,0.0000
2439,1288.57,5007.31,0,0,0.0000
2440,919.93,5012.81,0,0,0.0000
2441,1086.93,5471.98,0,0,0.0000
2442,1458.45,4928.57,0,0,0.0000
2443,1310.97,4956.27,0,0,0.0000
2444,1370.21,4791.89,NaN,NaN,NaN
2445,1255.75,5031.64,0,0,0.0000
2446,1037.27,4955.88,0,0,0.0000
2447,1640.46,4937.24,NaN,NaN,NaN
2448,1349.13,5143.91,2,3,0.0000
2449,1268.53,4861.72,NaN,NaN,NaN
2450,1193.79,5055.82,0,0,0.0000
2451,959.44,5300.56,0,0,0.0000
2452,1166.29,4835.30,0,0,0.0000
2453,1174.62,4912.71,0,0,0.0000
2454,1719.74,5007.99,NaN,NaN,NaN
2455,1729.17,5078.83,NaN,NaN,NaN
2456,1758.70,4957.50,NaN,NaN,NaN
2457,1771.79,4794.47,NaN,NaN,NaN
2458,1681.45,4794.27,NaN,NaN,NaN
2459,1770.34,4866.80,0,0,0.0000
2460,1674.42,4884.38,NaN,NaN,NaN
2461,1719.98,4797.91,0,0,0.0000
2462,1702.02,4932.06,0,0,0.0000
2463,2994.76,5476.65,NaN,NaN,NaN
2464,3288.62,5216.85,NaN,NaN,NaN
2465,3743.72,4983.82,0,0,0.0000
2466,3754.76,4865.61,2,3,0.0000
2467,3878.73,4867.47,NaN,NaN,NaN
2468,3833.64,4811.33,0,0,0.0000
2469,3348.57,5327.58,NaN,NaN,NaN
2470,3741.56,4805.08,0,0,0.0000
2471,3680.63,4793.90,NaN,NaN,NaN
2472,3260.49,5493.41,NaN,NaN,NaN
2473,3674.95,4946.91,NaN,NaN,NaN
2474,3799.74,4921.16,2,3,0.0000
2475,3813.06,4993.83,4,4,0.0000
2476,3814.67,4745.85,0,0,0.0000
2477,3200.53,4758.36,NaN,NaN,NaN
2478,3360.69,5201.83,NaN,NaN,NaN
2479,4628.14,4786.88,3,7,2.3333
2480,4558.05,4914.09,2,2,0.0000
2481,4354.23,4888.15,NaN,NaN,NaN
2482,4642.31,5019.30,NaN,NaN,NaN
2483,4128.83,4812.87,NaN,NaN,NaN
2484,4533.55,5273.12,2,3,0.0000
2485,4503.29,4838.61,3,9,3.0000
2486,4443.97,4954.85,0,0,0.0000
2487,4398.44,5417.64,NaN,NaN,NaN
2488,4284.43,5351.29,2,2,0.0000
2489,4037.87,4808.83,0,0,0.0000
2490,4374.87,5319.90,0,0,0.0000
2491,3982.76,4791.85,0,0,0.0000
2492,4493.60,5464.64,NaN,NaN,NaN
2493,4441.82,5463.54,NaN,NaN,NaN
2494,4477.56,5235.77,0,0,0.0000
2495,4282.75,4831.28,0,0,0.0000
2496,4423.84,5281.10,0,0,0.0000
2497,4255.69,4898.72,3,2,0.0000
2498,4294.51,4751.70,0,0,0.0000
2499,4690.09,4987.07,2,2,0.0000
2500,4287.04,4951.10,NaN,NaN,NaN
2501,4418.16,4838.19,NaN,NaN,NaN
2502,4202.04,4805.44,0,0,0.0000
2503,4679.88,4894.21,0,0,0.0000
2504,4465.84,5312.00,0,0,0.0000
2505,4442.78,5379.01,0,0,0.0000
2506,4241.98,4820.59,0,0,0.0000
2507,4505.54,5370.97,NaN,NaN,NaN
2508,4258.47,4774.30,0,0,0.0000
2509,4425.95,5228.91,0,0,0.0000
2510,4287.12,5418.22,NaN,NaN,NaN
2511,5119.23,4785.51,2,2,0.0000
2512,5295.29,4752.15,2,4,2.0000
2513,5473.23,5139.15,NaN,NaN,NaN
2514,5241.97,4828.27,NaN,NaN,NaN
2515,5354.08,4930.14,NaN,NaN,NaN
2516,5122.31,4909.91,3,0,0.0000
2517,4793.91,5000.93,NaN,NaN,NaN
2518,5421.84,4845.24,0,0,0.0000
2519,5340.47,4805.12,NaN,NaN,NaN
2520,5268.40,4910.57,NaN,NaN,NaN
2521,4793.22,4741.25,NaN,NaN,NaN
2522,4913.09,4778.63,0,0,0.0000
2523,5015.18,4967.23,NaN,NaN,NaN
2524,5301.11,5057.90,NaN,NaN,NaN
2525,4895.99,4930.11,NaN,NaN,NaN
2526,4792.96,4841.80,3,4,0.0000
2527,5019.07,4889.07,NaN,NaN,NaN
2528,4963.27,4909.18,2,3,0.0000
2529,5235.85,4986.29,0,0,0.0000
2530,5428.96,4921.07,NaN,NaN,NaN
2531,5235.52,4874.22,3,6,2.0000
2532,5077.17,4970.32,0,0,0.0000
2533,5058.88,4935.57,NaN,NaN,NaN
2534,5375.24,5055.47,NaN,NaN,NaN
2535,5344.94,5096.88,NaN,NaN,NaN
2536,5178.67,4868.55,NaN,NaN,NaN
2537,4905.00,4864.42,0,0,0.0000
2538,5054.82,5034.22,0,0,0.0000
2539,5336.93,5026.93,2,5,2.5000
2540,4742.51,4932.43,NaN,NaN,NaN
2541,5144.38,4964.69,NaN,NaN,NaN
2542,5222.81,5088.52,0,0,0.0000
2543,5866.01,5191.33,4,4,0.0000
2544,5809.85,5463.77,NaN,NaN,NaN
2545,5615.07,4916.72,NaN,NaN,NaN
2546,6057.94,4985.64,NaN,NaN,NaN
2547,5975.00,5355.68,NaN,NaN,NaN
2548,5880.00,5436.78,0,0,0.0000
2549,6138.69,5180.20,NaN,NaN,NaN
2550,6179.06,5295.12,NaN,NaN,NaN
2551,6193.27,4901.82,NaN,NaN,NaN
2552,6227.22,5364.70,2,7,3.5000
2553,5698.16,5307.01,0,0,0.0000
2554,6062.45,5216.81,3,4,0.0000
2555,5571.91,5173.48,NaN,NaN,NaN
2556,6262.08,5036.35,0,0,0.0000
2557,6114.69,5084.26,2,5,2.5000
2558,6103.14,4841.99,NaN,NaN,NaN
2559,5788.14,5284.49,NaN,NaN,NaN
2560,6208.12,5192.56,NaN,NaN,NaN
2561,5981.73,5438.12,0,0,0.0000
2562,6010.73,5093.59,NaN,NaN,NaN
2563,5672.63,5027.85,NaN,NaN,NaN
2564,6116.29,5469.11,NaN,NaN,NaN
2565,5714.78,5136.20,NaN,NaN,NaN
2566,6248.95,5097.36,NaN,NaN,NaN
2567,6183.13,5057.16,0,0,0.0000
2568,5781.49,4831.66,NaN,NaN,NaN
2569,5793.96,5120.00,NaN,NaN,NaN
2570,5803.43,5045.35,0,0,0.0000
2571,5949.77,5271.11,2,4,2.0000
2572,6094.34,5377.42,0,0,0.0000
2573,5774.65,4947.14,NaN,NaN,NaN
2574,6078.48,5040.21,0,0,0.0000
2575,6162.96,4792.07,2,3,0.0000
2576,6262.90,5243.74,NaN,NaN,NaN
2577,5685.54,5205.50,2,4,2.0000
2578,6087.17,4903.69,NaN,NaN,NaN
2579,5832.45,4868.66,NaN,NaN,NaN
2580,5903.08,5066.89,3,5,0.0000
2581,6000.70,5198.22,0,0,0.0000
2582,5919.06,4956.93,0,0,0.0000
2583,5719.03,4903.16,NaN,NaN,NaN
2584,5641.90,5120.64,2,3,0.0000
2585,5746.82,4997.71,NaN,NaN,NaN
2586,5735.16,5051.57,NaN,NaN,NaN
2587,5544.74,5105.14,0,0,0.0000
2588,6093.11,5283.02,NaN,NaN,NaN
2589,5759.72,5357.54,NaN,NaN,NaN
2590,5613.40,5500.83,0,0,0.0000
2591,6239.81,5454.44,NaN,NaN,NaN
2592,5962.14,5032.13,0,0,0.0000
2593,6244.29,4846.87,2,4,2.0000
2594,5842.13,4995.33,NaN,NaN,NaN
2595,5950.20,5108.62,2,3,0.0000
2596,6019.22,4782.61,NaN,NaN,NaN
2597,6262.69,4927.57,0,0,0.0000
2598,5512.90,5214.06,3,5,0.0000
2599,5863.06,4903.79,NaN,NaN,NaN
2600,5600.45,5067.51,3,5,0.0000
2601,5705.17,4793.34,0,0,0.0000
2602,6116.35,4738.33,0,0,0.0000
2603,5804.79,4772.65,0,0,0.0000
2604,6031.84,4740.50,NaN,NaN,NaN
2605,5548.27,5057.49,NaN,NaN,NaN
2606,6153.20,5357.70,NaN,NaN,NaN
2607,5856.49,5109.49,0,0,0.0000
2608,5937.22,4902.52,NaN,NaN,NaN
2609,5954.23,4827.83,0,0,0.0000
2610,6083.86,4789.31,0,0,0.0000
2611,6156.80,5432.48,NaN,NaN,NaN
2612,5619.32,5024.75,NaN,NaN,NaN
2613,5980.81,4737.34,NaN,NaN,NaN
2614,5924.49,4862.25,NaN,NaN,NaN
2615,5886.56,4838.46,0,0,0.0000
2616,6225.90,4799.35,NaN,NaN,NaN
2617,5635.96,5180.16,2,6,3.0000
2618,6186.42,4990.49,0,0,0.0000
2619,6203.65,5416.07,NaN,NaN,NaN
2620,5955.98,5157.38,0,0,0.0000
2621,6024.38,5276.43,0,0,0.0000
2622,6928.34,5401.86,0,0,0.0000
2623,6497.05,5341.63,0,0,0.0000
2624,6719.35,4865.60,NaN,NaN,NaN
2625,6491.15,4976.94,0,0,0.0000
2626,6897.84,5300.04,3,5,0.0000
2627,6527.23,5190.37,NaN,NaN,NaN
2628,6332.50,4910.32,0,0,0.0000
2629,6679.44,5147.99,2,3,0.0000
2630,6411.42,5435.43,NaN,NaN,NaN
2631,6813.55,5426.52,0,0,0.0000
2632,6909.34,5121.00,0,0,0.0000
2633,6355.10,5187.15,0,0,0.0000
2634,7019.20,5160.06,0,0,0.0000
2635,6614.55,4839.77,2,4,2.0000
2636,6425.44,5270.48,NaN,NaN,NaN
2637,6423.44,4877.23,0,0,0.0000
2638,6833.15,5173.49,NaN,NaN,NaN
2639,6291.37,5147.55,0,0,0.0000
2640,6746.41,5471.55,NaN,NaN,NaN
2641,6947.10,4955.28,NaN,NaN,NaN
2642,6371.37,5337.19,2,3,0.0000
2643,6462.03,5058.90,NaN,NaN,NaN
2644,6840.21,4997.81,NaN,NaN,NaN
2645,6871.58,5224.96,2,3,0.0000
2646,6890.31,5039.35,0,0,0.0000
2647,6887.40,5494.45,NaN,NaN,NaN
2648,6737.99,5120.44,2,4,2.0000
2649,6809.95,4895.99,3,5,0.0000
2650,6585.34,5242.68,NaN,NaN,NaN
2651,6712.35,5053.01,NaN,NaN,NaN
2652,6986.00,5037.91,0,0,0.0000
2653,6348.93,5031.77,NaN,NaN,NaN
2654,6803.42,5117.87,0,0,0.0000
2655,6504.82,5435.86,NaN,NaN,NaN
2656,6702.10,4956.98,0,0,0.0000
2657,6317.36,4802.87,NaN,NaN,NaN
2658,6762.57,4986.72,NaN,NaN,NaN
2659,6375.44,4965.62,NaN,NaN,NaN
2660,6651.46,5017.75,NaN,NaN,NaN
2661,6949.41,5198.39,0,0,0.0000
2662,6334.83,5458.30,0,0,0.0000
2663,7026.15,5344.03,NaN,NaN,NaN
2664,6793.05,5057.88,2,1,0.0000
2665,6401.18,5080.58,0,0,0.0000
2666,6284.28,5476.92,NaN,NaN,NaN
2667,6435.39,5194.80,0,0,0.0000
2668,6424.26,5143.01,0,0,0.0000
2669,6508.22,4863.05,0,0,0.0000
2670,6367.89,5101.91,NaN,NaN,NaN
2671,6737.41,4794.89,0,0,0.0000
2672,6576.27,4783.23,0,0,0.0000
2673,6582.99,4906.29,0,0,0.0000
2674,6802.88,5331.55,NaN,NaN,NaN
2675,6525.01,5260.00,NaN,NaN,NaN
2676,6816.02,5496.41,NaN,NaN,NaN
2677,6790.69,4819.97,0,0,0.0000
2678,6965.12,4900.28,NaN,NaN,NaN
2679,6391.92,4824.57,0,0,0.0000
2680,6295.25,5346.77,0,0,0.0000
2681,6652.20,4887.86,NaN,NaN,NaN
2682,6439.02,4788.26,0,0,0.0000
2683,6969.23,5259.39,NaN,NaN,NaN
2684,6626.03,4985.97,0,0,0.0000
2685,6697.25,4766.62,0,0,0.0000
2686,6978.99,5102.65,0,0,0.0000
2687,7017.37,5430.21,NaN,NaN,NaN
2688,6549.25,4951.90,0,0,0.0000
2689,6863.59,4889.26,0,0,0.0000
2690,6328.07,5314.22,NaN,NaN,NaN
2691,6481.54,5132.97,0,0,0.0000
2692,6545.90,4902.25,0,0,0.0000
2693,6597.64,4963.00,NaN,NaN,NaN
2694,6632.02,5079.43,3,2,0.0000
2695,6388.49,4788.06,0,0,0.0000
2696,6840.46,5285.91,2,4,2.0000
2697,6774.95,5261.04,0,0,0.0000
2698,6335.07,5265.96,NaN,NaN,NaN
2699,6784.43,5228.04,0,0,0.0000
2700,6657.11,5415.50,NaN,NaN,NaN
2701,6662.93,5412.88,NaN,NaN,NaN
2702,7102.61,5238.73,NaN,NaN,NaN
2703,7283.76,5163.46,3,3,0.0000
2704,7222.30,5201.18,NaN,NaN,NaN
2705,7044.68,5295.39,NaN,NaN,NaN
2706,7117.18,5335.47,NaN,NaN,NaN
2707,7101.13,5112.82,0,0,0.0000
2708,7216.02,5301.77,NaN,NaN,NaN
2709,7045.36,5048.54,0,0,0.0000
2710,7226.43,5437.08,2,5,2.5000
2711,7161.96,5477.95,NaN,NaN,NaN
2712,7215.18,5500.02,0,0,0.0000
2713,7208.24,5079.79,0,0,0.0000
2714,7061.94,5498.95,NaN,NaN,NaN
2715,7105.95,4800.12,0,0,0.0000
2716,7141.65,5164.35,0,0,0.0000
2717,7143.25,5427.05,0,0,0.0000
2718,7265.46,5370.52,2,4,2.0000
2719,7270.79,5051.15,NaN,NaN,NaN
2720,7185.71,5119.35,0,0,0.0000
2721,7176.48,5193.39,NaN,NaN,NaN
2722,7055.03,5114.81,0,0,0.0000
2723,7262.24,5257.08,NaN,NaN,NaN
2724,7309.05,5220.93,3,6,2.0000
2725,7297.31,5438.20,2,4,2.0000
2726,7318.61,5403.23,NaN,NaN,NaN
2727,7415.79,5347.94,0,0,0.0000
2728,266.98,6215.83,NaN,NaN,NaN
2729,722.77,5686.89,2,4,2.0000
2730,368.60,6052.87,0,0,0.0000
2731,488.25,6082.65,NaN,NaN,NaN
2732,393.93,5526.40,NaN,NaN,NaN
2733,267.84,5637.84,NaN,NaN,NaN
2734,497.31,5647.78,NaN,NaN,NaN
2735,499.28,5768.28,NaN,NaN,NaN
2736,709.83,5934.02,NaN,NaN,NaN
2737,660.04,6042.22,NaN,NaN,NaN
2738,188.10,5802.40,3,4,0.0000
2739,507.57,5839.50,0,0,0.0000
2740,330.91,5773.42,NaN,NaN,NaN
2741,196.17,5530.69,NaN,NaN,NaN
2742,616.81,5922.74,NaN,NaN,NaN
2743,399.62,6180.18,NaN,NaN,NaN
2744,422.25,5719.30,0,0,0.0000
2745,200.69,5952.45,NaN,NaN,NaN
2746,500.67,6257.20,NaN,NaN,NaN
2747,847.12,5696.08,NaN,NaN,NaN
2748,832.78,5603.73,NaN,NaN,NaN
2749,100.38,5876.25,NaN,NaN,NaN
2750,166.11,6179.70,0,0,0.0000
2751,416.02,5887.89,NaN,NaN,NaN
2752,456.45,5951.88,3,6,2.0000
2753,275.90,5967.38,NaN,NaN,NaN
2754,546.40,5884.86,0,0,0.0000
2755,699.34,5851.48,NaN,NaN,NaN
2756,178.15,5612.71,3,5,0.0000
2757,423.86,5617.87,NaN,NaN,NaN
2758,568.07,5690.59,2,3,0.0000
2759,527.42,6156.11,4,7,0.0000
2760,271.87,5838.58,NaN,NaN,NaN
2761,550.62,6085.28,NaN,NaN,NaN
2762,100.40,6243.27,2,4,2.0000
2763,69.41,5508.40,3,1,0.0000
2764,891.63,5799.00,NaN,NaN,NaN
2765,629.44,5984.08,0,0,0.0000
2766,110.14,5572.03,0,0,0.0000
2767,604.34,6118.56,2,6,3.0000
2768,685.47,5752.51,NaN,NaN,NaN
2769,297.80,6117.28,2,6,3.0000
2770,352.24,5939.48,NaN,NaN,NaN
2771,97.82,6115.27,NaN,NaN,NaN
2772,281.79,5552.39,NaN,NaN,NaN
2773,614.66,5803.65,NaN,NaN,NaN
2774,823.94,5528.12,0,0,0.0000
2775,107.13,6181.92,0,0,0.0000
2776,342.70,6151.65,NaN,NaN,NaN
2777,570.07,6191.27,NaN,NaN,NaN
2778,360.50,5688.61,0,0,0.0000
2779,436.74,6232.20,0,0,0.0000
2780,252.57,5759.33,0,0,0.0000
2781,117.25,5927.63,NaN,NaN,NaN
2782,365.24,5602.05,NaN,NaN,NaN
2783,612.55,5630.92,0,0,0.0000
2784,506.41,6204.32,3,2,0.0000
2785,105.10,5766.68,NaN,NaN,NaN
2786,522.38,5987.22,0,0,0.0000
2787,111.31,5980.93,NaN,NaN,NaN
2788,122.91,5730.80,2,7,3.5000
2789,752.48,5788.85,NaN,NaN,NaN
2790,561.49,6265.91,NaN,NaN,NaN
2791,817.70,5883.15,2,8,4.0000
2792,457.52,6030.77,NaN,NaN,NaN
2793,598.17,5753.03,NaN,NaN,NaN
2794,416.23,6108.54,NaN,NaN,NaN
2795,409.74,5805.93,0,0,0.0000
2796,615.46,5852.99,NaN,NaN,NaN
2797,330.98,5865.86,0,0,0.0000
2798,39.68,5745.59,NaN,NaN,NaN
2799,222.68,5894.59,2,4,2.0000
2800,331.06,5574.79,2,5,2.5000
2801,818.74,5753.00,3,5,0.0000
2802,1274.75,5586.35,NaN,NaN,NaN
2803,1008.30,5545.05,NaN,NaN,NaN
2804,1474.73,6003.28,0,0,0.0000
2805,1316.15,6076.87,NaN,NaN,NaN
2806,1567.00,5866.32,NaN,NaN,NaN
2807,1450.11,5731.51,NaN,NaN,NaN
2808,1609.32,5952.44,0,0,0.0000
2809,1402.76,5971.22,3,3,0.0000
2810,1651.27,6106.09,0,0,0.0000
2811,1084.38,5851.97,NaN,NaN,NaN
2812,1573.37,6094.53,NaN,NaN,NaN
2813,1569.71,5605.19,0,0,0.0000
2814,1632.31,6198.20,2,6,3.0000
2815,1378.71,6168.85,0,0,0.0000
2816,1164.32,6114.49,NaN,NaN,NaN
2817,1179.82,5579.23,NaN,NaN,NaN
2818,1161.52,5868.92,0,0,0.0000
2819,901.66,5574.06,2,3,0.0000
2820,1399.60,5621.82,NaN,NaN,NaN
2821,1510.16,5804.89,0,0,0.0000
2822,1456.27,5653.90,NaN,NaN,NaN
2823,1337.63,5685.94,NaN,NaN,NaN
2824,1560.57,5738.05,0,0,0.0000
2825,1357.62,5926.22,2,4,2.0000
2826,1486.19,5890.81,0,0,0.0000
2827,963.32,5736.23,2,5,2.5000
2828,1455.01,6108.57,3,4,0.0000
2829,1492.15,5586.19,0,0,0.0000
2830,1642.14,5807.72,NaN,NaN,NaN
2831,1005.55,5765.60,0,0,0.0000
2832,1571.09,5679.59,0,0,0.0000
2833,1635.60,5564.87,0,0,0.0000
2834,1409.77,5855.52,NaN,NaN,NaN
2835,1210.96,5795.24,2,4,2.0000
2836,1063.25,5992.36,NaN,NaN,NaN
2837,1129.08,5620.65,2,4,2.0000
2838,1226.76,6072.34,0,0,0.0000
2839,1156.72,5781.99,2,4,2.0000
2840,1383.55,5772.79,NaN,NaN,NaN
2841,1300.50,6170.36,NaN,NaN,NaN
2842,1260.84,5682.47,0,0,0.0000
2843,1060.60,5670.43,NaN,NaN,NaN
2844,1528.78,6057.45,0,0,0.0000
2845,1327.86,5515.16,2,4,2.0000
2846,1141.19,5741.49,2,2,0.0000
2847,1450.02,5836.85,0,0,0.0000
2848,1308.74,6223.27,0,0,0.0000
2849,1236.22,5725.13,NaN,NaN,NaN
2850,1177.85,5702.65,2,3,0.0000
2851,1048.47,5926.37,0,0,0.0000
2852,1360.42,6266.54,2,6,3.0000
2853,1006.54,5810.87,3,4,0.0000
2854,1862.93,6237.64,NaN,NaN,NaN
2855,1709.48,6182.87,NaN,NaN,NaN
2856,1743.04,6105.85,NaN,NaN,NaN
2857,1680.56,5604.46,0,0,0.0000
2858,1677.23,5535.58,0,0,0.0000
2859,2998.98,5537.95,NaN,NaN,NaN
2860,3174.45,5827.07,0,0,0.0000
2861,3340.13,5513.78,2,3,0.0000
2862,3288.35,5565.27,NaN,NaN,NaN
2863,3365.84,5736.56,2,4,2.0000
2864,3297.58,5740.82,0,0,0.0000
2865,3231.82,5536.54,0,0,0.0000
2866,3373.81,5681.48,NaN,NaN,NaN
2867,3315.44,5675.61,NaN,NaN,NaN
2868,3320.33,5810.73,NaN,NaN,NaN
2869,3546.09,5773.30,0,0,0.0000
2870,3254.48,5725.13,2,7,3.5000
2871,3339.59,5779.23,NaN,NaN,NaN
2872,3359.44,5622.33,0,0,0.0000
2873,4223.42,5970.25,2,1,0.0000
2874,4388.75,5614.22,NaN,NaN,NaN
2875,4723.78,6246.79,2,2,0.0000
2876,4260.90,6055.32,0,0,0.0000
2877,4320.96,5924.34,0,0,0.0000
2878,4276.08,6256.73,0,0,0.0000
2879,4664.81,6180.52,0,0,0.0000
2880,4419.03,5536.42,NaN,NaN,NaN
2881,4332.73,5642.88,NaN,NaN,NaN
2882,4504.80,5510.96,0,0,0.0000
2883,4447.51,5637.83,NaN,NaN,NaN
2884,4881.11,6249.78,2,1,0.0000
2885,5018.52,6101.22,0,0,0.0000
2886,5158.88,6164.38,0,0,0.0000
2887,5064.09,6207.72,0,0,0.0000
2888,4979.77,6265.90,0,0,0.0000
2889,4991.29,6184.28,NaN,NaN,NaN
2890,4759.01,6174.00,2,9,4.5000
2891,5250.49,6020.48,0,0,0.0000
2892,4897.78,6137.04,NaN,NaN,NaN
2893,5304.56,6249.45,NaN,NaN,NaN
2894,5265.93,6164.61,NaN,NaN,NaN
2895,4906.18,6197.44,3,3,0.0000
2896,5124.07,6128.54,0,0,0.0000
2897,5216.12,6093.31,0,0,0.0000
2898,5736.54,5867.53,NaN,NaN,NaN
2899,6018.77,5554.09,NaN,NaN,NaN
2900,6098.31,5638.35,NaN,NaN,NaN
2901,5965.25,5791.14,NaN,NaN,NaN
2902,6218.10,5891.20,NaN,NaN,NaN
2903,5869.81,5882.28,NaN,NaN,NaN
2904,5906.05,5662.02,0,0,0.0000
2905,6168.25,5748.29,NaN,NaN,NaN
2906,5665.72,5980.09,0,0,0.0000
2907,5525.69,5547.94,NaN,NaN,NaN
2908,6256.13,5705.47,NaN,NaN,NaN
2909,5824.82,5932.08,NaN,NaN,NaN
2910,5741.15,5622.43,NaN,NaN,NaN
2911,5845.16,5806.75,4,3,0.0000
2912,5888.48,5602.29,0,0,0.0000
2913,5620.36,5660.66,0,0,0.0000
2914,5830.12,5686.65,NaN,NaN,NaN
2915,5899.25,5560.12,0,0,0.0000
2916,5876.56,5762.33,0,0,0.0000
2917,5807.48,5595.91,NaN,NaN,NaN
2918,5776.63,5981.70,2,5,2.5000
2919,5730.91,5946.74,NaN,NaN,NaN
2920,6022.33,5673.70,NaN,NaN,NaN
2921,6132.25,5536.47,NaN,NaN,NaN
2922,6212.23,5973.87,2,1,0.0000
2923,6058.27,5792.55,NaN,NaN,NaN
2924,5775.24,5647.90,NaN,NaN,NaN
2925,6107.95,5816.31,NaN,NaN,NaN
2926,6219.78,5517.96,0,0,0.0000
2927,6239.81,5589.54,0,0,0.0000
2928,6149.11,6009.77,0,0,0.0000
2929,6185.35,5807.35,NaN,NaN,NaN
2930,6179.28,5614.24,NaN,NaN,NaN
2931,6087.85,5904.55,0,0,0.0000
2932,5609.73,5983.64,0,0,0.0000
2933,5954.40,6003.27,NaN,NaN,NaN
2934,5652.20,5794.57,0,0,0.0000
2935,5906.83,5722.52,NaN,NaN,NaN
2936,5818.28,6079.15,0,0,0.0000
2937,5872.24,5971.64,NaN,NaN,NaN
2938,6222.07,5650.47,0,0,0.0000
2939,5694.90,5815.27,NaN,NaN,NaN
2940,6168.36,5898.63,0,0,0.0000
2941,6129.60,5974.33,0,0,0.0000
2942,5922.56,6060.15,2,4,2.0000
2943,6631.32,5533.97,2,3,0.0000
2944,7014.16,6122.09,2,6,3.0000
2945,6421.64,5578.76,NaN,NaN,NaN
2946,6330.30,5558.75,2,2,0.0000
2947,6761.50,5983.27,NaN,NaN,NaN
2948,6976.15,5519.96,NaN,NaN,NaN
2949,6906.00,6188.27,NaN,NaN,NaN
2950,6906.59,6092.19,NaN,NaN,NaN
2951,6891.06,5575.48,NaN,NaN,NaN
2952,6693.21,5677.78,2,3,0.0000
2953,6787.45,5901.19,NaN,NaN,NaN
2954,7037.60,5922.54,NaN,NaN,NaN
2955,6781.14,5745.30,0,0,0.0000
2956,6963.88,5689.75,0,0,0.0000
2957,6601.96,5815.09,NaN,NaN,NaN
2958,6828.80,6211.31,NaN,NaN,NaN
2959,6618.61,6004.99,0,0,0.0000
2960,6490.74,5633.92,0,0,0.0000
2961,6688.19,6039.41,0,0,0.0000
2962,6964.77,6001.32,2,5,2.5000
2963,6754.75,6267.20,3,6,2.0000
2964,6655.36,6116.54,0,0,0.0000
2965,6991.14,5590.67,NaN,NaN,NaN
2966,6315.81,5657.08,NaN,NaN,NaN
2967,6541.09,5930.70,NaN,NaN,NaN
2968,6708.57,5851.38,NaN,NaN,NaN
2969,6686.22,6166.77,2,8,4.0000
2970,6881.40,5853.45,3,4,0.0000
2971,6424.46,5675.49,0,0,0.0000
2972,6826.07,6021.58,NaN,NaN,NaN
2973,6973.14,5770.06,2,5,2.5000
2974,6923.83,5923.12,2,8,4.0000
2975,7018.03,5641.88,0,0,0.0000
2976,6491.31,6053.62,NaN,NaN,NaN
2977,6885.04,6035.85,2,2,0.0000
2978,6732.78,6201.77,NaN,NaN,NaN
2979,6528.66,5543.54,NaN,NaN,NaN
2980,6958.43,5850.56,2,3,0.0000
2981,6614.13,5894.90,0,0,0.0000
2982,7031.45,5823.76,0,0,0.0000
2983,6585.74,6101.74,0,0,0.0000
2984,6823.73,5684.24,NaN,NaN,NaN
2985,6569.19,5690.80,0,0,0.0000
2986,6392.99,6044.92,0,0,0.0000
2987,6923.61,5790.74,NaN,NaN,NaN
2988,6456.85,6034.44,NaN,NaN,NaN
2989,6823.15,5820.67,NaN,NaN,NaN
2990,6611.73,5736.28,0,0,0.0000
2991,6652.92,5839.33,NaN,NaN,NaN
2992,6780.03,5645.07,2,4,2.0000
2993,6493.88,5504.50,NaN,NaN,NaN
2994,6673.78,5905.50,2,4,2.0000
2995,6718.58,6109.03,0,0,0.0000
2996,6592.95,6061.35,0,0,0.0000
2997,6524.99,5659.78,0,0,0.0000
2998,6854.21,5939.63,3,8,2.6667
2999,6774.26,5840.36,0,0,0.0000
3000,6429.03,5713.90,0,0,0.0000
3001,7003.24,6250.13,0,0,0.0000
3002,6716.63,5522.39,NaN,NaN,NaN
3003,6585.98,6165.58,NaN,NaN,NaN
3004,7153.28,5853.37,0,0,0.0000
3005,7070.23,5634.70,NaN,NaN,NaN
3006,7188.08,5996.23,0,0,0.0000
3007,7065.49,6257.66,NaN,NaN,NaN
3008,7251.89,5660.87,NaN,NaN,NaN
3009,7135.12,6256.43,NaN,NaN,NaN
3010,7260.76,5807.78,0,0,0.0000
3011,7100.28,6018.67,0,0,0.0000
3012,7172.79,6106.53,NaN,NaN,NaN
3013,7154.15,6174.48,NaN,NaN,NaN
3014,7138.44,5723.13,3,4,0.0000
3015,7046.99,6009.57,NaN,NaN,NaN
3016,7195.48,5574.76,NaN,NaN,NaN
3017,7181.47,5625.10,4,7,0.0000
3018,144.25,6324.72,NaN,NaN,NaN
3019,383.10,6326.92,0,0,0.0000
3020,465.49,6959.73,2,2,0.0000
3021,326.68,6535.77,NaN,NaN,NaN
3022,633.74,6607.06,NaN,NaN,NaN
3023,385.28,6463.50,NaN,NaN,NaN
3024,290.55,6423.81,3,7,2.3333
3025,340.64,6747.87,NaN,NaN,NaN
3026,514.46,6621.09,2,5,2.5000
3027,422.68,6628.50,NaN,NaN,NaN
3028,585.82,6785.66,NaN,NaN,NaN
3029,97.61,6453.92,NaN,NaN,NaN
3030,508.32,6834.71,2,4,2.0000
3031,655.59,6810.34,2,3,0.0000
3032,411.46,6795.27,2,2,0.0000
3033,567.12,6354.01,0,0,0.0000
3034,499.01,6762.33,NaN,NaN,NaN
3035,484.70,6550.28,2,3,0.0000
3036,649.91,6469.10,4,6,0.0000
3037,647.05,6906.63,0,0,0.0000
3038,574.44,6868.40,NaN,NaN,NaN
3039,689.15,6534.72,3,7,2.3333
3040,374.05,7005.25,0,0,0.0000
3041,468.79,6338.31,2,2,0.0000
3042,412.36,6898.11,2,4,2.0000
3043,227.72,6367.20,NaN,NaN,NaN
3044,286.25,6861.72,NaN,NaN,NaN
3045,596.18,6518.93,NaN,NaN,NaN
3046,485.40,6394.23,NaN,NaN,NaN
3047,166.61,6460.05,NaN,NaN,NaN
3048,265.14,7018.68,0,0,0.0000
3049,536.70,6515.61,2,4,2.0000
3050,575.07,6700.05,NaN,NaN,NaN
3051,552.08,6956.35,2,7,3.5000
3052,364.64,6945.61,NaN,NaN,NaN
3053,480.97,6673.63,NaN,NaN,NaN
3054,350.50,6666.87,2,3,0.0000
3055,269.03,6308.63,2,3,0.0000
3056,643.76,6695.91,NaN,NaN,NaN
3057,700.94,6587.25,2,2,0.0000
3058,385.63,6703.61,NaN,NaN,NaN
3059,480.58,6476.75,0,0,0.0000
3060,319.76,7036.13,3,2,0.0000
3061,169.58,6515.32,NaN,NaN,NaN
3062,224.13,6475.27,NaN,NaN,NaN
3063,592.46,6421.12,NaN,NaN,NaN
3064,642.47,6343.35,NaN,NaN,NaN
3065,323.17,6631.99,NaN,NaN,NaN
3066,347.63,6843.55,NaN,NaN,NaN
3067,242.10,6780.04,NaN,NaN,NaN
3068,436.07,6724.65,0,0,0.0000
3069,674.10,6299.04,NaN,NaN,NaN
3070,634.45,6738.45,NaN,NaN,NaN
3071,293.21,6787.94,NaN,NaN,NaN
3072,230.21,6845.00,0,0,0.0000
3073,509.71,6421.86,0,0,0.0000
3074,626.54,6405.63,NaN,NaN,NaN
3075,598.75,6928.78,NaN,NaN,NaN
3076,619.61,6658.34,NaN,NaN,NaN
3077,528.99,6693.23,NaN,NaN,NaN
3078,26.35,6362.07,0,0,0.0000
3079,683.46,6747.71,NaN,NaN,NaN
3080,568.27,6462.94,0,0,0.0000
3081,1246.72,6278.52,NaN,NaN,NaN
3082,1659.88,6773.83,0,0,0.0000
3083,1460.95,6487.75,NaN,NaN,NaN
3084,1492.29,6367.23,NaN,NaN,NaN
3085,1544.64,6753.80,3,4,0.0000
3086,1566.18,6436.72,NaN,NaN,NaN
3087,1388.91,6613.26,3,4,0.0000
3088,1533.96,6655.69,NaN,NaN,NaN
3089,1450.91,6648.65,0,0,0.0000
3090,1338.32,6375.75,3,7,2.3333
3091,1597.86,6670.72,3,6,2.0000
3092,1566.49,6294.52,0,0,0.0000
3093,1456.46,6744.05,2,2,0.0000
3094,1396.20,6499.47,NaN,NaN,NaN
3095,1332.11,6535.19,2,3,0.0000
3096,1652.42,6281.95,0,0,0.0000
3097,1522.81,6821.59,NaN,NaN,NaN
3098,1410.90,6389.41,NaN,NaN,NaN
3099,1557.90,6554.57,NaN,NaN,NaN
3100,1620.58,6354.97,2,5,2.5000
3101,1494.31,6701.13,0,0,0.0000
3102,1407.02,6708.49,NaN,NaN,NaN
3103,1392.65,6277.74,NaN,NaN,NaN
3104,1350.96,6658.92,NaN,NaN,NaN
3105,1444.73,6311.06,NaN,NaN,NaN
3106,1492.45,6587.90,2,3,0.0000
3107,1230.25,6420.46,0,0,0.0000
3108,1432.51,6572.91,0,0,0.0000
3109,1307.97,6474.82,NaN,NaN,NaN
3110,1595.35,6849.11,2,3,0.0000
3111,1342.09,6619.65,NaN,NaN,NaN
3112,1609.52,6514.65,0,0,0.0000
3113,1345.82,6480.72,NaN,NaN,NaN
3114,1665.26,6779.98,0,0,0.0000
3115,1677.23,6609.13,0,0,0.0000
3116,1759.10,6274.61,2,4,2.0000
3117,1905.41,6808.08,0,0,0.0000
3118,1837.04,6413.03,NaN,NaN,NaN
3119,1729.39,6859.35,2,5,2.5000
3120,1806.90,6512.14,NaN,NaN,NaN
3121,1884.97,6603.73,NaN,NaN,NaN
3122,1971.17,6770.25,0,0,0.0000
3123,1959.48,6604.68,NaN,NaN,NaN
3124,2019.64,6680.55,NaN,NaN,NaN
3125,1714.86,6378.26,2,2,0.0000
3126,2056.53,6864.22,3,6,2.0000
3127,1965.27,6363.70,0,0,0.0000
3128,1908.96,6480.67,NaN,NaN,NaN
3129,1994.74,6932.01,NaN,NaN,NaN
3130,1952.47,6439.88,NaN,NaN,NaN
3131,1860.14,6319.71,NaN,NaN,NaN
3132,1679.22,6483.72,NaN,NaN,NaN
3133,1868.58,6993.08,3,4,0.0000
3134,1809.96,6948.14,NaN,NaN,NaN
3135,1831.95,7009.56,3,2,0.0000
3136,1801.26,6893.87,3,4,0.0000
3137,1943.21,6702.16,0,0,0.0000
3138,1784.31,6724.09,NaN,NaN,NaN
3139,1859.10,6708.35,0,0,0.0000
3140,1941.26,6310.95,2,3,0.0000
3141,1752.49,6934.65,2,2,0.0000
3142,2041.65,6943.90,0,0,0.0000
3143,1666.85,6404.77,2,6,3.0000
3144,1977.01,6526.88,4,6,0.0000
3145,1793.84,6625.90,0,0,0.0000
3146,1892.63,6539.32,NaN,NaN,NaN
3147,2108.79,6913.47,2,2,0.0000
3148,2119.16,6988.88,6,6,0.0000
3149,1807.05,6671.69,0,0,0.0000
3150,1758.67,6494.31,NaN,NaN,NaN
3151,1779.82,6378.23,NaN,NaN,NaN
3152,1767.47,6552.11,0,0,0.0000
3153,1894.40,6388.19,0,0,0.0000
3154,2946.68,6532.36,NaN,NaN,NaN
3155,2939.75,6615.38,NaN,NaN,NaN
3156,2970.77,6811.61,NaN,NaN,NaN
3157,2895.91,6462.50,NaN,NaN,NaN
3158,2970.78,6736.78,NaN,NaN,NaN
3159,2968.64,6921.52,NaN,NaN,NaN
3160,2945.00,6396.30,2,4,2.0000
3161,2982.81,6977.77,NaN,NaN,NaN
3162,2966.78,6454.60,2,3,0.0000
3163,2954.17,6869.79,0,0,0.0000
3164,3830.10,6988.52,2,3,0.0000
3165,3443.42,6417.90,2,2,0.0000
3166,3740.20,7009.41,NaN,NaN,NaN
3167,3391.41,6733.28,NaN,NaN,NaN
3168,3353.58,6533.73,0,0,0.0000
3169,3419.65,6691.46,NaN,NaN,NaN
3170,3729.77,6941.98,NaN,NaN,NaN
3171,3329.41,6646.49,0,0,0.0000
3172,3568.29,6988.51,0,0,0.0000
3173,3401.33,6520.38,0,0,0.0000
3174,3303.01,6719.95,NaN,NaN,NaN
3175,3698.65,6964.37,NaN,NaN,NaN
3176,3323.75,6586.97,NaN,NaN,NaN
3177,3356.33,6596.38,NaN,NaN,NaN
3178,3469.03,6754.14,0,0,0.0000
3179,3464.31,6801.62,0,0,0.0000
3180,3392.68,6560.49,0,0,0.0000
3181,3588.37,6906.39,0,0,0.0000
3182,4675.41,7003.49,2,3,0.0000
3183,4734.34,6440.60,2,5,2.5000
3184,4734.80,6388.76,NaN,NaN,NaN
3185,4608.32,6964.77,NaN,NaN,NaN
3186,4316.74,6336.94,NaN,NaN,NaN
3187,4711.41,6514.78,3,5,0.0000
3188,4708.61,6768.05,0,0,0.0000
3189,4713.35,6693.38,0,0,0.0000
3190,4697.47,6608.77,NaN,NaN,NaN
3191,4658.59,6669.87,NaN,NaN,NaN
3192,4614.86,6905.17,NaN,NaN,NaN
3193,4692.90,6466.87,NaN,NaN,NaN
3194,4712.46,6900.55,NaN,NaN,NaN
3195,5480.32,6751.19,0,0,0.0000
3196,4860.45,7014.11,NaN,NaN,NaN
3197,5191.82,6680.62,NaN,NaN,NaN
3198,4935.96,6953.68,NaN,NaN,NaN
3199,4928.73,6724.89,NaN,NaN,NaN
3200,5423.93,6893.35,0,0,0.0000
3201,4815.34,6430.10,2,3,0.0000
3202,5355.56,6677.58,NaN,NaN,NaN
3203,5358.37,7032.03,2,1,0.0000
3204,5061.11,6305.19,NaN,NaN,NaN
3205,5441.60,6979.31,2,8,4.0000
3206,5268.73,6846.14,NaN,NaN,NaN
3207,4960.32,6829.54,NaN,NaN,NaN
3208,5334.68,6876.10,NaN,NaN,NaN
3209,5053.85,6954.47,0,0,0.0000
3210,4798.10,6945.81,NaN,NaN,NaN
3211,4923.19,6633.11,0,0,0.0000
3212,5048.24,6802.51,NaN,NaN,NaN
3213,5135.98,6783.60,NaN,NaN,NaN
3214,5198.21,6981.61,NaN,NaN,NaN
3215,5137.87,6890.98,NaN,NaN,NaN
3216,5245.82,6520.84,NaN,NaN,NaN
3217,5313.77,6586.30,NaN,NaN,NaN
3218,4758.78,6564.11,NaN,NaN,NaN
3219,5418.39,6798.83,0,0,0.0000
3220,4855.80,6897.59,0,0,0.0000
3221,5326.60,6751.45,0,0,0.0000
3222,5205.48,6910.10,NaN,NaN,NaN
3223,4794.42,6507.06,NaN,NaN,NaN
3224,5265.49,6773.47,0,0,0.0000
3225,4849.89,6777.04,NaN,NaN,NaN
3226,5447.11,6647.23,0,0,0.0000
3227,5294.21,6988.56,NaN,NaN,NaN
3228,5101.00,6394.70,NaN,NaN,NaN
3229,5120.70,6634.55,NaN,NaN,NaN
3230,4806.14,6852.17,0,0,0.0000
3231,4983.52,6733.36,NaN,NaN,NaN
3232,4782.49,6792.24,2,4,2.0000
3233,4751.00,6857.79,NaN,NaN,NaN
3234,5362.67,6556.36,NaN,NaN,NaN
3235,5086.73,7031.17,0,0,0.0000
3236,5013.07,6381.77,0,0,0.0000
3237,4996.70,6906.66,0,0,0.0000
3238,5043.69,6430.90,NaN,NaN,NaN
3239,5119.30,6569.83,0,0,0.0000
3240,5156.33,6347.92,0,0,0.0000
3241,4948.45,6319.83,2,5,2.5000
3242,5238.83,6297.33,NaN,NaN,NaN
3243,4864.65,6677.48,0,0,0.0000
3244,5305.17,6509.53,NaN,NaN,NaN
3245,5401.21,6460.63,0,0,0.0000
3246,4741.47,6978.63,0,0,0.0000
3247,5048.56,6698.66,0,0,0.0000
3248,5032.62,6871.18,0,0,0.0000
3249,5220.15,6620.64,NaN,NaN,NaN
3250,5234.96,6724.36,0,0,0.0000
3251,5007.43,6748.37,NaN,NaN,NaN
3252,4895.75,6850.61,NaN,NaN,NaN
3253,5259.86,6588.65,NaN,NaN,NaN
3254,5185.47,6303.72,0,0,0.0000
3255,5182.03,6849.48,NaN,NaN,NaN
3256,5127.88,6950.83,NaN,NaN,NaN
3257,5007.85,6334.17,NaN,NaN,NaN
3258,5099.03,6607.99,0,0,0.0000
3259,5214.26,6577.52,NaN,NaN,NaN
3260,4856.41,6828.66,NaN,NaN,NaN
3261,5068.83,6747.10,NaN,NaN,NaN
3262,5470.17,6479.62,0,0,0.0000
3263,5422.80,6679.76,0,0,0.0000
3264,5173.15,6650.24,NaN,NaN,NaN
3265,5195.34,6535.36,0,0,0.0000
3266,5154.93,6735.23,0,0,0.0000
3267,5126.01,6995.27,NaN,NaN,NaN
3268,5042.21,7039.72,0,0,0.0000
3269,5120.81,6836.20,NaN,NaN,NaN
3270,5279.77,6300.07,NaN,NaN,NaN
3271,5188.97,6604.16,NaN,NaN,NaN
3272,5238.03,7025.53,2,3,0.0000
3273,4768.95,6895.36,NaN,NaN,NaN
3274,5623.25,6804.21,NaN,NaN,NaN
3275,5532.14,6604.18,2,7,3.5000
3276,5508.65,6869.78,0,0,0.0000
3277,5553.43,6449.78,NaN,NaN,NaN
3278,5536.17,6528.90,0,0,0.0000
3279,5719.70,6796.92,0,0,0.0000
3280,5641.15,6506.41,NaN,NaN,NaN
3281,5513.60,6363.88,2,5,2.5000
3282,5746.81,6486.26,0,0,0.0000
3283,5571.90,6360.45,3,6,2.0000
3284,5756.27,6928.89,NaN,NaN,NaN
3285,5653.72,6588.43,NaN,NaN,NaN
3286,5589.86,6895.16,0,0,0.0000
3287,5551.17,6973.20,2,8,4.0000
3288,5617.25,6936.18,0,0,0.0000
3289,5807.85,6930.01,NaN,NaN,NaN
3290,5515.18,7013.66,NaN,NaN,NaN
3291,6716.58,6351.92,3,7,2.3333
3292,6971.66,6533.89,3,2,0.0000
3293,6870.25,6522.60,3,4,0.0000
3294,6607.44,6319.63,3,4,0.0000
3295,6803.29,6698.85,NaN,NaN,NaN
3296,6838.97,6389.54,7,14,2.0000
3297,6897.54,6606.82,NaN,NaN,NaN
3298,6660.15,6287.90,0,0,0.0000
3299,6794.39,6566.66,NaN,NaN,NaN
3300,6851.10,6614.81,0,0,0.0000
3301,6870.46,6685.11,NaN,NaN,NaN
3302,7027.62,6506.26,0,0,0.0000
3303,6844.72,6761.79,0,0,0.0000
3304,6803.36,6752.76,NaN,NaN,NaN
3305,6917.29,6490.07,3,6,2.0000
3306,7056.31,6436.18,NaN,NaN,NaN
3307,7049.72,6330.91,NaN,NaN,NaN
3308,7135.66,6402.01,0,0,0.0000
3309,7182.12,6467.73,NaN,NaN,NaN
3310,7138.90,6330.65,NaN,NaN,NaN
3311,1894.77,7040.76,NaN,NaN,NaN
3312,1906.08,7095.60,0,0,0.0000
3313,2917.92,7223.86,0,0,0.0000
3314,3837.76,7091.50,3,5,0.0000
3315,3870.76,7240.76,2,2,0.0000
3316,3786.84,7216.14,NaN,NaN,NaN
3317,3967.46,7059.09,0,0,0.0000
3318,3728.90,7112.06,NaN,NaN,NaN
3319,3763.32,7075.36,NaN,NaN,NaN
3320,3911.09,7055.36,0,0,0.0000
3321,3471.11,7112.09,NaN,NaN,NaN
3322,3438.01,7152.19,NaN,NaN,NaN
3323,3489.57,7169.60,NaN,NaN,NaN
3324,3706.65,7175.77,NaN,NaN,NaN
3325,3455.78,7054.94,2,4,2.0000
3326,3716.94,7213.42,0,0,0.0000
3327,3937.42,7198.55,2,4,2.0000
3328,4722.83,7177.25,4,4,0.0000
3329,5402.51,7197.27,NaN,NaN,NaN
3330,4843.47,7259.84,0,0,0.0000
3331,5161.60,7143.27,0,0,0.0000
3332,5266.83,7190.87,0,0,0.0000
3333,5049.68,7201.03,NaN,NaN,NaN
3334,5269.64,7097.13,NaN,NaN,NaN
3335,5173.41,7241.68,3,7,2.3333
3336,4775.21,7282.51,NaN,NaN,NaN
3337,4933.93,7122.26,2,3,0.0000
3338,4951.62,7043.83,NaN,NaN,NaN
3339,5351.72,7232.61,2,6,3.0000
3340,4862.48,7134.64,0,0,0.0000
3341,4744.53,7044.54,NaN,NaN,NaN
3342,5247.41,7280.17,NaN,NaN,NaN
3343,5187.44,7063.88,0,0,0.0000
3344,4887.37,7176.68,NaN,NaN,NaN
3345,5466.72,7113.01,NaN,NaN,NaN
3346,5120.84,7076.03,0,0,0.0000
3347,4990.76,7207.69,NaN,NaN,NaN
3348,4993.97,7089.12,NaN,NaN,NaN
3349,4808.17,7065.01,NaN,NaN,NaN
3350,5076.05,7116.53,0,0,0.0000
3351,5379.00,7287.30,2,2,0.0000
3352,4971.03,7271.33,3,2,0.0000
3353,4918.18,7233.47,NaN,NaN,NaN
3354,5015.64,7135.82,NaN,NaN,NaN
3355,4938.71,7264.61,NaN,NaN,NaN
3356,4861.68,7096.84,NaN,NaN,NaN
3357,5583.06,7159.61,3,13,4.3333
3358,5921.42,7278.14,0,0,0.0000
3359,265.80,7842.34,NaN,NaN,NaN
3360,235.20,7626.35,NaN,NaN,NaN
3361,443.84,7977.29,2,4,2.0000
3362,303.03,8109.92,NaN,NaN,NaN
3363,325.21,7527.95,3,2,0.0000
3364,669.00,8131.17,0,0,0.0000
3365,420.54,8089.37,NaN,NaN,NaN
3366,627.56,7955.79,NaN,NaN,NaN
3367,437.63,7789.95,NaN,NaN,NaN
3368,325.10,7774.22,2,3,0.0000
3369,850.71,8046.07,NaN,NaN,NaN
3370,690.57,7866.95,2,2,0.0000
3371,418.23,7656.84,2,4,2.0000
3372,492.41,7721.70,NaN,NaN,NaN
3373,773.06,8078.11,NaN,NaN,NaN
3374,192.15,8044.18,NaN,NaN,NaN
3375,58.43,8007.19,0,0,0.0000
3376,59.34,7627.05,0,0,0.0000
3377,521.08,7783.88,NaN,NaN,NaN
3378,398.96,7570.29,2,3,0.0000
3379,115.93,7543.76,NaN,NaN,NaN
3380,111.98,7676.25,NaN,NaN,NaN
3381,104.38,8099.62,NaN,NaN,NaN
3382,498.65,7628.13,0,0,0.0000
3383,454.06,7879.23,0,0,0.0000
3384,268.93,7954.81,NaN,NaN,NaN
3385,348.62,7646.43,NaN,NaN,NaN
3386,814.75,7787.16,NaN,NaN,NaN
3387,752.24,8142.64,3,6,2.0000
3388,710.55,8038.58,NaN,NaN,NaN
3389,427.31,7491.50,NaN,NaN,NaN
3390,822.16,7871.12,2,4,2.0000
3391,577.32,8047.21,NaN,NaN,NaN
3392,809.49,7942.00,NaN,NaN,NaN
3393,558.92,8122.44,0,0,0.0000
3394,465.81,7561.98,2,5,2.5000
3395,184.79,7463.37,2,3,0.0000
3396,491.60,8171.43,NaN,NaN,NaN
3397,102.69,7813.51,NaN,NaN,NaN
3398,194.43,7933.42,NaN,NaN,NaN
3399,368.55,7823.19,0,0,0.0000
3400,88.17,7963.19,NaN,NaN,NaN
3401,146.37,7596.88,0,0,0.0000
3402,536.84,7505.87,NaN,NaN,NaN
3403,518.76,7864.33,3,4,0.0000
3404,505.81,8123.51,NaN,NaN,NaN
3405,100.29,7904.10,0,0,0.0000
3406,277.55,7705.89,2,5,2.5000
3407,624.17,8069.86,NaN,NaN,NaN
3408,333.02,8029.23,NaN,NaN,NaN
3409,197.19,7517.51,NaN,NaN,NaN
3410,132.60,7442.76,0,0,0.0000
3411,842.86,7744.69,NaN,NaN,NaN
3412,265.11,7472.77,NaN,NaN,NaN
3413,149.27,7792.77,NaN,NaN,NaN
3414,763.03,7624.24,NaN,NaN,NaN
3415,482.30,8071.89,NaN,NaN,NaN
3416,737.28,7790.41,0,0,0.0000
3417,739.82,7959.88,NaN,NaN,NaN
3418,198.24,8118.51,0,0,0.0000
3419,185.33,7776.74,2,6,3.0000
3420,177.20,7850.44,NaN,NaN,NaN
3421,858.37,7665.80,0,0,0.0000
3422,864.95,7843.86,0,0,0.0000
3423,384.69,8144.91,4,4,0.0000
3424,787.34,7988.57,0,0,0.0000
3425,823.85,8127.51,0,0,0.0000
3426,20.05,7541.30,0,0,0.0000
3427,33.97,7435.43,0,0,0.0000
3428,160.54,8153.78,0,0,0.0000
3429,534.51,8062.71,3,3,0.0000
3430,126.00,8026.86,NaN,NaN,NaN
3431,146.55,7964.53,0,0,0.0000
3432,1072.43,7989.80,0,0,0.0000
3433,1278.65,8101.95,NaN,NaN,NaN
3434,916.35,7974.31,NaN,NaN,NaN
3435,1160.93,8009.14,NaN,NaN,NaN
3436,918.82,7731.32,NaN,NaN,NaN
3437,920.63,7867.06,NaN,NaN,NaN
3438,1184.08,8113.78,NaN,NaN,NaN
3439,1091.66,7750.75,NaN,NaN,NaN
3440,1250.35,7993.34,0,0,0.0000
3441,1326.86,7966.80,3,4,0.0000
3442,1236.43,7834.17,NaN,NaN,NaN
3443,1074.95,8115.03,NaN,NaN,NaN
3444,1005.90,7930.20,NaN,NaN,NaN
3445,988.70,7796.88,NaN,NaN,NaN
3446,1180.97,7762.36,NaN,NaN,NaN
3447,1065.26,7871.07,NaN,NaN,NaN
3448,1157.97,7839.44,0,0,0.0000
3449,1024.13,7721.36,NaN,NaN,NaN
3450,1183.65,7884.97,0,0,0.0000
3451,1220.95,7912.79,0,0,0.0000
3452,900.97,8104.27,0,0,0.0000
3453,2357.54,8052.23,4,3,0.0000
3454,2265.34,7807.24,0,0,0.0000
3455,2388.31,8148.13,NaN,NaN,NaN
3456,2215.84,7788.72,NaN,NaN,NaN
3457,2285.58,7903.53,0,0,0.0000
3458,2904.54,7406.11,0,0,0.0000
3459,3145.83,7974.50,NaN,NaN,NaN
3460,2918.39,7546.15,NaN,NaN,NaN
3461,2883.00,7301.47,NaN,NaN,NaN
3462,3178.35,8111.06,0,0,0.0000
3463,2439.20,8071.39,NaN,NaN,NaN
3464,2839.11,7406.46,0,0,0.0000
3465,2864.24,8043.19,0,0,0.0000
3466,2883.40,7942.05,NaN,NaN,NaN
3467,2825.33,7980.44,NaN,NaN,NaN
3468,3876.95,8063.77,NaN,NaN,NaN
3469,3857.27,7465.49,0,0,0.0000
3470,3871.33,7339.37,NaN,NaN,NaN
3471,3204.89,7947.94,NaN,NaN,NaN
3472,3816.81,7338.59,2,4,2.0000
3473,3714.19,7328.24,3,15,5.0000
3474,3784.14,7390.54,NaN,NaN,NaN
3475,3916.86,7427.28,NaN,NaN,NaN
3476,3233.36,8019.86,NaN,NaN,NaN
3477,3932.69,7297.42,NaN,NaN,NaN
3478,3869.41,7992.34,NaN,NaN,NaN
3479,3814.46,7482.15,NaN,NaN,NaN
3480,3750.87,7412.57,NaN,NaN,NaN
3481,3548.18,7382.14,0,0,0.0000
3482,3912.72,7499.38,NaN,NaN,NaN
3483,4079.23,7733.21,NaN,NaN,NaN
3484,5128.97,8134.93,NaN,NaN,NaN
3485,5323.72,7497.73,2,2,0.0000
3486,5416.47,7388.23,2,3,0.0000
3487,5065.86,7385.08,NaN,NaN,NaN
3488,5018.07,7312.87,NaN,NaN,NaN
3489,5400.92,7714.50,0,0,0.0000
3490,5195.70,7345.07,NaN,NaN,NaN
3491,5045.79,7565.89,0,0,0.0000
3492,5501.65,7744.65,NaN,NaN,NaN
3493,5404.43,7551.23,NaN,NaN,NaN
3494,5235.89,7458.18,NaN,NaN,NaN
3495,5286.22,7372.36,0,0,0.0000
3496,4906.32,7372.30,2,3,0.0000
3497,5493.15,7651.21,0,0,0.0000
3498,5166.71,7389.82,NaN,NaN,NaN
3499,4828.36,7328.71,NaN,NaN,NaN
3500,5187.22,7525.88,0,0,0.0000
3501,5421.65,7633.79,NaN,NaN,NaN
3502,5037.95,7451.09,2,4,2.0000
3503,5182.77,7476.25,NaN,NaN,NaN
3504,5467.03,7783.59,0,0,0.0000
3505,5213.89,7631.90,3,5,0.0000
3506,5503.16,7416.05,NaN,NaN,NaN
3507,5481.53,7579.29,0,0,0.0000
3508,5460.09,7701.47,NaN,NaN,NaN
3509,5261.16,7638.83,0,0,0.0000
3510,4935.70,7431.14,NaN,NaN,NaN
3511,4918.45,7299.37,0,0,0.0000
3512,5444.57,7482.50,NaN,NaN,NaN
3513,5092.67,7520.93,0,0,0.0000
3514,5109.21,7299.78,NaN,NaN,NaN
3515,5325.15,7652.02,NaN,NaN,NaN
3516,5348.79,7617.83,NaN,NaN,NaN
3517,5393.83,7596.47,NaN,NaN,NaN
3518,5130.32,7550.22,NaN,NaN,NaN
3519,5111.20,7454.89,NaN,NaN,NaN
3520,4910.11,7332.80,0,0,0.0000
3521,5280.89,7608.15,3,4,0.0000
3522,5154.48,7431.08,0,0,0.0000
3523,5418.57,7297.74,NaN,NaN,NaN
3524,5382.46,7337.61,2,1,0.0000
3525,5251.24,7413.49,2,3,0.0000
3526,5193.60,8144.90,0,0,0.0000
3527,5049.60,8182.44,0,0,0.0000
3528,5000.45,7456.42,NaN,NaN,NaN
3529,5399.85,7812.00,0,0,0.0000
3530,5527.21,7519.33,4,2,0.0000
3531,5627.23,7587.72,NaN,NaN,NaN
3532,5673.87,7803.57,2,3,0.0000
3533,5991.38,7719.49,2,1,0.0000
3534,5653.72,7871.64,0,0,0.0000
3535,5576.61,7695.46,3,7,2.3333
3536,6014.08,7480.93,NaN,NaN,NaN
3537,5669.72,7313.29,0,0,0.0000
3538,5525.06,7580.37,0,0,0.0000
3539,5747.34,7875.42,0,0,0.0000
3540,6040.06,7772.07,4,4,0.0000
3541,5870.66,7528.52,NaN,NaN,NaN
3542,5835.18,7708.65,2,2,0.0000
3543,5528.24,7793.51,NaN,NaN,NaN
3544,5559.81,7428.03,0,0,0.0000
3545,5539.92,7632.36,0,0,0.0000
3546,5789.50,7570.66,0,0,0.0000
3547,5979.82,7659.99,0,0,0.0000
3548,6020.06,7686.81,NaN,NaN,NaN
3549,5933.10,7704.98,0,0,0.0000
3550,5808.97,7744.67,NaN,NaN,NaN
3551,5897.48,7714.58,2,8,4.0000
3552,5924.70,7480.45,2,2,0.0000
3553,5922.64,7512.11,2,2,0.0000
3554,5996.77,7778.17,NaN,NaN,NaN
3555,5972.47,7429.42,NaN,NaN,NaN
3556,5604.00,7788.26,3,9,3.0000
3557,7701.93,7519.38,NaN,NaN,NaN
3558,7789.48,7409.12,0,0,0.0000
3559,7756.95,7452.65,0,0,0.0000
