2026-07-07 02:41:09,663 - hybrid_pipeline - INFO - 批次處理開始 — run_id=ee65f341, config_hash=db2b7e6a
2026-07-07 02:41:09,666 - m1_overlay - INFO - 配對完成: 441 對 tile
2026-07-07 02:41:10,802 - unet_inference - INFO - 成功載入權重: /data/taro_Projects/tsgh/backend/algorithms/hybrid/models/unet/b4/best_model_unet_b4.pth
2026-07-07 02:41:10,816 - unet_inference - INFO - 模型載入完成，設備: cuda
2026-07-07 02:41:11,063 - cellpose.core - INFO - ** TORCH CUDA version installed and working. **
2026-07-07 02:41:11,063 - cellpose.core - INFO - >>>> using GPU (CUDA)
2026-07-07 02:41:11,829 - cellpose.models - INFO - >>>> loading model /data/taro_Projects/tsgh/backend/algorithms/hybrid/models/cellpose/cellpose_ihc_dish_best
2026-07-07 02:41:11,921 - m2_segmentation - INFO - Cellpose 模型載入完成: cellpose_ihc_dish_best (diameter=None)
2026-07-07 02:41:11,921 - cellpose.core - INFO - ** TORCH CUDA version installed and working. **
2026-07-07 02:41:11,921 - cellpose.core - INFO - >>>> using GPU (CUDA)
2026-07-07 02:41:12,679 - cellpose.models - INFO - >>>> loading model /data/taro_Projects/tsgh/backend/algorithms/hybrid/models/cellpose/cellpose_dish_best
2026-07-07 02:41:12,764 - m2_segmentation - INFO - Cellpose 模型載入完成: cellpose_dish_best (diameter=None)
2026-07-07 02:41:12,764 - hybrid_pipeline - INFO - [1/441] 處理 tile: tile_x0_y0
2026-07-07 02:41:14,137 - cellpose.transforms - INFO - processing image with (1024, 1024) HW, and 3 channels
2026-07-07 02:41:14,986 - m2_segmentation - INFO - Cellpose 分割完成: 32 個有效細胞
2026-07-07 02:41:15,009 - m3_module.m3_cells_generator - INFO - All-positive 標註完成: 25 個細胞
2026-07-07 02:41:15,050 - m3_module.m3_cells_generator - INFO - enlarge_cell_instances: 25 顆細胞, factor=1.50(面積), 中位半徑=23.5px, 外擴=5.3px
2026-07-07 02:41:15,050 - cellpose.transforms - INFO - processing image with (1024, 1024) HW, and 3 channels
2026-07-07 02:41:15,540 - m3_module.m3_elastic_matching - INFO - elastic_dish_nucleus_matching(overlap-first): IHC=25, DISH=27, matched(1核)=13 (其中重疊=13), drop-out(競爭落敗)=3, 無候選(計入)=9, factor=1.50, min_reach=20.0
2026-07-07 02:41:15,846 - m3_module.m3_dot_detection - INFO - detect_all_dots: 紅點=16, 黑點=32, 涉及細胞=25
2026-07-07 02:41:16,006 - m4_module.cell_crops - INFO - 匯出 13 張 per-cell 影像至 docs/hybrid-pipeline/measurement/runs/large/cell_crops/tile_x0_y0/cells
2026-07-07 02:41:16,006 - hybrid_pipeline - INFO - Tile tile_x0_y0 完成: 核心擁有 13 細胞 (13 陽性), 3.24 秒
2026-07-07 02:41:16,092 - hybrid_pipeline - INFO - [2/441] 處理 tile: tile_x0_y10752
2026-07-07 02:41:16,157 - cellpose.transforms - INFO - processing image with (1024, 1024) HW, and 3 channels
2026-07-07 02:41:16,675 - m2_segmentation - INFO - Cellpose 分割完成: 110 個有效細胞
2026-07-07 02:41:16,710 - m3_module.m3_cells_generator - INFO - All-positive 標註完成: 105 個細胞
2026-07-07 02:41:16,769 - m3_module.m3_cells_generator - INFO - enlarge_cell_instances: 105 顆細胞, factor=1.50(面積), 中位半徑=32.2px, 外擴=7.2px
2026-07-07 02:41:16,769 - cellpose.transforms - INFO - processing image with (1024, 1024) HW, and 3 channels
2026-07-07 02:41:17,258 - m3_module.m3_elastic_matching - INFO - elastic_dish_nucleus_matching(overlap-first): IHC=105, DISH=84, matched(1核)=70 (其中重疊=70), drop-out(競爭落敗)=22, 無候選(計入)=13, factor=1.50, min_reach=20.0
2026-07-07 02:41:18,510 - m3_module.m3_dot_detection - INFO - detect_all_dots: 紅點=84, 黑點=175, 涉及細胞=105
2026-07-07 02:41:18,843 - m4_module.cell_crops - INFO - 匯出 68 張 per-cell 影像至 docs/hybrid-pipeline/measurement/runs/large/cell_crops/tile_x0_y10752/cells
2026-07-07 02:41:18,844 - hybrid_pipeline - INFO - Tile tile_x0_y10752 完成: 核心擁有 68 細胞 (68 陽性), 2.75 秒
2026-07-07 02:41:18,929 - hybrid_pipeline - INFO - [3/441] 處理 tile: tile_x0_y11520
2026-07-07 02:41:18,990 - cellpose.transforms - INFO - processing image with (1024, 1024) HW, and 3 channels
2026-07-07 02:41:19,464 - m2_segmentation - INFO - Cellpose 分割完成: 99 個有效細胞
2026-07-07 02:41:19,496 - m3_module.m3_cells_generator - INFO - All-positive 標註完成: 96 個細胞
2026-07-07 02:41:19,542 - m3_module.m3_cells_generator - INFO - enlarge_cell_instances: 96 顆細胞, factor=1.50(面積), 中位半徑=28.7px, 外擴=6.4px
2026-07-07 02:41:19,542 - cellpose.transforms - INFO - processing image with (1024, 1024) HW, and 3 channels
2026-07-07 02:41:20,017 - m3_module.m3_elastic_matching - INFO - elastic_dish_nucleus_matching(overlap-first): IHC=96, DISH=67, matched(1核)=57 (其中重疊=57), drop-out(競爭落敗)=23, 無候選(計入)=16, factor=1.50, min_reach=20.0
2026-07-07 02:41:21,097 - m3_module.m3_dot_detection - INFO - detect_all_dots: 紅點=77, 黑點=132, 涉及細胞=96
2026-07-07 02:41:21,397 - m4_module.cell_crops - INFO - 匯出 76 張 per-cell 影像至 docs/hybrid-pipeline/measurement/runs/large/cell_crops/tile_x0_y11520/cells
2026-07-07 02:41:21,397 - hybrid_pipeline - INFO - Tile tile_x0_y11520 完成: 核心擁有 76 細胞 (76 陽性), 2.47 秒
2026-07-07 02:41:21,486 - hybrid_pipeline - INFO - [4/441] 處理 tile: tile_x0_y12288
2026-07-07 02:41:21,550 - cellpose.transforms - INFO - processing image with (1024, 1024) HW, and 3 channels
2026-07-07 02:41:22,002 - m2_segmentation - INFO - Cellpose 分割完成: 84 個有效細胞
2026-07-07 02:41:22,031 - m3_module.m3_cells_generator - INFO - All-positive 標註完成: 83 個細胞
2026-07-07 02:41:22,081 - m3_module.m3_cells_generator - INFO - enlarge_cell_instances: 83 顆細胞, factor=1.50(面積), 中位半徑=28.4px, 外擴=6.4px
2026-07-07 02:41:22,081 - cellpose.transforms - INFO - processing image with (1024, 1024) HW, and 3 channels
2026-07-07 02:41:22,557 - m3_module.m3_elastic_matching - INFO - elastic_dish_nucleus_matching(overlap-first): IHC=83, DISH=52, matched(1核)=43 (其中重疊=43), drop-out(競爭落敗)=21, 無候選(計入)=19, factor=1.50, min_reach=20.0
2026-07-07 02:41:23,476 - m3_module.m3_dot_detection - INFO - detect_all_dots: 紅點=65, 黑點=106, 涉及細胞=83
2026-07-07 02:41:23,730 - m4_module.cell_crops - INFO - 匯出 52 張 per-cell 影像至 docs/hybrid-pipeline/measurement/runs/large/cell_crops/tile_x0_y12288/cells
2026-07-07 02:41:23,730 - hybrid_pipeline - INFO - Tile tile_x0_y12288 完成: 核心擁有 52 細胞 (52 陽性), 2.24 秒
2026-07-07 02:41:23,817 - hybrid_pipeline - INFO - [5/441] 處理 tile: tile_x0_y13056
2026-07-07 02:41:23,881 - cellpose.transforms - INFO - processing image with (1024, 1024) HW, and 3 channels
2026-07-07 02:41:24,371 - m2_segmentation - INFO - Cellpose 分割完成: 165 個有效細胞
2026-07-07 02:41:24,412 - m3_module.m3_cells_generator - INFO - All-positive 標註完成: 160 個細胞
2026-07-07 02:41:24,466 - m3_module.m3_cells_generator - INFO - enlarge_cell_instances: 160 顆細胞, factor=1.50(面積), 中位半徑=26.5px, 外擴=6.0px
2026-07-07 02:41:24,466 - cellpose.transforms - INFO - processing image with (1024, 1024) HW, and 3 channels
2026-07-07 02:41:24,945 - m3_module.m3_elastic_matching - INFO - elastic_dish_nucleus_matching(overlap-first): IHC=160, DISH=99, matched(1核)=94 (其中重疊=94), drop-out(競爭落敗)=39, 無候選(計入)=27, factor=1.50, min_reach=20.0
2026-07-07 02:41:26,251 - m3_module.m3_dot_detection - INFO - detect_all_dots: 紅點=92, 黑點=153, 涉及細胞=160
2026-07-07 02:41:26,601 - m4_module.cell_crops - INFO - 匯出 117 張 per-cell 影像至 docs/hybrid-pipeline/measurement/runs/large/cell_crops/tile_x0_y13056/cells
2026-07-07 02:41:26,601 - hybrid_pipeline - INFO - Tile tile_x0_y13056 完成: 核心擁有 117 細胞 (117 陽性), 2.78 秒
2026-07-07 02:41:26,688 - hybrid_pipeline - INFO - [6/441] 處理 tile: tile_x0_y13824
2026-07-07 02:41:26,749 - cellpose.transforms - INFO - processing image with (1024, 1024) HW, and 3 channels
2026-07-07 02:41:27,223 - m2_segmentation - INFO - Cellpose 分割完成: 109 個有效細胞
2026-07-07 02:41:27,256 - m3_module.m3_cells_generator - INFO - All-positive 標註完成: 109 個細胞
2026-07-07 02:41:27,303 - m3_module.m3_cells_generator - INFO - enlarge_cell_instances: 109 顆細胞, factor=1.50(面積), 中位半徑=26.8px, 外擴=6.0px
2026-07-07 02:41:27,304 - cellpose.transforms - INFO - processing image with (1024, 1024) HW, and 3 channels
2026-07-07 02:41:27,787 - m3_module.m3_elastic_matching - INFO - elastic_dish_nucleus_matching(overlap-first): IHC=109, DISH=72, matched(1核)=60 (其中重疊=60), drop-out(競爭落敗)=36, 無候選(計入)=13, factor=1.50, min_reach=20.0
2026-07-07 02:41:28,875 - m3_module.m3_dot_detection - INFO - detect_all_dots: 紅點=91, 黑點=130, 涉及細胞=109
2026-07-07 02:41:29,156 - m4_module.cell_crops - INFO - 匯出 50 張 per-cell 影像至 docs/hybrid-pipeline/measurement/runs/large/cell_crops/tile_x0_y13824/cells
2026-07-07 02:41:29,156 - hybrid_pipeline - INFO - Tile tile_x0_y13824 完成: 核心擁有 50 細胞 (50 陽性), 2.47 秒
2026-07-07 02:41:29,243 - hybrid_pipeline - INFO - [7/441] 處理 tile: tile_x0_y14592
2026-07-07 02:41:29,308 - cellpose.transforms - INFO - processing image with (1024, 1024) HW, and 3 channels
2026-07-07 02:41:29,790 - m2_segmentation - INFO - Cellpose 分割完成: 100 個有效細胞
2026-07-07 02:41:29,822 - m3_module.m3_cells_generator - INFO - All-positive 標註完成: 93 個細胞
2026-07-07 02:41:29,869 - m3_module.m3_cells_generator - INFO - enlarge_cell_instances: 93 顆細胞, factor=1.50(面積), 中位半徑=29.0px, 外擴=6.5px
2026-07-07 02:41:29,870 - cellpose.transforms - INFO - processing image with (1024, 1024) HW, and 3 channels
2026-07-07 02:41:30,347 - m3_module.m3_elastic_matching - INFO - elastic_dish_nucleus_matching(overlap-first): IHC=93, DISH=66, matched(1核)=54 (其中重疊=54), drop-out(競爭落敗)=28, 無候選(計入)=11, factor=1.50, min_reach=20.0
2026-07-07 02:41:31,256 - m3_module.m3_dot_detection - INFO - detect_all_dots: 紅點=69, 黑點=95, 涉及細胞=93
2026-07-07 02:41:31,541 - m4_module.cell_crops - INFO - 匯出 54 張 per-cell 影像至 docs/hybrid-pipeline/measurement/runs/large/cell_crops/tile_x0_y14592/cells
2026-07-07 02:41:31,541 - hybrid_pipeline - INFO - Tile tile_x0_y14592 完成: 核心擁有 54 細胞 (54 陽性), 2.30 秒
2026-07-07 02:41:31,626 - hybrid_pipeline - INFO - [8/441] 處理 tile: tile_x0_y1536
2026-07-07 02:41:31,688 - cellpose.transforms - INFO - processing image with (1024, 1024) HW, and 3 channels
2026-07-07 02:41:32,139 - m2_segmentation - INFO - Cellpose 分割完成: 67 個有效細胞
2026-07-07 02:41:32,166 - m3_module.m3_cells_generator - INFO - All-positive 標註完成: 66 個細胞
2026-07-07 02:41:32,209 - m3_module.m3_cells_generator - INFO - enlarge_cell_instances: 66 顆細胞, factor=1.50(面積), 中位半徑=27.3px, 外擴=6.1px
2026-07-07 02:41:32,209 - cellpose.transforms - INFO - processing image with (1024, 1024) HW, and 3 channels
2026-07-07 02:41:32,676 - m3_module.m3_elastic_matching - INFO - elastic_dish_nucleus_matching(overlap-first): IHC=66, DISH=44, matched(1核)=36 (其中重疊=36), drop-out(競爭落敗)=15, 無候選(計入)=15, factor=1.50, min_reach=20.0
2026-07-07 02:41:33,489 - m3_module.m3_dot_detection - INFO - detect_all_dots: 紅點=59, 黑點=104, 涉及細胞=66
2026-07-07 02:41:33,735 - m4_module.cell_crops - INFO - 匯出 43 張 per-cell 影像至 docs/hybrid-pipeline/measurement/runs/large/cell_crops/tile_x0_y1536/cells
2026-07-07 02:41:33,735 - hybrid_pipeline - INFO - Tile tile_x0_y1536 完成: 核心擁有 43 細胞 (43 陽性), 2.11 秒
2026-07-07 02:41:33,821 - hybrid_pipeline - INFO - [9/441] 處理 tile: tile_x0_y15360
2026-07-07 02:41:33,884 - cellpose.transforms - INFO - processing image with (1024, 1024) HW, and 3 channels
2026-07-07 02:41:34,345 - m2_segmentation - INFO - Cellpose 分割完成: 84 個有效細胞
2026-07-07 02:41:34,374 - m3_module.m3_cells_generator - INFO - All-positive 標註完成: 75 個細胞
2026-07-07 02:41:34,420 - m3_module.m3_cells_generator - INFO - enlarge_cell_instances: 75 顆細胞, factor=1.50(面積), 中位半徑=31.9px, 外擴=7.2px
2026-07-07 02:41:34,420 - cellpose.transforms - INFO - processing image with (1024, 1024) HW, and 3 channels
2026-07-07 02:41:34,888 - m3_module.m3_elastic_matching - INFO - elastic_dish_nucleus_matching(overlap-first): IHC=75, DISH=59, matched(1核)=48 (其中重疊=48), drop-out(競爭落敗)=16, 無候選(計入)=11, factor=1.50, min_reach=20.0
2026-07-07 02:41:35,651 - m3_module.m3_dot_detection - INFO - detect_all_dots: 紅點=49, 黑點=80, 涉及細胞=75
2026-07-07 02:41:35,890 - m4_module.cell_crops - INFO - 匯出 52 張 per-cell 影像至 docs/hybrid-pipeline/measurement/runs/large/cell_crops/tile_x0_y15360/cells
2026-07-07 02:41:35,890 - hybrid_pipeline - INFO - Tile tile_x0_y15360 完成: 核心擁有 52 細胞 (52 陽性), 2.07 秒
2026-07-07 02:41:35,976 - hybrid_pipeline - INFO - [10/441] 處理 tile: tile_x0_y2304
2026-07-07 02:41:36,041 - cellpose.transforms - INFO - processing image with (1024, 1024) HW, and 3 channels
2026-07-07 02:41:36,480 - m2_segmentation - INFO - Cellpose 分割完成: 53 個有效細胞
2026-07-07 02:41:36,504 - m3_module.m3_cells_generator - INFO - All-positive 標註完成: 53 個細胞
2026-07-07 02:41:36,550 - m3_module.m3_cells_generator - INFO - enlarge_cell_instances: 53 顆細胞, factor=1.50(面積), 中位半徑=26.8px, 外擴=6.0px
2026-07-07 02:41:36,551 - cellpose.transforms - INFO - processing image with (1024, 1024) HW, and 3 channels
2026-07-07 02:41:37,023 - m3_module.m3_elastic_matching - INFO - elastic_dish_nucleus_matching(overlap-first): IHC=53, DISH=36, matched(1核)=30 (其中重疊=30), drop-out(競爭落敗)=9, 無候選(計入)=14, factor=1.50, min_reach=20.0
2026-07-07 02:41:37,521 - m3_module.m3_dot_detection - INFO - detect_all_dots: 紅點=36, 黑點=62, 涉及細胞=53
2026-07-07 02:41:37,730 - m4_module.cell_crops - INFO - 匯出 22 張 per-cell 影像至 docs/hybrid-pipeline/measurement/runs/large/cell_crops/tile_x0_y2304/cells
2026-07-07 02:41:37,730 - hybrid_pipeline - INFO - Tile tile_x0_y2304 完成: 核心擁有 22 細胞 (22 陽性), 1.75 秒
2026-07-07 02:41:37,819 - hybrid_pipeline - INFO - [11/441] 處理 tile: tile_x0_y3072
2026-07-07 02:41:37,878 - cellpose.transforms - INFO - processing image with (1024, 1024) HW, and 3 channels
2026-07-07 02:41:38,340 - m2_segmentation - INFO - Cellpose 分割完成: 88 個有效細胞
2026-07-07 02:41:38,371 - m3_module.m3_cells_generator - INFO - All-positive 標註完成: 84 個細胞
2026-07-07 02:41:38,421 - m3_module.m3_cells_generator - INFO - enlarge_cell_instances: 84 顆細胞, factor=1.50(面積), 中位半徑=29.0px, 外擴=6.5px
2026-07-07 02:41:38,422 - cellpose.transforms - INFO - processing image with (1024, 1024) HW, and 3 channels
2026-07-07 02:41:38,902 - m3_module.m3_elastic_matching - INFO - elastic_dish_nucleus_matching(overlap-first): IHC=84, DISH=66, matched(1核)=55 (其中重疊=55), drop-out(競爭落敗)=19, 無候選(計入)=10, factor=1.50, min_reach=20.0
2026-07-07 02:41:39,941 - m3_module.m3_dot_detection - INFO - detect_all_dots: 紅點=69, 黑點=121, 涉及細胞=84
2026-07-07 02:41:40,237 - m4_module.cell_crops - INFO - 匯出 50 張 per-cell 影像至 docs/hybrid-pipeline/measurement/runs/large/cell_crops/tile_x0_y3072/cells
2026-07-07 02:41:40,237 - hybrid_pipeline - INFO - Tile tile_x0_y3072 完成: 核心擁有 50 細胞 (50 陽性), 2.42 秒
2026-07-07 02:41:40,323 - hybrid_pipeline - INFO - [12/441] 處理 tile: tile_x0_y3840
2026-07-07 02:41:40,389 - cellpose.transforms - INFO - processing image with (1024, 1024) HW, and 3 channels
2026-07-07 02:41:40,827 - m2_segmentation - INFO - Cellpose 分割完成: 48 個有效細胞
2026-07-07 02:41:40,852 - m3_module.m3_cells_generator - INFO - All-positive 標註完成: 43 個細胞
2026-07-07 02:41:40,897 - m3_module.m3_cells_generator - INFO - enlarge_cell_instances: 43 顆細胞, factor=1.50(面積), 中位半徑=26.6px, 外擴=6.0px
2026-07-07 02:41:40,898 - cellpose.transforms - INFO - processing image with (1024, 1024) HW, and 3 channels
2026-07-07 02:41:41,364 - m3_module.m3_elastic_matching - INFO - elastic_dish_nucleus_matching(overlap-first): IHC=43, DISH=44, matched(1核)=27 (其中重疊=27), drop-out(競爭落敗)=9, 無候選(計入)=7, factor=1.50, min_reach=20.0
2026-07-07 02:41:41,802 - m3_module.m3_dot_detection - INFO - detect_all_dots: 紅點=27, 黑點=46, 涉及細胞=43
2026-07-07 02:41:41,982 - m4_module.cell_crops - INFO - 匯出 22 張 per-cell 影像至 docs/hybrid-pipeline/measurement/runs/large/cell_crops/tile_x0_y3840/cells
2026-07-07 02:41:41,982 - hybrid_pipeline - INFO - Tile tile_x0_y3840 完成: 核心擁有 22 細胞 (22 陽性), 1.66 秒
2026-07-07 02:41:42,072 - hybrid_pipeline - INFO - [13/441] 處理 tile: tile_x0_y4608
2026-07-07 02:41:42,142 - cellpose.transforms - INFO - processing image with (1024, 1024) HW, and 3 channels
2026-07-07 02:41:42,592 - m2_segmentation - INFO - Cellpose 分割完成: 54 個有效細胞
2026-07-07 02:41:42,617 - m3_module.m3_cells_generator - INFO - All-positive 標註完成: 52 個細胞
2026-07-07 02:41:42,666 - m3_module.m3_cells_generator - INFO - enlarge_cell_instances: 52 顆細胞, factor=1.50(面積), 中位半徑=30.3px, 外擴=6.8px
2026-07-07 02:41:42,667 - cellpose.transforms - INFO - processing image with (1024, 1024) HW, and 3 channels
2026-07-07 02:41:43,141 - m3_module.m3_elastic_matching - INFO - elastic_dish_nucleus_matching(overlap-first): IHC=52, DISH=40, matched(1核)=32 (其中重疊=32), drop-out(競爭落敗)=7, 無候選(計入)=13, factor=1.50, min_reach=20.0
2026-07-07 02:41:43,766 - m3_module.m3_dot_detection - INFO - detect_all_dots: 紅點=51, 黑點=86, 涉及細胞=52
2026-07-07 02:41:44,000 - m4_module.cell_crops - INFO - 匯出 42 張 per-cell 影像至 docs/hybrid-pipeline/measurement/runs/large/cell_crops/tile_x0_y4608/cells
2026-07-07 02:41:44,001 - hybrid_pipeline - INFO - Tile tile_x0_y4608 完成: 核心擁有 42 細胞 (42 陽性), 1.93 秒
2026-07-07 02:41:44,089 - hybrid_pipeline - INFO - [14/441] 處理 tile: tile_x0_y5376
2026-07-07 02:41:44,158 - cellpose.transforms - INFO - processing image with (1024, 1024) HW, and 3 channels
2026-07-07 02:41:44,633 - m2_segmentation - INFO - Cellpose 分割完成: 83 個有效細胞
2026-07-07 02:41:44,662 - m3_module.m3_cells_generator - INFO - All-positive 標註完成: 80 個細胞
2026-07-07 02:41:44,714 - m3_module.m3_cells_generator - INFO - enlarge_cell_instances: 80 顆細胞, factor=1.50(面積), 中位半徑=29.3px, 外擴=6.6px
2026-07-07 02:41:44,714 - cellpose.transforms - INFO - processing image with (1024, 1024) HW, and 3 channels
2026-07-07 02:41:45,190 - m3_module.m3_elastic_matching - INFO - elastic_dish_nucleus_matching(overlap-first): IHC=80, DISH=59, matched(1核)=50 (其中重疊=50), drop-out(競爭落敗)=11, 無候選(計入)=19, factor=1.50, min_reach=20.0
2026-07-07 02:41:46,293 - m3_module.m3_dot_detection - INFO - detect_all_dots: 紅點=80, 黑點=171, 涉及細胞=80
2026-07-07 02:41:46,595 - m4_module.cell_crops - INFO - 匯出 45 張 per-cell 影像至 docs/hybrid-pipeline/measurement/runs/large/cell_crops/tile_x0_y5376/cells
2026-07-07 02:41:46,595 - hybrid_pipeline - INFO - Tile tile_x0_y5376 完成: 核心擁有 45 細胞 (45 陽性), 2.51 秒
2026-07-07 02:41:46,681 - hybrid_pipeline - INFO - [15/441] 處理 tile: tile_x0_y6144
2026-07-07 02:41:46,742 - cellpose.transforms - INFO - processing image with (1024, 1024) HW, and 3 channels
2026-07-07 02:41:47,239 - m2_segmentation - INFO - Cellpose 分割完成: 83 個有效細胞
2026-07-07 02:41:47,268 - m3_module.m3_cells_generator - INFO - All-positive 標註完成: 79 個細胞
2026-07-07 02:41:47,317 - m3_module.m3_cells_generator - INFO - enlarge_cell_instances: 79 顆細胞, factor=1.50(面積), 中位半徑=32.6px, 外擴=7.3px
2026-07-07 02:41:47,317 - cellpose.transforms - INFO - processing image with (1024, 1024) HW, and 3 channels
2026-07-07 02:41:47,785 - m3_module.m3_elastic_matching - INFO - elastic_dish_nucleus_matching(overlap-first): IHC=79, DISH=60, matched(1核)=51 (其中重疊=51), drop-out(競爭落敗)=11, 無候選(計入)=17, factor=1.50, min_reach=20.0
2026-07-07 02:41:48,867 - m3_module.m3_dot_detection - INFO - detect_all_dots: 紅點=75, 黑點=146, 涉及細胞=79
2026-07-07 02:41:49,154 - m4_module.cell_crops - INFO - 匯出 50 張 per-cell 影像至 docs/hybrid-pipeline/measurement/runs/large/cell_crops/tile_x0_y6144/cells
2026-07-07 02:41:49,154 - hybrid_pipeline - INFO - Tile tile_x0_y6144 完成: 核心擁有 50 細胞 (50 陽性), 2.47 秒
2026-07-07 02:41:49,240 - hybrid_pipeline - INFO - [16/441] 處理 tile: tile_x0_y6912
2026-07-07 02:41:49,304 - cellpose.transforms - INFO - processing image with (1024, 1024) HW, and 3 channels
2026-07-07 02:41:49,738 - m2_segmentation - INFO - Cellpose 分割完成: 37 個有效細胞
2026-07-07 02:41:49,761 - m3_module.m3_cells_generator - INFO - All-positive 標註完成: 37 個細胞
2026-07-07 02:41:49,802 - m3_module.m3_cells_generator - INFO - enlarge_cell_instances: 37 顆細胞, factor=1.50(面積), 中位半徑=29.7px, 外擴=6.7px
2026-07-07 02:41:49,802 - cellpose.transforms - INFO - processing image with (1024, 1024) HW, and 3 channels
2026-07-07 02:41:50,281 - m3_module.m3_elastic_matching - INFO - elastic_dish_nucleus_matching(overlap-first): IHC=37, DISH=29, matched(1核)=25 (其中重疊=25), drop-out(競爭落敗)=4, 無候選(計入)=8, factor=1.50, min_reach=20.0
2026-07-07 02:41:50,824 - m3_module.m3_dot_detection - INFO - detect_all_dots: 紅點=35, 黑點=60, 涉及細胞=37
2026-07-07 02:41:50,979 - m4_module.cell_crops - INFO - 匯出 22 張 per-cell 影像至 docs/hybrid-pipeline/measurement/runs/large/cell_crops/tile_x0_y6912/cells
2026-07-07 02:41:50,979 - hybrid_pipeline - INFO - Tile tile_x0_y6912 完成: 核心擁有 22 細胞 (22 陽性), 1.74 秒
2026-07-07 02:41:51,065 - hybrid_pipeline - INFO - [17/441] 處理 tile: tile_x0_y768
2026-07-07 02:41:51,134 - cellpose.transforms - INFO - processing image with (1024, 1024) HW, and 3 channels
2026-07-07 02:41:51,593 - m2_segmentation - INFO - Cellpose 分割完成: 82 個有效細胞
2026-07-07 02:41:51,622 - m3_module.m3_cells_generator - INFO - All-positive 標註完成: 79 個細胞
2026-07-07 02:41:51,671 - m3_module.m3_cells_generator - INFO - enlarge_cell_instances: 79 顆細胞, factor=1.50(面積), 中位半徑=26.6px, 外擴=6.0px
2026-07-07 02:41:51,672 - cellpose.transforms - INFO - processing image with (1024, 1024) HW, and 3 channels
2026-07-07 02:41:52,146 - m3_module.m3_elastic_matching - INFO - elastic_dish_nucleus_matching(overlap-first): IHC=79, DISH=46, matched(1核)=36 (其中重疊=36), drop-out(競爭落敗)=22, 無候選(計入)=21, factor=1.50, min_reach=20.0
2026-07-07 02:41:52,931 - m3_module.m3_dot_detection - INFO - detect_all_dots: 紅點=59, 黑點=103, 涉及細胞=79
2026-07-07 02:41:53,204 - m4_module.cell_crops - INFO - 匯出 45 張 per-cell 影像至 docs/hybrid-pipeline/measurement/runs/large/cell_crops/tile_x0_y768/cells
2026-07-07 02:41:53,204 - hybrid_pipeline - INFO - Tile tile_x0_y768 完成: 核心擁有 45 細胞 (45 陽性), 2.14 秒
2026-07-07 02:41:53,291 - hybrid_pipeline - INFO - [18/441] 處理 tile: tile_x0_y7680
2026-07-07 02:41:53,356 - cellpose.transforms - INFO - processing image with (1024, 1024) HW, and 3 channels
2026-07-07 02:41:53,818 - m2_segmentation - INFO - Cellpose 分割完成: 59 個有效細胞
2026-07-07 02:41:53,844 - m3_module.m3_cells_generator - INFO - All-positive 標註完成: 53 個細胞
2026-07-07 02:41:53,888 - m3_module.m3_cells_generator - INFO - enlarge_cell_instances: 53 顆細胞, factor=1.50(面積), 中位半徑=33.7px, 外擴=7.6px
2026-07-07 02:41:53,889 - cellpose.transforms - INFO - processing image with (1024, 1024) HW, and 3 channels
2026-07-07 02:41:54,366 - m3_module.m3_elastic_matching - INFO - elastic_dish_nucleus_matching(overlap-first): IHC=53, DISH=54, matched(1核)=41 (其中重疊=41), drop-out(競爭落敗)=5, 無候選(計入)=7, factor=1.50, min_reach=20.0
2026-07-07 02:41:55,204 - m3_module.m3_dot_detection - INFO - detect_all_dots: 紅點=62, 黑點=93, 涉及細胞=53
2026-07-07 02:41:55,455 - m4_module.cell_crops - INFO - 匯出 39 張 per-cell 影像至 docs/hybrid-pipeline/measurement/runs/large/cell_crops/tile_x0_y7680/cells
2026-07-07 02:41:55,455 - hybrid_pipeline - INFO - Tile tile_x0_y7680 完成: 核心擁有 39 細胞 (39 陽性), 2.16 秒
2026-07-07 02:41:55,541 - hybrid_pipeline - INFO - [19/441] 處理 tile: tile_x0_y8448
2026-07-07 02:41:55,609 - cellpose.transforms - INFO - processing image with (1024, 1024) HW, and 3 channels
2026-07-07 02:41:56,050 - m2_segmentation - INFO - Cellpose 分割完成: 45 個有效細胞
2026-07-07 02:41:56,074 - m3_module.m3_cells_generator - INFO - All-positive 標註完成: 42 個細胞
2026-07-07 02:41:56,116 - m3_module.m3_cells_generator - INFO - enlarge_cell_instances: 42 顆細胞, factor=1.50(面積), 中位半徑=32.7px, 外擴=7.4px
2026-07-07 02:41:56,116 - cellpose.transforms - INFO - processing image with (1024, 1024) HW, and 3 channels
2026-07-07 02:41:56,589 - m3_module.m3_elastic_matching - INFO - elastic_dish_nucleus_matching(overlap-first): IHC=42, DISH=44, matched(1核)=29 (其中重疊=29), drop-out(競爭落敗)=5, 無候選(計入)=8, factor=1.50, min_reach=20.0
2026-07-07 02:41:57,153 - m3_module.m3_dot_detection - INFO - detect_all_dots: 紅點=36, 黑點=65, 涉及細胞=42
2026-07-07 02:41:57,331 - m4_module.cell_crops - INFO - 匯出 28 張 per-cell 影像至 docs/hybrid-pipeline/measurement/runs/large/cell_crops/tile_x0_y8448/cells
2026-07-07 02:41:57,331 - hybrid_pipeline - INFO - Tile tile_x0_y8448 完成: 核心擁有 28 細胞 (28 陽性), 1.79 秒
2026-07-07 02:41:57,417 - hybrid_pipeline - INFO - [20/441] 處理 tile: tile_x0_y9216
2026-07-07 02:41:57,484 - cellpose.transforms - INFO - processing image with (1024, 1024) HW, and 3 channels
2026-07-07 02:41:57,936 - m2_segmentation - INFO - Cellpose 分割完成: 48 個有效細胞
2026-07-07 02:41:57,961 - m3_module.m3_cells_generator - INFO - All-positive 標註完成: 48 個細胞
2026-07-07 02:41:58,007 - m3_module.m3_cells_generator - INFO - enlarge_cell_instances: 48 顆細胞, factor=1.50(面積), 中位半徑=33.1px, 外擴=7.4px
2026-07-07 02:41:58,007 - cellpose.transforms - INFO - processing image with (1024, 1024) HW, and 3 channels
2026-07-07 02:41:58,486 - m3_module.m3_elastic_matching - INFO - elastic_dish_nucleus_matching(overlap-first): IHC=48, DISH=35, matched(1核)=27 (其中重疊=27), drop-out(競爭落敗)=10, 無候選(計入)=11, factor=1.50, min_reach=20.0
2026-07-07 02:41:59,028 - m3_module.m3_dot_detection - INFO - detect_all_dots: 紅點=31, 黑點=55, 涉及細胞=48
2026-07-07 02:41:59,208 - m4_module.cell_crops - INFO - 匯出 27 張 per-cell 影像至 docs/hybrid-pipeline/measurement/runs/large/cell_crops/tile_x0_y9216/cells
2026-07-07 02:41:59,208 - hybrid_pipeline - INFO - Tile tile_x0_y9216 完成: 核心擁有 27 細胞 (27 陽性), 1.79 秒
2026-07-07 02:41:59,297 - hybrid_pipeline - INFO - [21/441] 處理 tile: tile_x0_y9984
2026-07-07 02:41:59,358 - cellpose.transforms - INFO - processing image with (1024, 1024) HW, and 3 channels
2026-07-07 02:41:59,847 - m2_segmentation - INFO - Cellpose 分割完成: 78 個有效細胞
2026-07-07 02:41:59,876 - m3_module.m3_cells_generator - INFO - All-positive 標註完成: 76 個細胞
2026-07-07 02:41:59,923 - m3_module.m3_cells_generator - INFO - enlarge_cell_instances: 76 顆細胞, factor=1.50(面積), 中位半徑=34.6px, 外擴=7.8px
2026-07-07 02:41:59,924 - cellpose.transforms - INFO - processing image with (1024, 1024) HW, and 3 channels
2026-07-07 02:42:00,411 - m3_module.m3_elastic_matching - INFO - elastic_dish_nucleus_matching(overlap-first): IHC=76, DISH=58, matched(1核)=48 (其中重疊=47), drop-out(競爭落敗)=15, 無候選(計入)=13, factor=1.50, min_reach=20.0
2026-07-07 02:42:01,347 - m3_module.m3_dot_detection - INFO - detect_all_dots: 紅點=64, 黑點=127, 涉及細胞=76
2026-07-07 02:42:01,645 - m4_module.cell_crops - INFO - 匯出 55 張 per-cell 影像至 docs/hybrid-pipeline/measurement/runs/large/cell_crops/tile_x0_y9984/cells
2026-07-07 02:42:01,645 - hybrid_pipeline - INFO - Tile tile_x0_y9984 完成: 核心擁有 55 細胞 (55 陽性), 2.35 秒
2026-07-07 02:42:01,732 - hybrid_pipeline - INFO - [22/441] 處理 tile: tile_x10752_y0
2026-07-07 02:42:01,799 - cellpose.transforms - INFO - processing image with (1024, 1024) HW, and 3 channels
2026-07-07 02:42:02,245 - m2_segmentation - INFO - Cellpose 分割完成: 46 個有效細胞
2026-07-07 02:42:02,269 - m3_module.m3_cells_generator - INFO - All-positive 標註完成: 45 個細胞
2026-07-07 02:42:02,312 - m3_module.m3_cells_generator - INFO - enlarge_cell_instances: 45 顆細胞, factor=1.50(面積), 中位半徑=27.9px, 外擴=6.3px
2026-07-07 02:42:02,312 - cellpose.transforms - INFO - processing image with (1024, 1024) HW, and 3 channels
2026-07-07 02:42:02,780 - m3_module.m3_elastic_matching - INFO - elastic_dish_nucleus_matching(overlap-first): IHC=45, DISH=46, matched(1核)=30 (其中重疊=30), drop-out(競爭落敗)=8, 無候選(計入)=7, factor=1.50, min_reach=20.0
2026-07-07 02:42:03,346 - m3_module.m3_dot_detection - INFO - detect_all_dots: 紅點=27, 黑點=72, 涉及細胞=45
2026-07-07 02:42:03,556 - m4_module.cell_crops - INFO - 匯出 28 張 per-cell 影像至 docs/hybrid-pipeline/measurement/runs/large/cell_crops/tile_x10752_y0/cells
2026-07-07 02:42:03,556 - hybrid_pipeline - INFO - Tile tile_x10752_y0 完成: 核心擁有 28 細胞 (28 陽性), 1.82 秒
2026-07-07 02:42:03,643 - hybrid_pipeline - INFO - [23/441] 處理 tile: tile_x10752_y10752
2026-07-07 02:42:03,705 - cellpose.transforms - INFO - processing image with (1024, 1024) HW, and 3 channels
2026-07-07 02:42:04,123 - m2_segmentation - INFO - Cellpose 分割完成: 5 個有效細胞
2026-07-07 02:42:04,141 - m3_module.m3_cells_generator - INFO - All-positive 標註完成: 5 個細胞
2026-07-07 02:42:04,166 - m3_module.m3_cells_generator - INFO - enlarge_cell_instances: 5 顆細胞, factor=1.50(面積), 中位半徑=15.4px, 外擴=3.5px
2026-07-07 02:42:04,166 - cellpose.transforms - INFO - processing image with (1024, 1024) HW, and 3 channels
2026-07-07 02:42:04,628 - m3_module.m3_elastic_matching - INFO - elastic_dish_nucleus_matching(overlap-first): IHC=5, DISH=7, matched(1核)=3 (其中重疊=3), drop-out(競爭落敗)=1, 無候選(計入)=1, factor=1.50, min_reach=20.0
2026-07-07 02:42:04,754 - m3_module.m3_dot_detection - INFO - detect_all_dots: 紅點=2, 黑點=6, 涉及細胞=5
2026-07-07 02:42:04,824 - m4_module.cell_crops - INFO - 匯出 0 張 per-cell 影像至 docs/hybrid-pipeline/measurement/runs/large/cell_crops/tile_x10752_y10752/cells
2026-07-07 02:42:04,824 - hybrid_pipeline - INFO - Tile tile_x10752_y10752 完成: 核心擁有 0 細胞 (0 陽性), 1.18 秒
2026-07-07 02:42:04,912 - hybrid_pipeline - INFO - [24/441] 處理 tile: tile_x10752_y11520
2026-07-07 02:42:04,976 - cellpose.transforms - INFO - processing image with (1024, 1024) HW, and 3 channels
2026-07-07 02:42:05,295 - cellpose.dynamics - INFO - No cell pixels found.
2026-07-07 02:42:05,344 - m2_segmentation - INFO - Cellpose 分割完成: 0 個有效細胞
2026-07-07 02:42:05,345 - m3_module.m3_cells_generator - INFO - All-positive 標註完成: 0 個細胞
2026-07-07 02:42:05,347 - cellpose.transforms - INFO - processing image with (1024, 1024) HW, and 3 channels
2026-07-07 02:42:05,888 - m3_module.m3_dot_detection - INFO - detect_all_dots: 紅點=0, 黑點=0, 涉及細胞=0
2026-07-07 02:42:05,917 - m4_module.cell_crops - INFO - 匯出 0 張 per-cell 影像至 docs/hybrid-pipeline/measurement/runs/large/cell_crops/tile_x10752_y11520/cells
2026-07-07 02:42:05,917 - hybrid_pipeline - INFO - Tile tile_x10752_y11520 完成: 核心擁有 0 細胞 (0 陽性), 1.01 秒
2026-07-07 02:42:06,006 - hybrid_pipeline - INFO - [25/441] 處理 tile: tile_x10752_y12288
2026-07-07 02:42:06,070 - cellpose.transforms - INFO - processing image with (1024, 1024) HW, and 3 channels
2026-07-07 02:42:06,507 - m2_segmentation - INFO - Cellpose 分割完成: 25 個有效細胞
2026-07-07 02:42:06,529 - m3_module.m3_cells_generator - INFO - All-positive 標註完成: 25 個細胞
2026-07-07 02:42:06,564 - m3_module.m3_cells_generator - INFO - enlarge_cell_instances: 25 顆細胞, factor=1.50(面積), 中位半徑=25.9px, 外擴=5.8px
2026-07-07 02:42:06,564 - cellpose.transforms - INFO - processing image with (1024, 1024) HW, and 3 channels
2026-07-07 02:42:07,025 - m3_module.m3_elastic_matching - INFO - elastic_dish_nucleus_matching(overlap-first): IHC=25, DISH=16, matched(1核)=11 (其中重疊=11), drop-out(競爭落敗)=5, 無候選(計入)=9, factor=1.50, min_reach=20.0
2026-07-07 02:42:07,196 - m3_module.m3_dot_detection - INFO - detect_all_dots: 紅點=11, 黑點=25, 涉及細胞=25
2026-07-07 02:42:07,313 - m4_module.cell_crops - INFO - 匯出 7 張 per-cell 影像至 docs/hybrid-pipeline/measurement/runs/large/cell_crops/tile_x10752_y12288/cells
2026-07-07 02:42:07,313 - hybrid_pipeline - INFO - Tile tile_x10752_y12288 完成: 核心擁有 7 細胞 (7 陽性), 1.31 秒
2026-07-07 02:42:07,399 - hybrid_pipeline - INFO - [26/441] 處理 tile: tile_x10752_y13056
2026-07-07 02:42:07,461 - cellpose.transforms - INFO - processing image with (1024, 1024) HW, and 3 channels
2026-07-07 02:42:07,890 - m2_segmentation - INFO - Cellpose 分割完成: 16 個有效細胞
2026-07-07 02:42:07,909 - m3_module.m3_cells_generator - INFO - All-positive 標註完成: 16 個細胞
2026-07-07 02:42:07,940 - m3_module.m3_cells_generator - INFO - enlarge_cell_instances: 16 顆細胞, factor=1.50(面積), 中位半徑=22.2px, 外擴=5.0px
2026-07-07 02:42:07,941 - cellpose.transforms - INFO - processing image with (1024, 1024) HW, and 3 channels
2026-07-07 02:42:08,407 - m3_module.m3_elastic_matching - INFO - elastic_dish_nucleus_matching(overlap-first): IHC=16, DISH=8, matched(1核)=6 (其中重疊=6), drop-out(競爭落敗)=2, 無候選(計入)=8, factor=1.50, min_reach=20.0
2026-07-07 02:42:08,565 - m3_module.m3_dot_detection - INFO - detect_all_dots: 紅點=9, 黑點=21, 涉及細胞=16
2026-07-07 02:42:08,670 - m4_module.cell_crops - INFO - 匯出 4 張 per-cell 影像至 docs/hybrid-pipeline/measurement/runs/large/cell_crops/tile_x10752_y13056/cells
2026-07-07 02:42:08,670 - hybrid_pipeline - INFO - Tile tile_x10752_y13056 完成: 核心擁有 4 細胞 (4 陽性), 1.27 秒
2026-07-07 02:42:08,758 - hybrid_pipeline - INFO - [27/441] 處理 tile: tile_x10752_y13824
2026-07-07 02:42:08,826 - cellpose.transforms - INFO - processing image with (1024, 1024) HW, and 3 channels
2026-07-07 02:42:09,257 - m2_segmentation - INFO - Cellpose 分割完成: 24 個有效細胞
2026-07-07 02:42:09,278 - m3_module.m3_cells_generator - INFO - All-positive 標註完成: 24 個細胞
2026-07-07 02:42:09,310 - m3_module.m3_cells_generator - INFO - enlarge_cell_instances: 24 顆細胞, factor=1.50(面積), 中位半徑=29.4px, 外擴=6.6px
2026-07-07 02:42:09,311 - cellpose.transforms - INFO - processing image with (1024, 1024) HW, and 3 channels
2026-07-07 02:42:09,779 - m3_module.m3_elastic_matching - INFO - elastic_dish_nucleus_matching(overlap-first): IHC=24, DISH=15, matched(1核)=13 (其中重疊=13), drop-out(競爭落敗)=3, 無候選(計入)=8, factor=1.50, min_reach=20.0
2026-07-07 02:42:10,022 - m3_module.m3_dot_detection - INFO - detect_all_dots: 紅點=18, 黑點=40, 涉及細胞=24
2026-07-07 02:42:10,147 - m4_module.cell_crops - INFO - 匯出 12 張 per-cell 影像至 docs/hybrid-pipeline/measurement/runs/large/cell_crops/tile_x10752_y13824/cells
2026-07-07 02:42:10,147 - hybrid_pipeline - INFO - Tile tile_x10752_y13824 完成: 核心擁有 12 細胞 (12 陽性), 1.39 秒
2026-07-07 02:42:10,235 - hybrid_pipeline - INFO - [28/441] 處理 tile: tile_x10752_y14592
2026-07-07 02:42:10,299 - cellpose.transforms - INFO - processing image with (1024, 1024) HW, and 3 channels
2026-07-07 02:42:10,711 - m2_segmentation - INFO - Cellpose 分割完成: 6 個有效細胞
2026-07-07 02:42:10,731 - m3_module.m3_cells_generator - INFO - All-positive 標註完成: 6 個細胞
2026-07-07 02:42:10,757 - m3_module.m3_cells_generator - INFO - enlarge_cell_instances: 6 顆細胞, factor=1.50(面積), 中位半徑=19.5px, 外擴=4.4px
2026-07-07 02:42:10,758 - cellpose.transforms - INFO - processing image with (1024, 1024) HW, and 3 channels
2026-07-07 02:42:11,218 - m3_module.m3_elastic_matching - INFO - elastic_dish_nucleus_matching(overlap-first): IHC=6, DISH=3, matched(1核)=3 (其中重疊=3), drop-out(競爭落敗)=3, 無候選(計入)=0, factor=1.50, min_reach=20.0
2026-07-07 02:42:11,341 - m3_module.m3_dot_detection - INFO - detect_all_dots: 紅點=3, 黑點=4, 涉及細胞=6
2026-07-07 02:42:11,397 - m4_module.cell_crops - INFO - 匯出 0 張 per-cell 影像至 docs/hybrid-pipeline/measurement/runs/large/cell_crops/tile_x10752_y14592/cells
2026-07-07 02:42:11,397 - hybrid_pipeline - INFO - Tile tile_x10752_y14592 完成: 核心擁有 0 細胞 (0 陽性), 1.16 秒
2026-07-07 02:42:11,483 - hybrid_pipeline - INFO - [29/441] 處理 tile: tile_x10752_y1536
2026-07-07 02:42:11,549 - cellpose.transforms - INFO - processing image with (1024, 1024) HW, and 3 channels
2026-07-07 02:42:11,969 - m2_segmentation - INFO - Cellpose 分割完成: 27 個有效細胞
2026-07-07 02:42:11,990 - m3_module.m3_cells_generator - INFO - All-positive 標註完成: 27 個細胞
2026-07-07 02:42:12,023 - m3_module.m3_cells_generator - INFO - enlarge_cell_instances: 27 顆細胞, factor=1.50(面積), 中位半徑=25.6px, 外擴=5.8px
2026-07-07 02:42:12,023 - cellpose.transforms - INFO - processing image with (1024, 1024) HW, and 3 channels
2026-07-07 02:42:12,484 - m3_module.m3_elastic_matching - INFO - elastic_dish_nucleus_matching(overlap-first): IHC=27, DISH=15, matched(1核)=9 (其中重疊=9), drop-out(競爭落敗)=1, 無候選(計入)=17, factor=1.50, min_reach=20.0
2026-07-07 02:42:12,638 - m3_module.m3_dot_detection - INFO - detect_all_dots: 紅點=5, 黑點=12, 涉及細胞=27
2026-07-07 02:42:12,757 - m4_module.cell_crops - INFO - 匯出 5 張 per-cell 影像至 docs/hybrid-pipeline/measurement/runs/large/cell_crops/tile_x10752_y1536/cells
2026-07-07 02:42:12,757 - hybrid_pipeline - INFO - Tile tile_x10752_y1536 完成: 核心擁有 5 細胞 (5 陽性), 1.27 秒
2026-07-07 02:42:12,842 - hybrid_pipeline - INFO - [30/441] 處理 tile: tile_x10752_y15360
2026-07-07 02:42:12,905 - cellpose.transforms - INFO - processing image with (1024, 1024) HW, and 3 channels
2026-07-07 02:42:13,326 - m2_segmentation - INFO - Cellpose 分割完成: 9 個有效細胞
2026-07-07 02:42:13,345 - m3_module.m3_cells_generator - INFO - All-positive 標註完成: 9 個細胞
2026-07-07 02:42:13,376 - m3_module.m3_cells_generator - INFO - enlarge_cell_instances: 9 顆細胞, factor=1.50(面積), 中位半徑=31.5px, 外擴=7.1px
2026-07-07 02:42:13,376 - cellpose.transforms - INFO - processing image with (1024, 1024) HW, and 3 channels
2026-07-07 02:42:13,854 - m3_module.m3_elastic_matching - INFO - elastic_dish_nucleus_matching(overlap-first): IHC=9, DISH=7, matched(1核)=5 (其中重疊=5), drop-out(競爭落敗)=3, 無候選(計入)=1, factor=1.50, min_reach=20.0
2026-07-07 02:42:13,966 - m3_module.m3_dot_detection - INFO - detect_all_dots: 紅點=0, 黑點=2, 涉及細胞=9
2026-07-07 02:42:14,043 - m4_module.cell_crops - INFO - 匯出 6 張 per-cell 影像至 docs/hybrid-pipeline/measurement/runs/large/cell_crops/tile_x10752_y15360/cells
2026-07-07 02:42:14,043 - hybrid_pipeline - INFO - Tile tile_x10752_y15360 完成: 核心擁有 6 細胞 (6 陽性), 1.20 秒
2026-07-07 02:42:14,130 - hybrid_pipeline - INFO - [31/441] 處理 tile: tile_x10752_y2304
2026-07-07 02:42:14,192 - cellpose.transforms - INFO - processing image with (1024, 1024) HW, and 3 channels
2026-07-07 02:42:14,628 - m2_segmentation - INFO - Cellpose 分割完成: 53 個有效細胞
2026-07-07 02:42:14,652 - m3_module.m3_cells_generator - INFO - All-positive 標註完成: 53 個細胞
2026-07-07 02:42:14,690 - m3_module.m3_cells_generator - INFO - enlarge_cell_instances: 53 顆細胞, factor=1.50(面積), 中位半徑=24.2px, 外擴=5.4px
2026-07-07 02:42:14,691 - cellpose.transforms - INFO - processing image with (1024, 1024) HW, and 3 channels
2026-07-07 02:42:15,157 - m3_module.m3_elastic_matching - INFO - elastic_dish_nucleus_matching(overlap-first): IHC=53, DISH=28, matched(1核)=23 (其中重疊=23), drop-out(競爭落敗)=5, 無候選(計入)=25, factor=1.50, min_reach=20.0
2026-07-07 02:42:15,568 - m3_module.m3_dot_detection - INFO - detect_all_dots: 紅點=24, 黑點=44, 涉及細胞=53
2026-07-07 02:42:15,753 - m4_module.cell_crops - INFO - 匯出 10 張 per-cell 影像至 docs/hybrid-pipeline/measurement/runs/large/cell_crops/tile_x10752_y2304/cells
2026-07-07 02:42:15,753 - hybrid_pipeline - INFO - Tile tile_x10752_y2304 完成: 核心擁有 10 細胞 (10 陽性), 1.62 秒
2026-07-07 02:42:15,839 - hybrid_pipeline - INFO - [32/441] 處理 tile: tile_x10752_y3072
2026-07-07 02:42:15,902 - cellpose.transforms - INFO - processing image with (1024, 1024) HW, and 3 channels
2026-07-07 02:42:16,362 - m2_segmentation - INFO - Cellpose 分割完成: 72 個有效細胞
2026-07-07 02:42:16,389 - m3_module.m3_cells_generator - INFO - All-positive 標註完成: 72 個細胞
2026-07-07 02:42:16,430 - m3_module.m3_cells_generator - INFO - enlarge_cell_instances: 72 顆細胞, factor=1.50(面積), 中位半徑=25.4px, 外擴=5.7px
2026-07-07 02:42:16,430 - cellpose.transforms - INFO - processing image with (1024, 1024) HW, and 3 channels
2026-07-07 02:42:16,899 - m3_module.m3_elastic_matching - INFO - elastic_dish_nucleus_matching(overlap-first): IHC=72, DISH=50, matched(1核)=39 (其中重疊=39), drop-out(競爭落敗)=7, 無候選(計入)=26, factor=1.50, min_reach=20.0
2026-07-07 02:42:17,526 - m3_module.m3_dot_detection - INFO - detect_all_dots: 紅點=42, 黑點=72, 涉及細胞=72
2026-07-07 02:42:17,721 - m4_module.cell_crops - INFO - 匯出 26 張 per-cell 影像至 docs/hybrid-pipeline/measurement/runs/large/cell_crops/tile_x10752_y3072/cells
2026-07-07 02:42:17,721 - hybrid_pipeline - INFO - Tile tile_x10752_y3072 完成: 核心擁有 26 細胞 (26 陽性), 1.88 秒
2026-07-07 02:42:17,810 - hybrid_pipeline - INFO - [33/441] 處理 tile: tile_x10752_y3840
2026-07-07 02:42:17,876 - cellpose.transforms - INFO - processing image with (1024, 1024) HW, and 3 channels
2026-07-07 02:42:18,325 - m2_segmentation - INFO - Cellpose 分割完成: 61 個有效細胞
2026-07-07 02:42:18,351 - m3_module.m3_cells_generator - INFO - All-positive 標註完成: 61 個細胞
2026-07-07 02:42:18,390 - m3_module.m3_cells_generator - INFO - enlarge_cell_instances: 61 顆細胞, factor=1.50(面積), 中位半徑=29.1px, 外擴=6.5px
2026-07-07 02:42:18,390 - cellpose.transforms - INFO - processing image with (1024, 1024) HW, and 3 channels
2026-07-07 02:42:18,855 - m3_module.m3_elastic_matching - INFO - elastic_dish_nucleus_matching(overlap-first): IHC=61, DISH=46, matched(1核)=40 (其中重疊=39), drop-out(競爭落敗)=7, 無候選(計入)=14, factor=1.50, min_reach=20.0
2026-07-07 02:42:19,476 - m3_module.m3_dot_detection - INFO - detect_all_dots: 紅點=36, 黑點=72, 涉及細胞=61
2026-07-07 02:42:19,675 - m4_module.cell_crops - INFO - 匯出 29 張 per-cell 影像至 docs/hybrid-pipeline/measurement/runs/large/cell_crops/tile_x10752_y3840/cells
2026-07-07 02:42:19,675 - hybrid_pipeline - INFO - Tile tile_x10752_y3840 完成: 核心擁有 29 細胞 (29 陽性), 1.87 秒
2026-07-07 02:42:19,763 - hybrid_pipeline - INFO - [34/441] 處理 tile: tile_x10752_y4608
2026-07-07 02:42:19,832 - cellpose.transforms - INFO - processing image with (1024, 1024) HW, and 3 channels
2026-07-07 02:42:20,315 - m2_segmentation - INFO - Cellpose 分割完成: 84 個有效細胞
2026-07-07 02:42:20,344 - m3_module.m3_cells_generator - INFO - All-positive 標註完成: 84 個細胞
2026-07-07 02:42:20,390 - m3_module.m3_cells_generator - INFO - enlarge_cell_instances: 84 顆細胞, factor=1.50(面積), 中位半徑=28.4px, 外擴=6.4px
2026-07-07 02:42:20,391 - cellpose.transforms - INFO - processing image with (1024, 1024) HW, and 3 channels
2026-07-07 02:42:20,856 - m3_module.m3_elastic_matching - INFO - elastic_dish_nucleus_matching(overlap-first): IHC=84, DISH=54, matched(1核)=45 (其中重疊=45), drop-out(競爭落敗)=15, 無候選(計入)=24, factor=1.50, min_reach=20.0
2026-07-07 02:42:21,636 - m3_module.m3_dot_detection - INFO - detect_all_dots: 紅點=49, 黑點=104, 涉及細胞=84
2026-07-07 02:42:21,946 - m4_module.cell_crops - INFO - 匯出 50 張 per-cell 影像至 docs/hybrid-pipeline/measurement/runs/large/cell_crops/tile_x10752_y4608/cells
2026-07-07 02:42:21,946 - hybrid_pipeline - INFO - Tile tile_x10752_y4608 完成: 核心擁有 50 細胞 (50 陽性), 2.18 秒
2026-07-07 02:42:22,034 - hybrid_pipeline - INFO - [35/441] 處理 tile: tile_x10752_y5376
2026-07-07 02:42:22,102 - cellpose.transforms - INFO - processing image with (1024, 1024) HW, and 3 channels
2026-07-07 02:42:22,578 - m2_segmentation - INFO - Cellpose 分割完成: 97 個有效細胞
2026-07-07 02:42:22,610 - m3_module.m3_cells_generator - INFO - All-positive 標註完成: 97 個細胞
2026-07-07 02:42:22,664 - m3_module.m3_cells_generator - INFO - enlarge_cell_instances: 97 顆細胞, factor=1.50(面積), 中位半徑=29.1px, 外擴=6.5px
2026-07-07 02:42:22,664 - cellpose.transforms - INFO - processing image with (1024, 1024) HW, and 3 channels
2026-07-07 02:42:23,141 - m3_module.m3_elastic_matching - INFO - elastic_dish_nucleus_matching(overlap-first): IHC=97, DISH=66, matched(1核)=46 (其中重疊=46), drop-out(競爭落敗)=19, 無候選(計入)=32, factor=1.50, min_reach=20.0
2026-07-07 02:42:23,945 - m3_module.m3_dot_detection - INFO - detect_all_dots: 紅點=49, 黑點=101, 涉及細胞=97
2026-07-07 02:42:24,277 - m4_module.cell_crops - INFO - 匯出 57 張 per-cell 影像至 docs/hybrid-pipeline/measurement/runs/large/cell_crops/tile_x10752_y5376/cells
2026-07-07 02:42:24,277 - hybrid_pipeline - INFO - Tile tile_x10752_y5376 完成: 核心擁有 57 細胞 (57 陽性), 2.24 秒
2026-07-07 02:42:24,366 - hybrid_pipeline - INFO - [36/441] 處理 tile: tile_x10752_y6144
2026-07-07 02:42:24,432 - cellpose.transforms - INFO - processing image with (1024, 1024) HW, and 3 channels
2026-07-07 02:42:24,946 - m2_segmentation - INFO - Cellpose 分割完成: 141 個有效細胞
2026-07-07 02:42:24,984 - m3_module.m3_cells_generator - INFO - All-positive 標註完成: 141 個細胞
2026-07-07 02:42:25,039 - m3_module.m3_cells_generator - INFO - enlarge_cell_instances: 141 顆細胞, factor=1.50(面積), 中位半徑=28.7px, 外擴=6.4px
2026-07-07 02:42:25,040 - cellpose.transforms - INFO - processing image with (1024, 1024) HW, and 3 channels
2026-07-07 02:42:25,515 - m3_module.m3_elastic_matching - INFO - elastic_dish_nucleus_matching(overlap-first): IHC=141, DISH=90, matched(1核)=73 (其中重疊=73), drop-out(競爭落敗)=29, 無候選(計入)=39, factor=1.50, min_reach=20.0
2026-07-07 02:42:26,962 - m3_module.m3_dot_detection - INFO - detect_all_dots: 紅點=90, 黑點=206, 涉及細胞=141
2026-07-07 02:42:27,381 - m4_module.cell_crops - INFO - 匯出 81 張 per-cell 影像至 docs/hybrid-pipeline/measurement/runs/large/cell_crops/tile_x10752_y6144/cells
2026-07-07 02:42:27,382 - hybrid_pipeline - INFO - Tile tile_x10752_y6144 完成: 核心擁有 81 細胞 (81 陽性), 3.02 秒
2026-07-07 02:42:27,472 - hybrid_pipeline - INFO - [37/441] 處理 tile: tile_x10752_y6912
2026-07-07 02:42:27,541 - cellpose.transforms - INFO - processing image with (1024, 1024) HW, and 3 channels
2026-07-07 02:42:27,969 - m2_segmentation - INFO - Cellpose 分割完成: 30 個有效細胞
2026-07-07 02:42:27,992 - m3_module.m3_cells_generator - INFO - All-positive 標註完成: 30 個細胞
2026-07-07 02:42:28,031 - m3_module.m3_cells_generator - INFO - enlarge_cell_instances: 30 顆細胞, factor=1.50(面積), 中位半徑=28.4px, 外擴=6.4px
2026-07-07 02:42:28,032 - cellpose.transforms - INFO - processing image with (1024, 1024) HW, and 3 channels
2026-07-07 02:42:28,495 - m3_module.m3_elastic_matching - INFO - elastic_dish_nucleus_matching(overlap-first): IHC=30, DISH=34, matched(1核)=19 (其中重疊=19), drop-out(競爭落敗)=4, 無候選(計入)=7, factor=1.50, min_reach=20.0
2026-07-07 02:42:28,879 - m3_module.m3_dot_detection - INFO - detect_all_dots: 紅點=30, 黑點=61, 涉及細胞=30
2026-07-07 02:42:29,087 - m4_module.cell_crops - INFO - 匯出 16 張 per-cell 影像至 docs/hybrid-pipeline/measurement/runs/large/cell_crops/tile_x10752_y6912/cells
2026-07-07 02:42:29,087 - hybrid_pipeline - INFO - Tile tile_x10752_y6912 完成: 核心擁有 16 細胞 (16 陽性), 1.61 秒
2026-07-07 02:42:29,177 - hybrid_pipeline - INFO - [38/441] 處理 tile: tile_x10752_y768
2026-07-07 02:42:29,246 - cellpose.transforms - INFO - processing image with (1024, 1024) HW, and 3 channels
2026-07-07 02:42:29,684 - m2_segmentation - INFO - Cellpose 分割完成: 38 個有效細胞
2026-07-07 02:42:29,707 - m3_module.m3_cells_generator - INFO - All-positive 標註完成: 38 個細胞
2026-07-07 02:42:29,743 - m3_module.m3_cells_generator - INFO - enlarge_cell_instances: 38 顆細胞, factor=1.50(面積), 中位半徑=25.2px, 外擴=5.7px
2026-07-07 02:42:29,743 - cellpose.transforms - INFO - processing image with (1024, 1024) HW, and 3 channels
2026-07-07 02:42:30,221 - m3_module.m3_elastic_matching - INFO - elastic_dish_nucleus_matching(overlap-first): IHC=38, DISH=33, matched(1核)=26 (其中重疊=26), drop-out(競爭落敗)=3, 無候選(計入)=9, factor=1.50, min_reach=20.0
2026-07-07 02:42:30,718 - m3_module.m3_dot_detection - INFO - detect_all_dots: 紅點=33, 黑點=74, 涉及細胞=38
2026-07-07 02:42:30,894 - m4_module.cell_crops - INFO - 匯出 29 張 per-cell 影像至 docs/hybrid-pipeline/measurement/runs/large/cell_crops/tile_x10752_y768/cells
2026-07-07 02:42:30,894 - hybrid_pipeline - INFO - Tile tile_x10752_y768 完成: 核心擁有 29 細胞 (29 陽性), 1.72 秒
2026-07-07 02:42:30,980 - hybrid_pipeline - INFO - [39/441] 處理 tile: tile_x10752_y7680
2026-07-07 02:42:31,044 - hybrid_pipeline - INFO - Tile tile_x10752_y7680: 核心遮罩全空 → 空白 placeholder
2026-07-07 02:42:31,127 - hybrid_pipeline - INFO - [40/441] 處理 tile: tile_x10752_y8448
2026-07-07 02:42:31,190 - cellpose.transforms - INFO - processing image with (1024, 1024) HW, and 3 channels
2026-07-07 02:42:31,629 - m2_segmentation - INFO - Cellpose 分割完成: 50 個有效細胞
2026-07-07 02:42:31,654 - m3_module.m3_cells_generator - INFO - All-positive 標註完成: 50 個細胞
2026-07-07 02:42:31,697 - m3_module.m3_cells_generator - INFO - enlarge_cell_instances: 50 顆細胞, factor=1.50(面積), 中位半徑=27.8px, 外擴=6.2px
2026-07-07 02:42:31,697 - cellpose.transforms - INFO - processing image with (1024, 1024) HW, and 3 channels
2026-07-07 02:42:32,163 - m3_module.m3_elastic_matching - INFO - elastic_dish_nucleus_matching(overlap-first): IHC=50, DISH=40, matched(1核)=24 (其中重疊=24), drop-out(競爭落敗)=8, 無候選(計入)=18, factor=1.50, min_reach=20.0
2026-07-07 02:42:32,667 - m3_module.m3_dot_detection - INFO - detect_all_dots: 紅點=26, 黑點=62, 涉及細胞=50
2026-07-07 02:42:32,900 - m4_module.cell_crops - INFO - 匯出 30 張 per-cell 影像至 docs/hybrid-pipeline/measurement/runs/large/cell_crops/tile_x10752_y8448/cells
2026-07-07 02:42:32,900 - hybrid_pipeline - INFO - Tile tile_x10752_y8448 完成: 核心擁有 30 細胞 (30 陽性), 1.77 秒
2026-07-07 02:42:32,987 - hybrid_pipeline - INFO - [41/441] 處理 tile: tile_x10752_y9216
2026-07-07 02:42:33,053 - cellpose.transforms - INFO - processing image with (1024, 1024) HW, and 3 channels
2026-07-07 02:42:33,520 - m2_segmentation - INFO - Cellpose 分割完成: 84 個有效細胞
2026-07-07 02:42:33,549 - m3_module.m3_cells_generator - INFO - All-positive 標註完成: 84 個細胞
2026-07-07 02:42:33,593 - m3_module.m3_cells_generator - INFO - enlarge_cell_instances: 84 顆細胞, factor=1.50(面積), 中位半徑=27.3px, 外擴=6.1px
2026-07-07 02:42:33,593 - cellpose.transforms - INFO - processing image with (1024, 1024) HW, and 3 channels
2026-07-07 02:42:34,062 - m3_module.m3_elastic_matching - INFO - elastic_dish_nucleus_matching(overlap-first): IHC=84, DISH=66, matched(1核)=54 (其中重疊=54), drop-out(競爭落敗)=17, 無候選(計入)=13, factor=1.50, min_reach=20.0
2026-07-07 02:42:35,065 - m3_module.m3_dot_detection - INFO - detect_all_dots: 紅點=61, 黑點=151, 涉及細胞=84
2026-07-07 02:42:35,382 - m4_module.cell_crops - INFO - 匯出 49 張 per-cell 影像至 docs/hybrid-pipeline/measurement/runs/large/cell_crops/tile_x10752_y9216/cells
2026-07-07 02:42:35,382 - hybrid_pipeline - INFO - Tile tile_x10752_y9216 完成: 核心擁有 49 細胞 (49 陽性), 2.40 秒
2026-07-07 02:42:35,470 - hybrid_pipeline - INFO - [42/441] 處理 tile: tile_x10752_y9984
2026-07-07 02:42:35,537 - cellpose.transforms - INFO - processing image with (1024, 1024) HW, and 3 channels
2026-07-07 02:42:35,990 - m2_segmentation - INFO - Cellpose 分割完成: 52 個有效細胞
2026-07-07 02:42:36,015 - m3_module.m3_cells_generator - INFO - All-positive 標註完成: 52 個細胞
2026-07-07 02:42:36,054 - m3_module.m3_cells_generator - INFO - enlarge_cell_instances: 52 顆細胞, factor=1.50(面積), 中位半徑=29.1px, 外擴=6.5px
2026-07-07 02:42:36,054 - cellpose.transforms - INFO - processing image with (1024, 1024) HW, and 3 channels
2026-07-07 02:42:36,523 - m3_module.m3_elastic_matching - INFO - elastic_dish_nucleus_matching(overlap-first): IHC=52, DISH=41, matched(1核)=33 (其中重疊=33), drop-out(競爭落敗)=8, 無候選(計入)=11, factor=1.50, min_reach=20.0
2026-07-07 02:42:37,269 - m3_module.m3_dot_detection - INFO - detect_all_dots: 紅點=47, 黑點=123, 涉及細胞=52
2026-07-07 02:42:37,500 - m4_module.cell_crops - INFO - 匯出 36 張 per-cell 影像至 docs/hybrid-pipeline/measurement/runs/large/cell_crops/tile_x10752_y9984/cells
2026-07-07 02:42:37,500 - hybrid_pipeline - INFO - Tile tile_x10752_y9984 完成: 核心擁有 36 細胞 (36 陽性), 2.03 秒
2026-07-07 02:42:37,587 - hybrid_pipeline - INFO - [43/441] 處理 tile: tile_x11520_y0
2026-07-07 02:42:37,650 - cellpose.transforms - INFO - processing image with (1024, 1024) HW, and 3 channels
2026-07-07 02:42:37,963 - cellpose.dynamics - INFO - No cell pixels found.
2026-07-07 02:42:38,011 - m2_segmentation - INFO - Cellpose 分割完成: 0 個有效細胞
2026-07-07 02:42:38,012 - m3_module.m3_cells_generator - INFO - All-positive 標註完成: 0 個細胞
2026-07-07 02:42:38,015 - cellpose.transforms - INFO - processing image with (1024, 1024) HW, and 3 channels
2026-07-07 02:42:38,546 - m3_module.m3_dot_detection - INFO - detect_all_dots: 紅點=0, 黑點=0, 涉及細胞=0
2026-07-07 02:42:38,574 - m4_module.cell_crops - INFO - 匯出 0 張 per-cell 影像至 docs/hybrid-pipeline/measurement/runs/large/cell_crops/tile_x11520_y0/cells
2026-07-07 02:42:38,574 - hybrid_pipeline - INFO - Tile tile_x11520_y0 完成: 核心擁有 0 細胞 (0 陽性), 0.99 秒
2026-07-07 02:42:38,659 - hybrid_pipeline - INFO - [44/441] 處理 tile: tile_x11520_y10752
2026-07-07 02:42:38,722 - cellpose.transforms - INFO - processing image with (1024, 1024) HW, and 3 channels
2026-07-07 02:42:39,157 - m2_segmentation - INFO - Cellpose 分割完成: 4 個有效細胞
2026-07-07 02:42:39,175 - m3_module.m3_cells_generator - INFO - All-positive 標註完成: 4 個細胞
2026-07-07 02:42:39,204 - m3_module.m3_cells_generator - INFO - enlarge_cell_instances: 4 顆細胞, factor=1.50(面積), 中位半徑=27.3px, 外擴=6.1px
2026-07-07 02:42:39,204 - cellpose.transforms - INFO - processing image with (1024, 1024) HW, and 3 channels
2026-07-07 02:42:39,653 - m3_module.m3_elastic_matching - INFO - elastic_dish_nucleus_matching(overlap-first): IHC=4, DISH=1, matched(1核)=0 (其中重疊=0), drop-out(競爭落敗)=0, 無候選(計入)=4, factor=1.50, min_reach=20.0
2026-07-07 02:42:39,741 - m3_module.m3_dot_detection - INFO - detect_all_dots: 紅點=0, 黑點=0, 涉及細胞=4
2026-07-07 02:42:39,793 - m4_module.cell_crops - INFO - 匯出 2 張 per-cell 影像至 docs/hybrid-pipeline/measurement/runs/large/cell_crops/tile_x11520_y10752/cells
2026-07-07 02:42:39,793 - hybrid_pipeline - INFO - Tile tile_x11520_y10752 完成: 核心擁有 2 細胞 (2 陽性), 1.13 秒
2026-07-07 02:42:39,880 - hybrid_pipeline - INFO - [45/441] 處理 tile: tile_x11520_y11520
2026-07-07 02:42:39,942 - cellpose.transforms - INFO - processing image with (1024, 1024) HW, and 3 channels
2026-07-07 02:42:40,376 - m2_segmentation - INFO - Cellpose 分割完成: 30 個有效細胞
2026-07-07 02:42:40,399 - m3_module.m3_cells_generator - INFO - All-positive 標註完成: 30 個細胞
2026-07-07 02:42:40,442 - m3_module.m3_cells_generator - INFO - enlarge_cell_instances: 30 顆細胞, factor=1.50(面積), 中位半徑=24.7px, 外擴=5.5px
2026-07-07 02:42:40,443 - cellpose.transforms - INFO - processing image with (1024, 1024) HW, and 3 channels
2026-07-07 02:42:40,897 - m3_module.m3_elastic_matching - INFO - elastic_dish_nucleus_matching(overlap-first): IHC=30, DISH=17, matched(1核)=12 (其中重疊=12), drop-out(競爭落敗)=4, 無候選(計入)=14, factor=1.50, min_reach=20.0
2026-07-07 02:42:41,104 - m3_module.m3_dot_detection - INFO - detect_all_dots: 紅點=11, 黑點=25, 涉及細胞=30
2026-07-07 02:42:41,224 - m4_module.cell_crops - INFO - 匯出 9 張 per-cell 影像至 docs/hybrid-pipeline/measurement/runs/large/cell_crops/tile_x11520_y11520/cells
2026-07-07 02:42:41,224 - hybrid_pipeline - INFO - Tile tile_x11520_y11520 完成: 核心擁有 9 細胞 (9 陽性), 1.34 秒
2026-07-07 02:42:41,311 - hybrid_pipeline - INFO - [46/441] 處理 tile: tile_x11520_y12288
2026-07-07 02:42:41,373 - cellpose.transforms - INFO - processing image with (1024, 1024) HW, and 3 channels
2026-07-07 02:42:41,883 - m2_segmentation - INFO - Cellpose 分割完成: 94 個有效細胞
2026-07-07 02:42:41,913 - m3_module.m3_cells_generator - INFO - All-positive 標註完成: 94 個細胞
2026-07-07 02:42:41,966 - m3_module.m3_cells_generator - INFO - enlarge_cell_instances: 94 顆細胞, factor=1.50(面積), 中位半徑=26.6px, 外擴=6.0px
2026-07-07 02:42:41,966 - cellpose.transforms - INFO - processing image with (1024, 1024) HW, and 3 channels
2026-07-07 02:42:42,441 - m3_module.m3_elastic_matching - INFO - elastic_dish_nucleus_matching(overlap-first): IHC=94, DISH=69, matched(1核)=53 (其中重疊=53), drop-out(競爭落敗)=21, 無候選(計入)=20, factor=1.50, min_reach=20.0
2026-07-07 02:42:43,267 - m3_module.m3_dot_detection - INFO - detect_all_dots: 紅點=46, 黑點=119, 涉及細胞=94
2026-07-07 02:42:43,615 - m4_module.cell_crops - INFO - 匯出 62 張 per-cell 影像至 docs/hybrid-pipeline/measurement/runs/large/cell_crops/tile_x11520_y12288/cells
2026-07-07 02:42:43,615 - hybrid_pipeline - INFO - Tile tile_x11520_y12288 完成: 核心擁有 62 細胞 (62 陽性), 2.30 秒
2026-07-07 02:42:43,702 - hybrid_pipeline - INFO - [47/441] 處理 tile: tile_x11520_y13056
2026-07-07 02:42:43,775 - cellpose.transforms - INFO - processing image with (1024, 1024) HW, and 3 channels
2026-07-07 02:42:44,221 - m2_segmentation - INFO - Cellpose 分割完成: 49 個有效細胞
2026-07-07 02:42:44,245 - m3_module.m3_cells_generator - INFO - All-positive 標註完成: 49 個細胞
2026-07-07 02:42:44,295 - m3_module.m3_cells_generator - INFO - enlarge_cell_instances: 49 顆細胞, factor=1.50(面積), 中位半徑=24.3px, 外擴=5.5px
2026-07-07 02:42:44,296 - cellpose.transforms - INFO - processing image with (1024, 1024) HW, and 3 channels
2026-07-07 02:42:44,761 - m3_module.m3_elastic_matching - INFO - elastic_dish_nucleus_matching(overlap-first): IHC=49, DISH=33, matched(1核)=25 (其中重疊=24), drop-out(競爭落敗)=9, 無候選(計入)=15, factor=1.50, min_reach=20.0
2026-07-07 02:42:45,306 - m3_module.m3_dot_detection - INFO - detect_all_dots: 紅點=32, 黑點=78, 涉及細胞=49
2026-07-07 02:42:45,515 - m4_module.cell_crops - INFO - 匯出 15 張 per-cell 影像至 docs/hybrid-pipeline/measurement/runs/large/cell_crops/tile_x11520_y13056/cells
2026-07-07 02:42:45,515 - hybrid_pipeline - INFO - Tile tile_x11520_y13056 完成: 核心擁有 15 細胞 (15 陽性), 1.81 秒
2026-07-07 02:42:45,604 - hybrid_pipeline - INFO - [48/441] 處理 tile: tile_x11520_y13824
2026-07-07 02:42:45,666 - cellpose.transforms - INFO - processing image with (1024, 1024) HW, and 3 channels
2026-07-07 02:42:46,185 - m2_segmentation - INFO - Cellpose 分割完成: 103 個有效細胞
2026-07-07 02:42:46,217 - m3_module.m3_cells_generator - INFO - All-positive 標註完成: 103 個細胞
2026-07-07 02:42:46,271 - m3_module.m3_cells_generator - INFO - enlarge_cell_instances: 103 顆細胞, factor=1.50(面積), 中位半徑=27.9px, 外擴=6.3px
2026-07-07 02:42:46,271 - cellpose.transforms - INFO - processing image with (1024, 1024) HW, and 3 channels
2026-07-07 02:42:46,748 - m3_module.m3_elastic_matching - INFO - elastic_dish_nucleus_matching(overlap-first): IHC=103, DISH=69, matched(1核)=60 (其中重疊=60), drop-out(競爭落敗)=14, 無候選(計入)=29, factor=1.50, min_reach=20.0
2026-07-07 02:42:47,925 - m3_module.m3_dot_detection - INFO - detect_all_dots: 紅點=80, 黑點=183, 涉及細胞=103
2026-07-07 02:42:48,321 - m4_module.cell_crops - INFO - 匯出 64 張 per-cell 影像至 docs/hybrid-pipeline/measurement/runs/large/cell_crops/tile_x11520_y13824/cells
2026-07-07 02:42:48,321 - hybrid_pipeline - INFO - Tile tile_x11520_y13824 完成: 核心擁有 64 細胞 (64 陽性), 2.72 秒
2026-07-07 02:42:48,408 - hybrid_pipeline - INFO - [49/441] 處理 tile: tile_x11520_y14592
2026-07-07 02:42:48,471 - cellpose.transforms - INFO - processing image with (1024, 1024) HW, and 3 channels
2026-07-07 02:42:48,911 - m2_segmentation - INFO - Cellpose 分割完成: 35 個有效細胞
2026-07-07 02:42:48,934 - m3_module.m3_cells_generator - INFO - All-positive 標註完成: 35 個細胞
2026-07-07 02:42:48,978 - m3_module.m3_cells_generator - INFO - enlarge_cell_instances: 35 顆細胞, factor=1.50(面積), 中位半徑=26.5px, 外擴=5.9px
2026-07-07 02:42:48,978 - cellpose.transforms - INFO - processing image with (1024, 1024) HW, and 3 channels
2026-07-07 02:42:49,434 - m3_module.m3_elastic_matching - INFO - elastic_dish_nucleus_matching(overlap-first): IHC=35, DISH=19, matched(1核)=16 (其中重疊=16), drop-out(競爭落敗)=6, 無候選(計入)=13, factor=1.50, min_reach=20.0
2026-07-07 02:42:49,731 - m3_module.m3_dot_detection - INFO - detect_all_dots: 紅點=14, 黑點=29, 涉及細胞=35
2026-07-07 02:42:49,877 - m4_module.cell_crops - INFO - 匯出 6 張 per-cell 影像至 docs/hybrid-pipeline/measurement/runs/large/cell_crops/tile_x11520_y14592/cells
2026-07-07 02:42:49,877 - hybrid_pipeline - INFO - Tile tile_x11520_y14592 完成: 核心擁有 6 細胞 (6 陽性), 1.47 秒
2026-07-07 02:42:49,964 - hybrid_pipeline - INFO - [50/441] 處理 tile: tile_x11520_y1536
2026-07-07 02:42:50,032 - cellpose.transforms - INFO - processing image with (1024, 1024) HW, and 3 channels
2026-07-07 02:42:50,480 - m2_segmentation - INFO - Cellpose 分割完成: 61 個有效細胞
2026-07-07 02:42:50,507 - m3_module.m3_cells_generator - INFO - All-positive 標註完成: 61 個細胞
2026-07-07 02:42:50,559 - m3_module.m3_cells_generator - INFO - enlarge_cell_instances: 61 顆細胞, factor=1.50(面積), 中位半徑=29.9px, 外擴=6.7px
2026-07-07 02:42:50,559 - cellpose.transforms - INFO - processing image with (1024, 1024) HW, and 3 channels
2026-07-07 02:42:51,024 - m3_module.m3_elastic_matching - INFO - elastic_dish_nucleus_matching(overlap-first): IHC=61, DISH=31, matched(1核)=26 (其中重疊=26), drop-out(競爭落敗)=7, 無候選(計入)=28, factor=1.50, min_reach=20.0
2026-07-07 02:42:51,416 - m3_module.m3_dot_detection - INFO - detect_all_dots: 紅點=17, 黑點=46, 涉及細胞=61
2026-07-07 02:42:51,641 - m4_module.cell_crops - INFO - 匯出 39 張 per-cell 影像至 docs/hybrid-pipeline/measurement/runs/large/cell_crops/tile_x11520_y1536/cells
2026-07-07 02:42:51,641 - hybrid_pipeline - INFO - Tile tile_x11520_y1536 完成: 核心擁有 39 細胞 (39 陽性), 1.68 秒
2026-07-07 02:42:51,728 - hybrid_pipeline - INFO - [51/441] 處理 tile: tile_x11520_y15360
2026-07-07 02:42:51,794 - cellpose.transforms - INFO - processing image with (1024, 1024) HW, and 3 channels
2026-07-07 02:42:52,253 - m2_segmentation - INFO - Cellpose 分割完成: 51 個有效細胞
2026-07-07 02:42:52,279 - m3_module.m3_cells_generator - INFO - All-positive 標註完成: 48 個細胞
2026-07-07 02:42:52,328 - m3_module.m3_cells_generator - INFO - enlarge_cell_instances: 48 顆細胞, factor=1.50(面積), 中位半徑=27.3px, 外擴=6.1px
2026-07-07 02:42:52,329 - cellpose.transforms - INFO - processing image with (1024, 1024) HW, and 3 channels
2026-07-07 02:42:52,792 - m3_module.m3_elastic_matching - INFO - elastic_dish_nucleus_matching(overlap-first): IHC=48, DISH=34, matched(1核)=26 (其中重疊=25), drop-out(競爭落敗)=8, 無候選(計入)=14, factor=1.50, min_reach=20.0
2026-07-07 02:42:53,173 - m3_module.m3_dot_detection - INFO - detect_all_dots: 紅點=17, 黑點=39, 涉及細胞=48
2026-07-07 02:42:53,427 - m4_module.cell_crops - INFO - 匯出 36 張 per-cell 影像至 docs/hybrid-pipeline/measurement/runs/large/cell_crops/tile_x11520_y15360/cells
2026-07-07 02:42:53,427 - hybrid_pipeline - INFO - Tile tile_x11520_y15360 完成: 核心擁有 36 細胞 (36 陽性), 1.70 秒
2026-07-07 02:42:53,513 - hybrid_pipeline - INFO - [52/441] 處理 tile: tile_x11520_y2304
2026-07-07 02:42:53,576 - cellpose.transforms - INFO - processing image with (1024, 1024) HW, and 3 channels
2026-07-07 02:42:54,099 - m2_segmentation - INFO - Cellpose 分割完成: 149 個有效細胞
2026-07-07 02:42:54,138 - m3_module.m3_cells_generator - INFO - All-positive 標註完成: 149 個細胞
2026-07-07 02:42:54,194 - m3_module.m3_cells_generator - INFO - enlarge_cell_instances: 149 顆細胞, factor=1.50(面積), 中位半徑=26.6px, 外擴=6.0px
2026-07-07 02:42:54,194 - cellpose.transforms - INFO - processing image with (1024, 1024) HW, and 3 channels
2026-07-07 02:42:54,658 - m3_module.m3_elastic_matching - INFO - elastic_dish_nucleus_matching(overlap-first): IHC=149, DISH=63, matched(1核)=59 (其中重疊=59), drop-out(競爭落敗)=34, 無候選(計入)=56, factor=1.50, min_reach=20.0
2026-07-07 02:42:55,539 - m3_module.m3_dot_detection - INFO - detect_all_dots: 紅點=47, 黑點=117, 涉及細胞=149
2026-07-07 02:42:55,959 - m4_module.cell_crops - INFO - 匯出 84 張 per-cell 影像至 docs/hybrid-pipeline/measurement/runs/large/cell_crops/tile_x11520_y2304/cells
2026-07-07 02:42:55,959 - hybrid_pipeline - INFO - Tile tile_x11520_y2304 完成: 核心擁有 84 細胞 (84 陽性), 2.45 秒
2026-07-07 02:42:56,046 - hybrid_pipeline - INFO - [53/441] 處理 tile: tile_x11520_y3072
2026-07-07 02:42:56,115 - cellpose.transforms - INFO - processing image with (1024, 1024) HW, and 3 channels
2026-07-07 02:42:56,561 - m2_segmentation - INFO - Cellpose 分割完成: 82 個有效細胞
2026-07-07 02:42:56,590 - m3_module.m3_cells_generator - INFO - All-positive 標註完成: 82 個細胞
2026-07-07 02:42:56,635 - m3_module.m3_cells_generator - INFO - enlarge_cell_instances: 82 顆細胞, factor=1.50(面積), 中位半徑=22.9px, 外擴=5.1px
2026-07-07 02:42:56,635 - cellpose.transforms - INFO - processing image with (1024, 1024) HW, and 3 channels
2026-07-07 02:42:57,098 - m3_module.m3_elastic_matching - INFO - elastic_dish_nucleus_matching(overlap-first): IHC=82, DISH=39, matched(1核)=36 (其中重疊=36), drop-out(競爭落敗)=16, 無候選(計入)=30, factor=1.50, min_reach=20.0
2026-07-07 02:42:57,718 - m3_module.m3_dot_detection - INFO - detect_all_dots: 紅點=35, 黑點=91, 涉及細胞=82
2026-07-07 02:42:57,960 - m4_module.cell_crops - INFO - 匯出 41 張 per-cell 影像至 docs/hybrid-pipeline/measurement/runs/large/cell_crops/tile_x11520_y3072/cells
2026-07-07 02:42:57,960 - hybrid_pipeline - INFO - Tile tile_x11520_y3072 完成: 核心擁有 41 細胞 (41 陽性), 1.91 秒
2026-07-07 02:42:58,049 - hybrid_pipeline - INFO - [54/441] 處理 tile: tile_x11520_y3840
2026-07-07 02:42:58,110 - hybrid_pipeline - INFO - Tile tile_x11520_y3840: 核心遮罩全空 → 空白 placeholder
2026-07-07 02:42:58,192 - hybrid_pipeline - INFO - [55/441] 處理 tile: tile_x11520_y4608
2026-07-07 02:42:58,260 - cellpose.transforms - INFO - processing image with (1024, 1024) HW, and 3 channels
2026-07-07 02:42:58,572 - cellpose.dynamics - INFO - No cell pixels found.
2026-07-07 02:42:58,619 - m2_segmentation - INFO - Cellpose 分割完成: 0 個有效細胞
2026-07-07 02:42:58,620 - m3_module.m3_cells_generator - INFO - All-positive 標註完成: 0 個細胞
2026-07-07 02:42:58,622 - cellpose.transforms - INFO - processing image with (1024, 1024) HW, and 3 channels
2026-07-07 02:42:59,152 - m3_module.m3_dot_detection - INFO - detect_all_dots: 紅點=0, 黑點=0, 涉及細胞=0
2026-07-07 02:42:59,182 - m4_module.cell_crops - INFO - 匯出 0 張 per-cell 影像至 docs/hybrid-pipeline/measurement/runs/large/cell_crops/tile_x11520_y4608/cells
2026-07-07 02:42:59,182 - hybrid_pipeline - INFO - Tile tile_x11520_y4608 完成: 核心擁有 0 細胞 (0 陽性), 0.99 秒
2026-07-07 02:42:59,269 - hybrid_pipeline - INFO - [56/441] 處理 tile: tile_x11520_y5376
2026-07-07 02:42:59,334 - cellpose.transforms - INFO - processing image with (1024, 1024) HW, and 3 channels
2026-07-07 02:42:59,768 - m2_segmentation - INFO - Cellpose 分割完成: 22 個有效細胞
2026-07-07 02:42:59,788 - m3_module.m3_cells_generator - INFO - All-positive 標註完成: 22 個細胞
2026-07-07 02:42:59,820 - m3_module.m3_cells_generator - INFO - enlarge_cell_instances: 22 顆細胞, factor=1.50(面積), 中位半徑=20.9px, 外擴=4.7px
2026-07-07 02:42:59,820 - cellpose.transforms - INFO - processing image with (1024, 1024) HW, and 3 channels
2026-07-07 02:43:00,276 - m3_module.m3_elastic_matching - INFO - elastic_dish_nucleus_matching(overlap-first): IHC=22, DISH=14, matched(1核)=9 (其中重疊=9), drop-out(競爭落敗)=1, 無候選(計入)=12, factor=1.50, min_reach=20.0
2026-07-07 02:43:00,438 - m3_module.m3_dot_detection - INFO - detect_all_dots: 紅點=6, 黑點=10, 涉及細胞=22
2026-07-07 02:43:00,539 - m4_module.cell_crops - INFO - 匯出 7 張 per-cell 影像至 docs/hybrid-pipeline/measurement/runs/large/cell_crops/tile_x11520_y5376/cells
2026-07-07 02:43:00,540 - hybrid_pipeline - INFO - Tile tile_x11520_y5376 完成: 核心擁有 7 細胞 (7 陽性), 1.27 秒
2026-07-07 02:43:00,629 - hybrid_pipeline - INFO - [57/441] 處理 tile: tile_x11520_y6144
2026-07-07 02:43:00,691 - cellpose.transforms - INFO - processing image with (1024, 1024) HW, and 3 channels
2026-07-07 02:43:01,122 - m2_segmentation - INFO - Cellpose 分割完成: 29 個有效細胞
2026-07-07 02:43:01,144 - m3_module.m3_cells_generator - INFO - All-positive 標註完成: 29 個細胞
2026-07-07 02:43:01,175 - m3_module.m3_cells_generator - INFO - enlarge_cell_instances: 29 顆細胞, factor=1.50(面積), 中位半徑=26.3px, 外擴=5.9px
2026-07-07 02:43:01,175 - cellpose.transforms - INFO - processing image with (1024, 1024) HW, and 3 channels
2026-07-07 02:43:01,636 - m3_module.m3_elastic_matching - INFO - elastic_dish_nucleus_matching(overlap-first): IHC=29, DISH=25, matched(1核)=16 (其中重疊=16), drop-out(競爭落敗)=4, 無候選(計入)=9, factor=1.50, min_reach=20.0
2026-07-07 02:43:01,890 - m3_module.m3_dot_detection - INFO - detect_all_dots: 紅點=17, 黑點=40, 涉及細胞=29
2026-07-07 02:43:02,054 - m4_module.cell_crops - INFO - 匯出 14 張 per-cell 影像至 docs/hybrid-pipeline/measurement/runs/large/cell_crops/tile_x11520_y6144/cells
2026-07-07 02:43:02,054 - hybrid_pipeline - INFO - Tile tile_x11520_y6144 完成: 核心擁有 14 細胞 (14 陽性), 1.43 秒
2026-07-07 02:43:02,142 - hybrid_pipeline - INFO - [58/441] 處理 tile: tile_x11520_y6912
2026-07-07 02:43:02,202 - cellpose.transforms - INFO - processing image with (1024, 1024) HW, and 3 channels
2026-07-07 02:43:02,612 - m2_segmentation - INFO - Cellpose 分割完成: 6 個有效細胞
2026-07-07 02:43:02,630 - m3_module.m3_cells_generator - INFO - All-positive 標註完成: 6 個細胞
2026-07-07 02:43:02,656 - m3_module.m3_cells_generator - INFO - enlarge_cell_instances: 6 顆細胞, factor=1.50(面積), 中位半徑=18.5px, 外擴=4.2px
2026-07-07 02:43:02,656 - cellpose.transforms - INFO - processing image with (1024, 1024) HW, and 3 channels
2026-07-07 02:43:03,120 - m3_module.m3_elastic_matching - INFO - elastic_dish_nucleus_matching(overlap-first): IHC=6, DISH=2, matched(1核)=1 (其中重疊=1), drop-out(競爭落敗)=0, 無候選(計入)=5, factor=1.50, min_reach=20.0
2026-07-07 02:43:03,231 - m3_module.m3_dot_detection - INFO - detect_all_dots: 紅點=3, 黑點=4, 涉及細胞=6
2026-07-07 02:43:03,300 - m4_module.cell_crops - INFO - 匯出 0 張 per-cell 影像至 docs/hybrid-pipeline/measurement/runs/large/cell_crops/tile_x11520_y6912/cells
2026-07-07 02:43:03,300 - hybrid_pipeline - INFO - Tile tile_x11520_y6912 完成: 核心擁有 0 細胞 (0 陽性), 1.16 秒
2026-07-07 02:43:03,389 - hybrid_pipeline - INFO - [59/441] 處理 tile: tile_x11520_y768
2026-07-07 02:43:03,455 - cellpose.transforms - INFO - processing image with (1024, 1024) HW, and 3 channels
2026-07-07 02:43:03,859 - m2_segmentation - INFO - Cellpose 分割完成: 3 個有效細胞
2026-07-07 02:43:03,877 - m3_module.m3_cells_generator - INFO - All-positive 標註完成: 3 個細胞
2026-07-07 02:43:03,902 - m3_module.m3_cells_generator - INFO - enlarge_cell_instances: 3 顆細胞, factor=1.50(面積), 中位半徑=16.0px, 外擴=3.6px
2026-07-07 02:43:03,902 - cellpose.transforms - INFO - processing image with (1024, 1024) HW, and 3 channels
2026-07-07 02:43:04,444 - m3_module.m3_dot_detection - INFO - detect_all_dots: 紅點=0, 黑點=0, 涉及細胞=3
2026-07-07 02:43:04,486 - m4_module.cell_crops - INFO - 匯出 2 張 per-cell 影像至 docs/hybrid-pipeline/measurement/runs/large/cell_crops/tile_x11520_y768/cells
2026-07-07 02:43:04,486 - hybrid_pipeline - INFO - Tile tile_x11520_y768 完成: 核心擁有 2 細胞 (2 陽性), 1.10 秒
2026-07-07 02:43:04,574 - hybrid_pipeline - INFO - [60/441] 處理 tile: tile_x11520_y7680
2026-07-07 02:43:04,636 - cellpose.transforms - INFO - processing image with (1024, 1024) HW, and 3 channels
2026-07-07 02:43:04,953 - cellpose.dynamics - INFO - No cell pixels found.
2026-07-07 02:43:05,001 - m2_segmentation - INFO - Cellpose 分割完成: 0 個有效細胞
2026-07-07 02:43:05,002 - m3_module.m3_cells_generator - INFO - All-positive 標註完成: 0 個細胞
2026-07-07 02:43:05,004 - cellpose.transforms - INFO - processing image with (1024, 1024) HW, and 3 channels
2026-07-07 02:43:05,544 - m3_module.m3_dot_detection - INFO - detect_all_dots: 紅點=0, 黑點=0, 涉及細胞=0
2026-07-07 02:43:05,578 - m4_module.cell_crops - INFO - 匯出 0 張 per-cell 影像至 docs/hybrid-pipeline/measurement/runs/large/cell_crops/tile_x11520_y7680/cells
2026-07-07 02:43:05,578 - hybrid_pipeline - INFO - Tile tile_x11520_y7680 完成: 核心擁有 0 細胞 (0 陽性), 1.00 秒
2026-07-07 02:43:05,665 - hybrid_pipeline - INFO - [61/441] 處理 tile: tile_x11520_y8448
2026-07-07 02:43:05,725 - cellpose.transforms - INFO - processing image with (1024, 1024) HW, and 3 channels
2026-07-07 02:43:06,132 - m2_segmentation - INFO - Cellpose 分割完成: 2 個有效細胞
2026-07-07 02:43:06,150 - m3_module.m3_cells_generator - INFO - All-positive 標註完成: 2 個細胞
2026-07-07 02:43:06,173 - m3_module.m3_cells_generator - INFO - enlarge_cell_instances: 2 顆細胞, factor=1.50(面積), 中位半徑=12.7px, 外擴=2.9px
2026-07-07 02:43:06,174 - cellpose.transforms - INFO - processing image with (1024, 1024) HW, and 3 channels
2026-07-07 02:43:06,632 - m3_module.m3_elastic_matching - INFO - elastic_dish_nucleus_matching(overlap-first): IHC=2, DISH=1, matched(1核)=1 (其中重疊=1), drop-out(競爭落敗)=0, 無候選(計入)=1, factor=1.50, min_reach=20.0
2026-07-07 02:43:06,730 - m3_module.m3_dot_detection - INFO - detect_all_dots: 紅點=0, 黑點=1, 涉及細胞=2
2026-07-07 02:43:06,780 - m4_module.cell_crops - INFO - 匯出 0 張 per-cell 影像至 docs/hybrid-pipeline/measurement/runs/large/cell_crops/tile_x11520_y8448/cells
2026-07-07 02:43:06,780 - hybrid_pipeline - INFO - Tile tile_x11520_y8448 完成: 核心擁有 0 細胞 (0 陽性), 1.11 秒
2026-07-07 02:43:06,867 - hybrid_pipeline - INFO - [62/441] 處理 tile: tile_x11520_y9216
2026-07-07 02:43:06,929 - cellpose.transforms - INFO - processing image with (1024, 1024) HW, and 3 channels
2026-07-07 02:43:07,243 - cellpose.dynamics - INFO - No cell pixels found.
2026-07-07 02:43:07,289 - m2_segmentation - INFO - Cellpose 分割完成: 0 個有效細胞
2026-07-07 02:43:07,291 - m3_module.m3_cells_generator - INFO - All-positive 標註完成: 0 個細胞
2026-07-07 02:43:07,293 - cellpose.transforms - INFO - processing image with (1024, 1024) HW, and 3 channels
2026-07-07 02:43:07,837 - m3_module.m3_dot_detection - INFO - detect_all_dots: 紅點=0, 黑點=0, 涉及細胞=0
2026-07-07 02:43:07,872 - m4_module.cell_crops - INFO - 匯出 0 張 per-cell 影像至 docs/hybrid-pipeline/measurement/runs/large/cell_crops/tile_x11520_y9216/cells
2026-07-07 02:43:07,872 - hybrid_pipeline - INFO - Tile tile_x11520_y9216 完成: 核心擁有 0 細胞 (0 陽性), 1.01 秒
2026-07-07 02:43:07,958 - hybrid_pipeline - INFO - [63/441] 處理 tile: tile_x11520_y9984
2026-07-07 02:43:08,020 - cellpose.transforms - INFO - processing image with (1024, 1024) HW, and 3 channels
2026-07-07 02:43:08,461 - m2_segmentation - INFO - Cellpose 分割完成: 18 個有效細胞
2026-07-07 02:43:08,482 - m3_module.m3_cells_generator - INFO - All-positive 標註完成: 18 個細胞
2026-07-07 02:43:08,514 - m3_module.m3_cells_generator - INFO - enlarge_cell_instances: 18 顆細胞, factor=1.50(面積), 中位半徑=26.0px, 外擴=5.8px
2026-07-07 02:43:08,514 - cellpose.transforms - INFO - processing image with (1024, 1024) HW, and 3 channels
2026-07-07 02:43:08,972 - m3_module.m3_elastic_matching - INFO - elastic_dish_nucleus_matching(overlap-first): IHC=18, DISH=17, matched(1核)=12 (其中重疊=12), drop-out(競爭落敗)=3, 無候選(計入)=3, factor=1.50, min_reach=20.0
2026-07-07 02:43:09,174 - m3_module.m3_dot_detection - INFO - detect_all_dots: 紅點=13, 黑點=33, 涉及細胞=18
2026-07-07 02:43:09,282 - m4_module.cell_crops - INFO - 匯出 8 張 per-cell 影像至 docs/hybrid-pipeline/measurement/runs/large/cell_crops/tile_x11520_y9984/cells
2026-07-07 02:43:09,282 - hybrid_pipeline - INFO - Tile tile_x11520_y9984 完成: 核心擁有 8 細胞 (8 陽性), 1.32 秒
2026-07-07 02:43:09,369 - hybrid_pipeline - INFO - [64/441] 處理 tile: tile_x12288_y0
2026-07-07 02:43:09,429 - cellpose.transforms - INFO - processing image with (1024, 1024) HW, and 3 channels
2026-07-07 02:43:09,741 - cellpose.dynamics - INFO - No cell pixels found.
2026-07-07 02:43:09,788 - m2_segmentation - INFO - Cellpose 分割完成: 0 個有效細胞
2026-07-07 02:43:09,789 - m3_module.m3_cells_generator - INFO - All-positive 標註完成: 0 個細胞
2026-07-07 02:43:09,791 - cellpose.transforms - INFO - processing image with (1024, 1024) HW, and 3 channels
2026-07-07 02:43:10,322 - m3_module.m3_dot_detection - INFO - detect_all_dots: 紅點=0, 黑點=0, 涉及細胞=0
2026-07-07 02:43:10,353 - m4_module.cell_crops - INFO - 匯出 0 張 per-cell 影像至 docs/hybrid-pipeline/measurement/runs/large/cell_crops/tile_x12288_y0/cells
2026-07-07 02:43:10,353 - hybrid_pipeline - INFO - Tile tile_x12288_y0 完成: 核心擁有 0 細胞 (0 陽性), 0.98 秒
2026-07-07 02:43:10,439 - hybrid_pipeline - INFO - [65/441] 處理 tile: tile_x12288_y10752
2026-07-07 02:43:10,501 - cellpose.transforms - INFO - processing image with (1024, 1024) HW, and 3 channels
2026-07-07 02:43:10,934 - m2_segmentation - INFO - Cellpose 分割完成: 2 個有效細胞
2026-07-07 02:43:10,951 - m3_module.m3_cells_generator - INFO - All-positive 標註完成: 2 個細胞
2026-07-07 02:43:10,977 - m3_module.m3_cells_generator - INFO - enlarge_cell_instances: 2 顆細胞, factor=1.50(面積), 中位半徑=38.5px, 外擴=8.6px
2026-07-07 02:43:10,977 - cellpose.transforms - INFO - processing image with (1024, 1024) HW, and 3 channels
2026-07-07 02:43:11,513 - m3_module.m3_dot_detection - INFO - detect_all_dots: 紅點=0, 黑點=0, 涉及細胞=2
2026-07-07 02:43:11,569 - m4_module.cell_crops - INFO - 匯出 0 張 per-cell 影像至 docs/hybrid-pipeline/measurement/runs/large/cell_crops/tile_x12288_y10752/cells
2026-07-07 02:43:11,569 - hybrid_pipeline - INFO - Tile tile_x12288_y10752 完成: 核心擁有 0 細胞 (0 陽性), 1.13 秒
2026-07-07 02:43:11,655 - hybrid_pipeline - INFO - [66/441] 處理 tile: tile_x12288_y11520
2026-07-07 02:43:11,718 - cellpose.transforms - INFO - processing image with (1024, 1024) HW, and 3 channels
2026-07-07 02:43:12,167 - m2_segmentation - INFO - Cellpose 分割完成: 62 個有效細胞
2026-07-07 02:43:12,194 - m3_module.m3_cells_generator - INFO - All-positive 標註完成: 62 個細胞
2026-07-07 02:43:12,245 - m3_module.m3_cells_generator - INFO - enlarge_cell_instances: 62 顆細胞, factor=1.50(面積), 中位半徑=28.3px, 外擴=6.4px
2026-07-07 02:43:12,245 - cellpose.transforms - INFO - processing image with (1024, 1024) HW, and 3 channels
2026-07-07 02:43:12,709 - m3_module.m3_elastic_matching - INFO - elastic_dish_nucleus_matching(overlap-first): IHC=62, DISH=53, matched(1核)=37 (其中重疊=37), drop-out(競爭落敗)=14, 無候選(計入)=11, factor=1.50, min_reach=20.0
2026-07-07 02:43:13,374 - m3_module.m3_dot_detection - INFO - detect_all_dots: 紅點=39, 黑點=91, 涉及細胞=62
2026-07-07 02:43:13,625 - m4_module.cell_crops - INFO - 匯出 35 張 per-cell 影像至 docs/hybrid-pipeline/measurement/runs/large/cell_crops/tile_x12288_y11520/cells
2026-07-07 02:43:13,625 - hybrid_pipeline - INFO - Tile tile_x12288_y11520 完成: 核心擁有 35 細胞 (35 陽性), 1.97 秒
2026-07-07 02:43:13,713 - hybrid_pipeline - INFO - [67/441] 處理 tile: tile_x12288_y12288
2026-07-07 02:43:13,779 - cellpose.transforms - INFO - processing image with (1024, 1024) HW, and 3 channels
2026-07-07 02:43:14,250 - m2_segmentation - INFO - Cellpose 分割完成: 91 個有效細胞
2026-07-07 02:43:14,280 - m3_module.m3_cells_generator - INFO - All-positive 標註完成: 91 個細胞
2026-07-07 02:43:14,333 - m3_module.m3_cells_generator - INFO - enlarge_cell_instances: 91 顆細胞, factor=1.50(面積), 中位半徑=29.2px, 外擴=6.6px
2026-07-07 02:43:14,334 - cellpose.transforms - INFO - processing image with (1024, 1024) HW, and 3 channels
2026-07-07 02:43:14,801 - m3_module.m3_elastic_matching - INFO - elastic_dish_nucleus_matching(overlap-first): IHC=91, DISH=88, matched(1核)=60 (其中重疊=60), drop-out(競爭落敗)=13, 無候選(計入)=18, factor=1.50, min_reach=20.0
2026-07-07 02:43:15,881 - m3_module.m3_dot_detection - INFO - detect_all_dots: 紅點=54, 黑點=137, 涉及細胞=91
2026-07-07 02:43:16,225 - m4_module.cell_crops - INFO - 匯出 49 張 per-cell 影像至 docs/hybrid-pipeline/measurement/runs/large/cell_crops/tile_x12288_y12288/cells
2026-07-07 02:43:16,225 - hybrid_pipeline - INFO - Tile tile_x12288_y12288 完成: 核心擁有 49 細胞 (49 陽性), 2.51 秒
2026-07-07 02:43:16,316 - hybrid_pipeline - INFO - [68/441] 處理 tile: tile_x12288_y13056
2026-07-07 02:43:16,381 - cellpose.transforms - INFO - processing image with (1024, 1024) HW, and 3 channels
2026-07-07 02:43:16,913 - m2_segmentation - INFO - Cellpose 分割完成: 83 個有效細胞
2026-07-07 02:43:16,941 - m3_module.m3_cells_generator - INFO - All-positive 標註完成: 83 個細胞
2026-07-07 02:43:16,995 - m3_module.m3_cells_generator - INFO - enlarge_cell_instances: 83 顆細胞, factor=1.50(面積), 中位半徑=35.3px, 外擴=7.9px
2026-07-07 02:43:16,996 - cellpose.transforms - INFO - processing image with (1024, 1024) HW, and 3 channels
2026-07-07 02:43:17,456 - m3_module.m3_elastic_matching - INFO - elastic_dish_nucleus_matching(overlap-first): IHC=83, DISH=52, matched(1核)=43 (其中重疊=42), drop-out(競爭落敗)=18, 無候選(計入)=22, factor=1.50, min_reach=20.0
2026-07-07 02:43:18,200 - m3_module.m3_dot_detection - INFO - detect_all_dots: 紅點=51, 黑點=125, 涉及細胞=83
2026-07-07 02:43:18,539 - m4_module.cell_crops - INFO - 匯出 47 張 per-cell 影像至 docs/hybrid-pipeline/measurement/runs/large/cell_crops/tile_x12288_y13056/cells
2026-07-07 02:43:18,539 - hybrid_pipeline - INFO - Tile tile_x12288_y13056 完成: 核心擁有 47 細胞 (47 陽性), 2.22 秒
2026-07-07 02:43:18,628 - hybrid_pipeline - INFO - [69/441] 處理 tile: tile_x12288_y13824
2026-07-07 02:43:18,692 - cellpose.transforms - INFO - processing image with (1024, 1024) HW, and 3 channels
2026-07-07 02:43:19,228 - m2_segmentation - INFO - Cellpose 分割完成: 95 個有效細胞
2026-07-07 02:43:19,259 - m3_module.m3_cells_generator - INFO - All-positive 標註完成: 95 個細胞
2026-07-07 02:43:19,311 - m3_module.m3_cells_generator - INFO - enlarge_cell_instances: 95 顆細胞, factor=1.50(面積), 中位半徑=31.3px, 外擴=7.0px
2026-07-07 02:43:19,312 - cellpose.transforms - INFO - processing image with (1024, 1024) HW, and 3 channels
2026-07-07 02:43:19,777 - m3_module.m3_elastic_matching - INFO - elastic_dish_nucleus_matching(overlap-first): IHC=95, DISH=64, matched(1核)=53 (其中重疊=53), drop-out(競爭落敗)=19, 無候選(計入)=23, factor=1.50, min_reach=20.0
2026-07-07 02:43:20,866 - m3_module.m3_dot_detection - INFO - detect_all_dots: 紅點=68, 黑點=146, 涉及細胞=95
2026-07-07 02:43:21,246 - m4_module.cell_crops - INFO - 匯出 51 張 per-cell 影像至 docs/hybrid-pipeline/measurement/runs/large/cell_crops/tile_x12288_y13824/cells
2026-07-07 02:43:21,246 - hybrid_pipeline - INFO - Tile tile_x12288_y13824 完成: 核心擁有 51 細胞 (51 陽性), 2.62 秒
2026-07-07 02:43:21,335 - hybrid_pipeline - INFO - [70/441] 處理 tile: tile_x12288_y14592
2026-07-07 02:43:21,399 - cellpose.transforms - INFO - processing image with (1024, 1024) HW, and 3 channels
2026-07-07 02:43:21,837 - m2_segmentation - INFO - Cellpose 分割完成: 39 個有效細胞
2026-07-07 02:43:21,860 - m3_module.m3_cells_generator - INFO - All-positive 標註完成: 39 個細胞
2026-07-07 02:43:21,911 - m3_module.m3_cells_generator - INFO - enlarge_cell_instances: 39 顆細胞, factor=1.50(面積), 中位半徑=26.5px, 外擴=5.9px
2026-07-07 02:43:21,911 - cellpose.transforms - INFO - processing image with (1024, 1024) HW, and 3 channels
2026-07-07 02:43:22,377 - m3_module.m3_elastic_matching - INFO - elastic_dish_nucleus_matching(overlap-first): IHC=39, DISH=32, matched(1核)=21 (其中重疊=21), drop-out(競爭落敗)=5, 無候選(計入)=13, factor=1.50, min_reach=20.0
2026-07-07 02:43:22,818 - m3_module.m3_dot_detection - INFO - detect_all_dots: 紅點=30, 黑點=52, 涉及細胞=39
2026-07-07 02:43:23,009 - m4_module.cell_crops - INFO - 匯出 9 張 per-cell 影像至 docs/hybrid-pipeline/measurement/runs/large/cell_crops/tile_x12288_y14592/cells
2026-07-07 02:43:23,009 - hybrid_pipeline - INFO - Tile tile_x12288_y14592 完成: 核心擁有 9 細胞 (9 陽性), 1.67 秒
2026-07-07 02:43:23,097 - hybrid_pipeline - INFO - [71/441] 處理 tile: tile_x12288_y1536
2026-07-07 02:43:23,159 - cellpose.transforms - INFO - processing image with (1024, 1024) HW, and 3 channels
2026-07-07 02:43:23,626 - m2_segmentation - INFO - Cellpose 分割完成: 77 個有效細胞
2026-07-07 02:43:23,655 - m3_module.m3_cells_generator - INFO - All-positive 標註完成: 77 個細胞
2026-07-07 02:43:23,706 - m3_module.m3_cells_generator - INFO - enlarge_cell_instances: 77 顆細胞, factor=1.50(面積), 中位半徑=31.9px, 外擴=7.2px
2026-07-07 02:43:23,706 - cellpose.transforms - INFO - processing image with (1024, 1024) HW, and 3 channels
2026-07-07 02:43:24,179 - m3_module.m3_elastic_matching - INFO - elastic_dish_nucleus_matching(overlap-first): IHC=77, DISH=55, matched(1核)=45 (其中重疊=45), drop-out(競爭落敗)=14, 無候選(計入)=18, factor=1.50, min_reach=20.0
2026-07-07 02:43:24,969 - m3_module.m3_dot_detection - INFO - detect_all_dots: 紅點=31, 黑點=124, 涉及細胞=77
2026-07-07 02:43:25,245 - m4_module.cell_crops - INFO - 匯出 42 張 per-cell 影像至 docs/hybrid-pipeline/measurement/runs/large/cell_crops/tile_x12288_y1536/cells
2026-07-07 02:43:25,245 - hybrid_pipeline - INFO - Tile tile_x12288_y1536 完成: 核心擁有 42 細胞 (42 陽性), 2.15 秒
2026-07-07 02:43:25,332 - hybrid_pipeline - INFO - [72/441] 處理 tile: tile_x12288_y15360
2026-07-07 02:43:25,395 - cellpose.transforms - INFO - processing image with (1024, 1024) HW, and 3 channels
2026-07-07 02:43:25,831 - m2_segmentation - INFO - Cellpose 分割完成: 49 個有效細胞
2026-07-07 02:43:25,856 - m3_module.m3_cells_generator - INFO - All-positive 標註完成: 48 個細胞
2026-07-07 02:43:25,903 - m3_module.m3_cells_generator - INFO - enlarge_cell_instances: 48 顆細胞, factor=1.50(面積), 中位半徑=28.1px, 外擴=6.3px
2026-07-07 02:43:25,904 - cellpose.transforms - INFO - processing image with (1024, 1024) HW, and 3 channels
2026-07-07 02:43:26,369 - m3_module.m3_elastic_matching - INFO - elastic_dish_nucleus_matching(overlap-first): IHC=48, DISH=32, matched(1核)=24 (其中重疊=24), drop-out(競爭落敗)=4, 無候選(計入)=20, factor=1.50, min_reach=20.0
2026-07-07 02:43:26,836 - m3_module.m3_dot_detection - INFO - detect_all_dots: 紅點=27, 黑點=50, 涉及細胞=48
2026-07-07 02:43:27,073 - m4_module.cell_crops - INFO - 匯出 28 張 per-cell 影像至 docs/hybrid-pipeline/measurement/runs/large/cell_crops/tile_x12288_y15360/cells
2026-07-07 02:43:27,073 - hybrid_pipeline - INFO - Tile tile_x12288_y15360 完成: 核心擁有 28 細胞 (28 陽性), 1.74 秒
2026-07-07 02:43:27,162 - hybrid_pipeline - INFO - [73/441] 處理 tile: tile_x12288_y2304
2026-07-07 02:43:27,229 - cellpose.transforms - INFO - processing image with (1024, 1024) HW, and 3 channels
2026-07-07 02:43:27,684 - m2_segmentation - INFO - Cellpose 分割完成: 77 個有效細胞
2026-07-07 02:43:27,713 - m3_module.m3_cells_generator - INFO - All-positive 標註完成: 77 個細胞
2026-07-07 02:43:27,760 - m3_module.m3_cells_generator - INFO - enlarge_cell_instances: 77 顆細胞, factor=1.50(面積), 中位半徑=29.2px, 外擴=6.6px
2026-07-07 02:43:27,760 - cellpose.transforms - INFO - processing image with (1024, 1024) HW, and 3 channels
2026-07-07 02:43:28,221 - m3_module.m3_elastic_matching - INFO - elastic_dish_nucleus_matching(overlap-first): IHC=77, DISH=39, matched(1核)=32 (其中重疊=32), drop-out(競爭落敗)=15, 無候選(計入)=30, factor=1.50, min_reach=20.0
2026-07-07 02:43:28,611 - m3_module.m3_dot_detection - INFO - detect_all_dots: 紅點=19, 黑點=57, 涉及細胞=77
2026-07-07 02:43:28,846 - m4_module.cell_crops - INFO - 匯出 34 張 per-cell 影像至 docs/hybrid-pipeline/measurement/runs/large/cell_crops/tile_x12288_y2304/cells
2026-07-07 02:43:28,846 - hybrid_pipeline - INFO - Tile tile_x12288_y2304 完成: 核心擁有 34 細胞 (34 陽性), 1.68 秒
2026-07-07 02:43:28,935 - hybrid_pipeline - INFO - [74/441] 處理 tile: tile_x12288_y3072
2026-07-07 02:43:29,002 - cellpose.transforms - INFO - processing image with (1024, 1024) HW, and 3 channels
2026-07-07 02:43:29,429 - m2_segmentation - INFO - Cellpose 分割完成: 34 個有效細胞
2026-07-07 02:43:29,451 - m3_module.m3_cells_generator - INFO - All-positive 標註完成: 34 個細胞
2026-07-07 02:43:29,486 - m3_module.m3_cells_generator - INFO - enlarge_cell_instances: 34 顆細胞, factor=1.50(面積), 中位半徑=23.4px, 外擴=5.3px
2026-07-07 02:43:29,486 - cellpose.transforms - INFO - processing image with (1024, 1024) HW, and 3 channels
2026-07-07 02:43:29,954 - m3_module.m3_elastic_matching - INFO - elastic_dish_nucleus_matching(overlap-first): IHC=34, DISH=23, matched(1核)=18 (其中重疊=18), drop-out(競爭落敗)=7, 無候選(計入)=9, factor=1.50, min_reach=20.0
2026-07-07 02:43:30,343 - m3_module.m3_dot_detection - INFO - detect_all_dots: 紅點=22, 黑點=56, 涉及細胞=34
2026-07-07 02:43:30,504 - m4_module.cell_crops - INFO - 匯出 15 張 per-cell 影像至 docs/hybrid-pipeline/measurement/runs/large/cell_crops/tile_x12288_y3072/cells
2026-07-07 02:43:30,504 - hybrid_pipeline - INFO - Tile tile_x12288_y3072 完成: 核心擁有 15 細胞 (15 陽性), 1.57 秒
2026-07-07 02:43:30,591 - hybrid_pipeline - INFO - [75/441] 處理 tile: tile_x12288_y3840
2026-07-07 02:43:30,655 - cellpose.transforms - INFO - processing image with (1024, 1024) HW, and 3 channels
2026-07-07 02:43:30,969 - cellpose.dynamics - INFO - No cell pixels found.
2026-07-07 02:43:31,018 - m2_segmentation - INFO - Cellpose 分割完成: 0 個有效細胞
2026-07-07 02:43:31,019 - m3_module.m3_cells_generator - INFO - All-positive 標註完成: 0 個細胞
2026-07-07 02:43:31,021 - cellpose.transforms - INFO - processing image with (1024, 1024) HW, and 3 channels
2026-07-07 02:43:31,558 - m3_module.m3_dot_detection - INFO - detect_all_dots: 紅點=0, 黑點=0, 涉及細胞=0
2026-07-07 02:43:31,602 - m4_module.cell_crops - INFO - 匯出 0 張 per-cell 影像至 docs/hybrid-pipeline/measurement/runs/large/cell_crops/tile_x12288_y3840/cells
2026-07-07 02:43:31,602 - hybrid_pipeline - INFO - Tile tile_x12288_y3840 完成: 核心擁有 0 細胞 (0 陽性), 1.01 秒
2026-07-07 02:43:31,691 - hybrid_pipeline - INFO - [76/441] 處理 tile: tile_x12288_y4608
2026-07-07 02:43:31,753 - cellpose.transforms - INFO - processing image with (1024, 1024) HW, and 3 channels
2026-07-07 02:43:32,155 - m2_segmentation - INFO - Cellpose 分割完成: 1 個有效細胞
2026-07-07 02:43:32,173 - m3_module.m3_cells_generator - INFO - All-positive 標註完成: 1 個細胞
2026-07-07 02:43:32,197 - m3_module.m3_cells_generator - INFO - enlarge_cell_instances: 1 顆細胞, factor=1.50(面積), 中位半徑=19.2px, 外擴=4.3px
2026-07-07 02:43:32,197 - cellpose.transforms - INFO - processing image with (1024, 1024) HW, and 3 channels
2026-07-07 02:43:32,732 - m3_module.m3_dot_detection - INFO - detect_all_dots: 紅點=0, 黑點=0, 涉及細胞=1
2026-07-07 02:43:32,767 - m4_module.cell_crops - INFO - 匯出 0 張 per-cell 影像至 docs/hybrid-pipeline/measurement/runs/large/cell_crops/tile_x12288_y4608/cells
2026-07-07 02:43:32,767 - hybrid_pipeline - INFO - Tile tile_x12288_y4608 完成: 核心擁有 0 細胞 (0 陽性), 1.08 秒
2026-07-07 02:43:32,853 - hybrid_pipeline - INFO - [77/441] 處理 tile: tile_x12288_y5376
2026-07-07 02:43:32,912 - hybrid_pipeline - INFO - Tile tile_x12288_y5376: 核心遮罩全空 → 空白 placeholder
2026-07-07 02:43:32,999 - hybrid_pipeline - INFO - [78/441] 處理 tile: tile_x12288_y6144
2026-07-07 02:43:33,058 - hybrid_pipeline - INFO - Tile tile_x12288_y6144: 核心遮罩全空 → 空白 placeholder
2026-07-07 02:43:33,143 - hybrid_pipeline - INFO - [79/441] 處理 tile: tile_x12288_y6912
2026-07-07 02:43:33,199 - hybrid_pipeline - INFO - Tile tile_x12288_y6912: 核心遮罩全空 → 空白 placeholder
2026-07-07 02:43:33,282 - hybrid_pipeline - INFO - [80/441] 處理 tile: tile_x12288_y768
2026-07-07 02:43:33,347 - cellpose.transforms - INFO - processing image with (1024, 1024) HW, and 3 channels
2026-07-07 02:43:33,780 - m2_segmentation - INFO - Cellpose 分割完成: 38 個有效細胞
2026-07-07 02:43:33,803 - m3_module.m3_cells_generator - INFO - All-positive 標註完成: 38 個細胞
2026-07-07 02:43:33,847 - m3_module.m3_cells_generator - INFO - enlarge_cell_instances: 38 顆細胞, factor=1.50(面積), 中位半徑=29.8px, 外擴=6.7px
2026-07-07 02:43:33,848 - cellpose.transforms - INFO - processing image with (1024, 1024) HW, and 3 channels
2026-07-07 02:43:34,325 - m3_module.m3_elastic_matching - INFO - elastic_dish_nucleus_matching(overlap-first): IHC=38, DISH=26, matched(1核)=24 (其中重疊=24), drop-out(競爭落敗)=10, 無候選(計入)=4, factor=1.50, min_reach=20.0
2026-07-07 02:43:34,802 - m3_module.m3_dot_detection - INFO - detect_all_dots: 紅點=19, 黑點=75, 涉及細胞=38
2026-07-07 02:43:34,983 - m4_module.cell_crops - INFO - 匯出 24 張 per-cell 影像至 docs/hybrid-pipeline/measurement/runs/large/cell_crops/tile_x12288_y768/cells
2026-07-07 02:43:34,983 - hybrid_pipeline - INFO - Tile tile_x12288_y768 完成: 核心擁有 24 細胞 (24 陽性), 1.70 秒
2026-07-07 02:43:35,069 - hybrid_pipeline - INFO - [81/441] 處理 tile: tile_x12288_y7680
2026-07-07 02:43:35,138 - cellpose.transforms - INFO - processing image with (1024, 1024) HW, and 3 channels
2026-07-07 02:43:35,451 - cellpose.dynamics - INFO - No cell pixels found.
2026-07-07 02:43:35,497 - m2_segmentation - INFO - Cellpose 分割完成: 0 個有效細胞
2026-07-07 02:43:35,498 - m3_module.m3_cells_generator - INFO - All-positive 標註完成: 0 個細胞
2026-07-07 02:43:35,500 - cellpose.transforms - INFO - processing image with (1024, 1024) HW, and 3 channels
2026-07-07 02:43:36,037 - m3_module.m3_dot_detection - INFO - detect_all_dots: 紅點=0, 黑點=0, 涉及細胞=0
2026-07-07 02:43:36,075 - m4_module.cell_crops - INFO - 匯出 0 張 per-cell 影像至 docs/hybrid-pipeline/measurement/runs/large/cell_crops/tile_x12288_y7680/cells
2026-07-07 02:43:36,075 - hybrid_pipeline - INFO - Tile tile_x12288_y7680 完成: 核心擁有 0 細胞 (0 陽性), 1.01 秒
2026-07-07 02:43:36,164 - hybrid_pipeline - INFO - [82/441] 處理 tile: tile_x12288_y8448
2026-07-07 02:43:36,224 - hybrid_pipeline - INFO - Tile tile_x12288_y8448: 核心遮罩全空 → 空白 placeholder
2026-07-07 02:43:36,307 - hybrid_pipeline - INFO - [83/441] 處理 tile: tile_x12288_y9216
2026-07-07 02:43:36,369 - hybrid_pipeline - INFO - Tile tile_x12288_y9216: 核心遮罩全空 → 空白 placeholder
2026-07-07 02:43:36,451 - hybrid_pipeline - INFO - [84/441] 處理 tile: tile_x12288_y9984
2026-07-07 02:43:36,516 - cellpose.transforms - INFO - processing image with (1024, 1024) HW, and 3 channels
2026-07-07 02:43:36,963 - m2_segmentation - INFO - Cellpose 分割完成: 27 個有效細胞
2026-07-07 02:43:36,985 - m3_module.m3_cells_generator - INFO - All-positive 標註完成: 27 個細胞
2026-07-07 02:43:37,020 - m3_module.m3_cells_generator - INFO - enlarge_cell_instances: 27 顆細胞, factor=1.50(面積), 中位半徑=26.7px, 外擴=6.0px
2026-07-07 02:43:37,020 - cellpose.transforms - INFO - processing image with (1024, 1024) HW, and 3 channels
2026-07-07 02:43:37,483 - m3_module.m3_elastic_matching - INFO - elastic_dish_nucleus_matching(overlap-first): IHC=27, DISH=19, matched(1核)=15 (其中重疊=15), drop-out(競爭落敗)=7, 無候選(計入)=5, factor=1.50, min_reach=20.0
2026-07-07 02:43:37,861 - m3_module.m3_dot_detection - INFO - detect_all_dots: 紅點=22, 黑點=63, 涉及細胞=27
2026-07-07 02:43:38,017 - m4_module.cell_crops - INFO - 匯出 20 張 per-cell 影像至 docs/hybrid-pipeline/measurement/runs/large/cell_crops/tile_x12288_y9984/cells
2026-07-07 02:43:38,017 - hybrid_pipeline - INFO - Tile tile_x12288_y9984 完成: 核心擁有 20 細胞 (20 陽性), 1.57 秒
2026-07-07 02:43:38,109 - hybrid_pipeline - INFO - [85/441] 處理 tile: tile_x13056_y0
2026-07-07 02:43:38,173 - cellpose.transforms - INFO - processing image with (1024, 1024) HW, and 3 channels
2026-07-07 02:43:38,637 - m2_segmentation - INFO - Cellpose 分割完成: 66 個有效細胞
2026-07-07 02:43:38,664 - m3_module.m3_cells_generator - INFO - All-positive 標註完成: 62 個細胞
2026-07-07 02:43:38,708 - m3_module.m3_cells_generator - INFO - enlarge_cell_instances: 62 顆細胞, factor=1.50(面積), 中位半徑=26.0px, 外擴=5.8px
2026-07-07 02:43:38,708 - cellpose.transforms - INFO - processing image with (1024, 1024) HW, and 3 channels
2026-07-07 02:43:39,177 - m3_module.m3_elastic_matching - INFO - elastic_dish_nucleus_matching(overlap-first): IHC=62, DISH=57, matched(1核)=42 (其中重疊=42), drop-out(競爭落敗)=9, 無候選(計入)=11, factor=1.50, min_reach=20.0
2026-07-07 02:43:40,020 - m3_module.m3_dot_detection - INFO - detect_all_dots: 紅點=45, 黑點=114, 涉及細胞=62
2026-07-07 02:43:40,263 - m4_module.cell_crops - INFO - 匯出 43 張 per-cell 影像至 docs/hybrid-pipeline/measurement/runs/large/cell_crops/tile_x13056_y0/cells
2026-07-07 02:43:40,263 - hybrid_pipeline - INFO - Tile tile_x13056_y0 完成: 核心擁有 43 細胞 (43 陽性), 2.15 秒
2026-07-07 02:43:40,352 - hybrid_pipeline - INFO - [86/441] 處理 tile: tile_x13056_y10752
2026-07-07 02:43:40,419 - cellpose.transforms - INFO - processing image with (1024, 1024) HW, and 3 channels
2026-07-07 02:43:40,831 - m2_segmentation - INFO - Cellpose 分割完成: 2 個有效細胞
2026-07-07 02:43:40,849 - m3_module.m3_cells_generator - INFO - All-positive 標註完成: 2 個細胞
2026-07-07 02:43:40,874 - m3_module.m3_cells_generator - INFO - enlarge_cell_instances: 2 顆細胞, factor=1.50(面積), 中位半徑=31.8px, 外擴=7.1px
2026-07-07 02:43:40,874 - cellpose.transforms - INFO - processing image with (1024, 1024) HW, and 3 channels
2026-07-07 02:43:41,329 - m3_module.m3_elastic_matching - INFO - elastic_dish_nucleus_matching(overlap-first): IHC=2, DISH=2, matched(1核)=1 (其中重疊=1), drop-out(競爭落敗)=0, 無候選(計入)=1, factor=1.50, min_reach=20.0
2026-07-07 02:43:41,444 - m3_module.m3_dot_detection - INFO - detect_all_dots: 紅點=0, 黑點=3, 涉及細胞=2
2026-07-07 02:43:41,500 - m4_module.cell_crops - INFO - 匯出 0 張 per-cell 影像至 docs/hybrid-pipeline/measurement/runs/large/cell_crops/tile_x13056_y10752/cells
2026-07-07 02:43:41,500 - hybrid_pipeline - INFO - Tile tile_x13056_y10752 完成: 核心擁有 0 細胞 (0 陽性), 1.15 秒
2026-07-07 02:43:41,586 - hybrid_pipeline - INFO - [87/441] 處理 tile: tile_x13056_y11520
2026-07-07 02:43:41,658 - cellpose.transforms - INFO - processing image with (1024, 1024) HW, and 3 channels
2026-07-07 02:43:42,081 - m2_segmentation - INFO - Cellpose 分割完成: 14 個有效細胞
2026-07-07 02:43:42,101 - m3_module.m3_cells_generator - INFO - All-positive 標註完成: 14 個細胞
2026-07-07 02:43:42,131 - m3_module.m3_cells_generator - INFO - enlarge_cell_instances: 14 顆細胞, factor=1.50(面積), 中位半徑=23.6px, 外擴=5.3px
2026-07-07 02:43:42,131 - cellpose.transforms - INFO - processing image with (1024, 1024) HW, and 3 channels
2026-07-07 02:43:42,586 - m3_module.m3_elastic_matching - INFO - elastic_dish_nucleus_matching(overlap-first): IHC=14, DISH=18, matched(1核)=8 (其中重疊=8), drop-out(競爭落敗)=3, 無候選(計入)=3, factor=1.50, min_reach=20.0
2026-07-07 02:43:42,744 - m3_module.m3_dot_detection - INFO - detect_all_dots: 紅點=5, 黑點=16, 涉及細胞=14
2026-07-07 02:43:42,839 - m4_module.cell_crops - INFO - 匯出 3 張 per-cell 影像至 docs/hybrid-pipeline/measurement/runs/large/cell_crops/tile_x13056_y11520/cells
2026-07-07 02:43:42,839 - hybrid_pipeline - INFO - Tile tile_x13056_y11520 完成: 核心擁有 3 細胞 (3 陽性), 1.25 秒
2026-07-07 02:43:42,925 - hybrid_pipeline - INFO - [88/441] 處理 tile: tile_x13056_y12288
2026-07-07 02:43:42,991 - cellpose.transforms - INFO - processing image with (1024, 1024) HW, and 3 channels
2026-07-07 02:43:43,444 - m2_segmentation - INFO - Cellpose 分割完成: 37 個有效細胞
2026-07-07 02:43:43,466 - m3_module.m3_cells_generator - INFO - All-positive 標註完成: 37 個細胞
2026-07-07 02:43:43,508 - m3_module.m3_cells_generator - INFO - enlarge_cell_instances: 37 顆細胞, factor=1.50(面積), 中位半徑=29.1px, 外擴=6.5px
2026-07-07 02:43:43,508 - cellpose.transforms - INFO - processing image with (1024, 1024) HW, and 3 channels
2026-07-07 02:43:43,970 - m3_module.m3_elastic_matching - INFO - elastic_dish_nucleus_matching(overlap-first): IHC=37, DISH=36, matched(1核)=21 (其中重疊=21), drop-out(競爭落敗)=8, 無候選(計入)=8, factor=1.50, min_reach=20.0
2026-07-07 02:43:44,362 - m3_module.m3_dot_detection - INFO - detect_all_dots: 紅點=24, 黑點=45, 涉及細胞=37
2026-07-07 02:43:44,557 - m4_module.cell_crops - INFO - 匯出 12 張 per-cell 影像至 docs/hybrid-pipeline/measurement/runs/large/cell_crops/tile_x13056_y12288/cells
2026-07-07 02:43:44,557 - hybrid_pipeline - INFO - Tile tile_x13056_y12288 完成: 核心擁有 12 細胞 (12 陽性), 1.63 秒
2026-07-07 02:43:44,646 - hybrid_pipeline - INFO - [89/441] 處理 tile: tile_x13056_y13056
2026-07-07 02:43:44,711 - cellpose.transforms - INFO - processing image with (1024, 1024) HW, and 3 channels
2026-07-07 02:43:45,226 - m2_segmentation - INFO - Cellpose 分割完成: 89 個有效細胞
2026-07-07 02:43:45,258 - m3_module.m3_cells_generator - INFO - All-positive 標註完成: 89 個細胞
2026-07-07 02:43:45,307 - m3_module.m3_cells_generator - INFO - enlarge_cell_instances: 89 顆細胞, factor=1.50(面積), 中位半徑=28.0px, 外擴=6.3px
2026-07-07 02:43:45,307 - cellpose.transforms - INFO - processing image with (1024, 1024) HW, and 3 channels
2026-07-07 02:43:45,782 - m3_module.m3_elastic_matching - INFO - elastic_dish_nucleus_matching(overlap-first): IHC=89, DISH=58, matched(1核)=48 (其中重疊=48), drop-out(競爭落敗)=22, 無候選(計入)=19, factor=1.50, min_reach=20.0
2026-07-07 02:43:46,770 - m3_module.m3_dot_detection - INFO - detect_all_dots: 紅點=59, 黑點=132, 涉及細胞=89
2026-07-07 02:43:47,101 - m4_module.cell_crops - INFO - 匯出 61 張 per-cell 影像至 docs/hybrid-pipeline/measurement/runs/large/cell_crops/tile_x13056_y13056/cells
2026-07-07 02:43:47,101 - hybrid_pipeline - INFO - Tile tile_x13056_y13056 完成: 核心擁有 61 細胞 (61 陽性), 2.45 秒
2026-07-07 02:43:47,187 - hybrid_pipeline - INFO - [90/441] 處理 tile: tile_x13056_y13824
2026-07-07 02:43:47,248 - cellpose.transforms - INFO - processing image with (1024, 1024) HW, and 3 channels
2026-07-07 02:43:47,711 - m2_segmentation - INFO - Cellpose 分割完成: 59 個有效細胞
2026-07-07 02:43:47,737 - m3_module.m3_cells_generator - INFO - All-positive 標註完成: 59 個細胞
2026-07-07 02:43:47,778 - m3_module.m3_cells_generator - INFO - enlarge_cell_instances: 59 顆細胞, factor=1.50(面積), 中位半徑=30.1px, 外擴=6.8px
2026-07-07 02:43:47,779 - cellpose.transforms - INFO - processing image with (1024, 1024) HW, and 3 channels
2026-07-07 02:43:48,237 - m3_module.m3_elastic_matching - INFO - elastic_dish_nucleus_matching(overlap-first): IHC=59, DISH=43, matched(1核)=34 (其中重疊=34), drop-out(競爭落敗)=15, 無候選(計入)=10, factor=1.50, min_reach=20.0
2026-07-07 02:43:48,913 - m3_module.m3_dot_detection - INFO - detect_all_dots: 紅點=34, 黑點=85, 涉及細胞=59
2026-07-07 02:43:49,127 - m4_module.cell_crops - INFO - 匯出 33 張 per-cell 影像至 docs/hybrid-pipeline/measurement/runs/large/cell_crops/tile_x13056_y13824/cells
2026-07-07 02:43:49,128 - hybrid_pipeline - INFO - Tile tile_x13056_y13824 完成: 核心擁有 33 細胞 (33 陽性), 1.94 秒
2026-07-07 02:43:49,217 - hybrid_pipeline - INFO - [91/441] 處理 tile: tile_x13056_y14592
2026-07-07 02:43:49,284 - cellpose.transforms - INFO - processing image with (1024, 1024) HW, and 3 channels
2026-07-07 02:43:49,734 - m2_segmentation - INFO - Cellpose 分割完成: 32 個有效細胞
2026-07-07 02:43:49,757 - m3_module.m3_cells_generator - INFO - All-positive 標註完成: 32 個細胞
2026-07-07 02:43:49,802 - m3_module.m3_cells_generator - INFO - enlarge_cell_instances: 32 顆細胞, factor=1.50(面積), 中位半徑=36.6px, 外擴=8.2px
2026-07-07 02:43:49,802 - cellpose.transforms - INFO - processing image with (1024, 1024) HW, and 3 channels
2026-07-07 02:43:50,264 - m3_module.m3_elastic_matching - INFO - elastic_dish_nucleus_matching(overlap-first): IHC=32, DISH=30, matched(1核)=24 (其中重疊=24), drop-out(競爭落敗)=2, 無候選(計入)=6, factor=1.50, min_reach=20.0
2026-07-07 02:43:50,749 - m3_module.m3_dot_detection - INFO - detect_all_dots: 紅點=26, 黑點=53, 涉及細胞=32
2026-07-07 02:43:50,904 - m4_module.cell_crops - INFO - 匯出 11 張 per-cell 影像至 docs/hybrid-pipeline/measurement/runs/large/cell_crops/tile_x13056_y14592/cells
2026-07-07 02:43:50,904 - hybrid_pipeline - INFO - Tile tile_x13056_y14592 完成: 核心擁有 11 細胞 (11 陽性), 1.69 秒
2026-07-07 02:43:50,993 - hybrid_pipeline - INFO - [92/441] 處理 tile: tile_x13056_y1536
2026-07-07 02:43:51,060 - cellpose.transforms - INFO - processing image with (1024, 1024) HW, and 3 channels
2026-07-07 02:43:51,509 - m2_segmentation - INFO - Cellpose 分割完成: 59 個有效細胞
2026-07-07 02:43:51,534 - m3_module.m3_cells_generator - INFO - All-positive 標註完成: 59 個細胞
2026-07-07 02:43:51,575 - m3_module.m3_cells_generator - INFO - enlarge_cell_instances: 59 顆細胞, factor=1.50(面積), 中位半徑=29.0px, 外擴=6.5px
2026-07-07 02:43:51,576 - cellpose.transforms - INFO - processing image with (1024, 1024) HW, and 3 channels
2026-07-07 02:43:52,044 - m3_module.m3_elastic_matching - INFO - elastic_dish_nucleus_matching(overlap-first): IHC=59, DISH=37, matched(1核)=32 (其中重疊=31), drop-out(競爭落敗)=13, 無候選(計入)=14, factor=1.50, min_reach=20.0
2026-07-07 02:43:52,538 - m3_module.m3_dot_detection - INFO - detect_all_dots: 紅點=27, 黑點=78, 涉及細胞=59
2026-07-07 02:43:52,752 - m4_module.cell_crops - INFO - 匯出 18 張 per-cell 影像至 docs/hybrid-pipeline/measurement/runs/large/cell_crops/tile_x13056_y1536/cells
2026-07-07 02:43:52,752 - hybrid_pipeline - INFO - Tile tile_x13056_y1536 完成: 核心擁有 18 細胞 (18 陽性), 1.76 秒
2026-07-07 02:43:52,840 - hybrid_pipeline - INFO - [93/441] 處理 tile: tile_x13056_y15360
2026-07-07 02:43:52,907 - cellpose.transforms - INFO - processing image with (1024, 1024) HW, and 3 channels
2026-07-07 02:43:53,349 - m2_segmentation - INFO - Cellpose 分割完成: 39 個有效細胞
2026-07-07 02:43:53,372 - m3_module.m3_cells_generator - INFO - All-positive 標註完成: 39 個細胞
2026-07-07 02:43:53,418 - m3_module.m3_cells_generator - INFO - enlarge_cell_instances: 39 顆細胞, factor=1.50(面積), 中位半徑=29.3px, 外擴=6.6px
2026-07-07 02:43:53,418 - cellpose.transforms - INFO - processing image with (1024, 1024) HW, and 3 channels
2026-07-07 02:43:53,883 - m3_module.m3_elastic_matching - INFO - elastic_dish_nucleus_matching(overlap-first): IHC=39, DISH=23, matched(1核)=17 (其中重疊=17), drop-out(競爭落敗)=2, 無候選(計入)=20, factor=1.50, min_reach=20.0
2026-07-07 02:43:54,197 - m3_module.m3_dot_detection - INFO - detect_all_dots: 紅點=16, 黑點=24, 涉及細胞=39
2026-07-07 02:43:54,368 - m4_module.cell_crops - INFO - 匯出 23 張 per-cell 影像至 docs/hybrid-pipeline/measurement/runs/large/cell_crops/tile_x13056_y15360/cells
2026-07-07 02:43:54,368 - hybrid_pipeline - INFO - Tile tile_x13056_y15360 完成: 核心擁有 23 細胞 (23 陽性), 1.53 秒
2026-07-07 02:43:54,457 - hybrid_pipeline - INFO - [94/441] 處理 tile: tile_x13056_y2304
2026-07-07 02:43:54,521 - cellpose.transforms - INFO - processing image with (1024, 1024) HW, and 3 channels
2026-07-07 02:43:54,956 - m2_segmentation - INFO - Cellpose 分割完成: 42 個有效細胞
2026-07-07 02:43:54,979 - m3_module.m3_cells_generator - INFO - All-positive 標註完成: 42 個細胞
2026-07-07 02:43:55,015 - m3_module.m3_cells_generator - INFO - enlarge_cell_instances: 42 顆細胞, factor=1.50(面積), 中位半徑=24.7px, 外擴=5.6px
2026-07-07 02:43:55,016 - cellpose.transforms - INFO - processing image with (1024, 1024) HW, and 3 channels
2026-07-07 02:43:55,474 - m3_module.m3_elastic_matching - INFO - elastic_dish_nucleus_matching(overlap-first): IHC=42, DISH=20, matched(1核)=20 (其中重疊=20), drop-out(競爭落敗)=8, 無候選(計入)=14, factor=1.50, min_reach=20.0
2026-07-07 02:43:55,789 - m3_module.m3_dot_detection - INFO - detect_all_dots: 紅點=16, 黑點=34, 涉及細胞=42
2026-07-07 02:43:55,976 - m4_module.cell_crops - INFO - 匯出 18 張 per-cell 影像至 docs/hybrid-pipeline/measurement/runs/large/cell_crops/tile_x13056_y2304/cells
2026-07-07 02:43:55,976 - hybrid_pipeline - INFO - Tile tile_x13056_y2304 完成: 核心擁有 18 細胞 (18 陽性), 1.52 秒
2026-07-07 02:43:56,064 - hybrid_pipeline - INFO - [95/441] 處理 tile: tile_x13056_y3072
2026-07-07 02:43:56,132 - cellpose.transforms - INFO - processing image with (1024, 1024) HW, and 3 channels
2026-07-07 02:43:56,554 - m2_segmentation - INFO - Cellpose 分割完成: 13 個有效細胞
2026-07-07 02:43:56,573 - m3_module.m3_cells_generator - INFO - All-positive 標註完成: 13 個細胞
2026-07-07 02:43:56,605 - m3_module.m3_cells_generator - INFO - enlarge_cell_instances: 13 顆細胞, factor=1.50(面積), 中位半徑=29.1px, 外擴=6.5px
2026-07-07 02:43:56,606 - cellpose.transforms - INFO - processing image with (1024, 1024) HW, and 3 channels
2026-07-07 02:43:57,064 - m3_module.m3_elastic_matching - INFO - elastic_dish_nucleus_matching(overlap-first): IHC=13, DISH=5, matched(1核)=3 (其中重疊=3), drop-out(競爭落敗)=4, 無候選(計入)=6, factor=1.50, min_reach=20.0
2026-07-07 02:43:57,177 - m3_module.m3_dot_detection - INFO - detect_all_dots: 紅點=0, 黑點=3, 涉及細胞=13
2026-07-07 02:43:57,290 - m4_module.cell_crops - INFO - 匯出 5 張 per-cell 影像至 docs/hybrid-pipeline/measurement/runs/large/cell_crops/tile_x13056_y3072/cells
2026-07-07 02:43:57,290 - hybrid_pipeline - INFO - Tile tile_x13056_y3072 完成: 核心擁有 5 細胞 (5 陽性), 1.23 秒
2026-07-07 02:43:57,378 - hybrid_pipeline - INFO - [96/441] 處理 tile: tile_x13056_y3840
2026-07-07 02:43:57,450 - cellpose.transforms - INFO - processing image with (1024, 1024) HW, and 3 channels
2026-07-07 02:43:57,892 - m2_segmentation - INFO - Cellpose 分割完成: 37 個有效細胞
2026-07-07 02:43:57,916 - m3_module.m3_cells_generator - INFO - All-positive 標註完成: 37 個細胞
2026-07-07 02:43:57,952 - m3_module.m3_cells_generator - INFO - enlarge_cell_instances: 37 顆細胞, factor=1.50(面積), 中位半徑=30.3px, 外擴=6.8px
2026-07-07 02:43:57,952 - cellpose.transforms - INFO - processing image with (1024, 1024) HW, and 3 channels
2026-07-07 02:43:58,403 - m3_module.m3_elastic_matching - INFO - elastic_dish_nucleus_matching(overlap-first): IHC=37, DISH=22, matched(1核)=18 (其中重疊=18), drop-out(競爭落敗)=6, 無候選(計入)=13, factor=1.50, min_reach=20.0
2026-07-07 02:43:58,734 - m3_module.m3_dot_detection - INFO - detect_all_dots: 紅點=22, 黑點=43, 涉及細胞=37
2026-07-07 02:43:58,916 - m4_module.cell_crops - INFO - 匯出 17 張 per-cell 影像至 docs/hybrid-pipeline/measurement/runs/large/cell_crops/tile_x13056_y3840/cells
2026-07-07 02:43:58,916 - hybrid_pipeline - INFO - Tile tile_x13056_y3840 完成: 核心擁有 17 細胞 (17 陽性), 1.54 秒
2026-07-07 02:43:59,004 - hybrid_pipeline - INFO - [97/441] 處理 tile: tile_x13056_y4608
2026-07-07 02:43:59,075 - cellpose.transforms - INFO - processing image with (1024, 1024) HW, and 3 channels
2026-07-07 02:43:59,499 - m2_segmentation - INFO - Cellpose 分割完成: 16 個有效細胞
2026-07-07 02:43:59,519 - m3_module.m3_cells_generator - INFO - All-positive 標註完成: 16 個細胞
2026-07-07 02:43:59,551 - m3_module.m3_cells_generator - INFO - enlarge_cell_instances: 16 顆細胞, factor=1.50(面積), 中位半徑=28.2px, 外擴=6.3px
2026-07-07 02:43:59,551 - cellpose.transforms - INFO - processing image with (1024, 1024) HW, and 3 channels
2026-07-07 02:44:00,010 - m3_module.m3_elastic_matching - INFO - elastic_dish_nucleus_matching(overlap-first): IHC=16, DISH=12, matched(1核)=7 (其中重疊=7), drop-out(競爭落敗)=2, 無候選(計入)=7, factor=1.50, min_reach=20.0
2026-07-07 02:44:00,161 - m3_module.m3_dot_detection - INFO - detect_all_dots: 紅點=10, 黑點=15, 涉及細胞=16
2026-07-07 02:44:00,290 - m4_module.cell_crops - INFO - 匯出 5 張 per-cell 影像至 docs/hybrid-pipeline/measurement/runs/large/cell_crops/tile_x13056_y4608/cells
2026-07-07 02:44:00,290 - hybrid_pipeline - INFO - Tile tile_x13056_y4608 完成: 核心擁有 5 細胞 (5 陽性), 1.29 秒
2026-07-07 02:44:00,378 - hybrid_pipeline - INFO - [98/441] 處理 tile: tile_x13056_y5376
2026-07-07 02:44:00,445 - cellpose.transforms - INFO - processing image with (1024, 1024) HW, and 3 channels
2026-07-07 02:44:00,757 - cellpose.dynamics - INFO - No cell pixels found.
2026-07-07 02:44:00,804 - m2_segmentation - INFO - Cellpose 分割完成: 0 個有效細胞
2026-07-07 02:44:00,805 - m3_module.m3_cells_generator - INFO - All-positive 標註完成: 0 個細胞
2026-07-07 02:44:00,807 - cellpose.transforms - INFO - processing image with (1024, 1024) HW, and 3 channels
2026-07-07 02:44:01,339 - m3_module.m3_dot_detection - INFO - detect_all_dots: 紅點=0, 黑點=0, 涉及細胞=0
2026-07-07 02:44:01,367 - m4_module.cell_crops - INFO - 匯出 0 張 per-cell 影像至 docs/hybrid-pipeline/measurement/runs/large/cell_crops/tile_x13056_y5376/cells
2026-07-07 02:44:01,367 - hybrid_pipeline - INFO - Tile tile_x13056_y5376 完成: 核心擁有 0 細胞 (0 陽性), 0.99 秒
2026-07-07 02:44:01,455 - hybrid_pipeline - INFO - [99/441] 處理 tile: tile_x13056_y6144
2026-07-07 02:44:01,515 - hybrid_pipeline - INFO - Tile tile_x13056_y6144: 核心遮罩全空 → 空白 placeholder
2026-07-07 02:44:01,602 - hybrid_pipeline - INFO - [100/441] 處理 tile: tile_x13056_y6912
2026-07-07 02:44:01,660 - hybrid_pipeline - INFO - Tile tile_x13056_y6912: 核心遮罩全空 → 空白 placeholder
2026-07-07 02:44:01,743 - hybrid_pipeline - INFO - [101/441] 處理 tile: tile_x13056_y768
2026-07-07 02:44:01,806 - cellpose.transforms - INFO - processing image with (1024, 1024) HW, and 3 channels
2026-07-07 02:44:02,234 - m2_segmentation - INFO - Cellpose 分割完成: 29 個有效細胞
2026-07-07 02:44:02,256 - m3_module.m3_cells_generator - INFO - All-positive 標註完成: 29 個細胞
2026-07-07 02:44:02,291 - m3_module.m3_cells_generator - INFO - enlarge_cell_instances: 29 顆細胞, factor=1.50(面積), 中位半徑=25.1px, 外擴=5.7px
2026-07-07 02:44:02,291 - cellpose.transforms - INFO - processing image with (1024, 1024) HW, and 3 channels
2026-07-07 02:44:02,762 - m3_module.m3_elastic_matching - INFO - elastic_dish_nucleus_matching(overlap-first): IHC=29, DISH=20, matched(1核)=18 (其中重疊=18), drop-out(競爭落敗)=4, 無候選(計入)=7, factor=1.50, min_reach=20.0
2026-07-07 02:44:03,045 - m3_module.m3_dot_detection - INFO - detect_all_dots: 紅點=10, 黑點=35, 涉及細胞=29
2026-07-07 02:44:03,181 - m4_module.cell_crops - INFO - 匯出 7 張 per-cell 影像至 docs/hybrid-pipeline/measurement/runs/large/cell_crops/tile_x13056_y768/cells
2026-07-07 02:44:03,181 - hybrid_pipeline - INFO - Tile tile_x13056_y768 完成: 核心擁有 7 細胞 (7 陽性), 1.44 秒
2026-07-07 02:44:03,269 - hybrid_pipeline - INFO - [102/441] 處理 tile: tile_x13056_y7680
2026-07-07 02:44:03,329 - hybrid_pipeline - INFO - Tile tile_x13056_y7680: 核心遮罩全空 → 空白 placeholder
2026-07-07 02:44:03,412 - hybrid_pipeline - INFO - [103/441] 處理 tile: tile_x13056_y8448
2026-07-07 02:44:03,471 - cellpose.transforms - INFO - processing image with (1024, 1024) HW, and 3 channels
2026-07-07 02:44:03,884 - m2_segmentation - INFO - Cellpose 分割完成: 3 個有效細胞
2026-07-07 02:44:03,902 - m3_module.m3_cells_generator - INFO - All-positive 標註完成: 3 個細胞
2026-07-07 02:44:03,927 - m3_module.m3_cells_generator - INFO - enlarge_cell_instances: 3 顆細胞, factor=1.50(面積), 中位半徑=24.0px, 外擴=5.4px
2026-07-07 02:44:03,928 - cellpose.transforms - INFO - processing image with (1024, 1024) HW, and 3 channels
2026-07-07 02:44:04,386 - m3_module.m3_elastic_matching - INFO - elastic_dish_nucleus_matching(overlap-first): IHC=3, DISH=1, matched(1核)=1 (其中重疊=1), drop-out(競爭落敗)=0, 無候選(計入)=2, factor=1.50, min_reach=20.0
2026-07-07 02:44:04,491 - m3_module.m3_dot_detection - INFO - detect_all_dots: 紅點=0, 黑點=2, 涉及細胞=3
2026-07-07 02:44:04,556 - m4_module.cell_crops - INFO - 匯出 3 張 per-cell 影像至 docs/hybrid-pipeline/measurement/runs/large/cell_crops/tile_x13056_y8448/cells
2026-07-07 02:44:04,556 - hybrid_pipeline - INFO - Tile tile_x13056_y8448 完成: 核心擁有 3 細胞 (3 陽性), 1.14 秒
2026-07-07 02:44:04,643 - hybrid_pipeline - INFO - [104/441] 處理 tile: tile_x13056_y9216
2026-07-07 02:44:04,712 - cellpose.transforms - INFO - processing image with (1024, 1024) HW, and 3 channels
2026-07-07 02:44:05,023 - cellpose.dynamics - INFO - No cell pixels found.
2026-07-07 02:44:05,070 - m2_segmentation - INFO - Cellpose 分割完成: 0 個有效細胞
2026-07-07 02:44:05,071 - m3_module.m3_cells_generator - INFO - All-positive 標註完成: 0 個細胞
2026-07-07 02:44:05,074 - cellpose.transforms - INFO - processing image with (1024, 1024) HW, and 3 channels
2026-07-07 02:44:05,608 - m3_module.m3_dot_detection - INFO - detect_all_dots: 紅點=0, 黑點=0, 涉及細胞=0
2026-07-07 02:44:05,638 - m4_module.cell_crops - INFO - 匯出 0 張 per-cell 影像至 docs/hybrid-pipeline/measurement/runs/large/cell_crops/tile_x13056_y9216/cells
2026-07-07 02:44:05,638 - hybrid_pipeline - INFO - Tile tile_x13056_y9216 完成: 核心擁有 0 細胞 (0 陽性), 1.00 秒
2026-07-07 02:44:05,726 - hybrid_pipeline - INFO - [105/441] 處理 tile: tile_x13056_y9984
2026-07-07 02:44:05,789 - cellpose.transforms - INFO - processing image with (1024, 1024) HW, and 3 channels
2026-07-07 02:44:06,103 - cellpose.dynamics - INFO - No cell pixels found.
2026-07-07 02:44:06,150 - m2_segmentation - INFO - Cellpose 分割完成: 0 個有效細胞
2026-07-07 02:44:06,151 - m3_module.m3_cells_generator - INFO - All-positive 標註完成: 0 個細胞
2026-07-07 02:44:06,153 - cellpose.transforms - INFO - processing image with (1024, 1024) HW, and 3 channels
2026-07-07 02:44:06,691 - m3_module.m3_dot_detection - INFO - detect_all_dots: 紅點=0, 黑點=0, 涉及細胞=0
2026-07-07 02:44:06,720 - m4_module.cell_crops - INFO - 匯出 0 張 per-cell 影像至 docs/hybrid-pipeline/measurement/runs/large/cell_crops/tile_x13056_y9984/cells
2026-07-07 02:44:06,720 - hybrid_pipeline - INFO - Tile tile_x13056_y9984 完成: 核心擁有 0 細胞 (0 陽性), 0.99 秒
2026-07-07 02:44:06,808 - hybrid_pipeline - INFO - [106/441] 處理 tile: tile_x13824_y0
2026-07-07 02:44:06,874 - cellpose.transforms - INFO - processing image with (1024, 1024) HW, and 3 channels
2026-07-07 02:44:07,333 - m2_segmentation - INFO - Cellpose 分割完成: 62 個有效細胞
2026-07-07 02:44:07,360 - m3_module.m3_cells_generator - INFO - All-positive 標註完成: 59 個細胞
2026-07-07 02:44:07,409 - m3_module.m3_cells_generator - INFO - enlarge_cell_instances: 59 顆細胞, factor=1.50(面積), 中位半徑=25.9px, 外擴=5.8px
2026-07-07 02:44:07,409 - cellpose.transforms - INFO - processing image with (1024, 1024) HW, and 3 channels
2026-07-07 02:44:07,870 - m3_module.m3_elastic_matching - INFO - elastic_dish_nucleus_matching(overlap-first): IHC=59, DISH=46, matched(1核)=30 (其中重疊=30), drop-out(競爭落敗)=14, 無候選(計入)=15, factor=1.50, min_reach=20.0
2026-07-07 02:44:08,328 - m3_module.m3_dot_detection - INFO - detect_all_dots: 紅點=28, 黑點=78, 涉及細胞=59
2026-07-07 02:44:08,555 - m4_module.cell_crops - INFO - 匯出 28 張 per-cell 影像至 docs/hybrid-pipeline/measurement/runs/large/cell_crops/tile_x13824_y0/cells
2026-07-07 02:44:08,555 - hybrid_pipeline - INFO - Tile tile_x13824_y0 完成: 核心擁有 28 細胞 (28 陽性), 1.75 秒
2026-07-07 02:44:08,643 - hybrid_pipeline - INFO - [107/441] 處理 tile: tile_x13824_y10752
2026-07-07 02:44:08,710 - cellpose.transforms - INFO - processing image with (1024, 1024) HW, and 3 channels
2026-07-07 02:44:09,124 - m2_segmentation - INFO - Cellpose 分割完成: 11 個有效細胞
2026-07-07 02:44:09,143 - m3_module.m3_cells_generator - INFO - All-positive 標註完成: 11 個細胞
2026-07-07 02:44:09,172 - m3_module.m3_cells_generator - INFO - enlarge_cell_instances: 11 顆細胞, factor=1.50(面積), 中位半徑=19.9px, 外擴=4.5px
2026-07-07 02:44:09,173 - cellpose.transforms - INFO - processing image with (1024, 1024) HW, and 3 channels
2026-07-07 02:44:09,638 - m3_module.m3_elastic_matching - INFO - elastic_dish_nucleus_matching(overlap-first): IHC=11, DISH=8, matched(1核)=5 (其中重疊=5), drop-out(競爭落敗)=2, 無候選(計入)=4, factor=1.50, min_reach=20.0
2026-07-07 02:44:09,789 - m3_module.m3_dot_detection - INFO - detect_all_dots: 紅點=7, 黑點=10, 涉及細胞=11
2026-07-07 02:44:09,873 - m4_module.cell_crops - INFO - 匯出 2 張 per-cell 影像至 docs/hybrid-pipeline/measurement/runs/large/cell_crops/tile_x13824_y10752/cells
2026-07-07 02:44:09,873 - hybrid_pipeline - INFO - Tile tile_x13824_y10752 完成: 核心擁有 2 細胞 (2 陽性), 1.23 秒
2026-07-07 02:44:09,961 - hybrid_pipeline - INFO - [108/441] 處理 tile: tile_x13824_y11520
2026-07-07 02:44:10,027 - cellpose.transforms - INFO - processing image with (1024, 1024) HW, and 3 channels
2026-07-07 02:44:10,441 - m2_segmentation - INFO - Cellpose 分割完成: 7 個有效細胞
2026-07-07 02:44:10,460 - m3_module.m3_cells_generator - INFO - All-positive 標註完成: 7 個細胞
2026-07-07 02:44:10,487 - m3_module.m3_cells_generator - INFO - enlarge_cell_instances: 7 顆細胞, factor=1.50(面積), 中位半徑=23.5px, 外擴=5.3px
2026-07-07 02:44:10,487 - cellpose.transforms - INFO - processing image with (1024, 1024) HW, and 3 channels
2026-07-07 02:44:10,950 - m3_module.m3_elastic_matching - INFO - elastic_dish_nucleus_matching(overlap-first): IHC=7, DISH=4, matched(1核)=2 (其中重疊=2), drop-out(競爭落敗)=1, 無候選(計入)=4, factor=1.50, min_reach=20.0
2026-07-07 02:44:11,066 - m3_module.m3_dot_detection - INFO - detect_all_dots: 紅點=3, 黑點=4, 涉及細胞=7
2026-07-07 02:44:11,133 - m4_module.cell_crops - INFO - 匯出 7 張 per-cell 影像至 docs/hybrid-pipeline/measurement/runs/large/cell_crops/tile_x13824_y11520/cells
2026-07-07 02:44:11,134 - hybrid_pipeline - INFO - Tile tile_x13824_y11520 完成: 核心擁有 7 細胞 (7 陽性), 1.17 秒
2026-07-07 02:44:11,220 - hybrid_pipeline - INFO - [109/441] 處理 tile: tile_x13824_y12288
2026-07-07 02:44:11,283 - cellpose.transforms - INFO - processing image with (1024, 1024) HW, and 3 channels
2026-07-07 02:44:11,596 - cellpose.dynamics - INFO - No cell pixels found.
2026-07-07 02:44:11,643 - m2_segmentation - INFO - Cellpose 分割完成: 0 個有效細胞
2026-07-07 02:44:11,644 - m3_module.m3_cells_generator - INFO - All-positive 標註完成: 0 個細胞
2026-07-07 02:44:11,646 - cellpose.transforms - INFO - processing image with (1024, 1024) HW, and 3 channels
2026-07-07 02:44:12,181 - m3_module.m3_dot_detection - INFO - detect_all_dots: 紅點=0, 黑點=0, 涉及細胞=0
2026-07-07 02:44:12,212 - m4_module.cell_crops - INFO - 匯出 0 張 per-cell 影像至 docs/hybrid-pipeline/measurement/runs/large/cell_crops/tile_x13824_y12288/cells
2026-07-07 02:44:12,212 - hybrid_pipeline - INFO - Tile tile_x13824_y12288 完成: 核心擁有 0 細胞 (0 陽性), 0.99 秒
2026-07-07 02:44:12,301 - hybrid_pipeline - INFO - [110/441] 處理 tile: tile_x13824_y13056
2026-07-07 02:44:12,362 - cellpose.transforms - INFO - processing image with (1024, 1024) HW, and 3 channels
2026-07-07 02:44:12,769 - m2_segmentation - INFO - Cellpose 分割完成: 1 個有效細胞
2026-07-07 02:44:12,787 - m3_module.m3_cells_generator - INFO - All-positive 標註完成: 1 個細胞
2026-07-07 02:44:12,810 - m3_module.m3_cells_generator - INFO - enlarge_cell_instances: 1 顆細胞, factor=1.50(面積), 中位半徑=24.9px, 外擴=5.6px
2026-07-07 02:44:12,811 - cellpose.transforms - INFO - processing image with (1024, 1024) HW, and 3 channels
2026-07-07 02:44:13,272 - m3_module.m3_elastic_matching - INFO - elastic_dish_nucleus_matching(overlap-first): IHC=1, DISH=1, matched(1核)=0 (其中重疊=0), drop-out(競爭落敗)=0, 無候選(計入)=1, factor=1.50, min_reach=20.0
2026-07-07 02:44:13,358 - m3_module.m3_dot_detection - INFO - detect_all_dots: 紅點=0, 黑點=0, 涉及細胞=1
2026-07-07 02:44:13,402 - m4_module.cell_crops - INFO - 匯出 1 張 per-cell 影像至 docs/hybrid-pipeline/measurement/runs/large/cell_crops/tile_x13824_y13056/cells
2026-07-07 02:44:13,402 - hybrid_pipeline - INFO - Tile tile_x13824_y13056 完成: 核心擁有 1 細胞 (1 陽性), 1.10 秒
2026-07-07 02:44:13,491 - hybrid_pipeline - INFO - [111/441] 處理 tile: tile_x13824_y13824
2026-07-07 02:44:13,550 - cellpose.transforms - INFO - processing image with (1024, 1024) HW, and 3 channels
2026-07-07 02:44:13,969 - m2_segmentation - INFO - Cellpose 分割完成: 1 個有效細胞
2026-07-07 02:44:13,987 - m3_module.m3_cells_generator - INFO - All-positive 標註完成: 1 個細胞
2026-07-07 02:44:14,012 - m3_module.m3_cells_generator - INFO - enlarge_cell_instances: 1 顆細胞, factor=1.50(面積), 中位半徑=31.7px, 外擴=7.1px
2026-07-07 02:44:14,012 - cellpose.transforms - INFO - processing image with (1024, 1024) HW, and 3 channels
2026-07-07 02:44:14,547 - m3_module.m3_dot_detection - INFO - detect_all_dots: 紅點=0, 黑點=0, 涉及細胞=1
2026-07-07 02:44:14,582 - m4_module.cell_crops - INFO - 匯出 0 張 per-cell 影像至 docs/hybrid-pipeline/measurement/runs/large/cell_crops/tile_x13824_y13824/cells
2026-07-07 02:44:14,582 - hybrid_pipeline - INFO - Tile tile_x13824_y13824 完成: 核心擁有 0 細胞 (0 陽性), 1.09 秒
2026-07-07 02:44:14,670 - hybrid_pipeline - INFO - [112/441] 處理 tile: tile_x13824_y14592
2026-07-07 02:44:14,732 - cellpose.transforms - INFO - processing image with (1024, 1024) HW, and 3 channels
2026-07-07 02:44:15,177 - m2_segmentation - INFO - Cellpose 分割完成: 43 個有效細胞
2026-07-07 02:44:15,200 - m3_module.m3_cells_generator - INFO - All-positive 標註完成: 43 個細胞
2026-07-07 02:44:15,242 - m3_module.m3_cells_generator - INFO - enlarge_cell_instances: 43 顆細胞, factor=1.50(面積), 中位半徑=34.8px, 外擴=7.8px
2026-07-07 02:44:15,243 - cellpose.transforms - INFO - processing image with (1024, 1024) HW, and 3 channels
2026-07-07 02:44:15,704 - m3_module.m3_elastic_matching - INFO - elastic_dish_nucleus_matching(overlap-first): IHC=43, DISH=30, matched(1核)=28 (其中重疊=27), drop-out(競爭落敗)=8, 無候選(計入)=7, factor=1.50, min_reach=20.0
2026-07-07 02:44:16,276 - m3_module.m3_dot_detection - INFO - detect_all_dots: 紅點=31, 黑點=73, 涉及細胞=43
2026-07-07 02:44:16,451 - m4_module.cell_crops - INFO - 匯出 30 張 per-cell 影像至 docs/hybrid-pipeline/measurement/runs/large/cell_crops/tile_x13824_y14592/cells
2026-07-07 02:44:16,451 - hybrid_pipeline - INFO - Tile tile_x13824_y14592 完成: 核心擁有 30 細胞 (30 陽性), 1.78 秒
2026-07-07 02:44:16,540 - hybrid_pipeline - INFO - [113/441] 處理 tile: tile_x13824_y1536
2026-07-07 02:44:16,612 - cellpose.transforms - INFO - processing image with (1024, 1024) HW, and 3 channels
2026-07-07 02:44:17,042 - m2_segmentation - INFO - Cellpose 分割完成: 33 個有效細胞
2026-07-07 02:44:17,065 - m3_module.m3_cells_generator - INFO - All-positive 標註完成: 33 個細胞
2026-07-07 02:44:17,107 - m3_module.m3_cells_generator - INFO - enlarge_cell_instances: 33 顆細胞, factor=1.50(面積), 中位半徑=25.1px, 外擴=5.6px
2026-07-07 02:44:17,107 - cellpose.transforms - INFO - processing image with (1024, 1024) HW, and 3 channels
2026-07-07 02:44:17,571 - m3_module.m3_elastic_matching - INFO - elastic_dish_nucleus_matching(overlap-first): IHC=33, DISH=22, matched(1核)=13 (其中重疊=13), drop-out(競爭落敗)=3, 無候選(計入)=17, factor=1.50, min_reach=20.0
2026-07-07 02:44:17,837 - m3_module.m3_dot_detection - INFO - detect_all_dots: 紅點=12, 黑點=25, 涉及細胞=33
2026-07-07 02:44:18,036 - m4_module.cell_crops - INFO - 匯出 8 張 per-cell 影像至 docs/hybrid-pipeline/measurement/runs/large/cell_crops/tile_x13824_y1536/cells
2026-07-07 02:44:18,037 - hybrid_pipeline - INFO - Tile tile_x13824_y1536 完成: 核心擁有 8 細胞 (8 陽性), 1.50 秒
2026-07-07 02:44:18,126 - hybrid_pipeline - INFO - [114/441] 處理 tile: tile_x13824_y15360
2026-07-07 02:44:18,191 - cellpose.transforms - INFO - processing image with (1024, 1024) HW, and 3 channels
2026-07-07 02:44:18,627 - m2_segmentation - INFO - Cellpose 分割完成: 41 個有效細胞
2026-07-07 02:44:18,650 - m3_module.m3_cells_generator - INFO - All-positive 標註完成: 41 個細胞
2026-07-07 02:44:18,688 - m3_module.m3_cells_generator - INFO - enlarge_cell_instances: 41 顆細胞, factor=1.50(面積), 中位半徑=24.0px, 外擴=5.4px
2026-07-07 02:44:18,688 - cellpose.transforms - INFO - processing image with (1024, 1024) HW, and 3 channels
2026-07-07 02:44:19,154 - m3_module.m3_elastic_matching - INFO - elastic_dish_nucleus_matching(overlap-first): IHC=41, DISH=30, matched(1核)=24 (其中重疊=24), drop-out(競爭落敗)=3, 無候選(計入)=14, factor=1.50, min_reach=20.0
2026-07-07 02:44:19,513 - m3_module.m3_dot_detection - INFO - detect_all_dots: 紅點=19, 黑點=42, 涉及細胞=41
2026-07-07 02:44:19,644 - m4_module.cell_crops - INFO - 匯出 9 張 per-cell 影像至 docs/hybrid-pipeline/measurement/runs/large/cell_crops/tile_x13824_y15360/cells
2026-07-07 02:44:19,645 - hybrid_pipeline - INFO - Tile tile_x13824_y15360 完成: 核心擁有 9 細胞 (9 陽性), 1.52 秒
2026-07-07 02:44:19,731 - hybrid_pipeline - INFO - [115/441] 處理 tile: tile_x13824_y2304
2026-07-07 02:44:19,797 - cellpose.transforms - INFO - processing image with (1024, 1024) HW, and 3 channels
2026-07-07 02:44:20,237 - m2_segmentation - INFO - Cellpose 分割完成: 57 個有效細胞
2026-07-07 02:44:20,262 - m3_module.m3_cells_generator - INFO - All-positive 標註完成: 57 個細胞
2026-07-07 02:44:20,307 - m3_module.m3_cells_generator - INFO - enlarge_cell_instances: 57 顆細胞, factor=1.50(面積), 中位半徑=27.4px, 外擴=6.2px
2026-07-07 02:44:20,308 - cellpose.transforms - INFO - processing image with (1024, 1024) HW, and 3 channels
2026-07-07 02:44:20,765 - m3_module.m3_elastic_matching - INFO - elastic_dish_nucleus_matching(overlap-first): IHC=57, DISH=42, matched(1核)=31 (其中重疊=31), drop-out(競爭落敗)=7, 無候選(計入)=19, factor=1.50, min_reach=20.0
2026-07-07 02:44:21,299 - m3_module.m3_dot_detection - INFO - detect_all_dots: 紅點=26, 黑點=71, 涉及細胞=57
2026-07-07 02:44:21,572 - m4_module.cell_crops - INFO - 匯出 36 張 per-cell 影像至 docs/hybrid-pipeline/measurement/runs/large/cell_crops/tile_x13824_y2304/cells
2026-07-07 02:44:21,572 - hybrid_pipeline - INFO - Tile tile_x13824_y2304 完成: 核心擁有 36 細胞 (36 陽性), 1.84 秒
2026-07-07 02:44:21,659 - hybrid_pipeline - INFO - [116/441] 處理 tile: tile_x13824_y3072
2026-07-07 02:44:21,728 - cellpose.transforms - INFO - processing image with (1024, 1024) HW, and 3 channels
2026-07-07 02:44:22,178 - m2_segmentation - INFO - Cellpose 分割完成: 46 個有效細胞
2026-07-07 02:44:22,203 - m3_module.m3_cells_generator - INFO - All-positive 標註完成: 46 個細胞
2026-07-07 02:44:22,251 - m3_module.m3_cells_generator - INFO - enlarge_cell_instances: 46 顆細胞, factor=1.50(面積), 中位半徑=27.3px, 外擴=6.1px
2026-07-07 02:44:22,251 - cellpose.transforms - INFO - processing image with (1024, 1024) HW, and 3 channels
2026-07-07 02:44:22,703 - m3_module.m3_elastic_matching - INFO - elastic_dish_nucleus_matching(overlap-first): IHC=46, DISH=23, matched(1核)=15 (其中重疊=15), drop-out(競爭落敗)=6, 無候選(計入)=25, factor=1.50, min_reach=20.0
2026-07-07 02:44:22,929 - m3_module.m3_dot_detection - INFO - detect_all_dots: 紅點=12, 黑點=27, 涉及細胞=46
2026-07-07 02:44:23,133 - m4_module.cell_crops - INFO - 匯出 16 張 per-cell 影像至 docs/hybrid-pipeline/measurement/runs/large/cell_crops/tile_x13824_y3072/cells
2026-07-07 02:44:23,133 - hybrid_pipeline - INFO - Tile tile_x13824_y3072 完成: 核心擁有 16 細胞 (16 陽性), 1.47 秒
2026-07-07 02:44:23,220 - hybrid_pipeline - INFO - [117/441] 處理 tile: tile_x13824_y3840
2026-07-07 02:44:23,281 - cellpose.transforms - INFO - processing image with (1024, 1024) HW, and 3 channels
2026-07-07 02:44:23,736 - m2_segmentation - INFO - Cellpose 分割完成: 71 個有效細胞
2026-07-07 02:44:23,763 - m3_module.m3_cells_generator - INFO - All-positive 標註完成: 71 個細胞
2026-07-07 02:44:23,812 - m3_module.m3_cells_generator - INFO - enlarge_cell_instances: 71 顆細胞, factor=1.50(面積), 中位半徑=29.4px, 外擴=6.6px
2026-07-07 02:44:23,812 - cellpose.transforms - INFO - processing image with (1024, 1024) HW, and 3 channels
2026-07-07 02:44:24,273 - m3_module.m3_elastic_matching - INFO - elastic_dish_nucleus_matching(overlap-first): IHC=71, DISH=63, matched(1核)=44 (其中重疊=43), drop-out(競爭落敗)=7, 無候選(計入)=20, factor=1.50, min_reach=20.0
2026-07-07 02:44:25,231 - m3_module.m3_dot_detection - INFO - detect_all_dots: 紅點=64, 黑點=117, 涉及細胞=71
2026-07-07 02:44:25,590 - m4_module.cell_crops - INFO - 匯出 44 張 per-cell 影像至 docs/hybrid-pipeline/measurement/runs/large/cell_crops/tile_x13824_y3840/cells
2026-07-07 02:44:25,590 - hybrid_pipeline - INFO - Tile tile_x13824_y3840 完成: 核心擁有 44 細胞 (44 陽性), 2.37 秒
2026-07-07 02:44:25,681 - hybrid_pipeline - INFO - [118/441] 處理 tile: tile_x13824_y4608
2026-07-07 02:44:25,746 - cellpose.transforms - INFO - processing image with (1024, 1024) HW, and 3 channels
2026-07-07 02:44:26,174 - m2_segmentation - INFO - Cellpose 分割完成: 16 個有效細胞
2026-07-07 02:44:26,194 - m3_module.m3_cells_generator - INFO - All-positive 標註完成: 16 個細胞
2026-07-07 02:44:26,226 - m3_module.m3_cells_generator - INFO - enlarge_cell_instances: 16 顆細胞, factor=1.50(面積), 中位半徑=24.1px, 外擴=5.4px
2026-07-07 02:44:26,227 - cellpose.transforms - INFO - processing image with (1024, 1024) HW, and 3 channels
2026-07-07 02:44:26,692 - m3_module.m3_elastic_matching - INFO - elastic_dish_nucleus_matching(overlap-first): IHC=16, DISH=21, matched(1核)=8 (其中重疊=8), drop-out(競爭落敗)=1, 無候選(計入)=7, factor=1.50, min_reach=20.0
2026-07-07 02:44:26,868 - m3_module.m3_dot_detection - INFO - detect_all_dots: 紅點=17, 黑點=33, 涉及細胞=16
2026-07-07 02:44:27,028 - m4_module.cell_crops - INFO - 匯出 5 張 per-cell 影像至 docs/hybrid-pipeline/measurement/runs/large/cell_crops/tile_x13824_y4608/cells
2026-07-07 02:44:27,028 - hybrid_pipeline - INFO - Tile tile_x13824_y4608 完成: 核心擁有 5 細胞 (5 陽性), 1.35 秒
2026-07-07 02:44:27,116 - hybrid_pipeline - INFO - [119/441] 處理 tile: tile_x13824_y5376
2026-07-07 02:44:27,178 - hybrid_pipeline - INFO - Tile tile_x13824_y5376: 核心遮罩全空 → 空白 placeholder
2026-07-07 02:44:27,260 - hybrid_pipeline - INFO - [120/441] 處理 tile: tile_x13824_y6144
2026-07-07 02:44:27,321 - hybrid_pipeline - INFO - Tile tile_x13824_y6144: 核心遮罩全空 → 空白 placeholder
2026-07-07 02:44:27,403 - hybrid_pipeline - INFO - [121/441] 處理 tile: tile_x13824_y6912
2026-07-07 02:44:27,462 - hybrid_pipeline - INFO - Tile tile_x13824_y6912: 核心遮罩全空 → 空白 placeholder
2026-07-07 02:44:27,546 - hybrid_pipeline - INFO - [122/441] 處理 tile: tile_x13824_y768
2026-07-07 02:44:27,607 - cellpose.transforms - INFO - processing image with (1024, 1024) HW, and 3 channels
2026-07-07 02:44:28,079 - m2_segmentation - INFO - Cellpose 分割完成: 70 個有效細胞
2026-07-07 02:44:28,106 - m3_module.m3_cells_generator - INFO - All-positive 標註完成: 70 個細胞
2026-07-07 02:44:28,156 - m3_module.m3_cells_generator - INFO - enlarge_cell_instances: 70 顆細胞, factor=1.50(面積), 中位半徑=31.6px, 外擴=7.1px
2026-07-07 02:44:28,157 - cellpose.transforms - INFO - processing image with (1024, 1024) HW, and 3 channels
2026-07-07 02:44:28,622 - m3_module.m3_elastic_matching - INFO - elastic_dish_nucleus_matching(overlap-first): IHC=70, DISH=50, matched(1核)=40 (其中重疊=39), drop-out(競爭落敗)=9, 無候選(計入)=21, factor=1.50, min_reach=20.0
2026-07-07 02:44:29,327 - m3_module.m3_dot_detection - INFO - detect_all_dots: 紅點=41, 黑點=102, 涉及細胞=70
2026-07-07 02:44:29,614 - m4_module.cell_crops - INFO - 匯出 47 張 per-cell 影像至 docs/hybrid-pipeline/measurement/runs/large/cell_crops/tile_x13824_y768/cells
2026-07-07 02:44:29,614 - hybrid_pipeline - INFO - Tile tile_x13824_y768 完成: 核心擁有 47 細胞 (47 陽性), 2.07 秒
2026-07-07 02:44:29,702 - hybrid_pipeline - INFO - [123/441] 處理 tile: tile_x13824_y7680
2026-07-07 02:44:29,759 - hybrid_pipeline - INFO - Tile tile_x13824_y7680: 核心遮罩全空 → 空白 placeholder
2026-07-07 02:44:29,845 - hybrid_pipeline - INFO - [124/441] 處理 tile: tile_x13824_y8448
2026-07-07 02:44:29,907 - hybrid_pipeline - INFO - Tile tile_x13824_y8448: 核心遮罩全空 → 空白 placeholder
2026-07-07 02:44:29,991 - hybrid_pipeline - INFO - [125/441] 處理 tile: tile_x13824_y9216
2026-07-07 02:44:30,051 - hybrid_pipeline - INFO - Tile tile_x13824_y9216: 核心遮罩全空 → 空白 placeholder
2026-07-07 02:44:30,136 - hybrid_pipeline - INFO - [126/441] 處理 tile: tile_x13824_y9984
2026-07-07 02:44:30,202 - cellpose.transforms - INFO - processing image with (1024, 1024) HW, and 3 channels
2026-07-07 02:44:30,614 - m2_segmentation - INFO - Cellpose 分割完成: 6 個有效細胞
2026-07-07 02:44:30,632 - m3_module.m3_cells_generator - INFO - All-positive 標註完成: 6 個細胞
2026-07-07 02:44:30,658 - m3_module.m3_cells_generator - INFO - enlarge_cell_instances: 6 顆細胞, factor=1.50(面積), 中位半徑=22.0px, 外擴=4.9px
2026-07-07 02:44:30,659 - cellpose.transforms - INFO - processing image with (1024, 1024) HW, and 3 channels
2026-07-07 02:44:31,115 - m3_module.m3_elastic_matching - INFO - elastic_dish_nucleus_matching(overlap-first): IHC=6, DISH=8, matched(1核)=3 (其中重疊=3), drop-out(競爭落敗)=2, 無候選(計入)=1, factor=1.50, min_reach=20.0
2026-07-07 02:44:31,237 - m3_module.m3_dot_detection - INFO - detect_all_dots: 紅點=3, 黑點=3, 涉及細胞=6
2026-07-07 02:44:31,316 - m4_module.cell_crops - INFO - 匯出 0 張 per-cell 影像至 docs/hybrid-pipeline/measurement/runs/large/cell_crops/tile_x13824_y9984/cells
2026-07-07 02:44:31,316 - hybrid_pipeline - INFO - Tile tile_x13824_y9984 完成: 核心擁有 0 細胞 (0 陽性), 1.18 秒
2026-07-07 02:44:31,405 - hybrid_pipeline - INFO - [127/441] 處理 tile: tile_x14592_y0
2026-07-07 02:44:31,479 - cellpose.transforms - INFO - processing image with (1024, 1024) HW, and 3 channels
2026-07-07 02:44:32,003 - m2_segmentation - INFO - Cellpose 分割完成: 113 個有效細胞
2026-07-07 02:44:32,036 - m3_module.m3_cells_generator - INFO - All-positive 標註完成: 105 個細胞
2026-07-07 02:44:32,087 - m3_module.m3_cells_generator - INFO - enlarge_cell_instances: 105 顆細胞, factor=1.50(面積), 中位半徑=26.9px, 外擴=6.0px
2026-07-07 02:44:32,088 - cellpose.transforms - INFO - processing image with (1024, 1024) HW, and 3 channels
2026-07-07 02:44:32,559 - m3_module.m3_elastic_matching - INFO - elastic_dish_nucleus_matching(overlap-first): IHC=105, DISH=74, matched(1核)=52 (其中重疊=52), drop-out(競爭落敗)=19, 無候選(計入)=34, factor=1.50, min_reach=20.0
2026-07-07 02:44:33,464 - m3_module.m3_dot_detection - INFO - detect_all_dots: 紅點=54, 黑點=132, 涉及細胞=105
2026-07-07 02:44:33,817 - m4_module.cell_crops - INFO - 匯出 75 張 per-cell 影像至 docs/hybrid-pipeline/measurement/runs/large/cell_crops/tile_x14592_y0/cells
2026-07-07 02:44:33,818 - hybrid_pipeline - INFO - Tile tile_x14592_y0 完成: 核心擁有 75 細胞 (75 陽性), 2.41 秒
2026-07-07 02:44:33,905 - hybrid_pipeline - INFO - [128/441] 處理 tile: tile_x14592_y10752
2026-07-07 02:44:33,969 - cellpose.transforms - INFO - processing image with (1024, 1024) HW, and 3 channels
2026-07-07 02:44:34,428 - m2_segmentation - INFO - Cellpose 分割完成: 68 個有效細胞
2026-07-07 02:44:34,455 - m3_module.m3_cells_generator - INFO - All-positive 標註完成: 68 個細胞
2026-07-07 02:44:34,500 - m3_module.m3_cells_generator - INFO - enlarge_cell_instances: 68 顆細胞, factor=1.50(面積), 中位半徑=26.8px, 外擴=6.0px
2026-07-07 02:44:34,500 - cellpose.transforms - INFO - processing image with (1024, 1024) HW, and 3 channels
2026-07-07 02:44:34,972 - m3_module.m3_elastic_matching - INFO - elastic_dish_nucleus_matching(overlap-first): IHC=68, DISH=72, matched(1核)=40 (其中重疊=40), drop-out(競爭落敗)=11, 無候選(計入)=17, factor=1.50, min_reach=20.0
2026-07-07 02:44:35,760 - m3_module.m3_dot_detection - INFO - detect_all_dots: 紅點=52, 黑點=84, 涉及細胞=68
2026-07-07 02:44:36,041 - m4_module.cell_crops - INFO - 匯出 38 張 per-cell 影像至 docs/hybrid-pipeline/measurement/runs/large/cell_crops/tile_x14592_y10752/cells
2026-07-07 02:44:36,041 - hybrid_pipeline - INFO - Tile tile_x14592_y10752 完成: 核心擁有 38 細胞 (38 陽性), 2.14 秒
2026-07-07 02:44:36,128 - hybrid_pipeline - INFO - [129/441] 處理 tile: tile_x14592_y11520
2026-07-07 02:44:36,191 - cellpose.transforms - INFO - processing image with (1024, 1024) HW, and 3 channels
2026-07-07 02:44:36,630 - m2_segmentation - INFO - Cellpose 分割完成: 64 個有效細胞
2026-07-07 02:44:36,657 - m3_module.m3_cells_generator - INFO - All-positive 標註完成: 64 個細胞
2026-07-07 02:44:36,694 - m3_module.m3_cells_generator - INFO - enlarge_cell_instances: 64 顆細胞, factor=1.50(面積), 中位半徑=25.2px, 外擴=5.7px
2026-07-07 02:44:36,695 - cellpose.transforms - INFO - processing image with (1024, 1024) HW, and 3 channels
2026-07-07 02:44:37,161 - m3_module.m3_elastic_matching - INFO - elastic_dish_nucleus_matching(overlap-first): IHC=64, DISH=42, matched(1核)=32 (其中重疊=32), drop-out(競爭落敗)=7, 無候選(計入)=25, factor=1.50, min_reach=20.0
2026-07-07 02:44:37,721 - m3_module.m3_dot_detection - INFO - detect_all_dots: 紅點=39, 黑點=66, 涉及細胞=64
2026-07-07 02:44:37,938 - m4_module.cell_crops - INFO - 匯出 30 張 per-cell 影像至 docs/hybrid-pipeline/measurement/runs/large/cell_crops/tile_x14592_y11520/cells
2026-07-07 02:44:37,938 - hybrid_pipeline - INFO - Tile tile_x14592_y11520 完成: 核心擁有 30 細胞 (30 陽性), 1.81 秒
2026-07-07 02:44:38,027 - hybrid_pipeline - INFO - [130/441] 處理 tile: tile_x14592_y12288
2026-07-07 02:44:38,088 - cellpose.transforms - INFO - processing image with (1024, 1024) HW, and 3 channels
2026-07-07 02:44:38,509 - m2_segmentation - INFO - Cellpose 分割完成: 23 個有效細胞
2026-07-07 02:44:38,529 - m3_module.m3_cells_generator - INFO - All-positive 標註完成: 23 個細胞
2026-07-07 02:44:38,559 - m3_module.m3_cells_generator - INFO - enlarge_cell_instances: 23 顆細胞, factor=1.50(面積), 中位半徑=25.1px, 外擴=5.6px
2026-07-07 02:44:38,559 - cellpose.transforms - INFO - processing image with (1024, 1024) HW, and 3 channels
2026-07-07 02:44:39,019 - m3_module.m3_elastic_matching - INFO - elastic_dish_nucleus_matching(overlap-first): IHC=23, DISH=6, matched(1核)=6 (其中重疊=6), drop-out(競爭落敗)=4, 無候選(計入)=13, factor=1.50, min_reach=20.0
2026-07-07 02:44:39,166 - m3_module.m3_dot_detection - INFO - detect_all_dots: 紅點=5, 黑點=12, 涉及細胞=23
2026-07-07 02:44:39,263 - m4_module.cell_crops - INFO - 匯出 6 張 per-cell 影像至 docs/hybrid-pipeline/measurement/runs/large/cell_crops/tile_x14592_y12288/cells
2026-07-07 02:44:39,264 - hybrid_pipeline - INFO - Tile tile_x14592_y12288 完成: 核心擁有 6 細胞 (6 陽性), 1.24 秒
2026-07-07 02:44:39,350 - hybrid_pipeline - INFO - [131/441] 處理 tile: tile_x14592_y13056
2026-07-07 02:44:39,418 - hybrid_pipeline - INFO - Tile tile_x14592_y13056: 核心遮罩全空 → 空白 placeholder
2026-07-07 02:44:39,500 - hybrid_pipeline - INFO - [132/441] 處理 tile: tile_x14592_y13824
2026-07-07 02:44:39,560 - hybrid_pipeline - INFO - Tile tile_x14592_y13824: 核心遮罩全空 → 空白 placeholder
2026-07-07 02:44:39,644 - hybrid_pipeline - INFO - [133/441] 處理 tile: tile_x14592_y14592
2026-07-07 02:44:39,708 - cellpose.transforms - INFO - processing image with (1024, 1024) HW, and 3 channels
2026-07-07 02:44:40,124 - m2_segmentation - INFO - Cellpose 分割完成: 20 個有效細胞
2026-07-07 02:44:40,145 - m3_module.m3_cells_generator - INFO - All-positive 標註完成: 20 個細胞
2026-07-07 02:44:40,183 - m3_module.m3_cells_generator - INFO - enlarge_cell_instances: 20 顆細胞, factor=1.50(面積), 中位半徑=20.3px, 外擴=4.6px
2026-07-07 02:44:40,183 - cellpose.transforms - INFO - processing image with (1024, 1024) HW, and 3 channels
2026-07-07 02:44:40,627 - m3_module.m3_elastic_matching - INFO - elastic_dish_nucleus_matching(overlap-first): IHC=20, DISH=12, matched(1核)=10 (其中重疊=10), drop-out(競爭落敗)=3, 無候選(計入)=7, factor=1.50, min_reach=20.0
2026-07-07 02:44:40,863 - m3_module.m3_dot_detection - INFO - detect_all_dots: 紅點=17, 黑點=33, 涉及細胞=20
2026-07-07 02:44:40,971 - m4_module.cell_crops - INFO - 匯出 7 張 per-cell 影像至 docs/hybrid-pipeline/measurement/runs/large/cell_crops/tile_x14592_y14592/cells
2026-07-07 02:44:40,971 - hybrid_pipeline - INFO - Tile tile_x14592_y14592 完成: 核心擁有 7 細胞 (7 陽性), 1.33 秒
2026-07-07 02:44:41,067 - hybrid_pipeline - INFO - [134/441] 處理 tile: tile_x14592_y1536
2026-07-07 02:44:41,127 - cellpose.transforms - INFO - processing image with (1024, 1024) HW, and 3 channels
2026-07-07 02:44:41,658 - m2_segmentation - INFO - Cellpose 分割完成: 97 個有效細胞
2026-07-07 02:44:41,689 - m3_module.m3_cells_generator - INFO - All-positive 標註完成: 97 個細胞
2026-07-07 02:44:41,743 - m3_module.m3_cells_generator - INFO - enlarge_cell_instances: 97 顆細胞, factor=1.50(面積), 中位半徑=32.3px, 外擴=7.3px
2026-07-07 02:44:41,743 - cellpose.transforms - INFO - processing image with (1024, 1024) HW, and 3 channels
2026-07-07 02:44:42,214 - m3_module.m3_elastic_matching - INFO - elastic_dish_nucleus_matching(overlap-first): IHC=97, DISH=67, matched(1核)=52 (其中重疊=51), drop-out(競爭落敗)=12, 無候選(計入)=33, factor=1.50, min_reach=20.0
2026-07-07 02:44:43,038 - m3_module.m3_dot_detection - INFO - detect_all_dots: 紅點=50, 黑點=135, 涉及細胞=97
2026-07-07 02:44:43,454 - m4_module.cell_crops - INFO - 匯出 57 張 per-cell 影像至 docs/hybrid-pipeline/measurement/runs/large/cell_crops/tile_x14592_y1536/cells
2026-07-07 02:44:43,454 - hybrid_pipeline - INFO - Tile tile_x14592_y1536 完成: 核心擁有 57 細胞 (57 陽性), 2.39 秒
2026-07-07 02:44:43,542 - hybrid_pipeline - INFO - [135/441] 處理 tile: tile_x14592_y15360
2026-07-07 02:44:43,621 - cellpose.transforms - INFO - processing image with (1024, 1024) HW, and 3 channels
2026-07-07 02:44:44,106 - m2_segmentation - INFO - Cellpose 分割完成: 101 個有效細胞
2026-07-07 02:44:44,138 - m3_module.m3_cells_generator - INFO - All-positive 標註完成: 98 個細胞
2026-07-07 02:44:44,188 - m3_module.m3_cells_generator - INFO - enlarge_cell_instances: 98 顆細胞, factor=1.50(面積), 中位半徑=24.8px, 外擴=5.6px
2026-07-07 02:44:44,188 - cellpose.transforms - INFO - processing image with (1024, 1024) HW, and 3 channels
2026-07-07 02:44:44,657 - m3_module.m3_elastic_matching - INFO - elastic_dish_nucleus_matching(overlap-first): IHC=98, DISH=78, matched(1核)=59 (其中重疊=59), drop-out(競爭落敗)=13, 無候選(計入)=26, factor=1.50, min_reach=20.0
2026-07-07 02:44:45,646 - m3_module.m3_dot_detection - INFO - detect_all_dots: 紅點=65, 黑點=146, 涉及細胞=98
2026-07-07 02:44:45,950 - m4_module.cell_crops - INFO - 匯出 72 張 per-cell 影像至 docs/hybrid-pipeline/measurement/runs/large/cell_crops/tile_x14592_y15360/cells
2026-07-07 02:44:45,950 - hybrid_pipeline - INFO - Tile tile_x14592_y15360 完成: 核心擁有 72 細胞 (72 陽性), 2.41 秒
2026-07-07 02:44:46,041 - hybrid_pipeline - INFO - [136/441] 處理 tile: tile_x14592_y2304
2026-07-07 02:44:46,111 - cellpose.transforms - INFO - processing image with (1024, 1024) HW, and 3 channels
2026-07-07 02:44:46,589 - m2_segmentation - INFO - Cellpose 分割完成: 106 個有效細胞
2026-07-07 02:44:46,621 - m3_module.m3_cells_generator - INFO - All-positive 標註完成: 106 個細胞
2026-07-07 02:44:46,674 - m3_module.m3_cells_generator - INFO - enlarge_cell_instances: 106 顆細胞, factor=1.50(面積), 中位半徑=26.9px, 外擴=6.0px
2026-07-07 02:44:46,674 - cellpose.transforms - INFO - processing image with (1024, 1024) HW, and 3 channels
2026-07-07 02:44:47,145 - m3_module.m3_elastic_matching - INFO - elastic_dish_nucleus_matching(overlap-first): IHC=106, DISH=75, matched(1核)=58 (其中重疊=58), drop-out(競爭落敗)=15, 無候選(計入)=33, factor=1.50, min_reach=20.0
2026-07-07 02:44:48,078 - m3_module.m3_dot_detection - INFO - detect_all_dots: 紅點=58, 黑點=132, 涉及細胞=106
2026-07-07 02:44:48,443 - m4_module.cell_crops - INFO - 匯出 61 張 per-cell 影像至 docs/hybrid-pipeline/measurement/runs/large/cell_crops/tile_x14592_y2304/cells
2026-07-07 02:44:48,443 - hybrid_pipeline - INFO - Tile tile_x14592_y2304 完成: 核心擁有 61 細胞 (61 陽性), 2.40 秒
2026-07-07 02:44:48,530 - hybrid_pipeline - INFO - [137/441] 處理 tile: tile_x14592_y3072
2026-07-07 02:44:48,598 - cellpose.transforms - INFO - processing image with (1024, 1024) HW, and 3 channels
2026-07-07 02:44:49,066 - m2_segmentation - INFO - Cellpose 分割完成: 48 個有效細胞
2026-07-07 02:44:49,090 - m3_module.m3_cells_generator - INFO - All-positive 標註完成: 48 個細胞
2026-07-07 02:44:49,129 - m3_module.m3_cells_generator - INFO - enlarge_cell_instances: 48 顆細胞, factor=1.50(面積), 中位半徑=29.7px, 外擴=6.7px
2026-07-07 02:44:49,130 - cellpose.transforms - INFO - processing image with (1024, 1024) HW, and 3 channels
2026-07-07 02:44:49,611 - m3_module.m3_elastic_matching - INFO - elastic_dish_nucleus_matching(overlap-first): IHC=48, DISH=43, matched(1核)=26 (其中重疊=26), drop-out(競爭落敗)=8, 無候選(計入)=14, factor=1.50, min_reach=20.0
2026-07-07 02:44:49,998 - m3_module.m3_dot_detection - INFO - detect_all_dots: 紅點=16, 黑點=41, 涉及細胞=48
2026-07-07 02:44:50,220 - m4_module.cell_crops - INFO - 匯出 27 張 per-cell 影像至 docs/hybrid-pipeline/measurement/runs/large/cell_crops/tile_x14592_y3072/cells
2026-07-07 02:44:50,220 - hybrid_pipeline - INFO - Tile tile_x14592_y3072 完成: 核心擁有 27 細胞 (27 陽性), 1.69 秒
2026-07-07 02:44:50,307 - hybrid_pipeline - INFO - [138/441] 處理 tile: tile_x14592_y3840
2026-07-07 02:44:50,372 - cellpose.transforms - INFO - processing image with (1024, 1024) HW, and 3 channels
2026-07-07 02:44:50,806 - m2_segmentation - INFO - Cellpose 分割完成: 12 個有效細胞
2026-07-07 02:44:50,825 - m3_module.m3_cells_generator - INFO - All-positive 標註完成: 12 個細胞
2026-07-07 02:44:50,853 - m3_module.m3_cells_generator - INFO - enlarge_cell_instances: 12 顆細胞, factor=1.50(面積), 中位半徑=20.3px, 外擴=4.6px
2026-07-07 02:44:50,854 - cellpose.transforms - INFO - processing image with (1024, 1024) HW, and 3 channels
2026-07-07 02:44:51,319 - m3_module.m3_elastic_matching - INFO - elastic_dish_nucleus_matching(overlap-first): IHC=12, DISH=8, matched(1核)=4 (其中重疊=4), drop-out(競爭落敗)=1, 無候選(計入)=7, factor=1.50, min_reach=20.0
2026-07-07 02:44:51,445 - m3_module.m3_dot_detection - INFO - detect_all_dots: 紅點=3, 黑點=6, 涉及細胞=12
2026-07-07 02:44:51,542 - m4_module.cell_crops - INFO - 匯出 5 張 per-cell 影像至 docs/hybrid-pipeline/measurement/runs/large/cell_crops/tile_x14592_y3840/cells
2026-07-07 02:44:51,542 - hybrid_pipeline - INFO - Tile tile_x14592_y3840 完成: 核心擁有 5 細胞 (5 陽性), 1.23 秒
2026-07-07 02:44:51,630 - hybrid_pipeline - INFO - [139/441] 處理 tile: tile_x14592_y4608
2026-07-07 02:44:51,701 - hybrid_pipeline - INFO - Tile tile_x14592_y4608: 核心遮罩全空 → 空白 placeholder
2026-07-07 02:44:51,787 - hybrid_pipeline - INFO - [140/441] 處理 tile: tile_x14592_y5376
2026-07-07 02:44:51,852 - hybrid_pipeline - INFO - Tile tile_x14592_y5376: 核心遮罩全空 → 空白 placeholder
2026-07-07 02:44:51,938 - hybrid_pipeline - INFO - [141/441] 處理 tile: tile_x14592_y6144
2026-07-07 02:44:52,000 - cellpose.transforms - INFO - processing image with (1024, 1024) HW, and 3 channels
2026-07-07 02:44:52,423 - m2_segmentation - INFO - Cellpose 分割完成: 9 個有效細胞
2026-07-07 02:44:52,442 - m3_module.m3_cells_generator - INFO - All-positive 標註完成: 9 個細胞
2026-07-07 02:44:52,469 - m3_module.m3_cells_generator - INFO - enlarge_cell_instances: 9 顆細胞, factor=1.50(面積), 中位半徑=20.3px, 外擴=4.6px
2026-07-07 02:44:52,469 - cellpose.transforms - INFO - processing image with (1024, 1024) HW, and 3 channels
2026-07-07 02:44:52,934 - m3_module.m3_elastic_matching - INFO - elastic_dish_nucleus_matching(overlap-first): IHC=9, DISH=5, matched(1核)=3 (其中重疊=3), drop-out(競爭落敗)=0, 無候選(計入)=6, factor=1.50, min_reach=20.0
2026-07-07 02:44:53,059 - m3_module.m3_dot_detection - INFO - detect_all_dots: 紅點=2, 黑點=4, 涉及細胞=9
2026-07-07 02:44:53,138 - m4_module.cell_crops - INFO - 匯出 2 張 per-cell 影像至 docs/hybrid-pipeline/measurement/runs/large/cell_crops/tile_x14592_y6144/cells
2026-07-07 02:44:53,138 - hybrid_pipeline - INFO - Tile tile_x14592_y6144 完成: 核心擁有 2 細胞 (2 陽性), 1.20 秒
2026-07-07 02:44:53,225 - hybrid_pipeline - INFO - [142/441] 處理 tile: tile_x14592_y6912
2026-07-07 02:44:53,288 - hybrid_pipeline - INFO - Tile tile_x14592_y6912: 核心遮罩全空 → 空白 placeholder
2026-07-07 02:44:53,372 - hybrid_pipeline - INFO - [143/441] 處理 tile: tile_x14592_y768
2026-07-07 02:44:53,435 - cellpose.transforms - INFO - processing image with (1024, 1024) HW, and 3 channels
2026-07-07 02:44:53,940 - m2_segmentation - INFO - Cellpose 分割完成: 107 個有效細胞
2026-07-07 02:44:53,972 - m3_module.m3_cells_generator - INFO - All-positive 標註完成: 107 個細胞
2026-07-07 02:44:54,027 - m3_module.m3_cells_generator - INFO - enlarge_cell_instances: 107 顆細胞, factor=1.50(面積), 中位半徑=25.7px, 外擴=5.8px
2026-07-07 02:44:54,028 - cellpose.transforms - INFO - processing image with (1024, 1024) HW, and 3 channels
2026-07-07 02:44:54,494 - m3_module.m3_elastic_matching - INFO - elastic_dish_nucleus_matching(overlap-first): IHC=107, DISH=84, matched(1核)=61 (其中重疊=61), drop-out(競爭落敗)=9, 無候選(計入)=37, factor=1.50, min_reach=20.0
2026-07-07 02:44:55,659 - m3_module.m3_dot_detection - INFO - detect_all_dots: 紅點=64, 黑點=157, 涉及細胞=107
2026-07-07 02:44:56,023 - m4_module.cell_crops - INFO - 匯出 59 張 per-cell 影像至 docs/hybrid-pipeline/measurement/runs/large/cell_crops/tile_x14592_y768/cells
2026-07-07 02:44:56,023 - hybrid_pipeline - INFO - Tile tile_x14592_y768 完成: 核心擁有 59 細胞 (59 陽性), 2.65 秒
2026-07-07 02:44:56,109 - hybrid_pipeline - INFO - [144/441] 處理 tile: tile_x14592_y7680
2026-07-07 02:44:56,172 - cellpose.transforms - INFO - processing image with (1024, 1024) HW, and 3 channels
2026-07-07 02:44:56,574 - m2_segmentation - INFO - Cellpose 分割完成: 1 個有效細胞
2026-07-07 02:44:56,592 - m3_module.m3_cells_generator - INFO - All-positive 標註完成: 1 個細胞
2026-07-07 02:44:56,616 - m3_module.m3_cells_generator - INFO - enlarge_cell_instances: 1 顆細胞, factor=1.50(面積), 中位半徑=23.9px, 外擴=5.4px
2026-07-07 02:44:56,617 - cellpose.transforms - INFO - processing image with (1024, 1024) HW, and 3 channels
2026-07-07 02:44:57,145 - m3_module.m3_dot_detection - INFO - detect_all_dots: 紅點=0, 黑點=0, 涉及細胞=1
2026-07-07 02:44:57,181 - m4_module.cell_crops - INFO - 匯出 0 張 per-cell 影像至 docs/hybrid-pipeline/measurement/runs/large/cell_crops/tile_x14592_y7680/cells
2026-07-07 02:44:57,181 - hybrid_pipeline - INFO - Tile tile_x14592_y7680 完成: 核心擁有 0 細胞 (0 陽性), 1.07 秒
2026-07-07 02:44:57,267 - hybrid_pipeline - INFO - [145/441] 處理 tile: tile_x14592_y8448
2026-07-07 02:44:57,327 - hybrid_pipeline - INFO - Tile tile_x14592_y8448: 核心遮罩全空 → 空白 placeholder
2026-07-07 02:44:57,413 - hybrid_pipeline - INFO - [146/441] 處理 tile: tile_x14592_y9216
2026-07-07 02:44:57,474 - cellpose.transforms - INFO - processing image with (1024, 1024) HW, and 3 channels
2026-07-07 02:44:57,787 - cellpose.dynamics - INFO - No cell pixels found.
2026-07-07 02:44:57,833 - m2_segmentation - INFO - Cellpose 分割完成: 0 個有效細胞
2026-07-07 02:44:57,834 - m3_module.m3_cells_generator - INFO - All-positive 標註完成: 0 個細胞
2026-07-07 02:44:57,837 - cellpose.transforms - INFO - processing image with (1024, 1024) HW, and 3 channels
2026-07-07 02:44:58,378 - m3_module.m3_dot_detection - INFO - detect_all_dots: 紅點=0, 黑點=0, 涉及細胞=0
2026-07-07 02:44:58,408 - m4_module.cell_crops - INFO - 匯出 0 張 per-cell 影像至 docs/hybrid-pipeline/measurement/runs/large/cell_crops/tile_x14592_y9216/cells
2026-07-07 02:44:58,408 - hybrid_pipeline - INFO - Tile tile_x14592_y9216 完成: 核心擁有 0 細胞 (0 陽性), 0.99 秒
2026-07-07 02:44:58,497 - hybrid_pipeline - INFO - [147/441] 處理 tile: tile_x14592_y9984
2026-07-07 02:44:58,559 - cellpose.transforms - INFO - processing image with (1024, 1024) HW, and 3 channels
2026-07-07 02:44:58,993 - m2_segmentation - INFO - Cellpose 分割完成: 55 個有效細胞
2026-07-07 02:44:59,019 - m3_module.m3_cells_generator - INFO - All-positive 標註完成: 55 個細胞
2026-07-07 02:44:59,066 - m3_module.m3_cells_generator - INFO - enlarge_cell_instances: 55 顆細胞, factor=1.50(面積), 中位半徑=26.6px, 外擴=6.0px
2026-07-07 02:44:59,066 - cellpose.transforms - INFO - processing image with (1024, 1024) HW, and 3 channels
2026-07-07 02:44:59,530 - m3_module.m3_elastic_matching - INFO - elastic_dish_nucleus_matching(overlap-first): IHC=55, DISH=63, matched(1核)=37 (其中重疊=37), drop-out(競爭落敗)=7, 無候選(計入)=11, factor=1.50, min_reach=20.0
2026-07-07 02:45:00,241 - m3_module.m3_dot_detection - INFO - detect_all_dots: 紅點=43, 黑點=84, 涉及細胞=55
2026-07-07 02:45:00,496 - m4_module.cell_crops - INFO - 匯出 43 張 per-cell 影像至 docs/hybrid-pipeline/measurement/runs/large/cell_crops/tile_x14592_y9984/cells
2026-07-07 02:45:00,497 - hybrid_pipeline - INFO - Tile tile_x14592_y9984 完成: 核心擁有 43 細胞 (43 陽性), 2.00 秒
2026-07-07 02:45:00,585 - hybrid_pipeline - INFO - [148/441] 處理 tile: tile_x15360_y0
2026-07-07 02:45:00,656 - cellpose.transforms - INFO - processing image with (1024, 1024) HW, and 3 channels
2026-07-07 02:45:01,150 - m2_segmentation - INFO - Cellpose 分割完成: 98 個有效細胞
2026-07-07 02:45:01,181 - m3_module.m3_cells_generator - INFO - All-positive 標註完成: 89 個細胞
2026-07-07 02:45:01,231 - m3_module.m3_cells_generator - INFO - enlarge_cell_instances: 89 顆細胞, factor=1.50(面積), 中位半徑=25.4px, 外擴=5.7px
2026-07-07 02:45:01,232 - cellpose.transforms - INFO - processing image with (1024, 1024) HW, and 3 channels
2026-07-07 02:45:01,700 - m3_module.m3_elastic_matching - INFO - elastic_dish_nucleus_matching(overlap-first): IHC=89, DISH=67, matched(1核)=43 (其中重疊=43), drop-out(競爭落敗)=16, 無候選(計入)=30, factor=1.50, min_reach=20.0
2026-07-07 02:45:02,564 - m3_module.m3_dot_detection - INFO - detect_all_dots: 紅點=51, 黑點=131, 涉及細胞=89
2026-07-07 02:45:02,906 - m4_module.cell_crops - INFO - 匯出 58 張 per-cell 影像至 docs/hybrid-pipeline/measurement/runs/large/cell_crops/tile_x15360_y0/cells
2026-07-07 02:45:02,906 - hybrid_pipeline - INFO - Tile tile_x15360_y0 完成: 核心擁有 58 細胞 (58 陽性), 2.32 秒
2026-07-07 02:45:02,993 - hybrid_pipeline - INFO - [149/441] 處理 tile: tile_x15360_y10752
2026-07-07 02:45:03,058 - cellpose.transforms - INFO - processing image with (1024, 1024) HW, and 3 channels
2026-07-07 02:45:03,515 - m2_segmentation - INFO - Cellpose 分割完成: 69 個有效細胞
2026-07-07 02:45:03,542 - m3_module.m3_cells_generator - INFO - All-positive 標註完成: 69 個細胞
2026-07-07 02:45:03,588 - m3_module.m3_cells_generator - INFO - enlarge_cell_instances: 69 顆細胞, factor=1.50(面積), 中位半徑=25.7px, 外擴=5.8px
2026-07-07 02:45:03,589 - cellpose.transforms - INFO - processing image with (1024, 1024) HW, and 3 channels
2026-07-07 02:45:04,082 - m3_module.m3_elastic_matching - INFO - elastic_dish_nucleus_matching(overlap-first): IHC=69, DISH=62, matched(1核)=42 (其中重疊=42), drop-out(競爭落敗)=13, 無候選(計入)=14, factor=1.50, min_reach=20.0
2026-07-07 02:45:04,611 - m3_module.m3_dot_detection - INFO - detect_all_dots: 紅點=44, 黑點=98, 涉及細胞=69
2026-07-07 02:45:04,843 - m4_module.cell_crops - INFO - 匯出 32 張 per-cell 影像至 docs/hybrid-pipeline/measurement/runs/large/cell_crops/tile_x15360_y10752/cells
2026-07-07 02:45:04,843 - hybrid_pipeline - INFO - Tile tile_x15360_y10752 完成: 核心擁有 32 細胞 (32 陽性), 1.85 秒
2026-07-07 02:45:04,940 - hybrid_pipeline - INFO - [150/441] 處理 tile: tile_x15360_y11520
2026-07-07 02:45:05,006 - cellpose.transforms - INFO - processing image with (1024, 1024) HW, and 3 channels
2026-07-07 02:45:05,559 - m2_segmentation - INFO - Cellpose 分割完成: 155 個有效細胞
2026-07-07 02:45:05,601 - m3_module.m3_cells_generator - INFO - All-positive 標註完成: 148 個細胞
2026-07-07 02:45:05,659 - m3_module.m3_cells_generator - INFO - enlarge_cell_instances: 148 顆細胞, factor=1.50(面積), 中位半徑=24.6px, 外擴=5.5px
2026-07-07 02:45:05,659 - cellpose.transforms - INFO - processing image with (1024, 1024) HW, and 3 channels
2026-07-07 02:45:06,156 - m3_module.m3_elastic_matching - INFO - elastic_dish_nucleus_matching(overlap-first): IHC=148, DISH=92, matched(1核)=76 (其中重疊=76), drop-out(競爭落敗)=31, 無候選(計入)=41, factor=1.50, min_reach=20.0
2026-07-07 02:45:07,071 - m3_module.m3_dot_detection - INFO - detect_all_dots: 紅點=72, 黑點=175, 涉及細胞=148
2026-07-07 02:45:07,491 - m4_module.cell_crops - INFO - 匯出 84 張 per-cell 影像至 docs/hybrid-pipeline/measurement/runs/large/cell_crops/tile_x15360_y11520/cells
2026-07-07 02:45:07,491 - hybrid_pipeline - INFO - Tile tile_x15360_y11520 完成: 核心擁有 84 細胞 (84 陽性), 2.55 秒
2026-07-07 02:45:07,594 - hybrid_pipeline - INFO - [151/441] 處理 tile: tile_x15360_y12288
2026-07-07 02:45:07,663 - cellpose.transforms - INFO - processing image with (1024, 1024) HW, and 3 channels
2026-07-07 02:45:08,180 - m2_segmentation - INFO - Cellpose 分割完成: 116 個有效細胞
2026-07-07 02:45:08,216 - m3_module.m3_cells_generator - INFO - All-positive 標註完成: 106 個細胞
2026-07-07 02:45:08,269 - m3_module.m3_cells_generator - INFO - enlarge_cell_instances: 106 顆細胞, factor=1.50(面積), 中位半徑=28.3px, 外擴=6.4px
2026-07-07 02:45:08,269 - cellpose.transforms - INFO - processing image with (1024, 1024) HW, and 3 channels
2026-07-07 02:45:08,759 - m3_module.m3_elastic_matching - INFO - elastic_dish_nucleus_matching(overlap-first): IHC=106, DISH=70, matched(1核)=54 (其中重疊=54), drop-out(競爭落敗)=18, 無候選(計入)=34, factor=1.50, min_reach=20.0
2026-07-07 02:45:09,627 - m3_module.m3_dot_detection - INFO - detect_all_dots: 紅點=36, 黑點=131, 涉及細胞=106
2026-07-07 02:45:09,983 - m4_module.cell_crops - INFO - 匯出 70 張 per-cell 影像至 docs/hybrid-pipeline/measurement/runs/large/cell_crops/tile_x15360_y12288/cells
2026-07-07 02:45:09,983 - hybrid_pipeline - INFO - Tile tile_x15360_y12288 完成: 核心擁有 70 細胞 (70 陽性), 2.39 秒
2026-07-07 02:45:10,085 - hybrid_pipeline - INFO - [152/441] 處理 tile: tile_x15360_y13056
2026-07-07 02:45:10,157 - cellpose.transforms - INFO - processing image with (1024, 1024) HW, and 3 channels
2026-07-07 02:45:10,599 - m2_segmentation - INFO - Cellpose 分割完成: 45 個有效細胞
2026-07-07 02:45:10,627 - m3_module.m3_cells_generator - INFO - All-positive 標註完成: 40 個細胞
2026-07-07 02:45:10,667 - m3_module.m3_cells_generator - INFO - enlarge_cell_instances: 40 顆細胞, factor=1.50(面積), 中位半徑=23.0px, 外擴=5.2px
2026-07-07 02:45:10,667 - cellpose.transforms - INFO - processing image with (1024, 1024) HW, and 3 channels
2026-07-07 02:45:11,141 - m3_module.m3_elastic_matching - INFO - elastic_dish_nucleus_matching(overlap-first): IHC=40, DISH=20, matched(1核)=16 (其中重疊=16), drop-out(競爭落敗)=6, 無候選(計入)=18, factor=1.50, min_reach=20.0
2026-07-07 02:45:11,449 - m3_module.m3_dot_detection - INFO - detect_all_dots: 紅點=13, 黑點=43, 涉及細胞=40
2026-07-07 02:45:11,575 - m4_module.cell_crops - INFO - 匯出 30 張 per-cell 影像至 docs/hybrid-pipeline/measurement/runs/large/cell_crops/tile_x15360_y13056/cells
2026-07-07 02:45:11,575 - hybrid_pipeline - INFO - Tile tile_x15360_y13056 完成: 核心擁有 30 細胞 (30 陽性), 1.49 秒
2026-07-07 02:45:11,675 - hybrid_pipeline - INFO - [153/441] 處理 tile: tile_x15360_y13824
2026-07-07 02:45:11,750 - cellpose.transforms - INFO - processing image with (1024, 1024) HW, and 3 channels
2026-07-07 02:45:12,177 - m2_segmentation - INFO - Cellpose 分割完成: 5 個有效細胞
2026-07-07 02:45:12,197 - m3_module.m3_cells_generator - INFO - All-positive 標註完成: 4 個細胞
2026-07-07 02:45:12,226 - m3_module.m3_cells_generator - INFO - enlarge_cell_instances: 4 顆細胞, factor=1.50(面積), 中位半徑=21.6px, 外擴=4.9px
2026-07-07 02:45:12,226 - cellpose.transforms - INFO - processing image with (1024, 1024) HW, and 3 channels
2026-07-07 02:45:12,694 - m3_module.m3_elastic_matching - INFO - elastic_dish_nucleus_matching(overlap-first): IHC=4, DISH=1, matched(1核)=1 (其中重疊=1), drop-out(競爭落敗)=1, 無候選(計入)=2, factor=1.50, min_reach=20.0
2026-07-07 02:45:12,803 - m3_module.m3_dot_detection - INFO - detect_all_dots: 紅點=0, 黑點=0, 涉及細胞=4
2026-07-07 02:45:12,874 - m4_module.cell_crops - INFO - 匯出 4 張 per-cell 影像至 docs/hybrid-pipeline/measurement/runs/large/cell_crops/tile_x15360_y13824/cells
2026-07-07 02:45:12,874 - hybrid_pipeline - INFO - Tile tile_x15360_y13824 完成: 核心擁有 4 細胞 (4 陽性), 1.20 秒
2026-07-07 02:45:12,973 - hybrid_pipeline - INFO - [154/441] 處理 tile: tile_x15360_y14592
2026-07-07 02:45:13,039 - cellpose.transforms - INFO - processing image with (1024, 1024) HW, and 3 channels
2026-07-07 02:45:13,462 - m2_segmentation - INFO - Cellpose 分割完成: 3 個有效細胞
2026-07-07 02:45:13,483 - m3_module.m3_cells_generator - INFO - All-positive 標註完成: 3 個細胞
2026-07-07 02:45:13,511 - m3_module.m3_cells_generator - INFO - enlarge_cell_instances: 3 顆細胞, factor=1.50(面積), 中位半徑=19.7px, 外擴=4.4px
2026-07-07 02:45:13,511 - cellpose.transforms - INFO - processing image with (1024, 1024) HW, and 3 channels
2026-07-07 02:45:13,974 - m3_module.m3_elastic_matching - INFO - elastic_dish_nucleus_matching(overlap-first): IHC=3, DISH=3, matched(1核)=2 (其中重疊=2), drop-out(競爭落敗)=0, 無候選(計入)=1, factor=1.50, min_reach=20.0
2026-07-07 02:45:14,093 - m3_module.m3_dot_detection - INFO - detect_all_dots: 紅點=0, 黑點=3, 涉及細胞=3
2026-07-07 02:45:14,155 - m4_module.cell_crops - INFO - 匯出 0 張 per-cell 影像至 docs/hybrid-pipeline/measurement/runs/large/cell_crops/tile_x15360_y14592/cells
2026-07-07 02:45:14,155 - hybrid_pipeline - INFO - Tile tile_x15360_y14592 完成: 核心擁有 0 細胞 (0 陽性), 1.18 秒
2026-07-07 02:45:14,255 - hybrid_pipeline - INFO - [155/441] 處理 tile: tile_x15360_y1536
2026-07-07 02:45:14,332 - cellpose.transforms - INFO - processing image with (1024, 1024) HW, and 3 channels
2026-07-07 02:45:14,936 - m2_segmentation - INFO - Cellpose 分割完成: 106 個有效細胞
2026-07-07 02:45:14,970 - m3_module.m3_cells_generator - INFO - All-positive 標註完成: 99 個細胞
2026-07-07 02:45:15,029 - m3_module.m3_cells_generator - INFO - enlarge_cell_instances: 99 顆細胞, factor=1.50(面積), 中位半徑=30.0px, 外擴=6.7px
2026-07-07 02:45:15,030 - cellpose.transforms - INFO - processing image with (1024, 1024) HW, and 3 channels
2026-07-07 02:45:15,506 - m3_module.m3_elastic_matching - INFO - elastic_dish_nucleus_matching(overlap-first): IHC=99, DISH=73, matched(1核)=56 (其中重疊=56), drop-out(競爭落敗)=11, 無候選(計入)=32, factor=1.50, min_reach=20.0
2026-07-07 02:45:16,499 - m3_module.m3_dot_detection - INFO - detect_all_dots: 紅點=59, 黑點=159, 涉及細胞=99
2026-07-07 02:45:16,945 - m4_module.cell_crops - INFO - 匯出 57 張 per-cell 影像至 docs/hybrid-pipeline/measurement/runs/large/cell_crops/tile_x15360_y1536/cells
2026-07-07 02:45:16,945 - hybrid_pipeline - INFO - Tile tile_x15360_y1536 完成: 核心擁有 57 細胞 (57 陽性), 2.69 秒
2026-07-07 02:45:17,047 - hybrid_pipeline - INFO - [156/441] 處理 tile: tile_x15360_y15360
2026-07-07 02:45:17,114 - cellpose.transforms - INFO - processing image with (1024, 1024) HW, and 3 channels
2026-07-07 02:45:17,563 - m2_segmentation - INFO - Cellpose 分割完成: 35 個有效細胞
2026-07-07 02:45:17,589 - m3_module.m3_cells_generator - INFO - All-positive 標註完成: 33 個細胞
2026-07-07 02:45:17,623 - m3_module.m3_cells_generator - INFO - enlarge_cell_instances: 33 顆細胞, factor=1.50(面積), 中位半徑=24.8px, 外擴=5.6px
2026-07-07 02:45:17,624 - cellpose.transforms - INFO - processing image with (1024, 1024) HW, and 3 channels
2026-07-07 02:45:18,094 - m3_module.m3_elastic_matching - INFO - elastic_dish_nucleus_matching(overlap-first): IHC=33, DISH=23, matched(1核)=18 (其中重疊=17), drop-out(競爭落敗)=7, 無候選(計入)=8, factor=1.50, min_reach=20.0
2026-07-07 02:45:18,441 - m3_module.m3_dot_detection - INFO - detect_all_dots: 紅點=17, 黑點=39, 涉及細胞=33
2026-07-07 02:45:18,595 - m4_module.cell_crops - INFO - 匯出 11 張 per-cell 影像至 docs/hybrid-pipeline/measurement/runs/large/cell_crops/tile_x15360_y15360/cells
2026-07-07 02:45:18,595 - hybrid_pipeline - INFO - Tile tile_x15360_y15360 完成: 核心擁有 11 細胞 (11 陽性), 1.55 秒
2026-07-07 02:45:18,697 - hybrid_pipeline - INFO - [157/441] 處理 tile: tile_x15360_y2304
2026-07-07 02:45:18,760 - cellpose.transforms - INFO - processing image with (1024, 1024) HW, and 3 channels
2026-07-07 02:45:19,297 - m2_segmentation - INFO - Cellpose 分割完成: 102 個有效細胞
2026-07-07 02:45:19,331 - m3_module.m3_cells_generator - INFO - All-positive 標註完成: 98 個細胞
2026-07-07 02:45:19,385 - m3_module.m3_cells_generator - INFO - enlarge_cell_instances: 98 顆細胞, factor=1.50(面積), 中位半徑=26.9px, 外擴=6.0px
2026-07-07 02:45:19,385 - cellpose.transforms - INFO - processing image with (1024, 1024) HW, and 3 channels
2026-07-07 02:45:19,870 - m3_module.m3_elastic_matching - INFO - elastic_dish_nucleus_matching(overlap-first): IHC=98, DISH=64, matched(1核)=51 (其中重疊=51), drop-out(競爭落敗)=16, 無候選(計入)=31, factor=1.50, min_reach=20.0
2026-07-07 02:45:20,761 - m3_module.m3_dot_detection - INFO - detect_all_dots: 紅點=54, 黑點=141, 涉及細胞=98
2026-07-07 02:45:21,119 - m4_module.cell_crops - INFO - 匯出 73 張 per-cell 影像至 docs/hybrid-pipeline/measurement/runs/large/cell_crops/tile_x15360_y2304/cells
2026-07-07 02:45:21,119 - hybrid_pipeline - INFO - Tile tile_x15360_y2304 完成: 核心擁有 73 細胞 (73 陽性), 2.42 秒
2026-07-07 02:45:21,224 - hybrid_pipeline - INFO - [158/441] 處理 tile: tile_x15360_y3072
2026-07-07 02:45:21,293 - cellpose.transforms - INFO - processing image with (1024, 1024) HW, and 3 channels
2026-07-07 02:45:21,759 - m2_segmentation - INFO - Cellpose 分割完成: 56 個有效細胞
2026-07-07 02:45:21,787 - m3_module.m3_cells_generator - INFO - All-positive 標註完成: 55 個細胞
2026-07-07 02:45:21,831 - m3_module.m3_cells_generator - INFO - enlarge_cell_instances: 55 顆細胞, factor=1.50(面積), 中位半徑=27.7px, 外擴=6.2px
2026-07-07 02:45:21,831 - cellpose.transforms - INFO - processing image with (1024, 1024) HW, and 3 channels
2026-07-07 02:45:22,312 - m3_module.m3_elastic_matching - INFO - elastic_dish_nucleus_matching(overlap-first): IHC=55, DISH=46, matched(1核)=31 (其中重疊=31), drop-out(競爭落敗)=8, 無候選(計入)=16, factor=1.50, min_reach=20.0
2026-07-07 02:45:22,792 - m3_module.m3_dot_detection - INFO - detect_all_dots: 紅點=39, 黑點=93, 涉及細胞=55
2026-07-07 02:45:23,028 - m4_module.cell_crops - INFO - 匯出 35 張 per-cell 影像至 docs/hybrid-pipeline/measurement/runs/large/cell_crops/tile_x15360_y3072/cells
2026-07-07 02:45:23,028 - hybrid_pipeline - INFO - Tile tile_x15360_y3072 完成: 核心擁有 35 細胞 (35 陽性), 1.80 秒
2026-07-07 02:45:23,128 - hybrid_pipeline - INFO - [159/441] 處理 tile: tile_x15360_y3840
2026-07-07 02:45:23,191 - cellpose.transforms - INFO - processing image with (1024, 1024) HW, and 3 channels
2026-07-07 02:45:23,621 - m2_segmentation - INFO - Cellpose 分割完成: 14 個有效細胞
2026-07-07 02:45:23,642 - m3_module.m3_cells_generator - INFO - All-positive 標註完成: 14 個細胞
2026-07-07 02:45:23,674 - m3_module.m3_cells_generator - INFO - enlarge_cell_instances: 14 顆細胞, factor=1.50(面積), 中位半徑=27.5px, 外擴=6.2px
2026-07-07 02:45:23,675 - cellpose.transforms - INFO - processing image with (1024, 1024) HW, and 3 channels
2026-07-07 02:45:24,159 - m3_module.m3_elastic_matching - INFO - elastic_dish_nucleus_matching(overlap-first): IHC=14, DISH=12, matched(1核)=8 (其中重疊=8), drop-out(競爭落敗)=0, 無候選(計入)=6, factor=1.50, min_reach=20.0
2026-07-07 02:45:24,333 - m3_module.m3_dot_detection - INFO - detect_all_dots: 紅點=7, 黑點=20, 涉及細胞=14
2026-07-07 02:45:24,421 - m4_module.cell_crops - INFO - 匯出 6 張 per-cell 影像至 docs/hybrid-pipeline/measurement/runs/large/cell_crops/tile_x15360_y3840/cells
2026-07-07 02:45:24,421 - hybrid_pipeline - INFO - Tile tile_x15360_y3840 完成: 核心擁有 6 細胞 (6 陽性), 1.29 秒
2026-07-07 02:45:24,519 - hybrid_pipeline - INFO - [160/441] 處理 tile: tile_x15360_y4608
2026-07-07 02:45:24,587 - cellpose.transforms - INFO - processing image with (1024, 1024) HW, and 3 channels
2026-07-07 02:45:25,016 - m2_segmentation - INFO - Cellpose 分割完成: 21 個有效細胞
2026-07-07 02:45:25,038 - m3_module.m3_cells_generator - INFO - All-positive 標註完成: 20 個細胞
2026-07-07 02:45:25,070 - m3_module.m3_cells_generator - INFO - enlarge_cell_instances: 20 顆細胞, factor=1.50(面積), 中位半徑=19.8px, 外擴=4.5px
2026-07-07 02:45:25,070 - cellpose.transforms - INFO - processing image with (1024, 1024) HW, and 3 channels
2026-07-07 02:45:25,535 - m3_module.m3_elastic_matching - INFO - elastic_dish_nucleus_matching(overlap-first): IHC=20, DISH=19, matched(1核)=10 (其中重疊=10), drop-out(競爭落敗)=1, 無候選(計入)=9, factor=1.50, min_reach=20.0
2026-07-07 02:45:25,720 - m3_module.m3_dot_detection - INFO - detect_all_dots: 紅點=9, 黑點=20, 涉及細胞=20
2026-07-07 02:45:25,813 - m4_module.cell_crops - INFO - 匯出 13 張 per-cell 影像至 docs/hybrid-pipeline/measurement/runs/large/cell_crops/tile_x15360_y4608/cells
2026-07-07 02:45:25,813 - hybrid_pipeline - INFO - Tile tile_x15360_y4608 完成: 核心擁有 13 細胞 (13 陽性), 1.29 秒
2026-07-07 02:45:25,902 - hybrid_pipeline - INFO - [161/441] 處理 tile: tile_x15360_y5376
2026-07-07 02:45:25,972 - cellpose.transforms - INFO - processing image with (1024, 1024) HW, and 3 channels
2026-07-07 02:45:26,419 - m2_segmentation - INFO - Cellpose 分割完成: 65 個有效細胞
2026-07-07 02:45:26,447 - m3_module.m3_cells_generator - INFO - All-positive 標註完成: 61 個細胞
2026-07-07 02:45:26,486 - m3_module.m3_cells_generator - INFO - enlarge_cell_instances: 61 顆細胞, factor=1.50(面積), 中位半徑=25.0px, 外擴=5.6px
2026-07-07 02:45:26,486 - cellpose.transforms - INFO - processing image with (1024, 1024) HW, and 3 channels
2026-07-07 02:45:26,963 - m3_module.m3_elastic_matching - INFO - elastic_dish_nucleus_matching(overlap-first): IHC=61, DISH=73, matched(1核)=47 (其中重疊=47), drop-out(競爭落敗)=6, 無候選(計入)=8, factor=1.50, min_reach=20.0
2026-07-07 02:45:27,915 - m3_module.m3_dot_detection - INFO - detect_all_dots: 紅點=66, 黑點=123, 涉及細胞=61
2026-07-07 02:45:28,122 - m4_module.cell_crops - INFO - 匯出 45 張 per-cell 影像至 docs/hybrid-pipeline/measurement/runs/large/cell_crops/tile_x15360_y5376/cells
2026-07-07 02:45:28,122 - hybrid_pipeline - INFO - Tile tile_x15360_y5376 完成: 核心擁有 45 細胞 (45 陽性), 2.22 秒
2026-07-07 02:45:28,210 - hybrid_pipeline - INFO - [162/441] 處理 tile: tile_x15360_y6144
2026-07-07 02:45:28,273 - cellpose.transforms - INFO - processing image with (1024, 1024) HW, and 3 channels
2026-07-07 02:45:28,709 - m2_segmentation - INFO - Cellpose 分割完成: 63 個有效細胞
2026-07-07 02:45:28,736 - m3_module.m3_cells_generator - INFO - All-positive 標註完成: 61 個細胞
2026-07-07 02:45:28,780 - m3_module.m3_cells_generator - INFO - enlarge_cell_instances: 61 顆細胞, factor=1.50(面積), 中位半徑=23.5px, 外擴=5.3px
2026-07-07 02:45:28,780 - cellpose.transforms - INFO - processing image with (1024, 1024) HW, and 3 channels
2026-07-07 02:45:29,252 - m3_module.m3_elastic_matching - INFO - elastic_dish_nucleus_matching(overlap-first): IHC=61, DISH=73, matched(1核)=42 (其中重疊=42), drop-out(競爭落敗)=4, 無候選(計入)=15, factor=1.50, min_reach=20.0
2026-07-07 02:45:30,190 - m3_module.m3_dot_detection - INFO - detect_all_dots: 紅點=66, 黑點=123, 涉及細胞=61
2026-07-07 02:45:30,454 - m4_module.cell_crops - INFO - 匯出 41 張 per-cell 影像至 docs/hybrid-pipeline/measurement/runs/large/cell_crops/tile_x15360_y6144/cells
2026-07-07 02:45:30,454 - hybrid_pipeline - INFO - Tile tile_x15360_y6144 完成: 核心擁有 41 細胞 (41 陽性), 2.24 秒
2026-07-07 02:45:30,541 - hybrid_pipeline - INFO - [163/441] 處理 tile: tile_x15360_y6912
2026-07-07 02:45:30,606 - cellpose.transforms - INFO - processing image with (1024, 1024) HW, and 3 channels
2026-07-07 02:45:31,029 - m2_segmentation - INFO - Cellpose 分割完成: 23 個有效細胞
2026-07-07 02:45:31,050 - m3_module.m3_cells_generator - INFO - All-positive 標註完成: 20 個細胞
2026-07-07 02:45:31,090 - m3_module.m3_cells_generator - INFO - enlarge_cell_instances: 20 顆細胞, factor=1.50(面積), 中位半徑=23.9px, 外擴=5.4px
2026-07-07 02:45:31,090 - cellpose.transforms - INFO - processing image with (1024, 1024) HW, and 3 channels
2026-07-07 02:45:31,543 - m3_module.m3_elastic_matching - INFO - elastic_dish_nucleus_matching(overlap-first): IHC=20, DISH=12, matched(1核)=7 (其中重疊=7), drop-out(競爭落敗)=4, 無候選(計入)=9, factor=1.50, min_reach=20.0
2026-07-07 02:45:31,690 - m3_module.m3_dot_detection - INFO - detect_all_dots: 紅點=8, 黑點=19, 涉及細胞=20
2026-07-07 02:45:31,802 - m4_module.cell_crops - INFO - 匯出 4 張 per-cell 影像至 docs/hybrid-pipeline/measurement/runs/large/cell_crops/tile_x15360_y6912/cells
2026-07-07 02:45:31,802 - hybrid_pipeline - INFO - Tile tile_x15360_y6912 完成: 核心擁有 4 細胞 (4 陽性), 1.26 秒
2026-07-07 02:45:31,889 - hybrid_pipeline - INFO - [164/441] 處理 tile: tile_x15360_y768
2026-07-07 02:45:31,953 - cellpose.transforms - INFO - processing image with (1024, 1024) HW, and 3 channels
2026-07-07 02:45:32,457 - m2_segmentation - INFO - Cellpose 分割完成: 124 個有效細胞
2026-07-07 02:45:32,492 - m3_module.m3_cells_generator - INFO - All-positive 標註完成: 122 個細胞
2026-07-07 02:45:32,547 - m3_module.m3_cells_generator - INFO - enlarge_cell_instances: 122 顆細胞, factor=1.50(面積), 中位半徑=24.2px, 外擴=5.4px
2026-07-07 02:45:32,547 - cellpose.transforms - INFO - processing image with (1024, 1024) HW, and 3 channels
2026-07-07 02:45:33,028 - m3_module.m3_elastic_matching - INFO - elastic_dish_nucleus_matching(overlap-first): IHC=122, DISH=94, matched(1核)=68 (其中重疊=68), drop-out(競爭落敗)=19, 無候選(計入)=35, factor=1.50, min_reach=20.0
2026-07-07 02:45:34,377 - m3_module.m3_dot_detection - INFO - detect_all_dots: 紅點=97, 黑點=203, 涉及細胞=122
2026-07-07 02:45:34,769 - m4_module.cell_crops - INFO - 匯出 80 張 per-cell 影像至 docs/hybrid-pipeline/measurement/runs/large/cell_crops/tile_x15360_y768/cells
2026-07-07 02:45:34,769 - hybrid_pipeline - INFO - Tile tile_x15360_y768 完成: 核心擁有 80 細胞 (80 陽性), 2.88 秒
2026-07-07 02:45:34,857 - hybrid_pipeline - INFO - [165/441] 處理 tile: tile_x15360_y7680
2026-07-07 02:45:34,921 - cellpose.transforms - INFO - processing image with (1024, 1024) HW, and 3 channels
2026-07-07 02:45:35,374 - m2_segmentation - INFO - Cellpose 分割完成: 62 個有效細胞
2026-07-07 02:45:35,401 - m3_module.m3_cells_generator - INFO - All-positive 標註完成: 53 個細胞
2026-07-07 02:45:35,447 - m3_module.m3_cells_generator - INFO - enlarge_cell_instances: 53 顆細胞, factor=1.50(面積), 中位半徑=29.7px, 外擴=6.7px
2026-07-07 02:45:35,447 - cellpose.transforms - INFO - processing image with (1024, 1024) HW, and 3 channels
2026-07-07 02:45:35,908 - m3_module.m3_elastic_matching - INFO - elastic_dish_nucleus_matching(overlap-first): IHC=53, DISH=51, matched(1核)=29 (其中重疊=29), drop-out(競爭落敗)=9, 無候選(計入)=15, factor=1.50, min_reach=20.0
2026-07-07 02:45:36,385 - m3_module.m3_dot_detection - INFO - detect_all_dots: 紅點=25, 黑點=66, 涉及細胞=53
2026-07-07 02:45:36,642 - m4_module.cell_crops - INFO - 匯出 50 張 per-cell 影像至 docs/hybrid-pipeline/measurement/runs/large/cell_crops/tile_x15360_y7680/cells
2026-07-07 02:45:36,642 - hybrid_pipeline - INFO - Tile tile_x15360_y7680 完成: 核心擁有 50 細胞 (50 陽性), 1.78 秒
2026-07-07 02:45:36,732 - hybrid_pipeline - INFO - [166/441] 處理 tile: tile_x15360_y8448
2026-07-07 02:45:36,798 - cellpose.transforms - INFO - processing image with (1024, 1024) HW, and 3 channels
2026-07-07 02:45:37,231 - m2_segmentation - INFO - Cellpose 分割完成: 9 個有效細胞
2026-07-07 02:45:37,250 - m3_module.m3_cells_generator - INFO - All-positive 標註完成: 8 個細胞
2026-07-07 02:45:37,279 - m3_module.m3_cells_generator - INFO - enlarge_cell_instances: 8 顆細胞, factor=1.50(面積), 中位半徑=25.4px, 外擴=5.7px
2026-07-07 02:45:37,279 - cellpose.transforms - INFO - processing image with (1024, 1024) HW, and 3 channels
2026-07-07 02:45:37,744 - m3_module.m3_elastic_matching - INFO - elastic_dish_nucleus_matching(overlap-first): IHC=8, DISH=9, matched(1核)=5 (其中重疊=5), drop-out(競爭落敗)=0, 無候選(計入)=3, factor=1.50, min_reach=20.0
2026-07-07 02:45:37,878 - m3_module.m3_dot_detection - INFO - detect_all_dots: 紅點=6, 黑點=12, 涉及細胞=8
2026-07-07 02:45:37,965 - m4_module.cell_crops - INFO - 匯出 2 張 per-cell 影像至 docs/hybrid-pipeline/measurement/runs/large/cell_crops/tile_x15360_y8448/cells
2026-07-07 02:45:37,965 - hybrid_pipeline - INFO - Tile tile_x15360_y8448 完成: 核心擁有 2 細胞 (2 陽性), 1.23 秒
2026-07-07 02:45:38,053 - hybrid_pipeline - INFO - [167/441] 處理 tile: tile_x15360_y9216
2026-07-07 02:45:38,115 - cellpose.transforms - INFO - processing image with (1024, 1024) HW, and 3 channels
2026-07-07 02:45:38,428 - cellpose.dynamics - INFO - No cell pixels found.
2026-07-07 02:45:38,476 - m2_segmentation - INFO - Cellpose 分割完成: 0 個有效細胞
2026-07-07 02:45:38,477 - m3_module.m3_cells_generator - INFO - All-positive 標註完成: 0 個細胞
2026-07-07 02:45:38,480 - cellpose.transforms - INFO - processing image with (1024, 1024) HW, and 3 channels
2026-07-07 02:45:39,010 - m3_module.m3_dot_detection - INFO - detect_all_dots: 紅點=0, 黑點=0, 涉及細胞=0
2026-07-07 02:45:39,043 - m4_module.cell_crops - INFO - 匯出 0 張 per-cell 影像至 docs/hybrid-pipeline/measurement/runs/large/cell_crops/tile_x15360_y9216/cells
2026-07-07 02:45:39,043 - hybrid_pipeline - INFO - Tile tile_x15360_y9216 完成: 核心擁有 0 細胞 (0 陽性), 0.99 秒
2026-07-07 02:45:39,130 - hybrid_pipeline - INFO - [168/441] 處理 tile: tile_x15360_y9984
2026-07-07 02:45:39,194 - cellpose.transforms - INFO - processing image with (1024, 1024) HW, and 3 channels
2026-07-07 02:45:39,613 - m2_segmentation - INFO - Cellpose 分割完成: 11 個有效細胞
2026-07-07 02:45:39,633 - m3_module.m3_cells_generator - INFO - All-positive 標註完成: 7 個細胞
2026-07-07 02:45:39,664 - m3_module.m3_cells_generator - INFO - enlarge_cell_instances: 7 顆細胞, factor=1.50(面積), 中位半徑=28.6px, 外擴=6.4px
2026-07-07 02:45:39,665 - cellpose.transforms - INFO - processing image with (1024, 1024) HW, and 3 channels
2026-07-07 02:45:40,136 - m3_module.m3_elastic_matching - INFO - elastic_dish_nucleus_matching(overlap-first): IHC=7, DISH=12, matched(1核)=3 (其中重疊=3), drop-out(競爭落敗)=1, 無候選(計入)=3, factor=1.50, min_reach=20.0
2026-07-07 02:45:40,257 - m3_module.m3_dot_detection - INFO - detect_all_dots: 紅點=1, 黑點=4, 涉及細胞=7
2026-07-07 02:45:40,357 - m4_module.cell_crops - INFO - 匯出 3 張 per-cell 影像至 docs/hybrid-pipeline/measurement/runs/large/cell_crops/tile_x15360_y9984/cells
2026-07-07 02:45:40,357 - hybrid_pipeline - INFO - Tile tile_x15360_y9984 完成: 核心擁有 3 細胞 (3 陽性), 1.23 秒
2026-07-07 02:45:40,445 - hybrid_pipeline - INFO - [169/441] 處理 tile: tile_x1536_y0
2026-07-07 02:45:40,509 - cellpose.transforms - INFO - processing image with (1024, 1024) HW, and 3 channels
2026-07-07 02:45:40,970 - m2_segmentation - INFO - Cellpose 分割完成: 72 個有效細胞
2026-07-07 02:45:40,998 - m3_module.m3_cells_generator - INFO - All-positive 標註完成: 68 個細胞
2026-07-07 02:45:41,046 - m3_module.m3_cells_generator - INFO - enlarge_cell_instances: 68 顆細胞, factor=1.50(面積), 中位半徑=21.1px, 外擴=4.7px
2026-07-07 02:45:41,046 - cellpose.transforms - INFO - processing image with (1024, 1024) HW, and 3 channels
2026-07-07 02:45:41,526 - m3_module.m3_elastic_matching - INFO - elastic_dish_nucleus_matching(overlap-first): IHC=68, DISH=62, matched(1核)=39 (其中重疊=39), drop-out(競爭落敗)=14, 無候選(計入)=15, factor=1.50, min_reach=20.0
2026-07-07 02:45:42,274 - m3_module.m3_dot_detection - INFO - detect_all_dots: 紅點=45, 黑點=98, 涉及細胞=68
2026-07-07 02:45:42,520 - m4_module.cell_crops - INFO - 匯出 42 張 per-cell 影像至 docs/hybrid-pipeline/measurement/runs/large/cell_crops/tile_x1536_y0/cells
2026-07-07 02:45:42,520 - hybrid_pipeline - INFO - Tile tile_x1536_y0 完成: 核心擁有 42 細胞 (42 陽性), 2.08 秒
2026-07-07 02:45:42,611 - hybrid_pipeline - INFO - [170/441] 處理 tile: tile_x1536_y10752
2026-07-07 02:45:42,676 - cellpose.transforms - INFO - processing image with (1024, 1024) HW, and 3 channels
2026-07-07 02:45:43,175 - m2_segmentation - INFO - Cellpose 分割完成: 88 個有效細胞
2026-07-07 02:45:43,204 - m3_module.m3_cells_generator - INFO - All-positive 標註完成: 88 個細胞
2026-07-07 02:45:43,249 - m3_module.m3_cells_generator - INFO - enlarge_cell_instances: 88 顆細胞, factor=1.50(面積), 中位半徑=29.2px, 外擴=6.6px
2026-07-07 02:45:43,249 - cellpose.transforms - INFO - processing image with (1024, 1024) HW, and 3 channels
2026-07-07 02:45:43,719 - m3_module.m3_elastic_matching - INFO - elastic_dish_nucleus_matching(overlap-first): IHC=88, DISH=61, matched(1核)=57 (其中重疊=57), drop-out(競爭落敗)=18, 無候選(計入)=13, factor=1.50, min_reach=20.0
2026-07-07 02:45:44,805 - m3_module.m3_dot_detection - INFO - detect_all_dots: 紅點=75, 黑點=126, 涉及細胞=88
2026-07-07 02:45:45,076 - m4_module.cell_crops - INFO - 匯出 57 張 per-cell 影像至 docs/hybrid-pipeline/measurement/runs/large/cell_crops/tile_x1536_y10752/cells
2026-07-07 02:45:45,076 - hybrid_pipeline - INFO - Tile tile_x1536_y10752 完成: 核心擁有 57 細胞 (57 陽性), 2.46 秒
2026-07-07 02:45:45,165 - hybrid_pipeline - INFO - [171/441] 處理 tile: tile_x1536_y11520
2026-07-07 02:45:45,226 - cellpose.transforms - INFO - processing image with (1024, 1024) HW, and 3 channels
2026-07-07 02:45:45,655 - m2_segmentation - INFO - Cellpose 分割完成: 31 個有效細胞
2026-07-07 02:45:45,678 - m3_module.m3_cells_generator - INFO - All-positive 標註完成: 31 個細胞
2026-07-07 02:45:45,708 - m3_module.m3_cells_generator - INFO - enlarge_cell_instances: 31 顆細胞, factor=1.50(面積), 中位半徑=32.6px, 外擴=7.3px
2026-07-07 02:45:45,709 - cellpose.transforms - INFO - processing image with (1024, 1024) HW, and 3 channels
2026-07-07 02:45:46,182 - m3_module.m3_elastic_matching - INFO - elastic_dish_nucleus_matching(overlap-first): IHC=31, DISH=15, matched(1核)=13 (其中重疊=13), drop-out(競爭落敗)=7, 無候選(計入)=11, factor=1.50, min_reach=20.0
2026-07-07 02:45:46,394 - m3_module.m3_dot_detection - INFO - detect_all_dots: 紅點=19, 黑點=32, 涉及細胞=31
2026-07-07 02:45:46,500 - m4_module.cell_crops - INFO - 匯出 8 張 per-cell 影像至 docs/hybrid-pipeline/measurement/runs/large/cell_crops/tile_x1536_y11520/cells
2026-07-07 02:45:46,500 - hybrid_pipeline - INFO - Tile tile_x1536_y11520 完成: 核心擁有 8 細胞 (8 陽性), 1.33 秒
2026-07-07 02:45:46,589 - hybrid_pipeline - INFO - [172/441] 處理 tile: tile_x1536_y12288
2026-07-07 02:45:46,651 - cellpose.transforms - INFO - processing image with (1024, 1024) HW, and 3 channels
2026-07-07 02:45:47,067 - m2_segmentation - INFO - Cellpose 分割完成: 3 個有效細胞
2026-07-07 02:45:47,086 - m3_module.m3_cells_generator - INFO - All-positive 標註完成: 3 個細胞
2026-07-07 02:45:47,113 - m3_module.m3_cells_generator - INFO - enlarge_cell_instances: 3 顆細胞, factor=1.50(面積), 中位半徑=29.4px, 外擴=6.6px
2026-07-07 02:45:47,113 - cellpose.transforms - INFO - processing image with (1024, 1024) HW, and 3 channels
2026-07-07 02:45:47,586 - m3_module.m3_elastic_matching - INFO - elastic_dish_nucleus_matching(overlap-first): IHC=3, DISH=1, matched(1核)=1 (其中重疊=1), drop-out(競爭落敗)=0, 無候選(計入)=2, factor=1.50, min_reach=20.0
2026-07-07 02:45:47,687 - m3_module.m3_dot_detection - INFO - detect_all_dots: 紅點=0, 黑點=1, 涉及細胞=3
2026-07-07 02:45:47,741 - m4_module.cell_crops - INFO - 匯出 1 張 per-cell 影像至 docs/hybrid-pipeline/measurement/runs/large/cell_crops/tile_x1536_y12288/cells
2026-07-07 02:45:47,741 - hybrid_pipeline - INFO - Tile tile_x1536_y12288 完成: 核心擁有 1 細胞 (1 陽性), 1.15 秒
2026-07-07 02:45:47,827 - hybrid_pipeline - INFO - [173/441] 處理 tile: tile_x1536_y13056
2026-07-07 02:45:47,890 - cellpose.transforms - INFO - processing image with (1024, 1024) HW, and 3 channels
2026-07-07 02:45:48,302 - m2_segmentation - INFO - Cellpose 分割完成: 6 個有效細胞
2026-07-07 02:45:48,321 - m3_module.m3_cells_generator - INFO - All-positive 標註完成: 6 個細胞
2026-07-07 02:45:48,350 - m3_module.m3_cells_generator - INFO - enlarge_cell_instances: 6 顆細胞, factor=1.50(面積), 中位半徑=27.8px, 外擴=6.2px
2026-07-07 02:45:48,350 - cellpose.transforms - INFO - processing image with (1024, 1024) HW, and 3 channels
2026-07-07 02:45:48,833 - m3_module.m3_elastic_matching - INFO - elastic_dish_nucleus_matching(overlap-first): IHC=6, DISH=4, matched(1核)=2 (其中重疊=2), drop-out(競爭落敗)=0, 無候選(計入)=4, factor=1.50, min_reach=20.0
2026-07-07 02:45:48,945 - m3_module.m3_dot_detection - INFO - detect_all_dots: 紅點=4, 黑點=3, 涉及細胞=6
2026-07-07 02:45:49,016 - m4_module.cell_crops - INFO - 匯出 1 張 per-cell 影像至 docs/hybrid-pipeline/measurement/runs/large/cell_crops/tile_x1536_y13056/cells
2026-07-07 02:45:49,016 - hybrid_pipeline - INFO - Tile tile_x1536_y13056 完成: 核心擁有 1 細胞 (1 陽性), 1.19 秒
2026-07-07 02:45:49,104 - hybrid_pipeline - INFO - [174/441] 處理 tile: tile_x1536_y13824
2026-07-07 02:45:49,165 - cellpose.transforms - INFO - processing image with (1024, 1024) HW, and 3 channels
2026-07-07 02:45:49,591 - m2_segmentation - INFO - Cellpose 分割完成: 27 個有效細胞
2026-07-07 02:45:49,612 - m3_module.m3_cells_generator - INFO - All-positive 標註完成: 27 個細胞
2026-07-07 02:45:49,647 - m3_module.m3_cells_generator - INFO - enlarge_cell_instances: 27 顆細胞, factor=1.50(面積), 中位半徑=28.3px, 外擴=6.4px
2026-07-07 02:45:49,648 - cellpose.transforms - INFO - processing image with (1024, 1024) HW, and 3 channels
2026-07-07 02:45:50,130 - m3_module.m3_elastic_matching - INFO - elastic_dish_nucleus_matching(overlap-first): IHC=27, DISH=18, matched(1核)=13 (其中重疊=13), drop-out(競爭落敗)=7, 無候選(計入)=7, factor=1.50, min_reach=20.0
2026-07-07 02:45:50,437 - m3_module.m3_dot_detection - INFO - detect_all_dots: 紅點=22, 黑點=26, 涉及細胞=27
2026-07-07 02:45:50,547 - m4_module.cell_crops - INFO - 匯出 12 張 per-cell 影像至 docs/hybrid-pipeline/measurement/runs/large/cell_crops/tile_x1536_y13824/cells
2026-07-07 02:45:50,547 - hybrid_pipeline - INFO - Tile tile_x1536_y13824 完成: 核心擁有 12 細胞 (12 陽性), 1.44 秒
2026-07-07 02:45:50,638 - hybrid_pipeline - INFO - [175/441] 處理 tile: tile_x1536_y14592
2026-07-07 02:45:50,708 - cellpose.transforms - INFO - processing image with (1024, 1024) HW, and 3 channels
2026-07-07 02:45:51,144 - m2_segmentation - INFO - Cellpose 分割完成: 54 個有效細胞
2026-07-07 02:45:51,169 - m3_module.m3_cells_generator - INFO - All-positive 標註完成: 54 個細胞
2026-07-07 02:45:51,207 - m3_module.m3_cells_generator - INFO - enlarge_cell_instances: 54 顆細胞, factor=1.50(面積), 中位半徑=29.3px, 外擴=6.6px
2026-07-07 02:45:51,208 - cellpose.transforms - INFO - processing image with (1024, 1024) HW, and 3 channels
2026-07-07 02:45:51,682 - m3_module.m3_elastic_matching - INFO - elastic_dish_nucleus_matching(overlap-first): IHC=54, DISH=25, matched(1核)=23 (其中重疊=23), drop-out(競爭落敗)=10, 無候選(計入)=21, factor=1.50, min_reach=20.0
2026-07-07 02:45:52,097 - m3_module.m3_dot_detection - INFO - detect_all_dots: 紅點=29, 黑點=49, 涉及細胞=54
2026-07-07 02:45:52,258 - m4_module.cell_crops - INFO - 匯出 25 張 per-cell 影像至 docs/hybrid-pipeline/measurement/runs/large/cell_crops/tile_x1536_y14592/cells
2026-07-07 02:45:52,258 - hybrid_pipeline - INFO - Tile tile_x1536_y14592 完成: 核心擁有 25 細胞 (25 陽性), 1.62 秒
2026-07-07 02:45:52,346 - hybrid_pipeline - INFO - [176/441] 處理 tile: tile_x1536_y1536
2026-07-07 02:45:52,413 - cellpose.transforms - INFO - processing image with (1024, 1024) HW, and 3 channels
2026-07-07 02:45:52,855 - m2_segmentation - INFO - Cellpose 分割完成: 56 個有效細胞
2026-07-07 02:45:52,880 - m3_module.m3_cells_generator - INFO - All-positive 標註完成: 56 個細胞
2026-07-07 02:45:52,925 - m3_module.m3_cells_generator - INFO - enlarge_cell_instances: 56 顆細胞, factor=1.50(面積), 中位半徑=24.5px, 外擴=5.5px
2026-07-07 02:45:52,926 - cellpose.transforms - INFO - processing image with (1024, 1024) HW, and 3 channels
2026-07-07 02:45:53,390 - m3_module.m3_elastic_matching - INFO - elastic_dish_nucleus_matching(overlap-first): IHC=56, DISH=48, matched(1核)=34 (其中重疊=33), drop-out(競爭落敗)=9, 無候選(計入)=13, factor=1.50, min_reach=20.0
2026-07-07 02:45:54,116 - m3_module.m3_dot_detection - INFO - detect_all_dots: 紅點=46, 黑點=80, 涉及細胞=56
2026-07-07 02:45:54,369 - m4_module.cell_crops - INFO - 匯出 28 張 per-cell 影像至 docs/hybrid-pipeline/measurement/runs/large/cell_crops/tile_x1536_y1536/cells
2026-07-07 02:45:54,369 - hybrid_pipeline - INFO - Tile tile_x1536_y1536 完成: 核心擁有 28 細胞 (28 陽性), 2.02 秒
2026-07-07 02:45:54,457 - hybrid_pipeline - INFO - [177/441] 處理 tile: tile_x1536_y15360
2026-07-07 02:45:54,525 - cellpose.transforms - INFO - processing image with (1024, 1024) HW, and 3 channels
2026-07-07 02:45:54,961 - m2_segmentation - INFO - Cellpose 分割完成: 33 個有效細胞
2026-07-07 02:45:54,983 - m3_module.m3_cells_generator - INFO - All-positive 標註完成: 33 個細胞
2026-07-07 02:45:55,027 - m3_module.m3_cells_generator - INFO - enlarge_cell_instances: 33 顆細胞, factor=1.50(面積), 中位半徑=29.3px, 外擴=6.6px
2026-07-07 02:45:55,027 - cellpose.transforms - INFO - processing image with (1024, 1024) HW, and 3 channels
2026-07-07 02:45:55,499 - m3_module.m3_elastic_matching - INFO - elastic_dish_nucleus_matching(overlap-first): IHC=33, DISH=34, matched(1核)=21 (其中重疊=21), drop-out(競爭落敗)=5, 無候選(計入)=7, factor=1.50, min_reach=20.0
2026-07-07 02:45:55,924 - m3_module.m3_dot_detection - INFO - detect_all_dots: 紅點=28, 黑點=42, 涉及細胞=33
2026-07-07 02:45:56,097 - m4_module.cell_crops - INFO - 匯出 26 張 per-cell 影像至 docs/hybrid-pipeline/measurement/runs/large/cell_crops/tile_x1536_y15360/cells
2026-07-07 02:45:56,097 - hybrid_pipeline - INFO - Tile tile_x1536_y15360 完成: 核心擁有 26 細胞 (26 陽性), 1.64 秒
2026-07-07 02:45:56,184 - hybrid_pipeline - INFO - [178/441] 處理 tile: tile_x1536_y2304
2026-07-07 02:45:56,247 - cellpose.transforms - INFO - processing image with (1024, 1024) HW, and 3 channels
2026-07-07 02:45:56,702 - m2_segmentation - INFO - Cellpose 分割完成: 52 個有效細胞
2026-07-07 02:45:56,728 - m3_module.m3_cells_generator - INFO - All-positive 標註完成: 52 個細胞
2026-07-07 02:45:56,771 - m3_module.m3_cells_generator - INFO - enlarge_cell_instances: 52 顆細胞, factor=1.50(面積), 中位半徑=27.1px, 外擴=6.1px
2026-07-07 02:45:56,771 - cellpose.transforms - INFO - processing image with (1024, 1024) HW, and 3 channels
2026-07-07 02:45:57,248 - m3_module.m3_elastic_matching - INFO - elastic_dish_nucleus_matching(overlap-first): IHC=52, DISH=39, matched(1核)=31 (其中重疊=30), drop-out(競爭落敗)=10, 無候選(計入)=11, factor=1.50, min_reach=20.0
2026-07-07 02:45:57,751 - m3_module.m3_dot_detection - INFO - detect_all_dots: 紅點=32, 黑點=46, 涉及細胞=52
2026-07-07 02:45:57,941 - m4_module.cell_crops - INFO - 匯出 19 張 per-cell 影像至 docs/hybrid-pipeline/measurement/runs/large/cell_crops/tile_x1536_y2304/cells
2026-07-07 02:45:57,941 - hybrid_pipeline - INFO - Tile tile_x1536_y2304 完成: 核心擁有 19 細胞 (19 陽性), 1.76 秒
2026-07-07 02:45:58,030 - hybrid_pipeline - INFO - [179/441] 處理 tile: tile_x1536_y3072
2026-07-07 02:45:58,093 - cellpose.transforms - INFO - processing image with (1024, 1024) HW, and 3 channels
2026-07-07 02:45:58,552 - m2_segmentation - INFO - Cellpose 分割完成: 68 個有效細胞
2026-07-07 02:45:58,579 - m3_module.m3_cells_generator - INFO - All-positive 標註完成: 68 個細胞
2026-07-07 02:45:58,626 - m3_module.m3_cells_generator - INFO - enlarge_cell_instances: 68 顆細胞, factor=1.50(面積), 中位半徑=29.9px, 外擴=6.7px
2026-07-07 02:45:58,626 - cellpose.transforms - INFO - processing image with (1024, 1024) HW, and 3 channels
2026-07-07 02:45:59,096 - m3_module.m3_elastic_matching - INFO - elastic_dish_nucleus_matching(overlap-first): IHC=68, DISH=56, matched(1核)=40 (其中重疊=40), drop-out(競爭落敗)=11, 無候選(計入)=17, factor=1.50, min_reach=20.0
2026-07-07 02:45:59,836 - m3_module.m3_dot_detection - INFO - detect_all_dots: 紅點=57, 黑點=97, 涉及細胞=68
2026-07-07 02:46:00,084 - m4_module.cell_crops - INFO - 匯出 24 張 per-cell 影像至 docs/hybrid-pipeline/measurement/runs/large/cell_crops/tile_x1536_y3072/cells
2026-07-07 02:46:00,084 - hybrid_pipeline - INFO - Tile tile_x1536_y3072 完成: 核心擁有 24 細胞 (24 陽性), 2.05 秒
2026-07-07 02:46:00,173 - hybrid_pipeline - INFO - [180/441] 處理 tile: tile_x1536_y3840
2026-07-07 02:46:00,235 - cellpose.transforms - INFO - processing image with (1024, 1024) HW, and 3 channels
2026-07-07 02:46:00,710 - m2_segmentation - INFO - Cellpose 分割完成: 78 個有效細胞
2026-07-07 02:46:00,739 - m3_module.m3_cells_generator - INFO - All-positive 標註完成: 78 個細胞
2026-07-07 02:46:00,792 - m3_module.m3_cells_generator - INFO - enlarge_cell_instances: 78 顆細胞, factor=1.50(面積), 中位半徑=30.0px, 外擴=6.7px
2026-07-07 02:46:00,792 - cellpose.transforms - INFO - processing image with (1024, 1024) HW, and 3 channels
2026-07-07 02:46:01,286 - m3_module.m3_elastic_matching - INFO - elastic_dish_nucleus_matching(overlap-first): IHC=78, DISH=63, matched(1核)=47 (其中重疊=47), drop-out(競爭落敗)=12, 無候選(計入)=19, factor=1.50, min_reach=20.0
2026-07-07 02:46:02,251 - m3_module.m3_dot_detection - INFO - detect_all_dots: 紅點=67, 黑點=118, 涉及細胞=78
2026-07-07 02:46:02,580 - m4_module.cell_crops - INFO - 匯出 51 張 per-cell 影像至 docs/hybrid-pipeline/measurement/runs/large/cell_crops/tile_x1536_y3840/cells
2026-07-07 02:46:02,581 - hybrid_pipeline - INFO - Tile tile_x1536_y3840 完成: 核心擁有 51 細胞 (51 陽性), 2.41 秒
2026-07-07 02:46:02,668 - hybrid_pipeline - INFO - [181/441] 處理 tile: tile_x1536_y4608
2026-07-07 02:46:02,739 - cellpose.transforms - INFO - processing image with (1024, 1024) HW, and 3 channels
2026-07-07 02:46:03,188 - m2_segmentation - INFO - Cellpose 分割完成: 56 個有效細胞
2026-07-07 02:46:03,213 - m3_module.m3_cells_generator - INFO - All-positive 標註完成: 56 個細胞
2026-07-07 02:46:03,257 - m3_module.m3_cells_generator - INFO - enlarge_cell_instances: 56 顆細胞, factor=1.50(面積), 中位半徑=28.5px, 外擴=6.4px
2026-07-07 02:46:03,258 - cellpose.transforms - INFO - processing image with (1024, 1024) HW, and 3 channels
2026-07-07 02:46:03,756 - m3_module.m3_elastic_matching - INFO - elastic_dish_nucleus_matching(overlap-first): IHC=56, DISH=38, matched(1核)=27 (其中重疊=27), drop-out(競爭落敗)=12, 無候選(計入)=17, factor=1.50, min_reach=20.0
2026-07-07 02:46:04,162 - m3_module.m3_dot_detection - INFO - detect_all_dots: 紅點=24, 黑點=41, 涉及細胞=56
2026-07-07 02:46:04,374 - m4_module.cell_crops - INFO - 匯出 25 張 per-cell 影像至 docs/hybrid-pipeline/measurement/runs/large/cell_crops/tile_x1536_y4608/cells
2026-07-07 02:46:04,374 - hybrid_pipeline - INFO - Tile tile_x1536_y4608 完成: 核心擁有 25 細胞 (25 陽性), 1.71 秒
2026-07-07 02:46:04,465 - hybrid_pipeline - INFO - [182/441] 處理 tile: tile_x1536_y5376
2026-07-07 02:46:04,526 - cellpose.transforms - INFO - processing image with (1024, 1024) HW, and 3 channels
2026-07-07 02:46:04,959 - m2_segmentation - INFO - Cellpose 分割完成: 42 個有效細胞
2026-07-07 02:46:04,982 - m3_module.m3_cells_generator - INFO - All-positive 標註完成: 42 個細胞
2026-07-07 02:46:05,024 - m3_module.m3_cells_generator - INFO - enlarge_cell_instances: 42 顆細胞, factor=1.50(面積), 中位半徑=24.0px, 外擴=5.4px
2026-07-07 02:46:05,024 - cellpose.transforms - INFO - processing image with (1024, 1024) HW, and 3 channels
2026-07-07 02:46:05,497 - m3_module.m3_elastic_matching - INFO - elastic_dish_nucleus_matching(overlap-first): IHC=42, DISH=23, matched(1核)=19 (其中重疊=19), drop-out(競爭落敗)=9, 無候選(計入)=14, factor=1.50, min_reach=20.0
2026-07-07 02:46:05,834 - m3_module.m3_dot_detection - INFO - detect_all_dots: 紅點=22, 黑點=33, 涉及細胞=42
2026-07-07 02:46:06,009 - m4_module.cell_crops - INFO - 匯出 27 張 per-cell 影像至 docs/hybrid-pipeline/measurement/runs/large/cell_crops/tile_x1536_y5376/cells
2026-07-07 02:46:06,009 - hybrid_pipeline - INFO - Tile tile_x1536_y5376 完成: 核心擁有 27 細胞 (27 陽性), 1.54 秒
2026-07-07 02:46:06,097 - hybrid_pipeline - INFO - [183/441] 處理 tile: tile_x1536_y6144
2026-07-07 02:46:06,161 - cellpose.transforms - INFO - processing image with (1024, 1024) HW, and 3 channels
2026-07-07 02:46:06,588 - m2_segmentation - INFO - Cellpose 分割完成: 32 個有效細胞
2026-07-07 02:46:06,609 - m3_module.m3_cells_generator - INFO - All-positive 標註完成: 32 個細胞
2026-07-07 02:46:06,649 - m3_module.m3_cells_generator - INFO - enlarge_cell_instances: 32 顆細胞, factor=1.50(面積), 中位半徑=30.4px, 外擴=6.8px
2026-07-07 02:46:06,649 - cellpose.transforms - INFO - processing image with (1024, 1024) HW, and 3 channels
2026-07-07 02:46:07,132 - m3_module.m3_elastic_matching - INFO - elastic_dish_nucleus_matching(overlap-first): IHC=32, DISH=30, matched(1核)=21 (其中重疊=21), drop-out(競爭落敗)=6, 無候選(計入)=5, factor=1.50, min_reach=20.0
2026-07-07 02:46:07,568 - m3_module.m3_dot_detection - INFO - detect_all_dots: 紅點=28, 黑點=52, 涉及細胞=32
2026-07-07 02:46:07,704 - m4_module.cell_crops - INFO - 匯出 23 張 per-cell 影像至 docs/hybrid-pipeline/measurement/runs/large/cell_crops/tile_x1536_y6144/cells
2026-07-07 02:46:07,704 - hybrid_pipeline - INFO - Tile tile_x1536_y6144 完成: 核心擁有 23 細胞 (23 陽性), 1.61 秒
2026-07-07 02:46:07,792 - hybrid_pipeline - INFO - [184/441] 處理 tile: tile_x1536_y6912
2026-07-07 02:46:07,857 - cellpose.transforms - INFO - processing image with (1024, 1024) HW, and 3 channels
2026-07-07 02:46:08,306 - m2_segmentation - INFO - Cellpose 分割完成: 62 個有效細胞
2026-07-07 02:46:08,332 - m3_module.m3_cells_generator - INFO - All-positive 標註完成: 62 個細胞
2026-07-07 02:46:08,380 - m3_module.m3_cells_generator - INFO - enlarge_cell_instances: 62 顆細胞, factor=1.50(面積), 中位半徑=30.5px, 外擴=6.9px
2026-07-07 02:46:08,380 - cellpose.transforms - INFO - processing image with (1024, 1024) HW, and 3 channels
2026-07-07 02:46:08,859 - m3_module.m3_elastic_matching - INFO - elastic_dish_nucleus_matching(overlap-first): IHC=62, DISH=63, matched(1核)=43 (其中重疊=43), drop-out(競爭落敗)=9, 無候選(計入)=10, factor=1.50, min_reach=20.0
2026-07-07 02:46:09,706 - m3_module.m3_dot_detection - INFO - detect_all_dots: 紅點=52, 黑點=99, 涉及細胞=62
2026-07-07 02:46:09,944 - m4_module.cell_crops - INFO - 匯出 23 張 per-cell 影像至 docs/hybrid-pipeline/measurement/runs/large/cell_crops/tile_x1536_y6912/cells
2026-07-07 02:46:09,944 - hybrid_pipeline - INFO - Tile tile_x1536_y6912 完成: 核心擁有 23 細胞 (23 陽性), 2.15 秒
2026-07-07 02:46:10,033 - hybrid_pipeline - INFO - [185/441] 處理 tile: tile_x1536_y768
2026-07-07 02:46:10,096 - cellpose.transforms - INFO - processing image with (1024, 1024) HW, and 3 channels
2026-07-07 02:46:10,579 - m2_segmentation - INFO - Cellpose 分割完成: 96 個有效細胞
2026-07-07 02:46:10,610 - m3_module.m3_cells_generator - INFO - All-positive 標註完成: 96 個細胞
2026-07-07 02:46:10,661 - m3_module.m3_cells_generator - INFO - enlarge_cell_instances: 96 顆細胞, factor=1.50(面積), 中位半徑=26.0px, 外擴=5.8px
2026-07-07 02:46:10,661 - cellpose.transforms - INFO - processing image with (1024, 1024) HW, and 3 channels
2026-07-07 02:46:11,138 - m3_module.m3_elastic_matching - INFO - elastic_dish_nucleus_matching(overlap-first): IHC=96, DISH=81, matched(1核)=60 (其中重疊=60), drop-out(競爭落敗)=18, 無候選(計入)=18, factor=1.50, min_reach=20.0
2026-07-07 02:46:12,203 - m3_module.m3_dot_detection - INFO - detect_all_dots: 紅點=75, 黑點=137, 涉及細胞=96
2026-07-07 02:46:12,544 - m4_module.cell_crops - INFO - 匯出 58 張 per-cell 影像至 docs/hybrid-pipeline/measurement/runs/large/cell_crops/tile_x1536_y768/cells
2026-07-07 02:46:12,544 - hybrid_pipeline - INFO - Tile tile_x1536_y768 完成: 核心擁有 58 細胞 (58 陽性), 2.51 秒
2026-07-07 02:46:12,633 - hybrid_pipeline - INFO - [186/441] 處理 tile: tile_x1536_y7680
2026-07-07 02:46:12,703 - cellpose.transforms - INFO - processing image with (1024, 1024) HW, and 3 channels
2026-07-07 02:46:13,147 - m2_segmentation - INFO - Cellpose 分割完成: 63 個有效細胞
2026-07-07 02:46:13,173 - m3_module.m3_cells_generator - INFO - All-positive 標註完成: 63 個細胞
2026-07-07 02:46:13,217 - m3_module.m3_cells_generator - INFO - enlarge_cell_instances: 63 顆細胞, factor=1.50(面積), 中位半徑=26.9px, 外擴=6.0px
2026-07-07 02:46:13,217 - cellpose.transforms - INFO - processing image with (1024, 1024) HW, and 3 channels
2026-07-07 02:46:13,700 - m3_module.m3_elastic_matching - INFO - elastic_dish_nucleus_matching(overlap-first): IHC=63, DISH=44, matched(1核)=36 (其中重疊=36), drop-out(競爭落敗)=11, 無候選(計入)=16, factor=1.50, min_reach=20.0
2026-07-07 02:46:14,429 - m3_module.m3_dot_detection - INFO - detect_all_dots: 紅點=51, 黑點=86, 涉及細胞=63
2026-07-07 02:46:14,645 - m4_module.cell_crops - INFO - 匯出 30 張 per-cell 影像至 docs/hybrid-pipeline/measurement/runs/large/cell_crops/tile_x1536_y7680/cells
2026-07-07 02:46:14,645 - hybrid_pipeline - INFO - Tile tile_x1536_y7680 完成: 核心擁有 30 細胞 (30 陽性), 2.01 秒
2026-07-07 02:46:14,737 - hybrid_pipeline - INFO - [187/441] 處理 tile: tile_x1536_y8448
2026-07-07 02:46:14,801 - cellpose.transforms - INFO - processing image with (1024, 1024) HW, and 3 channels
2026-07-07 02:46:15,232 - m2_segmentation - INFO - Cellpose 分割完成: 41 個有效細胞
2026-07-07 02:46:15,256 - m3_module.m3_cells_generator - INFO - All-positive 標註完成: 41 個細胞
2026-07-07 02:46:15,298 - m3_module.m3_cells_generator - INFO - enlarge_cell_instances: 41 顆細胞, factor=1.50(面積), 中位半徑=27.5px, 外擴=6.2px
2026-07-07 02:46:15,298 - cellpose.transforms - INFO - processing image with (1024, 1024) HW, and 3 channels
2026-07-07 02:46:15,785 - m3_module.m3_elastic_matching - INFO - elastic_dish_nucleus_matching(overlap-first): IHC=41, DISH=29, matched(1核)=22 (其中重疊=22), drop-out(競爭落敗)=5, 無候選(計入)=14, factor=1.50, min_reach=20.0
2026-07-07 02:46:16,241 - m3_module.m3_dot_detection - INFO - detect_all_dots: 紅點=31, 黑點=49, 涉及細胞=41
2026-07-07 02:46:16,403 - m4_module.cell_crops - INFO - 匯出 9 張 per-cell 影像至 docs/hybrid-pipeline/measurement/runs/large/cell_crops/tile_x1536_y8448/cells
2026-07-07 02:46:16,403 - hybrid_pipeline - INFO - Tile tile_x1536_y8448 完成: 核心擁有 9 細胞 (9 陽性), 1.67 秒
2026-07-07 02:46:16,495 - hybrid_pipeline - INFO - [188/441] 處理 tile: tile_x1536_y9216
2026-07-07 02:46:16,562 - cellpose.transforms - INFO - processing image with (1024, 1024) HW, and 3 channels
2026-07-07 02:46:17,028 - m2_segmentation - INFO - Cellpose 分割完成: 95 個有效細胞
2026-07-07 02:46:17,059 - m3_module.m3_cells_generator - INFO - All-positive 標註完成: 95 個細胞
2026-07-07 02:46:17,111 - m3_module.m3_cells_generator - INFO - enlarge_cell_instances: 95 顆細胞, factor=1.50(面積), 中位半徑=30.1px, 外擴=6.8px
2026-07-07 02:46:17,111 - cellpose.transforms - INFO - processing image with (1024, 1024) HW, and 3 channels
2026-07-07 02:46:17,583 - m3_module.m3_elastic_matching - INFO - elastic_dish_nucleus_matching(overlap-first): IHC=95, DISH=71, matched(1核)=60 (其中重疊=60), drop-out(競爭落敗)=16, 無候選(計入)=19, factor=1.50, min_reach=20.0
2026-07-07 02:46:18,732 - m3_module.m3_dot_detection - INFO - detect_all_dots: 紅點=92, 黑點=150, 涉及細胞=95
2026-07-07 02:46:19,013 - m4_module.cell_crops - INFO - 匯出 44 張 per-cell 影像至 docs/hybrid-pipeline/measurement/runs/large/cell_crops/tile_x1536_y9216/cells
2026-07-07 02:46:19,013 - hybrid_pipeline - INFO - Tile tile_x1536_y9216 完成: 核心擁有 44 細胞 (44 陽性), 2.52 秒
2026-07-07 02:46:19,100 - hybrid_pipeline - INFO - [189/441] 處理 tile: tile_x1536_y9984
2026-07-07 02:46:19,169 - cellpose.transforms - INFO - processing image with (1024, 1024) HW, and 3 channels
2026-07-07 02:46:19,661 - m2_segmentation - INFO - Cellpose 分割完成: 109 個有效細胞
2026-07-07 02:46:19,694 - m3_module.m3_cells_generator - INFO - All-positive 標註完成: 109 個細胞
2026-07-07 02:46:19,748 - m3_module.m3_cells_generator - INFO - enlarge_cell_instances: 109 顆細胞, factor=1.50(面積), 中位半徑=30.3px, 外擴=6.8px
2026-07-07 02:46:19,749 - cellpose.transforms - INFO - processing image with (1024, 1024) HW, and 3 channels
2026-07-07 02:46:20,221 - m3_module.m3_elastic_matching - INFO - elastic_dish_nucleus_matching(overlap-first): IHC=109, DISH=74, matched(1核)=67 (其中重疊=67), drop-out(競爭落敗)=22, 無候選(計入)=20, factor=1.50, min_reach=20.0
2026-07-07 02:46:21,671 - m3_module.m3_dot_detection - INFO - detect_all_dots: 紅點=107, 黑點=165, 涉及細胞=109
2026-07-07 02:46:22,014 - m4_module.cell_crops - INFO - 匯出 54 張 per-cell 影像至 docs/hybrid-pipeline/measurement/runs/large/cell_crops/tile_x1536_y9984/cells
2026-07-07 02:46:22,014 - hybrid_pipeline - INFO - Tile tile_x1536_y9984 完成: 核心擁有 54 細胞 (54 陽性), 2.91 秒
2026-07-07 02:46:22,105 - hybrid_pipeline - INFO - [190/441] 處理 tile: tile_x2304_y0
2026-07-07 02:46:22,171 - cellpose.transforms - INFO - processing image with (1024, 1024) HW, and 3 channels
2026-07-07 02:46:22,620 - m2_segmentation - INFO - Cellpose 分割完成: 67 個有效細胞
2026-07-07 02:46:22,648 - m3_module.m3_cells_generator - INFO - All-positive 標註完成: 61 個細胞
2026-07-07 02:46:22,687 - m3_module.m3_cells_generator - INFO - enlarge_cell_instances: 61 顆細胞, factor=1.50(面積), 中位半徑=21.0px, 外擴=4.7px
2026-07-07 02:46:22,687 - cellpose.transforms - INFO - processing image with (1024, 1024) HW, and 3 channels
2026-07-07 02:46:23,155 - m3_module.m3_elastic_matching - INFO - elastic_dish_nucleus_matching(overlap-first): IHC=61, DISH=55, matched(1核)=38 (其中重疊=38), drop-out(競爭落敗)=12, 無候選(計入)=11, factor=1.50, min_reach=20.0
2026-07-07 02:46:23,792 - m3_module.m3_dot_detection - INFO - detect_all_dots: 紅點=45, 黑點=91, 涉及細胞=61
2026-07-07 02:46:23,989 - m4_module.cell_crops - INFO - 匯出 36 張 per-cell 影像至 docs/hybrid-pipeline/measurement/runs/large/cell_crops/tile_x2304_y0/cells
2026-07-07 02:46:23,989 - hybrid_pipeline - INFO - Tile tile_x2304_y0 完成: 核心擁有 36 細胞 (36 陽性), 1.88 秒
2026-07-07 02:46:24,086 - hybrid_pipeline - INFO - [191/441] 處理 tile: tile_x2304_y10752
2026-07-07 02:46:24,149 - cellpose.transforms - INFO - processing image with (1024, 1024) HW, and 3 channels
2026-07-07 02:46:24,642 - m2_segmentation - INFO - Cellpose 分割完成: 85 個有效細胞
2026-07-07 02:46:24,671 - m3_module.m3_cells_generator - INFO - All-positive 標註完成: 85 個細胞
2026-07-07 02:46:24,724 - m3_module.m3_cells_generator - INFO - enlarge_cell_instances: 85 顆細胞, factor=1.50(面積), 中位半徑=31.6px, 外擴=7.1px
2026-07-07 02:46:24,724 - cellpose.transforms - INFO - processing image with (1024, 1024) HW, and 3 channels
2026-07-07 02:46:25,194 - m3_module.m3_elastic_matching - INFO - elastic_dish_nucleus_matching(overlap-first): IHC=85, DISH=64, matched(1核)=50 (其中重疊=50), drop-out(競爭落敗)=10, 無候選(計入)=25, factor=1.50, min_reach=20.0
2026-07-07 02:46:26,105 - m3_module.m3_dot_detection - INFO - detect_all_dots: 紅點=61, 黑點=89, 涉及細胞=85
2026-07-07 02:46:26,400 - m4_module.cell_crops - INFO - 匯出 36 張 per-cell 影像至 docs/hybrid-pipeline/measurement/runs/large/cell_crops/tile_x2304_y10752/cells
2026-07-07 02:46:26,400 - hybrid_pipeline - INFO - Tile tile_x2304_y10752 完成: 核心擁有 36 細胞 (36 陽性), 2.31 秒
2026-07-07 02:46:26,490 - hybrid_pipeline - INFO - [192/441] 處理 tile: tile_x2304_y11520
2026-07-07 02:46:26,550 - cellpose.transforms - INFO - processing image with (1024, 1024) HW, and 3 channels
2026-07-07 02:46:27,090 - m2_segmentation - INFO - Cellpose 分割完成: 134 個有效細胞
2026-07-07 02:46:27,128 - m3_module.m3_cells_generator - INFO - All-positive 標註完成: 134 個細胞
2026-07-07 02:46:27,182 - m3_module.m3_cells_generator - INFO - enlarge_cell_instances: 134 顆細胞, factor=1.50(面積), 中位半徑=30.2px, 外擴=6.8px
2026-07-07 02:46:27,183 - cellpose.transforms - INFO - processing image with (1024, 1024) HW, and 3 channels
2026-07-07 02:46:27,665 - m3_module.m3_elastic_matching - INFO - elastic_dish_nucleus_matching(overlap-first): IHC=134, DISH=80, matched(1核)=72 (其中重疊=72), drop-out(競爭落敗)=30, 無候選(計入)=32, factor=1.50, min_reach=20.0
2026-07-07 02:46:28,894 - m3_module.m3_dot_detection - INFO - detect_all_dots: 紅點=92, 黑點=152, 涉及細胞=134
2026-07-07 02:46:29,282 - m4_module.cell_crops - INFO - 匯出 82 張 per-cell 影像至 docs/hybrid-pipeline/measurement/runs/large/cell_crops/tile_x2304_y11520/cells
2026-07-07 02:46:29,282 - hybrid_pipeline - INFO - Tile tile_x2304_y11520 完成: 核心擁有 82 細胞 (82 陽性), 2.79 秒
2026-07-07 02:46:29,368 - hybrid_pipeline - INFO - [193/441] 處理 tile: tile_x2304_y12288
2026-07-07 02:46:29,437 - cellpose.transforms - INFO - processing image with (1024, 1024) HW, and 3 channels
2026-07-07 02:46:29,915 - m2_segmentation - INFO - Cellpose 分割完成: 100 個有效細胞
2026-07-07 02:46:29,947 - m3_module.m3_cells_generator - INFO - All-positive 標註完成: 100 個細胞
2026-07-07 02:46:29,992 - m3_module.m3_cells_generator - INFO - enlarge_cell_instances: 100 顆細胞, factor=1.50(面積), 中位半徑=28.2px, 外擴=6.3px
2026-07-07 02:46:29,992 - cellpose.transforms - INFO - processing image with (1024, 1024) HW, and 3 channels
2026-07-07 02:46:30,460 - m3_module.m3_elastic_matching - INFO - elastic_dish_nucleus_matching(overlap-first): IHC=100, DISH=56, matched(1核)=54 (其中重疊=54), drop-out(競爭落敗)=23, 無候選(計入)=23, factor=1.50, min_reach=20.0
2026-07-07 02:46:31,400 - m3_module.m3_dot_detection - INFO - detect_all_dots: 紅點=66, 黑點=114, 涉及細胞=100
2026-07-07 02:46:31,671 - m4_module.cell_crops - INFO - 匯出 56 張 per-cell 影像至 docs/hybrid-pipeline/measurement/runs/large/cell_crops/tile_x2304_y12288/cells
2026-07-07 02:46:31,671 - hybrid_pipeline - INFO - Tile tile_x2304_y12288 完成: 核心擁有 56 細胞 (56 陽性), 2.30 秒
2026-07-07 02:46:31,760 - hybrid_pipeline - INFO - [194/441] 處理 tile: tile_x2304_y13056
2026-07-07 02:46:31,820 - cellpose.transforms - INFO - processing image with (1024, 1024) HW, and 3 channels
2026-07-07 02:46:32,247 - m2_segmentation - INFO - Cellpose 分割完成: 34 個有效細胞
2026-07-07 02:46:32,269 - m3_module.m3_cells_generator - INFO - All-positive 標註完成: 34 個細胞
2026-07-07 02:46:32,302 - m3_module.m3_cells_generator - INFO - enlarge_cell_instances: 34 顆細胞, factor=1.50(面積), 中位半徑=26.1px, 外擴=5.9px
2026-07-07 02:46:32,303 - cellpose.transforms - INFO - processing image with (1024, 1024) HW, and 3 channels
2026-07-07 02:46:32,760 - m3_module.m3_elastic_matching - INFO - elastic_dish_nucleus_matching(overlap-first): IHC=34, DISH=13, matched(1核)=12 (其中重疊=12), drop-out(競爭落敗)=5, 無候選(計入)=17, factor=1.50, min_reach=20.0
2026-07-07 02:46:32,965 - m3_module.m3_dot_detection - INFO - detect_all_dots: 紅點=10, 黑點=21, 涉及細胞=34
2026-07-07 02:46:33,084 - m4_module.cell_crops - INFO - 匯出 16 張 per-cell 影像至 docs/hybrid-pipeline/measurement/runs/large/cell_crops/tile_x2304_y13056/cells
2026-07-07 02:46:33,084 - hybrid_pipeline - INFO - Tile tile_x2304_y13056 完成: 核心擁有 16 細胞 (16 陽性), 1.32 秒
2026-07-07 02:46:33,172 - hybrid_pipeline - INFO - [195/441] 處理 tile: tile_x2304_y13824
2026-07-07 02:46:33,230 - cellpose.transforms - INFO - processing image with (1024, 1024) HW, and 3 channels
2026-07-07 02:46:33,638 - m2_segmentation - INFO - Cellpose 分割完成: 2 個有效細胞
2026-07-07 02:46:33,656 - m3_module.m3_cells_generator - INFO - All-positive 標註完成: 2 個細胞
2026-07-07 02:46:33,680 - m3_module.m3_cells_generator - INFO - enlarge_cell_instances: 2 顆細胞, factor=1.50(面積), 中位半徑=24.5px, 外擴=5.5px
2026-07-07 02:46:33,680 - cellpose.transforms - INFO - processing image with (1024, 1024) HW, and 3 channels
2026-07-07 02:46:34,150 - m3_module.m3_elastic_matching - INFO - elastic_dish_nucleus_matching(overlap-first): IHC=2, DISH=2, matched(1核)=2 (其中重疊=2), drop-out(競爭落敗)=0, 無候選(計入)=0, factor=1.50, min_reach=20.0
2026-07-07 02:46:34,249 - m3_module.m3_dot_detection - INFO - detect_all_dots: 紅點=3, 黑點=2, 涉及細胞=2
2026-07-07 02:46:34,298 - m4_module.cell_crops - INFO - 匯出 0 張 per-cell 影像至 docs/hybrid-pipeline/measurement/runs/large/cell_crops/tile_x2304_y13824/cells
2026-07-07 02:46:34,298 - hybrid_pipeline - INFO - Tile tile_x2304_y13824 完成: 核心擁有 0 細胞 (0 陽性), 1.13 秒
2026-07-07 02:46:34,384 - hybrid_pipeline - INFO - [196/441] 處理 tile: tile_x2304_y14592
2026-07-07 02:46:34,445 - hybrid_pipeline - INFO - Tile tile_x2304_y14592: 核心遮罩全空 → 空白 placeholder
2026-07-07 02:46:34,529 - hybrid_pipeline - INFO - [197/441] 處理 tile: tile_x2304_y1536
2026-07-07 02:46:34,596 - cellpose.transforms - INFO - processing image with (1024, 1024) HW, and 3 channels
2026-07-07 02:46:35,029 - m2_segmentation - INFO - Cellpose 分割完成: 39 個有效細胞
2026-07-07 02:46:35,052 - m3_module.m3_cells_generator - INFO - All-positive 標註完成: 39 個細胞
2026-07-07 02:46:35,096 - m3_module.m3_cells_generator - INFO - enlarge_cell_instances: 39 顆細胞, factor=1.50(面積), 中位半徑=26.8px, 外擴=6.0px
2026-07-07 02:46:35,096 - cellpose.transforms - INFO - processing image with (1024, 1024) HW, and 3 channels
2026-07-07 02:46:35,562 - m3_module.m3_elastic_matching - INFO - elastic_dish_nucleus_matching(overlap-first): IHC=39, DISH=33, matched(1核)=24 (其中重疊=24), drop-out(競爭落敗)=5, 無候選(計入)=10, factor=1.50, min_reach=20.0
2026-07-07 02:46:35,954 - m3_module.m3_dot_detection - INFO - detect_all_dots: 紅點=28, 黑點=56, 涉及細胞=39
2026-07-07 02:46:36,185 - m4_module.cell_crops - INFO - 匯出 25 張 per-cell 影像至 docs/hybrid-pipeline/measurement/runs/large/cell_crops/tile_x2304_y1536/cells
2026-07-07 02:46:36,185 - hybrid_pipeline - INFO - Tile tile_x2304_y1536 完成: 核心擁有 25 細胞 (25 陽性), 1.66 秒
2026-07-07 02:46:36,272 - hybrid_pipeline - INFO - [198/441] 處理 tile: tile_x2304_y15360
2026-07-07 02:46:36,337 - cellpose.transforms - INFO - processing image with (1024, 1024) HW, and 3 channels
2026-07-07 02:46:36,753 - m2_segmentation - INFO - Cellpose 分割完成: 15 個有效細胞
2026-07-07 02:46:36,772 - m3_module.m3_cells_generator - INFO - All-positive 標註完成: 14 個細胞
2026-07-07 02:46:36,808 - m3_module.m3_cells_generator - INFO - enlarge_cell_instances: 14 顆細胞, factor=1.50(面積), 中位半徑=28.4px, 外擴=6.4px
2026-07-07 02:46:36,809 - cellpose.transforms - INFO - processing image with (1024, 1024) HW, and 3 channels
2026-07-07 02:46:37,288 - m3_module.m3_elastic_matching - INFO - elastic_dish_nucleus_matching(overlap-first): IHC=14, DISH=11, matched(1核)=8 (其中重疊=8), drop-out(競爭落敗)=1, 無候選(計入)=5, factor=1.50, min_reach=20.0
2026-07-07 02:46:37,438 - m3_module.m3_dot_detection - INFO - detect_all_dots: 紅點=7, 黑點=14, 涉及細胞=14
2026-07-07 02:46:37,531 - m4_module.cell_crops - INFO - 匯出 5 張 per-cell 影像至 docs/hybrid-pipeline/measurement/runs/large/cell_crops/tile_x2304_y15360/cells
2026-07-07 02:46:37,531 - hybrid_pipeline - INFO - Tile tile_x2304_y15360 完成: 核心擁有 5 細胞 (5 陽性), 1.26 秒
2026-07-07 02:46:37,621 - hybrid_pipeline - INFO - [199/441] 處理 tile: tile_x2304_y2304
2026-07-07 02:46:37,686 - cellpose.transforms - INFO - processing image with (1024, 1024) HW, and 3 channels
2026-07-07 02:46:38,160 - m2_segmentation - INFO - Cellpose 分割完成: 56 個有效細胞
2026-07-07 02:46:38,185 - m3_module.m3_cells_generator - INFO - All-positive 標註完成: 56 個細胞
2026-07-07 02:46:38,233 - m3_module.m3_cells_generator - INFO - enlarge_cell_instances: 56 顆細胞, factor=1.50(面積), 中位半徑=25.2px, 外擴=5.7px
2026-07-07 02:46:38,233 - cellpose.transforms - INFO - processing image with (1024, 1024) HW, and 3 channels
2026-07-07 02:46:38,706 - m3_module.m3_elastic_matching - INFO - elastic_dish_nucleus_matching(overlap-first): IHC=56, DISH=52, matched(1核)=36 (其中重疊=35), drop-out(競爭落敗)=9, 無候選(計入)=11, factor=1.50, min_reach=20.0
2026-07-07 02:46:39,366 - m3_module.m3_dot_detection - INFO - detect_all_dots: 紅點=40, 黑點=74, 涉及細胞=56
2026-07-07 02:46:39,627 - m4_module.cell_crops - INFO - 匯出 18 張 per-cell 影像至 docs/hybrid-pipeline/measurement/runs/large/cell_crops/tile_x2304_y2304/cells
2026-07-07 02:46:39,627 - hybrid_pipeline - INFO - Tile tile_x2304_y2304 完成: 核心擁有 18 細胞 (18 陽性), 2.01 秒
2026-07-07 02:46:39,716 - hybrid_pipeline - INFO - [200/441] 處理 tile: tile_x2304_y3072
2026-07-07 02:46:39,792 - cellpose.transforms - INFO - processing image with (1024, 1024) HW, and 3 channels
2026-07-07 02:46:40,250 - m2_segmentation - INFO - Cellpose 分割完成: 45 個有效細胞
2026-07-07 02:46:40,273 - m3_module.m3_cells_generator - INFO - All-positive 標註完成: 45 個細胞
2026-07-07 02:46:40,312 - m3_module.m3_cells_generator - INFO - enlarge_cell_instances: 45 顆細胞, factor=1.50(面積), 中位半徑=28.4px, 外擴=6.4px
2026-07-07 02:46:40,312 - cellpose.transforms - INFO - processing image with (1024, 1024) HW, and 3 channels
2026-07-07 02:46:40,776 - m3_module.m3_elastic_matching - INFO - elastic_dish_nucleus_matching(overlap-first): IHC=45, DISH=41, matched(1核)=28 (其中重疊=28), drop-out(競爭落敗)=6, 無候選(計入)=11, factor=1.50, min_reach=20.0
2026-07-07 02:46:41,360 - m3_module.m3_dot_detection - INFO - detect_all_dots: 紅點=31, 黑點=62, 涉及細胞=45
2026-07-07 02:46:41,576 - m4_module.cell_crops - INFO - 匯出 20 張 per-cell 影像至 docs/hybrid-pipeline/measurement/runs/large/cell_crops/tile_x2304_y3072/cells
2026-07-07 02:46:41,576 - hybrid_pipeline - INFO - Tile tile_x2304_y3072 完成: 核心擁有 20 細胞 (20 陽性), 1.86 秒
2026-07-07 02:46:41,663 - hybrid_pipeline - INFO - [201/441] 處理 tile: tile_x2304_y3840
2026-07-07 02:46:41,728 - cellpose.transforms - INFO - processing image with (1024, 1024) HW, and 3 channels
2026-07-07 02:46:42,160 - m2_segmentation - INFO - Cellpose 分割完成: 15 個有效細胞
2026-07-07 02:46:42,180 - m3_module.m3_cells_generator - INFO - All-positive 標註完成: 15 個細胞
2026-07-07 02:46:42,215 - m3_module.m3_cells_generator - INFO - enlarge_cell_instances: 15 顆細胞, factor=1.50(面積), 中位半徑=28.0px, 外擴=6.3px
2026-07-07 02:46:42,216 - cellpose.transforms - INFO - processing image with (1024, 1024) HW, and 3 channels
2026-07-07 02:46:42,712 - m3_module.m3_elastic_matching - INFO - elastic_dish_nucleus_matching(overlap-first): IHC=15, DISH=13, matched(1核)=9 (其中重疊=9), drop-out(競爭落敗)=1, 無候選(計入)=5, factor=1.50, min_reach=20.0
2026-07-07 02:46:42,893 - m3_module.m3_dot_detection - INFO - detect_all_dots: 紅點=8, 黑點=16, 涉及細胞=15
2026-07-07 02:46:42,994 - m4_module.cell_crops - INFO - 匯出 3 張 per-cell 影像至 docs/hybrid-pipeline/measurement/runs/large/cell_crops/tile_x2304_y3840/cells
2026-07-07 02:46:42,994 - hybrid_pipeline - INFO - Tile tile_x2304_y3840 完成: 核心擁有 3 細胞 (3 陽性), 1.33 秒
2026-07-07 02:46:43,084 - hybrid_pipeline - INFO - [202/441] 處理 tile: tile_x2304_y4608
2026-07-07 02:46:43,152 - cellpose.transforms - INFO - processing image with (1024, 1024) HW, and 3 channels
2026-07-07 02:46:43,594 - m2_segmentation - INFO - Cellpose 分割完成: 44 個有效細胞
2026-07-07 02:46:43,618 - m3_module.m3_cells_generator - INFO - All-positive 標註完成: 44 個細胞
2026-07-07 02:46:43,659 - m3_module.m3_cells_generator - INFO - enlarge_cell_instances: 44 顆細胞, factor=1.50(面積), 中位半徑=29.8px, 外擴=6.7px
2026-07-07 02:46:43,660 - cellpose.transforms - INFO - processing image with (1024, 1024) HW, and 3 channels
2026-07-07 02:46:44,153 - m3_module.m3_elastic_matching - INFO - elastic_dish_nucleus_matching(overlap-first): IHC=44, DISH=31, matched(1核)=26 (其中重疊=26), drop-out(競爭落敗)=3, 無候選(計入)=15, factor=1.50, min_reach=20.0
2026-07-07 02:46:44,579 - m3_module.m3_dot_detection - INFO - detect_all_dots: 紅點=29, 黑點=45, 涉及細胞=44
2026-07-07 02:46:44,772 - m4_module.cell_crops - INFO - 匯出 36 張 per-cell 影像至 docs/hybrid-pipeline/measurement/runs/large/cell_crops/tile_x2304_y4608/cells
2026-07-07 02:46:44,772 - hybrid_pipeline - INFO - Tile tile_x2304_y4608 完成: 核心擁有 36 細胞 (36 陽性), 1.69 秒
2026-07-07 02:46:44,861 - hybrid_pipeline - INFO - [203/441] 處理 tile: tile_x2304_y5376
2026-07-07 02:46:44,929 - cellpose.transforms - INFO - processing image with (1024, 1024) HW, and 3 channels
2026-07-07 02:46:45,353 - m2_segmentation - INFO - Cellpose 分割完成: 30 個有效細胞
2026-07-07 02:46:45,375 - m3_module.m3_cells_generator - INFO - All-positive 標註完成: 30 個細胞
2026-07-07 02:46:45,413 - m3_module.m3_cells_generator - INFO - enlarge_cell_instances: 30 顆細胞, factor=1.50(面積), 中位半徑=25.2px, 外擴=5.7px
2026-07-07 02:46:45,413 - cellpose.transforms - INFO - processing image with (1024, 1024) HW, and 3 channels
2026-07-07 02:46:45,882 - m3_module.m3_elastic_matching - INFO - elastic_dish_nucleus_matching(overlap-first): IHC=30, DISH=21, matched(1核)=15 (其中重疊=15), drop-out(競爭落敗)=5, 無候選(計入)=10, factor=1.50, min_reach=20.0
2026-07-07 02:46:46,243 - m3_module.m3_dot_detection - INFO - detect_all_dots: 紅點=27, 黑點=44, 涉及細胞=30
2026-07-07 02:46:46,391 - m4_module.cell_crops - INFO - 匯出 4 張 per-cell 影像至 docs/hybrid-pipeline/measurement/runs/large/cell_crops/tile_x2304_y5376/cells
2026-07-07 02:46:46,391 - hybrid_pipeline - INFO - Tile tile_x2304_y5376 完成: 核心擁有 4 細胞 (4 陽性), 1.53 秒
2026-07-07 02:46:46,479 - hybrid_pipeline - INFO - [204/441] 處理 tile: tile_x2304_y6144
2026-07-07 02:46:46,547 - cellpose.transforms - INFO - processing image with (1024, 1024) HW, and 3 channels
2026-07-07 02:46:46,985 - m2_segmentation - INFO - Cellpose 分割完成: 36 個有效細胞
2026-07-07 02:46:47,008 - m3_module.m3_cells_generator - INFO - All-positive 標註完成: 36 個細胞
2026-07-07 02:46:47,049 - m3_module.m3_cells_generator - INFO - enlarge_cell_instances: 36 顆細胞, factor=1.50(面積), 中位半徑=29.8px, 外擴=6.7px
2026-07-07 02:46:47,049 - cellpose.transforms - INFO - processing image with (1024, 1024) HW, and 3 channels
2026-07-07 02:46:47,523 - m3_module.m3_elastic_matching - INFO - elastic_dish_nucleus_matching(overlap-first): IHC=36, DISH=28, matched(1核)=23 (其中重疊=23), drop-out(競爭落敗)=5, 無候選(計入)=8, factor=1.50, min_reach=20.0
2026-07-07 02:46:47,970 - m3_module.m3_dot_detection - INFO - detect_all_dots: 紅點=30, 黑點=59, 涉及細胞=36
2026-07-07 02:46:48,132 - m4_module.cell_crops - INFO - 匯出 12 張 per-cell 影像至 docs/hybrid-pipeline/measurement/runs/large/cell_crops/tile_x2304_y6144/cells
2026-07-07 02:46:48,133 - hybrid_pipeline - INFO - Tile tile_x2304_y6144 完成: 核心擁有 12 細胞 (12 陽性), 1.65 秒
2026-07-07 02:46:48,221 - hybrid_pipeline - INFO - [205/441] 處理 tile: tile_x2304_y6912
2026-07-07 02:46:48,289 - cellpose.transforms - INFO - processing image with (1024, 1024) HW, and 3 channels
2026-07-07 02:46:48,764 - m2_segmentation - INFO - Cellpose 分割完成: 76 個有效細胞
2026-07-07 02:46:48,792 - m3_module.m3_cells_generator - INFO - All-positive 標註完成: 76 個細胞
2026-07-07 02:46:48,840 - m3_module.m3_cells_generator - INFO - enlarge_cell_instances: 76 顆細胞, factor=1.50(面積), 中位半徑=31.5px, 外擴=7.1px
2026-07-07 02:46:48,840 - cellpose.transforms - INFO - processing image with (1024, 1024) HW, and 3 channels
2026-07-07 02:46:49,314 - m3_module.m3_elastic_matching - INFO - elastic_dish_nucleus_matching(overlap-first): IHC=76, DISH=72, matched(1核)=55 (其中重疊=55), drop-out(競爭落敗)=14, 無候選(計入)=7, factor=1.50, min_reach=20.0
2026-07-07 02:46:50,297 - m3_module.m3_dot_detection - INFO - detect_all_dots: 紅點=66, 黑點=114, 涉及細胞=76
2026-07-07 02:46:50,577 - m4_module.cell_crops - INFO - 匯出 54 張 per-cell 影像至 docs/hybrid-pipeline/measurement/runs/large/cell_crops/tile_x2304_y6912/cells
2026-07-07 02:46:50,577 - hybrid_pipeline - INFO - Tile tile_x2304_y6912 完成: 核心擁有 54 細胞 (54 陽性), 2.36 秒
2026-07-07 02:46:50,668 - hybrid_pipeline - INFO - [206/441] 處理 tile: tile_x2304_y768
2026-07-07 02:46:50,737 - cellpose.transforms - INFO - processing image with (1024, 1024) HW, and 3 channels
2026-07-07 02:46:51,175 - m2_segmentation - INFO - Cellpose 分割完成: 52 個有效細胞
2026-07-07 02:46:51,199 - m3_module.m3_cells_generator - INFO - All-positive 標註完成: 52 個細胞
2026-07-07 02:46:51,243 - m3_module.m3_cells_generator - INFO - enlarge_cell_instances: 52 顆細胞, factor=1.50(面積), 中位半徑=23.7px, 外擴=5.3px
2026-07-07 02:46:51,243 - cellpose.transforms - INFO - processing image with (1024, 1024) HW, and 3 channels
2026-07-07 02:46:51,712 - m3_module.m3_elastic_matching - INFO - elastic_dish_nucleus_matching(overlap-first): IHC=52, DISH=48, matched(1核)=34 (其中重疊=34), drop-out(競爭落敗)=7, 無候選(計入)=11, factor=1.50, min_reach=20.0
2026-07-07 02:46:52,275 - m3_module.m3_dot_detection - INFO - detect_all_dots: 紅點=34, 黑點=71, 涉及細胞=52
2026-07-07 02:46:52,478 - m4_module.cell_crops - INFO - 匯出 30 張 per-cell 影像至 docs/hybrid-pipeline/measurement/runs/large/cell_crops/tile_x2304_y768/cells
2026-07-07 02:46:52,478 - hybrid_pipeline - INFO - Tile tile_x2304_y768 完成: 核心擁有 30 細胞 (30 陽性), 1.81 秒
2026-07-07 02:46:52,568 - hybrid_pipeline - INFO - [207/441] 處理 tile: tile_x2304_y7680
2026-07-07 02:46:52,640 - cellpose.transforms - INFO - processing image with (1024, 1024) HW, and 3 channels
2026-07-07 02:46:53,078 - m2_segmentation - INFO - Cellpose 分割完成: 37 個有效細胞
2026-07-07 02:46:53,101 - m3_module.m3_cells_generator - INFO - All-positive 標註完成: 37 個細胞
2026-07-07 02:46:53,146 - m3_module.m3_cells_generator - INFO - enlarge_cell_instances: 37 顆細胞, factor=1.50(面積), 中位半徑=34.9px, 外擴=7.8px
2026-07-07 02:46:53,146 - cellpose.transforms - INFO - processing image with (1024, 1024) HW, and 3 channels
2026-07-07 02:46:53,621 - m3_module.m3_elastic_matching - INFO - elastic_dish_nucleus_matching(overlap-first): IHC=37, DISH=38, matched(1核)=28 (其中重疊=28), drop-out(競爭落敗)=4, 無候選(計入)=5, factor=1.50, min_reach=20.0
2026-07-07 02:46:54,058 - m3_module.m3_dot_detection - INFO - detect_all_dots: 紅點=38, 黑點=56, 涉及細胞=37
2026-07-07 02:46:54,222 - m4_module.cell_crops - INFO - 匯出 15 張 per-cell 影像至 docs/hybrid-pipeline/measurement/runs/large/cell_crops/tile_x2304_y7680/cells
2026-07-07 02:46:54,222 - hybrid_pipeline - INFO - Tile tile_x2304_y7680 完成: 核心擁有 15 細胞 (15 陽性), 1.65 秒
2026-07-07 02:46:54,309 - hybrid_pipeline - INFO - [208/441] 處理 tile: tile_x2304_y8448
2026-07-07 02:46:54,377 - cellpose.transforms - INFO - processing image with (1024, 1024) HW, and 3 channels
2026-07-07 02:46:54,807 - m2_segmentation - INFO - Cellpose 分割完成: 28 個有效細胞
2026-07-07 02:46:54,830 - m3_module.m3_cells_generator - INFO - All-positive 標註完成: 28 個細胞
2026-07-07 02:46:54,868 - m3_module.m3_cells_generator - INFO - enlarge_cell_instances: 28 顆細胞, factor=1.50(面積), 中位半徑=32.0px, 外擴=7.2px
2026-07-07 02:46:54,869 - cellpose.transforms - INFO - processing image with (1024, 1024) HW, and 3 channels
2026-07-07 02:46:55,341 - m3_module.m3_elastic_matching - INFO - elastic_dish_nucleus_matching(overlap-first): IHC=28, DISH=22, matched(1核)=15 (其中重疊=15), drop-out(競爭落敗)=2, 無候選(計入)=11, factor=1.50, min_reach=20.0
2026-07-07 02:46:55,596 - m3_module.m3_dot_detection - INFO - detect_all_dots: 紅點=15, 黑點=24, 涉及細胞=28
2026-07-07 02:46:55,742 - m4_module.cell_crops - INFO - 匯出 21 張 per-cell 影像至 docs/hybrid-pipeline/measurement/runs/large/cell_crops/tile_x2304_y8448/cells
2026-07-07 02:46:55,742 - hybrid_pipeline - INFO - Tile tile_x2304_y8448 完成: 核心擁有 21 細胞 (21 陽性), 1.43 秒
2026-07-07 02:46:55,830 - hybrid_pipeline - INFO - [209/441] 處理 tile: tile_x2304_y9216
2026-07-07 02:46:55,892 - cellpose.transforms - INFO - processing image with (1024, 1024) HW, and 3 channels
2026-07-07 02:46:56,330 - m2_segmentation - INFO - Cellpose 分割完成: 57 個有效細胞
2026-07-07 02:46:56,356 - m3_module.m3_cells_generator - INFO - All-positive 標註完成: 57 個細胞
2026-07-07 02:46:56,404 - m3_module.m3_cells_generator - INFO - enlarge_cell_instances: 57 顆細胞, factor=1.50(面積), 中位半徑=30.9px, 外擴=6.9px
2026-07-07 02:46:56,404 - cellpose.transforms - INFO - processing image with (1024, 1024) HW, and 3 channels
2026-07-07 02:46:56,871 - m3_module.m3_elastic_matching - INFO - elastic_dish_nucleus_matching(overlap-first): IHC=57, DISH=33, matched(1核)=27 (其中重疊=27), drop-out(競爭落敗)=13, 無候選(計入)=17, factor=1.50, min_reach=20.0
2026-07-07 02:46:57,393 - m3_module.m3_dot_detection - INFO - detect_all_dots: 紅點=33, 黑點=58, 涉及細胞=57
2026-07-07 02:46:57,578 - m4_module.cell_crops - INFO - 匯出 19 張 per-cell 影像至 docs/hybrid-pipeline/measurement/runs/large/cell_crops/tile_x2304_y9216/cells
2026-07-07 02:46:57,578 - hybrid_pipeline - INFO - Tile tile_x2304_y9216 完成: 核心擁有 19 細胞 (19 陽性), 1.75 秒
2026-07-07 02:46:57,667 - hybrid_pipeline - INFO - [210/441] 處理 tile: tile_x2304_y9984
2026-07-07 02:46:57,733 - cellpose.transforms - INFO - processing image with (1024, 1024) HW, and 3 channels
2026-07-07 02:46:58,211 - m2_segmentation - INFO - Cellpose 分割完成: 96 個有效細胞
2026-07-07 02:46:58,241 - m3_module.m3_cells_generator - INFO - All-positive 標註完成: 96 個細胞
2026-07-07 02:46:58,293 - m3_module.m3_cells_generator - INFO - enlarge_cell_instances: 96 顆細胞, factor=1.50(面積), 中位半徑=30.0px, 外擴=6.7px
2026-07-07 02:46:58,293 - cellpose.transforms - INFO - processing image with (1024, 1024) HW, and 3 channels
2026-07-07 02:46:58,768 - m3_module.m3_elastic_matching - INFO - elastic_dish_nucleus_matching(overlap-first): IHC=96, DISH=60, matched(1核)=51 (其中重疊=51), drop-out(競爭落敗)=25, 無候選(計入)=20, factor=1.50, min_reach=20.0
2026-07-07 02:46:59,507 - m3_module.m3_dot_detection - INFO - detect_all_dots: 紅點=55, 黑點=86, 涉及細胞=96
2026-07-07 02:46:59,837 - m4_module.cell_crops - INFO - 匯出 51 張 per-cell 影像至 docs/hybrid-pipeline/measurement/runs/large/cell_crops/tile_x2304_y9984/cells
2026-07-07 02:46:59,837 - hybrid_pipeline - INFO - Tile tile_x2304_y9984 完成: 核心擁有 51 細胞 (51 陽性), 2.17 秒
2026-07-07 02:46:59,924 - hybrid_pipeline - INFO - [211/441] 處理 tile: tile_x3072_y0
2026-07-07 02:46:59,994 - cellpose.transforms - INFO - processing image with (1024, 1024) HW, and 3 channels
2026-07-07 02:47:00,424 - m2_segmentation - INFO - Cellpose 分割完成: 59 個有效細胞
2026-07-07 02:47:00,450 - m3_module.m3_cells_generator - INFO - All-positive 標註完成: 57 個細胞
2026-07-07 02:47:00,494 - m3_module.m3_cells_generator - INFO - enlarge_cell_instances: 57 顆細胞, factor=1.50(面積), 中位半徑=19.6px, 外擴=4.4px
2026-07-07 02:47:00,494 - cellpose.transforms - INFO - processing image with (1024, 1024) HW, and 3 channels
2026-07-07 02:47:00,961 - m3_module.m3_elastic_matching - INFO - elastic_dish_nucleus_matching(overlap-first): IHC=57, DISH=50, matched(1核)=30 (其中重疊=30), drop-out(競爭落敗)=6, 無候選(計入)=21, factor=1.50, min_reach=20.0
2026-07-07 02:47:01,581 - m3_module.m3_dot_detection - INFO - detect_all_dots: 紅點=46, 黑點=80, 涉及細胞=57
2026-07-07 02:47:01,808 - m4_module.cell_crops - INFO - 匯出 35 張 per-cell 影像至 docs/hybrid-pipeline/measurement/runs/large/cell_crops/tile_x3072_y0/cells
2026-07-07 02:47:01,808 - hybrid_pipeline - INFO - Tile tile_x3072_y0 完成: 核心擁有 35 細胞 (35 陽性), 1.88 秒
2026-07-07 02:47:01,895 - hybrid_pipeline - INFO - [212/441] 處理 tile: tile_x3072_y10752
2026-07-07 02:47:01,959 - cellpose.transforms - INFO - processing image with (1024, 1024) HW, and 3 channels
2026-07-07 02:47:02,401 - m2_segmentation - INFO - Cellpose 分割完成: 42 個有效細胞
2026-07-07 02:47:02,424 - m3_module.m3_cells_generator - INFO - All-positive 標註完成: 42 個細胞
2026-07-07 02:47:02,469 - m3_module.m3_cells_generator - INFO - enlarge_cell_instances: 42 顆細胞, factor=1.50(面積), 中位半徑=32.0px, 外擴=7.2px
2026-07-07 02:47:02,469 - cellpose.transforms - INFO - processing image with (1024, 1024) HW, and 3 channels
2026-07-07 02:47:02,955 - m3_module.m3_elastic_matching - INFO - elastic_dish_nucleus_matching(overlap-first): IHC=42, DISH=39, matched(1核)=27 (其中重疊=27), drop-out(競爭落敗)=8, 無候選(計入)=7, factor=1.50, min_reach=20.0
2026-07-07 02:47:03,525 - m3_module.m3_dot_detection - INFO - detect_all_dots: 紅點=28, 黑點=61, 涉及細胞=42
2026-07-07 02:47:03,741 - m4_module.cell_crops - INFO - 匯出 30 張 per-cell 影像至 docs/hybrid-pipeline/measurement/runs/large/cell_crops/tile_x3072_y10752/cells
2026-07-07 02:47:03,741 - hybrid_pipeline - INFO - Tile tile_x3072_y10752 完成: 核心擁有 30 細胞 (30 陽性), 1.85 秒
2026-07-07 02:47:03,830 - hybrid_pipeline - INFO - [213/441] 處理 tile: tile_x3072_y11520
2026-07-07 02:47:03,892 - cellpose.transforms - INFO - processing image with (1024, 1024) HW, and 3 channels
2026-07-07 02:47:04,367 - m2_segmentation - INFO - Cellpose 分割完成: 121 個有效細胞
2026-07-07 02:47:04,400 - m3_module.m3_cells_generator - INFO - All-positive 標註完成: 121 個細胞
2026-07-07 02:47:04,455 - m3_module.m3_cells_generator - INFO - enlarge_cell_instances: 121 顆細胞, factor=1.50(面積), 中位半徑=30.0px, 外擴=6.8px
2026-07-07 02:47:04,455 - cellpose.transforms - INFO - processing image with (1024, 1024) HW, and 3 channels
2026-07-07 02:47:04,937 - m3_module.m3_elastic_matching - INFO - elastic_dish_nucleus_matching(overlap-first): IHC=121, DISH=66, matched(1核)=59 (其中重疊=59), drop-out(競爭落敗)=30, 無候選(計入)=32, factor=1.50, min_reach=20.0
2026-07-07 02:47:06,088 - m3_module.m3_dot_detection - INFO - detect_all_dots: 紅點=74, 黑點=143, 涉及細胞=121
2026-07-07 02:47:06,397 - m4_module.cell_crops - INFO - 匯出 61 張 per-cell 影像至 docs/hybrid-pipeline/measurement/runs/large/cell_crops/tile_x3072_y11520/cells
2026-07-07 02:47:06,397 - hybrid_pipeline - INFO - Tile tile_x3072_y11520 完成: 核心擁有 61 細胞 (61 陽性), 2.57 秒
2026-07-07 02:47:06,484 - hybrid_pipeline - INFO - [214/441] 處理 tile: tile_x3072_y12288
2026-07-07 02:47:06,552 - cellpose.transforms - INFO - processing image with (1024, 1024) HW, and 3 channels
2026-07-07 02:47:07,173 - m2_segmentation - INFO - Cellpose 分割完成: 168 個有效細胞
2026-07-07 02:47:07,214 - m3_module.m3_cells_generator - INFO - All-positive 標註完成: 168 個細胞
2026-07-07 02:47:07,272 - m3_module.m3_cells_generator - INFO - enlarge_cell_instances: 168 顆細胞, factor=1.50(面積), 中位半徑=29.5px, 外擴=6.6px
2026-07-07 02:47:07,272 - cellpose.transforms - INFO - processing image with (1024, 1024) HW, and 3 channels
2026-07-07 02:47:07,757 - m3_module.m3_elastic_matching - INFO - elastic_dish_nucleus_matching(overlap-first): IHC=168, DISH=103, matched(1核)=94 (其中重疊=94), drop-out(競爭落敗)=35, 無候選(計入)=39, factor=1.50, min_reach=20.0
2026-07-07 02:47:09,327 - m3_module.m3_dot_detection - INFO - detect_all_dots: 紅點=107, 黑點=183, 涉及細胞=168
2026-07-07 02:47:09,782 - m4_module.cell_crops - INFO - 匯出 88 張 per-cell 影像至 docs/hybrid-pipeline/measurement/runs/large/cell_crops/tile_x3072_y12288/cells
2026-07-07 02:47:09,782 - hybrid_pipeline - INFO - Tile tile_x3072_y12288 完成: 核心擁有 88 細胞 (88 陽性), 3.30 秒
2026-07-07 02:47:09,869 - hybrid_pipeline - INFO - [215/441] 處理 tile: tile_x3072_y13056
2026-07-07 02:47:09,934 - cellpose.transforms - INFO - processing image with (1024, 1024) HW, and 3 channels
2026-07-07 02:47:10,458 - m2_segmentation - INFO - Cellpose 分割完成: 149 個有效細胞
2026-07-07 02:47:10,496 - m3_module.m3_cells_generator - INFO - All-positive 標註完成: 149 個細胞
2026-07-07 02:47:10,551 - m3_module.m3_cells_generator - INFO - enlarge_cell_instances: 149 顆細胞, factor=1.50(面積), 中位半徑=29.5px, 外擴=6.6px
2026-07-07 02:47:10,551 - cellpose.transforms - INFO - processing image with (1024, 1024) HW, and 3 channels
2026-07-07 02:47:11,041 - m3_module.m3_elastic_matching - INFO - elastic_dish_nucleus_matching(overlap-first): IHC=149, DISH=85, matched(1核)=79 (其中重疊=79), drop-out(競爭落敗)=40, 無候選(計入)=30, factor=1.50, min_reach=20.0
2026-07-07 02:47:12,351 - m3_module.m3_dot_detection - INFO - detect_all_dots: 紅點=84, 黑點=142, 涉及細胞=149
2026-07-07 02:47:12,730 - m4_module.cell_crops - INFO - 匯出 89 張 per-cell 影像至 docs/hybrid-pipeline/measurement/runs/large/cell_crops/tile_x3072_y13056/cells
2026-07-07 02:47:12,730 - hybrid_pipeline - INFO - Tile tile_x3072_y13056 完成: 核心擁有 89 細胞 (89 陽性), 2.86 秒
2026-07-07 02:47:12,821 - hybrid_pipeline - INFO - [216/441] 處理 tile: tile_x3072_y13824
2026-07-07 02:47:12,886 - cellpose.transforms - INFO - processing image with (1024, 1024) HW, and 3 channels
2026-07-07 02:47:13,332 - m2_segmentation - INFO - Cellpose 分割完成: 76 個有效細胞
2026-07-07 02:47:13,359 - m3_module.m3_cells_generator - INFO - All-positive 標註完成: 76 個細胞
2026-07-07 02:47:13,400 - m3_module.m3_cells_generator - INFO - enlarge_cell_instances: 76 顆細胞, factor=1.50(面積), 中位半徑=27.8px, 外擴=6.3px
2026-07-07 02:47:13,400 - cellpose.transforms - INFO - processing image with (1024, 1024) HW, and 3 channels
2026-07-07 02:47:13,869 - m3_module.m3_elastic_matching - INFO - elastic_dish_nucleus_matching(overlap-first): IHC=76, DISH=47, matched(1核)=39 (其中重疊=38), drop-out(競爭落敗)=23, 無候選(計入)=14, factor=1.50, min_reach=20.0
2026-07-07 02:47:14,573 - m3_module.m3_dot_detection - INFO - detect_all_dots: 紅點=49, 黑點=79, 涉及細胞=76
2026-07-07 02:47:14,784 - m4_module.cell_crops - INFO - 匯出 35 張 per-cell 影像至 docs/hybrid-pipeline/measurement/runs/large/cell_crops/tile_x3072_y13824/cells
2026-07-07 02:47:14,784 - hybrid_pipeline - INFO - Tile tile_x3072_y13824 完成: 核心擁有 35 細胞 (35 陽性), 1.96 秒
2026-07-07 02:47:14,874 - hybrid_pipeline - INFO - [217/441] 處理 tile: tile_x3072_y14592
2026-07-07 02:47:14,939 - cellpose.transforms - INFO - processing image with (1024, 1024) HW, and 3 channels
2026-07-07 02:47:15,369 - m2_segmentation - INFO - Cellpose 分割完成: 20 個有效細胞
2026-07-07 02:47:15,389 - m3_module.m3_cells_generator - INFO - All-positive 標註完成: 20 個細胞
2026-07-07 02:47:15,419 - m3_module.m3_cells_generator - INFO - enlarge_cell_instances: 20 顆細胞, factor=1.50(面積), 中位半徑=31.5px, 外擴=7.1px
2026-07-07 02:47:15,420 - cellpose.transforms - INFO - processing image with (1024, 1024) HW, and 3 channels
2026-07-07 02:47:15,885 - m3_module.m3_elastic_matching - INFO - elastic_dish_nucleus_matching(overlap-first): IHC=20, DISH=17, matched(1核)=14 (其中重疊=14), drop-out(競爭落敗)=2, 無候選(計入)=4, factor=1.50, min_reach=20.0
2026-07-07 02:47:16,190 - m3_module.m3_dot_detection - INFO - detect_all_dots: 紅點=21, 黑點=32, 涉及細胞=20
2026-07-07 02:47:16,317 - m4_module.cell_crops - INFO - 匯出 6 張 per-cell 影像至 docs/hybrid-pipeline/measurement/runs/large/cell_crops/tile_x3072_y14592/cells
2026-07-07 02:47:16,317 - hybrid_pipeline - INFO - Tile tile_x3072_y14592 完成: 核心擁有 6 細胞 (6 陽性), 1.44 秒
2026-07-07 02:47:16,403 - hybrid_pipeline - INFO - [218/441] 處理 tile: tile_x3072_y1536
2026-07-07 02:47:16,476 - cellpose.transforms - INFO - processing image with (1024, 1024) HW, and 3 channels
2026-07-07 02:47:16,926 - m2_segmentation - INFO - Cellpose 分割完成: 76 個有效細胞
2026-07-07 02:47:16,954 - m3_module.m3_cells_generator - INFO - All-positive 標註完成: 76 個細胞
2026-07-07 02:47:16,997 - m3_module.m3_cells_generator - INFO - enlarge_cell_instances: 76 顆細胞, factor=1.50(面積), 中位半徑=21.1px, 外擴=4.8px
2026-07-07 02:47:16,997 - cellpose.transforms - INFO - processing image with (1024, 1024) HW, and 3 channels
2026-07-07 02:47:17,479 - m3_module.m3_elastic_matching - INFO - elastic_dish_nucleus_matching(overlap-first): IHC=76, DISH=88, matched(1核)=51 (其中重疊=51), drop-out(競爭落敗)=8, 無候選(計入)=17, factor=1.50, min_reach=20.0
2026-07-07 02:47:18,523 - m3_module.m3_dot_detection - INFO - detect_all_dots: 紅點=57, 黑點=121, 涉及細胞=76
2026-07-07 02:47:18,823 - m4_module.cell_crops - INFO - 匯出 46 張 per-cell 影像至 docs/hybrid-pipeline/measurement/runs/large/cell_crops/tile_x3072_y1536/cells
2026-07-07 02:47:18,823 - hybrid_pipeline - INFO - Tile tile_x3072_y1536 完成: 核心擁有 46 細胞 (46 陽性), 2.42 秒
2026-07-07 02:47:18,913 - hybrid_pipeline - INFO - [219/441] 處理 tile: tile_x3072_y15360
2026-07-07 02:47:18,981 - cellpose.transforms - INFO - processing image with (1024, 1024) HW, and 3 channels
2026-07-07 02:47:19,399 - m2_segmentation - INFO - Cellpose 分割完成: 7 個有效細胞
2026-07-07 02:47:19,417 - m3_module.m3_cells_generator - INFO - All-positive 標註完成: 7 個細胞
2026-07-07 02:47:19,445 - m3_module.m3_cells_generator - INFO - enlarge_cell_instances: 7 顆細胞, factor=1.50(面積), 中位半徑=36.2px, 外擴=8.1px
2026-07-07 02:47:19,445 - cellpose.transforms - INFO - processing image with (1024, 1024) HW, and 3 channels
2026-07-07 02:47:19,918 - m3_module.m3_elastic_matching - INFO - elastic_dish_nucleus_matching(overlap-first): IHC=7, DISH=3, matched(1核)=1 (其中重疊=1), drop-out(競爭落敗)=1, 無候選(計入)=5, factor=1.50, min_reach=20.0
2026-07-07 02:47:20,033 - m3_module.m3_dot_detection - INFO - detect_all_dots: 紅點=5, 黑點=7, 涉及細胞=7
2026-07-07 02:47:20,113 - m4_module.cell_crops - INFO - 匯出 6 張 per-cell 影像至 docs/hybrid-pipeline/measurement/runs/large/cell_crops/tile_x3072_y15360/cells
2026-07-07 02:47:20,113 - hybrid_pipeline - INFO - Tile tile_x3072_y15360 完成: 核心擁有 6 細胞 (6 陽性), 1.20 秒
2026-07-07 02:47:20,199 - hybrid_pipeline - INFO - [220/441] 處理 tile: tile_x3072_y2304
2026-07-07 02:47:20,263 - cellpose.transforms - INFO - processing image with (1024, 1024) HW, and 3 channels
2026-07-07 02:47:20,710 - m2_segmentation - INFO - Cellpose 分割完成: 48 個有效細胞
2026-07-07 02:47:20,734 - m3_module.m3_cells_generator - INFO - All-positive 標註完成: 48 個細胞
2026-07-07 02:47:20,775 - m3_module.m3_cells_generator - INFO - enlarge_cell_instances: 48 顆細胞, factor=1.50(面積), 中位半徑=25.5px, 外擴=5.7px
2026-07-07 02:47:20,776 - cellpose.transforms - INFO - processing image with (1024, 1024) HW, and 3 channels
2026-07-07 02:47:21,247 - m3_module.m3_elastic_matching - INFO - elastic_dish_nucleus_matching(overlap-first): IHC=48, DISH=46, matched(1核)=30 (其中重疊=30), drop-out(競爭落敗)=9, 無候選(計入)=9, factor=1.50, min_reach=20.0
2026-07-07 02:47:21,834 - m3_module.m3_dot_detection - INFO - detect_all_dots: 紅點=37, 黑點=70, 涉及細胞=48
2026-07-07 02:47:22,043 - m4_module.cell_crops - INFO - 匯出 29 張 per-cell 影像至 docs/hybrid-pipeline/measurement/runs/large/cell_crops/tile_x3072_y2304/cells
2026-07-07 02:47:22,043 - hybrid_pipeline - INFO - Tile tile_x3072_y2304 完成: 核心擁有 29 細胞 (29 陽性), 1.84 秒
2026-07-07 02:47:22,133 - hybrid_pipeline - INFO - [221/441] 處理 tile: tile_x3072_y3072
2026-07-07 02:47:22,199 - cellpose.transforms - INFO - processing image with (1024, 1024) HW, and 3 channels
2026-07-07 02:47:22,654 - m2_segmentation - INFO - Cellpose 分割完成: 70 個有效細胞
2026-07-07 02:47:22,681 - m3_module.m3_cells_generator - INFO - All-positive 標註完成: 70 個細胞
2026-07-07 02:47:22,726 - m3_module.m3_cells_generator - INFO - enlarge_cell_instances: 70 顆細胞, factor=1.50(面積), 中位半徑=29.3px, 外擴=6.6px
2026-07-07 02:47:22,726 - cellpose.transforms - INFO - processing image with (1024, 1024) HW, and 3 channels
2026-07-07 02:47:23,203 - m3_module.m3_elastic_matching - INFO - elastic_dish_nucleus_matching(overlap-first): IHC=70, DISH=53, matched(1核)=39 (其中重疊=39), drop-out(競爭落敗)=16, 無候選(計入)=15, factor=1.50, min_reach=20.0
2026-07-07 02:47:23,950 - m3_module.m3_dot_detection - INFO - detect_all_dots: 紅點=49, 黑點=99, 涉及細胞=70
2026-07-07 02:47:24,190 - m4_module.cell_crops - INFO - 匯出 53 張 per-cell 影像至 docs/hybrid-pipeline/measurement/runs/large/cell_crops/tile_x3072_y3072/cells
2026-07-07 02:47:24,190 - hybrid_pipeline - INFO - Tile tile_x3072_y3072 完成: 核心擁有 53 細胞 (53 陽性), 2.06 秒
2026-07-07 02:47:24,280 - hybrid_pipeline - INFO - [222/441] 處理 tile: tile_x3072_y3840
2026-07-07 02:47:24,346 - cellpose.transforms - INFO - processing image with (1024, 1024) HW, and 3 channels
2026-07-07 02:47:24,803 - m2_segmentation - INFO - Cellpose 分割完成: 78 個有效細胞
2026-07-07 02:47:24,832 - m3_module.m3_cells_generator - INFO - All-positive 標註完成: 78 個細胞
2026-07-07 02:47:24,879 - m3_module.m3_cells_generator - INFO - enlarge_cell_instances: 78 顆細胞, factor=1.50(面積), 中位半徑=28.9px, 外擴=6.5px
2026-07-07 02:47:24,879 - cellpose.transforms - INFO - processing image with (1024, 1024) HW, and 3 channels
2026-07-07 02:47:25,353 - m3_module.m3_elastic_matching - INFO - elastic_dish_nucleus_matching(overlap-first): IHC=78, DISH=54, matched(1核)=47 (其中重疊=47), drop-out(競爭落敗)=15, 無候選(計入)=16, factor=1.50, min_reach=20.0
2026-07-07 02:47:26,239 - m3_module.m3_dot_detection - INFO - detect_all_dots: 紅點=63, 黑點=120, 涉及細胞=78
2026-07-07 02:47:26,507 - m4_module.cell_crops - INFO - 匯出 53 張 per-cell 影像至 docs/hybrid-pipeline/measurement/runs/large/cell_crops/tile_x3072_y3840/cells
2026-07-07 02:47:26,508 - hybrid_pipeline - INFO - Tile tile_x3072_y3840 完成: 核心擁有 53 細胞 (53 陽性), 2.23 秒
2026-07-07 02:47:26,601 - hybrid_pipeline - INFO - [223/441] 處理 tile: tile_x3072_y4608
2026-07-07 02:47:26,668 - cellpose.transforms - INFO - processing image with (1024, 1024) HW, and 3 channels
2026-07-07 02:47:27,127 - m2_segmentation - INFO - Cellpose 分割完成: 51 個有效細胞
2026-07-07 02:47:27,151 - m3_module.m3_cells_generator - INFO - All-positive 標註完成: 51 個細胞
2026-07-07 02:47:27,191 - m3_module.m3_cells_generator - INFO - enlarge_cell_instances: 51 顆細胞, factor=1.50(面積), 中位半徑=28.7px, 外擴=6.5px
2026-07-07 02:47:27,191 - cellpose.transforms - INFO - processing image with (1024, 1024) HW, and 3 channels
2026-07-07 02:47:27,665 - m3_module.m3_elastic_matching - INFO - elastic_dish_nucleus_matching(overlap-first): IHC=51, DISH=41, matched(1核)=32 (其中重疊=32), drop-out(競爭落敗)=10, 無候選(計入)=9, factor=1.50, min_reach=20.0
2026-07-07 02:47:28,247 - m3_module.m3_dot_detection - INFO - detect_all_dots: 紅點=35, 黑點=79, 涉及細胞=51
2026-07-07 02:47:28,429 - m4_module.cell_crops - INFO - 匯出 26 張 per-cell 影像至 docs/hybrid-pipeline/measurement/runs/large/cell_crops/tile_x3072_y4608/cells
2026-07-07 02:47:28,429 - hybrid_pipeline - INFO - Tile tile_x3072_y4608 完成: 核心擁有 26 細胞 (26 陽性), 1.83 秒
2026-07-07 02:47:28,519 - hybrid_pipeline - INFO - [224/441] 處理 tile: tile_x3072_y5376
2026-07-07 02:47:28,590 - cellpose.transforms - INFO - processing image with (1024, 1024) HW, and 3 channels
2026-07-07 02:47:29,031 - m2_segmentation - INFO - Cellpose 分割完成: 46 個有效細胞
2026-07-07 02:47:29,054 - m3_module.m3_cells_generator - INFO - All-positive 標註完成: 46 個細胞
2026-07-07 02:47:29,100 - m3_module.m3_cells_generator - INFO - enlarge_cell_instances: 46 顆細胞, factor=1.50(面積), 中位半徑=25.7px, 外擴=5.8px
2026-07-07 02:47:29,100 - cellpose.transforms - INFO - processing image with (1024, 1024) HW, and 3 channels
2026-07-07 02:47:29,562 - m3_module.m3_elastic_matching - INFO - elastic_dish_nucleus_matching(overlap-first): IHC=46, DISH=26, matched(1核)=20 (其中重疊=20), drop-out(競爭落敗)=11, 無候選(計入)=15, factor=1.50, min_reach=20.0
2026-07-07 02:47:29,984 - m3_module.m3_dot_detection - INFO - detect_all_dots: 紅點=22, 黑點=49, 涉及細胞=46
2026-07-07 02:47:30,148 - m4_module.cell_crops - INFO - 匯出 11 張 per-cell 影像至 docs/hybrid-pipeline/measurement/runs/large/cell_crops/tile_x3072_y5376/cells
2026-07-07 02:47:30,148 - hybrid_pipeline - INFO - Tile tile_x3072_y5376 完成: 核心擁有 11 細胞 (11 陽性), 1.63 秒
2026-07-07 02:47:30,238 - hybrid_pipeline - INFO - [225/441] 處理 tile: tile_x3072_y6144
2026-07-07 02:47:30,306 - cellpose.transforms - INFO - processing image with (1024, 1024) HW, and 3 channels
2026-07-07 02:47:30,768 - m2_segmentation - INFO - Cellpose 分割完成: 74 個有效細胞
2026-07-07 02:47:30,796 - m3_module.m3_cells_generator - INFO - All-positive 標註完成: 74 個細胞
2026-07-07 02:47:30,841 - m3_module.m3_cells_generator - INFO - enlarge_cell_instances: 74 顆細胞, factor=1.50(面積), 中位半徑=30.0px, 外擴=6.8px
2026-07-07 02:47:30,842 - cellpose.transforms - INFO - processing image with (1024, 1024) HW, and 3 channels
2026-07-07 02:47:31,308 - m3_module.m3_elastic_matching - INFO - elastic_dish_nucleus_matching(overlap-first): IHC=74, DISH=48, matched(1核)=42 (其中重疊=41), drop-out(競爭落敗)=13, 無候選(計入)=19, factor=1.50, min_reach=20.0
2026-07-07 02:47:31,973 - m3_module.m3_dot_detection - INFO - detect_all_dots: 紅點=47, 黑點=83, 涉及細胞=74
2026-07-07 02:47:32,247 - m4_module.cell_crops - INFO - 匯出 55 張 per-cell 影像至 docs/hybrid-pipeline/measurement/runs/large/cell_crops/tile_x3072_y6144/cells
2026-07-07 02:47:32,247 - hybrid_pipeline - INFO - Tile tile_x3072_y6144 完成: 核心擁有 55 細胞 (55 陽性), 2.01 秒
2026-07-07 02:47:32,334 - hybrid_pipeline - INFO - [226/441] 處理 tile: tile_x3072_y6912
2026-07-07 02:47:32,399 - cellpose.transforms - INFO - processing image with (1024, 1024) HW, and 3 channels
2026-07-07 02:47:32,836 - m2_segmentation - INFO - Cellpose 分割完成: 40 個有效細胞
2026-07-07 02:47:32,859 - m3_module.m3_cells_generator - INFO - All-positive 標註完成: 40 個細胞
2026-07-07 02:47:32,902 - m3_module.m3_cells_generator - INFO - enlarge_cell_instances: 40 顆細胞, factor=1.50(面積), 中位半徑=29.4px, 外擴=6.6px
2026-07-07 02:47:32,902 - cellpose.transforms - INFO - processing image with (1024, 1024) HW, and 3 channels
2026-07-07 02:47:33,374 - m3_module.m3_elastic_matching - INFO - elastic_dish_nucleus_matching(overlap-first): IHC=40, DISH=36, matched(1核)=24 (其中重疊=24), drop-out(競爭落敗)=3, 無候選(計入)=13, factor=1.50, min_reach=20.0
2026-07-07 02:47:33,929 - m3_module.m3_dot_detection - INFO - detect_all_dots: 紅點=34, 黑點=57, 涉及細胞=40
2026-07-07 02:47:34,134 - m4_module.cell_crops - INFO - 匯出 15 張 per-cell 影像至 docs/hybrid-pipeline/measurement/runs/large/cell_crops/tile_x3072_y6912/cells
2026-07-07 02:47:34,134 - hybrid_pipeline - INFO - Tile tile_x3072_y6912 完成: 核心擁有 15 細胞 (15 陽性), 1.80 秒
2026-07-07 02:47:34,222 - hybrid_pipeline - INFO - [227/441] 處理 tile: tile_x3072_y768
2026-07-07 02:47:34,291 - cellpose.transforms - INFO - processing image with (1024, 1024) HW, and 3 channels
2026-07-07 02:47:34,742 - m2_segmentation - INFO - Cellpose 分割完成: 71 個有效細胞
2026-07-07 02:47:34,770 - m3_module.m3_cells_generator - INFO - All-positive 標註完成: 71 個細胞
2026-07-07 02:47:34,820 - m3_module.m3_cells_generator - INFO - enlarge_cell_instances: 71 顆細胞, factor=1.50(面積), 中位半徑=22.6px, 外擴=5.1px
2026-07-07 02:47:34,820 - cellpose.transforms - INFO - processing image with (1024, 1024) HW, and 3 channels
2026-07-07 02:47:35,303 - m3_module.m3_elastic_matching - INFO - elastic_dish_nucleus_matching(overlap-first): IHC=71, DISH=70, matched(1核)=48 (其中重疊=48), drop-out(競爭落敗)=6, 無候選(計入)=17, factor=1.50, min_reach=20.0
2026-07-07 02:47:36,133 - m3_module.m3_dot_detection - INFO - detect_all_dots: 紅點=63, 黑點=122, 涉及細胞=71
2026-07-07 02:47:36,390 - m4_module.cell_crops - INFO - 匯出 43 張 per-cell 影像至 docs/hybrid-pipeline/measurement/runs/large/cell_crops/tile_x3072_y768/cells
2026-07-07 02:47:36,390 - hybrid_pipeline - INFO - Tile tile_x3072_y768 完成: 核心擁有 43 細胞 (43 陽性), 2.17 秒
2026-07-07 02:47:36,479 - hybrid_pipeline - INFO - [228/441] 處理 tile: tile_x3072_y7680
2026-07-07 02:47:36,545 - cellpose.transforms - INFO - processing image with (1024, 1024) HW, and 3 channels
2026-07-07 02:47:36,994 - m2_segmentation - INFO - Cellpose 分割完成: 63 個有效細胞
2026-07-07 02:47:37,020 - m3_module.m3_cells_generator - INFO - All-positive 標註完成: 63 個細胞
2026-07-07 02:47:37,066 - m3_module.m3_cells_generator - INFO - enlarge_cell_instances: 63 顆細胞, factor=1.50(面積), 中位半徑=32.8px, 外擴=7.4px
2026-07-07 02:47:37,066 - cellpose.transforms - INFO - processing image with (1024, 1024) HW, and 3 channels
2026-07-07 02:47:37,537 - m3_module.m3_elastic_matching - INFO - elastic_dish_nucleus_matching(overlap-first): IHC=63, DISH=69, matched(1核)=47 (其中重疊=47), drop-out(競爭落敗)=5, 無候選(計入)=11, factor=1.50, min_reach=20.0
2026-07-07 02:47:38,178 - m3_module.m3_dot_detection - INFO - detect_all_dots: 紅點=42, 黑點=78, 涉及細胞=63
2026-07-07 02:47:38,426 - m4_module.cell_crops - INFO - 匯出 25 張 per-cell 影像至 docs/hybrid-pipeline/measurement/runs/large/cell_crops/tile_x3072_y7680/cells
2026-07-07 02:47:38,426 - hybrid_pipeline - INFO - Tile tile_x3072_y7680 完成: 核心擁有 25 細胞 (25 陽性), 1.95 秒
2026-07-07 02:47:38,517 - hybrid_pipeline - INFO - [229/441] 處理 tile: tile_x3072_y8448
2026-07-07 02:47:38,584 - cellpose.transforms - INFO - processing image with (1024, 1024) HW, and 3 channels
2026-07-07 02:47:39,031 - m2_segmentation - INFO - Cellpose 分割完成: 61 個有效細胞
2026-07-07 02:47:39,057 - m3_module.m3_cells_generator - INFO - All-positive 標註完成: 61 個細胞
2026-07-07 02:47:39,097 - m3_module.m3_cells_generator - INFO - enlarge_cell_instances: 61 顆細胞, factor=1.50(面積), 中位半徑=32.2px, 外擴=7.2px
2026-07-07 02:47:39,098 - cellpose.transforms - INFO - processing image with (1024, 1024) HW, and 3 channels
2026-07-07 02:47:39,565 - m3_module.m3_elastic_matching - INFO - elastic_dish_nucleus_matching(overlap-first): IHC=61, DISH=42, matched(1核)=36 (其中重疊=36), drop-out(競爭落敗)=13, 無候選(計入)=12, factor=1.50, min_reach=20.0
2026-07-07 02:47:40,094 - m3_module.m3_dot_detection - INFO - detect_all_dots: 紅點=25, 黑點=64, 涉及細胞=61
2026-07-07 02:47:40,318 - m4_module.cell_crops - INFO - 匯出 30 張 per-cell 影像至 docs/hybrid-pipeline/measurement/runs/large/cell_crops/tile_x3072_y8448/cells
2026-07-07 02:47:40,318 - hybrid_pipeline - INFO - Tile tile_x3072_y8448 完成: 核心擁有 30 細胞 (30 陽性), 1.80 秒
2026-07-07 02:47:40,407 - hybrid_pipeline - INFO - [230/441] 處理 tile: tile_x3072_y9216
2026-07-07 02:47:40,474 - cellpose.transforms - INFO - processing image with (1024, 1024) HW, and 3 channels
2026-07-07 02:47:40,897 - m2_segmentation - INFO - Cellpose 分割完成: 26 個有效細胞
2026-07-07 02:47:40,918 - m3_module.m3_cells_generator - INFO - All-positive 標註完成: 26 個細胞
2026-07-07 02:47:40,953 - m3_module.m3_cells_generator - INFO - enlarge_cell_instances: 26 顆細胞, factor=1.50(面積), 中位半徑=26.8px, 外擴=6.0px
2026-07-07 02:47:40,953 - cellpose.transforms - INFO - processing image with (1024, 1024) HW, and 3 channels
2026-07-07 02:47:41,420 - m3_module.m3_elastic_matching - INFO - elastic_dish_nucleus_matching(overlap-first): IHC=26, DISH=16, matched(1核)=13 (其中重疊=13), drop-out(競爭落敗)=2, 無候選(計入)=11, factor=1.50, min_reach=20.0
2026-07-07 02:47:41,657 - m3_module.m3_dot_detection - INFO - detect_all_dots: 紅點=15, 黑點=28, 涉及細胞=26
2026-07-07 02:47:41,764 - m4_module.cell_crops - INFO - 匯出 3 張 per-cell 影像至 docs/hybrid-pipeline/measurement/runs/large/cell_crops/tile_x3072_y9216/cells
2026-07-07 02:47:41,764 - hybrid_pipeline - INFO - Tile tile_x3072_y9216 完成: 核心擁有 3 細胞 (3 陽性), 1.36 秒
2026-07-07 02:47:41,855 - hybrid_pipeline - INFO - [231/441] 處理 tile: tile_x3072_y9984
2026-07-07 02:47:41,926 - cellpose.transforms - INFO - processing image with (1024, 1024) HW, and 3 channels
2026-07-07 02:47:42,377 - m2_segmentation - INFO - Cellpose 分割完成: 62 個有效細胞
2026-07-07 02:47:42,403 - m3_module.m3_cells_generator - INFO - All-positive 標註完成: 62 個細胞
2026-07-07 02:47:42,451 - m3_module.m3_cells_generator - INFO - enlarge_cell_instances: 62 顆細胞, factor=1.50(面積), 中位半徑=31.7px, 外擴=7.1px
2026-07-07 02:47:42,452 - cellpose.transforms - INFO - processing image with (1024, 1024) HW, and 3 channels
2026-07-07 02:47:42,923 - m3_module.m3_elastic_matching - INFO - elastic_dish_nucleus_matching(overlap-first): IHC=62, DISH=54, matched(1核)=39 (其中重疊=39), drop-out(競爭落敗)=13, 無候選(計入)=10, factor=1.50, min_reach=20.0
2026-07-07 02:47:43,831 - m3_module.m3_dot_detection - INFO - detect_all_dots: 紅點=70, 黑點=118, 涉及細胞=62
2026-07-07 02:47:44,112 - m4_module.cell_crops - INFO - 匯出 41 張 per-cell 影像至 docs/hybrid-pipeline/measurement/runs/large/cell_crops/tile_x3072_y9984/cells
2026-07-07 02:47:44,112 - hybrid_pipeline - INFO - Tile tile_x3072_y9984 完成: 核心擁有 41 細胞 (41 陽性), 2.26 秒
2026-07-07 02:47:44,199 - hybrid_pipeline - INFO - [232/441] 處理 tile: tile_x3840_y0
2026-07-07 02:47:44,265 - cellpose.transforms - INFO - processing image with (1024, 1024) HW, and 3 channels
2026-07-07 02:47:44,726 - m2_segmentation - INFO - Cellpose 分割完成: 74 個有效細胞
2026-07-07 02:47:44,754 - m3_module.m3_cells_generator - INFO - All-positive 標註完成: 73 個細胞
2026-07-07 02:47:44,806 - m3_module.m3_cells_generator - INFO - enlarge_cell_instances: 73 顆細胞, factor=1.50(面積), 中位半徑=22.1px, 外擴=5.0px
2026-07-07 02:47:44,806 - cellpose.transforms - INFO - processing image with (1024, 1024) HW, and 3 channels
2026-07-07 02:47:45,281 - m3_module.m3_elastic_matching - INFO - elastic_dish_nucleus_matching(overlap-first): IHC=73, DISH=68, matched(1核)=44 (其中重疊=44), drop-out(競爭落敗)=8, 無候選(計入)=21, factor=1.50, min_reach=20.0
2026-07-07 02:47:46,071 - m3_module.m3_dot_detection - INFO - detect_all_dots: 紅點=55, 黑點=110, 涉及細胞=73
2026-07-07 02:47:46,375 - m4_module.cell_crops - INFO - 匯出 37 張 per-cell 影像至 docs/hybrid-pipeline/measurement/runs/large/cell_crops/tile_x3840_y0/cells
2026-07-07 02:47:46,375 - hybrid_pipeline - INFO - Tile tile_x3840_y0 完成: 核心擁有 37 細胞 (37 陽性), 2.18 秒
2026-07-07 02:47:46,464 - hybrid_pipeline - INFO - [233/441] 處理 tile: tile_x3840_y10752
2026-07-07 02:47:46,534 - cellpose.transforms - INFO - processing image with (1024, 1024) HW, and 3 channels
2026-07-07 02:47:46,979 - m2_segmentation - INFO - Cellpose 分割完成: 55 個有效細胞
2026-07-07 02:47:47,004 - m3_module.m3_cells_generator - INFO - All-positive 標註完成: 55 個細胞
2026-07-07 02:47:47,050 - m3_module.m3_cells_generator - INFO - enlarge_cell_instances: 55 顆細胞, factor=1.50(面積), 中位半徑=30.7px, 外擴=6.9px
2026-07-07 02:47:47,050 - cellpose.transforms - INFO - processing image with (1024, 1024) HW, and 3 channels
2026-07-07 02:47:47,522 - m3_module.m3_elastic_matching - INFO - elastic_dish_nucleus_matching(overlap-first): IHC=55, DISH=43, matched(1核)=32 (其中重疊=32), drop-out(競爭落敗)=12, 無候選(計入)=11, factor=1.50, min_reach=20.0
2026-07-07 02:47:48,109 - m3_module.m3_dot_detection - INFO - detect_all_dots: 紅點=36, 黑點=75, 涉及細胞=55
2026-07-07 02:47:48,317 - m4_module.cell_crops - INFO - 匯出 25 張 per-cell 影像至 docs/hybrid-pipeline/measurement/runs/large/cell_crops/tile_x3840_y10752/cells
2026-07-07 02:47:48,317 - hybrid_pipeline - INFO - Tile tile_x3840_y10752 完成: 核心擁有 25 細胞 (25 陽性), 1.85 秒
2026-07-07 02:47:48,405 - hybrid_pipeline - INFO - [234/441] 處理 tile: tile_x3840_y11520
2026-07-07 02:47:48,476 - cellpose.transforms - INFO - processing image with (1024, 1024) HW, and 3 channels
2026-07-07 02:47:48,996 - m2_segmentation - INFO - Cellpose 分割完成: 124 個有效細胞
2026-07-07 02:47:49,030 - m3_module.m3_cells_generator - INFO - All-positive 標註完成: 124 個細胞
2026-07-07 02:47:49,086 - m3_module.m3_cells_generator - INFO - enlarge_cell_instances: 124 顆細胞, factor=1.50(面積), 中位半徑=30.0px, 外擴=6.8px
2026-07-07 02:47:49,087 - cellpose.transforms - INFO - processing image with (1024, 1024) HW, and 3 channels
2026-07-07 02:47:49,561 - m3_module.m3_elastic_matching - INFO - elastic_dish_nucleus_matching(overlap-first): IHC=124, DISH=91, matched(1核)=73 (其中重疊=73), drop-out(競爭落敗)=26, 無候選(計入)=25, factor=1.50, min_reach=20.0
2026-07-07 02:47:50,944 - m3_module.m3_dot_detection - INFO - detect_all_dots: 紅點=89, 黑點=170, 涉及細胞=124
2026-07-07 02:47:51,368 - m4_module.cell_crops - INFO - 匯出 75 張 per-cell 影像至 docs/hybrid-pipeline/measurement/runs/large/cell_crops/tile_x3840_y11520/cells
2026-07-07 02:47:51,368 - hybrid_pipeline - INFO - Tile tile_x3840_y11520 完成: 核心擁有 75 細胞 (75 陽性), 2.96 秒
2026-07-07 02:47:51,456 - hybrid_pipeline - INFO - [235/441] 處理 tile: tile_x3840_y12288
2026-07-07 02:47:51,523 - cellpose.transforms - INFO - processing image with (1024, 1024) HW, and 3 channels
2026-07-07 02:47:51,996 - m2_segmentation - INFO - Cellpose 分割完成: 101 個有效細胞
2026-07-07 02:47:52,027 - m3_module.m3_cells_generator - INFO - All-positive 標註完成: 101 個細胞
2026-07-07 02:47:52,079 - m3_module.m3_cells_generator - INFO - enlarge_cell_instances: 101 顆細胞, factor=1.50(面積), 中位半徑=30.0px, 外擴=6.8px
2026-07-07 02:47:52,079 - cellpose.transforms - INFO - processing image with (1024, 1024) HW, and 3 channels
2026-07-07 02:47:52,552 - m3_module.m3_elastic_matching - INFO - elastic_dish_nucleus_matching(overlap-first): IHC=101, DISH=76, matched(1核)=58 (其中重疊=58), drop-out(競爭落敗)=20, 無候選(計入)=23, factor=1.50, min_reach=20.0
2026-07-07 02:47:53,858 - m3_module.m3_dot_detection - INFO - detect_all_dots: 紅點=87, 黑點=148, 涉及細胞=101
2026-07-07 02:47:54,237 - m4_module.cell_crops - INFO - 匯出 50 張 per-cell 影像至 docs/hybrid-pipeline/measurement/runs/large/cell_crops/tile_x3840_y12288/cells
2026-07-07 02:47:54,237 - hybrid_pipeline - INFO - Tile tile_x3840_y12288 完成: 核心擁有 50 細胞 (50 陽性), 2.78 秒
2026-07-07 02:47:54,325 - hybrid_pipeline - INFO - [236/441] 處理 tile: tile_x3840_y13056
2026-07-07 02:47:54,391 - cellpose.transforms - INFO - processing image with (1024, 1024) HW, and 3 channels
2026-07-07 02:47:54,840 - m2_segmentation - INFO - Cellpose 分割完成: 75 個有效細胞
2026-07-07 02:47:54,868 - m3_module.m3_cells_generator - INFO - All-positive 標註完成: 75 個細胞
2026-07-07 02:47:54,909 - m3_module.m3_cells_generator - INFO - enlarge_cell_instances: 75 顆細胞, factor=1.50(面積), 中位半徑=27.9px, 外擴=6.3px
2026-07-07 02:47:54,910 - cellpose.transforms - INFO - processing image with (1024, 1024) HW, and 3 channels
2026-07-07 02:47:55,386 - m3_module.m3_elastic_matching - INFO - elastic_dish_nucleus_matching(overlap-first): IHC=75, DISH=44, matched(1核)=37 (其中重疊=37), drop-out(競爭落敗)=14, 無候選(計入)=24, factor=1.50, min_reach=20.0
2026-07-07 02:47:56,040 - m3_module.m3_dot_detection - INFO - detect_all_dots: 紅點=42, 黑點=72, 涉及細胞=75
2026-07-07 02:47:56,253 - m4_module.cell_crops - INFO - 匯出 34 張 per-cell 影像至 docs/hybrid-pipeline/measurement/runs/large/cell_crops/tile_x3840_y13056/cells
2026-07-07 02:47:56,253 - hybrid_pipeline - INFO - Tile tile_x3840_y13056 完成: 核心擁有 34 細胞 (34 陽性), 1.93 秒
2026-07-07 02:47:56,341 - hybrid_pipeline - INFO - [237/441] 處理 tile: tile_x3840_y13824
2026-07-07 02:47:56,411 - cellpose.transforms - INFO - processing image with (1024, 1024) HW, and 3 channels
2026-07-07 02:47:56,966 - m2_segmentation - INFO - Cellpose 分割完成: 151 個有效細胞
2026-07-07 02:47:57,004 - m3_module.m3_cells_generator - INFO - All-positive 標註完成: 151 個細胞
2026-07-07 02:47:57,062 - m3_module.m3_cells_generator - INFO - enlarge_cell_instances: 151 顆細胞, factor=1.50(面積), 中位半徑=29.2px, 外擴=6.6px
2026-07-07 02:47:57,062 - cellpose.transforms - INFO - processing image with (1024, 1024) HW, and 3 channels
2026-07-07 02:47:57,557 - m3_module.m3_elastic_matching - INFO - elastic_dish_nucleus_matching(overlap-first): IHC=151, DISH=87, matched(1核)=79 (其中重疊=78), drop-out(競爭落敗)=35, 無候選(計入)=37, factor=1.50, min_reach=20.0
2026-07-07 02:47:59,182 - m3_module.m3_dot_detection - INFO - detect_all_dots: 紅點=125, 黑點=227, 涉及細胞=151
2026-07-07 02:47:59,576 - m4_module.cell_crops - INFO - 匯出 78 張 per-cell 影像至 docs/hybrid-pipeline/measurement/runs/large/cell_crops/tile_x3840_y13824/cells
2026-07-07 02:47:59,576 - hybrid_pipeline - INFO - Tile tile_x3840_y13824 完成: 核心擁有 78 細胞 (78 陽性), 3.23 秒
2026-07-07 02:47:59,664 - hybrid_pipeline - INFO - [238/441] 處理 tile: tile_x3840_y14592
2026-07-07 02:47:59,727 - cellpose.transforms - INFO - processing image with (1024, 1024) HW, and 3 channels
2026-07-07 02:48:00,264 - m2_segmentation - INFO - Cellpose 分割完成: 137 個有效細胞
2026-07-07 02:48:00,300 - m3_module.m3_cells_generator - INFO - All-positive 標註完成: 137 個細胞
2026-07-07 02:48:00,354 - m3_module.m3_cells_generator - INFO - enlarge_cell_instances: 137 顆細胞, factor=1.50(面積), 中位半徑=30.4px, 外擴=6.8px
2026-07-07 02:48:00,354 - cellpose.transforms - INFO - processing image with (1024, 1024) HW, and 3 channels
2026-07-07 02:48:00,830 - m3_module.m3_elastic_matching - INFO - elastic_dish_nucleus_matching(overlap-first): IHC=137, DISH=78, matched(1核)=72 (其中重疊=72), drop-out(競爭落敗)=33, 無候選(計入)=32, factor=1.50, min_reach=20.0
2026-07-07 02:48:02,112 - m3_module.m3_dot_detection - INFO - detect_all_dots: 紅點=101, 黑點=175, 涉及細胞=137
2026-07-07 02:48:02,499 - m4_module.cell_crops - INFO - 匯出 82 張 per-cell 影像至 docs/hybrid-pipeline/measurement/runs/large/cell_crops/tile_x3840_y14592/cells
2026-07-07 02:48:02,499 - hybrid_pipeline - INFO - Tile tile_x3840_y14592 完成: 核心擁有 82 細胞 (82 陽性), 2.83 秒
2026-07-07 02:48:02,590 - hybrid_pipeline - INFO - [239/441] 處理 tile: tile_x3840_y1536
2026-07-07 02:48:02,652 - cellpose.transforms - INFO - processing image with (1024, 1024) HW, and 3 channels
2026-07-07 02:48:03,104 - m2_segmentation - INFO - Cellpose 分割完成: 75 個有效細胞
2026-07-07 02:48:03,133 - m3_module.m3_cells_generator - INFO - All-positive 標註完成: 75 個細胞
2026-07-07 02:48:03,184 - m3_module.m3_cells_generator - INFO - enlarge_cell_instances: 75 顆細胞, factor=1.50(面積), 中位半徑=22.4px, 外擴=5.0px
2026-07-07 02:48:03,185 - cellpose.transforms - INFO - processing image with (1024, 1024) HW, and 3 channels
2026-07-07 02:48:03,668 - m3_module.m3_elastic_matching - INFO - elastic_dish_nucleus_matching(overlap-first): IHC=75, DISH=75, matched(1核)=48 (其中重疊=48), drop-out(競爭落敗)=10, 無候選(計入)=17, factor=1.50, min_reach=20.0
2026-07-07 02:48:04,597 - m3_module.m3_dot_detection - INFO - detect_all_dots: 紅點=51, 黑點=135, 涉及細胞=75
2026-07-07 02:48:04,876 - m4_module.cell_crops - INFO - 匯出 44 張 per-cell 影像至 docs/hybrid-pipeline/measurement/runs/large/cell_crops/tile_x3840_y1536/cells
2026-07-07 02:48:04,877 - hybrid_pipeline - INFO - Tile tile_x3840_y1536 完成: 核心擁有 44 細胞 (44 陽性), 2.29 秒
2026-07-07 02:48:04,966 - hybrid_pipeline - INFO - [240/441] 處理 tile: tile_x3840_y15360
2026-07-07 02:48:05,036 - cellpose.transforms - INFO - processing image with (1024, 1024) HW, and 3 channels
2026-07-07 02:48:05,532 - m2_segmentation - INFO - Cellpose 分割完成: 80 個有效細胞
2026-07-07 02:48:05,560 - m3_module.m3_cells_generator - INFO - All-positive 標註完成: 76 個細胞
2026-07-07 02:48:05,603 - m3_module.m3_cells_generator - INFO - enlarge_cell_instances: 76 顆細胞, factor=1.50(面積), 中位半徑=28.4px, 外擴=6.4px
2026-07-07 02:48:05,604 - cellpose.transforms - INFO - processing image with (1024, 1024) HW, and 3 channels
2026-07-07 02:48:06,080 - m3_module.m3_elastic_matching - INFO - elastic_dish_nucleus_matching(overlap-first): IHC=76, DISH=42, matched(1核)=35 (其中重疊=35), drop-out(競爭落敗)=11, 無候選(計入)=30, factor=1.50, min_reach=20.0
2026-07-07 02:48:06,573 - m3_module.m3_dot_detection - INFO - detect_all_dots: 紅點=30, 黑點=63, 涉及細胞=76
2026-07-07 02:48:06,846 - m4_module.cell_crops - INFO - 匯出 46 張 per-cell 影像至 docs/hybrid-pipeline/measurement/runs/large/cell_crops/tile_x3840_y15360/cells
2026-07-07 02:48:06,847 - hybrid_pipeline - INFO - Tile tile_x3840_y15360 完成: 核心擁有 46 細胞 (46 陽性), 1.88 秒
2026-07-07 02:48:06,935 - hybrid_pipeline - INFO - [241/441] 處理 tile: tile_x3840_y2304
2026-07-07 02:48:06,999 - cellpose.transforms - INFO - processing image with (1024, 1024) HW, and 3 channels
2026-07-07 02:48:07,470 - m2_segmentation - INFO - Cellpose 分割完成: 100 個有效細胞
2026-07-07 02:48:07,502 - m3_module.m3_cells_generator - INFO - All-positive 標註完成: 100 個細胞
2026-07-07 02:48:07,552 - m3_module.m3_cells_generator - INFO - enlarge_cell_instances: 100 顆細胞, factor=1.50(面積), 中位半徑=22.7px, 外擴=5.1px
2026-07-07 02:48:07,552 - cellpose.transforms - INFO - processing image with (1024, 1024) HW, and 3 channels
2026-07-07 02:48:08,031 - m3_module.m3_elastic_matching - INFO - elastic_dish_nucleus_matching(overlap-first): IHC=100, DISH=90, matched(1核)=64 (其中重疊=64), drop-out(競爭落敗)=17, 無候選(計入)=19, factor=1.50, min_reach=20.0
2026-07-07 02:48:09,131 - m3_module.m3_dot_detection - INFO - detect_all_dots: 紅點=59, 黑點=175, 涉及細胞=100
2026-07-07 02:48:09,475 - m4_module.cell_crops - INFO - 匯出 67 張 per-cell 影像至 docs/hybrid-pipeline/measurement/runs/large/cell_crops/tile_x3840_y2304/cells
2026-07-07 02:48:09,475 - hybrid_pipeline - INFO - Tile tile_x3840_y2304 完成: 核心擁有 67 細胞 (67 陽性), 2.54 秒
2026-07-07 02:48:09,562 - hybrid_pipeline - INFO - [242/441] 處理 tile: tile_x3840_y3072
2026-07-07 02:48:09,627 - cellpose.transforms - INFO - processing image with (1024, 1024) HW, and 3 channels
2026-07-07 02:48:10,093 - m2_segmentation - INFO - Cellpose 分割完成: 87 個有效細胞
2026-07-07 02:48:10,122 - m3_module.m3_cells_generator - INFO - All-positive 標註完成: 87 個細胞
2026-07-07 02:48:10,167 - m3_module.m3_cells_generator - INFO - enlarge_cell_instances: 87 顆細胞, factor=1.50(面積), 中位半徑=26.9px, 外擴=6.0px
2026-07-07 02:48:10,167 - cellpose.transforms - INFO - processing image with (1024, 1024) HW, and 3 channels
2026-07-07 02:48:10,642 - m3_module.m3_elastic_matching - INFO - elastic_dish_nucleus_matching(overlap-first): IHC=87, DISH=70, matched(1核)=53 (其中重疊=53), drop-out(競爭落敗)=17, 無候選(計入)=17, factor=1.50, min_reach=20.0
2026-07-07 02:48:11,729 - m3_module.m3_dot_detection - INFO - detect_all_dots: 紅點=57, 黑點=138, 涉及細胞=87
2026-07-07 02:48:12,020 - m4_module.cell_crops - INFO - 匯出 49 張 per-cell 影像至 docs/hybrid-pipeline/measurement/runs/large/cell_crops/tile_x3840_y3072/cells
2026-07-07 02:48:12,020 - hybrid_pipeline - INFO - Tile tile_x3840_y3072 完成: 核心擁有 49 細胞 (49 陽性), 2.46 秒
2026-07-07 02:48:12,113 - hybrid_pipeline - INFO - [243/441] 處理 tile: tile_x3840_y3840
2026-07-07 02:48:12,179 - cellpose.transforms - INFO - processing image with (1024, 1024) HW, and 3 channels
2026-07-07 02:48:12,623 - m2_segmentation - INFO - Cellpose 分割完成: 68 個有效細胞
2026-07-07 02:48:12,649 - m3_module.m3_cells_generator - INFO - All-positive 標註完成: 68 個細胞
2026-07-07 02:48:12,695 - m3_module.m3_cells_generator - INFO - enlarge_cell_instances: 68 顆細胞, factor=1.50(面積), 中位半徑=27.6px, 外擴=6.2px
2026-07-07 02:48:12,695 - cellpose.transforms - INFO - processing image with (1024, 1024) HW, and 3 channels
2026-07-07 02:48:13,169 - m3_module.m3_elastic_matching - INFO - elastic_dish_nucleus_matching(overlap-first): IHC=68, DISH=44, matched(1核)=30 (其中重疊=30), drop-out(競爭落敗)=15, 無候選(計入)=23, factor=1.50, min_reach=20.0
2026-07-07 02:48:13,755 - m3_module.m3_dot_detection - INFO - detect_all_dots: 紅點=45, 黑點=81, 涉及細胞=68
2026-07-07 02:48:14,019 - m4_module.cell_crops - INFO - 匯出 20 張 per-cell 影像至 docs/hybrid-pipeline/measurement/runs/large/cell_crops/tile_x3840_y3840/cells
2026-07-07 02:48:14,019 - hybrid_pipeline - INFO - Tile tile_x3840_y3840 完成: 核心擁有 20 細胞 (20 陽性), 1.91 秒
2026-07-07 02:48:14,110 - hybrid_pipeline - INFO - [244/441] 處理 tile: tile_x3840_y4608
2026-07-07 02:48:14,175 - cellpose.transforms - INFO - processing image with (1024, 1024) HW, and 3 channels
2026-07-07 02:48:14,642 - m2_segmentation - INFO - Cellpose 分割完成: 73 個有效細胞
2026-07-07 02:48:14,670 - m3_module.m3_cells_generator - INFO - All-positive 標註完成: 73 個細胞
2026-07-07 02:48:14,714 - m3_module.m3_cells_generator - INFO - enlarge_cell_instances: 73 顆細胞, factor=1.50(面積), 中位半徑=28.8px, 外擴=6.5px
2026-07-07 02:48:14,714 - cellpose.transforms - INFO - processing image with (1024, 1024) HW, and 3 channels
2026-07-07 02:48:15,186 - m3_module.m3_elastic_matching - INFO - elastic_dish_nucleus_matching(overlap-first): IHC=73, DISH=52, matched(1核)=38 (其中重疊=38), drop-out(競爭落敗)=12, 無候選(計入)=23, factor=1.50, min_reach=20.0
2026-07-07 02:48:15,947 - m3_module.m3_dot_detection - INFO - detect_all_dots: 紅點=45, 黑點=98, 涉及細胞=73
2026-07-07 02:48:16,201 - m4_module.cell_crops - INFO - 匯出 45 張 per-cell 影像至 docs/hybrid-pipeline/measurement/runs/large/cell_crops/tile_x3840_y4608/cells
2026-07-07 02:48:16,201 - hybrid_pipeline - INFO - Tile tile_x3840_y4608 完成: 核心擁有 45 細胞 (45 陽性), 2.09 秒
2026-07-07 02:48:16,289 - hybrid_pipeline - INFO - [245/441] 處理 tile: tile_x3840_y5376
2026-07-07 02:48:16,358 - cellpose.transforms - INFO - processing image with (1024, 1024) HW, and 3 channels
2026-07-07 02:48:16,846 - m2_segmentation - INFO - Cellpose 分割完成: 100 個有效細胞
2026-07-07 02:48:16,877 - m3_module.m3_cells_generator - INFO - All-positive 標註完成: 100 個細胞
2026-07-07 02:48:16,929 - m3_module.m3_cells_generator - INFO - enlarge_cell_instances: 100 顆細胞, factor=1.50(面積), 中位半徑=28.9px, 外擴=6.5px
2026-07-07 02:48:16,929 - cellpose.transforms - INFO - processing image with (1024, 1024) HW, and 3 channels
2026-07-07 02:48:17,402 - m3_module.m3_elastic_matching - INFO - elastic_dish_nucleus_matching(overlap-first): IHC=100, DISH=70, matched(1核)=59 (其中重疊=59), drop-out(競爭落敗)=21, 無候選(計入)=20, factor=1.50, min_reach=20.0
2026-07-07 02:48:18,552 - m3_module.m3_dot_detection - INFO - detect_all_dots: 紅點=73, 黑點=172, 涉及細胞=100
2026-07-07 02:48:18,894 - m4_module.cell_crops - INFO - 匯出 67 張 per-cell 影像至 docs/hybrid-pipeline/measurement/runs/large/cell_crops/tile_x3840_y5376/cells
2026-07-07 02:48:18,894 - hybrid_pipeline - INFO - Tile tile_x3840_y5376 完成: 核心擁有 67 細胞 (67 陽性), 2.61 秒
2026-07-07 02:48:18,982 - hybrid_pipeline - INFO - [246/441] 處理 tile: tile_x3840_y6144
2026-07-07 02:48:19,053 - cellpose.transforms - INFO - processing image with (1024, 1024) HW, and 3 channels
2026-07-07 02:48:19,522 - m2_segmentation - INFO - Cellpose 分割完成: 70 個有效細胞
2026-07-07 02:48:19,549 - m3_module.m3_cells_generator - INFO - All-positive 標註完成: 70 個細胞
2026-07-07 02:48:19,594 - m3_module.m3_cells_generator - INFO - enlarge_cell_instances: 70 顆細胞, factor=1.50(面積), 中位半徑=30.4px, 外擴=6.8px
2026-07-07 02:48:19,594 - cellpose.transforms - INFO - processing image with (1024, 1024) HW, and 3 channels
2026-07-07 02:48:20,064 - m3_module.m3_elastic_matching - INFO - elastic_dish_nucleus_matching(overlap-first): IHC=70, DISH=42, matched(1核)=40 (其中重疊=40), drop-out(競爭落敗)=16, 無候選(計入)=14, factor=1.50, min_reach=20.0
2026-07-07 02:48:20,702 - m3_module.m3_dot_detection - INFO - detect_all_dots: 紅點=43, 黑點=88, 涉及細胞=70
2026-07-07 02:48:20,966 - m4_module.cell_crops - INFO - 匯出 34 張 per-cell 影像至 docs/hybrid-pipeline/measurement/runs/large/cell_crops/tile_x3840_y6144/cells
2026-07-07 02:48:20,966 - hybrid_pipeline - INFO - Tile tile_x3840_y6144 完成: 核心擁有 34 細胞 (34 陽性), 1.98 秒
2026-07-07 02:48:21,057 - hybrid_pipeline - INFO - [247/441] 處理 tile: tile_x3840_y6912
2026-07-07 02:48:21,120 - cellpose.transforms - INFO - processing image with (1024, 1024) HW, and 3 channels
2026-07-07 02:48:21,565 - m2_segmentation - INFO - Cellpose 分割完成: 37 個有效細胞
2026-07-07 02:48:21,588 - m3_module.m3_cells_generator - INFO - All-positive 標註完成: 37 個細胞
2026-07-07 02:48:21,629 - m3_module.m3_cells_generator - INFO - enlarge_cell_instances: 37 顆細胞, factor=1.50(面積), 中位半徑=28.7px, 外擴=6.4px
2026-07-07 02:48:21,629 - cellpose.transforms - INFO - processing image with (1024, 1024) HW, and 3 channels
2026-07-07 02:48:22,110 - m3_module.m3_elastic_matching - INFO - elastic_dish_nucleus_matching(overlap-first): IHC=37, DISH=17, matched(1核)=13 (其中重疊=13), drop-out(競爭落敗)=5, 無候選(計入)=19, factor=1.50, min_reach=20.0
2026-07-07 02:48:22,392 - m3_module.m3_dot_detection - INFO - detect_all_dots: 紅點=13, 黑點=23, 涉及細胞=37
2026-07-07 02:48:22,530 - m4_module.cell_crops - INFO - 匯出 7 張 per-cell 影像至 docs/hybrid-pipeline/measurement/runs/large/cell_crops/tile_x3840_y6912/cells
2026-07-07 02:48:22,530 - hybrid_pipeline - INFO - Tile tile_x3840_y6912 完成: 核心擁有 7 細胞 (7 陽性), 1.47 秒
2026-07-07 02:48:22,624 - hybrid_pipeline - INFO - [248/441] 處理 tile: tile_x3840_y768
2026-07-07 02:48:22,693 - cellpose.transforms - INFO - processing image with (1024, 1024) HW, and 3 channels
2026-07-07 02:48:23,148 - m2_segmentation - INFO - Cellpose 分割完成: 63 個有效細胞
2026-07-07 02:48:23,175 - m3_module.m3_cells_generator - INFO - All-positive 標註完成: 63 個細胞
2026-07-07 02:48:23,223 - m3_module.m3_cells_generator - INFO - enlarge_cell_instances: 63 顆細胞, factor=1.50(面積), 中位半徑=24.2px, 外擴=5.4px
2026-07-07 02:48:23,223 - cellpose.transforms - INFO - processing image with (1024, 1024) HW, and 3 channels
2026-07-07 02:48:23,698 - m3_module.m3_elastic_matching - INFO - elastic_dish_nucleus_matching(overlap-first): IHC=63, DISH=58, matched(1核)=36 (其中重疊=35), drop-out(競爭落敗)=9, 無候選(計入)=18, factor=1.50, min_reach=20.0
2026-07-07 02:48:24,307 - m3_module.m3_dot_detection - INFO - detect_all_dots: 紅點=38, 黑點=74, 涉及細胞=63
2026-07-07 02:48:24,583 - m4_module.cell_crops - INFO - 匯出 33 張 per-cell 影像至 docs/hybrid-pipeline/measurement/runs/large/cell_crops/tile_x3840_y768/cells
2026-07-07 02:48:24,583 - hybrid_pipeline - INFO - Tile tile_x3840_y768 完成: 核心擁有 33 細胞 (33 陽性), 1.96 秒
2026-07-07 02:48:24,671 - hybrid_pipeline - INFO - [249/441] 處理 tile: tile_x3840_y7680
2026-07-07 02:48:24,733 - cellpose.transforms - INFO - processing image with (1024, 1024) HW, and 3 channels
2026-07-07 02:48:25,190 - m2_segmentation - INFO - Cellpose 分割完成: 63 個有效細胞
2026-07-07 02:48:25,216 - m3_module.m3_cells_generator - INFO - All-positive 標註完成: 63 個細胞
2026-07-07 02:48:25,259 - m3_module.m3_cells_generator - INFO - enlarge_cell_instances: 63 顆細胞, factor=1.50(面積), 中位半徑=32.1px, 外擴=7.2px
2026-07-07 02:48:25,259 - cellpose.transforms - INFO - processing image with (1024, 1024) HW, and 3 channels
2026-07-07 02:48:25,731 - m3_module.m3_elastic_matching - INFO - elastic_dish_nucleus_matching(overlap-first): IHC=63, DISH=53, matched(1核)=37 (其中重疊=37), drop-out(競爭落敗)=10, 無候選(計入)=16, factor=1.50, min_reach=20.0
2026-07-07 02:48:26,462 - m3_module.m3_dot_detection - INFO - detect_all_dots: 紅點=45, 黑點=87, 涉及細胞=63
2026-07-07 02:48:26,703 - m4_module.cell_crops - INFO - 匯出 30 張 per-cell 影像至 docs/hybrid-pipeline/measurement/runs/large/cell_crops/tile_x3840_y7680/cells
2026-07-07 02:48:26,703 - hybrid_pipeline - INFO - Tile tile_x3840_y7680 完成: 核心擁有 30 細胞 (30 陽性), 2.03 秒
2026-07-07 02:48:26,791 - hybrid_pipeline - INFO - [250/441] 處理 tile: tile_x3840_y8448
2026-07-07 02:48:26,858 - cellpose.transforms - INFO - processing image with (1024, 1024) HW, and 3 channels
2026-07-07 02:48:27,395 - m2_segmentation - INFO - Cellpose 分割完成: 111 個有效細胞
2026-07-07 02:48:27,429 - m3_module.m3_cells_generator - INFO - All-positive 標註完成: 111 個細胞
2026-07-07 02:48:27,485 - m3_module.m3_cells_generator - INFO - enlarge_cell_instances: 111 顆細胞, factor=1.50(面積), 中位半徑=31.3px, 外擴=7.0px
2026-07-07 02:48:27,485 - cellpose.transforms - INFO - processing image with (1024, 1024) HW, and 3 channels
2026-07-07 02:48:27,958 - m3_module.m3_elastic_matching - INFO - elastic_dish_nucleus_matching(overlap-first): IHC=111, DISH=62, matched(1核)=55 (其中重疊=55), drop-out(競爭落敗)=30, 無候選(計入)=26, factor=1.50, min_reach=20.0
2026-07-07 02:48:28,954 - m3_module.m3_dot_detection - INFO - detect_all_dots: 紅點=54, 黑點=139, 涉及細胞=111
2026-07-07 02:48:29,310 - m4_module.cell_crops - INFO - 匯出 64 張 per-cell 影像至 docs/hybrid-pipeline/measurement/runs/large/cell_crops/tile_x3840_y8448/cells
2026-07-07 02:48:29,311 - hybrid_pipeline - INFO - Tile tile_x3840_y8448 完成: 核心擁有 64 細胞 (64 陽性), 2.52 秒
2026-07-07 02:48:29,402 - hybrid_pipeline - INFO - [251/441] 處理 tile: tile_x3840_y9216
2026-07-07 02:48:29,462 - cellpose.transforms - INFO - processing image with (1024, 1024) HW, and 3 channels
2026-07-07 02:48:30,048 - m2_segmentation - INFO - Cellpose 分割完成: 105 個有效細胞
2026-07-07 02:48:30,080 - m3_module.m3_cells_generator - INFO - All-positive 標註完成: 105 個細胞
2026-07-07 02:48:30,132 - m3_module.m3_cells_generator - INFO - enlarge_cell_instances: 105 顆細胞, factor=1.50(面積), 中位半徑=31.8px, 外擴=7.2px
2026-07-07 02:48:30,132 - cellpose.transforms - INFO - processing image with (1024, 1024) HW, and 3 channels
2026-07-07 02:48:30,610 - m3_module.m3_elastic_matching - INFO - elastic_dish_nucleus_matching(overlap-first): IHC=105, DISH=75, matched(1核)=61 (其中重疊=61), drop-out(競爭落敗)=24, 無候選(計入)=20, factor=1.50, min_reach=20.0
2026-07-07 02:48:31,850 - m3_module.m3_dot_detection - INFO - detect_all_dots: 紅點=70, 黑點=163, 涉及細胞=105
2026-07-07 02:48:32,240 - m4_module.cell_crops - INFO - 匯出 72 張 per-cell 影像至 docs/hybrid-pipeline/measurement/runs/large/cell_crops/tile_x3840_y9216/cells
2026-07-07 02:48:32,240 - hybrid_pipeline - INFO - Tile tile_x3840_y9216 完成: 核心擁有 72 細胞 (72 陽性), 2.84 秒
2026-07-07 02:48:32,330 - hybrid_pipeline - INFO - [252/441] 處理 tile: tile_x3840_y9984
2026-07-07 02:48:32,402 - cellpose.transforms - INFO - processing image with (1024, 1024) HW, and 3 channels
2026-07-07 02:48:32,893 - m2_segmentation - INFO - Cellpose 分割完成: 97 個有效細胞
2026-07-07 02:48:32,927 - m3_module.m3_cells_generator - INFO - All-positive 標註完成: 97 個細胞
2026-07-07 02:48:32,979 - m3_module.m3_cells_generator - INFO - enlarge_cell_instances: 97 顆細胞, factor=1.50(面積), 中位半徑=32.3px, 外擴=7.3px
2026-07-07 02:48:32,980 - cellpose.transforms - INFO - processing image with (1024, 1024) HW, and 3 channels
2026-07-07 02:48:33,460 - m3_module.m3_elastic_matching - INFO - elastic_dish_nucleus_matching(overlap-first): IHC=97, DISH=74, matched(1核)=59 (其中重疊=59), drop-out(競爭落敗)=28, 無候選(計入)=10, factor=1.50, min_reach=20.0
2026-07-07 02:48:34,710 - m3_module.m3_dot_detection - INFO - detect_all_dots: 紅點=75, 黑點=158, 涉及細胞=97
2026-07-07 02:48:35,064 - m4_module.cell_crops - INFO - 匯出 63 張 per-cell 影像至 docs/hybrid-pipeline/measurement/runs/large/cell_crops/tile_x3840_y9984/cells
2026-07-07 02:48:35,064 - hybrid_pipeline - INFO - Tile tile_x3840_y9984 完成: 核心擁有 63 細胞 (63 陽性), 2.73 秒
2026-07-07 02:48:35,152 - hybrid_pipeline - INFO - [253/441] 處理 tile: tile_x4608_y0
2026-07-07 02:48:35,220 - cellpose.transforms - INFO - processing image with (1024, 1024) HW, and 3 channels
2026-07-07 02:48:35,716 - m2_segmentation - INFO - Cellpose 分割完成: 113 個有效細胞
2026-07-07 02:48:35,750 - m3_module.m3_cells_generator - INFO - All-positive 標註完成: 110 個細胞
2026-07-07 02:48:35,804 - m3_module.m3_cells_generator - INFO - enlarge_cell_instances: 110 顆細胞, factor=1.50(面積), 中位半徑=26.6px, 外擴=6.0px
2026-07-07 02:48:35,804 - cellpose.transforms - INFO - processing image with (1024, 1024) HW, and 3 channels
2026-07-07 02:48:36,281 - m3_module.m3_elastic_matching - INFO - elastic_dish_nucleus_matching(overlap-first): IHC=110, DISH=83, matched(1核)=70 (其中重疊=70), drop-out(競爭落敗)=21, 無候選(計入)=19, factor=1.50, min_reach=20.0
2026-07-07 02:48:37,488 - m3_module.m3_dot_detection - INFO - detect_all_dots: 紅點=87, 黑點=183, 涉及細胞=110
2026-07-07 02:48:37,825 - m4_module.cell_crops - INFO - 匯出 68 張 per-cell 影像至 docs/hybrid-pipeline/measurement/runs/large/cell_crops/tile_x4608_y0/cells
2026-07-07 02:48:37,825 - hybrid_pipeline - INFO - Tile tile_x4608_y0 完成: 核心擁有 68 細胞 (68 陽性), 2.67 秒
2026-07-07 02:48:37,913 - hybrid_pipeline - INFO - [254/441] 處理 tile: tile_x4608_y10752
2026-07-07 02:48:37,986 - cellpose.transforms - INFO - processing image with (1024, 1024) HW, and 3 channels
2026-07-07 02:48:38,414 - m2_segmentation - INFO - Cellpose 分割完成: 22 個有效細胞
2026-07-07 02:48:38,435 - m3_module.m3_cells_generator - INFO - All-positive 標註完成: 22 個細胞
2026-07-07 02:48:38,468 - m3_module.m3_cells_generator - INFO - enlarge_cell_instances: 22 顆細胞, factor=1.50(面積), 中位半徑=26.1px, 外擴=5.9px
2026-07-07 02:48:38,469 - cellpose.transforms - INFO - processing image with (1024, 1024) HW, and 3 channels
2026-07-07 02:48:38,935 - m3_module.m3_elastic_matching - INFO - elastic_dish_nucleus_matching(overlap-first): IHC=22, DISH=19, matched(1核)=11 (其中重疊=11), drop-out(競爭落敗)=3, 無候選(計入)=8, factor=1.50, min_reach=20.0
2026-07-07 02:48:39,158 - m3_module.m3_dot_detection - INFO - detect_all_dots: 紅點=16, 黑點=27, 涉及細胞=22
2026-07-07 02:48:39,282 - m4_module.cell_crops - INFO - 匯出 3 張 per-cell 影像至 docs/hybrid-pipeline/measurement/runs/large/cell_crops/tile_x4608_y10752/cells
2026-07-07 02:48:39,282 - hybrid_pipeline - INFO - Tile tile_x4608_y10752 完成: 核心擁有 3 細胞 (3 陽性), 1.37 秒
2026-07-07 02:48:39,370 - hybrid_pipeline - INFO - [255/441] 處理 tile: tile_x4608_y11520
2026-07-07 02:48:39,437 - cellpose.transforms - INFO - processing image with (1024, 1024) HW, and 3 channels
2026-07-07 02:48:39,914 - m2_segmentation - INFO - Cellpose 分割完成: 79 個有效細胞
2026-07-07 02:48:39,943 - m3_module.m3_cells_generator - INFO - All-positive 標註完成: 79 個細胞
2026-07-07 02:48:39,997 - m3_module.m3_cells_generator - INFO - enlarge_cell_instances: 79 顆細胞, factor=1.50(面積), 中位半徑=30.2px, 外擴=6.8px
2026-07-07 02:48:39,998 - cellpose.transforms - INFO - processing image with (1024, 1024) HW, and 3 channels
2026-07-07 02:48:40,470 - m3_module.m3_elastic_matching - INFO - elastic_dish_nucleus_matching(overlap-first): IHC=79, DISH=66, matched(1核)=47 (其中重疊=47), drop-out(競爭落敗)=14, 無候選(計入)=18, factor=1.50, min_reach=20.0
2026-07-07 02:48:41,336 - m3_module.m3_dot_detection - INFO - detect_all_dots: 紅點=51, 黑點=119, 涉及細胞=79
2026-07-07 02:48:41,657 - m4_module.cell_crops - INFO - 匯出 53 張 per-cell 影像至 docs/hybrid-pipeline/measurement/runs/large/cell_crops/tile_x4608_y11520/cells
2026-07-07 02:48:41,657 - hybrid_pipeline - INFO - Tile tile_x4608_y11520 完成: 核心擁有 53 細胞 (53 陽性), 2.29 秒
2026-07-07 02:48:41,746 - hybrid_pipeline - INFO - [256/441] 處理 tile: tile_x4608_y12288
2026-07-07 02:48:41,814 - cellpose.transforms - INFO - processing image with (1024, 1024) HW, and 3 channels
2026-07-07 02:48:42,320 - m2_segmentation - INFO - Cellpose 分割完成: 104 個有效細胞
2026-07-07 02:48:42,352 - m3_module.m3_cells_generator - INFO - All-positive 標註完成: 104 個細胞
2026-07-07 02:48:42,404 - m3_module.m3_cells_generator - INFO - enlarge_cell_instances: 104 顆細胞, factor=1.50(面積), 中位半徑=30.0px, 外擴=6.7px
2026-07-07 02:48:42,404 - cellpose.transforms - INFO - processing image with (1024, 1024) HW, and 3 channels
2026-07-07 02:48:42,869 - m3_module.m3_elastic_matching - INFO - elastic_dish_nucleus_matching(overlap-first): IHC=104, DISH=62, matched(1核)=52 (其中重疊=52), drop-out(競爭落敗)=31, 無候選(計入)=21, factor=1.50, min_reach=20.0
2026-07-07 02:48:43,849 - m3_module.m3_dot_detection - INFO - detect_all_dots: 紅點=61, 黑點=136, 涉及細胞=104
2026-07-07 02:48:44,215 - m4_module.cell_crops - INFO - 匯出 55 張 per-cell 影像至 docs/hybrid-pipeline/measurement/runs/large/cell_crops/tile_x4608_y12288/cells
2026-07-07 02:48:44,215 - hybrid_pipeline - INFO - Tile tile_x4608_y12288 完成: 核心擁有 55 細胞 (55 陽性), 2.47 秒
2026-07-07 02:48:44,306 - hybrid_pipeline - INFO - [257/441] 處理 tile: tile_x4608_y13056
2026-07-07 02:48:44,375 - cellpose.transforms - INFO - processing image with (1024, 1024) HW, and 3 channels
2026-07-07 02:48:44,881 - m2_segmentation - INFO - Cellpose 分割完成: 121 個有效細胞
2026-07-07 02:48:44,915 - m3_module.m3_cells_generator - INFO - All-positive 標註完成: 121 個細胞
2026-07-07 02:48:44,968 - m3_module.m3_cells_generator - INFO - enlarge_cell_instances: 121 顆細胞, factor=1.50(面積), 中位半徑=29.7px, 外擴=6.7px
2026-07-07 02:48:44,968 - cellpose.transforms - INFO - processing image with (1024, 1024) HW, and 3 channels
2026-07-07 02:48:45,437 - m3_module.m3_elastic_matching - INFO - elastic_dish_nucleus_matching(overlap-first): IHC=121, DISH=69, matched(1核)=60 (其中重疊=60), drop-out(競爭落敗)=31, 無候選(計入)=30, factor=1.50, min_reach=20.0
2026-07-07 02:48:46,591 - m3_module.m3_dot_detection - INFO - detect_all_dots: 紅點=70, 黑點=138, 涉及細胞=121
2026-07-07 02:48:46,956 - m4_module.cell_crops - INFO - 匯出 71 張 per-cell 影像至 docs/hybrid-pipeline/measurement/runs/large/cell_crops/tile_x4608_y13056/cells
2026-07-07 02:48:46,956 - hybrid_pipeline - INFO - Tile tile_x4608_y13056 完成: 核心擁有 71 細胞 (71 陽性), 2.65 秒
2026-07-07 02:48:47,045 - hybrid_pipeline - INFO - [258/441] 處理 tile: tile_x4608_y13824
2026-07-07 02:48:47,108 - cellpose.transforms - INFO - processing image with (1024, 1024) HW, and 3 channels
2026-07-07 02:48:47,646 - m2_segmentation - INFO - Cellpose 分割完成: 167 個有效細胞
2026-07-07 02:48:47,686 - m3_module.m3_cells_generator - INFO - All-positive 標註完成: 167 個細胞
2026-07-07 02:48:47,744 - m3_module.m3_cells_generator - INFO - enlarge_cell_instances: 167 顆細胞, factor=1.50(面積), 中位半徑=28.1px, 外擴=6.3px
2026-07-07 02:48:47,744 - cellpose.transforms - INFO - processing image with (1024, 1024) HW, and 3 channels
2026-07-07 02:48:48,210 - m3_module.m3_elastic_matching - INFO - elastic_dish_nucleus_matching(overlap-first): IHC=167, DISH=71, matched(1核)=69 (其中重疊=69), drop-out(競爭落敗)=36, 無候選(計入)=62, factor=1.50, min_reach=20.0
2026-07-07 02:48:49,443 - m3_module.m3_dot_detection - INFO - detect_all_dots: 紅點=87, 黑點=184, 涉及細胞=167
2026-07-07 02:48:49,884 - m4_module.cell_crops - INFO - 匯出 98 張 per-cell 影像至 docs/hybrid-pipeline/measurement/runs/large/cell_crops/tile_x4608_y13824/cells
2026-07-07 02:48:49,884 - hybrid_pipeline - INFO - Tile tile_x4608_y13824 完成: 核心擁有 98 細胞 (98 陽性), 2.84 秒
2026-07-07 02:48:49,974 - hybrid_pipeline - INFO - [259/441] 處理 tile: tile_x4608_y14592
2026-07-07 02:48:50,044 - cellpose.transforms - INFO - processing image with (1024, 1024) HW, and 3 channels
2026-07-07 02:48:50,597 - m2_segmentation - INFO - Cellpose 分割完成: 179 個有效細胞
2026-07-07 02:48:50,639 - m3_module.m3_cells_generator - INFO - All-positive 標註完成: 179 個細胞
2026-07-07 02:48:50,696 - m3_module.m3_cells_generator - INFO - enlarge_cell_instances: 179 顆細胞, factor=1.50(面積), 中位半徑=29.4px, 外擴=6.6px
2026-07-07 02:48:50,696 - cellpose.transforms - INFO - processing image with (1024, 1024) HW, and 3 channels
2026-07-07 02:48:51,174 - m3_module.m3_elastic_matching - INFO - elastic_dish_nucleus_matching(overlap-first): IHC=179, DISH=91, matched(1核)=84 (其中重疊=84), drop-out(競爭落敗)=46, 無候選(計入)=49, factor=1.50, min_reach=20.0
2026-07-07 02:48:52,497 - m3_module.m3_dot_detection - INFO - detect_all_dots: 紅點=87, 黑點=189, 涉及細胞=179
2026-07-07 02:48:52,961 - m4_module.cell_crops - INFO - 匯出 103 張 per-cell 影像至 docs/hybrid-pipeline/measurement/runs/large/cell_crops/tile_x4608_y14592/cells
2026-07-07 02:48:52,961 - hybrid_pipeline - INFO - Tile tile_x4608_y14592 完成: 核心擁有 103 細胞 (103 陽性), 2.99 秒
2026-07-07 02:48:53,052 - hybrid_pipeline - INFO - [260/441] 處理 tile: tile_x4608_y1536
2026-07-07 02:48:53,115 - cellpose.transforms - INFO - processing image with (1024, 1024) HW, and 3 channels
2026-07-07 02:48:53,576 - m2_segmentation - INFO - Cellpose 分割完成: 69 個有效細胞
2026-07-07 02:48:53,603 - m3_module.m3_cells_generator - INFO - All-positive 標註完成: 69 個細胞
2026-07-07 02:48:53,653 - m3_module.m3_cells_generator - INFO - enlarge_cell_instances: 69 顆細胞, factor=1.50(面積), 中位半徑=24.1px, 外擴=5.4px
2026-07-07 02:48:53,653 - cellpose.transforms - INFO - processing image with (1024, 1024) HW, and 3 channels
2026-07-07 02:48:54,127 - m3_module.m3_elastic_matching - INFO - elastic_dish_nucleus_matching(overlap-first): IHC=69, DISH=54, matched(1核)=39 (其中重疊=39), drop-out(競爭落敗)=11, 無候選(計入)=19, factor=1.50, min_reach=20.0
2026-07-07 02:48:55,006 - m3_module.m3_dot_detection - INFO - detect_all_dots: 紅點=56, 黑點=130, 涉及細胞=69
2026-07-07 02:48:55,250 - m4_module.cell_crops - INFO - 匯出 21 張 per-cell 影像至 docs/hybrid-pipeline/measurement/runs/large/cell_crops/tile_x4608_y1536/cells
2026-07-07 02:48:55,250 - hybrid_pipeline - INFO - Tile tile_x4608_y1536 完成: 核心擁有 21 細胞 (21 陽性), 2.20 秒
2026-07-07 02:48:55,337 - hybrid_pipeline - INFO - [261/441] 處理 tile: tile_x4608_y15360
2026-07-07 02:48:55,400 - cellpose.transforms - INFO - processing image with (1024, 1024) HW, and 3 channels
2026-07-07 02:48:55,949 - m2_segmentation - INFO - Cellpose 分割完成: 114 個有效細胞
2026-07-07 02:48:55,984 - m3_module.m3_cells_generator - INFO - All-positive 標註完成: 109 個細胞
2026-07-07 02:48:56,038 - m3_module.m3_cells_generator - INFO - enlarge_cell_instances: 109 顆細胞, factor=1.50(面積), 中位半徑=30.6px, 外擴=6.9px
2026-07-07 02:48:56,038 - cellpose.transforms - INFO - processing image with (1024, 1024) HW, and 3 channels
2026-07-07 02:48:56,506 - m3_module.m3_elastic_matching - INFO - elastic_dish_nucleus_matching(overlap-first): IHC=109, DISH=71, matched(1核)=58 (其中重疊=58), drop-out(競爭落敗)=27, 無候選(計入)=24, factor=1.50, min_reach=20.0
2026-07-07 02:48:56,980 - m3_module.m3_dot_detection - INFO - detect_all_dots: 紅點=24, 黑點=44, 涉及細胞=109
2026-07-07 02:48:57,372 - m4_module.cell_crops - INFO - 匯出 69 張 per-cell 影像至 docs/hybrid-pipeline/measurement/runs/large/cell_crops/tile_x4608_y15360/cells
2026-07-07 02:48:57,372 - hybrid_pipeline - INFO - Tile tile_x4608_y15360 完成: 核心擁有 69 細胞 (69 陽性), 2.04 秒
2026-07-07 02:48:57,460 - hybrid_pipeline - INFO - [262/441] 處理 tile: tile_x4608_y2304
2026-07-07 02:48:57,527 - cellpose.transforms - INFO - processing image with (1024, 1024) HW, and 3 channels
2026-07-07 02:48:57,978 - m2_segmentation - INFO - Cellpose 分割完成: 74 個有效細胞
2026-07-07 02:48:58,005 - m3_module.m3_cells_generator - INFO - All-positive 標註完成: 74 個細胞
2026-07-07 02:48:58,049 - m3_module.m3_cells_generator - INFO - enlarge_cell_instances: 74 顆細胞, factor=1.50(面積), 中位半徑=22.2px, 外擴=5.0px
2026-07-07 02:48:58,050 - cellpose.transforms - INFO - processing image with (1024, 1024) HW, and 3 channels
2026-07-07 02:48:58,528 - m3_module.m3_elastic_matching - INFO - elastic_dish_nucleus_matching(overlap-first): IHC=74, DISH=48, matched(1核)=38 (其中重疊=38), drop-out(競爭落敗)=12, 無候選(計入)=24, factor=1.50, min_reach=20.0
2026-07-07 02:48:59,211 - m3_module.m3_dot_detection - INFO - detect_all_dots: 紅點=45, 黑點=106, 涉及細胞=74
2026-07-07 02:48:59,450 - m4_module.cell_crops - INFO - 匯出 30 張 per-cell 影像至 docs/hybrid-pipeline/measurement/runs/large/cell_crops/tile_x4608_y2304/cells
2026-07-07 02:48:59,450 - hybrid_pipeline - INFO - Tile tile_x4608_y2304 完成: 核心擁有 30 細胞 (30 陽性), 1.99 秒
2026-07-07 02:48:59,539 - hybrid_pipeline - INFO - [263/441] 處理 tile: tile_x4608_y3072
2026-07-07 02:48:59,603 - cellpose.transforms - INFO - processing image with (1024, 1024) HW, and 3 channels
2026-07-07 02:49:00,082 - m2_segmentation - INFO - Cellpose 分割完成: 99 個有效細胞
2026-07-07 02:49:00,112 - m3_module.m3_cells_generator - INFO - All-positive 標註完成: 99 個細胞
2026-07-07 02:49:00,166 - m3_module.m3_cells_generator - INFO - enlarge_cell_instances: 99 顆細胞, factor=1.50(面積), 中位半徑=26.0px, 外擴=5.8px
2026-07-07 02:49:00,167 - cellpose.transforms - INFO - processing image with (1024, 1024) HW, and 3 channels
2026-07-07 02:49:00,643 - m3_module.m3_elastic_matching - INFO - elastic_dish_nucleus_matching(overlap-first): IHC=99, DISH=66, matched(1核)=52 (其中重疊=52), drop-out(競爭落敗)=23, 無候選(計入)=24, factor=1.50, min_reach=20.0
2026-07-07 02:49:01,624 - m3_module.m3_dot_detection - INFO - detect_all_dots: 紅點=59, 黑點=143, 涉及細胞=99
2026-07-07 02:49:01,924 - m4_module.cell_crops - INFO - 匯出 55 張 per-cell 影像至 docs/hybrid-pipeline/measurement/runs/large/cell_crops/tile_x4608_y3072/cells
2026-07-07 02:49:01,924 - hybrid_pipeline - INFO - Tile tile_x4608_y3072 完成: 核心擁有 55 細胞 (55 陽性), 2.38 秒
2026-07-07 02:49:02,012 - hybrid_pipeline - INFO - [264/441] 處理 tile: tile_x4608_y3840
2026-07-07 02:49:02,078 - cellpose.transforms - INFO - processing image with (1024, 1024) HW, and 3 channels
2026-07-07 02:49:02,587 - m2_segmentation - INFO - Cellpose 分割完成: 126 個有效細胞
2026-07-07 02:49:02,621 - m3_module.m3_cells_generator - INFO - All-positive 標註完成: 126 個細胞
2026-07-07 02:49:02,676 - m3_module.m3_cells_generator - INFO - enlarge_cell_instances: 126 顆細胞, factor=1.50(面積), 中位半徑=29.7px, 外擴=6.7px
2026-07-07 02:49:02,676 - cellpose.transforms - INFO - processing image with (1024, 1024) HW, and 3 channels
2026-07-07 02:49:03,151 - m3_module.m3_elastic_matching - INFO - elastic_dish_nucleus_matching(overlap-first): IHC=126, DISH=106, matched(1核)=75 (其中重疊=75), drop-out(競爭落敗)=27, 無候選(計入)=24, factor=1.50, min_reach=20.0
2026-07-07 02:49:04,632 - m3_module.m3_dot_detection - INFO - detect_all_dots: 紅點=95, 黑點=197, 涉及細胞=126
2026-07-07 02:49:05,034 - m4_module.cell_crops - INFO - 匯出 75 張 per-cell 影像至 docs/hybrid-pipeline/measurement/runs/large/cell_crops/tile_x4608_y3840/cells
2026-07-07 02:49:05,034 - hybrid_pipeline - INFO - Tile tile_x4608_y3840 完成: 核心擁有 75 細胞 (75 陽性), 3.02 秒
2026-07-07 02:49:05,120 - hybrid_pipeline - INFO - [265/441] 處理 tile: tile_x4608_y4608
2026-07-07 02:49:05,189 - cellpose.transforms - INFO - processing image with (1024, 1024) HW, and 3 channels
2026-07-07 02:49:05,631 - m2_segmentation - INFO - Cellpose 分割完成: 69 個有效細胞
2026-07-07 02:49:05,657 - m3_module.m3_cells_generator - INFO - All-positive 標註完成: 69 個細胞
2026-07-07 02:49:05,698 - m3_module.m3_cells_generator - INFO - enlarge_cell_instances: 69 顆細胞, factor=1.50(面積), 中位半徑=23.5px, 外擴=5.3px
2026-07-07 02:49:05,699 - cellpose.transforms - INFO - processing image with (1024, 1024) HW, and 3 channels
2026-07-07 02:49:06,158 - m3_module.m3_elastic_matching - INFO - elastic_dish_nucleus_matching(overlap-first): IHC=69, DISH=42, matched(1核)=32 (其中重疊=32), drop-out(競爭落敗)=15, 無候選(計入)=22, factor=1.50, min_reach=20.0
2026-07-07 02:49:06,799 - m3_module.m3_dot_detection - INFO - detect_all_dots: 紅點=31, 黑點=83, 涉及細胞=69
2026-07-07 02:49:07,034 - m4_module.cell_crops - INFO - 匯出 31 張 per-cell 影像至 docs/hybrid-pipeline/measurement/runs/large/cell_crops/tile_x4608_y4608/cells
2026-07-07 02:49:07,034 - hybrid_pipeline - INFO - Tile tile_x4608_y4608 完成: 核心擁有 31 細胞 (31 陽性), 1.91 秒
2026-07-07 02:49:07,121 - hybrid_pipeline - INFO - [266/441] 處理 tile: tile_x4608_y5376
2026-07-07 02:49:07,182 - cellpose.transforms - INFO - processing image with (1024, 1024) HW, and 3 channels
2026-07-07 02:49:07,624 - m2_segmentation - INFO - Cellpose 分割完成: 47 個有效細胞
2026-07-07 02:49:07,648 - m3_module.m3_cells_generator - INFO - All-positive 標註完成: 47 個細胞
2026-07-07 02:49:07,688 - m3_module.m3_cells_generator - INFO - enlarge_cell_instances: 47 顆細胞, factor=1.50(面積), 中位半徑=25.1px, 外擴=5.6px
2026-07-07 02:49:07,688 - cellpose.transforms - INFO - processing image with (1024, 1024) HW, and 3 channels
2026-07-07 02:49:08,153 - m3_module.m3_elastic_matching - INFO - elastic_dish_nucleus_matching(overlap-first): IHC=47, DISH=29, matched(1核)=27 (其中重疊=26), drop-out(競爭落敗)=9, 無候選(計入)=11, factor=1.50, min_reach=20.0
2026-07-07 02:49:08,633 - m3_module.m3_dot_detection - INFO - detect_all_dots: 紅點=25, 黑點=50, 涉及細胞=47
2026-07-07 02:49:08,804 - m4_module.cell_crops - INFO - 匯出 9 張 per-cell 影像至 docs/hybrid-pipeline/measurement/runs/large/cell_crops/tile_x4608_y5376/cells
2026-07-07 02:49:08,804 - hybrid_pipeline - INFO - Tile tile_x4608_y5376 完成: 核心擁有 9 細胞 (9 陽性), 1.68 秒
2026-07-07 02:49:08,892 - hybrid_pipeline - INFO - [267/441] 處理 tile: tile_x4608_y6144
2026-07-07 02:49:08,955 - cellpose.transforms - INFO - processing image with (1024, 1024) HW, and 3 channels
2026-07-07 02:49:09,420 - m2_segmentation - INFO - Cellpose 分割完成: 74 個有效細胞
2026-07-07 02:49:09,447 - m3_module.m3_cells_generator - INFO - All-positive 標註完成: 74 個細胞
2026-07-07 02:49:09,495 - m3_module.m3_cells_generator - INFO - enlarge_cell_instances: 74 顆細胞, factor=1.50(面積), 中位半徑=30.5px, 外擴=6.9px
2026-07-07 02:49:09,495 - cellpose.transforms - INFO - processing image with (1024, 1024) HW, and 3 channels
2026-07-07 02:49:09,957 - m3_module.m3_elastic_matching - INFO - elastic_dish_nucleus_matching(overlap-first): IHC=74, DISH=49, matched(1核)=44 (其中重疊=44), drop-out(競爭落敗)=15, 無候選(計入)=15, factor=1.50, min_reach=20.0
2026-07-07 02:49:10,749 - m3_module.m3_dot_detection - INFO - detect_all_dots: 紅點=49, 黑點=83, 涉及細胞=74
2026-07-07 02:49:11,015 - m4_module.cell_crops - INFO - 匯出 42 張 per-cell 影像至 docs/hybrid-pipeline/measurement/runs/large/cell_crops/tile_x4608_y6144/cells
2026-07-07 02:49:11,016 - hybrid_pipeline - INFO - Tile tile_x4608_y6144 完成: 核心擁有 42 細胞 (42 陽性), 2.12 秒
2026-07-07 02:49:11,103 - hybrid_pipeline - INFO - [268/441] 處理 tile: tile_x4608_y6912
2026-07-07 02:49:11,171 - cellpose.transforms - INFO - processing image with (1024, 1024) HW, and 3 channels
2026-07-07 02:49:11,645 - m2_segmentation - INFO - Cellpose 分割完成: 82 個有效細胞
2026-07-07 02:49:11,674 - m3_module.m3_cells_generator - INFO - All-positive 標註完成: 82 個細胞
2026-07-07 02:49:11,721 - m3_module.m3_cells_generator - INFO - enlarge_cell_instances: 82 顆細胞, factor=1.50(面積), 中位半徑=30.9px, 外擴=6.9px
2026-07-07 02:49:11,721 - cellpose.transforms - INFO - processing image with (1024, 1024) HW, and 3 channels
2026-07-07 02:49:12,184 - m3_module.m3_elastic_matching - INFO - elastic_dish_nucleus_matching(overlap-first): IHC=82, DISH=45, matched(1核)=39 (其中重疊=39), drop-out(競爭落敗)=22, 無候選(計入)=21, factor=1.50, min_reach=20.0
2026-07-07 02:49:12,980 - m3_module.m3_dot_detection - INFO - detect_all_dots: 紅點=50, 黑點=96, 涉及細胞=82
2026-07-07 02:49:13,257 - m4_module.cell_crops - INFO - 匯出 60 張 per-cell 影像至 docs/hybrid-pipeline/measurement/runs/large/cell_crops/tile_x4608_y6912/cells
2026-07-07 02:49:13,257 - hybrid_pipeline - INFO - Tile tile_x4608_y6912 完成: 核心擁有 60 細胞 (60 陽性), 2.15 秒
2026-07-07 02:49:13,344 - hybrid_pipeline - INFO - [269/441] 處理 tile: tile_x4608_y768
2026-07-07 02:49:13,414 - cellpose.transforms - INFO - processing image with (1024, 1024) HW, and 3 channels
2026-07-07 02:49:13,887 - m2_segmentation - INFO - Cellpose 分割完成: 101 個有效細胞
2026-07-07 02:49:13,917 - m3_module.m3_cells_generator - INFO - All-positive 標註完成: 101 個細胞
2026-07-07 02:49:13,966 - m3_module.m3_cells_generator - INFO - enlarge_cell_instances: 101 顆細胞, factor=1.50(面積), 中位半徑=25.7px, 外擴=5.8px
2026-07-07 02:49:13,967 - cellpose.transforms - INFO - processing image with (1024, 1024) HW, and 3 channels
2026-07-07 02:49:14,440 - m3_module.m3_elastic_matching - INFO - elastic_dish_nucleus_matching(overlap-first): IHC=101, DISH=84, matched(1核)=64 (其中重疊=64), drop-out(競爭落敗)=18, 無候選(計入)=19, factor=1.50, min_reach=20.0
2026-07-07 02:49:15,601 - m3_module.m3_dot_detection - INFO - detect_all_dots: 紅點=79, 黑點=164, 涉及細胞=101
2026-07-07 02:49:15,944 - m4_module.cell_crops - INFO - 匯出 67 張 per-cell 影像至 docs/hybrid-pipeline/measurement/runs/large/cell_crops/tile_x4608_y768/cells
2026-07-07 02:49:15,944 - hybrid_pipeline - INFO - Tile tile_x4608_y768 完成: 核心擁有 67 細胞 (67 陽性), 2.60 秒
2026-07-07 02:49:16,031 - hybrid_pipeline - INFO - [270/441] 處理 tile: tile_x4608_y7680
2026-07-07 02:49:16,094 - cellpose.transforms - INFO - processing image with (1024, 1024) HW, and 3 channels
2026-07-07 02:49:16,574 - m2_segmentation - INFO - Cellpose 分割完成: 84 個有效細胞
2026-07-07 02:49:16,603 - m3_module.m3_cells_generator - INFO - All-positive 標註完成: 84 個細胞
2026-07-07 02:49:16,648 - m3_module.m3_cells_generator - INFO - enlarge_cell_instances: 84 顆細胞, factor=1.50(面積), 中位半徑=32.0px, 外擴=7.2px
2026-07-07 02:49:16,648 - cellpose.transforms - INFO - processing image with (1024, 1024) HW, and 3 channels
2026-07-07 02:49:17,109 - m3_module.m3_elastic_matching - INFO - elastic_dish_nucleus_matching(overlap-first): IHC=84, DISH=54, matched(1核)=46 (其中重疊=46), drop-out(競爭落敗)=17, 無候選(計入)=21, factor=1.50, min_reach=20.0
2026-07-07 02:49:17,963 - m3_module.m3_dot_detection - INFO - detect_all_dots: 紅點=42, 黑點=101, 涉及細胞=84
2026-07-07 02:49:18,255 - m4_module.cell_crops - INFO - 匯出 47 張 per-cell 影像至 docs/hybrid-pipeline/measurement/runs/large/cell_crops/tile_x4608_y7680/cells
2026-07-07 02:49:18,255 - hybrid_pipeline - INFO - Tile tile_x4608_y7680 完成: 核心擁有 47 細胞 (47 陽性), 2.22 秒
2026-07-07 02:49:18,342 - hybrid_pipeline - INFO - [271/441] 處理 tile: tile_x4608_y8448
2026-07-07 02:49:18,406 - cellpose.transforms - INFO - processing image with (1024, 1024) HW, and 3 channels
2026-07-07 02:49:18,881 - m2_segmentation - INFO - Cellpose 分割完成: 92 個有效細胞
2026-07-07 02:49:18,911 - m3_module.m3_cells_generator - INFO - All-positive 標註完成: 92 個細胞
2026-07-07 02:49:18,965 - m3_module.m3_cells_generator - INFO - enlarge_cell_instances: 92 顆細胞, factor=1.50(面積), 中位半徑=29.5px, 外擴=6.6px
2026-07-07 02:49:18,965 - cellpose.transforms - INFO - processing image with (1024, 1024) HW, and 3 channels
2026-07-07 02:49:19,431 - m3_module.m3_elastic_matching - INFO - elastic_dish_nucleus_matching(overlap-first): IHC=92, DISH=56, matched(1核)=49 (其中重疊=49), drop-out(競爭落敗)=20, 無候選(計入)=23, factor=1.50, min_reach=20.0
2026-07-07 02:49:20,449 - m3_module.m3_dot_detection - INFO - detect_all_dots: 紅點=52, 黑點=132, 涉及細胞=92
2026-07-07 02:49:20,754 - m4_module.cell_crops - INFO - 匯出 49 張 per-cell 影像至 docs/hybrid-pipeline/measurement/runs/large/cell_crops/tile_x4608_y8448/cells
2026-07-07 02:49:20,754 - hybrid_pipeline - INFO - Tile tile_x4608_y8448 完成: 核心擁有 49 細胞 (49 陽性), 2.41 秒
2026-07-07 02:49:20,842 - hybrid_pipeline - INFO - [272/441] 處理 tile: tile_x4608_y9216
2026-07-07 02:49:20,905 - cellpose.transforms - INFO - processing image with (1024, 1024) HW, and 3 channels
2026-07-07 02:49:21,506 - m2_segmentation - INFO - Cellpose 分割完成: 112 個有效細胞
2026-07-07 02:49:21,539 - m3_module.m3_cells_generator - INFO - All-positive 標註完成: 112 個細胞
2026-07-07 02:49:21,594 - m3_module.m3_cells_generator - INFO - enlarge_cell_instances: 112 顆細胞, factor=1.50(面積), 中位半徑=31.0px, 外擴=7.0px
2026-07-07 02:49:21,595 - cellpose.transforms - INFO - processing image with (1024, 1024) HW, and 3 channels
2026-07-07 02:49:22,065 - m3_module.m3_elastic_matching - INFO - elastic_dish_nucleus_matching(overlap-first): IHC=112, DISH=83, matched(1核)=61 (其中重疊=61), drop-out(競爭落敗)=22, 無候選(計入)=29, factor=1.50, min_reach=20.0
2026-07-07 02:49:23,265 - m3_module.m3_dot_detection - INFO - detect_all_dots: 紅點=70, 黑點=158, 涉及細胞=112
2026-07-07 02:49:23,667 - m4_module.cell_crops - INFO - 匯出 54 張 per-cell 影像至 docs/hybrid-pipeline/measurement/runs/large/cell_crops/tile_x4608_y9216/cells
2026-07-07 02:49:23,667 - hybrid_pipeline - INFO - Tile tile_x4608_y9216 完成: 核心擁有 54 細胞 (54 陽性), 2.83 秒
2026-07-07 02:49:23,758 - hybrid_pipeline - INFO - [273/441] 處理 tile: tile_x4608_y9984
2026-07-07 02:49:23,831 - cellpose.transforms - INFO - processing image with (1024, 1024) HW, and 3 channels
2026-07-07 02:49:24,305 - m2_segmentation - INFO - Cellpose 分割完成: 83 個有效細胞
2026-07-07 02:49:24,334 - m3_module.m3_cells_generator - INFO - All-positive 標註完成: 83 個細胞
2026-07-07 02:49:24,378 - m3_module.m3_cells_generator - INFO - enlarge_cell_instances: 83 顆細胞, factor=1.50(面積), 中位半徑=27.1px, 外擴=6.1px
2026-07-07 02:49:24,378 - cellpose.transforms - INFO - processing image with (1024, 1024) HW, and 3 channels
2026-07-07 02:49:24,846 - m3_module.m3_elastic_matching - INFO - elastic_dish_nucleus_matching(overlap-first): IHC=83, DISH=52, matched(1核)=44 (其中重疊=44), drop-out(競爭落敗)=15, 無候選(計入)=24, factor=1.50, min_reach=20.0
2026-07-07 02:49:25,855 - m3_module.m3_dot_detection - INFO - detect_all_dots: 紅點=62, 黑點=117, 涉及細胞=83
2026-07-07 02:49:26,111 - m4_module.cell_crops - INFO - 匯出 27 張 per-cell 影像至 docs/hybrid-pipeline/measurement/runs/large/cell_crops/tile_x4608_y9984/cells
2026-07-07 02:49:26,111 - hybrid_pipeline - INFO - Tile tile_x4608_y9984 完成: 核心擁有 27 細胞 (27 陽性), 2.35 秒
2026-07-07 02:49:26,198 - hybrid_pipeline - INFO - [274/441] 處理 tile: tile_x5376_y0
2026-07-07 02:49:26,261 - cellpose.transforms - INFO - processing image with (1024, 1024) HW, and 3 channels
2026-07-07 02:49:26,703 - m2_segmentation - INFO - Cellpose 分割完成: 82 個有效細胞
2026-07-07 02:49:26,732 - m3_module.m3_cells_generator - INFO - All-positive 標註完成: 78 個細胞
2026-07-07 02:49:26,778 - m3_module.m3_cells_generator - INFO - enlarge_cell_instances: 78 顆細胞, factor=1.50(面積), 中位半徑=26.0px, 外擴=5.8px
2026-07-07 02:49:26,778 - cellpose.transforms - INFO - processing image with (1024, 1024) HW, and 3 channels
2026-07-07 02:49:27,249 - m3_module.m3_elastic_matching - INFO - elastic_dish_nucleus_matching(overlap-first): IHC=78, DISH=67, matched(1核)=54 (其中重疊=54), drop-out(競爭落敗)=11, 無候選(計入)=13, factor=1.50, min_reach=20.0
2026-07-07 02:49:28,211 - m3_module.m3_dot_detection - INFO - detect_all_dots: 紅點=62, 黑點=132, 涉及細胞=78
2026-07-07 02:49:28,481 - m4_module.cell_crops - INFO - 匯出 40 張 per-cell 影像至 docs/hybrid-pipeline/measurement/runs/large/cell_crops/tile_x5376_y0/cells
2026-07-07 02:49:28,481 - hybrid_pipeline - INFO - Tile tile_x5376_y0 完成: 核心擁有 40 細胞 (40 陽性), 2.28 秒
2026-07-07 02:49:28,569 - hybrid_pipeline - INFO - [275/441] 處理 tile: tile_x5376_y10752
2026-07-07 02:49:28,634 - cellpose.transforms - INFO - processing image with (1024, 1024) HW, and 3 channels
2026-07-07 02:49:29,070 - m2_segmentation - INFO - Cellpose 分割完成: 31 個有效細胞
2026-07-07 02:49:29,092 - m3_module.m3_cells_generator - INFO - All-positive 標註完成: 31 個細胞
2026-07-07 02:49:29,128 - m3_module.m3_cells_generator - INFO - enlarge_cell_instances: 31 顆細胞, factor=1.50(面積), 中位半徑=28.7px, 外擴=6.4px
2026-07-07 02:49:29,128 - cellpose.transforms - INFO - processing image with (1024, 1024) HW, and 3 channels
2026-07-07 02:49:29,592 - m3_module.m3_elastic_matching - INFO - elastic_dish_nucleus_matching(overlap-first): IHC=31, DISH=28, matched(1核)=20 (其中重疊=20), drop-out(競爭落敗)=4, 無候選(計入)=7, factor=1.50, min_reach=20.0
2026-07-07 02:49:30,050 - m3_module.m3_dot_detection - INFO - detect_all_dots: 紅點=35, 黑點=53, 涉及細胞=31
2026-07-07 02:49:30,205 - m4_module.cell_crops - INFO - 匯出 18 張 per-cell 影像至 docs/hybrid-pipeline/measurement/runs/large/cell_crops/tile_x5376_y10752/cells
2026-07-07 02:49:30,205 - hybrid_pipeline - INFO - Tile tile_x5376_y10752 完成: 核心擁有 18 細胞 (18 陽性), 1.64 秒
2026-07-07 02:49:30,292 - hybrid_pipeline - INFO - [276/441] 處理 tile: tile_x5376_y11520
2026-07-07 02:49:30,354 - cellpose.transforms - INFO - processing image with (1024, 1024) HW, and 3 channels
2026-07-07 02:49:30,782 - m2_segmentation - INFO - Cellpose 分割完成: 14 個有效細胞
2026-07-07 02:49:30,801 - m3_module.m3_cells_generator - INFO - All-positive 標註完成: 14 個細胞
2026-07-07 02:49:30,832 - m3_module.m3_cells_generator - INFO - enlarge_cell_instances: 14 顆細胞, factor=1.50(面積), 中位半徑=32.3px, 外擴=7.2px
2026-07-07 02:49:30,833 - cellpose.transforms - INFO - processing image with (1024, 1024) HW, and 3 channels
2026-07-07 02:49:31,296 - m3_module.m3_elastic_matching - INFO - elastic_dish_nucleus_matching(overlap-first): IHC=14, DISH=13, matched(1核)=8 (其中重疊=8), drop-out(競爭落敗)=1, 無候選(計入)=5, factor=1.50, min_reach=20.0
2026-07-07 02:49:31,457 - m3_module.m3_dot_detection - INFO - detect_all_dots: 紅點=8, 黑點=23, 涉及細胞=14
2026-07-07 02:49:31,547 - m4_module.cell_crops - INFO - 匯出 0 張 per-cell 影像至 docs/hybrid-pipeline/measurement/runs/large/cell_crops/tile_x5376_y11520/cells
2026-07-07 02:49:31,547 - hybrid_pipeline - INFO - Tile tile_x5376_y11520 完成: 核心擁有 0 細胞 (0 陽性), 1.26 秒
2026-07-07 02:49:31,634 - hybrid_pipeline - INFO - [277/441] 處理 tile: tile_x5376_y12288
2026-07-07 02:49:31,698 - cellpose.transforms - INFO - processing image with (1024, 1024) HW, and 3 channels
2026-07-07 02:49:32,177 - m2_segmentation - INFO - Cellpose 分割完成: 62 個有效細胞
2026-07-07 02:49:32,203 - m3_module.m3_cells_generator - INFO - All-positive 標註完成: 62 個細胞
2026-07-07 02:49:32,249 - m3_module.m3_cells_generator - INFO - enlarge_cell_instances: 62 顆細胞, factor=1.50(面積), 中位半徑=31.1px, 外擴=7.0px
2026-07-07 02:49:32,250 - cellpose.transforms - INFO - processing image with (1024, 1024) HW, and 3 channels
2026-07-07 02:49:32,718 - m3_module.m3_elastic_matching - INFO - elastic_dish_nucleus_matching(overlap-first): IHC=62, DISH=49, matched(1核)=36 (其中重疊=36), drop-out(競爭落敗)=15, 無候選(計入)=11, factor=1.50, min_reach=20.0
2026-07-07 02:49:33,511 - m3_module.m3_dot_detection - INFO - detect_all_dots: 紅點=41, 黑點=99, 涉及細胞=62
2026-07-07 02:49:33,741 - m4_module.cell_crops - INFO - 匯出 32 張 per-cell 影像至 docs/hybrid-pipeline/measurement/runs/large/cell_crops/tile_x5376_y12288/cells
2026-07-07 02:49:33,741 - hybrid_pipeline - INFO - Tile tile_x5376_y12288 完成: 核心擁有 32 細胞 (32 陽性), 2.11 秒
2026-07-07 02:49:33,828 - hybrid_pipeline - INFO - [278/441] 處理 tile: tile_x5376_y13056
2026-07-07 02:49:33,894 - cellpose.transforms - INFO - processing image with (1024, 1024) HW, and 3 channels
2026-07-07 02:49:34,383 - m2_segmentation - INFO - Cellpose 分割完成: 93 個有效細胞
2026-07-07 02:49:34,413 - m3_module.m3_cells_generator - INFO - All-positive 標註完成: 93 個細胞
2026-07-07 02:49:34,460 - m3_module.m3_cells_generator - INFO - enlarge_cell_instances: 93 顆細胞, factor=1.50(面積), 中位半徑=29.7px, 外擴=6.7px
2026-07-07 02:49:34,460 - cellpose.transforms - INFO - processing image with (1024, 1024) HW, and 3 channels
2026-07-07 02:49:34,922 - m3_module.m3_elastic_matching - INFO - elastic_dish_nucleus_matching(overlap-first): IHC=93, DISH=63, matched(1核)=49 (其中重疊=49), drop-out(競爭落敗)=17, 無候選(計入)=27, factor=1.50, min_reach=20.0
2026-07-07 02:49:35,830 - m3_module.m3_dot_detection - INFO - detect_all_dots: 紅點=56, 黑點=116, 涉及細胞=93
2026-07-07 02:49:36,167 - m4_module.cell_crops - INFO - 匯出 50 張 per-cell 影像至 docs/hybrid-pipeline/measurement/runs/large/cell_crops/tile_x5376_y13056/cells
2026-07-07 02:49:36,167 - hybrid_pipeline - INFO - Tile tile_x5376_y13056 完成: 核心擁有 50 細胞 (50 陽性), 2.34 秒
2026-07-07 02:49:36,254 - hybrid_pipeline - INFO - [279/441] 處理 tile: tile_x5376_y13824
2026-07-07 02:49:36,320 - cellpose.transforms - INFO - processing image with (1024, 1024) HW, and 3 channels
2026-07-07 02:49:36,798 - m2_segmentation - INFO - Cellpose 分割完成: 83 個有效細胞
2026-07-07 02:49:36,828 - m3_module.m3_cells_generator - INFO - All-positive 標註完成: 83 個細胞
2026-07-07 02:49:36,876 - m3_module.m3_cells_generator - INFO - enlarge_cell_instances: 83 顆細胞, factor=1.50(面積), 中位半徑=29.1px, 外擴=6.5px
2026-07-07 02:49:36,877 - cellpose.transforms - INFO - processing image with (1024, 1024) HW, and 3 channels
2026-07-07 02:49:37,341 - m3_module.m3_elastic_matching - INFO - elastic_dish_nucleus_matching(overlap-first): IHC=83, DISH=58, matched(1核)=44 (其中重疊=44), drop-out(競爭落敗)=17, 無候選(計入)=22, factor=1.50, min_reach=20.0
2026-07-07 02:49:38,312 - m3_module.m3_dot_detection - INFO - detect_all_dots: 紅點=54, 黑點=125, 涉及細胞=83
2026-07-07 02:49:38,630 - m4_module.cell_crops - INFO - 匯出 50 張 per-cell 影像至 docs/hybrid-pipeline/measurement/runs/large/cell_crops/tile_x5376_y13824/cells
2026-07-07 02:49:38,630 - hybrid_pipeline - INFO - Tile tile_x5376_y13824 完成: 核心擁有 50 細胞 (50 陽性), 2.38 秒
2026-07-07 02:49:38,717 - hybrid_pipeline - INFO - [280/441] 處理 tile: tile_x5376_y14592
2026-07-07 02:49:38,782 - cellpose.transforms - INFO - processing image with (1024, 1024) HW, and 3 channels
2026-07-07 02:49:39,226 - m2_segmentation - INFO - Cellpose 分割完成: 65 個有效細胞
2026-07-07 02:49:39,253 - m3_module.m3_cells_generator - INFO - All-positive 標註完成: 65 個細胞
2026-07-07 02:49:39,289 - m3_module.m3_cells_generator - INFO - enlarge_cell_instances: 65 顆細胞, factor=1.50(面積), 中位半徑=24.0px, 外擴=5.4px
2026-07-07 02:49:39,290 - cellpose.transforms - INFO - processing image with (1024, 1024) HW, and 3 channels
2026-07-07 02:49:39,758 - m3_module.m3_elastic_matching - INFO - elastic_dish_nucleus_matching(overlap-first): IHC=65, DISH=37, matched(1核)=33 (其中重疊=33), drop-out(競爭落敗)=14, 無候選(計入)=18, factor=1.50, min_reach=20.0
2026-07-07 02:49:40,314 - m3_module.m3_dot_detection - INFO - detect_all_dots: 紅點=33, 黑點=84, 涉及細胞=65
2026-07-07 02:49:40,515 - m4_module.cell_crops - INFO - 匯出 31 張 per-cell 影像至 docs/hybrid-pipeline/measurement/runs/large/cell_crops/tile_x5376_y14592/cells
2026-07-07 02:49:40,515 - hybrid_pipeline - INFO - Tile tile_x5376_y14592 完成: 核心擁有 31 細胞 (31 陽性), 1.80 秒
2026-07-07 02:49:40,602 - hybrid_pipeline - INFO - [281/441] 處理 tile: tile_x5376_y1536
2026-07-07 02:49:40,666 - cellpose.transforms - INFO - processing image with (1024, 1024) HW, and 3 channels
2026-07-07 02:49:41,134 - m2_segmentation - INFO - Cellpose 分割完成: 113 個有效細胞
2026-07-07 02:49:41,167 - m3_module.m3_cells_generator - INFO - All-positive 標註完成: 113 個細胞
2026-07-07 02:49:41,220 - m3_module.m3_cells_generator - INFO - enlarge_cell_instances: 113 顆細胞, factor=1.50(面積), 中位半徑=25.5px, 外擴=5.7px
2026-07-07 02:49:41,220 - cellpose.transforms - INFO - processing image with (1024, 1024) HW, and 3 channels
2026-07-07 02:49:41,693 - m3_module.m3_elastic_matching - INFO - elastic_dish_nucleus_matching(overlap-first): IHC=113, DISH=87, matched(1核)=64 (其中重疊=64), drop-out(競爭落敗)=21, 無候選(計入)=28, factor=1.50, min_reach=20.0
2026-07-07 02:49:43,086 - m3_module.m3_dot_detection - INFO - detect_all_dots: 紅點=84, 黑點=182, 涉及細胞=113
2026-07-07 02:49:43,505 - m4_module.cell_crops - INFO - 匯出 75 張 per-cell 影像至 docs/hybrid-pipeline/measurement/runs/large/cell_crops/tile_x5376_y1536/cells
2026-07-07 02:49:43,505 - hybrid_pipeline - INFO - Tile tile_x5376_y1536 完成: 核心擁有 75 細胞 (75 陽性), 2.90 秒
2026-07-07 02:49:43,593 - hybrid_pipeline - INFO - [282/441] 處理 tile: tile_x5376_y15360
2026-07-07 02:49:43,663 - cellpose.transforms - INFO - processing image with (1024, 1024) HW, and 3 channels
2026-07-07 02:49:44,088 - m2_segmentation - INFO - Cellpose 分割完成: 25 個有效細胞
2026-07-07 02:49:44,110 - m3_module.m3_cells_generator - INFO - All-positive 標註完成: 24 個細胞
2026-07-07 02:49:44,142 - m3_module.m3_cells_generator - INFO - enlarge_cell_instances: 24 顆細胞, factor=1.50(面積), 中位半徑=22.4px, 外擴=5.0px
2026-07-07 02:49:44,142 - cellpose.transforms - INFO - processing image with (1024, 1024) HW, and 3 channels
2026-07-07 02:49:44,605 - m3_module.m3_elastic_matching - INFO - elastic_dish_nucleus_matching(overlap-first): IHC=24, DISH=11, matched(1核)=10 (其中重疊=10), drop-out(競爭落敗)=5, 無候選(計入)=9, factor=1.50, min_reach=20.0
2026-07-07 02:49:44,733 - m3_module.m3_dot_detection - INFO - detect_all_dots: 紅點=1, 黑點=7, 涉及細胞=24
2026-07-07 02:49:44,831 - m4_module.cell_crops - INFO - 匯出 6 張 per-cell 影像至 docs/hybrid-pipeline/measurement/runs/large/cell_crops/tile_x5376_y15360/cells
2026-07-07 02:49:44,831 - hybrid_pipeline - INFO - Tile tile_x5376_y15360 完成: 核心擁有 6 細胞 (6 陽性), 1.24 秒
2026-07-07 02:49:44,919 - hybrid_pipeline - INFO - [283/441] 處理 tile: tile_x5376_y2304
2026-07-07 02:49:44,981 - cellpose.transforms - INFO - processing image with (1024, 1024) HW, and 3 channels
2026-07-07 02:49:45,444 - m2_segmentation - INFO - Cellpose 分割完成: 95 個有效細胞
2026-07-07 02:49:45,475 - m3_module.m3_cells_generator - INFO - All-positive 標註完成: 95 個細胞
2026-07-07 02:49:45,525 - m3_module.m3_cells_generator - INFO - enlarge_cell_instances: 95 顆細胞, factor=1.50(面積), 中位半徑=24.9px, 外擴=5.6px
2026-07-07 02:49:45,525 - cellpose.transforms - INFO - processing image with (1024, 1024) HW, and 3 channels
2026-07-07 02:49:45,996 - m3_module.m3_elastic_matching - INFO - elastic_dish_nucleus_matching(overlap-first): IHC=95, DISH=64, matched(1核)=43 (其中重疊=43), drop-out(競爭落敗)=9, 無候選(計入)=43, factor=1.50, min_reach=20.0
2026-07-07 02:49:46,918 - m3_module.m3_dot_detection - INFO - detect_all_dots: 紅點=48, 黑點=115, 涉及細胞=95
2026-07-07 02:49:47,273 - m4_module.cell_crops - INFO - 匯出 57 張 per-cell 影像至 docs/hybrid-pipeline/measurement/runs/large/cell_crops/tile_x5376_y2304/cells
2026-07-07 02:49:47,274 - hybrid_pipeline - INFO - Tile tile_x5376_y2304 完成: 核心擁有 57 細胞 (57 陽性), 2.35 秒
2026-07-07 02:49:47,361 - hybrid_pipeline - INFO - [284/441] 處理 tile: tile_x5376_y3072
2026-07-07 02:49:47,424 - cellpose.transforms - INFO - processing image with (1024, 1024) HW, and 3 channels
2026-07-07 02:49:47,884 - m2_segmentation - INFO - Cellpose 分割完成: 75 個有效細胞
2026-07-07 02:49:47,913 - m3_module.m3_cells_generator - INFO - All-positive 標註完成: 75 個細胞
2026-07-07 02:49:47,963 - m3_module.m3_cells_generator - INFO - enlarge_cell_instances: 75 顆細胞, factor=1.50(面積), 中位半徑=27.5px, 外擴=6.2px
2026-07-07 02:49:47,964 - cellpose.transforms - INFO - processing image with (1024, 1024) HW, and 3 channels
2026-07-07 02:49:48,438 - m3_module.m3_elastic_matching - INFO - elastic_dish_nucleus_matching(overlap-first): IHC=75, DISH=76, matched(1核)=45 (其中重疊=45), drop-out(競爭落敗)=12, 無候選(計入)=18, factor=1.50, min_reach=20.0
2026-07-07 02:49:49,171 - m3_module.m3_dot_detection - INFO - detect_all_dots: 紅點=50, 黑點=92, 涉及細胞=75
2026-07-07 02:49:49,478 - m4_module.cell_crops - INFO - 匯出 37 張 per-cell 影像至 docs/hybrid-pipeline/measurement/runs/large/cell_crops/tile_x5376_y3072/cells
2026-07-07 02:49:49,478 - hybrid_pipeline - INFO - Tile tile_x5376_y3072 完成: 核心擁有 37 細胞 (37 陽性), 2.12 秒
2026-07-07 02:49:49,566 - hybrid_pipeline - INFO - [285/441] 處理 tile: tile_x5376_y3840
2026-07-07 02:49:49,628 - cellpose.transforms - INFO - processing image with (1024, 1024) HW, and 3 channels
2026-07-07 02:49:50,113 - m2_segmentation - INFO - Cellpose 分割完成: 100 個有效細胞
2026-07-07 02:49:50,145 - m3_module.m3_cells_generator - INFO - All-positive 標註完成: 100 個細胞
2026-07-07 02:49:50,200 - m3_module.m3_cells_generator - INFO - enlarge_cell_instances: 100 顆細胞, factor=1.50(面積), 中位半徑=28.9px, 外擴=6.5px
2026-07-07 02:49:50,200 - cellpose.transforms - INFO - processing image with (1024, 1024) HW, and 3 channels
2026-07-07 02:49:50,672 - m3_module.m3_elastic_matching - INFO - elastic_dish_nucleus_matching(overlap-first): IHC=100, DISH=102, matched(1核)=63 (其中重疊=63), drop-out(競爭落敗)=10, 無候選(計入)=27, factor=1.50, min_reach=20.0
2026-07-07 02:49:51,976 - m3_module.m3_dot_detection - INFO - detect_all_dots: 紅點=74, 黑點=167, 涉及細胞=100
2026-07-07 02:49:52,416 - m4_module.cell_crops - INFO - 匯出 55 張 per-cell 影像至 docs/hybrid-pipeline/measurement/runs/large/cell_crops/tile_x5376_y3840/cells
2026-07-07 02:49:52,416 - hybrid_pipeline - INFO - Tile tile_x5376_y3840 完成: 核心擁有 55 細胞 (55 陽性), 2.85 秒
2026-07-07 02:49:52,508 - hybrid_pipeline - INFO - [286/441] 處理 tile: tile_x5376_y4608
2026-07-07 02:49:52,578 - cellpose.transforms - INFO - processing image with (1024, 1024) HW, and 3 channels
2026-07-07 02:49:53,104 - m2_segmentation - INFO - Cellpose 分割完成: 130 個有效細胞
2026-07-07 02:49:53,140 - m3_module.m3_cells_generator - INFO - All-positive 標註完成: 130 個細胞
2026-07-07 02:49:53,196 - m3_module.m3_cells_generator - INFO - enlarge_cell_instances: 130 顆細胞, factor=1.50(面積), 中位半徑=25.6px, 外擴=5.8px
2026-07-07 02:49:53,196 - cellpose.transforms - INFO - processing image with (1024, 1024) HW, and 3 channels
2026-07-07 02:49:53,668 - m3_module.m3_elastic_matching - INFO - elastic_dish_nucleus_matching(overlap-first): IHC=130, DISH=94, matched(1核)=71 (其中重疊=71), drop-out(競爭落敗)=23, 無候選(計入)=36, factor=1.50, min_reach=20.0
2026-07-07 02:49:55,159 - m3_module.m3_dot_detection - INFO - detect_all_dots: 紅點=76, 黑點=187, 涉及細胞=130
2026-07-07 02:49:55,587 - m4_module.cell_crops - INFO - 匯出 74 張 per-cell 影像至 docs/hybrid-pipeline/measurement/runs/large/cell_crops/tile_x5376_y4608/cells
2026-07-07 02:49:55,587 - hybrid_pipeline - INFO - Tile tile_x5376_y4608 完成: 核心擁有 74 細胞 (74 陽性), 3.08 秒
2026-07-07 02:49:55,677 - hybrid_pipeline - INFO - [287/441] 處理 tile: tile_x5376_y5376
2026-07-07 02:49:55,744 - cellpose.transforms - INFO - processing image with (1024, 1024) HW, and 3 channels
2026-07-07 02:49:56,224 - m2_segmentation - INFO - Cellpose 分割完成: 83 個有效細胞
2026-07-07 02:49:56,253 - m3_module.m3_cells_generator - INFO - All-positive 標註完成: 83 個細胞
2026-07-07 02:49:56,303 - m3_module.m3_cells_generator - INFO - enlarge_cell_instances: 83 顆細胞, factor=1.50(面積), 中位半徑=27.9px, 外擴=6.3px
2026-07-07 02:49:56,303 - cellpose.transforms - INFO - processing image with (1024, 1024) HW, and 3 channels
2026-07-07 02:49:56,773 - m3_module.m3_elastic_matching - INFO - elastic_dish_nucleus_matching(overlap-first): IHC=83, DISH=73, matched(1核)=51 (其中重疊=51), drop-out(競爭落敗)=11, 無候選(計入)=21, factor=1.50, min_reach=20.0
2026-07-07 02:49:57,843 - m3_module.m3_dot_detection - INFO - detect_all_dots: 紅點=65, 黑點=152, 涉及細胞=83
2026-07-07 02:49:58,201 - m4_module.cell_crops - INFO - 匯出 53 張 per-cell 影像至 docs/hybrid-pipeline/measurement/runs/large/cell_crops/tile_x5376_y5376/cells
2026-07-07 02:49:58,201 - hybrid_pipeline - INFO - Tile tile_x5376_y5376 完成: 核心擁有 53 細胞 (53 陽性), 2.52 秒
2026-07-07 02:49:58,288 - hybrid_pipeline - INFO - [288/441] 處理 tile: tile_x5376_y6144
2026-07-07 02:49:58,352 - cellpose.transforms - INFO - processing image with (1024, 1024) HW, and 3 channels
2026-07-07 02:49:58,778 - m2_segmentation - INFO - Cellpose 分割完成: 31 個有效細胞
2026-07-07 02:49:58,800 - m3_module.m3_cells_generator - INFO - All-positive 標註完成: 31 個細胞
2026-07-07 02:49:58,834 - m3_module.m3_cells_generator - INFO - enlarge_cell_instances: 31 顆細胞, factor=1.50(面積), 中位半徑=23.5px, 外擴=5.3px
2026-07-07 02:49:58,835 - cellpose.transforms - INFO - processing image with (1024, 1024) HW, and 3 channels
2026-07-07 02:49:59,307 - m3_module.m3_elastic_matching - INFO - elastic_dish_nucleus_matching(overlap-first): IHC=31, DISH=27, matched(1核)=19 (其中重疊=19), drop-out(競爭落敗)=1, 無候選(計入)=11, factor=1.50, min_reach=20.0
2026-07-07 02:49:59,626 - m3_module.m3_dot_detection - INFO - detect_all_dots: 紅點=21, 黑點=45, 涉及細胞=31
2026-07-07 02:49:59,764 - m4_module.cell_crops - INFO - 匯出 23 張 per-cell 影像至 docs/hybrid-pipeline/measurement/runs/large/cell_crops/tile_x5376_y6144/cells
2026-07-07 02:49:59,764 - hybrid_pipeline - INFO - Tile tile_x5376_y6144 完成: 核心擁有 23 細胞 (23 陽性), 1.48 秒
2026-07-07 02:49:59,855 - hybrid_pipeline - INFO - [289/441] 處理 tile: tile_x5376_y6912
2026-07-07 02:49:59,923 - cellpose.transforms - INFO - processing image with (1024, 1024) HW, and 3 channels
2026-07-07 02:50:00,345 - m2_segmentation - INFO - Cellpose 分割完成: 10 個有效細胞
2026-07-07 02:50:00,365 - m3_module.m3_cells_generator - INFO - All-positive 標註完成: 10 個細胞
2026-07-07 02:50:00,392 - m3_module.m3_cells_generator - INFO - enlarge_cell_instances: 10 顆細胞, factor=1.50(面積), 中位半徑=16.1px, 外擴=3.6px
2026-07-07 02:50:00,393 - cellpose.transforms - INFO - processing image with (1024, 1024) HW, and 3 channels
2026-07-07 02:50:00,847 - m3_module.m3_elastic_matching - INFO - elastic_dish_nucleus_matching(overlap-first): IHC=10, DISH=8, matched(1核)=5 (其中重疊=5), drop-out(競爭落敗)=0, 無候選(計入)=5, factor=1.50, min_reach=20.0
2026-07-07 02:50:00,983 - m3_module.m3_dot_detection - INFO - detect_all_dots: 紅點=8, 黑點=9, 涉及細胞=10
2026-07-07 02:50:01,059 - m4_module.cell_crops - INFO - 匯出 0 張 per-cell 影像至 docs/hybrid-pipeline/measurement/runs/large/cell_crops/tile_x5376_y6912/cells
2026-07-07 02:50:01,059 - hybrid_pipeline - INFO - Tile tile_x5376_y6912 完成: 核心擁有 0 細胞 (0 陽性), 1.20 秒
2026-07-07 02:50:01,146 - hybrid_pipeline - INFO - [290/441] 處理 tile: tile_x5376_y768
2026-07-07 02:50:01,209 - cellpose.transforms - INFO - processing image with (1024, 1024) HW, and 3 channels
2026-07-07 02:50:01,658 - m2_segmentation - INFO - Cellpose 分割完成: 102 個有效細胞
2026-07-07 02:50:01,690 - m3_module.m3_cells_generator - INFO - All-positive 標註完成: 102 個細胞
2026-07-07 02:50:01,738 - m3_module.m3_cells_generator - INFO - enlarge_cell_instances: 102 顆細胞, factor=1.50(面積), 中位半徑=25.4px, 外擴=5.7px
2026-07-07 02:50:01,739 - cellpose.transforms - INFO - processing image with (1024, 1024) HW, and 3 channels
2026-07-07 02:50:02,213 - m3_module.m3_elastic_matching - INFO - elastic_dish_nucleus_matching(overlap-first): IHC=102, DISH=66, matched(1核)=55 (其中重疊=55), drop-out(競爭落敗)=22, 無候選(計入)=25, factor=1.50, min_reach=20.0
2026-07-07 02:50:03,300 - m3_module.m3_dot_detection - INFO - detect_all_dots: 紅點=70, 黑點=143, 涉及細胞=102
2026-07-07 02:50:03,586 - m4_module.cell_crops - INFO - 匯出 39 張 per-cell 影像至 docs/hybrid-pipeline/measurement/runs/large/cell_crops/tile_x5376_y768/cells
2026-07-07 02:50:03,586 - hybrid_pipeline - INFO - Tile tile_x5376_y768 完成: 核心擁有 39 細胞 (39 陽性), 2.44 秒
2026-07-07 02:50:03,676 - hybrid_pipeline - INFO - [291/441] 處理 tile: tile_x5376_y7680
2026-07-07 02:50:03,735 - cellpose.transforms - INFO - processing image with (1024, 1024) HW, and 3 channels
2026-07-07 02:50:04,184 - m2_segmentation - INFO - Cellpose 分割完成: 45 個有效細胞
2026-07-07 02:50:04,208 - m3_module.m3_cells_generator - INFO - All-positive 標註完成: 45 個細胞
2026-07-07 02:50:04,246 - m3_module.m3_cells_generator - INFO - enlarge_cell_instances: 45 顆細胞, factor=1.50(面積), 中位半徑=30.1px, 外擴=6.8px
2026-07-07 02:50:04,246 - cellpose.transforms - INFO - processing image with (1024, 1024) HW, and 3 channels
2026-07-07 02:50:04,722 - m3_module.m3_elastic_matching - INFO - elastic_dish_nucleus_matching(overlap-first): IHC=45, DISH=29, matched(1核)=21 (其中重疊=21), drop-out(競爭落敗)=10, 無候選(計入)=14, factor=1.50, min_reach=20.0
2026-07-07 02:50:05,195 - m3_module.m3_dot_detection - INFO - detect_all_dots: 紅點=21, 黑點=42, 涉及細胞=45
2026-07-07 02:50:05,381 - m4_module.cell_crops - INFO - 匯出 15 張 per-cell 影像至 docs/hybrid-pipeline/measurement/runs/large/cell_crops/tile_x5376_y7680/cells
2026-07-07 02:50:05,381 - hybrid_pipeline - INFO - Tile tile_x5376_y7680 完成: 核心擁有 15 細胞 (15 陽性), 1.70 秒
2026-07-07 02:50:05,468 - hybrid_pipeline - INFO - [292/441] 處理 tile: tile_x5376_y8448
2026-07-07 02:50:05,531 - cellpose.transforms - INFO - processing image with (1024, 1024) HW, and 3 channels
2026-07-07 02:50:05,987 - m2_segmentation - INFO - Cellpose 分割完成: 62 個有效細胞
2026-07-07 02:50:06,013 - m3_module.m3_cells_generator - INFO - All-positive 標註完成: 62 個細胞
2026-07-07 02:50:06,052 - m3_module.m3_cells_generator - INFO - enlarge_cell_instances: 62 顆細胞, factor=1.50(面積), 中位半徑=28.8px, 外擴=6.5px
2026-07-07 02:50:06,052 - cellpose.transforms - INFO - processing image with (1024, 1024) HW, and 3 channels
2026-07-07 02:50:06,517 - m3_module.m3_elastic_matching - INFO - elastic_dish_nucleus_matching(overlap-first): IHC=62, DISH=35, matched(1核)=28 (其中重疊=28), drop-out(競爭落敗)=19, 無候選(計入)=15, factor=1.50, min_reach=20.0
2026-07-07 02:50:07,085 - m3_module.m3_dot_detection - INFO - detect_all_dots: 紅點=29, 黑點=70, 涉及細胞=62
2026-07-07 02:50:07,301 - m4_module.cell_crops - INFO - 匯出 27 張 per-cell 影像至 docs/hybrid-pipeline/measurement/runs/large/cell_crops/tile_x5376_y8448/cells
2026-07-07 02:50:07,301 - hybrid_pipeline - INFO - Tile tile_x5376_y8448 完成: 核心擁有 27 細胞 (27 陽性), 1.83 秒
2026-07-07 02:50:07,388 - hybrid_pipeline - INFO - [293/441] 處理 tile: tile_x5376_y9216
2026-07-07 02:50:07,453 - cellpose.transforms - INFO - processing image with (1024, 1024) HW, and 3 channels
2026-07-07 02:50:07,905 - m2_segmentation - INFO - Cellpose 分割完成: 48 個有效細胞
2026-07-07 02:50:07,930 - m3_module.m3_cells_generator - INFO - All-positive 標註完成: 48 個細胞
2026-07-07 02:50:07,967 - m3_module.m3_cells_generator - INFO - enlarge_cell_instances: 48 顆細胞, factor=1.50(面積), 中位半徑=33.6px, 外擴=7.6px
2026-07-07 02:50:07,968 - cellpose.transforms - INFO - processing image with (1024, 1024) HW, and 3 channels
2026-07-07 02:50:08,434 - m3_module.m3_elastic_matching - INFO - elastic_dish_nucleus_matching(overlap-first): IHC=48, DISH=32, matched(1核)=27 (其中重疊=27), drop-out(競爭落敗)=6, 無候選(計入)=15, factor=1.50, min_reach=20.0
2026-07-07 02:50:08,931 - m3_module.m3_dot_detection - INFO - detect_all_dots: 紅點=26, 黑點=50, 涉及細胞=48
2026-07-07 02:50:09,132 - m4_module.cell_crops - INFO - 匯出 25 張 per-cell 影像至 docs/hybrid-pipeline/measurement/runs/large/cell_crops/tile_x5376_y9216/cells
2026-07-07 02:50:09,132 - hybrid_pipeline - INFO - Tile tile_x5376_y9216 完成: 核心擁有 25 細胞 (25 陽性), 1.74 秒
2026-07-07 02:50:09,220 - hybrid_pipeline - INFO - [294/441] 處理 tile: tile_x5376_y9984
2026-07-07 02:50:09,287 - cellpose.transforms - INFO - processing image with (1024, 1024) HW, and 3 channels
2026-07-07 02:50:09,749 - m2_segmentation - INFO - Cellpose 分割完成: 81 個有效細胞
2026-07-07 02:50:09,779 - m3_module.m3_cells_generator - INFO - All-positive 標註完成: 81 個細胞
2026-07-07 02:50:09,825 - m3_module.m3_cells_generator - INFO - enlarge_cell_instances: 81 顆細胞, factor=1.50(面積), 中位半徑=30.3px, 外擴=6.8px
2026-07-07 02:50:09,825 - cellpose.transforms - INFO - processing image with (1024, 1024) HW, and 3 channels
2026-07-07 02:50:10,288 - m3_module.m3_elastic_matching - INFO - elastic_dish_nucleus_matching(overlap-first): IHC=81, DISH=63, matched(1核)=48 (其中重疊=48), drop-out(競爭落敗)=14, 無候選(計入)=19, factor=1.50, min_reach=20.0
2026-07-07 02:50:11,258 - m3_module.m3_dot_detection - INFO - detect_all_dots: 紅點=65, 黑點=140, 涉及細胞=81
2026-07-07 02:50:11,566 - m4_module.cell_crops - INFO - 匯出 53 張 per-cell 影像至 docs/hybrid-pipeline/measurement/runs/large/cell_crops/tile_x5376_y9984/cells
2026-07-07 02:50:11,566 - hybrid_pipeline - INFO - Tile tile_x5376_y9984 完成: 核心擁有 53 細胞 (53 陽性), 2.35 秒
2026-07-07 02:50:11,662 - hybrid_pipeline - INFO - [295/441] 處理 tile: tile_x6144_y0
2026-07-07 02:50:11,722 - cellpose.transforms - INFO - processing image with (1024, 1024) HW, and 3 channels
2026-07-07 02:50:12,174 - m2_segmentation - INFO - Cellpose 分割完成: 78 個有效細胞
2026-07-07 02:50:12,203 - m3_module.m3_cells_generator - INFO - All-positive 標註完成: 77 個細胞
2026-07-07 02:50:12,256 - m3_module.m3_cells_generator - INFO - enlarge_cell_instances: 77 顆細胞, factor=1.50(面積), 中位半徑=25.5px, 外擴=5.7px
2026-07-07 02:50:12,256 - cellpose.transforms - INFO - processing image with (1024, 1024) HW, and 3 channels
2026-07-07 02:50:12,741 - m3_module.m3_elastic_matching - INFO - elastic_dish_nucleus_matching(overlap-first): IHC=77, DISH=80, matched(1核)=47 (其中重疊=47), drop-out(競爭落敗)=11, 無候選(計入)=19, factor=1.50, min_reach=20.0
2026-07-07 02:50:13,660 - m3_module.m3_dot_detection - INFO - detect_all_dots: 紅點=63, 黑點=144, 涉及細胞=77
2026-07-07 02:50:14,001 - m4_module.cell_crops - INFO - 匯出 46 張 per-cell 影像至 docs/hybrid-pipeline/measurement/runs/large/cell_crops/tile_x6144_y0/cells
2026-07-07 02:50:14,001 - hybrid_pipeline - INFO - Tile tile_x6144_y0 完成: 核心擁有 46 細胞 (46 陽性), 2.34 秒
2026-07-07 02:50:14,091 - hybrid_pipeline - INFO - [296/441] 處理 tile: tile_x6144_y10752
2026-07-07 02:50:14,158 - cellpose.transforms - INFO - processing image with (1024, 1024) HW, and 3 channels
2026-07-07 02:50:14,577 - m2_segmentation - INFO - Cellpose 分割完成: 12 個有效細胞
2026-07-07 02:50:14,597 - m3_module.m3_cells_generator - INFO - All-positive 標註完成: 12 個細胞
2026-07-07 02:50:14,625 - m3_module.m3_cells_generator - INFO - enlarge_cell_instances: 12 顆細胞, factor=1.50(面積), 中位半徑=33.6px, 外擴=7.6px
2026-07-07 02:50:14,626 - cellpose.transforms - INFO - processing image with (1024, 1024) HW, and 3 channels
2026-07-07 02:50:15,094 - m3_module.m3_elastic_matching - INFO - elastic_dish_nucleus_matching(overlap-first): IHC=12, DISH=15, matched(1核)=7 (其中重疊=7), drop-out(競爭落敗)=1, 無候選(計入)=4, factor=1.50, min_reach=20.0
2026-07-07 02:50:15,256 - m3_module.m3_dot_detection - INFO - detect_all_dots: 紅點=9, 黑點=13, 涉及細胞=12
2026-07-07 02:50:15,364 - m4_module.cell_crops - INFO - 匯出 6 張 per-cell 影像至 docs/hybrid-pipeline/measurement/runs/large/cell_crops/tile_x6144_y10752/cells
2026-07-07 02:50:15,364 - hybrid_pipeline - INFO - Tile tile_x6144_y10752 完成: 核心擁有 6 細胞 (6 陽性), 1.27 秒
2026-07-07 02:50:15,454 - hybrid_pipeline - INFO - [297/441] 處理 tile: tile_x6144_y11520
2026-07-07 02:50:15,523 - cellpose.transforms - INFO - processing image with (1024, 1024) HW, and 3 channels
2026-07-07 02:50:15,944 - m2_segmentation - INFO - Cellpose 分割完成: 21 個有效細胞
2026-07-07 02:50:15,965 - m3_module.m3_cells_generator - INFO - All-positive 標註完成: 21 個細胞
2026-07-07 02:50:16,001 - m3_module.m3_cells_generator - INFO - enlarge_cell_instances: 21 顆細胞, factor=1.50(面積), 中位半徑=28.3px, 外擴=6.4px
2026-07-07 02:50:16,002 - cellpose.transforms - INFO - processing image with (1024, 1024) HW, and 3 channels
2026-07-07 02:50:16,457 - m3_module.m3_elastic_matching - INFO - elastic_dish_nucleus_matching(overlap-first): IHC=21, DISH=24, matched(1核)=13 (其中重疊=13), drop-out(競爭落敗)=4, 無候選(計入)=4, factor=1.50, min_reach=20.0
2026-07-07 02:50:16,704 - m3_module.m3_dot_detection - INFO - detect_all_dots: 紅點=17, 黑點=27, 涉及細胞=21
2026-07-07 02:50:16,829 - m4_module.cell_crops - INFO - 匯出 16 張 per-cell 影像至 docs/hybrid-pipeline/measurement/runs/large/cell_crops/tile_x6144_y11520/cells
2026-07-07 02:50:16,829 - hybrid_pipeline - INFO - Tile tile_x6144_y11520 完成: 核心擁有 16 細胞 (16 陽性), 1.37 秒
2026-07-07 02:50:16,917 - hybrid_pipeline - INFO - [298/441] 處理 tile: tile_x6144_y12288
2026-07-07 02:50:16,985 - cellpose.transforms - INFO - processing image with (1024, 1024) HW, and 3 channels
2026-07-07 02:50:17,405 - m2_segmentation - INFO - Cellpose 分割完成: 14 個有效細胞
2026-07-07 02:50:17,425 - m3_module.m3_cells_generator - INFO - All-positive 標註完成: 14 個細胞
2026-07-07 02:50:17,456 - m3_module.m3_cells_generator - INFO - enlarge_cell_instances: 14 顆細胞, factor=1.50(面積), 中位半徑=27.6px, 外擴=6.2px
2026-07-07 02:50:17,457 - cellpose.transforms - INFO - processing image with (1024, 1024) HW, and 3 channels
2026-07-07 02:50:17,926 - m3_module.m3_elastic_matching - INFO - elastic_dish_nucleus_matching(overlap-first): IHC=14, DISH=14, matched(1核)=10 (其中重疊=10), drop-out(競爭落敗)=4, 無候選(計入)=0, factor=1.50, min_reach=20.0
2026-07-07 02:50:18,109 - m3_module.m3_dot_detection - INFO - detect_all_dots: 紅點=10, 黑點=25, 涉及細胞=14
2026-07-07 02:50:18,195 - m4_module.cell_crops - INFO - 匯出 5 張 per-cell 影像至 docs/hybrid-pipeline/measurement/runs/large/cell_crops/tile_x6144_y12288/cells
2026-07-07 02:50:18,196 - hybrid_pipeline - INFO - Tile tile_x6144_y12288 完成: 核心擁有 5 細胞 (5 陽性), 1.28 秒
2026-07-07 02:50:18,283 - hybrid_pipeline - INFO - [299/441] 處理 tile: tile_x6144_y13056
2026-07-07 02:50:18,347 - cellpose.transforms - INFO - processing image with (1024, 1024) HW, and 3 channels
2026-07-07 02:50:18,760 - m2_segmentation - INFO - Cellpose 分割完成: 9 個有效細胞
2026-07-07 02:50:18,779 - m3_module.m3_cells_generator - INFO - All-positive 標註完成: 9 個細胞
2026-07-07 02:50:18,808 - m3_module.m3_cells_generator - INFO - enlarge_cell_instances: 9 顆細胞, factor=1.50(面積), 中位半徑=33.6px, 外擴=7.6px
2026-07-07 02:50:18,808 - cellpose.transforms - INFO - processing image with (1024, 1024) HW, and 3 channels
2026-07-07 02:50:19,277 - m3_module.m3_elastic_matching - INFO - elastic_dish_nucleus_matching(overlap-first): IHC=9, DISH=12, matched(1核)=9 (其中重疊=9), drop-out(競爭落敗)=0, 無候選(計入)=0, factor=1.50, min_reach=20.0
2026-07-07 02:50:19,449 - m3_module.m3_dot_detection - INFO - detect_all_dots: 紅點=11, 黑點=26, 涉及細胞=9
2026-07-07 02:50:19,527 - m4_module.cell_crops - INFO - 匯出 5 張 per-cell 影像至 docs/hybrid-pipeline/measurement/runs/large/cell_crops/tile_x6144_y13056/cells
2026-07-07 02:50:19,527 - hybrid_pipeline - INFO - Tile tile_x6144_y13056 完成: 核心擁有 5 細胞 (5 陽性), 1.24 秒
2026-07-07 02:50:19,615 - hybrid_pipeline - INFO - [300/441] 處理 tile: tile_x6144_y13824
2026-07-07 02:50:19,678 - cellpose.transforms - INFO - processing image with (1024, 1024) HW, and 3 channels
2026-07-07 02:50:20,093 - m2_segmentation - INFO - Cellpose 分割完成: 5 個有效細胞
2026-07-07 02:50:20,111 - m3_module.m3_cells_generator - INFO - All-positive 標註完成: 5 個細胞
2026-07-07 02:50:20,136 - m3_module.m3_cells_generator - INFO - enlarge_cell_instances: 5 顆細胞, factor=1.50(面積), 中位半徑=27.2px, 外擴=6.1px
2026-07-07 02:50:20,137 - cellpose.transforms - INFO - processing image with (1024, 1024) HW, and 3 channels
2026-07-07 02:50:20,601 - m3_module.m3_elastic_matching - INFO - elastic_dish_nucleus_matching(overlap-first): IHC=5, DISH=11, matched(1核)=2 (其中重疊=2), drop-out(競爭落敗)=2, 無候選(計入)=1, factor=1.50, min_reach=20.0
2026-07-07 02:50:20,714 - m3_module.m3_dot_detection - INFO - detect_all_dots: 紅點=2, 黑點=7, 涉及細胞=5
2026-07-07 02:50:20,792 - m4_module.cell_crops - INFO - 匯出 1 張 per-cell 影像至 docs/hybrid-pipeline/measurement/runs/large/cell_crops/tile_x6144_y13824/cells
2026-07-07 02:50:20,792 - hybrid_pipeline - INFO - Tile tile_x6144_y13824 完成: 核心擁有 1 細胞 (1 陽性), 1.18 秒
2026-07-07 02:50:20,881 - hybrid_pipeline - INFO - [301/441] 處理 tile: tile_x6144_y14592
2026-07-07 02:50:20,943 - hybrid_pipeline - INFO - Tile tile_x6144_y14592: 核心遮罩全空 → 空白 placeholder
2026-07-07 02:50:21,028 - hybrid_pipeline - INFO - [302/441] 處理 tile: tile_x6144_y1536
2026-07-07 02:50:21,091 - cellpose.transforms - INFO - processing image with (1024, 1024) HW, and 3 channels
2026-07-07 02:50:21,550 - m2_segmentation - INFO - Cellpose 分割完成: 94 個有效細胞
2026-07-07 02:50:21,581 - m3_module.m3_cells_generator - INFO - All-positive 標註完成: 94 個細胞
2026-07-07 02:50:21,630 - m3_module.m3_cells_generator - INFO - enlarge_cell_instances: 94 顆細胞, factor=1.50(面積), 中位半徑=25.8px, 外擴=5.8px
2026-07-07 02:50:21,631 - cellpose.transforms - INFO - processing image with (1024, 1024) HW, and 3 channels
2026-07-07 02:50:22,105 - m3_module.m3_elastic_matching - INFO - elastic_dish_nucleus_matching(overlap-first): IHC=94, DISH=84, matched(1核)=55 (其中重疊=55), drop-out(競爭落敗)=17, 無候選(計入)=22, factor=1.50, min_reach=20.0
2026-07-07 02:50:23,211 - m3_module.m3_dot_detection - INFO - detect_all_dots: 紅點=78, 黑點=168, 涉及細胞=94
2026-07-07 02:50:23,585 - m4_module.cell_crops - INFO - 匯出 39 張 per-cell 影像至 docs/hybrid-pipeline/measurement/runs/large/cell_crops/tile_x6144_y1536/cells
2026-07-07 02:50:23,585 - hybrid_pipeline - INFO - Tile tile_x6144_y1536 完成: 核心擁有 39 細胞 (39 陽性), 2.56 秒
2026-07-07 02:50:23,673 - hybrid_pipeline - INFO - [303/441] 處理 tile: tile_x6144_y15360
2026-07-07 02:50:23,736 - cellpose.transforms - INFO - processing image with (1024, 1024) HW, and 3 channels
2026-07-07 02:50:24,047 - cellpose.dynamics - INFO - No cell pixels found.
2026-07-07 02:50:24,094 - m2_segmentation - INFO - Cellpose 分割完成: 0 個有效細胞
2026-07-07 02:50:24,095 - m3_module.m3_cells_generator - INFO - All-positive 標註完成: 0 個細胞
2026-07-07 02:50:24,098 - cellpose.transforms - INFO - processing image with (1024, 1024) HW, and 3 channels
2026-07-07 02:50:24,635 - m3_module.m3_dot_detection - INFO - detect_all_dots: 紅點=0, 黑點=0, 涉及細胞=0
2026-07-07 02:50:24,663 - m4_module.cell_crops - INFO - 匯出 0 張 per-cell 影像至 docs/hybrid-pipeline/measurement/runs/large/cell_crops/tile_x6144_y15360/cells
2026-07-07 02:50:24,663 - hybrid_pipeline - INFO - Tile tile_x6144_y15360 完成: 核心擁有 0 細胞 (0 陽性), 0.99 秒
2026-07-07 02:50:24,751 - hybrid_pipeline - INFO - [304/441] 處理 tile: tile_x6144_y2304
2026-07-07 02:50:24,812 - cellpose.transforms - INFO - processing image with (1024, 1024) HW, and 3 channels
2026-07-07 02:50:25,325 - m2_segmentation - INFO - Cellpose 分割完成: 110 個有效細胞
2026-07-07 02:50:25,358 - m3_module.m3_cells_generator - INFO - All-positive 標註完成: 110 個細胞
2026-07-07 02:50:25,413 - m3_module.m3_cells_generator - INFO - enlarge_cell_instances: 110 顆細胞, factor=1.50(面積), 中位半徑=27.3px, 外擴=6.1px
2026-07-07 02:50:25,413 - cellpose.transforms - INFO - processing image with (1024, 1024) HW, and 3 channels
2026-07-07 02:50:25,871 - m3_module.m3_elastic_matching - INFO - elastic_dish_nucleus_matching(overlap-first): IHC=110, DISH=99, matched(1核)=59 (其中重疊=59), drop-out(競爭落敗)=15, 無候選(計入)=36, factor=1.50, min_reach=20.0
2026-07-07 02:50:26,804 - m3_module.m3_dot_detection - INFO - detect_all_dots: 紅點=64, 黑點=139, 涉及細胞=110
2026-07-07 02:50:27,244 - m4_module.cell_crops - INFO - 匯出 56 張 per-cell 影像至 docs/hybrid-pipeline/measurement/runs/large/cell_crops/tile_x6144_y2304/cells
2026-07-07 02:50:27,244 - hybrid_pipeline - INFO - Tile tile_x6144_y2304 完成: 核心擁有 56 細胞 (56 陽性), 2.49 秒
2026-07-07 02:50:27,332 - hybrid_pipeline - INFO - [305/441] 處理 tile: tile_x6144_y3072
2026-07-07 02:50:27,395 - cellpose.transforms - INFO - processing image with (1024, 1024) HW, and 3 channels
2026-07-07 02:50:27,916 - m2_segmentation - INFO - Cellpose 分割完成: 131 個有效細胞
2026-07-07 02:50:27,951 - m3_module.m3_cells_generator - INFO - All-positive 標註完成: 131 個細胞
2026-07-07 02:50:28,008 - m3_module.m3_cells_generator - INFO - enlarge_cell_instances: 131 顆細胞, factor=1.50(面積), 中位半徑=30.6px, 外擴=6.9px
2026-07-07 02:50:28,008 - cellpose.transforms - INFO - processing image with (1024, 1024) HW, and 3 channels
2026-07-07 02:50:28,474 - m3_module.m3_elastic_matching - INFO - elastic_dish_nucleus_matching(overlap-first): IHC=131, DISH=89, matched(1核)=70 (其中重疊=70), drop-out(競爭落敗)=29, 無候選(計入)=32, factor=1.50, min_reach=20.0
2026-07-07 02:50:29,954 - m3_module.m3_dot_detection - INFO - detect_all_dots: 紅點=86, 黑點=183, 涉及細胞=131
2026-07-07 02:50:30,408 - m4_module.cell_crops - INFO - 匯出 73 張 per-cell 影像至 docs/hybrid-pipeline/measurement/runs/large/cell_crops/tile_x6144_y3072/cells
2026-07-07 02:50:30,408 - hybrid_pipeline - INFO - Tile tile_x6144_y3072 完成: 核心擁有 73 細胞 (73 陽性), 3.08 秒
2026-07-07 02:50:30,503 - hybrid_pipeline - INFO - [306/441] 處理 tile: tile_x6144_y3840
2026-07-07 02:50:30,567 - cellpose.transforms - INFO - processing image with (1024, 1024) HW, and 3 channels
2026-07-07 02:50:31,086 - m2_segmentation - INFO - Cellpose 分割完成: 107 個有效細胞
2026-07-07 02:50:31,119 - m3_module.m3_cells_generator - INFO - All-positive 標註完成: 107 個細胞
2026-07-07 02:50:31,172 - m3_module.m3_cells_generator - INFO - enlarge_cell_instances: 107 顆細胞, factor=1.50(面積), 中位半徑=27.2px, 外擴=6.1px
2026-07-07 02:50:31,172 - cellpose.transforms - INFO - processing image with (1024, 1024) HW, and 3 channels
2026-07-07 02:50:31,646 - m3_module.m3_elastic_matching - INFO - elastic_dish_nucleus_matching(overlap-first): IHC=107, DISH=83, matched(1核)=61 (其中重疊=61), drop-out(競爭落敗)=18, 無候選(計入)=28, factor=1.50, min_reach=20.0
2026-07-07 02:50:32,927 - m3_module.m3_dot_detection - INFO - detect_all_dots: 紅點=70, 黑點=169, 涉及細胞=107
2026-07-07 02:50:33,322 - m4_module.cell_crops - INFO - 匯出 62 張 per-cell 影像至 docs/hybrid-pipeline/measurement/runs/large/cell_crops/tile_x6144_y3840/cells
2026-07-07 02:50:33,322 - hybrid_pipeline - INFO - Tile tile_x6144_y3840 完成: 核心擁有 62 細胞 (62 陽性), 2.82 秒
2026-07-07 02:50:33,411 - hybrid_pipeline - INFO - [307/441] 處理 tile: tile_x6144_y4608
2026-07-07 02:50:33,473 - cellpose.transforms - INFO - processing image with (1024, 1024) HW, and 3 channels
2026-07-07 02:50:33,951 - m2_segmentation - INFO - Cellpose 分割完成: 81 個有效細胞
2026-07-07 02:50:33,980 - m3_module.m3_cells_generator - INFO - All-positive 標註完成: 81 個細胞
2026-07-07 02:50:34,027 - m3_module.m3_cells_generator - INFO - enlarge_cell_instances: 81 顆細胞, factor=1.50(面積), 中位半徑=26.2px, 外擴=5.9px
2026-07-07 02:50:34,028 - cellpose.transforms - INFO - processing image with (1024, 1024) HW, and 3 channels
2026-07-07 02:50:34,491 - m3_module.m3_elastic_matching - INFO - elastic_dish_nucleus_matching(overlap-first): IHC=81, DISH=81, matched(1核)=46 (其中重疊=46), drop-out(競爭落敗)=13, 無候選(計入)=22, factor=1.50, min_reach=20.0
2026-07-07 02:50:35,440 - m3_module.m3_dot_detection - INFO - detect_all_dots: 紅點=58, 黑點=118, 涉及細胞=81
2026-07-07 02:50:35,791 - m4_module.cell_crops - INFO - 匯出 43 張 per-cell 影像至 docs/hybrid-pipeline/measurement/runs/large/cell_crops/tile_x6144_y4608/cells
2026-07-07 02:50:35,791 - hybrid_pipeline - INFO - Tile tile_x6144_y4608 完成: 核心擁有 43 細胞 (43 陽性), 2.38 秒
2026-07-07 02:50:35,879 - hybrid_pipeline - INFO - [308/441] 處理 tile: tile_x6144_y5376
2026-07-07 02:50:35,941 - cellpose.transforms - INFO - processing image with (1024, 1024) HW, and 3 channels
2026-07-07 02:50:36,399 - m2_segmentation - INFO - Cellpose 分割完成: 54 個有效細胞
2026-07-07 02:50:36,424 - m3_module.m3_cells_generator - INFO - All-positive 標註完成: 54 個細胞
2026-07-07 02:50:36,469 - m3_module.m3_cells_generator - INFO - enlarge_cell_instances: 54 顆細胞, factor=1.50(面積), 中位半徑=27.9px, 外擴=6.3px
2026-07-07 02:50:36,470 - cellpose.transforms - INFO - processing image with (1024, 1024) HW, and 3 channels
2026-07-07 02:50:36,934 - m3_module.m3_elastic_matching - INFO - elastic_dish_nucleus_matching(overlap-first): IHC=54, DISH=79, matched(1核)=33 (其中重疊=33), drop-out(競爭落敗)=4, 無候選(計入)=17, factor=1.50, min_reach=20.0
2026-07-07 02:50:37,521 - m3_module.m3_dot_detection - INFO - detect_all_dots: 紅點=33, 黑點=61, 涉及細胞=54
2026-07-07 02:50:37,813 - m4_module.cell_crops - INFO - 匯出 33 張 per-cell 影像至 docs/hybrid-pipeline/measurement/runs/large/cell_crops/tile_x6144_y5376/cells
2026-07-07 02:50:37,813 - hybrid_pipeline - INFO - Tile tile_x6144_y5376 完成: 核心擁有 33 細胞 (33 陽性), 1.93 秒
2026-07-07 02:50:37,901 - hybrid_pipeline - INFO - [309/441] 處理 tile: tile_x6144_y6144
2026-07-07 02:50:37,965 - cellpose.transforms - INFO - processing image with (1024, 1024) HW, and 3 channels
2026-07-07 02:50:38,397 - m2_segmentation - INFO - Cellpose 分割完成: 36 個有效細胞
2026-07-07 02:50:38,420 - m3_module.m3_cells_generator - INFO - All-positive 標註完成: 36 個細胞
2026-07-07 02:50:38,457 - m3_module.m3_cells_generator - INFO - enlarge_cell_instances: 36 顆細胞, factor=1.50(面積), 中位半徑=24.5px, 外擴=5.5px
2026-07-07 02:50:38,457 - cellpose.transforms - INFO - processing image with (1024, 1024) HW, and 3 channels
2026-07-07 02:50:38,914 - m3_module.m3_elastic_matching - INFO - elastic_dish_nucleus_matching(overlap-first): IHC=36, DISH=42, matched(1核)=20 (其中重疊=20), drop-out(競爭落敗)=4, 無候選(計入)=12, factor=1.50, min_reach=20.0
2026-07-07 02:50:39,339 - m3_module.m3_dot_detection - INFO - detect_all_dots: 紅點=29, 黑點=48, 涉及細胞=36
2026-07-07 02:50:39,544 - m4_module.cell_crops - INFO - 匯出 21 張 per-cell 影像至 docs/hybrid-pipeline/measurement/runs/large/cell_crops/tile_x6144_y6144/cells
2026-07-07 02:50:39,544 - hybrid_pipeline - INFO - Tile tile_x6144_y6144 完成: 核心擁有 21 細胞 (21 陽性), 1.64 秒
2026-07-07 02:50:39,633 - hybrid_pipeline - INFO - [310/441] 處理 tile: tile_x6144_y6912
2026-07-07 02:50:39,702 - cellpose.transforms - INFO - processing image with (1024, 1024) HW, and 3 channels
2026-07-07 02:50:40,129 - m2_segmentation - INFO - Cellpose 分割完成: 38 個有效細胞
2026-07-07 02:50:40,153 - m3_module.m3_cells_generator - INFO - All-positive 標註完成: 38 個細胞
2026-07-07 02:50:40,190 - m3_module.m3_cells_generator - INFO - enlarge_cell_instances: 38 顆細胞, factor=1.50(面積), 中位半徑=20.8px, 外擴=4.7px
2026-07-07 02:50:40,190 - cellpose.transforms - INFO - processing image with (1024, 1024) HW, and 3 channels
2026-07-07 02:50:40,652 - m3_module.m3_elastic_matching - INFO - elastic_dish_nucleus_matching(overlap-first): IHC=38, DISH=29, matched(1核)=23 (其中重疊=23), drop-out(競爭落敗)=6, 無候選(計入)=9, factor=1.50, min_reach=20.0
2026-07-07 02:50:41,216 - m3_module.m3_dot_detection - INFO - detect_all_dots: 紅點=29, 黑點=61, 涉及細胞=38
2026-07-07 02:50:41,370 - m4_module.cell_crops - INFO - 匯出 20 張 per-cell 影像至 docs/hybrid-pipeline/measurement/runs/large/cell_crops/tile_x6144_y6912/cells
2026-07-07 02:50:41,370 - hybrid_pipeline - INFO - Tile tile_x6144_y6912 完成: 核心擁有 20 細胞 (20 陽性), 1.74 秒
2026-07-07 02:50:41,461 - hybrid_pipeline - INFO - [311/441] 處理 tile: tile_x6144_y768
2026-07-07 02:50:41,526 - cellpose.transforms - INFO - processing image with (1024, 1024) HW, and 3 channels
2026-07-07 02:50:42,009 - m2_segmentation - INFO - Cellpose 分割完成: 132 個有效細胞
2026-07-07 02:50:42,047 - m3_module.m3_cells_generator - INFO - All-positive 標註完成: 132 個細胞
2026-07-07 02:50:42,101 - m3_module.m3_cells_generator - INFO - enlarge_cell_instances: 132 顆細胞, factor=1.50(面積), 中位半徑=24.7px, 外擴=5.6px
2026-07-07 02:50:42,101 - cellpose.transforms - INFO - processing image with (1024, 1024) HW, and 3 channels
2026-07-07 02:50:42,587 - m3_module.m3_elastic_matching - INFO - elastic_dish_nucleus_matching(overlap-first): IHC=132, DISH=99, matched(1核)=74 (其中重疊=73), drop-out(競爭落敗)=31, 無候選(計入)=27, factor=1.50, min_reach=20.0
2026-07-07 02:50:44,273 - m3_module.m3_dot_detection - INFO - detect_all_dots: 紅點=103, 黑點=224, 涉及細胞=132
2026-07-07 02:50:44,699 - m4_module.cell_crops - INFO - 匯出 80 張 per-cell 影像至 docs/hybrid-pipeline/measurement/runs/large/cell_crops/tile_x6144_y768/cells
2026-07-07 02:50:44,700 - hybrid_pipeline - INFO - Tile tile_x6144_y768 完成: 核心擁有 80 細胞 (80 陽性), 3.24 秒
2026-07-07 02:50:44,788 - hybrid_pipeline - INFO - [312/441] 處理 tile: tile_x6144_y7680
2026-07-07 02:50:44,858 - cellpose.transforms - INFO - processing image with (1024, 1024) HW, and 3 channels
2026-07-07 02:50:45,297 - m2_segmentation - INFO - Cellpose 分割完成: 62 個有效細胞
2026-07-07 02:50:45,324 - m3_module.m3_cells_generator - INFO - All-positive 標註完成: 62 個細胞
2026-07-07 02:50:45,359 - m3_module.m3_cells_generator - INFO - enlarge_cell_instances: 62 顆細胞, factor=1.50(面積), 中位半徑=22.1px, 外擴=5.0px
2026-07-07 02:50:45,360 - cellpose.transforms - INFO - processing image with (1024, 1024) HW, and 3 channels
2026-07-07 02:50:45,831 - m3_module.m3_elastic_matching - INFO - elastic_dish_nucleus_matching(overlap-first): IHC=62, DISH=49, matched(1核)=37 (其中重疊=37), drop-out(競爭落敗)=11, 無候選(計入)=14, factor=1.50, min_reach=20.0
2026-07-07 02:50:46,594 - m3_module.m3_dot_detection - INFO - detect_all_dots: 紅點=48, 黑點=100, 涉及細胞=62
2026-07-07 02:50:46,792 - m4_module.cell_crops - INFO - 匯出 36 張 per-cell 影像至 docs/hybrid-pipeline/measurement/runs/large/cell_crops/tile_x6144_y7680/cells
2026-07-07 02:50:46,792 - hybrid_pipeline - INFO - Tile tile_x6144_y7680 完成: 核心擁有 36 細胞 (36 陽性), 2.00 秒
2026-07-07 02:50:46,880 - hybrid_pipeline - INFO - [313/441] 處理 tile: tile_x6144_y8448
2026-07-07 02:50:46,944 - cellpose.transforms - INFO - processing image with (1024, 1024) HW, and 3 channels
2026-07-07 02:50:47,355 - m2_segmentation - INFO - Cellpose 分割完成: 10 個有效細胞
2026-07-07 02:50:47,375 - m3_module.m3_cells_generator - INFO - All-positive 標註完成: 10 個細胞
2026-07-07 02:50:47,400 - m3_module.m3_cells_generator - INFO - enlarge_cell_instances: 10 顆細胞, factor=1.50(面積), 中位半徑=15.3px, 外擴=3.4px
2026-07-07 02:50:47,401 - cellpose.transforms - INFO - processing image with (1024, 1024) HW, and 3 channels
2026-07-07 02:50:47,862 - m3_module.m3_elastic_matching - INFO - elastic_dish_nucleus_matching(overlap-first): IHC=10, DISH=7, matched(1核)=4 (其中重疊=4), drop-out(競爭落敗)=2, 無候選(計入)=4, factor=1.50, min_reach=20.0
2026-07-07 02:50:47,990 - m3_module.m3_dot_detection - INFO - detect_all_dots: 紅點=5, 黑點=6, 涉及細胞=10
2026-07-07 02:50:48,057 - m4_module.cell_crops - INFO - 匯出 1 張 per-cell 影像至 docs/hybrid-pipeline/measurement/runs/large/cell_crops/tile_x6144_y8448/cells
2026-07-07 02:50:48,057 - hybrid_pipeline - INFO - Tile tile_x6144_y8448 完成: 核心擁有 1 細胞 (1 陽性), 1.18 秒
2026-07-07 02:50:48,145 - hybrid_pipeline - INFO - [314/441] 處理 tile: tile_x6144_y9216
2026-07-07 02:50:48,211 - cellpose.transforms - INFO - processing image with (1024, 1024) HW, and 3 channels
2026-07-07 02:50:48,521 - cellpose.dynamics - INFO - No cell pixels found.
2026-07-07 02:50:48,568 - m2_segmentation - INFO - Cellpose 分割完成: 0 個有效細胞
2026-07-07 02:50:48,569 - m3_module.m3_cells_generator - INFO - All-positive 標註完成: 0 個細胞
2026-07-07 02:50:48,571 - cellpose.transforms - INFO - processing image with (1024, 1024) HW, and 3 channels
2026-07-07 02:50:49,115 - m3_module.m3_dot_detection - INFO - detect_all_dots: 紅點=0, 黑點=0, 涉及細胞=0
2026-07-07 02:50:49,147 - m4_module.cell_crops - INFO - 匯出 0 張 per-cell 影像至 docs/hybrid-pipeline/measurement/runs/large/cell_crops/tile_x6144_y9216/cells
2026-07-07 02:50:49,148 - hybrid_pipeline - INFO - Tile tile_x6144_y9216 完成: 核心擁有 0 細胞 (0 陽性), 1.00 秒
2026-07-07 02:50:49,239 - hybrid_pipeline - INFO - [315/441] 處理 tile: tile_x6144_y9984
2026-07-07 02:50:49,306 - cellpose.transforms - INFO - processing image with (1024, 1024) HW, and 3 channels
2026-07-07 02:50:49,724 - m2_segmentation - INFO - Cellpose 分割完成: 9 個有效細胞
2026-07-07 02:50:49,743 - m3_module.m3_cells_generator - INFO - All-positive 標註完成: 9 個細胞
2026-07-07 02:50:49,771 - m3_module.m3_cells_generator - INFO - enlarge_cell_instances: 9 顆細胞, factor=1.50(面積), 中位半徑=40.2px, 外擴=9.0px
2026-07-07 02:50:49,772 - cellpose.transforms - INFO - processing image with (1024, 1024) HW, and 3 channels
2026-07-07 02:50:50,236 - m3_module.m3_elastic_matching - INFO - elastic_dish_nucleus_matching(overlap-first): IHC=9, DISH=7, matched(1核)=6 (其中重疊=6), drop-out(競爭落敗)=1, 無候選(計入)=2, factor=1.50, min_reach=20.0
2026-07-07 02:50:50,382 - m3_module.m3_dot_detection - INFO - detect_all_dots: 紅點=6, 黑點=17, 涉及細胞=9
2026-07-07 02:50:50,459 - m4_module.cell_crops - INFO - 匯出 2 張 per-cell 影像至 docs/hybrid-pipeline/measurement/runs/large/cell_crops/tile_x6144_y9984/cells
2026-07-07 02:50:50,459 - hybrid_pipeline - INFO - Tile tile_x6144_y9984 完成: 核心擁有 2 細胞 (2 陽性), 1.22 秒
2026-07-07 02:50:50,546 - hybrid_pipeline - INFO - [316/441] 處理 tile: tile_x6912_y0
2026-07-07 02:50:50,611 - cellpose.transforms - INFO - processing image with (1024, 1024) HW, and 3 channels
2026-07-07 02:50:51,086 - m2_segmentation - INFO - Cellpose 分割完成: 106 個有效細胞
2026-07-07 02:50:51,118 - m3_module.m3_cells_generator - INFO - All-positive 標註完成: 105 個細胞
2026-07-07 02:50:51,172 - m3_module.m3_cells_generator - INFO - enlarge_cell_instances: 105 顆細胞, factor=1.50(面積), 中位半徑=25.5px, 外擴=5.7px
2026-07-07 02:50:51,172 - cellpose.transforms - INFO - processing image with (1024, 1024) HW, and 3 channels
2026-07-07 02:50:51,647 - m3_module.m3_elastic_matching - INFO - elastic_dish_nucleus_matching(overlap-first): IHC=105, DISH=103, matched(1核)=78 (其中重疊=78), drop-out(競爭落敗)=13, 無候選(計入)=14, factor=1.50, min_reach=20.0
2026-07-07 02:50:53,180 - m3_module.m3_dot_detection - INFO - detect_all_dots: 紅點=93, 黑點=202, 涉及細胞=105
2026-07-07 02:50:53,605 - m4_module.cell_crops - INFO - 匯出 69 張 per-cell 影像至 docs/hybrid-pipeline/measurement/runs/large/cell_crops/tile_x6912_y0/cells
2026-07-07 02:50:53,605 - hybrid_pipeline - INFO - Tile tile_x6912_y0 完成: 核心擁有 69 細胞 (69 陽性), 3.06 秒
2026-07-07 02:50:53,696 - hybrid_pipeline - INFO - [317/441] 處理 tile: tile_x6912_y10752
2026-07-07 02:50:53,771 - cellpose.transforms - INFO - processing image with (1024, 1024) HW, and 3 channels
2026-07-07 02:50:54,195 - m2_segmentation - INFO - Cellpose 分割完成: 38 個有效細胞
2026-07-07 02:50:54,218 - m3_module.m3_cells_generator - INFO - All-positive 標註完成: 38 個細胞
2026-07-07 02:50:54,254 - m3_module.m3_cells_generator - INFO - enlarge_cell_instances: 38 顆細胞, factor=1.50(面積), 中位半徑=24.4px, 外擴=5.5px
2026-07-07 02:50:54,255 - cellpose.transforms - INFO - processing image with (1024, 1024) HW, and 3 channels
2026-07-07 02:50:54,723 - m3_module.m3_elastic_matching - INFO - elastic_dish_nucleus_matching(overlap-first): IHC=38, DISH=34, matched(1核)=21 (其中重疊=21), drop-out(競爭落敗)=3, 無候選(計入)=14, factor=1.50, min_reach=20.0
2026-07-07 02:50:55,081 - m3_module.m3_dot_detection - INFO - detect_all_dots: 紅點=17, 黑點=58, 涉及細胞=38
2026-07-07 02:50:55,252 - m4_module.cell_crops - INFO - 匯出 12 張 per-cell 影像至 docs/hybrid-pipeline/measurement/runs/large/cell_crops/tile_x6912_y10752/cells
2026-07-07 02:50:55,252 - hybrid_pipeline - INFO - Tile tile_x6912_y10752 完成: 核心擁有 12 細胞 (12 陽性), 1.56 秒
2026-07-07 02:50:55,340 - hybrid_pipeline - INFO - [318/441] 處理 tile: tile_x6912_y11520
2026-07-07 02:50:55,406 - cellpose.transforms - INFO - processing image with (1024, 1024) HW, and 3 channels
2026-07-07 02:50:55,847 - m2_segmentation - INFO - Cellpose 分割完成: 24 個有效細胞
2026-07-07 02:50:55,868 - m3_module.m3_cells_generator - INFO - All-positive 標註完成: 24 個細胞
2026-07-07 02:50:55,906 - m3_module.m3_cells_generator - INFO - enlarge_cell_instances: 24 顆細胞, factor=1.50(面積), 中位半徑=29.0px, 外擴=6.5px
2026-07-07 02:50:55,906 - cellpose.transforms - INFO - processing image with (1024, 1024) HW, and 3 channels
2026-07-07 02:50:56,370 - m3_module.m3_elastic_matching - INFO - elastic_dish_nucleus_matching(overlap-first): IHC=24, DISH=27, matched(1核)=14 (其中重疊=14), drop-out(競爭落敗)=1, 無候選(計入)=9, factor=1.50, min_reach=20.0
2026-07-07 02:50:56,671 - m3_module.m3_dot_detection - INFO - detect_all_dots: 紅點=16, 黑點=33, 涉及細胞=24
2026-07-07 02:50:56,816 - m4_module.cell_crops - INFO - 匯出 9 張 per-cell 影像至 docs/hybrid-pipeline/measurement/runs/large/cell_crops/tile_x6912_y11520/cells
2026-07-07 02:50:56,816 - hybrid_pipeline - INFO - Tile tile_x6912_y11520 完成: 核心擁有 9 細胞 (9 陽性), 1.48 秒
2026-07-07 02:50:56,905 - hybrid_pipeline - INFO - [319/441] 處理 tile: tile_x6912_y12288
2026-07-07 02:50:56,969 - cellpose.transforms - INFO - processing image with (1024, 1024) HW, and 3 channels
2026-07-07 02:50:57,410 - m2_segmentation - INFO - Cellpose 分割完成: 54 個有效細胞
2026-07-07 02:50:57,435 - m3_module.m3_cells_generator - INFO - All-positive 標註完成: 54 個細胞
2026-07-07 02:50:57,474 - m3_module.m3_cells_generator - INFO - enlarge_cell_instances: 54 顆細胞, factor=1.50(面積), 中位半徑=29.0px, 外擴=6.5px
2026-07-07 02:50:57,475 - cellpose.transforms - INFO - processing image with (1024, 1024) HW, and 3 channels
2026-07-07 02:50:57,954 - m3_module.m3_elastic_matching - INFO - elastic_dish_nucleus_matching(overlap-first): IHC=54, DISH=50, matched(1核)=36 (其中重疊=36), drop-out(競爭落敗)=9, 無候選(計入)=9, factor=1.50, min_reach=20.0
2026-07-07 02:50:58,631 - m3_module.m3_dot_detection - INFO - detect_all_dots: 紅點=41, 黑點=82, 涉及細胞=54
2026-07-07 02:50:58,858 - m4_module.cell_crops - INFO - 匯出 39 張 per-cell 影像至 docs/hybrid-pipeline/measurement/runs/large/cell_crops/tile_x6912_y12288/cells
2026-07-07 02:50:58,858 - hybrid_pipeline - INFO - Tile tile_x6912_y12288 完成: 核心擁有 39 細胞 (39 陽性), 1.95 秒
2026-07-07 02:50:58,946 - hybrid_pipeline - INFO - [320/441] 處理 tile: tile_x6912_y13056
2026-07-07 02:50:59,017 - cellpose.transforms - INFO - processing image with (1024, 1024) HW, and 3 channels
2026-07-07 02:50:59,436 - m2_segmentation - INFO - Cellpose 分割完成: 19 個有效細胞
2026-07-07 02:50:59,456 - m3_module.m3_cells_generator - INFO - All-positive 標註完成: 19 個細胞
2026-07-07 02:50:59,486 - m3_module.m3_cells_generator - INFO - enlarge_cell_instances: 19 顆細胞, factor=1.50(面積), 中位半徑=23.2px, 外擴=5.2px
2026-07-07 02:50:59,486 - cellpose.transforms - INFO - processing image with (1024, 1024) HW, and 3 channels
2026-07-07 02:50:59,946 - m3_module.m3_elastic_matching - INFO - elastic_dish_nucleus_matching(overlap-first): IHC=19, DISH=20, matched(1核)=10 (其中重疊=10), drop-out(競爭落敗)=5, 無候選(計入)=4, factor=1.50, min_reach=20.0
2026-07-07 02:51:00,131 - m3_module.m3_dot_detection - INFO - detect_all_dots: 紅點=14, 黑點=26, 涉及細胞=19
2026-07-07 02:51:00,242 - m4_module.cell_crops - INFO - 匯出 12 張 per-cell 影像至 docs/hybrid-pipeline/measurement/runs/large/cell_crops/tile_x6912_y13056/cells
2026-07-07 02:51:00,242 - hybrid_pipeline - INFO - Tile tile_x6912_y13056 完成: 核心擁有 12 細胞 (12 陽性), 1.30 秒
2026-07-07 02:51:00,332 - hybrid_pipeline - INFO - [321/441] 處理 tile: tile_x6912_y13824
2026-07-07 02:51:00,394 - cellpose.transforms - INFO - processing image with (1024, 1024) HW, and 3 channels
2026-07-07 02:51:00,823 - m2_segmentation - INFO - Cellpose 分割完成: 34 個有效細胞
2026-07-07 02:51:00,846 - m3_module.m3_cells_generator - INFO - All-positive 標註完成: 34 個細胞
2026-07-07 02:51:00,878 - m3_module.m3_cells_generator - INFO - enlarge_cell_instances: 34 顆細胞, factor=1.50(面積), 中位半徑=26.3px, 外擴=5.9px
2026-07-07 02:51:00,878 - cellpose.transforms - INFO - processing image with (1024, 1024) HW, and 3 channels
2026-07-07 02:51:01,341 - m3_module.m3_elastic_matching - INFO - elastic_dish_nucleus_matching(overlap-first): IHC=34, DISH=33, matched(1核)=24 (其中重疊=24), drop-out(競爭落敗)=4, 無候選(計入)=6, factor=1.50, min_reach=20.0
2026-07-07 02:51:01,762 - m3_module.m3_dot_detection - INFO - detect_all_dots: 紅點=22, 黑點=53, 涉及細胞=34
2026-07-07 02:51:01,879 - m4_module.cell_crops - INFO - 匯出 14 張 per-cell 影像至 docs/hybrid-pipeline/measurement/runs/large/cell_crops/tile_x6912_y13824/cells
2026-07-07 02:51:01,879 - hybrid_pipeline - INFO - Tile tile_x6912_y13824 完成: 核心擁有 14 細胞 (14 陽性), 1.55 秒
2026-07-07 02:51:01,967 - hybrid_pipeline - INFO - [322/441] 處理 tile: tile_x6912_y14592
2026-07-07 02:51:02,030 - cellpose.transforms - INFO - processing image with (1024, 1024) HW, and 3 channels
2026-07-07 02:51:02,442 - m2_segmentation - INFO - Cellpose 分割完成: 14 個有效細胞
2026-07-07 02:51:02,461 - m3_module.m3_cells_generator - INFO - All-positive 標註完成: 14 個細胞
2026-07-07 02:51:02,487 - m3_module.m3_cells_generator - INFO - enlarge_cell_instances: 14 顆細胞, factor=1.50(面積), 中位半徑=21.5px, 外擴=4.8px
2026-07-07 02:51:02,488 - cellpose.transforms - INFO - processing image with (1024, 1024) HW, and 3 channels
2026-07-07 02:51:02,945 - m3_module.m3_elastic_matching - INFO - elastic_dish_nucleus_matching(overlap-first): IHC=14, DISH=14, matched(1核)=8 (其中重疊=8), drop-out(競爭落敗)=3, 無候選(計入)=3, factor=1.50, min_reach=20.0
2026-07-07 02:51:03,121 - m3_module.m3_dot_detection - INFO - detect_all_dots: 紅點=11, 黑點=24, 涉及細胞=14
2026-07-07 02:51:03,217 - m4_module.cell_crops - INFO - 匯出 2 張 per-cell 影像至 docs/hybrid-pipeline/measurement/runs/large/cell_crops/tile_x6912_y14592/cells
2026-07-07 02:51:03,217 - hybrid_pipeline - INFO - Tile tile_x6912_y14592 完成: 核心擁有 2 細胞 (2 陽性), 1.25 秒
2026-07-07 02:51:03,305 - hybrid_pipeline - INFO - [323/441] 處理 tile: tile_x6912_y1536
2026-07-07 02:51:03,370 - cellpose.transforms - INFO - processing image with (1024, 1024) HW, and 3 channels
2026-07-07 02:51:03,901 - m2_segmentation - INFO - Cellpose 分割完成: 132 個有效細胞
2026-07-07 02:51:03,937 - m3_module.m3_cells_generator - INFO - All-positive 標註完成: 132 個細胞
2026-07-07 02:51:03,991 - m3_module.m3_cells_generator - INFO - enlarge_cell_instances: 132 顆細胞, factor=1.50(面積), 中位半徑=27.0px, 外擴=6.1px
2026-07-07 02:51:03,992 - cellpose.transforms - INFO - processing image with (1024, 1024) HW, and 3 channels
2026-07-07 02:51:04,464 - m3_module.m3_elastic_matching - INFO - elastic_dish_nucleus_matching(overlap-first): IHC=132, DISH=95, matched(1核)=69 (其中重疊=69), drop-out(競爭落敗)=29, 無候選(計入)=34, factor=1.50, min_reach=20.0
2026-07-07 02:51:05,968 - m3_module.m3_dot_detection - INFO - detect_all_dots: 紅點=95, 黑點=215, 涉及細胞=132
2026-07-07 02:51:06,415 - m4_module.cell_crops - INFO - 匯出 67 張 per-cell 影像至 docs/hybrid-pipeline/measurement/runs/large/cell_crops/tile_x6912_y1536/cells
2026-07-07 02:51:06,415 - hybrid_pipeline - INFO - Tile tile_x6912_y1536 完成: 核心擁有 67 細胞 (67 陽性), 3.11 秒
2026-07-07 02:51:06,503 - hybrid_pipeline - INFO - [324/441] 處理 tile: tile_x6912_y15360
2026-07-07 02:51:06,571 - cellpose.transforms - INFO - processing image with (1024, 1024) HW, and 3 channels
2026-07-07 02:51:06,883 - cellpose.dynamics - INFO - No cell pixels found.
2026-07-07 02:51:06,930 - m2_segmentation - INFO - Cellpose 分割完成: 0 個有效細胞
2026-07-07 02:51:06,931 - m3_module.m3_cells_generator - INFO - All-positive 標註完成: 0 個細胞
2026-07-07 02:51:06,933 - cellpose.transforms - INFO - processing image with (1024, 1024) HW, and 3 channels
2026-07-07 02:51:07,468 - m3_module.m3_dot_detection - INFO - detect_all_dots: 紅點=0, 黑點=0, 涉及細胞=0
2026-07-07 02:51:07,507 - m4_module.cell_crops - INFO - 匯出 0 張 per-cell 影像至 docs/hybrid-pipeline/measurement/runs/large/cell_crops/tile_x6912_y15360/cells
2026-07-07 02:51:07,507 - hybrid_pipeline - INFO - Tile tile_x6912_y15360 完成: 核心擁有 0 細胞 (0 陽性), 1.00 秒
2026-07-07 02:51:07,595 - hybrid_pipeline - INFO - [325/441] 處理 tile: tile_x6912_y2304
2026-07-07 02:51:07,663 - cellpose.transforms - INFO - processing image with (1024, 1024) HW, and 3 channels
2026-07-07 02:51:08,176 - m2_segmentation - INFO - Cellpose 分割完成: 110 個有效細胞
2026-07-07 02:51:08,209 - m3_module.m3_cells_generator - INFO - All-positive 標註完成: 110 個細胞
2026-07-07 02:51:08,262 - m3_module.m3_cells_generator - INFO - enlarge_cell_instances: 110 顆細胞, factor=1.50(面積), 中位半徑=28.7px, 外擴=6.4px
2026-07-07 02:51:08,262 - cellpose.transforms - INFO - processing image with (1024, 1024) HW, and 3 channels
2026-07-07 02:51:08,732 - m3_module.m3_elastic_matching - INFO - elastic_dish_nucleus_matching(overlap-first): IHC=110, DISH=85, matched(1核)=58 (其中重疊=58), drop-out(競爭落敗)=20, 無候選(計入)=32, factor=1.50, min_reach=20.0
2026-07-07 02:51:09,880 - m3_module.m3_dot_detection - INFO - detect_all_dots: 紅點=64, 黑點=160, 涉及細胞=110
2026-07-07 02:51:10,304 - m4_module.cell_crops - INFO - 匯出 58 張 per-cell 影像至 docs/hybrid-pipeline/measurement/runs/large/cell_crops/tile_x6912_y2304/cells
2026-07-07 02:51:10,304 - hybrid_pipeline - INFO - Tile tile_x6912_y2304 完成: 核心擁有 58 細胞 (58 陽性), 2.71 秒
2026-07-07 02:51:10,393 - hybrid_pipeline - INFO - [326/441] 處理 tile: tile_x6912_y3072
2026-07-07 02:51:10,458 - cellpose.transforms - INFO - processing image with (1024, 1024) HW, and 3 channels
2026-07-07 02:51:10,967 - m2_segmentation - INFO - Cellpose 分割完成: 123 個有效細胞
2026-07-07 02:51:11,002 - m3_module.m3_cells_generator - INFO - All-positive 標註完成: 123 個細胞
2026-07-07 02:51:11,056 - m3_module.m3_cells_generator - INFO - enlarge_cell_instances: 123 顆細胞, factor=1.50(面積), 中位半徑=26.9px, 外擴=6.1px
2026-07-07 02:51:11,056 - cellpose.transforms - INFO - processing image with (1024, 1024) HW, and 3 channels
2026-07-07 02:51:11,519 - m3_module.m3_elastic_matching - INFO - elastic_dish_nucleus_matching(overlap-first): IHC=123, DISH=63, matched(1核)=55 (其中重疊=55), drop-out(競爭落敗)=30, 無候選(計入)=38, factor=1.50, min_reach=20.0
2026-07-07 02:51:12,646 - m3_module.m3_dot_detection - INFO - detect_all_dots: 紅點=58, 黑點=173, 涉及細胞=123
2026-07-07 02:51:13,034 - m4_module.cell_crops - INFO - 匯出 75 張 per-cell 影像至 docs/hybrid-pipeline/measurement/runs/large/cell_crops/tile_x6912_y3072/cells
2026-07-07 02:51:13,034 - hybrid_pipeline - INFO - Tile tile_x6912_y3072 完成: 核心擁有 75 細胞 (75 陽性), 2.64 秒
2026-07-07 02:51:13,122 - hybrid_pipeline - INFO - [327/441] 處理 tile: tile_x6912_y3840
2026-07-07 02:51:13,184 - cellpose.transforms - INFO - processing image with (1024, 1024) HW, and 3 channels
2026-07-07 02:51:13,704 - m2_segmentation - INFO - Cellpose 分割完成: 132 個有效細胞
2026-07-07 02:51:13,740 - m3_module.m3_cells_generator - INFO - All-positive 標註完成: 132 個細胞
2026-07-07 02:51:13,795 - m3_module.m3_cells_generator - INFO - enlarge_cell_instances: 132 顆細胞, factor=1.50(面積), 中位半徑=27.1px, 外擴=6.1px
2026-07-07 02:51:13,796 - cellpose.transforms - INFO - processing image with (1024, 1024) HW, and 3 channels
2026-07-07 02:51:14,259 - m3_module.m3_elastic_matching - INFO - elastic_dish_nucleus_matching(overlap-first): IHC=132, DISH=87, matched(1核)=66 (其中重疊=66), drop-out(競爭落敗)=21, 無候選(計入)=45, factor=1.50, min_reach=20.0
2026-07-07 02:51:15,442 - m3_module.m3_dot_detection - INFO - detect_all_dots: 紅點=55, 黑點=152, 涉及細胞=132
2026-07-07 02:51:15,858 - m4_module.cell_crops - INFO - 匯出 76 張 per-cell 影像至 docs/hybrid-pipeline/measurement/runs/large/cell_crops/tile_x6912_y3840/cells
2026-07-07 02:51:15,858 - hybrid_pipeline - INFO - Tile tile_x6912_y3840 完成: 核心擁有 76 細胞 (76 陽性), 2.74 秒
2026-07-07 02:51:15,950 - hybrid_pipeline - INFO - [328/441] 處理 tile: tile_x6912_y4608
2026-07-07 02:51:16,018 - cellpose.transforms - INFO - processing image with (1024, 1024) HW, and 3 channels
2026-07-07 02:51:16,502 - m2_segmentation - INFO - Cellpose 分割完成: 90 個有效細胞
2026-07-07 02:51:16,532 - m3_module.m3_cells_generator - INFO - All-positive 標註完成: 90 個細胞
2026-07-07 02:51:16,580 - m3_module.m3_cells_generator - INFO - enlarge_cell_instances: 90 顆細胞, factor=1.50(面積), 中位半徑=25.7px, 外擴=5.8px
2026-07-07 02:51:16,580 - cellpose.transforms - INFO - processing image with (1024, 1024) HW, and 3 channels
2026-07-07 02:51:17,048 - m3_module.m3_elastic_matching - INFO - elastic_dish_nucleus_matching(overlap-first): IHC=90, DISH=62, matched(1核)=49 (其中重疊=49), drop-out(競爭落敗)=15, 無候選(計入)=26, factor=1.50, min_reach=20.0
2026-07-07 02:51:17,956 - m3_module.m3_dot_detection - INFO - detect_all_dots: 紅點=48, 黑點=116, 涉及細胞=90
2026-07-07 02:51:18,256 - m4_module.cell_crops - INFO - 匯出 43 張 per-cell 影像至 docs/hybrid-pipeline/measurement/runs/large/cell_crops/tile_x6912_y4608/cells
2026-07-07 02:51:18,256 - hybrid_pipeline - INFO - Tile tile_x6912_y4608 完成: 核心擁有 43 細胞 (43 陽性), 2.31 秒
2026-07-07 02:51:18,343 - hybrid_pipeline - INFO - [329/441] 處理 tile: tile_x6912_y5376
2026-07-07 02:51:18,410 - cellpose.transforms - INFO - processing image with (1024, 1024) HW, and 3 channels
2026-07-07 02:51:18,837 - m2_segmentation - INFO - Cellpose 分割完成: 29 個有效細胞
2026-07-07 02:51:18,859 - m3_module.m3_cells_generator - INFO - All-positive 標註完成: 29 個細胞
2026-07-07 02:51:18,894 - m3_module.m3_cells_generator - INFO - enlarge_cell_instances: 29 顆細胞, factor=1.50(面積), 中位半徑=27.8px, 外擴=6.2px
2026-07-07 02:51:18,894 - cellpose.transforms - INFO - processing image with (1024, 1024) HW, and 3 channels
2026-07-07 02:51:19,359 - m3_module.m3_elastic_matching - INFO - elastic_dish_nucleus_matching(overlap-first): IHC=29, DISH=23, matched(1核)=16 (其中重疊=16), drop-out(競爭落敗)=6, 無候選(計入)=7, factor=1.50, min_reach=20.0
2026-07-07 02:51:19,648 - m3_module.m3_dot_detection - INFO - detect_all_dots: 紅點=16, 黑點=51, 涉及細胞=29
2026-07-07 02:51:19,792 - m4_module.cell_crops - INFO - 匯出 6 張 per-cell 影像至 docs/hybrid-pipeline/measurement/runs/large/cell_crops/tile_x6912_y5376/cells
2026-07-07 02:51:19,792 - hybrid_pipeline - INFO - Tile tile_x6912_y5376 完成: 核心擁有 6 細胞 (6 陽性), 1.45 秒
2026-07-07 02:51:19,882 - hybrid_pipeline - INFO - [330/441] 處理 tile: tile_x6912_y6144
2026-07-07 02:51:19,950 - cellpose.transforms - INFO - processing image with (1024, 1024) HW, and 3 channels
2026-07-07 02:51:20,362 - m2_segmentation - INFO - Cellpose 分割完成: 7 個有效細胞
2026-07-07 02:51:20,381 - m3_module.m3_cells_generator - INFO - All-positive 標註完成: 7 個細胞
2026-07-07 02:51:20,408 - m3_module.m3_cells_generator - INFO - enlarge_cell_instances: 7 顆細胞, factor=1.50(面積), 中位半徑=20.1px, 外擴=4.5px
2026-07-07 02:51:20,408 - cellpose.transforms - INFO - processing image with (1024, 1024) HW, and 3 channels
2026-07-07 02:51:20,871 - m3_module.m3_elastic_matching - INFO - elastic_dish_nucleus_matching(overlap-first): IHC=7, DISH=9, matched(1核)=3 (其中重疊=3), drop-out(競爭落敗)=0, 無候選(計入)=4, factor=1.50, min_reach=20.0
2026-07-07 02:51:20,993 - m3_module.m3_dot_detection - INFO - detect_all_dots: 紅點=4, 黑點=7, 涉及細胞=7
2026-07-07 02:51:21,076 - m4_module.cell_crops - INFO - 匯出 3 張 per-cell 影像至 docs/hybrid-pipeline/measurement/runs/large/cell_crops/tile_x6912_y6144/cells
2026-07-07 02:51:21,077 - hybrid_pipeline - INFO - Tile tile_x6912_y6144 完成: 核心擁有 3 細胞 (3 陽性), 1.19 秒
2026-07-07 02:51:21,164 - hybrid_pipeline - INFO - [331/441] 處理 tile: tile_x6912_y6912
2026-07-07 02:51:21,226 - cellpose.transforms - INFO - processing image with (1024, 1024) HW, and 3 channels
2026-07-07 02:51:21,648 - m2_segmentation - INFO - Cellpose 分割完成: 35 個有效細胞
2026-07-07 02:51:21,671 - m3_module.m3_cells_generator - INFO - All-positive 標註完成: 35 個細胞
2026-07-07 02:51:21,710 - m3_module.m3_cells_generator - INFO - enlarge_cell_instances: 35 顆細胞, factor=1.50(面積), 中位半徑=22.5px, 外擴=5.1px
2026-07-07 02:51:21,710 - cellpose.transforms - INFO - processing image with (1024, 1024) HW, and 3 channels
2026-07-07 02:51:22,175 - m3_module.m3_elastic_matching - INFO - elastic_dish_nucleus_matching(overlap-first): IHC=35, DISH=33, matched(1核)=18 (其中重疊=18), drop-out(競爭落敗)=3, 無候選(計入)=14, factor=1.50, min_reach=20.0
2026-07-07 02:51:22,499 - m3_module.m3_dot_detection - INFO - detect_all_dots: 紅點=18, 黑點=38, 涉及細胞=35
2026-07-07 02:51:22,677 - m4_module.cell_crops - INFO - 匯出 14 張 per-cell 影像至 docs/hybrid-pipeline/measurement/runs/large/cell_crops/tile_x6912_y6912/cells
2026-07-07 02:51:22,677 - hybrid_pipeline - INFO - Tile tile_x6912_y6912 完成: 核心擁有 14 細胞 (14 陽性), 1.51 秒
2026-07-07 02:51:22,766 - hybrid_pipeline - INFO - [332/441] 處理 tile: tile_x6912_y768
2026-07-07 02:51:22,840 - cellpose.transforms - INFO - processing image with (1024, 1024) HW, and 3 channels
2026-07-07 02:51:23,371 - m2_segmentation - INFO - Cellpose 分割完成: 157 個有效細胞
2026-07-07 02:51:23,411 - m3_module.m3_cells_generator - INFO - All-positive 標註完成: 157 個細胞
2026-07-07 02:51:23,467 - m3_module.m3_cells_generator - INFO - enlarge_cell_instances: 157 顆細胞, factor=1.50(面積), 中位半徑=25.1px, 外擴=5.6px
2026-07-07 02:51:23,467 - cellpose.transforms - INFO - processing image with (1024, 1024) HW, and 3 channels
2026-07-07 02:51:23,948 - m3_module.m3_elastic_matching - INFO - elastic_dish_nucleus_matching(overlap-first): IHC=157, DISH=110, matched(1核)=90 (其中重疊=90), drop-out(競爭落敗)=35, 無候選(計入)=32, factor=1.50, min_reach=20.0
2026-07-07 02:51:25,672 - m3_module.m3_dot_detection - INFO - detect_all_dots: 紅點=105, 黑點=224, 涉及細胞=157
2026-07-07 02:51:26,127 - m4_module.cell_crops - INFO - 匯出 91 張 per-cell 影像至 docs/hybrid-pipeline/measurement/runs/large/cell_crops/tile_x6912_y768/cells
2026-07-07 02:51:26,127 - hybrid_pipeline - INFO - Tile tile_x6912_y768 完成: 核心擁有 91 細胞 (91 陽性), 3.36 秒
2026-07-07 02:51:26,215 - hybrid_pipeline - INFO - [333/441] 處理 tile: tile_x6912_y7680
2026-07-07 02:51:26,278 - cellpose.transforms - INFO - processing image with (1024, 1024) HW, and 3 channels
2026-07-07 02:51:26,716 - m2_segmentation - INFO - Cellpose 分割完成: 48 個有效細胞
2026-07-07 02:51:26,741 - m3_module.m3_cells_generator - INFO - All-positive 標註完成: 48 個細胞
2026-07-07 02:51:26,776 - m3_module.m3_cells_generator - INFO - enlarge_cell_instances: 48 顆細胞, factor=1.50(面積), 中位半徑=21.8px, 外擴=4.9px
2026-07-07 02:51:26,776 - cellpose.transforms - INFO - processing image with (1024, 1024) HW, and 3 channels
2026-07-07 02:51:27,238 - m3_module.m3_elastic_matching - INFO - elastic_dish_nucleus_matching(overlap-first): IHC=48, DISH=34, matched(1核)=25 (其中重疊=25), drop-out(競爭落敗)=11, 無候選(計入)=12, factor=1.50, min_reach=20.0
2026-07-07 02:51:27,851 - m3_module.m3_dot_detection - INFO - detect_all_dots: 紅點=36, 黑點=66, 涉及細胞=48
2026-07-07 02:51:28,023 - m4_module.cell_crops - INFO - 匯出 22 張 per-cell 影像至 docs/hybrid-pipeline/measurement/runs/large/cell_crops/tile_x6912_y7680/cells
2026-07-07 02:51:28,024 - hybrid_pipeline - INFO - Tile tile_x6912_y7680 完成: 核心擁有 22 細胞 (22 陽性), 1.81 秒
2026-07-07 02:51:28,111 - hybrid_pipeline - INFO - [334/441] 處理 tile: tile_x6912_y8448
2026-07-07 02:51:28,175 - cellpose.transforms - INFO - processing image with (1024, 1024) HW, and 3 channels
2026-07-07 02:51:28,601 - m2_segmentation - INFO - Cellpose 分割完成: 27 個有效細胞
2026-07-07 02:51:28,624 - m3_module.m3_cells_generator - INFO - All-positive 標註完成: 27 個細胞
2026-07-07 02:51:28,660 - m3_module.m3_cells_generator - INFO - enlarge_cell_instances: 27 顆細胞, factor=1.50(面積), 中位半徑=25.4px, 外擴=5.7px
2026-07-07 02:51:28,661 - cellpose.transforms - INFO - processing image with (1024, 1024) HW, and 3 channels
2026-07-07 02:51:29,119 - m3_module.m3_elastic_matching - INFO - elastic_dish_nucleus_matching(overlap-first): IHC=27, DISH=29, matched(1核)=16 (其中重疊=16), drop-out(競爭落敗)=1, 無候選(計入)=10, factor=1.50, min_reach=20.0
2026-07-07 02:51:29,453 - m3_module.m3_dot_detection - INFO - detect_all_dots: 紅點=19, 黑點=41, 涉及細胞=27
2026-07-07 02:51:29,619 - m4_module.cell_crops - INFO - 匯出 11 張 per-cell 影像至 docs/hybrid-pipeline/measurement/runs/large/cell_crops/tile_x6912_y8448/cells
2026-07-07 02:51:29,619 - hybrid_pipeline - INFO - Tile tile_x6912_y8448 完成: 核心擁有 11 細胞 (11 陽性), 1.51 秒
2026-07-07 02:51:29,707 - hybrid_pipeline - INFO - [335/441] 處理 tile: tile_x6912_y9216
2026-07-07 02:51:29,773 - cellpose.transforms - INFO - processing image with (1024, 1024) HW, and 3 channels
2026-07-07 02:51:30,197 - m2_segmentation - INFO - Cellpose 分割完成: 22 個有效細胞
2026-07-07 02:51:30,217 - m3_module.m3_cells_generator - INFO - All-positive 標註完成: 22 個細胞
2026-07-07 02:51:30,248 - m3_module.m3_cells_generator - INFO - enlarge_cell_instances: 22 顆細胞, factor=1.50(面積), 中位半徑=22.3px, 外擴=5.0px
2026-07-07 02:51:30,248 - cellpose.transforms - INFO - processing image with (1024, 1024) HW, and 3 channels
2026-07-07 02:51:30,707 - m3_module.m3_elastic_matching - INFO - elastic_dish_nucleus_matching(overlap-first): IHC=22, DISH=29, matched(1核)=17 (其中重疊=17), drop-out(競爭落敗)=0, 無候選(計入)=5, factor=1.50, min_reach=20.0
2026-07-07 02:51:30,975 - m3_module.m3_dot_detection - INFO - detect_all_dots: 紅點=10, 黑點=32, 涉及細胞=22
2026-07-07 02:51:31,109 - m4_module.cell_crops - INFO - 匯出 20 張 per-cell 影像至 docs/hybrid-pipeline/measurement/runs/large/cell_crops/tile_x6912_y9216/cells
2026-07-07 02:51:31,109 - hybrid_pipeline - INFO - Tile tile_x6912_y9216 完成: 核心擁有 20 細胞 (20 陽性), 1.40 秒
2026-07-07 02:51:31,199 - hybrid_pipeline - INFO - [336/441] 處理 tile: tile_x6912_y9984
2026-07-07 02:51:31,268 - cellpose.transforms - INFO - processing image with (1024, 1024) HW, and 3 channels
2026-07-07 02:51:31,688 - m2_segmentation - INFO - Cellpose 分割完成: 24 個有效細胞
2026-07-07 02:51:31,710 - m3_module.m3_cells_generator - INFO - All-positive 標註完成: 24 個細胞
2026-07-07 02:51:31,743 - m3_module.m3_cells_generator - INFO - enlarge_cell_instances: 24 顆細胞, factor=1.50(面積), 中位半徑=21.5px, 外擴=4.8px
2026-07-07 02:51:31,744 - cellpose.transforms - INFO - processing image with (1024, 1024) HW, and 3 channels
2026-07-07 02:51:32,206 - m3_module.m3_elastic_matching - INFO - elastic_dish_nucleus_matching(overlap-first): IHC=24, DISH=24, matched(1核)=12 (其中重疊=12), drop-out(競爭落敗)=1, 無候選(計入)=11, factor=1.50, min_reach=20.0
2026-07-07 02:51:32,416 - m3_module.m3_dot_detection - INFO - detect_all_dots: 紅點=12, 黑點=27, 涉及細胞=24
2026-07-07 02:51:32,537 - m4_module.cell_crops - INFO - 匯出 16 張 per-cell 影像至 docs/hybrid-pipeline/measurement/runs/large/cell_crops/tile_x6912_y9984/cells
2026-07-07 02:51:32,537 - hybrid_pipeline - INFO - Tile tile_x6912_y9984 完成: 核心擁有 16 細胞 (16 陽性), 1.34 秒
2026-07-07 02:51:32,626 - hybrid_pipeline - INFO - [337/441] 處理 tile: tile_x7680_y0
2026-07-07 02:51:32,691 - cellpose.transforms - INFO - processing image with (1024, 1024) HW, and 3 channels
2026-07-07 02:51:33,172 - m2_segmentation - INFO - Cellpose 分割完成: 99 個有效細胞
2026-07-07 02:51:33,204 - m3_module.m3_cells_generator - INFO - All-positive 標註完成: 96 個細胞
2026-07-07 02:51:33,256 - m3_module.m3_cells_generator - INFO - enlarge_cell_instances: 96 顆細胞, factor=1.50(面積), 中位半徑=27.8px, 外擴=6.2px
2026-07-07 02:51:33,257 - cellpose.transforms - INFO - processing image with (1024, 1024) HW, and 3 channels
2026-07-07 02:51:33,729 - m3_module.m3_elastic_matching - INFO - elastic_dish_nucleus_matching(overlap-first): IHC=96, DISH=73, matched(1核)=56 (其中重疊=56), drop-out(競爭落敗)=16, 無候選(計入)=24, factor=1.50, min_reach=20.0
2026-07-07 02:51:34,572 - m3_module.m3_dot_detection - INFO - detect_all_dots: 紅點=45, 黑點=105, 涉及細胞=96
2026-07-07 02:51:34,898 - m4_module.cell_crops - INFO - 匯出 51 張 per-cell 影像至 docs/hybrid-pipeline/measurement/runs/large/cell_crops/tile_x7680_y0/cells
2026-07-07 02:51:34,898 - hybrid_pipeline - INFO - Tile tile_x7680_y0 完成: 核心擁有 51 細胞 (51 陽性), 2.27 秒
2026-07-07 02:51:34,986 - hybrid_pipeline - INFO - [338/441] 處理 tile: tile_x7680_y10752
2026-07-07 02:51:35,051 - cellpose.transforms - INFO - processing image with (1024, 1024) HW, and 3 channels
2026-07-07 02:51:35,479 - m2_segmentation - INFO - Cellpose 分割完成: 26 個有效細胞
2026-07-07 02:51:35,501 - m3_module.m3_cells_generator - INFO - All-positive 標註完成: 26 個細胞
2026-07-07 02:51:35,532 - m3_module.m3_cells_generator - INFO - enlarge_cell_instances: 26 顆細胞, factor=1.50(面積), 中位半徑=26.2px, 外擴=5.9px
2026-07-07 02:51:35,532 - cellpose.transforms - INFO - processing image with (1024, 1024) HW, and 3 channels
2026-07-07 02:51:35,999 - m3_module.m3_elastic_matching - INFO - elastic_dish_nucleus_matching(overlap-first): IHC=26, DISH=22, matched(1核)=16 (其中重疊=16), drop-out(競爭落敗)=3, 無候選(計入)=7, factor=1.50, min_reach=20.0
2026-07-07 02:51:36,336 - m3_module.m3_dot_detection - INFO - detect_all_dots: 紅點=19, 黑點=55, 涉及細胞=26
2026-07-07 02:51:36,463 - m4_module.cell_crops - INFO - 匯出 24 張 per-cell 影像至 docs/hybrid-pipeline/measurement/runs/large/cell_crops/tile_x7680_y10752/cells
2026-07-07 02:51:36,463 - hybrid_pipeline - INFO - Tile tile_x7680_y10752 完成: 核心擁有 24 細胞 (24 陽性), 1.48 秒
2026-07-07 02:51:36,552 - hybrid_pipeline - INFO - [339/441] 處理 tile: tile_x7680_y11520
2026-07-07 02:51:36,626 - cellpose.transforms - INFO - processing image with (1024, 1024) HW, and 3 channels
2026-07-07 02:51:37,043 - m2_segmentation - INFO - Cellpose 分割完成: 14 個有效細胞
2026-07-07 02:51:37,062 - m3_module.m3_cells_generator - INFO - All-positive 標註完成: 14 個細胞
2026-07-07 02:51:37,091 - m3_module.m3_cells_generator - INFO - enlarge_cell_instances: 14 顆細胞, factor=1.50(面積), 中位半徑=22.2px, 外擴=5.0px
2026-07-07 02:51:37,092 - cellpose.transforms - INFO - processing image with (1024, 1024) HW, and 3 channels
2026-07-07 02:51:37,550 - m3_module.m3_elastic_matching - INFO - elastic_dish_nucleus_matching(overlap-first): IHC=14, DISH=9, matched(1核)=8 (其中重疊=8), drop-out(競爭落敗)=2, 無候選(計入)=4, factor=1.50, min_reach=20.0
2026-07-07 02:51:37,702 - m3_module.m3_dot_detection - INFO - detect_all_dots: 紅點=3, 黑點=7, 涉及細胞=14
2026-07-07 02:51:37,802 - m4_module.cell_crops - INFO - 匯出 6 張 per-cell 影像至 docs/hybrid-pipeline/measurement/runs/large/cell_crops/tile_x7680_y11520/cells
2026-07-07 02:51:37,802 - hybrid_pipeline - INFO - Tile tile_x7680_y11520 完成: 核心擁有 6 細胞 (6 陽性), 1.25 秒
2026-07-07 02:51:37,891 - hybrid_pipeline - INFO - [340/441] 處理 tile: tile_x7680_y12288
2026-07-07 02:51:37,960 - cellpose.transforms - INFO - processing image with (1024, 1024) HW, and 3 channels
2026-07-07 02:51:38,391 - m2_segmentation - INFO - Cellpose 分割完成: 16 個有效細胞
2026-07-07 02:51:38,411 - m3_module.m3_cells_generator - INFO - All-positive 標註完成: 16 個細胞
2026-07-07 02:51:38,444 - m3_module.m3_cells_generator - INFO - enlarge_cell_instances: 16 顆細胞, factor=1.50(面積), 中位半徑=25.1px, 外擴=5.6px
2026-07-07 02:51:38,444 - cellpose.transforms - INFO - processing image with (1024, 1024) HW, and 3 channels
2026-07-07 02:51:38,910 - m3_module.m3_elastic_matching - INFO - elastic_dish_nucleus_matching(overlap-first): IHC=16, DISH=22, matched(1核)=10 (其中重疊=10), drop-out(競爭落敗)=2, 無候選(計入)=4, factor=1.50, min_reach=20.0
2026-07-07 02:51:39,082 - m3_module.m3_dot_detection - INFO - detect_all_dots: 紅點=3, 黑點=11, 涉及細胞=16
2026-07-07 02:51:39,215 - m4_module.cell_crops - INFO - 匯出 3 張 per-cell 影像至 docs/hybrid-pipeline/measurement/runs/large/cell_crops/tile_x7680_y12288/cells
2026-07-07 02:51:39,215 - hybrid_pipeline - INFO - Tile tile_x7680_y12288 完成: 核心擁有 3 細胞 (3 陽性), 1.32 秒
2026-07-07 02:51:39,302 - hybrid_pipeline - INFO - [341/441] 處理 tile: tile_x7680_y13056
2026-07-07 02:51:39,367 - cellpose.transforms - INFO - processing image with (1024, 1024) HW, and 3 channels
2026-07-07 02:51:39,802 - m2_segmentation - INFO - Cellpose 分割完成: 52 個有效細胞
2026-07-07 02:51:39,827 - m3_module.m3_cells_generator - INFO - All-positive 標註完成: 52 個細胞
2026-07-07 02:51:39,863 - m3_module.m3_cells_generator - INFO - enlarge_cell_instances: 52 顆細胞, factor=1.50(面積), 中位半徑=21.9px, 外擴=4.9px
2026-07-07 02:51:39,863 - cellpose.transforms - INFO - processing image with (1024, 1024) HW, and 3 channels
2026-07-07 02:51:40,328 - m3_module.m3_elastic_matching - INFO - elastic_dish_nucleus_matching(overlap-first): IHC=52, DISH=45, matched(1核)=33 (其中重疊=33), drop-out(競爭落敗)=9, 無候選(計入)=10, factor=1.50, min_reach=20.0
2026-07-07 02:51:40,923 - m3_module.m3_dot_detection - INFO - detect_all_dots: 紅點=29, 黑點=66, 涉及細胞=52
2026-07-07 02:51:41,102 - m4_module.cell_crops - INFO - 匯出 42 張 per-cell 影像至 docs/hybrid-pipeline/measurement/runs/large/cell_crops/tile_x7680_y13056/cells
2026-07-07 02:51:41,102 - hybrid_pipeline - INFO - Tile tile_x7680_y13056 完成: 核心擁有 42 細胞 (42 陽性), 1.80 秒
2026-07-07 02:51:41,190 - hybrid_pipeline - INFO - [342/441] 處理 tile: tile_x7680_y13824
2026-07-07 02:51:41,258 - cellpose.transforms - INFO - processing image with (1024, 1024) HW, and 3 channels
2026-07-07 02:51:41,692 - m2_segmentation - INFO - Cellpose 分割完成: 48 個有效細胞
2026-07-07 02:51:41,716 - m3_module.m3_cells_generator - INFO - All-positive 標註完成: 48 個細胞
2026-07-07 02:51:41,754 - m3_module.m3_cells_generator - INFO - enlarge_cell_instances: 48 顆細胞, factor=1.50(面積), 中位半徑=24.3px, 外擴=5.5px
2026-07-07 02:51:41,755 - cellpose.transforms - INFO - processing image with (1024, 1024) HW, and 3 channels
2026-07-07 02:51:42,212 - m3_module.m3_elastic_matching - INFO - elastic_dish_nucleus_matching(overlap-first): IHC=48, DISH=41, matched(1核)=31 (其中重疊=31), drop-out(競爭落敗)=8, 無候選(計入)=9, factor=1.50, min_reach=20.0
2026-07-07 02:51:42,756 - m3_module.m3_dot_detection - INFO - detect_all_dots: 紅點=27, 黑點=64, 涉及細胞=48
2026-07-07 02:51:42,937 - m4_module.cell_crops - INFO - 匯出 21 張 per-cell 影像至 docs/hybrid-pipeline/measurement/runs/large/cell_crops/tile_x7680_y13824/cells
2026-07-07 02:51:42,937 - hybrid_pipeline - INFO - Tile tile_x7680_y13824 完成: 核心擁有 21 細胞 (21 陽性), 1.75 秒
2026-07-07 02:51:43,025 - hybrid_pipeline - INFO - [343/441] 處理 tile: tile_x7680_y14592
2026-07-07 02:51:43,088 - cellpose.transforms - INFO - processing image with (1024, 1024) HW, and 3 channels
2026-07-07 02:51:43,503 - m2_segmentation - INFO - Cellpose 分割完成: 20 個有效細胞
2026-07-07 02:51:43,524 - m3_module.m3_cells_generator - INFO - All-positive 標註完成: 20 個細胞
2026-07-07 02:51:43,554 - m3_module.m3_cells_generator - INFO - enlarge_cell_instances: 20 顆細胞, factor=1.50(面積), 中位半徑=24.3px, 外擴=5.5px
2026-07-07 02:51:43,555 - cellpose.transforms - INFO - processing image with (1024, 1024) HW, and 3 channels
2026-07-07 02:51:44,011 - m3_module.m3_elastic_matching - INFO - elastic_dish_nucleus_matching(overlap-first): IHC=20, DISH=16, matched(1核)=13 (其中重疊=13), drop-out(競爭落敗)=2, 無候選(計入)=5, factor=1.50, min_reach=20.0
2026-07-07 02:51:44,225 - m3_module.m3_dot_detection - INFO - detect_all_dots: 紅點=12, 黑點=30, 涉及細胞=20
2026-07-07 02:51:44,321 - m4_module.cell_crops - INFO - 匯出 13 張 per-cell 影像至 docs/hybrid-pipeline/measurement/runs/large/cell_crops/tile_x7680_y14592/cells
2026-07-07 02:51:44,321 - hybrid_pipeline - INFO - Tile tile_x7680_y14592 完成: 核心擁有 13 細胞 (13 陽性), 1.30 秒
2026-07-07 02:51:44,408 - hybrid_pipeline - INFO - [344/441] 處理 tile: tile_x7680_y1536
2026-07-07 02:51:44,471 - cellpose.transforms - INFO - processing image with (1024, 1024) HW, and 3 channels
2026-07-07 02:51:44,925 - m2_segmentation - INFO - Cellpose 分割完成: 64 個有效細胞
2026-07-07 02:51:44,951 - m3_module.m3_cells_generator - INFO - All-positive 標註完成: 64 個細胞
2026-07-07 02:51:44,994 - m3_module.m3_cells_generator - INFO - enlarge_cell_instances: 64 顆細胞, factor=1.50(面積), 中位半徑=26.3px, 外擴=5.9px
2026-07-07 02:51:44,995 - cellpose.transforms - INFO - processing image with (1024, 1024) HW, and 3 channels
2026-07-07 02:51:45,449 - m3_module.m3_elastic_matching - INFO - elastic_dish_nucleus_matching(overlap-first): IHC=64, DISH=55, matched(1核)=39 (其中重疊=39), drop-out(競爭落敗)=6, 無候選(計入)=19, factor=1.50, min_reach=20.0
2026-07-07 02:51:46,149 - m3_module.m3_dot_detection - INFO - detect_all_dots: 紅點=36, 黑點=86, 涉及細胞=64
2026-07-07 02:51:46,424 - m4_module.cell_crops - INFO - 匯出 27 張 per-cell 影像至 docs/hybrid-pipeline/measurement/runs/large/cell_crops/tile_x7680_y1536/cells
2026-07-07 02:51:46,424 - hybrid_pipeline - INFO - Tile tile_x7680_y1536 完成: 核心擁有 27 細胞 (27 陽性), 2.02 秒
2026-07-07 02:51:46,512 - hybrid_pipeline - INFO - [345/441] 處理 tile: tile_x7680_y15360
2026-07-07 02:51:46,575 - cellpose.transforms - INFO - processing image with (1024, 1024) HW, and 3 channels
2026-07-07 02:51:46,987 - m2_segmentation - INFO - Cellpose 分割完成: 4 個有效細胞
2026-07-07 02:51:47,005 - m3_module.m3_cells_generator - INFO - All-positive 標註完成: 4 個細胞
2026-07-07 02:51:47,029 - m3_module.m3_cells_generator - INFO - enlarge_cell_instances: 4 顆細胞, factor=1.50(面積), 中位半徑=21.1px, 外擴=4.7px
2026-07-07 02:51:47,030 - cellpose.transforms - INFO - processing image with (1024, 1024) HW, and 3 channels
2026-07-07 02:51:47,477 - m3_module.m3_elastic_matching - INFO - elastic_dish_nucleus_matching(overlap-first): IHC=4, DISH=4, matched(1核)=3 (其中重疊=3), drop-out(競爭落敗)=1, 無候選(計入)=0, factor=1.50, min_reach=20.0
2026-07-07 02:51:47,591 - m3_module.m3_dot_detection - INFO - detect_all_dots: 紅點=2, 黑點=4, 涉及細胞=4
2026-07-07 02:51:47,661 - m4_module.cell_crops - INFO - 匯出 3 張 per-cell 影像至 docs/hybrid-pipeline/measurement/runs/large/cell_crops/tile_x7680_y15360/cells
2026-07-07 02:51:47,661 - hybrid_pipeline - INFO - Tile tile_x7680_y15360 完成: 核心擁有 3 細胞 (3 陽性), 1.15 秒
2026-07-07 02:51:47,750 - hybrid_pipeline - INFO - [346/441] 處理 tile: tile_x7680_y2304
2026-07-07 02:51:47,820 - cellpose.transforms - INFO - processing image with (1024, 1024) HW, and 3 channels
2026-07-07 02:51:48,256 - m2_segmentation - INFO - Cellpose 分割完成: 17 個有效細胞
2026-07-07 02:51:48,277 - m3_module.m3_cells_generator - INFO - All-positive 標註完成: 17 個細胞
2026-07-07 02:51:48,307 - m3_module.m3_cells_generator - INFO - enlarge_cell_instances: 17 顆細胞, factor=1.50(面積), 中位半徑=24.5px, 外擴=5.5px
2026-07-07 02:51:48,307 - cellpose.transforms - INFO - processing image with (1024, 1024) HW, and 3 channels
2026-07-07 02:51:48,759 - m3_module.m3_elastic_matching - INFO - elastic_dish_nucleus_matching(overlap-first): IHC=17, DISH=12, matched(1核)=9 (其中重疊=9), drop-out(競爭落敗)=2, 無候選(計入)=6, factor=1.50, min_reach=20.0
2026-07-07 02:51:48,935 - m3_module.m3_dot_detection - INFO - detect_all_dots: 紅點=7, 黑點=17, 涉及細胞=17
2026-07-07 02:51:49,047 - m4_module.cell_crops - INFO - 匯出 4 張 per-cell 影像至 docs/hybrid-pipeline/measurement/runs/large/cell_crops/tile_x7680_y2304/cells
2026-07-07 02:51:49,047 - hybrid_pipeline - INFO - Tile tile_x7680_y2304 完成: 核心擁有 4 細胞 (4 陽性), 1.30 秒
2026-07-07 02:51:49,135 - hybrid_pipeline - INFO - [347/441] 處理 tile: tile_x7680_y3072
2026-07-07 02:51:49,199 - cellpose.transforms - INFO - processing image with (1024, 1024) HW, and 3 channels
2026-07-07 02:51:49,619 - m2_segmentation - INFO - Cellpose 分割完成: 14 個有效細胞
2026-07-07 02:51:49,639 - m3_module.m3_cells_generator - INFO - All-positive 標註完成: 14 個細胞
2026-07-07 02:51:49,670 - m3_module.m3_cells_generator - INFO - enlarge_cell_instances: 14 顆細胞, factor=1.50(面積), 中位半徑=22.1px, 外擴=5.0px
2026-07-07 02:51:49,670 - cellpose.transforms - INFO - processing image with (1024, 1024) HW, and 3 channels
2026-07-07 02:51:50,127 - m3_module.m3_elastic_matching - INFO - elastic_dish_nucleus_matching(overlap-first): IHC=14, DISH=9, matched(1核)=6 (其中重疊=6), drop-out(競爭落敗)=0, 無候選(計入)=8, factor=1.50, min_reach=20.0
2026-07-07 02:51:50,272 - m3_module.m3_dot_detection - INFO - detect_all_dots: 紅點=3, 黑點=14, 涉及細胞=14
2026-07-07 02:51:50,361 - m4_module.cell_crops - INFO - 匯出 1 張 per-cell 影像至 docs/hybrid-pipeline/measurement/runs/large/cell_crops/tile_x7680_y3072/cells
2026-07-07 02:51:50,361 - hybrid_pipeline - INFO - Tile tile_x7680_y3072 完成: 核心擁有 1 細胞 (1 陽性), 1.23 秒
2026-07-07 02:51:50,449 - hybrid_pipeline - INFO - [348/441] 處理 tile: tile_x7680_y3840
2026-07-07 02:51:50,512 - cellpose.transforms - INFO - processing image with (1024, 1024) HW, and 3 channels
2026-07-07 02:51:50,949 - m2_segmentation - INFO - Cellpose 分割完成: 51 個有效細胞
2026-07-07 02:51:50,974 - m3_module.m3_cells_generator - INFO - All-positive 標註完成: 51 個細胞
2026-07-07 02:51:51,013 - m3_module.m3_cells_generator - INFO - enlarge_cell_instances: 51 顆細胞, factor=1.50(面積), 中位半徑=24.1px, 外擴=5.4px
2026-07-07 02:51:51,014 - cellpose.transforms - INFO - processing image with (1024, 1024) HW, and 3 channels
2026-07-07 02:51:51,474 - m3_module.m3_elastic_matching - INFO - elastic_dish_nucleus_matching(overlap-first): IHC=51, DISH=23, matched(1核)=16 (其中重疊=16), drop-out(競爭落敗)=4, 無候選(計入)=31, factor=1.50, min_reach=20.0
2026-07-07 02:51:51,745 - m3_module.m3_dot_detection - INFO - detect_all_dots: 紅點=11, 黑點=39, 涉及細胞=51
2026-07-07 02:51:51,923 - m4_module.cell_crops - INFO - 匯出 23 張 per-cell 影像至 docs/hybrid-pipeline/measurement/runs/large/cell_crops/tile_x7680_y3840/cells
2026-07-07 02:51:51,923 - hybrid_pipeline - INFO - Tile tile_x7680_y3840 完成: 核心擁有 23 細胞 (23 陽性), 1.47 秒
2026-07-07 02:51:52,012 - hybrid_pipeline - INFO - [349/441] 處理 tile: tile_x7680_y4608
2026-07-07 02:51:52,080 - cellpose.transforms - INFO - processing image with (1024, 1024) HW, and 3 channels
2026-07-07 02:51:52,580 - m2_segmentation - INFO - Cellpose 分割完成: 90 個有效細胞
2026-07-07 02:51:52,610 - m3_module.m3_cells_generator - INFO - All-positive 標註完成: 90 個細胞
2026-07-07 02:51:52,667 - m3_module.m3_cells_generator - INFO - enlarge_cell_instances: 90 顆細胞, factor=1.50(面積), 中位半徑=28.3px, 外擴=6.4px
2026-07-07 02:51:52,667 - cellpose.transforms - INFO - processing image with (1024, 1024) HW, and 3 channels
2026-07-07 02:51:53,129 - m3_module.m3_elastic_matching - INFO - elastic_dish_nucleus_matching(overlap-first): IHC=90, DISH=54, matched(1核)=42 (其中重疊=42), drop-out(競爭落敗)=17, 無候選(計入)=31, factor=1.50, min_reach=20.0
2026-07-07 02:51:53,935 - m3_module.m3_dot_detection - INFO - detect_all_dots: 紅點=42, 黑點=96, 涉及細胞=90
2026-07-07 02:51:54,284 - m4_module.cell_crops - INFO - 匯出 52 張 per-cell 影像至 docs/hybrid-pipeline/measurement/runs/large/cell_crops/tile_x7680_y4608/cells
2026-07-07 02:51:54,284 - hybrid_pipeline - INFO - Tile tile_x7680_y4608 完成: 核心擁有 52 細胞 (52 陽性), 2.27 秒
2026-07-07 02:51:54,371 - hybrid_pipeline - INFO - [350/441] 處理 tile: tile_x7680_y5376
2026-07-07 02:51:54,434 - cellpose.transforms - INFO - processing image with (1024, 1024) HW, and 3 channels
2026-07-07 02:51:54,954 - m2_segmentation - INFO - Cellpose 分割完成: 124 個有效細胞
2026-07-07 02:51:54,989 - m3_module.m3_cells_generator - INFO - All-positive 標註完成: 124 個細胞
2026-07-07 02:51:55,043 - m3_module.m3_cells_generator - INFO - enlarge_cell_instances: 124 顆細胞, factor=1.50(面積), 中位半徑=27.1px, 外擴=6.1px
2026-07-07 02:51:55,044 - cellpose.transforms - INFO - processing image with (1024, 1024) HW, and 3 channels
2026-07-07 02:51:55,509 - m3_module.m3_elastic_matching - INFO - elastic_dish_nucleus_matching(overlap-first): IHC=124, DISH=75, matched(1核)=64 (其中重疊=64), drop-out(競爭落敗)=24, 無候選(計入)=36, factor=1.50, min_reach=20.0
2026-07-07 02:51:56,821 - m3_module.m3_dot_detection - INFO - detect_all_dots: 紅點=65, 黑點=188, 涉及細胞=124
2026-07-07 02:51:57,242 - m4_module.cell_crops - INFO - 匯出 70 張 per-cell 影像至 docs/hybrid-pipeline/measurement/runs/large/cell_crops/tile_x7680_y5376/cells
2026-07-07 02:51:57,242 - hybrid_pipeline - INFO - Tile tile_x7680_y5376 完成: 核心擁有 70 細胞 (70 陽性), 2.87 秒
2026-07-07 02:51:57,330 - hybrid_pipeline - INFO - [351/441] 處理 tile: tile_x7680_y6144
2026-07-07 02:51:57,406 - cellpose.transforms - INFO - processing image with (1024, 1024) HW, and 3 channels
2026-07-07 02:51:57,876 - m2_segmentation - INFO - Cellpose 分割完成: 99 個有效細胞
2026-07-07 02:51:57,907 - m3_module.m3_cells_generator - INFO - All-positive 標註完成: 99 個細胞
2026-07-07 02:51:57,954 - m3_module.m3_cells_generator - INFO - enlarge_cell_instances: 99 顆細胞, factor=1.50(面積), 中位半徑=27.6px, 外擴=6.2px
2026-07-07 02:51:57,954 - cellpose.transforms - INFO - processing image with (1024, 1024) HW, and 3 channels
2026-07-07 02:51:58,418 - m3_module.m3_elastic_matching - INFO - elastic_dish_nucleus_matching(overlap-first): IHC=99, DISH=53, matched(1核)=46 (其中重疊=46), drop-out(競爭落敗)=16, 無候選(計入)=37, factor=1.50, min_reach=20.0
2026-07-07 02:51:59,282 - m3_module.m3_dot_detection - INFO - detect_all_dots: 紅點=44, 黑點=104, 涉及細胞=99
2026-07-07 02:51:59,562 - m4_module.cell_crops - INFO - 匯出 61 張 per-cell 影像至 docs/hybrid-pipeline/measurement/runs/large/cell_crops/tile_x7680_y6144/cells
2026-07-07 02:51:59,562 - hybrid_pipeline - INFO - Tile tile_x7680_y6144 完成: 核心擁有 61 細胞 (61 陽性), 2.23 秒
2026-07-07 02:51:59,651 - hybrid_pipeline - INFO - [352/441] 處理 tile: tile_x7680_y6912
2026-07-07 02:51:59,714 - cellpose.transforms - INFO - processing image with (1024, 1024) HW, and 3 channels
2026-07-07 02:52:00,194 - m2_segmentation - INFO - Cellpose 分割完成: 91 個有效細胞
2026-07-07 02:52:00,225 - m3_module.m3_cells_generator - INFO - All-positive 標註完成: 91 個細胞
2026-07-07 02:52:00,271 - m3_module.m3_cells_generator - INFO - enlarge_cell_instances: 91 顆細胞, factor=1.50(面積), 中位半徑=28.4px, 外擴=6.4px
2026-07-07 02:52:00,271 - cellpose.transforms - INFO - processing image with (1024, 1024) HW, and 3 channels
2026-07-07 02:52:00,729 - m3_module.m3_elastic_matching - INFO - elastic_dish_nucleus_matching(overlap-first): IHC=91, DISH=57, matched(1核)=50 (其中重疊=50), drop-out(競爭落敗)=19, 無候選(計入)=22, factor=1.50, min_reach=20.0
2026-07-07 02:52:01,816 - m3_module.m3_dot_detection - INFO - detect_all_dots: 紅點=53, 黑點=150, 涉及細胞=91
2026-07-07 02:52:02,129 - m4_module.cell_crops - INFO - 匯出 51 張 per-cell 影像至 docs/hybrid-pipeline/measurement/runs/large/cell_crops/tile_x7680_y6912/cells
2026-07-07 02:52:02,129 - hybrid_pipeline - INFO - Tile tile_x7680_y6912 完成: 核心擁有 51 細胞 (51 陽性), 2.48 秒
2026-07-07 02:52:02,217 - hybrid_pipeline - INFO - [353/441] 處理 tile: tile_x7680_y768
2026-07-07 02:52:02,280 - cellpose.transforms - INFO - processing image with (1024, 1024) HW, and 3 channels
2026-07-07 02:52:02,787 - m2_segmentation - INFO - Cellpose 分割完成: 125 個有效細胞
2026-07-07 02:52:02,822 - m3_module.m3_cells_generator - INFO - All-positive 標註完成: 125 個細胞
2026-07-07 02:52:02,875 - m3_module.m3_cells_generator - INFO - enlarge_cell_instances: 125 顆細胞, factor=1.50(面積), 中位半徑=27.1px, 外擴=6.1px
2026-07-07 02:52:02,876 - cellpose.transforms - INFO - processing image with (1024, 1024) HW, and 3 channels
2026-07-07 02:52:03,349 - m3_module.m3_elastic_matching - INFO - elastic_dish_nucleus_matching(overlap-first): IHC=125, DISH=90, matched(1核)=73 (其中重疊=73), drop-out(競爭落敗)=24, 無候選(計入)=28, factor=1.50, min_reach=20.0
2026-07-07 02:52:04,580 - m3_module.m3_dot_detection - INFO - detect_all_dots: 紅點=71, 黑點=167, 涉及細胞=125
2026-07-07 02:52:04,988 - m4_module.cell_crops - INFO - 匯出 77 張 per-cell 影像至 docs/hybrid-pipeline/measurement/runs/large/cell_crops/tile_x7680_y768/cells
2026-07-07 02:52:04,988 - hybrid_pipeline - INFO - Tile tile_x7680_y768 完成: 核心擁有 77 細胞 (77 陽性), 2.77 秒
2026-07-07 02:52:05,076 - hybrid_pipeline - INFO - [354/441] 處理 tile: tile_x7680_y7680
2026-07-07 02:52:05,141 - cellpose.transforms - INFO - processing image with (1024, 1024) HW, and 3 channels
2026-07-07 02:52:05,603 - m2_segmentation - INFO - Cellpose 分割完成: 55 個有效細胞
2026-07-07 02:52:05,629 - m3_module.m3_cells_generator - INFO - All-positive 標註完成: 55 個細胞
2026-07-07 02:52:05,667 - m3_module.m3_cells_generator - INFO - enlarge_cell_instances: 55 顆細胞, factor=1.50(面積), 中位半徑=30.2px, 外擴=6.8px
2026-07-07 02:52:05,668 - cellpose.transforms - INFO - processing image with (1024, 1024) HW, and 3 channels
2026-07-07 02:52:06,134 - m3_module.m3_elastic_matching - INFO - elastic_dish_nucleus_matching(overlap-first): IHC=55, DISH=45, matched(1核)=32 (其中重疊=32), drop-out(競爭落敗)=9, 無候選(計入)=14, factor=1.50, min_reach=20.0
2026-07-07 02:52:06,890 - m3_module.m3_dot_detection - INFO - detect_all_dots: 紅點=40, 黑點=103, 涉及細胞=55
2026-07-07 02:52:07,114 - m4_module.cell_crops - INFO - 匯出 25 張 per-cell 影像至 docs/hybrid-pipeline/measurement/runs/large/cell_crops/tile_x7680_y7680/cells
2026-07-07 02:52:07,114 - hybrid_pipeline - INFO - Tile tile_x7680_y7680 完成: 核心擁有 25 細胞 (25 陽性), 2.04 秒
2026-07-07 02:52:07,202 - hybrid_pipeline - INFO - [355/441] 處理 tile: tile_x7680_y8448
2026-07-07 02:52:07,265 - cellpose.transforms - INFO - processing image with (1024, 1024) HW, and 3 channels
2026-07-07 02:52:07,728 - m2_segmentation - INFO - Cellpose 分割完成: 54 個有效細胞
2026-07-07 02:52:07,753 - m3_module.m3_cells_generator - INFO - All-positive 標註完成: 54 個細胞
2026-07-07 02:52:07,798 - m3_module.m3_cells_generator - INFO - enlarge_cell_instances: 54 顆細胞, factor=1.50(面積), 中位半徑=25.3px, 外擴=5.7px
2026-07-07 02:52:07,799 - cellpose.transforms - INFO - processing image with (1024, 1024) HW, and 3 channels
2026-07-07 02:52:08,260 - m3_module.m3_elastic_matching - INFO - elastic_dish_nucleus_matching(overlap-first): IHC=54, DISH=41, matched(1核)=24 (其中重疊=24), drop-out(競爭落敗)=2, 無候選(計入)=28, factor=1.50, min_reach=20.0
2026-07-07 02:52:08,858 - m3_module.m3_dot_detection - INFO - detect_all_dots: 紅點=30, 黑點=69, 涉及細胞=54
2026-07-07 02:52:09,122 - m4_module.cell_crops - INFO - 匯出 35 張 per-cell 影像至 docs/hybrid-pipeline/measurement/runs/large/cell_crops/tile_x7680_y8448/cells
2026-07-07 02:52:09,122 - hybrid_pipeline - INFO - Tile tile_x7680_y8448 完成: 核心擁有 35 細胞 (35 陽性), 1.92 秒
2026-07-07 02:52:09,210 - hybrid_pipeline - INFO - [356/441] 處理 tile: tile_x7680_y9216
2026-07-07 02:52:09,276 - cellpose.transforms - INFO - processing image with (1024, 1024) HW, and 3 channels
2026-07-07 02:52:09,714 - m2_segmentation - INFO - Cellpose 分割完成: 24 個有效細胞
2026-07-07 02:52:09,735 - m3_module.m3_cells_generator - INFO - All-positive 標註完成: 24 個細胞
2026-07-07 02:52:09,768 - m3_module.m3_cells_generator - INFO - enlarge_cell_instances: 24 顆細胞, factor=1.50(面積), 中位半徑=27.5px, 外擴=6.2px
2026-07-07 02:52:09,769 - cellpose.transforms - INFO - processing image with (1024, 1024) HW, and 3 channels
2026-07-07 02:52:10,235 - m3_module.m3_elastic_matching - INFO - elastic_dish_nucleus_matching(overlap-first): IHC=24, DISH=15, matched(1核)=11 (其中重疊=11), drop-out(競爭落敗)=3, 無候選(計入)=10, factor=1.50, min_reach=20.0
2026-07-07 02:52:10,463 - m3_module.m3_dot_detection - INFO - detect_all_dots: 紅點=14, 黑點=26, 涉及細胞=24
2026-07-07 02:52:10,580 - m4_module.cell_crops - INFO - 匯出 14 張 per-cell 影像至 docs/hybrid-pipeline/measurement/runs/large/cell_crops/tile_x7680_y9216/cells
2026-07-07 02:52:10,580 - hybrid_pipeline - INFO - Tile tile_x7680_y9216 完成: 核心擁有 14 細胞 (14 陽性), 1.37 秒
2026-07-07 02:52:10,672 - hybrid_pipeline - INFO - [357/441] 處理 tile: tile_x7680_y9984
2026-07-07 02:52:10,741 - cellpose.transforms - INFO - processing image with (1024, 1024) HW, and 3 channels
2026-07-07 02:52:11,166 - m2_segmentation - INFO - Cellpose 分割完成: 10 個有效細胞
2026-07-07 02:52:11,185 - m3_module.m3_cells_generator - INFO - All-positive 標註完成: 10 個細胞
2026-07-07 02:52:11,214 - m3_module.m3_cells_generator - INFO - enlarge_cell_instances: 10 顆細胞, factor=1.50(面積), 中位半徑=29.5px, 外擴=6.6px
2026-07-07 02:52:11,214 - cellpose.transforms - INFO - processing image with (1024, 1024) HW, and 3 channels
2026-07-07 02:52:11,670 - m3_module.m3_elastic_matching - INFO - elastic_dish_nucleus_matching(overlap-first): IHC=10, DISH=7, matched(1核)=4 (其中重疊=4), drop-out(競爭落敗)=0, 無候選(計入)=6, factor=1.50, min_reach=20.0
2026-07-07 02:52:11,793 - m3_module.m3_dot_detection - INFO - detect_all_dots: 紅點=5, 黑點=9, 涉及細胞=10
2026-07-07 02:52:11,889 - m4_module.cell_crops - INFO - 匯出 4 張 per-cell 影像至 docs/hybrid-pipeline/measurement/runs/large/cell_crops/tile_x7680_y9984/cells
2026-07-07 02:52:11,889 - hybrid_pipeline - INFO - Tile tile_x7680_y9984 完成: 核心擁有 4 細胞 (4 陽性), 1.22 秒
2026-07-07 02:52:11,979 - hybrid_pipeline - INFO - [358/441] 處理 tile: tile_x768_y0
2026-07-07 02:52:12,042 - cellpose.transforms - INFO - processing image with (1024, 1024) HW, and 3 channels
2026-07-07 02:52:12,468 - m2_segmentation - INFO - Cellpose 分割完成: 48 個有效細胞
2026-07-07 02:52:12,493 - m3_module.m3_cells_generator - INFO - All-positive 標註完成: 47 個細胞
2026-07-07 02:52:12,539 - m3_module.m3_cells_generator - INFO - enlarge_cell_instances: 47 顆細胞, factor=1.50(面積), 中位半徑=24.8px, 外擴=5.6px
2026-07-07 02:52:12,539 - cellpose.transforms - INFO - processing image with (1024, 1024) HW, and 3 channels
2026-07-07 02:52:13,012 - m3_module.m3_elastic_matching - INFO - elastic_dish_nucleus_matching(overlap-first): IHC=47, DISH=37, matched(1核)=25 (其中重疊=25), drop-out(競爭落敗)=7, 無候選(計入)=15, factor=1.50, min_reach=20.0
2026-07-07 02:52:13,431 - m3_module.m3_dot_detection - INFO - detect_all_dots: 紅點=27, 黑點=44, 涉及細胞=47
2026-07-07 02:52:13,630 - m4_module.cell_crops - INFO - 匯出 19 張 per-cell 影像至 docs/hybrid-pipeline/measurement/runs/large/cell_crops/tile_x768_y0/cells
2026-07-07 02:52:13,630 - hybrid_pipeline - INFO - Tile tile_x768_y0 完成: 核心擁有 19 細胞 (19 陽性), 1.65 秒
2026-07-07 02:52:13,718 - hybrid_pipeline - INFO - [359/441] 處理 tile: tile_x768_y10752
2026-07-07 02:52:13,784 - cellpose.transforms - INFO - processing image with (1024, 1024) HW, and 3 channels
2026-07-07 02:52:14,205 - m2_segmentation - INFO - Cellpose 分割完成: 14 個有效細胞
2026-07-07 02:52:14,226 - m3_module.m3_cells_generator - INFO - All-positive 標註完成: 14 個細胞
2026-07-07 02:52:14,258 - m3_module.m3_cells_generator - INFO - enlarge_cell_instances: 14 顆細胞, factor=1.50(面積), 中位半徑=38.8px, 外擴=8.7px
2026-07-07 02:52:14,258 - cellpose.transforms - INFO - processing image with (1024, 1024) HW, and 3 channels
2026-07-07 02:52:14,719 - m3_module.m3_elastic_matching - INFO - elastic_dish_nucleus_matching(overlap-first): IHC=14, DISH=19, matched(1核)=13 (其中重疊=13), drop-out(競爭落敗)=0, 無候選(計入)=1, factor=1.50, min_reach=20.0
2026-07-07 02:52:14,964 - m3_module.m3_dot_detection - INFO - detect_all_dots: 紅點=17, 黑點=28, 涉及細胞=14
2026-07-07 02:52:15,070 - m4_module.cell_crops - INFO - 匯出 2 張 per-cell 影像至 docs/hybrid-pipeline/measurement/runs/large/cell_crops/tile_x768_y10752/cells
2026-07-07 02:52:15,070 - hybrid_pipeline - INFO - Tile tile_x768_y10752 完成: 核心擁有 2 細胞 (2 陽性), 1.35 秒
2026-07-07 02:52:15,158 - hybrid_pipeline - INFO - [360/441] 處理 tile: tile_x768_y11520
2026-07-07 02:52:15,221 - cellpose.transforms - INFO - processing image with (1024, 1024) HW, and 3 channels
2026-07-07 02:52:15,648 - m2_segmentation - INFO - Cellpose 分割完成: 26 個有效細胞
2026-07-07 02:52:15,670 - m3_module.m3_cells_generator - INFO - All-positive 標註完成: 26 個細胞
2026-07-07 02:52:15,699 - m3_module.m3_cells_generator - INFO - enlarge_cell_instances: 26 顆細胞, factor=1.50(面積), 中位半徑=30.1px, 外擴=6.8px
2026-07-07 02:52:15,699 - cellpose.transforms - INFO - processing image with (1024, 1024) HW, and 3 channels
2026-07-07 02:52:16,167 - m3_module.m3_elastic_matching - INFO - elastic_dish_nucleus_matching(overlap-first): IHC=26, DISH=15, matched(1核)=13 (其中重疊=13), drop-out(競爭落敗)=2, 無候選(計入)=11, factor=1.50, min_reach=20.0
2026-07-07 02:52:16,402 - m3_module.m3_dot_detection - INFO - detect_all_dots: 紅點=21, 黑點=37, 涉及細胞=26
2026-07-07 02:52:16,504 - m4_module.cell_crops - INFO - 匯出 4 張 per-cell 影像至 docs/hybrid-pipeline/measurement/runs/large/cell_crops/tile_x768_y11520/cells
2026-07-07 02:52:16,504 - hybrid_pipeline - INFO - Tile tile_x768_y11520 完成: 核心擁有 4 細胞 (4 陽性), 1.35 秒
2026-07-07 02:52:16,592 - hybrid_pipeline - INFO - [361/441] 處理 tile: tile_x768_y12288
2026-07-07 02:52:16,657 - cellpose.transforms - INFO - processing image with (1024, 1024) HW, and 3 channels
2026-07-07 02:52:17,088 - m2_segmentation - INFO - Cellpose 分割完成: 30 個有效細胞
2026-07-07 02:52:17,110 - m3_module.m3_cells_generator - INFO - All-positive 標註完成: 30 個細胞
2026-07-07 02:52:17,148 - m3_module.m3_cells_generator - INFO - enlarge_cell_instances: 30 顆細胞, factor=1.50(面積), 中位半徑=30.0px, 外擴=6.7px
2026-07-07 02:52:17,148 - cellpose.transforms - INFO - processing image with (1024, 1024) HW, and 3 channels
2026-07-07 02:52:17,623 - m3_module.m3_elastic_matching - INFO - elastic_dish_nucleus_matching(overlap-first): IHC=30, DISH=25, matched(1核)=20 (其中重疊=20), drop-out(競爭落敗)=2, 無候選(計入)=8, factor=1.50, min_reach=20.0
2026-07-07 02:52:18,030 - m3_module.m3_dot_detection - INFO - detect_all_dots: 紅點=31, 黑點=43, 涉及細胞=30
2026-07-07 02:52:18,171 - m4_module.cell_crops - INFO - 匯出 24 張 per-cell 影像至 docs/hybrid-pipeline/measurement/runs/large/cell_crops/tile_x768_y12288/cells
2026-07-07 02:52:18,171 - hybrid_pipeline - INFO - Tile tile_x768_y12288 完成: 核心擁有 24 細胞 (24 陽性), 1.58 秒
2026-07-07 02:52:18,260 - hybrid_pipeline - INFO - [362/441] 處理 tile: tile_x768_y13056
2026-07-07 02:52:18,330 - cellpose.transforms - INFO - processing image with (1024, 1024) HW, and 3 channels
2026-07-07 02:52:18,791 - m2_segmentation - INFO - Cellpose 分割完成: 99 個有效細胞
2026-07-07 02:52:18,822 - m3_module.m3_cells_generator - INFO - All-positive 標註完成: 99 個細胞
2026-07-07 02:52:18,874 - m3_module.m3_cells_generator - INFO - enlarge_cell_instances: 99 顆細胞, factor=1.50(面積), 中位半徑=27.3px, 外擴=6.1px
2026-07-07 02:52:18,874 - cellpose.transforms - INFO - processing image with (1024, 1024) HW, and 3 channels
2026-07-07 02:52:19,350 - m3_module.m3_elastic_matching - INFO - elastic_dish_nucleus_matching(overlap-first): IHC=99, DISH=55, matched(1核)=54 (其中重疊=54), drop-out(競爭落敗)=24, 無候選(計入)=21, factor=1.50, min_reach=20.0
2026-07-07 02:52:20,294 - m3_module.m3_dot_detection - INFO - detect_all_dots: 紅點=67, 黑點=104, 涉及細胞=99
2026-07-07 02:52:20,555 - m4_module.cell_crops - INFO - 匯出 49 張 per-cell 影像至 docs/hybrid-pipeline/measurement/runs/large/cell_crops/tile_x768_y13056/cells
2026-07-07 02:52:20,555 - hybrid_pipeline - INFO - Tile tile_x768_y13056 完成: 核心擁有 49 細胞 (49 陽性), 2.30 秒
2026-07-07 02:52:20,645 - hybrid_pipeline - INFO - [363/441] 處理 tile: tile_x768_y13824
2026-07-07 02:52:20,717 - cellpose.transforms - INFO - processing image with (1024, 1024) HW, and 3 channels
2026-07-07 02:52:21,231 - m2_segmentation - INFO - Cellpose 分割完成: 148 個有效細胞
2026-07-07 02:52:21,269 - m3_module.m3_cells_generator - INFO - All-positive 標註完成: 148 個細胞
2026-07-07 02:52:21,325 - m3_module.m3_cells_generator - INFO - enlarge_cell_instances: 148 顆細胞, factor=1.50(面積), 中位半徑=27.5px, 外擴=6.2px
2026-07-07 02:52:21,325 - cellpose.transforms - INFO - processing image with (1024, 1024) HW, and 3 channels
2026-07-07 02:52:21,809 - m3_module.m3_elastic_matching - INFO - elastic_dish_nucleus_matching(overlap-first): IHC=148, DISH=91, matched(1核)=82 (其中重疊=82), drop-out(競爭落敗)=48, 無候選(計入)=18, factor=1.50, min_reach=20.0
2026-07-07 02:52:23,422 - m3_module.m3_dot_detection - INFO - detect_all_dots: 紅點=129, 黑點=189, 涉及細胞=148
2026-07-07 02:52:23,802 - m4_module.cell_crops - INFO - 匯出 84 張 per-cell 影像至 docs/hybrid-pipeline/measurement/runs/large/cell_crops/tile_x768_y13824/cells
2026-07-07 02:52:23,802 - hybrid_pipeline - INFO - Tile tile_x768_y13824 完成: 核心擁有 84 細胞 (84 陽性), 3.16 秒
2026-07-07 02:52:23,889 - hybrid_pipeline - INFO - [364/441] 處理 tile: tile_x768_y14592
2026-07-07 02:52:23,953 - cellpose.transforms - INFO - processing image with (1024, 1024) HW, and 3 channels
2026-07-07 02:52:24,443 - m2_segmentation - INFO - Cellpose 分割完成: 115 個有效細胞
2026-07-07 02:52:24,477 - m3_module.m3_cells_generator - INFO - All-positive 標註完成: 115 個細胞
2026-07-07 02:52:24,527 - m3_module.m3_cells_generator - INFO - enlarge_cell_instances: 115 顆細胞, factor=1.50(面積), 中位半徑=30.5px, 外擴=6.9px
2026-07-07 02:52:24,527 - cellpose.transforms - INFO - processing image with (1024, 1024) HW, and 3 channels
2026-07-07 02:52:25,005 - m3_module.m3_elastic_matching - INFO - elastic_dish_nucleus_matching(overlap-first): IHC=115, DISH=69, matched(1核)=60 (其中重疊=60), drop-out(競爭落敗)=34, 無候選(計入)=21, factor=1.50, min_reach=20.0
2026-07-07 02:52:26,103 - m3_module.m3_dot_detection - INFO - detect_all_dots: 紅點=77, 黑點=123, 涉及細胞=115
2026-07-07 02:52:26,439 - m4_module.cell_crops - INFO - 匯出 69 張 per-cell 影像至 docs/hybrid-pipeline/measurement/runs/large/cell_crops/tile_x768_y14592/cells
2026-07-07 02:52:26,439 - hybrid_pipeline - INFO - Tile tile_x768_y14592 完成: 核心擁有 69 細胞 (69 陽性), 2.55 秒
2026-07-07 02:52:26,526 - hybrid_pipeline - INFO - [365/441] 處理 tile: tile_x768_y1536
2026-07-07 02:52:26,594 - cellpose.transforms - INFO - processing image with (1024, 1024) HW, and 3 channels
2026-07-07 02:52:27,029 - m2_segmentation - INFO - Cellpose 分割完成: 48 個有效細胞
2026-07-07 02:52:27,054 - m3_module.m3_cells_generator - INFO - All-positive 標註完成: 48 個細胞
2026-07-07 02:52:27,093 - m3_module.m3_cells_generator - INFO - enlarge_cell_instances: 48 顆細胞, factor=1.50(面積), 中位半徑=24.7px, 外擴=5.6px
2026-07-07 02:52:27,093 - cellpose.transforms - INFO - processing image with (1024, 1024) HW, and 3 channels
2026-07-07 02:52:27,566 - m3_module.m3_elastic_matching - INFO - elastic_dish_nucleus_matching(overlap-first): IHC=48, DISH=38, matched(1核)=29 (其中重疊=29), drop-out(競爭落敗)=12, 無候選(計入)=7, factor=1.50, min_reach=20.0
2026-07-07 02:52:28,303 - m3_module.m3_dot_detection - INFO - detect_all_dots: 紅點=53, 黑點=94, 涉及細胞=48
2026-07-07 02:52:28,487 - m4_module.cell_crops - INFO - 匯出 25 張 per-cell 影像至 docs/hybrid-pipeline/measurement/runs/large/cell_crops/tile_x768_y1536/cells
2026-07-07 02:52:28,488 - hybrid_pipeline - INFO - Tile tile_x768_y1536 完成: 核心擁有 25 細胞 (25 陽性), 1.96 秒
2026-07-07 02:52:28,575 - hybrid_pipeline - INFO - [366/441] 處理 tile: tile_x768_y15360
2026-07-07 02:52:28,640 - cellpose.transforms - INFO - processing image with (1024, 1024) HW, and 3 channels
2026-07-07 02:52:29,087 - m2_segmentation - INFO - Cellpose 分割完成: 75 個有效細胞
2026-07-07 02:52:29,115 - m3_module.m3_cells_generator - INFO - All-positive 標註完成: 71 個細胞
2026-07-07 02:52:29,167 - m3_module.m3_cells_generator - INFO - enlarge_cell_instances: 71 顆細胞, factor=1.50(面積), 中位半徑=30.4px, 外擴=6.8px
2026-07-07 02:52:29,167 - cellpose.transforms - INFO - processing image with (1024, 1024) HW, and 3 channels
2026-07-07 02:52:29,635 - m3_module.m3_elastic_matching - INFO - elastic_dish_nucleus_matching(overlap-first): IHC=71, DISH=51, matched(1核)=43 (其中重疊=43), drop-out(競爭落敗)=16, 無候選(計入)=12, factor=1.50, min_reach=20.0
2026-07-07 02:52:30,194 - m3_module.m3_dot_detection - INFO - detect_all_dots: 紅點=35, 黑點=64, 涉及細胞=71
2026-07-07 02:52:30,449 - m4_module.cell_crops - INFO - 匯出 47 張 per-cell 影像至 docs/hybrid-pipeline/measurement/runs/large/cell_crops/tile_x768_y15360/cells
2026-07-07 02:52:30,449 - hybrid_pipeline - INFO - Tile tile_x768_y15360 完成: 核心擁有 47 細胞 (47 陽性), 1.87 秒
2026-07-07 02:52:30,537 - hybrid_pipeline - INFO - [367/441] 處理 tile: tile_x768_y2304
2026-07-07 02:52:30,602 - cellpose.transforms - INFO - processing image with (1024, 1024) HW, and 3 channels
2026-07-07 02:52:31,043 - m2_segmentation - INFO - Cellpose 分割完成: 49 個有效細胞
2026-07-07 02:52:31,069 - m3_module.m3_cells_generator - INFO - All-positive 標註完成: 49 個細胞
2026-07-07 02:52:31,119 - m3_module.m3_cells_generator - INFO - enlarge_cell_instances: 49 顆細胞, factor=1.50(面積), 中位半徑=29.9px, 外擴=6.7px
2026-07-07 02:52:31,119 - cellpose.transforms - INFO - processing image with (1024, 1024) HW, and 3 channels
2026-07-07 02:52:31,588 - m3_module.m3_elastic_matching - INFO - elastic_dish_nucleus_matching(overlap-first): IHC=49, DISH=44, matched(1核)=33 (其中重疊=33), drop-out(競爭落敗)=7, 無候選(計入)=9, factor=1.50, min_reach=20.0
2026-07-07 02:52:32,251 - m3_module.m3_dot_detection - INFO - detect_all_dots: 紅點=40, 黑點=68, 涉及細胞=49
2026-07-07 02:52:32,486 - m4_module.cell_crops - INFO - 匯出 28 張 per-cell 影像至 docs/hybrid-pipeline/measurement/runs/large/cell_crops/tile_x768_y2304/cells
2026-07-07 02:52:32,486 - hybrid_pipeline - INFO - Tile tile_x768_y2304 完成: 核心擁有 28 細胞 (28 陽性), 1.95 秒
2026-07-07 02:52:32,575 - hybrid_pipeline - INFO - [368/441] 處理 tile: tile_x768_y3072
2026-07-07 02:52:32,645 - cellpose.transforms - INFO - processing image with (1024, 1024) HW, and 3 channels
2026-07-07 02:52:33,123 - m2_segmentation - INFO - Cellpose 分割完成: 95 個有效細胞
2026-07-07 02:52:33,154 - m3_module.m3_cells_generator - INFO - All-positive 標註完成: 95 個細胞
2026-07-07 02:52:33,205 - m3_module.m3_cells_generator - INFO - enlarge_cell_instances: 95 顆細胞, factor=1.50(面積), 中位半徑=30.5px, 外擴=6.9px
2026-07-07 02:52:33,206 - cellpose.transforms - INFO - processing image with (1024, 1024) HW, and 3 channels
2026-07-07 02:52:33,688 - m3_module.m3_elastic_matching - INFO - elastic_dish_nucleus_matching(overlap-first): IHC=95, DISH=79, matched(1核)=62 (其中重疊=62), drop-out(競爭落敗)=20, 無候選(計入)=13, factor=1.50, min_reach=20.0
2026-07-07 02:52:34,911 - m3_module.m3_dot_detection - INFO - detect_all_dots: 紅點=86, 黑點=156, 涉及細胞=95
2026-07-07 02:52:35,246 - m4_module.cell_crops - INFO - 匯出 42 張 per-cell 影像至 docs/hybrid-pipeline/measurement/runs/large/cell_crops/tile_x768_y3072/cells
2026-07-07 02:52:35,246 - hybrid_pipeline - INFO - Tile tile_x768_y3072 完成: 核心擁有 42 細胞 (42 陽性), 2.67 秒
2026-07-07 02:52:35,334 - hybrid_pipeline - INFO - [369/441] 處理 tile: tile_x768_y3840
2026-07-07 02:52:35,402 - cellpose.transforms - INFO - processing image with (1024, 1024) HW, and 3 channels
2026-07-07 02:52:35,842 - m2_segmentation - INFO - Cellpose 分割完成: 50 個有效細胞
2026-07-07 02:52:35,866 - m3_module.m3_cells_generator - INFO - All-positive 標註完成: 50 個細胞
2026-07-07 02:52:35,907 - m3_module.m3_cells_generator - INFO - enlarge_cell_instances: 50 顆細胞, factor=1.50(面積), 中位半徑=26.4px, 外擴=5.9px
2026-07-07 02:52:35,908 - cellpose.transforms - INFO - processing image with (1024, 1024) HW, and 3 channels
2026-07-07 02:52:36,366 - m3_module.m3_elastic_matching - INFO - elastic_dish_nucleus_matching(overlap-first): IHC=50, DISH=37, matched(1核)=28 (其中重疊=28), drop-out(競爭落敗)=9, 無候選(計入)=13, factor=1.50, min_reach=20.0
2026-07-07 02:52:36,893 - m3_module.m3_dot_detection - INFO - detect_all_dots: 紅點=36, 黑點=65, 涉及細胞=50
2026-07-07 02:52:37,099 - m4_module.cell_crops - INFO - 匯出 15 張 per-cell 影像至 docs/hybrid-pipeline/measurement/runs/large/cell_crops/tile_x768_y3840/cells
2026-07-07 02:52:37,099 - hybrid_pipeline - INFO - Tile tile_x768_y3840 完成: 核心擁有 15 細胞 (15 陽性), 1.76 秒
2026-07-07 02:52:37,190 - hybrid_pipeline - INFO - [370/441] 處理 tile: tile_x768_y4608
2026-07-07 02:52:37,251 - cellpose.transforms - INFO - processing image with (1024, 1024) HW, and 3 channels
2026-07-07 02:52:37,691 - m2_segmentation - INFO - Cellpose 分割完成: 26 個有效細胞
2026-07-07 02:52:37,713 - m3_module.m3_cells_generator - INFO - All-positive 標註完成: 26 個細胞
2026-07-07 02:52:37,756 - m3_module.m3_cells_generator - INFO - enlarge_cell_instances: 26 顆細胞, factor=1.50(面積), 中位半徑=27.8px, 外擴=6.2px
2026-07-07 02:52:37,756 - cellpose.transforms - INFO - processing image with (1024, 1024) HW, and 3 channels
2026-07-07 02:52:38,227 - m3_module.m3_elastic_matching - INFO - elastic_dish_nucleus_matching(overlap-first): IHC=26, DISH=24, matched(1核)=13 (其中重疊=13), drop-out(競爭落敗)=1, 無候選(計入)=12, factor=1.50, min_reach=20.0
2026-07-07 02:52:38,443 - m3_module.m3_dot_detection - INFO - detect_all_dots: 紅點=18, 黑點=30, 涉及細胞=26
2026-07-07 02:52:38,611 - m4_module.cell_crops - INFO - 匯出 13 張 per-cell 影像至 docs/hybrid-pipeline/measurement/runs/large/cell_crops/tile_x768_y4608/cells
2026-07-07 02:52:38,611 - hybrid_pipeline - INFO - Tile tile_x768_y4608 完成: 核心擁有 13 細胞 (13 陽性), 1.42 秒
2026-07-07 02:52:38,700 - hybrid_pipeline - INFO - [371/441] 處理 tile: tile_x768_y5376
2026-07-07 02:52:38,768 - cellpose.transforms - INFO - processing image with (1024, 1024) HW, and 3 channels
2026-07-07 02:52:39,215 - m2_segmentation - INFO - Cellpose 分割完成: 54 個有效細胞
2026-07-07 02:52:39,241 - m3_module.m3_cells_generator - INFO - All-positive 標註完成: 54 個細胞
2026-07-07 02:52:39,286 - m3_module.m3_cells_generator - INFO - enlarge_cell_instances: 54 顆細胞, factor=1.50(面積), 中位半徑=27.5px, 外擴=6.2px
2026-07-07 02:52:39,286 - cellpose.transforms - INFO - processing image with (1024, 1024) HW, and 3 channels
2026-07-07 02:52:39,759 - m3_module.m3_elastic_matching - INFO - elastic_dish_nucleus_matching(overlap-first): IHC=54, DISH=32, matched(1核)=29 (其中重疊=29), drop-out(競爭落敗)=8, 無候選(計入)=17, factor=1.50, min_reach=20.0
2026-07-07 02:52:40,363 - m3_module.m3_dot_detection - INFO - detect_all_dots: 紅點=38, 黑點=72, 涉及細胞=54
2026-07-07 02:52:40,561 - m4_module.cell_crops - INFO - 匯出 35 張 per-cell 影像至 docs/hybrid-pipeline/measurement/runs/large/cell_crops/tile_x768_y5376/cells
2026-07-07 02:52:40,561 - hybrid_pipeline - INFO - Tile tile_x768_y5376 完成: 核心擁有 35 細胞 (35 陽性), 1.86 秒
2026-07-07 02:52:40,651 - hybrid_pipeline - INFO - [372/441] 處理 tile: tile_x768_y6144
2026-07-07 02:52:40,724 - cellpose.transforms - INFO - processing image with (1024, 1024) HW, and 3 channels
2026-07-07 02:52:41,166 - m2_segmentation - INFO - Cellpose 分割完成: 44 個有效細胞
2026-07-07 02:52:41,191 - m3_module.m3_cells_generator - INFO - All-positive 標註完成: 44 個細胞
2026-07-07 02:52:41,234 - m3_module.m3_cells_generator - INFO - enlarge_cell_instances: 44 顆細胞, factor=1.50(面積), 中位半徑=31.5px, 外擴=7.1px
2026-07-07 02:52:41,234 - cellpose.transforms - INFO - processing image with (1024, 1024) HW, and 3 channels
2026-07-07 02:52:41,705 - m3_module.m3_elastic_matching - INFO - elastic_dish_nucleus_matching(overlap-first): IHC=44, DISH=35, matched(1核)=29 (其中重疊=29), drop-out(競爭落敗)=4, 無候選(計入)=11, factor=1.50, min_reach=20.0
2026-07-07 02:52:42,403 - m3_module.m3_dot_detection - INFO - detect_all_dots: 紅點=45, 黑點=97, 涉及細胞=44
2026-07-07 02:52:42,609 - m4_module.cell_crops - INFO - 匯出 21 張 per-cell 影像至 docs/hybrid-pipeline/measurement/runs/large/cell_crops/tile_x768_y6144/cells
2026-07-07 02:52:42,609 - hybrid_pipeline - INFO - Tile tile_x768_y6144 完成: 核心擁有 21 細胞 (21 陽性), 1.96 秒
2026-07-07 02:52:42,698 - hybrid_pipeline - INFO - [373/441] 處理 tile: tile_x768_y6912
2026-07-07 02:52:42,763 - cellpose.transforms - INFO - processing image with (1024, 1024) HW, and 3 channels
2026-07-07 02:52:43,188 - m2_segmentation - INFO - Cellpose 分割完成: 30 個有效細胞
2026-07-07 02:52:43,210 - m3_module.m3_cells_generator - INFO - All-positive 標註完成: 30 個細胞
2026-07-07 02:52:43,250 - m3_module.m3_cells_generator - INFO - enlarge_cell_instances: 30 顆細胞, factor=1.50(面積), 中位半徑=27.7px, 外擴=6.2px
2026-07-07 02:52:43,250 - cellpose.transforms - INFO - processing image with (1024, 1024) HW, and 3 channels
2026-07-07 02:52:43,719 - m3_module.m3_elastic_matching - INFO - elastic_dish_nucleus_matching(overlap-first): IHC=30, DISH=39, matched(1核)=19 (其中重疊=19), drop-out(競爭落敗)=3, 無候選(計入)=8, factor=1.50, min_reach=20.0
2026-07-07 02:52:44,153 - m3_module.m3_dot_detection - INFO - detect_all_dots: 紅點=28, 黑點=57, 涉及細胞=30
2026-07-07 02:52:44,314 - m4_module.cell_crops - INFO - 匯出 9 張 per-cell 影像至 docs/hybrid-pipeline/measurement/runs/large/cell_crops/tile_x768_y6912/cells
2026-07-07 02:52:44,314 - hybrid_pipeline - INFO - Tile tile_x768_y6912 完成: 核心擁有 9 細胞 (9 陽性), 1.62 秒
2026-07-07 02:52:44,405 - hybrid_pipeline - INFO - [374/441] 處理 tile: tile_x768_y768
2026-07-07 02:52:44,475 - cellpose.transforms - INFO - processing image with (1024, 1024) HW, and 3 channels
2026-07-07 02:52:44,946 - m2_segmentation - INFO - Cellpose 分割完成: 108 個有效細胞
2026-07-07 02:52:44,979 - m3_module.m3_cells_generator - INFO - All-positive 標註完成: 108 個細胞
2026-07-07 02:52:45,031 - m3_module.m3_cells_generator - INFO - enlarge_cell_instances: 108 顆細胞, factor=1.50(面積), 中位半徑=26.3px, 外擴=5.9px
2026-07-07 02:52:45,032 - cellpose.transforms - INFO - processing image with (1024, 1024) HW, and 3 channels
2026-07-07 02:52:45,516 - m3_module.m3_elastic_matching - INFO - elastic_dish_nucleus_matching(overlap-first): IHC=108, DISH=68, matched(1核)=52 (其中重疊=52), drop-out(競爭落敗)=33, 無候選(計入)=23, factor=1.50, min_reach=20.0
2026-07-07 02:52:46,608 - m3_module.m3_dot_detection - INFO - detect_all_dots: 紅點=77, 黑點=146, 涉及細胞=108
2026-07-07 02:52:46,929 - m4_module.cell_crops - INFO - 匯出 62 張 per-cell 影像至 docs/hybrid-pipeline/measurement/runs/large/cell_crops/tile_x768_y768/cells
2026-07-07 02:52:46,929 - hybrid_pipeline - INFO - Tile tile_x768_y768 完成: 核心擁有 62 細胞 (62 陽性), 2.52 秒
2026-07-07 02:52:47,017 - hybrid_pipeline - INFO - [375/441] 處理 tile: tile_x768_y7680
2026-07-07 02:52:47,085 - cellpose.transforms - INFO - processing image with (1024, 1024) HW, and 3 channels
2026-07-07 02:52:47,519 - m2_segmentation - INFO - Cellpose 分割完成: 51 個有效細胞
2026-07-07 02:52:47,545 - m3_module.m3_cells_generator - INFO - All-positive 標註完成: 51 個細胞
2026-07-07 02:52:47,587 - m3_module.m3_cells_generator - INFO - enlarge_cell_instances: 51 顆細胞, factor=1.50(面積), 中位半徑=29.0px, 外擴=6.5px
2026-07-07 02:52:47,588 - cellpose.transforms - INFO - processing image with (1024, 1024) HW, and 3 channels
2026-07-07 02:52:48,061 - m3_module.m3_elastic_matching - INFO - elastic_dish_nucleus_matching(overlap-first): IHC=51, DISH=39, matched(1核)=31 (其中重疊=31), drop-out(競爭落敗)=5, 無候選(計入)=15, factor=1.50, min_reach=20.0
2026-07-07 02:52:48,571 - m3_module.m3_dot_detection - INFO - detect_all_dots: 紅點=37, 黑點=70, 涉及細胞=51
2026-07-07 02:52:48,738 - m4_module.cell_crops - INFO - 匯出 27 張 per-cell 影像至 docs/hybrid-pipeline/measurement/runs/large/cell_crops/tile_x768_y7680/cells
2026-07-07 02:52:48,738 - hybrid_pipeline - INFO - Tile tile_x768_y7680 完成: 核心擁有 27 細胞 (27 陽性), 1.72 秒
2026-07-07 02:52:48,828 - hybrid_pipeline - INFO - [376/441] 處理 tile: tile_x768_y8448
2026-07-07 02:52:48,893 - cellpose.transforms - INFO - processing image with (1024, 1024) HW, and 3 channels
2026-07-07 02:52:49,395 - m2_segmentation - INFO - Cellpose 分割完成: 108 個有效細胞
2026-07-07 02:52:49,428 - m3_module.m3_cells_generator - INFO - All-positive 標註完成: 108 個細胞
2026-07-07 02:52:49,484 - m3_module.m3_cells_generator - INFO - enlarge_cell_instances: 108 顆細胞, factor=1.50(面積), 中位半徑=30.7px, 外擴=6.9px
2026-07-07 02:52:49,484 - cellpose.transforms - INFO - processing image with (1024, 1024) HW, and 3 channels
2026-07-07 02:52:49,961 - m3_module.m3_elastic_matching - INFO - elastic_dish_nucleus_matching(overlap-first): IHC=108, DISH=74, matched(1核)=64 (其中重疊=64), drop-out(競爭落敗)=17, 無候選(計入)=27, factor=1.50, min_reach=20.0
2026-07-07 02:52:51,363 - m3_module.m3_dot_detection - INFO - detect_all_dots: 紅點=96, 黑點=141, 涉及細胞=108
2026-07-07 02:52:51,703 - m4_module.cell_crops - INFO - 匯出 75 張 per-cell 影像至 docs/hybrid-pipeline/measurement/runs/large/cell_crops/tile_x768_y8448/cells
2026-07-07 02:52:51,703 - hybrid_pipeline - INFO - Tile tile_x768_y8448 完成: 核心擁有 75 細胞 (75 陽性), 2.87 秒
2026-07-07 02:52:51,791 - hybrid_pipeline - INFO - [377/441] 處理 tile: tile_x768_y9216
2026-07-07 02:52:51,854 - cellpose.transforms - INFO - processing image with (1024, 1024) HW, and 3 channels
2026-07-07 02:52:52,382 - m2_segmentation - INFO - Cellpose 分割完成: 111 個有效細胞
2026-07-07 02:52:52,417 - m3_module.m3_cells_generator - INFO - All-positive 標註完成: 111 個細胞
2026-07-07 02:52:52,469 - m3_module.m3_cells_generator - INFO - enlarge_cell_instances: 111 顆細胞, factor=1.50(面積), 中位半徑=32.5px, 外擴=7.3px
2026-07-07 02:52:52,470 - cellpose.transforms - INFO - processing image with (1024, 1024) HW, and 3 channels
2026-07-07 02:52:52,940 - m3_module.m3_elastic_matching - INFO - elastic_dish_nucleus_matching(overlap-first): IHC=111, DISH=74, matched(1核)=61 (其中重疊=61), drop-out(競爭落敗)=21, 無候選(計入)=29, factor=1.50, min_reach=20.0
2026-07-07 02:52:54,217 - m3_module.m3_dot_detection - INFO - detect_all_dots: 紅點=86, 黑點=140, 涉及細胞=111
2026-07-07 02:52:54,608 - m4_module.cell_crops - INFO - 匯出 64 張 per-cell 影像至 docs/hybrid-pipeline/measurement/runs/large/cell_crops/tile_x768_y9216/cells
2026-07-07 02:52:54,608 - hybrid_pipeline - INFO - Tile tile_x768_y9216 完成: 核心擁有 64 細胞 (64 陽性), 2.82 秒
2026-07-07 02:52:54,697 - hybrid_pipeline - INFO - [378/441] 處理 tile: tile_x768_y9984
2026-07-07 02:52:54,769 - cellpose.transforms - INFO - processing image with (1024, 1024) HW, and 3 channels
2026-07-07 02:52:55,227 - m2_segmentation - INFO - Cellpose 分割完成: 76 個有效細胞
2026-07-07 02:52:55,255 - m3_module.m3_cells_generator - INFO - All-positive 標註完成: 76 個細胞
2026-07-07 02:52:55,296 - m3_module.m3_cells_generator - INFO - enlarge_cell_instances: 76 顆細胞, factor=1.50(面積), 中位半徑=32.6px, 外擴=7.3px
2026-07-07 02:52:55,296 - cellpose.transforms - INFO - processing image with (1024, 1024) HW, and 3 channels
2026-07-07 02:52:55,774 - m3_module.m3_elastic_matching - INFO - elastic_dish_nucleus_matching(overlap-first): IHC=76, DISH=49, matched(1核)=43 (其中重疊=43), drop-out(競爭落敗)=23, 無候選(計入)=10, factor=1.50, min_reach=20.0
2026-07-07 02:52:56,726 - m3_module.m3_dot_detection - INFO - detect_all_dots: 紅點=69, 黑點=99, 涉及細胞=76
2026-07-07 02:52:56,997 - m4_module.cell_crops - INFO - 匯出 44 張 per-cell 影像至 docs/hybrid-pipeline/measurement/runs/large/cell_crops/tile_x768_y9984/cells
2026-07-07 02:52:56,997 - hybrid_pipeline - INFO - Tile tile_x768_y9984 完成: 核心擁有 44 細胞 (44 陽性), 2.30 秒
2026-07-07 02:52:57,086 - hybrid_pipeline - INFO - [379/441] 處理 tile: tile_x8448_y0
2026-07-07 02:52:57,153 - cellpose.transforms - INFO - processing image with (1024, 1024) HW, and 3 channels
2026-07-07 02:52:57,588 - m2_segmentation - INFO - Cellpose 分割完成: 37 個有效細胞
2026-07-07 02:52:57,612 - m3_module.m3_cells_generator - INFO - All-positive 標註完成: 36 個細胞
2026-07-07 02:52:57,643 - m3_module.m3_cells_generator - INFO - enlarge_cell_instances: 36 顆細胞, factor=1.50(面積), 中位半徑=27.5px, 外擴=6.2px
2026-07-07 02:52:57,643 - cellpose.transforms - INFO - processing image with (1024, 1024) HW, and 3 channels
2026-07-07 02:52:58,100 - m3_module.m3_elastic_matching - INFO - elastic_dish_nucleus_matching(overlap-first): IHC=36, DISH=16, matched(1核)=15 (其中重疊=15), drop-out(競爭落敗)=7, 無候選(計入)=14, factor=1.50, min_reach=20.0
2026-07-07 02:52:58,365 - m3_module.m3_dot_detection - INFO - detect_all_dots: 紅點=15, 黑點=33, 涉及細胞=36
2026-07-07 02:52:58,494 - m4_module.cell_crops - INFO - 匯出 13 張 per-cell 影像至 docs/hybrid-pipeline/measurement/runs/large/cell_crops/tile_x8448_y0/cells
2026-07-07 02:52:58,494 - hybrid_pipeline - INFO - Tile tile_x8448_y0 完成: 核心擁有 13 細胞 (13 陽性), 1.41 秒
2026-07-07 02:52:58,582 - hybrid_pipeline - INFO - [380/441] 處理 tile: tile_x8448_y10752
2026-07-07 02:52:58,649 - cellpose.transforms - INFO - processing image with (1024, 1024) HW, and 3 channels
2026-07-07 02:52:59,111 - m2_segmentation - INFO - Cellpose 分割完成: 109 個有效細胞
2026-07-07 02:52:59,144 - m3_module.m3_cells_generator - INFO - All-positive 標註完成: 109 個細胞
2026-07-07 02:52:59,189 - m3_module.m3_cells_generator - INFO - enlarge_cell_instances: 109 顆細胞, factor=1.50(面積), 中位半徑=25.0px, 外擴=5.6px
2026-07-07 02:52:59,189 - cellpose.transforms - INFO - processing image with (1024, 1024) HW, and 3 channels
2026-07-07 02:52:59,649 - m3_module.m3_elastic_matching - INFO - elastic_dish_nucleus_matching(overlap-first): IHC=109, DISH=83, matched(1核)=61 (其中重疊=61), drop-out(競爭落敗)=25, 無候選(計入)=23, factor=1.50, min_reach=20.0
2026-07-07 02:53:00,753 - m3_module.m3_dot_detection - INFO - detect_all_dots: 紅點=57, 黑點=155, 涉及細胞=109
2026-07-07 02:53:01,035 - m4_module.cell_crops - INFO - 匯出 73 張 per-cell 影像至 docs/hybrid-pipeline/measurement/runs/large/cell_crops/tile_x8448_y10752/cells
2026-07-07 02:53:01,036 - hybrid_pipeline - INFO - Tile tile_x8448_y10752 完成: 核心擁有 73 細胞 (73 陽性), 2.45 秒
2026-07-07 02:53:01,126 - hybrid_pipeline - INFO - [381/441] 處理 tile: tile_x8448_y11520
2026-07-07 02:53:01,193 - cellpose.transforms - INFO - processing image with (1024, 1024) HW, and 3 channels
2026-07-07 02:53:01,618 - m2_segmentation - INFO - Cellpose 分割完成: 38 個有效細胞
2026-07-07 02:53:01,641 - m3_module.m3_cells_generator - INFO - All-positive 標註完成: 38 個細胞
2026-07-07 02:53:01,676 - m3_module.m3_cells_generator - INFO - enlarge_cell_instances: 38 顆細胞, factor=1.50(面積), 中位半徑=23.5px, 外擴=5.3px
2026-07-07 02:53:01,676 - cellpose.transforms - INFO - processing image with (1024, 1024) HW, and 3 channels
2026-07-07 02:53:02,133 - m3_module.m3_elastic_matching - INFO - elastic_dish_nucleus_matching(overlap-first): IHC=38, DISH=38, matched(1核)=25 (其中重疊=25), drop-out(競爭落敗)=3, 無候選(計入)=10, factor=1.50, min_reach=20.0
2026-07-07 02:53:02,626 - m3_module.m3_dot_detection - INFO - detect_all_dots: 紅點=28, 黑點=55, 涉及細胞=38
2026-07-07 02:53:02,759 - m4_module.cell_crops - INFO - 匯出 13 張 per-cell 影像至 docs/hybrid-pipeline/measurement/runs/large/cell_crops/tile_x8448_y11520/cells
2026-07-07 02:53:02,759 - hybrid_pipeline - INFO - Tile tile_x8448_y11520 完成: 核心擁有 13 細胞 (13 陽性), 1.63 秒
2026-07-07 02:53:02,848 - hybrid_pipeline - INFO - [382/441] 處理 tile: tile_x8448_y12288
2026-07-07 02:53:02,916 - cellpose.transforms - INFO - processing image with (1024, 1024) HW, and 3 channels
2026-07-07 02:53:03,331 - m2_segmentation - INFO - Cellpose 分割完成: 14 個有效細胞
2026-07-07 02:53:03,352 - m3_module.m3_cells_generator - INFO - All-positive 標註完成: 14 個細胞
2026-07-07 02:53:03,380 - m3_module.m3_cells_generator - INFO - enlarge_cell_instances: 14 顆細胞, factor=1.50(面積), 中位半徑=31.0px, 外擴=7.0px
2026-07-07 02:53:03,380 - cellpose.transforms - INFO - processing image with (1024, 1024) HW, and 3 channels
2026-07-07 02:53:03,831 - m3_module.m3_elastic_matching - INFO - elastic_dish_nucleus_matching(overlap-first): IHC=14, DISH=20, matched(1核)=10 (其中重疊=9), drop-out(競爭落敗)=1, 無候選(計入)=3, factor=1.50, min_reach=20.0
2026-07-07 02:53:04,003 - m3_module.m3_dot_detection - INFO - detect_all_dots: 紅點=9, 黑點=13, 涉及細胞=14
2026-07-07 02:53:04,091 - m4_module.cell_crops - INFO - 匯出 2 張 per-cell 影像至 docs/hybrid-pipeline/measurement/runs/large/cell_crops/tile_x8448_y12288/cells
2026-07-07 02:53:04,091 - hybrid_pipeline - INFO - Tile tile_x8448_y12288 完成: 核心擁有 2 細胞 (2 陽性), 1.24 秒
2026-07-07 02:53:04,181 - hybrid_pipeline - INFO - [383/441] 處理 tile: tile_x8448_y13056
2026-07-07 02:53:04,243 - cellpose.transforms - INFO - processing image with (1024, 1024) HW, and 3 channels
2026-07-07 02:53:04,657 - m2_segmentation - INFO - Cellpose 分割完成: 11 個有效細胞
2026-07-07 02:53:04,677 - m3_module.m3_cells_generator - INFO - All-positive 標註完成: 11 個細胞
2026-07-07 02:53:04,704 - m3_module.m3_cells_generator - INFO - enlarge_cell_instances: 11 顆細胞, factor=1.50(面積), 中位半徑=22.7px, 外擴=5.1px
2026-07-07 02:53:04,704 - cellpose.transforms - INFO - processing image with (1024, 1024) HW, and 3 channels
2026-07-07 02:53:05,161 - m3_module.m3_elastic_matching - INFO - elastic_dish_nucleus_matching(overlap-first): IHC=11, DISH=6, matched(1核)=5 (其中重疊=5), drop-out(競爭落敗)=1, 無候選(計入)=5, factor=1.50, min_reach=20.0
2026-07-07 02:53:05,295 - m3_module.m3_dot_detection - INFO - detect_all_dots: 紅點=5, 黑點=5, 涉及細胞=11
2026-07-07 02:53:05,366 - m4_module.cell_crops - INFO - 匯出 1 張 per-cell 影像至 docs/hybrid-pipeline/measurement/runs/large/cell_crops/tile_x8448_y13056/cells
2026-07-07 02:53:05,367 - hybrid_pipeline - INFO - Tile tile_x8448_y13056 完成: 核心擁有 1 細胞 (1 陽性), 1.19 秒
2026-07-07 02:53:05,454 - hybrid_pipeline - INFO - [384/441] 處理 tile: tile_x8448_y13824
2026-07-07 02:53:05,516 - cellpose.transforms - INFO - processing image with (1024, 1024) HW, and 3 channels
2026-07-07 02:53:05,925 - m2_segmentation - INFO - Cellpose 分割完成: 4 個有效細胞
2026-07-07 02:53:05,943 - m3_module.m3_cells_generator - INFO - All-positive 標註完成: 4 個細胞
2026-07-07 02:53:05,967 - m3_module.m3_cells_generator - INFO - enlarge_cell_instances: 4 顆細胞, factor=1.50(面積), 中位半徑=30.7px, 外擴=6.9px
2026-07-07 02:53:05,968 - cellpose.transforms - INFO - processing image with (1024, 1024) HW, and 3 channels
2026-07-07 02:53:06,420 - m3_module.m3_elastic_matching - INFO - elastic_dish_nucleus_matching(overlap-first): IHC=4, DISH=5, matched(1核)=4 (其中重疊=4), drop-out(競爭落敗)=0, 無候選(計入)=0, factor=1.50, min_reach=20.0
2026-07-07 02:53:06,544 - m3_module.m3_dot_detection - INFO - detect_all_dots: 紅點=3, 黑點=3, 涉及細胞=4
2026-07-07 02:53:06,602 - m4_module.cell_crops - INFO - 匯出 0 張 per-cell 影像至 docs/hybrid-pipeline/measurement/runs/large/cell_crops/tile_x8448_y13824/cells
2026-07-07 02:53:06,602 - hybrid_pipeline - INFO - Tile tile_x8448_y13824 完成: 核心擁有 0 細胞 (0 陽性), 1.15 秒
2026-07-07 02:53:06,691 - hybrid_pipeline - INFO - [385/441] 處理 tile: tile_x8448_y14592
2026-07-07 02:53:06,752 - hybrid_pipeline - INFO - Tile tile_x8448_y14592: 核心遮罩全空 → 空白 placeholder
2026-07-07 02:53:06,838 - hybrid_pipeline - INFO - [386/441] 處理 tile: tile_x8448_y1536
2026-07-07 02:53:06,902 - cellpose.transforms - INFO - processing image with (1024, 1024) HW, and 3 channels
2026-07-07 02:53:07,329 - m2_segmentation - INFO - Cellpose 分割完成: 7 個有效細胞
2026-07-07 02:53:07,348 - m3_module.m3_cells_generator - INFO - All-positive 標註完成: 7 個細胞
2026-07-07 02:53:07,374 - m3_module.m3_cells_generator - INFO - enlarge_cell_instances: 7 顆細胞, factor=1.50(面積), 中位半徑=36.0px, 外擴=8.1px
2026-07-07 02:53:07,374 - cellpose.transforms - INFO - processing image with (1024, 1024) HW, and 3 channels
2026-07-07 02:53:07,831 - m3_module.m3_elastic_matching - INFO - elastic_dish_nucleus_matching(overlap-first): IHC=7, DISH=8, matched(1核)=5 (其中重疊=5), drop-out(競爭落敗)=1, 無候選(計入)=1, factor=1.50, min_reach=20.0
2026-07-07 02:53:07,954 - m3_module.m3_dot_detection - INFO - detect_all_dots: 紅點=1, 黑點=8, 涉及細胞=7
2026-07-07 02:53:08,035 - m4_module.cell_crops - INFO - 匯出 1 張 per-cell 影像至 docs/hybrid-pipeline/measurement/runs/large/cell_crops/tile_x8448_y1536/cells
2026-07-07 02:53:08,035 - hybrid_pipeline - INFO - Tile tile_x8448_y1536 完成: 核心擁有 1 細胞 (1 陽性), 1.20 秒
2026-07-07 02:53:08,123 - hybrid_pipeline - INFO - [387/441] 處理 tile: tile_x8448_y15360
2026-07-07 02:53:08,187 - cellpose.transforms - INFO - processing image with (1024, 1024) HW, and 3 channels
2026-07-07 02:53:08,594 - m2_segmentation - INFO - Cellpose 分割完成: 2 個有效細胞
2026-07-07 02:53:08,612 - m3_module.m3_cells_generator - INFO - All-positive 標註完成: 2 個細胞
2026-07-07 02:53:08,637 - m3_module.m3_cells_generator - INFO - enlarge_cell_instances: 2 顆細胞, factor=1.50(面積), 中位半徑=27.2px, 外擴=6.1px
2026-07-07 02:53:08,637 - cellpose.transforms - INFO - processing image with (1024, 1024) HW, and 3 channels
2026-07-07 02:53:09,086 - m3_module.m3_elastic_matching - INFO - elastic_dish_nucleus_matching(overlap-first): IHC=2, DISH=5, matched(1核)=1 (其中重疊=1), drop-out(競爭落敗)=0, 無候選(計入)=1, factor=1.50, min_reach=20.0
2026-07-07 02:53:09,185 - m3_module.m3_dot_detection - INFO - detect_all_dots: 紅點=0, 黑點=0, 涉及細胞=2
2026-07-07 02:53:09,248 - m4_module.cell_crops - INFO - 匯出 2 張 per-cell 影像至 docs/hybrid-pipeline/measurement/runs/large/cell_crops/tile_x8448_y15360/cells
2026-07-07 02:53:09,248 - hybrid_pipeline - INFO - Tile tile_x8448_y15360 完成: 核心擁有 2 細胞 (2 陽性), 1.12 秒
2026-07-07 02:53:09,336 - hybrid_pipeline - INFO - [388/441] 處理 tile: tile_x8448_y2304
2026-07-07 02:53:09,405 - cellpose.transforms - INFO - processing image with (1024, 1024) HW, and 3 channels
2026-07-07 02:53:09,822 - m2_segmentation - INFO - Cellpose 分割完成: 15 個有效細胞
2026-07-07 02:53:09,842 - m3_module.m3_cells_generator - INFO - All-positive 標註完成: 15 個細胞
2026-07-07 02:53:09,870 - m3_module.m3_cells_generator - INFO - enlarge_cell_instances: 15 顆細胞, factor=1.50(面積), 中位半徑=23.5px, 外擴=5.3px
2026-07-07 02:53:09,870 - cellpose.transforms - INFO - processing image with (1024, 1024) HW, and 3 channels
2026-07-07 02:53:10,322 - m3_module.m3_elastic_matching - INFO - elastic_dish_nucleus_matching(overlap-first): IHC=15, DISH=2, matched(1核)=2 (其中重疊=2), drop-out(競爭落敗)=2, 無候選(計入)=11, factor=1.50, min_reach=20.0
2026-07-07 02:53:10,433 - m3_module.m3_dot_detection - INFO - detect_all_dots: 紅點=1, 黑點=3, 涉及細胞=15
2026-07-07 02:53:10,506 - m4_module.cell_crops - INFO - 匯出 2 張 per-cell 影像至 docs/hybrid-pipeline/measurement/runs/large/cell_crops/tile_x8448_y2304/cells
2026-07-07 02:53:10,506 - hybrid_pipeline - INFO - Tile tile_x8448_y2304 完成: 核心擁有 2 細胞 (2 陽性), 1.17 秒
2026-07-07 02:53:10,594 - hybrid_pipeline - INFO - [389/441] 處理 tile: tile_x8448_y3072
2026-07-07 02:53:10,657 - cellpose.transforms - INFO - processing image with (1024, 1024) HW, and 3 channels
2026-07-07 02:53:11,081 - m2_segmentation - INFO - Cellpose 分割完成: 16 個有效細胞
2026-07-07 02:53:11,101 - m3_module.m3_cells_generator - INFO - All-positive 標註完成: 16 個細胞
2026-07-07 02:53:11,133 - m3_module.m3_cells_generator - INFO - enlarge_cell_instances: 16 顆細胞, factor=1.50(面積), 中位半徑=24.6px, 外擴=5.5px
2026-07-07 02:53:11,133 - cellpose.transforms - INFO - processing image with (1024, 1024) HW, and 3 channels
2026-07-07 02:53:11,589 - m3_module.m3_elastic_matching - INFO - elastic_dish_nucleus_matching(overlap-first): IHC=16, DISH=4, matched(1核)=3 (其中重疊=3), drop-out(競爭落敗)=3, 無候選(計入)=10, factor=1.50, min_reach=20.0
2026-07-07 02:53:11,700 - m3_module.m3_dot_detection - INFO - detect_all_dots: 紅點=1, 黑點=2, 涉及細胞=16
2026-07-07 02:53:11,781 - m4_module.cell_crops - INFO - 匯出 7 張 per-cell 影像至 docs/hybrid-pipeline/measurement/runs/large/cell_crops/tile_x8448_y3072/cells
2026-07-07 02:53:11,781 - hybrid_pipeline - INFO - Tile tile_x8448_y3072 完成: 核心擁有 7 細胞 (7 陽性), 1.19 秒
2026-07-07 02:53:11,868 - hybrid_pipeline - INFO - [390/441] 處理 tile: tile_x8448_y3840
2026-07-07 02:53:11,932 - cellpose.transforms - INFO - processing image with (1024, 1024) HW, and 3 channels
2026-07-07 02:53:12,363 - m2_segmentation - INFO - Cellpose 分割完成: 47 個有效細胞
2026-07-07 02:53:12,388 - m3_module.m3_cells_generator - INFO - All-positive 標註完成: 47 個細胞
2026-07-07 02:53:12,426 - m3_module.m3_cells_generator - INFO - enlarge_cell_instances: 47 顆細胞, factor=1.50(面積), 中位半徑=24.4px, 外擴=5.5px
2026-07-07 02:53:12,427 - cellpose.transforms - INFO - processing image with (1024, 1024) HW, and 3 channels
2026-07-07 02:53:12,887 - m3_module.m3_elastic_matching - INFO - elastic_dish_nucleus_matching(overlap-first): IHC=47, DISH=33, matched(1核)=24 (其中重疊=24), drop-out(競爭落敗)=10, 無候選(計入)=13, factor=1.50, min_reach=20.0
2026-07-07 02:53:13,256 - m3_module.m3_dot_detection - INFO - detect_all_dots: 紅點=18, 黑點=32, 涉及細胞=47
2026-07-07 02:53:13,450 - m4_module.cell_crops - INFO - 匯出 20 張 per-cell 影像至 docs/hybrid-pipeline/measurement/runs/large/cell_crops/tile_x8448_y3840/cells
2026-07-07 02:53:13,450 - hybrid_pipeline - INFO - Tile tile_x8448_y3840 完成: 核心擁有 20 細胞 (20 陽性), 1.58 秒
2026-07-07 02:53:13,538 - hybrid_pipeline - INFO - [391/441] 處理 tile: tile_x8448_y4608
2026-07-07 02:53:13,603 - cellpose.transforms - INFO - processing image with (1024, 1024) HW, and 3 channels
2026-07-07 02:53:14,033 - m2_segmentation - INFO - Cellpose 分割完成: 35 個有效細胞
2026-07-07 02:53:14,056 - m3_module.m3_cells_generator - INFO - All-positive 標註完成: 35 個細胞
2026-07-07 02:53:14,095 - m3_module.m3_cells_generator - INFO - enlarge_cell_instances: 35 顆細胞, factor=1.50(面積), 中位半徑=24.4px, 外擴=5.5px
2026-07-07 02:53:14,096 - cellpose.transforms - INFO - processing image with (1024, 1024) HW, and 3 channels
2026-07-07 02:53:14,567 - m3_module.m3_elastic_matching - INFO - elastic_dish_nucleus_matching(overlap-first): IHC=35, DISH=17, matched(1核)=12 (其中重疊=12), drop-out(競爭落敗)=6, 無候選(計入)=17, factor=1.50, min_reach=20.0
2026-07-07 02:53:14,766 - m3_module.m3_dot_detection - INFO - detect_all_dots: 紅點=9, 黑點=13, 涉及細胞=35
2026-07-07 02:53:14,887 - m4_module.cell_crops - INFO - 匯出 4 張 per-cell 影像至 docs/hybrid-pipeline/measurement/runs/large/cell_crops/tile_x8448_y4608/cells
2026-07-07 02:53:14,887 - hybrid_pipeline - INFO - Tile tile_x8448_y4608 完成: 核心擁有 4 細胞 (4 陽性), 1.35 秒
2026-07-07 02:53:14,976 - hybrid_pipeline - INFO - [392/441] 處理 tile: tile_x8448_y5376
2026-07-07 02:53:15,041 - cellpose.transforms - INFO - processing image with (1024, 1024) HW, and 3 channels
2026-07-07 02:53:15,508 - m2_segmentation - INFO - Cellpose 分割完成: 64 個有效細胞
2026-07-07 02:53:15,534 - m3_module.m3_cells_generator - INFO - All-positive 標註完成: 64 個細胞
2026-07-07 02:53:15,580 - m3_module.m3_cells_generator - INFO - enlarge_cell_instances: 64 顆細胞, factor=1.50(面積), 中位半徑=27.8px, 外擴=6.3px
2026-07-07 02:53:15,580 - cellpose.transforms - INFO - processing image with (1024, 1024) HW, and 3 channels
2026-07-07 02:53:16,045 - m3_module.m3_elastic_matching - INFO - elastic_dish_nucleus_matching(overlap-first): IHC=64, DISH=39, matched(1核)=31 (其中重疊=31), drop-out(競爭落敗)=7, 無候選(計入)=26, factor=1.50, min_reach=20.0
2026-07-07 02:53:16,734 - m3_module.m3_dot_detection - INFO - detect_all_dots: 紅點=47, 黑點=87, 涉及細胞=64
2026-07-07 02:53:16,990 - m4_module.cell_crops - INFO - 匯出 34 張 per-cell 影像至 docs/hybrid-pipeline/measurement/runs/large/cell_crops/tile_x8448_y5376/cells
2026-07-07 02:53:16,990 - hybrid_pipeline - INFO - Tile tile_x8448_y5376 完成: 核心擁有 34 細胞 (34 陽性), 2.01 秒
2026-07-07 02:53:17,079 - hybrid_pipeline - INFO - [393/441] 處理 tile: tile_x8448_y6144
2026-07-07 02:53:17,146 - cellpose.transforms - INFO - processing image with (1024, 1024) HW, and 3 channels
2026-07-07 02:53:17,623 - m2_segmentation - INFO - Cellpose 分割完成: 109 個有效細胞
2026-07-07 02:53:17,656 - m3_module.m3_cells_generator - INFO - All-positive 標註完成: 109 個細胞
2026-07-07 02:53:17,710 - m3_module.m3_cells_generator - INFO - enlarge_cell_instances: 109 顆細胞, factor=1.50(面積), 中位半徑=26.2px, 外擴=5.9px
2026-07-07 02:53:17,710 - cellpose.transforms - INFO - processing image with (1024, 1024) HW, and 3 channels
2026-07-07 02:53:18,170 - m3_module.m3_elastic_matching - INFO - elastic_dish_nucleus_matching(overlap-first): IHC=109, DISH=67, matched(1核)=52 (其中重疊=52), drop-out(競爭落敗)=20, 無候選(計入)=37, factor=1.50, min_reach=20.0
2026-07-07 02:53:19,207 - m3_module.m3_dot_detection - INFO - detect_all_dots: 紅點=64, 黑點=131, 涉及細胞=109
2026-07-07 02:53:19,545 - m4_module.cell_crops - INFO - 匯出 54 張 per-cell 影像至 docs/hybrid-pipeline/measurement/runs/large/cell_crops/tile_x8448_y6144/cells
2026-07-07 02:53:19,545 - hybrid_pipeline - INFO - Tile tile_x8448_y6144 完成: 核心擁有 54 細胞 (54 陽性), 2.47 秒
2026-07-07 02:53:19,633 - hybrid_pipeline - INFO - [394/441] 處理 tile: tile_x8448_y6912
2026-07-07 02:53:19,696 - cellpose.transforms - INFO - processing image with (1024, 1024) HW, and 3 channels
2026-07-07 02:53:20,247 - m2_segmentation - INFO - Cellpose 分割完成: 153 個有效細胞
2026-07-07 02:53:20,286 - m3_module.m3_cells_generator - INFO - All-positive 標註完成: 153 個細胞
2026-07-07 02:53:20,342 - m3_module.m3_cells_generator - INFO - enlarge_cell_instances: 153 顆細胞, factor=1.50(面積), 中位半徑=25.7px, 外擴=5.8px
2026-07-07 02:53:20,343 - cellpose.transforms - INFO - processing image with (1024, 1024) HW, and 3 channels
2026-07-07 02:53:20,816 - m3_module.m3_elastic_matching - INFO - elastic_dish_nucleus_matching(overlap-first): IHC=153, DISH=104, matched(1核)=82 (其中重疊=82), drop-out(競爭落敗)=37, 無候選(計入)=34, factor=1.50, min_reach=20.0
2026-07-07 02:53:22,609 - m3_module.m3_dot_detection - INFO - detect_all_dots: 紅點=104, 黑點=250, 涉及細胞=153
2026-07-07 02:53:23,059 - m4_module.cell_crops - INFO - 匯出 85 張 per-cell 影像至 docs/hybrid-pipeline/measurement/runs/large/cell_crops/tile_x8448_y6912/cells
2026-07-07 02:53:23,059 - hybrid_pipeline - INFO - Tile tile_x8448_y6912 完成: 核心擁有 85 細胞 (85 陽性), 3.43 秒
2026-07-07 02:53:23,150 - hybrid_pipeline - INFO - [395/441] 處理 tile: tile_x8448_y768
2026-07-07 02:53:23,218 - cellpose.transforms - INFO - processing image with (1024, 1024) HW, and 3 channels
2026-07-07 02:53:23,641 - m2_segmentation - INFO - Cellpose 分割完成: 22 個有效細胞
2026-07-07 02:53:23,662 - m3_module.m3_cells_generator - INFO - All-positive 標註完成: 22 個細胞
2026-07-07 02:53:23,691 - m3_module.m3_cells_generator - INFO - enlarge_cell_instances: 22 顆細胞, factor=1.50(面積), 中位半徑=28.3px, 外擴=6.4px
2026-07-07 02:53:23,691 - cellpose.transforms - INFO - processing image with (1024, 1024) HW, and 3 channels
2026-07-07 02:53:24,148 - m3_module.m3_elastic_matching - INFO - elastic_dish_nucleus_matching(overlap-first): IHC=22, DISH=15, matched(1核)=11 (其中重疊=10), drop-out(競爭落敗)=2, 無候選(計入)=9, factor=1.50, min_reach=20.0
2026-07-07 02:53:24,329 - m3_module.m3_dot_detection - INFO - detect_all_dots: 紅點=4, 黑點=11, 涉及細胞=22
2026-07-07 02:53:24,429 - m4_module.cell_crops - INFO - 匯出 1 張 per-cell 影像至 docs/hybrid-pipeline/measurement/runs/large/cell_crops/tile_x8448_y768/cells
2026-07-07 02:53:24,429 - hybrid_pipeline - INFO - Tile tile_x8448_y768 完成: 核心擁有 1 細胞 (1 陽性), 1.28 秒
2026-07-07 02:53:24,517 - hybrid_pipeline - INFO - [396/441] 處理 tile: tile_x8448_y7680
2026-07-07 02:53:24,580 - cellpose.transforms - INFO - processing image with (1024, 1024) HW, and 3 channels
2026-07-07 02:53:25,126 - m2_segmentation - INFO - Cellpose 分割完成: 124 個有效細胞
2026-07-07 02:53:25,161 - m3_module.m3_cells_generator - INFO - All-positive 標註完成: 124 個細胞
2026-07-07 02:53:25,219 - m3_module.m3_cells_generator - INFO - enlarge_cell_instances: 124 顆細胞, factor=1.50(面積), 中位半徑=28.0px, 外擴=6.3px
2026-07-07 02:53:25,220 - cellpose.transforms - INFO - processing image with (1024, 1024) HW, and 3 channels
2026-07-07 02:53:25,690 - m3_module.m3_elastic_matching - INFO - elastic_dish_nucleus_matching(overlap-first): IHC=124, DISH=95, matched(1核)=74 (其中重疊=74), drop-out(競爭落敗)=30, 無候選(計入)=20, factor=1.50, min_reach=20.0
2026-07-07 02:53:27,282 - m3_module.m3_dot_detection - INFO - detect_all_dots: 紅點=99, 黑點=251, 涉及細胞=124
2026-07-07 02:53:27,734 - m4_module.cell_crops - INFO - 匯出 64 張 per-cell 影像至 docs/hybrid-pipeline/measurement/runs/large/cell_crops/tile_x8448_y7680/cells
2026-07-07 02:53:27,734 - hybrid_pipeline - INFO - Tile tile_x8448_y7680 完成: 核心擁有 64 細胞 (64 陽性), 3.22 秒
2026-07-07 02:53:27,822 - hybrid_pipeline - INFO - [397/441] 處理 tile: tile_x8448_y8448
2026-07-07 02:53:27,889 - cellpose.transforms - INFO - processing image with (1024, 1024) HW, and 3 channels
2026-07-07 02:53:28,389 - m2_segmentation - INFO - Cellpose 分割完成: 87 個有效細胞
2026-07-07 02:53:28,419 - m3_module.m3_cells_generator - INFO - All-positive 標註完成: 87 個細胞
2026-07-07 02:53:28,470 - m3_module.m3_cells_generator - INFO - enlarge_cell_instances: 87 顆細胞, factor=1.50(面積), 中位半徑=28.9px, 外擴=6.5px
2026-07-07 02:53:28,471 - cellpose.transforms - INFO - processing image with (1024, 1024) HW, and 3 channels
2026-07-07 02:53:28,939 - m3_module.m3_elastic_matching - INFO - elastic_dish_nucleus_matching(overlap-first): IHC=87, DISH=67, matched(1核)=53 (其中重疊=53), drop-out(競爭落敗)=15, 無候選(計入)=19, factor=1.50, min_reach=20.0
2026-07-07 02:53:30,069 - m3_module.m3_dot_detection - INFO - detect_all_dots: 紅點=56, 黑點=142, 涉及細胞=87
2026-07-07 02:53:30,434 - m4_module.cell_crops - INFO - 匯出 49 張 per-cell 影像至 docs/hybrid-pipeline/measurement/runs/large/cell_crops/tile_x8448_y8448/cells
2026-07-07 02:53:30,434 - hybrid_pipeline - INFO - Tile tile_x8448_y8448 完成: 核心擁有 49 細胞 (49 陽性), 2.61 秒
2026-07-07 02:53:30,525 - hybrid_pipeline - INFO - [398/441] 處理 tile: tile_x8448_y9216
2026-07-07 02:53:30,596 - cellpose.transforms - INFO - processing image with (1024, 1024) HW, and 3 channels
2026-07-07 02:53:31,025 - m2_segmentation - INFO - Cellpose 分割完成: 20 個有效細胞
2026-07-07 02:53:31,046 - m3_module.m3_cells_generator - INFO - All-positive 標註完成: 20 個細胞
2026-07-07 02:53:31,078 - m3_module.m3_cells_generator - INFO - enlarge_cell_instances: 20 顆細胞, factor=1.50(面積), 中位半徑=25.4px, 外擴=5.7px
2026-07-07 02:53:31,079 - cellpose.transforms - INFO - processing image with (1024, 1024) HW, and 3 channels
2026-07-07 02:53:31,533 - m3_module.m3_elastic_matching - INFO - elastic_dish_nucleus_matching(overlap-first): IHC=20, DISH=17, matched(1核)=11 (其中重疊=11), drop-out(競爭落敗)=2, 無候選(計入)=7, factor=1.50, min_reach=20.0
2026-07-07 02:53:31,747 - m3_module.m3_dot_detection - INFO - detect_all_dots: 紅點=9, 黑點=20, 涉及細胞=20
2026-07-07 02:53:31,890 - m4_module.cell_crops - INFO - 匯出 4 張 per-cell 影像至 docs/hybrid-pipeline/measurement/runs/large/cell_crops/tile_x8448_y9216/cells
2026-07-07 02:53:31,890 - hybrid_pipeline - INFO - Tile tile_x8448_y9216 完成: 核心擁有 4 細胞 (4 陽性), 1.37 秒
2026-07-07 02:53:31,981 - hybrid_pipeline - INFO - [399/441] 處理 tile: tile_x8448_y9984
2026-07-07 02:53:32,046 - cellpose.transforms - INFO - processing image with (1024, 1024) HW, and 3 channels
2026-07-07 02:53:32,489 - m2_segmentation - INFO - Cellpose 分割完成: 90 個有效細胞
2026-07-07 02:53:32,519 - m3_module.m3_cells_generator - INFO - All-positive 標註完成: 90 個細胞
2026-07-07 02:53:32,565 - m3_module.m3_cells_generator - INFO - enlarge_cell_instances: 90 顆細胞, factor=1.50(面積), 中位半徑=24.0px, 外擴=5.4px
2026-07-07 02:53:32,565 - cellpose.transforms - INFO - processing image with (1024, 1024) HW, and 3 channels
2026-07-07 02:53:33,033 - m3_module.m3_elastic_matching - INFO - elastic_dish_nucleus_matching(overlap-first): IHC=90, DISH=60, matched(1核)=42 (其中重疊=42), drop-out(競爭落敗)=23, 無候選(計入)=25, factor=1.50, min_reach=20.0
2026-07-07 02:53:33,763 - m3_module.m3_dot_detection - INFO - detect_all_dots: 紅點=28, 黑點=85, 涉及細胞=90
2026-07-07 02:53:34,049 - m4_module.cell_crops - INFO - 匯出 58 張 per-cell 影像至 docs/hybrid-pipeline/measurement/runs/large/cell_crops/tile_x8448_y9984/cells
2026-07-07 02:53:34,049 - hybrid_pipeline - INFO - Tile tile_x8448_y9984 完成: 核心擁有 58 細胞 (58 陽性), 2.07 秒
2026-07-07 02:53:34,137 - hybrid_pipeline - INFO - [400/441] 處理 tile: tile_x9216_y0
2026-07-07 02:53:34,200 - cellpose.transforms - INFO - processing image with (1024, 1024) HW, and 3 channels
2026-07-07 02:53:34,621 - m2_segmentation - INFO - Cellpose 分割完成: 5 個有效細胞
2026-07-07 02:53:34,640 - m3_module.m3_cells_generator - INFO - All-positive 標註完成: 5 個細胞
2026-07-07 02:53:34,665 - m3_module.m3_cells_generator - INFO - enlarge_cell_instances: 5 顆細胞, factor=1.50(面積), 中位半徑=38.1px, 外擴=8.6px
2026-07-07 02:53:34,666 - cellpose.transforms - INFO - processing image with (1024, 1024) HW, and 3 channels
2026-07-07 02:53:35,123 - m3_module.m3_elastic_matching - INFO - elastic_dish_nucleus_matching(overlap-first): IHC=5, DISH=5, matched(1核)=4 (其中重疊=4), drop-out(競爭落敗)=0, 無候選(計入)=1, factor=1.50, min_reach=20.0
2026-07-07 02:53:35,256 - m3_module.m3_dot_detection - INFO - detect_all_dots: 紅點=5, 黑點=10, 涉及細胞=5
2026-07-07 02:53:35,322 - m4_module.cell_crops - INFO - 匯出 2 張 per-cell 影像至 docs/hybrid-pipeline/measurement/runs/large/cell_crops/tile_x9216_y0/cells
2026-07-07 02:53:35,323 - hybrid_pipeline - INFO - Tile tile_x9216_y0 完成: 核心擁有 2 細胞 (2 陽性), 1.19 秒
2026-07-07 02:53:35,411 - hybrid_pipeline - INFO - [401/441] 處理 tile: tile_x9216_y10752
2026-07-07 02:53:35,476 - cellpose.transforms - INFO - processing image with (1024, 1024) HW, and 3 channels
2026-07-07 02:53:35,958 - m2_segmentation - INFO - Cellpose 分割完成: 87 個有效細胞
2026-07-07 02:53:35,987 - m3_module.m3_cells_generator - INFO - All-positive 標註完成: 87 個細胞
2026-07-07 02:53:36,036 - m3_module.m3_cells_generator - INFO - enlarge_cell_instances: 87 顆細胞, factor=1.50(面積), 中位半徑=23.8px, 外擴=5.4px
2026-07-07 02:53:36,036 - cellpose.transforms - INFO - processing image with (1024, 1024) HW, and 3 channels
2026-07-07 02:53:36,502 - m3_module.m3_elastic_matching - INFO - elastic_dish_nucleus_matching(overlap-first): IHC=87, DISH=80, matched(1核)=48 (其中重疊=48), drop-out(競爭落敗)=13, 無候選(計入)=26, factor=1.50, min_reach=20.0
2026-07-07 02:53:37,496 - m3_module.m3_dot_detection - INFO - detect_all_dots: 紅點=60, 黑點=128, 涉及細胞=87
2026-07-07 02:53:37,836 - m4_module.cell_crops - INFO - 匯出 41 張 per-cell 影像至 docs/hybrid-pipeline/measurement/runs/large/cell_crops/tile_x9216_y10752/cells
2026-07-07 02:53:37,837 - hybrid_pipeline - INFO - Tile tile_x9216_y10752 完成: 核心擁有 41 細胞 (41 陽性), 2.43 秒
2026-07-07 02:53:37,925 - hybrid_pipeline - INFO - [402/441] 處理 tile: tile_x9216_y11520
2026-07-07 02:53:37,987 - cellpose.transforms - INFO - processing image with (1024, 1024) HW, and 3 channels
2026-07-07 02:53:38,432 - m2_segmentation - INFO - Cellpose 分割完成: 65 個有效細胞
2026-07-07 02:53:38,459 - m3_module.m3_cells_generator - INFO - All-positive 標註完成: 65 個細胞
2026-07-07 02:53:38,502 - m3_module.m3_cells_generator - INFO - enlarge_cell_instances: 65 顆細胞, factor=1.50(面積), 中位半徑=23.2px, 外擴=5.2px
2026-07-07 02:53:38,502 - cellpose.transforms - INFO - processing image with (1024, 1024) HW, and 3 channels
2026-07-07 02:53:38,970 - m3_module.m3_elastic_matching - INFO - elastic_dish_nucleus_matching(overlap-first): IHC=65, DISH=84, matched(1核)=46 (其中重疊=45), drop-out(競爭落敗)=8, 無候選(計入)=11, factor=1.50, min_reach=20.0
2026-07-07 02:53:39,812 - m3_module.m3_dot_detection - INFO - detect_all_dots: 紅點=59, 黑點=97, 涉及細胞=65
2026-07-07 02:53:40,049 - m4_module.cell_crops - INFO - 匯出 32 張 per-cell 影像至 docs/hybrid-pipeline/measurement/runs/large/cell_crops/tile_x9216_y11520/cells
2026-07-07 02:53:40,049 - hybrid_pipeline - INFO - Tile tile_x9216_y11520 完成: 核心擁有 32 細胞 (32 陽性), 2.12 秒
2026-07-07 02:53:40,139 - hybrid_pipeline - INFO - [403/441] 處理 tile: tile_x9216_y12288
2026-07-07 02:53:40,207 - cellpose.transforms - INFO - processing image with (1024, 1024) HW, and 3 channels
2026-07-07 02:53:40,623 - m2_segmentation - INFO - Cellpose 分割完成: 12 個有效細胞
2026-07-07 02:53:40,643 - m3_module.m3_cells_generator - INFO - All-positive 標註完成: 12 個細胞
2026-07-07 02:53:40,671 - m3_module.m3_cells_generator - INFO - enlarge_cell_instances: 12 顆細胞, factor=1.50(面積), 中位半徑=28.5px, 外擴=6.4px
2026-07-07 02:53:40,671 - cellpose.transforms - INFO - processing image with (1024, 1024) HW, and 3 channels
2026-07-07 02:53:41,137 - m3_module.m3_elastic_matching - INFO - elastic_dish_nucleus_matching(overlap-first): IHC=12, DISH=21, matched(1核)=10 (其中重疊=9), drop-out(競爭落敗)=0, 無候選(計入)=2, factor=1.50, min_reach=20.0
2026-07-07 02:53:41,324 - m3_module.m3_dot_detection - INFO - detect_all_dots: 紅點=10, 黑點=18, 涉及細胞=12
2026-07-07 02:53:41,416 - m4_module.cell_crops - INFO - 匯出 4 張 per-cell 影像至 docs/hybrid-pipeline/measurement/runs/large/cell_crops/tile_x9216_y12288/cells
2026-07-07 02:53:41,416 - hybrid_pipeline - INFO - Tile tile_x9216_y12288 完成: 核心擁有 4 細胞 (4 陽性), 1.28 秒
2026-07-07 02:53:41,506 - hybrid_pipeline - INFO - [404/441] 處理 tile: tile_x9216_y13056
2026-07-07 02:53:41,573 - cellpose.transforms - INFO - processing image with (1024, 1024) HW, and 3 channels
2026-07-07 02:53:41,994 - m2_segmentation - INFO - Cellpose 分割完成: 13 個有效細胞
2026-07-07 02:53:42,014 - m3_module.m3_cells_generator - INFO - All-positive 標註完成: 13 個細胞
2026-07-07 02:53:42,042 - m3_module.m3_cells_generator - INFO - enlarge_cell_instances: 13 顆細胞, factor=1.50(面積), 中位半徑=24.4px, 外擴=5.5px
2026-07-07 02:53:42,042 - cellpose.transforms - INFO - processing image with (1024, 1024) HW, and 3 channels
2026-07-07 02:53:42,509 - m3_module.m3_elastic_matching - INFO - elastic_dish_nucleus_matching(overlap-first): IHC=13, DISH=6, matched(1核)=6 (其中重疊=6), drop-out(競爭落敗)=2, 無候選(計入)=5, factor=1.50, min_reach=20.0
2026-07-07 02:53:42,655 - m3_module.m3_dot_detection - INFO - detect_all_dots: 紅點=6, 黑點=6, 涉及細胞=13
2026-07-07 02:53:42,740 - m4_module.cell_crops - INFO - 匯出 9 張 per-cell 影像至 docs/hybrid-pipeline/measurement/runs/large/cell_crops/tile_x9216_y13056/cells
2026-07-07 02:53:42,740 - hybrid_pipeline - INFO - Tile tile_x9216_y13056 完成: 核心擁有 9 細胞 (9 陽性), 1.23 秒
2026-07-07 02:53:42,828 - hybrid_pipeline - INFO - [405/441] 處理 tile: tile_x9216_y13824
2026-07-07 02:53:42,898 - cellpose.transforms - INFO - processing image with (1024, 1024) HW, and 3 channels
2026-07-07 02:53:43,309 - m2_segmentation - INFO - Cellpose 分割完成: 6 個有效細胞
2026-07-07 02:53:43,328 - m3_module.m3_cells_generator - INFO - All-positive 標註完成: 6 個細胞
2026-07-07 02:53:43,354 - m3_module.m3_cells_generator - INFO - enlarge_cell_instances: 6 顆細胞, factor=1.50(面積), 中位半徑=30.1px, 外擴=6.8px
2026-07-07 02:53:43,354 - cellpose.transforms - INFO - processing image with (1024, 1024) HW, and 3 channels
2026-07-07 02:53:43,806 - m3_module.m3_elastic_matching - INFO - elastic_dish_nucleus_matching(overlap-first): IHC=6, DISH=5, matched(1核)=5 (其中重疊=5), drop-out(競爭落敗)=1, 無候選(計入)=0, factor=1.50, min_reach=20.0
2026-07-07 02:53:43,927 - m3_module.m3_dot_detection - INFO - detect_all_dots: 紅點=4, 黑點=4, 涉及細胞=6
2026-07-07 02:53:43,992 - m4_module.cell_crops - INFO - 匯出 3 張 per-cell 影像至 docs/hybrid-pipeline/measurement/runs/large/cell_crops/tile_x9216_y13824/cells
2026-07-07 02:53:43,992 - hybrid_pipeline - INFO - Tile tile_x9216_y13824 完成: 核心擁有 3 細胞 (3 陽性), 1.16 秒
2026-07-07 02:53:44,081 - hybrid_pipeline - INFO - [406/441] 處理 tile: tile_x9216_y14592
2026-07-07 02:53:44,141 - hybrid_pipeline - INFO - Tile tile_x9216_y14592: 核心遮罩全空 → 空白 placeholder
2026-07-07 02:53:44,226 - hybrid_pipeline - INFO - [407/441] 處理 tile: tile_x9216_y1536
2026-07-07 02:53:44,289 - cellpose.transforms - INFO - processing image with (1024, 1024) HW, and 3 channels
2026-07-07 02:53:44,726 - m2_segmentation - INFO - Cellpose 分割完成: 53 個有效細胞
2026-07-07 02:53:44,750 - m3_module.m3_cells_generator - INFO - All-positive 標註完成: 53 個細胞
2026-07-07 02:53:44,785 - m3_module.m3_cells_generator - INFO - enlarge_cell_instances: 53 顆細胞, factor=1.50(面積), 中位半徑=25.8px, 外擴=5.8px
2026-07-07 02:53:44,786 - cellpose.transforms - INFO - processing image with (1024, 1024) HW, and 3 channels
2026-07-07 02:53:45,253 - m3_module.m3_elastic_matching - INFO - elastic_dish_nucleus_matching(overlap-first): IHC=53, DISH=29, matched(1核)=25 (其中重疊=25), drop-out(競爭落敗)=14, 無候選(計入)=14, factor=1.50, min_reach=20.0
2026-07-07 02:53:45,680 - m3_module.m3_dot_detection - INFO - detect_all_dots: 紅點=31, 黑點=58, 涉及細胞=53
2026-07-07 02:53:45,858 - m4_module.cell_crops - INFO - 匯出 24 張 per-cell 影像至 docs/hybrid-pipeline/measurement/runs/large/cell_crops/tile_x9216_y1536/cells
2026-07-07 02:53:45,858 - hybrid_pipeline - INFO - Tile tile_x9216_y1536 完成: 核心擁有 24 細胞 (24 陽性), 1.63 秒
2026-07-07 02:53:45,949 - hybrid_pipeline - INFO - [408/441] 處理 tile: tile_x9216_y15360
2026-07-07 02:53:46,014 - cellpose.transforms - INFO - processing image with (1024, 1024) HW, and 3 channels
2026-07-07 02:53:46,439 - m2_segmentation - INFO - Cellpose 分割完成: 15 個有效細胞
2026-07-07 02:53:46,459 - m3_module.m3_cells_generator - INFO - All-positive 標註完成: 15 個細胞
2026-07-07 02:53:46,488 - m3_module.m3_cells_generator - INFO - enlarge_cell_instances: 15 顆細胞, factor=1.50(面積), 中位半徑=21.7px, 外擴=4.9px
2026-07-07 02:53:46,488 - cellpose.transforms - INFO - processing image with (1024, 1024) HW, and 3 channels
2026-07-07 02:53:46,940 - m3_module.m3_elastic_matching - INFO - elastic_dish_nucleus_matching(overlap-first): IHC=15, DISH=13, matched(1核)=9 (其中重疊=9), drop-out(競爭落敗)=3, 無候選(計入)=3, factor=1.50, min_reach=20.0
2026-07-07 02:53:47,093 - m3_module.m3_dot_detection - INFO - detect_all_dots: 紅點=7, 黑點=13, 涉及細胞=15
2026-07-07 02:53:47,175 - m4_module.cell_crops - INFO - 匯出 4 張 per-cell 影像至 docs/hybrid-pipeline/measurement/runs/large/cell_crops/tile_x9216_y15360/cells
2026-07-07 02:53:47,175 - hybrid_pipeline - INFO - Tile tile_x9216_y15360 完成: 核心擁有 4 細胞 (4 陽性), 1.23 秒
2026-07-07 02:53:47,266 - hybrid_pipeline - INFO - [409/441] 處理 tile: tile_x9216_y2304
2026-07-07 02:53:47,335 - cellpose.transforms - INFO - processing image with (1024, 1024) HW, and 3 channels
2026-07-07 02:53:47,776 - m2_segmentation - INFO - Cellpose 分割完成: 61 個有效細胞
2026-07-07 02:53:47,803 - m3_module.m3_cells_generator - INFO - All-positive 標註完成: 61 個細胞
2026-07-07 02:53:47,845 - m3_module.m3_cells_generator - INFO - enlarge_cell_instances: 61 顆細胞, factor=1.50(面積), 中位半徑=24.7px, 外擴=5.6px
2026-07-07 02:53:47,845 - cellpose.transforms - INFO - processing image with (1024, 1024) HW, and 3 channels
2026-07-07 02:53:48,309 - m3_module.m3_elastic_matching - INFO - elastic_dish_nucleus_matching(overlap-first): IHC=61, DISH=26, matched(1核)=21 (其中重疊=21), drop-out(競爭落敗)=17, 無候選(計入)=23, factor=1.50, min_reach=20.0
2026-07-07 02:53:48,812 - m3_module.m3_dot_detection - INFO - detect_all_dots: 紅點=29, 黑點=67, 涉及細胞=61
2026-07-07 02:53:49,004 - m4_module.cell_crops - INFO - 匯出 29 張 per-cell 影像至 docs/hybrid-pipeline/measurement/runs/large/cell_crops/tile_x9216_y2304/cells
2026-07-07 02:53:49,004 - hybrid_pipeline - INFO - Tile tile_x9216_y2304 完成: 核心擁有 29 細胞 (29 陽性), 1.74 秒
2026-07-07 02:53:49,095 - hybrid_pipeline - INFO - [410/441] 處理 tile: tile_x9216_y3072
2026-07-07 02:53:49,163 - cellpose.transforms - INFO - processing image with (1024, 1024) HW, and 3 channels
2026-07-07 02:53:49,595 - m2_segmentation - INFO - Cellpose 分割完成: 60 個有效細胞
2026-07-07 02:53:49,621 - m3_module.m3_cells_generator - INFO - All-positive 標註完成: 60 個細胞
2026-07-07 02:53:49,660 - m3_module.m3_cells_generator - INFO - enlarge_cell_instances: 60 顆細胞, factor=1.50(面積), 中位半徑=22.0px, 外擴=4.9px
2026-07-07 02:53:49,661 - cellpose.transforms - INFO - processing image with (1024, 1024) HW, and 3 channels
2026-07-07 02:53:50,132 - m3_module.m3_elastic_matching - INFO - elastic_dish_nucleus_matching(overlap-first): IHC=60, DISH=36, matched(1核)=31 (其中重疊=31), drop-out(競爭落敗)=16, 無候選(計入)=13, factor=1.50, min_reach=20.0
2026-07-07 02:53:50,752 - m3_module.m3_dot_detection - INFO - detect_all_dots: 紅點=30, 黑點=81, 涉及細胞=60
2026-07-07 02:53:50,962 - m4_module.cell_crops - INFO - 匯出 26 張 per-cell 影像至 docs/hybrid-pipeline/measurement/runs/large/cell_crops/tile_x9216_y3072/cells
2026-07-07 02:53:50,962 - hybrid_pipeline - INFO - Tile tile_x9216_y3072 完成: 核心擁有 26 細胞 (26 陽性), 1.87 秒
2026-07-07 02:53:51,050 - hybrid_pipeline - INFO - [411/441] 處理 tile: tile_x9216_y3840
2026-07-07 02:53:51,114 - cellpose.transforms - INFO - processing image with (1024, 1024) HW, and 3 channels
2026-07-07 02:53:51,572 - m2_segmentation - INFO - Cellpose 分割完成: 93 個有效細胞
2026-07-07 02:53:51,602 - m3_module.m3_cells_generator - INFO - All-positive 標註完成: 93 個細胞
2026-07-07 02:53:51,650 - m3_module.m3_cells_generator - INFO - enlarge_cell_instances: 93 顆細胞, factor=1.50(面積), 中位半徑=26.3px, 外擴=5.9px
2026-07-07 02:53:51,651 - cellpose.transforms - INFO - processing image with (1024, 1024) HW, and 3 channels
2026-07-07 02:53:52,116 - m3_module.m3_elastic_matching - INFO - elastic_dish_nucleus_matching(overlap-first): IHC=93, DISH=57, matched(1核)=46 (其中重疊=46), drop-out(競爭落敗)=17, 無候選(計入)=30, factor=1.50, min_reach=20.0
2026-07-07 02:53:52,899 - m3_module.m3_dot_detection - INFO - detect_all_dots: 紅點=42, 黑點=104, 涉及細胞=93
2026-07-07 02:53:53,210 - m4_module.cell_crops - INFO - 匯出 45 張 per-cell 影像至 docs/hybrid-pipeline/measurement/runs/large/cell_crops/tile_x9216_y3840/cells
2026-07-07 02:53:53,210 - hybrid_pipeline - INFO - Tile tile_x9216_y3840 完成: 核心擁有 45 細胞 (45 陽性), 2.16 秒
2026-07-07 02:53:53,299 - hybrid_pipeline - INFO - [412/441] 處理 tile: tile_x9216_y4608
2026-07-07 02:53:53,366 - cellpose.transforms - INFO - processing image with (1024, 1024) HW, and 3 channels
2026-07-07 02:53:53,847 - m2_segmentation - INFO - Cellpose 分割完成: 94 個有效細胞
2026-07-07 02:53:53,877 - m3_module.m3_cells_generator - INFO - All-positive 標註完成: 94 個細胞
2026-07-07 02:53:53,929 - m3_module.m3_cells_generator - INFO - enlarge_cell_instances: 94 顆細胞, factor=1.50(面積), 中位半徑=27.1px, 外擴=6.1px
2026-07-07 02:53:53,930 - cellpose.transforms - INFO - processing image with (1024, 1024) HW, and 3 channels
2026-07-07 02:53:54,397 - m3_module.m3_elastic_matching - INFO - elastic_dish_nucleus_matching(overlap-first): IHC=94, DISH=49, matched(1核)=41 (其中重疊=41), drop-out(競爭落敗)=19, 無候選(計入)=34, factor=1.50, min_reach=20.0
2026-07-07 02:53:55,072 - m3_module.m3_dot_detection - INFO - detect_all_dots: 紅點=40, 黑點=88, 涉及細胞=94
2026-07-07 02:53:55,387 - m4_module.cell_crops - INFO - 匯出 48 張 per-cell 影像至 docs/hybrid-pipeline/measurement/runs/large/cell_crops/tile_x9216_y4608/cells
2026-07-07 02:53:55,388 - hybrid_pipeline - INFO - Tile tile_x9216_y4608 完成: 核心擁有 48 細胞 (48 陽性), 2.09 秒
2026-07-07 02:53:55,476 - hybrid_pipeline - INFO - [413/441] 處理 tile: tile_x9216_y5376
2026-07-07 02:53:55,543 - cellpose.transforms - INFO - processing image with (1024, 1024) HW, and 3 channels
2026-07-07 02:53:56,034 - m2_segmentation - INFO - Cellpose 分割完成: 100 個有效細胞
2026-07-07 02:53:56,065 - m3_module.m3_cells_generator - INFO - All-positive 標註完成: 100 個細胞
2026-07-07 02:53:56,114 - m3_module.m3_cells_generator - INFO - enlarge_cell_instances: 100 顆細胞, factor=1.50(面積), 中位半徑=29.1px, 外擴=6.5px
2026-07-07 02:53:56,115 - cellpose.transforms - INFO - processing image with (1024, 1024) HW, and 3 channels
2026-07-07 02:53:56,582 - m3_module.m3_elastic_matching - INFO - elastic_dish_nucleus_matching(overlap-first): IHC=100, DISH=57, matched(1核)=45 (其中重疊=45), drop-out(競爭落敗)=22, 無候選(計入)=33, factor=1.50, min_reach=20.0
2026-07-07 02:53:57,380 - m3_module.m3_dot_detection - INFO - detect_all_dots: 紅點=42, 黑點=109, 涉及細胞=100
2026-07-07 02:53:57,700 - m4_module.cell_crops - INFO - 匯出 63 張 per-cell 影像至 docs/hybrid-pipeline/measurement/runs/large/cell_crops/tile_x9216_y5376/cells
2026-07-07 02:53:57,700 - hybrid_pipeline - INFO - Tile tile_x9216_y5376 完成: 核心擁有 63 細胞 (63 陽性), 2.22 秒
2026-07-07 02:53:57,789 - hybrid_pipeline - INFO - [414/441] 處理 tile: tile_x9216_y6144
2026-07-07 02:53:57,856 - cellpose.transforms - INFO - processing image with (1024, 1024) HW, and 3 channels
2026-07-07 02:53:58,331 - m2_segmentation - INFO - Cellpose 分割完成: 110 個有效細胞
2026-07-07 02:53:58,364 - m3_module.m3_cells_generator - INFO - All-positive 標註完成: 110 個細胞
2026-07-07 02:53:58,417 - m3_module.m3_cells_generator - INFO - enlarge_cell_instances: 110 顆細胞, factor=1.50(面積), 中位半徑=25.6px, 外擴=5.8px
2026-07-07 02:53:58,418 - cellpose.transforms - INFO - processing image with (1024, 1024) HW, and 3 channels
2026-07-07 02:53:58,884 - m3_module.m3_elastic_matching - INFO - elastic_dish_nucleus_matching(overlap-first): IHC=110, DISH=70, matched(1核)=50 (其中重疊=50), drop-out(競爭落敗)=23, 無候選(計入)=37, factor=1.50, min_reach=20.0
2026-07-07 02:53:59,862 - m3_module.m3_dot_detection - INFO - detect_all_dots: 紅點=49, 黑點=123, 涉及細胞=110
2026-07-07 02:54:00,172 - m4_module.cell_crops - INFO - 匯出 67 張 per-cell 影像至 docs/hybrid-pipeline/measurement/runs/large/cell_crops/tile_x9216_y6144/cells
2026-07-07 02:54:00,172 - hybrid_pipeline - INFO - Tile tile_x9216_y6144 完成: 核心擁有 67 細胞 (67 陽性), 2.38 秒
2026-07-07 02:54:00,261 - hybrid_pipeline - INFO - [415/441] 處理 tile: tile_x9216_y6912
2026-07-07 02:54:00,323 - cellpose.transforms - INFO - processing image with (1024, 1024) HW, and 3 channels
2026-07-07 02:54:00,769 - m2_segmentation - INFO - Cellpose 分割完成: 63 個有效細胞
2026-07-07 02:54:00,796 - m3_module.m3_cells_generator - INFO - All-positive 標註完成: 63 個細胞
2026-07-07 02:54:00,839 - m3_module.m3_cells_generator - INFO - enlarge_cell_instances: 63 顆細胞, factor=1.50(面積), 中位半徑=23.0px, 外擴=5.2px
2026-07-07 02:54:00,839 - cellpose.transforms - INFO - processing image with (1024, 1024) HW, and 3 channels
2026-07-07 02:54:01,308 - m3_module.m3_elastic_matching - INFO - elastic_dish_nucleus_matching(overlap-first): IHC=63, DISH=51, matched(1核)=34 (其中重疊=34), drop-out(競爭落敗)=15, 無候選(計入)=14, factor=1.50, min_reach=20.0
2026-07-07 02:54:02,045 - m3_module.m3_dot_detection - INFO - detect_all_dots: 紅點=49, 黑點=104, 涉及細胞=63
2026-07-07 02:54:02,279 - m4_module.cell_crops - INFO - 匯出 21 張 per-cell 影像至 docs/hybrid-pipeline/measurement/runs/large/cell_crops/tile_x9216_y6912/cells
2026-07-07 02:54:02,279 - hybrid_pipeline - INFO - Tile tile_x9216_y6912 完成: 核心擁有 21 細胞 (21 陽性), 2.02 秒
2026-07-07 02:54:02,369 - hybrid_pipeline - INFO - [416/441] 處理 tile: tile_x9216_y768
2026-07-07 02:54:02,441 - cellpose.transforms - INFO - processing image with (1024, 1024) HW, and 3 channels
2026-07-07 02:54:02,856 - m2_segmentation - INFO - Cellpose 分割完成: 28 個有效細胞
2026-07-07 02:54:02,878 - m3_module.m3_cells_generator - INFO - All-positive 標註完成: 28 個細胞
2026-07-07 02:54:02,912 - m3_module.m3_cells_generator - INFO - enlarge_cell_instances: 28 顆細胞, factor=1.50(面積), 中位半徑=24.9px, 外擴=5.6px
2026-07-07 02:54:02,913 - cellpose.transforms - INFO - processing image with (1024, 1024) HW, and 3 channels
2026-07-07 02:54:03,376 - m3_module.m3_elastic_matching - INFO - elastic_dish_nucleus_matching(overlap-first): IHC=28, DISH=19, matched(1核)=15 (其中重疊=15), drop-out(競爭落敗)=8, 無候選(計入)=5, factor=1.50, min_reach=20.0
2026-07-07 02:54:03,623 - m3_module.m3_dot_detection - INFO - detect_all_dots: 紅點=18, 黑點=32, 涉及細胞=28
2026-07-07 02:54:03,772 - m4_module.cell_crops - INFO - 匯出 10 張 per-cell 影像至 docs/hybrid-pipeline/measurement/runs/large/cell_crops/tile_x9216_y768/cells
2026-07-07 02:54:03,772 - hybrid_pipeline - INFO - Tile tile_x9216_y768 完成: 核心擁有 10 細胞 (10 陽性), 1.40 秒
2026-07-07 02:54:03,860 - hybrid_pipeline - INFO - [417/441] 處理 tile: tile_x9216_y7680
2026-07-07 02:54:03,924 - cellpose.transforms - INFO - processing image with (1024, 1024) HW, and 3 channels
2026-07-07 02:54:04,367 - m2_segmentation - INFO - Cellpose 分割完成: 40 個有效細胞
2026-07-07 02:54:04,390 - m3_module.m3_cells_generator - INFO - All-positive 標註完成: 40 個細胞
2026-07-07 02:54:04,426 - m3_module.m3_cells_generator - INFO - enlarge_cell_instances: 40 顆細胞, factor=1.50(面積), 中位半徑=24.2px, 外擴=5.4px
2026-07-07 02:54:04,427 - cellpose.transforms - INFO - processing image with (1024, 1024) HW, and 3 channels
2026-07-07 02:54:04,887 - m3_module.m3_elastic_matching - INFO - elastic_dish_nucleus_matching(overlap-first): IHC=40, DISH=34, matched(1核)=21 (其中重疊=21), drop-out(競爭落敗)=6, 無候選(計入)=13, factor=1.50, min_reach=20.0
2026-07-07 02:54:05,327 - m3_module.m3_dot_detection - INFO - detect_all_dots: 紅點=29, 黑點=67, 涉及細胞=40
2026-07-07 02:54:05,497 - m4_module.cell_crops - INFO - 匯出 14 張 per-cell 影像至 docs/hybrid-pipeline/measurement/runs/large/cell_crops/tile_x9216_y7680/cells
2026-07-07 02:54:05,497 - hybrid_pipeline - INFO - Tile tile_x9216_y7680 完成: 核心擁有 14 細胞 (14 陽性), 1.64 秒
2026-07-07 02:54:05,589 - hybrid_pipeline - INFO - [418/441] 處理 tile: tile_x9216_y8448
2026-07-07 02:54:05,657 - cellpose.transforms - INFO - processing image with (1024, 1024) HW, and 3 channels
2026-07-07 02:54:06,131 - m2_segmentation - INFO - Cellpose 分割完成: 97 個有效細胞
2026-07-07 02:54:06,163 - m3_module.m3_cells_generator - INFO - All-positive 標註完成: 97 個細胞
2026-07-07 02:54:06,216 - m3_module.m3_cells_generator - INFO - enlarge_cell_instances: 97 顆細胞, factor=1.50(面積), 中位半徑=27.1px, 外擴=6.1px
2026-07-07 02:54:06,216 - cellpose.transforms - INFO - processing image with (1024, 1024) HW, and 3 channels
2026-07-07 02:54:06,677 - m3_module.m3_elastic_matching - INFO - elastic_dish_nucleus_matching(overlap-first): IHC=97, DISH=84, matched(1核)=57 (其中重疊=57), drop-out(競爭落敗)=17, 無候選(計入)=23, factor=1.50, min_reach=20.0
2026-07-07 02:54:07,888 - m3_module.m3_dot_detection - INFO - detect_all_dots: 紅點=69, 黑點=165, 涉及細胞=97
2026-07-07 02:54:08,236 - m4_module.cell_crops - INFO - 匯出 61 張 per-cell 影像至 docs/hybrid-pipeline/measurement/runs/large/cell_crops/tile_x9216_y8448/cells
2026-07-07 02:54:08,236 - hybrid_pipeline - INFO - Tile tile_x9216_y8448 完成: 核心擁有 61 細胞 (61 陽性), 2.65 秒
2026-07-07 02:54:08,326 - hybrid_pipeline - INFO - [419/441] 處理 tile: tile_x9216_y9216
2026-07-07 02:54:08,396 - cellpose.transforms - INFO - processing image with (1024, 1024) HW, and 3 channels
2026-07-07 02:54:08,842 - m2_segmentation - INFO - Cellpose 分割完成: 68 個有效細胞
2026-07-07 02:54:08,869 - m3_module.m3_cells_generator - INFO - All-positive 標註完成: 68 個細胞
2026-07-07 02:54:08,912 - m3_module.m3_cells_generator - INFO - enlarge_cell_instances: 68 顆細胞, factor=1.50(面積), 中位半徑=28.1px, 外擴=6.3px
2026-07-07 02:54:08,913 - cellpose.transforms - INFO - processing image with (1024, 1024) HW, and 3 channels
2026-07-07 02:54:09,370 - m3_module.m3_elastic_matching - INFO - elastic_dish_nucleus_matching(overlap-first): IHC=68, DISH=50, matched(1核)=40 (其中重疊=40), drop-out(競爭落敗)=8, 無候選(計入)=20, factor=1.50, min_reach=20.0
2026-07-07 02:54:10,207 - m3_module.m3_dot_detection - INFO - detect_all_dots: 紅點=45, 黑點=115, 涉及細胞=68
2026-07-07 02:54:10,502 - m4_module.cell_crops - INFO - 匯出 32 張 per-cell 影像至 docs/hybrid-pipeline/measurement/runs/large/cell_crops/tile_x9216_y9216/cells
2026-07-07 02:54:10,502 - hybrid_pipeline - INFO - Tile tile_x9216_y9216 完成: 核心擁有 32 細胞 (32 陽性), 2.18 秒
2026-07-07 02:54:10,590 - hybrid_pipeline - INFO - [420/441] 處理 tile: tile_x9216_y9984
2026-07-07 02:54:10,658 - cellpose.transforms - INFO - processing image with (1024, 1024) HW, and 3 channels
2026-07-07 02:54:11,112 - m2_segmentation - INFO - Cellpose 分割完成: 69 個有效細胞
2026-07-07 02:54:11,140 - m3_module.m3_cells_generator - INFO - All-positive 標註完成: 69 個細胞
2026-07-07 02:54:11,185 - m3_module.m3_cells_generator - INFO - enlarge_cell_instances: 69 顆細胞, factor=1.50(面積), 中位半徑=22.2px, 外擴=5.0px
2026-07-07 02:54:11,185 - cellpose.transforms - INFO - processing image with (1024, 1024) HW, and 3 channels
2026-07-07 02:54:11,646 - m3_module.m3_elastic_matching - INFO - elastic_dish_nucleus_matching(overlap-first): IHC=69, DISH=40, matched(1核)=25 (其中重疊=25), drop-out(競爭落敗)=13, 無候選(計入)=31, factor=1.50, min_reach=20.0
2026-07-07 02:54:12,124 - m3_module.m3_dot_detection - INFO - detect_all_dots: 紅點=16, 黑點=51, 涉及細胞=69
2026-07-07 02:54:12,372 - m4_module.cell_crops - INFO - 匯出 28 張 per-cell 影像至 docs/hybrid-pipeline/measurement/runs/large/cell_crops/tile_x9216_y9984/cells
2026-07-07 02:54:12,372 - hybrid_pipeline - INFO - Tile tile_x9216_y9984 完成: 核心擁有 28 細胞 (28 陽性), 1.78 秒
2026-07-07 02:54:12,463 - hybrid_pipeline - INFO - [421/441] 處理 tile: tile_x9984_y0
2026-07-07 02:54:12,529 - cellpose.transforms - INFO - processing image with (1024, 1024) HW, and 3 channels
2026-07-07 02:54:12,964 - m2_segmentation - INFO - Cellpose 分割完成: 28 個有效細胞
2026-07-07 02:54:12,987 - m3_module.m3_cells_generator - INFO - All-positive 標註完成: 26 個細胞
2026-07-07 02:54:13,023 - m3_module.m3_cells_generator - INFO - enlarge_cell_instances: 26 顆細胞, factor=1.50(面積), 中位半徑=31.1px, 外擴=7.0px
2026-07-07 02:54:13,023 - cellpose.transforms - INFO - processing image with (1024, 1024) HW, and 3 channels
2026-07-07 02:54:13,503 - m3_module.m3_elastic_matching - INFO - elastic_dish_nucleus_matching(overlap-first): IHC=26, DISH=26, matched(1核)=17 (其中重疊=16), drop-out(競爭落敗)=5, 無候選(計入)=4, factor=1.50, min_reach=20.0
2026-07-07 02:54:13,862 - m3_module.m3_dot_detection - INFO - detect_all_dots: 紅點=18, 黑點=44, 涉及細胞=26
2026-07-07 02:54:14,013 - m4_module.cell_crops - INFO - 匯出 13 張 per-cell 影像至 docs/hybrid-pipeline/measurement/runs/large/cell_crops/tile_x9984_y0/cells
2026-07-07 02:54:14,013 - hybrid_pipeline - INFO - Tile tile_x9984_y0 完成: 核心擁有 13 細胞 (13 陽性), 1.55 秒
2026-07-07 02:54:14,102 - hybrid_pipeline - INFO - [422/441] 處理 tile: tile_x9984_y10752
2026-07-07 02:54:14,172 - cellpose.transforms - INFO - processing image with (1024, 1024) HW, and 3 channels
2026-07-07 02:54:14,588 - m2_segmentation - INFO - Cellpose 分割完成: 18 個有效細胞
2026-07-07 02:54:14,609 - m3_module.m3_cells_generator - INFO - All-positive 標註完成: 18 個細胞
2026-07-07 02:54:14,637 - m3_module.m3_cells_generator - INFO - enlarge_cell_instances: 18 顆細胞, factor=1.50(面積), 中位半徑=15.7px, 外擴=3.5px
2026-07-07 02:54:14,638 - cellpose.transforms - INFO - processing image with (1024, 1024) HW, and 3 channels
2026-07-07 02:54:15,098 - m3_module.m3_elastic_matching - INFO - elastic_dish_nucleus_matching(overlap-first): IHC=18, DISH=15, matched(1核)=10 (其中重疊=10), drop-out(競爭落敗)=2, 無候選(計入)=6, factor=1.50, min_reach=20.0
2026-07-07 02:54:15,277 - m3_module.m3_dot_detection - INFO - detect_all_dots: 紅點=12, 黑點=17, 涉及細胞=18
2026-07-07 02:54:15,368 - m4_module.cell_crops - INFO - 匯出 0 張 per-cell 影像至 docs/hybrid-pipeline/measurement/runs/large/cell_crops/tile_x9984_y10752/cells
2026-07-07 02:54:15,368 - hybrid_pipeline - INFO - Tile tile_x9984_y10752 完成: 核心擁有 0 細胞 (0 陽性), 1.27 秒
2026-07-07 02:54:15,459 - hybrid_pipeline - INFO - [423/441] 處理 tile: tile_x9984_y11520
2026-07-07 02:54:15,526 - cellpose.transforms - INFO - processing image with (1024, 1024) HW, and 3 channels
2026-07-07 02:54:15,937 - m2_segmentation - INFO - Cellpose 分割完成: 18 個有效細胞
2026-07-07 02:54:15,957 - m3_module.m3_cells_generator - INFO - All-positive 標註完成: 18 個細胞
2026-07-07 02:54:15,986 - m3_module.m3_cells_generator - INFO - enlarge_cell_instances: 18 顆細胞, factor=1.50(面積), 中位半徑=20.4px, 外擴=4.6px
2026-07-07 02:54:15,986 - cellpose.transforms - INFO - processing image with (1024, 1024) HW, and 3 channels
2026-07-07 02:54:16,443 - m3_module.m3_elastic_matching - INFO - elastic_dish_nucleus_matching(overlap-first): IHC=18, DISH=18, matched(1核)=14 (其中重疊=14), drop-out(競爭落敗)=1, 無候選(計入)=3, factor=1.50, min_reach=20.0
2026-07-07 02:54:16,780 - m3_module.m3_dot_detection - INFO - detect_all_dots: 紅點=22, 黑點=38, 涉及細胞=18
2026-07-07 02:54:16,868 - m4_module.cell_crops - INFO - 匯出 2 張 per-cell 影像至 docs/hybrid-pipeline/measurement/runs/large/cell_crops/tile_x9984_y11520/cells
2026-07-07 02:54:16,868 - hybrid_pipeline - INFO - Tile tile_x9984_y11520 完成: 核心擁有 2 細胞 (2 陽性), 1.41 秒
2026-07-07 02:54:16,957 - hybrid_pipeline - INFO - [424/441] 處理 tile: tile_x9984_y12288
2026-07-07 02:54:17,021 - cellpose.transforms - INFO - processing image with (1024, 1024) HW, and 3 channels
2026-07-07 02:54:17,453 - m2_segmentation - INFO - Cellpose 分割完成: 25 個有效細胞
2026-07-07 02:54:17,474 - m3_module.m3_cells_generator - INFO - All-positive 標註完成: 25 個細胞
2026-07-07 02:54:17,507 - m3_module.m3_cells_generator - INFO - enlarge_cell_instances: 25 顆細胞, factor=1.50(面積), 中位半徑=28.1px, 外擴=6.3px
2026-07-07 02:54:17,508 - cellpose.transforms - INFO - processing image with (1024, 1024) HW, and 3 channels
2026-07-07 02:54:17,960 - m3_module.m3_elastic_matching - INFO - elastic_dish_nucleus_matching(overlap-first): IHC=25, DISH=17, matched(1核)=15 (其中重疊=15), drop-out(競爭落敗)=2, 無候選(計入)=8, factor=1.50, min_reach=20.0
2026-07-07 02:54:18,266 - m3_module.m3_dot_detection - INFO - detect_all_dots: 紅點=19, 黑點=31, 涉及細胞=25
2026-07-07 02:54:18,394 - m4_module.cell_crops - INFO - 匯出 25 張 per-cell 影像至 docs/hybrid-pipeline/measurement/runs/large/cell_crops/tile_x9984_y12288/cells
2026-07-07 02:54:18,394 - hybrid_pipeline - INFO - Tile tile_x9984_y12288 完成: 核心擁有 25 細胞 (25 陽性), 1.44 秒
2026-07-07 02:54:18,484 - hybrid_pipeline - INFO - [425/441] 處理 tile: tile_x9984_y13056
2026-07-07 02:54:18,553 - cellpose.transforms - INFO - processing image with (1024, 1024) HW, and 3 channels
2026-07-07 02:54:18,973 - m2_segmentation - INFO - Cellpose 分割完成: 9 個有效細胞
2026-07-07 02:54:18,993 - m3_module.m3_cells_generator - INFO - All-positive 標註完成: 9 個細胞
2026-07-07 02:54:19,024 - m3_module.m3_cells_generator - INFO - enlarge_cell_instances: 9 顆細胞, factor=1.50(面積), 中位半徑=30.5px, 外擴=6.9px
2026-07-07 02:54:19,024 - cellpose.transforms - INFO - processing image with (1024, 1024) HW, and 3 channels
2026-07-07 02:54:19,477 - m3_module.m3_elastic_matching - INFO - elastic_dish_nucleus_matching(overlap-first): IHC=9, DISH=3, matched(1核)=2 (其中重疊=2), drop-out(競爭落敗)=0, 無候選(計入)=7, factor=1.50, min_reach=20.0
2026-07-07 02:54:19,592 - m3_module.m3_dot_detection - INFO - detect_all_dots: 紅點=0, 黑點=2, 涉及細胞=9
2026-07-07 02:54:19,680 - m4_module.cell_crops - INFO - 匯出 5 張 per-cell 影像至 docs/hybrid-pipeline/measurement/runs/large/cell_crops/tile_x9984_y13056/cells
2026-07-07 02:54:19,680 - hybrid_pipeline - INFO - Tile tile_x9984_y13056 完成: 核心擁有 5 細胞 (5 陽性), 1.20 秒
2026-07-07 02:54:19,769 - hybrid_pipeline - INFO - [426/441] 處理 tile: tile_x9984_y13824
2026-07-07 02:54:19,832 - hybrid_pipeline - INFO - Tile tile_x9984_y13824: 核心遮罩全空 → 空白 placeholder
2026-07-07 02:54:19,917 - hybrid_pipeline - INFO - [427/441] 處理 tile: tile_x9984_y14592
2026-07-07 02:54:19,978 - hybrid_pipeline - INFO - Tile tile_x9984_y14592: 核心遮罩全空 → 空白 placeholder
2026-07-07 02:54:20,067 - hybrid_pipeline - INFO - [428/441] 處理 tile: tile_x9984_y1536
2026-07-07 02:54:20,134 - cellpose.transforms - INFO - processing image with (1024, 1024) HW, and 3 channels
2026-07-07 02:54:20,594 - m2_segmentation - INFO - Cellpose 分割完成: 105 個有效細胞
2026-07-07 02:54:20,626 - m3_module.m3_cells_generator - INFO - All-positive 標註完成: 105 個細胞
2026-07-07 02:54:20,674 - m3_module.m3_cells_generator - INFO - enlarge_cell_instances: 105 顆細胞, factor=1.50(面積), 中位半徑=27.9px, 外擴=6.3px
2026-07-07 02:54:20,674 - cellpose.transforms - INFO - processing image with (1024, 1024) HW, and 3 channels
2026-07-07 02:54:21,139 - m3_module.m3_elastic_matching - INFO - elastic_dish_nucleus_matching(overlap-first): IHC=105, DISH=63, matched(1核)=57 (其中重疊=57), drop-out(競爭落敗)=28, 無候選(計入)=20, factor=1.50, min_reach=20.0
2026-07-07 02:54:22,205 - m3_module.m3_dot_detection - INFO - detect_all_dots: 紅點=75, 黑點=154, 涉及細胞=105
2026-07-07 02:54:22,555 - m4_module.cell_crops - INFO - 匯出 68 張 per-cell 影像至 docs/hybrid-pipeline/measurement/runs/large/cell_crops/tile_x9984_y1536/cells
2026-07-07 02:54:22,555 - hybrid_pipeline - INFO - Tile tile_x9984_y1536 完成: 核心擁有 68 細胞 (68 陽性), 2.49 秒
2026-07-07 02:54:22,643 - hybrid_pipeline - INFO - [429/441] 處理 tile: tile_x9984_y15360
2026-07-07 02:54:22,706 - cellpose.transforms - INFO - processing image with (1024, 1024) HW, and 3 channels
2026-07-07 02:54:23,137 - m2_segmentation - INFO - Cellpose 分割完成: 19 個有效細胞
2026-07-07 02:54:23,157 - m3_module.m3_cells_generator - INFO - All-positive 標註完成: 19 個細胞
2026-07-07 02:54:23,189 - m3_module.m3_cells_generator - INFO - enlarge_cell_instances: 19 顆細胞, factor=1.50(面積), 中位半徑=21.5px, 外擴=4.8px
2026-07-07 02:54:23,189 - cellpose.transforms - INFO - processing image with (1024, 1024) HW, and 3 channels
2026-07-07 02:54:23,647 - m3_module.m3_elastic_matching - INFO - elastic_dish_nucleus_matching(overlap-first): IHC=19, DISH=16, matched(1核)=10 (其中重疊=10), drop-out(競爭落敗)=4, 無候選(計入)=5, factor=1.50, min_reach=20.0
2026-07-07 02:54:23,823 - m3_module.m3_dot_detection - INFO - detect_all_dots: 紅點=8, 黑點=17, 涉及細胞=19
2026-07-07 02:54:23,927 - m4_module.cell_crops - INFO - 匯出 15 張 per-cell 影像至 docs/hybrid-pipeline/measurement/runs/large/cell_crops/tile_x9984_y15360/cells
2026-07-07 02:54:23,927 - hybrid_pipeline - INFO - Tile tile_x9984_y15360 完成: 核心擁有 15 細胞 (15 陽性), 1.28 秒
2026-07-07 02:54:24,019 - hybrid_pipeline - INFO - [430/441] 處理 tile: tile_x9984_y2304
2026-07-07 02:54:24,082 - cellpose.transforms - INFO - processing image with (1024, 1024) HW, and 3 channels
2026-07-07 02:54:24,577 - m2_segmentation - INFO - Cellpose 分割完成: 111 個有效細胞
2026-07-07 02:54:24,610 - m3_module.m3_cells_generator - INFO - All-positive 標註完成: 111 個細胞
2026-07-07 02:54:24,664 - m3_module.m3_cells_generator - INFO - enlarge_cell_instances: 111 顆細胞, factor=1.50(面積), 中位半徑=28.3px, 外擴=6.4px
2026-07-07 02:54:24,665 - cellpose.transforms - INFO - processing image with (1024, 1024) HW, and 3 channels
2026-07-07 02:54:25,135 - m3_module.m3_elastic_matching - INFO - elastic_dish_nucleus_matching(overlap-first): IHC=111, DISH=80, matched(1核)=57 (其中重疊=57), drop-out(競爭落敗)=22, 無候選(計入)=32, factor=1.50, min_reach=20.0
2026-07-07 02:54:26,283 - m3_module.m3_dot_detection - INFO - detect_all_dots: 紅點=84, 黑點=179, 涉及細胞=111
2026-07-07 02:54:26,671 - m4_module.cell_crops - INFO - 匯出 58 張 per-cell 影像至 docs/hybrid-pipeline/measurement/runs/large/cell_crops/tile_x9984_y2304/cells
2026-07-07 02:54:26,671 - hybrid_pipeline - INFO - Tile tile_x9984_y2304 完成: 核心擁有 58 細胞 (58 陽性), 2.65 秒
2026-07-07 02:54:26,761 - hybrid_pipeline - INFO - [431/441] 處理 tile: tile_x9984_y3072
2026-07-07 02:54:26,828 - cellpose.transforms - INFO - processing image with (1024, 1024) HW, and 3 channels
2026-07-07 02:54:27,359 - m2_segmentation - INFO - Cellpose 分割完成: 134 個有效細胞
2026-07-07 02:54:27,395 - m3_module.m3_cells_generator - INFO - All-positive 標註完成: 134 個細胞
2026-07-07 02:54:27,451 - m3_module.m3_cells_generator - INFO - enlarge_cell_instances: 134 顆細胞, factor=1.50(面積), 中位半徑=27.8px, 外擴=6.3px
2026-07-07 02:54:27,452 - cellpose.transforms - INFO - processing image with (1024, 1024) HW, and 3 channels
2026-07-07 02:54:27,927 - m3_module.m3_elastic_matching - INFO - elastic_dish_nucleus_matching(overlap-first): IHC=134, DISH=95, matched(1核)=71 (其中重疊=71), drop-out(競爭落敗)=32, 無候選(計入)=31, factor=1.50, min_reach=20.0
2026-07-07 02:54:29,350 - m3_module.m3_dot_detection - INFO - detect_all_dots: 紅點=73, 黑點=182, 涉及細胞=134
2026-07-07 02:54:29,776 - m4_module.cell_crops - INFO - 匯出 67 張 per-cell 影像至 docs/hybrid-pipeline/measurement/runs/large/cell_crops/tile_x9984_y3072/cells
2026-07-07 02:54:29,776 - hybrid_pipeline - INFO - Tile tile_x9984_y3072 完成: 核心擁有 67 細胞 (67 陽性), 3.01 秒
2026-07-07 02:54:29,868 - hybrid_pipeline - INFO - [432/441] 處理 tile: tile_x9984_y3840
2026-07-07 02:54:29,936 - cellpose.transforms - INFO - processing image with (1024, 1024) HW, and 3 channels
2026-07-07 02:54:30,460 - m2_segmentation - INFO - Cellpose 分割完成: 131 個有效細胞
2026-07-07 02:54:30,496 - m3_module.m3_cells_generator - INFO - All-positive 標註完成: 131 個細胞
2026-07-07 02:54:30,550 - m3_module.m3_cells_generator - INFO - enlarge_cell_instances: 131 顆細胞, factor=1.50(面積), 中位半徑=29.1px, 外擴=6.5px
2026-07-07 02:54:30,550 - cellpose.transforms - INFO - processing image with (1024, 1024) HW, and 3 channels
2026-07-07 02:54:31,011 - m3_module.m3_elastic_matching - INFO - elastic_dish_nucleus_matching(overlap-first): IHC=131, DISH=76, matched(1核)=70 (其中重疊=70), drop-out(競爭落敗)=29, 無候選(計入)=32, factor=1.50, min_reach=20.0
2026-07-07 02:54:32,023 - m3_module.m3_dot_detection - INFO - detect_all_dots: 紅點=63, 黑點=163, 涉及細胞=131
2026-07-07 02:54:32,490 - m4_module.cell_crops - INFO - 匯出 67 張 per-cell 影像至 docs/hybrid-pipeline/measurement/runs/large/cell_crops/tile_x9984_y3840/cells
2026-07-07 02:54:32,490 - hybrid_pipeline - INFO - Tile tile_x9984_y3840 完成: 核心擁有 67 細胞 (67 陽性), 2.62 秒
2026-07-07 02:54:32,579 - hybrid_pipeline - INFO - [433/441] 處理 tile: tile_x9984_y4608
2026-07-07 02:54:32,654 - cellpose.transforms - INFO - processing image with (1024, 1024) HW, and 3 channels
2026-07-07 02:54:33,177 - m2_segmentation - INFO - Cellpose 分割完成: 124 個有效細胞
2026-07-07 02:54:33,212 - m3_module.m3_cells_generator - INFO - All-positive 標註完成: 124 個細胞
2026-07-07 02:54:33,268 - m3_module.m3_cells_generator - INFO - enlarge_cell_instances: 124 顆細胞, factor=1.50(面積), 中位半徑=30.2px, 外擴=6.8px
2026-07-07 02:54:33,268 - cellpose.transforms - INFO - processing image with (1024, 1024) HW, and 3 channels
2026-07-07 02:54:33,740 - m3_module.m3_elastic_matching - INFO - elastic_dish_nucleus_matching(overlap-first): IHC=124, DISH=80, matched(1核)=67 (其中重疊=67), drop-out(競爭落敗)=29, 無候選(計入)=28, factor=1.50, min_reach=20.0
2026-07-07 02:54:35,019 - m3_module.m3_dot_detection - INFO - detect_all_dots: 紅點=68, 黑點=174, 涉及細胞=124
2026-07-07 02:54:35,454 - m4_module.cell_crops - INFO - 匯出 57 張 per-cell 影像至 docs/hybrid-pipeline/measurement/runs/large/cell_crops/tile_x9984_y4608/cells
2026-07-07 02:54:35,454 - hybrid_pipeline - INFO - Tile tile_x9984_y4608 完成: 核心擁有 57 細胞 (57 陽性), 2.87 秒
2026-07-07 02:54:35,543 - hybrid_pipeline - INFO - [434/441] 處理 tile: tile_x9984_y5376
2026-07-07 02:54:35,609 - cellpose.transforms - INFO - processing image with (1024, 1024) HW, and 3 channels
2026-07-07 02:54:36,092 - m2_segmentation - INFO - Cellpose 分割完成: 77 個有效細胞
2026-07-07 02:54:36,120 - m3_module.m3_cells_generator - INFO - All-positive 標註完成: 77 個細胞
2026-07-07 02:54:36,172 - m3_module.m3_cells_generator - INFO - enlarge_cell_instances: 77 顆細胞, factor=1.50(面積), 中位半徑=28.6px, 外擴=6.4px
2026-07-07 02:54:36,173 - cellpose.transforms - INFO - processing image with (1024, 1024) HW, and 3 channels
2026-07-07 02:54:36,641 - m3_module.m3_elastic_matching - INFO - elastic_dish_nucleus_matching(overlap-first): IHC=77, DISH=69, matched(1核)=45 (其中重疊=45), drop-out(競爭落敗)=13, 無候選(計入)=19, factor=1.50, min_reach=20.0
2026-07-07 02:54:37,428 - m3_module.m3_dot_detection - INFO - detect_all_dots: 紅點=41, 黑點=95, 涉及細胞=77
2026-07-07 02:54:37,744 - m4_module.cell_crops - INFO - 匯出 30 張 per-cell 影像至 docs/hybrid-pipeline/measurement/runs/large/cell_crops/tile_x9984_y5376/cells
2026-07-07 02:54:37,744 - hybrid_pipeline - INFO - Tile tile_x9984_y5376 完成: 核心擁有 30 細胞 (30 陽性), 2.20 秒
2026-07-07 02:54:37,833 - hybrid_pipeline - INFO - [435/441] 處理 tile: tile_x9984_y6144
2026-07-07 02:54:37,894 - cellpose.transforms - INFO - processing image with (1024, 1024) HW, and 3 channels
2026-07-07 02:54:38,397 - m2_segmentation - INFO - Cellpose 分割完成: 123 個有效細胞
2026-07-07 02:54:38,432 - m3_module.m3_cells_generator - INFO - All-positive 標註完成: 123 個細胞
2026-07-07 02:54:38,485 - m3_module.m3_cells_generator - INFO - enlarge_cell_instances: 123 顆細胞, factor=1.50(面積), 中位半徑=27.3px, 外擴=6.1px
2026-07-07 02:54:38,486 - cellpose.transforms - INFO - processing image with (1024, 1024) HW, and 3 channels
2026-07-07 02:54:38,971 - m3_module.m3_elastic_matching - INFO - elastic_dish_nucleus_matching(overlap-first): IHC=123, DISH=89, matched(1核)=70 (其中重疊=70), drop-out(競爭落敗)=20, 無候選(計入)=33, factor=1.50, min_reach=20.0
2026-07-07 02:54:40,462 - m3_module.m3_dot_detection - INFO - detect_all_dots: 紅點=86, 黑點=189, 涉及細胞=123
2026-07-07 02:54:40,887 - m4_module.cell_crops - INFO - 匯出 73 張 per-cell 影像至 docs/hybrid-pipeline/measurement/runs/large/cell_crops/tile_x9984_y6144/cells
2026-07-07 02:54:40,887 - hybrid_pipeline - INFO - Tile tile_x9984_y6144 完成: 核心擁有 73 細胞 (73 陽性), 3.05 秒
2026-07-07 02:54:40,977 - hybrid_pipeline - INFO - [436/441] 處理 tile: tile_x9984_y6912
2026-07-07 02:54:41,045 - cellpose.transforms - INFO - processing image with (1024, 1024) HW, and 3 channels
2026-07-07 02:54:41,464 - m2_segmentation - INFO - Cellpose 分割完成: 29 個有效細胞
2026-07-07 02:54:41,486 - m3_module.m3_cells_generator - INFO - All-positive 標註完成: 29 個細胞
2026-07-07 02:54:41,524 - m3_module.m3_cells_generator - INFO - enlarge_cell_instances: 29 顆細胞, factor=1.50(面積), 中位半徑=27.4px, 外擴=6.1px
2026-07-07 02:54:41,524 - cellpose.transforms - INFO - processing image with (1024, 1024) HW, and 3 channels
2026-07-07 02:54:41,990 - m3_module.m3_elastic_matching - INFO - elastic_dish_nucleus_matching(overlap-first): IHC=29, DISH=23, matched(1核)=19 (其中重疊=19), drop-out(競爭落敗)=8, 無候選(計入)=2, factor=1.50, min_reach=20.0
2026-07-07 02:54:42,362 - m3_module.m3_dot_detection - INFO - detect_all_dots: 紅點=24, 黑點=48, 涉及細胞=29
2026-07-07 02:54:42,507 - m4_module.cell_crops - INFO - 匯出 8 張 per-cell 影像至 docs/hybrid-pipeline/measurement/runs/large/cell_crops/tile_x9984_y6912/cells
2026-07-07 02:54:42,507 - hybrid_pipeline - INFO - Tile tile_x9984_y6912 完成: 核心擁有 8 細胞 (8 陽性), 1.53 秒
2026-07-07 02:54:42,599 - hybrid_pipeline - INFO - [437/441] 處理 tile: tile_x9984_y768
2026-07-07 02:54:42,674 - cellpose.transforms - INFO - processing image with (1024, 1024) HW, and 3 channels
2026-07-07 02:54:43,113 - m2_segmentation - INFO - Cellpose 分割完成: 56 個有效細胞
2026-07-07 02:54:43,140 - m3_module.m3_cells_generator - INFO - All-positive 標註完成: 56 個細胞
2026-07-07 02:54:43,182 - m3_module.m3_cells_generator - INFO - enlarge_cell_instances: 56 顆細胞, factor=1.50(面積), 中位半徑=22.8px, 外擴=5.1px
2026-07-07 02:54:43,183 - cellpose.transforms - INFO - processing image with (1024, 1024) HW, and 3 channels
2026-07-07 02:54:43,650 - m3_module.m3_elastic_matching - INFO - elastic_dish_nucleus_matching(overlap-first): IHC=56, DISH=33, matched(1核)=28 (其中重疊=28), drop-out(競爭落敗)=12, 無候選(計入)=16, factor=1.50, min_reach=20.0
2026-07-07 02:54:44,210 - m3_module.m3_dot_detection - INFO - detect_all_dots: 紅點=32, 黑點=58, 涉及細胞=56
2026-07-07 02:54:44,407 - m4_module.cell_crops - INFO - 匯出 30 張 per-cell 影像至 docs/hybrid-pipeline/measurement/runs/large/cell_crops/tile_x9984_y768/cells
2026-07-07 02:54:44,407 - hybrid_pipeline - INFO - Tile tile_x9984_y768 完成: 核心擁有 30 細胞 (30 陽性), 1.81 秒
2026-07-07 02:54:44,495 - hybrid_pipeline - INFO - [438/441] 處理 tile: tile_x9984_y7680
2026-07-07 02:54:44,556 - hybrid_pipeline - INFO - Tile tile_x9984_y7680: 核心遮罩全空 → 空白 placeholder
2026-07-07 02:54:44,640 - hybrid_pipeline - INFO - [439/441] 處理 tile: tile_x9984_y8448
2026-07-07 02:54:44,703 - cellpose.transforms - INFO - processing image with (1024, 1024) HW, and 3 channels
2026-07-07 02:54:45,185 - m2_segmentation - INFO - Cellpose 分割完成: 104 個有效細胞
2026-07-07 02:54:45,217 - m3_module.m3_cells_generator - INFO - All-positive 標註完成: 104 個細胞
2026-07-07 02:54:45,272 - m3_module.m3_cells_generator - INFO - enlarge_cell_instances: 104 顆細胞, factor=1.50(面積), 中位半徑=27.6px, 外擴=6.2px
2026-07-07 02:54:45,272 - cellpose.transforms - INFO - processing image with (1024, 1024) HW, and 3 channels
2026-07-07 02:54:45,741 - m3_module.m3_elastic_matching - INFO - elastic_dish_nucleus_matching(overlap-first): IHC=104, DISH=68, matched(1核)=48 (其中重疊=48), drop-out(競爭落敗)=20, 無候選(計入)=36, factor=1.50, min_reach=20.0
2026-07-07 02:54:46,644 - m3_module.m3_dot_detection - INFO - detect_all_dots: 紅點=54, 黑點=115, 涉及細胞=104
2026-07-07 02:54:46,967 - m4_module.cell_crops - INFO - 匯出 60 張 per-cell 影像至 docs/hybrid-pipeline/measurement/runs/large/cell_crops/tile_x9984_y8448/cells
2026-07-07 02:54:46,967 - hybrid_pipeline - INFO - Tile tile_x9984_y8448 完成: 核心擁有 60 細胞 (60 陽性), 2.33 秒
2026-07-07 02:54:47,056 - hybrid_pipeline - INFO - [440/441] 處理 tile: tile_x9984_y9216
2026-07-07 02:54:47,125 - cellpose.transforms - INFO - processing image with (1024, 1024) HW, and 3 channels
2026-07-07 02:54:47,620 - m2_segmentation - INFO - Cellpose 分割完成: 130 個有效細胞
2026-07-07 02:54:47,656 - m3_module.m3_cells_generator - INFO - All-positive 標註完成: 130 個細胞
2026-07-07 02:54:47,709 - m3_module.m3_cells_generator - INFO - enlarge_cell_instances: 130 顆細胞, factor=1.50(面積), 中位半徑=26.8px, 外擴=6.0px
2026-07-07 02:54:47,709 - cellpose.transforms - INFO - processing image with (1024, 1024) HW, and 3 channels
2026-07-07 02:54:48,183 - m3_module.m3_elastic_matching - INFO - elastic_dish_nucleus_matching(overlap-first): IHC=130, DISH=83, matched(1核)=65 (其中重疊=65), drop-out(競爭落敗)=26, 無候選(計入)=39, factor=1.50, min_reach=20.0
2026-07-07 02:54:49,453 - m3_module.m3_dot_detection - INFO - detect_all_dots: 紅點=67, 黑點=165, 涉及細胞=130
2026-07-07 02:54:49,875 - m4_module.cell_crops - INFO - 匯出 68 張 per-cell 影像至 docs/hybrid-pipeline/measurement/runs/large/cell_crops/tile_x9984_y9216/cells
2026-07-07 02:54:49,875 - hybrid_pipeline - INFO - Tile tile_x9984_y9216 完成: 核心擁有 68 細胞 (68 陽性), 2.82 秒
2026-07-07 02:54:49,964 - hybrid_pipeline - INFO - [441/441] 處理 tile: tile_x9984_y9984
2026-07-07 02:54:50,031 - cellpose.transforms - INFO - processing image with (1024, 1024) HW, and 3 channels
2026-07-07 02:54:50,478 - m2_segmentation - INFO - Cellpose 分割完成: 54 個有效細胞
2026-07-07 02:54:50,503 - m3_module.m3_cells_generator - INFO - All-positive 標註完成: 54 個細胞
2026-07-07 02:54:50,542 - m3_module.m3_cells_generator - INFO - enlarge_cell_instances: 54 顆細胞, factor=1.50(面積), 中位半徑=26.2px, 外擴=5.9px
2026-07-07 02:54:50,543 - cellpose.transforms - INFO - processing image with (1024, 1024) HW, and 3 channels
2026-07-07 02:54:51,016 - m3_module.m3_elastic_matching - INFO - elastic_dish_nucleus_matching(overlap-first): IHC=54, DISH=39, matched(1核)=30 (其中重疊=30), drop-out(競爭落敗)=6, 無候選(計入)=18, factor=1.50, min_reach=20.0
2026-07-07 02:54:51,641 - m3_module.m3_dot_detection - INFO - detect_all_dots: 紅點=39, 黑點=93, 涉及細胞=54
2026-07-07 02:54:51,848 - m4_module.cell_crops - INFO - 匯出 17 張 per-cell 影像至 docs/hybrid-pipeline/measurement/runs/large/cell_crops/tile_x9984_y9984/cells
2026-07-07 02:54:51,848 - hybrid_pipeline - INFO - Tile tile_x9984_y9984 完成: 核心擁有 17 細胞 (17 陽性), 1.88 秒
2026-07-07 02:54:51,959 - m4_module.csv - INFO - CSV 匯出完成: report.csv (12919 列)
2026-07-07 02:54:51,960 - m4_module.csv - INFO - Summary 報告輸出: summary.txt (2534 valid cells)
2026-07-07 02:54:57,050 - hybrid_pipeline - INFO - overlay_slide.tiff 縫合完成: 16384×16384 px
2026-07-07 02:54:57,073 - hybrid_pipeline - INFO - 批次完成 — run_id=ee65f341 | 總計=441 | 成功=379 | 跳過=62
{
  "label": "large_441tile",
  "n_tiles": 441,
  "grid": {
    "cols": 21,
    "rows": 21
  },
  "wall": {
    "end_to_end_total_s": 847.998,
    "phaseA_precut_s": 20.582,
    "runbatch_BCD_s": 827.414
  },
  "disk_bytes": {
    "precut_scratch": 1001193648,
    "analysis_output": 5235676334
  },
  "stats": {
    "success": 379,
    "skipped": 62
  },
  "timings": {
    "init_unet": {
      "n": 1,
      "t": 1.1501331143081188
    },
    "init_cellpose_m2": {
      "n": 1,
      "t": 1.1044397028163075
    },
    "init_cellpose_m3b": {
      "n": 1,
      "t": 0.8430412006564438
    },
    "B2r_tile_read": {
      "n": 882,
      "t": 6.541560314130038
    },
    "B1_unet_coremask": {
      "n": 441,
      "t": 13.449052996002138
    },
    "BM1_apply_mask": {
      "n": 412,
      "t": 3.681718049105257
    },
    "BM1_overlay_dish": {
      "n": 412,
      "t": 3.6406803145073354
    },
    "BM1_fuse": {
      "n": 412,
      "t": 1.9051136644557118
    },
    "B1_m2_cellpose": {
      "n": 412,
      "t": 187.01763873593882
    },
    "Bs_clear_edge": {
      "n": 412,
      "t": 3.8404605658724904
    },
    "B3_build_results": {
      "n": 412,
      "t": 6.551300902385265
    },
    "B3_enlarge_cells": {
      "n": 412,
      "t": 16.76189063442871
    },
    "B1_m3b_cellpose": {
      "n": 412,
      "t": 185.53136114683002
    },
    "B3_detect_dots": {
      "n": 412,
      "t": 260.100406776648
    },
    "B3_merge_dots": {
      "n": 412,
      "t": 0.011452623642981052
    },
    "Bs_filter_absolutize": {
      "n": 412,
      "t": 0.10219596326351166
    },
    "B2_png_encode": {
      "n": 1323,
      "t": 76.75963180325925,
      "bytes": 432847586
    },
    "B2_tiff_encode": {
      "n": 1323,
      "t": 1.0729417419061065,
      "bytes": 4505042352
    },
    "B2_render_overlay": {
      "n": 412,
      "t": 8.490875344723463
    },
    "B2_percell_crops": {
      "n": 412,
      "t": 4.077893506735563
    },
    "B_process_precut_tile_TOTAL": {
      "n": 441,
      "t": 780.1045837746933
    },
    "B4_empty_cache": {
      "n": 441,
      "t": 2.6866777730174363
    },
    "B4_gc_collect": {
      "n": 441,
      "t": 36.30727271642536
    },
    "C_export_csv": {
      "n": 1,
      "t": 0.008588699158281088
    },
    "C_export_summary": {
      "n": 1,
      "t": 0.0006391541101038456
    },
    "D_stitch_overlay": {
      "n": 1,
      "t": 5.113443746697158
    }
  },
  "config_hash": "db2b7e6a",
  "peak_cuda_reserved_gb": 4.675,
  "peak_rss_gb": 4.041
}
LARGE_EXIT=0
