2026-07-22 01:43:25,576 - hybrid_pipeline - INFO - 批次處理開始 — run_id=2f41e826, config_hash=db2b7e6a
2026-07-22 01:43:25,579 - m1_overlay - INFO - 配對完成: 441 對 tile
2026-07-22 01:43:26,789 - unet_inference - INFO - 成功載入權重: /data/taro_Projects/tsgh/backend/algorithms/hybrid/models/unet/b4/best_model_unet_b4.pth
2026-07-22 01:43:26,803 - unet_inference - INFO - 模型載入完成，設備: cuda
2026-07-22 01:43:26,957 - cellpose.core - INFO - ** TORCH CUDA version installed and working. **
2026-07-22 01:43:26,957 - cellpose.core - INFO - >>>> using GPU (CUDA)
2026-07-22 01:43:26,966 - dinov3 - INFO - using base=100 for rope new
2026-07-22 01:43:26,966 - dinov3 - INFO - using min_period=None for rope new
2026-07-22 01:43:26,966 - dinov3 - INFO - using max_period=None for rope new
2026-07-22 01:43:26,966 - dinov3 - INFO - using normalize_coords=separate for rope new
2026-07-22 01:43:26,966 - dinov3 - INFO - using shift_coords=None for rope new
2026-07-22 01:43:26,966 - dinov3 - INFO - using rescale_coords=2 for rope new
2026-07-22 01:43:26,966 - dinov3 - INFO - using jitter_coords=None for rope new
2026-07-22 01:43:26,966 - dinov3 - INFO - using dtype=fp32 for rope new
2026-07-22 01:43:26,966 - dinov3 - INFO - using mlp layer as FFN
2026-07-22 01:43:27,419 - cellpose.models - INFO - >>>> loading model /data/taro_Projects/tsgh/backend/algorithms/hybrid/models/cellpose/cellpose_ihc_dish_best
2026-07-22 01:43:27,480 - m2_segmentation - INFO - Cellpose 模型載入完成: cellpose_ihc_dish_best (diameter=None)
2026-07-22 01:43:27,480 - cellpose.core - INFO - ** TORCH CUDA version installed and working. **
2026-07-22 01:43:27,480 - cellpose.core - INFO - >>>> using GPU (CUDA)
2026-07-22 01:43:27,486 - dinov3 - INFO - using base=100 for rope new
2026-07-22 01:43:27,486 - dinov3 - INFO - using min_period=None for rope new
2026-07-22 01:43:27,486 - dinov3 - INFO - using max_period=None for rope new
2026-07-22 01:43:27,487 - dinov3 - INFO - using normalize_coords=separate for rope new
2026-07-22 01:43:27,487 - dinov3 - INFO - using shift_coords=None for rope new
2026-07-22 01:43:27,487 - dinov3 - INFO - using rescale_coords=2 for rope new
2026-07-22 01:43:27,487 - dinov3 - INFO - using jitter_coords=None for rope new
2026-07-22 01:43:27,487 - dinov3 - INFO - using dtype=fp32 for rope new
2026-07-22 01:43:27,487 - dinov3 - INFO - using mlp layer as FFN
2026-07-22 01:43:27,931 - cellpose.models - INFO - >>>> loading model /data/taro_Projects/tsgh/backend/algorithms/hybrid/models/cellpose/cellpose_dish_best
2026-07-22 01:43:27,982 - m2_segmentation - INFO - Cellpose 模型載入完成: cellpose_dish_best (diameter=None)
2026-07-22 01:43:27,982 - hybrid_pipeline - INFO - [1/441] 處理 tile: tile_x0_y0
2026-07-22 01:43:29,946 - m3_module.m3_cells_generator - INFO - All-positive 標註完成: 27 個細胞
2026-07-22 01:43:29,991 - m3_module.m3_cells_generator - INFO - enlarge_cell_instances: 27 顆細胞, factor=1.50(面積), 中位半徑=23.9px, 外擴=5.4px
2026-07-22 01:43:30,342 - hybrid_pipeline - INFO - [2/441] 處理 tile: tile_x0_y10752
2026-07-22 01:43:30,379 - m3_module.m3_elastic_matching - INFO - elastic_dish_nucleus_matching(overlap-first): IHC=27, DISH=30, matched(1核)=14 (其中重疊=14), drop-out(競爭落敗)=4, 無候選(計入)=9, factor=1.50, min_reach=20.0
2026-07-22 01:43:30,653 - m3_module.m3_dot_detection - INFO - detect_all_dots: 紅點=16, 黑點=30, 涉及細胞=27
2026-07-22 01:43:30,834 - m4_module.cell_crops - INFO - 匯出 13 張 per-cell 影像至 docs/hybrid-pipeline/measurement/runs_cellpose421/large/cell_crops/tile_x0_y0/cells
2026-07-22 01:43:30,835 - hybrid_pipeline - INFO - Tile tile_x0_y0 完成: 核心擁有 13 細胞 (13 陽性), 2.85 秒
2026-07-22 01:43:30,841 - m3_module.m3_cells_generator - INFO - All-positive 標註完成: 111 個細胞
2026-07-22 01:43:30,897 - m3_module.m3_cells_generator - INFO - enlarge_cell_instances: 111 顆細胞, factor=1.50(面積), 中位半徑=31.1px, 外擴=7.0px
2026-07-22 01:43:31,255 - hybrid_pipeline - INFO - [3/441] 處理 tile: tile_x0_y11520
2026-07-22 01:43:31,292 - m3_module.m3_elastic_matching - INFO - elastic_dish_nucleus_matching(overlap-first): IHC=111, DISH=87, matched(1核)=69 (其中重疊=69), drop-out(競爭落敗)=25, 無候選(計入)=17, factor=1.50, min_reach=20.0
2026-07-22 01:43:32,531 - m3_module.m3_dot_detection - INFO - detect_all_dots: 紅點=85, 黑點=176, 涉及細胞=111
2026-07-22 01:43:32,689 - m3_module.m3_cells_generator - INFO - All-positive 標註完成: 97 個細胞
2026-07-22 01:43:32,743 - m3_module.m3_cells_generator - INFO - enlarge_cell_instances: 97 顆細胞, factor=1.50(面積), 中位半徑=29.3px, 外擴=6.6px
2026-07-22 01:43:32,864 - m4_module.cell_crops - INFO - 匯出 73 張 per-cell 影像至 docs/hybrid-pipeline/measurement/runs_cellpose421/large/cell_crops/tile_x0_y10752/cells
2026-07-22 01:43:32,864 - hybrid_pipeline - INFO - Tile tile_x0_y10752 完成: 核心擁有 73 細胞 (73 陽性), 2.52 秒
2026-07-22 01:43:33,107 - hybrid_pipeline - INFO - [4/441] 處理 tile: tile_x0_y12288
2026-07-22 01:43:33,143 - m3_module.m3_elastic_matching - INFO - elastic_dish_nucleus_matching(overlap-first): IHC=97, DISH=67, matched(1核)=58 (其中重疊=58), drop-out(競爭落敗)=21, 無候選(計入)=18, factor=1.50, min_reach=20.0
2026-07-22 01:43:34,288 - m3_module.m3_dot_detection - INFO - detect_all_dots: 紅點=81, 黑點=140, 涉及細胞=97
2026-07-22 01:43:34,429 - m3_module.m3_cells_generator - INFO - All-positive 標註完成: 85 個細胞
2026-07-22 01:43:34,483 - m3_module.m3_cells_generator - INFO - enlarge_cell_instances: 85 顆細胞, factor=1.50(面積), 中位半徑=27.6px, 外擴=6.2px
2026-07-22 01:43:34,564 - m4_module.cell_crops - INFO - 匯出 75 張 per-cell 影像至 docs/hybrid-pipeline/measurement/runs_cellpose421/large/cell_crops/tile_x0_y11520/cells
2026-07-22 01:43:34,564 - hybrid_pipeline - INFO - Tile tile_x0_y11520 完成: 核心擁有 75 細胞 (75 陽性), 3.31 秒
2026-07-22 01:43:34,847 - hybrid_pipeline - INFO - [5/441] 處理 tile: tile_x0_y13056
2026-07-22 01:43:34,884 - m3_module.m3_elastic_matching - INFO - elastic_dish_nucleus_matching(overlap-first): IHC=85, DISH=63, matched(1核)=49 (其中重疊=49), drop-out(競爭落敗)=21, 無候選(計入)=15, factor=1.50, min_reach=20.0
2026-07-22 01:43:35,793 - m3_module.m3_dot_detection - INFO - detect_all_dots: 紅點=67, 黑點=105, 涉及細胞=85
2026-07-22 01:43:35,955 - m3_module.m3_cells_generator - INFO - All-positive 標註完成: 165 個細胞
2026-07-22 01:43:36,020 - m3_module.m3_cells_generator - INFO - enlarge_cell_instances: 165 顆細胞, factor=1.50(面積), 中位半徑=25.9px, 外擴=5.8px
2026-07-22 01:43:36,042 - m4_module.cell_crops - INFO - 匯出 54 張 per-cell 影像至 docs/hybrid-pipeline/measurement/runs_cellpose421/large/cell_crops/tile_x0_y12288/cells
2026-07-22 01:43:36,042 - hybrid_pipeline - INFO - Tile tile_x0_y12288 完成: 核心擁有 54 細胞 (54 陽性), 2.93 秒
2026-07-22 01:43:36,384 - hybrid_pipeline - INFO - [6/441] 處理 tile: tile_x0_y13824
2026-07-22 01:43:36,423 - m3_module.m3_elastic_matching - INFO - elastic_dish_nucleus_matching(overlap-first): IHC=165, DISH=103, matched(1核)=95 (其中重疊=95), drop-out(競爭落敗)=43, 無候選(計入)=27, factor=1.50, min_reach=20.0
2026-07-22 01:43:37,625 - m3_module.m3_dot_detection - INFO - detect_all_dots: 紅點=91, 黑點=151, 涉及細胞=165
2026-07-22 01:43:37,787 - m3_module.m3_cells_generator - INFO - All-positive 標註完成: 114 個細胞
2026-07-22 01:43:37,839 - m3_module.m3_cells_generator - INFO - enlarge_cell_instances: 114 顆細胞, factor=1.50(面積), 中位半徑=26.1px, 外擴=5.9px
2026-07-22 01:43:37,981 - m4_module.cell_crops - INFO - 匯出 120 張 per-cell 影像至 docs/hybrid-pipeline/measurement/runs_cellpose421/large/cell_crops/tile_x0_y13056/cells
2026-07-22 01:43:37,981 - hybrid_pipeline - INFO - Tile tile_x0_y13056 完成: 核心擁有 120 細胞 (120 陽性), 3.13 秒
2026-07-22 01:43:38,198 - hybrid_pipeline - INFO - [7/441] 處理 tile: tile_x0_y14592
2026-07-22 01:43:38,235 - m3_module.m3_elastic_matching - INFO - elastic_dish_nucleus_matching(overlap-first): IHC=114, DISH=80, matched(1核)=69 (其中重疊=69), drop-out(競爭落敗)=33, 無候選(計入)=12, factor=1.50, min_reach=20.0
2026-07-22 01:43:39,469 - m3_module.m3_dot_detection - INFO - detect_all_dots: 紅點=98, 黑點=136, 涉及細胞=114
2026-07-22 01:43:39,633 - m3_module.m3_cells_generator - INFO - All-positive 標註完成: 91 個細胞
2026-07-22 01:43:39,690 - m3_module.m3_cells_generator - INFO - enlarge_cell_instances: 91 顆細胞, factor=1.50(面積), 中位半徑=29.6px, 外擴=6.6px
2026-07-22 01:43:39,764 - m4_module.cell_crops - INFO - 匯出 52 張 per-cell 影像至 docs/hybrid-pipeline/measurement/runs_cellpose421/large/cell_crops/tile_x0_y13824/cells
2026-07-22 01:43:39,764 - hybrid_pipeline - INFO - Tile tile_x0_y13824 完成: 核心擁有 52 細胞 (52 陽性), 3.38 秒
2026-07-22 01:43:40,061 - hybrid_pipeline - INFO - [8/441] 處理 tile: tile_x0_y1536
2026-07-22 01:43:40,099 - m3_module.m3_elastic_matching - INFO - elastic_dish_nucleus_matching(overlap-first): IHC=91, DISH=69, matched(1核)=56 (其中重疊=56), drop-out(競爭落敗)=25, 無候選(計入)=10, factor=1.50, min_reach=20.0
2026-07-22 01:43:41,073 - m3_module.m3_dot_detection - INFO - detect_all_dots: 紅點=72, 黑點=99, 涉及細胞=91
2026-07-22 01:43:41,223 - m3_module.m3_cells_generator - INFO - All-positive 標註完成: 68 個細胞
2026-07-22 01:43:41,273 - m3_module.m3_cells_generator - INFO - enlarge_cell_instances: 68 顆細胞, factor=1.50(面積), 中位半徑=26.4px, 外擴=5.9px
2026-07-22 01:43:41,370 - m4_module.cell_crops - INFO - 匯出 53 張 per-cell 影像至 docs/hybrid-pipeline/measurement/runs_cellpose421/large/cell_crops/tile_x0_y14592/cells
2026-07-22 01:43:41,370 - hybrid_pipeline - INFO - Tile tile_x0_y14592 完成: 核心擁有 53 細胞 (53 陽性), 3.17 秒
2026-07-22 01:43:41,626 - hybrid_pipeline - INFO - [9/441] 處理 tile: tile_x0_y15360
2026-07-22 01:43:41,664 - m3_module.m3_elastic_matching - INFO - elastic_dish_nucleus_matching(overlap-first): IHC=68, DISH=49, matched(1核)=39 (其中重疊=39), drop-out(競爭落敗)=15, 無候選(計入)=14, factor=1.50, min_reach=20.0
2026-07-22 01:43:42,454 - m3_module.m3_dot_detection - INFO - detect_all_dots: 紅點=67, 黑點=114, 涉及細胞=68
2026-07-22 01:43:42,610 - m3_module.m3_cells_generator - INFO - All-positive 標註完成: 72 個細胞
2026-07-22 01:43:42,659 - m3_module.m3_cells_generator - INFO - enlarge_cell_instances: 72 顆細胞, factor=1.50(面積), 中位半徑=29.0px, 外擴=6.5px
2026-07-22 01:43:42,709 - m4_module.cell_crops - INFO - 匯出 43 張 per-cell 影像至 docs/hybrid-pipeline/measurement/runs_cellpose421/large/cell_crops/tile_x0_y1536/cells
2026-07-22 01:43:42,709 - hybrid_pipeline - INFO - Tile tile_x0_y1536 完成: 核心擁有 43 細胞 (43 陽性), 2.65 秒
2026-07-22 01:43:43,021 - hybrid_pipeline - INFO - [10/441] 處理 tile: tile_x0_y2304
2026-07-22 01:43:43,057 - m3_module.m3_elastic_matching - INFO - elastic_dish_nucleus_matching(overlap-first): IHC=72, DISH=66, matched(1核)=48 (其中重疊=48), drop-out(競爭落敗)=10, 無候選(計入)=14, factor=1.50, min_reach=20.0
2026-07-22 01:43:43,761 - m3_module.m3_dot_detection - INFO - detect_all_dots: 紅點=45, 黑點=75, 涉及細胞=72
2026-07-22 01:43:43,891 - m3_module.m3_cells_generator - INFO - All-positive 標註完成: 52 個細胞
2026-07-22 01:43:43,940 - m3_module.m3_cells_generator - INFO - enlarge_cell_instances: 52 顆細胞, factor=1.50(面積), 中位半徑=26.3px, 外擴=5.9px
2026-07-22 01:43:43,985 - m4_module.cell_crops - INFO - 匯出 48 張 per-cell 影像至 docs/hybrid-pipeline/measurement/runs_cellpose421/large/cell_crops/tile_x0_y15360/cells
2026-07-22 01:43:43,985 - hybrid_pipeline - INFO - Tile tile_x0_y15360 完成: 核心擁有 48 細胞 (48 陽性), 2.36 秒
2026-07-22 01:43:44,301 - hybrid_pipeline - INFO - [11/441] 處理 tile: tile_x0_y3072
2026-07-22 01:43:44,335 - m3_module.m3_elastic_matching - INFO - elastic_dish_nucleus_matching(overlap-first): IHC=52, DISH=37, matched(1核)=31 (其中重疊=31), drop-out(競爭落敗)=7, 無候選(計入)=14, factor=1.50, min_reach=20.0
2026-07-22 01:43:44,857 - m3_module.m3_dot_detection - INFO - detect_all_dots: 紅點=36, 黑點=62, 涉及細胞=52
2026-07-22 01:43:45,001 - m3_module.m3_cells_generator - INFO - All-positive 標註完成: 87 個細胞
2026-07-22 01:43:45,053 - m4_module.cell_crops - INFO - 匯出 21 張 per-cell 影像至 docs/hybrid-pipeline/measurement/runs_cellpose421/large/cell_crops/tile_x0_y2304/cells
2026-07-22 01:43:45,053 - hybrid_pipeline - INFO - Tile tile_x0_y2304 完成: 核心擁有 21 細胞 (21 陽性), 2.03 秒
2026-07-22 01:43:45,060 - m3_module.m3_cells_generator - INFO - enlarge_cell_instances: 87 顆細胞, factor=1.50(面積), 中位半徑=28.1px, 外擴=6.3px
2026-07-22 01:43:45,426 - hybrid_pipeline - INFO - [12/441] 處理 tile: tile_x0_y3840
2026-07-22 01:43:45,463 - m3_module.m3_elastic_matching - INFO - elastic_dish_nucleus_matching(overlap-first): IHC=87, DISH=71, matched(1核)=58 (其中重疊=57), drop-out(競爭落敗)=19, 無候選(計入)=10, factor=1.50, min_reach=20.0
2026-07-22 01:43:46,428 - m3_module.m3_dot_detection - INFO - detect_all_dots: 紅點=70, 黑點=124, 涉及細胞=87
2026-07-22 01:43:46,579 - m3_module.m3_cells_generator - INFO - All-positive 標註完成: 45 個細胞
2026-07-22 01:43:46,632 - m3_module.m3_cells_generator - INFO - enlarge_cell_instances: 45 顆細胞, factor=1.50(面積), 中位半徑=27.1px, 外擴=6.1px
2026-07-22 01:43:46,706 - m4_module.cell_crops - INFO - 匯出 52 張 per-cell 影像至 docs/hybrid-pipeline/measurement/runs_cellpose421/large/cell_crops/tile_x0_y3072/cells
2026-07-22 01:43:46,706 - hybrid_pipeline - INFO - Tile tile_x0_y3072 完成: 核心擁有 52 細胞 (52 陽性), 2.41 秒
2026-07-22 01:43:46,992 - hybrid_pipeline - INFO - [13/441] 處理 tile: tile_x0_y4608
2026-07-22 01:43:47,025 - m3_module.m3_elastic_matching - INFO - elastic_dish_nucleus_matching(overlap-first): IHC=45, DISH=50, matched(1核)=33 (其中重疊=32), drop-out(競爭落敗)=6, 無候選(計入)=6, factor=1.50, min_reach=20.0
2026-07-22 01:43:47,523 - m3_module.m3_dot_detection - INFO - detect_all_dots: 紅點=30, 黑點=53, 涉及細胞=45
2026-07-22 01:43:47,652 - m3_module.m3_cells_generator - INFO - All-positive 標註完成: 38 個細胞
2026-07-22 01:43:47,707 - m3_module.m3_cells_generator - INFO - enlarge_cell_instances: 38 顆細胞, factor=1.50(面積), 中位半徑=32.3px, 外擴=7.3px
2026-07-22 01:43:47,717 - m4_module.cell_crops - INFO - 匯出 27 張 per-cell 影像至 docs/hybrid-pipeline/measurement/runs_cellpose421/large/cell_crops/tile_x0_y3840/cells
2026-07-22 01:43:47,717 - hybrid_pipeline - INFO - Tile tile_x0_y3840 完成: 核心擁有 27 細胞 (27 陽性), 2.29 秒
2026-07-22 01:43:48,061 - hybrid_pipeline - INFO - [14/441] 處理 tile: tile_x0_y5376
2026-07-22 01:43:48,094 - m3_module.m3_elastic_matching - INFO - elastic_dish_nucleus_matching(overlap-first): IHC=38, DISH=43, matched(1核)=28 (其中重疊=28), drop-out(競爭落敗)=2, 無候選(計入)=8, factor=1.50, min_reach=20.0
2026-07-22 01:43:48,664 - m3_module.m3_dot_detection - INFO - detect_all_dots: 紅點=47, 黑點=73, 涉及細胞=38
2026-07-22 01:43:48,817 - m3_module.m3_cells_generator - INFO - All-positive 標註完成: 91 個細胞
2026-07-22 01:43:48,884 - m3_module.m3_cells_generator - INFO - enlarge_cell_instances: 91 顆細胞, factor=1.50(面積), 中位半徑=28.2px, 外擴=6.3px
2026-07-22 01:43:48,885 - m4_module.cell_crops - INFO - 匯出 31 張 per-cell 影像至 docs/hybrid-pipeline/measurement/runs_cellpose421/large/cell_crops/tile_x0_y4608/cells
2026-07-22 01:43:48,885 - hybrid_pipeline - INFO - Tile tile_x0_y4608 完成: 核心擁有 31 細胞 (31 陽性), 1.89 秒
2026-07-22 01:43:49,241 - hybrid_pipeline - INFO - [15/441] 處理 tile: tile_x0_y6144
2026-07-22 01:43:49,279 - m3_module.m3_elastic_matching - INFO - elastic_dish_nucleus_matching(overlap-first): IHC=91, DISH=63, matched(1核)=56 (其中重疊=56), drop-out(競爭落敗)=13, 無候選(計入)=22, factor=1.50, min_reach=20.0
2026-07-22 01:43:50,437 - m3_module.m3_dot_detection - INFO - detect_all_dots: 紅點=77, 黑點=169, 涉及細胞=91
2026-07-22 01:43:50,606 - m3_module.m3_cells_generator - INFO - All-positive 標註完成: 79 個細胞
2026-07-22 01:43:50,664 - m3_module.m3_cells_generator - INFO - enlarge_cell_instances: 79 顆細胞, factor=1.50(面積), 中位半徑=33.1px, 外擴=7.4px
2026-07-22 01:43:50,726 - m4_module.cell_crops - INFO - 匯出 53 張 per-cell 影像至 docs/hybrid-pipeline/measurement/runs_cellpose421/large/cell_crops/tile_x0_y5376/cells
2026-07-22 01:43:50,726 - hybrid_pipeline - INFO - Tile tile_x0_y5376 完成: 核心擁有 53 細胞 (53 陽性), 2.66 秒
2026-07-22 01:43:51,026 - hybrid_pipeline - INFO - [16/441] 處理 tile: tile_x0_y6912
2026-07-22 01:43:51,066 - m3_module.m3_elastic_matching - INFO - elastic_dish_nucleus_matching(overlap-first): IHC=79, DISH=64, matched(1核)=51 (其中重疊=51), drop-out(競爭落敗)=9, 無候選(計入)=19, factor=1.50, min_reach=20.0
2026-07-22 01:43:52,175 - m3_module.m3_dot_detection - INFO - detect_all_dots: 紅點=68, 黑點=137, 涉及細胞=79
2026-07-22 01:43:52,284 - m3_module.m3_cells_generator - INFO - All-positive 標註完成: 33 個細胞
2026-07-22 01:43:52,333 - m3_module.m3_cells_generator - INFO - enlarge_cell_instances: 33 顆細胞, factor=1.50(面積), 中位半徑=29.4px, 外擴=6.6px
2026-07-22 01:43:52,469 - m4_module.cell_crops - INFO - 匯出 48 張 per-cell 影像至 docs/hybrid-pipeline/measurement/runs_cellpose421/large/cell_crops/tile_x0_y6144/cells
2026-07-22 01:43:52,469 - hybrid_pipeline - INFO - Tile tile_x0_y6144 完成: 核心擁有 48 細胞 (48 陽性), 3.23 秒
2026-07-22 01:43:52,686 - hybrid_pipeline - INFO - [17/441] 處理 tile: tile_x0_y768
2026-07-22 01:43:52,719 - m3_module.m3_elastic_matching - INFO - elastic_dish_nucleus_matching(overlap-first): IHC=33, DISH=32, matched(1核)=25 (其中重疊=25), drop-out(競爭落敗)=3, 無候選(計入)=5, factor=1.50, min_reach=20.0
2026-07-22 01:43:53,204 - m3_module.m3_dot_detection - INFO - detect_all_dots: 紅點=32, 黑點=54, 涉及細胞=33
2026-07-22 01:43:53,333 - m3_module.m3_cells_generator - INFO - All-positive 標註完成: 78 個細胞
2026-07-22 01:43:53,364 - m4_module.cell_crops - INFO - 匯出 20 張 per-cell 影像至 docs/hybrid-pipeline/measurement/runs_cellpose421/large/cell_crops/tile_x0_y6912/cells
2026-07-22 01:43:53,364 - hybrid_pipeline - INFO - Tile tile_x0_y6912 完成: 核心擁有 20 細胞 (20 陽性), 2.34 秒
2026-07-22 01:43:53,392 - m3_module.m3_cells_generator - INFO - enlarge_cell_instances: 78 顆細胞, factor=1.50(面積), 中位半徑=26.3px, 外擴=5.9px
2026-07-22 01:43:53,752 - hybrid_pipeline - INFO - [18/441] 處理 tile: tile_x0_y7680
2026-07-22 01:43:53,787 - m3_module.m3_elastic_matching - INFO - elastic_dish_nucleus_matching(overlap-first): IHC=78, DISH=52, matched(1核)=41 (其中重疊=41), drop-out(競爭落敗)=19, 無候選(計入)=18, factor=1.50, min_reach=20.0
2026-07-22 01:43:54,592 - m3_module.m3_dot_detection - INFO - detect_all_dots: 紅點=60, 黑點=102, 涉及細胞=78
2026-07-22 01:43:54,757 - m3_module.m3_cells_generator - INFO - All-positive 標註完成: 53 個細胞
2026-07-22 01:43:54,808 - m3_module.m3_cells_generator - INFO - enlarge_cell_instances: 53 顆細胞, factor=1.50(面積), 中位半徑=33.2px, 外擴=7.5px
2026-07-22 01:43:54,866 - m4_module.cell_crops - INFO - 匯出 45 張 per-cell 影像至 docs/hybrid-pipeline/measurement/runs_cellpose421/large/cell_crops/tile_x0_y768/cells
2026-07-22 01:43:54,866 - hybrid_pipeline - INFO - Tile tile_x0_y768 完成: 核心擁有 45 細胞 (45 陽性), 2.18 秒
2026-07-22 01:43:55,177 - hybrid_pipeline - INFO - [19/441] 處理 tile: tile_x0_y8448
2026-07-22 01:43:55,219 - m3_module.m3_elastic_matching - INFO - elastic_dish_nucleus_matching(overlap-first): IHC=53, DISH=56, matched(1核)=37 (其中重疊=37), drop-out(競爭落敗)=7, 無候選(計入)=9, factor=1.50, min_reach=20.0
2026-07-22 01:43:55,911 - m3_module.m3_dot_detection - INFO - detect_all_dots: 紅點=54, 黑點=81, 涉及細胞=53
2026-07-22 01:43:56,031 - m3_module.m3_cells_generator - INFO - All-positive 標註完成: 46 個細胞
2026-07-22 01:43:56,084 - m3_module.m3_cells_generator - INFO - enlarge_cell_instances: 46 顆細胞, factor=1.50(面積), 中位半徑=30.4px, 外擴=6.8px
2026-07-22 01:43:56,171 - m4_module.cell_crops - INFO - 匯出 41 張 per-cell 影像至 docs/hybrid-pipeline/measurement/runs_cellpose421/large/cell_crops/tile_x0_y7680/cells
2026-07-22 01:43:56,171 - hybrid_pipeline - INFO - Tile tile_x0_y7680 完成: 核心擁有 41 細胞 (41 陽性), 2.42 秒
2026-07-22 01:43:56,452 - hybrid_pipeline - INFO - [20/441] 處理 tile: tile_x0_y9216
2026-07-22 01:43:56,490 - m3_module.m3_elastic_matching - INFO - elastic_dish_nucleus_matching(overlap-first): IHC=46, DISH=46, matched(1核)=33 (其中重疊=33), drop-out(競爭落敗)=5, 無候選(計入)=8, factor=1.50, min_reach=20.0
2026-07-22 01:43:57,150 - m3_module.m3_dot_detection - INFO - detect_all_dots: 紅點=43, 黑點=66, 涉及細胞=46
2026-07-22 01:43:57,279 - m3_module.m3_cells_generator - INFO - All-positive 標註完成: 46 個細胞
2026-07-22 01:43:57,335 - m3_module.m3_cells_generator - INFO - enlarge_cell_instances: 46 顆細胞, factor=1.50(面積), 中位半徑=31.8px, 外擴=7.1px
2026-07-22 01:43:57,358 - m4_module.cell_crops - INFO - 匯出 27 張 per-cell 影像至 docs/hybrid-pipeline/measurement/runs_cellpose421/large/cell_crops/tile_x0_y8448/cells
2026-07-22 01:43:57,358 - hybrid_pipeline - INFO - Tile tile_x0_y8448 完成: 核心擁有 27 細胞 (27 陽性), 2.18 秒
2026-07-22 01:43:57,701 - hybrid_pipeline - INFO - [21/441] 處理 tile: tile_x0_y9984
2026-07-22 01:43:57,734 - m3_module.m3_elastic_matching - INFO - elastic_dish_nucleus_matching(overlap-first): IHC=46, DISH=36, matched(1核)=28 (其中重疊=28), drop-out(競爭落敗)=9, 無候選(計入)=9, factor=1.50, min_reach=20.0
2026-07-22 01:43:58,232 - m3_module.m3_dot_detection - INFO - detect_all_dots: 紅點=33, 黑點=56, 涉及細胞=46
2026-07-22 01:43:58,383 - m3_module.m3_cells_generator - INFO - All-positive 標註完成: 88 個細胞
2026-07-22 01:43:58,436 - m3_module.m3_cells_generator - INFO - enlarge_cell_instances: 88 顆細胞, factor=1.50(面積), 中位半徑=30.6px, 外擴=6.9px
2026-07-22 01:43:58,445 - m4_module.cell_crops - INFO - 匯出 28 張 per-cell 影像至 docs/hybrid-pipeline/measurement/runs_cellpose421/large/cell_crops/tile_x0_y9216/cells
2026-07-22 01:43:58,445 - hybrid_pipeline - INFO - Tile tile_x0_y9216 完成: 核心擁有 28 細胞 (28 陽性), 1.99 秒
2026-07-22 01:43:58,801 - hybrid_pipeline - INFO - [22/441] 處理 tile: tile_x10752_y0
2026-07-22 01:43:58,837 - m3_module.m3_elastic_matching - INFO - elastic_dish_nucleus_matching(overlap-first): IHC=88, DISH=59, matched(1核)=51 (其中重疊=50), drop-out(競爭落敗)=17, 無候選(計入)=20, factor=1.50, min_reach=20.0
2026-07-22 01:43:59,891 - m3_module.m3_dot_detection - INFO - detect_all_dots: 紅點=64, 黑點=127, 涉及細胞=88
2026-07-22 01:44:00,045 - m3_module.m3_cells_generator - INFO - All-positive 標註完成: 48 個細胞
2026-07-22 01:44:00,094 - m3_module.m3_cells_generator - INFO - enlarge_cell_instances: 48 顆細胞, factor=1.50(面積), 中位半徑=27.2px, 外擴=6.1px
2026-07-22 01:44:00,192 - m4_module.cell_crops - INFO - 匯出 64 張 per-cell 影像至 docs/hybrid-pipeline/measurement/runs_cellpose421/large/cell_crops/tile_x0_y9984/cells
2026-07-22 01:44:00,192 - hybrid_pipeline - INFO - Tile tile_x0_y9984 完成: 核心擁有 64 細胞 (64 陽性), 2.49 秒
2026-07-22 01:44:00,452 - hybrid_pipeline - INFO - [23/441] 處理 tile: tile_x10752_y10752
2026-07-22 01:44:00,489 - m3_module.m3_elastic_matching - INFO - elastic_dish_nucleus_matching(overlap-first): IHC=48, DISH=48, matched(1核)=31 (其中重疊=31), drop-out(競爭落敗)=9, 無候選(計入)=8, factor=1.50, min_reach=20.0
2026-07-22 01:44:00,903 - m3_module.m3_dot_detection - INFO - detect_all_dots: 紅點=27, 黑點=73, 涉及細胞=48
2026-07-22 01:44:01,013 - m3_module.m3_cells_generator - INFO - All-positive 標註完成: 6 個細胞
2026-07-22 01:44:01,046 - m3_module.m3_cells_generator - INFO - enlarge_cell_instances: 6 顆細胞, factor=1.50(面積), 中位半徑=17.6px, 外擴=4.0px
2026-07-22 01:44:01,123 - m4_module.cell_crops - INFO - 匯出 33 張 per-cell 影像至 docs/hybrid-pipeline/measurement/runs_cellpose421/large/cell_crops/tile_x10752_y0/cells
2026-07-22 01:44:01,123 - hybrid_pipeline - INFO - Tile tile_x10752_y0 完成: 核心擁有 33 細胞 (33 陽性), 2.32 秒
2026-07-22 01:44:01,401 - hybrid_pipeline - INFO - [24/441] 處理 tile: tile_x10752_y11520
2026-07-22 01:44:01,430 - m3_module.m3_elastic_matching - INFO - elastic_dish_nucleus_matching(overlap-first): IHC=6, DISH=7, matched(1核)=4 (其中重疊=4), drop-out(競爭落敗)=1, 無候選(計入)=1, factor=1.50, min_reach=20.0
2026-07-22 01:44:01,584 - m3_module.m3_dot_detection - INFO - detect_all_dots: 紅點=2, 黑點=9, 涉及細胞=6
2026-07-22 01:44:01,654 - m4_module.cell_crops - INFO - 匯出 0 張 per-cell 影像至 docs/hybrid-pipeline/measurement/runs_cellpose421/large/cell_crops/tile_x10752_y10752/cells
2026-07-22 01:44:01,655 - hybrid_pipeline - INFO - Tile tile_x10752_y10752 完成: 核心擁有 0 細胞 (0 陽性), 1.20 秒
2026-07-22 01:44:01,665 - cellpose.dynamics - INFO - No cell pixels found.
2026-07-22 01:44:01,710 - m3_module.m3_cells_generator - INFO - All-positive 標註完成: 0 個細胞
2026-07-22 01:44:02,072 - hybrid_pipeline - INFO - [25/441] 處理 tile: tile_x10752_y12288
2026-07-22 01:44:02,214 - m3_module.m3_dot_detection - INFO - detect_all_dots: 紅點=0, 黑點=0, 涉及細胞=0
2026-07-22 01:44:02,244 - m4_module.cell_crops - INFO - 匯出 0 張 per-cell 影像至 docs/hybrid-pipeline/measurement/runs_cellpose421/large/cell_crops/tile_x10752_y11520/cells
2026-07-22 01:44:02,244 - hybrid_pipeline - INFO - Tile tile_x10752_y11520 完成: 核心擁有 0 細胞 (0 陽性), 0.84 秒
2026-07-22 01:44:02,447 - m3_module.m3_cells_generator - INFO - All-positive 標註完成: 30 個細胞
2026-07-22 01:44:02,488 - m3_module.m3_cells_generator - INFO - enlarge_cell_instances: 30 顆細胞, factor=1.50(面積), 中位半徑=23.0px, 外擴=5.2px
2026-07-22 01:44:02,845 - hybrid_pipeline - INFO - [26/441] 處理 tile: tile_x10752_y13056
2026-07-22 01:44:02,876 - m3_module.m3_elastic_matching - INFO - elastic_dish_nucleus_matching(overlap-first): IHC=30, DISH=17, matched(1核)=13 (其中重疊=13), drop-out(競爭落敗)=4, 無候選(計入)=13, factor=1.50, min_reach=20.0
2026-07-22 01:44:03,093 - m3_module.m3_dot_detection - INFO - detect_all_dots: 紅點=13, 黑點=28, 涉及細胞=30
2026-07-22 01:44:03,222 - m4_module.cell_crops - INFO - 匯出 9 張 per-cell 影像至 docs/hybrid-pipeline/measurement/runs_cellpose421/large/cell_crops/tile_x10752_y12288/cells
2026-07-22 01:44:03,222 - hybrid_pipeline - INFO - Tile tile_x10752_y12288 完成: 核心擁有 9 細胞 (9 陽性), 1.15 秒
2026-07-22 01:44:03,229 - m3_module.m3_cells_generator - INFO - All-positive 標註完成: 17 個細胞
2026-07-22 01:44:03,269 - m3_module.m3_cells_generator - INFO - enlarge_cell_instances: 17 顆細胞, factor=1.50(面積), 中位半徑=20.7px, 外擴=4.6px
2026-07-22 01:44:03,622 - hybrid_pipeline - INFO - [27/441] 處理 tile: tile_x10752_y13824
2026-07-22 01:44:03,652 - m3_module.m3_elastic_matching - INFO - elastic_dish_nucleus_matching(overlap-first): IHC=17, DISH=8, matched(1核)=6 (其中重疊=6), drop-out(競爭落敗)=2, 無候選(計入)=9, factor=1.50, min_reach=20.0
2026-07-22 01:44:03,829 - m3_module.m3_dot_detection - INFO - detect_all_dots: 紅點=9, 黑點=21, 涉及細胞=17
2026-07-22 01:44:03,947 - m4_module.cell_crops - INFO - 匯出 4 張 per-cell 影像至 docs/hybrid-pipeline/measurement/runs_cellpose421/large/cell_crops/tile_x10752_y13056/cells
2026-07-22 01:44:03,947 - hybrid_pipeline - INFO - Tile tile_x10752_y13056 完成: 核心擁有 4 細胞 (4 陽性), 1.10 秒
2026-07-22 01:44:04,001 - m3_module.m3_cells_generator - INFO - All-positive 標註完成: 22 個細胞
2026-07-22 01:44:04,039 - m3_module.m3_cells_generator - INFO - enlarge_cell_instances: 22 顆細胞, factor=1.50(面積), 中位半徑=29.9px, 外擴=6.7px
2026-07-22 01:44:04,394 - hybrid_pipeline - INFO - [28/441] 處理 tile: tile_x10752_y14592
2026-07-22 01:44:04,424 - m3_module.m3_elastic_matching - INFO - elastic_dish_nucleus_matching(overlap-first): IHC=22, DISH=16, matched(1核)=12 (其中重疊=12), drop-out(競爭落敗)=3, 無候選(計入)=7, factor=1.50, min_reach=20.0
2026-07-22 01:44:04,670 - m3_module.m3_dot_detection - INFO - detect_all_dots: 紅點=18, 黑點=40, 涉及細胞=22
2026-07-22 01:44:04,775 - m3_module.m3_cells_generator - INFO - All-positive 標註完成: 6 個細胞
2026-07-22 01:44:04,801 - m4_module.cell_crops - INFO - 匯出 10 張 per-cell 影像至 docs/hybrid-pipeline/measurement/runs_cellpose421/large/cell_crops/tile_x10752_y13824/cells
2026-07-22 01:44:04,801 - hybrid_pipeline - INFO - Tile tile_x10752_y13824 完成: 核心擁有 10 細胞 (10 陽性), 1.18 秒
2026-07-22 01:44:04,809 - m3_module.m3_cells_generator - INFO - enlarge_cell_instances: 6 顆細胞, factor=1.50(面積), 中位半徑=19.9px, 外擴=4.5px
2026-07-22 01:44:05,166 - hybrid_pipeline - INFO - [29/441] 處理 tile: tile_x10752_y1536
2026-07-22 01:44:05,196 - m3_module.m3_elastic_matching - INFO - elastic_dish_nucleus_matching(overlap-first): IHC=6, DISH=3, matched(1核)=3 (其中重疊=3), drop-out(競爭落敗)=3, 無候選(計入)=0, factor=1.50, min_reach=20.0
2026-07-22 01:44:05,334 - m3_module.m3_dot_detection - INFO - detect_all_dots: 紅點=3, 黑點=4, 涉及細胞=6
2026-07-22 01:44:05,390 - m4_module.cell_crops - INFO - 匯出 0 張 per-cell 影像至 docs/hybrid-pipeline/measurement/runs_cellpose421/large/cell_crops/tile_x10752_y14592/cells
2026-07-22 01:44:05,390 - hybrid_pipeline - INFO - Tile tile_x10752_y14592 完成: 核心擁有 0 細胞 (0 陽性), 1.00 秒
2026-07-22 01:44:05,534 - m3_module.m3_cells_generator - INFO - All-positive 標註完成: 25 個細胞
2026-07-22 01:44:05,570 - m3_module.m3_cells_generator - INFO - enlarge_cell_instances: 25 顆細胞, factor=1.50(面積), 中位半徑=21.9px, 外擴=4.9px
2026-07-22 01:44:05,925 - hybrid_pipeline - INFO - [30/441] 處理 tile: tile_x10752_y15360
2026-07-22 01:44:05,954 - m3_module.m3_elastic_matching - INFO - elastic_dish_nucleus_matching(overlap-first): IHC=25, DISH=17, matched(1核)=11 (其中重疊=11), drop-out(競爭落敗)=0, 無候選(計入)=14, factor=1.50, min_reach=20.0
2026-07-22 01:44:06,159 - m3_module.m3_dot_detection - INFO - detect_all_dots: 紅點=8, 黑點=18, 涉及細胞=25
2026-07-22 01:44:06,292 - m4_module.cell_crops - INFO - 匯出 2 張 per-cell 影像至 docs/hybrid-pipeline/measurement/runs_cellpose421/large/cell_crops/tile_x10752_y1536/cells
2026-07-22 01:44:06,292 - hybrid_pipeline - INFO - Tile tile_x10752_y1536 完成: 核心擁有 2 細胞 (2 陽性), 1.13 秒
2026-07-22 01:44:06,299 - m3_module.m3_cells_generator - INFO - All-positive 標註完成: 9 個細胞
2026-07-22 01:44:06,336 - m3_module.m3_cells_generator - INFO - enlarge_cell_instances: 9 顆細胞, factor=1.50(面積), 中位半徑=30.2px, 外擴=6.8px
2026-07-22 01:44:06,689 - hybrid_pipeline - INFO - [31/441] 處理 tile: tile_x10752_y2304
2026-07-22 01:44:06,720 - m3_module.m3_elastic_matching - INFO - elastic_dish_nucleus_matching(overlap-first): IHC=9, DISH=7, matched(1核)=7 (其中重疊=7), drop-out(競爭落敗)=1, 無候選(計入)=1, factor=1.50, min_reach=20.0
2026-07-22 01:44:06,872 - m3_module.m3_dot_detection - INFO - detect_all_dots: 紅點=0, 黑點=2, 涉及細胞=9
2026-07-22 01:44:06,953 - m4_module.cell_crops - INFO - 匯出 5 張 per-cell 影像至 docs/hybrid-pipeline/measurement/runs_cellpose421/large/cell_crops/tile_x10752_y15360/cells
2026-07-22 01:44:06,953 - hybrid_pipeline - INFO - Tile tile_x10752_y15360 完成: 核心擁有 5 細胞 (5 陽性), 1.03 秒
2026-07-22 01:44:07,074 - m3_module.m3_cells_generator - INFO - All-positive 標註完成: 54 個細胞
2026-07-22 01:44:07,117 - m3_module.m3_cells_generator - INFO - enlarge_cell_instances: 54 顆細胞, factor=1.50(面積), 中位半徑=24.5px, 外擴=5.5px
2026-07-22 01:44:07,476 - hybrid_pipeline - INFO - [32/441] 處理 tile: tile_x10752_y3072
2026-07-22 01:44:07,508 - m3_module.m3_elastic_matching - INFO - elastic_dish_nucleus_matching(overlap-first): IHC=54, DISH=30, matched(1核)=24 (其中重疊=24), drop-out(競爭落敗)=6, 無候選(計入)=24, factor=1.50, min_reach=20.0
2026-07-22 01:44:07,881 - m3_module.m3_dot_detection - INFO - detect_all_dots: 紅點=26, 黑點=48, 涉及細胞=54
2026-07-22 01:44:08,021 - m3_module.m3_cells_generator - INFO - All-positive 標註完成: 69 個細胞
2026-07-22 01:44:08,056 - m4_module.cell_crops - INFO - 匯出 11 張 per-cell 影像至 docs/hybrid-pipeline/measurement/runs_cellpose421/large/cell_crops/tile_x10752_y2304/cells
2026-07-22 01:44:08,056 - hybrid_pipeline - INFO - Tile tile_x10752_y2304 完成: 核心擁有 11 細胞 (11 陽性), 1.37 秒
2026-07-22 01:44:08,069 - m3_module.m3_cells_generator - INFO - enlarge_cell_instances: 69 顆細胞, factor=1.50(面積), 中位半徑=25.0px, 外擴=5.6px
2026-07-22 01:44:08,428 - hybrid_pipeline - INFO - [33/441] 處理 tile: tile_x10752_y3840
2026-07-22 01:44:08,463 - m3_module.m3_elastic_matching - INFO - elastic_dish_nucleus_matching(overlap-first): IHC=69, DISH=51, matched(1核)=40 (其中重疊=40), drop-out(競爭落敗)=8, 無候選(計入)=21, factor=1.50, min_reach=20.0
2026-07-22 01:44:09,010 - m3_module.m3_dot_detection - INFO - detect_all_dots: 紅點=44, 黑點=70, 涉及細胞=69
2026-07-22 01:44:09,160 - m3_module.m3_cells_generator - INFO - All-positive 標註完成: 63 個細胞
2026-07-22 01:44:09,212 - m3_module.m3_cells_generator - INFO - enlarge_cell_instances: 63 顆細胞, factor=1.50(面積), 中位半徑=29.6px, 外擴=6.7px
2026-07-22 01:44:09,214 - m4_module.cell_crops - INFO - 匯出 26 張 per-cell 影像至 docs/hybrid-pipeline/measurement/runs_cellpose421/large/cell_crops/tile_x10752_y3072/cells
2026-07-22 01:44:09,214 - hybrid_pipeline - INFO - Tile tile_x10752_y3072 完成: 核心擁有 26 細胞 (26 陽性), 1.74 秒
2026-07-22 01:44:09,565 - hybrid_pipeline - INFO - [34/441] 處理 tile: tile_x10752_y4608
2026-07-22 01:44:09,602 - m3_module.m3_elastic_matching - INFO - elastic_dish_nucleus_matching(overlap-first): IHC=63, DISH=49, matched(1核)=41 (其中重疊=41), drop-out(競爭落敗)=13, 無候選(計入)=9, factor=1.50, min_reach=20.0
2026-07-22 01:44:10,195 - m3_module.m3_dot_detection - INFO - detect_all_dots: 紅點=31, 黑點=66, 涉及細胞=63
2026-07-22 01:44:10,348 - m3_module.m3_cells_generator - INFO - All-positive 標註完成: 83 個細胞
2026-07-22 01:44:10,403 - m3_module.m3_cells_generator - INFO - enlarge_cell_instances: 83 顆細胞, factor=1.50(面積), 中位半徑=29.6px, 外擴=6.7px
2026-07-22 01:44:10,428 - m4_module.cell_crops - INFO - 匯出 30 張 per-cell 影像至 docs/hybrid-pipeline/measurement/runs_cellpose421/large/cell_crops/tile_x10752_y3840/cells
2026-07-22 01:44:10,428 - hybrid_pipeline - INFO - Tile tile_x10752_y3840 完成: 核心擁有 30 細胞 (30 陽性), 2.00 秒
2026-07-22 01:44:10,758 - hybrid_pipeline - INFO - [35/441] 處理 tile: tile_x10752_y5376
2026-07-22 01:44:10,794 - m3_module.m3_elastic_matching - INFO - elastic_dish_nucleus_matching(overlap-first): IHC=83, DISH=54, matched(1核)=45 (其中重疊=45), drop-out(競爭落敗)=12, 無候選(計入)=26, factor=1.50, min_reach=20.0
2026-07-22 01:44:11,566 - m3_module.m3_dot_detection - INFO - detect_all_dots: 紅點=47, 黑點=104, 涉及細胞=83
2026-07-22 01:44:11,717 - m3_module.m3_cells_generator - INFO - All-positive 標註完成: 98 個細胞
2026-07-22 01:44:11,779 - m3_module.m3_cells_generator - INFO - enlarge_cell_instances: 98 顆細胞, factor=1.50(面積), 中位半徑=31.1px, 外擴=7.0px
2026-07-22 01:44:11,870 - m4_module.cell_crops - INFO - 匯出 50 張 per-cell 影像至 docs/hybrid-pipeline/measurement/runs_cellpose421/large/cell_crops/tile_x10752_y4608/cells
2026-07-22 01:44:11,870 - hybrid_pipeline - INFO - Tile tile_x10752_y4608 完成: 核心擁有 50 細胞 (50 陽性), 2.30 秒
2026-07-22 01:44:12,145 - hybrid_pipeline - INFO - [36/441] 處理 tile: tile_x10752_y6144
2026-07-22 01:44:12,182 - m3_module.m3_elastic_matching - INFO - elastic_dish_nucleus_matching(overlap-first): IHC=98, DISH=68, matched(1核)=49 (其中重疊=49), drop-out(競爭落敗)=22, 無候選(計入)=27, factor=1.50, min_reach=20.0
2026-07-22 01:44:12,999 - m3_module.m3_dot_detection - INFO - detect_all_dots: 紅點=52, 黑點=103, 涉及細胞=98
2026-07-22 01:44:13,172 - m3_module.m3_cells_generator - INFO - All-positive 標註完成: 148 個細胞
2026-07-22 01:44:13,240 - m3_module.m3_cells_generator - INFO - enlarge_cell_instances: 148 顆細胞, factor=1.50(面積), 中位半徑=28.5px, 外擴=6.4px
2026-07-22 01:44:13,341 - m4_module.cell_crops - INFO - 匯出 61 張 per-cell 影像至 docs/hybrid-pipeline/measurement/runs_cellpose421/large/cell_crops/tile_x10752_y5376/cells
2026-07-22 01:44:13,341 - hybrid_pipeline - INFO - Tile tile_x10752_y5376 完成: 核心擁有 61 細胞 (61 陽性), 2.58 秒
2026-07-22 01:44:13,601 - hybrid_pipeline - INFO - [37/441] 處理 tile: tile_x10752_y6912
2026-07-22 01:44:13,639 - m3_module.m3_elastic_matching - INFO - elastic_dish_nucleus_matching(overlap-first): IHC=148, DISH=94, matched(1核)=80 (其中重疊=80), drop-out(競爭落敗)=31, 無候選(計入)=37, factor=1.50, min_reach=20.0
2026-07-22 01:44:14,959 - m3_module.m3_dot_detection - INFO - detect_all_dots: 紅點=98, 黑點=219, 涉及細胞=148
2026-07-22 01:44:15,098 - m3_module.m3_cells_generator - INFO - All-positive 標註完成: 40 個細胞
2026-07-22 01:44:15,150 - m3_module.m3_cells_generator - INFO - enlarge_cell_instances: 40 顆細胞, factor=1.50(面積), 中位半徑=27.0px, 外擴=6.1px
2026-07-22 01:44:15,416 - m4_module.cell_crops - INFO - 匯出 87 張 per-cell 影像至 docs/hybrid-pipeline/measurement/runs_cellpose421/large/cell_crops/tile_x10752_y6144/cells
2026-07-22 01:44:15,416 - hybrid_pipeline - INFO - Tile tile_x10752_y6144 完成: 核心擁有 87 細胞 (87 陽性), 3.27 秒
2026-07-22 01:44:15,517 - hybrid_pipeline - INFO - [38/441] 處理 tile: tile_x10752_y768
2026-07-22 01:44:15,549 - m3_module.m3_elastic_matching - INFO - elastic_dish_nucleus_matching(overlap-first): IHC=40, DISH=37, matched(1核)=24 (其中重疊=24), drop-out(競爭落敗)=4, 無候選(計入)=12, factor=1.50, min_reach=20.0
2026-07-22 01:44:16,058 - m3_module.m3_dot_detection - INFO - detect_all_dots: 紅點=36, 黑點=72, 涉及細胞=40
2026-07-22 01:44:16,166 - m3_module.m3_cells_generator - INFO - All-positive 標註完成: 33 個細胞
2026-07-22 01:44:16,208 - m3_module.m3_cells_generator - INFO - enlarge_cell_instances: 33 顆細胞, factor=1.50(面積), 中位半徑=24.0px, 外擴=5.4px
2026-07-22 01:44:16,253 - m4_module.cell_crops - INFO - 匯出 18 張 per-cell 影像至 docs/hybrid-pipeline/measurement/runs_cellpose421/large/cell_crops/tile_x10752_y6912/cells
2026-07-22 01:44:16,253 - hybrid_pipeline - INFO - Tile tile_x10752_y6912 完成: 核心擁有 18 細胞 (18 陽性), 2.65 秒
2026-07-22 01:44:16,576 - hybrid_pipeline - INFO - [39/441] 處理 tile: tile_x10752_y7680
2026-07-22 01:44:16,609 - m3_module.m3_elastic_matching - INFO - elastic_dish_nucleus_matching(overlap-first): IHC=33, DISH=36, matched(1核)=22 (其中重疊=22), drop-out(競爭落敗)=2, 無候選(計入)=9, factor=1.50, min_reach=20.0
2026-07-22 01:44:17,135 - m3_module.m3_dot_detection - INFO - detect_all_dots: 紅點=27, 黑點=55, 涉及細胞=33
2026-07-22 01:44:17,304 - m4_module.cell_crops - INFO - 匯出 25 張 per-cell 影像至 docs/hybrid-pipeline/measurement/runs_cellpose421/large/cell_crops/tile_x10752_y768/cells
2026-07-22 01:44:17,304 - hybrid_pipeline - INFO - Tile tile_x10752_y768 完成: 核心擁有 25 細胞 (25 陽性), 1.79 秒
2026-07-22 01:44:17,304 - hybrid_pipeline - INFO - [40/441] 處理 tile: tile_x10752_y8448
2026-07-22 01:44:17,330 - hybrid_pipeline - INFO - Tile tile_x10752_y7680: 核心遮罩全空 → 空白 placeholder
2026-07-22 01:44:17,673 - m3_module.m3_cells_generator - INFO - All-positive 標註完成: 51 個細胞
2026-07-22 01:44:17,725 - m3_module.m3_cells_generator - INFO - enlarge_cell_instances: 51 顆細胞, factor=1.50(面積), 中位半徑=29.1px, 外擴=6.5px
2026-07-22 01:44:18,081 - hybrid_pipeline - INFO - [41/441] 處理 tile: tile_x10752_y9216
2026-07-22 01:44:18,112 - m3_module.m3_elastic_matching - INFO - elastic_dish_nucleus_matching(overlap-first): IHC=51, DISH=41, matched(1核)=25 (其中重疊=25), drop-out(競爭落敗)=7, 無候選(計入)=19, factor=1.50, min_reach=20.0
2026-07-22 01:44:18,627 - m3_module.m3_dot_detection - INFO - detect_all_dots: 紅點=26, 黑點=61, 涉及細胞=51
2026-07-22 01:44:18,767 - m3_module.m3_cells_generator - INFO - All-positive 標註完成: 79 個細胞
2026-07-22 01:44:18,821 - m3_module.m3_cells_generator - INFO - enlarge_cell_instances: 79 顆細胞, factor=1.50(面積), 中位半徑=28.3px, 外擴=6.4px
2026-07-22 01:44:18,866 - m4_module.cell_crops - INFO - 匯出 33 張 per-cell 影像至 docs/hybrid-pipeline/measurement/runs_cellpose421/large/cell_crops/tile_x10752_y8448/cells
2026-07-22 01:44:18,866 - hybrid_pipeline - INFO - Tile tile_x10752_y8448 完成: 核心擁有 33 細胞 (33 陽性), 1.56 秒
2026-07-22 01:44:19,186 - hybrid_pipeline - INFO - [42/441] 處理 tile: tile_x10752_y9984
2026-07-22 01:44:19,222 - m3_module.m3_elastic_matching - INFO - elastic_dish_nucleus_matching(overlap-first): IHC=79, DISH=69, matched(1核)=52 (其中重疊=52), drop-out(競爭落敗)=15, 無候選(計入)=12, factor=1.50, min_reach=20.0
2026-07-22 01:44:20,115 - m3_module.m3_dot_detection - INFO - detect_all_dots: 紅點=58, 黑點=143, 涉及細胞=79
2026-07-22 01:44:20,263 - m3_module.m3_cells_generator - INFO - All-positive 標註完成: 46 個細胞
2026-07-22 01:44:20,312 - m3_module.m3_cells_generator - INFO - enlarge_cell_instances: 46 顆細胞, factor=1.50(面積), 中位半徑=31.2px, 外擴=7.0px
2026-07-22 01:44:20,438 - m4_module.cell_crops - INFO - 匯出 47 張 per-cell 影像至 docs/hybrid-pipeline/measurement/runs_cellpose421/large/cell_crops/tile_x10752_y9216/cells
2026-07-22 01:44:20,438 - hybrid_pipeline - INFO - Tile tile_x10752_y9216 完成: 核心擁有 47 細胞 (47 陽性), 2.36 秒
2026-07-22 01:44:20,674 - hybrid_pipeline - INFO - [43/441] 處理 tile: tile_x11520_y0
2026-07-22 01:44:20,709 - m3_module.m3_elastic_matching - INFO - elastic_dish_nucleus_matching(overlap-first): IHC=46, DISH=44, matched(1核)=32 (其中重疊=32), drop-out(競爭落敗)=8, 無候選(計入)=6, factor=1.50, min_reach=20.0
2026-07-22 01:44:21,326 - cellpose.dynamics - INFO - No cell pixels found.
2026-07-22 01:44:21,448 - m3_module.m3_cells_generator - INFO - All-positive 標註完成: 0 個細胞
2026-07-22 01:44:21,451 - m3_module.m3_dot_detection - INFO - detect_all_dots: 紅點=44, 黑點=115, 涉及細胞=46
2026-07-22 01:44:21,698 - m4_module.cell_crops - INFO - 匯出 30 張 per-cell 影像至 docs/hybrid-pipeline/measurement/runs_cellpose421/large/cell_crops/tile_x10752_y9984/cells
2026-07-22 01:44:21,698 - hybrid_pipeline - INFO - Tile tile_x10752_y9984 完成: 核心擁有 30 細胞 (30 陽性), 2.51 秒
2026-07-22 01:44:21,832 - hybrid_pipeline - INFO - [44/441] 處理 tile: tile_x11520_y10752
2026-07-22 01:44:21,967 - m3_module.m3_dot_detection - INFO - detect_all_dots: 紅點=0, 黑點=0, 涉及細胞=0
2026-07-22 01:44:21,995 - m4_module.cell_crops - INFO - 匯出 0 張 per-cell 影像至 docs/hybrid-pipeline/measurement/runs_cellpose421/large/cell_crops/tile_x11520_y0/cells
2026-07-22 01:44:21,995 - hybrid_pipeline - INFO - Tile tile_x11520_y0 完成: 核心擁有 0 細胞 (0 陽性), 1.32 秒
2026-07-22 01:44:22,183 - m3_module.m3_cells_generator - INFO - All-positive 標註完成: 5 個細胞
2026-07-22 01:44:22,215 - m3_module.m3_cells_generator - INFO - enlarge_cell_instances: 5 顆細胞, factor=1.50(面積), 中位半徑=21.1px, 外擴=4.7px
2026-07-22 01:44:22,563 - hybrid_pipeline - INFO - [45/441] 處理 tile: tile_x11520_y11520
2026-07-22 01:44:22,591 - m3_module.m3_elastic_matching - INFO - elastic_dish_nucleus_matching(overlap-first): IHC=5, DISH=1, matched(1核)=1 (其中重疊=1), drop-out(競爭落敗)=0, 無候選(計入)=4, factor=1.50, min_reach=20.0
2026-07-22 01:44:22,727 - m3_module.m3_dot_detection - INFO - detect_all_dots: 紅點=0, 黑點=0, 涉及細胞=5
2026-07-22 01:44:22,804 - m4_module.cell_crops - INFO - 匯出 3 張 per-cell 影像至 docs/hybrid-pipeline/measurement/runs_cellpose421/large/cell_crops/tile_x11520_y10752/cells
2026-07-22 01:44:22,805 - hybrid_pipeline - INFO - Tile tile_x11520_y10752 完成: 核心擁有 3 細胞 (3 陽性), 0.97 秒
2026-07-22 01:44:22,933 - m3_module.m3_cells_generator - INFO - All-positive 標註完成: 32 個細胞
2026-07-22 01:44:22,982 - m3_module.m3_cells_generator - INFO - enlarge_cell_instances: 32 顆細胞, factor=1.50(面積), 中位半徑=24.3px, 外擴=5.5px
2026-07-22 01:44:23,342 - hybrid_pipeline - INFO - [46/441] 處理 tile: tile_x11520_y12288
2026-07-22 01:44:23,372 - m3_module.m3_elastic_matching - INFO - elastic_dish_nucleus_matching(overlap-first): IHC=32, DISH=18, matched(1核)=14 (其中重疊=14), drop-out(競爭落敗)=6, 無候選(計入)=12, factor=1.50, min_reach=20.0
2026-07-22 01:44:23,634 - m3_module.m3_dot_detection - INFO - detect_all_dots: 紅點=11, 黑點=27, 涉及細胞=32
2026-07-22 01:44:23,768 - m4_module.cell_crops - INFO - 匯出 9 張 per-cell 影像至 docs/hybrid-pipeline/measurement/runs_cellpose421/large/cell_crops/tile_x11520_y11520/cells
2026-07-22 01:44:23,768 - hybrid_pipeline - INFO - Tile tile_x11520_y11520 完成: 核心擁有 9 細胞 (9 陽性), 1.20 秒
2026-07-22 01:44:23,815 - m3_module.m3_cells_generator - INFO - All-positive 標註完成: 93 個細胞
2026-07-22 01:44:23,873 - m3_module.m3_cells_generator - INFO - enlarge_cell_instances: 93 顆細胞, factor=1.50(面積), 中位半徑=27.2px, 外擴=6.1px
2026-07-22 01:44:24,228 - hybrid_pipeline - INFO - [47/441] 處理 tile: tile_x11520_y13056
2026-07-22 01:44:24,263 - m3_module.m3_elastic_matching - INFO - elastic_dish_nucleus_matching(overlap-first): IHC=93, DISH=66, matched(1核)=52 (其中重疊=52), drop-out(競爭落敗)=20, 無候選(計入)=21, factor=1.50, min_reach=20.0
2026-07-22 01:44:25,011 - m3_module.m3_dot_detection - INFO - detect_all_dots: 紅點=48, 黑點=124, 涉及細胞=93
2026-07-22 01:44:25,158 - m3_module.m3_cells_generator - INFO - All-positive 標註完成: 48 個細胞
2026-07-22 01:44:25,215 - m3_module.m3_cells_generator - INFO - enlarge_cell_instances: 48 顆細胞, factor=1.50(面積), 中位半徑=23.5px, 外擴=5.3px
2026-07-22 01:44:25,363 - m4_module.cell_crops - INFO - 匯出 61 張 per-cell 影像至 docs/hybrid-pipeline/measurement/runs_cellpose421/large/cell_crops/tile_x11520_y12288/cells
2026-07-22 01:44:25,363 - hybrid_pipeline - INFO - Tile tile_x11520_y12288 完成: 核心擁有 61 細胞 (61 陽性), 2.02 秒
2026-07-22 01:44:25,572 - hybrid_pipeline - INFO - [48/441] 處理 tile: tile_x11520_y13824
2026-07-22 01:44:25,607 - m3_module.m3_elastic_matching - INFO - elastic_dish_nucleus_matching(overlap-first): IHC=48, DISH=33, matched(1核)=24 (其中重疊=23), drop-out(競爭落敗)=8, 無候選(計入)=16, factor=1.50, min_reach=20.0
2026-07-22 01:44:26,103 - m3_module.m3_dot_detection - INFO - detect_all_dots: 紅點=32, 黑點=81, 涉及細胞=48
2026-07-22 01:44:26,267 - m3_module.m3_cells_generator - INFO - All-positive 標註完成: 97 個細胞
2026-07-22 01:44:26,297 - m4_module.cell_crops - INFO - 匯出 15 張 per-cell 影像至 docs/hybrid-pipeline/measurement/runs_cellpose421/large/cell_crops/tile_x11520_y13056/cells
2026-07-22 01:44:26,297 - hybrid_pipeline - INFO - Tile tile_x11520_y13056 完成: 核心擁有 15 細胞 (15 陽性), 2.07 秒
2026-07-22 01:44:26,328 - m3_module.m3_cells_generator - INFO - enlarge_cell_instances: 97 顆細胞, factor=1.50(面積), 中位半徑=29.4px, 外擴=6.6px
2026-07-22 01:44:26,688 - hybrid_pipeline - INFO - [49/441] 處理 tile: tile_x11520_y14592
2026-07-22 01:44:26,726 - m3_module.m3_elastic_matching - INFO - elastic_dish_nucleus_matching(overlap-first): IHC=97, DISH=72, matched(1核)=59 (其中重疊=59), drop-out(競爭落敗)=15, 無候選(計入)=23, factor=1.50, min_reach=20.0
2026-07-22 01:44:27,932 - m3_module.m3_dot_detection - INFO - detect_all_dots: 紅點=78, 黑點=191, 涉及細胞=97
2026-07-22 01:44:28,079 - m3_module.m3_cells_generator - INFO - All-positive 標註完成: 33 個細胞
2026-07-22 01:44:28,135 - m3_module.m3_cells_generator - INFO - enlarge_cell_instances: 33 顆細胞, factor=1.50(面積), 中位半徑=25.9px, 外擴=5.8px
2026-07-22 01:44:28,349 - m4_module.cell_crops - INFO - 匯出 60 張 per-cell 影像至 docs/hybrid-pipeline/measurement/runs_cellpose421/large/cell_crops/tile_x11520_y13824/cells
2026-07-22 01:44:28,349 - hybrid_pipeline - INFO - Tile tile_x11520_y13824 完成: 核心擁有 60 細胞 (60 陽性), 2.78 秒
2026-07-22 01:44:28,497 - hybrid_pipeline - INFO - [50/441] 處理 tile: tile_x11520_y1536
2026-07-22 01:44:28,530 - m3_module.m3_elastic_matching - INFO - elastic_dish_nucleus_matching(overlap-first): IHC=33, DISH=20, matched(1核)=16 (其中重疊=16), drop-out(競爭落敗)=5, 無候選(計入)=12, factor=1.50, min_reach=20.0
2026-07-22 01:44:28,775 - m3_module.m3_dot_detection - INFO - detect_all_dots: 紅點=12, 黑點=20, 涉及細胞=33
2026-07-22 01:44:28,912 - m3_module.m3_cells_generator - INFO - All-positive 標註完成: 60 個細胞
2026-07-22 01:44:28,923 - m4_module.cell_crops - INFO - 匯出 6 張 per-cell 影像至 docs/hybrid-pipeline/measurement/runs_cellpose421/large/cell_crops/tile_x11520_y14592/cells
2026-07-22 01:44:28,923 - hybrid_pipeline - INFO - Tile tile_x11520_y14592 完成: 核心擁有 6 細胞 (6 陽性), 2.23 秒
2026-07-22 01:44:28,975 - m3_module.m3_cells_generator - INFO - enlarge_cell_instances: 60 顆細胞, factor=1.50(面積), 中位半徑=29.2px, 外擴=6.6px
2026-07-22 01:44:29,327 - hybrid_pipeline - INFO - [51/441] 處理 tile: tile_x11520_y15360
2026-07-22 01:44:29,357 - m3_module.m3_elastic_matching - INFO - elastic_dish_nucleus_matching(overlap-first): IHC=60, DISH=33, matched(1核)=26 (其中重疊=26), drop-out(競爭落敗)=5, 無候選(計入)=29, factor=1.50, min_reach=20.0
2026-07-22 01:44:29,772 - m3_module.m3_dot_detection - INFO - detect_all_dots: 紅點=16, 黑點=44, 涉及細胞=60
2026-07-22 01:44:29,906 - m3_module.m3_cells_generator - INFO - All-positive 標註完成: 51 個細胞
2026-07-22 01:44:29,965 - m3_module.m3_cells_generator - INFO - enlarge_cell_instances: 51 顆細胞, factor=1.50(面積), 中位半徑=24.2px, 外擴=5.4px
2026-07-22 01:44:29,987 - m4_module.cell_crops - INFO - 匯出 39 張 per-cell 影像至 docs/hybrid-pipeline/measurement/runs_cellpose421/large/cell_crops/tile_x11520_y1536/cells
2026-07-22 01:44:29,987 - hybrid_pipeline - INFO - Tile tile_x11520_y1536 完成: 核心擁有 39 細胞 (39 陽性), 1.49 秒
2026-07-22 01:44:30,323 - hybrid_pipeline - INFO - [52/441] 處理 tile: tile_x11520_y2304
2026-07-22 01:44:30,357 - m3_module.m3_elastic_matching - INFO - elastic_dish_nucleus_matching(overlap-first): IHC=51, DISH=40, matched(1核)=28 (其中重疊=27), drop-out(競爭落敗)=7, 無候選(計入)=16, factor=1.50, min_reach=20.0
2026-07-22 01:44:30,740 - m3_module.m3_dot_detection - INFO - detect_all_dots: 紅點=18, 黑點=34, 涉及細胞=51
2026-07-22 01:44:30,929 - m3_module.m3_cells_generator - INFO - All-positive 標註完成: 150 個細胞
2026-07-22 01:44:30,993 - m3_module.m3_cells_generator - INFO - enlarge_cell_instances: 150 顆細胞, factor=1.50(面積), 中位半徑=27.2px, 外擴=6.1px
2026-07-22 01:44:31,006 - m4_module.cell_crops - INFO - 匯出 38 張 per-cell 影像至 docs/hybrid-pipeline/measurement/runs_cellpose421/large/cell_crops/tile_x11520_y15360/cells
2026-07-22 01:44:31,006 - hybrid_pipeline - INFO - Tile tile_x11520_y15360 完成: 核心擁有 38 細胞 (38 陽性), 1.68 秒
2026-07-22 01:44:31,348 - hybrid_pipeline - INFO - [53/441] 處理 tile: tile_x11520_y3072
2026-07-22 01:44:31,388 - m3_module.m3_elastic_matching - INFO - elastic_dish_nucleus_matching(overlap-first): IHC=150, DISH=65, matched(1核)=61 (其中重疊=61), drop-out(競爭落敗)=34, 無候選(計入)=55, factor=1.50, min_reach=20.0
2026-07-22 01:44:32,350 - m3_module.m3_dot_detection - INFO - detect_all_dots: 紅點=51, 黑點=126, 涉及細胞=150
2026-07-22 01:44:32,493 - m3_module.m3_cells_generator - INFO - All-positive 標註完成: 85 個細胞
2026-07-22 01:44:32,551 - m3_module.m3_cells_generator - INFO - enlarge_cell_instances: 85 顆細胞, factor=1.50(面積), 中位半徑=24.2px, 外擴=5.4px
2026-07-22 01:44:32,786 - m4_module.cell_crops - INFO - 匯出 86 張 per-cell 影像至 docs/hybrid-pipeline/measurement/runs_cellpose421/large/cell_crops/tile_x11520_y2304/cells
2026-07-22 01:44:32,786 - hybrid_pipeline - INFO - Tile tile_x11520_y2304 完成: 核心擁有 86 細胞 (86 陽性), 2.46 秒
2026-07-22 01:44:32,919 - hybrid_pipeline - INFO - [54/441] 處理 tile: tile_x11520_y3840
2026-07-22 01:44:32,949 - m3_module.m3_elastic_matching - INFO - elastic_dish_nucleus_matching(overlap-first): IHC=85, DISH=41, matched(1核)=38 (其中重疊=38), drop-out(競爭落敗)=18, 無候選(計入)=29, factor=1.50, min_reach=20.0
2026-07-22 01:44:33,739 - m3_module.m3_dot_detection - INFO - detect_all_dots: 紅點=35, 黑點=92, 涉及細胞=85
2026-07-22 01:44:34,001 - m4_module.cell_crops - INFO - 匯出 46 張 per-cell 影像至 docs/hybrid-pipeline/measurement/runs_cellpose421/large/cell_crops/tile_x11520_y3072/cells
2026-07-22 01:44:34,001 - hybrid_pipeline - INFO - Tile tile_x11520_y3072 完成: 核心擁有 46 細胞 (46 陽性), 2.65 秒
2026-07-22 01:44:34,001 - hybrid_pipeline - INFO - [55/441] 處理 tile: tile_x11520_y4608
2026-07-22 01:44:34,027 - hybrid_pipeline - INFO - Tile tile_x11520_y3840: 核心遮罩全空 → 空白 placeholder
2026-07-22 01:44:34,247 - cellpose.dynamics - INFO - No cell pixels found.
2026-07-22 01:44:34,292 - m3_module.m3_cells_generator - INFO - All-positive 標註完成: 0 個細胞
2026-07-22 01:44:34,653 - hybrid_pipeline - INFO - [56/441] 處理 tile: tile_x11520_y5376
2026-07-22 01:44:34,783 - m3_module.m3_dot_detection - INFO - detect_all_dots: 紅點=0, 黑點=0, 涉及細胞=0
2026-07-22 01:44:34,814 - m4_module.cell_crops - INFO - 匯出 0 張 per-cell 影像至 docs/hybrid-pipeline/measurement/runs_cellpose421/large/cell_crops/tile_x11520_y4608/cells
2026-07-22 01:44:34,814 - hybrid_pipeline - INFO - Tile tile_x11520_y4608 完成: 核心擁有 0 細胞 (0 陽性), 0.81 秒
2026-07-22 01:44:35,024 - m3_module.m3_cells_generator - INFO - All-positive 標註完成: 26 個細胞
2026-07-22 01:44:35,061 - m3_module.m3_cells_generator - INFO - enlarge_cell_instances: 26 顆細胞, factor=1.50(面積), 中位半徑=21.4px, 外擴=4.8px
2026-07-22 01:44:35,414 - hybrid_pipeline - INFO - [57/441] 處理 tile: tile_x11520_y6144
2026-07-22 01:44:35,444 - m3_module.m3_elastic_matching - INFO - elastic_dish_nucleus_matching(overlap-first): IHC=26, DISH=17, matched(1核)=10 (其中重疊=10), drop-out(競爭落敗)=3, 無候選(計入)=13, factor=1.50, min_reach=20.0
2026-07-22 01:44:35,626 - m3_module.m3_dot_detection - INFO - detect_all_dots: 紅點=6, 黑點=11, 涉及細胞=26
2026-07-22 01:44:35,737 - m4_module.cell_crops - INFO - 匯出 8 張 per-cell 影像至 docs/hybrid-pipeline/measurement/runs_cellpose421/large/cell_crops/tile_x11520_y5376/cells
2026-07-22 01:44:35,737 - hybrid_pipeline - INFO - Tile tile_x11520_y5376 完成: 核心擁有 8 細胞 (8 陽性), 1.08 秒
2026-07-22 01:44:35,790 - m3_module.m3_cells_generator - INFO - All-positive 標註完成: 28 個細胞
2026-07-22 01:44:35,828 - m3_module.m3_cells_generator - INFO - enlarge_cell_instances: 28 顆細胞, factor=1.50(面積), 中位半徑=26.1px, 外擴=5.9px
2026-07-22 01:44:36,179 - hybrid_pipeline - INFO - [58/441] 處理 tile: tile_x11520_y6912
2026-07-22 01:44:36,210 - m3_module.m3_elastic_matching - INFO - elastic_dish_nucleus_matching(overlap-first): IHC=28, DISH=25, matched(1核)=15 (其中重疊=15), drop-out(競爭落敗)=1, 無候選(計入)=12, factor=1.50, min_reach=20.0
2026-07-22 01:44:36,452 - m3_module.m3_dot_detection - INFO - detect_all_dots: 紅點=11, 黑點=24, 涉及細胞=28
2026-07-22 01:44:36,562 - m3_module.m3_cells_generator - INFO - All-positive 標註完成: 6 個細胞
2026-07-22 01:44:36,596 - m3_module.m3_cells_generator - INFO - enlarge_cell_instances: 6 顆細胞, factor=1.50(面積), 中位半徑=20.9px, 外擴=4.7px
2026-07-22 01:44:36,600 - m4_module.cell_crops - INFO - 匯出 14 張 per-cell 影像至 docs/hybrid-pipeline/measurement/runs_cellpose421/large/cell_crops/tile_x11520_y6144/cells
2026-07-22 01:44:36,600 - hybrid_pipeline - INFO - Tile tile_x11520_y6144 完成: 核心擁有 14 細胞 (14 陽性), 1.19 秒
2026-07-22 01:44:36,952 - hybrid_pipeline - INFO - [59/441] 處理 tile: tile_x11520_y768
2026-07-22 01:44:36,982 - m3_module.m3_elastic_matching - INFO - elastic_dish_nucleus_matching(overlap-first): IHC=6, DISH=3, matched(1核)=2 (其中重疊=2), drop-out(競爭落敗)=0, 無候選(計入)=4, factor=1.50, min_reach=20.0
2026-07-22 01:44:37,120 - m3_module.m3_dot_detection - INFO - detect_all_dots: 紅點=6, 黑點=9, 涉及細胞=6
2026-07-22 01:44:37,184 - m4_module.cell_crops - INFO - 匯出 0 張 per-cell 影像至 docs/hybrid-pipeline/measurement/runs_cellpose421/large/cell_crops/tile_x11520_y6912/cells
2026-07-22 01:44:37,184 - hybrid_pipeline - INFO - Tile tile_x11520_y6912 完成: 核心擁有 0 細胞 (0 陽性), 1.00 秒
2026-07-22 01:44:37,296 - m3_module.m3_cells_generator - INFO - All-positive 標註完成: 3 個細胞
2026-07-22 01:44:37,326 - m3_module.m3_cells_generator - INFO - enlarge_cell_instances: 3 顆細胞, factor=1.50(面積), 中位半徑=11.5px, 外擴=2.6px
2026-07-22 01:44:37,679 - hybrid_pipeline - INFO - [60/441] 處理 tile: tile_x11520_y7680
2026-07-22 01:44:37,814 - m3_module.m3_dot_detection - INFO - detect_all_dots: 紅點=0, 黑點=0, 涉及細胞=3
2026-07-22 01:44:37,856 - m4_module.cell_crops - INFO - 匯出 2 張 per-cell 影像至 docs/hybrid-pipeline/measurement/runs_cellpose421/large/cell_crops/tile_x11520_y768/cells
2026-07-22 01:44:37,856 - hybrid_pipeline - INFO - Tile tile_x11520_y768 完成: 核心擁有 2 細胞 (2 陽性), 0.90 秒
2026-07-22 01:44:37,931 - cellpose.dynamics - INFO - No cell pixels found.
2026-07-22 01:44:37,974 - m3_module.m3_cells_generator - INFO - All-positive 標註完成: 0 個細胞
2026-07-22 01:44:38,336 - hybrid_pipeline - INFO - [61/441] 處理 tile: tile_x11520_y8448
2026-07-22 01:44:38,487 - m3_module.m3_dot_detection - INFO - detect_all_dots: 紅點=0, 黑點=0, 涉及細胞=0
2026-07-22 01:44:38,522 - m4_module.cell_crops - INFO - 匯出 0 張 per-cell 影像至 docs/hybrid-pipeline/measurement/runs_cellpose421/large/cell_crops/tile_x11520_y7680/cells
2026-07-22 01:44:38,522 - hybrid_pipeline - INFO - Tile tile_x11520_y7680 完成: 核心擁有 0 細胞 (0 陽性), 0.84 秒
2026-07-22 01:44:38,605 - cellpose.dynamics - WARNING - no seeds found in get_masks_torch - no masks found.
2026-07-22 01:44:38,648 - m3_module.m3_cells_generator - INFO - All-positive 標註完成: 0 個細胞
2026-07-22 01:44:39,020 - hybrid_pipeline - INFO - [62/441] 處理 tile: tile_x11520_y9216
2026-07-22 01:44:39,157 - m3_module.m3_dot_detection - INFO - detect_all_dots: 紅點=0, 黑點=0, 涉及細胞=0
2026-07-22 01:44:39,190 - m4_module.cell_crops - INFO - 匯出 0 張 per-cell 影像至 docs/hybrid-pipeline/measurement/runs_cellpose421/large/cell_crops/tile_x11520_y8448/cells
2026-07-22 01:44:39,190 - hybrid_pipeline - INFO - Tile tile_x11520_y8448 完成: 核心擁有 0 細胞 (0 陽性), 0.85 秒
2026-07-22 01:44:39,276 - cellpose.dynamics - INFO - No cell pixels found.
2026-07-22 01:44:39,319 - m3_module.m3_cells_generator - INFO - All-positive 標註完成: 0 個細胞
2026-07-22 01:44:39,675 - hybrid_pipeline - INFO - [63/441] 處理 tile: tile_x11520_y9984
2026-07-22 01:44:39,811 - m3_module.m3_dot_detection - INFO - detect_all_dots: 紅點=0, 黑點=0, 涉及細胞=0
2026-07-22 01:44:39,847 - m4_module.cell_crops - INFO - 匯出 0 張 per-cell 影像至 docs/hybrid-pipeline/measurement/runs_cellpose421/large/cell_crops/tile_x11520_y9216/cells
2026-07-22 01:44:39,847 - hybrid_pipeline - INFO - Tile tile_x11520_y9216 完成: 核心擁有 0 細胞 (0 陽性), 0.83 秒
2026-07-22 01:44:40,046 - m3_module.m3_cells_generator - INFO - All-positive 標註完成: 19 個細胞
2026-07-22 01:44:40,081 - m3_module.m3_cells_generator - INFO - enlarge_cell_instances: 19 顆細胞, factor=1.50(面積), 中位半徑=25.0px, 外擴=5.6px
2026-07-22 01:44:40,434 - hybrid_pipeline - INFO - [64/441] 處理 tile: tile_x12288_y0
2026-07-22 01:44:40,463 - m3_module.m3_elastic_matching - INFO - elastic_dish_nucleus_matching(overlap-first): IHC=19, DISH=18, matched(1核)=12 (其中重疊=12), drop-out(競爭落敗)=4, 無候選(計入)=3, factor=1.50, min_reach=20.0
2026-07-22 01:44:40,740 - m3_module.m3_dot_detection - INFO - detect_all_dots: 紅點=12, 黑點=32, 涉及細胞=19
2026-07-22 01:44:40,743 - cellpose.dynamics - INFO - No cell pixels found.
2026-07-22 01:44:40,791 - m3_module.m3_cells_generator - INFO - All-positive 標註完成: 0 個細胞
2026-07-22 01:44:40,858 - m4_module.cell_crops - INFO - 匯出 9 張 per-cell 影像至 docs/hybrid-pipeline/measurement/runs_cellpose421/large/cell_crops/tile_x11520_y9984/cells
2026-07-22 01:44:40,858 - hybrid_pipeline - INFO - Tile tile_x11520_y9984 完成: 核心擁有 9 細胞 (9 陽性), 1.18 秒
2026-07-22 01:44:41,153 - hybrid_pipeline - INFO - [65/441] 處理 tile: tile_x12288_y10752
2026-07-22 01:44:41,287 - m3_module.m3_dot_detection - INFO - detect_all_dots: 紅點=0, 黑點=0, 涉及細胞=0
2026-07-22 01:44:41,318 - m4_module.cell_crops - INFO - 匯出 0 張 per-cell 影像至 docs/hybrid-pipeline/measurement/runs_cellpose421/large/cell_crops/tile_x12288_y0/cells
2026-07-22 01:44:41,318 - hybrid_pipeline - INFO - Tile tile_x12288_y0 完成: 核心擁有 0 細胞 (0 陽性), 0.88 秒
2026-07-22 01:44:41,516 - m3_module.m3_cells_generator - INFO - All-positive 標註完成: 3 個細胞
2026-07-22 01:44:41,550 - m3_module.m3_cells_generator - INFO - enlarge_cell_instances: 3 顆細胞, factor=1.50(面積), 中位半徑=18.8px, 外擴=4.2px
2026-07-22 01:44:41,900 - hybrid_pipeline - INFO - [66/441] 處理 tile: tile_x12288_y11520
2026-07-22 01:44:41,927 - m3_module.m3_elastic_matching - INFO - elastic_dish_nucleus_matching(overlap-first): IHC=3, DISH=1, matched(1核)=0 (其中重疊=0), drop-out(競爭落敗)=0, 無候選(計入)=3, factor=1.50, min_reach=20.0
2026-07-22 01:44:42,041 - m3_module.m3_dot_detection - INFO - detect_all_dots: 紅點=0, 黑點=0, 涉及細胞=3
2026-07-22 01:44:42,098 - m4_module.cell_crops - INFO - 匯出 0 張 per-cell 影像至 docs/hybrid-pipeline/measurement/runs_cellpose421/large/cell_crops/tile_x12288_y10752/cells
2026-07-22 01:44:42,098 - hybrid_pipeline - INFO - Tile tile_x12288_y10752 完成: 核心擁有 0 細胞 (0 陽性), 0.94 秒
2026-07-22 01:44:42,291 - m3_module.m3_cells_generator - INFO - All-positive 標註完成: 68 個細胞
2026-07-22 01:44:42,350 - m3_module.m3_cells_generator - INFO - enlarge_cell_instances: 68 顆細胞, factor=1.50(面積), 中位半徑=27.0px, 外擴=6.1px
2026-07-22 01:44:42,702 - hybrid_pipeline - INFO - [67/441] 處理 tile: tile_x12288_y12288
2026-07-22 01:44:42,736 - m3_module.m3_elastic_matching - INFO - elastic_dish_nucleus_matching(overlap-first): IHC=68, DISH=54, matched(1核)=40 (其中重疊=40), drop-out(競爭落敗)=17, 無候選(計入)=11, factor=1.50, min_reach=20.0
2026-07-22 01:44:43,432 - m3_module.m3_dot_detection - INFO - detect_all_dots: 紅點=40, 黑點=95, 涉及細胞=68
2026-07-22 01:44:43,572 - m3_module.m3_cells_generator - INFO - All-positive 標註完成: 87 個細胞
2026-07-22 01:44:43,631 - m3_module.m3_cells_generator - INFO - enlarge_cell_instances: 87 顆細胞, factor=1.50(面積), 中位半徑=29.5px, 外擴=6.6px
2026-07-22 01:44:43,691 - m4_module.cell_crops - INFO - 匯出 43 張 per-cell 影像至 docs/hybrid-pipeline/measurement/runs_cellpose421/large/cell_crops/tile_x12288_y11520/cells
2026-07-22 01:44:43,691 - hybrid_pipeline - INFO - Tile tile_x12288_y11520 完成: 核心擁有 43 細胞 (43 陽性), 1.79 秒
2026-07-22 01:44:43,994 - hybrid_pipeline - INFO - [68/441] 處理 tile: tile_x12288_y13056
2026-07-22 01:44:44,032 - m3_module.m3_elastic_matching - INFO - elastic_dish_nucleus_matching(overlap-first): IHC=87, DISH=101, matched(1核)=60 (其中重疊=60), drop-out(競爭落敗)=9, 無候選(計入)=18, factor=1.50, min_reach=20.0
2026-07-22 01:44:44,977 - m3_module.m3_dot_detection - INFO - detect_all_dots: 紅點=43, 黑點=124, 涉及細胞=87
2026-07-22 01:44:45,160 - m3_module.m3_cells_generator - INFO - All-positive 標註完成: 81 個細胞
2026-07-22 01:44:45,220 - m3_module.m3_cells_generator - INFO - enlarge_cell_instances: 81 顆細胞, factor=1.50(面積), 中位半徑=36.8px, 外擴=8.3px
2026-07-22 01:44:45,331 - m4_module.cell_crops - INFO - 匯出 46 張 per-cell 影像至 docs/hybrid-pipeline/measurement/runs_cellpose421/large/cell_crops/tile_x12288_y12288/cells
2026-07-22 01:44:45,331 - hybrid_pipeline - INFO - Tile tile_x12288_y12288 完成: 核心擁有 46 細胞 (46 陽性), 2.63 秒
2026-07-22 01:44:45,583 - hybrid_pipeline - INFO - [69/441] 處理 tile: tile_x12288_y13824
2026-07-22 01:44:45,621 - m3_module.m3_elastic_matching - INFO - elastic_dish_nucleus_matching(overlap-first): IHC=81, DISH=53, matched(1核)=46 (其中重疊=45), drop-out(競爭落敗)=14, 無候選(計入)=21, factor=1.50, min_reach=20.0
2026-07-22 01:44:46,507 - m3_module.m3_dot_detection - INFO - detect_all_dots: 紅點=52, 黑點=124, 涉及細胞=81
2026-07-22 01:44:46,689 - m3_module.m3_cells_generator - INFO - All-positive 標註完成: 96 個細胞
2026-07-22 01:44:46,749 - m3_module.m3_cells_generator - INFO - enlarge_cell_instances: 96 顆細胞, factor=1.50(面積), 中位半徑=32.4px, 外擴=7.3px
2026-07-22 01:44:46,852 - m4_module.cell_crops - INFO - 匯出 48 張 per-cell 影像至 docs/hybrid-pipeline/measurement/runs_cellpose421/large/cell_crops/tile_x12288_y13056/cells
2026-07-22 01:44:46,852 - hybrid_pipeline - INFO - Tile tile_x12288_y13056 完成: 核心擁有 48 細胞 (48 陽性), 2.86 秒
2026-07-22 01:44:47,114 - hybrid_pipeline - INFO - [70/441] 處理 tile: tile_x12288_y14592
2026-07-22 01:44:47,152 - m3_module.m3_elastic_matching - INFO - elastic_dish_nucleus_matching(overlap-first): IHC=96, DISH=69, matched(1核)=57 (其中重疊=57), drop-out(競爭落敗)=17, 無候選(計入)=22, factor=1.50, min_reach=20.0
2026-07-22 01:44:48,279 - m3_module.m3_dot_detection - INFO - detect_all_dots: 紅點=70, 黑點=146, 涉及細胞=96
2026-07-22 01:44:48,387 - m3_module.m3_cells_generator - INFO - All-positive 標註完成: 38 個細胞
2026-07-22 01:44:48,442 - m3_module.m3_cells_generator - INFO - enlarge_cell_instances: 38 顆細胞, factor=1.50(面積), 中位半徑=25.7px, 外擴=5.8px
2026-07-22 01:44:48,661 - m4_module.cell_crops - INFO - 匯出 53 張 per-cell 影像至 docs/hybrid-pipeline/measurement/runs_cellpose421/large/cell_crops/tile_x12288_y13824/cells
2026-07-22 01:44:48,661 - hybrid_pipeline - INFO - Tile tile_x12288_y13824 完成: 核心擁有 53 細胞 (53 陽性), 3.08 秒
2026-07-22 01:44:48,806 - hybrid_pipeline - INFO - [71/441] 處理 tile: tile_x12288_y1536
2026-07-22 01:44:48,838 - m3_module.m3_elastic_matching - INFO - elastic_dish_nucleus_matching(overlap-first): IHC=38, DISH=35, matched(1核)=24 (其中重疊=24), drop-out(競爭落敗)=3, 無候選(計入)=11, factor=1.50, min_reach=20.0
2026-07-22 01:44:49,291 - m3_module.m3_dot_detection - INFO - detect_all_dots: 紅點=29, 黑點=52, 涉及細胞=38
2026-07-22 01:44:49,444 - m3_module.m3_cells_generator - INFO - All-positive 標註完成: 81 個細胞
2026-07-22 01:44:49,474 - m4_module.cell_crops - INFO - 匯出 11 張 per-cell 影像至 docs/hybrid-pipeline/measurement/runs_cellpose421/large/cell_crops/tile_x12288_y14592/cells
2026-07-22 01:44:49,474 - hybrid_pipeline - INFO - Tile tile_x12288_y14592 完成: 核心擁有 11 細胞 (11 陽性), 2.36 秒
2026-07-22 01:44:49,502 - m3_module.m3_cells_generator - INFO - enlarge_cell_instances: 81 顆細胞, factor=1.50(面積), 中位半徑=30.3px, 外擴=6.8px
2026-07-22 01:44:49,860 - hybrid_pipeline - INFO - [72/441] 處理 tile: tile_x12288_y15360
2026-07-22 01:44:49,903 - m3_module.m3_elastic_matching - INFO - elastic_dish_nucleus_matching(overlap-first): IHC=81, DISH=59, matched(1核)=47 (其中重疊=47), drop-out(競爭落敗)=13, 無候選(計入)=21, factor=1.50, min_reach=20.0
2026-07-22 01:44:50,709 - m3_module.m3_dot_detection - INFO - detect_all_dots: 紅點=31, 黑點=122, 涉及細胞=81
2026-07-22 01:44:50,859 - m3_module.m3_cells_generator - INFO - All-positive 標註完成: 49 個細胞
2026-07-22 01:44:50,916 - m3_module.m3_cells_generator - INFO - enlarge_cell_instances: 49 顆細胞, factor=1.50(面積), 中位半徑=26.0px, 外擴=5.8px
2026-07-22 01:44:51,032 - m4_module.cell_crops - INFO - 匯出 45 張 per-cell 影像至 docs/hybrid-pipeline/measurement/runs_cellpose421/large/cell_crops/tile_x12288_y1536/cells
2026-07-22 01:44:51,032 - hybrid_pipeline - INFO - Tile tile_x12288_y1536 完成: 核心擁有 45 細胞 (45 陽性), 2.23 秒
2026-07-22 01:44:51,271 - hybrid_pipeline - INFO - [73/441] 處理 tile: tile_x12288_y2304
2026-07-22 01:44:51,305 - m3_module.m3_elastic_matching - INFO - elastic_dish_nucleus_matching(overlap-first): IHC=49, DISH=42, matched(1核)=25 (其中重疊=25), drop-out(競爭落敗)=3, 無候選(計入)=21, factor=1.50, min_reach=20.0
2026-07-22 01:44:51,718 - m3_module.m3_dot_detection - INFO - detect_all_dots: 紅點=25, 黑點=49, 涉及細胞=49
2026-07-22 01:44:51,872 - m3_module.m3_cells_generator - INFO - All-positive 標註完成: 73 個細胞
2026-07-22 01:44:51,930 - m3_module.m3_cells_generator - INFO - enlarge_cell_instances: 73 顆細胞, factor=1.50(面積), 中位半徑=30.0px, 外擴=6.7px
2026-07-22 01:44:51,966 - m4_module.cell_crops - INFO - 匯出 26 張 per-cell 影像至 docs/hybrid-pipeline/measurement/runs_cellpose421/large/cell_crops/tile_x12288_y15360/cells
2026-07-22 01:44:51,966 - hybrid_pipeline - INFO - Tile tile_x12288_y15360 完成: 核心擁有 26 細胞 (26 陽性), 2.11 秒
2026-07-22 01:44:52,292 - hybrid_pipeline - INFO - [74/441] 處理 tile: tile_x12288_y3072
2026-07-22 01:44:52,326 - m3_module.m3_elastic_matching - INFO - elastic_dish_nucleus_matching(overlap-first): IHC=73, DISH=42, matched(1核)=35 (其中重疊=35), drop-out(競爭落敗)=11, 無候選(計入)=27, factor=1.50, min_reach=20.0
2026-07-22 01:44:52,782 - m3_module.m3_dot_detection - INFO - detect_all_dots: 紅點=25, 黑點=68, 涉及細胞=73
2026-07-22 01:44:52,885 - m3_module.m3_cells_generator - INFO - All-positive 標註完成: 30 個細胞
2026-07-22 01:44:52,929 - m3_module.m3_cells_generator - INFO - enlarge_cell_instances: 30 顆細胞, factor=1.50(面積), 中位半徑=28.4px, 外擴=6.4px
2026-07-22 01:44:53,059 - m4_module.cell_crops - INFO - 匯出 33 張 per-cell 影像至 docs/hybrid-pipeline/measurement/runs_cellpose421/large/cell_crops/tile_x12288_y2304/cells
2026-07-22 01:44:53,059 - hybrid_pipeline - INFO - Tile tile_x12288_y2304 完成: 核心擁有 33 細胞 (33 陽性), 1.79 秒
2026-07-22 01:44:53,292 - hybrid_pipeline - INFO - [75/441] 處理 tile: tile_x12288_y3840
2026-07-22 01:44:53,320 - m3_module.m3_elastic_matching - INFO - elastic_dish_nucleus_matching(overlap-first): IHC=30, DISH=22, matched(1核)=17 (其中重疊=17), drop-out(競爭落敗)=6, 無候選(計入)=7, factor=1.50, min_reach=20.0
2026-07-22 01:44:53,636 - cellpose.dynamics - INFO - No cell pixels found.
2026-07-22 01:44:53,641 - m3_module.m3_dot_detection - INFO - detect_all_dots: 紅點=19, 黑點=54, 涉及細胞=30
2026-07-22 01:44:53,688 - m3_module.m3_cells_generator - INFO - All-positive 標註完成: 0 個細胞
2026-07-22 01:44:53,792 - m4_module.cell_crops - INFO - 匯出 15 張 per-cell 影像至 docs/hybrid-pipeline/measurement/runs_cellpose421/large/cell_crops/tile_x12288_y3072/cells
2026-07-22 01:44:53,792 - hybrid_pipeline - INFO - Tile tile_x12288_y3072 完成: 核心擁有 15 細胞 (15 陽性), 1.50 秒
2026-07-22 01:44:54,055 - hybrid_pipeline - INFO - [76/441] 處理 tile: tile_x12288_y4608
2026-07-22 01:44:54,194 - m3_module.m3_dot_detection - INFO - detect_all_dots: 紅點=0, 黑點=0, 涉及細胞=0
2026-07-22 01:44:54,240 - m4_module.cell_crops - INFO - 匯出 0 張 per-cell 影像至 docs/hybrid-pipeline/measurement/runs_cellpose421/large/cell_crops/tile_x12288_y3840/cells
2026-07-22 01:44:54,240 - hybrid_pipeline - INFO - Tile tile_x12288_y3840 完成: 核心擁有 0 細胞 (0 陽性), 0.95 秒
2026-07-22 01:44:54,403 - m3_module.m3_cells_generator - INFO - All-positive 標註完成: 1 個細胞
2026-07-22 01:44:54,431 - m3_module.m3_cells_generator - INFO - enlarge_cell_instances: 1 顆細胞, factor=1.50(面積), 中位半徑=18.6px, 外擴=4.2px
2026-07-22 01:44:54,785 - hybrid_pipeline - INFO - [77/441] 處理 tile: tile_x12288_y5376
2026-07-22 01:44:54,990 - m3_module.m3_dot_detection - INFO - detect_all_dots: 紅點=0, 黑點=0, 涉及細胞=1
2026-07-22 01:44:55,023 - m4_module.cell_crops - INFO - 匯出 0 張 per-cell 影像至 docs/hybrid-pipeline/measurement/runs_cellpose421/large/cell_crops/tile_x12288_y4608/cells
2026-07-22 01:44:55,023 - hybrid_pipeline - INFO - Tile tile_x12288_y4608 完成: 核心擁有 0 細胞 (0 陽性), 0.97 秒
2026-07-22 01:44:55,024 - hybrid_pipeline - INFO - [78/441] 處理 tile: tile_x12288_y6144
2026-07-22 01:44:55,049 - hybrid_pipeline - INFO - Tile tile_x12288_y5376: 核心遮罩全空 → 空白 placeholder
2026-07-22 01:44:55,149 - hybrid_pipeline - INFO - [79/441] 處理 tile: tile_x12288_y6912
2026-07-22 01:44:55,179 - hybrid_pipeline - INFO - Tile tile_x12288_y6144: 核心遮罩全空 → 空白 placeholder
2026-07-22 01:44:55,282 - hybrid_pipeline - INFO - [80/441] 處理 tile: tile_x12288_y768
2026-07-22 01:44:55,313 - hybrid_pipeline - INFO - Tile tile_x12288_y6912: 核心遮罩全空 → 空白 placeholder
2026-07-22 01:44:55,636 - m3_module.m3_cells_generator - INFO - All-positive 標註完成: 32 個細胞
2026-07-22 01:44:55,688 - m3_module.m3_cells_generator - INFO - enlarge_cell_instances: 32 顆細胞, factor=1.50(面積), 中位半徑=29.4px, 外擴=6.6px
2026-07-22 01:44:56,044 - hybrid_pipeline - INFO - [81/441] 處理 tile: tile_x12288_y7680
2026-07-22 01:44:56,076 - m3_module.m3_elastic_matching - INFO - elastic_dish_nucleus_matching(overlap-first): IHC=32, DISH=29, matched(1核)=21 (其中重疊=21), drop-out(競爭落敗)=7, 無候選(計入)=4, factor=1.50, min_reach=20.0
2026-07-22 01:44:56,426 - m3_module.m3_dot_detection - INFO - detect_all_dots: 紅點=12, 黑點=54, 涉及細胞=32
2026-07-22 01:44:56,524 - m3_module.m3_cells_generator - INFO - All-positive 標註完成: 2 個細胞
2026-07-22 01:44:56,555 - m3_module.m3_cells_generator - INFO - enlarge_cell_instances: 2 顆細胞, factor=1.50(面積), 中位半徑=18.5px, 外擴=4.2px
2026-07-22 01:44:56,640 - m4_module.cell_crops - INFO - 匯出 17 張 per-cell 影像至 docs/hybrid-pipeline/measurement/runs_cellpose421/large/cell_crops/tile_x12288_y768/cells
2026-07-22 01:44:56,641 - hybrid_pipeline - INFO - Tile tile_x12288_y768 完成: 核心擁有 17 細胞 (17 陽性), 1.36 秒
2026-07-22 01:44:56,909 - hybrid_pipeline - INFO - [82/441] 處理 tile: tile_x12288_y8448
2026-07-22 01:44:57,110 - m3_module.m3_dot_detection - INFO - detect_all_dots: 紅點=0, 黑點=0, 涉及細胞=2
2026-07-22 01:44:57,149 - m4_module.cell_crops - INFO - 匯出 2 張 per-cell 影像至 docs/hybrid-pipeline/measurement/runs_cellpose421/large/cell_crops/tile_x12288_y7680/cells
2026-07-22 01:44:57,149 - hybrid_pipeline - INFO - Tile tile_x12288_y7680 完成: 核心擁有 2 細胞 (2 陽性), 1.10 秒
2026-07-22 01:44:57,149 - hybrid_pipeline - INFO - [83/441] 處理 tile: tile_x12288_y9216
2026-07-22 01:44:57,175 - hybrid_pipeline - INFO - Tile tile_x12288_y8448: 核心遮罩全空 → 空白 placeholder
2026-07-22 01:44:57,273 - hybrid_pipeline - INFO - [84/441] 處理 tile: tile_x12288_y9984
2026-07-22 01:44:57,303 - hybrid_pipeline - INFO - Tile tile_x12288_y9216: 核心遮罩全空 → 空白 placeholder
2026-07-22 01:44:57,641 - m3_module.m3_cells_generator - INFO - All-positive 標註完成: 28 個細胞
2026-07-22 01:44:57,685 - m3_module.m3_cells_generator - INFO - enlarge_cell_instances: 28 顆細胞, factor=1.50(面積), 中位半徑=26.5px, 外擴=6.0px
2026-07-22 01:44:58,031 - hybrid_pipeline - INFO - [85/441] 處理 tile: tile_x13056_y0
2026-07-22 01:44:58,067 - m3_module.m3_elastic_matching - INFO - elastic_dish_nucleus_matching(overlap-first): IHC=28, DISH=21, matched(1核)=16 (其中重疊=16), drop-out(競爭落敗)=5, 無候選(計入)=7, factor=1.50, min_reach=20.0
2026-07-22 01:44:58,432 - m3_module.m3_dot_detection - INFO - detect_all_dots: 紅點=22, 黑點=64, 涉及細胞=28
2026-07-22 01:44:58,602 - m3_module.m3_cells_generator - INFO - All-positive 標註完成: 64 個細胞
2026-07-22 01:44:58,621 - m4_module.cell_crops - INFO - 匯出 22 張 per-cell 影像至 docs/hybrid-pipeline/measurement/runs_cellpose421/large/cell_crops/tile_x12288_y9984/cells
2026-07-22 01:44:58,621 - hybrid_pipeline - INFO - Tile tile_x12288_y9984 完成: 核心擁有 22 細胞 (22 陽性), 1.35 秒
2026-07-22 01:44:58,654 - m3_module.m3_cells_generator - INFO - enlarge_cell_instances: 64 顆細胞, factor=1.50(面積), 中位半徑=26.1px, 外擴=5.9px
2026-07-22 01:44:59,014 - hybrid_pipeline - INFO - [86/441] 處理 tile: tile_x13056_y10752
2026-07-22 01:44:59,048 - m3_module.m3_elastic_matching - INFO - elastic_dish_nucleus_matching(overlap-first): IHC=64, DISH=59, matched(1核)=43 (其中重疊=43), drop-out(競爭落敗)=7, 無候選(計入)=14, factor=1.50, min_reach=20.0
2026-07-22 01:44:59,892 - m3_module.m3_dot_detection - INFO - detect_all_dots: 紅點=47, 黑點=121, 涉及細胞=64
2026-07-22 01:44:59,990 - m3_module.m3_cells_generator - INFO - All-positive 標註完成: 2 個細胞
2026-07-22 01:45:00,022 - m3_module.m3_cells_generator - INFO - enlarge_cell_instances: 2 顆細胞, factor=1.50(面積), 中位半徑=32.8px, 外擴=7.4px
2026-07-22 01:45:00,148 - m4_module.cell_crops - INFO - 匯出 44 張 per-cell 影像至 docs/hybrid-pipeline/measurement/runs_cellpose421/large/cell_crops/tile_x13056_y0/cells
2026-07-22 01:45:00,148 - hybrid_pipeline - INFO - Tile tile_x13056_y0 完成: 核心擁有 44 細胞 (44 陽性), 2.12 秒
2026-07-22 01:45:00,374 - hybrid_pipeline - INFO - [87/441] 處理 tile: tile_x13056_y11520
2026-07-22 01:45:00,400 - m3_module.m3_elastic_matching - INFO - elastic_dish_nucleus_matching(overlap-first): IHC=2, DISH=2, matched(1核)=1 (其中重疊=1), drop-out(競爭落敗)=1, 無候選(計入)=0, factor=1.50, min_reach=20.0
2026-07-22 01:45:00,532 - m3_module.m3_dot_detection - INFO - detect_all_dots: 紅點=0, 黑點=3, 涉及細胞=2
2026-07-22 01:45:00,590 - m4_module.cell_crops - INFO - 匯出 0 張 per-cell 影像至 docs/hybrid-pipeline/measurement/runs_cellpose421/large/cell_crops/tile_x13056_y10752/cells
2026-07-22 01:45:00,590 - hybrid_pipeline - INFO - Tile tile_x13056_y10752 完成: 核心擁有 0 細胞 (0 陽性), 1.58 秒
2026-07-22 01:45:00,727 - m3_module.m3_cells_generator - INFO - All-positive 標註完成: 20 個細胞
2026-07-22 01:45:00,763 - m3_module.m3_cells_generator - INFO - enlarge_cell_instances: 20 顆細胞, factor=1.50(面積), 中位半徑=23.2px, 外擴=5.2px
2026-07-22 01:45:01,119 - hybrid_pipeline - INFO - [88/441] 處理 tile: tile_x13056_y12288
2026-07-22 01:45:01,149 - m3_module.m3_elastic_matching - INFO - elastic_dish_nucleus_matching(overlap-first): IHC=20, DISH=18, matched(1核)=12 (其中重疊=12), drop-out(競爭落敗)=4, 無候選(計入)=4, factor=1.50, min_reach=20.0
2026-07-22 01:45:01,372 - m3_module.m3_dot_detection - INFO - detect_all_dots: 紅點=8, 黑點=21, 涉及細胞=20
2026-07-22 01:45:01,483 - m4_module.cell_crops - INFO - 匯出 4 張 per-cell 影像至 docs/hybrid-pipeline/measurement/runs_cellpose421/large/cell_crops/tile_x13056_y11520/cells
2026-07-22 01:45:01,483 - hybrid_pipeline - INFO - Tile tile_x13056_y11520 完成: 核心擁有 4 細胞 (4 陽性), 1.11 秒
2026-07-22 01:45:01,526 - m3_module.m3_cells_generator - INFO - All-positive 標註完成: 42 個細胞
2026-07-22 01:45:01,575 - m3_module.m3_cells_generator - INFO - enlarge_cell_instances: 42 顆細胞, factor=1.50(面積), 中位半徑=27.7px, 外擴=6.2px
2026-07-22 01:45:01,927 - hybrid_pipeline - INFO - [89/441] 處理 tile: tile_x13056_y13056
2026-07-22 01:45:01,960 - m3_module.m3_elastic_matching - INFO - elastic_dish_nucleus_matching(overlap-first): IHC=42, DISH=40, matched(1核)=25 (其中重疊=25), drop-out(競爭落敗)=4, 無候選(計入)=13, factor=1.50, min_reach=20.0
2026-07-22 01:45:02,316 - m3_module.m3_dot_detection - INFO - detect_all_dots: 紅點=25, 黑點=50, 涉及細胞=42
2026-07-22 01:45:02,485 - m3_module.m3_cells_generator - INFO - All-positive 標註完成: 87 個細胞
2026-07-22 01:45:02,538 - m3_module.m3_cells_generator - INFO - enlarge_cell_instances: 87 顆細胞, factor=1.50(面積), 中位半徑=29.6px, 外擴=6.6px
2026-07-22 01:45:02,542 - m4_module.cell_crops - INFO - 匯出 17 張 per-cell 影像至 docs/hybrid-pipeline/measurement/runs_cellpose421/large/cell_crops/tile_x13056_y12288/cells
2026-07-22 01:45:02,542 - hybrid_pipeline - INFO - Tile tile_x13056_y12288 完成: 核心擁有 17 細胞 (17 陽性), 1.42 秒
2026-07-22 01:45:02,891 - hybrid_pipeline - INFO - [90/441] 處理 tile: tile_x13056_y13824
2026-07-22 01:45:02,927 - m3_module.m3_elastic_matching - INFO - elastic_dish_nucleus_matching(overlap-first): IHC=87, DISH=59, matched(1核)=48 (其中重疊=48), drop-out(競爭落敗)=17, 無候選(計入)=22, factor=1.50, min_reach=20.0
2026-07-22 01:45:03,861 - m3_module.m3_dot_detection - INFO - detect_all_dots: 紅點=59, 黑點=133, 涉及細胞=87
2026-07-22 01:45:04,002 - m3_module.m3_cells_generator - INFO - All-positive 標註完成: 58 個細胞
2026-07-22 01:45:04,054 - m3_module.m3_cells_generator - INFO - enlarge_cell_instances: 58 顆細胞, factor=1.50(面積), 中位半徑=31.0px, 外擴=7.0px
2026-07-22 01:45:04,200 - m4_module.cell_crops - INFO - 匯出 64 張 per-cell 影像至 docs/hybrid-pipeline/measurement/runs_cellpose421/large/cell_crops/tile_x13056_y13056/cells
2026-07-22 01:45:04,200 - hybrid_pipeline - INFO - Tile tile_x13056_y13056 完成: 核心擁有 64 細胞 (64 陽性), 2.27 秒
2026-07-22 01:45:04,408 - hybrid_pipeline - INFO - [91/441] 處理 tile: tile_x13056_y14592
2026-07-22 01:45:04,444 - m3_module.m3_elastic_matching - INFO - elastic_dish_nucleus_matching(overlap-first): IHC=58, DISH=42, matched(1核)=39 (其中重疊=39), drop-out(競爭落敗)=9, 無候選(計入)=10, factor=1.50, min_reach=20.0
2026-07-22 01:45:05,132 - m3_module.m3_dot_detection - INFO - detect_all_dots: 紅點=37, 黑點=90, 涉及細胞=58
2026-07-22 01:45:05,256 - m3_module.m3_cells_generator - INFO - All-positive 標註完成: 32 個細胞
2026-07-22 01:45:05,305 - m3_module.m3_cells_generator - INFO - enlarge_cell_instances: 32 顆細胞, factor=1.50(面積), 中位半徑=36.6px, 外擴=8.2px
2026-07-22 01:45:05,348 - m4_module.cell_crops - INFO - 匯出 31 張 per-cell 影像至 docs/hybrid-pipeline/measurement/runs_cellpose421/large/cell_crops/tile_x13056_y13824/cells
2026-07-22 01:45:05,348 - hybrid_pipeline - INFO - Tile tile_x13056_y13824 完成: 核心擁有 31 細胞 (31 陽性), 2.46 秒
2026-07-22 01:45:05,658 - hybrid_pipeline - INFO - [92/441] 處理 tile: tile_x13056_y1536
2026-07-22 01:45:05,691 - m3_module.m3_elastic_matching - INFO - elastic_dish_nucleus_matching(overlap-first): IHC=32, DISH=29, matched(1核)=23 (其中重疊=23), drop-out(競爭落敗)=3, 無候選(計入)=6, factor=1.50, min_reach=20.0
2026-07-22 01:45:06,126 - m3_module.m3_dot_detection - INFO - detect_all_dots: 紅點=28, 黑點=59, 涉及細胞=32
2026-07-22 01:45:06,269 - m3_module.m3_cells_generator - INFO - All-positive 標註完成: 59 個細胞
2026-07-22 01:45:06,300 - m4_module.cell_crops - INFO - 匯出 10 張 per-cell 影像至 docs/hybrid-pipeline/measurement/runs_cellpose421/large/cell_crops/tile_x13056_y14592/cells
2026-07-22 01:45:06,300 - hybrid_pipeline - INFO - Tile tile_x13056_y14592 完成: 核心擁有 10 細胞 (10 陽性), 1.89 秒
2026-07-22 01:45:06,320 - m3_module.m3_cells_generator - INFO - enlarge_cell_instances: 59 顆細胞, factor=1.50(面積), 中位半徑=24.2px, 外擴=5.4px
2026-07-22 01:45:06,678 - hybrid_pipeline - INFO - [93/441] 處理 tile: tile_x13056_y15360
2026-07-22 01:45:06,713 - m3_module.m3_elastic_matching - INFO - elastic_dish_nucleus_matching(overlap-first): IHC=59, DISH=41, matched(1核)=33 (其中重疊=33), drop-out(競爭落敗)=8, 無候選(計入)=18, factor=1.50, min_reach=20.0
2026-07-22 01:45:07,211 - m3_module.m3_dot_detection - INFO - detect_all_dots: 紅點=26, 黑點=78, 涉及細胞=59
2026-07-22 01:45:07,344 - m3_module.m3_cells_generator - INFO - All-positive 標註完成: 42 個細胞
2026-07-22 01:45:07,404 - m3_module.m3_cells_generator - INFO - enlarge_cell_instances: 42 顆細胞, factor=1.50(面積), 中位半徑=28.8px, 外擴=6.5px
2026-07-22 01:45:07,438 - m4_module.cell_crops - INFO - 匯出 21 張 per-cell 影像至 docs/hybrid-pipeline/measurement/runs_cellpose421/large/cell_crops/tile_x13056_y1536/cells
2026-07-22 01:45:07,438 - hybrid_pipeline - INFO - Tile tile_x13056_y1536 完成: 核心擁有 21 細胞 (21 陽性), 1.78 秒
2026-07-22 01:45:07,759 - hybrid_pipeline - INFO - [94/441] 處理 tile: tile_x13056_y2304
2026-07-22 01:45:07,792 - m3_module.m3_elastic_matching - INFO - elastic_dish_nucleus_matching(overlap-first): IHC=42, DISH=23, matched(1核)=17 (其中重疊=17), drop-out(競爭落敗)=2, 無候選(計入)=23, factor=1.50, min_reach=20.0
2026-07-22 01:45:08,059 - m3_module.m3_dot_detection - INFO - detect_all_dots: 紅點=16, 黑點=28, 涉及細胞=42
2026-07-22 01:45:08,173 - m3_module.m3_cells_generator - INFO - All-positive 標註完成: 41 個細胞
2026-07-22 01:45:08,219 - m3_module.m3_cells_generator - INFO - enlarge_cell_instances: 41 顆細胞, factor=1.50(面積), 中位半徑=23.7px, 外擴=5.3px
2026-07-22 01:45:08,271 - m4_module.cell_crops - INFO - 匯出 24 張 per-cell 影像至 docs/hybrid-pipeline/measurement/runs_cellpose421/large/cell_crops/tile_x13056_y15360/cells
2026-07-22 01:45:08,271 - hybrid_pipeline - INFO - Tile tile_x13056_y15360 完成: 核心擁有 24 細胞 (24 陽性), 1.59 秒
2026-07-22 01:45:08,579 - hybrid_pipeline - INFO - [95/441] 處理 tile: tile_x13056_y3072
2026-07-22 01:45:08,610 - m3_module.m3_elastic_matching - INFO - elastic_dish_nucleus_matching(overlap-first): IHC=41, DISH=22, matched(1核)=19 (其中重疊=19), drop-out(競爭落敗)=7, 無候選(計入)=15, factor=1.50, min_reach=20.0
2026-07-22 01:45:08,944 - m3_module.m3_dot_detection - INFO - detect_all_dots: 紅點=14, 黑點=32, 涉及細胞=41
2026-07-22 01:45:09,060 - m3_module.m3_cells_generator - INFO - All-positive 標註完成: 11 個細胞
2026-07-22 01:45:09,103 - m3_module.m3_cells_generator - INFO - enlarge_cell_instances: 11 顆細胞, factor=1.50(面積), 中位半徑=28.1px, 外擴=6.3px
2026-07-22 01:45:09,112 - m4_module.cell_crops - INFO - 匯出 15 張 per-cell 影像至 docs/hybrid-pipeline/measurement/runs_cellpose421/large/cell_crops/tile_x13056_y2304/cells
2026-07-22 01:45:09,112 - hybrid_pipeline - INFO - Tile tile_x13056_y2304 完成: 核心擁有 15 細胞 (15 陽性), 1.35 秒
2026-07-22 01:45:09,459 - hybrid_pipeline - INFO - [96/441] 處理 tile: tile_x13056_y3840
2026-07-22 01:45:09,496 - m3_module.m3_elastic_matching - INFO - elastic_dish_nucleus_matching(overlap-first): IHC=11, DISH=6, matched(1核)=3 (其中重疊=3), drop-out(競爭落敗)=3, 無候選(計入)=5, factor=1.50, min_reach=20.0
2026-07-22 01:45:09,640 - m3_module.m3_dot_detection - INFO - detect_all_dots: 紅點=0, 黑點=3, 涉及細胞=11
2026-07-22 01:45:09,757 - m4_module.cell_crops - INFO - 匯出 4 張 per-cell 影像至 docs/hybrid-pipeline/measurement/runs_cellpose421/large/cell_crops/tile_x13056_y3072/cells
2026-07-22 01:45:09,757 - hybrid_pipeline - INFO - Tile tile_x13056_y3072 完成: 核心擁有 4 細胞 (4 陽性), 1.18 秒
2026-07-22 01:45:09,840 - m3_module.m3_cells_generator - INFO - All-positive 標註完成: 34 個細胞
2026-07-22 01:45:09,882 - m3_module.m3_cells_generator - INFO - enlarge_cell_instances: 34 顆細胞, factor=1.50(面積), 中位半徑=28.6px, 外擴=6.4px
2026-07-22 01:45:10,229 - hybrid_pipeline - INFO - [97/441] 處理 tile: tile_x13056_y4608
2026-07-22 01:45:10,259 - m3_module.m3_elastic_matching - INFO - elastic_dish_nucleus_matching(overlap-first): IHC=34, DISH=22, matched(1核)=17 (其中重疊=17), drop-out(競爭落敗)=5, 無候選(計入)=12, factor=1.50, min_reach=20.0
2026-07-22 01:45:10,576 - m3_module.m3_dot_detection - INFO - detect_all_dots: 紅點=22, 黑點=43, 涉及細胞=34
2026-07-22 01:45:10,708 - m3_module.m3_cells_generator - INFO - All-positive 標註完成: 18 個細胞
2026-07-22 01:45:10,745 - m4_module.cell_crops - INFO - 匯出 13 張 per-cell 影像至 docs/hybrid-pipeline/measurement/runs_cellpose421/large/cell_crops/tile_x13056_y3840/cells
2026-07-22 01:45:10,746 - hybrid_pipeline - INFO - Tile tile_x13056_y3840 完成: 核心擁有 13 細胞 (13 陽性), 1.29 秒
2026-07-22 01:45:10,751 - m3_module.m3_cells_generator - INFO - enlarge_cell_instances: 18 顆細胞, factor=1.50(面積), 中位半徑=26.4px, 外擴=5.9px
2026-07-22 01:45:11,103 - hybrid_pipeline - INFO - [98/441] 處理 tile: tile_x13056_y5376
2026-07-22 01:45:11,138 - m3_module.m3_elastic_matching - INFO - elastic_dish_nucleus_matching(overlap-first): IHC=18, DISH=14, matched(1核)=6 (其中重疊=6), drop-out(競爭落敗)=2, 無候選(計入)=10, factor=1.50, min_reach=20.0
2026-07-22 01:45:11,315 - m3_module.m3_dot_detection - INFO - detect_all_dots: 紅點=8, 黑點=13, 涉及細胞=18
2026-07-22 01:45:11,367 - cellpose.dynamics - INFO - No cell pixels found.
2026-07-22 01:45:11,413 - m3_module.m3_cells_generator - INFO - All-positive 標註完成: 0 個細胞
2026-07-22 01:45:11,447 - m4_module.cell_crops - INFO - 匯出 8 張 per-cell 影像至 docs/hybrid-pipeline/measurement/runs_cellpose421/large/cell_crops/tile_x13056_y4608/cells
2026-07-22 01:45:11,447 - hybrid_pipeline - INFO - Tile tile_x13056_y4608 完成: 核心擁有 8 細胞 (8 陽性), 1.22 秒
2026-07-22 01:45:11,787 - hybrid_pipeline - INFO - [99/441] 處理 tile: tile_x13056_y6144
2026-07-22 01:45:11,993 - m3_module.m3_dot_detection - INFO - detect_all_dots: 紅點=0, 黑點=0, 涉及細胞=0
2026-07-22 01:45:12,021 - m4_module.cell_crops - INFO - 匯出 0 張 per-cell 影像至 docs/hybrid-pipeline/measurement/runs_cellpose421/large/cell_crops/tile_x13056_y5376/cells
2026-07-22 01:45:12,022 - hybrid_pipeline - INFO - Tile tile_x13056_y5376 完成: 核心擁有 0 細胞 (0 陽性), 0.92 秒
2026-07-22 01:45:12,022 - hybrid_pipeline - INFO - [100/441] 處理 tile: tile_x13056_y6912
2026-07-22 01:45:12,048 - hybrid_pipeline - INFO - Tile tile_x13056_y6144: 核心遮罩全空 → 空白 placeholder
2026-07-22 01:45:12,153 - hybrid_pipeline - INFO - [101/441] 處理 tile: tile_x13056_y768
2026-07-22 01:45:12,179 - hybrid_pipeline - INFO - Tile tile_x13056_y6912: 核心遮罩全空 → 空白 placeholder
2026-07-22 01:45:12,510 - m3_module.m3_cells_generator - INFO - All-positive 標註完成: 29 個細胞
2026-07-22 01:45:12,554 - m3_module.m3_cells_generator - INFO - enlarge_cell_instances: 29 顆細胞, factor=1.50(面積), 中位半徑=24.4px, 外擴=5.5px
2026-07-22 01:45:12,907 - hybrid_pipeline - INFO - [102/441] 處理 tile: tile_x13056_y7680
2026-07-22 01:45:12,943 - m3_module.m3_elastic_matching - INFO - elastic_dish_nucleus_matching(overlap-first): IHC=29, DISH=19, matched(1核)=18 (其中重疊=18), drop-out(競爭落敗)=3, 無候選(計入)=8, factor=1.50, min_reach=20.0
2026-07-22 01:45:13,321 - m3_module.m3_dot_detection - INFO - detect_all_dots: 紅點=8, 黑點=37, 涉及細胞=29
2026-07-22 01:45:13,438 - m4_module.cell_crops - INFO - 匯出 7 張 per-cell 影像至 docs/hybrid-pipeline/measurement/runs_cellpose421/large/cell_crops/tile_x13056_y768/cells
2026-07-22 01:45:13,438 - hybrid_pipeline - INFO - Tile tile_x13056_y768 完成: 核心擁有 7 細胞 (7 陽性), 1.29 秒
2026-07-22 01:45:13,439 - hybrid_pipeline - INFO - [103/441] 處理 tile: tile_x13056_y8448
2026-07-22 01:45:13,462 - hybrid_pipeline - INFO - Tile tile_x13056_y7680: 核心遮罩全空 → 空白 placeholder
2026-07-22 01:45:13,778 - m3_module.m3_cells_generator - INFO - All-positive 標註完成: 2 個細胞
2026-07-22 01:45:13,809 - m3_module.m3_cells_generator - INFO - enlarge_cell_instances: 2 顆細胞, factor=1.50(面積), 中位半徑=16.9px, 外擴=3.8px
2026-07-22 01:45:14,162 - hybrid_pipeline - INFO - [104/441] 處理 tile: tile_x13056_y9216
2026-07-22 01:45:14,191 - m3_module.m3_elastic_matching - INFO - elastic_dish_nucleus_matching(overlap-first): IHC=2, DISH=1, matched(1核)=0 (其中重疊=0), drop-out(競爭落敗)=0, 無候選(計入)=2, factor=1.50, min_reach=20.0
2026-07-22 01:45:14,303 - m3_module.m3_dot_detection - INFO - detect_all_dots: 紅點=0, 黑點=0, 涉及細胞=2
2026-07-22 01:45:14,349 - m4_module.cell_crops - INFO - 匯出 2 張 per-cell 影像至 docs/hybrid-pipeline/measurement/runs_cellpose421/large/cell_crops/tile_x13056_y8448/cells
2026-07-22 01:45:14,349 - hybrid_pipeline - INFO - Tile tile_x13056_y8448 完成: 核心擁有 2 細胞 (2 陽性), 0.91 秒
2026-07-22 01:45:14,421 - cellpose.dynamics - INFO - No cell pixels found.
2026-07-22 01:45:14,465 - m3_module.m3_cells_generator - INFO - All-positive 標註完成: 0 個細胞
2026-07-22 01:45:14,824 - hybrid_pipeline - INFO - [105/441] 處理 tile: tile_x13056_y9984
2026-07-22 01:45:14,959 - m3_module.m3_dot_detection - INFO - detect_all_dots: 紅點=0, 黑點=0, 涉及細胞=0
2026-07-22 01:45:14,988 - m4_module.cell_crops - INFO - 匯出 0 張 per-cell 影像至 docs/hybrid-pipeline/measurement/runs_cellpose421/large/cell_crops/tile_x13056_y9216/cells
2026-07-22 01:45:14,988 - hybrid_pipeline - INFO - Tile tile_x13056_y9216 完成: 核心擁有 0 細胞 (0 陽性), 0.83 秒
2026-07-22 01:45:15,076 - cellpose.dynamics - INFO - No cell pixels found.
2026-07-22 01:45:15,119 - m3_module.m3_cells_generator - INFO - All-positive 標註完成: 0 個細胞
2026-07-22 01:45:15,486 - hybrid_pipeline - INFO - [106/441] 處理 tile: tile_x13824_y0
2026-07-22 01:45:15,613 - m3_module.m3_dot_detection - INFO - detect_all_dots: 紅點=0, 黑點=0, 涉及細胞=0
2026-07-22 01:45:15,643 - m4_module.cell_crops - INFO - 匯出 0 張 per-cell 影像至 docs/hybrid-pipeline/measurement/runs_cellpose421/large/cell_crops/tile_x13056_y9984/cells
2026-07-22 01:45:15,643 - hybrid_pipeline - INFO - Tile tile_x13056_y9984 完成: 核心擁有 0 細胞 (0 陽性), 0.82 秒
2026-07-22 01:45:15,879 - m3_module.m3_cells_generator - INFO - All-positive 標註完成: 58 個細胞
2026-07-22 01:45:15,934 - m3_module.m3_cells_generator - INFO - enlarge_cell_instances: 58 顆細胞, factor=1.50(面積), 中位半徑=26.0px, 外擴=5.8px
2026-07-22 01:45:16,290 - hybrid_pipeline - INFO - [107/441] 處理 tile: tile_x13824_y10752
2026-07-22 01:45:16,321 - m3_module.m3_elastic_matching - INFO - elastic_dish_nucleus_matching(overlap-first): IHC=58, DISH=47, matched(1核)=32 (其中重疊=32), drop-out(競爭落敗)=11, 無候選(計入)=15, factor=1.50, min_reach=20.0
2026-07-22 01:45:16,895 - m3_module.m3_dot_detection - INFO - detect_all_dots: 紅點=29, 黑點=87, 涉及細胞=58
2026-07-22 01:45:17,007 - m3_module.m3_cells_generator - INFO - All-positive 標註完成: 7 個細胞
2026-07-22 01:45:17,042 - m3_module.m3_cells_generator - INFO - enlarge_cell_instances: 7 顆細胞, factor=1.50(面積), 中位半徑=19.5px, 外擴=4.4px
2026-07-22 01:45:17,124 - m4_module.cell_crops - INFO - 匯出 29 張 per-cell 影像至 docs/hybrid-pipeline/measurement/runs_cellpose421/large/cell_crops/tile_x13824_y0/cells
2026-07-22 01:45:17,124 - hybrid_pipeline - INFO - Tile tile_x13824_y0 完成: 核心擁有 29 細胞 (29 陽性), 1.64 秒
2026-07-22 01:45:17,393 - hybrid_pipeline - INFO - [108/441] 處理 tile: tile_x13824_y11520
2026-07-22 01:45:17,424 - m3_module.m3_elastic_matching - INFO - elastic_dish_nucleus_matching(overlap-first): IHC=7, DISH=9, matched(1核)=4 (其中重疊=4), drop-out(競爭落敗)=1, 無候選(計入)=2, factor=1.50, min_reach=20.0
2026-07-22 01:45:17,578 - m3_module.m3_dot_detection - INFO - detect_all_dots: 紅點=6, 黑點=8, 涉及細胞=7
2026-07-22 01:45:17,661 - m4_module.cell_crops - INFO - 匯出 1 張 per-cell 影像至 docs/hybrid-pipeline/measurement/runs_cellpose421/large/cell_crops/tile_x13824_y10752/cells
2026-07-22 01:45:17,661 - hybrid_pipeline - INFO - Tile tile_x13824_y10752 完成: 核心擁有 1 細胞 (1 陽性), 1.37 秒
2026-07-22 01:45:17,757 - m3_module.m3_cells_generator - INFO - All-positive 標註完成: 8 個細胞
2026-07-22 01:45:17,791 - m3_module.m3_cells_generator - INFO - enlarge_cell_instances: 8 顆細胞, factor=1.50(面積), 中位半徑=22.9px, 外擴=5.1px
2026-07-22 01:45:18,143 - hybrid_pipeline - INFO - [109/441] 處理 tile: tile_x13824_y12288
2026-07-22 01:45:18,172 - m3_module.m3_elastic_matching - INFO - elastic_dish_nucleus_matching(overlap-first): IHC=8, DISH=4, matched(1核)=2 (其中重疊=2), drop-out(競爭落敗)=1, 無候選(計入)=5, factor=1.50, min_reach=20.0
2026-07-22 01:45:18,313 - m3_module.m3_dot_detection - INFO - detect_all_dots: 紅點=3, 黑點=4, 涉及細胞=8
2026-07-22 01:45:18,381 - m4_module.cell_crops - INFO - 匯出 8 張 per-cell 影像至 docs/hybrid-pipeline/measurement/runs_cellpose421/large/cell_crops/tile_x13824_y11520/cells
2026-07-22 01:45:18,381 - hybrid_pipeline - INFO - Tile tile_x13824_y11520 完成: 核心擁有 8 細胞 (8 陽性), 0.99 秒
2026-07-22 01:45:18,400 - cellpose.dynamics - INFO - No cell pixels found.
2026-07-22 01:45:18,447 - m3_module.m3_cells_generator - INFO - All-positive 標註完成: 0 個細胞
2026-07-22 01:45:18,806 - hybrid_pipeline - INFO - [110/441] 處理 tile: tile_x13824_y13056
2026-07-22 01:45:18,938 - m3_module.m3_dot_detection - INFO - detect_all_dots: 紅點=0, 黑點=0, 涉及細胞=0
2026-07-22 01:45:18,971 - m4_module.cell_crops - INFO - 匯出 0 張 per-cell 影像至 docs/hybrid-pipeline/measurement/runs_cellpose421/large/cell_crops/tile_x13824_y12288/cells
2026-07-22 01:45:18,971 - hybrid_pipeline - INFO - Tile tile_x13824_y12288 完成: 核心擁有 0 細胞 (0 陽性), 0.83 秒
2026-07-22 01:45:19,157 - m3_module.m3_cells_generator - INFO - All-positive 標註完成: 2 個細胞
2026-07-22 01:45:19,187 - m3_module.m3_cells_generator - INFO - enlarge_cell_instances: 2 顆細胞, factor=1.50(面積), 中位半徑=18.4px, 外擴=4.1px
2026-07-22 01:45:19,538 - hybrid_pipeline - INFO - [111/441] 處理 tile: tile_x13824_y13824
2026-07-22 01:45:19,570 - m3_module.m3_elastic_matching - INFO - elastic_dish_nucleus_matching(overlap-first): IHC=2, DISH=1, matched(1核)=0 (其中重疊=0), drop-out(競爭落敗)=0, 無候選(計入)=2, factor=1.50, min_reach=20.0
2026-07-22 01:45:19,686 - m3_module.m3_dot_detection - INFO - detect_all_dots: 紅點=0, 黑點=0, 涉及細胞=2
2026-07-22 01:45:19,730 - m4_module.cell_crops - INFO - 匯出 2 張 per-cell 影像至 docs/hybrid-pipeline/measurement/runs_cellpose421/large/cell_crops/tile_x13824_y13056/cells
2026-07-22 01:45:19,730 - hybrid_pipeline - INFO - Tile tile_x13824_y13056 完成: 核心擁有 2 細胞 (2 陽性), 0.92 秒
2026-07-22 01:45:19,902 - m3_module.m3_cells_generator - INFO - All-positive 標註完成: 1 個細胞
2026-07-22 01:45:19,933 - m3_module.m3_cells_generator - INFO - enlarge_cell_instances: 1 顆細胞, factor=1.50(面積), 中位半徑=32.2px, 外擴=7.2px
2026-07-22 01:45:20,290 - hybrid_pipeline - INFO - [112/441] 處理 tile: tile_x13824_y14592
2026-07-22 01:45:20,318 - m3_module.m3_elastic_matching - INFO - elastic_dish_nucleus_matching(overlap-first): IHC=1, DISH=2, matched(1核)=0 (其中重疊=0), drop-out(競爭落敗)=0, 無候選(計入)=1, factor=1.50, min_reach=20.0
2026-07-22 01:45:20,430 - m3_module.m3_dot_detection - INFO - detect_all_dots: 紅點=0, 黑點=0, 涉及細胞=1
2026-07-22 01:45:20,467 - m4_module.cell_crops - INFO - 匯出 0 張 per-cell 影像至 docs/hybrid-pipeline/measurement/runs_cellpose421/large/cell_crops/tile_x13824_y13824/cells
2026-07-22 01:45:20,467 - hybrid_pipeline - INFO - Tile tile_x13824_y13824 完成: 核心擁有 0 細胞 (0 陽性), 0.93 秒
2026-07-22 01:45:20,671 - m3_module.m3_cells_generator - INFO - All-positive 標註完成: 39 個細胞
2026-07-22 01:45:20,720 - m3_module.m3_cells_generator - INFO - enlarge_cell_instances: 39 顆細胞, factor=1.50(面積), 中位半徑=34.6px, 外擴=7.8px
2026-07-22 01:45:21,077 - hybrid_pipeline - INFO - [113/441] 處理 tile: tile_x13824_y1536
2026-07-22 01:45:21,110 - m3_module.m3_elastic_matching - INFO - elastic_dish_nucleus_matching(overlap-first): IHC=39, DISH=31, matched(1核)=28 (其中重疊=27), drop-out(競爭落敗)=6, 無候選(計入)=5, factor=1.50, min_reach=20.0
2026-07-22 01:45:21,699 - m3_module.m3_dot_detection - INFO - detect_all_dots: 紅點=30, 黑點=70, 涉及細胞=39
2026-07-22 01:45:21,843 - m3_module.m3_cells_generator - INFO - All-positive 標註完成: 41 個細胞
2026-07-22 01:45:21,896 - m3_module.m3_cells_generator - INFO - enlarge_cell_instances: 41 顆細胞, factor=1.50(面積), 中位半徑=21.3px, 外擴=4.8px
2026-07-22 01:45:21,916 - m4_module.cell_crops - INFO - 匯出 29 張 per-cell 影像至 docs/hybrid-pipeline/measurement/runs_cellpose421/large/cell_crops/tile_x13824_y14592/cells
2026-07-22 01:45:21,916 - hybrid_pipeline - INFO - Tile tile_x13824_y14592 完成: 核心擁有 29 細胞 (29 陽性), 1.63 秒
2026-07-22 01:45:22,253 - hybrid_pipeline - INFO - [114/441] 處理 tile: tile_x13824_y15360
2026-07-22 01:45:22,285 - m3_module.m3_elastic_matching - INFO - elastic_dish_nucleus_matching(overlap-first): IHC=41, DISH=21, matched(1核)=15 (其中重疊=15), drop-out(競爭落敗)=2, 無候選(計入)=24, factor=1.50, min_reach=20.0
2026-07-22 01:45:22,556 - m3_module.m3_dot_detection - INFO - detect_all_dots: 紅點=14, 黑點=29, 涉及細胞=41
2026-07-22 01:45:22,681 - m3_module.m3_cells_generator - INFO - All-positive 標註完成: 43 個細胞
2026-07-22 01:45:22,729 - m3_module.m3_cells_generator - INFO - enlarge_cell_instances: 43 顆細胞, factor=1.50(面積), 中位半徑=22.5px, 外擴=5.1px
2026-07-22 01:45:22,740 - m4_module.cell_crops - INFO - 匯出 13 張 per-cell 影像至 docs/hybrid-pipeline/measurement/runs_cellpose421/large/cell_crops/tile_x13824_y1536/cells
2026-07-22 01:45:22,740 - hybrid_pipeline - INFO - Tile tile_x13824_y1536 完成: 核心擁有 13 細胞 (13 陽性), 1.66 秒
2026-07-22 01:45:23,083 - hybrid_pipeline - INFO - [115/441] 處理 tile: tile_x13824_y2304
2026-07-22 01:45:23,112 - m3_module.m3_elastic_matching - INFO - elastic_dish_nucleus_matching(overlap-first): IHC=43, DISH=28, matched(1核)=22 (其中重疊=22), drop-out(競爭落敗)=3, 無候選(計入)=18, factor=1.50, min_reach=20.0
2026-07-22 01:45:23,407 - m3_module.m3_dot_detection - INFO - detect_all_dots: 紅點=19, 黑點=39, 涉及細胞=43
2026-07-22 01:45:23,541 - m3_module.m3_cells_generator - INFO - All-positive 標註完成: 65 個細胞
2026-07-22 01:45:23,564 - m4_module.cell_crops - INFO - 匯出 10 張 per-cell 影像至 docs/hybrid-pipeline/measurement/runs_cellpose421/large/cell_crops/tile_x13824_y15360/cells
2026-07-22 01:45:23,564 - hybrid_pipeline - INFO - Tile tile_x13824_y15360 完成: 核心擁有 10 細胞 (10 陽性), 1.31 秒
2026-07-22 01:45:23,596 - m3_module.m3_cells_generator - INFO - enlarge_cell_instances: 65 顆細胞, factor=1.50(面積), 中位半徑=23.6px, 外擴=5.3px
2026-07-22 01:45:23,947 - hybrid_pipeline - INFO - [116/441] 處理 tile: tile_x13824_y3072
2026-07-22 01:45:23,983 - m3_module.m3_elastic_matching - INFO - elastic_dish_nucleus_matching(overlap-first): IHC=65, DISH=39, matched(1核)=30 (其中重疊=30), drop-out(競爭落敗)=11, 無候選(計入)=24, factor=1.50, min_reach=20.0
2026-07-22 01:45:24,581 - m3_module.m3_dot_detection - INFO - detect_all_dots: 紅點=29, 黑點=73, 涉及細胞=65
2026-07-22 01:45:24,720 - m3_module.m3_cells_generator - INFO - All-positive 標註完成: 53 個細胞
2026-07-22 01:45:24,778 - m3_module.m3_cells_generator - INFO - enlarge_cell_instances: 53 顆細胞, factor=1.50(面積), 中位半徑=25.8px, 外擴=5.8px
2026-07-22 01:45:24,867 - m4_module.cell_crops - INFO - 匯出 37 張 per-cell 影像至 docs/hybrid-pipeline/measurement/runs_cellpose421/large/cell_crops/tile_x13824_y2304/cells
2026-07-22 01:45:24,867 - hybrid_pipeline - INFO - Tile tile_x13824_y2304 完成: 核心擁有 37 細胞 (37 陽性), 1.78 秒
2026-07-22 01:45:25,134 - hybrid_pipeline - INFO - [117/441] 處理 tile: tile_x13824_y3840
2026-07-22 01:45:25,169 - m3_module.m3_elastic_matching - INFO - elastic_dish_nucleus_matching(overlap-first): IHC=53, DISH=25, matched(1核)=17 (其中重疊=17), drop-out(競爭落敗)=10, 無候選(計入)=26, factor=1.50, min_reach=20.0
2026-07-22 01:45:25,422 - m3_module.m3_dot_detection - INFO - detect_all_dots: 紅點=12, 黑點=32, 涉及細胞=53
2026-07-22 01:45:25,570 - m3_module.m3_cells_generator - INFO - All-positive 標註完成: 75 個細胞
2026-07-22 01:45:25,628 - m3_module.m3_cells_generator - INFO - enlarge_cell_instances: 75 顆細胞, factor=1.50(面積), 中位半徑=27.8px, 外擴=6.2px
2026-07-22 01:45:25,640 - m4_module.cell_crops - INFO - 匯出 19 張 per-cell 影像至 docs/hybrid-pipeline/measurement/runs_cellpose421/large/cell_crops/tile_x13824_y3072/cells
2026-07-22 01:45:25,640 - hybrid_pipeline - INFO - Tile tile_x13824_y3072 完成: 核心擁有 19 細胞 (19 陽性), 1.69 秒
2026-07-22 01:45:25,988 - hybrid_pipeline - INFO - [118/441] 處理 tile: tile_x13824_y4608
2026-07-22 01:45:26,021 - m3_module.m3_elastic_matching - INFO - elastic_dish_nucleus_matching(overlap-first): IHC=75, DISH=62, matched(1核)=45 (其中重疊=45), drop-out(競爭落敗)=7, 無候選(計入)=23, factor=1.50, min_reach=20.0
2026-07-22 01:45:26,986 - m3_module.m3_dot_detection - INFO - detect_all_dots: 紅點=66, 黑點=128, 涉及細胞=75
2026-07-22 01:45:27,128 - m3_module.m3_cells_generator - INFO - All-positive 標註完成: 22 個細胞
2026-07-22 01:45:27,175 - m3_module.m3_cells_generator - INFO - enlarge_cell_instances: 22 顆細胞, factor=1.50(面積), 中位半徑=25.1px, 外擴=5.6px
2026-07-22 01:45:27,352 - m4_module.cell_crops - INFO - 匯出 46 張 per-cell 影像至 docs/hybrid-pipeline/measurement/runs_cellpose421/large/cell_crops/tile_x13824_y3840/cells
2026-07-22 01:45:27,352 - hybrid_pipeline - INFO - Tile tile_x13824_y3840 完成: 核心擁有 46 細胞 (46 陽性), 2.22 秒
2026-07-22 01:45:27,537 - hybrid_pipeline - INFO - [119/441] 處理 tile: tile_x13824_y5376
2026-07-22 01:45:27,577 - m3_module.m3_elastic_matching - INFO - elastic_dish_nucleus_matching(overlap-first): IHC=22, DISH=22, matched(1核)=11 (其中重疊=11), drop-out(競爭落敗)=2, 無候選(計入)=9, factor=1.50, min_reach=20.0
2026-07-22 01:45:27,956 - m3_module.m3_dot_detection - INFO - detect_all_dots: 紅點=23, 黑點=44, 涉及細胞=22
2026-07-22 01:45:28,118 - m4_module.cell_crops - INFO - 匯出 9 張 per-cell 影像至 docs/hybrid-pipeline/measurement/runs_cellpose421/large/cell_crops/tile_x13824_y4608/cells
2026-07-22 01:45:28,118 - hybrid_pipeline - INFO - Tile tile_x13824_y4608 完成: 核心擁有 9 細胞 (9 陽性), 2.13 秒
2026-07-22 01:45:28,119 - hybrid_pipeline - INFO - [120/441] 處理 tile: tile_x13824_y6144
2026-07-22 01:45:28,154 - hybrid_pipeline - INFO - Tile tile_x13824_y5376: 核心遮罩全空 → 空白 placeholder
2026-07-22 01:45:28,259 - hybrid_pipeline - INFO - [121/441] 處理 tile: tile_x13824_y6912
2026-07-22 01:45:28,291 - hybrid_pipeline - INFO - Tile tile_x13824_y6144: 核心遮罩全空 → 空白 placeholder
2026-07-22 01:45:28,387 - hybrid_pipeline - INFO - [122/441] 處理 tile: tile_x13824_y768
2026-07-22 01:45:28,417 - hybrid_pipeline - INFO - Tile tile_x13824_y6912: 核心遮罩全空 → 空白 placeholder
2026-07-22 01:45:28,772 - m3_module.m3_cells_generator - INFO - All-positive 標註完成: 70 個細胞
2026-07-22 01:45:28,833 - m3_module.m3_cells_generator - INFO - enlarge_cell_instances: 70 顆細胞, factor=1.50(面積), 中位半徑=32.6px, 外擴=7.3px
2026-07-22 01:45:29,191 - hybrid_pipeline - INFO - [123/441] 處理 tile: tile_x13824_y7680
2026-07-22 01:45:29,224 - m3_module.m3_elastic_matching - INFO - elastic_dish_nucleus_matching(overlap-first): IHC=70, DISH=49, matched(1核)=38 (其中重疊=38), drop-out(競爭落敗)=9, 無候選(計入)=23, factor=1.50, min_reach=20.0
2026-07-22 01:45:30,099 - m3_module.m3_dot_detection - INFO - detect_all_dots: 紅點=40, 黑點=96, 涉及細胞=70
2026-07-22 01:45:30,395 - m4_module.cell_crops - INFO - 匯出 47 張 per-cell 影像至 docs/hybrid-pipeline/measurement/runs_cellpose421/large/cell_crops/tile_x13824_y768/cells
2026-07-22 01:45:30,395 - hybrid_pipeline - INFO - Tile tile_x13824_y768 完成: 核心擁有 47 細胞 (47 陽性), 2.01 秒
2026-07-22 01:45:30,395 - hybrid_pipeline - INFO - [124/441] 處理 tile: tile_x13824_y8448
2026-07-22 01:45:30,421 - hybrid_pipeline - INFO - Tile tile_x13824_y7680: 核心遮罩全空 → 空白 placeholder
2026-07-22 01:45:30,524 - hybrid_pipeline - INFO - [125/441] 處理 tile: tile_x13824_y9216
2026-07-22 01:45:30,552 - hybrid_pipeline - INFO - Tile tile_x13824_y8448: 核心遮罩全空 → 空白 placeholder
2026-07-22 01:45:30,648 - hybrid_pipeline - INFO - [126/441] 處理 tile: tile_x13824_y9984
2026-07-22 01:45:30,683 - hybrid_pipeline - INFO - Tile tile_x13824_y9216: 核心遮罩全空 → 空白 placeholder
2026-07-22 01:45:30,989 - m3_module.m3_cells_generator - INFO - All-positive 標註完成: 6 個細胞
2026-07-22 01:45:31,020 - m3_module.m3_cells_generator - INFO - enlarge_cell_instances: 6 顆細胞, factor=1.50(面積), 中位半徑=17.8px, 外擴=4.0px
2026-07-22 01:45:31,370 - hybrid_pipeline - INFO - [127/441] 處理 tile: tile_x14592_y0
2026-07-22 01:45:31,399 - m3_module.m3_elastic_matching - INFO - elastic_dish_nucleus_matching(overlap-first): IHC=6, DISH=9, matched(1核)=3 (其中重疊=3), drop-out(競爭落敗)=1, 無候選(計入)=2, factor=1.50, min_reach=20.0
2026-07-22 01:45:31,542 - m3_module.m3_dot_detection - INFO - detect_all_dots: 紅點=3, 黑點=3, 涉及細胞=6
2026-07-22 01:45:31,619 - m4_module.cell_crops - INFO - 匯出 0 張 per-cell 影像至 docs/hybrid-pipeline/measurement/runs_cellpose421/large/cell_crops/tile_x13824_y9984/cells
2026-07-22 01:45:31,619 - hybrid_pipeline - INFO - Tile tile_x13824_y9984 完成: 核心擁有 0 細胞 (0 陽性), 0.97 秒
2026-07-22 01:45:31,812 - m3_module.m3_cells_generator - INFO - All-positive 標註完成: 111 個細胞
2026-07-22 01:45:31,868 - m3_module.m3_cells_generator - INFO - enlarge_cell_instances: 111 顆細胞, factor=1.50(面積), 中位半徑=25.4px, 外擴=5.7px
2026-07-22 01:45:32,223 - hybrid_pipeline - INFO - [128/441] 處理 tile: tile_x14592_y10752
2026-07-22 01:45:32,260 - m3_module.m3_elastic_matching - INFO - elastic_dish_nucleus_matching(overlap-first): IHC=111, DISH=76, matched(1核)=55 (其中重疊=55), drop-out(競爭落敗)=26, 無候選(計入)=30, factor=1.50, min_reach=20.0
2026-07-22 01:45:33,272 - m3_module.m3_dot_detection - INFO - detect_all_dots: 紅點=61, 黑點=146, 涉及細胞=111
2026-07-22 01:45:33,428 - m3_module.m3_cells_generator - INFO - All-positive 標註完成: 64 個細胞
2026-07-22 01:45:33,481 - m3_module.m3_cells_generator - INFO - enlarge_cell_instances: 64 顆細胞, factor=1.50(面積), 中位半徑=26.7px, 外擴=6.0px
2026-07-22 01:45:33,615 - m4_module.cell_crops - INFO - 匯出 75 張 per-cell 影像至 docs/hybrid-pipeline/measurement/runs_cellpose421/large/cell_crops/tile_x14592_y0/cells
2026-07-22 01:45:33,615 - hybrid_pipeline - INFO - Tile tile_x14592_y0 完成: 核心擁有 75 細胞 (75 陽性), 2.24 秒
2026-07-22 01:45:33,846 - hybrid_pipeline - INFO - [129/441] 處理 tile: tile_x14592_y11520
2026-07-22 01:45:33,880 - m3_module.m3_elastic_matching - INFO - elastic_dish_nucleus_matching(overlap-first): IHC=64, DISH=83, matched(1核)=42 (其中重疊=42), drop-out(競爭落敗)=7, 無候選(計入)=15, factor=1.50, min_reach=20.0
2026-07-22 01:45:34,608 - m3_module.m3_dot_detection - INFO - detect_all_dots: 紅點=50, 黑點=87, 涉及細胞=64
2026-07-22 01:45:34,743 - m3_module.m3_cells_generator - INFO - All-positive 標註完成: 64 個細胞
2026-07-22 01:45:34,787 - m3_module.m3_cells_generator - INFO - enlarge_cell_instances: 64 顆細胞, factor=1.50(面積), 中位半徑=24.8px, 外擴=5.6px
2026-07-22 01:45:34,900 - m4_module.cell_crops - INFO - 匯出 31 張 per-cell 影像至 docs/hybrid-pipeline/measurement/runs_cellpose421/large/cell_crops/tile_x14592_y10752/cells
2026-07-22 01:45:34,900 - hybrid_pipeline - INFO - Tile tile_x14592_y10752 完成: 核心擁有 31 細胞 (31 陽性), 2.68 秒
2026-07-22 01:45:35,147 - hybrid_pipeline - INFO - [130/441] 處理 tile: tile_x14592_y12288
2026-07-22 01:45:35,184 - m3_module.m3_elastic_matching - INFO - elastic_dish_nucleus_matching(overlap-first): IHC=64, DISH=48, matched(1核)=36 (其中重疊=36), drop-out(競爭落敗)=5, 無候選(計入)=23, factor=1.50, min_reach=20.0
2026-07-22 01:45:35,807 - m3_module.m3_dot_detection - INFO - detect_all_dots: 紅點=39, 黑點=66, 涉及細胞=64
2026-07-22 01:45:35,925 - m3_module.m3_cells_generator - INFO - All-positive 標註完成: 17 個細胞
2026-07-22 01:45:35,964 - m3_module.m3_cells_generator - INFO - enlarge_cell_instances: 17 顆細胞, factor=1.50(面積), 中位半徑=25.1px, 外擴=5.6px
2026-07-22 01:45:36,035 - m4_module.cell_crops - INFO - 匯出 29 張 per-cell 影像至 docs/hybrid-pipeline/measurement/runs_cellpose421/large/cell_crops/tile_x14592_y11520/cells
2026-07-22 01:45:36,035 - hybrid_pipeline - INFO - Tile tile_x14592_y11520 完成: 核心擁有 29 細胞 (29 陽性), 2.19 秒
2026-07-22 01:45:36,323 - hybrid_pipeline - INFO - [131/441] 處理 tile: tile_x14592_y13056
2026-07-22 01:45:36,357 - m3_module.m3_elastic_matching - INFO - elastic_dish_nucleus_matching(overlap-first): IHC=17, DISH=5, matched(1核)=5 (其中重疊=5), drop-out(競爭落敗)=3, 無候選(計入)=9, factor=1.50, min_reach=20.0
2026-07-22 01:45:36,596 - m3_module.m3_dot_detection - INFO - detect_all_dots: 紅點=4, 黑點=11, 涉及細胞=17
2026-07-22 01:45:36,690 - m4_module.cell_crops - INFO - 匯出 5 張 per-cell 影像至 docs/hybrid-pipeline/measurement/runs_cellpose421/large/cell_crops/tile_x14592_y12288/cells
2026-07-22 01:45:36,690 - hybrid_pipeline - INFO - Tile tile_x14592_y12288 完成: 核心擁有 5 細胞 (5 陽性), 1.54 秒
2026-07-22 01:45:36,691 - hybrid_pipeline - INFO - [132/441] 處理 tile: tile_x14592_y13824
2026-07-22 01:45:36,714 - hybrid_pipeline - INFO - Tile tile_x14592_y13056: 核心遮罩全空 → 空白 placeholder
2026-07-22 01:45:36,819 - hybrid_pipeline - INFO - [133/441] 處理 tile: tile_x14592_y14592
2026-07-22 01:45:36,849 - hybrid_pipeline - INFO - Tile tile_x14592_y13824: 核心遮罩全空 → 空白 placeholder
2026-07-22 01:45:37,170 - m3_module.m3_cells_generator - INFO - All-positive 標註完成: 20 個細胞
2026-07-22 01:45:37,215 - m3_module.m3_cells_generator - INFO - enlarge_cell_instances: 20 顆細胞, factor=1.50(面積), 中位半徑=20.5px, 外擴=4.6px
2026-07-22 01:45:37,562 - hybrid_pipeline - INFO - [134/441] 處理 tile: tile_x14592_y1536
2026-07-22 01:45:37,592 - m3_module.m3_elastic_matching - INFO - elastic_dish_nucleus_matching(overlap-first): IHC=20, DISH=13, matched(1核)=11 (其中重疊=11), drop-out(競爭落敗)=3, 無候選(計入)=6, factor=1.50, min_reach=20.0
2026-07-22 01:45:37,866 - m3_module.m3_dot_detection - INFO - detect_all_dots: 紅點=16, 黑點=36, 涉及細胞=20
2026-07-22 01:45:38,002 - m4_module.cell_crops - INFO - 匯出 7 張 per-cell 影像至 docs/hybrid-pipeline/measurement/runs_cellpose421/large/cell_crops/tile_x14592_y14592/cells
2026-07-22 01:45:38,002 - hybrid_pipeline - INFO - Tile tile_x14592_y14592 完成: 核心擁有 7 細胞 (7 陽性), 1.18 秒
2026-07-22 01:45:38,129 - m3_module.m3_cells_generator - INFO - All-positive 標註完成: 98 個細胞
2026-07-22 01:45:38,193 - m3_module.m3_cells_generator - INFO - enlarge_cell_instances: 98 顆細胞, factor=1.50(面積), 中位半徑=31.1px, 外擴=7.0px
2026-07-22 01:45:38,553 - hybrid_pipeline - INFO - [135/441] 處理 tile: tile_x14592_y15360
2026-07-22 01:45:38,591 - m3_module.m3_elastic_matching - INFO - elastic_dish_nucleus_matching(overlap-first): IHC=98, DISH=70, matched(1核)=56 (其中重疊=55), drop-out(競爭落敗)=12, 無候選(計入)=30, factor=1.50, min_reach=20.0
2026-07-22 01:45:39,588 - m3_module.m3_dot_detection - INFO - detect_all_dots: 紅點=49, 黑點=141, 涉及細胞=98
2026-07-22 01:45:39,753 - m3_module.m3_cells_generator - INFO - All-positive 標註完成: 101 個細胞
2026-07-22 01:45:39,812 - m3_module.m3_cells_generator - INFO - enlarge_cell_instances: 101 顆細胞, factor=1.50(面積), 中位半徑=24.3px, 外擴=5.5px
2026-07-22 01:45:40,019 - m4_module.cell_crops - INFO - 匯出 59 張 per-cell 影像至 docs/hybrid-pipeline/measurement/runs_cellpose421/large/cell_crops/tile_x14592_y1536/cells
2026-07-22 01:45:40,019 - hybrid_pipeline - INFO - Tile tile_x14592_y1536 完成: 核心擁有 59 細胞 (59 陽性), 2.46 秒
2026-07-22 01:45:40,184 - hybrid_pipeline - INFO - [136/441] 處理 tile: tile_x14592_y2304
2026-07-22 01:45:40,220 - m3_module.m3_elastic_matching - INFO - elastic_dish_nucleus_matching(overlap-first): IHC=101, DISH=79, matched(1核)=60 (其中重疊=60), drop-out(競爭落敗)=12, 無候選(計入)=29, factor=1.50, min_reach=20.0
2026-07-22 01:45:41,326 - m3_module.m3_dot_detection - INFO - detect_all_dots: 紅點=60, 黑點=141, 涉及細胞=101
2026-07-22 01:45:41,477 - m3_module.m3_cells_generator - INFO - All-positive 標註完成: 108 個細胞
2026-07-22 01:45:41,535 - m3_module.m3_cells_generator - INFO - enlarge_cell_instances: 108 顆細胞, factor=1.50(面積), 中位半徑=27.0px, 外擴=6.1px
2026-07-22 01:45:41,661 - m4_module.cell_crops - INFO - 匯出 78 張 per-cell 影像至 docs/hybrid-pipeline/measurement/runs_cellpose421/large/cell_crops/tile_x14592_y15360/cells
2026-07-22 01:45:41,661 - hybrid_pipeline - INFO - Tile tile_x14592_y15360 完成: 核心擁有 78 細胞 (78 陽性), 3.11 秒
2026-07-22 01:45:41,894 - hybrid_pipeline - INFO - [137/441] 處理 tile: tile_x14592_y3072
2026-07-22 01:45:41,933 - m3_module.m3_elastic_matching - INFO - elastic_dish_nucleus_matching(overlap-first): IHC=108, DISH=75, matched(1核)=58 (其中重疊=58), drop-out(競爭落敗)=18, 無候選(計入)=32, factor=1.50, min_reach=20.0
2026-07-22 01:45:42,772 - m3_module.m3_dot_detection - INFO - detect_all_dots: 紅點=57, 黑點=133, 涉及細胞=108
2026-07-22 01:45:42,922 - m3_module.m3_cells_generator - INFO - All-positive 標註完成: 52 個細胞
2026-07-22 01:45:42,973 - m3_module.m3_cells_generator - INFO - enlarge_cell_instances: 52 顆細胞, factor=1.50(面積), 中位半徑=31.3px, 外擴=7.0px
2026-07-22 01:45:43,151 - m4_module.cell_crops - INFO - 匯出 61 張 per-cell 影像至 docs/hybrid-pipeline/measurement/runs_cellpose421/large/cell_crops/tile_x14592_y2304/cells
2026-07-22 01:45:43,151 - hybrid_pipeline - INFO - Tile tile_x14592_y2304 完成: 核心擁有 61 細胞 (61 陽性), 2.97 秒
2026-07-22 01:45:43,338 - hybrid_pipeline - INFO - [138/441] 處理 tile: tile_x14592_y3840
2026-07-22 01:45:43,373 - m3_module.m3_elastic_matching - INFO - elastic_dish_nucleus_matching(overlap-first): IHC=52, DISH=45, matched(1核)=30 (其中重疊=30), drop-out(競爭落敗)=8, 無候選(計入)=14, factor=1.50, min_reach=20.0
2026-07-22 01:45:43,858 - m3_module.m3_dot_detection - INFO - detect_all_dots: 紅點=24, 黑點=61, 涉及細胞=52
2026-07-22 01:45:43,970 - m3_module.m3_cells_generator - INFO - All-positive 標註完成: 16 個細胞
2026-07-22 01:45:44,010 - m3_module.m3_cells_generator - INFO - enlarge_cell_instances: 16 顆細胞, factor=1.50(面積), 中位半徑=20.5px, 外擴=4.6px
2026-07-22 01:45:44,109 - m4_module.cell_crops - INFO - 匯出 29 張 per-cell 影像至 docs/hybrid-pipeline/measurement/runs_cellpose421/large/cell_crops/tile_x14592_y3072/cells
2026-07-22 01:45:44,109 - hybrid_pipeline - INFO - Tile tile_x14592_y3072 完成: 核心擁有 29 細胞 (29 陽性), 2.21 秒
2026-07-22 01:45:44,370 - hybrid_pipeline - INFO - [139/441] 處理 tile: tile_x14592_y4608
2026-07-22 01:45:44,401 - m3_module.m3_elastic_matching - INFO - elastic_dish_nucleus_matching(overlap-first): IHC=16, DISH=8, matched(1核)=4 (其中重疊=4), drop-out(競爭落敗)=0, 無候選(計入)=12, factor=1.50, min_reach=20.0
2026-07-22 01:45:44,618 - m3_module.m3_dot_detection - INFO - detect_all_dots: 紅點=4, 黑點=6, 涉及細胞=16
2026-07-22 01:45:44,716 - m4_module.cell_crops - INFO - 匯出 8 張 per-cell 影像至 docs/hybrid-pipeline/measurement/runs_cellpose421/large/cell_crops/tile_x14592_y3840/cells
2026-07-22 01:45:44,716 - hybrid_pipeline - INFO - Tile tile_x14592_y3840 完成: 核心擁有 8 細胞 (8 陽性), 1.38 秒
2026-07-22 01:45:44,716 - hybrid_pipeline - INFO - [140/441] 處理 tile: tile_x14592_y5376
2026-07-22 01:45:44,741 - hybrid_pipeline - INFO - Tile tile_x14592_y4608: 核心遮罩全空 → 空白 placeholder
2026-07-22 01:45:44,840 - hybrid_pipeline - INFO - [141/441] 處理 tile: tile_x14592_y6144
2026-07-22 01:45:44,869 - hybrid_pipeline - INFO - Tile tile_x14592_y5376: 核心遮罩全空 → 空白 placeholder
2026-07-22 01:45:45,181 - m3_module.m3_cells_generator - INFO - All-positive 標註完成: 9 個細胞
2026-07-22 01:45:45,213 - m3_module.m3_cells_generator - INFO - enlarge_cell_instances: 9 顆細胞, factor=1.50(面積), 中位半徑=18.9px, 外擴=4.3px
2026-07-22 01:45:45,569 - hybrid_pipeline - INFO - [142/441] 處理 tile: tile_x14592_y6912
2026-07-22 01:45:45,597 - m3_module.m3_elastic_matching - INFO - elastic_dish_nucleus_matching(overlap-first): IHC=9, DISH=6, matched(1核)=4 (其中重疊=4), drop-out(競爭落敗)=0, 無候選(計入)=5, factor=1.50, min_reach=20.0
2026-07-22 01:45:45,820 - m3_module.m3_dot_detection - INFO - detect_all_dots: 紅點=2, 黑點=4, 涉及細胞=9
2026-07-22 01:45:45,898 - m4_module.cell_crops - INFO - 匯出 2 張 per-cell 影像至 docs/hybrid-pipeline/measurement/runs_cellpose421/large/cell_crops/tile_x14592_y6144/cells
2026-07-22 01:45:45,898 - hybrid_pipeline - INFO - Tile tile_x14592_y6144 完成: 核心擁有 2 細胞 (2 陽性), 1.06 秒
2026-07-22 01:45:45,899 - hybrid_pipeline - INFO - [143/441] 處理 tile: tile_x14592_y768
2026-07-22 01:45:45,923 - hybrid_pipeline - INFO - Tile tile_x14592_y6912: 核心遮罩全空 → 空白 placeholder
2026-07-22 01:45:46,314 - m3_module.m3_cells_generator - INFO - All-positive 標註完成: 109 個細胞
2026-07-22 01:45:46,376 - m3_module.m3_cells_generator - INFO - enlarge_cell_instances: 109 顆細胞, factor=1.50(面積), 中位半徑=27.2px, 外擴=6.1px
2026-07-22 01:45:46,734 - hybrid_pipeline - INFO - [144/441] 處理 tile: tile_x14592_y7680
2026-07-22 01:45:46,770 - m3_module.m3_elastic_matching - INFO - elastic_dish_nucleus_matching(overlap-first): IHC=109, DISH=84, matched(1核)=62 (其中重疊=62), drop-out(競爭落敗)=12, 無候選(計入)=35, factor=1.50, min_reach=20.0
2026-07-22 01:45:47,923 - m3_module.m3_dot_detection - INFO - detect_all_dots: 紅點=64, 黑點=155, 涉及細胞=109
2026-07-22 01:45:48,014 - m3_module.m3_cells_generator - INFO - All-positive 標註完成: 1 個細胞
2026-07-22 01:45:48,043 - m3_module.m3_cells_generator - INFO - enlarge_cell_instances: 1 顆細胞, factor=1.50(面積), 中位半徑=15.4px, 外擴=3.5px
2026-07-22 01:45:48,285 - m4_module.cell_crops - INFO - 匯出 61 張 per-cell 影像至 docs/hybrid-pipeline/measurement/runs_cellpose421/large/cell_crops/tile_x14592_y768/cells
2026-07-22 01:45:48,285 - hybrid_pipeline - INFO - Tile tile_x14592_y768 完成: 核心擁有 61 細胞 (61 陽性), 2.39 秒
2026-07-22 01:45:48,396 - hybrid_pipeline - INFO - [145/441] 處理 tile: tile_x14592_y8448
2026-07-22 01:45:48,599 - m3_module.m3_dot_detection - INFO - detect_all_dots: 紅點=0, 黑點=0, 涉及細胞=1
2026-07-22 01:45:48,634 - m4_module.cell_crops - INFO - 匯出 0 張 per-cell 影像至 docs/hybrid-pipeline/measurement/runs_cellpose421/large/cell_crops/tile_x14592_y7680/cells
2026-07-22 01:45:48,634 - hybrid_pipeline - INFO - Tile tile_x14592_y7680 完成: 核心擁有 0 細胞 (0 陽性), 1.90 秒
2026-07-22 01:45:48,634 - hybrid_pipeline - INFO - [146/441] 處理 tile: tile_x14592_y9216
2026-07-22 01:45:48,661 - hybrid_pipeline - INFO - Tile tile_x14592_y8448: 核心遮罩全空 → 空白 placeholder
2026-07-22 01:45:48,878 - cellpose.dynamics - INFO - No cell pixels found.
2026-07-22 01:45:48,923 - m3_module.m3_cells_generator - INFO - All-positive 標註完成: 0 個細胞
2026-07-22 01:45:49,292 - hybrid_pipeline - INFO - [147/441] 處理 tile: tile_x14592_y9984
2026-07-22 01:45:49,430 - m3_module.m3_dot_detection - INFO - detect_all_dots: 紅點=0, 黑點=0, 涉及細胞=0
2026-07-22 01:45:49,462 - m4_module.cell_crops - INFO - 匯出 0 張 per-cell 影像至 docs/hybrid-pipeline/measurement/runs_cellpose421/large/cell_crops/tile_x14592_y9216/cells
2026-07-22 01:45:49,462 - hybrid_pipeline - INFO - Tile tile_x14592_y9216 完成: 核心擁有 0 細胞 (0 陽性), 0.83 秒
2026-07-22 01:45:49,675 - m3_module.m3_cells_generator - INFO - All-positive 標註完成: 58 個細胞
2026-07-22 01:45:49,725 - m3_module.m3_cells_generator - INFO - enlarge_cell_instances: 58 顆細胞, factor=1.50(面積), 中位半徑=27.0px, 外擴=6.1px
2026-07-22 01:45:50,080 - hybrid_pipeline - INFO - [148/441] 處理 tile: tile_x15360_y0
2026-07-22 01:45:50,114 - m3_module.m3_elastic_matching - INFO - elastic_dish_nucleus_matching(overlap-first): IHC=58, DISH=65, matched(1核)=42 (其中重疊=42), drop-out(競爭落敗)=7, 無候選(計入)=9, factor=1.50, min_reach=20.0
2026-07-22 01:45:50,920 - m3_module.m3_dot_detection - INFO - detect_all_dots: 紅點=51, 黑點=94, 涉及細胞=58
2026-07-22 01:45:51,085 - m3_module.m3_cells_generator - INFO - All-positive 標註完成: 95 個細胞
2026-07-22 01:45:51,144 - m3_module.m3_cells_generator - INFO - enlarge_cell_instances: 95 顆細胞, factor=1.50(面積), 中位半徑=24.0px, 外擴=5.4px
2026-07-22 01:45:51,163 - m4_module.cell_crops - INFO - 匯出 45 張 per-cell 影像至 docs/hybrid-pipeline/measurement/runs_cellpose421/large/cell_crops/tile_x14592_y9984/cells
2026-07-22 01:45:51,163 - hybrid_pipeline - INFO - Tile tile_x14592_y9984 完成: 核心擁有 45 細胞 (45 陽性), 1.87 秒
2026-07-22 01:45:51,505 - hybrid_pipeline - INFO - [149/441] 處理 tile: tile_x15360_y10752
2026-07-22 01:45:51,541 - m3_module.m3_elastic_matching - INFO - elastic_dish_nucleus_matching(overlap-first): IHC=95, DISH=67, matched(1核)=43 (其中重疊=43), drop-out(競爭落敗)=23, 無候選(計入)=29, factor=1.50, min_reach=20.0
2026-07-22 01:45:52,153 - m3_module.m3_dot_detection - INFO - detect_all_dots: 紅點=54, 黑點=129, 涉及細胞=95
2026-07-22 01:45:52,293 - m3_module.m3_cells_generator - INFO - All-positive 標註完成: 68 個細胞
2026-07-22 01:45:52,344 - m3_module.m3_cells_generator - INFO - enlarge_cell_instances: 68 顆細胞, factor=1.50(面積), 中位半徑=26.4px, 外擴=5.9px
2026-07-22 01:45:52,502 - m4_module.cell_crops - INFO - 匯出 62 張 per-cell 影像至 docs/hybrid-pipeline/measurement/runs_cellpose421/large/cell_crops/tile_x15360_y0/cells
2026-07-22 01:45:52,502 - hybrid_pipeline - INFO - Tile tile_x15360_y0 完成: 核心擁有 62 細胞 (62 陽性), 2.42 秒
2026-07-22 01:45:52,707 - hybrid_pipeline - INFO - [150/441] 處理 tile: tile_x15360_y11520
2026-07-22 01:45:52,741 - m3_module.m3_elastic_matching - INFO - elastic_dish_nucleus_matching(overlap-first): IHC=68, DISH=66, matched(1核)=45 (其中重疊=45), drop-out(競爭落敗)=9, 無候選(計入)=14, factor=1.50, min_reach=20.0
2026-07-22 01:45:53,500 - m3_module.m3_dot_detection - INFO - detect_all_dots: 紅點=46, 黑點=99, 涉及細胞=68
2026-07-22 01:45:53,692 - m3_module.m3_cells_generator - INFO - All-positive 標註完成: 145 個細胞
2026-07-22 01:45:53,714 - m4_module.cell_crops - INFO - 匯出 36 張 per-cell 影像至 docs/hybrid-pipeline/measurement/runs_cellpose421/large/cell_crops/tile_x15360_y10752/cells
2026-07-22 01:45:53,714 - hybrid_pipeline - INFO - Tile tile_x15360_y10752 完成: 核心擁有 36 細胞 (36 陽性), 2.21 秒
2026-07-22 01:45:53,753 - m3_module.m3_cells_generator - INFO - enlarge_cell_instances: 145 顆細胞, factor=1.50(面積), 中位半徑=25.8px, 外擴=5.8px
2026-07-22 01:45:54,111 - hybrid_pipeline - INFO - [151/441] 處理 tile: tile_x15360_y12288
2026-07-22 01:45:54,150 - m3_module.m3_elastic_matching - INFO - elastic_dish_nucleus_matching(overlap-first): IHC=145, DISH=95, matched(1核)=78 (其中重疊=78), drop-out(競爭落敗)=29, 無候選(計入)=38, factor=1.50, min_reach=20.0
2026-07-22 01:45:55,521 - m3_module.m3_dot_detection - INFO - detect_all_dots: 紅點=73, 黑點=185, 涉及細胞=145
2026-07-22 01:45:55,687 - m3_module.m3_cells_generator - INFO - All-positive 標註完成: 103 個細胞
2026-07-22 01:45:55,745 - m3_module.m3_cells_generator - INFO - enlarge_cell_instances: 103 顆細胞, factor=1.50(面積), 中位半徑=29.3px, 外擴=6.6px
2026-07-22 01:45:55,971 - m4_module.cell_crops - INFO - 匯出 84 張 per-cell 影像至 docs/hybrid-pipeline/measurement/runs_cellpose421/large/cell_crops/tile_x15360_y11520/cells
2026-07-22 01:45:55,972 - hybrid_pipeline - INFO - Tile tile_x15360_y11520 完成: 核心擁有 84 細胞 (84 陽性), 3.26 秒
2026-07-22 01:45:56,117 - hybrid_pipeline - INFO - [152/441] 處理 tile: tile_x15360_y13056
2026-07-22 01:45:56,153 - m3_module.m3_elastic_matching - INFO - elastic_dish_nucleus_matching(overlap-first): IHC=103, DISH=68, matched(1核)=53 (其中重疊=53), drop-out(競爭落敗)=16, 無候選(計入)=34, factor=1.50, min_reach=20.0
2026-07-22 01:45:57,070 - m3_module.m3_dot_detection - INFO - detect_all_dots: 紅點=37, 黑點=137, 涉及細胞=103
2026-07-22 01:45:57,182 - m3_module.m3_cells_generator - INFO - All-positive 標註完成: 36 個細胞
2026-07-22 01:45:57,223 - m3_module.m3_cells_generator - INFO - enlarge_cell_instances: 36 顆細胞, factor=1.50(面積), 中位半徑=22.5px, 外擴=5.0px
2026-07-22 01:45:57,435 - m4_module.cell_crops - INFO - 匯出 68 張 per-cell 影像至 docs/hybrid-pipeline/measurement/runs_cellpose421/large/cell_crops/tile_x15360_y12288/cells
2026-07-22 01:45:57,435 - hybrid_pipeline - INFO - Tile tile_x15360_y12288 完成: 核心擁有 68 細胞 (68 陽性), 3.32 秒
2026-07-22 01:45:57,583 - hybrid_pipeline - INFO - [153/441] 處理 tile: tile_x15360_y13824
2026-07-22 01:45:57,621 - m3_module.m3_elastic_matching - INFO - elastic_dish_nucleus_matching(overlap-first): IHC=36, DISH=22, matched(1核)=16 (其中重疊=16), drop-out(競爭落敗)=9, 無候選(計入)=11, factor=1.50, min_reach=20.0
2026-07-22 01:45:57,888 - m3_module.m3_dot_detection - INFO - detect_all_dots: 紅點=11, 黑點=37, 涉及細胞=36
2026-07-22 01:45:57,988 - m3_module.m3_cells_generator - INFO - All-positive 標註完成: 8 個細胞
2026-07-22 01:45:58,021 - m3_module.m3_cells_generator - INFO - enlarge_cell_instances: 8 顆細胞, factor=1.50(面積), 中位半徑=18.0px, 外擴=4.0px
2026-07-22 01:45:58,022 - m4_module.cell_crops - INFO - 匯出 29 張 per-cell 影像至 docs/hybrid-pipeline/measurement/runs_cellpose421/large/cell_crops/tile_x15360_y13056/cells
2026-07-22 01:45:58,022 - hybrid_pipeline - INFO - Tile tile_x15360_y13056 完成: 核心擁有 29 細胞 (29 陽性), 1.91 秒
2026-07-22 01:45:58,367 - hybrid_pipeline - INFO - [154/441] 處理 tile: tile_x15360_y14592
2026-07-22 01:45:58,396 - m3_module.m3_elastic_matching - INFO - elastic_dish_nucleus_matching(overlap-first): IHC=8, DISH=1, matched(1核)=1 (其中重疊=1), drop-out(競爭落敗)=1, 無候選(計入)=6, factor=1.50, min_reach=20.0
2026-07-22 01:45:58,525 - m3_module.m3_dot_detection - INFO - detect_all_dots: 紅點=0, 黑點=0, 涉及細胞=8
2026-07-22 01:45:58,595 - m4_module.cell_crops - INFO - 匯出 8 張 per-cell 影像至 docs/hybrid-pipeline/measurement/runs_cellpose421/large/cell_crops/tile_x15360_y13824/cells
2026-07-22 01:45:58,595 - hybrid_pipeline - INFO - Tile tile_x15360_y13824 完成: 核心擁有 8 細胞 (8 陽性), 1.01 秒
2026-07-22 01:45:58,714 - m3_module.m3_cells_generator - INFO - All-positive 標註完成: 3 個細胞
2026-07-22 01:45:58,743 - m3_module.m3_cells_generator - INFO - enlarge_cell_instances: 3 顆細胞, factor=1.50(面積), 中位半徑=19.6px, 外擴=4.4px
2026-07-22 01:45:59,094 - hybrid_pipeline - INFO - [155/441] 處理 tile: tile_x15360_y1536
2026-07-22 01:45:59,123 - m3_module.m3_elastic_matching - INFO - elastic_dish_nucleus_matching(overlap-first): IHC=3, DISH=3, matched(1核)=2 (其中重疊=2), drop-out(競爭落敗)=0, 無候選(計入)=1, factor=1.50, min_reach=20.0
2026-07-22 01:45:59,251 - m3_module.m3_dot_detection - INFO - detect_all_dots: 紅點=0, 黑點=3, 涉及細胞=3
2026-07-22 01:45:59,311 - m4_module.cell_crops - INFO - 匯出 0 張 per-cell 影像至 docs/hybrid-pipeline/measurement/runs_cellpose421/large/cell_crops/tile_x15360_y14592/cells
2026-07-22 01:45:59,311 - hybrid_pipeline - INFO - Tile tile_x15360_y14592 完成: 核心擁有 0 細胞 (0 陽性), 0.94 秒
2026-07-22 01:45:59,566 - m3_module.m3_cells_generator - INFO - All-positive 標註完成: 105 個細胞
2026-07-22 01:45:59,626 - m3_module.m3_cells_generator - INFO - enlarge_cell_instances: 105 顆細胞, factor=1.50(面積), 中位半徑=29.1px, 外擴=6.5px
2026-07-22 01:45:59,981 - hybrid_pipeline - INFO - [156/441] 處理 tile: tile_x15360_y15360
2026-07-22 01:46:00,014 - m3_module.m3_elastic_matching - INFO - elastic_dish_nucleus_matching(overlap-first): IHC=105, DISH=73, matched(1核)=58 (其中重疊=58), drop-out(競爭落敗)=9, 無候選(計入)=38, factor=1.50, min_reach=20.0
2026-07-22 01:46:01,155 - m3_module.m3_dot_detection - INFO - detect_all_dots: 紅點=62, 黑點=173, 涉及細胞=105
2026-07-22 01:46:01,286 - m3_module.m3_cells_generator - INFO - All-positive 標註完成: 25 個細胞
2026-07-22 01:46:01,323 - m3_module.m3_cells_generator - INFO - enlarge_cell_instances: 25 顆細胞, factor=1.50(面積), 中位半徑=27.0px, 外擴=6.1px
2026-07-22 01:46:01,587 - m4_module.cell_crops - INFO - 匯出 59 張 per-cell 影像至 docs/hybrid-pipeline/measurement/runs_cellpose421/large/cell_crops/tile_x15360_y1536/cells
2026-07-22 01:46:01,587 - hybrid_pipeline - INFO - Tile tile_x15360_y1536 完成: 核心擁有 59 細胞 (59 陽性), 2.49 秒
2026-07-22 01:46:01,685 - hybrid_pipeline - INFO - [157/441] 處理 tile: tile_x15360_y2304
2026-07-22 01:46:01,718 - m3_module.m3_elastic_matching - INFO - elastic_dish_nucleus_matching(overlap-first): IHC=25, DISH=25, matched(1核)=17 (其中重疊=16), drop-out(競爭落敗)=4, 無候選(計入)=4, factor=1.50, min_reach=20.0
2026-07-22 01:46:02,032 - m3_module.m3_dot_detection - INFO - detect_all_dots: 紅點=16, 黑點=34, 涉及細胞=25
2026-07-22 01:46:02,161 - m4_module.cell_crops - INFO - 匯出 8 張 per-cell 影像至 docs/hybrid-pipeline/measurement/runs_cellpose421/large/cell_crops/tile_x15360_y15360/cells
2026-07-22 01:46:02,161 - hybrid_pipeline - INFO - Tile tile_x15360_y15360 完成: 核心擁有 8 細胞 (8 陽性), 2.18 秒
2026-07-22 01:46:02,206 - m3_module.m3_cells_generator - INFO - All-positive 標註完成: 95 個細胞
2026-07-22 01:46:02,265 - m3_module.m3_cells_generator - INFO - enlarge_cell_instances: 95 顆細胞, factor=1.50(面積), 中位半徑=26.9px, 外擴=6.1px
2026-07-22 01:46:02,620 - hybrid_pipeline - INFO - [158/441] 處理 tile: tile_x15360_y3072
2026-07-22 01:46:02,654 - m3_module.m3_elastic_matching - INFO - elastic_dish_nucleus_matching(overlap-first): IHC=95, DISH=63, matched(1核)=48 (其中重疊=48), drop-out(競爭落敗)=14, 無候選(計入)=33, factor=1.50, min_reach=20.0
2026-07-22 01:46:03,643 - m3_module.m3_dot_detection - INFO - detect_all_dots: 紅點=54, 黑點=137, 涉及細胞=95
2026-07-22 01:46:03,799 - m3_module.m3_cells_generator - INFO - All-positive 標註完成: 55 個細胞
2026-07-22 01:46:03,847 - m3_module.m3_cells_generator - INFO - enlarge_cell_instances: 55 顆細胞, factor=1.50(面積), 中位半徑=26.5px, 外擴=6.0px
2026-07-22 01:46:04,020 - m4_module.cell_crops - INFO - 匯出 68 張 per-cell 影像至 docs/hybrid-pipeline/measurement/runs_cellpose421/large/cell_crops/tile_x15360_y2304/cells
2026-07-22 01:46:04,020 - hybrid_pipeline - INFO - Tile tile_x15360_y2304 完成: 核心擁有 68 細胞 (68 陽性), 2.33 秒
2026-07-22 01:46:04,207 - hybrid_pipeline - INFO - [159/441] 處理 tile: tile_x15360_y3840
2026-07-22 01:46:04,242 - m3_module.m3_elastic_matching - INFO - elastic_dish_nucleus_matching(overlap-first): IHC=55, DISH=46, matched(1核)=33 (其中重疊=33), drop-out(競爭落敗)=7, 無候選(計入)=15, factor=1.50, min_reach=20.0
2026-07-22 01:46:04,902 - m3_module.m3_dot_detection - INFO - detect_all_dots: 紅點=43, 黑點=95, 涉及細胞=55
2026-07-22 01:46:05,014 - m3_module.m3_cells_generator - INFO - All-positive 標註完成: 13 個細胞
2026-07-22 01:46:05,052 - m3_module.m3_cells_generator - INFO - enlarge_cell_instances: 13 顆細胞, factor=1.50(面積), 中位半徑=25.1px, 外擴=5.6px
2026-07-22 01:46:05,149 - m4_module.cell_crops - INFO - 匯出 35 張 per-cell 影像至 docs/hybrid-pipeline/measurement/runs_cellpose421/large/cell_crops/tile_x15360_y3072/cells
2026-07-22 01:46:05,149 - hybrid_pipeline - INFO - Tile tile_x15360_y3072 完成: 核心擁有 35 細胞 (35 陽性), 2.53 秒
2026-07-22 01:46:05,414 - hybrid_pipeline - INFO - [160/441] 處理 tile: tile_x15360_y4608
2026-07-22 01:46:05,445 - m3_module.m3_elastic_matching - INFO - elastic_dish_nucleus_matching(overlap-first): IHC=13, DISH=12, matched(1核)=8 (其中重疊=8), drop-out(競爭落敗)=1, 無候選(計入)=4, factor=1.50, min_reach=20.0
2026-07-22 01:46:05,631 - m3_module.m3_dot_detection - INFO - detect_all_dots: 紅點=8, 黑點=22, 涉及細胞=13
2026-07-22 01:46:05,721 - m4_module.cell_crops - INFO - 匯出 6 張 per-cell 影像至 docs/hybrid-pipeline/measurement/runs_cellpose421/large/cell_crops/tile_x15360_y3840/cells
2026-07-22 01:46:05,721 - hybrid_pipeline - INFO - Tile tile_x15360_y3840 完成: 核心擁有 6 細胞 (6 陽性), 1.51 秒
2026-07-22 01:46:05,792 - m3_module.m3_cells_generator - INFO - All-positive 標註完成: 24 個細胞
2026-07-22 01:46:05,830 - m3_module.m3_cells_generator - INFO - enlarge_cell_instances: 24 顆細胞, factor=1.50(面積), 中位半徑=19.6px, 外擴=4.4px
2026-07-22 01:46:06,186 - hybrid_pipeline - INFO - [161/441] 處理 tile: tile_x15360_y5376
2026-07-22 01:46:06,216 - m3_module.m3_elastic_matching - INFO - elastic_dish_nucleus_matching(overlap-first): IHC=24, DISH=21, matched(1核)=12 (其中重疊=12), drop-out(競爭落敗)=2, 無候選(計入)=10, factor=1.50, min_reach=20.0
2026-07-22 01:46:06,434 - m3_module.m3_dot_detection - INFO - detect_all_dots: 紅點=10, 黑點=23, 涉及細胞=24
2026-07-22 01:46:06,537 - m4_module.cell_crops - INFO - 匯出 15 張 per-cell 影像至 docs/hybrid-pipeline/measurement/runs_cellpose421/large/cell_crops/tile_x15360_y4608/cells
2026-07-22 01:46:06,537 - hybrid_pipeline - INFO - Tile tile_x15360_y4608 完成: 核心擁有 15 細胞 (15 陽性), 1.12 秒
2026-07-22 01:46:06,582 - m3_module.m3_cells_generator - INFO - All-positive 標註完成: 58 個細胞
2026-07-22 01:46:06,628 - m3_module.m3_cells_generator - INFO - enlarge_cell_instances: 58 顆細胞, factor=1.50(面積), 中位半徑=23.2px, 外擴=5.2px
2026-07-22 01:46:06,989 - hybrid_pipeline - INFO - [162/441] 處理 tile: tile_x15360_y6144
2026-07-22 01:46:07,026 - m3_module.m3_elastic_matching - INFO - elastic_dish_nucleus_matching(overlap-first): IHC=58, DISH=77, matched(1核)=45 (其中重疊=45), drop-out(競爭落敗)=6, 無候選(計入)=7, factor=1.50, min_reach=20.0
2026-07-22 01:46:07,792 - m3_module.m3_dot_detection - INFO - detect_all_dots: 紅點=64, 黑點=117, 涉及細胞=58
2026-07-22 01:46:07,941 - m3_module.m3_cells_generator - INFO - All-positive 標註完成: 66 個細胞
2026-07-22 01:46:07,996 - m3_module.m3_cells_generator - INFO - enlarge_cell_instances: 66 顆細胞, factor=1.50(面積), 中位半徑=22.7px, 外擴=5.1px
2026-07-22 01:46:08,000 - m4_module.cell_crops - INFO - 匯出 44 張 per-cell 影像至 docs/hybrid-pipeline/measurement/runs_cellpose421/large/cell_crops/tile_x15360_y5376/cells
2026-07-22 01:46:08,000 - hybrid_pipeline - INFO - Tile tile_x15360_y5376 完成: 核心擁有 44 細胞 (44 陽性), 1.81 秒
2026-07-22 01:46:08,354 - hybrid_pipeline - INFO - [163/441] 處理 tile: tile_x15360_y6912
2026-07-22 01:46:08,390 - m3_module.m3_elastic_matching - INFO - elastic_dish_nucleus_matching(overlap-first): IHC=66, DISH=74, matched(1核)=44 (其中重疊=44), drop-out(競爭落敗)=8, 無候選(計入)=14, factor=1.50, min_reach=20.0
2026-07-22 01:46:09,255 - m3_module.m3_dot_detection - INFO - detect_all_dots: 紅點=69, 黑點=129, 涉及細胞=66
2026-07-22 01:46:09,384 - m3_module.m3_cells_generator - INFO - All-positive 標註完成: 20 個細胞
2026-07-22 01:46:09,429 - m3_module.m3_cells_generator - INFO - enlarge_cell_instances: 20 顆細胞, factor=1.50(面積), 中位半徑=25.6px, 外擴=5.8px
2026-07-22 01:46:09,532 - m4_module.cell_crops - INFO - 匯出 44 張 per-cell 影像至 docs/hybrid-pipeline/measurement/runs_cellpose421/large/cell_crops/tile_x15360_y6144/cells
2026-07-22 01:46:09,532 - hybrid_pipeline - INFO - Tile tile_x15360_y6144 完成: 核心擁有 44 細胞 (44 陽性), 2.54 秒
2026-07-22 01:46:09,784 - hybrid_pipeline - INFO - [164/441] 處理 tile: tile_x15360_y768
2026-07-22 01:46:09,815 - m3_module.m3_elastic_matching - INFO - elastic_dish_nucleus_matching(overlap-first): IHC=20, DISH=13, matched(1核)=8 (其中重疊=8), drop-out(競爭落敗)=2, 無候選(計入)=10, factor=1.50, min_reach=20.0
2026-07-22 01:46:10,000 - m3_module.m3_dot_detection - INFO - detect_all_dots: 紅點=10, 黑點=22, 涉及細胞=20
2026-07-22 01:46:10,119 - m4_module.cell_crops - INFO - 匯出 3 張 per-cell 影像至 docs/hybrid-pipeline/measurement/runs_cellpose421/large/cell_crops/tile_x15360_y6912/cells
2026-07-22 01:46:10,119 - hybrid_pipeline - INFO - Tile tile_x15360_y6912 完成: 核心擁有 3 細胞 (3 陽性), 1.76 秒
2026-07-22 01:46:10,210 - m3_module.m3_cells_generator - INFO - All-positive 標註完成: 120 個細胞
2026-07-22 01:46:10,270 - m3_module.m3_cells_generator - INFO - enlarge_cell_instances: 120 顆細胞, factor=1.50(面積), 中位半徑=24.8px, 外擴=5.6px
2026-07-22 01:46:10,630 - hybrid_pipeline - INFO - [165/441] 處理 tile: tile_x15360_y7680
2026-07-22 01:46:10,667 - m3_module.m3_elastic_matching - INFO - elastic_dish_nucleus_matching(overlap-first): IHC=120, DISH=104, matched(1核)=71 (其中重疊=71), drop-out(競爭落敗)=15, 無候選(計入)=34, factor=1.50, min_reach=20.0
2026-07-22 01:46:12,000 - m3_module.m3_dot_detection - INFO - detect_all_dots: 紅點=88, 黑點=189, 涉及細胞=120
2026-07-22 01:46:12,147 - m3_module.m3_cells_generator - INFO - All-positive 標註完成: 49 個細胞
2026-07-22 01:46:12,201 - m3_module.m3_cells_generator - INFO - enlarge_cell_instances: 49 顆細胞, factor=1.50(面積), 中位半徑=30.7px, 外擴=6.9px
2026-07-22 01:46:12,403 - m4_module.cell_crops - INFO - 匯出 77 張 per-cell 影像至 docs/hybrid-pipeline/measurement/runs_cellpose421/large/cell_crops/tile_x15360_y768/cells
2026-07-22 01:46:12,403 - hybrid_pipeline - INFO - Tile tile_x15360_y768 完成: 核心擁有 77 細胞 (77 陽性), 2.62 秒
2026-07-22 01:46:12,564 - hybrid_pipeline - INFO - [166/441] 處理 tile: tile_x15360_y8448
2026-07-22 01:46:12,600 - m3_module.m3_elastic_matching - INFO - elastic_dish_nucleus_matching(overlap-first): IHC=49, DISH=55, matched(1核)=33 (其中重疊=33), drop-out(競爭落敗)=6, 無候選(計入)=10, factor=1.50, min_reach=20.0
2026-07-22 01:46:13,071 - m3_module.m3_dot_detection - INFO - detect_all_dots: 紅點=29, 黑點=75, 涉及細胞=49
2026-07-22 01:46:13,180 - m3_module.m3_cells_generator - INFO - All-positive 標註完成: 12 個細胞
2026-07-22 01:46:13,219 - m3_module.m3_cells_generator - INFO - enlarge_cell_instances: 12 顆細胞, factor=1.50(面積), 中位半徑=29.0px, 外擴=6.5px
2026-07-22 01:46:13,348 - m4_module.cell_crops - INFO - 匯出 48 張 per-cell 影像至 docs/hybrid-pipeline/measurement/runs_cellpose421/large/cell_crops/tile_x15360_y7680/cells
2026-07-22 01:46:13,348 - hybrid_pipeline - INFO - Tile tile_x15360_y7680 完成: 核心擁有 48 細胞 (48 陽性), 2.72 秒
2026-07-22 01:46:13,573 - hybrid_pipeline - INFO - [167/441] 處理 tile: tile_x15360_y9216
2026-07-22 01:46:13,602 - m3_module.m3_elastic_matching - INFO - elastic_dish_nucleus_matching(overlap-first): IHC=12, DISH=9, matched(1核)=5 (其中重疊=5), drop-out(競爭落敗)=2, 無候選(計入)=5, factor=1.50, min_reach=20.0
2026-07-22 01:46:13,773 - m3_module.m3_dot_detection - INFO - detect_all_dots: 紅點=7, 黑點=13, 涉及細胞=12
2026-07-22 01:46:13,862 - m4_module.cell_crops - INFO - 匯出 3 張 per-cell 影像至 docs/hybrid-pipeline/measurement/runs_cellpose421/large/cell_crops/tile_x15360_y8448/cells
2026-07-22 01:46:13,862 - hybrid_pipeline - INFO - Tile tile_x15360_y8448 完成: 核心擁有 3 細胞 (3 陽性), 1.30 秒
2026-07-22 01:46:13,929 - m3_module.m3_cells_generator - INFO - All-positive 標註完成: 1 個細胞
2026-07-22 01:46:13,959 - m3_module.m3_cells_generator - INFO - enlarge_cell_instances: 1 顆細胞, factor=1.50(面積), 中位半徑=30.1px, 外擴=6.8px
2026-07-22 01:46:14,311 - hybrid_pipeline - INFO - [168/441] 處理 tile: tile_x15360_y9984
2026-07-22 01:46:14,445 - m3_module.m3_dot_detection - INFO - detect_all_dots: 紅點=0, 黑點=0, 涉及細胞=1
2026-07-22 01:46:14,478 - m4_module.cell_crops - INFO - 匯出 0 張 per-cell 影像至 docs/hybrid-pipeline/measurement/runs_cellpose421/large/cell_crops/tile_x15360_y9216/cells
2026-07-22 01:46:14,478 - hybrid_pipeline - INFO - Tile tile_x15360_y9216 完成: 核心擁有 0 細胞 (0 陽性), 0.91 秒
2026-07-22 01:46:14,676 - m3_module.m3_cells_generator - INFO - All-positive 標註完成: 8 個細胞
2026-07-22 01:46:14,715 - m3_module.m3_cells_generator - INFO - enlarge_cell_instances: 8 顆細胞, factor=1.50(面積), 中位半徑=27.8px, 外擴=6.3px
2026-07-22 01:46:15,073 - hybrid_pipeline - INFO - [169/441] 處理 tile: tile_x1536_y0
2026-07-22 01:46:15,101 - m3_module.m3_elastic_matching - INFO - elastic_dish_nucleus_matching(overlap-first): IHC=8, DISH=11, matched(1核)=4 (其中重疊=4), drop-out(競爭落敗)=0, 無候選(計入)=4, factor=1.50, min_reach=20.0
2026-07-22 01:46:15,247 - m3_module.m3_dot_detection - INFO - detect_all_dots: 紅點=2, 黑點=6, 涉及細胞=8
2026-07-22 01:46:15,352 - m4_module.cell_crops - INFO - 匯出 3 張 per-cell 影像至 docs/hybrid-pipeline/measurement/runs_cellpose421/large/cell_crops/tile_x15360_y9984/cells
2026-07-22 01:46:15,352 - hybrid_pipeline - INFO - Tile tile_x15360_y9984 完成: 核心擁有 3 細胞 (3 陽性), 1.04 秒
2026-07-22 01:46:15,467 - m3_module.m3_cells_generator - INFO - All-positive 標註完成: 70 個細胞
2026-07-22 01:46:15,522 - m3_module.m3_cells_generator - INFO - enlarge_cell_instances: 70 顆細胞, factor=1.50(面積), 中位半徑=20.9px, 外擴=4.7px
2026-07-22 01:46:15,891 - hybrid_pipeline - INFO - [170/441] 處理 tile: tile_x1536_y10752
2026-07-22 01:46:15,924 - m3_module.m3_elastic_matching - INFO - elastic_dish_nucleus_matching(overlap-first): IHC=70, DISH=63, matched(1核)=39 (其中重疊=39), drop-out(競爭落敗)=15, 無候選(計入)=16, factor=1.50, min_reach=20.0
2026-07-22 01:46:16,720 - m3_module.m3_dot_detection - INFO - detect_all_dots: 紅點=44, 黑點=96, 涉及細胞=70
2026-07-22 01:46:16,880 - m3_module.m3_cells_generator - INFO - All-positive 標註完成: 82 個細胞
2026-07-22 01:46:16,933 - m3_module.m3_cells_generator - INFO - enlarge_cell_instances: 82 顆細胞, factor=1.50(面積), 中位半徑=31.6px, 外擴=7.1px
2026-07-22 01:46:17,000 - m4_module.cell_crops - INFO - 匯出 43 張 per-cell 影像至 docs/hybrid-pipeline/measurement/runs_cellpose421/large/cell_crops/tile_x1536_y0/cells
2026-07-22 01:46:17,000 - hybrid_pipeline - INFO - Tile tile_x1536_y0 完成: 核心擁有 43 細胞 (43 陽性), 1.93 秒
2026-07-22 01:46:17,297 - hybrid_pipeline - INFO - [171/441] 處理 tile: tile_x1536_y11520
2026-07-22 01:46:17,339 - m3_module.m3_elastic_matching - INFO - elastic_dish_nucleus_matching(overlap-first): IHC=82, DISH=59, matched(1核)=53 (其中重疊=53), drop-out(競爭落敗)=17, 無候選(計入)=12, factor=1.50, min_reach=20.0
2026-07-22 01:46:18,262 - m3_module.m3_dot_detection - INFO - detect_all_dots: 紅點=73, 黑點=123, 涉及細胞=82
2026-07-22 01:46:18,393 - m3_module.m3_cells_generator - INFO - All-positive 標註完成: 30 個細胞
2026-07-22 01:46:18,433 - m3_module.m3_cells_generator - INFO - enlarge_cell_instances: 30 顆細胞, factor=1.50(面積), 中位半徑=29.8px, 外擴=6.7px
2026-07-22 01:46:18,508 - m4_module.cell_crops - INFO - 匯出 53 張 per-cell 影像至 docs/hybrid-pipeline/measurement/runs_cellpose421/large/cell_crops/tile_x1536_y10752/cells
2026-07-22 01:46:18,508 - hybrid_pipeline - INFO - Tile tile_x1536_y10752 完成: 核心擁有 53 細胞 (53 陽性), 2.62 秒
2026-07-22 01:46:18,802 - hybrid_pipeline - INFO - [172/441] 處理 tile: tile_x1536_y12288
2026-07-22 01:46:18,834 - m3_module.m3_elastic_matching - INFO - elastic_dish_nucleus_matching(overlap-first): IHC=30, DISH=15, matched(1核)=12 (其中重疊=12), drop-out(競爭落敗)=6, 無候選(計入)=12, factor=1.50, min_reach=20.0
2026-07-22 01:46:19,083 - m3_module.m3_dot_detection - INFO - detect_all_dots: 紅點=20, 黑點=33, 涉及細胞=30
2026-07-22 01:46:19,094 - cellpose.dynamics - INFO - No cell pixels found.
2026-07-22 01:46:19,141 - m3_module.m3_cells_generator - INFO - All-positive 標註完成: 0 個細胞
2026-07-22 01:46:19,190 - m4_module.cell_crops - INFO - 匯出 7 張 per-cell 影像至 docs/hybrid-pipeline/measurement/runs_cellpose421/large/cell_crops/tile_x1536_y11520/cells
2026-07-22 01:46:19,190 - hybrid_pipeline - INFO - Tile tile_x1536_y11520 完成: 核心擁有 7 細胞 (7 陽性), 1.89 秒
2026-07-22 01:46:19,511 - hybrid_pipeline - INFO - [173/441] 處理 tile: tile_x1536_y13056
2026-07-22 01:46:19,652 - m3_module.m3_dot_detection - INFO - detect_all_dots: 紅點=0, 黑點=0, 涉及細胞=0
2026-07-22 01:46:19,689 - m4_module.cell_crops - INFO - 匯出 0 張 per-cell 影像至 docs/hybrid-pipeline/measurement/runs_cellpose421/large/cell_crops/tile_x1536_y12288/cells
2026-07-22 01:46:19,689 - hybrid_pipeline - INFO - Tile tile_x1536_y12288 完成: 核心擁有 0 細胞 (0 陽性), 0.89 秒
2026-07-22 01:46:19,868 - m3_module.m3_cells_generator - INFO - All-positive 標註完成: 6 個細胞
2026-07-22 01:46:19,902 - m3_module.m3_cells_generator - INFO - enlarge_cell_instances: 6 顆細胞, factor=1.50(面積), 中位半徑=27.7px, 外擴=6.2px
2026-07-22 01:46:20,263 - hybrid_pipeline - INFO - [174/441] 處理 tile: tile_x1536_y13824
2026-07-22 01:46:20,292 - m3_module.m3_elastic_matching - INFO - elastic_dish_nucleus_matching(overlap-first): IHC=6, DISH=7, matched(1核)=3 (其中重疊=3), drop-out(競爭落敗)=0, 無候選(計入)=3, factor=1.50, min_reach=20.0
2026-07-22 01:46:20,435 - m3_module.m3_dot_detection - INFO - detect_all_dots: 紅點=4, 黑點=2, 涉及細胞=6
2026-07-22 01:46:20,506 - m4_module.cell_crops - INFO - 匯出 1 張 per-cell 影像至 docs/hybrid-pipeline/measurement/runs_cellpose421/large/cell_crops/tile_x1536_y13056/cells
2026-07-22 01:46:20,506 - hybrid_pipeline - INFO - Tile tile_x1536_y13056 完成: 核心擁有 1 細胞 (1 陽性), 0.99 秒
2026-07-22 01:46:20,633 - m3_module.m3_cells_generator - INFO - All-positive 標註完成: 25 個細胞
2026-07-22 01:46:20,676 - m3_module.m3_cells_generator - INFO - enlarge_cell_instances: 25 顆細胞, factor=1.50(面積), 中位半徑=29.0px, 外擴=6.5px
2026-07-22 01:46:21,058 - hybrid_pipeline - INFO - [175/441] 處理 tile: tile_x1536_y14592
2026-07-22 01:46:21,088 - m3_module.m3_elastic_matching - INFO - elastic_dish_nucleus_matching(overlap-first): IHC=25, DISH=23, matched(1核)=17 (其中重疊=17), drop-out(競爭落敗)=3, 無候選(計入)=5, factor=1.50, min_reach=20.0
2026-07-22 01:46:21,344 - m3_module.m3_dot_detection - INFO - detect_all_dots: 紅點=22, 黑點=25, 涉及細胞=25
2026-07-22 01:46:21,462 - m4_module.cell_crops - INFO - 匯出 12 張 per-cell 影像至 docs/hybrid-pipeline/measurement/runs_cellpose421/large/cell_crops/tile_x1536_y13824/cells
2026-07-22 01:46:21,462 - hybrid_pipeline - INFO - Tile tile_x1536_y13824 完成: 核心擁有 12 細胞 (12 陽性), 1.20 秒
2026-07-22 01:46:21,478 - m3_module.m3_cells_generator - INFO - All-positive 標註完成: 62 個細胞
2026-07-22 01:46:21,523 - m3_module.m3_cells_generator - INFO - enlarge_cell_instances: 62 顆細胞, factor=1.50(面積), 中位半徑=29.1px, 外擴=6.5px
2026-07-22 01:46:21,882 - hybrid_pipeline - INFO - [176/441] 處理 tile: tile_x1536_y1536
2026-07-22 01:46:21,922 - m3_module.m3_elastic_matching - INFO - elastic_dish_nucleus_matching(overlap-first): IHC=62, DISH=31, matched(1核)=30 (其中重疊=30), drop-out(競爭落敗)=17, 無候選(計入)=15, factor=1.50, min_reach=20.0
2026-07-22 01:46:22,310 - m3_module.m3_dot_detection - INFO - detect_all_dots: 紅點=31, 黑點=49, 涉及細胞=62
2026-07-22 01:46:22,449 - m3_module.m3_cells_generator - INFO - All-positive 標註完成: 57 個細胞
2026-07-22 01:46:22,494 - m4_module.cell_crops - INFO - 匯出 30 張 per-cell 影像至 docs/hybrid-pipeline/measurement/runs_cellpose421/large/cell_crops/tile_x1536_y14592/cells
2026-07-22 01:46:22,494 - hybrid_pipeline - INFO - Tile tile_x1536_y14592 完成: 核心擁有 30 細胞 (30 陽性), 1.44 秒
2026-07-22 01:46:22,506 - m3_module.m3_cells_generator - INFO - enlarge_cell_instances: 57 顆細胞, factor=1.50(面積), 中位半徑=23.0px, 外擴=5.2px
2026-07-22 01:46:22,864 - hybrid_pipeline - INFO - [177/441] 處理 tile: tile_x1536_y15360
2026-07-22 01:46:22,893 - m3_module.m3_elastic_matching - INFO - elastic_dish_nucleus_matching(overlap-first): IHC=57, DISH=52, matched(1核)=35 (其中重疊=34), drop-out(競爭落敗)=9, 無候選(計入)=13, factor=1.50, min_reach=20.0
2026-07-22 01:46:23,527 - m3_module.m3_dot_detection - INFO - detect_all_dots: 紅點=44, 黑點=77, 涉及細胞=57
2026-07-22 01:46:23,628 - m3_module.m3_cells_generator - INFO - All-positive 標註完成: 29 個細胞
2026-07-22 01:46:23,675 - m3_module.m3_cells_generator - INFO - enlarge_cell_instances: 29 顆細胞, factor=1.50(面積), 中位半徑=26.4px, 外擴=5.9px
2026-07-22 01:46:23,784 - m4_module.cell_crops - INFO - 匯出 30 張 per-cell 影像至 docs/hybrid-pipeline/measurement/runs_cellpose421/large/cell_crops/tile_x1536_y1536/cells
2026-07-22 01:46:23,784 - hybrid_pipeline - INFO - Tile tile_x1536_y1536 完成: 核心擁有 30 細胞 (30 陽性), 1.90 秒
2026-07-22 01:46:24,032 - hybrid_pipeline - INFO - [178/441] 處理 tile: tile_x1536_y2304
2026-07-22 01:46:24,065 - m3_module.m3_elastic_matching - INFO - elastic_dish_nucleus_matching(overlap-first): IHC=29, DISH=36, matched(1核)=20 (其中重疊=20), drop-out(競爭落敗)=5, 無候選(計入)=4, factor=1.50, min_reach=20.0
2026-07-22 01:46:24,414 - m3_module.m3_dot_detection - INFO - detect_all_dots: 紅點=21, 黑點=39, 涉及細胞=29
2026-07-22 01:46:24,539 - m3_module.m3_cells_generator - INFO - All-positive 標註完成: 51 個細胞
2026-07-22 01:46:24,589 - m3_module.m3_cells_generator - INFO - enlarge_cell_instances: 51 顆細胞, factor=1.50(面積), 中位半徑=28.2px, 外擴=6.3px
2026-07-22 01:46:24,599 - m4_module.cell_crops - INFO - 匯出 23 張 per-cell 影像至 docs/hybrid-pipeline/measurement/runs_cellpose421/large/cell_crops/tile_x1536_y15360/cells
2026-07-22 01:46:24,599 - hybrid_pipeline - INFO - Tile tile_x1536_y15360 完成: 核心擁有 23 細胞 (23 陽性), 1.73 秒
2026-07-22 01:46:24,951 - hybrid_pipeline - INFO - [179/441] 處理 tile: tile_x1536_y3072
2026-07-22 01:46:24,986 - m3_module.m3_elastic_matching - INFO - elastic_dish_nucleus_matching(overlap-first): IHC=51, DISH=40, matched(1核)=33 (其中重疊=32), drop-out(競爭落敗)=9, 無候選(計入)=9, factor=1.50, min_reach=20.0
2026-07-22 01:46:25,468 - m3_module.m3_dot_detection - INFO - detect_all_dots: 紅點=29, 黑點=46, 涉及細胞=51
2026-07-22 01:46:25,624 - m3_module.m3_cells_generator - INFO - All-positive 標註完成: 71 個細胞
2026-07-22 01:46:25,675 - m4_module.cell_crops - INFO - 匯出 20 張 per-cell 影像至 docs/hybrid-pipeline/measurement/runs_cellpose421/large/cell_crops/tile_x1536_y2304/cells
2026-07-22 01:46:25,675 - hybrid_pipeline - INFO - Tile tile_x1536_y2304 完成: 核心擁有 20 細胞 (20 陽性), 1.64 秒
2026-07-22 01:46:25,681 - m3_module.m3_cells_generator - INFO - enlarge_cell_instances: 71 顆細胞, factor=1.50(面積), 中位半徑=29.3px, 外擴=6.6px
2026-07-22 01:46:26,042 - hybrid_pipeline - INFO - [180/441] 處理 tile: tile_x1536_y3840
2026-07-22 01:46:26,075 - m3_module.m3_elastic_matching - INFO - elastic_dish_nucleus_matching(overlap-first): IHC=71, DISH=62, matched(1核)=44 (其中重疊=44), drop-out(競爭落敗)=9, 無候選(計入)=18, factor=1.50, min_reach=20.0
2026-07-22 01:46:26,872 - m3_module.m3_dot_detection - INFO - detect_all_dots: 紅點=60, 黑點=100, 涉及細胞=71
2026-07-22 01:46:27,024 - m3_module.m3_cells_generator - INFO - All-positive 標註完成: 76 個細胞
2026-07-22 01:46:27,082 - m3_module.m3_cells_generator - INFO - enlarge_cell_instances: 76 顆細胞, factor=1.50(面積), 中位半徑=31.0px, 外擴=7.0px
2026-07-22 01:46:27,128 - m4_module.cell_crops - INFO - 匯出 26 張 per-cell 影像至 docs/hybrid-pipeline/measurement/runs_cellpose421/large/cell_crops/tile_x1536_y3072/cells
2026-07-22 01:46:27,128 - hybrid_pipeline - INFO - Tile tile_x1536_y3072 完成: 核心擁有 26 細胞 (26 陽性), 2.18 秒
2026-07-22 01:46:27,455 - hybrid_pipeline - INFO - [181/441] 處理 tile: tile_x1536_y4608
2026-07-22 01:46:27,494 - m3_module.m3_elastic_matching - INFO - elastic_dish_nucleus_matching(overlap-first): IHC=76, DISH=71, matched(1核)=53 (其中重疊=53), drop-out(競爭落敗)=7, 無候選(計入)=16, factor=1.50, min_reach=20.0
2026-07-22 01:46:28,545 - m3_module.m3_dot_detection - INFO - detect_all_dots: 紅點=66, 黑點=130, 涉及細胞=76
2026-07-22 01:46:28,675 - m3_module.m3_cells_generator - INFO - All-positive 標註完成: 46 個細胞
2026-07-22 01:46:28,727 - m3_module.m3_cells_generator - INFO - enlarge_cell_instances: 46 顆細胞, factor=1.50(面積), 中位半徑=28.5px, 外擴=6.4px
2026-07-22 01:46:28,878 - m4_module.cell_crops - INFO - 匯出 50 張 per-cell 影像至 docs/hybrid-pipeline/measurement/runs_cellpose421/large/cell_crops/tile_x1536_y3840/cells
2026-07-22 01:46:28,878 - hybrid_pipeline - INFO - Tile tile_x1536_y3840 完成: 核心擁有 50 細胞 (50 陽性), 2.83 秒
2026-07-22 01:46:29,104 - hybrid_pipeline - INFO - [182/441] 處理 tile: tile_x1536_y5376
2026-07-22 01:46:29,136 - m3_module.m3_elastic_matching - INFO - elastic_dish_nucleus_matching(overlap-first): IHC=46, DISH=43, matched(1核)=27 (其中重疊=27), drop-out(競爭落敗)=6, 無候選(計入)=13, factor=1.50, min_reach=20.0
2026-07-22 01:46:29,529 - m3_module.m3_dot_detection - INFO - detect_all_dots: 紅點=25, 黑點=57, 涉及細胞=46
2026-07-22 01:46:29,638 - m3_module.m3_cells_generator - INFO - All-positive 標註完成: 43 個細胞
2026-07-22 01:46:29,689 - m3_module.m3_cells_generator - INFO - enlarge_cell_instances: 43 顆細胞, factor=1.50(面積), 中位半徑=23.4px, 外擴=5.3px
2026-07-22 01:46:29,769 - m4_module.cell_crops - INFO - 匯出 22 張 per-cell 影像至 docs/hybrid-pipeline/measurement/runs_cellpose421/large/cell_crops/tile_x1536_y4608/cells
2026-07-22 01:46:29,769 - hybrid_pipeline - INFO - Tile tile_x1536_y4608 完成: 核心擁有 22 細胞 (22 陽性), 2.31 秒
2026-07-22 01:46:30,056 - hybrid_pipeline - INFO - [183/441] 處理 tile: tile_x1536_y6144
2026-07-22 01:46:30,089 - m3_module.m3_elastic_matching - INFO - elastic_dish_nucleus_matching(overlap-first): IHC=43, DISH=23, matched(1核)=19 (其中重疊=19), drop-out(競爭落敗)=9, 無候選(計入)=15, factor=1.50, min_reach=20.0
2026-07-22 01:46:30,454 - m3_module.m3_dot_detection - INFO - detect_all_dots: 紅點=23, 黑點=32, 涉及細胞=43
2026-07-22 01:46:30,570 - m3_module.m3_cells_generator - INFO - All-positive 標註完成: 33 個細胞
2026-07-22 01:46:30,612 - m4_module.cell_crops - INFO - 匯出 28 張 per-cell 影像至 docs/hybrid-pipeline/measurement/runs_cellpose421/large/cell_crops/tile_x1536_y5376/cells
2026-07-22 01:46:30,612 - hybrid_pipeline - INFO - Tile tile_x1536_y5376 完成: 核心擁有 28 細胞 (28 陽性), 1.51 秒
2026-07-22 01:46:30,621 - m3_module.m3_cells_generator - INFO - enlarge_cell_instances: 33 顆細胞, factor=1.50(面積), 中位半徑=27.7px, 外擴=6.2px
2026-07-22 01:46:30,982 - hybrid_pipeline - INFO - [184/441] 處理 tile: tile_x1536_y6912
2026-07-22 01:46:31,012 - m3_module.m3_elastic_matching - INFO - elastic_dish_nucleus_matching(overlap-first): IHC=33, DISH=29, matched(1核)=21 (其中重疊=21), drop-out(競爭落敗)=6, 無候選(計入)=6, factor=1.50, min_reach=20.0
2026-07-22 01:46:31,509 - m3_module.m3_dot_detection - INFO - detect_all_dots: 紅點=28, 黑點=52, 涉及細胞=33
2026-07-22 01:46:31,653 - m3_module.m3_cells_generator - INFO - All-positive 標註完成: 65 個細胞
2026-07-22 01:46:31,672 - m4_module.cell_crops - INFO - 匯出 23 張 per-cell 影像至 docs/hybrid-pipeline/measurement/runs_cellpose421/large/cell_crops/tile_x1536_y6144/cells
2026-07-22 01:46:31,672 - hybrid_pipeline - INFO - Tile tile_x1536_y6144 完成: 核心擁有 23 細胞 (23 陽性), 1.62 秒
2026-07-22 01:46:31,708 - m3_module.m3_cells_generator - INFO - enlarge_cell_instances: 65 顆細胞, factor=1.50(面積), 中位半徑=28.4px, 外擴=6.4px
2026-07-22 01:46:32,071 - hybrid_pipeline - INFO - [185/441] 處理 tile: tile_x1536_y768
2026-07-22 01:46:32,106 - m3_module.m3_elastic_matching - INFO - elastic_dish_nucleus_matching(overlap-first): IHC=65, DISH=66, matched(1核)=45 (其中重疊=45), drop-out(競爭落敗)=10, 無候選(計入)=10, factor=1.50, min_reach=20.0
2026-07-22 01:46:32,960 - m3_module.m3_dot_detection - INFO - detect_all_dots: 紅點=50, 黑點=105, 涉及細胞=65
2026-07-22 01:46:33,117 - m3_module.m3_cells_generator - INFO - All-positive 標註完成: 100 個細胞
2026-07-22 01:46:33,178 - m3_module.m3_cells_generator - INFO - enlarge_cell_instances: 100 顆細胞, factor=1.50(面積), 中位半徑=25.9px, 外擴=5.8px
2026-07-22 01:46:33,187 - m4_module.cell_crops - INFO - 匯出 25 張 per-cell 影像至 docs/hybrid-pipeline/measurement/runs_cellpose421/large/cell_crops/tile_x1536_y6912/cells
2026-07-22 01:46:33,187 - hybrid_pipeline - INFO - Tile tile_x1536_y6912 完成: 核心擁有 25 細胞 (25 陽性), 2.20 秒
2026-07-22 01:46:33,534 - hybrid_pipeline - INFO - [186/441] 處理 tile: tile_x1536_y7680
2026-07-22 01:46:33,571 - m3_module.m3_elastic_matching - INFO - elastic_dish_nucleus_matching(overlap-first): IHC=100, DISH=85, matched(1核)=63 (其中重疊=63), drop-out(競爭落敗)=17, 無候選(計入)=20, factor=1.50, min_reach=20.0
2026-07-22 01:46:34,812 - m3_module.m3_dot_detection - INFO - detect_all_dots: 紅點=80, 黑點=143, 涉及細胞=100
2026-07-22 01:46:34,937 - m3_module.m3_cells_generator - INFO - All-positive 標註完成: 66 個細胞
2026-07-22 01:46:34,991 - m3_module.m3_cells_generator - INFO - enlarge_cell_instances: 66 顆細胞, factor=1.50(面積), 中位半徑=26.7px, 外擴=6.0px
2026-07-22 01:46:35,134 - m4_module.cell_crops - INFO - 匯出 59 張 per-cell 影像至 docs/hybrid-pipeline/measurement/runs_cellpose421/large/cell_crops/tile_x1536_y768/cells
2026-07-22 01:46:35,134 - hybrid_pipeline - INFO - Tile tile_x1536_y768 完成: 核心擁有 59 細胞 (59 陽性), 3.06 秒
2026-07-22 01:46:35,357 - hybrid_pipeline - INFO - [187/441] 處理 tile: tile_x1536_y8448
2026-07-22 01:46:35,394 - m3_module.m3_elastic_matching - INFO - elastic_dish_nucleus_matching(overlap-first): IHC=66, DISH=45, matched(1核)=38 (其中重疊=38), drop-out(競爭落敗)=11, 無候選(計入)=17, factor=1.50, min_reach=20.0
2026-07-22 01:46:36,178 - m3_module.m3_dot_detection - INFO - detect_all_dots: 紅點=54, 黑點=90, 涉及細胞=66
2026-07-22 01:46:36,314 - m3_module.m3_cells_generator - INFO - All-positive 標註完成: 43 個細胞
2026-07-22 01:46:36,364 - m3_module.m3_cells_generator - INFO - enlarge_cell_instances: 43 顆細胞, factor=1.50(面積), 中位半徑=25.3px, 外擴=5.7px
2026-07-22 01:46:36,372 - m4_module.cell_crops - INFO - 匯出 30 張 per-cell 影像至 docs/hybrid-pipeline/measurement/runs_cellpose421/large/cell_crops/tile_x1536_y7680/cells
2026-07-22 01:46:36,373 - hybrid_pipeline - INFO - Tile tile_x1536_y7680 完成: 核心擁有 30 細胞 (30 陽性), 2.84 秒
2026-07-22 01:46:36,730 - hybrid_pipeline - INFO - [188/441] 處理 tile: tile_x1536_y9216
2026-07-22 01:46:36,771 - m3_module.m3_elastic_matching - INFO - elastic_dish_nucleus_matching(overlap-first): IHC=43, DISH=33, matched(1核)=24 (其中重疊=24), drop-out(競爭落敗)=5, 無候選(計入)=14, factor=1.50, min_reach=20.0
2026-07-22 01:46:37,299 - m3_module.m3_dot_detection - INFO - detect_all_dots: 紅點=28, 黑點=47, 涉及細胞=43
2026-07-22 01:46:37,450 - m3_module.m3_cells_generator - INFO - All-positive 標註完成: 97 個細胞
2026-07-22 01:46:37,490 - m4_module.cell_crops - INFO - 匯出 7 張 per-cell 影像至 docs/hybrid-pipeline/measurement/runs_cellpose421/large/cell_crops/tile_x1536_y8448/cells
2026-07-22 01:46:37,490 - hybrid_pipeline - INFO - Tile tile_x1536_y8448 完成: 核心擁有 7 細胞 (7 陽性), 2.13 秒
2026-07-22 01:46:37,512 - m3_module.m3_cells_generator - INFO - enlarge_cell_instances: 97 顆細胞, factor=1.50(面積), 中位半徑=28.1px, 外擴=6.3px
2026-07-22 01:46:37,875 - hybrid_pipeline - INFO - [189/441] 處理 tile: tile_x1536_y9984
2026-07-22 01:46:37,912 - m3_module.m3_elastic_matching - INFO - elastic_dish_nucleus_matching(overlap-first): IHC=97, DISH=75, matched(1核)=60 (其中重疊=60), drop-out(競爭落敗)=18, 無候選(計入)=19, factor=1.50, min_reach=20.0
2026-07-22 01:46:39,163 - m3_module.m3_dot_detection - INFO - detect_all_dots: 紅點=87, 黑點=144, 涉及細胞=97
2026-07-22 01:46:39,341 - m3_module.m3_cells_generator - INFO - All-positive 標註完成: 110 個細胞
2026-07-22 01:46:39,399 - m3_module.m3_cells_generator - INFO - enlarge_cell_instances: 110 顆細胞, factor=1.50(面積), 中位半徑=30.4px, 外擴=6.8px
2026-07-22 01:46:39,450 - m4_module.cell_crops - INFO - 匯出 43 張 per-cell 影像至 docs/hybrid-pipeline/measurement/runs_cellpose421/large/cell_crops/tile_x1536_y9216/cells
2026-07-22 01:46:39,450 - hybrid_pipeline - INFO - Tile tile_x1536_y9216 完成: 核心擁有 43 細胞 (43 陽性), 2.72 秒
2026-07-22 01:46:39,763 - hybrid_pipeline - INFO - [190/441] 處理 tile: tile_x2304_y0
2026-07-22 01:46:39,802 - m3_module.m3_elastic_matching - INFO - elastic_dish_nucleus_matching(overlap-first): IHC=110, DISH=78, matched(1核)=68 (其中重疊=68), drop-out(競爭落敗)=22, 無候選(計入)=20, factor=1.50, min_reach=20.0
2026-07-22 01:46:41,327 - m3_module.m3_dot_detection - INFO - detect_all_dots: 紅點=103, 黑點=163, 涉及細胞=110
2026-07-22 01:46:41,466 - m3_module.m3_cells_generator - INFO - All-positive 標註完成: 67 個細胞
2026-07-22 01:46:41,515 - m3_module.m3_cells_generator - INFO - enlarge_cell_instances: 67 顆細胞, factor=1.50(面積), 中位半徑=19.4px, 外擴=4.4px
2026-07-22 01:46:41,688 - m4_module.cell_crops - INFO - 匯出 57 張 per-cell 影像至 docs/hybrid-pipeline/measurement/runs_cellpose421/large/cell_crops/tile_x1536_y9984/cells
2026-07-22 01:46:41,688 - hybrid_pipeline - INFO - Tile tile_x1536_y9984 完成: 核心擁有 57 細胞 (57 陽性), 3.81 秒
2026-07-22 01:46:41,874 - hybrid_pipeline - INFO - [191/441] 處理 tile: tile_x2304_y10752
2026-07-22 01:46:41,910 - m3_module.m3_elastic_matching - INFO - elastic_dish_nucleus_matching(overlap-first): IHC=67, DISH=59, matched(1核)=40 (其中重疊=40), drop-out(競爭落敗)=11, 無候選(計入)=16, factor=1.50, min_reach=20.0
2026-07-22 01:46:42,620 - m3_module.m3_dot_detection - INFO - detect_all_dots: 紅點=42, 黑點=92, 涉及細胞=67
2026-07-22 01:46:42,786 - m3_module.m3_cells_generator - INFO - All-positive 標註完成: 83 個細胞
2026-07-22 01:46:42,846 - m4_module.cell_crops - INFO - 匯出 41 張 per-cell 影像至 docs/hybrid-pipeline/measurement/runs_cellpose421/large/cell_crops/tile_x2304_y0/cells
2026-07-22 01:46:42,846 - hybrid_pipeline - INFO - Tile tile_x2304_y0 完成: 核心擁有 41 細胞 (41 陽性), 3.08 秒
2026-07-22 01:46:42,849 - m3_module.m3_cells_generator - INFO - enlarge_cell_instances: 83 顆細胞, factor=1.50(面積), 中位半徑=33.2px, 外擴=7.5px
2026-07-22 01:46:43,200 - hybrid_pipeline - INFO - [192/441] 處理 tile: tile_x2304_y11520
2026-07-22 01:46:43,239 - m3_module.m3_elastic_matching - INFO - elastic_dish_nucleus_matching(overlap-first): IHC=83, DISH=66, matched(1核)=50 (其中重疊=50), drop-out(競爭落敗)=12, 無候選(計入)=21, factor=1.50, min_reach=20.0
2026-07-22 01:46:44,234 - m3_module.m3_dot_detection - INFO - detect_all_dots: 紅點=65, 黑點=94, 涉及細胞=83
2026-07-22 01:46:44,425 - m3_module.m3_cells_generator - INFO - All-positive 標註完成: 135 個細胞
2026-07-22 01:46:44,487 - m3_module.m3_cells_generator - INFO - enlarge_cell_instances: 135 顆細胞, factor=1.50(面積), 中位半徑=29.9px, 外擴=6.7px
2026-07-22 01:46:44,516 - m4_module.cell_crops - INFO - 匯出 37 張 per-cell 影像至 docs/hybrid-pipeline/measurement/runs_cellpose421/large/cell_crops/tile_x2304_y10752/cells
2026-07-22 01:46:44,517 - hybrid_pipeline - INFO - Tile tile_x2304_y10752 完成: 核心擁有 37 細胞 (37 陽性), 2.64 秒
2026-07-22 01:46:44,854 - hybrid_pipeline - INFO - [193/441] 處理 tile: tile_x2304_y12288
2026-07-22 01:46:44,891 - m3_module.m3_elastic_matching - INFO - elastic_dish_nucleus_matching(overlap-first): IHC=135, DISH=85, matched(1核)=76 (其中重疊=76), drop-out(競爭落敗)=26, 無候選(計入)=33, factor=1.50, min_reach=20.0
2026-07-22 01:46:46,317 - m3_module.m3_dot_detection - INFO - detect_all_dots: 紅點=95, 黑點=153, 涉及細胞=135
2026-07-22 01:46:46,483 - m3_module.m3_cells_generator - INFO - All-positive 標註完成: 103 個細胞
2026-07-22 01:46:46,536 - m3_module.m3_cells_generator - INFO - enlarge_cell_instances: 103 顆細胞, factor=1.50(面積), 中位半徑=27.9px, 外擴=6.3px
2026-07-22 01:46:46,677 - m4_module.cell_crops - INFO - 匯出 82 張 per-cell 影像至 docs/hybrid-pipeline/measurement/runs_cellpose421/large/cell_crops/tile_x2304_y11520/cells
2026-07-22 01:46:46,678 - hybrid_pipeline - INFO - Tile tile_x2304_y11520 完成: 核心擁有 82 細胞 (82 陽性), 3.48 秒
2026-07-22 01:46:46,900 - hybrid_pipeline - INFO - [194/441] 處理 tile: tile_x2304_y13056
2026-07-22 01:46:46,939 - m3_module.m3_elastic_matching - INFO - elastic_dish_nucleus_matching(overlap-first): IHC=103, DISH=58, matched(1核)=53 (其中重疊=53), drop-out(競爭落敗)=26, 無候選(計入)=24, factor=1.50, min_reach=20.0
2026-07-22 01:46:47,999 - m3_module.m3_dot_detection - INFO - detect_all_dots: 紅點=67, 黑點=116, 涉及細胞=103
2026-07-22 01:46:48,108 - m3_module.m3_cells_generator - INFO - All-positive 標註完成: 38 個細胞
2026-07-22 01:46:48,151 - m3_module.m3_cells_generator - INFO - enlarge_cell_instances: 38 顆細胞, factor=1.50(面積), 中位半徑=25.8px, 外擴=5.8px
2026-07-22 01:46:48,253 - m4_module.cell_crops - INFO - 匯出 58 張 per-cell 影像至 docs/hybrid-pipeline/measurement/runs_cellpose421/large/cell_crops/tile_x2304_y12288/cells
2026-07-22 01:46:48,253 - hybrid_pipeline - INFO - Tile tile_x2304_y12288 完成: 核心擁有 58 細胞 (58 陽性), 3.40 秒
2026-07-22 01:46:48,505 - hybrid_pipeline - INFO - [195/441] 處理 tile: tile_x2304_y13824
2026-07-22 01:46:48,539 - m3_module.m3_elastic_matching - INFO - elastic_dish_nucleus_matching(overlap-first): IHC=38, DISH=16, matched(1核)=14 (其中重疊=14), drop-out(競爭落敗)=5, 無候選(計入)=19, factor=1.50, min_reach=20.0
2026-07-22 01:46:48,737 - m3_module.m3_dot_detection - INFO - detect_all_dots: 紅點=11, 黑點=21, 涉及細胞=38
2026-07-22 01:46:48,867 - m4_module.cell_crops - INFO - 匯出 15 張 per-cell 影像至 docs/hybrid-pipeline/measurement/runs_cellpose421/large/cell_crops/tile_x2304_y13056/cells
2026-07-22 01:46:48,867 - hybrid_pipeline - INFO - Tile tile_x2304_y13056 完成: 核心擁有 15 細胞 (15 陽性), 1.97 秒
2026-07-22 01:46:48,877 - m3_module.m3_cells_generator - INFO - All-positive 標註完成: 2 個細胞
2026-07-22 01:46:48,908 - m3_module.m3_cells_generator - INFO - enlarge_cell_instances: 2 顆細胞, factor=1.50(面積), 中位半徑=24.3px, 外擴=5.5px
2026-07-22 01:46:49,265 - hybrid_pipeline - INFO - [196/441] 處理 tile: tile_x2304_y14592
2026-07-22 01:46:49,293 - m3_module.m3_elastic_matching - INFO - elastic_dish_nucleus_matching(overlap-first): IHC=2, DISH=3, matched(1核)=2 (其中重疊=2), drop-out(競爭落敗)=0, 無候選(計入)=0, factor=1.50, min_reach=20.0
2026-07-22 01:46:49,511 - m3_module.m3_dot_detection - INFO - detect_all_dots: 紅點=2, 黑點=1, 涉及細胞=2
2026-07-22 01:46:49,561 - m4_module.cell_crops - INFO - 匯出 0 張 per-cell 影像至 docs/hybrid-pipeline/measurement/runs_cellpose421/large/cell_crops/tile_x2304_y13824/cells
2026-07-22 01:46:49,561 - hybrid_pipeline - INFO - Tile tile_x2304_y13824 完成: 核心擁有 0 細胞 (0 陽性), 1.06 秒
2026-07-22 01:46:49,561 - hybrid_pipeline - INFO - [197/441] 處理 tile: tile_x2304_y1536
2026-07-22 01:46:49,584 - hybrid_pipeline - INFO - Tile tile_x2304_y14592: 核心遮罩全空 → 空白 placeholder
2026-07-22 01:46:49,932 - m3_module.m3_cells_generator - INFO - All-positive 標註完成: 47 個細胞
2026-07-22 01:46:49,986 - m3_module.m3_cells_generator - INFO - enlarge_cell_instances: 47 顆細胞, factor=1.50(面積), 中位半徑=24.4px, 外擴=5.5px
2026-07-22 01:46:50,340 - hybrid_pipeline - INFO - [198/441] 處理 tile: tile_x2304_y15360
2026-07-22 01:46:50,371 - m3_module.m3_elastic_matching - INFO - elastic_dish_nucleus_matching(overlap-first): IHC=47, DISH=38, matched(1核)=28 (其中重疊=28), drop-out(競爭落敗)=6, 無候選(計入)=13, factor=1.50, min_reach=20.0
2026-07-22 01:46:50,932 - m3_module.m3_dot_detection - INFO - detect_all_dots: 紅點=28, 黑點=58, 涉及細胞=47
2026-07-22 01:46:51,036 - m3_module.m3_cells_generator - INFO - All-positive 標註完成: 15 個細胞
2026-07-22 01:46:51,078 - m3_module.m3_cells_generator - INFO - enlarge_cell_instances: 15 顆細胞, factor=1.50(面積), 中位半徑=26.6px, 外擴=6.0px
2026-07-22 01:46:51,153 - m4_module.cell_crops - INFO - 匯出 31 張 per-cell 影像至 docs/hybrid-pipeline/measurement/runs_cellpose421/large/cell_crops/tile_x2304_y1536/cells
2026-07-22 01:46:51,153 - hybrid_pipeline - INFO - Tile tile_x2304_y1536 完成: 核心擁有 31 細胞 (31 陽性), 1.59 秒
2026-07-22 01:46:51,443 - hybrid_pipeline - INFO - [199/441] 處理 tile: tile_x2304_y2304
2026-07-22 01:46:51,473 - m3_module.m3_elastic_matching - INFO - elastic_dish_nucleus_matching(overlap-first): IHC=15, DISH=10, matched(1核)=7 (其中重疊=7), drop-out(競爭落敗)=1, 無候選(計入)=7, factor=1.50, min_reach=20.0
2026-07-22 01:46:51,641 - m3_module.m3_dot_detection - INFO - detect_all_dots: 紅點=7, 黑點=11, 涉及細胞=15
2026-07-22 01:46:51,741 - m4_module.cell_crops - INFO - 匯出 5 張 per-cell 影像至 docs/hybrid-pipeline/measurement/runs_cellpose421/large/cell_crops/tile_x2304_y15360/cells
2026-07-22 01:46:51,741 - hybrid_pipeline - INFO - Tile tile_x2304_y15360 完成: 核心擁有 5 細胞 (5 陽性), 1.40 秒
2026-07-22 01:46:51,849 - m3_module.m3_cells_generator - INFO - All-positive 標註完成: 61 個細胞
2026-07-22 01:46:51,904 - m3_module.m3_cells_generator - INFO - enlarge_cell_instances: 61 顆細胞, factor=1.50(面積), 中位半徑=26.0px, 外擴=5.8px
2026-07-22 01:46:52,259 - hybrid_pipeline - INFO - [200/441] 處理 tile: tile_x2304_y3072
2026-07-22 01:46:52,293 - m3_module.m3_elastic_matching - INFO - elastic_dish_nucleus_matching(overlap-first): IHC=61, DISH=55, matched(1核)=39 (其中重疊=38), drop-out(競爭落敗)=10, 無候選(計入)=12, factor=1.50, min_reach=20.0
2026-07-22 01:46:53,006 - m3_module.m3_dot_detection - INFO - detect_all_dots: 紅點=43, 黑點=76, 涉及細胞=61
2026-07-22 01:46:53,135 - m3_module.m3_cells_generator - INFO - All-positive 標註完成: 47 個細胞
2026-07-22 01:46:53,183 - m3_module.m3_cells_generator - INFO - enlarge_cell_instances: 47 顆細胞, factor=1.50(面積), 中位半徑=26.2px, 外擴=5.9px
2026-07-22 01:46:53,290 - m4_module.cell_crops - INFO - 匯出 22 張 per-cell 影像至 docs/hybrid-pipeline/measurement/runs_cellpose421/large/cell_crops/tile_x2304_y2304/cells
2026-07-22 01:46:53,291 - hybrid_pipeline - INFO - Tile tile_x2304_y2304 完成: 核心擁有 22 細胞 (22 陽性), 1.85 秒
2026-07-22 01:46:53,541 - hybrid_pipeline - INFO - [201/441] 處理 tile: tile_x2304_y3840
2026-07-22 01:46:53,576 - m3_module.m3_elastic_matching - INFO - elastic_dish_nucleus_matching(overlap-first): IHC=47, DISH=42, matched(1核)=30 (其中重疊=30), drop-out(競爭落敗)=5, 無候選(計入)=12, factor=1.50, min_reach=20.0
2026-07-22 01:46:54,206 - m3_module.m3_dot_detection - INFO - detect_all_dots: 紅點=33, 黑點=62, 涉及細胞=47
2026-07-22 01:46:54,312 - m3_module.m3_cells_generator - INFO - All-positive 標註完成: 16 個細胞
2026-07-22 01:46:54,355 - m3_module.m3_cells_generator - INFO - enlarge_cell_instances: 16 顆細胞, factor=1.50(面積), 中位半徑=26.8px, 外擴=6.0px
2026-07-22 01:46:54,426 - m4_module.cell_crops - INFO - 匯出 22 張 per-cell 影像至 docs/hybrid-pipeline/measurement/runs_cellpose421/large/cell_crops/tile_x2304_y3072/cells
2026-07-22 01:46:54,426 - hybrid_pipeline - INFO - Tile tile_x2304_y3072 完成: 核心擁有 22 細胞 (22 陽性), 2.17 秒
2026-07-22 01:46:54,728 - hybrid_pipeline - INFO - [202/441] 處理 tile: tile_x2304_y4608
2026-07-22 01:46:54,762 - m3_module.m3_elastic_matching - INFO - elastic_dish_nucleus_matching(overlap-first): IHC=16, DISH=13, matched(1核)=9 (其中重疊=9), drop-out(競爭落敗)=2, 無候選(計入)=5, factor=1.50, min_reach=20.0
2026-07-22 01:46:54,986 - m3_module.m3_dot_detection - INFO - detect_all_dots: 紅點=15, 黑點=37, 涉及細胞=16
2026-07-22 01:46:55,100 - m4_module.cell_crops - INFO - 匯出 3 張 per-cell 影像至 docs/hybrid-pipeline/measurement/runs_cellpose421/large/cell_crops/tile_x2304_y3840/cells
2026-07-22 01:46:55,101 - hybrid_pipeline - INFO - Tile tile_x2304_y3840 完成: 核心擁有 3 細胞 (3 陽性), 1.56 秒
2026-07-22 01:46:55,128 - m3_module.m3_cells_generator - INFO - All-positive 標註完成: 42 個細胞
2026-07-22 01:46:55,176 - m3_module.m3_cells_generator - INFO - enlarge_cell_instances: 42 顆細胞, factor=1.50(面積), 中位半徑=28.7px, 外擴=6.4px
2026-07-22 01:46:55,542 - hybrid_pipeline - INFO - [203/441] 處理 tile: tile_x2304_y5376
2026-07-22 01:46:55,574 - m3_module.m3_elastic_matching - INFO - elastic_dish_nucleus_matching(overlap-first): IHC=42, DISH=33, matched(1核)=26 (其中重疊=26), drop-out(競爭落敗)=5, 無候選(計入)=11, factor=1.50, min_reach=20.0
2026-07-22 01:46:56,118 - m3_module.m3_dot_detection - INFO - detect_all_dots: 紅點=34, 黑點=62, 涉及細胞=42
2026-07-22 01:46:56,221 - m3_module.m3_cells_generator - INFO - All-positive 標註完成: 27 個細胞
2026-07-22 01:46:56,274 - m3_module.m3_cells_generator - INFO - enlarge_cell_instances: 27 顆細胞, factor=1.50(面積), 中位半徑=24.0px, 外擴=5.4px
2026-07-22 01:46:56,292 - m4_module.cell_crops - INFO - 匯出 35 張 per-cell 影像至 docs/hybrid-pipeline/measurement/runs_cellpose421/large/cell_crops/tile_x2304_y4608/cells
2026-07-22 01:46:56,292 - hybrid_pipeline - INFO - Tile tile_x2304_y4608 完成: 核心擁有 35 細胞 (35 陽性), 1.56 秒
2026-07-22 01:46:56,637 - hybrid_pipeline - INFO - [204/441] 處理 tile: tile_x2304_y6144
2026-07-22 01:46:56,671 - m3_module.m3_elastic_matching - INFO - elastic_dish_nucleus_matching(overlap-first): IHC=27, DISH=22, matched(1核)=14 (其中重疊=14), drop-out(競爭落敗)=3, 無候選(計入)=10, factor=1.50, min_reach=20.0
2026-07-22 01:46:56,972 - m3_module.m3_dot_detection - INFO - detect_all_dots: 紅點=23, 黑點=39, 涉及細胞=27
2026-07-22 01:46:57,088 - m3_module.m3_cells_generator - INFO - All-positive 標註完成: 30 個細胞
2026-07-22 01:46:57,123 - m4_module.cell_crops - INFO - 匯出 3 張 per-cell 影像至 docs/hybrid-pipeline/measurement/runs_cellpose421/large/cell_crops/tile_x2304_y5376/cells
2026-07-22 01:46:57,123 - hybrid_pipeline - INFO - Tile tile_x2304_y5376 完成: 核心擁有 3 細胞 (3 陽性), 1.58 秒
2026-07-22 01:46:57,136 - m3_module.m3_cells_generator - INFO - enlarge_cell_instances: 30 顆細胞, factor=1.50(面積), 中位半徑=27.2px, 外擴=6.1px
2026-07-22 01:46:57,493 - hybrid_pipeline - INFO - [205/441] 處理 tile: tile_x2304_y6912
2026-07-22 01:46:57,524 - m3_module.m3_elastic_matching - INFO - elastic_dish_nucleus_matching(overlap-first): IHC=30, DISH=27, matched(1核)=20 (其中重疊=20), drop-out(競爭落敗)=3, 無候選(計入)=7, factor=1.50, min_reach=20.0
2026-07-22 01:46:57,884 - m3_module.m3_dot_detection - INFO - detect_all_dots: 紅點=27, 黑點=51, 涉及細胞=30
2026-07-22 01:46:58,025 - m3_module.m3_cells_generator - INFO - All-positive 標註完成: 66 個細胞
2026-07-22 01:46:58,054 - m4_module.cell_crops - INFO - 匯出 10 張 per-cell 影像至 docs/hybrid-pipeline/measurement/runs_cellpose421/large/cell_crops/tile_x2304_y6144/cells
2026-07-22 01:46:58,054 - hybrid_pipeline - INFO - Tile tile_x2304_y6144 完成: 核心擁有 10 細胞 (10 陽性), 1.42 秒
2026-07-22 01:46:58,079 - m3_module.m3_cells_generator - INFO - enlarge_cell_instances: 66 顆細胞, factor=1.50(面積), 中位半徑=31.7px, 外擴=7.1px
2026-07-22 01:46:58,444 - hybrid_pipeline - INFO - [206/441] 處理 tile: tile_x2304_y768
2026-07-22 01:46:58,482 - m3_module.m3_elastic_matching - INFO - elastic_dish_nucleus_matching(overlap-first): IHC=66, DISH=76, matched(1核)=53 (其中重疊=53), drop-out(競爭落敗)=7, 無候選(計入)=6, factor=1.50, min_reach=20.0
2026-07-22 01:46:59,466 - m3_module.m3_dot_detection - INFO - detect_all_dots: 紅點=58, 黑點=97, 涉及細胞=66
2026-07-22 01:46:59,580 - m3_module.m3_cells_generator - INFO - All-positive 標註完成: 55 個細胞
2026-07-22 01:46:59,631 - m3_module.m3_cells_generator - INFO - enlarge_cell_instances: 55 顆細胞, factor=1.50(面積), 中位半徑=23.2px, 外擴=5.2px
2026-07-22 01:46:59,751 - m4_module.cell_crops - INFO - 匯出 46 張 per-cell 影像至 docs/hybrid-pipeline/measurement/runs_cellpose421/large/cell_crops/tile_x2304_y6912/cells
2026-07-22 01:46:59,751 - hybrid_pipeline - INFO - Tile tile_x2304_y6912 完成: 核心擁有 46 細胞 (46 陽性), 2.26 秒
2026-07-22 01:46:59,992 - hybrid_pipeline - INFO - [207/441] 處理 tile: tile_x2304_y7680
2026-07-22 01:47:00,024 - m3_module.m3_elastic_matching - INFO - elastic_dish_nucleus_matching(overlap-first): IHC=55, DISH=49, matched(1核)=35 (其中重疊=35), drop-out(競爭落敗)=7, 無候選(計入)=13, factor=1.50, min_reach=20.0
2026-07-22 01:47:00,641 - m3_module.m3_dot_detection - INFO - detect_all_dots: 紅點=38, 黑點=77, 涉及細胞=55
2026-07-22 01:47:00,778 - m3_module.m3_cells_generator - INFO - All-positive 標註完成: 32 個細胞
2026-07-22 01:47:00,830 - m3_module.m3_cells_generator - INFO - enlarge_cell_instances: 32 顆細胞, factor=1.50(面積), 中位半徑=33.9px, 外擴=7.6px
2026-07-22 01:47:00,850 - m4_module.cell_crops - INFO - 匯出 31 張 per-cell 影像至 docs/hybrid-pipeline/measurement/runs_cellpose421/large/cell_crops/tile_x2304_y768/cells
2026-07-22 01:47:00,851 - hybrid_pipeline - INFO - Tile tile_x2304_y768 完成: 核心擁有 31 細胞 (31 陽性), 2.41 秒
2026-07-22 01:47:01,193 - hybrid_pipeline - INFO - [208/441] 處理 tile: tile_x2304_y8448
2026-07-22 01:47:01,229 - m3_module.m3_elastic_matching - INFO - elastic_dish_nucleus_matching(overlap-first): IHC=32, DISH=40, matched(1核)=26 (其中重疊=26), drop-out(競爭落敗)=2, 無候選(計入)=4, factor=1.50, min_reach=20.0
2026-07-22 01:47:01,804 - m3_module.m3_dot_detection - INFO - detect_all_dots: 紅點=33, 黑點=53, 涉及細胞=32
2026-07-22 01:47:01,939 - m3_module.m3_cells_generator - INFO - All-positive 標註完成: 26 個細胞
2026-07-22 01:47:01,982 - m4_module.cell_crops - INFO - 匯出 15 張 per-cell 影像至 docs/hybrid-pipeline/measurement/runs_cellpose421/large/cell_crops/tile_x2304_y7680/cells
2026-07-22 01:47:01,982 - hybrid_pipeline - INFO - Tile tile_x2304_y7680 完成: 核心擁有 15 細胞 (15 陽性), 1.99 秒
2026-07-22 01:47:01,987 - m3_module.m3_cells_generator - INFO - enlarge_cell_instances: 26 顆細胞, factor=1.50(面積), 中位半徑=34.2px, 外擴=7.7px
2026-07-22 01:47:02,344 - hybrid_pipeline - INFO - [209/441] 處理 tile: tile_x2304_y9216
2026-07-22 01:47:02,378 - m3_module.m3_elastic_matching - INFO - elastic_dish_nucleus_matching(overlap-first): IHC=26, DISH=22, matched(1核)=15 (其中重疊=15), drop-out(競爭落敗)=3, 無候選(計入)=8, factor=1.50, min_reach=20.0
2026-07-22 01:47:02,645 - m3_module.m3_dot_detection - INFO - detect_all_dots: 紅點=14, 黑點=22, 涉及細胞=26
2026-07-22 01:47:02,775 - m3_module.m3_cells_generator - INFO - All-positive 標註完成: 57 個細胞
2026-07-22 01:47:02,805 - m4_module.cell_crops - INFO - 匯出 19 張 per-cell 影像至 docs/hybrid-pipeline/measurement/runs_cellpose421/large/cell_crops/tile_x2304_y8448/cells
2026-07-22 01:47:02,805 - hybrid_pipeline - INFO - Tile tile_x2304_y8448 完成: 核心擁有 19 細胞 (19 陽性), 1.61 秒
2026-07-22 01:47:02,828 - m3_module.m3_cells_generator - INFO - enlarge_cell_instances: 57 顆細胞, factor=1.50(面積), 中位半徑=26.5px, 外擴=5.9px
2026-07-22 01:47:03,189 - hybrid_pipeline - INFO - [210/441] 處理 tile: tile_x2304_y9984
2026-07-22 01:47:03,222 - m3_module.m3_elastic_matching - INFO - elastic_dish_nucleus_matching(overlap-first): IHC=57, DISH=34, matched(1核)=27 (其中重疊=27), drop-out(競爭落敗)=13, 無候選(計入)=17, factor=1.50, min_reach=20.0
2026-07-22 01:47:03,764 - m3_module.m3_dot_detection - INFO - detect_all_dots: 紅點=34, 黑點=57, 涉及細胞=57
2026-07-22 01:47:03,913 - m3_module.m3_cells_generator - INFO - All-positive 標註完成: 107 個細胞
2026-07-22 01:47:03,957 - m4_module.cell_crops - INFO - 匯出 18 張 per-cell 影像至 docs/hybrid-pipeline/measurement/runs_cellpose421/large/cell_crops/tile_x2304_y9216/cells
2026-07-22 01:47:03,957 - hybrid_pipeline - INFO - Tile tile_x2304_y9216 完成: 核心擁有 18 細胞 (18 陽性), 1.61 秒
2026-07-22 01:47:03,974 - m3_module.m3_cells_generator - INFO - enlarge_cell_instances: 107 顆細胞, factor=1.50(面積), 中位半徑=29.9px, 外擴=6.7px
2026-07-22 01:47:04,331 - hybrid_pipeline - INFO - [211/441] 處理 tile: tile_x3072_y0
2026-07-22 01:47:04,370 - m3_module.m3_elastic_matching - INFO - elastic_dish_nucleus_matching(overlap-first): IHC=107, DISH=63, matched(1核)=53 (其中重疊=53), drop-out(競爭落敗)=27, 無候選(計入)=27, factor=1.50, min_reach=20.0
2026-07-22 01:47:05,271 - m3_module.m3_dot_detection - INFO - detect_all_dots: 紅點=53, 黑點=87, 涉及細胞=107
2026-07-22 01:47:05,411 - m3_module.m3_cells_generator - INFO - All-positive 標註完成: 58 個細胞
2026-07-22 01:47:05,466 - m3_module.m3_cells_generator - INFO - enlarge_cell_instances: 58 顆細胞, factor=1.50(面積), 中位半徑=19.8px, 外擴=4.5px
2026-07-22 01:47:05,597 - m4_module.cell_crops - INFO - 匯出 59 張 per-cell 影像至 docs/hybrid-pipeline/measurement/runs_cellpose421/large/cell_crops/tile_x2304_y9984/cells
2026-07-22 01:47:05,597 - hybrid_pipeline - INFO - Tile tile_x2304_y9984 完成: 核心擁有 59 細胞 (59 陽性), 2.41 秒
2026-07-22 01:47:05,825 - hybrid_pipeline - INFO - [212/441] 處理 tile: tile_x3072_y10752
2026-07-22 01:47:05,862 - m3_module.m3_elastic_matching - INFO - elastic_dish_nucleus_matching(overlap-first): IHC=58, DISH=55, matched(1核)=33 (其中重疊=33), drop-out(競爭落敗)=5, 無候選(計入)=20, factor=1.50, min_reach=20.0
2026-07-22 01:47:06,503 - m3_module.m3_dot_detection - INFO - detect_all_dots: 紅點=44, 黑點=72, 涉及細胞=58
2026-07-22 01:47:06,646 - m3_module.m3_cells_generator - INFO - All-positive 標註完成: 44 個細胞
2026-07-22 01:47:06,703 - m3_module.m3_cells_generator - INFO - enlarge_cell_instances: 44 顆細胞, factor=1.50(面積), 中位半徑=30.7px, 外擴=6.9px
2026-07-22 01:47:06,772 - m4_module.cell_crops - INFO - 匯出 31 張 per-cell 影像至 docs/hybrid-pipeline/measurement/runs_cellpose421/large/cell_crops/tile_x3072_y0/cells
2026-07-22 01:47:06,772 - hybrid_pipeline - INFO - Tile tile_x3072_y0 完成: 核心擁有 31 細胞 (31 陽性), 2.44 秒
2026-07-22 01:47:07,066 - hybrid_pipeline - INFO - [213/441] 處理 tile: tile_x3072_y11520
2026-07-22 01:47:07,101 - m3_module.m3_elastic_matching - INFO - elastic_dish_nucleus_matching(overlap-first): IHC=44, DISH=41, matched(1核)=26 (其中重疊=26), drop-out(競爭落敗)=7, 無候選(計入)=11, factor=1.50, min_reach=20.0
2026-07-22 01:47:07,655 - m3_module.m3_dot_detection - INFO - detect_all_dots: 紅點=27, 黑點=59, 涉及細胞=44
2026-07-22 01:47:07,800 - m3_module.m3_cells_generator - INFO - All-positive 標註完成: 119 個細胞
2026-07-22 01:47:07,859 - m3_module.m3_cells_generator - INFO - enlarge_cell_instances: 119 顆細胞, factor=1.50(面積), 中位半徑=29.7px, 外擴=6.7px
2026-07-22 01:47:07,903 - m4_module.cell_crops - INFO - 匯出 29 張 per-cell 影像至 docs/hybrid-pipeline/measurement/runs_cellpose421/large/cell_crops/tile_x3072_y10752/cells
2026-07-22 01:47:07,903 - hybrid_pipeline - INFO - Tile tile_x3072_y10752 完成: 核心擁有 29 細胞 (29 陽性), 2.08 秒
2026-07-22 01:47:08,234 - hybrid_pipeline - INFO - [214/441] 處理 tile: tile_x3072_y12288
2026-07-22 01:47:08,272 - m3_module.m3_elastic_matching - INFO - elastic_dish_nucleus_matching(overlap-first): IHC=119, DISH=77, matched(1核)=69 (其中重疊=69), drop-out(競爭落敗)=25, 無候選(計入)=25, factor=1.50, min_reach=20.0
2026-07-22 01:47:09,565 - m3_module.m3_dot_detection - INFO - detect_all_dots: 紅點=75, 黑點=147, 涉及細胞=119
2026-07-22 01:47:09,800 - m3_module.m3_cells_generator - INFO - All-positive 標註完成: 165 個細胞
2026-07-22 01:47:09,861 - m3_module.m3_cells_generator - INFO - enlarge_cell_instances: 165 顆細胞, factor=1.50(面積), 中位半徑=30.4px, 外擴=6.8px
2026-07-22 01:47:09,892 - m4_module.cell_crops - INFO - 匯出 60 張 per-cell 影像至 docs/hybrid-pipeline/measurement/runs_cellpose421/large/cell_crops/tile_x3072_y11520/cells
2026-07-22 01:47:09,892 - hybrid_pipeline - INFO - Tile tile_x3072_y11520 完成: 核心擁有 60 細胞 (60 陽性), 2.83 秒
2026-07-22 01:47:10,232 - hybrid_pipeline - INFO - [215/441] 處理 tile: tile_x3072_y13056
2026-07-22 01:47:10,272 - m3_module.m3_elastic_matching - INFO - elastic_dish_nucleus_matching(overlap-first): IHC=165, DISH=105, matched(1核)=96 (其中重疊=96), drop-out(競爭落敗)=35, 無候選(計入)=34, factor=1.50, min_reach=20.0
2026-07-22 01:47:12,076 - m3_module.m3_dot_detection - INFO - detect_all_dots: 紅點=114, 黑點=196, 涉及細胞=165
2026-07-22 01:47:12,260 - m3_module.m3_cells_generator - INFO - All-positive 標註完成: 157 個細胞
2026-07-22 01:47:12,320 - m3_module.m3_cells_generator - INFO - enlarge_cell_instances: 157 顆細胞, factor=1.50(面積), 中位半徑=30.0px, 外擴=6.7px
2026-07-22 01:47:12,517 - m4_module.cell_crops - INFO - 匯出 86 張 per-cell 影像至 docs/hybrid-pipeline/measurement/runs_cellpose421/large/cell_crops/tile_x3072_y12288/cells
2026-07-22 01:47:12,517 - hybrid_pipeline - INFO - Tile tile_x3072_y12288 完成: 核心擁有 86 細胞 (86 陽性), 4.28 秒
2026-07-22 01:47:12,682 - hybrid_pipeline - INFO - [216/441] 處理 tile: tile_x3072_y13824
2026-07-22 01:47:12,721 - m3_module.m3_elastic_matching - INFO - elastic_dish_nucleus_matching(overlap-first): IHC=157, DISH=93, matched(1核)=84 (其中重疊=84), drop-out(競爭落敗)=42, 無候選(計入)=31, factor=1.50, min_reach=20.0
2026-07-22 01:47:14,098 - m3_module.m3_dot_detection - INFO - detect_all_dots: 紅點=88, 黑點=142, 涉及細胞=157
2026-07-22 01:47:14,243 - m3_module.m3_cells_generator - INFO - All-positive 標註完成: 73 個細胞
2026-07-22 01:47:14,293 - m3_module.m3_cells_generator - INFO - enlarge_cell_instances: 73 顆細胞, factor=1.50(面積), 中位半徑=26.2px, 外擴=5.9px
2026-07-22 01:47:14,526 - m4_module.cell_crops - INFO - 匯出 93 張 per-cell 影像至 docs/hybrid-pipeline/measurement/runs_cellpose421/large/cell_crops/tile_x3072_y13056/cells
2026-07-22 01:47:14,526 - hybrid_pipeline - INFO - Tile tile_x3072_y13056 完成: 核心擁有 93 細胞 (93 陽性), 4.29 秒
2026-07-22 01:47:14,666 - hybrid_pipeline - INFO - [217/441] 處理 tile: tile_x3072_y14592
2026-07-22 01:47:14,702 - m3_module.m3_elastic_matching - INFO - elastic_dish_nucleus_matching(overlap-first): IHC=73, DISH=52, matched(1核)=40 (其中重疊=40), drop-out(競爭落敗)=18, 無候選(計入)=15, factor=1.50, min_reach=20.0
2026-07-22 01:47:15,500 - m3_module.m3_dot_detection - INFO - detect_all_dots: 紅點=47, 黑點=75, 涉及細胞=73
2026-07-22 01:47:15,597 - m3_module.m3_cells_generator - INFO - All-positive 標註完成: 18 個細胞
2026-07-22 01:47:15,634 - m3_module.m3_cells_generator - INFO - enlarge_cell_instances: 18 顆細胞, factor=1.50(面積), 中位半徑=26.1px, 外擴=5.9px
2026-07-22 01:47:15,739 - m4_module.cell_crops - INFO - 匯出 32 張 per-cell 影像至 docs/hybrid-pipeline/measurement/runs_cellpose421/large/cell_crops/tile_x3072_y13824/cells
2026-07-22 01:47:15,740 - hybrid_pipeline - INFO - Tile tile_x3072_y13824 完成: 核心擁有 32 細胞 (32 陽性), 3.06 秒
2026-07-22 01:47:15,993 - hybrid_pipeline - INFO - [218/441] 處理 tile: tile_x3072_y1536
2026-07-22 01:47:16,024 - m3_module.m3_elastic_matching - INFO - elastic_dish_nucleus_matching(overlap-first): IHC=18, DISH=17, matched(1核)=12 (其中重疊=12), drop-out(競爭落敗)=1, 無候選(計入)=5, factor=1.50, min_reach=20.0
2026-07-22 01:47:16,288 - m3_module.m3_dot_detection - INFO - detect_all_dots: 紅點=18, 黑點=29, 涉及細胞=18
2026-07-22 01:47:16,407 - m4_module.cell_crops - INFO - 匯出 5 張 per-cell 影像至 docs/hybrid-pipeline/measurement/runs_cellpose421/large/cell_crops/tile_x3072_y14592/cells
2026-07-22 01:47:16,408 - hybrid_pipeline - INFO - Tile tile_x3072_y14592 完成: 核心擁有 5 細胞 (5 陽性), 1.74 秒
2026-07-22 01:47:16,433 - m3_module.m3_cells_generator - INFO - All-positive 標註完成: 86 個細胞
2026-07-22 01:47:16,485 - m3_module.m3_cells_generator - INFO - enlarge_cell_instances: 86 顆細胞, factor=1.50(面積), 中位半徑=21.2px, 外擴=4.8px
2026-07-22 01:47:16,850 - hybrid_pipeline - INFO - [219/441] 處理 tile: tile_x3072_y15360
2026-07-22 01:47:16,885 - m3_module.m3_elastic_matching - INFO - elastic_dish_nucleus_matching(overlap-first): IHC=86, DISH=95, matched(1核)=60 (其中重疊=60), drop-out(競爭落敗)=10, 無候選(計入)=16, factor=1.50, min_reach=20.0
2026-07-22 01:47:18,209 - m3_module.m3_dot_detection - INFO - detect_all_dots: 紅點=73, 黑點=146, 涉及細胞=86
2026-07-22 01:47:18,334 - m3_module.m3_cells_generator - INFO - All-positive 標註完成: 8 個細胞
2026-07-22 01:47:18,368 - m3_module.m3_cells_generator - INFO - enlarge_cell_instances: 8 顆細胞, factor=1.50(面積), 中位半徑=31.5px, 外擴=7.1px
2026-07-22 01:47:18,481 - m4_module.cell_crops - INFO - 匯出 53 張 per-cell 影像至 docs/hybrid-pipeline/measurement/runs_cellpose421/large/cell_crops/tile_x3072_y1536/cells
2026-07-22 01:47:18,481 - hybrid_pipeline - INFO - Tile tile_x3072_y1536 完成: 核心擁有 53 細胞 (53 陽性), 2.49 秒
2026-07-22 01:47:18,727 - hybrid_pipeline - INFO - [220/441] 處理 tile: tile_x3072_y2304
2026-07-22 01:47:18,760 - m3_module.m3_elastic_matching - INFO - elastic_dish_nucleus_matching(overlap-first): IHC=8, DISH=3, matched(1核)=2 (其中重疊=2), drop-out(競爭落敗)=1, 無候選(計入)=5, factor=1.50, min_reach=20.0
2026-07-22 01:47:18,917 - m3_module.m3_dot_detection - INFO - detect_all_dots: 紅點=7, 黑點=9, 涉及細胞=8
2026-07-22 01:47:19,017 - m4_module.cell_crops - INFO - 匯出 7 張 per-cell 影像至 docs/hybrid-pipeline/measurement/runs_cellpose421/large/cell_crops/tile_x3072_y15360/cells
2026-07-22 01:47:19,017 - hybrid_pipeline - INFO - Tile tile_x3072_y15360 完成: 核心擁有 7 細胞 (7 陽性), 2.17 秒
2026-07-22 01:47:19,121 - m3_module.m3_cells_generator - INFO - All-positive 標註完成: 52 個細胞
2026-07-22 01:47:19,172 - m3_module.m3_cells_generator - INFO - enlarge_cell_instances: 52 顆細胞, factor=1.50(面積), 中位半徑=23.7px, 外擴=5.3px
2026-07-22 01:47:19,529 - hybrid_pipeline - INFO - [221/441] 處理 tile: tile_x3072_y3072
2026-07-22 01:47:19,561 - m3_module.m3_elastic_matching - INFO - elastic_dish_nucleus_matching(overlap-first): IHC=52, DISH=55, matched(1核)=37 (其中重疊=37), drop-out(競爭落敗)=8, 無候選(計入)=7, factor=1.50, min_reach=20.0
2026-07-22 01:47:20,205 - m3_module.m3_dot_detection - INFO - detect_all_dots: 紅點=40, 黑點=67, 涉及細胞=52
2026-07-22 01:47:20,362 - m3_module.m3_cells_generator - INFO - All-positive 標註完成: 68 個細胞
2026-07-22 01:47:20,413 - m3_module.m3_cells_generator - INFO - enlarge_cell_instances: 68 顆細胞, factor=1.50(面積), 中位半徑=28.4px, 外擴=6.4px
2026-07-22 01:47:20,444 - m4_module.cell_crops - INFO - 匯出 27 張 per-cell 影像至 docs/hybrid-pipeline/measurement/runs_cellpose421/large/cell_crops/tile_x3072_y2304/cells
2026-07-22 01:47:20,444 - hybrid_pipeline - INFO - Tile tile_x3072_y2304 完成: 核心擁有 27 細胞 (27 陽性), 1.72 秒
2026-07-22 01:47:20,770 - hybrid_pipeline - INFO - [222/441] 處理 tile: tile_x3072_y3840
2026-07-22 01:47:20,807 - m3_module.m3_elastic_matching - INFO - elastic_dish_nucleus_matching(overlap-first): IHC=68, DISH=54, matched(1核)=38 (其中重疊=38), drop-out(競爭落敗)=13, 無候選(計入)=17, factor=1.50, min_reach=20.0
2026-07-22 01:47:21,411 - m3_module.m3_dot_detection - INFO - detect_all_dots: 紅點=40, 黑點=81, 涉及細胞=68
2026-07-22 01:47:21,566 - m3_module.m3_cells_generator - INFO - All-positive 標註完成: 80 個細胞
2026-07-22 01:47:21,623 - m3_module.m3_cells_generator - INFO - enlarge_cell_instances: 80 顆細胞, factor=1.50(面積), 中位半徑=31.0px, 外擴=7.0px
2026-07-22 01:47:21,659 - m4_module.cell_crops - INFO - 匯出 48 張 per-cell 影像至 docs/hybrid-pipeline/measurement/runs_cellpose421/large/cell_crops/tile_x3072_y3072/cells
2026-07-22 01:47:21,659 - hybrid_pipeline - INFO - Tile tile_x3072_y3072 完成: 核心擁有 48 細胞 (48 陽性), 2.13 秒
2026-07-22 01:47:21,990 - hybrid_pipeline - INFO - [223/441] 處理 tile: tile_x3072_y4608
2026-07-22 01:47:22,028 - m3_module.m3_elastic_matching - INFO - elastic_dish_nucleus_matching(overlap-first): IHC=80, DISH=57, matched(1核)=50 (其中重疊=50), drop-out(競爭落敗)=17, 無候選(計入)=13, factor=1.50, min_reach=20.0
2026-07-22 01:47:23,085 - m3_module.m3_dot_detection - INFO - detect_all_dots: 紅點=64, 黑點=119, 涉及細胞=80
2026-07-22 01:47:23,237 - m3_module.m3_cells_generator - INFO - All-positive 標註完成: 60 個細胞
2026-07-22 01:47:23,286 - m3_module.m3_cells_generator - INFO - enlarge_cell_instances: 60 顆細胞, factor=1.50(面積), 中位半徑=28.4px, 外擴=6.4px
2026-07-22 01:47:23,389 - m4_module.cell_crops - INFO - 匯出 54 張 per-cell 影像至 docs/hybrid-pipeline/measurement/runs_cellpose421/large/cell_crops/tile_x3072_y3840/cells
2026-07-22 01:47:23,389 - hybrid_pipeline - INFO - Tile tile_x3072_y3840 完成: 核心擁有 54 細胞 (54 陽性), 2.62 秒
2026-07-22 01:47:23,649 - hybrid_pipeline - INFO - [224/441] 處理 tile: tile_x3072_y5376
2026-07-22 01:47:23,687 - m3_module.m3_elastic_matching - INFO - elastic_dish_nucleus_matching(overlap-first): IHC=60, DISH=46, matched(1核)=38 (其中重疊=38), drop-out(競爭落敗)=11, 無候選(計入)=11, factor=1.50, min_reach=20.0
2026-07-22 01:47:24,373 - m3_module.m3_dot_detection - INFO - detect_all_dots: 紅點=40, 黑點=89, 涉及細胞=60
2026-07-22 01:47:24,494 - m3_module.m3_cells_generator - INFO - All-positive 標註完成: 46 個細胞
2026-07-22 01:47:24,558 - m3_module.m3_cells_generator - INFO - enlarge_cell_instances: 46 顆細胞, factor=1.50(面積), 中位半徑=23.4px, 外擴=5.3px
2026-07-22 01:47:24,564 - m4_module.cell_crops - INFO - 匯出 30 張 per-cell 影像至 docs/hybrid-pipeline/measurement/runs_cellpose421/large/cell_crops/tile_x3072_y4608/cells
2026-07-22 01:47:24,564 - hybrid_pipeline - INFO - Tile tile_x3072_y4608 完成: 核心擁有 30 細胞 (30 陽性), 2.57 秒
2026-07-22 01:47:24,915 - hybrid_pipeline - INFO - [225/441] 處理 tile: tile_x3072_y6144
2026-07-22 01:47:24,949 - m3_module.m3_elastic_matching - INFO - elastic_dish_nucleus_matching(overlap-first): IHC=46, DISH=29, matched(1核)=22 (其中重疊=22), drop-out(競爭落敗)=9, 無候選(計入)=15, factor=1.50, min_reach=20.0
2026-07-22 01:47:25,454 - m3_module.m3_dot_detection - INFO - detect_all_dots: 紅點=24, 黑點=49, 涉及細胞=46
2026-07-22 01:47:25,595 - m3_module.m3_cells_generator - INFO - All-positive 標註完成: 62 個細胞
2026-07-22 01:47:25,626 - m4_module.cell_crops - INFO - 匯出 11 張 per-cell 影像至 docs/hybrid-pipeline/measurement/runs_cellpose421/large/cell_crops/tile_x3072_y5376/cells
2026-07-22 01:47:25,627 - hybrid_pipeline - INFO - Tile tile_x3072_y5376 完成: 核心擁有 11 細胞 (11 陽性), 1.98 秒
2026-07-22 01:47:25,653 - m3_module.m3_cells_generator - INFO - enlarge_cell_instances: 62 顆細胞, factor=1.50(面積), 中位半徑=30.6px, 外擴=6.9px
2026-07-22 01:47:26,011 - hybrid_pipeline - INFO - [226/441] 處理 tile: tile_x3072_y6912
2026-07-22 01:47:26,048 - m3_module.m3_elastic_matching - INFO - elastic_dish_nucleus_matching(overlap-first): IHC=62, DISH=49, matched(1核)=38 (其中重疊=37), drop-out(競爭落敗)=8, 無候選(計入)=16, factor=1.50, min_reach=20.0
2026-07-22 01:47:26,687 - m3_module.m3_dot_detection - INFO - detect_all_dots: 紅點=42, 黑點=73, 涉及細胞=62
2026-07-22 01:47:26,833 - m3_module.m3_cells_generator - INFO - All-positive 標註完成: 44 個細胞
2026-07-22 01:47:26,883 - m3_module.m3_cells_generator - INFO - enlarge_cell_instances: 44 顆細胞, factor=1.50(面積), 中位半徑=28.0px, 外擴=6.3px
2026-07-22 01:47:26,972 - m4_module.cell_crops - INFO - 匯出 49 張 per-cell 影像至 docs/hybrid-pipeline/measurement/runs_cellpose421/large/cell_crops/tile_x3072_y6144/cells
2026-07-22 01:47:26,972 - hybrid_pipeline - INFO - Tile tile_x3072_y6144 完成: 核心擁有 49 細胞 (49 陽性), 2.06 秒
2026-07-22 01:47:27,243 - hybrid_pipeline - INFO - [227/441] 處理 tile: tile_x3072_y768
2026-07-22 01:47:27,277 - m3_module.m3_elastic_matching - INFO - elastic_dish_nucleus_matching(overlap-first): IHC=44, DISH=40, matched(1核)=28 (其中重疊=28), drop-out(競爭落敗)=4, 無候選(計入)=12, factor=1.50, min_reach=20.0
2026-07-22 01:47:27,910 - m3_module.m3_dot_detection - INFO - detect_all_dots: 紅點=36, 黑點=60, 涉及細胞=44
2026-07-22 01:47:28,045 - m3_module.m3_cells_generator - INFO - All-positive 標註完成: 73 個細胞
2026-07-22 01:47:28,101 - m3_module.m3_cells_generator - INFO - enlarge_cell_instances: 73 顆細胞, factor=1.50(面積), 中位半徑=22.7px, 外擴=5.1px
2026-07-22 01:47:28,128 - m4_module.cell_crops - INFO - 匯出 15 張 per-cell 影像至 docs/hybrid-pipeline/measurement/runs_cellpose421/large/cell_crops/tile_x3072_y6912/cells
2026-07-22 01:47:28,128 - hybrid_pipeline - INFO - Tile tile_x3072_y6912 完成: 核心擁有 15 細胞 (15 陽性), 2.12 秒
2026-07-22 01:47:28,466 - hybrid_pipeline - INFO - [228/441] 處理 tile: tile_x3072_y7680
2026-07-22 01:47:28,503 - m3_module.m3_elastic_matching - INFO - elastic_dish_nucleus_matching(overlap-first): IHC=73, DISH=76, matched(1核)=53 (其中重疊=53), drop-out(競爭落敗)=4, 無候選(計入)=16, factor=1.50, min_reach=20.0
2026-07-22 01:47:29,608 - m3_module.m3_dot_detection - INFO - detect_all_dots: 紅點=73, 黑點=138, 涉及細胞=73
2026-07-22 01:47:29,750 - m3_module.m3_cells_generator - INFO - All-positive 標註完成: 69 個細胞
2026-07-22 01:47:29,805 - m3_module.m3_cells_generator - INFO - enlarge_cell_instances: 69 顆細胞, factor=1.50(面積), 中位半徑=32.0px, 外擴=7.2px
2026-07-22 01:47:29,847 - m4_module.cell_crops - INFO - 匯出 42 張 per-cell 影像至 docs/hybrid-pipeline/measurement/runs_cellpose421/large/cell_crops/tile_x3072_y768/cells
2026-07-22 01:47:29,847 - hybrid_pipeline - INFO - Tile tile_x3072_y768 完成: 核心擁有 42 細胞 (42 陽性), 2.60 秒
2026-07-22 01:47:30,168 - hybrid_pipeline - INFO - [229/441] 處理 tile: tile_x3072_y8448
2026-07-22 01:47:30,206 - m3_module.m3_elastic_matching - INFO - elastic_dish_nucleus_matching(overlap-first): IHC=69, DISH=72, matched(1核)=49 (其中重疊=49), drop-out(競爭落敗)=8, 無候選(計入)=12, factor=1.50, min_reach=20.0
2026-07-22 01:47:31,079 - m3_module.m3_dot_detection - INFO - detect_all_dots: 紅點=51, 黑點=80, 涉及細胞=69
2026-07-22 01:47:31,227 - m3_module.m3_cells_generator - INFO - All-positive 標註完成: 60 個細胞
2026-07-22 01:47:31,278 - m3_module.m3_cells_generator - INFO - enlarge_cell_instances: 60 顆細胞, factor=1.50(面積), 中位半徑=31.6px, 外擴=7.1px
2026-07-22 01:47:31,335 - m4_module.cell_crops - INFO - 匯出 24 張 per-cell 影像至 docs/hybrid-pipeline/measurement/runs_cellpose421/large/cell_crops/tile_x3072_y7680/cells
2026-07-22 01:47:31,335 - hybrid_pipeline - INFO - Tile tile_x3072_y7680 完成: 核心擁有 24 細胞 (24 陽性), 2.87 秒
2026-07-22 01:47:31,639 - hybrid_pipeline - INFO - [230/441] 處理 tile: tile_x3072_y9216
2026-07-22 01:47:31,680 - m3_module.m3_elastic_matching - INFO - elastic_dish_nucleus_matching(overlap-first): IHC=60, DISH=44, matched(1核)=38 (其中重疊=38), drop-out(競爭落敗)=12, 無候選(計入)=10, factor=1.50, min_reach=20.0
2026-07-22 01:47:32,337 - m3_module.m3_dot_detection - INFO - detect_all_dots: 紅點=28, 黑點=66, 涉及細胞=60
2026-07-22 01:47:32,450 - m3_module.m3_cells_generator - INFO - All-positive 標註完成: 27 個細胞
2026-07-22 01:47:32,493 - m3_module.m3_cells_generator - INFO - enlarge_cell_instances: 27 顆細胞, factor=1.50(面積), 中位半徑=26.0px, 外擴=5.8px
2026-07-22 01:47:32,547 - m4_module.cell_crops - INFO - 匯出 30 張 per-cell 影像至 docs/hybrid-pipeline/measurement/runs_cellpose421/large/cell_crops/tile_x3072_y8448/cells
2026-07-22 01:47:32,547 - hybrid_pipeline - INFO - Tile tile_x3072_y8448 完成: 核心擁有 30 細胞 (30 陽性), 2.38 秒
2026-07-22 01:47:32,861 - hybrid_pipeline - INFO - [231/441] 處理 tile: tile_x3072_y9984
2026-07-22 01:47:32,894 - m3_module.m3_elastic_matching - INFO - elastic_dish_nucleus_matching(overlap-first): IHC=27, DISH=15, matched(1核)=12 (其中重疊=12), drop-out(競爭落敗)=2, 無候選(計入)=13, factor=1.50, min_reach=20.0
2026-07-22 01:47:33,115 - m3_module.m3_dot_detection - INFO - detect_all_dots: 紅點=12, 黑點=25, 涉及細胞=27
2026-07-22 01:47:33,230 - m4_module.cell_crops - INFO - 匯出 1 張 per-cell 影像至 docs/hybrid-pipeline/measurement/runs_cellpose421/large/cell_crops/tile_x3072_y9216/cells
2026-07-22 01:47:33,230 - hybrid_pipeline - INFO - Tile tile_x3072_y9216 完成: 核心擁有 1 細胞 (1 陽性), 1.59 秒
2026-07-22 01:47:33,264 - m3_module.m3_cells_generator - INFO - All-positive 標註完成: 64 個細胞
2026-07-22 01:47:33,316 - m3_module.m3_cells_generator - INFO - enlarge_cell_instances: 64 顆細胞, factor=1.50(面積), 中位半徑=31.2px, 外擴=7.0px
2026-07-22 01:47:33,672 - hybrid_pipeline - INFO - [232/441] 處理 tile: tile_x3840_y0
2026-07-22 01:47:33,707 - m3_module.m3_elastic_matching - INFO - elastic_dish_nucleus_matching(overlap-first): IHC=64, DISH=59, matched(1核)=40 (其中重疊=40), drop-out(競爭落敗)=11, 無候選(計入)=13, factor=1.50, min_reach=20.0
2026-07-22 01:47:34,655 - m3_module.m3_dot_detection - INFO - detect_all_dots: 紅點=65, 黑點=109, 涉及細胞=64
2026-07-22 01:47:34,795 - m3_module.m3_cells_generator - INFO - All-positive 標註完成: 70 個細胞
2026-07-22 01:47:34,851 - m3_module.m3_cells_generator - INFO - enlarge_cell_instances: 70 顆細胞, factor=1.50(面積), 中位半徑=22.4px, 外擴=5.0px
2026-07-22 01:47:34,922 - m4_module.cell_crops - INFO - 匯出 40 張 per-cell 影像至 docs/hybrid-pipeline/measurement/runs_cellpose421/large/cell_crops/tile_x3072_y9984/cells
2026-07-22 01:47:34,922 - hybrid_pipeline - INFO - Tile tile_x3072_y9984 完成: 核心擁有 40 細胞 (40 陽性), 2.06 秒
2026-07-22 01:47:35,211 - hybrid_pipeline - INFO - [233/441] 處理 tile: tile_x3840_y10752
2026-07-22 01:47:35,249 - m3_module.m3_elastic_matching - INFO - elastic_dish_nucleus_matching(overlap-first): IHC=70, DISH=71, matched(1核)=42 (其中重疊=42), drop-out(競爭落敗)=8, 無候選(計入)=20, factor=1.50, min_reach=20.0
2026-07-22 01:47:36,210 - m3_module.m3_dot_detection - INFO - detect_all_dots: 紅點=57, 黑點=108, 涉及細胞=70
2026-07-22 01:47:36,354 - m3_module.m3_cells_generator - INFO - All-positive 標註完成: 58 個細胞
2026-07-22 01:47:36,410 - m3_module.m3_cells_generator - INFO - enlarge_cell_instances: 58 顆細胞, factor=1.50(面積), 中位半徑=29.6px, 外擴=6.7px
2026-07-22 01:47:36,512 - m4_module.cell_crops - INFO - 匯出 35 張 per-cell 影像至 docs/hybrid-pipeline/measurement/runs_cellpose421/large/cell_crops/tile_x3840_y0/cells
2026-07-22 01:47:36,512 - hybrid_pipeline - INFO - Tile tile_x3840_y0 完成: 核心擁有 35 細胞 (35 陽性), 2.84 秒
2026-07-22 01:47:36,768 - hybrid_pipeline - INFO - [234/441] 處理 tile: tile_x3840_y11520
2026-07-22 01:47:36,805 - m3_module.m3_elastic_matching - INFO - elastic_dish_nucleus_matching(overlap-first): IHC=58, DISH=50, matched(1核)=36 (其中重疊=36), drop-out(競爭落敗)=13, 無候選(計入)=9, factor=1.50, min_reach=20.0
2026-07-22 01:47:37,577 - m3_module.m3_dot_detection - INFO - detect_all_dots: 紅點=44, 黑點=69, 涉及細胞=58
2026-07-22 01:47:37,759 - m3_module.m3_cells_generator - INFO - All-positive 標註完成: 127 個細胞
2026-07-22 01:47:37,782 - m4_module.cell_crops - INFO - 匯出 27 張 per-cell 影像至 docs/hybrid-pipeline/measurement/runs_cellpose421/large/cell_crops/tile_x3840_y10752/cells
2026-07-22 01:47:37,782 - hybrid_pipeline - INFO - Tile tile_x3840_y10752 完成: 核心擁有 27 細胞 (27 陽性), 2.57 秒
2026-07-22 01:47:37,823 - m3_module.m3_cells_generator - INFO - enlarge_cell_instances: 127 顆細胞, factor=1.50(面積), 中位半徑=30.3px, 外擴=6.8px
2026-07-22 01:47:38,183 - hybrid_pipeline - INFO - [235/441] 處理 tile: tile_x3840_y12288
2026-07-22 01:47:38,223 - m3_module.m3_elastic_matching - INFO - elastic_dish_nucleus_matching(overlap-first): IHC=127, DISH=101, matched(1核)=81 (其中重疊=81), drop-out(競爭落敗)=23, 無候選(計入)=23, factor=1.50, min_reach=20.0
2026-07-22 01:47:40,031 - m3_module.m3_dot_detection - INFO - detect_all_dots: 紅點=96, 黑點=187, 涉及細胞=127
2026-07-22 01:47:40,188 - m3_module.m3_cells_generator - INFO - All-positive 標註完成: 109 個細胞
2026-07-22 01:47:40,248 - m3_module.m3_cells_generator - INFO - enlarge_cell_instances: 109 顆細胞, factor=1.50(面積), 中位半徑=28.2px, 外擴=6.3px
2026-07-22 01:47:40,471 - m4_module.cell_crops - INFO - 匯出 80 張 per-cell 影像至 docs/hybrid-pipeline/measurement/runs_cellpose421/large/cell_crops/tile_x3840_y11520/cells
2026-07-22 01:47:40,471 - hybrid_pipeline - INFO - Tile tile_x3840_y11520 完成: 核心擁有 80 細胞 (80 陽性), 3.70 秒
2026-07-22 01:47:40,622 - hybrid_pipeline - INFO - [236/441] 處理 tile: tile_x3840_y13056
2026-07-22 01:47:40,663 - m3_module.m3_elastic_matching - INFO - elastic_dish_nucleus_matching(overlap-first): IHC=109, DISH=81, matched(1核)=61 (其中重疊=61), drop-out(競爭落敗)=27, 無候選(計入)=21, factor=1.50, min_reach=20.0
2026-07-22 01:47:42,206 - m3_module.m3_dot_detection - INFO - detect_all_dots: 紅點=91, 黑點=151, 涉及細胞=109
2026-07-22 01:47:42,345 - m3_module.m3_cells_generator - INFO - All-positive 標註完成: 72 個細胞
2026-07-22 01:47:42,392 - m3_module.m3_cells_generator - INFO - enlarge_cell_instances: 72 顆細胞, factor=1.50(面積), 中位半徑=27.5px, 外擴=6.2px
2026-07-22 01:47:42,598 - m4_module.cell_crops - INFO - 匯出 52 張 per-cell 影像至 docs/hybrid-pipeline/measurement/runs_cellpose421/large/cell_crops/tile_x3840_y12288/cells
2026-07-22 01:47:42,598 - hybrid_pipeline - INFO - Tile tile_x3840_y12288 完成: 核心擁有 52 細胞 (52 陽性), 4.42 秒
2026-07-22 01:47:42,765 - hybrid_pipeline - INFO - [237/441] 處理 tile: tile_x3840_y13824
2026-07-22 01:47:42,802 - m3_module.m3_elastic_matching - INFO - elastic_dish_nucleus_matching(overlap-first): IHC=72, DISH=49, matched(1核)=39 (其中重疊=39), drop-out(競爭落敗)=11, 無候選(計入)=22, factor=1.50, min_reach=20.0
2026-07-22 01:47:43,563 - m3_module.m3_dot_detection - INFO - detect_all_dots: 紅點=41, 黑點=68, 涉及細胞=72
2026-07-22 01:47:43,760 - m3_module.m3_cells_generator - INFO - All-positive 標註完成: 151 個細胞
2026-07-22 01:47:43,801 - m4_module.cell_crops - INFO - 匯出 32 張 per-cell 影像至 docs/hybrid-pipeline/measurement/runs_cellpose421/large/cell_crops/tile_x3840_y13056/cells
2026-07-22 01:47:43,801 - hybrid_pipeline - INFO - Tile tile_x3840_y13056 完成: 核心擁有 32 細胞 (32 陽性), 3.18 秒
2026-07-22 01:47:43,824 - m3_module.m3_cells_generator - INFO - enlarge_cell_instances: 151 顆細胞, factor=1.50(面積), 中位半徑=28.3px, 外擴=6.4px
2026-07-22 01:47:44,196 - hybrid_pipeline - INFO - [238/441] 處理 tile: tile_x3840_y14592
2026-07-22 01:47:44,234 - m3_module.m3_elastic_matching - INFO - elastic_dish_nucleus_matching(overlap-first): IHC=151, DISH=89, matched(1核)=82 (其中重疊=82), drop-out(競爭落敗)=35, 無候選(計入)=34, factor=1.50, min_reach=20.0
2026-07-22 01:47:46,146 - m3_module.m3_dot_detection - INFO - detect_all_dots: 紅點=128, 黑點=236, 涉及細胞=151
2026-07-22 01:47:46,348 - m3_module.m3_cells_generator - INFO - All-positive 標註完成: 140 個細胞
2026-07-22 01:47:46,406 - m3_module.m3_cells_generator - INFO - enlarge_cell_instances: 140 顆細胞, factor=1.50(面積), 中位半徑=30.1px, 外擴=6.8px
2026-07-22 01:47:46,553 - m4_module.cell_crops - INFO - 匯出 77 張 per-cell 影像至 docs/hybrid-pipeline/measurement/runs_cellpose421/large/cell_crops/tile_x3840_y13824/cells
2026-07-22 01:47:46,553 - hybrid_pipeline - INFO - Tile tile_x3840_y13824 完成: 核心擁有 77 細胞 (77 陽性), 3.79 秒
2026-07-22 01:47:46,763 - hybrid_pipeline - INFO - [239/441] 處理 tile: tile_x3840_y1536
2026-07-22 01:47:46,801 - m3_module.m3_elastic_matching - INFO - elastic_dish_nucleus_matching(overlap-first): IHC=140, DISH=85, matched(1核)=76 (其中重疊=76), drop-out(競爭落敗)=30, 無候選(計入)=34, factor=1.50, min_reach=20.0
2026-07-22 01:47:48,390 - m3_module.m3_dot_detection - INFO - detect_all_dots: 紅點=99, 黑點=178, 涉及細胞=140
2026-07-22 01:47:48,521 - m3_module.m3_cells_generator - INFO - All-positive 標註完成: 82 個細胞
2026-07-22 01:47:48,577 - m3_module.m3_cells_generator - INFO - enlarge_cell_instances: 82 顆細胞, factor=1.50(面積), 中位半徑=21.4px, 外擴=4.8px
2026-07-22 01:47:48,790 - m4_module.cell_crops - INFO - 匯出 83 張 per-cell 影像至 docs/hybrid-pipeline/measurement/runs_cellpose421/large/cell_crops/tile_x3840_y14592/cells
2026-07-22 01:47:48,790 - hybrid_pipeline - INFO - Tile tile_x3840_y14592 完成: 核心擁有 83 細胞 (83 陽性), 4.59 秒
2026-07-22 01:47:48,955 - hybrid_pipeline - INFO - [240/441] 處理 tile: tile_x3840_y15360
2026-07-22 01:47:48,991 - m3_module.m3_elastic_matching - INFO - elastic_dish_nucleus_matching(overlap-first): IHC=82, DISH=82, matched(1核)=55 (其中重疊=55), drop-out(競爭落敗)=9, 無候選(計入)=18, factor=1.50, min_reach=20.0
2026-07-22 01:47:50,151 - m3_module.m3_dot_detection - INFO - detect_all_dots: 紅點=57, 黑點=145, 涉及細胞=82
2026-07-22 01:47:50,323 - m3_module.m3_cells_generator - INFO - All-positive 標註完成: 78 個細胞
2026-07-22 01:47:50,369 - m3_module.m3_cells_generator - INFO - enlarge_cell_instances: 78 顆細胞, factor=1.50(面積), 中位半徑=28.8px, 外擴=6.5px
2026-07-22 01:47:50,439 - m4_module.cell_crops - INFO - 匯出 50 張 per-cell 影像至 docs/hybrid-pipeline/measurement/runs_cellpose421/large/cell_crops/tile_x3840_y1536/cells
2026-07-22 01:47:50,439 - hybrid_pipeline - INFO - Tile tile_x3840_y1536 完成: 核心擁有 50 細胞 (50 陽性), 3.68 秒
2026-07-22 01:47:50,730 - hybrid_pipeline - INFO - [241/441] 處理 tile: tile_x3840_y2304
2026-07-22 01:47:50,766 - m3_module.m3_elastic_matching - INFO - elastic_dish_nucleus_matching(overlap-first): IHC=78, DISH=47, matched(1核)=39 (其中重疊=39), drop-out(競爭落敗)=8, 無候選(計入)=31, factor=1.50, min_reach=20.0
2026-07-22 01:47:51,335 - m3_module.m3_dot_detection - INFO - detect_all_dots: 紅點=28, 黑點=60, 涉及細胞=78
2026-07-22 01:47:51,490 - m3_module.m3_cells_generator - INFO - All-positive 標註完成: 103 個細胞
2026-07-22 01:47:51,547 - m3_module.m3_cells_generator - INFO - enlarge_cell_instances: 103 顆細胞, factor=1.50(面積), 中位半徑=21.6px, 外擴=4.9px
2026-07-22 01:47:51,621 - m4_module.cell_crops - INFO - 匯出 47 張 per-cell 影像至 docs/hybrid-pipeline/measurement/runs_cellpose421/large/cell_crops/tile_x3840_y15360/cells
2026-07-22 01:47:51,621 - hybrid_pipeline - INFO - Tile tile_x3840_y15360 完成: 核心擁有 47 細胞 (47 陽性), 2.67 秒
2026-07-22 01:47:51,910 - hybrid_pipeline - INFO - [242/441] 處理 tile: tile_x3840_y3072
2026-07-22 01:47:51,951 - m3_module.m3_elastic_matching - INFO - elastic_dish_nucleus_matching(overlap-first): IHC=103, DISH=99, matched(1核)=69 (其中重疊=69), drop-out(競爭落敗)=18, 無候選(計入)=16, factor=1.50, min_reach=20.0
2026-07-22 01:47:53,012 - m3_module.m3_dot_detection - INFO - detect_all_dots: 紅點=59, 黑點=177, 涉及細胞=103
2026-07-22 01:47:53,165 - m3_module.m3_cells_generator - INFO - All-positive 標註完成: 88 個細胞
2026-07-22 01:47:53,221 - m3_module.m3_cells_generator - INFO - enlarge_cell_instances: 88 顆細胞, factor=1.50(面積), 中位半徑=25.6px, 外擴=5.8px
2026-07-22 01:47:53,356 - m4_module.cell_crops - INFO - 匯出 68 張 per-cell 影像至 docs/hybrid-pipeline/measurement/runs_cellpose421/large/cell_crops/tile_x3840_y2304/cells
2026-07-22 01:47:53,356 - hybrid_pipeline - INFO - Tile tile_x3840_y2304 完成: 核心擁有 68 細胞 (68 陽性), 2.63 秒
2026-07-22 01:47:53,586 - hybrid_pipeline - INFO - [243/441] 處理 tile: tile_x3840_y3840
2026-07-22 01:47:53,625 - m3_module.m3_elastic_matching - INFO - elastic_dish_nucleus_matching(overlap-first): IHC=88, DISH=72, matched(1核)=55 (其中重疊=55), drop-out(競爭落敗)=20, 無候選(計入)=13, factor=1.50, min_reach=20.0
2026-07-22 01:47:54,778 - m3_module.m3_dot_detection - INFO - detect_all_dots: 紅點=59, 黑點=141, 涉及細胞=88
2026-07-22 01:47:54,923 - m3_module.m3_cells_generator - INFO - All-positive 標註完成: 73 個細胞
2026-07-22 01:47:54,977 - m3_module.m3_cells_generator - INFO - enlarge_cell_instances: 73 顆細胞, factor=1.50(面積), 中位半徑=25.0px, 外擴=5.6px
2026-07-22 01:47:55,094 - m4_module.cell_crops - INFO - 匯出 48 張 per-cell 影像至 docs/hybrid-pipeline/measurement/runs_cellpose421/large/cell_crops/tile_x3840_y3072/cells
2026-07-22 01:47:55,094 - hybrid_pipeline - INFO - Tile tile_x3840_y3072 完成: 核心擁有 48 細胞 (48 陽性), 3.18 秒
2026-07-22 01:47:55,340 - hybrid_pipeline - INFO - [244/441] 處理 tile: tile_x3840_y4608
2026-07-22 01:47:55,374 - m3_module.m3_elastic_matching - INFO - elastic_dish_nucleus_matching(overlap-first): IHC=73, DISH=45, matched(1核)=34 (其中重疊=34), drop-out(競爭落敗)=14, 無候選(計入)=25, factor=1.50, min_reach=20.0
2026-07-22 01:47:56,123 - m3_module.m3_dot_detection - INFO - detect_all_dots: 紅點=47, 黑點=81, 涉及細胞=73
2026-07-22 01:47:56,273 - m3_module.m3_cells_generator - INFO - All-positive 標註完成: 79 個細胞
2026-07-22 01:47:56,326 - m3_module.m3_cells_generator - INFO - enlarge_cell_instances: 79 顆細胞, factor=1.50(面積), 中位半徑=28.2px, 外擴=6.3px
2026-07-22 01:47:56,398 - m4_module.cell_crops - INFO - 匯出 21 張 per-cell 影像至 docs/hybrid-pipeline/measurement/runs_cellpose421/large/cell_crops/tile_x3840_y3840/cells
2026-07-22 01:47:56,398 - hybrid_pipeline - INFO - Tile tile_x3840_y3840 完成: 核心擁有 21 細胞 (21 陽性), 2.81 秒
2026-07-22 01:47:56,691 - hybrid_pipeline - INFO - [245/441] 處理 tile: tile_x3840_y5376
2026-07-22 01:47:56,728 - m3_module.m3_elastic_matching - INFO - elastic_dish_nucleus_matching(overlap-first): IHC=79, DISH=65, matched(1核)=51 (其中重疊=51), drop-out(競爭落敗)=10, 無候選(計入)=18, factor=1.50, min_reach=20.0
2026-07-22 01:47:57,770 - m3_module.m3_dot_detection - INFO - detect_all_dots: 紅點=56, 黑點=113, 涉及細胞=79
2026-07-22 01:47:57,941 - m3_module.m3_cells_generator - INFO - All-positive 標註完成: 106 個細胞
2026-07-22 01:47:57,999 - m3_module.m3_cells_generator - INFO - enlarge_cell_instances: 106 顆細胞, factor=1.50(面積), 中位半徑=28.6px, 外擴=6.4px
2026-07-22 01:47:58,056 - m4_module.cell_crops - INFO - 匯出 51 張 per-cell 影像至 docs/hybrid-pipeline/measurement/runs_cellpose421/large/cell_crops/tile_x3840_y4608/cells
2026-07-22 01:47:58,056 - hybrid_pipeline - INFO - Tile tile_x3840_y4608 完成: 核心擁有 51 細胞 (51 陽性), 2.72 秒
2026-07-22 01:47:58,363 - hybrid_pipeline - INFO - [246/441] 處理 tile: tile_x3840_y6144
2026-07-22 01:47:58,403 - m3_module.m3_elastic_matching - INFO - elastic_dish_nucleus_matching(overlap-first): IHC=106, DISH=78, matched(1核)=67 (其中重疊=67), drop-out(競爭落敗)=19, 無候選(計入)=20, factor=1.50, min_reach=20.0
2026-07-22 01:47:59,879 - m3_module.m3_dot_detection - INFO - detect_all_dots: 紅點=74, 黑點=181, 涉及細胞=106
2026-07-22 01:48:00,034 - m3_module.m3_cells_generator - INFO - All-positive 標註完成: 68 個細胞
2026-07-22 01:48:00,086 - m3_module.m3_cells_generator - INFO - enlarge_cell_instances: 68 顆細胞, factor=1.50(面積), 中位半徑=30.0px, 外擴=6.8px
2026-07-22 01:48:00,231 - m4_module.cell_crops - INFO - 匯出 71 張 per-cell 影像至 docs/hybrid-pipeline/measurement/runs_cellpose421/large/cell_crops/tile_x3840_y5376/cells
2026-07-22 01:48:00,231 - hybrid_pipeline - INFO - Tile tile_x3840_y5376 完成: 核心擁有 71 細胞 (71 陽性), 3.54 秒
2026-07-22 01:48:00,455 - hybrid_pipeline - INFO - [247/441] 處理 tile: tile_x3840_y6912
2026-07-22 01:48:00,493 - m3_module.m3_elastic_matching - INFO - elastic_dish_nucleus_matching(overlap-first): IHC=68, DISH=42, matched(1核)=38 (其中重疊=38), drop-out(競爭落敗)=16, 無候選(計入)=14, factor=1.50, min_reach=20.0
2026-07-22 01:48:01,180 - m3_module.m3_dot_detection - INFO - detect_all_dots: 紅點=40, 黑點=84, 涉及細胞=68
2026-07-22 01:48:01,318 - m3_module.m3_cells_generator - INFO - All-positive 標註完成: 40 個細胞
2026-07-22 01:48:01,365 - m3_module.m3_cells_generator - INFO - enlarge_cell_instances: 40 顆細胞, factor=1.50(面積), 中位半徑=27.1px, 外擴=6.1px
2026-07-22 01:48:01,461 - m4_module.cell_crops - INFO - 匯出 36 張 per-cell 影像至 docs/hybrid-pipeline/measurement/runs_cellpose421/large/cell_crops/tile_x3840_y6144/cells
2026-07-22 01:48:01,461 - hybrid_pipeline - INFO - Tile tile_x3840_y6144 完成: 核心擁有 36 細胞 (36 陽性), 3.10 秒
2026-07-22 01:48:01,722 - hybrid_pipeline - INFO - [248/441] 處理 tile: tile_x3840_y768
2026-07-22 01:48:01,758 - m3_module.m3_elastic_matching - INFO - elastic_dish_nucleus_matching(overlap-first): IHC=40, DISH=19, matched(1核)=16 (其中重疊=16), drop-out(競爭落敗)=8, 無候選(計入)=16, factor=1.50, min_reach=20.0
2026-07-22 01:48:02,083 - m3_module.m3_dot_detection - INFO - detect_all_dots: 紅點=18, 黑點=29, 涉及細胞=40
2026-07-22 01:48:02,240 - m3_module.m3_cells_generator - INFO - All-positive 標註完成: 64 個細胞
2026-07-22 01:48:02,253 - m4_module.cell_crops - INFO - 匯出 7 張 per-cell 影像至 docs/hybrid-pipeline/measurement/runs_cellpose421/large/cell_crops/tile_x3840_y6912/cells
2026-07-22 01:48:02,254 - hybrid_pipeline - INFO - Tile tile_x3840_y6912 完成: 核心擁有 7 細胞 (7 陽性), 1.80 秒
2026-07-22 01:48:02,297 - m3_module.m3_cells_generator - INFO - enlarge_cell_instances: 64 顆細胞, factor=1.50(面積), 中位半徑=24.1px, 外擴=5.4px
2026-07-22 01:48:02,655 - hybrid_pipeline - INFO - [249/441] 處理 tile: tile_x3840_y7680
2026-07-22 01:48:02,689 - m3_module.m3_elastic_matching - INFO - elastic_dish_nucleus_matching(overlap-first): IHC=64, DISH=60, matched(1核)=39 (其中重疊=39), drop-out(競爭落敗)=7, 無候選(計入)=18, factor=1.50, min_reach=20.0
2026-07-22 01:48:03,299 - m3_module.m3_dot_detection - INFO - detect_all_dots: 紅點=38, 黑點=77, 涉及細胞=64
2026-07-22 01:48:03,435 - m3_module.m3_cells_generator - INFO - All-positive 標註完成: 71 個細胞
2026-07-22 01:48:03,484 - m3_module.m3_cells_generator - INFO - enlarge_cell_instances: 71 顆細胞, factor=1.50(面積), 中位半徑=30.9px, 外擴=6.9px
2026-07-22 01:48:03,593 - m4_module.cell_crops - INFO - 匯出 35 張 per-cell 影像至 docs/hybrid-pipeline/measurement/runs_cellpose421/large/cell_crops/tile_x3840_y768/cells
2026-07-22 01:48:03,593 - hybrid_pipeline - INFO - Tile tile_x3840_y768 完成: 核心擁有 35 細胞 (35 陽性), 1.87 秒
2026-07-22 01:48:03,841 - hybrid_pipeline - INFO - [250/441] 處理 tile: tile_x3840_y8448
2026-07-22 01:48:03,879 - m3_module.m3_elastic_matching - INFO - elastic_dish_nucleus_matching(overlap-first): IHC=71, DISH=59, matched(1核)=43 (其中重疊=43), drop-out(競爭落敗)=14, 無候選(計入)=14, factor=1.50, min_reach=20.0
2026-07-22 01:48:04,734 - m3_module.m3_dot_detection - INFO - detect_all_dots: 紅點=45, 黑點=89, 涉及細胞=71
2026-07-22 01:48:04,927 - m3_module.m3_cells_generator - INFO - All-positive 標註完成: 112 個細胞
2026-07-22 01:48:04,987 - m4_module.cell_crops - INFO - 匯出 36 張 per-cell 影像至 docs/hybrid-pipeline/measurement/runs_cellpose421/large/cell_crops/tile_x3840_y7680/cells
2026-07-22 01:48:04,987 - hybrid_pipeline - INFO - Tile tile_x3840_y7680 完成: 核心擁有 36 細胞 (36 陽性), 2.33 秒
2026-07-22 01:48:04,991 - m3_module.m3_cells_generator - INFO - enlarge_cell_instances: 112 顆細胞, factor=1.50(面積), 中位半徑=31.9px, 外擴=7.2px
2026-07-22 01:48:05,350 - hybrid_pipeline - INFO - [251/441] 處理 tile: tile_x3840_y9216
2026-07-22 01:48:05,387 - m3_module.m3_elastic_matching - INFO - elastic_dish_nucleus_matching(overlap-first): IHC=112, DISH=66, matched(1核)=57 (其中重疊=57), drop-out(競爭落敗)=31, 無候選(計入)=24, factor=1.50, min_reach=20.0
2026-07-22 01:48:06,536 - m3_module.m3_dot_detection - INFO - detect_all_dots: 紅點=53, 黑點=135, 涉及細胞=112
2026-07-22 01:48:06,733 - m3_module.m3_cells_generator - INFO - All-positive 標註完成: 102 個細胞
2026-07-22 01:48:06,790 - m3_module.m3_cells_generator - INFO - enlarge_cell_instances: 102 顆細胞, factor=1.50(面積), 中位半徑=30.2px, 外擴=6.8px
2026-07-22 01:48:06,901 - m4_module.cell_crops - INFO - 匯出 66 張 per-cell 影像至 docs/hybrid-pipeline/measurement/runs_cellpose421/large/cell_crops/tile_x3840_y8448/cells
2026-07-22 01:48:06,901 - hybrid_pipeline - INFO - Tile tile_x3840_y8448 完成: 核心擁有 66 細胞 (66 陽性), 3.06 秒
2026-07-22 01:48:07,146 - hybrid_pipeline - INFO - [252/441] 處理 tile: tile_x3840_y9984
2026-07-22 01:48:07,181 - m3_module.m3_elastic_matching - INFO - elastic_dish_nucleus_matching(overlap-first): IHC=102, DISH=77, matched(1核)=60 (其中重疊=60), drop-out(競爭落敗)=20, 無候選(計入)=22, factor=1.50, min_reach=20.0
2026-07-22 01:48:08,546 - m3_module.m3_dot_detection - INFO - detect_all_dots: 紅點=71, 黑點=158, 涉及細胞=102
2026-07-22 01:48:08,705 - m3_module.m3_cells_generator - INFO - All-positive 標註完成: 95 個細胞
2026-07-22 01:48:08,758 - m3_module.m3_cells_generator - INFO - enlarge_cell_instances: 95 顆細胞, factor=1.50(面積), 中位半徑=30.3px, 外擴=6.8px
2026-07-22 01:48:08,916 - m4_module.cell_crops - INFO - 匯出 69 張 per-cell 影像至 docs/hybrid-pipeline/measurement/runs_cellpose421/large/cell_crops/tile_x3840_y9216/cells
2026-07-22 01:48:08,916 - hybrid_pipeline - INFO - Tile tile_x3840_y9216 完成: 核心擁有 69 細胞 (69 陽性), 3.57 秒
2026-07-22 01:48:09,118 - hybrid_pipeline - INFO - [253/441] 處理 tile: tile_x4608_y0
2026-07-22 01:48:09,157 - m3_module.m3_elastic_matching - INFO - elastic_dish_nucleus_matching(overlap-first): IHC=95, DISH=76, matched(1核)=58 (其中重疊=58), drop-out(競爭落敗)=26, 無候選(計入)=11, factor=1.50, min_reach=20.0
2026-07-22 01:48:10,505 - m3_module.m3_dot_detection - INFO - detect_all_dots: 紅點=74, 黑點=143, 涉及細胞=95
2026-07-22 01:48:10,674 - m3_module.m3_cells_generator - INFO - All-positive 標註完成: 111 個細胞
2026-07-22 01:48:10,734 - m3_module.m3_cells_generator - INFO - enlarge_cell_instances: 111 顆細胞, factor=1.50(面積), 中位半徑=26.8px, 外擴=6.0px
2026-07-22 01:48:10,866 - m4_module.cell_crops - INFO - 匯出 63 張 per-cell 影像至 docs/hybrid-pipeline/measurement/runs_cellpose421/large/cell_crops/tile_x3840_y9984/cells
2026-07-22 01:48:10,866 - hybrid_pipeline - INFO - Tile tile_x3840_y9984 完成: 核心擁有 63 細胞 (63 陽性), 3.72 秒
2026-07-22 01:48:11,103 - hybrid_pipeline - INFO - [254/441] 處理 tile: tile_x4608_y10752
2026-07-22 01:48:11,142 - m3_module.m3_elastic_matching - INFO - elastic_dish_nucleus_matching(overlap-first): IHC=111, DISH=86, matched(1核)=69 (其中重疊=69), drop-out(競爭落敗)=24, 無候選(計入)=18, factor=1.50, min_reach=20.0
2026-07-22 01:48:12,616 - m3_module.m3_dot_detection - INFO - detect_all_dots: 紅點=87, 黑點=182, 涉及細胞=111
2026-07-22 01:48:12,725 - m3_module.m3_cells_generator - INFO - All-positive 標註完成: 30 個細胞
2026-07-22 01:48:12,766 - m3_module.m3_cells_generator - INFO - enlarge_cell_instances: 30 顆細胞, factor=1.50(面積), 中位半徑=23.3px, 外擴=5.2px
2026-07-22 01:48:13,014 - m4_module.cell_crops - INFO - 匯出 73 張 per-cell 影像至 docs/hybrid-pipeline/measurement/runs_cellpose421/large/cell_crops/tile_x4608_y0/cells
2026-07-22 01:48:13,014 - hybrid_pipeline - INFO - Tile tile_x4608_y0 完成: 核心擁有 73 細胞 (73 陽性), 3.90 秒
2026-07-22 01:48:13,136 - hybrid_pipeline - INFO - [255/441] 處理 tile: tile_x4608_y11520
2026-07-22 01:48:13,168 - m3_module.m3_elastic_matching - INFO - elastic_dish_nucleus_matching(overlap-first): IHC=30, DISH=25, matched(1核)=18 (其中重疊=18), drop-out(競爭落敗)=5, 無候選(計入)=7, factor=1.50, min_reach=20.0
2026-07-22 01:48:13,601 - m3_module.m3_dot_detection - INFO - detect_all_dots: 紅點=23, 黑點=38, 涉及細胞=30
2026-07-22 01:48:13,749 - m3_module.m3_cells_generator - INFO - All-positive 標註完成: 75 個細胞
2026-07-22 01:48:13,759 - m4_module.cell_crops - INFO - 匯出 2 張 per-cell 影像至 docs/hybrid-pipeline/measurement/runs_cellpose421/large/cell_crops/tile_x4608_y10752/cells
2026-07-22 01:48:13,759 - hybrid_pipeline - INFO - Tile tile_x4608_y10752 完成: 核心擁有 2 細胞 (2 陽性), 2.66 秒
2026-07-22 01:48:13,806 - m3_module.m3_cells_generator - INFO - enlarge_cell_instances: 75 顆細胞, factor=1.50(面積), 中位半徑=30.0px, 外擴=6.8px
2026-07-22 01:48:14,162 - hybrid_pipeline - INFO - [256/441] 處理 tile: tile_x4608_y12288
2026-07-22 01:48:14,197 - m3_module.m3_elastic_matching - INFO - elastic_dish_nucleus_matching(overlap-first): IHC=75, DISH=71, matched(1核)=47 (其中重疊=47), drop-out(競爭落敗)=13, 無候選(計入)=15, factor=1.50, min_reach=20.0
2026-07-22 01:48:15,252 - m3_module.m3_dot_detection - INFO - detect_all_dots: 紅點=50, 黑點=115, 涉及細胞=75
2026-07-22 01:48:15,411 - m3_module.m3_cells_generator - INFO - All-positive 標註完成: 99 個細胞
2026-07-22 01:48:15,470 - m3_module.m3_cells_generator - INFO - enlarge_cell_instances: 99 顆細胞, factor=1.50(面積), 中位半徑=30.8px, 外擴=6.9px
2026-07-22 01:48:15,580 - m4_module.cell_crops - INFO - 匯出 49 張 per-cell 影像至 docs/hybrid-pipeline/measurement/runs_cellpose421/large/cell_crops/tile_x4608_y11520/cells
2026-07-22 01:48:15,581 - hybrid_pipeline - INFO - Tile tile_x4608_y11520 完成: 核心擁有 49 細胞 (49 陽性), 2.44 秒
2026-07-22 01:48:15,830 - hybrid_pipeline - INFO - [257/441] 處理 tile: tile_x4608_y13056
2026-07-22 01:48:15,868 - m3_module.m3_elastic_matching - INFO - elastic_dish_nucleus_matching(overlap-first): IHC=99, DISH=64, matched(1核)=52 (其中重疊=52), drop-out(競爭落敗)=29, 無候選(計入)=18, factor=1.50, min_reach=20.0
2026-07-22 01:48:16,998 - m3_module.m3_dot_detection - INFO - detect_all_dots: 紅點=53, 黑點=124, 涉及細胞=99
2026-07-22 01:48:17,160 - m3_module.m3_cells_generator - INFO - All-positive 標註完成: 121 個細胞
2026-07-22 01:48:17,217 - m3_module.m3_cells_generator - INFO - enlarge_cell_instances: 121 顆細胞, factor=1.50(面積), 中位半徑=29.4px, 外擴=6.6px
2026-07-22 01:48:17,363 - m4_module.cell_crops - INFO - 匯出 56 張 per-cell 影像至 docs/hybrid-pipeline/measurement/runs_cellpose421/large/cell_crops/tile_x4608_y12288/cells
2026-07-22 01:48:17,363 - hybrid_pipeline - INFO - Tile tile_x4608_y12288 完成: 核心擁有 56 細胞 (56 陽性), 3.20 秒
2026-07-22 01:48:17,575 - hybrid_pipeline - INFO - [258/441] 處理 tile: tile_x4608_y13824
2026-07-22 01:48:17,614 - m3_module.m3_elastic_matching - INFO - elastic_dish_nucleus_matching(overlap-first): IHC=121, DISH=71, matched(1核)=61 (其中重疊=60), drop-out(競爭落敗)=30, 無候選(計入)=30, factor=1.50, min_reach=20.0
2026-07-22 01:48:18,821 - m3_module.m3_dot_detection - INFO - detect_all_dots: 紅點=64, 黑點=130, 涉及細胞=121
2026-07-22 01:48:19,038 - m3_module.m3_cells_generator - INFO - All-positive 標註完成: 166 個細胞
2026-07-22 01:48:19,101 - m3_module.m3_cells_generator - INFO - enlarge_cell_instances: 166 顆細胞, factor=1.50(面積), 中位半徑=29.0px, 外擴=6.5px
2026-07-22 01:48:19,201 - m4_module.cell_crops - INFO - 匯出 71 張 per-cell 影像至 docs/hybrid-pipeline/measurement/runs_cellpose421/large/cell_crops/tile_x4608_y13056/cells
2026-07-22 01:48:19,201 - hybrid_pipeline - INFO - Tile tile_x4608_y13056 完成: 核心擁有 71 細胞 (71 陽性), 3.37 秒
2026-07-22 01:48:19,467 - hybrid_pipeline - INFO - [259/441] 處理 tile: tile_x4608_y14592
2026-07-22 01:48:19,504 - m3_module.m3_elastic_matching - INFO - elastic_dish_nucleus_matching(overlap-first): IHC=166, DISH=74, matched(1核)=71 (其中重疊=71), drop-out(競爭落敗)=38, 無候選(計入)=57, factor=1.50, min_reach=20.0
2026-07-22 01:48:21,077 - m3_module.m3_dot_detection - INFO - detect_all_dots: 紅點=84, 黑點=176, 涉及細胞=166
2026-07-22 01:48:21,310 - m3_module.m3_cells_generator - INFO - All-positive 標註完成: 187 個細胞
2026-07-22 01:48:21,371 - m3_module.m3_cells_generator - INFO - enlarge_cell_instances: 187 顆細胞, factor=1.50(面積), 中位半徑=28.6px, 外擴=6.4px
2026-07-22 01:48:21,528 - m4_module.cell_crops - INFO - 匯出 96 張 per-cell 影像至 docs/hybrid-pipeline/measurement/runs_cellpose421/large/cell_crops/tile_x4608_y13824/cells
2026-07-22 01:48:21,528 - hybrid_pipeline - INFO - Tile tile_x4608_y13824 完成: 核心擁有 96 細胞 (96 陽性), 3.95 秒
2026-07-22 01:48:21,734 - hybrid_pipeline - INFO - [260/441] 處理 tile: tile_x4608_y1536
2026-07-22 01:48:21,771 - m3_module.m3_elastic_matching - INFO - elastic_dish_nucleus_matching(overlap-first): IHC=187, DISH=97, matched(1核)=88 (其中重疊=88), drop-out(競爭落敗)=46, 無候選(計入)=53, factor=1.50, min_reach=20.0
2026-07-22 01:48:23,363 - m3_module.m3_dot_detection - INFO - detect_all_dots: 紅點=89, 黑點=186, 涉及細胞=187
2026-07-22 01:48:23,497 - m3_module.m3_cells_generator - INFO - All-positive 標註完成: 67 個細胞
2026-07-22 01:48:23,551 - m3_module.m3_cells_generator - INFO - enlarge_cell_instances: 67 顆細胞, factor=1.50(面積), 中位半徑=22.6px, 外擴=5.1px
2026-07-22 01:48:23,930 - m4_module.cell_crops - INFO - 匯出 105 張 per-cell 影像至 docs/hybrid-pipeline/measurement/runs_cellpose421/large/cell_crops/tile_x4608_y14592/cells
2026-07-22 01:48:23,931 - hybrid_pipeline - INFO - Tile tile_x4608_y14592 完成: 核心擁有 105 細胞 (105 陽性), 4.46 秒
2026-07-22 01:48:23,931 - hybrid_pipeline - INFO - [261/441] 處理 tile: tile_x4608_y15360
2026-07-22 01:48:23,960 - m3_module.m3_elastic_matching - INFO - elastic_dish_nucleus_matching(overlap-first): IHC=67, DISH=60, matched(1核)=43 (其中重疊=43), drop-out(競爭落敗)=8, 無候選(計入)=16, factor=1.50, min_reach=20.0
2026-07-22 01:48:24,983 - m3_module.m3_dot_detection - INFO - detect_all_dots: 紅點=58, 黑點=129, 涉及細胞=67
2026-07-22 01:48:25,254 - m4_module.cell_crops - INFO - 匯出 21 張 per-cell 影像至 docs/hybrid-pipeline/measurement/runs_cellpose421/large/cell_crops/tile_x4608_y1536/cells
2026-07-22 01:48:25,254 - hybrid_pipeline - INFO - Tile tile_x4608_y1536 完成: 核心擁有 21 細胞 (21 陽性), 3.52 秒
2026-07-22 01:48:25,292 - m3_module.m3_cells_generator - INFO - All-positive 標註完成: 109 個細胞
2026-07-22 01:48:25,350 - m3_module.m3_cells_generator - INFO - enlarge_cell_instances: 109 顆細胞, factor=1.50(面積), 中位半徑=31.0px, 外擴=7.0px
2026-07-22 01:48:25,707 - hybrid_pipeline - INFO - [262/441] 處理 tile: tile_x4608_y2304
2026-07-22 01:48:25,743 - m3_module.m3_elastic_matching - INFO - elastic_dish_nucleus_matching(overlap-first): IHC=109, DISH=78, matched(1核)=61 (其中重疊=61), drop-out(競爭落敗)=31, 無候選(計入)=17, factor=1.50, min_reach=20.0
2026-07-22 01:48:26,328 - m3_module.m3_dot_detection - INFO - detect_all_dots: 紅點=25, 黑點=47, 涉及細胞=109
2026-07-22 01:48:26,569 - m3_module.m3_cells_generator - INFO - All-positive 標註完成: 65 個細胞
2026-07-22 01:48:26,621 - m3_module.m3_cells_generator - INFO - enlarge_cell_instances: 65 顆細胞, factor=1.50(面積), 中位半徑=22.5px, 外擴=5.1px
2026-07-22 01:48:26,696 - m4_module.cell_crops - INFO - 匯出 72 張 per-cell 影像至 docs/hybrid-pipeline/measurement/runs_cellpose421/large/cell_crops/tile_x4608_y15360/cells
2026-07-22 01:48:26,696 - hybrid_pipeline - INFO - Tile tile_x4608_y15360 完成: 核心擁有 72 細胞 (72 陽性), 2.76 秒
2026-07-22 01:48:26,996 - hybrid_pipeline - INFO - [263/441] 處理 tile: tile_x4608_y3072
2026-07-22 01:48:27,029 - m3_module.m3_elastic_matching - INFO - elastic_dish_nucleus_matching(overlap-first): IHC=65, DISH=52, matched(1核)=41 (其中重疊=41), drop-out(競爭落敗)=9, 無候選(計入)=15, factor=1.50, min_reach=20.0
2026-07-22 01:48:27,847 - m3_module.m3_dot_detection - INFO - detect_all_dots: 紅點=50, 黑點=107, 涉及細胞=65
2026-07-22 01:48:28,091 - m4_module.cell_crops - INFO - 匯出 31 張 per-cell 影像至 docs/hybrid-pipeline/measurement/runs_cellpose421/large/cell_crops/tile_x4608_y2304/cells
2026-07-22 01:48:28,091 - hybrid_pipeline - INFO - Tile tile_x4608_y2304 完成: 核心擁有 31 細胞 (31 陽性), 2.38 秒
2026-07-22 01:48:28,127 - m3_module.m3_cells_generator - INFO - All-positive 標註完成: 93 個細胞
2026-07-22 01:48:28,183 - m3_module.m3_cells_generator - INFO - enlarge_cell_instances: 93 顆細胞, factor=1.50(面積), 中位半徑=28.3px, 外擴=6.4px
2026-07-22 01:48:28,546 - hybrid_pipeline - INFO - [264/441] 處理 tile: tile_x4608_y3840
2026-07-22 01:48:28,581 - m3_module.m3_elastic_matching - INFO - elastic_dish_nucleus_matching(overlap-first): IHC=93, DISH=73, matched(1核)=54 (其中重疊=54), drop-out(競爭落敗)=19, 無候選(計入)=20, factor=1.50, min_reach=20.0
2026-07-22 01:48:29,632 - m3_module.m3_dot_detection - INFO - detect_all_dots: 紅點=56, 黑點=137, 涉及細胞=93
2026-07-22 01:48:29,840 - m3_module.m3_cells_generator - INFO - All-positive 標註完成: 129 個細胞
2026-07-22 01:48:29,895 - m3_module.m3_cells_generator - INFO - enlarge_cell_instances: 129 顆細胞, factor=1.50(面積), 中位半徑=30.1px, 外擴=6.8px
2026-07-22 01:48:29,958 - m4_module.cell_crops - INFO - 匯出 48 張 per-cell 影像至 docs/hybrid-pipeline/measurement/runs_cellpose421/large/cell_crops/tile_x4608_y3072/cells
2026-07-22 01:48:29,958 - hybrid_pipeline - INFO - Tile tile_x4608_y3072 完成: 核心擁有 48 細胞 (48 陽性), 2.96 秒
2026-07-22 01:48:30,255 - hybrid_pipeline - INFO - [265/441] 處理 tile: tile_x4608_y4608
2026-07-22 01:48:30,291 - m3_module.m3_elastic_matching - INFO - elastic_dish_nucleus_matching(overlap-first): IHC=129, DISH=110, matched(1核)=82 (其中重疊=82), drop-out(競爭落敗)=26, 無候選(計入)=21, factor=1.50, min_reach=20.0
2026-07-22 01:48:32,026 - m3_module.m3_dot_detection - INFO - detect_all_dots: 紅點=98, 黑點=213, 涉及細胞=129
2026-07-22 01:48:32,158 - m3_module.m3_cells_generator - INFO - All-positive 標註完成: 72 個細胞
2026-07-22 01:48:32,208 - m3_module.m3_cells_generator - INFO - enlarge_cell_instances: 72 顆細胞, factor=1.50(面積), 中位半徑=23.5px, 外擴=5.3px
2026-07-22 01:48:32,449 - m4_module.cell_crops - INFO - 匯出 75 張 per-cell 影像至 docs/hybrid-pipeline/measurement/runs_cellpose421/large/cell_crops/tile_x4608_y3840/cells
2026-07-22 01:48:32,449 - hybrid_pipeline - INFO - Tile tile_x4608_y3840 完成: 核心擁有 75 細胞 (75 陽性), 3.90 秒
2026-07-22 01:48:32,578 - hybrid_pipeline - INFO - [266/441] 處理 tile: tile_x4608_y5376
2026-07-22 01:48:32,615 - m3_module.m3_elastic_matching - INFO - elastic_dish_nucleus_matching(overlap-first): IHC=72, DISH=43, matched(1核)=34 (其中重疊=34), drop-out(競爭落敗)=14, 無候選(計入)=24, factor=1.50, min_reach=20.0
2026-07-22 01:48:33,367 - m3_module.m3_dot_detection - INFO - detect_all_dots: 紅點=33, 黑點=89, 涉及細胞=72
2026-07-22 01:48:33,610 - m4_module.cell_crops - INFO - 匯出 33 張 per-cell 影像至 docs/hybrid-pipeline/measurement/runs_cellpose421/large/cell_crops/tile_x4608_y4608/cells
2026-07-22 01:48:33,610 - hybrid_pipeline - INFO - Tile tile_x4608_y4608 完成: 核心擁有 33 細胞 (33 陽性), 3.35 秒
2026-07-22 01:48:33,621 - m3_module.m3_cells_generator - INFO - All-positive 標註完成: 50 個細胞
2026-07-22 01:48:33,667 - m3_module.m3_cells_generator - INFO - enlarge_cell_instances: 50 顆細胞, factor=1.50(面積), 中位半徑=25.1px, 外擴=5.6px
2026-07-22 01:48:34,027 - hybrid_pipeline - INFO - [267/441] 處理 tile: tile_x4608_y6144
2026-07-22 01:48:34,058 - m3_module.m3_elastic_matching - INFO - elastic_dish_nucleus_matching(overlap-first): IHC=50, DISH=29, matched(1核)=26 (其中重疊=26), drop-out(競爭落敗)=9, 無候選(計入)=15, factor=1.50, min_reach=20.0
2026-07-22 01:48:34,611 - m3_module.m3_dot_detection - INFO - detect_all_dots: 紅點=27, 黑點=54, 涉及細胞=50
2026-07-22 01:48:34,762 - m4_module.cell_crops - INFO - 匯出 10 張 per-cell 影像至 docs/hybrid-pipeline/measurement/runs_cellpose421/large/cell_crops/tile_x4608_y5376/cells
2026-07-22 01:48:34,762 - hybrid_pipeline - INFO - Tile tile_x4608_y5376 完成: 核心擁有 10 細胞 (10 陽性), 2.18 秒
2026-07-22 01:48:34,890 - m3_module.m3_cells_generator - INFO - All-positive 標註完成: 71 個細胞
2026-07-22 01:48:34,942 - m3_module.m3_cells_generator - INFO - enlarge_cell_instances: 71 顆細胞, factor=1.50(面積), 中位半徑=31.6px, 外擴=7.1px
2026-07-22 01:48:35,305 - hybrid_pipeline - INFO - [268/441] 處理 tile: tile_x4608_y6912
2026-07-22 01:48:35,340 - m3_module.m3_elastic_matching - INFO - elastic_dish_nucleus_matching(overlap-first): IHC=71, DISH=51, matched(1核)=41 (其中重疊=41), drop-out(競爭落敗)=17, 無候選(計入)=13, factor=1.50, min_reach=20.0
2026-07-22 01:48:36,168 - m3_module.m3_dot_detection - INFO - detect_all_dots: 紅點=47, 黑點=82, 涉及細胞=71
2026-07-22 01:48:36,422 - m4_module.cell_crops - INFO - 匯出 40 張 per-cell 影像至 docs/hybrid-pipeline/measurement/runs_cellpose421/large/cell_crops/tile_x4608_y6144/cells
2026-07-22 01:48:36,422 - hybrid_pipeline - INFO - Tile tile_x4608_y6144 完成: 核心擁有 40 細胞 (40 陽性), 2.40 秒
2026-07-22 01:48:36,450 - m3_module.m3_cells_generator - INFO - All-positive 標註完成: 88 個細胞
2026-07-22 01:48:36,506 - m3_module.m3_cells_generator - INFO - enlarge_cell_instances: 88 顆細胞, factor=1.50(面積), 中位半徑=32.1px, 外擴=7.2px
2026-07-22 01:48:36,864 - hybrid_pipeline - INFO - [269/441] 處理 tile: tile_x4608_y768
2026-07-22 01:48:36,899 - m3_module.m3_elastic_matching - INFO - elastic_dish_nucleus_matching(overlap-first): IHC=88, DISH=49, matched(1核)=44 (其中重疊=44), drop-out(競爭落敗)=23, 無候選(計入)=21, factor=1.50, min_reach=20.0
2026-07-22 01:48:37,827 - m3_module.m3_dot_detection - INFO - detect_all_dots: 紅點=54, 黑點=104, 涉及細胞=88
2026-07-22 01:48:38,043 - m3_module.m3_cells_generator - INFO - All-positive 標註完成: 98 個細胞
2026-07-22 01:48:38,097 - m3_module.m3_cells_generator - INFO - enlarge_cell_instances: 98 顆細胞, factor=1.50(面積), 中位半徑=25.5px, 外擴=5.7px
2026-07-22 01:48:38,125 - m4_module.cell_crops - INFO - 匯出 63 張 per-cell 影像至 docs/hybrid-pipeline/measurement/runs_cellpose421/large/cell_crops/tile_x4608_y6912/cells
2026-07-22 01:48:38,125 - hybrid_pipeline - INFO - Tile tile_x4608_y6912 完成: 核心擁有 63 細胞 (63 陽性), 2.82 秒
2026-07-22 01:48:38,453 - hybrid_pipeline - INFO - [270/441] 處理 tile: tile_x4608_y7680
2026-07-22 01:48:38,488 - m3_module.m3_elastic_matching - INFO - elastic_dish_nucleus_matching(overlap-first): IHC=98, DISH=88, matched(1核)=64 (其中重疊=64), drop-out(競爭落敗)=18, 無候選(計入)=16, factor=1.50, min_reach=20.0
2026-07-22 01:48:39,693 - m3_module.m3_dot_detection - INFO - detect_all_dots: 紅點=74, 黑點=155, 涉及細胞=98
2026-07-22 01:48:39,848 - m3_module.m3_cells_generator - INFO - All-positive 標註完成: 87 個細胞
2026-07-22 01:48:39,898 - m3_module.m3_cells_generator - INFO - enlarge_cell_instances: 87 顆細胞, factor=1.50(面積), 中位半徑=32.2px, 外擴=7.2px
2026-07-22 01:48:40,048 - m4_module.cell_crops - INFO - 匯出 66 張 per-cell 影像至 docs/hybrid-pipeline/measurement/runs_cellpose421/large/cell_crops/tile_x4608_y768/cells
2026-07-22 01:48:40,049 - hybrid_pipeline - INFO - Tile tile_x4608_y768 完成: 核心擁有 66 細胞 (66 陽性), 3.18 秒
2026-07-22 01:48:40,255 - hybrid_pipeline - INFO - [271/441] 處理 tile: tile_x4608_y8448
2026-07-22 01:48:40,294 - m3_module.m3_elastic_matching - INFO - elastic_dish_nucleus_matching(overlap-first): IHC=87, DISH=56, matched(1核)=48 (其中重疊=48), drop-out(競爭落敗)=16, 無候選(計入)=23, factor=1.50, min_reach=20.0
2026-07-22 01:48:41,268 - m3_module.m3_dot_detection - INFO - detect_all_dots: 紅點=46, 黑點=106, 涉及細胞=87
2026-07-22 01:48:41,484 - m3_module.m3_cells_generator - INFO - All-positive 標註完成: 89 個細胞
2026-07-22 01:48:41,546 - m3_module.m3_cells_generator - INFO - enlarge_cell_instances: 89 顆細胞, factor=1.50(面積), 中位半徑=30.5px, 外擴=6.9px
2026-07-22 01:48:41,568 - m4_module.cell_crops - INFO - 匯出 49 張 per-cell 影像至 docs/hybrid-pipeline/measurement/runs_cellpose421/large/cell_crops/tile_x4608_y7680/cells
2026-07-22 01:48:41,568 - hybrid_pipeline - INFO - Tile tile_x4608_y7680 完成: 核心擁有 49 細胞 (49 陽性), 3.12 秒
2026-07-22 01:48:41,907 - hybrid_pipeline - INFO - [272/441] 處理 tile: tile_x4608_y9216
2026-07-22 01:48:41,943 - m3_module.m3_elastic_matching - INFO - elastic_dish_nucleus_matching(overlap-first): IHC=89, DISH=61, matched(1核)=49 (其中重疊=49), drop-out(競爭落敗)=18, 無候選(計入)=22, factor=1.50, min_reach=20.0
2026-07-22 01:48:42,886 - m3_module.m3_dot_detection - INFO - detect_all_dots: 紅點=50, 黑點=129, 涉及細胞=89
2026-07-22 01:48:43,110 - m3_module.m3_cells_generator - INFO - All-positive 標註完成: 105 個細胞
2026-07-22 01:48:43,174 - m3_module.m3_cells_generator - INFO - enlarge_cell_instances: 105 顆細胞, factor=1.50(面積), 中位半徑=32.1px, 外擴=7.2px
2026-07-22 01:48:43,200 - m4_module.cell_crops - INFO - 匯出 52 張 per-cell 影像至 docs/hybrid-pipeline/measurement/runs_cellpose421/large/cell_crops/tile_x4608_y8448/cells
2026-07-22 01:48:43,200 - hybrid_pipeline - INFO - Tile tile_x4608_y8448 完成: 核心擁有 52 細胞 (52 陽性), 2.95 秒
2026-07-22 01:48:43,539 - hybrid_pipeline - INFO - [273/441] 處理 tile: tile_x4608_y9984
2026-07-22 01:48:43,576 - m3_module.m3_elastic_matching - INFO - elastic_dish_nucleus_matching(overlap-first): IHC=105, DISH=92, matched(1核)=67 (其中重疊=67), drop-out(競爭落敗)=17, 無候選(計入)=21, factor=1.50, min_reach=20.0
2026-07-22 01:48:44,949 - m3_module.m3_dot_detection - INFO - detect_all_dots: 紅點=69, 黑點=157, 涉及細胞=105
2026-07-22 01:48:45,100 - m3_module.m3_cells_generator - INFO - All-positive 標註完成: 78 個細胞
2026-07-22 01:48:45,151 - m3_module.m3_cells_generator - INFO - enlarge_cell_instances: 78 顆細胞, factor=1.50(面積), 中位半徑=26.4px, 外擴=5.9px
2026-07-22 01:48:45,402 - m4_module.cell_crops - INFO - 匯出 52 張 per-cell 影像至 docs/hybrid-pipeline/measurement/runs_cellpose421/large/cell_crops/tile_x4608_y9216/cells
2026-07-22 01:48:45,402 - hybrid_pipeline - INFO - Tile tile_x4608_y9216 完成: 核心擁有 52 細胞 (52 陽性), 3.49 秒
2026-07-22 01:48:45,516 - hybrid_pipeline - INFO - [274/441] 處理 tile: tile_x5376_y0
2026-07-22 01:48:45,554 - m3_module.m3_elastic_matching - INFO - elastic_dish_nucleus_matching(overlap-first): IHC=78, DISH=63, matched(1核)=46 (其中重疊=46), drop-out(競爭落敗)=14, 無候選(計入)=18, factor=1.50, min_reach=20.0
2026-07-22 01:48:46,598 - m3_module.m3_dot_detection - INFO - detect_all_dots: 紅點=59, 黑點=106, 涉及細胞=78
2026-07-22 01:48:46,855 - m3_module.m3_cells_generator - INFO - All-positive 標註完成: 80 個細胞
2026-07-22 01:48:46,876 - m4_module.cell_crops - INFO - 匯出 24 張 per-cell 影像至 docs/hybrid-pipeline/measurement/runs_cellpose421/large/cell_crops/tile_x4608_y9984/cells
2026-07-22 01:48:46,876 - hybrid_pipeline - INFO - Tile tile_x4608_y9984 完成: 核心擁有 24 細胞 (24 陽性), 3.34 秒
2026-07-22 01:48:46,909 - m3_module.m3_cells_generator - INFO - enlarge_cell_instances: 80 顆細胞, factor=1.50(面積), 中位半徑=25.7px, 外擴=5.8px
2026-07-22 01:48:47,276 - hybrid_pipeline - INFO - [275/441] 處理 tile: tile_x5376_y10752
2026-07-22 01:48:47,311 - m3_module.m3_elastic_matching - INFO - elastic_dish_nucleus_matching(overlap-first): IHC=80, DISH=71, matched(1核)=54 (其中重疊=54), drop-out(競爭落敗)=14, 無候選(計入)=12, factor=1.50, min_reach=20.0
2026-07-22 01:48:48,338 - m3_module.m3_dot_detection - INFO - detect_all_dots: 紅點=63, 黑點=130, 涉及細胞=80
2026-07-22 01:48:48,585 - m3_module.m3_cells_generator - INFO - All-positive 標註完成: 34 個細胞
2026-07-22 01:48:48,601 - m4_module.cell_crops - INFO - 匯出 40 張 per-cell 影像至 docs/hybrid-pipeline/measurement/runs_cellpose421/large/cell_crops/tile_x5376_y0/cells
2026-07-22 01:48:48,601 - hybrid_pipeline - INFO - Tile tile_x5376_y0 完成: 核心擁有 40 細胞 (40 陽性), 3.08 秒
2026-07-22 01:48:48,635 - m3_module.m3_cells_generator - INFO - enlarge_cell_instances: 34 顆細胞, factor=1.50(面積), 中位半徑=25.1px, 外擴=5.6px
2026-07-22 01:48:48,991 - hybrid_pipeline - INFO - [276/441] 處理 tile: tile_x5376_y11520
2026-07-22 01:48:49,024 - m3_module.m3_elastic_matching - INFO - elastic_dish_nucleus_matching(overlap-first): IHC=34, DISH=32, matched(1核)=22 (其中重疊=22), drop-out(競爭落敗)=3, 無候選(計入)=9, factor=1.50, min_reach=20.0
2026-07-22 01:48:49,572 - m3_module.m3_dot_detection - INFO - detect_all_dots: 紅點=34, 黑點=49, 涉及細胞=34
2026-07-22 01:48:49,771 - m4_module.cell_crops - INFO - 匯出 20 張 per-cell 影像至 docs/hybrid-pipeline/measurement/runs_cellpose421/large/cell_crops/tile_x5376_y10752/cells
2026-07-22 01:48:49,771 - hybrid_pipeline - INFO - Tile tile_x5376_y10752 完成: 核心擁有 20 細胞 (20 陽性), 2.49 秒
2026-07-22 01:48:49,791 - m3_module.m3_cells_generator - INFO - All-positive 標註完成: 13 個細胞
2026-07-22 01:48:49,828 - m3_module.m3_cells_generator - INFO - enlarge_cell_instances: 13 顆細胞, factor=1.50(面積), 中位半徑=28.4px, 外擴=6.4px
2026-07-22 01:48:50,188 - hybrid_pipeline - INFO - [277/441] 處理 tile: tile_x5376_y12288
2026-07-22 01:48:50,217 - m3_module.m3_elastic_matching - INFO - elastic_dish_nucleus_matching(overlap-first): IHC=13, DISH=13, matched(1核)=7 (其中重疊=7), drop-out(競爭落敗)=2, 無候選(計入)=4, factor=1.50, min_reach=20.0
2026-07-22 01:48:50,403 - m3_module.m3_dot_detection - INFO - detect_all_dots: 紅點=5, 黑點=21, 涉及細胞=13
2026-07-22 01:48:50,502 - m4_module.cell_crops - INFO - 匯出 0 張 per-cell 影像至 docs/hybrid-pipeline/measurement/runs_cellpose421/large/cell_crops/tile_x5376_y11520/cells
2026-07-22 01:48:50,503 - hybrid_pipeline - INFO - Tile tile_x5376_y11520 完成: 核心擁有 0 細胞 (0 陽性), 1.51 秒
2026-07-22 01:48:50,654 - m3_module.m3_cells_generator - INFO - All-positive 標註完成: 63 個細胞
2026-07-22 01:48:50,707 - m3_module.m3_cells_generator - INFO - enlarge_cell_instances: 63 顆細胞, factor=1.50(面積), 中位半徑=29.4px, 外擴=6.6px
2026-07-22 01:48:51,067 - hybrid_pipeline - INFO - [278/441] 處理 tile: tile_x5376_y13056
2026-07-22 01:48:51,102 - m3_module.m3_elastic_matching - INFO - elastic_dish_nucleus_matching(overlap-first): IHC=63, DISH=54, matched(1核)=38 (其中重疊=38), drop-out(競爭落敗)=12, 無候選(計入)=13, factor=1.50, min_reach=20.0
2026-07-22 01:48:52,008 - m3_module.m3_dot_detection - INFO - detect_all_dots: 紅點=38, 黑點=101, 涉及細胞=63
2026-07-22 01:48:52,169 - m3_module.m3_cells_generator - INFO - All-positive 標註完成: 93 個細胞
2026-07-22 01:48:52,227 - m3_module.m3_cells_generator - INFO - enlarge_cell_instances: 93 顆細胞, factor=1.50(面積), 中位半徑=29.6px, 外擴=6.7px
2026-07-22 01:48:52,255 - m4_module.cell_crops - INFO - 匯出 33 張 per-cell 影像至 docs/hybrid-pipeline/measurement/runs_cellpose421/large/cell_crops/tile_x5376_y12288/cells
2026-07-22 01:48:52,255 - hybrid_pipeline - INFO - Tile tile_x5376_y12288 完成: 核心擁有 33 細胞 (33 陽性), 2.07 秒
2026-07-22 01:48:52,587 - hybrid_pipeline - INFO - [279/441] 處理 tile: tile_x5376_y13824
2026-07-22 01:48:52,626 - m3_module.m3_elastic_matching - INFO - elastic_dish_nucleus_matching(overlap-first): IHC=93, DISH=67, matched(1核)=51 (其中重疊=51), drop-out(競爭落敗)=15, 無候選(計入)=27, factor=1.50, min_reach=20.0
2026-07-22 01:48:53,547 - m3_module.m3_dot_detection - INFO - detect_all_dots: 紅點=53, 黑點=109, 涉及細胞=93
2026-07-22 01:48:53,710 - m3_module.m3_cells_generator - INFO - All-positive 標註完成: 76 個細胞
2026-07-22 01:48:53,767 - m3_module.m3_cells_generator - INFO - enlarge_cell_instances: 76 顆細胞, factor=1.50(面積), 中位半徑=32.0px, 外擴=7.2px
2026-07-22 01:48:53,898 - m4_module.cell_crops - INFO - 匯出 51 張 per-cell 影像至 docs/hybrid-pipeline/measurement/runs_cellpose421/large/cell_crops/tile_x5376_y13056/cells
2026-07-22 01:48:53,898 - hybrid_pipeline - INFO - Tile tile_x5376_y13056 完成: 核心擁有 51 細胞 (51 陽性), 2.83 秒
2026-07-22 01:48:54,124 - hybrid_pipeline - INFO - [280/441] 處理 tile: tile_x5376_y14592
2026-07-22 01:48:54,167 - m3_module.m3_elastic_matching - INFO - elastic_dish_nucleus_matching(overlap-first): IHC=76, DISH=62, matched(1核)=45 (其中重疊=45), drop-out(競爭落敗)=10, 無候選(計入)=21, factor=1.50, min_reach=20.0
2026-07-22 01:48:55,215 - m3_module.m3_dot_detection - INFO - detect_all_dots: 紅點=51, 黑點=120, 涉及細胞=76
2026-07-22 01:48:55,460 - m3_module.m3_cells_generator - INFO - All-positive 標註完成: 63 個細胞
2026-07-22 01:48:55,508 - m3_module.m3_cells_generator - INFO - enlarge_cell_instances: 63 顆細胞, factor=1.50(面積), 中位半徑=25.0px, 外擴=5.6px
2026-07-22 01:48:55,528 - m4_module.cell_crops - INFO - 匯出 49 張 per-cell 影像至 docs/hybrid-pipeline/measurement/runs_cellpose421/large/cell_crops/tile_x5376_y13824/cells
2026-07-22 01:48:55,529 - hybrid_pipeline - INFO - Tile tile_x5376_y13824 完成: 核心擁有 49 細胞 (49 陽性), 2.94 秒
2026-07-22 01:48:55,872 - hybrid_pipeline - INFO - [281/441] 處理 tile: tile_x5376_y1536
2026-07-22 01:48:55,904 - m3_module.m3_elastic_matching - INFO - elastic_dish_nucleus_matching(overlap-first): IHC=63, DISH=42, matched(1核)=35 (其中重疊=35), drop-out(競爭落敗)=13, 無候選(計入)=15, factor=1.50, min_reach=20.0
2026-07-22 01:48:56,568 - m3_module.m3_dot_detection - INFO - detect_all_dots: 紅點=28, 黑點=78, 涉及細胞=63
2026-07-22 01:48:56,786 - m4_module.cell_crops - INFO - 匯出 31 張 per-cell 影像至 docs/hybrid-pipeline/measurement/runs_cellpose421/large/cell_crops/tile_x5376_y14592/cells
2026-07-22 01:48:56,786 - hybrid_pipeline - INFO - Tile tile_x5376_y14592 完成: 核心擁有 31 細胞 (31 陽性), 2.66 秒
2026-07-22 01:48:56,853 - m3_module.m3_cells_generator - INFO - All-positive 標註完成: 121 個細胞
2026-07-22 01:48:56,912 - m3_module.m3_cells_generator - INFO - enlarge_cell_instances: 121 顆細胞, factor=1.50(面積), 中位半徑=25.3px, 外擴=5.7px
2026-07-22 01:48:57,269 - hybrid_pipeline - INFO - [282/441] 處理 tile: tile_x5376_y15360
2026-07-22 01:48:57,307 - m3_module.m3_elastic_matching - INFO - elastic_dish_nucleus_matching(overlap-first): IHC=121, DISH=91, matched(1核)=67 (其中重疊=67), drop-out(競爭落敗)=25, 無候選(計入)=29, factor=1.50, min_reach=20.0
2026-07-22 01:48:58,819 - m3_module.m3_dot_detection - INFO - detect_all_dots: 紅點=85, 黑點=190, 涉及細胞=121
2026-07-22 01:48:59,035 - m3_module.m3_cells_generator - INFO - All-positive 標註完成: 21 個細胞
2026-07-22 01:48:59,071 - m3_module.m3_cells_generator - INFO - enlarge_cell_instances: 21 顆細胞, factor=1.50(面積), 中位半徑=21.9px, 外擴=4.9px
2026-07-22 01:48:59,242 - m4_module.cell_crops - INFO - 匯出 77 張 per-cell 影像至 docs/hybrid-pipeline/measurement/runs_cellpose421/large/cell_crops/tile_x5376_y1536/cells
2026-07-22 01:48:59,242 - hybrid_pipeline - INFO - Tile tile_x5376_y1536 完成: 核心擁有 77 細胞 (77 陽性), 3.37 秒
2026-07-22 01:48:59,431 - hybrid_pipeline - INFO - [283/441] 處理 tile: tile_x5376_y2304
2026-07-22 01:48:59,461 - m3_module.m3_elastic_matching - INFO - elastic_dish_nucleus_matching(overlap-first): IHC=21, DISH=13, matched(1核)=10 (其中重疊=10), drop-out(競爭落敗)=4, 無候選(計入)=7, factor=1.50, min_reach=20.0
2026-07-22 01:48:59,623 - m3_module.m3_dot_detection - INFO - detect_all_dots: 紅點=2, 黑點=6, 涉及細胞=21
2026-07-22 01:48:59,731 - m4_module.cell_crops - INFO - 匯出 5 張 per-cell 影像至 docs/hybrid-pipeline/measurement/runs_cellpose421/large/cell_crops/tile_x5376_y15360/cells
2026-07-22 01:48:59,731 - hybrid_pipeline - INFO - Tile tile_x5376_y15360 完成: 核心擁有 5 細胞 (5 陽性), 2.46 秒
2026-07-22 01:48:59,882 - m3_module.m3_cells_generator - INFO - All-positive 標註完成: 107 個細胞
2026-07-22 01:48:59,938 - m3_module.m3_cells_generator - INFO - enlarge_cell_instances: 107 顆細胞, factor=1.50(面積), 中位半徑=24.0px, 外擴=5.4px
2026-07-22 01:49:00,294 - hybrid_pipeline - INFO - [284/441] 處理 tile: tile_x5376_y3072
2026-07-22 01:49:00,329 - m3_module.m3_elastic_matching - INFO - elastic_dish_nucleus_matching(overlap-first): IHC=107, DISH=69, matched(1核)=53 (其中重疊=53), drop-out(競爭落敗)=15, 無候選(計入)=39, factor=1.50, min_reach=20.0
2026-07-22 01:49:01,450 - m3_module.m3_dot_detection - INFO - detect_all_dots: 紅點=57, 黑點=137, 涉及細胞=107
2026-07-22 01:49:01,709 - m3_module.m3_cells_generator - INFO - All-positive 標註完成: 90 個細胞
2026-07-22 01:49:01,763 - m3_module.m3_cells_generator - INFO - enlarge_cell_instances: 90 顆細胞, factor=1.50(面積), 中位半徑=26.1px, 外擴=5.9px
2026-07-22 01:49:01,816 - m4_module.cell_crops - INFO - 匯出 58 張 per-cell 影像至 docs/hybrid-pipeline/measurement/runs_cellpose421/large/cell_crops/tile_x5376_y2304/cells
2026-07-22 01:49:01,816 - hybrid_pipeline - INFO - Tile tile_x5376_y2304 完成: 核心擁有 58 細胞 (58 陽性), 2.38 秒
2026-07-22 01:49:02,133 - hybrid_pipeline - INFO - [285/441] 處理 tile: tile_x5376_y3840
2026-07-22 01:49:02,169 - m3_module.m3_elastic_matching - INFO - elastic_dish_nucleus_matching(overlap-first): IHC=90, DISH=83, matched(1核)=53 (其中重疊=53), drop-out(競爭落敗)=11, 無候選(計入)=26, factor=1.50, min_reach=20.0
2026-07-22 01:49:03,160 - m3_module.m3_dot_detection - INFO - detect_all_dots: 紅點=58, 黑點=115, 涉及細胞=90
2026-07-22 01:49:03,382 - m3_module.m3_cells_generator - INFO - All-positive 標註完成: 102 個細胞
2026-07-22 01:49:03,443 - m3_module.m3_cells_generator - INFO - enlarge_cell_instances: 102 顆細胞, factor=1.50(面積), 中位半徑=29.3px, 外擴=6.6px
2026-07-22 01:49:03,458 - m4_module.cell_crops - INFO - 匯出 41 張 per-cell 影像至 docs/hybrid-pipeline/measurement/runs_cellpose421/large/cell_crops/tile_x5376_y3072/cells
2026-07-22 01:49:03,458 - hybrid_pipeline - INFO - Tile tile_x5376_y3072 完成: 核心擁有 41 細胞 (41 陽性), 3.16 秒
2026-07-22 01:49:03,802 - hybrid_pipeline - INFO - [286/441] 處理 tile: tile_x5376_y4608
2026-07-22 01:49:03,839 - m3_module.m3_elastic_matching - INFO - elastic_dish_nucleus_matching(overlap-first): IHC=102, DISH=113, matched(1核)=65 (其中重疊=65), drop-out(競爭落敗)=11, 無候選(計入)=26, factor=1.50, min_reach=20.0
2026-07-22 01:49:05,112 - m3_module.m3_dot_detection - INFO - detect_all_dots: 紅點=76, 黑點=166, 涉及細胞=102
2026-07-22 01:49:05,297 - m3_module.m3_cells_generator - INFO - All-positive 標註完成: 137 個細胞
2026-07-22 01:49:05,352 - m3_module.m3_cells_generator - INFO - enlarge_cell_instances: 137 顆細胞, factor=1.50(面積), 中位半徑=26.1px, 外擴=5.9px
2026-07-22 01:49:05,534 - m4_module.cell_crops - INFO - 匯出 57 張 per-cell 影像至 docs/hybrid-pipeline/measurement/runs_cellpose421/large/cell_crops/tile_x5376_y3840/cells
2026-07-22 01:49:05,534 - hybrid_pipeline - INFO - Tile tile_x5376_y3840 完成: 核心擁有 57 細胞 (57 陽性), 3.40 秒
2026-07-22 01:49:05,714 - hybrid_pipeline - INFO - [287/441] 處理 tile: tile_x5376_y5376
2026-07-22 01:49:05,752 - m3_module.m3_elastic_matching - INFO - elastic_dish_nucleus_matching(overlap-first): IHC=137, DISH=99, matched(1核)=78 (其中重疊=78), drop-out(競爭落敗)=22, 無候選(計入)=37, factor=1.50, min_reach=20.0
2026-07-22 01:49:07,380 - m3_module.m3_dot_detection - INFO - detect_all_dots: 紅點=81, 黑點=202, 涉及細胞=137
2026-07-22 01:49:07,545 - m3_module.m3_cells_generator - INFO - All-positive 標註完成: 89 個細胞
2026-07-22 01:49:07,605 - m3_module.m3_cells_generator - INFO - enlarge_cell_instances: 89 顆細胞, factor=1.50(面積), 中位半徑=26.0px, 外擴=5.9px
2026-07-22 01:49:07,820 - m4_module.cell_crops - INFO - 匯出 71 張 per-cell 影像至 docs/hybrid-pipeline/measurement/runs_cellpose421/large/cell_crops/tile_x5376_y4608/cells
2026-07-22 01:49:07,820 - hybrid_pipeline - INFO - Tile tile_x5376_y4608 完成: 核心擁有 71 細胞 (71 陽性), 4.02 秒
2026-07-22 01:49:07,982 - hybrid_pipeline - INFO - [288/441] 處理 tile: tile_x5376_y6144
2026-07-22 01:49:08,018 - m3_module.m3_elastic_matching - INFO - elastic_dish_nucleus_matching(overlap-first): IHC=89, DISH=80, matched(1核)=56 (其中重疊=56), drop-out(競爭落敗)=14, 無候選(計入)=19, factor=1.50, min_reach=20.0
2026-07-22 01:49:09,071 - m3_module.m3_dot_detection - INFO - detect_all_dots: 紅點=66, 黑點=154, 涉及細胞=89
2026-07-22 01:49:09,268 - m3_module.m3_cells_generator - INFO - All-positive 標註完成: 29 個細胞
2026-07-22 01:49:09,307 - m3_module.m3_cells_generator - INFO - enlarge_cell_instances: 29 顆細胞, factor=1.50(面積), 中位半徑=25.5px, 外擴=5.7px
2026-07-22 01:49:09,414 - m4_module.cell_crops - INFO - 匯出 55 張 per-cell 影像至 docs/hybrid-pipeline/measurement/runs_cellpose421/large/cell_crops/tile_x5376_y5376/cells
2026-07-22 01:49:09,414 - hybrid_pipeline - INFO - Tile tile_x5376_y5376 完成: 核心擁有 55 細胞 (55 陽性), 3.70 秒
2026-07-22 01:49:09,668 - hybrid_pipeline - INFO - [289/441] 處理 tile: tile_x5376_y6912
2026-07-22 01:49:09,699 - m3_module.m3_elastic_matching - INFO - elastic_dish_nucleus_matching(overlap-first): IHC=29, DISH=29, matched(1核)=20 (其中重疊=20), drop-out(競爭落敗)=1, 無候選(計入)=8, factor=1.50, min_reach=20.0
2026-07-22 01:49:10,095 - m3_module.m3_dot_detection - INFO - detect_all_dots: 紅點=20, 黑點=40, 涉及細胞=29
2026-07-22 01:49:10,263 - m4_module.cell_crops - INFO - 匯出 22 張 per-cell 影像至 docs/hybrid-pipeline/measurement/runs_cellpose421/large/cell_crops/tile_x5376_y6144/cells
2026-07-22 01:49:10,263 - hybrid_pipeline - INFO - Tile tile_x5376_y6144 完成: 核心擁有 22 細胞 (22 陽性), 2.28 秒
2026-07-22 01:49:10,315 - m3_module.m3_cells_generator - INFO - All-positive 標註完成: 17 個細胞
2026-07-22 01:49:10,350 - m3_module.m3_cells_generator - INFO - enlarge_cell_instances: 17 顆細胞, factor=1.50(面積), 中位半徑=17.2px, 外擴=3.9px
2026-07-22 01:49:10,708 - hybrid_pipeline - INFO - [290/441] 處理 tile: tile_x5376_y768
2026-07-22 01:49:10,737 - m3_module.m3_elastic_matching - INFO - elastic_dish_nucleus_matching(overlap-first): IHC=17, DISH=8, matched(1核)=8 (其中重疊=8), drop-out(競爭落敗)=2, 無候選(計入)=7, factor=1.50, min_reach=20.0
2026-07-22 01:49:10,935 - m3_module.m3_dot_detection - INFO - detect_all_dots: 紅點=14, 黑點=17, 涉及細胞=17
2026-07-22 01:49:11,017 - m4_module.cell_crops - INFO - 匯出 0 張 per-cell 影像至 docs/hybrid-pipeline/measurement/runs_cellpose421/large/cell_crops/tile_x5376_y6912/cells
2026-07-22 01:49:11,017 - hybrid_pipeline - INFO - Tile tile_x5376_y6912 完成: 核心擁有 0 細胞 (0 陽性), 1.35 秒
2026-07-22 01:49:11,186 - m3_module.m3_cells_generator - INFO - All-positive 標註完成: 95 個細胞
2026-07-22 01:49:11,232 - m3_module.m3_cells_generator - INFO - enlarge_cell_instances: 95 顆細胞, factor=1.50(面積), 中位半徑=25.7px, 外擴=5.8px
2026-07-22 01:49:11,590 - hybrid_pipeline - INFO - [291/441] 處理 tile: tile_x5376_y7680
2026-07-22 01:49:11,629 - m3_module.m3_elastic_matching - INFO - elastic_dish_nucleus_matching(overlap-first): IHC=95, DISH=69, matched(1核)=55 (其中重疊=55), drop-out(競爭落敗)=20, 無候選(計入)=20, factor=1.50, min_reach=20.0
2026-07-22 01:49:12,852 - m3_module.m3_dot_detection - INFO - detect_all_dots: 紅點=69, 黑點=138, 涉及細胞=95
2026-07-22 01:49:13,005 - m3_module.m3_cells_generator - INFO - All-positive 標註完成: 47 個細胞
2026-07-22 01:49:13,050 - m3_module.m3_cells_generator - INFO - enlarge_cell_instances: 47 顆細胞, factor=1.50(面積), 中位半徑=29.6px, 外擴=6.6px
2026-07-22 01:49:13,154 - m4_module.cell_crops - INFO - 匯出 39 張 per-cell 影像至 docs/hybrid-pipeline/measurement/runs_cellpose421/large/cell_crops/tile_x5376_y768/cells
2026-07-22 01:49:13,154 - hybrid_pipeline - INFO - Tile tile_x5376_y768 完成: 核心擁有 39 細胞 (39 陽性), 2.45 秒
2026-07-22 01:49:13,412 - hybrid_pipeline - INFO - [292/441] 處理 tile: tile_x5376_y8448
2026-07-22 01:49:13,453 - m3_module.m3_elastic_matching - INFO - elastic_dish_nucleus_matching(overlap-first): IHC=47, DISH=31, matched(1核)=22 (其中重疊=22), drop-out(競爭落敗)=7, 無候選(計入)=18, factor=1.50, min_reach=20.0
2026-07-22 01:49:13,945 - m3_module.m3_dot_detection - INFO - detect_all_dots: 紅點=20, 黑點=42, 涉及細胞=47
2026-07-22 01:49:14,089 - m3_module.m3_cells_generator - INFO - All-positive 標註完成: 59 個細胞
2026-07-22 01:49:14,138 - m3_module.m3_cells_generator - INFO - enlarge_cell_instances: 59 顆細胞, factor=1.50(面積), 中位半徑=28.3px, 外擴=6.4px
2026-07-22 01:49:14,154 - m4_module.cell_crops - INFO - 匯出 15 張 per-cell 影像至 docs/hybrid-pipeline/measurement/runs_cellpose421/large/cell_crops/tile_x5376_y7680/cells
2026-07-22 01:49:14,154 - hybrid_pipeline - INFO - Tile tile_x5376_y7680 完成: 核心擁有 15 細胞 (15 陽性), 2.56 秒
2026-07-22 01:49:14,497 - hybrid_pipeline - INFO - [293/441] 處理 tile: tile_x5376_y9216
2026-07-22 01:49:14,533 - m3_module.m3_elastic_matching - INFO - elastic_dish_nucleus_matching(overlap-first): IHC=59, DISH=38, matched(1核)=32 (其中重疊=32), drop-out(競爭落敗)=16, 無候選(計入)=11, factor=1.50, min_reach=20.0
2026-07-22 01:49:15,174 - m3_module.m3_dot_detection - INFO - detect_all_dots: 紅點=30, 黑點=70, 涉及細胞=59
2026-07-22 01:49:15,388 - m4_module.cell_crops - INFO - 匯出 29 張 per-cell 影像至 docs/hybrid-pipeline/measurement/runs_cellpose421/large/cell_crops/tile_x5376_y8448/cells
2026-07-22 01:49:15,388 - hybrid_pipeline - INFO - Tile tile_x5376_y8448 完成: 核心擁有 29 細胞 (29 陽性), 1.98 秒
2026-07-22 01:49:15,440 - m3_module.m3_cells_generator - INFO - All-positive 標註完成: 47 個細胞
2026-07-22 01:49:15,483 - m3_module.m3_cells_generator - INFO - enlarge_cell_instances: 47 顆細胞, factor=1.50(面積), 中位半徑=33.8px, 外擴=7.6px
2026-07-22 01:49:15,847 - hybrid_pipeline - INFO - [294/441] 處理 tile: tile_x5376_y9984
2026-07-22 01:49:15,884 - m3_module.m3_elastic_matching - INFO - elastic_dish_nucleus_matching(overlap-first): IHC=47, DISH=35, matched(1核)=28 (其中重疊=28), drop-out(競爭落敗)=5, 無候選(計入)=14, factor=1.50, min_reach=20.0
2026-07-22 01:49:16,412 - m3_module.m3_dot_detection - INFO - detect_all_dots: 紅點=26, 黑點=49, 涉及細胞=47
2026-07-22 01:49:16,556 - m3_module.m3_cells_generator - INFO - All-positive 標註完成: 78 個細胞
2026-07-22 01:49:16,615 - m3_module.m3_cells_generator - INFO - enlarge_cell_instances: 78 顆細胞, factor=1.50(面積), 中位半徑=30.9px, 外擴=6.9px
2026-07-22 01:49:16,623 - m4_module.cell_crops - INFO - 匯出 24 張 per-cell 影像至 docs/hybrid-pipeline/measurement/runs_cellpose421/large/cell_crops/tile_x5376_y9216/cells
2026-07-22 01:49:16,623 - hybrid_pipeline - INFO - Tile tile_x5376_y9216 完成: 核心擁有 24 細胞 (24 陽性), 2.13 秒
2026-07-22 01:49:16,971 - hybrid_pipeline - INFO - [295/441] 處理 tile: tile_x6144_y0
2026-07-22 01:49:17,009 - m3_module.m3_elastic_matching - INFO - elastic_dish_nucleus_matching(overlap-first): IHC=78, DISH=64, matched(1核)=50 (其中重疊=50), drop-out(競爭落敗)=11, 無候選(計入)=17, factor=1.50, min_reach=20.0
2026-07-22 01:49:18,208 - m3_module.m3_dot_detection - INFO - detect_all_dots: 紅點=65, 黑點=135, 涉及細胞=78
2026-07-22 01:49:18,435 - m3_module.m3_cells_generator - INFO - All-positive 標註完成: 74 個細胞
2026-07-22 01:49:18,497 - m3_module.m3_cells_generator - INFO - enlarge_cell_instances: 74 顆細胞, factor=1.50(面積), 中位半徑=24.2px, 外擴=5.4px
2026-07-22 01:49:18,507 - m4_module.cell_crops - INFO - 匯出 50 張 per-cell 影像至 docs/hybrid-pipeline/measurement/runs_cellpose421/large/cell_crops/tile_x5376_y9984/cells
2026-07-22 01:49:18,507 - hybrid_pipeline - INFO - Tile tile_x5376_y9984 完成: 核心擁有 50 細胞 (50 陽性), 2.66 秒
2026-07-22 01:49:18,862 - hybrid_pipeline - INFO - [296/441] 處理 tile: tile_x6144_y10752
2026-07-22 01:49:18,896 - m3_module.m3_elastic_matching - INFO - elastic_dish_nucleus_matching(overlap-first): IHC=74, DISH=84, matched(1核)=46 (其中重疊=46), drop-out(競爭落敗)=15, 無候選(計入)=13, factor=1.50, min_reach=20.0
2026-07-22 01:49:19,977 - m3_module.m3_dot_detection - INFO - detect_all_dots: 紅點=65, 黑點=136, 涉及細胞=74
2026-07-22 01:49:20,155 - m3_module.m3_cells_generator - INFO - All-positive 標註完成: 20 個細胞
2026-07-22 01:49:20,194 - m3_module.m3_cells_generator - INFO - enlarge_cell_instances: 20 顆細胞, factor=1.50(面積), 中位半徑=24.3px, 外擴=5.5px
2026-07-22 01:49:20,349 - m4_module.cell_crops - INFO - 匯出 46 張 per-cell 影像至 docs/hybrid-pipeline/measurement/runs_cellpose421/large/cell_crops/tile_x6144_y0/cells
2026-07-22 01:49:20,349 - hybrid_pipeline - INFO - Tile tile_x6144_y0 完成: 核心擁有 46 細胞 (46 陽性), 3.38 秒
2026-07-22 01:49:20,561 - hybrid_pipeline - INFO - [297/441] 處理 tile: tile_x6144_y11520
2026-07-22 01:49:20,594 - m3_module.m3_elastic_matching - INFO - elastic_dish_nucleus_matching(overlap-first): IHC=20, DISH=19, matched(1核)=10 (其中重疊=10), drop-out(競爭落敗)=1, 無候選(計入)=9, factor=1.50, min_reach=20.0
2026-07-22 01:49:20,779 - m3_module.m3_dot_detection - INFO - detect_all_dots: 紅點=12, 黑點=18, 涉及細胞=20
2026-07-22 01:49:20,906 - m4_module.cell_crops - INFO - 匯出 8 張 per-cell 影像至 docs/hybrid-pipeline/measurement/runs_cellpose421/large/cell_crops/tile_x6144_y10752/cells
2026-07-22 01:49:20,907 - hybrid_pipeline - INFO - Tile tile_x6144_y10752 完成: 核心擁有 8 細胞 (8 陽性), 2.04 秒
2026-07-22 01:49:21,001 - m3_module.m3_cells_generator - INFO - All-positive 標註完成: 23 個細胞
2026-07-22 01:49:21,044 - m3_module.m3_cells_generator - INFO - enlarge_cell_instances: 23 顆細胞, factor=1.50(面積), 中位半徑=27.2px, 外擴=6.1px
2026-07-22 01:49:21,398 - hybrid_pipeline - INFO - [298/441] 處理 tile: tile_x6144_y12288
2026-07-22 01:49:21,428 - m3_module.m3_elastic_matching - INFO - elastic_dish_nucleus_matching(overlap-first): IHC=23, DISH=26, matched(1核)=16 (其中重疊=16), drop-out(競爭落敗)=3, 無候選(計入)=4, factor=1.50, min_reach=20.0
2026-07-22 01:49:21,789 - m3_module.m3_dot_detection - INFO - detect_all_dots: 紅點=19, 黑點=35, 涉及細胞=23
2026-07-22 01:49:21,945 - m4_module.cell_crops - INFO - 匯出 17 張 per-cell 影像至 docs/hybrid-pipeline/measurement/runs_cellpose421/large/cell_crops/tile_x6144_y11520/cells
2026-07-22 01:49:21,945 - hybrid_pipeline - INFO - Tile tile_x6144_y11520 完成: 核心擁有 17 細胞 (17 陽性), 1.38 秒
2026-07-22 01:49:22,030 - m3_module.m3_cells_generator - INFO - All-positive 標註完成: 14 個細胞
2026-07-22 01:49:22,067 - m3_module.m3_cells_generator - INFO - enlarge_cell_instances: 14 顆細胞, factor=1.50(面積), 中位半徑=28.1px, 外擴=6.3px
2026-07-22 01:49:22,424 - hybrid_pipeline - INFO - [299/441] 處理 tile: tile_x6144_y13056
2026-07-22 01:49:22,455 - m3_module.m3_elastic_matching - INFO - elastic_dish_nucleus_matching(overlap-first): IHC=14, DISH=15, matched(1核)=10 (其中重疊=10), drop-out(競爭落敗)=4, 無候選(計入)=0, factor=1.50, min_reach=20.0
2026-07-22 01:49:22,648 - m3_module.m3_dot_detection - INFO - detect_all_dots: 紅點=10, 黑點=25, 涉及細胞=14
2026-07-22 01:49:22,737 - m4_module.cell_crops - INFO - 匯出 5 張 per-cell 影像至 docs/hybrid-pipeline/measurement/runs_cellpose421/large/cell_crops/tile_x6144_y12288/cells
2026-07-22 01:49:22,737 - hybrid_pipeline - INFO - Tile tile_x6144_y12288 完成: 核心擁有 5 細胞 (5 陽性), 1.34 秒
2026-07-22 01:49:22,863 - m3_module.m3_cells_generator - INFO - All-positive 標註完成: 9 個細胞
2026-07-22 01:49:22,899 - m3_module.m3_cells_generator - INFO - enlarge_cell_instances: 9 顆細胞, factor=1.50(面積), 中位半徑=32.7px, 外擴=7.4px
2026-07-22 01:49:23,255 - hybrid_pipeline - INFO - [300/441] 處理 tile: tile_x6144_y13824
2026-07-22 01:49:23,285 - m3_module.m3_elastic_matching - INFO - elastic_dish_nucleus_matching(overlap-first): IHC=9, DISH=13, matched(1核)=8 (其中重疊=8), drop-out(競爭落敗)=1, 無候選(計入)=0, factor=1.50, min_reach=20.0
2026-07-22 01:49:23,468 - m3_module.m3_dot_detection - INFO - detect_all_dots: 紅點=9, 黑點=24, 涉及細胞=9
2026-07-22 01:49:23,549 - m4_module.cell_crops - INFO - 匯出 5 張 per-cell 影像至 docs/hybrid-pipeline/measurement/runs_cellpose421/large/cell_crops/tile_x6144_y13056/cells
2026-07-22 01:49:23,549 - hybrid_pipeline - INFO - Tile tile_x6144_y13056 完成: 核心擁有 5 細胞 (5 陽性), 1.12 秒
2026-07-22 01:49:23,674 - m3_module.m3_cells_generator - INFO - All-positive 標註完成: 4 個細胞
2026-07-22 01:49:23,706 - m3_module.m3_cells_generator - INFO - enlarge_cell_instances: 4 顆細胞, factor=1.50(面積), 中位半徑=27.5px, 外擴=6.2px
2026-07-22 01:49:24,066 - hybrid_pipeline - INFO - [301/441] 處理 tile: tile_x6144_y14592
2026-07-22 01:49:24,095 - m3_module.m3_elastic_matching - INFO - elastic_dish_nucleus_matching(overlap-first): IHC=4, DISH=11, matched(1核)=2 (其中重疊=2), drop-out(競爭落敗)=2, 無候選(計入)=0, factor=1.50, min_reach=20.0
2026-07-22 01:49:24,277 - m3_module.m3_dot_detection - INFO - detect_all_dots: 紅點=2, 黑點=7, 涉及細胞=4
2026-07-22 01:49:24,356 - m4_module.cell_crops - INFO - 匯出 1 張 per-cell 影像至 docs/hybrid-pipeline/measurement/runs_cellpose421/large/cell_crops/tile_x6144_y13824/cells
2026-07-22 01:49:24,356 - hybrid_pipeline - INFO - Tile tile_x6144_y13824 完成: 核心擁有 1 細胞 (1 陽性), 1.10 秒
2026-07-22 01:49:24,359 - hybrid_pipeline - INFO - [302/441] 處理 tile: tile_x6144_y1536
2026-07-22 01:49:24,383 - hybrid_pipeline - INFO - Tile tile_x6144_y14592: 核心遮罩全空 → 空白 placeholder
2026-07-22 01:49:24,760 - m3_module.m3_cells_generator - INFO - All-positive 標註完成: 95 個細胞
2026-07-22 01:49:24,820 - m3_module.m3_cells_generator - INFO - enlarge_cell_instances: 95 顆細胞, factor=1.50(面積), 中位半徑=25.2px, 外擴=5.7px
2026-07-22 01:49:25,187 - hybrid_pipeline - INFO - [303/441] 處理 tile: tile_x6144_y15360
2026-07-22 01:49:25,222 - m3_module.m3_elastic_matching - INFO - elastic_dish_nucleus_matching(overlap-first): IHC=95, DISH=96, matched(1核)=57 (其中重疊=57), drop-out(競爭落敗)=14, 無候選(計入)=24, factor=1.50, min_reach=20.0
2026-07-22 01:49:26,599 - m3_module.m3_dot_detection - INFO - detect_all_dots: 紅點=76, 黑點=168, 涉及細胞=95
2026-07-22 01:49:26,641 - cellpose.dynamics - INFO - No cell pixels found.
2026-07-22 01:49:26,696 - m3_module.m3_cells_generator - INFO - All-positive 標註完成: 0 個細胞
2026-07-22 01:49:27,080 - m4_module.cell_crops - INFO - 匯出 42 張 per-cell 影像至 docs/hybrid-pipeline/measurement/runs_cellpose421/large/cell_crops/tile_x6144_y1536/cells
2026-07-22 01:49:27,080 - hybrid_pipeline - INFO - Tile tile_x6144_y1536 完成: 核心擁有 42 細胞 (42 陽性), 2.72 秒
2026-07-22 01:49:27,080 - hybrid_pipeline - INFO - [304/441] 處理 tile: tile_x6144_y2304
2026-07-22 01:49:27,188 - m3_module.m3_dot_detection - INFO - detect_all_dots: 紅點=0, 黑點=0, 涉及細胞=0
2026-07-22 01:49:27,218 - m4_module.cell_crops - INFO - 匯出 0 張 per-cell 影像至 docs/hybrid-pipeline/measurement/runs_cellpose421/large/cell_crops/tile_x6144_y15360/cells
2026-07-22 01:49:27,219 - hybrid_pipeline - INFO - Tile tile_x6144_y15360 完成: 核心擁有 0 細胞 (0 陽性), 2.03 秒
2026-07-22 01:49:27,527 - m3_module.m3_cells_generator - INFO - All-positive 標註完成: 117 個細胞
2026-07-22 01:49:27,590 - m3_module.m3_cells_generator - INFO - enlarge_cell_instances: 117 顆細胞, factor=1.50(面積), 中位半徑=27.0px, 外擴=6.1px
2026-07-22 01:49:27,941 - hybrid_pipeline - INFO - [305/441] 處理 tile: tile_x6144_y3072
2026-07-22 01:49:27,973 - m3_module.m3_elastic_matching - INFO - elastic_dish_nucleus_matching(overlap-first): IHC=117, DISH=101, matched(1核)=64 (其中重疊=64), drop-out(競爭落敗)=21, 無候選(計入)=32, factor=1.50, min_reach=20.0
2026-07-22 01:49:29,263 - m3_module.m3_dot_detection - INFO - detect_all_dots: 紅點=68, 黑點=153, 涉及細胞=117
2026-07-22 01:49:29,559 - m3_module.m3_cells_generator - INFO - All-positive 標註完成: 137 個細胞
2026-07-22 01:49:29,620 - m3_module.m3_cells_generator - INFO - enlarge_cell_instances: 137 顆細胞, factor=1.50(面積), 中位半徑=29.0px, 外擴=6.5px
2026-07-22 01:49:29,720 - m4_module.cell_crops - INFO - 匯出 55 張 per-cell 影像至 docs/hybrid-pipeline/measurement/runs_cellpose421/large/cell_crops/tile_x6144_y2304/cells
2026-07-22 01:49:29,720 - hybrid_pipeline - INFO - Tile tile_x6144_y2304 完成: 核心擁有 55 細胞 (55 陽性), 2.64 秒
2026-07-22 01:49:29,984 - hybrid_pipeline - INFO - [306/441] 處理 tile: tile_x6144_y3840
2026-07-22 01:49:30,024 - m3_module.m3_elastic_matching - INFO - elastic_dish_nucleus_matching(overlap-first): IHC=137, DISH=92, matched(1核)=74 (其中重疊=74), drop-out(競爭落敗)=32, 無候選(計入)=31, factor=1.50, min_reach=20.0
2026-07-22 01:49:31,623 - m3_module.m3_dot_detection - INFO - detect_all_dots: 紅點=87, 黑點=195, 涉及細胞=137
2026-07-22 01:49:31,877 - m3_module.m3_cells_generator - INFO - All-positive 標註完成: 108 個細胞
2026-07-22 01:49:31,937 - m3_module.m3_cells_generator - INFO - enlarge_cell_instances: 108 顆細胞, factor=1.50(面積), 中位半徑=27.4px, 外擴=6.2px
2026-07-22 01:49:32,065 - m4_module.cell_crops - INFO - 匯出 73 張 per-cell 影像至 docs/hybrid-pipeline/measurement/runs_cellpose421/large/cell_crops/tile_x6144_y3072/cells
2026-07-22 01:49:32,065 - hybrid_pipeline - INFO - Tile tile_x6144_y3072 完成: 核心擁有 73 細胞 (73 陽性), 4.12 秒
2026-07-22 01:49:32,303 - hybrid_pipeline - INFO - [307/441] 處理 tile: tile_x6144_y4608
2026-07-22 01:49:32,340 - m3_module.m3_elastic_matching - INFO - elastic_dish_nucleus_matching(overlap-first): IHC=108, DISH=85, matched(1核)=59 (其中重疊=59), drop-out(競爭落敗)=20, 無候選(計入)=29, factor=1.50, min_reach=20.0
2026-07-22 01:49:33,754 - m3_module.m3_dot_detection - INFO - detect_all_dots: 紅點=71, 黑點=167, 涉及細胞=108
2026-07-22 01:49:33,906 - m3_module.m3_cells_generator - INFO - All-positive 標註完成: 101 個細胞
2026-07-22 01:49:33,954 - m3_module.m3_cells_generator - INFO - enlarge_cell_instances: 101 顆細胞, factor=1.50(面積), 中位半徑=25.2px, 外擴=5.7px
2026-07-22 01:49:34,188 - m4_module.cell_crops - INFO - 匯出 61 張 per-cell 影像至 docs/hybrid-pipeline/measurement/runs_cellpose421/large/cell_crops/tile_x6144_y3840/cells
2026-07-22 01:49:34,189 - hybrid_pipeline - INFO - Tile tile_x6144_y3840 完成: 核心擁有 61 細胞 (61 陽性), 4.20 秒
2026-07-22 01:49:34,318 - hybrid_pipeline - INFO - [308/441] 處理 tile: tile_x6144_y5376
2026-07-22 01:49:34,356 - m3_module.m3_elastic_matching - INFO - elastic_dish_nucleus_matching(overlap-first): IHC=101, DISH=84, matched(1核)=59 (其中重疊=59), drop-out(競爭落敗)=14, 無候選(計入)=28, factor=1.50, min_reach=20.0
2026-07-22 01:49:35,593 - m3_module.m3_dot_detection - INFO - detect_all_dots: 紅點=68, 黑點=136, 涉及細胞=101
2026-07-22 01:49:35,850 - m3_module.m3_cells_generator - INFO - All-positive 標註完成: 70 個細胞
2026-07-22 01:49:35,906 - m3_module.m3_cells_generator - INFO - enlarge_cell_instances: 70 顆細胞, factor=1.50(面積), 中位半徑=27.1px, 外擴=6.1px
2026-07-22 01:49:35,930 - m4_module.cell_crops - INFO - 匯出 61 張 per-cell 影像至 docs/hybrid-pipeline/measurement/runs_cellpose421/large/cell_crops/tile_x6144_y4608/cells
2026-07-22 01:49:35,931 - hybrid_pipeline - INFO - Tile tile_x6144_y4608 完成: 核心擁有 61 細胞 (61 陽性), 3.63 秒
2026-07-22 01:49:36,268 - hybrid_pipeline - INFO - [309/441] 處理 tile: tile_x6144_y6144
2026-07-22 01:49:36,304 - m3_module.m3_elastic_matching - INFO - elastic_dish_nucleus_matching(overlap-first): IHC=70, DISH=92, matched(1核)=48 (其中重疊=48), drop-out(競爭落敗)=7, 無候選(計入)=15, factor=1.50, min_reach=20.0
2026-07-22 01:49:37,247 - m3_module.m3_dot_detection - INFO - detect_all_dots: 紅點=52, 黑點=89, 涉及細胞=70
2026-07-22 01:49:37,431 - m3_module.m3_cells_generator - INFO - All-positive 標註完成: 35 個細胞
2026-07-22 01:49:37,476 - m3_module.m3_cells_generator - INFO - enlarge_cell_instances: 35 顆細胞, factor=1.50(面積), 中位半徑=24.4px, 外擴=5.5px
2026-07-22 01:49:37,577 - m4_module.cell_crops - INFO - 匯出 41 張 per-cell 影像至 docs/hybrid-pipeline/measurement/runs_cellpose421/large/cell_crops/tile_x6144_y5376/cells
2026-07-22 01:49:37,577 - hybrid_pipeline - INFO - Tile tile_x6144_y5376 完成: 核心擁有 41 細胞 (41 陽性), 3.26 秒
2026-07-22 01:49:37,825 - hybrid_pipeline - INFO - [310/441] 處理 tile: tile_x6144_y6912
2026-07-22 01:49:37,861 - m3_module.m3_elastic_matching - INFO - elastic_dish_nucleus_matching(overlap-first): IHC=35, DISH=47, matched(1核)=22 (其中重疊=22), drop-out(競爭落敗)=2, 無候選(計入)=11, factor=1.50, min_reach=20.0
2026-07-22 01:49:38,471 - m3_module.m3_dot_detection - INFO - detect_all_dots: 紅點=34, 黑點=45, 涉及細胞=35
2026-07-22 01:49:38,688 - m4_module.cell_crops - INFO - 匯出 19 張 per-cell 影像至 docs/hybrid-pipeline/measurement/runs_cellpose421/large/cell_crops/tile_x6144_y6144/cells
2026-07-22 01:49:38,688 - hybrid_pipeline - INFO - Tile tile_x6144_y6144 完成: 核心擁有 19 細胞 (19 陽性), 2.42 秒
2026-07-22 01:49:38,705 - m3_module.m3_cells_generator - INFO - All-positive 標註完成: 45 個細胞
2026-07-22 01:49:38,748 - m3_module.m3_cells_generator - INFO - enlarge_cell_instances: 45 顆細胞, factor=1.50(面積), 中位半徑=19.2px, 外擴=4.3px
2026-07-22 01:49:39,103 - hybrid_pipeline - INFO - [311/441] 處理 tile: tile_x6144_y768
2026-07-22 01:49:39,134 - m3_module.m3_elastic_matching - INFO - elastic_dish_nucleus_matching(overlap-first): IHC=45, DISH=33, matched(1核)=24 (其中重疊=24), drop-out(競爭落敗)=7, 無候選(計入)=14, factor=1.50, min_reach=20.0
2026-07-22 01:49:39,623 - m3_module.m3_dot_detection - INFO - detect_all_dots: 紅點=26, 黑點=55, 涉及細胞=45
2026-07-22 01:49:39,791 - m4_module.cell_crops - INFO - 匯出 25 張 per-cell 影像至 docs/hybrid-pipeline/measurement/runs_cellpose421/large/cell_crops/tile_x6144_y6912/cells
2026-07-22 01:49:39,791 - hybrid_pipeline - INFO - Tile tile_x6144_y6912 完成: 核心擁有 25 細胞 (25 陽性), 1.97 秒
2026-07-22 01:49:39,918 - m3_module.m3_cells_generator - INFO - All-positive 標註完成: 130 個細胞
2026-07-22 01:49:39,977 - m3_module.m3_cells_generator - INFO - enlarge_cell_instances: 130 顆細胞, factor=1.50(面積), 中位半徑=25.4px, 外擴=5.7px
2026-07-22 01:49:40,343 - hybrid_pipeline - INFO - [312/441] 處理 tile: tile_x6144_y7680
2026-07-22 01:49:40,380 - m3_module.m3_elastic_matching - INFO - elastic_dish_nucleus_matching(overlap-first): IHC=130, DISH=106, matched(1核)=77 (其中重疊=76), drop-out(競爭落敗)=29, 無候選(計入)=24, factor=1.50, min_reach=20.0
2026-07-22 01:49:42,198 - m3_module.m3_dot_detection - INFO - detect_all_dots: 紅點=99, 黑點=216, 涉及細胞=130
2026-07-22 01:49:42,380 - m3_module.m3_cells_generator - INFO - All-positive 標註完成: 67 個細胞
2026-07-22 01:49:42,426 - m3_module.m3_cells_generator - INFO - enlarge_cell_instances: 67 顆細胞, factor=1.50(面積), 中位半徑=21.7px, 外擴=4.9px
2026-07-22 01:49:42,665 - m4_module.cell_crops - INFO - 匯出 76 張 per-cell 影像至 docs/hybrid-pipeline/measurement/runs_cellpose421/large/cell_crops/tile_x6144_y768/cells
2026-07-22 01:49:42,665 - hybrid_pipeline - INFO - Tile tile_x6144_y768 完成: 核心擁有 76 細胞 (76 陽性), 3.56 秒
2026-07-22 01:49:42,809 - hybrid_pipeline - INFO - [313/441] 處理 tile: tile_x6144_y8448
2026-07-22 01:49:42,848 - m3_module.m3_elastic_matching - INFO - elastic_dish_nucleus_matching(overlap-first): IHC=67, DISH=54, matched(1核)=41 (其中重疊=41), drop-out(競爭落敗)=11, 無候選(計入)=15, factor=1.50, min_reach=20.0
2026-07-22 01:49:43,766 - m3_module.m3_dot_detection - INFO - detect_all_dots: 紅點=53, 黑點=103, 涉及細胞=67
2026-07-22 01:49:43,955 - m4_module.cell_crops - INFO - 匯出 37 張 per-cell 影像至 docs/hybrid-pipeline/measurement/runs_cellpose421/large/cell_crops/tile_x6144_y7680/cells
2026-07-22 01:49:43,955 - hybrid_pipeline - INFO - Tile tile_x6144_y7680 完成: 核心擁有 37 細胞 (37 陽性), 3.61 秒
2026-07-22 01:49:43,986 - m3_module.m3_cells_generator - INFO - All-positive 標註完成: 10 個細胞
2026-07-22 01:49:44,021 - m3_module.m3_cells_generator - INFO - enlarge_cell_instances: 10 顆細胞, factor=1.50(面積), 中位半徑=17.0px, 外擴=3.8px
2026-07-22 01:49:44,380 - hybrid_pipeline - INFO - [314/441] 處理 tile: tile_x6144_y9216
2026-07-22 01:49:44,410 - m3_module.m3_elastic_matching - INFO - elastic_dish_nucleus_matching(overlap-first): IHC=10, DISH=8, matched(1核)=5 (其中重疊=5), drop-out(競爭落敗)=2, 無候選(計入)=3, factor=1.50, min_reach=20.0
2026-07-22 01:49:44,570 - m3_module.m3_dot_detection - INFO - detect_all_dots: 紅點=5, 黑點=6, 涉及細胞=10
2026-07-22 01:49:44,641 - m4_module.cell_crops - INFO - 匯出 0 張 per-cell 影像至 docs/hybrid-pipeline/measurement/runs_cellpose421/large/cell_crops/tile_x6144_y8448/cells
2026-07-22 01:49:44,641 - hybrid_pipeline - INFO - Tile tile_x6144_y8448 完成: 核心擁有 0 細胞 (0 陽性), 1.83 秒
2026-07-22 01:49:44,687 - cellpose.dynamics - INFO - No cell pixels found.
2026-07-22 01:49:44,729 - m3_module.m3_cells_generator - INFO - All-positive 標註完成: 0 個細胞
2026-07-22 01:49:45,089 - hybrid_pipeline - INFO - [315/441] 處理 tile: tile_x6144_y9984
2026-07-22 01:49:45,194 - m3_module.m3_dot_detection - INFO - detect_all_dots: 紅點=0, 黑點=0, 涉及細胞=0
2026-07-22 01:49:45,231 - m4_module.cell_crops - INFO - 匯出 0 張 per-cell 影像至 docs/hybrid-pipeline/measurement/runs_cellpose421/large/cell_crops/tile_x6144_y9216/cells
2026-07-22 01:49:45,231 - hybrid_pipeline - INFO - Tile tile_x6144_y9216 完成: 核心擁有 0 細胞 (0 陽性), 0.85 秒
2026-07-22 01:49:45,443 - m3_module.m3_cells_generator - INFO - All-positive 標註完成: 9 個細胞
2026-07-22 01:49:45,476 - m3_module.m3_cells_generator - INFO - enlarge_cell_instances: 9 顆細胞, factor=1.50(面積), 中位半徑=39.3px, 外擴=8.8px
2026-07-22 01:49:45,829 - hybrid_pipeline - INFO - [316/441] 處理 tile: tile_x6912_y0
2026-07-22 01:49:45,861 - m3_module.m3_elastic_matching - INFO - elastic_dish_nucleus_matching(overlap-first): IHC=9, DISH=8, matched(1核)=6 (其中重疊=6), drop-out(競爭落敗)=1, 無候選(計入)=2, factor=1.50, min_reach=20.0
2026-07-22 01:49:46,011 - m3_module.m3_dot_detection - INFO - detect_all_dots: 紅點=5, 黑點=13, 涉及細胞=9
2026-07-22 01:49:46,087 - m4_module.cell_crops - INFO - 匯出 2 張 per-cell 影像至 docs/hybrid-pipeline/measurement/runs_cellpose421/large/cell_crops/tile_x6144_y9984/cells
2026-07-22 01:49:46,087 - hybrid_pipeline - INFO - Tile tile_x6144_y9984 完成: 核心擁有 2 細胞 (2 陽性), 1.00 秒
2026-07-22 01:49:46,288 - m3_module.m3_cells_generator - INFO - All-positive 標註完成: 109 個細胞
2026-07-22 01:49:46,349 - m3_module.m3_cells_generator - INFO - enlarge_cell_instances: 109 顆細胞, factor=1.50(面積), 中位半徑=25.9px, 外擴=5.8px
2026-07-22 01:49:46,707 - hybrid_pipeline - INFO - [317/441] 處理 tile: tile_x6912_y10752
2026-07-22 01:49:46,744 - m3_module.m3_elastic_matching - INFO - elastic_dish_nucleus_matching(overlap-first): IHC=109, DISH=107, matched(1核)=77 (其中重疊=77), drop-out(競爭落敗)=16, 無候選(計入)=16, factor=1.50, min_reach=20.0
2026-07-22 01:49:48,268 - m3_module.m3_dot_detection - INFO - detect_all_dots: 紅點=82, 黑點=176, 涉及細胞=109
2026-07-22 01:49:48,495 - m3_module.m3_cells_generator - INFO - All-positive 標註完成: 40 個細胞
2026-07-22 01:49:48,539 - m3_module.m3_cells_generator - INFO - enlarge_cell_instances: 40 顆細胞, factor=1.50(面積), 中位半徑=20.8px, 外擴=4.7px
2026-07-22 01:49:48,680 - m4_module.cell_crops - INFO - 匯出 73 張 per-cell 影像至 docs/hybrid-pipeline/measurement/runs_cellpose421/large/cell_crops/tile_x6912_y0/cells
2026-07-22 01:49:48,680 - hybrid_pipeline - INFO - Tile tile_x6912_y0 完成: 核心擁有 73 細胞 (73 陽性), 2.85 秒
2026-07-22 01:49:48,899 - hybrid_pipeline - INFO - [318/441] 處理 tile: tile_x6912_y11520
2026-07-22 01:49:48,932 - m3_module.m3_elastic_matching - INFO - elastic_dish_nucleus_matching(overlap-first): IHC=40, DISH=38, matched(1核)=23 (其中重疊=23), drop-out(競爭落敗)=3, 無候選(計入)=14, factor=1.50, min_reach=20.0
2026-07-22 01:49:49,366 - m3_module.m3_dot_detection - INFO - detect_all_dots: 紅點=18, 黑點=58, 涉及細胞=40
2026-07-22 01:49:49,527 - m4_module.cell_crops - INFO - 匯出 14 張 per-cell 影像至 docs/hybrid-pipeline/measurement/runs_cellpose421/large/cell_crops/tile_x6912_y10752/cells
2026-07-22 01:49:49,528 - hybrid_pipeline - INFO - Tile tile_x6912_y10752 完成: 核心擁有 14 細胞 (14 陽性), 2.82 秒
2026-07-22 01:49:49,594 - m3_module.m3_cells_generator - INFO - All-positive 標註完成: 25 個細胞
2026-07-22 01:49:49,639 - m3_module.m3_cells_generator - INFO - enlarge_cell_instances: 25 顆細胞, factor=1.50(面積), 中位半徑=24.3px, 外擴=5.5px
2026-07-22 01:49:49,995 - hybrid_pipeline - INFO - [319/441] 處理 tile: tile_x6912_y12288
2026-07-22 01:49:50,025 - m3_module.m3_elastic_matching - INFO - elastic_dish_nucleus_matching(overlap-first): IHC=25, DISH=29, matched(1核)=14 (其中重疊=14), drop-out(競爭落敗)=1, 無候選(計入)=10, factor=1.50, min_reach=20.0
2026-07-22 01:49:50,291 - m3_module.m3_dot_detection - INFO - detect_all_dots: 紅點=14, 黑點=28, 涉及細胞=25
2026-07-22 01:49:50,452 - m4_module.cell_crops - INFO - 匯出 11 張 per-cell 影像至 docs/hybrid-pipeline/measurement/runs_cellpose421/large/cell_crops/tile_x6912_y11520/cells
2026-07-22 01:49:50,452 - hybrid_pipeline - INFO - Tile tile_x6912_y11520 完成: 核心擁有 11 細胞 (11 陽性), 1.55 秒
2026-07-22 01:49:50,545 - m3_module.m3_cells_generator - INFO - All-positive 標註完成: 51 個細胞
2026-07-22 01:49:50,592 - m3_module.m3_cells_generator - INFO - enlarge_cell_instances: 51 顆細胞, factor=1.50(面積), 中位半徑=29.4px, 外擴=6.6px
2026-07-22 01:49:50,959 - hybrid_pipeline - INFO - [320/441] 處理 tile: tile_x6912_y13056
2026-07-22 01:49:50,994 - m3_module.m3_elastic_matching - INFO - elastic_dish_nucleus_matching(overlap-first): IHC=51, DISH=52, matched(1核)=36 (其中重疊=36), drop-out(競爭落敗)=8, 無候選(計入)=7, factor=1.50, min_reach=20.0
2026-07-22 01:49:51,685 - m3_module.m3_dot_detection - INFO - detect_all_dots: 紅點=42, 黑點=83, 涉及細胞=51
2026-07-22 01:49:51,921 - m4_module.cell_crops - INFO - 匯出 36 張 per-cell 影像至 docs/hybrid-pipeline/measurement/runs_cellpose421/large/cell_crops/tile_x6912_y12288/cells
2026-07-22 01:49:51,922 - hybrid_pipeline - INFO - Tile tile_x6912_y12288 完成: 核心擁有 36 細胞 (36 陽性), 1.93 秒
2026-07-22 01:49:51,933 - m3_module.m3_cells_generator - INFO - All-positive 標註完成: 19 個細胞
2026-07-22 01:49:51,970 - m3_module.m3_cells_generator - INFO - enlarge_cell_instances: 19 顆細胞, factor=1.50(面積), 中位半徑=23.4px, 外擴=5.3px
2026-07-22 01:49:52,331 - hybrid_pipeline - INFO - [321/441] 處理 tile: tile_x6912_y13824
2026-07-22 01:49:52,361 - m3_module.m3_elastic_matching - INFO - elastic_dish_nucleus_matching(overlap-first): IHC=19, DISH=20, matched(1核)=11 (其中重疊=11), drop-out(競爭落敗)=5, 無候選(計入)=3, factor=1.50, min_reach=20.0
2026-07-22 01:49:52,590 - m3_module.m3_dot_detection - INFO - detect_all_dots: 紅點=15, 黑點=28, 涉及細胞=19
2026-07-22 01:49:52,719 - m4_module.cell_crops - INFO - 匯出 13 張 per-cell 影像至 docs/hybrid-pipeline/measurement/runs_cellpose421/large/cell_crops/tile_x6912_y13056/cells
2026-07-22 01:49:52,719 - hybrid_pipeline - INFO - Tile tile_x6912_y13056 完成: 核心擁有 13 細胞 (13 陽性), 1.76 秒
2026-07-22 01:49:52,835 - m3_module.m3_cells_generator - INFO - All-positive 標註完成: 31 個細胞
2026-07-22 01:49:52,873 - m3_module.m3_cells_generator - INFO - enlarge_cell_instances: 31 顆細胞, factor=1.50(面積), 中位半徑=26.3px, 外擴=5.9px
2026-07-22 01:49:53,227 - hybrid_pipeline - INFO - [322/441] 處理 tile: tile_x6912_y14592
2026-07-22 01:49:53,262 - m3_module.m3_elastic_matching - INFO - elastic_dish_nucleus_matching(overlap-first): IHC=31, DISH=34, matched(1核)=23 (其中重疊=23), drop-out(競爭落敗)=2, 無候選(計入)=6, factor=1.50, min_reach=20.0
2026-07-22 01:49:53,724 - m3_module.m3_dot_detection - INFO - detect_all_dots: 紅點=24, 黑點=53, 涉及細胞=31
2026-07-22 01:49:53,870 - m4_module.cell_crops - INFO - 匯出 12 張 per-cell 影像至 docs/hybrid-pipeline/measurement/runs_cellpose421/large/cell_crops/tile_x6912_y13824/cells
2026-07-22 01:49:53,870 - hybrid_pipeline - INFO - Tile tile_x6912_y13824 完成: 核心擁有 12 細胞 (12 陽性), 1.54 秒
2026-07-22 01:49:53,972 - m3_module.m3_cells_generator - INFO - All-positive 標註完成: 16 個細胞
2026-07-22 01:49:54,008 - m3_module.m3_cells_generator - INFO - enlarge_cell_instances: 16 顆細胞, factor=1.50(面積), 中位半徑=22.8px, 外擴=5.1px
2026-07-22 01:49:54,370 - hybrid_pipeline - INFO - [323/441] 處理 tile: tile_x6912_y1536
2026-07-22 01:49:54,400 - m3_module.m3_elastic_matching - INFO - elastic_dish_nucleus_matching(overlap-first): IHC=16, DISH=15, matched(1核)=9 (其中重疊=9), drop-out(競爭落敗)=4, 無候選(計入)=3, factor=1.50, min_reach=20.0
2026-07-22 01:49:54,605 - m3_module.m3_dot_detection - INFO - detect_all_dots: 紅點=11, 黑點=26, 涉及細胞=16
2026-07-22 01:49:54,705 - m4_module.cell_crops - INFO - 匯出 3 張 per-cell 影像至 docs/hybrid-pipeline/measurement/runs_cellpose421/large/cell_crops/tile_x6912_y14592/cells
2026-07-22 01:49:54,705 - hybrid_pipeline - INFO - Tile tile_x6912_y14592 完成: 核心擁有 3 細胞 (3 陽性), 1.48 秒
2026-07-22 01:49:54,947 - m3_module.m3_cells_generator - INFO - All-positive 標註完成: 149 個細胞
2026-07-22 01:49:55,005 - m3_module.m3_cells_generator - INFO - enlarge_cell_instances: 149 顆細胞, factor=1.50(面積), 中位半徑=24.9px, 外擴=5.6px
2026-07-22 01:49:55,370 - hybrid_pipeline - INFO - [324/441] 處理 tile: tile_x6912_y15360
2026-07-22 01:49:55,412 - m3_module.m3_elastic_matching - INFO - elastic_dish_nucleus_matching(overlap-first): IHC=149, DISH=99, matched(1核)=77 (其中重疊=77), drop-out(競爭落敗)=35, 無候選(計入)=37, factor=1.50, min_reach=20.0
2026-07-22 01:49:57,112 - m3_module.m3_dot_detection - INFO - detect_all_dots: 紅點=99, 黑點=224, 涉及細胞=149
2026-07-22 01:49:57,208 - cellpose.dynamics - INFO - No cell pixels found.
2026-07-22 01:49:57,255 - m3_module.m3_cells_generator - INFO - All-positive 標註完成: 0 個細胞
2026-07-22 01:49:57,672 - m4_module.cell_crops - INFO - 匯出 78 張 per-cell 影像至 docs/hybrid-pipeline/measurement/runs_cellpose421/large/cell_crops/tile_x6912_y1536/cells
2026-07-22 01:49:57,673 - hybrid_pipeline - INFO - Tile tile_x6912_y1536 完成: 核心擁有 78 細胞 (78 陽性), 3.30 秒
2026-07-22 01:49:57,673 - hybrid_pipeline - INFO - [325/441] 處理 tile: tile_x6912_y2304
2026-07-22 01:49:57,786 - m3_module.m3_dot_detection - INFO - detect_all_dots: 紅點=0, 黑點=0, 涉及細胞=0
2026-07-22 01:49:57,826 - m4_module.cell_crops - INFO - 匯出 0 張 per-cell 影像至 docs/hybrid-pipeline/measurement/runs_cellpose421/large/cell_crops/tile_x6912_y15360/cells
2026-07-22 01:49:57,826 - hybrid_pipeline - INFO - Tile tile_x6912_y15360 完成: 核心擁有 0 細胞 (0 陽性), 2.46 秒
2026-07-22 01:49:58,119 - m3_module.m3_cells_generator - INFO - All-positive 標註完成: 115 個細胞
2026-07-22 01:49:58,178 - m3_module.m3_cells_generator - INFO - enlarge_cell_instances: 115 顆細胞, factor=1.50(面積), 中位半徑=27.6px, 外擴=6.2px
2026-07-22 01:49:58,538 - hybrid_pipeline - INFO - [326/441] 處理 tile: tile_x6912_y3072
2026-07-22 01:49:58,576 - m3_module.m3_elastic_matching - INFO - elastic_dish_nucleus_matching(overlap-first): IHC=115, DISH=91, matched(1核)=61 (其中重疊=60), drop-out(競爭落敗)=21, 無候選(計入)=33, factor=1.50, min_reach=20.0
2026-07-22 01:49:59,821 - m3_module.m3_dot_detection - INFO - detect_all_dots: 紅點=65, 黑點=166, 涉及細胞=115
2026-07-22 01:50:00,119 - m3_module.m3_cells_generator - INFO - All-positive 標註完成: 121 個細胞
2026-07-22 01:50:00,174 - m3_module.m3_cells_generator - INFO - enlarge_cell_instances: 121 顆細胞, factor=1.50(面積), 中位半徑=27.1px, 外擴=6.1px
2026-07-22 01:50:00,247 - m4_module.cell_crops - INFO - 匯出 64 張 per-cell 影像至 docs/hybrid-pipeline/measurement/runs_cellpose421/large/cell_crops/tile_x6912_y2304/cells
2026-07-22 01:50:00,247 - hybrid_pipeline - INFO - Tile tile_x6912_y2304 完成: 核心擁有 64 細胞 (64 陽性), 2.57 秒
2026-07-22 01:50:00,527 - hybrid_pipeline - INFO - [327/441] 處理 tile: tile_x6912_y3840
2026-07-22 01:50:00,564 - m3_module.m3_elastic_matching - INFO - elastic_dish_nucleus_matching(overlap-first): IHC=121, DISH=68, matched(1核)=56 (其中重疊=56), drop-out(競爭落敗)=31, 無候選(計入)=34, factor=1.50, min_reach=20.0
2026-07-22 01:50:01,705 - m3_module.m3_dot_detection - INFO - detect_all_dots: 紅點=55, 黑點=165, 涉及細胞=121
2026-07-22 01:50:01,900 - m3_module.m3_cells_generator - INFO - All-positive 標註完成: 139 個細胞
2026-07-22 01:50:01,961 - m3_module.m3_cells_generator - INFO - enlarge_cell_instances: 139 顆細胞, factor=1.50(面積), 中位半徑=26.5px, 外擴=6.0px
2026-07-22 01:50:02,100 - m4_module.cell_crops - INFO - 匯出 74 張 per-cell 影像至 docs/hybrid-pipeline/measurement/runs_cellpose421/large/cell_crops/tile_x6912_y3072/cells
2026-07-22 01:50:02,100 - hybrid_pipeline - INFO - Tile tile_x6912_y3072 完成: 核心擁有 74 細胞 (74 陽性), 3.56 秒
2026-07-22 01:50:02,320 - hybrid_pipeline - INFO - [328/441] 處理 tile: tile_x6912_y4608
2026-07-22 01:50:02,357 - m3_module.m3_elastic_matching - INFO - elastic_dish_nucleus_matching(overlap-first): IHC=139, DISH=91, matched(1核)=74 (其中重疊=74), drop-out(競爭落敗)=19, 無候選(計入)=46, factor=1.50, min_reach=20.0
2026-07-22 01:50:03,742 - m3_module.m3_dot_detection - INFO - detect_all_dots: 紅點=62, 黑點=168, 涉及細胞=139
2026-07-22 01:50:04,004 - m3_module.m3_cells_generator - INFO - All-positive 標註完成: 93 個細胞
2026-07-22 01:50:04,060 - m3_module.m3_cells_generator - INFO - enlarge_cell_instances: 93 顆細胞, factor=1.50(面積), 中位半徑=25.9px, 外擴=5.8px
2026-07-22 01:50:04,189 - m4_module.cell_crops - INFO - 匯出 78 張 per-cell 影像至 docs/hybrid-pipeline/measurement/runs_cellpose421/large/cell_crops/tile_x6912_y3840/cells
2026-07-22 01:50:04,189 - hybrid_pipeline - INFO - Tile tile_x6912_y3840 完成: 核心擁有 78 細胞 (78 陽性), 3.66 秒
2026-07-22 01:50:04,421 - hybrid_pipeline - INFO - [329/441] 處理 tile: tile_x6912_y5376
2026-07-22 01:50:04,456 - m3_module.m3_elastic_matching - INFO - elastic_dish_nucleus_matching(overlap-first): IHC=93, DISH=63, matched(1核)=51 (其中重疊=51), drop-out(競爭落敗)=17, 無候選(計入)=25, factor=1.50, min_reach=20.0
2026-07-22 01:50:05,573 - m3_module.m3_dot_detection - INFO - detect_all_dots: 紅點=50, 黑點=120, 涉及細胞=93
2026-07-22 01:50:05,803 - m3_module.m3_cells_generator - INFO - All-positive 標註完成: 31 個細胞
2026-07-22 01:50:05,847 - m3_module.m3_cells_generator - INFO - enlarge_cell_instances: 31 顆細胞, factor=1.50(面積), 中位半徑=26.8px, 外擴=6.0px
2026-07-22 01:50:05,916 - m4_module.cell_crops - INFO - 匯出 46 張 per-cell 影像至 docs/hybrid-pipeline/measurement/runs_cellpose421/large/cell_crops/tile_x6912_y4608/cells
2026-07-22 01:50:05,916 - hybrid_pipeline - INFO - Tile tile_x6912_y4608 完成: 核心擁有 46 細胞 (46 陽性), 3.60 秒
2026-07-22 01:50:06,222 - hybrid_pipeline - INFO - [330/441] 處理 tile: tile_x6912_y6144
2026-07-22 01:50:06,253 - m3_module.m3_elastic_matching - INFO - elastic_dish_nucleus_matching(overlap-first): IHC=31, DISH=26, matched(1核)=18 (其中重疊=18), drop-out(競爭落敗)=6, 無候選(計入)=7, factor=1.50, min_reach=20.0
2026-07-22 01:50:06,601 - m3_module.m3_dot_detection - INFO - detect_all_dots: 紅點=19, 黑點=46, 涉及細胞=31
2026-07-22 01:50:06,783 - m4_module.cell_crops - INFO - 匯出 7 張 per-cell 影像至 docs/hybrid-pipeline/measurement/runs_cellpose421/large/cell_crops/tile_x6912_y5376/cells
2026-07-22 01:50:06,783 - hybrid_pipeline - INFO - Tile tile_x6912_y5376 完成: 核心擁有 7 細胞 (7 陽性), 2.36 秒
2026-07-22 01:50:06,817 - m3_module.m3_cells_generator - INFO - All-positive 標註完成: 7 個細胞
2026-07-22 01:50:06,850 - m3_module.m3_cells_generator - INFO - enlarge_cell_instances: 7 顆細胞, factor=1.50(面積), 中位半徑=19.6px, 外擴=4.4px
2026-07-22 01:50:07,218 - hybrid_pipeline - INFO - [331/441] 處理 tile: tile_x6912_y6912
2026-07-22 01:50:07,248 - m3_module.m3_elastic_matching - INFO - elastic_dish_nucleus_matching(overlap-first): IHC=7, DISH=12, matched(1核)=6 (其中重疊=6), drop-out(競爭落敗)=1, 無候選(計入)=0, factor=1.50, min_reach=20.0
2026-07-22 01:50:07,430 - m3_module.m3_dot_detection - INFO - detect_all_dots: 紅點=11, 黑點=13, 涉及細胞=7
2026-07-22 01:50:07,519 - m4_module.cell_crops - INFO - 匯出 4 張 per-cell 影像至 docs/hybrid-pipeline/measurement/runs_cellpose421/large/cell_crops/tile_x6912_y6144/cells
2026-07-22 01:50:07,520 - hybrid_pipeline - INFO - Tile tile_x6912_y6144 完成: 核心擁有 4 細胞 (4 陽性), 1.30 秒
2026-07-22 01:50:07,599 - m3_module.m3_cells_generator - INFO - All-positive 標註完成: 41 個細胞
2026-07-22 01:50:07,643 - m3_module.m3_cells_generator - INFO - enlarge_cell_instances: 41 顆細胞, factor=1.50(面積), 中位半徑=19.7px, 外擴=4.4px
2026-07-22 01:50:08,003 - hybrid_pipeline - INFO - [332/441] 處理 tile: tile_x6912_y768
2026-07-22 01:50:08,034 - m3_module.m3_elastic_matching - INFO - elastic_dish_nucleus_matching(overlap-first): IHC=41, DISH=37, matched(1核)=22 (其中重疊=22), drop-out(競爭落敗)=2, 無候選(計入)=17, factor=1.50, min_reach=20.0
2026-07-22 01:50:08,554 - m3_module.m3_dot_detection - INFO - detect_all_dots: 紅點=26, 黑點=48, 涉及細胞=41
2026-07-22 01:50:08,762 - m4_module.cell_crops - INFO - 匯出 21 張 per-cell 影像至 docs/hybrid-pipeline/measurement/runs_cellpose421/large/cell_crops/tile_x6912_y6912/cells
2026-07-22 01:50:08,762 - hybrid_pipeline - INFO - Tile tile_x6912_y6912 完成: 核心擁有 21 細胞 (21 陽性), 1.54 秒
2026-07-22 01:50:08,854 - m3_module.m3_cells_generator - INFO - All-positive 標註完成: 149 個細胞
2026-07-22 01:50:08,916 - m3_module.m3_cells_generator - INFO - enlarge_cell_instances: 149 顆細胞, factor=1.50(面積), 中位半徑=25.4px, 外擴=5.7px
2026-07-22 01:50:09,282 - hybrid_pipeline - INFO - [333/441] 處理 tile: tile_x6912_y7680
2026-07-22 01:50:09,321 - m3_module.m3_elastic_matching - INFO - elastic_dish_nucleus_matching(overlap-first): IHC=149, DISH=114, matched(1核)=88 (其中重疊=88), drop-out(競爭落敗)=27, 無候選(計入)=34, factor=1.50, min_reach=20.0
2026-07-22 01:50:11,048 - m3_module.m3_dot_detection - INFO - detect_all_dots: 紅點=99, 黑點=214, 涉及細胞=149
2026-07-22 01:50:11,194 - m3_module.m3_cells_generator - INFO - All-positive 標註完成: 61 個細胞
2026-07-22 01:50:11,233 - m3_module.m3_cells_generator - INFO - enlarge_cell_instances: 61 顆細胞, factor=1.50(面積), 中位半徑=21.0px, 外擴=4.7px
2026-07-22 01:50:11,609 - m4_module.cell_crops - INFO - 匯出 90 張 per-cell 影像至 docs/hybrid-pipeline/measurement/runs_cellpose421/large/cell_crops/tile_x6912_y768/cells
2026-07-22 01:50:11,609 - hybrid_pipeline - INFO - Tile tile_x6912_y768 完成: 核心擁有 90 細胞 (90 陽性), 3.61 秒
2026-07-22 01:50:11,609 - hybrid_pipeline - INFO - [334/441] 處理 tile: tile_x6912_y8448
2026-07-22 01:50:11,635 - m3_module.m3_elastic_matching - INFO - elastic_dish_nucleus_matching(overlap-first): IHC=61, DISH=36, matched(1核)=33 (其中重疊=33), drop-out(競爭落敗)=11, 無候選(計入)=17, factor=1.50, min_reach=20.0
2026-07-22 01:50:12,450 - m3_module.m3_dot_detection - INFO - detect_all_dots: 紅點=46, 黑點=83, 涉及細胞=61
2026-07-22 01:50:12,647 - m4_module.cell_crops - INFO - 匯出 25 張 per-cell 影像至 docs/hybrid-pipeline/measurement/runs_cellpose421/large/cell_crops/tile_x6912_y7680/cells
2026-07-22 01:50:12,647 - hybrid_pipeline - INFO - Tile tile_x6912_y7680 完成: 核心擁有 25 細胞 (25 陽性), 3.37 秒
2026-07-22 01:50:12,679 - m3_module.m3_cells_generator - INFO - All-positive 標註完成: 36 個細胞
2026-07-22 01:50:12,726 - m3_module.m3_cells_generator - INFO - enlarge_cell_instances: 36 顆細胞, factor=1.50(面積), 中位半徑=22.7px, 外擴=5.1px
2026-07-22 01:50:13,079 - hybrid_pipeline - INFO - [335/441] 處理 tile: tile_x6912_y9216
2026-07-22 01:50:13,110 - m3_module.m3_elastic_matching - INFO - elastic_dish_nucleus_matching(overlap-first): IHC=36, DISH=29, matched(1核)=22 (其中重疊=22), drop-out(競爭落敗)=3, 無候選(計入)=11, factor=1.50, min_reach=20.0
2026-07-22 01:50:13,627 - m3_module.m3_dot_detection - INFO - detect_all_dots: 紅點=26, 黑點=51, 涉及細胞=36
2026-07-22 01:50:13,808 - m4_module.cell_crops - INFO - 匯出 12 張 per-cell 影像至 docs/hybrid-pipeline/measurement/runs_cellpose421/large/cell_crops/tile_x6912_y8448/cells
2026-07-22 01:50:13,808 - hybrid_pipeline - INFO - Tile tile_x6912_y8448 完成: 核心擁有 12 細胞 (12 陽性), 2.20 秒
2026-07-22 01:50:13,857 - m3_module.m3_cells_generator - INFO - All-positive 標註完成: 31 個細胞
2026-07-22 01:50:13,898 - m3_module.m3_cells_generator - INFO - enlarge_cell_instances: 31 顆細胞, factor=1.50(面積), 中位半徑=22.9px, 外擴=5.1px
2026-07-22 01:50:14,255 - hybrid_pipeline - INFO - [336/441] 處理 tile: tile_x6912_y9984
2026-07-22 01:50:14,285 - m3_module.m3_elastic_matching - INFO - elastic_dish_nucleus_matching(overlap-first): IHC=31, DISH=30, matched(1核)=23 (其中重疊=23), drop-out(競爭落敗)=2, 無候選(計入)=6, factor=1.50, min_reach=20.0
2026-07-22 01:50:14,720 - m3_module.m3_dot_detection - INFO - detect_all_dots: 紅點=17, 黑點=42, 涉及細胞=31
2026-07-22 01:50:14,886 - m4_module.cell_crops - INFO - 匯出 28 張 per-cell 影像至 docs/hybrid-pipeline/measurement/runs_cellpose421/large/cell_crops/tile_x6912_y9216/cells
2026-07-22 01:50:14,886 - hybrid_pipeline - INFO - Tile tile_x6912_y9216 完成: 核心擁有 28 細胞 (28 陽性), 1.81 秒
2026-07-22 01:50:14,969 - m3_module.m3_cells_generator - INFO - All-positive 標註完成: 27 個細胞
2026-07-22 01:50:15,010 - m3_module.m3_cells_generator - INFO - enlarge_cell_instances: 27 顆細胞, factor=1.50(面積), 中位半徑=19.0px, 外擴=4.3px
2026-07-22 01:50:15,370 - hybrid_pipeline - INFO - [337/441] 處理 tile: tile_x7680_y0
2026-07-22 01:50:15,401 - m3_module.m3_elastic_matching - INFO - elastic_dish_nucleus_matching(overlap-first): IHC=27, DISH=25, matched(1核)=17 (其中重疊=17), drop-out(競爭落敗)=2, 無候選(計入)=8, factor=1.50, min_reach=20.0
2026-07-22 01:50:15,725 - m3_module.m3_dot_detection - INFO - detect_all_dots: 紅點=15, 黑點=29, 涉及細胞=27
2026-07-22 01:50:15,852 - m4_module.cell_crops - INFO - 匯出 16 張 per-cell 影像至 docs/hybrid-pipeline/measurement/runs_cellpose421/large/cell_crops/tile_x6912_y9984/cells
2026-07-22 01:50:15,853 - hybrid_pipeline - INFO - Tile tile_x6912_y9984 完成: 核心擁有 16 細胞 (16 陽性), 1.60 秒
2026-07-22 01:50:16,012 - m3_module.m3_cells_generator - INFO - All-positive 標註完成: 95 個細胞
2026-07-22 01:50:16,071 - m3_module.m3_cells_generator - INFO - enlarge_cell_instances: 95 顆細胞, factor=1.50(面積), 中位半徑=27.4px, 外擴=6.2px
2026-07-22 01:50:16,437 - hybrid_pipeline - INFO - [338/441] 處理 tile: tile_x7680_y10752
2026-07-22 01:50:16,471 - m3_module.m3_elastic_matching - INFO - elastic_dish_nucleus_matching(overlap-first): IHC=95, DISH=71, matched(1核)=57 (其中重疊=57), drop-out(競爭落敗)=14, 無候選(計入)=24, factor=1.50, min_reach=20.0
2026-07-22 01:50:17,386 - m3_module.m3_dot_detection - INFO - detect_all_dots: 紅點=48, 黑點=115, 涉及細胞=95
2026-07-22 01:50:17,495 - m3_module.m3_cells_generator - INFO - All-positive 標註完成: 28 個細胞
2026-07-22 01:50:17,532 - m3_module.m3_cells_generator - INFO - enlarge_cell_instances: 28 顆細胞, factor=1.50(面積), 中位半徑=22.6px, 外擴=5.1px
2026-07-22 01:50:17,742 - m4_module.cell_crops - INFO - 匯出 52 張 per-cell 影像至 docs/hybrid-pipeline/measurement/runs_cellpose421/large/cell_crops/tile_x7680_y0/cells
2026-07-22 01:50:17,742 - hybrid_pipeline - INFO - Tile tile_x7680_y0 完成: 核心擁有 52 細胞 (52 陽性), 2.37 秒
2026-07-22 01:50:17,911 - hybrid_pipeline - INFO - [339/441] 處理 tile: tile_x7680_y11520
2026-07-22 01:50:17,943 - m3_module.m3_elastic_matching - INFO - elastic_dish_nucleus_matching(overlap-first): IHC=28, DISH=21, matched(1核)=16 (其中重疊=16), drop-out(競爭落敗)=3, 無候選(計入)=9, factor=1.50, min_reach=20.0
2026-07-22 01:50:18,252 - m3_module.m3_dot_detection - INFO - detect_all_dots: 紅點=17, 黑點=51, 涉及細胞=28
2026-07-22 01:50:18,402 - m4_module.cell_crops - INFO - 匯出 24 張 per-cell 影像至 docs/hybrid-pipeline/measurement/runs_cellpose421/large/cell_crops/tile_x7680_y10752/cells
2026-07-22 01:50:18,403 - hybrid_pipeline - INFO - Tile tile_x7680_y10752 完成: 核心擁有 24 細胞 (24 陽性), 1.97 秒
2026-07-22 01:50:18,472 - m3_module.m3_cells_generator - INFO - All-positive 標註完成: 12 個細胞
2026-07-22 01:50:18,504 - m3_module.m3_cells_generator - INFO - enlarge_cell_instances: 12 顆細胞, factor=1.50(面積), 中位半徑=18.1px, 外擴=4.1px
2026-07-22 01:50:18,857 - hybrid_pipeline - INFO - [340/441] 處理 tile: tile_x7680_y12288
2026-07-22 01:50:18,886 - m3_module.m3_elastic_matching - INFO - elastic_dish_nucleus_matching(overlap-first): IHC=12, DISH=9, matched(1核)=6 (其中重疊=6), drop-out(競爭落敗)=2, 無候選(計入)=4, factor=1.50, min_reach=20.0
2026-07-22 01:50:19,029 - m3_module.m3_dot_detection - INFO - detect_all_dots: 紅點=3, 黑點=6, 涉及細胞=12
2026-07-22 01:50:19,130 - m4_module.cell_crops - INFO - 匯出 5 張 per-cell 影像至 docs/hybrid-pipeline/measurement/runs_cellpose421/large/cell_crops/tile_x7680_y11520/cells
2026-07-22 01:50:19,131 - hybrid_pipeline - INFO - Tile tile_x7680_y11520 完成: 核心擁有 5 細胞 (5 陽性), 1.22 秒
2026-07-22 01:50:19,247 - m3_module.m3_cells_generator - INFO - All-positive 標註完成: 17 個細胞
2026-07-22 01:50:19,286 - m3_module.m3_cells_generator - INFO - enlarge_cell_instances: 17 顆細胞, factor=1.50(面積), 中位半徑=23.0px, 外擴=5.2px
2026-07-22 01:50:19,646 - hybrid_pipeline - INFO - [341/441] 處理 tile: tile_x7680_y13056
2026-07-22 01:50:19,678 - m3_module.m3_elastic_matching - INFO - elastic_dish_nucleus_matching(overlap-first): IHC=17, DISH=20, matched(1核)=12 (其中重疊=12), drop-out(競爭落敗)=2, 無候選(計入)=3, factor=1.50, min_reach=20.0
2026-07-22 01:50:19,943 - m3_module.m3_dot_detection - INFO - detect_all_dots: 紅點=14, 黑點=19, 涉及細胞=17
2026-07-22 01:50:20,107 - m4_module.cell_crops - INFO - 匯出 4 張 per-cell 影像至 docs/hybrid-pipeline/measurement/runs_cellpose421/large/cell_crops/tile_x7680_y12288/cells
2026-07-22 01:50:20,107 - hybrid_pipeline - INFO - Tile tile_x7680_y12288 完成: 核心擁有 4 細胞 (4 陽性), 1.25 秒
2026-07-22 01:50:20,181 - m3_module.m3_cells_generator - INFO - All-positive 標註完成: 56 個細胞
2026-07-22 01:50:20,231 - m3_module.m3_cells_generator - INFO - enlarge_cell_instances: 56 顆細胞, factor=1.50(面積), 中位半徑=22.3px, 外擴=5.0px
2026-07-22 01:50:20,593 - hybrid_pipeline - INFO - [342/441] 處理 tile: tile_x7680_y13824
2026-07-22 01:50:20,625 - m3_module.m3_elastic_matching - INFO - elastic_dish_nucleus_matching(overlap-first): IHC=56, DISH=45, matched(1核)=33 (其中重疊=33), drop-out(競爭落敗)=11, 無候選(計入)=12, factor=1.50, min_reach=20.0
2026-07-22 01:50:21,213 - m3_module.m3_dot_detection - INFO - detect_all_dots: 紅點=24, 黑點=61, 涉及細胞=56
2026-07-22 01:50:21,402 - m4_module.cell_crops - INFO - 匯出 45 張 per-cell 影像至 docs/hybrid-pipeline/measurement/runs_cellpose421/large/cell_crops/tile_x7680_y13056/cells
2026-07-22 01:50:21,402 - hybrid_pipeline - INFO - Tile tile_x7680_y13056 完成: 核心擁有 45 細胞 (45 陽性), 1.76 秒
2026-07-22 01:50:21,457 - m3_module.m3_cells_generator - INFO - All-positive 標註完成: 48 個細胞
2026-07-22 01:50:21,501 - m3_module.m3_cells_generator - INFO - enlarge_cell_instances: 48 顆細胞, factor=1.50(面積), 中位半徑=24.3px, 外擴=5.5px
2026-07-22 01:50:21,859 - hybrid_pipeline - INFO - [343/441] 處理 tile: tile_x7680_y14592
2026-07-22 01:50:21,890 - m3_module.m3_elastic_matching - INFO - elastic_dish_nucleus_matching(overlap-first): IHC=48, DISH=42, matched(1核)=30 (其中重疊=30), drop-out(競爭落敗)=9, 無候選(計入)=9, factor=1.50, min_reach=20.0
2026-07-22 01:50:22,346 - m3_module.m3_dot_detection - INFO - detect_all_dots: 紅點=28, 黑點=62, 涉及細胞=48
2026-07-22 01:50:22,545 - m4_module.cell_crops - INFO - 匯出 24 張 per-cell 影像至 docs/hybrid-pipeline/measurement/runs_cellpose421/large/cell_crops/tile_x7680_y13824/cells
2026-07-22 01:50:22,545 - hybrid_pipeline - INFO - Tile tile_x7680_y13824 完成: 核心擁有 24 細胞 (24 陽性), 1.95 秒
2026-07-22 01:50:22,595 - m3_module.m3_cells_generator - INFO - All-positive 標註完成: 26 個細胞
2026-07-22 01:50:22,633 - m3_module.m3_cells_generator - INFO - enlarge_cell_instances: 26 顆細胞, factor=1.50(面積), 中位半徑=22.6px, 外擴=5.1px
2026-07-22 01:50:22,985 - hybrid_pipeline - INFO - [344/441] 處理 tile: tile_x7680_y1536
2026-07-22 01:50:23,015 - m3_module.m3_elastic_matching - INFO - elastic_dish_nucleus_matching(overlap-first): IHC=26, DISH=15, matched(1核)=13 (其中重疊=13), drop-out(競爭落敗)=4, 無候選(計入)=9, factor=1.50, min_reach=20.0
2026-07-22 01:50:23,326 - m3_module.m3_dot_detection - INFO - detect_all_dots: 紅點=14, 黑點=33, 涉及細胞=26
2026-07-22 01:50:23,437 - m4_module.cell_crops - INFO - 匯出 18 張 per-cell 影像至 docs/hybrid-pipeline/measurement/runs_cellpose421/large/cell_crops/tile_x7680_y14592/cells
2026-07-22 01:50:23,437 - hybrid_pipeline - INFO - Tile tile_x7680_y14592 完成: 核心擁有 18 細胞 (18 陽性), 1.58 秒
2026-07-22 01:50:23,589 - m3_module.m3_cells_generator - INFO - All-positive 標註完成: 76 個細胞
2026-07-22 01:50:23,641 - m3_module.m3_cells_generator - INFO - enlarge_cell_instances: 76 顆細胞, factor=1.50(面積), 中位半徑=26.5px, 外擴=5.9px
2026-07-22 01:50:23,992 - hybrid_pipeline - INFO - [345/441] 處理 tile: tile_x7680_y15360
2026-07-22 01:50:24,027 - m3_module.m3_elastic_matching - INFO - elastic_dish_nucleus_matching(overlap-first): IHC=76, DISH=54, matched(1核)=42 (其中重疊=42), drop-out(競爭落敗)=15, 無候選(計入)=19, factor=1.50, min_reach=20.0
2026-07-22 01:50:24,804 - m3_module.m3_dot_detection - INFO - detect_all_dots: 紅點=39, 黑點=94, 涉及細胞=76
2026-07-22 01:50:25,034 - m3_module.m3_cells_generator - INFO - All-positive 標註完成: 6 個細胞
2026-07-22 01:50:25,067 - m3_module.m3_cells_generator - INFO - enlarge_cell_instances: 6 顆細胞, factor=1.50(面積), 中位半徑=21.0px, 外擴=4.7px
2026-07-22 01:50:25,071 - m4_module.cell_crops - INFO - 匯出 35 張 per-cell 影像至 docs/hybrid-pipeline/measurement/runs_cellpose421/large/cell_crops/tile_x7680_y1536/cells
2026-07-22 01:50:25,071 - hybrid_pipeline - INFO - Tile tile_x7680_y1536 完成: 核心擁有 35 細胞 (35 陽性), 2.09 秒
2026-07-22 01:50:25,416 - hybrid_pipeline - INFO - [346/441] 處理 tile: tile_x7680_y2304
2026-07-22 01:50:25,446 - m3_module.m3_elastic_matching - INFO - elastic_dish_nucleus_matching(overlap-first): IHC=6, DISH=2, matched(1核)=2 (其中重疊=2), drop-out(競爭落敗)=2, 無候選(計入)=2, factor=1.50, min_reach=20.0
2026-07-22 01:50:25,574 - m3_module.m3_dot_detection - INFO - detect_all_dots: 紅點=2, 黑點=3, 涉及細胞=6
2026-07-22 01:50:25,644 - m4_module.cell_crops - INFO - 匯出 5 張 per-cell 影像至 docs/hybrid-pipeline/measurement/runs_cellpose421/large/cell_crops/tile_x7680_y15360/cells
2026-07-22 01:50:25,644 - hybrid_pipeline - INFO - Tile tile_x7680_y15360 完成: 核心擁有 5 細胞 (5 陽性), 1.65 秒
2026-07-22 01:50:25,815 - m3_module.m3_cells_generator - INFO - All-positive 標註完成: 23 個細胞
2026-07-22 01:50:25,851 - m3_module.m3_cells_generator - INFO - enlarge_cell_instances: 23 顆細胞, factor=1.50(面積), 中位半徑=17.4px, 外擴=3.9px
2026-07-22 01:50:26,204 - hybrid_pipeline - INFO - [347/441] 處理 tile: tile_x7680_y3072
2026-07-22 01:50:26,234 - m3_module.m3_elastic_matching - INFO - elastic_dish_nucleus_matching(overlap-first): IHC=23, DISH=12, matched(1核)=8 (其中重疊=8), drop-out(競爭落敗)=6, 無候選(計入)=9, factor=1.50, min_reach=20.0
2026-07-22 01:50:26,414 - m3_module.m3_dot_detection - INFO - detect_all_dots: 紅點=8, 黑點=15, 涉及細胞=23
2026-07-22 01:50:26,544 - m4_module.cell_crops - INFO - 匯出 4 張 per-cell 影像至 docs/hybrid-pipeline/measurement/runs_cellpose421/large/cell_crops/tile_x7680_y2304/cells
2026-07-22 01:50:26,544 - hybrid_pipeline - INFO - Tile tile_x7680_y2304 完成: 核心擁有 4 細胞 (4 陽性), 1.13 秒
2026-07-22 01:50:26,640 - m3_module.m3_cells_generator - INFO - All-positive 標註完成: 15 個細胞
2026-07-22 01:50:26,678 - m3_module.m3_cells_generator - INFO - enlarge_cell_instances: 15 顆細胞, factor=1.50(面積), 中位半徑=21.1px, 外擴=4.7px
2026-07-22 01:50:27,029 - hybrid_pipeline - INFO - [348/441] 處理 tile: tile_x7680_y3840
2026-07-22 01:50:27,058 - m3_module.m3_elastic_matching - INFO - elastic_dish_nucleus_matching(overlap-first): IHC=15, DISH=8, matched(1核)=4 (其中重疊=4), drop-out(競爭落敗)=0, 無候選(計入)=11, factor=1.50, min_reach=20.0
2026-07-22 01:50:27,193 - m3_module.m3_dot_detection - INFO - detect_all_dots: 紅點=2, 黑點=10, 涉及細胞=15
2026-07-22 01:50:27,289 - m4_module.cell_crops - INFO - 匯出 2 張 per-cell 影像至 docs/hybrid-pipeline/measurement/runs_cellpose421/large/cell_crops/tile_x7680_y3072/cells
2026-07-22 01:50:27,289 - hybrid_pipeline - INFO - Tile tile_x7680_y3072 完成: 核心擁有 2 細胞 (2 陽性), 1.08 秒
2026-07-22 01:50:27,431 - m3_module.m3_cells_generator - INFO - All-positive 標註完成: 57 個細胞
2026-07-22 01:50:27,478 - m3_module.m3_cells_generator - INFO - enlarge_cell_instances: 57 顆細胞, factor=1.50(面積), 中位半徑=21.9px, 外擴=4.9px
2026-07-22 01:50:27,837 - hybrid_pipeline - INFO - [349/441] 處理 tile: tile_x7680_y4608
2026-07-22 01:50:27,870 - m3_module.m3_elastic_matching - INFO - elastic_dish_nucleus_matching(overlap-first): IHC=57, DISH=25, matched(1核)=19 (其中重疊=19), drop-out(競爭落敗)=5, 無候選(計入)=33, factor=1.50, min_reach=20.0
2026-07-22 01:50:28,222 - m3_module.m3_dot_detection - INFO - detect_all_dots: 紅點=15, 黑點=47, 涉及細胞=57
2026-07-22 01:50:28,382 - m3_module.m3_cells_generator - INFO - All-positive 標註完成: 89 個細胞
2026-07-22 01:50:28,409 - m4_module.cell_crops - INFO - 匯出 25 張 per-cell 影像至 docs/hybrid-pipeline/measurement/runs_cellpose421/large/cell_crops/tile_x7680_y3840/cells
2026-07-22 01:50:28,409 - hybrid_pipeline - INFO - Tile tile_x7680_y3840 完成: 核心擁有 25 細胞 (25 陽性), 1.38 秒
2026-07-22 01:50:28,441 - m3_module.m3_cells_generator - INFO - enlarge_cell_instances: 89 顆細胞, factor=1.50(面積), 中位半徑=28.4px, 外擴=6.4px
2026-07-22 01:50:28,795 - hybrid_pipeline - INFO - [350/441] 處理 tile: tile_x7680_y5376
2026-07-22 01:50:28,830 - m3_module.m3_elastic_matching - INFO - elastic_dish_nucleus_matching(overlap-first): IHC=89, DISH=56, matched(1核)=42 (其中重疊=42), drop-out(競爭落敗)=19, 無候選(計入)=28, factor=1.50, min_reach=20.0
2026-07-22 01:50:29,782 - m3_module.m3_dot_detection - INFO - detect_all_dots: 紅點=43, 黑點=97, 涉及細胞=89
2026-07-22 01:50:29,977 - m3_module.m3_cells_generator - INFO - All-positive 標註完成: 128 個細胞
2026-07-22 01:50:30,038 - m3_module.m3_cells_generator - INFO - enlarge_cell_instances: 128 顆細胞, factor=1.50(面積), 中位半徑=26.9px, 外擴=6.1px
2026-07-22 01:50:30,123 - m4_module.cell_crops - INFO - 匯出 52 張 per-cell 影像至 docs/hybrid-pipeline/measurement/runs_cellpose421/large/cell_crops/tile_x7680_y4608/cells
2026-07-22 01:50:30,123 - hybrid_pipeline - INFO - Tile tile_x7680_y4608 完成: 核心擁有 52 細胞 (52 陽性), 2.29 秒
2026-07-22 01:50:30,394 - hybrid_pipeline - INFO - [351/441] 處理 tile: tile_x7680_y6144
2026-07-22 01:50:30,431 - m3_module.m3_elastic_matching - INFO - elastic_dish_nucleus_matching(overlap-first): IHC=128, DISH=78, matched(1核)=66 (其中重疊=66), drop-out(競爭落敗)=28, 無候選(計入)=34, factor=1.50, min_reach=20.0
2026-07-22 01:50:31,863 - m3_module.m3_dot_detection - INFO - detect_all_dots: 紅點=66, 黑點=185, 涉及細胞=128
2026-07-22 01:50:32,038 - m3_module.m3_cells_generator - INFO - All-positive 標註完成: 98 個細胞
2026-07-22 01:50:32,091 - m3_module.m3_cells_generator - INFO - enlarge_cell_instances: 98 顆細胞, factor=1.50(面積), 中位半徑=28.1px, 外擴=6.3px
2026-07-22 01:50:32,308 - m4_module.cell_crops - INFO - 匯出 71 張 per-cell 影像至 docs/hybrid-pipeline/measurement/runs_cellpose421/large/cell_crops/tile_x7680_y5376/cells
2026-07-22 01:50:32,308 - hybrid_pipeline - INFO - Tile tile_x7680_y5376 完成: 核心擁有 71 細胞 (71 陽性), 3.51 秒
2026-07-22 01:50:32,458 - hybrid_pipeline - INFO - [352/441] 處理 tile: tile_x7680_y6912
2026-07-22 01:50:32,494 - m3_module.m3_elastic_matching - INFO - elastic_dish_nucleus_matching(overlap-first): IHC=98, DISH=57, matched(1核)=49 (其中重疊=49), drop-out(競爭落敗)=17, 無候選(計入)=32, factor=1.50, min_reach=20.0
2026-07-22 01:50:33,467 - m3_module.m3_dot_detection - INFO - detect_all_dots: 紅點=43, 黑點=102, 涉及細胞=98
2026-07-22 01:50:33,734 - m3_module.m3_cells_generator - INFO - All-positive 標註完成: 92 個細胞
2026-07-22 01:50:33,761 - m4_module.cell_crops - INFO - 匯出 63 張 per-cell 影像至 docs/hybrid-pipeline/measurement/runs_cellpose421/large/cell_crops/tile_x7680_y6144/cells
2026-07-22 01:50:33,761 - hybrid_pipeline - INFO - Tile tile_x7680_y6144 完成: 核心擁有 63 細胞 (63 陽性), 3.37 秒
2026-07-22 01:50:33,787 - m3_module.m3_cells_generator - INFO - enlarge_cell_instances: 92 顆細胞, factor=1.50(面積), 中位半徑=28.2px, 外擴=6.3px
2026-07-22 01:50:34,147 - hybrid_pipeline - INFO - [353/441] 處理 tile: tile_x7680_y768
2026-07-22 01:50:34,182 - m3_module.m3_elastic_matching - INFO - elastic_dish_nucleus_matching(overlap-first): IHC=92, DISH=58, matched(1核)=50 (其中重疊=50), drop-out(競爭落敗)=20, 無候選(計入)=22, factor=1.50, min_reach=20.0
2026-07-22 01:50:35,322 - m3_module.m3_dot_detection - INFO - detect_all_dots: 紅點=50, 黑點=150, 涉及細胞=92
2026-07-22 01:50:35,610 - m3_module.m3_cells_generator - INFO - All-positive 標註完成: 125 個細胞
2026-07-22 01:50:35,626 - m4_module.cell_crops - INFO - 匯出 53 張 per-cell 影像至 docs/hybrid-pipeline/measurement/runs_cellpose421/large/cell_crops/tile_x7680_y6912/cells
2026-07-22 01:50:35,626 - hybrid_pipeline - INFO - Tile tile_x7680_y6912 完成: 核心擁有 53 細胞 (53 陽性), 3.17 秒
2026-07-22 01:50:35,671 - m3_module.m3_cells_generator - INFO - enlarge_cell_instances: 125 顆細胞, factor=1.50(面積), 中位半徑=27.0px, 外擴=6.1px
2026-07-22 01:50:36,029 - hybrid_pipeline - INFO - [354/441] 處理 tile: tile_x7680_y7680
2026-07-22 01:50:36,066 - m3_module.m3_elastic_matching - INFO - elastic_dish_nucleus_matching(overlap-first): IHC=125, DISH=98, matched(1核)=76 (其中重疊=75), drop-out(競爭落敗)=23, 無候選(計入)=26, factor=1.50, min_reach=20.0
2026-07-22 01:50:37,522 - m3_module.m3_dot_detection - INFO - detect_all_dots: 紅點=72, 黑點=167, 涉及細胞=125
2026-07-22 01:50:37,762 - m3_module.m3_cells_generator - INFO - All-positive 標註完成: 56 個細胞
2026-07-22 01:50:37,804 - m3_module.m3_cells_generator - INFO - enlarge_cell_instances: 56 顆細胞, factor=1.50(面積), 中位半徑=29.4px, 外擴=6.6px
2026-07-22 01:50:37,918 - m4_module.cell_crops - INFO - 匯出 77 張 per-cell 影像至 docs/hybrid-pipeline/measurement/runs_cellpose421/large/cell_crops/tile_x7680_y768/cells
2026-07-22 01:50:37,918 - hybrid_pipeline - INFO - Tile tile_x7680_y768 完成: 核心擁有 77 細胞 (77 陽性), 3.77 秒
2026-07-22 01:50:38,171 - hybrid_pipeline - INFO - [355/441] 處理 tile: tile_x7680_y8448
2026-07-22 01:50:38,204 - m3_module.m3_elastic_matching - INFO - elastic_dish_nucleus_matching(overlap-first): IHC=56, DISH=48, matched(1核)=34 (其中重疊=34), drop-out(競爭落敗)=10, 無候選(計入)=12, factor=1.50, min_reach=20.0
2026-07-22 01:50:39,067 - m3_module.m3_dot_detection - INFO - detect_all_dots: 紅點=41, 黑點=106, 涉及細胞=56
2026-07-22 01:50:39,280 - m3_module.m3_cells_generator - INFO - All-positive 標註完成: 63 個細胞
2026-07-22 01:50:39,312 - m4_module.cell_crops - INFO - 匯出 28 張 per-cell 影像至 docs/hybrid-pipeline/measurement/runs_cellpose421/large/cell_crops/tile_x7680_y7680/cells
2026-07-22 01:50:39,312 - hybrid_pipeline - INFO - Tile tile_x7680_y7680 完成: 核心擁有 28 細胞 (28 陽性), 3.28 秒
2026-07-22 01:50:39,338 - m3_module.m3_cells_generator - INFO - enlarge_cell_instances: 63 顆細胞, factor=1.50(面積), 中位半徑=24.7px, 外擴=5.5px
2026-07-22 01:50:39,695 - hybrid_pipeline - INFO - [356/441] 處理 tile: tile_x7680_y9216
2026-07-22 01:50:39,726 - m3_module.m3_elastic_matching - INFO - elastic_dish_nucleus_matching(overlap-first): IHC=63, DISH=43, matched(1核)=31 (其中重疊=31), drop-out(競爭落敗)=7, 無候選(計入)=25, factor=1.50, min_reach=20.0
2026-07-22 01:50:40,414 - m3_module.m3_dot_detection - INFO - detect_all_dots: 紅點=36, 黑點=78, 涉及細胞=63
2026-07-22 01:50:40,651 - m3_module.m3_cells_generator - INFO - All-positive 標註完成: 26 個細胞
2026-07-22 01:50:40,691 - m3_module.m3_cells_generator - INFO - enlarge_cell_instances: 26 顆細胞, factor=1.50(面積), 中位半徑=27.1px, 外擴=6.1px
2026-07-22 01:50:40,694 - m4_module.cell_crops - INFO - 匯出 42 張 per-cell 影像至 docs/hybrid-pipeline/measurement/runs_cellpose421/large/cell_crops/tile_x7680_y8448/cells
2026-07-22 01:50:40,694 - hybrid_pipeline - INFO - Tile tile_x7680_y8448 完成: 核心擁有 42 細胞 (42 陽性), 2.52 秒
2026-07-22 01:50:41,053 - hybrid_pipeline - INFO - [357/441] 處理 tile: tile_x7680_y9984
2026-07-22 01:50:41,083 - m3_module.m3_elastic_matching - INFO - elastic_dish_nucleus_matching(overlap-first): IHC=26, DISH=13, matched(1核)=11 (其中重疊=11), drop-out(競爭落敗)=5, 無候選(計入)=10, factor=1.50, min_reach=20.0
2026-07-22 01:50:41,322 - m3_module.m3_dot_detection - INFO - detect_all_dots: 紅點=14, 黑點=29, 涉及細胞=26
2026-07-22 01:50:41,450 - m4_module.cell_crops - INFO - 匯出 14 張 per-cell 影像至 docs/hybrid-pipeline/measurement/runs_cellpose421/large/cell_crops/tile_x7680_y9216/cells
2026-07-22 01:50:41,450 - hybrid_pipeline - INFO - Tile tile_x7680_y9216 完成: 核心擁有 14 細胞 (14 陽性), 1.75 秒
2026-07-22 01:50:41,556 - m3_module.m3_cells_generator - INFO - All-positive 標註完成: 10 個細胞
2026-07-22 01:50:41,588 - m3_module.m3_cells_generator - INFO - enlarge_cell_instances: 10 顆細胞, factor=1.50(面積), 中位半徑=28.6px, 外擴=6.4px
2026-07-22 01:50:41,941 - hybrid_pipeline - INFO - [358/441] 處理 tile: tile_x768_y0
2026-07-22 01:50:41,970 - m3_module.m3_elastic_matching - INFO - elastic_dish_nucleus_matching(overlap-first): IHC=10, DISH=6, matched(1核)=2 (其中重疊=2), drop-out(競爭落敗)=1, 無候選(計入)=7, factor=1.50, min_reach=20.0
2026-07-22 01:50:42,101 - m3_module.m3_dot_detection - INFO - detect_all_dots: 紅點=3, 黑點=7, 涉及細胞=10
2026-07-22 01:50:42,198 - m4_module.cell_crops - INFO - 匯出 5 張 per-cell 影像至 docs/hybrid-pipeline/measurement/runs_cellpose421/large/cell_crops/tile_x7680_y9984/cells
2026-07-22 01:50:42,198 - hybrid_pipeline - INFO - Tile tile_x7680_y9984 完成: 核心擁有 5 細胞 (5 陽性), 1.14 秒
2026-07-22 01:50:42,339 - m3_module.m3_cells_generator - INFO - All-positive 標註完成: 44 個細胞
2026-07-22 01:50:42,390 - m3_module.m3_cells_generator - INFO - enlarge_cell_instances: 44 顆細胞, factor=1.50(面積), 中位半徑=25.1px, 外擴=5.6px
2026-07-22 01:50:42,748 - hybrid_pipeline - INFO - [359/441] 處理 tile: tile_x768_y10752
2026-07-22 01:50:42,781 - m3_module.m3_elastic_matching - INFO - elastic_dish_nucleus_matching(overlap-first): IHC=44, DISH=40, matched(1核)=25 (其中重疊=25), drop-out(競爭落敗)=8, 無候選(計入)=11, factor=1.50, min_reach=20.0
2026-07-22 01:50:43,296 - m3_module.m3_dot_detection - INFO - detect_all_dots: 紅點=29, 黑點=50, 涉及細胞=44
2026-07-22 01:50:43,500 - m4_module.cell_crops - INFO - 匯出 18 張 per-cell 影像至 docs/hybrid-pipeline/measurement/runs_cellpose421/large/cell_crops/tile_x768_y0/cells
2026-07-22 01:50:43,500 - hybrid_pipeline - INFO - Tile tile_x768_y0 完成: 核心擁有 18 細胞 (18 陽性), 1.56 秒
2026-07-22 01:50:43,521 - m3_module.m3_cells_generator - INFO - All-positive 標註完成: 20 個細胞
2026-07-22 01:50:43,553 - m3_module.m3_cells_generator - INFO - enlarge_cell_instances: 20 顆細胞, factor=1.50(面積), 中位半徑=35.3px, 外擴=7.9px
2026-07-22 01:50:43,901 - hybrid_pipeline - INFO - [360/441] 處理 tile: tile_x768_y11520
2026-07-22 01:50:43,931 - m3_module.m3_elastic_matching - INFO - elastic_dish_nucleus_matching(overlap-first): IHC=20, DISH=22, matched(1核)=16 (其中重疊=16), drop-out(競爭落敗)=1, 無候選(計入)=3, factor=1.50, min_reach=20.0
2026-07-22 01:50:44,247 - m3_module.m3_dot_detection - INFO - detect_all_dots: 紅點=18, 黑點=30, 涉及細胞=20
2026-07-22 01:50:44,353 - m4_module.cell_crops - INFO - 匯出 3 張 per-cell 影像至 docs/hybrid-pipeline/measurement/runs_cellpose421/large/cell_crops/tile_x768_y10752/cells
2026-07-22 01:50:44,353 - hybrid_pipeline - INFO - Tile tile_x768_y10752 完成: 核心擁有 3 細胞 (3 陽性), 1.60 秒
2026-07-22 01:50:44,475 - m3_module.m3_cells_generator - INFO - All-positive 標註完成: 20 個細胞
2026-07-22 01:50:44,510 - m3_module.m3_cells_generator - INFO - enlarge_cell_instances: 20 顆細胞, factor=1.50(面積), 中位半徑=35.2px, 外擴=7.9px
2026-07-22 01:50:44,867 - hybrid_pipeline - INFO - [361/441] 處理 tile: tile_x768_y12288
2026-07-22 01:50:44,906 - m3_module.m3_elastic_matching - INFO - elastic_dish_nucleus_matching(overlap-first): IHC=20, DISH=16, matched(1核)=12 (其中重疊=12), drop-out(競爭落敗)=0, 無候選(計入)=8, factor=1.50, min_reach=20.0
2026-07-22 01:50:45,192 - m3_module.m3_dot_detection - INFO - detect_all_dots: 紅點=20, 黑點=33, 涉及細胞=20
2026-07-22 01:50:45,305 - m4_module.cell_crops - INFO - 匯出 4 張 per-cell 影像至 docs/hybrid-pipeline/measurement/runs_cellpose421/large/cell_crops/tile_x768_y11520/cells
2026-07-22 01:50:45,305 - hybrid_pipeline - INFO - Tile tile_x768_y11520 完成: 核心擁有 4 細胞 (4 陽性), 1.40 秒
2026-07-22 01:50:45,324 - m3_module.m3_cells_generator - INFO - All-positive 標註完成: 29 個細胞
2026-07-22 01:50:45,365 - m3_module.m3_cells_generator - INFO - enlarge_cell_instances: 29 顆細胞, factor=1.50(面積), 中位半徑=31.2px, 外擴=7.0px
2026-07-22 01:50:45,724 - hybrid_pipeline - INFO - [362/441] 處理 tile: tile_x768_y13056
2026-07-22 01:50:45,755 - m3_module.m3_elastic_matching - INFO - elastic_dish_nucleus_matching(overlap-first): IHC=29, DISH=25, matched(1核)=20 (其中重疊=20), drop-out(競爭落敗)=3, 無候選(計入)=6, factor=1.50, min_reach=20.0
2026-07-22 01:50:46,238 - m3_module.m3_dot_detection - INFO - detect_all_dots: 紅點=32, 黑點=43, 涉及細胞=29
2026-07-22 01:50:46,391 - m4_module.cell_crops - INFO - 匯出 25 張 per-cell 影像至 docs/hybrid-pipeline/measurement/runs_cellpose421/large/cell_crops/tile_x768_y12288/cells
2026-07-22 01:50:46,391 - hybrid_pipeline - INFO - Tile tile_x768_y12288 完成: 核心擁有 25 細胞 (25 陽性), 1.52 秒
2026-07-22 01:50:46,451 - m3_module.m3_cells_generator - INFO - All-positive 標註完成: 98 個細胞
2026-07-22 01:50:46,505 - m3_module.m3_cells_generator - INFO - enlarge_cell_instances: 98 顆細胞, factor=1.50(面積), 中位半徑=26.2px, 外擴=5.9px
2026-07-22 01:50:46,863 - hybrid_pipeline - INFO - [363/441] 處理 tile: tile_x768_y13824
2026-07-22 01:50:46,898 - m3_module.m3_elastic_matching - INFO - elastic_dish_nucleus_matching(overlap-first): IHC=98, DISH=61, matched(1核)=55 (其中重疊=55), drop-out(競爭落敗)=23, 無候選(計入)=20, factor=1.50, min_reach=20.0
2026-07-22 01:50:47,900 - m3_module.m3_dot_detection - INFO - detect_all_dots: 紅點=62, 黑點=91, 涉及細胞=98
2026-07-22 01:50:48,158 - m4_module.cell_crops - INFO - 匯出 48 張 per-cell 影像至 docs/hybrid-pipeline/measurement/runs_cellpose421/large/cell_crops/tile_x768_y13056/cells
2026-07-22 01:50:48,158 - hybrid_pipeline - INFO - Tile tile_x768_y13056 完成: 核心擁有 48 細胞 (48 陽性), 2.43 秒
2026-07-22 01:50:48,186 - m3_module.m3_cells_generator - INFO - All-positive 標註完成: 145 個細胞
2026-07-22 01:50:48,246 - m3_module.m3_cells_generator - INFO - enlarge_cell_instances: 145 顆細胞, factor=1.50(面積), 中位半徑=28.6px, 外擴=6.4px
2026-07-22 01:50:48,612 - hybrid_pipeline - INFO - [364/441] 處理 tile: tile_x768_y14592
2026-07-22 01:50:48,651 - m3_module.m3_elastic_matching - INFO - elastic_dish_nucleus_matching(overlap-first): IHC=145, DISH=100, matched(1核)=85 (其中重疊=85), drop-out(競爭落敗)=44, 無候選(計入)=16, factor=1.50, min_reach=20.0
2026-07-22 01:50:50,316 - m3_module.m3_dot_detection - INFO - detect_all_dots: 紅點=128, 黑點=188, 涉及細胞=145
2026-07-22 01:50:50,495 - m3_module.m3_cells_generator - INFO - All-positive 標註完成: 119 個細胞
2026-07-22 01:50:50,552 - m3_module.m3_cells_generator - INFO - enlarge_cell_instances: 119 顆細胞, factor=1.50(面積), 中位半徑=30.0px, 外擴=6.8px
2026-07-22 01:50:50,718 - m4_module.cell_crops - INFO - 匯出 80 張 per-cell 影像至 docs/hybrid-pipeline/measurement/runs_cellpose421/large/cell_crops/tile_x768_y13824/cells
2026-07-22 01:50:50,718 - hybrid_pipeline - INFO - Tile tile_x768_y13824 完成: 核心擁有 80 細胞 (80 陽性), 3.85 秒
2026-07-22 01:50:50,922 - hybrid_pipeline - INFO - [365/441] 處理 tile: tile_x768_y1536
2026-07-22 01:50:50,960 - m3_module.m3_elastic_matching - INFO - elastic_dish_nucleus_matching(overlap-first): IHC=119, DISH=75, matched(1核)=66 (其中重疊=66), drop-out(競爭落敗)=35, 無候選(計入)=18, factor=1.50, min_reach=20.0
2026-07-22 01:50:52,204 - m3_module.m3_dot_detection - INFO - detect_all_dots: 紅點=76, 黑點=126, 涉及細胞=119
2026-07-22 01:50:52,329 - m3_module.m3_cells_generator - INFO - All-positive 標註完成: 48 個細胞
2026-07-22 01:50:52,387 - m3_module.m3_cells_generator - INFO - enlarge_cell_instances: 48 顆細胞, factor=1.50(面積), 中位半徑=25.1px, 外擴=5.6px
2026-07-22 01:50:52,524 - m4_module.cell_crops - INFO - 匯出 71 張 per-cell 影像至 docs/hybrid-pipeline/measurement/runs_cellpose421/large/cell_crops/tile_x768_y14592/cells
2026-07-22 01:50:52,524 - hybrid_pipeline - INFO - Tile tile_x768_y14592 完成: 核心擁有 71 細胞 (71 陽性), 3.91 秒
2026-07-22 01:50:52,750 - hybrid_pipeline - INFO - [366/441] 處理 tile: tile_x768_y15360
2026-07-22 01:50:52,786 - m3_module.m3_elastic_matching - INFO - elastic_dish_nucleus_matching(overlap-first): IHC=48, DISH=37, matched(1核)=29 (其中重疊=29), drop-out(競爭落敗)=10, 無候選(計入)=9, factor=1.50, min_reach=20.0
2026-07-22 01:50:53,485 - m3_module.m3_dot_detection - INFO - detect_all_dots: 紅點=53, 黑點=94, 涉及細胞=48
2026-07-22 01:50:53,712 - m4_module.cell_crops - INFO - 匯出 26 張 per-cell 影像至 docs/hybrid-pipeline/measurement/runs_cellpose421/large/cell_crops/tile_x768_y1536/cells
2026-07-22 01:50:53,712 - hybrid_pipeline - INFO - Tile tile_x768_y1536 完成: 核心擁有 26 細胞 (26 陽性), 2.79 秒
2026-07-22 01:50:53,742 - m3_module.m3_cells_generator - INFO - All-positive 標註完成: 71 個細胞
2026-07-22 01:50:53,796 - m3_module.m3_cells_generator - INFO - enlarge_cell_instances: 71 顆細胞, factor=1.50(面積), 中位半徑=28.7px, 外擴=6.5px
2026-07-22 01:50:54,157 - hybrid_pipeline - INFO - [367/441] 處理 tile: tile_x768_y2304
2026-07-22 01:50:54,187 - m3_module.m3_elastic_matching - INFO - elastic_dish_nucleus_matching(overlap-first): IHC=71, DISH=54, matched(1核)=42 (其中重疊=42), drop-out(競爭落敗)=16, 無候選(計入)=13, factor=1.50, min_reach=20.0
2026-07-22 01:50:54,834 - m3_module.m3_dot_detection - INFO - detect_all_dots: 紅點=34, 黑點=62, 涉及細胞=71
2026-07-22 01:50:55,095 - m3_module.m3_cells_generator - INFO - All-positive 標註完成: 53 個細胞
2026-07-22 01:50:55,104 - m4_module.cell_crops - INFO - 匯出 47 張 per-cell 影像至 docs/hybrid-pipeline/measurement/runs_cellpose421/large/cell_crops/tile_x768_y15360/cells
2026-07-22 01:50:55,104 - hybrid_pipeline - INFO - Tile tile_x768_y15360 完成: 核心擁有 47 細胞 (47 陽性), 2.35 秒
2026-07-22 01:50:55,156 - m3_module.m3_cells_generator - INFO - enlarge_cell_instances: 53 顆細胞, factor=1.50(面積), 中位半徑=29.5px, 外擴=6.6px
2026-07-22 01:50:55,524 - hybrid_pipeline - INFO - [368/441] 處理 tile: tile_x768_y3072
2026-07-22 01:50:55,557 - m3_module.m3_elastic_matching - INFO - elastic_dish_nucleus_matching(overlap-first): IHC=53, DISH=46, matched(1核)=38 (其中重疊=38), drop-out(競爭落敗)=7, 無候選(計入)=8, factor=1.50, min_reach=20.0
2026-07-22 01:50:56,328 - m3_module.m3_dot_detection - INFO - detect_all_dots: 紅點=46, 黑點=80, 涉及細胞=53
2026-07-22 01:50:56,574 - m4_module.cell_crops - INFO - 匯出 33 張 per-cell 影像至 docs/hybrid-pipeline/measurement/runs_cellpose421/large/cell_crops/tile_x768_y2304/cells
2026-07-22 01:50:56,574 - hybrid_pipeline - INFO - Tile tile_x768_y2304 完成: 核心擁有 33 細胞 (33 陽性), 2.42 秒
2026-07-22 01:50:56,605 - m3_module.m3_cells_generator - INFO - All-positive 標註完成: 99 個細胞
2026-07-22 01:50:56,661 - m3_module.m3_cells_generator - INFO - enlarge_cell_instances: 99 顆細胞, factor=1.50(面積), 中位半徑=30.1px, 外擴=6.8px
2026-07-22 01:50:57,028 - hybrid_pipeline - INFO - [369/441] 處理 tile: tile_x768_y3840
2026-07-22 01:50:57,064 - m3_module.m3_elastic_matching - INFO - elastic_dish_nucleus_matching(overlap-first): IHC=99, DISH=83, matched(1核)=68 (其中重疊=67), drop-out(競爭落敗)=19, 無候選(計入)=12, factor=1.50, min_reach=20.0
2026-07-22 01:50:58,581 - m3_module.m3_dot_detection - INFO - detect_all_dots: 紅點=88, 黑點=161, 涉及細胞=99
2026-07-22 01:50:58,817 - m3_module.m3_cells_generator - INFO - All-positive 標註完成: 44 個細胞
2026-07-22 01:50:58,870 - m3_module.m3_cells_generator - INFO - enlarge_cell_instances: 44 顆細胞, factor=1.50(面積), 中位半徑=25.4px, 外擴=5.7px
2026-07-22 01:50:58,908 - m4_module.cell_crops - INFO - 匯出 45 張 per-cell 影像至 docs/hybrid-pipeline/measurement/runs_cellpose421/large/cell_crops/tile_x768_y3072/cells
2026-07-22 01:50:58,908 - hybrid_pipeline - INFO - Tile tile_x768_y3072 完成: 核心擁有 45 細胞 (45 陽性), 3.38 秒
2026-07-22 01:50:59,233 - hybrid_pipeline - INFO - [370/441] 處理 tile: tile_x768_y4608
2026-07-22 01:50:59,265 - m3_module.m3_elastic_matching - INFO - elastic_dish_nucleus_matching(overlap-first): IHC=44, DISH=39, matched(1核)=31 (其中重疊=31), drop-out(競爭落敗)=3, 無候選(計入)=10, factor=1.50, min_reach=20.0
2026-07-22 01:50:59,960 - m3_module.m3_dot_detection - INFO - detect_all_dots: 紅點=41, 黑點=70, 涉及細胞=44
2026-07-22 01:51:00,141 - m4_module.cell_crops - INFO - 匯出 13 張 per-cell 影像至 docs/hybrid-pipeline/measurement/runs_cellpose421/large/cell_crops/tile_x768_y3840/cells
2026-07-22 01:51:00,141 - hybrid_pipeline - INFO - Tile tile_x768_y3840 完成: 核心擁有 13 細胞 (13 陽性), 3.11 秒
2026-07-22 01:51:00,206 - m3_module.m3_cells_generator - INFO - All-positive 標註完成: 27 個細胞
2026-07-22 01:51:00,252 - m3_module.m3_cells_generator - INFO - enlarge_cell_instances: 27 顆細胞, factor=1.50(面積), 中位半徑=30.1px, 外擴=6.8px
2026-07-22 01:51:00,606 - hybrid_pipeline - INFO - [371/441] 處理 tile: tile_x768_y5376
2026-07-22 01:51:00,637 - m3_module.m3_elastic_matching - INFO - elastic_dish_nucleus_matching(overlap-first): IHC=27, DISH=27, matched(1核)=17 (其中重疊=17), drop-out(競爭落敗)=1, 無候選(計入)=9, factor=1.50, min_reach=20.0
2026-07-22 01:51:01,006 - m3_module.m3_dot_detection - INFO - detect_all_dots: 紅點=27, 黑點=39, 涉及細胞=27
2026-07-22 01:51:01,191 - m4_module.cell_crops - INFO - 匯出 20 張 per-cell 影像至 docs/hybrid-pipeline/measurement/runs_cellpose421/large/cell_crops/tile_x768_y4608/cells
2026-07-22 01:51:01,191 - hybrid_pipeline - INFO - Tile tile_x768_y4608 完成: 核心擁有 20 細胞 (20 陽性), 1.96 秒
2026-07-22 01:51:01,232 - m3_module.m3_cells_generator - INFO - All-positive 標註完成: 46 個細胞
2026-07-22 01:51:01,275 - m3_module.m3_cells_generator - INFO - enlarge_cell_instances: 46 顆細胞, factor=1.50(面積), 中位半徑=28.3px, 外擴=6.4px
2026-07-22 01:51:01,633 - hybrid_pipeline - INFO - [372/441] 處理 tile: tile_x768_y6144
2026-07-22 01:51:01,664 - m3_module.m3_elastic_matching - INFO - elastic_dish_nucleus_matching(overlap-first): IHC=46, DISH=36, matched(1核)=28 (其中重疊=28), drop-out(競爭落敗)=8, 無候選(計入)=10, factor=1.50, min_reach=20.0
2026-07-22 01:51:02,189 - m3_module.m3_dot_detection - INFO - detect_all_dots: 紅點=29, 黑點=59, 涉及細胞=46
2026-07-22 01:51:02,390 - m4_module.cell_crops - INFO - 匯出 31 張 per-cell 影像至 docs/hybrid-pipeline/measurement/runs_cellpose421/large/cell_crops/tile_x768_y5376/cells
2026-07-22 01:51:02,390 - hybrid_pipeline - INFO - Tile tile_x768_y5376 完成: 核心擁有 31 細胞 (31 陽性), 1.78 秒
2026-07-22 01:51:02,440 - m3_module.m3_cells_generator - INFO - All-positive 標註完成: 43 個細胞
2026-07-22 01:51:02,486 - m3_module.m3_cells_generator - INFO - enlarge_cell_instances: 43 顆細胞, factor=1.50(面積), 中位半徑=30.1px, 外擴=6.8px
2026-07-22 01:51:02,848 - hybrid_pipeline - INFO - [373/441] 處理 tile: tile_x768_y6912
2026-07-22 01:51:02,880 - m3_module.m3_elastic_matching - INFO - elastic_dish_nucleus_matching(overlap-first): IHC=43, DISH=40, matched(1核)=32 (其中重疊=32), drop-out(競爭落敗)=2, 無候選(計入)=9, factor=1.50, min_reach=20.0
2026-07-22 01:51:03,559 - m3_module.m3_dot_detection - INFO - detect_all_dots: 紅點=38, 黑點=86, 涉及細胞=43
2026-07-22 01:51:03,764 - m4_module.cell_crops - INFO - 匯出 21 張 per-cell 影像至 docs/hybrid-pipeline/measurement/runs_cellpose421/large/cell_crops/tile_x768_y6144/cells
2026-07-22 01:51:03,764 - hybrid_pipeline - INFO - Tile tile_x768_y6144 完成: 核心擁有 21 細胞 (21 陽性), 2.13 秒
2026-07-22 01:51:03,806 - m3_module.m3_cells_generator - INFO - All-positive 標註完成: 37 個細胞
2026-07-22 01:51:03,855 - m3_module.m3_cells_generator - INFO - enlarge_cell_instances: 37 顆細胞, factor=1.50(面積), 中位半徑=22.2px, 外擴=5.0px
2026-07-22 01:51:04,216 - hybrid_pipeline - INFO - [374/441] 處理 tile: tile_x768_y768
2026-07-22 01:51:04,252 - m3_module.m3_elastic_matching - INFO - elastic_dish_nucleus_matching(overlap-first): IHC=37, DISH=41, matched(1核)=23 (其中重疊=23), drop-out(競爭落敗)=5, 無候選(計入)=9, factor=1.50, min_reach=20.0
2026-07-22 01:51:04,703 - m3_module.m3_dot_detection - INFO - detect_all_dots: 紅點=21, 黑點=51, 涉及細胞=37
2026-07-22 01:51:04,874 - m4_module.cell_crops - INFO - 匯出 7 張 per-cell 影像至 docs/hybrid-pipeline/measurement/runs_cellpose421/large/cell_crops/tile_x768_y6912/cells
2026-07-22 01:51:04,874 - hybrid_pipeline - INFO - Tile tile_x768_y6912 完成: 核心擁有 7 細胞 (7 陽性), 2.03 秒
2026-07-22 01:51:04,928 - m3_module.m3_cells_generator - INFO - All-positive 標註完成: 107 個細胞
2026-07-22 01:51:04,990 - m3_module.m3_cells_generator - INFO - enlarge_cell_instances: 107 顆細胞, factor=1.50(面積), 中位半徑=26.9px, 外擴=6.0px
2026-07-22 01:51:05,353 - hybrid_pipeline - INFO - [375/441] 處理 tile: tile_x768_y7680
2026-07-22 01:51:05,389 - m3_module.m3_elastic_matching - INFO - elastic_dish_nucleus_matching(overlap-first): IHC=107, DISH=74, matched(1核)=57 (其中重疊=57), drop-out(競爭落敗)=30, 無候選(計入)=20, factor=1.50, min_reach=20.0
2026-07-22 01:51:06,621 - m3_module.m3_dot_detection - INFO - detect_all_dots: 紅點=81, 黑點=148, 涉及細胞=107
2026-07-22 01:51:06,843 - m3_module.m3_cells_generator - INFO - All-positive 標註完成: 57 個細胞
2026-07-22 01:51:06,893 - m3_module.m3_cells_generator - INFO - enlarge_cell_instances: 57 顆細胞, factor=1.50(面積), 中位半徑=26.6px, 外擴=6.0px
2026-07-22 01:51:06,975 - m4_module.cell_crops - INFO - 匯出 65 張 per-cell 影像至 docs/hybrid-pipeline/measurement/runs_cellpose421/large/cell_crops/tile_x768_y768/cells
2026-07-22 01:51:06,975 - hybrid_pipeline - INFO - Tile tile_x768_y768 完成: 核心擁有 65 細胞 (65 陽性), 2.76 秒
2026-07-22 01:51:07,263 - hybrid_pipeline - INFO - [376/441] 處理 tile: tile_x768_y8448
2026-07-22 01:51:07,295 - m3_module.m3_elastic_matching - INFO - elastic_dish_nucleus_matching(overlap-first): IHC=57, DISH=39, matched(1核)=33 (其中重疊=33), drop-out(競爭落敗)=9, 無候選(計入)=15, factor=1.50, min_reach=20.0
2026-07-22 01:51:07,984 - m3_module.m3_dot_detection - INFO - detect_all_dots: 紅點=38, 黑點=71, 涉及細胞=57
2026-07-22 01:51:08,181 - m4_module.cell_crops - INFO - 匯出 28 張 per-cell 影像至 docs/hybrid-pipeline/measurement/runs_cellpose421/large/cell_crops/tile_x768_y7680/cells
2026-07-22 01:51:08,181 - hybrid_pipeline - INFO - Tile tile_x768_y7680 完成: 核心擁有 28 細胞 (28 陽性), 2.83 秒
2026-07-22 01:51:08,268 - m3_module.m3_cells_generator - INFO - All-positive 標註完成: 112 個細胞
2026-07-22 01:51:08,324 - m3_module.m3_cells_generator - INFO - enlarge_cell_instances: 112 顆細胞, factor=1.50(面積), 中位半徑=30.3px, 外擴=6.8px
2026-07-22 01:51:08,682 - hybrid_pipeline - INFO - [377/441] 處理 tile: tile_x768_y9216
2026-07-22 01:51:08,719 - m3_module.m3_elastic_matching - INFO - elastic_dish_nucleus_matching(overlap-first): IHC=112, DISH=85, matched(1核)=74 (其中重疊=74), drop-out(競爭落敗)=13, 無候選(計入)=25, factor=1.50, min_reach=20.0
2026-07-22 01:51:10,105 - m3_module.m3_dot_detection - INFO - detect_all_dots: 紅點=96, 黑點=143, 涉及細胞=112
2026-07-22 01:51:10,393 - m3_module.m3_cells_generator - INFO - All-positive 標註完成: 109 個細胞
2026-07-22 01:51:10,446 - m4_module.cell_crops - INFO - 匯出 74 張 per-cell 影像至 docs/hybrid-pipeline/measurement/runs_cellpose421/large/cell_crops/tile_x768_y8448/cells
2026-07-22 01:51:10,446 - hybrid_pipeline - INFO - Tile tile_x768_y8448 完成: 核心擁有 74 細胞 (74 陽性), 3.18 秒
2026-07-22 01:51:10,452 - m3_module.m3_cells_generator - INFO - enlarge_cell_instances: 109 顆細胞, factor=1.50(面積), 中位半徑=33.3px, 外擴=7.5px
2026-07-22 01:51:10,811 - hybrid_pipeline - INFO - [378/441] 處理 tile: tile_x768_y9984
2026-07-22 01:51:10,849 - m3_module.m3_elastic_matching - INFO - elastic_dish_nucleus_matching(overlap-first): IHC=109, DISH=82, matched(1核)=66 (其中重疊=66), drop-out(競爭落敗)=20, 無候選(計入)=23, factor=1.50, min_reach=20.0
2026-07-22 01:51:12,189 - m3_module.m3_dot_detection - INFO - detect_all_dots: 紅點=85, 黑點=141, 涉及細胞=109
2026-07-22 01:51:12,393 - m3_module.m3_cells_generator - INFO - All-positive 標註完成: 74 個細胞
2026-07-22 01:51:12,442 - m3_module.m3_cells_generator - INFO - enlarge_cell_instances: 74 顆細胞, factor=1.50(面積), 中位半徑=31.5px, 外擴=7.1px
2026-07-22 01:51:12,567 - m4_module.cell_crops - INFO - 匯出 62 張 per-cell 影像至 docs/hybrid-pipeline/measurement/runs_cellpose421/large/cell_crops/tile_x768_y9216/cells
2026-07-22 01:51:12,567 - hybrid_pipeline - INFO - Tile tile_x768_y9216 完成: 核心擁有 62 細胞 (62 陽性), 3.88 秒
2026-07-22 01:51:12,806 - hybrid_pipeline - INFO - [379/441] 處理 tile: tile_x8448_y0
2026-07-22 01:51:12,841 - m3_module.m3_elastic_matching - INFO - elastic_dish_nucleus_matching(overlap-first): IHC=74, DISH=58, matched(1核)=45 (其中重疊=45), drop-out(競爭落敗)=20, 無候選(計入)=9, factor=1.50, min_reach=20.0
2026-07-22 01:51:13,887 - m3_module.m3_dot_detection - INFO - detect_all_dots: 紅點=66, 黑點=96, 涉及細胞=74
2026-07-22 01:51:14,099 - m3_module.m3_cells_generator - INFO - All-positive 標註完成: 31 個細胞
2026-07-22 01:51:14,136 - m3_module.m3_cells_generator - INFO - enlarge_cell_instances: 31 顆細胞, factor=1.50(面積), 中位半徑=29.5px, 外擴=6.6px
2026-07-22 01:51:14,170 - m4_module.cell_crops - INFO - 匯出 41 張 per-cell 影像至 docs/hybrid-pipeline/measurement/runs_cellpose421/large/cell_crops/tile_x768_y9984/cells
2026-07-22 01:51:14,171 - hybrid_pipeline - INFO - Tile tile_x768_y9984 完成: 核心擁有 41 細胞 (41 陽性), 3.36 秒
2026-07-22 01:51:14,499 - hybrid_pipeline - INFO - [380/441] 處理 tile: tile_x8448_y10752
2026-07-22 01:51:14,530 - m3_module.m3_elastic_matching - INFO - elastic_dish_nucleus_matching(overlap-first): IHC=31, DISH=17, matched(1核)=13 (其中重疊=13), drop-out(競爭落敗)=7, 無候選(計入)=11, factor=1.50, min_reach=20.0
2026-07-22 01:51:14,777 - m3_module.m3_dot_detection - INFO - detect_all_dots: 紅點=14, 黑點=31, 涉及細胞=31
2026-07-22 01:51:14,921 - m4_module.cell_crops - INFO - 匯出 11 張 per-cell 影像至 docs/hybrid-pipeline/measurement/runs_cellpose421/large/cell_crops/tile_x8448_y0/cells
2026-07-22 01:51:14,921 - hybrid_pipeline - INFO - Tile tile_x8448_y0 完成: 核心擁有 11 細胞 (11 陽性), 2.11 秒
2026-07-22 01:51:14,987 - m3_module.m3_cells_generator - INFO - All-positive 標註完成: 114 個細胞
2026-07-22 01:51:15,042 - m3_module.m3_cells_generator - INFO - enlarge_cell_instances: 114 顆細胞, factor=1.50(面積), 中位半徑=23.2px, 外擴=5.2px
2026-07-22 01:51:15,402 - hybrid_pipeline - INFO - [381/441] 處理 tile: tile_x8448_y11520
2026-07-22 01:51:15,440 - m3_module.m3_elastic_matching - INFO - elastic_dish_nucleus_matching(overlap-first): IHC=114, DISH=91, matched(1核)=68 (其中重疊=68), drop-out(競爭落敗)=25, 無候選(計入)=21, factor=1.50, min_reach=20.0
2026-07-22 01:51:16,858 - m3_module.m3_dot_detection - INFO - detect_all_dots: 紅點=63, 黑點=162, 涉及細胞=114
2026-07-22 01:51:17,078 - m3_module.m3_cells_generator - INFO - All-positive 標註完成: 48 個細胞
2026-07-22 01:51:17,120 - m3_module.m3_cells_generator - INFO - enlarge_cell_instances: 48 顆細胞, factor=1.50(面積), 中位半徑=20.3px, 外擴=4.6px
2026-07-22 01:51:17,146 - m4_module.cell_crops - INFO - 匯出 72 張 per-cell 影像至 docs/hybrid-pipeline/measurement/runs_cellpose421/large/cell_crops/tile_x8448_y10752/cells
2026-07-22 01:51:17,146 - hybrid_pipeline - INFO - Tile tile_x8448_y10752 完成: 核心擁有 72 細胞 (72 陽性), 2.65 秒
2026-07-22 01:51:17,483 - hybrid_pipeline - INFO - [382/441] 處理 tile: tile_x8448_y12288
2026-07-22 01:51:17,515 - m3_module.m3_elastic_matching - INFO - elastic_dish_nucleus_matching(overlap-first): IHC=48, DISH=40, matched(1核)=33 (其中重疊=33), drop-out(競爭落敗)=6, 無候選(計入)=9, factor=1.50, min_reach=20.0
2026-07-22 01:51:18,207 - m3_module.m3_dot_detection - INFO - detect_all_dots: 紅點=34, 黑點=67, 涉及細胞=48
2026-07-22 01:51:18,355 - m4_module.cell_crops - INFO - 匯出 14 張 per-cell 影像至 docs/hybrid-pipeline/measurement/runs_cellpose421/large/cell_crops/tile_x8448_y11520/cells
2026-07-22 01:51:18,355 - hybrid_pipeline - INFO - Tile tile_x8448_y11520 完成: 核心擁有 14 細胞 (14 陽性), 2.95 秒
2026-07-22 01:51:18,437 - m3_module.m3_cells_generator - INFO - All-positive 標註完成: 22 個細胞
2026-07-22 01:51:18,473 - m3_module.m3_cells_generator - INFO - enlarge_cell_instances: 22 顆細胞, factor=1.50(面積), 中位半徑=24.5px, 外擴=5.5px
2026-07-22 01:51:18,834 - hybrid_pipeline - INFO - [383/441] 處理 tile: tile_x8448_y13056
2026-07-22 01:51:18,864 - m3_module.m3_elastic_matching - INFO - elastic_dish_nucleus_matching(overlap-first): IHC=22, DISH=19, matched(1核)=15 (其中重疊=15), drop-out(競爭落敗)=2, 無候選(計入)=5, factor=1.50, min_reach=20.0
2026-07-22 01:51:19,222 - m3_module.m3_dot_detection - INFO - detect_all_dots: 紅點=16, 黑點=30, 涉及細胞=22
2026-07-22 01:51:19,312 - m4_module.cell_crops - INFO - 匯出 7 張 per-cell 影像至 docs/hybrid-pipeline/measurement/runs_cellpose421/large/cell_crops/tile_x8448_y12288/cells
2026-07-22 01:51:19,312 - hybrid_pipeline - INFO - Tile tile_x8448_y12288 完成: 核心擁有 7 細胞 (7 陽性), 1.83 秒
2026-07-22 01:51:19,449 - m3_module.m3_cells_generator - INFO - All-positive 標註完成: 11 個細胞
2026-07-22 01:51:19,482 - m3_module.m3_cells_generator - INFO - enlarge_cell_instances: 11 顆細胞, factor=1.50(面積), 中位半徑=20.8px, 外擴=4.7px
2026-07-22 01:51:19,837 - hybrid_pipeline - INFO - [384/441] 處理 tile: tile_x8448_y13824
2026-07-22 01:51:19,867 - m3_module.m3_elastic_matching - INFO - elastic_dish_nucleus_matching(overlap-first): IHC=11, DISH=6, matched(1核)=6 (其中重疊=6), drop-out(競爭落敗)=1, 無候選(計入)=4, factor=1.50, min_reach=20.0
2026-07-22 01:51:20,022 - m3_module.m3_dot_detection - INFO - detect_all_dots: 紅點=6, 黑點=6, 涉及細胞=11
2026-07-22 01:51:20,094 - m4_module.cell_crops - INFO - 匯出 1 張 per-cell 影像至 docs/hybrid-pipeline/measurement/runs_cellpose421/large/cell_crops/tile_x8448_y13056/cells
2026-07-22 01:51:20,095 - hybrid_pipeline - INFO - Tile tile_x8448_y13056 完成: 核心擁有 1 細胞 (1 陽性), 1.26 秒
2026-07-22 01:51:20,230 - m3_module.m3_cells_generator - INFO - All-positive 標註完成: 6 個細胞
2026-07-22 01:51:20,262 - m3_module.m3_cells_generator - INFO - enlarge_cell_instances: 6 顆細胞, factor=1.50(面積), 中位半徑=23.3px, 外擴=5.2px
2026-07-22 01:51:20,612 - hybrid_pipeline - INFO - [385/441] 處理 tile: tile_x8448_y14592
2026-07-22 01:51:20,642 - m3_module.m3_elastic_matching - INFO - elastic_dish_nucleus_matching(overlap-first): IHC=6, DISH=5, matched(1核)=5 (其中重疊=5), drop-out(競爭落敗)=1, 無候選(計入)=0, factor=1.50, min_reach=20.0
2026-07-22 01:51:20,864 - m3_module.m3_dot_detection - INFO - detect_all_dots: 紅點=4, 黑點=4, 涉及細胞=6
2026-07-22 01:51:20,925 - m4_module.cell_crops - INFO - 匯出 0 張 per-cell 影像至 docs/hybrid-pipeline/measurement/runs_cellpose421/large/cell_crops/tile_x8448_y13824/cells
2026-07-22 01:51:20,926 - hybrid_pipeline - INFO - Tile tile_x8448_y13824 完成: 核心擁有 0 細胞 (0 陽性), 1.09 秒
2026-07-22 01:51:20,926 - hybrid_pipeline - INFO - [386/441] 處理 tile: tile_x8448_y1536
2026-07-22 01:51:20,950 - hybrid_pipeline - INFO - Tile tile_x8448_y14592: 核心遮罩全空 → 空白 placeholder
2026-07-22 01:51:21,288 - m3_module.m3_cells_generator - INFO - All-positive 標註完成: 8 個細胞
2026-07-22 01:51:21,322 - m3_module.m3_cells_generator - INFO - enlarge_cell_instances: 8 顆細胞, factor=1.50(面積), 中位半徑=33.2px, 外擴=7.5px
2026-07-22 01:51:21,676 - hybrid_pipeline - INFO - [387/441] 處理 tile: tile_x8448_y15360
2026-07-22 01:51:21,705 - m3_module.m3_elastic_matching - INFO - elastic_dish_nucleus_matching(overlap-first): IHC=8, DISH=9, matched(1核)=6 (其中重疊=6), drop-out(競爭落敗)=1, 無候選(計入)=1, factor=1.50, min_reach=20.0
2026-07-22 01:51:21,852 - m3_module.m3_dot_detection - INFO - detect_all_dots: 紅點=1, 黑點=9, 涉及細胞=8
2026-07-22 01:51:21,937 - m4_module.cell_crops - INFO - 匯出 1 張 per-cell 影像至 docs/hybrid-pipeline/measurement/runs_cellpose421/large/cell_crops/tile_x8448_y1536/cells
2026-07-22 01:51:21,938 - hybrid_pipeline - INFO - Tile tile_x8448_y1536 完成: 核心擁有 1 細胞 (1 陽性), 1.01 秒
2026-07-22 01:51:22,057 - m3_module.m3_cells_generator - INFO - All-positive 標註完成: 4 個細胞
2026-07-22 01:51:22,084 - m3_module.m3_cells_generator - INFO - enlarge_cell_instances: 4 顆細胞, factor=1.50(面積), 中位半徑=22.6px, 外擴=5.1px
2026-07-22 01:51:22,415 - hybrid_pipeline - INFO - [388/441] 處理 tile: tile_x8448_y2304
2026-07-22 01:51:22,444 - m3_module.m3_elastic_matching - INFO - elastic_dish_nucleus_matching(overlap-first): IHC=4, DISH=7, matched(1核)=4 (其中重疊=4), drop-out(競爭落敗)=0, 無候選(計入)=0, factor=1.50, min_reach=20.0
2026-07-22 01:51:22,564 - m3_module.m3_dot_detection - INFO - detect_all_dots: 紅點=2, 黑點=3, 涉及細胞=4
2026-07-22 01:51:22,631 - m4_module.cell_crops - INFO - 匯出 4 張 per-cell 影像至 docs/hybrid-pipeline/measurement/runs_cellpose421/large/cell_crops/tile_x8448_y15360/cells
2026-07-22 01:51:22,631 - hybrid_pipeline - INFO - Tile tile_x8448_y15360 完成: 核心擁有 4 細胞 (4 陽性), 0.95 秒
2026-07-22 01:51:22,774 - m3_module.m3_cells_generator - INFO - All-positive 標註完成: 14 個細胞
2026-07-22 01:51:22,803 - m3_module.m3_cells_generator - INFO - enlarge_cell_instances: 14 顆細胞, factor=1.50(面積), 中位半徑=22.0px, 外擴=4.9px
2026-07-22 01:51:23,146 - hybrid_pipeline - INFO - [389/441] 處理 tile: tile_x8448_y3072
2026-07-22 01:51:23,175 - m3_module.m3_elastic_matching - INFO - elastic_dish_nucleus_matching(overlap-first): IHC=14, DISH=3, matched(1核)=2 (其中重疊=2), drop-out(競爭落敗)=2, 無候選(計入)=10, factor=1.50, min_reach=20.0
2026-07-22 01:51:23,285 - m3_module.m3_dot_detection - INFO - detect_all_dots: 紅點=1, 黑點=3, 涉及細胞=14
2026-07-22 01:51:23,359 - m4_module.cell_crops - INFO - 匯出 1 張 per-cell 影像至 docs/hybrid-pipeline/measurement/runs_cellpose421/large/cell_crops/tile_x8448_y2304/cells
2026-07-22 01:51:23,359 - hybrid_pipeline - INFO - Tile tile_x8448_y2304 完成: 核心擁有 1 細胞 (1 陽性), 0.94 秒
2026-07-22 01:51:23,481 - m3_module.m3_cells_generator - INFO - All-positive 標註完成: 17 個細胞
2026-07-22 01:51:23,513 - m3_module.m3_cells_generator - INFO - enlarge_cell_instances: 17 顆細胞, factor=1.50(面積), 中位半徑=19.2px, 外擴=4.3px
2026-07-22 01:51:23,860 - hybrid_pipeline - INFO - [390/441] 處理 tile: tile_x8448_y3840
2026-07-22 01:51:23,889 - m3_module.m3_elastic_matching - INFO - elastic_dish_nucleus_matching(overlap-first): IHC=17, DISH=7, matched(1核)=4 (其中重疊=4), drop-out(競爭落敗)=3, 無候選(計入)=10, factor=1.50, min_reach=20.0
2026-07-22 01:51:24,016 - m3_module.m3_dot_detection - INFO - detect_all_dots: 紅點=0, 黑點=2, 涉及細胞=17
2026-07-22 01:51:24,104 - m4_module.cell_crops - INFO - 匯出 5 張 per-cell 影像至 docs/hybrid-pipeline/measurement/runs_cellpose421/large/cell_crops/tile_x8448_y3072/cells
2026-07-22 01:51:24,104 - hybrid_pipeline - INFO - Tile tile_x8448_y3072 完成: 核心擁有 5 細胞 (5 陽性), 0.96 秒
2026-07-22 01:51:24,251 - m3_module.m3_cells_generator - INFO - All-positive 標註完成: 51 個細胞
2026-07-22 01:51:24,298 - m3_module.m3_cells_generator - INFO - enlarge_cell_instances: 51 顆細胞, factor=1.50(面積), 中位半徑=24.5px, 外擴=5.5px
2026-07-22 01:51:24,655 - hybrid_pipeline - INFO - [391/441] 處理 tile: tile_x8448_y4608
2026-07-22 01:51:24,688 - m3_module.m3_elastic_matching - INFO - elastic_dish_nucleus_matching(overlap-first): IHC=51, DISH=37, matched(1核)=25 (其中重疊=25), drop-out(競爭落敗)=10, 無候選(計入)=16, factor=1.50, min_reach=20.0
2026-07-22 01:51:25,104 - m3_module.m3_dot_detection - INFO - detect_all_dots: 紅點=18, 黑點=34, 涉及細胞=51
2026-07-22 01:51:25,320 - m4_module.cell_crops - INFO - 匯出 24 張 per-cell 影像至 docs/hybrid-pipeline/measurement/runs_cellpose421/large/cell_crops/tile_x8448_y3840/cells
2026-07-22 01:51:25,321 - hybrid_pipeline - INFO - Tile tile_x8448_y3840 完成: 核心擁有 24 細胞 (24 陽性), 1.46 秒
2026-07-22 01:51:25,355 - m3_module.m3_cells_generator - INFO - All-positive 標註完成: 30 個細胞
2026-07-22 01:51:25,396 - m3_module.m3_cells_generator - INFO - enlarge_cell_instances: 30 顆細胞, factor=1.50(面積), 中位半徑=26.0px, 外擴=5.8px
2026-07-22 01:51:25,755 - hybrid_pipeline - INFO - [392/441] 處理 tile: tile_x8448_y5376
2026-07-22 01:51:25,785 - m3_module.m3_elastic_matching - INFO - elastic_dish_nucleus_matching(overlap-first): IHC=30, DISH=14, matched(1核)=11 (其中重疊=11), drop-out(競爭落敗)=5, 無候選(計入)=14, factor=1.50, min_reach=20.0
2026-07-22 01:51:25,995 - m3_module.m3_dot_detection - INFO - detect_all_dots: 紅點=9, 黑點=13, 涉及細胞=30
2026-07-22 01:51:26,130 - m4_module.cell_crops - INFO - 匯出 3 張 per-cell 影像至 docs/hybrid-pipeline/measurement/runs_cellpose421/large/cell_crops/tile_x8448_y4608/cells
2026-07-22 01:51:26,130 - hybrid_pipeline - INFO - Tile tile_x8448_y4608 完成: 核心擁有 3 細胞 (3 陽性), 1.48 秒
2026-07-22 01:51:26,188 - m3_module.m3_cells_generator - INFO - All-positive 標註完成: 56 個細胞
2026-07-22 01:51:26,238 - m3_module.m3_cells_generator - INFO - enlarge_cell_instances: 56 顆細胞, factor=1.50(面積), 中位半徑=26.9px, 外擴=6.1px
2026-07-22 01:51:26,594 - hybrid_pipeline - INFO - [393/441] 處理 tile: tile_x8448_y6144
2026-07-22 01:51:26,626 - m3_module.m3_elastic_matching - INFO - elastic_dish_nucleus_matching(overlap-first): IHC=56, DISH=41, matched(1核)=28 (其中重疊=27), drop-out(競爭落敗)=5, 無候選(計入)=23, factor=1.50, min_reach=20.0
2026-07-22 01:51:27,328 - m3_module.m3_dot_detection - INFO - detect_all_dots: 紅點=45, 黑點=86, 涉及細胞=56
2026-07-22 01:51:27,579 - m4_module.cell_crops - INFO - 匯出 31 張 per-cell 影像至 docs/hybrid-pipeline/measurement/runs_cellpose421/large/cell_crops/tile_x8448_y5376/cells
2026-07-22 01:51:27,579 - hybrid_pipeline - INFO - Tile tile_x8448_y5376 完成: 核心擁有 31 細胞 (31 陽性), 1.82 秒
2026-07-22 01:51:27,599 - m3_module.m3_cells_generator - INFO - All-positive 標註完成: 111 個細胞
2026-07-22 01:51:27,655 - m3_module.m3_cells_generator - INFO - enlarge_cell_instances: 111 顆細胞, factor=1.50(面積), 中位半徑=24.7px, 外擴=5.5px
2026-07-22 01:51:28,009 - hybrid_pipeline - INFO - [394/441] 處理 tile: tile_x8448_y6912
2026-07-22 01:51:28,044 - m3_module.m3_elastic_matching - INFO - elastic_dish_nucleus_matching(overlap-first): IHC=111, DISH=71, matched(1核)=54 (其中重疊=54), drop-out(競爭落敗)=17, 無候選(計入)=40, factor=1.50, min_reach=20.0
2026-07-22 01:51:29,227 - m3_module.m3_dot_detection - INFO - detect_all_dots: 紅點=65, 黑點=140, 涉及細胞=111
2026-07-22 01:51:29,551 - m3_module.m3_cells_generator - INFO - All-positive 標註完成: 156 個細胞
2026-07-22 01:51:29,571 - m4_module.cell_crops - INFO - 匯出 59 張 per-cell 影像至 docs/hybrid-pipeline/measurement/runs_cellpose421/large/cell_crops/tile_x8448_y6144/cells
2026-07-22 01:51:29,571 - hybrid_pipeline - INFO - Tile tile_x8448_y6144 完成: 核心擁有 59 細胞 (59 陽性), 2.98 秒
2026-07-22 01:51:29,616 - m3_module.m3_cells_generator - INFO - enlarge_cell_instances: 156 顆細胞, factor=1.50(面積), 中位半徑=24.7px, 外擴=5.5px
2026-07-22 01:51:29,978 - hybrid_pipeline - INFO - [395/441] 處理 tile: tile_x8448_y768
2026-07-22 01:51:30,017 - m3_module.m3_elastic_matching - INFO - elastic_dish_nucleus_matching(overlap-first): IHC=156, DISH=105, matched(1核)=83 (其中重疊=83), drop-out(競爭落敗)=37, 無候選(計入)=36, factor=1.50, min_reach=20.0
2026-07-22 01:51:31,935 - m3_module.m3_dot_detection - INFO - detect_all_dots: 紅點=105, 黑點=241, 涉及細胞=156
2026-07-22 01:51:32,083 - m3_module.m3_cells_generator - INFO - All-positive 標註完成: 22 個細胞
2026-07-22 01:51:32,120 - m3_module.m3_cells_generator - INFO - enlarge_cell_instances: 22 顆細胞, factor=1.50(面積), 中位半徑=27.7px, 外擴=6.2px
2026-07-22 01:51:32,491 - m4_module.cell_crops - INFO - 匯出 86 張 per-cell 影像至 docs/hybrid-pipeline/measurement/runs_cellpose421/large/cell_crops/tile_x8448_y6912/cells
2026-07-22 01:51:32,492 - hybrid_pipeline - INFO - Tile tile_x8448_y6912 完成: 核心擁有 86 細胞 (86 陽性), 4.48 秒
2026-07-22 01:51:32,492 - hybrid_pipeline - INFO - [396/441] 處理 tile: tile_x8448_y7680
2026-07-22 01:51:32,523 - m3_module.m3_elastic_matching - INFO - elastic_dish_nucleus_matching(overlap-first): IHC=22, DISH=15, matched(1核)=11 (其中重疊=10), drop-out(競爭落敗)=2, 無候選(計入)=9, factor=1.50, min_reach=20.0
2026-07-22 01:51:32,733 - m3_module.m3_dot_detection - INFO - detect_all_dots: 紅點=7, 黑點=11, 涉及細胞=22
2026-07-22 01:51:32,859 - m4_module.cell_crops - INFO - 匯出 1 張 per-cell 影像至 docs/hybrid-pipeline/measurement/runs_cellpose421/large/cell_crops/tile_x8448_y768/cells
2026-07-22 01:51:32,859 - hybrid_pipeline - INFO - Tile tile_x8448_y768 完成: 核心擁有 1 細胞 (1 陽性), 2.88 秒
2026-07-22 01:51:33,028 - m3_module.m3_cells_generator - INFO - All-positive 標註完成: 125 個細胞
2026-07-22 01:51:33,086 - m3_module.m3_cells_generator - INFO - enlarge_cell_instances: 125 顆細胞, factor=1.50(面積), 中位半徑=27.7px, 外擴=6.2px
2026-07-22 01:51:33,446 - hybrid_pipeline - INFO - [397/441] 處理 tile: tile_x8448_y8448
2026-07-22 01:51:33,480 - m3_module.m3_elastic_matching - INFO - elastic_dish_nucleus_matching(overlap-first): IHC=125, DISH=100, matched(1核)=76 (其中重疊=76), drop-out(競爭落敗)=27, 無候選(計入)=22, factor=1.50, min_reach=20.0
2026-07-22 01:51:35,211 - m3_module.m3_dot_detection - INFO - detect_all_dots: 紅點=97, 黑點=242, 涉及細胞=125
2026-07-22 01:51:35,473 - m3_module.m3_cells_generator - INFO - All-positive 標註完成: 84 個細胞
2026-07-22 01:51:35,529 - m3_module.m3_cells_generator - INFO - enlarge_cell_instances: 84 顆細胞, factor=1.50(面積), 中位半徑=28.2px, 外擴=6.3px
2026-07-22 01:51:35,654 - m4_module.cell_crops - INFO - 匯出 64 張 per-cell 影像至 docs/hybrid-pipeline/measurement/runs_cellpose421/large/cell_crops/tile_x8448_y7680/cells
2026-07-22 01:51:35,654 - hybrid_pipeline - INFO - Tile tile_x8448_y7680 完成: 核心擁有 64 細胞 (64 陽性), 3.16 秒
2026-07-22 01:51:35,889 - hybrid_pipeline - INFO - [398/441] 處理 tile: tile_x8448_y9216
2026-07-22 01:51:35,924 - m3_module.m3_elastic_matching - INFO - elastic_dish_nucleus_matching(overlap-first): IHC=84, DISH=69, matched(1核)=52 (其中重疊=52), drop-out(競爭落敗)=12, 無候選(計入)=20, factor=1.50, min_reach=20.0
2026-07-22 01:51:37,042 - m3_module.m3_dot_detection - INFO - detect_all_dots: 紅點=52, 黑點=139, 涉及細胞=84
2026-07-22 01:51:37,269 - m3_module.m3_cells_generator - INFO - All-positive 標註完成: 24 個細胞
2026-07-22 01:51:37,313 - m3_module.m3_cells_generator - INFO - enlarge_cell_instances: 24 顆細胞, factor=1.50(面積), 中位半徑=25.5px, 外擴=5.7px
2026-07-22 01:51:37,388 - m4_module.cell_crops - INFO - 匯出 46 張 per-cell 影像至 docs/hybrid-pipeline/measurement/runs_cellpose421/large/cell_crops/tile_x8448_y8448/cells
2026-07-22 01:51:37,388 - hybrid_pipeline - INFO - Tile tile_x8448_y8448 完成: 核心擁有 46 細胞 (46 陽性), 3.94 秒
2026-07-22 01:51:37,670 - hybrid_pipeline - INFO - [399/441] 處理 tile: tile_x8448_y9984
2026-07-22 01:51:37,700 - m3_module.m3_elastic_matching - INFO - elastic_dish_nucleus_matching(overlap-first): IHC=24, DISH=19, matched(1核)=13 (其中重疊=13), drop-out(競爭落敗)=3, 無候選(計入)=8, factor=1.50, min_reach=20.0
2026-07-22 01:51:37,922 - m3_module.m3_dot_detection - INFO - detect_all_dots: 紅點=9, 黑點=21, 涉及細胞=24
2026-07-22 01:51:38,080 - m4_module.cell_crops - INFO - 匯出 6 張 per-cell 影像至 docs/hybrid-pipeline/measurement/runs_cellpose421/large/cell_crops/tile_x8448_y9216/cells
2026-07-22 01:51:38,080 - hybrid_pipeline - INFO - Tile tile_x8448_y9216 完成: 核心擁有 6 細胞 (6 陽性), 2.19 秒
2026-07-22 01:51:38,182 - m3_module.m3_cells_generator - INFO - All-positive 標註完成: 91 個細胞
2026-07-22 01:51:38,233 - m3_module.m3_cells_generator - INFO - enlarge_cell_instances: 91 顆細胞, factor=1.50(面積), 中位半徑=24.3px, 外擴=5.5px
2026-07-22 01:51:38,588 - hybrid_pipeline - INFO - [400/441] 處理 tile: tile_x9216_y0
2026-07-22 01:51:38,626 - m3_module.m3_elastic_matching - INFO - elastic_dish_nucleus_matching(overlap-first): IHC=91, DISH=63, matched(1核)=45 (其中重疊=45), drop-out(競爭落敗)=20, 無候選(計入)=26, factor=1.50, min_reach=20.0
2026-07-22 01:51:39,442 - m3_module.m3_dot_detection - INFO - detect_all_dots: 紅點=29, 黑點=88, 涉及細胞=91
2026-07-22 01:51:39,674 - m3_module.m3_cells_generator - INFO - All-positive 標註完成: 5 個細胞
2026-07-22 01:51:39,708 - m3_module.m3_cells_generator - INFO - enlarge_cell_instances: 5 顆細胞, factor=1.50(面積), 中位半徑=38.4px, 外擴=8.6px
2026-07-22 01:51:39,763 - m4_module.cell_crops - INFO - 匯出 58 張 per-cell 影像至 docs/hybrid-pipeline/measurement/runs_cellpose421/large/cell_crops/tile_x8448_y9984/cells
2026-07-22 01:51:39,763 - hybrid_pipeline - INFO - Tile tile_x8448_y9984 完成: 核心擁有 58 細胞 (58 陽性), 2.09 秒
2026-07-22 01:51:40,067 - hybrid_pipeline - INFO - [401/441] 處理 tile: tile_x9216_y10752
2026-07-22 01:51:40,096 - m3_module.m3_elastic_matching - INFO - elastic_dish_nucleus_matching(overlap-first): IHC=5, DISH=5, matched(1核)=4 (其中重疊=3), drop-out(競爭落敗)=1, 無候選(計入)=0, factor=1.50, min_reach=20.0
2026-07-22 01:51:40,234 - m3_module.m3_dot_detection - INFO - detect_all_dots: 紅點=4, 黑點=10, 涉及細胞=5
2026-07-22 01:51:40,303 - m4_module.cell_crops - INFO - 匯出 2 張 per-cell 影像至 docs/hybrid-pipeline/measurement/runs_cellpose421/large/cell_crops/tile_x9216_y0/cells
2026-07-22 01:51:40,303 - hybrid_pipeline - INFO - Tile tile_x9216_y0 完成: 核心擁有 2 細胞 (2 陽性), 1.72 秒
2026-07-22 01:51:40,495 - m3_module.m3_cells_generator - INFO - All-positive 標註完成: 94 個細胞
2026-07-22 01:51:40,549 - m3_module.m3_cells_generator - INFO - enlarge_cell_instances: 94 顆細胞, factor=1.50(面積), 中位半徑=24.6px, 外擴=5.5px
2026-07-22 01:51:40,908 - hybrid_pipeline - INFO - [402/441] 處理 tile: tile_x9216_y11520
2026-07-22 01:51:40,944 - m3_module.m3_elastic_matching - INFO - elastic_dish_nucleus_matching(overlap-first): IHC=94, DISH=87, matched(1核)=57 (其中重疊=57), drop-out(競爭落敗)=12, 無候選(計入)=25, factor=1.50, min_reach=20.0
2026-07-22 01:51:42,195 - m3_module.m3_dot_detection - INFO - detect_all_dots: 紅點=69, 黑點=149, 涉及細胞=94
2026-07-22 01:51:42,385 - m3_module.m3_cells_generator - INFO - All-positive 標註完成: 79 個細胞
2026-07-22 01:51:42,438 - m3_module.m3_cells_generator - INFO - enlarge_cell_instances: 79 顆細胞, factor=1.50(面積), 中位半徑=22.4px, 外擴=5.0px
2026-07-22 01:51:42,552 - m4_module.cell_crops - INFO - 匯出 45 張 per-cell 影像至 docs/hybrid-pipeline/measurement/runs_cellpose421/large/cell_crops/tile_x9216_y10752/cells
2026-07-22 01:51:42,552 - hybrid_pipeline - INFO - Tile tile_x9216_y10752 完成: 核心擁有 45 細胞 (45 陽性), 2.48 秒
2026-07-22 01:51:42,800 - hybrid_pipeline - INFO - [403/441] 處理 tile: tile_x9216_y12288
2026-07-22 01:51:42,834 - m3_module.m3_elastic_matching - INFO - elastic_dish_nucleus_matching(overlap-first): IHC=79, DISH=88, matched(1核)=60 (其中重疊=59), drop-out(競爭落敗)=6, 無候選(計入)=13, factor=1.50, min_reach=20.0
2026-07-22 01:51:44,034 - m3_module.m3_dot_detection - INFO - detect_all_dots: 紅點=74, 黑點=135, 涉及細胞=79
2026-07-22 01:51:44,245 - m3_module.m3_cells_generator - INFO - All-positive 標註完成: 19 個細胞
2026-07-22 01:51:44,277 - m3_module.m3_cells_generator - INFO - enlarge_cell_instances: 19 顆細胞, factor=1.50(面積), 中位半徑=24.5px, 外擴=5.5px
2026-07-22 01:51:44,303 - m4_module.cell_crops - INFO - 匯出 42 張 per-cell 影像至 docs/hybrid-pipeline/measurement/runs_cellpose421/large/cell_crops/tile_x9216_y11520/cells
2026-07-22 01:51:44,303 - hybrid_pipeline - INFO - Tile tile_x9216_y11520 完成: 核心擁有 42 細胞 (42 陽性), 3.39 秒
2026-07-22 01:51:44,635 - hybrid_pipeline - INFO - [404/441] 處理 tile: tile_x9216_y13056
2026-07-22 01:51:44,666 - m3_module.m3_elastic_matching - INFO - elastic_dish_nucleus_matching(overlap-first): IHC=19, DISH=21, matched(1核)=16 (其中重疊=15), drop-out(競爭落敗)=2, 無候選(計入)=1, factor=1.50, min_reach=20.0
2026-07-22 01:51:45,028 - m3_module.m3_dot_detection - INFO - detect_all_dots: 紅點=16, 黑點=31, 涉及細胞=19
2026-07-22 01:51:45,122 - m4_module.cell_crops - INFO - 匯出 5 張 per-cell 影像至 docs/hybrid-pipeline/measurement/runs_cellpose421/large/cell_crops/tile_x9216_y12288/cells
2026-07-22 01:51:45,122 - hybrid_pipeline - INFO - Tile tile_x9216_y12288 完成: 核心擁有 5 細胞 (5 陽性), 2.32 秒
2026-07-22 01:51:45,250 - m3_module.m3_cells_generator - INFO - All-positive 標註完成: 12 個細胞
2026-07-22 01:51:45,284 - m3_module.m3_cells_generator - INFO - enlarge_cell_instances: 12 顆細胞, factor=1.50(面積), 中位半徑=23.2px, 外擴=5.2px
2026-07-22 01:51:45,659 - hybrid_pipeline - INFO - [405/441] 處理 tile: tile_x9216_y13824
2026-07-22 01:51:45,689 - m3_module.m3_elastic_matching - INFO - elastic_dish_nucleus_matching(overlap-first): IHC=12, DISH=6, matched(1核)=6 (其中重疊=6), drop-out(競爭落敗)=1, 無候選(計入)=5, factor=1.50, min_reach=20.0
2026-07-22 01:51:45,839 - m3_module.m3_dot_detection - INFO - detect_all_dots: 紅點=6, 黑點=6, 涉及細胞=12
2026-07-22 01:51:45,923 - m4_module.cell_crops - INFO - 匯出 8 張 per-cell 影像至 docs/hybrid-pipeline/measurement/runs_cellpose421/large/cell_crops/tile_x9216_y13056/cells
2026-07-22 01:51:45,923 - hybrid_pipeline - INFO - Tile tile_x9216_y13056 完成: 核心擁有 8 細胞 (8 陽性), 1.29 秒
2026-07-22 01:51:46,038 - m3_module.m3_cells_generator - INFO - All-positive 標註完成: 7 個細胞
2026-07-22 01:51:46,065 - m3_module.m3_cells_generator - INFO - enlarge_cell_instances: 7 顆細胞, factor=1.50(面積), 中位半徑=23.9px, 外擴=5.4px
2026-07-22 01:51:46,413 - hybrid_pipeline - INFO - [406/441] 處理 tile: tile_x9216_y14592
2026-07-22 01:51:46,443 - m3_module.m3_elastic_matching - INFO - elastic_dish_nucleus_matching(overlap-first): IHC=7, DISH=5, matched(1核)=5 (其中重疊=5), drop-out(競爭落敗)=1, 無候選(計入)=1, factor=1.50, min_reach=20.0
2026-07-22 01:51:46,652 - m3_module.m3_dot_detection - INFO - detect_all_dots: 紅點=4, 黑點=4, 涉及細胞=7
2026-07-22 01:51:46,715 - m4_module.cell_crops - INFO - 匯出 3 張 per-cell 影像至 docs/hybrid-pipeline/measurement/runs_cellpose421/large/cell_crops/tile_x9216_y13824/cells
2026-07-22 01:51:46,715 - hybrid_pipeline - INFO - Tile tile_x9216_y13824 完成: 核心擁有 3 細胞 (3 陽性), 1.05 秒
2026-07-22 01:51:46,715 - hybrid_pipeline - INFO - [407/441] 處理 tile: tile_x9216_y1536
2026-07-22 01:51:46,739 - hybrid_pipeline - INFO - Tile tile_x9216_y14592: 核心遮罩全空 → 空白 placeholder
2026-07-22 01:51:47,078 - m3_module.m3_cells_generator - INFO - All-positive 標註完成: 54 個細胞
2026-07-22 01:51:47,123 - m3_module.m3_cells_generator - INFO - enlarge_cell_instances: 54 顆細胞, factor=1.50(面積), 中位半徑=25.9px, 外擴=5.8px
2026-07-22 01:51:47,474 - hybrid_pipeline - INFO - [408/441] 處理 tile: tile_x9216_y15360
2026-07-22 01:51:47,510 - m3_module.m3_elastic_matching - INFO - elastic_dish_nucleus_matching(overlap-first): IHC=54, DISH=30, matched(1核)=26 (其中重疊=26), drop-out(競爭落敗)=16, 無候選(計入)=12, factor=1.50, min_reach=20.0
2026-07-22 01:51:48,063 - m3_module.m3_dot_detection - INFO - detect_all_dots: 紅點=32, 黑點=61, 涉及細胞=54
2026-07-22 01:51:48,188 - m3_module.m3_cells_generator - INFO - All-positive 標註完成: 13 個細胞
2026-07-22 01:51:48,228 - m3_module.m3_cells_generator - INFO - enlarge_cell_instances: 13 顆細胞, factor=1.50(面積), 中位半徑=22.7px, 外擴=5.1px
2026-07-22 01:51:48,255 - m4_module.cell_crops - INFO - 匯出 28 張 per-cell 影像至 docs/hybrid-pipeline/measurement/runs_cellpose421/large/cell_crops/tile_x9216_y1536/cells
2026-07-22 01:51:48,255 - hybrid_pipeline - INFO - Tile tile_x9216_y1536 完成: 核心擁有 28 細胞 (28 陽性), 1.54 秒
2026-07-22 01:51:48,578 - hybrid_pipeline - INFO - [409/441] 處理 tile: tile_x9216_y2304
2026-07-22 01:51:48,607 - m3_module.m3_elastic_matching - INFO - elastic_dish_nucleus_matching(overlap-first): IHC=13, DISH=14, matched(1核)=10 (其中重疊=10), drop-out(競爭落敗)=1, 無候選(計入)=2, factor=1.50, min_reach=20.0
2026-07-22 01:51:48,780 - m3_module.m3_dot_detection - INFO - detect_all_dots: 紅點=9, 黑點=14, 涉及細胞=13
2026-07-22 01:51:48,867 - m4_module.cell_crops - INFO - 匯出 3 張 per-cell 影像至 docs/hybrid-pipeline/measurement/runs_cellpose421/large/cell_crops/tile_x9216_y15360/cells
2026-07-22 01:51:48,867 - hybrid_pipeline - INFO - Tile tile_x9216_y15360 完成: 核心擁有 3 細胞 (3 陽性), 1.39 秒
2026-07-22 01:51:49,017 - m3_module.m3_cells_generator - INFO - All-positive 標註完成: 56 個細胞
2026-07-22 01:51:49,066 - m3_module.m3_cells_generator - INFO - enlarge_cell_instances: 56 顆細胞, factor=1.50(面積), 中位半徑=24.6px, 外擴=5.5px
2026-07-22 01:51:49,426 - hybrid_pipeline - INFO - [410/441] 處理 tile: tile_x9216_y3072
2026-07-22 01:51:49,458 - m3_module.m3_elastic_matching - INFO - elastic_dish_nucleus_matching(overlap-first): IHC=56, DISH=28, matched(1核)=22 (其中重疊=22), drop-out(競爭落敗)=14, 無候選(計入)=20, factor=1.50, min_reach=20.0
2026-07-22 01:51:50,032 - m3_module.m3_dot_detection - INFO - detect_all_dots: 紅點=29, 黑點=68, 涉及細胞=56
2026-07-22 01:51:50,215 - m3_module.m3_cells_generator - INFO - All-positive 標註完成: 59 個細胞
2026-07-22 01:51:50,225 - m4_module.cell_crops - INFO - 匯出 26 張 per-cell 影像至 docs/hybrid-pipeline/measurement/runs_cellpose421/large/cell_crops/tile_x9216_y2304/cells
2026-07-22 01:51:50,225 - hybrid_pipeline - INFO - Tile tile_x9216_y2304 完成: 核心擁有 26 細胞 (26 陽性), 1.65 秒
2026-07-22 01:51:50,260 - m3_module.m3_cells_generator - INFO - enlarge_cell_instances: 59 顆細胞, factor=1.50(面積), 中位半徑=21.2px, 外擴=4.8px
2026-07-22 01:51:50,623 - hybrid_pipeline - INFO - [411/441] 處理 tile: tile_x9216_y3840
2026-07-22 01:51:50,656 - m3_module.m3_elastic_matching - INFO - elastic_dish_nucleus_matching(overlap-first): IHC=59, DISH=40, matched(1核)=32 (其中重疊=32), drop-out(競爭落敗)=18, 無候選(計入)=9, factor=1.50, min_reach=20.0
2026-07-22 01:51:51,285 - m3_module.m3_dot_detection - INFO - detect_all_dots: 紅點=30, 黑點=81, 涉及細胞=59
2026-07-22 01:51:51,512 - m4_module.cell_crops - INFO - 匯出 25 張 per-cell 影像至 docs/hybrid-pipeline/measurement/runs_cellpose421/large/cell_crops/tile_x9216_y3072/cells
2026-07-22 01:51:51,512 - hybrid_pipeline - INFO - Tile tile_x9216_y3072 完成: 核心擁有 25 細胞 (25 陽性), 2.09 秒
2026-07-22 01:51:51,534 - m3_module.m3_cells_generator - INFO - All-positive 標註完成: 92 個細胞
2026-07-22 01:51:51,585 - m3_module.m3_cells_generator - INFO - enlarge_cell_instances: 92 顆細胞, factor=1.50(面積), 中位半徑=26.0px, 外擴=5.8px
2026-07-22 01:51:51,948 - hybrid_pipeline - INFO - [412/441] 處理 tile: tile_x9216_y4608
2026-07-22 01:51:51,982 - m3_module.m3_elastic_matching - INFO - elastic_dish_nucleus_matching(overlap-first): IHC=92, DISH=57, matched(1核)=48 (其中重疊=48), drop-out(競爭落敗)=18, 無候選(計入)=26, factor=1.50, min_reach=20.0
2026-07-22 01:51:52,974 - m3_module.m3_dot_detection - INFO - detect_all_dots: 紅點=45, 黑點=114, 涉及細胞=92
2026-07-22 01:51:53,131 - m3_module.m3_cells_generator - INFO - All-positive 標註完成: 87 個細胞
2026-07-22 01:51:53,187 - m3_module.m3_cells_generator - INFO - enlarge_cell_instances: 87 顆細胞, factor=1.50(面積), 中位半徑=30.0px, 外擴=6.7px
2026-07-22 01:51:53,266 - m4_module.cell_crops - INFO - 匯出 43 張 per-cell 影像至 docs/hybrid-pipeline/measurement/runs_cellpose421/large/cell_crops/tile_x9216_y3840/cells
2026-07-22 01:51:53,266 - hybrid_pipeline - INFO - Tile tile_x9216_y3840 完成: 核心擁有 43 細胞 (43 陽性), 2.64 秒
2026-07-22 01:51:53,556 - hybrid_pipeline - INFO - [413/441] 處理 tile: tile_x9216_y5376
2026-07-22 01:51:53,596 - m3_module.m3_elastic_matching - INFO - elastic_dish_nucleus_matching(overlap-first): IHC=87, DISH=52, matched(1核)=43 (其中重疊=43), drop-out(競爭落敗)=16, 無候選(計入)=28, factor=1.50, min_reach=20.0
2026-07-22 01:51:54,458 - m3_module.m3_dot_detection - INFO - detect_all_dots: 紅點=41, 黑點=89, 涉及細胞=87
2026-07-22 01:51:54,719 - m3_module.m3_cells_generator - INFO - All-positive 標註完成: 96 個細胞
2026-07-22 01:51:54,775 - m3_module.m3_cells_generator - INFO - enlarge_cell_instances: 96 顆細胞, factor=1.50(面積), 中位半徑=29.9px, 外擴=6.7px
2026-07-22 01:51:54,785 - m4_module.cell_crops - INFO - 匯出 48 張 per-cell 影像至 docs/hybrid-pipeline/measurement/runs_cellpose421/large/cell_crops/tile_x9216_y4608/cells
2026-07-22 01:51:54,785 - hybrid_pipeline - INFO - Tile tile_x9216_y4608 完成: 核心擁有 48 細胞 (48 陽性), 2.84 秒
2026-07-22 01:51:55,142 - hybrid_pipeline - INFO - [414/441] 處理 tile: tile_x9216_y6144
2026-07-22 01:51:55,176 - m3_module.m3_elastic_matching - INFO - elastic_dish_nucleus_matching(overlap-first): IHC=96, DISH=58, matched(1核)=46 (其中重疊=46), drop-out(競爭落敗)=18, 無候選(計入)=32, factor=1.50, min_reach=20.0
2026-07-22 01:51:56,041 - m3_module.m3_dot_detection - INFO - detect_all_dots: 紅點=41, 黑點=106, 涉及細胞=96
2026-07-22 01:51:56,244 - m3_module.m3_cells_generator - INFO - All-positive 標註完成: 107 個細胞
2026-07-22 01:51:56,301 - m3_module.m3_cells_generator - INFO - enlarge_cell_instances: 107 顆細胞, factor=1.50(面積), 中位半徑=26.3px, 外擴=5.9px
2026-07-22 01:51:56,389 - m4_module.cell_crops - INFO - 匯出 60 張 per-cell 影像至 docs/hybrid-pipeline/measurement/runs_cellpose421/large/cell_crops/tile_x9216_y5376/cells
2026-07-22 01:51:56,389 - hybrid_pipeline - INFO - Tile tile_x9216_y5376 完成: 核心擁有 60 細胞 (60 陽性), 2.83 秒
2026-07-22 01:51:56,661 - hybrid_pipeline - INFO - [415/441] 處理 tile: tile_x9216_y6912
2026-07-22 01:51:56,696 - m3_module.m3_elastic_matching - INFO - elastic_dish_nucleus_matching(overlap-first): IHC=107, DISH=76, matched(1核)=54 (其中重疊=53), drop-out(競爭落敗)=20, 無候選(計入)=33, factor=1.50, min_reach=20.0
2026-07-22 01:51:57,790 - m3_module.m3_dot_detection - INFO - detect_all_dots: 紅點=52, 黑點=121, 涉及細胞=107
2026-07-22 01:51:58,043 - m3_module.m3_cells_generator - INFO - All-positive 標註完成: 57 個細胞
2026-07-22 01:51:58,095 - m3_module.m3_cells_generator - INFO - enlarge_cell_instances: 57 顆細胞, factor=1.50(面積), 中位半徑=24.1px, 外擴=5.4px
2026-07-22 01:51:58,144 - m4_module.cell_crops - INFO - 匯出 65 張 per-cell 影像至 docs/hybrid-pipeline/measurement/runs_cellpose421/large/cell_crops/tile_x9216_y6144/cells
2026-07-22 01:51:58,144 - hybrid_pipeline - INFO - Tile tile_x9216_y6144 完成: 核心擁有 65 細胞 (65 陽性), 3.00 秒
2026-07-22 01:51:58,458 - hybrid_pipeline - INFO - [416/441] 處理 tile: tile_x9216_y768
2026-07-22 01:51:58,493 - m3_module.m3_elastic_matching - INFO - elastic_dish_nucleus_matching(overlap-first): IHC=57, DISH=49, matched(1核)=31 (其中重疊=31), drop-out(競爭落敗)=12, 無候選(計入)=14, factor=1.50, min_reach=20.0
2026-07-22 01:51:59,302 - m3_module.m3_dot_detection - INFO - detect_all_dots: 紅點=47, 黑點=85, 涉及細胞=57
2026-07-22 01:51:59,529 - m3_module.m3_cells_generator - INFO - All-positive 標註完成: 28 個細胞
2026-07-22 01:51:59,543 - m4_module.cell_crops - INFO - 匯出 21 張 per-cell 影像至 docs/hybrid-pipeline/measurement/runs_cellpose421/large/cell_crops/tile_x9216_y6912/cells
2026-07-22 01:51:59,543 - hybrid_pipeline - INFO - Tile tile_x9216_y6912 完成: 核心擁有 21 細胞 (21 陽性), 2.88 秒
2026-07-22 01:51:59,565 - m3_module.m3_cells_generator - INFO - enlarge_cell_instances: 28 顆細胞, factor=1.50(面積), 中位半徑=24.6px, 外擴=5.5px
2026-07-22 01:51:59,913 - hybrid_pipeline - INFO - [417/441] 處理 tile: tile_x9216_y7680
2026-07-22 01:51:59,943 - m3_module.m3_elastic_matching - INFO - elastic_dish_nucleus_matching(overlap-first): IHC=28, DISH=20, matched(1核)=15 (其中重疊=15), drop-out(競爭落敗)=7, 無候選(計入)=6, factor=1.50, min_reach=20.0
2026-07-22 01:52:00,258 - m3_module.m3_dot_detection - INFO - detect_all_dots: 紅點=18, 黑點=32, 涉及細胞=28
2026-07-22 01:52:00,401 - m4_module.cell_crops - INFO - 匯出 9 張 per-cell 影像至 docs/hybrid-pipeline/measurement/runs_cellpose421/large/cell_crops/tile_x9216_y768/cells
2026-07-22 01:52:00,401 - hybrid_pipeline - INFO - Tile tile_x9216_y768 完成: 核心擁有 9 細胞 (9 陽性), 1.94 秒
2026-07-22 01:52:00,511 - m3_module.m3_cells_generator - INFO - All-positive 標註完成: 47 個細胞
2026-07-22 01:52:00,553 - m3_module.m3_cells_generator - INFO - enlarge_cell_instances: 47 顆細胞, factor=1.50(面積), 中位半徑=23.7px, 外擴=5.3px
2026-07-22 01:52:00,906 - hybrid_pipeline - INFO - [418/441] 處理 tile: tile_x9216_y8448
2026-07-22 01:52:00,940 - m3_module.m3_elastic_matching - INFO - elastic_dish_nucleus_matching(overlap-first): IHC=47, DISH=36, matched(1核)=23 (其中重疊=23), drop-out(競爭落敗)=6, 無候選(計入)=18, factor=1.50, min_reach=20.0
2026-07-22 01:52:01,482 - m3_module.m3_dot_detection - INFO - detect_all_dots: 紅點=32, 黑點=70, 涉及細胞=47
2026-07-22 01:52:01,666 - m4_module.cell_crops - INFO - 匯出 17 張 per-cell 影像至 docs/hybrid-pipeline/measurement/runs_cellpose421/large/cell_crops/tile_x9216_y7680/cells
2026-07-22 01:52:01,666 - hybrid_pipeline - INFO - Tile tile_x9216_y7680 完成: 核心擁有 17 細胞 (17 陽性), 1.75 秒
2026-07-22 01:52:01,763 - m3_module.m3_cells_generator - INFO - All-positive 標註完成: 97 個細胞
2026-07-22 01:52:01,821 - m3_module.m3_cells_generator - INFO - enlarge_cell_instances: 97 顆細胞, factor=1.50(面積), 中位半徑=26.9px, 外擴=6.0px
2026-07-22 01:52:02,179 - hybrid_pipeline - INFO - [419/441] 處理 tile: tile_x9216_y9216
2026-07-22 01:52:02,214 - m3_module.m3_elastic_matching - INFO - elastic_dish_nucleus_matching(overlap-first): IHC=97, DISH=88, matched(1核)=59 (其中重疊=59), drop-out(競爭落敗)=16, 無候選(計入)=22, factor=1.50, min_reach=20.0
2026-07-22 01:52:03,619 - m3_module.m3_dot_detection - INFO - detect_all_dots: 紅點=68, 黑點=165, 涉及細胞=97
2026-07-22 01:52:03,870 - m3_module.m3_cells_generator - INFO - All-positive 標註完成: 69 個細胞
2026-07-22 01:52:03,922 - m3_module.m3_cells_generator - INFO - enlarge_cell_instances: 69 顆細胞, factor=1.50(面積), 中位半徑=27.9px, 外擴=6.3px
2026-07-22 01:52:03,978 - m4_module.cell_crops - INFO - 匯出 58 張 per-cell 影像至 docs/hybrid-pipeline/measurement/runs_cellpose421/large/cell_crops/tile_x9216_y8448/cells
2026-07-22 01:52:03,979 - hybrid_pipeline - INFO - Tile tile_x9216_y8448 完成: 核心擁有 58 細胞 (58 陽性), 3.07 秒
2026-07-22 01:52:04,279 - hybrid_pipeline - INFO - [420/441] 處理 tile: tile_x9216_y9984
2026-07-22 01:52:04,312 - m3_module.m3_elastic_matching - INFO - elastic_dish_nucleus_matching(overlap-first): IHC=69, DISH=54, matched(1核)=43 (其中重疊=43), drop-out(競爭落敗)=12, 無候選(計入)=14, factor=1.50, min_reach=20.0
2026-07-22 01:52:05,202 - m3_module.m3_dot_detection - INFO - detect_all_dots: 紅點=43, 黑點=113, 涉及細胞=69
2026-07-22 01:52:05,460 - m3_module.m3_cells_generator - INFO - All-positive 標註完成: 68 個細胞
2026-07-22 01:52:05,512 - m4_module.cell_crops - INFO - 匯出 34 張 per-cell 影像至 docs/hybrid-pipeline/measurement/runs_cellpose421/large/cell_crops/tile_x9216_y9216/cells
2026-07-22 01:52:05,512 - hybrid_pipeline - INFO - Tile tile_x9216_y9216 完成: 核心擁有 34 細胞 (34 陽性), 3.33 秒
2026-07-22 01:52:05,516 - m3_module.m3_cells_generator - INFO - enlarge_cell_instances: 68 顆細胞, factor=1.50(面積), 中位半徑=22.9px, 外擴=5.1px
2026-07-22 01:52:05,884 - hybrid_pipeline - INFO - [421/441] 處理 tile: tile_x9984_y0
2026-07-22 01:52:05,917 - m3_module.m3_elastic_matching - INFO - elastic_dish_nucleus_matching(overlap-first): IHC=68, DISH=44, matched(1核)=28 (其中重疊=28), drop-out(競爭落敗)=11, 無候選(計入)=29, factor=1.50, min_reach=20.0
2026-07-22 01:52:06,443 - m3_module.m3_dot_detection - INFO - detect_all_dots: 紅點=19, 黑點=55, 涉及細胞=68
2026-07-22 01:52:06,675 - m4_module.cell_crops - INFO - 匯出 26 張 per-cell 影像至 docs/hybrid-pipeline/measurement/runs_cellpose421/large/cell_crops/tile_x9216_y9984/cells
2026-07-22 01:52:06,675 - hybrid_pipeline - INFO - Tile tile_x9216_y9984 完成: 核心擁有 26 細胞 (26 陽性), 2.40 秒
2026-07-22 01:52:06,693 - m3_module.m3_cells_generator - INFO - All-positive 標註完成: 31 個細胞
2026-07-22 01:52:06,737 - m3_module.m3_cells_generator - INFO - enlarge_cell_instances: 31 顆細胞, factor=1.50(面積), 中位半徑=28.1px, 外擴=6.3px
2026-07-22 01:52:07,109 - hybrid_pipeline - INFO - [422/441] 處理 tile: tile_x9984_y10752
2026-07-22 01:52:07,139 - m3_module.m3_elastic_matching - INFO - elastic_dish_nucleus_matching(overlap-first): IHC=31, DISH=27, matched(1核)=19 (其中重疊=19), drop-out(競爭落敗)=5, 無候選(計入)=7, factor=1.50, min_reach=20.0
2026-07-22 01:52:07,583 - m3_module.m3_dot_detection - INFO - detect_all_dots: 紅點=20, 黑點=49, 涉及細胞=31
2026-07-22 01:52:07,763 - m4_module.cell_crops - INFO - 匯出 12 張 per-cell 影像至 docs/hybrid-pipeline/measurement/runs_cellpose421/large/cell_crops/tile_x9984_y0/cells
2026-07-22 01:52:07,763 - hybrid_pipeline - INFO - Tile tile_x9984_y0 完成: 核心擁有 12 細胞 (12 陽性), 1.88 秒
2026-07-22 01:52:07,814 - m3_module.m3_cells_generator - INFO - All-positive 標註完成: 20 個細胞
2026-07-22 01:52:07,851 - m3_module.m3_cells_generator - INFO - enlarge_cell_instances: 20 顆細胞, factor=1.50(面積), 中位半徑=15.4px, 外擴=3.5px
2026-07-22 01:52:08,207 - hybrid_pipeline - INFO - [423/441] 處理 tile: tile_x9984_y11520
2026-07-22 01:52:08,236 - m3_module.m3_elastic_matching - INFO - elastic_dish_nucleus_matching(overlap-first): IHC=20, DISH=18, matched(1核)=12 (其中重疊=12), drop-out(競爭落敗)=3, 無候選(計入)=5, factor=1.50, min_reach=20.0
2026-07-22 01:52:08,496 - m3_module.m3_dot_detection - INFO - detect_all_dots: 紅點=11, 黑點=20, 涉及細胞=20
2026-07-22 01:52:08,591 - m4_module.cell_crops - INFO - 匯出 0 張 per-cell 影像至 docs/hybrid-pipeline/measurement/runs_cellpose421/large/cell_crops/tile_x9984_y10752/cells
2026-07-22 01:52:08,591 - hybrid_pipeline - INFO - Tile tile_x9984_y10752 完成: 核心擁有 0 細胞 (0 陽性), 1.48 秒
2026-07-22 01:52:08,720 - m3_module.m3_cells_generator - INFO - All-positive 標註完成: 17 個細胞
2026-07-22 01:52:08,758 - m3_module.m3_cells_generator - INFO - enlarge_cell_instances: 17 顆細胞, factor=1.50(面積), 中位半徑=21.0px, 外擴=4.7px
2026-07-22 01:52:09,112 - hybrid_pipeline - INFO - [424/441] 處理 tile: tile_x9984_y12288
2026-07-22 01:52:09,143 - m3_module.m3_elastic_matching - INFO - elastic_dish_nucleus_matching(overlap-first): IHC=17, DISH=18, matched(1核)=11 (其中重疊=11), drop-out(競爭落敗)=1, 無候選(計入)=5, factor=1.50, min_reach=20.0
2026-07-22 01:52:09,367 - m3_module.m3_dot_detection - INFO - detect_all_dots: 紅點=18, 黑點=30, 涉及細胞=17
2026-07-22 01:52:09,452 - m4_module.cell_crops - INFO - 匯出 2 張 per-cell 影像至 docs/hybrid-pipeline/measurement/runs_cellpose421/large/cell_crops/tile_x9984_y11520/cells
2026-07-22 01:52:09,452 - hybrid_pipeline - INFO - Tile tile_x9984_y11520 完成: 核心擁有 2 細胞 (2 陽性), 1.25 秒
2026-07-22 01:52:09,606 - m3_module.m3_cells_generator - INFO - All-positive 標註完成: 25 個細胞
2026-07-22 01:52:09,645 - m3_module.m3_cells_generator - INFO - enlarge_cell_instances: 25 顆細胞, factor=1.50(面積), 中位半徑=27.6px, 外擴=6.2px
2026-07-22 01:52:09,998 - hybrid_pipeline - INFO - [425/441] 處理 tile: tile_x9984_y13056
2026-07-22 01:52:10,029 - m3_module.m3_elastic_matching - INFO - elastic_dish_nucleus_matching(overlap-first): IHC=25, DISH=19, matched(1核)=15 (其中重疊=15), drop-out(競爭落敗)=3, 無候選(計入)=7, factor=1.50, min_reach=20.0
2026-07-22 01:52:10,391 - m3_module.m3_dot_detection - INFO - detect_all_dots: 紅點=18, 黑點=29, 涉及細胞=25
2026-07-22 01:52:10,553 - m4_module.cell_crops - INFO - 匯出 25 張 per-cell 影像至 docs/hybrid-pipeline/measurement/runs_cellpose421/large/cell_crops/tile_x9984_y12288/cells
2026-07-22 01:52:10,553 - hybrid_pipeline - INFO - Tile tile_x9984_y12288 完成: 核心擁有 25 細胞 (25 陽性), 1.44 秒
2026-07-22 01:52:10,619 - m3_module.m3_cells_generator - INFO - All-positive 標註完成: 9 個細胞
2026-07-22 01:52:10,658 - m3_module.m3_cells_generator - INFO - enlarge_cell_instances: 9 顆細胞, factor=1.50(面積), 中位半徑=25.0px, 外擴=5.6px
2026-07-22 01:52:11,013 - hybrid_pipeline - INFO - [426/441] 處理 tile: tile_x9984_y13824
2026-07-22 01:52:11,041 - m3_module.m3_elastic_matching - INFO - elastic_dish_nucleus_matching(overlap-first): IHC=9, DISH=4, matched(1核)=2 (其中重疊=2), drop-out(競爭落敗)=0, 無候選(計入)=7, factor=1.50, min_reach=20.0
2026-07-22 01:52:11,232 - m3_module.m3_dot_detection - INFO - detect_all_dots: 紅點=0, 黑點=2, 涉及細胞=9
2026-07-22 01:52:11,322 - m4_module.cell_crops - INFO - 匯出 5 張 per-cell 影像至 docs/hybrid-pipeline/measurement/runs_cellpose421/large/cell_crops/tile_x9984_y13056/cells
2026-07-22 01:52:11,322 - hybrid_pipeline - INFO - Tile tile_x9984_y13056 完成: 核心擁有 5 細胞 (5 陽性), 1.32 秒
2026-07-22 01:52:11,323 - hybrid_pipeline - INFO - [427/441] 處理 tile: tile_x9984_y14592
2026-07-22 01:52:11,357 - hybrid_pipeline - INFO - Tile tile_x9984_y13824: 核心遮罩全空 → 空白 placeholder
2026-07-22 01:52:11,454 - hybrid_pipeline - INFO - [428/441] 處理 tile: tile_x9984_y1536
2026-07-22 01:52:11,493 - hybrid_pipeline - INFO - Tile tile_x9984_y14592: 核心遮罩全空 → 空白 placeholder
2026-07-22 01:52:11,847 - m3_module.m3_cells_generator - INFO - All-positive 標註完成: 103 個細胞
2026-07-22 01:52:11,904 - m3_module.m3_cells_generator - INFO - enlarge_cell_instances: 103 顆細胞, factor=1.50(面積), 中位半徑=27.0px, 外擴=6.1px
2026-07-22 01:52:12,266 - hybrid_pipeline - INFO - [429/441] 處理 tile: tile_x9984_y15360
2026-07-22 01:52:12,305 - m3_module.m3_elastic_matching - INFO - elastic_dish_nucleus_matching(overlap-first): IHC=103, DISH=65, matched(1核)=54 (其中重疊=54), drop-out(競爭落敗)=25, 無候選(計入)=24, factor=1.50, min_reach=20.0
2026-07-22 01:52:13,525 - m3_module.m3_dot_detection - INFO - detect_all_dots: 紅點=69, 黑點=144, 涉及細胞=103
2026-07-22 01:52:13,678 - m3_module.m3_cells_generator - INFO - All-positive 標註完成: 19 個細胞
2026-07-22 01:52:13,718 - m3_module.m3_cells_generator - INFO - enlarge_cell_instances: 19 顆細胞, factor=1.50(面積), 中位半徑=21.4px, 外擴=4.8px
2026-07-22 01:52:13,856 - m4_module.cell_crops - INFO - 匯出 65 張 per-cell 影像至 docs/hybrid-pipeline/measurement/runs_cellpose421/large/cell_crops/tile_x9984_y1536/cells
2026-07-22 01:52:13,856 - hybrid_pipeline - INFO - Tile tile_x9984_y1536 完成: 核心擁有 65 細胞 (65 陽性), 2.40 秒
2026-07-22 01:52:14,079 - hybrid_pipeline - INFO - [430/441] 處理 tile: tile_x9984_y2304
2026-07-22 01:52:14,111 - m3_module.m3_elastic_matching - INFO - elastic_dish_nucleus_matching(overlap-first): IHC=19, DISH=18, matched(1核)=10 (其中重疊=10), drop-out(競爭落敗)=3, 無候選(計入)=6, factor=1.50, min_reach=20.0
2026-07-22 01:52:14,316 - m3_module.m3_dot_detection - INFO - detect_all_dots: 紅點=11, 黑點=20, 涉及細胞=19
2026-07-22 01:52:14,422 - m4_module.cell_crops - INFO - 匯出 16 張 per-cell 影像至 docs/hybrid-pipeline/measurement/runs_cellpose421/large/cell_crops/tile_x9984_y15360/cells
2026-07-22 01:52:14,422 - hybrid_pipeline - INFO - Tile tile_x9984_y15360 完成: 核心擁有 16 細胞 (16 陽性), 2.16 秒
2026-07-22 01:52:14,595 - m3_module.m3_cells_generator - INFO - All-positive 標註完成: 108 個細胞
2026-07-22 01:52:14,656 - m3_module.m3_cells_generator - INFO - enlarge_cell_instances: 108 顆細胞, factor=1.50(面積), 中位半徑=28.4px, 外擴=6.4px
2026-07-22 01:52:15,015 - hybrid_pipeline - INFO - [431/441] 處理 tile: tile_x9984_y3072
2026-07-22 01:52:15,052 - m3_module.m3_elastic_matching - INFO - elastic_dish_nucleus_matching(overlap-first): IHC=108, DISH=87, matched(1核)=60 (其中重疊=60), drop-out(競爭落敗)=18, 無候選(計入)=30, factor=1.50, min_reach=20.0
2026-07-22 01:52:16,377 - m3_module.m3_dot_detection - INFO - detect_all_dots: 紅點=81, 黑點=182, 涉及細胞=108
2026-07-22 01:52:16,588 - m3_module.m3_cells_generator - INFO - All-positive 標註完成: 137 個細胞
2026-07-22 01:52:16,650 - m3_module.m3_cells_generator - INFO - enlarge_cell_instances: 137 顆細胞, factor=1.50(面積), 中位半徑=27.9px, 外擴=6.3px
2026-07-22 01:52:16,775 - m4_module.cell_crops - INFO - 匯出 57 張 per-cell 影像至 docs/hybrid-pipeline/measurement/runs_cellpose421/large/cell_crops/tile_x9984_y2304/cells
2026-07-22 01:52:16,775 - hybrid_pipeline - INFO - Tile tile_x9984_y2304 完成: 核心擁有 57 細胞 (57 陽性), 2.70 秒
2026-07-22 01:52:17,018 - hybrid_pipeline - INFO - [432/441] 處理 tile: tile_x9984_y3840
2026-07-22 01:52:17,056 - m3_module.m3_elastic_matching - INFO - elastic_dish_nucleus_matching(overlap-first): IHC=137, DISH=94, matched(1核)=77 (其中重疊=77), drop-out(競爭落敗)=30, 無候選(計入)=30, factor=1.50, min_reach=20.0
2026-07-22 01:52:18,590 - m3_module.m3_dot_detection - INFO - detect_all_dots: 紅點=77, 黑點=191, 涉及細胞=137
2026-07-22 01:52:18,791 - m3_module.m3_cells_generator - INFO - All-positive 標註完成: 136 個細胞
2026-07-22 01:52:18,856 - m3_module.m3_cells_generator - INFO - enlarge_cell_instances: 136 顆細胞, factor=1.50(面積), 中位半徑=28.6px, 外擴=6.4px
2026-07-22 01:52:19,047 - m4_module.cell_crops - INFO - 匯出 68 張 per-cell 影像至 docs/hybrid-pipeline/measurement/runs_cellpose421/large/cell_crops/tile_x9984_y3072/cells
2026-07-22 01:52:19,048 - hybrid_pipeline - INFO - Tile tile_x9984_y3072 完成: 核心擁有 68 細胞 (68 陽性), 4.03 秒
2026-07-22 01:52:19,224 - hybrid_pipeline - INFO - [433/441] 處理 tile: tile_x9984_y4608
2026-07-22 01:52:19,263 - m3_module.m3_elastic_matching - INFO - elastic_dish_nucleus_matching(overlap-first): IHC=136, DISH=78, matched(1核)=73 (其中重疊=73), drop-out(競爭落敗)=33, 無候選(計入)=30, factor=1.50, min_reach=20.0
2026-07-22 01:52:20,560 - m3_module.m3_dot_detection - INFO - detect_all_dots: 紅點=62, 黑點=166, 涉及細胞=136
2026-07-22 01:52:20,741 - m3_module.m3_cells_generator - INFO - All-positive 標註完成: 118 個細胞
2026-07-22 01:52:20,805 - m3_module.m3_cells_generator - INFO - enlarge_cell_instances: 118 顆細胞, factor=1.50(面積), 中位半徑=30.6px, 外擴=6.9px
2026-07-22 01:52:21,035 - m4_module.cell_crops - INFO - 匯出 67 張 per-cell 影像至 docs/hybrid-pipeline/measurement/runs_cellpose421/large/cell_crops/tile_x9984_y3840/cells
2026-07-22 01:52:21,035 - hybrid_pipeline - INFO - Tile tile_x9984_y3840 完成: 核心擁有 67 細胞 (67 陽性), 4.02 秒
2026-07-22 01:52:21,174 - hybrid_pipeline - INFO - [434/441] 處理 tile: tile_x9984_y5376
2026-07-22 01:52:21,208 - m3_module.m3_elastic_matching - INFO - elastic_dish_nucleus_matching(overlap-first): IHC=118, DISH=81, matched(1核)=65 (其中重疊=65), drop-out(競爭落敗)=28, 無候選(計入)=25, factor=1.50, min_reach=20.0
2026-07-22 01:52:22,337 - m3_module.m3_dot_detection - INFO - detect_all_dots: 紅點=63, 黑點=163, 涉及細胞=118
2026-07-22 01:52:22,500 - m3_module.m3_cells_generator - INFO - All-positive 標註完成: 79 個細胞
2026-07-22 01:52:22,557 - m3_module.m3_cells_generator - INFO - enlarge_cell_instances: 79 顆細胞, factor=1.50(面積), 中位半徑=28.4px, 外擴=6.4px
2026-07-22 01:52:22,820 - m4_module.cell_crops - INFO - 匯出 56 張 per-cell 影像至 docs/hybrid-pipeline/measurement/runs_cellpose421/large/cell_crops/tile_x9984_y4608/cells
2026-07-22 01:52:22,820 - hybrid_pipeline - INFO - Tile tile_x9984_y4608 完成: 核心擁有 56 細胞 (56 陽性), 3.60 秒
2026-07-22 01:52:22,928 - hybrid_pipeline - INFO - [435/441] 處理 tile: tile_x9984_y6144
2026-07-22 01:52:22,966 - m3_module.m3_elastic_matching - INFO - elastic_dish_nucleus_matching(overlap-first): IHC=79, DISH=75, matched(1核)=44 (其中重疊=44), drop-out(競爭落敗)=14, 無候選(計入)=21, factor=1.50, min_reach=20.0
2026-07-22 01:52:23,763 - m3_module.m3_dot_detection - INFO - detect_all_dots: 紅點=36, 黑點=87, 涉及細胞=79
2026-07-22 01:52:24,041 - m3_module.m3_cells_generator - INFO - All-positive 標註完成: 120 個細胞
2026-07-22 01:52:24,095 - m4_module.cell_crops - INFO - 匯出 36 張 per-cell 影像至 docs/hybrid-pipeline/measurement/runs_cellpose421/large/cell_crops/tile_x9984_y5376/cells
2026-07-22 01:52:24,095 - hybrid_pipeline - INFO - Tile tile_x9984_y5376 完成: 核心擁有 36 細胞 (36 陽性), 2.92 秒
2026-07-22 01:52:24,103 - m3_module.m3_cells_generator - INFO - enlarge_cell_instances: 120 顆細胞, factor=1.50(面積), 中位半徑=29.4px, 外擴=6.6px
2026-07-22 01:52:24,472 - hybrid_pipeline - INFO - [436/441] 處理 tile: tile_x9984_y6912
2026-07-22 01:52:24,510 - m3_module.m3_elastic_matching - INFO - elastic_dish_nucleus_matching(overlap-first): IHC=120, DISH=98, matched(1核)=71 (其中重疊=71), drop-out(競爭落敗)=19, 無候選(計入)=30, factor=1.50, min_reach=20.0
2026-07-22 01:52:25,935 - m3_module.m3_dot_detection - INFO - detect_all_dots: 紅點=75, 黑點=174, 涉及細胞=120
2026-07-22 01:52:26,065 - m3_module.m3_cells_generator - INFO - All-positive 標註完成: 30 個細胞
2026-07-22 01:52:26,118 - m3_module.m3_cells_generator - INFO - enlarge_cell_instances: 30 顆細胞, factor=1.50(面積), 中位半徑=27.9px, 外擴=6.3px
2026-07-22 01:52:26,352 - m4_module.cell_crops - INFO - 匯出 68 張 per-cell 影像至 docs/hybrid-pipeline/measurement/runs_cellpose421/large/cell_crops/tile_x9984_y6144/cells
2026-07-22 01:52:26,353 - hybrid_pipeline - INFO - Tile tile_x9984_y6144 完成: 核心擁有 68 細胞 (68 陽性), 3.42 秒
2026-07-22 01:52:26,483 - hybrid_pipeline - INFO - [437/441] 處理 tile: tile_x9984_y768
2026-07-22 01:52:26,516 - m3_module.m3_elastic_matching - INFO - elastic_dish_nucleus_matching(overlap-first): IHC=30, DISH=21, matched(1核)=18 (其中重疊=18), drop-out(競爭落敗)=7, 無候選(計入)=5, factor=1.50, min_reach=20.0
2026-07-22 01:52:26,902 - m3_module.m3_dot_detection - INFO - detect_all_dots: 紅點=23, 黑點=48, 涉及細胞=30
2026-07-22 01:52:27,075 - m4_module.cell_crops - INFO - 匯出 7 張 per-cell 影像至 docs/hybrid-pipeline/measurement/runs_cellpose421/large/cell_crops/tile_x9984_y6912/cells
2026-07-22 01:52:27,075 - hybrid_pipeline - INFO - Tile tile_x9984_y6912 完成: 核心擁有 7 細胞 (7 陽性), 2.60 秒
2026-07-22 01:52:27,153 - m3_module.m3_cells_generator - INFO - All-positive 標註完成: 59 個細胞
2026-07-22 01:52:27,202 - m3_module.m3_cells_generator - INFO - enlarge_cell_instances: 59 顆細胞, factor=1.50(面積), 中位半徑=22.8px, 外擴=5.1px
2026-07-22 01:52:27,560 - hybrid_pipeline - INFO - [438/441] 處理 tile: tile_x9984_y7680
2026-07-22 01:52:27,600 - m3_module.m3_elastic_matching - INFO - elastic_dish_nucleus_matching(overlap-first): IHC=59, DISH=34, matched(1核)=29 (其中重疊=29), drop-out(競爭落敗)=12, 無候選(計入)=18, factor=1.50, min_reach=20.0
2026-07-22 01:52:28,216 - m3_module.m3_dot_detection - INFO - detect_all_dots: 紅點=30, 黑點=50, 涉及細胞=59
2026-07-22 01:52:28,412 - m4_module.cell_crops - INFO - 匯出 33 張 per-cell 影像至 docs/hybrid-pipeline/measurement/runs_cellpose421/large/cell_crops/tile_x9984_y768/cells
2026-07-22 01:52:28,412 - hybrid_pipeline - INFO - Tile tile_x9984_y768 完成: 核心擁有 33 細胞 (33 陽性), 1.93 秒
2026-07-22 01:52:28,413 - hybrid_pipeline - INFO - [439/441] 處理 tile: tile_x9984_y8448
2026-07-22 01:52:28,443 - hybrid_pipeline - INFO - Tile tile_x9984_y7680: 核心遮罩全空 → 空白 placeholder
2026-07-22 01:52:28,822 - m3_module.m3_cells_generator - INFO - All-positive 標註完成: 96 個細胞
2026-07-22 01:52:28,885 - m3_module.m3_cells_generator - INFO - enlarge_cell_instances: 96 顆細胞, factor=1.50(面積), 中位半徑=28.9px, 外擴=6.5px
2026-07-22 01:52:29,243 - hybrid_pipeline - INFO - [440/441] 處理 tile: tile_x9984_y9216
2026-07-22 01:52:29,280 - m3_module.m3_elastic_matching - INFO - elastic_dish_nucleus_matching(overlap-first): IHC=96, DISH=66, matched(1核)=46 (其中重疊=46), drop-out(競爭落敗)=15, 無候選(計入)=35, factor=1.50, min_reach=20.0
2026-07-22 01:52:30,176 - m3_module.m3_dot_detection - INFO - detect_all_dots: 紅點=55, 黑點=114, 涉及細胞=96
2026-07-22 01:52:30,448 - m3_module.m3_cells_generator - INFO - All-positive 標註完成: 128 個細胞
2026-07-22 01:52:30,505 - m4_module.cell_crops - INFO - 匯出 56 張 per-cell 影像至 docs/hybrid-pipeline/measurement/runs_cellpose421/large/cell_crops/tile_x9984_y8448/cells
2026-07-22 01:52:30,505 - hybrid_pipeline - INFO - Tile tile_x9984_y8448 完成: 核心擁有 56 細胞 (56 陽性), 2.09 秒
2026-07-22 01:52:30,507 - m3_module.m3_cells_generator - INFO - enlarge_cell_instances: 128 顆細胞, factor=1.50(面積), 中位半徑=26.7px, 外擴=6.0px
2026-07-22 01:52:30,866 - hybrid_pipeline - INFO - [441/441] 處理 tile: tile_x9984_y9984
2026-07-22 01:52:30,902 - m3_module.m3_elastic_matching - INFO - elastic_dish_nucleus_matching(overlap-first): IHC=128, DISH=84, matched(1核)=64 (其中重疊=64), drop-out(競爭落敗)=25, 無候選(計入)=39, factor=1.50, min_reach=20.0
2026-07-22 01:52:32,234 - m3_module.m3_dot_detection - INFO - detect_all_dots: 紅點=66, 黑點=160, 涉及細胞=128
2026-07-22 01:52:32,435 - m3_module.m3_cells_generator - INFO - All-positive 標註完成: 54 個細胞
2026-07-22 01:52:32,487 - m3_module.m3_cells_generator - INFO - enlarge_cell_instances: 54 顆細胞, factor=1.50(面積), 中位半徑=23.9px, 外擴=5.4px
2026-07-22 01:52:32,657 - m4_module.cell_crops - INFO - 匯出 64 張 per-cell 影像至 docs/hybrid-pipeline/measurement/runs_cellpose421/large/cell_crops/tile_x9984_y9216/cells
2026-07-22 01:52:32,657 - hybrid_pipeline - INFO - Tile tile_x9984_y9216 完成: 核心擁有 64 細胞 (64 陽性), 3.41 秒
2026-07-22 01:52:32,881 - m3_module.m3_elastic_matching - INFO - elastic_dish_nucleus_matching(overlap-first): IHC=54, DISH=40, matched(1核)=28 (其中重疊=28), drop-out(競爭落敗)=6, 無候選(計入)=20, factor=1.50, min_reach=20.0
2026-07-22 01:52:33,484 - m3_module.m3_dot_detection - INFO - detect_all_dots: 紅點=35, 黑點=80, 涉及細胞=54
2026-07-22 01:52:33,663 - m4_module.cell_crops - INFO - 匯出 15 張 per-cell 影像至 docs/hybrid-pipeline/measurement/runs_cellpose421/large/cell_crops/tile_x9984_y9984/cells
2026-07-22 01:52:33,663 - hybrid_pipeline - INFO - Tile tile_x9984_y9984 完成: 核心擁有 15 細胞 (15 陽性), 2.80 秒
2026-07-22 01:52:33,693 - m4_module.csv - INFO - CSV 匯出完成: report.csv (13150 列)
2026-07-22 01:52:33,694 - m4_module.csv - INFO - Summary 報告輸出: summary.txt (2568 valid cells)
2026-07-22 01:52:38,723 - hybrid_pipeline - INFO - overlay_slide.tiff 縫合完成: 16384×16384 px
2026-07-22 01:52:38,746 - hybrid_pipeline - INFO - 批次完成 — run_id=2f41e826 | 總計=441 | 成功=378 | 跳過=63
[perf_measure] skip wrap: hybrid_pipeline.segment_masked_dish not found
{
  "label": "large_441tile",
  "n_tiles": 441,
  "grid": {
    "cols": 21,
    "rows": 21
  },
  "wall": {
    "end_to_end_total_s": 573.69,
    "phaseA_precut_s": 20.514,
    "runbatch_BCD_s": 553.174
  },
  "disk_bytes": {
    "precut_scratch": 1001193648,
    "analysis_output": 5240632546
  },
  "stats": {
    "success": 378,
    "skipped": 63
  },
  "timings": {
    "init_unet": {
      "n": 1,
      "t": 1.224263682961464
    },
    "init_cellpose_m2": {
      "n": 1,
      "t": 0.6761653500143439
    },
    "init_cellpose_m3b": {
      "n": 1,
      "t": 0.5024441689602099
    },
    "B2r_tile_read": {
      "n": 882,
      "t": 7.251578572031576
    },
    "B1_unet_coremask": {
      "n": 441,
      "t": 13.682014228659682
    },
    "BM1_apply_mask": {
      "n": 412,
      "t": 6.102004828397185
    },
    "BM1_overlay_dish": {
      "n": 412,
      "t": 4.346027776831761
    },
    "BM1_fuse": {
      "n": 412,
      "t": 4.158301597344689
    },
    "B1_m3b_cellpose": {
      "n": 824,
      "t": 430.8973602443584
    },
    "Bs_clear_edge": {
      "n": 412,
      "t": 5.60667447297601
    },
    "B3_build_results": {
      "n": 412,
      "t": 8.810334157780744
    },
    "B3_enlarge_cells": {
      "n": 412,
      "t": 19.597796247981023
    },
    "B4_empty_cache": {
      "n": 441,
      "t": 1.4808244988671504
    },
    "B4_gc_collect": {
      "n": 441,
      "t": 36.385145825508516
    },
    "B3_detect_dots": {
      "n": 412,
      "t": 292.9043585868203
    },
    "B3_merge_dots": {
      "n": 412,
      "t": 0.010039044311270118
    },
    "Bs_filter_absolutize": {
      "n": 412,
      "t": 0.09766467154258862
    },
    "B2_png_encode": {
      "n": 1323,
      "t": 78.71656592359068,
      "bytes": 432848148
    },
    "B2_tiff_encode": {
      "n": 1323,
      "t": 1.3270283427555114,
      "bytes": 4505042352
    },
    "B2_render_overlay": {
      "n": 412,
      "t": 9.36664718168322
    },
    "B2_percell_crops": {
      "n": 412,
      "t": 4.850183483446017
    },
    "C_export_csv": {
      "n": 1,
      "t": 0.008973493007943034
    },
    "C_export_summary": {
      "n": 1,
      "t": 0.0006733660120517015
    },
    "D_stitch_overlay": {
      "n": 1,
      "t": 5.052868884988129
    }
  },
  "config_hash": "db2b7e6a",
  "peak_cuda_reserved_gb": 2.187,
  "peak_rss_gb": 3.896
}
