cell_id,centroid_x,centroid_y,reddot,blackdot,score
1,318.69,129.02,NaN,NaN,NaN
2,835.32,124.85,NaN,NaN,NaN
3,775.50,245.30,NaN,NaN,NaN
4,850.19,270.28,NaN,NaN,NaN
5,839.67,187.37,NaN,NaN,NaN
6,803.90,353.59,0,0,0.0000
7,78.12,361.06,NaN,NaN,NaN
8,701.12,49.03,0,0,0.0000
9,317.70,194.83,NaN,NaN,NaN
10,263.17,190.00,0,0,0.0000
11,744.84,176.09,2,2,0.0000
12,808.25,296.23,NaN,NaN,NaN
13,118.77,156.81,NaN,NaN,NaN
14,1298.68,884.73,NaN,NaN,NaN
15,1137.12,841.29,NaN,NaN,NaN
16,1194.37,863.51,NaN,NaN,NaN
17,904.76,77.03,0,0,0.0000
18,1625.22,161.64,3,4,0.0000
19,1457.47,821.24,0,0,0.0000
20,938.56,26.83,NaN,NaN,NaN
21,970.59,218.32,0,0,0.0000
22,1328.59,778.70,NaN,NaN,NaN
23,1403.65,876.16,NaN,NaN,NaN
24,909.31,282.56,0,0,0.0000
25,1650.60,206.66,NaN,NaN,NaN
26,1460.97,332.73,NaN,NaN,NaN
27,1377.25,773.38,2,2,0.0000
28,1103.73,883.70,3,3,0.0000
29,908.22,161.70,3,6,2.0000
30,1241.80,821.18,NaN,NaN,NaN
31,1413.28,760.56,NaN,NaN,NaN
32,1928.29,229.91,2,1,0.0000
33,1854.66,283.07,NaN,NaN,NaN
34,1810.10,841.47,NaN,NaN,NaN
35,2158.17,477.83,3,6,2.0000
36,1757.09,191.14,0,0,0.0000
37,2306.60,406.79,NaN,NaN,NaN
38,1905.64,813.09,0,0,0.0000
39,2262.63,439.98,NaN,NaN,NaN
40,2168.02,330.30,0,0,0.0000
41,2325.43,307.65,NaN,NaN,NaN
42,1680.47,318.36,2,3,0.0000
43,1873.02,632.27,0,0,0.0000
44,1935.55,98.65,NaN,NaN,NaN
45,2407.47,294.65,NaN,NaN,NaN
46,2246.78,312.44,0,0,0.0000
47,2079.40,368.65,NaN,NaN,NaN
48,1882.04,31.07,3,8,2.6667
49,1739.40,390.58,0,0,0.0000
50,1853.46,354.70,3,1,0.0000
51,2348.11,477.29,NaN,NaN,NaN
52,2393.50,368.16,NaN,NaN,NaN
53,1997.12,407.72,0,0,0.0000
54,2396.96,419.99,NaN,NaN,NaN
55,1819.26,216.63,2,3,0.0000
56,2007.14,372.99,NaN,NaN,NaN
57,2430.92,121.21,NaN,NaN,NaN
58,2336.49,365.84,NaN,NaN,NaN
59,2114.28,326.74,0,0,0.0000
60,1830.38,414.12,NaN,NaN,NaN
61,1709.90,286.19,NaN,NaN,NaN
62,2023.95,235.90,0,0,0.0000
63,1970.32,344.41,NaN,NaN,NaN
64,1879.03,397.42,NaN,NaN,NaN
65,2300.53,337.03,2,3,0.0000
66,2002.87,298.64,NaN,NaN,NaN
67,1785.79,389.51,2,4,2.0000
68,2208.72,396.12,NaN,NaN,NaN
69,2389.66,484.27,0,0,0.0000
70,2247.03,364.80,2,7,3.5000
71,2354.70,59.11,0,0,0.0000
72,2369.15,430.04,0,0,0.0000
73,2026.83,330.24,NaN,NaN,NaN
74,2375.80,321.49,NaN,NaN,NaN
75,3141.98,483.70,2,2,0.0000
76,3175.74,144.59,0,0,0.0000
77,3032.01,110.82,NaN,NaN,NaN
78,3133.79,231.80,2,3,0.0000
79,2474.01,319.12,NaN,NaN,NaN
80,2540.04,171.05,NaN,NaN,NaN
81,3129.53,366.24,NaN,NaN,NaN
82,3190.96,496.59,0,0,0.0000
83,2441.17,489.96,2,5,2.5000
84,2612.47,56.90,NaN,NaN,NaN
85,3130.89,57.21,2,1,0.0000
86,2469.89,210.01,NaN,NaN,NaN
87,2555.24,96.62,NaN,NaN,NaN
88,3104.21,324.79,0,0,0.0000
89,2543.38,43.13,NaN,NaN,NaN
90,2544.37,336.77,NaN,NaN,NaN
91,3131.03,289.09,0,0,0.0000
92,2521.45,212.48,NaN,NaN,NaN
93,3070.27,64.76,NaN,NaN,NaN
94,3063.24,582.92,NaN,NaN,NaN
95,3099.12,420.74,2,5,2.5000
96,2460.17,427.97,NaN,NaN,NaN
97,2555.06,380.26,NaN,NaN,NaN
98,3074.71,135.94,NaN,NaN,NaN
99,2435.77,378.66,NaN,NaN,NaN
100,2650.54,128.96,0,0,0.0000
101,3042.07,516.50,2,2,0.0000
102,2454.98,83.51,NaN,NaN,NaN
103,3034.88,20.45,0,0,0.0000
104,2941.41,543.66,0,0,0.0000
105,2513.82,490.76,NaN,NaN,NaN
106,2558.03,417.01,NaN,NaN,NaN
107,2486.15,477.91,2,4,2.0000
108,3085.24,544.39,NaN,NaN,NaN
109,2511.53,437.03,NaN,NaN,NaN
110,2486.81,386.38,NaN,NaN,NaN
111,2709.86,143.96,0,0,0.0000
112,2540.18,515.48,NaN,NaN,NaN
113,3042.65,432.10,0,0,0.0000
114,3063.92,380.85,NaN,NaN,NaN
115,2562.75,454.67,0,0,0.0000
116,3877.18,515.99,NaN,NaN,NaN
117,3528.25,227.25,0,0,0.0000
118,3702.28,323.99,NaN,NaN,NaN
119,3216.77,418.04,NaN,NaN,NaN
120,3539.87,157.76,0,0,0.0000
121,3761.75,412.57,0,0,0.0000
122,3330.09,739.13,2,7,3.5000
123,3315.49,682.51,NaN,NaN,NaN
124,3211.06,264.06,0,0,0.0000
125,3254.28,371.73,0,0,0.0000
126,3895.51,453.49,NaN,NaN,NaN
127,3312.44,620.87,NaN,NaN,NaN
128,3604.74,251.65,NaN,NaN,NaN
129,3855.52,600.03,0,0,0.0000
130,3646.58,691.55,0,0,0.0000
131,3453.66,226.08,3,4,0.0000
132,3242.11,106.73,3,2,0.0000
133,3240.40,306.48,0,0,0.0000
134,3512.33,479.73,0,0,0.0000
135,3947.55,639.83,2,4,2.0000
136,3932.27,558.83,NaN,NaN,NaN
137,3906.67,732.81,0,0,0.0000
138,3241.02,532.30,0,0,0.0000
139,3347.05,808.27,NaN,NaN,NaN
140,3272.11,494.40,2,4,2.0000
141,3233.50,499.09,4,5,0.0000
142,3659.79,401.21,NaN,NaN,NaN
143,3929.14,702.49,0,0,0.0000
144,3281.53,631.03,NaN,NaN,NaN
145,3605.33,193.23,0,0,0.0000
146,3668.79,720.63,0,0,0.0000
147,4716.47,892.39,NaN,NaN,NaN
148,4447.72,877.30,2,2,0.0000
149,4586.85,722.32,2,7,3.5000
150,4292.25,775.65,2,3,0.0000
151,4059.84,726.01,4,8,2.0000
152,4619.48,626.52,NaN,NaN,NaN
153,4439.15,794.13,NaN,NaN,NaN
154,4492.39,552.22,NaN,NaN,NaN
155,4485.44,739.01,NaN,NaN,NaN
156,4731.98,754.48,NaN,NaN,NaN
157,4155.14,843.39,0,0,0.0000
158,4322.90,853.93,0,0,0.0000
159,4521.51,862.76,0,0,0.0000
160,4164.24,778.19,NaN,NaN,NaN
161,4053.44,548.50,0,0,0.0000
162,4011.52,809.03,0,0,0.0000
163,4687.80,519.61,2,3,0.0000
164,4389.96,526.41,5,9,0.0000
165,3970.11,729.31,2,1,0.0000
166,4406.22,681.13,2,6,3.0000
167,4397.94,70.88,0,0,0.0000
168,4436.25,656.49,NaN,NaN,NaN
169,4005.58,625.27,2,3,0.0000
170,4695.26,641.91,NaN,NaN,NaN
171,4221.86,781.94,0,0,0.0000
172,4717.99,664.57,NaN,NaN,NaN
173,3973.18,575.50,2,1,0.0000
174,4513.32,488.96,NaN,NaN,NaN
175,4082.67,436.38,0,0,0.0000
176,4052.97,787.99,NaN,NaN,NaN
177,4005.74,446.92,0,0,0.0000
178,4356.23,498.82,0,0,0.0000
179,4257.42,649.33,3,4,0.0000
180,4056.95,604.29,0,0,0.0000
181,4158.94,631.65,0,0,0.0000
182,5267.58,167.30,NaN,NaN,NaN
183,5474.44,453.19,NaN,NaN,NaN
184,5084.30,342.93,3,10,3.3333
185,5449.25,168.51,NaN,NaN,NaN
186,5330.75,712.09,NaN,NaN,NaN
187,4739.38,574.72,NaN,NaN,NaN
188,5215.09,396.17,NaN,NaN,NaN
189,5320.46,826.62,NaN,NaN,NaN
190,5071.24,265.76,NaN,NaN,NaN
191,4944.08,149.45,NaN,NaN,NaN
192,5402.27,791.99,2,4,2.0000
193,4873.31,239.36,0,0,0.0000
194,5410.38,533.64,NaN,NaN,NaN
195,5386.99,868.58,NaN,NaN,NaN
196,5310.28,552.47,NaN,NaN,NaN
197,4963.48,368.78,0,0,0.0000
198,5387.84,422.16,3,7,2.3333
199,5300.11,85.05,3,5,0.0000
200,5288.40,235.11,NaN,NaN,NaN
201,5082.42,181.40,3,9,3.0000
202,5118.96,410.60,6,8,0.0000
203,5372.78,215.41,0,0,0.0000
204,4887.27,791.40,2,3,0.0000
205,5500.55,708.78,0,0,0.0000
206,5397.12,100.72,0,0,0.0000
207,4960.94,230.49,3,8,2.6667
208,5348.71,371.65,2,6,3.0000
209,5152.78,155.42,2,5,2.5000
210,5297.31,290.49,0,0,0.0000
211,5333.59,644.89,NaN,NaN,NaN
212,5463.24,610.45,0,0,0.0000
213,5261.46,457.69,NaN,NaN,NaN
214,4933.54,305.58,NaN,NaN,NaN
215,5174.35,470.49,2,2,0.0000
216,5376.27,35.52,NaN,NaN,NaN
217,5012.44,329.18,NaN,NaN,NaN
218,5278.24,777.84,NaN,NaN,NaN
219,5380.57,281.92,NaN,NaN,NaN
220,5494.93,847.30,NaN,NaN,NaN
221,5261.41,632.22,0,0,0.0000
222,4824.95,861.26,0,0,0.0000
223,4883.79,69.43,0,0,0.0000
224,5105.53,469.92,NaN,NaN,NaN
225,4808.63,706.54,0,0,0.0000
226,5244.39,827.19,NaN,NaN,NaN
227,5146.11,511.51,2,2,0.0000
228,5207.76,141.02,NaN,NaN,NaN
229,5452.84,748.78,2,3,0.0000
230,4785.12,648.61,NaN,NaN,NaN
231,5142.14,230.66,0,0,0.0000
232,4763.70,802.58,NaN,NaN,NaN
233,5113.45,59.23,2,5,2.5000
234,5461.31,71.48,NaN,NaN,NaN
235,4784.33,741.36,NaN,NaN,NaN
236,4816.76,810.31,0,0,0.0000
237,5503.03,570.20,3,7,2.3333
238,5420.97,638.40,NaN,NaN,NaN
239,4757.65,689.51,NaN,NaN,NaN
240,5081.54,88.58,NaN,NaN,NaN
241,4853.69,735.55,0,0,0.0000
242,4832.03,59.49,NaN,NaN,NaN
243,5426.34,13.41,NaN,NaN,NaN
244,5044.80,107.33,0,0,0.0000
245,4802.20,19.47,0,0,0.0000
246,4807.47,626.15,2,3,0.0000
247,5057.07,131.14,0,0,0.0000
248,5218.88,860.29,0,0,0.0000
249,5439.44,256.86,0,0,0.0000
250,4924.80,43.52,0,0,0.0000
251,4840.83,675.37,0,0,0.0000
252,4953.38,465.07,NaN,NaN,NaN
253,5210.12,562.29,NaN,NaN,NaN
254,5300.40,335.91,0,0,0.0000
255,4883.55,187.24,NaN,NaN,NaN
256,5710.56,412.50,0,0,0.0000
257,5530.46,239.27,NaN,NaN,NaN
258,5732.10,213.17,NaN,NaN,NaN
259,5570.43,389.40,NaN,NaN,NaN
260,6258.19,863.25,NaN,NaN,NaN
261,5643.67,284.90,NaN,NaN,NaN
262,5575.85,157.51,NaN,NaN,NaN
263,5522.73,108.27,0,0,0.0000
264,5626.92,558.90,0,0,0.0000
265,5545.60,608.05,NaN,NaN,NaN
266,6129.81,708.67,2,3,0.0000
267,5817.81,175.62,NaN,NaN,NaN
268,5684.18,100.20,0,0,0.0000
269,5595.97,335.03,3,4,0.0000
270,5575.59,45.26,NaN,NaN,NaN
271,5798.98,88.07,NaN,NaN,NaN
272,5763.07,143.20,2,5,2.5000
273,5522.43,813.04,3,4,0.0000
274,5803.45,324.98,2,3,0.0000
275,5805.78,426.74,2,2,0.0000
276,5631.33,512.05,NaN,NaN,NaN
277,6185.44,718.37,NaN,NaN,NaN
278,5828.05,39.93,NaN,NaN,NaN
279,6103.81,842.39,3,7,2.3333
280,6053.90,777.49,NaN,NaN,NaN
281,5563.35,503.28,0,0,0.0000
282,6256.63,758.54,NaN,NaN,NaN
283,5723.86,307.69,NaN,NaN,NaN
284,6038.15,838.00,2,3,0.0000
285,5562.18,858.96,NaN,NaN,NaN
286,5696.41,158.25,NaN,NaN,NaN
287,5754.06,362.31,NaN,NaN,NaN
288,6078.45,724.39,0,0,0.0000
289,5601.86,633.63,NaN,NaN,NaN
290,6233.30,475.81,0,0,0.0000
291,6048.87,878.28,0,0,0.0000
292,5736.79,110.96,NaN,NaN,NaN
293,5632.88,196.61,0,0,0.0000
294,5851.80,109.87,3,4,0.0000
295,5642.96,150.42,0,0,0.0000
296,6500.66,519.08,2,2,0.0000
297,6820.91,70.96,0,0,0.0000
298,6428.35,740.25,NaN,NaN,NaN
299,6546.94,426.52,NaN,NaN,NaN
300,6969.90,112.82,3,3,0.0000
301,6901.62,153.09,2,5,2.5000
302,6409.57,512.12,0,0,0.0000
303,6447.51,660.79,2,5,2.5000
304,6971.14,495.69,2,3,0.0000
305,6362.16,714.22,NaN,NaN,NaN
306,6844.20,700.88,0,0,0.0000
307,7039.65,530.98,NaN,NaN,NaN
308,6927.21,276.11,NaN,NaN,NaN
309,6969.50,716.39,0,0,0.0000
310,6496.33,787.30,NaN,NaN,NaN
311,6971.80,806.61,NaN,NaN,NaN
312,6993.16,344.98,NaN,NaN,NaN
313,6556.01,667.25,NaN,NaN,NaN
314,6561.16,743.83,0,0,0.0000
315,7025.24,769.58,NaN,NaN,NaN
316,6555.65,823.80,2,4,2.0000
317,6519.75,618.99,NaN,NaN,NaN
318,6856.36,377.00,NaN,NaN,NaN
319,6336.30,655.69,NaN,NaN,NaN
320,6605.79,737.13,2,4,2.0000
321,7014.09,50.01,0,0,0.0000
322,6958.32,617.32,3,2,0.0000
323,7023.38,169.23,3,5,0.0000
324,6914.20,670.34,0,0,0.0000
325,6430.32,843.33,NaN,NaN,NaN
326,6943.07,384.50,NaN,NaN,NaN
327,6588.46,870.04,NaN,NaN,NaN
328,6813.15,804.86,NaN,NaN,NaN
329,6622.18,684.17,NaN,NaN,NaN
330,6919.79,807.49,NaN,NaN,NaN
331,6668.42,767.11,NaN,NaN,NaN
332,6314.83,453.75,3,5,0.0000
333,6411.21,809.81,NaN,NaN,NaN
334,6605.30,623.08,0,0,0.0000
335,6401.89,585.52,NaN,NaN,NaN
336,6601.01,563.12,0,0,0.0000
337,6347.90,850.97,NaN,NaN,NaN
338,6388.61,649.93,NaN,NaN,NaN
339,6582.86,82.43,0,0,0.0000
340,6651.39,890.00,3,3,0.0000
341,6406.99,630.99,NaN,NaN,NaN
342,7144.74,473.29,2,3,0.0000
343,7067.79,848.49,0,0,0.0000
344,7323.45,630.42,NaN,NaN,NaN
345,7123.85,655.73,NaN,NaN,NaN
346,7757.80,810.97,NaN,NaN,NaN
347,7407.72,413.66,3,6,2.0000
348,7263.89,466.86,0,0,0.0000
349,7215.66,719.76,NaN,NaN,NaN
350,7043.37,263.66,2,10,5.0000
351,7238.34,304.09,4,11,2.7500
352,7555.64,127.69,3,6,2.0000
353,7051.23,350.36,2,5,2.5000
354,7322.77,178.39,3,7,2.3333
355,7532.86,625.11,0,0,0.0000
356,7182.60,162.27,2,3,0.0000
357,7672.46,516.42,NaN,NaN,NaN
358,7626.22,868.94,0,0,0.0000
359,7631.81,419.05,NaN,NaN,NaN
360,7803.56,721.35,NaN,NaN,NaN
361,7611.04,239.45,NaN,NaN,NaN
362,7805.88,439.17,0,0,0.0000
363,7188.96,835.22,NaN,NaN,NaN
364,7523.31,765.01,2,4,2.0000
365,7462.51,742.59,NaN,NaN,NaN
366,7489.61,802.45,NaN,NaN,NaN
367,7546.54,358.00,NaN,NaN,NaN
368,7125.97,167.43,NaN,NaN,NaN
369,7299.43,733.28,NaN,NaN,NaN
370,7731.44,680.51,0,0,0.0000
371,7670.52,595.85,NaN,NaN,NaN
372,7616.11,595.20,0,0,0.0000
373,7680.09,829.38,NaN,NaN,NaN
374,7243.56,46.27,NaN,NaN,NaN
375,7341.71,768.47,2,2,0.0000
376,7405.16,187.17,NaN,NaN,NaN
377,7159.25,894.33,NaN,NaN,NaN
378,7572.40,465.62,0,0,0.0000
379,7394.82,733.32,NaN,NaN,NaN
380,7296.00,57.38,2,8,4.0000
381,7434.37,86.43,NaN,NaN,NaN
382,7566.42,599.05,NaN,NaN,NaN
383,7423.70,834.35,0,0,0.0000
384,7211.06,540.29,NaN,NaN,NaN
385,7684.62,700.80,NaN,NaN,NaN
386,7704.02,784.08,NaN,NaN,NaN
387,7583.91,701.92,NaN,NaN,NaN
388,7728.31,596.68,2,7,3.5000
389,7603.95,347.94,0,0,0.0000
390,7272.35,808.82,3,6,2.0000
391,7072.99,93.11,0,0,0.0000
392,7451.76,153.77,NaN,NaN,NaN
393,7341.38,25.62,NaN,NaN,NaN
394,7128.72,253.62,NaN,NaN,NaN
395,7251.71,570.80,0,0,0.0000
396,7429.33,703.33,0,0,0.0000
397,7486.52,382.76,NaN,NaN,NaN
398,7455.10,550.15,2,2,0.0000
399,7688.76,415.39,NaN,NaN,NaN
400,7254.67,112.58,NaN,NaN,NaN
401,7575.16,755.53,NaN,NaN,NaN
402,7440.17,341.17,0,0,0.0000
403,7720.44,471.62,0,0,0.0000
404,7760.52,458.10,NaN,NaN,NaN
405,7086.74,11.10,0,0,0.0000
406,7292.49,286.22,0,0,0.0000
407,7743.11,736.01,NaN,NaN,NaN
408,7558.05,821.25,0,0,0.0000
409,7651.97,755.04,0,0,0.0000
410,7474.19,116.64,NaN,NaN,NaN
411,7443.16,882.28,NaN,NaN,NaN
412,7121.56,714.12,0,0,0.0000
413,7627.54,695.38,0,0,0.0000
414,7208.70,213.16,NaN,NaN,NaN
415,7821.04,572.72,NaN,NaN,NaN
416,8406.88,784.86,NaN,NaN,NaN
417,8268.83,820.98,0,0,0.0000
418,8346.54,643.75,2,2,0.0000
419,8500.02,349.58,NaN,NaN,NaN
420,7960.00,722.24,3,2,0.0000
421,8483.96,665.01,NaN,NaN,NaN
422,8572.42,423.64,0,0,0.0000
423,8528.83,813.69,0,0,0.0000
424,8154.31,702.50,NaN,NaN,NaN
425,8179.71,72.81,0,0,0.0000
426,8256.90,618.56,0,0,0.0000
427,8014.77,537.31,NaN,NaN,NaN
428,8047.02,698.57,NaN,NaN,NaN
429,8396.94,494.55,NaN,NaN,NaN
430,8130.65,804.95,2,4,2.0000
431,8481.65,536.28,0,0,0.0000
432,8041.67,789.47,NaN,NaN,NaN
433,8340.56,729.03,NaN,NaN,NaN
434,7989.69,611.82,NaN,NaN,NaN
435,8142.92,873.45,NaN,NaN,NaN
436,8331.40,539.23,NaN,NaN,NaN
437,8115.39,121.79,NaN,NaN,NaN
438,8438.35,422.91,NaN,NaN,NaN
439,8404.43,565.81,NaN,NaN,NaN
440,8497.51,467.84,0,0,0.0000
441,7936.42,634.90,NaN,NaN,NaN
442,8077.63,893.71,NaN,NaN,NaN
443,8244.84,48.16,0,0,0.0000
444,7996.93,852.47,NaN,NaN,NaN
445,8571.99,685.84,NaN,NaN,NaN
446,8515.91,731.66,NaN,NaN,NaN
447,8291.45,124.09,2,4,2.0000
448,8062.97,574.66,2,5,2.5000
449,8360.77,432.11,NaN,NaN,NaN
450,7839.27,772.69,0,0,0.0000
451,8177.51,462.22,NaN,NaN,NaN
452,8271.33,708.29,0,0,0.0000
453,7989.31,504.80,0,0,0.0000
454,8048.96,860.81,2,5,2.5000
455,7908.35,800.76,NaN,NaN,NaN
456,8445.30,609.85,0,0,0.0000
457,8100.47,770.32,0,0,0.0000
458,8532.93,32.57,NaN,NaN,NaN
459,7884.53,514.64,NaN,NaN,NaN
460,8444.27,88.76,0,0,0.0000
461,8047.75,624.59,NaN,NaN,NaN
462,8360.88,110.26,0,0,0.0000
463,8546.67,560.24,0,0,0.0000
464,8540.52,691.23,2,7,3.5000
465,8462.13,278.82,2,3,0.0000
466,8528.52,231.01,NaN,NaN,NaN
467,8603.81,580.53,NaN,NaN,NaN
468,8644.77,455.30,3,3,0.0000
469,8576.19,884.42,0,0,0.0000
470,8649.80,691.69,NaN,NaN,NaN
471,8633.41,234.09,NaN,NaN,NaN
472,8603.13,306.10,NaN,NaN,NaN
473,8667.48,344.67,NaN,NaN,NaN
474,8689.50,255.46,NaN,NaN,NaN
475,8631.38,771.26,0,0,0.0000
476,8593.44,739.48,NaN,NaN,NaN
477,8579.51,147.29,0,0,0.0000
478,10063.15,126.36,NaN,NaN,NaN
479,10095.07,164.08,NaN,NaN,NaN
480,10138.98,61.73,NaN,NaN,NaN
481,10725.72,367.95,NaN,NaN,NaN
482,10778.69,289.56,NaN,NaN,NaN
483,10189.14,150.43,3,2,0.0000
484,10209.10,233.43,0,0,0.0000
485,10836.27,437.43,NaN,NaN,NaN
486,10722.28,46.91,0,0,0.0000
487,10789.87,96.44,NaN,NaN,NaN
488,10851.46,55.13,NaN,NaN,NaN
489,10700.47,116.52,0,0,0.0000
490,10876.05,284.19,NaN,NaN,NaN
491,10783.91,210.92,2,2,0.0000
492,11076.92,116.14,NaN,NaN,NaN
493,11229.71,535.51,NaN,NaN,NaN
494,10977.24,432.09,NaN,NaN,NaN
495,10964.24,101.60,3,2,0.0000
496,10884.69,138.64,2,3,0.0000
497,11001.64,581.73,NaN,NaN,NaN
498,11051.89,434.01,0,0,0.0000
499,11182.29,729.88,2,5,2.5000
500,10911.87,480.66,NaN,NaN,NaN
501,11182.22,823.29,0,0,0.0000
502,11115.56,790.02,2,3,0.0000
503,10919.37,208.30,NaN,NaN,NaN
504,11132.11,510.93,NaN,NaN,NaN
505,11055.01,252.85,2,5,2.5000
506,10941.30,349.10,0,0,0.0000
507,10916.76,283.06,2,3,0.0000
508,11278.48,662.62,NaN,NaN,NaN
509,10947.13,620.25,NaN,NaN,NaN
510,10996.63,838.03,NaN,NaN,NaN
511,11063.66,882.75,0,0,0.0000
512,11151.17,659.16,0,0,0.0000
513,11242.03,835.26,NaN,NaN,NaN
514,11008.06,331.12,NaN,NaN,NaN
515,11049.87,336.87,NaN,NaN,NaN
516,10982.14,56.15,0,0,0.0000
517,11304.71,890.80,NaN,NaN,NaN
518,11014.15,521.47,2,5,2.5000
519,11217.15,678.90,0,0,0.0000
520,11276.31,807.19,NaN,NaN,NaN
521,11129.42,881.63,0,0,0.0000
522,11256.49,746.71,NaN,NaN,NaN
523,10912.39,551.23,NaN,NaN,NaN
524,11143.27,746.34,NaN,NaN,NaN
525,13797.30,171.71,0,0,0.0000
526,13851.65,650.08,0,0,0.0000
527,13876.64,491.34,NaN,NaN,NaN
528,13645.22,71.05,NaN,NaN,NaN
529,13543.07,284.92,NaN,NaN,NaN
530,13412.17,266.12,NaN,NaN,NaN
531,13708.22,290.77,NaN,NaN,NaN
532,13430.47,202.51,4,5,0.0000
533,13486.23,160.54,NaN,NaN,NaN
534,13800.48,400.58,NaN,NaN,NaN
535,13375.83,71.11,3,7,2.3333
536,13902.77,822.86,NaN,NaN,NaN
537,13480.13,506.75,4,7,0.0000
538,13744.25,632.93,2,5,2.5000
539,13758.88,550.83,0,0,0.0000
540,13669.12,567.05,0,0,0.0000
541,13584.19,197.57,0,0,0.0000
542,13677.79,410.79,NaN,NaN,NaN
543,13733.56,686.74,NaN,NaN,NaN
544,13922.19,405.22,NaN,NaN,NaN
545,13945.04,107.71,NaN,NaN,NaN
546,13899.01,55.62,NaN,NaN,NaN
547,13819.81,817.77,0,0,0.0000
548,13485.52,409.64,2,3,0.0000
549,13951.63,572.70,NaN,NaN,NaN
550,13456.23,393.22,2,5,2.5000
551,13748.61,846.99,2,2,0.0000
552,13674.03,356.25,NaN,NaN,NaN
553,13612.19,358.53,2,3,0.0000
554,13515.15,455.07,0,0,0.0000
555,13597.63,422.12,3,6,2.0000
556,13804.59,745.39,NaN,NaN,NaN
557,13612.02,553.41,0,0,0.0000
558,13918.48,655.18,NaN,NaN,NaN
559,13698.82,450.95,NaN,NaN,NaN
560,13640.37,629.34,0,0,0.0000
561,13767.87,471.20,2,2,0.0000
562,13552.47,134.78,2,3,0.0000
563,13519.84,320.26,NaN,NaN,NaN
564,13797.69,858.02,0,0,0.0000
565,13434.83,58.43,NaN,NaN,NaN
566,13638.85,235.41,NaN,NaN,NaN
567,13527.59,514.06,3,6,2.0000
568,13748.23,55.96,0,0,0.0000
569,14060.66,571.82,NaN,NaN,NaN
570,13984.50,792.86,NaN,NaN,NaN
571,14561.77,779.17,0,0,0.0000
572,14432.76,707.56,NaN,NaN,NaN
573,14100.20,840.48,2,2,0.0000
574,14236.26,549.71,NaN,NaN,NaN
575,14528.61,694.60,0,0,0.0000
576,14044.81,467.68,0,0,0.0000
577,13974.10,262.65,NaN,NaN,NaN
578,13974.54,658.43,2,3,0.0000
579,14128.79,511.11,2,8,4.0000
580,13990.18,177.22,NaN,NaN,NaN
581,14280.42,618.58,NaN,NaN,NaN
582,14118.98,689.62,0,0,0.0000
583,14070.88,138.84,NaN,NaN,NaN
584,13967.74,470.53,NaN,NaN,NaN
585,13997.13,393.40,0,0,0.0000
586,14165.84,807.82,2,3,0.0000
587,14330.79,666.75,2,2,0.0000
588,14179.17,482.07,NaN,NaN,NaN
589,14158.25,742.95,NaN,NaN,NaN
590,14057.58,419.64,0,0,0.0000
591,14460.33,841.93,2,3,0.0000
592,14197.59,625.98,0,0,0.0000
593,14029.04,697.72,0,0,0.0000
594,14474.41,143.81,NaN,NaN,NaN
595,14422.55,214.43,0,0,0.0000
596,14434.12,150.35,NaN,NaN,NaN
597,13976.17,49.72,NaN,NaN,NaN
598,15431.76,327.35,NaN,NaN,NaN
599,15217.21,587.05,NaN,NaN,NaN
600,14946.31,711.87,2,6,3.0000
601,15139.01,786.18,2,2,0.0000
602,14876.61,246.60,NaN,NaN,NaN
603,15169.98,329.77,NaN,NaN,NaN
604,15235.00,833.01,NaN,NaN,NaN
605,15020.99,664.71,NaN,NaN,NaN
606,15451.22,495.07,0,0,0.0000
607,15440.78,738.48,NaN,NaN,NaN
608,15342.25,208.52,NaN,NaN,NaN
609,15374.88,454.61,0,0,0.0000
610,14994.83,419.03,2,3,0.0000
611,14895.37,419.33,NaN,NaN,NaN
612,15456.65,861.96,NaN,NaN,NaN
613,14861.57,338.73,2,3,0.0000
614,15373.31,91.44,NaN,NaN,NaN
615,15184.96,224.69,2,4,2.0000
616,15252.85,404.04,0,0,0.0000
617,15430.16,145.60,0,0,0.0000
618,14976.33,208.88,0,0,0.0000
619,14970.08,859.62,NaN,NaN,NaN
620,15309.24,126.31,NaN,NaN,NaN
621,15291.38,480.55,0,0,0.0000
622,15333.90,809.25,2,4,2.0000
623,15073.62,725.73,NaN,NaN,NaN
624,14907.99,607.72,0,0,0.0000
625,15207.00,139.36,NaN,NaN,NaN
626,15104.16,270.80,NaN,NaN,NaN
627,15425.51,649.05,2,3,0.0000
628,15348.89,543.44,NaN,NaN,NaN
629,14962.81,499.49,0,0,0.0000
630,15063.81,649.10,NaN,NaN,NaN
631,15297.52,721.47,0,0,0.0000
632,15153.12,857.99,NaN,NaN,NaN
633,15261.95,84.30,2,6,3.0000
634,15107.99,461.68,0,0,0.0000
635,15038.67,257.55,NaN,NaN,NaN
636,15238.36,711.09,NaN,NaN,NaN
637,14912.14,147.12,0,0,0.0000
638,14954.75,567.55,2,3,0.0000
639,15016.70,317.02,NaN,NaN,NaN
640,15134.46,725.25,NaN,NaN,NaN
641,14984.76,115.18,0,0,0.0000
642,14763.85,98.51,2,6,3.0000
643,14819.30,148.92,NaN,NaN,NaN
644,15099.79,359.73,NaN,NaN,NaN
645,15050.68,527.58,NaN,NaN,NaN
646,14982.78,45.32,0,0,0.0000
647,14922.79,460.66,0,0,0.0000
648,15098.18,584.80,NaN,NaN,NaN
649,15092.85,224.03,3,6,2.0000
650,15027.46,465.15,3,5,0.0000
651,15059.54,826.42,NaN,NaN,NaN
652,15274.39,195.96,3,5,0.0000
653,15338.40,887.02,0,0,0.0000
654,15000.47,550.56,0,0,0.0000
655,15266.85,250.26,NaN,NaN,NaN
656,15427.70,61.19,2,5,2.5000
657,15328.25,295.96,NaN,NaN,NaN
658,15100.17,894.28,NaN,NaN,NaN
659,14792.73,197.48,NaN,NaN,NaN
660,15152.63,446.32,0,0,0.0000
661,14936.19,328.39,0,0,0.0000
662,15138.70,658.46,0,0,0.0000
663,14844.65,404.26,NaN,NaN,NaN
664,15315.60,596.27,0,0,0.0000
665,15399.84,206.02,0,0,0.0000
666,15189.20,418.53,NaN,NaN,NaN
667,15197.76,710.83,0,0,0.0000
668,15056.53,568.96,NaN,NaN,NaN
669,15350.99,616.79,NaN,NaN,NaN
670,15058.28,345.16,NaN,NaN,NaN
671,15459.74,201.34,NaN,NaN,NaN
672,15080.62,313.17,NaN,NaN,NaN
673,15530.77,557.38,NaN,NaN,NaN
674,15839.53,127.80,2,6,3.0000
675,15628.40,158.38,0,0,0.0000
676,15913.18,139.21,0,0,0.0000
677,15910.69,878.81,2,1,0.0000
678,15652.78,667.99,NaN,NaN,NaN
679,15826.71,740.07,NaN,NaN,NaN
680,16082.48,109.13,NaN,NaN,NaN
681,15666.14,482.13,0,0,0.0000
682,15747.77,115.19,NaN,NaN,NaN
683,15627.46,823.85,2,3,0.0000
684,15938.54,789.31,NaN,NaN,NaN
685,15509.38,657.65,2,4,2.0000
686,15544.81,351.45,NaN,NaN,NaN
687,15684.09,265.74,3,5,0.0000
688,15629.26,398.69,NaN,NaN,NaN
689,15563.93,738.72,0,0,0.0000
690,15736.47,733.34,2,4,2.0000
691,15737.71,334.89,NaN,NaN,NaN
692,16200.46,109.36,NaN,NaN,NaN
693,15553.21,207.08,NaN,NaN,NaN
694,16345.78,394.11,2,4,2.0000
695,15942.12,273.89,NaN,NaN,NaN
696,16125.55,190.14,0,0,0.0000
697,16263.35,365.47,0,0,0.0000
698,15934.31,333.39,4,9,2.2500
699,15806.06,379.12,NaN,NaN,NaN
700,16047.84,890.69,3,3,0.0000
701,16313.12,455.67,NaN,NaN,NaN
702,15704.23,832.23,NaN,NaN,NaN
703,15729.80,213.86,NaN,NaN,NaN
704,15783.34,52.73,NaN,NaN,NaN
705,15741.89,810.47,NaN,NaN,NaN
706,16259.32,73.29,NaN,NaN,NaN
707,15618.56,571.45,0,0,0.0000
708,16122.65,64.64,NaN,NaN,NaN
709,16007.57,833.24,NaN,NaN,NaN
710,15753.41,268.32,NaN,NaN,NaN
711,15553.72,428.99,0,0,0.0000
712,15589.85,255.63,NaN,NaN,NaN
713,15805.99,264.13,2,4,2.0000
714,16169.82,32.65,NaN,NaN,NaN
715,15952.10,71.58,0,0,0.0000
716,15763.67,183.36,NaN,NaN,NaN
717,15591.63,64.28,0,0,0.0000
718,15627.83,340.44,0,0,0.0000
719,15556.46,260.42,0,0,0.0000
720,15678.67,357.33,NaN,NaN,NaN
721,15503.87,240.01,NaN,NaN,NaN
722,16204.94,380.27,0,0,0.0000
723,15967.44,839.86,NaN,NaN,NaN
724,15863.82,804.36,NaN,NaN,NaN
725,16313.68,311.44,NaN,NaN,NaN
726,15930.59,721.61,0,0,0.0000
727,15548.35,819.67,0,0,0.0000
728,15657.57,751.53,0,0,0.0000
729,15653.10,548.26,0,0,0.0000
730,15663.83,584.07,0,0,0.0000
731,15787.86,819.21,0,0,0.0000
732,16042.38,11.01,0,0,0.0000
733,15513.39,203.01,NaN,NaN,NaN
734,15903.64,754.29,0,0,0.0000
735,824.43,1410.50,4,6,0.0000
736,299.82,1188.25,5,4,0.0000
737,833.40,1599.93,NaN,NaN,NaN
738,292.99,1028.30,4,5,0.0000
739,661.21,1553.64,0,0,0.0000
740,163.95,957.50,NaN,NaN,NaN
741,822.07,1176.73,2,5,2.5000
742,618.27,1632.77,NaN,NaN,NaN
743,716.02,1319.28,NaN,NaN,NaN
744,819.60,1307.93,NaN,NaN,NaN
745,790.02,1544.09,6,6,0.0000
746,402.28,1622.51,4,4,0.0000
747,515.59,1514.58,0,0,0.0000
748,604.41,1480.15,0,0,0.0000
749,99.82,1089.90,NaN,NaN,NaN
750,886.63,1128.41,NaN,NaN,NaN
751,43.17,1069.44,2,2,0.0000
752,379.80,1042.30,NaN,NaN,NaN
753,489.79,1598.47,0,0,0.0000
754,771.33,1273.26,NaN,NaN,NaN
755,497.73,1656.05,NaN,NaN,NaN
756,817.77,1486.09,NaN,NaN,NaN
757,712.83,1425.73,NaN,NaN,NaN
758,351.74,1099.81,NaN,NaN,NaN
759,51.42,1013.99,0,0,0.0000
760,747.89,1461.74,NaN,NaN,NaN
761,85.70,1189.29,NaN,NaN,NaN
762,63.10,1306.57,0,0,0.0000
763,591.18,1558.15,0,0,0.0000
764,94.96,963.26,NaN,NaN,NaN
765,877.03,1268.25,NaN,NaN,NaN
766,93.20,1262.73,0,0,0.0000
767,20.41,1140.10,NaN,NaN,NaN
768,544.44,1607.67,0,0,0.0000
769,207.18,1029.08,NaN,NaN,NaN
770,554.16,1549.62,0,0,0.0000
771,421.61,993.19,3,3,0.0000
772,559.13,1449.70,NaN,NaN,NaN
773,756.05,1656.14,NaN,NaN,NaN
774,45.80,1193.63,0,0,0.0000
775,829.62,1129.40,NaN,NaN,NaN
776,342.78,1181.72,NaN,NaN,NaN
777,725.92,1617.12,NaN,NaN,NaN
778,643.25,1438.17,NaN,NaN,NaN
779,865.47,1512.91,2,6,3.0000
780,982.29,1566.76,NaN,NaN,NaN
781,1318.07,1085.75,0,0,0.0000
782,1580.68,1268.89,NaN,NaN,NaN
783,993.22,1341.26,NaN,NaN,NaN
784,1296.61,1174.40,NaN,NaN,NaN
785,1643.06,1140.64,NaN,NaN,NaN
786,1296.63,954.75,0,0,0.0000
787,1195.34,1247.05,NaN,NaN,NaN
788,1596.98,1375.96,NaN,NaN,NaN
789,1230.15,954.51,3,5,0.0000
790,1045.93,924.14,NaN,NaN,NaN
791,1608.40,1531.47,0,0,0.0000
792,959.35,1179.64,0,0,0.0000
793,1556.22,1127.08,NaN,NaN,NaN
794,1066.31,1072.66,3,7,2.3333
795,925.27,1615.23,NaN,NaN,NaN
796,1105.27,941.81,NaN,NaN,NaN
797,1519.71,1250.67,NaN,NaN,NaN
798,1492.05,1190.02,2,2,0.0000
799,1193.46,1118.05,NaN,NaN,NaN
800,1595.95,1049.57,2,3,0.0000
801,1014.50,1016.64,2,5,2.5000
802,1282.86,1232.33,NaN,NaN,NaN
803,911.02,1342.70,NaN,NaN,NaN
804,1100.68,1124.07,2,3,0.0000
805,1367.99,1155.26,NaN,NaN,NaN
806,1659.58,1470.38,0,0,0.0000
807,1486.76,1587.56,NaN,NaN,NaN
808,1056.57,1203.09,NaN,NaN,NaN
809,1456.41,1264.91,2,5,2.5000
810,1542.33,1498.58,NaN,NaN,NaN
811,1114.82,1171.90,NaN,NaN,NaN
812,927.22,1268.23,NaN,NaN,NaN
813,1515.76,1422.34,NaN,NaN,NaN
814,954.09,1421.61,0,0,0.0000
815,905.50,1403.00,NaN,NaN,NaN
816,1117.15,1246.30,2,3,0.0000
817,1226.50,1023.86,0,0,0.0000
818,1154.35,1208.18,NaN,NaN,NaN
819,1433.24,1100.62,3,3,0.0000
820,1515.05,1360.24,NaN,NaN,NaN
821,999.53,1457.64,NaN,NaN,NaN
822,1159.17,942.86,NaN,NaN,NaN
823,996.04,1252.50,2,5,2.5000
824,1638.23,1412.77,3,9,3.0000
825,1362.94,1024.02,0,0,0.0000
826,1051.81,1280.25,NaN,NaN,NaN
827,1578.02,1649.42,NaN,NaN,NaN
828,1557.34,1426.75,NaN,NaN,NaN
829,1524.54,1632.42,2,2,0.0000
830,1191.54,1179.93,0,0,0.0000
831,1021.53,1425.29,0,0,0.0000
832,1650.09,931.39,0,0,0.0000
833,1421.61,1227.50,2,5,2.5000
834,1414.55,1203.99,2,2,0.0000
835,1370.94,973.25,2,2,0.0000
836,927.38,1122.25,NaN,NaN,NaN
837,1376.94,1212.95,NaN,NaN,NaN
838,1530.11,1576.68,2,2,0.0000
839,944.94,1517.12,NaN,NaN,NaN
840,1242.63,1077.41,0,0,0.0000
841,1559.84,1565.17,NaN,NaN,NaN
842,1045.86,1152.48,2,1,0.0000
843,1396.08,950.37,NaN,NaN,NaN
844,1061.40,1467.37,0,0,0.0000
845,1867.35,953.19,NaN,NaN,NaN
846,1780.00,1652.01,NaN,NaN,NaN
847,1704.15,1015.12,0,0,0.0000
848,2351.07,1076.69,NaN,NaN,NaN
849,1765.03,984.08,4,8,2.0000
850,1677.68,1307.06,3,5,0.0000
851,1887.36,1162.52,NaN,NaN,NaN
852,1832.12,1083.65,NaN,NaN,NaN
853,1736.22,1487.63,NaN,NaN,NaN
854,1870.76,1547.40,NaN,NaN,NaN
855,2374.38,1231.85,2,5,2.5000
856,2337.40,1328.58,3,5,0.0000
857,1865.56,1434.19,NaN,NaN,NaN
858,1918.06,1271.74,NaN,NaN,NaN
859,1795.99,1513.73,2,4,2.0000
860,1745.54,1133.91,NaN,NaN,NaN
861,2403.79,1400.07,0,0,0.0000
862,2322.77,1142.29,NaN,NaN,NaN
863,1932.99,1084.67,NaN,NaN,NaN
864,1728.00,1400.09,NaN,NaN,NaN
865,2313.52,1192.06,0,0,0.0000
866,1786.69,1337.58,NaN,NaN,NaN
867,1969.03,1426.98,0,0,0.0000
868,1904.54,1629.35,2,2,0.0000
869,2012.79,1307.82,NaN,NaN,NaN
870,2045.11,1563.44,NaN,NaN,NaN
871,2017.34,1094.32,2,5,2.5000
872,2226.35,1011.32,3,4,0.0000
873,2007.91,1253.41,NaN,NaN,NaN
874,1696.00,1552.47,0,0,0.0000
875,2047.55,1477.99,NaN,NaN,NaN
876,1954.90,1594.16,NaN,NaN,NaN
877,1954.98,997.00,0,0,0.0000
878,1855.59,1316.94,3,7,2.3333
879,1786.49,1265.82,NaN,NaN,NaN
880,2035.33,1136.43,NaN,NaN,NaN
881,2265.28,1090.91,NaN,NaN,NaN
882,1796.36,1393.65,0,0,0.0000
883,1755.32,1203.36,0,0,0.0000
884,2105.92,1562.93,NaN,NaN,NaN
885,2122.23,1456.17,0,0,0.0000
886,1939.28,1483.95,NaN,NaN,NaN
887,1817.77,1590.57,NaN,NaN,NaN
888,2085.33,1627.51,0,0,0.0000
889,2091.70,1491.12,NaN,NaN,NaN
890,1920.89,1377.31,0,0,0.0000
891,1966.54,1189.83,NaN,NaN,NaN
892,1934.03,1334.87,0,0,0.0000
893,2003.25,1492.22,NaN,NaN,NaN
894,2286.20,1013.38,0,0,0.0000
895,1674.42,1610.86,0,0,0.0000
896,1828.68,1225.82,NaN,NaN,NaN
897,2189.64,986.62,NaN,NaN,NaN
898,2025.40,1216.69,0,0,0.0000
899,1686.90,899.99,0,0,0.0000
900,2027.36,1653.00,0,0,0.0000
901,2410.28,1140.62,NaN,NaN,NaN
902,1996.34,1174.74,0,0,0.0000
903,1674.13,1065.81,0,0,0.0000
904,2480.55,1507.11,NaN,NaN,NaN
905,2571.32,1242.39,NaN,NaN,NaN
906,2600.82,1440.07,2,3,0.0000
907,2636.93,1313.00,0,0,0.0000
908,3091.32,1140.67,0,0,0.0000
909,2438.64,1314.34,NaN,NaN,NaN
910,2520.42,1397.45,NaN,NaN,NaN
911,2514.23,1136.85,3,1,0.0000
912,2525.93,1188.12,NaN,NaN,NaN
913,3191.24,1373.56,2,6,3.0000
914,2445.78,1423.47,NaN,NaN,NaN
915,2567.46,1304.14,NaN,NaN,NaN
916,2461.47,1222.21,NaN,NaN,NaN
917,3039.72,1273.76,NaN,NaN,NaN
918,2714.56,1384.62,0,0,0.0000
919,3191.58,1175.79,3,4,0.0000
920,2457.46,1083.83,NaN,NaN,NaN
921,3097.10,1335.84,NaN,NaN,NaN
922,2677.68,1424.09,0,0,0.0000
923,3104.59,1201.73,0,0,0.0000
924,3144.06,1394.86,0,0,0.0000
925,2994.99,1184.74,2,3,0.0000
926,3147.38,1325.96,NaN,NaN,NaN
927,3054.86,1207.53,2,6,3.0000
928,2555.90,1347.38,NaN,NaN,NaN
929,2462.28,1358.19,NaN,NaN,NaN
930,2564.54,1126.28,0,0,0.0000
931,3184.90,1227.44,2,1,0.0000
932,2549.27,1062.80,0,0,0.0000
933,2713.47,1225.00,NaN,NaN,NaN
934,2502.81,1345.35,0,0,0.0000
935,3336.04,1036.67,NaN,NaN,NaN
936,3504.71,1590.25,NaN,NaN,NaN
937,3337.11,1454.58,NaN,NaN,NaN
938,3307.46,1511.78,0,0,0.0000
939,3390.07,1373.23,NaN,NaN,NaN
940,3417.72,1609.14,NaN,NaN,NaN
941,3370.85,1177.49,3,5,0.0000
942,3410.90,1037.73,NaN,NaN,NaN
943,3423.62,1123.44,2,4,2.0000
944,3325.20,1597.65,NaN,NaN,NaN
945,3233.25,1281.11,2,4,2.0000
946,3640.97,1650.11,0,0,0.0000
947,3525.16,1415.19,4,4,0.0000
948,3412.88,1538.64,3,7,2.3333
949,3425.72,1273.33,0,0,0.0000
950,3663.68,1514.42,NaN,NaN,NaN
951,3703.30,1527.16,NaN,NaN,NaN
952,3335.68,1350.59,3,5,0.0000
953,3734.78,1577.42,NaN,NaN,NaN
954,3549.83,1478.53,0,0,0.0000
955,3428.66,1350.39,2,3,0.0000
956,3580.28,1574.77,NaN,NaN,NaN
957,3879.75,1657.77,2,3,0.0000
958,3514.25,1294.39,3,6,2.0000
959,3288.51,1171.42,NaN,NaN,NaN
960,3262.96,1431.95,NaN,NaN,NaN
961,3326.93,1298.88,NaN,NaN,NaN
962,3696.26,1595.55,NaN,NaN,NaN
963,3248.17,1509.43,NaN,NaN,NaN
964,3284.05,1321.36,0,0,0.0000
965,3272.58,1131.87,NaN,NaN,NaN
966,3467.07,1055.47,NaN,NaN,NaN
967,3440.70,1467.77,2,4,2.0000
968,3200.35,1131.35,3,5,0.0000
969,3398.00,971.12,2,4,2.0000
970,3464.58,1210.25,0,0,0.0000
971,3252.02,1107.40,NaN,NaN,NaN
972,3205.07,1063.58,NaN,NaN,NaN
973,3585.84,1495.55,0,0,0.0000
974,3491.68,1457.22,0,0,0.0000
975,3635.12,1550.03,0,0,0.0000
976,4615.72,1163.24,0,0,0.0000
977,4226.02,964.21,2,7,3.5000
978,4613.08,1320.32,2,2,0.0000
979,4577.64,1007.11,NaN,NaN,NaN
980,4688.69,1085.38,0,0,0.0000
981,4571.72,1239.17,NaN,NaN,NaN
982,4524.31,1385.75,0,0,0.0000
983,4713.88,1182.55,0,0,0.0000
984,4724.63,1036.21,0,0,0.0000
985,4604.61,932.34,0,0,0.0000
986,4418.81,943.65,0,0,0.0000
987,4398.61,1249.75,3,4,0.0000
988,4276.00,1253.48,NaN,NaN,NaN
989,4471.63,1131.09,2,3,0.0000
990,4452.01,1066.17,2,3,0.0000
991,4511.41,1063.08,0,0,0.0000
992,4517.94,1003.26,3,5,0.0000
993,4173.35,925.97,0,0,0.0000
994,4293.89,1104.65,0,0,0.0000
995,4539.43,1142.69,NaN,NaN,NaN
996,4388.37,1207.44,NaN,NaN,NaN
997,4328.70,931.63,NaN,NaN,NaN
998,4464.39,1339.65,0,0,0.0000
999,4114.95,900.78,0,0,0.0000
1000,4382.35,1011.11,NaN,NaN,NaN
1001,4515.64,1207.07,0,0,0.0000
1002,4483.56,1288.92,0,0,0.0000
1003,4438.52,1151.68,NaN,NaN,NaN
1004,4459.03,1234.52,3,5,0.0000
1005,4331.12,1197.98,NaN,NaN,NaN
1006,4387.30,1158.72,0,0,0.0000
1007,4096.24,974.49,NaN,NaN,NaN
1008,4531.76,1306.67,0,0,0.0000
1009,4047.70,1024.72,3,4,0.0000
1010,4546.52,1036.95,0,0,0.0000
1011,4932.56,962.28,0,0,0.0000
1012,4814.02,1213.43,NaN,NaN,NaN
1013,5162.67,1294.85,3,6,2.0000
1014,4951.59,1349.40,0,0,0.0000
1015,4935.96,1094.43,NaN,NaN,NaN
1016,5309.84,1131.57,NaN,NaN,NaN
1017,5128.80,1640.88,0,0,0.0000
1018,5187.89,1450.57,NaN,NaN,NaN
1019,5120.14,1331.78,0,0,0.0000
1020,4827.28,1060.93,NaN,NaN,NaN
1021,5018.79,1016.15,NaN,NaN,NaN
1022,5406.64,1012.74,2,3,0.0000
1023,5288.98,913.54,2,2,0.0000
1024,5423.29,1277.10,NaN,NaN,NaN
1025,4930.14,1188.04,NaN,NaN,NaN
1026,4859.96,1137.22,NaN,NaN,NaN
1027,5373.93,1099.16,0,0,0.0000
1028,5213.63,1239.02,0,0,0.0000
1029,4946.54,1476.27,0,0,0.0000
1030,5127.32,1442.15,NaN,NaN,NaN
1031,5301.18,1072.61,NaN,NaN,NaN
1032,5337.32,1013.37,NaN,NaN,NaN
1033,5454.18,916.28,4,2,0.0000
1034,5463.33,1085.00,NaN,NaN,NaN
1035,5104.97,1558.50,4,7,0.0000
1036,5218.16,900.25,NaN,NaN,NaN
1037,5274.69,1367.64,NaN,NaN,NaN
1038,5283.27,1008.60,NaN,NaN,NaN
1039,5372.56,1469.57,2,3,0.0000
1040,5272.02,957.95,NaN,NaN,NaN
1041,5181.31,1598.01,NaN,NaN,NaN
1042,5468.18,981.77,NaN,NaN,NaN
1043,4778.20,1108.35,0,0,0.0000
1044,5432.43,1146.28,0,0,0.0000
1045,5485.80,1175.81,NaN,NaN,NaN
1046,5053.57,1465.35,NaN,NaN,NaN
1047,5382.99,1540.39,NaN,NaN,NaN
1048,5460.22,1424.49,NaN,NaN,NaN
1049,5345.82,1581.02,2,6,3.0000
1050,5457.86,1209.42,NaN,NaN,NaN
1051,5074.14,1084.76,0,0,0.0000
1052,5470.51,1584.72,NaN,NaN,NaN
1053,4887.31,1284.44,0,0,0.0000
1054,5366.49,1414.88,0,0,0.0000
1055,4957.09,1423.30,0,0,0.0000
1056,4788.71,1000.65,3,8,2.6667
1057,5364.85,1214.50,2,4,2.0000
1058,5361.36,966.57,0,0,0.0000
1059,5395.54,1134.49,NaN,NaN,NaN
1060,5379.78,1319.30,2,3,0.0000
1061,5464.84,1048.61,0,0,0.0000
1062,5205.91,1406.50,NaN,NaN,NaN
1063,5200.08,1521.17,NaN,NaN,NaN
1064,4971.80,1643.73,NaN,NaN,NaN
1065,4971.06,1257.06,NaN,NaN,NaN
1066,5384.88,1261.98,3,4,0.0000
1067,5368.65,927.73,NaN,NaN,NaN
1068,5057.66,1200.40,3,2,0.0000
1069,5347.84,1346.17,0,0,0.0000
1070,5008.19,1431.73,0,0,0.0000
1071,5444.76,1522.40,NaN,NaN,NaN
1072,5458.44,1479.82,0,0,0.0000
1073,5254.52,1574.48,NaN,NaN,NaN
1074,4950.68,899.63,2,4,2.0000
1075,5286.69,1640.75,2,7,3.5000
1076,5407.57,1606.65,NaN,NaN,NaN
1077,6236.14,1576.27,NaN,NaN,NaN
1078,6115.40,1162.76,NaN,NaN,NaN
1079,6148.93,1320.11,0,0,0.0000
1080,6259.15,1069.99,3,10,3.3333
1081,6091.81,1076.36,NaN,NaN,NaN
1082,5936.16,1611.09,2,3,0.0000
1083,6058.10,1623.31,NaN,NaN,NaN
1084,6176.69,904.41,NaN,NaN,NaN
1085,5943.28,1187.31,NaN,NaN,NaN
1086,6215.03,1192.47,0,0,0.0000
1087,6171.88,1050.53,0,0,0.0000
1088,6054.10,951.98,0,0,0.0000
1089,5806.77,1572.08,3,6,2.0000
1090,6100.03,1391.79,NaN,NaN,NaN
1091,5923.86,1322.10,NaN,NaN,NaN
1092,5854.06,1482.58,0,0,0.0000
1093,5973.52,1464.78,NaN,NaN,NaN
1094,6226.48,1373.42,0,0,0.0000
1095,6069.25,1535.23,NaN,NaN,NaN
1096,5900.95,1414.48,NaN,NaN,NaN
1097,6055.59,1456.77,NaN,NaN,NaN
1098,5981.37,1548.01,NaN,NaN,NaN
1099,5513.05,913.33,NaN,NaN,NaN
1100,6021.93,1272.67,2,6,3.0000
1101,6004.43,1094.26,NaN,NaN,NaN
1102,6037.70,1167.73,NaN,NaN,NaN
1103,5956.27,1250.39,4,3,0.0000
1104,6235.37,1641.68,3,2,0.0000
1105,6139.42,1524.30,0,0,0.0000
1106,5992.74,1027.52,NaN,NaN,NaN
1107,5964.54,1354.27,NaN,NaN,NaN
1108,6176.20,1247.64,0,0,0.0000
1109,6049.00,1338.49,2,3,0.0000
1110,6257.48,1441.15,2,9,4.5000
1111,5909.32,1475.75,NaN,NaN,NaN
1112,5520.13,990.69,2,2,0.0000
1113,5923.01,1502.59,NaN,NaN,NaN
1114,6199.06,1656.19,NaN,NaN,NaN
1115,6099.16,1001.47,NaN,NaN,NaN
1116,6389.55,1284.11,2,1,0.0000
1117,6674.20,1200.28,NaN,NaN,NaN
1118,7012.68,1424.35,2,3,0.0000
1119,6494.74,1020.54,0,0,0.0000
1120,6488.05,1289.17,NaN,NaN,NaN
1121,6376.90,1142.59,0,0,0.0000
1122,6532.05,897.21,NaN,NaN,NaN
1123,6531.69,1574.77,2,1,0.0000
1124,6909.11,1168.33,NaN,NaN,NaN
1125,6403.79,1029.91,0,0,0.0000
1126,6720.15,1337.26,NaN,NaN,NaN
1127,6908.93,1234.68,NaN,NaN,NaN
1128,6300.37,1367.55,0,0,0.0000
1129,6507.24,1126.56,0,0,0.0000
1130,6779.02,1261.19,2,3,0.0000
1131,6566.67,1206.19,NaN,NaN,NaN
1132,6983.44,1229.56,2,3,0.0000
1133,6869.07,1111.74,NaN,NaN,NaN
1134,6723.80,1094.25,NaN,NaN,NaN
1135,6789.00,1395.29,NaN,NaN,NaN
1136,6863.30,1610.70,2,4,2.0000
1137,6718.19,1468.94,NaN,NaN,NaN
1138,6907.45,1401.12,0,0,0.0000
1139,6772.86,1170.41,NaN,NaN,NaN
1140,6445.58,1195.90,2,1,0.0000
1141,6309.67,1251.08,NaN,NaN,NaN
1142,7016.45,1337.12,NaN,NaN,NaN
1143,6590.58,1286.37,3,3,0.0000
1144,6582.17,1396.68,NaN,NaN,NaN
1145,6727.95,1411.22,NaN,NaN,NaN
1146,6661.87,1562.45,NaN,NaN,NaN
1147,6608.97,932.64,2,5,2.5000
1148,7023.74,1192.46,0,0,0.0000
1149,6454.54,924.70,3,6,2.0000
1150,6668.52,1402.40,0,0,0.0000
1151,6876.70,1502.35,2,7,3.5000
1152,6771.35,1535.80,NaN,NaN,NaN
1153,6699.14,1035.38,3,5,0.0000
1154,6581.90,1035.92,NaN,NaN,NaN
1155,6900.61,927.76,NaN,NaN,NaN
1156,6802.06,1039.50,0,0,0.0000
1157,6715.07,1525.94,NaN,NaN,NaN
1158,6701.53,992.62,3,6,2.0000
1159,6830.50,1535.50,2,9,4.5000
1160,6691.23,1597.92,3,5,0.0000
1161,6742.66,938.81,2,3,0.0000
1162,6612.33,1576.91,2,1,0.0000
1163,6923.95,1308.05,NaN,NaN,NaN
1164,6632.77,1366.04,NaN,NaN,NaN
1165,6613.59,1517.91,2,1,0.0000
1166,6671.72,1651.30,NaN,NaN,NaN
1167,6988.53,1051.70,NaN,NaN,NaN
1168,7031.43,1613.04,2,5,2.5000
1169,6941.51,1602.15,NaN,NaN,NaN
1170,6820.53,1467.26,0,0,0.0000
1171,7006.27,1655.95,NaN,NaN,NaN
1172,6541.44,1343.97,0,0,0.0000
1173,6498.81,1192.02,NaN,NaN,NaN
1174,6577.32,1328.17,NaN,NaN,NaN
1175,6807.75,1629.96,NaN,NaN,NaN
1176,6861.53,1021.36,NaN,NaN,NaN
1177,6575.82,1622.83,NaN,NaN,NaN
1178,6679.91,1275.89,NaN,NaN,NaN
1179,6972.09,1323.92,0,0,0.0000
1180,6908.38,1014.71,2,6,3.0000
1181,6291.72,1175.88,0,0,0.0000
1182,6868.81,1283.88,0,0,0.0000
1183,6724.76,1650.15,NaN,NaN,NaN
1184,7012.89,1558.72,0,0,0.0000
1185,6377.44,1558.41,0,0,0.0000
1186,6977.59,1558.32,3,3,0.0000
1187,6833.78,1177.68,NaN,NaN,NaN
1188,6646.64,1075.00,0,0,0.0000
1189,6779.23,967.68,NaN,NaN,NaN
1190,6837.00,1391.31,0,0,0.0000
1191,6760.26,1580.83,NaN,NaN,NaN
1192,7117.29,1638.35,NaN,NaN,NaN
1193,7130.78,1348.86,NaN,NaN,NaN
1194,7592.01,1053.80,3,7,2.3333
1195,7648.61,1308.92,3,3,0.0000
1196,7592.74,1194.67,NaN,NaN,NaN
1197,7402.13,1390.56,3,8,2.6667
1198,7736.21,1288.40,0,0,0.0000
1199,7315.53,1423.69,NaN,NaN,NaN
1200,7622.68,976.80,NaN,NaN,NaN
1201,7220.50,1347.70,NaN,NaN,NaN
1202,7307.25,1530.89,NaN,NaN,NaN
1203,7281.00,1056.28,NaN,NaN,NaN
1204,7159.73,1253.70,4,10,2.5000
1205,7415.50,1282.25,NaN,NaN,NaN
1206,7583.47,1402.89,NaN,NaN,NaN
1207,7143.77,1493.13,2,4,2.0000
1208,7705.68,1521.77,0,0,0.0000
1209,7601.02,1538.15,NaN,NaN,NaN
1210,7301.36,1614.80,2,4,2.0000
1211,7713.52,990.31,0,0,0.0000
1212,7095.48,1154.88,0,0,0.0000
1213,7284.53,1285.71,NaN,NaN,NaN
1214,7773.05,1591.12,NaN,NaN,NaN
1215,7545.82,918.98,2,3,0.0000
1216,7523.97,1571.68,NaN,NaN,NaN
1217,7731.18,1071.33,0,0,0.0000
1218,7409.30,1605.05,NaN,NaN,NaN
1219,7221.02,949.64,2,3,0.0000
1220,7719.46,910.73,NaN,NaN,NaN
1221,7356.86,1198.35,NaN,NaN,NaN
1222,7665.27,1196.53,0,0,0.0000
1223,7062.55,1498.58,0,0,0.0000
1224,7470.52,1456.77,2,5,2.5000
1225,7346.37,1121.12,3,3,0.0000
1226,7531.23,1090.14,0,0,0.0000
1227,7170.17,1054.13,NaN,NaN,NaN
1228,7702.23,1417.45,0,0,0.0000
1229,7053.42,1279.83,2,4,2.0000
1230,7303.43,898.22,NaN,NaN,NaN
1231,7256.84,1136.26,NaN,NaN,NaN
1232,7444.34,1559.17,NaN,NaN,NaN
1233,7573.43,1563.07,NaN,NaN,NaN
1234,7491.87,1637.23,NaN,NaN,NaN
1235,7559.42,1644.56,3,6,2.0000
1236,7761.49,1648.97,NaN,NaN,NaN
1237,7715.61,1169.53,NaN,NaN,NaN
1238,7791.60,1115.07,3,5,0.0000
1239,7062.69,1052.50,NaN,NaN,NaN
1240,7440.37,1185.39,0,0,0.0000
1241,7567.20,1300.19,2,2,0.0000
1242,7516.26,1250.42,NaN,NaN,NaN
1243,7770.09,1182.16,3,6,2.0000
1244,7231.28,1255.08,NaN,NaN,NaN
1245,7677.91,1600.04,0,0,0.0000
1246,7183.72,1124.81,NaN,NaN,NaN
1247,7070.96,1227.66,2,3,0.0000
1248,7499.54,1298.39,NaN,NaN,NaN
1249,7465.95,1343.03,NaN,NaN,NaN
1250,7367.05,913.01,2,3,0.0000
1251,7200.22,1625.74,NaN,NaN,NaN
1252,7513.82,1373.83,4,4,0.0000
1253,7101.84,1111.61,0,0,0.0000
1254,7285.43,988.63,0,0,0.0000
1255,7195.35,1474.86,0,0,0.0000
1256,7620.89,917.38,0,0,0.0000
1257,7295.26,1481.07,0,0,0.0000
1258,7263.07,930.70,NaN,NaN,NaN
1259,7453.56,918.89,0,0,0.0000
1260,7802.69,923.59,NaN,NaN,NaN
1261,7643.12,1450.40,NaN,NaN,NaN
1262,7403.14,908.85,0,0,0.0000
1263,7739.99,1447.52,0,0,0.0000
1264,7300.05,1354.67,NaN,NaN,NaN
1265,7191.84,1198.94,0,0,0.0000
1266,7229.10,1434.11,0,0,0.0000
1267,7539.16,1472.77,NaN,NaN,NaN
1268,7767.94,1532.47,0,0,0.0000
1269,7271.75,1229.11,NaN,NaN,NaN
1270,7613.82,1484.65,2,2,0.0000
1271,7666.67,1397.61,0,0,0.0000
1272,7277.32,1200.00,0,0,0.0000
1273,7748.38,1128.63,0,0,0.0000
1274,7219.29,1034.00,0,0,0.0000
1275,7091.41,955.00,3,3,0.0000
1276,7388.79,1471.90,NaN,NaN,NaN
1277,7370.17,1060.58,0,0,0.0000
1278,7485.58,1202.34,0,0,0.0000
1279,7780.19,926.21,0,0,0.0000
1280,7518.36,1419.47,NaN,NaN,NaN
1281,7207.52,1161.91,NaN,NaN,NaN
1282,8093.61,1580.73,NaN,NaN,NaN
1283,8398.74,904.61,NaN,NaN,NaN
1284,8389.36,1201.73,NaN,NaN,NaN
1285,8509.61,1520.48,0,0,0.0000
1286,8214.34,1296.98,NaN,NaN,NaN
1287,8220.96,1154.85,NaN,NaN,NaN
1288,8310.09,1256.50,2,5,2.5000
1289,7815.55,1045.19,NaN,NaN,NaN
1290,8492.06,1399.42,0,0,0.0000
1291,8265.86,1399.82,NaN,NaN,NaN
1292,8525.67,1013.65,NaN,NaN,NaN
1293,8196.68,1007.42,0,0,0.0000
1294,8197.59,1453.74,NaN,NaN,NaN
1295,8102.10,953.18,NaN,NaN,NaN
1296,8276.27,1022.10,NaN,NaN,NaN
1297,8423.54,1388.10,NaN,NaN,NaN
1298,8373.13,1606.99,3,6,2.0000
1299,8473.43,1658.15,0,0,0.0000
1300,8116.44,1038.18,NaN,NaN,NaN
1301,7970.80,1485.59,NaN,NaN,NaN
1302,8283.49,905.99,0,0,0.0000
1303,8430.79,1315.54,2,1,0.0000
1304,8329.45,1562.61,NaN,NaN,NaN
1305,8017.59,1417.61,NaN,NaN,NaN
1306,7989.00,1618.91,2,2,0.0000
1307,8180.34,1536.58,0,0,0.0000
1308,8331.38,1043.93,NaN,NaN,NaN
1309,8157.48,1343.15,NaN,NaN,NaN
1310,8404.47,1066.84,NaN,NaN,NaN
1311,8434.46,1565.84,NaN,NaN,NaN
1312,7879.05,1615.04,0,0,0.0000
1313,8083.45,1259.84,NaN,NaN,NaN
1314,8099.32,1159.11,NaN,NaN,NaN
1315,8527.50,1173.36,NaN,NaN,NaN
1316,8025.26,1037.82,0,0,0.0000
1317,8550.37,1443.43,NaN,NaN,NaN
1318,8465.77,1138.94,2,3,0.0000
1319,8524.00,1113.53,0,0,0.0000
1320,8500.75,1305.83,2,2,0.0000
1321,8004.64,929.63,NaN,NaN,NaN
1322,8116.32,1353.31,NaN,NaN,NaN
1323,8332.10,1418.18,NaN,NaN,NaN
1324,7903.11,1372.85,NaN,NaN,NaN
1325,8110.75,1450.78,0,0,0.0000
1326,7928.82,1515.08,NaN,NaN,NaN
1327,7936.88,1205.44,NaN,NaN,NaN
1328,7949.60,1262.45,0,0,0.0000
1329,7839.29,1516.97,NaN,NaN,NaN
1330,8157.38,1109.24,NaN,NaN,NaN
1331,8535.28,1609.94,NaN,NaN,NaN
1332,8087.24,1394.47,NaN,NaN,NaN
1333,7896.30,1274.54,2,4,2.0000
1334,8462.69,1048.79,2,4,2.0000
1335,8155.93,1442.42,NaN,NaN,NaN
1336,8141.03,1229.78,0,0,0.0000
1337,7983.68,1322.18,3,8,2.6667
1338,8021.45,1301.25,NaN,NaN,NaN
1339,8403.85,1471.05,0,0,0.0000
1340,7892.90,1486.68,NaN,NaN,NaN
1341,8509.24,1253.66,NaN,NaN,NaN
1342,7959.81,939.15,0,0,0.0000
1343,8163.18,1183.71,NaN,NaN,NaN
1344,8281.02,956.16,NaN,NaN,NaN
1345,7845.85,1568.91,NaN,NaN,NaN
1346,8035.05,1205.79,3,2,0.0000
1347,8059.05,1314.65,NaN,NaN,NaN
1348,8297.55,1341.44,NaN,NaN,NaN
1349,8442.26,980.97,NaN,NaN,NaN
1350,8378.69,1409.79,0,0,0.0000
1351,8363.89,1526.01,2,5,2.5000
1352,7948.16,1343.17,NaN,NaN,NaN
1353,8089.55,1003.55,3,3,0.0000
1354,8477.23,969.09,0,0,0.0000
1355,8180.70,1640.00,0,0,0.0000
1356,8346.58,1348.85,NaN,NaN,NaN
1357,8484.68,907.29,0,0,0.0000
1358,8394.80,1116.34,0,0,0.0000
1359,8590.20,966.50,NaN,NaN,NaN
1360,9971.13,1544.65,NaN,NaN,NaN
1361,9974.39,1631.34,2,3,0.0000
1362,9911.74,1607.46,0,0,0.0000
1363,10070.70,1597.86,2,4,2.0000
1364,10057.79,1383.05,NaN,NaN,NaN
1365,9658.29,1394.24,NaN,NaN,NaN
1366,10008.08,1468.93,NaN,NaN,NaN
1367,10065.46,1499.56,NaN,NaN,NaN
1368,9692.37,1411.50,4,4,0.0000
1369,10251.00,1479.94,NaN,NaN,NaN
1370,10282.86,1598.85,0,0,0.0000
1371,10470.86,1576.40,3,3,0.0000
1372,10142.45,1547.39,2,3,0.0000
1373,10334.80,1447.80,0,0,0.0000
1374,10571.41,1437.39,NaN,NaN,NaN
1375,10129.51,1450.47,4,5,0.0000
1376,10554.03,1543.08,2,3,0.0000
1377,10240.94,1379.26,0,0,0.0000
1378,10634.99,1567.22,NaN,NaN,NaN
1379,10368.48,1534.80,0,0,0.0000
1380,10595.58,1509.27,NaN,NaN,NaN
1381,10476.82,1478.07,2,2,0.0000
1382,10434.10,1485.52,0,0,0.0000
1383,10434.25,1320.73,NaN,NaN,NaN
1384,10395.74,1352.08,NaN,NaN,NaN
1385,10423.75,1644.59,0,0,0.0000
1386,10305.44,1303.06,2,1,0.0000
1387,10558.75,1588.16,NaN,NaN,NaN
1388,10179.61,1429.38,NaN,NaN,NaN
1389,10180.23,1663.25,NaN,NaN,NaN
1390,10392.08,1417.20,0,0,0.0000
1391,10245.32,1643.11,0,0,0.0000
1392,10659.06,1642.02,NaN,NaN,NaN
1393,10242.02,1310.18,0,0,0.0000
1394,10437.70,1396.02,NaN,NaN,NaN
1395,10249.51,1280.81,0,0,0.0000
1396,10505.78,1653.09,NaN,NaN,NaN
1397,10112.26,1331.58,0,0,0.0000
1398,10173.26,1608.55,NaN,NaN,NaN
1399,10437.97,1367.41,NaN,NaN,NaN
1400,10314.46,1362.24,NaN,NaN,NaN
1401,10359.35,1316.88,0,0,0.0000
1402,11245.41,918.51,0,0,0.0000
1403,11196.89,1067.02,2,6,3.0000
1404,11326.96,1073.45,0,0,0.0000
1405,11330.55,1648.07,2,4,2.0000
1406,11319.67,1293.02,0,0,0.0000
1407,11188.10,1145.09,NaN,NaN,NaN
1408,11348.72,1009.31,NaN,NaN,NaN
1409,11283.29,1375.00,3,7,2.3333
1410,11335.32,932.92,0,0,0.0000
1411,11274.71,1068.00,NaN,NaN,NaN
1412,11167.58,1008.58,0,0,0.0000
1413,11254.82,1309.65,NaN,NaN,NaN
1414,11530.16,993.64,NaN,NaN,NaN
1415,11173.52,925.25,0,0,0.0000
1416,11320.18,1152.26,0,0,0.0000
1417,11194.43,1628.19,0,0,0.0000
1418,11203.44,1385.90,2,4,2.0000
1419,11231.48,1490.40,2,2,0.0000
1420,11353.65,1219.56,0,0,0.0000
1421,11124.48,1053.74,NaN,NaN,NaN
1422,11122.20,1152.30,2,2,0.0000
1423,11098.59,1492.41,3,8,2.6667
1424,11235.11,1436.69,3,3,0.0000
1425,11107.10,1112.41,NaN,NaN,NaN
1426,11276.40,1444.10,0,0,0.0000
1427,12338.48,1524.57,0,0,0.0000
1428,12263.09,1590.08,0,0,0.0000
1429,13031.38,1538.73,NaN,NaN,NaN
1430,12771.22,1419.70,0,0,0.0000
1431,12688.77,1460.80,NaN,NaN,NaN
1432,12576.42,1466.29,NaN,NaN,NaN
1433,12534.58,1565.66,NaN,NaN,NaN
1434,12656.19,1556.30,NaN,NaN,NaN
1435,12896.39,1495.19,2,3,0.0000
1436,12984.92,1475.40,NaN,NaN,NaN
1437,12753.55,1554.80,NaN,NaN,NaN
1438,12596.86,1523.24,NaN,NaN,NaN
1439,12866.43,1347.47,0,0,0.0000
1440,12883.49,1632.31,NaN,NaN,NaN
1441,12652.83,1609.41,0,0,0.0000
1442,13085.87,1480.36,0,0,0.0000
1443,12952.18,1551.61,2,5,2.5000
1444,13116.01,1557.64,NaN,NaN,NaN
1445,12973.12,1647.96,NaN,NaN,NaN
1446,13200.97,1615.57,NaN,NaN,NaN
1447,13904.34,988.17,NaN,NaN,NaN
1448,13949.27,1061.13,NaN,NaN,NaN
1449,13833.20,915.68,0,0,0.0000
1450,13947.86,994.21,NaN,NaN,NaN
1451,13882.31,1020.62,NaN,NaN,NaN
1452,13929.72,925.74,NaN,NaN,NaN
1453,14672.49,1248.64,0,0,0.0000
1454,14618.89,1404.01,NaN,NaN,NaN
1455,14630.99,914.46,NaN,NaN,NaN
1456,14070.87,975.52,NaN,NaN,NaN
1457,14230.53,1207.57,3,5,0.0000
1458,14028.57,1066.41,0,0,0.0000
1459,14639.16,1033.75,NaN,NaN,NaN
1460,14516.67,1663.97,NaN,NaN,NaN
1461,14374.80,1509.01,NaN,NaN,NaN
1462,14421.23,1264.18,NaN,NaN,NaN
1463,13989.14,927.54,NaN,NaN,NaN
1464,14154.90,1021.49,3,2,0.0000
1465,14326.34,1416.09,NaN,NaN,NaN
1466,14491.97,1342.54,0,0,0.0000
1467,14462.31,1525.04,0,0,0.0000
1468,14485.89,1467.37,2,5,2.5000
1469,14600.35,1572.29,NaN,NaN,NaN
1470,14403.94,1364.02,NaN,NaN,NaN
1471,14330.79,1301.90,2,3,0.0000
1472,14543.28,1155.42,NaN,NaN,NaN
1473,14541.57,1446.71,2,5,2.5000
1474,14075.52,1264.18,NaN,NaN,NaN
1475,14544.97,1064.96,0,0,0.0000
1476,14104.19,1183.64,0,0,0.0000
1477,14248.73,1096.57,NaN,NaN,NaN
1478,14157.79,1246.59,NaN,NaN,NaN
1479,14042.31,1184.73,0,0,0.0000
1480,14234.32,1325.98,0,0,0.0000
1481,14490.69,916.83,NaN,NaN,NaN
1482,14445.57,1031.04,NaN,NaN,NaN
1483,14615.23,1155.83,0,0,0.0000
1484,14669.66,1520.54,NaN,NaN,NaN
1485,14305.38,1129.58,0,0,0.0000
1486,14561.18,1264.60,3,6,2.0000
1487,14669.50,1600.39,0,0,0.0000
1488,14156.84,1179.46,0,0,0.0000
1489,14184.45,1371.58,NaN,NaN,NaN
1490,14481.61,1096.78,0,0,0.0000
1491,14535.84,1213.99,NaN,NaN,NaN
1492,14283.04,1053.51,0,0,0.0000
1493,13987.31,1165.14,0,0,0.0000
1494,14408.04,1194.23,NaN,NaN,NaN
1495,14594.35,1661.51,0,0,0.0000
1496,14010.76,1214.28,0,0,0.0000
1497,14361.98,1149.08,NaN,NaN,NaN
1498,14642.22,1103.12,NaN,NaN,NaN
1499,14173.52,1300.77,0,0,0.0000
1500,14863.79,1510.69,NaN,NaN,NaN
1501,15104.94,1436.58,NaN,NaN,NaN
1502,15352.04,1578.09,NaN,NaN,NaN
1503,15317.10,1464.53,0,0,0.0000
1504,15189.74,1213.55,NaN,NaN,NaN
1505,15382.51,1321.78,NaN,NaN,NaN
1506,15183.10,1525.91,NaN,NaN,NaN
1507,14977.64,1638.22,0,0,0.0000
1508,14747.80,1587.78,0,0,0.0000
1509,14727.27,1393.38,NaN,NaN,NaN
1510,15469.87,1587.01,3,7,2.3333
1511,15322.31,1363.75,NaN,NaN,NaN
1512,15448.03,950.41,NaN,NaN,NaN
1513,15347.67,955.75,0,0,0.0000
1514,15009.53,1029.40,NaN,NaN,NaN
1515,15284.30,1157.01,0,0,0.0000
1516,15407.91,1249.32,4,5,0.0000
1517,14999.76,1120.30,3,5,0.0000
1518,15268.08,968.25,NaN,NaN,NaN
1519,15247.85,1056.68,2,6,3.0000
1520,15144.95,1089.36,2,6,3.0000
1521,15115.68,1263.62,0,0,0.0000
1522,15225.99,1373.13,NaN,NaN,NaN
1523,15156.94,1660.43,2,2,0.0000
1524,14995.60,969.59,NaN,NaN,NaN
1525,15155.57,941.96,NaN,NaN,NaN
1526,15025.42,1542.71,0,0,0.0000
1527,15089.76,1546.70,NaN,NaN,NaN
1528,15039.07,1197.16,2,6,3.0000
1529,15190.41,1415.51,NaN,NaN,NaN
1530,15061.26,1332.60,2,4,2.0000
1531,15400.16,1202.85,NaN,NaN,NaN
1532,15048.90,906.84,NaN,NaN,NaN
1533,15315.37,1231.11,0,0,0.0000
1534,15260.41,1599.66,NaN,NaN,NaN
1535,15443.94,1489.41,0,0,0.0000
1536,15103.04,1162.20,3,5,0.0000
1537,14752.49,1485.85,0,0,0.0000
1538,15457.21,1166.22,NaN,NaN,NaN
1539,15098.22,961.12,NaN,NaN,NaN
1540,15384.41,1646.75,NaN,NaN,NaN
1541,15302.49,1068.00,0,0,0.0000
1542,15000.44,1480.30,0,0,0.0000
1543,14915.01,1571.87,2,3,0.0000
1544,15041.62,1602.22,0,0,0.0000
1545,15475.42,1268.84,0,0,0.0000
1546,14892.41,1602.35,0,0,0.0000
1547,15422.72,1061.90,0,0,0.0000
1548,15065.14,1054.24,NaN,NaN,NaN
1549,15425.97,1023.83,2,6,3.0000
1550,14795.54,1370.00,0,0,0.0000
1551,15463.61,1093.23,0,0,0.0000
1552,15282.31,896.53,NaN,NaN,NaN
1553,15138.67,1014.81,NaN,NaN,NaN
1554,15428.22,1386.44,NaN,NaN,NaN
1555,15387.78,1114.36,NaN,NaN,NaN
1556,15401.15,902.37,0,0,0.0000
1557,14843.67,1605.00,0,0,0.0000
1558,15087.67,1064.94,NaN,NaN,NaN
1559,15073.17,954.17,0,0,0.0000
1560,14925.09,1475.24,0,0,0.0000
1561,15594.14,1276.16,2,4,2.0000
1562,15916.58,1380.76,NaN,NaN,NaN
1563,16128.03,1613.43,NaN,NaN,NaN
1564,15557.90,1459.99,0,0,0.0000
1565,15826.14,1241.84,NaN,NaN,NaN
1566,15732.94,1262.80,NaN,NaN,NaN
1567,15707.63,1160.70,0,0,0.0000
1568,15768.67,1634.62,NaN,NaN,NaN
1569,15984.75,1631.12,2,3,0.0000
1570,15607.78,1111.78,3,5,0.0000
1571,16229.59,1385.90,NaN,NaN,NaN
1572,16099.03,1464.59,3,5,0.0000
1573,15719.52,1364.90,NaN,NaN,NaN
1574,15659.04,901.80,NaN,NaN,NaN
1575,15860.83,1568.28,NaN,NaN,NaN
1576,16040.84,1126.84,NaN,NaN,NaN
1577,15774.98,907.32,0,0,0.0000
1578,15927.20,1593.81,NaN,NaN,NaN
1579,16231.97,1659.95,NaN,NaN,NaN
1580,16113.82,1243.87,0,0,0.0000
1581,15987.20,1499.86,0,0,0.0000
1582,15743.04,1500.21,3,5,0.0000
1583,15610.81,1590.86,NaN,NaN,NaN
1584,16300.71,1468.18,NaN,NaN,NaN
1585,16298.55,1622.46,NaN,NaN,NaN
1586,16215.85,1531.13,NaN,NaN,NaN
1587,15637.07,1406.96,0,0,0.0000
1588,15549.82,932.07,NaN,NaN,NaN
1589,16267.07,1497.60,0,0,0.0000
1590,15743.29,1065.84,2,3,0.0000
1591,15843.60,1489.56,0,0,0.0000
1592,15573.72,915.63,NaN,NaN,NaN
1593,15878.79,1087.91,NaN,NaN,NaN
1594,15851.74,917.40,NaN,NaN,NaN
1595,15553.27,1606.17,0,0,0.0000
1596,16163.58,1381.03,2,1,0.0000
1597,16037.48,1541.76,NaN,NaN,NaN
1598,16071.86,1048.24,NaN,NaN,NaN
1599,15539.97,1071.88,0,0,0.0000
1600,16163.90,1124.84,0,0,0.0000
1601,15580.09,1544.41,0,0,0.0000
1602,15950.80,1201.91,0,0,0.0000
1603,15578.33,1033.22,NaN,NaN,NaN
1604,16045.83,1311.68,NaN,NaN,NaN
1605,15512.68,974.38,NaN,NaN,NaN
1606,16157.12,1195.06,2,2,0.0000
1607,15796.90,1044.20,0,0,0.0000
1608,15902.21,1203.56,NaN,NaN,NaN
1609,16129.76,1140.84,NaN,NaN,NaN
1610,16362.07,1618.92,NaN,NaN,NaN
1611,16208.48,1583.79,4,7,0.0000
1612,15909.93,1489.74,0,0,0.0000
1613,15795.50,1545.26,0,0,0.0000
1614,15759.46,997.30,3,6,2.0000
1615,15924.78,1131.54,0,0,0.0000
1616,16158.21,1307.90,0,0,0.0000
1617,15839.05,1035.71,0,0,0.0000
1618,15659.28,1032.80,0,0,0.0000
1619,16070.43,1395.66,NaN,NaN,NaN
1620,15935.32,1051.03,3,4,0.0000
1621,15971.52,1245.40,0,0,0.0000
1622,16078.05,1536.38,2,7,3.5000
1623,16001.66,1345.81,2,5,2.5000
1624,15521.54,1158.54,0,0,0.0000
1625,15690.49,1522.49,NaN,NaN,NaN
1626,15887.70,1022.77,0,0,0.0000
1627,15864.99,1142.94,NaN,NaN,NaN
1628,16118.46,1052.02,0,0,0.0000
1629,15780.13,1132.51,4,5,0.0000
1630,15772.51,1431.05,2,4,2.0000
1631,16261.55,1573.87,2,2,0.0000
1632,15747.50,1409.50,2,4,2.0000
1633,16233.28,1250.63,0,0,0.0000
1634,16166.14,1504.85,0,0,0.0000
1635,15715.01,1616.06,2,3,0.0000
1636,15866.69,976.36,3,6,2.0000
1637,15831.18,1653.54,NaN,NaN,NaN
1638,558.21,1991.13,NaN,NaN,NaN
1639,685.20,2033.59,NaN,NaN,NaN
1640,788.14,1745.05,0,0,0.0000
1641,848.86,2232.61,3,7,2.3333
1642,662.59,1802.65,NaN,NaN,NaN
1643,406.57,1876.66,3,4,0.0000
1644,446.32,1765.80,0,0,0.0000
1645,685.05,2120.71,NaN,NaN,NaN
1646,884.46,1787.74,NaN,NaN,NaN
1647,454.97,1995.09,NaN,NaN,NaN
1648,591.75,1862.36,2,1,0.0000
1649,355.26,1764.00,NaN,NaN,NaN
1650,813.20,1985.37,2,3,0.0000
1651,555.55,1675.33,3,4,0.0000
1652,693.02,2235.51,0,0,0.0000
1653,617.12,1724.47,2,3,0.0000
1654,868.82,2076.19,3,2,0.0000
1655,486.98,2110.58,NaN,NaN,NaN
1656,847.64,2306.94,NaN,NaN,NaN
1657,699.71,1943.16,2,2,0.0000
1658,505.97,1937.12,2,3,0.0000
1659,398.07,1678.63,NaN,NaN,NaN
1660,631.58,1961.60,NaN,NaN,NaN
1661,821.62,2122.72,2,4,2.0000
1662,757.08,2014.13,NaN,NaN,NaN
1663,687.57,1696.07,3,3,0.0000
1664,792.82,2162.81,NaN,NaN,NaN
1665,437.47,1919.86,NaN,NaN,NaN
1666,484.91,2053.93,NaN,NaN,NaN
1667,372.08,1821.10,NaN,NaN,NaN
1668,843.04,1695.30,0,0,0.0000
1669,392.52,1969.41,0,0,0.0000
1670,46.52,1705.18,NaN,NaN,NaN
1671,335.09,1688.46,3,5,0.0000
1672,391.87,2024.47,0,0,0.0000
1673,506.44,1711.43,NaN,NaN,NaN
1674,328.87,1835.58,0,0,0.0000
1675,573.31,1786.20,0,0,0.0000
1676,856.28,2160.13,NaN,NaN,NaN
1677,432.88,2065.66,NaN,NaN,NaN
1678,683.80,1899.14,NaN,NaN,NaN
1679,714.69,1869.53,2,2,0.0000
1680,731.99,2146.58,3,4,0.0000
1681,1070.73,2316.12,NaN,NaN,NaN
1682,930.46,2186.83,2,1,0.0000
1683,1035.53,1802.46,NaN,NaN,NaN
1684,1074.70,2130.95,2,6,3.0000
1685,1000.01,1700.82,0,0,0.0000
1686,1068.68,2203.99,NaN,NaN,NaN
1687,1171.33,2193.85,NaN,NaN,NaN
1688,1149.21,1868.44,NaN,NaN,NaN
1689,944.38,1746.65,NaN,NaN,NaN
1690,1005.29,2335.32,2,3,0.0000
1691,921.95,2335.45,NaN,NaN,NaN
1692,1157.04,2122.32,2,3,0.0000
1693,924.59,2275.42,3,2,0.0000
1694,1645.64,1701.68,2,3,0.0000
1695,1163.60,2033.74,NaN,NaN,NaN
1696,1095.67,2092.11,NaN,NaN,NaN
1697,920.01,1670.65,NaN,NaN,NaN
1698,1181.04,2274.23,NaN,NaN,NaN
1699,1062.30,2008.65,NaN,NaN,NaN
1700,1150.13,2237.04,3,7,2.3333
1701,1586.71,1686.27,NaN,NaN,NaN
1702,1216.92,2009.49,NaN,NaN,NaN
1703,1201.73,2133.29,NaN,NaN,NaN
1704,940.13,2127.07,2,5,2.5000
1705,1018.81,2060.10,4,4,0.0000
1706,1002.39,2137.30,4,4,0.0000
1707,2356.08,2398.05,NaN,NaN,NaN
1708,2262.31,2281.26,NaN,NaN,NaN
1709,2168.49,2166.64,4,3,0.0000
1710,2422.77,2347.76,2,6,3.0000
1711,2219.81,2361.44,NaN,NaN,NaN
1712,2345.65,2238.73,0,0,0.0000
1713,2166.85,2078.71,0,0,0.0000
1714,2267.48,2014.93,0,0,0.0000
1715,2101.55,2304.71,NaN,NaN,NaN
1716,2132.60,1685.33,NaN,NaN,NaN
1717,2245.01,2141.00,NaN,NaN,NaN
1718,2367.24,2158.56,0,0,0.0000
1719,2294.63,2108.03,0,0,0.0000
1720,2123.41,2210.69,2,6,3.0000
1721,1895.84,1689.38,3,4,0.0000
1722,2061.58,2248.04,NaN,NaN,NaN
1723,2284.27,2418.42,0,0,0.0000
1724,1971.99,1682.92,NaN,NaN,NaN
1725,1885.12,1763.40,3,1,0.0000
1726,2069.95,1738.51,3,4,0.0000
1727,2291.33,2183.01,0,0,0.0000
1728,2149.50,1746.89,0,0,0.0000
1729,2184.97,1680.40,3,3,0.0000
1730,1943.46,1725.67,3,2,0.0000
1731,2072.97,2188.81,2,8,4.0000
1732,2155.52,2264.90,0,0,0.0000
1733,2239.47,2421.39,0,0,0.0000
1734,2415.98,2408.76,NaN,NaN,NaN
1735,2087.72,2125.20,0,0,0.0000
1736,2060.31,2158.95,NaN,NaN,NaN
1737,2624.83,1881.77,4,5,0.0000
1738,2527.79,2415.95,0,0,0.0000
1739,2803.81,1725.36,NaN,NaN,NaN
1740,2874.54,2115.76,NaN,NaN,NaN
1741,2861.81,2052.69,2,2,0.0000
1742,2840.53,1941.83,NaN,NaN,NaN
1743,2790.56,2193.90,NaN,NaN,NaN
1744,2894.50,2216.01,NaN,NaN,NaN
1745,2945.56,2079.94,NaN,NaN,NaN
1746,2877.73,1979.96,2,3,0.0000
1747,2844.25,1849.81,NaN,NaN,NaN
1748,2662.82,1801.26,NaN,NaN,NaN
1749,2563.15,1800.01,NaN,NaN,NaN
1750,3009.83,2383.49,NaN,NaN,NaN
1751,2772.10,1950.85,NaN,NaN,NaN
1752,2761.14,2119.40,0,0,0.0000
1753,2779.98,2056.30,NaN,NaN,NaN
1754,2871.00,2408.73,NaN,NaN,NaN
1755,2765.43,1866.31,NaN,NaN,NaN
1756,2692.73,1927.79,NaN,NaN,NaN
1757,2704.36,1855.49,0,0,0.0000
1758,2554.60,1845.07,2,3,0.0000
1759,2967.33,1873.29,0,0,0.0000
1760,2676.82,1966.07,NaN,NaN,NaN
1761,2810.08,1877.23,NaN,NaN,NaN
1762,2485.67,2322.32,NaN,NaN,NaN
1763,2951.49,2342.98,NaN,NaN,NaN
1764,3000.14,2231.44,NaN,NaN,NaN
1765,2895.40,1874.68,2,2,0.0000
1766,2773.24,1765.02,0,0,0.0000
1767,2723.07,1798.21,0,0,0.0000
1768,3834.28,2042.03,NaN,NaN,NaN
1769,3507.87,1729.44,6,7,0.0000
1770,3732.70,2224.79,0,0,0.0000
1771,3905.76,2142.72,3,5,0.0000
1772,3449.25,1912.73,NaN,NaN,NaN
1773,3722.03,1794.78,NaN,NaN,NaN
1774,3965.38,1983.87,NaN,NaN,NaN
1775,3693.79,2005.47,NaN,NaN,NaN
1776,3800.36,2183.30,2,2,0.0000
1777,3416.10,1664.17,2,3,0.0000
1778,3481.63,1976.41,NaN,NaN,NaN
1779,3673.35,2068.87,NaN,NaN,NaN
1780,3660.59,2145.47,0,0,0.0000
1781,3432.38,1777.93,NaN,NaN,NaN
1782,3365.28,1753.53,NaN,NaN,NaN
1783,3904.63,1887.83,2,6,3.0000
1784,3841.23,1913.14,NaN,NaN,NaN
1785,3718.91,2109.99,0,0,0.0000
1786,3874.18,1740.53,2,4,2.0000
1787,3880.93,1696.42,NaN,NaN,NaN
1788,3669.35,1823.51,NaN,NaN,NaN
1789,3629.29,2102.14,NaN,NaN,NaN
1790,3835.08,2313.74,0,0,0.0000
1791,3768.47,2105.03,2,3,0.0000
1792,3715.16,1883.00,NaN,NaN,NaN
1793,3946.81,2419.88,NaN,NaN,NaN
1794,3918.43,2223.64,0,0,0.0000
1795,3762.74,1919.05,4,2,0.0000
1796,3894.53,2379.22,0,0,0.0000
1797,3875.01,1870.20,2,4,2.0000
1798,3225.89,1821.68,NaN,NaN,NaN
1799,3353.16,1817.23,NaN,NaN,NaN
1800,3295.80,1836.29,NaN,NaN,NaN
1801,3720.49,1946.62,2,2,0.0000
1802,3878.72,2330.44,NaN,NaN,NaN
1803,3771.06,1674.84,NaN,NaN,NaN
1804,3810.93,1951.82,0,0,0.0000
1805,3443.95,1975.17,NaN,NaN,NaN
1806,3820.97,1863.01,NaN,NaN,NaN
1807,3421.22,1719.55,0,0,0.0000
1808,3357.98,1693.33,NaN,NaN,NaN
1809,3291.15,1869.58,0,0,0.0000
1810,3325.90,1670.89,NaN,NaN,NaN
1811,3609.25,1715.65,0,0,0.0000
1812,3517.51,1962.76,NaN,NaN,NaN
1813,3519.37,2007.44,NaN,NaN,NaN
1814,3892.51,2258.67,NaN,NaN,NaN
1815,3314.30,1769.40,NaN,NaN,NaN
1816,3698.62,1689.45,0,0,0.0000
1817,3370.53,1793.03,NaN,NaN,NaN
1818,3922.20,2304.74,0,0,0.0000
1819,3903.96,1789.50,2,5,2.5000
1820,3613.28,1962.06,3,6,2.0000
1821,3970.59,1711.35,NaN,NaN,NaN
1822,4027.49,2090.64,NaN,NaN,NaN
1823,4500.04,2154.34,NaN,NaN,NaN
1824,4479.88,2303.07,NaN,NaN,NaN
1825,3984.70,2161.22,2,1,0.0000
1826,4586.72,2208.50,NaN,NaN,NaN
1827,4135.81,2110.62,3,5,0.0000
1828,4086.79,2020.87,0,0,0.0000
1829,4257.67,2430.80,NaN,NaN,NaN
1830,4115.67,2353.81,NaN,NaN,NaN
1831,4360.71,2263.69,0,0,0.0000
1832,4139.03,2200.46,2,4,2.0000
1833,4029.63,2237.88,NaN,NaN,NaN
1834,4588.31,2302.90,0,0,0.0000
1835,4624.70,2256.92,3,6,2.0000
1836,4197.37,2342.83,0,0,0.0000
1837,4360.59,2155.22,NaN,NaN,NaN
1838,4000.02,2395.25,0,0,0.0000
1839,4075.66,2211.66,NaN,NaN,NaN
1840,4412.69,2201.47,2,2,0.0000
1841,4090.05,1819.58,2,4,2.0000
1842,4282.29,2173.18,NaN,NaN,NaN
1843,4128.53,2158.75,NaN,NaN,NaN
1844,4546.58,2246.53,0,0,0.0000
1845,4703.54,2231.50,0,0,0.0000
1846,3996.08,1675.61,NaN,NaN,NaN
1847,4183.69,2276.95,4,5,0.0000
1848,4164.35,1913.24,NaN,NaN,NaN
1849,4385.91,2315.39,0,0,0.0000
1850,4694.66,2349.47,NaN,NaN,NaN
1851,4021.24,1780.59,0,0,0.0000
1852,4006.21,2335.44,NaN,NaN,NaN
1853,4443.27,2398.26,NaN,NaN,NaN
1854,4367.29,2400.61,NaN,NaN,NaN
1855,4419.37,2244.87,0,0,0.0000
1856,4277.92,2226.04,NaN,NaN,NaN
1857,4107.45,2277.82,3,7,2.3333
1858,4342.33,2320.05,0,0,0.0000
1859,3975.86,2236.85,0,0,0.0000
1860,4410.91,2425.44,NaN,NaN,NaN
1861,4045.11,2381.64,NaN,NaN,NaN
1862,4082.35,2400.93,NaN,NaN,NaN
1863,4246.79,2276.19,2,5,2.5000
1864,4138.34,2424.48,0,0,0.0000
1865,3978.66,2278.60,NaN,NaN,NaN
1866,4629.49,2291.00,NaN,NaN,NaN
1867,4669.40,2210.21,0,0,0.0000
1868,4029.72,1886.90,2,4,2.0000
1869,4177.15,2400.55,NaN,NaN,NaN
1870,4640.88,2190.80,0,0,0.0000
1871,4820.55,2371.27,NaN,NaN,NaN
1872,5440.62,1766.76,NaN,NaN,NaN
1873,5197.94,1718.52,2,2,0.0000
1874,5024.68,1695.46,2,5,2.5000
1875,5111.63,1742.72,2,4,2.0000
1876,5356.97,1756.88,3,7,2.3333
1877,4938.34,2370.48,NaN,NaN,NaN
1878,5156.37,1861.16,NaN,NaN,NaN
1879,5449.43,2008.92,NaN,NaN,NaN
1880,5501.20,1944.33,NaN,NaN,NaN
1881,5426.20,1867.36,NaN,NaN,NaN
1882,5332.10,1845.61,NaN,NaN,NaN
1883,5208.00,1830.77,NaN,NaN,NaN
1884,5106.90,1860.33,NaN,NaN,NaN
1885,5064.34,1851.20,NaN,NaN,NaN
1886,5400.66,1668.16,3,6,2.0000
1887,5083.29,1782.42,NaN,NaN,NaN
1888,5034.37,1787.57,NaN,NaN,NaN
1889,5459.93,1907.71,0,0,0.0000
1890,5161.29,1805.39,0,0,0.0000
1891,5341.54,2417.60,0,0,0.0000
1892,5909.54,2171.09,NaN,NaN,NaN
1893,5822.27,2282.85,0,0,0.0000
1894,5843.38,1811.89,2,5,2.5000
1895,5578.58,2256.40,NaN,NaN,NaN
1896,5655.91,2035.04,NaN,NaN,NaN
1897,5875.92,1885.98,NaN,NaN,NaN
1898,5998.35,2296.01,NaN,NaN,NaN
1899,6033.84,1932.79,NaN,NaN,NaN
1900,6127.94,1977.44,3,6,2.0000
1901,6171.97,2362.64,NaN,NaN,NaN
1902,6150.76,2204.07,3,5,0.0000
1903,6086.90,1714.84,NaN,NaN,NaN
1904,5585.79,1847.92,NaN,NaN,NaN
1905,6201.45,2152.28,2,3,0.0000
1906,5629.61,2383.31,NaN,NaN,NaN
1907,5759.30,2161.16,2,2,0.0000
1908,5781.45,1897.35,NaN,NaN,NaN
1909,6007.50,1998.22,NaN,NaN,NaN
1910,5785.87,2036.10,NaN,NaN,NaN
1911,6011.18,1825.71,3,4,0.0000
1912,5867.73,1727.35,NaN,NaN,NaN
1913,6116.53,2090.26,0,0,0.0000
1914,5722.32,1875.45,0,0,0.0000
1915,5524.01,2096.73,2,2,0.0000
1916,5656.86,2099.72,NaN,NaN,NaN
1917,5755.72,1666.60,NaN,NaN,NaN
1918,6024.31,2431.00,2,3,0.0000
1919,6083.65,1783.01,2,8,4.0000
1920,5666.81,2190.82,NaN,NaN,NaN
1921,6045.95,2068.14,4,9,2.2500
1922,5695.35,2427.08,NaN,NaN,NaN
1923,5756.48,2392.31,NaN,NaN,NaN
1924,5707.40,1965.92,NaN,NaN,NaN
1925,6163.11,1765.74,3,6,2.0000
1926,6069.35,2147.31,NaN,NaN,NaN
1927,6089.88,2424.49,NaN,NaN,NaN
1928,6088.45,1887.56,0,0,0.0000
1929,6254.46,1865.32,NaN,NaN,NaN
1930,6206.36,1924.71,3,4,0.0000
1931,6216.92,1980.89,NaN,NaN,NaN
1932,5715.34,2266.85,NaN,NaN,NaN
1933,5702.28,2179.23,NaN,NaN,NaN
1934,5654.24,2288.19,NaN,NaN,NaN
1935,6271.18,2144.26,NaN,NaN,NaN
1936,5547.99,1987.51,NaN,NaN,NaN
1937,5945.37,1929.67,0,0,0.0000
1938,5635.10,1922.54,NaN,NaN,NaN
1939,5605.02,2172.79,2,3,0.0000
1940,5985.51,2170.26,0,0,0.0000
1941,6242.06,1717.64,2,3,0.0000
1942,5521.76,1781.79,0,0,0.0000
1943,5551.35,2163.94,NaN,NaN,NaN
1944,5921.58,2385.94,0,0,0.0000
1945,6166.57,1683.75,0,0,0.0000
1946,5968.56,1752.06,NaN,NaN,NaN
1947,5886.73,2408.67,0,0,0.0000
1948,6095.41,2328.26,NaN,NaN,NaN
1949,6171.97,1864.37,2,4,2.0000
1950,6139.65,1872.65,NaN,NaN,NaN
1951,5673.21,1922.48,NaN,NaN,NaN
1952,5816.88,2103.15,NaN,NaN,NaN
1953,5905.53,1995.12,0,0,0.0000
1954,6107.49,2375.19,2,6,3.0000
1955,5765.03,1781.27,0,0,0.0000
1956,5837.10,2019.21,NaN,NaN,NaN
1957,5685.28,2354.76,NaN,NaN,NaN
1958,5746.52,2326.92,0,0,0.0000
1959,5826.42,2147.97,0,0,0.0000
1960,6008.32,2221.72,0,0,0.0000
1961,5828.64,1952.52,0,0,0.0000
1962,6113.51,2271.46,NaN,NaN,NaN
1963,5989.51,2115.35,NaN,NaN,NaN
1964,6202.73,1849.43,0,0,0.0000
1965,5815.03,1729.93,NaN,NaN,NaN
1966,5955.16,1858.32,0,0,0.0000
1967,5945.61,2366.22,0,0,0.0000
1968,5941.10,2070.56,0,0,0.0000
1969,6793.24,1873.16,2,6,3.0000
1970,6905.32,1932.97,3,6,2.0000
1971,6924.71,1744.56,2,6,3.0000
1972,6957.45,1971.56,2,3,0.0000
1973,6674.44,2017.87,0,0,0.0000
1974,6281.46,2010.57,NaN,NaN,NaN
1975,6738.49,2066.80,2,4,2.0000
1976,6860.93,2295.43,NaN,NaN,NaN
1977,6954.87,2393.60,NaN,NaN,NaN
1978,6900.81,2326.72,0,0,0.0000
1979,6850.14,2139.61,NaN,NaN,NaN
1980,6539.70,2252.21,0,0,0.0000
1981,6315.44,2213.28,0,0,0.0000
1982,7004.07,2218.24,0,0,0.0000
1983,6990.74,1809.40,NaN,NaN,NaN
1984,6864.23,2034.86,NaN,NaN,NaN
1985,6898.24,2182.89,3,5,0.0000
1986,6783.36,1682.76,NaN,NaN,NaN
1987,7038.77,1736.64,NaN,NaN,NaN
1988,7013.58,1858.10,0,0,0.0000
1989,6626.34,2225.69,0,0,0.0000
1990,7023.16,2420.50,0,0,0.0000
1991,6976.99,2050.39,0,0,0.0000
1992,6790.52,2118.50,NaN,NaN,NaN
1993,6745.82,1984.04,0,0,0.0000
1994,7012.57,1949.90,NaN,NaN,NaN
1995,6291.40,2421.07,0,0,0.0000
1996,6715.75,1886.92,NaN,NaN,NaN
1997,6799.43,2225.54,0,0,0.0000
1998,6945.32,1673.53,NaN,NaN,NaN
1999,6643.98,2300.35,0,0,0.0000
2000,6857.39,1737.66,0,0,0.0000
2001,6761.36,2286.34,2,5,2.5000
2002,6807.71,2061.06,0,0,0.0000
2003,6869.27,2429.94,0,0,0.0000
2004,7002.32,2128.31,0,0,0.0000
2005,7002.80,2014.89,0,0,0.0000
2006,6724.77,1931.27,0,0,0.0000
2007,6801.93,1958.90,NaN,NaN,NaN
2008,6726.14,1691.22,NaN,NaN,NaN
2009,7031.69,2017.05,NaN,NaN,NaN
2010,6781.09,2189.73,NaN,NaN,NaN
2011,7416.92,1821.23,2,5,2.5000
2012,7609.45,1925.81,NaN,NaN,NaN
2013,7136.28,2052.91,NaN,NaN,NaN
2014,7188.12,2267.69,3,8,2.6667
2015,7315.10,2222.55,2,1,0.0000
2016,7377.81,1674.26,NaN,NaN,NaN
2017,7434.53,2380.20,6,8,0.0000
2018,7148.73,1939.66,NaN,NaN,NaN
2019,7744.61,1812.41,2,4,2.0000
2020,7229.27,1701.94,NaN,NaN,NaN
2021,7293.71,2374.02,NaN,NaN,NaN
2022,7549.63,2210.18,NaN,NaN,NaN
2023,7655.41,2220.12,4,18,4.5000
2024,7195.91,2143.71,0,0,0.0000
2025,7320.80,1905.37,2,4,2.0000
2026,7614.31,1735.29,NaN,NaN,NaN
2027,7243.22,2424.27,0,0,0.0000
2028,7043.25,2262.88,NaN,NaN,NaN
2029,7775.55,1708.89,2,4,2.0000
2030,7100.02,1796.36,3,7,2.3333
2031,7505.88,2045.18,0,0,0.0000
2032,7674.67,2399.59,2,7,3.5000
2033,7369.68,2000.92,NaN,NaN,NaN
2034,7097.14,2282.11,NaN,NaN,NaN
2035,7433.30,2228.87,NaN,NaN,NaN
2036,7514.27,1717.16,0,0,0.0000
2037,7621.58,2148.85,0,0,0.0000
2038,7079.97,2360.91,NaN,NaN,NaN
2039,7792.07,2296.64,NaN,NaN,NaN
2040,7463.29,2170.91,2,4,2.0000
2041,7235.22,1776.65,NaN,NaN,NaN
2042,7714.50,1719.17,NaN,NaN,NaN
2043,7668.49,2101.63,0,0,0.0000
2044,7749.01,2251.04,0,0,0.0000
2045,7745.31,2194.18,0,0,0.0000
2046,7398.42,2196.48,NaN,NaN,NaN
2047,7221.22,1956.29,0,0,0.0000
2048,7637.28,2054.38,0,0,0.0000
2049,7262.41,1935.54,0,0,0.0000
2050,7781.32,1938.31,NaN,NaN,NaN
2051,7772.73,2136.79,NaN,NaN,NaN
2052,7077.37,1959.31,NaN,NaN,NaN
2053,7670.57,2019.78,0,0,0.0000
2054,7525.02,2305.17,3,6,2.0000
2055,7299.01,1706.60,0,0,0.0000
2056,7228.36,2099.94,2,5,2.5000
2057,7695.70,2277.63,NaN,NaN,NaN
2058,7627.59,2290.60,NaN,NaN,NaN
2059,7529.82,2381.20,0,0,0.0000
2060,7780.17,2075.82,2,2,0.0000
2061,7255.51,1852.40,NaN,NaN,NaN
2062,7532.88,1761.54,0,0,0.0000
2063,7317.96,1763.51,NaN,NaN,NaN
2064,7744.70,1953.11,0,0,0.0000
2065,7092.90,2414.00,0,0,0.0000
2066,7196.25,1844.52,NaN,NaN,NaN
2067,7419.68,2114.47,0,0,0.0000
2068,7436.60,2012.81,0,0,0.0000
2069,7604.92,2365.70,NaN,NaN,NaN
2070,7067.75,1876.92,5,9,0.0000
2071,7676.70,1670.75,0,0,0.0000
2072,7676.43,1725.35,NaN,NaN,NaN
2073,7480.40,1983.23,0,0,0.0000
2074,7394.69,1918.94,NaN,NaN,NaN
2075,7749.34,2373.63,NaN,NaN,NaN
2076,7513.12,1938.57,NaN,NaN,NaN
2077,7428.09,1932.11,2,4,2.0000
2078,7474.56,2106.20,NaN,NaN,NaN
2079,7437.60,1970.03,0,0,0.0000
2080,7586.23,2031.01,2,5,2.5000
2081,7695.80,2332.46,0,0,0.0000
2082,7746.42,2122.75,0,0,0.0000
2083,7615.91,2410.20,NaN,NaN,NaN
2084,7363.40,2301.77,NaN,NaN,NaN
2085,7331.15,2062.58,0,0,0.0000
2086,7725.36,2354.16,NaN,NaN,NaN
2087,7279.70,1982.21,0,0,0.0000
2088,7387.01,2038.18,NaN,NaN,NaN
2089,8012.93,2254.99,NaN,NaN,NaN
2090,8494.40,1774.02,NaN,NaN,NaN
2091,7843.85,1682.03,2,3,0.0000
2092,7965.16,2093.26,NaN,NaN,NaN
2093,7815.98,2139.67,NaN,NaN,NaN
2094,8452.88,1904.25,NaN,NaN,NaN
2095,7947.40,1834.57,3,6,2.0000
2096,7833.44,1881.29,0,0,0.0000
2097,7937.93,2331.51,3,5,0.0000
2098,7890.14,2351.74,NaN,NaN,NaN
2099,7874.65,2183.22,NaN,NaN,NaN
2100,8140.61,1705.33,0,0,0.0000
2101,7830.10,2339.37,NaN,NaN,NaN
2102,8499.38,1859.00,NaN,NaN,NaN
2103,7879.62,1942.71,2,3,0.0000
2104,7905.91,1722.14,2,4,2.0000
2105,8027.30,1768.86,NaN,NaN,NaN
2106,8047.25,1890.36,NaN,NaN,NaN
2107,8083.75,2114.54,0,0,0.0000
2108,8006.38,1967.52,2,2,0.0000
2109,8033.41,1830.23,3,4,0.0000
2110,8342.00,1721.61,0,0,0.0000
2111,8062.32,1967.23,NaN,NaN,NaN
2112,8382.21,1705.88,NaN,NaN,NaN
2113,8034.77,2083.02,NaN,NaN,NaN
2114,8089.36,1929.64,0,0,0.0000
2115,7887.10,2225.19,0,0,0.0000
2116,7929.60,2022.39,2,4,2.0000
2117,7962.34,1783.21,NaN,NaN,NaN
2118,7940.59,1679.39,NaN,NaN,NaN
2119,7907.09,1891.64,0,0,0.0000
2120,8080.09,1809.04,0,0,0.0000
2121,8394.08,1878.09,NaN,NaN,NaN
2122,7821.25,2233.38,0,0,0.0000
2123,8423.36,1685.84,NaN,NaN,NaN
2124,8591.86,1748.53,NaN,NaN,NaN
2125,9932.65,2094.20,0,0,0.0000
2126,9968.75,1901.49,0,0,0.0000
2127,10081.91,1960.63,NaN,NaN,NaN
2128,9994.87,1777.10,3,7,2.3333
2129,9823.92,1847.88,NaN,NaN,NaN
2130,10046.61,1819.48,NaN,NaN,NaN
2131,10084.85,2067.83,NaN,NaN,NaN
2132,10032.33,1673.60,NaN,NaN,NaN
2133,9844.87,1944.09,NaN,NaN,NaN
2134,10071.96,2013.00,NaN,NaN,NaN
2135,9967.23,1739.88,NaN,NaN,NaN
2136,9897.73,1880.07,NaN,NaN,NaN
2137,10086.70,1870.38,3,3,0.0000
2138,10096.24,1674.86,NaN,NaN,NaN
2139,10006.09,2032.54,NaN,NaN,NaN
2140,10098.32,2233.03,NaN,NaN,NaN
2141,10110.70,2343.52,2,5,2.5000
2142,10019.09,2110.74,3,4,0.0000
2143,9912.83,1699.25,0,0,0.0000
2144,9785.90,1984.15,0,0,0.0000
2145,10034.91,2287.58,NaN,NaN,NaN
2146,9848.59,2112.97,NaN,NaN,NaN
2147,9763.36,1867.29,NaN,NaN,NaN
2148,9886.26,2037.21,0,0,0.0000
2149,9864.40,2073.27,NaN,NaN,NaN
2150,9918.04,2000.31,0,0,0.0000
2151,10063.67,2232.28,NaN,NaN,NaN
2152,9846.93,2029.29,0,0,0.0000
2153,10363.47,2143.12,NaN,NaN,NaN
2154,10506.84,2342.95,NaN,NaN,NaN
2155,10477.19,2259.11,NaN,NaN,NaN
2156,10465.99,1821.91,0,0,0.0000
2157,10543.74,2100.39,3,2,0.0000
2158,10577.96,1805.63,NaN,NaN,NaN
2159,10384.90,1862.49,NaN,NaN,NaN
2160,10283.71,1814.30,0,0,0.0000
2161,10296.12,2373.77,2,4,2.0000
2162,10121.64,2130.11,NaN,NaN,NaN
2163,10670.17,1809.32,NaN,NaN,NaN
2164,10154.99,2287.64,3,4,0.0000
2165,10162.39,1880.83,NaN,NaN,NaN
2166,10254.14,2011.12,NaN,NaN,NaN
2167,10741.54,2106.09,NaN,NaN,NaN
2168,10307.85,1924.38,NaN,NaN,NaN
2169,10631.71,2429.56,NaN,NaN,NaN
2170,10510.73,2022.23,NaN,NaN,NaN
2171,10451.28,2041.32,2,3,0.0000
2172,10645.66,1972.33,2,3,0.0000
2173,10447.09,2120.85,0,0,0.0000
2174,10767.16,2196.06,NaN,NaN,NaN
2175,10749.30,2397.66,3,4,0.0000
2176,10710.21,2026.07,0,0,0.0000
2177,10544.86,2252.40,NaN,NaN,NaN
2178,10308.25,1727.79,NaN,NaN,NaN
2179,10165.59,1764.34,NaN,NaN,NaN
2180,10117.80,2420.95,NaN,NaN,NaN
2181,10316.83,2203.67,0,0,0.0000
2182,10702.64,2328.67,NaN,NaN,NaN
2183,10118.51,1718.61,NaN,NaN,NaN
2184,10188.95,2086.62,NaN,NaN,NaN
2185,10779.21,1994.22,NaN,NaN,NaN
2186,10166.35,2367.17,NaN,NaN,NaN
2187,10583.41,1681.08,0,0,0.0000
2188,10530.22,1845.38,2,6,3.0000
2189,10379.11,1715.86,0,0,0.0000
2190,10457.33,1707.19,0,0,0.0000
2191,10652.36,2310.29,0,0,0.0000
2192,10543.24,1957.93,0,0,0.0000
2193,10637.58,1736.42,0,0,0.0000
2194,10216.79,2278.78,0,0,0.0000
2195,10381.06,2321.01,0,0,0.0000
2196,10274.19,2267.75,0,0,0.0000
2197,10317.88,1877.23,NaN,NaN,NaN
2198,10264.10,2141.86,0,0,0.0000
2199,10736.66,1940.67,NaN,NaN,NaN
2200,10671.87,2132.64,NaN,NaN,NaN
2201,10783.61,2302.79,0,0,0.0000
2202,10237.56,1739.09,NaN,NaN,NaN
2203,10411.64,1764.39,0,0,0.0000
2204,10685.35,2200.53,NaN,NaN,NaN
2205,10159.04,2037.64,0,0,0.0000
2206,10358.81,2040.05,0,0,0.0000
2207,10595.93,2055.80,0,0,0.0000
2208,10712.13,2256.44,5,6,0.0000
2209,10180.08,1949.57,NaN,NaN,NaN
2210,10757.20,2333.31,0,0,0.0000
2211,10660.89,1868.11,0,0,0.0000
2212,10308.45,2087.25,2,6,3.0000
2213,10448.60,1972.18,0,0,0.0000
2214,10510.94,1712.52,NaN,NaN,NaN
2215,10689.37,2407.33,0,0,0.0000
2216,10258.84,2080.29,NaN,NaN,NaN
2217,10580.88,2307.04,3,4,0.0000
2218,10580.29,2304.35,NaN,NaN,NaN
2219,10580.47,2305.13,NaN,NaN,NaN
2220,11599.67,2373.67,NaN,NaN,NaN
2221,11645.01,2350.54,0,0,0.0000
2222,12039.00,2288.04,NaN,NaN,NaN
2223,12044.31,2186.90,NaN,NaN,NaN
2224,11927.72,2323.25,0,0,0.0000
2225,12290.41,2412.35,0,0,0.0000
2226,11787.39,2050.71,NaN,NaN,NaN
2227,11891.65,2216.80,NaN,NaN,NaN
2228,12407.49,2352.27,0,0,0.0000
2229,11878.76,2419.09,0,0,0.0000
2230,11781.73,2189.41,NaN,NaN,NaN
2231,12152.82,2274.94,0,0,0.0000
2232,11895.10,2141.97,NaN,NaN,NaN
2233,12143.77,2430.19,0,0,0.0000
2234,11813.77,2358.78,0,0,0.0000
2235,12173.47,2359.00,0,0,0.0000
2236,12241.25,2195.56,2,4,2.0000
2237,11958.27,2160.67,0,0,0.0000
2238,12342.05,2319.01,0,0,0.0000
2239,12153.39,2101.29,NaN,NaN,NaN
2240,12366.15,2406.58,NaN,NaN,NaN
2241,11839.02,2273.37,NaN,NaN,NaN
2242,11708.35,2395.59,0,0,0.0000
2243,11657.01,2395.29,NaN,NaN,NaN
2244,11886.08,2062.31,NaN,NaN,NaN
2245,11838.77,2160.46,NaN,NaN,NaN
2246,12056.25,2379.07,0,0,0.0000
2247,11701.52,2329.25,0,0,0.0000
2248,11663.00,2307.16,0,0,0.0000
2249,12195.05,2166.49,2,8,4.0000
2250,11774.57,2269.80,0,0,0.0000
2251,11742.44,2356.96,0,0,0.0000
2252,11713.72,2257.86,0,0,0.0000
2253,11754.45,2001.31,0,0,0.0000
2254,12295.70,2197.49,0,0,0.0000
2255,11758.98,2101.25,0,0,0.0000
2256,12212.81,2079.84,0,0,0.0000
2257,11851.84,1936.31,0,0,0.0000
2258,12095.50,2342.79,0,0,0.0000
2259,11929.38,2073.58,0,0,0.0000
2260,12230.90,2418.15,0,0,0.0000
2261,12864.18,2183.08,4,8,2.0000
2262,13001.15,2415.75,NaN,NaN,NaN
2263,12851.53,1856.79,NaN,NaN,NaN
2264,12936.29,2216.83,0,0,0.0000
2265,13087.82,1817.10,2,6,3.0000
2266,13008.83,1821.60,NaN,NaN,NaN
2267,12757.98,1996.81,NaN,NaN,NaN
2268,12808.20,1676.86,NaN,NaN,NaN
2269,13057.88,2321.96,NaN,NaN,NaN
2270,13015.19,2083.56,0,0,0.0000
2271,13063.52,1676.31,NaN,NaN,NaN
2272,13075.72,2213.65,NaN,NaN,NaN
2273,12781.82,1922.83,NaN,NaN,NaN
2274,13155.32,2066.25,3,6,2.0000
2275,12486.20,2431.38,NaN,NaN,NaN
2276,12898.74,2030.84,NaN,NaN,NaN
2277,12778.98,2122.14,NaN,NaN,NaN
2278,13181.89,2374.83,NaN,NaN,NaN
2279,12828.72,2033.75,3,3,0.0000
2280,13038.78,1947.10,NaN,NaN,NaN
2281,13135.63,1998.66,2,5,2.5000
2282,12943.84,1735.19,NaN,NaN,NaN
2283,13077.90,2396.50,NaN,NaN,NaN
2284,12502.73,2374.57,NaN,NaN,NaN
2285,12945.93,1875.97,NaN,NaN,NaN
2286,12742.50,1703.06,NaN,NaN,NaN
2287,13131.38,1743.32,0,0,0.0000
2288,13158.11,2154.15,NaN,NaN,NaN
2289,12959.33,2073.47,NaN,NaN,NaN
2290,12902.38,1790.29,NaN,NaN,NaN
2291,12886.39,2364.03,0,0,0.0000
2292,12826.11,1766.11,NaN,NaN,NaN
2293,12872.41,2310.00,NaN,NaN,NaN
2294,12867.33,1947.03,NaN,NaN,NaN
2295,13113.98,1911.08,NaN,NaN,NaN
2296,13097.24,2150.76,2,4,2.0000
2297,13147.41,2279.11,NaN,NaN,NaN
2298,12887.58,1706.98,NaN,NaN,NaN
2299,12770.68,2187.00,NaN,NaN,NaN
2300,13027.60,1720.08,0,0,0.0000
2301,13065.99,1904.63,NaN,NaN,NaN
2302,13060.96,2131.06,NaN,NaN,NaN
2303,12989.41,1936.77,0,0,0.0000
2304,13012.87,2160.78,NaN,NaN,NaN
2305,12971.65,1959.78,0,0,0.0000
2306,13497.16,2076.82,NaN,NaN,NaN
2307,13369.50,2330.50,NaN,NaN,NaN
2308,13228.08,2097.62,0,0,0.0000
2309,13446.74,2299.99,NaN,NaN,NaN
2310,13185.20,2214.78,0,0,0.0000
2311,13234.73,2338.88,0,0,0.0000
2312,13362.02,2239.86,NaN,NaN,NaN
2313,13197.68,1724.88,NaN,NaN,NaN
2314,13484.65,2137.76,NaN,NaN,NaN
2315,13423.36,2210.00,6,11,0.0000
2316,13367.33,2420.32,0,0,0.0000
2317,13416.18,2408.49,0,0,0.0000
2318,13340.40,2194.88,0,0,0.0000
2319,13269.26,2291.35,NaN,NaN,NaN
2320,13488.94,2266.44,NaN,NaN,NaN
2321,13244.14,1777.11,0,0,0.0000
2322,13305.33,2035.87,NaN,NaN,NaN
2323,13452.66,1941.71,NaN,NaN,NaN
2324,13482.56,1971.66,NaN,NaN,NaN
2325,13947.08,2354.55,0,0,0.0000
2326,13478.67,2399.61,0,0,0.0000
2327,14630.35,1741.98,NaN,NaN,NaN
2328,14670.17,1889.80,NaN,NaN,NaN
2329,14566.09,1750.41,3,5,0.0000
2330,13972.12,2430.70,0,0,0.0000
2331,13995.93,2344.06,0,0,0.0000
2332,14310.27,2401.95,0,0,0.0000
2333,13969.86,2218.30,0,0,0.0000
2334,14001.88,2271.66,NaN,NaN,NaN
2335,14667.90,1672.31,0,0,0.0000
2336,14049.06,2388.41,0,0,0.0000
2337,14017.27,2225.43,0,0,0.0000
2338,14230.90,2397.79,0,0,0.0000
2339,14446.66,2166.55,NaN,NaN,NaN
2340,15481.26,1911.63,NaN,NaN,NaN
2341,15129.81,2380.81,NaN,NaN,NaN
2342,14857.67,1940.99,NaN,NaN,NaN
2343,15258.81,1984.43,NaN,NaN,NaN
2344,15464.35,2232.27,NaN,NaN,NaN
2345,14966.55,1773.76,0,0,0.0000
2346,15106.38,1886.21,NaN,NaN,NaN
2347,14766.12,1864.89,2,5,2.5000
2348,15222.63,1809.64,NaN,NaN,NaN
2349,14882.07,1714.25,NaN,NaN,NaN
2350,15241.19,2321.73,0,0,0.0000
2351,15368.48,2338.06,NaN,NaN,NaN
2352,15224.67,2387.42,NaN,NaN,NaN
2353,15311.89,2223.12,0,0,0.0000
2354,14976.56,2026.59,NaN,NaN,NaN
2355,15204.15,2043.71,NaN,NaN,NaN
2356,14989.83,2430.89,NaN,NaN,NaN
2357,14899.14,2209.12,0,0,0.0000
2358,14892.70,2047.23,NaN,NaN,NaN
2359,14881.03,2392.74,2,4,2.0000
2360,15004.13,2189.12,NaN,NaN,NaN
2361,15272.86,1686.52,2,3,0.0000
2362,15215.82,2200.36,0,0,0.0000
2363,15012.22,2325.92,NaN,NaN,NaN
2364,14945.19,2403.91,NaN,NaN,NaN
2365,14730.73,1757.54,NaN,NaN,NaN
2366,15043.48,2012.03,0,0,0.0000
2367,15050.59,1797.43,NaN,NaN,NaN
2368,15059.99,1696.23,2,4,2.0000
2369,14959.12,2114.12,0,0,0.0000
2370,15306.36,1907.12,NaN,NaN,NaN
2371,14821.37,1691.90,0,0,0.0000
2372,15319.62,1801.66,0,0,0.0000
2373,15469.73,2322.50,NaN,NaN,NaN
2374,15148.00,1970.02,0,0,0.0000
2375,15371.92,1996.98,0,0,0.0000
2376,15242.40,2154.57,NaN,NaN,NaN
2377,15305.01,1753.04,NaN,NaN,NaN
2378,15484.87,2116.29,NaN,NaN,NaN
2379,15072.32,2117.80,NaN,NaN,NaN
2380,14781.96,2391.03,NaN,NaN,NaN
2381,15148.51,2232.34,0,0,0.0000
2382,15326.63,2099.02,2,5,2.5000
2383,14794.32,2354.67,NaN,NaN,NaN
2384,14928.10,2290.16,NaN,NaN,NaN
2385,15115.23,2157.94,0,0,0.0000
2386,14888.90,2142.11,3,5,0.0000
2387,15057.93,2247.24,0,0,0.0000
2388,15291.96,2424.23,0,0,0.0000
2389,15084.44,2279.41,NaN,NaN,NaN
2390,15324.35,2008.95,0,0,0.0000
2391,15200.91,1703.55,2,2,0.0000
2392,15335.63,1723.78,2,4,2.0000
2393,15397.41,2119.45,0,0,0.0000
2394,14960.37,2213.66,0,0,0.0000
2395,15175.46,2112.18,0,0,0.0000
2396,15430.48,2022.22,0,0,0.0000
2397,15427.91,2029.88,0,0,0.0000
2398,15414.35,2051.64,0,0,0.0000
2399,16246.46,2423.28,0,0,0.0000
2400,15930.54,1933.11,NaN,NaN,NaN
2401,15600.35,2351.87,0,0,0.0000
2402,16057.16,1732.70,0,0,0.0000
2403,15900.35,2052.65,NaN,NaN,NaN
2404,15630.67,2086.32,2,6,3.0000
2405,15963.58,1843.56,NaN,NaN,NaN
2406,16178.95,1745.83,0,0,0.0000
2407,16239.27,2221.08,NaN,NaN,NaN
2408,15698.01,1719.78,NaN,NaN,NaN
2409,16063.93,2366.67,2,5,2.5000
2410,16137.54,2255.97,2,4,2.0000
2411,16034.16,2253.07,NaN,NaN,NaN
2412,16285.47,1778.26,0,0,0.0000
2413,15947.59,2417.34,NaN,NaN,NaN
2414,15616.00,1795.99,0,0,0.0000
2415,16216.90,1873.81,NaN,NaN,NaN
2416,15584.06,2239.55,NaN,NaN,NaN
2417,16124.28,1841.29,0,0,0.0000
2418,15798.28,2170.88,0,0,0.0000
2419,15766.74,2044.58,0,0,0.0000
2420,16208.27,1991.45,NaN,NaN,NaN
2421,16100.00,1895.12,0,0,0.0000
2422,15776.78,1818.92,2,3,0.0000
2423,15920.36,2212.59,NaN,NaN,NaN
2424,15929.86,2283.64,NaN,NaN,NaN
2425,15588.58,1985.53,NaN,NaN,NaN
2426,15854.39,2323.73,NaN,NaN,NaN
2427,16004.79,2021.54,2,4,2.0000
2428,15835.46,1897.92,0,0,0.0000
2429,15724.84,2309.93,NaN,NaN,NaN
2430,15720.50,2221.50,NaN,NaN,NaN
2431,15836.40,2249.02,NaN,NaN,NaN
2432,15934.23,1769.12,0,0,0.0000
2433,16084.09,2126.73,NaN,NaN,NaN
2434,15895.53,2379.89,0,0,0.0000
2435,16166.71,2372.42,0,0,0.0000
2436,16136.98,2023.07,0,0,0.0000
2437,15941.90,2147.50,3,4,0.0000
2438,15645.65,2000.56,0,0,0.0000
2439,15719.91,1832.56,0,0,0.0000
2440,15986.68,2308.84,0,0,0.0000
2441,15611.15,1913.35,NaN,NaN,NaN
2442,15723.44,2401.21,0,0,0.0000
2443,15859.82,2143.77,0,0,0.0000
2444,15993.11,1682.94,0,0,0.0000
2445,16342.67,2014.37,0,0,0.0000
2446,15620.77,1714.06,0,0,0.0000
2447,16083.64,2030.39,2,6,3.0000
2448,15802.78,2391.72,4,5,0.0000
2449,15833.41,1832.42,NaN,NaN,NaN
2450,15830.04,1959.96,0,0,0.0000
2451,15654.92,2242.18,0,0,0.0000
2452,16065.58,1924.67,2,7,3.5000
2453,15881.56,1875.50,0,0,0.0000
2454,15849.22,1804.06,NaN,NaN,NaN
2455,15800.77,2301.80,2,2,0.0000
2456,15513.37,1677.89,0,0,0.0000
2457,15511.31,1673.00,0,0,0.0000
2458,497.51,3151.29,6,6,0.0000
2459,554.59,3077.86,2,5,2.5000
2460,448.12,3055.07,NaN,NaN,NaN
2461,621.31,3168.70,0,0,0.0000
2462,408.08,2974.56,2,2,0.0000
2463,576.57,2956.55,2,4,2.0000
2464,625.42,3095.07,0,0,0.0000
2465,676.23,2775.75,NaN,NaN,NaN
2466,653.11,3030.92,0,0,0.0000
2467,373.04,3108.15,NaN,NaN,NaN
2468,480.82,2953.23,0,0,0.0000
2469,356.80,3170.52,NaN,NaN,NaN
2470,695.48,2935.14,0,0,0.0000
2471,614.86,2804.44,NaN,NaN,NaN
2472,559.16,3016.18,2,4,2.0000
2473,420.49,3161.76,4,6,0.0000
2474,566.72,2807.80,NaN,NaN,NaN
2475,307.49,3162.53,2,2,0.0000
2476,685.75,2835.73,NaN,NaN,NaN
2477,557.73,2843.31,NaN,NaN,NaN
2478,505.89,3013.21,NaN,NaN,NaN
2479,1258.01,3192.23,NaN,NaN,NaN
2480,1147.03,3056.93,NaN,NaN,NaN
2481,1141.22,3146.67,NaN,NaN,NaN
2482,1426.63,3028.87,2,5,2.5000
2483,1473.89,3199.49,0,0,0.0000
2484,1241.52,3037.49,NaN,NaN,NaN
2485,1401.97,3130.35,NaN,NaN,NaN
2486,1314.11,3101.23,3,5,0.0000
2487,1584.00,3121.93,2,2,0.0000
2488,1246.74,2916.56,NaN,NaN,NaN
2489,1323.98,2874.51,NaN,NaN,NaN
2490,1649.96,3180.14,0,0,0.0000
2491,1028.68,3111.65,2,2,0.0000
2492,1350.52,2994.40,NaN,NaN,NaN
2493,1154.05,2929.00,3,4,0.0000
2494,1032.70,3193.60,0,0,0.0000
2495,993.92,3067.22,2,5,2.5000
2496,1484.82,3100.86,NaN,NaN,NaN
2497,1388.74,2939.23,3,1,0.0000
2498,1246.55,2861.91,NaN,NaN,NaN
2499,963.09,2935.88,NaN,NaN,NaN
2500,942.12,3121.55,NaN,NaN,NaN
2501,972.33,2628.41,0,0,0.0000
2502,967.48,2706.84,0,0,0.0000
2503,1031.77,2703.26,2,2,0.0000
2504,1058.28,2667.94,NaN,NaN,NaN
2505,975.85,3004.90,NaN,NaN,NaN
2506,899.93,2607.92,NaN,NaN,NaN
2507,946.64,3045.41,2,2,0.0000
2508,1304.54,2979.60,NaN,NaN,NaN
2509,928.92,2640.55,0,0,0.0000
2510,977.65,3139.01,0,0,0.0000
2511,1178.23,2976.47,0,0,0.0000
2512,2370.14,2873.49,NaN,NaN,NaN
2513,2337.95,3045.94,NaN,NaN,NaN
2514,2417.09,3071.93,NaN,NaN,NaN
2515,2286.05,2506.78,NaN,NaN,NaN
2516,1677.50,3124.15,NaN,NaN,NaN
2517,2300.02,2802.87,NaN,NaN,NaN
2518,2201.40,2785.77,3,6,2.0000
2519,2242.89,2879.42,0,0,0.0000
2520,2090.92,2679.45,0,0,0.0000
2521,2199.13,2723.76,0,0,0.0000
2522,2209.55,2452.63,NaN,NaN,NaN
2523,2272.26,2762.31,NaN,NaN,NaN
2524,2194.08,2849.06,0,0,0.0000
2525,2413.83,3193.19,0,0,0.0000
2526,2124.81,2753.77,0,0,0.0000
2527,2369.21,3164.71,0,0,0.0000
2528,2352.92,2558.52,2,3,0.0000
2529,2367.28,2482.23,0,0,0.0000
2530,2397.14,2523.00,NaN,NaN,NaN
2531,2373.39,2576.01,NaN,NaN,NaN
2532,2650.63,3169.79,NaN,NaN,NaN
2533,3129.16,2967.55,4,5,0.0000
2534,3167.46,2692.69,NaN,NaN,NaN
2535,2444.08,2969.85,NaN,NaN,NaN
2536,2652.43,3023.92,NaN,NaN,NaN
2537,3059.20,2896.13,4,6,0.0000
2538,2444.63,2569.83,NaN,NaN,NaN
2539,2711.01,3060.91,0,0,0.0000
2540,2508.80,3048.70,3,4,0.0000
2541,2785.02,2920.84,NaN,NaN,NaN
2542,2761.17,2969.58,NaN,NaN,NaN
2543,2496.72,3187.88,2,2,0.0000
2544,2523.96,3125.21,NaN,NaN,NaN
2545,2454.09,3130.44,NaN,NaN,NaN
2546,2837.84,3090.94,NaN,NaN,NaN
2547,2682.32,2943.00,NaN,NaN,NaN
2548,2819.22,3015.49,NaN,NaN,NaN
2549,2826.97,3055.23,0,0,0.0000
2550,2815.98,2976.93,2,2,0.0000
2551,2547.67,3179.41,NaN,NaN,NaN
2552,2487.62,2620.07,0,0,0.0000
2553,3198.70,2631.24,0,0,0.0000
2554,3323.76,3099.93,0,0,0.0000
2555,3577.05,2926.99,5,5,0.0000
2556,3473.12,2764.62,NaN,NaN,NaN
2557,3547.50,3174.51,NaN,NaN,NaN
2558,3544.29,3048.66,0,0,0.0000
2559,3259.28,2601.79,0,0,0.0000
2560,3390.59,2865.14,NaN,NaN,NaN
2561,3336.17,2878.41,0,0,0.0000
2562,3314.61,3013.80,0,0,0.0000
2563,3617.98,3015.01,NaN,NaN,NaN
2564,3597.52,3159.41,0,0,0.0000
2565,3333.90,2628.03,2,3,0.0000
2566,3443.96,2932.40,2,3,0.0000
2567,3640.80,3059.79,0,0,0.0000
2568,3503.97,2884.04,NaN,NaN,NaN
2569,3240.33,2663.75,2,2,0.0000
2570,3309.77,2800.04,NaN,NaN,NaN
2571,3391.98,3041.66,NaN,NaN,NaN
2572,3261.69,2809.21,2,1,0.0000
2573,3384.80,2933.03,2,4,2.0000
2574,3469.59,3043.92,NaN,NaN,NaN
2575,3561.44,2819.57,0,0,0.0000
2576,3416.51,2989.41,NaN,NaN,NaN
2577,3453.34,2874.48,NaN,NaN,NaN
2578,3589.02,3106.69,2,3,0.0000
2579,3945.56,2540.12,2,2,0.0000
2580,3462.46,2680.68,0,0,0.0000
2581,4519.68,3126.99,2,0,0.0000
2582,4544.75,2527.72,2,6,3.0000
2583,4603.11,2799.85,NaN,NaN,NaN
2584,4401.50,3026.78,NaN,NaN,NaN
2585,4277.54,2529.72,NaN,NaN,NaN
2586,4137.21,2591.13,NaN,NaN,NaN
2587,4215.79,2792.83,0,0,0.0000
2588,4382.61,2907.83,3,2,0.0000
2589,4426.72,2747.33,NaN,NaN,NaN
2590,4496.83,2957.15,NaN,NaN,NaN
2591,4319.82,2823.30,NaN,NaN,NaN
2592,4300.36,2624.55,NaN,NaN,NaN
2593,4707.21,2874.15,NaN,NaN,NaN
2594,4422.18,3169.84,NaN,NaN,NaN
2595,4035.43,2475.96,2,5,2.5000
2596,4220.62,2621.93,0,0,0.0000
2597,4371.56,2816.72,0,0,0.0000
2598,4346.23,3070.82,NaN,NaN,NaN
2599,4143.92,2933.89,0,0,0.0000
2600,4255.88,3085.01,NaN,NaN,NaN
2601,4170.77,3038.78,NaN,NaN,NaN
2602,4267.54,2765.43,NaN,NaN,NaN
2603,4611.09,2583.34,NaN,NaN,NaN
2604,4437.58,2485.02,0,0,0.0000
2605,4263.83,2991.70,2,7,3.5000
2606,4134.13,2503.80,NaN,NaN,NaN
2607,4094.24,2440.46,2,5,2.5000
2608,4178.77,2869.03,0,0,0.0000
2609,4548.08,2858.63,NaN,NaN,NaN
2610,4558.56,3002.50,NaN,NaN,NaN
2611,4247.90,2896.61,NaN,NaN,NaN
2612,4356.69,2703.68,2,7,3.5000
2613,4298.81,2714.96,NaN,NaN,NaN
2614,4627.25,2902.64,0,0,0.0000
2615,4591.39,2717.82,2,5,2.5000
2616,4602.55,3170.95,2,5,2.5000
2617,4643.42,2993.98,NaN,NaN,NaN
2618,4565.42,2632.14,0,0,0.0000
2619,4597.11,2953.39,2,3,0.0000
2620,4377.68,2628.18,NaN,NaN,NaN
2621,4389.94,2541.39,0,0,0.0000
2622,4363.16,2471.79,NaN,NaN,NaN
2623,4041.07,2556.57,0,0,0.0000
2624,4428.12,2627.92,NaN,NaN,NaN
2625,4194.95,2928.54,2,6,3.0000
2626,4567.61,2902.74,NaN,NaN,NaN
2627,4506.54,2727.68,NaN,NaN,NaN
2628,4493.14,2451.83,3,7,2.3333
2629,4707.12,3144.82,NaN,NaN,NaN
2630,4173.76,2665.85,NaN,NaN,NaN
2631,4663.78,3044.81,NaN,NaN,NaN
2632,4722.03,3113.58,NaN,NaN,NaN
2633,4218.50,2712.89,0,0,0.0000
2634,4214.04,2471.49,NaN,NaN,NaN
2635,4440.86,2690.83,NaN,NaN,NaN
2636,4666.73,2740.32,2,6,3.0000
2637,4205.75,3141.17,2,5,2.5000
2638,4366.23,2497.91,NaN,NaN,NaN
2639,4511.25,3032.58,NaN,NaN,NaN
2640,4500.34,2775.99,0,0,0.0000
2641,4635.97,2676.90,0,0,0.0000
2642,4651.93,2952.75,NaN,NaN,NaN
2643,4606.71,3068.46,0,0,0.0000
2644,4457.91,2868.29,0,0,0.0000
2645,4447.86,2814.63,0,0,0.0000
2646,4160.65,2700.60,NaN,NaN,NaN
2647,4462.20,2597.60,0,0,0.0000
2648,4439.00,2543.02,0,0,0.0000
2649,5035.55,2462.08,2,0,0.0000
2650,5101.16,2640.04,2,3,0.0000
2651,5019.16,2712.27,2,4,2.0000
2652,4936.23,2466.84,4,4,0.0000
2653,5450.17,2630.00,NaN,NaN,NaN
2654,4909.60,2527.81,NaN,NaN,NaN
2655,4742.98,3077.52,NaN,NaN,NaN
2656,5500.95,2485.50,NaN,NaN,NaN
2657,4958.40,2608.63,NaN,NaN,NaN
2658,4970.85,2533.94,NaN,NaN,NaN
2659,5455.51,2535.05,2,4,2.0000
2660,5408.60,2450.25,3,5,0.0000
2661,5393.67,2598.26,NaN,NaN,NaN
2662,4796.80,3154.83,NaN,NaN,NaN
2663,5418.76,2676.97,NaN,NaN,NaN
2664,5135.96,2733.32,0,0,0.0000
2665,5472.18,2581.30,NaN,NaN,NaN
2666,4851.26,2510.07,2,4,2.0000
2667,5465.98,2451.60,NaN,NaN,NaN
2668,5121.75,2764.92,2,4,2.0000
2669,5010.69,2550.95,0,0,0.0000
2670,4957.02,2675.47,0,0,0.0000
2671,5060.38,2572.57,0,0,0.0000
2672,5026.90,2595.50,NaN,NaN,NaN
2673,5058.16,2766.94,0,0,0.0000
2674,4796.53,2503.28,0,0,0.0000
2675,4743.53,2956.06,2,2,0.0000
2676,5412.81,2515.58,NaN,NaN,NaN
2677,4861.92,2448.66,2,3,0.0000
2678,4781.30,3090.36,3,1,0.0000
2679,4918.99,2587.42,NaN,NaN,NaN
2680,6163.55,2841.47,NaN,NaN,NaN
2681,6044.11,2776.92,0,0,0.0000
2682,6058.77,2689.56,NaN,NaN,NaN
2683,5860.12,2879.36,0,0,0.0000
2684,5948.22,2978.36,2,3,0.0000
2685,6095.26,3025.04,NaN,NaN,NaN
2686,6237.68,2766.41,0,0,0.0000
2687,5812.35,2621.41,NaN,NaN,NaN
2688,5726.37,2718.63,NaN,NaN,NaN
2689,5927.05,2577.71,NaN,NaN,NaN
2690,5789.84,2827.11,0,0,0.0000
2691,6156.85,2959.18,0,0,0.0000
2692,5755.32,2663.46,NaN,NaN,NaN
2693,5878.88,2978.61,NaN,NaN,NaN
2694,5655.37,2712.28,0,0,0.0000
2695,5669.97,2494.73,0,0,0.0000
2696,5756.30,2785.80,0,0,0.0000
2697,5934.47,3169.43,0,0,0.0000
2698,5988.58,3108.44,NaN,NaN,NaN
2699,6145.04,3055.77,0,0,0.0000
2700,5807.60,2716.02,0,0,0.0000
2701,6038.34,3100.36,NaN,NaN,NaN
2702,6059.63,2927.86,0,0,0.0000
2703,5773.06,2480.94,NaN,NaN,NaN
2704,5550.79,2445.54,0,0,0.0000
2705,5644.43,2450.28,0,0,0.0000
2706,5544.81,2524.37,0,0,0.0000
2707,5702.17,2622.85,0,0,0.0000
2708,6023.76,2982.02,2,4,2.0000
2709,6181.29,3169.84,0,0,0.0000
2710,6073.96,2488.50,0,0,0.0000
2711,5980.04,2503.58,0,0,0.0000
2712,5945.91,3087.67,NaN,NaN,NaN
2713,6259.40,2985.04,NaN,NaN,NaN
2714,5893.27,2493.26,0,0,0.0000
2715,6215.46,3114.63,2,4,2.0000
2716,5520.06,2634.50,0,0,0.0000
2717,5894.58,3092.14,0,0,0.0000
2718,6029.02,2925.95,0,0,0.0000
2719,5989.98,3185.28,3,4,0.0000
2720,6118.39,3196.20,0,0,0.0000
2721,6165.89,2556.33,3,6,2.0000
2722,5907.23,2953.89,0,0,0.0000
2723,5517.53,2573.13,NaN,NaN,NaN
2724,6078.72,2578.69,0,0,0.0000
2725,6233.22,2536.51,NaN,NaN,NaN
2726,5998.37,3019.27,NaN,NaN,NaN
2727,6124.62,2733.29,0,0,0.0000
2728,6101.82,2896.73,0,0,0.0000
2729,6189.20,3023.93,NaN,NaN,NaN
2730,5588.44,2479.58,0,0,0.0000
2731,5550.53,2687.19,NaN,NaN,NaN
2732,5915.37,2879.63,NaN,NaN,NaN
2733,6186.36,2925.34,0,0,0.0000
2734,5946.98,2801.06,0,0,0.0000
2735,6227.93,3188.79,0,0,0.0000
2736,6168.23,2698.81,0,0,0.0000
2737,5896.39,3189.59,NaN,NaN,NaN
2738,6680.87,2566.77,NaN,NaN,NaN
2739,6481.02,3103.41,0,0,0.0000
2740,6912.14,2949.10,0,0,0.0000
2741,6930.04,2706.71,3,3,0.0000
2742,6839.87,2633.45,NaN,NaN,NaN
2743,7028.36,2915.81,2,5,2.5000
2744,6910.09,3158.66,NaN,NaN,NaN
2745,6671.06,2889.85,3,7,2.3333
2746,6384.35,2602.39,0,0,0.0000
2747,6719.54,3135.21,NaN,NaN,NaN
2748,6304.98,3156.98,NaN,NaN,NaN
2749,7009.03,3168.84,2,3,0.0000
2750,6787.08,2864.12,3,4,0.0000
2751,6324.50,2877.52,NaN,NaN,NaN
2752,6724.01,2997.79,NaN,NaN,NaN
2753,6969.35,3026.64,0,0,0.0000
2754,6822.58,3000.87,0,0,0.0000
2755,6399.18,3135.58,0,0,0.0000
2756,6567.96,2897.55,NaN,NaN,NaN
2757,6608.16,3129.25,NaN,NaN,NaN
2758,6695.60,2763.77,NaN,NaN,NaN
2759,6813.89,2791.44,0,0,0.0000
2760,6578.68,3046.97,0,0,0.0000
2761,6827.01,3152.93,0,0,0.0000
2762,6385.48,2935.76,NaN,NaN,NaN
2763,6474.98,2634.38,0,0,0.0000
2764,6477.03,2845.64,2,3,0.0000
2765,6944.16,2540.46,2,5,2.5000
2766,6461.16,2716.14,NaN,NaN,NaN
2767,6859.44,2838.07,NaN,NaN,NaN
2768,6758.75,2757.88,2,5,2.5000
2769,6526.38,2597.78,0,0,0.0000
2770,6288.86,2825.88,3,4,0.0000
2771,6286.75,3066.35,2,2,0.0000
2772,6577.14,2703.37,NaN,NaN,NaN
2773,6808.85,3076.01,2,4,2.0000
2774,6557.07,2965.80,0,0,0.0000
2775,6846.92,2504.83,NaN,NaN,NaN
2776,6516.60,2701.23,NaN,NaN,NaN
2777,6978.87,2490.94,NaN,NaN,NaN
2778,7036.60,3106.94,0,0,0.0000
2779,6723.58,2630.62,0,0,0.0000
2780,6758.34,3048.60,NaN,NaN,NaN
2781,6410.26,3033.81,NaN,NaN,NaN
2782,6584.41,2653.46,0,0,0.0000
2783,6341.50,2748.14,0,0,0.0000
2784,6512.07,2770.49,2,5,2.5000
2785,6380.14,2722.69,0,0,0.0000
2786,6345.33,2985.63,NaN,NaN,NaN
2787,6945.91,2817.75,0,0,0.0000
2788,6385.28,2794.21,0,0,0.0000
2789,6852.19,3082.11,NaN,NaN,NaN
2790,6795.61,2924.68,0,0,0.0000
2791,6981.53,3102.65,0,0,0.0000
2792,6938.55,3085.17,0,0,0.0000
2793,7335.56,2568.04,0,0,0.0000
2794,7782.95,2753.04,NaN,NaN,NaN
2795,7139.83,2928.32,0,0,0.0000
2796,7110.95,2811.63,3,8,2.6667
2797,7593.67,2814.58,NaN,NaN,NaN
2798,7490.55,2510.94,2,6,3.0000
2799,7499.04,3043.49,NaN,NaN,NaN
2800,7137.55,2644.10,NaN,NaN,NaN
2801,7649.49,3027.42,NaN,NaN,NaN
2802,7355.27,2864.29,2,4,2.0000
2803,7624.99,2569.58,NaN,NaN,NaN
2804,7199.18,3083.25,NaN,NaN,NaN
2805,7752.20,2585.95,0,0,0.0000
2806,7161.09,2503.86,NaN,NaN,NaN
2807,7047.19,3014.46,0,0,0.0000
2808,7462.46,2917.42,NaN,NaN,NaN
2809,7290.42,2871.14,2,5,2.5000
2810,7589.71,2472.18,0,0,0.0000
2811,7348.56,2959.40,NaN,NaN,NaN
2812,7163.50,3177.31,0,0,0.0000
2813,7525.90,2653.92,2,3,0.0000
2814,7358.76,2471.64,NaN,NaN,NaN
2815,7711.82,2664.95,0,0,0.0000
2816,7467.79,2727.74,NaN,NaN,NaN
2817,7493.36,2862.94,NaN,NaN,NaN
2818,7651.45,2485.62,3,4,0.0000
2819,7527.79,3183.84,0,0,0.0000
2820,7202.90,2575.87,NaN,NaN,NaN
2821,7103.27,3077.94,2,3,0.0000
2822,7079.38,3167.10,NaN,NaN,NaN
2823,7276.03,2985.55,0,0,0.0000
2824,7095.91,2454.54,NaN,NaN,NaN
2825,7666.10,2753.10,NaN,NaN,NaN
2826,7228.24,2840.16,NaN,NaN,NaN
2827,7071.00,2593.90,NaN,NaN,NaN
2828,7315.76,3082.70,NaN,NaN,NaN
2829,7548.95,3095.61,0,0,0.0000
2830,7632.57,2725.23,NaN,NaN,NaN
2831,7596.22,2662.30,2,6,3.0000
2832,7233.32,2927.76,0,0,0.0000
2833,7064.81,2505.08,NaN,NaN,NaN
2834,7577.84,3036.27,0,0,0.0000
2835,7686.71,2979.77,NaN,NaN,NaN
2836,7709.89,2513.56,0,0,0.0000
2837,7422.92,2987.49,0,0,0.0000
2838,7062.31,2544.84,4,5,0.0000
2839,7456.10,2662.82,NaN,NaN,NaN
2840,7203.27,2746.34,NaN,NaN,NaN
2841,7565.81,3141.18,NaN,NaN,NaN
2842,7575.60,2923.76,NaN,NaN,NaN
2843,7176.73,3007.07,0,0,0.0000
2844,7304.67,2446.85,NaN,NaN,NaN
2845,7321.86,3035.16,NaN,NaN,NaN
2846,7226.42,2792.52,NaN,NaN,NaN
2847,7393.65,3051.90,NaN,NaN,NaN
2848,7139.91,3100.28,NaN,NaN,NaN
2849,7716.50,2445.33,0,0,0.0000
2850,7691.28,2721.86,NaN,NaN,NaN
2851,7675.21,2841.11,0,0,0.0000
2852,7748.25,2997.79,0,0,0.0000
2853,7748.93,2496.06,0,0,0.0000
2854,7127.99,3021.66,0,0,0.0000
2855,7178.86,2542.46,NaN,NaN,NaN
2856,7125.96,3135.71,0,0,0.0000
2857,7894.32,2527.82,0,0,0.0000
2858,7838.42,2604.84,NaN,NaN,NaN
2859,7881.16,2442.05,NaN,NaN,NaN
2860,7929.96,2586.29,0,0,0.0000
2861,9335.09,2967.22,NaN,NaN,NaN
2862,10003.10,3186.18,2,6,3.0000
2863,9997.54,3091.15,NaN,NaN,NaN
2864,10090.01,2715.99,NaN,NaN,NaN
2865,10107.41,2812.63,2,3,0.0000
2866,10055.94,2649.34,3,8,2.6667
2867,10072.08,3157.66,NaN,NaN,NaN
2868,9982.73,2726.95,NaN,NaN,NaN
2869,10040.13,2999.63,NaN,NaN,NaN
2870,9449.87,3113.64,NaN,NaN,NaN
2871,9372.89,3041.55,0,0,0.0000
2872,9465.81,2886.36,NaN,NaN,NaN
2873,9495.50,3192.03,NaN,NaN,NaN
2874,9443.92,3039.14,0,0,0.0000
2875,9480.42,3001.79,NaN,NaN,NaN
2876,9944.23,3007.19,NaN,NaN,NaN
2877,9430.51,2962.49,NaN,NaN,NaN
2878,10108.79,3093.89,NaN,NaN,NaN
2879,9970.14,2823.40,0,0,0.0000
2880,9895.19,3098.46,NaN,NaN,NaN
2881,9989.10,2927.93,0,0,0.0000
2882,9529.54,3104.49,2,1,0.0000
2883,9504.81,3131.43,NaN,NaN,NaN
2884,9370.45,2885.96,0,0,0.0000
2885,9441.50,3177.92,NaN,NaN,NaN
2886,9383.21,2926.05,0,0,0.0000
2887,9932.36,2817.98,0,0,0.0000
2888,10548.51,2495.63,NaN,NaN,NaN
2889,10469.65,2811.26,3,5,0.0000
2890,10625.10,3161.26,NaN,NaN,NaN
2891,10607.40,2626.52,0,0,0.0000
2892,10178.90,2920.09,2,5,2.5000
2893,10430.17,2707.95,0,0,0.0000
2894,10657.20,3000.53,NaN,NaN,NaN
2895,10664.90,3079.76,0,0,0.0000
2896,10821.04,3089.97,2,6,3.0000
2897,10221.20,2708.98,0,0,0.0000
2898,10288.08,2952.27,NaN,NaN,NaN
2899,10554.74,2861.88,NaN,NaN,NaN
2900,10473.20,3131.35,NaN,NaN,NaN
2901,10240.48,2603.33,NaN,NaN,NaN
2902,10728.43,3164.08,NaN,NaN,NaN
2903,10284.88,2534.93,3,9,3.0000
2904,10472.23,2618.06,2,2,0.0000
2905,10834.00,2826.59,NaN,NaN,NaN
2906,10737.37,2986.78,3,7,2.3333
2907,10359.54,2758.09,2,4,2.0000
2908,10287.09,3187.41,NaN,NaN,NaN
2909,10493.46,2946.28,3,4,0.0000
2910,10304.91,2819.71,NaN,NaN,NaN
2911,10876.35,3018.67,3,6,2.0000
2912,10403.33,2621.17,0,0,0.0000
2913,10262.30,3072.29,2,3,0.0000
2914,10351.72,2587.76,0,0,0.0000
2915,10665.21,2730.24,0,0,0.0000
2916,10550.77,3034.86,2,6,3.0000
2917,10457.49,3050.21,NaN,NaN,NaN
2918,10237.55,2843.94,NaN,NaN,NaN
2919,10114.06,3006.53,2,5,2.5000
2920,10759.87,3085.71,NaN,NaN,NaN
2921,10361.82,2973.80,0,0,0.0000
2922,10323.44,3096.31,NaN,NaN,NaN
2923,10168.05,2560.48,3,5,0.0000
2924,10264.75,2435.72,2,4,2.0000
2925,10505.45,2715.84,0,0,0.0000
2926,10656.18,2855.14,NaN,NaN,NaN
2927,10421.10,2949.29,0,0,0.0000
2928,10763.97,2726.27,NaN,NaN,NaN
2929,10113.86,2528.87,NaN,NaN,NaN
2930,10842.38,2741.95,2,5,2.5000
2931,10349.03,2442.30,NaN,NaN,NaN
2932,10776.14,2962.15,3,4,0.0000
2933,10124.50,2631.73,0,0,0.0000
2934,10300.63,2686.06,2,3,0.0000
2935,10462.45,2893.90,0,0,0.0000
2936,10232.03,3024.74,0,0,0.0000
2937,10174.73,2791.55,0,0,0.0000
2938,10470.84,3195.73,0,0,0.0000
2939,10223.84,3144.66,NaN,NaN,NaN
2940,10593.86,2962.19,0,0,0.0000
2941,10369.65,3160.29,2,2,0.0000
2942,10510.39,3091.26,3,9,3.0000
2943,10324.03,2876.95,NaN,NaN,NaN
2944,10488.70,3014.82,2,9,4.5000
2945,11588.93,3177.23,NaN,NaN,NaN
2946,11597.87,2458.34,NaN,NaN,NaN
2947,10915.44,2975.41,0,0,0.0000
2948,11638.26,2530.78,0,0,0.0000
2949,10940.90,3084.08,0,0,0.0000
2950,10901.18,3113.58,NaN,NaN,NaN
2951,11624.77,3071.91,0,0,0.0000
2952,10915.94,2769.49,2,2,0.0000
2953,10883.33,3190.43,NaN,NaN,NaN
2954,10989.75,3069.25,NaN,NaN,NaN
2955,10889.62,2630.72,0,0,0.0000
2956,11788.82,2672.37,NaN,NaN,NaN
2957,11947.52,2697.92,0,0,0.0000
2958,12184.18,2816.31,2,7,3.5000
2959,12359.02,2936.95,0,0,0.0000
2960,12018.04,2442.87,0,0,0.0000
2961,12042.49,3054.34,NaN,NaN,NaN
2962,12224.71,2499.07,0,0,0.0000
2963,11744.62,3056.76,NaN,NaN,NaN
2964,11813.60,2788.32,0,0,0.0000
2965,11727.40,2890.36,0,0,0.0000
2966,11778.49,2436.85,NaN,NaN,NaN
2967,12124.20,2658.19,2,3,0.0000
2968,11658.82,3158.81,NaN,NaN,NaN
2969,12341.82,2752.17,NaN,NaN,NaN
2970,11722.98,2736.61,0,0,0.0000
2971,12007.92,2535.81,NaN,NaN,NaN
2972,12254.66,3024.61,2,5,2.5000
2973,12023.00,2772.36,NaN,NaN,NaN
2974,12407.88,3040.48,0,0,0.0000
2975,11719.75,2556.19,NaN,NaN,NaN
2976,11984.04,2857.19,NaN,NaN,NaN
2977,12260.89,2760.41,NaN,NaN,NaN
2978,12149.86,2961.85,NaN,NaN,NaN
2979,11916.73,2488.38,NaN,NaN,NaN
2980,11890.24,2589.55,0,0,0.0000
2981,12359.26,2481.06,NaN,NaN,NaN
2982,11813.48,2943.16,NaN,NaN,NaN
2983,11893.50,2994.19,NaN,NaN,NaN
2984,12327.15,3037.26,0,0,0.0000
2985,12158.43,3123.21,0,0,0.0000
2986,12081.09,3110.08,NaN,NaN,NaN
2987,11735.41,2990.91,0,0,0.0000
2988,12349.81,3133.82,0,0,0.0000
2989,12242.87,3104.32,0,0,0.0000
2990,12199.24,2925.74,NaN,NaN,NaN
2991,11878.28,2920.86,0,0,0.0000
2992,11692.26,2473.13,NaN,NaN,NaN
2993,12365.64,2684.00,0,0,0.0000
2994,12063.74,2874.41,2,3,0.0000
2995,11873.63,3099.48,2,3,0.0000
2996,11733.61,2820.17,0,0,0.0000
2997,11988.08,3008.35,0,0,0.0000
2998,12129.29,2522.92,NaN,NaN,NaN
2999,12257.87,2590.18,NaN,NaN,NaN
3000,12375.33,2530.24,0,0,0.0000
3001,11931.23,3047.54,NaN,NaN,NaN
3002,11898.53,3154.38,0,0,0.0000
3003,12004.09,3190.84,0,0,0.0000
3004,11678.96,2768.33,0,0,0.0000
3005,12036.04,2613.43,NaN,NaN,NaN
3006,11978.37,2908.80,NaN,NaN,NaN
3007,11781.47,2598.92,0,0,0.0000
3008,12073.20,2939.73,0,0,0.0000
3009,12266.67,2915.22,NaN,NaN,NaN
3010,11873.26,2858.95,0,0,0.0000
3011,12305.94,2831.56,NaN,NaN,NaN
3012,11964.80,3086.97,NaN,NaN,NaN
3013,12008.72,2951.89,NaN,NaN,NaN
3014,11815.04,3123.71,NaN,NaN,NaN
3015,11795.43,2532.27,0,0,0.0000
3016,11849.98,2535.51,0,0,0.0000
3017,12078.94,3198.11,0,0,0.0000
3018,12310.18,2650.02,NaN,NaN,NaN
3019,12090.39,2984.76,NaN,NaN,NaN
3020,11960.89,3140.82,3,6,2.0000
3021,12198.58,3019.26,NaN,NaN,NaN
3022,11837.46,3040.46,NaN,NaN,NaN
3023,12373.83,2611.58,0,0,0.0000
3024,11763.70,3171.63,2,6,3.0000
3025,11892.50,2797.75,NaN,NaN,NaN
3026,11921.79,2879.50,0,0,0.0000
3027,11920.54,2797.65,2,4,2.0000
3028,11976.09,2591.54,0,0,0.0000
3029,12322.05,2574.56,3,7,2.3333
3030,12362.37,3199.74,0,0,0.0000
3031,12156.28,3050.87,0,0,0.0000
3032,12228.98,3131.43,0,0,0.0000
3033,12195.48,2684.15,NaN,NaN,NaN
3034,12063.10,2652.68,0,0,0.0000
3035,12091.86,2799.60,0,0,0.0000
3036,11757.13,3115.67,0,0,0.0000
3037,12170.90,2582.94,NaN,NaN,NaN
3038,12262.65,3169.41,2,8,4.0000
3039,11705.94,2624.28,NaN,NaN,NaN
3040,12337.89,2605.30,NaN,NaN,NaN
3041,12212.24,2613.07,NaN,NaN,NaN
3042,12444.04,3153.66,NaN,NaN,NaN
3043,12480.29,2821.23,NaN,NaN,NaN
3044,12903.10,2456.91,NaN,NaN,NaN
3045,13102.15,2580.04,0,0,0.0000
3046,12418.88,2863.19,NaN,NaN,NaN
3047,12532.15,3188.47,NaN,NaN,NaN
3048,12592.53,3194.60,0,0,0.0000
3049,12961.45,2580.20,0,0,0.0000
3050,12478.32,2962.01,NaN,NaN,NaN
3051,12564.63,2953.02,0,0,0.0000
3052,12478.62,2661.68,0,0,0.0000
3053,12537.88,3034.96,0,0,0.0000
3054,12441.14,2585.66,NaN,NaN,NaN
3055,13116.78,2451.54,NaN,NaN,NaN
3056,12607.71,3047.99,NaN,NaN,NaN
3057,13102.04,2736.90,NaN,NaN,NaN
3058,13151.82,2516.33,0,0,0.0000
3059,13000.38,2530.47,0,0,0.0000
3060,12597.15,2908.41,0,0,0.0000
3061,12485.06,3056.48,0,0,0.0000
3062,12419.94,2658.68,0,0,0.0000
3063,12540.78,3108.38,NaN,NaN,NaN
3064,13142.56,2672.57,2,1,0.0000
3065,13032.55,2661.38,0,0,0.0000
3066,12688.60,3094.12,3,9,3.0000
3067,12457.74,2523.88,0,0,0.0000
3068,12421.91,2436.24,0,0,0.0000
3069,13094.26,2659.21,0,0,0.0000
3070,12672.03,3034.80,NaN,NaN,NaN
3071,13019.00,2600.06,0,0,0.0000
3072,12642.75,2991.13,0,0,0.0000
3073,12722.52,3184.20,3,5,0.0000
3074,13036.41,2707.21,NaN,NaN,NaN
3075,13454.37,2475.47,NaN,NaN,NaN
3076,13440.66,2569.97,NaN,NaN,NaN
3077,13213.54,2437.80,0,0,0.0000
3078,13361.92,2531.04,NaN,NaN,NaN
3079,13208.37,2486.42,NaN,NaN,NaN
3080,13447.72,2765.56,NaN,NaN,NaN
3081,13285.03,2444.79,NaN,NaN,NaN
3082,13394.78,2626.69,0,0,0.0000
3083,13542.50,2711.35,NaN,NaN,NaN
3084,13380.52,2488.47,NaN,NaN,NaN
3085,13459.71,2633.64,0,0,0.0000
3086,13417.87,2897.74,2,2,0.0000
3087,13399.67,2699.73,2,2,0.0000
3088,13331.96,2464.13,NaN,NaN,NaN
3089,13479.66,2709.98,0,0,0.0000
3090,14661.12,2691.90,2,6,3.0000
3091,14333.36,2508.18,0,0,0.0000
3092,14124.06,2727.02,NaN,NaN,NaN
3093,14001.19,2715.06,NaN,NaN,NaN
3094,14443.30,3142.34,4,5,0.0000
3095,14672.37,2960.86,0,0,0.0000
3096,14589.01,3090.38,NaN,NaN,NaN
3097,14658.20,3051.10,0,0,0.0000
3098,14713.92,3121.11,NaN,NaN,NaN
3099,14059.77,2608.70,2,6,3.0000
3100,14272.76,2626.06,NaN,NaN,NaN
3101,14579.42,2961.18,NaN,NaN,NaN
3102,14051.86,2478.08,0,0,0.0000
3103,14539.93,2920.13,NaN,NaN,NaN
3104,14218.88,2802.19,2,7,3.5000
3105,14013.69,2548.23,NaN,NaN,NaN
3106,14327.16,2751.98,NaN,NaN,NaN
3107,14203.27,2506.15,2,5,2.5000
3108,14590.68,2787.18,NaN,NaN,NaN
3109,14412.40,2540.53,0,0,0.0000
3110,14152.80,2870.59,NaN,NaN,NaN
3111,14492.87,3192.66,NaN,NaN,NaN
3112,14110.44,2896.46,NaN,NaN,NaN
3113,14172.77,2822.23,NaN,NaN,NaN
3114,14325.08,2581.73,0,0,0.0000
3115,14258.90,2545.19,0,0,0.0000
3116,14016.86,2625.74,2,3,0.0000
3117,14341.11,2640.94,0,0,0.0000
3118,14290.43,2453.34,0,0,0.0000
3119,14180.91,2911.39,NaN,NaN,NaN
3120,14293.80,2829.37,NaN,NaN,NaN
3121,14368.85,2704.07,0,0,0.0000
3122,14144.86,2936.92,NaN,NaN,NaN
3123,14650.01,2576.21,0,0,0.0000
3124,14402.64,2499.40,2,3,0.0000
3125,14152.17,2490.82,0,0,0.0000
3126,14295.01,2683.54,NaN,NaN,NaN
3127,15210.68,2816.06,2,4,2.0000
3128,15058.12,2726.05,NaN,NaN,NaN
3129,15175.54,2668.34,4,6,0.0000
3130,15117.06,2882.33,0,0,0.0000
3131,14982.83,2542.75,NaN,NaN,NaN
3132,14893.98,2649.70,NaN,NaN,NaN
3133,14854.76,3057.00,NaN,NaN,NaN
3134,14824.04,3165.32,0,0,0.0000
3135,15349.15,2474.69,NaN,NaN,NaN
3136,14723.90,2498.23,NaN,NaN,NaN
3137,14721.48,2866.35,NaN,NaN,NaN
3138,14989.71,2905.45,NaN,NaN,NaN
3139,15184.54,2523.62,0,0,0.0000
3140,14802.89,2649.57,NaN,NaN,NaN
3141,14998.24,2990.58,NaN,NaN,NaN
3142,15029.91,2500.95,2,2,0.0000
3143,15228.62,2717.67,2,4,2.0000
3144,15084.41,2510.81,NaN,NaN,NaN
3145,15030.99,3198.50,0,0,0.0000
3146,15191.68,2584.74,0,0,0.0000
3147,15284.73,2539.26,NaN,NaN,NaN
3148,14963.27,2627.18,4,5,0.0000
3149,14951.11,3127.40,NaN,NaN,NaN
3150,14773.97,2965.69,0,0,0.0000
3151,14743.52,3054.97,0,0,0.0000
3152,15045.02,3028.61,2,6,3.0000
3153,15162.55,2973.03,NaN,NaN,NaN
3154,15116.38,2618.61,0,0,0.0000
3155,15301.29,2743.97,NaN,NaN,NaN
3156,14859.04,2707.73,2,1,0.0000
3157,15108.10,3015.99,2,4,2.0000
3158,15250.03,2971.60,NaN,NaN,NaN
3159,14740.89,2574.62,NaN,NaN,NaN
3160,15046.51,2860.20,NaN,NaN,NaN
3161,14867.22,2493.27,NaN,NaN,NaN
3162,14965.31,3043.27,4,8,2.0000
3163,15036.97,3110.40,0,0,0.0000
3164,15163.81,3033.90,NaN,NaN,NaN
3165,15099.53,3088.51,0,0,0.0000
3166,14923.55,2902.87,0,0,0.0000
3167,14822.60,2899.76,NaN,NaN,NaN
3168,15022.74,2798.26,NaN,NaN,NaN
3169,15321.98,2688.76,0,0,0.0000
3170,14914.18,3179.57,NaN,NaN,NaN
3171,14954.54,2719.05,NaN,NaN,NaN
3172,14934.10,2583.01,0,0,0.0000
3173,14852.75,2529.73,0,0,0.0000
3174,15137.19,3069.94,0,0,0.0000
3175,14899.21,2752.99,NaN,NaN,NaN
3176,14967.52,2796.64,0,0,0.0000
3177,15215.13,2942.01,NaN,NaN,NaN
3178,15242.19,2895.23,NaN,NaN,NaN
3179,15168.84,3184.34,0,0,0.0000
3180,14963.37,3085.64,NaN,NaN,NaN
3181,15079.28,2959.81,NaN,NaN,NaN
3182,14934.89,2848.79,0,0,0.0000
3183,15080.90,3125.11,0,0,0.0000
3184,15057.42,2603.37,0,0,0.0000
3185,15123.54,2746.93,2,4,2.0000
3186,14981.90,2750.24,NaN,NaN,NaN
3187,14886.22,2814.10,NaN,NaN,NaN
3188,16132.29,2555.27,0,0,0.0000
3189,15755.02,2843.11,NaN,NaN,NaN
3190,15988.10,2789.25,NaN,NaN,NaN
3191,15799.07,2475.17,NaN,NaN,NaN
3192,15873.77,2942.24,NaN,NaN,NaN
3193,16094.63,2755.50,0,0,0.0000
3194,16299.72,2921.21,NaN,NaN,NaN
3195,16056.38,2887.13,NaN,NaN,NaN
3196,15832.23,3157.60,NaN,NaN,NaN
3197,15997.62,3060.33,NaN,NaN,NaN
3198,16209.61,2670.91,NaN,NaN,NaN
3199,15918.77,2864.11,NaN,NaN,NaN
3200,16172.21,2862.52,NaN,NaN,NaN
3201,16286.36,3048.21,2,3,0.0000
3202,16007.59,2581.37,0,0,0.0000
3203,16070.98,3106.53,NaN,NaN,NaN
3204,15837.76,2563.65,NaN,NaN,NaN
3205,15921.17,2540.38,NaN,NaN,NaN
3206,16134.72,3025.03,NaN,NaN,NaN
3207,15987.54,2493.52,0,0,0.0000
3208,16091.55,2661.47,0,0,0.0000
3209,15948.79,2713.06,NaN,NaN,NaN
3210,15699.55,2728.55,NaN,NaN,NaN
3211,16233.13,3102.03,NaN,NaN,NaN
3212,15540.43,2773.88,0,0,0.0000
3213,15761.13,3014.89,NaN,NaN,NaN
3214,15662.72,2444.78,0,0,0.0000
3215,16337.61,2790.44,0,0,0.0000
3216,16299.61,3123.96,0,0,0.0000
3217,15853.74,3070.62,NaN,NaN,NaN
3218,16194.43,3073.39,NaN,NaN,NaN
3219,16354.73,2612.49,0,0,0.0000
3220,15549.06,2663.61,0,0,0.0000
3221,15902.95,3028.53,3,4,0.0000
3222,15901.33,3111.21,3,5,0.0000
3223,16323.69,2725.10,0,0,0.0000
3224,16212.10,3004.69,2,4,2.0000
3225,15963.05,3147.22,0,0,0.0000
3226,16245.50,3168.35,3,7,2.3333
3227,15819.54,3000.59,NaN,NaN,NaN
3228,15597.89,2474.20,0,0,0.0000
3229,15878.95,2745.45,3,3,0.0000
3230,15551.14,2459.51,0,0,0.0000
3231,16194.55,3192.16,NaN,NaN,NaN
3232,16239.65,2907.44,0,0,0.0000
3233,15899.92,2606.93,2,4,2.0000
3234,16192.63,2934.30,0,0,0.0000
3235,15625.97,2565.12,0,0,0.0000
3236,15775.01,2576.98,NaN,NaN,NaN
3237,15732.22,2574.96,NaN,NaN,NaN
3238,15921.95,3195.94,0,0,0.0000
3239,15750.07,2652.38,2,2,0.0000
3240,15855.59,2660.85,NaN,NaN,NaN
3241,15564.47,2567.52,0,0,0.0000
3242,16029.96,2654.25,0,0,0.0000
3243,15627.72,2522.69,0,0,0.0000
3244,16048.22,2459.92,0,0,0.0000
3245,16149.74,2807.99,NaN,NaN,NaN
3246,16172.77,3149.69,2,6,3.0000
3247,15964.74,2629.11,NaN,NaN,NaN
3248,16239.68,2572.98,0,0,0.0000
3249,16130.65,3085.18,NaN,NaN,NaN
3250,16289.70,2612.47,0,0,0.0000
3251,16341.12,3028.59,NaN,NaN,NaN
3252,15680.70,2676.63,2,0,0.0000
3253,15818.93,2678.24,NaN,NaN,NaN
3254,16333.89,2670.45,0,0,0.0000
3255,16248.57,2852.33,NaN,NaN,NaN
3256,523.96,3453.55,NaN,NaN,NaN
3257,788.76,3332.94,2,4,2.0000
3258,434.86,3398.70,0,0,0.0000
3259,742.12,3259.30,0,0,0.0000
3260,881.75,3907.63,3,4,0.0000
3261,580.70,3265.14,NaN,NaN,NaN
3262,77.04,3699.98,NaN,NaN,NaN
3263,183.67,3854.44,NaN,NaN,NaN
3264,691.79,3378.82,2,0,0.0000
3265,664.73,3664.38,NaN,NaN,NaN
3266,64.28,3924.28,NaN,NaN,NaN
3267,686.40,3503.98,NaN,NaN,NaN
3268,583.97,3372.51,0,0,0.0000
3269,763.97,3769.17,NaN,NaN,NaN
3270,114.91,3811.73,NaN,NaN,NaN
3271,609.24,3507.79,0,0,0.0000
3272,866.92,3527.17,0,0,0.0000
3273,705.64,3449.00,NaN,NaN,NaN
3274,826.04,3384.08,0,0,0.0000
3275,807.85,3522.77,NaN,NaN,NaN
3276,668.65,3229.55,NaN,NaN,NaN
3277,458.19,3269.79,NaN,NaN,NaN
3278,587.43,3616.72,NaN,NaN,NaN
3279,707.34,3592.34,3,7,2.3333
3280,854.90,3264.67,0,0,0.0000
3281,401.37,3220.58,NaN,NaN,NaN
3282,40.45,3853.16,NaN,NaN,NaN
3283,804.62,3621.61,NaN,NaN,NaN
3284,884.36,3700.65,0,0,0.0000
3285,483.32,3345.54,3,4,0.0000
3286,658.96,3303.87,NaN,NaN,NaN
3287,764.48,3694.12,2,4,2.0000
3288,855.28,3776.85,NaN,NaN,NaN
3289,775.58,3469.15,0,0,0.0000
3290,537.05,3578.57,NaN,NaN,NaN
3291,35.04,3561.58,0,0,0.0000
3292,217.02,3930.25,NaN,NaN,NaN
3293,340.23,3224.20,NaN,NaN,NaN
3294,502.26,3642.28,NaN,NaN,NaN
3295,85.35,3650.22,4,3,0.0000
3296,418.34,3309.41,2,2,0.0000
3297,835.52,3698.94,NaN,NaN,NaN
3298,124.24,3758.24,NaN,NaN,NaN
3299,810.45,3705.86,NaN,NaN,NaN
3300,814.23,3811.71,2,4,2.0000
3301,518.70,3302.08,NaN,NaN,NaN
3302,113.00,3953.00,NaN,NaN,NaN
3303,59.66,3756.82,NaN,NaN,NaN
3304,356.85,3264.35,0,0,0.0000
3305,843.74,3647.53,0,0,0.0000
3306,773.31,3569.69,3,3,0.0000
3307,496.30,3588.28,NaN,NaN,NaN
3308,1656.81,3521.84,4,2,0.0000
3309,1653.01,3742.20,2,4,2.0000
3310,1000.22,3959.03,2,5,2.5000
3311,1482.02,3303.26,NaN,NaN,NaN
3312,1589.68,3220.43,2,2,0.0000
3313,1638.17,3661.18,3,6,2.0000
3314,959.85,3318.41,NaN,NaN,NaN
3315,929.81,3836.62,NaN,NaN,NaN
3316,1392.44,3251.77,0,0,0.0000
3317,912.83,3494.43,NaN,NaN,NaN
3318,1580.57,3422.59,3,3,0.0000
3319,1100.86,3877.12,NaN,NaN,NaN
3320,1017.77,3820.55,NaN,NaN,NaN
3321,1565.92,3339.32,2,3,0.0000
3322,905.62,3393.10,NaN,NaN,NaN
3323,930.57,3217.86,2,6,3.0000
3324,958.60,3761.29,NaN,NaN,NaN
3325,1225.89,3348.45,NaN,NaN,NaN
3326,923.90,3668.57,NaN,NaN,NaN
3327,1121.98,3252.09,2,4,2.0000
3328,1210.28,3263.05,0,0,0.0000
3329,1088.43,3317.06,NaN,NaN,NaN
3330,1015.26,3417.61,0,0,0.0000
3331,928.43,3439.38,NaN,NaN,NaN
3332,1384.16,3696.18,NaN,NaN,NaN
3333,1472.70,3713.70,NaN,NaN,NaN
3334,1127.94,3351.25,NaN,NaN,NaN
3335,1021.18,3260.47,3,6,2.0000
3336,1579.40,3554.09,NaN,NaN,NaN
3337,1105.54,3951.94,NaN,NaN,NaN
3338,899.92,3595.86,NaN,NaN,NaN
3339,1464.93,3465.66,0,0,0.0000
3340,1580.40,3488.95,NaN,NaN,NaN
3341,1634.61,3356.47,2,4,2.0000
3342,1540.31,3712.04,NaN,NaN,NaN
3343,1625.28,3904.79,3,4,0.0000
3344,1366.69,3747.34,2,6,3.0000
3345,1014.58,3884.39,2,3,0.0000
3346,1143.37,3930.02,0,0,0.0000
3347,1647.26,3301.94,NaN,NaN,NaN
3348,1504.19,3514.43,NaN,NaN,NaN
3349,1490.68,3760.14,2,3,0.0000
3350,1547.99,3780.56,0,0,0.0000
3351,1266.45,3271.92,2,3,0.0000
3352,1204.11,3958.40,3,6,2.0000
3353,1853.50,3862.05,NaN,NaN,NaN
3354,1879.79,3641.87,NaN,NaN,NaN
3355,1879.96,3551.55,NaN,NaN,NaN
3356,1682.61,3853.73,0,0,0.0000
3357,2420.02,3287.75,NaN,NaN,NaN
3358,1722.93,3266.21,NaN,NaN,NaN
3359,1775.55,3769.17,2,3,0.0000
3360,1776.94,3346.56,NaN,NaN,NaN
3361,1803.07,3459.85,5,7,0.0000
3362,1975.34,3958.44,NaN,NaN,NaN
3363,1877.41,3777.10,0,0,0.0000
3364,1976.67,3816.90,0,0,0.0000
3365,1728.71,3590.52,NaN,NaN,NaN
3366,2045.53,3923.59,NaN,NaN,NaN
3367,1746.33,3518.18,NaN,NaN,NaN
3368,1800.54,3957.97,0,0,0.0000
3369,1775.62,3653.39,NaN,NaN,NaN
3370,1939.89,3728.63,0,0,0.0000
3371,1736.01,3926.61,0,0,0.0000
3372,2031.65,3818.01,0,0,0.0000
3373,1682.78,3404.20,NaN,NaN,NaN
3374,1736.66,3213.07,NaN,NaN,NaN
3375,1888.92,3955.16,NaN,NaN,NaN
3376,1690.09,3964.67,0,0,0.0000
3377,1842.49,3728.39,0,0,0.0000
3378,1816.41,3678.91,0,0,0.0000
3379,2750.34,3293.79,3,3,0.0000
3380,2705.11,3493.89,NaN,NaN,NaN
3381,3119.40,3312.83,NaN,NaN,NaN
3382,2769.06,3210.48,NaN,NaN,NaN
3383,2696.28,3557.36,0,0,0.0000
3384,3191.12,3298.01,NaN,NaN,NaN
3385,2668.19,3380.06,NaN,NaN,NaN
3386,2492.59,3281.37,2,1,0.0000
3387,2612.99,3550.44,NaN,NaN,NaN
3388,2563.02,3503.38,2,1,0.0000
3389,3187.65,3412.71,2,3,0.0000
3390,2831.23,3200.24,NaN,NaN,NaN
3391,2540.75,3318.37,NaN,NaN,NaN
3392,2668.60,3438.59,0,0,0.0000
3393,2592.26,3303.95,0,0,0.0000
3394,2562.29,3251.90,2,8,4.0000
3395,2553.28,3449.89,2,6,3.0000
3396,2655.58,3317.05,0,0,0.0000
3397,2728.46,3412.06,NaN,NaN,NaN
3398,2445.59,3431.62,0,0,0.0000
3399,2466.93,3224.07,2,4,2.0000
3400,2444.68,3386.19,0,0,0.0000
3401,3409.33,3554.00,2,1,0.0000
3402,3306.92,3206.10,NaN,NaN,NaN
3403,3358.54,3769.72,NaN,NaN,NaN
3404,3275.06,3316.66,2,3,0.0000
3405,3572.95,3833.56,2,6,3.0000
3406,3438.92,3246.38,0,0,0.0000
3407,3449.18,3473.53,NaN,NaN,NaN
3408,3600.29,3580.34,NaN,NaN,NaN
3409,3761.98,3850.76,NaN,NaN,NaN
3410,3272.05,3568.91,2,4,2.0000
3411,3740.89,3908.10,0,0,0.0000
3412,3625.14,3758.03,NaN,NaN,NaN
3413,3228.27,3480.98,NaN,NaN,NaN
3414,3607.74,3294.04,0,0,0.0000
3415,3648.76,3544.46,0,0,0.0000
3416,3533.04,3248.47,0,0,0.0000
3417,3597.84,3687.37,NaN,NaN,NaN
3418,3520.39,3656.91,0,0,0.0000
3419,3536.96,3326.22,NaN,NaN,NaN
3420,3280.08,3742.71,NaN,NaN,NaN
3421,3468.45,3886.55,NaN,NaN,NaN
3422,3591.28,3429.04,2,3,0.0000
3423,3475.35,3812.84,2,2,0.0000
3424,3468.60,3609.05,0,0,0.0000
3425,3399.91,3210.52,3,4,0.0000
3426,3362.51,3277.50,0,0,0.0000
3427,3501.62,3561.44,NaN,NaN,NaN
3428,3273.40,3966.33,0,0,0.0000
3429,3538.77,3528.94,NaN,NaN,NaN
3430,3496.24,3402.72,NaN,NaN,NaN
3431,3568.78,3224.51,NaN,NaN,NaN
3432,3536.65,3389.74,NaN,NaN,NaN
3433,3659.29,3861.49,NaN,NaN,NaN
3434,3310.94,3797.13,0,0,0.0000
3435,3254.98,3440.16,0,0,0.0000
3436,3307.68,3938.27,NaN,NaN,NaN
3437,3370.55,3480.14,2,4,2.0000
3438,3643.44,3415.96,0,0,0.0000
3439,3270.97,3646.56,0,0,0.0000
3440,3300.05,3878.09,0,0,0.0000
3441,3405.28,3340.96,0,0,0.0000
3442,3443.51,3695.35,0,0,0.0000
3443,3548.91,3729.77,0,0,0.0000
3444,3573.16,3484.06,2,5,2.5000
3445,3692.31,3844.60,NaN,NaN,NaN
3446,3614.76,3214.77,2,2,0.0000
3447,3414.64,3731.98,0,0,0.0000
3448,3467.87,3658.40,NaN,NaN,NaN
3449,4618.32,3790.68,NaN,NaN,NaN
3450,4553.34,3598.57,NaN,NaN,NaN
3451,4602.04,3348.21,NaN,NaN,NaN
3452,4357.87,3412.11,NaN,NaN,NaN
3453,4700.99,3544.47,2,3,0.0000
3454,4432.88,3313.84,NaN,NaN,NaN
3455,4703.46,3928.87,0,0,0.0000
3456,4431.70,3586.21,NaN,NaN,NaN
3457,4625.00,3920.60,NaN,NaN,NaN
3458,4484.61,3713.01,NaN,NaN,NaN
3459,4624.58,3559.80,NaN,NaN,NaN
3460,4187.36,3387.94,NaN,NaN,NaN
3461,4652.83,3251.74,NaN,NaN,NaN
3462,4282.25,3593.90,NaN,NaN,NaN
3463,4455.05,3502.30,4,7,0.0000
3464,4704.28,3212.54,3,6,2.0000
3465,4658.45,3700.29,0,0,0.0000
3466,4343.88,3588.59,2,5,2.5000
3467,4508.06,3459.26,NaN,NaN,NaN
3468,4189.44,3475.15,2,5,2.5000
3469,4587.37,3442.96,NaN,NaN,NaN
3470,4348.38,3470.32,0,0,0.0000
3471,4598.72,3680.67,NaN,NaN,NaN
3472,4397.20,3843.08,NaN,NaN,NaN
3473,4675.16,3308.02,NaN,NaN,NaN
3474,4500.24,3797.57,NaN,NaN,NaN
3475,4681.25,3453.41,NaN,NaN,NaN
3476,4237.19,3476.16,NaN,NaN,NaN
3477,4380.63,3752.13,3,3,0.0000
3478,4326.03,3712.07,NaN,NaN,NaN
3479,4421.06,3920.54,0,0,0.0000
3480,4476.89,3241.99,0,0,0.0000
3481,4531.76,3842.07,0,0,0.0000
3482,4478.23,3886.86,3,4,0.0000
3483,4521.62,3373.95,0,0,0.0000
3484,4260.53,3210.17,NaN,NaN,NaN
3485,4232.51,3257.77,NaN,NaN,NaN
3486,4360.00,3528.24,0,0,0.0000
3487,4243.72,3314.24,0,0,0.0000
3488,4190.37,3315.91,0,0,0.0000
3489,4308.71,3663.19,2,2,0.0000
3490,4496.24,3654.22,0,0,0.0000
3491,4636.52,3419.50,0,0,0.0000
3492,4308.41,3760.28,2,4,2.0000
3493,4206.53,3217.62,NaN,NaN,NaN
3494,4668.51,3634.48,NaN,NaN,NaN
3495,4559.09,3921.77,0,0,0.0000
3496,4611.68,3733.87,NaN,NaN,NaN
3497,4907.99,3436.20,NaN,NaN,NaN
3498,4738.69,3727.56,0,0,0.0000
3499,4778.98,3911.91,2,3,0.0000
3500,4895.90,3662.49,NaN,NaN,NaN
3501,5436.61,3813.91,2,3,0.0000
3502,4778.86,3281.23,3,7,2.3333
3503,4895.78,3333.63,2,5,2.5000
3504,4963.42,3599.73,0,0,0.0000
3505,4905.29,3851.43,3,5,0.0000
3506,4990.91,3853.34,NaN,NaN,NaN
3507,5032.51,3437.52,0,0,0.0000
3508,5172.98,3708.97,2,5,2.5000
3509,5219.47,3934.02,NaN,NaN,NaN
3510,5230.74,3848.85,2,4,2.0000
3511,5405.09,3887.88,2,3,0.0000
3512,4858.35,3916.93,0,0,0.0000
3513,4798.01,3560.71,NaN,NaN,NaN
3514,5150.67,3907.08,NaN,NaN,NaN
3515,5312.78,3694.06,0,0,0.0000
3516,5109.99,3784.89,0,0,0.0000
3517,5075.17,3516.98,2,5,2.5000
3518,4997.25,3343.58,NaN,NaN,NaN
3519,5072.14,3625.28,0,0,0.0000
3520,4854.47,3549.52,NaN,NaN,NaN
3521,4754.75,3511.76,NaN,NaN,NaN
3522,5096.59,3718.39,0,0,0.0000
3523,4988.74,3284.49,0,0,0.0000
3524,4754.14,3834.55,NaN,NaN,NaN
3525,5335.42,3858.72,NaN,NaN,NaN
3526,5328.27,3923.53,0,0,0.0000
3527,5190.04,3767.97,2,2,0.0000
3528,4978.47,3533.77,0,0,0.0000
3529,5433.59,3753.92,0,0,0.0000
3530,4838.04,3822.00,NaN,NaN,NaN
3531,5239.45,3742.45,NaN,NaN,NaN
3532,4944.94,3250.75,NaN,NaN,NaN
3533,4747.31,3435.36,NaN,NaN,NaN
3534,4945.90,3791.70,0,0,0.0000
3535,5006.45,3687.12,0,0,0.0000
3536,5268.60,3760.33,0,0,0.0000
3537,5142.99,3485.93,0,0,0.0000
3538,4895.49,3513.05,NaN,NaN,NaN
3539,4785.49,3479.27,NaN,NaN,NaN
3540,5117.15,3577.62,0,0,0.0000
3541,4780.62,3636.56,NaN,NaN,NaN
3542,5059.35,3845.84,NaN,NaN,NaN
3543,4804.75,3774.11,NaN,NaN,NaN
3544,4825.87,3443.59,NaN,NaN,NaN
3545,6116.17,3967.53,NaN,NaN,NaN
3546,6056.84,3404.54,NaN,NaN,NaN
3547,6183.79,3489.56,4,7,0.0000
3548,6054.40,3505.53,NaN,NaN,NaN
3549,5976.89,3291.12,NaN,NaN,NaN
3550,5976.09,3477.01,0,0,0.0000
3551,6191.69,3259.31,2,5,2.5000
3552,6171.25,3835.08,NaN,NaN,NaN
3553,6266.26,3354.21,2,3,0.0000
3554,5998.32,3715.76,0,0,0.0000
3555,6151.02,3613.08,NaN,NaN,NaN
3556,6101.54,3263.99,NaN,NaN,NaN
3557,5938.01,3628.33,0,0,0.0000
3558,5725.73,3921.20,NaN,NaN,NaN
3559,6064.43,3736.21,0,0,0.0000
3560,6233.96,3676.69,NaN,NaN,NaN
3561,5914.60,3424.28,NaN,NaN,NaN
3562,6167.54,3764.45,NaN,NaN,NaN
3563,6000.68,3609.59,3,4,0.0000
3564,6225.51,3780.63,NaN,NaN,NaN
3565,6220.55,3912.97,NaN,NaN,NaN
3566,6092.15,3590.05,NaN,NaN,NaN
3567,6087.69,3361.65,NaN,NaN,NaN
3568,6173.27,3682.15,NaN,NaN,NaN
3569,5949.92,3718.36,0,0,0.0000
3570,5760.42,3859.47,0,0,0.0000
3571,6052.00,3955.30,0,0,0.0000
3572,6115.12,3728.04,NaN,NaN,NaN
3573,5872.25,3846.28,NaN,NaN,NaN
3574,6050.33,3254.71,NaN,NaN,NaN
3575,6191.37,3606.72,NaN,NaN,NaN
3576,6221.99,3580.82,NaN,NaN,NaN
3577,6124.31,3676.12,0,0,0.0000
3578,5918.84,3311.80,NaN,NaN,NaN
3579,6221.45,3853.97,0,0,0.0000
3580,6193.78,3555.45,NaN,NaN,NaN
3581,5907.81,3231.93,NaN,NaN,NaN
3582,5920.74,3369.74,NaN,NaN,NaN
3583,6249.42,3574.13,0,0,0.0000
3584,6234.02,3356.87,2,2,0.0000
3585,5946.47,3508.08,NaN,NaN,NaN
3586,6581.44,3759.63,0,0,0.0000
3587,6332.83,3908.51,NaN,NaN,NaN
3588,6757.13,3260.58,2,3,0.0000
3589,6830.00,3941.77,NaN,NaN,NaN
3590,6417.23,3590.81,3,4,0.0000
3591,6831.84,3435.05,3,8,2.6667
3592,6699.10,3804.21,NaN,NaN,NaN
3593,6950.38,3870.02,NaN,NaN,NaN
3594,6558.09,3916.49,NaN,NaN,NaN
3595,6792.40,3736.35,NaN,NaN,NaN
3596,7033.29,3681.81,NaN,NaN,NaN
3597,7015.36,3923.26,4,9,2.2500
3598,6999.09,3509.74,0,0,0.0000
3599,6297.46,3786.37,3,5,0.0000
3600,6371.55,3723.52,NaN,NaN,NaN
3601,6472.60,3420.46,2,4,2.0000
3602,6988.69,3573.06,0,0,0.0000
3603,6478.77,3257.52,0,0,0.0000
3604,6670.91,3569.90,NaN,NaN,NaN
3605,6903.38,3724.81,NaN,NaN,NaN
3606,6904.18,3635.05,NaN,NaN,NaN
3607,6553.83,3585.62,NaN,NaN,NaN
3608,6972.53,3278.18,NaN,NaN,NaN
3609,6742.94,3680.15,4,7,0.0000
3610,6570.46,3246.69,NaN,NaN,NaN
3611,6760.42,3371.21,NaN,NaN,NaN
3612,6409.56,3923.94,NaN,NaN,NaN
3613,6920.40,3343.06,2,6,3.0000
3614,6581.60,3646.34,NaN,NaN,NaN
3615,6853.40,3238.45,3,0,0.0000
3616,6513.67,3847.54,0,0,0.0000
3617,6716.58,3453.18,NaN,NaN,NaN
3618,6486.96,3706.19,0,0,0.0000
3619,6388.45,3438.74,0,0,0.0000
3620,6912.95,3804.45,NaN,NaN,NaN
3621,6402.10,3256.06,NaN,NaN,NaN
3622,6834.81,3327.74,NaN,NaN,NaN
3623,6961.16,3415.27,NaN,NaN,NaN
3624,6778.18,3882.98,4,3,0.0000
3625,6660.47,3258.94,NaN,NaN,NaN
3626,6501.47,3577.65,NaN,NaN,NaN
3627,6432.11,3343.24,2,2,0.0000
3628,6319.13,3270.32,NaN,NaN,NaN
3629,6688.30,3394.02,NaN,NaN,NaN
3630,6608.82,3387.21,0,0,0.0000
3631,6860.63,3517.58,NaN,NaN,NaN
3632,6907.85,3254.02,NaN,NaN,NaN
3633,6343.59,3646.84,0,0,0.0000
3634,6654.38,3487.55,0,0,0.0000
3635,6619.03,3846.67,0,0,0.0000
3636,6993.62,3632.04,NaN,NaN,NaN
3637,6969.80,3218.05,NaN,NaN,NaN
3638,6641.44,3322.37,0,0,0.0000
3639,6295.27,3700.35,NaN,NaN,NaN
3640,6502.01,3503.15,2,5,2.5000
3641,6755.40,3612.90,NaN,NaN,NaN
3642,6558.08,3440.75,NaN,NaN,NaN
3643,6451.33,3863.81,0,0,0.0000
3644,6967.48,3761.58,0,0,0.0000
3645,6597.53,3480.74,NaN,NaN,NaN
3646,6693.47,3958.17,0,0,0.0000
3647,6644.22,3922.07,0,0,0.0000
3648,6360.67,3328.02,0,0,0.0000
3649,6832.37,3806.76,0,0,0.0000
3650,6934.56,3473.63,NaN,NaN,NaN
3651,6535.04,3396.75,NaN,NaN,NaN
3652,6700.59,3320.31,0,0,0.0000
3653,6767.26,3556.92,0,0,0.0000
3654,6829.44,3648.11,NaN,NaN,NaN
3655,6668.76,3201.14,0,0,0.0000
3656,6840.66,3598.85,0,0,0.0000
3657,6403.46,3201.91,2,3,0.0000
3658,6901.19,3565.81,0,0,0.0000
3659,7258.77,3208.41,0,0,0.0000
3660,7150.53,3608.06,NaN,NaN,NaN
3661,7430.22,3583.49,2,2,0.0000
3662,7413.39,3313.63,0,0,0.0000
3663,7279.77,3761.55,2,8,4.0000
3664,7315.80,3494.39,2,7,3.5000
3665,7582.14,3942.39,2,3,0.0000
3666,7221.52,3890.14,NaN,NaN,NaN
3667,7590.40,3264.11,NaN,NaN,NaN
3668,7051.29,3325.30,0,0,0.0000
3669,7521.97,3319.88,2,2,0.0000
3670,7264.33,3569.74,NaN,NaN,NaN
3671,7352.75,3340.23,NaN,NaN,NaN
3672,7098.20,3474.56,0,0,0.0000
3673,7298.03,3412.52,NaN,NaN,NaN
3674,7524.62,3636.99,NaN,NaN,NaN
3675,7040.66,3779.31,2,3,0.0000
3676,7381.29,3710.87,NaN,NaN,NaN
3677,7347.75,3879.90,NaN,NaN,NaN
3678,7101.62,3902.29,0,0,0.0000
3679,7417.11,3792.69,NaN,NaN,NaN
3680,7539.43,3770.82,NaN,NaN,NaN
3681,7609.64,3661.34,NaN,NaN,NaN
3682,7571.50,3579.38,NaN,NaN,NaN
3683,7661.76,3910.30,NaN,NaN,NaN
3684,7349.00,3655.57,NaN,NaN,NaN
3685,7498.62,3418.88,NaN,NaN,NaN
3686,7455.33,3965.65,NaN,NaN,NaN
3687,7638.35,3950.71,2,7,3.5000
3688,7457.97,3243.43,0,0,0.0000
3689,7567.73,3442.53,NaN,NaN,NaN
3690,7647.01,3766.43,0,0,0.0000
3691,7104.57,3406.65,NaN,NaN,NaN
3692,7101.86,3253.75,NaN,NaN,NaN
3693,7604.33,3824.66,0,0,0.0000
3694,7404.66,3212.57,NaN,NaN,NaN
3695,7382.46,3447.00,3,3,0.0000
3696,7673.43,3509.82,0,0,0.0000
3697,7452.09,3438.11,NaN,NaN,NaN
3698,7622.58,3376.02,NaN,NaN,NaN
3699,7183.05,3822.00,2,5,2.5000
3700,7702.29,3809.39,NaN,NaN,NaN
3701,7217.62,3453.32,NaN,NaN,NaN
3702,7690.93,3445.60,0,0,0.0000
3703,7327.35,3203.70,NaN,NaN,NaN
3704,7562.56,3527.06,0,0,0.0000
3705,7713.43,3381.96,0,0,0.0000
3706,7084.64,3546.67,0,0,0.0000
3707,7735.55,3894.74,NaN,NaN,NaN
3708,7647.36,3713.23,0,0,0.0000
3709,7135.90,3753.45,2,8,4.0000
3710,7183.66,3301.39,0,0,0.0000
3711,7634.41,3561.47,NaN,NaN,NaN
3712,7153.61,3946.61,0,0,0.0000
3713,7672.46,3833.35,0,0,0.0000
3714,7529.53,3840.91,NaN,NaN,NaN
3715,7241.79,3308.18,2,3,0.0000
3716,7605.22,3421.92,NaN,NaN,NaN
3717,7178.26,3499.11,NaN,NaN,NaN
3718,7637.90,3524.92,NaN,NaN,NaN
3719,7571.50,3713.40,NaN,NaN,NaN
3720,7494.34,3892.93,NaN,NaN,NaN
3721,7321.74,3619.51,0,0,0.0000
3722,7424.89,3920.28,0,0,0.0000
3723,7747.15,3849.57,0,0,0.0000
3724,7445.75,3867.43,0,0,0.0000
3725,7411.37,3857.44,0,0,0.0000
3726,7188.03,3696.18,NaN,NaN,NaN
3727,7724.51,3484.83,0,0,0.0000
3728,7236.75,3806.89,0,0,0.0000
3729,7236.02,3838.55,0,0,0.0000
3730,7461.20,3814.21,0,0,0.0000
3731,7462.84,3717.33,2,3,0.0000
3732,7266.61,3680.15,NaN,NaN,NaN
3733,8431.61,3910.56,0,0,0.0000
3734,8346.53,3875.98,NaN,NaN,NaN
3735,8784.48,3773.71,NaN,NaN,NaN
3736,8847.06,3850.07,NaN,NaN,NaN
3737,8781.49,3879.15,0,0,0.0000
3738,8777.72,3825.54,NaN,NaN,NaN
3739,9296.05,3258.47,NaN,NaN,NaN
3740,10110.55,3584.93,NaN,NaN,NaN
3741,10030.33,3282.08,2,6,3.0000
3742,10106.54,3326.07,NaN,NaN,NaN
3743,10068.78,3900.67,NaN,NaN,NaN
3744,9494.49,3451.73,NaN,NaN,NaN
3745,9533.22,3255.25,2,3,0.0000
3746,10099.96,3497.05,NaN,NaN,NaN
3747,10091.85,3398.43,2,5,2.5000
3748,9556.86,3203.05,NaN,NaN,NaN
3749,9954.26,3271.24,NaN,NaN,NaN
3750,9446.89,3302.44,0,0,0.0000
3751,10022.41,3571.58,2,4,2.0000
3752,9992.92,3844.24,NaN,NaN,NaN
3753,9534.96,3406.87,2,3,0.0000
3754,9411.84,3283.60,0,0,0.0000
3755,9495.82,3319.86,0,0,0.0000
3756,9447.21,3406.97,NaN,NaN,NaN
3757,9426.73,3377.27,0,0,0.0000
3758,9585.66,3334.50,2,3,0.0000
3759,9564.80,3441.32,0,0,0.0000
3760,10015.60,3378.20,0,0,0.0000
3761,9592.40,3433.07,2,2,0.0000
3762,10071.05,3457.68,NaN,NaN,NaN
3763,9476.81,3377.53,0,0,0.0000
3764,9552.22,3334.54,NaN,NaN,NaN
3765,10788.67,3749.65,NaN,NaN,NaN
3766,10833.42,3245.67,2,1,0.0000
3767,10576.17,3742.60,0,0,0.0000
3768,10383.21,3248.67,NaN,NaN,NaN
3769,10557.43,3611.68,NaN,NaN,NaN
3770,10336.07,3378.20,NaN,NaN,NaN
3771,10836.74,3630.27,0,0,0.0000
3772,10427.46,3827.71,NaN,NaN,NaN
3773,10210.77,3763.92,0,0,0.0000
3774,10443.82,3517.09,0,0,0.0000
3775,10590.33,3238.67,0,0,0.0000
3776,10656.60,3603.67,NaN,NaN,NaN
3777,10356.65,3478.97,2,2,0.0000
3778,10363.78,3600.17,NaN,NaN,NaN
3779,10805.98,3959.02,NaN,NaN,NaN
3780,10422.11,3720.27,NaN,NaN,NaN
3781,10767.61,3860.03,NaN,NaN,NaN
3782,10352.45,3935.04,0,0,0.0000
3783,10350.25,3778.47,NaN,NaN,NaN
3784,10297.89,3765.01,NaN,NaN,NaN
3785,10754.75,3470.04,0,0,0.0000
3786,10684.37,3740.65,NaN,NaN,NaN
3787,10550.40,3954.98,0,0,0.0000
3788,10739.85,3268.54,0,0,0.0000
3789,10526.16,3761.25,NaN,NaN,NaN
3790,10330.92,3675.40,2,7,3.5000
3791,10718.09,3337.54,0,0,0.0000
3792,10823.88,3464.83,0,0,0.0000
3793,10280.18,3890.38,NaN,NaN,NaN
3794,10251.09,3387.30,NaN,NaN,NaN
3795,10146.69,3414.10,NaN,NaN,NaN
3796,10215.82,3657.68,NaN,NaN,NaN
3797,10638.09,3687.58,NaN,NaN,NaN
3798,10257.84,3483.49,NaN,NaN,NaN
3799,10817.20,3542.02,0,0,0.0000
3800,10550.39,3261.40,0,0,0.0000
3801,10667.64,3883.35,0,0,0.0000
3802,10261.80,3687.53,NaN,NaN,NaN
3803,10196.92,3222.01,NaN,NaN,NaN
3804,10631.18,3965.79,2,3,0.0000
3805,10691.12,3811.47,NaN,NaN,NaN
3806,10804.22,3306.52,0,0,0.0000
3807,10429.64,3642.04,0,0,0.0000
3808,10870.94,3380.05,2,3,0.0000
3809,10786.35,3374.93,0,0,0.0000
3810,10196.14,3449.81,2,3,0.0000
3811,10721.51,3889.53,NaN,NaN,NaN
3812,10565.06,3336.71,0,0,0.0000
3813,10452.41,3360.19,2,6,3.0000
3814,10405.46,3363.66,0,0,0.0000
3815,10357.39,3857.73,0,0,0.0000
3816,10493.03,3440.90,NaN,NaN,NaN
3817,10519.65,3844.19,NaN,NaN,NaN
3818,10279.30,3563.96,3,6,2.0000
3819,10558.09,3821.22,NaN,NaN,NaN
3820,10138.03,3225.92,NaN,NaN,NaN
3821,10761.46,3560.33,NaN,NaN,NaN
3822,10193.12,3889.94,2,4,2.0000
3823,10192.78,3324.22,0,0,0.0000
3824,10226.09,3587.34,0,0,0.0000
3825,10268.46,3319.94,3,6,2.0000
3826,10702.05,3438.01,2,3,0.0000
3827,10874.58,3887.66,NaN,NaN,NaN
3828,10264.50,3853.59,NaN,NaN,NaN
3829,10164.18,3954.51,NaN,NaN,NaN
3830,10188.25,3275.41,0,0,0.0000
3831,10702.87,3502.51,0,0,0.0000
3832,10699.86,3396.38,NaN,NaN,NaN
3833,10684.92,3365.66,0,0,0.0000
3834,10909.31,3523.26,0,0,0.0000
3835,10997.97,3752.75,2,1,0.0000
3836,11606.19,3292.31,3,5,0.0000
3837,10923.23,3773.82,NaN,NaN,NaN
3838,11608.29,3410.31,2,5,2.5000
3839,10882.50,3832.92,NaN,NaN,NaN
3840,11040.13,3514.06,NaN,NaN,NaN
3841,10885.06,3954.20,NaN,NaN,NaN
3842,11531.74,3397.73,2,1,0.0000
3843,10954.00,3916.18,2,1,0.0000
3844,10965.68,3640.93,2,2,0.0000
3845,11548.03,3299.92,NaN,NaN,NaN
3846,11011.95,3371.86,NaN,NaN,NaN
3847,11024.64,3883.87,NaN,NaN,NaN
3848,11019.41,3645.90,3,3,0.0000
3849,10918.68,3705.09,0,0,0.0000
3850,10977.29,3464.07,NaN,NaN,NaN
3851,11636.17,3492.02,NaN,NaN,NaN
3852,11518.55,3324.53,NaN,NaN,NaN
3853,10995.44,3551.85,0,0,0.0000
3854,11055.81,3589.52,NaN,NaN,NaN
3855,11064.84,3432.21,NaN,NaN,NaN
3856,10989.60,3275.68,2,3,0.0000
3857,11068.01,3955.57,3,2,0.0000
3858,10947.86,3255.59,0,0,0.0000
3859,11031.91,3694.78,NaN,NaN,NaN
3860,12359.65,3492.11,NaN,NaN,NaN
3861,11928.98,3486.31,0,0,0.0000
3862,12352.34,3334.34,2,9,4.5000
3863,11791.98,3557.84,NaN,NaN,NaN
3864,12137.34,3502.89,NaN,NaN,NaN
3865,11726.34,3449.18,NaN,NaN,NaN
3866,12272.90,3353.34,0,0,0.0000
3867,11889.44,3231.82,NaN,NaN,NaN
3868,11821.00,3331.23,NaN,NaN,NaN
3869,12282.70,3527.90,NaN,NaN,NaN
3870,11671.96,3563.82,NaN,NaN,NaN
3871,12160.94,3382.88,NaN,NaN,NaN
3872,11663.23,3370.97,0,0,0.0000
3873,12275.37,3257.46,NaN,NaN,NaN
3874,12120.58,3326.33,NaN,NaN,NaN
3875,12280.60,3459.46,NaN,NaN,NaN
3876,12252.55,3208.04,NaN,NaN,NaN
3877,12058.93,3265.33,NaN,NaN,NaN
3878,12073.92,3487.88,2,1,0.0000
3879,11893.95,3424.92,NaN,NaN,NaN
3880,12149.08,3235.36,0,0,0.0000
3881,11939.90,3201.77,NaN,NaN,NaN
3882,11678.38,3253.80,0,0,0.0000
3883,11733.78,3282.15,0,0,0.0000
3884,12112.13,3266.40,NaN,NaN,NaN
3885,12198.09,3235.42,NaN,NaN,NaN
3886,12389.85,3248.64,0,0,0.0000
3887,12218.18,3432.42,0,0,0.0000
3888,11902.56,3335.28,0,0,0.0000
3889,12036.58,3346.34,0,0,0.0000
3890,11794.83,3235.78,2,4,2.0000
3891,11733.69,3216.20,NaN,NaN,NaN
3892,12021.77,3431.93,NaN,NaN,NaN
3893,12019.96,3238.25,0,0,0.0000
3894,11829.53,3392.96,0,0,0.0000
3895,11672.72,3453.11,0,0,0.0000
3896,12200.63,3551.70,0,0,0.0000
3897,11995.25,3309.10,0,0,0.0000
3898,12023.22,3501.12,NaN,NaN,NaN
3899,11826.78,3509.37,0,0,0.0000
3900,11747.90,3507.08,NaN,NaN,NaN
3901,12233.47,3573.80,0,0,0.0000
3902,11734.11,3544.54,0,0,0.0000
3903,12214.26,3294.47,0,0,0.0000
3904,11884.84,3371.27,0,0,0.0000
3905,11950.01,3330.61,0,0,0.0000
3906,12615.70,3432.59,NaN,NaN,NaN
3907,12442.59,3317.00,2,6,3.0000
3908,12800.71,3292.22,0,0,0.0000
3909,12721.58,3245.54,NaN,NaN,NaN
3910,12695.73,3333.15,2,5,2.5000
3911,12472.90,3472.02,NaN,NaN,NaN
3912,12744.75,3362.02,2,4,2.0000
3913,12593.39,3344.56,NaN,NaN,NaN
3914,12516.93,3423.12,NaN,NaN,NaN
3915,12633.35,3289.88,2,4,2.0000
3916,12421.79,3474.15,NaN,NaN,NaN
3917,12487.12,3259.84,NaN,NaN,NaN
3918,12547.36,3288.65,NaN,NaN,NaN
3919,12528.94,3495.18,0,0,0.0000
3920,12426.32,3400.93,0,0,0.0000
3921,13852.63,3863.06,0,0,0.0000
3922,13920.57,3869.95,NaN,NaN,NaN
3923,13757.25,3855.53,NaN,NaN,NaN
3924,13901.14,3942.05,NaN,NaN,NaN
3925,14692.36,3379.08,NaN,NaN,NaN
3926,14674.70,3235.71,NaN,NaN,NaN
3927,14056.51,3945.30,0,0,0.0000
3928,14683.67,3621.47,NaN,NaN,NaN
3929,14602.11,3789.25,NaN,NaN,NaN
3930,14176.42,3966.26,0,0,0.0000
3931,13969.38,3795.31,0,0,0.0000
3932,13956.67,3938.57,0,0,0.0000
3933,14483.86,3793.73,0,0,0.0000
3934,14081.72,3817.24,0,0,0.0000
3935,14425.27,3820.55,0,0,0.0000
3936,14675.89,3553.41,2,6,3.0000
3937,14410.23,3705.95,0,0,0.0000
3938,14609.68,3870.98,NaN,NaN,NaN
3939,14442.67,3785.37,0,0,0.0000
3940,14480.76,3858.63,0,0,0.0000
3941,14024.34,3846.69,NaN,NaN,NaN
3942,14718.52,3760.57,0,0,0.0000
3943,14568.83,3911.42,0,0,0.0000
3944,14934.48,3432.18,NaN,NaN,NaN
3945,14904.51,3638.35,NaN,NaN,NaN
3946,14791.96,3779.00,NaN,NaN,NaN
3947,14790.98,3431.74,0,0,0.0000
3948,14797.86,3540.40,NaN,NaN,NaN
3949,15112.36,3339.21,NaN,NaN,NaN
3950,15098.59,3554.66,3,9,3.0000
3951,14962.48,3674.75,0,0,0.0000
3952,14870.07,3566.97,NaN,NaN,NaN
3953,15030.68,3505.21,NaN,NaN,NaN
3954,15177.56,3366.88,NaN,NaN,NaN
3955,15051.78,3312.03,NaN,NaN,NaN
3956,14873.33,3348.85,3,5,0.0000
3957,14751.52,3277.00,0,0,0.0000
3958,14865.97,3834.84,0,0,0.0000
3959,15109.42,3229.43,0,0,0.0000
3960,14798.67,3630.27,NaN,NaN,NaN
3961,15013.77,3636.10,0,0,0.0000
3962,14766.01,3696.89,NaN,NaN,NaN
3963,15029.56,3397.69,NaN,NaN,NaN
3964,14971.28,3219.34,NaN,NaN,NaN
3965,14977.03,3559.01,NaN,NaN,NaN
3966,14819.09,3261.91,0,0,0.0000
3967,14908.51,3278.04,0,0,0.0000
3968,14987.48,3276.83,NaN,NaN,NaN
3969,15136.01,3437.07,NaN,NaN,NaN
3970,14830.03,3690.04,0,0,0.0000
3971,14974.63,3323.43,4,5,0.0000
3972,14857.26,3464.25,0,0,0.0000
3973,16048.38,3350.25,2,4,2.0000
3974,15835.62,3833.49,NaN,NaN,NaN
3975,16122.22,3447.71,0,0,0.0000
3976,15755.21,3947.18,2,5,2.5000
3977,15721.75,3640.30,NaN,NaN,NaN
3978,15966.63,3814.35,2,4,2.0000
3979,15721.08,3760.22,NaN,NaN,NaN
3980,16176.70,3367.30,NaN,NaN,NaN
3981,15796.48,3708.52,3,2,0.0000
3982,15875.83,3684.42,NaN,NaN,NaN
3983,16258.42,3252.39,0,0,0.0000
3984,15873.17,3604.61,0,0,0.0000
3985,16052.15,3632.96,0,0,0.0000
3986,15855.82,3935.48,NaN,NaN,NaN
3987,15938.33,3750.23,NaN,NaN,NaN
3988,15948.37,3586.67,0,0,0.0000
3989,16325.32,3201.31,NaN,NaN,NaN
3990,15793.01,3541.55,2,1,0.0000
3991,15727.93,3568.47,NaN,NaN,NaN
3992,15860.47,3523.47,4,6,0.0000
3993,15983.91,3662.44,0,0,0.0000
3994,15892.23,3870.24,0,0,0.0000
3995,15648.91,3734.73,NaN,NaN,NaN
3996,16071.12,3544.70,0,0,0.0000
3997,16009.06,3592.65,0,0,0.0000
3998,15899.01,3931.99,NaN,NaN,NaN
3999,16146.62,3204.09,2,5,2.5000
4000,15801.55,3795.99,0,0,0.0000
4001,15935.81,3684.82,2,4,2.0000
4002,16191.25,3252.48,NaN,NaN,NaN
4003,15906.17,3534.53,NaN,NaN,NaN
4004,16312.37,3260.20,NaN,NaN,NaN
4005,16093.84,3572.92,0,0,0.0000
4006,15817.46,3635.20,0,0,0.0000
4007,16129.32,3263.23,0,0,0.0000
4008,207.90,4284.51,0,0,0.0000
4009,252.45,4416.86,NaN,NaN,NaN
4010,94.72,4036.24,NaN,NaN,NaN
4011,339.12,4299.28,2,5,2.5000
4012,244.17,4160.76,3,4,0.0000
4013,300.39,4547.13,NaN,NaN,NaN
4014,77.93,4359.48,0,0,0.0000
4015,172.44,3974.45,NaN,NaN,NaN
4016,416.49,4535.28,NaN,NaN,NaN
4017,401.70,4457.06,NaN,NaN,NaN
4018,309.42,4130.28,NaN,NaN,NaN
4019,513.74,4602.85,0,0,0.0000
4020,158.54,4120.83,3,2,0.0000
4021,56.68,4274.86,NaN,NaN,NaN
4022,84.56,4155.87,0,0,0.0000
4023,283.91,4048.92,0,0,0.0000
4024,608.58,4658.09,0,0,0.0000
4025,397.43,4390.27,NaN,NaN,NaN
4026,76.19,4215.10,0,0,0.0000
4027,184.91,4058.38,0,0,0.0000
4028,375.57,4569.00,NaN,NaN,NaN
4029,114.51,4298.46,NaN,NaN,NaN
4030,446.11,4386.07,2,2,0.0000
4031,218.07,4348.88,3,6,2.0000
4032,711.43,4709.32,NaN,NaN,NaN
4033,16.82,4019.42,0,0,0.0000
4034,344.53,4219.40,NaN,NaN,NaN
4035,1614.03,4411.09,0,0,0.0000
4036,1605.52,4297.17,3,2,0.0000
4037,1661.41,4728.50,0,0,0.0000
4038,1622.17,4339.50,4,3,0.0000
4039,1621.30,4220.65,NaN,NaN,NaN
4040,1550.32,4360.57,NaN,NaN,NaN
4041,1644.33,4580.32,NaN,NaN,NaN
4042,1010.98,4031.13,3,7,2.3333
4043,1210.69,4005.09,4,4,0.0000
4044,1157.22,4026.40,2,2,0.0000
4045,1068.59,4035.54,0,0,0.0000
4046,1646.77,3969.40,0,0,0.0000
4047,1549.24,4307.53,0,0,0.0000
4048,1988.61,4421.39,NaN,NaN,NaN
4049,1735.45,4470.22,NaN,NaN,NaN
4050,2399.64,4713.95,6,20,3.3333
4051,2035.02,4088.97,6,10,0.0000
4052,1910.58,4241.60,NaN,NaN,NaN
4053,1946.83,4055.57,4,7,0.0000
4054,2302.36,4421.64,0,0,0.0000
4055,1762.42,4177.22,0,0,0.0000
4056,2415.97,4612.67,2,1,0.0000
4057,1867.48,4611.36,NaN,NaN,NaN
4058,2258.20,4569.18,NaN,NaN,NaN
4059,1837.72,4470.51,0,0,0.0000
4060,1933.82,4671.53,NaN,NaN,NaN
4061,2197.54,4504.72,NaN,NaN,NaN
4062,1870.12,4405.08,NaN,NaN,NaN
4063,2223.58,4412.81,NaN,NaN,NaN
4064,1666.09,4452.76,NaN,NaN,NaN
4065,2243.88,4665.91,NaN,NaN,NaN
4066,1941.01,4129.84,3,6,2.0000
4067,1796.50,4562.11,0,0,0.0000
4068,2103.96,4374.54,2,3,0.0000
4069,2076.88,4196.28,NaN,NaN,NaN
4070,1803.82,4308.18,0,0,0.0000
4071,2334.70,4621.43,NaN,NaN,NaN
4072,1696.73,4590.43,NaN,NaN,NaN
4073,1769.24,4029.79,0,0,0.0000
4074,1965.05,4206.49,0,0,0.0000
4075,1836.33,4218.20,4,5,0.0000
4076,2111.13,4093.70,3,4,0.0000
4077,1727.63,4046.76,NaN,NaN,NaN
4078,1764.21,4372.19,0,0,0.0000
4079,2355.94,4512.96,2,5,2.5000
4080,1790.38,4094.49,0,0,0.0000
4081,2191.20,4237.21,3,1,0.0000
4082,2048.54,4320.36,0,0,0.0000
4083,2149.80,4016.92,2,6,3.0000
4084,2051.27,4396.85,0,0,0.0000
4085,2163.61,4280.62,NaN,NaN,NaN
4086,2157.06,4067.53,0,0,0.0000
4087,1873.65,4087.87,0,0,0.0000
4088,2113.99,4486.43,NaN,NaN,NaN
4089,2314.86,4525.69,0,0,0.0000
4090,2110.18,4437.90,0,0,0.0000
4091,1880.56,4679.96,NaN,NaN,NaN
4092,2095.33,3975.42,0,0,0.0000
4093,2239.16,4285.00,NaN,NaN,NaN
4094,2049.64,3994.64,0,0,0.0000
4095,2198.53,4651.52,2,3,0.0000
4096,1691.54,4175.94,0,0,0.0000
4097,2265.94,4266.83,NaN,NaN,NaN
4098,2502.22,4716.82,NaN,NaN,NaN
4099,3028.95,4501.88,2,3,0.0000
4100,2562.61,4723.04,NaN,NaN,NaN
4101,3333.69,4036.22,NaN,NaN,NaN
4102,3632.87,3980.74,NaN,NaN,NaN
4103,3776.83,4652.35,NaN,NaN,NaN
4104,3599.10,4381.41,2,5,2.5000
4105,3659.12,4336.78,NaN,NaN,NaN
4106,3783.33,4379.58,NaN,NaN,NaN
4107,3435.73,4182.90,NaN,NaN,NaN
4108,3948.30,4339.72,2,2,0.0000
4109,3773.09,4532.45,NaN,NaN,NaN
4110,3431.15,4092.12,0,0,0.0000
4111,3416.48,3982.85,NaN,NaN,NaN
4112,3687.77,4243.34,0,0,0.0000
4113,3865.14,4512.31,NaN,NaN,NaN
4114,3495.01,4309.40,2,3,0.0000
4115,3483.60,4467.78,0,0,0.0000
4116,3571.38,4112.23,NaN,NaN,NaN
4117,3888.49,4382.71,NaN,NaN,NaN
4118,3595.30,4039.12,2,6,3.0000
4119,3578.59,4678.35,NaN,NaN,NaN
4120,3707.53,4646.48,3,4,0.0000
4121,3735.58,4057.54,0,0,0.0000
4122,3908.50,4444.14,NaN,NaN,NaN
4123,3662.20,4165.52,NaN,NaN,NaN
4124,3957.09,4714.24,5,9,0.0000
4125,3731.97,3973.92,NaN,NaN,NaN
4126,3525.98,4485.37,0,0,0.0000
4127,3540.93,4274.41,3,3,0.0000
4128,3616.71,4618.76,2,3,0.0000
4129,3630.84,4536.59,NaN,NaN,NaN
4130,3698.76,4517.15,0,0,0.0000
4131,3915.48,4635.51,NaN,NaN,NaN
4132,3799.45,4163.28,NaN,NaN,NaN
4133,3440.06,4333.95,NaN,NaN,NaN
4134,3581.12,4236.35,NaN,NaN,NaN
4135,3273.56,3968.05,0,0,0.0000
4136,3517.75,3995.55,0,0,0.0000
4137,3754.43,4444.64,2,4,2.0000
4138,3775.89,4276.75,0,0,0.0000
4139,3852.26,4259.24,NaN,NaN,NaN
4140,3574.53,4523.65,2,1,0.0000
4141,3454.78,4406.93,NaN,NaN,NaN
4142,3462.59,4003.23,0,0,0.0000
4143,3853.15,4579.07,NaN,NaN,NaN
4144,3898.83,4206.11,0,0,0.0000
4145,3964.97,4640.34,NaN,NaN,NaN
4146,3721.83,4140.82,NaN,NaN,NaN
4147,3784.90,4206.65,NaN,NaN,NaN
4148,3616.15,4454.98,4,5,0.0000
4149,3516.73,4065.48,NaN,NaN,NaN
4150,3586.34,4285.79,0,0,0.0000
4151,3371.08,4201.33,3,4,0.0000
4152,3542.17,4604.86,0,0,0.0000
4153,3681.73,4108.57,0,0,0.0000
4154,3633.10,4706.00,2,3,0.0000
4155,4054.41,4694.53,NaN,NaN,NaN
4156,4005.81,4599.60,NaN,NaN,NaN
4157,4612.41,4127.36,NaN,NaN,NaN
4158,4536.27,4049.08,0,0,0.0000
4159,4584.10,4216.90,0,0,0.0000
4160,4686.42,4038.55,2,5,2.5000
4161,4163.41,4707.37,5,4,0.0000
4162,4476.39,3980.95,NaN,NaN,NaN
4163,4473.00,4052.40,0,0,0.0000
4164,4684.36,4344.21,NaN,NaN,NaN
4165,4386.70,4124.50,0,0,0.0000
4166,4728.68,4177.17,0,0,0.0000
4167,4528.26,4124.94,0,0,0.0000
4168,4644.08,4210.51,3,4,0.0000
4169,4624.52,4026.57,0,0,0.0000
4170,4731.15,4009.23,NaN,NaN,NaN
4171,4399.54,4071.54,NaN,NaN,NaN
4172,4588.95,3977.10,0,0,0.0000
4173,4699.88,4141.92,2,2,0.0000
4174,3994.70,4509.87,0,0,0.0000
4175,4694.63,4223.80,NaN,NaN,NaN
4176,5383.95,4413.83,2,4,2.0000
4177,5432.85,4682.51,0,0,0.0000
4178,4987.22,4721.08,NaN,NaN,NaN
4179,5088.98,4024.04,NaN,NaN,NaN
4180,5500.68,4397.99,0,0,0.0000
4181,5429.79,3993.39,3,2,0.0000
4182,5146.35,4232.20,4,6,0.0000
4183,5274.53,4197.56,0,0,0.0000
4184,4927.69,4481.17,NaN,NaN,NaN
4185,5461.02,4099.56,0,0,0.0000
4186,5415.43,4205.31,NaN,NaN,NaN
4187,4875.16,4590.40,NaN,NaN,NaN
4188,5010.94,4363.44,NaN,NaN,NaN
4189,5007.12,4211.91,NaN,NaN,NaN
4190,4996.14,4518.16,NaN,NaN,NaN
4191,4905.42,4348.73,NaN,NaN,NaN
4192,4825.94,4131.39,NaN,NaN,NaN
4193,5129.22,4545.50,NaN,NaN,NaN
4194,5309.60,4266.00,NaN,NaN,NaN
4195,5148.98,4610.62,NaN,NaN,NaN
4196,4765.09,4270.72,NaN,NaN,NaN
4197,5328.33,3999.16,NaN,NaN,NaN
4198,4781.22,4056.86,NaN,NaN,NaN
4199,4957.44,4085.86,NaN,NaN,NaN
4200,5196.42,4109.05,2,3,0.0000
4201,5351.05,4130.36,2,0,0.0000
4202,4837.82,4250.43,NaN,NaN,NaN
4203,5274.00,4115.51,NaN,NaN,NaN
4204,4824.98,4354.01,0,0,0.0000
4205,5382.25,4059.37,2,2,0.0000
4206,5072.43,4207.00,NaN,NaN,NaN
4207,4896.72,3995.86,2,7,3.5000
4208,4826.90,3985.70,4,6,0.0000
4209,5080.39,4650.76,2,7,3.5000
4210,5217.57,4265.93,NaN,NaN,NaN
4211,5268.94,4624.65,NaN,NaN,NaN
4212,4924.57,4148.81,NaN,NaN,NaN
4213,5149.06,4366.43,NaN,NaN,NaN
4214,4949.36,4202.01,2,4,2.0000
4215,4989.97,4606.42,NaN,NaN,NaN
4216,5094.73,4130.43,2,6,3.0000
4217,4949.72,3989.83,NaN,NaN,NaN
4218,5388.10,4612.82,2,7,3.5000
4219,5238.21,4457.17,NaN,NaN,NaN
4220,5187.40,4675.57,NaN,NaN,NaN
4221,5178.57,4007.55,NaN,NaN,NaN
4222,5252.16,4683.53,NaN,NaN,NaN
4223,4749.92,4125.42,2,2,0.0000
4224,4886.94,4095.94,0,0,0.0000
4225,5098.73,4410.87,3,2,0.0000
4226,4880.40,4254.83,NaN,NaN,NaN
4227,5234.80,4034.27,0,0,0.0000
4228,5082.13,4326.90,2,3,0.0000
4229,4937.83,4277.08,NaN,NaN,NaN
4230,4860.62,4454.06,NaN,NaN,NaN
4231,5421.57,4564.94,NaN,NaN,NaN
4232,4821.56,4525.34,NaN,NaN,NaN
4233,5233.88,4528.62,2,4,2.0000
4234,5132.03,4172.90,3,3,0.0000
4235,5310.98,4431.43,0,0,0.0000
4236,5298.85,4505.81,2,0,0.0000
4237,5282.32,4068.34,0,0,0.0000
4238,5175.49,4426.79,4,7,0.0000
4239,5054.22,4552.89,NaN,NaN,NaN
4240,4775.29,4477.27,NaN,NaN,NaN
4241,5317.60,4560.38,NaN,NaN,NaN
4242,4831.52,4473.17,0,0,0.0000
4243,4907.67,4202.65,0,0,0.0000
4244,4795.93,4209.22,NaN,NaN,NaN
4245,5104.07,4480.41,3,5,0.0000
4246,5126.44,4455.53,NaN,NaN,NaN
4247,4859.74,4182.35,NaN,NaN,NaN
4248,5060.49,4089.35,NaN,NaN,NaN
4249,5303.29,4035.70,0,0,0.0000
4250,4780.05,4348.46,NaN,NaN,NaN
4251,6077.38,4129.98,0,0,0.0000
4252,5529.44,4545.34,0,0,0.0000
4253,5956.93,4282.51,5,6,0.0000
4254,5693.00,4209.83,2,4,2.0000
4255,5893.82,4152.44,NaN,NaN,NaN
4256,5589.28,4361.68,2,3,0.0000
4257,6203.75,4297.47,NaN,NaN,NaN
4258,5810.82,4696.40,2,4,2.0000
4259,5746.26,4625.69,4,4,0.0000
4260,5710.69,4411.43,2,7,3.5000
4261,5763.39,4507.24,NaN,NaN,NaN
4262,6114.36,4445.55,2,2,0.0000
4263,5799.59,4406.08,0,0,0.0000
4264,5902.00,4583.91,NaN,NaN,NaN
4265,6102.36,4548.17,NaN,NaN,NaN
4266,5561.40,4040.61,NaN,NaN,NaN
4267,5591.13,4213.66,NaN,NaN,NaN
4268,5900.35,4398.61,NaN,NaN,NaN
4269,5651.79,3997.28,2,4,2.0000
4270,6031.59,4470.95,0,0,0.0000
4271,5826.71,4321.22,NaN,NaN,NaN
4272,5835.94,4257.16,0,0,0.0000
4273,5763.74,4121.98,2,3,0.0000
4274,5765.31,4019.05,0,0,0.0000
4275,6141.02,4624.11,2,2,0.0000
4276,6228.20,4165.23,NaN,NaN,NaN
4277,5925.04,4088.90,0,0,0.0000
4278,5526.31,4175.04,NaN,NaN,NaN
4279,5623.45,4620.60,NaN,NaN,NaN
4280,6261.94,4029.66,NaN,NaN,NaN
4281,5981.15,4515.94,NaN,NaN,NaN
4282,5726.41,4556.25,0,0,0.0000
4283,6042.71,4581.49,2,5,2.5000
4284,6174.96,4050.47,0,0,0.0000
4285,5567.73,4450.14,0,0,0.0000
4286,5886.08,4684.68,NaN,NaN,NaN
4287,5786.78,4067.95,NaN,NaN,NaN
4288,5828.16,4175.07,NaN,NaN,NaN
4289,5624.49,4489.91,0,0,0.0000
4290,5645.45,4549.08,NaN,NaN,NaN
4291,5873.10,4328.35,NaN,NaN,NaN
4292,5516.94,4108.91,NaN,NaN,NaN
4293,5717.70,3978.33,0,0,0.0000
4294,5957.18,4359.18,NaN,NaN,NaN
4295,6069.30,4652.85,0,0,0.0000
4296,5617.78,4690.54,NaN,NaN,NaN
4297,5937.18,4507.06,3,9,3.0000
4298,6009.50,4138.78,0,0,0.0000
4299,6252.45,4223.90,4,4,0.0000
4300,5867.01,4512.66,NaN,NaN,NaN
4301,5652.60,4458.68,NaN,NaN,NaN
4302,5596.28,4111.05,0,0,0.0000
4303,6118.62,4677.28,NaN,NaN,NaN
4304,6012.33,4255.01,NaN,NaN,NaN
4305,5650.20,4291.64,NaN,NaN,NaN
4306,5833.80,4599.45,NaN,NaN,NaN
4307,5795.57,4473.82,0,0,0.0000
4308,7035.66,4609.89,0,0,0.0000
4309,6500.28,4036.85,NaN,NaN,NaN
4310,6466.48,4238.17,3,4,0.0000
4311,6634.29,4728.19,3,8,2.6667
4312,6766.27,4530.90,2,6,3.0000
4313,6913.43,4113.44,0,0,0.0000
4314,6635.62,4127.38,2,4,2.0000
4315,6760.26,4361.90,NaN,NaN,NaN
4316,6856.24,4597.84,2,2,0.0000
4317,6385.23,4072.48,NaN,NaN,NaN
4318,6996.48,4319.25,NaN,NaN,NaN
4319,6464.90,4597.77,NaN,NaN,NaN
4320,6968.13,4216.94,0,0,0.0000
4321,6711.18,4070.30,NaN,NaN,NaN
4322,6834.79,4267.77,2,5,2.5000
4323,6904.09,3989.78,NaN,NaN,NaN
4324,6560.95,4261.34,NaN,NaN,NaN
4325,7007.62,4052.29,0,0,0.0000
4326,6369.10,4601.81,NaN,NaN,NaN
4327,6677.15,4590.80,2,3,0.0000
4328,6444.77,4660.18,NaN,NaN,NaN
4329,6825.94,4186.29,NaN,NaN,NaN
4330,6304.41,4498.71,0,0,0.0000
4331,6596.94,4340.45,NaN,NaN,NaN
4332,6468.12,4426.83,0,0,0.0000
4333,7035.17,4135.11,0,0,0.0000
4334,6822.00,4118.93,NaN,NaN,NaN
4335,6572.13,4617.26,NaN,NaN,NaN
4336,6545.18,4515.90,3,4,0.0000
4337,6726.32,4640.12,NaN,NaN,NaN
4338,6557.11,4697.28,NaN,NaN,NaN
4339,6753.72,4002.60,0,0,0.0000
4340,6628.04,4001.55,NaN,NaN,NaN
4341,6753.35,4266.45,2,5,2.5000
4342,6782.80,4627.21,0,0,0.0000
4343,6918.12,4627.36,NaN,NaN,NaN
4344,6725.94,4170.46,NaN,NaN,NaN
4345,6574.28,3990.44,NaN,NaN,NaN
4346,6434.86,4037.02,NaN,NaN,NaN
4347,6374.71,4684.06,NaN,NaN,NaN
4348,6703.93,4437.65,0,0,0.0000
4349,6304.38,4097.30,0,0,0.0000
4350,6515.96,4185.01,NaN,NaN,NaN
4351,6409.44,4326.93,3,5,0.0000
4352,6627.81,4418.13,0,0,0.0000
4353,6502.95,4363.27,NaN,NaN,NaN
4354,6939.14,4361.62,NaN,NaN,NaN
4355,6658.64,4511.40,0,0,0.0000
4356,6964.79,4552.34,0,0,0.0000
4357,6926.60,4297.88,NaN,NaN,NaN
4358,6892.89,4275.44,NaN,NaN,NaN
4359,6768.85,4686.84,0,0,0.0000
4360,6992.14,3981.01,0,0,0.0000
4361,6434.66,4497.53,0,0,0.0000
4362,6552.27,4412.97,NaN,NaN,NaN
4363,6635.53,4277.95,0,0,0.0000
4364,6397.69,4724.86,0,0,0.0000
4365,6608.96,4487.29,2,3,0.0000
4366,6698.57,4372.13,2,8,4.0000
4367,6759.81,4113.61,NaN,NaN,NaN
4368,6468.11,4126.22,NaN,NaN,NaN
4369,7361.67,4003.73,NaN,NaN,NaN
4370,7254.46,4399.50,2,2,0.0000
4371,7150.54,4047.38,NaN,NaN,NaN
4372,7765.39,4108.39,NaN,NaN,NaN
4373,7774.61,4292.98,0,0,0.0000
4374,7689.76,4619.88,NaN,NaN,NaN
4375,7493.19,4591.67,0,0,0.0000
4376,7399.78,4423.48,2,4,2.0000
4377,7428.58,4173.55,0,0,0.0000
4378,7648.18,4198.31,NaN,NaN,NaN
4379,7316.44,4629.27,NaN,NaN,NaN
4380,7192.14,4174.32,0,0,0.0000
4381,7465.92,4325.18,NaN,NaN,NaN
4382,7591.84,4721.82,NaN,NaN,NaN
4383,7583.98,4447.61,0,0,0.0000
4384,7455.66,4046.10,NaN,NaN,NaN
4385,7779.45,4384.14,0,0,0.0000
4386,7658.95,4392.24,NaN,NaN,NaN
4387,7689.56,4320.51,0,0,0.0000
4388,7613.71,4534.81,2,3,0.0000
4389,7127.43,4416.29,3,2,0.0000
4390,7416.21,4538.17,NaN,NaN,NaN
4391,7739.56,4453.29,2,3,0.0000
4392,7488.33,4689.80,NaN,NaN,NaN
4393,7520.93,4086.45,NaN,NaN,NaN
4394,7248.43,4603.30,NaN,NaN,NaN
4395,7298.10,4074.04,NaN,NaN,NaN
4396,7415.68,4300.01,0,0,0.0000
4397,7196.30,4692.43,NaN,NaN,NaN
4398,7443.08,4121.21,0,0,0.0000
4399,7076.16,3993.17,2,3,0.0000
4400,7715.44,4498.72,0,0,0.0000
4401,7553.96,4312.33,NaN,NaN,NaN
4402,7710.10,4564.25,0,0,0.0000
4403,7775.42,4706.31,0,0,0.0000
4404,7799.57,4504.36,0,0,0.0000
4405,7061.27,4275.49,0,0,0.0000
4406,7331.38,4128.74,0,0,0.0000
4407,7221.41,4247.63,NaN,NaN,NaN
4408,7182.34,4326.88,0,0,0.0000
4409,7116.39,4220.15,NaN,NaN,NaN
4410,7279.43,4168.71,NaN,NaN,NaN
4411,7565.41,4623.69,0,0,0.0000
4412,7755.64,4203.95,0,0,0.0000
4413,7365.91,4711.45,0,0,0.0000
4414,7715.32,4678.64,3,6,2.0000
4415,7673.96,4099.87,0,0,0.0000
4416,7416.96,4704.09,NaN,NaN,NaN
4417,7101.10,4343.43,0,0,0.0000
4418,7405.96,4648.95,NaN,NaN,NaN
4419,7536.31,4377.32,0,0,0.0000
4420,7584.39,4210.19,0,0,0.0000
4421,7389.85,4235.49,NaN,NaN,NaN
4422,7305.17,4716.61,3,4,0.0000
4423,7254.51,4518.91,NaN,NaN,NaN
4424,7507.12,4258.89,0,0,0.0000
4425,7138.13,4654.51,2,4,2.0000
4426,7685.00,4161.27,2,6,3.0000
4427,7611.33,4666.56,0,0,0.0000
4428,7103.50,4718.05,0,0,0.0000
4429,7308.67,4548.02,NaN,NaN,NaN
4430,7781.93,4036.08,NaN,NaN,NaN
4431,7199.34,4098.06,NaN,NaN,NaN
4432,7351.18,4485.45,0,0,0.0000
4433,7155.40,4286.77,NaN,NaN,NaN
4434,7799.97,4014.83,NaN,NaN,NaN
4435,7232.01,4106.96,NaN,NaN,NaN
4436,7041.93,4521.40,NaN,NaN,NaN
4437,7159.30,4621.08,NaN,NaN,NaN
4438,7655.92,4461.10,NaN,NaN,NaN
4439,7309.89,4278.57,2,6,3.0000
4440,7403.28,4601.88,0,0,0.0000
4441,7270.05,4294.91,0,0,0.0000
4442,7126.49,4484.86,NaN,NaN,NaN
4443,7248.78,4052.48,2,6,3.0000
4444,7426.85,4483.69,NaN,NaN,NaN
4445,7049.01,4386.19,3,3,0.0000
4446,7612.52,4309.38,0,0,0.0000
4447,7873.17,4072.23,NaN,NaN,NaN
4448,7846.37,4657.84,NaN,NaN,NaN
4449,7858.74,4270.08,0,0,0.0000
4450,7890.69,4470.21,0,0,0.0000
4451,8060.18,4620.85,2,5,2.5000
4452,8050.44,4553.95,NaN,NaN,NaN
4453,7877.25,4578.07,NaN,NaN,NaN
4454,7835.19,4118.98,NaN,NaN,NaN
4455,7837.96,4726.10,NaN,NaN,NaN
4456,7908.36,4729.50,0,0,0.0000
4457,7876.56,4343.31,3,5,0.0000
4458,7932.03,4653.81,0,0,0.0000
4459,8039.51,4722.87,NaN,NaN,NaN
4460,8494.61,4035.20,NaN,NaN,NaN
4461,7814.44,4457.26,0,0,0.0000
4462,7905.65,4537.98,0,0,0.0000
4463,8547.60,4235.39,0,0,0.0000
4464,7951.32,4478.28,0,0,0.0000
4465,7973.44,4557.12,0,0,0.0000
4466,7997.88,4532.00,0,0,0.0000
4467,8460.35,3982.92,0,0,0.0000
4468,7956.25,4583.41,0,0,0.0000
4469,8555.51,4368.48,0,0,0.0000
4470,8035.88,4490.55,NaN,NaN,NaN
4471,7955.55,4707.30,0,0,0.0000
4472,9264.98,4729.14,NaN,NaN,NaN
4473,9216.38,4302.13,0,0,0.0000
4474,9150.63,4407.09,NaN,NaN,NaN
4475,9229.76,4213.47,NaN,NaN,NaN
4476,9268.54,4508.94,0,0,0.0000
4477,9231.36,4574.47,NaN,NaN,NaN
4478,9341.81,4293.02,NaN,NaN,NaN
4479,9135.28,4335.39,0,0,0.0000
4480,9309.64,4333.26,NaN,NaN,NaN
4481,9220.33,4660.40,NaN,NaN,NaN
4482,9199.61,4734.82,0,0,0.0000
4483,9284.83,4642.01,NaN,NaN,NaN
4484,9215.73,4455.12,NaN,NaN,NaN
4485,9163.71,4261.69,NaN,NaN,NaN
4486,9316.84,4413.69,NaN,NaN,NaN
4487,8576.19,4195.15,NaN,NaN,NaN
4488,9299.48,4194.38,NaN,NaN,NaN
4489,8593.46,4352.91,NaN,NaN,NaN
4490,9176.83,4496.34,2,3,0.0000
4491,9250.63,4169.97,NaN,NaN,NaN
4492,9229.44,4388.02,2,4,2.0000
4493,8583.26,4287.36,0,0,0.0000
4494,8645.07,4503.74,NaN,NaN,NaN
4495,8578.31,4406.24,0,0,0.0000
4496,9464.19,4245.85,NaN,NaN,NaN
4497,9971.02,4593.09,NaN,NaN,NaN
4498,10106.87,4686.03,NaN,NaN,NaN
4499,9347.50,4587.85,0,0,0.0000
4500,9462.67,4591.40,2,3,0.0000
4501,9860.03,4365.39,NaN,NaN,NaN
4502,9889.26,4532.25,NaN,NaN,NaN
4503,9357.64,4191.93,0,0,0.0000
4504,10056.13,4294.78,NaN,NaN,NaN
4505,9874.25,4670.23,NaN,NaN,NaN
4506,9473.48,4436.56,NaN,NaN,NaN
4507,9874.88,4444.06,3,7,2.3333
4508,9931.32,3983.60,NaN,NaN,NaN
4509,9930.77,4327.49,NaN,NaN,NaN
4510,10083.96,4396.12,NaN,NaN,NaN
4511,9466.25,4672.63,0,0,0.0000
4512,9468.88,4348.22,NaN,NaN,NaN
4513,10022.15,4659.50,0,0,0.0000
4514,9859.39,4106.04,2,2,0.0000
4515,9934.62,4143.30,0,0,0.0000
4516,9965.31,4201.80,0,0,0.0000
4517,9402.90,4680.99,0,0,0.0000
4518,9404.55,4405.08,0,0,0.0000
4519,10036.64,4473.98,0,0,0.0000
4520,9998.86,4124.69,NaN,NaN,NaN
4521,10070.73,4589.65,NaN,NaN,NaN
4522,10067.74,4194.38,0,0,0.0000
4523,9819.02,4726.04,NaN,NaN,NaN
4524,9995.21,4056.49,NaN,NaN,NaN
4525,10075.58,4101.80,2,5,2.5000
4526,10065.78,4017.19,0,0,0.0000
4527,9935.28,4382.75,0,0,0.0000
4528,9754.04,4216.99,NaN,NaN,NaN
4529,10101.48,4499.75,NaN,NaN,NaN
4530,9918.22,4275.29,NaN,NaN,NaN
4531,9811.66,4159.98,2,2,0.0000
4532,9903.77,4596.12,2,6,3.0000
4533,9410.49,4475.62,NaN,NaN,NaN
4534,9920.01,4058.97,0,0,0.0000
4535,9974.70,4250.99,NaN,NaN,NaN
4536,9835.46,4514.66,NaN,NaN,NaN
4537,9372.92,4262.33,NaN,NaN,NaN
4538,9850.59,4144.76,0,0,0.0000
4539,10766.02,4266.16,NaN,NaN,NaN
4540,10405.05,4096.22,2,2,0.0000
4541,10640.30,4313.22,NaN,NaN,NaN
4542,10293.41,4671.36,NaN,NaN,NaN
4543,10476.21,4470.16,NaN,NaN,NaN
4544,10563.87,4116.42,0,0,0.0000
4545,10188.46,4724.47,2,4,2.0000
4546,10637.31,4160.57,2,3,0.0000
4547,10469.71,4703.43,NaN,NaN,NaN
4548,10708.68,3976.89,NaN,NaN,NaN
4549,10847.02,4207.86,2,4,2.0000
4550,10748.06,4496.18,NaN,NaN,NaN
4551,10617.35,4500.76,NaN,NaN,NaN
4552,10132.74,4308.49,2,7,3.5000
4553,10861.81,4550.43,0,0,0.0000
4554,10152.99,4566.05,NaN,NaN,NaN
4555,10778.62,4048.76,0,0,0.0000
4556,10266.54,4114.54,NaN,NaN,NaN
4557,10817.00,4686.65,0,0,0.0000
4558,10332.06,4555.00,NaN,NaN,NaN
4559,10600.45,4617.45,NaN,NaN,NaN
4560,10699.25,4100.71,NaN,NaN,NaN
4561,10713.93,4637.57,NaN,NaN,NaN
4562,10305.41,4022.59,NaN,NaN,NaN
4563,10256.64,4234.25,0,0,0.0000
4564,10679.88,4459.85,NaN,NaN,NaN
4565,10199.65,4422.12,0,0,0.0000
4566,10486.85,4067.21,NaN,NaN,NaN
4567,10663.80,4607.97,2,3,0.0000
4568,10513.94,4586.87,0,0,0.0000
4569,10543.73,4671.38,NaN,NaN,NaN
4570,10498.08,4173.03,0,0,0.0000
4571,10554.07,4248.86,NaN,NaN,NaN
4572,10384.29,4344.06,NaN,NaN,NaN
4573,10328.17,4184.60,NaN,NaN,NaN
4574,10462.01,4238.11,0,0,0.0000
4575,10353.80,4417.49,0,0,0.0000
4576,10741.17,4367.12,NaN,NaN,NaN
4577,10297.78,4345.28,NaN,NaN,NaN
4578,10578.51,4385.40,NaN,NaN,NaN
4579,10384.29,4648.32,0,0,0.0000
4580,10870.73,4406.81,NaN,NaN,NaN
4581,10226.50,3970.56,NaN,NaN,NaN
4582,10785.90,4599.91,NaN,NaN,NaN
4583,10241.52,4036.99,NaN,NaN,NaN
4584,10175.20,4239.88,0,0,0.0000
4585,10381.22,4522.14,0,0,0.0000
4586,10258.59,4490.86,NaN,NaN,NaN
4587,10870.67,4124.98,NaN,NaN,NaN
4588,10247.02,4577.12,NaN,NaN,NaN
4589,10332.85,4275.82,2,5,2.5000
4590,10675.99,4036.78,NaN,NaN,NaN
4591,10133.74,4014.62,NaN,NaN,NaN
4592,10199.59,4156.14,0,0,0.0000
4593,10783.69,4156.05,0,0,0.0000
4594,10199.08,4346.16,NaN,NaN,NaN
4595,10389.14,4731.85,NaN,NaN,NaN
4596,10822.58,4112.29,0,0,0.0000
4597,10408.56,4198.41,2,3,0.0000
4598,10130.15,4446.48,NaN,NaN,NaN
4599,10451.61,4610.44,0,0,0.0000
4600,10225.93,4291.10,0,0,0.0000
4601,10822.52,4442.34,2,1,0.0000
4602,10624.17,4041.16,NaN,NaN,NaN
4603,10527.00,4340.43,0,0,0.0000
4604,10578.42,4035.37,0,0,0.0000
4605,10115.49,4181.53,0,0,0.0000
4606,11138.73,4334.37,NaN,NaN,NaN
4607,10994.50,4176.61,3,1,0.0000
4608,11087.98,4129.70,2,3,0.0000
4609,10921.58,4088.51,0,0,0.0000
4610,11176.59,4693.60,NaN,NaN,NaN
4611,10934.05,4583.06,0,0,0.0000
4612,11075.64,4449.94,0,0,0.0000
4613,11178.04,4431.39,0,0,0.0000
4614,10928.92,4433.04,NaN,NaN,NaN
4615,11133.39,4476.36,NaN,NaN,NaN
4616,11006.03,3991.30,NaN,NaN,NaN
4617,11099.70,4697.15,2,6,3.0000
4618,11111.08,4596.24,NaN,NaN,NaN
4619,11035.99,4321.13,NaN,NaN,NaN
4620,11021.41,4484.91,2,2,0.0000
4621,11007.70,4385.13,0,0,0.0000
4622,11257.64,4678.64,NaN,NaN,NaN
4623,11039.89,3971.88,NaN,NaN,NaN
4624,11027.24,4646.28,NaN,NaN,NaN
4625,11069.73,4269.97,NaN,NaN,NaN
4626,11165.12,4612.82,NaN,NaN,NaN
4627,11012.49,4067.52,NaN,NaN,NaN
4628,11080.42,4051.20,0,0,0.0000
4629,10961.05,4346.86,2,2,0.0000
4630,10971.33,4039.92,0,0,0.0000
4631,11113.99,4235.57,NaN,NaN,NaN
4632,11213.87,4638.29,NaN,NaN,NaN
4633,10980.35,4702.01,3,6,2.0000
4634,10921.58,4293.51,NaN,NaN,NaN
4635,10973.12,4291.86,NaN,NaN,NaN
4636,13912.83,4407.41,0,0,0.0000
4637,13773.93,4455.47,0,0,0.0000
4638,13915.61,4669.16,NaN,NaN,NaN
4639,13860.88,4512.07,NaN,NaN,NaN
4640,13810.33,4349.80,0,0,0.0000
4641,13845.21,4396.08,NaN,NaN,NaN
4642,13867.64,4272.55,NaN,NaN,NaN
4643,13921.03,4224.31,2,6,3.0000
4644,13924.77,4126.50,NaN,NaN,NaN
4645,13826.85,4701.71,0,0,0.0000
4646,13945.79,4481.92,2,3,0.0000
4647,13866.41,4619.63,NaN,NaN,NaN
4648,13911.98,4542.03,2,2,0.0000
4649,14222.51,4333.74,NaN,NaN,NaN
4650,14086.21,4669.91,4,7,0.0000
4651,14091.97,4228.24,NaN,NaN,NaN
4652,14182.78,4113.40,2,3,0.0000
4653,14123.68,4520.54,2,8,4.0000
4654,14374.10,4304.80,2,4,2.0000
4655,14229.81,4683.98,NaN,NaN,NaN
4656,14705.62,4166.17,2,2,0.0000
4657,14034.41,4595.28,0,0,0.0000
4658,14361.06,4531.54,NaN,NaN,NaN
4659,14416.18,4402.12,NaN,NaN,NaN
4660,14009.52,4241.29,NaN,NaN,NaN
4661,14107.73,4047.27,0,0,0.0000
4662,14333.21,4130.62,NaN,NaN,NaN
4663,14227.18,4504.15,2,3,0.0000
4664,14349.62,4689.81,2,7,3.5000
4665,14451.62,4457.12,2,2,0.0000
4666,14429.13,4248.34,NaN,NaN,NaN
4667,14493.51,4401.88,5,8,0.0000
4668,14119.88,4327.79,2,5,2.5000
4669,14170.08,4403.62,0,0,0.0000
4670,14421.95,4137.03,0,0,0.0000
4671,14397.83,4611.17,0,0,0.0000
4672,14020.92,4507.87,0,0,0.0000
4673,14641.62,4057.38,0,0,0.0000
4674,14380.61,4460.06,NaN,NaN,NaN
4675,14498.10,4638.69,2,6,3.0000
4676,14236.94,4040.57,NaN,NaN,NaN
4677,13956.10,4585.78,3,5,0.0000
4678,14470.68,4329.25,0,0,0.0000
4679,14292.70,4513.87,NaN,NaN,NaN
4680,14540.06,4258.92,0,0,0.0000
4681,13991.02,4447.64,NaN,NaN,NaN
4682,14291.97,4429.08,3,2,0.0000
4683,14437.55,4521.73,0,0,0.0000
4684,14417.62,4075.82,NaN,NaN,NaN
4685,14257.47,4599.38,NaN,NaN,NaN
4686,14679.31,4027.88,0,0,0.0000
4687,14609.02,4246.27,0,0,0.0000
4688,14661.68,4274.95,0,0,0.0000
4689,14037.10,4415.11,NaN,NaN,NaN
4690,13988.66,3981.61,0,0,0.0000
4691,14480.72,4056.64,0,0,0.0000
4692,14527.10,4075.93,NaN,NaN,NaN
4693,14649.14,4217.07,0,0,0.0000
4694,14575.29,4349.91,0,0,0.0000
4695,14775.85,4246.99,0,0,0.0000
4696,14872.25,4230.33,0,0,0.0000
4697,14875.65,4123.73,NaN,NaN,NaN
4698,14810.00,4089.21,0,0,0.0000
4699,14779.96,4031.63,2,1,0.0000
4700,14752.90,4112.07,0,0,0.0000
4701,14846.85,4171.95,0,0,0.0000
4702,14797.94,4136.65,0,0,0.0000
4703,15916.43,4007.52,NaN,NaN,NaN
4704,15828.45,4036.97,NaN,NaN,NaN
4705,15726.35,4027.57,NaN,NaN,NaN
4706,15672.91,3981.14,0,0,0.0000
4707,15868.89,4056.98,2,2,0.0000
4708,15829.41,3982.67,0,0,0.0000
4709,386.34,5339.20,3,5,0.0000
4710,482.36,5127.01,3,5,0.0000
4711,343.21,5035.42,2,2,0.0000
4712,496.67,5214.88,3,3,0.0000
4713,852.46,4895.98,3,8,2.6667
4714,298.85,5387.88,NaN,NaN,NaN
4715,224.40,5264.27,NaN,NaN,NaN
4716,522.49,5381.51,4,7,0.0000
4717,280.44,5201.86,NaN,NaN,NaN
4718,439.03,5038.53,2,3,0.0000
4719,332.87,5132.07,3,2,0.0000
4720,199.42,5359.32,2,4,2.0000
4721,510.81,5256.68,NaN,NaN,NaN
4722,571.65,5331.77,NaN,NaN,NaN
4723,285.66,5267.61,0,0,0.0000
4724,177.75,5284.02,NaN,NaN,NaN
4725,107.01,4878.93,NaN,NaN,NaN
4726,568.21,5063.52,2,2,0.0000
4727,250.44,5124.19,NaN,NaN,NaN
4728,577.45,5135.99,0,0,0.0000
4729,221.27,5415.86,2,5,2.5000
4730,781.90,4822.29,NaN,NaN,NaN
4731,661.65,4755.15,NaN,NaN,NaN
4732,401.41,5188.46,3,4,0.0000
4733,616.95,4772.74,NaN,NaN,NaN
4734,401.92,5125.19,3,5,0.0000
4735,521.41,5021.23,NaN,NaN,NaN
4736,100.25,4961.01,0,0,0.0000
4737,135.20,4922.23,0,0,0.0000
4738,789.99,5475.36,0,0,0.0000
4739,522.31,5063.17,0,0,0.0000
4740,1194.05,5036.01,NaN,NaN,NaN
4741,1449.72,5184.14,3,4,0.0000
4742,1229.00,4913.24,4,4,0.0000
4743,936.13,4909.39,NaN,NaN,NaN
4744,1103.13,5094.66,NaN,NaN,NaN
4745,1300.05,5220.61,NaN,NaN,NaN
4746,1438.32,5080.28,NaN,NaN,NaN
4747,1026.75,4901.16,NaN,NaN,NaN
4748,1535.32,5206.40,NaN,NaN,NaN
4749,1282.89,5141.45,0,0,0.0000
4750,1239.48,5189.49,NaN,NaN,NaN
4751,1098.09,4909.26,0,0,0.0000
4752,1354.95,4968.33,4,3,0.0000
4753,1359.42,5187.03,3,3,0.0000
4754,1000.40,5047.48,2,1,0.0000
4755,1375.39,5228.42,NaN,NaN,NaN
4756,1055.65,4983.28,0,0,0.0000
4757,1074.50,4820.06,0,0,0.0000
4758,1252.17,4855.86,0,0,0.0000
4759,1350.11,5122.15,0,0,0.0000
4760,2016.86,5463.96,0,0,0.0000
4761,1964.80,4886.99,0,0,0.0000
4762,1931.51,5104.09,NaN,NaN,NaN
4763,1809.97,5258.81,NaN,NaN,NaN
4764,1866.45,4963.08,NaN,NaN,NaN
4765,1905.41,5309.56,0,0,0.0000
4766,1892.81,5223.17,NaN,NaN,NaN
4767,1969.79,5364.74,NaN,NaN,NaN
4768,2098.70,5453.83,NaN,NaN,NaN
4769,1935.58,5225.53,NaN,NaN,NaN
4770,1845.82,4740.49,0,0,0.0000
4771,1849.64,5355.55,NaN,NaN,NaN
4772,1793.95,4873.99,0,0,0.0000
4773,1835.72,5414.48,0,0,0.0000
4774,2136.08,5488.49,0,0,0.0000
4775,1839.48,5030.20,0,0,0.0000
4776,1952.77,5423.73,0,0,0.0000
4777,1852.29,5479.56,0,0,0.0000
4778,1945.44,5496.52,2,3,0.0000
4779,1784.38,4804.64,0,0,0.0000
4780,2151.75,5433.76,NaN,NaN,NaN
4781,1916.32,5440.91,0,0,0.0000
4782,2811.56,5138.30,0,0,0.0000
4783,2726.63,5367.70,0,0,0.0000
4784,2717.54,5053.55,NaN,NaN,NaN
4785,2583.02,4851.81,NaN,NaN,NaN
4786,2593.34,5009.71,NaN,NaN,NaN
4787,2718.14,4938.58,NaN,NaN,NaN
4788,2651.79,5260.50,0,0,0.0000
4789,2711.10,5208.12,2,2,0.0000
4790,2894.41,5340.61,2,2,0.0000
4791,2818.07,5448.36,NaN,NaN,NaN
4792,2784.02,4984.56,NaN,NaN,NaN
4793,2907.52,5255.15,0,0,0.0000
4794,2581.82,5192.85,NaN,NaN,NaN
4795,2578.67,5101.52,NaN,NaN,NaN
4796,2887.79,5442.72,3,4,0.0000
4797,2523.77,4872.72,NaN,NaN,NaN
4798,2821.38,5358.90,0,0,0.0000
4799,2627.71,5160.44,0,0,0.0000
4800,2567.69,5386.92,NaN,NaN,NaN
4801,2540.61,5023.54,NaN,NaN,NaN
4802,2953.95,5379.80,NaN,NaN,NaN
4803,2698.09,4827.33,NaN,NaN,NaN
4804,2772.15,5194.27,0,0,0.0000
4805,2633.52,4930.25,0,0,0.0000
4806,2624.81,5418.53,NaN,NaN,NaN
4807,2886.24,5500.84,2,4,2.0000
4808,2790.93,4921.20,0,0,0.0000
4809,2671.05,5406.02,NaN,NaN,NaN
4810,2569.04,5239.24,NaN,NaN,NaN
4811,2510.07,5038.19,2,3,0.0000
4812,2533.69,5101.46,NaN,NaN,NaN
4813,2765.21,4803.76,NaN,NaN,NaN
4814,2979.30,5500.76,2,2,0.0000
4815,2871.96,5175.66,0,0,0.0000
4816,2641.43,5017.89,NaN,NaN,NaN
4817,3967.33,5056.30,0,0,0.0000
4818,3704.74,4744.40,NaN,NaN,NaN
4819,3850.32,4741.09,0,0,0.0000
4820,3895.34,5267.19,NaN,NaN,NaN
4821,3923.68,4762.63,NaN,NaN,NaN
4822,3941.82,5200.79,NaN,NaN,NaN
4823,3697.62,4916.09,NaN,NaN,NaN
4824,3693.95,4820.21,NaN,NaN,NaN
4825,3594.25,4747.59,2,3,0.0000
4826,3890.62,5160.25,NaN,NaN,NaN
4827,3783.87,4758.53,0,0,0.0000
4828,3652.52,5297.36,NaN,NaN,NaN
4829,3794.56,5443.77,2,2,0.0000
4830,3775.36,4816.95,0,0,0.0000
4831,3859.53,5376.15,NaN,NaN,NaN
4832,3703.98,5369.67,NaN,NaN,NaN
4833,3868.66,5303.77,NaN,NaN,NaN
4834,3844.20,5136.14,0,0,0.0000
4835,3928.82,5102.34,3,5,0.0000
4836,3742.20,5339.96,2,4,2.0000
4837,3956.52,5420.27,0,0,0.0000
4838,3655.68,4779.47,NaN,NaN,NaN
4839,3846.53,4798.99,0,0,0.0000
4840,3741.43,5413.46,NaN,NaN,NaN
4841,3833.39,5351.40,NaN,NaN,NaN
4842,3694.68,5319.73,NaN,NaN,NaN
4843,3728.19,4854.41,NaN,NaN,NaN
4844,3546.17,4774.18,NaN,NaN,NaN
4845,3682.66,5421.36,NaN,NaN,NaN
4846,3737.10,5460.42,NaN,NaN,NaN
4847,4004.14,5280.08,NaN,NaN,NaN
4848,4046.37,4923.02,0,0,0.0000
4849,4155.13,5215.61,0,0,0.0000
4850,4259.90,5353.94,NaN,NaN,NaN
4851,4081.42,4760.85,NaN,NaN,NaN
4852,4464.81,5051.63,NaN,NaN,NaN
4853,4274.69,5279.25,NaN,NaN,NaN
4854,4263.07,5475.83,2,4,2.0000
4855,4061.04,5325.03,2,4,2.0000
4856,4054.51,5119.91,NaN,NaN,NaN
4857,4142.12,5074.75,2,5,2.5000
4858,4055.60,4844.40,0,0,0.0000
4859,4148.95,5480.92,NaN,NaN,NaN
4860,4184.33,5294.78,NaN,NaN,NaN
4861,4521.61,4996.29,2,4,2.0000
4862,4236.36,5157.13,NaN,NaN,NaN
4863,4176.02,5375.17,0,0,0.0000
4864,3974.09,4818.11,NaN,NaN,NaN
4865,4134.49,4980.76,2,4,2.0000
4866,4461.06,4961.10,NaN,NaN,NaN
4867,4217.74,4898.96,0,0,0.0000
4868,4400.69,5502.99,0,0,0.0000
4869,4128.37,4818.59,0,0,0.0000
4870,4284.68,4921.39,NaN,NaN,NaN
4871,4302.01,5423.46,NaN,NaN,NaN
4872,4192.43,4982.80,0,0,0.0000
4873,4580.74,5097.07,NaN,NaN,NaN
4874,4175.95,5121.81,2,3,0.0000
4875,4199.65,4804.73,0,0,0.0000
4876,4553.46,4936.03,0,0,0.0000
4877,4236.20,4855.28,0,0,0.0000
4878,4242.23,4976.40,0,0,0.0000
4879,4413.56,4910.91,2,4,2.0000
4880,4078.82,5407.80,NaN,NaN,NaN
4881,4004.47,5450.63,NaN,NaN,NaN
4882,4011.17,4778.73,3,4,0.0000
4883,4589.18,5051.12,3,4,0.0000
4884,4277.15,5211.62,0,0,0.0000
4885,4485.22,4865.07,0,0,0.0000
4886,4063.92,4980.36,NaN,NaN,NaN
4887,4102.54,5181.36,0,0,0.0000
4888,4226.39,4942.03,0,0,0.0000
4889,4010.26,5168.19,0,0,0.0000
4890,4441.93,4838.77,NaN,NaN,NaN
4891,4140.71,4906.35,NaN,NaN,NaN
4892,4119.70,4944.22,0,0,0.0000
4893,4118.86,5436.59,NaN,NaN,NaN
4894,4357.43,5431.66,0,0,0.0000
4895,4176.55,4929.31,0,0,0.0000
4896,4181.42,4857.21,0,0,0.0000
4897,4060.56,5045.75,NaN,NaN,NaN
4898,5388.46,5244.11,0,0,0.0000
4899,5423.67,4946.50,NaN,NaN,NaN
4900,5369.73,5041.98,NaN,NaN,NaN
4901,5300.00,4767.45,2,5,2.5000
4902,5142.21,4740.61,2,3,0.0000
4903,5495.12,5305.04,0,0,0.0000
4904,5300.14,4823.45,NaN,NaN,NaN
4905,5494.08,4758.58,0,0,0.0000
4906,5228.08,5063.18,NaN,NaN,NaN
4907,5478.40,5179.15,0,0,0.0000
4908,5266.78,4967.69,NaN,NaN,NaN
4909,5342.79,4885.35,3,7,2.3333
4910,5246.23,4903.84,NaN,NaN,NaN
4911,5078.75,4741.52,NaN,NaN,NaN
4912,5476.43,4946.05,2,4,2.0000
4913,5365.79,4978.26,0,0,0.0000
4914,5447.77,5220.63,0,0,0.0000
4915,5429.13,4786.55,NaN,NaN,NaN
4916,5468.30,5442.29,NaN,NaN,NaN
4917,5211.74,4833.25,NaN,NaN,NaN
4918,5414.23,5095.25,NaN,NaN,NaN
4919,5284.75,5100.76,0,0,0.0000
4920,5362.40,4816.94,NaN,NaN,NaN
4921,5216.11,4744.82,NaN,NaN,NaN
4922,5440.72,5485.89,NaN,NaN,NaN
4923,5351.00,5097.82,0,0,0.0000
4924,5415.55,4842.49,NaN,NaN,NaN
4925,5214.01,4988.22,0,0,0.0000
4926,5276.29,5026.36,0,0,0.0000
4927,5443.62,4887.58,NaN,NaN,NaN
4928,5480.58,5387.51,NaN,NaN,NaN
4929,5442.51,4850.10,NaN,NaN,NaN
4930,5405.28,5379.25,0,0,0.0000
4931,5703.83,5380.94,NaN,NaN,NaN
4932,6209.49,5024.18,2,2,0.0000
4933,5874.53,5421.30,0,0,0.0000
4934,5676.16,5165.54,NaN,NaN,NaN
4935,6047.42,5032.34,NaN,NaN,NaN
4936,5841.76,5296.73,NaN,NaN,NaN
4937,6008.45,5250.78,2,3,0.0000
4938,5929.94,5237.12,NaN,NaN,NaN
4939,6194.76,4852.80,NaN,NaN,NaN
4940,6128.23,5122.04,NaN,NaN,NaN
4941,6158.21,5353.26,0,0,0.0000
4942,6078.92,5221.94,NaN,NaN,NaN
4943,6145.76,5216.52,NaN,NaN,NaN
4944,5889.70,5137.94,0,0,0.0000
4945,6037.05,5345.87,NaN,NaN,NaN
4946,6123.22,4744.15,2,7,3.5000
4947,5508.45,5065.39,0,0,0.0000
4948,5984.10,4772.54,NaN,NaN,NaN
4949,5953.48,4973.62,NaN,NaN,NaN
4950,5752.36,4828.63,NaN,NaN,NaN
4951,5919.77,4773.16,2,4,2.0000
4952,5768.72,5051.31,0,0,0.0000
4953,5527.45,4888.65,NaN,NaN,NaN
4954,5610.09,5224.83,NaN,NaN,NaN
4955,6159.81,4904.66,0,0,0.0000
4956,5531.45,5169.96,0,0,0.0000
4957,5556.08,5261.63,NaN,NaN,NaN
4958,5718.80,5250.15,3,9,3.0000
4959,5689.93,4754.04,3,5,0.0000
4960,5825.27,4775.01,3,8,2.6667
4961,6203.57,5204.79,0,0,0.0000
4962,5679.26,5013.73,2,3,0.0000
4963,5944.64,4885.92,2,6,3.0000
4964,5852.11,5019.61,0,0,0.0000
4965,5587.49,5028.73,0,0,0.0000
4966,6125.58,4973.49,NaN,NaN,NaN
4967,5860.84,5205.38,NaN,NaN,NaN
4968,5585.46,5102.31,0,0,0.0000
4969,6227.83,5289.16,NaN,NaN,NaN
4970,5603.31,5314.51,0,0,0.0000
4971,6219.96,5476.02,0,0,0.0000
4972,6101.16,4859.70,0,0,0.0000
4973,5801.11,4869.64,NaN,NaN,NaN
4974,5622.50,4768.14,0,0,0.0000
4975,5551.33,4968.68,NaN,NaN,NaN
4976,5747.54,4983.44,NaN,NaN,NaN
4977,5727.12,5083.13,0,0,0.0000
4978,5832.64,4915.64,NaN,NaN,NaN
4979,5571.34,4928.22,NaN,NaN,NaN
4980,5578.80,4804.23,0,0,0.0000
4981,5979.11,5088.26,0,0,0.0000
4982,5693.48,4827.52,NaN,NaN,NaN
4983,6214.10,5115.32,NaN,NaN,NaN
4984,5596.32,5455.40,0,0,0.0000
4985,5904.14,4912.20,0,0,0.0000
4986,5659.00,4942.96,NaN,NaN,NaN
4987,5535.97,5015.61,0,0,0.0000
4988,5986.96,5135.49,0,0,0.0000
4989,5731.23,4931.74,NaN,NaN,NaN
4990,5855.77,4852.59,0,0,0.0000
4991,5591.19,4874.67,NaN,NaN,NaN
4992,5612.72,5393.22,2,3,0.0000
4993,5622.39,5051.72,0,0,0.0000
4994,5660.41,5486.47,NaN,NaN,NaN
4995,6103.69,4916.12,0,0,0.0000
4996,5760.11,5292.51,0,0,0.0000
4997,5571.56,5387.48,0,0,0.0000
4998,5643.39,4823.43,0,0,0.0000
4999,5559.99,5465.22,0,0,0.0000
5000,5564.78,4839.81,0,0,0.0000
5001,5511.91,4828.68,0,0,0.0000
5002,6822.34,4738.52,NaN,NaN,NaN
5003,6817.39,4841.73,2,3,0.0000
5004,6609.08,4930.56,NaN,NaN,NaN
5005,6723.85,5266.55,3,4,0.0000
5006,6280.50,4839.76,NaN,NaN,NaN
5007,6288.82,5129.19,NaN,NaN,NaN
5008,6272.90,5367.90,NaN,NaN,NaN
5009,6391.34,4992.63,NaN,NaN,NaN
5010,6321.54,4993.02,0,0,0.0000
5011,6348.05,5056.91,0,0,0.0000
5012,6736.89,5377.13,3,8,2.6667
5013,6782.42,5081.90,NaN,NaN,NaN
5014,6472.82,5403.68,2,4,2.0000
5015,6304.41,5325.20,2,3,0.0000
5016,6274.47,5195.71,NaN,NaN,NaN
5017,6814.73,5213.48,NaN,NaN,NaN
5018,6329.79,5245.45,0,0,0.0000
5019,6740.98,5469.00,NaN,NaN,NaN
5020,6915.25,5061.27,0,0,0.0000
5021,6607.60,5362.77,NaN,NaN,NaN
5022,6647.59,5213.12,NaN,NaN,NaN
5023,6297.40,4911.64,NaN,NaN,NaN
5024,6730.54,5127.98,4,4,0.0000
5025,6350.26,4824.70,NaN,NaN,NaN
5026,6593.00,5280.08,0,0,0.0000
5027,6871.26,5472.47,0,0,0.0000
5028,6591.20,4832.98,0,0,0.0000
5029,6651.17,5065.03,NaN,NaN,NaN
5030,6848.48,5319.31,0,0,0.0000
5031,6460.47,4741.39,NaN,NaN,NaN
5032,6663.69,5395.21,2,2,0.0000
5033,6460.50,5311.27,NaN,NaN,NaN
5034,6571.10,5399.64,3,7,2.3333
5035,6806.57,5328.71,0,0,0.0000
5036,6824.84,5389.46,NaN,NaN,NaN
5037,6670.41,5144.01,NaN,NaN,NaN
5038,6527.64,5211.04,0,0,0.0000
5039,6310.68,5502.77,0,0,0.0000
5040,6920.88,4759.29,0,0,0.0000
5041,6859.15,5218.60,0,0,0.0000
5042,6411.67,4941.42,0,0,0.0000
5043,6830.50,5104.25,3,7,2.3333
5044,6917.32,5138.95,0,0,0.0000
5045,6417.18,5378.18,NaN,NaN,NaN
5046,6580.02,5148.40,0,0,0.0000
5047,6517.38,5434.74,NaN,NaN,NaN
5048,6861.83,5087.59,NaN,NaN,NaN
5049,6355.46,4916.77,NaN,NaN,NaN
5050,6681.99,5359.87,0,0,0.0000
5051,6585.41,5082.51,NaN,NaN,NaN
5052,6430.03,4765.15,NaN,NaN,NaN
5053,6749.09,4895.25,0,0,0.0000
5054,6397.97,5499.27,0,0,0.0000
5055,6570.99,5054.26,0,0,0.0000
5056,6454.48,5469.07,0,0,0.0000
5057,6617.38,5109.65,0,0,0.0000
5058,6600.96,5197.61,0,0,0.0000
5059,6844.22,5500.51,NaN,NaN,NaN
5060,6474.17,4996.59,NaN,NaN,NaN
5061,6362.25,5402.10,0,0,0.0000
5062,6831.67,5451.48,3,5,0.0000
5063,7577.53,4902.65,2,2,0.0000
5064,7681.34,5290.44,NaN,NaN,NaN
5065,7778.16,4973.74,NaN,NaN,NaN
5066,7559.28,5361.71,2,2,0.0000
5067,7371.81,5172.70,2,3,0.0000
5068,7436.60,5065.68,NaN,NaN,NaN
5069,7453.54,4937.13,0,0,0.0000
5070,7584.14,5466.04,NaN,NaN,NaN
5071,7505.09,5460.01,2,4,2.0000
5072,7715.04,4877.66,0,0,0.0000
5073,7333.17,4775.16,0,0,0.0000
5074,7256.11,4989.81,0,0,0.0000
5075,7546.40,4805.25,2,1,0.0000
5076,7520.45,5013.67,0,0,0.0000
5077,7717.00,5054.36,NaN,NaN,NaN
5078,7288.14,4830.75,0,0,0.0000
5079,7337.46,4908.48,NaN,NaN,NaN
5080,7383.50,4951.52,NaN,NaN,NaN
5081,7579.16,5185.23,NaN,NaN,NaN
5082,7488.31,5218.31,3,6,2.0000
5083,7674.56,5188.79,0,0,0.0000
5084,7540.42,5115.00,NaN,NaN,NaN
5085,7291.67,5136.35,2,8,4.0000
5086,7773.24,5449.48,2,4,2.0000
5087,7325.22,5015.68,NaN,NaN,NaN
5088,7443.36,5184.18,0,0,0.0000
5089,7724.10,4805.79,0,0,0.0000
5090,7403.88,5325.88,NaN,NaN,NaN
5091,7435.10,5293.51,NaN,NaN,NaN
5092,7338.61,5273.45,0,0,0.0000
5093,7154.68,4747.16,2,1,0.0000
5094,7588.56,5027.01,2,2,0.0000
5095,7208.75,4789.79,0,0,0.0000
5096,7599.08,5068.98,NaN,NaN,NaN
5097,7542.51,5250.09,2,4,2.0000
5098,7445.51,4863.62,NaN,NaN,NaN
5099,7312.67,5203.07,NaN,NaN,NaN
5100,7673.66,4776.23,NaN,NaN,NaN
5101,7511.71,5071.75,NaN,NaN,NaN
5102,7264.77,5101.44,NaN,NaN,NaN
5103,7623.26,5157.94,0,0,0.0000
5104,7286.68,4936.61,NaN,NaN,NaN
5105,7370.95,5085.86,0,0,0.0000
5106,7211.91,4928.04,NaN,NaN,NaN
5107,7508.62,4748.06,NaN,NaN,NaN
5108,7433.45,4815.43,NaN,NaN,NaN
5109,7999.59,5274.20,NaN,NaN,NaN
5110,8124.14,4796.56,NaN,NaN,NaN
5111,8289.58,5127.97,NaN,NaN,NaN
5112,7953.71,4879.80,2,4,2.0000
5113,7816.34,5220.41,0,0,0.0000
5114,7841.24,5079.68,2,1,0.0000
5115,8181.61,5257.80,NaN,NaN,NaN
5116,8152.26,5099.83,0,0,0.0000
5117,8226.79,4912.95,NaN,NaN,NaN
5118,7917.56,4801.68,NaN,NaN,NaN
5119,7830.30,4868.21,NaN,NaN,NaN
5120,7902.83,5483.74,2,6,3.0000
5121,8483.30,5218.59,NaN,NaN,NaN
5122,8268.71,5378.09,NaN,NaN,NaN
5123,8498.08,5503.29,NaN,NaN,NaN
5124,8275.17,5249.33,NaN,NaN,NaN
5125,8516.43,5305.05,NaN,NaN,NaN
5126,8031.52,5452.65,NaN,NaN,NaN
5127,7887.47,5299.86,NaN,NaN,NaN
5128,8371.34,5058.62,0,0,0.0000
5129,8066.95,4877.34,NaN,NaN,NaN
5130,8547.84,5371.98,0,0,0.0000
5131,8300.83,5009.27,NaN,NaN,NaN
5132,8226.16,5034.95,0,0,0.0000
5133,8145.10,5015.58,NaN,NaN,NaN
5134,8419.58,5240.56,2,2,0.0000
5135,7953.37,5041.00,0,0,0.0000
5136,8365.12,5341.31,NaN,NaN,NaN
5137,8024.83,4821.85,0,0,0.0000
5138,8230.85,5321.58,0,0,0.0000
5139,8378.36,5202.43,NaN,NaN,NaN
5140,7822.04,5437.16,NaN,NaN,NaN
5141,8427.13,5350.16,NaN,NaN,NaN
5142,8146.64,4920.55,NaN,NaN,NaN
5143,8035.04,5195.55,NaN,NaN,NaN
5144,8064.63,4975.33,NaN,NaN,NaN
5145,8324.08,5211.13,NaN,NaN,NaN
5146,8034.92,5027.95,0,0,0.0000
5147,8387.90,5489.89,0,0,0.0000
5148,8100.85,5375.01,0,0,0.0000
5149,7937.70,5133.95,0,0,0.0000
5150,7994.02,4736.84,2,4,2.0000
5151,8101.33,5160.49,NaN,NaN,NaN
5152,7864.28,5169.67,0,0,0.0000
5153,8184.96,4972.83,2,2,0.0000
5154,8560.52,5230.88,0,0,0.0000
5155,8475.29,5378.99,3,4,0.0000
5156,8032.03,5084.25,0,0,0.0000
5157,8079.29,5054.94,NaN,NaN,NaN
5158,8400.20,5400.49,0,0,0.0000
5159,7841.67,5499.42,0,0,0.0000
5160,8082.98,5210.51,0,0,0.0000
5161,8600.70,5477.60,NaN,NaN,NaN
5162,9253.50,4842.61,0,0,0.0000
5163,9321.74,4840.77,0,0,0.0000
5164,9727.29,5323.69,NaN,NaN,NaN
5165,10050.09,5152.97,NaN,NaN,NaN
5166,9827.66,5211.55,NaN,NaN,NaN
5167,9612.15,5385.44,0,0,0.0000
5168,9958.72,5086.17,2,3,0.0000
5169,10019.67,4932.68,NaN,NaN,NaN
5170,9996.88,5467.97,NaN,NaN,NaN
5171,9974.09,5313.24,NaN,NaN,NaN
5172,10061.28,5267.23,NaN,NaN,NaN
5173,9532.19,5446.73,NaN,NaN,NaN
5174,9894.77,5328.43,2,2,0.0000
5175,9918.06,4826.64,NaN,NaN,NaN
5176,10077.07,4870.15,NaN,NaN,NaN
5177,9420.94,4864.83,NaN,NaN,NaN
5178,9943.53,5413.14,NaN,NaN,NaN
5179,9450.44,4749.68,0,0,0.0000
5180,9503.59,4859.69,0,0,0.0000
5181,9945.82,4738.18,0,0,0.0000
5182,10102.42,5040.37,NaN,NaN,NaN
5183,9684.50,5453.95,0,0,0.0000
5184,9823.89,5424.32,0,0,0.0000
5185,9517.36,5325.87,2,1,0.0000
5186,10077.40,4988.61,0,0,0.0000
5187,9889.23,5246.84,0,0,0.0000
5188,9884.49,4933.82,0,0,0.0000
5189,9441.73,4929.47,NaN,NaN,NaN
5190,9513.38,5206.51,NaN,NaN,NaN
5191,9703.48,5390.29,NaN,NaN,NaN
5192,9594.49,5310.50,3,3,0.0000
5193,9499.13,5269.23,0,0,0.0000
5194,9496.78,5381.84,NaN,NaN,NaN
5195,9899.79,5498.87,NaN,NaN,NaN
5196,9975.55,4922.03,NaN,NaN,NaN
5197,9367.28,4908.51,0,0,0.0000
5198,9479.66,5493.61,0,0,0.0000
5199,9390.09,4774.86,0,0,0.0000
5200,9493.53,4795.57,NaN,NaN,NaN
5201,9959.55,5211.72,NaN,NaN,NaN
5202,10019.99,4736.62,0,0,0.0000
5203,9954.73,4987.61,NaN,NaN,NaN
5204,10059.53,4774.63,0,0,0.0000
5205,9733.31,5481.08,NaN,NaN,NaN
5206,9436.22,5195.61,0,0,0.0000
5207,9400.05,4806.79,2,0,0.0000
5208,9879.90,5398.77,NaN,NaN,NaN
5209,9844.26,5286.37,2,2,0.0000
5210,9551.73,5255.62,0,0,0.0000
5211,10020.27,5085.13,0,0,0.0000
5212,10301.26,5088.55,2,4,2.0000
5213,10155.28,5140.91,NaN,NaN,NaN
5214,10689.02,4851.96,NaN,NaN,NaN
5215,10209.22,4888.94,3,3,0.0000
5216,10625.56,5020.77,0,0,0.0000
5217,10241.32,5321.15,NaN,NaN,NaN
5218,10703.75,5121.28,3,7,2.3333
5219,10332.13,4861.95,NaN,NaN,NaN
5220,10239.15,5228.43,NaN,NaN,NaN
5221,10447.67,5036.00,NaN,NaN,NaN
5222,10635.60,5181.18,NaN,NaN,NaN
5223,10448.99,4931.59,3,5,0.0000
5224,10606.94,5422.65,3,5,0.0000
5225,10794.63,4758.36,NaN,NaN,NaN
5226,10711.66,4974.06,NaN,NaN,NaN
5227,10517.20,5136.15,0,0,0.0000
5228,10757.77,5027.17,0,0,0.0000
5229,10416.75,5245.59,NaN,NaN,NaN
5230,10814.55,5141.40,0,0,0.0000
5231,10637.85,5277.51,NaN,NaN,NaN
5232,10267.79,5014.03,NaN,NaN,NaN
5233,10227.76,5385.43,0,0,0.0000
5234,10381.23,5333.40,0,0,0.0000
5235,10421.83,4827.03,0,0,0.0000
5236,10176.66,5011.78,NaN,NaN,NaN
5237,10331.08,5251.02,2,6,3.0000
5238,10129.89,5255.21,0,0,0.0000
5239,10745.35,5244.48,NaN,NaN,NaN
5240,10277.60,4766.80,NaN,NaN,NaN
5241,10515.30,5480.51,2,4,2.0000
5242,10853.77,5020.21,2,8,4.0000
5243,10830.02,4813.62,NaN,NaN,NaN
5244,10587.45,4848.25,0,0,0.0000
5245,10570.97,4950.10,0,0,0.0000
5246,10791.42,4874.81,0,0,0.0000
5247,10850.31,4906.05,NaN,NaN,NaN
5248,10796.09,5272.49,3,3,0.0000
5249,10493.07,5398.95,2,5,2.5000
5250,10355.92,4971.85,0,0,0.0000
5251,10343.22,5472.27,2,3,0.0000
5252,10263.24,4941.64,NaN,NaN,NaN
5253,10526.72,5314.40,0,0,0.0000
5254,10123.66,5341.42,NaN,NaN,NaN
5255,10516.38,4918.72,0,0,0.0000
5256,10427.70,5150.98,NaN,NaN,NaN
5257,10353.05,5156.06,NaN,NaN,NaN
5258,10286.07,4829.02,NaN,NaN,NaN
5259,10550.25,4773.51,NaN,NaN,NaN
5260,10401.65,4984.71,NaN,NaN,NaN
5261,10606.82,5113.16,NaN,NaN,NaN
5262,10705.15,4778.83,0,0,0.0000
5263,10112.57,4771.68,NaN,NaN,NaN
5264,10756.32,5183.72,2,4,2.0000
5265,10474.42,5308.35,NaN,NaN,NaN
5266,10489.90,5238.46,0,0,0.0000
5267,10458.92,5186.56,0,0,0.0000
5268,10896.34,5258.10,0,0,0.0000
5269,11077.26,4936.22,NaN,NaN,NaN
5270,11284.27,5177.13,NaN,NaN,NaN
5271,11179.38,5455.32,NaN,NaN,NaN
5272,11014.01,5071.07,NaN,NaN,NaN
5273,11174.02,4812.27,2,4,2.0000
5274,11087.95,5233.09,NaN,NaN,NaN
5275,11187.53,5353.63,NaN,NaN,NaN
5276,11166.29,5206.39,3,5,0.0000
5277,11239.92,4909.15,0,0,0.0000
5278,11059.14,4742.79,NaN,NaN,NaN
5279,11312.98,5069.66,2,2,0.0000
5280,10924.33,4811.98,NaN,NaN,NaN
5281,11264.27,5302.98,0,0,0.0000
5282,11398.44,5294.71,NaN,NaN,NaN
5283,11418.47,5170.55,0,0,0.0000
5284,11196.20,5089.99,0,0,0.0000
5285,10984.33,5437.93,NaN,NaN,NaN
5286,10993.32,5208.16,NaN,NaN,NaN
5287,10934.98,5013.94,4,4,0.0000
5288,11026.25,4823.09,0,0,0.0000
5289,11038.68,5485.29,0,0,0.0000
5290,11065.70,5363.82,0,0,0.0000
5291,10962.81,4946.35,NaN,NaN,NaN
5292,10970.01,5334.97,0,0,0.0000
5293,11394.83,5469.29,2,4,2.0000
5294,10956.74,4764.92,NaN,NaN,NaN
5295,11358.66,5414.98,NaN,NaN,NaN
5296,10894.94,5125.78,NaN,NaN,NaN
5297,11251.43,5015.78,NaN,NaN,NaN
5298,11475.74,5321.02,NaN,NaN,NaN
5299,11249.80,4758.67,0,0,0.0000
5300,11477.60,5471.67,NaN,NaN,NaN
5301,11439.83,5243.96,0,0,0.0000
5302,11301.04,5368.31,NaN,NaN,NaN
5303,10910.07,4918.16,NaN,NaN,NaN
5304,10915.08,5415.33,0,0,0.0000
5305,11139.90,5032.35,0,0,0.0000
5306,10982.21,5384.74,0,0,0.0000
5307,11135.68,5125.86,3,5,0.0000
5308,11164.88,4913.13,2,4,2.0000
5309,11392.10,5376.98,0,0,0.0000
5310,11034.13,5293.29,0,0,0.0000
5311,11211.13,5033.40,0,0,0.0000
5312,11207.80,4982.53,0,0,0.0000
5313,11288.36,4971.04,NaN,NaN,NaN
5314,11438.83,5342.28,NaN,NaN,NaN
5315,11440.33,5486.59,NaN,NaN,NaN
5316,11090.93,4803.71,0,0,0.0000
5317,10969.74,5149.58,NaN,NaN,NaN
5318,13946.66,4746.43,4,4,0.0000
5319,13862.42,4742.77,NaN,NaN,NaN
5320,13709.39,5109.37,0,0,0.0000
5321,13631.36,5104.61,0,0,0.0000
5322,13946.69,5146.02,0,0,0.0000
5323,13850.35,5032.55,0,0,0.0000
5324,13812.49,5219.08,0,0,0.0000
5325,14100.93,4751.35,3,9,3.0000
5326,14431.78,4892.89,2,5,2.5000
5327,14339.87,4764.35,2,7,3.5000
5328,14289.18,4827.75,2,4,2.0000
5329,14019.19,5074.83,0,0,0.0000
5330,14079.29,5077.18,0,0,0.0000
5331,14337.04,4906.92,NaN,NaN,NaN
5332,14120.43,5072.51,0,0,0.0000
5333,14151.08,5092.94,0,0,0.0000
5334,16210.51,5490.85,NaN,NaN,NaN
5335,16163.52,5432.38,NaN,NaN,NaN
5336,16256.61,5265.48,NaN,NaN,NaN
5337,16158.55,5307.77,0,0,0.0000
5338,16087.47,5399.78,0,0,0.0000
5339,16209.62,5367.70,NaN,NaN,NaN
5340,16283.36,5461.00,NaN,NaN,NaN
5341,16277.71,5320.21,0,0,0.0000
5342,16091.51,5441.50,0,0,0.0000
5343,16306.66,5267.06,0,0,0.0000
5344,16357.95,5286.88,NaN,NaN,NaN
5345,16154.51,5357.24,0,0,0.0000
5346,16093.70,5351.07,0,0,0.0000
5347,16367.29,5262.59,0,0,0.0000
5348,16360.01,5475.35,NaN,NaN,NaN
5349,729.72,5862.36,2,3,0.0000
5350,141.75,6224.72,NaN,NaN,NaN
5351,524.07,6040.49,2,3,0.0000
5352,300.13,5911.55,NaN,NaN,NaN
5353,436.49,5965.38,0,0,0.0000
5354,346.00,6155.91,NaN,NaN,NaN
5355,620.83,5914.97,4,6,0.0000
5356,496.02,5784.45,NaN,NaN,NaN
5357,857.91,5923.46,NaN,NaN,NaN
5358,868.35,5660.20,2,1,0.0000
5359,675.70,5795.86,3,7,2.3333
5360,457.12,6104.32,NaN,NaN,NaN
5361,765.00,5696.27,0,0,0.0000
5362,285.37,6122.00,NaN,NaN,NaN
5363,540.59,5916.51,NaN,NaN,NaN
5364,596.21,5842.99,2,4,2.0000
5365,813.24,5743.84,4,4,0.0000
5366,471.52,6173.06,0,0,0.0000
5367,305.12,6048.04,2,3,0.0000
5368,627.37,6074.29,3,7,2.3333
5369,632.40,5994.13,NaN,NaN,NaN
5370,405.98,6247.39,0,0,0.0000
5371,552.54,5830.29,NaN,NaN,NaN
5372,545.64,6188.90,NaN,NaN,NaN
5373,559.50,6119.39,NaN,NaN,NaN
5374,782.89,5920.83,NaN,NaN,NaN
5375,892.06,6046.16,0,0,0.0000
5376,777.03,5566.17,0,0,0.0000
5377,568.90,5757.62,NaN,NaN,NaN
5378,846.62,5576.63,0,0,0.0000
5379,716.73,5992.12,NaN,NaN,NaN
5380,489.85,5868.85,NaN,NaN,NaN
5381,892.99,6099.43,2,3,0.0000
5382,357.79,5934.14,NaN,NaN,NaN
5383,268.63,6222.71,3,2,0.0000
5384,356.65,5983.51,NaN,NaN,NaN
5385,522.04,5974.65,2,4,2.0000
5386,865.91,6000.12,NaN,NaN,NaN
5387,618.48,5704.53,2,3,0.0000
5388,789.98,5995.03,NaN,NaN,NaN
5389,291.07,6015.62,2,1,0.0000
5390,822.22,5831.44,0,0,0.0000
5391,663.20,6269.84,2,3,0.0000
5392,217.52,6131.33,0,0,0.0000
5393,351.01,6231.25,0,0,0.0000
5394,204.50,6036.78,NaN,NaN,NaN
5395,351.34,5830.38,0,0,0.0000
5396,373.58,6037.72,NaN,NaN,NaN
5397,415.48,6060.82,3,5,0.0000
5398,122.02,6159.51,0,0,0.0000
5399,392.36,5846.07,0,0,0.0000
5400,50.25,6267.96,NaN,NaN,NaN
5401,29.75,6256.52,NaN,NaN,NaN
5402,1165.87,6173.15,2,4,2.0000
5403,936.12,6094.67,3,5,0.0000
5404,1093.41,6234.17,NaN,NaN,NaN
5405,976.11,5861.77,NaN,NaN,NaN
5406,1055.55,6008.19,NaN,NaN,NaN
5407,1431.20,5848.97,NaN,NaN,NaN
5408,1042.75,5851.75,NaN,NaN,NaN
5409,898.58,5770.54,3,2,0.0000
5410,1267.77,6178.45,NaN,NaN,NaN
5411,987.32,5681.58,2,2,0.0000
5412,1102.57,5833.43,NaN,NaN,NaN
5413,922.88,5991.03,NaN,NaN,NaN
5414,900.78,5845.90,NaN,NaN,NaN
5415,1009.04,5786.85,0,0,0.0000
5416,1044.79,5921.17,NaN,NaN,NaN
5417,1097.75,5894.45,NaN,NaN,NaN
5418,992.24,5944.71,0,0,0.0000
5419,985.83,6023.20,NaN,NaN,NaN
5420,1599.53,6042.25,0,0,0.0000
5421,957.65,5736.74,NaN,NaN,NaN
5422,1266.23,6111.85,NaN,NaN,NaN
5423,1422.37,5924.44,0,0,0.0000
5424,1040.18,5729.06,NaN,NaN,NaN
5425,1222.34,6123.88,NaN,NaN,NaN
5426,924.10,5591.34,NaN,NaN,NaN
5427,1606.79,6095.82,NaN,NaN,NaN
5428,1047.60,5684.37,0,0,0.0000
5429,1070.12,5754.96,NaN,NaN,NaN
5430,969.79,5598.97,0,0,0.0000
5431,1141.38,5937.65,NaN,NaN,NaN
5432,1112.90,5955.26,NaN,NaN,NaN
5433,2097.03,5732.36,2,2,0.0000
5434,2337.10,5888.42,NaN,NaN,NaN
5435,1991.47,5627.57,0,0,0.0000
5436,2266.39,5798.18,5,4,0.0000
5437,2368.59,5622.69,2,3,0.0000
5438,1909.47,5617.05,NaN,NaN,NaN
5439,2328.98,5830.87,NaN,NaN,NaN
5440,2358.99,5777.84,0,0,0.0000
5441,2220.10,5724.37,NaN,NaN,NaN
5442,1742.18,6258.99,0,0,0.0000
5443,2374.67,5947.05,NaN,NaN,NaN
5444,2200.22,5866.45,NaN,NaN,NaN
5445,2397.70,5744.28,NaN,NaN,NaN
5446,2039.34,5557.63,2,5,2.5000
5447,2231.09,5917.84,2,3,0.0000
5448,2135.52,5686.70,0,0,0.0000
5449,2200.53,5814.79,0,0,0.0000
5450,2069.18,5654.74,NaN,NaN,NaN
5451,1936.03,5554.84,NaN,NaN,NaN
5452,2124.88,5815.46,0,0,0.0000
5453,2353.62,5727.36,NaN,NaN,NaN
5454,1987.21,5723.34,3,3,0.0000
5455,1844.49,5531.88,NaN,NaN,NaN
5456,2140.02,5523.36,0,0,0.0000
5457,1950.02,5667.59,NaN,NaN,NaN
5458,2076.10,5524.85,NaN,NaN,NaN
5459,2022.54,5678.57,NaN,NaN,NaN
5460,2037.78,5712.84,NaN,NaN,NaN
5461,2944.12,5530.29,3,3,0.0000
5462,2566.56,5586.60,NaN,NaN,NaN
5463,3085.16,5934.16,0,0,0.0000
5464,3490.73,6211.21,0,0,0.0000
5465,3324.43,6222.48,0,0,0.0000
5466,3728.42,6202.86,NaN,NaN,NaN
5467,3760.22,6251.56,2,3,0.0000
5468,3820.75,5508.04,3,4,0.0000
5469,3364.89,6174.99,NaN,NaN,NaN
5470,3305.08,6133.83,NaN,NaN,NaN
5471,3660.01,6170.08,NaN,NaN,NaN
5472,3569.26,6136.91,NaN,NaN,NaN
5473,3402.42,6237.09,0,0,0.0000
5474,3240.72,6228.23,2,3,0.0000
5475,4546.32,6094.18,3,7,2.3333
5476,4707.49,6262.72,0,0,0.0000
5477,4262.24,5590.28,2,5,2.5000
5478,4186.69,5934.37,0,0,0.0000
5479,4493.97,5775.06,NaN,NaN,NaN
5480,4374.95,6204.83,0,0,0.0000
5481,4035.99,5912.94,NaN,NaN,NaN
5482,4210.64,5834.13,2,2,0.0000
5483,4695.07,5905.39,NaN,NaN,NaN
5484,4364.58,6058.56,2,7,3.5000
5485,4647.05,5804.00,0,0,0.0000
5486,4139.71,5657.98,2,4,2.0000
5487,4275.52,5987.58,2,4,2.0000
5488,4348.50,5531.68,3,4,0.0000
5489,4360.49,5899.00,NaN,NaN,NaN
5490,4603.98,5939.79,2,1,0.0000
5491,4138.35,5759.38,NaN,NaN,NaN
5492,4031.21,5774.53,NaN,NaN,NaN
5493,4377.42,5639.76,NaN,NaN,NaN
5494,3981.73,5715.23,NaN,NaN,NaN
5495,4291.12,5722.37,NaN,NaN,NaN
5496,4453.10,5957.03,3,6,2.0000
5497,4363.42,5705.43,3,6,2.0000
5498,4378.32,5792.89,NaN,NaN,NaN
5499,4169.34,5560.99,NaN,NaN,NaN
5500,4046.43,5647.44,2,2,0.0000
5501,4042.00,5519.56,0,0,0.0000
5502,4421.80,6016.41,3,4,0.0000
5503,4088.15,5864.42,NaN,NaN,NaN
5504,4482.15,5683.71,NaN,NaN,NaN
5505,4169.77,6117.29,NaN,NaN,NaN
5506,4450.84,6158.66,NaN,NaN,NaN
5507,4633.58,6193.25,2,4,2.0000
5508,4445.96,5907.11,NaN,NaN,NaN
5509,4326.85,6269.73,0,0,0.0000
5510,4095.55,5508.64,NaN,NaN,NaN
5511,4539.04,5638.56,0,0,0.0000
5512,4683.14,6007.13,NaN,NaN,NaN
5513,4427.80,5595.27,0,0,0.0000
5514,4344.55,5966.20,NaN,NaN,NaN
5515,4162.79,6020.82,2,4,2.0000
5516,4076.64,5582.21,NaN,NaN,NaN
5517,4214.37,5716.74,NaN,NaN,NaN
5518,4262.97,5767.96,NaN,NaN,NaN
5519,4725.25,5827.28,NaN,NaN,NaN
5520,4240.37,6138.33,NaN,NaN,NaN
5521,4449.99,5819.60,2,4,2.0000
5522,4485.22,5880.21,2,6,3.0000
5523,4309.87,6106.68,0,0,0.0000
5524,4244.59,6255.89,NaN,NaN,NaN
5525,4294.66,6183.26,0,0,0.0000
5526,4004.99,5938.85,0,0,0.0000
5527,4726.68,6129.99,0,0,0.0000
5528,4316.45,5808.10,NaN,NaN,NaN
5529,4285.77,5913.04,NaN,NaN,NaN
5530,4609.42,5872.63,NaN,NaN,NaN
5531,4299.43,5845.75,NaN,NaN,NaN
5532,4091.22,5783.83,NaN,NaN,NaN
5533,4123.58,6081.75,0,0,0.0000
5534,4490.35,5609.31,NaN,NaN,NaN
5535,4572.28,5722.70,NaN,NaN,NaN
5536,4572.91,5768.93,NaN,NaN,NaN
5537,4085.56,5923.45,NaN,NaN,NaN
5538,4591.85,5693.46,0,0,0.0000
5539,4238.00,6059.60,0,0,0.0000
5540,4686.70,6062.64,NaN,NaN,NaN
5541,4245.05,6208.12,NaN,NaN,NaN
5542,4129.58,5933.90,4,4,0.0000
5543,4707.21,5780.81,NaN,NaN,NaN
5544,4116.00,5978.36,NaN,NaN,NaN
5545,4078.46,6022.01,0,0,0.0000
5546,4800.82,6182.65,0,0,0.0000
5547,4828.10,6106.49,0,0,0.0000
5548,5388.16,5531.14,2,5,2.5000
5549,5422.54,5619.93,NaN,NaN,NaN
5550,4763.28,6015.09,2,3,0.0000
5551,4746.69,5952.23,0,0,0.0000
5552,4815.75,5969.68,NaN,NaN,NaN
5553,5455.49,5757.09,NaN,NaN,NaN
5554,5458.18,5573.32,NaN,NaN,NaN
5555,5500.26,5729.51,NaN,NaN,NaN
5556,5949.79,6081.17,NaN,NaN,NaN
5557,6062.10,5902.48,0,0,0.0000
5558,5629.69,5569.40,NaN,NaN,NaN
5559,5965.39,5705.66,2,2,0.0000
5560,5768.95,5719.71,NaN,NaN,NaN
5561,6198.02,5748.70,3,6,2.0000
5562,6005.33,5521.08,3,7,2.3333
5563,6030.57,5634.64,0,0,0.0000
5564,5786.14,5985.94,NaN,NaN,NaN
5565,5717.32,5522.07,NaN,NaN,NaN
5566,6256.45,5850.52,NaN,NaN,NaN
5567,5543.43,5781.42,NaN,NaN,NaN
5568,5738.79,6140.38,NaN,NaN,NaN
5569,5786.60,5593.49,0,0,0.0000
5570,6174.18,6077.43,NaN,NaN,NaN
5571,5963.33,5584.63,NaN,NaN,NaN
5572,5940.33,5923.91,NaN,NaN,NaN
5573,5669.15,5680.39,3,5,0.0000
5574,6088.44,5793.77,0,0,0.0000
5575,5883.19,6169.95,NaN,NaN,NaN
5576,5917.60,5814.27,NaN,NaN,NaN
5577,6260.82,6096.75,2,4,2.0000
5578,6115.47,5542.39,5,3,0.0000
5579,6167.85,5895.89,NaN,NaN,NaN
5580,6140.70,5641.24,NaN,NaN,NaN
5581,6132.50,5771.65,NaN,NaN,NaN
5582,5823.32,6230.89,2,5,2.5000
5583,5507.15,5642.47,3,4,0.0000
5584,5772.78,5882.62,NaN,NaN,NaN
5585,5586.69,5705.16,NaN,NaN,NaN
5586,6085.09,5684.93,NaN,NaN,NaN
5587,5723.66,6049.00,3,8,2.6667
5588,6181.18,5597.55,NaN,NaN,NaN
5589,6156.25,5979.24,NaN,NaN,NaN
5590,5904.77,5624.85,NaN,NaN,NaN
5591,5983.47,6010.44,0,0,0.0000
5592,5860.74,5556.47,0,0,0.0000
5593,5653.53,5812.33,NaN,NaN,NaN
5594,5848.24,6013.81,NaN,NaN,NaN
5595,6024.18,5967.83,NaN,NaN,NaN
5596,5575.37,5849.11,0,0,0.0000
5597,6231.46,5941.64,NaN,NaN,NaN
5598,5519.11,5515.14,2,4,2.0000
5599,6080.70,5579.78,NaN,NaN,NaN
5600,5543.48,5690.06,NaN,NaN,NaN
5601,6043.25,5809.79,0,0,0.0000
5602,5593.79,5647.68,0,0,0.0000
5603,6195.24,6150.04,NaN,NaN,NaN
5604,5858.64,5724.96,NaN,NaN,NaN
5605,5562.27,5653.51,NaN,NaN,NaN
5606,5963.85,5869.53,3,4,0.0000
5607,5813.75,5657.92,0,0,0.0000
5608,5836.27,6082.07,0,0,0.0000
5609,5644.81,5941.07,0,0,0.0000
5610,5593.26,5745.67,4,5,0.0000
5611,6303.84,5691.56,2,4,2.0000
5612,6580.03,5624.49,0,0,0.0000
5613,6732.58,6239.25,0,0,0.0000
5614,6845.17,5675.58,NaN,NaN,NaN
5615,6312.68,5580.98,NaN,NaN,NaN
5616,6429.92,6126.83,NaN,NaN,NaN
5617,6453.41,5721.09,NaN,NaN,NaN
5618,6662.13,6258.81,NaN,NaN,NaN
5619,6678.98,6142.19,0,0,0.0000
5620,6528.81,6247.62,2,1,0.0000
5621,6431.73,5761.65,0,0,0.0000
5622,6853.28,6049.86,NaN,NaN,NaN
5623,6833.52,6224.21,2,2,0.0000
5624,6922.85,6156.52,2,3,0.0000
5625,6354.90,6085.01,NaN,NaN,NaN
5626,6429.74,5645.55,2,3,0.0000
5627,6509.81,5875.55,0,0,0.0000
5628,6349.91,6173.34,0,0,0.0000
5629,6988.63,6042.18,NaN,NaN,NaN
5630,6843.99,5967.62,0,0,0.0000
5631,6709.02,6068.01,0,0,0.0000
5632,6976.48,6166.93,NaN,NaN,NaN
5633,6364.89,5579.61,0,0,0.0000
5634,6551.98,5746.59,NaN,NaN,NaN
5635,6479.71,5673.44,0,0,0.0000
5636,6649.47,5695.87,NaN,NaN,NaN
5637,6418.19,5831.94,NaN,NaN,NaN
5638,6617.76,5573.06,NaN,NaN,NaN
5639,6450.93,5608.55,0,0,0.0000
5640,6931.51,5960.82,NaN,NaN,NaN
5641,6530.22,5577.71,0,0,0.0000
5642,6475.63,6078.63,0,0,0.0000
5643,6535.15,5660.82,NaN,NaN,NaN
5644,6278.02,5764.22,0,0,0.0000
5645,6306.68,5846.56,NaN,NaN,NaN
5646,6957.59,5985.37,0,0,0.0000
5647,6769.03,6033.40,0,0,0.0000
5648,6876.12,6104.31,0,0,0.0000
5649,6880.62,5563.23,3,4,0.0000
5650,6425.46,6076.10,0,0,0.0000
5651,6540.51,5798.53,0,0,0.0000
5652,7702.28,5526.75,0,0,0.0000
5653,7739.19,5825.98,2,4,2.0000
5654,7749.40,5722.89,2,9,4.5000
5655,7775.12,5582.04,NaN,NaN,NaN
5656,7750.62,5618.63,0,0,0.0000
5657,7547.05,5516.13,0,0,0.0000
5658,7681.90,5726.43,3,4,0.0000
5659,8088.77,5760.89,NaN,NaN,NaN
5660,7952.55,6192.41,0,0,0.0000
5661,8544.57,5603.44,0,0,0.0000
5662,8527.31,6184.83,NaN,NaN,NaN
5663,8063.11,5596.52,0,0,0.0000
5664,8403.33,5673.64,NaN,NaN,NaN
5665,8493.84,5984.67,NaN,NaN,NaN
5666,7916.61,5858.67,NaN,NaN,NaN
5667,8280.12,5720.00,NaN,NaN,NaN
5668,8226.99,5862.18,NaN,NaN,NaN
5669,8335.60,6078.17,NaN,NaN,NaN
5670,8494.83,5779.31,NaN,NaN,NaN
5671,7952.47,5546.92,NaN,NaN,NaN
5672,8370.41,5738.80,NaN,NaN,NaN
5673,8218.75,6139.78,NaN,NaN,NaN
5674,8414.47,5792.93,NaN,NaN,NaN
5675,8026.68,6034.17,0,0,0.0000
5676,8246.52,6237.36,NaN,NaN,NaN
5677,7861.29,5623.89,0,0,0.0000
5678,8167.22,5557.27,NaN,NaN,NaN
5679,8161.44,5623.86,NaN,NaN,NaN
5680,8341.14,5882.46,NaN,NaN,NaN
5681,8301.21,5508.11,0,0,0.0000
5682,8423.72,5874.96,NaN,NaN,NaN
5683,8173.46,6027.97,2,4,2.0000
5684,8315.17,6153.64,NaN,NaN,NaN
5685,8423.60,6026.28,NaN,NaN,NaN
5686,8145.34,5861.45,NaN,NaN,NaN
5687,7949.80,5687.32,NaN,NaN,NaN
5688,8237.67,5643.97,NaN,NaN,NaN
5689,8163.70,6239.12,NaN,NaN,NaN
5690,8345.85,6234.76,2,2,0.0000
5691,7812.62,5547.04,NaN,NaN,NaN
5692,8450.25,6225.63,NaN,NaN,NaN
5693,8220.63,5512.54,NaN,NaN,NaN
5694,7843.89,5786.85,NaN,NaN,NaN
5695,8290.73,6018.93,NaN,NaN,NaN
5696,8276.15,5916.27,0,0,0.0000
5697,8204.44,5763.76,NaN,NaN,NaN
5698,8095.47,5999.46,0,0,0.0000
5699,8556.69,6116.41,3,8,2.6667
5700,8295.42,5593.54,3,4,0.0000
5701,8109.46,6104.63,0,0,0.0000
5702,8037.42,6112.85,0,0,0.0000
5703,8430.80,5577.45,0,0,0.0000
5704,8244.18,5971.76,NaN,NaN,NaN
5705,7815.04,5854.66,NaN,NaN,NaN
5706,8500.60,6071.75,NaN,NaN,NaN
5707,7847.75,5739.03,0,0,0.0000
5708,8208.58,5974.60,2,7,3.5000
5709,8420.24,6112.98,NaN,NaN,NaN
5710,8036.99,5931.68,0,0,0.0000
5711,8060.17,5889.24,NaN,NaN,NaN
5712,7998.05,5860.13,0,0,0.0000
5713,7976.88,5939.26,NaN,NaN,NaN
5714,7857.88,5859.20,NaN,NaN,NaN
5715,7950.77,5973.93,0,0,0.0000
5716,8073.20,6216.74,NaN,NaN,NaN
5717,8121.79,5918.43,NaN,NaN,NaN
5718,7988.39,5645.83,NaN,NaN,NaN
5719,8551.54,5846.73,NaN,NaN,NaN
5720,8381.42,5958.23,0,0,0.0000
5721,8045.55,6185.36,0,0,0.0000
5722,8109.26,6214.43,NaN,NaN,NaN
5723,7993.28,5991.57,0,0,0.0000
5724,8159.90,6116.04,0,0,0.0000
5725,8352.80,5970.85,NaN,NaN,NaN
5726,7906.78,5584.86,NaN,NaN,NaN
5727,8090.50,5505.13,2,1,0.0000
5728,8244.42,5579.92,NaN,NaN,NaN
5729,7938.87,5927.22,3,9,3.0000
5730,8706.90,6038.69,3,6,2.0000
5731,8760.30,5859.66,NaN,NaN,NaN
5732,8633.78,6151.03,2,4,2.0000
5733,8585.81,6040.46,2,1,0.0000
5734,8584.93,5946.79,NaN,NaN,NaN
5735,8683.90,5667.32,3,5,0.0000
5736,8706.45,6216.99,2,2,0.0000
5737,8842.53,6008.84,NaN,NaN,NaN
5738,8734.01,5559.69,0,0,0.0000
5739,8635.62,6246.97,0,0,0.0000
5740,8848.31,5872.74,0,0,0.0000
5741,8784.11,5954.00,3,4,0.0000
5742,8670.17,5579.46,0,0,0.0000
5743,8850.89,6143.46,NaN,NaN,NaN
5744,8630.51,5707.30,3,5,0.0000
5745,8732.54,5716.26,NaN,NaN,NaN
5746,8918.22,5801.09,0,0,0.0000
5747,8583.41,5768.52,0,0,0.0000
5748,8628.11,5816.58,NaN,NaN,NaN
5749,9080.53,6271.44,NaN,NaN,NaN
5750,8866.56,5751.42,NaN,NaN,NaN
5751,8671.60,5906.83,NaN,NaN,NaN
5752,8893.10,5843.73,0,0,0.0000
5753,8843.38,5672.13,NaN,NaN,NaN
5754,8964.72,5947.41,NaN,NaN,NaN
5755,8760.39,6252.31,NaN,NaN,NaN
5756,8794.72,6133.32,0,0,0.0000
5757,8690.97,5837.82,3,5,0.0000
5758,8617.71,6078.36,NaN,NaN,NaN
5759,8721.89,5945.13,0,0,0.0000
5760,8802.11,6078.00,4,8,2.0000
5761,9798.19,5526.34,NaN,NaN,NaN
5762,9982.27,5934.10,NaN,NaN,NaN
5763,9506.00,5966.10,NaN,NaN,NaN
5764,10053.42,5880.70,NaN,NaN,NaN
5765,9752.99,5699.58,0,0,0.0000
5766,9609.20,6078.51,0,0,0.0000
5767,9888.26,5688.32,0,0,0.0000
5768,9589.82,5872.82,NaN,NaN,NaN
5769,9530.96,5580.64,NaN,NaN,NaN
5770,10033.34,6157.46,NaN,NaN,NaN
5771,9728.44,6150.21,NaN,NaN,NaN
5772,9609.23,5972.93,NaN,NaN,NaN
5773,9903.09,6123.39,0,0,0.0000
5774,10077.28,5672.61,0,0,0.0000
5775,10106.48,5763.90,0,0,0.0000
5776,9815.14,6066.87,2,4,2.0000
5777,9591.96,5657.97,NaN,NaN,NaN
5778,9938.62,6033.03,2,3,0.0000
5779,9974.24,5542.67,0,0,0.0000
5780,9428.06,5658.13,0,0,0.0000
5781,9515.71,5689.14,2,4,2.0000
5782,9750.89,6241.08,0,0,0.0000
5783,9688.72,5564.32,3,8,2.6667
5784,9960.85,6171.02,NaN,NaN,NaN
5785,9963.95,5632.40,0,0,0.0000
5786,9892.46,5607.24,0,0,0.0000
5787,9711.92,5874.79,0,0,0.0000
5788,9461.61,5563.49,NaN,NaN,NaN
5789,9633.79,5810.20,NaN,NaN,NaN
5790,9936.83,5783.59,NaN,NaN,NaN
5791,9791.58,5757.14,NaN,NaN,NaN
5792,9674.67,5723.84,2,3,0.0000
5793,9676.69,5642.59,0,0,0.0000
5794,9676.37,6069.94,0,0,0.0000
5795,9624.04,5587.80,0,0,0.0000
5796,9761.23,5919.22,NaN,NaN,NaN
5797,9684.14,5927.21,0,0,0.0000
5798,9853.99,5959.40,0,0,0.0000
5799,9578.90,5759.54,NaN,NaN,NaN
5800,9539.64,5818.90,NaN,NaN,NaN
5801,9831.61,6210.65,0,0,0.0000
5802,9500.74,5779.83,0,0,0.0000
5803,9845.25,5836.95,NaN,NaN,NaN
5804,9670.43,5997.41,0,0,0.0000
5805,9923.13,6212.60,NaN,NaN,NaN
5806,9745.93,6048.05,0,0,0.0000
5807,9507.73,5875.72,2,2,0.0000
5808,9688.29,6251.01,0,0,0.0000
5809,9677.94,5510.51,NaN,NaN,NaN
5810,9972.39,6259.17,0,0,0.0000
5811,10092.80,6143.63,0,0,0.0000
5812,10077.37,6232.72,NaN,NaN,NaN
5813,9445.37,5746.52,0,0,0.0000
5814,9846.87,5766.69,NaN,NaN,NaN
5815,9591.92,5531.38,NaN,NaN,NaN
5816,10062.08,6073.60,0,0,0.0000
5817,10024.44,6229.95,NaN,NaN,NaN
5818,9860.31,6045.53,0,0,0.0000
5819,9882.33,5774.23,2,3,0.0000
5820,9449.67,5706.91,0,0,0.0000
5821,10420.43,5527.66,NaN,NaN,NaN
5822,10241.63,5841.83,NaN,NaN,NaN
5823,10122.55,5942.30,0,0,0.0000
5824,10236.27,5723.73,NaN,NaN,NaN
5825,10198.39,5574.10,2,5,2.5000
5826,10229.97,5985.73,0,0,0.0000
5827,10439.07,5646.14,2,3,0.0000
5828,10522.86,5632.81,NaN,NaN,NaN
5829,10213.27,6249.58,NaN,NaN,NaN
5830,10738.66,5627.26,NaN,NaN,NaN
5831,10177.60,5678.57,0,0,0.0000
5832,10788.93,5541.71,2,3,0.0000
5833,10159.11,6185.90,NaN,NaN,NaN
5834,10539.62,5544.05,NaN,NaN,NaN
5835,10588.37,5567.62,NaN,NaN,NaN
5836,10173.64,6121.79,2,2,0.0000
5837,10326.18,5615.66,NaN,NaN,NaN
5838,10712.59,5551.42,NaN,NaN,NaN
5839,10360.98,5744.01,NaN,NaN,NaN
5840,10451.84,5707.20,0,0,0.0000
5841,10239.75,6171.66,0,0,0.0000
5842,10305.99,5937.69,0,0,0.0000
5843,10616.34,5640.14,0,0,0.0000
5844,10675.25,5644.41,2,6,3.0000
5845,10437.72,6000.65,NaN,NaN,NaN
5846,10299.73,5878.04,3,3,0.0000
5847,10496.03,5931.61,0,0,0.0000
5848,10217.91,6112.10,0,0,0.0000
5849,10249.83,6057.01,0,0,0.0000
5850,10571.51,5637.13,0,0,0.0000
5851,10794.05,6251.79,2,3,0.0000
5852,10809.33,5608.05,NaN,NaN,NaN
5853,10460.86,6026.63,0,0,0.0000
5854,10156.54,6045.96,0,0,0.0000
5855,10155.15,6052.98,0,0,0.0000
5856,10157.61,6048.90,0,0,0.0000
5857,11334.17,5532.05,2,2,0.0000
5858,11179.65,6129.29,0,0,0.0000
5859,11437.85,5600.80,NaN,NaN,NaN
5860,11515.32,6231.43,0,0,0.0000
5861,11118.82,5857.04,NaN,NaN,NaN
5862,11303.63,5953.96,2,3,0.0000
5863,11256.59,5583.85,NaN,NaN,NaN
5864,11388.56,5717.86,0,0,0.0000
5865,11095.50,5523.69,2,3,0.0000
5866,11202.39,6003.34,NaN,NaN,NaN
5867,11522.56,5964.97,0,0,0.0000
5868,11490.42,5541.55,NaN,NaN,NaN
5869,11335.40,6077.92,3,3,0.0000
5870,11466.16,5716.79,0,0,0.0000
5871,11298.26,5752.45,NaN,NaN,NaN
5872,11384.86,5816.45,2,3,0.0000
5873,11405.28,5937.07,0,0,0.0000
5874,11170.13,5920.15,NaN,NaN,NaN
5875,11011.75,6253.79,NaN,NaN,NaN
5876,11278.78,5672.52,NaN,NaN,NaN
5877,11184.80,5660.66,0,0,0.0000
5878,11532.69,6093.56,0,0,0.0000
5879,11414.31,6271.36,2,3,0.0000
5880,11089.74,5689.07,0,0,0.0000
5881,11460.51,6081.48,NaN,NaN,NaN
5882,11630.67,5815.05,NaN,NaN,NaN
5883,11557.16,5744.99,0,0,0.0000
5884,11249.89,6190.98,0,0,0.0000
5885,11197.22,5752.64,0,0,0.0000
5886,11334.82,6178.90,NaN,NaN,NaN
5887,10969.29,5509.11,NaN,NaN,NaN
5888,11103.90,6211.61,NaN,NaN,NaN
5889,11138.90,6057.32,0,0,0.0000
5890,11337.59,6260.90,NaN,NaN,NaN
5891,10936.58,6226.32,NaN,NaN,NaN
5892,11013.11,6162.33,NaN,NaN,NaN
5893,11065.66,5609.56,NaN,NaN,NaN
5894,11153.77,5577.59,0,0,0.0000
5895,11263.22,6074.45,0,0,0.0000
5896,11600.27,6049.10,0,0,0.0000
5897,11286.57,6139.24,NaN,NaN,NaN
5898,11577.69,5859.71,0,0,0.0000
5899,11383.46,6207.96,3,4,0.0000
5900,11125.55,6010.64,NaN,NaN,NaN
5901,11532.73,5640.45,0,0,0.0000
5902,10980.26,5639.18,3,9,3.0000
5903,10939.79,5551.37,0,0,0.0000
5904,11440.08,5999.47,NaN,NaN,NaN
5905,11300.32,5867.76,0,0,0.0000
5906,11325.02,5844.42,0,0,0.0000
5907,11247.13,5877.08,NaN,NaN,NaN
5908,11229.07,6269.34,2,4,2.0000
5909,11163.90,6214.10,NaN,NaN,NaN
5910,11612.19,5983.12,NaN,NaN,NaN
5911,11140.22,5709.19,NaN,NaN,NaN
5912,11642.73,6128.28,NaN,NaN,NaN
5913,10886.12,5546.97,NaN,NaN,NaN
5914,11085.93,5923.85,NaN,NaN,NaN
5915,11633.72,6169.71,0,0,0.0000
5916,11144.27,5787.85,0,0,0.0000
5917,11469.07,5809.99,NaN,NaN,NaN
5918,11757.67,6177.75,0,0,0.0000
5919,11671.04,5886.50,NaN,NaN,NaN
5920,11668.52,6231.19,0,0,0.0000
5921,11692.15,5941.24,2,1,0.0000
5922,11720.25,6080.87,0,0,0.0000
5923,11696.88,6045.70,NaN,NaN,NaN
5924,11658.96,6074.90,0,0,0.0000
5925,11734.32,6026.47,NaN,NaN,NaN
5926,16208.80,5602.65,NaN,NaN,NaN
5927,16161.48,6046.10,0,0,0.0000
5928,16294.72,5845.72,NaN,NaN,NaN
5929,16045.30,5973.39,NaN,NaN,NaN
5930,16212.50,5805.74,NaN,NaN,NaN
5931,16038.09,5858.53,NaN,NaN,NaN
5932,16238.32,5983.45,2,3,0.0000
5933,16070.75,6227.06,NaN,NaN,NaN
5934,16314.36,5700.07,3,5,0.0000
5935,15906.59,6125.21,0,0,0.0000
5936,16301.17,5913.35,7,2,0.0000
5937,16225.94,6131.30,NaN,NaN,NaN
5938,16106.87,5806.47,3,7,2.3333
5939,16007.20,6173.41,NaN,NaN,NaN
5940,16090.57,6032.36,0,0,0.0000
5941,15884.68,6229.90,NaN,NaN,NaN
5942,15959.91,6210.01,3,3,0.0000
5943,16204.56,6228.13,3,4,0.0000
5944,16126.20,5934.92,0,0,0.0000
5945,16339.28,5619.37,NaN,NaN,NaN
5946,15812.78,6235.68,2,2,0.0000
5947,16093.59,6123.21,NaN,NaN,NaN
5948,16142.32,5509.09,NaN,NaN,NaN
5949,16311.81,5972.34,0,0,0.0000
5950,16199.56,5884.50,NaN,NaN,NaN
5951,16322.57,6179.48,2,3,0.0000
5952,16305.02,6243.53,NaN,NaN,NaN
5953,15961.22,6138.76,NaN,NaN,NaN
5954,16027.55,6263.96,0,0,0.0000
5955,15887.57,6090.73,NaN,NaN,NaN
5956,16283.45,6154.16,0,0,0.0000
5957,16006.61,6229.17,NaN,NaN,NaN
5958,16166.52,5545.87,NaN,NaN,NaN
5959,16025.35,6126.62,NaN,NaN,NaN
5960,16268.02,5529.75,2,4,2.0000
5961,16350.83,5505.26,0,0,0.0000
5962,16125.99,6211.69,NaN,NaN,NaN
5963,15970.68,6050.76,0,0,0.0000
5964,16251.87,5690.20,2,3,0.0000
5965,16148.11,6228.40,2,2,0.0000
5966,16363.55,6192.72,NaN,NaN,NaN
5967,16280.14,5636.98,5,8,0.0000
5968,16118.31,5625.19,0,0,0.0000
5969,16099.56,5519.95,3,3,0.0000
5970,446.22,6444.62,NaN,NaN,NaN
5971,127.57,6418.00,3,5,0.0000
5972,712.33,6541.34,3,4,0.0000
5973,605.07,6780.60,NaN,NaN,NaN
5974,468.71,6286.49,NaN,NaN,NaN
5975,255.41,6395.90,NaN,NaN,NaN
5976,474.04,6636.43,2,4,2.0000
5977,608.90,6489.59,0,0,0.0000
5978,596.40,6613.21,0,0,0.0000
5979,595.91,6318.21,NaN,NaN,NaN
5980,789.50,6702.49,0,0,0.0000
5981,546.80,6908.32,2,3,0.0000
5982,302.87,6294.49,2,2,0.0000
5983,742.87,6926.72,NaN,NaN,NaN
5984,811.21,6814.41,NaN,NaN,NaN
5985,857.77,6430.93,NaN,NaN,NaN
5986,809.22,6635.03,4,7,0.0000
5987,532.96,6385.58,2,4,2.0000
5988,862.30,6526.17,NaN,NaN,NaN
5989,599.16,7027.76,NaN,NaN,NaN
5990,883.36,6860.28,2,4,2.0000
5991,740.72,6748.38,NaN,NaN,NaN
5992,651.77,6916.53,0,0,0.0000
5993,693.65,6659.23,NaN,NaN,NaN
5994,518.76,6800.55,2,3,0.0000
5995,730.82,6439.54,0,0,0.0000
5996,699.89,6357.55,NaN,NaN,NaN
5997,826.75,6926.84,4,5,0.0000
5998,476.71,6741.72,2,5,2.5000
5999,545.58,6660.52,0,0,0.0000
6000,291.49,6483.33,0,0,0.0000
6001,52.73,6331.25,NaN,NaN,NaN
6002,675.84,6748.50,NaN,NaN,NaN
6003,345.13,6464.59,3,3,0.0000
6004,759.44,6396.23,NaN,NaN,NaN
6005,652.93,6679.07,3,4,0.0000
6006,229.00,6273.13,0,0,0.0000
6007,667.70,6411.22,0,0,0.0000
6008,676.47,6841.46,2,2,0.0000
6009,116.44,6487.58,3,4,0.0000
6010,628.87,6383.26,0,0,0.0000
6011,736.21,6818.94,0,0,0.0000
6012,800.70,6568.35,0,0,0.0000
6013,534.01,6728.92,NaN,NaN,NaN
6014,344.34,6359.63,0,0,0.0000
6015,515.23,6331.64,0,0,0.0000
6016,767.85,6880.77,0,0,0.0000
6017,871.35,6799.19,0,0,0.0000
6018,925.89,6684.71,NaN,NaN,NaN
6019,917.83,6974.73,NaN,NaN,NaN
6020,998.25,6466.76,0,0,0.0000
6021,1176.34,6299.50,2,3,0.0000
6022,1089.51,6952.22,NaN,NaN,NaN
6023,1018.30,6653.19,NaN,NaN,NaN
6024,978.05,6842.92,0,0,0.0000
6025,1278.50,6292.46,NaN,NaN,NaN
6026,1014.21,6556.38,NaN,NaN,NaN
6027,1158.15,6929.38,NaN,NaN,NaN
6028,1403.07,7007.47,2,7,3.5000
6029,950.52,6795.91,2,4,2.0000
6030,1140.64,6869.78,NaN,NaN,NaN
6031,896.88,6478.46,3,5,0.0000
6032,1048.25,7039.30,NaN,NaN,NaN
6033,1057.90,6844.70,0,0,0.0000
6034,935.98,6505.95,3,4,0.0000
6035,954.74,6561.44,NaN,NaN,NaN
6036,1115.00,6813.55,0,0,0.0000
6037,1045.34,6796.06,0,0,0.0000
6038,1003.77,6962.54,0,0,0.0000
6039,2366.54,7032.31,4,5,0.0000
6040,1694.94,6319.42,NaN,NaN,NaN
6041,2386.79,6829.46,NaN,NaN,NaN
6042,2178.17,6901.13,NaN,NaN,NaN
6043,2274.71,6829.28,2,4,2.0000
6044,2106.00,6601.74,2,1,0.0000
6045,2285.81,6993.50,0,0,0.0000
6046,2168.48,6733.77,0,0,0.0000
6047,2146.56,6814.35,NaN,NaN,NaN
6048,2106.92,6771.22,3,5,0.0000
6049,2347.56,6900.80,NaN,NaN,NaN
6050,2220.83,6953.96,3,6,2.0000
6051,2218.62,6774.45,2,2,0.0000
6052,2177.09,6673.84,NaN,NaN,NaN
6053,2353.22,6948.47,NaN,NaN,NaN
6054,1845.33,6476.79,NaN,NaN,NaN
6055,2260.07,6909.46,NaN,NaN,NaN
6056,2201.62,6621.89,NaN,NaN,NaN
6057,2225.36,6868.75,NaN,NaN,NaN
6058,1845.35,6419.52,0,0,0.0000
6059,2415.50,6901.07,NaN,NaN,NaN
6060,2318.43,6867.14,NaN,NaN,NaN
6061,2224.10,6727.84,NaN,NaN,NaN
6062,2455.36,6946.88,2,5,2.5000
6063,3019.62,6452.41,0,0,0.0000
6064,3093.07,6464.14,NaN,NaN,NaN
6065,3144.52,6537.74,2,2,0.0000
6066,3190.16,6510.95,NaN,NaN,NaN
6067,3145.58,6349.15,NaN,NaN,NaN
6068,3061.54,6520.56,NaN,NaN,NaN
6069,3051.82,6398.07,0,0,0.0000
6070,2509.70,7021.28,0,0,0.0000
6071,2529.60,6992.47,0,0,0.0000
6072,3494.87,6702.07,2,2,0.0000
6073,3488.35,6525.93,NaN,NaN,NaN
6074,3756.16,6842.55,0,0,0.0000
6075,3395.22,6735.24,0,0,0.0000
6076,3531.42,6345.79,NaN,NaN,NaN
6077,3247.37,6398.54,2,5,2.5000
6078,3432.90,6399.51,NaN,NaN,NaN
6079,3514.13,6276.67,4,2,0.0000
6080,3372.01,6524.65,0,0,0.0000
6081,3784.71,6681.13,NaN,NaN,NaN
6082,3216.44,6469.19,2,3,0.0000
6083,3650.81,6807.86,2,3,0.0000
6084,3702.96,6641.29,2,2,0.0000
6085,3591.50,6486.68,5,6,0.0000
6086,3633.55,6713.72,0,0,0.0000
6087,3554.90,6643.20,NaN,NaN,NaN
6088,3793.18,6594.47,0,0,0.0000
6089,3921.84,6860.05,0,0,0.0000
6090,3343.96,6785.15,NaN,NaN,NaN
6091,3868.99,6900.05,0,0,0.0000
6092,3693.75,6478.17,2,2,0.0000
6093,3638.43,6642.07,NaN,NaN,NaN
6094,3847.20,6748.76,NaN,NaN,NaN
6095,3605.35,6430.50,0,0,0.0000
6096,3771.28,6738.30,0,0,0.0000
6097,3286.90,6463.53,2,6,3.0000
6098,3840.99,6844.44,NaN,NaN,NaN
6099,3580.25,6592.74,NaN,NaN,NaN
6100,3391.24,6940.18,NaN,NaN,NaN
6101,3714.00,6754.49,0,0,0.0000
6102,3708.77,6583.53,0,0,0.0000
6103,3409.15,6457.86,0,0,0.0000
6104,3693.81,6715.71,0,0,0.0000
6105,3802.71,6915.85,0,0,0.0000
6106,3363.91,6899.75,0,0,0.0000
6107,3368.69,6282.10,NaN,NaN,NaN
6108,3375.46,7019.17,2,6,3.0000
6109,3741.13,6937.69,0,0,0.0000
6110,3449.49,6619.52,NaN,NaN,NaN
6111,3644.03,6573.09,0,0,0.0000
6112,3305.59,6599.37,NaN,NaN,NaN
6113,3533.29,6416.34,0,0,0.0000
6114,3696.28,6919.72,NaN,NaN,NaN
6115,3369.43,6837.53,0,0,0.0000
6116,3342.86,6405.20,3,6,2.0000
6117,3558.79,6797.44,NaN,NaN,NaN
6118,3882.10,6715.81,0,0,0.0000
6119,3454.16,6339.67,2,2,0.0000
6120,3731.31,6536.72,0,0,0.0000
6121,4579.36,6714.39,0,0,0.0000
6122,4483.33,6514.31,3,2,0.0000
6123,4686.24,6728.36,0,0,0.0000
6124,4655.06,6546.31,NaN,NaN,NaN
6125,4461.42,6805.33,0,0,0.0000
6126,4469.94,6368.65,NaN,NaN,NaN
6127,4703.80,6924.51,NaN,NaN,NaN
6128,4618.86,6287.13,NaN,NaN,NaN
6129,4568.20,6905.46,3,6,2.0000
6130,4451.71,6653.98,NaN,NaN,NaN
6131,4303.24,6408.54,NaN,NaN,NaN
6132,4641.13,6391.67,0,0,0.0000
6133,4613.67,7035.48,NaN,NaN,NaN
6134,4535.27,6281.63,0,0,0.0000
6135,4606.89,6856.55,0,0,0.0000
6136,4354.84,6576.67,NaN,NaN,NaN
6137,4315.79,6327.45,2,9,4.5000
6138,4692.59,6827.69,NaN,NaN,NaN
6139,4499.28,6631.58,4,6,0.0000
6140,4394.22,6344.04,3,4,0.0000
6141,4536.36,6418.38,2,10,5.0000
6142,4588.79,6599.07,0,0,0.0000
6143,4573.54,6995.65,0,0,0.0000
6144,4461.96,6274.27,0,0,0.0000
6145,4392.90,6722.90,NaN,NaN,NaN
6146,4587.93,6448.90,0,0,0.0000
6147,4359.53,6494.74,NaN,NaN,NaN
6148,4380.66,6419.39,NaN,NaN,NaN
6149,4722.96,6553.14,NaN,NaN,NaN
6150,4241.80,6333.42,NaN,NaN,NaN
6151,4670.09,6978.02,NaN,NaN,NaN
6152,4398.15,6540.90,NaN,NaN,NaN
6153,4609.51,6563.63,0,0,0.0000
6154,4694.79,6464.63,0,0,0.0000
6155,4303.68,6578.76,NaN,NaN,NaN
6156,4518.20,6781.20,2,5,2.5000
6157,4802.42,6979.73,NaN,NaN,NaN
6158,4809.56,6821.73,2,1,0.0000
6159,4899.43,6462.59,3,5,0.0000
6160,4876.37,6560.98,3,3,0.0000
6161,4886.56,6835.83,4,5,0.0000
6162,4778.91,6522.18,NaN,NaN,NaN
6163,4948.88,6742.42,2,4,2.0000
6164,4760.67,6672.37,0,0,0.0000
6165,4784.54,6409.77,NaN,NaN,NaN
6166,5144.73,6862.03,NaN,NaN,NaN
6167,5050.96,6712.76,NaN,NaN,NaN
6168,5282.39,6552.95,NaN,NaN,NaN
6169,4973.67,6896.97,0,0,0.0000
6170,4963.08,6395.86,NaN,NaN,NaN
6171,4971.58,6640.19,NaN,NaN,NaN
6172,4895.54,6282.13,NaN,NaN,NaN
6173,4829.12,6360.30,2,1,0.0000
6174,4786.47,6286.46,0,0,0.0000
6175,5112.77,6933.47,NaN,NaN,NaN
6176,5043.27,6547.41,NaN,NaN,NaN
6177,5166.76,6959.76,NaN,NaN,NaN
6178,5069.44,6881.06,NaN,NaN,NaN
6179,5227.73,6986.93,0,0,0.0000
6180,5014.02,6772.35,3,3,0.0000
6181,5104.83,7031.03,0,0,0.0000
6182,5372.96,6725.79,2,1,0.0000
6183,4896.69,6751.01,2,5,2.5000
6184,5255.47,6619.28,NaN,NaN,NaN
6185,4767.35,7036.81,0,0,0.0000
6186,4900.81,6934.18,NaN,NaN,NaN
6187,4943.39,6661.26,0,0,0.0000
6188,5052.62,6960.21,0,0,0.0000
6189,4770.72,6594.36,NaN,NaN,NaN
6190,4969.99,6468.15,NaN,NaN,NaN
6191,5345.21,6762.82,0,0,0.0000
6192,5012.02,6863.02,NaN,NaN,NaN
6193,4841.03,6281.39,0,0,0.0000
6194,5110.89,6795.87,NaN,NaN,NaN
6195,5083.12,6808.40,0,0,0.0000
6196,4986.08,6955.77,NaN,NaN,NaN
6197,5940.69,6316.39,0,0,0.0000
6198,6148.84,6532.50,NaN,NaN,NaN
6199,6079.08,6501.50,0,0,0.0000
6200,5970.18,6772.73,0,0,0.0000
6201,6070.10,6684.35,0,0,0.0000
6202,5986.49,6683.13,2,4,2.0000
6203,5907.00,6639.25,NaN,NaN,NaN
6204,5877.15,6417.25,0,0,0.0000
6205,6039.86,6858.03,NaN,NaN,NaN
6206,6023.67,6805.02,0,0,0.0000
6207,5992.17,6533.05,3,8,2.6667
6208,6023.64,6735.11,NaN,NaN,NaN
6209,5838.81,6372.43,NaN,NaN,NaN
6210,6058.52,6902.98,NaN,NaN,NaN
6211,5872.72,6540.26,NaN,NaN,NaN
6212,5801.64,6364.09,NaN,NaN,NaN
6213,5961.51,6631.48,2,3,0.0000
6214,5922.17,6582.46,NaN,NaN,NaN
6215,6004.80,6612.74,0,0,0.0000
6216,6076.39,6568.45,NaN,NaN,NaN
6217,6041.43,6567.41,NaN,NaN,NaN
6218,5817.92,6322.01,NaN,NaN,NaN
6219,6630.44,6410.63,2,5,2.5000
6220,6564.95,6340.42,0,0,0.0000
6221,6691.51,6330.20,NaN,NaN,NaN
6222,6704.10,6573.47,5,3,0.0000
6223,6461.70,6336.71,NaN,NaN,NaN
6224,6570.80,6486.95,NaN,NaN,NaN
6225,6845.36,6446.50,NaN,NaN,NaN
6226,6647.04,6846.00,0,0,0.0000
6227,6811.00,6511.46,NaN,NaN,NaN
6228,6857.45,6353.92,2,3,0.0000
6229,6724.60,6811.05,NaN,NaN,NaN
6230,6570.27,6805.07,0,0,0.0000
6231,6625.76,6897.91,NaN,NaN,NaN
6232,6627.21,6771.79,NaN,NaN,NaN
6233,6602.38,6974.03,0,0,0.0000
6234,6552.11,6869.58,NaN,NaN,NaN
6235,6852.70,6274.09,2,2,0.0000
6236,6576.24,6927.90,0,0,0.0000
6237,6826.12,6590.68,NaN,NaN,NaN
6238,7137.41,6882.69,NaN,NaN,NaN
6239,7097.15,6882.13,0,0,0.0000
6240,7192.84,7019.30,2,3,0.0000
6241,7148.39,7019.97,NaN,NaN,NaN
6242,8351.67,6848.39,NaN,NaN,NaN
6243,8510.33,6350.96,NaN,NaN,NaN
6244,8454.13,6707.41,0,0,0.0000
6245,8455.72,6517.05,0,0,0.0000
6246,8245.87,6644.16,0,0,0.0000
6247,8446.53,7023.40,NaN,NaN,NaN
6248,8403.43,6972.25,NaN,NaN,NaN
6249,8489.72,6827.76,0,0,0.0000
6250,8571.74,6320.39,NaN,NaN,NaN
6251,8324.54,6578.06,NaN,NaN,NaN
6252,8142.43,6579.24,2,4,2.0000
6253,8073.88,6287.78,NaN,NaN,NaN
6254,8446.98,6386.49,2,2,0.0000
6255,8175.41,6342.84,NaN,NaN,NaN
6256,8178.24,6429.25,3,4,0.0000
6257,8408.93,6589.16,0,0,0.0000
6258,8553.23,6448.22,NaN,NaN,NaN
6259,8344.47,6758.23,NaN,NaN,NaN
6260,8552.16,6528.64,NaN,NaN,NaN
6261,8301.67,6690.35,0,0,0.0000
6262,8059.23,6417.63,NaN,NaN,NaN
6263,8331.92,6479.44,NaN,NaN,NaN
6264,8312.21,6912.64,0,0,0.0000
6265,8006.51,6423.19,2,7,3.5000
6266,8438.34,6902.95,NaN,NaN,NaN
6267,8251.80,6764.21,0,0,0.0000
6268,8180.27,6514.73,NaN,NaN,NaN
6269,8190.40,6720.83,0,0,0.0000
6270,8117.36,6467.87,2,4,2.0000
6271,7932.55,6367.03,NaN,NaN,NaN
6272,8139.83,6660.69,NaN,NaN,NaN
6273,8316.86,6994.46,NaN,NaN,NaN
6274,8239.12,6506.00,2,4,2.0000
6275,8564.04,6773.43,0,0,0.0000
6276,8252.07,6388.98,NaN,NaN,NaN
6277,8305.74,6279.33,0,0,0.0000
6278,8085.64,6364.72,2,2,0.0000
6279,8345.76,6390.44,0,0,0.0000
6280,7996.40,6298.32,NaN,NaN,NaN
6281,8498.31,6604.66,0,0,0.0000
6282,8200.22,6949.38,NaN,NaN,NaN
6283,8461.05,6299.43,0,0,0.0000
6284,8540.07,6980.01,0,0,0.0000
6285,8557.15,6628.29,3,5,0.0000
6286,8262.05,6939.70,0,0,0.0000
6287,8293.78,6405.41,NaN,NaN,NaN
6288,8255.02,7022.55,NaN,NaN,NaN
6289,7950.39,6329.41,NaN,NaN,NaN
6290,8366.06,6431.99,NaN,NaN,NaN
6291,8439.89,6803.78,0,0,0.0000
6292,8012.98,6344.17,NaN,NaN,NaN
6293,8401.55,6671.78,0,0,0.0000
6294,8425.11,6439.00,NaN,NaN,NaN
6295,8525.75,6743.37,0,0,0.0000
6296,8179.32,6664.88,0,0,0.0000
6297,8124.63,6301.69,0,0,0.0000
6298,8371.79,6311.64,0,0,0.0000
6299,8552.28,7028.16,NaN,NaN,NaN
6300,8380.68,6358.10,0,0,0.0000
6301,8321.31,6324.69,0,0,0.0000
6302,8536.21,6831.41,0,0,0.0000
6303,8285.67,6509.34,NaN,NaN,NaN
6304,8523.93,6947.71,NaN,NaN,NaN
6305,8817.99,6323.58,NaN,NaN,NaN
6306,9107.85,6372.70,3,7,2.3333
6307,8941.53,6854.59,NaN,NaN,NaN
6308,9072.19,6997.51,NaN,NaN,NaN
6309,8634.97,6749.44,2,5,2.5000
6310,8968.94,7030.80,NaN,NaN,NaN
6311,8618.53,7009.09,NaN,NaN,NaN
6312,8798.75,7000.48,0,0,0.0000
6313,8694.90,6549.46,0,0,0.0000
6314,8955.51,6480.24,NaN,NaN,NaN
6315,8700.75,6371.05,0,0,0.0000
6316,8629.08,6463.76,0,0,0.0000
6317,8865.24,6409.12,NaN,NaN,NaN
6318,9133.55,6894.99,NaN,NaN,NaN
6319,8667.64,6907.84,3,2,0.0000
6320,9087.27,6501.46,NaN,NaN,NaN
6321,8582.10,6919.11,0,0,0.0000
6322,8957.59,6774.90,NaN,NaN,NaN
6323,9048.68,6897.28,NaN,NaN,NaN
6324,8997.10,6931.68,NaN,NaN,NaN
6325,8607.04,6836.44,2,2,0.0000
6326,9115.49,6427.05,NaN,NaN,NaN
6327,8797.67,6469.26,0,0,0.0000
6328,8725.60,6763.16,0,0,0.0000
6329,8632.87,6666.52,0,0,0.0000
6330,8788.33,6534.99,NaN,NaN,NaN
6331,9043.63,6638.69,2,2,0.0000
6332,8712.68,6939.87,0,0,0.0000
6333,9019.48,6288.65,0,0,0.0000
6334,8947.41,6943.19,NaN,NaN,NaN
6335,8633.27,6539.08,0,0,0.0000
6336,9009.77,6707.63,3,4,0.0000
6337,8903.87,7026.98,0,0,0.0000
6338,8847.92,6888.43,NaN,NaN,NaN
6339,9036.93,6579.08,NaN,NaN,NaN
6340,9004.50,6521.19,2,7,3.5000
6341,8870.49,6569.59,NaN,NaN,NaN
6342,8708.04,6839.94,NaN,NaN,NaN
6343,8939.64,6406.25,0,0,0.0000
6344,9024.92,6387.09,NaN,NaN,NaN
6345,8851.10,6948.96,0,0,0.0000
6346,9092.43,6851.40,NaN,NaN,NaN
6347,8961.91,6350.46,0,0,0.0000
6348,8886.17,6955.20,0,0,0.0000
6349,8735.66,6617.90,NaN,NaN,NaN
6350,9118.71,7007.48,0,0,0.0000
6351,8777.61,6641.02,NaN,NaN,NaN
6352,9090.61,6631.07,NaN,NaN,NaN
6353,9037.58,6478.39,NaN,NaN,NaN
6354,8766.63,6395.00,0,0,0.0000
6355,8897.99,6453.66,NaN,NaN,NaN
6356,9061.40,6700.85,NaN,NaN,NaN
6357,9025.93,6966.66,0,0,0.0000
6358,8998.58,6435.10,NaN,NaN,NaN
6359,8746.56,6506.74,0,0,0.0000
6360,9094.31,6585.77,NaN,NaN,NaN
6361,8849.51,6746.03,2,4,2.0000
6362,8711.13,6661.17,0,0,0.0000
6363,8743.97,7036.86,0,0,0.0000
6364,9725.79,6972.68,NaN,NaN,NaN
6365,10035.18,6607.26,NaN,NaN,NaN
6366,9947.22,6475.03,NaN,NaN,NaN
6367,9660.94,6639.50,0,0,0.0000
6368,9912.32,6288.47,NaN,NaN,NaN
6369,9569.00,7034.83,NaN,NaN,NaN
6370,9774.88,6639.77,2,4,2.0000
6371,10065.11,6409.25,2,3,0.0000
6372,10014.87,6869.57,NaN,NaN,NaN
6373,9785.00,6764.42,NaN,NaN,NaN
6374,9677.81,6334.49,NaN,NaN,NaN
6375,9513.73,6732.59,0,0,0.0000
6376,9984.43,6349.56,0,0,0.0000
6377,9778.18,6328.63,NaN,NaN,NaN
6378,9866.72,6525.25,0,0,0.0000
6379,9647.52,6840.17,0,0,0.0000
6380,9807.31,6907.58,2,2,0.0000
6381,10041.60,6318.59,NaN,NaN,NaN
6382,9808.32,6272.46,0,0,0.0000
6383,9605.37,6601.66,NaN,NaN,NaN
6384,9826.74,6604.80,NaN,NaN,NaN
6385,9938.86,6931.54,NaN,NaN,NaN
6386,9980.04,6954.44,NaN,NaN,NaN
6387,9908.77,6674.56,0,0,0.0000
6388,9580.08,6535.05,NaN,NaN,NaN
6389,9860.86,6368.69,NaN,NaN,NaN
6390,9506.38,7014.17,NaN,NaN,NaN
6391,10039.29,6474.40,0,0,0.0000
6392,9969.13,6736.18,NaN,NaN,NaN
6393,9553.90,6819.93,NaN,NaN,NaN
6394,9974.90,6812.71,NaN,NaN,NaN
6395,9780.61,6441.05,2,3,0.0000
6396,9519.69,6587.57,3,5,0.0000
6397,10059.79,6285.72,0,0,0.0000
6398,9698.78,6552.35,2,4,2.0000
6399,9635.66,6735.44,0,0,0.0000
6400,9804.01,7009.88,0,0,0.0000
6401,9918.24,6786.37,NaN,NaN,NaN
6402,9639.06,6999.85,NaN,NaN,NaN
6403,9998.21,6699.85,NaN,NaN,NaN
6404,9800.30,6835.96,0,0,0.0000
6405,9645.60,6914.90,0,0,0.0000
6406,9461.67,6652.17,NaN,NaN,NaN
6407,10099.85,6880.82,NaN,NaN,NaN
6408,9918.13,6571.71,NaN,NaN,NaN
6409,9841.88,6431.21,0,0,0.0000
6410,10028.37,6953.12,0,0,0.0000
6411,9739.90,6399.55,NaN,NaN,NaN
6412,9968.05,6580.82,0,0,0.0000
6413,9894.41,6877.79,0,0,0.0000
6414,9880.17,6833.06,NaN,NaN,NaN
6415,9859.27,6900.14,0,0,0.0000
6416,9729.29,6837.26,0,0,0.0000
6417,9457.01,6727.45,0,0,0.0000
6418,9706.35,6718.15,NaN,NaN,NaN
6419,9623.22,6333.67,NaN,NaN,NaN
6420,9613.38,6790.75,0,0,0.0000
6421,9801.54,6537.32,0,0,0.0000
6422,9509.88,6642.87,0,0,0.0000
6423,9840.88,6781.18,0,0,0.0000
6424,9847.15,6953.83,2,7,3.5000
6425,9772.53,6865.25,NaN,NaN,NaN
6426,9725.55,6767.11,0,0,0.0000
6427,9876.50,6791.71,0,0,0.0000
6428,9726.15,6795.02,0,0,0.0000
6429,10130.19,6771.37,0,0,0.0000
6430,10671.73,6661.23,NaN,NaN,NaN
6431,10473.06,6755.36,2,6,3.0000
6432,10370.89,6674.16,0,0,0.0000
6433,10197.14,6417.11,NaN,NaN,NaN
6434,10732.49,6761.07,2,7,3.5000
6435,10806.76,6408.83,NaN,NaN,NaN
6436,10463.61,6631.52,NaN,NaN,NaN
6437,10153.22,6667.53,NaN,NaN,NaN
6438,10515.12,6551.42,2,2,0.0000
6439,10298.06,6416.05,2,1,0.0000
6440,10647.80,6523.99,NaN,NaN,NaN
6441,10455.39,6380.25,0,0,0.0000
6442,10348.83,6861.50,2,5,2.5000
6443,10247.05,6833.70,NaN,NaN,NaN
6444,10190.88,6319.96,0,0,0.0000
6445,10298.96,6725.28,3,5,0.0000
6446,10154.57,6529.67,NaN,NaN,NaN
6447,10752.32,6572.32,NaN,NaN,NaN
6448,10135.58,6956.40,NaN,NaN,NaN
6449,10710.53,6369.28,3,6,2.0000
6450,10844.72,6623.28,NaN,NaN,NaN
6451,10461.87,6461.67,NaN,NaN,NaN
6452,10620.21,6807.69,NaN,NaN,NaN
6453,10769.99,6295.96,NaN,NaN,NaN
6454,10370.10,7008.95,NaN,NaN,NaN
6455,10780.90,6838.82,NaN,NaN,NaN
6456,10469.28,7012.16,NaN,NaN,NaN
6457,10410.70,6920.95,NaN,NaN,NaN
6458,10154.99,6597.23,NaN,NaN,NaN
6459,10235.99,6630.40,2,2,0.0000
6460,10853.95,6946.99,0,0,0.0000
6461,10555.61,6783.74,NaN,NaN,NaN
6462,10877.58,6367.72,0,0,0.0000
6463,10776.49,6626.42,NaN,NaN,NaN
6464,10543.88,6976.76,3,8,2.6667
6465,10322.90,6963.80,2,2,0.0000
6466,10219.33,6935.45,NaN,NaN,NaN
6467,10273.57,6951.05,NaN,NaN,NaN
6468,10863.56,6275.75,0,0,0.0000
6469,10585.91,6638.13,NaN,NaN,NaN
6470,10871.44,6772.40,NaN,NaN,NaN
6471,10833.95,6899.27,0,0,0.0000
6472,10691.47,6951.95,0,0,0.0000
6473,10685.88,6858.16,4,7,0.0000
6474,10564.35,6688.13,0,0,0.0000
6475,10803.12,6704.69,NaN,NaN,NaN
6476,10600.95,7017.47,2,3,0.0000
6477,10227.10,6759.25,0,0,0.0000
6478,10257.71,6541.07,NaN,NaN,NaN
6479,10377.19,6500.57,0,0,0.0000
6480,10848.29,6534.82,NaN,NaN,NaN
6481,10835.26,6472.03,NaN,NaN,NaN
6482,10310.79,6303.90,NaN,NaN,NaN
6483,10373.00,6568.21,0,0,0.0000
6484,10818.65,6318.39,NaN,NaN,NaN
6485,10185.45,6479.25,0,0,0.0000
6486,10315.30,6595.44,0,0,0.0000
6487,10324.92,6545.46,0,0,0.0000
6488,10350.85,6765.61,0,0,0.0000
6489,10464.50,6937.06,0,0,0.0000
6490,10129.99,6893.94,2,5,2.5000
6491,10263.83,6505.43,NaN,NaN,NaN
6492,10605.40,6731.65,0,0,0.0000
6493,10738.03,6524.31,0,0,0.0000
6494,10799.05,6949.34,NaN,NaN,NaN
6495,10839.17,7016.33,0,0,0.0000
6496,10383.86,6413.86,NaN,NaN,NaN
6497,11136.22,6760.31,NaN,NaN,NaN
6498,10949.70,6954.37,NaN,NaN,NaN
6499,11331.41,6387.96,NaN,NaN,NaN
6500,11198.16,6581.18,NaN,NaN,NaN
6501,11035.44,6865.90,NaN,NaN,NaN
6502,11119.60,6911.57,NaN,NaN,NaN
6503,11064.57,6439.10,NaN,NaN,NaN
6504,11166.75,6333.50,NaN,NaN,NaN
6505,10914.80,6813.26,NaN,NaN,NaN
6506,11382.01,6630.10,NaN,NaN,NaN
6507,11320.02,6701.23,NaN,NaN,NaN
6508,10935.14,6348.12,NaN,NaN,NaN
6509,11073.07,6568.73,NaN,NaN,NaN
6510,11579.26,6838.09,NaN,NaN,NaN
6511,11247.21,6347.76,0,0,0.0000
6512,11567.18,6562.95,0,0,0.0000
6513,11223.15,6694.77,3,5,0.0000
6514,11421.19,6351.83,3,4,0.0000
6515,11086.55,6356.47,2,4,2.0000
6516,11492.87,6654.96,NaN,NaN,NaN
6517,11047.57,6703.45,0,0,0.0000
6518,11351.07,6974.40,NaN,NaN,NaN
6519,11382.54,6462.21,2,4,2.0000
6520,11318.44,6900.50,NaN,NaN,NaN
6521,11007.31,6357.03,NaN,NaN,NaN
6522,11631.78,6404.91,NaN,NaN,NaN
6523,11446.58,6805.73,2,3,0.0000
6524,11115.04,6656.17,NaN,NaN,NaN
6525,11044.33,6763.83,NaN,NaN,NaN
6526,11223.17,6919.30,2,2,0.0000
6527,11436.22,6717.76,0,0,0.0000
6528,11329.65,6831.08,0,0,0.0000
6529,11533.62,6428.18,NaN,NaN,NaN
6530,10970.73,6419.66,0,0,0.0000
6531,11201.48,6855.87,2,5,2.5000
6532,11562.37,6478.79,2,3,0.0000
6533,11431.21,6985.09,NaN,NaN,NaN
6534,10915.40,6599.73,2,1,0.0000
6535,11247.63,6805.64,NaN,NaN,NaN
6536,11084.65,6516.00,NaN,NaN,NaN
6537,11643.00,6786.14,2,7,3.5000
6538,11602.66,6905.27,NaN,NaN,NaN
6539,11372.51,6764.88,0,0,0.0000
6540,10982.97,6604.02,0,0,0.0000
6541,11025.45,7013.60,2,5,2.5000
6542,11305.33,6773.75,0,0,0.0000
6543,11060.53,6968.48,0,0,0.0000
6544,10969.95,6874.15,0,0,0.0000
6545,11477.55,6996.04,3,4,0.0000
6546,11153.79,6996.80,2,6,3.0000
6547,11509.24,6372.21,NaN,NaN,NaN
6548,11242.55,6635.48,NaN,NaN,NaN
6549,11573.95,6754.34,2,3,0.0000
6550,10974.19,6526.69,0,0,0.0000
6551,11400.90,6901.48,NaN,NaN,NaN
6552,11150.90,6486.51,NaN,NaN,NaN
6553,11249.03,6417.15,0,0,0.0000
6554,10980.29,6471.11,0,0,0.0000
6555,11548.56,6338.66,NaN,NaN,NaN
6556,11327.17,6600.08,2,7,3.5000
6557,10903.98,6533.97,0,0,0.0000
6558,10913.19,6278.14,NaN,NaN,NaN
6559,11511.76,6941.45,0,0,0.0000
6560,11318.95,7039.34,0,0,0.0000
6561,11551.26,6639.49,0,0,0.0000
6562,11307.36,6490.23,NaN,NaN,NaN
6563,11421.27,6858.75,0,0,0.0000
6564,11435.46,6419.24,0,0,0.0000
6565,11618.77,6498.87,0,0,0.0000
6566,11169.17,6530.83,0,0,0.0000
6567,11429.29,6566.93,2,2,0.0000
6568,10970.57,6670.21,2,3,0.0000
6569,11168.22,6405.08,NaN,NaN,NaN
6570,11488.31,6499.99,NaN,NaN,NaN
6571,10912.83,6473.53,0,0,0.0000
6572,11475.50,6575.05,0,0,0.0000
6573,11194.68,6431.73,NaN,NaN,NaN
6574,11194.87,6475.78,NaN,NaN,NaN
6575,11628.92,7014.90,3,5,0.0000
6576,11565.70,6614.58,0,0,0.0000
6577,11411.82,6495.23,NaN,NaN,NaN
6578,11459.24,6476.03,NaN,NaN,NaN
6579,11232.93,6464.85,NaN,NaN,NaN
6580,11253.20,7012.38,0,0,0.0000
6581,11436.41,6520.10,NaN,NaN,NaN
6582,11019.72,6307.42,2,5,2.5000
6583,11296.42,6310.41,0,0,0.0000
6584,11707.00,6531.17,0,0,0.0000
6585,11794.65,6587.85,0,0,0.0000
6586,11735.94,6452.79,NaN,NaN,NaN
6587,11700.56,6410.55,3,3,0.0000
6588,11745.72,6662.92,0,0,0.0000
6589,11697.38,6733.12,0,0,0.0000
6590,11776.12,6387.58,0,0,0.0000
6591,11652.01,6906.48,0,0,0.0000
6592,11734.89,6331.83,NaN,NaN,NaN
6593,11792.41,6328.63,0,0,0.0000
6594,11801.48,6473.53,0,0,0.0000
6595,11690.70,6851.63,NaN,NaN,NaN
6596,11707.99,6352.18,0,0,0.0000
6597,11780.84,6283.53,0,0,0.0000
6598,15486.47,6809.61,0,0,0.0000
6599,15485.89,6513.33,0,0,0.0000
6600,15971.03,6473.08,2,4,2.0000
6601,15948.97,6405.24,NaN,NaN,NaN
6602,15934.54,6307.59,0,0,0.0000
6603,16098.27,6836.58,0,0,0.0000
6604,16089.19,6724.06,3,7,2.3333
6605,16093.16,6649.84,3,2,0.0000
6606,16033.19,6509.46,4,6,0.0000
6607,16176.25,6524.06,0,0,0.0000
6608,16280.66,6596.04,2,5,2.5000
6609,16260.87,6367.66,NaN,NaN,NaN
6610,16197.54,6784.65,0,0,0.0000
6611,16120.12,6892.91,2,5,2.5000
6612,16166.26,6353.26,0,0,0.0000
6613,16207.39,6449.48,NaN,NaN,NaN
6614,16311.53,6780.87,NaN,NaN,NaN
6615,16258.83,6510.56,NaN,NaN,NaN
6616,16248.43,6721.90,NaN,NaN,NaN
6617,16128.46,6305.32,NaN,NaN,NaN
6618,16141.76,6587.18,2,3,0.0000
6619,16084.43,6365.23,0,0,0.0000
6620,16037.37,6798.50,NaN,NaN,NaN
6621,16256.58,6791.76,NaN,NaN,NaN
6622,15528.67,6666.88,0,0,0.0000
6623,16232.96,6301.03,NaN,NaN,NaN
6624,16221.94,6640.35,0,0,0.0000
6625,16303.49,6311.24,4,5,0.0000
6626,16113.80,6543.49,3,6,2.0000
6627,15527.79,6531.00,NaN,NaN,NaN
6628,16187.86,6953.31,NaN,NaN,NaN
6629,16010.89,6583.79,NaN,NaN,NaN
6630,16013.13,6314.96,NaN,NaN,NaN
6631,16312.22,6869.56,0,0,0.0000
6632,16275.26,6992.56,4,9,2.2500
6633,16106.75,6775.63,4,6,0.0000
6634,16286.46,6442.78,3,4,0.0000
6635,15572.69,6800.91,NaN,NaN,NaN
6636,16259.24,6839.15,3,7,2.3333
6637,15871.64,6387.42,4,6,0.0000
6638,15554.63,6625.41,0,0,0.0000
6639,16202.84,6606.53,0,0,0.0000
6640,16173.12,6711.71,0,0,0.0000
6641,15574.90,6713.35,0,0,0.0000
6642,16159.29,6936.65,0,0,0.0000
6643,16242.36,6568.81,4,2,0.0000
6644,533.91,7770.40,NaN,NaN,NaN
6645,871.31,7118.49,2,5,2.5000
6646,429.58,7639.87,0,0,0.0000
6647,498.81,7645.03,NaN,NaN,NaN
6648,776.78,7065.42,NaN,NaN,NaN
6649,290.02,7461.32,3,6,2.0000
6650,441.54,7752.77,NaN,NaN,NaN
6651,752.42,7193.92,3,1,0.0000
6652,380.13,7549.63,NaN,NaN,NaN
6653,380.25,7753.95,NaN,NaN,NaN
6654,643.71,7080.94,0,0,0.0000
6655,742.28,7140.58,0,0,0.0000
6656,348.63,7620.34,NaN,NaN,NaN
6657,319.56,7430.53,NaN,NaN,NaN
6658,323.33,7510.13,0,0,0.0000
6659,405.77,7789.73,NaN,NaN,NaN
6660,377.49,7616.47,NaN,NaN,NaN
6661,398.08,7488.34,NaN,NaN,NaN
6662,536.15,7702.42,2,2,0.0000
6663,384.73,7702.43,NaN,NaN,NaN
6664,981.60,7074.19,2,4,2.0000
6665,1659.50,7365.64,NaN,NaN,NaN
6666,1308.87,7736.29,NaN,NaN,NaN
6667,1605.75,7787.12,2,5,2.5000
6668,1642.23,7732.17,0,0,0.0000
6669,1453.61,7055.40,NaN,NaN,NaN
6670,933.19,7141.62,0,0,0.0000
6671,1777.68,7742.70,NaN,NaN,NaN
6672,2239.15,7251.80,NaN,NaN,NaN
6673,2345.93,7337.32,NaN,NaN,NaN
6674,2209.21,7372.73,2,3,0.0000
6675,1677.71,7804.75,2,4,2.0000
6676,2347.26,7466.31,NaN,NaN,NaN
6677,2393.24,7254.22,NaN,NaN,NaN
6678,1744.75,7617.53,2,3,0.0000
6679,2342.30,7154.08,NaN,NaN,NaN
6680,2426.77,7652.82,0,0,0.0000
6681,2302.93,7271.83,NaN,NaN,NaN
6682,2369.37,7586.96,0,0,0.0000
6683,2261.98,7499.89,NaN,NaN,NaN
6684,2306.96,7413.21,NaN,NaN,NaN
6685,2412.62,7530.63,0,0,0.0000
6686,2331.40,7210.90,NaN,NaN,NaN
6687,1891.14,7768.24,NaN,NaN,NaN
6688,1810.59,7580.10,NaN,NaN,NaN
6689,1809.38,7633.87,0,0,0.0000
6690,2249.09,7442.38,0,0,0.0000
6691,2330.27,7105.85,NaN,NaN,NaN
6692,1688.84,7416.04,NaN,NaN,NaN
6693,2412.53,7478.11,NaN,NaN,NaN
6694,1846.40,7806.10,2,5,2.5000
6695,3076.35,7484.40,NaN,NaN,NaN
6696,2461.17,7077.34,3,5,0.0000
6697,3055.67,7704.15,NaN,NaN,NaN
6698,2462.57,7561.18,NaN,NaN,NaN
6699,2480.08,7271.58,2,5,2.5000
6700,2938.83,7400.13,NaN,NaN,NaN
6701,3070.61,7589.81,NaN,NaN,NaN
6702,2599.75,7635.78,NaN,NaN,NaN
6703,2829.53,7357.98,NaN,NaN,NaN
6704,2570.42,7479.27,2,6,3.0000
6705,3003.71,7792.20,NaN,NaN,NaN
6706,2945.47,7540.15,2,2,0.0000
6707,3107.23,7644.89,NaN,NaN,NaN
6708,2521.11,7203.36,NaN,NaN,NaN
6709,2637.93,7310.81,NaN,NaN,NaN
6710,2777.29,7725.39,NaN,NaN,NaN
6711,2433.18,7377.65,0,0,0.0000
6712,2730.18,7448.71,NaN,NaN,NaN
6713,2913.94,7606.89,NaN,NaN,NaN
6714,2840.76,7531.73,NaN,NaN,NaN
6715,2606.91,7248.14,NaN,NaN,NaN
6716,2601.13,7180.61,NaN,NaN,NaN
6717,3112.94,7798.01,NaN,NaN,NaN
6718,2682.52,7519.67,0,0,0.0000
6719,2478.70,7463.56,NaN,NaN,NaN
6720,3052.05,7769.96,5,4,0.0000
6721,2789.38,7544.76,NaN,NaN,NaN
6722,2783.83,7383.13,0,0,0.0000
6723,2685.69,7595.61,2,4,2.0000
6724,2475.27,7640.43,0,0,0.0000
6725,2897.03,7712.98,3,5,0.0000
6726,3175.27,7558.24,2,1,0.0000
6727,3006.60,7413.66,0,0,0.0000
6728,2630.74,7420.42,2,1,0.0000
6729,2895.66,7327.83,NaN,NaN,NaN
6730,2555.12,7115.97,3,4,0.0000
6731,2531.66,7634.80,NaN,NaN,NaN
6732,2878.05,7463.70,0,0,0.0000
6733,2688.91,7219.06,3,4,0.0000
6734,2573.78,7048.34,0,0,0.0000
6735,2881.78,7657.04,2,5,2.5000
6736,2673.50,7156.21,0,0,0.0000
6737,2789.72,7455.68,0,0,0.0000
6738,2665.83,7377.16,4,2,0.0000
6739,2720.74,7660.89,0,0,0.0000
6740,2524.97,7551.91,NaN,NaN,NaN
6741,3817.08,7631.31,2,5,2.5000
6742,3651.64,7492.68,NaN,NaN,NaN
6743,3755.11,7676.73,3,5,0.0000
6744,3885.22,7713.36,0,0,0.0000
6745,3737.41,7561.79,3,4,0.0000
6746,3860.78,7565.10,2,1,0.0000
6747,3951.12,7491.47,0,0,0.0000
6748,3704.33,7673.81,NaN,NaN,NaN
6749,3953.33,7571.90,NaN,NaN,NaN
6750,3929.17,7621.27,NaN,NaN,NaN
6751,3424.12,7061.02,NaN,NaN,NaN
6752,3452.05,7111.63,NaN,NaN,NaN
6753,3873.02,7474.80,0,0,0.0000
6754,3449.10,7171.54,NaN,NaN,NaN
6755,3570.90,7460.17,2,6,3.0000
6756,3978.24,7725.32,2,1,0.0000
6757,4033.80,7660.87,2,3,0.0000
6758,4023.95,7574.72,2,2,0.0000
6759,4014.41,7526.72,NaN,NaN,NaN
6760,4653.55,7122.62,NaN,NaN,NaN
6761,4685.74,7042.91,2,3,0.0000
6762,4658.86,7083.62,NaN,NaN,NaN
6763,4990.81,7571.95,NaN,NaN,NaN
6764,4844.23,7286.96,NaN,NaN,NaN
6765,5300.01,7799.62,2,3,0.0000
6766,5019.29,7050.93,NaN,NaN,NaN
6767,5092.74,7803.09,NaN,NaN,NaN
6768,5079.34,7440.84,NaN,NaN,NaN
6769,5198.15,7644.46,NaN,NaN,NaN
6770,4936.48,7678.73,NaN,NaN,NaN
6771,4982.45,7794.36,3,9,3.0000
6772,5372.29,7425.91,NaN,NaN,NaN
6773,5174.54,7118.41,NaN,NaN,NaN
6774,5026.41,7722.59,0,0,0.0000
6775,5219.76,7396.30,NaN,NaN,NaN
6776,5298.16,7574.21,2,6,3.0000
6777,4980.03,7433.46,NaN,NaN,NaN
6778,4936.82,7048.55,2,4,2.0000
6779,4993.37,7341.22,NaN,NaN,NaN
6780,4882.13,7611.72,NaN,NaN,NaN
6781,4741.75,7106.56,2,5,2.5000
6782,4870.98,7242.48,NaN,NaN,NaN
6783,5347.19,7476.81,4,5,0.0000
6784,5108.88,7530.74,4,8,2.0000
6785,5374.76,7722.52,0,0,0.0000
6786,5130.74,7650.66,NaN,NaN,NaN
6787,5122.55,7334.94,NaN,NaN,NaN
6788,4897.83,7430.19,NaN,NaN,NaN
6789,4965.10,7131.93,NaN,NaN,NaN
6790,5204.38,7053.71,2,2,0.0000
6791,4814.48,7353.42,NaN,NaN,NaN
6792,5201.06,7470.23,0,0,0.0000
6793,5361.12,7792.15,NaN,NaN,NaN
6794,5027.55,7166.89,3,6,2.0000
6795,5402.02,7692.78,0,0,0.0000
6796,4940.62,7289.30,0,0,0.0000
6797,5309.93,7699.32,0,0,0.0000
6798,4918.04,7185.61,NaN,NaN,NaN
6799,5218.08,7305.84,NaN,NaN,NaN
6800,5321.22,7518.97,NaN,NaN,NaN
6801,5054.42,7584.23,NaN,NaN,NaN
6802,5160.26,7232.88,0,0,0.0000
6803,5098.03,7202.24,NaN,NaN,NaN
6804,4844.46,7441.25,0,0,0.0000
6805,5166.51,7724.00,2,3,0.0000
6806,5121.17,7149.32,NaN,NaN,NaN
6807,4847.07,7142.55,NaN,NaN,NaN
6808,4857.59,7519.93,NaN,NaN,NaN
6809,5033.32,7373.50,0,0,0.0000
6810,5184.89,7518.69,0,0,0.0000
6811,5287.89,7338.96,NaN,NaN,NaN
6812,4909.57,7565.75,0,0,0.0000
6813,5271.05,7167.13,NaN,NaN,NaN
6814,5430.08,7649.54,NaN,NaN,NaN
6815,5213.84,7754.40,NaN,NaN,NaN
6816,5206.87,7222.94,NaN,NaN,NaN
6817,5249.93,7204.69,NaN,NaN,NaN
6818,4975.21,7242.93,0,0,0.0000
6819,4901.39,7523.91,0,0,0.0000
6820,5272.87,7109.85,0,0,0.0000
6821,5050.93,7229.99,0,0,0.0000
6822,5295.14,7171.01,0,0,0.0000
6823,5474.90,7679.80,2,2,0.0000
6824,5245.08,7261.73,NaN,NaN,NaN
6825,4857.72,7354.65,0,0,0.0000
6826,6636.84,7105.68,3,6,2.0000
6827,6586.15,7192.31,NaN,NaN,NaN
6828,6887.82,7686.22,NaN,NaN,NaN
6829,6891.07,7583.04,0,0,0.0000
6830,6855.43,7733.93,NaN,NaN,NaN
6831,6847.38,7620.71,0,0,0.0000
6832,6807.23,7686.01,NaN,NaN,NaN
6833,6929.34,7633.92,0,0,0.0000
6834,6547.87,7124.07,0,0,0.0000
6835,6560.36,7072.64,2,2,0.0000
6836,6881.21,7637.51,0,0,0.0000
6837,6837.33,7410.96,0,0,0.0000
6838,6734.64,7780.71,NaN,NaN,NaN
6839,7032.14,7622.15,0,0,0.0000
6840,7038.14,7787.25,NaN,NaN,NaN
6841,6927.40,7758.41,0,0,0.0000
6842,6780.56,7790.93,NaN,NaN,NaN
6843,6782.11,7619.02,0,0,0.0000
6844,6817.00,7806.57,NaN,NaN,NaN
6845,6765.80,7701.35,2,3,0.0000
6846,7008.03,7710.21,NaN,NaN,NaN
6847,6949.59,7721.49,0,0,0.0000
6848,6754.59,7753.53,NaN,NaN,NaN
6849,7018.14,7349.36,0,0,0.0000
6850,6801.79,7760.79,NaN,NaN,NaN
6851,7113.47,7770.98,2,4,2.0000
6852,7393.28,7337.42,0,0,0.0000
6853,7286.90,7373.36,0,0,0.0000
6854,7073.89,7688.12,3,3,0.0000
6855,7446.74,7266.97,3,2,0.0000
6856,7477.26,7428.30,3,7,2.3333
6857,7549.94,7300.50,0,0,0.0000
6858,7187.25,7066.79,2,4,2.0000
6859,7426.59,7450.94,0,0,0.0000
6860,7552.57,7378.67,NaN,NaN,NaN
6861,7084.89,7264.24,0,0,0.0000
6862,7101.63,7150.82,NaN,NaN,NaN
6863,7455.33,7312.75,0,0,0.0000
6864,7087.93,7209.07,NaN,NaN,NaN
6865,7424.60,7505.52,NaN,NaN,NaN
6866,7112.12,7290.04,0,0,0.0000
6867,7042.95,7743.86,NaN,NaN,NaN
6868,7059.79,7185.62,NaN,NaN,NaN
6869,7134.80,7187.90,2,3,0.0000
6870,7172.98,7178.95,2,2,0.0000
6871,7125.99,7690.91,0,0,0.0000
6872,8209.05,7485.90,NaN,NaN,NaN
6873,8374.90,7404.67,3,7,2.3333
6874,8412.85,7761.83,NaN,NaN,NaN
6875,8274.95,7710.05,NaN,NaN,NaN
6876,8223.90,7359.31,NaN,NaN,NaN
6877,8363.31,7613.12,NaN,NaN,NaN
6878,8233.48,7639.62,NaN,NaN,NaN
6879,8082.11,7423.18,NaN,NaN,NaN
6880,8566.91,7212.21,0,0,0.0000
6881,8243.03,7238.75,NaN,NaN,NaN
6882,8443.78,7127.85,0,0,0.0000
6883,8343.19,7221.12,NaN,NaN,NaN
6884,8446.60,7401.48,NaN,NaN,NaN
6885,8304.15,7573.26,NaN,NaN,NaN
6886,8500.12,7071.51,NaN,NaN,NaN
6887,8285.68,7495.82,NaN,NaN,NaN
6888,8540.31,7480.69,NaN,NaN,NaN
6889,8428.20,7681.01,NaN,NaN,NaN
6890,8256.15,7159.22,NaN,NaN,NaN
6891,8556.64,7320.49,NaN,NaN,NaN
6892,8496.78,7537.67,0,0,0.0000
6893,8083.59,7536.61,0,0,0.0000
6894,8025.93,7378.21,0,0,0.0000
6895,8350.89,7065.15,NaN,NaN,NaN
6896,8320.39,7803.79,0,0,0.0000
6897,8320.37,7128.96,NaN,NaN,NaN
6898,8452.64,7315.96,NaN,NaN,NaN
6899,8188.32,7274.37,0,0,0.0000
6900,8018.24,7294.21,NaN,NaN,NaN
6901,8453.29,7181.35,0,0,0.0000
6902,8177.81,7185.65,0,0,0.0000
6903,8453.45,7255.82,NaN,NaN,NaN
6904,8412.33,7528.10,NaN,NaN,NaN
6905,8466.03,7598.52,NaN,NaN,NaN
6906,8021.08,7477.28,NaN,NaN,NaN
6907,8134.35,7336.55,2,2,0.0000
6908,8540.15,7405.91,NaN,NaN,NaN
6909,7939.19,7207.50,0,0,0.0000
6910,8144.04,7495.97,2,8,4.0000
6911,8070.53,7322.71,0,0,0.0000
6912,8301.69,7404.98,0,0,0.0000
6913,8364.78,7684.00,0,0,0.0000
6914,8547.59,7581.25,NaN,NaN,NaN
6915,8485.76,7642.52,NaN,NaN,NaN
6916,8523.70,7271.63,NaN,NaN,NaN
6917,8547.55,7155.83,0,0,0.0000
6918,7914.36,7352.41,NaN,NaN,NaN
6919,8016.63,7541.20,0,0,0.0000
6920,8413.19,7469.53,NaN,NaN,NaN
6921,8514.14,7357.46,2,8,4.0000
6922,8557.99,7106.09,NaN,NaN,NaN
6923,8015.61,7196.05,NaN,NaN,NaN
6924,8289.03,7305.90,2,8,4.0000
6925,9087.20,7454.80,NaN,NaN,NaN
6926,8655.16,7777.37,NaN,NaN,NaN
6927,9315.19,7626.14,2,2,0.0000
6928,8845.08,7656.88,NaN,NaN,NaN
6929,8580.06,7647.90,2,2,0.0000
6930,8681.90,7088.71,2,8,4.0000
6931,8751.56,7494.88,0,0,0.0000
6932,9078.86,7754.30,NaN,NaN,NaN
6933,8944.48,7152.19,3,7,2.3333
6934,8863.54,7402.50,NaN,NaN,NaN
6935,8858.68,7270.56,0,0,0.0000
6936,8816.87,7759.70,NaN,NaN,NaN
6937,9149.51,7705.39,0,0,0.0000
6938,8952.95,7620.61,NaN,NaN,NaN
6939,9163.08,7624.25,2,4,2.0000
6940,9152.61,7125.90,NaN,NaN,NaN
6941,9265.11,7049.00,4,8,2.0000
6942,9211.67,7509.85,2,2,0.0000
6943,9193.85,7042.63,NaN,NaN,NaN
6944,9097.34,7307.93,0,0,0.0000
6945,9013.22,7084.85,NaN,NaN,NaN
6946,8833.67,7558.08,NaN,NaN,NaN
6947,8971.31,7272.05,NaN,NaN,NaN
6948,8928.62,7519.49,NaN,NaN,NaN
6949,8650.58,7541.37,NaN,NaN,NaN
6950,9256.99,7185.62,0,0,0.0000
6951,9135.79,7555.51,4,9,2.2500
6952,8863.82,7487.29,0,0,0.0000
6953,8675.35,7317.55,NaN,NaN,NaN
6954,9021.76,7648.06,NaN,NaN,NaN
6955,8851.58,7103.82,NaN,NaN,NaN
6956,8656.95,7679.11,NaN,NaN,NaN
6957,8733.36,7640.41,NaN,NaN,NaN
6958,8615.83,7161.88,NaN,NaN,NaN
6959,9310.93,7348.05,5,8,0.0000
6960,9030.75,7295.38,NaN,NaN,NaN
6961,8927.63,7384.22,NaN,NaN,NaN
6962,8916.79,7304.16,2,2,0.0000
6963,9304.16,7108.56,NaN,NaN,NaN
6964,8961.78,7705.60,2,6,3.0000
6965,8852.78,7166.23,3,6,2.0000
6966,8711.09,7426.27,NaN,NaN,NaN
6967,9265.01,7249.23,NaN,NaN,NaN
6968,9273.95,7408.33,0,0,0.0000
6969,8737.54,7236.71,0,0,0.0000
6970,8676.38,7217.44,NaN,NaN,NaN
6971,8592.61,7416.44,NaN,NaN,NaN
6972,8697.98,7161.99,2,4,2.0000
6973,9237.82,7779.22,2,3,0.0000
6974,8838.55,7212.75,NaN,NaN,NaN
6975,9294.94,7732.43,NaN,NaN,NaN
6976,9201.87,7277.72,NaN,NaN,NaN
6977,8613.91,7331.62,NaN,NaN,NaN
6978,8768.69,7188.31,NaN,NaN,NaN
6979,9314.18,7801.61,NaN,NaN,NaN
6980,9221.07,7612.22,NaN,NaN,NaN
6981,8908.20,7778.97,NaN,NaN,NaN
6982,9089.91,7175.98,0,0,0.0000
6983,9025.05,7146.36,NaN,NaN,NaN
6984,9028.58,7360.12,NaN,NaN,NaN
6985,8756.69,7303.70,0,0,0.0000
6986,8968.79,7434.92,0,0,0.0000
6987,8636.77,7388.15,0,0,0.0000
6988,8618.97,7483.94,2,3,0.0000
6989,9295.90,7505.73,3,3,0.0000
6990,9211.32,7371.56,0,0,0.0000
6991,9256.46,7337.83,0,0,0.0000
6992,9065.71,7593.65,2,5,2.5000
6993,8799.19,7069.34,4,5,0.0000
6994,8745.15,7357.74,NaN,NaN,NaN
6995,9178.64,7317.37,0,0,0.0000
6996,9311.19,7559.23,NaN,NaN,NaN
6997,9027.47,7232.01,0,0,0.0000
6998,8968.37,7338.03,2,8,4.0000
6999,9264.55,7807.97,NaN,NaN,NaN
7000,9008.28,7733.19,NaN,NaN,NaN
7001,8955.18,7804.62,NaN,NaN,NaN
7002,9172.47,7185.89,0,0,0.0000
7003,9012.56,7585.70,NaN,NaN,NaN
7004,9052.16,7184.85,2,3,0.0000
7005,8798.79,7141.84,0,0,0.0000
7006,8607.85,7286.12,NaN,NaN,NaN
7007,8945.17,7234.50,NaN,NaN,NaN
7008,8800.16,7427.69,0,0,0.0000
7009,8603.71,7456.05,NaN,NaN,NaN
7010,8795.44,7246.41,NaN,NaN,NaN
7011,9730.44,7139.53,0,0,0.0000
7012,9384.39,7190.14,NaN,NaN,NaN
7013,9909.10,7041.37,2,1,0.0000
7014,9851.04,7063.17,NaN,NaN,NaN
7015,9530.39,7173.63,2,4,2.0000
7016,9375.17,7400.06,2,4,2.0000
7017,9377.38,7768.03,2,3,0.0000
7018,9478.36,7237.62,NaN,NaN,NaN
7019,9879.98,7146.91,NaN,NaN,NaN
7020,9354.34,7295.49,NaN,NaN,NaN
7021,9424.42,7701.62,NaN,NaN,NaN
7022,9451.12,7768.22,0,0,0.0000
7023,10014.00,7068.93,NaN,NaN,NaN
7024,9376.37,7112.02,NaN,NaN,NaN
7025,9486.35,7693.40,NaN,NaN,NaN
7026,9362.18,7494.13,NaN,NaN,NaN
7027,9642.69,7182.70,0,0,0.0000
7028,9827.64,7124.39,NaN,NaN,NaN
7029,9799.95,7218.48,NaN,NaN,NaN
7030,9664.66,7554.86,0,0,0.0000
7031,9604.42,7100.49,NaN,NaN,NaN
7032,10792.98,7065.63,NaN,NaN,NaN
7033,10388.76,7081.46,NaN,NaN,NaN
7034,10223.78,7057.15,NaN,NaN,NaN
7035,10320.03,7067.27,0,0,0.0000
7036,10523.73,7042.87,2,2,0.0000
7037,10122.93,7097.25,2,4,2.0000
7038,10256.00,7089.97,NaN,NaN,NaN
7039,10994.34,7209.56,0,0,0.0000
7040,10974.10,7079.32,NaN,NaN,NaN
7041,11190.73,7184.41,3,3,0.0000
7042,11057.33,7082.45,NaN,NaN,NaN
7043,10880.06,7106.38,6,11,0.0000
7044,11528.94,7043.17,0,0,0.0000
7045,11117.12,7085.23,NaN,NaN,NaN
7046,11311.81,7114.48,3,7,2.3333
7047,10959.15,7153.50,NaN,NaN,NaN
7048,11373.66,7087.53,0,0,0.0000
7049,11083.74,7150.20,NaN,NaN,NaN
7050,11437.65,7258.80,0,0,0.0000
7051,11082.44,7206.57,0,0,0.0000
7052,11396.12,7151.41,0,0,0.0000
7053,11585.54,7127.91,NaN,NaN,NaN
7054,10941.20,7291.88,3,2,0.0000
7055,11397.95,7040.44,0,0,0.0000
7056,11433.52,7061.65,0,0,0.0000
7057,15971.46,7794.26,0,0,0.0000
7058,16334.26,7121.68,2,5,2.5000
7059,16249.00,7782.92,NaN,NaN,NaN
7060,151.26,8193.29,NaN,NaN,NaN
7061,135.29,8483.73,2,2,0.0000
7062,483.14,8031.61,NaN,NaN,NaN
7063,435.61,8320.98,0,0,0.0000
7064,512.83,7872.07,NaN,NaN,NaN
7065,427.67,7853.32,5,3,0.0000
7066,572.33,7992.65,0,0,0.0000
7067,545.03,8199.01,2,3,0.0000
7068,344.89,7900.37,NaN,NaN,NaN
7069,326.82,8140.36,NaN,NaN,NaN
7070,436.64,8155.63,3,7,2.3333
7071,554.04,8513.95,NaN,NaN,NaN
7072,584.68,8334.20,NaN,NaN,NaN
7073,155.50,8355.72,NaN,NaN,NaN
7074,332.62,8018.38,NaN,NaN,NaN
7075,598.43,7881.93,NaN,NaN,NaN
7076,516.48,8291.38,NaN,NaN,NaN
7077,165.82,8274.48,4,5,0.0000
7078,428.08,8436.48,3,3,0.0000
7079,415.05,8098.13,3,3,0.0000
7080,412.56,8000.93,NaN,NaN,NaN
7081,268.31,8091.64,NaN,NaN,NaN
7082,875.80,8037.96,0,0,0.0000
7083,455.80,8494.49,NaN,NaN,NaN
7084,46.82,8215.59,NaN,NaN,NaN
7085,888.43,8088.18,NaN,NaN,NaN
7086,513.66,8477.64,4,1,0.0000
7087,154.80,8090.62,2,4,2.0000
7088,555.15,8388.72,0,0,0.0000
7089,509.42,8410.88,NaN,NaN,NaN
7090,456.59,8210.14,0,0,0.0000
7091,225.68,8044.19,NaN,NaN,NaN
7092,47.63,8318.58,NaN,NaN,NaN
7093,395.75,8515.47,NaN,NaN,NaN
7094,436.92,7926.92,4,6,0.0000
7095,274.10,7995.71,NaN,NaN,NaN
7096,625.65,7933.35,NaN,NaN,NaN
7097,619.61,8293.21,NaN,NaN,NaN
7098,378.89,8035.77,0,0,0.0000
7099,281.11,8032.52,NaN,NaN,NaN
7100,352.26,8079.25,0,0,0.0000
7101,1651.68,7960.23,NaN,NaN,NaN
7102,1530.21,8260.94,4,8,2.0000
7103,1617.60,8072.62,4,6,0.0000
7104,1632.66,8545.58,2,5,2.5000
7105,1599.50,8443.31,0,0,0.0000
7106,989.42,8187.73,NaN,NaN,NaN
7107,1568.91,8148.90,0,0,0.0000
7108,1517.46,8489.58,NaN,NaN,NaN
7109,1529.77,8088.55,2,4,2.0000
7110,983.78,8104.27,NaN,NaN,NaN
7111,1602.89,8317.21,NaN,NaN,NaN
7112,1642.92,8263.06,NaN,NaN,NaN
7113,1597.60,7855.62,NaN,NaN,NaN
7114,1534.34,8016.40,NaN,NaN,NaN
7115,1569.89,7938.87,NaN,NaN,NaN
7116,1510.24,8166.42,NaN,NaN,NaN
7117,929.27,8135.72,NaN,NaN,NaN
7118,1573.18,8359.39,2,2,0.0000
7119,1615.44,8178.72,2,1,0.0000
7120,1541.78,8403.76,0,0,0.0000
7121,1593.61,8213.54,2,4,2.0000
7122,1576.39,8009.86,NaN,NaN,NaN
7123,1536.67,8314.70,NaN,NaN,NaN
7124,1610.86,7995.87,NaN,NaN,NaN
7125,1574.73,7819.49,0,0,0.0000
7126,1573.71,8547.54,0,0,0.0000
7127,1476.55,8305.29,0,0,0.0000
7128,1499.00,8214.78,NaN,NaN,NaN
7129,1943.62,7897.18,NaN,NaN,NaN
7130,1898.17,8084.84,NaN,NaN,NaN
7131,1714.86,7985.22,NaN,NaN,NaN
7132,1851.56,8140.30,4,3,0.0000
7133,1673.38,8170.09,NaN,NaN,NaN
7134,1912.64,7981.10,NaN,NaN,NaN
7135,1722.16,8086.23,NaN,NaN,NaN
7136,1980.25,8310.88,NaN,NaN,NaN
7137,2128.58,8481.80,2,3,0.0000
7138,1835.57,7969.42,NaN,NaN,NaN
7139,1999.79,7989.25,0,0,0.0000
7140,1914.95,7815.99,2,3,0.0000
7141,1822.23,7890.99,NaN,NaN,NaN
7142,2255.37,8427.28,0,0,0.0000
7143,1956.17,8045.77,NaN,NaN,NaN
7144,1760.24,7942.44,3,4,0.0000
7145,2030.52,8339.54,NaN,NaN,NaN
7146,1802.70,8032.14,2,4,2.0000
7147,1874.36,7869.92,3,3,0.0000
7148,1968.50,8371.54,NaN,NaN,NaN
7149,1935.08,8333.85,0,0,0.0000
7150,1796.44,7842.61,0,0,0.0000
7151,1670.01,8531.82,NaN,NaN,NaN
7152,1673.06,7881.93,0,0,0.0000
7153,2203.30,8484.79,NaN,NaN,NaN
7154,1755.27,7872.49,0,0,0.0000
7155,2024.72,7941.71,NaN,NaN,NaN
7156,2057.61,8466.19,0,0,0.0000
7157,2015.50,8271.18,NaN,NaN,NaN
7158,1844.53,8017.47,0,0,0.0000
7159,3061.22,7994.15,0,0,0.0000
7160,3173.10,8242.20,NaN,NaN,NaN
7161,2565.91,8454.06,NaN,NaN,NaN
7162,2703.31,8533.31,2,5,2.5000
7163,2632.92,8508.91,0,0,0.0000
7164,3143.51,8365.28,NaN,NaN,NaN
7165,3127.57,8489.51,0,0,0.0000
7166,3097.94,7875.50,NaN,NaN,NaN
7167,3194.94,8037.56,NaN,NaN,NaN
7168,3111.90,8142.05,2,3,0.0000
7169,3138.38,8052.29,3,1,0.0000
7170,3139.84,7955.50,3,3,0.0000
7171,3151.06,8575.52,0,0,0.0000
7172,3168.63,8127.11,3,3,0.0000
7173,3063.11,7824.28,NaN,NaN,NaN
7174,3839.02,8019.04,NaN,NaN,NaN
7175,3945.43,7819.86,0,0,0.0000
7176,3320.67,8030.22,NaN,NaN,NaN
7177,3914.55,7931.96,3,7,2.3333
7178,3954.22,8453.18,NaN,NaN,NaN
7179,3892.25,8278.37,0,0,0.0000
7180,3239.34,8245.37,NaN,NaN,NaN
7181,3922.88,8005.78,0,0,0.0000
7182,3920.93,8077.61,NaN,NaN,NaN
7183,3231.43,8092.52,NaN,NaN,NaN
7184,3853.49,8546.37,0,0,0.0000
7185,3782.21,7933.70,3,2,0.0000
7186,3335.21,8307.89,0,0,0.0000
7187,3894.05,8348.98,0,0,0.0000
7188,3882.27,8163.12,NaN,NaN,NaN
7189,3836.91,7901.74,3,4,0.0000
7190,3295.12,8269.78,0,0,0.0000
7191,3899.53,7870.34,0,0,0.0000
7192,3221.30,8165.59,NaN,NaN,NaN
7193,3783.79,7858.84,NaN,NaN,NaN
7194,3872.95,8109.93,0,0,0.0000
7195,3708.32,8528.68,0,0,0.0000
7196,3678.01,8546.80,0,0,0.0000
7197,3904.00,8492.91,2,3,0.0000
7198,4016.82,8552.24,0,0,0.0000
7199,4258.89,8477.70,0,0,0.0000
7200,4020.64,8022.84,NaN,NaN,NaN
7201,4131.81,8541.55,0,0,0.0000
7202,4176.02,7944.02,2,3,0.0000
7203,4083.36,8317.21,0,0,0.0000
7204,4167.99,8307.96,2,3,0.0000
7205,4080.17,8005.59,0,0,0.0000
7206,4307.56,8290.08,NaN,NaN,NaN
7207,4247.61,8324.12,NaN,NaN,NaN
7208,4016.05,8441.89,NaN,NaN,NaN
7209,3989.02,8349.88,NaN,NaN,NaN
7210,4145.68,8390.01,NaN,NaN,NaN
7211,4207.44,8255.12,2,6,3.0000
7212,4076.00,8459.00,0,0,0.0000
7213,4082.26,7940.30,NaN,NaN,NaN
7214,4042.09,7825.65,0,0,0.0000
7215,4388.76,8555.71,2,4,2.0000
7216,4162.14,8466.47,0,0,0.0000
7217,4392.33,8467.45,NaN,NaN,NaN
7218,4221.24,8209.03,0,0,0.0000
7219,4037.67,8232.64,NaN,NaN,NaN
7220,4138.57,8204.45,0,0,0.0000
7221,4282.74,8236.88,2,4,2.0000
7222,4385.68,8415.13,NaN,NaN,NaN
7223,4123.35,7814.85,0,0,0.0000
7224,3983.81,7903.75,0,0,0.0000
7225,4104.81,8246.52,2,2,0.0000
7226,4345.26,8509.52,NaN,NaN,NaN
7227,4153.26,7852.18,0,0,0.0000
7228,4144.34,8026.39,NaN,NaN,NaN
7229,4210.61,7941.72,NaN,NaN,NaN
7230,4336.02,8413.33,3,3,0.0000
7231,4350.70,8356.41,NaN,NaN,NaN
7232,4070.21,8396.21,NaN,NaN,NaN
7233,4039.88,8373.10,2,4,2.0000
7234,5292.37,8240.21,NaN,NaN,NaN
7235,5476.21,8014.56,2,3,0.0000
7236,5066.63,7938.94,NaN,NaN,NaN
7237,5175.47,7849.27,NaN,NaN,NaN
7238,5215.76,8547.94,NaN,NaN,NaN
7239,5372.28,8065.26,NaN,NaN,NaN
7240,5054.47,8141.04,NaN,NaN,NaN
7241,5356.62,8165.63,NaN,NaN,NaN
7242,5470.42,7870.90,2,4,2.0000
7243,5293.23,7881.54,5,7,0.0000
7244,5148.34,8400.96,NaN,NaN,NaN
7245,5152.27,8062.36,2,6,3.0000
7246,5490.04,8149.93,NaN,NaN,NaN
7247,5093.03,8287.44,2,3,0.0000
7248,5150.49,8155.69,NaN,NaN,NaN
7249,5342.74,8499.32,3,6,2.0000
7250,5208.21,8232.25,0,0,0.0000
7251,5203.42,8337.59,0,0,0.0000
7252,5408.43,8282.41,0,0,0.0000
7253,5259.22,8019.32,2,5,2.5000
7254,5359.44,8287.71,0,0,0.0000
7255,5126.57,8470.58,0,0,0.0000
7256,5444.02,8557.67,NaN,NaN,NaN
7257,5223.13,8435.42,0,0,0.0000
7258,5479.61,8437.93,NaN,NaN,NaN
7259,5298.71,8566.51,0,0,0.0000
7260,5017.65,8005.65,NaN,NaN,NaN
7261,5275.64,8441.30,NaN,NaN,NaN
7262,5496.48,7824.80,NaN,NaN,NaN
7263,5152.14,8294.14,2,4,2.0000
7264,5010.48,8165.41,NaN,NaN,NaN
7265,5437.63,8457.01,NaN,NaN,NaN
7266,5335.27,8406.63,NaN,NaN,NaN
7267,5086.02,8401.89,NaN,NaN,NaN
7268,5424.48,8500.72,NaN,NaN,NaN
7269,5190.45,7994.47,0,0,0.0000
7270,5463.97,8280.58,0,0,0.0000
7271,5502.80,8267.84,NaN,NaN,NaN
7272,5129.06,8223.28,NaN,NaN,NaN
7273,5390.04,8404.46,0,0,0.0000
7274,4986.70,7892.42,NaN,NaN,NaN
7275,5246.12,8292.05,NaN,NaN,NaN
7276,5247.47,7864.19,0,0,0.0000
7277,5023.53,8241.30,3,6,2.0000
7278,5460.47,8337.77,0,0,0.0000
7279,5467.41,8202.13,0,0,0.0000
7280,5133.54,7965.53,0,0,0.0000
7281,5418.37,7876.81,0,0,0.0000
7282,5438.68,8374.35,0,0,0.0000
7283,5599.40,8466.03,NaN,NaN,NaN
7284,5606.96,8012.98,2,3,0.0000
7285,5581.15,8210.00,NaN,NaN,NaN
7286,5670.04,8439.22,NaN,NaN,NaN
7287,5840.16,8532.40,NaN,NaN,NaN
7288,5536.25,8272.05,NaN,NaN,NaN
7289,5600.36,8111.21,0,0,0.0000
7290,5519.10,8442.91,NaN,NaN,NaN
7291,5726.68,8352.36,NaN,NaN,NaN
7292,5623.97,8342.25,0,0,0.0000
7293,5601.16,8562.67,0,0,0.0000
7294,5567.51,8317.65,NaN,NaN,NaN
7295,5511.90,8365.35,0,0,0.0000
7296,5612.43,7946.92,0,0,0.0000
7297,5676.61,8335.07,0,0,0.0000
7298,6868.07,7847.34,2,6,3.0000
7299,6930.93,8356.64,NaN,NaN,NaN
7300,6933.25,8452.55,NaN,NaN,NaN
7301,6843.71,8222.29,NaN,NaN,NaN
7302,6912.79,7929.93,0,0,0.0000
7303,6982.99,7989.75,3,8,2.6667
7304,6836.28,8095.30,NaN,NaN,NaN
7305,6826.96,8148.97,0,0,0.0000
7306,6893.16,8190.76,0,0,0.0000
7307,6846.34,8318.13,2,2,0.0000
7308,6779.95,8315.09,NaN,NaN,NaN
7309,7026.33,8392.10,NaN,NaN,NaN
7310,6945.19,8081.09,3,5,0.0000
7311,6947.37,7821.40,2,3,0.0000
7312,6999.71,7871.27,NaN,NaN,NaN
7313,6879.65,8473.83,2,4,2.0000
7314,6945.39,8212.90,0,0,0.0000
7315,6795.57,8243.74,0,0,0.0000
7316,7010.81,8121.82,NaN,NaN,NaN
7317,6693.99,7995.85,NaN,NaN,NaN
7318,6971.87,8301.51,NaN,NaN,NaN
7319,6762.47,8128.06,0,0,0.0000
7320,6792.60,7916.43,2,3,0.0000
7321,7033.76,7998.91,0,0,0.0000
7322,7012.92,7811.69,NaN,NaN,NaN
7323,6950.21,8524.72,2,4,2.0000
7324,6776.75,8057.43,NaN,NaN,NaN
7325,6912.99,8094.82,4,8,2.0000
7326,7036.44,8058.92,0,0,0.0000
7327,6692.26,8056.46,0,0,0.0000
7328,6786.03,7872.01,0,0,0.0000
7329,6925.57,8543.49,NaN,NaN,NaN
7330,6915.89,8258.51,2,2,0.0000
7331,6978.05,8260.36,0,0,0.0000
7332,6972.30,8161.91,NaN,NaN,NaN
7333,7031.89,8223.13,2,2,0.0000
7334,6972.68,7930.57,NaN,NaN,NaN
7335,6939.74,8139.67,0,0,0.0000
7336,7083.02,8505.04,0,0,0.0000
7337,7218.80,8440.20,NaN,NaN,NaN
7338,7211.76,8222.97,0,0,0.0000
7339,7119.71,8286.32,NaN,NaN,NaN
7340,7143.65,8332.00,NaN,NaN,NaN
7341,7049.14,8177.90,0,0,0.0000
7342,7054.20,8247.23,2,4,2.0000
7343,7130.12,8184.12,NaN,NaN,NaN
7344,7493.28,7917.93,2,3,0.0000
7345,7468.52,7814.40,0,0,0.0000
7346,7364.99,8087.24,NaN,NaN,NaN
7347,7068.37,8309.69,NaN,NaN,NaN
7348,7063.80,8017.01,0,0,0.0000
7349,7181.60,8387.29,NaN,NaN,NaN
7350,7132.42,8431.91,2,3,0.0000
7351,7216.05,8535.49,2,3,0.0000
7352,7056.35,8361.81,0,0,0.0000
7353,7112.74,8376.96,NaN,NaN,NaN
7354,7508.94,7852.74,NaN,NaN,NaN
7355,7261.44,8516.05,0,0,0.0000
7356,7055.19,8108.94,2,1,0.0000
7357,7229.90,8363.90,NaN,NaN,NaN
7358,7194.72,8331.94,NaN,NaN,NaN
7359,7060.07,8573.53,2,1,0.0000
7360,7536.89,7842.63,NaN,NaN,NaN
7361,8505.41,7944.50,0,0,0.0000
7362,8337.34,8348.19,2,4,2.0000
7363,8569.66,8145.93,NaN,NaN,NaN
7364,8494.96,8346.82,3,6,2.0000
7365,8373.67,8466.09,NaN,NaN,NaN
7366,8420.32,8295.02,2,5,2.5000
7367,8477.60,8035.07,0,0,0.0000
7368,8373.32,7876.72,NaN,NaN,NaN
7369,8453.74,7855.01,2,4,2.0000
7370,8517.41,8218.28,2,3,0.0000
7371,8341.27,8016.97,NaN,NaN,NaN
7372,8476.99,8124.76,NaN,NaN,NaN
7373,8564.29,8324.95,NaN,NaN,NaN
7374,8388.01,8546.02,0,0,0.0000
7375,8302.99,8057.17,NaN,NaN,NaN
7376,8497.10,8421.84,NaN,NaN,NaN
7377,8277.37,7838.97,0,0,0.0000
7378,8556.76,8058.62,NaN,NaN,NaN
7379,8275.12,7898.32,NaN,NaN,NaN
7380,8421.07,7966.84,NaN,NaN,NaN
7381,8398.75,8131.65,0,0,0.0000
7382,8292.18,7954.03,NaN,NaN,NaN
7383,8522.82,7812.55,NaN,NaN,NaN
7384,8560.17,8422.10,NaN,NaN,NaN
7385,8432.46,8077.84,NaN,NaN,NaN
7386,8355.73,8097.80,NaN,NaN,NaN
7387,8458.87,8184.64,NaN,NaN,NaN
7388,8235.09,7883.85,NaN,NaN,NaN
7389,8763.07,8406.98,NaN,NaN,NaN
7390,9232.32,8506.31,NaN,NaN,NaN
7391,8898.47,8519.76,NaN,NaN,NaN
7392,9263.65,8000.73,3,3,0.0000
7393,8861.51,7943.13,2,5,2.5000
7394,8619.07,8257.20,2,5,2.5000
7395,9029.19,8386.54,NaN,NaN,NaN
7396,8934.55,8012.14,2,3,0.0000
7397,8926.73,8258.03,2,5,2.5000
7398,9174.23,8077.69,NaN,NaN,NaN
7399,8693.64,8520.19,NaN,NaN,NaN
7400,9129.93,8169.13,NaN,NaN,NaN
7401,8639.29,7894.75,NaN,NaN,NaN
7402,9006.77,8498.73,NaN,NaN,NaN
7403,9246.94,8158.11,NaN,NaN,NaN
7404,8858.36,8230.33,2,3,0.0000
7405,8827.73,8054.47,NaN,NaN,NaN
7406,9129.29,8511.11,2,3,0.0000
7407,9228.72,8352.60,NaN,NaN,NaN
7408,8787.64,8545.27,3,5,0.0000
7409,8916.74,8110.00,0,0,0.0000
7410,9291.11,8433.91,2,4,2.0000
7411,9257.33,8264.87,NaN,NaN,NaN
7412,8757.38,7837.45,NaN,NaN,NaN
7413,8628.00,8431.88,2,5,2.5000
7414,8785.66,8291.20,NaN,NaN,NaN
7415,8771.35,8077.28,2,4,2.0000
7416,9048.07,8252.41,3,9,3.0000
7417,8674.03,8369.81,NaN,NaN,NaN
7418,8882.63,8381.87,NaN,NaN,NaN
7419,9138.85,8242.98,2,7,3.5000
7420,9042.79,7831.02,0,0,0.0000
7421,8979.58,7849.84,2,5,2.5000
7422,8650.26,8059.22,2,3,0.0000
7423,8715.10,8146.87,NaN,NaN,NaN
7424,8719.22,8249.17,NaN,NaN,NaN
7425,9164.96,7988.55,NaN,NaN,NaN
7426,8717.50,7983.00,0,0,0.0000
7427,9087.35,7936.43,0,0,0.0000
7428,8997.70,8283.41,NaN,NaN,NaN
7429,9298.74,8114.25,0,0,0.0000
7430,8811.03,8205.94,NaN,NaN,NaN
7431,8993.41,8206.55,NaN,NaN,NaN
7432,9334.57,7963.24,NaN,NaN,NaN
7433,9288.78,7869.16,3,4,0.0000
7434,9069.89,8074.63,0,0,0.0000
7435,8967.68,8167.39,NaN,NaN,NaN
7436,8626.48,7996.10,NaN,NaN,NaN
7437,9045.96,8130.79,NaN,NaN,NaN
7438,8610.40,8352.49,4,5,0.0000
7439,9078.19,8458.41,0,0,0.0000
7440,9320.49,8358.25,0,0,0.0000
7441,9125.96,7893.45,0,0,0.0000
7442,9027.88,8061.71,0,0,0.0000
7443,8685.20,8302.51,0,0,0.0000
7444,8637.71,7956.73,NaN,NaN,NaN
7445,9108.91,8023.84,NaN,NaN,NaN
7446,8904.59,8328.42,3,3,0.0000
7447,9039.86,8175.19,NaN,NaN,NaN
7448,9305.07,7918.21,0,0,0.0000
7449,8830.41,8509.76,0,0,0.0000
7450,9153.46,7921.60,NaN,NaN,NaN
7451,8968.73,8367.87,0,0,0.0000
7452,9035.85,8018.48,0,0,0.0000
7453,9441.54,8490.33,2,9,4.5000
7454,9377.80,7885.89,NaN,NaN,NaN
7455,9654.62,8508.69,0,0,0.0000
7456,9657.27,8425.60,0,0,0.0000
7457,9389.96,7978.37,NaN,NaN,NaN
7458,9447.03,7944.55,0,0,0.0000
7459,9596.90,8504.90,0,0,0.0000
7460,9409.79,8405.62,0,0,0.0000
7461,9434.59,8334.51,3,5,0.0000
7462,9428.34,7843.94,0,0,0.0000
7463,9369.21,8095.74,3,6,2.0000
7464,9351.62,7843.68,NaN,NaN,NaN
7465,9344.93,8012.32,NaN,NaN,NaN
7466,9718.77,8452.74,0,0,0.0000
7467,9355.99,8372.04,0,0,0.0000
7468,9472.43,7888.54,0,0,0.0000
7469,9369.81,8352.11,0,0,0.0000
7470,12517.76,8011.85,0,0,0.0000
7471,12571.41,7994.62,0,0,0.0000
7472,16151.91,7972.86,NaN,NaN,NaN
7473,16133.10,8077.94,NaN,NaN,NaN
7474,15884.51,8219.92,NaN,NaN,NaN
7475,16294.34,8099.77,NaN,NaN,NaN
7476,16126.02,8207.27,0,0,0.0000
7477,16168.62,7828.04,NaN,NaN,NaN
7478,16273.83,8440.50,NaN,NaN,NaN
7479,16026.26,7853.05,0,0,0.0000
7480,16298.99,8355.02,NaN,NaN,NaN
7481,16043.12,8143.47,0,0,0.0000
7482,15919.54,7861.01,0,0,0.0000
7483,16251.65,8156.82,NaN,NaN,NaN
7484,16017.01,8309.60,NaN,NaN,NaN
7485,15924.92,8478.62,NaN,NaN,NaN
7486,16082.48,7901.50,NaN,NaN,NaN
7487,16104.64,8316.46,2,5,2.5000
7488,16145.26,8479.77,NaN,NaN,NaN
7489,15770.85,8220.08,NaN,NaN,NaN
7490,15653.54,8266.10,NaN,NaN,NaN
7491,15969.60,8537.42,NaN,NaN,NaN
7492,15934.13,8379.02,3,6,2.0000
7493,16083.57,8387.75,0,0,0.0000
7494,15871.93,8339.86,NaN,NaN,NaN
7495,15804.46,8168.06,NaN,NaN,NaN
7496,16056.34,8476.67,NaN,NaN,NaN
7497,15698.72,8354.62,0,0,0.0000
7498,16206.13,8210.19,3,4,0.0000
7499,16058.26,8252.36,0,0,0.0000
7500,16249.54,7904.71,NaN,NaN,NaN
7501,15786.86,7892.78,NaN,NaN,NaN
7502,15719.18,8279.96,NaN,NaN,NaN
7503,16283.43,8278.38,NaN,NaN,NaN
7504,15641.08,8375.95,0,0,0.0000
7505,16002.75,8431.03,2,2,0.0000
7506,15702.99,8210.18,0,0,0.0000
7507,15719.68,8119.01,NaN,NaN,NaN
7508,16274.21,7822.36,0,0,0.0000
7509,16202.47,8393.21,2,2,0.0000
7510,15625.40,8320.17,NaN,NaN,NaN
7511,15892.31,8553.47,0,0,0.0000
7512,15569.72,8188.32,0,0,0.0000
7513,16077.43,8424.58,0,0,0.0000
7514,16220.03,8273.31,NaN,NaN,NaN
7515,16194.23,8437.13,NaN,NaN,NaN
7516,16011.51,8380.71,0,0,0.0000
7517,15793.32,8258.16,2,8,4.0000
7518,16370.88,8199.29,0,0,0.0000
7519,16327.31,8542.75,3,3,0.0000
7520,826.54,9045.35,0,0,0.0000
7521,298.64,9018.25,NaN,NaN,NaN
7522,844.32,9274.85,NaN,NaN,NaN
7523,750.64,9114.10,3,2,0.0000
7524,876.49,9148.23,NaN,NaN,NaN
7525,839.97,8814.06,NaN,NaN,NaN
7526,238.46,8919.40,NaN,NaN,NaN
7527,122.26,8870.87,NaN,NaN,NaN
7528,187.89,8855.07,0,0,0.0000
7529,141.80,8795.40,NaN,NaN,NaN
7530,886.87,8760.47,0,0,0.0000
7531,237.06,8784.34,NaN,NaN,NaN
7532,204.81,8980.68,0,0,0.0000
7533,177.02,8749.70,3,3,0.0000
7534,726.54,9190.41,2,2,0.0000
7535,119.50,8602.04,3,6,2.0000
7536,750.94,9019.59,0,0,0.0000
7537,883.13,8982.94,5,5,0.0000
7538,819.81,9180.04,NaN,NaN,NaN
7539,780.04,9266.43,0,0,0.0000
7540,809.25,8915.83,0,0,0.0000
7541,764.09,9223.33,0,0,0.0000
7542,286.26,8832.91,2,2,0.0000
7543,130.62,8711.14,0,0,0.0000
7544,111.58,8676.09,0,0,0.0000
7545,789.21,8966.93,NaN,NaN,NaN
7546,255.31,8863.75,NaN,NaN,NaN
7547,963.38,8834.45,NaN,NaN,NaN
7548,1501.70,9317.58,2,3,0.0000
7549,1132.47,8943.62,NaN,NaN,NaN
7550,1278.43,8953.70,2,1,0.0000
7551,1156.58,9083.02,2,2,0.0000
7552,1184.35,8848.10,NaN,NaN,NaN
7553,1510.36,8822.24,NaN,NaN,NaN
7554,1493.86,8710.18,NaN,NaN,NaN
7555,924.52,8692.21,0,0,0.0000
7556,994.47,9020.46,0,0,0.0000
7557,1261.37,9268.28,NaN,NaN,NaN
7558,946.96,8955.37,2,5,2.5000
7559,1209.19,9343.02,NaN,NaN,NaN
7560,1631.39,9253.55,2,4,2.0000
7561,1623.99,8630.28,2,4,2.0000
7562,1155.49,9264.34,4,3,0.0000
7563,945.98,9289.20,NaN,NaN,NaN
7564,1081.27,8694.69,2,1,0.0000
7565,979.82,9145.93,4,5,0.0000
7566,1477.98,9194.95,NaN,NaN,NaN
7567,1288.77,9140.21,0,0,0.0000
7568,941.42,9080.22,0,0,0.0000
7569,1343.20,9050.07,0,0,0.0000
7570,1471.72,8925.56,0,0,0.0000
7571,1480.97,9036.51,3,4,0.0000
7572,1271.36,9210.97,4,5,0.0000
7573,1045.81,9309.63,0,0,0.0000
7574,1103.95,9048.27,NaN,NaN,NaN
7575,1607.05,8735.98,0,0,0.0000
7576,1043.06,8771.08,0,0,0.0000
7577,1048.89,9151.49,NaN,NaN,NaN
7578,1001.81,8717.34,4,5,0.0000
7579,1401.53,9069.42,NaN,NaN,NaN
7580,1095.93,8820.68,NaN,NaN,NaN
7581,1426.38,9231.99,0,0,0.0000
7582,1263.41,9083.20,NaN,NaN,NaN
7583,1396.74,8980.74,2,5,2.5000
7584,1565.06,8658.66,NaN,NaN,NaN
7585,1436.60,8816.61,NaN,NaN,NaN
7586,1010.22,8648.88,NaN,NaN,NaN
7587,1363.87,9276.66,0,0,0.0000
7588,1046.28,9243.47,0,0,0.0000
7589,1570.25,8789.45,2,4,2.0000
7590,1441.61,8876.13,0,0,0.0000
7591,904.73,9202.86,0,0,0.0000
7592,1214.53,9073.34,NaN,NaN,NaN
7593,975.39,9234.88,0,0,0.0000
7594,1582.04,9194.06,2,3,0.0000
7595,1058.83,9019.88,NaN,NaN,NaN
7596,1070.80,9100.54,2,2,0.0000
7597,1272.51,8821.46,0,0,0.0000
7598,1393.20,9174.71,NaN,NaN,NaN
7599,1181.27,9181.14,0,0,0.0000
7600,1146.74,8774.03,0,0,0.0000
7601,1386.92,8898.33,NaN,NaN,NaN
7602,1455.71,8609.72,NaN,NaN,NaN
7603,1035.07,8953.05,3,3,0.0000
7604,1334.38,9196.42,2,3,0.0000
7605,1441.12,9049.03,5,5,0.0000
7606,1524.61,9153.46,NaN,NaN,NaN
7607,1219.18,9166.70,0,0,0.0000
7608,946.43,8757.53,NaN,NaN,NaN
7609,1357.19,9137.93,2,2,0.0000
7610,1390.74,8809.63,0,0,0.0000
7611,1120.91,9214.44,0,0,0.0000
7612,1032.66,8895.31,NaN,NaN,NaN
7613,1585.87,8850.70,0,0,0.0000
7614,1283.52,9322.79,0,0,0.0000
7615,1340.19,9324.56,0,0,0.0000
7616,1461.04,9117.13,2,4,2.0000
7617,1058.36,8883.10,NaN,NaN,NaN
7618,1618.27,8820.54,NaN,NaN,NaN
7619,1500.26,9119.85,0,0,0.0000
7620,1291.59,9033.19,NaN,NaN,NaN
7621,2148.88,9262.44,0,0,0.0000
7622,2380.98,8583.81,NaN,NaN,NaN
7623,2119.31,9315.43,0,0,0.0000
7624,2247.83,9151.71,2,2,0.0000
7625,2087.93,9223.08,NaN,NaN,NaN
7626,2052.24,9255.48,2,7,3.5000
7627,1680.80,8599.60,NaN,NaN,NaN
7628,2854.16,9090.75,NaN,NaN,NaN
7629,2437.30,9039.06,NaN,NaN,NaN
7630,2694.37,8607.30,NaN,NaN,NaN
7631,2789.21,9033.71,NaN,NaN,NaN
7632,2769.81,8929.61,NaN,NaN,NaN
7633,2765.29,9157.46,NaN,NaN,NaN
7634,2813.89,8900.76,0,0,0.0000
7635,2712.44,8958.06,NaN,NaN,NaN
7636,2496.85,9252.06,2,2,0.0000
7637,2616.20,8595.24,0,0,0.0000
7638,3166.39,8639.90,NaN,NaN,NaN
7639,2455.94,8607.25,NaN,NaN,NaN
7640,2712.84,9083.16,2,4,2.0000
7641,2764.16,8592.52,NaN,NaN,NaN
7642,2488.70,9112.12,NaN,NaN,NaN
7643,2433.56,8970.17,NaN,NaN,NaN
7644,3185.55,8758.60,NaN,NaN,NaN
7645,2528.43,9213.49,NaN,NaN,NaN
7646,3183.79,8702.58,2,2,0.0000
7647,3721.59,8832.54,NaN,NaN,NaN
7648,3932.42,9025.80,2,4,2.0000
7649,3629.88,8732.62,0,0,0.0000
7650,3884.30,8631.39,NaN,NaN,NaN
7651,3850.71,9194.97,3,5,0.0000
7652,3945.72,9158.60,NaN,NaN,NaN
7653,3692.57,8626.86,3,1,0.0000
7654,3714.91,8724.79,3,6,2.0000
7655,3731.54,8985.76,0,0,0.0000
7656,3777.43,8916.24,NaN,NaN,NaN
7657,3879.21,9071.23,NaN,NaN,NaN
7658,3943.81,9276.16,NaN,NaN,NaN
7659,3915.86,8852.24,0,0,0.0000
7660,3964.27,8936.16,NaN,NaN,NaN
7661,3783.62,9117.60,0,0,0.0000
7662,3793.70,8689.27,NaN,NaN,NaN
7663,3825.59,8789.57,NaN,NaN,NaN
7664,3798.25,8627.08,NaN,NaN,NaN
7665,3864.62,8860.93,0,0,0.0000
7666,3832.62,9262.89,NaN,NaN,NaN
7667,3856.21,9126.97,NaN,NaN,NaN
7668,3802.22,9011.42,0,0,0.0000
7669,3674.61,8910.75,0,0,0.0000
7670,3887.95,8925.80,0,0,0.0000
7671,3848.30,8987.30,0,0,0.0000
7672,3834.06,8915.68,0,0,0.0000
7673,3775.63,9050.25,0,0,0.0000
7674,3767.93,8757.53,NaN,NaN,NaN
7675,3948.80,8833.07,NaN,NaN,NaN
7676,3580.82,8662.54,NaN,NaN,NaN
7677,4292.08,9282.65,NaN,NaN,NaN
7678,4124.32,8837.03,0,0,0.0000
7679,4063.33,8651.24,NaN,NaN,NaN
7680,4000.52,8770.68,NaN,NaN,NaN
7681,4362.64,9150.82,NaN,NaN,NaN
7682,4335.52,8945.96,NaN,NaN,NaN
7683,4097.41,9078.98,NaN,NaN,NaN
7684,4034.51,8982.10,NaN,NaN,NaN
7685,4174.84,8971.11,NaN,NaN,NaN
7686,4480.11,9182.81,0,0,0.0000
7687,4334.38,8665.01,2,3,0.0000
7688,4535.13,9328.60,4,4,0.0000
7689,4445.73,8616.89,2,6,3.0000
7690,4490.30,8815.98,NaN,NaN,NaN
7691,4036.75,9281.30,NaN,NaN,NaN
7692,4008.32,8880.37,0,0,0.0000
7693,4261.87,8598.23,NaN,NaN,NaN
7694,4286.92,9097.07,4,5,0.0000
7695,4161.58,9333.10,NaN,NaN,NaN
7696,4542.22,8909.51,0,0,0.0000
7697,4299.01,8729.31,NaN,NaN,NaN
7698,4396.86,9225.34,NaN,NaN,NaN
7699,4001.97,9206.50,NaN,NaN,NaN
7700,4123.56,8707.10,2,9,4.5000
7701,4409.05,9047.16,0,0,0.0000
7702,4087.43,9174.18,NaN,NaN,NaN
7703,4576.51,8971.34,0,0,0.0000
7704,4476.32,9255.91,0,0,0.0000
7705,4155.20,9051.41,NaN,NaN,NaN
7706,4231.71,9056.34,0,0,0.0000
7707,3971.78,8641.16,0,0,0.0000
7708,4562.12,9248.61,0,0,0.0000
7709,4463.43,8899.05,2,5,2.5000
7710,4389.73,8625.65,NaN,NaN,NaN
7711,4199.63,9135.86,0,0,0.0000
7712,4321.98,8576.13,0,0,0.0000
7713,4447.28,8975.91,NaN,NaN,NaN
7714,4569.75,9052.58,NaN,NaN,NaN
7715,4527.77,9138.65,0,0,0.0000
7716,4418.48,8841.47,NaN,NaN,NaN
7717,4309.88,8833.90,0,0,0.0000
7718,4141.88,9229.69,NaN,NaN,NaN
7719,4247.14,8834.82,NaN,NaN,NaN
7720,4005.75,9110.43,NaN,NaN,NaN
7721,4383.19,8801.19,NaN,NaN,NaN
7722,4507.46,8997.32,NaN,NaN,NaN
7723,4223.47,8674.38,0,0,0.0000
7724,4164.04,8622.66,NaN,NaN,NaN
7725,4098.13,8953.45,NaN,NaN,NaN
7726,4348.06,8745.92,NaN,NaN,NaN
7727,4232.88,8739.75,NaN,NaN,NaN
7728,4409.13,9294.02,0,0,0.0000
7729,4067.08,9124.53,NaN,NaN,NaN
7730,4461.46,9057.55,NaN,NaN,NaN
7731,4653.15,9303.59,0,0,0.0000
7732,4373.25,8883.32,NaN,NaN,NaN
7733,4435.82,8766.81,0,0,0.0000
7734,4587.42,9156.60,NaN,NaN,NaN
7735,4541.64,9094.96,0,0,0.0000
7736,4406.50,8942.22,0,0,0.0000
7737,4529.28,9046.96,NaN,NaN,NaN
7738,4310.50,9047.48,0,0,0.0000
7739,4161.69,8667.29,NaN,NaN,NaN
7740,4209.11,8783.00,NaN,NaN,NaN
7741,4171.82,8766.42,NaN,NaN,NaN
7742,4453.30,9122.12,0,0,0.0000
7743,5263.91,9284.17,0,0,0.0000
7744,5463.53,9115.41,2,5,2.5000
7745,5294.56,8853.11,NaN,NaN,NaN
7746,5460.10,9292.80,0,0,0.0000
7747,5110.20,9207.53,NaN,NaN,NaN
7748,5201.82,9149.92,0,0,0.0000
7749,5383.32,9300.31,3,7,2.3333
7750,4794.55,9318.85,NaN,NaN,NaN
7751,4872.67,9248.67,2,4,2.0000
7752,5013.78,9271.28,2,2,0.0000
7753,5165.21,9301.51,0,0,0.0000
7754,5177.90,9009.03,0,0,0.0000
7755,5089.37,9339.94,NaN,NaN,NaN
7756,5258.51,9077.93,NaN,NaN,NaN
7757,5309.33,8968.04,0,0,0.0000
7758,5386.62,8800.46,2,7,3.5000
7759,5463.09,8910.22,NaN,NaN,NaN
7760,5291.98,8745.39,NaN,NaN,NaN
7761,5355.01,8719.59,4,6,0.0000
7762,5489.67,8980.80,NaN,NaN,NaN
7763,5323.89,8647.82,0,0,0.0000
7764,5230.84,8940.15,0,0,0.0000
7765,5144.29,8916.66,2,10,5.0000
7766,5410.93,8644.39,0,0,0.0000
7767,5422.09,8893.29,0,0,0.0000
7768,5463.58,8658.28,2,4,2.0000
7769,5492.63,8772.67,NaN,NaN,NaN
7770,5202.72,8655.80,0,0,0.0000
7771,5413.15,8723.02,NaN,NaN,NaN
7772,5371.88,9021.99,0,0,0.0000
7773,5377.08,8885.89,3,5,0.0000
7774,5350.68,9227.13,0,0,0.0000
7775,5369.04,8582.11,0,0,0.0000
7776,5262.73,8671.84,NaN,NaN,NaN
7777,5146.51,8768.67,NaN,NaN,NaN
7778,5162.34,8689.56,NaN,NaN,NaN
7779,5160.15,8858.27,NaN,NaN,NaN
7780,4944.75,9336.39,NaN,NaN,NaN
7781,5122.15,9116.34,0,0,0.0000
7782,5240.22,8792.02,NaN,NaN,NaN
7783,5405.62,9053.57,NaN,NaN,NaN
7784,5234.87,8721.10,NaN,NaN,NaN
7785,5067.08,9109.29,0,0,0.0000
7786,5445.30,9240.06,2,3,0.0000
7787,5351.56,9128.18,0,0,0.0000
7788,5133.44,9051.91,0,0,0.0000
7789,5289.91,9152.86,0,0,0.0000
7790,5364.34,8957.78,NaN,NaN,NaN
7791,5281.05,8618.91,0,0,0.0000
7792,5262.30,8932.43,NaN,NaN,NaN
7793,5271.74,9009.54,0,0,0.0000
7794,5416.68,9005.37,0,0,0.0000
7795,5678.98,8698.04,NaN,NaN,NaN
7796,5728.28,8576.03,NaN,NaN,NaN
7797,5519.62,8695.44,NaN,NaN,NaN
7798,5558.37,8583.53,2,4,2.0000
7799,5813.13,9100.94,NaN,NaN,NaN
7800,5822.29,9176.97,NaN,NaN,NaN
7801,5709.77,8960.79,NaN,NaN,NaN
7802,5620.06,8803.15,NaN,NaN,NaN
7803,5853.79,9052.69,NaN,NaN,NaN
7804,5865.14,8961.79,0,0,0.0000
7805,5777.23,8890.29,NaN,NaN,NaN
7806,5810.14,8823.74,NaN,NaN,NaN
7807,5867.13,8890.72,NaN,NaN,NaN
7808,5730.10,8828.59,4,7,0.0000
7809,5587.26,8718.41,2,7,3.5000
7810,5814.46,8592.21,NaN,NaN,NaN
7811,5530.16,9182.55,NaN,NaN,NaN
7812,5669.21,8820.09,0,0,0.0000
7813,5545.69,9260.31,0,0,0.0000
7814,5518.00,8875.99,NaN,NaN,NaN
7815,5780.67,8762.79,NaN,NaN,NaN
7816,5858.90,8634.98,2,3,0.0000
7817,5768.46,8980.00,NaN,NaN,NaN
7818,5848.88,8821.08,0,0,0.0000
7819,5736.36,9032.79,NaN,NaN,NaN
7820,5550.79,9030.68,0,0,0.0000
7821,5815.63,8894.31,0,0,0.0000
7822,5880.37,9003.07,0,0,0.0000
7823,5797.31,9028.21,0,0,0.0000
7824,7291.11,8675.03,2,8,4.0000
7825,7472.41,9314.27,NaN,NaN,NaN
7826,7776.76,8892.67,NaN,NaN,NaN
7827,7369.74,9314.71,NaN,NaN,NaN
7828,7767.18,9040.54,NaN,NaN,NaN
7829,7279.04,8622.85,2,0,0.0000
7830,7199.65,8739.38,NaN,NaN,NaN
7831,7255.33,8736.89,NaN,NaN,NaN
7832,7773.64,9098.37,0,0,0.0000
7833,7118.21,8627.30,0,0,0.0000
7834,7185.96,8608.71,NaN,NaN,NaN
7835,7235.52,8766.84,2,4,2.0000
7836,7813.98,8896.71,NaN,NaN,NaN
7837,8226.60,8907.23,NaN,NaN,NaN
7838,8122.70,8917.89,NaN,NaN,NaN
7839,7843.00,8965.67,2,3,0.0000
7840,8280.11,8691.00,3,8,2.6667
7841,8272.07,9061.78,NaN,NaN,NaN
7842,7839.41,9079.93,NaN,NaN,NaN
7843,7968.58,8970.79,NaN,NaN,NaN
7844,8505.31,8596.36,3,4,0.0000
7845,8206.17,8756.88,0,0,0.0000
7846,7931.50,8907.88,NaN,NaN,NaN
7847,8079.43,8886.89,0,0,0.0000
7848,8574.53,9328.51,0,0,0.0000
7849,8294.00,8817.02,0,0,0.0000
7850,8192.50,9036.86,0,0,0.0000
7851,8071.89,8991.19,2,5,2.5000
7852,7894.80,9017.54,2,3,0.0000
7853,7921.24,8809.49,0,0,0.0000
7854,7909.36,9089.91,4,4,0.0000
7855,8529.11,8671.61,NaN,NaN,NaN
7856,8374.72,8930.76,0,0,0.0000
7857,8350.09,8993.90,NaN,NaN,NaN
7858,7910.74,8842.25,0,0,0.0000
7859,8338.13,8802.59,0,0,0.0000
7860,8042.09,8781.25,NaN,NaN,NaN
7861,8301.32,8994.06,3,2,0.0000
7862,8573.50,8605.24,0,0,0.0000
7863,8120.99,8804.18,0,0,0.0000
7864,8382.81,9047.25,NaN,NaN,NaN
7865,8260.35,8857.98,NaN,NaN,NaN
7866,8217.67,8971.80,0,0,0.0000
7867,8515.59,8935.04,NaN,NaN,NaN
7868,8082.17,8827.86,0,0,0.0000
7869,8129.18,8758.50,NaN,NaN,NaN
7870,8245.07,8809.96,NaN,NaN,NaN
7871,8396.39,8840.44,0,0,0.0000
7872,8469.48,8974.99,NaN,NaN,NaN
7873,8295.73,8898.74,0,0,0.0000
7874,8354.50,8870.70,0,0,0.0000
7875,8337.62,8915.31,0,0,0.0000
7876,8382.19,8856.98,0,0,0.0000
7877,8522.65,9324.31,0,0,0.0000
7878,8724.54,8886.67,3,7,2.3333
7879,8740.20,8648.77,2,5,2.5000
7880,9336.24,8598.63,3,4,0.0000
7881,9215.53,8875.33,2,2,0.0000
7882,9037.90,8609.88,NaN,NaN,NaN
7883,8588.39,8755.18,0,0,0.0000
7884,8877.29,8639.47,NaN,NaN,NaN
7885,8738.73,9117.98,NaN,NaN,NaN
7886,9335.46,8921.99,NaN,NaN,NaN
7887,9218.57,9006.22,3,1,0.0000
7888,8890.73,9097.03,NaN,NaN,NaN
7889,8981.96,9035.46,0,0,0.0000
7890,9110.25,8735.61,NaN,NaN,NaN
7891,9209.61,8618.73,NaN,NaN,NaN
7892,8833.99,8789.52,2,3,0.0000
7893,9247.83,8712.84,NaN,NaN,NaN
7894,8994.86,8749.83,NaN,NaN,NaN
7895,8888.93,8836.53,NaN,NaN,NaN
7896,9111.44,9063.63,2,3,0.0000
7897,9179.63,8688.95,NaN,NaN,NaN
7898,9005.98,8876.96,0,0,0.0000
7899,8946.50,8830.90,NaN,NaN,NaN
7900,8700.16,8754.58,0,0,0.0000
7901,9124.73,8631.86,NaN,NaN,NaN
7902,8888.71,8937.53,3,4,0.0000
7903,8966.77,8671.56,0,0,0.0000
7904,9049.89,8793.72,0,0,0.0000
7905,9301.54,8761.92,0,0,0.0000
7906,8780.30,8798.83,NaN,NaN,NaN
7907,8850.48,8719.18,NaN,NaN,NaN
7908,9113.48,8987.76,NaN,NaN,NaN
7909,9188.95,8768.95,NaN,NaN,NaN
7910,8645.74,8678.74,NaN,NaN,NaN
7911,9332.08,9082.27,0,0,0.0000
7912,8649.96,8763.34,0,0,0.0000
7913,9108.33,8576.69,NaN,NaN,NaN
7914,8787.25,9083.23,2,2,0.0000
7915,9173.27,9066.62,0,0,0.0000
7916,9330.26,8971.03,3,6,2.0000
7917,9154.95,9031.72,NaN,NaN,NaN
7918,8775.53,8990.53,0,0,0.0000
7919,9274.38,8967.99,NaN,NaN,NaN
7920,9317.27,9185.76,0,0,0.0000
7921,9151.03,9129.70,0,0,0.0000
7922,9241.52,9062.98,NaN,NaN,NaN
7923,9104.34,8680.43,0,0,0.0000
7924,9652.73,9064.04,NaN,NaN,NaN
7925,9965.26,9298.10,4,4,0.0000
7926,9390.68,8844.86,2,4,2.0000
7927,9531.02,8786.44,NaN,NaN,NaN
7928,9569.30,9235.38,NaN,NaN,NaN
7929,9668.27,9269.67,NaN,NaN,NaN
7930,9449.45,9026.77,NaN,NaN,NaN
7931,9517.35,8941.93,NaN,NaN,NaN
7932,9567.77,8700.60,NaN,NaN,NaN
7933,10106.64,9190.13,NaN,NaN,NaN
7934,9768.07,9124.56,NaN,NaN,NaN
7935,9893.33,9214.07,NaN,NaN,NaN
7936,9362.39,9008.06,0,0,0.0000
7937,9810.65,9232.59,NaN,NaN,NaN
7938,9777.14,9304.80,2,4,2.0000
7939,9877.41,8927.70,NaN,NaN,NaN
7940,9899.17,9141.63,0,0,0.0000
7941,9397.29,9153.60,NaN,NaN,NaN
7942,10004.42,9158.06,3,5,0.0000
7943,9389.90,8718.82,NaN,NaN,NaN
7944,10039.75,8808.28,2,2,0.0000
7945,9927.94,8965.13,NaN,NaN,NaN
7946,10097.98,9295.69,NaN,NaN,NaN
7947,9914.18,8849.61,NaN,NaN,NaN
7948,9410.11,8630.80,NaN,NaN,NaN
7949,9585.26,8969.49,0,0,0.0000
7950,10014.94,9053.13,0,0,0.0000
7951,9814.66,8998.87,NaN,NaN,NaN
7952,9737.70,9216.91,3,3,0.0000
7953,9830.99,9147.46,NaN,NaN,NaN
7954,9641.04,9201.09,0,0,0.0000
7955,9842.53,9093.35,NaN,NaN,NaN
7956,9441.14,8913.33,0,0,0.0000
7957,9367.19,8782.15,NaN,NaN,NaN
7958,10057.60,9128.00,0,0,0.0000
7959,9579.60,9048.22,2,3,0.0000
7960,9471.36,8610.11,0,0,0.0000
7961,9645.73,8588.82,0,0,0.0000
7962,10045.64,9205.12,2,3,0.0000
7963,9857.37,8849.71,0,0,0.0000
7964,9581.21,8580.49,NaN,NaN,NaN
7965,9608.96,9310.18,3,5,0.0000
7966,9936.44,9089.68,NaN,NaN,NaN
7967,9628.49,9156.17,NaN,NaN,NaN
7968,9622.61,8701.41,0,0,0.0000
7969,9527.24,9015.11,NaN,NaN,NaN
7970,9959.06,9000.15,NaN,NaN,NaN
7971,9696.69,9163.72,3,5,0.0000
7972,9800.75,8889.98,NaN,NaN,NaN
7973,9442.10,9192.64,NaN,NaN,NaN
7974,10050.41,8921.87,0,0,0.0000
7975,10032.44,8998.50,NaN,NaN,NaN
7976,10020.32,8958.96,NaN,NaN,NaN
7977,9953.17,9205.11,0,0,0.0000
7978,9982.53,8934.00,NaN,NaN,NaN
7979,9713.83,9120.55,NaN,NaN,NaN
7980,9731.83,9276.12,2,6,3.0000
7981,10052.14,9253.91,0,0,0.0000
7982,10617.48,9117.18,NaN,NaN,NaN
7983,10172.34,9078.38,NaN,NaN,NaN
7984,10816.90,8961.90,0,0,0.0000
7985,10623.12,9286.51,NaN,NaN,NaN
7986,10428.54,9006.44,0,0,0.0000
7987,10137.59,9308.00,3,4,0.0000
7988,10234.75,9276.70,NaN,NaN,NaN
7989,10289.32,8998.08,NaN,NaN,NaN
7990,10778.66,9247.94,2,3,0.0000
7991,10451.04,9282.98,0,0,0.0000
7992,10711.42,8936.16,2,4,2.0000
7993,10358.11,9132.07,0,0,0.0000
7994,10210.50,9180.42,2,5,2.5000
7995,10387.36,9243.59,0,0,0.0000
7996,10198.28,8938.00,NaN,NaN,NaN
7997,10304.16,9288.51,NaN,NaN,NaN
7998,10557.71,9155.10,NaN,NaN,NaN
7999,10518.09,8971.67,0,0,0.0000
8000,10279.22,9152.89,0,0,0.0000
8001,10834.19,9216.44,2,4,2.0000
8002,10344.78,9193.79,NaN,NaN,NaN
8003,10682.78,9336.35,NaN,NaN,NaN
8004,10119.97,8861.21,NaN,NaN,NaN
8005,10808.09,9149.75,NaN,NaN,NaN
8006,10444.83,9128.08,NaN,NaN,NaN
8007,10358.81,9339.67,2,7,3.5000
8008,10258.46,8887.78,2,3,0.0000
8009,10798.06,9053.13,0,0,0.0000
8010,10412.89,8898.50,NaN,NaN,NaN
8011,10858.69,9083.00,NaN,NaN,NaN
8012,10174.22,9138.75,0,0,0.0000
8013,10183.58,9001.20,NaN,NaN,NaN
8014,10471.45,9061.82,NaN,NaN,NaN
8015,10747.06,9114.24,NaN,NaN,NaN
8016,10498.47,9176.08,0,0,0.0000
8017,10531.16,9290.92,0,0,0.0000
8018,10520.27,9238.99,0,0,0.0000
8019,10340.45,8943.07,2,4,2.0000
8020,10710.47,9072.93,0,0,0.0000
8021,10604.13,8959.53,0,0,0.0000
8022,10463.95,9198.33,NaN,NaN,NaN
8023,10834.20,8890.81,0,0,0.0000
8024,10358.67,9023.82,0,0,0.0000
8025,10680.92,9003.44,0,0,0.0000
8026,10672.33,8879.10,0,0,0.0000
8027,10749.41,8985.18,NaN,NaN,NaN
8028,10487.37,8920.73,0,0,0.0000
8029,10211.65,8834.26,0,0,0.0000
8030,10646.13,9048.75,0,0,0.0000
8031,10577.77,9229.07,0,0,0.0000
8032,10795.73,8860.66,0,0,0.0000
8033,10179.98,8885.42,0,0,0.0000
8034,10641.66,8998.50,0,0,0.0000
8035,10483.45,8883.94,0,0,0.0000
8036,10322.05,8895.32,NaN,NaN,NaN
8037,10282.42,9086.49,0,0,0.0000
8038,11198.41,9334.57,0,0,0.0000
8039,11013.36,8935.95,NaN,NaN,NaN
8040,11111.87,8946.81,NaN,NaN,NaN
8041,11003.25,9216.60,0,0,0.0000
8042,11116.66,9254.39,0,0,0.0000
8043,10929.15,9269.59,NaN,NaN,NaN
8044,11379.60,9259.46,3,3,0.0000
8045,10935.61,9092.47,NaN,NaN,NaN
8046,11042.79,9051.21,NaN,NaN,NaN
8047,10967.65,9320.57,2,3,0.0000
8048,11405.06,9317.02,3,6,2.0000
8049,10986.10,9135.51,0,0,0.0000
8050,10905.86,8991.64,3,5,0.0000
8051,11318.27,9296.46,NaN,NaN,NaN
8052,11080.82,9134.41,0,0,0.0000
8053,10899.30,9214.14,0,0,0.0000
8054,11197.26,9208.82,0,0,0.0000
8055,11141.41,9145.44,0,0,0.0000
8056,11045.57,9294.41,0,0,0.0000
8057,10889.18,9153.81,2,1,0.0000
8058,10888.56,8910.19,0,0,0.0000
8059,11304.10,9175.48,0,0,0.0000
8060,11081.89,9196.84,0,0,0.0000
8061,11201.92,8897.17,0,0,0.0000
8062,11368.45,9190.72,0,0,0.0000
8063,11237.51,9260.18,0,0,0.0000
8064,11061.36,8995.94,NaN,NaN,NaN
8065,11366.98,9147.37,NaN,NaN,NaN
8066,11000.41,9013.85,0,0,0.0000
8067,10959.63,8985.57,0,0,0.0000
8068,11281.52,9215.84,0,0,0.0000
8069,11272.19,9288.58,NaN,NaN,NaN
8070,11150.57,9211.02,0,0,0.0000
8071,13606.44,9004.98,NaN,NaN,NaN
8072,13647.56,9008.77,0,0,0.0000
8073,16217.63,8612.08,0,0,0.0000
8074,16130.48,8636.66,0,0,0.0000
8075,16067.75,8621.55,0,0,0.0000
8076,317.01,9816.87,2,3,0.0000
8077,625.05,9993.38,2,2,0.0000
8078,511.78,9715.01,0,0,0.0000
8079,457.49,9847.63,NaN,NaN,NaN
8080,469.29,10076.73,0,0,0.0000
8081,542.96,10052.39,NaN,NaN,NaN
8082,597.27,9703.20,0,0,0.0000
8083,517.20,9881.07,NaN,NaN,NaN
8084,398.36,9706.52,NaN,NaN,NaN
8085,473.77,9955.96,2,0,0.0000
8086,371.93,9947.00,NaN,NaN,NaN
8087,364.37,10031.72,NaN,NaN,NaN
8088,298.73,10001.15,NaN,NaN,NaN
8089,389.64,9851.17,NaN,NaN,NaN
8090,402.34,10076.85,NaN,NaN,NaN
8091,261.26,9756.47,4,5,0.0000
8092,309.56,9937.14,NaN,NaN,NaN
8093,594.63,9943.01,NaN,NaN,NaN
8094,643.20,10065.64,NaN,NaN,NaN
8095,635.66,9786.81,0,0,0.0000
8096,448.56,9784.56,NaN,NaN,NaN
8097,335.97,9693.76,3,3,0.0000
8098,604.62,10107.69,2,4,2.0000
8099,652.65,9878.43,NaN,NaN,NaN
8100,587.21,9841.35,NaN,NaN,NaN
8101,556.88,9621.88,NaN,NaN,NaN
8102,365.16,9619.02,0,0,0.0000
8103,620.17,9849.99,NaN,NaN,NaN
8104,1507.96,9722.44,NaN,NaN,NaN
8105,1341.21,9738.41,0,0,0.0000
8106,1159.59,9467.12,NaN,NaN,NaN
8107,1389.75,9492.60,NaN,NaN,NaN
8108,1046.73,9609.25,0,0,0.0000
8109,1346.92,9948.90,2,3,0.0000
8110,982.72,9500.21,0,0,0.0000
8111,1206.53,10099.77,0,0,0.0000
8112,1534.77,9547.18,NaN,NaN,NaN
8113,1661.41,9370.78,0,0,0.0000
8114,1477.09,10089.80,NaN,NaN,NaN
8115,1003.14,9406.12,NaN,NaN,NaN
8116,1636.85,9569.34,3,4,0.0000
8117,1087.58,9372.46,6,6,0.0000
8118,1421.85,9857.02,2,8,4.0000
8119,1294.51,9383.91,0,0,0.0000
8120,1445.63,9999.30,NaN,NaN,NaN
8121,1316.16,10053.98,0,0,0.0000
8122,1210.10,9579.22,0,0,0.0000
8123,1159.90,9916.74,NaN,NaN,NaN
8124,1479.40,9406.89,0,0,0.0000
8125,927.68,9595.21,2,2,0.0000
8126,1521.19,9872.17,4,6,0.0000
8127,1630.40,9478.55,2,4,2.0000
8128,1267.94,9545.52,NaN,NaN,NaN
8129,1216.81,9862.34,NaN,NaN,NaN
8130,1610.44,9916.58,NaN,NaN,NaN
8131,1306.94,9496.39,NaN,NaN,NaN
8132,1196.37,9673.75,NaN,NaN,NaN
8133,1543.16,9947.76,NaN,NaN,NaN
8134,1302.74,10102.80,NaN,NaN,NaN
8135,1423.99,9625.75,NaN,NaN,NaN
8136,1608.15,9686.19,NaN,NaN,NaN
8137,1392.94,10024.83,2,2,0.0000
8138,1096.02,9681.14,0,0,0.0000
8139,971.48,9664.62,0,0,0.0000
8140,1651.67,10065.40,NaN,NaN,NaN
8141,1359.77,9599.98,NaN,NaN,NaN
8142,1077.86,9466.22,NaN,NaN,NaN
8143,1571.83,10092.10,0,0,0.0000
8144,1242.67,9752.28,2,7,3.5000
8145,1377.90,9391.58,0,0,0.0000
8146,1277.73,9803.94,NaN,NaN,NaN
8147,1638.24,9826.18,0,0,0.0000
8148,1278.49,9634.26,NaN,NaN,NaN
8149,1131.31,10016.45,NaN,NaN,NaN
8150,1410.34,9698.44,NaN,NaN,NaN
8151,1081.21,9528.39,NaN,NaN,NaN
8152,1168.32,9803.24,NaN,NaN,NaN
8153,1277.57,9873.36,NaN,NaN,NaN
8154,950.77,9732.29,NaN,NaN,NaN
8155,1096.77,9743.40,0,0,0.0000
8156,1470.62,9571.04,0,0,0.0000
8157,1085.05,9945.43,NaN,NaN,NaN
8158,1102.33,10089.52,0,0,0.0000
8159,1591.66,9798.46,4,4,0.0000
8160,1572.73,9422.14,0,0,0.0000
8161,1631.10,9977.47,2,3,0.0000
8162,1631.87,9417.35,0,0,0.0000
8163,1538.69,9483.22,0,0,0.0000
8164,1637.50,10105.64,3,5,0.0000
8165,1557.33,10022.86,0,0,0.0000
8166,2399.28,9815.67,0,0,0.0000
8167,1818.99,9715.34,NaN,NaN,NaN
8168,1939.65,9837.50,NaN,NaN,NaN
8169,1757.62,9630.23,5,8,0.0000
8170,2339.25,10097.04,0,0,0.0000
8171,2260.50,9906.84,NaN,NaN,NaN
8172,1918.37,9760.02,2,4,2.0000
8173,1721.68,9359.19,0,0,0.0000
8174,2219.01,9358.31,NaN,NaN,NaN
8175,1860.25,9831.59,NaN,NaN,NaN
8176,2426.10,10086.03,0,0,0.0000
8177,1733.13,9505.47,3,6,2.0000
8178,1774.33,10082.40,0,0,0.0000
8179,1880.18,9586.83,2,2,0.0000
8180,2256.93,10031.04,NaN,NaN,NaN
8181,1726.92,9786.30,2,4,2.0000
8182,2403.04,9952.02,NaN,NaN,NaN
8183,1667.91,9771.34,0,0,0.0000
8184,2337.33,9943.62,NaN,NaN,NaN
8185,1775.48,9464.57,NaN,NaN,NaN
8186,1869.86,9905.79,0,0,0.0000
8187,2409.85,9686.78,NaN,NaN,NaN
8188,2327.98,10025.49,5,5,0.0000
8189,1798.44,9854.84,2,1,0.0000
8190,1712.79,10034.91,NaN,NaN,NaN
8191,1953.99,9663.02,0,0,0.0000
8192,2289.90,9806.42,NaN,NaN,NaN
8193,2288.09,9975.98,3,5,0.0000
8194,2007.40,9828.45,3,7,2.3333
8195,2352.37,9675.69,NaN,NaN,NaN
8196,1822.73,9597.89,2,3,0.0000
8197,2345.76,9609.92,0,0,0.0000
8198,1826.52,9783.06,NaN,NaN,NaN
8199,2404.77,9592.72,NaN,NaN,NaN
8200,2321.61,9850.18,0,0,0.0000
8201,1869.36,9646.68,0,0,0.0000
8202,2313.67,9694.91,2,6,3.0000
8203,1922.34,9954.18,NaN,NaN,NaN
8204,1949.46,9992.45,0,0,0.0000
8205,1773.62,9808.37,NaN,NaN,NaN
8206,1671.49,9668.45,0,0,0.0000
8207,1932.82,9613.32,0,0,0.0000
8208,1715.39,9564.44,NaN,NaN,NaN
8209,2557.79,10110.52,0,0,0.0000
8210,2864.30,10044.54,NaN,NaN,NaN
8211,2497.86,9982.63,2,3,0.0000
8212,2616.69,10034.28,0,0,0.0000
8213,2485.89,9754.91,3,7,2.3333
8214,2451.28,10030.45,0,0,0.0000
8215,2481.40,9657.80,NaN,NaN,NaN
8216,2645.38,9903.60,NaN,NaN,NaN
8217,2987.17,10069.76,NaN,NaN,NaN
8218,3184.89,10086.40,NaN,NaN,NaN
8219,3052.87,10081.07,3,5,0.0000
8220,2936.15,10101.47,NaN,NaN,NaN
8221,2601.77,9837.43,0,0,0.0000
8222,2840.26,10100.76,NaN,NaN,NaN
8223,2785.11,10057.52,0,0,0.0000
8224,2703.48,10077.31,NaN,NaN,NaN
8225,2746.07,10056.85,0,0,0.0000
8226,2547.48,9786.32,0,0,0.0000
8227,3961.96,9564.66,NaN,NaN,NaN
8228,4713.60,9587.59,2,8,4.0000
8229,4335.23,9549.87,3,5,0.0000
8230,4489.92,9622.59,NaN,NaN,NaN
8231,4363.19,9734.09,NaN,NaN,NaN
8232,4510.40,9419.21,0,0,0.0000
8233,4593.35,9743.34,NaN,NaN,NaN
8234,4595.36,9864.17,NaN,NaN,NaN
8235,4608.11,9422.06,NaN,NaN,NaN
8236,4204.71,9422.85,NaN,NaN,NaN
8237,4283.83,9898.35,3,4,0.0000
8238,4603.27,9935.30,0,0,0.0000
8239,4025.55,9534.25,2,2,0.0000
8240,4365.74,10071.88,NaN,NaN,NaN
8241,4426.35,9868.65,NaN,NaN,NaN
8242,4307.09,9445.89,2,4,2.0000
8243,4712.47,10019.15,NaN,NaN,NaN
8244,4075.61,9436.33,NaN,NaN,NaN
8245,4292.88,9627.95,NaN,NaN,NaN
8246,4517.82,9814.62,0,0,0.0000
8247,4293.41,10049.12,NaN,NaN,NaN
8248,4057.94,9360.14,NaN,NaN,NaN
8249,4511.42,9984.46,NaN,NaN,NaN
8250,4548.30,10049.50,NaN,NaN,NaN
8251,4642.08,9980.90,0,0,0.0000
8252,4273.41,9709.09,3,5,0.0000
8253,4367.61,9934.49,NaN,NaN,NaN
8254,4192.76,9964.96,NaN,NaN,NaN
8255,4164.60,9603.63,3,1,0.0000
8256,4664.85,9786.59,2,3,0.0000
8257,4521.73,9711.59,NaN,NaN,NaN
8258,4702.81,9375.26,NaN,NaN,NaN
8259,4554.59,9503.73,0,0,0.0000
8260,4004.70,9385.37,0,0,0.0000
8261,4212.48,9516.81,NaN,NaN,NaN
8262,4127.98,9519.33,3,4,0.0000
8263,4419.91,9498.35,0,0,0.0000
8264,4726.35,10075.53,0,0,0.0000
8265,4480.24,9538.25,NaN,NaN,NaN
8266,4069.75,9616.62,0,0,0.0000
8267,4449.19,10028.52,NaN,NaN,NaN
8268,4072.52,9712.99,0,0,0.0000
8269,4377.71,9648.46,NaN,NaN,NaN
8270,4710.08,9899.72,NaN,NaN,NaN
8271,4231.31,9571.61,NaN,NaN,NaN
8272,4011.79,9612.57,2,5,2.5000
8273,4101.35,9663.35,NaN,NaN,NaN
8274,4348.49,9854.12,0,0,0.0000
8275,4248.30,9377.27,NaN,NaN,NaN
8276,4092.25,9792.12,0,0,0.0000
8277,4068.49,9495.10,NaN,NaN,NaN
8278,4461.21,9698.46,2,5,2.5000
8279,4201.25,9861.93,NaN,NaN,NaN
8280,4707.82,9727.31,0,0,0.0000
8281,4129.74,9841.38,2,7,3.5000
8282,4617.75,10083.88,0,0,0.0000
8283,4154.62,9461.93,NaN,NaN,NaN
8284,4019.63,9663.06,NaN,NaN,NaN
8285,4694.50,9848.63,0,0,0.0000
8286,4505.72,9902.07,0,0,0.0000
8287,4426.72,9962.37,0,0,0.0000
8288,4710.56,9948.15,NaN,NaN,NaN
8289,4425.55,9432.76,0,0,0.0000
8290,4318.50,9990.17,2,4,2.0000
8291,4426.76,9671.59,NaN,NaN,NaN
8292,4370.25,9403.94,NaN,NaN,NaN
8293,4099.07,9584.36,0,0,0.0000
8294,4458.98,9387.38,0,0,0.0000
8295,4562.85,9568.00,0,0,0.0000
8296,4628.66,9493.44,NaN,NaN,NaN
8297,5370.34,9681.98,0,0,0.0000
8298,5104.25,9641.13,NaN,NaN,NaN
8299,5228.76,9819.93,2,2,0.0000
8300,5059.01,9768.53,NaN,NaN,NaN
8301,4906.54,9515.66,NaN,NaN,NaN
8302,5013.59,9477.47,3,6,2.0000
8303,4802.52,10038.24,0,0,0.0000
8304,4798.07,9432.29,NaN,NaN,NaN
8305,5481.56,9488.94,3,3,0.0000
8306,5446.38,9388.76,NaN,NaN,NaN
8307,5498.51,10067.73,3,3,0.0000
8308,5180.26,9947.47,NaN,NaN,NaN
8309,5367.97,10072.94,NaN,NaN,NaN
8310,5274.68,9676.19,NaN,NaN,NaN
8311,4836.05,9787.25,2,4,2.0000
8312,5193.18,9508.48,0,0,0.0000
8313,5257.14,9965.64,0,0,0.0000
8314,5281.66,9403.52,NaN,NaN,NaN
8315,4941.41,9793.50,3,5,0.0000
8316,5434.88,9777.58,NaN,NaN,NaN
8317,4928.55,9697.63,NaN,NaN,NaN
8318,5452.01,10028.74,2,4,2.0000
8319,5496.70,9717.09,NaN,NaN,NaN
8320,5165.72,9412.38,0,0,0.0000
8321,4992.41,9897.20,NaN,NaN,NaN
8322,4998.89,9663.04,2,3,0.0000
8323,4795.25,9946.63,NaN,NaN,NaN
8324,5059.88,9832.05,2,5,2.5000
8325,5224.49,9716.09,2,4,2.0000
8326,5102.06,9860.94,0,0,0.0000
8327,4908.73,9404.27,NaN,NaN,NaN
8328,5306.00,9583.69,NaN,NaN,NaN
8329,5305.62,9886.10,2,4,2.0000
8330,4786.81,9850.01,NaN,NaN,NaN
8331,5452.78,9568.63,0,0,0.0000
8332,5102.12,9908.41,3,4,0.0000
8333,5157.88,10090.01,NaN,NaN,NaN
8334,5255.83,9876.24,2,4,2.0000
8335,5354.96,9777.69,0,0,0.0000
8336,4821.79,9370.51,3,6,2.0000
8337,4835.05,9885.98,NaN,NaN,NaN
8338,5479.36,9869.36,NaN,NaN,NaN
8339,5156.50,9766.86,NaN,NaN,NaN
8340,5004.03,9368.89,2,3,0.0000
8341,4919.79,9624.29,0,0,0.0000
8342,4910.80,9982.17,2,8,4.0000
8343,5423.08,9611.21,2,4,2.0000
8344,5183.01,9568.88,0,0,0.0000
8345,5332.02,9821.32,NaN,NaN,NaN
8346,5055.51,9396.73,0,0,0.0000
8347,4964.17,9387.04,NaN,NaN,NaN
8348,5143.98,10019.14,0,0,0.0000
8349,5539.73,9591.87,0,0,0.0000
8350,5570.37,10099.63,0,0,0.0000
8351,5662.59,9962.82,NaN,NaN,NaN
8352,5546.07,9827.56,NaN,NaN,NaN
8353,5705.35,10048.88,0,0,0.0000
8354,5659.77,9404.21,NaN,NaN,NaN
8355,5664.92,9701.25,0,0,0.0000
8356,5606.24,9901.14,0,0,0.0000
8357,5552.12,9749.44,NaN,NaN,NaN
8358,5656.30,9833.86,0,0,0.0000
8359,5582.18,9986.73,0,0,0.0000
8360,5637.52,9580.93,0,0,0.0000
8361,5574.59,9429.22,NaN,NaN,NaN
8362,5587.40,9681.48,0,0,0.0000
8363,5737.27,9903.27,NaN,NaN,NaN
8364,5731.11,9660.38,0,0,0.0000
8365,5666.61,9775.14,0,0,0.0000
8366,5506.19,9951.06,NaN,NaN,NaN
8367,5608.53,9486.92,4,4,0.0000
8368,5665.53,9491.98,NaN,NaN,NaN
8369,5516.67,9347.38,0,0,0.0000
8370,5687.09,9587.52,NaN,NaN,NaN
8371,5546.10,9933.10,0,0,0.0000
8372,5773.66,9631.38,0,0,0.0000
8373,7437.30,9633.50,NaN,NaN,NaN
8374,7447.96,9423.25,NaN,NaN,NaN
8375,7347.47,9995.11,3,3,0.0000
8376,7384.24,9662.31,NaN,NaN,NaN
8377,7354.99,9588.31,NaN,NaN,NaN
8378,7406.13,9372.13,NaN,NaN,NaN
8379,7462.14,9835.49,2,4,2.0000
8380,7393.38,9837.48,0,0,0.0000
8381,7090.72,9572.70,NaN,NaN,NaN
8382,7441.59,9507.08,0,0,0.0000
8383,7095.36,9635.21,NaN,NaN,NaN
8384,7328.12,9633.18,0,0,0.0000
8385,7490.62,9469.48,NaN,NaN,NaN
8386,7488.26,9538.10,NaN,NaN,NaN
8387,7469.85,9777.85,NaN,NaN,NaN
8388,7410.89,9771.59,NaN,NaN,NaN
8389,7416.06,9906.69,NaN,NaN,NaN
8390,7322.79,9741.56,NaN,NaN,NaN
8391,7642.27,9868.87,0,0,0.0000
8392,7351.28,9820.81,2,7,3.5000
8393,7454.94,9720.63,0,0,0.0000
8394,7557.10,9780.01,NaN,NaN,NaN
8395,7508.00,9756.95,0,0,0.0000
8396,7435.75,9874.01,NaN,NaN,NaN
8397,7369.50,9986.69,NaN,NaN,NaN
8398,7330.10,10037.95,2,3,0.0000
8399,7270.61,9923.46,NaN,NaN,NaN
8400,7421.93,9958.23,0,0,0.0000
8401,8318.69,10069.42,2,1,0.0000
8402,8484.51,9710.01,NaN,NaN,NaN
8403,8381.40,9437.20,2,5,2.5000
8404,8494.07,9513.33,NaN,NaN,NaN
8405,8471.15,9414.74,0,0,0.0000
8406,8417.86,10019.88,0,0,0.0000
8407,8537.01,9560.04,2,7,3.5000
8408,8520.04,9376.38,0,0,0.0000
8409,8514.77,9633.98,NaN,NaN,NaN
8410,8428.14,9738.26,NaN,NaN,NaN
8411,8566.41,9404.91,0,0,0.0000
8412,8539.80,9475.97,0,0,0.0000
8413,8543.44,9734.61,NaN,NaN,NaN
8414,8383.19,9514.51,NaN,NaN,NaN
8415,8628.68,9365.13,2,3,0.0000
8416,9318.72,9727.23,0,0,0.0000
8417,8589.79,9560.50,NaN,NaN,NaN
8418,8639.59,9434.25,NaN,NaN,NaN
8419,8600.00,9606.94,0,0,0.0000
8420,8601.47,9465.43,NaN,NaN,NaN
8421,9832.23,9962.80,NaN,NaN,NaN
8422,9905.36,9561.83,NaN,NaN,NaN
8423,10070.73,9451.65,NaN,NaN,NaN
8424,9909.42,9393.68,NaN,NaN,NaN
8425,9896.80,9837.15,NaN,NaN,NaN
8426,9975.22,9531.54,0,0,0.0000
8427,10061.47,9886.82,NaN,NaN,NaN
8428,9794.11,9403.04,0,0,0.0000
8429,9967.93,9976.27,NaN,NaN,NaN
8430,10002.06,9758.06,0,0,0.0000
8431,10049.54,9365.58,2,4,2.0000
8432,10077.76,9533.76,0,0,0.0000
8433,9621.99,9643.76,NaN,NaN,NaN
8434,9761.20,10075.85,0,0,0.0000
8435,9712.56,9759.71,0,0,0.0000
8436,9919.45,10028.86,NaN,NaN,NaN
8437,9939.81,9901.92,4,3,0.0000
8438,9837.12,9717.49,NaN,NaN,NaN
8439,9903.64,9690.67,NaN,NaN,NaN
8440,9972.83,9858.11,0,0,0.0000
8441,9871.01,10079.65,2,5,2.5000
8442,9826.46,10042.69,NaN,NaN,NaN
8443,9855.55,9456.16,NaN,NaN,NaN
8444,9708.71,9597.43,0,0,0.0000
8445,9871.12,9745.73,NaN,NaN,NaN
8446,9704.46,10080.06,0,0,0.0000
8447,9749.11,9889.93,0,0,0.0000
8448,10050.03,10099.05,NaN,NaN,NaN
8449,10002.96,9818.37,NaN,NaN,NaN
8450,10009.09,9927.14,0,0,0.0000
8451,9795.02,9859.04,0,0,0.0000
8452,9968.12,10067.27,NaN,NaN,NaN
8453,9792.06,9911.39,NaN,NaN,NaN
8454,9922.62,9753.37,NaN,NaN,NaN
8455,10720.39,9651.60,2,3,0.0000
8456,10114.50,9650.39,NaN,NaN,NaN
8457,10592.89,9437.58,0,0,0.0000
8458,10517.91,9674.04,NaN,NaN,NaN
8459,10573.99,10011.30,NaN,NaN,NaN
8460,10426.16,9654.78,NaN,NaN,NaN
8461,10194.23,9734.46,NaN,NaN,NaN
8462,10857.61,10079.73,NaN,NaN,NaN
8463,10274.90,9391.43,NaN,NaN,NaN
8464,10507.65,9529.52,NaN,NaN,NaN
8465,10323.14,9460.77,2,7,3.5000
8466,10462.84,9429.82,2,3,0.0000
8467,10876.99,9840.64,0,0,0.0000
8468,10521.10,9366.50,NaN,NaN,NaN
8469,10698.05,9910.86,NaN,NaN,NaN
8470,10586.77,9729.74,0,0,0.0000
8471,10842.47,9567.78,NaN,NaN,NaN
8472,10264.06,9844.38,0,0,0.0000
8473,10212.08,9565.21,NaN,NaN,NaN
8474,10351.93,9801.16,NaN,NaN,NaN
8475,10411.94,9753.61,NaN,NaN,NaN
8476,10191.65,9472.19,0,0,0.0000
8477,10600.91,9532.33,NaN,NaN,NaN
8478,10520.36,9771.37,0,0,0.0000
8479,10119.10,9769.96,NaN,NaN,NaN
8480,10228.22,9632.41,NaN,NaN,NaN
8481,10710.67,9990.67,0,0,0.0000
8482,10153.63,9889.34,0,0,0.0000
8483,10189.14,9379.02,NaN,NaN,NaN
8484,10624.53,9639.18,NaN,NaN,NaN
8485,10184.99,9996.44,0,0,0.0000
8486,10307.35,10070.28,2,1,0.0000
8487,10431.05,9554.25,0,0,0.0000
8488,10380.26,9573.26,2,2,0.0000
8489,10335.73,9550.42,NaN,NaN,NaN
8490,10665.44,9786.32,0,0,0.0000
8491,10203.55,9912.31,NaN,NaN,NaN
8492,10315.93,9613.96,0,0,0.0000
8493,10335.82,9685.49,0,0,0.0000
8494,10798.34,9960.36,2,4,2.0000
8495,10275.12,9711.22,NaN,NaN,NaN
8496,10620.96,9356.60,NaN,NaN,NaN
8497,10707.56,9832.39,0,0,0.0000
8498,10245.20,10105.23,0,0,0.0000
8499,10748.72,9937.15,NaN,NaN,NaN
8500,10281.89,9902.21,NaN,NaN,NaN
8501,10874.93,9742.15,NaN,NaN,NaN
8502,10621.76,9755.13,0,0,0.0000
8503,10390.23,9442.39,0,0,0.0000
8504,10264.38,9994.82,0,0,0.0000
8505,10317.75,9746.70,0,0,0.0000
8506,10249.36,9454.53,NaN,NaN,NaN
8507,10252.72,9528.69,NaN,NaN,NaN
8508,10600.47,10094.15,NaN,NaN,NaN
8509,10226.12,10068.70,0,0,0.0000
8510,10770.16,10010.64,NaN,NaN,NaN
8511,10527.64,9810.08,0,0,0.0000
8512,10476.00,10089.10,0,0,0.0000
8513,10299.60,9511.91,NaN,NaN,NaN
8514,10434.82,9360.41,NaN,NaN,NaN
8515,10875.40,9934.55,0,0,0.0000
8516,10121.03,9372.35,0,0,0.0000
8517,10648.87,9921.61,NaN,NaN,NaN
8518,10772.86,9561.00,NaN,NaN,NaN
8519,11249.25,9949.35,0,0,0.0000
8520,11024.11,9498.08,0,0,0.0000
8521,11165.57,9730.90,NaN,NaN,NaN
8522,11339.46,9770.72,0,0,0.0000
8523,10993.86,9395.67,3,5,0.0000
8524,11072.17,9615.99,NaN,NaN,NaN
8525,11285.97,10091.74,0,0,0.0000
8526,10985.81,9672.09,NaN,NaN,NaN
8527,10909.66,9522.66,0,0,0.0000
8528,10883.10,9994.95,NaN,NaN,NaN
8529,11133.80,10018.68,NaN,NaN,NaN
8530,11059.91,9785.66,0,0,0.0000
8531,11355.70,9899.11,0,0,0.0000
8532,11060.58,10097.25,2,5,2.5000
8533,11209.53,9437.25,NaN,NaN,NaN
8534,10983.17,9590.20,NaN,NaN,NaN
8535,11089.13,9684.51,NaN,NaN,NaN
8536,11140.51,9391.17,NaN,NaN,NaN
8537,10977.59,9949.61,3,4,0.0000
8538,11068.96,9866.13,2,5,2.5000
8539,11310.87,9400.60,NaN,NaN,NaN
8540,10918.69,9686.00,2,4,2.0000
8541,11114.63,9738.92,0,0,0.0000
8542,11055.04,9946.74,2,3,0.0000
8543,11127.46,9919.80,0,0,0.0000
8544,11122.16,9440.31,NaN,NaN,NaN
8545,11017.19,10020.04,2,8,4.0000
8546,11322.62,9532.89,2,5,2.5000
8547,11390.57,9532.05,2,4,2.0000
8548,11257.36,9573.89,NaN,NaN,NaN
8549,10919.62,9780.15,NaN,NaN,NaN
8550,11311.28,9596.16,0,0,0.0000
8551,11158.03,9594.48,NaN,NaN,NaN
8552,11019.46,9886.80,NaN,NaN,NaN
8553,10898.74,9427.91,NaN,NaN,NaN
8554,10911.87,9593.05,NaN,NaN,NaN
8555,11142.73,10104.88,NaN,NaN,NaN
8556,11234.54,9817.44,3,4,0.0000
8557,11414.95,9499.98,NaN,NaN,NaN
8558,11065.75,9351.82,NaN,NaN,NaN
8559,11276.69,9721.56,4,7,0.0000
8560,11295.42,9673.14,NaN,NaN,NaN
8561,10950.30,10035.89,3,8,2.6667
8562,10972.18,9738.47,NaN,NaN,NaN
8563,10918.57,9917.08,NaN,NaN,NaN
8564,10936.26,9381.96,2,4,2.0000
8565,11358.05,9353.59,NaN,NaN,NaN
8566,320.14,10463.95,3,2,0.0000
8567,230.81,10708.12,2,8,4.0000
8568,214.77,10499.36,NaN,NaN,NaN
8569,686.50,10841.14,NaN,NaN,NaN
8570,132.61,10432.15,2,2,0.0000
8571,261.16,10210.02,0,0,0.0000
8572,52.05,10532.42,2,4,2.0000
8573,261.23,10338.40,NaN,NaN,NaN
8574,152.94,10839.71,0,0,0.0000
8575,160.09,10613.00,2,6,3.0000
8576,88.02,10769.05,NaN,NaN,NaN
8577,343.41,10695.69,NaN,NaN,NaN
8578,553.79,10220.38,2,4,2.0000
8579,177.36,10347.57,NaN,NaN,NaN
8580,351.21,10786.53,2,4,2.0000
8581,449.27,10321.28,3,4,0.0000
8582,163.48,10204.31,NaN,NaN,NaN
8583,554.98,10634.78,3,5,0.0000
8584,296.61,10874.36,2,2,0.0000
8585,600.93,10864.72,NaN,NaN,NaN
8586,467.83,10643.81,0,0,0.0000
8587,644.95,10780.90,0,0,0.0000
8588,409.32,10714.33,NaN,NaN,NaN
8589,469.88,10767.84,0,0,0.0000
8590,514.45,10845.16,NaN,NaN,NaN
8591,615.39,10203.50,NaN,NaN,NaN
8592,179.85,10269.20,0,0,0.0000
8593,417.39,10175.83,2,5,2.5000
8594,522.03,10147.36,NaN,NaN,NaN
8595,492.17,10231.10,NaN,NaN,NaN
8596,542.43,10789.90,NaN,NaN,NaN
8597,130.59,10715.69,NaN,NaN,NaN
8598,305.42,10651.07,0,0,0.0000
8599,721.60,10750.62,NaN,NaN,NaN
8600,238.81,10796.31,NaN,NaN,NaN
8601,479.76,10703.65,0,0,0.0000
8602,578.91,10724.89,NaN,NaN,NaN
8603,120.87,10566.93,NaN,NaN,NaN
8604,457.40,10152.42,2,5,2.5000
8605,639.65,10634.78,2,4,2.0000
8606,469.29,10509.11,NaN,NaN,NaN
8607,340.46,10856.24,NaN,NaN,NaN
8608,39.93,10692.36,0,0,0.0000
8609,520.43,10311.09,NaN,NaN,NaN
8610,612.44,10694.70,NaN,NaN,NaN
8611,609.46,10502.26,NaN,NaN,NaN
8612,568.81,10534.40,0,0,0.0000
8613,617.84,10299.38,2,2,0.0000
8614,128.66,10509.24,4,7,0.0000
8615,415.04,10781.62,0,0,0.0000
8616,616.34,10369.96,NaN,NaN,NaN
8617,235.09,10852.27,NaN,NaN,NaN
8618,566.27,10445.71,NaN,NaN,NaN
8619,632.08,10147.95,NaN,NaN,NaN
8620,578.81,10567.30,0,0,0.0000
8621,662.03,10712.29,0,0,0.0000
8622,411.84,10629.51,0,0,0.0000
8623,92.99,10667.37,0,0,0.0000
8624,455.90,10574.59,0,0,0.0000
8625,50.04,10414.73,NaN,NaN,NaN
8626,202.66,10781.65,0,0,0.0000
8627,281.44,10802.62,0,0,0.0000
8628,524.69,10530.18,0,0,0.0000
8629,1331.78,10458.84,NaN,NaN,NaN
8630,1215.84,10224.81,3,6,2.0000
8631,1652.01,10634.18,4,6,0.0000
8632,1640.08,10171.81,2,2,0.0000
8633,1310.90,10575.87,NaN,NaN,NaN
8634,1286.25,10299.25,NaN,NaN,NaN
8635,1461.12,10172.92,NaN,NaN,NaN
8636,1373.36,10339.91,0,0,0.0000
8637,1335.72,10240.44,2,2,0.0000
8638,1516.17,10415.69,NaN,NaN,NaN
8639,1396.95,10200.55,2,3,0.0000
8640,1165.80,10296.43,3,3,0.0000
8641,1659.89,10263.64,NaN,NaN,NaN
8642,1467.51,10277.18,3,4,0.0000
8643,1593.53,10258.38,3,4,0.0000
8644,1444.23,10473.91,0,0,0.0000
8645,1449.31,10658.53,NaN,NaN,NaN
8646,1519.18,10344.14,0,0,0.0000
8647,1257.44,10161.13,NaN,NaN,NaN
8648,1446.85,10364.51,NaN,NaN,NaN
8649,1517.99,10492.59,NaN,NaN,NaN
8650,1240.49,10420.87,NaN,NaN,NaN
8651,1541.29,10208.43,2,3,0.0000
8652,1543.51,10568.21,NaN,NaN,NaN
8653,1489.80,10602.36,NaN,NaN,NaN
8654,1165.79,10380.91,NaN,NaN,NaN
8655,1546.78,10684.85,NaN,NaN,NaN
8656,1426.12,10554.09,0,0,0.0000
8657,1242.78,10468.20,2,3,0.0000
8658,1588.12,10537.06,5,7,0.0000
8659,1372.00,10509.73,0,0,0.0000
8660,1245.13,10341.16,2,3,0.0000
8661,1637.75,10737.65,NaN,NaN,NaN
8662,1563.31,10147.36,NaN,NaN,NaN
8663,1403.88,10613.29,3,3,0.0000
8664,1296.21,10387.20,2,2,0.0000
8665,1210.14,10372.09,NaN,NaN,NaN
8666,1574.36,10477.59,NaN,NaN,NaN
8667,1221.22,10556.74,0,0,0.0000
8668,1233.66,10522.27,0,0,0.0000
8669,1582.91,10324.76,0,0,0.0000
8670,1667.49,10424.01,NaN,NaN,NaN
8671,2092.85,10833.74,NaN,NaN,NaN
8672,2020.36,10735.56,NaN,NaN,NaN
8673,1798.38,10473.40,3,4,0.0000
8674,2246.83,10579.53,0,0,0.0000
8675,2430.56,10839.38,2,4,2.0000
8676,2298.53,10772.43,2,5,2.5000
8677,1673.40,10548.76,NaN,NaN,NaN
8678,2212.58,10845.63,NaN,NaN,NaN
8679,1799.55,10613.06,NaN,NaN,NaN
8680,1930.96,10430.19,0,0,0.0000
8681,2248.79,10683.86,2,5,2.5000
8682,1846.18,10319.88,NaN,NaN,NaN
8683,1954.79,10613.23,NaN,NaN,NaN
8684,2360.57,10354.02,NaN,NaN,NaN
8685,2126.72,10487.69,NaN,NaN,NaN
8686,1693.74,10750.49,2,3,0.0000
8687,1718.39,10129.62,NaN,NaN,NaN
8688,2028.76,10464.21,NaN,NaN,NaN
8689,1905.21,10877.55,NaN,NaN,NaN
8690,2268.88,10120.42,3,6,2.0000
8691,2262.95,10219.22,NaN,NaN,NaN
8692,1881.97,10569.51,3,4,0.0000
8693,2107.52,10670.17,2,4,2.0000
8694,2341.85,10851.40,0,0,0.0000
8695,2297.42,10274.05,4,4,0.0000
8696,1940.48,10381.53,2,3,0.0000
8697,2175.47,10616.99,3,3,0.0000
8698,2137.65,10585.14,2,1,0.0000
8699,2198.48,10759.41,2,2,0.0000
8700,2090.93,10561.65,4,3,0.0000
8701,1729.96,10256.94,0,0,0.0000
8702,2405.21,10263.98,NaN,NaN,NaN
8703,1741.87,10611.38,2,4,2.0000
8704,1907.55,10499.92,0,0,0.0000
8705,2036.47,10547.94,0,0,0.0000
8706,1787.73,10319.57,3,5,0.0000
8707,1959.79,10829.78,NaN,NaN,NaN
8708,2167.59,10688.03,NaN,NaN,NaN
8709,1813.46,10684.60,NaN,NaN,NaN
8710,1938.99,10745.85,0,0,0.0000
8711,1860.20,10412.71,NaN,NaN,NaN
8712,2400.63,10213.61,NaN,NaN,NaN
8713,1752.77,10686.49,NaN,NaN,NaN
8714,1970.17,10529.95,NaN,NaN,NaN
8715,1861.23,10663.48,0,0,0.0000
8716,1742.40,10204.69,NaN,NaN,NaN
8717,2018.90,10611.91,NaN,NaN,NaN
8718,2421.26,10316.39,NaN,NaN,NaN
8719,2356.82,10224.49,3,3,0.0000
8720,2418.65,10169.76,NaN,NaN,NaN
8721,2296.03,10420.73,0,0,0.0000
8722,1776.37,10154.78,NaN,NaN,NaN
8723,2395.57,10140.80,0,0,0.0000
8724,1952.12,10687.83,0,0,0.0000
8725,2380.65,10169.71,NaN,NaN,NaN
8726,2141.93,10733.60,0,0,0.0000
8727,3102.33,10309.21,0,0,0.0000
8728,2916.50,10777.05,3,2,0.0000
8729,2895.66,10164.82,0,0,0.0000
8730,2803.58,10287.05,2,3,0.0000
8731,2745.55,10183.34,NaN,NaN,NaN
8732,2443.37,10387.29,5,6,0.0000
8733,2671.42,10484.84,NaN,NaN,NaN
8734,2513.99,10410.15,NaN,NaN,NaN
8735,2628.97,10335.55,NaN,NaN,NaN
8736,2685.70,10235.40,2,4,2.0000
8737,2812.73,10396.54,0,0,0.0000
8738,2982.93,10345.70,NaN,NaN,NaN
8739,3037.43,10260.43,2,2,0.0000
8740,2697.44,10128.75,2,3,0.0000
8741,2569.65,10378.24,NaN,NaN,NaN
8742,3078.67,10872.25,NaN,NaN,NaN
8743,2768.60,10339.34,0,0,0.0000
8744,2754.33,10612.82,0,0,0.0000
8745,3128.29,10130.78,NaN,NaN,NaN
8746,3137.21,10849.15,0,0,0.0000
8747,2465.87,10187.18,2,3,0.0000
8748,2698.13,10307.05,0,0,0.0000
8749,3034.78,10141.02,NaN,NaN,NaN
8750,2885.41,10433.07,NaN,NaN,NaN
8751,2987.81,10177.68,NaN,NaN,NaN
8752,2472.06,10271.85,NaN,NaN,NaN
8753,2744.64,10461.94,0,0,0.0000
8754,2934.79,10376.53,0,0,0.0000
8755,2517.70,10235.72,3,3,0.0000
8756,2592.51,10279.72,NaN,NaN,NaN
8757,2657.56,10408.13,0,0,0.0000
8758,3113.00,10230.75,NaN,NaN,NaN
8759,2943.66,10277.05,0,0,0.0000
8760,2921.85,10842.50,NaN,NaN,NaN
8761,2577.07,10463.60,2,3,0.0000
8762,3014.13,10395.46,0,0,0.0000
8763,3071.54,10364.86,NaN,NaN,NaN
8764,2993.17,10849.57,0,0,0.0000
8765,2625.49,10181.20,0,0,0.0000
8766,2631.07,10527.60,2,2,0.0000
8767,2785.98,10232.83,NaN,NaN,NaN
8768,2815.05,10147.54,0,0,0.0000
8769,2539.82,10190.95,NaN,NaN,NaN
8770,2722.43,10403.47,0,0,0.0000
8771,2711.60,10582.00,NaN,NaN,NaN
8772,3175.86,10399.53,0,0,0.0000
8773,3164.45,10251.97,0,0,0.0000
8774,3105.13,10181.21,0,0,0.0000
8775,2706.38,10368.57,0,0,0.0000
8776,3008.53,10215.97,NaN,NaN,NaN
8777,2832.78,10442.12,0,0,0.0000
8778,2487.76,10334.23,0,0,0.0000
8779,2544.77,10271.92,NaN,NaN,NaN
8780,3065.40,10200.59,NaN,NaN,NaN
8781,2499.41,10455.84,NaN,NaN,NaN
8782,2528.79,10311.61,0,0,0.0000
8783,2578.07,10222.70,0,0,0.0000
8784,3176.49,10211.11,0,0,0.0000
8785,2610.78,10225.82,0,0,0.0000
8786,3674.78,10353.62,3,5,0.0000
8787,3797.78,10737.11,NaN,NaN,NaN
8788,3687.67,10678.20,NaN,NaN,NaN
8789,3371.95,10418.04,3,5,0.0000
8790,3519.65,10391.26,2,0,0.0000
8791,3596.54,10841.86,NaN,NaN,NaN
8792,3512.04,10249.29,NaN,NaN,NaN
8793,3223.73,10310.75,3,5,0.0000
8794,3712.93,10784.65,2,5,2.5000
8795,3752.49,10550.27,NaN,NaN,NaN
8796,3648.88,10424.54,NaN,NaN,NaN
8797,3644.74,10591.19,NaN,NaN,NaN
8798,3803.29,10387.89,3,5,0.0000
8799,3665.24,10830.78,NaN,NaN,NaN
8800,3436.79,10270.81,NaN,NaN,NaN
8801,3286.44,10380.20,NaN,NaN,NaN
8802,3823.39,10473.61,NaN,NaN,NaN
8803,3424.54,10351.21,4,4,0.0000
8804,3310.53,10279.06,2,3,0.0000
8805,3234.15,10401.31,0,0,0.0000
8806,3239.63,10460.36,NaN,NaN,NaN
8807,3794.33,10869.67,2,4,2.0000
8808,3725.27,10470.27,5,6,0.0000
8809,3588.46,10452.11,NaN,NaN,NaN
8810,3565.65,10326.95,4,7,0.0000
8811,3644.29,10522.80,4,6,0.0000
8812,3333.51,10344.49,0,0,0.0000
8813,3611.59,10258.98,0,0,0.0000
8814,3467.03,10877.40,NaN,NaN,NaN
8815,3561.61,10511.04,NaN,NaN,NaN
8816,3355.52,10113.58,NaN,NaN,NaN
8817,3528.76,10562.28,0,0,0.0000
8818,3811.15,10819.49,NaN,NaN,NaN
8819,3389.07,10206.41,NaN,NaN,NaN
8820,3216.48,10248.72,0,0,0.0000
8821,3786.43,10442.21,NaN,NaN,NaN
8822,3721.80,10866.86,0,0,0.0000
8823,3581.49,10582.26,3,6,2.0000
8824,3854.59,10794.78,0,0,0.0000
8825,3772.67,10644.53,2,2,0.0000
8826,4242.21,10414.85,NaN,NaN,NaN
8827,4478.23,10422.40,0,0,0.0000
8828,4365.31,10317.53,NaN,NaN,NaN
8829,4422.62,10631.58,NaN,NaN,NaN
8830,4463.59,10147.98,0,0,0.0000
8831,4585.56,10177.09,NaN,NaN,NaN
8832,4480.25,10558.29,NaN,NaN,NaN
8833,4729.16,10702.75,NaN,NaN,NaN
8834,4384.79,10520.18,3,7,2.3333
8835,4120.50,10542.00,NaN,NaN,NaN
8836,4610.85,10717.95,2,5,2.5000
8837,4495.92,10275.72,NaN,NaN,NaN
8838,4261.61,10272.17,0,0,0.0000
8839,4518.19,10719.66,NaN,NaN,NaN
8840,4596.83,10856.86,NaN,NaN,NaN
8841,4681.75,10879.84,NaN,NaN,NaN
8842,4663.23,10451.01,NaN,NaN,NaN
8843,4580.52,10646.39,2,3,0.0000
8844,4434.10,10842.94,NaN,NaN,NaN
8845,4117.00,10373.03,2,2,0.0000
8846,4596.31,10354.50,NaN,NaN,NaN
8847,4195.48,10550.66,NaN,NaN,NaN
8848,4383.18,10215.83,2,6,3.0000
8849,4564.71,10433.93,2,2,0.0000
8850,4623.77,10251.92,4,7,0.0000
8851,4321.46,10463.08,NaN,NaN,NaN
8852,4692.27,10615.05,NaN,NaN,NaN
8853,4019.88,10487.30,NaN,NaN,NaN
8854,4580.57,10491.43,NaN,NaN,NaN
8855,4645.92,10181.72,NaN,NaN,NaN
8856,4195.45,10339.43,2,4,2.0000
8857,4342.50,10162.16,NaN,NaN,NaN
8858,4262.95,10555.89,NaN,NaN,NaN
8859,4670.70,10795.61,NaN,NaN,NaN
8860,4631.48,10608.47,2,4,2.0000
8861,4575.66,10769.04,NaN,NaN,NaN
8862,4701.34,10212.33,2,6,3.0000
8863,4364.72,10404.32,2,3,0.0000
8864,4203.28,10276.70,0,0,0.0000
8865,4444.96,10763.11,2,3,0.0000
8866,4577.35,10573.02,0,0,0.0000
8867,4665.17,10288.05,NaN,NaN,NaN
8868,4320.68,10570.52,2,3,0.0000
8869,4265.75,10612.12,NaN,NaN,NaN
8870,4438.91,10247.71,NaN,NaN,NaN
8871,4532.65,10328.17,0,0,0.0000
8872,4033.89,10382.84,NaN,NaN,NaN
8873,4419.28,10728.41,NaN,NaN,NaN
8874,4482.38,10793.89,NaN,NaN,NaN
8875,4729.74,10834.21,0,0,0.0000
8876,4688.07,10517.46,NaN,NaN,NaN
8877,4532.92,10820.51,0,0,0.0000
8878,4103.10,10635.87,3,3,0.0000
8879,4338.45,10873.78,NaN,NaN,NaN
8880,4553.19,10128.11,NaN,NaN,NaN
8881,4605.70,10518.01,0,0,0.0000
8882,4512.96,10204.08,NaN,NaN,NaN
8883,4602.16,10301.74,3,2,0.0000
8884,4713.40,10753.97,NaN,NaN,NaN
8885,4625.23,10788.60,NaN,NaN,NaN
8886,4721.85,10500.36,NaN,NaN,NaN
8887,4664.11,10557.41,0,0,0.0000
8888,4373.85,10821.90,NaN,NaN,NaN
8889,5345.45,10386.66,0,0,0.0000
8890,5407.55,10176.70,NaN,NaN,NaN
8891,5260.98,10206.51,NaN,NaN,NaN
8892,5474.62,10265.02,0,0,0.0000
8893,4745.47,10564.97,4,6,0.0000
8894,5433.87,10470.30,3,7,2.3333
8895,4785.82,10630.20,3,7,2.3333
8896,5483.19,10694.34,3,4,0.0000
8897,5492.35,10595.67,0,0,0.0000
8898,5427.64,10630.77,2,3,0.0000
8899,4736.85,10789.22,NaN,NaN,NaN
8900,5488.94,10374.55,NaN,NaN,NaN
8901,5322.70,10168.47,0,0,0.0000
8902,5398.08,10267.57,NaN,NaN,NaN
8903,4795.37,10685.43,2,2,0.0000
8904,5326.52,10516.14,0,0,0.0000
8905,4738.48,10440.10,NaN,NaN,NaN
8906,4779.50,10841.03,NaN,NaN,NaN
8907,5406.21,10571.01,NaN,NaN,NaN
8908,5443.84,10755.14,NaN,NaN,NaN
8909,5404.81,10319.47,0,0,0.0000
8910,5437.99,10715.85,NaN,NaN,NaN
8911,4763.45,10401.66,NaN,NaN,NaN
8912,5455.00,10361.09,2,6,3.0000
8913,5773.91,10703.20,NaN,NaN,NaN
8914,5851.93,10370.48,2,3,0.0000
8915,5556.88,10583.31,NaN,NaN,NaN
8916,5722.25,10290.08,2,6,3.0000
8917,5669.30,10191.72,NaN,NaN,NaN
8918,5583.26,10465.55,NaN,NaN,NaN
8919,5933.02,10508.77,NaN,NaN,NaN
8920,5746.60,10201.40,0,0,0.0000
8921,5662.04,10532.76,NaN,NaN,NaN
8922,5980.58,10699.63,NaN,NaN,NaN
8923,5642.99,10853.59,3,4,0.0000
8924,6066.60,10867.67,0,0,0.0000
8925,6055.15,10699.78,NaN,NaN,NaN
8926,6115.17,10775.30,NaN,NaN,NaN
8927,5907.65,10605.47,NaN,NaN,NaN
8928,5662.12,10391.60,0,0,0.0000
8929,5810.80,10476.11,2,2,0.0000
8930,5695.77,10767.82,3,6,2.0000
8931,6061.67,10459.48,0,0,0.0000
8932,5547.10,10741.97,0,0,0.0000
8933,6004.73,10576.67,NaN,NaN,NaN
8934,6048.21,10535.64,NaN,NaN,NaN
8935,5748.53,10378.05,0,0,0.0000
8936,5551.32,10204.48,3,4,0.0000
8937,5506.57,10485.15,NaN,NaN,NaN
8938,5631.57,10750.87,0,0,0.0000
8939,5716.86,10451.32,2,5,2.5000
8940,5653.85,10650.32,NaN,NaN,NaN
8941,5775.22,10580.28,NaN,NaN,NaN
8942,5957.82,10417.72,NaN,NaN,NaN
8943,5886.37,10721.31,0,0,0.0000
8944,5881.19,10819.20,NaN,NaN,NaN
8945,5551.81,10849.71,NaN,NaN,NaN
8946,5955.60,10804.29,0,0,0.0000
8947,5590.19,10795.02,0,0,0.0000
8948,5540.76,10407.09,NaN,NaN,NaN
8949,5762.35,10501.28,2,6,3.0000
8950,6073.63,10622.42,4,6,0.0000
8951,5588.60,10683.61,2,3,0.0000
8952,5624.48,10154.34,0,0,0.0000
8953,5988.71,10635.43,NaN,NaN,NaN
8954,5528.13,10667.99,0,0,0.0000
8955,5902.93,10767.32,0,0,0.0000
8956,5838.79,10203.11,NaN,NaN,NaN
8957,5854.56,10590.10,NaN,NaN,NaN
8958,6096.84,10542.28,NaN,NaN,NaN
8959,5875.79,10473.18,NaN,NaN,NaN
8960,5705.34,10610.14,0,0,0.0000
8961,5863.91,10646.46,0,0,0.0000
8962,5532.09,10360.35,0,0,0.0000
8963,7034.18,10712.26,NaN,NaN,NaN
8964,6990.93,10559.74,NaN,NaN,NaN
8965,7040.96,10629.17,NaN,NaN,NaN
8966,7065.89,10831.40,0,0,0.0000
8967,7040.57,10492.38,2,4,2.0000
8968,7515.76,10787.87,NaN,NaN,NaN
8969,7490.47,10858.03,0,0,0.0000
8970,7062.43,10549.79,2,3,0.0000
8971,7489.61,10813.25,NaN,NaN,NaN
8972,7424.52,10740.98,0,0,0.0000
8973,7398.90,10815.48,NaN,NaN,NaN
8974,7497.45,10617.18,0,0,0.0000
8975,7552.07,10544.25,2,2,0.0000
8976,7419.12,10683.66,NaN,NaN,NaN
8977,7452.66,10692.45,NaN,NaN,NaN
8978,7487.59,10657.02,0,0,0.0000
8979,7453.07,10640.14,0,0,0.0000
8980,7508.93,10502.02,NaN,NaN,NaN
8981,8356.76,10151.27,0,0,0.0000
8982,8342.78,10236.71,NaN,NaN,NaN
8983,8417.07,10443.52,NaN,NaN,NaN
8984,8272.27,10203.62,3,7,2.3333
8985,8364.51,10340.58,0,0,0.0000
8986,9024.74,10516.44,NaN,NaN,NaN
8987,8886.38,10440.44,0,0,0.0000
8988,8972.41,10331.90,NaN,NaN,NaN
8989,9130.01,10192.76,0,0,0.0000
8990,9261.84,10787.09,NaN,NaN,NaN
8991,8912.64,10526.56,2,3,0.0000
8992,8819.17,10342.60,NaN,NaN,NaN
8993,9160.74,10304.10,0,0,0.0000
8994,9075.28,10361.49,0,0,0.0000
8995,8694.48,10799.86,0,0,0.0000
8996,9251.62,10260.42,0,0,0.0000
8997,9022.13,10727.12,0,0,0.0000
8998,9081.58,10279.05,NaN,NaN,NaN
8999,9154.24,10404.88,NaN,NaN,NaN
9000,9022.57,10837.81,NaN,NaN,NaN
9001,9232.03,10879.80,NaN,NaN,NaN
9002,9341.77,10617.07,NaN,NaN,NaN
9003,8855.26,10658.51,NaN,NaN,NaN
9004,8854.76,10269.71,2,6,3.0000
9005,8993.21,10232.81,NaN,NaN,NaN
9006,8828.86,10536.85,2,6,3.0000
9007,8945.79,10873.09,NaN,NaN,NaN
9008,8889.67,10603.58,NaN,NaN,NaN
9009,8829.38,10484.84,NaN,NaN,NaN
9010,9217.10,10730.20,NaN,NaN,NaN
9011,9197.45,10491.74,NaN,NaN,NaN
9012,8804.71,10864.15,0,0,0.0000
9013,8805.49,10612.05,3,6,2.0000
9014,9286.14,10664.73,NaN,NaN,NaN
9015,9079.24,10830.45,NaN,NaN,NaN
9016,8874.09,10742.67,NaN,NaN,NaN
9017,8760.65,10276.81,0,0,0.0000
9018,9001.09,10292.85,0,0,0.0000
9019,9215.45,10665.61,0,0,0.0000
9020,9140.01,10527.13,NaN,NaN,NaN
9021,8959.67,10774.25,0,0,0.0000
9022,9251.95,10443.64,0,0,0.0000
9023,9044.34,10415.95,2,5,2.5000
9024,9334.67,10392.33,NaN,NaN,NaN
9025,9144.55,10794.59,0,0,0.0000
9026,8783.69,10561.12,NaN,NaN,NaN
9027,9316.13,10716.63,NaN,NaN,NaN
9028,9331.74,10820.25,0,0,0.0000
9029,9103.26,10846.18,NaN,NaN,NaN
9030,9220.81,10225.12,0,0,0.0000
9031,9280.97,10399.89,0,0,0.0000
9032,9203.70,10699.05,0,0,0.0000
9033,9104.47,10475.13,0,0,0.0000
9034,9041.93,10582.02,NaN,NaN,NaN
9035,9312.23,10189.49,0,0,0.0000
9036,9103.94,10430.36,NaN,NaN,NaN
9037,9165.25,10843.26,NaN,NaN,NaN
9038,8923.44,10360.65,0,0,0.0000
9039,9291.56,10631.41,0,0,0.0000
9040,9251.31,10831.44,0,0,0.0000
9041,9267.89,10746.01,NaN,NaN,NaN
9042,9284.03,10700.81,NaN,NaN,NaN
9043,8965.52,10824.27,0,0,0.0000
9044,9627.19,10699.96,2,7,3.5000
9045,9576.63,10846.90,0,0,0.0000
9046,9451.50,10773.60,NaN,NaN,NaN
9047,9648.82,10547.45,NaN,NaN,NaN
9048,9409.87,10682.29,NaN,NaN,NaN
9049,9680.73,10467.18,3,6,2.0000
9050,9422.64,10847.93,0,0,0.0000
9051,9631.78,10624.74,0,0,0.0000
9052,9345.08,10117.51,0,0,0.0000
9053,9361.61,10869.51,0,0,0.0000
9054,9540.74,10741.57,0,0,0.0000
9055,9460.02,10644.20,NaN,NaN,NaN
9056,9842.78,10581.51,0,0,0.0000
9057,9610.65,10459.62,2,5,2.5000
9058,9366.47,10262.99,0,0,0.0000
9059,9347.46,10748.46,0,0,0.0000
9060,9464.53,10360.42,0,0,0.0000
9061,9413.00,10363.33,NaN,NaN,NaN
9062,9719.01,10525.89,0,0,0.0000
9063,9400.89,10604.85,NaN,NaN,NaN
9064,9914.46,10175.23,NaN,NaN,NaN
9065,9496.74,10556.91,0,0,0.0000
9066,9750.08,10683.90,NaN,NaN,NaN
9067,9355.59,10685.03,NaN,NaN,NaN
9068,10016.84,10155.46,NaN,NaN,NaN
9069,9519.60,10775.10,0,0,0.0000
9070,10819.30,10419.01,3,7,2.3333
9071,10705.67,10115.67,0,0,0.0000
9072,10784.66,10134.32,0,0,0.0000
9073,10703.24,10415.78,3,4,0.0000
9074,10752.76,10215.17,0,0,0.0000
9075,10870.08,10482.41,0,0,0.0000
9076,10681.39,10198.76,0,0,0.0000
9077,10488.45,10141.19,0,0,0.0000
9078,10755.06,10378.06,0,0,0.0000
9079,10623.63,10184.83,3,5,0.0000
9080,10825.95,10299.70,2,8,4.0000
9081,10553.22,10129.23,NaN,NaN,NaN
9082,10840.22,10775.03,NaN,NaN,NaN
9083,10801.26,10783.11,NaN,NaN,NaN
9084,10683.06,10265.52,NaN,NaN,NaN
9085,11110.12,10218.03,2,6,3.0000
9086,11149.74,10532.25,NaN,NaN,NaN
9087,11068.93,10391.12,NaN,NaN,NaN
9088,11008.80,10429.74,2,4,2.0000
9089,11066.12,10625.73,3,2,0.0000
9090,11002.06,10283.83,NaN,NaN,NaN
9091,11002.40,10188.16,NaN,NaN,NaN
9092,10966.15,10618.76,3,4,0.0000
9093,11161.05,10353.30,NaN,NaN,NaN
9094,10924.81,10307.40,0,0,0.0000
9095,11145.17,10426.40,NaN,NaN,NaN
9096,11231.56,10498.51,0,0,0.0000
9097,11231.34,10351.79,NaN,NaN,NaN
9098,10977.68,10707.76,NaN,NaN,NaN
9099,11196.44,10114.68,0,0,0.0000
9100,10921.67,10116.84,NaN,NaN,NaN
9101,11269.00,10202.46,NaN,NaN,NaN
9102,10891.54,10641.82,NaN,NaN,NaN
9103,10935.28,10485.41,7,14,2.0000
9104,11278.32,10564.26,NaN,NaN,NaN
9105,10899.37,10794.27,NaN,NaN,NaN
9106,10980.78,10131.88,2,2,0.0000
9107,10903.39,10690.67,NaN,NaN,NaN
9108,11250.45,10270.60,NaN,NaN,NaN
9109,11028.55,10526.95,3,6,2.0000
9110,10964.26,10525.30,NaN,NaN,NaN
9111,11125.06,10604.09,0,0,0.0000
9112,11238.37,10426.26,NaN,NaN,NaN
9113,10899.64,10848.50,NaN,NaN,NaN
9114,10940.87,10857.26,0,0,0.0000
9115,12406.75,10828.37,NaN,NaN,NaN
9116,12308.96,10639.13,NaN,NaN,NaN
9117,12377.17,10579.75,NaN,NaN,NaN
9118,12377.07,10498.91,3,3,0.0000
9119,12407.07,10704.13,NaN,NaN,NaN
9120,12369.04,10673.48,NaN,NaN,NaN
9121,12273.55,10762.74,NaN,NaN,NaN
9122,12299.14,10719.23,2,7,3.5000
9123,12275.68,10800.52,0,0,0.0000
9124,12470.28,10421.39,NaN,NaN,NaN
9125,12531.94,10336.29,2,3,0.0000
9126,12591.43,10497.45,NaN,NaN,NaN
9127,12642.21,10592.68,2,5,2.5000
9128,12631.71,10316.47,4,7,0.0000
9129,12478.75,10581.68,NaN,NaN,NaN
9130,12445.26,10500.59,NaN,NaN,NaN
9131,12529.30,10551.15,NaN,NaN,NaN
9132,12663.89,10503.70,0,0,0.0000
9133,12553.01,10707.43,0,0,0.0000
9134,12549.82,10613.64,3,8,2.6667
9135,12638.67,10272.11,0,0,0.0000
9136,12581.19,10651.35,NaN,NaN,NaN
9137,12887.08,10750.69,NaN,NaN,NaN
9138,12861.10,10831.91,0,0,0.0000
9139,12461.43,10724.96,NaN,NaN,NaN
9140,12621.98,10411.26,NaN,NaN,NaN
9141,12632.26,10372.05,NaN,NaN,NaN
9142,12467.58,10627.54,NaN,NaN,NaN
9143,12515.93,10663.38,NaN,NaN,NaN
9144,12612.14,10705.12,0,0,0.0000
9145,12912.73,10693.63,NaN,NaN,NaN
9146,15183.73,10644.39,3,3,0.0000
9147,15067.41,10592.69,0,0,0.0000
9148,15037.04,10685.85,2,4,2.0000
9149,15123.76,10843.92,NaN,NaN,NaN
9150,15341.46,10593.61,0,0,0.0000
9151,14879.96,10694.44,3,7,2.3333
9152,15443.02,10851.12,NaN,NaN,NaN
9153,14804.98,10767.71,2,3,0.0000
9154,15329.53,10829.48,2,4,2.0000
9155,14927.11,10827.66,NaN,NaN,NaN
9156,14969.20,10261.47,0,0,0.0000
9157,14973.03,10383.24,0,0,0.0000
9158,15032.22,10377.27,2,2,0.0000
9159,15293.39,10768.94,NaN,NaN,NaN
9160,15118.99,10290.95,NaN,NaN,NaN
9161,15198.50,10500.45,3,2,0.0000
9162,15065.42,10511.25,2,5,2.5000
9163,15093.60,10775.99,NaN,NaN,NaN
9164,15155.55,10748.10,NaN,NaN,NaN
9165,15232.85,10864.79,2,4,2.0000
9166,14939.27,10751.35,0,0,0.0000
9167,15260.21,10691.89,NaN,NaN,NaN
9168,14916.20,10382.46,NaN,NaN,NaN
9169,15098.29,10242.03,NaN,NaN,NaN
9170,15211.61,10793.46,0,0,0.0000
9171,15237.40,10736.49,NaN,NaN,NaN
9172,15307.64,10634.60,NaN,NaN,NaN
9173,15149.26,10540.03,2,2,0.0000
9174,15108.60,10458.42,NaN,NaN,NaN
9175,14891.21,10280.52,0,0,0.0000
9176,14868.30,10612.47,NaN,NaN,NaN
9177,15123.48,10619.41,0,0,0.0000
9178,15181.25,10356.82,NaN,NaN,NaN
9179,14996.67,10513.71,NaN,NaN,NaN
9180,15154.06,10801.53,2,1,0.0000
9181,14925.70,10586.71,2,3,0.0000
9182,14979.93,10576.86,3,5,0.0000
9183,15115.60,10353.74,NaN,NaN,NaN
9184,14927.35,10228.22,3,2,0.0000
9185,15056.28,10444.88,NaN,NaN,NaN
9186,14978.86,10429.03,NaN,NaN,NaN
9187,14728.50,10850.22,NaN,NaN,NaN
9188,14765.56,10794.97,NaN,NaN,NaN
9189,15112.25,10520.03,NaN,NaN,NaN
9190,14882.56,10771.86,0,0,0.0000
9191,16275.56,10225.11,0,0,0.0000
9192,16323.34,10502.18,NaN,NaN,NaN
9193,16333.85,10572.81,NaN,NaN,NaN
9194,575.24,11597.59,2,2,0.0000
9195,766.09,11170.26,NaN,NaN,NaN
9196,419.89,10881.47,4,4,0.0000
9197,860.66,11530.27,3,4,0.0000
9198,698.51,11004.25,3,5,0.0000
9199,492.57,11161.05,NaN,NaN,NaN
9200,691.08,11543.73,0,0,0.0000
9201,718.57,10928.16,NaN,NaN,NaN
9202,822.31,11282.42,2,2,0.0000
9203,413.53,11541.46,NaN,NaN,NaN
9204,492.44,11450.19,2,3,0.0000
9205,505.15,10943.45,2,3,0.0000
9206,559.42,11452.40,NaN,NaN,NaN
9207,331.15,10978.63,NaN,NaN,NaN
9208,256.40,10926.40,0,0,0.0000
9209,751.80,11408.42,NaN,NaN,NaN
9210,842.94,11140.76,2,4,2.0000
9211,643.69,11092.81,0,0,0.0000
9212,657.76,11196.52,NaN,NaN,NaN
9213,803.62,11075.60,NaN,NaN,NaN
9214,579.32,11266.87,4,9,2.2500
9215,708.54,11635.61,2,5,2.5000
9216,462.73,11386.03,0,0,0.0000
9217,609.81,11015.95,3,5,0.0000
9218,672.76,11397.51,NaN,NaN,NaN
9219,841.04,11459.17,0,0,0.0000
9220,284.80,11502.26,NaN,NaN,NaN
9221,491.22,11071.80,0,0,0.0000
9222,810.38,11393.44,NaN,NaN,NaN
9223,588.73,11171.89,NaN,NaN,NaN
9224,705.60,11315.78,2,4,2.0000
9225,583.32,10920.39,NaN,NaN,NaN
9226,350.99,11616.67,NaN,NaN,NaN
9227,555.36,11061.86,0,0,0.0000
9228,329.61,11574.18,2,2,0.0000
9229,607.40,11509.53,NaN,NaN,NaN
9230,598.90,11387.04,NaN,NaN,NaN
9231,512.93,11231.82,NaN,NaN,NaN
9232,657.36,11279.48,NaN,NaN,NaN
9233,265.78,11586.39,0,0,0.0000
9234,514.10,11281.90,NaN,NaN,NaN
9235,462.85,11008.22,NaN,NaN,NaN
9236,403.61,10991.50,0,0,0.0000
9237,632.78,11326.84,NaN,NaN,NaN
9238,39.51,11640.41,NaN,NaN,NaN
9239,411.72,11050.16,0,0,0.0000
9240,682.37,11146.79,NaN,NaN,NaN
9241,418.64,11236.60,NaN,NaN,NaN
9242,684.70,11458.07,2,4,2.0000
9243,764.48,11239.45,0,0,0.0000
9244,378.09,11190.58,NaN,NaN,NaN
9245,395.71,11401.14,NaN,NaN,NaN
9246,386.21,11108.83,NaN,NaN,NaN
9247,508.52,11647.19,NaN,NaN,NaN
9248,726.67,11086.47,0,0,0.0000
9249,332.45,11514.21,NaN,NaN,NaN
9250,869.46,11402.42,NaN,NaN,NaN
9251,449.80,11477.33,NaN,NaN,NaN
9252,78.03,10882.17,NaN,NaN,NaN
9253,443.30,11102.61,0,0,0.0000
9254,366.25,11044.18,0,0,0.0000
9255,82.96,10936.61,NaN,NaN,NaN
9256,411.76,11464.50,3,6,2.0000
9257,411.76,11322.97,2,4,2.0000
9258,795.98,11007.11,0,0,0.0000
9259,338.75,11407.84,3,6,2.0000
9260,476.66,11577.29,NaN,NaN,NaN
9261,366.81,11475.93,NaN,NaN,NaN
9262,563.23,10986.49,0,0,0.0000
9263,751.05,11493.44,NaN,NaN,NaN
9264,564.66,11120.66,0,0,0.0000
9265,525.47,11514.62,2,2,0.0000
9266,286.09,11630.06,NaN,NaN,NaN
9267,906.37,11630.86,0,0,0.0000
9268,921.05,11439.60,NaN,NaN,NaN
9269,938.48,11480.23,NaN,NaN,NaN
9270,2267.95,10985.57,0,0,0.0000
9271,1974.59,11043.51,NaN,NaN,NaN
9272,2424.60,11612.66,2,2,0.0000
9273,2065.78,11343.97,3,6,2.0000
9274,2332.74,11532.98,NaN,NaN,NaN
9275,2402.13,10967.89,NaN,NaN,NaN
9276,2229.40,11495.78,NaN,NaN,NaN
9277,2357.47,11140.38,NaN,NaN,NaN
9278,2409.09,11076.14,3,4,0.0000
9279,2421.34,11470.87,NaN,NaN,NaN
9280,2255.69,11354.46,NaN,NaN,NaN
9281,1986.12,11221.15,0,0,0.0000
9282,2329.44,11434.84,NaN,NaN,NaN
9283,2017.72,11125.44,NaN,NaN,NaN
9284,2397.46,11281.47,NaN,NaN,NaN
9285,2176.12,11129.22,NaN,NaN,NaN
9286,2028.09,10997.47,NaN,NaN,NaN
9287,2184.43,11383.96,NaN,NaN,NaN
9288,1972.49,10934.97,NaN,NaN,NaN
9289,2246.83,11607.65,NaN,NaN,NaN
9290,2229.56,11174.23,2,4,2.0000
9291,2166.29,11030.47,NaN,NaN,NaN
9292,2043.23,11198.82,4,5,0.0000
9293,1924.75,10963.24,3,8,2.6667
9294,2296.56,11163.35,NaN,NaN,NaN
9295,2396.25,10882.14,0,0,0.0000
9296,2248.39,11424.32,2,2,0.0000
9297,2267.01,11535.43,0,0,0.0000
9298,2086.65,11035.24,NaN,NaN,NaN
9299,2140.41,11319.51,NaN,NaN,NaN
9300,2063.40,10961.26,NaN,NaN,NaN
9301,2289.71,11243.18,NaN,NaN,NaN
9302,2279.97,11301.23,0,0,0.0000
9303,2123.07,11129.26,2,1,0.0000
9304,2387.56,11374.16,2,5,2.5000
9305,1949.68,10889.58,0,0,0.0000
9306,2351.92,11328.73,NaN,NaN,NaN
9307,2124.80,11419.67,NaN,NaN,NaN
9308,2338.28,11207.40,NaN,NaN,NaN
9309,2107.08,11072.99,2,2,0.0000
9310,2343.75,11256.51,3,4,0.0000
9311,2190.43,11453.19,NaN,NaN,NaN
9312,1954.48,11151.15,NaN,NaN,NaN
9313,2201.65,11300.44,NaN,NaN,NaN
9314,2216.34,11090.33,0,0,0.0000
9315,2109.97,11236.00,2,4,2.0000
9316,2023.00,10903.99,2,3,0.0000
9317,2080.08,11139.02,NaN,NaN,NaN
9318,2158.72,11190.22,0,0,0.0000
9319,2431.25,11142.83,3,3,0.0000
9320,2149.74,11470.98,0,0,0.0000
9321,1933.73,11103.28,0,0,0.0000
9322,2139.16,10953.12,NaN,NaN,NaN
9323,2560.64,11273.71,NaN,NaN,NaN
9324,2836.13,11417.27,2,0,0.0000
9325,2609.26,11437.98,NaN,NaN,NaN
9326,2638.23,11171.59,0,0,0.0000
9327,2457.37,11363.24,NaN,NaN,NaN
9328,2518.83,11504.44,NaN,NaN,NaN
9329,2779.19,11548.51,NaN,NaN,NaN
9330,2758.44,11637.47,0,0,0.0000
9331,2737.98,11457.87,NaN,NaN,NaN
9332,2662.22,11364.78,NaN,NaN,NaN
9333,2463.68,11187.79,0,0,0.0000
9334,2930.38,11566.71,2,2,0.0000
9335,2526.40,10943.69,NaN,NaN,NaN
9336,2649.69,11524.96,NaN,NaN,NaN
9337,2717.16,11198.15,0,0,0.0000
9338,2574.20,11045.83,NaN,NaN,NaN
9339,2565.54,11608.29,NaN,NaN,NaN
9340,2880.68,11538.45,NaN,NaN,NaN
9341,2504.23,11605.20,0,0,0.0000
9342,2914.50,10884.88,NaN,NaN,NaN
9343,2502.62,11049.19,NaN,NaN,NaN
9344,3055.39,10958.63,NaN,NaN,NaN
9345,2679.73,11608.02,NaN,NaN,NaN
9346,2695.90,11310.07,3,4,0.0000
9347,2746.38,11366.43,2,2,0.0000
9348,2971.74,11593.56,0,0,0.0000
9349,2962.49,10943.58,NaN,NaN,NaN
9350,2465.57,11245.62,3,4,0.0000
9351,2529.79,11109.61,NaN,NaN,NaN
9352,2799.08,11279.86,0,0,0.0000
9353,2507.97,11426.88,0,0,0.0000
9354,2596.20,10940.00,NaN,NaN,NaN
9355,2475.39,10987.55,0,0,0.0000
9356,2617.34,11000.96,0,0,0.0000
9357,2773.27,11178.62,0,0,0.0000
9358,3091.17,10923.63,0,0,0.0000
9359,2837.70,11629.71,0,0,0.0000
9360,3625.29,11035.07,NaN,NaN,NaN
9361,3469.87,11235.78,0,0,0.0000
9362,3479.82,10983.84,NaN,NaN,NaN
9363,3504.36,11102.03,NaN,NaN,NaN
9364,3217.79,10915.63,2,4,2.0000
9365,3379.97,11295.07,0,0,0.0000
9366,3350.30,11130.04,3,5,0.0000
9367,3345.25,11217.55,NaN,NaN,NaN
9368,3546.42,10888.61,NaN,NaN,NaN
9369,3815.29,10960.27,0,0,0.0000
9370,3849.00,10895.15,NaN,NaN,NaN
9371,3691.41,11096.06,NaN,NaN,NaN
9372,3557.72,11230.52,NaN,NaN,NaN
9373,3358.37,11055.38,NaN,NaN,NaN
9374,3596.92,11183.65,2,0,0.0000
9375,3685.13,10947.76,NaN,NaN,NaN
9376,3413.71,11079.13,0,0,0.0000
9377,3623.87,11231.63,NaN,NaN,NaN
9378,3368.97,10904.60,NaN,NaN,NaN
9379,3738.74,10911.83,NaN,NaN,NaN
9380,3575.64,10967.79,NaN,NaN,NaN
9381,3276.59,11105.10,NaN,NaN,NaN
9382,3206.31,11071.73,NaN,NaN,NaN
9383,3581.38,11133.81,2,4,2.0000
9384,3457.73,11347.99,NaN,NaN,NaN
9385,3645.68,11271.26,0,0,0.0000
9386,3281.33,11048.26,NaN,NaN,NaN
9387,3358.04,10988.99,3,3,0.0000
9388,3686.60,11383.78,NaN,NaN,NaN
9389,4420.73,11624.07,3,2,0.0000
9390,4547.78,11076.96,NaN,NaN,NaN
9391,4604.17,10929.53,2,4,2.0000
9392,4592.27,11013.74,0,0,0.0000
9393,4682.54,10880.14,NaN,NaN,NaN
9394,4506.52,10891.10,2,2,0.0000
9395,4212.09,11639.72,NaN,NaN,NaN
9396,4469.11,11101.77,0,0,0.0000
9397,4669.64,10965.53,NaN,NaN,NaN
9398,4507.77,10994.31,2,4,2.0000
9399,4382.53,10957.33,NaN,NaN,NaN
9400,4522.85,11587.87,NaN,NaN,NaN
9401,4281.44,11559.24,2,3,0.0000
9402,4648.24,11052.47,2,7,3.5000
9403,4460.38,11041.28,NaN,NaN,NaN
9404,4415.62,11134.44,3,2,0.0000
9405,4362.73,11096.98,0,0,0.0000
9406,4361.33,11568.44,NaN,NaN,NaN
9407,4358.83,11133.10,3,0,0.0000
9408,4443.89,10940.57,NaN,NaN,NaN
9409,4631.61,11595.43,NaN,NaN,NaN
9410,4695.09,11025.19,NaN,NaN,NaN
9411,4115.60,11637.11,0,0,0.0000
9412,4326.65,10941.81,0,0,0.0000
9413,4130.03,11531.52,0,0,0.0000
9414,4399.75,11519.06,0,0,0.0000
9415,4443.00,10994.10,NaN,NaN,NaN
9416,4753.35,10906.26,2,3,0.0000
9417,4742.14,11002.00,0,0,0.0000
9418,6000.41,10901.09,0,0,0.0000
9419,5826.33,10955.74,NaN,NaN,NaN
9420,6091.59,11027.77,NaN,NaN,NaN
9421,5617.93,10917.85,0,0,0.0000
9422,5991.75,11137.10,NaN,NaN,NaN
9423,6224.24,11167.20,NaN,NaN,NaN
9424,5904.82,11043.74,3,2,0.0000
9425,6147.47,10973.41,3,6,2.0000
9426,6002.45,11190.95,0,0,0.0000
9427,6225.11,11087.09,5,5,0.0000
9428,5965.84,11080.74,3,4,0.0000
9429,6214.42,11282.82,NaN,NaN,NaN
9430,5848.36,11031.02,2,2,0.0000
9431,6137.68,11039.83,0,0,0.0000
9432,6123.90,11131.55,NaN,NaN,NaN
9433,5895.30,10993.65,3,4,0.0000
9434,5690.74,10945.18,2,3,0.0000
9435,6172.97,11263.62,0,0,0.0000
9436,6267.37,11222.73,0,0,0.0000
9437,6074.38,10954.66,NaN,NaN,NaN
9438,7014.11,11643.07,0,0,0.0000
9439,7008.85,11517.19,2,3,0.0000
9440,6978.27,11396.33,NaN,NaN,NaN
9441,6934.90,11502.74,0,0,0.0000
9442,7024.07,11293.88,0,0,0.0000
9443,6995.96,11333.94,NaN,NaN,NaN
9444,6295.06,11068.42,0,0,0.0000
9445,7030.93,11109.72,0,0,0.0000
9446,7067.37,10907.42,NaN,NaN,NaN
9447,7078.39,11073.47,NaN,NaN,NaN
9448,7043.54,11023.41,0,0,0.0000
9449,7586.54,11264.28,NaN,NaN,NaN
9450,7567.47,11209.02,NaN,NaN,NaN
9451,7802.33,11272.89,NaN,NaN,NaN
9452,7048.57,10963.71,0,0,0.0000
9453,7569.41,11037.39,NaN,NaN,NaN
9454,7531.84,11248.34,0,0,0.0000
9455,7663.54,11085.66,0,0,0.0000
9456,7557.80,10894.27,0,0,0.0000
9457,7794.41,11060.92,NaN,NaN,NaN
9458,7772.39,10997.39,0,0,0.0000
9459,7515.53,11333.01,NaN,NaN,NaN
9460,7933.67,11188.38,2,3,0.0000
9461,7966.34,11336.78,2,2,0.0000
9462,7882.26,11317.21,NaN,NaN,NaN
9463,7924.29,11082.86,NaN,NaN,NaN
9464,7952.77,11561.04,0,0,0.0000
9465,7809.73,11423.01,3,15,5.0000
9466,8063.21,11155.41,0,0,0.0000
9467,7836.30,11105.00,0,0,0.0000
9468,7824.51,11207.48,NaN,NaN,NaN
9469,7884.14,11497.12,NaN,NaN,NaN
9470,7859.38,11171.26,NaN,NaN,NaN
9471,8012.87,11524.02,NaN,NaN,NaN
9472,8006.94,11151.44,0,0,0.0000
9473,8001.67,11231.02,2,4,2.0000
9474,7898.52,11409.44,2,4,2.0000
9475,7972.08,11418.81,NaN,NaN,NaN
9476,8028.98,11394.11,NaN,NaN,NaN
9477,7910.23,11577.79,NaN,NaN,NaN
9478,7847.12,11509.02,NaN,NaN,NaN
9479,7812.53,11309.58,0,0,0.0000
9480,7964.00,11461.36,NaN,NaN,NaN
9481,8008.81,11594.99,NaN,NaN,NaN
9482,8034.21,11290.69,NaN,NaN,NaN
9483,7941.01,11012.61,0,0,0.0000
9484,8956.30,11110.37,NaN,NaN,NaN
9485,9032.18,11049.61,NaN,NaN,NaN
9486,9161.80,11481.14,NaN,NaN,NaN
9487,9112.57,11409.62,NaN,NaN,NaN
9488,9058.83,10924.12,NaN,NaN,NaN
9489,9257.31,11239.57,0,0,0.0000
9490,9292.69,11441.64,NaN,NaN,NaN
9491,9149.71,11050.40,0,0,0.0000
9492,9145.94,11296.58,0,0,0.0000
9493,9143.94,10898.57,0,0,0.0000
9494,8893.90,11042.04,NaN,NaN,NaN
9495,8941.54,11353.30,NaN,NaN,NaN
9496,8771.41,11099.40,2,3,0.0000
9497,9269.31,11337.38,3,7,2.3333
9498,9294.13,11077.67,NaN,NaN,NaN
9499,9233.95,10986.94,NaN,NaN,NaN
9500,9030.24,11219.45,2,3,0.0000
9501,9331.43,11553.69,NaN,NaN,NaN
9502,9047.27,11140.53,NaN,NaN,NaN
9503,8951.94,10993.57,0,0,0.0000
9504,9301.53,11006.14,NaN,NaN,NaN
9505,9004.21,11469.62,2,3,0.0000
9506,9262.26,11485.80,NaN,NaN,NaN
9507,8959.08,11229.93,0,0,0.0000
9508,8701.98,11059.43,NaN,NaN,NaN
9509,9133.74,11546.99,NaN,NaN,NaN
9510,9283.47,11160.02,0,0,0.0000
9511,9343.31,11376.32,NaN,NaN,NaN
9512,8902.18,10948.32,NaN,NaN,NaN
9513,8816.20,11271.21,5,4,0.0000
9514,8983.80,11272.72,NaN,NaN,NaN
9515,9277.84,11571.52,NaN,NaN,NaN
9516,8878.61,10888.23,2,4,2.0000
9517,8846.97,10953.98,NaN,NaN,NaN
9518,8925.58,11430.56,NaN,NaN,NaN
9519,9216.56,11172.07,0,0,0.0000
9520,9182.78,11127.35,0,0,0.0000
9521,9092.81,11003.15,0,0,0.0000
9522,9086.85,11304.23,NaN,NaN,NaN
9523,9014.53,11393.76,NaN,NaN,NaN
9524,9031.58,11527.07,NaN,NaN,NaN
9525,9188.98,11616.86,0,0,0.0000
9526,9205.13,11395.09,NaN,NaN,NaN
9527,8904.06,11161.02,NaN,NaN,NaN
9528,9102.87,11590.00,2,4,2.0000
9529,8808.42,10997.16,NaN,NaN,NaN
9530,9065.43,11365.04,3,2,0.0000
9531,9171.71,11212.73,0,0,0.0000
9532,9128.90,10967.10,0,0,0.0000
9533,8836.75,11073.66,0,0,0.0000
9534,8712.07,11004.85,NaN,NaN,NaN
9535,9226.36,11645.49,0,0,0.0000
9536,8991.74,10946.41,NaN,NaN,NaN
9537,9207.34,11551.19,NaN,NaN,NaN
9538,9277.94,10945.49,NaN,NaN,NaN
9539,9014.28,11329.96,NaN,NaN,NaN
9540,9007.94,11429.49,NaN,NaN,NaN
9541,9224.15,11046.80,NaN,NaN,NaN
9542,9036.38,11360.15,NaN,NaN,NaN
9543,8952.54,10924.66,NaN,NaN,NaN
9544,9083.47,11189.34,NaN,NaN,NaN
9545,9251.52,11527.95,0,0,0.0000
9546,8881.11,11383.60,NaN,NaN,NaN
9547,9222.15,11091.03,NaN,NaN,NaN
9548,9178.75,10959.33,NaN,NaN,NaN
9549,9216.63,10932.07,NaN,NaN,NaN
9550,9138.38,11135.82,0,0,0.0000
9551,8827.29,11314.04,NaN,NaN,NaN
9552,9096.14,11552.48,NaN,NaN,NaN
9553,9333.97,11121.31,2,2,0.0000
9554,8957.96,11192.50,NaN,NaN,NaN
9555,8864.85,10992.37,NaN,NaN,NaN
9556,9716.25,10893.88,NaN,NaN,NaN
9557,9555.48,11453.05,2,3,0.0000
9558,9420.00,11594.74,2,2,0.0000
9559,9621.31,11615.47,4,2,0.0000
9560,9499.04,11294.54,NaN,NaN,NaN
9561,9520.74,10988.58,0,0,0.0000
9562,9454.18,11127.98,NaN,NaN,NaN
9563,9538.37,11075.53,2,8,4.0000
9564,9364.67,10942.28,NaN,NaN,NaN
9565,9370.48,11290.43,0,0,0.0000
9566,9604.34,10965.91,0,0,0.0000
9567,9430.35,10972.63,NaN,NaN,NaN
9568,9365.33,11192.55,NaN,NaN,NaN
9569,9513.49,10895.03,0,0,0.0000
9570,9382.16,11468.32,0,0,0.0000
9571,9613.96,11157.98,0,0,0.0000
9572,9815.71,10892.71,0,0,0.0000
9573,10110.40,11576.26,NaN,NaN,NaN
9574,9447.82,11329.14,2,6,3.0000
9575,9390.21,11084.76,0,0,0.0000
9576,9463.74,11645.25,NaN,NaN,NaN
9577,9765.93,11408.66,0,0,0.0000
9578,9599.94,11511.03,NaN,NaN,NaN
9579,9562.25,11208.71,NaN,NaN,NaN
9580,9678.95,11255.52,3,13,4.3333
9581,9967.54,11624.84,NaN,NaN,NaN
9582,9540.03,11578.59,NaN,NaN,NaN
9583,9654.78,11523.96,0,0,0.0000
9584,9393.14,11532.09,4,5,0.0000
9585,9852.53,11024.89,NaN,NaN,NaN
9586,9685.77,10991.22,0,0,0.0000
9587,9474.89,11383.85,2,2,0.0000
9588,9646.78,11069.40,2,8,4.0000
9589,9677.59,11171.77,0,0,0.0000
9590,9768.22,11001.65,0,0,0.0000
9591,10019.68,11576.54,2,2,0.0000
9592,9903.83,11026.30,NaN,NaN,NaN
9593,9514.81,11393.61,NaN,NaN,NaN
9594,9713.19,11032.01,0,0,0.0000
9595,9476.58,11434.40,2,1,0.0000
9596,9613.06,11109.45,NaN,NaN,NaN
9597,9347.44,11509.64,2,3,0.0000
9598,10017.29,11610.88,2,2,0.0000
9599,9625.89,11463.14,2,6,3.0000
9600,10068.87,11525.69,NaN,NaN,NaN
9601,11796.66,11616.80,NaN,NaN,NaN
9602,11886.09,11503.52,0,0,0.0000
9603,11851.30,11550.41,0,0,0.0000
9604,13985.89,11264.69,2,3,0.0000
9605,15474.11,11423.41,0,0,0.0000
9606,15410.35,11373.72,NaN,NaN,NaN
9607,15338.01,11065.62,NaN,NaN,NaN
9608,15048.40,10958.99,NaN,NaN,NaN
9609,15402.51,11010.18,NaN,NaN,NaN
9610,15476.62,11168.00,2,2,0.0000
9611,14850.21,10884.56,2,2,0.0000
9612,15396.50,11552.27,NaN,NaN,NaN
9613,15302.60,11645.78,3,3,0.0000
9614,15296.24,10938.36,NaN,NaN,NaN
9615,15409.34,11135.88,NaN,NaN,NaN
9616,15285.64,10991.47,NaN,NaN,NaN
9617,15474.77,11522.91,NaN,NaN,NaN
9618,14803.79,10906.55,0,0,0.0000
9619,15382.68,11319.68,NaN,NaN,NaN
9620,15432.33,11270.93,5,11,2.2000
9621,15192.06,10969.58,0,0,0.0000
9622,15481.57,11586.17,0,0,0.0000
9623,14965.30,10990.51,0,0,0.0000
9624,14887.64,10933.37,0,0,0.0000
9625,15263.40,11598.11,0,0,0.0000
9626,15476.84,11629.13,2,4,2.0000
9627,15333.31,11572.17,2,3,0.0000
9628,14899.08,11148.07,0,0,0.0000
9629,15284.87,11546.52,0,0,0.0000
9630,15357.54,11512.35,0,0,0.0000
9631,14757.68,10895.81,0,0,0.0000
9632,15398.36,11241.83,0,0,0.0000
9633,15131.17,11329.86,2,1,0.0000
9634,15450.24,11503.85,0,0,0.0000
9635,15416.23,11601.11,2,4,2.0000
9636,15567.33,11204.52,NaN,NaN,NaN
9637,16025.51,11639.55,0,0,0.0000
9638,15696.84,11418.48,NaN,NaN,NaN
9639,15923.76,11544.59,NaN,NaN,NaN
9640,15550.26,11495.85,NaN,NaN,NaN
9641,15515.08,11276.54,NaN,NaN,NaN
9642,15609.58,11330.20,2,3,0.0000
9643,15748.97,11315.48,NaN,NaN,NaN
9644,15798.40,11423.13,NaN,NaN,NaN
9645,15848.23,11529.60,NaN,NaN,NaN
9646,15785.14,11630.16,NaN,NaN,NaN
9647,15533.69,10992.51,0,0,0.0000
9648,15586.22,11633.77,2,3,0.0000
9649,15907.65,11467.63,2,5,2.5000
9650,15629.31,11528.32,2,3,0.0000
9651,15633.04,11249.24,NaN,NaN,NaN
9652,15671.81,11588.52,NaN,NaN,NaN
9653,15526.48,11561.38,2,3,0.0000
9654,15678.53,11317.21,NaN,NaN,NaN
9655,15707.56,11528.74,NaN,NaN,NaN
9656,15790.15,11367.30,0,0,0.0000
9657,15541.60,11343.82,2,4,2.0000
9658,15761.63,11501.31,0,0,0.0000
9659,15747.68,11585.06,0,0,0.0000
9660,15579.17,10971.25,NaN,NaN,NaN
9661,15982.42,11577.11,0,0,0.0000
9662,15827.14,11324.00,2,4,2.0000
9663,15775.98,11267.52,NaN,NaN,NaN
9664,15611.67,11478.31,0,0,0.0000
9665,15677.72,11272.11,0,0,0.0000
9666,15569.97,11063.89,NaN,NaN,NaN
9667,15840.91,11478.25,0,0,0.0000
9668,15691.91,11194.94,NaN,NaN,NaN
9669,15800.85,11563.61,NaN,NaN,NaN
9670,15626.51,11641.25,0,0,0.0000
9671,15685.23,11636.28,NaN,NaN,NaN
9672,609.05,11764.97,NaN,NaN,NaN
9673,430.84,11672.85,0,0,0.0000
9674,769.39,11677.81,NaN,NaN,NaN
9675,385.51,11798.96,0,0,0.0000
9676,663.84,12271.00,NaN,NaN,NaN
9677,550.04,11933.22,4,6,0.0000
9678,501.35,11727.45,NaN,NaN,NaN
9679,870.67,11726.80,3,5,0.0000
9680,461.27,11824.69,NaN,NaN,NaN
9681,829.99,11997.00,3,6,2.0000
9682,598.04,12031.28,NaN,NaN,NaN
9683,842.59,11664.93,2,3,0.0000
9684,726.86,12323.35,NaN,NaN,NaN
9685,710.62,12109.90,NaN,NaN,NaN
9686,314.28,11814.21,2,2,0.0000
9687,83.17,11794.64,NaN,NaN,NaN
9688,811.51,11818.34,0,0,0.0000
9689,820.06,12151.20,NaN,NaN,NaN
9690,473.69,12025.41,NaN,NaN,NaN
9691,476.94,11890.71,NaN,NaN,NaN
9692,626.44,12218.90,2,3,0.0000
9693,636.10,11887.41,2,3,0.0000
9694,663.55,11971.10,2,2,0.0000
9695,782.59,11933.43,NaN,NaN,NaN
9696,40.43,11766.73,2,2,0.0000
9697,703.18,11912.66,2,2,0.0000
9698,449.37,12096.51,NaN,NaN,NaN
9699,320.05,11973.51,2,2,0.0000
9700,362.38,11721.84,3,8,2.6667
9701,373.15,12024.72,NaN,NaN,NaN
9702,807.32,12089.39,0,0,0.0000
9703,548.66,11855.95,NaN,NaN,NaN
9704,658.38,12051.16,NaN,NaN,NaN
9705,727.90,11756.52,0,0,0.0000
9706,753.76,11887.86,NaN,NaN,NaN
9707,286.00,11872.42,2,1,0.0000
9708,632.67,12167.93,NaN,NaN,NaN
9709,499.93,12094.14,3,4,0.0000
9710,786.02,12231.08,2,5,2.5000
9711,313.90,11711.20,NaN,NaN,NaN
9712,350.62,11901.63,0,0,0.0000
9713,751.74,12150.96,2,3,0.0000
9714,648.77,11680.98,4,4,0.0000
9715,872.46,11815.40,NaN,NaN,NaN
9716,714.42,11841.41,0,0,0.0000
9717,543.61,12140.14,NaN,NaN,NaN
9718,845.11,11924.22,0,0,0.0000
9719,512.99,12209.10,NaN,NaN,NaN
9720,426.91,11993.17,NaN,NaN,NaN
9721,745.98,12225.83,NaN,NaN,NaN
9722,71.08,11707.56,2,5,2.5000
9723,802.94,12289.07,0,0,0.0000
9724,652.14,12357.15,0,0,0.0000
9725,534.66,12020.67,0,0,0.0000
9726,408.19,12085.00,2,2,0.0000
9727,690.88,11728.61,2,4,2.0000
9728,267.62,11755.18,NaN,NaN,NaN
9729,369.18,11969.99,NaN,NaN,NaN
9730,697.12,12174.32,3,4,0.0000
9731,278.53,11675.80,NaN,NaN,NaN
9732,760.28,12365.19,0,0,0.0000
9733,609.95,12341.48,NaN,NaN,NaN
9734,715.94,12023.97,NaN,NaN,NaN
9735,329.94,11658.99,NaN,NaN,NaN
9736,639.49,12107.71,2,3,0.0000
9737,369.32,12083.22,0,0,0.0000
9738,479.08,12222.95,NaN,NaN,NaN
9739,564.99,12229.34,NaN,NaN,NaN
9740,830.00,12226.44,NaN,NaN,NaN
9741,674.34,12087.83,NaN,NaN,NaN
9742,535.53,11788.48,NaN,NaN,NaN
9743,571.23,12193.31,NaN,NaN,NaN
9744,485.86,11961.46,0,0,0.0000
9745,666.11,11839.23,NaN,NaN,NaN
9746,590.63,12297.37,0,0,0.0000
9747,921.19,11793.86,5,6,0.0000
9748,976.83,11729.14,2,3,0.0000
9749,899.88,11877.94,NaN,NaN,NaN
9750,899.50,11944.19,NaN,NaN,NaN
9751,2412.28,11736.64,NaN,NaN,NaN
9752,2315.37,11665.19,4,6,0.0000
9753,2384.45,11892.32,NaN,NaN,NaN
9754,2359.90,11796.18,NaN,NaN,NaN
9755,2426.65,12015.65,NaN,NaN,NaN
9756,2392.56,11987.50,NaN,NaN,NaN
9757,2323.48,11751.63,4,6,0.0000
9758,2802.63,12081.47,2,3,0.0000
9759,2636.06,11856.29,4,1,0.0000
9760,3001.65,11963.15,NaN,NaN,NaN
9761,2782.20,11767.74,0,0,0.0000
9762,2876.75,12329.82,2,3,0.0000
9763,3126.21,12290.00,NaN,NaN,NaN
9764,2947.98,11818.78,2,2,0.0000
9765,2837.39,11892.39,0,0,0.0000
9766,2548.69,11987.95,NaN,NaN,NaN
9767,2979.83,12247.48,NaN,NaN,NaN
9768,3192.69,12158.78,3,4,0.0000
9769,2543.74,12210.41,0,0,0.0000
9770,2446.98,11927.16,4,7,0.0000
9771,3133.97,12370.56,NaN,NaN,NaN
9772,2702.46,12209.54,NaN,NaN,NaN
9773,2542.75,11748.41,NaN,NaN,NaN
9774,2892.59,12012.19,2,3,0.0000
9775,3048.34,12341.61,0,0,0.0000
9776,3118.27,12017.90,0,0,0.0000
9777,2774.62,12352.51,NaN,NaN,NaN
9778,2836.34,12240.47,4,3,0.0000
9779,2596.52,12302.22,NaN,NaN,NaN
9780,3097.37,12118.47,3,7,2.3333
9781,2474.58,11805.99,NaN,NaN,NaN
9782,3032.53,12153.57,0,0,0.0000
9783,3174.32,12020.62,NaN,NaN,NaN
9784,2667.14,11748.88,0,0,0.0000
9785,3071.05,11786.63,0,0,0.0000
9786,3027.64,11852.05,NaN,NaN,NaN
9787,2910.00,11706.63,NaN,NaN,NaN
9788,2529.84,12076.06,0,0,0.0000
9789,2469.96,12049.81,0,0,0.0000
9790,2945.22,12098.65,0,0,0.0000
9791,3156.24,11784.52,NaN,NaN,NaN
9792,2668.64,12043.48,0,0,0.0000
9793,2905.83,11915.12,3,3,0.0000
9794,2785.56,12274.19,2,2,0.0000
9795,3097.10,12207.19,NaN,NaN,NaN
9796,2892.17,12228.82,0,0,0.0000
9797,2983.13,12145.91,2,3,0.0000
9798,2620.47,11665.92,2,4,2.0000
9799,3003.25,12400.20,0,0,0.0000
9800,2973.68,12311.93,2,1,0.0000
9801,2634.21,12117.50,0,0,0.0000
9802,2961.47,12359.84,NaN,NaN,NaN
9803,2698.39,11986.55,2,3,0.0000
9804,2936.98,12410.93,0,0,0.0000
9805,2878.63,11801.03,2,2,0.0000
9806,3057.73,12247.84,NaN,NaN,NaN
9807,3088.64,11863.11,NaN,NaN,NaN
9808,2505.98,11692.84,NaN,NaN,NaN
9809,2571.61,12149.87,NaN,NaN,NaN
9810,3142.40,11882.24,NaN,NaN,NaN
9811,2931.76,12192.10,NaN,NaN,NaN
9812,3127.25,11828.06,0,0,0.0000
9813,2778.40,12207.93,NaN,NaN,NaN
9814,2434.60,11850.28,3,5,0.0000
9815,3093.02,11919.17,0,0,0.0000
9816,3024.53,12080.84,0,0,0.0000
9817,2634.03,12256.01,0,0,0.0000
9818,3138.11,12166.66,NaN,NaN,NaN
9819,2866.78,12171.92,0,0,0.0000
9820,3031.14,12036.44,2,1,0.0000
9821,2470.39,12119.46,NaN,NaN,NaN
9822,2594.87,11919.06,NaN,NaN,NaN
9823,3149.78,11941.41,NaN,NaN,NaN
9824,3090.33,11721.16,0,0,0.0000
9825,2867.76,11765.60,0,0,0.0000
9826,3177.22,12089.62,NaN,NaN,NaN
9827,2688.35,12123.28,0,0,0.0000
9828,2824.18,11677.71,0,0,0.0000
9829,2753.86,11911.27,0,0,0.0000
9830,2476.90,11992.25,NaN,NaN,NaN
9831,2631.84,12377.05,2,3,0.0000
9832,2963.37,11671.55,0,0,0.0000
9833,2600.96,11779.39,NaN,NaN,NaN
9834,2653.16,12208.69,0,0,0.0000
9835,2805.61,11936.70,0,0,0.0000
9836,3006.76,11783.20,NaN,NaN,NaN
9837,2439.49,12082.14,0,0,0.0000
9838,2608.50,12173.55,NaN,NaN,NaN
9839,2632.99,11921.07,0,0,0.0000
9840,3521.00,12351.92,NaN,NaN,NaN
9841,3412.74,12227.06,NaN,NaN,NaN
9842,3344.18,12152.67,NaN,NaN,NaN
9843,3245.75,12053.05,0,0,0.0000
9844,3295.04,12398.37,NaN,NaN,NaN
9845,3287.24,11961.57,NaN,NaN,NaN
9846,3432.78,11969.40,3,1,0.0000
9847,3835.97,12250.61,0,0,0.0000
9848,3200.64,12372.53,0,0,0.0000
9849,3892.00,12330.09,NaN,NaN,NaN
9850,3635.99,12347.60,0,0,0.0000
9851,3355.85,12305.95,4,8,2.0000
9852,3204.19,11923.18,NaN,NaN,NaN
9853,3327.42,12251.35,3,7,2.3333
9854,3618.83,12146.50,NaN,NaN,NaN
9855,3215.19,12249.39,NaN,NaN,NaN
9856,3552.11,12112.40,3,7,2.3333
9857,3593.11,12230.56,NaN,NaN,NaN
9858,3433.39,12131.35,NaN,NaN,NaN
9859,3471.48,12283.63,0,0,0.0000
9860,3651.19,12081.73,2,2,0.0000
9861,3364.86,11958.53,2,5,2.5000
9862,3389.22,12343.48,NaN,NaN,NaN
9863,3913.20,12203.55,NaN,NaN,NaN
9864,3704.32,12365.23,0,0,0.0000
9865,3693.19,12267.21,0,0,0.0000
9866,3785.48,12267.27,NaN,NaN,NaN
9867,3258.79,12200.28,NaN,NaN,NaN
9868,3780.85,12165.64,NaN,NaN,NaN
9869,3633.10,12274.29,NaN,NaN,NaN
9870,3727.70,12123.97,0,0,0.0000
9871,3397.26,12066.96,2,4,2.0000
9872,3962.94,12393.94,0,0,0.0000
9873,3301.85,12080.97,2,5,2.5000
9874,3732.02,12227.78,NaN,NaN,NaN
9875,3345.15,12024.37,4,5,0.0000
9876,3491.39,12083.93,NaN,NaN,NaN
9877,3211.17,11833.12,0,0,0.0000
9878,3754.25,12069.65,0,0,0.0000
9879,3367.56,12388.78,NaN,NaN,NaN
9880,3562.58,12288.48,4,10,2.5000
9881,3952.41,11932.74,NaN,NaN,NaN
9882,3813.11,12356.87,0,0,0.0000
9883,3755.25,12369.45,0,0,0.0000
9884,3951.76,12335.30,0,0,0.0000
9885,3477.38,12016.70,0,0,0.0000
9886,3278.34,12306.90,NaN,NaN,NaN
9887,3947.51,12282.84,0,0,0.0000
9888,3389.38,11908.02,NaN,NaN,NaN
9889,3569.41,12175.28,NaN,NaN,NaN
9890,3443.57,12048.93,NaN,NaN,NaN
9891,3587.52,12057.05,0,0,0.0000
9892,3539.29,12004.23,0,0,0.0000
9893,3895.36,12259.53,NaN,NaN,NaN
9894,3656.41,12215.60,NaN,NaN,NaN
9895,3498.31,12160.51,0,0,0.0000
9896,3687.11,12185.25,NaN,NaN,NaN
9897,3242.49,12327.79,2,4,2.0000
9898,3206.90,11989.35,0,0,0.0000
9899,3933.62,12099.71,NaN,NaN,NaN
9900,4361.52,11938.60,NaN,NaN,NaN
9901,4398.95,12200.32,NaN,NaN,NaN
9902,4331.21,11722.61,NaN,NaN,NaN
9903,4541.82,12073.47,3,5,0.0000
9904,4086.01,12262.93,3,5,0.0000
9905,4197.37,12303.51,NaN,NaN,NaN
9906,4724.50,12048.37,NaN,NaN,NaN
9907,4515.35,12185.06,NaN,NaN,NaN
9908,4050.61,11655.21,NaN,NaN,NaN
9909,4534.16,11887.54,NaN,NaN,NaN
9910,4421.42,11869.03,2,3,0.0000
9911,4128.32,11886.89,0,0,0.0000
9912,4314.07,12256.31,NaN,NaN,NaN
9913,4595.27,12284.65,NaN,NaN,NaN
9914,4151.86,12101.57,0,0,0.0000
9915,4514.25,11753.21,2,4,2.0000
9916,4017.61,12007.63,0,0,0.0000
9917,4588.28,11815.33,NaN,NaN,NaN
9918,4287.79,12138.83,NaN,NaN,NaN
9919,4623.88,12372.34,NaN,NaN,NaN
9920,4667.11,12216.37,NaN,NaN,NaN
9921,4200.93,12195.28,NaN,NaN,NaN
9922,4155.19,11723.16,0,0,0.0000
9923,4022.69,11930.70,0,0,0.0000
9924,4000.82,11761.71,NaN,NaN,NaN
9925,4683.27,11711.76,2,1,0.0000
9926,4618.36,11879.16,NaN,NaN,NaN
9927,4207.99,11772.18,NaN,NaN,NaN
9928,4595.04,11723.97,NaN,NaN,NaN
9929,4073.76,11735.96,NaN,NaN,NaN
9930,3988.39,12077.25,NaN,NaN,NaN
9931,4094.19,12359.43,3,2,0.0000
9932,4494.16,11668.43,2,3,0.0000
9933,3970.51,12214.64,0,0,0.0000
9934,4549.83,11975.03,0,0,0.0000
9935,4717.81,12393.20,3,3,0.0000
9936,4364.82,12049.68,NaN,NaN,NaN
9937,4444.40,11742.36,NaN,NaN,NaN
9938,4204.79,11922.74,0,0,0.0000
9939,4106.34,11976.40,0,0,0.0000
9940,4117.11,11800.41,0,0,0.0000
9941,4292.52,12025.15,NaN,NaN,NaN
9942,4541.82,12310.87,NaN,NaN,NaN
9943,4677.54,12290.20,0,0,0.0000
9944,4507.98,12367.20,0,0,0.0000
9945,4097.03,12067.05,0,0,0.0000
9946,4562.18,11657.97,2,5,2.5000
9947,4673.91,12141.33,3,3,0.0000
9948,4030.62,11833.52,NaN,NaN,NaN
9949,4462.36,11919.72,0,0,0.0000
9950,4195.05,11999.07,NaN,NaN,NaN
9951,4184.29,12059.72,NaN,NaN,NaN
9952,4242.46,11693.27,0,0,0.0000
9953,4347.75,12354.58,0,0,0.0000
9954,4373.52,11801.81,2,5,2.5000
9955,4412.93,12340.16,0,0,0.0000
9956,4720.40,12165.22,NaN,NaN,NaN
9957,4260.60,12390.43,NaN,NaN,NaN
9958,4601.70,12219.23,NaN,NaN,NaN
9959,4442.56,12302.34,NaN,NaN,NaN
9960,4616.87,11961.23,3,4,0.0000
9961,3979.61,11883.32,3,7,2.3333
9962,4244.78,11889.41,2,6,3.0000
9963,4002.24,12320.26,0,0,0.0000
9964,4657.33,11778.03,NaN,NaN,NaN
9965,4298.72,12334.67,2,0,0.0000
9966,4580.15,12168.54,NaN,NaN,NaN
9967,4281.19,11874.36,0,0,0.0000
9968,4075.07,11888.45,0,0,0.0000
9969,4259.05,12252.93,0,0,0.0000
9970,4480.77,12242.12,4,4,0.0000
9971,4271.36,11948.03,NaN,NaN,NaN
9972,4225.97,12124.25,NaN,NaN,NaN
9973,3970.24,11829.68,0,0,0.0000
9974,4480.51,12303.54,0,0,0.0000
9975,4460.79,12381.75,NaN,NaN,NaN
9976,4242.97,12060.05,0,0,0.0000
9977,4263.55,12349.76,NaN,NaN,NaN
9978,4457.87,12195.43,NaN,NaN,NaN
9979,4616.73,12068.03,2,4,2.0000
9980,5156.19,12099.87,2,3,0.0000
9981,5079.70,12242.88,0,0,0.0000
9982,5374.55,12198.06,NaN,NaN,NaN
9983,5256.62,12105.47,NaN,NaN,NaN
9984,5012.53,12068.55,NaN,NaN,NaN
9985,4793.95,12302.79,NaN,NaN,NaN
9986,4946.74,12142.31,NaN,NaN,NaN
9987,4764.54,12221.77,NaN,NaN,NaN
9988,5016.57,11962.65,NaN,NaN,NaN
9989,5256.77,12298.64,0,0,0.0000
9990,4869.08,12173.60,NaN,NaN,NaN
9991,5280.06,12209.60,NaN,NaN,NaN
9992,5347.80,12089.69,0,0,0.0000
9993,5346.60,11933.23,NaN,NaN,NaN
9994,5187.48,11846.91,0,0,0.0000
9995,4784.44,11953.27,2,2,0.0000
9996,5336.15,12389.36,NaN,NaN,NaN
9997,5170.98,12211.09,NaN,NaN,NaN
9998,5467.27,12346.56,NaN,NaN,NaN
9999,4910.36,11882.86,NaN,NaN,NaN
10000,5101.91,12026.02,NaN,NaN,NaN
10001,4806.40,12134.68,NaN,NaN,NaN
10002,5181.37,12295.80,NaN,NaN,NaN
10003,4918.06,11966.99,2,4,2.0000
10004,5084.69,11893.57,NaN,NaN,NaN
10005,4839.51,12379.43,NaN,NaN,NaN
10006,5411.52,12398.43,0,0,0.0000
10007,4905.82,12037.51,NaN,NaN,NaN
10008,5161.26,11967.11,NaN,NaN,NaN
10009,5254.35,11933.67,0,0,0.0000
10010,4848.05,12237.82,3,6,2.0000
10011,5134.10,12368.03,2,9,4.5000
10012,5407.49,12325.93,2,6,3.0000
10013,4998.49,12317.34,2,4,2.0000
10014,5231.71,12370.02,NaN,NaN,NaN
10015,4938.81,11840.85,NaN,NaN,NaN
10016,4866.08,12301.75,NaN,NaN,NaN
10017,4833.27,11886.53,0,0,0.0000
10018,4835.72,12055.81,NaN,NaN,NaN
10019,4925.18,12267.88,0,0,0.0000
10020,5195.64,11915.03,0,0,0.0000
10021,4961.00,11940.73,0,0,0.0000
10022,5120.07,11816.90,NaN,NaN,NaN
10023,5279.73,11981.08,NaN,NaN,NaN
10024,5316.85,12008.49,0,0,0.0000
10025,4883.97,12085.56,0,0,0.0000
10026,4919.72,12223.72,0,0,0.0000
10027,4875.72,12411.14,0,0,0.0000
10028,4996.77,12200.51,0,0,0.0000
10029,6453.30,12148.18,4,3,0.0000
10030,6361.30,11900.99,0,0,0.0000
10031,6536.52,12288.04,0,0,0.0000
10032,6482.10,12250.95,NaN,NaN,NaN
10033,6619.29,12409.56,NaN,NaN,NaN
10034,6535.36,12166.92,NaN,NaN,NaN
10035,6578.76,12377.06,NaN,NaN,NaN
10036,6516.90,12358.62,NaN,NaN,NaN
10037,7013.41,12186.24,2,4,2.0000
10038,6524.47,12413.41,NaN,NaN,NaN
10039,6981.83,12037.04,NaN,NaN,NaN
10040,7023.52,12230.15,NaN,NaN,NaN
10041,6960.01,12139.24,0,0,0.0000
10042,6955.42,12229.75,2,6,3.0000
10043,6942.63,12270.45,NaN,NaN,NaN
10044,6922.06,12077.14,NaN,NaN,NaN
10045,7029.53,12100.20,0,0,0.0000
10046,7309.30,12313.35,2,2,0.0000
10047,7324.40,12194.46,0,0,0.0000
10048,7239.92,12070.56,NaN,NaN,NaN
10049,7378.40,12266.83,0,0,0.0000
10050,7405.47,12362.03,3,3,0.0000
10051,7301.34,12043.81,NaN,NaN,NaN
10052,7274.49,12207.87,0,0,0.0000
10053,7330.15,12116.33,NaN,NaN,NaN
10054,7371.97,12398.16,0,0,0.0000
10055,7050.76,12156.26,0,0,0.0000
10056,7578.37,12346.78,0,0,0.0000
10057,8002.16,12262.25,0,0,0.0000
10058,7977.50,12163.40,0,0,0.0000
10059,7997.47,12333.72,NaN,NaN,NaN
10060,8027.48,12349.25,NaN,NaN,NaN
10061,7964.55,12088.17,NaN,NaN,NaN
10062,9223.48,12230.87,NaN,NaN,NaN
10063,9337.02,12366.78,NaN,NaN,NaN
10064,9141.61,11659.10,0,0,0.0000
10065,9210.02,12395.41,NaN,NaN,NaN
10066,9149.72,12412.24,NaN,NaN,NaN
10067,9247.34,12309.58,NaN,NaN,NaN
10068,9130.51,12305.19,NaN,NaN,NaN
10069,9310.53,11728.36,3,5,0.0000
10070,9239.81,12359.98,NaN,NaN,NaN
10071,9293.22,12237.65,0,0,0.0000
10072,9157.01,12357.97,0,0,0.0000
10073,9114.45,12254.04,NaN,NaN,NaN
10074,9267.68,11719.59,2,2,0.0000
10075,9260.34,12414.06,2,1,0.0000
10076,9497.09,11810.43,0,0,0.0000
10077,9771.06,11890.64,2,3,0.0000
10078,9810.46,11748.48,2,5,2.5000
10079,9717.56,11687.67,2,3,0.0000
10080,9681.90,11788.33,3,7,2.3333
10081,9598.24,11840.05,NaN,NaN,NaN
10082,10087.55,11816.24,2,1,0.0000
10083,9463.32,11702.69,NaN,NaN,NaN
10084,9748.10,11840.54,0,0,0.0000
10085,9743.90,11968.60,0,0,0.0000
10086,10031.58,11862.73,2,6,3.0000
10087,9589.16,11748.07,0,0,0.0000
10088,9835.42,11703.36,3,6,2.0000
10089,9519.80,11729.30,NaN,NaN,NaN
10090,9837.67,11861.77,NaN,NaN,NaN
10091,9491.98,12307.20,0,0,0.0000
10092,9621.79,11677.69,0,0,0.0000
10093,9560.63,11877.72,0,0,0.0000
10094,10054.22,11688.80,NaN,NaN,NaN
10095,9513.90,11656.06,NaN,NaN,NaN
10096,9930.99,11804.69,2,2,0.0000
10097,9357.40,11733.93,0,0,0.0000
10098,9808.64,11796.60,NaN,NaN,NaN
10099,9576.68,11675.61,0,0,0.0000
10100,9420.83,11746.12,NaN,NaN,NaN
10101,9623.88,11888.67,NaN,NaN,NaN
10102,9469.65,12350.89,NaN,NaN,NaN
10103,9873.56,11911.88,NaN,NaN,NaN
10104,10027.96,11805.76,0,0,0.0000
10105,9636.14,11728.38,0,0,0.0000
10106,9854.00,11963.71,0,0,0.0000
10107,9903.17,11843.19,NaN,NaN,NaN
10108,10074.94,11756.98,0,0,0.0000
10109,9884.90,11666.24,0,0,0.0000
10110,9378.11,11704.67,3,4,0.0000
10111,9939.22,11872.06,2,4,2.0000
10112,9560.40,11796.92,NaN,NaN,NaN
10113,9994.26,11809.03,2,8,4.0000
10114,9730.04,11805.66,NaN,NaN,NaN
10115,9399.97,11693.77,NaN,NaN,NaN
10116,9497.25,11908.52,0,0,0.0000
10117,10084.46,11720.29,0,0,0.0000
10118,10135.15,11870.57,4,4,0.0000
10119,10115.72,11783.17,NaN,NaN,NaN
10120,12268.00,12370.94,NaN,NaN,NaN
10121,12075.52,12347.32,NaN,NaN,NaN
10122,12268.47,12232.99,0,0,0.0000
10123,12395.05,12195.57,2,4,2.0000
10124,12362.57,12292.64,NaN,NaN,NaN
10125,11994.71,12408.33,0,0,0.0000
10126,12221.66,12315.39,NaN,NaN,NaN
10127,12376.15,12255.45,0,0,0.0000
10128,12106.10,12396.96,NaN,NaN,NaN
10129,12652.77,12360.66,2,5,2.5000
10130,12853.54,12291.02,0,0,0.0000
10131,12862.35,12124.28,0,0,0.0000
10132,12605.76,12076.58,NaN,NaN,NaN
10133,12988.46,12329.17,NaN,NaN,NaN
10134,13131.30,12375.54,2,4,2.0000
10135,12922.80,12363.34,2,4,2.0000
10136,12417.66,12359.06,0,0,0.0000
10137,12971.03,12076.59,NaN,NaN,NaN
10138,13046.85,12385.53,NaN,NaN,NaN
10139,13182.73,12258.75,NaN,NaN,NaN
10140,12640.84,12188.94,0,0,0.0000
10141,13096.65,12278.08,NaN,NaN,NaN
10142,12971.05,12238.52,NaN,NaN,NaN
10143,12835.94,12383.33,2,4,2.0000
10144,12558.65,12185.62,NaN,NaN,NaN
10145,12565.04,12376.90,NaN,NaN,NaN
10146,12746.95,12214.50,0,0,0.0000
10147,12862.39,12222.89,2,5,2.5000
10148,12562.45,12272.53,NaN,NaN,NaN
10149,12477.81,12206.92,0,0,0.0000
10150,12523.76,12303.60,NaN,NaN,NaN
10151,13116.43,12203.93,NaN,NaN,NaN
10152,12833.01,12187.36,NaN,NaN,NaN
10153,12601.30,12247.74,NaN,NaN,NaN
10154,12826.57,11998.26,0,0,0.0000
10155,12992.98,12194.92,3,6,2.0000
10156,12967.20,12172.15,0,0,0.0000
10157,13036.85,12174.40,2,0,0.0000
10158,13171.42,12185.82,0,0,0.0000
10159,12780.12,12332.06,0,0,0.0000
10160,12982.83,12134.80,0,0,0.0000
10161,12530.51,12413.06,NaN,NaN,NaN
10162,12773.71,12264.98,3,3,0.0000
10163,13053.20,12216.25,NaN,NaN,NaN
10164,13103.29,12234.33,NaN,NaN,NaN
10165,12652.88,12078.45,NaN,NaN,NaN
10166,12848.47,12041.30,0,0,0.0000
10167,12658.51,12262.08,0,0,0.0000
10168,13075.49,12089.92,2,4,2.0000
10169,12481.00,12287.80,NaN,NaN,NaN
10170,12729.10,12161.96,NaN,NaN,NaN
10171,12509.78,12364.15,NaN,NaN,NaN
10172,13201.21,12363.29,0,0,0.0000
10173,13255.07,12401.04,NaN,NaN,NaN
10174,13355.08,12402.13,0,0,0.0000
10175,13238.37,12255.94,0,0,0.0000
10176,14672.97,12103.59,0,0,0.0000
10177,14248.03,11818.58,0,0,0.0000
10178,14643.15,12059.87,NaN,NaN,NaN
10179,14206.34,11702.62,3,4,0.0000
10180,14679.76,12167.15,NaN,NaN,NaN
10181,14702.98,12053.07,NaN,NaN,NaN
10182,14222.03,11743.09,NaN,NaN,NaN
10183,14189.83,11751.13,0,0,0.0000
10184,15468.78,12330.65,NaN,NaN,NaN
10185,15482.35,12030.67,NaN,NaN,NaN
10186,15365.17,12300.66,0,0,0.0000
10187,15348.63,11804.74,NaN,NaN,NaN
10188,15454.71,11669.23,2,2,0.0000
10189,15424.91,11727.13,0,0,0.0000
10190,15421.20,11893.50,NaN,NaN,NaN
10191,15355.59,11746.51,0,0,0.0000
10192,15384.81,11935.85,NaN,NaN,NaN
10193,15366.92,12055.45,0,0,0.0000
10194,15387.20,12228.41,0,0,0.0000
10195,15357.85,11675.53,NaN,NaN,NaN
10196,15477.84,12401.24,NaN,NaN,NaN
10197,15444.57,12255.55,0,0,0.0000
10198,15320.10,12018.30,0,0,0.0000
10199,15422.55,12106.53,0,0,0.0000
10200,15342.65,11971.11,0,0,0.0000
10201,15263.61,12081.12,0,0,0.0000
10202,15387.78,12370.71,0,0,0.0000
10203,15444.58,11988.51,3,4,0.0000
10204,15469.90,11790.87,2,1,0.0000
10205,15294.20,11696.52,0,0,0.0000
10206,15299.26,11858.39,0,0,0.0000
10207,15330.24,12135.04,0,0,0.0000
10208,15259.51,11812.05,0,0,0.0000
10209,15379.56,11859.46,NaN,NaN,NaN
10210,15240.00,11665.77,0,0,0.0000
10211,15487.38,11852.34,NaN,NaN,NaN
10212,15412.42,12077.40,0,0,0.0000
10213,16082.45,11785.22,2,4,2.0000
10214,15993.28,12405.66,0,0,0.0000
10215,15773.30,12375.06,2,5,2.5000
10216,15956.18,12116.40,2,5,2.5000
10217,16001.08,11848.40,NaN,NaN,NaN
10218,16181.51,12073.50,2,7,3.5000
10219,15552.51,12248.03,NaN,NaN,NaN
10220,16235.30,11933.38,0,0,0.0000
10221,15915.74,11901.15,0,0,0.0000
10222,16216.75,12222.30,NaN,NaN,NaN
10223,15496.96,12157.46,3,6,2.0000
10224,15827.46,12113.37,NaN,NaN,NaN
10225,16318.92,12383.61,2,3,0.0000
10226,15702.36,12235.79,2,3,0.0000
10227,16095.19,12235.72,0,0,0.0000
10228,15591.40,11964.57,NaN,NaN,NaN
10229,15987.96,11990.75,0,0,0.0000
10230,15666.49,11940.20,NaN,NaN,NaN
10231,16038.27,12291.82,NaN,NaN,NaN
10232,15601.14,12131.72,0,0,0.0000
10233,15602.71,12382.90,NaN,NaN,NaN
10234,15704.79,12127.19,0,0,0.0000
10235,15512.80,11921.93,2,6,3.0000
10236,16257.14,12317.63,NaN,NaN,NaN
10237,15574.76,12325.23,0,0,0.0000
10238,15782.57,12185.92,NaN,NaN,NaN
10239,16061.08,12057.32,NaN,NaN,NaN
10240,16109.26,12160.57,NaN,NaN,NaN
10241,16169.81,12339.86,NaN,NaN,NaN
10242,15665.70,11828.40,NaN,NaN,NaN
10243,15810.73,11982.51,0,0,0.0000
10244,15876.76,12025.32,0,0,0.0000
10245,16039.62,12108.86,NaN,NaN,NaN
10246,15884.16,11726.21,NaN,NaN,NaN
10247,15854.82,12194.01,NaN,NaN,NaN
10248,16070.35,12349.58,NaN,NaN,NaN
10249,15550.01,11719.64,2,1,0.0000
10250,15657.82,12340.00,NaN,NaN,NaN
10251,16163.05,11897.40,0,0,0.0000
10252,15764.26,12051.73,NaN,NaN,NaN
10253,15880.83,12276.22,NaN,NaN,NaN
10254,15980.16,12231.48,NaN,NaN,NaN
10255,15944.20,11675.10,NaN,NaN,NaN
10256,16288.46,11873.18,0,0,0.0000
10257,16234.95,12414.70,0,0,0.0000
10258,16322.85,11927.59,0,0,0.0000
10259,16235.20,12130.74,0,0,0.0000
10260,15719.72,12015.51,0,0,0.0000
10261,15585.77,11834.10,NaN,NaN,NaN
10262,15869.73,11770.28,NaN,NaN,NaN
10263,16138.39,12394.07,3,6,2.0000
10264,16021.88,11711.58,NaN,NaN,NaN
10265,15664.86,12010.46,NaN,NaN,NaN
10266,15889.33,12353.31,NaN,NaN,NaN
10267,16077.07,11912.37,0,0,0.0000
10268,15785.09,11888.35,NaN,NaN,NaN
10269,15976.12,12295.00,NaN,NaN,NaN
10270,15705.11,12298.71,NaN,NaN,NaN
10271,15644.94,11749.55,NaN,NaN,NaN
10272,15728.21,11864.24,0,0,0.0000
10273,16163.82,11988.74,NaN,NaN,NaN
10274,15911.92,11980.77,0,0,0.0000
10275,16269.62,12071.05,NaN,NaN,NaN
10276,16339.78,12064.33,NaN,NaN,NaN
10277,16290.42,11978.88,NaN,NaN,NaN
10278,16295.17,12108.07,NaN,NaN,NaN
10279,15785.03,11758.72,0,0,0.0000
10280,15882.19,11663.39,0,0,0.0000
10281,16202.41,12299.72,NaN,NaN,NaN
10282,15921.62,11788.11,2,3,0.0000
10283,15613.09,11874.57,NaN,NaN,NaN
10284,15670.01,11884.78,2,0,0.0000
10285,15719.88,11781.36,0,0,0.0000
10286,15751.34,11808.38,NaN,NaN,NaN
10287,15705.81,11719.02,0,0,0.0000
10288,16120.51,11937.54,NaN,NaN,NaN
10289,15490.86,12221.94,0,0,0.0000
10290,15769.02,11838.56,NaN,NaN,NaN
10291,15748.40,11990.99,0,0,0.0000
10292,15891.29,12413.28,0,0,0.0000
10293,15762.74,11711.95,NaN,NaN,NaN
10294,15875.79,11823.39,0,0,0.0000
10295,15649.06,11707.87,NaN,NaN,NaN
10296,15816.51,11730.00,0,0,0.0000
10297,74.19,13007.64,NaN,NaN,NaN
10298,508.21,13161.02,0,0,0.0000
10299,413.61,12789.07,0,0,0.0000
10300,110.40,12821.25,NaN,NaN,NaN
10301,522.67,12944.02,NaN,NaN,NaN
10302,189.13,13094.23,NaN,NaN,NaN
10303,607.18,13162.01,2,4,2.0000
10304,215.63,12971.32,NaN,NaN,NaN
10305,305.45,13183.03,NaN,NaN,NaN
10306,316.71,12988.24,NaN,NaN,NaN
10307,181.10,12794.61,2,2,0.0000
10308,241.88,12763.35,3,2,0.0000
10309,293.68,12716.49,2,5,2.5000
10310,379.25,13088.39,NaN,NaN,NaN
10311,440.58,12968.47,NaN,NaN,NaN
10312,363.97,12861.34,NaN,NaN,NaN
10313,105.04,13094.01,NaN,NaN,NaN
10314,516.17,13103.33,NaN,NaN,NaN
10315,337.39,12656.57,2,1,0.0000
10316,360.81,13140.86,3,3,0.0000
10317,144.39,13152.78,NaN,NaN,NaN
10318,478.64,12888.71,NaN,NaN,NaN
10319,155.04,12999.57,0,0,0.0000
10320,518.53,12789.99,NaN,NaN,NaN
10321,269.72,12896.85,3,6,2.0000
10322,266.37,12946.35,NaN,NaN,NaN
10323,557.09,13028.37,NaN,NaN,NaN
10324,282.82,12835.80,NaN,NaN,NaN
10325,196.60,12883.39,3,5,0.0000
10326,482.67,13027.12,NaN,NaN,NaN
10327,47.97,12906.55,3,5,0.0000
10328,359.32,13020.60,NaN,NaN,NaN
10329,255.17,13071.54,2,3,0.0000
10330,316.85,12778.48,2,1,0.0000
10331,435.69,13041.74,3,2,0.0000
10332,425.21,13167.83,NaN,NaN,NaN
10333,228.66,13141.06,NaN,NaN,NaN
10334,467.76,12630.80,3,3,0.0000
10335,519.29,12672.94,NaN,NaN,NaN
10336,766.44,12466.93,0,0,0.0000
10337,393.23,12944.58,2,2,0.0000
10338,446.12,12696.56,0,0,0.0000
10339,393.68,13043.95,NaN,NaN,NaN
10340,116.88,12883.07,2,5,2.5000
10341,473.47,12735.49,3,3,0.0000
10342,57.71,12862.42,0,0,0.0000
10343,321.33,12893.60,NaN,NaN,NaN
10344,557.36,12816.38,0,0,0.0000
10345,587.90,13090.56,NaN,NaN,NaN
10346,419.30,12863.14,2,3,0.0000
10347,514.76,13048.46,NaN,NaN,NaN
10348,117.59,13028.61,NaN,NaN,NaN
10349,356.62,12936.30,0,0,0.0000
10350,577.42,12747.70,3,5,0.0000
10351,1145.93,12930.13,2,3,0.0000
10352,1155.16,12673.23,NaN,NaN,NaN
10353,1031.57,12696.20,NaN,NaN,NaN
10354,1243.91,12893.23,2,2,0.0000
10355,928.91,12629.53,3,1,0.0000
10356,1147.82,12806.91,NaN,NaN,NaN
10357,1250.22,12654.85,0,0,0.0000
10358,1020.04,12855.95,NaN,NaN,NaN
10359,1236.93,12810.46,2,2,0.0000
10360,1291.72,12836.64,3,3,0.0000
10361,1046.00,12571.52,2,5,2.5000
10362,959.41,12802.53,2,2,0.0000
10363,1219.62,12596.15,2,5,2.5000
10364,1146.40,12570.34,3,4,0.0000
10365,1236.11,12741.30,0,0,0.0000
10366,1093.83,12985.09,NaN,NaN,NaN
10367,1075.16,12821.88,2,4,2.0000
10368,1046.38,12938.56,0,0,0.0000
10369,1105.24,12417.25,NaN,NaN,NaN
10370,1017.64,12776.05,2,2,0.0000
10371,1194.64,12530.57,5,4,0.0000
10372,990.37,12589.71,0,0,0.0000
10373,1081.71,12768.91,0,0,0.0000
10374,1092.34,12692.01,0,0,0.0000
10375,1245.84,12931.89,NaN,NaN,NaN
10376,3197.20,12812.84,2,3,0.0000
10377,2991.87,13063.29,4,7,0.0000
10378,3139.69,12952.97,NaN,NaN,NaN
10379,2912.37,12889.10,NaN,NaN,NaN
10380,2867.33,12439.98,0,0,0.0000
10381,3095.34,12476.04,3,4,0.0000
10382,3002.72,12938.53,0,0,0.0000
10383,3051.76,12754.94,NaN,NaN,NaN
10384,2973.99,13148.89,NaN,NaN,NaN
10385,2914.92,12526.75,NaN,NaN,NaN
10386,2736.76,12481.37,NaN,NaN,NaN
10387,2827.82,12496.42,0,0,0.0000
10388,3113.77,12695.42,2,4,2.0000
10389,2926.17,12772.50,NaN,NaN,NaN
10390,2752.41,12584.82,4,8,2.0000
10391,3152.85,13107.21,0,0,0.0000
10392,3187.11,13040.06,6,14,2.3333
10393,3089.36,12608.17,NaN,NaN,NaN
10394,3023.84,12469.90,NaN,NaN,NaN
10395,2771.16,12423.55,0,0,0.0000
10396,3112.59,13173.69,0,0,0.0000
10397,2956.85,12625.46,NaN,NaN,NaN
10398,2777.41,12641.46,0,0,0.0000
10399,3050.77,12999.74,NaN,NaN,NaN
10400,2886.50,12594.51,2,1,0.0000
10401,2833.87,12709.64,NaN,NaN,NaN
10402,2885.96,12805.57,0,0,0.0000
10403,3100.06,12810.58,3,5,0.0000
10404,3083.39,12891.27,0,0,0.0000
10405,2976.20,12853.19,0,0,0.0000
10406,3081.81,13071.61,NaN,NaN,NaN
10407,2986.04,12775.42,NaN,NaN,NaN
10408,2788.30,12689.61,NaN,NaN,NaN
10409,2889.07,12698.77,0,0,0.0000
10410,3139.44,12524.24,NaN,NaN,NaN
10411,2862.40,12646.27,NaN,NaN,NaN
10412,2944.49,12679.69,0,0,0.0000
10413,2903.27,12995.74,0,0,0.0000
10414,2867.46,12921.42,2,4,2.0000
10415,2830.86,12600.36,NaN,NaN,NaN
10416,2963.85,12719.78,2,2,0.0000
10417,3160.26,12550.88,NaN,NaN,NaN
10418,3048.14,13136.31,NaN,NaN,NaN
10419,2673.37,12489.69,NaN,NaN,NaN
10420,2968.44,12582.03,0,0,0.0000
10421,2709.19,12539.87,NaN,NaN,NaN
10422,3161.99,12447.33,2,3,0.0000
10423,3007.93,12676.99,NaN,NaN,NaN
10424,3153.81,12730.44,0,0,0.0000
10425,3041.66,12845.23,0,0,0.0000
10426,3063.70,12646.16,2,4,2.0000
10427,2804.62,12549.24,NaN,NaN,NaN
10428,3043.45,12678.17,NaN,NaN,NaN
10429,3063.92,12420.15,3,3,0.0000
10430,2957.82,12462.76,NaN,NaN,NaN
10431,3012.84,12603.31,0,0,0.0000
10432,2971.82,12910.81,0,0,0.0000
10433,2983.12,12446.19,0,0,0.0000
10434,3322.37,12954.88,0,0,0.0000
10435,3517.12,12949.93,0,0,0.0000
10436,3830.42,12859.53,NaN,NaN,NaN
10437,3433.19,12429.08,3,3,0.0000
10438,3518.98,13156.06,2,3,0.0000
10439,3917.00,12909.54,2,4,2.0000
10440,3225.48,12599.36,NaN,NaN,NaN
10441,3967.11,13115.86,NaN,NaN,NaN
10442,3700.92,12498.39,NaN,NaN,NaN
10443,3471.64,12656.90,2,5,2.5000
10444,3404.54,12605.05,0,0,0.0000
10445,3760.31,13118.81,NaN,NaN,NaN
10446,3573.50,12684.73,NaN,NaN,NaN
10447,3343.51,12535.17,NaN,NaN,NaN
10448,3517.11,12484.64,2,2,0.0000
10449,3555.47,12847.22,NaN,NaN,NaN
10450,3709.31,12637.89,NaN,NaN,NaN
10451,3781.87,12603.32,NaN,NaN,NaN
10452,3907.46,12540.92,2,3,0.0000
10453,3584.70,12599.50,2,4,2.0000
10454,3573.78,13052.24,2,3,0.0000
10455,3686.93,12780.90,0,0,0.0000
10456,3715.01,13054.17,0,0,0.0000
10457,3635.97,13068.87,0,0,0.0000
10458,3236.57,12482.13,NaN,NaN,NaN
10459,3283.90,13180.86,0,0,0.0000
10460,3681.85,12422.84,2,1,0.0000
10461,3381.02,12838.55,0,0,0.0000
10462,3249.63,12700.02,NaN,NaN,NaN
10463,3816.65,12555.85,NaN,NaN,NaN
10464,3361.14,12628.02,NaN,NaN,NaN
10465,3890.47,13142.23,3,4,0.0000
10466,3626.38,12782.10,2,2,0.0000
10467,3765.36,12925.15,NaN,NaN,NaN
10468,3422.76,13073.66,NaN,NaN,NaN
10469,3325.98,12663.79,NaN,NaN,NaN
10470,3782.30,12450.45,0,0,0.0000
10471,3525.18,12748.64,2,4,2.0000
10472,3648.08,12898.34,NaN,NaN,NaN
10473,3260.56,13046.18,NaN,NaN,NaN
10474,3632.84,13173.92,0,0,0.0000
10475,3292.61,13103.47,2,3,0.0000
10476,3819.03,12748.38,0,0,0.0000
10477,3439.17,12779.25,NaN,NaN,NaN
10478,3626.04,12486.53,0,0,0.0000
10479,3788.77,12686.20,0,0,0.0000
10480,3731.04,12988.43,NaN,NaN,NaN
10481,3904.10,12738.80,0,0,0.0000
10482,3421.35,12894.18,NaN,NaN,NaN
10483,3352.22,13135.65,NaN,NaN,NaN
10484,3465.10,12737.55,NaN,NaN,NaN
10485,3458.41,12837.54,NaN,NaN,NaN
10486,3910.59,12419.38,0,0,0.0000
10487,3732.29,12834.44,2,8,4.0000
10488,3932.79,12485.70,NaN,NaN,NaN
10489,3692.71,12925.00,0,0,0.0000
10490,3941.40,12695.66,NaN,NaN,NaN
10491,3206.04,13141.81,0,0,0.0000
10492,3464.66,13113.29,NaN,NaN,NaN
10493,3882.53,13011.36,NaN,NaN,NaN
10494,3868.02,12609.64,NaN,NaN,NaN
10495,3813.04,13111.05,0,0,0.0000
10496,3355.92,13076.47,0,0,0.0000
10497,3212.86,12671.97,0,0,0.0000
10498,3507.89,12546.76,0,0,0.0000
10499,3670.55,12704.08,NaN,NaN,NaN
10500,3441.86,12545.07,0,0,0.0000
10501,3678.65,13122.83,0,0,0.0000
10502,3370.92,12715.52,NaN,NaN,NaN
10503,3846.01,13059.89,NaN,NaN,NaN
10504,3592.65,12455.87,NaN,NaN,NaN
10505,3649.11,12605.51,0,0,0.0000
10506,3939.44,13038.36,NaN,NaN,NaN
10507,3551.87,12424.07,NaN,NaN,NaN
10508,3857.05,12980.37,2,4,2.0000
10509,3905.47,12625.26,2,3,0.0000
10510,3873.77,12696.97,0,0,0.0000
10511,3288.50,12614.88,NaN,NaN,NaN
10512,3358.88,12754.00,NaN,NaN,NaN
10513,3298.71,12732.22,0,0,0.0000
10514,3302.22,12826.93,0,0,0.0000
10515,3681.38,12975.42,0,0,0.0000
10516,3792.56,13009.84,2,3,0.0000
10517,3281.36,12796.94,NaN,NaN,NaN
10518,3312.16,12763.74,0,0,0.0000
10519,3634.48,12960.97,NaN,NaN,NaN
10520,4206.66,12805.43,3,7,2.3333
10521,4273.38,12679.71,NaN,NaN,NaN
10522,4030.29,12737.60,NaN,NaN,NaN
10523,4196.17,12580.02,NaN,NaN,NaN
10524,4336.68,12952.09,4,3,0.0000
10525,4490.10,12565.00,0,0,0.0000
10526,4201.85,13029.94,NaN,NaN,NaN
10527,3972.83,12627.96,2,3,0.0000
10528,4407.37,12688.26,2,4,2.0000
10529,4089.20,12489.21,NaN,NaN,NaN
10530,4579.04,12427.33,4,7,0.0000
10531,4410.35,12514.67,0,0,0.0000
10532,4405.35,12855.86,5,7,0.0000
10533,4350.38,12749.84,2,6,3.0000
10534,3990.58,12538.08,0,0,0.0000
10535,4242.63,13096.88,4,7,0.0000
10536,4239.35,12457.31,3,5,0.0000
10537,4118.45,12625.64,NaN,NaN,NaN
10538,4027.82,12482.71,NaN,NaN,NaN
10539,4045.56,12624.49,NaN,NaN,NaN
10540,4044.75,12840.27,NaN,NaN,NaN
10541,4482.11,12680.97,NaN,NaN,NaN
10542,4128.64,12425.66,2,3,0.0000
10543,4148.03,12907.05,NaN,NaN,NaN
10544,4232.92,12934.94,NaN,NaN,NaN
10545,4323.47,12548.15,4,5,0.0000
10546,3972.39,12836.93,NaN,NaN,NaN
10547,3974.04,12980.18,2,4,2.0000
10548,4316.69,12477.60,NaN,NaN,NaN
10549,4024.23,12912.21,5,8,0.0000
10550,4422.46,12786.05,NaN,NaN,NaN
10551,4139.43,12995.55,3,3,0.0000
10552,4251.20,13176.80,NaN,NaN,NaN
10553,4342.27,13093.19,NaN,NaN,NaN
10554,4162.50,12690.35,2,5,2.5000
10555,4101.35,12785.63,NaN,NaN,NaN
10556,4588.08,13053.29,NaN,NaN,NaN
10557,4367.33,12422.19,0,0,0.0000
10558,4589.81,12815.29,NaN,NaN,NaN
10559,4336.85,12854.12,NaN,NaN,NaN
10560,4330.87,12429.65,2,2,0.0000
10561,4121.06,12850.26,NaN,NaN,NaN
10562,4185.79,13116.34,NaN,NaN,NaN
10563,3969.12,12456.76,0,0,0.0000
10564,4278.17,12906.48,NaN,NaN,NaN
10565,4561.82,12941.58,0,0,0.0000
10566,4286.23,12869.86,0,0,0.0000
10567,4033.37,13079.93,0,0,0.0000
10568,4079.19,12569.89,0,0,0.0000
10569,4591.75,13129.54,NaN,NaN,NaN
10570,4676.13,12445.12,NaN,NaN,NaN
10571,4605.46,12635.00,NaN,NaN,NaN
10572,4329.47,12637.29,NaN,NaN,NaN
10573,5080.52,13091.79,NaN,NaN,NaN
10574,5493.65,12672.07,NaN,NaN,NaN
10575,4937.85,13035.11,NaN,NaN,NaN
10576,5340.86,13178.21,NaN,NaN,NaN
10577,5366.07,12698.92,2,1,0.0000
10578,4945.26,12444.41,3,3,0.0000
10579,5372.86,12803.74,NaN,NaN,NaN
10580,5352.71,12578.31,0,0,0.0000
10581,5447.25,12505.41,NaN,NaN,NaN
10582,5386.05,12914.31,NaN,NaN,NaN
10583,4854.27,13057.96,NaN,NaN,NaN
10584,5258.44,12600.85,2,5,2.5000
10585,5489.31,13044.44,NaN,NaN,NaN
10586,5288.20,12897.98,NaN,NaN,NaN
10587,5311.44,12445.58,2,2,0.0000
10588,4957.96,13159.68,0,0,0.0000
10589,5229.14,12462.31,2,2,0.0000
10590,5294.77,12981.61,NaN,NaN,NaN
10591,5313.10,13059.63,0,0,0.0000
10592,5285.03,12786.24,NaN,NaN,NaN
10593,5067.88,12959.34,0,0,0.0000
10594,5184.67,12836.74,NaN,NaN,NaN
10595,5222.77,13087.41,NaN,NaN,NaN
10596,5063.85,12857.84,NaN,NaN,NaN
10597,5380.09,13000.02,NaN,NaN,NaN
10598,5287.46,12676.13,NaN,NaN,NaN
10599,5439.46,12864.51,NaN,NaN,NaN
10600,4850.96,13129.51,0,0,0.0000
10601,5181.37,12745.67,NaN,NaN,NaN
10602,4891.81,12508.20,NaN,NaN,NaN
10603,5124.16,12802.88,3,9,3.0000
10604,5163.06,12907.12,NaN,NaN,NaN
10605,5139.77,13183.47,2,5,2.5000
10606,5468.29,12967.98,NaN,NaN,NaN
10607,5185.38,12998.02,0,0,0.0000
10608,5392.33,12485.93,NaN,NaN,NaN
10609,4940.49,12928.40,2,1,0.0000
10610,4902.87,13154.91,NaN,NaN,NaN
10611,5008.97,12987.11,0,0,0.0000
10612,5259.15,13169.27,0,0,0.0000
10613,5234.88,12785.20,NaN,NaN,NaN
10614,4798.72,12998.47,NaN,NaN,NaN
10615,5104.18,12926.70,0,0,0.0000
10616,5235.62,12713.51,NaN,NaN,NaN
10617,5005.72,12872.88,0,0,0.0000
10618,5148.59,12420.94,0,0,0.0000
10619,4822.22,13183.63,NaN,NaN,NaN
10620,5241.61,12936.40,0,0,0.0000
10621,5125.23,12870.38,2,2,0.0000
10622,5408.65,12601.34,NaN,NaN,NaN
10623,5492.17,13138.14,0,0,0.0000
10624,5224.43,13163.28,NaN,NaN,NaN
10625,5189.69,12643.54,NaN,NaN,NaN
10626,5452.31,12428.14,2,3,0.0000
10627,5132.46,12958.99,NaN,NaN,NaN
10628,4967.45,12511.70,0,0,0.0000
10629,5589.69,13077.77,2,1,0.0000
10630,5850.02,12998.96,NaN,NaN,NaN
10631,5540.97,12580.91,NaN,NaN,NaN
10632,5935.79,13169.13,2,1,0.0000
10633,5560.78,12941.99,NaN,NaN,NaN
10634,5936.35,13067.74,0,0,0.0000
10635,5513.99,12834.79,0,0,0.0000
10636,5779.65,12812.40,2,5,2.5000
10637,5729.59,13076.23,NaN,NaN,NaN
10638,5639.12,12764.14,NaN,NaN,NaN
10639,5783.56,12924.73,3,6,2.0000
10640,5768.67,13134.51,0,0,0.0000
10641,5895.59,12862.93,0,0,0.0000
10642,5598.83,12820.61,NaN,NaN,NaN
10643,5678.19,12960.03,NaN,NaN,NaN
10644,5941.83,12944.11,NaN,NaN,NaN
10645,5637.14,12898.19,0,0,0.0000
10646,5697.23,12858.30,2,2,0.0000
10647,5589.02,12531.97,NaN,NaN,NaN
10648,5674.90,13150.49,0,0,0.0000
10649,6001.13,13014.43,NaN,NaN,NaN
10650,5927.84,12995.74,2,5,2.5000
10651,5649.02,12582.99,0,0,0.0000
10652,5720.95,13006.46,2,4,2.0000
10653,5704.79,12696.08,NaN,NaN,NaN
10654,5808.56,12691.65,0,0,0.0000
10655,6010.84,13108.22,NaN,NaN,NaN
10656,5692.77,12746.52,NaN,NaN,NaN
10657,5632.49,12643.50,0,0,0.0000
10658,5733.32,12910.60,NaN,NaN,NaN
10659,5706.42,12643.76,NaN,NaN,NaN
10660,5838.87,12801.54,0,0,0.0000
10661,5746.97,12731.77,NaN,NaN,NaN
10662,6319.09,13101.27,NaN,NaN,NaN
10663,6399.65,13171.23,NaN,NaN,NaN
10664,6625.20,12496.90,2,4,2.0000
10665,6365.13,13093.81,NaN,NaN,NaN
10666,6564.22,12458.82,0,0,0.0000
10667,7463.65,12768.33,3,8,2.6667
10668,7682.27,12668.10,NaN,NaN,NaN
10669,7290.75,12609.48,0,0,0.0000
10670,7365.28,12675.13,NaN,NaN,NaN
10671,7470.74,12903.13,NaN,NaN,NaN
10672,7425.27,12978.83,NaN,NaN,NaN
10673,7679.67,12850.69,NaN,NaN,NaN
10674,7721.69,13025.47,0,0,0.0000
10675,7600.05,12528.57,3,6,2.0000
10676,7625.76,13107.20,3,5,0.0000
10677,7586.44,12810.88,0,0,0.0000
10678,7661.17,12768.48,0,0,0.0000
10679,7577.58,12902.30,0,0,0.0000
10680,7528.63,12656.04,NaN,NaN,NaN
10681,7398.72,12479.90,NaN,NaN,NaN
10682,7401.60,12882.30,2,2,0.0000
10683,7566.34,13171.77,NaN,NaN,NaN
10684,7342.31,12524.49,NaN,NaN,NaN
10685,7431.83,12674.54,3,5,0.0000
10686,7691.24,12936.06,NaN,NaN,NaN
10687,7468.39,12537.18,NaN,NaN,NaN
10688,7450.90,12592.25,0,0,0.0000
10689,7289.47,12513.13,NaN,NaN,NaN
10690,7668.77,13021.87,NaN,NaN,NaN
10691,7586.97,12736.44,2,4,2.0000
10692,7639.73,12708.80,NaN,NaN,NaN
10693,7351.94,12595.17,4,4,0.0000
10694,7518.86,12808.53,0,0,0.0000
10695,7733.75,13152.14,NaN,NaN,NaN
10696,7623.60,12951.85,NaN,NaN,NaN
10697,7603.08,12607.86,NaN,NaN,NaN
10698,7376.06,12755.58,0,0,0.0000
10699,7528.98,12732.80,NaN,NaN,NaN
10700,7640.36,12590.59,NaN,NaN,NaN
10701,7671.32,13098.15,NaN,NaN,NaN
10702,7650.25,12926.04,0,0,0.0000
10703,8195.67,13111.46,0,0,0.0000
10704,8016.74,12620.27,6,3,0.0000
10705,8205.87,13036.20,2,3,0.0000
10706,8169.65,13050.64,2,2,0.0000
10707,9231.33,12451.56,NaN,NaN,NaN
10708,9275.44,12581.09,2,5,2.5000
10709,9335.98,12544.96,2,4,2.0000
10710,9311.05,12449.97,NaN,NaN,NaN
10711,9326.17,12596.56,0,0,0.0000
10712,9283.48,12495.81,NaN,NaN,NaN
10713,9198.87,12490.08,NaN,NaN,NaN
10714,9456.81,12532.83,NaN,NaN,NaN
10715,9397.36,12470.29,2,2,0.0000
10716,9404.57,12589.47,NaN,NaN,NaN
10717,9470.96,12468.73,2,3,0.0000
10718,9383.66,12538.08,0,0,0.0000
10719,10782.58,12747.24,NaN,NaN,NaN
10720,10750.88,12572.16,2,2,0.0000
10721,10834.70,12631.18,0,0,0.0000
10722,10631.59,12629.17,NaN,NaN,NaN
10723,10718.19,12683.65,NaN,NaN,NaN
10724,10685.12,12815.43,0,0,0.0000
10725,10781.41,12861.76,0,0,0.0000
10726,10583.49,12841.95,NaN,NaN,NaN
10727,10616.88,12503.88,NaN,NaN,NaN
10728,10612.72,12950.76,4,4,0.0000
10729,10729.43,12929.80,NaN,NaN,NaN
10730,10564.21,12568.76,NaN,NaN,NaN
10731,10525.31,12640.18,NaN,NaN,NaN
10732,10682.15,12973.79,0,0,0.0000
10733,10674.39,12508.99,0,0,0.0000
10734,10685.29,12746.46,0,0,0.0000
10735,10558.26,12908.71,3,3,0.0000
10736,10637.38,12886.19,2,5,2.5000
10737,10705.01,12880.79,NaN,NaN,NaN
10738,10667.02,12938.06,NaN,NaN,NaN
10739,10552.97,12947.77,NaN,NaN,NaN
10740,10807.48,12501.85,0,0,0.0000
10741,10822.99,12544.91,0,0,0.0000
10742,10717.96,12503.09,NaN,NaN,NaN
10743,10589.78,12460.34,0,0,0.0000
10744,11637.03,13111.49,0,0,0.0000
10745,11601.57,12997.16,0,0,0.0000
10746,11577.14,13081.60,0,0,0.0000
10747,11598.20,12911.94,NaN,NaN,NaN
10748,11167.59,12780.56,0,0,0.0000
10749,11538.48,12932.98,0,0,0.0000
10750,11531.14,13169.95,2,3,0.0000
10751,11358.86,12644.21,0,0,0.0000
10752,11377.15,12606.43,0,0,0.0000
10753,11856.64,13046.92,2,3,0.0000
10754,11993.66,12844.33,NaN,NaN,NaN
10755,11887.86,12784.95,4,6,0.0000
10756,12369.65,12480.02,0,0,0.0000
10757,11717.22,12879.96,NaN,NaN,NaN
10758,11811.11,12931.20,NaN,NaN,NaN
10759,12216.85,12827.09,0,0,0.0000
10760,11941.74,12529.39,NaN,NaN,NaN
10761,12240.44,13053.00,4,6,0.0000
10762,12103.84,12800.59,3,2,0.0000
10763,11915.39,13150.44,NaN,NaN,NaN
10764,12150.83,12677.55,NaN,NaN,NaN
10765,12311.63,12645.31,NaN,NaN,NaN
10766,12391.71,12597.22,NaN,NaN,NaN
10767,12117.14,12920.54,0,0,0.0000
10768,11991.32,13160.47,NaN,NaN,NaN
10769,12013.74,12639.50,NaN,NaN,NaN
10770,12069.92,12585.59,NaN,NaN,NaN
10771,12186.06,12561.74,NaN,NaN,NaN
10772,11727.35,13129.02,2,4,2.0000
10773,11833.52,12695.79,NaN,NaN,NaN
10774,11688.15,12981.79,NaN,NaN,NaN
10775,12232.99,12482.94,0,0,0.0000
10776,11777.49,12804.92,0,0,0.0000
10777,11694.91,12797.09,2,5,2.5000
10778,12182.12,13111.49,NaN,NaN,NaN
10779,12237.67,12958.96,0,0,0.0000
10780,12204.79,12747.74,0,0,0.0000
10781,11943.41,12688.60,NaN,NaN,NaN
10782,12370.48,12931.62,0,0,0.0000
10783,12076.06,13099.47,2,2,0.0000
10784,12335.38,12828.80,NaN,NaN,NaN
10785,12072.17,12460.86,0,0,0.0000
10786,12022.47,12525.65,NaN,NaN,NaN
10787,11739.40,12727.20,0,0,0.0000
10788,12126.03,12526.21,NaN,NaN,NaN
10789,11868.02,12597.68,NaN,NaN,NaN
10790,12383.52,12857.88,0,0,0.0000
10791,12157.65,12997.43,0,0,0.0000
10792,12265.22,12700.19,0,0,0.0000
10793,12168.38,12442.02,0,0,0.0000
10794,11652.97,13179.39,NaN,NaN,NaN
10795,12110.92,13155.60,NaN,NaN,NaN
10796,12005.16,12459.79,0,0,0.0000
10797,12373.96,12752.10,0,0,0.0000
10798,11932.61,12610.46,4,7,0.0000
10799,12295.80,12936.33,NaN,NaN,NaN
10800,12091.37,12998.01,NaN,NaN,NaN
10801,12098.83,12644.73,0,0,0.0000
10802,11792.02,12688.52,0,0,0.0000
10803,11902.90,12645.32,NaN,NaN,NaN
10804,12313.05,12766.91,0,0,0.0000
10805,12062.22,12878.56,NaN,NaN,NaN
10806,11738.18,13021.74,NaN,NaN,NaN
10807,11812.04,13175.23,0,0,0.0000
10808,11810.52,12564.19,NaN,NaN,NaN
10809,12073.40,13149.27,NaN,NaN,NaN
10810,12365.58,12991.22,NaN,NaN,NaN
10811,11998.04,13035.49,0,0,0.0000
10812,11949.40,13082.58,0,0,0.0000
10813,12126.09,12603.74,0,0,0.0000
10814,12717.65,12610.29,NaN,NaN,NaN
10815,12733.19,12428.95,0,0,0.0000
10816,13042.97,12515.28,0,0,0.0000
10817,13064.37,12606.35,NaN,NaN,NaN
10818,12845.14,12590.24,NaN,NaN,NaN
10819,13061.00,13133.84,0,0,0.0000
10820,12659.39,12484.32,NaN,NaN,NaN
10821,12637.35,12807.12,0,0,0.0000
10822,12853.14,12482.11,NaN,NaN,NaN
10823,12441.80,12801.29,0,0,0.0000
10824,12521.63,12790.52,0,0,0.0000
10825,12830.21,12809.60,NaN,NaN,NaN
10826,12633.18,12547.51,0,0,0.0000
10827,12425.58,12692.91,NaN,NaN,NaN
10828,12835.81,12856.92,0,0,0.0000
10829,12470.29,12546.62,NaN,NaN,NaN
10830,12578.51,12825.87,NaN,NaN,NaN
10831,12912.75,13130.98,0,0,0.0000
10832,12617.83,12717.91,2,5,2.5000
10833,12942.24,12601.95,NaN,NaN,NaN
10834,12958.74,12645.51,NaN,NaN,NaN
10835,12511.81,12482.05,NaN,NaN,NaN
10836,12493.47,12875.95,NaN,NaN,NaN
10837,12536.08,12715.91,NaN,NaN,NaN
10838,12779.29,12508.44,NaN,NaN,NaN
10839,12992.88,12425.27,NaN,NaN,NaN
10840,13022.93,12702.62,0,0,0.0000
10841,13073.87,12747.62,0,0,0.0000
10842,13123.49,12466.05,NaN,NaN,NaN
10843,13175.38,13025.96,0,0,0.0000
10844,12918.27,12450.61,0,0,0.0000
10845,12841.77,12742.50,NaN,NaN,NaN
10846,12817.93,12657.52,0,0,0.0000
10847,12511.48,12609.32,NaN,NaN,NaN
10848,12766.66,12773.54,3,7,2.3333
10849,12569.97,12587.55,0,0,0.0000
10850,13144.21,12710.95,0,0,0.0000
10851,12548.74,12662.15,2,4,2.0000
10852,12467.11,12419.46,2,4,2.0000
10853,12939.62,12525.25,0,0,0.0000
10854,12816.91,13069.44,NaN,NaN,NaN
10855,13036.56,12765.31,NaN,NaN,NaN
10856,13158.86,12427.24,3,3,0.0000
10857,13009.13,12776.50,NaN,NaN,NaN
10858,12739.37,12719.27,NaN,NaN,NaN
10859,12808.75,12442.15,NaN,NaN,NaN
10860,13576.44,13068.96,NaN,NaN,NaN
10861,13420.20,13082.45,0,0,0.0000
10862,13451.72,13004.15,0,0,0.0000
10863,13206.51,12464.93,NaN,NaN,NaN
10864,13310.29,12451.50,NaN,NaN,NaN
10865,13390.37,12885.02,3,4,0.0000
10866,13513.33,12898.72,NaN,NaN,NaN
10867,13393.90,13143.71,0,0,0.0000
10868,13510.76,13177.94,0,0,0.0000
10869,13510.65,12958.04,NaN,NaN,NaN
10870,13652.24,12998.39,0,0,0.0000
10871,13187.59,13098.65,NaN,NaN,NaN
10872,13647.57,13171.52,3,4,0.0000
10873,13617.11,13022.48,0,0,0.0000
10874,13186.98,12887.16,0,0,0.0000
10875,13684.06,13041.18,0,0,0.0000
10876,13628.39,12952.42,0,0,0.0000
10877,15409.94,12434.05,NaN,NaN,NaN
10878,15301.42,12493.30,NaN,NaN,NaN
10879,15486.93,12463.03,0,0,0.0000
10880,15365.69,12492.66,0,0,0.0000
10881,15438.19,12508.04,NaN,NaN,NaN
10882,15818.68,12473.45,NaN,NaN,NaN
10883,15877.82,12824.40,NaN,NaN,NaN
10884,15707.45,12464.18,NaN,NaN,NaN
10885,16028.54,12767.44,0,0,0.0000
10886,16257.09,13036.64,NaN,NaN,NaN
10887,15767.13,12781.68,3,3,0.0000
10888,15752.17,12588.39,NaN,NaN,NaN
10889,16232.92,12839.07,NaN,NaN,NaN
10890,15979.46,12819.08,NaN,NaN,NaN
10891,15861.23,12704.89,NaN,NaN,NaN
10892,16330.82,13108.82,2,4,2.0000
10893,15876.49,12582.62,NaN,NaN,NaN
10894,16143.68,12452.74,NaN,NaN,NaN
10895,15982.24,12542.29,3,7,2.3333
10896,16291.06,12477.52,NaN,NaN,NaN
10897,15764.64,12695.33,0,0,0.0000
10898,16175.14,12853.15,NaN,NaN,NaN
10899,15962.01,12931.85,NaN,NaN,NaN
10900,16137.72,13074.68,NaN,NaN,NaN
10901,16095.96,12687.77,0,0,0.0000
10902,16134.91,12763.30,NaN,NaN,NaN
10903,16276.10,12585.37,NaN,NaN,NaN
10904,15594.25,12508.39,NaN,NaN,NaN
10905,16334.48,12547.86,0,0,0.0000
10906,16094.36,12908.94,NaN,NaN,NaN
10907,16082.97,12841.51,NaN,NaN,NaN
10908,16006.99,13062.65,NaN,NaN,NaN
10909,15860.85,12931.76,0,0,0.0000
10910,15681.11,12643.61,0,0,0.0000
10911,15610.35,12458.32,NaN,NaN,NaN
10912,16224.73,12959.91,NaN,NaN,NaN
10913,15541.19,12436.75,2,5,2.5000
10914,15734.93,12884.45,0,0,0.0000
10915,15602.12,12567.78,0,0,0.0000
10916,16263.64,12685.69,NaN,NaN,NaN
10917,16073.76,12478.55,NaN,NaN,NaN
10918,16266.24,12758.00,NaN,NaN,NaN
10919,16326.86,12701.35,NaN,NaN,NaN
10920,16080.49,13127.80,NaN,NaN,NaN
10921,15930.83,12683.88,NaN,NaN,NaN
10922,15995.29,13124.64,0,0,0.0000
10923,15701.74,12832.35,0,0,0.0000
10924,15936.49,12886.49,NaN,NaN,NaN
10925,16129.10,13159.47,NaN,NaN,NaN
10926,16205.49,12583.55,NaN,NaN,NaN
10927,16002.97,12687.55,0,0,0.0000
10928,16332.72,12804.58,NaN,NaN,NaN
10929,16283.09,12927.92,0,0,0.0000
10930,15678.29,12570.20,NaN,NaN,NaN
10931,15805.39,12898.94,0,0,0.0000
10932,15934.31,13003.35,0,0,0.0000
10933,15864.49,12514.62,NaN,NaN,NaN
10934,16044.21,12620.60,0,0,0.0000
10935,16165.47,12964.61,NaN,NaN,NaN
10936,16218.62,12668.53,NaN,NaN,NaN
10937,16133.78,13013.40,0,0,0.0000
10938,16266.75,13142.03,0,0,0.0000
10939,16036.47,12983.05,0,0,0.0000
10940,15613.49,12645.09,0,0,0.0000
10941,15824.46,12557.11,0,0,0.0000
10942,15655.07,12535.22,NaN,NaN,NaN
10943,15636.24,12697.49,0,0,0.0000
10944,16302.78,12846.92,0,0,0.0000
10945,15866.43,12975.79,0,0,0.0000
10946,16340.94,13005.15,0,0,0.0000
10947,15913.18,12488.38,0,0,0.0000
10948,16195.73,12717.90,0,0,0.0000
10949,16170.39,12599.90,0,0,0.0000
10950,611.33,13717.22,NaN,NaN,NaN
10951,477.78,13949.28,0,0,0.0000
10952,583.32,13899.20,NaN,NaN,NaN
10953,408.85,13805.23,2,2,0.0000
10954,502.88,13625.79,0,0,0.0000
10955,742.48,13511.93,NaN,NaN,NaN
10956,639.54,13274.14,0,0,0.0000
10957,484.47,13491.84,2,5,2.5000
10958,402.62,13690.00,NaN,NaN,NaN
10959,717.61,13306.72,0,0,0.0000
10960,580.30,13576.67,0,0,0.0000
10961,610.89,13223.24,NaN,NaN,NaN
10962,671.76,13626.20,0,0,0.0000
10963,552.44,13817.02,NaN,NaN,NaN
10964,387.13,13209.03,2,3,0.0000
10965,814.98,13375.55,0,0,0.0000
10966,345.68,13273.19,0,0,0.0000
10967,257.27,13257.79,NaN,NaN,NaN
10968,441.21,13252.37,3,4,0.0000
10969,618.67,13380.30,NaN,NaN,NaN
10970,420.36,13619.27,3,4,0.0000
10971,39.74,13803.79,NaN,NaN,NaN
10972,722.72,13857.40,0,0,0.0000
10973,234.70,13327.11,0,0,0.0000
10974,479.22,13414.48,NaN,NaN,NaN
10975,750.34,13612.02,0,0,0.0000
10976,518.90,13736.32,2,4,2.0000
10977,377.52,13397.93,NaN,NaN,NaN
10978,521.01,13556.11,0,0,0.0000
10979,338.58,13711.02,NaN,NaN,NaN
10980,770.94,13806.77,0,0,0.0000
10981,836.08,13764.28,0,0,0.0000
10982,150.27,13211.48,NaN,NaN,NaN
10983,405.75,13304.45,NaN,NaN,NaN
10984,698.30,13940.60,NaN,NaN,NaN
10985,640.54,13935.55,0,0,0.0000
10986,721.40,13777.66,NaN,NaN,NaN
10987,666.03,13790.16,0,0,0.0000
10988,350.39,13597.16,NaN,NaN,NaN
10989,777.16,13297.57,NaN,NaN,NaN
10990,784.26,13880.17,NaN,NaN,NaN
10991,189.63,13239.77,2,2,0.0000
10992,895.41,13827.77,NaN,NaN,NaN
10993,380.78,13558.32,NaN,NaN,NaN
10994,873.21,13523.80,NaN,NaN,NaN
10995,62.74,13576.57,NaN,NaN,NaN
10996,245.58,13185.36,NaN,NaN,NaN
10997,509.53,13872.12,NaN,NaN,NaN
10998,816.95,13501.22,NaN,NaN,NaN
10999,874.03,13603.77,2,4,2.0000
11000,392.76,13866.76,NaN,NaN,NaN
11001,570.10,13491.57,2,2,0.0000
11002,892.62,13945.30,NaN,NaN,NaN
11003,557.32,13398.32,NaN,NaN,NaN
11004,681.69,13413.33,NaN,NaN,NaN
11005,534.87,13233.36,NaN,NaN,NaN
11006,657.02,13451.94,NaN,NaN,NaN
11007,655.17,13336.86,3,6,2.0000
11008,54.22,13490.83,0,0,0.0000
11009,95.05,13681.91,NaN,NaN,NaN
11010,343.77,13526.70,0,0,0.0000
11011,654.65,13510.15,NaN,NaN,NaN
11012,445.31,13346.80,2,2,0.0000
11013,446.94,13881.42,3,0,0.0000
11014,763.86,13735.42,2,3,0.0000
11015,573.96,13773.73,0,0,0.0000
11016,500.04,13681.82,NaN,NaN,NaN
11017,670.87,13565.44,NaN,NaN,NaN
11018,506.29,13351.59,NaN,NaN,NaN
11019,218.93,13285.22,NaN,NaN,NaN
11020,415.23,13512.01,NaN,NaN,NaN
11021,801.31,13601.49,0,0,0.0000
11022,829.65,13670.82,2,3,0.0000
11023,801.71,13427.48,NaN,NaN,NaN
11024,688.31,13678.83,0,0,0.0000
11025,749.20,13384.96,NaN,NaN,NaN
11026,839.93,13951.10,0,0,0.0000
11027,847.66,13468.52,0,0,0.0000
11028,474.33,13209.85,2,3,0.0000
11029,795.03,13933.49,0,0,0.0000
11030,587.22,13330.48,NaN,NaN,NaN
11031,780.15,13700.42,NaN,NaN,NaN
11032,326.01,13412.10,0,0,0.0000
11033,443.37,13558.67,2,3,0.0000
11034,634.47,13854.46,2,2,0.0000
11035,734.78,13436.19,NaN,NaN,NaN
11036,750.94,13240.11,NaN,NaN,NaN
11037,550.13,13332.73,3,4,0.0000
11038,63.71,13439.56,NaN,NaN,NaN
11039,838.77,13822.81,0,0,0.0000
11040,317.48,13492.90,0,0,0.0000
11041,609.45,13615.27,NaN,NaN,NaN
11042,611.85,13525.69,NaN,NaN,NaN
11043,444.77,13676.39,0,0,0.0000
11044,465.57,13772.99,0,0,0.0000
11045,467.20,13836.49,2,2,0.0000
11046,877.41,13420.59,NaN,NaN,NaN
11047,701.18,13385.57,NaN,NaN,NaN
11048,788.35,13651.42,0,0,0.0000
11049,724.56,13571.27,0,0,0.0000
11050,362.38,13468.56,4,4,0.0000
11051,878.24,13907.80,NaN,NaN,NaN
11052,617.26,13463.07,0,0,0.0000
11053,870.28,13722.21,NaN,NaN,NaN
11054,838.79,13868.73,0,0,0.0000
11055,615.15,13663.80,0,0,0.0000
11056,713.08,13469.83,0,0,0.0000
11057,408.74,13756.57,NaN,NaN,NaN
11058,832.45,13623.26,0,0,0.0000
11059,620.99,13815.45,NaN,NaN,NaN
11060,704.62,13727.71,0,0,0.0000
11061,362.13,13345.35,0,0,0.0000
11062,824.78,13716.53,NaN,NaN,NaN
11063,500.64,13258.70,NaN,NaN,NaN
11064,435.77,13382.14,0,0,0.0000
11065,821.31,13564.24,NaN,NaN,NaN
11066,773.92,13437.62,0,0,0.0000
11067,413.08,13427.80,0,0,0.0000
11068,799.11,13538.79,0,0,0.0000
11069,724.90,13687.01,0,0,0.0000
11070,1310.75,13764.78,3,5,0.0000
11071,1397.27,13737.47,3,5,0.0000
11072,1120.00,13902.18,NaN,NaN,NaN
11073,937.62,13748.02,NaN,NaN,NaN
11074,1320.81,13657.94,NaN,NaN,NaN
11075,1197.05,13782.79,0,0,0.0000
11076,1096.53,13707.89,3,6,2.0000
11077,1132.44,13815.90,0,0,0.0000
11078,902.99,13667.99,2,3,0.0000
11079,1208.12,13925.97,NaN,NaN,NaN
11080,1268.03,13887.93,2,2,0.0000
11081,1147.75,13686.14,2,4,2.0000
11082,1087.36,13574.71,NaN,NaN,NaN
11083,1413.97,13809.80,NaN,NaN,NaN
11084,1448.75,13641.79,2,4,2.0000
11085,1244.03,13826.50,NaN,NaN,NaN
11086,1481.00,13725.48,NaN,NaN,NaN
11087,1032.50,13731.27,0,0,0.0000
11088,1220.77,13637.68,2,4,2.0000
11089,994.52,13803.96,NaN,NaN,NaN
11090,1538.17,13652.42,2,1,0.0000
11091,944.75,13890.47,2,3,0.0000
11092,1017.49,13576.17,4,3,0.0000
11093,1343.57,13860.15,0,0,0.0000
11094,940.15,13405.97,2,3,0.0000
11095,1216.40,13714.20,NaN,NaN,NaN
11096,952.11,13609.53,NaN,NaN,NaN
11097,1079.92,13794.80,NaN,NaN,NaN
11098,946.61,13509.46,NaN,NaN,NaN
11099,1619.03,13843.56,NaN,NaN,NaN
11100,1255.43,13683.43,NaN,NaN,NaN
11101,999.00,13502.78,NaN,NaN,NaN
11102,1033.42,13881.79,NaN,NaN,NaN
11103,1586.02,13780.13,NaN,NaN,NaN
11104,1361.22,13628.41,NaN,NaN,NaN
11105,1532.15,13580.59,0,0,0.0000
11106,927.09,13453.21,NaN,NaN,NaN
11107,967.39,13670.26,0,0,0.0000
11108,1312.16,13922.42,0,0,0.0000
11109,1062.82,13620.81,NaN,NaN,NaN
11110,1544.62,13725.63,2,2,0.0000
11111,1010.05,13845.96,NaN,NaN,NaN
11112,964.02,13558.86,NaN,NaN,NaN
11113,998.03,13896.22,0,0,0.0000
11114,1076.65,13851.82,2,2,0.0000
11115,948.04,13824.78,0,0,0.0000
11116,915.89,13557.31,NaN,NaN,NaN
11117,1529.52,13769.63,0,0,0.0000
11118,1723.13,13912.60,2,1,0.0000
11119,3142.26,13291.94,NaN,NaN,NaN
11120,3010.21,13255.70,0,0,0.0000
11121,3092.54,13360.61,NaN,NaN,NaN
11122,3075.02,13276.61,NaN,NaN,NaN
11123,2518.56,13891.70,0,0,0.0000
11124,3090.99,13440.89,NaN,NaN,NaN
11125,3122.96,13519.10,NaN,NaN,NaN
11126,3152.35,13385.45,0,0,0.0000
11127,2481.62,13842.97,2,1,0.0000
11128,3034.45,13204.20,0,0,0.0000
11129,3172.95,13234.47,3,3,0.0000
11130,3048.47,13327.53,0,0,0.0000
11131,3052.17,13391.54,NaN,NaN,NaN
11132,3015.85,13315.92,0,0,0.0000
11133,3164.86,13186.25,0,0,0.0000
11134,3889.54,13590.28,NaN,NaN,NaN
11135,3510.54,13675.91,NaN,NaN,NaN
11136,3627.05,13263.90,0,0,0.0000
11137,3286.31,13371.94,NaN,NaN,NaN
11138,3703.77,13861.47,NaN,NaN,NaN
11139,3788.05,13415.23,NaN,NaN,NaN
11140,3583.88,13788.78,NaN,NaN,NaN
11141,3741.76,13273.12,NaN,NaN,NaN
11142,3508.73,13584.44,0,0,0.0000
11143,3725.50,13729.18,2,6,3.0000
11144,3599.81,13723.34,NaN,NaN,NaN
11145,3912.53,13945.84,0,0,0.0000
11146,3496.32,13489.66,NaN,NaN,NaN
11147,3715.42,13652.40,NaN,NaN,NaN
11148,3822.06,13185.21,4,6,0.0000
11149,3927.75,13303.78,0,0,0.0000
11150,3696.33,13769.40,NaN,NaN,NaN
11151,3583.71,13517.16,0,0,0.0000
11152,3600.27,13337.65,NaN,NaN,NaN
11153,3542.35,13217.23,3,3,0.0000
11154,3336.50,13221.77,2,5,2.5000
11155,3889.09,13229.75,NaN,NaN,NaN
11156,3386.99,13276.82,NaN,NaN,NaN
11157,3433.49,13457.25,NaN,NaN,NaN
11158,3562.88,13867.50,0,0,0.0000
11159,3856.07,13301.95,2,3,0.0000
11160,3715.74,13433.74,NaN,NaN,NaN
11161,3506.24,13306.24,0,0,0.0000
11162,3883.29,13437.18,NaN,NaN,NaN
11163,3846.28,13708.41,0,0,0.0000
11164,3931.98,13709.50,NaN,NaN,NaN
11165,3827.69,13494.46,0,0,0.0000
11166,3302.41,13490.80,0,0,0.0000
11167,3676.52,13594.93,0,0,0.0000
11168,3665.15,13935.89,NaN,NaN,NaN
11169,3432.17,13395.24,NaN,NaN,NaN
11170,3469.92,13783.31,NaN,NaN,NaN
11171,3893.91,13870.45,NaN,NaN,NaN
11172,3952.79,13827.09,0,0,0.0000
11173,3281.30,13574.20,NaN,NaN,NaN
11174,3798.69,13884.59,3,3,0.0000
11175,3646.54,13410.42,0,0,0.0000
11176,3635.54,13457.14,0,0,0.0000
11177,3824.68,13341.02,NaN,NaN,NaN
11178,3556.69,13445.98,0,0,0.0000
11179,3348.05,13564.71,NaN,NaN,NaN
11180,3286.56,13671.69,0,0,0.0000
11181,3220.02,13290.38,NaN,NaN,NaN
11182,3500.94,13857.63,NaN,NaN,NaN
11183,3731.44,13495.04,NaN,NaN,NaN
11184,3788.98,13689.18,NaN,NaN,NaN
11185,3438.40,13713.06,NaN,NaN,NaN
11186,3226.31,13213.52,0,0,0.0000
11187,3456.52,13317.94,NaN,NaN,NaN
11188,3419.55,13591.61,3,5,0.0000
11189,3542.57,13943.17,NaN,NaN,NaN
11190,3716.34,13539.05,NaN,NaN,NaN
11191,3352.83,13628.92,0,0,0.0000
11192,3422.78,13651.22,NaN,NaN,NaN
11193,3819.49,13809.00,3,6,2.0000
11194,3390.94,13190.06,NaN,NaN,NaN
11195,3362.48,13494.95,NaN,NaN,NaN
11196,3371.60,13747.53,0,0,0.0000
11197,3773.35,13556.60,2,6,3.0000
11198,3208.47,13378.36,NaN,NaN,NaN
11199,3632.20,13589.89,0,0,0.0000
11200,3614.44,13873.23,NaN,NaN,NaN
11201,3428.74,13539.34,2,3,0.0000
11202,3346.98,13333.48,NaN,NaN,NaN
11203,3212.31,13529.87,NaN,NaN,NaN
11204,3826.17,13764.51,NaN,NaN,NaN
11205,3407.17,13334.50,0,0,0.0000
11206,3853.89,13920.28,3,3,0.0000
11207,3699.33,13204.29,0,0,0.0000
11208,3891.08,13823.07,NaN,NaN,NaN
11209,3606.35,13634.47,NaN,NaN,NaN
11210,3466.02,13221.17,NaN,NaN,NaN
11211,3481.37,13894.41,0,0,0.0000
11212,3794.71,13606.83,3,4,0.0000
11213,3432.47,13232.99,NaN,NaN,NaN
11214,3717.65,13359.46,4,5,0.0000
11215,3766.35,13936.83,NaN,NaN,NaN
11216,3504.74,13367.45,3,3,0.0000
11217,3208.10,13598.75,NaN,NaN,NaN
11218,3369.77,13395.91,NaN,NaN,NaN
11219,3533.71,13387.21,NaN,NaN,NaN
11220,3598.25,13945.07,0,0,0.0000
11221,3942.95,13200.04,0,0,0.0000
11222,3826.22,13562.85,0,0,0.0000
11223,3751.15,13208.52,0,0,0.0000
11224,3882.70,13771.11,NaN,NaN,NaN
11225,3235.92,13435.88,0,0,0.0000
11226,3649.41,13520.43,2,2,0.0000
11227,3867.44,13776.37,NaN,NaN,NaN
11228,3992.87,13435.68,NaN,NaN,NaN
11229,4101.05,13674.71,3,4,0.0000
11230,4194.71,13931.24,NaN,NaN,NaN
11231,3999.05,13938.73,NaN,NaN,NaN
11232,4052.23,13877.22,0,0,0.0000
11233,4101.25,13478.49,2,2,0.0000
11234,4128.81,13580.60,NaN,NaN,NaN
11235,3973.71,13586.60,NaN,NaN,NaN
11236,3980.61,13768.91,NaN,NaN,NaN
11237,3996.21,13274.05,NaN,NaN,NaN
11238,4257.01,13842.78,NaN,NaN,NaN
11239,4065.68,13750.22,NaN,NaN,NaN
11240,4029.82,13813.44,2,3,0.0000
11241,4174.58,13849.59,0,0,0.0000
11242,4188.95,13643.16,NaN,NaN,NaN
11243,3998.21,13192.36,0,0,0.0000
11244,4004.39,13713.44,0,0,0.0000
11245,4285.92,13915.61,0,0,0.0000
11246,4015.46,13531.39,NaN,NaN,NaN
11247,4191.92,13737.81,NaN,NaN,NaN
11248,4156.68,13527.74,0,0,0.0000
11249,4040.49,13609.44,0,0,0.0000
11250,4160.90,13702.31,2,1,0.0000
11251,4188.89,13586.32,NaN,NaN,NaN
11252,4067.10,13535.71,0,0,0.0000
11253,4201.01,13693.87,NaN,NaN,NaN
11254,4227.56,13608.20,NaN,NaN,NaN
11255,4129.25,13748.47,NaN,NaN,NaN
11256,4226.04,13672.78,0,0,0.0000
11257,4008.87,13657.90,0,0,0.0000
11258,4230.34,13727.24,0,0,0.0000
11259,4206.39,13811.68,2,5,2.5000
11260,5453.71,13876.40,NaN,NaN,NaN
11261,5496.87,13220.02,NaN,NaN,NaN
11262,5314.54,13337.31,3,5,0.0000
11263,5179.49,13838.08,NaN,NaN,NaN
11264,5210.33,13319.95,NaN,NaN,NaN
11265,5317.27,13712.50,3,5,0.0000
11266,4924.82,13743.92,NaN,NaN,NaN
11267,5045.81,13318.79,2,4,2.0000
11268,5248.63,13418.74,NaN,NaN,NaN
11269,5020.23,13409.80,0,0,0.0000
11270,5346.96,13800.86,2,1,0.0000
11271,5408.48,13257.00,NaN,NaN,NaN
11272,5149.78,13273.25,NaN,NaN,NaN
11273,5431.14,13663.76,NaN,NaN,NaN
11274,5493.84,13588.00,NaN,NaN,NaN
11275,4961.96,13313.84,NaN,NaN,NaN
11276,4963.58,13239.32,NaN,NaN,NaN
11277,5143.12,13535.82,NaN,NaN,NaN
11278,5427.06,13495.70,0,0,0.0000
11279,5069.33,13227.60,2,4,2.0000
11280,5205.67,13589.58,2,4,2.0000
11281,4845.04,13228.95,NaN,NaN,NaN
11282,5158.72,13720.81,NaN,NaN,NaN
11283,5226.01,13902.57,NaN,NaN,NaN
11284,5411.19,13552.49,NaN,NaN,NaN
11285,5453.85,13318.55,NaN,NaN,NaN
11286,5239.07,13793.47,0,0,0.0000
11287,5235.00,13711.70,NaN,NaN,NaN
11288,5333.53,13423.62,2,5,2.5000
11289,5311.97,13855.86,NaN,NaN,NaN
11290,5356.34,13609.78,NaN,NaN,NaN
11291,4954.57,13826.69,2,5,2.5000
11292,5257.72,13480.63,NaN,NaN,NaN
11293,5142.62,13381.58,0,0,0.0000
11294,5479.55,13692.60,NaN,NaN,NaN
11295,5269.60,13607.04,2,4,2.0000
11296,5279.61,13653.81,2,5,2.5000
11297,5015.60,13678.96,NaN,NaN,NaN
11298,5098.25,13477.65,0,0,0.0000
11299,5072.77,13732.29,NaN,NaN,NaN
11300,5108.64,13594.48,0,0,0.0000
11301,5492.05,13426.66,3,4,0.0000
11302,5321.79,13479.92,3,2,0.0000
11303,5131.66,13911.41,0,0,0.0000
11304,5084.81,13649.73,4,4,0.0000
11305,4899.48,13233.27,NaN,NaN,NaN
11306,5159.45,13429.86,NaN,NaN,NaN
11307,4882.35,13306.22,NaN,NaN,NaN
11308,4932.18,13370.62,0,0,0.0000
11309,5202.38,13200.37,0,0,0.0000
11310,5009.01,13748.73,3,4,0.0000
11311,4970.80,13903.51,NaN,NaN,NaN
11312,4954.86,13689.99,2,3,0.0000
11313,4877.22,13354.76,0,0,0.0000
11314,5428.24,13594.31,0,0,0.0000
11315,5446.79,13773.66,0,0,0.0000
11316,4864.27,13918.73,NaN,NaN,NaN
11317,5293.04,13562.19,NaN,NaN,NaN
11318,4913.27,13905.19,NaN,NaN,NaN
11319,5199.18,13655.80,NaN,NaN,NaN
11320,4835.53,13280.58,0,0,0.0000
11321,5346.92,13557.41,0,0,0.0000
11322,5085.02,13394.41,0,0,0.0000
11323,5425.75,13420.59,0,0,0.0000
11324,5203.39,13502.70,NaN,NaN,NaN
11325,5156.78,13618.77,NaN,NaN,NaN
11326,5401.98,13322.96,3,6,2.0000
11327,5469.03,13376.31,0,0,0.0000
11328,5374.19,13687.31,0,0,0.0000
11329,5142.69,13655.22,NaN,NaN,NaN
11330,5403.29,13707.81,NaN,NaN,NaN
11331,5811.87,13237.67,NaN,NaN,NaN
11332,5784.02,13562.10,3,5,0.0000
11333,5965.36,13809.87,2,5,2.5000
11334,5870.17,13893.33,NaN,NaN,NaN
11335,5677.36,13698.27,NaN,NaN,NaN
11336,5709.04,13408.45,NaN,NaN,NaN
11337,5533.93,13493.86,0,0,0.0000
11338,5852.53,13754.34,0,0,0.0000
11339,5910.39,13453.52,NaN,NaN,NaN
11340,5722.33,13887.16,0,0,0.0000
11341,5552.84,13335.37,0,0,0.0000
11342,5786.87,13340.48,0,0,0.0000
11343,5916.91,13637.84,0,0,0.0000
11344,5985.66,13448.96,2,3,0.0000
11345,5905.86,13564.48,NaN,NaN,NaN
11346,5525.72,13778.81,NaN,NaN,NaN
11347,5627.85,13881.17,NaN,NaN,NaN
11348,5554.49,13895.92,NaN,NaN,NaN
11349,5585.84,13417.68,NaN,NaN,NaN
11350,5618.95,13211.52,0,0,0.0000
11351,6044.89,13467.97,NaN,NaN,NaN
11352,5726.54,13766.95,NaN,NaN,NaN
11353,6001.39,13698.65,0,0,0.0000
11354,5656.38,13350.89,NaN,NaN,NaN
11355,5987.82,13923.89,NaN,NaN,NaN
11356,6020.66,13564.99,NaN,NaN,NaN
11357,6046.27,13947.07,0,0,0.0000
11358,5780.62,13789.16,0,0,0.0000
11359,6036.14,13369.66,2,3,0.0000
11360,5597.40,13537.31,0,0,0.0000
11361,5657.43,13813.78,3,5,0.0000
11362,5600.30,13678.87,0,0,0.0000
11363,5842.43,13407.11,NaN,NaN,NaN
11364,5903.18,13346.56,0,0,0.0000
11365,5664.33,13517.82,0,0,0.0000
11366,5530.18,13628.22,0,0,0.0000
11367,5587.38,13752.59,0,0,0.0000
11368,5662.51,13593.96,NaN,NaN,NaN
11369,5779.61,13486.96,NaN,NaN,NaN
11370,5965.59,13361.33,3,5,0.0000
11371,5684.66,13868.69,3,3,0.0000
11372,5693.28,13268.98,0,0,0.0000
11373,5624.09,13311.08,2,4,2.0000
11374,5801.46,13449.00,NaN,NaN,NaN
11375,5931.50,13257.04,NaN,NaN,NaN
11376,5629.29,13618.01,0,0,0.0000
11377,6067.72,13851.66,2,2,0.0000
11378,5585.48,13622.95,0,0,0.0000
11379,5674.79,13467.11,NaN,NaN,NaN
11380,5996.79,13614.61,0,0,0.0000
11381,5706.10,13345.69,2,10,5.0000
11382,6492.94,13383.93,NaN,NaN,NaN
11383,6392.51,13293.63,NaN,NaN,NaN
11384,6450.71,13316.18,2,2,0.0000
11385,6336.25,13195.03,2,9,4.5000
11386,6450.22,13231.42,NaN,NaN,NaN
11387,7497.39,13303.75,NaN,NaN,NaN
11388,7447.46,13236.57,NaN,NaN,NaN
11389,7682.19,13186.86,4,8,2.0000
11390,7548.71,13396.53,0,0,0.0000
11391,7710.15,13268.19,NaN,NaN,NaN
11392,7573.78,13258.19,3,3,0.0000
11393,7609.35,13222.60,0,0,0.0000
11394,7574.58,13346.67,0,0,0.0000
11395,7653.65,13360.16,0,0,0.0000
11396,7641.93,13681.32,NaN,NaN,NaN
11397,7418.20,13192.87,NaN,NaN,NaN
11398,7527.28,13214.37,2,2,0.0000
11399,7502.15,13378.55,0,0,0.0000
11400,8138.12,13437.92,0,0,0.0000
11401,8201.85,13257.40,NaN,NaN,NaN
11402,8233.51,13780.96,2,5,2.5000
11403,8143.92,13536.46,0,0,0.0000
11404,8123.18,13224.63,NaN,NaN,NaN
11405,8043.45,13451.85,NaN,NaN,NaN
11406,8048.38,13677.00,NaN,NaN,NaN
11407,8195.16,13668.83,0,0,0.0000
11408,8223.38,13406.38,0,0,0.0000
11409,8103.88,13670.13,NaN,NaN,NaN
11410,8272.94,13906.23,NaN,NaN,NaN
11411,8133.50,13737.03,3,5,0.0000
11412,8214.87,13940.35,0,0,0.0000
11413,8000.68,13361.52,NaN,NaN,NaN
11414,8222.99,13598.52,NaN,NaN,NaN
11415,8171.99,13815.51,NaN,NaN,NaN
11416,7954.32,13468.33,0,0,0.0000
11417,8198.10,13870.73,NaN,NaN,NaN
11418,7998.41,13720.02,NaN,NaN,NaN
11419,8042.79,13605.99,NaN,NaN,NaN
11420,8057.60,13542.46,NaN,NaN,NaN
11421,7965.04,13751.73,NaN,NaN,NaN
11422,8110.71,13801.68,0,0,0.0000
11423,8294.58,13841.72,NaN,NaN,NaN
11424,8290.47,13781.29,2,2,0.0000
11425,8327.40,13214.14,NaN,NaN,NaN
11426,8083.40,13747.61,NaN,NaN,NaN
11427,8116.95,13330.01,NaN,NaN,NaN
11428,8103.42,13367.11,NaN,NaN,NaN
11429,8008.86,13514.79,NaN,NaN,NaN
11430,7980.89,13408.06,0,0,0.0000
11431,8122.15,13602.61,0,0,0.0000
11432,8241.03,13341.35,NaN,NaN,NaN
11433,8155.87,13333.20,NaN,NaN,NaN
11434,8258.11,13870.52,0,0,0.0000
11435,8275.11,13731.42,0,0,0.0000
11436,8030.68,13749.71,NaN,NaN,NaN
11437,8339.73,13872.05,NaN,NaN,NaN
11438,8186.73,13592.83,0,0,0.0000
11439,8045.42,13786.60,NaN,NaN,NaN
11440,7903.66,13552.97,NaN,NaN,NaN
11441,8042.92,13308.36,NaN,NaN,NaN
11442,8069.30,13823.61,NaN,NaN,NaN
11443,8138.58,13631.24,0,0,0.0000
11444,8013.74,13638.90,NaN,NaN,NaN
11445,9329.80,13681.82,0,0,0.0000
11446,9381.94,13884.69,3,1,0.0000
11447,9421.47,13811.85,2,3,0.0000
11448,9414.85,13929.92,NaN,NaN,NaN
11449,9425.75,13688.91,0,0,0.0000
11450,9495.82,13831.93,0,0,0.0000
11451,9372.92,13606.13,NaN,NaN,NaN
11452,9373.63,13653.70,0,0,0.0000
11453,9374.01,13775.40,0,0,0.0000
11454,10847.52,13635.89,NaN,NaN,NaN
11455,10290.65,13397.93,0,0,0.0000
11456,10398.41,13437.86,NaN,NaN,NaN
11457,10263.71,13324.42,NaN,NaN,NaN
11458,10189.06,13221.06,0,0,0.0000
11459,10883.70,13557.87,0,0,0.0000
11460,10939.79,13524.29,0,0,0.0000
11461,11604.79,13253.51,3,8,2.6667
11462,11638.25,13314.52,0,0,0.0000
11463,12337.35,13926.53,NaN,NaN,NaN
11464,11907.20,13251.34,NaN,NaN,NaN
11465,11802.25,13302.54,NaN,NaN,NaN
11466,12076.63,13922.82,NaN,NaN,NaN
11467,12329.69,13828.32,NaN,NaN,NaN
11468,12230.18,13899.73,NaN,NaN,NaN
11469,12271.21,13935.13,0,0,0.0000
11470,12057.62,13189.06,NaN,NaN,NaN
11471,12160.97,13920.15,0,0,0.0000
11472,11834.94,13231.95,NaN,NaN,NaN
11473,12020.36,13228.05,NaN,NaN,NaN
11474,11740.14,13318.03,0,0,0.0000
11475,11700.23,13304.78,0,0,0.0000
11476,12216.51,13836.03,0,0,0.0000
11477,12176.08,13873.24,2,2,0.0000
11478,13106.62,13488.91,NaN,NaN,NaN
11479,13022.69,13826.03,NaN,NaN,NaN
11480,13038.35,13603.75,0,0,0.0000
11481,13107.46,13203.93,0,0,0.0000
11482,12940.22,13215.21,0,0,0.0000
11483,12997.73,13316.33,NaN,NaN,NaN
11484,12861.71,13916.84,NaN,NaN,NaN
11485,12628.39,13826.72,4,7,0.0000
11486,12821.68,13599.27,2,3,0.0000
11487,12762.32,13289.82,NaN,NaN,NaN
11488,12789.08,13762.85,0,0,0.0000
11489,13149.29,13343.39,NaN,NaN,NaN
11490,12871.74,13335.05,NaN,NaN,NaN
11491,13085.53,13297.15,NaN,NaN,NaN
11492,12859.31,13511.67,0,0,0.0000
11493,12736.02,13458.15,NaN,NaN,NaN
11494,13153.50,13728.52,3,9,3.0000
11495,12931.02,13468.06,0,0,0.0000
11496,12949.20,13642.57,NaN,NaN,NaN
11497,12947.04,13716.72,0,0,0.0000
11498,12453.63,13878.90,NaN,NaN,NaN
11499,12673.33,13927.81,NaN,NaN,NaN
11500,12542.38,13839.94,0,0,0.0000
11501,13095.14,13847.15,4,8,2.0000
11502,12482.54,13754.23,0,0,0.0000
11503,12644.70,13737.04,0,0,0.0000
11504,12730.59,13622.41,0,0,0.0000
11505,12660.31,13502.37,NaN,NaN,NaN
11506,12697.81,13719.76,0,0,0.0000
11507,12691.08,13571.44,4,6,0.0000
11508,12878.50,13777.49,0,0,0.0000
11509,12841.86,13249.46,NaN,NaN,NaN
11510,12913.90,13401.61,2,5,2.5000
11511,12686.49,13313.84,0,0,0.0000
11512,12801.43,13446.41,0,0,0.0000
11513,12657.19,13370.96,NaN,NaN,NaN
11514,12754.63,13843.41,0,0,0.0000
11515,12464.53,13821.99,0,0,0.0000
11516,12879.03,13666.59,0,0,0.0000
11517,12733.17,13890.81,NaN,NaN,NaN
11518,12566.25,13562.72,0,0,0.0000
11519,12789.52,13884.59,NaN,NaN,NaN
11520,12740.83,13666.84,0,0,0.0000
11521,12923.03,13865.15,3,5,0.0000
11522,12828.13,13684.54,0,0,0.0000
11523,12518.01,13922.34,NaN,NaN,NaN
11524,13183.72,13668.53,0,0,0.0000
11525,12681.11,13400.95,0,0,0.0000
11526,13315.43,13237.12,NaN,NaN,NaN
11527,13305.02,13447.52,0,0,0.0000
11528,13200.40,13951.91,3,7,2.3333
11529,13547.61,13369.01,0,0,0.0000
11530,13583.36,13184.28,4,7,0.0000
11531,13484.29,13240.53,2,4,2.0000
11532,13465.23,13503.64,NaN,NaN,NaN
11533,13719.59,13750.95,NaN,NaN,NaN
11534,13341.20,13813.97,NaN,NaN,NaN
11535,13205.59,13817.02,NaN,NaN,NaN
11536,13491.37,13950.73,NaN,NaN,NaN
11537,13222.40,13359.47,3,4,0.0000
11538,13485.98,13691.20,NaN,NaN,NaN
11539,13234.90,13557.52,NaN,NaN,NaN
11540,13657.30,13279.58,2,4,2.0000
11541,13315.64,13591.05,2,2,0.0000
11542,13615.26,13626.31,NaN,NaN,NaN
11543,13631.46,13801.58,0,0,0.0000
11544,13195.96,13214.12,NaN,NaN,NaN
11545,13610.24,13883.72,NaN,NaN,NaN
11546,13573.84,13742.95,2,3,0.0000
11547,13260.98,13864.42,2,4,2.0000
11548,13523.92,13524.85,NaN,NaN,NaN
11549,13579.52,13475.18,NaN,NaN,NaN
11550,13412.44,13386.02,NaN,NaN,NaN
11551,13325.92,13914.41,0,0,0.0000
11552,13472.97,13340.61,2,3,0.0000
11553,13429.14,13597.27,NaN,NaN,NaN
11554,13425.74,13940.20,0,0,0.0000
11555,13248.74,13650.23,2,2,0.0000
11556,13649.24,13744.93,NaN,NaN,NaN
11557,13695.44,13874.54,0,0,0.0000
11558,13665.56,13591.80,3,3,0.0000
11559,13493.97,13617.33,NaN,NaN,NaN
11560,13484.28,13818.67,NaN,NaN,NaN
11561,13566.98,13914.40,NaN,NaN,NaN
11562,13687.20,13660.18,NaN,NaN,NaN
11563,13738.72,13650.31,NaN,NaN,NaN
11564,13364.26,13722.73,3,4,0.0000
11565,13541.77,13582.85,NaN,NaN,NaN
11566,13249.34,13717.15,0,0,0.0000
11567,13618.25,13672.59,0,0,0.0000
11568,13578.78,13567.73,0,0,0.0000
11569,13437.02,13832.70,NaN,NaN,NaN
11570,13336.08,13676.58,0,0,0.0000
11571,13764.27,13627.94,NaN,NaN,NaN
11572,13559.62,13814.65,2,5,2.5000
11573,13780.61,13711.96,0,0,0.0000
11574,13536.36,13861.70,NaN,NaN,NaN
11575,13472.12,13756.55,0,0,0.0000
11576,13657.58,13924.25,0,0,0.0000
11577,13410.30,13662.74,0,0,0.0000
11578,13562.39,13663.06,NaN,NaN,NaN
11579,13735.12,13496.09,0,0,0.0000
11580,13204.19,13624.88,NaN,NaN,NaN
11581,13587.04,13800.21,NaN,NaN,NaN
11582,13613.15,13306.84,NaN,NaN,NaN
11583,13723.13,13608.60,NaN,NaN,NaN
11584,13425.14,13279.30,NaN,NaN,NaN
11585,13797.04,13675.50,0,0,0.0000
11586,13537.65,13628.83,NaN,NaN,NaN
11587,13645.56,13845.94,0,0,0.0000
11588,13632.23,13403.86,NaN,NaN,NaN
11589,13749.21,13837.72,NaN,NaN,NaN
11590,14089.37,13380.16,0,0,0.0000
11591,14054.22,13313.51,0,0,0.0000
11592,16336.15,13207.23,NaN,NaN,NaN
11593,16175.96,13276.06,NaN,NaN,NaN
11594,16143.30,13357.86,NaN,NaN,NaN
11595,15932.75,13193.07,0,0,0.0000
11596,16244.22,13484.04,0,0,0.0000
11597,16205.55,13412.54,NaN,NaN,NaN
11598,16355.19,13346.48,2,5,2.5000
11599,16312.93,13488.36,NaN,NaN,NaN
11600,16096.57,13310.04,0,0,0.0000
11601,16274.59,13559.54,0,0,0.0000
11602,16013.66,13191.50,0,0,0.0000
11603,16319.49,13414.67,NaN,NaN,NaN
11604,16248.17,13359.95,NaN,NaN,NaN
11605,16281.14,13312.11,NaN,NaN,NaN
11606,16278.35,13607.51,0,0,0.0000
11607,16316.02,13345.61,3,7,2.3333
11608,16271.33,13198.77,NaN,NaN,NaN
11609,16269.00,13418.57,0,0,0.0000
11610,16223.37,13321.70,0,0,0.0000
11611,16302.63,13698.37,0,0,0.0000
11612,16256.25,13276.25,0,0,0.0000
11613,16366.04,13402.44,NaN,NaN,NaN
11614,16273.35,13701.88,NaN,NaN,NaN
11615,16288.26,13660.20,0,0,0.0000
11616,16360.79,13436.34,2,5,2.5000
11617,16207.81,13359.07,0,0,0.0000
11618,16252.88,13703.25,0,0,0.0000
11619,16368.37,13482.33,NaN,NaN,NaN
11620,16156.08,13419.19,0,0,0.0000
11621,657.02,14540.84,0,0,0.0000
11622,850.58,14463.64,2,4,2.0000
11623,827.30,14087.37,NaN,NaN,NaN
11624,672.67,14127.78,2,3,0.0000
11625,617.29,14656.10,0,0,0.0000
11626,697.89,14358.10,NaN,NaN,NaN
11627,598.51,14444.71,3,4,0.0000
11628,715.75,14437.68,0,0,0.0000
11629,621.30,14301.59,2,1,0.0000
11630,861.42,14332.28,0,0,0.0000
11631,747.34,14242.68,0,0,0.0000
11632,735.56,14300.79,2,5,2.5000
11633,505.96,14535.59,2,3,0.0000
11634,617.75,14063.75,NaN,NaN,NaN
11635,660.37,14227.95,4,9,2.2500
11636,756.64,14613.04,2,3,0.0000
11637,760.48,14176.68,3,4,0.0000
11638,854.92,14583.54,0,0,0.0000
11639,74.19,14615.85,NaN,NaN,NaN
11640,502.84,14707.67,NaN,NaN,NaN
11641,861.06,14683.30,NaN,NaN,NaN
11642,819.71,14191.14,4,5,0.0000
11643,748.62,14048.59,2,2,0.0000
11644,449.36,14668.52,0,0,0.0000
11645,802.29,14646.04,NaN,NaN,NaN
11646,559.55,14009.52,NaN,NaN,NaN
11647,891.79,14187.00,NaN,NaN,NaN
11648,870.00,14231.77,2,2,0.0000
11649,837.98,14022.28,0,0,0.0000
11650,532.77,14648.94,2,2,0.0000
11651,627.06,14008.33,NaN,NaN,NaN
11652,755.70,14690.27,0,0,0.0000
11653,704.13,14606.53,2,2,0.0000
11654,785.51,14400.35,0,0,0.0000
11655,534.54,14579.16,3,3,0.0000
11656,772.66,13977.66,NaN,NaN,NaN
11657,893.96,14139.62,NaN,NaN,NaN
11658,581.35,14254.24,NaN,NaN,NaN
11659,592.38,14597.90,2,1,0.0000
11660,476.30,14596.41,NaN,NaN,NaN
11661,689.87,13985.57,NaN,NaN,NaN
11662,853.57,14627.34,NaN,NaN,NaN
11663,700.32,14068.35,3,4,0.0000
11664,570.37,14381.27,0,0,0.0000
11665,695.18,14017.50,NaN,NaN,NaN
11666,426.34,14635.84,2,2,0.0000
11667,562.32,13961.85,NaN,NaN,NaN
11668,520.09,14619.03,2,3,0.0000
11669,656.92,14695.79,NaN,NaN,NaN
11670,426.95,14595.02,NaN,NaN,NaN
11671,661.07,14477.12,NaN,NaN,NaN
11672,604.38,14710.33,0,0,0.0000
11673,1388.34,14259.45,2,1,0.0000
11674,1264.20,14346.10,2,2,0.0000
11675,1008.93,14418.64,3,3,0.0000
11676,1077.50,14631.46,NaN,NaN,NaN
11677,1177.06,14080.72,NaN,NaN,NaN
11678,1052.91,14029.27,0,0,0.0000
11679,1466.05,14370.71,2,3,0.0000
11680,936.59,14036.21,NaN,NaN,NaN
11681,927.77,14280.64,4,6,0.0000
11682,1297.82,14490.79,NaN,NaN,NaN
11683,1264.59,14249.56,NaN,NaN,NaN
11684,1056.89,14093.07,NaN,NaN,NaN
11685,953.85,14349.63,0,0,0.0000
11686,1285.06,14010.37,2,1,0.0000
11687,1141.75,14522.66,NaN,NaN,NaN
11688,981.19,14553.84,0,0,0.0000
11689,1032.64,14196.99,NaN,NaN,NaN
11690,1336.98,14178.54,NaN,NaN,NaN
11691,1211.07,14460.02,2,4,2.0000
11692,1358.26,14581.85,NaN,NaN,NaN
11693,1038.26,13966.96,2,1,0.0000
11694,1362.74,14500.69,NaN,NaN,NaN
11695,1135.36,14284.52,NaN,NaN,NaN
11696,1074.51,14142.28,0,0,0.0000
11697,1257.32,14095.91,NaN,NaN,NaN
11698,1244.94,14414.87,0,0,0.0000
11699,1097.98,14694.17,NaN,NaN,NaN
11700,1088.39,14353.90,3,6,2.0000
11701,1202.63,14223.97,2,3,0.0000
11702,1237.43,14555.07,0,0,0.0000
11703,1293.02,14696.18,4,4,0.0000
11704,1103.82,14250.64,NaN,NaN,NaN
11705,963.39,14174.45,4,6,0.0000
11706,1063.36,14557.78,2,4,2.0000
11707,1104.85,14476.44,NaN,NaN,NaN
11708,947.60,14647.77,3,3,0.0000
11709,1598.63,14386.65,0,0,0.0000
11710,924.25,14499.77,NaN,NaN,NaN
11711,1491.88,14270.20,NaN,NaN,NaN
11712,1333.94,14119.84,NaN,NaN,NaN
11713,1155.55,14396.33,NaN,NaN,NaN
11714,1446.19,14321.97,3,3,0.0000
11715,1264.75,14610.71,2,1,0.0000
11716,1550.77,14283.33,2,4,2.0000
11717,1587.00,14317.39,NaN,NaN,NaN
11718,1203.41,14655.27,NaN,NaN,NaN
11719,1266.55,14178.93,0,0,0.0000
11720,1042.11,14276.01,0,0,0.0000
11721,1594.21,14254.56,NaN,NaN,NaN
11722,1203.25,14607.38,0,0,0.0000
11723,1357.97,14642.07,NaN,NaN,NaN
11724,1146.56,14176.28,NaN,NaN,NaN
11725,1013.38,14500.24,NaN,NaN,NaN
11726,1339.52,14386.61,NaN,NaN,NaN
11727,1193.57,14493.09,NaN,NaN,NaN
11728,1653.46,14406.31,NaN,NaN,NaN
11729,964.55,14231.79,NaN,NaN,NaN
11730,928.90,14107.60,4,6,0.0000
11731,1086.06,14195.30,NaN,NaN,NaN
11732,1559.17,14381.17,0,0,0.0000
11733,1208.48,14696.36,0,0,0.0000
11734,1115.32,14569.94,3,4,0.0000
11735,1371.28,14698.30,2,3,0.0000
11736,1256.09,14661.93,NaN,NaN,NaN
11737,1196.76,14160.60,NaN,NaN,NaN
11738,949.32,13968.68,0,0,0.0000
11739,1405.09,14581.29,0,0,0.0000
11740,1389.51,14393.69,NaN,NaN,NaN
11741,983.69,14473.20,NaN,NaN,NaN
11742,1083.70,14393.69,NaN,NaN,NaN
11743,902.25,14708.37,NaN,NaN,NaN
11744,1121.09,14056.49,3,4,0.0000
11745,1000.78,14130.45,NaN,NaN,NaN
11746,1370.98,14434.80,NaN,NaN,NaN
11747,1301.76,14060.29,NaN,NaN,NaN
11748,1312.76,14650.63,2,4,2.0000
11749,1159.65,14326.35,3,4,0.0000
11750,1036.91,14686.25,NaN,NaN,NaN
11751,1056.16,14480.01,2,3,0.0000
11752,1153.36,14713.83,0,0,0.0000
11753,1702.97,14476.28,2,2,0.0000
11754,1836.54,14659.11,0,0,0.0000
11755,1668.75,14297.33,NaN,NaN,NaN
11756,1674.83,14355.73,2,2,0.0000
11757,1774.69,14514.80,NaN,NaN,NaN
11758,1821.94,14564.76,0,0,0.0000
11759,1785.32,14381.66,4,6,0.0000
11760,1847.33,14505.50,4,3,0.0000
11761,1777.74,14438.21,2,4,2.0000
11762,1903.51,14671.43,0,0,0.0000
11763,1806.00,14613.52,0,0,0.0000
11764,1732.20,14385.19,NaN,NaN,NaN
11765,3870.80,14569.73,NaN,NaN,NaN
11766,3752.98,14049.88,NaN,NaN,NaN
11767,3920.46,14410.91,NaN,NaN,NaN
11768,3912.95,14024.90,0,0,0.0000
11769,3835.99,14247.36,0,0,0.0000
11770,3845.33,14332.06,NaN,NaN,NaN
11771,3807.40,14092.16,NaN,NaN,NaN
11772,3774.59,14279.37,0,0,0.0000
11773,3824.70,13982.47,NaN,NaN,NaN
11774,3893.13,14182.57,2,2,0.0000
11775,3865.71,14105.89,NaN,NaN,NaN
11776,3683.30,14095.49,NaN,NaN,NaN
11777,3696.02,13999.74,0,0,0.0000
11778,3950.84,14473.88,0,0,0.0000
11779,3629.78,13986.31,NaN,NaN,NaN
11780,3727.21,14310.94,NaN,NaN,NaN
11781,3784.55,14546.50,NaN,NaN,NaN
11782,3857.61,14493.59,NaN,NaN,NaN
11783,3702.78,14181.31,0,0,0.0000
11784,3939.45,14337.62,NaN,NaN,NaN
11785,3738.60,13976.07,0,0,0.0000
11786,3800.31,14602.48,4,7,0.0000
11787,3739.10,14387.19,4,5,0.0000
11788,3639.59,14038.69,0,0,0.0000
11789,3926.22,14518.98,0,0,0.0000
11790,3772.03,14446.26,NaN,NaN,NaN
11791,3568.50,13983.71,NaN,NaN,NaN
11792,3736.75,14450.28,0,0,0.0000
11793,3841.88,14443.10,NaN,NaN,NaN
11794,3784.18,14349.57,NaN,NaN,NaN
11795,3920.43,14290.04,0,0,0.0000
11796,3799.95,14389.19,3,4,0.0000
11797,4141.32,14635.54,NaN,NaN,NaN
11798,4256.48,14517.45,NaN,NaN,NaN
11799,4060.32,14296.92,2,4,2.0000
11800,4116.25,13965.02,2,3,0.0000
11801,4097.42,14453.45,NaN,NaN,NaN
11802,4365.98,14504.94,5,6,0.0000
11803,4039.46,14199.28,NaN,NaN,NaN
11804,4153.49,14345.04,NaN,NaN,NaN
11805,4260.71,14336.08,3,4,0.0000
11806,4180.55,14262.76,2,2,0.0000
11807,4470.61,14465.80,NaN,NaN,NaN
11808,4034.33,14410.10,4,5,0.0000
11809,4597.42,14640.98,NaN,NaN,NaN
11810,4646.10,14318.29,2,5,2.5000
11811,4556.39,14310.07,NaN,NaN,NaN
11812,4057.73,14132.79,NaN,NaN,NaN
11813,4512.52,14546.23,3,4,0.0000
11814,4318.38,14289.37,NaN,NaN,NaN
11815,4702.59,14565.51,NaN,NaN,NaN
11816,4425.23,14348.45,3,1,0.0000
11817,4195.92,14172.98,3,5,0.0000
11818,4239.23,14059.92,NaN,NaN,NaN
11819,4568.90,14486.81,NaN,NaN,NaN
11820,4444.58,14671.31,0,0,0.0000
11821,4666.49,14236.00,NaN,NaN,NaN
11822,4188.83,14443.74,NaN,NaN,NaN
11823,4242.05,14201.29,0,0,0.0000
11824,4243.61,14005.83,0,0,0.0000
11825,4628.37,14703.92,0,0,0.0000
11826,4602.96,14552.50,NaN,NaN,NaN
11827,4532.82,14714.19,NaN,NaN,NaN
11828,4714.38,14212.75,0,0,0.0000
11829,4381.37,14622.49,NaN,NaN,NaN
11830,4041.02,13999.21,3,6,2.0000
11831,4665.79,14642.59,NaN,NaN,NaN
11832,4372.84,14692.77,NaN,NaN,NaN
11833,4670.54,14479.65,0,0,0.0000
11834,4292.59,14679.17,3,5,0.0000
11835,4493.93,14373.99,2,7,3.5000
11836,3995.44,14666.70,3,4,0.0000
11837,4492.32,14417.03,NaN,NaN,NaN
11838,4585.83,14378.13,3,4,0.0000
11839,4664.43,14536.91,0,0,0.0000
11840,4655.75,14399.34,0,0,0.0000
11841,4513.55,14658.93,NaN,NaN,NaN
11842,4265.37,14251.05,NaN,NaN,NaN
11843,4103.90,14557.14,2,5,2.5000
11844,4703.46,14393.32,0,0,0.0000
11845,4552.47,14612.67,0,0,0.0000
11846,4377.44,14314.46,NaN,NaN,NaN
11847,4629.39,14452.84,NaN,NaN,NaN
11848,4428.71,14547.12,0,0,0.0000
11849,4334.66,14384.45,NaN,NaN,NaN
11850,4176.92,14530.95,NaN,NaN,NaN
11851,4334.96,14636.15,NaN,NaN,NaN
11852,4702.70,14650.59,4,9,2.2500
11853,4422.20,14598.12,0,0,0.0000
11854,3978.97,14282.31,NaN,NaN,NaN
11855,4093.11,14044.01,NaN,NaN,NaN
11856,3969.11,14213.55,NaN,NaN,NaN
11857,4106.63,14109.70,NaN,NaN,NaN
11858,4715.27,14126.34,NaN,NaN,NaN
11859,4001.28,14352.85,NaN,NaN,NaN
11860,4304.09,14428.54,0,0,0.0000
11861,4054.97,14532.02,NaN,NaN,NaN
11862,4429.88,14408.22,3,7,2.3333
11863,4669.06,14147.81,NaN,NaN,NaN
11864,4556.23,14437.98,NaN,NaN,NaN
11865,4258.07,14403.54,3,6,2.0000
11866,4333.16,14449.81,0,0,0.0000
11867,4703.82,14307.39,0,0,0.0000
11868,4260.77,13971.45,NaN,NaN,NaN
11869,4365.99,14360.90,0,0,0.0000
11870,4480.75,14612.93,NaN,NaN,NaN
11871,4169.66,14049.02,NaN,NaN,NaN
11872,4145.06,14384.46,0,0,0.0000
11873,4127.82,14077.85,0,0,0.0000
11874,5373.28,14025.81,NaN,NaN,NaN
11875,4786.99,14426.47,3,2,0.0000
11876,5121.16,14456.72,NaN,NaN,NaN
11877,5064.46,14309.39,0,0,0.0000
11878,4994.37,14107.25,NaN,NaN,NaN
11879,5389.99,14561.15,NaN,NaN,NaN
11880,4934.63,13999.01,2,3,0.0000
11881,4836.96,14032.15,NaN,NaN,NaN
11882,5266.67,14561.76,NaN,NaN,NaN
11883,5028.26,14214.75,NaN,NaN,NaN
11884,5327.27,14098.81,NaN,NaN,NaN
11885,5444.97,14304.92,NaN,NaN,NaN
11886,4770.76,14191.16,NaN,NaN,NaN
11887,4899.90,14597.22,2,4,2.0000
11888,4910.95,14201.46,NaN,NaN,NaN
11889,5311.24,14423.17,2,6,3.0000
11890,4908.46,14520.22,NaN,NaN,NaN
11891,5416.30,14469.27,NaN,NaN,NaN
11892,5453.79,14097.66,0,0,0.0000
11893,5180.54,14149.09,0,0,0.0000
11894,5500.02,14607.56,NaN,NaN,NaN
11895,5346.09,14316.35,2,4,2.0000
11896,4801.47,14586.63,NaN,NaN,NaN
11897,5114.19,14613.13,0,0,0.0000
11898,5097.38,13983.06,NaN,NaN,NaN
11899,5031.13,14719.66,0,0,0.0000
11900,5172.90,13957.19,0,0,0.0000
11901,5293.73,14246.78,2,1,0.0000
11902,4997.65,14544.06,2,3,0.0000
11903,5212.04,14491.55,NaN,NaN,NaN
11904,4778.00,14097.21,2,3,0.0000
11905,5416.09,14393.14,3,7,2.3333
11906,4767.04,14327.21,NaN,NaN,NaN
11907,4741.77,14647.60,NaN,NaN,NaN
11908,5223.14,14080.99,NaN,NaN,NaN
11909,4956.75,14366.25,NaN,NaN,NaN
11910,4746.83,14505.88,NaN,NaN,NaN
11911,5491.77,14660.13,NaN,NaN,NaN
11912,5310.04,14685.93,0,0,0.0000
11913,4902.80,14698.08,NaN,NaN,NaN
11914,5151.34,14543.64,NaN,NaN,NaN
11915,4829.35,14294.08,2,6,3.0000
11916,5422.89,14178.52,0,0,0.0000
11917,5231.09,14714.19,2,3,0.0000
11918,4850.29,14667.97,4,8,2.0000
11919,5122.93,14675.61,0,0,0.0000
11920,5026.34,14010.41,NaN,NaN,NaN
11921,4981.43,14597.09,NaN,NaN,NaN
11922,5198.81,14025.71,0,0,0.0000
11923,5204.81,14639.44,NaN,NaN,NaN
11924,4945.13,14648.74,0,0,0.0000
11925,5042.29,14647.47,0,0,0.0000
11926,5065.77,14398.37,0,0,0.0000
11927,5227.51,14228.17,0,0,0.0000
11928,4830.11,14521.53,NaN,NaN,NaN
11929,5000.80,14460.34,2,3,0.0000
11930,4803.64,14712.30,4,8,2.0000
11931,4863.02,14468.34,NaN,NaN,NaN
11932,5400.19,14234.73,0,0,0.0000
11933,5333.85,14618.72,NaN,NaN,NaN
11934,5200.14,14351.97,0,0,0.0000
11935,4888.58,14383.22,0,0,0.0000
11936,5259.15,13976.03,0,0,0.0000
11937,5193.36,14404.06,NaN,NaN,NaN
11938,5113.91,14122.33,0,0,0.0000
11939,5007.26,14370.16,0,0,0.0000
11940,5179.19,14689.33,NaN,NaN,NaN
11941,4890.31,14311.80,NaN,NaN,NaN
11942,5063.70,14077.16,3,2,0.0000
11943,4838.11,14139.41,3,7,2.3333
11944,4900.26,14082.32,NaN,NaN,NaN
11945,5014.80,14501.47,3,3,0.0000
11946,5248.80,14446.37,NaN,NaN,NaN
11947,5047.66,14593.76,NaN,NaN,NaN
11948,5498.57,14545.73,NaN,NaN,NaN
11949,5167.44,14257.35,0,0,0.0000
11950,5150.25,14340.62,NaN,NaN,NaN
11951,4875.11,14160.45,NaN,NaN,NaN
11952,4748.29,14277.93,NaN,NaN,NaN
11953,5242.02,14181.84,0,0,0.0000
11954,4830.95,14349.68,0,0,0.0000
11955,4938.89,14284.83,0,0,0.0000
11956,5360.39,14501.68,0,0,0.0000
11957,4789.25,14661.34,NaN,NaN,NaN
11958,5105.22,14219.81,NaN,NaN,NaN
11959,5351.60,14196.02,0,0,0.0000
11960,5127.19,14190.15,0,0,0.0000
11961,5085.44,14537.07,NaN,NaN,NaN
11962,4935.64,14452.91,NaN,NaN,NaN
11963,5402.22,14619.06,0,0,0.0000
11964,5012.75,13952.92,NaN,NaN,NaN
11965,5158.67,14291.78,0,0,0.0000
11966,4932.57,14403.50,0,0,0.0000
11967,5260.93,14149.81,0,0,0.0000
11968,5321.34,14495.28,NaN,NaN,NaN
11969,5178.25,14591.29,0,0,0.0000
11970,5666.61,14245.49,2,4,2.0000
11971,5861.04,14008.07,NaN,NaN,NaN
11972,5861.05,14446.00,3,3,0.0000
11973,5920.74,14162.21,0,0,0.0000
11974,5580.68,14405.62,0,0,0.0000
11975,5755.34,14159.04,3,9,3.0000
11976,5676.35,14100.21,0,0,0.0000
11977,5575.61,14115.60,2,1,0.0000
11978,6009.06,14132.98,NaN,NaN,NaN
11979,6132.68,14399.70,2,3,0.0000
11980,5724.73,14440.40,NaN,NaN,NaN
11981,5841.30,14264.13,0,0,0.0000
11982,5624.84,14707.44,NaN,NaN,NaN
11983,5750.66,13962.37,NaN,NaN,NaN
11984,5576.17,14515.31,0,0,0.0000
11985,6055.77,14180.98,2,4,2.0000
11986,5667.12,14004.41,NaN,NaN,NaN
11987,5508.26,14219.11,3,3,0.0000
11988,5834.65,14109.01,0,0,0.0000
11989,5920.39,14303.95,0,0,0.0000
11990,5510.56,14167.07,NaN,NaN,NaN
11991,5743.08,14357.89,2,2,0.0000
11992,5517.22,14036.14,2,3,0.0000
11993,6005.06,14284.43,0,0,0.0000
11994,5986.12,14034.55,0,0,0.0000
11995,5574.69,14651.18,NaN,NaN,NaN
11996,6254.40,14130.17,2,6,3.0000
11997,5513.89,14500.21,NaN,NaN,NaN
11998,5990.02,14392.21,2,5,2.5000
11999,5823.07,14348.39,NaN,NaN,NaN
12000,6091.07,14225.57,NaN,NaN,NaN
12001,5720.51,14699.41,2,7,3.5000
12002,5669.70,14637.78,NaN,NaN,NaN
12003,6215.60,14223.74,NaN,NaN,NaN
12004,5949.80,14358.73,0,0,0.0000
12005,6065.68,14313.26,NaN,NaN,NaN
12006,5982.21,14455.76,0,0,0.0000
12007,5587.38,14594.56,0,0,0.0000
12008,5795.06,14677.49,3,5,0.0000
12009,5953.60,13981.79,NaN,NaN,NaN
12010,6027.09,14397.71,NaN,NaN,NaN
12011,5751.84,14660.52,NaN,NaN,NaN
12012,5597.18,14036.00,0,0,0.0000
12013,5780.41,14704.94,NaN,NaN,NaN
12014,5775.86,14295.05,0,0,0.0000
12015,5555.04,14261.09,0,0,0.0000
12016,5596.17,14302.86,0,0,0.0000
12017,5839.89,14191.78,0,0,0.0000
12018,5736.54,14040.66,0,0,0.0000
12019,6277.64,14203.29,NaN,NaN,NaN
12020,7792.08,14505.38,NaN,NaN,NaN
12021,7760.85,14421.60,0,0,0.0000
12022,7795.13,14670.75,0,0,0.0000
12023,7754.39,14292.03,NaN,NaN,NaN
12024,7715.79,14315.48,NaN,NaN,NaN
12025,7626.45,14682.03,3,5,0.0000
12026,7599.26,14500.44,NaN,NaN,NaN
12027,7617.70,14567.29,0,0,0.0000
12028,7727.94,14229.10,0,0,0.0000
12029,7710.17,14432.52,0,0,0.0000
12030,7679.91,14309.04,NaN,NaN,NaN
12031,7805.18,14304.24,0,0,0.0000
12032,7824.78,14391.43,2,1,0.0000
12033,7964.54,14698.71,NaN,NaN,NaN
12034,7867.26,14599.23,NaN,NaN,NaN
12035,7922.76,14591.36,NaN,NaN,NaN
12036,8288.24,13967.87,NaN,NaN,NaN
12037,8268.42,14038.86,0,0,0.0000
12038,7895.12,14407.54,0,0,0.0000
12039,7849.76,14690.14,NaN,NaN,NaN
12040,7954.97,13978.25,NaN,NaN,NaN
12041,7815.64,14245.77,0,0,0.0000
12042,8165.89,14097.01,NaN,NaN,NaN
12043,8222.16,14093.30,NaN,NaN,NaN
12044,7822.30,14616.39,2,6,3.0000
12045,7869.24,14337.20,NaN,NaN,NaN
12046,7893.93,14473.82,2,2,0.0000
12047,7841.13,14528.68,2,4,2.0000
12048,7879.71,14275.56,NaN,NaN,NaN
12049,8263.94,14109.67,0,0,0.0000
12050,7838.95,14307.39,0,0,0.0000
12051,8185.98,14027.08,3,3,0.0000
12052,8158.89,14021.69,0,0,0.0000
12053,7943.43,14543.67,NaN,NaN,NaN
12054,7899.13,14655.25,2,2,0.0000
12055,7922.52,14515.79,NaN,NaN,NaN
12056,9406.38,13997.47,NaN,NaN,NaN
12057,9461.69,14046.35,NaN,NaN,NaN
12058,9472.73,13978.56,0,0,0.0000
12059,11629.70,14567.89,NaN,NaN,NaN
12060,11596.60,14212.27,2,2,0.0000
12061,11472.34,14438.88,NaN,NaN,NaN
12062,11572.83,14277.52,3,8,2.6667
12063,11557.07,14425.84,NaN,NaN,NaN
12064,11518.57,14348.73,3,4,0.0000
12065,11590.03,14664.71,NaN,NaN,NaN
12066,11517.17,14287.33,0,0,0.0000
12067,11622.58,14394.34,0,0,0.0000
12068,11638.11,14435.97,0,0,0.0000
12069,11956.48,14026.00,3,13,4.3333
12070,12031.15,14451.15,2,5,2.5000
12071,12309.15,14264.03,2,1,0.0000
12072,12048.85,14193.51,3,4,0.0000
12073,11981.14,14305.40,NaN,NaN,NaN
12074,12250.77,14474.81,NaN,NaN,NaN
12075,11743.30,14519.28,NaN,NaN,NaN
12076,11677.22,14120.97,2,7,3.5000
12077,12339.61,14155.48,2,3,0.0000
12078,12134.91,14009.08,NaN,NaN,NaN
12079,12202.50,14335.42,2,5,2.5000
12080,11727.11,14254.35,NaN,NaN,NaN
12081,12127.59,14570.44,NaN,NaN,NaN
12082,12218.43,14585.86,NaN,NaN,NaN
12083,12262.14,14024.36,NaN,NaN,NaN
12084,11888.64,13956.06,2,6,3.0000
12085,11710.33,14362.46,0,0,0.0000
12086,11739.84,14697.65,NaN,NaN,NaN
12087,11909.58,14564.93,NaN,NaN,NaN
12088,12166.02,14192.63,3,10,3.3333
12089,11825.50,14097.02,2,2,0.0000
12090,11655.95,14321.50,2,4,2.0000
12091,11845.94,14667.65,NaN,NaN,NaN
12092,11754.75,14139.54,0,0,0.0000
12093,12340.17,14563.19,2,1,0.0000
12094,11935.42,14233.90,NaN,NaN,NaN
12095,12129.66,14269.68,NaN,NaN,NaN
12096,12164.80,14713.64,NaN,NaN,NaN
12097,11903.36,14487.21,NaN,NaN,NaN
12098,11784.13,14632.44,NaN,NaN,NaN
12099,12399.80,14523.69,3,5,0.0000
12100,12369.17,14033.54,2,4,2.0000
12101,11983.67,14635.68,0,0,0.0000
12102,12057.85,14618.75,0,0,0.0000
12103,11658.17,14479.21,0,0,0.0000
12104,12153.02,14493.03,2,6,3.0000
12105,12395.23,14354.91,0,0,0.0000
12106,12397.02,14605.82,NaN,NaN,NaN
12107,12055.18,14012.80,NaN,NaN,NaN
12108,12397.61,14273.00,2,1,0.0000
12109,12260.07,14067.21,NaN,NaN,NaN
12110,11789.43,14320.21,0,0,0.0000
12111,11930.25,14375.13,3,7,2.3333
12112,12016.34,14707.08,0,0,0.0000
12113,12197.00,14117.12,0,0,0.0000
12114,12091.13,14697.13,0,0,0.0000
12115,11834.96,14511.75,2,3,0.0000
12116,11658.85,14659.17,NaN,NaN,NaN
12117,11787.71,14382.54,NaN,NaN,NaN
12118,12148.01,14444.30,NaN,NaN,NaN
12119,12282.54,14553.01,NaN,NaN,NaN
12120,12033.52,14661.66,0,0,0.0000
12121,12356.03,14463.04,0,0,0.0000
12122,11808.24,14573.62,NaN,NaN,NaN
12123,12383.00,14690.96,0,0,0.0000
12124,12400.83,14079.19,NaN,NaN,NaN
12125,12099.91,14095.75,2,6,3.0000
12126,12302.72,14631.74,0,0,0.0000
12127,11936.58,14156.94,0,0,0.0000
12128,11712.45,14627.85,NaN,NaN,NaN
12129,13091.04,14269.79,4,7,0.0000
12130,12791.93,14077.03,NaN,NaN,NaN
12131,12744.04,14252.14,0,0,0.0000
12132,13010.02,14151.10,NaN,NaN,NaN
12133,12493.71,14196.08,3,4,0.0000
12134,13021.49,14411.09,0,0,0.0000
12135,13019.13,14608.49,2,4,2.0000
12136,12428.58,14150.71,NaN,NaN,NaN
12137,12613.63,14502.90,NaN,NaN,NaN
12138,12669.92,14534.86,0,0,0.0000
12139,12920.14,14356.86,NaN,NaN,NaN
12140,12606.21,14165.87,NaN,NaN,NaN
12141,12626.94,14058.92,0,0,0.0000
12142,12714.38,14000.72,NaN,NaN,NaN
12143,13109.86,14007.27,NaN,NaN,NaN
12144,12918.83,14121.09,0,0,0.0000
12145,12916.53,14262.77,0,0,0.0000
12146,12578.01,13980.65,NaN,NaN,NaN
12147,13031.48,14021.49,2,4,2.0000
12148,12660.81,14345.49,NaN,NaN,NaN
12149,13101.33,14554.67,NaN,NaN,NaN
12150,12762.36,14518.39,NaN,NaN,NaN
12151,12847.87,14321.84,0,0,0.0000
12152,12468.55,14553.81,NaN,NaN,NaN
12153,12892.65,14529.46,NaN,NaN,NaN
12154,12938.81,13992.98,0,0,0.0000
12155,12973.07,14067.99,NaN,NaN,NaN
12156,12936.87,14623.01,3,3,0.0000
12157,13172.75,14671.43,NaN,NaN,NaN
12158,12550.88,14481.68,0,0,0.0000
12159,12723.88,14396.76,NaN,NaN,NaN
12160,12557.93,14345.69,0,0,0.0000
12161,12633.60,14428.23,0,0,0.0000
12162,13102.54,14496.25,NaN,NaN,NaN
12163,12468.18,14443.38,NaN,NaN,NaN
12164,12935.89,14427.48,NaN,NaN,NaN
12165,12979.69,14527.08,0,0,0.0000
12166,12807.01,14445.37,NaN,NaN,NaN
12167,12465.72,14274.63,0,0,0.0000
12168,12797.83,13967.89,2,5,2.5000
12169,13097.68,14111.28,2,3,0.0000
12170,12435.12,14402.99,NaN,NaN,NaN
12171,12843.82,14393.11,NaN,NaN,NaN
12172,12997.76,14474.06,0,0,0.0000
12173,13110.27,14648.42,NaN,NaN,NaN
12174,12861.25,14480.27,0,0,0.0000
12175,13166.96,14507.45,NaN,NaN,NaN
12176,12529.46,14285.86,NaN,NaN,NaN
12177,12467.43,14502.27,0,0,0.0000
12178,12699.70,14158.53,0,0,0.0000
12179,12562.61,14586.68,0,0,0.0000
12180,12475.90,14359.84,0,0,0.0000
12181,13107.90,14610.71,0,0,0.0000
12182,13208.10,14093.40,0,0,0.0000
12183,13188.97,14342.61,3,4,0.0000
12184,13402.27,14075.19,NaN,NaN,NaN
12185,13338.18,14596.68,3,4,0.0000
12186,13509.52,14382.96,0,0,0.0000
12187,13448.20,14185.09,NaN,NaN,NaN
12188,13410.67,14487.62,NaN,NaN,NaN
12189,13206.76,14599.08,NaN,NaN,NaN
12190,13277.54,14445.62,2,5,2.5000
12191,13356.46,13959.10,NaN,NaN,NaN
12192,13298.81,14143.42,NaN,NaN,NaN
12193,13500.91,14064.16,NaN,NaN,NaN
12194,13403.61,14400.84,NaN,NaN,NaN
12195,13592.84,14179.70,0,0,0.0000
12196,13227.80,14523.73,NaN,NaN,NaN
12197,13442.74,14347.72,NaN,NaN,NaN
12198,13592.13,13970.44,2,1,0.0000
12199,13510.93,14153.01,NaN,NaN,NaN
12200,13271.57,14269.64,NaN,NaN,NaN
12201,13407.56,14279.26,NaN,NaN,NaN
12202,13349.60,14276.16,NaN,NaN,NaN
12203,13488.21,14303.52,0,0,0.0000
12204,13477.11,14253.66,NaN,NaN,NaN
12205,13337.79,14378.70,NaN,NaN,NaN
12206,13226.22,14689.49,0,0,0.0000
12207,13321.86,14220.53,NaN,NaN,NaN
12208,13280.83,14555.25,NaN,NaN,NaN
12209,13573.10,14015.36,0,0,0.0000
12210,13332.86,14535.03,NaN,NaN,NaN
12211,13217.43,14444.53,0,0,0.0000
12212,13311.04,14065.45,0,0,0.0000
12213,16294.02,14338.07,0,0,0.0000
12214,16334.64,14291.11,NaN,NaN,NaN
12215,16214.00,14366.83,NaN,NaN,NaN
12216,16283.41,14266.24,0,0,0.0000
12217,16306.36,14210.89,NaN,NaN,NaN
12218,16330.86,14228.34,0,0,0.0000
12219,16234.08,14406.49,0,0,0.0000
12220,16227.13,14320.03,0,0,0.0000
12221,793.61,14971.80,NaN,NaN,NaN
12222,505.48,14922.88,3,3,0.0000
12223,481.93,15346.34,2,1,0.0000
12224,711.00,14778.11,3,3,0.0000
12225,627.77,15045.71,2,3,0.0000
12226,417.98,14752.32,NaN,NaN,NaN
12227,515.01,14818.67,2,2,0.0000
12228,679.67,15094.48,2,5,2.5000
12229,419.68,14941.43,NaN,NaN,NaN
12230,506.16,14755.58,NaN,NaN,NaN
12231,133.29,15387.97,NaN,NaN,NaN
12232,459.42,15470.63,NaN,NaN,NaN
12233,662.44,14927.85,NaN,NaN,NaN
12234,877.83,15023.93,NaN,NaN,NaN
12235,804.24,14869.01,NaN,NaN,NaN
12236,875.17,14855.05,5,3,0.0000
12237,832.16,14764.57,NaN,NaN,NaN
12238,174.89,14925.28,NaN,NaN,NaN
12239,53.36,15403.89,NaN,NaN,NaN
12240,735.88,14724.11,NaN,NaN,NaN
12241,440.42,15401.99,3,4,0.0000
12242,63.03,15243.13,NaN,NaN,NaN
12243,123.25,15478.29,4,3,0.0000
12244,530.53,15425.44,0,0,0.0000
12245,736.74,15133.62,0,0,0.0000
12246,92.73,15323.11,NaN,NaN,NaN
12247,396.38,14853.95,0,0,0.0000
12248,64.99,15473.48,3,3,0.0000
12249,645.92,14981.95,NaN,NaN,NaN
12250,601.25,14880.62,0,0,0.0000
12251,540.84,15303.29,0,0,0.0000
12252,644.30,15306.51,NaN,NaN,NaN
12253,546.94,15363.92,2,2,0.0000
12254,821.97,15105.98,NaN,NaN,NaN
12255,782.73,14822.20,NaN,NaN,NaN
12256,539.96,15020.30,NaN,NaN,NaN
12257,724.04,14864.61,NaN,NaN,NaN
12258,375.77,14794.44,0,0,0.0000
12259,730.03,15050.70,0,0,0.0000
12260,495.12,14987.06,NaN,NaN,NaN
12261,885.72,15127.86,2,1,0.0000
12262,593.11,15285.94,NaN,NaN,NaN
12263,653.22,14738.65,NaN,NaN,NaN
12264,65.46,15180.78,NaN,NaN,NaN
12265,822.79,15176.16,0,0,0.0000
12266,465.63,15014.70,0,0,0.0000
12267,48.00,15345.14,2,3,0.0000
12268,160.39,15444.45,NaN,NaN,NaN
12269,126.15,14869.81,2,3,0.0000
12270,892.31,14777.18,NaN,NaN,NaN
12271,658.67,14840.97,NaN,NaN,NaN
12272,647.66,15361.89,NaN,NaN,NaN
12273,691.52,14897.49,0,0,0.0000
12274,982.86,14738.79,NaN,NaN,NaN
12275,1546.89,15011.17,3,4,0.0000
12276,1402.00,15166.07,NaN,NaN,NaN
12277,1616.39,15403.17,NaN,NaN,NaN
12278,1418.11,15014.47,NaN,NaN,NaN
12279,1543.40,15286.24,2,3,0.0000
12280,975.17,14942.72,2,4,2.0000
12281,1073.52,14956.04,NaN,NaN,NaN
12282,1050.67,14830.58,2,4,2.0000
12283,1156.97,14870.77,0,0,0.0000
12284,1397.97,14905.54,2,3,0.0000
12285,974.82,14865.03,NaN,NaN,NaN
12286,1290.25,15018.94,NaN,NaN,NaN
12287,1115.04,14908.59,0,0,0.0000
12288,1096.27,14780.55,NaN,NaN,NaN
12289,1487.38,15084.70,NaN,NaN,NaN
12290,1346.31,15246.94,0,0,0.0000
12291,1526.31,14825.75,4,7,0.0000
12292,1456.43,14782.84,NaN,NaN,NaN
12293,1142.74,15267.32,NaN,NaN,NaN
12294,1325.10,14784.42,NaN,NaN,NaN
12295,928.42,15020.65,0,0,0.0000
12296,1470.07,15183.05,2,6,3.0000
12297,1464.91,15306.66,0,0,0.0000
12298,1652.03,15329.53,0,0,0.0000
12299,1056.00,15104.93,NaN,NaN,NaN
12300,1565.18,15137.49,NaN,NaN,NaN
12301,1513.35,15348.39,NaN,NaN,NaN
12302,1591.69,14823.26,NaN,NaN,NaN
12303,1417.79,15355.71,NaN,NaN,NaN
12304,1596.35,14924.15,NaN,NaN,NaN
12305,975.36,15046.96,2,2,0.0000
12306,1277.55,14940.15,NaN,NaN,NaN
12307,1164.09,14969.35,0,0,0.0000
12308,1606.46,15077.97,NaN,NaN,NaN
12309,1251.36,14761.50,2,3,0.0000
12310,1301.63,14849.94,2,4,2.0000
12311,1331.43,14925.84,NaN,NaN,NaN
12312,1611.93,15462.22,NaN,NaN,NaN
12313,1473.47,14880.60,0,0,0.0000
12314,1040.07,15009.96,NaN,NaN,NaN
12315,1393.20,14834.48,0,0,0.0000
12316,1542.76,15225.92,NaN,NaN,NaN
12317,1225.35,15009.57,NaN,NaN,NaN
12318,1517.87,15394.15,0,0,0.0000
12319,1243.81,14830.33,NaN,NaN,NaN
12320,1182.39,14820.46,NaN,NaN,NaN
12321,1391.17,14777.94,NaN,NaN,NaN
12322,1658.57,15128.98,NaN,NaN,NaN
12323,1479.11,14965.14,0,0,0.0000
12324,1629.29,15244.02,NaN,NaN,NaN
12325,1382.85,15112.18,3,3,0.0000
12326,1622.87,14992.34,0,0,0.0000
12327,1085.04,15285.14,NaN,NaN,NaN
12328,1188.27,14763.51,0,0,0.0000
12329,1074.44,15191.84,NaN,NaN,NaN
12330,928.42,14828.30,NaN,NaN,NaN
12331,1475.20,15418.41,NaN,NaN,NaN
12332,1529.11,15447.55,NaN,NaN,NaN
12333,1548.07,15181.55,0,0,0.0000
12334,1441.91,15254.98,NaN,NaN,NaN
12335,909.85,14933.61,0,0,0.0000
12336,1636.58,14874.50,0,0,0.0000
12337,1334.14,15141.66,0,0,0.0000
12338,897.69,14745.48,NaN,NaN,NaN
12339,1613.87,15168.68,NaN,NaN,NaN
12340,1244.48,14882.48,NaN,NaN,NaN
12341,1231.27,14951.85,NaN,NaN,NaN
12342,1585.34,15355.05,NaN,NaN,NaN
12343,1534.84,14904.60,2,4,2.0000
12344,1539.20,15083.75,0,0,0.0000
12345,1692.04,15214.35,NaN,NaN,NaN
12346,1809.93,14731.88,NaN,NaN,NaN
12347,1744.84,15414.35,NaN,NaN,NaN
12348,1780.55,15248.26,NaN,NaN,NaN
12349,1893.53,14852.60,NaN,NaN,NaN
12350,1888.75,15468.13,NaN,NaN,NaN
12351,2013.00,15318.74,NaN,NaN,NaN
12352,1867.82,15394.82,NaN,NaN,NaN
12353,1850.40,14998.53,NaN,NaN,NaN
12354,1813.44,15396.58,NaN,NaN,NaN
12355,1706.91,15342.40,0,0,0.0000
12356,1695.91,14981.64,2,3,0.0000
12357,1826.46,14837.84,0,0,0.0000
12358,1670.20,14918.61,NaN,NaN,NaN
12359,1743.26,15303.30,NaN,NaN,NaN
12360,1723.29,15102.22,0,0,0.0000
12361,1942.56,14919.93,NaN,NaN,NaN
12362,1815.07,15314.95,0,0,0.0000
12363,1715.71,15032.73,NaN,NaN,NaN
12364,2052.31,15362.51,NaN,NaN,NaN
12365,2034.53,15257.65,NaN,NaN,NaN
12366,1754.76,15150.28,0,0,0.0000
12367,2068.81,15415.48,3,3,0.0000
12368,1842.57,15335.23,2,2,0.0000
12369,1892.58,15056.52,NaN,NaN,NaN
12370,1670.03,15068.94,0,0,0.0000
12371,1735.32,14943.92,NaN,NaN,NaN
12372,1774.96,15357.84,0,0,0.0000
12373,1832.20,15462.84,2,2,0.0000
12374,1975.13,15241.30,0,0,0.0000
12375,3881.40,14809.16,NaN,NaN,NaN
12376,3839.13,14872.55,0,0,0.0000
12377,3961.41,14848.29,2,3,0.0000
12378,3768.93,14825.29,2,3,0.0000
12379,3916.95,14749.50,NaN,NaN,NaN
12380,4239.46,14997.61,NaN,NaN,NaN
12381,4183.17,15092.73,0,0,0.0000
12382,4120.35,14738.38,2,2,0.0000
12383,4085.47,14949.68,NaN,NaN,NaN
12384,4564.80,15467.10,NaN,NaN,NaN
12385,4585.67,15240.41,NaN,NaN,NaN
12386,4241.17,14743.36,NaN,NaN,NaN
12387,4066.05,14852.27,0,0,0.0000
12388,4505.04,15261.63,0,0,0.0000
12389,4463.50,14816.89,NaN,NaN,NaN
12390,4176.02,14826.39,NaN,NaN,NaN
12391,4388.92,14839.68,4,4,0.0000
12392,4342.36,14917.59,0,0,0.0000
12393,4404.39,15356.18,0,0,0.0000
12394,4372.86,15188.92,NaN,NaN,NaN
12395,4088.40,15077.46,2,3,0.0000
12396,4620.24,14787.37,0,0,0.0000
12397,4702.80,15198.32,NaN,NaN,NaN
12398,4035.85,15025.17,0,0,0.0000
12399,4444.41,15223.79,NaN,NaN,NaN
12400,4431.32,14962.24,NaN,NaN,NaN
12401,4200.51,14904.92,NaN,NaN,NaN
12402,4280.35,14872.38,2,5,2.5000
12403,4223.00,15181.73,NaN,NaN,NaN
12404,4586.41,15345.61,0,0,0.0000
12405,4355.85,14996.01,NaN,NaN,NaN
12406,4455.07,15059.15,NaN,NaN,NaN
12407,4511.20,15057.66,NaN,NaN,NaN
12408,4666.81,14899.68,0,0,0.0000
12409,4327.50,14755.24,0,0,0.0000
12410,4630.65,15426.17,2,6,3.0000
12411,4541.21,14907.03,3,2,0.0000
12412,3985.42,14723.50,0,0,0.0000
12413,4492.46,14747.45,NaN,NaN,NaN
12414,4108.12,15145.48,3,4,0.0000
12415,4488.55,15474.49,0,0,0.0000
12416,4617.62,14987.27,0,0,0.0000
12417,4540.70,15139.68,2,2,0.0000
12418,4264.53,15259.96,NaN,NaN,NaN
12419,4565.56,15071.57,NaN,NaN,NaN
12420,4392.42,15096.57,NaN,NaN,NaN
12421,4601.83,14897.01,2,1,0.0000
12422,4403.39,14759.79,5,6,0.0000
12423,4341.39,15397.05,NaN,NaN,NaN
12424,4336.19,15288.82,0,0,0.0000
12425,4040.72,15128.84,NaN,NaN,NaN
12426,4687.91,15367.26,2,2,0.0000
12427,4675.68,15303.86,NaN,NaN,NaN
12428,4635.95,14843.44,NaN,NaN,NaN
12429,4183.26,15229.64,NaN,NaN,NaN
12430,4695.54,15066.31,NaN,NaN,NaN
12431,4676.38,15450.69,2,3,0.0000
12432,4640.45,15162.97,2,3,0.0000
12433,4390.02,15434.53,0,0,0.0000
12434,4425.10,15485.82,0,0,0.0000
12435,4636.95,15058.59,0,0,0.0000
12436,4302.79,15135.64,0,0,0.0000
12437,4295.08,15199.12,2,7,3.5000
12438,4339.26,15073.53,NaN,NaN,NaN
12439,4466.25,15148.92,NaN,NaN,NaN
12440,4704.55,14844.78,0,0,0.0000
12441,4580.81,15021.80,NaN,NaN,NaN
12442,4261.39,15104.26,0,0,0.0000
12443,4705.81,14935.79,NaN,NaN,NaN
12444,4568.27,14770.72,NaN,NaN,NaN
12445,4730.29,15285.62,0,0,0.0000
12446,4732.91,15131.43,NaN,NaN,NaN
12447,4674.60,15124.88,0,0,0.0000
12448,4689.24,15006.51,0,0,0.0000
12449,4087.47,15204.95,0,0,0.0000
12450,4519.85,14853.33,0,0,0.0000
12451,4382.40,15254.70,NaN,NaN,NaN
12452,4033.61,14756.37,2,3,0.0000
12453,4448.83,15427.47,0,0,0.0000
12454,4678.90,14808.66,0,0,0.0000
12455,4283.33,15320.08,NaN,NaN,NaN
12456,4600.87,15172.45,NaN,NaN,NaN
12457,4484.10,14944.10,0,0,0.0000
12458,4689.48,14723.08,0,0,0.0000
12459,4662.98,15252.77,0,0,0.0000
12460,4550.95,14823.41,4,4,0.0000
12461,4322.02,15230.07,0,0,0.0000
12462,4613.14,15119.71,0,0,0.0000
12463,5451.13,14756.07,3,2,0.0000
12464,5041.30,15044.81,0,0,0.0000
12465,5488.36,15469.76,NaN,NaN,NaN
12466,5066.12,15433.47,NaN,NaN,NaN
12467,4798.27,15063.75,0,0,0.0000
12468,5308.89,15307.66,NaN,NaN,NaN
12469,4808.13,14784.88,3,6,2.0000
12470,5371.05,15404.86,NaN,NaN,NaN
12471,5341.16,15025.69,NaN,NaN,NaN
12472,4850.60,15230.08,NaN,NaN,NaN
12473,4747.82,15395.74,2,7,3.5000
12474,4779.79,14860.40,0,0,0.0000
12475,5045.18,15313.35,2,5,2.5000
12476,4932.90,14785.56,NaN,NaN,NaN
12477,5240.86,14972.78,2,3,0.0000
12478,5096.29,15150.94,2,2,0.0000
12479,5328.46,15122.41,NaN,NaN,NaN
12480,5313.78,14907.30,0,0,0.0000
12481,5052.96,14917.51,2,2,0.0000
12482,5170.62,14920.29,NaN,NaN,NaN
12483,4791.36,15152.94,NaN,NaN,NaN
12484,4887.85,15018.50,0,0,0.0000
12485,5406.55,15198.44,0,0,0.0000
12486,4804.75,14917.27,0,0,0.0000
12487,5128.91,15288.67,NaN,NaN,NaN
12488,4922.17,15209.12,3,3,0.0000
12489,5272.75,14760.67,NaN,NaN,NaN
12490,4961.20,14926.58,0,0,0.0000
12491,5501.22,15121.27,0,0,0.0000
12492,4833.46,15383.48,NaN,NaN,NaN
12493,5031.75,14858.52,2,1,0.0000
12494,4930.59,15048.25,NaN,NaN,NaN
12495,4828.35,15453.08,2,4,2.0000
12496,4739.72,14749.10,0,0,0.0000
12497,5404.14,15052.72,2,1,0.0000
12498,4896.18,15423.95,0,0,0.0000
12499,5201.82,15327.18,NaN,NaN,NaN
12500,5101.00,14736.51,0,0,0.0000
12501,4915.57,14847.53,0,0,0.0000
12502,4795.98,15259.91,NaN,NaN,NaN
12503,4891.94,15129.66,NaN,NaN,NaN
12504,4745.35,15483.45,NaN,NaN,NaN
12505,4929.99,15365.15,2,2,0.0000
12506,4991.94,15182.62,NaN,NaN,NaN
12507,5058.99,14790.15,0,0,0.0000
12508,5013.13,15457.64,NaN,NaN,NaN
12509,4750.53,14977.00,2,4,2.0000
12510,5343.21,15484.38,NaN,NaN,NaN
12511,5485.60,15210.87,NaN,NaN,NaN
12512,5408.60,14893.96,NaN,NaN,NaN
12513,5472.98,15011.85,0,0,0.0000
12514,5120.02,14950.32,NaN,NaN,NaN
12515,5218.53,15171.12,2,4,2.0000
12516,5301.29,15223.96,2,7,3.5000
12517,4952.88,15114.81,NaN,NaN,NaN
12518,5147.49,15164.99,3,6,2.0000
12519,5092.09,15374.69,NaN,NaN,NaN
12520,5108.39,14852.68,0,0,0.0000
12521,5355.20,15356.87,NaN,NaN,NaN
12522,5212.38,14862.83,3,3,0.0000
12523,4819.80,14975.56,0,0,0.0000
12524,5065.52,15229.44,NaN,NaN,NaN
12525,5446.31,14946.15,0,0,0.0000
12526,5366.89,14853.16,0,0,0.0000
12527,5151.75,14818.52,0,0,0.0000
12528,5368.40,14950.81,0,0,0.0000
12529,5206.73,15402.59,NaN,NaN,NaN
12530,4989.80,15377.19,NaN,NaN,NaN
12531,4892.01,14752.36,0,0,0.0000
12532,5350.14,14802.80,NaN,NaN,NaN
12533,5418.59,15318.32,2,5,2.5000
12534,5259.01,14827.35,NaN,NaN,NaN
12535,5162.48,14764.18,0,0,0.0000
12536,5429.67,15272.52,NaN,NaN,NaN
12537,5460.00,14869.03,0,0,0.0000
12538,5253.00,15437.35,0,0,0.0000
12539,5182.89,15037.81,0,0,0.0000
12540,5004.71,15239.00,NaN,NaN,NaN
12541,5349.39,15192.97,0,0,0.0000
12542,5235.65,15268.86,0,0,0.0000
12543,4816.30,15322.55,NaN,NaN,NaN
12544,4950.42,15456.96,NaN,NaN,NaN
12545,4949.31,15263.66,NaN,NaN,NaN
12546,5160.09,15217.54,NaN,NaN,NaN
12547,5112.35,15225.81,NaN,NaN,NaN
12548,5376.30,15260.95,0,0,0.0000
12549,5268.13,15396.20,0,0,0.0000
12550,4980.61,14835.41,0,0,0.0000
12551,4840.56,15011.73,0,0,0.0000
12552,4934.33,15309.86,NaN,NaN,NaN
12553,4769.18,15308.86,2,4,2.0000
12554,5152.60,15061.78,0,0,0.0000
12555,5032.49,15153.28,0,0,0.0000
12556,5304.16,14804.44,0,0,0.0000
12557,5446.04,15092.98,0,0,0.0000
12558,5264.17,14895.47,0,0,0.0000
12559,4975.53,14721.87,0,0,0.0000
12560,5461.37,15160.65,0,0,0.0000
12561,4877.19,15322.23,NaN,NaN,NaN
12562,4952.83,14971.90,NaN,NaN,NaN
12563,4752.59,15087.03,NaN,NaN,NaN
12564,5402.20,15127.36,0,0,0.0000
12565,4993.40,15282.40,0,0,0.0000
12566,5156.48,15450.09,0,0,0.0000
12567,5151.65,15322.36,0,0,0.0000
12568,5625.79,15147.03,2,9,4.5000
12569,5530.75,14926.40,0,0,0.0000
12570,5573.88,15060.63,NaN,NaN,NaN
12571,5839.15,14838.18,NaN,NaN,NaN
12572,5809.45,14990.14,0,0,0.0000
12573,5616.50,15267.18,NaN,NaN,NaN
12574,5521.28,15270.10,NaN,NaN,NaN
12575,5659.01,14986.12,0,0,0.0000
12576,5532.93,15381.89,0,0,0.0000
12577,5728.64,14809.32,NaN,NaN,NaN
12578,5781.15,14825.41,2,3,0.0000
12579,5677.89,14768.42,NaN,NaN,NaN
12580,5684.34,15064.50,NaN,NaN,NaN
12581,5674.69,15279.84,NaN,NaN,NaN
12582,5664.80,14836.57,NaN,NaN,NaN
12583,5621.45,14895.87,2,4,2.0000
12584,5602.90,14984.35,NaN,NaN,NaN
12585,5724.38,15210.14,0,0,0.0000
12586,5701.74,15168.61,0,0,0.0000
12587,5792.27,14886.92,NaN,NaN,NaN
12588,5723.43,15049.57,NaN,NaN,NaN
12589,5683.67,14941.84,3,4,0.0000
12590,5753.44,14972.74,NaN,NaN,NaN
12591,5533.21,15174.95,0,0,0.0000
12592,5973.03,14991.10,NaN,NaN,NaN
12593,5629.10,14856.94,NaN,NaN,NaN
12594,5507.63,15320.80,0,0,0.0000
12595,5717.01,15294.72,NaN,NaN,NaN
12596,5636.64,15044.16,NaN,NaN,NaN
12597,5670.78,15211.10,0,0,0.0000
12598,5738.99,14870.42,2,4,2.0000
12599,7632.11,14740.71,NaN,NaN,NaN
12600,7267.74,14800.22,NaN,NaN,NaN
12601,7484.55,14732.33,NaN,NaN,NaN
12602,7926.58,14814.69,0,0,0.0000
12603,7974.90,14896.12,2,4,2.0000
12604,7874.20,14832.37,3,4,0.0000
12605,7867.71,14748.29,NaN,NaN,NaN
12606,8064.48,14829.97,0,0,0.0000
12607,7988.05,14786.65,NaN,NaN,NaN
12608,7965.50,15011.99,0,0,0.0000
12609,7902.67,14759.48,NaN,NaN,NaN
12610,7916.75,15069.72,0,0,0.0000
12611,8127.03,15447.21,0,0,0.0000
12612,8041.11,14774.88,NaN,NaN,NaN
12613,8009.59,15015.52,0,0,0.0000
12614,7913.94,14893.03,2,5,2.5000
12615,8122.11,15355.98,0,0,0.0000
12616,7928.17,15110.69,0,0,0.0000
12617,8078.28,15033.74,0,0,0.0000
12618,7953.12,14965.10,2,4,2.0000
12619,7964.06,15128.68,0,0,0.0000
12620,11845.63,14750.83,2,2,0.0000
12621,11935.53,14759.84,NaN,NaN,NaN
12622,12361.01,14911.18,0,0,0.0000
12623,11796.33,14834.70,0,0,0.0000
12624,12116.71,14728.81,NaN,NaN,NaN
12625,12075.15,14753.51,0,0,0.0000
12626,12811.95,15393.58,4,3,0.0000
12627,12511.84,15409.87,0,0,0.0000
12628,12666.98,15441.80,NaN,NaN,NaN
12629,12590.29,15383.89,3,4,0.0000
12630,12921.08,15471.99,0,0,0.0000
12631,12585.03,15453.17,NaN,NaN,NaN
12632,12594.43,15334.70,NaN,NaN,NaN
12633,13176.78,15487.50,0,0,0.0000
12634,13122.79,15484.89,0,0,0.0000
12635,12907.30,15396.63,0,0,0.0000
12636,12529.25,15461.12,NaN,NaN,NaN
12637,13884.20,15448.22,NaN,NaN,NaN
12638,13935.33,15253.53,NaN,NaN,NaN
12639,13836.28,15301.30,NaN,NaN,NaN
12640,13769.48,15383.58,NaN,NaN,NaN
12641,13847.41,15385.35,0,0,0.0000
12642,13760.70,15482.03,NaN,NaN,NaN
12643,13875.79,15207.55,3,3,0.0000
12644,13935.39,15338.17,3,5,0.0000
12645,13766.95,15440.67,0,0,0.0000
12646,13766.58,15304.07,2,8,4.0000
12647,13979.47,14994.13,NaN,NaN,NaN
12648,14317.95,15008.47,NaN,NaN,NaN
12649,13992.38,15113.95,2,9,4.5000
12650,14070.78,15403.46,NaN,NaN,NaN
12651,14252.12,15162.91,NaN,NaN,NaN
12652,14040.29,15185.86,NaN,NaN,NaN
12653,14114.31,15250.68,0,0,0.0000
12654,14228.04,15251.50,NaN,NaN,NaN
12655,14009.96,15288.00,NaN,NaN,NaN
12656,14133.29,15353.80,0,0,0.0000
12657,14005.82,15384.68,NaN,NaN,NaN
12658,14123.27,15119.70,0,0,0.0000
12659,14148.89,15174.73,NaN,NaN,NaN
12660,14416.49,14955.36,NaN,NaN,NaN
12661,14513.92,14826.84,NaN,NaN,NaN
12662,14355.79,14868.22,NaN,NaN,NaN
12663,14179.72,15322.84,0,0,0.0000
12664,14142.57,15047.31,2,3,0.0000
12665,14439.29,14848.27,NaN,NaN,NaN
12666,14501.64,14925.37,2,2,0.0000
12667,14155.89,14986.88,0,0,0.0000
12668,14407.75,14904.13,2,5,2.5000
12669,14221.74,15023.26,0,0,0.0000
12670,14232.68,15067.38,NaN,NaN,NaN
12671,14500.67,14861.01,0,0,0.0000
12672,14139.05,15420.92,0,0,0.0000
12673,14180.90,15079.38,2,5,2.5000
12674,14482.33,14885.78,0,0,0.0000
12675,14463.03,14898.22,NaN,NaN,NaN
12676,15400.26,15481.29,NaN,NaN,NaN
12677,15250.42,15472.31,2,3,0.0000
12678,14977.37,15473.22,2,4,2.0000
12679,15207.62,15399.60,2,7,3.5000
12680,15151.10,15415.60,0,0,0.0000
12681,15354.62,15421.30,NaN,NaN,NaN
12682,14981.92,15403.42,0,0,0.0000
12683,746.13,15996.55,NaN,NaN,NaN
12684,831.91,16311.54,NaN,NaN,NaN
12685,789.78,16281.41,NaN,NaN,NaN
12686,798.28,16098.36,NaN,NaN,NaN
12687,562.41,16218.15,2,4,2.0000
12688,745.34,16299.47,2,2,0.0000
12689,891.92,16138.09,2,3,0.0000
12690,585.36,16271.42,2,2,0.0000
12691,607.96,16322.94,NaN,NaN,NaN
12692,886.08,15863.13,2,4,2.0000
12693,746.26,16210.09,2,2,0.0000
12694,662.82,16254.75,NaN,NaN,NaN
12695,100.09,15655.73,NaN,NaN,NaN
12696,713.28,16123.77,0,0,0.0000
12697,741.04,15778.05,0,0,0.0000
12698,160.85,15667.58,0,0,0.0000
12699,858.39,16057.16,0,0,0.0000
12700,94.85,15589.36,0,0,0.0000
12701,629.27,16187.83,0,0,0.0000
12702,831.46,15949.65,NaN,NaN,NaN
12703,520.79,15508.75,NaN,NaN,NaN
12704,839.56,16173.50,0,0,0.0000
12705,56.22,15532.08,2,3,0.0000
12706,127.46,15726.85,0,0,0.0000
12707,45.84,15852.14,NaN,NaN,NaN
12708,480.82,16295.97,NaN,NaN,NaN
12709,169.42,15602.39,NaN,NaN,NaN
12710,775.79,15867.06,NaN,NaN,NaN
12711,124.68,15550.45,NaN,NaN,NaN
12712,814.37,15801.00,0,0,0.0000
12713,704.95,15854.74,NaN,NaN,NaN
12714,894.22,15816.73,NaN,NaN,NaN
12715,783.28,15745.48,NaN,NaN,NaN
12716,696.52,16197.23,NaN,NaN,NaN
12717,48.52,15993.05,NaN,NaN,NaN
12718,172.14,15536.98,NaN,NaN,NaN
12719,67.76,15684.91,NaN,NaN,NaN
12720,681.00,16031.32,0,0,0.0000
12721,500.41,16233.04,NaN,NaN,NaN
12722,641.87,16029.73,0,0,0.0000
12723,682.13,15793.25,NaN,NaN,NaN
12724,82.86,15952.51,0,0,0.0000
12725,446.82,16343.95,NaN,NaN,NaN
12726,621.69,16108.01,0,0,0.0000
12727,831.02,16228.40,NaN,NaN,NaN
12728,785.92,16170.73,NaN,NaN,NaN
12729,672.55,16165.22,NaN,NaN,NaN
12730,518.56,16336.40,2,3,0.0000
12731,1000.50,16272.95,NaN,NaN,NaN
12732,917.31,16254.11,NaN,NaN,NaN
12733,1243.34,16176.81,NaN,NaN,NaN
12734,1445.42,16317.24,NaN,NaN,NaN
12735,949.60,16024.32,0,0,0.0000
12736,1007.88,16116.66,0,0,0.0000
12737,1157.54,16179.10,NaN,NaN,NaN
12738,1335.02,16184.30,0,0,0.0000
12739,1132.48,16314.52,2,3,0.0000
12740,1050.71,16060.03,3,3,0.0000
12741,1219.74,15890.42,0,0,0.0000
12742,1262.09,16265.95,NaN,NaN,NaN
12743,1152.37,15914.63,NaN,NaN,NaN
12744,1190.40,16274.11,NaN,NaN,NaN
12745,1170.43,16114.21,NaN,NaN,NaN
12746,1226.84,16078.12,NaN,NaN,NaN
12747,1101.70,15881.50,NaN,NaN,NaN
12748,974.94,15923.83,NaN,NaN,NaN
12749,1315.13,16311.06,2,2,0.0000
12750,1150.14,16002.18,NaN,NaN,NaN
12751,909.42,15925.20,0,0,0.0000
12752,1389.22,16263.49,NaN,NaN,NaN
12753,1511.54,16218.78,NaN,NaN,NaN
12754,1052.06,15908.55,2,4,2.0000
12755,954.74,16151.55,0,0,0.0000
12756,1196.77,15984.38,0,0,0.0000
12757,1023.28,15849.22,0,0,0.0000
12758,1207.64,16040.90,0,0,0.0000
12759,1056.03,15960.57,2,2,0.0000
12760,1112.79,15746.18,NaN,NaN,NaN
12761,1062.55,15780.52,NaN,NaN,NaN
12762,1006.68,15806.10,0,0,0.0000
12763,1138.31,15842.47,NaN,NaN,NaN
12764,1071.91,15842.36,NaN,NaN,NaN
12765,1019.13,15993.74,0,0,0.0000
12766,1065.72,16173.58,0,0,0.0000
12767,1069.98,16246.75,0,0,0.0000
12768,1175.56,15716.98,NaN,NaN,NaN
12769,1105.07,16038.44,NaN,NaN,NaN
12770,1131.43,15692.89,NaN,NaN,NaN
12771,1382.25,16209.75,NaN,NaN,NaN
12772,897.71,16038.00,0,0,0.0000
12773,1067.40,16007.65,NaN,NaN,NaN
12774,1096.51,15996.25,0,0,0.0000
12775,941.79,15890.15,NaN,NaN,NaN
12776,1141.33,16068.18,0,0,0.0000
12777,1215.89,16344.39,2,1,0.0000
12778,1816.22,15517.54,2,4,2.0000
12779,1682.79,16252.45,NaN,NaN,NaN
12780,1740.61,15509.02,NaN,NaN,NaN
12781,1742.99,16259.52,NaN,NaN,NaN
12782,1836.97,16196.89,NaN,NaN,NaN
12783,2333.93,16256.84,NaN,NaN,NaN
12784,1913.95,15570.49,NaN,NaN,NaN
12785,1826.80,15585.09,NaN,NaN,NaN
12786,2415.05,16279.41,NaN,NaN,NaN
12787,1787.10,16216.49,4,7,0.0000
12788,2272.86,16342.69,NaN,NaN,NaN
12789,1852.77,15621.20,NaN,NaN,NaN
12790,2363.22,16296.50,0,0,0.0000
12791,2367.16,16224.65,0,0,0.0000
12792,1758.55,16207.62,0,0,0.0000
12793,2417.07,16210.42,NaN,NaN,NaN
12794,1905.60,15626.12,NaN,NaN,NaN
12795,1888.68,16223.51,0,0,0.0000
12796,1870.18,16300.06,2,2,0.0000
12797,1803.01,15643.27,0,0,0.0000
12798,1773.98,15604.01,0,0,0.0000
12799,1856.54,16257.95,NaN,NaN,NaN
12800,1845.45,16126.01,0,0,0.0000
12801,2485.02,16267.82,NaN,NaN,NaN
12802,2622.92,16330.41,2,5,2.5000
12803,3174.56,15823.42,0,0,0.0000
12804,2531.74,16341.21,0,0,0.0000
12805,2571.81,16292.11,0,0,0.0000
12806,3328.55,16153.64,5,6,0.0000
12807,3252.68,16038.40,0,0,0.0000
12808,3338.22,16227.65,NaN,NaN,NaN
12809,3271.38,16183.88,0,0,0.0000
12810,3246.20,16105.22,0,0,0.0000
12811,3313.38,16076.12,NaN,NaN,NaN
12812,3222.43,15958.82,2,3,0.0000
12813,4538.10,15940.22,3,4,0.0000
12814,4668.27,16270.19,0,0,0.0000
12815,4465.43,16137.78,0,0,0.0000
12816,4418.96,15913.01,NaN,NaN,NaN
12817,4322.27,16177.51,2,10,5.0000
12818,4394.39,15680.05,0,0,0.0000
12819,4659.37,15549.52,0,0,0.0000
12820,4494.17,15672.08,NaN,NaN,NaN
12821,4588.91,16155.90,0,0,0.0000
12822,4568.35,15622.79,0,0,0.0000
12823,4378.52,16082.03,NaN,NaN,NaN
12824,4645.00,15959.08,0,0,0.0000
12825,4671.36,15753.15,0,0,0.0000
12826,4508.81,15580.60,2,3,0.0000
12827,4575.78,16271.33,0,0,0.0000
12828,4671.97,16165.73,0,0,0.0000
12829,4379.07,15566.80,0,0,0.0000
12830,4663.99,15663.26,0,0,0.0000
12831,4468.08,16045.91,0,0,0.0000
12832,4605.72,16062.10,0,0,0.0000
12833,4677.19,16037.62,NaN,NaN,NaN
12834,4445.89,15580.61,0,0,0.0000
12835,4512.93,16307.29,0,0,0.0000
12836,4483.92,15788.15,0,0,0.0000
12837,4293.98,16279.04,0,0,0.0000
12838,4664.38,15876.54,0,0,0.0000
12839,4589.56,15705.40,0,0,0.0000
12840,4526.39,15758.52,0,0,0.0000
12841,4441.55,16298.08,0,0,0.0000
12842,4346.22,15887.57,0,0,0.0000
12843,4462.05,15523.16,0,0,0.0000
12844,4327.49,16045.03,NaN,NaN,NaN
12845,4678.69,16097.22,0,0,0.0000
12846,4539.21,16196.21,0,0,0.0000
12847,4350.80,15495.82,NaN,NaN,NaN
12848,4734.47,16136.61,0,0,0.0000
12849,4363.99,16001.09,3,5,0.0000
12850,4415.86,15774.78,0,0,0.0000
12851,4395.97,16185.25,0,0,0.0000
12852,4523.25,16256.13,NaN,NaN,NaN
12853,4406.20,16262.56,NaN,NaN,NaN
12854,4594.43,15567.44,0,0,0.0000
12855,4479.02,16226.88,0,0,0.0000
12856,4396.09,16224.17,0,0,0.0000
12857,4293.49,15641.48,NaN,NaN,NaN
12858,4397.52,15984.36,NaN,NaN,NaN
12859,4367.23,15948.12,NaN,NaN,NaN
12860,4804.72,15809.43,0,0,0.0000
12861,5356.38,15574.81,0,0,0.0000
12862,4774.96,15571.59,5,3,0.0000
12863,4899.90,15929.62,0,0,0.0000
12864,5184.67,15788.26,0,0,0.0000
12865,5006.15,15929.38,NaN,NaN,NaN
12866,4808.15,16219.24,0,0,0.0000
12867,5096.92,15703.47,0,0,0.0000
12868,5151.21,15574.64,0,0,0.0000
12869,5230.38,15649.84,0,0,0.0000
12870,4764.91,15992.57,0,0,0.0000
12871,5000.74,16310.11,0,0,0.0000
12872,5274.36,16320.69,NaN,NaN,NaN
12873,4907.71,15669.66,0,0,0.0000
12874,4985.69,15841.22,0,0,0.0000
12875,4866.40,15552.36,NaN,NaN,NaN
12876,4902.89,16041.90,0,0,0.0000
12877,5088.55,16081.67,NaN,NaN,NaN
12878,5020.96,15556.37,NaN,NaN,NaN
12879,4933.65,15529.04,NaN,NaN,NaN
12880,4740.56,15897.54,0,0,0.0000
12881,4779.34,16087.26,0,0,0.0000
12882,4994.56,15715.59,NaN,NaN,NaN
12883,5230.26,15513.42,0,0,0.0000
12884,5188.85,16038.52,0,0,0.0000
12885,5393.01,15869.60,0,0,0.0000
12886,4964.47,16134.76,0,0,0.0000
12887,4834.92,15640.45,NaN,NaN,NaN
12888,4881.21,16174.73,0,0,0.0000
12889,5081.58,15871.96,0,0,0.0000
12890,4998.75,16068.97,0,0,0.0000
12891,5158.16,15900.98,NaN,NaN,NaN
12892,5437.77,15789.81,0,0,0.0000
12893,4889.96,16281.10,0,0,0.0000
12894,5148.50,15987.67,NaN,NaN,NaN
12895,4953.15,16237.61,0,0,0.0000
12896,5001.56,16000.62,NaN,NaN,NaN
12897,5259.84,15992.82,NaN,NaN,NaN
12898,5282.91,15774.00,NaN,NaN,NaN
12899,5070.63,16174.18,0,0,0.0000
12900,4995.54,15784.88,NaN,NaN,NaN
12901,5031.90,15632.70,0,0,0.0000
12902,5199.68,15713.93,NaN,NaN,NaN
12903,5360.29,15793.97,NaN,NaN,NaN
12904,4828.37,16328.91,0,0,0.0000
12905,5071.03,16029.44,0,0,0.0000
12906,5296.08,15528.81,NaN,NaN,NaN
12907,4924.05,15759.10,0,0,0.0000
12908,5291.23,16363.02,NaN,NaN,NaN
12909,5128.19,15505.72,NaN,NaN,NaN
12910,4974.46,15671.48,NaN,NaN,NaN
12911,4785.54,16295.63,0,0,0.0000
12912,5350.78,15681.80,NaN,NaN,NaN
12913,5496.85,15671.18,NaN,NaN,NaN
12914,5171.90,16094.01,NaN,NaN,NaN
12915,5434.71,15686.78,NaN,NaN,NaN
12916,5484.59,15728.16,NaN,NaN,NaN
12917,5371.63,16307.28,NaN,NaN,NaN
12918,5058.93,16276.25,0,0,0.0000
12919,5080.54,15978.59,NaN,NaN,NaN
12920,5384.70,15753.10,0,0,0.0000
12921,5420.07,15635.46,0,0,0.0000
12922,4746.73,16248.89,NaN,NaN,NaN
12923,4972.52,15587.79,3,5,0.0000
12924,5285.66,15622.83,0,0,0.0000
12925,5216.46,16100.40,0,0,0.0000
12926,5473.06,15636.16,0,0,0.0000
12927,5078.89,15540.73,NaN,NaN,NaN
12928,4760.25,15665.32,0,0,0.0000
12929,5477.14,15549.57,0,0,0.0000
12930,5466.00,15595.08,0,0,0.0000
12931,5249.04,15715.69,0,0,0.0000
12932,5908.07,16240.82,0,0,0.0000
12933,5514.23,15611.21,NaN,NaN,NaN
12934,5567.29,15529.93,0,0,0.0000
12935,5992.59,16253.74,0,0,0.0000
12936,5552.97,15568.71,0,0,0.0000
12937,8103.27,15523.37,NaN,NaN,NaN
12938,8087.04,15642.04,NaN,NaN,NaN
12939,8129.38,15874.51,NaN,NaN,NaN
12940,8128.47,15776.57,NaN,NaN,NaN
12941,8136.23,15828.24,2,2,0.0000
12942,9242.62,16293.83,0,0,0.0000
12943,9298.60,16304.38,2,2,0.0000
12944,9195.73,16202.47,NaN,NaN,NaN
12945,9240.18,16345.26,0,0,0.0000
12946,10105.43,15954.86,NaN,NaN,NaN
12947,10015.29,15956.09,NaN,NaN,NaN
12948,10065.73,15987.99,NaN,NaN,NaN
12949,10269.83,15738.77,NaN,NaN,NaN
12950,10307.01,15829.62,0,0,0.0000
12951,10196.89,15743.24,3,3,0.0000
12952,10133.33,15880.43,NaN,NaN,NaN
12953,10171.76,16015.91,NaN,NaN,NaN
12954,10337.28,15967.16,3,8,2.6667
12955,10133.38,15795.42,0,0,0.0000
12956,10231.61,15985.52,NaN,NaN,NaN
12957,10333.27,15651.62,NaN,NaN,NaN
12958,10117.81,15728.37,0,0,0.0000
12959,10176.97,15955.50,NaN,NaN,NaN
12960,10357.10,16042.21,NaN,NaN,NaN
12961,10434.80,16067.06,NaN,NaN,NaN
12962,10319.20,16051.33,NaN,NaN,NaN
12963,10140.54,15698.34,0,0,0.0000
12964,10294.41,16047.89,NaN,NaN,NaN
12965,11643.94,16182.06,0,0,0.0000
12966,11527.37,16349.91,0,0,0.0000
12967,11504.29,16171.99,0,0,0.0000
12968,11576.88,16141.91,0,0,0.0000
12969,11465.56,16334.92,0,0,0.0000
12970,11785.90,16293.56,NaN,NaN,NaN
12971,12314.82,15537.72,NaN,NaN,NaN
12972,12068.80,15855.83,0,0,0.0000
12973,12384.01,15764.43,3,4,0.0000
12974,11725.50,16133.76,0,0,0.0000
12975,12205.12,15774.02,0,0,0.0000
12976,12171.56,15545.53,NaN,NaN,NaN
12977,11955.22,15682.87,NaN,NaN,NaN
12978,12024.15,15645.98,0,0,0.0000
12979,12265.95,15749.87,0,0,0.0000
12980,12078.47,15584.61,3,5,0.0000
12981,11925.12,15775.99,3,4,0.0000
12982,12182.69,15949.02,0,0,0.0000
12983,12181.46,15617.09,NaN,NaN,NaN
12984,12196.86,16294.83,0,0,0.0000
12985,11655.07,16275.88,NaN,NaN,NaN
12986,12287.85,15659.27,NaN,NaN,NaN
12987,11860.19,16138.31,NaN,NaN,NaN
12988,12155.72,15857.64,NaN,NaN,NaN
12989,11840.57,15681.11,NaN,NaN,NaN
12990,12029.76,15737.78,NaN,NaN,NaN
12991,11955.58,15839.90,0,0,0.0000
12992,12129.37,15659.46,0,0,0.0000
12993,12232.64,15671.07,NaN,NaN,NaN
12994,12149.45,15788.44,NaN,NaN,NaN
12995,12395.43,15831.08,0,0,0.0000
12996,12238.75,16222.25,0,0,0.0000
12997,11786.80,16108.56,0,0,0.0000
12998,11818.06,16169.45,0,0,0.0000
12999,12219.36,15892.20,2,0,0.0000
13000,11994.28,15795.95,0,0,0.0000
13001,12152.02,16255.90,0,0,0.0000
13002,12094.38,15760.21,NaN,NaN,NaN
13003,12114.89,16248.17,0,0,0.0000
13004,12213.45,15853.84,NaN,NaN,NaN
13005,12351.14,15676.37,0,0,0.0000
13006,11901.78,15830.33,0,0,0.0000
13007,11827.69,15723.49,0,0,0.0000
13008,12617.85,15533.73,3,7,2.3333
13009,12487.78,15647.70,2,4,2.0000
13010,12773.57,15561.28,0,0,0.0000
13011,13068.08,15523.07,NaN,NaN,NaN
13012,13000.93,15606.27,NaN,NaN,NaN
13013,12552.73,15697.72,NaN,NaN,NaN
13014,12478.48,15501.65,NaN,NaN,NaN
13015,12730.16,15492.71,NaN,NaN,NaN
13016,12603.90,15609.85,0,0,0.0000
13017,12479.46,15825.84,0,0,0.0000
13018,13177.53,16060.91,0,0,0.0000
13019,13173.49,15567.42,NaN,NaN,NaN
13020,13079.64,15613.60,NaN,NaN,NaN
13021,12675.51,15675.42,NaN,NaN,NaN
13022,13105.79,16125.04,0,0,0.0000
13023,12801.77,15644.59,0,0,0.0000
13024,12981.11,15552.94,0,0,0.0000
13025,12529.41,15561.12,0,0,0.0000
13026,12872.88,15675.02,0,0,0.0000
13027,12614.09,15675.22,0,0,0.0000
13028,12639.45,16338.55,0,0,0.0000
13029,12686.07,15630.88,0,0,0.0000
13030,12675.97,15770.53,NaN,NaN,NaN
13031,12561.55,15799.60,0,0,0.0000
13032,12540.65,15760.35,0,0,0.0000
13033,12532.36,15805.46,0,0,0.0000
13034,13393.69,15915.03,NaN,NaN,NaN
13035,13632.66,15759.96,0,0,0.0000
13036,13810.00,15600.05,0,0,0.0000
13037,13906.67,15586.12,3,3,0.0000
13038,13784.68,15524.56,NaN,NaN,NaN
13039,13693.35,15584.73,2,2,0.0000
13040,13223.32,15966.22,NaN,NaN,NaN
13041,13564.35,15731.72,2,4,2.0000
13042,13805.58,15741.12,NaN,NaN,NaN
13043,13622.33,15645.08,NaN,NaN,NaN
13044,13674.36,15674.01,0,0,0.0000
13045,13459.46,15855.33,NaN,NaN,NaN
13046,13291.59,16012.49,NaN,NaN,NaN
13047,13526.57,15801.43,0,0,0.0000
13048,13742.13,15663.50,0,0,0.0000
13049,13904.16,15684.04,NaN,NaN,NaN
13050,13425.91,15971.97,NaN,NaN,NaN
13051,13656.90,15498.20,0,0,0.0000
13052,13375.82,16000.32,0,0,0.0000
13053,13908.86,15643.97,0,0,0.0000
13054,13710.47,15725.36,0,0,0.0000
13055,13587.18,15838.42,0,0,0.0000
13056,13310.02,15527.91,0,0,0.0000
13057,13624.17,15829.76,0,0,0.0000
13058,13960.13,15510.99,NaN,NaN,NaN
13059,14659.45,16084.98,0,0,0.0000
13060,14717.26,15878.13,NaN,NaN,NaN
13061,14683.32,16204.68,NaN,NaN,NaN
13062,14688.05,15962.96,NaN,NaN,NaN
13063,14570.95,16167.43,NaN,NaN,NaN
13064,14621.21,16167.69,0,0,0.0000
13065,14640.13,16204.44,0,0,0.0000
13066,14077.07,15536.41,0,0,0.0000
13067,14056.16,15558.78,0,0,0.0000
13068,15417.58,16223.89,0,0,0.0000
13069,14940.83,16191.52,NaN,NaN,NaN
13070,14730.14,16023.16,0,0,0.0000
13071,14739.33,16122.41,2,5,2.5000
13072,15042.99,16180.90,2,6,3.0000
13073,15026.39,15668.73,2,7,3.5000
13074,15293.78,15841.05,NaN,NaN,NaN
13075,14949.69,15953.69,4,3,0.0000
13076,15350.99,15878.03,0,0,0.0000
13077,15465.69,15830.79,0,0,0.0000
13078,15449.53,16114.94,0,0,0.0000
13079,15283.55,15662.39,NaN,NaN,NaN
13080,15013.63,15856.52,2,1,0.0000
13081,15257.24,15757.83,0,0,0.0000
13082,14869.66,16091.95,NaN,NaN,NaN
13083,15455.66,15931.71,3,8,2.6667
13084,14808.40,15971.49,NaN,NaN,NaN
13085,15390.84,15938.38,0,0,0.0000
13086,14890.96,15782.45,2,3,0.0000
13087,15349.05,16007.93,NaN,NaN,NaN
13088,15003.35,15552.45,3,4,0.0000
13089,15261.35,15517.55,NaN,NaN,NaN
13090,14837.84,15774.50,0,0,0.0000
13091,14861.30,15886.84,0,0,0.0000
13092,14995.71,15768.34,NaN,NaN,NaN
13093,14784.47,16251.11,0,0,0.0000
13094,14925.13,15538.95,NaN,NaN,NaN
13095,15057.00,16040.97,NaN,NaN,NaN
13096,15350.76,16069.76,NaN,NaN,NaN
13097,15059.44,16259.44,NaN,NaN,NaN
13098,14752.12,15918.04,0,0,0.0000
13099,15460.65,15736.15,2,5,2.5000
13100,15151.85,15712.96,0,0,0.0000
13101,15378.06,16338.78,NaN,NaN,NaN
13102,14803.91,15682.57,0,0,0.0000
13103,14787.17,15791.59,4,8,2.0000
13104,14823.45,15922.50,NaN,NaN,NaN
13105,15301.23,16160.11,NaN,NaN,NaN
13106,14812.19,16116.84,NaN,NaN,NaN
13107,15326.54,15508.81,NaN,NaN,NaN
13108,15389.76,16282.01,0,0,0.0000
13109,15185.89,15541.55,2,0,0.0000
13110,15077.46,15603.31,0,0,0.0000
13111,14738.12,16249.10,NaN,NaN,NaN
13112,15459.65,15672.91,NaN,NaN,NaN
13113,14755.96,15688.23,NaN,NaN,NaN
13114,15410.41,15796.29,NaN,NaN,NaN
13115,14925.73,15782.95,2,3,0.0000
13116,15288.70,16319.70,0,0,0.0000
13117,15314.27,15959.08,NaN,NaN,NaN
13118,15462.05,16201.11,NaN,NaN,NaN
13119,14773.90,16310.65,NaN,NaN,NaN
13120,14788.13,15863.98,NaN,NaN,NaN
13121,15479.65,16361.19,0,0,0.0000
13122,15440.38,15552.78,0,0,0.0000
13123,15411.39,15679.94,NaN,NaN,NaN
13124,15020.55,16108.65,NaN,NaN,NaN
13125,14868.22,16230.99,0,0,0.0000
13126,14970.15,16087.05,NaN,NaN,NaN
13127,14824.64,15836.90,0,0,0.0000
13128,15066.38,16318.08,0,0,0.0000
13129,14820.27,16223.98,0,0,0.0000
13130,14955.44,15878.08,NaN,NaN,NaN
13131,15410.35,16009.85,2,2,0.0000
13132,15329.18,16285.52,NaN,NaN,NaN
13133,15280.62,15548.27,NaN,NaN,NaN
13134,15129.42,16354.97,0,0,0.0000
13135,14754.76,15787.60,NaN,NaN,NaN
13136,14953.30,15803.00,0,0,0.0000
13137,14940.08,16021.04,0,0,0.0000
13138,14822.17,16286.08,NaN,NaN,NaN
13139,14850.77,16164.67,NaN,NaN,NaN
13140,14883.17,16288.70,0,0,0.0000
13141,14913.43,15875.57,0,0,0.0000
13142,14892.25,16145.11,0,0,0.0000
13143,14892.65,15840.46,0,0,0.0000
13144,14881.87,15929.64,0,0,0.0000
13145,14862.32,16291.15,0,0,0.0000
13146,15587.02,16247.49,3,2,0.0000
13147,15508.83,16005.43,NaN,NaN,NaN
13148,15570.50,16084.00,NaN,NaN,NaN
13149,15579.39,16162.82,0,0,0.0000
13150,15641.99,16239.60,0,0,0.0000
13151,15523.41,16235.35,NaN,NaN,NaN
13152,15522.14,16133.27,NaN,NaN,NaN
13153,15492.77,16178.94,NaN,NaN,NaN
