cell_id,centroid_x,centroid_y,reddot,blackdot,score
1,891.36,629.73,NaN,NaN,NaN
2,776.44,497.96,NaN,NaN,NaN
3,831.61,385.18,NaN,NaN,NaN
4,809.35,252.66,NaN,NaN,NaN
5,487.96,120.74,0,0,0.0000
6,744.69,142.90,NaN,NaN,NaN
7,68.76,613.05,4,1,0.0000
8,669.18,174.77,NaN,NaN,NaN
9,729.03,257.97,0,0,0.0000
10,828.35,52.06,NaN,NaN,NaN
11,853.54,105.92,2,4,2.0000
12,38.19,884.92,2,4,2.0000
13,734.49,642.68,NaN,NaN,NaN
14,365.56,865.47,NaN,NaN,NaN
15,121.41,802.86,0,0,0.0000
16,725.70,566.10,3,2,0.0000
17,588.10,248.39,NaN,NaN,NaN
18,654.05,29.54,2,2,0.0000
19,188.77,825.21,NaN,NaN,NaN
20,96.32,887.21,0,0,0.0000
21,290.05,29.05,0,0,0.0000
22,784.35,158.73,NaN,NaN,NaN
23,632.61,81.19,0,0,0.0000
24,457.26,839.57,0,0,0.0000
25,841.49,180.89,NaN,NaN,NaN
26,140.28,759.65,0,0,0.0000
27,317.03,814.44,2,4,2.0000
28,725.42,429.47,NaN,NaN,NaN
29,146.19,880.64,0,0,0.0000
30,764.52,356.61,NaN,NaN,NaN
31,548.00,114.58,3,4,0.0000
32,389.57,769.08,0,0,0.0000
33,105.43,708.54,0,0,0.0000
34,679.17,381.55,0,0,0.0000
35,431.14,29.46,0,0,0.0000
36,811.89,106.83,0,0,0.0000
37,735.02,376.90,0,0,0.0000
38,129.36,845.88,0,0,0.0000
39,603.80,45.64,2,2,0.0000
40,700.05,112.86,NaN,NaN,NaN
41,44.82,811.33,0,0,0.0000
42,345.84,742.94,NaN,NaN,NaN
43,779.26,597.51,3,3,0.0000
44,24.18,847.86,0,0,0.0000
45,598.55,128.00,NaN,NaN,NaN
46,80.91,832.96,0,0,0.0000
47,85.72,761.02,0,0,0.0000
48,467.12,157.37,0,0,0.0000
49,583.12,197.04,NaN,NaN,NaN
50,391.23,731.03,NaN,NaN,NaN
51,772.15,306.27,0,0,0.0000
52,683.99,252.53,NaN,NaN,NaN
53,1294.52,324.07,2,4,2.0000
54,1337.71,586.38,0,0,0.0000
55,1597.06,113.77,2,4,2.0000
56,1493.07,265.24,2,3,0.0000
57,1449.25,442.69,0,0,0.0000
58,1180.14,101.37,0,0,0.0000
59,1319.05,108.16,NaN,NaN,NaN
60,1404.62,312.67,0,0,0.0000
61,1650.31,529.62,4,4,0.0000
62,1614.89,315.37,2,7,3.5000
63,911.06,115.77,NaN,NaN,NaN
64,1064.33,129.71,4,6,0.0000
65,917.06,261.71,NaN,NaN,NaN
66,1042.10,649.62,2,3,0.0000
67,1213.92,170.02,NaN,NaN,NaN
68,1327.70,850.33,NaN,NaN,NaN
69,1033.58,449.35,NaN,NaN,NaN
70,1053.03,514.72,NaN,NaN,NaN
71,1495.09,117.52,NaN,NaN,NaN
72,1655.93,733.03,NaN,NaN,NaN
73,1204.05,671.54,2,5,2.5000
74,903.08,417.38,NaN,NaN,NaN
75,1255.58,36.88,NaN,NaN,NaN
76,1431.50,792.62,NaN,NaN,NaN
77,1398.22,662.88,0,0,0.0000
78,1202.27,727.47,NaN,NaN,NaN
79,976.64,110.57,NaN,NaN,NaN
80,1172.79,528.56,NaN,NaN,NaN
81,1120.78,169.86,NaN,NaN,NaN
82,1053.28,270.48,NaN,NaN,NaN
83,1527.75,523.94,NaN,NaN,NaN
84,1630.67,460.34,0,0,0.0000
85,1292.07,516.81,NaN,NaN,NaN
86,984.75,560.08,2,7,3.5000
87,998.78,35.55,2,6,3.0000
88,1142.24,361.34,NaN,NaN,NaN
89,1593.88,658.07,3,5,0.0000
90,1091.09,579.72,NaN,NaN,NaN
91,1156.17,587.85,NaN,NaN,NaN
92,1370.36,832.68,2,4,2.0000
93,1170.31,871.37,NaN,NaN,NaN
94,1246.86,789.38,2,6,3.0000
95,988.93,228.41,2,3,0.0000
96,1471.55,354.02,0,0,0.0000
97,1149.99,808.09,NaN,NaN,NaN
98,1549.36,453.10,NaN,NaN,NaN
99,1528.35,393.87,0,0,0.0000
100,982.11,644.29,NaN,NaN,NaN
101,1526.50,672.10,0,0,0.0000
102,1004.18,315.06,3,2,0.0000
103,1455.08,872.59,NaN,NaN,NaN
104,1325.51,468.88,NaN,NaN,NaN
105,1651.61,887.50,NaN,NaN,NaN
106,1137.76,433.03,2,4,2.0000
107,1333.97,691.11,NaN,NaN,NaN
108,1269.70,882.10,0,0,0.0000
109,1035.90,77.08,3,3,0.0000
110,1114.84,737.06,NaN,NaN,NaN
111,1215.68,335.28,0,0,0.0000
112,1475.27,832.29,NaN,NaN,NaN
113,1597.31,732.93,NaN,NaN,NaN
114,1482.80,708.26,0,0,0.0000
115,1522.45,595.33,NaN,NaN,NaN
116,1202.81,409.99,2,0,0.0000
117,1266.35,721.11,NaN,NaN,NaN
118,1120.13,649.12,NaN,NaN,NaN
119,1078.92,330.99,4,7,0.0000
120,1562.99,846.85,NaN,NaN,NaN
121,1556.61,362.82,NaN,NaN,NaN
122,1221.58,464.37,NaN,NaN,NaN
123,1319.26,746.34,NaN,NaN,NaN
124,958.49,458.09,NaN,NaN,NaN
125,1500.53,15.76,0,0,0.0000
126,1635.35,835.65,NaN,NaN,NaN
127,1117.63,891.30,0,0,0.0000
128,1495.35,778.86,NaN,NaN,NaN
129,1007.95,384.17,3,5,0.0000
130,1639.46,796.29,NaN,NaN,NaN
131,1030.28,359.88,0,0,0.0000
132,1554.18,195.57,NaN,NaN,NaN
133,1549.05,730.09,0,0,0.0000
134,1345.82,754.24,NaN,NaN,NaN
135,1468.65,743.64,0,0,0.0000
136,1416.65,731.88,0,0,0.0000
137,2371.27,143.54,2,4,2.0000
138,1861.00,183.17,5,6,0.0000
139,2111.80,194.21,NaN,NaN,NaN
140,1714.91,600.34,2,4,2.0000
141,2101.27,758.78,NaN,NaN,NaN
142,1667.08,411.14,NaN,NaN,NaN
143,1704.37,309.07,0,0,0.0000
144,2019.63,349.95,2,2,0.0000
145,2182.64,742.83,NaN,NaN,NaN
146,2368.81,501.87,NaN,NaN,NaN
147,1805.89,488.13,NaN,NaN,NaN
148,2027.32,648.17,2,7,3.5000
149,1887.66,676.77,NaN,NaN,NaN
150,1857.26,877.75,NaN,NaN,NaN
151,2008.83,454.44,NaN,NaN,NaN
152,2272.49,506.93,NaN,NaN,NaN
153,2348.90,564.42,NaN,NaN,NaN
154,1804.29,302.36,NaN,NaN,NaN
155,2296.08,895.63,NaN,NaN,NaN
156,1858.80,790.48,2,6,3.0000
157,2207.18,399.69,0,0,0.0000
158,1731.67,225.61,NaN,NaN,NaN
159,1740.13,160.79,0,0,0.0000
160,2372.07,330.81,0,0,0.0000
161,1669.08,26.98,2,3,0.0000
162,2063.92,808.79,0,0,0.0000
163,1934.84,374.67,0,0,0.0000
164,2254.20,726.17,NaN,NaN,NaN
165,1818.73,666.86,2,4,2.0000
166,2043.11,526.23,2,2,0.0000
167,2128.87,68.34,NaN,NaN,NaN
168,2201.02,815.42,NaN,NaN,NaN
169,1729.37,679.04,3,8,2.6667
170,1731.82,77.78,NaN,NaN,NaN
171,1789.96,588.85,NaN,NaN,NaN
172,2029.76,877.49,NaN,NaN,NaN
173,2364.44,645.27,NaN,NaN,NaN
174,2179.31,239.61,0,0,0.0000
175,1776.78,231.98,NaN,NaN,NaN
176,2278.43,587.98,NaN,NaN,NaN
177,2005.29,763.53,0,0,0.0000
178,1875.47,419.78,NaN,NaN,NaN
179,1704.97,773.88,NaN,NaN,NaN
180,2419.32,88.32,NaN,NaN,NaN
181,2313.49,230.72,3,5,0.0000
182,1861.39,263.48,NaN,NaN,NaN
183,1736.65,819.48,NaN,NaN,NaN
184,1973.23,557.00,0,0,0.0000
185,1913.21,42.64,0,0,0.0000
186,2315.64,844.55,0,0,0.0000
187,1942.56,472.84,2,5,2.5000
188,1841.68,411.74,3,9,3.0000
189,2406.45,266.77,NaN,NaN,NaN
190,1742.44,384.45,0,0,0.0000
191,1808.25,816.30,0,0,0.0000
192,2259.80,820.99,NaN,NaN,NaN
193,1770.76,416.44,NaN,NaN,NaN
194,2156.58,127.83,4,4,0.0000
195,2333.90,668.72,NaN,NaN,NaN
196,1902.18,420.99,NaN,NaN,NaN
197,2338.93,400.86,0,0,0.0000
198,2021.41,581.21,NaN,NaN,NaN
199,1759.69,756.45,0,0,0.0000
200,1916.56,159.33,NaN,NaN,NaN
201,2301.59,628.74,0,0,0.0000
202,2008.02,820.30,0,0,0.0000
203,1737.56,503.43,NaN,NaN,NaN
204,1699.33,377.92,0,0,0.0000
205,2373.35,31.57,NaN,NaN,NaN
206,1953.96,711.09,2,4,2.0000
207,2939.53,513.93,0,0,0.0000
208,2725.85,642.46,NaN,NaN,NaN
209,2538.14,632.08,3,8,2.6667
210,2670.23,434.83,2,6,3.0000
211,3158.38,303.46,2,2,0.0000
212,2664.31,266.07,NaN,NaN,NaN
213,2760.24,501.84,2,2,0.0000
214,2902.12,223.19,NaN,NaN,NaN
215,3096.36,78.35,0,0,0.0000
216,2871.44,121.28,0,0,0.0000
217,2721.39,746.07,2,3,0.0000
218,2513.04,834.83,NaN,NaN,NaN
219,2738.54,171.95,2,5,2.5000
220,2464.54,166.59,NaN,NaN,NaN
221,3160.35,894.15,0,0,0.0000
222,2581.08,494.93,2,3,0.0000
223,3031.62,320.34,3,2,0.0000
224,2729.80,90.28,NaN,NaN,NaN
225,3192.24,734.66,0,0,0.0000
226,2500.81,244.37,NaN,NaN,NaN
227,3152.33,507.17,NaN,NaN,NaN
228,2476.00,521.30,NaN,NaN,NaN
229,3099.91,596.33,NaN,NaN,NaN
230,2448.93,420.08,3,4,0.0000
231,2630.33,544.08,NaN,NaN,NaN
232,2461.12,601.34,NaN,NaN,NaN
233,2657.47,170.37,2,5,2.5000
234,2965.30,178.95,0,0,0.0000
235,2686.73,531.49,0,0,0.0000
236,3125.49,151.56,NaN,NaN,NaN
237,3086.29,230.91,0,0,0.0000
238,2494.98,736.61,0,0,0.0000
239,2822.21,531.58,NaN,NaN,NaN
240,3020.62,123.94,NaN,NaN,NaN
241,3183.49,72.61,NaN,NaN,NaN
242,2629.74,74.41,NaN,NaN,NaN
243,2607.85,341.61,0,0,0.0000
244,2909.75,345.99,NaN,NaN,NaN
245,3110.69,694.50,NaN,NaN,NaN
246,3058.69,651.23,2,1,0.0000
247,3005.45,247.81,0,0,0.0000
248,2824.84,663.38,0,0,0.0000
249,2531.86,322.20,0,0,0.0000
250,3159.01,422.77,NaN,NaN,NaN
251,3042.29,558.59,2,4,2.0000
252,2843.14,265.65,NaN,NaN,NaN
253,2868.37,456.40,0,0,0.0000
254,2563.38,414.56,0,0,0.0000
255,2831.14,201.19,NaN,NaN,NaN
256,2796.91,179.57,NaN,NaN,NaN
257,2672.92,590.62,0,0,0.0000
258,3007.42,622.13,0,0,0.0000
259,2795.28,85.12,0,0,0.0000
260,3059.73,190.16,NaN,NaN,NaN
261,2652.73,798.46,0,0,0.0000
262,2945.63,425.27,NaN,NaN,NaN
263,3190.74,840.62,NaN,NaN,NaN
264,2456.03,316.33,NaN,NaN,NaN
265,3063.21,525.04,NaN,NaN,NaN
266,2539.40,181.91,0,0,0.0000
267,3116.24,831.61,NaN,NaN,NaN
268,3173.93,198.99,0,0,0.0000
269,2512.74,391.08,2,3,0.0000
270,3030.57,389.02,NaN,NaN,NaN
271,2602.51,275.99,2,8,4.0000
272,2481.97,80.36,NaN,NaN,NaN
273,2953.45,290.72,3,3,0.0000
274,2664.94,16.95,NaN,NaN,NaN
275,3481.61,806.78,2,2,0.0000
276,3682.23,877.78,NaN,NaN,NaN
277,3858.16,784.23,2,4,2.0000
278,3678.54,196.89,0,0,0.0000
279,3591.89,523.28,NaN,NaN,NaN
280,3397.15,495.76,0,0,0.0000
281,3303.76,327.47,2,4,2.0000
282,3357.42,841.15,0,0,0.0000
283,3552.23,102.70,NaN,NaN,NaN
284,3332.65,77.49,0,0,0.0000
285,3220.44,531.97,NaN,NaN,NaN
286,3734.26,772.23,NaN,NaN,NaN
287,3369.75,229.23,NaN,NaN,NaN
288,3495.65,625.72,NaN,NaN,NaN
289,3618.95,781.68,0,0,0.0000
290,3488.36,351.78,0,0,0.0000
291,3683.20,288.09,0,0,0.0000
292,3750.48,561.86,NaN,NaN,NaN
293,3562.84,296.14,NaN,NaN,NaN
294,3237.24,679.26,0,0,0.0000
295,3593.93,225.68,0,0,0.0000
296,3818.57,714.25,0,0,0.0000
297,3960.13,518.85,2,5,2.5000
298,3320.05,442.23,NaN,NaN,NaN
299,3643.47,356.74,2,3,0.0000
300,3762.50,174.01,0,0,0.0000
301,3392.41,593.92,NaN,NaN,NaN
302,3513.05,433.33,2,3,0.0000
303,3794.37,373.99,0,0,0.0000
304,3319.82,204.01,0,0,0.0000
305,3965.74,878.29,NaN,NaN,NaN
306,3241.56,812.12,NaN,NaN,NaN
307,3885.32,874.71,0,0,0.0000
308,3287.33,854.94,NaN,NaN,NaN
309,3619.67,403.00,0,0,0.0000
310,3477.27,104.06,NaN,NaN,NaN
311,3781.29,482.02,NaN,NaN,NaN
312,3458.18,216.50,NaN,NaN,NaN
313,3614.20,468.59,0,0,0.0000
314,3679.26,610.16,NaN,NaN,NaN
315,3929.08,725.58,0,0,0.0000
316,3952.54,458.41,NaN,NaN,NaN
317,3703.48,408.52,0,0,0.0000
318,3235.24,32.77,0,0,0.0000
319,3469.40,527.75,0,0,0.0000
320,3659.53,107.91,0,0,0.0000
321,3269.87,615.31,0,0,0.0000
322,3627.99,709.99,0,0,0.0000
323,3812.40,633.37,0,0,0.0000
324,3619.02,582.80,3,6,2.0000
325,3741.55,630.01,NaN,NaN,NaN
326,3820.89,685.04,NaN,NaN,NaN
327,3443.64,282.57,0,0,0.0000
328,3836.01,557.76,0,0,0.0000
329,3320.92,607.89,NaN,NaN,NaN
330,3309.94,552.91,NaN,NaN,NaN
331,3293.86,139.38,NaN,NaN,NaN
332,3208.60,620.61,3,4,0.0000
333,3745.61,35.92,NaN,NaN,NaN
334,3944.12,627.11,NaN,NaN,NaN
335,3898.23,641.04,2,4,2.0000
336,3782.69,248.59,3,5,0.0000
337,3349.60,767.60,NaN,NaN,NaN
338,3410.82,162.66,0,0,0.0000
339,3718.15,361.17,0,0,0.0000
340,3809.00,441.46,0,0,0.0000
341,3515.49,570.74,0,0,0.0000
342,3588.84,65.27,2,6,3.0000
343,3578.12,679.91,0,0,0.0000
344,3211.90,451.40,NaN,NaN,NaN
345,3877.47,460.57,0,0,0.0000
346,3255.22,389.60,0,0,0.0000
347,3902.10,436.12,0,0,0.0000
348,3559.81,364.97,NaN,NaN,NaN
349,3213.97,182.79,2,6,3.0000
350,3860.27,487.17,0,0,0.0000
351,3307.56,505.79,0,0,0.0000
352,3412.69,651.75,NaN,NaN,NaN
353,3330.71,387.21,NaN,NaN,NaN
354,3517.42,212.82,0,0,0.0000
355,3337.26,719.23,NaN,NaN,NaN
356,3405.68,707.97,NaN,NaN,NaN
357,4027.60,700.42,NaN,NaN,NaN
358,4130.76,816.96,NaN,NaN,NaN
359,3971.07,780.98,NaN,NaN,NaN
360,4050.60,824.48,NaN,NaN,NaN
361,4479.92,99.09,NaN,NaN,NaN
362,3981.59,412.50,NaN,NaN,NaN
363,4089.04,876.80,2,2,0.0000
364,4497.13,257.02,NaN,NaN,NaN
365,4451.27,138.44,0,0,0.0000
366,4434.92,228.55,NaN,NaN,NaN
367,4487.22,191.01,0,0,0.0000
368,4459.27,272.45,0,0,0.0000
369,4550.71,410.85,NaN,NaN,NaN
370,4482.38,310.02,0,0,0.0000
371,5371.84,148.14,NaN,NaN,NaN
372,5169.26,630.69,NaN,NaN,NaN
373,5120.40,206.08,0,0,0.0000
374,5251.53,491.78,0,0,0.0000
375,5366.77,495.37,2,3,0.0000
376,5053.81,310.87,0,0,0.0000
377,5134.34,118.22,NaN,NaN,NaN
378,5260.22,91.49,0,0,0.0000
379,5172.57,412.84,0,0,0.0000
380,5135.41,478.57,NaN,NaN,NaN
381,5379.48,342.10,NaN,NaN,NaN
382,5245.85,197.01,NaN,NaN,NaN
383,5324.93,768.87,NaN,NaN,NaN
384,5157.24,746.70,0,0,0.0000
385,5407.65,763.71,0,0,0.0000
386,5354.28,653.73,0,0,0.0000
387,5039.47,239.08,0,0,0.0000
388,5370.13,576.70,0,0,0.0000
389,5372.90,252.17,NaN,NaN,NaN
390,5311.28,587.47,0,0,0.0000
391,5213.58,237.19,NaN,NaN,NaN
392,5309.41,309.18,0,0,0.0000
393,5225.68,744.63,0,0,0.0000
394,5345.71,833.46,NaN,NaN,NaN
395,5124.54,564.23,NaN,NaN,NaN
396,5103.75,639.04,0,0,0.0000
397,5188.79,545.94,NaN,NaN,NaN
398,5119.75,358.93,NaN,NaN,NaN
399,5067.62,166.70,NaN,NaN,NaN
400,5221.19,317.60,NaN,NaN,NaN
401,5411.13,432.85,NaN,NaN,NaN
402,5271.52,812.48,0,0,0.0000
403,5314.68,379.53,NaN,NaN,NaN
404,5397.81,699.54,NaN,NaN,NaN
405,5293.85,678.58,0,0,0.0000
406,5203.39,98.36,NaN,NaN,NaN
407,5276.69,166.43,NaN,NaN,NaN
408,5080.61,400.26,2,3,0.0000
409,5304.25,710.42,2,0,0.0000
410,5154.72,74.00,NaN,NaN,NaN
411,5133.46,292.10,2,4,2.0000
412,6197.53,575.58,NaN,NaN,NaN
413,5875.25,496.70,NaN,NaN,NaN
414,6113.24,793.04,3,3,0.0000
415,6092.72,628.21,2,4,2.0000
416,6010.78,590.19,NaN,NaN,NaN
417,6236.35,765.97,NaN,NaN,NaN
418,5924.35,837.10,NaN,NaN,NaN
419,6057.14,470.08,NaN,NaN,NaN
420,6035.92,208.48,2,7,3.5000
421,6236.20,459.10,NaN,NaN,NaN
422,5764.20,269.48,NaN,NaN,NaN
423,6160.71,138.12,0,0,0.0000
424,6103.97,325.93,0,0,0.0000
425,5824.83,728.52,NaN,NaN,NaN
426,5776.22,567.80,NaN,NaN,NaN
427,5793.17,436.17,NaN,NaN,NaN
428,5980.60,773.44,NaN,NaN,NaN
429,5960.08,198.87,NaN,NaN,NaN
430,6232.38,88.58,NaN,NaN,NaN
431,5778.80,348.10,3,7,2.3333
432,6258.16,321.52,0,0,0.0000
433,6181.45,670.73,NaN,NaN,NaN
434,5849.30,644.01,0,0,0.0000
435,5834.29,231.14,NaN,NaN,NaN
436,6201.93,249.42,NaN,NaN,NaN
437,5987.76,300.11,NaN,NaN,NaN
438,5926.20,563.49,0,0,0.0000
439,5838.45,47.53,0,0,0.0000
440,5869.23,105.68,0,0,0.0000
441,5940.12,378.48,0,0,0.0000
442,5723.31,632.27,NaN,NaN,NaN
443,5974.69,493.66,NaN,NaN,NaN
444,5903.14,28.97,0,0,0.0000
445,5972.01,97.23,0,0,0.0000
446,5788.63,837.79,0,0,0.0000
447,6079.27,143.58,0,0,0.0000
448,6162.91,395.05,NaN,NaN,NaN
449,6259.67,875.85,0,0,0.0000
450,6151.25,481.28,NaN,NaN,NaN
451,6236.98,179.76,2,5,2.5000
452,6167.38,845.63,NaN,NaN,NaN
453,5838.60,287.42,0,0,0.0000
454,6103.69,59.91,0,0,0.0000
455,6005.47,403.79,NaN,NaN,NaN
456,5822.00,180.10,NaN,NaN,NaN
457,6103.18,250.30,NaN,NaN,NaN
458,5715.72,63.90,2,2,0.0000
459,5879.62,826.38,NaN,NaN,NaN
460,5657.25,120.35,NaN,NaN,NaN
461,6190.25,733.04,NaN,NaN,NaN
462,5878.85,154.91,NaN,NaN,NaN
463,5739.48,418.59,NaN,NaN,NaN
464,5924.03,640.78,0,0,0.0000
465,6034.10,350.52,NaN,NaN,NaN
466,5858.51,891.74,NaN,NaN,NaN
467,5963.55,678.39,0,0,0.0000
468,6129.96,195.11,0,0,0.0000
469,6016.63,675.88,NaN,NaN,NaN
470,6019.67,91.04,0,0,0.0000
471,5754.34,48.53,0,0,0.0000
472,6981.25,840.01,NaN,NaN,NaN
473,6669.98,170.19,NaN,NaN,NaN
474,6544.28,217.13,NaN,NaN,NaN
475,6380.10,374.06,NaN,NaN,NaN
476,6592.76,755.78,NaN,NaN,NaN
477,6541.41,64.54,NaN,NaN,NaN
478,6898.65,80.37,0,0,0.0000
479,6373.97,607.46,NaN,NaN,NaN
480,6751.05,111.64,2,4,2.0000
481,6651.99,399.96,NaN,NaN,NaN
482,6521.44,404.39,NaN,NaN,NaN
483,6352.93,835.60,3,5,0.0000
484,6765.79,454.64,0,0,0.0000
485,6720.73,590.81,0,0,0.0000
486,6698.83,662.48,NaN,NaN,NaN
487,6963.17,646.89,NaN,NaN,NaN
488,6837.86,486.88,0,0,0.0000
489,6504.62,521.72,NaN,NaN,NaN
490,6828.44,715.88,NaN,NaN,NaN
491,6617.99,541.54,NaN,NaN,NaN
492,6615.63,878.04,NaN,NaN,NaN
493,6583.81,363.82,NaN,NaN,NaN
494,6979.35,353.07,0,0,0.0000
495,6832.91,337.06,NaN,NaN,NaN
496,6567.83,512.43,2,3,0.0000
497,6418.12,490.79,0,0,0.0000
498,6447.45,575.29,NaN,NaN,NaN
499,6402.17,77.11,0,0,0.0000
500,7037.29,380.37,NaN,NaN,NaN
501,6325.82,731.15,0,0,0.0000
502,6457.90,153.16,NaN,NaN,NaN
503,6288.44,248.02,NaN,NaN,NaN
504,7004.39,602.65,2,6,3.0000
505,6366.31,143.29,0,0,0.0000
506,6930.21,726.96,0,0,0.0000
507,7015.53,500.18,NaN,NaN,NaN
508,6645.06,271.03,NaN,NaN,NaN
509,6866.87,849.91,NaN,NaN,NaN
510,6939.69,224.79,4,2,0.0000
511,6474.67,852.01,0,0,0.0000
512,6925.44,388.90,2,2,0.0000
513,6911.50,288.13,NaN,NaN,NaN
514,6491.42,752.93,0,0,0.0000
515,6734.18,717.70,NaN,NaN,NaN
516,6695.43,779.13,0,0,0.0000
517,6860.87,668.64,NaN,NaN,NaN
518,6754.39,810.21,NaN,NaN,NaN
519,6482.58,289.42,NaN,NaN,NaN
520,6299.12,851.97,NaN,NaN,NaN
521,6288.09,552.10,0,0,0.0000
522,6774.58,311.02,NaN,NaN,NaN
523,6690.05,503.94,NaN,NaN,NaN
524,6969.57,170.96,2,5,2.5000
525,6931.08,550.00,NaN,NaN,NaN
526,6285.20,426.22,0,0,0.0000
527,6814.07,822.15,NaN,NaN,NaN
528,6687.78,60.03,0,0,0.0000
529,6293.10,635.84,NaN,NaN,NaN
530,6420.65,822.61,0,0,0.0000
531,6454.13,677.15,NaN,NaN,NaN
532,6312.99,102.88,2,3,0.0000
533,6865.21,250.93,2,2,0.0000
534,6355.68,514.70,0,0,0.0000
535,6726.35,346.12,2,1,0.0000
536,6609.27,682.23,0,0,0.0000
537,6431.04,244.37,0,0,0.0000
538,6884.43,606.13,3,6,2.0000
539,6825.49,197.38,NaN,NaN,NaN
540,7018.12,139.17,NaN,NaN,NaN
541,6995.01,708.09,0,0,0.0000
542,6876.70,195.37,NaN,NaN,NaN
543,6762.27,205.23,0,0,0.0000
544,7078.03,716.14,NaN,NaN,NaN
545,7040.47,235.47,0,0,0.0000
546,7144.21,813.10,0,0,0.0000
547,7080.58,597.72,NaN,NaN,NaN
548,7081.85,335.28,0,0,0.0000
549,7161.30,582.61,NaN,NaN,NaN
550,7153.51,662.30,2,4,2.0000
551,7069.26,516.68,NaN,NaN,NaN
552,7068.92,817.03,2,4,2.0000
553,7192.01,873.79,NaN,NaN,NaN
554,7111.90,886.48,0,0,0.0000
555,166.24,1494.35,2,5,2.5000
556,44.12,1561.81,2,4,2.0000
557,58.92,1119.94,0,0,0.0000
558,252.50,1435.85,3,4,0.0000
559,163.99,1257.93,NaN,NaN,NaN
560,42.56,1663.46,NaN,NaN,NaN
561,281.42,1543.72,NaN,NaN,NaN
562,195.22,1626.55,NaN,NaN,NaN
563,178.91,1183.51,NaN,NaN,NaN
564,267.51,1609.52,3,6,2.0000
565,166.94,1379.79,2,3,0.0000
566,73.27,1464.93,NaN,NaN,NaN
567,46.41,978.60,2,5,2.5000
568,378.11,959.24,NaN,NaN,NaN
569,386.05,1587.76,NaN,NaN,NaN
570,52.89,1385.23,NaN,NaN,NaN
571,88.40,1198.77,NaN,NaN,NaN
572,425.52,900.33,NaN,NaN,NaN
573,140.19,1061.17,NaN,NaN,NaN
574,80.08,1279.21,0,0,0.0000
575,442.81,1542.69,0,0,0.0000
576,331.88,1499.27,0,0,0.0000
577,304.65,1406.73,0,0,0.0000
578,118.25,1620.74,NaN,NaN,NaN
579,206.17,1327.51,NaN,NaN,NaN
580,79.63,1025.64,2,3,0.0000
581,484.56,1001.32,0,0,0.0000
582,493.41,955.05,3,4,0.0000
583,181.23,1115.71,0,0,0.0000
584,394.47,1513.43,NaN,NaN,NaN
585,476.30,1626.74,NaN,NaN,NaN
586,495.58,1597.17,0,0,0.0000
587,22.96,1340.39,NaN,NaN,NaN
588,261.54,1335.72,0,0,0.0000
589,1608.06,1285.02,NaN,NaN,NaN
590,1580.06,1069.40,NaN,NaN,NaN
591,1533.75,1473.40,NaN,NaN,NaN
592,1621.42,1426.04,NaN,NaN,NaN
593,1292.48,1148.23,0,0,0.0000
594,1411.52,968.27,0,0,0.0000
595,1273.76,946.00,NaN,NaN,NaN
596,1292.19,1434.97,2,5,2.5000
597,1573.14,1584.33,3,5,0.0000
598,1513.96,1128.70,NaN,NaN,NaN
599,1398.29,1206.33,0,0,0.0000
600,1326.50,1524.14,NaN,NaN,NaN
601,1435.38,1073.93,0,0,0.0000
602,1460.08,1165.76,NaN,NaN,NaN
603,1622.73,1154.23,3,9,3.0000
604,1411.02,1546.13,2,4,2.0000
605,1490.70,1609.13,NaN,NaN,NaN
606,1382.31,1083.03,0,0,0.0000
607,1132.05,967.08,NaN,NaN,NaN
608,1583.17,917.65,2,3,0.0000
609,1491.44,932.60,0,0,0.0000
610,1489.46,1006.30,0,0,0.0000
611,1507.01,1218.17,0,0,0.0000
612,1359.80,1661.49,NaN,NaN,NaN
613,1362.19,1477.24,NaN,NaN,NaN
614,1351.85,1124.76,0,0,0.0000
615,1372.23,1346.31,NaN,NaN,NaN
616,1316.88,1002.76,NaN,NaN,NaN
617,1422.84,1418.91,2,4,2.0000
618,1188.69,1004.61,0,0,0.0000
619,1500.68,1359.63,0,0,0.0000
620,1626.74,981.01,0,0,0.0000
621,1447.71,1591.86,NaN,NaN,NaN
622,1344.71,1389.94,NaN,NaN,NaN
623,1255.21,1002.09,0,0,0.0000
624,1439.61,919.32,0,0,0.0000
625,1526.42,956.26,0,0,0.0000
626,1497.95,1551.86,0,0,0.0000
627,1516.65,1297.44,2,3,0.0000
628,1564.32,1390.68,NaN,NaN,NaN
629,1178.46,930.39,0,0,0.0000
630,1466.18,1557.71,NaN,NaN,NaN
631,1384.36,1291.22,NaN,NaN,NaN
632,1475.58,1291.73,0,0,0.0000
633,1464.08,1369.26,0,0,0.0000
634,1497.46,1649.50,4,5,0.0000
635,1308.93,1283.16,0,0,0.0000
636,2209.32,1597.48,2,4,2.0000
637,2113.76,928.20,2,2,0.0000
638,1951.41,936.36,NaN,NaN,NaN
639,1742.42,1197.11,NaN,NaN,NaN
640,2071.42,1140.22,NaN,NaN,NaN
641,1914.15,1154.45,2,3,0.0000
642,1835.84,1140.86,NaN,NaN,NaN
643,1869.39,1609.74,NaN,NaN,NaN
644,1673.04,1623.83,NaN,NaN,NaN
645,1909.34,1425.17,3,7,2.3333
646,2102.35,1652.84,3,6,2.0000
647,2032.19,1026.04,NaN,NaN,NaN
648,2131.82,1407.62,NaN,NaN,NaN
649,1983.18,1126.22,NaN,NaN,NaN
650,1793.62,1041.92,0,0,0.0000
651,1940.98,1249.87,NaN,NaN,NaN
652,2192.68,1033.11,NaN,NaN,NaN
653,2070.84,1256.04,0,0,0.0000
654,1928.85,1547.04,2,2,0.0000
655,1690.47,1497.33,0,0,0.0000
656,1866.27,1488.81,NaN,NaN,NaN
657,2358.83,1624.93,NaN,NaN,NaN
658,2225.46,896.84,0,0,0.0000
659,1672.59,955.83,0,0,0.0000
660,2294.32,897.96,NaN,NaN,NaN
661,2217.70,1490.68,NaN,NaN,NaN
662,2252.38,960.86,0,0,0.0000
663,2019.41,1446.24,5,3,0.0000
664,2044.78,1545.34,NaN,NaN,NaN
665,2178.51,1099.52,NaN,NaN,NaN
666,2208.89,1232.64,2,3,0.0000
667,2332.40,1549.55,2,3,0.0000
668,2233.90,1149.81,0,0,0.0000
669,2107.95,1109.01,0,0,0.0000
670,1988.98,1588.86,NaN,NaN,NaN
671,1756.07,923.62,0,0,0.0000
672,1764.59,1108.92,NaN,NaN,NaN
673,2085.26,1501.56,NaN,NaN,NaN
674,1809.14,1529.30,NaN,NaN,NaN
675,1764.82,1460.66,0,0,0.0000
676,2269.25,1483.95,0,0,0.0000
677,2383.61,1577.13,0,0,0.0000
678,2365.64,1218.14,NaN,NaN,NaN
679,2354.86,1512.55,0,0,0.0000
680,1981.64,1490.22,NaN,NaN,NaN
681,2214.78,1407.12,0,0,0.0000
682,1883.13,992.26,NaN,NaN,NaN
683,2118.03,1019.74,NaN,NaN,NaN
684,2016.88,1251.35,NaN,NaN,NaN
685,1890.88,1040.24,0,0,0.0000
686,2421.39,1339.58,2,4,2.0000
687,2302.38,1403.82,0,0,0.0000
688,2378.27,900.39,NaN,NaN,NaN
689,1762.67,1628.91,NaN,NaN,NaN
690,1664.08,1196.22,0,0,0.0000
691,1717.41,1563.70,0,0,0.0000
692,2265.79,1305.20,0,0,0.0000
693,2484.04,1528.61,0,0,0.0000
694,2627.92,1171.36,3,4,0.0000
695,2749.15,1577.74,NaN,NaN,NaN
696,2640.70,1281.20,3,8,2.6667
697,2717.62,1116.99,NaN,NaN,NaN
698,2644.65,1371.02,NaN,NaN,NaN
699,2552.30,1118.02,NaN,NaN,NaN
700,2572.77,1289.01,2,2,0.0000
701,2819.48,964.73,0,0,0.0000
702,2634.34,1031.79,4,4,0.0000
703,3195.57,1039.89,2,8,4.0000
704,2775.50,1375.85,3,5,0.0000
705,2497.41,1183.16,0,0,0.0000
706,2752.46,1222.94,0,0,0.0000
707,2456.08,1650.55,NaN,NaN,NaN
708,2432.28,1113.11,0,0,0.0000
709,2553.42,1599.54,NaN,NaN,NaN
710,2710.80,1232.72,0,0,0.0000
711,2475.38,1303.41,3,7,2.3333
712,2728.48,1293.22,NaN,NaN,NaN
713,2521.94,1478.26,NaN,NaN,NaN
714,2574.29,1047.93,NaN,NaN,NaN
715,2762.99,1122.52,0,0,0.0000
716,2734.86,1008.37,3,7,2.3333
717,2483.11,1052.74,0,0,0.0000
718,2434.49,1480.79,0,0,0.0000
719,2820.69,1043.86,0,0,0.0000
720,2439.14,1564.67,NaN,NaN,NaN
721,2765.77,990.14,NaN,NaN,NaN
722,3168.06,1007.30,NaN,NaN,NaN
723,2785.09,1467.46,3,4,0.0000
724,2490.03,986.82,NaN,NaN,NaN
725,2521.37,1013.64,0,0,0.0000
726,2505.31,1103.56,0,0,0.0000
727,2748.59,1402.28,NaN,NaN,NaN
728,3903.63,1178.24,NaN,NaN,NaN
729,3585.07,1179.15,NaN,NaN,NaN
730,3967.15,1500.48,0,0,0.0000
731,3462.71,1265.42,2,2,0.0000
732,3275.80,1076.56,2,3,0.0000
733,3720.30,1124.48,0,0,0.0000
734,3745.17,983.67,2,1,0.0000
735,3340.40,969.40,NaN,NaN,NaN
736,3622.56,1419.58,0,0,0.0000
737,3483.53,1367.10,NaN,NaN,NaN
738,3806.61,1388.27,2,6,3.0000
739,3402.53,1354.31,2,4,2.0000
740,3856.36,1450.97,NaN,NaN,NaN
741,3424.59,917.64,0,0,0.0000
742,3621.19,958.63,NaN,NaN,NaN
743,3765.37,1527.90,0,0,0.0000
744,3791.58,1203.72,NaN,NaN,NaN
745,3935.94,1358.44,NaN,NaN,NaN
746,3853.77,1591.31,NaN,NaN,NaN
747,3483.23,1089.19,NaN,NaN,NaN
748,3653.28,1627.03,2,9,4.5000
749,3392.20,1122.31,3,6,2.0000
750,3444.69,1019.16,NaN,NaN,NaN
751,3716.43,1450.92,NaN,NaN,NaN
752,3857.18,944.92,0,0,0.0000
753,3726.08,1341.52,NaN,NaN,NaN
754,3679.08,1485.98,NaN,NaN,NaN
755,3939.24,1099.67,NaN,NaN,NaN
756,3654.63,1522.60,0,0,0.0000
757,3677.10,1353.26,2,4,2.0000
758,3229.62,920.28,NaN,NaN,NaN
759,3347.29,1088.23,0,0,0.0000
760,3307.97,1229.94,NaN,NaN,NaN
761,3339.07,1197.43,NaN,NaN,NaN
762,3752.09,1642.93,0,0,0.0000
763,3841.63,1038.03,0,0,0.0000
764,3242.77,1177.80,0,0,0.0000
765,3492.55,930.98,2,2,0.0000
766,3503.21,972.85,NaN,NaN,NaN
767,3446.69,1154.18,2,4,2.0000
768,3216.75,1107.22,NaN,NaN,NaN
769,3892.50,1549.86,NaN,NaN,NaN
770,3768.64,1073.92,0,0,0.0000
771,3586.18,1632.35,3,4,0.0000
772,3414.66,975.76,NaN,NaN,NaN
773,3452.19,1421.80,0,0,0.0000
774,3527.27,1061.97,0,0,0.0000
775,3936.14,988.26,0,0,0.0000
776,3275.15,990.09,0,0,0.0000
777,3745.50,1403.50,0,0,0.0000
778,3810.57,1488.80,NaN,NaN,NaN
779,4448.20,1507.40,0,0,0.0000
780,4193.37,1031.95,NaN,NaN,NaN
781,4085.65,1161.82,NaN,NaN,NaN
782,4307.46,1577.79,NaN,NaN,NaN
783,4504.90,1381.92,NaN,NaN,NaN
784,4056.59,1003.97,0,0,0.0000
785,4184.23,1624.05,NaN,NaN,NaN
786,4587.97,1571.38,3,5,0.0000
787,4388.22,1122.81,NaN,NaN,NaN
788,4172.62,1281.95,NaN,NaN,NaN
789,4274.30,1642.90,NaN,NaN,NaN
790,4179.18,1153.24,NaN,NaN,NaN
791,4402.12,1407.30,NaN,NaN,NaN
792,4420.33,1209.07,NaN,NaN,NaN
793,4637.89,1463.68,0,0,0.0000
794,4071.34,1461.24,NaN,NaN,NaN
795,4065.47,1528.05,NaN,NaN,NaN
796,4275.23,962.16,0,0,0.0000
797,4205.20,1411.71,0,0,0.0000
798,4451.77,1276.04,0,0,0.0000
799,4141.55,1547.98,NaN,NaN,NaN
800,4204.97,913.51,NaN,NaN,NaN
801,4627.46,1634.03,NaN,NaN,NaN
802,4130.15,939.10,0,0,0.0000
803,4049.17,919.86,NaN,NaN,NaN
804,4574.33,1483.59,0,0,0.0000
805,4323.70,1145.16,2,2,0.0000
806,4534.44,1611.37,3,5,0.0000
807,4282.48,1106.79,NaN,NaN,NaN
808,4134.87,1225.52,0,0,0.0000
809,4124.66,1416.53,NaN,NaN,NaN
810,4269.51,1245.70,NaN,NaN,NaN
811,4331.09,1254.06,NaN,NaN,NaN
812,4228.10,1115.21,NaN,NaN,NaN
813,4004.42,1279.02,0,0,0.0000
814,4291.94,1393.92,0,0,0.0000
815,4199.34,1497.55,3,4,0.0000
816,4334.86,1481.58,0,0,0.0000
817,4005.36,1064.45,NaN,NaN,NaN
818,4379.36,1283.00,3,4,0.0000
819,4464.73,1135.19,0,0,0.0000
820,4304.17,1304.41,0,0,0.0000
821,3983.60,959.36,NaN,NaN,NaN
822,3986.48,1114.26,0,0,0.0000
823,3994.50,1409.13,2,1,0.0000
824,5434.68,1485.00,NaN,NaN,NaN
825,5436.10,1350.74,NaN,NaN,NaN
826,5495.99,1562.06,NaN,NaN,NaN
827,5420.82,1593.61,2,4,2.0000
828,5332.35,1561.50,0,0,0.0000
829,5421.20,1229.83,2,1,0.0000
830,5365.44,1467.54,NaN,NaN,NaN
831,5417.58,1110.31,NaN,NaN,NaN
832,5483.03,1663.43,NaN,NaN,NaN
833,5400.63,1285.85,0,0,0.0000
834,5402.91,1173.25,0,0,0.0000
835,5498.22,1214.54,3,3,0.0000
836,4770.62,1655.39,NaN,NaN,NaN
837,4747.24,1576.45,NaN,NaN,NaN
838,5383.69,1397.50,0,0,0.0000
839,5349.54,1650.70,0,0,0.0000
840,5339.72,1099.72,0,0,0.0000
841,5495.91,1435.17,NaN,NaN,NaN
842,5353.70,1610.95,0,0,0.0000
843,5455.70,1159.44,0,0,0.0000
844,5705.00,1419.62,NaN,NaN,NaN
845,6205.37,992.59,2,4,2.0000
846,6059.47,1044.96,NaN,NaN,NaN
847,5630.95,1229.02,NaN,NaN,NaN
848,5954.09,1056.90,NaN,NaN,NaN
849,5732.00,1115.36,NaN,NaN,NaN
850,6143.49,1225.72,NaN,NaN,NaN
851,5516.25,1289.56,0,0,0.0000
852,5656.94,1603.60,0,0,0.0000
853,6140.22,1627.72,NaN,NaN,NaN
854,5864.74,987.47,2,3,0.0000
855,6142.86,1132.64,NaN,NaN,NaN
856,6102.92,1478.19,2,5,2.5000
857,5792.25,1592.25,0,0,0.0000
858,5900.64,1371.88,NaN,NaN,NaN
859,5878.13,1217.19,NaN,NaN,NaN
860,5965.40,1171.13,NaN,NaN,NaN
861,6127.23,1291.37,0,0,0.0000
862,5798.58,1232.59,2,2,0.0000
863,6171.75,918.06,NaN,NaN,NaN
864,5981.20,1576.63,0,0,0.0000
865,6081.65,1582.44,0,0,0.0000
866,6080.75,915.74,NaN,NaN,NaN
867,6034.07,1159.55,0,0,0.0000
868,6235.11,1155.02,2,6,3.0000
869,5877.84,1446.41,0,0,0.0000
870,5847.21,1317.36,NaN,NaN,NaN
871,6006.58,941.83,NaN,NaN,NaN
872,5867.95,1536.35,0,0,0.0000
873,5796.65,1511.17,0,0,0.0000
874,5588.94,1357.79,0,0,0.0000
875,6230.21,1519.88,NaN,NaN,NaN
876,6264.57,1648.79,NaN,NaN,NaN
877,5695.44,1661.21,NaN,NaN,NaN
878,5580.42,1546.54,0,0,0.0000
879,5578.30,1628.14,2,3,0.0000
880,5793.28,1150.80,0,0,0.0000
881,5528.02,1491.80,0,0,0.0000
882,5608.04,1293.64,NaN,NaN,NaN
883,5582.56,1470.89,3,8,2.6667
884,5803.69,1402.93,NaN,NaN,NaN
885,6027.79,1245.57,NaN,NaN,NaN
886,6257.52,1060.34,NaN,NaN,NaN
887,5581.85,1414.54,NaN,NaN,NaN
888,5863.58,1115.80,NaN,NaN,NaN
889,6244.96,1380.98,2,1,0.0000
890,5637.80,1383.81,NaN,NaN,NaN
891,5748.95,1190.12,2,2,0.0000
892,5783.93,1302.73,0,0,0.0000
893,6322.32,1435.11,NaN,NaN,NaN
894,6800.56,1162.17,0,0,0.0000
895,6918.05,975.04,NaN,NaN,NaN
896,6991.96,1137.21,NaN,NaN,NaN
897,6344.38,947.79,NaN,NaN,NaN
898,6529.66,924.84,0,0,0.0000
899,6607.70,1025.02,3,7,2.3333
900,6539.35,1084.63,NaN,NaN,NaN
901,6510.86,1327.22,3,5,0.0000
902,6343.05,1550.15,2,3,0.0000
903,6999.09,1428.23,2,3,0.0000
904,6421.44,1039.93,0,0,0.0000
905,6425.94,1537.02,NaN,NaN,NaN
906,6661.86,931.41,0,0,0.0000
907,6320.68,1149.54,NaN,NaN,NaN
908,6718.50,1045.44,0,0,0.0000
909,6541.64,1181.48,NaN,NaN,NaN
910,6642.59,1531.32,NaN,NaN,NaN
911,6285.36,1237.40,3,7,2.3333
912,6888.20,1342.08,NaN,NaN,NaN
913,6839.00,918.17,4,4,0.0000
914,6897.24,1112.18,NaN,NaN,NaN
915,6649.52,1148.27,NaN,NaN,NaN
916,6607.90,1463.43,NaN,NaN,NaN
917,6993.88,1593.10,0,0,0.0000
918,6419.61,1383.94,2,4,2.0000
919,6969.53,1267.69,NaN,NaN,NaN
920,6942.76,1389.35,0,0,0.0000
921,6757.88,924.11,2,8,4.0000
922,6693.01,1445.49,2,3,0.0000
923,6873.17,1412.15,NaN,NaN,NaN
924,6873.94,1238.94,0,0,0.0000
925,6443.84,1447.82,NaN,NaN,NaN
926,6970.50,1514.90,NaN,NaN,NaN
927,6355.79,1611.21,0,0,0.0000
928,6700.21,1176.26,3,3,0.0000
929,6489.19,1480.40,NaN,NaN,NaN
930,6798.86,1029.76,NaN,NaN,NaN
931,6815.97,1315.62,0,0,0.0000
932,6398.23,1302.87,2,5,2.5000
933,6521.35,1544.01,0,0,0.0000
934,6579.16,1548.36,2,6,3.0000
935,6884.35,1542.92,3,9,3.0000
936,6843.81,1455.63,0,0,0.0000
937,6430.89,1218.15,0,0,0.0000
938,6886.30,1288.77,0,0,0.0000
939,6331.30,1055.23,NaN,NaN,NaN
940,7039.73,1029.82,3,5,0.0000
941,6789.36,1451.27,NaN,NaN,NaN
942,6938.24,1197.18,0,0,0.0000
943,6510.75,1017.18,NaN,NaN,NaN
944,6475.43,1541.33,0,0,0.0000
945,6713.50,1512.66,NaN,NaN,NaN
946,6660.31,1087.47,2,4,2.0000
947,6393.87,1142.71,0,0,0.0000
948,6378.58,1212.07,NaN,NaN,NaN
949,6812.28,974.12,0,0,0.0000
950,6362.30,1089.81,0,0,0.0000
951,6872.90,1053.86,NaN,NaN,NaN
952,6337.05,1271.67,0,0,0.0000
953,7190.65,1088.30,NaN,NaN,NaN
954,7237.04,1437.20,2,2,0.0000
955,7089.83,1347.00,NaN,NaN,NaN
956,7091.48,1257.48,NaN,NaN,NaN
957,7070.23,1110.51,3,5,0.0000
958,7160.29,1487.74,NaN,NaN,NaN
959,7293.65,1618.26,0,0,0.0000
960,7216.96,973.60,2,2,0.0000
961,7202.46,1656.50,NaN,NaN,NaN
962,7182.68,1576.48,NaN,NaN,NaN
963,7088.84,1564.68,0,0,0.0000
964,7100.17,994.07,0,0,0.0000
965,7101.09,1656.75,0,0,0.0000
966,7262.59,1318.83,NaN,NaN,NaN
967,7057.60,1481.62,0,0,0.0000
968,7155.38,919.75,NaN,NaN,NaN
969,7204.98,1272.17,NaN,NaN,NaN
970,7043.83,936.21,0,0,0.0000
971,7044.12,1613.11,NaN,NaN,NaN
972,7114.42,937.59,0,0,0.0000
973,7172.85,1209.53,0,0,0.0000
974,7369.67,1622.34,NaN,NaN,NaN
975,7302.59,1198.82,NaN,NaN,NaN
976,7322.58,1074.60,0,0,0.0000
977,7461.11,1649.04,0,0,0.0000
978,7298.71,1373.90,2,4,2.0000
979,7379.54,1224.87,NaN,NaN,NaN
980,7381.56,1375.66,NaN,NaN,NaN
981,7418.30,1446.09,NaN,NaN,NaN
982,7344.12,1148.17,0,0,0.0000
983,7436.49,1544.59,0,0,0.0000
984,7296.34,1281.60,0,0,0.0000
985,7343.01,1246.18,NaN,NaN,NaN
986,7344.27,1389.92,NaN,NaN,NaN
987,450.28,1998.07,3,7,2.3333
988,611.41,2166.06,0,0,0.0000
989,90.68,1838.29,0,0,0.0000
990,387.44,2418.29,3,2,0.0000
991,398.21,1679.33,NaN,NaN,NaN
992,278.92,2108.58,0,0,0.0000
993,114.90,1738.25,2,2,0.0000
994,599.16,1809.53,NaN,NaN,NaN
995,550.71,1707.88,0,0,0.0000
996,268.26,1962.37,2,7,3.5000
997,375.37,2271.25,NaN,NaN,NaN
998,522.10,2190.33,NaN,NaN,NaN
999,683.05,2426.39,NaN,NaN,NaN
1000,179.42,1891.37,2,4,2.0000
1001,704.91,2086.87,0,0,0.0000
1002,731.99,2010.38,0,0,0.0000
1003,264.49,1803.05,NaN,NaN,NaN
1004,688.37,2313.59,NaN,NaN,NaN
1005,507.95,1843.68,2,1,0.0000
1006,818.81,2396.83,3,5,0.0000
1007,207.22,2312.38,NaN,NaN,NaN
1008,545.03,2295.64,0,0,0.0000
1009,357.22,1860.96,3,6,2.0000
1010,868.85,2302.11,NaN,NaN,NaN
1011,282.36,1696.95,NaN,NaN,NaN
1012,325.68,1920.22,3,4,0.0000
1013,439.18,2185.42,0,0,0.0000
1014,73.72,2021.60,NaN,NaN,NaN
1015,354.97,2062.66,NaN,NaN,NaN
1016,799.44,2186.23,NaN,NaN,NaN
1017,219.90,2231.54,2,9,4.5000
1018,733.10,2264.79,2,1,0.0000
1019,690.45,2190.27,0,0,0.0000
1020,667.29,1919.23,2,3,0.0000
1021,537.48,2097.24,2,4,2.0000
1022,350.05,1811.02,NaN,NaN,NaN
1023,230.86,2173.70,0,0,0.0000
1024,587.10,1910.98,NaN,NaN,NaN
1025,298.74,2248.16,3,4,0.0000
1026,248.25,1869.45,NaN,NaN,NaN
1027,440.19,2321.96,2,10,5.0000
1028,365.34,2177.51,0,0,0.0000
1029,491.87,2352.91,0,0,0.0000
1030,66.61,1924.49,2,4,2.0000
1031,263.61,2398.84,NaN,NaN,NaN
1032,166.76,1671.91,NaN,NaN,NaN
1033,145.59,2237.06,NaN,NaN,NaN
1034,144.41,2042.31,NaN,NaN,NaN
1035,629.46,1731.31,NaN,NaN,NaN
1036,720.31,1873.93,NaN,NaN,NaN
1037,354.66,1723.81,2,4,2.0000
1038,650.11,1855.79,0,0,0.0000
1039,388.76,1783.96,2,6,3.0000
1040,149.21,2160.66,NaN,NaN,NaN
1041,213.72,2010.74,0,0,0.0000
1042,198.53,2087.23,0,0,0.0000
1043,221.18,1713.54,NaN,NaN,NaN
1044,630.74,2033.94,0,0,0.0000
1045,874.05,2372.29,NaN,NaN,NaN
1046,190.56,1817.95,NaN,NaN,NaN
1047,513.29,1776.32,NaN,NaN,NaN
1048,203.87,1749.48,NaN,NaN,NaN
1049,477.07,1673.45,NaN,NaN,NaN
1050,27.70,1985.86,0,0,0.0000
1051,745.01,2185.60,0,0,0.0000
1052,590.93,1966.37,NaN,NaN,NaN
1053,598.79,2368.54,0,0,0.0000
1054,142.09,1963.85,0,0,0.0000
1055,149.09,2112.18,NaN,NaN,NaN
1056,33.56,1837.86,4,4,0.0000
1057,610.74,1684.92,NaN,NaN,NaN
1058,19.97,1879.63,NaN,NaN,NaN
1059,1447.46,1685.48,NaN,NaN,NaN
1060,1642.33,2044.36,NaN,NaN,NaN
1061,1628.73,1954.03,3,8,2.6667
1062,1557.49,1716.09,NaN,NaN,NaN
1063,1479.44,1753.13,0,0,0.0000
1064,1548.13,1844.64,0,0,0.0000
1065,1885.23,2048.57,2,2,0.0000
1066,1968.46,1809.32,0,0,0.0000
1067,1845.18,2221.27,0,0,0.0000
1068,2160.60,1753.66,NaN,NaN,NaN
1069,1689.88,1889.25,NaN,NaN,NaN
1070,2078.24,1981.49,NaN,NaN,NaN
1071,1844.43,1828.03,NaN,NaN,NaN
1072,1982.75,2405.02,0,0,0.0000
1073,2158.96,1994.89,2,4,2.0000
1074,1992.36,1697.51,0,0,0.0000
1075,1787.43,2074.27,NaN,NaN,NaN
1076,1821.56,1718.25,NaN,NaN,NaN
1077,2335.02,1665.68,0,0,0.0000
1078,2071.77,1799.89,NaN,NaN,NaN
1079,2365.37,2240.53,NaN,NaN,NaN
1080,1727.32,2134.72,2,5,2.5000
1081,2259.23,1989.48,NaN,NaN,NaN
1082,2036.67,1674.75,NaN,NaN,NaN
1083,1676.85,1786.58,NaN,NaN,NaN
1084,1781.36,2321.52,0,0,0.0000
1085,2413.46,1780.15,0,0,0.0000
1086,2253.64,2078.28,0,0,0.0000
1087,1884.86,1913.00,0,0,0.0000
1088,1928.44,1871.62,NaN,NaN,NaN
1089,1752.14,1918.18,NaN,NaN,NaN
1090,2321.91,1735.66,NaN,NaN,NaN
1091,2135.71,1845.88,NaN,NaN,NaN
1092,1742.74,2276.78,NaN,NaN,NaN
1093,1706.32,2269.07,NaN,NaN,NaN
1094,2182.10,1668.34,0,0,0.0000
1095,1947.01,1713.38,0,0,0.0000
1096,1867.98,1774.09,3,4,0.0000
1097,1740.28,1986.19,0,0,0.0000
1098,2104.29,2058.17,NaN,NaN,NaN
1099,2534.30,2314.95,2,5,2.5000
1100,2468.77,2244.77,0,0,0.0000
1101,2595.46,2236.09,NaN,NaN,NaN
1102,2564.94,2164.88,NaN,NaN,NaN
1103,2582.12,2043.86,0,0,0.0000
1104,2432.67,2153.51,2,1,0.0000
1105,2637.01,2139.45,0,0,0.0000
1106,2737.11,2128.66,2,2,0.0000
1107,2473.91,2390.18,NaN,NaN,NaN
1108,2748.59,2349.46,NaN,NaN,NaN
1109,2751.86,1957.48,0,0,0.0000
1110,2613.10,1972.27,0,0,0.0000
1111,2747.20,1871.48,0,0,0.0000
1112,2715.00,2416.23,NaN,NaN,NaN
1113,2879.13,2070.28,NaN,NaN,NaN
1114,2761.96,2259.70,2,3,0.0000
1115,2892.11,1940.38,NaN,NaN,NaN
1116,2830.97,2049.37,2,3,0.0000
1117,2861.35,1889.18,0,0,0.0000
1118,2674.17,1937.98,0,0,0.0000
1119,2780.25,2008.04,0,0,0.0000
1120,2757.45,2178.64,2,2,0.0000
1121,2935.28,1834.92,NaN,NaN,NaN
1122,2444.78,1701.80,0,0,0.0000
1123,3856.87,2101.89,0,0,0.0000
1124,3809.70,1763.93,0,0,0.0000
1125,3930.95,1937.65,0,0,0.0000
1126,3962.43,2321.44,NaN,NaN,NaN
1127,3643.59,1730.78,2,4,2.0000
1128,3910.48,2327.05,2,7,3.5000
1129,3715.68,1762.26,NaN,NaN,NaN
1130,3748.20,1690.86,NaN,NaN,NaN
1131,3835.86,2269.98,NaN,NaN,NaN
1132,3941.27,2016.62,0,0,0.0000
1133,3900.43,2202.18,NaN,NaN,NaN
1134,3854.84,1878.55,0,0,0.0000
1135,3940.96,1835.22,0,0,0.0000
1136,3724.64,1910.99,0,0,0.0000
1137,3880.88,1843.34,NaN,NaN,NaN
1138,3963.98,1793.16,NaN,NaN,NaN
1139,3902.41,1764.38,0,0,0.0000
1140,3855.22,2233.46,NaN,NaN,NaN
1141,3916.90,2248.15,NaN,NaN,NaN
1142,3949.31,2090.27,0,0,0.0000
1143,3897.17,1895.76,0,0,0.0000
1144,3695.41,1696.86,0,0,0.0000
1145,3844.53,1830.23,3,9,3.0000
1146,3992.75,1664.93,NaN,NaN,NaN
1147,4610.85,1942.74,3,6,2.0000
1148,4431.27,2088.83,NaN,NaN,NaN
1149,4414.73,2254.05,NaN,NaN,NaN
1150,4722.08,2227.50,NaN,NaN,NaN
1151,4663.31,1761.15,NaN,NaN,NaN
1152,4397.79,1888.37,NaN,NaN,NaN
1153,4537.91,2055.08,2,4,2.0000
1154,4597.04,2257.11,0,0,0.0000
1155,4241.02,1981.25,NaN,NaN,NaN
1156,4358.31,2420.77,0,0,0.0000
1157,4130.94,1766.21,NaN,NaN,NaN
1158,4398.93,1683.24,NaN,NaN,NaN
1159,4489.63,1944.40,2,1,0.0000
1160,4610.36,2122.63,2,2,0.0000
1161,4488.91,1850.96,NaN,NaN,NaN
1162,4475.79,2224.71,NaN,NaN,NaN
1163,4122.73,2043.86,NaN,NaN,NaN
1164,4318.36,1696.83,NaN,NaN,NaN
1165,4351.28,2290.45,2,2,0.0000
1166,4533.02,2367.74,0,0,0.0000
1167,4079.46,2246.85,NaN,NaN,NaN
1168,4539.59,2151.07,0,0,0.0000
1169,4150.46,2141.31,NaN,NaN,NaN
1170,4082.19,2333.19,3,4,0.0000
1171,4457.29,2352.25,NaN,NaN,NaN
1172,4245.14,1786.44,NaN,NaN,NaN
1173,4327.60,1779.03,NaN,NaN,NaN
1174,4327.58,1930.33,NaN,NaN,NaN
1175,4220.00,2057.70,NaN,NaN,NaN
1176,4049.39,1765.30,NaN,NaN,NaN
1177,4236.22,2383.75,NaN,NaN,NaN
1178,4067.77,2142.97,NaN,NaN,NaN
1179,4249.86,2138.73,2,2,0.0000
1180,4688.36,1857.91,3,4,0.0000
1181,4701.65,2372.94,0,0,0.0000
1182,4082.61,1924.35,2,4,2.0000
1183,4527.92,1725.63,NaN,NaN,NaN
1184,4084.34,2418.91,NaN,NaN,NaN
1185,4193.39,1920.38,NaN,NaN,NaN
1186,4354.13,2129.45,NaN,NaN,NaN
1187,4021.27,2371.53,2,5,2.5000
1188,4180.12,1820.21,0,0,0.0000
1189,4488.31,1672.30,0,0,0.0000
1190,4108.24,1667.93,NaN,NaN,NaN
1191,4460.62,2020.18,3,8,2.6667
1192,3999.41,1903.47,0,0,0.0000
1193,4013.53,2008.61,0,0,0.0000
1194,4143.18,2410.19,2,4,2.0000
1195,4147.36,1875.16,NaN,NaN,NaN
1196,4404.49,1975.65,NaN,NaN,NaN
1197,4156.00,2293.00,NaN,NaN,NaN
1198,4209.83,2183.44,0,0,0.0000
1199,4250.07,2294.44,0,0,0.0000
1200,3989.94,2268.83,2,2,0.0000
1201,4575.81,1810.75,NaN,NaN,NaN
1202,4112.59,1878.32,2,7,3.5000
1203,4323.99,2017.16,NaN,NaN,NaN
1204,4365.03,2203.49,0,0,0.0000
1205,4197.75,2309.37,NaN,NaN,NaN
1206,4025.57,1822.49,NaN,NaN,NaN
1207,3977.22,2120.73,NaN,NaN,NaN
1208,4663.96,2157.44,NaN,NaN,NaN
1209,4271.35,2335.60,NaN,NaN,NaN
1210,4284.39,1861.43,0,0,0.0000
1211,4455.98,1750.31,NaN,NaN,NaN
1212,4595.03,1741.78,3,5,0.0000
1213,4329.07,2343.08,NaN,NaN,NaN
1214,4697.58,2037.33,0,0,0.0000
1215,4522.28,1982.17,NaN,NaN,NaN
1216,4029.11,2205.96,0,0,0.0000
1217,4285.39,2262.47,0,0,0.0000
1218,4670.81,2299.22,0,0,0.0000
1219,4276.39,2215.95,0,0,0.0000
1220,4626.15,1849.42,0,0,0.0000
1221,4013.44,2118.62,NaN,NaN,NaN
1222,4064.00,2020.29,0,0,0.0000
1223,4650.29,2412.18,0,0,0.0000
1224,4256.72,1874.79,NaN,NaN,NaN
1225,4225.11,2228.67,0,0,0.0000
1226,4706.32,1982.12,4,8,2.0000
1227,4189.39,2413.93,NaN,NaN,NaN
1228,5407.79,1870.59,NaN,NaN,NaN
1229,5011.34,2276.97,3,7,2.3333
1230,5494.16,1777.44,NaN,NaN,NaN
1231,4816.90,1892.50,NaN,NaN,NaN
1232,4746.96,1913.00,NaN,NaN,NaN
1233,4859.27,2384.12,NaN,NaN,NaN
1234,4769.18,2313.61,NaN,NaN,NaN
1235,4991.57,2406.19,NaN,NaN,NaN
1236,4752.74,1777.62,0,0,0.0000
1237,4774.39,1726.89,0,0,0.0000
1238,4818.55,1703.48,0,0,0.0000
1239,5019.36,2331.05,NaN,NaN,NaN
1240,4755.05,2046.68,NaN,NaN,NaN
1241,4923.64,2192.46,0,0,0.0000
1242,5443.60,1722.51,NaN,NaN,NaN
1243,4984.36,2175.45,NaN,NaN,NaN
1244,5404.58,1683.78,0,0,0.0000
1245,4908.64,2424.84,NaN,NaN,NaN
1246,4843.76,2310.18,0,0,0.0000
1247,4928.74,2291.27,NaN,NaN,NaN
1248,5411.66,1779.69,2,2,0.0000
1249,4868.73,1851.67,NaN,NaN,NaN
1250,4865.49,2255.11,0,0,0.0000
1251,4941.83,2382.22,NaN,NaN,NaN
1252,4801.97,2357.71,NaN,NaN,NaN
1253,4819.83,1967.80,NaN,NaN,NaN
1254,4902.64,2339.23,NaN,NaN,NaN
1255,5886.36,1837.61,NaN,NaN,NaN
1256,6027.38,1844.35,0,0,0.0000
1257,5851.64,2379.48,NaN,NaN,NaN
1258,6101.18,2321.27,NaN,NaN,NaN
1259,5957.57,1784.62,NaN,NaN,NaN
1260,5513.16,1982.43,0,0,0.0000
1261,6203.27,2321.94,2,1,0.0000
1262,5816.20,2192.46,NaN,NaN,NaN
1263,6094.62,2223.89,NaN,NaN,NaN
1264,6134.01,1889.60,0,0,0.0000
1265,5937.27,2061.63,NaN,NaN,NaN
1266,5632.27,2054.23,NaN,NaN,NaN
1267,6117.32,2153.33,NaN,NaN,NaN
1268,5513.02,1877.46,NaN,NaN,NaN
1269,5581.85,2238.61,NaN,NaN,NaN
1270,5807.01,2027.41,0,0,0.0000
1271,6010.18,1668.00,0,0,0.0000
1272,5718.76,1970.44,2,4,2.0000
1273,5842.73,1936.65,2,3,0.0000
1274,5961.69,2325.47,2,3,0.0000
1275,5888.47,2253.60,0,0,0.0000
1276,5682.41,2232.64,NaN,NaN,NaN
1277,5770.25,2429.31,0,0,0.0000
1278,5654.71,2145.19,0,0,0.0000
1279,5712.35,2176.32,0,0,0.0000
1280,5945.51,2222.34,NaN,NaN,NaN
1281,5864.95,2075.15,NaN,NaN,NaN
1282,5615.87,1778.72,0,0,0.0000
1283,6077.27,2026.35,2,2,0.0000
1284,6065.91,2089.19,NaN,NaN,NaN
1285,5840.78,1687.80,NaN,NaN,NaN
1286,5764.68,2272.67,NaN,NaN,NaN
1287,6144.23,2074.32,0,0,0.0000
1288,5580.38,1974.02,0,0,0.0000
1289,5943.41,2378.42,0,0,0.0000
1290,5665.38,1822.82,NaN,NaN,NaN
1291,5588.17,1831.26,0,0,0.0000
1292,5684.83,2345.09,2,3,0.0000
1293,5963.72,2189.65,0,0,0.0000
1294,5758.07,1863.54,NaN,NaN,NaN
1295,6209.66,1845.33,0,0,0.0000
1296,5735.19,2114.58,0,0,0.0000
1297,5749.39,1740.91,NaN,NaN,NaN
1298,6214.70,2208.16,NaN,NaN,NaN
1299,5574.41,1901.69,0,0,0.0000
1300,5826.80,2116.60,NaN,NaN,NaN
1301,5649.90,1952.27,0,0,0.0000
1302,6089.37,2383.22,0,0,0.0000
1303,5592.40,2155.14,0,0,0.0000
1304,6203.85,1782.31,3,3,0.0000
1305,5643.36,2303.29,NaN,NaN,NaN
1306,5876.18,2162.98,0,0,0.0000
1307,5996.75,2047.52,0,0,0.0000
1308,5981.28,2136.99,NaN,NaN,NaN
1309,6121.92,2015.96,0,0,0.0000
1310,5751.06,1670.34,NaN,NaN,NaN
1311,5741.99,2338.82,0,0,0.0000
1312,6153.68,1960.95,0,0,0.0000
1313,5966.32,1978.16,0,0,0.0000
1314,6168.50,2409.44,NaN,NaN,NaN
1315,5527.20,2237.68,NaN,NaN,NaN
1316,5928.45,2134.02,0,0,0.0000
1317,5764.20,1949.56,0,0,0.0000
1318,5786.42,1678.33,2,3,0.0000
1319,6110.73,1814.76,NaN,NaN,NaN
1320,5530.64,1718.67,NaN,NaN,NaN
1321,6563.58,2415.83,NaN,NaN,NaN
1322,6710.86,2312.71,NaN,NaN,NaN
1323,6520.26,2344.88,NaN,NaN,NaN
1324,6359.50,2284.34,0,0,0.0000
1325,7022.87,1760.97,NaN,NaN,NaN
1326,6968.65,2342.77,NaN,NaN,NaN
1327,6614.55,2273.33,3,6,2.0000
1328,6365.91,2365.62,NaN,NaN,NaN
1329,6838.50,2253.45,NaN,NaN,NaN
1330,6990.78,2260.75,2,4,2.0000
1331,6915.69,2157.67,NaN,NaN,NaN
1332,6911.28,2261.13,NaN,NaN,NaN
1333,6674.02,2199.79,NaN,NaN,NaN
1334,6782.54,2277.12,0,0,0.0000
1335,7007.88,2115.54,0,0,0.0000
1336,6874.70,2323.60,0,0,0.0000
1337,6767.65,2179.18,0,0,0.0000
1338,6988.63,2419.95,NaN,NaN,NaN
1339,6840.68,2130.34,NaN,NaN,NaN
1340,6917.91,2066.39,NaN,NaN,NaN
1341,6877.88,2430.72,0,0,0.0000
1342,7029.68,1915.08,NaN,NaN,NaN
1343,6884.35,2375.17,0,0,0.0000
1344,6281.15,2404.63,0,0,0.0000
1345,6739.35,2376.13,NaN,NaN,NaN
1346,6816.80,2181.74,NaN,NaN,NaN
1347,6722.85,2222.42,NaN,NaN,NaN
1348,6400.05,1836.13,0,0,0.0000
1349,6699.69,2404.03,NaN,NaN,NaN
1350,6816.86,2377.49,0,0,0.0000
1351,6989.92,1827.71,NaN,NaN,NaN
1352,6696.88,2155.76,2,3,0.0000
1353,6642.41,2427.76,0,0,0.0000
1354,6923.42,2211.51,2,5,2.5000
1355,6287.75,2317.98,NaN,NaN,NaN
1356,7083.67,2033.24,0,0,0.0000
1357,7235.46,2291.91,NaN,NaN,NaN
1358,7207.63,1857.94,2,3,0.0000
1359,7070.72,2237.38,NaN,NaN,NaN
1360,7107.41,1906.46,NaN,NaN,NaN
1361,7151.07,2252.00,0,0,0.0000
1362,7287.80,1719.45,2,3,0.0000
1363,7239.48,1982.06,3,3,0.0000
1364,7286.35,2366.26,2,4,2.0000
1365,7074.71,1823.51,NaN,NaN,NaN
1366,7154.00,2094.79,0,0,0.0000
1367,7238.69,2083.00,NaN,NaN,NaN
1368,7044.05,1960.70,0,0,0.0000
1369,7241.49,2165.01,NaN,NaN,NaN
1370,7167.09,1978.25,0,0,0.0000
1371,7190.50,2043.77,NaN,NaN,NaN
1372,7054.82,2390.46,NaN,NaN,NaN
1373,7153.07,2321.23,0,0,0.0000
1374,7287.41,2111.94,3,4,0.0000
1375,7226.40,1745.26,0,0,0.0000
1376,7211.85,2394.51,NaN,NaN,NaN
1377,7204.40,1771.89,0,0,0.0000
1378,7072.08,2308.96,NaN,NaN,NaN
1379,7151.17,1780.99,NaN,NaN,NaN
1380,7133.03,2173.38,2,4,2.0000
1381,7067.93,2118.13,NaN,NaN,NaN
1382,7098.65,2336.17,NaN,NaN,NaN
1383,7099.07,2379.89,NaN,NaN,NaN
1384,7137.09,2368.85,NaN,NaN,NaN
1385,7048.35,1691.64,0,0,0.0000
1386,7651.09,2088.91,0,0,0.0000
1387,7369.17,2082.45,0,0,0.0000
1388,7575.22,1790.84,2,1,0.0000
1389,7589.68,1878.44,NaN,NaN,NaN
1390,7426.48,1868.95,0,0,0.0000
1391,7309.18,1841.27,0,0,0.0000
1392,7325.09,2255.94,3,4,0.0000
1393,7436.74,1997.36,0,0,0.0000
1394,7318.35,2175.24,2,3,0.0000
1395,7364.41,1985.44,NaN,NaN,NaN
1396,7639.63,2357.11,NaN,NaN,NaN
1397,7437.58,2332.21,NaN,NaN,NaN
1398,7466.53,2382.79,2,3,0.0000
1399,7604.50,2314.39,3,3,0.0000
1400,7679.90,2291.26,0,0,0.0000
1401,7413.17,2276.33,NaN,NaN,NaN
1402,7504.30,1953.15,0,0,0.0000
1403,7315.54,2057.05,NaN,NaN,NaN
1404,7453.12,2242.75,NaN,NaN,NaN
1405,7481.70,1763.12,0,0,0.0000
1406,7638.90,2235.84,NaN,NaN,NaN
1407,7344.01,1903.91,NaN,NaN,NaN
1408,7339.60,2323.15,0,0,0.0000
1409,7522.89,2402.95,0,0,0.0000
1410,7705.22,2376.92,0,0,0.0000
1411,7696.59,2232.94,0,0,0.0000
1412,7624.06,1984.57,NaN,NaN,NaN
1413,7392.26,2404.03,NaN,NaN,NaN
1414,7516.09,1887.55,NaN,NaN,NaN
1415,7611.45,2256.20,0,0,0.0000
1416,7546.78,2032.07,NaN,NaN,NaN
1417,7685.18,2186.83,0,0,0.0000
1418,7315.95,2399.25,NaN,NaN,NaN
1419,7363.25,2379.99,NaN,NaN,NaN
1420,7562.23,1978.53,0,0,0.0000
1421,7537.50,2073.82,0,0,0.0000
1422,7340.56,2424.02,NaN,NaN,NaN
1423,7639.00,1930.43,2,4,2.0000
1424,7372.93,1714.53,NaN,NaN,NaN
1425,482.88,2618.34,0,0,0.0000
1426,713.16,2725.55,2,1,0.0000
1427,710.14,2892.69,NaN,NaN,NaN
1428,747.56,3190.32,NaN,NaN,NaN
1429,589.42,2630.75,0,0,0.0000
1430,558.96,2449.96,NaN,NaN,NaN
1431,365.78,2708.92,0,0,0.0000
1432,780.33,2465.11,3,3,0.0000
1433,790.69,2740.27,4,5,0.0000
1434,606.98,2827.68,NaN,NaN,NaN
1435,472.36,2809.47,3,6,2.0000
1436,355.49,2557.89,NaN,NaN,NaN
1437,852.90,2646.02,2,4,2.0000
1438,840.98,2952.33,2,4,2.0000
1439,775.04,3146.47,NaN,NaN,NaN
1440,646.04,3010.62,2,5,2.5000
1441,515.86,2938.86,NaN,NaN,NaN
1442,877.63,2800.82,0,0,0.0000
1443,868.98,3035.97,NaN,NaN,NaN
1444,875.76,2544.32,NaN,NaN,NaN
1445,510.69,2760.45,0,0,0.0000
1446,258.98,2480.65,NaN,NaN,NaN
1447,844.67,3193.15,0,0,0.0000
1448,596.12,2731.40,NaN,NaN,NaN
1449,822.03,3089.79,NaN,NaN,NaN
1450,403.20,2535.68,4,6,0.0000
1451,493.24,2503.43,0,0,0.0000
1452,296.70,2627.00,NaN,NaN,NaN
1453,475.81,2897.12,0,0,0.0000
1454,801.06,2655.88,3,6,2.0000
1455,671.59,2941.07,0,0,0.0000
1456,626.90,2457.09,NaN,NaN,NaN
1457,557.99,3026.92,NaN,NaN,NaN
1458,575.39,2883.31,NaN,NaN,NaN
1459,750.97,3046.70,NaN,NaN,NaN
1460,302.32,2444.98,NaN,NaN,NaN
1461,674.82,2498.33,NaN,NaN,NaN
1462,590.06,2947.59,2,3,0.0000
1463,843.49,2560.00,0,0,0.0000
1464,564.05,2990.07,NaN,NaN,NaN
1465,513.60,2467.59,0,0,0.0000
1466,879.32,3146.90,0,0,0.0000
1467,207.78,2482.72,NaN,NaN,NaN
1468,422.85,2685.62,2,5,2.5000
1469,692.58,2629.79,0,0,0.0000
1470,922.80,2954.23,NaN,NaN,NaN
1471,1078.56,3022.26,NaN,NaN,NaN
1472,1048.97,2766.34,NaN,NaN,NaN
1473,954.95,2616.77,NaN,NaN,NaN
1474,1186.44,2456.82,NaN,NaN,NaN
1475,1108.85,2958.05,2,2,0.0000
1476,931.68,3070.90,3,6,2.0000
1477,946.92,2451.50,NaN,NaN,NaN
1478,1016.68,2837.08,NaN,NaN,NaN
1479,1070.89,2863.79,NaN,NaN,NaN
1480,973.52,2785.51,NaN,NaN,NaN
1481,1132.22,2890.93,0,0,0.0000
1482,917.98,2676.48,3,3,0.0000
1483,1009.00,2935.04,0,0,0.0000
1484,1276.85,2629.69,2,1,0.0000
1485,1156.67,2522.41,NaN,NaN,NaN
1486,1064.45,3137.27,0,0,0.0000
1487,1001.93,3106.00,NaN,NaN,NaN
1488,1023.41,3052.65,NaN,NaN,NaN
1489,956.58,2864.10,0,0,0.0000
1490,1111.05,3127.14,NaN,NaN,NaN
1491,1175.23,3072.55,NaN,NaN,NaN
1492,1153.81,3108.38,NaN,NaN,NaN
1493,1248.51,2666.94,0,0,0.0000
1494,916.01,2767.15,NaN,NaN,NaN
1495,1014.93,2699.82,NaN,NaN,NaN
1496,1176.57,3013.52,0,0,0.0000
1497,954.96,3133.69,0,0,0.0000
1498,1197.40,3074.11,0,0,0.0000
1499,987.23,2712.36,0,0,0.0000
1500,1148.42,3165.56,NaN,NaN,NaN
1501,2052.87,2436.78,NaN,NaN,NaN
1502,1873.21,2671.45,0,0,0.0000
1503,1974.30,2588.37,0,0,0.0000
1504,1890.09,2586.70,2,4,2.0000
1505,1811.52,2541.23,NaN,NaN,NaN
1506,1944.47,2759.33,NaN,NaN,NaN
1507,1896.44,2437.19,3,8,2.6667
1508,1928.70,2708.28,0,0,0.0000
1509,2407.57,2785.88,3,5,0.0000
1510,1927.70,2639.18,NaN,NaN,NaN
1511,1962.63,2806.87,NaN,NaN,NaN
1512,1776.91,2443.83,NaN,NaN,NaN
1513,1865.02,2536.68,2,3,0.0000
1514,1826.18,2486.28,0,0,0.0000
1515,1908.63,2516.91,0,0,0.0000
1516,1981.18,2472.23,NaN,NaN,NaN
1517,1944.63,2472.32,NaN,NaN,NaN
1518,2397.18,2637.21,0,0,0.0000
1519,2397.84,2743.29,NaN,NaN,NaN
1520,2381.31,2673.11,0,0,0.0000
1521,2416.64,2826.36,NaN,NaN,NaN
1522,2608.74,2479.39,5,3,0.0000
1523,2541.74,3011.60,3,6,2.0000
1524,2489.79,3096.43,NaN,NaN,NaN
1525,3091.14,2970.58,2,4,2.0000
1526,2551.45,2749.65,0,0,0.0000
1527,2988.91,3168.05,0,0,0.0000
1528,2628.71,2714.27,NaN,NaN,NaN
1529,2474.57,2709.70,0,0,0.0000
1530,2530.90,2675.90,NaN,NaN,NaN
1531,2452.04,3027.43,0,0,0.0000
1532,3041.41,2786.68,NaN,NaN,NaN
1533,2529.55,2801.84,NaN,NaN,NaN
1534,2464.59,2976.48,2,2,0.0000
1535,2506.04,2877.87,0,0,0.0000
1536,3000.47,2787.62,0,0,0.0000
1537,2992.05,3112.43,NaN,NaN,NaN
1538,3005.69,3054.94,2,3,0.0000
1539,2730.13,2499.61,NaN,NaN,NaN
1540,3040.77,3092.50,NaN,NaN,NaN
1541,2456.00,2773.53,NaN,NaN,NaN
1542,3096.69,2923.36,2,3,0.0000
1543,2479.87,2832.27,0,0,0.0000
1544,3077.31,3081.59,2,2,0.0000
1545,3843.13,3113.32,NaN,NaN,NaN
1546,3922.64,3197.92,NaN,NaN,NaN
1547,3836.16,3060.01,0,0,0.0000
1548,3919.98,3100.35,NaN,NaN,NaN
1549,4585.95,2992.69,2,8,4.0000
1550,4255.64,2752.37,NaN,NaN,NaN
1551,4358.08,2611.32,0,0,0.0000
1552,4283.81,2882.63,NaN,NaN,NaN
1553,4150.01,2548.08,0,0,0.0000
1554,4350.63,2927.25,NaN,NaN,NaN
1555,4538.71,2653.19,2,5,2.5000
1556,4393.70,2731.60,0,0,0.0000
1557,4229.13,2482.20,NaN,NaN,NaN
1558,4046.42,2483.12,2,4,2.0000
1559,4702.44,2904.39,0,0,0.0000
1560,4522.45,2913.14,NaN,NaN,NaN
1561,4470.75,3116.30,0,0,0.0000
1562,4599.18,2453.20,0,0,0.0000
1563,4145.14,3142.29,NaN,NaN,NaN
1564,4247.50,3125.52,NaN,NaN,NaN
1565,4347.37,3032.02,0,0,0.0000
1566,4403.99,2975.64,NaN,NaN,NaN
1567,4313.02,2493.46,0,0,0.0000
1568,4248.78,2662.06,NaN,NaN,NaN
1569,4456.30,2432.58,0,0,0.0000
1570,4160.12,3063.21,NaN,NaN,NaN
1571,4205.64,2594.24,0,0,0.0000
1572,4571.62,2811.67,3,2,0.0000
1573,4485.96,2822.92,0,0,0.0000
1574,4216.35,2816.41,NaN,NaN,NaN
1575,4519.89,3065.94,NaN,NaN,NaN
1576,4511.02,2740.53,2,2,0.0000
1577,4693.80,2437.70,NaN,NaN,NaN
1578,4254.80,2969.41,NaN,NaN,NaN
1579,4342.35,2806.91,NaN,NaN,NaN
1580,4081.81,3091.95,0,0,0.0000
1581,4629.49,2667.34,0,0,0.0000
1582,4536.84,2570.55,0,0,0.0000
1583,4157.25,2672.06,0,0,0.0000
1584,4092.35,3178.37,0,0,0.0000
1585,4094.79,2624.39,0,0,0.0000
1586,4357.23,3085.38,0,0,0.0000
1587,4222.63,3032.63,NaN,NaN,NaN
1588,4616.24,2843.95,0,0,0.0000
1589,4357.50,3159.80,NaN,NaN,NaN
1590,4641.55,3140.76,0,0,0.0000
1591,4580.62,3121.40,NaN,NaN,NaN
1592,4537.88,2442.96,0,0,0.0000
1593,4043.76,2563.56,NaN,NaN,NaN
1594,4601.92,3066.01,2,4,2.0000
1595,4467.83,2677.22,0,0,0.0000
1596,4672.82,3092.34,NaN,NaN,NaN
1597,4402.22,2508.53,0,0,0.0000
1598,4104.37,2853.41,NaN,NaN,NaN
1599,4611.99,2744.04,NaN,NaN,NaN
1600,4461.07,2532.08,3,5,0.0000
1601,4166.07,2843.71,0,0,0.0000
1602,4443.94,2884.28,0,0,0.0000
1603,4427.60,3175.70,NaN,NaN,NaN
1604,4158.55,2926.54,NaN,NaN,NaN
1605,4451.52,3060.60,0,0,0.0000
1606,4639.59,2521.86,NaN,NaN,NaN
1607,4703.44,2973.54,4,5,0.0000
1608,4681.77,2544.88,NaN,NaN,NaN
1609,4343.32,2708.70,0,0,0.0000
1610,4305.71,2575.65,0,0,0.0000
1611,4429.81,2647.27,0,0,0.0000
1612,4083.37,2568.83,0,0,0.0000
1613,4456.21,2932.19,NaN,NaN,NaN
1614,4702.96,3045.77,0,0,0.0000
1615,4511.91,3190.09,NaN,NaN,NaN
1616,4612.94,2566.74,0,0,0.0000
1617,4462.11,3010.17,2,2,0.0000
1618,4440.21,2735.63,0,0,0.0000
1619,4699.58,3150.32,NaN,NaN,NaN
1620,4848.50,3056.06,3,7,2.3333
1621,5472.99,2938.84,NaN,NaN,NaN
1622,5288.55,3094.00,NaN,NaN,NaN
1623,4845.51,2758.82,NaN,NaN,NaN
1624,4762.66,3174.56,0,0,0.0000
1625,4976.13,2901.51,NaN,NaN,NaN
1626,4872.71,2934.80,NaN,NaN,NaN
1627,5056.63,3029.92,NaN,NaN,NaN
1628,5417.72,2636.66,0,0,0.0000
1629,5169.09,2953.31,4,8,2.0000
1630,5097.91,2946.74,NaN,NaN,NaN
1631,4916.86,2988.97,NaN,NaN,NaN
1632,5434.48,3077.79,2,4,2.0000
1633,4875.08,3175.91,NaN,NaN,NaN
1634,5037.45,2799.25,NaN,NaN,NaN
1635,5160.69,3089.94,0,0,0.0000
1636,4861.86,2678.24,NaN,NaN,NaN
1637,4755.71,3007.73,NaN,NaN,NaN
1638,4952.62,2801.48,NaN,NaN,NaN
1639,4901.32,2835.93,NaN,NaN,NaN
1640,4934.65,3199.30,NaN,NaN,NaN
1641,5208.17,3013.00,NaN,NaN,NaN
1642,5484.03,2438.82,NaN,NaN,NaN
1643,4757.05,3070.36,3,5,0.0000
1644,4947.31,2542.60,2,2,0.0000
1645,5168.80,3153.42,NaN,NaN,NaN
1646,5382.87,3140.72,NaN,NaN,NaN
1647,5410.21,2918.04,NaN,NaN,NaN
1648,5457.95,2723.92,NaN,NaN,NaN
1649,5257.36,3199.16,NaN,NaN,NaN
1650,5423.76,2491.42,3,5,0.0000
1651,4851.60,2847.33,NaN,NaN,NaN
1652,4913.83,2611.99,3,4,0.0000
1653,4807.87,2931.18,0,0,0.0000
1654,4774.99,2473.03,NaN,NaN,NaN
1655,4742.79,3116.86,NaN,NaN,NaN
1656,4940.76,2483.36,NaN,NaN,NaN
1657,5105.85,3181.71,NaN,NaN,NaN
1658,4752.60,2792.73,NaN,NaN,NaN
1659,4808.93,2541.62,2,4,2.0000
1660,4928.83,3050.42,NaN,NaN,NaN
1661,4993.75,3080.19,0,0,0.0000
1662,5365.74,2556.30,NaN,NaN,NaN
1663,4755.12,2853.23,0,0,0.0000
1664,4790.42,2858.77,0,0,0.0000
1665,5280.49,3015.98,NaN,NaN,NaN
1666,4994.46,2536.04,NaN,NaN,NaN
1667,5022.56,2911.33,0,0,0.0000
1668,4931.23,3136.20,0,0,0.0000
1669,5361.08,2631.31,0,0,0.0000
1670,4995.83,2755.89,NaN,NaN,NaN
1671,5075.81,3089.80,0,0,0.0000
1672,4956.18,3088.78,2,3,0.0000
1673,4930.18,2870.59,0,0,0.0000
1674,4848.98,3138.17,NaN,NaN,NaN
1675,5414.02,2546.73,0,0,0.0000
1676,4997.97,2489.55,NaN,NaN,NaN
1677,5634.22,3043.21,0,0,0.0000
1678,6034.11,2674.89,0,0,0.0000
1679,5629.85,2876.72,NaN,NaN,NaN
1680,5939.06,2511.11,NaN,NaN,NaN
1681,6269.43,2571.98,0,0,0.0000
1682,6057.08,2571.31,NaN,NaN,NaN
1683,6252.74,2765.62,2,5,2.5000
1684,5565.16,2543.15,NaN,NaN,NaN
1685,5678.92,2543.79,2,4,2.0000
1686,5918.72,2773.56,NaN,NaN,NaN
1687,6040.35,2862.04,NaN,NaN,NaN
1688,6058.35,2433.52,NaN,NaN,NaN
1689,6203.02,2628.88,3,5,0.0000
1690,5984.16,2918.34,2,4,2.0000
1691,6152.77,2732.22,NaN,NaN,NaN
1692,5689.05,2668.47,NaN,NaN,NaN
1693,5813.32,2945.55,2,1,0.0000
1694,5755.02,2966.67,NaN,NaN,NaN
1695,5551.62,2744.22,0,0,0.0000
1696,5711.38,2811.69,2,2,0.0000
1697,6058.88,2501.20,NaN,NaN,NaN
1698,6139.97,2534.28,2,2,0.0000
1699,5509.33,2505.71,NaN,NaN,NaN
1700,5730.78,2508.87,NaN,NaN,NaN
1701,6127.40,2961.47,NaN,NaN,NaN
1702,6122.37,2840.78,2,5,2.5000
1703,6226.88,2867.93,2,2,0.0000
1704,6177.50,2855.24,NaN,NaN,NaN
1705,5842.46,2836.13,NaN,NaN,NaN
1706,6223.98,2971.32,0,0,0.0000
1707,5783.90,3051.13,NaN,NaN,NaN
1708,5812.50,2578.42,0,0,0.0000
1709,5883.99,2858.64,NaN,NaN,NaN
1710,5878.66,2716.83,NaN,NaN,NaN
1711,5602.90,2456.27,2,4,2.0000
1712,5539.70,2639.07,0,0,0.0000
1713,5708.03,2914.04,0,0,0.0000
1714,6130.00,2663.52,0,0,0.0000
1715,5822.15,2690.34,NaN,NaN,NaN
1716,5543.14,2903.72,NaN,NaN,NaN
1717,5900.04,2605.34,0,0,0.0000
1718,6163.50,2444.55,NaN,NaN,NaN
1719,5549.65,2819.01,0,0,0.0000
1720,5961.56,2979.68,NaN,NaN,NaN
1721,5702.73,2738.87,0,0,0.0000
1722,5867.36,2650.90,NaN,NaN,NaN
1723,6027.34,3001.30,NaN,NaN,NaN
1724,6004.09,2784.77,NaN,NaN,NaN
1725,5978.09,2676.88,0,0,0.0000
1726,6160.11,2994.02,NaN,NaN,NaN
1727,5822.06,2475.96,NaN,NaN,NaN
1728,5932.45,2857.51,0,0,0.0000
1729,5872.08,2484.78,0,0,0.0000
1730,6219.37,2499.42,0,0,0.0000
1731,5798.27,2781.99,0,0,0.0000
1732,6229.16,2449.08,0,0,0.0000
1733,5784.17,2736.81,NaN,NaN,NaN
1734,5546.72,3086.56,0,0,0.0000
1735,5763.40,2804.65,NaN,NaN,NaN
1736,5731.74,3028.49,NaN,NaN,NaN
1737,6254.62,2669.68,0,0,0.0000
1738,5633.39,2741.23,0,0,0.0000
1739,5610.44,2622.07,0,0,0.0000
1740,6031.79,2798.88,NaN,NaN,NaN
1741,5517.15,2694.83,0,0,0.0000
1742,5704.08,3122.37,NaN,NaN,NaN
1743,5751.53,2857.60,2,7,3.5000
1744,5745.03,2685.36,0,0,0.0000
1745,5702.93,3064.95,2,5,2.5000
1746,5676.11,2768.90,NaN,NaN,NaN
1747,5507.84,3004.93,NaN,NaN,NaN
1748,5975.67,2839.26,0,0,0.0000
1749,5780.42,2696.37,0,0,0.0000
1750,5629.82,2670.58,0,0,0.0000
1751,6896.90,3116.64,0,0,0.0000
1752,6575.67,2565.27,NaN,NaN,NaN
1753,6377.21,2659.30,2,6,3.0000
1754,6636.63,2664.98,2,7,3.5000
1755,6367.40,2535.38,NaN,NaN,NaN
1756,6778.45,2513.88,2,1,0.0000
1757,6419.27,2455.17,2,2,0.0000
1758,6854.92,2864.78,NaN,NaN,NaN
1759,6939.46,2769.87,NaN,NaN,NaN
1760,7023.75,2816.73,NaN,NaN,NaN
1761,6972.90,2479.36,NaN,NaN,NaN
1762,6656.59,2476.13,NaN,NaN,NaN
1763,6876.51,2984.25,NaN,NaN,NaN
1764,6696.68,2969.94,NaN,NaN,NaN
1765,6951.59,2607.46,0,0,0.0000
1766,6524.18,2711.81,NaN,NaN,NaN
1767,7019.26,2560.25,NaN,NaN,NaN
1768,6274.05,2912.95,NaN,NaN,NaN
1769,6685.24,2742.56,NaN,NaN,NaN
1770,6784.13,3010.41,6,11,0.0000
1771,6961.42,2986.81,NaN,NaN,NaN
1772,6932.30,2917.03,2,5,2.5000
1773,6948.46,2667.90,NaN,NaN,NaN
1774,6373.00,2916.01,NaN,NaN,NaN
1775,6314.70,2824.88,NaN,NaN,NaN
1776,6291.67,2985.43,NaN,NaN,NaN
1777,6459.86,2687.63,NaN,NaN,NaN
1778,6447.93,2880.92,3,8,2.6667
1779,6680.03,2529.90,NaN,NaN,NaN
1780,6329.23,2633.65,0,0,0.0000
1781,6864.15,3057.15,NaN,NaN,NaN
1782,6489.83,2541.93,3,8,2.6667
1783,6427.23,2946.96,2,2,0.0000
1784,7020.77,2989.23,NaN,NaN,NaN
1785,6887.01,2508.09,0,0,0.0000
1786,6964.51,2873.26,0,0,0.0000
1787,6775.06,2676.20,NaN,NaN,NaN
1788,6737.74,2803.13,0,0,0.0000
1789,6987.70,3054.89,NaN,NaN,NaN
1790,6589.42,2762.42,4,7,0.0000
1791,6595.63,2856.20,0,0,0.0000
1792,6504.23,2921.07,2,3,0.0000
1793,6468.65,2592.18,0,0,0.0000
1794,6707.30,2608.88,NaN,NaN,NaN
1795,6986.70,3110.75,0,0,0.0000
1796,6872.04,2776.89,0,0,0.0000
1797,6808.43,2438.47,0,0,0.0000
1798,6752.27,2438.91,NaN,NaN,NaN
1799,6276.62,2472.33,0,0,0.0000
1800,6845.29,3195.95,3,2,0.0000
1801,6368.87,2840.86,0,0,0.0000
1802,6873.76,2574.64,2,3,0.0000
1803,6509.42,2635.45,0,0,0.0000
1804,6939.89,2560.57,NaN,NaN,NaN
1805,7122.67,2461.48,NaN,NaN,NaN
1806,7040.19,2665.34,NaN,NaN,NaN
1807,7285.57,2534.36,NaN,NaN,NaN
1808,7224.14,2605.32,NaN,NaN,NaN
1809,7127.08,2598.76,3,5,0.0000
1810,7255.04,2878.38,NaN,NaN,NaN
1811,7222.60,2804.41,NaN,NaN,NaN
1812,7096.24,3089.16,3,3,0.0000
1813,7127.33,2823.35,2,2,0.0000
1814,7105.20,2759.68,2,5,2.5000
1815,7236.79,2733.00,0,0,0.0000
1816,7151.62,2709.65,NaN,NaN,NaN
1817,7277.89,2670.48,0,0,0.0000
1818,7277.03,2991.51,0,0,0.0000
1819,7209.57,2677.71,0,0,0.0000
1820,7218.39,3018.48,3,7,2.3333
1821,7055.92,2899.51,2,6,3.0000
1822,7147.53,2539.02,NaN,NaN,NaN
1823,7231.23,2503.92,2,7,3.5000
1824,7222.40,2942.73,0,0,0.0000
1825,7237.36,2443.68,NaN,NaN,NaN
1826,7072.99,2434.68,0,0,0.0000
1827,7157.17,2916.25,0,0,0.0000
1828,7546.42,2535.85,NaN,NaN,NaN
1829,7610.72,2435.23,0,0,0.0000
1830,7471.38,2467.02,0,0,0.0000
1831,7481.43,2742.01,2,7,3.5000
1832,7397.30,2559.07,NaN,NaN,NaN
1833,7350.64,2709.36,2,3,0.0000
1834,7698.63,2491.16,0,0,0.0000
1835,7340.11,2621.92,0,0,0.0000
1836,7433.17,2947.38,0,0,0.0000
1837,7334.96,2888.30,NaN,NaN,NaN
1838,7649.46,2567.19,0,0,0.0000
1839,7601.31,2637.12,0,0,0.0000
1840,7379.72,2898.00,3,4,0.0000
1841,7505.16,2809.71,NaN,NaN,NaN
1842,7319.14,2954.25,0,0,0.0000
1843,7304.48,2806.34,NaN,NaN,NaN
1844,7555.07,2811.16,0,0,0.0000
1845,7478.03,2658.38,2,3,0.0000
1846,7341.64,3162.44,0,0,0.0000
1847,7414.86,2843.34,0,0,0.0000
1848,7300.17,3055.36,0,0,0.0000
1849,7455.08,2543.85,0,0,0.0000
1850,7325.21,2762.35,0,0,0.0000
1851,7488.50,3033.15,NaN,NaN,NaN
1852,7333.57,2470.89,2,2,0.0000
1853,7594.36,2755.60,NaN,NaN,NaN
1854,7379.30,2479.28,0,0,0.0000
1855,7404.50,2762.79,0,0,0.0000
1856,7470.19,2518.60,0,0,0.0000
1857,891.06,3457.92,0,0,0.0000
1858,80.84,3846.54,2,3,0.0000
1859,839.79,3576.45,NaN,NaN,NaN
1860,886.54,3698.22,3,9,3.0000
1861,884.47,3337.81,NaN,NaN,NaN
1862,786.34,3516.44,NaN,NaN,NaN
1863,801.74,3334.32,NaN,NaN,NaN
1864,717.83,3257.17,NaN,NaN,NaN
1865,748.33,3345.16,0,0,0.0000
1866,760.91,3423.38,NaN,NaN,NaN
1867,27.22,3719.21,0,0,0.0000
1868,813.15,3468.87,0,0,0.0000
1869,57.06,3756.18,0,0,0.0000
1870,805.23,3428.05,NaN,NaN,NaN
1871,48.27,3930.48,NaN,NaN,NaN
1872,114.40,3845.84,NaN,NaN,NaN
1873,761.35,3257.45,0,0,0.0000
1874,1380.26,3918.50,2,3,0.0000
1875,972.38,3845.65,NaN,NaN,NaN
1876,1079.50,3753.21,2,1,0.0000
1877,1203.81,3703.63,2,3,0.0000
1878,996.89,3706.69,NaN,NaN,NaN
1879,1374.55,3775.30,2,4,2.0000
1880,1102.35,3549.72,NaN,NaN,NaN
1881,983.29,3344.60,NaN,NaN,NaN
1882,1200.31,3796.95,5,7,0.0000
1883,1275.73,3328.49,NaN,NaN,NaN
1884,1056.30,3966.40,2,6,3.0000
1885,930.52,3627.40,0,0,0.0000
1886,1123.48,3300.13,NaN,NaN,NaN
1887,1201.86,3477.62,2,6,3.0000
1888,897.67,3245.32,NaN,NaN,NaN
1889,1163.15,3923.25,2,5,2.5000
1890,1251.20,3380.71,4,5,0.0000
1891,1511.14,3916.94,2,3,0.0000
1892,1012.78,3434.77,4,8,2.0000
1893,1277.69,3625.32,0,0,0.0000
1894,1034.70,3554.92,NaN,NaN,NaN
1895,1026.67,3238.93,NaN,NaN,NaN
1896,1105.25,3374.33,0,0,0.0000
1897,1265.12,3696.21,NaN,NaN,NaN
1898,1213.94,3603.54,0,0,0.0000
1899,1122.02,3209.79,NaN,NaN,NaN
1900,1305.92,3596.85,0,0,0.0000
1901,1225.32,3423.26,NaN,NaN,NaN
1902,920.74,3908.14,NaN,NaN,NaN
1903,958.57,3488.09,NaN,NaN,NaN
1904,1094.56,3898.56,0,0,0.0000
1905,1070.54,3628.09,2,3,0.0000
1906,1390.17,3709.01,NaN,NaN,NaN
1907,936.98,3277.70,0,0,0.0000
1908,1088.67,3422.41,0,0,0.0000
1909,1192.39,3243.54,NaN,NaN,NaN
1910,1333.90,3553.42,NaN,NaN,NaN
1911,1152.14,3768.95,0,0,0.0000
1912,1515.98,3850.53,0,0,0.0000
1913,1117.68,3672.41,NaN,NaN,NaN
1914,1037.67,3869.42,0,0,0.0000
1915,2771.68,3750.34,2,6,3.0000
1916,3017.44,3675.91,2,4,2.0000
1917,2887.06,3893.93,3,8,2.6667
1918,2817.04,3833.87,0,0,0.0000
1919,2978.11,3592.06,3,3,0.0000
1920,3190.99,3277.71,0,0,0.0000
1921,2851.28,3726.24,2,3,0.0000
1922,2791.81,3590.26,NaN,NaN,NaN
1923,2795.08,3486.53,0,0,0.0000
1924,2759.55,3638.15,NaN,NaN,NaN
1925,2751.65,3524.96,0,0,0.0000
1926,2711.39,3590.29,NaN,NaN,NaN
1927,2903.64,3775.27,NaN,NaN,NaN
1928,2597.61,3900.14,NaN,NaN,NaN
1929,2967.92,3920.66,0,0,0.0000
1930,2833.33,3538.07,0,0,0.0000
1931,2877.82,3517.00,0,0,0.0000
1932,2696.30,3820.44,2,3,0.0000
1933,2784.96,3542.27,NaN,NaN,NaN
1934,2937.58,3903.18,0,0,0.0000
1935,2741.43,3314.97,0,0,0.0000
1936,2638.55,3684.64,NaN,NaN,NaN
1937,2680.73,3962.08,NaN,NaN,NaN
1938,2916.67,3715.45,NaN,NaN,NaN
1939,2936.21,3526.32,0,0,0.0000
1940,2942.30,3691.44,NaN,NaN,NaN
1941,2946.71,3647.48,NaN,NaN,NaN
1942,2830.91,3662.21,0,0,0.0000
1943,2684.40,3695.12,NaN,NaN,NaN
1944,2685.93,3523.71,0,0,0.0000
1945,2596.16,3960.67,0,0,0.0000
1946,2669.68,3605.32,2,3,0.0000
1947,2720.58,3710.56,NaN,NaN,NaN
1948,2853.41,3625.55,0,0,0.0000
1949,2940.54,3962.88,0,0,0.0000
1950,2912.06,3614.04,NaN,NaN,NaN
1951,2690.21,3776.13,0,0,0.0000
1952,2659.29,3657.50,NaN,NaN,NaN
1953,2705.76,3664.56,NaN,NaN,NaN
1954,2876.79,3834.57,NaN,NaN,NaN
1955,3029.48,3594.06,0,0,0.0000
1956,3301.34,3245.32,0,0,0.0000
1957,3930.21,3281.96,0,0,0.0000
1958,3381.33,3330.59,3,7,2.3333
1959,3925.79,3381.86,NaN,NaN,NaN
1960,3455.99,3204.08,0,0,0.0000
1961,3451.17,3394.61,NaN,NaN,NaN
1962,3458.19,3287.57,NaN,NaN,NaN
1963,3330.60,3354.91,0,0,0.0000
1964,3397.38,3821.71,2,3,0.0000
1965,3372.55,3717.76,0,0,0.0000
1966,3412.58,3757.08,NaN,NaN,NaN
1967,3328.45,3409.25,NaN,NaN,NaN
1968,3440.79,3746.74,NaN,NaN,NaN
1969,4559.16,3681.40,NaN,NaN,NaN
1970,4484.01,3551.95,2,2,0.0000
1971,4112.88,3389.76,NaN,NaN,NaN
1972,4409.41,3848.50,0,0,0.0000
1973,4655.69,3398.87,0,0,0.0000
1974,4278.85,3308.75,3,7,2.3333
1975,4316.91,3665.83,NaN,NaN,NaN
1976,4179.05,3614.07,NaN,NaN,NaN
1977,4262.60,3872.09,NaN,NaN,NaN
1978,4543.45,3798.81,NaN,NaN,NaN
1979,4127.93,3263.32,NaN,NaN,NaN
1980,4731.91,3958.46,NaN,NaN,NaN
1981,4267.26,3517.14,NaN,NaN,NaN
1982,3986.47,3327.36,NaN,NaN,NaN
1983,4721.10,3663.65,NaN,NaN,NaN
1984,4137.36,3543.67,NaN,NaN,NaN
1985,4381.61,3939.17,0,0,0.0000
1986,4277.32,3780.88,NaN,NaN,NaN
1987,4661.50,3741.46,NaN,NaN,NaN
1988,4357.72,3758.97,2,4,2.0000
1989,4350.67,3305.48,NaN,NaN,NaN
1990,4208.10,3477.35,NaN,NaN,NaN
1991,4189.73,3399.78,NaN,NaN,NaN
1992,4444.40,3384.77,NaN,NaN,NaN
1993,4554.72,3445.27,NaN,NaN,NaN
1994,4332.15,3584.96,NaN,NaN,NaN
1995,4579.18,3221.44,NaN,NaN,NaN
1996,4400.98,3441.62,0,0,0.0000
1997,4460.51,3224.51,NaN,NaN,NaN
1998,4637.38,3544.40,NaN,NaN,NaN
1999,4561.01,3583.16,NaN,NaN,NaN
2000,3987.97,3441.46,0,0,0.0000
2001,4224.28,3707.65,0,0,0.0000
2002,4240.13,3922.23,NaN,NaN,NaN
2003,4207.30,3961.85,NaN,NaN,NaN
2004,4553.98,3963.83,NaN,NaN,NaN
2005,4356.84,3219.95,NaN,NaN,NaN
2006,4615.19,3330.30,NaN,NaN,NaN
2007,4316.36,3432.26,NaN,NaN,NaN
2008,4369.87,3502.54,NaN,NaN,NaN
2009,4621.66,3887.00,0,0,0.0000
2010,4038.34,3240.58,2,2,0.0000
2011,4444.00,3309.77,NaN,NaN,NaN
2012,4181.26,3742.86,0,0,0.0000
2013,4496.69,3320.25,NaN,NaN,NaN
2014,4461.25,3962.00,NaN,NaN,NaN
2015,4047.92,3399.92,2,8,4.0000
2016,4325.17,3870.91,NaN,NaN,NaN
2017,3974.49,3226.66,0,0,0.0000
2018,4518.08,3235.68,NaN,NaN,NaN
2019,4205.75,3308.70,0,0,0.0000
2020,4268.82,3588.14,0,0,0.0000
2021,4660.56,3207.83,0,0,0.0000
2022,4452.01,3484.81,NaN,NaN,NaN
2023,4426.74,3716.43,NaN,NaN,NaN
2024,4540.72,3292.02,0,0,0.0000
2025,4530.81,3900.01,NaN,NaN,NaN
2026,4522.95,3387.98,2,3,0.0000
2027,4389.47,3546.52,NaN,NaN,NaN
2028,4648.96,3261.50,NaN,NaN,NaN
2029,4317.19,3373.55,NaN,NaN,NaN
2030,4541.52,3860.80,NaN,NaN,NaN
2031,4138.92,3787.71,NaN,NaN,NaN
2032,4418.00,3261.55,2,8,4.0000
2033,4192.80,3210.09,2,8,4.0000
2034,4703.85,3331.95,0,0,0.0000
2035,4508.81,3359.49,NaN,NaN,NaN
2036,4991.28,3358.64,NaN,NaN,NaN
2037,5219.31,3530.23,2,2,0.0000
2038,4749.23,3560.91,NaN,NaN,NaN
2039,5167.69,3904.92,3,3,0.0000
2040,4765.62,3847.14,2,5,2.5000
2041,4982.02,3657.99,NaN,NaN,NaN
2042,4838.66,3916.06,2,3,0.0000
2043,4767.60,3306.47,NaN,NaN,NaN
2044,5053.48,3609.35,NaN,NaN,NaN
2045,4856.92,3524.66,NaN,NaN,NaN
2046,5067.00,3528.15,2,4,2.0000
2047,5115.67,3413.82,2,2,0.0000
2048,5000.99,3211.96,0,0,0.0000
2049,4737.62,3462.00,NaN,NaN,NaN
2050,4832.39,3423.58,NaN,NaN,NaN
2051,5039.59,3459.60,4,9,2.2500
2052,4767.85,3391.47,0,0,0.0000
2053,5279.31,3303.94,2,4,2.0000
2054,4925.58,3552.13,NaN,NaN,NaN
2055,5281.85,3789.83,NaN,NaN,NaN
2056,4832.57,3289.50,NaN,NaN,NaN
2057,5214.49,3252.42,5,8,0.0000
2058,4946.80,3735.10,0,0,0.0000
2059,4883.46,3753.78,2,5,2.5000
2060,4820.72,3208.06,2,2,0.0000
2061,4865.76,3609.57,2,6,3.0000
2062,5281.38,3671.59,2,3,0.0000
2063,5068.99,3892.64,NaN,NaN,NaN
2064,4991.75,3840.55,0,0,0.0000
2065,5177.88,3312.47,0,0,0.0000
2066,5328.55,3605.71,NaN,NaN,NaN
2067,5033.40,3778.11,0,0,0.0000
2068,5193.50,3772.94,3,4,0.0000
2069,5198.62,3636.46,NaN,NaN,NaN
2070,5238.62,3867.42,NaN,NaN,NaN
2071,5141.53,3685.46,3,4,0.0000
2072,5218.11,3705.35,NaN,NaN,NaN
2073,4812.11,3683.14,NaN,NaN,NaN
2074,5124.76,3515.81,NaN,NaN,NaN
2075,5354.48,3672.93,0,0,0.0000
2076,4932.48,3264.03,NaN,NaN,NaN
2077,5350.78,3849.03,0,0,0.0000
2078,5332.27,3747.94,0,0,0.0000
2079,4872.78,3338.86,0,0,0.0000
2080,5255.49,3746.53,NaN,NaN,NaN
2081,5199.72,3409.94,3,3,0.0000
2082,5266.11,3398.25,NaN,NaN,NaN
2083,5160.79,3241.43,0,0,0.0000
2084,5115.39,3275.63,0,0,0.0000
2085,5390.01,3596.17,NaN,NaN,NaN
2086,5248.79,3916.07,NaN,NaN,NaN
2087,4969.93,3497.74,2,5,2.5000
2088,5082.59,3221.33,0,0,0.0000
2089,5215.09,3463.24,NaN,NaN,NaN
2090,4871.78,3242.31,2,8,4.0000
2091,4912.29,3637.11,NaN,NaN,NaN
2092,4859.20,3708.57,NaN,NaN,NaN
2093,5168.95,3711.29,NaN,NaN,NaN
2094,4931.99,3965.70,0,0,0.0000
2095,4916.53,3489.66,NaN,NaN,NaN
2096,5013.43,3928.00,NaN,NaN,NaN
2097,5209.08,3822.21,0,0,0.0000
2098,5057.48,3825.63,NaN,NaN,NaN
2099,5565.13,3456.97,0,0,0.0000
2100,162.80,4381.74,0,0,0.0000
2101,238.58,4569.10,2,3,0.0000
2102,349.63,4521.17,2,6,3.0000
2103,393.86,4719.91,NaN,NaN,NaN
2104,71.14,4206.87,2,3,0.0000
2105,165.54,4502.46,3,5,0.0000
2106,151.91,4228.96,NaN,NaN,NaN
2107,202.94,4633.63,NaN,NaN,NaN
2108,208.50,4194.29,NaN,NaN,NaN
2109,293.62,4529.68,NaN,NaN,NaN
2110,49.79,4293.66,NaN,NaN,NaN
2111,226.17,4480.37,0,0,0.0000
2112,110.55,4157.55,2,6,3.0000
2113,66.21,4370.29,0,0,0.0000
2114,292.58,4459.43,2,4,2.0000
2115,125.07,4112.81,0,0,0.0000
2116,287.21,4705.13,NaN,NaN,NaN
2117,187.87,4142.26,2,4,2.0000
2118,127.66,4578.43,0,0,0.0000
2119,44.54,4107.68,0,0,0.0000
2120,68.15,4526.74,NaN,NaN,NaN
2121,252.02,4649.75,NaN,NaN,NaN
2122,137.06,4643.97,NaN,NaN,NaN
2123,249.22,4413.53,NaN,NaN,NaN
2124,339.86,4670.81,0,0,0.0000
2125,65.60,4571.37,NaN,NaN,NaN
2126,239.81,4317.36,3,3,0.0000
2127,74.55,4669.89,NaN,NaN,NaN
2128,112.91,4687.38,NaN,NaN,NaN
2129,63.29,4015.59,NaN,NaN,NaN
2130,254.44,4260.29,NaN,NaN,NaN
2131,1197.14,4145.58,NaN,NaN,NaN
2132,1583.17,4602.16,NaN,NaN,NaN
2133,1632.28,4479.97,NaN,NaN,NaN
2134,1503.50,4370.38,NaN,NaN,NaN
2135,1422.45,4599.57,NaN,NaN,NaN
2136,1119.51,4452.07,NaN,NaN,NaN
2137,957.70,4040.82,NaN,NaN,NaN
2138,1276.38,3969.26,NaN,NaN,NaN
2139,1260.88,4069.29,NaN,NaN,NaN
2140,1462.41,4487.77,2,4,2.0000
2141,1051.79,4304.69,NaN,NaN,NaN
2142,1394.19,4053.95,NaN,NaN,NaN
2143,997.12,4190.55,2,3,0.0000
2144,1053.40,4059.42,NaN,NaN,NaN
2145,1246.71,4403.46,3,6,2.0000
2146,1112.31,4136.19,NaN,NaN,NaN
2147,1312.42,4187.32,0,0,0.0000
2148,1107.05,4241.73,0,0,0.0000
2149,1289.14,4704.39,2,7,3.5000
2150,1195.83,4649.74,NaN,NaN,NaN
2151,1259.07,4623.90,4,6,0.0000
2152,1485.92,4114.15,NaN,NaN,NaN
2153,1227.95,4551.59,0,0,0.0000
2154,1263.34,4191.76,0,0,0.0000
2155,1030.30,4375.59,0,0,0.0000
2156,1574.04,4343.52,NaN,NaN,NaN
2157,1348.29,4462.14,NaN,NaN,NaN
2158,1439.68,4175.71,NaN,NaN,NaN
2159,1127.07,4339.13,0,0,0.0000
2160,1383.67,4342.34,NaN,NaN,NaN
2161,1202.27,4470.45,0,0,0.0000
2162,1504.25,4015.01,0,0,0.0000
2163,1423.09,4346.54,NaN,NaN,NaN
2164,1314.87,4548.36,0,0,0.0000
2165,1367.45,4562.31,2,4,2.0000
2166,1524.15,4707.10,NaN,NaN,NaN
2167,1630.95,4256.51,NaN,NaN,NaN
2168,1107.61,4559.30,0,0,0.0000
2169,1179.67,4345.29,NaN,NaN,NaN
2170,1317.25,4627.09,NaN,NaN,NaN
2171,914.52,4068.86,NaN,NaN,NaN
2172,1056.42,4198.38,2,4,2.0000
2173,1527.56,4246.10,0,0,0.0000
2174,1341.50,4360.67,NaN,NaN,NaN
2175,1239.39,4310.60,NaN,NaN,NaN
2176,1634.47,4732.57,3,3,0.0000
2177,1491.20,4622.40,2,7,3.5000
2178,990.07,4306.41,NaN,NaN,NaN
2179,1573.25,4724.50,0,0,0.0000
2180,1400.42,4681.23,NaN,NaN,NaN
2181,1050.72,4672.35,NaN,NaN,NaN
2182,1273.09,4486.23,0,0,0.0000
2183,1329.10,4404.70,NaN,NaN,NaN
2184,1166.82,4576.20,NaN,NaN,NaN
2185,1505.16,4466.47,0,0,0.0000
2186,1066.16,4593.33,NaN,NaN,NaN
2187,1471.56,4221.46,NaN,NaN,NaN
2188,1368.01,4184.63,0,0,0.0000
2189,1406.58,4170.21,0,0,0.0000
2190,1032.72,4126.51,NaN,NaN,NaN
2191,1293.97,4308.50,0,0,0.0000
2192,1370.19,4251.10,0,0,0.0000
2193,1144.08,4695.94,NaN,NaN,NaN
2194,1415.68,4269.38,0,0,0.0000
2195,1452.56,4031.28,0,0,0.0000
2196,1138.80,4624.90,NaN,NaN,NaN
2197,1149.49,4194.22,0,0,0.0000
2198,927.30,4145.67,3,6,2.0000
2199,1371.21,4106.27,0,0,0.0000
2200,1340.45,4277.17,0,0,0.0000
2201,1653.34,4321.39,NaN,NaN,NaN
2202,1580.13,4237.58,0,0,0.0000
2203,1184.86,4522.79,0,0,0.0000
2204,1744.89,4438.73,NaN,NaN,NaN
2205,1714.10,4727.83,NaN,NaN,NaN
2206,1718.49,4495.21,NaN,NaN,NaN
2207,1684.74,4666.79,NaN,NaN,NaN
2208,1762.91,4539.01,2,3,0.0000
2209,1752.76,4725.22,0,0,0.0000
2210,2835.11,4260.62,NaN,NaN,NaN
2211,2987.43,4409.14,0,0,0.0000
2212,2745.69,4120.94,NaN,NaN,NaN
2213,2837.35,4356.52,NaN,NaN,NaN
2214,3122.86,4344.13,NaN,NaN,NaN
2215,3195.38,4579.23,2,8,4.0000
2216,2797.27,4094.58,0,0,0.0000
2217,2750.29,4221.99,2,2,0.0000
2218,3115.05,4123.54,0,0,0.0000
2219,3023.55,4190.45,NaN,NaN,NaN
2220,2929.99,4295.62,NaN,NaN,NaN
2221,2849.15,3984.87,3,5,0.0000
2222,3047.56,4235.94,NaN,NaN,NaN
2223,2953.36,4083.22,0,0,0.0000
2224,2958.41,4150.19,2,2,0.0000
2225,3034.19,4088.05,NaN,NaN,NaN
2226,2719.79,4054.64,0,0,0.0000
2227,3104.16,4644.15,NaN,NaN,NaN
2228,3183.61,4526.93,2,0,0.0000
2229,2783.63,4377.82,2,4,2.0000
2230,2849.24,4116.94,0,0,0.0000
2231,2699.42,4147.09,0,0,0.0000
2232,2914.79,4025.55,NaN,NaN,NaN
2233,2876.07,4205.67,NaN,NaN,NaN
2234,2972.40,4213.61,NaN,NaN,NaN
2235,2666.59,4031.69,0,0,0.0000
2236,3085.56,4291.30,NaN,NaN,NaN
2237,3159.46,4641.38,0,0,0.0000
2238,3036.36,4335.80,2,3,0.0000
2239,2960.33,4265.90,0,0,0.0000
2240,3120.96,4439.28,2,3,0.0000
2241,3016.86,4280.87,NaN,NaN,NaN
2242,3165.55,4420.28,0,0,0.0000
2243,2854.28,4429.04,2,4,2.0000
2244,2913.74,4401.97,0,0,0.0000
2245,2816.93,3998.84,4,8,2.0000
2246,2959.52,4013.23,2,1,0.0000
2247,3133.87,4267.08,NaN,NaN,NaN
2248,3024.39,4532.61,0,0,0.0000
2249,2819.91,4162.73,2,2,0.0000
2250,2829.96,4447.97,NaN,NaN,NaN
2251,2964.59,4478.52,2,1,0.0000
2252,3099.04,4236.70,NaN,NaN,NaN
2253,3139.16,4670.21,2,4,2.0000
2254,2881.77,4164.04,0,0,0.0000
2255,2940.71,4677.88,0,0,0.0000
2256,2876.34,4065.38,NaN,NaN,NaN
2257,2843.66,4043.57,0,0,0.0000
2258,2939.56,4363.62,NaN,NaN,NaN
2259,3276.59,3982.14,NaN,NaN,NaN
2260,3825.43,4713.47,0,0,0.0000
2261,3946.12,4685.49,NaN,NaN,NaN
2262,4644.07,4552.90,2,5,2.5000
2263,4667.20,4310.92,NaN,NaN,NaN
2264,4523.24,4161.18,2,5,2.5000
2265,4492.24,4659.47,0,0,0.0000
2266,4241.27,4252.38,2,4,2.0000
2267,4597.68,4424.22,NaN,NaN,NaN
2268,4472.89,4050.08,NaN,NaN,NaN
2269,4399.03,4250.49,3,6,2.0000
2270,4691.66,4449.07,3,5,0.0000
2271,4357.93,4457.74,0,0,0.0000
2272,4183.95,4595.42,3,8,2.6667
2273,4323.99,4197.49,2,5,2.5000
2274,4532.25,4336.16,2,5,2.5000
2275,4409.42,4501.62,3,4,0.0000
2276,4110.10,4660.97,0,0,0.0000
2277,4454.17,4406.29,0,0,0.0000
2278,4689.69,4195.36,NaN,NaN,NaN
2279,4421.36,4122.28,2,3,0.0000
2280,4381.16,4028.92,NaN,NaN,NaN
2281,4675.26,3981.32,2,4,2.0000
2282,4578.00,4273.82,NaN,NaN,NaN
2283,4468.29,4228.83,NaN,NaN,NaN
2284,4198.20,4720.82,0,0,0.0000
2285,4292.04,4450.13,0,0,0.0000
2286,4604.32,4659.61,0,0,0.0000
2287,4624.75,4154.32,NaN,NaN,NaN
2288,4619.25,4050.76,NaN,NaN,NaN
2289,4400.26,4325.28,NaN,NaN,NaN
2290,4295.00,4350.22,NaN,NaN,NaN
2291,4258.46,4393.99,NaN,NaN,NaN
2292,4684.72,4703.70,NaN,NaN,NaN
2293,4715.35,4109.54,NaN,NaN,NaN
2294,4432.62,4576.64,NaN,NaN,NaN
2295,4302.70,4035.63,0,0,0.0000
2296,4241.77,4705.84,0,0,0.0000
2297,4024.95,4707.78,0,0,0.0000
2298,4477.00,4510.44,0,0,0.0000
2299,4549.14,4582.91,NaN,NaN,NaN
2300,4553.45,4667.67,0,0,0.0000
2301,4464.09,4326.11,NaN,NaN,NaN
2302,4514.44,4256.35,4,5,0.0000
2303,4336.51,3982.23,NaN,NaN,NaN
2304,3986.42,4731.35,0,0,0.0000
2305,4259.21,4001.82,NaN,NaN,NaN
2306,4032.98,4662.43,NaN,NaN,NaN
2307,4148.83,4713.59,NaN,NaN,NaN
2308,4589.50,4206.80,0,0,0.0000
2309,4512.23,4417.42,0,0,0.0000
2310,4734.80,4414.59,0,0,0.0000
2311,4223.66,4528.45,0,0,0.0000
2312,4284.82,4413.70,0,0,0.0000
2313,5240.19,4502.45,3,4,0.0000
2314,5136.13,4410.25,NaN,NaN,NaN
2315,4802.41,4423.68,NaN,NaN,NaN
2316,4942.01,4513.79,NaN,NaN,NaN
2317,4932.16,4291.84,NaN,NaN,NaN
2318,5345.98,4394.51,2,9,4.5000
2319,4830.85,4162.16,2,5,2.5000
2320,5078.69,3981.89,NaN,NaN,NaN
2321,5033.89,4072.99,NaN,NaN,NaN
2322,4910.81,4402.48,NaN,NaN,NaN
2323,5150.80,4062.17,NaN,NaN,NaN
2324,4762.39,4134.30,2,3,0.0000
2325,5440.51,4692.24,NaN,NaN,NaN
2326,5032.62,4412.70,NaN,NaN,NaN
2327,4781.39,4543.45,NaN,NaN,NaN
2328,5132.76,4256.75,NaN,NaN,NaN
2329,5195.46,4337.80,2,4,2.0000
2330,5014.56,4639.39,NaN,NaN,NaN
2331,4820.66,4014.03,0,0,0.0000
2332,5161.65,4168.87,NaN,NaN,NaN
2333,5113.60,4522.71,NaN,NaN,NaN
2334,5471.62,4603.98,NaN,NaN,NaN
2335,5151.83,4616.74,NaN,NaN,NaN
2336,4738.74,4693.76,2,3,0.0000
2337,4898.84,4653.75,NaN,NaN,NaN
2338,4952.08,4156.37,3,9,3.0000
2339,5083.75,4593.25,NaN,NaN,NaN
2340,4786.46,4285.97,NaN,NaN,NaN
2341,5042.73,4147.00,2,7,3.5000
2342,4850.32,4734.42,NaN,NaN,NaN
2343,5293.54,4622.73,NaN,NaN,NaN
2344,5029.04,4535.52,NaN,NaN,NaN
2345,4870.87,4575.67,0,0,0.0000
2346,5314.20,4534.28,NaN,NaN,NaN
2347,4901.72,4187.42,NaN,NaN,NaN
2348,5206.16,4664.41,0,0,0.0000
2349,5375.66,4514.23,0,0,0.0000
2350,5271.20,4686.03,NaN,NaN,NaN
2351,5202.70,4018.07,0,0,0.0000
2352,4897.40,4110.46,NaN,NaN,NaN
2353,5484.41,4485.85,NaN,NaN,NaN
2354,5337.57,4237.46,3,5,0.0000
2355,5501.48,4405.90,0,0,0.0000
2356,5313.79,4309.13,0,0,0.0000
2357,4973.94,3978.62,0,0,0.0000
2358,4753.97,4623.17,NaN,NaN,NaN
2359,4872.06,4071.30,NaN,NaN,NaN
2360,4951.90,4695.22,0,0,0.0000
2361,5093.06,4672.69,NaN,NaN,NaN
2362,5012.32,4480.47,NaN,NaN,NaN
2363,5272.09,3999.71,3,6,2.0000
2364,4949.32,4034.96,NaN,NaN,NaN
2365,4982.38,4362.69,0,0,0.0000
2366,5226.20,4263.58,0,0,0.0000
2367,4807.62,4232.41,3,3,0.0000
2368,4944.01,4079.23,NaN,NaN,NaN
2369,5008.47,4584.50,0,0,0.0000
2370,4872.81,4271.76,NaN,NaN,NaN
2371,5076.03,4473.41,2,3,0.0000
2372,5571.69,4329.49,0,0,0.0000
2373,5561.31,4413.40,0,0,0.0000
2374,5944.87,4710.76,2,2,0.0000
2375,5549.17,4492.37,0,0,0.0000
2376,5746.00,4719.92,0,0,0.0000
2377,5527.22,4604.32,0,0,0.0000
2378,5622.74,4356.48,0,0,0.0000
2379,196.20,5186.60,NaN,NaN,NaN
2380,239.30,5454.61,3,5,0.0000
2381,810.50,5419.63,NaN,NaN,NaN
2382,414.31,5322.80,0,0,0.0000
2383,702.03,5336.35,NaN,NaN,NaN
2384,266.66,5054.85,NaN,NaN,NaN
2385,698.63,5222.67,NaN,NaN,NaN
2386,239.63,4849.79,NaN,NaN,NaN
2387,512.12,5325.92,NaN,NaN,NaN
2388,78.66,4874.91,NaN,NaN,NaN
2389,109.11,5327.42,NaN,NaN,NaN
2390,776.43,5153.23,2,4,2.0000
2391,384.34,5086.84,0,0,0.0000
2392,438.89,5232.53,4,4,0.0000
2393,210.91,5349.93,2,4,2.0000
2394,478.61,4876.57,0,0,0.0000
2395,446.99,4814.42,0,0,0.0000
2396,191.40,5001.20,4,5,0.0000
2397,65.31,5236.87,NaN,NaN,NaN
2398,301.07,5129.43,NaN,NaN,NaN
2399,312.87,4950.99,0,0,0.0000
2400,380.98,5159.69,0,0,0.0000
2401,59.17,4955.48,NaN,NaN,NaN
2402,135.65,4960.43,0,0,0.0000
2403,465.84,5152.89,0,0,0.0000
2404,367.56,4802.95,2,5,2.5000
2405,103.73,5039.90,0,0,0.0000
2406,351.34,4880.10,NaN,NaN,NaN
2407,458.68,5407.74,0,0,0.0000
2408,606.40,5280.08,NaN,NaN,NaN
2409,812.68,5308.25,NaN,NaN,NaN
2410,115.81,5421.11,NaN,NaN,NaN
2411,32.34,5423.40,3,3,0.0000
2412,322.39,4745.53,NaN,NaN,NaN
2413,431.92,5042.72,0,0,0.0000
2414,324.00,5402.20,0,0,0.0000
2415,213.80,4737.75,0,0,0.0000
2416,384.90,5442.18,NaN,NaN,NaN
2417,45.51,5133.11,NaN,NaN,NaN
2418,725.09,5274.63,3,6,2.0000
2419,135.35,5475.66,NaN,NaN,NaN
2420,150.85,4738.98,NaN,NaN,NaN
2421,411.31,4901.53,NaN,NaN,NaN
2422,152.37,5281.35,NaN,NaN,NaN
2423,848.90,5240.40,NaN,NaN,NaN
2424,559.38,5207.15,0,0,0.0000
2425,58.71,5366.09,NaN,NaN,NaN
2426,365.34,4961.28,NaN,NaN,NaN
2427,277.34,4787.59,0,0,0.0000
2428,311.44,5196.44,0,0,0.0000
2429,492.27,5061.35,NaN,NaN,NaN
2430,310.50,4846.29,0,0,0.0000
2431,446.00,4999.05,0,0,0.0000
2432,214.66,4951.49,0,0,0.0000
2433,433.11,4950.92,NaN,NaN,NaN
2434,329.72,5336.83,0,0,0.0000
2435,868.10,5291.03,NaN,NaN,NaN
2436,273.82,5307.95,NaN,NaN,NaN
2437,357.22,5026.22,0,0,0.0000
2438,467.74,5471.06,0,0,0.0000
2439,362.72,5292.06,0,0,0.0000
2440,1444.28,5495.93,0,0,0.0000
2441,1167.99,5188.47,0,0,0.0000
2442,1367.57,5019.51,2,5,2.5000
2443,1198.42,4757.25,NaN,NaN,NaN
2444,917.66,5381.49,3,6,2.0000
2445,1105.77,5053.82,0,0,0.0000
2446,1014.44,5111.81,NaN,NaN,NaN
2447,1372.71,5186.50,0,0,0.0000
2448,1347.24,5294.62,NaN,NaN,NaN
2449,1385.87,5392.76,3,3,0.0000
2450,1090.97,5407.18,0,0,0.0000
2451,1563.55,5308.07,NaN,NaN,NaN
2452,917.89,5175.27,2,2,0.0000
2453,1069.02,5205.73,0,0,0.0000
2454,1081.93,4912.93,0,0,0.0000
2455,993.56,5243.70,NaN,NaN,NaN
2456,1162.40,4981.75,NaN,NaN,NaN
2457,1213.29,4872.03,0,0,0.0000
2458,1367.39,4802.57,0,0,0.0000
2459,1185.81,5307.64,NaN,NaN,NaN
2460,1393.79,4884.23,NaN,NaN,NaN
2461,1069.93,5316.52,0,0,0.0000
2462,1046.93,4819.65,2,10,5.0000
2463,1134.87,4844.65,0,0,0.0000
2464,1541.58,5485.04,0,0,0.0000
2465,1613.87,4864.92,NaN,NaN,NaN
2466,1478.63,5333.11,NaN,NaN,NaN
2467,1211.42,5486.41,NaN,NaN,NaN
2468,1275.88,4925.93,NaN,NaN,NaN
2469,1280.81,4789.81,3,5,0.0000
2470,1356.62,5472.63,0,0,0.0000
2471,1512.48,5390.76,4,4,0.0000
2472,1569.68,5396.01,NaN,NaN,NaN
2473,1434.66,5086.74,NaN,NaN,NaN
2474,908.11,5272.92,2,3,0.0000
2475,1449.62,5163.59,NaN,NaN,NaN
2476,1421.82,4779.46,NaN,NaN,NaN
2477,1064.08,4762.13,NaN,NaN,NaN
2478,1420.67,5250.99,0,0,0.0000
2479,1591.10,5491.73,NaN,NaN,NaN
2480,1026.23,5020.35,0,0,0.0000
2481,1309.16,4957.64,0,0,0.0000
2482,1087.63,5472.81,0,0,0.0000
2483,1640.52,4937.03,NaN,NaN,NaN
2484,1037.48,4955.79,0,0,0.0000
2485,1349.48,5143.75,2,3,0.0000
2486,1193.96,5056.52,0,0,0.0000
2487,1255.60,5030.79,0,0,0.0000
2488,1268.42,4861.62,NaN,NaN,NaN
2489,959.13,5300.63,0,0,0.0000
2490,1166.29,4837.04,NaN,NaN,NaN
2491,1175.16,4913.51,0,0,0.0000
2492,1320.78,4909.08,0,0,0.0000
2493,1718.35,5006.18,NaN,NaN,NaN
2494,1726.61,5081.90,NaN,NaN,NaN
2495,1758.09,4957.82,NaN,NaN,NaN
2496,1769.56,4865.88,0,0,0.0000
2497,1681.47,4794.57,NaN,NaN,NaN
2498,1771.64,4794.35,NaN,NaN,NaN
2499,1672.20,4884.03,NaN,NaN,NaN
2500,1784.05,4906.68,0,0,0.0000
2501,1719.25,4798.08,0,0,0.0000
2502,1701.30,4931.91,0,0,0.0000
2503,2994.56,5476.57,NaN,NaN,NaN
2504,3719.17,4801.84,0,0,0.0000
2505,3743.80,4983.85,NaN,NaN,NaN
2506,3872.50,4874.95,NaN,NaN,NaN
2507,3757.39,4863.82,2,3,0.0000
2508,3351.61,5327.20,NaN,NaN,NaN
2509,3835.36,4811.80,0,0,0.0000
2510,3376.50,5218.41,NaN,NaN,NaN
2511,3259.69,5493.05,NaN,NaN,NaN
2512,3311.37,5275.90,NaN,NaN,NaN
2513,3799.10,4921.64,2,3,0.0000
2514,3273.75,5218.51,NaN,NaN,NaN
2515,3671.67,4944.90,NaN,NaN,NaN
2516,3813.17,4994.03,4,4,0.0000
2517,3345.73,5412.56,0,0,0.0000
2518,3814.89,4746.17,0,0,0.0000
2519,3395.22,5373.13,NaN,NaN,NaN
2520,3392.64,5442.58,NaN,NaN,NaN
2521,3201.40,4759.47,NaN,NaN,NaN
2522,3677.61,5002.81,0,0,0.0000
2523,3306.29,5041.45,0,0,0.0000
2524,4628.67,4821.65,3,7,2.3333
2525,4560.93,4916.76,2,2,0.0000
2526,4437.38,4960.74,0,0,0.0000
2527,4533.24,5271.68,2,3,0.0000
2528,4027.21,4822.63,0,0,0.0000
2529,4130.21,4810.64,NaN,NaN,NaN
2530,4641.15,5020.60,NaN,NaN,NaN
2531,4171.09,4965.47,NaN,NaN,NaN
2532,4285.66,5342.07,2,5,2.5000
2533,4398.30,5417.41,NaN,NaN,NaN
2534,4375.21,5318.85,0,0,0.0000
2535,3983.07,4790.96,0,0,0.0000
2536,4096.43,4942.02,0,0,0.0000
2537,4478.80,5232.42,0,0,0.0000
2538,4493.90,5464.36,NaN,NaN,NaN
2539,3975.65,4895.47,2,5,2.5000
2540,4509.33,4820.41,3,9,3.0000
2541,4440.98,5464.05,NaN,NaN,NaN
2542,4565.32,5366.40,NaN,NaN,NaN
2543,4423.95,5280.54,0,0,0.0000
2544,4254.22,4897.97,NaN,NaN,NaN
2545,4278.36,4834.32,0,0,0.0000
2546,4205.60,4898.70,3,2,0.0000
2547,4286.82,4951.07,NaN,NaN,NaN
2548,4691.37,4987.25,2,2,0.0000
2549,4164.43,4764.75,NaN,NaN,NaN
2550,4121.44,4875.66,0,0,0.0000
2551,4419.76,4838.93,NaN,NaN,NaN
2552,4679.56,4894.45,0,0,0.0000
2553,4541.86,5340.00,NaN,NaN,NaN
2554,4374.28,4879.29,NaN,NaN,NaN
2555,4505.69,5369.78,NaN,NaN,NaN
2556,4300.88,4744.11,0,0,0.0000
2557,4199.70,4803.39,0,0,0.0000
2558,4469.87,5309.18,0,0,0.0000
2559,4444.25,5380.46,0,0,0.0000
2560,4258.59,4774.71,0,0,0.0000
2561,4241.19,4818.47,0,0,0.0000
2562,4285.69,4760.87,0,0,0.0000
2563,4287.17,5418.59,NaN,NaN,NaN
2564,4424.57,5228.55,0,0,0.0000
2565,5119.34,4779.58,2,2,0.0000
2566,5294.25,4749.40,2,4,2.0000
2567,5473.02,5139.18,NaN,NaN,NaN
2568,4795.97,5001.95,NaN,NaN,NaN
2569,4886.37,4938.15,0,0,0.0000
2570,5353.50,4931.26,NaN,NaN,NaN
2571,5239.32,4825.87,NaN,NaN,NaN
2572,5122.75,4910.15,3,1,0.0000
2573,5421.60,4845.68,NaN,NaN,NaN
2574,4907.65,4782.82,0,0,0.0000
2575,5266.32,4912.17,0,0,0.0000
2576,5016.30,4968.25,2,3,0.0000
2577,4792.52,4742.05,NaN,NaN,NaN
2578,5301.17,5057.84,NaN,NaN,NaN
2579,4792.72,4841.60,3,4,0.0000
2580,5489.03,4873.20,0,0,0.0000
2581,5344.42,4820.27,0,0,0.0000
2582,5483.93,4952.39,2,3,0.0000
2583,5017.55,4892.27,NaN,NaN,NaN
2584,5431.11,4919.41,NaN,NaN,NaN
2585,5237.58,4986.74,0,0,0.0000
2586,5234.03,4875.26,3,6,2.0000
2587,5077.49,4970.73,0,0,0.0000
2588,5058.78,4935.88,NaN,NaN,NaN
2589,5346.10,5096.79,NaN,NaN,NaN
2590,5178.87,4872.86,NaN,NaN,NaN
2591,5054.98,5033.85,0,0,0.0000
2592,5220.17,5090.19,0,0,0.0000
2593,4842.25,4817.37,NaN,NaN,NaN
2594,5563.02,4961.16,NaN,NaN,NaN
2595,5869.17,5204.88,4,4,0.0000
2596,5810.10,5466.44,NaN,NaN,NaN
2597,6076.46,4982.34,NaN,NaN,NaN
2598,5974.70,5355.50,NaN,NaN,NaN
2599,5811.11,5296.60,NaN,NaN,NaN
2600,5879.75,5433.97,0,0,0.0000
2601,6138.73,5180.54,NaN,NaN,NaN
2602,6179.07,5295.39,NaN,NaN,NaN
2603,6193.17,4902.39,NaN,NaN,NaN
2604,6227.16,5364.74,2,7,3.5000
2605,5698.14,5307.07,0,0,0.0000
2606,5572.14,5173.61,NaN,NaN,NaN
2607,6262.22,5035.97,0,0,0.0000
2608,6114.42,5084.39,2,5,2.5000
2609,6063.99,5221.38,3,4,0.0000
2610,6102.22,4842.14,NaN,NaN,NaN
2611,6208.21,5192.59,NaN,NaN,NaN
2612,5953.33,5269.64,2,4,2.0000
2613,5982.23,5437.64,0,0,0.0000
2614,6010.60,5094.04,NaN,NaN,NaN
2615,5672.21,5028.32,NaN,NaN,NaN
2616,5797.42,5118.13,NaN,NaN,NaN
2617,6116.27,5469.22,NaN,NaN,NaN
2618,5714.70,5136.53,NaN,NaN,NaN
2619,6183.24,5057.14,0,0,0.0000
2620,6249.06,5097.72,NaN,NaN,NaN
2621,5781.35,4831.87,NaN,NaN,NaN
2622,5803.21,5045.58,0,0,0.0000
2623,6095.41,5376.41,0,0,0.0000
2624,5682.15,5207.66,2,4,2.0000
2625,6023.89,4765.11,NaN,NaN,NaN
2626,5778.08,4944.94,NaN,NaN,NaN
2627,6262.79,5243.73,2,7,3.5000
2628,5908.25,5061.78,3,5,0.0000
2629,6162.38,4791.80,2,3,0.0000
2630,6078.27,5043.03,0,0,0.0000
2631,5832.02,4869.03,NaN,NaN,NaN
2632,6087.62,4905.10,NaN,NaN,NaN
2633,5918.87,4957.08,0,0,0.0000
2634,5641.60,5120.76,2,3,0.0000
2635,5759.79,5360.50,NaN,NaN,NaN
2636,6092.93,5283.27,NaN,NaN,NaN
2637,5746.44,4997.58,NaN,NaN,NaN
2638,5545.02,5105.13,0,0,0.0000
2639,5735.11,5051.55,0,0,0.0000
2640,5719.14,4903.19,NaN,NaN,NaN
2641,5612.55,5501.29,0,0,0.0000
2642,5819.18,4754.33,0,0,0.0000
2643,5961.48,5031.90,0,0,0.0000
2644,5996.81,5194.97,0,0,0.0000
2645,6239.83,5454.44,NaN,NaN,NaN
2646,6244.99,4847.14,2,4,2.0000
2647,5949.42,5109.11,2,3,0.0000
2648,5513.03,5214.59,3,5,0.0000
2649,5760.41,4754.30,0,0,0.0000
2650,6262.67,4927.58,0,0,0.0000
2651,5840.26,4993.11,NaN,NaN,NaN
2652,5862.92,4904.32,NaN,NaN,NaN
2653,5600.36,5067.79,3,5,0.0000
2654,5703.45,4793.65,NaN,NaN,NaN
2655,6115.47,4738.18,0,0,0.0000
2656,6153.41,5358.55,NaN,NaN,NaN
2657,5516.30,4818.74,NaN,NaN,NaN
2658,5954.16,4825.55,0,0,0.0000
2659,6156.73,5432.73,NaN,NaN,NaN
2660,6084.09,4789.33,0,0,0.0000
2661,5936.84,4902.41,NaN,NaN,NaN
2662,5924.43,4862.86,NaN,NaN,NaN
2663,5856.94,5109.25,0,0,0.0000
2664,5886.68,4838.41,0,0,0.0000
2665,6226.23,4799.33,NaN,NaN,NaN
2666,6186.46,4990.39,0,0,0.0000
2667,5635.89,5180.31,2,6,3.0000
2668,6203.65,5416.14,NaN,NaN,NaN
2669,6023.73,5276.47,NaN,NaN,NaN
2670,5956.01,5157.47,0,0,0.0000
2671,5617.34,5020.38,NaN,NaN,NaN
2672,6521.54,5021.26,NaN,NaN,NaN
2673,6928.12,5402.08,0,0,0.0000
2674,6670.05,5306.11,NaN,NaN,NaN
2675,6496.91,5341.60,0,0,0.0000
2676,6720.97,4865.78,0,0,0.0000
2677,6897.84,5299.76,3,5,0.0000
2678,6527.05,5190.52,NaN,NaN,NaN
2679,6332.59,4910.41,0,0,0.0000
2680,6411.08,5431.91,NaN,NaN,NaN
2681,6813.81,5426.65,0,0,0.0000
2682,6682.39,5151.75,2,3,0.0000
2683,6907.87,5120.66,0,0,0.0000
2684,7018.73,5160.08,0,0,0.0000
2685,6355.01,5187.02,0,0,0.0000
2686,6366.45,5333.23,2,3,0.0000
2687,6615.20,4840.10,2,4,2.0000
2688,6424.99,5270.59,NaN,NaN,NaN
2689,6833.06,5173.63,NaN,NaN,NaN
2690,6291.26,5147.60,0,0,0.0000
2691,6947.04,4955.01,NaN,NaN,NaN
2692,6746.40,5471.90,NaN,NaN,NaN
2693,6839.46,4996.64,NaN,NaN,NaN
2694,6461.73,5059.10,NaN,NaN,NaN
2695,6871.70,5224.67,2,3,0.0000
2696,6890.03,5039.52,0,0,0.0000
2697,6421.46,4874.64,0,0,0.0000
2698,6886.55,5494.71,NaN,NaN,NaN
2699,6738.09,5120.48,2,4,2.0000
2700,6809.92,4895.79,3,5,0.0000
2701,6985.08,5038.11,0,0,0.0000
2702,6587.35,5239.90,NaN,NaN,NaN
2703,6348.81,5032.04,NaN,NaN,NaN
2704,6711.92,5053.74,NaN,NaN,NaN
2705,6803.42,5117.83,0,0,0.0000
2706,6504.87,5436.13,NaN,NaN,NaN
2707,6701.90,4957.17,0,0,0.0000
2708,6316.94,4802.59,NaN,NaN,NaN
2709,6762.37,4986.39,NaN,NaN,NaN
2710,6574.84,5392.97,0,0,0.0000
2711,7022.92,4845.70,NaN,NaN,NaN
2712,6375.59,4965.67,NaN,NaN,NaN
2713,6651.11,5018.23,NaN,NaN,NaN
2714,6949.47,5198.51,0,0,0.0000
2715,7026.17,5344.44,NaN,NaN,NaN
2716,6793.26,5057.92,2,1,0.0000
2717,6335.08,5458.36,0,0,0.0000
2718,6402.41,5079.97,0,0,0.0000
2719,6284.31,5477.02,2,2,0.0000
2720,6435.23,5194.92,0,0,0.0000
2721,6424.28,5142.99,0,0,0.0000
2722,6792.14,4814.04,0,0,0.0000
2723,6986.05,5100.93,0,0,0.0000
2724,6508.31,4863.47,0,0,0.0000
2725,6367.88,5102.33,NaN,NaN,NaN
2726,6738.67,4794.78,0,0,0.0000
2727,6524.13,5259.40,NaN,NaN,NaN
2728,6802.69,5331.50,NaN,NaN,NaN
2729,6584.41,4907.11,0,0,0.0000
2730,6576.20,4783.26,0,0,0.0000
2731,6815.84,5497.40,NaN,NaN,NaN
2732,6653.32,4889.35,NaN,NaN,NaN
2733,6965.65,4899.91,NaN,NaN,NaN
2734,6623.03,4983.34,0,0,0.0000
2735,6390.98,4824.93,0,0,0.0000
2736,6294.25,5346.59,0,0,0.0000
2737,6904.20,4917.90,0,0,0.0000
2738,6970.43,5248.83,NaN,NaN,NaN
2739,6549.83,4952.37,0,0,0.0000
2740,6863.41,4889.52,0,0,0.0000
2741,6481.69,5133.00,0,0,0.0000
2742,6545.69,4902.48,0,0,0.0000
2743,6699.34,4764.55,0,0,0.0000
2744,6387.72,4788.22,0,0,0.0000
2745,6595.38,4962.66,NaN,NaN,NaN
2746,6840.57,5285.20,2,4,2.0000
2747,7102.36,5238.55,0,0,0.0000
2748,7283.37,5163.59,3,3,0.0000
2749,7113.58,5341.40,NaN,NaN,NaN
2750,7222.46,5200.52,NaN,NaN,NaN
2751,7044.50,5295.13,NaN,NaN,NaN
2752,7214.26,5305.78,NaN,NaN,NaN
2753,7101.27,5112.81,0,0,0.0000
2754,7045.67,5049.37,0,0,0.0000
2755,7225.88,5435.60,2,5,2.5000
2756,7295.92,5437.10,2,4,2.0000
2757,7161.42,5477.95,NaN,NaN,NaN
2758,7208.27,5079.63,0,0,0.0000
2759,7105.69,4800.40,0,0,0.0000
2760,7215.22,5500.24,0,0,0.0000
2761,7061.55,5498.43,NaN,NaN,NaN
2762,7272.63,5094.38,0,0,0.0000
2763,7141.59,5164.13,0,0,0.0000
2764,7270.36,5051.58,NaN,NaN,NaN
2765,7145.73,5426.82,0,0,0.0000
2766,7185.52,5119.80,0,0,0.0000
2767,7176.23,5193.35,NaN,NaN,NaN
2768,7054.52,5115.02,0,0,0.0000
2769,7262.21,5257.26,NaN,NaN,NaN
2770,7309.06,5220.83,3,6,2.0000
2771,7319.09,5404.18,NaN,NaN,NaN
2772,7415.43,5348.45,0,0,0.0000
2773,269.59,6220.74,NaN,NaN,NaN
2774,490.76,6080.13,NaN,NaN,NaN
2775,706.19,5946.65,NaN,NaN,NaN
2776,369.00,6051.93,0,0,0.0000
2777,393.88,5526.59,NaN,NaN,NaN
2778,267.29,5638.41,NaN,NaN,NaN
2779,497.34,5647.65,NaN,NaN,NaN
2780,499.39,5767.95,NaN,NaN,NaN
2781,187.94,5802.46,3,4,0.0000
2782,507.14,5839.46,0,0,0.0000
2783,269.68,5976.09,NaN,NaN,NaN
2784,330.43,5772.75,NaN,NaN,NaN
2785,616.35,5923.21,NaN,NaN,NaN
2786,399.55,6180.30,NaN,NaN,NaN
2787,738.97,5690.82,2,4,2.0000
2788,194.89,5532.17,NaN,NaN,NaN
2789,421.83,5718.55,0,0,0.0000
2790,165.31,6177.91,0,0,0.0000
2791,846.98,5696.39,3,5,0.0000
2792,197.63,5953.08,NaN,NaN,NaN
2793,832.70,5601.67,NaN,NaN,NaN
2794,500.29,6258.66,NaN,NaN,NaN
2795,415.42,5888.20,NaN,NaN,NaN
2796,287.43,6119.59,2,6,3.0000
2797,546.35,5884.78,0,0,0.0000
2798,699.15,5850.91,NaN,NaN,NaN
2799,527.59,6156.15,4,7,0.0000
2800,177.46,5612.95,3,5,0.0000
2801,98.56,5869.73,NaN,NaN,NaN
2802,550.49,6084.68,NaN,NaN,NaN
2803,271.54,5838.71,NaN,NaN,NaN
2804,654.21,6055.64,NaN,NaN,NaN
2805,569.03,5690.67,2,3,0.0000
2806,68.66,5507.59,3,1,0.0000
2807,99.39,6243.17,2,4,2.0000
2808,247.04,6065.38,NaN,NaN,NaN
2809,426.14,5615.32,NaN,NaN,NaN
2810,352.40,5937.70,NaN,NaN,NaN
2811,605.48,6116.06,2,6,3.0000
2812,690.76,5754.39,NaN,NaN,NaN
2813,629.65,5980.22,0,0,0.0000
2814,465.96,5952.14,NaN,NaN,NaN
2815,357.91,5690.10,NaN,NaN,NaN
2816,281.44,5552.43,NaN,NaN,NaN
2817,107.10,6181.13,0,0,0.0000
2818,614.09,5803.72,NaN,NaN,NaN
2819,740.81,5789.52,NaN,NaN,NaN
2820,823.68,5528.26,0,0,0.0000
2821,569.41,6192.52,NaN,NaN,NaN
2822,342.75,6151.83,NaN,NaN,NaN
2823,252.53,5758.14,0,0,0.0000
2824,436.83,6232.30,0,0,0.0000
2825,562.01,6264.11,NaN,NaN,NaN
2826,364.92,5602.43,2,5,2.5000
2827,105.15,5766.04,2,6,3.0000
2828,611.59,5631.51,0,0,0.0000
2829,521.74,5987.95,0,0,0.0000
2830,814.86,5886.17,2,8,4.0000
2831,457.16,6032.07,NaN,NaN,NaN
2832,598.25,5752.99,NaN,NaN,NaN
2833,416.87,6108.26,NaN,NaN,NaN
2834,330.84,5866.30,0,0,0.0000
2835,409.72,5806.12,0,0,0.0000
2836,39.51,5745.75,NaN,NaN,NaN
2837,614.28,5852.73,NaN,NaN,NaN
2838,507.38,6205.62,3,2,0.0000
2839,221.57,5893.15,2,4,2.0000
2840,330.66,5575.11,NaN,NaN,NaN
2841,1273.76,5586.22,0,0,0.0000
2842,1008.11,5545.13,NaN,NaN,NaN
2843,943.28,5688.82,NaN,NaN,NaN
2844,1131.94,5723.73,2,2,0.0000
2845,1474.30,6003.44,0,0,0.0000
2846,1311.81,6080.28,NaN,NaN,NaN
2847,1566.67,5866.65,NaN,NaN,NaN
2848,1450.14,5731.47,NaN,NaN,NaN
2849,1609.33,5952.78,0,0,0.0000
2850,1402.71,5971.12,3,3,0.0000
2851,1626.71,6197.70,2,6,3.0000
2852,1165.34,6111.11,NaN,NaN,NaN
2853,1573.16,6095.42,NaN,NaN,NaN
2854,1084.04,5851.66,NaN,NaN,NaN
2855,1650.85,6105.16,0,0,0.0000
2856,1569.06,5605.80,0,0,0.0000
2857,1178.49,5580.42,NaN,NaN,NaN
2858,1378.57,6169.10,0,0,0.0000
2859,1161.49,5868.90,0,0,0.0000
2860,1339.10,5681.53,NaN,NaN,NaN
2861,1510.34,5805.09,0,0,0.0000
2862,1356.08,5931.76,2,4,2.0000
2863,897.00,5801.11,NaN,NaN,NaN
2864,1456.23,5653.13,NaN,NaN,NaN
2865,1400.76,5620.71,NaN,NaN,NaN
2866,903.00,5568.42,2,3,0.0000
2867,1560.26,5737.89,0,0,0.0000
2868,1486.26,5890.63,0,0,0.0000
2869,964.30,5735.63,2,5,2.5000
2870,1006.48,5764.38,0,0,0.0000
2871,1455.47,6108.34,3,4,0.0000
2872,1128.71,5620.54,2,4,2.0000
2873,1209.41,5792.39,2,4,2.0000
2874,1491.44,5585.36,0,0,0.0000
2875,1634.93,5564.52,0,0,0.0000
2876,1570.60,5679.01,0,0,0.0000
2877,1410.26,5854.79,NaN,NaN,NaN
2878,1160.14,5779.87,2,4,2.0000
2879,1061.60,5994.72,NaN,NaN,NaN
2880,1258.59,5681.73,NaN,NaN,NaN
2881,1226.65,6072.54,0,0,0.0000
2882,1060.49,5670.97,NaN,NaN,NaN
2883,1013.70,5807.95,3,4,0.0000
2884,1383.24,5773.19,NaN,NaN,NaN
2885,1302.14,6171.87,NaN,NaN,NaN
2886,1327.01,5514.83,2,4,2.0000
2887,1450.02,5837.00,0,0,0.0000
2888,1528.14,6059.18,0,0,0.0000
2889,1235.98,5725.27,NaN,NaN,NaN
2890,1311.05,6223.29,NaN,NaN,NaN
2891,1359.41,6265.54,2,6,3.0000
2892,1864.55,6239.10,0,0,0.0000
2893,1741.25,6106.17,NaN,NaN,NaN
2894,1709.40,6184.51,NaN,NaN,NaN
2895,1677.66,5535.19,0,0,0.0000
2896,2998.92,5538.57,NaN,NaN,NaN
2897,3174.26,5827.85,0,0,0.0000
2898,3184.80,5850.05,NaN,NaN,NaN
2899,3341.51,5538.17,NaN,NaN,NaN
2900,3288.04,5565.74,NaN,NaN,NaN
2901,3251.07,5898.93,3,3,0.0000
2902,3366.25,5738.83,2,4,2.0000
2903,3297.52,5741.52,0,0,0.0000
2904,3231.99,5537.31,0,0,0.0000
2905,3373.81,5681.67,NaN,NaN,NaN
2906,3314.77,5675.29,NaN,NaN,NaN
2907,3320.19,5810.94,NaN,NaN,NaN
2908,3465.34,5687.61,NaN,NaN,NaN
2909,3546.01,5772.70,0,0,0.0000
2910,3226.70,5645.91,NaN,NaN,NaN
2911,3255.07,5725.05,2,7,3.5000
2912,3358.88,5624.56,0,0,0.0000
2913,3411.96,5661.03,0,0,0.0000
2914,3339.54,5778.29,NaN,NaN,NaN
2915,3273.39,5890.39,NaN,NaN,NaN
2916,3234.41,5942.22,2,3,0.0000
2917,3325.69,5862.17,0,0,0.0000
2918,3284.25,6040.12,0,0,0.0000
2919,4220.63,5982.28,2,1,0.0000
2920,4388.51,5613.92,NaN,NaN,NaN
2921,4723.46,6246.54,NaN,NaN,NaN
2922,4260.83,6055.08,0,0,0.0000
2923,4322.12,5923.82,0,0,0.0000
2924,4664.59,6180.61,0,0,0.0000
2925,4418.41,5537.41,NaN,NaN,NaN
2926,4268.25,6244.33,0,0,0.0000
2927,4237.46,6134.06,3,7,2.3333
2928,4332.22,5642.29,NaN,NaN,NaN
2929,4495.03,5620.97,NaN,NaN,NaN
2930,4504.14,5510.61,0,0,0.0000
2931,4447.48,5638.52,NaN,NaN,NaN
2932,5033.41,6097.32,0,0,0.0000
2933,4874.63,6230.14,NaN,NaN,NaN
2934,4979.08,6265.42,0,0,0.0000
2935,5064.79,6208.15,0,0,0.0000
2936,5156.35,6163.74,0,0,0.0000
2937,4988.54,6183.79,NaN,NaN,NaN
2938,4758.84,6173.68,2,6,3.0000
2939,4897.50,6136.76,NaN,NaN,NaN
2940,5249.20,6021.71,0,0,0.0000
2941,4905.89,6197.28,0,0,0.0000
2942,5270.22,6164.87,0,0,0.0000
2943,5368.55,6264.46,0,0,0.0000
2944,5316.86,6267.23,NaN,NaN,NaN
2945,5124.67,6129.11,0,0,0.0000
2946,5216.57,6093.48,0,0,0.0000
2947,5744.55,5865.91,NaN,NaN,NaN
2948,6018.61,5554.36,NaN,NaN,NaN
2949,5898.47,5572.14,0,0,0.0000
2950,5798.35,5746.44,NaN,NaN,NaN
2951,6098.30,5638.36,NaN,NaN,NaN
2952,5965.25,5791.05,NaN,NaN,NaN
2953,6217.61,5891.37,NaN,NaN,NaN
2954,5905.95,5662.06,0,0,0.0000
2955,5871.83,5879.78,NaN,NaN,NaN
2956,5526.09,5547.49,NaN,NaN,NaN
2957,6168.12,5748.29,0,0,0.0000
2958,6255.49,5705.86,NaN,NaN,NaN
2959,5665.08,5979.57,0,0,0.0000
2960,5617.06,5662.91,0,0,0.0000
2961,5823.32,5933.12,NaN,NaN,NaN
2962,5741.14,5621.32,NaN,NaN,NaN
2963,5807.80,5594.54,NaN,NaN,NaN
2964,5876.79,5762.06,0,0,0.0000
2965,5848.80,5808.62,4,3,0.0000
2966,5775.16,5983.46,2,5,2.5000
2967,6132.10,5536.44,NaN,NaN,NaN
2968,6023.58,5674.25,NaN,NaN,NaN
2969,6058.09,5793.11,0,0,0.0000
2970,6211.50,5974.39,2,1,0.0000
2971,5775.41,5648.87,NaN,NaN,NaN
2972,6107.70,5816.18,NaN,NaN,NaN
2973,6220.04,5517.93,0,0,0.0000
2974,5737.41,5945.89,NaN,NaN,NaN
2975,6239.80,5589.61,0,0,0.0000
2976,6179.21,5615.01,NaN,NaN,NaN
2977,6149.24,6009.25,0,0,0.0000
2978,5608.81,5984.13,0,0,0.0000
2979,6088.48,5906.77,0,0,0.0000
2980,5953.86,6003.36,NaN,NaN,NaN
2981,5906.89,5722.19,NaN,NaN,NaN
2982,5818.79,6080.20,0,0,0.0000
2983,5913.36,5831.40,0,0,0.0000
2984,5696.70,5762.35,0,0,0.0000
2985,5652.67,5793.48,0,0,0.0000
2986,5872.06,5971.33,NaN,NaN,NaN
2987,6181.26,5809.18,NaN,NaN,NaN
2988,6168.38,5898.93,0,0,0.0000
2989,6221.57,5650.91,0,0,0.0000
2990,5696.03,5815.21,NaN,NaN,NaN
2991,5921.27,6059.61,2,4,2.0000
2992,6129.90,5973.30,0,0,0.0000
2993,5827.48,5657.74,NaN,NaN,NaN
2994,6627.24,5549.31,2,3,0.0000
2995,7014.15,6122.15,2,6,3.0000
2996,6421.91,5578.24,NaN,NaN,NaN
2997,6479.01,5922.65,NaN,NaN,NaN
2998,6330.25,5559.01,0,0,0.0000
2999,6761.69,5983.67,NaN,NaN,NaN
3000,6976.33,5519.98,NaN,NaN,NaN
3001,6906.01,6187.86,NaN,NaN,NaN
3002,6906.51,6092.24,NaN,NaN,NaN
3003,6889.45,5576.07,NaN,NaN,NaN
3004,6613.09,6009.47,0,0,0.0000
3005,6787.82,5898.99,NaN,NaN,NaN
3006,6780.99,5745.51,0,0,0.0000
3007,7037.78,5922.74,NaN,NaN,NaN
3008,6963.89,5689.56,0,0,0.0000
3009,6602.00,5814.91,NaN,NaN,NaN
3010,6828.87,6211.40,0,0,0.0000
3011,6490.67,5633.93,0,0,0.0000
3012,6688.77,6038.34,0,0,0.0000
3013,6964.84,6001.23,2,5,2.5000
3014,6992.71,5589.01,NaN,NaN,NaN
3015,6315.92,5657.63,NaN,NaN,NaN
3016,6881.56,5853.53,3,4,0.0000
3017,6825.78,6020.98,NaN,NaN,NaN
3018,6424.40,5675.44,0,0,0.0000
3019,6822.16,5587.77,NaN,NaN,NaN
3020,6972.62,5770.15,2,5,2.5000
3021,6656.64,6119.10,0,0,0.0000
3022,6884.86,6035.77,2,2,0.0000
3023,7018.78,5642.92,0,0,0.0000
3024,6614.68,5894.65,0,0,0.0000
3025,6922.22,5923.55,2,8,4.0000
3026,6958.99,5850.58,2,3,0.0000
3027,6490.30,6057.72,NaN,NaN,NaN
3028,7031.49,5823.79,0,0,0.0000
3029,6528.61,5542.64,NaN,NaN,NaN
3030,6583.96,6100.99,0,0,0.0000
3031,6569.22,5690.22,0,0,0.0000
3032,6730.32,6202.65,2,8,4.0000
3033,6702.67,5863.79,2,4,2.0000
3034,6392.53,6045.50,0,0,0.0000
3035,6923.20,5790.63,NaN,NaN,NaN
3036,6823.02,5683.99,NaN,NaN,NaN
3037,6611.46,5736.44,0,0,0.0000
3038,6526.81,6087.42,3,5,0.0000
3039,6457.10,6033.49,NaN,NaN,NaN
3040,6778.84,5646.19,NaN,NaN,NaN
3041,6652.81,5843.86,NaN,NaN,NaN
3042,6525.39,5659.35,0,0,0.0000
3043,6822.40,5819.49,NaN,NaN,NaN
3044,6438.74,5997.51,0,0,0.0000
3045,6854.21,5940.13,3,8,2.6667
3046,6591.77,6061.85,0,0,0.0000
3047,6391.62,5960.67,0,0,0.0000
3048,6380.99,5993.37,0,0,0.0000
3049,6430.17,5714.28,0,0,0.0000
3050,6674.47,5914.97,NaN,NaN,NaN
3051,6875.12,5642.61,2,4,2.0000
3052,6553.05,5825.39,NaN,NaN,NaN
3053,6586.46,6168.86,NaN,NaN,NaN
3054,7153.29,5853.11,0,0,0.0000
3055,7069.66,5635.56,NaN,NaN,NaN
3056,7243.42,5675.26,NaN,NaN,NaN
3057,7189.65,5995.77,0,0,0.0000
3058,7065.26,6257.64,NaN,NaN,NaN
3059,7258.45,5800.09,0,0,0.0000
3060,7135.79,6255.83,NaN,NaN,NaN
3061,7100.22,6018.88,0,0,0.0000
3062,7172.78,6106.48,NaN,NaN,NaN
3063,7154.56,6174.69,NaN,NaN,NaN
3064,7046.67,6008.91,NaN,NaN,NaN
3065,7139.93,5719.87,3,4,0.0000
3066,7180.79,5625.61,4,7,0.0000
3067,7199.06,5576.81,NaN,NaN,NaN
3068,145.55,6320.53,NaN,NaN,NaN
3069,382.54,6326.46,0,0,0.0000
3070,326.58,6535.51,NaN,NaN,NaN
3071,633.22,6606.74,NaN,NaN,NaN
3072,384.32,6462.18,NaN,NaN,NaN
3073,289.70,6423.52,3,7,2.3333
3074,451.25,6981.62,NaN,NaN,NaN
3075,30.60,6442.93,NaN,NaN,NaN
3076,514.99,6621.99,2,5,2.5000
3077,495.37,6918.84,0,0,0.0000
3078,657.39,6810.21,2,3,0.0000
3079,507.81,6833.60,2,4,2.0000
3080,422.31,6623.36,NaN,NaN,NaN
3081,586.01,6784.10,NaN,NaN,NaN
3082,499.88,6761.45,NaN,NaN,NaN
3083,567.41,6354.96,NaN,NaN,NaN
3084,337.95,6746.89,NaN,NaN,NaN
3085,484.60,6550.19,2,3,0.0000
3086,410.38,6795.42,2,2,0.0000
3087,98.91,6453.56,NaN,NaN,NaN
3088,649.08,6468.86,4,6,0.0000
3089,646.70,6907.03,0,0,0.0000
3090,690.11,6534.23,3,7,2.3333
3091,468.81,6338.02,2,2,0.0000
3092,373.08,7005.61,0,0,0.0000
3093,572.93,6868.94,NaN,NaN,NaN
3094,411.37,6898.13,2,4,2.0000
3095,286.60,6861.29,NaN,NaN,NaN
3096,596.20,6519.05,NaN,NaN,NaN
3097,225.20,6367.04,NaN,NaN,NaN
3098,484.54,6395.48,NaN,NaN,NaN
3099,166.53,6460.28,NaN,NaN,NaN
3100,535.23,6511.90,2,4,2.0000
3101,574.85,6699.55,NaN,NaN,NaN
3102,552.02,6956.57,2,7,3.5000
3103,479.81,6673.00,NaN,NaN,NaN
3104,364.19,6945.25,NaN,NaN,NaN
3105,642.89,6695.05,NaN,NaN,NaN
3106,268.80,6308.34,2,3,0.0000
3107,319.08,7037.25,3,2,0.0000
3108,348.98,6666.85,2,3,0.0000
3109,481.26,6476.94,0,0,0.0000
3110,266.05,7000.28,0,0,0.0000
3111,224.46,6474.88,NaN,NaN,NaN
3112,169.14,6516.65,NaN,NaN,NaN
3113,697.33,6590.76,2,2,0.0000
3114,135.35,6569.08,2,4,2.0000
3115,322.41,6632.80,NaN,NaN,NaN
3116,262.63,7037.05,3,0,0.0000
3117,386.03,6697.65,NaN,NaN,NaN
3118,633.30,6737.89,0,0,0.0000
3119,592.15,6421.13,NaN,NaN,NaN
3120,347.76,6844.42,NaN,NaN,NaN
3121,642.20,6344.14,NaN,NaN,NaN
3122,436.77,6724.88,0,0,0.0000
3123,242.49,6777.70,NaN,NaN,NaN
3124,290.68,6786.05,NaN,NaN,NaN
3125,509.73,6421.84,0,0,0.0000
3126,680.03,6746.13,NaN,NaN,NaN
3127,618.31,6658.32,NaN,NaN,NaN
3128,599.08,6929.03,NaN,NaN,NaN
3129,626.09,6404.56,NaN,NaN,NaN
3130,529.08,6692.30,NaN,NaN,NaN
3131,568.07,6461.33,0,0,0.0000
3132,231.65,6846.35,0,0,0.0000
3133,666.98,6305.73,NaN,NaN,NaN
3134,277.56,6725.74,NaN,NaN,NaN
3135,28.75,6364.96,0,0,0.0000
3136,1250.28,6282.26,0,0,0.0000
3137,1460.79,6487.28,NaN,NaN,NaN
3138,1486.77,6369.65,NaN,NaN,NaN
3139,1566.10,6436.50,NaN,NaN,NaN
3140,1546.54,6758.83,3,4,0.0000
3141,1598.16,6669.21,3,6,2.0000
3142,1566.21,6295.36,0,0,0.0000
3143,1337.94,6373.51,3,7,2.3333
3144,1451.27,6646.14,0,0,0.0000
3145,1537.72,6653.48,0,0,0.0000
3146,1386.70,6598.14,3,4,0.0000
3147,1396.27,6499.85,0,0,0.0000
3148,1331.21,6534.32,2,3,0.0000
3149,1410.88,6389.03,NaN,NaN,NaN
3150,1651.97,6279.03,0,0,0.0000
3151,1620.93,6355.36,2,5,2.5000
3152,1520.50,6821.99,0,0,0.0000
3153,1557.82,6554.56,NaN,NaN,NaN
3154,1392.89,6278.41,NaN,NaN,NaN
3155,1454.92,6754.35,2,2,0.0000
3156,1494.41,6698.85,0,0,0.0000
3157,1444.88,6311.09,NaN,NaN,NaN
3158,1230.42,6420.03,0,0,0.0000
3159,1492.65,6587.78,2,3,0.0000
3160,1431.86,6572.64,0,0,0.0000
3161,1594.73,6849.27,2,3,0.0000
3162,1309.05,6474.68,NaN,NaN,NaN
3163,1342.12,6619.79,NaN,NaN,NaN
3164,1609.45,6514.11,0,0,0.0000
3165,1677.06,6606.79,NaN,NaN,NaN
3166,1756.92,6274.22,2,3,0.0000
3167,1904.57,6804.98,0,0,0.0000
3168,1837.07,6412.60,NaN,NaN,NaN
3169,1884.53,6603.37,NaN,NaN,NaN
3170,1730.26,6860.07,NaN,NaN,NaN
3171,1970.66,6771.35,0,0,0.0000
3172,1958.50,6603.38,NaN,NaN,NaN
3173,2019.15,6679.52,NaN,NaN,NaN
3174,1811.84,6509.82,NaN,NaN,NaN
3175,1714.64,6380.67,2,2,0.0000
3176,1965.68,6363.30,0,0,0.0000
3177,1908.76,6480.46,NaN,NaN,NaN
3178,1995.59,6932.31,NaN,NaN,NaN
3179,1952.08,6439.62,NaN,NaN,NaN
3180,1679.28,6484.12,NaN,NaN,NaN
3181,1860.65,6320.15,NaN,NaN,NaN
3182,2051.71,6877.33,3,6,2.0000
3183,1809.40,6947.34,3,3,0.0000
3184,1785.14,6723.76,NaN,NaN,NaN
3185,1859.44,6708.49,0,0,0.0000
3186,1792.54,6628.70,0,0,0.0000
3187,2129.39,6990.89,5,5,0.0000
3188,1869.54,6986.05,3,4,0.0000
3189,1752.31,6935.35,2,2,0.0000
3190,2041.68,6943.91,0,0,0.0000
3191,1666.38,6405.05,2,6,3.0000
3192,1977.04,6526.38,4,6,0.0000
3193,2027.81,7036.67,NaN,NaN,NaN
3194,1892.76,6539.47,NaN,NaN,NaN
3195,1807.48,6672.71,0,0,0.0000
3196,1717.19,6739.35,NaN,NaN,NaN
3197,2000.28,6449.55,NaN,NaN,NaN
3198,1758.46,6494.02,NaN,NaN,NaN
3199,1779.61,6377.60,NaN,NaN,NaN
3200,2197.96,6972.38,0,0,0.0000
3201,1894.71,6387.87,0,0,0.0000
3202,2938.60,6616.33,NaN,NaN,NaN
3203,2943.92,6534.27,NaN,NaN,NaN
3204,2969.99,6810.39,NaN,NaN,NaN
3205,2895.16,6462.96,NaN,NaN,NaN
3206,2970.13,6735.80,0,0,0.0000
3207,2967.89,6920.45,0,0,0.0000
3208,2944.93,6396.91,2,4,2.0000
3209,2982.96,6977.48,NaN,NaN,NaN
3210,2966.76,6454.33,2,3,0.0000
3211,2952.86,6868.88,0,0,0.0000
3212,2935.77,7014.25,0,0,0.0000
3213,3828.78,6987.10,2,3,0.0000
3214,3416.30,6474.17,NaN,NaN,NaN
3215,3740.30,7009.22,0,0,0.0000
3216,3419.78,6692.04,NaN,NaN,NaN
3217,3394.12,6761.17,0,0,0.0000
3218,3393.43,6716.70,NaN,NaN,NaN
3219,3473.42,6942.18,NaN,NaN,NaN
3220,3455.73,6446.51,2,2,0.0000
3221,3328.37,6644.89,0,0,0.0000
3222,3303.08,6718.86,NaN,NaN,NaN
3223,3462.04,6797.69,0,0,0.0000
3224,3401.97,6521.56,0,0,0.0000
3225,3567.55,6989.56,0,0,0.0000
3226,3776.02,6968.34,NaN,NaN,NaN
3227,3698.54,6965.00,NaN,NaN,NaN
3228,3466.52,6755.29,0,0,0.0000
3229,3323.10,6587.63,NaN,NaN,NaN
3230,3714.18,6924.93,0,0,0.0000
3231,3356.86,6596.10,NaN,NaN,NaN
3232,3414.99,6404.62,NaN,NaN,NaN
3233,3676.87,6901.39,0,0,0.0000
3234,3391.99,6560.84,0,0,0.0000
3235,3588.32,6906.84,0,0,0.0000
3236,4598.59,6703.98,0,0,0.0000
3237,4675.40,7003.56,2,3,0.0000
3238,4732.98,6440.62,2,6,3.0000
3239,4733.04,6388.26,NaN,NaN,NaN
3240,4318.27,6341.21,NaN,NaN,NaN
3241,4652.12,6669.15,NaN,NaN,NaN
3242,4606.51,6963.24,NaN,NaN,NaN
3243,4708.54,6768.26,0,0,0.0000
3244,4709.26,6516.32,3,5,0.0000
3245,4616.34,6908.35,NaN,NaN,NaN
3246,4712.38,6901.02,NaN,NaN,NaN
3247,4711.94,6691.73,0,0,0.0000
3248,4688.12,6465.15,NaN,NaN,NaN
3249,4697.16,6609.29,NaN,NaN,NaN
3250,5480.59,6751.48,0,0,0.0000
3251,4860.22,7014.23,NaN,NaN,NaN
3252,4783.77,6340.20,0,0,0.0000
3253,4936.18,6953.68,NaN,NaN,NaN
3254,5425.02,6892.66,0,0,0.0000
3255,5167.69,6690.04,NaN,NaN,NaN
3256,5355.46,6677.53,NaN,NaN,NaN
3257,4816.38,6430.49,2,3,0.0000
3258,5358.30,7032.18,NaN,NaN,NaN
3259,5442.51,6979.44,2,8,4.0000
3260,5268.77,6846.23,NaN,NaN,NaN
3261,4962.09,6827.98,NaN,NaN,NaN
3262,5334.44,6876.62,NaN,NaN,NaN
3263,5053.79,6954.50,0,0,0.0000
3264,4925.91,6631.00,0,0,0.0000
3265,4797.92,6946.05,NaN,NaN,NaN
3266,5047.92,6802.64,0,0,0.0000
3267,4926.11,6741.85,NaN,NaN,NaN
3268,5057.44,6308.94,NaN,NaN,NaN
3269,5135.94,6783.82,NaN,NaN,NaN
3270,5198.10,6981.68,NaN,NaN,NaN
3271,5137.89,6890.92,NaN,NaN,NaN
3272,5313.99,6586.34,NaN,NaN,NaN
3273,5245.58,6521.25,NaN,NaN,NaN
3274,4758.82,6562.37,NaN,NaN,NaN
3275,5417.88,6799.17,0,0,0.0000
3276,4855.89,6897.59,0,0,0.0000
3277,5326.62,6751.86,0,0,0.0000
3278,5205.44,6910.09,NaN,NaN,NaN
3279,5265.78,6773.19,0,0,0.0000
3280,5445.19,6647.68,0,0,0.0000
3281,4849.95,6776.94,NaN,NaN,NaN
3282,4793.66,6507.49,NaN,NaN,NaN
3283,5294.31,6988.57,0,0,0.0000
3284,5101.99,6395.83,NaN,NaN,NaN
3285,5364.10,6548.71,NaN,NaN,NaN
3286,5120.75,6634.50,NaN,NaN,NaN
3287,4983.34,6734.65,NaN,NaN,NaN
3288,4806.11,6852.36,NaN,NaN,NaN
3289,5192.55,6569.42,NaN,NaN,NaN
3290,4862.08,6679.05,0,0,0.0000
3291,4782.47,6792.13,2,4,2.0000
3292,4750.94,6857.91,NaN,NaN,NaN
3293,5250.91,6652.70,NaN,NaN,NaN
3294,4920.30,6419.11,0,0,0.0000
3295,5086.56,7031.37,0,0,0.0000
3296,4996.76,6907.09,0,0,0.0000
3297,5044.04,6431.12,NaN,NaN,NaN
3298,5119.33,6569.50,0,0,0.0000
3299,5156.03,6347.69,0,0,0.0000
3300,4948.29,6319.76,2,5,2.5000
3301,5305.09,6509.31,NaN,NaN,NaN
3302,5237.84,6295.51,NaN,NaN,NaN
3303,5401.22,6460.88,0,0,0.0000
3304,4740.42,6977.63,0,0,0.0000
3305,5032.80,6871.23,0,0,0.0000
3306,5048.43,6699.23,0,0,0.0000
3307,5220.18,6620.68,NaN,NaN,NaN
3308,5235.47,6724.15,0,0,0.0000
3309,4895.77,6850.37,NaN,NaN,NaN
3310,5259.34,6588.89,NaN,NaN,NaN
3311,5007.00,6750.29,NaN,NaN,NaN
3312,5185.07,6303.88,0,0,0.0000
3313,5181.98,6849.56,NaN,NaN,NaN
3314,5009.67,6378.30,0,0,0.0000
3315,5128.05,6950.88,NaN,NaN,NaN
3316,4856.43,6828.69,NaN,NaN,NaN
3317,5008.51,6333.94,NaN,NaN,NaN
3318,4946.40,6485.66,NaN,NaN,NaN
3319,5068.98,6747.20,NaN,NaN,NaN
3320,5103.85,6604.82,0,0,0.0000
3321,5195.52,6535.60,0,0,0.0000
3322,5423.56,6678.50,0,0,0.0000
3323,5154.98,6735.45,0,0,0.0000
3324,5126.18,6995.01,NaN,NaN,NaN
3325,4868.66,6728.34,0,0,0.0000
3326,5120.74,6836.03,NaN,NaN,NaN
3327,5082.71,6863.59,NaN,NaN,NaN
3328,5171.59,6649.88,NaN,NaN,NaN
3329,5042.08,7039.90,0,0,0.0000
3330,5188.57,6604.76,NaN,NaN,NaN
3331,5469.27,6477.94,0,0,0.0000
3332,5237.91,7025.49,2,2,0.0000
3333,4769.06,6895.22,NaN,NaN,NaN
3334,5620.51,6799.00,NaN,NaN,NaN
3335,5531.55,6604.56,2,7,3.5000
3336,5508.35,6869.93,0,0,0.0000
3337,5552.67,6451.22,NaN,NaN,NaN
3338,5752.56,6722.72,3,5,0.0000
3339,5584.31,6370.29,3,6,2.0000
3340,5535.87,6528.70,0,0,0.0000
3341,5719.50,6796.95,0,0,0.0000
3342,5747.66,6485.35,0,0,0.0000
3343,5514.59,6363.30,2,5,2.5000
3344,5674.72,6904.98,0,0,0.0000
3345,5624.47,6429.80,0,0,0.0000
3346,5756.66,6928.92,NaN,NaN,NaN
3347,5654.03,6588.04,NaN,NaN,NaN
3348,5589.69,6895.30,0,0,0.0000
3349,5550.94,6973.80,2,11,5.5000
3350,5716.75,6859.59,0,0,0.0000
3351,5807.70,6930.18,NaN,NaN,NaN
3352,5517.29,7013.01,NaN,NaN,NaN
3353,5617.26,6935.36,0,0,0.0000
3354,5570.16,7010.87,2,3,0.0000
3355,6711.42,6343.07,3,7,2.3333
3356,6906.31,6330.38,2,4,2.0000
3357,6973.24,6293.02,NaN,NaN,NaN
3358,6970.14,6529.56,3,2,0.0000
3359,6870.11,6522.67,3,4,0.0000
3360,6607.25,6320.55,3,4,0.0000
3361,6798.10,6542.04,NaN,NaN,NaN
3362,6840.79,6389.95,7,14,2.0000
3363,6773.37,6386.53,0,0,0.0000
3364,6895.50,6607.21,NaN,NaN,NaN
3365,6803.95,6698.23,NaN,NaN,NaN
3366,6931.24,6430.72,3,6,2.0000
3367,6807.36,6594.95,NaN,NaN,NaN
3368,6658.84,6281.67,0,0,0.0000
3369,6867.59,6431.29,NaN,NaN,NaN
3370,6852.20,6615.65,0,0,0.0000
3371,6868.67,6683.61,NaN,NaN,NaN
3372,6745.80,6677.36,NaN,NaN,NaN
3373,6803.67,6752.59,NaN,NaN,NaN
3374,6844.58,6761.23,0,0,0.0000
3375,6705.96,6686.08,NaN,NaN,NaN
3376,7049.11,6433.91,NaN,NaN,NaN
3377,7049.17,6330.10,NaN,NaN,NaN
3378,7135.63,6402.40,0,0,0.0000
3379,7181.77,6468.41,NaN,NaN,NaN
3380,7064.36,6550.34,0,0,0.0000
3381,2119.58,7092.12,NaN,NaN,NaN
3382,1895.50,7040.93,NaN,NaN,NaN
3383,1906.28,7095.36,0,0,0.0000
3384,2117.92,7187.61,NaN,NaN,NaN
3385,2077.16,7168.18,0,0,0.0000
3386,2169.49,7126.88,0,0,0.0000
3387,2928.10,7197.71,0,0,0.0000
3388,2899.95,7237.88,NaN,NaN,NaN
3389,3837.85,7092.15,2,3,0.0000
3390,3870.35,7240.83,2,2,0.0000
3391,3786.00,7221.48,NaN,NaN,NaN
3392,3967.32,7059.78,0,0,0.0000
3393,3728.45,7111.36,NaN,NaN,NaN
3394,3763.57,7075.28,NaN,NaN,NaN
3395,3910.99,7055.54,0,0,0.0000
3396,3489.57,7168.77,NaN,NaN,NaN
3397,3904.47,7134.74,2,4,2.0000
3398,3706.03,7176.57,NaN,NaN,NaN
3399,3471.11,7112.73,NaN,NaN,NaN
3400,3436.12,7151.92,0,0,0.0000
3401,3716.19,7213.18,0,0,0.0000
3402,3938.02,7196.07,NaN,NaN,NaN
3403,3418.34,7239.04,NaN,NaN,NaN
3404,4726.01,7176.14,5,4,0.0000
3405,4731.57,7218.13,NaN,NaN,NaN
3406,5401.46,7196.43,NaN,NaN,NaN
3407,5161.50,7143.60,0,0,0.0000
3408,5275.30,7194.79,0,0,0.0000
3409,5049.81,7200.54,0,0,0.0000
3410,5269.53,7096.56,NaN,NaN,NaN
3411,4844.32,7257.34,NaN,NaN,NaN
3412,5173.38,7241.44,3,7,2.3333
3413,4934.08,7123.56,2,3,0.0000
3414,4951.40,7044.18,NaN,NaN,NaN
3415,5351.79,7232.55,2,6,3.0000
3416,4863.09,7133.86,0,0,0.0000
3417,5187.55,7063.83,0,0,0.0000
3418,5247.27,7280.36,NaN,NaN,NaN
3419,5466.37,7112.77,NaN,NaN,NaN
3420,4887.76,7176.70,NaN,NaN,NaN
3421,5120.59,7076.02,0,0,0.0000
3422,4990.88,7208.07,NaN,NaN,NaN
3423,4808.15,7065.21,NaN,NaN,NaN
3424,5075.72,7116.70,0,0,0.0000
3425,4970.46,7270.42,3,2,0.0000
3426,5379.04,7287.87,2,2,0.0000
3427,4918.14,7234.08,NaN,NaN,NaN
3428,4940.48,7263.80,NaN,NaN,NaN
3429,4986.77,7093.59,NaN,NaN,NaN
3430,4862.05,7096.61,NaN,NaN,NaN
3431,5518.01,7062.03,0,0,0.0000
3432,5582.99,7159.60,3,13,4.3333
3433,5581.68,7075.81,0,0,0.0000
3434,265.59,7842.69,NaN,NaN,NaN
3435,235.13,7626.49,NaN,NaN,NaN
3436,296.33,8111.15,NaN,NaN,NaN
3437,438.86,7978.96,3,5,0.0000
3438,689.75,7650.72,NaN,NaN,NaN
3439,324.79,7527.83,NaN,NaN,NaN
3440,628.74,7951.86,NaN,NaN,NaN
3441,419.43,8089.33,NaN,NaN,NaN
3442,437.90,7790.28,NaN,NaN,NaN
3443,850.75,8046.20,NaN,NaN,NaN
3444,325.94,7773.96,2,3,0.0000
3445,669.36,8124.98,NaN,NaN,NaN
3446,418.36,7657.03,2,4,2.0000
3447,492.41,7719.15,NaN,NaN,NaN
3448,773.00,8077.17,3,6,2.0000
3449,191.99,8043.00,NaN,NaN,NaN
3450,59.67,8008.72,0,0,0.0000
3451,59.30,7627.01,0,0,0.0000
3452,570.67,8120.87,0,0,0.0000
3453,688.58,7857.60,2,2,0.0000
3454,105.32,8099.22,NaN,NaN,NaN
3455,522.18,7783.16,NaN,NaN,NaN
3456,115.94,7543.63,NaN,NaN,NaN
3457,111.87,7676.38,NaN,NaN,NaN
3458,588.77,7617.33,2,1,0.0000
3459,398.78,7570.13,2,3,0.0000
3460,499.20,7628.01,NaN,NaN,NaN
3461,348.62,7646.46,NaN,NaN,NaN
3462,453.75,7878.91,3,4,0.0000
3463,268.21,7953.48,NaN,NaN,NaN
3464,109.75,7828.68,0,0,0.0000
3465,814.08,7786.63,NaN,NaN,NaN
3466,426.88,7492.46,NaN,NaN,NaN
3467,197.21,7929.46,NaN,NaN,NaN
3468,710.43,8038.78,NaN,NaN,NaN
3469,822.08,7870.85,2,4,2.0000
3470,631.81,7727.22,0,0,0.0000
3471,337.38,8038.75,NaN,NaN,NaN
3472,185.55,7463.52,2,3,0.0000
3473,810.05,7941.57,NaN,NaN,NaN
3474,466.09,7562.04,2,5,2.5000
3475,577.97,8045.38,3,3,0.0000
3476,366.23,7824.31,0,0,0.0000
3477,99.76,7903.23,NaN,NaN,NaN
3478,146.60,7596.63,0,0,0.0000
3479,88.23,7963.44,NaN,NaN,NaN
3480,277.44,7705.88,2,5,2.5000
3481,624.47,8069.31,NaN,NaN,NaN
3482,505.85,8122.94,NaN,NaN,NaN
3483,265.25,7472.66,NaN,NaN,NaN
3484,519.88,7864.71,0,0,0.0000
3485,842.65,7744.61,NaN,NaN,NaN
3486,148.88,7793.89,2,6,3.0000
3487,484.16,8072.26,NaN,NaN,NaN
3488,737.34,7790.44,0,0,0.0000
3489,739.77,7959.81,NaN,NaN,NaN
3490,185.27,7778.68,0,0,0.0000
3491,560.52,7683.99,NaN,NaN,NaN
3492,204.99,7507.66,NaN,NaN,NaN
3493,160.99,8154.61,0,0,0.0000
3494,175.60,7852.01,NaN,NaN,NaN
3495,865.03,7844.66,0,0,0.0000
3496,129.73,8028.41,NaN,NaN,NaN
3497,385.01,8146.17,4,4,0.0000
3498,19.67,7541.59,0,0,0.0000
3499,788.35,7989.73,0,0,0.0000
3500,532.12,7499.78,NaN,NaN,NaN
3501,33.97,7435.57,0,0,0.0000
3502,824.01,8127.52,0,0,0.0000
3503,147.42,7963.57,0,0,0.0000
3504,776.42,7715.04,0,0,0.0000
3505,1073.67,7986.24,0,0,0.0000
3506,1278.48,8102.09,NaN,NaN,NaN
3507,917.13,7973.31,NaN,NaN,NaN
3508,1160.68,8009.34,NaN,NaN,NaN
3509,920.66,7866.76,NaN,NaN,NaN
3510,1184.02,8113.74,NaN,NaN,NaN
3511,1251.54,7993.42,0,0,0.0000
3512,1091.36,7750.99,0,0,0.0000
3513,1074.90,8115.02,NaN,NaN,NaN
3514,1005.90,7930.04,NaN,NaN,NaN
3515,988.71,7797.88,NaN,NaN,NaN
3516,1065.30,7871.04,NaN,NaN,NaN
3517,1157.23,7837.77,0,0,0.0000
3518,1099.35,7818.88,0,0,0.0000
3519,1024.01,7721.07,NaN,NaN,NaN
3520,1220.82,7912.27,0,0,0.0000
3521,1183.61,7885.09,NaN,NaN,NaN
3522,900.53,8104.50,0,0,0.0000
3523,2357.21,8052.50,4,3,0.0000
3524,2265.56,7805.81,0,0,0.0000
3525,2386.01,8155.84,NaN,NaN,NaN
3526,2216.42,7788.47,NaN,NaN,NaN
3527,2918.08,7547.40,0,0,0.0000
3528,3144.13,7975.30,NaN,NaN,NaN
3529,2912.34,7420.98,2,3,0.0000
3530,2882.26,7300.16,NaN,NaN,NaN
3531,2439.41,8070.55,NaN,NaN,NaN
3532,3178.44,8111.88,0,0,0.0000
3533,2838.98,7406.62,0,0,0.0000
3534,2915.04,8090.37,NaN,NaN,NaN
3535,2946.53,7949.25,NaN,NaN,NaN
3536,2886.31,7941.43,NaN,NaN,NaN
3537,2863.71,8043.38,0,0,0.0000
3538,2928.44,8133.86,NaN,NaN,NaN
3539,2825.21,7981.11,NaN,NaN,NaN
3540,2954.57,8060.55,0,0,0.0000
3541,2933.97,8004.16,0,0,0.0000
3542,3778.09,7365.62,NaN,NaN,NaN
3543,3856.86,7465.12,0,0,0.0000
3544,3714.75,7328.13,3,15,5.0000
3545,3205.45,7948.29,NaN,NaN,NaN
3546,3907.42,8155.02,0,0,0.0000
3547,3917.01,7428.33,NaN,NaN,NaN
3548,3882.39,8067.32,0,0,0.0000
3549,3806.42,7318.24,2,5,2.5000
3550,3234.47,8020.43,NaN,NaN,NaN
3551,3933.33,7298.49,NaN,NaN,NaN
3552,3876.48,7323.88,NaN,NaN,NaN
3553,3868.47,7992.27,NaN,NaN,NaN
3554,3814.09,7481.69,NaN,NaN,NaN
3555,3751.16,7412.81,NaN,NaN,NaN
3556,3866.81,7364.46,NaN,NaN,NaN
3557,3912.76,7498.98,NaN,NaN,NaN
3558,3727.90,7302.21,NaN,NaN,NaN
3559,5443.17,7364.48,2,3,0.0000
3560,5324.02,7498.74,2,2,0.0000
3561,5139.69,8133.84,NaN,NaN,NaN
3562,5065.73,7385.13,NaN,NaN,NaN
3563,5016.46,7314.18,NaN,NaN,NaN
3564,5400.10,7714.08,0,0,0.0000
3565,5196.85,7345.49,NaN,NaN,NaN
3566,5045.60,7563.53,0,0,0.0000
3567,5502.77,7743.37,NaN,NaN,NaN
3568,5235.59,7457.76,NaN,NaN,NaN
3569,5368.17,7606.22,NaN,NaN,NaN
3570,5286.07,7372.33,0,0,0.0000
3571,5493.15,7652.40,0,0,0.0000
3572,4908.07,7373.80,NaN,NaN,NaN
3573,5166.07,7389.84,NaN,NaN,NaN
3574,5377.34,7546.35,NaN,NaN,NaN
3575,5423.42,7633.32,NaN,NaN,NaN
3576,5037.80,7450.98,NaN,NaN,NaN
3577,5464.22,7782.91,0,0,0.0000
3578,5419.32,7560.61,NaN,NaN,NaN
3579,5011.08,7493.68,2,4,2.0000
3580,5181.78,7475.65,NaN,NaN,NaN
3581,5074.47,8138.99,NaN,NaN,NaN
3582,5261.03,7638.05,0,0,0.0000
3583,5214.36,7632.08,3,5,0.0000
3584,4935.64,7431.16,NaN,NaN,NaN
3585,5092.95,7520.98,0,0,0.0000
3586,5480.93,7579.91,0,0,0.0000
3587,5443.98,7482.63,NaN,NaN,NaN
3588,5109.20,7299.15,NaN,NaN,NaN
3589,4829.25,7336.26,NaN,NaN,NaN
3590,4918.88,7298.50,0,0,0.0000
3591,5325.24,7651.15,NaN,NaN,NaN
3592,5297.42,7435.88,4,5,0.0000
3593,5130.21,7549.44,0,0,0.0000
3594,5281.37,7608.58,3,4,0.0000
3595,5111.27,7455.27,NaN,NaN,NaN
3596,4911.54,7333.32,NaN,NaN,NaN
3597,5155.26,7431.75,0,0,0.0000
3598,5466.70,7701.10,NaN,NaN,NaN
3599,5418.57,7297.75,NaN,NaN,NaN
3600,5380.67,7338.24,2,1,0.0000
3601,5251.80,7413.88,2,3,0.0000
3602,5017.86,8158.09,NaN,NaN,NaN
3603,5000.22,7456.54,NaN,NaN,NaN
3604,5038.58,8138.85,0,0,0.0000
3605,5401.79,7812.71,0,0,0.0000
3606,5251.35,7532.65,NaN,NaN,NaN
3607,5304.06,7597.31,NaN,NaN,NaN
3608,5171.00,7622.70,2,2,0.0000
3609,5527.13,7519.66,4,2,0.0000
3610,5677.84,7797.32,2,3,0.0000
3611,5626.22,7588.64,2,3,0.0000
3612,5714.78,7652.39,2,5,2.5000
3613,5585.97,7692.36,3,7,2.3333
3614,5991.78,7720.23,2,1,0.0000
3615,5655.65,7744.99,0,0,0.0000
3616,5647.91,7873.04,0,0,0.0000
3617,6014.01,7480.91,NaN,NaN,NaN
3618,5935.31,7766.42,2,6,3.0000
3619,5741.41,7765.97,NaN,NaN,NaN
3620,5754.46,7875.43,0,0,0.0000
3621,5669.80,7313.24,0,0,0.0000
3622,5742.32,7609.37,3,6,2.0000
3623,6039.63,7774.54,4,4,0.0000
3624,5526.18,7581.78,0,0,0.0000
3625,5869.41,7530.30,NaN,NaN,NaN
3626,5504.01,7415.30,NaN,NaN,NaN
3627,5956.70,7589.33,NaN,NaN,NaN
3628,5835.10,7708.87,2,2,0.0000
3629,5713.01,7700.88,NaN,NaN,NaN
3630,5777.14,7816.10,NaN,NaN,NaN
3631,5528.26,7792.37,NaN,NaN,NaN
3632,5559.20,7427.68,0,0,0.0000
3633,5931.36,7709.90,0,0,0.0000
3634,5540.29,7632.78,0,0,0.0000
3635,5842.04,7777.65,2,4,2.0000
3636,5788.28,7570.46,0,0,0.0000
3637,5806.94,7747.56,NaN,NaN,NaN
3638,6019.79,7687.05,NaN,NaN,NaN
3639,5898.02,7713.71,2,8,4.0000
3640,5979.48,7661.14,0,0,0.0000
3641,5923.46,7480.93,2,2,0.0000
3642,5637.39,7708.10,NaN,NaN,NaN
3643,5920.96,7515.00,2,2,0.0000
3644,5972.52,7429.23,NaN,NaN,NaN
3645,5603.63,7787.98,2,4,2.0000
3646,7700.87,7520.86,NaN,NaN,NaN
3647,7789.94,7407.24,0,0,0.0000
3648,7755.04,7454.36,0,0,0.0000
3649,8087.28,8176.82,NaN,NaN,NaN
3650,8046.48,8184.43,2,2,0.0000
