cell_id,centroid_x,centroid_y,reddot,blackdot,score
1,891.37,629.70,NaN,NaN,NaN
2,776.82,498.36,NaN,NaN,NaN
3,831.61,385.18,NaN,NaN,NaN
4,809.35,252.66,NaN,NaN,NaN
5,487.96,120.74,0,0,0.0000
6,744.69,142.90,NaN,NaN,NaN
7,68.76,613.05,4,1,0.0000
8,669.18,174.77,NaN,NaN,NaN
9,729.03,257.97,0,0,0.0000
10,828.35,52.06,NaN,NaN,NaN
11,853.54,105.92,2,4,2.0000
12,38.19,884.92,2,4,2.0000
13,734.53,642.67,NaN,NaN,NaN
14,365.57,865.49,NaN,NaN,NaN
15,121.41,802.86,0,0,0.0000
16,588.10,248.39,NaN,NaN,NaN
17,654.05,29.54,2,2,0.0000
18,188.77,825.21,NaN,NaN,NaN
19,726.92,567.90,3,2,0.0000
20,96.32,887.21,0,0,0.0000
21,290.01,29.05,0,0,0.0000
22,784.35,158.73,NaN,NaN,NaN
23,632.61,81.19,0,0,0.0000
24,457.21,839.49,0,0,0.0000
25,841.49,180.89,NaN,NaN,NaN
26,140.28,759.65,0,0,0.0000
27,317.10,814.49,2,4,2.0000
28,725.42,429.45,NaN,NaN,NaN
29,146.19,880.64,0,0,0.0000
30,764.52,356.61,NaN,NaN,NaN
31,548.00,114.59,3,4,0.0000
32,389.59,769.07,0,0,0.0000
33,105.43,708.54,0,0,0.0000
34,430.82,29.20,0,0,0.0000
35,679.17,381.55,0,0,0.0000
36,811.89,106.83,0,0,0.0000
37,735.02,376.90,0,0,0.0000
38,129.36,845.88,0,0,0.0000
39,603.80,45.64,2,2,0.0000
40,700.05,112.86,NaN,NaN,NaN
41,44.82,811.33,0,0,0.0000
42,345.84,742.94,NaN,NaN,NaN
43,779.28,597.51,3,3,0.0000
44,24.18,847.86,0,0,0.0000
45,598.55,128.00,NaN,NaN,NaN
46,80.91,832.96,0,0,0.0000
47,85.72,761.02,0,0,0.0000
48,467.09,157.39,0,0,0.0000
49,582.92,197.15,NaN,NaN,NaN
50,391.30,731.00,NaN,NaN,NaN
51,772.15,306.27,0,0,0.0000
52,683.99,252.53,NaN,NaN,NaN
53,1294.52,324.07,2,4,2.0000
54,1337.72,586.38,0,0,0.0000
55,1597.06,113.77,2,4,2.0000
56,1493.07,265.24,2,3,0.0000
57,1449.25,442.69,0,0,0.0000
58,1180.14,101.37,0,0,0.0000
59,1319.05,108.16,NaN,NaN,NaN
60,1404.62,312.67,0,0,0.0000
61,1650.31,529.62,4,4,0.0000
62,1614.89,315.37,2,7,3.5000
63,911.06,115.77,NaN,NaN,NaN
64,1064.33,129.71,4,6,0.0000
65,917.06,261.71,NaN,NaN,NaN
66,1042.18,649.47,2,3,0.0000
67,1213.92,170.02,NaN,NaN,NaN
68,1033.54,449.38,NaN,NaN,NaN
69,1327.69,850.32,NaN,NaN,NaN
70,1053.04,514.72,NaN,NaN,NaN
71,1495.09,117.52,NaN,NaN,NaN
72,1655.93,733.03,NaN,NaN,NaN
73,1204.06,671.54,2,5,2.5000
74,903.10,417.33,NaN,NaN,NaN
75,1255.58,36.88,NaN,NaN,NaN
76,1431.50,792.62,NaN,NaN,NaN
77,1398.22,662.88,0,0,0.0000
78,1202.26,727.45,NaN,NaN,NaN
79,976.64,110.57,NaN,NaN,NaN
80,1172.79,528.56,NaN,NaN,NaN
81,1120.78,169.86,NaN,NaN,NaN
82,1053.28,270.48,NaN,NaN,NaN
83,1527.75,523.94,NaN,NaN,NaN
84,1630.67,460.34,0,0,0.0000
85,1292.07,516.81,NaN,NaN,NaN
86,984.75,560.14,2,7,3.5000
87,998.78,35.55,2,6,3.0000
88,1142.24,361.34,NaN,NaN,NaN
89,1593.88,658.07,3,5,0.0000
90,1091.09,579.72,NaN,NaN,NaN
91,1156.18,587.86,NaN,NaN,NaN
92,1370.36,832.68,2,4,2.0000
93,1170.31,871.37,NaN,NaN,NaN
94,1246.86,789.39,2,6,3.0000
95,988.93,228.41,2,3,0.0000
96,1471.55,354.02,0,0,0.0000
97,1149.99,808.09,NaN,NaN,NaN
98,1549.36,453.10,NaN,NaN,NaN
99,1528.35,393.87,0,0,0.0000
100,982.01,644.26,NaN,NaN,NaN
101,1526.50,672.10,0,0,0.0000
102,1004.18,315.06,3,2,0.0000
103,1455.08,872.59,NaN,NaN,NaN
104,1325.50,468.87,NaN,NaN,NaN
105,1651.61,887.50,NaN,NaN,NaN
106,1137.76,433.03,2,4,2.0000
107,1269.70,882.10,0,0,0.0000
108,1333.99,691.12,NaN,NaN,NaN
109,1035.90,77.08,3,3,0.0000
110,1114.85,737.06,NaN,NaN,NaN
111,1215.68,335.28,0,0,0.0000
112,1475.27,832.29,NaN,NaN,NaN
113,1597.31,732.93,NaN,NaN,NaN
114,1482.80,708.26,0,0,0.0000
115,1522.45,595.33,NaN,NaN,NaN
116,1202.81,409.99,2,0,0.0000
117,1266.35,721.11,NaN,NaN,NaN
118,1120.13,649.12,NaN,NaN,NaN
119,1078.92,330.99,4,7,0.0000
120,1562.99,846.85,NaN,NaN,NaN
121,1556.61,362.82,NaN,NaN,NaN
122,1221.58,464.37,NaN,NaN,NaN
123,1319.26,746.34,NaN,NaN,NaN
124,958.45,458.10,NaN,NaN,NaN
125,1500.53,15.76,0,0,0.0000
126,1635.35,835.65,NaN,NaN,NaN
127,1117.65,891.32,0,0,0.0000
128,1495.35,778.86,NaN,NaN,NaN
129,1007.95,384.17,3,5,0.0000
130,1639.46,796.29,NaN,NaN,NaN
131,1030.28,359.88,0,0,0.0000
132,1554.18,195.57,NaN,NaN,NaN
133,1549.05,730.09,0,0,0.0000
134,1345.82,754.24,NaN,NaN,NaN
135,1468.65,743.64,0,0,0.0000
136,1416.65,731.88,0,0,0.0000
137,2371.27,143.54,2,4,2.0000
138,1861.00,183.16,5,6,0.0000
139,2111.81,194.21,NaN,NaN,NaN
140,1714.91,600.34,2,4,2.0000
141,2101.32,758.80,NaN,NaN,NaN
142,1667.08,411.14,NaN,NaN,NaN
143,1704.37,309.07,0,0,0.0000
144,2019.63,349.94,2,2,0.0000
145,2182.66,742.83,NaN,NaN,NaN
146,2368.81,501.87,NaN,NaN,NaN
147,1805.89,488.15,NaN,NaN,NaN
148,2027.31,648.15,2,7,3.5000
149,1887.71,676.71,NaN,NaN,NaN
150,1857.26,877.75,NaN,NaN,NaN
151,2008.78,454.43,NaN,NaN,NaN
152,2272.49,506.91,NaN,NaN,NaN
153,2348.90,564.42,NaN,NaN,NaN
154,1804.30,302.36,NaN,NaN,NaN
155,2296.08,895.63,NaN,NaN,NaN
156,1858.81,790.48,2,6,3.0000
157,2207.14,399.66,0,0,0.0000
158,1731.67,225.61,NaN,NaN,NaN
159,1740.13,160.79,0,0,0.0000
160,2372.07,330.81,0,0,0.0000
161,1669.08,26.98,2,3,0.0000
162,2063.92,808.79,0,0,0.0000
163,1934.87,374.69,0,0,0.0000
164,2254.19,726.18,NaN,NaN,NaN
165,1818.73,666.87,2,4,2.0000
166,2043.10,526.22,2,2,0.0000
167,2128.87,68.34,NaN,NaN,NaN
168,1729.39,679.05,3,8,2.6667
169,2201.02,815.42,NaN,NaN,NaN
170,1731.82,77.78,NaN,NaN,NaN
171,1789.95,588.86,NaN,NaN,NaN
172,2029.76,877.49,NaN,NaN,NaN
173,2364.44,645.27,NaN,NaN,NaN
174,2179.31,239.59,0,0,0.0000
175,1776.78,231.98,NaN,NaN,NaN
176,2278.42,587.98,NaN,NaN,NaN
177,2005.29,763.53,0,0,0.0000
178,1875.46,419.80,NaN,NaN,NaN
179,1704.97,773.88,NaN,NaN,NaN
180,2419.32,88.32,NaN,NaN,NaN
181,2313.49,230.72,3,5,0.0000
182,1861.37,263.46,NaN,NaN,NaN
183,1736.65,819.48,NaN,NaN,NaN
184,1973.24,557.02,0,0,0.0000
185,1913.21,42.64,0,0,0.0000
186,1942.62,473.31,2,5,2.5000
187,2315.64,844.55,0,0,0.0000
188,1841.64,411.70,3,9,3.0000
189,2406.45,266.77,NaN,NaN,NaN
190,1742.44,384.45,0,0,0.0000
191,1808.25,816.30,0,0,0.0000
192,2259.81,820.96,NaN,NaN,NaN
193,1770.76,416.46,NaN,NaN,NaN
194,2156.58,127.83,4,4,0.0000
195,2333.91,668.73,NaN,NaN,NaN
196,1902.18,421.01,NaN,NaN,NaN
197,2338.91,400.86,0,0,0.0000
198,2021.46,581.21,NaN,NaN,NaN
199,1759.70,756.46,0,0,0.0000
200,1916.56,159.33,NaN,NaN,NaN
201,2301.59,628.71,0,0,0.0000
202,2008.02,820.30,0,0,0.0000
203,1737.56,503.43,NaN,NaN,NaN
204,1699.33,377.92,0,0,0.0000
205,2373.35,31.57,NaN,NaN,NaN
206,2939.53,513.93,0,0,0.0000
207,2725.84,642.48,NaN,NaN,NaN
208,2538.14,632.08,3,8,2.6667
209,2670.23,434.83,2,6,3.0000
210,3158.38,303.46,2,2,0.0000
211,2664.31,266.07,NaN,NaN,NaN
212,2760.24,501.84,2,2,0.0000
213,2902.12,223.19,NaN,NaN,NaN
214,3096.36,78.35,0,0,0.0000
215,2871.44,121.28,0,0,0.0000
216,2721.40,746.07,2,3,0.0000
217,2513.04,834.82,NaN,NaN,NaN
218,2738.54,171.95,2,5,2.5000
219,2464.54,166.59,NaN,NaN,NaN
220,3160.35,894.15,0,0,0.0000
221,2581.08,494.93,2,3,0.0000
222,3031.62,320.34,3,2,0.0000
223,2729.80,90.28,NaN,NaN,NaN
224,3192.24,734.66,0,0,0.0000
225,2500.81,244.37,NaN,NaN,NaN
226,3152.33,507.17,NaN,NaN,NaN
227,2476.00,521.30,NaN,NaN,NaN
228,3099.91,596.33,NaN,NaN,NaN
229,2448.93,420.08,3,4,0.0000
230,2630.33,544.08,NaN,NaN,NaN
231,2461.13,601.34,NaN,NaN,NaN
232,2657.47,170.37,2,5,2.5000
233,2965.30,178.95,0,0,0.0000
234,2686.73,531.49,0,0,0.0000
235,3125.49,151.56,NaN,NaN,NaN
236,3086.29,230.91,0,0,0.0000
237,2494.97,736.62,0,0,0.0000
238,2822.21,531.58,NaN,NaN,NaN
239,3020.62,123.94,NaN,NaN,NaN
240,3183.49,72.61,NaN,NaN,NaN
241,2629.74,74.41,NaN,NaN,NaN
242,2607.85,341.61,0,0,0.0000
243,2909.75,345.99,NaN,NaN,NaN
244,3110.69,694.50,NaN,NaN,NaN
245,3058.69,651.23,2,1,0.0000
246,3005.45,247.81,0,0,0.0000
247,2824.85,663.40,0,0,0.0000
248,2531.86,322.20,0,0,0.0000
249,3159.01,422.77,NaN,NaN,NaN
250,3042.29,558.59,2,4,2.0000
251,2843.14,265.65,NaN,NaN,NaN
252,2868.37,456.40,0,0,0.0000
253,2563.38,414.56,0,0,0.0000
254,2831.14,201.19,NaN,NaN,NaN
255,2796.91,179.57,NaN,NaN,NaN
256,2672.91,590.60,0,0,0.0000
257,3007.43,622.13,0,0,0.0000
258,2795.28,85.12,0,0,0.0000
259,3059.73,190.16,NaN,NaN,NaN
260,2652.73,798.46,0,0,0.0000
261,2945.63,425.27,NaN,NaN,NaN
262,3190.74,840.62,NaN,NaN,NaN
263,2456.03,316.33,NaN,NaN,NaN
264,3063.21,525.04,NaN,NaN,NaN
265,2539.40,181.91,0,0,0.0000
266,3116.24,831.61,NaN,NaN,NaN
267,3173.93,198.99,0,0,0.0000
268,2512.74,391.08,2,3,0.0000
269,3030.57,389.02,NaN,NaN,NaN
270,2602.51,275.99,2,8,4.0000
271,2481.97,80.36,NaN,NaN,NaN
272,2953.45,290.72,3,3,0.0000
273,2664.94,16.95,NaN,NaN,NaN
274,3481.61,806.78,2,2,0.0000
275,3682.23,877.78,NaN,NaN,NaN
276,3858.16,784.23,2,4,2.0000
277,3678.54,196.89,0,0,0.0000
278,3591.89,523.28,NaN,NaN,NaN
279,3397.15,495.76,0,0,0.0000
280,3303.76,327.47,2,4,2.0000
281,3357.42,841.15,0,0,0.0000
282,3552.23,102.70,NaN,NaN,NaN
283,3332.65,77.49,0,0,0.0000
284,3220.44,531.97,NaN,NaN,NaN
285,3734.26,772.23,NaN,NaN,NaN
286,3369.75,229.23,NaN,NaN,NaN
287,3495.65,625.72,NaN,NaN,NaN
288,3618.95,781.68,0,0,0.0000
289,3488.36,351.78,0,0,0.0000
290,3683.20,288.09,0,0,0.0000
291,3750.48,561.86,NaN,NaN,NaN
292,3562.84,296.14,NaN,NaN,NaN
293,3237.24,679.26,0,0,0.0000
294,3593.93,225.68,0,0,0.0000
295,3818.57,714.25,0,0,0.0000
296,3960.12,518.71,2,5,2.5000
297,3320.05,442.23,NaN,NaN,NaN
298,3643.47,356.74,2,3,0.0000
299,3762.50,174.01,0,0,0.0000
300,3392.41,593.92,NaN,NaN,NaN
301,3513.05,433.33,2,3,0.0000
302,3794.39,374.00,0,0,0.0000
303,3319.82,204.01,0,0,0.0000
304,3965.74,878.29,NaN,NaN,NaN
305,3241.56,812.12,NaN,NaN,NaN
306,3885.32,874.71,0,0,0.0000
307,3287.33,854.94,NaN,NaN,NaN
308,3619.67,403.00,0,0,0.0000
309,3477.27,104.06,NaN,NaN,NaN
310,3781.30,482.03,NaN,NaN,NaN
311,3458.18,216.50,NaN,NaN,NaN
312,3614.20,468.59,0,0,0.0000
313,3679.26,610.16,NaN,NaN,NaN
314,3929.08,725.58,0,0,0.0000
315,3952.65,458.42,NaN,NaN,NaN
316,3703.48,408.52,0,0,0.0000
317,3235.24,32.77,0,0,0.0000
318,3469.40,527.75,0,0,0.0000
319,3659.53,107.91,0,0,0.0000
320,3269.87,615.31,0,0,0.0000
321,3627.99,709.99,0,0,0.0000
322,3812.40,633.37,0,0,0.0000
323,3619.02,582.80,3,6,2.0000
324,3741.55,630.01,NaN,NaN,NaN
325,3820.89,685.04,NaN,NaN,NaN
326,3443.64,282.57,0,0,0.0000
327,3836.01,557.76,0,0,0.0000
328,3320.92,607.89,NaN,NaN,NaN
329,3309.94,552.91,NaN,NaN,NaN
330,3293.86,139.38,NaN,NaN,NaN
331,3208.60,620.61,3,4,0.0000
332,3745.60,35.91,NaN,NaN,NaN
333,3944.12,627.11,NaN,NaN,NaN
334,3898.23,641.04,2,4,2.0000
335,3782.73,248.58,3,5,0.0000
336,3349.60,767.60,NaN,NaN,NaN
337,3410.82,162.66,0,0,0.0000
338,3718.15,361.17,0,0,0.0000
339,3808.99,441.45,0,0,0.0000
340,3515.49,570.74,0,0,0.0000
341,3588.84,65.27,2,6,3.0000
342,3578.12,679.91,0,0,0.0000
343,3211.90,451.40,NaN,NaN,NaN
344,3877.47,460.57,0,0,0.0000
345,3255.22,389.60,0,0,0.0000
346,3902.13,436.21,0,0,0.0000
347,3559.81,364.97,NaN,NaN,NaN
348,3213.97,182.79,2,6,3.0000
349,3860.22,487.15,0,0,0.0000
350,3307.56,505.79,0,0,0.0000
351,3412.69,651.75,NaN,NaN,NaN
352,3330.71,387.21,NaN,NaN,NaN
353,3517.42,212.82,0,0,0.0000
354,3337.26,719.23,NaN,NaN,NaN
355,3405.68,707.97,NaN,NaN,NaN
356,4027.59,700.41,NaN,NaN,NaN
357,4130.76,816.96,NaN,NaN,NaN
358,3971.07,780.98,NaN,NaN,NaN
359,4050.60,824.48,NaN,NaN,NaN
360,4479.92,99.09,NaN,NaN,NaN
361,3981.59,412.50,NaN,NaN,NaN
362,4089.04,876.80,2,2,0.0000
363,4497.11,257.05,NaN,NaN,NaN
364,4451.27,138.46,0,0,0.0000
365,4434.95,228.54,NaN,NaN,NaN
366,4487.24,191.01,0,0,0.0000
367,4459.27,272.45,0,0,0.0000
368,4550.71,410.86,NaN,NaN,NaN
369,4482.38,310.02,0,0,0.0000
370,5371.83,148.14,NaN,NaN,NaN
371,5169.26,630.69,NaN,NaN,NaN
372,5120.40,206.08,0,0,0.0000
373,5251.53,491.78,0,0,0.0000
374,5366.77,495.37,2,3,0.0000
375,5053.74,310.86,0,0,0.0000
376,5134.35,118.24,NaN,NaN,NaN
377,5260.20,91.47,0,0,0.0000
378,5172.57,412.84,0,0,0.0000
379,5135.41,478.57,NaN,NaN,NaN
380,5379.48,342.10,NaN,NaN,NaN
381,5245.85,197.01,NaN,NaN,NaN
382,5324.93,768.87,NaN,NaN,NaN
383,5157.24,746.70,0,0,0.0000
384,5407.65,763.71,0,0,0.0000
385,5354.28,653.73,0,0,0.0000
386,5039.47,239.09,0,0,0.0000
387,5370.13,576.70,0,0,0.0000
388,5372.90,252.17,NaN,NaN,NaN
389,5311.28,587.47,0,0,0.0000
390,5213.58,237.19,NaN,NaN,NaN
391,5309.41,309.18,0,0,0.0000
392,5225.68,744.63,0,0,0.0000
393,5345.71,833.46,NaN,NaN,NaN
394,5124.54,564.23,NaN,NaN,NaN
395,5103.75,639.04,0,0,0.0000
396,5188.79,545.94,NaN,NaN,NaN
397,5119.75,358.94,NaN,NaN,NaN
398,5067.61,166.72,NaN,NaN,NaN
399,5221.19,317.60,NaN,NaN,NaN
400,5411.13,432.85,NaN,NaN,NaN
401,5271.52,812.48,0,0,0.0000
402,5314.68,379.53,NaN,NaN,NaN
403,5397.81,699.54,NaN,NaN,NaN
404,5293.85,678.58,0,0,0.0000
405,5203.39,98.36,NaN,NaN,NaN
406,5276.69,166.43,NaN,NaN,NaN
407,5080.63,400.26,2,3,0.0000
408,5304.25,710.42,2,0,0.0000
409,5154.72,74.00,NaN,NaN,NaN
410,5133.46,292.10,2,4,2.0000
411,6197.53,575.58,NaN,NaN,NaN
412,5875.25,496.70,NaN,NaN,NaN
413,6113.24,793.04,3,3,0.0000
414,6092.72,628.21,2,4,2.0000
415,6010.78,590.19,NaN,NaN,NaN
416,6236.35,765.97,NaN,NaN,NaN
417,5924.35,837.10,NaN,NaN,NaN
418,6057.14,470.08,NaN,NaN,NaN
419,6035.92,208.48,2,7,3.5000
420,6236.20,459.10,NaN,NaN,NaN
421,5764.20,269.48,NaN,NaN,NaN
422,6160.71,138.12,0,0,0.0000
423,6103.97,325.93,0,0,0.0000
424,5824.83,728.52,NaN,NaN,NaN
425,5776.22,567.80,NaN,NaN,NaN
426,5793.17,436.17,NaN,NaN,NaN
427,5980.60,773.44,NaN,NaN,NaN
428,5960.08,198.87,NaN,NaN,NaN
429,6232.38,88.58,NaN,NaN,NaN
430,5778.80,348.10,3,7,2.3333
431,6258.16,321.52,0,0,0.0000
432,6181.45,670.73,NaN,NaN,NaN
433,5849.30,644.01,0,0,0.0000
434,5834.29,231.14,NaN,NaN,NaN
435,6201.93,249.42,NaN,NaN,NaN
436,5987.76,300.11,NaN,NaN,NaN
437,5926.20,563.49,0,0,0.0000
438,5838.45,47.53,0,0,0.0000
439,5869.23,105.68,0,0,0.0000
440,5940.12,378.48,0,0,0.0000
441,5723.31,632.27,NaN,NaN,NaN
442,5974.69,493.66,NaN,NaN,NaN
443,5903.14,28.97,0,0,0.0000
444,5972.01,97.23,0,0,0.0000
445,5788.63,837.79,0,0,0.0000
446,6079.27,143.58,0,0,0.0000
447,6162.91,395.05,NaN,NaN,NaN
448,6259.67,875.85,0,0,0.0000
449,6151.25,481.28,NaN,NaN,NaN
450,6236.98,179.76,2,5,2.5000
451,6167.38,845.63,NaN,NaN,NaN
452,5838.60,287.42,0,0,0.0000
453,6103.69,59.91,0,0,0.0000
454,6005.47,403.79,NaN,NaN,NaN
455,5822.00,180.10,NaN,NaN,NaN
456,6103.18,250.30,NaN,NaN,NaN
457,5715.72,63.90,2,2,0.0000
458,5879.62,826.38,NaN,NaN,NaN
459,5657.25,120.35,NaN,NaN,NaN
460,6190.25,733.04,NaN,NaN,NaN
461,5878.85,154.91,NaN,NaN,NaN
462,5739.48,418.59,NaN,NaN,NaN
463,5924.03,640.78,0,0,0.0000
464,6034.10,350.52,NaN,NaN,NaN
465,5858.51,891.74,NaN,NaN,NaN
466,5963.55,678.39,0,0,0.0000
467,6129.96,195.11,0,0,0.0000
468,6016.63,675.88,NaN,NaN,NaN
469,6019.67,91.04,0,0,0.0000
470,5754.34,48.53,0,0,0.0000
471,6981.25,840.01,NaN,NaN,NaN
472,6669.98,170.19,NaN,NaN,NaN
473,6544.28,217.13,NaN,NaN,NaN
474,6380.10,374.06,NaN,NaN,NaN
475,6592.76,755.78,NaN,NaN,NaN
476,6541.41,64.54,NaN,NaN,NaN
477,6898.65,80.37,0,0,0.0000
478,6373.97,607.46,NaN,NaN,NaN
479,6751.05,111.64,2,4,2.0000
480,6651.99,399.96,NaN,NaN,NaN
481,6521.44,404.39,NaN,NaN,NaN
482,6352.93,835.60,3,5,0.0000
483,6765.79,454.64,0,0,0.0000
484,6720.73,590.81,0,0,0.0000
485,6698.83,662.48,NaN,NaN,NaN
486,6963.16,646.88,NaN,NaN,NaN
487,6837.86,486.89,0,0,0.0000
488,6504.62,521.72,NaN,NaN,NaN
489,6828.45,715.89,NaN,NaN,NaN
490,6617.99,541.54,NaN,NaN,NaN
491,6615.63,878.04,NaN,NaN,NaN
492,6583.81,363.82,NaN,NaN,NaN
493,6979.33,353.02,0,0,0.0000
494,6832.91,337.06,NaN,NaN,NaN
495,6567.83,512.43,2,3,0.0000
496,6418.12,490.79,0,0,0.0000
497,6447.45,575.29,NaN,NaN,NaN
498,6402.17,77.11,0,0,0.0000
499,7037.30,380.33,NaN,NaN,NaN
500,6325.82,731.15,0,0,0.0000
501,6457.90,153.16,NaN,NaN,NaN
502,6288.44,248.02,NaN,NaN,NaN
503,7004.41,602.67,2,6,3.0000
504,6366.31,143.29,0,0,0.0000
505,6930.19,726.96,0,0,0.0000
506,7015.55,500.16,NaN,NaN,NaN
507,6645.06,271.03,NaN,NaN,NaN
508,6866.87,849.91,NaN,NaN,NaN
509,6939.69,224.79,4,2,0.0000
510,6474.67,852.01,0,0,0.0000
511,6925.45,388.92,2,2,0.0000
512,6911.51,288.13,NaN,NaN,NaN
513,6491.42,752.93,0,0,0.0000
514,6734.18,717.70,NaN,NaN,NaN
515,6695.43,779.13,0,0,0.0000
516,6860.87,668.64,NaN,NaN,NaN
517,6754.39,810.21,NaN,NaN,NaN
518,6482.58,289.42,NaN,NaN,NaN
519,6299.12,851.97,NaN,NaN,NaN
520,6288.09,552.10,0,0,0.0000
521,6774.58,311.02,NaN,NaN,NaN
522,6690.05,503.94,NaN,NaN,NaN
523,6969.57,170.96,2,5,2.5000
524,6931.08,550.00,NaN,NaN,NaN
525,6285.20,426.22,0,0,0.0000
526,6814.07,822.15,NaN,NaN,NaN
527,6687.78,60.03,0,0,0.0000
528,6293.10,635.84,NaN,NaN,NaN
529,6420.65,822.61,0,0,0.0000
530,6454.13,677.15,NaN,NaN,NaN
531,6312.99,102.88,2,3,0.0000
532,6865.21,250.95,2,2,0.0000
533,6355.68,514.70,0,0,0.0000
534,6726.35,346.12,2,1,0.0000
535,6609.27,682.23,0,0,0.0000
536,6431.04,244.37,0,0,0.0000
537,6884.43,606.13,3,6,2.0000
538,6825.49,197.38,NaN,NaN,NaN
539,7018.12,139.17,NaN,NaN,NaN
540,6995.01,708.09,0,0,0.0000
541,6876.70,195.37,NaN,NaN,NaN
542,6762.27,205.23,0,0,0.0000
543,7078.04,716.13,NaN,NaN,NaN
544,7040.54,235.62,0,0,0.0000
545,7144.20,813.09,0,0,0.0000
546,7080.57,597.72,NaN,NaN,NaN
547,7081.84,335.28,0,0,0.0000
548,7161.30,582.61,NaN,NaN,NaN
549,7153.50,662.29,2,4,2.0000
550,7069.25,516.67,NaN,NaN,NaN
551,7068.92,817.03,2,4,2.0000
552,7192.01,873.79,NaN,NaN,NaN
553,7111.90,886.48,0,0,0.0000
554,166.24,1494.35,2,5,2.5000
555,44.12,1561.81,2,4,2.0000
556,58.92,1119.94,0,0,0.0000
557,252.50,1435.85,3,4,0.0000
558,163.99,1257.93,NaN,NaN,NaN
559,42.56,1663.46,NaN,NaN,NaN
560,281.42,1543.72,NaN,NaN,NaN
561,195.22,1626.55,NaN,NaN,NaN
562,178.91,1183.50,NaN,NaN,NaN
563,267.53,1609.50,3,6,2.0000
564,166.94,1379.79,2,3,0.0000
565,73.27,1464.93,NaN,NaN,NaN
566,46.41,978.60,2,5,2.5000
567,378.05,959.24,NaN,NaN,NaN
568,386.05,1587.75,NaN,NaN,NaN
569,52.89,1385.23,NaN,NaN,NaN
570,88.40,1198.77,NaN,NaN,NaN
571,425.53,900.29,NaN,NaN,NaN
572,140.19,1061.17,NaN,NaN,NaN
573,80.08,1279.21,0,0,0.0000
574,442.80,1542.66,0,0,0.0000
575,331.87,1499.27,0,0,0.0000
576,304.65,1406.73,0,0,0.0000
577,118.25,1620.74,NaN,NaN,NaN
578,206.17,1327.51,NaN,NaN,NaN
579,79.63,1025.64,2,3,0.0000
580,484.55,1001.33,0,0,0.0000
581,493.42,955.02,3,4,0.0000
582,181.23,1115.71,0,0,0.0000
583,394.46,1513.43,NaN,NaN,NaN
584,476.30,1626.74,NaN,NaN,NaN
585,495.58,1597.17,0,0,0.0000
586,22.96,1340.39,NaN,NaN,NaN
587,261.54,1335.72,0,0,0.0000
588,1608.06,1285.01,NaN,NaN,NaN
589,1580.06,1069.40,NaN,NaN,NaN
590,1533.75,1473.40,NaN,NaN,NaN
591,1621.40,1426.02,NaN,NaN,NaN
592,1292.48,1148.23,0,0,0.0000
593,1411.52,968.27,0,0,0.0000
594,1273.76,946.00,NaN,NaN,NaN
595,1292.19,1434.97,2,5,2.5000
596,1573.14,1584.33,3,5,0.0000
597,1513.96,1128.70,NaN,NaN,NaN
598,1398.29,1206.33,0,0,0.0000
599,1326.50,1524.14,NaN,NaN,NaN
600,1435.38,1073.93,0,0,0.0000
601,1460.08,1165.76,NaN,NaN,NaN
602,1622.73,1154.23,3,9,3.0000
603,1411.02,1546.13,2,4,2.0000
604,1490.70,1609.13,NaN,NaN,NaN
605,1382.31,1083.03,0,0,0.0000
606,1132.05,967.08,NaN,NaN,NaN
607,1583.17,917.65,2,3,0.0000
608,1491.44,932.60,0,0,0.0000
609,1489.46,1006.30,0,0,0.0000
610,1507.01,1218.18,0,0,0.0000
611,1359.80,1661.49,NaN,NaN,NaN
612,1362.19,1477.24,NaN,NaN,NaN
613,1351.85,1124.76,0,0,0.0000
614,1372.23,1346.31,NaN,NaN,NaN
615,1316.88,1002.76,NaN,NaN,NaN
616,1422.84,1418.91,2,4,2.0000
617,1188.69,1004.61,0,0,0.0000
618,1500.67,1359.62,0,0,0.0000
619,1626.74,981.01,0,0,0.0000
620,1447.71,1591.86,NaN,NaN,NaN
621,1344.71,1389.94,NaN,NaN,NaN
622,1255.21,1002.09,0,0,0.0000
623,1439.61,919.32,0,0,0.0000
624,1526.42,956.26,0,0,0.0000
625,1497.95,1551.86,0,0,0.0000
626,1516.65,1297.44,2,3,0.0000
627,1564.33,1390.70,NaN,NaN,NaN
628,1178.46,930.39,0,0,0.0000
629,1466.18,1557.71,NaN,NaN,NaN
630,1384.36,1291.22,NaN,NaN,NaN
631,1475.58,1291.73,0,0,0.0000
632,1464.08,1369.26,0,0,0.0000
633,1497.46,1649.50,4,5,0.0000
634,1308.93,1283.16,0,0,0.0000
635,2209.32,1597.48,2,4,2.0000
636,2113.76,928.20,2,2,0.0000
637,1951.41,936.36,NaN,NaN,NaN
638,1742.42,1197.11,NaN,NaN,NaN
639,2071.42,1140.22,NaN,NaN,NaN
640,1914.15,1154.45,2,3,0.0000
641,1835.84,1140.86,NaN,NaN,NaN
642,1869.39,1609.74,NaN,NaN,NaN
643,1673.04,1623.83,NaN,NaN,NaN
644,1909.34,1425.17,3,7,2.3333
645,2102.35,1652.84,3,6,2.0000
646,2032.19,1026.04,NaN,NaN,NaN
647,2131.82,1407.62,NaN,NaN,NaN
648,1983.18,1126.22,NaN,NaN,NaN
649,1793.62,1041.92,0,0,0.0000
650,1940.98,1249.87,NaN,NaN,NaN
651,2192.68,1033.11,NaN,NaN,NaN
652,2070.84,1256.04,0,0,0.0000
653,1928.85,1547.04,2,2,0.0000
654,1690.47,1497.33,0,0,0.0000
655,1866.27,1488.81,NaN,NaN,NaN
656,2358.83,1624.93,NaN,NaN,NaN
657,2225.46,896.84,0,0,0.0000
658,1672.59,955.83,0,0,0.0000
659,2294.32,897.96,NaN,NaN,NaN
660,2217.70,1490.68,NaN,NaN,NaN
661,2252.38,960.86,0,0,0.0000
662,2019.41,1446.24,5,3,0.0000
663,2044.78,1545.34,NaN,NaN,NaN
664,2178.51,1099.52,NaN,NaN,NaN
665,2208.89,1232.64,2,3,0.0000
666,2332.40,1549.55,2,3,0.0000
667,2233.90,1149.81,0,0,0.0000
668,2107.95,1109.01,0,0,0.0000
669,1988.98,1588.86,NaN,NaN,NaN
670,1756.07,923.62,0,0,0.0000
671,1764.59,1108.92,NaN,NaN,NaN
672,2085.26,1501.56,NaN,NaN,NaN
673,1809.14,1529.30,NaN,NaN,NaN
674,1764.82,1460.66,0,0,0.0000
675,2269.25,1483.95,0,0,0.0000
676,2383.61,1577.13,0,0,0.0000
677,2365.64,1218.14,NaN,NaN,NaN
678,2354.86,1512.55,0,0,0.0000
679,1981.64,1490.22,NaN,NaN,NaN
680,2214.78,1407.12,0,0,0.0000
681,1883.13,992.26,NaN,NaN,NaN
682,2118.03,1019.74,NaN,NaN,NaN
683,2016.88,1251.35,NaN,NaN,NaN
684,1890.88,1040.24,0,0,0.0000
685,2421.39,1339.58,2,4,2.0000
686,2302.38,1403.82,0,0,0.0000
687,2378.27,900.39,NaN,NaN,NaN
688,1762.67,1628.91,NaN,NaN,NaN
689,1664.08,1196.22,0,0,0.0000
690,1717.41,1563.70,0,0,0.0000
691,2265.79,1305.20,0,0,0.0000
692,2484.04,1528.61,0,0,0.0000
693,2627.92,1171.36,3,4,0.0000
694,2749.15,1577.74,NaN,NaN,NaN
695,2640.69,1281.21,3,8,2.6667
696,2717.62,1116.99,NaN,NaN,NaN
697,2644.65,1371.01,NaN,NaN,NaN
698,2552.30,1118.03,NaN,NaN,NaN
699,2572.82,1288.96,2,2,0.0000
700,2819.46,964.74,0,0,0.0000
701,2634.34,1031.79,4,4,0.0000
702,3195.59,1039.89,2,8,4.0000
703,2775.50,1375.85,3,5,0.0000
704,2497.41,1183.14,0,0,0.0000
705,2752.47,1222.95,0,0,0.0000
706,2456.09,1650.55,NaN,NaN,NaN
707,2432.28,1113.10,0,0,0.0000
708,2553.42,1599.54,NaN,NaN,NaN
709,2710.80,1232.72,0,0,0.0000
710,2475.38,1303.41,3,7,2.3333
711,2728.48,1293.22,NaN,NaN,NaN
712,2521.94,1478.24,NaN,NaN,NaN
713,2574.29,1047.93,NaN,NaN,NaN
714,2763.00,1122.52,0,0,0.0000
715,2734.86,1008.37,3,7,2.3333
716,2483.13,1052.74,0,0,0.0000
717,2434.54,1480.74,0,0,0.0000
718,2820.71,1043.85,0,0,0.0000
719,2439.14,1564.68,NaN,NaN,NaN
720,2765.77,990.14,NaN,NaN,NaN
721,3168.06,1007.30,NaN,NaN,NaN
722,2785.09,1467.46,3,4,0.0000
723,2490.03,986.82,NaN,NaN,NaN
724,2521.37,1013.64,0,0,0.0000
725,2505.34,1103.55,0,0,0.0000
726,2748.59,1402.28,NaN,NaN,NaN
727,3903.63,1178.24,NaN,NaN,NaN
728,3585.07,1179.15,NaN,NaN,NaN
729,3967.15,1500.48,0,0,0.0000
730,3462.71,1265.42,2,2,0.0000
731,3275.80,1076.56,2,3,0.0000
732,3720.30,1124.48,0,0,0.0000
733,3745.17,983.67,2,1,0.0000
734,3340.40,969.40,NaN,NaN,NaN
735,3622.56,1419.58,0,0,0.0000
736,3483.53,1367.10,NaN,NaN,NaN
737,3806.61,1388.27,2,6,3.0000
738,3402.53,1354.31,2,4,2.0000
739,3856.36,1450.97,NaN,NaN,NaN
740,3424.59,917.64,0,0,0.0000
741,3621.19,958.63,NaN,NaN,NaN
742,3765.37,1527.90,0,0,0.0000
743,3791.58,1203.72,NaN,NaN,NaN
744,3935.94,1358.44,NaN,NaN,NaN
745,3853.77,1591.31,NaN,NaN,NaN
746,3483.23,1089.19,NaN,NaN,NaN
747,3653.28,1627.03,2,9,4.5000
748,3392.20,1122.31,3,6,2.0000
749,3444.69,1019.16,NaN,NaN,NaN
750,3716.43,1450.92,NaN,NaN,NaN
751,3857.18,944.92,0,0,0.0000
752,3726.08,1341.52,NaN,NaN,NaN
753,3679.08,1485.98,NaN,NaN,NaN
754,3939.24,1099.67,NaN,NaN,NaN
755,3654.63,1522.60,0,0,0.0000
756,3677.10,1353.26,2,4,2.0000
757,3229.62,920.28,NaN,NaN,NaN
758,3347.29,1088.23,0,0,0.0000
759,3307.97,1229.94,NaN,NaN,NaN
760,3339.07,1197.43,NaN,NaN,NaN
761,3752.09,1642.93,0,0,0.0000
762,3841.63,1038.03,0,0,0.0000
763,3242.77,1177.80,0,0,0.0000
764,3492.55,930.98,2,2,0.0000
765,3503.21,972.85,NaN,NaN,NaN
766,3446.69,1154.18,2,4,2.0000
767,3216.75,1107.22,NaN,NaN,NaN
768,3892.50,1549.86,NaN,NaN,NaN
769,3768.64,1073.92,0,0,0.0000
770,3586.18,1632.35,3,4,0.0000
771,3414.66,975.76,NaN,NaN,NaN
772,3452.19,1421.80,0,0,0.0000
773,3527.27,1061.97,0,0,0.0000
774,3936.14,988.26,0,0,0.0000
775,3275.15,990.09,0,0,0.0000
776,3745.50,1403.50,0,0,0.0000
777,3810.57,1488.80,NaN,NaN,NaN
778,4448.21,1507.40,0,0,0.0000
779,4193.37,1031.96,NaN,NaN,NaN
780,4085.65,1161.82,NaN,NaN,NaN
781,4307.46,1577.79,NaN,NaN,NaN
782,4504.89,1381.92,NaN,NaN,NaN
783,4056.62,1003.97,0,0,0.0000
784,4184.23,1624.05,NaN,NaN,NaN
785,4587.97,1571.38,3,5,0.0000
786,4388.22,1122.81,NaN,NaN,NaN
787,4172.62,1281.95,NaN,NaN,NaN
788,4274.30,1642.90,NaN,NaN,NaN
789,4179.18,1153.24,NaN,NaN,NaN
790,4402.12,1407.30,NaN,NaN,NaN
791,4420.33,1209.07,NaN,NaN,NaN
792,4637.88,1463.69,0,0,0.0000
793,4071.34,1461.24,NaN,NaN,NaN
794,4065.47,1528.05,NaN,NaN,NaN
795,4275.22,962.15,0,0,0.0000
796,4205.20,1411.71,0,0,0.0000
797,4451.76,1276.06,0,0,0.0000
798,4141.55,1547.98,NaN,NaN,NaN
799,4204.98,913.51,NaN,NaN,NaN
800,4627.46,1634.03,NaN,NaN,NaN
801,4130.15,939.10,0,0,0.0000
802,4049.13,919.85,NaN,NaN,NaN
803,4574.33,1483.59,0,0,0.0000
804,4323.72,1145.20,2,2,0.0000
805,4534.43,1611.36,3,5,0.0000
806,4282.48,1106.79,NaN,NaN,NaN
807,4134.87,1225.52,0,0,0.0000
808,4124.66,1416.53,NaN,NaN,NaN
809,4269.51,1245.69,NaN,NaN,NaN
810,4331.09,1254.06,NaN,NaN,NaN
811,4228.10,1115.20,NaN,NaN,NaN
812,4004.42,1279.02,0,0,0.0000
813,4291.93,1393.91,0,0,0.0000
814,4199.34,1497.55,3,4,0.0000
815,4334.86,1481.58,0,0,0.0000
816,4005.36,1064.45,NaN,NaN,NaN
817,4379.36,1283.00,3,4,0.0000
818,4464.73,1135.18,0,0,0.0000
819,4304.17,1304.43,0,0,0.0000
820,3983.60,959.36,NaN,NaN,NaN
821,3986.48,1114.26,0,0,0.0000
822,3994.50,1409.13,2,1,0.0000
823,5434.68,1485.00,NaN,NaN,NaN
824,5436.10,1350.74,NaN,NaN,NaN
825,5495.99,1562.06,NaN,NaN,NaN
826,5420.82,1593.61,2,4,2.0000
827,5332.35,1561.50,0,0,0.0000
828,5421.20,1229.83,2,1,0.0000
829,5365.44,1467.54,NaN,NaN,NaN
830,5417.58,1110.31,NaN,NaN,NaN
831,5483.03,1663.43,NaN,NaN,NaN
832,5400.63,1285.85,0,0,0.0000
833,5402.91,1173.25,0,0,0.0000
834,5498.22,1214.54,3,3,0.0000
835,4770.62,1655.39,NaN,NaN,NaN
836,4747.24,1576.45,NaN,NaN,NaN
837,5383.69,1397.50,0,0,0.0000
838,5349.54,1650.70,0,0,0.0000
839,5339.72,1099.72,0,0,0.0000
840,5495.91,1435.17,NaN,NaN,NaN
841,5353.70,1610.95,0,0,0.0000
842,5455.70,1159.44,0,0,0.0000
843,5705.00,1419.62,NaN,NaN,NaN
844,6205.37,992.59,2,4,2.0000
845,6059.47,1044.96,NaN,NaN,NaN
846,5630.95,1229.02,NaN,NaN,NaN
847,5954.09,1056.90,NaN,NaN,NaN
848,5732.00,1115.36,NaN,NaN,NaN
849,6143.49,1225.72,NaN,NaN,NaN
850,5516.25,1289.56,0,0,0.0000
851,5656.94,1603.60,0,0,0.0000
852,6140.22,1627.72,NaN,NaN,NaN
853,5864.73,987.47,2,3,0.0000
854,6142.86,1132.64,NaN,NaN,NaN
855,6102.92,1478.19,2,5,2.5000
856,5792.25,1592.25,0,0,0.0000
857,5900.64,1371.88,NaN,NaN,NaN
858,5878.13,1217.19,NaN,NaN,NaN
859,5965.40,1171.13,NaN,NaN,NaN
860,6127.23,1291.37,0,0,0.0000
861,5798.58,1232.59,2,2,0.0000
862,6171.75,918.06,NaN,NaN,NaN
863,5981.20,1576.63,0,0,0.0000
864,6081.65,1582.44,0,0,0.0000
865,6080.75,915.74,NaN,NaN,NaN
866,6034.07,1159.55,0,0,0.0000
867,6235.11,1155.02,2,6,3.0000
868,5877.84,1446.41,0,0,0.0000
869,5847.21,1317.36,NaN,NaN,NaN
870,6006.58,941.83,NaN,NaN,NaN
871,5867.95,1536.35,0,0,0.0000
872,5796.65,1511.17,0,0,0.0000
873,5588.94,1357.79,0,0,0.0000
874,6230.21,1519.88,NaN,NaN,NaN
875,6264.57,1648.79,NaN,NaN,NaN
876,5695.44,1661.21,NaN,NaN,NaN
877,5580.42,1546.54,0,0,0.0000
878,5578.30,1628.14,2,3,0.0000
879,5793.28,1150.80,0,0,0.0000
880,5528.02,1491.80,0,0,0.0000
881,5608.04,1293.64,NaN,NaN,NaN
882,5582.56,1470.89,3,8,2.6667
883,5803.69,1402.93,NaN,NaN,NaN
884,6027.79,1245.57,NaN,NaN,NaN
885,6257.52,1060.34,NaN,NaN,NaN
886,5581.85,1414.54,NaN,NaN,NaN
887,5863.57,1115.79,NaN,NaN,NaN
888,6244.96,1380.98,2,1,0.0000
889,5637.80,1383.81,NaN,NaN,NaN
890,5748.95,1190.12,2,2,0.0000
891,5783.93,1302.73,0,0,0.0000
892,6322.32,1435.11,NaN,NaN,NaN
893,6800.56,1162.17,0,0,0.0000
894,6918.05,975.04,NaN,NaN,NaN
895,6991.96,1137.21,NaN,NaN,NaN
896,6344.38,947.79,NaN,NaN,NaN
897,6529.66,924.84,0,0,0.0000
898,6607.70,1025.02,3,7,2.3333
899,6539.35,1084.63,NaN,NaN,NaN
900,6510.86,1327.22,3,5,0.0000
901,6343.05,1550.15,2,3,0.0000
902,6999.09,1428.23,2,3,0.0000
903,6421.44,1039.93,0,0,0.0000
904,6425.94,1537.02,NaN,NaN,NaN
905,6661.86,931.41,0,0,0.0000
906,6320.68,1149.54,NaN,NaN,NaN
907,6718.50,1045.44,0,0,0.0000
908,6541.64,1181.48,NaN,NaN,NaN
909,6642.59,1531.35,NaN,NaN,NaN
910,6285.36,1237.40,3,7,2.3333
911,6888.20,1342.08,NaN,NaN,NaN
912,6839.00,918.17,4,4,0.0000
913,6897.24,1112.18,NaN,NaN,NaN
914,6649.52,1148.27,NaN,NaN,NaN
915,6607.91,1463.42,NaN,NaN,NaN
916,6993.89,1593.11,0,0,0.0000
917,6419.61,1383.94,2,4,2.0000
918,6969.53,1267.69,NaN,NaN,NaN
919,6942.76,1389.35,0,0,0.0000
920,6757.88,924.11,2,8,4.0000
921,6693.03,1445.50,2,3,0.0000
922,6873.17,1412.17,NaN,NaN,NaN
923,6873.94,1238.94,0,0,0.0000
924,6443.84,1447.82,NaN,NaN,NaN
925,6970.51,1514.89,NaN,NaN,NaN
926,6355.79,1611.21,0,0,0.0000
927,6700.21,1176.26,3,3,0.0000
928,6489.19,1480.40,NaN,NaN,NaN
929,6798.86,1029.76,NaN,NaN,NaN
930,6815.97,1315.62,0,0,0.0000
931,6398.23,1302.87,2,5,2.5000
932,6521.35,1544.01,0,0,0.0000
933,6579.16,1548.36,2,6,3.0000
934,6884.35,1542.92,3,9,3.0000
935,6843.82,1455.62,0,0,0.0000
936,6430.89,1218.15,0,0,0.0000
937,6886.30,1288.77,0,0,0.0000
938,6331.30,1055.23,NaN,NaN,NaN
939,7039.73,1029.82,3,5,0.0000
940,6789.36,1451.27,NaN,NaN,NaN
941,6938.24,1197.18,0,0,0.0000
942,6510.75,1017.18,NaN,NaN,NaN
943,6475.43,1541.33,0,0,0.0000
944,6713.50,1512.66,NaN,NaN,NaN
945,6660.31,1087.47,2,4,2.0000
946,6393.87,1142.71,0,0,0.0000
947,6378.58,1212.07,NaN,NaN,NaN
948,6812.28,974.12,0,0,0.0000
949,6362.30,1089.81,0,0,0.0000
950,6872.90,1053.86,NaN,NaN,NaN
951,6337.05,1271.67,0,0,0.0000
952,7190.65,1088.30,NaN,NaN,NaN
953,7237.04,1437.20,2,2,0.0000
954,7089.83,1347.00,NaN,NaN,NaN
955,7091.48,1257.48,NaN,NaN,NaN
956,7070.23,1110.51,3,5,0.0000
957,7160.30,1487.74,NaN,NaN,NaN
958,7293.66,1618.25,0,0,0.0000
959,7216.96,973.60,2,2,0.0000
960,7202.47,1656.53,NaN,NaN,NaN
961,7182.68,1576.48,NaN,NaN,NaN
962,7088.84,1564.68,0,0,0.0000
963,7100.17,994.07,0,0,0.0000
964,7101.11,1656.73,0,0,0.0000
965,7262.59,1318.83,NaN,NaN,NaN
966,7057.60,1481.62,0,0,0.0000
967,7155.38,919.76,NaN,NaN,NaN
968,7204.98,1272.17,NaN,NaN,NaN
969,7043.83,936.21,0,0,0.0000
970,7044.12,1613.11,NaN,NaN,NaN
971,7114.42,937.59,0,0,0.0000
972,7172.85,1209.53,0,0,0.0000
973,7369.67,1622.34,NaN,NaN,NaN
974,7302.59,1198.82,NaN,NaN,NaN
975,7322.56,1074.59,0,0,0.0000
976,7461.11,1649.04,0,0,0.0000
977,7298.71,1373.90,2,4,2.0000
978,7379.54,1224.87,NaN,NaN,NaN
979,7381.56,1375.66,NaN,NaN,NaN
980,7418.31,1446.08,NaN,NaN,NaN
981,7344.10,1148.16,0,0,0.0000
982,7436.49,1544.59,0,0,0.0000
983,7296.34,1281.60,0,0,0.0000
984,7343.01,1246.18,NaN,NaN,NaN
985,7344.27,1389.92,NaN,NaN,NaN
986,450.28,1998.07,3,7,2.3333
987,611.41,2166.06,0,0,0.0000
988,90.68,1838.29,0,0,0.0000
989,387.44,2418.29,3,2,0.0000
990,398.21,1679.33,NaN,NaN,NaN
991,278.92,2108.58,0,0,0.0000
992,114.90,1738.25,2,2,0.0000
993,599.16,1809.53,NaN,NaN,NaN
994,550.71,1707.88,0,0,0.0000
995,268.26,1962.37,2,7,3.5000
996,375.37,2271.25,NaN,NaN,NaN
997,522.10,2190.33,NaN,NaN,NaN
998,683.05,2426.39,NaN,NaN,NaN
999,179.42,1891.37,2,4,2.0000
1000,704.91,2086.87,0,0,0.0000
1001,731.99,2010.38,0,0,0.0000
1002,264.49,1803.05,NaN,NaN,NaN
1003,688.37,2313.59,NaN,NaN,NaN
1004,507.95,1843.68,2,1,0.0000
1005,818.81,2396.83,3,5,0.0000
1006,207.22,2312.38,NaN,NaN,NaN
1007,545.03,2295.64,0,0,0.0000
1008,357.22,1860.96,3,6,2.0000
1009,868.85,2302.11,NaN,NaN,NaN
1010,282.36,1696.95,NaN,NaN,NaN
1011,325.68,1920.22,3,4,0.0000
1012,439.18,2185.42,0,0,0.0000
1013,73.72,2021.60,NaN,NaN,NaN
1014,354.97,2062.66,NaN,NaN,NaN
1015,799.44,2186.23,NaN,NaN,NaN
1016,219.90,2231.54,2,9,4.5000
1017,733.10,2264.79,2,1,0.0000
1018,690.45,2190.27,0,0,0.0000
1019,667.29,1919.23,2,3,0.0000
1020,537.48,2097.24,2,4,2.0000
1021,350.05,1811.02,NaN,NaN,NaN
1022,230.86,2173.70,0,0,0.0000
1023,587.10,1910.98,NaN,NaN,NaN
1024,298.74,2248.16,3,4,0.0000
1025,248.25,1869.45,NaN,NaN,NaN
1026,440.19,2321.96,2,10,5.0000
1027,365.34,2177.51,0,0,0.0000
1028,491.87,2352.91,0,0,0.0000
1029,66.61,1924.49,2,4,2.0000
1030,263.61,2398.84,NaN,NaN,NaN
1031,166.76,1671.91,NaN,NaN,NaN
1032,145.59,2237.06,NaN,NaN,NaN
1033,144.41,2042.31,NaN,NaN,NaN
1034,629.46,1731.31,NaN,NaN,NaN
1035,720.31,1873.93,NaN,NaN,NaN
1036,354.66,1723.81,2,4,2.0000
1037,650.11,1855.79,0,0,0.0000
1038,388.76,1783.96,2,6,3.0000
1039,149.21,2160.66,NaN,NaN,NaN
1040,213.72,2010.74,0,0,0.0000
1041,198.53,2087.23,0,0,0.0000
1042,221.18,1713.54,NaN,NaN,NaN
1043,630.74,2033.94,0,0,0.0000
1044,874.05,2372.29,NaN,NaN,NaN
1045,190.56,1817.95,NaN,NaN,NaN
1046,513.29,1776.32,NaN,NaN,NaN
1047,203.87,1749.48,NaN,NaN,NaN
1048,477.07,1673.45,NaN,NaN,NaN
1049,27.70,1985.86,0,0,0.0000
1050,745.01,2185.60,0,0,0.0000
1051,590.93,1966.37,NaN,NaN,NaN
1052,598.79,2368.54,0,0,0.0000
1053,142.09,1963.85,0,0,0.0000
1054,149.09,2112.18,NaN,NaN,NaN
1055,33.56,1837.86,4,4,0.0000
1056,610.74,1684.92,NaN,NaN,NaN
1057,19.97,1879.63,NaN,NaN,NaN
1058,1447.46,1685.48,NaN,NaN,NaN
1059,1642.33,2044.36,NaN,NaN,NaN
1060,1628.73,1954.03,3,8,2.6667
1061,1557.49,1716.09,NaN,NaN,NaN
1062,1479.44,1753.13,0,0,0.0000
1063,1548.13,1844.64,0,0,0.0000
1064,1885.26,2048.63,2,2,0.0000
1065,1968.46,1809.32,0,0,0.0000
1066,1845.18,2221.27,0,0,0.0000
1067,2160.60,1753.66,NaN,NaN,NaN
1068,1689.88,1889.25,NaN,NaN,NaN
1069,2078.24,1981.49,NaN,NaN,NaN
1070,1844.43,1828.03,NaN,NaN,NaN
1071,1982.77,2405.03,0,0,0.0000
1072,2158.96,1994.89,2,4,2.0000
1073,1992.36,1697.51,0,0,0.0000
1074,1787.44,2074.28,NaN,NaN,NaN
1075,1821.56,1718.25,NaN,NaN,NaN
1076,2335.02,1665.68,0,0,0.0000
1077,2071.77,1799.89,NaN,NaN,NaN
1078,2365.36,2240.53,NaN,NaN,NaN
1079,2259.23,1989.48,NaN,NaN,NaN
1080,1727.29,2134.73,2,5,2.5000
1081,2036.67,1674.75,NaN,NaN,NaN
1082,1676.85,1786.58,NaN,NaN,NaN
1083,1781.35,2321.51,0,0,0.0000
1084,2413.47,1780.14,0,0,0.0000
1085,2253.64,2078.28,0,0,0.0000
1086,1884.86,1913.00,0,0,0.0000
1087,1928.44,1871.62,NaN,NaN,NaN
1088,1752.14,1918.18,NaN,NaN,NaN
1089,2321.91,1735.66,NaN,NaN,NaN
1090,2135.71,1845.88,NaN,NaN,NaN
1091,1742.75,2276.77,NaN,NaN,NaN
1092,1706.32,2269.07,NaN,NaN,NaN
1093,2182.10,1668.34,0,0,0.0000
1094,1947.01,1713.38,0,0,0.0000
1095,1867.98,1774.09,3,4,0.0000
1096,1740.28,1986.19,0,0,0.0000
1097,2104.29,2058.17,NaN,NaN,NaN
1098,2534.30,2314.96,2,5,2.5000
1099,2468.76,2244.77,0,0,0.0000
1100,2595.46,2236.10,NaN,NaN,NaN
1101,2564.94,2164.89,NaN,NaN,NaN
1102,2582.10,2043.89,0,0,0.0000
1103,2432.67,2153.51,2,1,0.0000
1104,2637.01,2139.45,0,0,0.0000
1105,2737.11,2128.66,2,2,0.0000
1106,2473.92,2390.13,NaN,NaN,NaN
1107,2748.59,2349.46,NaN,NaN,NaN
1108,2751.90,1957.46,0,0,0.0000
1109,2613.10,1972.27,0,0,0.0000
1110,2747.18,1871.51,0,0,0.0000
1111,2715.00,2416.23,NaN,NaN,NaN
1112,2879.13,2070.24,NaN,NaN,NaN
1113,2761.96,2259.70,2,3,0.0000
1114,2892.11,1940.38,NaN,NaN,NaN
1115,2830.98,2049.37,2,3,0.0000
1116,2861.35,1889.18,0,0,0.0000
1117,2674.13,1938.06,0,0,0.0000
1118,2780.26,2008.03,0,0,0.0000
1119,2757.45,2178.64,2,2,0.0000
1120,2935.30,1834.92,NaN,NaN,NaN
1121,2444.78,1701.80,0,0,0.0000
1122,3856.87,2101.89,0,0,0.0000
1123,3809.70,1763.93,0,0,0.0000
1124,3930.95,1937.65,0,0,0.0000
1125,3962.43,2321.44,NaN,NaN,NaN
1126,3643.59,1730.78,2,4,2.0000
1127,3910.48,2327.05,2,7,3.5000
1128,3715.68,1762.26,NaN,NaN,NaN
1129,3748.20,1690.86,NaN,NaN,NaN
1130,3835.86,2269.98,NaN,NaN,NaN
1131,3941.27,2016.62,0,0,0.0000
1132,3900.43,2202.18,NaN,NaN,NaN
1133,3854.84,1878.55,0,0,0.0000
1134,3940.96,1835.22,0,0,0.0000
1135,3724.64,1910.99,0,0,0.0000
1136,3880.88,1843.34,NaN,NaN,NaN
1137,3963.98,1793.16,NaN,NaN,NaN
1138,3902.41,1764.38,0,0,0.0000
1139,3855.22,2233.46,NaN,NaN,NaN
1140,3916.90,2248.15,NaN,NaN,NaN
1141,3949.31,2090.27,0,0,0.0000
1142,3897.17,1895.76,0,0,0.0000
1143,3695.41,1696.86,0,0,0.0000
1144,3844.53,1830.23,3,9,3.0000
1145,3992.75,1664.93,NaN,NaN,NaN
1146,4610.85,1942.74,3,6,2.0000
1147,4431.27,2088.83,NaN,NaN,NaN
1148,4414.73,2254.05,NaN,NaN,NaN
1149,4722.08,2227.50,NaN,NaN,NaN
1150,4663.31,1761.15,NaN,NaN,NaN
1151,4397.79,1888.37,NaN,NaN,NaN
1152,4537.91,2055.08,2,4,2.0000
1153,4597.04,2257.11,0,0,0.0000
1154,4241.02,1981.25,NaN,NaN,NaN
1155,4358.31,2420.77,0,0,0.0000
1156,4130.94,1766.21,NaN,NaN,NaN
1157,4398.93,1683.24,NaN,NaN,NaN
1158,4489.63,1944.40,2,1,0.0000
1159,4610.36,2122.63,2,2,0.0000
1160,4488.91,1850.96,NaN,NaN,NaN
1161,4475.79,2224.71,NaN,NaN,NaN
1162,4122.73,2043.86,NaN,NaN,NaN
1163,4318.36,1696.83,NaN,NaN,NaN
1164,4351.28,2290.45,2,2,0.0000
1165,4533.02,2367.74,0,0,0.0000
1166,4079.46,2246.85,NaN,NaN,NaN
1167,4539.59,2151.07,0,0,0.0000
1168,4150.46,2141.31,NaN,NaN,NaN
1169,4082.19,2333.19,3,4,0.0000
1170,4457.29,2352.25,NaN,NaN,NaN
1171,4245.14,1786.44,NaN,NaN,NaN
1172,4327.60,1779.03,NaN,NaN,NaN
1173,4327.58,1930.33,NaN,NaN,NaN
1174,4220.00,2057.70,NaN,NaN,NaN
1175,4049.39,1765.30,NaN,NaN,NaN
1176,4236.22,2383.75,NaN,NaN,NaN
1177,4067.77,2142.97,NaN,NaN,NaN
1178,4249.86,2138.73,2,2,0.0000
1179,4688.36,1857.91,3,4,0.0000
1180,4701.65,2372.94,0,0,0.0000
1181,4082.61,1924.35,2,4,2.0000
1182,4527.92,1725.63,NaN,NaN,NaN
1183,4084.34,2418.91,NaN,NaN,NaN
1184,4193.39,1920.38,NaN,NaN,NaN
1185,4354.13,2129.45,NaN,NaN,NaN
1186,4021.27,2371.53,2,5,2.5000
1187,4180.12,1820.21,0,0,0.0000
1188,4488.31,1672.30,0,0,0.0000
1189,4108.24,1667.93,NaN,NaN,NaN
1190,4460.62,2020.18,3,8,2.6667
1191,3999.41,1903.47,0,0,0.0000
1192,4013.53,2008.61,0,0,0.0000
1193,4143.18,2410.19,2,4,2.0000
1194,4147.36,1875.16,NaN,NaN,NaN
1195,4404.49,1975.65,NaN,NaN,NaN
1196,4156.00,2293.00,NaN,NaN,NaN
1197,4209.83,2183.44,0,0,0.0000
1198,4250.07,2294.44,0,0,0.0000
1199,3989.94,2268.83,2,2,0.0000
1200,4575.81,1810.75,NaN,NaN,NaN
1201,4112.59,1878.32,2,7,3.5000
1202,4323.99,2017.16,NaN,NaN,NaN
1203,4365.03,2203.49,0,0,0.0000
1204,4197.75,2309.37,NaN,NaN,NaN
1205,4025.57,1822.49,NaN,NaN,NaN
1206,3977.22,2120.73,NaN,NaN,NaN
1207,4663.96,2157.44,NaN,NaN,NaN
1208,4271.35,2335.60,NaN,NaN,NaN
1209,4284.39,1861.43,0,0,0.0000
1210,4455.98,1750.31,NaN,NaN,NaN
1211,4595.03,1741.78,3,5,0.0000
1212,4329.07,2343.08,NaN,NaN,NaN
1213,4697.58,2037.33,0,0,0.0000
1214,4522.28,1982.17,NaN,NaN,NaN
1215,4029.11,2205.96,0,0,0.0000
1216,4285.39,2262.47,0,0,0.0000
1217,4670.81,2299.22,0,0,0.0000
1218,4276.39,2215.95,0,0,0.0000
1219,4626.15,1849.42,0,0,0.0000
1220,4013.44,2118.62,NaN,NaN,NaN
1221,4064.00,2020.29,0,0,0.0000
1222,4650.29,2412.18,0,0,0.0000
1223,4256.72,1874.79,NaN,NaN,NaN
1224,4225.11,2228.67,0,0,0.0000
1225,4706.32,1982.12,4,8,2.0000
1226,4189.39,2413.93,NaN,NaN,NaN
1227,5407.79,1870.59,NaN,NaN,NaN
1228,5011.34,2276.97,3,7,2.3333
1229,5494.16,1777.44,NaN,NaN,NaN
1230,4816.90,1892.50,NaN,NaN,NaN
1231,4746.96,1913.00,NaN,NaN,NaN
1232,4859.27,2384.12,NaN,NaN,NaN
1233,4769.18,2313.61,NaN,NaN,NaN
1234,4991.57,2406.19,NaN,NaN,NaN
1235,4752.74,1777.62,0,0,0.0000
1236,4774.39,1726.89,0,0,0.0000
1237,4818.55,1703.48,0,0,0.0000
1238,5019.36,2331.05,NaN,NaN,NaN
1239,4755.05,2046.68,NaN,NaN,NaN
1240,4923.64,2192.46,0,0,0.0000
1241,5443.60,1722.51,NaN,NaN,NaN
1242,4984.36,2175.45,NaN,NaN,NaN
1243,5404.58,1683.78,0,0,0.0000
1244,4908.64,2424.84,NaN,NaN,NaN
1245,4843.76,2310.18,0,0,0.0000
1246,4928.74,2291.27,NaN,NaN,NaN
1247,5411.66,1779.69,2,2,0.0000
1248,4868.73,1851.67,NaN,NaN,NaN
1249,4865.49,2255.11,0,0,0.0000
1250,4941.83,2382.22,NaN,NaN,NaN
1251,4801.97,2357.71,NaN,NaN,NaN
1252,4819.83,1967.80,NaN,NaN,NaN
1253,4902.64,2339.23,NaN,NaN,NaN
1254,5886.36,1837.61,NaN,NaN,NaN
1255,6027.39,1844.33,0,0,0.0000
1256,5851.64,2379.48,NaN,NaN,NaN
1257,6101.18,2321.27,NaN,NaN,NaN
1258,5957.57,1784.62,NaN,NaN,NaN
1259,5513.16,1982.43,0,0,0.0000
1260,6203.27,2321.94,2,1,0.0000
1261,5816.20,2192.46,NaN,NaN,NaN
1262,6094.62,2223.89,NaN,NaN,NaN
1263,6134.01,1889.60,0,0,0.0000
1264,5937.27,2061.63,NaN,NaN,NaN
1265,5632.27,2054.23,NaN,NaN,NaN
1266,6117.32,2153.33,NaN,NaN,NaN
1267,5513.02,1877.46,NaN,NaN,NaN
1268,5581.85,2238.61,NaN,NaN,NaN
1269,5807.01,2027.41,0,0,0.0000
1270,6010.18,1668.00,0,0,0.0000
1271,5718.76,1970.44,2,4,2.0000
1272,5842.73,1936.65,2,3,0.0000
1273,5961.69,2325.47,2,3,0.0000
1274,5888.47,2253.60,0,0,0.0000
1275,5682.41,2232.64,NaN,NaN,NaN
1276,5770.25,2429.31,0,0,0.0000
1277,5654.71,2145.19,0,0,0.0000
1278,5712.35,2176.32,0,0,0.0000
1279,5945.51,2222.34,NaN,NaN,NaN
1280,5864.95,2075.15,NaN,NaN,NaN
1281,5615.87,1778.72,0,0,0.0000
1282,6077.27,2026.35,2,2,0.0000
1283,6065.91,2089.18,NaN,NaN,NaN
1284,5840.78,1687.80,NaN,NaN,NaN
1285,5764.68,2272.67,NaN,NaN,NaN
1286,6144.24,2074.30,0,0,0.0000
1287,5580.38,1974.02,0,0,0.0000
1288,5943.41,2378.42,0,0,0.0000
1289,5665.38,1822.82,NaN,NaN,NaN
1290,5588.17,1831.26,0,0,0.0000
1291,5684.83,2345.09,2,3,0.0000
1292,5963.72,2189.65,0,0,0.0000
1293,5758.07,1863.54,NaN,NaN,NaN
1294,6209.62,1845.46,0,0,0.0000
1295,5735.19,2114.58,0,0,0.0000
1296,5749.39,1740.91,NaN,NaN,NaN
1297,6214.70,2208.16,NaN,NaN,NaN
1298,5574.41,1901.69,0,0,0.0000
1299,5826.80,2116.60,NaN,NaN,NaN
1300,5649.90,1952.27,0,0,0.0000
1301,6089.37,2383.22,0,0,0.0000
1302,5592.40,2155.14,0,0,0.0000
1303,6203.85,1782.31,3,3,0.0000
1304,5643.36,2303.29,NaN,NaN,NaN
1305,5876.18,2162.98,0,0,0.0000
1306,5996.75,2047.52,0,0,0.0000
1307,5981.28,2136.99,NaN,NaN,NaN
1308,6121.92,2015.96,0,0,0.0000
1309,5751.06,1670.34,NaN,NaN,NaN
1310,5741.99,2338.82,0,0,0.0000
1311,6153.71,1960.92,0,0,0.0000
1312,5966.32,1978.16,0,0,0.0000
1313,6168.50,2409.44,NaN,NaN,NaN
1314,5527.20,2237.68,NaN,NaN,NaN
1315,5928.45,2134.02,0,0,0.0000
1316,5764.20,1949.56,0,0,0.0000
1317,5786.42,1678.33,2,3,0.0000
1318,6110.27,1815.23,NaN,NaN,NaN
1319,5530.64,1718.67,NaN,NaN,NaN
1320,6563.58,2415.83,NaN,NaN,NaN
1321,6710.86,2312.70,NaN,NaN,NaN
1322,6520.24,2344.87,NaN,NaN,NaN
1323,6359.51,2284.35,0,0,0.0000
1324,7022.87,1760.97,NaN,NaN,NaN
1325,6968.67,2342.76,NaN,NaN,NaN
1326,6614.56,2273.33,3,6,2.0000
1327,6365.91,2365.62,NaN,NaN,NaN
1328,6838.51,2253.44,NaN,NaN,NaN
1329,6990.78,2260.74,2,4,2.0000
1330,6915.69,2157.66,NaN,NaN,NaN
1331,6911.28,2261.13,NaN,NaN,NaN
1332,6674.02,2199.79,NaN,NaN,NaN
1333,6782.55,2277.17,0,0,0.0000
1334,7007.88,2115.54,0,0,0.0000
1335,6874.70,2323.60,0,0,0.0000
1336,6767.65,2179.17,0,0,0.0000
1337,6988.60,2419.95,NaN,NaN,NaN
1338,6840.66,2130.34,NaN,NaN,NaN
1339,6917.93,2066.41,NaN,NaN,NaN
1340,6877.88,2430.72,0,0,0.0000
1341,7029.66,1915.07,NaN,NaN,NaN
1342,6884.35,2375.17,0,0,0.0000
1343,6281.15,2404.63,0,0,0.0000
1344,6739.35,2376.13,NaN,NaN,NaN
1345,6816.80,2181.74,NaN,NaN,NaN
1346,6722.85,2222.42,NaN,NaN,NaN
1347,6400.06,1836.10,0,0,0.0000
1348,6699.69,2404.03,NaN,NaN,NaN
1349,6816.85,2377.48,0,0,0.0000
1350,6989.92,1827.71,NaN,NaN,NaN
1351,6696.88,2155.76,2,3,0.0000
1352,6642.41,2427.76,0,0,0.0000
1353,6923.42,2211.51,2,5,2.5000
1354,6287.79,2318.04,NaN,NaN,NaN
1355,7083.67,2033.24,0,0,0.0000
1356,7235.46,2291.91,NaN,NaN,NaN
1357,7207.63,1857.94,2,3,0.0000
1358,7070.72,2237.38,NaN,NaN,NaN
1359,7107.41,1906.46,NaN,NaN,NaN
1360,7151.07,2252.00,0,0,0.0000
1361,7287.80,1719.45,2,3,0.0000
1362,7239.48,1982.06,3,3,0.0000
1363,7286.35,2366.26,2,4,2.0000
1364,7074.71,1823.51,NaN,NaN,NaN
1365,7154.00,2094.79,0,0,0.0000
1366,7238.69,2083.00,NaN,NaN,NaN
1367,7044.05,1960.70,0,0,0.0000
1368,7241.49,2165.01,NaN,NaN,NaN
1369,7167.09,1978.25,0,0,0.0000
1370,7190.50,2043.77,NaN,NaN,NaN
1371,7054.82,2390.46,NaN,NaN,NaN
1372,7153.07,2321.23,0,0,0.0000
1373,7287.41,2111.94,3,4,0.0000
1374,7226.40,1745.26,0,0,0.0000
1375,7211.85,2394.51,NaN,NaN,NaN
1376,7204.40,1771.89,0,0,0.0000
1377,7072.08,2308.96,NaN,NaN,NaN
1378,7151.17,1780.99,NaN,NaN,NaN
1379,7133.03,2173.38,2,4,2.0000
1380,7067.93,2118.13,NaN,NaN,NaN
1381,7098.65,2336.17,NaN,NaN,NaN
1382,7099.07,2379.89,NaN,NaN,NaN
1383,7137.09,2368.85,NaN,NaN,NaN
1384,7048.35,1691.64,0,0,0.0000
1385,7651.09,2088.91,0,0,0.0000
1386,7369.17,2082.45,0,0,0.0000
1387,7575.22,1790.84,2,1,0.0000
1388,7589.68,1878.44,NaN,NaN,NaN
1389,7426.48,1868.95,0,0,0.0000
1390,7309.18,1841.27,0,0,0.0000
1391,7325.09,2255.94,3,4,0.0000
1392,7436.74,1997.36,0,0,0.0000
1393,7318.35,2175.24,2,3,0.0000
1394,7364.41,1985.44,NaN,NaN,NaN
1395,7639.63,2357.11,NaN,NaN,NaN
1396,7437.58,2332.21,NaN,NaN,NaN
1397,7466.53,2382.79,2,3,0.0000
1398,7604.50,2314.39,3,3,0.0000
1399,7679.90,2291.26,0,0,0.0000
1400,7413.17,2276.33,NaN,NaN,NaN
1401,7504.30,1953.15,0,0,0.0000
1402,7315.54,2057.05,NaN,NaN,NaN
1403,7453.12,2242.75,NaN,NaN,NaN
1404,7481.70,1763.12,0,0,0.0000
1405,7638.90,2235.84,NaN,NaN,NaN
1406,7344.01,1903.91,NaN,NaN,NaN
1407,7339.60,2323.15,0,0,0.0000
1408,7522.89,2402.95,0,0,0.0000
1409,7705.22,2376.92,0,0,0.0000
1410,7696.59,2232.94,0,0,0.0000
1411,7624.06,1984.57,NaN,NaN,NaN
1412,7392.26,2404.03,NaN,NaN,NaN
1413,7516.09,1887.55,NaN,NaN,NaN
1414,7611.45,2256.20,0,0,0.0000
1415,7546.78,2032.07,NaN,NaN,NaN
1416,7685.18,2186.83,0,0,0.0000
1417,7315.95,2399.25,NaN,NaN,NaN
1418,7363.25,2379.99,NaN,NaN,NaN
1419,7562.23,1978.53,0,0,0.0000
1420,7537.50,2073.82,0,0,0.0000
1421,7340.56,2424.02,NaN,NaN,NaN
1422,7639.00,1930.43,2,4,2.0000
1423,7372.93,1714.53,NaN,NaN,NaN
1424,482.88,2618.34,0,0,0.0000
1425,713.16,2725.55,2,1,0.0000
1426,710.14,2892.69,NaN,NaN,NaN
1427,747.56,3190.32,NaN,NaN,NaN
1428,589.42,2630.75,0,0,0.0000
1429,558.96,2449.96,NaN,NaN,NaN
1430,365.78,2708.92,0,0,0.0000
1431,780.33,2465.11,3,3,0.0000
1432,790.69,2740.27,4,5,0.0000
1433,606.98,2827.68,NaN,NaN,NaN
1434,472.36,2809.47,3,6,2.0000
1435,355.49,2557.89,NaN,NaN,NaN
1436,852.90,2646.02,2,4,2.0000
1437,840.98,2952.33,2,4,2.0000
1438,775.04,3146.47,NaN,NaN,NaN
1439,646.04,3010.62,2,5,2.5000
1440,515.86,2938.86,NaN,NaN,NaN
1441,877.63,2800.82,0,0,0.0000
1442,868.98,3035.97,NaN,NaN,NaN
1443,875.76,2544.32,NaN,NaN,NaN
1444,510.69,2760.45,0,0,0.0000
1445,258.98,2480.65,NaN,NaN,NaN
1446,844.67,3193.15,0,0,0.0000
1447,596.12,2731.40,NaN,NaN,NaN
1448,822.03,3089.79,NaN,NaN,NaN
1449,403.20,2535.68,4,6,0.0000
1450,493.24,2503.43,0,0,0.0000
1451,296.70,2627.00,NaN,NaN,NaN
1452,475.81,2897.12,0,0,0.0000
1453,801.06,2655.88,3,6,2.0000
1454,671.59,2941.07,0,0,0.0000
1455,626.90,2457.09,NaN,NaN,NaN
1456,557.99,3026.92,NaN,NaN,NaN
1457,575.39,2883.31,NaN,NaN,NaN
1458,750.97,3046.70,NaN,NaN,NaN
1459,302.32,2444.98,NaN,NaN,NaN
1460,674.82,2498.33,NaN,NaN,NaN
1461,590.06,2947.59,2,3,0.0000
1462,843.49,2560.00,0,0,0.0000
1463,564.05,2990.07,NaN,NaN,NaN
1464,513.60,2467.59,0,0,0.0000
1465,879.32,3146.90,0,0,0.0000
1466,207.78,2482.72,NaN,NaN,NaN
1467,422.85,2685.62,2,5,2.5000
1468,692.58,2629.79,0,0,0.0000
1469,922.80,2954.23,NaN,NaN,NaN
1470,1078.55,3022.26,NaN,NaN,NaN
1471,1048.97,2766.33,NaN,NaN,NaN
1472,954.94,2616.75,NaN,NaN,NaN
1473,1186.44,2456.82,NaN,NaN,NaN
1474,1108.88,2958.06,2,2,0.0000
1475,931.68,3070.90,3,6,2.0000
1476,946.92,2451.49,NaN,NaN,NaN
1477,1016.68,2837.05,NaN,NaN,NaN
1478,1070.89,2863.78,NaN,NaN,NaN
1479,973.52,2785.51,NaN,NaN,NaN
1480,1132.23,2890.93,0,0,0.0000
1481,917.98,2676.48,3,3,0.0000
1482,1009.00,2935.04,0,0,0.0000
1483,1276.85,2629.69,2,1,0.0000
1484,1156.69,2522.41,NaN,NaN,NaN
1485,1064.46,3137.28,0,0,0.0000
1486,1001.95,3106.02,NaN,NaN,NaN
1487,1023.41,3052.65,NaN,NaN,NaN
1488,956.58,2864.10,0,0,0.0000
1489,1111.05,3127.14,NaN,NaN,NaN
1490,1175.25,3072.54,NaN,NaN,NaN
1491,1153.81,3108.38,NaN,NaN,NaN
1492,1248.51,2666.94,0,0,0.0000
1493,916.01,2767.15,NaN,NaN,NaN
1494,1014.93,2699.82,NaN,NaN,NaN
1495,1176.57,3013.52,0,0,0.0000
1496,954.96,3133.69,0,0,0.0000
1497,1197.40,3074.11,0,0,0.0000
1498,987.23,2712.36,0,0,0.0000
1499,1148.40,3165.52,NaN,NaN,NaN
1500,2052.86,2436.78,NaN,NaN,NaN
1501,1873.16,2671.52,0,0,0.0000
1502,1974.30,2588.37,0,0,0.0000
1503,1890.12,2586.69,2,4,2.0000
1504,1811.52,2541.22,NaN,NaN,NaN
1505,1944.48,2759.31,NaN,NaN,NaN
1506,1928.70,2708.28,0,0,0.0000
1507,1896.46,2437.20,3,8,2.6667
1508,2407.57,2785.88,3,5,0.0000
1509,1927.68,2639.23,NaN,NaN,NaN
1510,1962.61,2806.87,NaN,NaN,NaN
1511,1776.90,2443.83,NaN,NaN,NaN
1512,1865.02,2536.66,2,3,0.0000
1513,1826.17,2486.30,0,0,0.0000
1514,1908.63,2516.94,0,0,0.0000
1515,1981.21,2472.19,NaN,NaN,NaN
1516,1944.64,2472.38,NaN,NaN,NaN
1517,2397.18,2637.21,0,0,0.0000
1518,2397.84,2743.29,NaN,NaN,NaN
1519,2381.31,2673.11,0,0,0.0000
1520,2416.64,2826.36,NaN,NaN,NaN
1521,2608.74,2479.40,5,3,0.0000
1522,2541.74,3011.57,3,6,2.0000
1523,2489.78,3096.42,NaN,NaN,NaN
1524,3091.14,2970.57,2,4,2.0000
1525,2551.45,2749.64,0,0,0.0000
1526,2988.91,3168.06,0,0,0.0000
1527,2628.71,2714.30,NaN,NaN,NaN
1528,2474.59,2709.71,0,0,0.0000
1529,2530.92,2675.90,NaN,NaN,NaN
1530,2452.04,3027.43,0,0,0.0000
1531,3041.41,2786.68,NaN,NaN,NaN
1532,2529.55,2801.82,NaN,NaN,NaN
1533,2464.59,2976.48,2,2,0.0000
1534,2506.04,2877.87,0,0,0.0000
1535,3000.47,2787.62,0,0,0.0000
1536,2992.05,3112.43,NaN,NaN,NaN
1537,2730.13,2499.61,NaN,NaN,NaN
1538,3005.70,3054.96,2,3,0.0000
1539,3040.82,3092.50,NaN,NaN,NaN
1540,2456.00,2773.53,NaN,NaN,NaN
1541,3096.69,2923.36,2,3,0.0000
1542,2479.87,2832.31,0,0,0.0000
1543,3077.31,3081.46,2,2,0.0000
1544,3843.14,3113.31,NaN,NaN,NaN
1545,3922.65,3197.92,NaN,NaN,NaN
1546,3836.13,3060.00,0,0,0.0000
1547,3919.99,3100.35,NaN,NaN,NaN
1548,4585.95,2992.69,2,8,4.0000
1549,4255.64,2752.37,NaN,NaN,NaN
1550,4358.08,2611.32,0,0,0.0000
1551,4283.80,2882.63,NaN,NaN,NaN
1552,4150.00,2548.09,0,0,0.0000
1553,4350.63,2927.25,NaN,NaN,NaN
1554,4538.70,2653.20,2,5,2.5000
1555,4393.70,2731.60,0,0,0.0000
1556,4229.13,2482.20,NaN,NaN,NaN
1557,4046.41,2483.11,2,4,2.0000
1558,4702.43,2904.37,0,0,0.0000
1559,4522.45,2913.15,NaN,NaN,NaN
1560,4470.75,3116.30,0,0,0.0000
1561,4599.19,2453.25,0,0,0.0000
1562,4145.15,3142.29,NaN,NaN,NaN
1563,4247.50,3125.52,NaN,NaN,NaN
1564,4347.37,3032.02,0,0,0.0000
1565,4403.99,2975.64,NaN,NaN,NaN
1566,4313.02,2493.46,0,0,0.0000
1567,4248.78,2662.06,NaN,NaN,NaN
1568,4456.30,2432.58,0,0,0.0000
1569,4160.12,3063.24,NaN,NaN,NaN
1570,4205.64,2594.24,0,0,0.0000
1571,4571.62,2811.67,3,2,0.0000
1572,4485.96,2822.92,0,0,0.0000
1573,4216.35,2816.41,NaN,NaN,NaN
1574,4519.89,3065.94,NaN,NaN,NaN
1575,4511.02,2740.53,2,2,0.0000
1576,4693.82,2437.66,NaN,NaN,NaN
1577,4254.80,2969.41,NaN,NaN,NaN
1578,4342.35,2806.91,NaN,NaN,NaN
1579,4081.82,3092.05,0,0,0.0000
1580,4629.50,2667.35,0,0,0.0000
1581,4536.84,2570.55,0,0,0.0000
1582,4157.23,2672.00,0,0,0.0000
1583,4092.38,3178.37,0,0,0.0000
1584,4094.79,2624.39,0,0,0.0000
1585,4357.23,3085.38,0,0,0.0000
1586,4222.64,3032.64,NaN,NaN,NaN
1587,4616.24,2843.95,0,0,0.0000
1588,4357.50,3159.80,NaN,NaN,NaN
1589,4641.55,3140.76,0,0,0.0000
1590,4580.62,3121.40,NaN,NaN,NaN
1591,4537.91,2442.94,0,0,0.0000
1592,4043.76,2563.58,NaN,NaN,NaN
1593,4601.92,3066.01,2,4,2.0000
1594,4467.83,2677.22,0,0,0.0000
1595,4672.82,3092.34,NaN,NaN,NaN
1596,4402.22,2508.53,0,0,0.0000
1597,4104.37,2853.41,NaN,NaN,NaN
1598,4611.98,2744.03,NaN,NaN,NaN
1599,4461.07,2532.08,3,5,0.0000
1600,4166.07,2843.71,0,0,0.0000
1601,4443.94,2884.28,0,0,0.0000
1602,4158.56,2926.53,NaN,NaN,NaN
1603,4427.60,3175.70,NaN,NaN,NaN
1604,4451.52,3060.60,0,0,0.0000
1605,4639.60,2521.87,NaN,NaN,NaN
1606,4703.44,2973.54,4,5,0.0000
1607,4681.80,2544.89,NaN,NaN,NaN
1608,4343.32,2708.70,0,0,0.0000
1609,4305.71,2575.65,0,0,0.0000
1610,4429.81,2647.27,0,0,0.0000
1611,4083.37,2568.83,0,0,0.0000
1612,4456.21,2932.19,NaN,NaN,NaN
1613,4702.96,3045.77,0,0,0.0000
1614,4511.91,3190.09,NaN,NaN,NaN
1615,4612.94,2566.74,0,0,0.0000
1616,4462.11,3010.17,2,2,0.0000
1617,4440.21,2735.63,0,0,0.0000
1618,4699.58,3150.32,NaN,NaN,NaN
1619,4848.50,3056.06,3,7,2.3333
1620,5473.00,2938.84,NaN,NaN,NaN
1621,5288.54,3094.00,NaN,NaN,NaN
1622,4845.51,2758.81,NaN,NaN,NaN
1623,4762.66,3174.56,0,0,0.0000
1624,4976.13,2901.51,NaN,NaN,NaN
1625,4872.71,2934.80,NaN,NaN,NaN
1626,5056.63,3029.92,NaN,NaN,NaN
1627,5417.73,2636.66,0,0,0.0000
1628,5169.09,2953.31,4,8,2.0000
1629,5097.91,2946.74,NaN,NaN,NaN
1630,4916.86,2988.97,NaN,NaN,NaN
1631,5434.48,3077.80,2,4,2.0000
1632,4875.08,3175.91,NaN,NaN,NaN
1633,5037.43,2799.26,NaN,NaN,NaN
1634,5160.69,3089.94,0,0,0.0000
1635,4861.89,2678.23,NaN,NaN,NaN
1636,4755.71,3007.73,NaN,NaN,NaN
1637,4952.62,2801.48,NaN,NaN,NaN
1638,4901.32,2835.93,NaN,NaN,NaN
1639,4934.65,3199.30,NaN,NaN,NaN
1640,5208.17,3013.00,NaN,NaN,NaN
1641,5484.03,2438.82,NaN,NaN,NaN
1642,4757.05,3070.36,3,5,0.0000
1643,4947.35,2542.62,2,2,0.0000
1644,5168.80,3153.42,NaN,NaN,NaN
1645,5382.88,3140.70,NaN,NaN,NaN
1646,5410.19,2918.05,NaN,NaN,NaN
1647,5457.95,2723.92,NaN,NaN,NaN
1648,5257.36,3199.16,NaN,NaN,NaN
1649,5423.76,2491.42,3,5,0.0000
1650,4851.60,2847.33,NaN,NaN,NaN
1651,4913.82,2611.98,3,4,0.0000
1652,4807.87,2931.18,0,0,0.0000
1653,4774.99,2473.03,NaN,NaN,NaN
1654,4742.79,3116.86,NaN,NaN,NaN
1655,4940.76,2483.36,NaN,NaN,NaN
1656,5105.85,3181.71,NaN,NaN,NaN
1657,4752.60,2792.73,NaN,NaN,NaN
1658,4808.93,2541.62,2,4,2.0000
1659,4928.83,3050.42,NaN,NaN,NaN
1660,4993.75,3080.19,0,0,0.0000
1661,5365.74,2556.30,NaN,NaN,NaN
1662,4755.12,2853.23,0,0,0.0000
1663,4790.42,2858.77,0,0,0.0000
1664,5280.49,3015.98,NaN,NaN,NaN
1665,4994.47,2536.06,NaN,NaN,NaN
1666,5022.56,2911.33,0,0,0.0000
1667,4931.23,3136.20,0,0,0.0000
1668,5361.08,2631.31,0,0,0.0000
1669,4995.94,2755.80,NaN,NaN,NaN
1670,5075.81,3089.80,0,0,0.0000
1671,4956.18,3088.78,2,3,0.0000
1672,4930.18,2870.59,0,0,0.0000
1673,4848.98,3138.17,NaN,NaN,NaN
1674,5414.02,2546.73,0,0,0.0000
1675,4997.97,2489.55,NaN,NaN,NaN
1676,5634.22,3043.21,0,0,0.0000
1677,6034.11,2674.87,0,0,0.0000
1678,5629.85,2876.72,NaN,NaN,NaN
1679,5939.06,2511.12,NaN,NaN,NaN
1680,6269.44,2571.99,0,0,0.0000
1681,6057.08,2571.31,NaN,NaN,NaN
1682,6252.73,2765.62,2,5,2.5000
1683,5565.18,2543.20,NaN,NaN,NaN
1684,5678.92,2543.79,2,4,2.0000
1685,5918.72,2773.56,NaN,NaN,NaN
1686,6040.34,2862.03,NaN,NaN,NaN
1687,6058.35,2433.52,NaN,NaN,NaN
1688,6203.03,2628.89,3,5,0.0000
1689,5984.29,2918.40,2,4,2.0000
1690,6152.76,2732.13,NaN,NaN,NaN
1691,5689.05,2668.47,NaN,NaN,NaN
1692,5813.32,2945.55,2,1,0.0000
1693,5755.02,2966.67,NaN,NaN,NaN
1694,5551.62,2744.22,0,0,0.0000
1695,5711.38,2811.69,2,2,0.0000
1696,6058.88,2501.20,NaN,NaN,NaN
1697,6139.97,2534.28,2,2,0.0000
1698,5509.31,2505.71,NaN,NaN,NaN
1699,5730.76,2508.87,NaN,NaN,NaN
1700,6127.40,2961.47,NaN,NaN,NaN
1701,6122.36,2840.76,2,5,2.5000
1702,6226.90,2867.92,2,2,0.0000
1703,6177.49,2855.25,NaN,NaN,NaN
1704,5842.45,2836.19,NaN,NaN,NaN
1705,6223.97,2971.33,0,0,0.0000
1706,5783.90,3051.13,NaN,NaN,NaN
1707,5812.50,2578.42,0,0,0.0000
1708,5883.99,2858.63,NaN,NaN,NaN
1709,5878.66,2716.83,NaN,NaN,NaN
1710,5602.90,2456.28,2,4,2.0000
1711,5539.70,2639.07,0,0,0.0000
1712,5708.03,2914.04,0,0,0.0000
1713,6129.97,2663.52,0,0,0.0000
1714,5822.15,2690.34,NaN,NaN,NaN
1715,5543.14,2903.72,NaN,NaN,NaN
1716,5900.06,2605.37,0,0,0.0000
1717,6163.50,2444.55,NaN,NaN,NaN
1718,5549.65,2819.01,0,0,0.0000
1719,5961.50,2979.64,NaN,NaN,NaN
1720,5702.73,2738.87,0,0,0.0000
1721,5867.49,2650.97,NaN,NaN,NaN
1722,6027.33,3001.31,NaN,NaN,NaN
1723,6004.09,2784.77,NaN,NaN,NaN
1724,5978.06,2676.86,0,0,0.0000
1725,6160.11,2994.02,NaN,NaN,NaN
1726,5822.06,2475.96,NaN,NaN,NaN
1727,5932.45,2857.51,0,0,0.0000
1728,5872.08,2484.78,0,0,0.0000
1729,6219.37,2499.42,0,0,0.0000
1730,5798.27,2781.99,0,0,0.0000
1731,6229.16,2449.08,0,0,0.0000
1732,5784.17,2736.81,NaN,NaN,NaN
1733,5546.72,3086.56,0,0,0.0000
1734,5763.40,2804.65,NaN,NaN,NaN
1735,5731.76,3028.49,NaN,NaN,NaN
1736,6254.64,2669.68,0,0,0.0000
1737,5633.39,2741.23,0,0,0.0000
1738,5610.44,2622.07,0,0,0.0000
1739,6031.82,2798.87,NaN,NaN,NaN
1740,5517.15,2694.83,0,0,0.0000
1741,5704.08,3122.37,NaN,NaN,NaN
1742,5751.53,2857.60,2,7,3.5000
1743,5745.03,2685.36,0,0,0.0000
1744,5702.94,3064.91,2,5,2.5000
1745,5676.11,2768.90,NaN,NaN,NaN
1746,5975.70,2839.67,0,0,0.0000
1747,5507.84,3004.93,NaN,NaN,NaN
1748,5780.42,2696.37,0,0,0.0000
1749,5629.82,2670.58,0,0,0.0000
1750,6896.91,3116.68,0,0,0.0000
1751,6575.67,2565.27,NaN,NaN,NaN
1752,6377.21,2659.30,2,6,3.0000
1753,6636.63,2664.98,2,7,3.5000
1754,6367.40,2535.38,NaN,NaN,NaN
1755,6778.45,2513.87,2,1,0.0000
1756,6419.27,2455.17,2,2,0.0000
1757,6854.94,2864.76,NaN,NaN,NaN
1758,6939.46,2769.88,NaN,NaN,NaN
1759,7023.75,2816.73,NaN,NaN,NaN
1760,6972.92,2479.51,NaN,NaN,NaN
1761,6656.59,2476.13,NaN,NaN,NaN
1762,6876.51,2984.24,NaN,NaN,NaN
1763,6696.69,2969.94,NaN,NaN,NaN
1764,6951.59,2607.46,0,0,0.0000
1765,6524.18,2711.81,NaN,NaN,NaN
1766,7019.26,2560.25,NaN,NaN,NaN
1767,6274.05,2912.95,NaN,NaN,NaN
1768,6685.23,2742.57,NaN,NaN,NaN
1769,6784.14,3010.41,6,11,0.0000
1770,6961.41,2986.81,NaN,NaN,NaN
1771,6932.30,2917.03,2,5,2.5000
1772,6948.48,2667.89,NaN,NaN,NaN
1773,6373.00,2916.01,NaN,NaN,NaN
1774,6314.70,2824.88,NaN,NaN,NaN
1775,6291.67,2985.43,NaN,NaN,NaN
1776,6459.86,2687.63,NaN,NaN,NaN
1777,6447.92,2880.92,3,8,2.6667
1778,6680.03,2529.90,NaN,NaN,NaN
1779,6329.23,2633.65,0,0,0.0000
1780,6864.15,3057.20,NaN,NaN,NaN
1781,6489.83,2541.93,3,8,2.6667
1782,6427.23,2946.97,2,2,0.0000
1783,7020.77,2989.23,NaN,NaN,NaN
1784,6887.01,2508.09,0,0,0.0000
1785,6964.53,2873.26,0,0,0.0000
1786,6775.06,2676.20,NaN,NaN,NaN
1787,6737.74,2803.13,0,0,0.0000
1788,6987.70,3054.89,NaN,NaN,NaN
1789,6589.43,2762.42,4,7,0.0000
1790,6595.64,2856.20,0,0,0.0000
1791,6504.20,2921.07,2,3,0.0000
1792,6468.65,2592.18,0,0,0.0000
1793,6707.30,2608.88,NaN,NaN,NaN
1794,6986.70,3110.75,0,0,0.0000
1795,6872.05,2776.91,0,0,0.0000
1796,6808.40,2438.46,0,0,0.0000
1797,6752.27,2438.91,NaN,NaN,NaN
1798,6276.62,2472.33,0,0,0.0000
1799,6845.30,3195.92,3,2,0.0000
1800,6368.87,2840.86,0,0,0.0000
1801,6873.75,2574.66,2,3,0.0000
1802,6509.42,2635.45,0,0,0.0000
1803,7122.67,2461.48,NaN,NaN,NaN
1804,7040.19,2665.34,NaN,NaN,NaN
1805,7285.57,2534.36,NaN,NaN,NaN
1806,7224.14,2605.32,NaN,NaN,NaN
1807,7127.08,2598.76,3,5,0.0000
1808,7255.04,2878.38,NaN,NaN,NaN
1809,7222.60,2804.41,NaN,NaN,NaN
1810,7096.24,3089.16,3,3,0.0000
1811,7127.33,2823.35,2,2,0.0000
1812,7105.20,2759.68,2,5,2.5000
1813,7236.79,2733.00,0,0,0.0000
1814,7151.62,2709.65,NaN,NaN,NaN
1815,7277.89,2670.48,0,0,0.0000
1816,7277.03,2991.51,0,0,0.0000
1817,7209.57,2677.71,0,0,0.0000
1818,7218.39,3018.48,3,7,2.3333
1819,7055.92,2899.51,2,6,3.0000
1820,7147.53,2539.02,NaN,NaN,NaN
1821,7231.23,2503.92,2,7,3.5000
1822,7222.40,2942.73,0,0,0.0000
1823,7237.36,2443.68,NaN,NaN,NaN
1824,7072.99,2434.68,0,0,0.0000
1825,7157.17,2916.25,0,0,0.0000
1826,7546.42,2535.85,NaN,NaN,NaN
1827,7610.72,2435.23,0,0,0.0000
1828,7471.38,2467.02,0,0,0.0000
1829,7481.43,2742.01,2,7,3.5000
1830,7397.30,2559.07,NaN,NaN,NaN
1831,7350.64,2709.36,2,3,0.0000
1832,7698.63,2491.16,0,0,0.0000
1833,7340.11,2621.92,0,0,0.0000
1834,7433.18,2947.39,0,0,0.0000
1835,7334.96,2888.30,NaN,NaN,NaN
1836,7649.46,2567.19,0,0,0.0000
1837,7601.31,2637.12,0,0,0.0000
1838,7379.72,2898.00,3,4,0.0000
1839,7505.16,2809.71,NaN,NaN,NaN
1840,7319.14,2954.25,0,0,0.0000
1841,7304.48,2806.34,NaN,NaN,NaN
1842,7555.07,2811.16,0,0,0.0000
1843,7478.03,2658.38,2,3,0.0000
1844,7341.67,3162.46,0,0,0.0000
1845,7414.86,2843.34,0,0,0.0000
1846,7300.17,3055.36,0,0,0.0000
1847,7455.08,2543.85,0,0,0.0000
1848,7325.21,2762.35,0,0,0.0000
1849,7488.50,3033.13,NaN,NaN,NaN
1850,7333.57,2470.89,2,2,0.0000
1851,7594.36,2755.60,NaN,NaN,NaN
1852,7379.30,2479.28,0,0,0.0000
1853,7404.50,2762.79,0,0,0.0000
1854,7470.19,2518.60,0,0,0.0000
1855,891.06,3457.92,0,0,0.0000
1856,80.84,3846.54,2,3,0.0000
1857,839.79,3576.45,NaN,NaN,NaN
1858,886.54,3698.22,3,9,3.0000
1859,884.47,3337.81,NaN,NaN,NaN
1860,786.34,3516.44,NaN,NaN,NaN
1861,801.73,3334.32,NaN,NaN,NaN
1862,717.80,3257.12,NaN,NaN,NaN
1863,748.34,3345.17,0,0,0.0000
1864,760.91,3423.38,NaN,NaN,NaN
1865,27.22,3719.21,0,0,0.0000
1866,813.15,3468.87,0,0,0.0000
1867,57.06,3756.18,0,0,0.0000
1868,805.23,3428.05,NaN,NaN,NaN
1869,48.27,3930.48,NaN,NaN,NaN
1870,114.40,3845.84,NaN,NaN,NaN
1871,761.37,3257.42,0,0,0.0000
1872,1380.26,3918.51,2,3,0.0000
1873,972.38,3845.65,NaN,NaN,NaN
1874,1079.50,3753.21,2,1,0.0000
1875,1203.81,3703.63,2,3,0.0000
1876,996.89,3706.72,NaN,NaN,NaN
1877,1374.55,3775.30,2,4,2.0000
1878,1102.35,3549.72,NaN,NaN,NaN
1879,983.29,3344.61,NaN,NaN,NaN
1880,1200.31,3796.95,5,7,0.0000
1881,1275.75,3328.53,NaN,NaN,NaN
1882,1056.30,3966.40,2,6,3.0000
1883,930.52,3627.40,0,0,0.0000
1884,1123.49,3300.15,NaN,NaN,NaN
1885,1201.86,3477.62,2,6,3.0000
1886,897.67,3245.32,NaN,NaN,NaN
1887,1163.15,3923.25,2,5,2.5000
1888,1251.19,3380.69,4,5,0.0000
1889,1511.12,3916.92,2,3,0.0000
1890,1012.78,3434.77,4,8,2.0000
1891,1277.69,3625.32,0,0,0.0000
1892,1034.70,3554.92,NaN,NaN,NaN
1893,1026.67,3238.92,NaN,NaN,NaN
1894,1105.25,3374.32,0,0,0.0000
1895,1265.12,3696.21,NaN,NaN,NaN
1896,1213.94,3603.54,0,0,0.0000
1897,1122.01,3209.75,NaN,NaN,NaN
1898,1305.94,3596.86,0,0,0.0000
1899,1225.32,3423.26,NaN,NaN,NaN
1900,920.72,3908.06,NaN,NaN,NaN
1901,958.57,3488.09,NaN,NaN,NaN
1902,1094.57,3898.56,0,0,0.0000
1903,1070.54,3628.09,2,3,0.0000
1904,1390.18,3709.04,NaN,NaN,NaN
1905,936.98,3277.70,0,0,0.0000
1906,1088.67,3422.43,0,0,0.0000
1907,1192.42,3243.56,NaN,NaN,NaN
1908,1333.93,3553.45,NaN,NaN,NaN
1909,1152.14,3768.95,0,0,0.0000
1910,1516.00,3850.56,0,0,0.0000
1911,1117.68,3672.41,NaN,NaN,NaN
1912,1037.67,3869.42,0,0,0.0000
1913,2771.69,3750.33,2,6,3.0000
1914,3017.44,3675.91,2,4,2.0000
1915,2887.06,3893.93,3,8,2.6667
1916,2817.04,3833.87,0,0,0.0000
1917,2978.12,3592.07,3,3,0.0000
1918,3190.99,3277.72,0,0,0.0000
1919,2851.28,3726.24,2,3,0.0000
1920,2791.81,3590.27,NaN,NaN,NaN
1921,2795.09,3486.52,0,0,0.0000
1922,2759.55,3638.15,NaN,NaN,NaN
1923,2751.65,3524.94,0,0,0.0000
1924,2711.40,3590.30,NaN,NaN,NaN
1925,2903.64,3775.27,NaN,NaN,NaN
1926,2597.62,3900.15,NaN,NaN,NaN
1927,2967.92,3920.66,0,0,0.0000
1928,2833.32,3538.07,0,0,0.0000
1929,2877.80,3516.97,0,0,0.0000
1930,2696.30,3820.44,2,3,0.0000
1931,2784.94,3542.25,NaN,NaN,NaN
1932,2937.58,3903.18,0,0,0.0000
1933,2741.43,3314.97,0,0,0.0000
1934,2638.55,3684.64,NaN,NaN,NaN
1935,2680.74,3962.06,NaN,NaN,NaN
1936,2916.67,3715.45,NaN,NaN,NaN
1937,2936.21,3526.32,0,0,0.0000
1938,2942.30,3691.44,NaN,NaN,NaN
1939,2946.71,3647.48,NaN,NaN,NaN
1940,2830.91,3662.21,0,0,0.0000
1941,2684.40,3695.09,NaN,NaN,NaN
1942,2685.93,3523.71,0,0,0.0000
1943,2596.16,3960.65,0,0,0.0000
1944,2669.68,3605.32,2,3,0.0000
1945,2720.58,3710.56,NaN,NaN,NaN
1946,2853.38,3625.54,0,0,0.0000
1947,2940.54,3962.88,0,0,0.0000
1948,2912.06,3614.04,NaN,NaN,NaN
1949,2690.21,3776.16,0,0,0.0000
1950,2659.29,3657.50,NaN,NaN,NaN
1951,2705.76,3664.56,NaN,NaN,NaN
1952,2876.79,3834.57,NaN,NaN,NaN
1953,3029.48,3594.06,0,0,0.0000
1954,3301.34,3245.32,0,0,0.0000
1955,3930.21,3281.96,0,0,0.0000
1956,3381.33,3330.59,3,7,2.3333
1957,3925.79,3381.86,NaN,NaN,NaN
1958,3455.99,3204.08,0,0,0.0000
1959,3451.17,3394.61,NaN,NaN,NaN
1960,3458.19,3287.57,NaN,NaN,NaN
1961,3330.60,3354.91,0,0,0.0000
1962,3397.38,3821.71,2,3,0.0000
1963,3372.56,3717.74,0,0,0.0000
1964,3412.58,3757.08,NaN,NaN,NaN
1965,3328.45,3409.25,NaN,NaN,NaN
1966,3440.79,3746.78,NaN,NaN,NaN
1967,4559.16,3681.40,NaN,NaN,NaN
1968,4484.01,3551.95,2,2,0.0000
1969,4112.88,3389.76,NaN,NaN,NaN
1970,4409.41,3848.50,0,0,0.0000
1971,4655.69,3398.87,0,0,0.0000
1972,4278.85,3308.75,3,7,2.3333
1973,4316.91,3665.83,NaN,NaN,NaN
1974,4179.05,3614.07,NaN,NaN,NaN
1975,4262.60,3872.09,NaN,NaN,NaN
1976,4543.45,3798.81,NaN,NaN,NaN
1977,4127.93,3263.32,NaN,NaN,NaN
1978,4731.91,3958.46,NaN,NaN,NaN
1979,4267.26,3517.14,NaN,NaN,NaN
1980,3986.47,3327.36,NaN,NaN,NaN
1981,4721.10,3663.65,NaN,NaN,NaN
1982,4137.36,3543.67,NaN,NaN,NaN
1983,4381.61,3939.17,0,0,0.0000
1984,4277.32,3780.88,NaN,NaN,NaN
1985,4661.50,3741.46,NaN,NaN,NaN
1986,4357.72,3758.97,2,4,2.0000
1987,4350.67,3305.48,NaN,NaN,NaN
1988,4208.10,3477.35,NaN,NaN,NaN
1989,4189.73,3399.78,NaN,NaN,NaN
1990,4444.40,3384.77,NaN,NaN,NaN
1991,4554.72,3445.27,NaN,NaN,NaN
1992,4332.15,3584.96,NaN,NaN,NaN
1993,4579.18,3221.44,NaN,NaN,NaN
1994,4400.98,3441.62,0,0,0.0000
1995,4460.51,3224.51,NaN,NaN,NaN
1996,4637.38,3544.40,NaN,NaN,NaN
1997,4561.01,3583.16,NaN,NaN,NaN
1998,3987.97,3441.46,0,0,0.0000
1999,4224.28,3707.65,0,0,0.0000
2000,4240.13,3922.23,NaN,NaN,NaN
2001,4207.30,3961.85,NaN,NaN,NaN
2002,4553.98,3963.83,NaN,NaN,NaN
2003,4356.84,3219.95,NaN,NaN,NaN
2004,4615.19,3330.30,NaN,NaN,NaN
2005,4316.36,3432.26,NaN,NaN,NaN
2006,4369.87,3502.54,NaN,NaN,NaN
2007,4621.66,3887.00,0,0,0.0000
2008,4038.34,3240.58,2,2,0.0000
2009,4444.00,3309.77,NaN,NaN,NaN
2010,4181.26,3742.86,0,0,0.0000
2011,4496.69,3320.25,NaN,NaN,NaN
2012,4461.25,3962.00,NaN,NaN,NaN
2013,4047.92,3399.92,2,8,4.0000
2014,4325.17,3870.91,NaN,NaN,NaN
2015,3974.49,3226.66,0,0,0.0000
2016,4518.08,3235.68,NaN,NaN,NaN
2017,4205.75,3308.70,0,0,0.0000
2018,4268.82,3588.14,0,0,0.0000
2019,4660.56,3207.83,0,0,0.0000
2020,4452.01,3484.81,NaN,NaN,NaN
2021,4426.74,3716.43,NaN,NaN,NaN
2022,4540.72,3292.02,0,0,0.0000
2023,4530.81,3900.01,NaN,NaN,NaN
2024,4522.95,3387.98,2,3,0.0000
2025,4389.47,3546.52,NaN,NaN,NaN
2026,4648.96,3261.50,NaN,NaN,NaN
2027,4317.19,3373.55,NaN,NaN,NaN
2028,4541.52,3860.80,NaN,NaN,NaN
2029,4138.92,3787.71,NaN,NaN,NaN
2030,4418.00,3261.55,2,8,4.0000
2031,4192.80,3210.09,2,8,4.0000
2032,4703.85,3331.95,0,0,0.0000
2033,4508.81,3359.49,NaN,NaN,NaN
2034,4991.28,3358.64,NaN,NaN,NaN
2035,5219.31,3530.23,2,2,0.0000
2036,4749.23,3560.91,NaN,NaN,NaN
2037,5167.69,3904.92,3,3,0.0000
2038,4765.62,3847.14,2,5,2.5000
2039,4982.02,3657.99,NaN,NaN,NaN
2040,4838.66,3916.06,2,3,0.0000
2041,4767.60,3306.47,NaN,NaN,NaN
2042,5053.48,3609.35,NaN,NaN,NaN
2043,4856.92,3524.66,NaN,NaN,NaN
2044,5067.00,3528.15,2,4,2.0000
2045,5115.67,3413.82,2,2,0.0000
2046,5000.99,3211.96,0,0,0.0000
2047,4737.62,3462.00,NaN,NaN,NaN
2048,4832.39,3423.58,NaN,NaN,NaN
2049,5039.59,3459.60,4,9,2.2500
2050,4767.85,3391.47,0,0,0.0000
2051,5279.31,3303.94,2,4,2.0000
2052,4925.58,3552.13,NaN,NaN,NaN
2053,5281.85,3789.83,NaN,NaN,NaN
2054,4832.57,3289.50,NaN,NaN,NaN
2055,5214.49,3252.42,5,8,0.0000
2056,4946.80,3735.10,0,0,0.0000
2057,4883.46,3753.78,2,5,2.5000
2058,4820.72,3208.06,2,2,0.0000
2059,4865.76,3609.57,2,6,3.0000
2060,5281.38,3671.58,2,3,0.0000
2061,5068.99,3892.64,NaN,NaN,NaN
2062,4991.75,3840.55,0,0,0.0000
2063,5177.88,3312.47,0,0,0.0000
2064,5328.55,3605.71,NaN,NaN,NaN
2065,5033.40,3778.11,0,0,0.0000
2066,5193.50,3772.94,3,4,0.0000
2067,5198.62,3636.46,NaN,NaN,NaN
2068,5238.62,3867.42,NaN,NaN,NaN
2069,5141.53,3685.46,3,4,0.0000
2070,5218.11,3705.35,NaN,NaN,NaN
2071,4812.11,3683.14,NaN,NaN,NaN
2072,5124.76,3515.81,NaN,NaN,NaN
2073,5354.47,3672.92,0,0,0.0000
2074,4932.48,3264.03,NaN,NaN,NaN
2075,5350.80,3849.04,0,0,0.0000
2076,5332.26,3747.95,0,0,0.0000
2077,4872.78,3338.86,0,0,0.0000
2078,5255.47,3746.55,NaN,NaN,NaN
2079,5199.72,3409.94,3,3,0.0000
2080,5266.11,3398.25,NaN,NaN,NaN
2081,5160.79,3241.43,0,0,0.0000
2082,5115.39,3275.63,0,0,0.0000
2083,5390.01,3596.17,NaN,NaN,NaN
2084,5248.79,3916.07,NaN,NaN,NaN
2085,4969.93,3497.74,2,5,2.5000
2086,5082.59,3221.33,0,0,0.0000
2087,5215.09,3463.24,NaN,NaN,NaN
2088,4871.78,3242.31,2,8,4.0000
2089,4912.29,3637.11,NaN,NaN,NaN
2090,4859.20,3708.57,NaN,NaN,NaN
2091,5168.95,3711.29,NaN,NaN,NaN
2092,4931.99,3965.70,0,0,0.0000
2093,4916.53,3489.66,NaN,NaN,NaN
2094,5013.43,3928.00,NaN,NaN,NaN
2095,5209.08,3822.21,0,0,0.0000
2096,5057.48,3825.63,NaN,NaN,NaN
2097,5565.13,3456.97,0,0,0.0000
2098,162.80,4381.74,0,0,0.0000
2099,238.58,4569.10,2,3,0.0000
2100,349.63,4521.17,2,6,3.0000
2101,393.86,4719.91,NaN,NaN,NaN
2102,71.15,4206.89,2,3,0.0000
2103,165.54,4502.46,3,5,0.0000
2104,151.92,4228.97,NaN,NaN,NaN
2105,202.94,4633.61,NaN,NaN,NaN
2106,208.49,4194.29,NaN,NaN,NaN
2107,293.61,4529.67,NaN,NaN,NaN
2108,49.79,4293.66,NaN,NaN,NaN
2109,226.17,4480.37,0,0,0.0000
2110,110.59,4157.57,2,6,3.0000
2111,66.21,4370.29,0,0,0.0000
2112,292.58,4459.43,2,4,2.0000
2113,125.08,4112.82,0,0,0.0000
2114,287.21,4705.14,NaN,NaN,NaN
2115,187.87,4142.26,2,4,2.0000
2116,127.65,4578.43,0,0,0.0000
2117,44.47,4107.61,0,0,0.0000
2118,68.15,4526.74,NaN,NaN,NaN
2119,252.02,4649.75,NaN,NaN,NaN
2120,137.05,4643.98,NaN,NaN,NaN
2121,249.22,4413.53,NaN,NaN,NaN
2122,339.85,4670.80,0,0,0.0000
2123,65.61,4571.38,NaN,NaN,NaN
2124,63.41,4016.04,NaN,NaN,NaN
2125,239.81,4317.36,3,3,0.0000
2126,74.53,4669.88,NaN,NaN,NaN
2127,112.88,4687.37,NaN,NaN,NaN
2128,254.44,4260.29,NaN,NaN,NaN
2129,1197.14,4145.58,NaN,NaN,NaN
2130,1583.18,4602.17,NaN,NaN,NaN
2131,1632.28,4479.97,NaN,NaN,NaN
2132,1503.50,4370.38,NaN,NaN,NaN
2133,1422.52,4599.53,NaN,NaN,NaN
2134,1119.51,4452.07,NaN,NaN,NaN
2135,957.70,4040.82,NaN,NaN,NaN
2136,1276.38,3969.26,NaN,NaN,NaN
2137,1260.88,4069.29,NaN,NaN,NaN
2138,1462.42,4487.77,2,4,2.0000
2139,1051.79,4304.69,NaN,NaN,NaN
2140,1394.18,4053.95,NaN,NaN,NaN
2141,997.12,4190.55,2,3,0.0000
2142,1053.40,4059.42,NaN,NaN,NaN
2143,1246.71,4403.46,3,6,2.0000
2144,1112.31,4136.19,NaN,NaN,NaN
2145,1312.42,4187.32,0,0,0.0000
2146,1107.05,4241.73,0,0,0.0000
2147,1289.14,4704.41,2,7,3.5000
2148,1195.82,4649.74,NaN,NaN,NaN
2149,1259.09,4623.86,4,6,0.0000
2150,1485.92,4114.17,NaN,NaN,NaN
2151,1227.95,4551.61,0,0,0.0000
2152,1263.34,4191.76,0,0,0.0000
2153,1030.30,4375.59,0,0,0.0000
2154,1574.04,4343.54,NaN,NaN,NaN
2155,1348.29,4462.14,NaN,NaN,NaN
2156,1439.68,4175.72,NaN,NaN,NaN
2157,1127.07,4339.13,0,0,0.0000
2158,1383.67,4342.34,NaN,NaN,NaN
2159,1202.27,4470.45,0,0,0.0000
2160,1504.25,4015.01,0,0,0.0000
2161,1423.08,4346.53,NaN,NaN,NaN
2162,1314.87,4548.36,0,0,0.0000
2163,1367.46,4562.30,2,4,2.0000
2164,1524.16,4707.10,NaN,NaN,NaN
2165,1630.95,4256.53,NaN,NaN,NaN
2166,1107.61,4559.30,0,0,0.0000
2167,1179.67,4345.29,NaN,NaN,NaN
2168,1317.26,4627.09,NaN,NaN,NaN
2169,914.52,4068.86,NaN,NaN,NaN
2170,1056.42,4198.38,2,4,2.0000
2171,1527.56,4246.12,0,0,0.0000
2172,1341.50,4360.67,NaN,NaN,NaN
2173,1239.39,4310.60,NaN,NaN,NaN
2174,1634.47,4732.56,3,3,0.0000
2175,1491.20,4622.40,2,7,3.5000
2176,990.07,4306.41,NaN,NaN,NaN
2177,1573.26,4724.51,0,0,0.0000
2178,1400.44,4681.31,NaN,NaN,NaN
2179,1050.72,4672.35,NaN,NaN,NaN
2180,1273.09,4486.23,0,0,0.0000
2181,1329.10,4404.70,NaN,NaN,NaN
2182,1166.82,4576.20,NaN,NaN,NaN
2183,1505.16,4466.47,0,0,0.0000
2184,1066.16,4593.33,NaN,NaN,NaN
2185,1471.56,4221.46,NaN,NaN,NaN
2186,1368.01,4184.63,0,0,0.0000
2187,1406.58,4170.21,0,0,0.0000
2188,1032.72,4126.51,NaN,NaN,NaN
2189,1293.97,4308.50,0,0,0.0000
2190,1370.19,4251.10,0,0,0.0000
2191,1144.08,4695.94,NaN,NaN,NaN
2192,1415.68,4269.38,0,0,0.0000
2193,1452.59,4031.30,0,0,0.0000
2194,1138.80,4624.90,NaN,NaN,NaN
2195,1149.49,4194.22,0,0,0.0000
2196,927.30,4145.67,3,6,2.0000
2197,1371.21,4106.27,0,0,0.0000
2198,1340.45,4277.17,0,0,0.0000
2199,1653.36,4321.42,NaN,NaN,NaN
2200,1580.16,4237.59,0,0,0.0000
2201,1184.86,4522.79,0,0,0.0000
2202,1744.89,4438.73,NaN,NaN,NaN
2203,1714.10,4727.83,NaN,NaN,NaN
2204,1718.49,4495.21,NaN,NaN,NaN
2205,1684.74,4666.79,NaN,NaN,NaN
2206,1762.91,4539.01,2,3,0.0000
2207,1752.76,4725.22,0,0,0.0000
2208,2835.11,4260.62,NaN,NaN,NaN
2209,2987.43,4409.14,0,0,0.0000
2210,2745.67,4120.96,NaN,NaN,NaN
2211,2837.35,4356.52,NaN,NaN,NaN
2212,3122.86,4344.13,NaN,NaN,NaN
2213,3195.38,4579.23,2,8,4.0000
2214,2797.25,4094.59,0,0,0.0000
2215,2750.29,4221.99,2,2,0.0000
2216,3115.03,4123.46,0,0,0.0000
2217,3023.54,4190.45,NaN,NaN,NaN
2218,2929.99,4295.62,NaN,NaN,NaN
2219,2849.17,3984.92,3,5,0.0000
2220,3047.56,4235.94,NaN,NaN,NaN
2221,2953.36,4083.22,0,0,0.0000
2222,2958.41,4150.19,2,2,0.0000
2223,3034.20,4088.05,NaN,NaN,NaN
2224,2719.76,4054.64,0,0,0.0000
2225,3104.16,4644.15,NaN,NaN,NaN
2226,3183.61,4526.93,2,0,0.0000
2227,2783.63,4377.82,2,4,2.0000
2228,2849.24,4116.94,0,0,0.0000
2229,2699.42,4147.07,0,0,0.0000
2230,2914.79,4025.55,NaN,NaN,NaN
2231,2876.07,4205.67,NaN,NaN,NaN
2232,2972.40,4213.61,NaN,NaN,NaN
2233,2666.59,4031.72,0,0,0.0000
2234,3085.56,4291.30,NaN,NaN,NaN
2235,3159.46,4641.38,0,0,0.0000
2236,3036.36,4335.80,2,3,0.0000
2237,2960.33,4265.90,0,0,0.0000
2238,3120.96,4439.28,2,3,0.0000
2239,3016.86,4280.87,NaN,NaN,NaN
2240,3165.55,4420.28,0,0,0.0000
2241,2854.28,4429.04,2,4,2.0000
2242,2913.74,4401.97,0,0,0.0000
2243,2816.93,3998.84,4,8,2.0000
2244,2959.51,4013.23,2,1,0.0000
2245,3133.87,4267.08,NaN,NaN,NaN
2246,3024.39,4532.61,0,0,0.0000
2247,2819.91,4162.73,2,2,0.0000
2248,2829.96,4447.97,NaN,NaN,NaN
2249,2964.59,4478.52,2,1,0.0000
2250,3099.04,4236.70,NaN,NaN,NaN
2251,3139.16,4670.21,2,4,2.0000
2252,2881.77,4164.04,0,0,0.0000
2253,2940.71,4677.88,0,0,0.0000
2254,2876.33,4065.31,NaN,NaN,NaN
2255,2843.69,4043.56,0,0,0.0000
2256,2939.56,4363.62,NaN,NaN,NaN
2257,3276.59,3982.14,NaN,NaN,NaN
2258,3825.43,4713.47,0,0,0.0000
2259,3946.12,4685.49,NaN,NaN,NaN
2260,4644.07,4552.90,2,5,2.5000
2261,4667.20,4310.92,NaN,NaN,NaN
2262,4523.24,4161.18,2,5,2.5000
2263,4492.24,4659.47,0,0,0.0000
2264,4241.27,4252.38,2,4,2.0000
2265,4597.68,4424.22,NaN,NaN,NaN
2266,4472.89,4050.08,NaN,NaN,NaN
2267,4399.03,4250.49,3,6,2.0000
2268,4691.66,4449.07,3,5,0.0000
2269,4357.93,4457.74,0,0,0.0000
2270,4183.95,4595.42,3,8,2.6667
2271,4323.99,4197.49,2,5,2.5000
2272,4532.25,4336.16,2,5,2.5000
2273,4409.42,4501.62,3,4,0.0000
2274,4110.10,4660.97,0,0,0.0000
2275,4454.17,4406.29,0,0,0.0000
2276,4689.69,4195.36,NaN,NaN,NaN
2277,4421.36,4122.28,2,3,0.0000
2278,4381.16,4028.92,NaN,NaN,NaN
2279,4675.26,3981.32,2,4,2.0000
2280,4578.00,4273.82,NaN,NaN,NaN
2281,4468.29,4228.83,NaN,NaN,NaN
2282,4198.20,4720.82,0,0,0.0000
2283,4292.04,4450.13,0,0,0.0000
2284,4604.32,4659.61,0,0,0.0000
2285,4624.75,4154.32,NaN,NaN,NaN
2286,4619.25,4050.76,NaN,NaN,NaN
2287,4400.26,4325.28,NaN,NaN,NaN
2288,4295.00,4350.22,NaN,NaN,NaN
2289,4258.46,4393.99,NaN,NaN,NaN
2290,4684.72,4703.70,NaN,NaN,NaN
2291,4715.35,4109.54,NaN,NaN,NaN
2292,4432.62,4576.64,NaN,NaN,NaN
2293,4302.70,4035.63,0,0,0.0000
2294,4241.77,4705.84,0,0,0.0000
2295,4024.95,4707.78,0,0,0.0000
2296,4477.00,4510.44,0,0,0.0000
2297,4549.14,4582.91,NaN,NaN,NaN
2298,4553.45,4667.67,0,0,0.0000
2299,4464.09,4326.11,NaN,NaN,NaN
2300,4514.44,4256.35,4,5,0.0000
2301,4336.51,3982.23,NaN,NaN,NaN
2302,3986.42,4731.35,0,0,0.0000
2303,4259.21,4001.82,NaN,NaN,NaN
2304,4032.98,4662.43,NaN,NaN,NaN
2305,4148.83,4713.59,NaN,NaN,NaN
2306,4589.50,4206.80,0,0,0.0000
2307,4512.23,4417.42,0,0,0.0000
2308,4734.80,4414.59,0,0,0.0000
2309,4223.66,4528.45,0,0,0.0000
2310,4284.82,4413.70,0,0,0.0000
2311,5240.19,4502.44,3,4,0.0000
2312,5136.12,4410.25,NaN,NaN,NaN
2313,4802.41,4423.68,NaN,NaN,NaN
2314,4942.01,4513.79,NaN,NaN,NaN
2315,4932.16,4291.84,NaN,NaN,NaN
2316,5345.99,4394.50,2,9,4.5000
2317,4830.85,4162.16,2,5,2.5000
2318,5078.69,3981.89,NaN,NaN,NaN
2319,5033.89,4072.98,NaN,NaN,NaN
2320,4910.81,4402.48,NaN,NaN,NaN
2321,5150.80,4062.17,NaN,NaN,NaN
2322,4762.39,4134.30,2,3,0.0000
2323,5440.51,4692.24,NaN,NaN,NaN
2324,5032.62,4412.70,NaN,NaN,NaN
2325,4781.39,4543.45,NaN,NaN,NaN
2326,5132.75,4256.75,NaN,NaN,NaN
2327,5195.46,4337.80,2,4,2.0000
2328,5014.56,4639.39,NaN,NaN,NaN
2329,4820.66,4014.03,0,0,0.0000
2330,5161.65,4168.88,NaN,NaN,NaN
2331,5113.60,4522.71,NaN,NaN,NaN
2332,5471.63,4603.96,NaN,NaN,NaN
2333,5151.83,4616.74,NaN,NaN,NaN
2334,4738.74,4693.76,2,3,0.0000
2335,4898.84,4653.75,NaN,NaN,NaN
2336,4952.08,4156.37,3,9,3.0000
2337,5083.75,4593.25,NaN,NaN,NaN
2338,4786.46,4285.97,NaN,NaN,NaN
2339,5042.74,4146.99,2,7,3.5000
2340,4850.32,4734.42,NaN,NaN,NaN
2341,5293.54,4622.73,NaN,NaN,NaN
2342,5029.04,4535.52,NaN,NaN,NaN
2343,4870.87,4575.67,0,0,0.0000
2344,5314.21,4534.27,NaN,NaN,NaN
2345,4901.72,4187.42,NaN,NaN,NaN
2346,5206.16,4664.41,0,0,0.0000
2347,5375.69,4514.20,0,0,0.0000
2348,5271.20,4686.03,NaN,NaN,NaN
2349,5202.70,4018.07,0,0,0.0000
2350,4897.40,4110.46,NaN,NaN,NaN
2351,5484.40,4485.87,NaN,NaN,NaN
2352,5337.58,4237.50,3,5,0.0000
2353,5501.48,4405.88,0,0,0.0000
2354,5313.79,4309.13,0,0,0.0000
2355,4973.94,3978.62,0,0,0.0000
2356,4753.97,4623.17,NaN,NaN,NaN
2357,4872.06,4071.30,NaN,NaN,NaN
2358,4951.90,4695.22,0,0,0.0000
2359,5093.06,4672.69,NaN,NaN,NaN
2360,5012.32,4480.47,NaN,NaN,NaN
2361,5272.07,3999.70,3,6,2.0000
2362,4949.32,4034.96,NaN,NaN,NaN
2363,4982.38,4362.69,0,0,0.0000
2364,5226.23,4263.61,0,0,0.0000
2365,4807.62,4232.41,3,3,0.0000
2366,4944.01,4079.23,NaN,NaN,NaN
2367,5008.47,4584.50,0,0,0.0000
2368,4872.81,4271.76,NaN,NaN,NaN
2369,5076.03,4473.41,2,3,0.0000
2370,5571.64,4329.57,0,0,0.0000
2371,5561.36,4413.44,0,0,0.0000
2372,5944.84,4710.78,2,2,0.0000
2373,5746.00,4719.92,0,0,0.0000
2374,5549.15,4492.34,0,0,0.0000
2375,5527.15,4604.31,0,0,0.0000
2376,5622.73,4356.49,0,0,0.0000
2377,196.20,5186.60,NaN,NaN,NaN
2378,239.29,5454.62,3,5,0.0000
2379,810.50,5419.63,NaN,NaN,NaN
2380,414.31,5322.80,0,0,0.0000
2381,702.03,5336.35,NaN,NaN,NaN
2382,266.66,5054.85,NaN,NaN,NaN
2383,698.63,5222.67,NaN,NaN,NaN
2384,239.63,4849.79,NaN,NaN,NaN
2385,512.12,5325.92,NaN,NaN,NaN
2386,78.66,4874.91,NaN,NaN,NaN
2387,109.10,5327.42,NaN,NaN,NaN
2388,776.41,5153.21,2,4,2.0000
2389,384.34,5086.84,0,0,0.0000
2390,438.89,5232.53,4,4,0.0000
2391,210.91,5349.93,2,4,2.0000
2392,478.61,4876.57,0,0,0.0000
2393,446.99,4814.42,0,0,0.0000
2394,191.40,5001.20,4,5,0.0000
2395,65.31,5236.87,NaN,NaN,NaN
2396,301.07,5129.43,NaN,NaN,NaN
2397,312.87,4950.99,0,0,0.0000
2398,380.98,5159.69,0,0,0.0000
2399,59.17,4955.48,NaN,NaN,NaN
2400,135.65,4960.43,0,0,0.0000
2401,465.84,5152.89,0,0,0.0000
2402,367.56,4802.95,2,5,2.5000
2403,103.73,5039.90,0,0,0.0000
2404,351.34,4880.10,NaN,NaN,NaN
2405,458.68,5407.74,0,0,0.0000
2406,606.40,5280.08,NaN,NaN,NaN
2407,812.68,5308.25,NaN,NaN,NaN
2408,115.81,5421.11,NaN,NaN,NaN
2409,32.35,5423.39,3,3,0.0000
2410,322.39,4745.53,NaN,NaN,NaN
2411,431.92,5042.72,0,0,0.0000
2412,324.00,5402.20,0,0,0.0000
2413,213.80,4737.75,0,0,0.0000
2414,384.90,5442.18,NaN,NaN,NaN
2415,45.51,5133.11,NaN,NaN,NaN
2416,725.09,5274.63,3,6,2.0000
2417,150.85,4738.98,NaN,NaN,NaN
2418,135.35,5475.61,NaN,NaN,NaN
2419,411.31,4901.53,NaN,NaN,NaN
2420,152.37,5281.35,NaN,NaN,NaN
2421,848.90,5240.40,NaN,NaN,NaN
2422,559.38,5207.15,0,0,0.0000
2423,58.71,5366.09,NaN,NaN,NaN
2424,365.34,4961.28,NaN,NaN,NaN
2425,277.34,4787.59,0,0,0.0000
2426,311.44,5196.44,0,0,0.0000
2427,492.27,5061.35,NaN,NaN,NaN
2428,310.50,4846.29,0,0,0.0000
2429,446.00,4999.05,0,0,0.0000
2430,214.66,4951.49,0,0,0.0000
2431,433.11,4950.92,NaN,NaN,NaN
2432,329.72,5336.83,0,0,0.0000
2433,868.10,5291.03,NaN,NaN,NaN
2434,273.85,5307.96,NaN,NaN,NaN
2435,357.22,5026.22,0,0,0.0000
2436,467.74,5471.06,0,0,0.0000
2437,362.73,5292.04,0,0,0.0000
2438,1444.28,5495.93,0,0,0.0000
2439,1167.99,5188.47,0,0,0.0000
2440,1367.57,5019.51,2,5,2.5000
2441,1198.42,4757.24,NaN,NaN,NaN
2442,917.66,5381.49,3,6,2.0000
2443,1105.77,5053.82,0,0,0.0000
2444,1014.42,5111.81,NaN,NaN,NaN
2445,1372.62,5186.59,0,0,0.0000
2446,1347.24,5294.62,NaN,NaN,NaN
2447,1385.87,5392.76,3,3,0.0000
2448,1090.97,5407.18,0,0,0.0000
2449,1563.55,5308.07,NaN,NaN,NaN
2450,917.89,5175.27,2,2,0.0000
2451,1069.02,5205.73,0,0,0.0000
2452,1081.94,4912.93,0,0,0.0000
2453,993.56,5243.70,NaN,NaN,NaN
2454,1162.40,4981.76,NaN,NaN,NaN
2455,1213.28,4872.03,0,0,0.0000
2456,1367.40,4800.80,0,0,0.0000
2457,1185.81,5307.64,NaN,NaN,NaN
2458,1393.78,4884.18,NaN,NaN,NaN
2459,1069.93,5316.52,0,0,0.0000
2460,1046.94,4819.65,2,10,5.0000
2461,1134.86,4844.60,0,0,0.0000
2462,1541.58,5485.04,0,0,0.0000
2463,1613.88,4864.93,NaN,NaN,NaN
2464,1478.63,5333.11,NaN,NaN,NaN
2465,1211.42,5486.41,NaN,NaN,NaN
2466,1275.88,4925.94,NaN,NaN,NaN
2467,1280.86,4789.81,3,5,0.0000
2468,1356.62,5472.63,0,0,0.0000
2469,1512.48,5390.76,4,4,0.0000
2470,1569.68,5396.01,NaN,NaN,NaN
2471,1434.66,5086.74,NaN,NaN,NaN
2472,908.11,5272.92,2,3,0.0000
2473,1449.62,5163.61,NaN,NaN,NaN
2474,1421.81,4779.51,NaN,NaN,NaN
2475,1064.08,4762.13,NaN,NaN,NaN
2476,1420.67,5250.99,0,0,0.0000
2477,1591.10,5491.73,NaN,NaN,NaN
2478,1026.23,5020.35,0,0,0.0000
2479,1309.16,4957.64,0,0,0.0000
2480,1087.63,5472.81,0,0,0.0000
2481,1640.51,4936.98,NaN,NaN,NaN
2482,1037.48,4955.79,0,0,0.0000
2483,1349.48,5143.75,2,3,0.0000
2484,1193.94,5056.60,0,0,0.0000
2485,1255.60,5030.79,0,0,0.0000
2486,1268.42,4861.62,NaN,NaN,NaN
2487,959.13,5300.63,0,0,0.0000
2488,1166.29,4837.04,NaN,NaN,NaN
2489,1175.16,4913.51,0,0,0.0000
2490,1320.75,4909.09,0,0,0.0000
2491,1718.31,5006.11,NaN,NaN,NaN
2492,1726.64,5081.88,NaN,NaN,NaN
2493,1758.10,4957.81,NaN,NaN,NaN
2494,1769.56,4865.88,0,0,0.0000
2495,1681.48,4794.57,NaN,NaN,NaN
2496,1771.66,4794.32,NaN,NaN,NaN
2497,1672.20,4884.03,NaN,NaN,NaN
2498,1784.04,4906.67,0,0,0.0000
2499,1719.25,4798.08,0,0,0.0000
2500,1701.30,4931.91,0,0,0.0000
2501,2994.57,5476.58,NaN,NaN,NaN
2502,3719.18,4801.85,0,0,0.0000
2503,3743.80,4983.85,NaN,NaN,NaN
2504,3872.50,4874.96,NaN,NaN,NaN
2505,3757.38,4863.83,2,3,0.0000
2506,3351.60,5327.21,NaN,NaN,NaN
2507,3835.37,4811.80,0,0,0.0000
2508,3376.49,5218.39,NaN,NaN,NaN
2509,3259.69,5493.05,NaN,NaN,NaN
2510,3311.39,5275.89,NaN,NaN,NaN
2511,3799.10,4921.64,2,3,0.0000
2512,3273.77,5218.51,NaN,NaN,NaN
2513,3671.67,4944.90,NaN,NaN,NaN
2514,3813.16,4994.04,4,4,0.0000
2515,3345.73,5412.56,0,0,0.0000
2516,3814.89,4746.16,0,0,0.0000
2517,3395.22,5373.13,NaN,NaN,NaN
2518,3392.64,5442.58,NaN,NaN,NaN
2519,3201.40,4759.47,NaN,NaN,NaN
2520,3677.61,5002.81,0,0,0.0000
2521,3306.32,5041.44,0,0,0.0000
2522,4628.84,4821.80,3,7,2.3333
2523,4560.95,4916.79,2,2,0.0000
2524,4437.38,4960.74,0,0,0.0000
2525,4533.23,5271.68,2,3,0.0000
2526,4027.22,4822.63,0,0,0.0000
2527,4130.21,4810.64,NaN,NaN,NaN
2528,4641.13,5020.57,NaN,NaN,NaN
2529,4171.08,4965.48,NaN,NaN,NaN
2530,4285.66,5342.07,2,5,2.5000
2531,4398.30,5417.41,NaN,NaN,NaN
2532,4375.21,5318.85,0,0,0.0000
2533,3983.07,4790.96,0,0,0.0000
2534,4096.43,4942.02,0,0,0.0000
2535,4478.78,5232.42,0,0,0.0000
2536,4493.90,5464.36,NaN,NaN,NaN
2537,3975.67,4895.44,2,5,2.5000
2538,4509.42,4820.36,3,9,3.0000
2539,4440.98,5464.05,NaN,NaN,NaN
2540,4565.31,5366.41,NaN,NaN,NaN
2541,4423.96,5280.53,0,0,0.0000
2542,4254.23,4897.99,NaN,NaN,NaN
2543,4278.35,4834.33,0,0,0.0000
2544,4205.63,4898.72,3,2,0.0000
2545,4286.82,4951.07,NaN,NaN,NaN
2546,4691.38,4987.24,2,2,0.0000
2547,4164.40,4764.73,NaN,NaN,NaN
2548,4121.43,4875.65,0,0,0.0000
2549,4419.75,4838.92,NaN,NaN,NaN
2550,4679.56,4894.45,0,0,0.0000
2551,4374.32,4879.33,NaN,NaN,NaN
2552,4541.91,5340.02,NaN,NaN,NaN
2553,4505.69,5369.82,NaN,NaN,NaN
2554,4300.87,4744.14,0,0,0.0000
2555,4199.71,4803.44,0,0,0.0000
2556,4469.87,5309.18,0,0,0.0000
2557,4444.28,5380.46,0,0,0.0000
2558,4258.59,4774.71,0,0,0.0000
2559,4241.19,4818.47,0,0,0.0000
2560,4285.69,4760.87,0,0,0.0000
2561,4287.17,5418.59,NaN,NaN,NaN
2562,4424.57,5228.55,0,0,0.0000
2563,5119.34,4779.58,2,2,0.0000
2564,5294.25,4749.40,2,4,2.0000
2565,5473.04,5139.21,NaN,NaN,NaN
2566,4795.97,5001.95,NaN,NaN,NaN
2567,4886.37,4938.15,0,0,0.0000
2568,5353.49,4931.25,NaN,NaN,NaN
2569,5239.32,4825.87,NaN,NaN,NaN
2570,5122.75,4910.15,3,1,0.0000
2571,5421.60,4845.68,NaN,NaN,NaN
2572,4907.65,4782.82,0,0,0.0000
2573,5266.33,4912.17,0,0,0.0000
2574,5016.30,4968.25,2,3,0.0000
2575,4792.52,4742.05,NaN,NaN,NaN
2576,5301.16,5057.85,NaN,NaN,NaN
2577,4792.72,4841.60,3,4,0.0000
2578,5489.03,4873.20,0,0,0.0000
2579,5344.44,4820.26,0,0,0.0000
2580,5483.99,4952.33,2,3,0.0000
2581,5017.55,4892.27,NaN,NaN,NaN
2582,5431.12,4919.39,NaN,NaN,NaN
2583,5237.59,4986.74,0,0,0.0000
2584,5234.03,4875.28,3,6,2.0000
2585,5077.49,4970.73,0,0,0.0000
2586,5058.80,4935.87,NaN,NaN,NaN
2587,5346.13,5096.81,NaN,NaN,NaN
2588,5178.87,4872.86,NaN,NaN,NaN
2589,5054.98,5033.85,0,0,0.0000
2590,5220.17,5090.21,0,0,0.0000
2591,4842.25,4817.37,NaN,NaN,NaN
2592,5563.02,4961.16,NaN,NaN,NaN
2593,5869.17,5204.89,4,4,0.0000
2594,5810.09,5466.50,NaN,NaN,NaN
2595,6076.46,4982.34,NaN,NaN,NaN
2596,5974.69,5355.50,NaN,NaN,NaN
2597,5811.20,5296.72,NaN,NaN,NaN
2598,5879.74,5433.96,0,0,0.0000
2599,6138.73,5180.54,NaN,NaN,NaN
2600,6179.07,5295.39,NaN,NaN,NaN
2601,6193.17,4902.39,NaN,NaN,NaN
2602,6227.16,5364.74,2,7,3.5000
2603,5698.13,5307.07,0,0,0.0000
2604,5572.15,5173.61,NaN,NaN,NaN
2605,6262.22,5035.97,0,0,0.0000
2606,6114.42,5084.39,2,5,2.5000
2607,6063.99,5221.38,3,4,0.0000
2608,6102.22,4842.14,NaN,NaN,NaN
2609,6208.21,5192.59,NaN,NaN,NaN
2610,5953.32,5269.64,2,4,2.0000
2611,5982.23,5437.64,0,0,0.0000
2612,6010.60,5094.04,NaN,NaN,NaN
2613,5672.21,5028.32,NaN,NaN,NaN
2614,5797.42,5118.12,NaN,NaN,NaN
2615,6116.27,5469.22,NaN,NaN,NaN
2616,5714.71,5136.52,NaN,NaN,NaN
2617,6183.24,5057.14,0,0,0.0000
2618,6249.06,5097.72,NaN,NaN,NaN
2619,5781.35,4831.87,NaN,NaN,NaN
2620,5803.21,5045.58,0,0,0.0000
2621,6095.41,5376.41,0,0,0.0000
2622,5682.22,5207.60,2,4,2.0000
2623,6023.89,4765.11,NaN,NaN,NaN
2624,5778.08,4944.94,NaN,NaN,NaN
2625,6262.79,5243.73,2,7,3.5000
2626,5908.25,5061.78,3,5,0.0000
2627,6162.38,4791.80,2,3,0.0000
2628,6078.27,5043.03,0,0,0.0000
2629,5832.02,4869.03,NaN,NaN,NaN
2630,6087.62,4905.10,NaN,NaN,NaN
2631,5918.87,4957.08,0,0,0.0000
2632,5759.78,5360.51,NaN,NaN,NaN
2633,5641.60,5120.76,2,3,0.0000
2634,6092.93,5283.27,NaN,NaN,NaN
2635,5746.44,4997.58,NaN,NaN,NaN
2636,5545.02,5105.12,0,0,0.0000
2637,5735.11,5051.55,0,0,0.0000
2638,5719.14,4903.19,NaN,NaN,NaN
2639,5612.55,5501.29,0,0,0.0000
2640,5819.18,4754.33,0,0,0.0000
2641,5961.48,5031.90,0,0,0.0000
2642,5996.81,5194.97,0,0,0.0000
2643,6239.83,5454.44,NaN,NaN,NaN
2644,6244.99,4847.14,2,4,2.0000
2645,5949.42,5109.11,2,3,0.0000
2646,5513.04,5214.59,3,5,0.0000
2647,5760.41,4754.30,0,0,0.0000
2648,6262.67,4927.58,0,0,0.0000
2649,5840.26,4993.11,NaN,NaN,NaN
2650,5862.92,4904.32,NaN,NaN,NaN
2651,5600.36,5067.79,3,5,0.0000
2652,5703.45,4793.65,NaN,NaN,NaN
2653,6115.47,4738.18,0,0,0.0000
2654,6153.41,5358.55,NaN,NaN,NaN
2655,5516.30,4818.74,NaN,NaN,NaN
2656,5954.16,4825.55,0,0,0.0000
2657,6156.73,5432.73,NaN,NaN,NaN
2658,6084.09,4789.33,0,0,0.0000
2659,5936.84,4902.41,NaN,NaN,NaN
2660,5924.43,4862.86,NaN,NaN,NaN
2661,5856.92,5109.28,0,0,0.0000
2662,5886.68,4838.41,0,0,0.0000
2663,6226.23,4799.33,NaN,NaN,NaN
2664,6186.46,4990.39,0,0,0.0000
2665,5635.87,5180.31,2,6,3.0000
2666,6203.65,5416.14,NaN,NaN,NaN
2667,6023.73,5276.47,NaN,NaN,NaN
2668,5956.01,5157.47,0,0,0.0000
2669,5617.34,5020.38,NaN,NaN,NaN
2670,6521.54,5021.26,NaN,NaN,NaN
2671,6928.12,5402.08,0,0,0.0000
2672,6670.05,5306.11,NaN,NaN,NaN
2673,6496.91,5341.60,0,0,0.0000
2674,6720.97,4865.78,0,0,0.0000
2675,6897.84,5299.76,NaN,NaN,NaN
2676,6527.05,5190.52,NaN,NaN,NaN
2677,6332.59,4910.41,0,0,0.0000
2678,6411.08,5431.91,NaN,NaN,NaN
2679,6813.81,5426.65,0,0,0.0000
2680,6682.39,5151.75,2,3,0.0000
2681,6907.87,5120.66,0,0,0.0000
2682,7018.73,5160.09,0,0,0.0000
2683,6355.01,5187.02,0,0,0.0000
2684,6366.45,5333.23,2,3,0.0000
2685,6615.20,4840.10,2,4,2.0000
2686,6424.99,5270.59,NaN,NaN,NaN
2687,6833.06,5173.63,NaN,NaN,NaN
2688,6291.26,5147.60,0,0,0.0000
2689,6947.05,4955.00,NaN,NaN,NaN
2690,6746.40,5471.90,NaN,NaN,NaN
2691,6839.47,4996.64,NaN,NaN,NaN
2692,6461.73,5059.10,NaN,NaN,NaN
2693,6871.69,5224.68,2,3,0.0000
2694,6890.03,5039.52,0,0,0.0000
2695,6421.46,4874.64,0,0,0.0000
2696,6886.55,5494.71,NaN,NaN,NaN
2697,6738.09,5120.48,2,4,2.0000
2698,6809.92,4895.79,3,5,0.0000
2699,6985.09,5038.11,0,0,0.0000
2700,6587.35,5239.90,NaN,NaN,NaN
2701,6348.81,5032.04,NaN,NaN,NaN
2702,6711.92,5053.74,NaN,NaN,NaN
2703,6803.42,5117.82,0,0,0.0000
2704,6504.87,5436.13,NaN,NaN,NaN
2705,6701.90,4957.17,0,0,0.0000
2706,6316.94,4802.59,NaN,NaN,NaN
2707,6762.37,4986.39,NaN,NaN,NaN
2708,6574.84,5392.97,0,0,0.0000
2709,7022.74,4845.33,NaN,NaN,NaN
2710,6375.59,4965.67,NaN,NaN,NaN
2711,6651.11,5018.23,NaN,NaN,NaN
2712,6949.47,5198.51,0,0,0.0000
2713,7026.17,5344.44,NaN,NaN,NaN
2714,6793.25,5057.93,2,1,0.0000
2715,6335.08,5458.36,0,0,0.0000
2716,6402.41,5079.97,0,0,0.0000
2717,6284.31,5477.02,2,2,0.0000
2718,6435.23,5194.92,0,0,0.0000
2719,6424.28,5142.99,0,0,0.0000
2720,6792.15,4814.03,0,0,0.0000
2721,6986.03,5100.92,0,0,0.0000
2722,6508.31,4863.47,0,0,0.0000
2723,6367.88,5102.33,NaN,NaN,NaN
2724,6738.67,4794.78,0,0,0.0000
2725,6524.13,5259.40,NaN,NaN,NaN
2726,6802.69,5331.50,2,4,2.0000
2727,6584.41,4907.11,0,0,0.0000
2728,6576.20,4783.26,0,0,0.0000
2729,6815.84,5497.40,NaN,NaN,NaN
2730,6653.32,4889.35,NaN,NaN,NaN
2731,6965.66,4899.90,NaN,NaN,NaN
2732,6623.03,4983.34,0,0,0.0000
2733,6390.98,4824.93,0,0,0.0000
2734,6294.25,5346.59,0,0,0.0000
2735,6904.21,4917.91,0,0,0.0000
2736,6970.44,5248.81,NaN,NaN,NaN
2737,6549.83,4952.37,0,0,0.0000
2738,6863.41,4889.50,0,0,0.0000
2739,6481.69,5133.00,0,0,0.0000
2740,6545.69,4902.48,0,0,0.0000
2741,6699.34,4764.55,0,0,0.0000
2742,6387.72,4788.22,0,0,0.0000
2743,6595.38,4962.66,NaN,NaN,NaN
2744,6840.59,5285.17,3,5,0.0000
2745,7102.35,5238.54,0,0,0.0000
2746,7283.38,5163.57,3,3,0.0000
2747,7113.58,5341.40,NaN,NaN,NaN
2748,7222.46,5200.52,NaN,NaN,NaN
2749,7044.50,5295.13,NaN,NaN,NaN
2750,7214.27,5305.76,NaN,NaN,NaN
2751,7101.27,5112.81,0,0,0.0000
2752,7045.67,5049.33,0,0,0.0000
2753,7225.87,5435.58,2,5,2.5000
2754,7295.81,5436.97,2,4,2.0000
2755,7161.42,5477.95,NaN,NaN,NaN
2756,7208.27,5079.63,0,0,0.0000
2757,7105.69,4800.40,0,0,0.0000
2758,7215.22,5500.24,0,0,0.0000
2759,7061.55,5498.43,NaN,NaN,NaN
2760,7272.65,5094.38,0,0,0.0000
2761,7141.57,5164.13,0,0,0.0000
2762,7270.35,5051.59,NaN,NaN,NaN
2763,7145.73,5426.82,0,0,0.0000
2764,7185.52,5119.78,0,0,0.0000
2765,7176.24,5193.39,NaN,NaN,NaN
2766,7054.52,5115.02,0,0,0.0000
2767,7262.21,5257.26,NaN,NaN,NaN
2768,7309.06,5220.83,3,6,2.0000
2769,7319.09,5404.17,NaN,NaN,NaN
2770,7415.36,5348.43,0,0,0.0000
2771,269.59,6220.74,NaN,NaN,NaN
2772,490.76,6080.13,NaN,NaN,NaN
2773,706.19,5946.66,NaN,NaN,NaN
2774,369.00,6051.93,0,0,0.0000
2775,393.88,5526.59,NaN,NaN,NaN
2776,267.29,5638.41,NaN,NaN,NaN
2777,497.34,5647.65,NaN,NaN,NaN
2778,499.39,5767.95,NaN,NaN,NaN
2779,187.94,5802.46,3,4,0.0000
2780,507.14,5839.46,0,0,0.0000
2781,269.68,5976.09,NaN,NaN,NaN
2782,330.43,5772.75,NaN,NaN,NaN
2783,616.35,5923.21,NaN,NaN,NaN
2784,399.56,6180.29,NaN,NaN,NaN
2785,738.97,5690.82,2,4,2.0000
2786,194.89,5532.17,NaN,NaN,NaN
2787,421.83,5718.55,0,0,0.0000
2788,165.31,6177.91,0,0,0.0000
2789,846.98,5696.39,3,5,0.0000
2790,197.63,5953.08,NaN,NaN,NaN
2791,832.70,5601.67,NaN,NaN,NaN
2792,500.30,6258.66,NaN,NaN,NaN
2793,415.42,5888.20,NaN,NaN,NaN
2794,287.43,6119.59,2,6,3.0000
2795,546.35,5884.78,0,0,0.0000
2796,699.15,5850.91,NaN,NaN,NaN
2797,527.59,6156.15,4,7,0.0000
2798,177.46,5612.95,3,5,0.0000
2799,98.56,5869.73,NaN,NaN,NaN
2800,550.48,6084.68,NaN,NaN,NaN
2801,271.54,5838.71,NaN,NaN,NaN
2802,654.22,6055.69,NaN,NaN,NaN
2803,569.03,5690.67,2,3,0.0000
2804,68.66,5507.59,3,1,0.0000
2805,99.39,6243.17,2,4,2.0000
2806,247.04,6065.38,NaN,NaN,NaN
2807,426.14,5615.32,NaN,NaN,NaN
2808,352.40,5937.70,NaN,NaN,NaN
2809,605.49,6116.04,2,6,3.0000
2810,690.76,5754.39,NaN,NaN,NaN
2811,629.65,5980.22,0,0,0.0000
2812,465.96,5952.14,NaN,NaN,NaN
2813,357.91,5690.10,NaN,NaN,NaN
2814,281.44,5552.43,NaN,NaN,NaN
2815,107.10,6181.13,0,0,0.0000
2816,614.09,5803.72,NaN,NaN,NaN
2817,740.81,5789.52,NaN,NaN,NaN
2818,823.68,5528.26,0,0,0.0000
2819,569.39,6192.52,NaN,NaN,NaN
2820,342.75,6151.83,NaN,NaN,NaN
2821,252.53,5758.14,0,0,0.0000
2822,436.83,6232.30,0,0,0.0000
2823,562.01,6264.13,NaN,NaN,NaN
2824,364.92,5602.43,2,5,2.5000
2825,105.15,5766.04,2,6,3.0000
2826,611.59,5631.51,0,0,0.0000
2827,521.74,5987.95,0,0,0.0000
2828,814.86,5886.17,2,8,4.0000
2829,457.16,6032.07,NaN,NaN,NaN
2830,598.25,5752.99,NaN,NaN,NaN
2831,416.87,6108.26,NaN,NaN,NaN
2832,330.84,5866.30,0,0,0.0000
2833,409.72,5806.12,0,0,0.0000
2834,39.51,5745.75,NaN,NaN,NaN
2835,614.28,5852.73,NaN,NaN,NaN
2836,507.41,6205.58,3,2,0.0000
2837,221.57,5893.15,2,4,2.0000
2838,330.66,5575.11,NaN,NaN,NaN
2839,1273.76,5586.23,0,0,0.0000
2840,1008.11,5545.13,NaN,NaN,NaN
2841,943.28,5688.82,NaN,NaN,NaN
2842,1131.72,5723.93,2,2,0.0000
2843,1474.30,6003.44,0,0,0.0000
2844,1311.82,6080.26,NaN,NaN,NaN
2845,1566.67,5866.65,NaN,NaN,NaN
2846,1450.14,5731.47,NaN,NaN,NaN
2847,1609.33,5952.78,0,0,0.0000
2848,1402.71,5971.12,3,3,0.0000
2849,1626.71,6197.70,2,6,3.0000
2850,1165.34,6111.12,NaN,NaN,NaN
2851,1573.16,6095.42,NaN,NaN,NaN
2852,1084.04,5851.66,NaN,NaN,NaN
2853,1650.85,6105.16,0,0,0.0000
2854,1569.06,5605.80,0,0,0.0000
2855,1178.49,5580.42,NaN,NaN,NaN
2856,1378.57,6169.10,0,0,0.0000
2857,1161.50,5868.88,0,0,0.0000
2858,1339.10,5681.55,NaN,NaN,NaN
2859,1510.34,5805.09,0,0,0.0000
2860,1356.05,5931.76,2,4,2.0000
2861,896.97,5801.13,NaN,NaN,NaN
2862,1456.23,5653.13,NaN,NaN,NaN
2863,1400.75,5620.71,NaN,NaN,NaN
2864,903.00,5568.42,2,3,0.0000
2865,1560.26,5737.89,0,0,0.0000
2866,1486.27,5890.62,0,0,0.0000
2867,964.30,5735.63,2,5,2.5000
2868,1006.50,5764.36,0,0,0.0000
2869,1455.48,6108.34,3,4,0.0000
2870,1128.71,5620.54,2,4,2.0000
2871,1209.41,5792.43,2,4,2.0000
2872,1491.44,5585.36,0,0,0.0000
2873,1634.93,5564.52,0,0,0.0000
2874,1570.60,5679.01,0,0,0.0000
2875,1410.26,5854.79,NaN,NaN,NaN
2876,1160.15,5779.88,2,4,2.0000
2877,1061.59,5994.73,NaN,NaN,NaN
2878,1258.58,5681.73,NaN,NaN,NaN
2879,1226.66,6072.55,0,0,0.0000
2880,1060.50,5670.98,NaN,NaN,NaN
2881,1013.63,5807.99,3,4,0.0000
2882,1383.26,5773.21,NaN,NaN,NaN
2883,1302.14,6171.86,NaN,NaN,NaN
2884,1327.01,5514.83,2,4,2.0000
2885,1450.02,5837.00,0,0,0.0000
2886,1528.14,6059.18,0,0,0.0000
2887,1235.96,5725.27,NaN,NaN,NaN
2888,1311.05,6223.29,NaN,NaN,NaN
2889,1359.41,6265.54,2,6,3.0000
2890,1864.55,6239.12,0,0,0.0000
2891,1741.25,6106.17,NaN,NaN,NaN
2892,1709.40,6184.51,NaN,NaN,NaN
2893,1677.68,5535.22,0,0,0.0000
2894,2998.92,5538.56,NaN,NaN,NaN
2895,3174.28,5827.85,0,0,0.0000
2896,3184.83,5850.04,NaN,NaN,NaN
2897,3341.48,5538.16,NaN,NaN,NaN
2898,3288.04,5565.74,NaN,NaN,NaN
2899,3251.07,5898.93,3,3,0.0000
2900,3366.25,5738.86,2,4,2.0000
2901,3297.52,5741.50,0,0,0.0000
2902,3232.00,5537.32,0,0,0.0000
2903,3373.81,5681.67,NaN,NaN,NaN
2904,3314.77,5675.33,NaN,NaN,NaN
2905,3320.20,5810.97,NaN,NaN,NaN
2906,3465.36,5687.64,NaN,NaN,NaN
2907,3546.02,5772.69,0,0,0.0000
2908,3226.70,5645.90,NaN,NaN,NaN
2909,3255.03,5725.03,2,7,3.5000
2910,3358.87,5624.60,0,0,0.0000
2911,3411.96,5661.03,0,0,0.0000
2912,3339.55,5778.25,NaN,NaN,NaN
2913,3273.42,5890.42,NaN,NaN,NaN
2914,3234.43,5942.27,2,3,0.0000
2915,3325.69,5862.17,0,0,0.0000
2916,3284.23,6040.12,0,0,0.0000
2917,4220.63,5982.28,2,1,0.0000
2918,4388.51,5613.92,NaN,NaN,NaN
2919,4723.46,6246.54,NaN,NaN,NaN
2920,4260.83,6055.08,0,0,0.0000
2921,4322.11,5923.81,0,0,0.0000
2922,4664.59,6180.61,0,0,0.0000
2923,4418.36,5537.41,NaN,NaN,NaN
2924,4268.25,6244.33,0,0,0.0000
2925,4237.46,6134.06,3,7,2.3333
2926,4332.22,5642.29,NaN,NaN,NaN
2927,4495.07,5621.03,NaN,NaN,NaN
2928,4504.13,5510.60,0,0,0.0000
2929,4447.46,5638.53,NaN,NaN,NaN
2930,5033.39,6097.31,0,0,0.0000
2931,4874.49,6229.79,NaN,NaN,NaN
2932,4979.08,6265.42,0,0,0.0000
2933,5064.78,6208.14,0,0,0.0000
2934,5156.50,6163.72,0,0,0.0000
2935,4988.56,6183.79,NaN,NaN,NaN
2936,4758.84,6173.68,2,6,3.0000
2937,4897.50,6136.76,NaN,NaN,NaN
2938,5249.20,6021.71,0,0,0.0000
2939,4905.89,6197.26,0,0,0.0000
2940,5269.18,6165.31,0,0,0.0000
2941,5368.55,6264.46,0,0,0.0000
2942,5316.87,6267.24,NaN,NaN,NaN
2943,5124.67,6129.12,0,0,0.0000
2944,5216.55,6093.41,0,0,0.0000
2945,5744.57,5865.90,NaN,NaN,NaN
2946,6018.61,5554.36,NaN,NaN,NaN
2947,5898.47,5572.14,0,0,0.0000
2948,5798.35,5746.43,NaN,NaN,NaN
2949,6098.30,5638.35,NaN,NaN,NaN
2950,5965.23,5791.07,NaN,NaN,NaN
2951,6217.63,5891.34,NaN,NaN,NaN
2952,5905.94,5662.07,0,0,0.0000
2953,5871.86,5879.79,NaN,NaN,NaN
2954,5526.09,5547.49,NaN,NaN,NaN
2955,6168.10,5748.30,0,0,0.0000
2956,6255.49,5705.86,NaN,NaN,NaN
2957,5665.08,5979.57,0,0,0.0000
2958,5617.06,5662.91,0,0,0.0000
2959,5823.33,5933.10,NaN,NaN,NaN
2960,5741.14,5621.32,NaN,NaN,NaN
2961,5807.80,5594.54,NaN,NaN,NaN
2962,5876.80,5762.07,0,0,0.0000
2963,5848.75,5808.61,4,3,0.0000
2964,5775.18,5983.44,2,5,2.5000
2965,6132.10,5536.44,NaN,NaN,NaN
2966,6023.58,5674.24,NaN,NaN,NaN
2967,6058.08,5793.11,0,0,0.0000
2968,6211.50,5974.40,2,1,0.0000
2969,5775.41,5648.87,NaN,NaN,NaN
2970,6107.72,5816.16,NaN,NaN,NaN
2971,6220.02,5517.93,0,0,0.0000
2972,5737.39,5945.92,NaN,NaN,NaN
2973,6239.80,5589.61,0,0,0.0000
2974,6179.21,5614.98,NaN,NaN,NaN
2975,6149.22,6009.27,0,0,0.0000
2976,5608.84,5984.12,0,0,0.0000
2977,6088.50,5906.73,0,0,0.0000
2978,5953.86,6003.38,NaN,NaN,NaN
2979,5906.89,5722.19,NaN,NaN,NaN
2980,5818.79,6080.22,0,0,0.0000
2981,5913.34,5831.38,0,0,0.0000
2982,5696.70,5762.35,0,0,0.0000
2983,5652.67,5793.48,0,0,0.0000
2984,5872.06,5971.33,NaN,NaN,NaN
2985,6181.21,5809.19,NaN,NaN,NaN
2986,6168.38,5898.93,0,0,0.0000
2987,6221.58,5650.91,0,0,0.0000
2988,5696.04,5815.20,NaN,NaN,NaN
2989,5921.30,6059.61,2,4,2.0000
2990,6129.89,5973.33,0,0,0.0000
2991,5827.48,5657.74,NaN,NaN,NaN
2992,6627.24,5549.30,2,3,0.0000
2993,7014.15,6122.15,2,6,3.0000
2994,6421.91,5578.24,NaN,NaN,NaN
2995,6479.02,5922.61,NaN,NaN,NaN
2996,6330.25,5559.02,0,0,0.0000
2997,6761.69,5983.67,NaN,NaN,NaN
2998,6976.33,5519.98,NaN,NaN,NaN
2999,6906.01,6187.86,NaN,NaN,NaN
3000,6906.51,6092.24,NaN,NaN,NaN
3001,6889.45,5576.07,NaN,NaN,NaN
3002,6613.16,6009.41,0,0,0.0000
3003,6787.82,5898.99,NaN,NaN,NaN
3004,6780.99,5745.51,0,0,0.0000
3005,7037.78,5922.74,NaN,NaN,NaN
3006,6963.89,5689.56,0,0,0.0000
3007,6602.00,5814.92,NaN,NaN,NaN
3008,6828.87,6211.40,0,0,0.0000
3009,6490.67,5633.93,0,0,0.0000
3010,6688.76,6038.33,0,0,0.0000
3011,6964.84,6001.23,2,5,2.5000
3012,6992.71,5589.01,NaN,NaN,NaN
3013,6315.92,5657.63,NaN,NaN,NaN
3014,6881.56,5853.53,3,4,0.0000
3015,6825.78,6020.98,NaN,NaN,NaN
3016,6424.40,5675.44,0,0,0.0000
3017,6822.16,5587.77,NaN,NaN,NaN
3018,6972.62,5770.15,2,5,2.5000
3019,6656.64,6119.09,0,0,0.0000
3020,6884.86,6035.77,2,2,0.0000
3021,7018.78,5642.92,0,0,0.0000
3022,6614.69,5894.65,0,0,0.0000
3023,6922.22,5923.55,2,8,4.0000
3024,6958.99,5850.58,2,3,0.0000
3025,6490.31,6057.70,NaN,NaN,NaN
3026,7031.49,5823.79,0,0,0.0000
3027,6528.61,5542.64,NaN,NaN,NaN
3028,6583.91,6100.96,0,0,0.0000
3029,6569.22,5690.22,0,0,0.0000
3030,6730.32,6202.65,2,8,4.0000
3031,6702.67,5863.79,2,4,2.0000
3032,6392.53,6045.50,0,0,0.0000
3033,6923.20,5790.63,NaN,NaN,NaN
3034,6823.02,5683.99,NaN,NaN,NaN
3035,6611.46,5736.44,0,0,0.0000
3036,6526.81,6087.42,3,5,0.0000
3037,6457.10,6033.49,NaN,NaN,NaN
3038,6778.84,5646.19,NaN,NaN,NaN
3039,6652.80,5843.86,NaN,NaN,NaN
3040,6525.42,5659.31,0,0,0.0000
3041,6822.40,5819.49,NaN,NaN,NaN
3042,6438.88,5997.38,0,0,0.0000
3043,6854.21,5940.13,3,8,2.6667
3044,6591.71,6061.77,0,0,0.0000
3045,6391.75,5960.74,0,0,0.0000
3046,6380.99,5993.37,0,0,0.0000
3047,6430.24,5714.26,0,0,0.0000
3048,6674.45,5914.96,NaN,NaN,NaN
3049,6875.12,5642.61,2,4,2.0000
3050,6553.03,5825.35,NaN,NaN,NaN
3051,6586.46,6168.86,NaN,NaN,NaN
3052,7153.29,5853.11,0,0,0.0000
3053,7069.66,5635.56,NaN,NaN,NaN
3054,7243.42,5675.26,NaN,NaN,NaN
3055,7189.65,5995.77,0,0,0.0000
3056,7065.27,6257.64,NaN,NaN,NaN
3057,7258.45,5800.09,0,0,0.0000
3058,7135.80,6255.82,NaN,NaN,NaN
3059,7100.22,6018.88,0,0,0.0000
3060,7172.78,6106.48,NaN,NaN,NaN
3061,7154.56,6174.69,NaN,NaN,NaN
3062,7046.67,6008.91,NaN,NaN,NaN
3063,7139.93,5719.87,3,4,0.0000
3064,7180.79,5625.61,4,7,0.0000
3065,7199.06,5576.81,NaN,NaN,NaN
3066,145.55,6320.53,NaN,NaN,NaN
3067,382.54,6326.46,0,0,0.0000
3068,326.58,6535.51,NaN,NaN,NaN
3069,633.22,6606.74,NaN,NaN,NaN
3070,384.32,6462.18,NaN,NaN,NaN
3071,289.70,6423.52,3,7,2.3333
3072,451.25,6981.63,NaN,NaN,NaN
3073,30.60,6442.93,NaN,NaN,NaN
3074,514.99,6621.99,2,5,2.5000
3075,495.36,6918.86,0,0,0.0000
3076,657.39,6810.21,2,3,0.0000
3077,507.82,6833.60,2,4,2.0000
3078,422.31,6623.36,NaN,NaN,NaN
3079,586.01,6784.10,NaN,NaN,NaN
3080,499.88,6761.45,NaN,NaN,NaN
3081,567.41,6354.96,NaN,NaN,NaN
3082,337.96,6746.89,NaN,NaN,NaN
3083,484.60,6550.19,2,3,0.0000
3084,410.38,6795.43,2,2,0.0000
3085,98.91,6453.56,NaN,NaN,NaN
3086,649.08,6468.86,4,6,0.0000
3087,646.70,6907.03,0,0,0.0000
3088,690.11,6534.23,3,7,2.3333
3089,468.81,6338.02,2,2,0.0000
3090,373.09,7005.62,0,0,0.0000
3091,572.91,6868.94,NaN,NaN,NaN
3092,411.35,6898.13,2,4,2.0000
3093,286.59,6861.29,NaN,NaN,NaN
3094,596.20,6519.05,NaN,NaN,NaN
3095,225.20,6367.04,NaN,NaN,NaN
3096,484.54,6395.48,NaN,NaN,NaN
3097,166.53,6460.28,NaN,NaN,NaN
3098,535.23,6511.90,2,4,2.0000
3099,574.85,6699.55,NaN,NaN,NaN
3100,552.02,6956.57,2,7,3.5000
3101,479.81,6673.00,NaN,NaN,NaN
3102,364.19,6945.25,NaN,NaN,NaN
3103,642.89,6695.05,NaN,NaN,NaN
3104,268.80,6308.34,2,3,0.0000
3105,319.08,7037.25,3,2,0.0000
3106,348.98,6666.85,2,3,0.0000
3107,481.26,6476.94,0,0,0.0000
3108,266.06,7000.30,0,0,0.0000
3109,224.46,6474.88,NaN,NaN,NaN
3110,169.14,6516.65,NaN,NaN,NaN
3111,697.33,6590.76,2,2,0.0000
3112,135.35,6569.08,2,4,2.0000
3113,322.41,6632.80,NaN,NaN,NaN
3114,386.03,6697.65,NaN,NaN,NaN
3115,262.61,7037.05,3,0,0.0000
3116,633.30,6737.89,0,0,0.0000
3117,592.15,6421.13,NaN,NaN,NaN
3118,347.77,6844.44,NaN,NaN,NaN
3119,642.20,6344.14,NaN,NaN,NaN
3120,436.77,6724.88,0,0,0.0000
3121,242.49,6777.70,NaN,NaN,NaN
3122,290.73,6786.04,NaN,NaN,NaN
3123,509.73,6421.84,0,0,0.0000
3124,680.03,6746.13,NaN,NaN,NaN
3125,618.31,6658.32,NaN,NaN,NaN
3126,599.08,6929.03,NaN,NaN,NaN
3127,626.09,6404.56,NaN,NaN,NaN
3128,529.08,6692.30,NaN,NaN,NaN
3129,568.07,6461.33,0,0,0.0000
3130,231.64,6846.32,0,0,0.0000
3131,666.98,6305.73,NaN,NaN,NaN
3132,277.56,6725.74,NaN,NaN,NaN
3133,28.75,6364.96,0,0,0.0000
3134,1250.26,6282.24,0,0,0.0000
3135,1460.79,6487.28,NaN,NaN,NaN
3136,1486.77,6369.65,NaN,NaN,NaN
3137,1566.10,6436.50,NaN,NaN,NaN
3138,1546.54,6758.83,3,4,0.0000
3139,1598.16,6669.21,3,6,2.0000
3140,1566.21,6295.36,0,0,0.0000
3141,1337.93,6373.51,3,7,2.3333
3142,1451.27,6646.14,0,0,0.0000
3143,1537.72,6653.48,0,0,0.0000
3144,1386.70,6598.14,3,4,0.0000
3145,1396.27,6499.85,0,0,0.0000
3146,1331.21,6534.32,2,3,0.0000
3147,1410.88,6389.03,NaN,NaN,NaN
3148,1651.97,6279.03,0,0,0.0000
3149,1620.93,6355.36,2,5,2.5000
3150,1520.50,6821.99,0,0,0.0000
3151,1557.82,6554.56,NaN,NaN,NaN
3152,1392.89,6278.41,NaN,NaN,NaN
3153,1454.92,6754.35,2,2,0.0000
3154,1494.41,6698.85,0,0,0.0000
3155,1444.88,6311.09,NaN,NaN,NaN
3156,1230.43,6420.04,0,0,0.0000
3157,1492.65,6587.78,2,3,0.0000
3158,1431.86,6572.64,0,0,0.0000
3159,1594.73,6849.27,2,3,0.0000
3160,1309.09,6474.68,NaN,NaN,NaN
3161,1342.12,6619.79,NaN,NaN,NaN
3162,1609.45,6514.11,0,0,0.0000
3163,1677.06,6606.79,NaN,NaN,NaN
3164,1756.89,6274.21,2,3,0.0000
3165,1904.57,6804.98,0,0,0.0000
3166,1837.07,6412.62,NaN,NaN,NaN
3167,1884.53,6603.37,NaN,NaN,NaN
3168,1730.26,6860.07,NaN,NaN,NaN
3169,1970.66,6771.35,0,0,0.0000
3170,1958.50,6603.38,NaN,NaN,NaN
3171,2019.15,6679.52,NaN,NaN,NaN
3172,1811.84,6509.81,NaN,NaN,NaN
3173,1714.63,6380.66,2,2,0.0000
3174,1965.69,6363.31,0,0,0.0000
3175,1908.76,6480.46,NaN,NaN,NaN
3176,1995.59,6932.31,NaN,NaN,NaN
3177,1952.08,6439.62,NaN,NaN,NaN
3178,1679.27,6484.11,NaN,NaN,NaN
3179,1860.61,6320.12,NaN,NaN,NaN
3180,2051.71,6877.31,3,6,2.0000
3181,1809.40,6947.34,3,3,0.0000
3182,1785.14,6723.76,NaN,NaN,NaN
3183,1859.44,6708.49,0,0,0.0000
3184,1792.54,6628.70,0,0,0.0000
3185,2129.39,6990.89,5,5,0.0000
3186,1869.52,6986.08,3,4,0.0000
3187,1752.31,6935.33,2,2,0.0000
3188,2041.66,6943.88,0,0,0.0000
3189,1666.38,6405.05,2,6,3.0000
3190,1977.04,6526.38,4,6,0.0000
3191,2027.84,7036.69,NaN,NaN,NaN
3192,1892.76,6539.47,NaN,NaN,NaN
3193,1807.48,6672.71,0,0,0.0000
3194,1717.19,6739.35,NaN,NaN,NaN
3195,2000.27,6449.52,NaN,NaN,NaN
3196,1758.45,6494.02,NaN,NaN,NaN
3197,1779.64,6377.57,NaN,NaN,NaN
3198,2197.96,6972.38,0,0,0.0000
3199,1894.71,6387.87,0,0,0.0000
3200,2938.60,6616.33,NaN,NaN,NaN
3201,2943.94,6534.26,NaN,NaN,NaN
3202,2970.00,6810.39,NaN,NaN,NaN
3203,2895.18,6462.90,NaN,NaN,NaN
3204,2970.15,6735.82,0,0,0.0000
3205,2967.91,6920.45,0,0,0.0000
3206,2944.93,6396.91,2,4,2.0000
3207,2982.97,6977.47,NaN,NaN,NaN
3208,2966.76,6454.33,2,3,0.0000
3209,2952.86,6868.89,0,0,0.0000
3210,2935.73,7014.22,0,0,0.0000
3211,3828.78,6987.10,2,3,0.0000
3212,3416.30,6474.17,NaN,NaN,NaN
3213,3740.30,7009.22,0,0,0.0000
3214,3419.78,6692.04,NaN,NaN,NaN
3215,3394.12,6761.17,0,0,0.0000
3216,3393.43,6716.70,NaN,NaN,NaN
3217,3473.42,6942.18,NaN,NaN,NaN
3218,3455.73,6446.51,2,2,0.0000
3219,3328.37,6644.89,0,0,0.0000
3220,3303.08,6718.86,NaN,NaN,NaN
3221,3462.04,6797.69,0,0,0.0000
3222,3401.97,6521.56,0,0,0.0000
3223,3567.55,6989.56,0,0,0.0000
3224,3776.02,6968.34,NaN,NaN,NaN
3225,3698.54,6965.00,NaN,NaN,NaN
3226,3466.52,6755.29,0,0,0.0000
3227,3323.10,6587.63,NaN,NaN,NaN
3228,3714.18,6924.93,0,0,0.0000
3229,3356.86,6596.10,NaN,NaN,NaN
3230,3414.99,6404.62,NaN,NaN,NaN
3231,3676.87,6901.39,0,0,0.0000
3232,3391.99,6560.84,0,0,0.0000
3233,3588.32,6906.84,0,0,0.0000
3234,4598.58,6703.95,0,0,0.0000
3235,4675.40,7003.56,2,3,0.0000
3236,4732.98,6440.62,2,6,3.0000
3237,4733.04,6388.26,NaN,NaN,NaN
3238,4318.25,6341.16,NaN,NaN,NaN
3239,4652.16,6669.19,NaN,NaN,NaN
3240,4606.51,6963.24,NaN,NaN,NaN
3241,4708.54,6768.26,0,0,0.0000
3242,4709.26,6516.32,3,5,0.0000
3243,4616.34,6908.37,NaN,NaN,NaN
3244,4712.38,6901.02,NaN,NaN,NaN
3245,4711.94,6691.73,0,0,0.0000
3246,4688.12,6465.15,NaN,NaN,NaN
3247,4697.16,6609.29,NaN,NaN,NaN
3248,5480.59,6751.48,0,0,0.0000
3249,4860.22,7014.23,NaN,NaN,NaN
3250,4783.77,6340.21,0,0,0.0000
3251,4936.18,6953.68,NaN,NaN,NaN
3252,5425.02,6892.66,0,0,0.0000
3253,5167.67,6690.04,NaN,NaN,NaN
3254,5355.46,6677.53,NaN,NaN,NaN
3255,4816.40,6430.49,2,3,0.0000
3256,5358.30,7032.18,NaN,NaN,NaN
3257,5442.51,6979.44,2,8,4.0000
3258,5268.77,6846.23,NaN,NaN,NaN
3259,4962.09,6827.98,NaN,NaN,NaN
3260,5334.44,6876.62,NaN,NaN,NaN
3261,5053.79,6954.50,0,0,0.0000
3262,4925.92,6631.00,0,0,0.0000
3263,4797.93,6946.04,NaN,NaN,NaN
3264,5047.92,6802.64,0,0,0.0000
3265,4926.11,6741.85,NaN,NaN,NaN
3266,5057.44,6308.94,NaN,NaN,NaN
3267,5135.94,6783.82,NaN,NaN,NaN
3268,5198.10,6981.68,NaN,NaN,NaN
3269,5137.89,6890.92,NaN,NaN,NaN
3270,5313.99,6586.34,NaN,NaN,NaN
3271,5245.58,6521.25,NaN,NaN,NaN
3272,4758.81,6562.35,NaN,NaN,NaN
3273,5417.88,6799.17,0,0,0.0000
3274,4855.89,6897.59,0,0,0.0000
3275,5326.62,6751.86,0,0,0.0000
3276,5205.44,6910.09,NaN,NaN,NaN
3277,5265.78,6773.19,0,0,0.0000
3278,5445.19,6647.68,0,0,0.0000
3279,4849.96,6776.93,NaN,NaN,NaN
3280,4793.66,6507.48,NaN,NaN,NaN
3281,5294.31,6988.57,0,0,0.0000
3282,5101.99,6395.83,NaN,NaN,NaN
3283,5364.10,6548.71,NaN,NaN,NaN
3284,5120.73,6634.51,NaN,NaN,NaN
3285,4983.34,6734.65,NaN,NaN,NaN
3286,4806.11,6852.36,NaN,NaN,NaN
3287,5192.55,6569.42,NaN,NaN,NaN
3288,4862.07,6679.04,0,0,0.0000
3289,4782.47,6792.14,2,4,2.0000
3290,4750.94,6857.91,NaN,NaN,NaN
3291,5250.91,6652.70,NaN,NaN,NaN
3292,4920.28,6419.08,0,0,0.0000
3293,5086.56,7031.37,0,0,0.0000
3294,4996.76,6907.09,0,0,0.0000
3295,5044.03,6431.10,NaN,NaN,NaN
3296,5119.33,6569.50,0,0,0.0000
3297,5156.03,6347.69,0,0,0.0000
3298,4948.29,6319.76,2,5,2.5000
3299,5305.09,6509.31,NaN,NaN,NaN
3300,5237.84,6295.51,NaN,NaN,NaN
3301,5401.22,6460.88,0,0,0.0000
3302,4740.42,6977.63,0,0,0.0000
3303,5032.80,6871.23,0,0,0.0000
3304,5048.44,6699.21,0,0,0.0000
3305,5220.18,6620.68,NaN,NaN,NaN
3306,5235.47,6724.15,0,0,0.0000
3307,4895.77,6850.37,NaN,NaN,NaN
3308,5259.34,6588.89,NaN,NaN,NaN
3309,5007.00,6750.29,NaN,NaN,NaN
3310,5185.07,6303.88,0,0,0.0000
3311,5181.98,6849.56,NaN,NaN,NaN
3312,5009.63,6378.27,0,0,0.0000
3313,5128.05,6950.88,NaN,NaN,NaN
3314,4856.43,6828.69,NaN,NaN,NaN
3315,5008.51,6333.94,NaN,NaN,NaN
3316,4946.40,6485.66,NaN,NaN,NaN
3317,5068.98,6747.20,NaN,NaN,NaN
3318,5103.89,6604.81,0,0,0.0000
3319,5195.52,6535.60,0,0,0.0000
3320,5423.56,6678.50,0,0,0.0000
3321,5154.98,6735.45,0,0,0.0000
3322,5126.18,6995.01,NaN,NaN,NaN
3323,4868.82,6728.32,0,0,0.0000
3324,5120.74,6836.03,NaN,NaN,NaN
3325,5082.71,6863.59,NaN,NaN,NaN
3326,5171.59,6649.88,NaN,NaN,NaN
3327,5042.08,7039.90,0,0,0.0000
3328,5188.55,6604.78,NaN,NaN,NaN
3329,5469.27,6477.94,0,0,0.0000
3330,5237.91,7025.49,2,2,0.0000
3331,4769.08,6895.23,NaN,NaN,NaN
3332,5620.51,6799.00,NaN,NaN,NaN
3333,5531.55,6604.56,2,7,3.5000
3334,5508.35,6869.93,0,0,0.0000
3335,5552.67,6451.22,NaN,NaN,NaN
3336,5752.56,6722.73,3,5,0.0000
3337,5584.31,6370.29,3,6,2.0000
3338,5535.87,6528.70,0,0,0.0000
3339,5719.50,6796.95,0,0,0.0000
3340,5747.67,6485.35,0,0,0.0000
3341,5514.59,6363.30,2,5,2.5000
3342,5674.72,6904.98,0,0,0.0000
3343,5624.51,6429.84,0,0,0.0000
3344,5756.66,6928.92,NaN,NaN,NaN
3345,5654.05,6588.04,NaN,NaN,NaN
3346,5589.69,6895.30,0,0,0.0000
3347,5550.94,6973.80,2,11,5.5000
3348,5716.75,6859.59,0,0,0.0000
3349,5807.70,6930.18,NaN,NaN,NaN
3350,5517.29,7013.01,NaN,NaN,NaN
3351,5617.26,6935.36,0,0,0.0000
3352,5570.16,7010.87,2,3,0.0000
3353,6711.43,6343.08,3,7,2.3333
3354,6906.31,6330.38,2,4,2.0000
3355,6973.24,6293.02,NaN,NaN,NaN
3356,6970.14,6529.56,3,2,0.0000
3357,6870.11,6522.67,3,4,0.0000
3358,6607.25,6320.55,3,4,0.0000
3359,6798.10,6542.04,NaN,NaN,NaN
3360,6840.79,6389.95,7,14,2.0000
3361,6773.37,6386.53,0,0,0.0000
3362,6895.50,6607.21,NaN,NaN,NaN
3363,6803.95,6698.23,NaN,NaN,NaN
3364,6931.24,6430.72,3,6,2.0000
3365,6807.36,6594.95,NaN,NaN,NaN
3366,6658.83,6281.71,0,0,0.0000
3367,6867.59,6431.29,NaN,NaN,NaN
3368,6852.20,6615.65,0,0,0.0000
3369,6868.67,6683.61,NaN,NaN,NaN
3370,6745.80,6677.36,NaN,NaN,NaN
3371,6803.67,6752.59,NaN,NaN,NaN
3372,6844.58,6761.23,0,0,0.0000
3373,6705.96,6686.08,NaN,NaN,NaN
3374,7049.11,6433.91,NaN,NaN,NaN
3375,7049.17,6330.10,NaN,NaN,NaN
3376,7135.63,6402.40,0,0,0.0000
3377,7181.77,6468.41,NaN,NaN,NaN
3378,7064.36,6550.34,0,0,0.0000
3379,2119.02,7092.81,NaN,NaN,NaN
3380,1895.53,7040.93,NaN,NaN,NaN
3381,1906.29,7095.35,0,0,0.0000
3382,2117.91,7187.62,NaN,NaN,NaN
3383,2077.17,7168.19,0,0,0.0000
3384,2169.49,7126.88,0,0,0.0000
3385,2928.10,7197.71,0,0,0.0000
3386,2899.92,7237.92,NaN,NaN,NaN
3387,3837.86,7092.15,2,3,0.0000
3388,3870.34,7240.82,2,2,0.0000
3389,3785.99,7221.51,NaN,NaN,NaN
3390,3967.33,7059.76,0,0,0.0000
3391,3728.45,7111.36,NaN,NaN,NaN
3392,3763.57,7075.28,NaN,NaN,NaN
3393,3910.99,7055.54,0,0,0.0000
3394,3489.57,7168.77,NaN,NaN,NaN
3395,3904.55,7134.83,2,4,2.0000
3396,3706.03,7176.57,NaN,NaN,NaN
3397,3471.11,7112.73,NaN,NaN,NaN
3398,3436.12,7151.92,0,0,0.0000
3399,3716.19,7213.18,0,0,0.0000
3400,3938.03,7196.04,NaN,NaN,NaN
3401,3418.34,7239.04,NaN,NaN,NaN
3402,4726.01,7176.14,5,4,0.0000
3403,4731.57,7218.13,NaN,NaN,NaN
3404,5401.46,7196.43,NaN,NaN,NaN
3405,5161.50,7143.60,0,0,0.0000
3406,5275.30,7194.79,0,0,0.0000
3407,5049.81,7200.54,0,0,0.0000
3408,5269.53,7096.56,NaN,NaN,NaN
3409,4844.31,7257.30,NaN,NaN,NaN
3410,5173.38,7241.44,3,7,2.3333
3411,4934.08,7123.55,2,3,0.0000
3412,4951.40,7044.18,NaN,NaN,NaN
3413,5351.79,7232.55,2,6,3.0000
3414,4863.10,7133.85,0,0,0.0000
3415,5187.55,7063.83,0,0,0.0000
3416,5247.27,7280.36,NaN,NaN,NaN
3417,5466.37,7112.77,NaN,NaN,NaN
3418,4887.76,7176.70,NaN,NaN,NaN
3419,5120.59,7076.02,0,0,0.0000
3420,4990.88,7208.07,NaN,NaN,NaN
3421,4808.15,7065.21,NaN,NaN,NaN
3422,5075.72,7116.70,0,0,0.0000
3423,4970.46,7270.42,3,2,0.0000
3424,5379.04,7287.87,2,2,0.0000
3425,4918.14,7234.08,NaN,NaN,NaN
3426,4940.49,7263.82,NaN,NaN,NaN
3427,4986.77,7093.59,NaN,NaN,NaN
3428,4862.05,7096.61,NaN,NaN,NaN
3429,5518.01,7062.03,0,0,0.0000
3430,5582.98,7159.60,3,13,4.3333
3431,5581.68,7075.81,0,0,0.0000
3432,265.59,7842.70,NaN,NaN,NaN
3433,235.14,7626.49,NaN,NaN,NaN
3434,296.33,8111.15,NaN,NaN,NaN
3435,438.83,7978.90,3,5,0.0000
3436,689.93,7650.69,NaN,NaN,NaN
3437,324.79,7527.83,NaN,NaN,NaN
3438,628.73,7951.88,NaN,NaN,NaN
3439,419.43,8089.33,NaN,NaN,NaN
3440,437.91,7790.31,NaN,NaN,NaN
3441,850.75,8046.20,NaN,NaN,NaN
3442,325.93,7773.96,2,3,0.0000
3443,669.37,8124.97,NaN,NaN,NaN
3444,418.37,7657.04,2,4,2.0000
3445,492.41,7719.17,NaN,NaN,NaN
3446,773.00,8077.17,3,6,2.0000
3447,191.99,8043.00,NaN,NaN,NaN
3448,59.67,8008.72,0,0,0.0000
3449,59.30,7627.01,0,0,0.0000
3450,570.70,8120.89,0,0,0.0000
3451,688.60,7857.60,2,2,0.0000
3452,105.32,8099.22,NaN,NaN,NaN
3453,522.19,7783.17,NaN,NaN,NaN
3454,115.94,7543.63,NaN,NaN,NaN
3455,111.87,7676.38,NaN,NaN,NaN
3456,588.81,7617.37,2,1,0.0000
3457,398.78,7570.13,2,3,0.0000
3458,499.21,7628.01,NaN,NaN,NaN
3459,348.62,7646.46,NaN,NaN,NaN
3460,453.76,7878.91,3,4,0.0000
3461,268.21,7953.48,NaN,NaN,NaN
3462,109.75,7828.68,0,0,0.0000
3463,814.08,7786.63,NaN,NaN,NaN
3464,426.87,7492.49,NaN,NaN,NaN
3465,197.22,7929.46,NaN,NaN,NaN
3466,710.43,8038.78,NaN,NaN,NaN
3467,822.08,7870.85,2,4,2.0000
3468,631.78,7727.11,0,0,0.0000
3469,337.38,8038.75,NaN,NaN,NaN
3470,185.54,7463.51,2,3,0.0000
3471,810.05,7941.57,NaN,NaN,NaN
3472,466.09,7562.04,2,5,2.5000
3473,577.97,8045.36,3,3,0.0000
3474,366.23,7824.32,0,0,0.0000
3475,99.76,7903.23,NaN,NaN,NaN
3476,146.60,7596.63,0,0,0.0000
3477,88.23,7963.44,NaN,NaN,NaN
3478,277.44,7705.88,2,5,2.5000
3479,624.47,8069.32,NaN,NaN,NaN
3480,505.86,8122.95,NaN,NaN,NaN
3481,265.25,7472.66,NaN,NaN,NaN
3482,519.87,7864.70,0,0,0.0000
3483,842.70,7744.64,NaN,NaN,NaN
3484,148.88,7793.89,2,6,3.0000
3485,484.15,8072.27,NaN,NaN,NaN
3486,737.33,7790.43,0,0,0.0000
3487,739.77,7959.81,NaN,NaN,NaN
3488,185.27,7778.68,0,0,0.0000
3489,560.52,7683.96,NaN,NaN,NaN
3490,204.96,7507.69,NaN,NaN,NaN
3491,160.99,8154.61,0,0,0.0000
3492,175.60,7852.01,NaN,NaN,NaN
3493,865.03,7844.68,0,0,0.0000
3494,129.73,8028.41,NaN,NaN,NaN
3495,385.01,8146.17,4,4,0.0000
3496,19.67,7541.59,0,0,0.0000
3497,788.35,7989.73,0,0,0.0000
3498,33.97,7435.57,0,0,0.0000
3499,824.01,8127.52,0,0,0.0000
3500,531.82,7500.15,NaN,NaN,NaN
3501,147.42,7963.57,0,0,0.0000
3502,776.43,7715.07,0,0,0.0000
3503,1073.67,7986.24,0,0,0.0000
3504,1278.48,8102.08,NaN,NaN,NaN
3505,917.13,7973.31,NaN,NaN,NaN
3506,1160.68,8009.34,NaN,NaN,NaN
3507,920.66,7866.76,NaN,NaN,NaN
3508,1184.02,8113.74,NaN,NaN,NaN
3509,1251.53,7993.41,0,0,0.0000
3510,1091.36,7750.99,0,0,0.0000
3511,1074.90,8115.02,NaN,NaN,NaN
3512,1005.90,7930.04,NaN,NaN,NaN
3513,988.71,7797.88,NaN,NaN,NaN
3514,1065.30,7871.04,NaN,NaN,NaN
3515,1157.23,7837.77,0,0,0.0000
3516,1099.35,7818.88,0,0,0.0000
3517,1024.01,7721.07,NaN,NaN,NaN
3518,1220.82,7912.27,0,0,0.0000
3519,1183.61,7885.09,NaN,NaN,NaN
3520,900.53,8104.50,0,0,0.0000
3521,2357.21,8052.50,4,3,0.0000
3522,2265.55,7805.79,0,0,0.0000
3523,2386.01,8155.84,NaN,NaN,NaN
3524,2216.39,7788.46,NaN,NaN,NaN
3525,2918.08,7547.41,0,0,0.0000
3526,3144.13,7975.30,NaN,NaN,NaN
3527,2912.33,7421.02,2,3,0.0000
3528,2882.27,7300.15,NaN,NaN,NaN
3529,2439.41,8070.55,NaN,NaN,NaN
3530,3178.44,8111.88,0,0,0.0000
3531,2838.97,7406.63,0,0,0.0000
3532,2915.04,8090.37,NaN,NaN,NaN
3533,2946.53,7949.31,NaN,NaN,NaN
3534,2886.35,7941.41,NaN,NaN,NaN
3535,2863.71,8043.38,0,0,0.0000
3536,2928.44,8133.86,NaN,NaN,NaN
3537,2825.21,7981.11,NaN,NaN,NaN
3538,2954.57,8060.55,0,0,0.0000
3539,2933.97,8004.16,0,0,0.0000
3540,3778.08,7365.61,NaN,NaN,NaN
3541,3856.86,7465.13,0,0,0.0000
3542,3714.75,7328.13,3,15,5.0000
3543,3205.45,7948.29,NaN,NaN,NaN
3544,3907.43,8155.00,0,0,0.0000
3545,3917.01,7428.33,NaN,NaN,NaN
3546,3882.40,8067.30,0,0,0.0000
3547,3806.42,7318.24,2,5,2.5000
3548,3234.47,8020.43,NaN,NaN,NaN
3549,3933.33,7298.49,NaN,NaN,NaN
3550,3876.48,7323.88,NaN,NaN,NaN
3551,3868.48,7992.29,NaN,NaN,NaN
3552,3814.09,7481.69,NaN,NaN,NaN
3553,3751.16,7412.81,NaN,NaN,NaN
3554,3866.81,7364.46,NaN,NaN,NaN
3555,3912.76,7498.98,NaN,NaN,NaN
3556,3727.90,7302.21,NaN,NaN,NaN
3557,5443.15,7364.50,2,3,0.0000
3558,5324.03,7498.74,2,2,0.0000
3559,5139.69,8133.84,NaN,NaN,NaN
3560,5065.73,7385.13,NaN,NaN,NaN
3561,5016.46,7314.18,NaN,NaN,NaN
3562,5400.10,7714.08,0,0,0.0000
3563,5196.85,7345.49,NaN,NaN,NaN
3564,5045.60,7563.53,0,0,0.0000
3565,5502.77,7743.37,NaN,NaN,NaN
3566,5235.59,7457.76,NaN,NaN,NaN
3567,5368.17,7606.22,NaN,NaN,NaN
3568,5286.08,7372.34,0,0,0.0000
3569,5493.15,7652.40,0,0,0.0000
3570,4908.07,7373.80,NaN,NaN,NaN
3571,5166.07,7389.84,NaN,NaN,NaN
3572,5377.34,7546.35,NaN,NaN,NaN
3573,5423.42,7633.32,NaN,NaN,NaN
3574,5037.80,7450.98,NaN,NaN,NaN
3575,5464.22,7782.91,0,0,0.0000
3576,5419.32,7560.61,NaN,NaN,NaN
3577,5011.08,7493.68,2,4,2.0000
3578,5181.78,7475.65,NaN,NaN,NaN
3579,5074.47,8138.99,NaN,NaN,NaN
3580,5261.03,7638.05,0,0,0.0000
3581,5214.36,7632.08,3,5,0.0000
3582,4935.64,7431.16,NaN,NaN,NaN
3583,5092.95,7520.98,0,0,0.0000
3584,5480.93,7579.91,0,0,0.0000
3585,5443.99,7482.64,NaN,NaN,NaN
3586,5109.20,7299.15,NaN,NaN,NaN
3587,4829.25,7336.26,NaN,NaN,NaN
3588,4918.88,7298.50,0,0,0.0000
3589,5325.24,7651.15,NaN,NaN,NaN
3590,5297.42,7435.88,4,5,0.0000
3591,5130.21,7549.44,0,0,0.0000
3592,5281.37,7608.58,3,4,0.0000
3593,5111.27,7455.27,NaN,NaN,NaN
3594,4911.54,7333.32,NaN,NaN,NaN
3595,5155.26,7431.75,0,0,0.0000
3596,5466.70,7701.10,NaN,NaN,NaN
3597,5418.57,7297.75,NaN,NaN,NaN
3598,5380.66,7338.26,2,1,0.0000
3599,5251.80,7413.88,2,3,0.0000
3600,5017.86,8158.09,NaN,NaN,NaN
3601,5000.22,7456.54,NaN,NaN,NaN
3602,5038.58,8138.85,0,0,0.0000
3603,5401.79,7812.71,0,0,0.0000
3604,5251.35,7532.65,NaN,NaN,NaN
3605,5304.06,7597.31,NaN,NaN,NaN
3606,5171.00,7622.70,2,2,0.0000
3607,5527.13,7519.66,4,2,0.0000
3608,5677.92,7797.14,2,3,0.0000
3609,5626.22,7588.64,2,3,0.0000
3610,5714.78,7652.39,2,5,2.5000
3611,5585.97,7692.36,3,7,2.3333
3612,5991.77,7720.23,2,1,0.0000
3613,5655.28,7744.89,0,0,0.0000
3614,5647.91,7873.04,0,0,0.0000
3615,6014.01,7480.91,NaN,NaN,NaN
3616,5935.40,7766.38,2,6,3.0000
3617,5741.37,7765.93,NaN,NaN,NaN
3618,5754.44,7875.43,0,0,0.0000
3619,5669.81,7313.25,0,0,0.0000
3620,5742.32,7609.37,3,6,2.0000
3621,6039.61,7774.48,4,4,0.0000
3622,5526.18,7581.78,0,0,0.0000
3623,5869.39,7530.30,NaN,NaN,NaN
3624,5504.01,7415.30,NaN,NaN,NaN
3625,5956.71,7589.36,NaN,NaN,NaN
3626,5835.11,7708.88,2,2,0.0000
3627,5713.01,7700.88,NaN,NaN,NaN
3628,5777.12,7816.12,NaN,NaN,NaN
3629,5528.25,7792.38,NaN,NaN,NaN
3630,5559.20,7427.68,0,0,0.0000
3631,5931.36,7709.92,0,0,0.0000
3632,5540.29,7632.78,0,0,0.0000
3633,5842.03,7777.67,2,4,2.0000
3634,5788.28,7570.46,0,0,0.0000
3635,5806.94,7747.56,NaN,NaN,NaN
3636,6019.79,7687.05,NaN,NaN,NaN
3637,5898.03,7713.69,2,8,4.0000
3638,5979.47,7661.14,0,0,0.0000
3639,5923.47,7480.95,2,2,0.0000
3640,5637.37,7708.10,NaN,NaN,NaN
3641,5920.96,7515.00,2,2,0.0000
3642,5972.52,7429.23,NaN,NaN,NaN
3643,5603.63,7787.98,2,4,2.0000
3644,7700.87,7520.86,NaN,NaN,NaN
3645,7789.94,7407.24,0,0,0.0000
3646,7755.04,7454.36,0,0,0.0000
3647,8086.89,8177.04,NaN,NaN,NaN
3648,8046.67,8184.67,2,2,0.0000
