cell_id,centroid_x,centroid_y,reddot,blackdot,score
1,318.69,129.03,NaN,NaN,NaN
2,835.31,124.85,NaN,NaN,NaN
3,775.51,245.29,NaN,NaN,NaN
4,850.18,270.26,NaN,NaN,NaN
5,839.59,187.32,NaN,NaN,NaN
6,803.90,353.59,0,0,0.0000
7,78.12,361.06,NaN,NaN,NaN
8,701.14,49.07,0,0,0.0000
9,317.72,194.83,NaN,NaN,NaN
10,263.17,190.00,0,0,0.0000
11,744.86,176.07,2,2,0.0000
12,808.24,296.22,NaN,NaN,NaN
13,118.77,156.81,NaN,NaN,NaN
14,1298.67,884.73,NaN,NaN,NaN
15,1137.11,841.30,NaN,NaN,NaN
16,1194.38,863.51,NaN,NaN,NaN
17,904.76,77.03,0,0,0.0000
18,1625.22,161.64,3,4,0.0000
19,1457.45,821.23,0,0,0.0000
20,938.56,26.83,NaN,NaN,NaN
21,970.59,218.32,0,0,0.0000
22,1328.59,778.70,NaN,NaN,NaN
23,1403.68,876.15,NaN,NaN,NaN
24,909.31,282.56,0,0,0.0000
25,1650.60,206.66,NaN,NaN,NaN
26,1460.97,332.73,NaN,NaN,NaN
27,1377.25,773.38,2,2,0.0000
28,1103.72,883.71,3,3,0.0000
29,908.22,161.70,3,6,2.0000
30,1241.80,821.18,NaN,NaN,NaN
31,1413.28,760.56,NaN,NaN,NaN
32,1928.29,229.91,2,1,0.0000
33,1855.31,283.23,NaN,NaN,NaN
34,1810.11,841.49,NaN,NaN,NaN
35,2158.20,477.88,3,6,2.0000
36,1757.11,191.16,0,0,0.0000
37,2306.61,406.80,NaN,NaN,NaN
38,1905.63,813.09,0,0,0.0000
39,2262.63,439.98,NaN,NaN,NaN
40,2168.03,330.30,0,0,0.0000
41,2325.42,307.64,NaN,NaN,NaN
42,1680.47,318.36,2,3,0.0000
43,1873.03,632.27,0,0,0.0000
44,1935.55,98.65,NaN,NaN,NaN
45,2407.49,294.64,NaN,NaN,NaN
46,2246.78,312.44,0,0,0.0000
47,2079.40,368.65,NaN,NaN,NaN
48,1882.01,31.06,3,8,2.6667
49,1739.43,390.60,0,0,0.0000
50,1853.46,354.70,3,1,0.0000
51,2348.11,477.29,NaN,NaN,NaN
52,2393.50,368.16,NaN,NaN,NaN
53,1997.10,407.72,0,0,0.0000
54,2396.97,419.98,NaN,NaN,NaN
55,1819.26,216.63,2,3,0.0000
56,2007.14,372.99,NaN,NaN,NaN
57,2430.94,121.27,NaN,NaN,NaN
58,2336.49,365.84,NaN,NaN,NaN
59,2114.30,326.74,0,0,0.0000
60,1830.38,414.12,NaN,NaN,NaN
61,1709.90,286.19,NaN,NaN,NaN
62,2023.93,235.90,0,0,0.0000
63,1970.32,344.41,NaN,NaN,NaN
64,1879.05,397.42,NaN,NaN,NaN
65,2300.53,337.03,2,3,0.0000
66,2002.87,298.64,NaN,NaN,NaN
67,1785.76,389.53,2,4,2.0000
68,2208.72,396.12,NaN,NaN,NaN
69,2389.66,484.27,0,0,0.0000
70,2247.03,364.80,2,7,3.5000
71,2354.70,59.11,0,0,0.0000
72,2369.15,430.04,0,0,0.0000
73,2026.83,330.24,NaN,NaN,NaN
74,2375.83,321.51,NaN,NaN,NaN
75,3141.98,483.70,2,2,0.0000
76,3175.76,144.61,0,0,0.0000
77,3032.02,110.82,NaN,NaN,NaN
78,3133.81,231.81,2,3,0.0000
79,2474.01,319.12,NaN,NaN,NaN
80,2540.04,171.05,NaN,NaN,NaN
81,3129.53,366.24,NaN,NaN,NaN
82,3190.96,496.59,0,0,0.0000
83,2441.17,489.96,2,5,2.5000
84,2612.47,56.90,NaN,NaN,NaN
85,3130.89,57.22,2,1,0.0000
86,2469.89,210.01,NaN,NaN,NaN
87,2555.24,96.62,NaN,NaN,NaN
88,3104.21,324.79,0,0,0.0000
89,2543.38,43.13,NaN,NaN,NaN
90,2544.37,336.77,NaN,NaN,NaN
91,3131.03,289.09,0,0,0.0000
92,2521.45,212.48,NaN,NaN,NaN
93,3070.30,64.78,NaN,NaN,NaN
94,3063.24,582.92,NaN,NaN,NaN
95,3099.12,420.74,2,5,2.5000
96,2460.17,427.97,NaN,NaN,NaN
97,2555.06,380.26,NaN,NaN,NaN
98,3074.67,135.90,NaN,NaN,NaN
99,2435.77,378.66,NaN,NaN,NaN
100,2650.52,128.97,0,0,0.0000
101,3042.07,516.50,2,2,0.0000
102,2454.98,83.51,NaN,NaN,NaN
103,3034.92,20.54,0,0,0.0000
104,2941.41,543.66,0,0,0.0000
105,2513.82,490.76,NaN,NaN,NaN
106,2558.03,417.01,NaN,NaN,NaN
107,2486.15,477.91,2,4,2.0000
108,3085.24,544.39,NaN,NaN,NaN
109,2511.53,437.03,NaN,NaN,NaN
110,2486.81,386.38,NaN,NaN,NaN
111,2709.88,144.00,0,0,0.0000
112,2540.18,515.48,NaN,NaN,NaN
113,3042.65,432.10,0,0,0.0000
114,3063.92,380.85,NaN,NaN,NaN
115,2562.75,454.67,0,0,0.0000
116,3877.16,516.00,NaN,NaN,NaN
117,3528.24,227.25,0,0,0.0000
118,3702.28,324.00,NaN,NaN,NaN
119,3216.77,418.05,NaN,NaN,NaN
120,3539.88,157.76,0,0,0.0000
121,3761.75,412.57,0,0,0.0000
122,3330.09,739.13,2,7,3.5000
123,3315.49,682.50,NaN,NaN,NaN
124,3211.00,264.05,0,0,0.0000
125,3254.27,371.71,0,0,0.0000
126,3895.49,453.48,NaN,NaN,NaN
127,3312.44,620.87,NaN,NaN,NaN
128,3604.82,251.62,NaN,NaN,NaN
129,3855.50,600.00,0,0,0.0000
130,3646.58,691.55,0,0,0.0000
131,3453.65,226.10,3,4,0.0000
132,3242.11,106.71,3,2,0.0000
133,3240.42,306.51,0,0,0.0000
134,3512.33,479.72,0,0,0.0000
135,3947.54,639.87,2,4,2.0000
136,3932.27,558.83,NaN,NaN,NaN
137,3906.66,732.83,0,0,0.0000
138,3746.40,270.45,0,0,0.0000
139,3241.02,532.30,0,0,0.0000
140,3347.05,808.27,NaN,NaN,NaN
141,3272.11,494.37,2,4,2.0000
142,3233.46,499.09,4,5,0.0000
143,3659.77,401.19,NaN,NaN,NaN
144,3929.13,702.44,0,0,0.0000
145,3281.53,631.03,NaN,NaN,NaN
146,3605.35,193.26,0,0,0.0000
147,3668.83,720.64,0,0,0.0000
148,4716.47,892.39,NaN,NaN,NaN
149,4447.72,877.30,2,2,0.0000
150,4586.85,722.31,2,7,3.5000
151,4292.25,775.65,2,3,0.0000
152,4059.84,726.01,4,8,2.0000
153,4619.47,626.53,NaN,NaN,NaN
154,4439.14,794.14,NaN,NaN,NaN
155,4492.39,552.21,NaN,NaN,NaN
156,4485.43,739.00,NaN,NaN,NaN
157,4731.98,754.48,NaN,NaN,NaN
158,4155.14,843.39,0,0,0.0000
159,4322.90,853.93,0,0,0.0000
160,4521.51,862.76,0,0,0.0000
161,4164.24,778.19,NaN,NaN,NaN
162,4053.41,548.49,0,0,0.0000
163,4011.52,809.03,0,0,0.0000
164,4687.80,519.61,2,3,0.0000
165,4389.95,526.39,5,9,0.0000
166,3970.11,729.31,2,1,0.0000
167,4406.24,681.14,2,6,3.0000
168,4397.94,70.88,0,0,0.0000
169,4436.29,656.50,NaN,NaN,NaN
170,4005.58,625.27,2,3,0.0000
171,4695.25,641.91,NaN,NaN,NaN
172,4221.86,781.94,0,0,0.0000
173,4717.99,664.56,NaN,NaN,NaN
174,3973.19,575.52,2,1,0.0000
175,4513.31,488.97,NaN,NaN,NaN
176,4082.66,436.40,0,0,0.0000
177,4052.97,787.99,NaN,NaN,NaN
178,4005.75,446.94,0,0,0.0000
179,4356.23,498.82,0,0,0.0000
180,4257.42,649.33,3,4,0.0000
181,4056.95,604.29,0,0,0.0000
182,4158.94,631.65,0,0,0.0000
183,5267.58,167.30,NaN,NaN,NaN
184,5474.44,453.20,NaN,NaN,NaN
185,5084.29,342.94,3,10,3.3333
186,5449.25,168.51,NaN,NaN,NaN
187,5330.63,712.13,NaN,NaN,NaN
188,4739.40,574.75,NaN,NaN,NaN
189,5215.09,396.17,NaN,NaN,NaN
190,5320.46,826.62,NaN,NaN,NaN
191,5071.24,265.76,NaN,NaN,NaN
192,4944.07,149.45,NaN,NaN,NaN
193,5402.26,791.99,2,4,2.0000
194,4873.17,240.15,0,0,0.0000
195,5410.38,533.64,NaN,NaN,NaN
196,5386.99,868.58,NaN,NaN,NaN
197,5310.28,552.46,NaN,NaN,NaN
198,4963.51,368.80,0,0,0.0000
199,5387.84,422.16,3,7,2.3333
200,5300.11,85.05,3,5,0.0000
201,5288.40,235.11,NaN,NaN,NaN
202,5082.41,181.41,3,9,3.0000
203,5118.96,410.61,6,8,0.0000
204,5372.78,215.41,0,0,0.0000
205,4887.27,791.40,2,3,0.0000
206,5500.57,708.80,0,0,0.0000
207,5397.12,100.72,0,0,0.0000
208,4960.94,230.49,3,8,2.6667
209,5348.71,371.65,2,6,3.0000
210,5152.77,155.42,2,5,2.5000
211,5297.31,290.49,0,0,0.0000
212,5333.60,644.90,NaN,NaN,NaN
213,5463.24,610.50,0,0,0.0000
214,5261.46,457.69,NaN,NaN,NaN
215,4933.54,305.58,NaN,NaN,NaN
216,5174.35,470.49,2,2,0.0000
217,5376.27,35.52,NaN,NaN,NaN
218,5012.44,329.18,NaN,NaN,NaN
219,5278.24,777.84,NaN,NaN,NaN
220,5380.57,281.92,NaN,NaN,NaN
221,5494.93,847.30,NaN,NaN,NaN
222,5261.41,632.23,0,0,0.0000
223,4824.95,861.26,0,0,0.0000
224,4883.76,69.47,0,0,0.0000
225,5105.53,469.92,NaN,NaN,NaN
226,4808.62,706.55,0,0,0.0000
227,5244.40,827.21,NaN,NaN,NaN
228,5146.10,511.51,2,2,0.0000
229,5207.76,141.02,NaN,NaN,NaN
230,5452.84,748.78,2,3,0.0000
231,4785.18,648.52,NaN,NaN,NaN
232,5142.14,230.66,0,0,0.0000
233,4763.70,802.58,NaN,NaN,NaN
234,5113.46,59.23,2,5,2.5000
235,5461.31,71.48,NaN,NaN,NaN
236,4784.33,741.36,NaN,NaN,NaN
237,4816.76,810.31,0,0,0.0000
238,5503.03,570.20,3,7,2.3333
239,5420.97,638.40,NaN,NaN,NaN
240,4757.67,689.51,NaN,NaN,NaN
241,5081.54,88.58,NaN,NaN,NaN
242,4853.68,735.54,0,0,0.0000
243,4831.99,59.51,NaN,NaN,NaN
244,5426.34,13.41,NaN,NaN,NaN
245,5044.77,107.33,0,0,0.0000
246,4802.22,19.47,0,0,0.0000
247,4807.49,626.11,2,3,0.0000
248,5057.10,131.14,0,0,0.0000
249,5218.88,860.29,0,0,0.0000
250,5439.44,256.86,0,0,0.0000
251,4924.78,43.50,0,0,0.0000
252,4840.81,675.34,0,0,0.0000
253,4953.38,465.07,NaN,NaN,NaN
254,5210.12,562.29,NaN,NaN,NaN
255,5300.40,335.91,0,0,0.0000
256,5710.56,412.50,0,0,0.0000
257,5530.46,239.27,NaN,NaN,NaN
258,5732.11,213.17,NaN,NaN,NaN
259,5570.43,389.40,NaN,NaN,NaN
260,6258.19,863.25,NaN,NaN,NaN
261,5643.67,284.90,NaN,NaN,NaN
262,5575.85,157.51,NaN,NaN,NaN
263,5522.73,108.27,0,0,0.0000
264,5626.92,558.90,0,0,0.0000
265,5545.60,608.05,NaN,NaN,NaN
266,6129.81,708.67,2,3,0.0000
267,5817.79,175.63,NaN,NaN,NaN
268,5684.18,100.20,0,0,0.0000
269,5595.97,335.03,3,4,0.0000
270,5575.59,45.26,NaN,NaN,NaN
271,5798.95,88.04,NaN,NaN,NaN
272,5763.09,143.23,2,5,2.5000
273,5522.43,813.04,3,4,0.0000
274,5803.45,324.97,2,3,0.0000
275,5805.78,426.74,2,2,0.0000
276,5631.33,512.05,NaN,NaN,NaN
277,6185.44,718.37,NaN,NaN,NaN
278,5828.07,39.92,NaN,NaN,NaN
279,6103.81,842.39,3,7,2.3333
280,6053.90,777.49,NaN,NaN,NaN
281,5563.35,503.28,0,0,0.0000
282,6256.63,758.54,NaN,NaN,NaN
283,5723.86,307.69,NaN,NaN,NaN
284,6038.15,838.00,2,3,0.0000
285,5562.18,858.96,NaN,NaN,NaN
286,5696.40,158.24,NaN,NaN,NaN
287,5754.05,362.31,NaN,NaN,NaN
288,6078.45,724.39,0,0,0.0000
289,5601.86,633.63,NaN,NaN,NaN
290,6233.30,475.81,0,0,0.0000
291,6048.87,878.28,0,0,0.0000
292,5736.77,110.95,NaN,NaN,NaN
293,5632.88,196.61,0,0,0.0000
294,5851.81,109.89,3,4,0.0000
295,5642.96,150.42,0,0,0.0000
296,6500.66,519.06,2,2,0.0000
297,6820.95,70.96,0,0,0.0000
298,6428.36,740.24,NaN,NaN,NaN
299,6546.93,426.52,NaN,NaN,NaN
300,6969.90,112.82,3,3,0.0000
301,6901.62,153.09,2,5,2.5000
302,6409.48,512.16,0,0,0.0000
303,6447.52,660.78,2,5,2.5000
304,6971.14,495.69,2,3,0.0000
305,6362.16,714.22,NaN,NaN,NaN
306,6844.20,700.87,0,0,0.0000
307,7039.65,530.98,NaN,NaN,NaN
308,6927.21,276.12,NaN,NaN,NaN
309,6969.52,716.38,0,0,0.0000
310,6496.33,787.30,NaN,NaN,NaN
311,6971.79,806.59,NaN,NaN,NaN
312,6993.16,344.98,NaN,NaN,NaN
313,6556.01,667.25,NaN,NaN,NaN
314,6561.16,743.82,0,0,0.0000
315,7025.23,769.58,NaN,NaN,NaN
316,6555.65,823.81,2,4,2.0000
317,6519.75,618.99,NaN,NaN,NaN
318,6856.36,376.98,NaN,NaN,NaN
319,6336.30,655.69,NaN,NaN,NaN
320,6605.80,737.13,2,4,2.0000
321,7014.09,50.01,0,0,0.0000
322,6958.32,617.32,3,2,0.0000
323,7023.38,169.23,3,5,0.0000
324,6914.20,670.34,0,0,0.0000
325,6430.26,843.33,NaN,NaN,NaN
326,6943.07,384.50,NaN,NaN,NaN
327,6588.47,870.05,NaN,NaN,NaN
328,6813.18,804.89,NaN,NaN,NaN
329,6622.18,684.17,NaN,NaN,NaN
330,6919.79,807.49,NaN,NaN,NaN
331,6668.43,767.10,NaN,NaN,NaN
332,6314.83,453.75,3,5,0.0000
333,6411.21,809.81,NaN,NaN,NaN
334,6605.31,623.09,0,0,0.0000
335,6401.89,585.52,NaN,NaN,NaN
336,6601.02,563.10,0,0,0.0000
337,6347.90,850.97,NaN,NaN,NaN
338,6388.47,650.07,NaN,NaN,NaN
339,6582.90,82.48,0,0,0.0000
340,6651.39,890.00,3,3,0.0000
341,6406.56,631.38,NaN,NaN,NaN
342,7144.74,473.29,2,3,0.0000
343,7067.79,848.49,0,0,0.0000
344,7323.45,630.42,NaN,NaN,NaN
345,7123.85,655.73,NaN,NaN,NaN
346,7757.80,810.97,NaN,NaN,NaN
347,7407.72,413.66,3,6,2.0000
348,7263.89,466.86,0,0,0.0000
349,7215.66,719.76,NaN,NaN,NaN
350,7043.37,263.66,2,10,5.0000
351,7238.34,304.09,4,11,2.7500
352,7555.66,127.69,3,6,2.0000
353,7051.23,350.36,2,5,2.5000
354,7322.77,178.39,3,7,2.3333
355,7532.86,625.11,0,0,0.0000
356,7182.60,162.27,2,3,0.0000
357,7672.46,516.42,NaN,NaN,NaN
358,7626.22,868.94,0,0,0.0000
359,7631.81,419.05,NaN,NaN,NaN
360,7803.56,721.35,NaN,NaN,NaN
361,7611.05,239.44,NaN,NaN,NaN
362,7805.88,439.17,0,0,0.0000
363,7188.96,835.22,NaN,NaN,NaN
364,7523.31,765.01,2,4,2.0000
365,7462.51,742.59,NaN,NaN,NaN
366,7489.61,802.45,NaN,NaN,NaN
367,7546.54,358.00,NaN,NaN,NaN
368,7125.97,167.43,NaN,NaN,NaN
369,7299.43,733.28,NaN,NaN,NaN
370,7731.44,680.51,0,0,0.0000
371,7670.52,595.85,NaN,NaN,NaN
372,7616.11,595.20,0,0,0.0000
373,7680.09,829.38,NaN,NaN,NaN
374,7243.56,46.27,NaN,NaN,NaN
375,7341.71,768.47,2,2,0.0000
376,7405.16,187.15,NaN,NaN,NaN
377,7159.25,894.33,NaN,NaN,NaN
378,7572.40,465.62,0,0,0.0000
379,7394.82,733.32,NaN,NaN,NaN
380,7296.00,57.38,2,8,4.0000
381,7434.36,86.41,NaN,NaN,NaN
382,7566.42,599.05,NaN,NaN,NaN
383,7423.70,834.35,0,0,0.0000
384,7211.06,540.29,NaN,NaN,NaN
385,7684.62,700.80,NaN,NaN,NaN
386,7704.02,784.08,NaN,NaN,NaN
387,7583.91,701.92,NaN,NaN,NaN
388,7728.31,596.68,2,7,3.5000
389,7603.95,347.94,0,0,0.0000
390,7272.35,808.82,3,6,2.0000
391,7072.99,93.11,0,0,0.0000
392,7451.76,153.77,NaN,NaN,NaN
393,7341.38,25.61,NaN,NaN,NaN
394,7128.72,253.62,NaN,NaN,NaN
395,7251.71,570.80,0,0,0.0000
396,7429.33,703.33,0,0,0.0000
397,7486.52,382.76,NaN,NaN,NaN
398,7455.10,550.15,2,2,0.0000
399,7688.76,415.39,NaN,NaN,NaN
400,7254.67,112.58,NaN,NaN,NaN
401,7575.16,755.53,NaN,NaN,NaN
402,7440.22,341.12,0,0,0.0000
403,7720.44,471.62,0,0,0.0000
404,7760.52,458.10,NaN,NaN,NaN
405,7086.74,11.10,0,0,0.0000
406,7292.49,286.22,0,0,0.0000
407,7743.11,736.01,NaN,NaN,NaN
408,7558.05,821.25,0,0,0.0000
409,7651.97,755.04,0,0,0.0000
410,7474.20,116.62,NaN,NaN,NaN
411,7443.16,882.28,NaN,NaN,NaN
412,7121.56,714.12,0,0,0.0000
413,7627.54,695.38,0,0,0.0000
414,7208.70,213.16,NaN,NaN,NaN
415,7821.04,572.72,NaN,NaN,NaN
416,8406.88,784.86,NaN,NaN,NaN
417,8268.83,820.98,0,0,0.0000
418,8346.54,643.75,2,2,0.0000
419,8500.07,349.44,NaN,NaN,NaN
420,7960.00,722.24,3,2,0.0000
421,8483.96,665.01,NaN,NaN,NaN
422,8572.42,423.64,0,0,0.0000
423,8528.83,813.69,0,0,0.0000
424,8154.31,702.50,NaN,NaN,NaN
425,8179.71,72.81,0,0,0.0000
426,8256.90,618.56,0,0,0.0000
427,8014.77,537.31,NaN,NaN,NaN
428,8047.02,698.57,NaN,NaN,NaN
429,8396.94,494.55,NaN,NaN,NaN
430,8130.65,804.95,2,4,2.0000
431,8481.65,536.28,0,0,0.0000
432,8041.67,789.47,NaN,NaN,NaN
433,8340.56,729.03,NaN,NaN,NaN
434,7989.69,611.82,NaN,NaN,NaN
435,8142.92,873.45,NaN,NaN,NaN
436,8331.40,539.23,NaN,NaN,NaN
437,8115.39,121.79,NaN,NaN,NaN
438,8438.34,422.92,NaN,NaN,NaN
439,8404.43,565.81,NaN,NaN,NaN
440,8497.51,467.84,0,0,0.0000
441,7936.42,634.90,NaN,NaN,NaN
442,8077.63,893.71,NaN,NaN,NaN
443,8244.84,48.16,0,0,0.0000
444,7996.93,852.47,NaN,NaN,NaN
445,8571.99,685.84,NaN,NaN,NaN
446,8515.91,731.66,NaN,NaN,NaN
447,8291.45,124.09,2,4,2.0000
448,8062.96,574.64,2,5,2.5000
449,8360.78,432.11,NaN,NaN,NaN
450,7839.27,772.69,0,0,0.0000
451,8177.49,462.22,NaN,NaN,NaN
452,8271.33,708.29,0,0,0.0000
453,8048.96,860.81,2,5,2.5000
454,7989.45,504.79,0,0,0.0000
455,7908.35,800.76,NaN,NaN,NaN
456,8445.30,609.85,0,0,0.0000
457,8100.47,770.32,0,0,0.0000
458,8532.91,32.51,NaN,NaN,NaN
459,7884.53,514.64,NaN,NaN,NaN
460,8444.28,88.77,0,0,0.0000
461,8047.75,624.59,NaN,NaN,NaN
462,8360.88,110.26,0,0,0.0000
463,8546.67,560.24,0,0,0.0000
464,8540.52,691.23,2,7,3.5000
465,8462.18,278.76,2,3,0.0000
466,8528.54,231.03,NaN,NaN,NaN
467,8603.82,580.53,NaN,NaN,NaN
468,8644.77,455.29,3,3,0.0000
469,8576.19,884.42,0,0,0.0000
470,8649.79,691.68,NaN,NaN,NaN
471,8633.40,234.05,NaN,NaN,NaN
472,8603.14,306.09,NaN,NaN,NaN
473,8667.50,344.64,NaN,NaN,NaN
474,8689.50,255.46,NaN,NaN,NaN
475,8631.38,771.26,0,0,0.0000
476,8593.45,739.48,NaN,NaN,NaN
477,8579.51,147.28,0,0,0.0000
478,10063.15,126.36,NaN,NaN,NaN
479,10095.07,164.08,NaN,NaN,NaN
480,10138.98,61.73,NaN,NaN,NaN
481,10725.72,367.95,NaN,NaN,NaN
482,10778.69,289.56,NaN,NaN,NaN
483,10189.15,150.43,3,2,0.0000
484,10209.10,233.42,0,0,0.0000
485,10836.27,437.43,NaN,NaN,NaN
486,10722.28,46.91,0,0,0.0000
487,10789.87,96.44,NaN,NaN,NaN
488,10851.46,55.13,NaN,NaN,NaN
489,10700.47,116.53,0,0,0.0000
490,10876.05,284.19,NaN,NaN,NaN
491,10783.91,210.92,2,2,0.0000
492,11076.92,116.14,NaN,NaN,NaN
493,11229.71,535.51,NaN,NaN,NaN
494,10977.24,432.09,NaN,NaN,NaN
495,10964.24,101.60,3,2,0.0000
496,10884.69,138.64,2,3,0.0000
497,11001.64,581.73,NaN,NaN,NaN
498,11051.89,434.01,0,0,0.0000
499,11182.29,729.88,2,5,2.5000
500,10911.87,480.66,NaN,NaN,NaN
501,11182.22,823.30,0,0,0.0000
502,11115.56,790.02,2,3,0.0000
503,10919.37,208.30,NaN,NaN,NaN
504,11132.11,510.93,NaN,NaN,NaN
505,11055.01,252.85,2,5,2.5000
506,10941.30,349.10,0,0,0.0000
507,10916.76,283.06,2,3,0.0000
508,11278.47,662.61,NaN,NaN,NaN
509,10947.14,620.27,NaN,NaN,NaN
510,10996.63,838.03,NaN,NaN,NaN
511,11063.66,882.75,0,0,0.0000
512,11151.19,659.16,0,0,0.0000
513,11242.02,835.26,NaN,NaN,NaN
514,11008.06,331.12,NaN,NaN,NaN
515,11049.87,336.87,NaN,NaN,NaN
516,10982.14,56.15,0,0,0.0000
517,11304.74,890.80,NaN,NaN,NaN
518,11014.15,521.47,2,5,2.5000
519,11217.15,678.90,0,0,0.0000
520,11276.32,807.18,NaN,NaN,NaN
521,11129.39,881.64,0,0,0.0000
522,11256.49,746.71,NaN,NaN,NaN
523,10912.39,551.23,NaN,NaN,NaN
524,11143.27,746.34,NaN,NaN,NaN
525,13797.30,171.71,0,0,0.0000
526,13851.65,650.08,0,0,0.0000
527,13876.64,491.33,NaN,NaN,NaN
528,13645.27,71.05,NaN,NaN,NaN
529,13543.07,284.92,NaN,NaN,NaN
530,13412.17,266.12,NaN,NaN,NaN
531,13708.22,290.77,NaN,NaN,NaN
532,13430.47,202.51,4,5,0.0000
533,13486.23,160.54,NaN,NaN,NaN
534,13800.49,400.57,NaN,NaN,NaN
535,13375.83,71.11,3,7,2.3333
536,13902.77,822.86,NaN,NaN,NaN
537,13480.13,506.75,4,7,0.0000
538,13744.25,632.93,2,5,2.5000
539,13758.89,550.82,0,0,0.0000
540,13669.12,567.05,0,0,0.0000
541,13584.19,197.57,0,0,0.0000
542,13677.79,410.79,NaN,NaN,NaN
543,13733.56,686.74,NaN,NaN,NaN
544,13922.19,405.22,NaN,NaN,NaN
545,13945.06,107.71,NaN,NaN,NaN
546,13899.01,55.62,NaN,NaN,NaN
547,13819.81,817.77,0,0,0.0000
548,13485.52,409.64,2,3,0.0000
549,13951.62,572.67,NaN,NaN,NaN
550,13456.23,393.22,2,5,2.5000
551,13748.61,846.99,2,2,0.0000
552,13674.03,356.25,NaN,NaN,NaN
553,13612.19,358.53,2,3,0.0000
554,13515.15,455.07,0,0,0.0000
555,13597.63,422.12,3,6,2.0000
556,13804.59,745.39,NaN,NaN,NaN
557,13612.02,553.41,0,0,0.0000
558,13918.48,655.18,NaN,NaN,NaN
559,13698.82,450.95,NaN,NaN,NaN
560,13640.37,629.34,0,0,0.0000
561,13767.87,471.20,2,2,0.0000
562,13552.47,134.78,2,3,0.0000
563,13519.84,320.26,NaN,NaN,NaN
564,13797.69,858.02,0,0,0.0000
565,13434.83,58.43,NaN,NaN,NaN
566,13638.85,235.41,NaN,NaN,NaN
567,13527.59,514.06,3,6,2.0000
568,13947.11,302.85,2,8,4.0000
569,13748.10,55.89,0,0,0.0000
570,14060.66,571.82,NaN,NaN,NaN
571,13984.50,792.86,NaN,NaN,NaN
572,14561.80,779.17,0,0,0.0000
573,14432.75,707.53,NaN,NaN,NaN
574,14100.20,840.48,2,2,0.0000
575,14236.26,549.71,NaN,NaN,NaN
576,14528.64,694.63,0,0,0.0000
577,14044.81,467.68,0,0,0.0000
578,13974.10,262.65,NaN,NaN,NaN
579,13974.53,658.45,2,3,0.0000
580,14128.79,511.11,2,8,4.0000
581,13990.18,177.22,NaN,NaN,NaN
582,14280.42,618.58,NaN,NaN,NaN
583,14118.98,689.61,0,0,0.0000
584,14070.88,138.84,NaN,NaN,NaN
585,13967.74,470.53,NaN,NaN,NaN
586,13997.13,393.40,0,0,0.0000
587,14165.84,807.82,2,3,0.0000
588,14330.79,666.75,2,2,0.0000
589,14179.17,482.07,NaN,NaN,NaN
590,14158.25,742.95,NaN,NaN,NaN
591,14057.58,419.64,0,0,0.0000
592,14460.35,841.95,2,3,0.0000
593,14197.59,625.98,0,0,0.0000
594,14029.03,697.71,0,0,0.0000
595,14474.41,143.81,NaN,NaN,NaN
596,14422.55,214.43,0,0,0.0000
597,14434.12,150.35,NaN,NaN,NaN
598,13976.17,49.72,NaN,NaN,NaN
599,15431.76,327.35,NaN,NaN,NaN
600,15217.21,587.05,NaN,NaN,NaN
601,14946.31,711.87,2,6,3.0000
602,15139.01,786.18,2,2,0.0000
603,14876.61,246.60,NaN,NaN,NaN
604,15169.98,329.77,NaN,NaN,NaN
605,15235.00,833.01,NaN,NaN,NaN
606,15020.99,664.71,NaN,NaN,NaN
607,15451.22,495.07,0,0,0.0000
608,15440.78,738.48,NaN,NaN,NaN
609,15342.25,208.52,NaN,NaN,NaN
610,15374.88,454.61,0,0,0.0000
611,14994.83,419.03,2,3,0.0000
612,14895.37,419.33,NaN,NaN,NaN
613,15456.65,861.96,NaN,NaN,NaN
614,14861.57,338.73,2,3,0.0000
615,15373.31,91.44,NaN,NaN,NaN
616,15184.96,224.69,2,4,2.0000
617,15252.85,404.04,0,0,0.0000
618,15430.16,145.60,0,0,0.0000
619,14976.33,208.88,0,0,0.0000
620,14970.08,859.62,NaN,NaN,NaN
621,15309.24,126.31,NaN,NaN,NaN
622,15291.38,480.55,0,0,0.0000
623,15333.90,809.25,2,4,2.0000
624,15073.62,725.73,NaN,NaN,NaN
625,14907.99,607.72,0,0,0.0000
626,15207.00,139.36,NaN,NaN,NaN
627,15104.16,270.80,NaN,NaN,NaN
628,15425.51,649.05,2,3,0.0000
629,15348.89,543.44,NaN,NaN,NaN
630,14962.81,499.49,0,0,0.0000
631,15063.81,649.10,NaN,NaN,NaN
632,15297.52,721.47,0,0,0.0000
633,15153.12,857.99,NaN,NaN,NaN
634,15261.95,84.30,2,6,3.0000
635,15107.99,461.68,0,0,0.0000
636,15038.67,257.55,NaN,NaN,NaN
637,15238.36,711.09,NaN,NaN,NaN
638,14912.14,147.12,0,0,0.0000
639,14954.75,567.55,2,3,0.0000
640,15016.70,317.02,NaN,NaN,NaN
641,15134.46,725.25,NaN,NaN,NaN
642,14984.76,115.18,0,0,0.0000
643,14763.85,98.51,2,6,3.0000
644,14819.30,148.92,NaN,NaN,NaN
645,15099.79,359.73,NaN,NaN,NaN
646,15050.68,527.58,NaN,NaN,NaN
647,14982.78,45.32,0,0,0.0000
648,14922.79,460.66,0,0,0.0000
649,15098.18,584.80,NaN,NaN,NaN
650,15092.85,224.03,3,6,2.0000
651,15027.46,465.15,3,5,0.0000
652,15059.54,826.42,NaN,NaN,NaN
653,15274.39,195.96,3,5,0.0000
654,15338.40,887.02,0,0,0.0000
655,15000.47,550.56,0,0,0.0000
656,15266.85,250.26,NaN,NaN,NaN
657,15427.70,61.19,2,5,2.5000
658,15328.25,295.96,NaN,NaN,NaN
659,15100.17,894.28,NaN,NaN,NaN
660,14792.73,197.48,NaN,NaN,NaN
661,15152.63,446.32,0,0,0.0000
662,14936.19,328.39,0,0,0.0000
663,15138.70,658.46,0,0,0.0000
664,14844.65,404.26,NaN,NaN,NaN
665,15315.60,596.27,0,0,0.0000
666,15399.84,206.02,0,0,0.0000
667,15189.20,418.53,NaN,NaN,NaN
668,15197.76,710.83,0,0,0.0000
669,15056.53,568.96,NaN,NaN,NaN
670,15350.99,616.79,NaN,NaN,NaN
671,15058.28,345.16,NaN,NaN,NaN
672,15459.74,201.34,NaN,NaN,NaN
673,15080.62,313.17,NaN,NaN,NaN
674,15530.77,557.38,NaN,NaN,NaN
675,15839.53,127.80,2,6,3.0000
676,15628.40,158.38,0,0,0.0000
677,15913.18,139.21,0,0,0.0000
678,15910.69,878.81,2,1,0.0000
679,15652.77,668.00,NaN,NaN,NaN
680,15826.72,740.07,NaN,NaN,NaN
681,16082.48,109.13,NaN,NaN,NaN
682,15666.14,482.13,0,0,0.0000
683,15747.77,115.19,NaN,NaN,NaN
684,15627.46,823.85,2,3,0.0000
685,15938.52,789.31,NaN,NaN,NaN
686,15509.38,657.65,2,4,2.0000
687,15544.81,351.45,NaN,NaN,NaN
688,15684.09,265.74,3,5,0.0000
689,15629.26,398.69,NaN,NaN,NaN
690,15563.93,738.71,0,0,0.0000
691,15736.47,733.34,2,4,2.0000
692,15737.71,334.89,NaN,NaN,NaN
693,16200.46,109.36,NaN,NaN,NaN
694,15553.21,207.08,NaN,NaN,NaN
695,16345.78,394.11,2,4,2.0000
696,15942.12,273.89,NaN,NaN,NaN
697,16125.55,190.14,0,0,0.0000
698,16263.35,365.47,0,0,0.0000
699,15934.33,333.42,4,9,2.2500
700,15806.07,379.13,NaN,NaN,NaN
701,16047.84,890.69,3,3,0.0000
702,16313.12,455.67,NaN,NaN,NaN
703,15704.23,832.23,NaN,NaN,NaN
704,15729.80,213.86,NaN,NaN,NaN
705,15783.34,52.73,NaN,NaN,NaN
706,15741.89,810.47,NaN,NaN,NaN
707,16259.32,73.29,NaN,NaN,NaN
708,15618.56,571.45,0,0,0.0000
709,16122.65,64.64,NaN,NaN,NaN
710,16007.57,833.24,NaN,NaN,NaN
711,15753.41,268.32,NaN,NaN,NaN
712,15553.72,428.99,0,0,0.0000
713,15589.85,255.63,NaN,NaN,NaN
714,15805.99,264.13,2,4,2.0000
715,16169.82,32.65,NaN,NaN,NaN
716,15952.10,71.58,0,0,0.0000
717,15763.67,183.36,NaN,NaN,NaN
718,15591.63,64.28,0,0,0.0000
719,15627.83,340.44,0,0,0.0000
720,15556.46,260.42,0,0,0.0000
721,15678.67,357.33,NaN,NaN,NaN
722,15503.87,240.01,NaN,NaN,NaN
723,16204.94,380.27,0,0,0.0000
724,15967.44,839.86,NaN,NaN,NaN
725,15863.82,804.36,NaN,NaN,NaN
726,16313.68,311.44,NaN,NaN,NaN
727,15930.59,721.60,0,0,0.0000
728,15548.35,819.67,0,0,0.0000
729,15657.57,751.53,0,0,0.0000
730,15653.07,548.24,0,0,0.0000
731,15663.83,584.07,0,0,0.0000
732,15787.86,819.21,0,0,0.0000
733,16042.38,11.01,0,0,0.0000
734,15513.39,203.01,NaN,NaN,NaN
735,15903.65,754.36,0,0,0.0000
736,824.43,1410.50,4,6,0.0000
737,299.82,1188.25,5,4,0.0000
738,833.40,1599.93,NaN,NaN,NaN
739,293.00,1028.30,4,5,0.0000
740,661.21,1553.64,0,0,0.0000
741,164.00,957.49,NaN,NaN,NaN
742,822.13,1176.73,2,5,2.5000
743,618.27,1632.77,NaN,NaN,NaN
744,716.02,1319.27,NaN,NaN,NaN
745,819.60,1307.93,NaN,NaN,NaN
746,790.02,1544.09,6,6,0.0000
747,402.30,1622.51,4,4,0.0000
748,515.59,1514.59,0,0,0.0000
749,604.41,1480.15,0,0,0.0000
750,99.82,1089.90,NaN,NaN,NaN
751,886.59,1128.37,NaN,NaN,NaN
752,43.17,1069.44,2,2,0.0000
753,379.80,1042.30,NaN,NaN,NaN
754,489.81,1598.48,0,0,0.0000
755,771.34,1273.27,NaN,NaN,NaN
756,497.72,1656.02,NaN,NaN,NaN
757,817.77,1486.09,NaN,NaN,NaN
758,712.83,1425.73,NaN,NaN,NaN
759,351.75,1099.82,NaN,NaN,NaN
760,51.42,1013.99,0,0,0.0000
761,747.89,1461.74,NaN,NaN,NaN
762,85.70,1189.29,NaN,NaN,NaN
763,63.10,1306.57,0,0,0.0000
764,591.18,1558.15,0,0,0.0000
765,94.95,963.25,NaN,NaN,NaN
766,877.04,1268.24,NaN,NaN,NaN
767,93.20,1262.73,0,0,0.0000
768,20.41,1140.10,NaN,NaN,NaN
769,544.44,1607.67,0,0,0.0000
770,207.18,1029.08,NaN,NaN,NaN
771,554.16,1549.62,0,0,0.0000
772,421.64,993.17,3,3,0.0000
773,559.13,1449.69,NaN,NaN,NaN
774,756.05,1656.14,NaN,NaN,NaN
775,45.80,1193.63,0,0,0.0000
776,829.59,1129.38,NaN,NaN,NaN
777,342.78,1181.72,NaN,NaN,NaN
778,725.92,1617.12,NaN,NaN,NaN
779,643.25,1438.17,NaN,NaN,NaN
780,865.47,1512.91,2,6,3.0000
781,982.29,1566.76,NaN,NaN,NaN
782,1318.07,1085.76,0,0,0.0000
783,1580.68,1268.89,NaN,NaN,NaN
784,993.22,1341.25,NaN,NaN,NaN
785,1296.62,1174.43,NaN,NaN,NaN
786,1643.06,1140.64,NaN,NaN,NaN
787,1296.63,954.75,0,0,0.0000
788,1195.45,1247.01,NaN,NaN,NaN
789,1596.98,1375.96,NaN,NaN,NaN
790,1230.15,954.51,3,5,0.0000
791,1045.93,924.14,NaN,NaN,NaN
792,1608.40,1531.47,0,0,0.0000
793,959.35,1179.64,0,0,0.0000
794,1556.22,1127.08,NaN,NaN,NaN
795,1066.31,1072.66,3,7,2.3333
796,925.27,1615.23,NaN,NaN,NaN
797,1105.27,941.81,NaN,NaN,NaN
798,1519.71,1250.67,NaN,NaN,NaN
799,1492.05,1190.02,2,2,0.0000
800,1193.47,1118.05,NaN,NaN,NaN
801,1595.93,1049.57,2,3,0.0000
802,1014.50,1016.64,2,5,2.5000
803,1282.86,1232.33,NaN,NaN,NaN
804,911.02,1342.70,NaN,NaN,NaN
805,1100.69,1124.07,2,3,0.0000
806,1367.95,1155.25,NaN,NaN,NaN
807,1659.58,1470.38,0,0,0.0000
808,1486.76,1587.56,NaN,NaN,NaN
809,1056.59,1203.13,NaN,NaN,NaN
810,1456.40,1264.91,2,5,2.5000
811,1542.32,1498.57,NaN,NaN,NaN
812,1114.82,1171.90,NaN,NaN,NaN
813,927.22,1268.23,NaN,NaN,NaN
814,1515.75,1422.34,NaN,NaN,NaN
815,954.09,1421.61,0,0,0.0000
816,905.50,1403.00,NaN,NaN,NaN
817,1117.13,1246.29,2,3,0.0000
818,1226.52,1023.87,0,0,0.0000
819,1154.22,1208.26,NaN,NaN,NaN
820,1433.34,1100.57,3,3,0.0000
821,1515.05,1360.25,NaN,NaN,NaN
822,999.53,1457.64,NaN,NaN,NaN
823,1159.17,942.86,NaN,NaN,NaN
824,996.04,1252.50,2,5,2.5000
825,1638.23,1412.77,3,9,3.0000
826,1362.94,1024.02,0,0,0.0000
827,1051.81,1280.25,NaN,NaN,NaN
828,1578.02,1649.42,NaN,NaN,NaN
829,1557.34,1426.75,NaN,NaN,NaN
830,1524.54,1632.42,2,2,0.0000
831,1191.57,1179.91,0,0,0.0000
832,1021.53,1425.29,0,0,0.0000
833,1650.09,931.39,0,0,0.0000
834,1421.54,1227.49,2,5,2.5000
835,1414.56,1203.97,2,2,0.0000
836,1370.94,973.25,2,2,0.0000
837,927.38,1122.25,NaN,NaN,NaN
838,1376.94,1212.95,NaN,NaN,NaN
839,1530.11,1576.68,2,2,0.0000
840,944.94,1517.12,NaN,NaN,NaN
841,1242.63,1077.41,0,0,0.0000
842,1559.84,1565.17,NaN,NaN,NaN
843,1045.88,1152.47,2,1,0.0000
844,1396.08,950.37,NaN,NaN,NaN
845,1061.40,1467.37,0,0,0.0000
846,1867.35,953.19,NaN,NaN,NaN
847,1780.00,1652.01,NaN,NaN,NaN
848,1704.15,1015.12,0,0,0.0000
849,2351.07,1076.69,NaN,NaN,NaN
850,1765.03,984.08,4,8,2.0000
851,1677.68,1307.06,3,5,0.0000
852,1887.36,1162.52,NaN,NaN,NaN
853,1832.12,1083.65,NaN,NaN,NaN
854,1736.21,1487.62,NaN,NaN,NaN
855,1870.76,1547.40,NaN,NaN,NaN
856,2374.38,1231.85,2,5,2.5000
857,2337.40,1328.58,3,5,0.0000
858,1865.56,1434.19,NaN,NaN,NaN
859,1918.06,1271.74,NaN,NaN,NaN
860,1795.99,1513.73,2,4,2.0000
861,1745.54,1133.91,NaN,NaN,NaN
862,2403.78,1400.06,0,0,0.0000
863,2322.77,1142.29,NaN,NaN,NaN
864,1932.99,1084.67,NaN,NaN,NaN
865,1728.00,1400.09,NaN,NaN,NaN
866,2313.52,1192.06,0,0,0.0000
867,1786.69,1337.58,NaN,NaN,NaN
868,1969.03,1426.98,0,0,0.0000
869,1904.54,1629.35,2,2,0.0000
870,2012.79,1307.82,NaN,NaN,NaN
871,2045.11,1563.44,NaN,NaN,NaN
872,2017.34,1094.32,2,5,2.5000
873,2226.35,1011.32,3,4,0.0000
874,2007.91,1253.41,NaN,NaN,NaN
875,1696.00,1552.49,0,0,0.0000
876,2047.55,1477.99,NaN,NaN,NaN
877,1954.90,1594.16,NaN,NaN,NaN
878,1954.98,997.00,0,0,0.0000
879,1855.59,1316.94,3,7,2.3333
880,1786.49,1265.82,NaN,NaN,NaN
881,2035.33,1136.43,NaN,NaN,NaN
882,2265.28,1090.91,NaN,NaN,NaN
883,1796.36,1393.65,0,0,0.0000
884,1755.32,1203.36,0,0,0.0000
885,2105.92,1562.93,NaN,NaN,NaN
886,2122.23,1456.17,0,0,0.0000
887,1939.28,1483.95,NaN,NaN,NaN
888,1817.77,1590.55,NaN,NaN,NaN
889,2085.33,1627.51,0,0,0.0000
890,2091.70,1491.12,NaN,NaN,NaN
891,1920.89,1377.31,0,0,0.0000
892,1966.54,1189.83,NaN,NaN,NaN
893,1934.03,1334.87,0,0,0.0000
894,2003.25,1492.22,NaN,NaN,NaN
895,2286.20,1013.38,0,0,0.0000
896,1674.42,1610.86,0,0,0.0000
897,1828.68,1225.82,NaN,NaN,NaN
898,2189.64,986.62,NaN,NaN,NaN
899,2025.40,1216.69,0,0,0.0000
900,1686.90,899.99,0,0,0.0000
901,2027.36,1653.00,0,0,0.0000
902,2410.28,1140.62,NaN,NaN,NaN
903,1996.34,1174.74,0,0,0.0000
904,1674.13,1065.81,0,0,0.0000
905,2480.55,1507.11,NaN,NaN,NaN
906,2571.32,1242.39,NaN,NaN,NaN
907,2600.82,1440.07,2,3,0.0000
908,2636.93,1313.00,0,0,0.0000
909,3091.32,1140.67,0,0,0.0000
910,2438.62,1314.34,NaN,NaN,NaN
911,2520.42,1397.45,NaN,NaN,NaN
912,2514.22,1136.85,3,1,0.0000
913,2525.92,1188.12,NaN,NaN,NaN
914,3191.25,1373.57,2,6,3.0000
915,2445.78,1423.48,NaN,NaN,NaN
916,2567.46,1304.14,NaN,NaN,NaN
917,2461.47,1222.21,NaN,NaN,NaN
918,3039.67,1273.74,NaN,NaN,NaN
919,2714.56,1384.62,0,0,0.0000
920,3191.56,1175.79,3,4,0.0000
921,2457.46,1083.83,NaN,NaN,NaN
922,3097.10,1335.84,NaN,NaN,NaN
923,2677.68,1424.09,0,0,0.0000
924,3104.63,1201.75,0,0,0.0000
925,3144.06,1394.86,0,0,0.0000
926,2994.99,1184.72,2,3,0.0000
927,3147.38,1325.96,NaN,NaN,NaN
928,3054.86,1207.53,2,6,3.0000
929,2555.90,1347.38,NaN,NaN,NaN
930,2462.26,1358.20,NaN,NaN,NaN
931,2564.51,1126.24,0,0,0.0000
932,3184.90,1227.44,2,1,0.0000
933,2549.27,1062.80,0,0,0.0000
934,2713.47,1225.00,NaN,NaN,NaN
935,2502.81,1345.35,0,0,0.0000
936,3336.04,1036.67,NaN,NaN,NaN
937,3504.71,1590.25,NaN,NaN,NaN
938,3337.11,1454.58,NaN,NaN,NaN
939,3307.46,1511.78,0,0,0.0000
940,3390.07,1373.23,NaN,NaN,NaN
941,3417.72,1609.14,NaN,NaN,NaN
942,3370.85,1177.49,3,5,0.0000
943,3410.90,1037.73,NaN,NaN,NaN
944,3423.62,1123.44,2,4,2.0000
945,3325.20,1597.65,NaN,NaN,NaN
946,3233.25,1281.11,2,4,2.0000
947,3640.97,1650.11,0,0,0.0000
948,3525.16,1415.19,4,4,0.0000
949,3412.88,1538.64,3,7,2.3333
950,3425.72,1273.33,0,0,0.0000
951,3663.68,1514.42,NaN,NaN,NaN
952,3703.31,1527.18,NaN,NaN,NaN
953,3335.68,1350.59,3,5,0.0000
954,3734.78,1577.42,NaN,NaN,NaN
955,3549.83,1478.53,0,0,0.0000
956,3428.66,1350.39,2,3,0.0000
957,3580.28,1574.77,NaN,NaN,NaN
958,3879.73,1657.77,2,3,0.0000
959,3514.25,1294.39,3,6,2.0000
960,3288.51,1171.42,NaN,NaN,NaN
961,3262.96,1431.95,NaN,NaN,NaN
962,3326.93,1298.88,NaN,NaN,NaN
963,3696.26,1595.55,NaN,NaN,NaN
964,3248.17,1509.43,NaN,NaN,NaN
965,3284.05,1321.36,0,0,0.0000
966,3272.58,1131.87,NaN,NaN,NaN
967,3467.07,1055.47,NaN,NaN,NaN
968,3440.70,1467.77,2,4,2.0000
969,3200.35,1131.35,3,5,0.0000
970,3398.00,971.12,2,4,2.0000
971,3464.58,1210.25,0,0,0.0000
972,3252.02,1107.40,NaN,NaN,NaN
973,3205.07,1063.58,NaN,NaN,NaN
974,3585.84,1495.55,0,0,0.0000
975,3491.68,1457.22,0,0,0.0000
976,3635.12,1550.03,0,0,0.0000
977,4615.72,1163.24,0,0,0.0000
978,4226.01,964.19,2,7,3.5000
979,4613.08,1320.33,2,2,0.0000
980,4577.64,1007.11,NaN,NaN,NaN
981,4688.69,1085.38,0,0,0.0000
982,4571.72,1239.17,NaN,NaN,NaN
983,4524.31,1385.75,0,0,0.0000
984,4713.88,1182.55,0,0,0.0000
985,4724.63,1036.21,0,0,0.0000
986,4604.61,932.34,0,0,0.0000
987,4418.81,943.65,0,0,0.0000
988,4398.69,1249.77,3,4,0.0000
989,4276.01,1253.49,NaN,NaN,NaN
990,4471.63,1131.09,2,3,0.0000
991,4452.01,1066.17,2,3,0.0000
992,4511.41,1063.08,0,0,0.0000
993,4517.94,1003.26,3,5,0.0000
994,4173.35,925.97,0,0,0.0000
995,4293.89,1104.65,0,0,0.0000
996,4539.43,1142.69,NaN,NaN,NaN
997,4388.37,1207.44,NaN,NaN,NaN
998,4328.70,931.63,NaN,NaN,NaN
999,4464.38,1339.65,0,0,0.0000
1000,4114.95,900.78,0,0,0.0000
1001,4382.35,1011.11,NaN,NaN,NaN
1002,4515.67,1207.10,0,0,0.0000
1003,4483.56,1288.92,0,0,0.0000
1004,4438.52,1151.68,NaN,NaN,NaN
1005,4459.03,1234.52,3,5,0.0000
1006,4331.14,1198.00,NaN,NaN,NaN
1007,4387.30,1158.72,0,0,0.0000
1008,4096.24,974.49,NaN,NaN,NaN
1009,4531.76,1306.67,0,0,0.0000
1010,4047.70,1024.72,3,4,0.0000
1011,4546.52,1036.95,0,0,0.0000
1012,4932.56,962.28,0,0,0.0000
1013,4814.02,1213.43,NaN,NaN,NaN
1014,5162.67,1294.85,3,6,2.0000
1015,4951.59,1349.40,0,0,0.0000
1016,4935.96,1094.43,NaN,NaN,NaN
1017,5309.84,1131.57,NaN,NaN,NaN
1018,5128.80,1640.88,0,0,0.0000
1019,5187.89,1450.57,NaN,NaN,NaN
1020,5120.14,1331.78,0,0,0.0000
1021,4827.28,1060.93,NaN,NaN,NaN
1022,5018.79,1016.15,NaN,NaN,NaN
1023,5406.62,1012.72,2,3,0.0000
1024,5288.99,913.55,2,2,0.0000
1025,5423.29,1277.13,NaN,NaN,NaN
1026,4930.14,1188.04,NaN,NaN,NaN
1027,4859.96,1137.22,NaN,NaN,NaN
1028,5373.94,1099.16,0,0,0.0000
1029,5213.63,1239.02,0,0,0.0000
1030,4946.54,1476.27,0,0,0.0000
1031,5127.32,1442.15,NaN,NaN,NaN
1032,5301.19,1072.61,NaN,NaN,NaN
1033,5337.32,1013.38,NaN,NaN,NaN
1034,5454.18,916.24,4,2,0.0000
1035,5463.33,1085.00,NaN,NaN,NaN
1036,5104.97,1558.50,4,7,0.0000
1037,5218.16,900.25,NaN,NaN,NaN
1038,5274.69,1367.64,NaN,NaN,NaN
1039,5283.26,1008.62,NaN,NaN,NaN
1040,5372.56,1469.56,2,3,0.0000
1041,5272.02,957.95,NaN,NaN,NaN
1042,5181.31,1598.01,NaN,NaN,NaN
1043,5468.16,981.76,NaN,NaN,NaN
1044,4778.20,1108.35,0,0,0.0000
1045,5432.43,1146.28,0,0,0.0000
1046,5485.80,1175.81,NaN,NaN,NaN
1047,5053.57,1465.35,NaN,NaN,NaN
1048,5382.99,1540.39,NaN,NaN,NaN
1049,5460.22,1424.50,NaN,NaN,NaN
1050,5345.82,1581.02,2,6,3.0000
1051,5457.86,1209.42,NaN,NaN,NaN
1052,5074.14,1084.76,0,0,0.0000
1053,5470.51,1584.74,NaN,NaN,NaN
1054,4887.31,1284.44,0,0,0.0000
1055,5366.49,1414.88,0,0,0.0000
1056,4957.08,1423.28,0,0,0.0000
1057,4788.71,1000.65,3,8,2.6667
1058,5364.85,1214.50,2,4,2.0000
1059,5361.39,966.55,0,0,0.0000
1060,5395.52,1134.52,NaN,NaN,NaN
1061,5379.80,1319.30,2,3,0.0000
1062,5464.82,1048.62,0,0,0.0000
1063,5205.91,1406.50,NaN,NaN,NaN
1064,5200.08,1521.17,NaN,NaN,NaN
1065,4971.80,1643.73,NaN,NaN,NaN
1066,4971.08,1257.05,NaN,NaN,NaN
1067,5384.88,1261.98,3,4,0.0000
1068,5368.63,927.72,NaN,NaN,NaN
1069,5057.66,1200.40,3,2,0.0000
1070,5347.83,1346.15,0,0,0.0000
1071,5008.19,1431.73,0,0,0.0000
1072,5444.76,1522.40,NaN,NaN,NaN
1073,5458.44,1479.79,0,0,0.0000
1074,5254.52,1574.48,NaN,NaN,NaN
1075,4950.68,899.63,2,4,2.0000
1076,5286.73,1640.65,2,7,3.5000
1077,5407.57,1606.65,NaN,NaN,NaN
1078,6236.14,1576.27,NaN,NaN,NaN
1079,6115.40,1162.76,NaN,NaN,NaN
1080,6148.93,1320.11,0,0,0.0000
1081,6259.15,1069.99,3,10,3.3333
1082,6091.81,1076.36,NaN,NaN,NaN
1083,5936.16,1611.09,2,3,0.0000
1084,6058.10,1623.31,NaN,NaN,NaN
1085,6176.69,904.41,NaN,NaN,NaN
1086,5943.28,1187.31,NaN,NaN,NaN
1087,6215.03,1192.47,0,0,0.0000
1088,6171.88,1050.53,0,0,0.0000
1089,6054.10,951.98,0,0,0.0000
1090,5806.77,1572.08,3,6,2.0000
1091,6100.03,1391.79,NaN,NaN,NaN
1092,5923.86,1322.10,NaN,NaN,NaN
1093,5854.06,1482.58,0,0,0.0000
1094,5973.52,1464.78,NaN,NaN,NaN
1095,6226.48,1373.42,0,0,0.0000
1096,6069.25,1535.23,NaN,NaN,NaN
1097,5900.95,1414.48,NaN,NaN,NaN
1098,6055.59,1456.77,NaN,NaN,NaN
1099,5981.37,1548.01,NaN,NaN,NaN
1100,5513.05,913.33,NaN,NaN,NaN
1101,6021.93,1272.67,2,6,3.0000
1102,6004.43,1094.26,NaN,NaN,NaN
1103,6037.70,1167.73,NaN,NaN,NaN
1104,5956.27,1250.39,4,3,0.0000
1105,6235.37,1641.68,3,2,0.0000
1106,6139.42,1524.30,0,0,0.0000
1107,5992.38,1028.09,NaN,NaN,NaN
1108,5964.54,1354.27,NaN,NaN,NaN
1109,6176.20,1247.64,0,0,0.0000
1110,6049.00,1338.49,2,3,0.0000
1111,6257.48,1441.15,2,9,4.5000
1112,5909.32,1475.75,NaN,NaN,NaN
1113,5520.13,990.69,2,2,0.0000
1114,5923.01,1502.59,NaN,NaN,NaN
1115,6199.06,1656.19,NaN,NaN,NaN
1116,6099.16,1001.47,NaN,NaN,NaN
1117,6389.55,1284.11,2,1,0.0000
1118,6674.20,1200.28,NaN,NaN,NaN
1119,7012.68,1424.35,2,3,0.0000
1120,6494.74,1020.54,0,0,0.0000
1121,6488.05,1289.17,NaN,NaN,NaN
1122,6376.90,1142.59,0,0,0.0000
1123,6532.05,897.21,NaN,NaN,NaN
1124,6531.69,1574.77,2,1,0.0000
1125,6909.11,1168.33,NaN,NaN,NaN
1126,6403.79,1029.91,0,0,0.0000
1127,6720.15,1337.26,NaN,NaN,NaN
1128,6908.93,1234.68,NaN,NaN,NaN
1129,6300.37,1367.55,0,0,0.0000
1130,6507.24,1126.56,0,0,0.0000
1131,6779.02,1261.19,2,3,0.0000
1132,6566.67,1206.19,NaN,NaN,NaN
1133,6983.44,1229.56,2,3,0.0000
1134,6869.07,1111.74,NaN,NaN,NaN
1135,6723.80,1094.25,NaN,NaN,NaN
1136,6789.00,1395.29,NaN,NaN,NaN
1137,6863.30,1610.70,2,4,2.0000
1138,6718.19,1468.94,NaN,NaN,NaN
1139,6907.45,1401.12,0,0,0.0000
1140,6772.86,1170.41,NaN,NaN,NaN
1141,6445.58,1195.90,2,1,0.0000
1142,6309.67,1251.08,NaN,NaN,NaN
1143,7016.45,1337.12,NaN,NaN,NaN
1144,6590.58,1286.37,3,3,0.0000
1145,6582.17,1396.68,NaN,NaN,NaN
1146,6727.95,1411.22,NaN,NaN,NaN
1147,6661.87,1562.45,NaN,NaN,NaN
1148,6608.97,932.64,2,5,2.5000
1149,7023.74,1192.46,0,0,0.0000
1150,6454.54,924.70,3,6,2.0000
1151,6668.52,1402.40,0,0,0.0000
1152,6876.70,1502.35,2,7,3.5000
1153,6771.35,1535.80,NaN,NaN,NaN
1154,6699.14,1035.38,3,5,0.0000
1155,6581.90,1035.92,NaN,NaN,NaN
1156,6900.61,927.76,NaN,NaN,NaN
1157,6802.06,1039.50,0,0,0.0000
1158,6715.07,1525.94,NaN,NaN,NaN
1159,6701.53,992.62,3,6,2.0000
1160,6830.50,1535.50,2,9,4.5000
1161,6691.23,1597.92,3,5,0.0000
1162,6742.66,938.81,2,3,0.0000
1163,6612.33,1576.91,2,1,0.0000
1164,6923.95,1308.05,NaN,NaN,NaN
1165,6632.77,1366.04,NaN,NaN,NaN
1166,6613.59,1517.91,2,1,0.0000
1167,6671.72,1651.30,NaN,NaN,NaN
1168,6988.53,1051.70,NaN,NaN,NaN
1169,7031.43,1613.04,2,5,2.5000
1170,6941.51,1602.15,NaN,NaN,NaN
1171,6820.53,1467.26,0,0,0.0000
1172,7006.27,1655.95,NaN,NaN,NaN
1173,6541.44,1343.97,0,0,0.0000
1174,6498.81,1192.02,NaN,NaN,NaN
1175,6577.32,1328.17,NaN,NaN,NaN
1176,6807.75,1629.96,NaN,NaN,NaN
1177,6861.53,1021.36,NaN,NaN,NaN
1178,6575.82,1622.83,NaN,NaN,NaN
1179,6679.91,1275.89,NaN,NaN,NaN
1180,6972.09,1323.92,0,0,0.0000
1181,6908.38,1014.71,2,6,3.0000
1182,6291.72,1175.88,0,0,0.0000
1183,6868.81,1283.88,0,0,0.0000
1184,6724.76,1650.15,NaN,NaN,NaN
1185,7012.89,1558.72,0,0,0.0000
1186,6377.44,1558.41,0,0,0.0000
1187,6977.59,1558.32,3,3,0.0000
1188,6833.78,1177.68,NaN,NaN,NaN
1189,6646.64,1075.00,0,0,0.0000
1190,6779.23,967.68,NaN,NaN,NaN
1191,6837.00,1391.31,0,0,0.0000
1192,6760.26,1580.83,NaN,NaN,NaN
1193,7117.29,1638.35,NaN,NaN,NaN
1194,7130.78,1348.86,NaN,NaN,NaN
1195,7592.01,1053.80,3,7,2.3333
1196,7648.61,1308.92,3,3,0.0000
1197,7592.74,1194.67,NaN,NaN,NaN
1198,7402.13,1390.56,3,8,2.6667
1199,7736.21,1288.40,0,0,0.0000
1200,7315.53,1423.69,NaN,NaN,NaN
1201,7622.68,976.80,NaN,NaN,NaN
1202,7220.50,1347.70,NaN,NaN,NaN
1203,7307.25,1530.89,NaN,NaN,NaN
1204,7281.00,1056.28,NaN,NaN,NaN
1205,7159.73,1253.70,4,10,2.5000
1206,7415.50,1282.25,NaN,NaN,NaN
1207,7583.47,1402.89,NaN,NaN,NaN
1208,7143.77,1493.13,2,4,2.0000
1209,7705.68,1521.77,0,0,0.0000
1210,7601.02,1538.15,NaN,NaN,NaN
1211,7301.36,1614.80,2,4,2.0000
1212,7713.52,990.31,0,0,0.0000
1213,7095.48,1154.88,0,0,0.0000
1214,7284.53,1285.71,NaN,NaN,NaN
1215,7773.05,1591.12,NaN,NaN,NaN
1216,7545.82,918.98,2,3,0.0000
1217,7523.97,1571.68,NaN,NaN,NaN
1218,7731.18,1071.33,0,0,0.0000
1219,7409.30,1605.05,NaN,NaN,NaN
1220,7221.02,949.64,2,3,0.0000
1221,7719.46,910.73,NaN,NaN,NaN
1222,7356.86,1198.35,NaN,NaN,NaN
1223,7665.27,1196.53,0,0,0.0000
1224,7062.55,1498.58,0,0,0.0000
1225,7470.52,1456.77,2,5,2.5000
1226,7346.37,1121.12,3,3,0.0000
1227,7531.23,1090.14,0,0,0.0000
1228,7170.17,1054.13,NaN,NaN,NaN
1229,7702.23,1417.45,0,0,0.0000
1230,7053.42,1279.83,2,4,2.0000
1231,7303.43,898.22,NaN,NaN,NaN
1232,7256.84,1136.26,NaN,NaN,NaN
1233,7444.34,1559.17,NaN,NaN,NaN
1234,7573.43,1563.07,NaN,NaN,NaN
1235,7491.87,1637.23,NaN,NaN,NaN
1236,7559.42,1644.56,3,6,2.0000
1237,7761.49,1648.97,NaN,NaN,NaN
1238,7715.61,1169.53,NaN,NaN,NaN
1239,7791.60,1115.07,3,5,0.0000
1240,7062.69,1052.50,NaN,NaN,NaN
1241,7440.37,1185.39,0,0,0.0000
1242,7567.20,1300.19,2,2,0.0000
1243,7516.26,1250.42,NaN,NaN,NaN
1244,7770.09,1182.16,3,6,2.0000
1245,7231.28,1255.08,NaN,NaN,NaN
1246,7677.91,1600.04,0,0,0.0000
1247,7183.72,1124.81,NaN,NaN,NaN
1248,7070.96,1227.66,2,3,0.0000
1249,7499.54,1298.39,NaN,NaN,NaN
1250,7465.95,1343.03,NaN,NaN,NaN
1251,7367.05,913.01,2,3,0.0000
1252,7200.22,1625.74,NaN,NaN,NaN
1253,7513.82,1373.83,4,4,0.0000
1254,7101.84,1111.61,0,0,0.0000
1255,7285.43,988.63,0,0,0.0000
1256,7195.35,1474.86,0,0,0.0000
1257,7620.89,917.38,0,0,0.0000
1258,7295.26,1481.07,0,0,0.0000
1259,7263.07,930.70,NaN,NaN,NaN
1260,7453.56,918.89,0,0,0.0000
1261,7802.69,923.59,NaN,NaN,NaN
1262,7643.12,1450.40,NaN,NaN,NaN
1263,7403.14,908.85,0,0,0.0000
1264,7739.99,1447.52,0,0,0.0000
1265,7300.05,1354.67,NaN,NaN,NaN
1266,7191.84,1198.94,0,0,0.0000
1267,7229.10,1434.11,0,0,0.0000
1268,7539.16,1472.77,NaN,NaN,NaN
1269,7767.94,1532.47,0,0,0.0000
1270,7271.75,1229.11,NaN,NaN,NaN
1271,7613.82,1484.65,2,2,0.0000
1272,7666.67,1397.61,0,0,0.0000
1273,7277.32,1200.00,0,0,0.0000
1274,7748.38,1128.63,0,0,0.0000
1275,7219.29,1034.00,0,0,0.0000
1276,7091.41,955.00,3,3,0.0000
1277,7388.79,1471.90,NaN,NaN,NaN
1278,7370.17,1060.58,0,0,0.0000
1279,7485.58,1202.34,0,0,0.0000
1280,7780.19,926.21,0,0,0.0000
1281,7518.36,1419.47,NaN,NaN,NaN
1282,7207.52,1161.91,NaN,NaN,NaN
1283,8093.61,1580.73,NaN,NaN,NaN
1284,8398.74,904.61,NaN,NaN,NaN
1285,8389.36,1201.73,NaN,NaN,NaN
1286,8509.60,1520.48,0,0,0.0000
1287,8214.34,1296.98,NaN,NaN,NaN
1288,8220.96,1154.85,NaN,NaN,NaN
1289,8310.09,1256.50,2,5,2.5000
1290,7815.55,1045.19,NaN,NaN,NaN
1291,8492.05,1399.42,0,0,0.0000
1292,8265.86,1399.82,NaN,NaN,NaN
1293,8525.67,1013.65,NaN,NaN,NaN
1294,8196.68,1007.42,0,0,0.0000
1295,8197.59,1453.74,NaN,NaN,NaN
1296,8102.10,953.18,NaN,NaN,NaN
1297,8276.27,1022.10,NaN,NaN,NaN
1298,8423.54,1388.11,NaN,NaN,NaN
1299,8373.13,1606.99,3,6,2.0000
1300,8473.43,1658.15,0,0,0.0000
1301,8116.44,1038.18,NaN,NaN,NaN
1302,7970.80,1485.59,NaN,NaN,NaN
1303,8283.49,905.99,0,0,0.0000
1304,8430.79,1315.54,2,1,0.0000
1305,8329.45,1562.61,NaN,NaN,NaN
1306,8017.59,1417.61,NaN,NaN,NaN
1307,7989.00,1618.91,2,2,0.0000
1308,8180.34,1536.58,0,0,0.0000
1309,8331.38,1043.93,NaN,NaN,NaN
1310,8157.48,1343.15,NaN,NaN,NaN
1311,8404.47,1066.84,NaN,NaN,NaN
1312,8434.46,1565.85,NaN,NaN,NaN
1313,7879.05,1615.04,0,0,0.0000
1314,8083.45,1259.84,NaN,NaN,NaN
1315,8099.32,1159.11,NaN,NaN,NaN
1316,8527.50,1173.36,NaN,NaN,NaN
1317,8025.26,1037.82,0,0,0.0000
1318,8550.37,1443.43,NaN,NaN,NaN
1319,8465.77,1138.94,2,3,0.0000
1320,8524.00,1113.53,0,0,0.0000
1321,8500.75,1305.83,2,2,0.0000
1322,8004.64,929.63,NaN,NaN,NaN
1323,8116.32,1353.31,NaN,NaN,NaN
1324,8332.10,1418.18,NaN,NaN,NaN
1325,7903.11,1372.85,NaN,NaN,NaN
1326,8110.75,1450.78,0,0,0.0000
1327,7928.82,1515.08,NaN,NaN,NaN
1328,7936.88,1205.44,NaN,NaN,NaN
1329,7949.60,1262.45,0,0,0.0000
1330,7839.29,1516.97,NaN,NaN,NaN
1331,8157.38,1109.24,NaN,NaN,NaN
1332,8535.29,1609.95,NaN,NaN,NaN
1333,8087.24,1394.47,NaN,NaN,NaN
1334,7896.30,1274.54,2,4,2.0000
1335,8462.69,1048.79,2,4,2.0000
1336,8155.93,1442.42,NaN,NaN,NaN
1337,8141.03,1229.78,0,0,0.0000
1338,7983.68,1322.18,3,8,2.6667
1339,8021.45,1301.25,NaN,NaN,NaN
1340,8403.83,1471.05,0,0,0.0000
1341,7892.90,1486.68,NaN,NaN,NaN
1342,8509.24,1253.66,NaN,NaN,NaN
1343,7959.81,939.15,0,0,0.0000
1344,8163.18,1183.71,NaN,NaN,NaN
1345,8281.02,956.16,NaN,NaN,NaN
1346,7845.85,1568.91,NaN,NaN,NaN
1347,8035.05,1205.79,3,2,0.0000
1348,8059.05,1314.65,NaN,NaN,NaN
1349,8297.55,1341.44,NaN,NaN,NaN
1350,8442.26,980.97,NaN,NaN,NaN
1351,8378.69,1409.79,0,0,0.0000
1352,8363.90,1526.02,2,5,2.5000
1353,7948.16,1343.17,NaN,NaN,NaN
1354,8089.55,1003.55,3,3,0.0000
1355,8477.23,969.09,0,0,0.0000
1356,8180.70,1640.00,0,0,0.0000
1357,8346.58,1348.85,NaN,NaN,NaN
1358,8484.68,907.29,0,0,0.0000
1359,8394.80,1116.34,0,0,0.0000
1360,8590.20,966.50,NaN,NaN,NaN
1361,9971.13,1544.64,NaN,NaN,NaN
1362,9974.39,1631.33,2,3,0.0000
1363,9911.74,1607.45,0,0,0.0000
1364,10070.70,1597.86,2,4,2.0000
1365,10057.79,1383.05,NaN,NaN,NaN
1366,9658.28,1394.24,NaN,NaN,NaN
1367,10008.08,1468.94,NaN,NaN,NaN
1368,10065.46,1499.56,NaN,NaN,NaN
1369,9692.37,1411.50,4,4,0.0000
1370,10251.00,1479.94,NaN,NaN,NaN
1371,10282.86,1598.85,0,0,0.0000
1372,10470.85,1576.40,3,3,0.0000
1373,10142.45,1547.39,2,3,0.0000
1374,10334.80,1447.80,0,0,0.0000
1375,10571.41,1437.39,NaN,NaN,NaN
1376,10129.51,1450.47,4,5,0.0000
1377,10554.03,1543.08,2,3,0.0000
1378,10240.94,1379.26,0,0,0.0000
1379,10635.03,1567.25,NaN,NaN,NaN
1380,10368.48,1534.80,0,0,0.0000
1381,10595.58,1509.27,NaN,NaN,NaN
1382,10476.83,1478.06,2,2,0.0000
1383,10434.10,1485.52,0,0,0.0000
1384,10434.25,1320.73,NaN,NaN,NaN
1385,10395.74,1352.08,NaN,NaN,NaN
1386,10423.75,1644.59,0,0,0.0000
1387,10305.44,1303.06,2,1,0.0000
1388,10558.72,1588.16,NaN,NaN,NaN
1389,10179.61,1429.38,NaN,NaN,NaN
1390,10180.23,1663.25,NaN,NaN,NaN
1391,10392.08,1417.20,0,0,0.0000
1392,10245.32,1643.11,0,0,0.0000
1393,10659.04,1642.06,NaN,NaN,NaN
1394,10242.02,1310.18,0,0,0.0000
1395,10437.70,1396.02,NaN,NaN,NaN
1396,10249.51,1280.81,0,0,0.0000
1397,10505.78,1653.09,NaN,NaN,NaN
1398,10112.26,1331.58,0,0,0.0000
1399,10173.26,1608.55,NaN,NaN,NaN
1400,10437.97,1367.41,NaN,NaN,NaN
1401,10314.46,1362.24,NaN,NaN,NaN
1402,10359.35,1316.88,0,0,0.0000
1403,11245.42,918.41,0,0,0.0000
1404,11196.90,1067.03,2,6,3.0000
1405,11326.96,1073.40,0,0,0.0000
1406,11330.47,1647.99,2,4,2.0000
1407,11319.69,1293.02,0,0,0.0000
1408,11188.10,1145.09,NaN,NaN,NaN
1409,11348.71,1009.31,NaN,NaN,NaN
1410,11283.29,1375.00,3,7,2.3333
1411,11335.29,932.89,0,0,0.0000
1412,11274.71,1068.04,NaN,NaN,NaN
1413,11167.59,1008.58,0,0,0.0000
1414,11254.82,1309.67,NaN,NaN,NaN
1415,11530.17,993.65,NaN,NaN,NaN
1416,11173.51,925.24,0,0,0.0000
1417,11320.16,1152.25,0,0,0.0000
1418,11194.43,1628.16,0,0,0.0000
1419,11203.44,1385.90,2,4,2.0000
1420,11231.48,1490.40,2,2,0.0000
1421,11353.65,1219.61,0,0,0.0000
1422,11124.47,1053.71,NaN,NaN,NaN
1423,11122.20,1152.30,2,2,0.0000
1424,11098.57,1492.39,3,8,2.6667
1425,11235.11,1436.69,3,3,0.0000
1426,11107.11,1112.45,NaN,NaN,NaN
1427,11276.40,1444.10,0,0,0.0000
1428,12339.19,1524.63,0,0,0.0000
1429,12263.09,1590.08,0,0,0.0000
1430,13031.39,1538.74,NaN,NaN,NaN
1431,12771.23,1419.71,0,0,0.0000
1432,12688.78,1460.82,NaN,NaN,NaN
1433,12576.42,1466.31,NaN,NaN,NaN
1434,12534.59,1565.64,NaN,NaN,NaN
1435,12656.20,1556.29,NaN,NaN,NaN
1436,12896.39,1495.18,2,3,0.0000
1437,12984.82,1475.40,NaN,NaN,NaN
1438,12753.61,1554.79,NaN,NaN,NaN
1439,12596.86,1523.25,NaN,NaN,NaN
1440,12867.41,1348.02,0,0,0.0000
1441,12883.49,1632.31,NaN,NaN,NaN
1442,12652.83,1609.41,0,0,0.0000
1443,13085.85,1480.35,0,0,0.0000
1444,12952.18,1551.61,2,5,2.5000
1445,13116.04,1557.65,NaN,NaN,NaN
1446,12973.10,1647.96,NaN,NaN,NaN
1447,13200.98,1615.58,NaN,NaN,NaN
1448,13904.34,988.17,NaN,NaN,NaN
1449,13949.27,1061.13,NaN,NaN,NaN
1450,13833.20,915.68,0,0,0.0000
1451,13947.86,994.21,NaN,NaN,NaN
1452,13882.31,1020.62,NaN,NaN,NaN
1453,13929.72,925.74,NaN,NaN,NaN
1454,14672.49,1248.64,0,0,0.0000
1455,14618.88,1404.00,NaN,NaN,NaN
1456,14630.71,914.61,NaN,NaN,NaN
1457,14070.87,975.52,NaN,NaN,NaN
1458,14230.53,1207.57,3,5,0.0000
1459,14028.57,1066.41,0,0,0.0000
1460,14639.16,1033.75,NaN,NaN,NaN
1461,14516.71,1663.91,NaN,NaN,NaN
1462,14374.81,1509.03,NaN,NaN,NaN
1463,14421.23,1264.18,NaN,NaN,NaN
1464,13989.14,927.54,NaN,NaN,NaN
1465,14154.90,1021.49,3,2,0.0000
1466,14326.35,1416.08,NaN,NaN,NaN
1467,14491.97,1342.54,0,0,0.0000
1468,14462.31,1525.04,0,0,0.0000
1469,14485.91,1467.40,2,5,2.5000
1470,14600.35,1572.29,NaN,NaN,NaN
1471,14403.94,1364.02,NaN,NaN,NaN
1472,14330.79,1301.90,2,3,0.0000
1473,14543.28,1155.42,NaN,NaN,NaN
1474,14541.57,1446.71,2,5,2.5000
1475,14075.39,1264.09,NaN,NaN,NaN
1476,14544.98,1064.97,0,0,0.0000
1477,14104.19,1183.64,0,0,0.0000
1478,14248.73,1096.57,NaN,NaN,NaN
1479,14157.78,1246.57,NaN,NaN,NaN
1480,14042.31,1184.73,0,0,0.0000
1481,14234.32,1325.98,0,0,0.0000
1482,14490.69,916.84,NaN,NaN,NaN
1483,14445.57,1031.04,NaN,NaN,NaN
1484,14615.22,1155.84,0,0,0.0000
1485,14669.65,1520.55,NaN,NaN,NaN
1486,14305.38,1129.58,0,0,0.0000
1487,14561.18,1264.60,3,6,2.0000
1488,14669.49,1600.37,0,0,0.0000
1489,14156.84,1179.46,0,0,0.0000
1490,14184.47,1371.59,NaN,NaN,NaN
1491,14481.61,1096.78,0,0,0.0000
1492,14535.84,1213.99,NaN,NaN,NaN
1493,14283.04,1053.51,0,0,0.0000
1494,13987.31,1165.14,0,0,0.0000
1495,14408.04,1194.23,NaN,NaN,NaN
1496,14594.35,1661.51,0,0,0.0000
1497,14010.75,1214.27,0,0,0.0000
1498,14361.98,1149.08,NaN,NaN,NaN
1499,14642.22,1103.12,NaN,NaN,NaN
1500,14173.53,1300.80,0,0,0.0000
1501,14863.78,1510.68,NaN,NaN,NaN
1502,15104.88,1436.63,NaN,NaN,NaN
1503,15352.03,1578.10,NaN,NaN,NaN
1504,15317.10,1464.53,0,0,0.0000
1505,15189.79,1212.93,NaN,NaN,NaN
1506,15382.51,1321.78,NaN,NaN,NaN
1507,15183.05,1526.01,NaN,NaN,NaN
1508,14977.64,1638.24,0,0,0.0000
1509,14747.80,1587.78,0,0,0.0000
1510,14727.27,1393.38,NaN,NaN,NaN
1511,15469.88,1587.01,3,7,2.3333
1512,15322.30,1363.73,NaN,NaN,NaN
1513,15448.03,950.41,NaN,NaN,NaN
1514,15347.67,955.75,0,0,0.0000
1515,15009.53,1029.38,NaN,NaN,NaN
1516,15284.30,1157.01,0,0,0.0000
1517,15407.91,1249.32,4,5,0.0000
1518,14999.76,1120.30,3,5,0.0000
1519,15268.08,968.25,NaN,NaN,NaN
1520,15247.85,1056.68,2,6,3.0000
1521,15144.95,1089.36,2,6,3.0000
1522,15115.68,1263.63,0,0,0.0000
1523,15225.99,1373.13,NaN,NaN,NaN
1524,14995.60,969.55,NaN,NaN,NaN
1525,15155.57,941.96,NaN,NaN,NaN
1526,15025.42,1542.71,0,0,0.0000
1527,15089.73,1546.69,NaN,NaN,NaN
1528,15039.07,1197.16,2,6,3.0000
1529,15190.40,1415.51,NaN,NaN,NaN
1530,15061.14,1332.39,2,4,2.0000
1531,15400.16,1202.85,NaN,NaN,NaN
1532,15048.91,906.85,NaN,NaN,NaN
1533,15315.37,1231.10,0,0,0.0000
1534,15260.42,1599.70,NaN,NaN,NaN
1535,15443.94,1489.41,0,0,0.0000
1536,15103.03,1162.21,3,5,0.0000
1537,14752.49,1485.85,0,0,0.0000
1538,15457.21,1166.22,NaN,NaN,NaN
1539,15098.22,961.12,NaN,NaN,NaN
1540,15384.41,1646.75,NaN,NaN,NaN
1541,15302.49,1068.00,0,0,0.0000
1542,15000.48,1480.34,0,0,0.0000
1543,14915.01,1571.87,2,3,0.0000
1544,15041.63,1602.23,0,0,0.0000
1545,15475.42,1268.84,0,0,0.0000
1546,14892.46,1602.38,0,0,0.0000
1547,15422.72,1061.90,0,0,0.0000
1548,15065.14,1054.24,NaN,NaN,NaN
1549,15425.97,1023.83,2,6,3.0000
1550,14795.53,1369.96,0,0,0.0000
1551,15463.61,1093.23,0,0,0.0000
1552,15282.31,896.53,NaN,NaN,NaN
1553,15138.64,1014.82,NaN,NaN,NaN
1554,15428.22,1386.44,NaN,NaN,NaN
1555,15387.78,1114.36,NaN,NaN,NaN
1556,15401.15,902.37,0,0,0.0000
1557,14843.70,1605.02,0,0,0.0000
1558,15087.68,1064.93,NaN,NaN,NaN
1559,15073.16,954.22,0,0,0.0000
1560,14925.13,1475.34,0,0,0.0000
1561,15594.14,1276.16,2,4,2.0000
1562,15916.58,1380.76,NaN,NaN,NaN
1563,16128.03,1613.43,NaN,NaN,NaN
1564,15557.90,1459.99,0,0,0.0000
1565,15826.14,1241.84,NaN,NaN,NaN
1566,15732.94,1262.80,NaN,NaN,NaN
1567,15707.63,1160.70,0,0,0.0000
1568,15768.67,1634.62,NaN,NaN,NaN
1569,15984.75,1631.12,2,3,0.0000
1570,15607.78,1111.78,3,5,0.0000
1571,16229.59,1385.90,NaN,NaN,NaN
1572,16099.03,1464.59,3,5,0.0000
1573,15719.52,1364.90,NaN,NaN,NaN
1574,15659.04,901.80,NaN,NaN,NaN
1575,15860.83,1568.28,NaN,NaN,NaN
1576,16040.84,1126.84,NaN,NaN,NaN
1577,15774.98,907.32,0,0,0.0000
1578,15927.20,1593.81,NaN,NaN,NaN
1579,16231.97,1659.95,NaN,NaN,NaN
1580,16113.82,1243.87,0,0,0.0000
1581,15987.20,1499.86,0,0,0.0000
1582,15743.04,1500.21,3,5,0.0000
1583,15610.79,1590.77,NaN,NaN,NaN
1584,16300.71,1468.18,NaN,NaN,NaN
1585,16298.55,1622.46,NaN,NaN,NaN
1586,16215.85,1531.13,NaN,NaN,NaN
1587,15637.07,1406.96,0,0,0.0000
1588,15549.82,932.07,NaN,NaN,NaN
1589,16267.07,1497.60,0,0,0.0000
1590,15743.29,1065.84,2,3,0.0000
1591,15843.60,1489.56,0,0,0.0000
1592,15573.72,915.63,NaN,NaN,NaN
1593,15878.79,1087.91,NaN,NaN,NaN
1594,15851.74,917.40,NaN,NaN,NaN
1595,15553.15,1606.01,0,0,0.0000
1596,16163.58,1381.03,2,1,0.0000
1597,16037.48,1541.76,NaN,NaN,NaN
1598,16071.86,1048.24,NaN,NaN,NaN
1599,15539.97,1071.88,0,0,0.0000
1600,16163.90,1124.84,0,0,0.0000
1601,15580.09,1544.40,0,0,0.0000
1602,15950.80,1201.91,0,0,0.0000
1603,15578.33,1033.22,NaN,NaN,NaN
1604,16045.83,1311.68,NaN,NaN,NaN
1605,15512.68,974.38,NaN,NaN,NaN
1606,16157.12,1195.06,2,2,0.0000
1607,15796.90,1044.20,0,0,0.0000
1608,15902.21,1203.56,NaN,NaN,NaN
1609,16129.76,1140.84,NaN,NaN,NaN
1610,16362.07,1618.92,NaN,NaN,NaN
1611,16208.48,1583.79,4,7,0.0000
1612,15909.93,1489.74,0,0,0.0000
1613,15795.50,1545.26,0,0,0.0000
1614,15759.46,997.30,3,6,2.0000
1615,15924.78,1131.54,0,0,0.0000
1616,16158.21,1307.90,0,0,0.0000
1617,15839.05,1035.71,0,0,0.0000
1618,15659.28,1032.80,0,0,0.0000
1619,16070.43,1395.66,NaN,NaN,NaN
1620,15935.32,1051.03,3,4,0.0000
1621,15971.52,1245.40,0,0,0.0000
1622,16078.05,1536.38,2,7,3.5000
1623,16001.66,1345.81,2,5,2.5000
1624,15521.54,1158.54,0,0,0.0000
1625,15690.49,1522.49,NaN,NaN,NaN
1626,15887.70,1022.77,0,0,0.0000
1627,15864.99,1142.94,NaN,NaN,NaN
1628,16118.46,1052.02,0,0,0.0000
1629,15780.13,1132.51,4,5,0.0000
1630,15772.51,1431.05,2,4,2.0000
1631,16261.55,1573.87,2,2,0.0000
1632,15747.50,1409.50,2,4,2.0000
1633,16233.28,1250.63,0,0,0.0000
1634,16166.14,1504.85,0,0,0.0000
1635,15715.01,1616.06,2,3,0.0000
1636,15866.69,976.36,3,6,2.0000
1637,15831.18,1653.54,NaN,NaN,NaN
1638,558.21,1991.13,NaN,NaN,NaN
1639,685.20,2033.59,NaN,NaN,NaN
1640,788.14,1745.00,0,0,0.0000
1641,848.86,2232.61,3,7,2.3333
1642,662.59,1802.65,NaN,NaN,NaN
1643,406.57,1876.66,3,4,0.0000
1644,446.32,1765.80,0,0,0.0000
1645,685.05,2120.71,NaN,NaN,NaN
1646,884.45,1787.74,NaN,NaN,NaN
1647,454.97,1995.09,NaN,NaN,NaN
1648,591.75,1862.36,2,1,0.0000
1649,355.25,1764.01,NaN,NaN,NaN
1650,813.20,1985.35,2,3,0.0000
1651,555.55,1675.33,3,4,0.0000
1652,692.99,2235.49,0,0,0.0000
1653,617.12,1724.47,2,3,0.0000
1654,868.82,2076.19,3,2,0.0000
1655,486.98,2110.58,NaN,NaN,NaN
1656,847.64,2306.94,NaN,NaN,NaN
1657,699.71,1943.16,2,2,0.0000
1658,505.97,1937.12,2,3,0.0000
1659,398.07,1678.63,NaN,NaN,NaN
1660,631.58,1961.60,NaN,NaN,NaN
1661,821.62,2122.72,2,4,2.0000
1662,757.08,2014.13,NaN,NaN,NaN
1663,687.55,1696.07,3,3,0.0000
1664,792.82,2162.81,NaN,NaN,NaN
1665,437.47,1919.86,NaN,NaN,NaN
1666,484.91,2053.93,NaN,NaN,NaN
1667,372.04,1821.09,NaN,NaN,NaN
1668,843.04,1695.27,0,0,0.0000
1669,392.52,1969.41,0,0,0.0000
1670,46.47,1705.18,NaN,NaN,NaN
1671,335.09,1688.46,3,5,0.0000
1672,391.87,2024.47,0,0,0.0000
1673,506.44,1711.43,NaN,NaN,NaN
1674,328.87,1835.58,0,0,0.0000
1675,573.31,1786.20,0,0,0.0000
1676,856.28,2160.13,NaN,NaN,NaN
1677,432.88,2065.66,NaN,NaN,NaN
1678,683.80,1899.14,NaN,NaN,NaN
1679,714.69,1869.53,2,2,0.0000
1680,732.03,2146.51,3,4,0.0000
1681,1070.74,2316.13,NaN,NaN,NaN
1682,930.46,2186.83,2,1,0.0000
1683,1035.55,1802.47,NaN,NaN,NaN
1684,1074.72,2130.98,2,6,3.0000
1685,1000.02,1700.82,0,0,0.0000
1686,1068.70,2203.99,NaN,NaN,NaN
1687,1171.33,2193.85,NaN,NaN,NaN
1688,1149.21,1868.45,NaN,NaN,NaN
1689,944.39,1746.68,NaN,NaN,NaN
1690,1005.29,2335.32,2,3,0.0000
1691,921.95,2335.45,NaN,NaN,NaN
1692,1157.03,2122.31,2,3,0.0000
1693,924.57,2275.42,3,2,0.0000
1694,1645.66,1701.68,2,3,0.0000
1695,1163.60,2033.74,NaN,NaN,NaN
1696,1095.68,2092.17,NaN,NaN,NaN
1697,920.01,1670.65,NaN,NaN,NaN
1698,1181.04,2274.23,NaN,NaN,NaN
1699,1062.29,2008.64,NaN,NaN,NaN
1700,1150.13,2237.04,3,7,2.3333
1701,1586.69,1686.24,NaN,NaN,NaN
1702,1216.93,2009.51,NaN,NaN,NaN
1703,1201.73,2133.29,NaN,NaN,NaN
1704,940.15,2127.05,2,5,2.5000
1705,1018.81,2060.10,4,4,0.0000
1706,1002.41,2137.31,4,4,0.0000
1707,2356.08,2398.05,NaN,NaN,NaN
1708,2262.31,2281.26,NaN,NaN,NaN
1709,2168.50,2166.63,4,3,0.0000
1710,2422.77,2347.76,2,6,3.0000
1711,2219.81,2361.43,NaN,NaN,NaN
1712,2345.65,2238.73,0,0,0.0000
1713,2166.86,2078.72,0,0,0.0000
1714,2267.49,2014.92,0,0,0.0000
1715,2101.55,2304.71,NaN,NaN,NaN
1716,2132.59,1685.36,NaN,NaN,NaN
1717,2245.01,2141.00,NaN,NaN,NaN
1718,2367.24,2158.56,0,0,0.0000
1719,2294.63,2108.03,0,0,0.0000
1720,2123.41,2210.70,2,6,3.0000
1721,1895.82,1689.38,3,4,0.0000
1722,2061.65,2248.03,NaN,NaN,NaN
1723,2284.29,2418.43,0,0,0.0000
1724,1972.00,1682.93,NaN,NaN,NaN
1725,1885.11,1763.38,3,1,0.0000
1726,2069.99,1738.51,3,4,0.0000
1727,2291.30,2183.03,0,0,0.0000
1728,2149.49,1746.88,0,0,0.0000
1729,2184.96,1680.39,3,3,0.0000
1730,1943.47,1725.67,3,2,0.0000
1731,2072.97,2188.81,2,8,4.0000
1732,2155.50,2264.89,0,0,0.0000
1733,2239.45,2421.40,0,0,0.0000
1734,2415.98,2408.76,NaN,NaN,NaN
1735,2087.71,2125.24,0,0,0.0000
1736,2060.50,2158.98,NaN,NaN,NaN
1737,2624.83,1881.77,4,5,0.0000
1738,2527.79,2415.95,0,0,0.0000
1739,2874.54,2115.75,NaN,NaN,NaN
1740,2803.79,1725.36,NaN,NaN,NaN
1741,2861.80,2052.70,2,2,0.0000
1742,2840.55,1941.82,NaN,NaN,NaN
1743,2790.58,2193.91,NaN,NaN,NaN
1744,2894.51,2216.00,NaN,NaN,NaN
1745,2945.56,2079.94,NaN,NaN,NaN
1746,2877.68,1980.04,2,3,0.0000
1747,2844.25,1849.81,NaN,NaN,NaN
1748,2663.03,1801.41,NaN,NaN,NaN
1749,2563.15,1800.01,NaN,NaN,NaN
1750,3009.83,2383.47,NaN,NaN,NaN
1751,2772.12,1950.86,NaN,NaN,NaN
1752,2761.12,2119.37,0,0,0.0000
1753,2780.16,2056.28,NaN,NaN,NaN
1754,2871.00,2408.74,NaN,NaN,NaN
1755,2765.45,1866.32,NaN,NaN,NaN
1756,2692.73,1927.79,NaN,NaN,NaN
1757,2704.34,1855.46,0,0,0.0000
1758,2554.63,1845.06,2,3,0.0000
1759,2967.34,1873.30,0,0,0.0000
1760,2676.82,1966.07,NaN,NaN,NaN
1761,2810.08,1877.23,NaN,NaN,NaN
1762,2485.69,2322.33,NaN,NaN,NaN
1763,2951.47,2342.97,NaN,NaN,NaN
1764,3000.14,2231.44,NaN,NaN,NaN
1765,2895.38,1874.68,2,2,0.0000
1766,2773.23,1765.01,0,0,0.0000
1767,2723.07,1798.21,0,0,0.0000
1768,3834.28,2042.03,NaN,NaN,NaN
1769,3507.87,1729.44,6,7,0.0000
1770,3732.68,2224.77,0,0,0.0000
1771,3905.77,2142.72,3,5,0.0000
1772,3449.23,1912.75,NaN,NaN,NaN
1773,3722.03,1794.78,NaN,NaN,NaN
1774,3965.38,1983.87,NaN,NaN,NaN
1775,3693.79,2005.45,NaN,NaN,NaN
1776,3800.38,2183.31,2,2,0.0000
1777,3416.10,1664.17,2,3,0.0000
1778,3481.63,1976.43,NaN,NaN,NaN
1779,3673.33,2068.85,NaN,NaN,NaN
1780,3660.59,2145.46,0,0,0.0000
1781,3432.37,1777.91,NaN,NaN,NaN
1782,3365.31,1753.54,NaN,NaN,NaN
1783,3904.70,1887.82,2,6,3.0000
1784,3841.25,1913.13,NaN,NaN,NaN
1785,3718.95,2110.02,0,0,0.0000
1786,3874.16,1740.53,2,4,2.0000
1787,3880.85,1696.42,NaN,NaN,NaN
1788,3669.35,1823.51,NaN,NaN,NaN
1789,3629.25,2102.14,NaN,NaN,NaN
1790,3835.08,2313.74,0,0,0.0000
1791,3768.47,2105.05,2,3,0.0000
1792,3715.16,1883.00,NaN,NaN,NaN
1793,3946.81,2419.88,NaN,NaN,NaN
1794,3918.43,2223.64,0,0,0.0000
1795,3762.74,1919.05,4,2,0.0000
1796,3894.53,2379.22,0,0,0.0000
1797,3874.93,1870.20,2,4,2.0000
1798,3225.87,1821.68,NaN,NaN,NaN
1799,3353.16,1817.23,NaN,NaN,NaN
1800,3295.80,1836.29,NaN,NaN,NaN
1801,3720.49,1946.62,2,2,0.0000
1802,3878.70,2330.43,NaN,NaN,NaN
1803,3771.06,1674.84,NaN,NaN,NaN
1804,3810.93,1951.82,0,0,0.0000
1805,3443.91,1975.12,NaN,NaN,NaN
1806,3820.95,1863.03,NaN,NaN,NaN
1807,3421.22,1719.55,0,0,0.0000
1808,3357.98,1693.33,NaN,NaN,NaN
1809,3291.13,1869.56,0,0,0.0000
1810,3325.90,1670.89,NaN,NaN,NaN
1811,3609.25,1715.65,0,0,0.0000
1812,3517.53,1962.75,NaN,NaN,NaN
1813,3520.13,2008.23,NaN,NaN,NaN
1814,3892.51,2258.67,NaN,NaN,NaN
1815,3314.30,1769.37,NaN,NaN,NaN
1816,3698.62,1689.45,0,0,0.0000
1817,3370.53,1793.03,NaN,NaN,NaN
1818,3922.20,2304.74,0,0,0.0000
1819,3904.16,1789.51,2,5,2.5000
1820,3613.30,1962.03,3,6,2.0000
1821,3970.59,1711.35,NaN,NaN,NaN
1822,4027.49,2090.64,NaN,NaN,NaN
1823,4500.04,2154.34,NaN,NaN,NaN
1824,4479.88,2303.07,NaN,NaN,NaN
1825,3984.70,2161.22,2,1,0.0000
1826,4586.72,2208.50,NaN,NaN,NaN
1827,4135.80,2110.63,3,5,0.0000
1828,4086.81,2020.90,0,0,0.0000
1829,4257.67,2430.80,NaN,NaN,NaN
1830,4115.67,2353.81,NaN,NaN,NaN
1831,4360.70,2263.68,0,0,0.0000
1832,4139.03,2200.46,2,4,2.0000
1833,4029.63,2237.88,NaN,NaN,NaN
1834,4588.31,2302.90,0,0,0.0000
1835,4624.70,2256.92,3,6,2.0000
1836,4197.37,2342.83,0,0,0.0000
1837,4360.59,2155.22,NaN,NaN,NaN
1838,4000.02,2395.25,0,0,0.0000
1839,4075.66,2211.66,NaN,NaN,NaN
1840,4412.68,2201.46,2,2,0.0000
1841,4090.05,1819.59,2,4,2.0000
1842,4282.30,2173.18,NaN,NaN,NaN
1843,4128.53,2158.75,NaN,NaN,NaN
1844,4546.58,2246.53,0,0,0.0000
1845,4703.54,2231.50,0,0,0.0000
1846,3996.08,1675.61,NaN,NaN,NaN
1847,4183.69,2276.95,4,5,0.0000
1848,4164.35,1913.21,NaN,NaN,NaN
1849,4385.90,2315.40,0,0,0.0000
1850,4694.66,2349.47,NaN,NaN,NaN
1851,4021.24,1780.59,0,0,0.0000
1852,4006.21,2335.44,NaN,NaN,NaN
1853,4443.27,2398.26,NaN,NaN,NaN
1854,4367.29,2400.61,NaN,NaN,NaN
1855,4277.90,2226.05,NaN,NaN,NaN
1856,4419.37,2244.87,0,0,0.0000
1857,4107.46,2277.81,3,7,2.3333
1858,4342.32,2320.05,0,0,0.0000
1859,3975.86,2236.85,0,0,0.0000
1860,4410.91,2425.44,NaN,NaN,NaN
1861,4045.11,2381.64,NaN,NaN,NaN
1862,4082.35,2400.93,NaN,NaN,NaN
1863,4246.77,2276.18,2,5,2.5000
1864,4138.34,2424.48,0,0,0.0000
1865,3978.66,2278.60,NaN,NaN,NaN
1866,4629.49,2291.00,NaN,NaN,NaN
1867,4669.40,2210.21,0,0,0.0000
1868,4029.72,1886.90,2,4,2.0000
1869,4177.15,2400.55,NaN,NaN,NaN
1870,4640.88,2190.80,0,0,0.0000
1871,4820.55,2371.27,NaN,NaN,NaN
1872,5440.62,1766.76,NaN,NaN,NaN
1873,5197.94,1718.52,2,2,0.0000
1874,5024.68,1695.46,2,5,2.5000
1875,5111.63,1742.72,2,4,2.0000
1876,5356.97,1756.88,3,7,2.3333
1877,4938.34,2370.48,NaN,NaN,NaN
1878,5156.37,1861.16,NaN,NaN,NaN
1879,5449.42,2008.91,NaN,NaN,NaN
1880,5501.21,1944.32,NaN,NaN,NaN
1881,5426.20,1867.36,NaN,NaN,NaN
1882,5332.10,1845.61,NaN,NaN,NaN
1883,5208.00,1830.77,NaN,NaN,NaN
1884,5106.90,1860.33,NaN,NaN,NaN
1885,5064.34,1851.20,NaN,NaN,NaN
1886,5400.66,1668.16,3,6,2.0000
1887,5083.29,1782.42,NaN,NaN,NaN
1888,5034.37,1787.57,NaN,NaN,NaN
1889,5459.93,1907.71,0,0,0.0000
1890,5161.29,1805.39,0,0,0.0000
1891,5341.54,2417.60,0,0,0.0000
1892,5909.54,2171.09,NaN,NaN,NaN
1893,5822.27,2282.85,0,0,0.0000
1894,5578.20,2256.33,2,6,3.0000
1895,5843.38,1811.89,2,5,2.5000
1896,5655.90,2035.05,NaN,NaN,NaN
1897,5875.92,1885.98,NaN,NaN,NaN
1898,5998.35,2296.01,NaN,NaN,NaN
1899,6033.84,1932.79,NaN,NaN,NaN
1900,6127.94,1977.45,3,6,2.0000
1901,6171.97,2362.64,NaN,NaN,NaN
1902,6150.76,2204.06,3,5,0.0000
1903,6086.90,1714.84,NaN,NaN,NaN
1904,5585.79,1847.92,NaN,NaN,NaN
1905,6201.45,2152.28,2,3,0.0000
1906,5629.61,2383.31,NaN,NaN,NaN
1907,5759.30,2161.16,2,2,0.0000
1908,5781.45,1897.35,NaN,NaN,NaN
1909,6007.50,1998.22,NaN,NaN,NaN
1910,5785.87,2036.10,NaN,NaN,NaN
1911,6011.18,1825.71,3,4,0.0000
1912,5867.73,1727.35,NaN,NaN,NaN
1913,6116.53,2090.27,0,0,0.0000
1914,5524.01,2096.72,2,2,0.0000
1915,5722.32,1875.45,0,0,0.0000
1916,5656.86,2099.69,NaN,NaN,NaN
1917,5755.72,1666.60,NaN,NaN,NaN
1918,6024.31,2431.00,2,3,0.0000
1919,6083.65,1783.02,2,8,4.0000
1920,5666.79,2190.85,NaN,NaN,NaN
1921,6045.95,2068.14,4,9,2.2500
1922,5695.37,2427.10,NaN,NaN,NaN
1923,5756.48,2392.31,NaN,NaN,NaN
1924,5707.40,1965.93,NaN,NaN,NaN
1925,6163.11,1765.74,3,6,2.0000
1926,6069.35,2147.31,NaN,NaN,NaN
1927,6089.88,2424.49,NaN,NaN,NaN
1928,6088.45,1887.56,0,0,0.0000
1929,6254.45,1865.21,NaN,NaN,NaN
1930,6206.36,1924.73,3,4,0.0000
1931,6216.95,1980.87,NaN,NaN,NaN
1932,5715.34,2266.85,NaN,NaN,NaN
1933,5702.27,2179.23,NaN,NaN,NaN
1934,5654.24,2288.18,NaN,NaN,NaN
1935,6271.18,2144.28,NaN,NaN,NaN
1936,5547.98,1987.51,NaN,NaN,NaN
1937,5945.37,1929.67,0,0,0.0000
1938,5635.10,1922.54,NaN,NaN,NaN
1939,5605.02,2172.78,2,3,0.0000
1940,5985.51,2170.26,0,0,0.0000
1941,6242.06,1717.64,2,3,0.0000
1942,5521.76,1781.79,0,0,0.0000
1943,5551.34,2163.95,NaN,NaN,NaN
1944,5921.58,2385.94,0,0,0.0000
1945,6166.57,1683.75,0,0,0.0000
1946,5968.56,1752.06,NaN,NaN,NaN
1947,5886.73,2408.67,0,0,0.0000
1948,6095.41,2328.26,NaN,NaN,NaN
1949,6171.98,1864.35,2,4,2.0000
1950,6139.65,1872.65,NaN,NaN,NaN
1951,5673.21,1922.48,NaN,NaN,NaN
1952,5816.88,2103.15,NaN,NaN,NaN
1953,5905.53,1995.12,0,0,0.0000
1954,6107.49,2375.19,2,6,3.0000
1955,5765.03,1781.27,0,0,0.0000
1956,5837.10,2019.21,NaN,NaN,NaN
1957,5685.30,2354.77,NaN,NaN,NaN
1958,5746.52,2326.92,0,0,0.0000
1959,5826.42,2147.97,0,0,0.0000
1960,6008.32,2221.72,0,0,0.0000
1961,5828.64,1952.52,0,0,0.0000
1962,6113.51,2271.49,NaN,NaN,NaN
1963,5989.51,2115.35,NaN,NaN,NaN
1964,6202.73,1849.43,0,0,0.0000
1965,5815.03,1729.93,NaN,NaN,NaN
1966,5955.16,1858.32,0,0,0.0000
1967,5945.61,2366.22,0,0,0.0000
1968,5941.10,2070.56,0,0,0.0000
1969,6793.25,1873.16,2,6,3.0000
1970,6905.32,1932.97,3,6,2.0000
1971,6924.71,1744.56,2,6,3.0000
1972,6957.45,1971.56,2,3,0.0000
1973,6674.31,2017.84,0,0,0.0000
1974,6281.43,2010.60,NaN,NaN,NaN
1975,6738.58,2066.78,2,4,2.0000
1976,6860.97,2295.37,NaN,NaN,NaN
1977,6954.87,2393.60,NaN,NaN,NaN
1978,6900.85,2326.67,0,0,0.0000
1979,6850.14,2139.61,NaN,NaN,NaN
1980,6539.67,2252.24,0,0,0.0000
1981,6315.43,2213.28,0,0,0.0000
1982,7004.07,2218.24,0,0,0.0000
1983,6990.73,1809.40,NaN,NaN,NaN
1984,6864.23,2034.86,NaN,NaN,NaN
1985,6898.25,2182.88,3,5,0.0000
1986,6783.36,1682.76,NaN,NaN,NaN
1987,7038.78,1736.63,NaN,NaN,NaN
1988,7013.58,1858.10,0,0,0.0000
1989,6626.34,2225.65,0,0,0.0000
1990,7023.16,2420.50,0,0,0.0000
1991,6976.99,2050.39,0,0,0.0000
1992,6790.52,2118.50,NaN,NaN,NaN
1993,6745.82,1984.04,0,0,0.0000
1994,7012.57,1949.90,NaN,NaN,NaN
1995,6291.40,2421.07,0,0,0.0000
1996,6715.73,1886.94,NaN,NaN,NaN
1997,6799.42,2225.54,0,0,0.0000
1998,6945.38,1673.54,NaN,NaN,NaN
1999,6643.98,2300.30,0,0,0.0000
2000,6857.41,1737.66,0,0,0.0000
2001,6761.16,2286.29,2,5,2.5000
2002,6807.71,2061.06,0,0,0.0000
2003,6869.27,2429.94,0,0,0.0000
2004,7002.32,2128.31,0,0,0.0000
2005,7002.80,2014.89,0,0,0.0000
2006,6724.76,1931.25,0,0,0.0000
2007,6801.93,1958.90,NaN,NaN,NaN
2008,6726.17,1691.23,NaN,NaN,NaN
2009,7031.69,2017.05,NaN,NaN,NaN
2010,6781.09,2189.73,NaN,NaN,NaN
2011,7416.92,1821.23,2,5,2.5000
2012,7609.45,1925.81,NaN,NaN,NaN
2013,7136.28,2052.91,NaN,NaN,NaN
2014,7188.11,2267.69,3,8,2.6667
2015,7315.10,2222.55,2,1,0.0000
2016,7377.81,1674.26,NaN,NaN,NaN
2017,7434.53,2380.17,6,8,0.0000
2018,7148.73,1939.66,NaN,NaN,NaN
2019,7744.61,1812.41,2,4,2.0000
2020,7229.27,1701.94,NaN,NaN,NaN
2021,7285.88,2374.62,NaN,NaN,NaN
2022,7549.63,2210.18,NaN,NaN,NaN
2023,7655.41,2220.12,4,18,4.5000
2024,7195.91,2143.71,0,0,0.0000
2025,7320.80,1905.37,2,4,2.0000
2026,7614.31,1735.29,NaN,NaN,NaN
2027,7243.22,2424.25,0,0,0.0000
2028,7043.26,2262.88,NaN,NaN,NaN
2029,7775.55,1708.89,2,4,2.0000
2030,7100.02,1796.36,3,7,2.3333
2031,7505.88,2045.18,0,0,0.0000
2032,7674.67,2399.59,2,7,3.5000
2033,7369.68,2000.92,NaN,NaN,NaN
2034,7097.17,2282.07,NaN,NaN,NaN
2035,7433.30,2228.86,NaN,NaN,NaN
2036,7514.27,1717.16,0,0,0.0000
2037,7621.58,2148.85,0,0,0.0000
2038,7079.96,2360.91,NaN,NaN,NaN
2039,7792.07,2296.64,NaN,NaN,NaN
2040,7463.29,2170.91,2,4,2.0000
2041,7235.22,1776.65,NaN,NaN,NaN
2042,7714.50,1719.17,NaN,NaN,NaN
2043,7668.49,2101.63,0,0,0.0000
2044,7749.01,2251.04,0,0,0.0000
2045,7745.31,2194.18,0,0,0.0000
2046,7398.42,2196.48,NaN,NaN,NaN
2047,7221.22,1956.29,0,0,0.0000
2048,7637.28,2054.38,0,0,0.0000
2049,7262.41,1935.54,0,0,0.0000
2050,7781.32,1938.31,NaN,NaN,NaN
2051,7772.73,2136.79,NaN,NaN,NaN
2052,7077.37,1959.31,NaN,NaN,NaN
2053,7670.57,2019.78,0,0,0.0000
2054,7525.02,2305.17,3,6,2.0000
2055,7299.01,1706.60,0,0,0.0000
2056,7228.36,2099.94,2,5,2.5000
2057,7695.70,2277.63,NaN,NaN,NaN
2058,7627.59,2290.60,NaN,NaN,NaN
2059,7529.82,2381.20,0,0,0.0000
2060,7780.17,2075.82,2,2,0.0000
2061,7255.51,1852.40,NaN,NaN,NaN
2062,7532.88,1761.54,0,0,0.0000
2063,7317.96,1763.51,NaN,NaN,NaN
2064,7744.70,1953.11,0,0,0.0000
2065,7092.88,2413.99,0,0,0.0000
2066,7196.25,1844.52,NaN,NaN,NaN
2067,7419.68,2114.47,0,0,0.0000
2068,7436.60,2012.81,0,0,0.0000
2069,7604.92,2365.70,NaN,NaN,NaN
2070,7067.75,1876.92,5,9,0.0000
2071,7676.70,1670.75,0,0,0.0000
2072,7676.43,1725.35,NaN,NaN,NaN
2073,7480.40,1983.23,0,0,0.0000
2074,7394.69,1918.94,NaN,NaN,NaN
2075,7749.34,2373.63,NaN,NaN,NaN
2076,7513.12,1938.57,NaN,NaN,NaN
2077,7428.09,1932.11,2,4,2.0000
2078,7474.56,2106.20,NaN,NaN,NaN
2079,7437.60,1970.03,0,0,0.0000
2080,7586.23,2031.01,2,5,2.5000
2081,7695.80,2332.46,0,0,0.0000
2082,7746.42,2122.75,0,0,0.0000
2083,7615.91,2410.20,NaN,NaN,NaN
2084,7363.39,2301.75,NaN,NaN,NaN
2085,7331.15,2062.58,0,0,0.0000
2086,7725.36,2354.16,NaN,NaN,NaN
2087,7279.70,1982.21,0,0,0.0000
2088,7387.01,2038.18,NaN,NaN,NaN
2089,8012.93,2254.99,NaN,NaN,NaN
2090,8494.40,1774.02,NaN,NaN,NaN
2091,7843.85,1682.03,2,3,0.0000
2092,7965.16,2093.26,NaN,NaN,NaN
2093,7815.98,2139.67,NaN,NaN,NaN
2094,8452.95,1904.34,NaN,NaN,NaN
2095,7947.39,1834.53,3,6,2.0000
2096,7833.44,1881.29,0,0,0.0000
2097,7937.93,2331.51,3,5,0.0000
2098,7890.14,2351.74,NaN,NaN,NaN
2099,7874.65,2183.22,NaN,NaN,NaN
2100,8140.61,1705.33,0,0,0.0000
2101,7830.10,2339.37,NaN,NaN,NaN
2102,8499.38,1859.01,NaN,NaN,NaN
2103,7879.55,1942.71,2,3,0.0000
2104,7905.91,1722.14,2,4,2.0000
2105,8027.30,1768.86,NaN,NaN,NaN
2106,8047.25,1890.34,NaN,NaN,NaN
2107,8083.77,2114.54,0,0,0.0000
2108,8006.42,1967.59,2,2,0.0000
2109,8033.42,1830.23,3,4,0.0000
2110,8342.00,1721.61,0,0,0.0000
2111,8062.33,1967.23,NaN,NaN,NaN
2112,8382.21,1705.88,NaN,NaN,NaN
2113,8034.78,2083.03,NaN,NaN,NaN
2114,8089.40,1929.71,0,0,0.0000
2115,7887.10,2225.19,0,0,0.0000
2116,7929.64,2022.43,2,4,2.0000
2117,7962.35,1783.22,NaN,NaN,NaN
2118,7940.59,1679.39,NaN,NaN,NaN
2119,7906.73,1891.52,0,0,0.0000
2120,8080.07,1809.09,0,0,0.0000
2121,8394.07,1878.11,NaN,NaN,NaN
2122,7821.25,2233.38,0,0,0.0000
2123,8423.36,1685.84,NaN,NaN,NaN
2124,8591.89,1748.58,NaN,NaN,NaN
2125,9932.64,2094.20,0,0,0.0000
2126,9968.74,1901.49,0,0,0.0000
2127,10081.91,1960.63,NaN,NaN,NaN
2128,9994.87,1777.10,3,7,2.3333
2129,9823.90,1847.90,NaN,NaN,NaN
2130,10046.61,1819.48,NaN,NaN,NaN
2131,10084.84,2067.84,NaN,NaN,NaN
2132,10032.33,1673.60,NaN,NaN,NaN
2133,9844.89,1944.14,NaN,NaN,NaN
2134,10071.96,2013.00,NaN,NaN,NaN
2135,9967.27,1739.86,NaN,NaN,NaN
2136,9897.72,1880.08,NaN,NaN,NaN
2137,10086.70,1870.38,3,3,0.0000
2138,10096.24,1674.86,NaN,NaN,NaN
2139,10006.08,2032.52,NaN,NaN,NaN
2140,10110.70,2343.52,2,5,2.5000
2141,10098.32,2233.03,NaN,NaN,NaN
2142,10019.09,2110.74,3,4,0.0000
2143,9912.83,1699.25,0,0,0.0000
2144,9785.90,1984.15,0,0,0.0000
2145,10034.91,2287.57,NaN,NaN,NaN
2146,9848.59,2112.97,NaN,NaN,NaN
2147,9886.27,2037.20,0,0,0.0000
2148,9763.37,1867.09,NaN,NaN,NaN
2149,9864.40,2073.27,NaN,NaN,NaN
2150,9918.04,2000.31,0,0,0.0000
2151,10063.67,2232.28,NaN,NaN,NaN
2152,9846.93,2029.29,0,0,0.0000
2153,10363.47,2143.12,NaN,NaN,NaN
2154,10506.85,2342.97,NaN,NaN,NaN
2155,10477.18,2259.10,NaN,NaN,NaN
2156,10465.99,1821.91,0,0,0.0000
2157,10543.74,2100.39,3,2,0.0000
2158,10577.96,1805.63,NaN,NaN,NaN
2159,10384.90,1862.49,NaN,NaN,NaN
2160,10283.71,1814.30,0,0,0.0000
2161,10296.11,2373.76,2,4,2.0000
2162,10121.64,2130.11,NaN,NaN,NaN
2163,10670.17,1809.32,NaN,NaN,NaN
2164,10154.99,2287.64,3,4,0.0000
2165,10162.39,1880.83,NaN,NaN,NaN
2166,10254.14,2011.12,NaN,NaN,NaN
2167,10741.54,2106.09,NaN,NaN,NaN
2168,10307.85,1924.38,NaN,NaN,NaN
2169,10631.70,2429.58,NaN,NaN,NaN
2170,10510.73,2022.23,NaN,NaN,NaN
2171,10451.28,2041.32,2,3,0.0000
2172,10645.66,1972.33,2,3,0.0000
2173,10447.09,2120.85,0,0,0.0000
2174,10767.16,2196.06,NaN,NaN,NaN
2175,10749.31,2397.67,3,4,0.0000
2176,10710.21,2026.07,0,0,0.0000
2177,10544.86,2252.37,NaN,NaN,NaN
2178,10308.25,1727.79,NaN,NaN,NaN
2179,10165.59,1764.34,NaN,NaN,NaN
2180,10117.80,2420.95,NaN,NaN,NaN
2181,10316.84,2203.68,0,0,0.0000
2182,10702.64,2328.66,NaN,NaN,NaN
2183,10118.51,1718.61,NaN,NaN,NaN
2184,10188.95,2086.62,NaN,NaN,NaN
2185,10779.21,1994.22,NaN,NaN,NaN
2186,10166.35,2367.17,NaN,NaN,NaN
2187,10583.41,1681.08,0,0,0.0000
2188,10530.22,1845.38,2,6,3.0000
2189,10379.11,1715.86,0,0,0.0000
2190,10457.33,1707.19,0,0,0.0000
2191,10652.34,2310.32,0,0,0.0000
2192,10543.24,1957.93,0,0,0.0000
2193,10637.58,1736.42,0,0,0.0000
2194,10216.79,2278.78,0,0,0.0000
2195,10381.10,2321.02,0,0,0.0000
2196,10274.20,2267.74,0,0,0.0000
2197,10317.88,1877.23,NaN,NaN,NaN
2198,10264.10,2141.86,0,0,0.0000
2199,10736.66,1940.67,NaN,NaN,NaN
2200,10671.87,2132.64,NaN,NaN,NaN
2201,10783.61,2302.79,0,0,0.0000
2202,10237.56,1739.09,NaN,NaN,NaN
2203,10411.64,1764.39,0,0,0.0000
2204,10685.35,2200.53,NaN,NaN,NaN
2205,10159.04,2037.64,0,0,0.0000
2206,10358.81,2040.05,0,0,0.0000
2207,10595.93,2055.80,0,0,0.0000
2208,10712.13,2256.44,5,6,0.0000
2209,10180.08,1949.57,NaN,NaN,NaN
2210,10757.19,2333.31,0,0,0.0000
2211,10660.89,1868.11,0,0,0.0000
2212,10308.45,2087.25,2,6,3.0000
2213,10448.60,1972.18,0,0,0.0000
2214,10510.94,1712.52,NaN,NaN,NaN
2215,10689.39,2407.35,0,0,0.0000
2216,10258.84,2080.29,NaN,NaN,NaN
2217,10579.73,2306.76,3,4,0.0000
2218,11599.67,2373.67,NaN,NaN,NaN
2219,11645.02,2350.52,0,0,0.0000
2220,12038.99,2288.04,NaN,NaN,NaN
2221,12044.31,2186.89,NaN,NaN,NaN
2222,11927.72,2323.25,0,0,0.0000
2223,12290.41,2412.35,0,0,0.0000
2224,11787.39,2050.71,NaN,NaN,NaN
2225,11891.62,2216.81,NaN,NaN,NaN
2226,12407.49,2352.27,0,0,0.0000
2227,11878.76,2419.09,0,0,0.0000
2228,11781.73,2189.41,NaN,NaN,NaN
2229,12152.82,2274.94,0,0,0.0000
2230,11895.10,2141.97,NaN,NaN,NaN
2231,12143.77,2430.19,0,0,0.0000
2232,11813.77,2358.78,0,0,0.0000
2233,12173.47,2359.00,0,0,0.0000
2234,12241.25,2195.56,2,4,2.0000
2235,11958.26,2160.67,0,0,0.0000
2236,12342.05,2319.01,0,0,0.0000
2237,12153.39,2101.29,NaN,NaN,NaN
2238,12366.15,2406.58,NaN,NaN,NaN
2239,11839.03,2273.37,NaN,NaN,NaN
2240,11708.35,2395.59,0,0,0.0000
2241,11657.01,2395.29,NaN,NaN,NaN
2242,11886.09,2062.33,NaN,NaN,NaN
2243,11838.77,2160.46,NaN,NaN,NaN
2244,12056.25,2379.07,0,0,0.0000
2245,11701.52,2329.25,0,0,0.0000
2246,11663.00,2307.16,0,0,0.0000
2247,12195.05,2166.49,2,8,4.0000
2248,11774.57,2269.80,0,0,0.0000
2249,11742.44,2356.96,0,0,0.0000
2250,11713.72,2257.86,0,0,0.0000
2251,11754.45,2001.31,0,0,0.0000
2252,12295.70,2197.49,0,0,0.0000
2253,11758.98,2101.25,0,0,0.0000
2254,12212.81,2079.84,0,0,0.0000
2255,11851.84,1936.31,0,0,0.0000
2256,12095.50,2342.79,0,0,0.0000
2257,11929.37,2073.56,0,0,0.0000
2258,12230.90,2418.15,0,0,0.0000
2259,12864.18,2183.09,4,8,2.0000
2260,13001.16,2415.76,NaN,NaN,NaN
2261,12851.53,1856.79,NaN,NaN,NaN
2262,12936.29,2216.83,0,0,0.0000
2263,13087.82,1817.10,2,6,3.0000
2264,13008.84,1821.60,NaN,NaN,NaN
2265,12757.98,1996.81,NaN,NaN,NaN
2266,12808.20,1676.86,NaN,NaN,NaN
2267,13057.88,2321.96,NaN,NaN,NaN
2268,13015.19,2083.56,0,0,0.0000
2269,13063.52,1676.31,NaN,NaN,NaN
2270,13075.72,2213.66,NaN,NaN,NaN
2271,12781.83,1922.83,NaN,NaN,NaN
2272,13155.31,2066.26,3,6,2.0000
2273,12486.20,2431.38,NaN,NaN,NaN
2274,12898.75,2030.84,NaN,NaN,NaN
2275,12778.99,2122.13,NaN,NaN,NaN
2276,13181.90,2374.84,NaN,NaN,NaN
2277,12828.72,2033.74,3,3,0.0000
2278,13038.78,1947.10,NaN,NaN,NaN
2279,13135.64,1998.67,2,5,2.5000
2280,12943.84,1735.19,NaN,NaN,NaN
2281,13077.88,2396.50,NaN,NaN,NaN
2282,12502.72,2374.56,NaN,NaN,NaN
2283,12945.93,1875.97,NaN,NaN,NaN
2284,12742.50,1703.06,NaN,NaN,NaN
2285,13131.38,1743.32,0,0,0.0000
2286,13158.03,2154.09,NaN,NaN,NaN
2287,12959.33,2073.47,NaN,NaN,NaN
2288,12902.38,1790.29,NaN,NaN,NaN
2289,12886.39,2364.03,0,0,0.0000
2290,12826.11,1766.11,NaN,NaN,NaN
2291,12872.41,2310.00,NaN,NaN,NaN
2292,12867.33,1947.03,NaN,NaN,NaN
2293,13113.98,1911.08,NaN,NaN,NaN
2294,13097.13,2150.58,2,4,2.0000
2295,13147.44,2279.10,NaN,NaN,NaN
2296,12887.58,1706.98,NaN,NaN,NaN
2297,12770.68,2187.00,NaN,NaN,NaN
2298,13027.60,1720.08,0,0,0.0000
2299,13065.99,1904.63,NaN,NaN,NaN
2300,13060.95,2131.04,NaN,NaN,NaN
2301,12989.41,1936.77,0,0,0.0000
2302,13012.87,2160.78,NaN,NaN,NaN
2303,12971.65,1959.78,0,0,0.0000
2304,13497.16,2076.80,NaN,NaN,NaN
2305,13369.50,2330.49,NaN,NaN,NaN
2306,13228.08,2097.59,0,0,0.0000
2307,13446.72,2299.96,NaN,NaN,NaN
2308,13185.18,2214.80,0,0,0.0000
2309,13234.73,2338.88,0,0,0.0000
2310,13362.02,2239.87,NaN,NaN,NaN
2311,13197.68,1724.88,NaN,NaN,NaN
2312,13484.66,2137.76,NaN,NaN,NaN
2313,13423.26,2209.89,6,11,0.0000
2314,13367.33,2420.31,0,0,0.0000
2315,13416.18,2408.49,0,0,0.0000
2316,13340.40,2194.88,0,0,0.0000
2317,13269.26,2291.35,NaN,NaN,NaN
2318,13488.93,2266.44,NaN,NaN,NaN
2319,13244.14,1777.11,0,0,0.0000
2320,13305.34,2035.86,NaN,NaN,NaN
2321,13452.66,1941.71,NaN,NaN,NaN
2322,13482.54,1971.61,NaN,NaN,NaN
2323,13947.07,2354.54,0,0,0.0000
2324,13478.67,2399.61,0,0,0.0000
2325,14630.35,1741.98,NaN,NaN,NaN
2326,14670.17,1889.80,NaN,NaN,NaN
2327,14566.09,1750.41,3,5,0.0000
2328,13972.13,2430.68,0,0,0.0000
2329,13995.93,2344.06,0,0,0.0000
2330,14310.25,2401.94,0,0,0.0000
2331,13969.85,2218.32,0,0,0.0000
2332,14001.88,2271.66,NaN,NaN,NaN
2333,14667.90,1672.31,0,0,0.0000
2334,14049.05,2388.40,0,0,0.0000
2335,14017.28,2225.46,0,0,0.0000
2336,14230.74,2397.79,0,0,0.0000
2337,14446.66,2166.55,NaN,NaN,NaN
2338,15481.26,1911.63,NaN,NaN,NaN
2339,15129.81,2380.81,NaN,NaN,NaN
2340,14857.67,1940.99,NaN,NaN,NaN
2341,15258.81,1984.43,NaN,NaN,NaN
2342,15464.35,2232.27,NaN,NaN,NaN
2343,14966.55,1773.76,0,0,0.0000
2344,15106.38,1886.21,NaN,NaN,NaN
2345,14766.12,1864.89,2,5,2.5000
2346,15222.63,1809.64,NaN,NaN,NaN
2347,14882.07,1714.25,NaN,NaN,NaN
2348,15241.19,2321.73,0,0,0.0000
2349,15368.48,2338.06,NaN,NaN,NaN
2350,15224.67,2387.42,NaN,NaN,NaN
2351,15311.89,2223.12,0,0,0.0000
2352,14976.56,2026.59,NaN,NaN,NaN
2353,15204.15,2043.71,NaN,NaN,NaN
2354,14989.83,2430.89,NaN,NaN,NaN
2355,14899.14,2209.12,0,0,0.0000
2356,14892.70,2047.23,NaN,NaN,NaN
2357,14881.03,2392.74,2,4,2.0000
2358,15004.13,2189.12,NaN,NaN,NaN
2359,15272.86,1686.52,2,3,0.0000
2360,15215.82,2200.36,0,0,0.0000
2361,15012.22,2325.92,NaN,NaN,NaN
2362,14945.19,2403.91,NaN,NaN,NaN
2363,14730.73,1757.54,NaN,NaN,NaN
2364,15043.48,2012.03,0,0,0.0000
2365,15050.59,1797.43,NaN,NaN,NaN
2366,15059.99,1696.23,2,4,2.0000
2367,14959.12,2114.12,0,0,0.0000
2368,15306.36,1907.12,NaN,NaN,NaN
2369,14821.37,1691.90,0,0,0.0000
2370,15319.62,1801.66,0,0,0.0000
2371,15469.73,2322.50,NaN,NaN,NaN
2372,15148.00,1970.02,0,0,0.0000
2373,15371.92,1996.98,0,0,0.0000
2374,15242.40,2154.57,NaN,NaN,NaN
2375,15305.01,1753.04,NaN,NaN,NaN
2376,15484.87,2116.29,NaN,NaN,NaN
2377,15072.32,2117.80,NaN,NaN,NaN
2378,14781.96,2391.03,NaN,NaN,NaN
2379,15148.51,2232.34,0,0,0.0000
2380,15326.63,2099.02,2,5,2.5000
2381,14794.32,2354.67,NaN,NaN,NaN
2382,14928.10,2290.16,NaN,NaN,NaN
2383,15115.23,2157.94,0,0,0.0000
2384,14888.90,2142.11,3,5,0.0000
2385,15057.93,2247.24,0,0,0.0000
2386,15291.96,2424.23,0,0,0.0000
2387,15084.44,2279.41,NaN,NaN,NaN
2388,15324.35,2008.95,0,0,0.0000
2389,15200.91,1703.55,2,2,0.0000
2390,15335.63,1723.78,2,4,2.0000
2391,15397.41,2119.45,0,0,0.0000
2392,14960.37,2213.66,0,0,0.0000
2393,15175.46,2112.18,0,0,0.0000
2394,15430.48,2022.22,0,0,0.0000
2395,15427.91,2029.88,0,0,0.0000
2396,15414.35,2051.64,0,0,0.0000
2397,16246.46,2423.28,0,0,0.0000
2398,15930.54,1933.11,NaN,NaN,NaN
2399,15600.35,2351.87,0,0,0.0000
2400,16057.16,1732.70,0,0,0.0000
2401,15900.35,2052.65,NaN,NaN,NaN
2402,15630.67,2086.32,2,6,3.0000
2403,15963.58,1843.56,NaN,NaN,NaN
2404,16178.95,1745.83,0,0,0.0000
2405,16239.27,2221.08,NaN,NaN,NaN
2406,15698.01,1719.78,NaN,NaN,NaN
2407,16063.93,2366.67,2,5,2.5000
2408,16137.54,2255.97,2,4,2.0000
2409,16034.16,2253.07,NaN,NaN,NaN
2410,16285.47,1778.26,0,0,0.0000
2411,15947.59,2417.34,NaN,NaN,NaN
2412,15616.00,1795.99,0,0,0.0000
2413,16216.90,1873.81,NaN,NaN,NaN
2414,15584.06,2239.55,NaN,NaN,NaN
2415,16124.28,1841.29,0,0,0.0000
2416,15798.28,2170.88,0,0,0.0000
2417,15766.74,2044.58,0,0,0.0000
2418,16208.27,1991.45,NaN,NaN,NaN
2419,16100.00,1895.12,0,0,0.0000
2420,15776.78,1818.92,2,3,0.0000
2421,15920.36,2212.59,NaN,NaN,NaN
2422,15929.86,2283.64,NaN,NaN,NaN
2423,15588.58,1985.53,NaN,NaN,NaN
2424,15854.39,2323.73,NaN,NaN,NaN
2425,16004.79,2021.54,2,4,2.0000
2426,15835.46,1897.92,0,0,0.0000
2427,15724.84,2309.93,NaN,NaN,NaN
2428,15720.50,2221.50,NaN,NaN,NaN
2429,15836.40,2249.02,NaN,NaN,NaN
2430,15934.23,1769.12,0,0,0.0000
2431,16084.09,2126.73,NaN,NaN,NaN
2432,15895.53,2379.89,0,0,0.0000
2433,16166.71,2372.42,0,0,0.0000
2434,16136.98,2023.07,0,0,0.0000
2435,15941.90,2147.50,3,4,0.0000
2436,15645.65,2000.56,0,0,0.0000
2437,15719.91,1832.56,0,0,0.0000
2438,15986.68,2308.84,0,0,0.0000
2439,15611.15,1913.35,NaN,NaN,NaN
2440,15723.44,2401.21,0,0,0.0000
2441,15859.82,2143.77,0,0,0.0000
2442,15993.11,1682.94,0,0,0.0000
2443,16342.67,2014.37,0,0,0.0000
2444,15620.77,1714.06,0,0,0.0000
2445,16083.64,2030.39,2,6,3.0000
2446,15802.78,2391.72,4,5,0.0000
2447,15833.41,1832.42,NaN,NaN,NaN
2448,15830.04,1959.96,0,0,0.0000
2449,15654.92,2242.18,0,0,0.0000
2450,16065.58,1924.67,2,7,3.5000
2451,15881.56,1875.50,0,0,0.0000
2452,15849.22,1804.06,NaN,NaN,NaN
2453,15800.77,2301.80,2,2,0.0000
2454,15513.37,1677.89,0,0,0.0000
2455,15511.31,1673.00,0,0,0.0000
2456,497.50,3151.30,6,6,0.0000
2457,554.60,3077.86,2,5,2.5000
2458,448.12,3055.09,NaN,NaN,NaN
2459,621.31,3168.70,0,0,0.0000
2460,408.08,2974.57,2,2,0.0000
2461,576.57,2956.55,2,4,2.0000
2462,625.42,3095.07,0,0,0.0000
2463,676.23,2775.75,NaN,NaN,NaN
2464,653.11,3030.92,0,0,0.0000
2465,373.11,3108.13,NaN,NaN,NaN
2466,480.81,2953.25,0,0,0.0000
2467,356.79,3170.52,NaN,NaN,NaN
2468,695.48,2935.14,0,0,0.0000
2469,614.86,2804.44,NaN,NaN,NaN
2470,559.16,3016.19,2,4,2.0000
2471,420.41,3161.73,4,6,0.0000
2472,566.72,2807.80,NaN,NaN,NaN
2473,307.50,3162.54,2,2,0.0000
2474,685.79,2835.74,NaN,NaN,NaN
2475,557.73,2843.31,NaN,NaN,NaN
2476,505.91,3013.17,NaN,NaN,NaN
2477,1258.01,3192.23,NaN,NaN,NaN
2478,1147.03,3056.93,NaN,NaN,NaN
2479,1141.23,3146.67,NaN,NaN,NaN
2480,1426.63,3028.87,2,5,2.5000
2481,1473.89,3199.49,0,0,0.0000
2482,1241.52,3037.49,NaN,NaN,NaN
2483,1401.97,3130.35,NaN,NaN,NaN
2484,1314.11,3101.23,3,5,0.0000
2485,1584.00,3121.93,2,2,0.0000
2486,1246.74,2916.56,NaN,NaN,NaN
2487,1323.98,2874.51,NaN,NaN,NaN
2488,1649.96,3180.14,0,0,0.0000
2489,1028.68,3111.65,2,2,0.0000
2490,1350.52,2994.40,NaN,NaN,NaN
2491,1154.02,2929.00,3,4,0.0000
2492,1032.72,3193.60,0,0,0.0000
2493,993.92,3067.22,2,5,2.5000
2494,1484.82,3100.86,NaN,NaN,NaN
2495,1388.74,2939.23,3,1,0.0000
2496,1246.55,2861.91,NaN,NaN,NaN
2497,963.09,2935.90,NaN,NaN,NaN
2498,942.11,3121.56,NaN,NaN,NaN
2499,972.31,2628.42,0,0,0.0000
2500,967.50,2706.85,0,0,0.0000
2501,1031.76,2703.27,2,2,0.0000
2502,1058.28,2667.94,NaN,NaN,NaN
2503,975.81,3004.90,NaN,NaN,NaN
2504,899.93,2607.92,NaN,NaN,NaN
2505,946.66,3045.44,2,2,0.0000
2506,1304.54,2979.60,NaN,NaN,NaN
2507,928.94,2640.52,0,0,0.0000
2508,977.63,3139.00,0,0,0.0000
2509,1178.23,2976.47,0,0,0.0000
2510,2370.12,2873.49,NaN,NaN,NaN
2511,2337.95,3045.94,NaN,NaN,NaN
2512,2417.09,3071.93,NaN,NaN,NaN
2513,2286.06,2506.78,NaN,NaN,NaN
2514,1677.50,3124.15,NaN,NaN,NaN
2515,2299.99,2802.82,NaN,NaN,NaN
2516,2201.40,2785.77,3,6,2.0000
2517,2242.89,2879.42,0,0,0.0000
2518,2090.92,2679.45,0,0,0.0000
2519,2199.13,2723.76,0,0,0.0000
2520,2209.56,2452.63,NaN,NaN,NaN
2521,2272.21,2762.25,NaN,NaN,NaN
2522,2194.07,2849.06,0,0,0.0000
2523,2413.83,3193.19,0,0,0.0000
2524,2124.81,2753.77,0,0,0.0000
2525,2369.21,3164.71,0,0,0.0000
2526,2352.92,2558.52,2,3,0.0000
2527,2367.28,2482.23,0,0,0.0000
2528,2397.14,2523.00,NaN,NaN,NaN
2529,2373.45,2575.95,NaN,NaN,NaN
2530,2650.63,3169.79,NaN,NaN,NaN
2531,3129.17,2967.54,4,5,0.0000
2532,3167.45,2692.69,NaN,NaN,NaN
2533,2444.06,2969.82,NaN,NaN,NaN
2534,2652.44,3023.91,NaN,NaN,NaN
2535,3059.23,2896.08,4,6,0.0000
2536,2444.64,2569.84,NaN,NaN,NaN
2537,2710.96,3060.92,0,0,0.0000
2538,2508.79,3048.70,3,4,0.0000
2539,2785.01,2920.85,NaN,NaN,NaN
2540,2761.17,2969.59,NaN,NaN,NaN
2541,2496.73,3187.89,2,2,0.0000
2542,2523.96,3125.21,NaN,NaN,NaN
2543,2454.09,3130.43,NaN,NaN,NaN
2544,2837.86,3090.95,NaN,NaN,NaN
2545,2682.30,2943.00,NaN,NaN,NaN
2546,2819.21,3015.49,NaN,NaN,NaN
2547,2826.95,3055.23,0,0,0.0000
2548,2816.00,2976.89,2,2,0.0000
2549,2547.67,3179.41,NaN,NaN,NaN
2550,2487.62,2620.07,0,0,0.0000
2551,3198.70,2631.24,0,0,0.0000
2552,3323.80,3099.92,0,0,0.0000
2553,3577.05,2926.99,5,5,0.0000
2554,3473.12,2764.62,NaN,NaN,NaN
2555,3547.50,3174.51,NaN,NaN,NaN
2556,3544.29,3048.66,0,0,0.0000
2557,3259.27,2601.79,0,0,0.0000
2558,3390.60,2865.14,NaN,NaN,NaN
2559,3336.17,2878.42,0,0,0.0000
2560,3314.61,3013.80,0,0,0.0000
2561,3617.98,3015.01,NaN,NaN,NaN
2562,3597.52,3159.41,0,0,0.0000
2563,3333.89,2628.02,2,3,0.0000
2564,3443.96,2932.40,2,3,0.0000
2565,3640.80,3059.79,0,0,0.0000
2566,3503.97,2884.04,NaN,NaN,NaN
2567,3240.34,2663.76,2,2,0.0000
2568,3309.77,2800.04,NaN,NaN,NaN
2569,3392.00,3041.66,NaN,NaN,NaN
2570,3261.69,2809.21,2,1,0.0000
2571,3384.80,2933.01,2,4,2.0000
2572,3469.59,3043.92,NaN,NaN,NaN
2573,3561.44,2819.57,0,0,0.0000
2574,3416.52,2989.41,NaN,NaN,NaN
2575,3453.34,2874.48,NaN,NaN,NaN
2576,3589.02,3106.69,2,3,0.0000
2577,3945.55,2540.14,2,2,0.0000
2578,3462.46,2680.68,0,0,0.0000
2579,4519.68,3126.99,2,0,0.0000
2580,4544.75,2527.72,2,6,3.0000
2581,4603.11,2799.85,NaN,NaN,NaN
2582,4401.50,3026.78,NaN,NaN,NaN
2583,4277.55,2529.72,NaN,NaN,NaN
2584,4137.24,2591.10,NaN,NaN,NaN
2585,4215.79,2792.83,0,0,0.0000
2586,4382.60,2907.84,3,2,0.0000
2587,4426.72,2747.33,NaN,NaN,NaN
2588,4496.83,2957.15,NaN,NaN,NaN
2589,4319.82,2823.30,NaN,NaN,NaN
2590,4300.36,2624.54,NaN,NaN,NaN
2591,4707.21,2874.15,NaN,NaN,NaN
2592,4422.18,3169.84,NaN,NaN,NaN
2593,4035.44,2475.96,2,5,2.5000
2594,4220.60,2621.89,0,0,0.0000
2595,4371.57,2816.72,0,0,0.0000
2596,4346.23,3070.82,NaN,NaN,NaN
2597,4143.92,2933.90,0,0,0.0000
2598,4255.88,3085.01,NaN,NaN,NaN
2599,4170.77,3038.78,NaN,NaN,NaN
2600,4267.53,2765.42,NaN,NaN,NaN
2601,4611.09,2583.34,NaN,NaN,NaN
2602,4437.58,2485.02,0,0,0.0000
2603,4263.83,2991.70,2,7,3.5000
2604,4134.20,2503.79,NaN,NaN,NaN
2605,4094.32,2440.46,2,5,2.5000
2606,4178.77,2869.03,0,0,0.0000
2607,4548.08,2858.63,NaN,NaN,NaN
2608,4558.56,3002.50,NaN,NaN,NaN
2609,4247.90,2896.61,NaN,NaN,NaN
2610,4356.69,2703.69,2,7,3.5000
2611,4298.81,2714.96,NaN,NaN,NaN
2612,4627.25,2902.64,0,0,0.0000
2613,4591.39,2717.82,2,5,2.5000
2614,4602.55,3170.95,2,5,2.5000
2615,4643.42,2993.98,NaN,NaN,NaN
2616,4565.42,2632.14,0,0,0.0000
2617,4597.11,2953.39,2,3,0.0000
2618,4377.68,2628.18,NaN,NaN,NaN
2619,4389.95,2541.40,0,0,0.0000
2620,4363.16,2471.79,NaN,NaN,NaN
2621,4041.07,2556.57,0,0,0.0000
2622,4428.12,2627.92,NaN,NaN,NaN
2623,4194.95,2928.54,2,6,3.0000
2624,4567.61,2902.74,NaN,NaN,NaN
2625,4506.54,2727.68,NaN,NaN,NaN
2626,4493.14,2451.83,3,7,2.3333
2627,4707.12,3144.82,NaN,NaN,NaN
2628,4173.75,2665.84,NaN,NaN,NaN
2629,4663.78,3044.81,NaN,NaN,NaN
2630,4722.03,3113.58,NaN,NaN,NaN
2631,4218.50,2712.89,0,0,0.0000
2632,4214.06,2471.51,NaN,NaN,NaN
2633,4440.86,2690.83,NaN,NaN,NaN
2634,4666.73,2740.32,2,6,3.0000
2635,4205.75,3141.17,2,5,2.5000
2636,4366.23,2497.91,NaN,NaN,NaN
2637,4511.25,3032.58,NaN,NaN,NaN
2638,4500.34,2775.99,0,0,0.0000
2639,4635.97,2676.90,0,0,0.0000
2640,4651.93,2952.75,NaN,NaN,NaN
2641,4606.71,3068.46,0,0,0.0000
2642,4457.91,2868.29,0,0,0.0000
2643,4447.86,2814.63,0,0,0.0000
2644,4160.63,2700.51,NaN,NaN,NaN
2645,4462.20,2597.60,0,0,0.0000
2646,4439.00,2543.02,0,0,0.0000
2647,5035.54,2462.09,2,0,0.0000
2648,5101.16,2640.04,2,3,0.0000
2649,5019.16,2712.27,2,4,2.0000
2650,4936.23,2466.84,4,4,0.0000
2651,5450.17,2630.00,NaN,NaN,NaN
2652,4909.60,2527.81,NaN,NaN,NaN
2653,4742.99,3077.58,NaN,NaN,NaN
2654,5500.95,2485.50,NaN,NaN,NaN
2655,4958.40,2608.63,NaN,NaN,NaN
2656,4970.77,2533.99,NaN,NaN,NaN
2657,5455.51,2535.05,2,4,2.0000
2658,5408.60,2450.25,3,5,0.0000
2659,5393.67,2598.26,NaN,NaN,NaN
2660,4796.80,3154.83,NaN,NaN,NaN
2661,5418.76,2676.97,NaN,NaN,NaN
2662,5135.96,2733.32,0,0,0.0000
2663,5472.18,2581.30,NaN,NaN,NaN
2664,4851.26,2510.07,2,4,2.0000
2665,5465.98,2451.60,NaN,NaN,NaN
2666,5121.75,2764.92,2,4,2.0000
2667,5010.67,2550.97,0,0,0.0000
2668,4957.02,2675.47,0,0,0.0000
2669,5060.34,2572.56,0,0,0.0000
2670,5026.90,2595.50,NaN,NaN,NaN
2671,5058.16,2766.94,0,0,0.0000
2672,4796.51,2503.25,0,0,0.0000
2673,4743.53,2956.06,2,2,0.0000
2674,5412.81,2515.58,NaN,NaN,NaN
2675,4861.92,2448.66,2,3,0.0000
2676,4781.30,3090.36,3,1,0.0000
2677,4918.99,2587.46,NaN,NaN,NaN
2678,6163.55,2841.47,NaN,NaN,NaN
2679,6044.11,2776.92,0,0,0.0000
2680,6058.77,2689.56,NaN,NaN,NaN
2681,5860.12,2879.35,0,0,0.0000
2682,5948.21,2978.35,2,3,0.0000
2683,6095.26,3025.04,NaN,NaN,NaN
2684,6237.68,2766.41,0,0,0.0000
2685,5812.35,2621.39,NaN,NaN,NaN
2686,5726.39,2718.65,NaN,NaN,NaN
2687,5927.05,2577.71,NaN,NaN,NaN
2688,5789.83,2827.10,0,0,0.0000
2689,6156.85,2959.18,0,0,0.0000
2690,5755.33,2663.46,NaN,NaN,NaN
2691,5878.87,2978.60,NaN,NaN,NaN
2692,5655.36,2712.36,0,0,0.0000
2693,5669.97,2494.73,0,0,0.0000
2694,5756.29,2785.79,0,0,0.0000
2695,5934.47,3169.43,0,0,0.0000
2696,5988.58,3108.44,NaN,NaN,NaN
2697,6145.04,3055.77,0,0,0.0000
2698,5807.61,2716.03,0,0,0.0000
2699,6038.34,3100.36,NaN,NaN,NaN
2700,6059.63,2927.86,0,0,0.0000
2701,5773.06,2480.94,NaN,NaN,NaN
2702,5550.79,2445.54,0,0,0.0000
2703,5644.43,2450.28,0,0,0.0000
2704,5544.81,2524.37,0,0,0.0000
2705,5702.17,2622.85,0,0,0.0000
2706,6023.76,2982.02,2,4,2.0000
2707,6181.29,3169.84,0,0,0.0000
2708,6073.96,2488.50,0,0,0.0000
2709,5980.04,2503.58,0,0,0.0000
2710,5945.92,3087.66,NaN,NaN,NaN
2711,6259.40,2985.04,NaN,NaN,NaN
2712,5893.27,2493.26,0,0,0.0000
2713,6215.46,3114.63,2,4,2.0000
2714,5520.06,2634.51,0,0,0.0000
2715,5894.58,3092.14,0,0,0.0000
2716,6029.02,2925.95,0,0,0.0000
2717,5989.98,3185.28,3,4,0.0000
2718,6118.39,3196.20,0,0,0.0000
2719,6165.89,2556.33,3,6,2.0000
2720,5907.27,2953.79,0,0,0.0000
2721,5517.53,2573.15,NaN,NaN,NaN
2722,6078.72,2578.69,0,0,0.0000
2723,6233.22,2536.51,NaN,NaN,NaN
2724,5998.37,3019.27,NaN,NaN,NaN
2725,6124.62,2733.29,0,0,0.0000
2726,6101.82,2896.73,0,0,0.0000
2727,6189.20,3023.93,NaN,NaN,NaN
2728,5588.44,2479.58,0,0,0.0000
2729,5550.52,2687.18,NaN,NaN,NaN
2730,5915.36,2879.66,NaN,NaN,NaN
2731,6186.36,2925.34,0,0,0.0000
2732,5946.99,2801.06,0,0,0.0000
2733,6227.93,3188.79,0,0,0.0000
2734,6168.23,2698.81,0,0,0.0000
2735,5896.39,3189.59,NaN,NaN,NaN
2736,6680.87,2566.77,NaN,NaN,NaN
2737,6481.02,3103.41,0,0,0.0000
2738,6912.14,2949.10,0,0,0.0000
2739,6930.04,2706.71,3,3,0.0000
2740,6839.87,2633.45,NaN,NaN,NaN
2741,7028.36,2915.81,2,5,2.5000
2742,6910.09,3158.66,NaN,NaN,NaN
2743,6671.06,2889.85,3,7,2.3333
2744,6384.35,2602.39,0,0,0.0000
2745,6719.54,3135.21,NaN,NaN,NaN
2746,6304.98,3156.98,NaN,NaN,NaN
2747,7009.03,3168.84,2,3,0.0000
2748,6787.08,2864.12,3,4,0.0000
2749,6324.50,2877.52,NaN,NaN,NaN
2750,6724.01,2997.79,NaN,NaN,NaN
2751,6969.35,3026.64,0,0,0.0000
2752,6822.58,3000.87,0,0,0.0000
2753,6399.18,3135.58,0,0,0.0000
2754,6567.96,2897.55,NaN,NaN,NaN
2755,6608.16,3129.25,NaN,NaN,NaN
2756,6695.60,2763.77,NaN,NaN,NaN
2757,6813.89,2791.44,0,0,0.0000
2758,6578.68,3046.97,0,0,0.0000
2759,6827.01,3152.93,0,0,0.0000
2760,6385.48,2935.76,NaN,NaN,NaN
2761,6474.98,2634.38,0,0,0.0000
2762,6477.03,2845.64,2,3,0.0000
2763,6944.16,2540.46,2,5,2.5000
2764,6461.16,2716.14,NaN,NaN,NaN
2765,6859.44,2838.07,NaN,NaN,NaN
2766,6758.75,2757.88,2,5,2.5000
2767,6526.38,2597.78,0,0,0.0000
2768,6288.86,2825.88,3,4,0.0000
2769,6286.75,3066.35,2,2,0.0000
2770,6577.14,2703.37,NaN,NaN,NaN
2771,6808.85,3076.01,2,4,2.0000
2772,6557.07,2965.80,0,0,0.0000
2773,6846.92,2504.83,NaN,NaN,NaN
2774,6516.60,2701.23,NaN,NaN,NaN
2775,6978.87,2490.94,NaN,NaN,NaN
2776,7036.60,3106.94,0,0,0.0000
2777,6723.58,2630.62,0,0,0.0000
2778,6758.34,3048.60,NaN,NaN,NaN
2779,6410.26,3033.81,NaN,NaN,NaN
2780,6584.41,2653.46,0,0,0.0000
2781,6341.50,2748.14,0,0,0.0000
2782,6512.07,2770.49,2,5,2.5000
2783,6380.14,2722.69,0,0,0.0000
2784,6345.33,2985.63,NaN,NaN,NaN
2785,6945.91,2817.75,0,0,0.0000
2786,6385.28,2794.21,0,0,0.0000
2787,6852.19,3082.11,NaN,NaN,NaN
2788,6795.61,2924.68,0,0,0.0000
2789,6981.53,3102.65,0,0,0.0000
2790,6938.55,3085.17,0,0,0.0000
2791,7335.56,2568.04,0,0,0.0000
2792,7782.95,2753.04,NaN,NaN,NaN
2793,7139.83,2928.32,0,0,0.0000
2794,7110.95,2811.63,3,8,2.6667
2795,7593.67,2814.58,NaN,NaN,NaN
2796,7490.55,2510.94,2,6,3.0000
2797,7499.04,3043.49,NaN,NaN,NaN
2798,7137.55,2644.10,NaN,NaN,NaN
2799,7649.49,3027.42,NaN,NaN,NaN
2800,7355.27,2864.29,2,4,2.0000
2801,7624.99,2569.58,NaN,NaN,NaN
2802,7199.18,3083.25,NaN,NaN,NaN
2803,7752.20,2585.95,0,0,0.0000
2804,7161.09,2503.86,NaN,NaN,NaN
2805,7047.19,3014.46,0,0,0.0000
2806,7462.46,2917.42,NaN,NaN,NaN
2807,7290.42,2871.14,2,5,2.5000
2808,7589.71,2472.18,0,0,0.0000
2809,7348.56,2959.40,NaN,NaN,NaN
2810,7163.50,3177.31,0,0,0.0000
2811,7525.90,2653.92,2,3,0.0000
2812,7358.76,2471.64,NaN,NaN,NaN
2813,7711.82,2664.95,0,0,0.0000
2814,7467.79,2727.74,NaN,NaN,NaN
2815,7493.36,2862.94,NaN,NaN,NaN
2816,7651.45,2485.62,3,4,0.0000
2817,7527.79,3183.84,0,0,0.0000
2818,7202.90,2575.87,NaN,NaN,NaN
2819,7103.27,3077.94,2,3,0.0000
2820,7079.38,3167.10,NaN,NaN,NaN
2821,7276.03,2985.55,0,0,0.0000
2822,7095.91,2454.54,NaN,NaN,NaN
2823,7666.10,2753.10,NaN,NaN,NaN
2824,7228.24,2840.16,NaN,NaN,NaN
2825,7071.00,2593.90,NaN,NaN,NaN
2826,7315.76,3082.70,NaN,NaN,NaN
2827,7548.95,3095.61,0,0,0.0000
2828,7632.57,2725.23,NaN,NaN,NaN
2829,7596.22,2662.30,2,6,3.0000
2830,7233.32,2927.76,0,0,0.0000
2831,7064.81,2505.08,NaN,NaN,NaN
2832,7577.84,3036.27,0,0,0.0000
2833,7686.71,2979.77,NaN,NaN,NaN
2834,7709.89,2513.56,0,0,0.0000
2835,7422.92,2987.49,0,0,0.0000
2836,7062.31,2544.84,4,5,0.0000
2837,7456.10,2662.82,NaN,NaN,NaN
2838,7203.27,2746.34,NaN,NaN,NaN
2839,7565.81,3141.18,NaN,NaN,NaN
2840,7575.60,2923.76,NaN,NaN,NaN
2841,7176.73,3007.07,0,0,0.0000
2842,7304.67,2446.85,NaN,NaN,NaN
2843,7321.86,3035.16,NaN,NaN,NaN
2844,7226.42,2792.52,NaN,NaN,NaN
2845,7393.65,3051.90,NaN,NaN,NaN
2846,7139.91,3100.28,NaN,NaN,NaN
2847,7716.50,2445.33,0,0,0.0000
2848,7691.28,2721.86,NaN,NaN,NaN
2849,7675.21,2841.11,0,0,0.0000
2850,7748.25,2997.79,0,0,0.0000
2851,7748.93,2496.06,0,0,0.0000
2852,7127.99,3021.66,0,0,0.0000
2853,7178.86,2542.46,NaN,NaN,NaN
2854,7125.96,3135.71,0,0,0.0000
2855,7894.33,2527.79,0,0,0.0000
2856,7838.38,2604.84,NaN,NaN,NaN
2857,7881.16,2442.05,NaN,NaN,NaN
2858,7929.97,2586.30,0,0,0.0000
2859,9335.11,2967.24,NaN,NaN,NaN
2860,10003.10,3186.18,2,6,3.0000
2861,9997.54,3091.15,NaN,NaN,NaN
2862,10090.01,2715.99,NaN,NaN,NaN
2863,10107.41,2812.63,2,3,0.0000
2864,10055.94,2649.34,3,8,2.6667
2865,10072.08,3157.66,NaN,NaN,NaN
2866,9982.73,2726.95,NaN,NaN,NaN
2867,10040.13,2999.63,NaN,NaN,NaN
2868,9449.87,3113.64,NaN,NaN,NaN
2869,9372.90,3041.55,0,0,0.0000
2870,9465.81,2886.36,NaN,NaN,NaN
2871,9495.50,3192.03,NaN,NaN,NaN
2872,9443.88,3039.18,0,0,0.0000
2873,9480.42,3001.79,NaN,NaN,NaN
2874,9944.23,3007.19,NaN,NaN,NaN
2875,9430.51,2962.49,NaN,NaN,NaN
2876,10108.79,3093.89,NaN,NaN,NaN
2877,9970.14,2823.40,0,0,0.0000
2878,9895.19,3098.46,NaN,NaN,NaN
2879,9989.10,2927.93,0,0,0.0000
2880,9529.54,3104.50,2,1,0.0000
2881,9504.81,3131.44,NaN,NaN,NaN
2882,9370.45,2885.96,0,0,0.0000
2883,9441.53,3177.88,NaN,NaN,NaN
2884,9383.21,2926.05,0,0,0.0000
2885,9932.36,2817.98,0,0,0.0000
2886,9382.15,3117.36,0,0,0.0000
2887,10548.51,2495.63,NaN,NaN,NaN
2888,10469.65,2811.26,3,5,0.0000
2889,10625.10,3161.26,NaN,NaN,NaN
2890,10607.39,2626.52,0,0,0.0000
2891,10178.90,2920.09,2,5,2.5000
2892,10430.17,2707.95,0,0,0.0000
2893,10657.20,3000.53,NaN,NaN,NaN
2894,10664.90,3079.76,0,0,0.0000
2895,10821.04,3089.97,2,6,3.0000
2896,10221.20,2708.98,0,0,0.0000
2897,10288.08,2952.27,NaN,NaN,NaN
2898,10554.74,2861.88,NaN,NaN,NaN
2899,10473.20,3131.35,NaN,NaN,NaN
2900,10240.48,2603.33,NaN,NaN,NaN
2901,10728.43,3164.08,NaN,NaN,NaN
2902,10284.88,2534.93,3,9,3.0000
2903,10472.22,2618.06,2,2,0.0000
2904,10834.00,2826.59,NaN,NaN,NaN
2905,10737.37,2986.78,3,7,2.3333
2906,10359.54,2758.09,2,4,2.0000
2907,10287.09,3187.41,NaN,NaN,NaN
2908,10493.46,2946.28,3,4,0.0000
2909,10304.91,2819.71,NaN,NaN,NaN
2910,10876.35,3018.67,3,6,2.0000
2911,10403.33,2621.17,0,0,0.0000
2912,10262.30,3072.29,2,3,0.0000
2913,10351.72,2587.76,0,0,0.0000
2914,10665.21,2730.24,0,0,0.0000
2915,10550.77,3034.86,2,6,3.0000
2916,10457.49,3050.21,NaN,NaN,NaN
2917,10237.55,2843.94,NaN,NaN,NaN
2918,10114.06,3006.53,2,5,2.5000
2919,10759.87,3085.71,NaN,NaN,NaN
2920,10361.82,2973.80,0,0,0.0000
2921,10323.44,3096.31,NaN,NaN,NaN
2922,10168.05,2560.48,3,5,0.0000
2923,10264.75,2435.72,2,4,2.0000
2924,10505.45,2715.84,0,0,0.0000
2925,10656.16,2855.15,NaN,NaN,NaN
2926,10421.10,2949.29,0,0,0.0000
2927,10763.90,2726.27,NaN,NaN,NaN
2928,10113.86,2528.87,NaN,NaN,NaN
2929,10842.39,2741.97,2,5,2.5000
2930,10349.03,2442.30,NaN,NaN,NaN
2931,10776.14,2962.15,3,4,0.0000
2932,10124.50,2631.73,0,0,0.0000
2933,10300.63,2686.06,2,3,0.0000
2934,10462.45,2893.90,0,0,0.0000
2935,10232.03,3024.74,0,0,0.0000
2936,10174.73,2791.55,0,0,0.0000
2937,10470.84,3195.73,0,0,0.0000
2938,10223.84,3144.66,NaN,NaN,NaN
2939,10593.86,2962.19,0,0,0.0000
2940,10369.65,3160.29,2,2,0.0000
2941,10510.39,3091.26,3,9,3.0000
2942,10324.03,2876.95,NaN,NaN,NaN
2943,10488.70,3014.82,2,9,4.5000
2944,11588.92,3177.23,NaN,NaN,NaN
2945,11597.87,2458.34,NaN,NaN,NaN
2946,10915.44,2975.39,0,0,0.0000
2947,11638.25,2530.78,0,0,0.0000
2948,10940.91,3084.09,0,0,0.0000
2949,10901.15,3113.58,NaN,NaN,NaN
2950,11624.76,3071.88,0,0,0.0000
2951,10915.96,2769.52,2,2,0.0000
2952,10883.31,3190.44,NaN,NaN,NaN
2953,10989.75,3069.25,NaN,NaN,NaN
2954,10889.63,2630.74,0,0,0.0000
2955,11788.82,2672.37,NaN,NaN,NaN
2956,11947.52,2697.92,0,0,0.0000
2957,12184.18,2816.30,2,7,3.5000
2958,12359.02,2936.96,0,0,0.0000
2959,12018.04,2442.87,0,0,0.0000
2960,12042.49,3054.34,NaN,NaN,NaN
2961,12224.70,2499.08,0,0,0.0000
2962,11744.62,3056.76,NaN,NaN,NaN
2963,11813.60,2788.32,0,0,0.0000
2964,11727.40,2890.36,0,0,0.0000
2965,11778.49,2436.85,NaN,NaN,NaN
2966,12124.20,2658.19,2,3,0.0000
2967,11658.82,3158.81,NaN,NaN,NaN
2968,12341.81,2752.16,NaN,NaN,NaN
2969,11722.98,2736.61,0,0,0.0000
2970,12007.92,2535.81,NaN,NaN,NaN
2971,12254.66,3024.61,2,5,2.5000
2972,12023.00,2772.36,NaN,NaN,NaN
2973,12407.88,3040.48,0,0,0.0000
2974,11719.75,2556.19,NaN,NaN,NaN
2975,11984.04,2857.19,NaN,NaN,NaN
2976,12260.89,2760.41,NaN,NaN,NaN
2977,12149.86,2961.85,NaN,NaN,NaN
2978,11916.73,2488.38,NaN,NaN,NaN
2979,11890.24,2589.55,0,0,0.0000
2980,12359.23,2481.05,NaN,NaN,NaN
2981,11813.48,2943.16,NaN,NaN,NaN
2982,11893.50,2994.19,NaN,NaN,NaN
2983,12327.15,3037.26,0,0,0.0000
2984,12158.43,3123.21,0,0,0.0000
2985,12081.09,3110.08,NaN,NaN,NaN
2986,11735.41,2990.91,0,0,0.0000
2987,12349.81,3133.82,0,0,0.0000
2988,12242.87,3104.32,0,0,0.0000
2989,12199.24,2925.74,NaN,NaN,NaN
2990,11878.28,2920.86,0,0,0.0000
2991,11692.26,2473.13,NaN,NaN,NaN
2992,12365.64,2684.00,0,0,0.0000
2993,12063.74,2874.41,2,3,0.0000
2994,11873.63,3099.48,2,3,0.0000
2995,11733.61,2820.17,0,0,0.0000
2996,11988.08,3008.35,0,0,0.0000
2997,12129.29,2522.92,NaN,NaN,NaN
2998,12257.87,2590.17,NaN,NaN,NaN
2999,12375.30,2530.26,0,0,0.0000
3000,11931.23,3047.54,NaN,NaN,NaN
3001,11898.53,3154.38,0,0,0.0000
3002,12004.09,3190.84,0,0,0.0000
3003,11678.96,2768.33,0,0,0.0000
3004,12036.04,2613.43,NaN,NaN,NaN
3005,11978.37,2908.80,NaN,NaN,NaN
3006,11781.47,2598.92,0,0,0.0000
3007,12073.20,2939.73,0,0,0.0000
3008,12266.67,2915.22,NaN,NaN,NaN
3009,11873.26,2858.95,0,0,0.0000
3010,12305.92,2831.57,NaN,NaN,NaN
3011,11964.80,3086.97,NaN,NaN,NaN
3012,12008.72,2951.89,NaN,NaN,NaN
3013,11815.04,3123.71,NaN,NaN,NaN
3014,11795.43,2532.27,0,0,0.0000
3015,11849.98,2535.51,0,0,0.0000
3016,12078.94,3198.11,0,0,0.0000
3017,12310.18,2650.02,NaN,NaN,NaN
3018,12090.39,2984.76,NaN,NaN,NaN
3019,11960.89,3140.82,3,6,2.0000
3020,12198.58,3019.26,NaN,NaN,NaN
3021,11837.46,3040.46,NaN,NaN,NaN
3022,12373.83,2611.60,0,0,0.0000
3023,11763.70,3171.63,2,6,3.0000
3024,11892.50,2797.75,NaN,NaN,NaN
3025,11921.79,2879.50,0,0,0.0000
3026,11920.54,2797.65,2,4,2.0000
3027,11976.09,2591.54,0,0,0.0000
3028,12322.10,2574.55,3,7,2.3333
3029,12362.37,3199.74,0,0,0.0000
3030,12156.28,3050.87,0,0,0.0000
3031,12228.98,3131.43,0,0,0.0000
3032,12195.48,2684.15,NaN,NaN,NaN
3033,12063.10,2652.68,0,0,0.0000
3034,12091.86,2799.60,0,0,0.0000
3035,11757.13,3115.67,0,0,0.0000
3036,12170.90,2582.94,NaN,NaN,NaN
3037,12262.65,3169.41,2,8,4.0000
3038,11705.94,2624.28,NaN,NaN,NaN
3039,12337.85,2605.33,NaN,NaN,NaN
3040,12212.22,2613.09,NaN,NaN,NaN
3041,12444.04,3153.66,NaN,NaN,NaN
3042,12480.29,2821.24,NaN,NaN,NaN
3043,12903.09,2456.89,NaN,NaN,NaN
3044,13102.15,2580.03,0,0,0.0000
3045,12418.88,2863.19,NaN,NaN,NaN
3046,12532.15,3188.47,NaN,NaN,NaN
3047,12592.53,3194.60,0,0,0.0000
3048,12961.41,2580.18,0,0,0.0000
3049,12478.32,2962.01,NaN,NaN,NaN
3050,12564.62,2953.02,0,0,0.0000
3051,12478.62,2661.68,0,0,0.0000
3052,12537.88,3034.96,0,0,0.0000
3053,12441.14,2585.66,NaN,NaN,NaN
3054,13116.77,2451.54,NaN,NaN,NaN
3055,12607.71,3047.99,NaN,NaN,NaN
3056,13101.99,2736.88,NaN,NaN,NaN
3057,13151.80,2516.33,0,0,0.0000
3058,13000.38,2530.47,0,0,0.0000
3059,12597.15,2908.41,0,0,0.0000
3060,12485.06,3056.48,0,0,0.0000
3061,12419.94,2658.68,0,0,0.0000
3062,12540.77,3108.39,NaN,NaN,NaN
3063,13142.57,2672.56,2,1,0.0000
3064,13032.55,2661.38,0,0,0.0000
3065,12688.63,3094.12,3,9,3.0000
3066,12457.74,2523.88,0,0,0.0000
3067,12421.91,2436.24,0,0,0.0000
3068,12672.03,3034.79,NaN,NaN,NaN
3069,13094.26,2659.21,0,0,0.0000
3070,13019.00,2600.04,0,0,0.0000
3071,12642.75,2991.13,0,0,0.0000
3072,12722.50,3184.21,3,5,0.0000
3073,13036.40,2707.20,NaN,NaN,NaN
3074,13454.40,2475.46,NaN,NaN,NaN
3075,13440.66,2569.97,NaN,NaN,NaN
3076,13213.54,2437.80,0,0,0.0000
3077,13361.93,2531.02,NaN,NaN,NaN
3078,13208.37,2486.42,NaN,NaN,NaN
3079,13447.71,2765.55,NaN,NaN,NaN
3080,13285.03,2444.79,NaN,NaN,NaN
3081,13394.78,2626.69,0,0,0.0000
3082,13542.54,2711.31,NaN,NaN,NaN
3083,13380.61,2488.45,NaN,NaN,NaN
3084,13459.72,2633.60,0,0,0.0000
3085,13417.88,2897.75,2,2,0.0000
3086,13399.69,2699.75,2,2,0.0000
3087,13331.96,2464.13,NaN,NaN,NaN
3088,13479.68,2709.97,0,0,0.0000
3089,14661.13,2691.90,2,6,3.0000
3090,14333.36,2508.18,0,0,0.0000
3091,14124.20,2727.14,NaN,NaN,NaN
3092,14001.11,2715.07,NaN,NaN,NaN
3093,14443.30,3142.34,4,5,0.0000
3094,14672.37,2960.86,0,0,0.0000
3095,14589.01,3090.38,NaN,NaN,NaN
3096,14658.20,3051.10,0,0,0.0000
3097,14713.92,3121.11,NaN,NaN,NaN
3098,14059.75,2608.68,2,6,3.0000
3099,14272.76,2626.06,NaN,NaN,NaN
3100,14579.41,2961.18,NaN,NaN,NaN
3101,14051.86,2478.08,0,0,0.0000
3102,14539.92,2920.12,NaN,NaN,NaN
3103,14218.89,2802.18,2,7,3.5000
3104,14013.71,2548.22,NaN,NaN,NaN
3105,14327.18,2751.98,NaN,NaN,NaN
3106,14203.27,2506.15,2,5,2.5000
3107,14590.63,2787.22,NaN,NaN,NaN
3108,14412.40,2540.53,0,0,0.0000
3109,14152.80,2870.59,NaN,NaN,NaN
3110,14492.87,3192.66,NaN,NaN,NaN
3111,14110.41,2896.49,NaN,NaN,NaN
3112,14172.77,2822.25,NaN,NaN,NaN
3113,14325.06,2581.74,0,0,0.0000
3114,14258.86,2545.19,0,0,0.0000
3115,14016.84,2625.73,2,3,0.0000
3116,14341.11,2640.94,0,0,0.0000
3117,14290.43,2453.34,0,0,0.0000
3118,14180.93,2911.39,NaN,NaN,NaN
3119,14293.82,2829.39,NaN,NaN,NaN
3120,14368.86,2704.06,0,0,0.0000
3121,14144.85,2936.94,NaN,NaN,NaN
3122,14650.01,2576.21,0,0,0.0000
3123,14402.64,2499.40,2,3,0.0000
3124,14152.17,2490.82,0,0,0.0000
3125,14294.96,2683.51,NaN,NaN,NaN
3126,15210.68,2816.06,2,4,2.0000
3127,15058.12,2726.05,NaN,NaN,NaN
3128,15175.55,2668.33,4,6,0.0000
3129,15117.06,2882.33,0,0,0.0000
3130,14982.83,2542.75,NaN,NaN,NaN
3131,14893.98,2649.69,NaN,NaN,NaN
3132,14854.76,3057.00,NaN,NaN,NaN
3133,14824.04,3165.32,0,0,0.0000
3134,15349.15,2474.69,NaN,NaN,NaN
3135,14723.90,2498.25,NaN,NaN,NaN
3136,14721.48,2866.35,NaN,NaN,NaN
3137,14989.71,2905.45,NaN,NaN,NaN
3138,15184.54,2523.62,0,0,0.0000
3139,14802.90,2649.56,NaN,NaN,NaN
3140,14998.24,2990.58,NaN,NaN,NaN
3141,15029.91,2500.95,2,2,0.0000
3142,15228.62,2717.67,2,4,2.0000
3143,15084.41,2510.81,NaN,NaN,NaN
3144,15030.99,3198.50,0,0,0.0000
3145,15191.68,2584.74,0,0,0.0000
3146,15284.73,2539.26,NaN,NaN,NaN
3147,14963.29,2627.17,4,5,0.0000
3148,14951.11,3127.40,NaN,NaN,NaN
3149,14773.97,2965.69,0,0,0.0000
3150,14743.52,3054.97,0,0,0.0000
3151,15045.02,3028.61,2,6,3.0000
3152,15162.55,2973.03,NaN,NaN,NaN
3153,15116.38,2618.61,0,0,0.0000
3154,15301.30,2743.98,NaN,NaN,NaN
3155,14859.04,2707.73,2,1,0.0000
3156,15108.10,3015.99,2,4,2.0000
3157,15250.04,2971.59,NaN,NaN,NaN
3158,14740.92,2574.64,NaN,NaN,NaN
3159,15046.51,2860.20,NaN,NaN,NaN
3160,14867.22,2493.27,NaN,NaN,NaN
3161,14965.31,3043.27,4,8,2.0000
3162,15036.97,3110.40,0,0,0.0000
3163,15163.81,3033.90,NaN,NaN,NaN
3164,15099.53,3088.51,0,0,0.0000
3165,14923.55,2902.87,0,0,0.0000
3166,14822.60,2899.76,NaN,NaN,NaN
3167,15022.74,2798.26,NaN,NaN,NaN
3168,15321.98,2688.76,0,0,0.0000
3169,14914.18,3179.57,NaN,NaN,NaN
3170,14954.54,2719.05,NaN,NaN,NaN
3171,14934.10,2583.01,0,0,0.0000
3172,14852.78,2529.73,0,0,0.0000
3173,15137.19,3069.94,0,0,0.0000
3174,14899.21,2752.99,NaN,NaN,NaN
3175,14967.52,2796.64,0,0,0.0000
3176,15215.13,2942.01,NaN,NaN,NaN
3177,15242.19,2895.23,NaN,NaN,NaN
3178,15168.84,3184.34,0,0,0.0000
3179,14963.37,3085.64,NaN,NaN,NaN
3180,15079.28,2959.81,NaN,NaN,NaN
3181,14934.89,2848.79,0,0,0.0000
3182,15080.90,3125.11,0,0,0.0000
3183,15057.42,2603.37,0,0,0.0000
3184,15123.54,2746.93,2,4,2.0000
3185,14981.90,2750.24,NaN,NaN,NaN
3186,14886.22,2814.10,NaN,NaN,NaN
3187,16132.29,2555.27,0,0,0.0000
3188,15755.02,2843.11,NaN,NaN,NaN
3189,15988.10,2789.25,NaN,NaN,NaN
3190,15799.07,2475.17,NaN,NaN,NaN
3191,15873.77,2942.24,NaN,NaN,NaN
3192,16094.63,2755.50,0,0,0.0000
3193,16299.72,2921.21,NaN,NaN,NaN
3194,16056.38,2887.13,NaN,NaN,NaN
3195,15832.23,3157.60,NaN,NaN,NaN
3196,15997.62,3060.33,NaN,NaN,NaN
3197,16209.61,2670.91,NaN,NaN,NaN
3198,15918.77,2864.11,NaN,NaN,NaN
3199,16172.21,2862.52,NaN,NaN,NaN
3200,16286.36,3048.21,2,3,0.0000
3201,16007.59,2581.37,0,0,0.0000
3202,16070.98,3106.53,NaN,NaN,NaN
3203,15837.76,2563.65,NaN,NaN,NaN
3204,15921.17,2540.38,NaN,NaN,NaN
3205,16134.72,3025.03,NaN,NaN,NaN
3206,15987.54,2493.52,0,0,0.0000
3207,16091.55,2661.47,0,0,0.0000
3208,15948.79,2713.06,NaN,NaN,NaN
3209,15699.55,2728.55,NaN,NaN,NaN
3210,16233.13,3102.03,NaN,NaN,NaN
3211,15540.43,2773.88,0,0,0.0000
3212,15761.13,3014.89,NaN,NaN,NaN
3213,15662.72,2444.78,0,0,0.0000
3214,16337.61,2790.44,0,0,0.0000
3215,16299.61,3123.96,0,0,0.0000
3216,15853.74,3070.62,NaN,NaN,NaN
3217,16194.43,3073.39,NaN,NaN,NaN
3218,16354.73,2612.49,0,0,0.0000
3219,15549.06,2663.61,0,0,0.0000
3220,15902.95,3028.53,3,4,0.0000
3221,15901.33,3111.21,3,5,0.0000
3222,16323.69,2725.10,0,0,0.0000
3223,16212.10,3004.69,2,4,2.0000
3224,15963.05,3147.22,0,0,0.0000
3225,16245.50,3168.35,3,7,2.3333
3226,15819.54,3000.59,NaN,NaN,NaN
3227,15597.89,2474.20,0,0,0.0000
3228,15878.95,2745.45,3,3,0.0000
3229,15551.14,2459.51,0,0,0.0000
3230,16194.55,3192.16,NaN,NaN,NaN
3231,16239.65,2907.44,0,0,0.0000
3232,15899.92,2606.93,2,4,2.0000
3233,16192.63,2934.30,0,0,0.0000
3234,15625.97,2565.12,0,0,0.0000
3235,15775.01,2576.98,NaN,NaN,NaN
3236,15732.22,2574.96,NaN,NaN,NaN
3237,15921.95,3195.94,0,0,0.0000
3238,15750.07,2652.38,2,2,0.0000
3239,15855.59,2660.85,NaN,NaN,NaN
3240,15564.47,2567.52,0,0,0.0000
3241,16029.96,2654.25,0,0,0.0000
3242,15627.72,2522.69,0,0,0.0000
3243,16048.22,2459.92,0,0,0.0000
3244,16149.74,2807.99,NaN,NaN,NaN
3245,16172.77,3149.69,2,6,3.0000
3246,15964.74,2629.11,NaN,NaN,NaN
3247,16239.68,2572.98,0,0,0.0000
3248,16130.65,3085.18,NaN,NaN,NaN
3249,16289.70,2612.47,0,0,0.0000
3250,16341.12,3028.59,NaN,NaN,NaN
3251,15680.70,2676.63,2,0,0.0000
3252,15818.93,2678.24,NaN,NaN,NaN
3253,16333.89,2670.45,0,0,0.0000
3254,16248.57,2852.33,NaN,NaN,NaN
3255,523.96,3453.55,NaN,NaN,NaN
3256,788.76,3332.94,2,4,2.0000
3257,434.87,3398.70,0,0,0.0000
3258,742.12,3259.30,0,0,0.0000
3259,881.75,3907.63,3,4,0.0000
3260,580.70,3265.14,NaN,NaN,NaN
3261,77.10,3700.03,NaN,NaN,NaN
3262,183.66,3854.43,NaN,NaN,NaN
3263,691.79,3378.82,2,0,0.0000
3264,664.73,3664.38,NaN,NaN,NaN
3265,64.28,3924.28,NaN,NaN,NaN
3266,686.40,3503.98,NaN,NaN,NaN
3267,583.97,3372.51,0,0,0.0000
3268,763.97,3769.17,NaN,NaN,NaN
3269,114.90,3811.72,NaN,NaN,NaN
3270,609.24,3507.79,0,0,0.0000
3271,866.92,3527.17,0,0,0.0000
3272,705.64,3449.00,NaN,NaN,NaN
3273,826.05,3384.07,0,0,0.0000
3274,807.85,3522.77,NaN,NaN,NaN
3275,668.66,3229.54,NaN,NaN,NaN
3276,458.20,3269.82,NaN,NaN,NaN
3277,587.43,3616.72,NaN,NaN,NaN
3278,707.34,3592.34,3,7,2.3333
3279,854.90,3264.68,0,0,0.0000
3280,401.37,3220.58,NaN,NaN,NaN
3281,40.45,3853.16,NaN,NaN,NaN
3282,804.62,3621.61,NaN,NaN,NaN
3283,884.36,3700.65,0,0,0.0000
3284,483.32,3345.54,3,4,0.0000
3285,658.96,3303.87,NaN,NaN,NaN
3286,764.48,3694.12,2,4,2.0000
3287,855.28,3776.85,NaN,NaN,NaN
3288,775.58,3469.15,0,0,0.0000
3289,537.05,3578.57,NaN,NaN,NaN
3290,35.02,3561.56,0,0,0.0000
3291,217.02,3930.25,NaN,NaN,NaN
3292,340.23,3224.20,NaN,NaN,NaN
3293,502.26,3642.28,NaN,NaN,NaN
3294,85.37,3650.23,4,3,0.0000
3295,418.34,3309.41,2,2,0.0000
3296,835.52,3698.94,NaN,NaN,NaN
3297,124.24,3758.23,NaN,NaN,NaN
3298,810.45,3705.86,NaN,NaN,NaN
3299,814.23,3811.71,2,4,2.0000
3300,518.72,3302.12,NaN,NaN,NaN
3301,113.00,3953.00,NaN,NaN,NaN
3302,59.70,3756.85,NaN,NaN,NaN
3303,356.85,3264.35,0,0,0.0000
3304,843.74,3647.53,0,0,0.0000
3305,773.31,3569.69,3,3,0.0000
3306,496.30,3588.28,NaN,NaN,NaN
3307,1656.78,3521.93,4,2,0.0000
3308,1653.02,3742.20,2,4,2.0000
3309,1000.21,3959.03,2,5,2.5000
3310,1482.02,3303.26,NaN,NaN,NaN
3311,1589.68,3220.43,2,2,0.0000
3312,1638.11,3661.19,3,6,2.0000
3313,959.84,3318.40,NaN,NaN,NaN
3314,929.81,3836.62,NaN,NaN,NaN
3315,1392.44,3251.77,0,0,0.0000
3316,912.82,3494.43,NaN,NaN,NaN
3317,1580.57,3422.59,3,3,0.0000
3318,1100.88,3877.12,NaN,NaN,NaN
3319,1017.77,3820.54,NaN,NaN,NaN
3320,1565.92,3339.32,2,3,0.0000
3321,905.63,3393.09,NaN,NaN,NaN
3322,930.57,3217.86,2,6,3.0000
3323,958.60,3761.30,NaN,NaN,NaN
3324,1225.87,3348.45,NaN,NaN,NaN
3325,923.90,3668.56,NaN,NaN,NaN
3326,1121.98,3252.09,2,4,2.0000
3327,1210.28,3263.05,0,0,0.0000
3328,1088.41,3317.06,NaN,NaN,NaN
3329,1015.26,3417.60,0,0,0.0000
3330,928.45,3439.39,NaN,NaN,NaN
3331,1384.16,3696.18,NaN,NaN,NaN
3332,1472.71,3713.69,NaN,NaN,NaN
3333,1127.93,3351.26,NaN,NaN,NaN
3334,1021.18,3260.47,3,6,2.0000
3335,1579.47,3554.04,NaN,NaN,NaN
3336,1105.54,3951.94,NaN,NaN,NaN
3337,899.94,3595.85,NaN,NaN,NaN
3338,1464.93,3465.66,0,0,0.0000
3339,1580.40,3488.95,NaN,NaN,NaN
3340,1634.61,3356.47,2,4,2.0000
3341,1540.30,3712.05,NaN,NaN,NaN
3342,1625.28,3904.79,3,4,0.0000
3343,1366.67,3747.29,2,6,3.0000
3344,1014.57,3884.37,2,3,0.0000
3345,1143.34,3930.01,0,0,0.0000
3346,1647.26,3301.94,NaN,NaN,NaN
3347,1504.17,3514.42,NaN,NaN,NaN
3348,1490.67,3760.12,2,3,0.0000
3349,1547.99,3780.56,0,0,0.0000
3350,1266.45,3271.92,2,3,0.0000
3351,1204.09,3958.39,3,6,2.0000
3352,1853.48,3862.05,NaN,NaN,NaN
3353,1879.79,3641.87,NaN,NaN,NaN
3354,1879.97,3551.55,NaN,NaN,NaN
3355,1682.61,3853.73,0,0,0.0000
3356,2420.02,3287.75,NaN,NaN,NaN
3357,1774.09,3778.95,NaN,NaN,NaN
3358,1722.93,3266.21,NaN,NaN,NaN
3359,1776.93,3346.56,NaN,NaN,NaN
3360,1803.07,3459.85,5,7,0.0000
3361,1975.32,3958.46,NaN,NaN,NaN
3362,1877.44,3777.10,0,0,0.0000
3363,1976.67,3816.90,0,0,0.0000
3364,1728.71,3590.52,NaN,NaN,NaN
3365,2045.53,3923.58,NaN,NaN,NaN
3366,1746.33,3518.18,NaN,NaN,NaN
3367,1800.55,3957.97,0,0,0.0000
3368,1775.62,3653.38,NaN,NaN,NaN
3369,1939.90,3728.64,0,0,0.0000
3370,1736.01,3926.61,0,0,0.0000
3371,2031.64,3818.01,0,0,0.0000
3372,1682.78,3404.21,NaN,NaN,NaN
3373,1736.68,3213.09,NaN,NaN,NaN
3374,1888.96,3955.17,NaN,NaN,NaN
3375,1690.09,3964.67,0,0,0.0000
3376,1842.59,3728.43,0,0,0.0000
3377,1816.49,3678.95,0,0,0.0000
3378,2750.34,3293.79,3,3,0.0000
3379,2705.11,3493.89,NaN,NaN,NaN
3380,3119.36,3312.81,NaN,NaN,NaN
3381,2769.05,3210.49,NaN,NaN,NaN
3382,2696.28,3557.36,0,0,0.0000
3383,3191.08,3297.93,NaN,NaN,NaN
3384,2668.22,3380.08,NaN,NaN,NaN
3385,2492.60,3281.36,2,1,0.0000
3386,2612.99,3550.44,NaN,NaN,NaN
3387,2563.02,3503.38,2,1,0.0000
3388,3187.67,3412.77,2,3,0.0000
3389,2831.22,3200.27,NaN,NaN,NaN
3390,2540.73,3318.37,NaN,NaN,NaN
3391,2668.60,3438.59,0,0,0.0000
3392,2592.26,3303.95,0,0,0.0000
3393,2562.30,3251.90,2,8,4.0000
3394,2553.28,3449.89,2,6,3.0000
3395,2655.69,3317.11,0,0,0.0000
3396,2728.45,3412.07,NaN,NaN,NaN
3397,2445.61,3431.61,0,0,0.0000
3398,2466.93,3224.07,2,4,2.0000
3399,2444.68,3386.19,0,0,0.0000
3400,3409.33,3554.00,2,1,0.0000
3401,3306.91,3206.09,NaN,NaN,NaN
3402,3358.54,3769.74,NaN,NaN,NaN
3403,3275.06,3316.61,2,3,0.0000
3404,3572.95,3833.56,2,6,3.0000
3405,3438.93,3246.41,0,0,0.0000
3406,3449.18,3473.53,NaN,NaN,NaN
3407,3600.29,3580.34,NaN,NaN,NaN
3408,3761.98,3850.76,NaN,NaN,NaN
3409,3272.05,3568.91,2,4,2.0000
3410,3740.89,3908.10,0,0,0.0000
3411,3625.14,3758.03,NaN,NaN,NaN
3412,3228.28,3480.97,NaN,NaN,NaN
3413,3607.74,3294.04,0,0,0.0000
3414,3648.76,3544.46,0,0,0.0000
3415,3533.04,3248.47,0,0,0.0000
3416,3597.84,3687.37,NaN,NaN,NaN
3417,3520.39,3656.91,0,0,0.0000
3418,3536.96,3326.22,NaN,NaN,NaN
3419,3280.08,3742.78,NaN,NaN,NaN
3420,3468.45,3886.55,NaN,NaN,NaN
3421,3591.28,3429.04,2,3,0.0000
3422,3475.35,3812.84,2,2,0.0000
3423,3468.60,3609.05,0,0,0.0000
3424,3399.91,3210.52,3,4,0.0000
3425,3362.50,3277.50,0,0,0.0000
3426,3501.62,3561.44,NaN,NaN,NaN
3427,3273.40,3966.21,0,0,0.0000
3428,3538.77,3528.94,NaN,NaN,NaN
3429,3496.24,3402.72,NaN,NaN,NaN
3430,3568.78,3224.51,NaN,NaN,NaN
3431,3536.65,3389.74,NaN,NaN,NaN
3432,3659.29,3861.49,NaN,NaN,NaN
3433,3310.94,3797.13,0,0,0.0000
3434,3255.00,3440.23,0,0,0.0000
3435,3307.68,3938.28,NaN,NaN,NaN
3436,3370.54,3480.14,2,4,2.0000
3437,3643.44,3415.96,0,0,0.0000
3438,3270.96,3646.58,0,0,0.0000
3439,3300.05,3878.09,0,0,0.0000
3440,3405.28,3340.96,0,0,0.0000
3441,3443.51,3695.35,0,0,0.0000
3442,3548.91,3729.77,0,0,0.0000
3443,3573.16,3484.06,2,5,2.5000
3444,3692.31,3844.60,NaN,NaN,NaN
3445,3614.76,3214.77,2,2,0.0000
3446,3414.64,3731.98,0,0,0.0000
3447,3467.87,3658.40,NaN,NaN,NaN
3448,4618.33,3790.68,NaN,NaN,NaN
3449,4553.34,3598.57,NaN,NaN,NaN
3450,4602.04,3348.21,NaN,NaN,NaN
3451,4357.87,3412.11,NaN,NaN,NaN
3452,4700.99,3544.47,2,3,0.0000
3453,4432.88,3313.84,NaN,NaN,NaN
3454,4703.46,3928.87,0,0,0.0000
3455,4431.70,3586.21,NaN,NaN,NaN
3456,4625.00,3920.60,NaN,NaN,NaN
3457,4484.61,3712.99,NaN,NaN,NaN
3458,4624.58,3559.80,NaN,NaN,NaN
3459,4187.36,3387.94,NaN,NaN,NaN
3460,4652.83,3251.74,NaN,NaN,NaN
3461,4282.25,3593.90,NaN,NaN,NaN
3462,4455.05,3502.30,4,7,0.0000
3463,4704.28,3212.54,3,6,2.0000
3464,4658.45,3700.29,0,0,0.0000
3465,4343.88,3588.59,2,5,2.5000
3466,4508.06,3459.26,NaN,NaN,NaN
3467,4189.44,3475.15,2,5,2.5000
3468,4587.37,3442.96,NaN,NaN,NaN
3469,4348.38,3470.32,0,0,0.0000
3470,4598.72,3680.67,NaN,NaN,NaN
3471,4397.16,3843.09,NaN,NaN,NaN
3472,4675.16,3308.02,NaN,NaN,NaN
3473,4500.23,3797.56,NaN,NaN,NaN
3474,4681.25,3453.41,NaN,NaN,NaN
3475,4237.19,3476.16,NaN,NaN,NaN
3476,4380.63,3752.13,3,3,0.0000
3477,4326.03,3712.07,NaN,NaN,NaN
3478,4421.06,3920.54,0,0,0.0000
3479,4476.89,3241.99,0,0,0.0000
3480,4531.76,3842.07,0,0,0.0000
3481,4478.22,3886.86,3,4,0.0000
3482,4521.62,3373.95,0,0,0.0000
3483,4260.53,3210.17,NaN,NaN,NaN
3484,4232.51,3257.77,NaN,NaN,NaN
3485,4360.00,3528.24,0,0,0.0000
3486,4243.72,3314.24,0,0,0.0000
3487,4190.37,3315.91,0,0,0.0000
3488,4308.71,3663.19,2,2,0.0000
3489,4496.24,3654.22,0,0,0.0000
3490,4636.52,3419.50,0,0,0.0000
3491,4308.39,3760.31,2,4,2.0000
3492,4206.53,3217.62,NaN,NaN,NaN
3493,4668.51,3634.48,NaN,NaN,NaN
3494,4559.04,3921.76,0,0,0.0000
3495,4611.68,3733.87,NaN,NaN,NaN
3496,4907.96,3436.19,NaN,NaN,NaN
3497,4738.69,3727.56,0,0,0.0000
3498,4778.98,3911.91,2,3,0.0000
3499,4895.90,3662.49,NaN,NaN,NaN
3500,5436.61,3813.91,2,3,0.0000
3501,4778.86,3281.23,3,7,2.3333
3502,4895.80,3333.64,2,5,2.5000
3503,4963.42,3599.73,0,0,0.0000
3504,4905.29,3851.43,3,5,0.0000
3505,4990.91,3853.34,NaN,NaN,NaN
3506,5032.49,3437.50,0,0,0.0000
3507,5172.98,3708.97,2,5,2.5000
3508,5219.47,3934.02,NaN,NaN,NaN
3509,5230.74,3848.85,2,4,2.0000
3510,5405.09,3887.88,2,3,0.0000
3511,4858.35,3916.93,0,0,0.0000
3512,4798.02,3560.71,NaN,NaN,NaN
3513,5150.67,3907.08,NaN,NaN,NaN
3514,5312.78,3694.06,0,0,0.0000
3515,5109.99,3784.89,0,0,0.0000
3516,5075.15,3516.99,2,5,2.5000
3517,4997.25,3343.56,NaN,NaN,NaN
3518,5072.13,3625.27,0,0,0.0000
3519,4854.47,3549.52,NaN,NaN,NaN
3520,4754.75,3511.76,NaN,NaN,NaN
3521,5096.59,3718.39,0,0,0.0000
3522,4988.74,3284.49,0,0,0.0000
3523,4754.14,3834.55,NaN,NaN,NaN
3524,5335.42,3858.72,NaN,NaN,NaN
3525,5328.27,3923.53,0,0,0.0000
3526,5190.04,3767.97,2,2,0.0000
3527,4978.45,3533.77,0,0,0.0000
3528,5433.59,3753.92,0,0,0.0000
3529,4838.04,3822.00,NaN,NaN,NaN
3530,5239.45,3742.45,NaN,NaN,NaN
3531,4944.91,3250.75,NaN,NaN,NaN
3532,4747.31,3435.36,NaN,NaN,NaN
3533,4945.90,3791.70,0,0,0.0000
3534,5006.45,3687.12,0,0,0.0000
3535,5268.60,3760.33,0,0,0.0000
3536,5142.98,3485.95,0,0,0.0000
3537,4895.52,3513.05,NaN,NaN,NaN
3538,4785.49,3479.27,NaN,NaN,NaN
3539,5117.06,3577.71,0,0,0.0000
3540,4780.62,3636.56,NaN,NaN,NaN
3541,5059.35,3845.84,NaN,NaN,NaN
3542,4804.75,3774.11,NaN,NaN,NaN
3543,4825.87,3443.59,NaN,NaN,NaN
3544,6116.14,3967.54,NaN,NaN,NaN
3545,6056.84,3404.54,NaN,NaN,NaN
3546,6183.79,3489.55,4,7,0.0000
3547,6054.39,3505.54,NaN,NaN,NaN
3548,5976.88,3291.11,NaN,NaN,NaN
3549,5976.10,3477.00,0,0,0.0000
3550,6191.69,3259.31,2,5,2.5000
3551,6171.26,3835.11,NaN,NaN,NaN
3552,6266.26,3354.21,2,3,0.0000
3553,5998.31,3715.76,0,0,0.0000
3554,6151.01,3613.08,NaN,NaN,NaN
3555,6101.54,3263.99,NaN,NaN,NaN
3556,5938.00,3628.33,0,0,0.0000
3557,5725.72,3921.14,NaN,NaN,NaN
3558,6064.44,3736.15,0,0,0.0000
3559,6233.96,3676.69,NaN,NaN,NaN
3560,5914.60,3424.28,NaN,NaN,NaN
3561,6167.53,3764.45,NaN,NaN,NaN
3562,6000.68,3609.58,3,4,0.0000
3563,6225.51,3780.63,NaN,NaN,NaN
3564,6220.55,3912.97,NaN,NaN,NaN
3565,6092.15,3590.05,NaN,NaN,NaN
3566,6087.69,3361.65,NaN,NaN,NaN
3567,6173.27,3682.15,NaN,NaN,NaN
3568,5949.92,3718.36,0,0,0.0000
3569,5760.43,3859.47,0,0,0.0000
3570,6051.98,3955.24,0,0,0.0000
3571,6115.14,3728.03,NaN,NaN,NaN
3572,5872.25,3846.28,NaN,NaN,NaN
3573,6050.33,3254.71,NaN,NaN,NaN
3574,6191.41,3606.74,NaN,NaN,NaN
3575,6221.99,3580.82,NaN,NaN,NaN
3576,6124.31,3676.12,0,0,0.0000
3577,5918.84,3311.79,NaN,NaN,NaN
3578,6221.45,3853.97,0,0,0.0000
3579,6193.78,3555.45,NaN,NaN,NaN
3580,5907.82,3231.94,NaN,NaN,NaN
3581,5920.74,3369.74,NaN,NaN,NaN
3582,6249.42,3574.13,0,0,0.0000
3583,6234.02,3356.87,2,2,0.0000
3584,5946.46,3508.06,NaN,NaN,NaN
3585,6581.44,3759.63,0,0,0.0000
3586,6332.83,3908.51,NaN,NaN,NaN
3587,6757.13,3260.58,2,3,0.0000
3588,6830.00,3941.77,NaN,NaN,NaN
3589,6417.23,3590.81,3,4,0.0000
3590,6831.84,3435.05,3,8,2.6667
3591,6699.10,3804.21,NaN,NaN,NaN
3592,6950.38,3870.02,NaN,NaN,NaN
3593,6558.09,3916.49,NaN,NaN,NaN
3594,6792.40,3736.35,NaN,NaN,NaN
3595,7033.29,3681.81,NaN,NaN,NaN
3596,7015.36,3923.26,4,9,2.2500
3597,6999.09,3509.74,0,0,0.0000
3598,6297.46,3786.37,3,5,0.0000
3599,6371.55,3723.52,NaN,NaN,NaN
3600,6472.60,3420.46,2,4,2.0000
3601,6988.69,3573.06,0,0,0.0000
3602,6478.77,3257.52,0,0,0.0000
3603,6670.91,3569.90,NaN,NaN,NaN
3604,6903.38,3724.81,NaN,NaN,NaN
3605,6904.18,3635.05,NaN,NaN,NaN
3606,6553.83,3585.62,NaN,NaN,NaN
3607,6972.53,3278.18,NaN,NaN,NaN
3608,6742.94,3680.15,4,7,0.0000
3609,6570.46,3246.69,NaN,NaN,NaN
3610,6760.42,3371.21,NaN,NaN,NaN
3611,6409.56,3923.94,NaN,NaN,NaN
3612,6920.40,3343.06,2,6,3.0000
3613,6581.60,3646.34,NaN,NaN,NaN
3614,6853.40,3238.45,3,0,0.0000
3615,6513.67,3847.54,0,0,0.0000
3616,6716.58,3453.18,NaN,NaN,NaN
3617,6486.96,3706.19,0,0,0.0000
3618,6388.45,3438.74,0,0,0.0000
3619,6912.95,3804.45,NaN,NaN,NaN
3620,6402.09,3256.06,NaN,NaN,NaN
3621,6834.81,3327.74,NaN,NaN,NaN
3622,6961.16,3415.27,NaN,NaN,NaN
3623,6778.18,3882.98,4,3,0.0000
3624,6660.47,3258.94,NaN,NaN,NaN
3625,6501.47,3577.65,NaN,NaN,NaN
3626,6432.11,3343.24,2,2,0.0000
3627,6319.15,3270.31,NaN,NaN,NaN
3628,6688.30,3394.02,NaN,NaN,NaN
3629,6608.82,3387.21,0,0,0.0000
3630,6860.63,3517.58,NaN,NaN,NaN
3631,6907.85,3254.02,NaN,NaN,NaN
3632,6343.59,3646.84,0,0,0.0000
3633,6654.38,3487.55,0,0,0.0000
3634,6619.03,3846.67,0,0,0.0000
3635,6993.62,3632.04,NaN,NaN,NaN
3636,6969.80,3218.05,NaN,NaN,NaN
3637,6641.46,3322.36,0,0,0.0000
3638,6295.27,3700.35,NaN,NaN,NaN
3639,6502.01,3503.15,2,5,2.5000
3640,6755.40,3612.90,NaN,NaN,NaN
3641,6558.08,3440.75,NaN,NaN,NaN
3642,6451.33,3863.81,0,0,0.0000
3643,6967.48,3761.58,0,0,0.0000
3644,6597.53,3480.74,NaN,NaN,NaN
3645,6693.47,3958.17,0,0,0.0000
3646,6644.22,3922.07,0,0,0.0000
3647,6360.65,3328.01,0,0,0.0000
3648,6832.37,3806.76,0,0,0.0000
3649,6934.56,3473.63,NaN,NaN,NaN
3650,6535.04,3396.75,NaN,NaN,NaN
3651,6700.59,3320.31,0,0,0.0000
3652,6767.26,3556.92,0,0,0.0000
3653,6829.44,3648.11,NaN,NaN,NaN
3654,6668.75,3201.15,0,0,0.0000
3655,6840.66,3598.85,0,0,0.0000
3656,6403.44,3201.93,2,3,0.0000
3657,6901.19,3565.81,0,0,0.0000
3658,7258.77,3208.41,0,0,0.0000
3659,7150.53,3608.06,NaN,NaN,NaN
3660,7430.22,3583.49,2,2,0.0000
3661,7413.39,3313.63,0,0,0.0000
3662,7279.77,3761.55,2,8,4.0000
3663,7315.80,3494.39,2,7,3.5000
3664,7582.14,3942.39,2,3,0.0000
3665,7221.52,3890.14,NaN,NaN,NaN
3666,7590.40,3264.11,NaN,NaN,NaN
3667,7051.29,3325.30,0,0,0.0000
3668,7521.97,3319.88,2,2,0.0000
3669,7264.33,3569.74,NaN,NaN,NaN
3670,7352.75,3340.23,NaN,NaN,NaN
3671,7098.20,3474.56,0,0,0.0000
3672,7298.03,3412.52,NaN,NaN,NaN
3673,7524.62,3636.99,NaN,NaN,NaN
3674,7040.66,3779.31,2,3,0.0000
3675,7381.29,3710.87,NaN,NaN,NaN
3676,7347.75,3879.90,NaN,NaN,NaN
3677,7101.62,3902.29,0,0,0.0000
3678,7417.11,3792.69,NaN,NaN,NaN
3679,7539.43,3770.82,NaN,NaN,NaN
3680,7609.64,3661.34,NaN,NaN,NaN
3681,7571.50,3579.38,NaN,NaN,NaN
3682,7661.76,3910.30,NaN,NaN,NaN
3683,7349.00,3655.57,NaN,NaN,NaN
3684,7498.62,3418.88,NaN,NaN,NaN
3685,7455.33,3965.65,NaN,NaN,NaN
3686,7638.35,3950.71,2,7,3.5000
3687,7457.97,3243.43,0,0,0.0000
3688,7567.73,3442.53,NaN,NaN,NaN
3689,7647.01,3766.43,0,0,0.0000
3690,7104.57,3406.65,NaN,NaN,NaN
3691,7101.86,3253.75,NaN,NaN,NaN
3692,7604.33,3824.66,0,0,0.0000
3693,7404.66,3212.57,NaN,NaN,NaN
3694,7382.46,3447.00,3,3,0.0000
3695,7673.43,3509.82,0,0,0.0000
3696,7452.09,3438.11,NaN,NaN,NaN
3697,7622.58,3376.02,NaN,NaN,NaN
3698,7183.05,3822.00,2,5,2.5000
3699,7702.29,3809.39,NaN,NaN,NaN
3700,7217.62,3453.32,NaN,NaN,NaN
3701,7690.93,3445.60,0,0,0.0000
3702,7327.35,3203.70,NaN,NaN,NaN
3703,7562.56,3527.06,0,0,0.0000
3704,7713.43,3381.96,0,0,0.0000
3705,7084.64,3546.67,0,0,0.0000
3706,7735.55,3894.74,NaN,NaN,NaN
3707,7647.36,3713.23,0,0,0.0000
3708,7135.90,3753.45,2,8,4.0000
3709,7183.66,3301.39,0,0,0.0000
3710,7634.41,3561.47,NaN,NaN,NaN
3711,7153.61,3946.61,0,0,0.0000
3712,7672.46,3833.35,0,0,0.0000
3713,7529.53,3840.91,NaN,NaN,NaN
3714,7241.79,3308.18,2,3,0.0000
3715,7605.22,3421.92,NaN,NaN,NaN
3716,7178.26,3499.11,NaN,NaN,NaN
3717,7637.90,3524.92,NaN,NaN,NaN
3718,7571.50,3713.40,NaN,NaN,NaN
3719,7494.34,3892.93,NaN,NaN,NaN
3720,7321.74,3619.51,0,0,0.0000
3721,7424.89,3920.28,0,0,0.0000
3722,7747.15,3849.57,0,0,0.0000
3723,7445.75,3867.43,0,0,0.0000
3724,7411.37,3857.44,0,0,0.0000
3725,7188.03,3696.18,NaN,NaN,NaN
3726,7724.51,3484.83,0,0,0.0000
3727,7236.75,3806.89,0,0,0.0000
3728,7236.02,3838.55,0,0,0.0000
3729,7461.20,3814.21,0,0,0.0000
3730,7462.84,3717.33,2,3,0.0000
3731,7266.61,3680.15,NaN,NaN,NaN
3732,8431.58,3910.55,0,0,0.0000
3733,8346.51,3876.01,NaN,NaN,NaN
3734,8784.48,3773.71,NaN,NaN,NaN
3735,8847.06,3850.07,NaN,NaN,NaN
3736,8781.49,3879.15,0,0,0.0000
3737,8777.72,3825.54,NaN,NaN,NaN
3738,9296.05,3258.46,NaN,NaN,NaN
3739,10110.55,3584.93,NaN,NaN,NaN
3740,10030.33,3282.08,2,6,3.0000
3741,10106.54,3326.07,NaN,NaN,NaN
3742,10068.78,3900.67,NaN,NaN,NaN
3743,9494.49,3451.73,NaN,NaN,NaN
3744,9533.22,3255.24,2,3,0.0000
3745,10099.96,3497.05,NaN,NaN,NaN
3746,10091.85,3398.43,2,5,2.5000
3747,9556.86,3203.05,NaN,NaN,NaN
3748,9954.26,3271.24,NaN,NaN,NaN
3749,9446.89,3302.44,0,0,0.0000
3750,10022.41,3571.58,2,4,2.0000
3751,9992.92,3844.24,NaN,NaN,NaN
3752,9534.95,3406.85,2,3,0.0000
3753,9411.84,3283.60,0,0,0.0000
3754,9495.82,3319.86,0,0,0.0000
3755,9447.21,3406.97,NaN,NaN,NaN
3756,9426.73,3377.27,0,0,0.0000
3757,9585.66,3334.50,2,3,0.0000
3758,9564.80,3441.32,0,0,0.0000
3759,10015.60,3378.20,0,0,0.0000
3760,9592.40,3433.07,2,2,0.0000
3761,10071.05,3457.68,NaN,NaN,NaN
3762,9476.81,3377.53,0,0,0.0000
3763,9552.22,3334.54,NaN,NaN,NaN
3764,10788.67,3749.65,NaN,NaN,NaN
3765,10833.42,3245.67,2,1,0.0000
3766,10576.17,3742.60,0,0,0.0000
3767,10383.21,3248.67,NaN,NaN,NaN
3768,10557.43,3611.68,NaN,NaN,NaN
3769,10336.07,3378.20,NaN,NaN,NaN
3770,10836.74,3630.27,0,0,0.0000
3771,10427.46,3827.71,NaN,NaN,NaN
3772,10210.81,3764.05,0,0,0.0000
3773,10443.82,3517.09,0,0,0.0000
3774,10590.33,3238.67,0,0,0.0000
3775,10656.60,3603.67,NaN,NaN,NaN
3776,10356.65,3478.97,2,2,0.0000
3777,10363.77,3600.17,NaN,NaN,NaN
3778,10805.98,3959.02,NaN,NaN,NaN
3779,10422.11,3720.27,NaN,NaN,NaN
3780,10767.61,3860.03,NaN,NaN,NaN
3781,10352.45,3935.04,0,0,0.0000
3782,10350.25,3778.47,NaN,NaN,NaN
3783,10297.89,3765.01,NaN,NaN,NaN
3784,10754.75,3470.04,0,0,0.0000
3785,10684.37,3740.65,NaN,NaN,NaN
3786,10550.40,3954.98,0,0,0.0000
3787,10739.85,3268.54,0,0,0.0000
3788,10526.16,3761.25,NaN,NaN,NaN
3789,10330.93,3675.42,2,7,3.5000
3790,10718.09,3337.54,0,0,0.0000
3791,10823.88,3464.83,0,0,0.0000
3792,10280.18,3890.38,NaN,NaN,NaN
3793,10251.09,3387.30,NaN,NaN,NaN
3794,10146.69,3414.10,NaN,NaN,NaN
3795,10215.83,3657.67,NaN,NaN,NaN
3796,10638.09,3687.58,NaN,NaN,NaN
3797,10257.84,3483.49,NaN,NaN,NaN
3798,10817.20,3542.02,0,0,0.0000
3799,10550.39,3261.40,0,0,0.0000
3800,10667.64,3883.35,0,0,0.0000
3801,10261.80,3687.49,NaN,NaN,NaN
3802,10196.92,3222.01,NaN,NaN,NaN
3803,10631.18,3965.79,2,3,0.0000
3804,10691.12,3811.47,NaN,NaN,NaN
3805,10804.22,3306.52,0,0,0.0000
3806,10429.64,3642.04,0,0,0.0000
3807,10870.94,3380.05,2,3,0.0000
3808,10786.35,3374.93,0,0,0.0000
3809,10196.14,3449.81,2,3,0.0000
3810,10721.51,3889.53,NaN,NaN,NaN
3811,10565.06,3336.71,0,0,0.0000
3812,10452.41,3360.19,2,6,3.0000
3813,10405.46,3363.66,0,0,0.0000
3814,10357.39,3857.73,0,0,0.0000
3815,10493.03,3440.90,NaN,NaN,NaN
3816,10519.65,3844.19,NaN,NaN,NaN
3817,10279.28,3563.95,3,6,2.0000
3818,10558.09,3821.22,NaN,NaN,NaN
3819,10138.03,3225.92,NaN,NaN,NaN
3820,10761.46,3560.33,NaN,NaN,NaN
3821,10193.12,3889.94,2,4,2.0000
3822,10192.78,3324.22,0,0,0.0000
3823,10226.11,3587.33,0,0,0.0000
3824,10268.46,3319.94,3,6,2.0000
3825,10702.05,3438.01,2,3,0.0000
3826,10874.58,3887.66,NaN,NaN,NaN
3827,10164.18,3954.51,NaN,NaN,NaN
3828,10188.25,3275.41,0,0,0.0000
3829,10702.87,3502.51,0,0,0.0000
3830,10699.86,3396.38,NaN,NaN,NaN
3831,10684.92,3365.66,0,0,0.0000
3832,10909.31,3523.26,0,0,0.0000
3833,10997.97,3752.75,2,1,0.0000
3834,11606.18,3292.30,3,5,0.0000
3835,10923.23,3773.82,NaN,NaN,NaN
3836,11608.28,3410.30,2,5,2.5000
3837,10882.50,3832.92,NaN,NaN,NaN
3838,11040.13,3514.06,NaN,NaN,NaN
3839,10885.06,3954.20,NaN,NaN,NaN
3840,11531.74,3397.73,2,1,0.0000
3841,10954.00,3916.18,2,1,0.0000
3842,10965.68,3640.93,2,2,0.0000
3843,11548.03,3299.91,NaN,NaN,NaN
3844,11011.95,3371.86,NaN,NaN,NaN
3845,11024.64,3883.87,NaN,NaN,NaN
3846,11019.41,3645.90,3,3,0.0000
3847,10918.68,3705.09,0,0,0.0000
3848,10977.29,3464.07,NaN,NaN,NaN
3849,11636.17,3492.03,NaN,NaN,NaN
3850,11518.53,3324.51,NaN,NaN,NaN
3851,10995.44,3551.85,0,0,0.0000
3852,11055.81,3589.52,NaN,NaN,NaN
3853,11064.84,3432.21,NaN,NaN,NaN
3854,10989.60,3275.68,2,3,0.0000
3855,11068.01,3955.57,3,2,0.0000
3856,10947.86,3255.59,0,0,0.0000
3857,11031.91,3694.78,NaN,NaN,NaN
3858,12359.67,3492.11,NaN,NaN,NaN
3859,11928.83,3486.34,0,0,0.0000
3860,12352.34,3334.34,2,9,4.5000
3861,11791.99,3557.84,NaN,NaN,NaN
3862,12137.33,3502.89,NaN,NaN,NaN
3863,11726.33,3449.21,NaN,NaN,NaN
3864,12272.90,3353.34,0,0,0.0000
3865,11889.44,3231.82,NaN,NaN,NaN
3866,11821.00,3331.23,NaN,NaN,NaN
3867,12282.70,3527.90,NaN,NaN,NaN
3868,11671.93,3563.85,NaN,NaN,NaN
3869,12160.94,3382.88,NaN,NaN,NaN
3870,11663.23,3370.97,0,0,0.0000
3871,12275.37,3257.46,NaN,NaN,NaN
3872,12120.58,3326.33,NaN,NaN,NaN
3873,12280.60,3459.46,NaN,NaN,NaN
3874,12252.55,3208.04,NaN,NaN,NaN
3875,12058.93,3265.33,NaN,NaN,NaN
3876,12073.92,3487.88,2,1,0.0000
3877,11893.94,3424.93,NaN,NaN,NaN
3878,12149.08,3235.36,0,0,0.0000
3879,11939.90,3201.77,NaN,NaN,NaN
3880,11678.38,3253.80,0,0,0.0000
3881,11733.78,3282.15,0,0,0.0000
3882,12112.13,3266.40,NaN,NaN,NaN
3883,12198.09,3235.42,NaN,NaN,NaN
3884,12389.85,3248.64,0,0,0.0000
3885,12218.18,3432.40,0,0,0.0000
3886,11902.56,3335.28,0,0,0.0000
3887,12036.58,3346.34,0,0,0.0000
3888,11794.83,3235.78,2,4,2.0000
3889,11733.69,3216.20,NaN,NaN,NaN
3890,12021.77,3431.93,NaN,NaN,NaN
3891,12019.96,3238.25,0,0,0.0000
3892,11829.53,3392.96,0,0,0.0000
3893,11672.72,3453.14,0,0,0.0000
3894,12200.63,3551.70,0,0,0.0000
3895,11995.25,3309.10,0,0,0.0000
3896,12023.22,3501.12,NaN,NaN,NaN
3897,11826.78,3509.37,0,0,0.0000
3898,11747.87,3507.08,NaN,NaN,NaN
3899,12233.47,3573.80,0,0,0.0000
3900,11734.11,3544.53,0,0,0.0000
3901,12214.26,3294.47,0,0,0.0000
3902,11884.84,3371.27,0,0,0.0000
3903,11950.01,3330.61,0,0,0.0000
3904,12615.67,3432.60,NaN,NaN,NaN
3905,12442.59,3317.00,2,6,3.0000
3906,12800.72,3292.23,0,0,0.0000
3907,12721.57,3245.53,NaN,NaN,NaN
3908,12695.73,3333.16,2,5,2.5000
3909,12472.91,3471.97,NaN,NaN,NaN
3910,12744.75,3362.03,2,4,2.0000
3911,12593.39,3344.56,NaN,NaN,NaN
3912,12516.93,3423.12,NaN,NaN,NaN
3913,12633.34,3289.88,2,4,2.0000
3914,12421.76,3474.15,NaN,NaN,NaN
3915,12487.12,3259.84,NaN,NaN,NaN
3916,12547.36,3288.65,NaN,NaN,NaN
3917,12528.94,3495.18,0,0,0.0000
3918,12426.32,3400.93,0,0,0.0000
3919,13852.65,3863.07,0,0,0.0000
3920,13920.57,3869.95,NaN,NaN,NaN
3921,13757.28,3855.53,NaN,NaN,NaN
3922,13901.14,3942.05,NaN,NaN,NaN
3923,14692.36,3379.08,NaN,NaN,NaN
3924,14674.71,3235.70,NaN,NaN,NaN
3925,14056.51,3945.30,0,0,0.0000
3926,14683.67,3621.47,NaN,NaN,NaN
3927,14602.38,3789.17,NaN,NaN,NaN
3928,14176.42,3966.27,0,0,0.0000
3929,13969.38,3795.31,0,0,0.0000
3930,13956.67,3938.57,0,0,0.0000
3931,14483.85,3793.73,0,0,0.0000
3932,14081.72,3817.24,0,0,0.0000
3933,14425.27,3820.55,0,0,0.0000
3934,14675.85,3553.41,2,6,3.0000
3935,14410.22,3705.96,0,0,0.0000
3936,14609.71,3870.98,NaN,NaN,NaN
3937,14442.65,3785.35,0,0,0.0000
3938,14480.75,3858.58,0,0,0.0000
3939,14024.32,3846.68,NaN,NaN,NaN
3940,14718.52,3760.57,0,0,0.0000
3941,14568.83,3911.42,0,0,0.0000
3942,14934.48,3432.18,NaN,NaN,NaN
3943,14904.50,3638.35,NaN,NaN,NaN
3944,14791.96,3779.00,NaN,NaN,NaN
3945,14790.98,3431.74,0,0,0.0000
3946,14797.86,3540.41,NaN,NaN,NaN
3947,15112.37,3339.21,NaN,NaN,NaN
3948,14962.48,3674.75,0,0,0.0000
3949,15098.55,3554.75,3,9,3.0000
3950,14870.08,3566.95,NaN,NaN,NaN
3951,15030.68,3505.21,NaN,NaN,NaN
3952,15177.56,3366.86,NaN,NaN,NaN
3953,15051.78,3312.03,NaN,NaN,NaN
3954,14873.33,3348.85,3,5,0.0000
3955,14751.52,3277.01,0,0,0.0000
3956,14865.97,3834.84,0,0,0.0000
3957,15109.42,3229.43,0,0,0.0000
3958,14798.67,3630.27,NaN,NaN,NaN
3959,15013.74,3636.11,0,0,0.0000
3960,14766.01,3696.89,NaN,NaN,NaN
3961,15029.56,3397.69,NaN,NaN,NaN
3962,14971.28,3219.34,NaN,NaN,NaN
3963,14977.03,3559.01,NaN,NaN,NaN
3964,14819.09,3261.91,0,0,0.0000
3965,14908.51,3278.04,0,0,0.0000
3966,14987.48,3276.83,NaN,NaN,NaN
3967,15136.00,3437.08,NaN,NaN,NaN
3968,14830.03,3690.04,0,0,0.0000
3969,14974.63,3323.43,4,5,0.0000
3970,14857.26,3464.21,0,0,0.0000
3971,16048.38,3350.25,2,4,2.0000
3972,15835.63,3833.49,NaN,NaN,NaN
3973,16122.22,3447.71,0,0,0.0000
3974,15754.90,3947.20,2,5,2.5000
3975,15721.72,3640.29,NaN,NaN,NaN
3976,15966.63,3814.35,2,4,2.0000
3977,15721.34,3761.29,NaN,NaN,NaN
3978,16176.70,3367.30,NaN,NaN,NaN
3979,15796.48,3708.53,3,2,0.0000
3980,15875.81,3684.43,NaN,NaN,NaN
3981,16258.42,3252.39,0,0,0.0000
3982,15873.19,3604.63,0,0,0.0000
3983,16052.15,3632.96,0,0,0.0000
3984,15855.82,3935.48,NaN,NaN,NaN
3985,15938.32,3750.22,NaN,NaN,NaN
3986,15948.37,3586.67,0,0,0.0000
3987,16325.32,3201.31,NaN,NaN,NaN
3988,15793.01,3541.54,2,1,0.0000
3989,15728.03,3568.36,NaN,NaN,NaN
3990,15860.47,3523.50,4,6,0.0000
3991,15983.91,3662.44,0,0,0.0000
3992,15892.24,3870.23,0,0,0.0000
3993,15648.89,3734.75,NaN,NaN,NaN
3994,16071.12,3544.70,0,0,0.0000
3995,16009.06,3592.65,0,0,0.0000
3996,15899.00,3932.01,NaN,NaN,NaN
3997,16146.62,3204.09,2,5,2.5000
3998,15801.53,3796.01,0,0,0.0000
3999,15935.81,3684.81,2,4,2.0000
4000,16191.25,3252.48,NaN,NaN,NaN
4001,15906.17,3534.53,NaN,NaN,NaN
4002,16312.37,3260.20,NaN,NaN,NaN
4003,16093.84,3572.92,0,0,0.0000
4004,15817.46,3635.20,0,0,0.0000
4005,16129.32,3263.23,0,0,0.0000
4006,207.90,4284.51,0,0,0.0000
4007,252.45,4416.86,NaN,NaN,NaN
4008,94.72,4036.24,NaN,NaN,NaN
4009,339.12,4299.28,2,5,2.5000
4010,244.17,4160.76,3,4,0.0000
4011,300.39,4547.13,NaN,NaN,NaN
4012,77.93,4359.48,0,0,0.0000
4013,172.44,3974.45,NaN,NaN,NaN
4014,416.49,4535.28,NaN,NaN,NaN
4015,401.70,4457.06,NaN,NaN,NaN
4016,309.42,4130.28,NaN,NaN,NaN
4017,513.74,4602.85,0,0,0.0000
4018,158.54,4120.83,3,2,0.0000
4019,56.68,4274.86,NaN,NaN,NaN
4020,84.56,4155.87,0,0,0.0000
4021,283.91,4048.92,0,0,0.0000
4022,608.58,4658.09,0,0,0.0000
4023,397.43,4390.27,NaN,NaN,NaN
4024,76.19,4215.10,0,0,0.0000
4025,184.91,4058.38,0,0,0.0000
4026,375.57,4569.00,NaN,NaN,NaN
4027,114.51,4298.46,NaN,NaN,NaN
4028,446.11,4386.07,2,2,0.0000
4029,218.07,4348.88,3,6,2.0000
4030,711.43,4709.32,NaN,NaN,NaN
4031,16.82,4019.42,0,0,0.0000
4032,344.53,4219.40,NaN,NaN,NaN
4033,1614.06,4411.07,0,0,0.0000
4034,1605.53,4297.16,3,2,0.0000
4035,1661.39,4728.52,0,0,0.0000
4036,1622.17,4339.50,4,3,0.0000
4037,1621.30,4220.65,NaN,NaN,NaN
4038,1550.34,4360.52,NaN,NaN,NaN
4039,1644.21,4580.27,NaN,NaN,NaN
4040,1010.97,4031.13,3,7,2.3333
4041,1210.70,4005.04,4,4,0.0000
4042,1157.31,4026.42,2,2,0.0000
4043,1068.60,4035.51,0,0,0.0000
4044,1646.77,3969.40,0,0,0.0000
4045,1549.26,4307.57,0,0,0.0000
4046,1988.62,4421.41,NaN,NaN,NaN
4047,1735.45,4470.22,NaN,NaN,NaN
4048,2399.64,4713.94,6,20,3.3333
4049,2035.02,4088.97,6,10,0.0000
4050,1910.59,4241.61,NaN,NaN,NaN
4051,1946.83,4055.57,4,7,0.0000
4052,2302.16,4421.62,0,0,0.0000
4053,1762.42,4177.22,0,0,0.0000
4054,1867.24,4611.56,NaN,NaN,NaN
4055,2415.98,4612.67,2,1,0.0000
4056,2258.20,4569.18,NaN,NaN,NaN
4057,1837.71,4470.51,0,0,0.0000
4058,2197.46,4504.61,NaN,NaN,NaN
4059,1933.82,4671.50,NaN,NaN,NaN
4060,1870.12,4405.08,NaN,NaN,NaN
4061,2223.58,4412.82,NaN,NaN,NaN
4062,1666.09,4452.76,NaN,NaN,NaN
4063,2243.85,4665.89,NaN,NaN,NaN
4064,1941.01,4129.84,3,6,2.0000
4065,1796.49,4562.12,0,0,0.0000
4066,2103.96,4374.54,2,3,0.0000
4067,2076.88,4196.28,NaN,NaN,NaN
4068,1803.82,4308.18,0,0,0.0000
4069,2334.67,4621.44,NaN,NaN,NaN
4070,1696.73,4590.43,NaN,NaN,NaN
4071,1769.24,4029.79,0,0,0.0000
4072,1965.05,4206.49,0,0,0.0000
4073,1836.33,4218.20,4,5,0.0000
4074,2111.13,4093.70,3,4,0.0000
4075,1727.63,4046.76,NaN,NaN,NaN
4076,1764.19,4372.18,0,0,0.0000
4077,2355.94,4512.95,2,5,2.5000
4078,1790.38,4094.49,0,0,0.0000
4079,2191.20,4237.21,3,1,0.0000
4080,2048.55,4320.35,0,0,0.0000
4081,2149.80,4016.92,2,6,3.0000
4082,2051.25,4396.79,0,0,0.0000
4083,2163.61,4280.62,NaN,NaN,NaN
4084,2157.06,4067.53,0,0,0.0000
4085,1873.65,4087.87,0,0,0.0000
4086,2113.96,4486.43,NaN,NaN,NaN
4087,2314.88,4525.71,0,0,0.0000
4088,2110.18,4437.90,0,0,0.0000
4089,1880.56,4679.96,NaN,NaN,NaN
4090,2095.33,3975.42,0,0,0.0000
4091,2239.13,4285.01,NaN,NaN,NaN
4092,2049.64,3994.64,0,0,0.0000
4093,2198.50,4651.54,2,3,0.0000
4094,1691.54,4175.94,0,0,0.0000
4095,2265.94,4266.83,NaN,NaN,NaN
4096,2502.23,4716.84,NaN,NaN,NaN
4097,3028.96,4501.87,2,3,0.0000
4098,2562.61,4723.04,NaN,NaN,NaN
4099,3333.69,4036.22,NaN,NaN,NaN
4100,3632.86,3980.75,NaN,NaN,NaN
4101,3776.83,4652.35,NaN,NaN,NaN
4102,3599.10,4381.41,2,5,2.5000
4103,3659.12,4336.78,NaN,NaN,NaN
4104,3783.33,4379.57,NaN,NaN,NaN
4105,3435.73,4182.90,NaN,NaN,NaN
4106,3948.29,4339.70,2,2,0.0000
4107,3773.09,4532.45,NaN,NaN,NaN
4108,3431.15,4092.12,0,0,0.0000
4109,3416.48,3982.85,NaN,NaN,NaN
4110,3687.77,4243.34,0,0,0.0000
4111,3865.14,4512.31,NaN,NaN,NaN
4112,3495.01,4309.40,2,3,0.0000
4113,3483.60,4467.78,0,0,0.0000
4114,3571.38,4112.23,NaN,NaN,NaN
4115,3888.49,4382.71,NaN,NaN,NaN
4116,3595.29,4039.12,2,6,3.0000
4117,3578.59,4678.35,NaN,NaN,NaN
4118,3707.53,4646.48,3,4,0.0000
4119,3735.60,4057.55,0,0,0.0000
4120,3908.51,4444.15,NaN,NaN,NaN
4121,3662.21,4165.52,NaN,NaN,NaN
4122,3957.09,4714.24,5,9,0.0000
4123,3731.92,3973.88,NaN,NaN,NaN
4124,3525.98,4485.37,0,0,0.0000
4125,3540.93,4274.41,3,3,0.0000
4126,3616.71,4618.76,2,3,0.0000
4127,3630.84,4536.59,NaN,NaN,NaN
4128,3698.76,4517.15,0,0,0.0000
4129,3915.48,4635.51,NaN,NaN,NaN
4130,3799.45,4163.28,NaN,NaN,NaN
4131,3440.06,4333.95,NaN,NaN,NaN
4132,3581.12,4236.35,NaN,NaN,NaN
4133,3273.56,3968.05,0,0,0.0000
4134,3517.75,3995.55,0,0,0.0000
4135,3754.43,4444.64,2,4,2.0000
4136,3775.89,4276.75,0,0,0.0000
4137,3852.26,4259.25,NaN,NaN,NaN
4138,3574.53,4523.65,2,1,0.0000
4139,3454.78,4406.93,NaN,NaN,NaN
4140,3462.59,4003.23,0,0,0.0000
4141,3853.15,4579.07,NaN,NaN,NaN
4142,3898.87,4206.14,0,0,0.0000
4143,3964.97,4640.34,NaN,NaN,NaN
4144,3721.83,4140.82,NaN,NaN,NaN
4145,3784.90,4206.65,NaN,NaN,NaN
4146,3616.15,4454.98,4,5,0.0000
4147,3516.73,4065.48,NaN,NaN,NaN
4148,3586.34,4285.79,0,0,0.0000
4149,3371.08,4201.33,3,4,0.0000
4150,3542.17,4604.86,0,0,0.0000
4151,3681.73,4108.57,0,0,0.0000
4152,3633.10,4706.00,2,3,0.0000
4153,4054.41,4694.53,NaN,NaN,NaN
4154,4005.81,4599.60,NaN,NaN,NaN
4155,4612.41,4127.36,NaN,NaN,NaN
4156,4536.21,4049.19,0,0,0.0000
4157,4584.10,4216.90,0,0,0.0000
4158,4686.42,4038.55,2,5,2.5000
4159,4163.41,4707.37,5,4,0.0000
4160,4476.39,3980.95,NaN,NaN,NaN
4161,4472.99,4052.50,0,0,0.0000
4162,4684.36,4344.21,NaN,NaN,NaN
4163,4386.70,4124.50,0,0,0.0000
4164,4728.68,4177.17,0,0,0.0000
4165,4528.23,4124.93,0,0,0.0000
4166,4644.08,4210.51,3,4,0.0000
4167,4624.52,4026.57,0,0,0.0000
4168,4731.15,4009.23,NaN,NaN,NaN
4169,4399.52,4071.54,NaN,NaN,NaN
4170,4588.95,3977.10,0,0,0.0000
4171,4699.88,4141.92,2,2,0.0000
4172,3994.70,4509.87,0,0,0.0000
4173,4694.63,4223.80,NaN,NaN,NaN
4174,5383.95,4413.83,2,4,2.0000
4175,5432.85,4682.52,0,0,0.0000
4176,4987.23,4721.10,NaN,NaN,NaN
4177,5088.98,4024.04,NaN,NaN,NaN
4178,5500.68,4397.99,0,0,0.0000
4179,5429.79,3993.39,3,2,0.0000
4180,5146.35,4232.20,4,6,0.0000
4181,5274.53,4197.56,0,0,0.0000
4182,4927.69,4481.16,NaN,NaN,NaN
4183,5461.02,4099.56,0,0,0.0000
4184,5415.43,4205.31,NaN,NaN,NaN
4185,4875.11,4590.31,NaN,NaN,NaN
4186,5010.94,4363.44,NaN,NaN,NaN
4187,5007.12,4211.91,NaN,NaN,NaN
4188,4996.13,4518.19,NaN,NaN,NaN
4189,4905.42,4348.73,NaN,NaN,NaN
4190,4825.94,4131.39,NaN,NaN,NaN
4191,5129.24,4545.49,NaN,NaN,NaN
4192,5309.60,4266.00,NaN,NaN,NaN
4193,5148.98,4610.62,NaN,NaN,NaN
4194,4765.10,4270.74,NaN,NaN,NaN
4195,5328.33,3999.16,NaN,NaN,NaN
4196,4781.22,4056.86,NaN,NaN,NaN
4197,4957.44,4085.86,NaN,NaN,NaN
4198,5196.42,4109.05,2,3,0.0000
4199,5351.05,4130.36,2,0,0.0000
4200,4837.82,4250.46,NaN,NaN,NaN
4201,5274.00,4115.51,NaN,NaN,NaN
4202,4824.98,4354.00,0,0,0.0000
4203,5382.25,4059.37,2,2,0.0000
4204,5072.43,4207.00,NaN,NaN,NaN
4205,4896.72,3995.86,2,7,3.5000
4206,4826.90,3985.70,4,6,0.0000
4207,5080.40,4650.70,2,7,3.5000
4208,5217.57,4265.93,NaN,NaN,NaN
4209,5268.94,4624.64,NaN,NaN,NaN
4210,4924.57,4148.80,NaN,NaN,NaN
4211,5149.06,4366.43,NaN,NaN,NaN
4212,4949.36,4202.01,2,4,2.0000
4213,4989.97,4606.42,NaN,NaN,NaN
4214,5094.73,4130.43,2,6,3.0000
4215,4949.72,3989.83,NaN,NaN,NaN
4216,5388.11,4612.82,2,7,3.5000
4217,5238.21,4457.17,NaN,NaN,NaN
4218,5187.40,4675.56,NaN,NaN,NaN
4219,5178.57,4007.55,NaN,NaN,NaN
4220,5252.15,4683.55,NaN,NaN,NaN
4221,4749.92,4125.42,2,2,0.0000
4222,4886.94,4095.93,0,0,0.0000
4223,5098.73,4410.87,3,2,0.0000
4224,4880.40,4254.83,NaN,NaN,NaN
4225,5234.80,4034.27,0,0,0.0000
4226,5082.13,4326.90,2,3,0.0000
4227,4937.83,4277.08,NaN,NaN,NaN
4228,4860.62,4454.07,NaN,NaN,NaN
4229,5421.57,4564.94,NaN,NaN,NaN
4230,4821.56,4525.34,NaN,NaN,NaN
4231,5233.88,4528.62,2,4,2.0000
4232,5132.03,4172.90,3,3,0.0000
4233,5310.98,4431.43,0,0,0.0000
4234,5298.83,4505.83,2,0,0.0000
4235,5282.32,4068.34,0,0,0.0000
4236,5175.49,4426.79,4,7,0.0000
4237,5054.20,4552.90,NaN,NaN,NaN
4238,4775.30,4477.32,NaN,NaN,NaN
4239,5317.60,4560.38,NaN,NaN,NaN
4240,4831.55,4473.17,0,0,0.0000
4241,4907.64,4202.67,0,0,0.0000
4242,4795.94,4209.22,NaN,NaN,NaN
4243,5104.07,4480.41,3,5,0.0000
4244,5126.44,4455.53,NaN,NaN,NaN
4245,4859.71,4182.38,NaN,NaN,NaN
4246,5060.49,4089.35,NaN,NaN,NaN
4247,5303.29,4035.70,0,0,0.0000
4248,4780.07,4348.46,NaN,NaN,NaN
4249,6077.38,4129.97,0,0,0.0000
4250,5529.44,4545.35,0,0,0.0000
4251,5956.93,4282.51,5,6,0.0000
4252,5693.00,4209.83,2,4,2.0000
4253,5893.82,4152.44,NaN,NaN,NaN
4254,5589.27,4361.68,2,3,0.0000
4255,6203.75,4297.47,NaN,NaN,NaN
4256,5810.82,4696.40,2,4,2.0000
4257,5746.26,4625.69,4,4,0.0000
4258,5710.69,4411.43,2,7,3.5000
4259,5763.39,4507.24,NaN,NaN,NaN
4260,6114.36,4445.55,2,2,0.0000
4261,5799.59,4406.08,0,0,0.0000
4262,5902.00,4583.91,NaN,NaN,NaN
4263,6102.36,4548.17,NaN,NaN,NaN
4264,5561.40,4040.61,NaN,NaN,NaN
4265,5591.12,4213.66,NaN,NaN,NaN
4266,5900.35,4398.61,NaN,NaN,NaN
4267,5651.77,3997.29,2,4,2.0000
4268,6031.59,4470.95,0,0,0.0000
4269,5826.71,4321.22,NaN,NaN,NaN
4270,5835.94,4257.16,0,0,0.0000
4271,5763.74,4121.99,2,3,0.0000
4272,5765.34,4019.04,0,0,0.0000
4273,6141.02,4624.11,2,2,0.0000
4274,6228.20,4165.23,NaN,NaN,NaN
4275,5925.04,4088.90,0,0,0.0000
4276,5526.33,4174.98,NaN,NaN,NaN
4277,5623.45,4620.61,NaN,NaN,NaN
4278,6261.94,4029.66,NaN,NaN,NaN
4279,5981.15,4515.94,NaN,NaN,NaN
4280,5726.41,4556.25,0,0,0.0000
4281,6042.71,4581.49,2,5,2.5000
4282,6174.97,4050.46,0,0,0.0000
4283,5567.71,4450.15,0,0,0.0000
4284,5886.08,4684.68,NaN,NaN,NaN
4285,5786.78,4067.96,NaN,NaN,NaN
4286,5828.17,4175.05,NaN,NaN,NaN
4287,5624.49,4489.91,0,0,0.0000
4288,5645.45,4549.08,NaN,NaN,NaN
4289,5873.10,4328.35,NaN,NaN,NaN
4290,5516.93,4108.92,NaN,NaN,NaN
4291,5717.71,3978.35,0,0,0.0000
4292,5957.18,4359.18,NaN,NaN,NaN
4293,6069.30,4652.85,0,0,0.0000
4294,5617.78,4690.54,NaN,NaN,NaN
4295,5937.18,4507.06,3,9,3.0000
4296,6009.49,4138.74,0,0,0.0000
4297,6252.45,4223.90,4,4,0.0000
4298,5867.01,4512.66,NaN,NaN,NaN
4299,5652.62,4458.69,NaN,NaN,NaN
4300,5596.28,4111.05,0,0,0.0000
4301,6118.62,4677.28,NaN,NaN,NaN
4302,6012.33,4255.01,NaN,NaN,NaN
4303,5650.20,4291.64,NaN,NaN,NaN
4304,5833.80,4599.45,NaN,NaN,NaN
4305,5795.57,4473.82,0,0,0.0000
4306,7035.66,4609.89,0,0,0.0000
4307,6500.28,4036.85,NaN,NaN,NaN
4308,6466.48,4238.17,3,4,0.0000
4309,6634.29,4728.20,3,8,2.6667
4310,6766.27,4530.90,2,6,3.0000
4311,6913.43,4113.44,0,0,0.0000
4312,6635.62,4127.38,2,4,2.0000
4313,6760.26,4361.90,NaN,NaN,NaN
4314,6856.24,4597.84,2,2,0.0000
4315,6385.23,4072.48,NaN,NaN,NaN
4316,6996.48,4319.25,NaN,NaN,NaN
4317,6464.89,4597.77,NaN,NaN,NaN
4318,6968.13,4216.94,0,0,0.0000
4319,6711.18,4070.30,NaN,NaN,NaN
4320,6834.79,4267.77,2,5,2.5000
4321,6904.09,3989.78,NaN,NaN,NaN
4322,6560.95,4261.34,NaN,NaN,NaN
4323,7007.62,4052.29,0,0,0.0000
4324,6369.07,4601.84,NaN,NaN,NaN
4325,6677.15,4590.80,2,3,0.0000
4326,6444.79,4660.17,NaN,NaN,NaN
4327,6825.94,4186.29,NaN,NaN,NaN
4328,6304.39,4498.83,0,0,0.0000
4329,6596.94,4340.45,NaN,NaN,NaN
4330,6468.12,4426.83,0,0,0.0000
4331,7035.17,4135.11,0,0,0.0000
4332,6822.00,4118.93,NaN,NaN,NaN
4333,6572.13,4617.26,NaN,NaN,NaN
4334,6545.18,4515.90,3,4,0.0000
4335,6726.32,4640.12,NaN,NaN,NaN
4336,6557.10,4697.30,NaN,NaN,NaN
4337,6753.72,4002.60,0,0,0.0000
4338,6628.04,4001.55,NaN,NaN,NaN
4339,6753.35,4266.45,2,5,2.5000
4340,6782.80,4627.21,0,0,0.0000
4341,6918.12,4627.36,NaN,NaN,NaN
4342,6725.94,4170.46,NaN,NaN,NaN
4343,6574.28,3990.44,NaN,NaN,NaN
4344,6434.86,4037.02,NaN,NaN,NaN
4345,6374.65,4684.06,NaN,NaN,NaN
4346,6703.93,4437.65,0,0,0.0000
4347,6304.38,4097.30,0,0,0.0000
4348,6515.96,4185.01,NaN,NaN,NaN
4349,6409.44,4326.93,3,5,0.0000
4350,6627.81,4418.13,0,0,0.0000
4351,6502.94,4363.28,NaN,NaN,NaN
4352,6939.14,4361.62,NaN,NaN,NaN
4353,6658.64,4511.40,0,0,0.0000
4354,6964.79,4552.34,0,0,0.0000
4355,6926.60,4297.88,NaN,NaN,NaN
4356,6892.89,4275.44,NaN,NaN,NaN
4357,6768.85,4686.84,0,0,0.0000
4358,6992.14,3981.01,0,0,0.0000
4359,6434.65,4497.51,0,0,0.0000
4360,6552.27,4412.97,NaN,NaN,NaN
4361,6635.53,4277.95,0,0,0.0000
4362,6397.69,4724.89,0,0,0.0000
4363,6608.96,4487.29,2,3,0.0000
4364,6698.57,4372.13,2,8,4.0000
4365,6759.81,4113.61,NaN,NaN,NaN
4366,6468.11,4126.22,NaN,NaN,NaN
4367,7361.67,4003.73,NaN,NaN,NaN
4368,7254.46,4399.50,2,2,0.0000
4369,7150.54,4047.38,NaN,NaN,NaN
4370,7765.39,4108.39,NaN,NaN,NaN
4371,7774.61,4292.98,0,0,0.0000
4372,7689.76,4619.88,NaN,NaN,NaN
4373,7493.19,4591.67,0,0,0.0000
4374,7399.78,4423.48,2,4,2.0000
4375,7428.58,4173.55,0,0,0.0000
4376,7648.18,4198.31,NaN,NaN,NaN
4377,7316.44,4629.27,NaN,NaN,NaN
4378,7192.14,4174.32,0,0,0.0000
4379,7465.92,4325.18,NaN,NaN,NaN
4380,7591.84,4721.82,NaN,NaN,NaN
4381,7583.98,4447.61,0,0,0.0000
4382,7455.66,4046.10,NaN,NaN,NaN
4383,7779.45,4384.14,0,0,0.0000
4384,7658.95,4392.24,NaN,NaN,NaN
4385,7689.56,4320.51,0,0,0.0000
4386,7613.71,4534.81,2,3,0.0000
4387,7127.43,4416.29,3,2,0.0000
4388,7416.21,4538.17,NaN,NaN,NaN
4389,7739.56,4453.29,2,3,0.0000
4390,7488.33,4689.80,NaN,NaN,NaN
4391,7520.93,4086.45,NaN,NaN,NaN
4392,7248.43,4603.30,NaN,NaN,NaN
4393,7298.10,4074.04,NaN,NaN,NaN
4394,7415.68,4300.01,0,0,0.0000
4395,7196.30,4692.43,NaN,NaN,NaN
4396,7443.08,4121.21,0,0,0.0000
4397,7076.16,3993.17,2,3,0.0000
4398,7715.44,4498.72,0,0,0.0000
4399,7553.96,4312.33,NaN,NaN,NaN
4400,7710.10,4564.25,0,0,0.0000
4401,7775.42,4706.31,0,0,0.0000
4402,7799.57,4504.36,0,0,0.0000
4403,7061.27,4275.49,0,0,0.0000
4404,7331.38,4128.74,0,0,0.0000
4405,7221.41,4247.63,NaN,NaN,NaN
4406,7182.34,4326.88,0,0,0.0000
4407,7116.39,4220.15,NaN,NaN,NaN
4408,7279.43,4168.71,NaN,NaN,NaN
4409,7565.41,4623.69,0,0,0.0000
4410,7755.64,4203.95,0,0,0.0000
4411,7365.91,4711.45,0,0,0.0000
4412,7715.32,4678.64,3,6,2.0000
4413,7673.96,4099.87,0,0,0.0000
4414,7416.96,4704.09,NaN,NaN,NaN
4415,7101.10,4343.43,0,0,0.0000
4416,7405.96,4648.95,NaN,NaN,NaN
4417,7536.31,4377.32,0,0,0.0000
4418,7584.39,4210.19,0,0,0.0000
4419,7389.85,4235.49,NaN,NaN,NaN
4420,7305.17,4716.61,3,4,0.0000
4421,7254.51,4518.91,NaN,NaN,NaN
4422,7507.12,4258.89,0,0,0.0000
4423,7138.13,4654.51,2,4,2.0000
4424,7685.00,4161.27,2,6,3.0000
4425,7611.33,4666.56,0,0,0.0000
4426,7103.50,4718.05,0,0,0.0000
4427,7308.67,4548.02,NaN,NaN,NaN
4428,7781.93,4036.08,NaN,NaN,NaN
4429,7199.34,4098.06,NaN,NaN,NaN
4430,7351.18,4485.45,0,0,0.0000
4431,7155.40,4286.77,NaN,NaN,NaN
4432,7799.97,4014.83,NaN,NaN,NaN
4433,7232.01,4106.96,NaN,NaN,NaN
4434,7041.93,4521.40,NaN,NaN,NaN
4435,7159.30,4621.08,NaN,NaN,NaN
4436,7655.92,4461.10,NaN,NaN,NaN
4437,7309.89,4278.57,2,6,3.0000
4438,7403.28,4601.88,0,0,0.0000
4439,7270.05,4294.91,0,0,0.0000
4440,7126.49,4484.86,NaN,NaN,NaN
4441,7248.78,4052.48,2,6,3.0000
4442,7426.85,4483.69,NaN,NaN,NaN
4443,7049.01,4386.19,3,3,0.0000
4444,7612.52,4309.38,0,0,0.0000
4445,7873.17,4072.23,NaN,NaN,NaN
4446,7846.37,4657.84,NaN,NaN,NaN
4447,7858.74,4270.08,0,0,0.0000
4448,7890.69,4470.21,0,0,0.0000
4449,8060.18,4620.85,2,5,2.5000
4450,8050.44,4553.95,NaN,NaN,NaN
4451,7877.25,4578.07,NaN,NaN,NaN
4452,7835.19,4118.98,NaN,NaN,NaN
4453,7837.96,4726.10,NaN,NaN,NaN
4454,7908.36,4729.50,0,0,0.0000
4455,7876.56,4343.31,3,5,0.0000
4456,7932.03,4653.81,0,0,0.0000
4457,8039.51,4722.87,NaN,NaN,NaN
4458,8494.61,4035.20,NaN,NaN,NaN
4459,7814.44,4457.26,0,0,0.0000
4460,7905.65,4537.98,0,0,0.0000
4461,8547.60,4235.39,0,0,0.0000
4462,7951.32,4478.28,0,0,0.0000
4463,7973.44,4557.12,0,0,0.0000
4464,7997.88,4532.00,0,0,0.0000
4465,8460.35,3982.92,0,0,0.0000
4466,7956.25,4583.41,0,0,0.0000
4467,8555.51,4368.48,0,0,0.0000
4468,8035.88,4490.55,NaN,NaN,NaN
4469,7955.55,4707.30,0,0,0.0000
4470,9264.98,4729.14,NaN,NaN,NaN
4471,9216.38,4302.13,0,0,0.0000
4472,9150.66,4407.09,NaN,NaN,NaN
4473,9229.75,4213.45,NaN,NaN,NaN
4474,9268.54,4508.94,0,0,0.0000
4475,9231.36,4574.47,NaN,NaN,NaN
4476,9341.81,4293.02,NaN,NaN,NaN
4477,9135.28,4335.39,0,0,0.0000
4478,9309.64,4333.26,NaN,NaN,NaN
4479,9220.33,4660.40,NaN,NaN,NaN
4480,9199.61,4734.82,0,0,0.0000
4481,9284.83,4642.01,NaN,NaN,NaN
4482,9215.73,4455.12,NaN,NaN,NaN
4483,9163.71,4261.72,NaN,NaN,NaN
4484,9316.84,4413.69,NaN,NaN,NaN
4485,8576.19,4195.15,NaN,NaN,NaN
4486,9299.48,4194.38,NaN,NaN,NaN
4487,8593.45,4352.92,NaN,NaN,NaN
4488,9176.83,4496.34,2,3,0.0000
4489,9250.63,4169.97,NaN,NaN,NaN
4490,9229.44,4388.02,2,4,2.0000
4491,8583.26,4287.36,0,0,0.0000
4492,8645.07,4503.77,NaN,NaN,NaN
4493,8578.33,4406.26,0,0,0.0000
4494,9464.07,4245.88,NaN,NaN,NaN
4495,9971.03,4593.10,NaN,NaN,NaN
4496,10106.87,4686.03,NaN,NaN,NaN
4497,9347.50,4587.85,0,0,0.0000
4498,9462.67,4591.40,2,3,0.0000
4499,9860.04,4365.37,NaN,NaN,NaN
4500,9889.26,4532.25,NaN,NaN,NaN
4501,9357.62,4191.95,0,0,0.0000
4502,10056.13,4294.78,NaN,NaN,NaN
4503,9874.24,4670.20,NaN,NaN,NaN
4504,9473.47,4436.57,NaN,NaN,NaN
4505,9874.87,4444.05,3,7,2.3333
4506,9931.31,3983.59,NaN,NaN,NaN
4507,9930.78,4327.48,NaN,NaN,NaN
4508,10083.96,4396.12,NaN,NaN,NaN
4509,9466.25,4672.63,0,0,0.0000
4510,9468.88,4348.22,NaN,NaN,NaN
4511,10022.15,4659.50,0,0,0.0000
4512,9859.39,4106.05,2,2,0.0000
4513,9934.61,4143.30,0,0,0.0000
4514,9965.31,4201.80,0,0,0.0000
4515,9402.91,4681.00,0,0,0.0000
4516,9404.56,4405.07,0,0,0.0000
4517,10036.63,4473.99,0,0,0.0000
4518,9998.86,4124.69,NaN,NaN,NaN
4519,10070.73,4589.65,NaN,NaN,NaN
4520,10067.74,4194.38,0,0,0.0000
4521,9819.03,4726.06,NaN,NaN,NaN
4522,9995.20,4056.49,NaN,NaN,NaN
4523,10075.58,4101.80,2,5,2.5000
4524,10065.78,4017.19,0,0,0.0000
4525,9935.27,4382.76,0,0,0.0000
4526,10101.48,4499.75,NaN,NaN,NaN
4527,9754.05,4216.91,NaN,NaN,NaN
4528,9918.23,4275.29,NaN,NaN,NaN
4529,9811.67,4159.99,2,2,0.0000
4530,9903.76,4596.13,2,6,3.0000
4531,9410.49,4475.62,NaN,NaN,NaN
4532,9920.02,4058.98,0,0,0.0000
4533,9974.70,4250.99,NaN,NaN,NaN
4534,9835.45,4514.67,NaN,NaN,NaN
4535,9372.92,4262.32,NaN,NaN,NaN
4536,9850.59,4144.76,0,0,0.0000
4537,10766.02,4266.16,NaN,NaN,NaN
4538,10405.05,4096.22,2,2,0.0000
4539,10640.30,4313.22,NaN,NaN,NaN
4540,10293.41,4671.36,NaN,NaN,NaN
4541,10476.21,4470.16,NaN,NaN,NaN
4542,10563.87,4116.42,0,0,0.0000
4543,10188.46,4724.47,2,4,2.0000
4544,10637.31,4160.57,2,3,0.0000
4545,10469.71,4703.43,NaN,NaN,NaN
4546,10708.68,3976.89,NaN,NaN,NaN
4547,10847.02,4207.86,2,4,2.0000
4548,10748.06,4496.18,NaN,NaN,NaN
4549,10617.35,4500.76,NaN,NaN,NaN
4550,10132.74,4308.49,2,7,3.5000
4551,10861.81,4550.43,0,0,0.0000
4552,10152.99,4566.05,NaN,NaN,NaN
4553,10778.62,4048.76,0,0,0.0000
4554,10266.54,4114.54,NaN,NaN,NaN
4555,10817.00,4686.65,0,0,0.0000
4556,10332.06,4555.00,NaN,NaN,NaN
4557,10600.45,4617.45,NaN,NaN,NaN
4558,10699.25,4100.71,NaN,NaN,NaN
4559,10713.93,4637.57,NaN,NaN,NaN
4560,10305.41,4022.59,NaN,NaN,NaN
4561,10256.64,4234.25,0,0,0.0000
4562,10679.88,4459.85,NaN,NaN,NaN
4563,10199.65,4422.12,0,0,0.0000
4564,10486.85,4067.21,NaN,NaN,NaN
4565,10663.80,4607.97,2,3,0.0000
4566,10513.94,4586.87,0,0,0.0000
4567,10543.73,4671.38,NaN,NaN,NaN
4568,10498.08,4173.03,0,0,0.0000
4569,10554.07,4248.86,NaN,NaN,NaN
4570,10384.29,4344.06,NaN,NaN,NaN
4571,10328.17,4184.60,NaN,NaN,NaN
4572,10462.01,4238.11,0,0,0.0000
4573,10353.80,4417.49,0,0,0.0000
4574,10741.17,4367.12,NaN,NaN,NaN
4575,10297.78,4345.28,NaN,NaN,NaN
4576,10578.51,4385.40,NaN,NaN,NaN
4577,10384.29,4648.32,0,0,0.0000
4578,10870.73,4406.81,NaN,NaN,NaN
4579,10226.50,3970.56,NaN,NaN,NaN
4580,10785.90,4599.91,NaN,NaN,NaN
4581,10241.52,4036.99,NaN,NaN,NaN
4582,10175.20,4239.88,0,0,0.0000
4583,10381.22,4522.14,0,0,0.0000
4584,10258.59,4490.86,NaN,NaN,NaN
4585,10870.67,4124.98,NaN,NaN,NaN
4586,10247.02,4577.12,NaN,NaN,NaN
4587,10332.85,4275.82,2,5,2.5000
4588,10675.99,4036.78,NaN,NaN,NaN
4589,10133.74,4014.62,NaN,NaN,NaN
4590,10199.59,4156.14,0,0,0.0000
4591,10783.69,4156.05,0,0,0.0000
4592,10199.08,4346.16,NaN,NaN,NaN
4593,10389.14,4731.85,NaN,NaN,NaN
4594,10822.58,4112.29,0,0,0.0000
4595,10408.56,4198.41,2,3,0.0000
4596,10130.15,4446.48,NaN,NaN,NaN
4597,10451.61,4610.44,0,0,0.0000
4598,10225.93,4291.10,0,0,0.0000
4599,10822.52,4442.34,2,1,0.0000
4600,10624.17,4041.16,NaN,NaN,NaN
4601,10527.00,4340.43,0,0,0.0000
4602,10578.42,4035.37,0,0,0.0000
4603,10115.49,4181.53,0,0,0.0000
4604,11138.75,4334.37,NaN,NaN,NaN
4605,10994.50,4176.61,3,1,0.0000
4606,11087.98,4129.70,2,3,0.0000
4607,10921.58,4088.51,0,0,0.0000
4608,11176.59,4693.60,NaN,NaN,NaN
4609,10934.05,4583.06,0,0,0.0000
4610,11075.65,4449.95,0,0,0.0000
4611,11178.04,4431.38,0,0,0.0000
4612,10928.92,4433.04,NaN,NaN,NaN
4613,11133.39,4476.35,NaN,NaN,NaN
4614,11006.03,3991.30,NaN,NaN,NaN
4615,11099.71,4697.15,2,6,3.0000
4616,11111.11,4596.23,NaN,NaN,NaN
4617,11036.00,4321.16,NaN,NaN,NaN
4618,11021.42,4484.92,2,2,0.0000
4619,11007.69,4385.10,0,0,0.0000
4620,11257.63,4678.62,NaN,NaN,NaN
4621,11039.89,3971.88,NaN,NaN,NaN
4622,11027.24,4646.26,NaN,NaN,NaN
4623,11069.73,4269.97,NaN,NaN,NaN
4624,11165.15,4612.78,NaN,NaN,NaN
4625,11012.49,4067.52,NaN,NaN,NaN
4626,11080.42,4051.20,0,0,0.0000
4627,10961.05,4346.86,2,2,0.0000
4628,10971.33,4039.92,0,0,0.0000
4629,11114.02,4235.60,NaN,NaN,NaN
4630,11213.83,4638.02,NaN,NaN,NaN
4631,10980.35,4702.01,3,6,2.0000
4632,10921.58,4293.51,NaN,NaN,NaN
4633,10973.12,4291.86,NaN,NaN,NaN
4634,13912.85,4407.37,0,0,0.0000
4635,13773.93,4455.47,0,0,0.0000
4636,13915.61,4669.16,NaN,NaN,NaN
4637,13860.88,4512.07,NaN,NaN,NaN
4638,13810.32,4349.80,0,0,0.0000
4639,13845.21,4396.09,NaN,NaN,NaN
4640,13867.64,4272.56,NaN,NaN,NaN
4641,13921.03,4224.31,2,6,3.0000
4642,13924.77,4126.50,NaN,NaN,NaN
4643,13826.85,4701.71,0,0,0.0000
4644,13945.79,4481.92,2,3,0.0000
4645,13866.41,4619.63,NaN,NaN,NaN
4646,13911.98,4542.03,2,2,0.0000
4647,14222.51,4333.74,NaN,NaN,NaN
4648,14086.21,4669.91,4,7,0.0000
4649,14091.97,4228.24,NaN,NaN,NaN
4650,14182.78,4113.40,2,3,0.0000
4651,14123.68,4520.54,2,8,4.0000
4652,14374.10,4304.80,2,4,2.0000
4653,14229.81,4683.98,NaN,NaN,NaN
4654,14705.60,4166.06,2,2,0.0000
4655,14034.41,4595.28,0,0,0.0000
4656,14361.06,4531.54,NaN,NaN,NaN
4657,14416.18,4402.12,NaN,NaN,NaN
4658,14009.52,4241.29,NaN,NaN,NaN
4659,14107.73,4047.27,0,0,0.0000
4660,14333.20,4130.64,NaN,NaN,NaN
4661,14227.18,4504.15,2,3,0.0000
4662,14349.62,4689.81,2,7,3.5000
4663,14451.62,4457.12,2,2,0.0000
4664,14429.13,4248.34,NaN,NaN,NaN
4665,14493.51,4401.88,5,8,0.0000
4666,14119.88,4327.79,2,5,2.5000
4667,14170.08,4403.62,0,0,0.0000
4668,14421.95,4137.03,0,0,0.0000
4669,14397.83,4611.17,0,0,0.0000
4670,14020.92,4507.87,0,0,0.0000
4671,14641.52,4057.39,0,0,0.0000
4672,14380.61,4460.06,NaN,NaN,NaN
4673,14498.10,4638.69,2,6,3.0000
4674,14236.95,4040.58,NaN,NaN,NaN
4675,13956.10,4585.78,3,5,0.0000
4676,14470.61,4329.24,0,0,0.0000
4677,14292.70,4513.87,NaN,NaN,NaN
4678,14540.05,4258.92,0,0,0.0000
4679,13991.02,4447.64,NaN,NaN,NaN
4680,14291.97,4429.08,3,2,0.0000
4681,14437.55,4521.73,0,0,0.0000
4682,14417.65,4075.85,NaN,NaN,NaN
4683,14257.47,4599.38,NaN,NaN,NaN
4684,14679.26,4028.03,0,0,0.0000
4685,14609.02,4246.27,0,0,0.0000
4686,14661.67,4274.94,0,0,0.0000
4687,14037.10,4415.11,NaN,NaN,NaN
4688,13988.66,3981.61,0,0,0.0000
4689,14480.78,4056.72,0,0,0.0000
4690,14527.21,4075.85,NaN,NaN,NaN
4691,14649.12,4217.03,0,0,0.0000
4692,14575.26,4349.88,0,0,0.0000
4693,14775.87,4247.01,0,0,0.0000
4694,14872.26,4230.36,0,0,0.0000
4695,14875.71,4123.72,NaN,NaN,NaN
4696,14810.01,4089.25,0,0,0.0000
4697,14779.96,4031.63,2,1,0.0000
4698,14752.91,4112.09,0,0,0.0000
4699,14846.85,4171.95,0,0,0.0000
4700,14797.95,4136.68,0,0,0.0000
4701,15916.43,4007.52,NaN,NaN,NaN
4702,15828.43,4036.98,NaN,NaN,NaN
4703,15726.35,4027.57,NaN,NaN,NaN
4704,15672.91,3981.14,0,0,0.0000
4705,15868.89,4056.99,2,2,0.0000
4706,15829.41,3982.67,0,0,0.0000
4707,386.61,5339.19,3,5,0.0000
4708,482.36,5127.01,3,5,0.0000
4709,343.23,5035.43,2,2,0.0000
4710,496.61,5214.94,3,3,0.0000
4711,852.46,4895.98,3,8,2.6667
4712,298.83,5387.87,NaN,NaN,NaN
4713,224.40,5264.29,NaN,NaN,NaN
4714,522.49,5381.51,4,7,0.0000
4715,280.38,5201.85,NaN,NaN,NaN
4716,439.03,5038.53,2,3,0.0000
4717,332.89,5131.99,3,2,0.0000
4718,199.45,5359.36,2,4,2.0000
4719,510.82,5256.68,NaN,NaN,NaN
4720,571.65,5331.77,NaN,NaN,NaN
4721,285.67,5267.61,0,0,0.0000
4722,177.74,5284.11,NaN,NaN,NaN
4723,107.00,4878.95,NaN,NaN,NaN
4724,568.24,5063.53,2,2,0.0000
4725,577.53,5136.00,0,0,0.0000
4726,250.44,5124.19,NaN,NaN,NaN
4727,221.27,5415.86,2,5,2.5000
4728,781.87,4822.30,NaN,NaN,NaN
4729,661.67,4755.18,NaN,NaN,NaN
4730,401.41,5188.46,3,4,0.0000
4731,616.95,4772.73,NaN,NaN,NaN
4732,401.92,5125.19,3,5,0.0000
4733,521.36,5021.24,NaN,NaN,NaN
4734,100.24,4961.02,0,0,0.0000
4735,135.20,4922.23,0,0,0.0000
4736,790.00,5475.37,0,0,0.0000
4737,522.31,5063.17,0,0,0.0000
4738,1194.05,5036.00,NaN,NaN,NaN
4739,1449.70,5184.13,3,4,0.0000
4740,1229.00,4913.24,4,4,0.0000
4741,936.12,4909.40,NaN,NaN,NaN
4742,1103.13,5094.66,NaN,NaN,NaN
4743,1300.05,5220.61,NaN,NaN,NaN
4744,1438.32,5080.28,NaN,NaN,NaN
4745,1026.76,4901.14,NaN,NaN,NaN
4746,1535.30,5206.44,NaN,NaN,NaN
4747,1282.89,5141.45,0,0,0.0000
4748,1239.48,5189.49,NaN,NaN,NaN
4749,1098.08,4909.26,0,0,0.0000
4750,1354.96,4968.31,4,3,0.0000
4751,1359.42,5187.03,3,3,0.0000
4752,1000.45,5047.52,2,1,0.0000
4753,1375.39,5228.42,NaN,NaN,NaN
4754,1055.65,4983.28,0,0,0.0000
4755,1074.50,4820.06,0,0,0.0000
4756,1252.16,4855.86,0,0,0.0000
4757,1350.11,5122.15,0,0,0.0000
4758,2016.86,5463.96,0,0,0.0000
4759,1964.80,4886.98,0,0,0.0000
4760,1931.52,5104.11,NaN,NaN,NaN
4761,1809.97,5258.81,NaN,NaN,NaN
4762,1866.47,4963.09,NaN,NaN,NaN
4763,1905.41,5309.56,0,0,0.0000
4764,1892.81,5223.15,NaN,NaN,NaN
4765,1969.79,5364.74,NaN,NaN,NaN
4766,2098.70,5453.83,NaN,NaN,NaN
4767,1935.58,5225.53,NaN,NaN,NaN
4768,1845.83,4740.48,0,0,0.0000
4769,1849.64,5355.55,NaN,NaN,NaN
4770,1793.94,4873.99,0,0,0.0000
4771,1835.72,5414.48,0,0,0.0000
4772,2136.08,5488.49,0,0,0.0000
4773,1839.49,5030.18,0,0,0.0000
4774,1952.77,5423.73,0,0,0.0000
4775,1852.29,5479.56,0,0,0.0000
4776,1945.44,5496.52,2,3,0.0000
4777,1784.38,4804.63,0,0,0.0000
4778,2151.75,5433.76,NaN,NaN,NaN
4779,1916.32,5440.91,0,0,0.0000
4780,2811.56,5138.30,0,0,0.0000
4781,2726.63,5367.71,0,0,0.0000
4782,2717.54,5053.55,NaN,NaN,NaN
4783,2583.03,4851.81,NaN,NaN,NaN
4784,2593.34,5009.72,NaN,NaN,NaN
4785,2718.14,4938.58,NaN,NaN,NaN
4786,2651.79,5260.51,0,0,0.0000
4787,2711.10,5208.12,2,2,0.0000
4788,2894.35,5340.63,2,2,0.0000
4789,2818.08,5448.38,NaN,NaN,NaN
4790,2784.02,4984.56,NaN,NaN,NaN
4791,2907.52,5255.15,0,0,0.0000
4792,2581.82,5192.87,NaN,NaN,NaN
4793,2578.65,5101.52,NaN,NaN,NaN
4794,2887.75,5442.66,3,4,0.0000
4795,2523.76,4872.72,NaN,NaN,NaN
4796,2821.50,5359.01,0,0,0.0000
4797,2627.70,5160.44,0,0,0.0000
4798,2567.69,5386.93,NaN,NaN,NaN
4799,2540.77,5023.34,NaN,NaN,NaN
4800,2953.93,5379.79,NaN,NaN,NaN
4801,2698.09,4827.33,NaN,NaN,NaN
4802,2772.15,5194.27,0,0,0.0000
4803,2633.52,4930.25,0,0,0.0000
4804,2624.80,5418.53,NaN,NaN,NaN
4805,2886.29,5500.81,2,4,2.0000
4806,2790.93,4921.20,0,0,0.0000
4807,2671.02,5406.03,NaN,NaN,NaN
4808,2569.02,5239.26,NaN,NaN,NaN
4809,2510.19,5038.20,2,3,0.0000
4810,2533.70,5101.46,NaN,NaN,NaN
4811,2765.20,4803.77,NaN,NaN,NaN
4812,2979.32,5500.73,2,2,0.0000
4813,2871.96,5175.66,0,0,0.0000
4814,2641.45,5017.87,NaN,NaN,NaN
4815,3967.31,5056.28,0,0,0.0000
4816,3704.74,4744.41,NaN,NaN,NaN
4817,3850.33,4741.08,0,0,0.0000
4818,3895.34,5267.18,NaN,NaN,NaN
4819,3923.69,4762.61,NaN,NaN,NaN
4820,3941.82,5200.79,NaN,NaN,NaN
4821,3697.63,4916.11,NaN,NaN,NaN
4822,3693.95,4820.21,NaN,NaN,NaN
4823,3594.27,4747.60,2,3,0.0000
4824,3890.61,5160.25,NaN,NaN,NaN
4825,3783.88,4758.53,0,0,0.0000
4826,3652.52,5297.34,NaN,NaN,NaN
4827,3794.51,5443.81,2,2,0.0000
4828,3775.37,4816.96,0,0,0.0000
4829,3859.53,5376.14,NaN,NaN,NaN
4830,3704.01,5369.59,NaN,NaN,NaN
4831,3868.65,5303.75,NaN,NaN,NaN
4832,3844.20,5136.15,0,0,0.0000
4833,3928.83,5102.33,3,5,0.0000
4834,3742.20,5339.84,2,4,2.0000
4835,3956.52,5420.27,0,0,0.0000
4836,3655.68,4779.47,NaN,NaN,NaN
4837,3846.54,4799.01,0,0,0.0000
4838,3741.38,5413.50,NaN,NaN,NaN
4839,3833.42,5351.22,NaN,NaN,NaN
4840,3694.71,5319.71,NaN,NaN,NaN
4841,3728.19,4854.41,NaN,NaN,NaN
4842,3546.17,4774.18,NaN,NaN,NaN
4843,3737.10,5460.42,NaN,NaN,NaN
4844,3682.77,5421.30,NaN,NaN,NaN
4845,4004.15,5280.07,NaN,NaN,NaN
4846,4046.37,4923.02,0,0,0.0000
4847,4155.13,5215.61,0,0,0.0000
4848,4259.90,5353.94,NaN,NaN,NaN
4849,4081.40,4760.84,NaN,NaN,NaN
4850,4464.81,5051.63,NaN,NaN,NaN
4851,4274.69,5279.25,NaN,NaN,NaN
4852,4263.07,5475.83,2,4,2.0000
4853,4061.04,5325.03,2,4,2.0000
4854,4054.51,5119.90,NaN,NaN,NaN
4855,4142.09,5074.77,2,5,2.5000
4856,4055.59,4844.38,0,0,0.0000
4857,4148.95,5480.92,NaN,NaN,NaN
4858,4184.33,5294.78,NaN,NaN,NaN
4859,4521.61,4996.29,2,4,2.0000
4860,4236.36,5157.13,NaN,NaN,NaN
4861,4176.02,5375.17,0,0,0.0000
4862,3974.10,4818.12,NaN,NaN,NaN
4863,4134.49,4980.78,2,4,2.0000
4864,4461.06,4961.10,NaN,NaN,NaN
4865,4217.74,4898.96,0,0,0.0000
4866,4400.69,5502.99,0,0,0.0000
4867,4128.37,4818.60,0,0,0.0000
4868,4284.68,4921.39,NaN,NaN,NaN
4869,4302.01,5423.46,NaN,NaN,NaN
4870,4192.43,4982.81,0,0,0.0000
4871,4580.74,5097.07,NaN,NaN,NaN
4872,4175.95,5121.81,2,3,0.0000
4873,4199.59,4804.71,0,0,0.0000
4874,4553.46,4936.03,0,0,0.0000
4875,4236.20,4855.28,0,0,0.0000
4876,4242.23,4976.40,0,0,0.0000
4877,4413.56,4910.91,2,4,2.0000
4878,4078.82,5407.80,NaN,NaN,NaN
4879,4004.47,5450.63,NaN,NaN,NaN
4880,4011.27,4778.71,3,4,0.0000
4881,4589.18,5051.12,3,4,0.0000
4882,4277.15,5211.62,0,0,0.0000
4883,4485.22,4865.07,0,0,0.0000
4884,4063.95,4980.28,NaN,NaN,NaN
4885,4102.54,5181.36,0,0,0.0000
4886,4226.39,4942.03,0,0,0.0000
4887,4010.25,5168.15,0,0,0.0000
4888,4441.93,4838.77,NaN,NaN,NaN
4889,4140.72,4906.33,NaN,NaN,NaN
4890,4119.70,4944.22,0,0,0.0000
4891,4118.86,5436.59,NaN,NaN,NaN
4892,4357.43,5431.66,0,0,0.0000
4893,4176.55,4929.31,0,0,0.0000
4894,4181.42,4857.21,0,0,0.0000
4895,4060.39,5045.76,NaN,NaN,NaN
4896,5388.46,5244.11,0,0,0.0000
4897,5423.67,4946.50,NaN,NaN,NaN
4898,5369.72,5041.96,NaN,NaN,NaN
4899,5300.01,4767.45,2,5,2.5000
4900,5142.18,4740.61,2,3,0.0000
4901,5495.12,5305.04,0,0,0.0000
4902,5300.11,4823.41,NaN,NaN,NaN
4903,5494.08,4758.58,0,0,0.0000
4904,5228.10,5063.18,NaN,NaN,NaN
4905,5478.40,5179.15,0,0,0.0000
4906,5266.78,4967.69,NaN,NaN,NaN
4907,5342.79,4885.35,3,7,2.3333
4908,5246.23,4903.84,NaN,NaN,NaN
4909,5078.73,4741.53,NaN,NaN,NaN
4910,5476.43,4946.05,2,4,2.0000
4911,5365.76,4978.24,0,0,0.0000
4912,5447.77,5220.63,0,0,0.0000
4913,5429.13,4786.55,NaN,NaN,NaN
4914,5468.30,5442.29,NaN,NaN,NaN
4915,5211.80,4833.28,NaN,NaN,NaN
4916,5414.33,5094.92,NaN,NaN,NaN
4917,5284.74,5100.78,0,0,0.0000
4918,5362.40,4816.94,NaN,NaN,NaN
4919,5216.11,4744.82,NaN,NaN,NaN
4920,5440.72,5485.89,NaN,NaN,NaN
4921,5350.97,5097.82,0,0,0.0000
4922,5415.55,4842.49,NaN,NaN,NaN
4923,5214.02,4988.24,0,0,0.0000
4924,5276.12,5026.34,0,0,0.0000
4925,5443.62,4887.58,NaN,NaN,NaN
4926,5480.58,5387.51,NaN,NaN,NaN
4927,5442.51,4850.10,NaN,NaN,NaN
4928,5405.28,5379.25,0,0,0.0000
4929,5703.83,5380.94,NaN,NaN,NaN
4930,6209.49,5024.19,2,2,0.0000
4931,5874.53,5421.30,0,0,0.0000
4932,5676.16,5165.54,NaN,NaN,NaN
4933,6047.42,5032.34,NaN,NaN,NaN
4934,5841.76,5296.73,NaN,NaN,NaN
4935,6008.45,5250.78,2,3,0.0000
4936,5929.94,5237.12,NaN,NaN,NaN
4937,6194.74,4852.79,NaN,NaN,NaN
4938,6128.23,5122.04,NaN,NaN,NaN
4939,6158.21,5353.24,0,0,0.0000
4940,6078.91,5221.94,NaN,NaN,NaN
4941,6145.74,5216.50,NaN,NaN,NaN
4942,5889.70,5137.94,0,0,0.0000
4943,6037.05,5345.87,NaN,NaN,NaN
4944,6123.22,4744.15,2,7,3.5000
4945,5508.45,5065.39,0,0,0.0000
4946,5984.10,4772.54,NaN,NaN,NaN
4947,5953.48,4973.62,NaN,NaN,NaN
4948,5752.36,4828.63,NaN,NaN,NaN
4949,5919.77,4773.16,2,4,2.0000
4950,5768.72,5051.31,0,0,0.0000
4951,5527.45,4888.65,NaN,NaN,NaN
4952,5610.09,5224.83,NaN,NaN,NaN
4953,6159.80,4904.66,0,0,0.0000
4954,5531.45,5169.96,0,0,0.0000
4955,5556.08,5261.63,NaN,NaN,NaN
4956,5718.80,5250.15,3,9,3.0000
4957,5689.93,4754.04,3,5,0.0000
4958,5825.27,4775.01,3,8,2.6667
4959,6203.56,5204.80,0,0,0.0000
4960,5679.26,5013.73,2,3,0.0000
4961,5944.64,4885.92,2,6,3.0000
4962,5852.11,5019.61,0,0,0.0000
4963,5587.49,5028.73,0,0,0.0000
4964,6125.58,4973.49,NaN,NaN,NaN
4965,5860.84,5205.38,NaN,NaN,NaN
4966,5585.46,5102.31,0,0,0.0000
4967,6227.85,5289.16,NaN,NaN,NaN
4968,5603.31,5314.51,0,0,0.0000
4969,6220.01,5475.98,0,0,0.0000
4970,6101.16,4859.70,0,0,0.0000
4971,5801.11,4869.64,NaN,NaN,NaN
4972,5622.50,4768.14,0,0,0.0000
4973,5551.33,4968.68,NaN,NaN,NaN
4974,5747.54,4983.44,NaN,NaN,NaN
4975,5727.12,5083.13,0,0,0.0000
4976,5832.64,4915.64,NaN,NaN,NaN
4977,5571.34,4928.22,NaN,NaN,NaN
4978,5578.80,4804.23,0,0,0.0000
4979,5979.11,5088.26,0,0,0.0000
4980,5693.48,4827.52,NaN,NaN,NaN
4981,6214.10,5115.32,NaN,NaN,NaN
4982,5596.32,5455.40,0,0,0.0000
4983,5904.14,4912.20,0,0,0.0000
4984,5659.00,4942.96,NaN,NaN,NaN
4985,5535.97,5015.61,0,0,0.0000
4986,5986.96,5135.49,0,0,0.0000
4987,5731.23,4931.74,NaN,NaN,NaN
4988,5855.77,4852.59,0,0,0.0000
4989,5591.19,4874.67,NaN,NaN,NaN
4990,5612.72,5393.22,2,3,0.0000
4991,5622.39,5051.72,0,0,0.0000
4992,5660.41,5486.47,NaN,NaN,NaN
4993,6103.71,4916.13,0,0,0.0000
4994,5760.11,5292.51,0,0,0.0000
4995,5571.56,5387.48,0,0,0.0000
4996,5643.39,4823.43,0,0,0.0000
4997,5559.99,5465.22,0,0,0.0000
4998,5564.78,4839.81,0,0,0.0000
4999,5511.91,4828.68,0,0,0.0000
5000,6822.34,4738.52,NaN,NaN,NaN
5001,6817.39,4841.73,2,3,0.0000
5002,6609.08,4930.56,NaN,NaN,NaN
5003,6723.88,5266.56,3,4,0.0000
5004,6280.44,4839.70,NaN,NaN,NaN
5005,6288.82,5129.19,NaN,NaN,NaN
5006,6272.90,5367.90,NaN,NaN,NaN
5007,6391.34,4992.63,NaN,NaN,NaN
5008,6321.54,4993.02,0,0,0.0000
5009,6348.05,5056.91,0,0,0.0000
5010,6736.84,5377.19,3,8,2.6667
5011,6782.41,5081.91,NaN,NaN,NaN
5012,6472.82,5403.68,2,4,2.0000
5013,6304.41,5325.20,2,3,0.0000
5014,6274.47,5195.71,NaN,NaN,NaN
5015,6814.71,5213.50,NaN,NaN,NaN
5016,6329.79,5245.45,0,0,0.0000
5017,6740.98,5469.02,NaN,NaN,NaN
5018,6915.25,5061.25,0,0,0.0000
5019,6607.59,5362.76,NaN,NaN,NaN
5020,6647.60,5213.11,NaN,NaN,NaN
5021,6297.42,4911.63,NaN,NaN,NaN
5022,6730.54,5127.98,4,4,0.0000
5023,6350.31,4824.87,NaN,NaN,NaN
5024,6593.01,5280.09,0,0,0.0000
5025,6871.26,5472.46,0,0,0.0000
5026,6591.20,4832.98,0,0,0.0000
5027,6651.18,5065.04,NaN,NaN,NaN
5028,6848.48,5319.31,0,0,0.0000
5029,6460.47,4741.39,NaN,NaN,NaN
5030,6663.70,5395.20,2,2,0.0000
5031,6460.50,5311.27,NaN,NaN,NaN
5032,6571.10,5399.64,3,7,2.3333
5033,6806.56,5328.70,0,0,0.0000
5034,6824.84,5389.49,NaN,NaN,NaN
5035,6670.41,5144.01,NaN,NaN,NaN
5036,6527.64,5211.04,0,0,0.0000
5037,6310.68,5502.77,0,0,0.0000
5038,6920.88,4759.29,0,0,0.0000
5039,6859.14,5218.61,0,0,0.0000
5040,6411.67,4941.42,0,0,0.0000
5041,6830.51,5104.27,3,7,2.3333
5042,6917.29,5138.98,0,0,0.0000
5043,6417.18,5378.18,NaN,NaN,NaN
5044,6579.98,5148.41,0,0,0.0000
5045,6517.38,5434.74,NaN,NaN,NaN
5046,6861.82,5087.60,NaN,NaN,NaN
5047,6355.46,4916.77,NaN,NaN,NaN
5048,6681.97,5359.85,0,0,0.0000
5049,6585.41,5082.51,NaN,NaN,NaN
5050,6430.01,4765.13,NaN,NaN,NaN
5051,6749.08,4895.22,0,0,0.0000
5052,6397.97,5499.27,0,0,0.0000
5053,6571.01,5054.28,0,0,0.0000
5054,6454.48,5469.07,0,0,0.0000
5055,6617.38,5109.65,0,0,0.0000
5056,6600.96,5197.61,0,0,0.0000
5057,6844.22,5500.51,NaN,NaN,NaN
5058,6474.17,4996.59,NaN,NaN,NaN
5059,6362.25,5402.10,0,0,0.0000
5060,6831.72,5451.47,3,5,0.0000
5061,7577.53,4902.65,2,2,0.0000
5062,7681.34,5290.44,NaN,NaN,NaN
5063,7778.16,4973.74,NaN,NaN,NaN
5064,7559.28,5361.71,2,2,0.0000
5065,7371.81,5172.70,2,3,0.0000
5066,7436.60,5065.67,NaN,NaN,NaN
5067,7453.54,4937.13,0,0,0.0000
5068,7584.14,5466.04,NaN,NaN,NaN
5069,7505.10,5460.01,2,4,2.0000
5070,7715.04,4877.66,0,0,0.0000
5071,7333.17,4775.16,0,0,0.0000
5072,7256.11,4989.81,0,0,0.0000
5073,7546.40,4805.25,2,1,0.0000
5074,7520.45,5013.67,0,0,0.0000
5075,7717.00,5054.36,NaN,NaN,NaN
5076,7288.14,4830.75,0,0,0.0000
5077,7337.46,4908.48,NaN,NaN,NaN
5078,7383.50,4951.52,NaN,NaN,NaN
5079,7579.16,5185.23,NaN,NaN,NaN
5080,7488.31,5218.31,3,6,2.0000
5081,7674.56,5188.79,0,0,0.0000
5082,7540.42,5115.00,NaN,NaN,NaN
5083,7291.67,5136.35,2,8,4.0000
5084,7773.24,5449.48,2,4,2.0000
5085,7325.22,5015.68,NaN,NaN,NaN
5086,7443.36,5184.18,0,0,0.0000
5087,7724.10,4805.79,0,0,0.0000
5088,7403.89,5325.88,NaN,NaN,NaN
5089,7435.10,5293.51,NaN,NaN,NaN
5090,7338.63,5273.48,0,0,0.0000
5091,7154.68,4747.16,2,1,0.0000
5092,7588.56,5027.01,2,2,0.0000
5093,7208.75,4789.79,0,0,0.0000
5094,7599.08,5068.98,NaN,NaN,NaN
5095,7542.51,5250.09,2,4,2.0000
5096,7445.51,4863.62,NaN,NaN,NaN
5097,7312.67,5203.09,NaN,NaN,NaN
5098,7673.66,4776.23,NaN,NaN,NaN
5099,7511.71,5071.75,NaN,NaN,NaN
5100,7264.76,5101.48,NaN,NaN,NaN
5101,7623.26,5157.94,0,0,0.0000
5102,7286.68,4936.61,NaN,NaN,NaN
5103,7370.95,5085.86,0,0,0.0000
5104,7211.91,4928.04,NaN,NaN,NaN
5105,7508.62,4748.06,NaN,NaN,NaN
5106,7433.45,4815.43,NaN,NaN,NaN
5107,7999.59,5274.20,NaN,NaN,NaN
5108,8124.13,4796.55,NaN,NaN,NaN
5109,8289.58,5127.97,NaN,NaN,NaN
5110,7953.71,4879.80,2,4,2.0000
5111,7816.36,5220.41,0,0,0.0000
5112,7841.24,5079.68,2,1,0.0000
5113,8181.61,5257.80,NaN,NaN,NaN
5114,8152.26,5099.83,0,0,0.0000
5115,8226.79,4912.95,NaN,NaN,NaN
5116,7917.56,4801.67,NaN,NaN,NaN
5117,7830.30,4868.21,NaN,NaN,NaN
5118,7902.83,5483.73,2,6,3.0000
5119,8483.30,5218.59,NaN,NaN,NaN
5120,8268.71,5378.09,NaN,NaN,NaN
5121,8498.08,5503.29,NaN,NaN,NaN
5122,8275.17,5249.33,NaN,NaN,NaN
5123,8516.43,5305.05,NaN,NaN,NaN
5124,8031.52,5452.65,NaN,NaN,NaN
5125,7887.47,5299.85,NaN,NaN,NaN
5126,8371.34,5058.62,0,0,0.0000
5127,8066.95,4877.34,NaN,NaN,NaN
5128,8547.84,5371.98,0,0,0.0000
5129,8300.82,5009.25,NaN,NaN,NaN
5130,8226.16,5034.95,0,0,0.0000
5131,8145.10,5015.58,NaN,NaN,NaN
5132,8419.58,5240.56,2,2,0.0000
5133,7953.37,5041.00,0,0,0.0000
5134,8365.12,5341.31,NaN,NaN,NaN
5135,8024.83,4821.85,0,0,0.0000
5136,8230.85,5321.58,0,0,0.0000
5137,8378.36,5202.43,NaN,NaN,NaN
5138,7822.04,5437.16,NaN,NaN,NaN
5139,8427.13,5350.16,NaN,NaN,NaN
5140,8146.64,4920.55,NaN,NaN,NaN
5141,8035.04,5195.55,NaN,NaN,NaN
5142,8064.63,4975.33,NaN,NaN,NaN
5143,8324.08,5211.13,NaN,NaN,NaN
5144,8034.92,5027.95,0,0,0.0000
5145,8387.90,5489.89,0,0,0.0000
5146,8100.85,5375.01,0,0,0.0000
5147,7937.70,5133.95,0,0,0.0000
5148,7994.03,4736.85,2,4,2.0000
5149,8101.33,5160.49,NaN,NaN,NaN
5150,7864.28,5169.67,0,0,0.0000
5151,8184.96,4972.83,2,2,0.0000
5152,8560.52,5230.88,0,0,0.0000
5153,8475.29,5378.99,3,4,0.0000
5154,8032.03,5084.25,0,0,0.0000
5155,8079.29,5054.94,NaN,NaN,NaN
5156,8400.20,5400.49,0,0,0.0000
5157,7841.67,5499.42,0,0,0.0000
5158,8082.98,5210.51,0,0,0.0000
5159,8600.69,5477.58,NaN,NaN,NaN
5160,9253.50,4842.62,0,0,0.0000
5161,9321.74,4840.77,0,0,0.0000
5162,9727.29,5323.69,NaN,NaN,NaN
5163,10050.09,5152.97,NaN,NaN,NaN
5164,9827.66,5211.55,NaN,NaN,NaN
5165,9612.14,5385.44,0,0,0.0000
5166,9958.72,5086.17,2,3,0.0000
5167,10019.67,4932.68,NaN,NaN,NaN
5168,9996.88,5467.97,NaN,NaN,NaN
5169,9974.09,5313.24,NaN,NaN,NaN
5170,10061.28,5267.23,NaN,NaN,NaN
5171,9532.19,5446.73,NaN,NaN,NaN
5172,9894.77,5328.43,2,2,0.0000
5173,9918.06,4826.64,NaN,NaN,NaN
5174,10077.07,4870.15,NaN,NaN,NaN
5175,9420.95,4864.83,NaN,NaN,NaN
5176,9943.53,5413.14,NaN,NaN,NaN
5177,9450.44,4749.68,0,0,0.0000
5178,9503.60,4859.69,0,0,0.0000
5179,9945.82,4738.18,0,0,0.0000
5180,10102.42,5040.37,NaN,NaN,NaN
5181,9684.50,5453.95,0,0,0.0000
5182,9823.89,5424.32,0,0,0.0000
5183,9517.36,5325.87,2,1,0.0000
5184,10077.40,4988.61,0,0,0.0000
5185,9889.23,5246.84,0,0,0.0000
5186,9884.49,4933.82,0,0,0.0000
5187,9441.73,4929.47,NaN,NaN,NaN
5188,9513.38,5206.51,NaN,NaN,NaN
5189,9703.48,5390.29,NaN,NaN,NaN
5190,9594.49,5310.50,3,3,0.0000
5191,9499.13,5269.23,0,0,0.0000
5192,9496.78,5381.84,NaN,NaN,NaN
5193,9899.79,5498.87,NaN,NaN,NaN
5194,9975.55,4922.03,NaN,NaN,NaN
5195,9367.28,4908.51,0,0,0.0000
5196,9479.66,5493.61,0,0,0.0000
5197,9390.09,4774.86,0,0,0.0000
5198,9493.53,4795.57,NaN,NaN,NaN
5199,9959.55,5211.72,NaN,NaN,NaN
5200,10019.99,4736.62,0,0,0.0000
5201,9954.73,4987.61,NaN,NaN,NaN
5202,10059.53,4774.63,0,0,0.0000
5203,9733.31,5481.08,NaN,NaN,NaN
5204,9436.22,5195.70,0,0,0.0000
5205,9400.05,4806.79,2,0,0.0000
5206,9879.90,5398.77,NaN,NaN,NaN
5207,9844.26,5286.37,2,2,0.0000
5208,9551.73,5255.62,0,0,0.0000
5209,10020.27,5085.13,0,0,0.0000
5210,10301.26,5088.55,2,4,2.0000
5211,10155.28,5140.91,NaN,NaN,NaN
5212,10689.02,4851.96,NaN,NaN,NaN
5213,10209.22,4888.94,3,3,0.0000
5214,10625.56,5020.77,0,0,0.0000
5215,10241.32,5321.15,NaN,NaN,NaN
5216,10703.75,5121.28,3,7,2.3333
5217,10332.13,4861.95,NaN,NaN,NaN
5218,10239.15,5228.43,NaN,NaN,NaN
5219,10447.67,5036.00,NaN,NaN,NaN
5220,10635.60,5181.18,NaN,NaN,NaN
5221,10448.99,4931.59,3,5,0.0000
5222,10606.94,5422.65,3,5,0.0000
5223,10794.63,4758.36,NaN,NaN,NaN
5224,10711.66,4974.06,NaN,NaN,NaN
5225,10517.20,5136.15,0,0,0.0000
5226,10757.77,5027.17,0,0,0.0000
5227,10416.75,5245.59,NaN,NaN,NaN
5228,10814.55,5141.40,0,0,0.0000
5229,10637.85,5277.51,NaN,NaN,NaN
5230,10267.79,5014.03,NaN,NaN,NaN
5231,10227.76,5385.43,0,0,0.0000
5232,10381.23,5333.40,0,0,0.0000
5233,10421.83,4827.03,0,0,0.0000
5234,10176.66,5011.78,NaN,NaN,NaN
5235,10331.08,5251.02,2,6,3.0000
5236,10129.89,5255.21,0,0,0.0000
5237,10745.35,5244.48,NaN,NaN,NaN
5238,10277.60,4766.80,NaN,NaN,NaN
5239,10515.30,5480.51,2,4,2.0000
5240,10853.77,5020.21,2,8,4.0000
5241,10830.02,4813.62,NaN,NaN,NaN
5242,10587.45,4848.25,0,0,0.0000
5243,10570.97,4950.10,0,0,0.0000
5244,10791.42,4874.81,0,0,0.0000
5245,10850.31,4906.05,NaN,NaN,NaN
5246,10796.09,5272.49,3,3,0.0000
5247,10493.07,5398.95,2,5,2.5000
5248,10355.92,4971.85,0,0,0.0000
5249,10343.22,5472.27,2,3,0.0000
5250,10263.24,4941.64,NaN,NaN,NaN
5251,10526.72,5314.40,0,0,0.0000
5252,10123.66,5341.42,NaN,NaN,NaN
5253,10516.38,4918.72,0,0,0.0000
5254,10427.70,5150.98,NaN,NaN,NaN
5255,10353.05,5156.06,NaN,NaN,NaN
5256,10286.07,4829.02,NaN,NaN,NaN
5257,10550.25,4773.51,NaN,NaN,NaN
5258,10401.65,4984.71,NaN,NaN,NaN
5259,10606.82,5113.16,NaN,NaN,NaN
5260,10705.15,4778.83,0,0,0.0000
5261,10112.57,4771.68,NaN,NaN,NaN
5262,10756.32,5183.72,2,4,2.0000
5263,10474.42,5308.35,NaN,NaN,NaN
5264,10489.90,5238.46,0,0,0.0000
5265,10458.92,5186.56,0,0,0.0000
5266,10896.34,5258.10,0,0,0.0000
5267,11077.26,4936.22,NaN,NaN,NaN
5268,11284.26,5177.11,NaN,NaN,NaN
5269,11179.41,5455.27,NaN,NaN,NaN
5270,11014.01,5071.07,NaN,NaN,NaN
5271,11174.02,4812.27,2,4,2.0000
5272,11087.95,5233.08,NaN,NaN,NaN
5273,11187.53,5353.63,NaN,NaN,NaN
5274,11166.29,5206.39,3,5,0.0000
5275,11239.92,4909.15,0,0,0.0000
5276,11059.14,4742.79,NaN,NaN,NaN
5277,11312.98,5069.66,2,2,0.0000
5278,10924.33,4811.98,NaN,NaN,NaN
5279,11264.27,5302.98,0,0,0.0000
5280,11398.45,5294.72,NaN,NaN,NaN
5281,11418.47,5170.55,0,0,0.0000
5282,11196.20,5089.99,0,0,0.0000
5283,10984.33,5437.93,NaN,NaN,NaN
5284,10993.32,5208.16,NaN,NaN,NaN
5285,10934.98,5013.94,4,4,0.0000
5286,11026.25,4823.09,0,0,0.0000
5287,11038.68,5485.30,0,0,0.0000
5288,11065.70,5363.82,0,0,0.0000
5289,10962.81,4946.35,NaN,NaN,NaN
5290,10970.01,5334.97,0,0,0.0000
5291,11394.82,5469.32,2,4,2.0000
5292,10956.74,4764.92,NaN,NaN,NaN
5293,11358.66,5414.97,NaN,NaN,NaN
5294,10894.94,5125.78,NaN,NaN,NaN
5295,11251.43,5015.78,NaN,NaN,NaN
5296,11475.74,5321.02,NaN,NaN,NaN
5297,11249.80,4758.67,0,0,0.0000
5298,11477.61,5471.68,NaN,NaN,NaN
5299,11439.83,5243.96,0,0,0.0000
5300,11301.04,5368.32,NaN,NaN,NaN
5301,10910.07,4918.16,NaN,NaN,NaN
5302,10915.08,5415.33,0,0,0.0000
5303,11139.90,5032.35,0,0,0.0000
5304,10982.20,5384.72,0,0,0.0000
5305,11135.68,5125.86,3,5,0.0000
5306,11164.88,4913.13,2,4,2.0000
5307,11392.06,5376.91,0,0,0.0000
5308,11034.13,5293.27,0,0,0.0000
5309,11211.13,5033.40,0,0,0.0000
5310,11207.80,4982.53,0,0,0.0000
5311,11288.36,4971.04,NaN,NaN,NaN
5312,11438.83,5342.28,NaN,NaN,NaN
5313,11440.33,5486.56,NaN,NaN,NaN
5314,11090.93,4803.71,0,0,0.0000
5315,10969.74,5149.58,NaN,NaN,NaN
5316,13946.66,4746.43,4,4,0.0000
5317,13862.42,4742.77,NaN,NaN,NaN
5318,13709.42,5109.38,0,0,0.0000
5319,13631.36,5104.61,0,0,0.0000
5320,13934.13,5089.81,0,0,0.0000
5321,13946.69,5146.01,0,0,0.0000
5322,13850.33,5032.56,0,0,0.0000
5323,13812.49,5219.08,0,0,0.0000
5324,14101.12,4751.41,3,9,3.0000
5325,14431.79,4892.91,2,5,2.5000
5326,14339.92,4764.34,2,7,3.5000
5327,14289.21,4827.77,2,4,2.0000
5328,14019.14,5074.68,0,0,0.0000
5329,14079.29,5077.18,0,0,0.0000
5330,14337.07,4906.91,NaN,NaN,NaN
5331,14120.43,5072.51,0,0,0.0000
5332,14151.06,5093.15,0,0,0.0000
5333,16210.51,5490.85,NaN,NaN,NaN
5334,16163.52,5432.38,NaN,NaN,NaN
5335,16256.61,5265.48,NaN,NaN,NaN
5336,16158.55,5307.77,0,0,0.0000
5337,16087.47,5399.78,0,0,0.0000
5338,16209.62,5367.70,NaN,NaN,NaN
5339,16283.36,5461.00,NaN,NaN,NaN
5340,16277.71,5320.21,0,0,0.0000
5341,16091.51,5441.50,0,0,0.0000
5342,16306.66,5267.06,0,0,0.0000
5343,16357.95,5286.88,NaN,NaN,NaN
5344,16154.51,5357.24,0,0,0.0000
5345,16093.70,5351.07,0,0,0.0000
5346,16367.29,5262.59,0,0,0.0000
5347,16360.01,5475.35,NaN,NaN,NaN
5348,729.72,5862.35,2,3,0.0000
5349,141.75,6224.72,NaN,NaN,NaN
5350,524.06,6040.48,2,3,0.0000
5351,300.13,5911.55,NaN,NaN,NaN
5352,436.49,5965.38,0,0,0.0000
5353,346.00,6155.91,NaN,NaN,NaN
5354,620.88,5914.93,4,6,0.0000
5355,496.03,5784.44,NaN,NaN,NaN
5356,857.92,5923.46,NaN,NaN,NaN
5357,868.37,5660.21,2,1,0.0000
5358,675.70,5795.85,3,7,2.3333
5359,457.13,6104.32,NaN,NaN,NaN
5360,765.00,5696.25,0,0,0.0000
5361,285.37,6122.00,NaN,NaN,NaN
5362,540.65,5916.53,NaN,NaN,NaN
5363,595.74,5842.71,2,4,2.0000
5364,813.23,5743.83,4,4,0.0000
5365,471.52,6173.06,0,0,0.0000
5366,305.12,6048.04,2,3,0.0000
5367,627.39,6074.33,3,7,2.3333
5368,632.40,5994.13,NaN,NaN,NaN
5369,405.98,6247.39,0,0,0.0000
5370,545.64,6188.90,NaN,NaN,NaN
5371,551.96,5830.37,NaN,NaN,NaN
5372,559.49,6119.38,NaN,NaN,NaN
5373,782.89,5920.83,NaN,NaN,NaN
5374,892.06,6046.16,0,0,0.0000
5375,777.09,5566.01,0,0,0.0000
5376,568.92,5757.67,NaN,NaN,NaN
5377,846.68,5576.58,0,0,0.0000
5378,716.73,5992.12,NaN,NaN,NaN
5379,489.85,5868.86,NaN,NaN,NaN
5380,892.92,6099.41,2,3,0.0000
5381,357.79,5934.14,NaN,NaN,NaN
5382,268.63,6222.71,3,2,0.0000
5383,356.65,5983.51,NaN,NaN,NaN
5384,522.04,5974.66,2,4,2.0000
5385,865.91,6000.12,NaN,NaN,NaN
5386,618.47,5704.54,2,3,0.0000
5387,789.98,5995.03,NaN,NaN,NaN
5388,291.07,6015.62,2,1,0.0000
5389,822.23,5831.43,0,0,0.0000
5390,663.44,6269.82,2,3,0.0000
5391,217.52,6131.33,0,0,0.0000
5392,351.01,6231.25,0,0,0.0000
5393,204.50,6036.78,NaN,NaN,NaN
5394,351.34,5830.38,0,0,0.0000
5395,373.58,6037.72,NaN,NaN,NaN
5396,415.48,6060.82,3,5,0.0000
5397,122.02,6159.51,0,0,0.0000
5398,392.36,5846.07,0,0,0.0000
5399,50.25,6267.96,NaN,NaN,NaN
5400,29.75,6256.52,NaN,NaN,NaN
5401,1165.87,6173.15,2,4,2.0000
5402,936.12,6094.67,3,5,0.0000
5403,1093.41,6234.17,NaN,NaN,NaN
5404,976.12,5861.77,NaN,NaN,NaN
5405,1055.55,6008.19,NaN,NaN,NaN
5406,1431.20,5848.97,NaN,NaN,NaN
5407,1042.74,5851.76,NaN,NaN,NaN
5408,898.58,5770.54,3,2,0.0000
5409,1267.77,6178.45,NaN,NaN,NaN
5410,987.32,5681.58,2,2,0.0000
5411,1102.57,5833.42,NaN,NaN,NaN
5412,922.88,5991.03,NaN,NaN,NaN
5413,900.78,5845.90,NaN,NaN,NaN
5414,1009.04,5786.86,0,0,0.0000
5415,1044.78,5921.17,NaN,NaN,NaN
5416,1097.75,5894.45,NaN,NaN,NaN
5417,992.24,5944.71,0,0,0.0000
5418,985.83,6023.20,NaN,NaN,NaN
5419,1599.53,6042.25,0,0,0.0000
5420,957.64,5736.75,NaN,NaN,NaN
5421,1266.23,6111.85,NaN,NaN,NaN
5422,1422.37,5924.44,0,0,0.0000
5423,1040.18,5729.06,NaN,NaN,NaN
5424,1222.34,6123.88,NaN,NaN,NaN
5425,924.08,5591.34,NaN,NaN,NaN
5426,1606.79,6095.82,NaN,NaN,NaN
5427,1047.60,5684.34,0,0,0.0000
5428,1070.12,5754.96,NaN,NaN,NaN
5429,969.81,5599.06,0,0,0.0000
5430,1141.38,5937.65,NaN,NaN,NaN
5431,1112.90,5955.26,NaN,NaN,NaN
5432,2097.03,5732.35,2,2,0.0000
5433,2337.10,5888.41,NaN,NaN,NaN
5434,1991.47,5627.57,0,0,0.0000
5435,2266.38,5798.18,5,4,0.0000
5436,2368.58,5622.69,2,3,0.0000
5437,1909.47,5617.05,NaN,NaN,NaN
5438,2328.97,5830.89,NaN,NaN,NaN
5439,2359.01,5777.84,0,0,0.0000
5440,2220.10,5724.37,NaN,NaN,NaN
5441,1742.21,6259.02,0,0,0.0000
5442,2374.66,5947.07,NaN,NaN,NaN
5443,2200.22,5866.43,NaN,NaN,NaN
5444,2397.71,5744.31,NaN,NaN,NaN
5445,2039.34,5557.63,2,5,2.5000
5446,2231.09,5917.85,2,3,0.0000
5447,2135.52,5686.70,0,0,0.0000
5448,2200.53,5814.79,0,0,0.0000
5449,2069.18,5654.74,NaN,NaN,NaN
5450,1936.03,5554.84,NaN,NaN,NaN
5451,2124.88,5815.45,0,0,0.0000
5452,2353.63,5727.37,NaN,NaN,NaN
5453,1987.20,5723.35,3,3,0.0000
5454,1844.49,5531.88,NaN,NaN,NaN
5455,2140.02,5523.36,0,0,0.0000
5456,1950.02,5667.59,NaN,NaN,NaN
5457,2076.10,5524.85,NaN,NaN,NaN
5458,2022.53,5678.59,NaN,NaN,NaN
5459,2037.75,5712.87,NaN,NaN,NaN
5460,2944.12,5530.29,3,3,0.0000
5461,2566.59,5586.56,NaN,NaN,NaN
5462,3085.16,5934.16,0,0,0.0000
5463,3490.74,6211.21,0,0,0.0000
5464,3324.40,6222.48,0,0,0.0000
5465,3728.43,6202.86,NaN,NaN,NaN
5466,3760.22,6251.57,2,3,0.0000
5467,3820.72,5508.10,3,4,0.0000
5468,3364.89,6174.97,NaN,NaN,NaN
5469,3305.08,6133.83,NaN,NaN,NaN
5470,3660.02,6170.10,NaN,NaN,NaN
5471,3569.26,6136.89,NaN,NaN,NaN
5472,3402.43,6237.10,0,0,0.0000
5473,3240.72,6228.28,2,3,0.0000
5474,4546.32,6094.18,3,7,2.3333
5475,4707.49,6262.72,0,0,0.0000
5476,4262.24,5590.28,2,5,2.5000
5477,4186.69,5934.38,0,0,0.0000
5478,4493.96,5775.05,NaN,NaN,NaN
5479,4374.95,6204.83,0,0,0.0000
5480,4035.99,5912.92,NaN,NaN,NaN
5481,4210.64,5834.14,2,2,0.0000
5482,4695.07,5905.39,NaN,NaN,NaN
5483,4364.58,6058.56,2,7,3.5000
5484,4647.07,5804.02,0,0,0.0000
5485,4139.71,5657.98,2,4,2.0000
5486,4275.52,5987.58,2,4,2.0000
5487,4348.51,5531.68,3,4,0.0000
5488,4360.48,5898.99,NaN,NaN,NaN
5489,4603.98,5939.79,2,1,0.0000
5490,4138.33,5759.39,NaN,NaN,NaN
5491,4031.23,5774.53,NaN,NaN,NaN
5492,4377.42,5639.76,NaN,NaN,NaN
5493,3981.73,5715.23,NaN,NaN,NaN
5494,4291.12,5722.37,NaN,NaN,NaN
5495,4453.10,5957.03,3,6,2.0000
5496,4363.42,5705.42,3,6,2.0000
5497,4378.32,5792.90,NaN,NaN,NaN
5498,4169.34,5560.99,NaN,NaN,NaN
5499,4046.43,5647.44,2,2,0.0000
5500,4042.00,5519.56,0,0,0.0000
5501,4421.80,6016.41,3,4,0.0000
5502,4088.15,5864.42,NaN,NaN,NaN
5503,4482.16,5683.72,NaN,NaN,NaN
5504,4169.77,6117.30,NaN,NaN,NaN
5505,4450.84,6158.66,NaN,NaN,NaN
5506,4633.58,6193.25,2,4,2.0000
5507,4445.96,5907.11,NaN,NaN,NaN
5508,4326.85,6269.73,0,0,0.0000
5509,4095.55,5508.64,NaN,NaN,NaN
5510,4539.06,5638.54,0,0,0.0000
5511,4683.14,6007.13,NaN,NaN,NaN
5512,4427.81,5595.27,0,0,0.0000
5513,4344.55,5966.20,NaN,NaN,NaN
5514,4162.79,6020.82,2,4,2.0000
5515,4076.64,5582.21,NaN,NaN,NaN
5516,4214.37,5716.74,NaN,NaN,NaN
5517,4262.97,5767.96,NaN,NaN,NaN
5518,4725.25,5827.31,NaN,NaN,NaN
5519,4240.37,6138.33,NaN,NaN,NaN
5520,4449.99,5819.60,2,4,2.0000
5521,4485.19,5880.20,2,6,3.0000
5522,4309.87,6106.68,0,0,0.0000
5523,4244.59,6255.89,NaN,NaN,NaN
5524,4294.66,6183.26,0,0,0.0000
5525,4005.00,5938.87,0,0,0.0000
5526,4726.68,6129.99,0,0,0.0000
5527,4316.45,5808.10,NaN,NaN,NaN
5528,4285.77,5913.04,NaN,NaN,NaN
5529,4609.43,5872.63,NaN,NaN,NaN
5530,4299.42,5845.77,NaN,NaN,NaN
5531,4091.23,5783.83,NaN,NaN,NaN
5532,4123.58,6081.75,0,0,0.0000
5533,4490.35,5609.31,NaN,NaN,NaN
5534,4572.29,5722.72,NaN,NaN,NaN
5535,4572.81,5768.78,NaN,NaN,NaN
5536,4085.56,5923.45,NaN,NaN,NaN
5537,4591.85,5693.47,0,0,0.0000
5538,4238.00,6059.60,0,0,0.0000
5539,4686.70,6062.64,NaN,NaN,NaN
5540,4245.05,6208.12,NaN,NaN,NaN
5541,4129.56,5933.89,4,4,0.0000
5542,4707.19,5780.83,NaN,NaN,NaN
5543,4115.98,5978.30,NaN,NaN,NaN
5544,4078.46,6022.01,0,0,0.0000
5545,4800.83,6182.66,0,0,0.0000
5546,4828.11,6106.49,0,0,0.0000
5547,5388.16,5531.16,2,5,2.5000
5548,5422.54,5619.93,NaN,NaN,NaN
5549,4763.29,6015.10,2,3,0.0000
5550,4746.69,5952.23,0,0,0.0000
5551,4815.74,5969.66,NaN,NaN,NaN
5552,5455.50,5757.10,NaN,NaN,NaN
5553,5458.18,5573.32,NaN,NaN,NaN
5554,5500.22,5729.48,NaN,NaN,NaN
5555,5949.79,6081.17,NaN,NaN,NaN
5556,6062.10,5902.48,0,0,0.0000
5557,5629.69,5569.40,NaN,NaN,NaN
5558,5965.39,5705.66,2,2,0.0000
5559,5768.95,5719.71,NaN,NaN,NaN
5560,6198.02,5748.70,3,6,2.0000
5561,6005.33,5521.08,3,7,2.3333
5562,6030.57,5634.64,0,0,0.0000
5563,5786.14,5985.94,NaN,NaN,NaN
5564,5717.32,5522.07,NaN,NaN,NaN
5565,6256.45,5850.52,NaN,NaN,NaN
5566,5543.43,5781.42,NaN,NaN,NaN
5567,5738.80,6140.40,NaN,NaN,NaN
5568,5786.60,5593.49,0,0,0.0000
5569,6174.18,6077.43,NaN,NaN,NaN
5570,5963.33,5584.63,NaN,NaN,NaN
5571,5940.33,5923.91,NaN,NaN,NaN
5572,5669.15,5680.39,3,5,0.0000
5573,6088.44,5793.77,0,0,0.0000
5574,5883.20,6169.96,NaN,NaN,NaN
5575,5917.60,5814.27,NaN,NaN,NaN
5576,6260.82,6096.75,2,4,2.0000
5577,6115.47,5542.39,5,3,0.0000
5578,6167.85,5895.89,NaN,NaN,NaN
5579,6140.70,5641.24,NaN,NaN,NaN
5580,6132.50,5771.65,NaN,NaN,NaN
5581,5823.32,6230.88,2,5,2.5000
5582,5507.15,5642.47,3,4,0.0000
5583,5772.78,5882.62,NaN,NaN,NaN
5584,5586.69,5705.16,NaN,NaN,NaN
5585,6085.09,5684.93,NaN,NaN,NaN
5586,5723.69,6049.03,3,8,2.6667
5587,6181.18,5597.55,NaN,NaN,NaN
5588,6156.25,5979.24,NaN,NaN,NaN
5589,5904.77,5624.85,NaN,NaN,NaN
5590,5983.47,6010.44,0,0,0.0000
5591,5860.74,5556.47,0,0,0.0000
5592,5653.53,5812.33,NaN,NaN,NaN
5593,5848.24,6013.81,NaN,NaN,NaN
5594,6024.18,5967.83,NaN,NaN,NaN
5595,5575.37,5849.11,0,0,0.0000
5596,6231.46,5941.64,NaN,NaN,NaN
5597,5519.11,5515.14,2,4,2.0000
5598,6080.70,5579.78,NaN,NaN,NaN
5599,5543.48,5690.06,NaN,NaN,NaN
5600,6043.25,5809.79,0,0,0.0000
5601,5593.79,5647.68,0,0,0.0000
5602,6195.24,6150.04,NaN,NaN,NaN
5603,5858.64,5724.96,NaN,NaN,NaN
5604,5562.27,5653.51,NaN,NaN,NaN
5605,5963.85,5869.53,3,4,0.0000
5606,5813.75,5657.92,0,0,0.0000
5607,5836.27,6082.07,0,0,0.0000
5608,5644.81,5941.07,0,0,0.0000
5609,5593.26,5745.67,4,5,0.0000
5610,6303.84,5691.56,2,4,2.0000
5611,6580.03,5624.48,0,0,0.0000
5612,6732.58,6239.24,0,0,0.0000
5613,6845.17,5675.59,NaN,NaN,NaN
5614,6312.68,5580.98,NaN,NaN,NaN
5615,6429.93,6126.83,NaN,NaN,NaN
5616,6453.41,5721.09,NaN,NaN,NaN
5617,6662.13,6258.81,NaN,NaN,NaN
5618,6678.98,6142.16,0,0,0.0000
5619,6528.81,6247.62,2,1,0.0000
5620,6431.73,5761.65,0,0,0.0000
5621,6853.32,6049.87,NaN,NaN,NaN
5622,6833.52,6224.21,2,2,0.0000
5623,6922.85,6156.52,2,3,0.0000
5624,6354.90,6085.01,NaN,NaN,NaN
5625,6429.74,5645.55,2,3,0.0000
5626,6509.81,5875.55,0,0,0.0000
5627,6349.91,6173.32,0,0,0.0000
5628,6988.63,6042.33,NaN,NaN,NaN
5629,6843.99,5967.62,0,0,0.0000
5630,6709.02,6068.02,0,0,0.0000
5631,6976.48,6166.91,NaN,NaN,NaN
5632,6364.89,5579.61,0,0,0.0000
5633,6551.98,5746.59,NaN,NaN,NaN
5634,6479.71,5673.44,0,0,0.0000
5635,6649.46,5695.86,NaN,NaN,NaN
5636,6418.19,5831.94,NaN,NaN,NaN
5637,6617.75,5573.12,NaN,NaN,NaN
5638,6450.93,5608.55,0,0,0.0000
5639,6931.54,5960.82,NaN,NaN,NaN
5640,6530.22,5577.71,0,0,0.0000
5641,6475.61,6078.62,0,0,0.0000
5642,6535.15,5660.82,NaN,NaN,NaN
5643,6278.02,5764.22,0,0,0.0000
5644,6306.68,5846.56,NaN,NaN,NaN
5645,6957.58,5985.35,0,0,0.0000
5646,6769.03,6033.41,0,0,0.0000
5647,6876.11,6104.32,0,0,0.0000
5648,6880.62,5563.23,3,4,0.0000
5649,6425.49,6076.12,0,0,0.0000
5650,6540.51,5798.53,0,0,0.0000
5651,7702.05,5526.94,0,0,0.0000
5652,7739.18,5826.00,2,4,2.0000
5653,7749.40,5722.89,2,9,4.5000
5654,7775.12,5582.04,NaN,NaN,NaN
5655,7750.62,5618.61,0,0,0.0000
5656,7547.06,5516.13,0,0,0.0000
5657,7681.88,5726.47,3,4,0.0000
5658,8088.77,5760.89,NaN,NaN,NaN
5659,7952.55,6192.41,0,0,0.0000
5660,8544.57,5603.44,0,0,0.0000
5661,8527.31,6184.83,NaN,NaN,NaN
5662,8063.11,5596.52,0,0,0.0000
5663,8403.33,5673.64,NaN,NaN,NaN
5664,8493.84,5984.67,NaN,NaN,NaN
5665,7916.61,5858.67,NaN,NaN,NaN
5666,8280.12,5720.00,NaN,NaN,NaN
5667,8226.99,5862.18,NaN,NaN,NaN
5668,8335.60,6078.17,NaN,NaN,NaN
5669,8494.83,5779.31,NaN,NaN,NaN
5670,7952.47,5546.92,NaN,NaN,NaN
5671,8370.41,5738.80,NaN,NaN,NaN
5672,8218.75,6139.78,NaN,NaN,NaN
5673,8414.47,5792.93,NaN,NaN,NaN
5674,8026.68,6034.17,0,0,0.0000
5675,8246.52,6237.36,NaN,NaN,NaN
5676,7861.29,5623.89,0,0,0.0000
5677,8167.22,5557.27,NaN,NaN,NaN
5678,8161.44,5623.86,NaN,NaN,NaN
5679,8341.14,5882.46,NaN,NaN,NaN
5680,8301.21,5508.11,0,0,0.0000
5681,8423.72,5874.96,NaN,NaN,NaN
5682,8173.46,6027.97,2,4,2.0000
5683,8315.17,6153.64,NaN,NaN,NaN
5684,8423.60,6026.28,NaN,NaN,NaN
5685,8145.34,5861.45,NaN,NaN,NaN
5686,7949.80,5687.32,NaN,NaN,NaN
5687,8237.67,5643.97,NaN,NaN,NaN
5688,8163.70,6239.12,NaN,NaN,NaN
5689,8345.85,6234.76,2,2,0.0000
5690,7812.62,5547.04,NaN,NaN,NaN
5691,8450.25,6225.63,NaN,NaN,NaN
5692,8220.63,5512.54,NaN,NaN,NaN
5693,7843.89,5786.85,NaN,NaN,NaN
5694,8290.73,6018.93,NaN,NaN,NaN
5695,8276.15,5916.27,0,0,0.0000
5696,8204.44,5763.76,NaN,NaN,NaN
5697,8095.47,5999.46,0,0,0.0000
5698,8556.69,6116.41,3,8,2.6667
5699,8295.42,5593.54,3,4,0.0000
5700,8109.46,6104.63,0,0,0.0000
5701,8037.42,6112.85,0,0,0.0000
5702,8430.80,5577.45,0,0,0.0000
5703,8244.18,5971.76,NaN,NaN,NaN
5704,7815.04,5854.66,NaN,NaN,NaN
5705,8500.60,6071.75,NaN,NaN,NaN
5706,7847.75,5739.03,0,0,0.0000
5707,8208.58,5974.60,2,7,3.5000
5708,8420.24,6112.98,NaN,NaN,NaN
5709,8036.99,5931.68,0,0,0.0000
5710,8060.17,5889.24,NaN,NaN,NaN
5711,7998.05,5860.13,0,0,0.0000
5712,7976.88,5939.26,NaN,NaN,NaN
5713,7857.88,5859.20,NaN,NaN,NaN
5714,7950.77,5973.93,0,0,0.0000
5715,8073.20,6216.74,NaN,NaN,NaN
5716,8121.79,5918.43,NaN,NaN,NaN
5717,7988.39,5645.83,NaN,NaN,NaN
5718,8551.54,5846.73,NaN,NaN,NaN
5719,8381.42,5958.23,0,0,0.0000
5720,8045.55,6185.36,0,0,0.0000
5721,8109.26,6214.43,NaN,NaN,NaN
5722,7993.28,5991.57,0,0,0.0000
5723,8159.90,6116.04,0,0,0.0000
5724,8352.80,5970.85,NaN,NaN,NaN
5725,7906.78,5584.86,NaN,NaN,NaN
5726,8090.50,5505.13,2,1,0.0000
5727,8244.42,5579.92,NaN,NaN,NaN
5728,7938.87,5927.22,3,9,3.0000
5729,8706.89,6038.71,3,6,2.0000
5730,8760.30,5859.66,NaN,NaN,NaN
5731,8633.78,6151.04,2,4,2.0000
5732,8585.77,6040.50,2,1,0.0000
5733,8584.93,5946.79,NaN,NaN,NaN
5734,8683.90,5667.32,3,5,0.0000
5735,8706.45,6216.92,2,2,0.0000
5736,8842.53,6008.84,NaN,NaN,NaN
5737,8734.01,5559.69,0,0,0.0000
5738,8635.65,6246.95,0,0,0.0000
5739,8848.31,5872.74,0,0,0.0000
5740,8784.11,5954.00,3,4,0.0000
5741,8670.17,5579.46,0,0,0.0000
5742,8850.89,6143.46,NaN,NaN,NaN
5743,8630.51,5707.30,3,5,0.0000
5744,8732.54,5716.26,NaN,NaN,NaN
5745,8918.22,5801.09,0,0,0.0000
5746,8583.41,5768.52,0,0,0.0000
5747,8628.11,5816.58,NaN,NaN,NaN
5748,9080.53,6271.45,NaN,NaN,NaN
5749,8866.56,5751.42,NaN,NaN,NaN
5750,8671.60,5906.83,NaN,NaN,NaN
5751,8893.06,5843.69,0,0,0.0000
5752,8843.38,5672.13,NaN,NaN,NaN
5753,8964.72,5947.41,NaN,NaN,NaN
5754,8760.39,6252.36,NaN,NaN,NaN
5755,8794.72,6133.32,0,0,0.0000
5756,8690.97,5837.82,3,5,0.0000
5757,8617.73,6078.37,NaN,NaN,NaN
5758,8721.89,5945.13,0,0,0.0000
5759,8802.11,6078.00,4,8,2.0000
5760,9798.16,5526.34,NaN,NaN,NaN
5761,9982.27,5934.10,NaN,NaN,NaN
5762,9506.00,5966.10,NaN,NaN,NaN
5763,10053.42,5880.70,NaN,NaN,NaN
5764,9752.99,5699.58,0,0,0.0000
5765,9609.20,6078.51,0,0,0.0000
5766,9888.26,5688.32,0,0,0.0000
5767,9589.82,5872.82,NaN,NaN,NaN
5768,9530.93,5580.62,NaN,NaN,NaN
5769,10033.34,6157.46,NaN,NaN,NaN
5770,9728.44,6150.21,NaN,NaN,NaN
5771,9609.23,5972.93,NaN,NaN,NaN
5772,9903.09,6123.39,0,0,0.0000
5773,10077.28,5672.61,0,0,0.0000
5774,10106.48,5763.90,0,0,0.0000
5775,9815.14,6066.87,2,4,2.0000
5776,9591.97,5657.98,NaN,NaN,NaN
5777,9938.62,6033.03,2,3,0.0000
5778,9974.24,5542.67,0,0,0.0000
5779,9428.03,5658.12,0,0,0.0000
5780,9515.72,5689.13,2,4,2.0000
5781,9750.89,6241.08,0,0,0.0000
5782,9688.64,5564.32,3,8,2.6667
5783,9960.85,6171.02,NaN,NaN,NaN
5784,9963.95,5632.40,0,0,0.0000
5785,9892.46,5607.24,0,0,0.0000
5786,9711.92,5874.79,0,0,0.0000
5787,9461.64,5563.47,NaN,NaN,NaN
5788,9633.79,5810.20,NaN,NaN,NaN
5789,9936.83,5783.59,NaN,NaN,NaN
5790,9791.58,5757.14,NaN,NaN,NaN
5791,9674.67,5723.84,2,3,0.0000
5792,9676.69,5642.59,0,0,0.0000
5793,9676.37,6069.94,0,0,0.0000
5794,9624.03,5587.79,0,0,0.0000
5795,9761.23,5919.22,NaN,NaN,NaN
5796,9684.14,5927.21,0,0,0.0000
5797,9853.99,5959.40,0,0,0.0000
5798,9578.90,5759.54,NaN,NaN,NaN
5799,9539.64,5818.90,NaN,NaN,NaN
5800,9831.61,6210.65,0,0,0.0000
5801,9500.74,5779.83,0,0,0.0000
5802,9845.25,5836.95,NaN,NaN,NaN
5803,9670.43,5997.41,0,0,0.0000
5804,9923.13,6212.60,NaN,NaN,NaN
5805,9745.93,6048.05,0,0,0.0000
5806,9507.73,5875.72,2,2,0.0000
5807,9688.29,6251.01,0,0,0.0000
5808,9677.94,5510.51,NaN,NaN,NaN
5809,9972.39,6259.17,0,0,0.0000
5810,10092.80,6143.63,0,0,0.0000
5811,10077.37,6232.72,NaN,NaN,NaN
5812,9445.37,5746.52,0,0,0.0000
5813,9846.87,5766.69,NaN,NaN,NaN
5814,9591.89,5531.39,NaN,NaN,NaN
5815,10062.08,6073.60,0,0,0.0000
5816,10024.44,6229.95,NaN,NaN,NaN
5817,9860.31,6045.53,0,0,0.0000
5818,9882.33,5774.23,2,3,0.0000
5819,9449.67,5706.91,0,0,0.0000
5820,10420.43,5527.67,NaN,NaN,NaN
5821,10241.64,5841.80,NaN,NaN,NaN
5822,10122.55,5942.30,0,0,0.0000
5823,10236.27,5723.73,NaN,NaN,NaN
5824,10198.39,5574.10,2,5,2.5000
5825,10229.97,5985.73,0,0,0.0000
5826,10439.07,5646.14,2,3,0.0000
5827,10522.85,5632.82,NaN,NaN,NaN
5828,10213.27,6249.58,NaN,NaN,NaN
5829,10738.66,5627.23,NaN,NaN,NaN
5830,10177.60,5678.57,0,0,0.0000
5831,10788.95,5541.73,2,3,0.0000
5832,10159.11,6185.90,NaN,NaN,NaN
5833,10539.62,5544.05,NaN,NaN,NaN
5834,10588.37,5567.62,NaN,NaN,NaN
5835,10173.64,6121.79,2,2,0.0000
5836,10326.18,5615.66,NaN,NaN,NaN
5837,10712.67,5551.33,NaN,NaN,NaN
5838,10360.98,5744.01,NaN,NaN,NaN
5839,10451.83,5707.20,0,0,0.0000
5840,10239.75,6171.66,0,0,0.0000
5841,10305.99,5937.69,0,0,0.0000
5842,10616.34,5640.14,0,0,0.0000
5843,10675.25,5644.41,2,6,3.0000
5844,10437.72,6000.65,NaN,NaN,NaN
5845,10299.73,5878.06,3,3,0.0000
5846,10496.08,5931.61,0,0,0.0000
5847,10217.91,6112.10,0,0,0.0000
5848,10249.83,6057.01,0,0,0.0000
5849,10571.51,5637.13,0,0,0.0000
5850,10794.05,6251.80,2,3,0.0000
5851,10809.31,5607.99,NaN,NaN,NaN
5852,10460.86,6026.63,0,0,0.0000
5853,10156.54,6045.96,0,0,0.0000
5854,10155.15,6052.98,0,0,0.0000
5855,10157.42,6048.84,0,0,0.0000
5856,11334.14,5532.07,2,2,0.0000
5857,11179.65,6129.29,0,0,0.0000
5858,11437.84,5600.82,NaN,NaN,NaN
5859,11515.32,6231.43,0,0,0.0000
5860,11118.83,5857.04,NaN,NaN,NaN
5861,11303.63,5953.96,2,3,0.0000
5862,11256.60,5583.87,NaN,NaN,NaN
5863,11388.49,5718.13,0,0,0.0000
5864,11095.50,5523.69,2,3,0.0000
5865,11202.39,6003.34,NaN,NaN,NaN
5866,11522.56,5964.97,0,0,0.0000
5867,11490.45,5541.57,NaN,NaN,NaN
5868,11335.40,6077.92,3,3,0.0000
5869,11466.14,5716.79,0,0,0.0000
5870,11298.27,5752.47,NaN,NaN,NaN
5871,11384.89,5816.53,2,3,0.0000
5872,11405.29,5937.07,0,0,0.0000
5873,11170.13,5920.15,NaN,NaN,NaN
5874,11011.75,6253.79,NaN,NaN,NaN
5875,11278.78,5672.52,NaN,NaN,NaN
5876,11184.80,5660.66,0,0,0.0000
5877,11532.69,6093.56,0,0,0.0000
5878,11414.31,6271.36,2,3,0.0000
5879,11089.74,5689.07,0,0,0.0000
5880,11460.51,6081.48,NaN,NaN,NaN
5881,11630.74,5815.13,NaN,NaN,NaN
5882,11557.15,5744.98,0,0,0.0000
5883,11249.89,6190.98,0,0,0.0000
5884,11197.22,5752.64,0,0,0.0000
5885,11334.82,6178.90,NaN,NaN,NaN
5886,10969.29,5509.11,NaN,NaN,NaN
5887,11103.90,6211.61,NaN,NaN,NaN
5888,11138.90,6057.32,0,0,0.0000
5889,11337.59,6260.90,NaN,NaN,NaN
5890,10936.58,6226.32,NaN,NaN,NaN
5891,11013.12,6162.33,NaN,NaN,NaN
5892,11065.66,5609.56,NaN,NaN,NaN
5893,11153.77,5577.59,0,0,0.0000
5894,11263.22,6074.45,0,0,0.0000
5895,11600.27,6049.10,0,0,0.0000
5896,11286.57,6139.24,NaN,NaN,NaN
5897,11577.69,5859.71,0,0,0.0000
5898,11383.46,6207.96,3,4,0.0000
5899,11125.55,6010.64,NaN,NaN,NaN
5900,11532.74,5640.44,0,0,0.0000
5901,10980.27,5639.19,3,9,3.0000
5902,10939.79,5551.37,0,0,0.0000
5903,11440.08,5999.47,NaN,NaN,NaN
5904,11300.32,5867.76,0,0,0.0000
5905,11325.02,5844.42,0,0,0.0000
5906,11247.13,5877.08,NaN,NaN,NaN
5907,11229.07,6269.34,2,4,2.0000
5908,11163.90,6214.10,NaN,NaN,NaN
5909,11612.19,5983.12,NaN,NaN,NaN
5910,11140.22,5709.19,NaN,NaN,NaN
5911,11642.73,6128.28,NaN,NaN,NaN
5912,10886.12,5546.97,NaN,NaN,NaN
5913,11085.93,5923.85,NaN,NaN,NaN
5914,11633.72,6169.71,0,0,0.0000
5915,11144.27,5787.85,0,0,0.0000
5916,11469.04,5810.02,NaN,NaN,NaN
5917,11757.67,6177.75,0,0,0.0000
5918,11671.04,5886.50,NaN,NaN,NaN
5919,11668.52,6231.19,0,0,0.0000
5920,11692.15,5941.24,2,1,0.0000
5921,11720.25,6080.87,0,0,0.0000
5922,11696.88,6045.70,NaN,NaN,NaN
5923,11658.96,6074.90,0,0,0.0000
5924,11734.32,6026.47,NaN,NaN,NaN
5925,16208.81,5602.65,NaN,NaN,NaN
5926,16161.48,6046.09,0,0,0.0000
5927,16294.70,5845.72,NaN,NaN,NaN
5928,16045.30,5973.39,NaN,NaN,NaN
5929,16212.49,5805.77,NaN,NaN,NaN
5930,16038.09,5858.53,NaN,NaN,NaN
5931,16238.32,5983.46,2,3,0.0000
5932,16070.75,6227.06,NaN,NaN,NaN
5933,16314.35,5700.07,3,5,0.0000
5934,15906.60,6125.23,0,0,0.0000
5935,16301.17,5913.35,7,2,0.0000
5936,16225.94,6131.30,NaN,NaN,NaN
5937,16106.89,5806.48,3,7,2.3333
5938,16007.19,6173.39,NaN,NaN,NaN
5939,16090.57,6032.36,0,0,0.0000
5940,15884.68,6229.90,NaN,NaN,NaN
5941,15959.95,6210.00,3,3,0.0000
5942,16204.56,6228.13,3,4,0.0000
5943,16126.20,5934.92,0,0,0.0000
5944,16339.29,5619.37,NaN,NaN,NaN
5945,15812.76,6235.75,2,2,0.0000
5946,16093.59,6123.22,NaN,NaN,NaN
5947,16142.32,5509.09,NaN,NaN,NaN
5948,16311.81,5972.34,0,0,0.0000
5949,16199.59,5884.51,NaN,NaN,NaN
5950,16322.57,6179.48,2,3,0.0000
5951,16305.02,6243.53,NaN,NaN,NaN
5952,15961.22,6138.76,NaN,NaN,NaN
5953,16027.55,6263.94,0,0,0.0000
5954,15887.57,6090.72,NaN,NaN,NaN
5955,16283.45,6154.16,0,0,0.0000
5956,16006.61,6229.15,NaN,NaN,NaN
5957,16166.52,5545.87,NaN,NaN,NaN
5958,16025.35,6126.63,NaN,NaN,NaN
5959,16268.02,5529.75,2,4,2.0000
5960,16350.83,5505.26,0,0,0.0000
5961,16125.99,6211.69,NaN,NaN,NaN
5962,16251.87,5690.20,2,3,0.0000
5963,16148.11,6228.40,2,2,0.0000
5964,16363.55,6192.72,NaN,NaN,NaN
5965,16280.12,5636.96,5,8,0.0000
5966,16118.31,5625.19,0,0,0.0000
5967,16099.56,5519.95,3,3,0.0000
5968,446.22,6444.62,NaN,NaN,NaN
5969,127.57,6418.00,3,5,0.0000
5970,712.33,6541.35,3,4,0.0000
5971,605.07,6780.60,NaN,NaN,NaN
5972,468.72,6286.48,NaN,NaN,NaN
5973,255.41,6395.90,NaN,NaN,NaN
5974,474.05,6636.43,2,4,2.0000
5975,608.90,6489.58,0,0,0.0000
5976,596.40,6613.22,0,0,0.0000
5977,595.92,6318.20,NaN,NaN,NaN
5978,789.50,6702.48,0,0,0.0000
5979,546.80,6908.32,2,3,0.0000
5980,302.87,6294.49,2,2,0.0000
5981,742.88,6926.74,NaN,NaN,NaN
5982,811.21,6814.41,NaN,NaN,NaN
5983,857.77,6430.94,NaN,NaN,NaN
5984,809.22,6635.03,4,7,0.0000
5985,532.96,6385.58,2,4,2.0000
5986,862.30,6526.17,NaN,NaN,NaN
5987,599.17,7027.80,NaN,NaN,NaN
5988,883.36,6860.28,2,4,2.0000
5989,740.72,6748.37,NaN,NaN,NaN
5990,651.78,6916.52,0,0,0.0000
5991,693.65,6659.23,NaN,NaN,NaN
5992,518.76,6800.55,2,3,0.0000
5993,730.79,6439.54,0,0,0.0000
5994,699.96,6357.65,NaN,NaN,NaN
5995,826.75,6926.84,4,5,0.0000
5996,476.70,6741.73,2,5,2.5000
5997,545.58,6660.54,0,0,0.0000
5998,291.49,6483.33,0,0,0.0000
5999,52.73,6331.25,NaN,NaN,NaN
6000,675.85,6748.51,NaN,NaN,NaN
6001,345.13,6464.59,3,3,0.0000
6002,759.44,6396.22,NaN,NaN,NaN
6003,652.93,6679.09,3,4,0.0000
6004,229.00,6273.13,0,0,0.0000
6005,667.70,6411.24,0,0,0.0000
6006,676.47,6841.46,2,2,0.0000
6007,116.44,6487.58,3,4,0.0000
6008,628.88,6383.26,0,0,0.0000
6009,736.20,6818.93,0,0,0.0000
6010,800.70,6568.35,0,0,0.0000
6011,534.01,6728.94,NaN,NaN,NaN
6012,344.34,6359.63,0,0,0.0000
6013,515.20,6331.64,0,0,0.0000
6014,767.85,6880.77,0,0,0.0000
6015,871.35,6799.19,0,0,0.0000
6016,925.88,6684.71,NaN,NaN,NaN
6017,917.83,6974.72,NaN,NaN,NaN
6018,998.26,6466.75,0,0,0.0000
6019,1176.41,6299.43,2,3,0.0000
6020,1089.52,6952.22,NaN,NaN,NaN
6021,1018.27,6653.05,NaN,NaN,NaN
6022,978.03,6842.93,0,0,0.0000
6023,1278.50,6292.45,NaN,NaN,NaN
6024,1014.14,6556.38,NaN,NaN,NaN
6025,1158.13,6929.31,NaN,NaN,NaN
6026,1403.03,7007.46,2,7,3.5000
6027,950.51,6795.91,2,4,2.0000
6028,1140.63,6869.79,NaN,NaN,NaN
6029,896.89,6478.44,3,5,0.0000
6030,1048.26,7039.29,NaN,NaN,NaN
6031,1057.91,6844.71,0,0,0.0000
6032,936.00,6505.90,3,4,0.0000
6033,954.74,6561.44,NaN,NaN,NaN
6034,1115.00,6813.55,0,0,0.0000
6035,1045.41,6796.33,0,0,0.0000
6036,1003.80,6962.53,0,0,0.0000
6037,2366.54,7032.31,4,5,0.0000
6038,1695.06,6319.67,NaN,NaN,NaN
6039,2386.79,6829.46,NaN,NaN,NaN
6040,2178.19,6901.12,NaN,NaN,NaN
6041,2274.69,6829.25,2,4,2.0000
6042,2105.98,6601.78,2,1,0.0000
6043,2285.81,6993.50,0,0,0.0000
6044,2168.50,6733.78,0,0,0.0000
6045,2146.55,6814.36,NaN,NaN,NaN
6046,2106.93,6771.26,3,5,0.0000
6047,2347.56,6900.80,NaN,NaN,NaN
6048,2220.83,6953.97,3,6,2.0000
6049,2218.62,6774.45,2,2,0.0000
6050,2177.09,6673.83,NaN,NaN,NaN
6051,2353.22,6948.47,NaN,NaN,NaN
6052,1845.33,6476.79,NaN,NaN,NaN
6053,2260.07,6909.46,NaN,NaN,NaN
6054,2201.63,6621.90,NaN,NaN,NaN
6055,2225.38,6868.75,NaN,NaN,NaN
6056,1845.35,6419.53,0,0,0.0000
6057,2415.50,6901.07,NaN,NaN,NaN
6058,2318.44,6867.16,NaN,NaN,NaN
6059,2224.11,6727.82,NaN,NaN,NaN
6060,2455.36,6946.88,2,5,2.5000
6061,3019.62,6452.41,0,0,0.0000
6062,3093.07,6464.14,NaN,NaN,NaN
6063,3144.52,6537.74,2,2,0.0000
6064,3190.16,6510.95,NaN,NaN,NaN
6065,3145.58,6349.15,NaN,NaN,NaN
6066,3061.56,6520.56,NaN,NaN,NaN
6067,3051.82,6398.07,0,0,0.0000
6068,2509.70,7021.28,0,0,0.0000
6069,2529.60,6992.47,0,0,0.0000
6070,3494.87,6702.07,2,2,0.0000
6071,3488.35,6525.93,NaN,NaN,NaN
6072,3756.15,6842.56,0,0,0.0000
6073,3395.23,6735.23,0,0,0.0000
6074,3531.42,6345.79,NaN,NaN,NaN
6075,3247.37,6398.54,2,5,2.5000
6076,3432.90,6399.51,NaN,NaN,NaN
6077,3514.12,6276.66,4,2,0.0000
6078,3372.01,6524.65,0,0,0.0000
6079,3784.71,6681.13,NaN,NaN,NaN
6080,3216.44,6469.19,2,3,0.0000
6081,3650.81,6807.84,2,3,0.0000
6082,3702.96,6641.27,2,2,0.0000
6083,3591.51,6486.69,5,6,0.0000
6084,3633.56,6713.73,0,0,0.0000
6085,3554.90,6643.20,NaN,NaN,NaN
6086,3793.18,6594.46,0,0,0.0000
6087,3921.84,6860.05,0,0,0.0000
6088,3343.96,6785.16,NaN,NaN,NaN
6089,3869.00,6900.06,0,0,0.0000
6090,3693.75,6478.18,2,2,0.0000
6091,3638.37,6642.01,NaN,NaN,NaN
6092,3605.35,6430.50,0,0,0.0000
6093,3847.22,6748.63,NaN,NaN,NaN
6094,3771.31,6738.29,0,0,0.0000
6095,3286.90,6463.53,2,6,3.0000
6096,3840.96,6844.50,NaN,NaN,NaN
6097,3580.24,6592.74,NaN,NaN,NaN
6098,3391.24,6940.18,NaN,NaN,NaN
6099,3713.87,6754.47,0,0,0.0000
6100,3708.77,6583.54,0,0,0.0000
6101,3409.15,6457.86,0,0,0.0000
6102,3693.81,6715.70,0,0,0.0000
6103,3802.66,6916.02,0,0,0.0000
6104,3363.91,6899.75,0,0,0.0000
6105,3368.69,6282.10,NaN,NaN,NaN
6106,3375.50,7019.10,2,6,3.0000
6107,3741.12,6937.70,0,0,0.0000
6108,3449.52,6619.47,NaN,NaN,NaN
6109,3644.03,6573.09,0,0,0.0000
6110,3305.56,6599.37,NaN,NaN,NaN
6111,3533.30,6416.36,0,0,0.0000
6112,3696.27,6919.68,NaN,NaN,NaN
6113,3369.43,6837.53,0,0,0.0000
6114,3342.86,6405.20,3,6,2.0000
6115,3558.78,6797.42,NaN,NaN,NaN
6116,3882.12,6715.81,0,0,0.0000
6117,3454.16,6339.67,2,2,0.0000
6118,3731.31,6536.72,0,0,0.0000
6119,4579.36,6714.39,0,0,0.0000
6120,4483.33,6514.31,3,2,0.0000
6121,4686.24,6728.36,0,0,0.0000
6122,4655.06,6546.31,NaN,NaN,NaN
6123,4461.42,6805.33,0,0,0.0000
6124,4469.94,6368.65,NaN,NaN,NaN
6125,4703.80,6924.51,NaN,NaN,NaN
6126,4618.86,6287.13,NaN,NaN,NaN
6127,4568.20,6905.46,3,6,2.0000
6128,4451.71,6653.98,NaN,NaN,NaN
6129,4303.24,6408.54,NaN,NaN,NaN
6130,4641.13,6391.67,0,0,0.0000
6131,4613.67,7035.48,NaN,NaN,NaN
6132,4535.27,6281.63,0,0,0.0000
6133,4606.89,6856.55,0,0,0.0000
6134,4354.84,6576.67,NaN,NaN,NaN
6135,4315.79,6327.45,2,9,4.5000
6136,4692.59,6827.69,NaN,NaN,NaN
6137,4499.28,6631.58,4,6,0.0000
6138,4394.22,6344.04,3,4,0.0000
6139,4536.36,6418.38,2,10,5.0000
6140,4588.79,6599.07,0,0,0.0000
6141,4573.54,6995.65,0,0,0.0000
6142,4461.96,6274.27,0,0,0.0000
6143,4392.90,6722.90,NaN,NaN,NaN
6144,4587.93,6448.90,0,0,0.0000
6145,4359.53,6494.74,NaN,NaN,NaN
6146,4380.66,6419.39,NaN,NaN,NaN
6147,4722.96,6553.14,NaN,NaN,NaN
6148,4241.80,6333.42,NaN,NaN,NaN
6149,4670.09,6978.02,NaN,NaN,NaN
6150,4398.15,6540.90,NaN,NaN,NaN
6151,4609.51,6563.63,0,0,0.0000
6152,4694.79,6464.63,0,0,0.0000
6153,4303.68,6578.76,NaN,NaN,NaN
6154,4518.20,6781.20,2,5,2.5000
6155,4802.42,6979.73,NaN,NaN,NaN
6156,4809.56,6821.73,2,1,0.0000
6157,4899.43,6462.58,3,5,0.0000
6158,4876.37,6560.98,3,3,0.0000
6159,4886.56,6835.83,4,5,0.0000
6160,4778.91,6522.18,NaN,NaN,NaN
6161,4948.88,6742.42,2,4,2.0000
6162,4760.67,6672.37,0,0,0.0000
6163,4784.57,6409.80,NaN,NaN,NaN
6164,5144.74,6862.04,NaN,NaN,NaN
6165,5050.96,6712.76,NaN,NaN,NaN
6166,5282.36,6552.94,NaN,NaN,NaN
6167,4973.67,6896.97,0,0,0.0000
6168,4963.08,6395.86,NaN,NaN,NaN
6169,4971.58,6640.19,NaN,NaN,NaN
6170,4895.54,6282.14,NaN,NaN,NaN
6171,4829.12,6360.30,2,1,0.0000
6172,4786.45,6286.43,0,0,0.0000
6173,5112.77,6933.47,NaN,NaN,NaN
6174,5043.27,6547.41,NaN,NaN,NaN
6175,5166.76,6959.76,NaN,NaN,NaN
6176,5069.44,6881.06,NaN,NaN,NaN
6177,5227.73,6986.93,0,0,0.0000
6178,5014.02,6772.35,3,3,0.0000
6179,5104.83,7031.03,0,0,0.0000
6180,5372.98,6725.82,2,1,0.0000
6181,4896.69,6751.01,2,5,2.5000
6182,5255.46,6619.26,NaN,NaN,NaN
6183,4767.35,7036.81,0,0,0.0000
6184,4900.81,6934.18,NaN,NaN,NaN
6185,4943.39,6661.26,0,0,0.0000
6186,5052.62,6960.21,0,0,0.0000
6187,4770.72,6594.36,NaN,NaN,NaN
6188,4969.99,6468.15,NaN,NaN,NaN
6189,5345.20,6762.85,0,0,0.0000
6190,5012.02,6863.02,NaN,NaN,NaN
6191,4841.04,6281.41,0,0,0.0000
6192,5110.87,6795.88,NaN,NaN,NaN
6193,5083.12,6808.40,0,0,0.0000
6194,4986.08,6955.77,NaN,NaN,NaN
6195,5940.70,6316.41,0,0,0.0000
6196,6148.84,6532.49,NaN,NaN,NaN
6197,6079.08,6501.50,0,0,0.0000
6198,5970.25,6772.74,0,0,0.0000
6199,6070.09,6684.35,0,0,0.0000
6200,5986.49,6683.14,2,4,2.0000
6201,5907.00,6639.26,NaN,NaN,NaN
6202,5877.15,6417.25,0,0,0.0000
6203,6039.85,6858.09,NaN,NaN,NaN
6204,6023.64,6805.03,0,0,0.0000
6205,5992.17,6533.05,3,8,2.6667
6206,6023.64,6735.14,NaN,NaN,NaN
6207,5838.81,6372.43,NaN,NaN,NaN
6208,6058.52,6902.98,NaN,NaN,NaN
6209,5872.72,6540.26,NaN,NaN,NaN
6210,5801.64,6364.09,NaN,NaN,NaN
6211,5961.48,6631.50,2,3,0.0000
6212,5922.17,6582.46,NaN,NaN,NaN
6213,6004.75,6612.74,0,0,0.0000
6214,6076.39,6568.45,NaN,NaN,NaN
6215,6041.43,6567.41,NaN,NaN,NaN
6216,5817.92,6322.01,NaN,NaN,NaN
6217,6630.44,6410.63,2,5,2.5000
6218,6564.95,6340.42,0,0,0.0000
6219,6691.51,6330.20,NaN,NaN,NaN
6220,6704.10,6573.47,5,3,0.0000
6221,6461.70,6336.71,NaN,NaN,NaN
6222,6570.80,6486.95,NaN,NaN,NaN
6223,6845.39,6446.52,NaN,NaN,NaN
6224,6647.04,6846.00,0,0,0.0000
6225,6811.00,6511.46,NaN,NaN,NaN
6226,6857.45,6353.94,2,3,0.0000
6227,6724.60,6811.05,NaN,NaN,NaN
6228,6570.27,6805.07,0,0,0.0000
6229,6625.76,6897.91,NaN,NaN,NaN
6230,6627.21,6771.79,NaN,NaN,NaN
6231,6602.38,6974.03,0,0,0.0000
6232,6552.11,6869.58,NaN,NaN,NaN
6233,6852.78,6274.17,2,2,0.0000
6234,6576.24,6927.90,0,0,0.0000
6235,6826.12,6590.68,NaN,NaN,NaN
6236,7137.41,6882.69,NaN,NaN,NaN
6237,7097.13,6882.14,0,0,0.0000
6238,7192.85,7019.28,2,3,0.0000
6239,7148.39,7019.97,NaN,NaN,NaN
6240,8351.67,6848.39,NaN,NaN,NaN
6241,8510.33,6350.96,NaN,NaN,NaN
6242,8454.13,6707.42,0,0,0.0000
6243,8455.72,6517.05,0,0,0.0000
6244,8245.87,6644.16,0,0,0.0000
6245,8446.52,7023.40,NaN,NaN,NaN
6246,8403.37,6972.27,NaN,NaN,NaN
6247,8489.72,6827.76,0,0,0.0000
6248,8571.74,6320.39,NaN,NaN,NaN
6249,8324.55,6578.07,NaN,NaN,NaN
6250,8142.43,6579.24,2,4,2.0000
6251,8073.88,6287.78,NaN,NaN,NaN
6252,8446.98,6386.49,2,2,0.0000
6253,8175.41,6342.84,NaN,NaN,NaN
6254,8178.23,6429.23,3,4,0.0000
6255,8408.92,6589.15,0,0,0.0000
6256,8553.23,6448.22,NaN,NaN,NaN
6257,8344.47,6758.25,NaN,NaN,NaN
6258,8552.16,6528.64,NaN,NaN,NaN
6259,8301.66,6690.35,0,0,0.0000
6260,8059.23,6417.63,NaN,NaN,NaN
6261,8331.92,6479.44,NaN,NaN,NaN
6262,8312.21,6912.62,0,0,0.0000
6263,8006.50,6423.18,2,7,3.5000
6264,8251.80,6764.18,0,0,0.0000
6265,8438.34,6902.95,NaN,NaN,NaN
6266,8180.27,6514.72,NaN,NaN,NaN
6267,8190.39,6720.83,0,0,0.0000
6268,8117.36,6467.91,2,4,2.0000
6269,7932.55,6367.04,NaN,NaN,NaN
6270,8139.82,6660.67,NaN,NaN,NaN
6271,8316.84,6994.43,NaN,NaN,NaN
6272,8239.12,6506.00,2,4,2.0000
6273,8564.04,6773.43,0,0,0.0000
6274,8252.07,6388.98,NaN,NaN,NaN
6275,8305.74,6279.33,0,0,0.0000
6276,8085.65,6364.72,2,2,0.0000
6277,8345.76,6390.44,0,0,0.0000
6278,7996.40,6298.32,NaN,NaN,NaN
6279,8498.32,6604.65,0,0,0.0000
6280,8200.24,6949.38,NaN,NaN,NaN
6281,8461.05,6299.43,0,0,0.0000
6282,8540.07,6980.01,0,0,0.0000
6283,8557.15,6628.29,3,5,0.0000
6284,8262.06,6939.70,0,0,0.0000
6285,8293.78,6405.41,NaN,NaN,NaN
6286,8255.05,7022.55,NaN,NaN,NaN
6287,7950.39,6329.41,NaN,NaN,NaN
6288,8366.06,6431.99,NaN,NaN,NaN
6289,8439.89,6803.81,0,0,0.0000
6290,8012.98,6344.17,NaN,NaN,NaN
6291,8401.55,6671.78,0,0,0.0000
6292,8425.11,6439.00,NaN,NaN,NaN
6293,8525.75,6743.37,0,0,0.0000
6294,8179.32,6664.88,0,0,0.0000
6295,8124.63,6301.69,0,0,0.0000
6296,8371.79,6311.64,0,0,0.0000
6297,8552.28,7028.16,NaN,NaN,NaN
6298,8380.68,6358.10,0,0,0.0000
6299,8321.31,6324.69,0,0,0.0000
6300,8536.21,6831.41,0,0,0.0000
6301,8285.67,6509.34,NaN,NaN,NaN
6302,8523.93,6947.71,NaN,NaN,NaN
6303,8817.99,6323.58,NaN,NaN,NaN
6304,9107.86,6372.70,3,7,2.3333
6305,8941.53,6854.59,NaN,NaN,NaN
6306,9072.19,6997.51,NaN,NaN,NaN
6307,8634.97,6749.44,2,5,2.5000
6308,8968.94,7030.80,NaN,NaN,NaN
6309,8618.53,7009.09,NaN,NaN,NaN
6310,8798.75,7000.48,0,0,0.0000
6311,8694.90,6549.46,0,0,0.0000
6312,8955.51,6480.24,NaN,NaN,NaN
6313,8700.75,6371.05,0,0,0.0000
6314,8629.08,6463.76,0,0,0.0000
6315,8865.24,6409.12,NaN,NaN,NaN
6316,9133.55,6894.99,NaN,NaN,NaN
6317,8667.64,6907.84,3,2,0.0000
6318,9087.28,6501.45,NaN,NaN,NaN
6319,8582.10,6919.11,0,0,0.0000
6320,8957.59,6774.90,NaN,NaN,NaN
6321,9048.68,6897.28,NaN,NaN,NaN
6322,8997.10,6931.68,NaN,NaN,NaN
6323,8607.04,6836.44,2,2,0.0000
6324,9115.49,6427.05,NaN,NaN,NaN
6325,8797.67,6469.26,0,0,0.0000
6326,8725.60,6763.16,0,0,0.0000
6327,8632.87,6666.52,0,0,0.0000
6328,8788.33,6534.99,NaN,NaN,NaN
6329,9043.63,6638.69,2,2,0.0000
6330,8712.68,6939.87,0,0,0.0000
6331,9019.48,6288.65,0,0,0.0000
6332,8947.41,6943.19,NaN,NaN,NaN
6333,8633.27,6539.08,0,0,0.0000
6334,9009.77,6707.63,3,4,0.0000
6335,8903.87,7026.98,0,0,0.0000
6336,8847.92,6888.43,NaN,NaN,NaN
6337,9036.93,6579.08,NaN,NaN,NaN
6338,9004.50,6521.19,2,7,3.5000
6339,8870.49,6569.59,NaN,NaN,NaN
6340,8708.04,6839.94,NaN,NaN,NaN
6341,8939.64,6406.23,0,0,0.0000
6342,9024.90,6387.12,NaN,NaN,NaN
6343,8851.10,6948.96,0,0,0.0000
6344,9092.43,6851.40,NaN,NaN,NaN
6345,8961.93,6350.45,0,0,0.0000
6346,8886.17,6955.20,0,0,0.0000
6347,8735.66,6617.90,NaN,NaN,NaN
6348,9118.71,7007.48,0,0,0.0000
6349,8777.61,6641.02,NaN,NaN,NaN
6350,9090.61,6631.07,NaN,NaN,NaN
6351,9037.58,6478.39,NaN,NaN,NaN
6352,8766.63,6395.00,0,0,0.0000
6353,8897.99,6453.66,NaN,NaN,NaN
6354,9061.40,6700.85,NaN,NaN,NaN
6355,9025.93,6966.66,0,0,0.0000
6356,8998.58,6435.10,NaN,NaN,NaN
6357,8746.56,6506.74,0,0,0.0000
6358,9094.31,6585.77,NaN,NaN,NaN
6359,8849.51,6746.03,2,4,2.0000
6360,8711.13,6661.17,0,0,0.0000
6361,8743.97,7036.86,0,0,0.0000
6362,9725.79,6972.68,NaN,NaN,NaN
6363,10035.18,6607.28,NaN,NaN,NaN
6364,9947.23,6475.04,NaN,NaN,NaN
6365,9660.94,6639.50,0,0,0.0000
6366,9912.32,6288.47,NaN,NaN,NaN
6367,9569.00,7034.83,NaN,NaN,NaN
6368,9774.88,6639.77,2,4,2.0000
6369,10065.14,6409.24,2,3,0.0000
6370,10014.87,6869.58,NaN,NaN,NaN
6371,9785.00,6764.42,NaN,NaN,NaN
6372,9677.81,6334.49,NaN,NaN,NaN
6373,9513.73,6732.59,0,0,0.0000
6374,9984.43,6349.56,0,0,0.0000
6375,9778.18,6328.63,NaN,NaN,NaN
6376,9866.72,6525.25,0,0,0.0000
6377,9647.52,6840.17,0,0,0.0000
6378,9807.31,6907.58,2,2,0.0000
6379,10041.60,6318.59,NaN,NaN,NaN
6380,9808.32,6272.46,0,0,0.0000
6381,9605.37,6601.66,NaN,NaN,NaN
6382,9826.74,6604.80,NaN,NaN,NaN
6383,9938.86,6931.54,NaN,NaN,NaN
6384,9980.05,6954.43,NaN,NaN,NaN
6385,9908.78,6674.56,0,0,0.0000
6386,9580.08,6535.05,NaN,NaN,NaN
6387,9860.86,6368.69,NaN,NaN,NaN
6388,9506.38,7014.17,NaN,NaN,NaN
6389,10039.29,6474.42,0,0,0.0000
6390,9968.93,6736.43,NaN,NaN,NaN
6391,9553.90,6819.93,NaN,NaN,NaN
6392,9974.89,6812.70,NaN,NaN,NaN
6393,9780.61,6441.05,2,3,0.0000
6394,9519.69,6587.57,3,5,0.0000
6395,10059.79,6285.72,0,0,0.0000
6396,9698.78,6552.35,2,4,2.0000
6397,9635.66,6735.44,0,0,0.0000
6398,9804.01,7009.88,0,0,0.0000
6399,9918.23,6786.37,NaN,NaN,NaN
6400,9639.06,6999.85,NaN,NaN,NaN
6401,9998.08,6699.97,NaN,NaN,NaN
6402,9800.30,6835.96,0,0,0.0000
6403,9645.60,6914.90,0,0,0.0000
6404,9461.67,6652.17,NaN,NaN,NaN
6405,10099.85,6880.82,NaN,NaN,NaN
6406,9918.13,6571.72,NaN,NaN,NaN
6407,9841.88,6431.21,0,0,0.0000
6408,10028.37,6953.12,0,0,0.0000
6409,9739.90,6399.55,NaN,NaN,NaN
6410,9968.05,6580.82,0,0,0.0000
6411,9894.41,6877.79,0,0,0.0000
6412,9880.18,6833.05,NaN,NaN,NaN
6413,9859.27,6900.14,0,0,0.0000
6414,9729.29,6837.26,0,0,0.0000
6415,9457.01,6727.45,0,0,0.0000
6416,9706.35,6718.15,NaN,NaN,NaN
6417,9623.22,6333.67,NaN,NaN,NaN
6418,9613.38,6790.75,0,0,0.0000
6419,9801.54,6537.32,0,0,0.0000
6420,9509.88,6642.87,0,0,0.0000
6421,9840.88,6781.18,0,0,0.0000
6422,9847.15,6953.83,2,7,3.5000
6423,9772.53,6865.25,NaN,NaN,NaN
6424,9725.55,6767.11,0,0,0.0000
6425,9876.50,6791.71,0,0,0.0000
6426,9726.15,6795.02,0,0,0.0000
6427,10130.17,6771.36,0,0,0.0000
6428,10671.73,6661.23,NaN,NaN,NaN
6429,10473.06,6755.36,2,6,3.0000
6430,10370.89,6674.16,0,0,0.0000
6431,10197.14,6417.11,NaN,NaN,NaN
6432,10732.49,6761.07,2,7,3.5000
6433,10806.76,6408.83,NaN,NaN,NaN
6434,10463.61,6631.52,NaN,NaN,NaN
6435,10153.21,6667.51,NaN,NaN,NaN
6436,10515.12,6551.42,2,2,0.0000
6437,10298.05,6416.04,2,1,0.0000
6438,10647.80,6523.99,NaN,NaN,NaN
6439,10455.39,6380.25,0,0,0.0000
6440,10348.83,6861.50,2,5,2.5000
6441,10247.07,6833.67,NaN,NaN,NaN
6442,10190.88,6319.96,0,0,0.0000
6443,10298.96,6725.29,3,5,0.0000
6444,10154.58,6529.67,NaN,NaN,NaN
6445,10752.32,6572.32,NaN,NaN,NaN
6446,10135.59,6956.39,NaN,NaN,NaN
6447,10710.53,6369.28,3,6,2.0000
6448,10844.72,6623.28,NaN,NaN,NaN
6449,10461.87,6461.67,NaN,NaN,NaN
6450,10620.21,6807.69,NaN,NaN,NaN
6451,10769.99,6295.96,NaN,NaN,NaN
6452,10370.10,7008.95,NaN,NaN,NaN
6453,10780.90,6838.82,NaN,NaN,NaN
6454,10469.28,7012.16,NaN,NaN,NaN
6455,10410.70,6920.95,NaN,NaN,NaN
6456,10154.99,6597.23,NaN,NaN,NaN
6457,10235.99,6630.40,2,2,0.0000
6458,10853.95,6946.99,0,0,0.0000
6459,10555.61,6783.74,NaN,NaN,NaN
6460,10877.58,6367.72,0,0,0.0000
6461,10776.49,6626.42,NaN,NaN,NaN
6462,10543.88,6976.76,3,8,2.6667
6463,10322.90,6963.80,2,2,0.0000
6464,10219.34,6935.46,NaN,NaN,NaN
6465,10273.57,6951.05,NaN,NaN,NaN
6466,10863.56,6275.75,0,0,0.0000
6467,10585.91,6638.13,NaN,NaN,NaN
6468,10871.44,6772.40,NaN,NaN,NaN
6469,10833.95,6899.27,0,0,0.0000
6470,10691.47,6951.95,0,0,0.0000
6471,10685.88,6858.16,4,7,0.0000
6472,10564.35,6688.13,0,0,0.0000
6473,10803.12,6704.69,NaN,NaN,NaN
6474,10227.09,6759.24,0,0,0.0000
6475,10600.95,7017.47,2,3,0.0000
6476,10257.71,6541.06,NaN,NaN,NaN
6477,10377.19,6500.57,0,0,0.0000
6478,10848.29,6534.82,NaN,NaN,NaN
6479,10835.26,6472.03,NaN,NaN,NaN
6480,10310.79,6303.90,NaN,NaN,NaN
6481,10373.00,6568.21,0,0,0.0000
6482,10818.65,6318.39,NaN,NaN,NaN
6483,10185.44,6479.23,0,0,0.0000
6484,10315.30,6595.44,0,0,0.0000
6485,10324.92,6545.47,0,0,0.0000
6486,10350.85,6765.61,0,0,0.0000
6487,10464.50,6937.06,0,0,0.0000
6488,10129.99,6893.94,2,5,2.5000
6489,10263.83,6505.43,NaN,NaN,NaN
6490,10605.40,6731.65,0,0,0.0000
6491,10738.03,6524.31,0,0,0.0000
6492,10799.05,6949.34,NaN,NaN,NaN
6493,10839.17,7016.33,0,0,0.0000
6494,10383.86,6413.86,NaN,NaN,NaN
6495,11136.22,6760.31,NaN,NaN,NaN
6496,10949.70,6954.37,NaN,NaN,NaN
6497,11331.41,6387.96,NaN,NaN,NaN
6498,11198.16,6581.18,NaN,NaN,NaN
6499,11035.44,6865.90,NaN,NaN,NaN
6500,11119.60,6911.57,NaN,NaN,NaN
6501,11064.57,6439.10,NaN,NaN,NaN
6502,11166.75,6333.50,NaN,NaN,NaN
6503,10914.80,6813.26,NaN,NaN,NaN
6504,11382.01,6630.10,NaN,NaN,NaN
6505,11320.02,6701.23,NaN,NaN,NaN
6506,10935.14,6348.12,NaN,NaN,NaN
6507,11073.07,6568.73,NaN,NaN,NaN
6508,11579.26,6838.09,NaN,NaN,NaN
6509,11247.22,6347.75,0,0,0.0000
6510,11567.18,6562.95,0,0,0.0000
6511,11223.15,6694.77,3,5,0.0000
6512,11421.20,6351.83,3,4,0.0000
6513,11086.55,6356.47,2,4,2.0000
6514,11492.87,6654.96,NaN,NaN,NaN
6515,11047.57,6703.45,0,0,0.0000
6516,11351.07,6974.40,NaN,NaN,NaN
6517,11382.54,6462.21,2,4,2.0000
6518,11318.44,6900.50,NaN,NaN,NaN
6519,11007.31,6357.03,NaN,NaN,NaN
6520,11631.82,6404.87,NaN,NaN,NaN
6521,11446.58,6805.73,2,3,0.0000
6522,11115.04,6656.17,NaN,NaN,NaN
6523,11044.33,6763.83,NaN,NaN,NaN
6524,11223.17,6919.30,2,2,0.0000
6525,11436.22,6717.76,0,0,0.0000
6526,11329.65,6831.08,0,0,0.0000
6527,11533.61,6428.18,NaN,NaN,NaN
6528,10970.73,6419.66,0,0,0.0000
6529,11201.48,6855.87,2,5,2.5000
6530,11562.37,6478.79,2,3,0.0000
6531,11431.21,6985.09,NaN,NaN,NaN
6532,10915.40,6599.73,2,1,0.0000
6533,11247.63,6805.64,NaN,NaN,NaN
6534,11084.65,6516.00,NaN,NaN,NaN
6535,11643.00,6786.14,2,7,3.5000
6536,11602.66,6905.27,NaN,NaN,NaN
6537,11372.51,6764.88,0,0,0.0000
6538,10982.97,6604.02,0,0,0.0000
6539,11025.45,7013.60,2,5,2.5000
6540,11305.33,6773.75,0,0,0.0000
6541,11060.53,6968.48,0,0,0.0000
6542,10969.95,6874.15,0,0,0.0000
6543,11477.55,6996.04,3,4,0.0000
6544,11153.79,6996.80,2,6,3.0000
6545,11509.24,6372.22,NaN,NaN,NaN
6546,11242.55,6635.48,NaN,NaN,NaN
6547,11573.95,6754.34,2,3,0.0000
6548,10974.19,6526.69,0,0,0.0000
6549,11400.90,6901.48,NaN,NaN,NaN
6550,11150.90,6486.51,NaN,NaN,NaN
6551,11249.04,6417.15,0,0,0.0000
6552,10980.29,6471.11,0,0,0.0000
6553,11548.54,6338.65,NaN,NaN,NaN
6554,11327.17,6600.08,2,7,3.5000
6555,10903.98,6533.97,0,0,0.0000
6556,10913.19,6278.14,NaN,NaN,NaN
6557,11511.76,6941.45,0,0,0.0000
6558,11318.95,7039.34,0,0,0.0000
6559,11551.26,6639.49,0,0,0.0000
6560,11307.35,6490.20,NaN,NaN,NaN
6561,11421.27,6858.75,0,0,0.0000
6562,11435.46,6419.24,0,0,0.0000
6563,11618.77,6498.87,0,0,0.0000
6564,11169.17,6530.83,0,0,0.0000
6565,11429.29,6566.93,2,2,0.0000
6566,10970.57,6670.21,2,3,0.0000
6567,11168.22,6405.08,NaN,NaN,NaN
6568,11488.33,6499.98,NaN,NaN,NaN
6569,10912.83,6473.53,0,0,0.0000
6570,11475.50,6575.05,0,0,0.0000
6571,11194.68,6431.73,NaN,NaN,NaN
6572,11194.87,6475.78,NaN,NaN,NaN
6573,11628.92,7014.90,3,5,0.0000
6574,11565.70,6614.58,0,0,0.0000
6575,11411.83,6495.24,NaN,NaN,NaN
6576,11459.24,6476.03,NaN,NaN,NaN
6577,11232.93,6464.85,NaN,NaN,NaN
6578,11253.20,7012.38,0,0,0.0000
6579,11436.41,6520.10,NaN,NaN,NaN
6580,11019.72,6307.42,2,5,2.5000
6581,11296.50,6310.42,0,0,0.0000
6582,11707.00,6531.17,0,0,0.0000
6583,11794.65,6587.85,0,0,0.0000
6584,11735.93,6452.79,NaN,NaN,NaN
6585,11700.57,6410.55,3,3,0.0000
6586,11745.72,6662.92,0,0,0.0000
6587,11697.38,6733.12,0,0,0.0000
6588,11776.13,6387.61,0,0,0.0000
6589,11652.02,6906.47,0,0,0.0000
6590,11734.89,6331.84,NaN,NaN,NaN
6591,11792.41,6328.64,0,0,0.0000
6592,11801.48,6473.55,0,0,0.0000
6593,11690.71,6851.63,NaN,NaN,NaN
6594,11707.99,6352.18,0,0,0.0000
6595,11780.84,6283.51,0,0,0.0000
6596,15486.47,6809.61,0,0,0.0000
6597,15485.89,6513.33,0,0,0.0000
6598,15971.03,6473.08,2,4,2.0000
6599,15948.97,6405.24,NaN,NaN,NaN
6600,15934.54,6307.59,0,0,0.0000
6601,16098.27,6836.58,0,0,0.0000
6602,16089.27,6724.02,3,7,2.3333
6603,16093.16,6649.84,3,2,0.0000
6604,16033.19,6509.46,4,6,0.0000
6605,16176.25,6524.06,0,0,0.0000
6606,16280.66,6596.04,2,5,2.5000
6607,16260.87,6367.66,NaN,NaN,NaN
6608,16197.54,6784.65,0,0,0.0000
6609,16120.13,6892.91,2,5,2.5000
6610,16166.26,6353.26,0,0,0.0000
6611,16207.39,6449.48,NaN,NaN,NaN
6612,16311.53,6780.90,NaN,NaN,NaN
6613,16258.83,6510.56,NaN,NaN,NaN
6614,16248.43,6721.90,NaN,NaN,NaN
6615,16128.46,6305.32,NaN,NaN,NaN
6616,16141.76,6587.18,2,3,0.0000
6617,16084.43,6365.23,0,0,0.0000
6618,16037.35,6798.51,NaN,NaN,NaN
6619,16256.58,6791.76,NaN,NaN,NaN
6620,15528.66,6666.88,0,0,0.0000
6621,16232.96,6301.03,NaN,NaN,NaN
6622,16221.94,6640.35,0,0,0.0000
6623,16303.49,6311.24,4,5,0.0000
6624,16113.80,6543.49,3,6,2.0000
6625,15527.79,6531.00,NaN,NaN,NaN
6626,16187.85,6953.30,NaN,NaN,NaN
6627,16010.89,6583.79,NaN,NaN,NaN
6628,16013.13,6314.96,NaN,NaN,NaN
6629,16312.22,6869.56,0,0,0.0000
6630,16275.33,6992.59,4,9,2.2500
6631,16106.74,6775.63,4,6,0.0000
6632,16286.46,6442.78,3,4,0.0000
6633,15572.68,6800.90,NaN,NaN,NaN
6634,16259.24,6839.15,3,7,2.3333
6635,15871.64,6387.42,4,6,0.0000
6636,15554.61,6625.42,0,0,0.0000
6637,16202.84,6606.53,0,0,0.0000
6638,16173.12,6711.71,0,0,0.0000
6639,15574.90,6713.35,0,0,0.0000
6640,16159.29,6936.65,0,0,0.0000
6641,16242.36,6568.81,4,2,0.0000
6642,533.87,7770.37,NaN,NaN,NaN
6643,871.34,7118.43,2,5,2.5000
6644,429.59,7639.87,0,0,0.0000
6645,498.83,7645.05,NaN,NaN,NaN
6646,776.78,7065.42,NaN,NaN,NaN
6647,290.08,7461.39,3,6,2.0000
6648,441.55,7752.74,NaN,NaN,NaN
6649,752.42,7193.92,3,1,0.0000
6650,380.11,7549.59,NaN,NaN,NaN
6651,380.22,7753.96,NaN,NaN,NaN
6652,643.71,7080.93,0,0,0.0000
6653,742.29,7140.57,0,0,0.0000
6654,348.64,7620.33,NaN,NaN,NaN
6655,319.60,7430.54,NaN,NaN,NaN
6656,323.34,7510.13,0,0,0.0000
6657,405.71,7789.77,NaN,NaN,NaN
6658,377.51,7616.53,NaN,NaN,NaN
6659,398.04,7488.30,NaN,NaN,NaN
6660,536.12,7702.42,2,2,0.0000
6661,384.70,7702.41,NaN,NaN,NaN
6662,981.66,7074.23,2,4,2.0000
6663,1659.50,7365.63,NaN,NaN,NaN
6664,1308.86,7736.28,NaN,NaN,NaN
6665,1605.75,7787.12,2,5,2.5000
6666,1642.24,7732.15,0,0,0.0000
6667,1453.63,7055.41,NaN,NaN,NaN
6668,933.10,7141.61,0,0,0.0000
6669,1777.67,7742.68,NaN,NaN,NaN
6670,2239.15,7251.80,NaN,NaN,NaN
6671,2345.93,7337.32,NaN,NaN,NaN
6672,2209.21,7372.73,2,3,0.0000
6673,1677.71,7804.75,2,4,2.0000
6674,2347.26,7466.31,NaN,NaN,NaN
6675,2393.24,7254.22,NaN,NaN,NaN
6676,1744.63,7617.55,2,3,0.0000
6677,2342.30,7154.08,NaN,NaN,NaN
6678,2426.77,7652.82,0,0,0.0000
6679,2302.93,7271.83,NaN,NaN,NaN
6680,2369.37,7586.96,0,0,0.0000
6681,2261.98,7499.89,NaN,NaN,NaN
6682,2306.96,7413.21,NaN,NaN,NaN
6683,2412.62,7530.63,0,0,0.0000
6684,2141.99,7338.49,2,4,2.0000
6685,2331.40,7210.90,NaN,NaN,NaN
6686,1891.14,7768.24,NaN,NaN,NaN
6687,1810.61,7580.12,NaN,NaN,NaN
6688,1809.39,7633.89,0,0,0.0000
6689,2249.09,7442.38,0,0,0.0000
6690,2330.27,7105.85,NaN,NaN,NaN
6691,1688.86,7416.08,NaN,NaN,NaN
6692,2412.53,7478.11,NaN,NaN,NaN
6693,1846.40,7806.10,2,5,2.5000
6694,3076.35,7484.40,NaN,NaN,NaN
6695,2461.19,7077.38,3,5,0.0000
6696,3055.68,7704.15,NaN,NaN,NaN
6697,2462.60,7561.20,NaN,NaN,NaN
6698,2480.08,7271.57,2,5,2.5000
6699,2938.83,7400.13,NaN,NaN,NaN
6700,3070.61,7589.82,NaN,NaN,NaN
6701,2599.79,7635.74,NaN,NaN,NaN
6702,2829.52,7357.98,NaN,NaN,NaN
6703,2570.43,7479.26,2,6,3.0000
6704,3003.73,7792.23,NaN,NaN,NaN
6705,2945.47,7540.15,2,2,0.0000
6706,3107.23,7644.90,NaN,NaN,NaN
6707,2521.11,7203.35,NaN,NaN,NaN
6708,2637.93,7310.81,NaN,NaN,NaN
6709,2777.28,7725.38,NaN,NaN,NaN
6710,2433.18,7377.66,0,0,0.0000
6711,2730.18,7448.72,NaN,NaN,NaN
6712,2914.93,7606.87,NaN,NaN,NaN
6713,2840.76,7531.73,NaN,NaN,NaN
6714,2606.91,7248.14,NaN,NaN,NaN
6715,2601.14,7180.61,NaN,NaN,NaN
6716,3112.95,7798.01,NaN,NaN,NaN
6717,2682.52,7519.67,0,0,0.0000
6718,2478.70,7463.56,NaN,NaN,NaN
6719,3052.04,7769.96,5,4,0.0000
6720,2789.41,7544.77,NaN,NaN,NaN
6721,2783.84,7383.13,0,0,0.0000
6722,2685.69,7595.61,2,4,2.0000
6723,2475.26,7640.45,0,0,0.0000
6724,2897.01,7712.97,3,5,0.0000
6725,3175.27,7558.24,2,1,0.0000
6726,3006.60,7413.66,0,0,0.0000
6727,2630.73,7420.42,2,1,0.0000
6728,2895.66,7327.83,NaN,NaN,NaN
6729,2555.11,7115.98,3,4,0.0000
6730,2531.67,7634.80,NaN,NaN,NaN
6731,2878.05,7463.70,0,0,0.0000
6732,2688.93,7219.11,3,4,0.0000
6733,2573.77,7048.33,0,0,0.0000
6734,2881.76,7657.07,2,5,2.5000
6735,2673.52,7156.20,0,0,0.0000
6736,2789.72,7455.68,0,0,0.0000
6737,2665.82,7377.17,4,2,0.0000
6738,2720.73,7660.91,0,0,0.0000
6739,2524.97,7551.45,NaN,NaN,NaN
6740,2865.87,7608.78,NaN,NaN,NaN
6741,3817.08,7631.32,2,5,2.5000
6742,3651.64,7492.68,NaN,NaN,NaN
6743,3755.11,7676.73,3,5,0.0000
6744,3885.22,7713.36,0,0,0.0000
6745,3737.41,7561.79,3,4,0.0000
6746,3860.78,7565.10,2,1,0.0000
6747,3951.12,7491.47,0,0,0.0000
6748,3704.33,7673.77,NaN,NaN,NaN
6749,3953.33,7571.90,NaN,NaN,NaN
6750,3929.17,7621.27,NaN,NaN,NaN
6751,3424.10,7061.01,NaN,NaN,NaN
6752,3452.03,7111.65,NaN,NaN,NaN
6753,3873.02,7474.80,0,0,0.0000
6754,3449.08,7171.55,NaN,NaN,NaN
6755,3570.90,7460.17,2,6,3.0000
6756,3978.24,7725.32,2,1,0.0000
6757,4033.80,7660.87,2,3,0.0000
6758,4023.95,7574.72,2,2,0.0000
6759,4014.41,7526.72,NaN,NaN,NaN
6760,4653.55,7122.62,NaN,NaN,NaN
6761,4685.74,7042.91,2,3,0.0000
6762,4658.86,7083.62,NaN,NaN,NaN
6763,4990.85,7572.17,NaN,NaN,NaN
6764,4844.21,7286.95,NaN,NaN,NaN
6765,5300.01,7799.62,2,3,0.0000
6766,5019.29,7050.93,NaN,NaN,NaN
6767,5092.75,7803.09,NaN,NaN,NaN
6768,5079.34,7440.84,NaN,NaN,NaN
6769,5198.15,7644.46,NaN,NaN,NaN
6770,4936.47,7678.76,NaN,NaN,NaN
6771,4982.46,7794.44,3,9,3.0000
6772,5372.30,7425.93,NaN,NaN,NaN
6773,5174.54,7118.41,NaN,NaN,NaN
6774,5026.41,7722.59,0,0,0.0000
6775,5219.76,7396.30,NaN,NaN,NaN
6776,5298.16,7574.21,2,6,3.0000
6777,4980.03,7433.46,NaN,NaN,NaN
6778,4936.82,7048.55,2,4,2.0000
6779,4993.38,7341.22,NaN,NaN,NaN
6780,4882.13,7611.71,NaN,NaN,NaN
6781,4741.74,7106.57,2,5,2.5000
6782,4870.98,7242.48,NaN,NaN,NaN
6783,5347.19,7476.81,4,5,0.0000
6784,5108.88,7530.74,4,8,2.0000
6785,5374.72,7722.48,0,0,0.0000
6786,5130.74,7650.66,NaN,NaN,NaN
6787,5122.55,7334.94,NaN,NaN,NaN
6788,4897.83,7430.19,NaN,NaN,NaN
6789,4965.10,7131.93,NaN,NaN,NaN
6790,5204.38,7053.71,2,2,0.0000
6791,4814.49,7353.43,NaN,NaN,NaN
6792,5201.06,7470.23,0,0,0.0000
6793,5361.12,7792.18,NaN,NaN,NaN
6794,5027.55,7166.89,3,6,2.0000
6795,4940.62,7289.30,0,0,0.0000
6796,5309.93,7699.32,0,0,0.0000
6797,5401.88,7692.40,0,0,0.0000
6798,4918.03,7185.61,NaN,NaN,NaN
6799,5218.08,7305.84,NaN,NaN,NaN
6800,5321.24,7518.98,NaN,NaN,NaN
6801,5054.43,7584.21,NaN,NaN,NaN
6802,5160.26,7232.88,0,0,0.0000
6803,5098.03,7202.24,NaN,NaN,NaN
6804,4844.46,7441.25,0,0,0.0000
6805,5166.51,7723.99,2,3,0.0000
6806,5121.17,7149.32,NaN,NaN,NaN
6807,4847.06,7142.55,NaN,NaN,NaN
6808,4857.58,7519.93,NaN,NaN,NaN
6809,5033.32,7373.50,0,0,0.0000
6810,5184.89,7518.69,0,0,0.0000
6811,5287.88,7338.94,NaN,NaN,NaN
6812,4909.59,7565.79,0,0,0.0000
6813,5271.05,7167.13,NaN,NaN,NaN
6814,5430.06,7649.53,NaN,NaN,NaN
6815,5213.84,7754.40,NaN,NaN,NaN
6816,5206.87,7222.94,NaN,NaN,NaN
6817,5249.93,7204.69,NaN,NaN,NaN
6818,4975.21,7242.93,0,0,0.0000
6819,4901.39,7523.91,0,0,0.0000
6820,5272.87,7109.85,0,0,0.0000
6821,5050.93,7229.99,0,0,0.0000
6822,5295.14,7171.01,0,0,0.0000
6823,5474.88,7679.71,2,2,0.0000
6824,5245.08,7261.73,NaN,NaN,NaN
6825,4857.74,7354.71,0,0,0.0000
6826,6636.84,7105.68,3,6,2.0000
6827,6586.15,7192.31,NaN,NaN,NaN
6828,6887.82,7686.22,NaN,NaN,NaN
6829,6891.06,7583.06,0,0,0.0000
6830,6855.44,7733.91,NaN,NaN,NaN
6831,6847.36,7620.73,0,0,0.0000
6832,6807.22,7686.02,NaN,NaN,NaN
6833,6929.35,7633.91,0,0,0.0000
6834,6547.87,7124.07,0,0,0.0000
6835,6560.36,7072.64,2,2,0.0000
6836,6881.20,7637.52,0,0,0.0000
6837,6837.33,7410.96,0,0,0.0000
6838,6734.62,7780.73,NaN,NaN,NaN
6839,7032.15,7622.14,0,0,0.0000
6840,7038.14,7787.25,NaN,NaN,NaN
6841,6927.41,7758.44,0,0,0.0000
6842,6782.13,7619.02,0,0,0.0000
6843,6780.57,7790.91,NaN,NaN,NaN
6844,6816.99,7806.61,NaN,NaN,NaN
6845,6765.80,7701.35,2,3,0.0000
6846,7008.03,7710.21,NaN,NaN,NaN
6847,6949.59,7721.49,0,0,0.0000
6848,6754.61,7753.60,NaN,NaN,NaN
6849,7018.09,7349.27,0,0,0.0000
6850,6801.82,7760.81,NaN,NaN,NaN
6851,7113.47,7770.98,2,4,2.0000
6852,7393.35,7337.47,0,0,0.0000
6853,7286.90,7373.36,0,0,0.0000
6854,7073.88,7688.11,3,3,0.0000
6855,7446.71,7266.78,3,2,0.0000
6856,7477.26,7428.31,3,7,2.3333
6857,7549.94,7300.50,0,0,0.0000
6858,7187.26,7066.81,2,4,2.0000
6859,7426.59,7450.94,0,0,0.0000
6860,7552.57,7378.67,NaN,NaN,NaN
6861,7084.92,7264.22,0,0,0.0000
6862,7101.67,7150.80,NaN,NaN,NaN
6863,7455.38,7312.59,0,0,0.0000
6864,7087.93,7209.07,NaN,NaN,NaN
6865,7424.61,7505.54,NaN,NaN,NaN
6866,7112.08,7290.03,0,0,0.0000
6867,7042.95,7743.86,NaN,NaN,NaN
6868,7059.79,7185.62,NaN,NaN,NaN
6869,7134.80,7187.90,2,3,0.0000
6870,7172.99,7178.96,2,2,0.0000
6871,7126.01,7690.95,0,0,0.0000
6872,8209.05,7485.90,NaN,NaN,NaN
6873,8374.90,7404.67,3,7,2.3333
6874,8412.85,7761.83,NaN,NaN,NaN
6875,8274.95,7710.05,NaN,NaN,NaN
6876,8223.90,7359.31,NaN,NaN,NaN
6877,8363.31,7613.12,NaN,NaN,NaN
6878,8233.48,7639.62,NaN,NaN,NaN
6879,8082.11,7423.18,NaN,NaN,NaN
6880,8566.91,7212.21,0,0,0.0000
6881,8243.03,7238.75,NaN,NaN,NaN
6882,8443.78,7127.85,0,0,0.0000
6883,8343.19,7221.07,NaN,NaN,NaN
6884,8446.60,7401.48,NaN,NaN,NaN
6885,8304.15,7573.26,NaN,NaN,NaN
6886,8500.12,7071.51,NaN,NaN,NaN
6887,8285.68,7495.82,NaN,NaN,NaN
6888,8540.31,7480.69,NaN,NaN,NaN
6889,8428.20,7681.01,NaN,NaN,NaN
6890,8256.15,7159.22,NaN,NaN,NaN
6891,8556.64,7320.49,NaN,NaN,NaN
6892,8496.78,7537.67,0,0,0.0000
6893,8025.92,7378.21,0,0,0.0000
6894,8083.59,7536.61,0,0,0.0000
6895,8350.89,7065.14,NaN,NaN,NaN
6896,8320.39,7803.79,0,0,0.0000
6897,8320.38,7128.99,NaN,NaN,NaN
6898,8452.64,7315.96,NaN,NaN,NaN
6899,8188.32,7274.37,0,0,0.0000
6900,8018.24,7294.20,NaN,NaN,NaN
6901,8453.29,7181.35,0,0,0.0000
6902,8177.79,7185.66,0,0,0.0000
6903,8453.45,7255.82,NaN,NaN,NaN
6904,8412.33,7528.10,NaN,NaN,NaN
6905,8466.03,7598.52,NaN,NaN,NaN
6906,8021.08,7477.28,NaN,NaN,NaN
6907,8134.35,7336.55,2,2,0.0000
6908,8540.15,7405.91,NaN,NaN,NaN
6909,7939.20,7207.53,0,0,0.0000
6910,8144.04,7495.97,2,8,4.0000
6911,8070.53,7322.71,0,0,0.0000
6912,8301.69,7404.98,0,0,0.0000
6913,8364.78,7684.00,0,0,0.0000
6914,8547.59,7581.25,NaN,NaN,NaN
6915,8485.76,7642.52,NaN,NaN,NaN
6916,8523.70,7271.63,NaN,NaN,NaN
6917,8547.55,7155.83,0,0,0.0000
6918,7914.38,7352.43,NaN,NaN,NaN
6919,8016.63,7541.20,0,0,0.0000
6920,8413.19,7469.53,NaN,NaN,NaN
6921,8514.14,7357.46,2,8,4.0000
6922,8557.99,7106.09,NaN,NaN,NaN
6923,8015.61,7196.12,NaN,NaN,NaN
6924,8289.03,7305.90,2,8,4.0000
6925,9087.20,7454.80,NaN,NaN,NaN
6926,8655.16,7777.37,NaN,NaN,NaN
6927,9315.19,7626.14,2,2,0.0000
6928,8845.08,7656.88,NaN,NaN,NaN
6929,8580.06,7647.90,2,2,0.0000
6930,8681.90,7088.71,2,8,4.0000
6931,8751.56,7494.88,0,0,0.0000
6932,9078.86,7754.30,NaN,NaN,NaN
6933,8944.48,7152.19,3,7,2.3333
6934,8863.54,7402.50,NaN,NaN,NaN
6935,8858.68,7270.56,0,0,0.0000
6936,8816.87,7759.70,NaN,NaN,NaN
6937,9149.51,7705.39,0,0,0.0000
6938,8952.95,7620.61,NaN,NaN,NaN
6939,9163.08,7624.25,2,4,2.0000
6940,9152.61,7125.90,NaN,NaN,NaN
6941,9265.11,7049.00,4,8,2.0000
6942,9211.67,7509.85,2,2,0.0000
6943,9193.85,7042.63,NaN,NaN,NaN
6944,9097.34,7307.93,0,0,0.0000
6945,9013.22,7084.85,NaN,NaN,NaN
6946,8833.67,7558.08,NaN,NaN,NaN
6947,8971.31,7272.05,NaN,NaN,NaN
6948,8928.62,7519.49,NaN,NaN,NaN
6949,8650.58,7541.37,NaN,NaN,NaN
6950,9256.99,7185.62,0,0,0.0000
6951,9135.79,7555.51,4,9,2.2500
6952,8863.82,7487.29,0,0,0.0000
6953,8675.35,7317.55,NaN,NaN,NaN
6954,9021.76,7648.06,NaN,NaN,NaN
6955,8851.58,7103.82,NaN,NaN,NaN
6956,8656.95,7679.11,NaN,NaN,NaN
6957,8733.36,7640.41,NaN,NaN,NaN
6958,8615.83,7161.88,NaN,NaN,NaN
6959,9310.93,7348.05,5,8,0.0000
6960,9030.75,7295.38,NaN,NaN,NaN
6961,8927.63,7384.22,NaN,NaN,NaN
6962,8916.79,7304.16,2,2,0.0000
6963,9304.16,7108.56,NaN,NaN,NaN
6964,8961.78,7705.60,2,6,3.0000
6965,8852.78,7166.23,3,6,2.0000
6966,8711.09,7426.27,NaN,NaN,NaN
6967,9265.01,7249.23,NaN,NaN,NaN
6968,9273.95,7408.33,0,0,0.0000
6969,8737.54,7236.71,0,0,0.0000
6970,8676.38,7217.44,NaN,NaN,NaN
6971,8592.61,7416.44,NaN,NaN,NaN
6972,8697.98,7161.99,2,4,2.0000
6973,9237.82,7779.22,2,3,0.0000
6974,8838.55,7212.75,NaN,NaN,NaN
6975,9294.94,7732.43,NaN,NaN,NaN
6976,9201.87,7277.72,NaN,NaN,NaN
6977,8613.91,7331.62,NaN,NaN,NaN
6978,8768.69,7188.31,NaN,NaN,NaN
6979,9314.18,7801.61,NaN,NaN,NaN
6980,9221.07,7612.22,NaN,NaN,NaN
6981,8908.20,7778.97,NaN,NaN,NaN
6982,9089.91,7175.98,0,0,0.0000
6983,9025.05,7146.36,NaN,NaN,NaN
6984,9028.58,7360.12,NaN,NaN,NaN
6985,8756.69,7303.70,0,0,0.0000
6986,8968.79,7434.92,0,0,0.0000
6987,8636.77,7388.15,0,0,0.0000
6988,8618.97,7483.94,2,3,0.0000
6989,9295.90,7505.73,3,3,0.0000
6990,9211.32,7371.56,0,0,0.0000
6991,9256.46,7337.83,0,0,0.0000
6992,9065.71,7593.65,2,5,2.5000
6993,8799.19,7069.34,4,5,0.0000
6994,8745.15,7357.74,NaN,NaN,NaN
6995,9178.64,7317.37,0,0,0.0000
6996,9311.19,7559.23,NaN,NaN,NaN
6997,9027.47,7232.01,0,0,0.0000
6998,8968.37,7338.03,2,8,4.0000
6999,9264.55,7807.97,NaN,NaN,NaN
7000,9008.28,7733.19,NaN,NaN,NaN
7001,8955.18,7804.62,NaN,NaN,NaN
7002,9172.47,7185.89,0,0,0.0000
7003,9012.56,7585.70,NaN,NaN,NaN
7004,9052.16,7184.85,2,3,0.0000
7005,8798.79,7141.84,0,0,0.0000
7006,8607.85,7286.12,NaN,NaN,NaN
7007,8945.17,7234.50,NaN,NaN,NaN
7008,8800.16,7427.69,0,0,0.0000
7009,8603.71,7456.05,NaN,NaN,NaN
7010,8795.44,7246.41,NaN,NaN,NaN
7011,9730.45,7139.53,0,0,0.0000
7012,9384.39,7190.14,NaN,NaN,NaN
7013,9909.09,7041.37,2,1,0.0000
7014,9851.04,7063.18,NaN,NaN,NaN
7015,9530.39,7173.63,2,4,2.0000
7016,9375.17,7400.06,2,4,2.0000
7017,9377.38,7768.03,2,3,0.0000
7018,9478.35,7237.60,NaN,NaN,NaN
7019,9879.98,7146.92,NaN,NaN,NaN
7020,9354.34,7295.49,NaN,NaN,NaN
7021,9424.42,7701.62,NaN,NaN,NaN
7022,9451.12,7768.22,0,0,0.0000
7023,10014.00,7068.93,NaN,NaN,NaN
7024,9376.37,7112.02,NaN,NaN,NaN
7025,9486.33,7693.40,NaN,NaN,NaN
7026,9362.18,7494.13,NaN,NaN,NaN
7027,9642.69,7182.70,0,0,0.0000
7028,9827.63,7124.39,NaN,NaN,NaN
7029,9799.95,7218.48,NaN,NaN,NaN
7030,9664.65,7554.80,0,0,0.0000
7031,9604.41,7100.55,NaN,NaN,NaN
7032,10792.98,7065.63,NaN,NaN,NaN
7033,10388.76,7081.46,NaN,NaN,NaN
7034,10223.78,7057.15,NaN,NaN,NaN
7035,10320.03,7067.27,0,0,0.0000
7036,10523.73,7042.87,2,2,0.0000
7037,10122.93,7097.25,2,4,2.0000
7038,10256.00,7089.97,NaN,NaN,NaN
7039,10994.38,7209.56,0,0,0.0000
7040,10974.11,7079.27,NaN,NaN,NaN
7041,11190.73,7184.41,3,3,0.0000
7042,11057.33,7082.46,NaN,NaN,NaN
7043,10880.06,7106.38,6,11,0.0000
7044,11528.94,7043.17,0,0,0.0000
7045,11117.12,7085.23,NaN,NaN,NaN
7046,11311.82,7114.46,3,7,2.3333
7047,10959.14,7153.48,NaN,NaN,NaN
7048,11373.66,7087.53,0,0,0.0000
7049,11083.74,7150.20,NaN,NaN,NaN
7050,11437.65,7258.74,0,0,0.0000
7051,11082.45,7206.58,0,0,0.0000
7052,11396.12,7151.41,0,0,0.0000
7053,11585.54,7127.91,NaN,NaN,NaN
7054,10941.21,7291.89,3,2,0.0000
7055,11397.95,7040.44,0,0,0.0000
7056,11433.52,7061.65,0,0,0.0000
7057,15971.76,7794.33,0,0,0.0000
7058,16334.25,7121.68,2,5,2.5000
7059,16249.00,7782.92,NaN,NaN,NaN
7060,151.24,8193.31,NaN,NaN,NaN
7061,135.38,8483.81,2,2,0.0000
7062,483.12,8031.61,NaN,NaN,NaN
7063,435.61,8320.97,0,0,0.0000
7064,512.82,7872.06,NaN,NaN,NaN
7065,427.69,7853.32,5,3,0.0000
7066,572.33,7992.65,0,0,0.0000
7067,545.04,8199.00,2,3,0.0000
7068,344.89,7900.35,NaN,NaN,NaN
7069,326.80,8140.34,NaN,NaN,NaN
7070,436.63,8155.63,3,7,2.3333
7071,554.03,8513.94,NaN,NaN,NaN
7072,584.68,8334.15,NaN,NaN,NaN
7073,155.50,8355.71,NaN,NaN,NaN
7074,332.62,8018.36,NaN,NaN,NaN
7075,598.41,7881.83,NaN,NaN,NaN
7076,516.47,8291.43,NaN,NaN,NaN
7077,165.79,8274.48,4,5,0.0000
7078,428.08,8436.48,3,3,0.0000
7079,415.05,8098.13,3,3,0.0000
7080,412.55,8000.94,NaN,NaN,NaN
7081,268.31,8091.64,NaN,NaN,NaN
7082,875.82,8037.92,0,0,0.0000
7083,455.77,8494.49,NaN,NaN,NaN
7084,46.81,8215.58,NaN,NaN,NaN
7085,888.37,8088.22,NaN,NaN,NaN
7086,513.66,8477.65,4,1,0.0000
7087,154.80,8090.62,2,4,2.0000
7088,554.94,8388.76,0,0,0.0000
7089,509.43,8410.85,NaN,NaN,NaN
7090,456.57,8210.15,0,0,0.0000
7091,225.68,8044.19,NaN,NaN,NaN
7092,47.62,8318.58,NaN,NaN,NaN
7093,395.76,8515.56,NaN,NaN,NaN
7094,436.98,7926.96,4,6,0.0000
7095,274.09,7995.66,NaN,NaN,NaN
7096,625.65,7933.25,NaN,NaN,NaN
7097,619.60,8293.23,NaN,NaN,NaN
7098,378.90,8035.73,0,0,0.0000
7099,281.11,8032.52,NaN,NaN,NaN
7100,352.26,8079.25,0,0,0.0000
7101,1651.68,7960.24,NaN,NaN,NaN
7102,1530.21,8260.94,4,8,2.0000
7103,1617.60,8072.62,4,6,0.0000
7104,1632.67,8545.59,2,5,2.5000
7105,1599.50,8443.29,0,0,0.0000
7106,989.42,8187.73,NaN,NaN,NaN
7107,1568.91,8148.90,0,0,0.0000
7108,1517.55,8489.24,NaN,NaN,NaN
7109,1529.77,8088.55,2,4,2.0000
7110,983.78,8104.27,NaN,NaN,NaN
7111,1602.92,8317.22,NaN,NaN,NaN
7112,1642.92,8263.06,NaN,NaN,NaN
7113,1597.60,7855.62,NaN,NaN,NaN
7114,1534.34,8016.40,NaN,NaN,NaN
7115,1569.88,7938.88,NaN,NaN,NaN
7116,1510.24,8166.42,NaN,NaN,NaN
7117,929.27,8135.72,NaN,NaN,NaN
7118,1573.23,8359.40,2,2,0.0000
7119,1615.44,8178.72,2,1,0.0000
7120,1541.75,8403.77,0,0,0.0000
7121,1593.61,8213.54,2,4,2.0000
7122,1576.39,8009.86,NaN,NaN,NaN
7123,1536.67,8314.70,NaN,NaN,NaN
7124,1610.86,7995.87,NaN,NaN,NaN
7125,1574.73,7819.56,0,0,0.0000
7126,1573.73,8547.55,0,0,0.0000
7127,1476.55,8305.29,0,0,0.0000
7128,1499.00,8214.78,NaN,NaN,NaN
7129,1943.61,7897.17,NaN,NaN,NaN
7130,1898.15,8084.84,NaN,NaN,NaN
7131,1714.86,7985.21,NaN,NaN,NaN
7132,1851.66,8140.48,4,3,0.0000
7133,1673.38,8170.09,NaN,NaN,NaN
7134,1912.58,7981.11,NaN,NaN,NaN
7135,1722.16,8086.23,NaN,NaN,NaN
7136,1980.25,8310.89,NaN,NaN,NaN
7137,2128.51,8481.47,2,3,0.0000
7138,1835.57,7969.42,NaN,NaN,NaN
7139,1999.78,7989.25,0,0,0.0000
7140,1914.93,7815.98,2,3,0.0000
7141,1822.23,7890.97,NaN,NaN,NaN
7142,2255.37,8427.29,0,0,0.0000
7143,1956.12,8045.69,NaN,NaN,NaN
7144,1760.26,7942.45,3,4,0.0000
7145,2030.51,8339.56,NaN,NaN,NaN
7146,1802.70,8032.14,2,4,2.0000
7147,1874.35,7869.89,3,3,0.0000
7148,1968.50,8371.54,NaN,NaN,NaN
7149,1935.10,8333.86,0,0,0.0000
7150,1796.44,7842.61,0,0,0.0000
7151,1670.04,8531.88,NaN,NaN,NaN
7152,1673.09,7881.92,0,0,0.0000
7153,2203.30,8484.79,NaN,NaN,NaN
7154,1755.26,7872.47,0,0,0.0000
7155,2024.74,7941.73,NaN,NaN,NaN
7156,2057.59,8466.26,0,0,0.0000
7157,2016.11,8271.57,NaN,NaN,NaN
7158,1844.59,8017.45,0,0,0.0000
7159,3061.22,7994.15,0,0,0.0000
7160,3173.10,8242.19,NaN,NaN,NaN
7161,2565.94,8454.06,NaN,NaN,NaN
7162,2703.31,8533.31,2,5,2.5000
7163,2632.92,8508.92,0,0,0.0000
7164,3143.51,8365.31,NaN,NaN,NaN
7165,3127.56,8489.51,0,0,0.0000
7166,3097.94,7875.50,NaN,NaN,NaN
7167,3194.94,8037.56,NaN,NaN,NaN
7168,3111.90,8142.06,2,3,0.0000
7169,3138.38,8052.29,3,1,0.0000
7170,3139.84,7955.50,3,3,0.0000
7171,3151.06,8575.52,0,0,0.0000
7172,3168.63,8127.11,3,3,0.0000
7173,3063.11,7824.28,NaN,NaN,NaN
7174,3839.03,8019.05,NaN,NaN,NaN
7175,3945.43,7819.86,0,0,0.0000
7176,3320.67,8030.22,NaN,NaN,NaN
7177,3914.56,7931.96,3,7,2.3333
7178,3954.22,8453.16,NaN,NaN,NaN
7179,3892.23,8278.37,0,0,0.0000
7180,3239.34,8245.37,NaN,NaN,NaN
7181,3922.89,8005.76,0,0,0.0000
7182,3920.92,8077.61,NaN,NaN,NaN
7183,3231.43,8092.52,NaN,NaN,NaN
7184,3853.49,8546.37,0,0,0.0000
7185,3782.26,7933.72,3,2,0.0000
7186,3335.21,8307.89,0,0,0.0000
7187,3893.99,8348.98,0,0,0.0000
7188,3882.27,8163.14,NaN,NaN,NaN
7189,3836.90,7901.68,3,4,0.0000
7190,3295.12,8269.78,0,0,0.0000
7191,3899.53,7870.34,0,0,0.0000
7192,3221.30,8165.59,NaN,NaN,NaN
7193,3783.80,7858.85,NaN,NaN,NaN
7194,3872.94,8109.93,0,0,0.0000
7195,3708.32,8528.68,0,0,0.0000
7196,3678.01,8546.80,0,0,0.0000
7197,3904.00,8492.91,2,3,0.0000
7198,4016.82,8552.24,0,0,0.0000
7199,4258.89,8477.70,0,0,0.0000
7200,4020.64,8022.84,NaN,NaN,NaN
7201,4131.81,8541.55,0,0,0.0000
7202,4176.03,7944.02,2,3,0.0000
7203,4083.36,8317.21,0,0,0.0000
7204,4167.99,8307.96,2,3,0.0000
7205,4080.19,8005.63,0,0,0.0000
7206,4307.56,8290.09,NaN,NaN,NaN
7207,4247.61,8324.12,NaN,NaN,NaN
7208,4016.05,8441.89,NaN,NaN,NaN
7209,3989.02,8349.88,NaN,NaN,NaN
7210,4145.68,8390.01,NaN,NaN,NaN
7211,4207.44,8255.12,2,6,3.0000
7212,4076.00,8459.00,0,0,0.0000
7213,4082.27,7940.31,NaN,NaN,NaN
7214,4042.09,7825.65,0,0,0.0000
7215,4388.76,8555.71,2,4,2.0000
7216,4162.14,8466.47,0,0,0.0000
7217,4392.33,8467.45,NaN,NaN,NaN
7218,4221.24,8209.03,0,0,0.0000
7219,4037.67,8232.64,NaN,NaN,NaN
7220,4138.57,8204.45,0,0,0.0000
7221,4282.73,8236.87,2,4,2.0000
7222,4385.68,8415.13,NaN,NaN,NaN
7223,4123.35,7814.85,0,0,0.0000
7224,3983.81,7903.75,0,0,0.0000
7225,4104.81,8246.52,2,2,0.0000
7226,4345.26,8509.52,NaN,NaN,NaN
7227,4153.26,7852.18,0,0,0.0000
7228,4144.34,8026.39,NaN,NaN,NaN
7229,4210.61,7941.72,NaN,NaN,NaN
7230,4336.02,8413.33,3,3,0.0000
7231,4350.70,8356.41,NaN,NaN,NaN
7232,4070.21,8396.21,NaN,NaN,NaN
7233,4039.88,8373.10,2,4,2.0000
7234,5292.36,8240.20,NaN,NaN,NaN
7235,5476.21,8014.56,2,3,0.0000
7236,5066.67,7938.98,NaN,NaN,NaN
7237,5175.47,7849.27,NaN,NaN,NaN
7238,5215.76,8547.95,NaN,NaN,NaN
7239,5372.28,8065.26,NaN,NaN,NaN
7240,5054.47,8141.00,NaN,NaN,NaN
7241,5356.61,8165.63,NaN,NaN,NaN
7242,5470.42,7870.90,2,4,2.0000
7243,5293.23,7881.54,5,7,0.0000
7244,5148.33,8400.96,NaN,NaN,NaN
7245,5152.27,8062.36,2,6,3.0000
7246,5490.04,8149.93,NaN,NaN,NaN
7247,5093.03,8287.45,2,3,0.0000
7248,5150.50,8155.69,NaN,NaN,NaN
7249,5342.75,8499.32,3,6,2.0000
7250,5208.23,8232.23,0,0,0.0000
7251,5203.42,8337.60,0,0,0.0000
7252,5408.43,8282.37,0,0,0.0000
7253,5259.22,8019.32,2,5,2.5000
7254,5359.43,8287.71,0,0,0.0000
7255,5126.55,8470.54,0,0,0.0000
7256,5444.02,8557.67,NaN,NaN,NaN
7257,5223.13,8435.42,0,0,0.0000
7258,5479.61,8437.93,NaN,NaN,NaN
7259,5298.73,8566.52,0,0,0.0000
7260,5017.64,8005.64,NaN,NaN,NaN
7261,5275.64,8441.32,NaN,NaN,NaN
7262,5496.48,7824.80,NaN,NaN,NaN
7263,5152.14,8294.14,2,4,2.0000
7264,5010.48,8165.41,NaN,NaN,NaN
7265,5437.63,8457.01,NaN,NaN,NaN
7266,5335.27,8406.63,NaN,NaN,NaN
7267,5086.02,8401.90,NaN,NaN,NaN
7268,5424.50,8500.73,NaN,NaN,NaN
7269,5190.45,7994.47,0,0,0.0000
7270,5463.97,8280.58,0,0,0.0000
7271,5502.80,8267.84,NaN,NaN,NaN
7272,5129.05,8223.27,NaN,NaN,NaN
7273,5390.04,8404.46,0,0,0.0000
7274,4986.73,7892.44,NaN,NaN,NaN
7275,5246.11,8292.05,NaN,NaN,NaN
7276,5247.47,7864.19,0,0,0.0000
7277,5023.52,8241.31,3,6,2.0000
7278,5460.47,8337.77,0,0,0.0000
7279,5467.41,8202.13,0,0,0.0000
7280,5133.54,7965.53,0,0,0.0000
7281,5418.37,7876.81,0,0,0.0000
7282,5438.68,8374.35,0,0,0.0000
7283,5599.40,8466.03,NaN,NaN,NaN
7284,5606.95,8012.96,2,3,0.0000
7285,5581.16,8210.02,NaN,NaN,NaN
7286,5670.04,8439.22,NaN,NaN,NaN
7287,5840.16,8532.40,NaN,NaN,NaN
7288,5536.24,8272.02,NaN,NaN,NaN
7289,5600.36,8111.21,0,0,0.0000
7290,5519.10,8442.91,NaN,NaN,NaN
7291,5726.68,8352.36,NaN,NaN,NaN
7292,5623.97,8342.25,0,0,0.0000
7293,5601.16,8562.67,0,0,0.0000
7294,5567.51,8317.65,NaN,NaN,NaN
7295,5511.90,8365.35,0,0,0.0000
7296,5612.44,7946.94,0,0,0.0000
7297,5676.61,8335.07,0,0,0.0000
7298,6868.08,7847.35,2,6,3.0000
7299,6930.93,8356.64,NaN,NaN,NaN
7300,6933.25,8452.55,NaN,NaN,NaN
7301,6843.69,8222.24,NaN,NaN,NaN
7302,6912.79,7929.93,0,0,0.0000
7303,6982.99,7989.75,3,8,2.6667
7304,6826.92,8148.85,0,0,0.0000
7305,6893.16,8190.76,0,0,0.0000
7306,6846.34,8318.13,2,2,0.0000
7307,6779.98,8315.12,NaN,NaN,NaN
7308,7026.33,8392.10,NaN,NaN,NaN
7309,6945.19,8081.09,3,5,0.0000
7310,6947.36,7821.39,2,3,0.0000
7311,6999.71,7871.27,NaN,NaN,NaN
7312,6879.65,8473.83,2,4,2.0000
7313,6945.39,8212.90,0,0,0.0000
7314,7010.81,8121.82,NaN,NaN,NaN
7315,6795.57,8243.73,0,0,0.0000
7316,6693.97,7995.89,NaN,NaN,NaN
7317,6971.87,8301.51,NaN,NaN,NaN
7318,6762.48,8128.06,0,0,0.0000
7319,6792.59,7916.42,2,3,0.0000
7320,7033.76,7998.91,0,0,0.0000
7321,7012.92,7811.69,NaN,NaN,NaN
7322,6776.73,8057.43,NaN,NaN,NaN
7323,6950.21,8524.72,2,4,2.0000
7324,6913.01,8094.82,4,8,2.0000
7325,7036.44,8058.92,0,0,0.0000
7326,6692.26,8056.39,0,0,0.0000
7327,6786.03,7872.01,0,0,0.0000
7328,6925.57,8543.49,NaN,NaN,NaN
7329,6915.89,8258.51,2,2,0.0000
7330,6978.05,8260.36,0,0,0.0000
7331,6972.30,8161.91,NaN,NaN,NaN
7332,7031.89,8223.13,2,2,0.0000
7333,6972.68,7930.57,NaN,NaN,NaN
7334,6939.74,8139.67,0,0,0.0000
7335,7083.03,8505.05,0,0,0.0000
7336,7218.80,8440.20,NaN,NaN,NaN
7337,7211.76,8222.97,0,0,0.0000
7338,7119.71,8286.31,NaN,NaN,NaN
7339,7143.65,8331.99,NaN,NaN,NaN
7340,7049.12,8177.89,0,0,0.0000
7341,7054.20,8247.25,2,4,2.0000
7342,7130.12,8184.12,NaN,NaN,NaN
7343,7493.27,7917.93,2,3,0.0000
7344,7468.51,7814.41,0,0,0.0000
7345,7365.03,8087.20,NaN,NaN,NaN
7346,7068.38,8309.67,NaN,NaN,NaN
7347,7063.79,8016.99,0,0,0.0000
7348,7181.59,8387.28,NaN,NaN,NaN
7349,7132.42,8431.91,2,3,0.0000
7350,7216.06,8535.49,2,3,0.0000
7351,7056.33,8361.81,0,0,0.0000
7352,7112.74,8376.96,NaN,NaN,NaN
7353,7508.92,7852.74,NaN,NaN,NaN
7354,7261.44,8516.05,0,0,0.0000
7355,7055.21,8108.96,2,1,0.0000
7356,7229.92,8363.94,NaN,NaN,NaN
7357,7194.73,8331.91,NaN,NaN,NaN
7358,7060.07,8573.53,2,1,0.0000
7359,7536.89,7842.63,NaN,NaN,NaN
7360,8505.41,7944.50,0,0,0.0000
7361,8337.34,8348.19,2,4,2.0000
7362,8569.66,8145.93,NaN,NaN,NaN
7363,8494.96,8346.82,3,6,2.0000
7364,8373.67,8466.09,NaN,NaN,NaN
7365,8420.32,8295.02,2,5,2.5000
7366,8477.60,8035.07,0,0,0.0000
7367,8373.32,7876.72,NaN,NaN,NaN
7368,8453.74,7855.01,2,4,2.0000
7369,8517.41,8218.28,2,3,0.0000
7370,8341.27,8016.97,NaN,NaN,NaN
7371,8476.99,8124.76,NaN,NaN,NaN
7372,8564.29,8324.95,NaN,NaN,NaN
7373,8388.01,8546.02,0,0,0.0000
7374,8302.99,8057.17,NaN,NaN,NaN
7375,8497.10,8421.84,NaN,NaN,NaN
7376,8277.37,7838.97,0,0,0.0000
7377,8556.76,8058.62,NaN,NaN,NaN
7378,8275.12,7898.32,NaN,NaN,NaN
7379,8421.07,7966.84,NaN,NaN,NaN
7380,8398.75,8131.65,0,0,0.0000
7381,8292.18,7954.03,NaN,NaN,NaN
7382,8522.82,7812.55,NaN,NaN,NaN
7383,8560.17,8422.10,NaN,NaN,NaN
7384,8432.46,8077.84,NaN,NaN,NaN
7385,8355.73,8097.80,NaN,NaN,NaN
7386,8458.87,8184.64,NaN,NaN,NaN
7387,8235.09,7883.85,NaN,NaN,NaN
7388,8763.07,8406.98,NaN,NaN,NaN
7389,9232.32,8506.31,NaN,NaN,NaN
7390,8898.47,8519.76,NaN,NaN,NaN
7391,9263.65,8000.73,3,3,0.0000
7392,8861.51,7943.13,2,5,2.5000
7393,8619.07,8257.20,2,5,2.5000
7394,9029.19,8386.54,NaN,NaN,NaN
7395,8934.55,8012.14,2,3,0.0000
7396,8926.73,8258.03,2,5,2.5000
7397,9174.23,8077.69,NaN,NaN,NaN
7398,8693.64,8520.19,NaN,NaN,NaN
7399,9129.93,8169.13,NaN,NaN,NaN
7400,8639.29,7894.75,NaN,NaN,NaN
7401,9006.77,8498.73,NaN,NaN,NaN
7402,9246.94,8158.11,NaN,NaN,NaN
7403,8858.36,8230.33,2,3,0.0000
7404,8827.73,8054.47,NaN,NaN,NaN
7405,9129.29,8511.11,2,3,0.0000
7406,9228.72,8352.60,NaN,NaN,NaN
7407,8787.64,8545.27,3,5,0.0000
7408,8916.74,8110.00,0,0,0.0000
7409,9291.11,8433.91,2,4,2.0000
7410,9257.33,8264.87,NaN,NaN,NaN
7411,8757.38,7837.45,NaN,NaN,NaN
7412,8628.00,8431.88,2,5,2.5000
7413,8785.66,8291.20,NaN,NaN,NaN
7414,8771.35,8077.28,2,4,2.0000
7415,9048.07,8252.41,3,9,3.0000
7416,8674.03,8369.81,NaN,NaN,NaN
7417,8882.63,8381.87,NaN,NaN,NaN
7418,9138.85,8242.98,2,7,3.5000
7419,9042.79,7831.02,0,0,0.0000
7420,8979.58,7849.84,2,5,2.5000
7421,8650.26,8059.22,2,3,0.0000
7422,8715.10,8146.87,NaN,NaN,NaN
7423,8719.22,8249.17,NaN,NaN,NaN
7424,9164.96,7988.55,NaN,NaN,NaN
7425,8717.50,7983.00,0,0,0.0000
7426,9087.35,7936.43,0,0,0.0000
7427,8997.70,8283.41,NaN,NaN,NaN
7428,9298.74,8114.25,0,0,0.0000
7429,8811.03,8205.94,NaN,NaN,NaN
7430,8993.41,8206.55,NaN,NaN,NaN
7431,9334.57,7963.24,NaN,NaN,NaN
7432,9288.78,7869.16,3,4,0.0000
7433,9069.89,8074.63,0,0,0.0000
7434,8967.68,8167.39,NaN,NaN,NaN
7435,8626.48,7996.10,NaN,NaN,NaN
7436,9045.96,8130.79,NaN,NaN,NaN
7437,8610.40,8352.49,4,5,0.0000
7438,9078.19,8458.41,0,0,0.0000
7439,9320.49,8358.25,0,0,0.0000
7440,9125.96,7893.45,0,0,0.0000
7441,9027.88,8061.71,0,0,0.0000
7442,8685.20,8302.51,0,0,0.0000
7443,8637.71,7956.73,NaN,NaN,NaN
7444,9108.91,8023.84,NaN,NaN,NaN
7445,8904.59,8328.42,3,3,0.0000
7446,9039.86,8175.19,NaN,NaN,NaN
7447,9305.07,7918.21,0,0,0.0000
7448,8830.41,8509.76,0,0,0.0000
7449,9153.46,7921.60,NaN,NaN,NaN
7450,8968.73,8367.87,0,0,0.0000
7451,9035.85,8018.48,0,0,0.0000
7452,9441.54,8490.33,2,9,4.5000
7453,9377.80,7885.89,NaN,NaN,NaN
7454,9654.75,8508.72,0,0,0.0000
7455,9657.10,8425.53,0,0,0.0000
7456,9389.96,7978.37,NaN,NaN,NaN
7457,9447.03,7944.55,0,0,0.0000
7458,9596.92,8504.84,0,0,0.0000
7459,9409.79,8405.62,0,0,0.0000
7460,9434.59,8334.51,3,5,0.0000
7461,9428.34,7843.94,0,0,0.0000
7462,9369.21,8095.74,3,6,2.0000
7463,9351.62,7843.68,NaN,NaN,NaN
7464,9344.93,8012.32,NaN,NaN,NaN
7465,9718.79,8452.77,0,0,0.0000
7466,9355.99,8372.04,0,0,0.0000
7467,9472.43,7888.54,0,0,0.0000
7468,9369.81,8352.11,0,0,0.0000
7469,12517.75,8011.86,0,0,0.0000
7470,12571.37,7994.61,0,0,0.0000
7471,16151.75,7972.88,NaN,NaN,NaN
7472,16133.04,8077.91,NaN,NaN,NaN
7473,15884.51,8219.92,NaN,NaN,NaN
7474,16294.34,8099.77,NaN,NaN,NaN
7475,16126.02,8207.27,0,0,0.0000
7476,16168.61,7828.03,NaN,NaN,NaN
7477,16273.83,8440.50,NaN,NaN,NaN
7478,16026.28,7853.03,0,0,0.0000
7479,16298.99,8355.02,NaN,NaN,NaN
7480,16043.13,8143.47,0,0,0.0000
7481,15919.41,7860.95,0,0,0.0000
7482,16251.65,8156.82,NaN,NaN,NaN
7483,16017.01,8309.60,NaN,NaN,NaN
7484,15924.90,8478.62,NaN,NaN,NaN
7485,16082.48,7901.51,NaN,NaN,NaN
7486,16104.64,8316.46,2,5,2.5000
7487,16145.27,8479.77,NaN,NaN,NaN
7488,15770.84,8220.08,NaN,NaN,NaN
7489,15653.56,8266.08,NaN,NaN,NaN
7490,15969.62,8537.40,NaN,NaN,NaN
7491,15934.13,8379.02,3,6,2.0000
7492,16083.56,8387.75,0,0,0.0000
7493,15871.93,8339.86,NaN,NaN,NaN
7494,15804.47,8168.05,NaN,NaN,NaN
7495,16056.31,8476.69,NaN,NaN,NaN
7496,15698.72,8354.62,0,0,0.0000
7497,16206.13,8210.19,3,4,0.0000
7498,16058.26,8252.36,0,0,0.0000
7499,16249.54,7904.71,NaN,NaN,NaN
7500,15786.84,7892.78,NaN,NaN,NaN
7501,15719.18,8279.96,NaN,NaN,NaN
7502,16283.43,8278.38,NaN,NaN,NaN
7503,15641.08,8375.95,0,0,0.0000
7504,16002.73,8431.05,2,2,0.0000
7505,15702.99,8210.16,0,0,0.0000
7506,15719.66,8119.00,NaN,NaN,NaN
7507,16274.21,7822.36,0,0,0.0000
7508,16202.47,8393.21,2,2,0.0000
7509,15625.40,8320.17,NaN,NaN,NaN
7510,15892.31,8553.44,0,0,0.0000
7511,15569.70,8188.33,0,0,0.0000
7512,16077.43,8424.58,0,0,0.0000
7513,16220.03,8273.31,NaN,NaN,NaN
7514,16194.23,8437.13,NaN,NaN,NaN
7515,16011.49,8380.70,0,0,0.0000
7516,15793.32,8258.16,2,8,4.0000
7517,16370.88,8199.29,0,0,0.0000
7518,16327.31,8542.75,3,3,0.0000
7519,826.54,9045.35,0,0,0.0000
7520,298.64,9018.25,NaN,NaN,NaN
7521,844.31,9274.85,NaN,NaN,NaN
7522,750.65,9114.10,3,2,0.0000
7523,876.48,9148.24,NaN,NaN,NaN
7524,839.96,8814.07,NaN,NaN,NaN
7525,238.46,8919.40,NaN,NaN,NaN
7526,122.26,8870.87,NaN,NaN,NaN
7527,187.89,8855.07,0,0,0.0000
7528,141.74,8795.27,NaN,NaN,NaN
7529,886.87,8760.47,0,0,0.0000
7530,237.06,8784.34,NaN,NaN,NaN
7531,204.81,8980.68,0,0,0.0000
7532,177.03,8749.70,3,3,0.0000
7533,726.53,9190.41,2,2,0.0000
7534,119.46,8601.93,3,6,2.0000
7535,750.93,9019.58,0,0,0.0000
7536,883.12,8982.94,5,5,0.0000
7537,819.80,9180.04,NaN,NaN,NaN
7538,780.06,9266.44,0,0,0.0000
7539,809.25,8915.83,0,0,0.0000
7540,764.07,9223.40,0,0,0.0000
7541,286.26,8832.91,2,2,0.0000
7542,130.62,8711.14,0,0,0.0000
7543,111.51,8676.11,0,0,0.0000
7544,789.21,8966.93,NaN,NaN,NaN
7545,255.31,8863.75,NaN,NaN,NaN
7546,963.38,8834.45,NaN,NaN,NaN
7547,1501.70,9317.58,2,3,0.0000
7548,1132.47,8943.62,NaN,NaN,NaN
7549,1278.43,8953.70,2,1,0.0000
7550,1156.58,9083.02,2,2,0.0000
7551,1184.35,8848.10,NaN,NaN,NaN
7552,1510.37,8822.23,NaN,NaN,NaN
7553,1493.87,8710.19,NaN,NaN,NaN
7554,924.51,8692.21,0,0,0.0000
7555,994.47,9020.46,0,0,0.0000
7556,1261.37,9268.28,NaN,NaN,NaN
7557,946.96,8955.37,2,5,2.5000
7558,1209.19,9343.02,NaN,NaN,NaN
7559,1631.39,9253.55,2,4,2.0000
7560,1624.01,8630.31,2,4,2.0000
7561,1155.49,9264.34,4,3,0.0000
7562,945.98,9289.20,NaN,NaN,NaN
7563,1081.27,8694.70,2,1,0.0000
7564,979.82,9145.93,4,5,0.0000
7565,1477.98,9194.95,NaN,NaN,NaN
7566,1288.77,9140.21,0,0,0.0000
7567,941.42,9080.22,0,0,0.0000
7568,1343.20,9050.07,0,0,0.0000
7569,1471.72,8925.56,0,0,0.0000
7570,1480.97,9036.51,3,4,0.0000
7571,1271.36,9210.97,4,5,0.0000
7572,1045.81,9309.63,0,0,0.0000
7573,1103.95,9048.27,NaN,NaN,NaN
7574,1607.04,8736.00,0,0,0.0000
7575,1043.04,8771.07,0,0,0.0000
7576,1048.89,9151.49,NaN,NaN,NaN
7577,1001.79,8717.35,4,5,0.0000
7578,1401.53,9069.42,NaN,NaN,NaN
7579,1095.93,8820.68,NaN,NaN,NaN
7580,1426.38,9231.99,0,0,0.0000
7581,1263.41,9083.20,NaN,NaN,NaN
7582,1396.74,8980.74,2,5,2.5000
7583,1565.05,8658.66,NaN,NaN,NaN
7584,1436.60,8816.61,NaN,NaN,NaN
7585,1010.17,8648.88,NaN,NaN,NaN
7586,1363.87,9276.66,0,0,0.0000
7587,1046.28,9243.47,0,0,0.0000
7588,1570.25,8789.43,2,4,2.0000
7589,1441.61,8876.13,0,0,0.0000
7590,904.73,9202.86,0,0,0.0000
7591,1214.53,9073.34,NaN,NaN,NaN
7592,975.39,9234.88,0,0,0.0000
7593,1582.04,9194.06,2,3,0.0000
7594,1058.83,9019.88,NaN,NaN,NaN
7595,1070.80,9100.54,2,2,0.0000
7596,1272.50,8821.43,0,0,0.0000
7597,1393.20,9174.71,NaN,NaN,NaN
7598,1181.27,9181.14,0,0,0.0000
7599,1146.71,8774.03,0,0,0.0000
7600,1386.92,8898.33,NaN,NaN,NaN
7601,1455.71,8609.72,NaN,NaN,NaN
7602,1035.07,8953.05,3,3,0.0000
7603,1334.38,9196.42,2,3,0.0000
7604,1441.12,9049.03,5,5,0.0000
7605,1524.61,9153.46,NaN,NaN,NaN
7606,1219.18,9166.70,0,0,0.0000
7607,946.40,8757.56,NaN,NaN,NaN
7608,1357.19,9137.93,2,2,0.0000
7609,1390.74,8809.63,0,0,0.0000
7610,1120.91,9214.44,0,0,0.0000
7611,1032.66,8895.31,NaN,NaN,NaN
7612,1585.87,8850.70,0,0,0.0000
7613,1283.52,9322.79,0,0,0.0000
7614,1340.19,9324.56,0,0,0.0000
7615,1461.04,9117.13,2,4,2.0000
7616,1058.36,8883.10,NaN,NaN,NaN
7617,1618.27,8820.54,NaN,NaN,NaN
7618,1500.26,9119.85,0,0,0.0000
7619,1291.59,9033.19,NaN,NaN,NaN
7620,2148.87,9262.44,0,0,0.0000
7621,2380.98,8583.82,NaN,NaN,NaN
7622,2119.31,9315.44,0,0,0.0000
7623,2247.82,9151.69,2,2,0.0000
7624,2087.92,9223.06,NaN,NaN,NaN
7625,2052.23,9255.49,2,7,3.5000
7626,1680.81,8599.59,NaN,NaN,NaN
7627,2854.15,9090.75,NaN,NaN,NaN
7628,2437.30,9039.06,NaN,NaN,NaN
7629,2694.38,8607.31,NaN,NaN,NaN
7630,2789.21,9033.72,NaN,NaN,NaN
7631,2769.81,8929.62,NaN,NaN,NaN
7632,2765.28,9157.45,NaN,NaN,NaN
7633,2813.88,8900.74,0,0,0.0000
7634,2712.44,8958.00,NaN,NaN,NaN
7635,2496.85,9252.06,2,2,0.0000
7636,2616.16,8595.21,0,0,0.0000
7637,3166.39,8639.90,NaN,NaN,NaN
7638,2455.94,8607.25,NaN,NaN,NaN
7639,2712.84,9083.16,2,4,2.0000
7640,2764.19,8592.56,NaN,NaN,NaN
7641,2488.70,9112.12,NaN,NaN,NaN
7642,2433.51,8970.10,NaN,NaN,NaN
7643,3185.55,8758.60,NaN,NaN,NaN
7644,2528.43,9213.49,NaN,NaN,NaN
7645,3183.79,8702.58,2,2,0.0000
7646,3721.59,8832.54,NaN,NaN,NaN
7647,3932.42,9025.80,2,4,2.0000
7648,3629.88,8732.62,0,0,0.0000
7649,3884.30,8631.39,NaN,NaN,NaN
7650,3850.69,9194.97,3,5,0.0000
7651,3945.73,9158.62,NaN,NaN,NaN
7652,3692.57,8626.86,3,1,0.0000
7653,3714.91,8724.79,3,6,2.0000
7654,3731.54,8985.76,0,0,0.0000
7655,3777.43,8916.24,NaN,NaN,NaN
7656,3879.21,9071.23,NaN,NaN,NaN
7657,3943.81,9276.14,NaN,NaN,NaN
7658,3915.86,8852.24,0,0,0.0000
7659,3964.27,8936.16,NaN,NaN,NaN
7660,3783.62,9117.60,0,0,0.0000
7661,3793.70,8689.27,NaN,NaN,NaN
7662,3825.59,8789.57,NaN,NaN,NaN
7663,3798.25,8627.08,NaN,NaN,NaN
7664,3864.62,8860.93,0,0,0.0000
7665,3832.62,9262.89,NaN,NaN,NaN
7666,3856.21,9126.97,NaN,NaN,NaN
7667,3802.22,9011.42,0,0,0.0000
7668,3674.61,8910.75,0,0,0.0000
7669,3887.95,8925.80,0,0,0.0000
7670,3848.30,8987.30,0,0,0.0000
7671,3834.06,8915.68,0,0,0.0000
7672,3775.63,9050.25,0,0,0.0000
7673,3767.93,8757.53,NaN,NaN,NaN
7674,3948.80,8833.07,NaN,NaN,NaN
7675,3580.82,8662.54,NaN,NaN,NaN
7676,4292.08,9282.65,NaN,NaN,NaN
7677,4124.32,8837.03,0,0,0.0000
7678,4063.33,8651.24,NaN,NaN,NaN
7679,4000.52,8770.68,NaN,NaN,NaN
7680,4362.64,9150.82,NaN,NaN,NaN
7681,4335.52,8945.96,NaN,NaN,NaN
7682,4097.41,9078.98,NaN,NaN,NaN
7683,4034.51,8982.10,NaN,NaN,NaN
7684,4174.84,8971.11,NaN,NaN,NaN
7685,4480.11,9182.81,0,0,0.0000
7686,4334.35,8665.02,2,3,0.0000
7687,4535.13,9328.60,4,4,0.0000
7688,4445.74,8616.92,2,6,3.0000
7689,4490.29,8815.98,NaN,NaN,NaN
7690,4036.75,9281.30,NaN,NaN,NaN
7691,4008.32,8880.37,0,0,0.0000
7692,4261.86,8598.23,NaN,NaN,NaN
7693,4286.92,9097.07,4,5,0.0000
7694,4161.58,9333.10,NaN,NaN,NaN
7695,4542.22,8909.51,0,0,0.0000
7696,4299.01,8729.31,NaN,NaN,NaN
7697,4396.86,9225.34,NaN,NaN,NaN
7698,4001.97,9206.50,NaN,NaN,NaN
7699,4123.56,8707.10,2,9,4.5000
7700,4409.05,9047.16,0,0,0.0000
7701,4087.43,9174.18,NaN,NaN,NaN
7702,4576.51,8971.34,0,0,0.0000
7703,4476.32,9255.91,0,0,0.0000
7704,4155.20,9051.41,NaN,NaN,NaN
7705,4231.71,9056.34,0,0,0.0000
7706,3971.78,8641.16,0,0,0.0000
7707,4562.12,9248.61,0,0,0.0000
7708,4463.43,8899.05,2,5,2.5000
7709,4389.72,8625.64,NaN,NaN,NaN
7710,4199.63,9135.86,0,0,0.0000
7711,4321.97,8576.13,0,0,0.0000
7712,4447.28,8975.91,NaN,NaN,NaN
7713,4569.75,9052.58,NaN,NaN,NaN
7714,4527.77,9138.65,0,0,0.0000
7715,4418.48,8841.47,NaN,NaN,NaN
7716,4309.88,8833.90,0,0,0.0000
7717,4141.88,9229.69,NaN,NaN,NaN
7718,4247.14,8834.82,NaN,NaN,NaN
7719,4005.75,9110.43,NaN,NaN,NaN
7720,4383.19,8801.19,NaN,NaN,NaN
7721,4507.46,8997.32,NaN,NaN,NaN
7722,4223.47,8674.38,0,0,0.0000
7723,4164.04,8622.66,NaN,NaN,NaN
7724,4098.13,8953.45,NaN,NaN,NaN
7725,4348.06,8745.92,NaN,NaN,NaN
7726,4232.88,8739.75,NaN,NaN,NaN
7727,4409.13,9294.02,0,0,0.0000
7728,4067.08,9124.53,NaN,NaN,NaN
7729,4461.46,9057.55,NaN,NaN,NaN
7730,4653.15,9303.59,0,0,0.0000
7731,4373.25,8883.32,NaN,NaN,NaN
7732,4435.82,8766.81,0,0,0.0000
7733,4587.42,9156.60,NaN,NaN,NaN
7734,4541.64,9094.96,0,0,0.0000
7735,4406.50,8942.22,0,0,0.0000
7736,4529.28,9046.96,NaN,NaN,NaN
7737,4310.50,9047.48,0,0,0.0000
7738,4161.69,8667.29,NaN,NaN,NaN
7739,4209.11,8783.00,NaN,NaN,NaN
7740,4171.82,8766.42,NaN,NaN,NaN
7741,4453.30,9122.12,0,0,0.0000
7742,5263.91,9284.16,0,0,0.0000
7743,5463.52,9115.44,2,5,2.5000
7744,5294.56,8853.11,NaN,NaN,NaN
7745,5460.06,9292.86,0,0,0.0000
7746,5110.20,9207.53,NaN,NaN,NaN
7747,5201.82,9149.92,0,0,0.0000
7748,5383.32,9300.30,3,7,2.3333
7749,4794.55,9318.85,NaN,NaN,NaN
7750,4872.67,9248.67,2,4,2.0000
7751,5013.78,9271.28,2,2,0.0000
7752,5165.21,9301.51,0,0,0.0000
7753,5177.90,9009.03,0,0,0.0000
7754,5089.37,9339.94,NaN,NaN,NaN
7755,5258.51,9077.93,NaN,NaN,NaN
7756,5309.33,8968.05,0,0,0.0000
7757,5386.62,8800.46,2,7,3.5000
7758,5463.09,8910.22,NaN,NaN,NaN
7759,5291.98,8745.39,NaN,NaN,NaN
7760,5355.01,8719.59,4,6,0.0000
7761,5489.67,8980.77,NaN,NaN,NaN
7762,5323.89,8647.82,0,0,0.0000
7763,5230.84,8940.15,0,0,0.0000
7764,5144.29,8916.66,2,10,5.0000
7765,5410.93,8644.39,0,0,0.0000
7766,5463.58,8658.28,2,4,2.0000
7767,5422.13,8893.10,0,0,0.0000
7768,5492.63,8772.67,NaN,NaN,NaN
7769,5202.72,8655.80,0,0,0.0000
7770,5413.15,8723.02,NaN,NaN,NaN
7771,5371.88,9022.01,0,0,0.0000
7772,5377.08,8885.89,3,5,0.0000
7773,5350.70,9227.16,0,0,0.0000
7774,5369.04,8582.11,0,0,0.0000
7775,5262.73,8671.84,NaN,NaN,NaN
7776,5146.51,8768.67,NaN,NaN,NaN
7777,5162.34,8689.56,NaN,NaN,NaN
7778,5160.15,8858.27,NaN,NaN,NaN
7779,4944.75,9336.39,NaN,NaN,NaN
7780,5122.15,9116.34,0,0,0.0000
7781,5240.22,8792.02,NaN,NaN,NaN
7782,5405.60,9053.58,NaN,NaN,NaN
7783,5234.87,8721.10,NaN,NaN,NaN
7784,5067.08,9109.29,0,0,0.0000
7785,5445.31,9239.99,2,3,0.0000
7786,5351.56,9128.16,0,0,0.0000
7787,5133.44,9051.91,0,0,0.0000
7788,5289.91,9152.84,0,0,0.0000
7789,5364.34,8957.78,NaN,NaN,NaN
7790,5281.05,8618.91,0,0,0.0000
7791,5262.30,8932.43,NaN,NaN,NaN
7792,5271.77,9009.53,0,0,0.0000
7793,5416.66,9005.34,0,0,0.0000
7794,5678.98,8698.04,NaN,NaN,NaN
7795,5728.28,8576.03,NaN,NaN,NaN
7796,5519.65,8695.42,NaN,NaN,NaN
7797,5558.37,8583.52,2,4,2.0000
7798,5813.12,9100.94,NaN,NaN,NaN
7799,5822.30,9176.95,NaN,NaN,NaN
7800,5709.77,8960.78,NaN,NaN,NaN
7801,5620.06,8803.17,NaN,NaN,NaN
7802,5853.79,9052.69,NaN,NaN,NaN
7803,5865.14,8961.78,0,0,0.0000
7804,5777.25,8890.31,NaN,NaN,NaN
7805,5810.14,8823.74,NaN,NaN,NaN
7806,5867.13,8890.72,NaN,NaN,NaN
7807,5730.12,8828.59,4,7,0.0000
7808,5587.25,8718.41,2,7,3.5000
7809,5814.46,8592.21,NaN,NaN,NaN
7810,5530.17,9182.56,NaN,NaN,NaN
7811,5669.22,8820.10,0,0,0.0000
7812,5545.70,9260.27,0,0,0.0000
7813,5518.02,8875.97,NaN,NaN,NaN
7814,5780.67,8762.79,NaN,NaN,NaN
7815,5858.90,8634.98,2,3,0.0000
7816,5768.48,8979.99,NaN,NaN,NaN
7817,5848.87,8821.09,0,0,0.0000
7818,5736.34,9032.79,NaN,NaN,NaN
7819,5550.74,9030.61,0,0,0.0000
7820,5815.63,8894.31,0,0,0.0000
7821,5880.38,9003.05,0,0,0.0000
7822,5797.29,9028.21,0,0,0.0000
7823,7291.08,8675.02,2,8,4.0000
7824,7472.35,9314.23,NaN,NaN,NaN
7825,7776.57,8893.47,NaN,NaN,NaN
7826,7369.74,9314.70,NaN,NaN,NaN
7827,7767.18,9040.54,NaN,NaN,NaN
7828,7279.03,8622.82,2,0,0.0000
7829,7199.66,8739.38,NaN,NaN,NaN
7830,7255.33,8736.91,0,0,0.0000
7831,7773.64,9098.37,0,0,0.0000
7832,7118.16,8627.27,0,0,0.0000
7833,7185.98,8608.72,NaN,NaN,NaN
7834,7235.50,8766.94,2,4,2.0000
7835,7813.98,8896.71,NaN,NaN,NaN
7836,8226.61,8907.22,NaN,NaN,NaN
7837,8122.67,8917.83,NaN,NaN,NaN
7838,7843.00,8965.67,2,3,0.0000
7839,8280.11,8691.00,3,8,2.6667
7840,8272.08,9061.75,NaN,NaN,NaN
7841,7839.41,9079.93,NaN,NaN,NaN
7842,7968.59,8970.78,NaN,NaN,NaN
7843,8505.31,8596.36,3,4,0.0000
7844,8206.17,8756.88,0,0,0.0000
7845,7931.50,8907.88,NaN,NaN,NaN
7846,8079.44,8886.88,0,0,0.0000
7847,8574.54,9328.52,0,0,0.0000
7848,8294.00,8817.02,0,0,0.0000
7849,8192.51,9036.84,0,0,0.0000
7850,8071.86,8991.22,2,5,2.5000
7851,7894.80,9017.54,2,3,0.0000
7852,7921.24,8809.49,0,0,0.0000
7853,7909.36,9089.91,4,4,0.0000
7854,8529.11,8671.61,NaN,NaN,NaN
7855,8374.75,8930.74,0,0,0.0000
7856,8350.08,8993.90,NaN,NaN,NaN
7857,7910.74,8842.25,0,0,0.0000
7858,8338.13,8802.59,0,0,0.0000
7859,8042.09,8781.25,NaN,NaN,NaN
7860,8301.33,8994.08,3,2,0.0000
7861,8573.50,8605.24,0,0,0.0000
7862,8120.99,8804.18,0,0,0.0000
7863,8382.81,9047.21,NaN,NaN,NaN
7864,8260.35,8857.98,NaN,NaN,NaN
7865,8217.69,8971.80,0,0,0.0000
7866,8515.63,8935.03,NaN,NaN,NaN
7867,8082.17,8827.86,0,0,0.0000
7868,8129.18,8758.50,NaN,NaN,NaN
7869,8245.07,8809.96,NaN,NaN,NaN
7870,8396.39,8840.44,0,0,0.0000
7871,8469.49,8974.98,NaN,NaN,NaN
7872,8295.72,8898.77,0,0,0.0000
7873,8354.50,8870.69,0,0,0.0000
7874,8337.62,8915.31,0,0,0.0000
7875,8382.21,8856.95,0,0,0.0000
7876,8522.73,9324.34,0,0,0.0000
7877,8724.58,8886.66,3,7,2.3333
7878,8740.20,8648.77,2,5,2.5000
7879,9336.24,8598.63,3,4,0.0000
7880,9215.52,8875.33,2,2,0.0000
7881,9037.90,8609.88,NaN,NaN,NaN
7882,8588.34,8755.16,0,0,0.0000
7883,8877.29,8639.47,NaN,NaN,NaN
7884,8738.72,9117.98,NaN,NaN,NaN
7885,9335.45,8921.99,NaN,NaN,NaN
7886,9218.58,9006.21,3,1,0.0000
7887,8890.71,9096.99,NaN,NaN,NaN
7888,8981.95,9035.46,0,0,0.0000
7889,9110.25,8735.61,NaN,NaN,NaN
7890,9209.61,8618.73,NaN,NaN,NaN
7891,8833.99,8789.52,2,3,0.0000
7892,9247.83,8712.84,NaN,NaN,NaN
7893,8994.86,8749.83,NaN,NaN,NaN
7894,8888.93,8836.53,NaN,NaN,NaN
7895,9111.42,9063.62,2,3,0.0000
7896,9179.63,8688.95,NaN,NaN,NaN
7897,9005.98,8876.96,0,0,0.0000
7898,8946.50,8830.90,NaN,NaN,NaN
7899,8700.17,8754.58,0,0,0.0000
7900,9124.73,8631.86,NaN,NaN,NaN
7901,8888.71,8937.53,3,4,0.0000
7902,8966.77,8671.56,0,0,0.0000
7903,9049.89,8793.72,0,0,0.0000
7904,9301.54,8761.92,0,0,0.0000
7905,8780.27,8798.82,NaN,NaN,NaN
7906,8850.48,8719.18,NaN,NaN,NaN
7907,9113.46,8987.76,NaN,NaN,NaN
7908,9188.95,8768.95,NaN,NaN,NaN
7909,8645.73,8678.76,NaN,NaN,NaN
7910,8649.93,8763.34,0,0,0.0000
7911,9332.29,9082.29,0,0,0.0000
7912,9108.33,8576.69,NaN,NaN,NaN
7913,8787.26,9083.22,2,2,0.0000
7914,9173.29,9066.63,0,0,0.0000
7915,9330.28,8971.03,3,6,2.0000
7916,9154.94,9031.72,NaN,NaN,NaN
7917,8775.53,8990.53,0,0,0.0000
7918,9274.38,8968.02,NaN,NaN,NaN
7919,9317.27,9185.76,0,0,0.0000
7920,9151.03,9129.70,0,0,0.0000
7921,9241.49,9062.93,NaN,NaN,NaN
7922,9104.34,8680.43,0,0,0.0000
7923,9652.73,9064.04,NaN,NaN,NaN
7924,9965.26,9298.10,4,4,0.0000
7925,9390.68,8844.86,2,4,2.0000
7926,9531.02,8786.44,NaN,NaN,NaN
7927,9569.30,9235.38,NaN,NaN,NaN
7928,9668.27,9269.67,NaN,NaN,NaN
7929,9449.45,9026.77,NaN,NaN,NaN
7930,9517.35,8941.93,NaN,NaN,NaN
7931,9567.77,8700.60,NaN,NaN,NaN
7932,10106.64,9190.13,NaN,NaN,NaN
7933,9768.07,9124.56,NaN,NaN,NaN
7934,9893.33,9214.07,NaN,NaN,NaN
7935,9362.39,9008.06,0,0,0.0000
7936,9810.65,9232.59,NaN,NaN,NaN
7937,9777.14,9304.80,2,4,2.0000
7938,9877.41,8927.70,NaN,NaN,NaN
7939,9899.17,9141.63,0,0,0.0000
7940,9397.29,9153.61,NaN,NaN,NaN
7941,10004.42,9158.06,3,5,0.0000
7942,9389.90,8718.82,NaN,NaN,NaN
7943,10039.81,8808.30,2,2,0.0000
7944,9927.94,8965.13,NaN,NaN,NaN
7945,10097.98,9295.69,NaN,NaN,NaN
7946,9914.19,8849.60,NaN,NaN,NaN
7947,9410.11,8630.80,NaN,NaN,NaN
7948,9585.26,8969.49,0,0,0.0000
7949,10014.94,9053.13,0,0,0.0000
7950,9814.66,8998.87,NaN,NaN,NaN
7951,9737.70,9216.91,3,3,0.0000
7952,9830.99,9147.46,NaN,NaN,NaN
7953,9641.04,9201.09,0,0,0.0000
7954,9842.53,9093.35,NaN,NaN,NaN
7955,9441.14,8913.33,0,0,0.0000
7956,9367.19,8782.15,NaN,NaN,NaN
7957,10057.60,9128.00,0,0,0.0000
7958,9579.60,9048.22,2,3,0.0000
7959,9471.36,8610.11,0,0,0.0000
7960,9645.73,8588.82,0,0,0.0000
7961,10045.64,9205.12,2,3,0.0000
7962,9857.37,8849.71,0,0,0.0000
7963,9581.21,8580.49,NaN,NaN,NaN
7964,9608.96,9310.18,3,5,0.0000
7965,9936.44,9089.68,NaN,NaN,NaN
7966,9628.46,9156.18,NaN,NaN,NaN
7967,9622.61,8701.41,0,0,0.0000
7968,9527.24,9015.11,NaN,NaN,NaN
7969,9959.06,9000.15,NaN,NaN,NaN
7970,9696.69,9163.72,3,5,0.0000
7971,9800.75,8889.98,NaN,NaN,NaN
7972,9442.07,9192.66,NaN,NaN,NaN
7973,10050.41,8921.84,0,0,0.0000
7974,10032.44,8998.50,NaN,NaN,NaN
7975,10020.32,8958.96,NaN,NaN,NaN
7976,9953.17,9205.11,0,0,0.0000
7977,9982.53,8934.00,NaN,NaN,NaN
7978,9713.83,9120.55,NaN,NaN,NaN
7979,9731.83,9276.12,2,6,3.0000
7980,10052.14,9253.91,0,0,0.0000
7981,10617.48,9117.18,NaN,NaN,NaN
7982,10172.34,9078.38,NaN,NaN,NaN
7983,10816.90,8961.90,0,0,0.0000
7984,10623.12,9286.51,NaN,NaN,NaN
7985,10428.54,9006.44,0,0,0.0000
7986,10137.59,9308.00,3,4,0.0000
7987,10234.75,9276.70,NaN,NaN,NaN
7988,10289.32,8998.08,NaN,NaN,NaN
7989,10778.66,9247.94,2,3,0.0000
7990,10451.04,9282.98,0,0,0.0000
7991,10711.42,8936.16,2,4,2.0000
7992,10358.11,9132.07,0,0,0.0000
7993,10210.50,9180.42,2,5,2.5000
7994,10387.36,9243.59,0,0,0.0000
7995,10198.28,8938.00,NaN,NaN,NaN
7996,10304.16,9288.51,NaN,NaN,NaN
7997,10557.71,9155.10,NaN,NaN,NaN
7998,10518.09,8971.67,0,0,0.0000
7999,10279.22,9152.89,0,0,0.0000
8000,10834.19,9216.44,2,4,2.0000
8001,10344.78,9193.79,NaN,NaN,NaN
8002,10682.78,9336.35,NaN,NaN,NaN
8003,10119.97,8861.21,NaN,NaN,NaN
8004,10808.09,9149.75,NaN,NaN,NaN
8005,10444.83,9128.08,NaN,NaN,NaN
8006,10358.81,9339.67,2,7,3.5000
8007,10258.44,8887.79,2,3,0.0000
8008,10798.06,9053.13,0,0,0.0000
8009,10412.89,8898.50,NaN,NaN,NaN
8010,10858.69,9083.00,NaN,NaN,NaN
8011,10174.22,9138.75,0,0,0.0000
8012,10183.57,9001.19,NaN,NaN,NaN
8013,10471.45,9061.82,NaN,NaN,NaN
8014,10747.06,9114.24,NaN,NaN,NaN
8015,10498.47,9176.08,0,0,0.0000
8016,10531.16,9290.92,0,0,0.0000
8017,10520.27,9238.99,0,0,0.0000
8018,10340.44,8943.08,2,4,2.0000
8019,10710.47,9072.93,0,0,0.0000
8020,10604.13,8959.53,0,0,0.0000
8021,10463.95,9198.33,NaN,NaN,NaN
8022,10834.20,8890.81,0,0,0.0000
8023,10358.67,9023.82,0,0,0.0000
8024,10680.92,9003.44,0,0,0.0000
8025,10672.33,8879.10,0,0,0.0000
8026,10749.41,8985.18,NaN,NaN,NaN
8027,10487.37,8920.73,0,0,0.0000
8028,10211.71,8834.26,0,0,0.0000
8029,10646.13,9048.75,0,0,0.0000
8030,10577.77,9229.07,0,0,0.0000
8031,10795.73,8860.66,0,0,0.0000
8032,10179.98,8885.42,0,0,0.0000
8033,10641.66,8998.50,0,0,0.0000
8034,10483.45,8883.94,0,0,0.0000
8035,10322.05,8895.32,NaN,NaN,NaN
8036,10282.42,9086.49,0,0,0.0000
8037,11198.41,9334.57,0,0,0.0000
8038,11013.36,8935.95,NaN,NaN,NaN
8039,11111.87,8946.81,NaN,NaN,NaN
8040,11003.25,9216.60,0,0,0.0000
8041,11116.66,9254.39,0,0,0.0000
8042,10929.15,9269.59,NaN,NaN,NaN
8043,11379.61,9259.46,3,3,0.0000
8044,10935.61,9092.47,NaN,NaN,NaN
8045,11042.79,9051.21,NaN,NaN,NaN
8046,10967.64,9320.56,2,3,0.0000
8047,11405.06,9317.01,3,6,2.0000
8048,10986.10,9135.50,0,0,0.0000
8049,10905.86,8991.64,3,5,0.0000
8050,11318.27,9296.44,NaN,NaN,NaN
8051,11080.83,9134.41,0,0,0.0000
8052,10899.30,9214.13,0,0,0.0000
8053,11197.26,9208.81,0,0,0.0000
8054,11141.41,9145.44,0,0,0.0000
8055,11045.57,9294.41,0,0,0.0000
8056,10889.19,9153.82,2,1,0.0000
8057,10888.56,8910.19,0,0,0.0000
8058,11304.10,9175.48,0,0,0.0000
8059,11081.87,9196.84,0,0,0.0000
8060,11201.92,8897.17,0,0,0.0000
8061,11368.45,9190.72,0,0,0.0000
8062,11237.51,9260.18,0,0,0.0000
8063,11061.36,8995.94,NaN,NaN,NaN
8064,11366.98,9147.38,NaN,NaN,NaN
8065,11000.41,9013.85,0,0,0.0000
8066,10959.63,8985.57,0,0,0.0000
8067,11281.52,9215.84,0,0,0.0000
8068,11272.19,9288.58,NaN,NaN,NaN
8069,11150.57,9211.02,0,0,0.0000
8070,13606.44,9004.98,NaN,NaN,NaN
8071,13647.47,9008.67,0,0,0.0000
8072,16217.57,8612.04,0,0,0.0000
8073,16130.48,8636.69,0,0,0.0000
8074,16067.75,8621.55,0,0,0.0000
8075,317.01,9816.87,2,3,0.0000
8076,625.05,9993.38,2,2,0.0000
8077,511.78,9715.01,0,0,0.0000
8078,457.49,9847.63,NaN,NaN,NaN
8079,469.29,10076.73,0,0,0.0000
8080,542.96,10052.39,NaN,NaN,NaN
8081,597.27,9703.20,0,0,0.0000
8082,517.20,9881.07,NaN,NaN,NaN
8083,398.36,9706.52,NaN,NaN,NaN
8084,473.77,9955.96,2,0,0.0000
8085,371.93,9947.00,NaN,NaN,NaN
8086,364.37,10031.72,NaN,NaN,NaN
8087,298.73,10001.15,NaN,NaN,NaN
8088,389.64,9851.17,NaN,NaN,NaN
8089,402.34,10076.85,NaN,NaN,NaN
8090,261.26,9756.47,4,5,0.0000
8091,309.56,9937.14,NaN,NaN,NaN
8092,594.63,9943.01,NaN,NaN,NaN
8093,643.20,10065.64,NaN,NaN,NaN
8094,635.66,9786.81,0,0,0.0000
8095,448.56,9784.56,NaN,NaN,NaN
8096,335.97,9693.76,3,3,0.0000
8097,604.62,10107.69,2,4,2.0000
8098,652.65,9878.43,NaN,NaN,NaN
8099,587.21,9841.35,NaN,NaN,NaN
8100,556.88,9621.88,NaN,NaN,NaN
8101,365.16,9619.02,0,0,0.0000
8102,620.17,9849.99,NaN,NaN,NaN
8103,1507.96,9722.44,NaN,NaN,NaN
8104,1341.21,9738.41,0,0,0.0000
8105,1159.59,9467.12,NaN,NaN,NaN
8106,1389.75,9492.60,NaN,NaN,NaN
8107,1046.73,9609.25,0,0,0.0000
8108,1346.92,9948.90,2,3,0.0000
8109,982.72,9500.21,0,0,0.0000
8110,1206.53,10099.77,0,0,0.0000
8111,1534.77,9547.18,NaN,NaN,NaN
8112,1661.41,9370.78,0,0,0.0000
8113,1477.09,10089.80,NaN,NaN,NaN
8114,1003.14,9406.12,NaN,NaN,NaN
8115,1636.85,9569.34,3,4,0.0000
8116,1087.58,9372.46,6,6,0.0000
8117,1421.85,9857.02,2,8,4.0000
8118,1294.51,9383.91,0,0,0.0000
8119,1445.63,9999.30,NaN,NaN,NaN
8120,1316.16,10053.98,0,0,0.0000
8121,1210.10,9579.22,0,0,0.0000
8122,1159.90,9916.74,NaN,NaN,NaN
8123,1479.40,9406.89,0,0,0.0000
8124,927.68,9595.21,2,2,0.0000
8125,1521.19,9872.17,4,6,0.0000
8126,1630.40,9478.55,2,4,2.0000
8127,1267.94,9545.52,NaN,NaN,NaN
8128,1216.81,9862.34,NaN,NaN,NaN
8129,1610.44,9916.58,NaN,NaN,NaN
8130,1306.94,9496.39,NaN,NaN,NaN
8131,1196.37,9673.75,NaN,NaN,NaN
8132,1543.16,9947.76,NaN,NaN,NaN
8133,1302.74,10102.80,NaN,NaN,NaN
8134,1423.99,9625.75,NaN,NaN,NaN
8135,1608.15,9686.19,NaN,NaN,NaN
8136,1392.94,10024.83,2,2,0.0000
8137,1096.02,9681.14,0,0,0.0000
8138,971.48,9664.62,0,0,0.0000
8139,1651.67,10065.40,NaN,NaN,NaN
8140,1359.77,9599.98,NaN,NaN,NaN
8141,1077.86,9466.22,NaN,NaN,NaN
8142,1571.83,10092.10,0,0,0.0000
8143,1242.67,9752.28,2,7,3.5000
8144,1377.90,9391.58,0,0,0.0000
8145,1277.73,9803.94,NaN,NaN,NaN
8146,1638.24,9826.18,0,0,0.0000
8147,1278.49,9634.26,NaN,NaN,NaN
8148,1131.31,10016.45,NaN,NaN,NaN
8149,1410.34,9698.44,NaN,NaN,NaN
8150,1081.21,9528.39,NaN,NaN,NaN
8151,1168.32,9803.24,NaN,NaN,NaN
8152,1277.57,9873.36,NaN,NaN,NaN
8153,950.77,9732.29,NaN,NaN,NaN
8154,1096.77,9743.40,0,0,0.0000
8155,1470.62,9571.04,0,0,0.0000
8156,1085.05,9945.43,NaN,NaN,NaN
8157,1102.33,10089.52,0,0,0.0000
8158,1591.66,9798.46,4,4,0.0000
8159,1572.73,9422.14,0,0,0.0000
8160,1631.10,9977.47,2,3,0.0000
8161,1631.87,9417.35,0,0,0.0000
8162,1538.69,9483.22,0,0,0.0000
8163,1637.50,10105.64,3,5,0.0000
8164,1557.33,10022.86,0,0,0.0000
8165,2399.30,9815.67,0,0,0.0000
8166,1818.99,9715.34,NaN,NaN,NaN
8167,1939.64,9837.52,NaN,NaN,NaN
8168,1757.62,9630.23,5,8,0.0000
8169,2339.25,10097.04,0,0,0.0000
8170,2260.50,9906.85,NaN,NaN,NaN
8171,1918.37,9760.02,2,4,2.0000
8172,1721.69,9359.21,0,0,0.0000
8173,2219.01,9358.31,NaN,NaN,NaN
8174,1860.25,9831.59,NaN,NaN,NaN
8175,2426.10,10086.03,0,0,0.0000
8176,1733.13,9505.47,3,6,2.0000
8177,1774.32,10082.40,0,0,0.0000
8178,1880.17,9586.82,2,2,0.0000
8179,2256.93,10031.04,NaN,NaN,NaN
8180,1726.92,9786.30,2,4,2.0000
8181,2403.02,9952.03,NaN,NaN,NaN
8182,1667.91,9771.34,0,0,0.0000
8183,2337.33,9943.62,NaN,NaN,NaN
8184,1775.47,9464.56,NaN,NaN,NaN
8185,1869.90,9905.81,0,0,0.0000
8186,2409.84,9686.80,NaN,NaN,NaN
8187,2327.99,10025.49,5,5,0.0000
8188,1798.45,9854.86,2,1,0.0000
8189,1712.82,10034.91,NaN,NaN,NaN
8190,1953.99,9663.02,0,0,0.0000
8191,2289.90,9806.42,NaN,NaN,NaN
8192,2288.09,9975.97,3,5,0.0000
8193,2007.40,9828.45,3,7,2.3333
8194,2352.38,9675.68,NaN,NaN,NaN
8195,1822.73,9597.89,2,3,0.0000
8196,2345.76,9609.92,0,0,0.0000
8197,1826.52,9783.06,NaN,NaN,NaN
8198,2404.76,9592.72,NaN,NaN,NaN
8199,2321.61,9850.17,0,0,0.0000
8200,1869.36,9646.68,0,0,0.0000
8201,2313.67,9694.88,2,6,3.0000
8202,1922.35,9954.16,NaN,NaN,NaN
8203,1949.47,9992.55,0,0,0.0000
8204,1773.62,9808.37,NaN,NaN,NaN
8205,1671.49,9668.45,0,0,0.0000
8206,1932.82,9613.32,0,0,0.0000
8207,1715.39,9564.44,NaN,NaN,NaN
8208,2557.82,10110.51,0,0,0.0000
8209,2864.33,10044.55,NaN,NaN,NaN
8210,2497.86,9982.63,2,3,0.0000
8211,2616.66,10034.29,0,0,0.0000
8212,2485.89,9754.91,3,7,2.3333
8213,2451.28,10030.45,0,0,0.0000
8214,2481.40,9657.80,NaN,NaN,NaN
8215,2645.37,9903.59,NaN,NaN,NaN
8216,2987.17,10069.76,NaN,NaN,NaN
8217,3184.79,10086.36,NaN,NaN,NaN
8218,3052.86,10081.09,3,5,0.0000
8219,2936.15,10101.47,NaN,NaN,NaN
8220,2601.78,9837.41,0,0,0.0000
8221,2840.25,10100.78,NaN,NaN,NaN
8222,2785.08,10057.47,0,0,0.0000
8223,2703.50,10077.29,NaN,NaN,NaN
8224,2746.13,10056.91,0,0,0.0000
8225,2547.46,9786.31,0,0,0.0000
8226,3961.96,9564.66,NaN,NaN,NaN
8227,4713.60,9587.59,2,8,4.0000
8228,4335.23,9549.87,3,5,0.0000
8229,4489.92,9622.59,NaN,NaN,NaN
8230,4363.19,9734.10,NaN,NaN,NaN
8231,4510.40,9419.21,0,0,0.0000
8232,4593.35,9743.34,NaN,NaN,NaN
8233,4595.36,9864.17,NaN,NaN,NaN
8234,4608.11,9422.06,NaN,NaN,NaN
8235,4204.71,9422.85,NaN,NaN,NaN
8236,4283.84,9898.35,3,4,0.0000
8237,4603.27,9935.30,0,0,0.0000
8238,4025.56,9534.28,2,2,0.0000
8239,4365.74,10071.88,NaN,NaN,NaN
8240,4426.35,9868.65,NaN,NaN,NaN
8241,4307.09,9445.89,2,4,2.0000
8242,4712.47,10019.15,NaN,NaN,NaN
8243,4075.61,9436.33,NaN,NaN,NaN
8244,4292.87,9627.96,NaN,NaN,NaN
8245,4517.82,9814.62,0,0,0.0000
8246,4293.41,10049.12,NaN,NaN,NaN
8247,4057.95,9360.13,NaN,NaN,NaN
8248,4511.42,9984.46,NaN,NaN,NaN
8249,4548.30,10049.50,NaN,NaN,NaN
8250,4642.08,9980.90,0,0,0.0000
8251,4273.44,9709.08,3,5,0.0000
8252,4367.61,9934.50,NaN,NaN,NaN
8253,4192.78,9964.94,NaN,NaN,NaN
8254,4164.60,9603.64,3,1,0.0000
8255,4664.85,9786.59,2,3,0.0000
8256,4521.73,9711.59,NaN,NaN,NaN
8257,4702.81,9375.26,NaN,NaN,NaN
8258,4554.59,9503.73,0,0,0.0000
8259,4004.73,9385.38,0,0,0.0000
8260,4212.48,9516.81,NaN,NaN,NaN
8261,4127.98,9519.33,3,4,0.0000
8262,4419.91,9498.35,0,0,0.0000
8263,4726.35,10075.53,0,0,0.0000
8264,4480.24,9538.25,NaN,NaN,NaN
8265,4069.75,9616.62,0,0,0.0000
8266,4449.19,10028.52,NaN,NaN,NaN
8267,4072.52,9712.99,0,0,0.0000
8268,4377.71,9648.45,NaN,NaN,NaN
8269,4710.08,9899.72,NaN,NaN,NaN
8270,4231.31,9571.61,NaN,NaN,NaN
8271,4011.79,9612.57,2,5,2.5000
8272,4101.35,9663.35,NaN,NaN,NaN
8273,4348.49,9854.12,0,0,0.0000
8274,4248.30,9377.27,NaN,NaN,NaN
8275,4092.24,9792.11,0,0,0.0000
8276,4068.49,9495.10,NaN,NaN,NaN
8277,4461.21,9698.46,2,5,2.5000
8278,4201.25,9861.92,NaN,NaN,NaN
8279,4707.82,9727.31,0,0,0.0000
8280,4129.76,9841.38,2,7,3.5000
8281,4617.75,10083.88,0,0,0.0000
8282,4154.62,9461.93,NaN,NaN,NaN
8283,4019.64,9663.04,NaN,NaN,NaN
8284,4694.50,9848.63,0,0,0.0000
8285,4505.72,9902.07,0,0,0.0000
8286,4426.73,9962.36,0,0,0.0000
8287,4710.56,9948.15,NaN,NaN,NaN
8288,4425.55,9432.76,0,0,0.0000
8289,4318.50,9990.17,2,4,2.0000
8290,4426.76,9671.59,NaN,NaN,NaN
8291,4370.25,9403.94,NaN,NaN,NaN
8292,4099.07,9584.36,0,0,0.0000
8293,4458.98,9387.38,0,0,0.0000
8294,4562.85,9568.00,0,0,0.0000
8295,4628.66,9493.44,NaN,NaN,NaN
8296,5370.39,9681.98,0,0,0.0000
8297,5104.26,9641.13,NaN,NaN,NaN
8298,5228.74,9819.96,2,2,0.0000
8299,5059.01,9768.53,NaN,NaN,NaN
8300,4906.54,9515.66,NaN,NaN,NaN
8301,5013.59,9477.47,3,6,2.0000
8302,4802.52,10038.24,0,0,0.0000
8303,4798.07,9432.29,NaN,NaN,NaN
8304,5481.56,9488.93,3,3,0.0000
8305,5446.38,9388.77,NaN,NaN,NaN
8306,5498.51,10067.74,3,3,0.0000
8307,5180.26,9947.48,NaN,NaN,NaN
8308,5367.80,10073.00,NaN,NaN,NaN
8309,5274.68,9676.18,NaN,NaN,NaN
8310,4836.05,9787.25,2,4,2.0000
8311,5193.18,9508.48,0,0,0.0000
8312,5257.14,9965.61,0,0,0.0000
8313,5281.66,9403.52,NaN,NaN,NaN
8314,4941.41,9793.50,3,5,0.0000
8315,5434.90,9777.58,NaN,NaN,NaN
8316,4928.55,9697.63,NaN,NaN,NaN
8317,5452.01,10028.71,2,4,2.0000
8318,5496.70,9717.10,NaN,NaN,NaN
8319,5165.72,9412.38,0,0,0.0000
8320,4992.37,9897.17,NaN,NaN,NaN
8321,4998.89,9663.04,2,3,0.0000
8322,4795.24,9946.63,NaN,NaN,NaN
8323,5059.87,9832.05,2,5,2.5000
8324,5224.47,9716.15,2,4,2.0000
8325,5102.05,9860.93,0,0,0.0000
8326,4908.73,9404.27,NaN,NaN,NaN
8327,5306.01,9583.68,NaN,NaN,NaN
8328,5305.62,9886.20,2,4,2.0000
8329,4786.81,9850.01,NaN,NaN,NaN
8330,5452.78,9568.63,0,0,0.0000
8331,5102.13,9908.38,3,4,0.0000
8332,5157.79,10090.05,NaN,NaN,NaN
8333,5255.80,9876.28,2,4,2.0000
8334,5354.90,9777.67,0,0,0.0000
8335,4821.79,9370.51,3,6,2.0000
8336,4835.05,9885.98,NaN,NaN,NaN
8337,5479.37,9869.37,NaN,NaN,NaN
8338,5156.51,9766.83,NaN,NaN,NaN
8339,5004.03,9368.89,2,3,0.0000
8340,4919.79,9624.29,0,0,0.0000
8341,5423.08,9611.21,2,4,2.0000
8342,4910.79,9982.12,2,8,4.0000
8343,5183.01,9568.88,0,0,0.0000
8344,5332.02,9821.32,NaN,NaN,NaN
8345,5055.51,9396.73,0,0,0.0000
8346,4964.17,9387.04,NaN,NaN,NaN
8347,5143.94,10019.09,0,0,0.0000
8348,5539.73,9591.87,0,0,0.0000
8349,5570.37,10099.63,0,0,0.0000
8350,5662.59,9962.82,NaN,NaN,NaN
8351,5546.07,9827.56,NaN,NaN,NaN
8352,5705.36,10048.88,0,0,0.0000
8353,5659.77,9404.21,NaN,NaN,NaN
8354,5664.93,9701.25,0,0,0.0000
8355,5606.24,9901.14,0,0,0.0000
8356,5552.12,9749.44,NaN,NaN,NaN
8357,5656.29,9833.85,0,0,0.0000
8358,5582.18,9986.73,0,0,0.0000
8359,5637.52,9580.93,0,0,0.0000
8360,5574.59,9429.22,NaN,NaN,NaN
8361,5587.40,9681.48,0,0,0.0000
8362,5737.26,9903.27,NaN,NaN,NaN
8363,5731.11,9660.39,0,0,0.0000
8364,5666.61,9775.14,0,0,0.0000
8365,5506.19,9951.06,NaN,NaN,NaN
8366,5608.53,9486.92,4,4,0.0000
8367,5665.53,9491.98,NaN,NaN,NaN
8368,5516.67,9347.38,0,0,0.0000
8369,5687.09,9587.52,NaN,NaN,NaN
8370,5546.10,9933.10,0,0,0.0000
8371,5773.66,9631.38,0,0,0.0000
8372,7437.30,9633.49,NaN,NaN,NaN
8373,7447.96,9423.25,NaN,NaN,NaN
8374,7347.47,9995.11,3,3,0.0000
8375,7384.24,9662.31,NaN,NaN,NaN
8376,7354.99,9588.31,NaN,NaN,NaN
8377,7406.13,9372.13,NaN,NaN,NaN
8378,7462.13,9835.47,2,4,2.0000
8379,7393.38,9837.48,0,0,0.0000
8380,7090.72,9572.70,NaN,NaN,NaN
8381,7441.59,9507.08,0,0,0.0000
8382,7095.36,9635.21,NaN,NaN,NaN
8383,7328.12,9633.18,0,0,0.0000
8384,7490.62,9469.48,NaN,NaN,NaN
8385,7488.26,9538.10,NaN,NaN,NaN
8386,7469.87,9777.86,NaN,NaN,NaN
8387,7410.89,9771.59,NaN,NaN,NaN
8388,7416.06,9906.69,NaN,NaN,NaN
8389,7322.79,9741.56,NaN,NaN,NaN
8390,7642.26,9868.86,0,0,0.0000
8391,7351.27,9820.81,2,7,3.5000
8392,7454.95,9720.64,0,0,0.0000
8393,7557.09,9780.00,NaN,NaN,NaN
8394,7508.01,9756.97,0,0,0.0000
8395,7435.75,9874.01,NaN,NaN,NaN
8396,7369.50,9986.69,NaN,NaN,NaN
8397,7330.10,10037.95,2,3,0.0000
8398,7270.61,9923.46,NaN,NaN,NaN
8399,7421.93,9958.23,0,0,0.0000
8400,8318.60,10069.39,2,1,0.0000
8401,8484.52,9710.01,NaN,NaN,NaN
8402,8381.40,9437.20,2,5,2.5000
8403,8494.07,9513.33,NaN,NaN,NaN
8404,8471.15,9414.74,0,0,0.0000
8405,8417.87,10019.88,0,0,0.0000
8406,8537.00,9560.02,2,7,3.5000
8407,8520.04,9376.38,0,0,0.0000
8408,8514.77,9633.98,NaN,NaN,NaN
8409,8428.14,9738.26,NaN,NaN,NaN
8410,8566.41,9404.91,0,0,0.0000
8411,8539.80,9475.97,0,0,0.0000
8412,8543.44,9734.63,NaN,NaN,NaN
8413,8383.19,9514.51,NaN,NaN,NaN
8414,8628.73,9365.35,2,3,0.0000
8415,9318.73,9727.22,0,0,0.0000
8416,8589.79,9560.50,NaN,NaN,NaN
8417,8639.67,9434.11,NaN,NaN,NaN
8418,8600.00,9606.94,0,0,0.0000
8419,8601.47,9465.47,NaN,NaN,NaN
8420,9832.25,9962.80,NaN,NaN,NaN
8421,9905.36,9561.83,NaN,NaN,NaN
8422,10070.73,9451.65,NaN,NaN,NaN
8423,9909.42,9393.68,NaN,NaN,NaN
8424,9896.81,9837.14,NaN,NaN,NaN
8425,9975.22,9531.54,0,0,0.0000
8426,10061.47,9886.82,NaN,NaN,NaN
8427,9794.11,9403.04,0,0,0.0000
8428,9967.91,9976.27,NaN,NaN,NaN
8429,10002.06,9758.05,0,0,0.0000
8430,10049.54,9365.58,2,4,2.0000
8431,10077.76,9533.76,0,0,0.0000
8432,9622.00,9643.77,NaN,NaN,NaN
8433,9761.20,10075.85,0,0,0.0000
8434,9712.59,9759.68,0,0,0.0000
8435,9919.45,10028.86,NaN,NaN,NaN
8436,9939.83,9901.93,4,3,0.0000
8437,9837.12,9717.50,NaN,NaN,NaN
8438,9903.63,9690.66,NaN,NaN,NaN
8439,9972.83,9858.11,0,0,0.0000
8440,9871.01,10079.64,2,5,2.5000
8441,9826.45,10042.71,NaN,NaN,NaN
8442,9855.55,9456.16,NaN,NaN,NaN
8443,9708.70,9597.44,0,0,0.0000
8444,9871.12,9745.71,NaN,NaN,NaN
8445,9704.47,10080.07,0,0,0.0000
8446,9749.14,9889.95,0,0,0.0000
8447,10050.03,10099.05,NaN,NaN,NaN
8448,10002.97,9818.35,NaN,NaN,NaN
8449,10009.09,9927.11,0,0,0.0000
8450,9795.05,9859.05,0,0,0.0000
8451,9968.11,10067.27,NaN,NaN,NaN
8452,9792.06,9911.39,NaN,NaN,NaN
8453,9922.69,9753.41,NaN,NaN,NaN
8454,10720.40,9651.60,2,3,0.0000
8455,10114.50,9650.39,NaN,NaN,NaN
8456,10592.89,9437.58,0,0,0.0000
8457,10517.90,9674.05,NaN,NaN,NaN
8458,10574.00,10011.29,NaN,NaN,NaN
8459,10426.17,9654.78,NaN,NaN,NaN
8460,10194.22,9734.47,NaN,NaN,NaN
8461,10857.61,10079.73,NaN,NaN,NaN
8462,10274.90,9391.43,NaN,NaN,NaN
8463,10507.65,9529.52,NaN,NaN,NaN
8464,10323.14,9460.77,2,7,3.5000
8465,10462.84,9429.82,2,3,0.0000
8466,10876.99,9840.64,0,0,0.0000
8467,10521.10,9366.50,NaN,NaN,NaN
8468,10698.05,9910.86,NaN,NaN,NaN
8469,10586.76,9729.73,0,0,0.0000
8470,10842.47,9567.78,NaN,NaN,NaN
8471,10264.06,9844.39,0,0,0.0000
8472,10212.08,9565.21,NaN,NaN,NaN
8473,10351.93,9801.17,NaN,NaN,NaN
8474,10411.96,9753.62,NaN,NaN,NaN
8475,10191.65,9472.19,0,0,0.0000
8476,10600.91,9532.33,NaN,NaN,NaN
8477,10520.36,9771.36,0,0,0.0000
8478,10119.10,9769.96,NaN,NaN,NaN
8479,10228.22,9632.41,NaN,NaN,NaN
8480,10710.68,9990.68,0,0,0.0000
8481,10153.64,9889.33,0,0,0.0000
8482,10189.14,9379.02,NaN,NaN,NaN
8483,10624.53,9639.18,NaN,NaN,NaN
8484,10184.99,9996.44,0,0,0.0000
8485,10307.36,10070.27,2,1,0.0000
8486,10431.05,9554.25,0,0,0.0000
8487,10380.26,9573.26,2,2,0.0000
8488,10335.73,9550.42,NaN,NaN,NaN
8489,10665.41,9786.30,0,0,0.0000
8490,10203.54,9912.30,NaN,NaN,NaN
8491,10315.93,9613.96,0,0,0.0000
8492,10335.82,9685.49,0,0,0.0000
8493,10798.34,9960.36,2,4,2.0000
8494,10275.13,9711.21,NaN,NaN,NaN
8495,10620.96,9356.60,NaN,NaN,NaN
8496,10707.52,9832.40,0,0,0.0000
8497,10245.21,10105.22,0,0,0.0000
8498,10748.72,9937.12,NaN,NaN,NaN
8499,10281.89,9902.22,NaN,NaN,NaN
8500,10874.93,9742.15,NaN,NaN,NaN
8501,10621.76,9755.13,0,0,0.0000
8502,10390.23,9442.39,0,0,0.0000
8503,10264.36,9994.82,0,0,0.0000
8504,10317.73,9746.72,0,0,0.0000
8505,10249.36,9454.53,NaN,NaN,NaN
8506,10252.72,9528.69,NaN,NaN,NaN
8507,10600.47,10094.14,NaN,NaN,NaN
8508,10226.12,10068.67,0,0,0.0000
8509,10770.16,10010.67,NaN,NaN,NaN
8510,10527.61,9810.08,0,0,0.0000
8511,10476.00,10089.10,0,0,0.0000
8512,10299.60,9511.91,NaN,NaN,NaN
8513,10434.82,9360.41,NaN,NaN,NaN
8514,10875.40,9934.55,0,0,0.0000
8515,10121.03,9372.35,0,0,0.0000
8516,10648.84,9921.64,NaN,NaN,NaN
8517,10772.86,9561.00,NaN,NaN,NaN
8518,11249.25,9949.35,0,0,0.0000
8519,11024.11,9498.08,0,0,0.0000
8520,11165.57,9730.90,NaN,NaN,NaN
8521,11339.47,9770.71,0,0,0.0000
8522,10993.86,9395.67,3,5,0.0000
8523,11072.17,9615.99,NaN,NaN,NaN
8524,11285.97,10091.74,0,0,0.0000
8525,10985.81,9672.09,NaN,NaN,NaN
8526,10909.66,9522.66,0,0,0.0000
8527,10883.10,9994.95,NaN,NaN,NaN
8528,11133.80,10018.68,NaN,NaN,NaN
8529,11059.91,9785.66,0,0,0.0000
8530,11355.70,9899.11,0,0,0.0000
8531,11060.58,10097.25,2,5,2.5000
8532,11209.52,9437.28,NaN,NaN,NaN
8533,10983.17,9590.20,NaN,NaN,NaN
8534,11089.13,9684.51,NaN,NaN,NaN
8535,11140.51,9391.17,NaN,NaN,NaN
8536,10977.59,9949.61,3,4,0.0000
8537,11068.96,9866.13,2,5,2.5000
8538,11310.88,9400.60,NaN,NaN,NaN
8539,10918.69,9686.00,2,4,2.0000
8540,11114.63,9738.92,0,0,0.0000
8541,11055.04,9946.74,2,3,0.0000
8542,11127.46,9919.80,0,0,0.0000
8543,11122.16,9440.31,NaN,NaN,NaN
8544,11017.19,10020.04,2,8,4.0000
8545,11322.62,9532.89,2,5,2.5000
8546,11390.59,9532.06,2,4,2.0000
8547,11257.36,9573.88,NaN,NaN,NaN
8548,10919.62,9780.15,NaN,NaN,NaN
8549,11311.28,9596.16,0,0,0.0000
8550,11158.03,9594.48,NaN,NaN,NaN
8551,11019.46,9886.80,NaN,NaN,NaN
8552,10898.74,9427.91,NaN,NaN,NaN
8553,10911.87,9593.05,NaN,NaN,NaN
8554,11142.73,10104.88,NaN,NaN,NaN
8555,11234.54,9817.46,3,4,0.0000
8556,11414.95,9499.98,NaN,NaN,NaN
8557,11065.75,9351.82,NaN,NaN,NaN
8558,11276.69,9721.56,4,7,0.0000
8559,11295.42,9673.14,NaN,NaN,NaN
8560,10950.30,10035.89,3,8,2.6667
8561,10972.18,9738.47,NaN,NaN,NaN
8562,10918.57,9917.08,NaN,NaN,NaN
8563,10936.26,9381.96,2,4,2.0000
8564,11358.02,9353.58,NaN,NaN,NaN
8565,320.15,10463.95,3,2,0.0000
8566,230.79,10708.14,2,8,4.0000
8567,214.78,10499.35,NaN,NaN,NaN
8568,686.50,10841.14,NaN,NaN,NaN
8569,132.62,10432.15,2,2,0.0000
8570,261.17,10209.99,0,0,0.0000
8571,52.05,10532.41,2,4,2.0000
8572,261.23,10338.40,NaN,NaN,NaN
8573,152.93,10839.73,0,0,0.0000
8574,160.08,10613.01,2,6,3.0000
8575,88.02,10769.05,NaN,NaN,NaN
8576,343.40,10695.70,NaN,NaN,NaN
8577,553.78,10220.39,2,4,2.0000
8578,177.37,10347.58,NaN,NaN,NaN
8579,351.21,10786.52,2,4,2.0000
8580,449.35,10321.25,3,4,0.0000
8581,163.44,10204.33,NaN,NaN,NaN
8582,555.00,10634.75,3,5,0.0000
8583,296.61,10874.36,2,2,0.0000
8584,600.93,10864.72,NaN,NaN,NaN
8585,467.82,10643.81,0,0,0.0000
8586,644.95,10780.91,0,0,0.0000
8587,409.32,10714.33,NaN,NaN,NaN
8588,469.88,10767.84,0,0,0.0000
8589,514.45,10845.16,NaN,NaN,NaN
8590,417.42,10175.93,2,5,2.5000
8591,615.12,10203.77,NaN,NaN,NaN
8592,179.85,10269.20,0,0,0.0000
8593,522.03,10147.37,NaN,NaN,NaN
8594,492.17,10231.11,NaN,NaN,NaN
8595,542.44,10789.89,NaN,NaN,NaN
8596,130.59,10715.67,NaN,NaN,NaN
8597,305.44,10651.08,0,0,0.0000
8598,721.60,10750.62,NaN,NaN,NaN
8599,238.87,10796.32,NaN,NaN,NaN
8600,578.85,10724.97,NaN,NaN,NaN
8601,479.76,10703.65,0,0,0.0000
8602,120.87,10566.93,NaN,NaN,NaN
8603,457.45,10152.41,2,5,2.5000
8604,639.58,10634.72,2,4,2.0000
8605,469.29,10509.11,NaN,NaN,NaN
8606,340.46,10856.24,NaN,NaN,NaN
8607,39.93,10692.36,0,0,0.0000
8608,520.43,10311.07,NaN,NaN,NaN
8609,612.48,10694.72,NaN,NaN,NaN
8610,609.47,10502.26,NaN,NaN,NaN
8611,568.91,10534.19,0,0,0.0000
8612,617.83,10299.41,2,2,0.0000
8613,128.63,10509.22,4,7,0.0000
8614,415.04,10781.62,0,0,0.0000
8615,616.33,10369.96,NaN,NaN,NaN
8616,235.11,10852.31,NaN,NaN,NaN
8617,566.27,10445.74,NaN,NaN,NaN
8618,578.40,10567.36,0,0,0.0000
8619,632.10,10147.84,NaN,NaN,NaN
8620,662.01,10712.29,0,0,0.0000
8621,411.80,10629.56,0,0,0.0000
8622,93.01,10667.39,0,0,0.0000
8623,455.89,10574.55,0,0,0.0000
8624,50.27,10414.90,NaN,NaN,NaN
8625,202.64,10781.66,0,0,0.0000
8626,281.51,10802.66,0,0,0.0000
8627,524.70,10530.16,0,0,0.0000
8628,1331.79,10458.84,NaN,NaN,NaN
8629,1215.84,10224.81,3,6,2.0000
8630,1652.05,10634.22,4,6,0.0000
8631,1640.08,10171.81,2,2,0.0000
8632,1310.91,10575.87,NaN,NaN,NaN
8633,1286.25,10299.25,NaN,NaN,NaN
8634,1461.12,10172.92,NaN,NaN,NaN
8635,1373.36,10339.91,0,0,0.0000
8636,1335.72,10240.44,2,2,0.0000
8637,1516.17,10415.68,NaN,NaN,NaN
8638,1396.95,10200.55,2,3,0.0000
8639,1165.78,10296.38,3,3,0.0000
8640,1659.89,10263.64,NaN,NaN,NaN
8641,1467.51,10277.18,3,4,0.0000
8642,1593.53,10258.38,3,4,0.0000
8643,1444.23,10473.90,0,0,0.0000
8644,1449.31,10658.54,NaN,NaN,NaN
8645,1519.18,10344.14,0,0,0.0000
8646,1257.44,10161.13,NaN,NaN,NaN
8647,1446.85,10364.51,NaN,NaN,NaN
8648,1517.99,10492.59,NaN,NaN,NaN
8649,1240.50,10420.86,NaN,NaN,NaN
8650,1541.29,10208.43,2,3,0.0000
8651,1543.50,10568.21,NaN,NaN,NaN
8652,1489.80,10602.36,NaN,NaN,NaN
8653,1165.78,10380.90,NaN,NaN,NaN
8654,1546.78,10684.86,NaN,NaN,NaN
8655,1426.12,10554.09,0,0,0.0000
8656,1242.91,10468.25,2,3,0.0000
8657,1588.15,10537.09,5,7,0.0000
8658,1372.04,10509.68,0,0,0.0000
8659,1245.13,10341.16,2,3,0.0000
8660,1637.78,10737.63,NaN,NaN,NaN
8661,1563.31,10147.36,NaN,NaN,NaN
8662,1403.89,10613.28,3,3,0.0000
8663,1296.18,10387.20,2,2,0.0000
8664,1210.14,10372.09,NaN,NaN,NaN
8665,1574.33,10477.51,NaN,NaN,NaN
8666,1221.25,10556.72,0,0,0.0000
8667,1233.65,10522.16,0,0,0.0000
8668,1582.91,10324.76,0,0,0.0000
8669,1667.48,10424.00,NaN,NaN,NaN
8670,2092.84,10833.72,NaN,NaN,NaN
8671,2020.36,10735.56,NaN,NaN,NaN
8672,1798.39,10473.41,3,4,0.0000
8673,2246.83,10579.53,0,0,0.0000
8674,2430.56,10839.30,2,4,2.0000
8675,2298.51,10772.42,2,5,2.5000
8676,1673.43,10548.76,NaN,NaN,NaN
8677,2212.58,10845.63,NaN,NaN,NaN
8678,1799.55,10613.06,NaN,NaN,NaN
8679,1930.95,10430.18,0,0,0.0000
8680,2248.79,10683.86,2,5,2.5000
8681,1846.18,10319.88,NaN,NaN,NaN
8682,1954.82,10613.21,NaN,NaN,NaN
8683,2360.57,10354.02,NaN,NaN,NaN
8684,2126.74,10487.70,NaN,NaN,NaN
8685,1693.75,10750.51,2,3,0.0000
8686,1718.39,10129.62,NaN,NaN,NaN
8687,2028.73,10464.22,NaN,NaN,NaN
8688,1905.21,10877.56,NaN,NaN,NaN
8689,2268.88,10120.42,3,6,2.0000
8690,2262.95,10219.22,NaN,NaN,NaN
8691,1881.98,10569.48,3,4,0.0000
8692,2107.51,10670.17,2,4,2.0000
8693,2341.86,10851.41,0,0,0.0000
8694,2297.42,10274.05,4,4,0.0000
8695,1940.48,10381.53,2,3,0.0000
8696,2175.47,10616.99,3,3,0.0000
8697,2137.64,10585.14,2,1,0.0000
8698,2198.47,10759.40,2,2,0.0000
8699,2090.95,10561.64,4,3,0.0000
8700,1729.96,10256.94,0,0,0.0000
8701,2405.21,10263.98,NaN,NaN,NaN
8702,1741.88,10611.40,2,4,2.0000
8703,1907.55,10499.93,0,0,0.0000
8704,2036.46,10547.94,0,0,0.0000
8705,1787.73,10319.57,3,5,0.0000
8706,1959.79,10829.81,NaN,NaN,NaN
8707,2167.59,10688.03,NaN,NaN,NaN
8708,1813.45,10684.59,NaN,NaN,NaN
8709,1939.00,10745.82,0,0,0.0000
8710,1860.20,10412.71,NaN,NaN,NaN
8711,2400.63,10213.61,NaN,NaN,NaN
8712,1752.75,10686.49,NaN,NaN,NaN
8713,1970.17,10529.95,NaN,NaN,NaN
8714,1861.24,10663.50,0,0,0.0000
8715,1742.40,10204.69,NaN,NaN,NaN
8716,2018.90,10611.91,NaN,NaN,NaN
8717,2421.26,10316.39,NaN,NaN,NaN
8718,2356.82,10224.49,3,3,0.0000
8719,2418.65,10169.76,NaN,NaN,NaN
8720,2296.03,10420.73,0,0,0.0000
8721,1776.37,10154.78,NaN,NaN,NaN
8722,2395.57,10140.80,0,0,0.0000
8723,1952.11,10687.85,0,0,0.0000
8724,2380.65,10169.71,NaN,NaN,NaN
8725,2141.93,10733.60,0,0,0.0000
8726,3102.35,10309.23,0,0,0.0000
8727,2916.50,10777.05,3,2,0.0000
8728,2895.66,10164.82,0,0,0.0000
8729,2803.58,10287.05,2,3,0.0000
8730,2745.55,10183.34,NaN,NaN,NaN
8731,2443.37,10387.29,5,6,0.0000
8732,2671.41,10484.84,NaN,NaN,NaN
8733,2513.99,10410.15,NaN,NaN,NaN
8734,2628.97,10335.55,NaN,NaN,NaN
8735,2685.70,10235.40,2,4,2.0000
8736,2812.73,10396.54,0,0,0.0000
8737,2982.93,10345.70,NaN,NaN,NaN
8738,3037.43,10260.43,2,2,0.0000
8739,2697.44,10128.75,2,3,0.0000
8740,2569.65,10378.23,NaN,NaN,NaN
8741,3078.69,10872.26,NaN,NaN,NaN
8742,2768.60,10339.34,0,0,0.0000
8743,2754.35,10612.82,0,0,0.0000
8744,3128.30,10130.78,NaN,NaN,NaN
8745,3137.21,10849.15,0,0,0.0000
8746,2465.87,10187.18,2,3,0.0000
8747,2698.13,10307.05,0,0,0.0000
8748,3034.79,10141.01,NaN,NaN,NaN
8749,2885.39,10433.09,NaN,NaN,NaN
8750,2987.84,10177.67,NaN,NaN,NaN
8751,2472.06,10271.85,NaN,NaN,NaN
8752,2744.66,10461.93,0,0,0.0000
8753,2934.79,10376.53,0,0,0.0000
8754,2517.70,10235.72,3,3,0.0000
8755,2592.51,10279.72,NaN,NaN,NaN
8756,2657.56,10408.13,0,0,0.0000
8757,3112.99,10230.76,NaN,NaN,NaN
8758,2943.66,10277.05,0,0,0.0000
8759,2921.83,10842.51,NaN,NaN,NaN
8760,2577.07,10463.60,2,3,0.0000
8761,3014.10,10395.45,0,0,0.0000
8762,3071.54,10364.85,NaN,NaN,NaN
8763,2993.14,10849.54,0,0,0.0000
8764,2625.49,10181.20,0,0,0.0000
8765,2631.16,10527.67,2,2,0.0000
8766,2785.98,10232.83,NaN,NaN,NaN
8767,2815.05,10147.54,0,0,0.0000
8768,2539.82,10190.95,NaN,NaN,NaN
8769,2722.43,10403.47,0,0,0.0000
8770,2711.61,10582.02,NaN,NaN,NaN
8771,3175.87,10399.54,0,0,0.0000
8772,3164.45,10251.94,0,0,0.0000
8773,3105.17,10181.26,0,0,0.0000
8774,2706.38,10368.57,0,0,0.0000
8775,3008.52,10215.95,NaN,NaN,NaN
8776,2832.80,10442.10,0,0,0.0000
8777,2487.76,10334.23,0,0,0.0000
8778,2544.77,10271.92,NaN,NaN,NaN
8779,3065.40,10200.59,NaN,NaN,NaN
8780,2499.41,10455.84,NaN,NaN,NaN
8781,2528.79,10311.61,0,0,0.0000
8782,2578.07,10222.70,0,0,0.0000
8783,3176.49,10211.11,0,0,0.0000
8784,2610.78,10225.82,0,0,0.0000
8785,3674.78,10353.62,3,5,0.0000
8786,3797.78,10737.11,NaN,NaN,NaN
8787,3687.67,10678.20,NaN,NaN,NaN
8788,3371.83,10418.10,3,5,0.0000
8789,3519.65,10391.25,2,0,0.0000
8790,3596.54,10841.86,NaN,NaN,NaN
8791,3512.08,10249.23,NaN,NaN,NaN
8792,3223.73,10310.77,3,5,0.0000
8793,3712.93,10784.65,2,5,2.5000
8794,3752.49,10550.27,NaN,NaN,NaN
8795,3648.88,10424.54,NaN,NaN,NaN
8796,3644.74,10591.19,NaN,NaN,NaN
8797,3803.29,10387.89,3,5,0.0000
8798,3665.24,10830.78,NaN,NaN,NaN
8799,3436.79,10270.80,NaN,NaN,NaN
8800,3286.44,10380.22,NaN,NaN,NaN
8801,3823.39,10473.61,NaN,NaN,NaN
8802,3424.56,10351.21,4,4,0.0000
8803,3310.52,10279.07,2,3,0.0000
8804,3234.02,10401.22,0,0,0.0000
8805,3239.66,10460.39,NaN,NaN,NaN
8806,3794.33,10869.67,2,4,2.0000
8807,3725.27,10470.27,5,6,0.0000
8808,3588.46,10452.11,NaN,NaN,NaN
8809,3565.65,10326.95,4,7,0.0000
8810,3644.29,10522.80,4,6,0.0000
8811,3333.50,10344.49,0,0,0.0000
8812,3611.60,10258.99,0,0,0.0000
8813,3467.03,10877.40,NaN,NaN,NaN
8814,3561.61,10511.04,NaN,NaN,NaN
8815,3355.49,10113.56,NaN,NaN,NaN
8816,3528.76,10562.28,0,0,0.0000
8817,3811.15,10819.49,NaN,NaN,NaN
8818,3389.04,10206.40,NaN,NaN,NaN
8819,3216.50,10248.73,0,0,0.0000
8820,3786.43,10442.21,NaN,NaN,NaN
8821,3721.80,10866.86,0,0,0.0000
8822,3581.49,10582.26,3,6,2.0000
8823,3854.59,10794.78,0,0,0.0000
8824,3772.67,10644.53,2,2,0.0000
8825,4242.21,10414.88,NaN,NaN,NaN
8826,4478.22,10422.39,0,0,0.0000
8827,4365.29,10317.53,NaN,NaN,NaN
8828,4422.62,10631.58,NaN,NaN,NaN
8829,4463.58,10147.98,0,0,0.0000
8830,4585.55,10177.09,NaN,NaN,NaN
8831,4480.25,10558.29,NaN,NaN,NaN
8832,4729.16,10702.76,NaN,NaN,NaN
8833,4384.79,10520.18,3,7,2.3333
8834,4120.45,10542.07,NaN,NaN,NaN
8835,4610.85,10717.95,2,5,2.5000
8836,4495.92,10275.72,NaN,NaN,NaN
8837,4261.60,10272.16,0,0,0.0000
8838,4518.18,10719.65,NaN,NaN,NaN
8839,4596.82,10856.86,NaN,NaN,NaN
8840,4681.74,10879.83,NaN,NaN,NaN
8841,4663.24,10451.00,NaN,NaN,NaN
8842,4580.51,10646.39,2,3,0.0000
8843,4434.09,10842.94,NaN,NaN,NaN
8844,4116.99,10373.00,2,2,0.0000
8845,4596.31,10354.51,NaN,NaN,NaN
8846,4195.49,10550.65,NaN,NaN,NaN
8847,4382.67,10216.17,2,6,3.0000
8848,4564.71,10433.94,2,2,0.0000
8849,4623.78,10251.91,4,7,0.0000
8850,4321.47,10463.09,NaN,NaN,NaN
8851,4692.26,10615.05,NaN,NaN,NaN
8852,4019.90,10487.23,NaN,NaN,NaN
8853,4580.55,10491.45,NaN,NaN,NaN
8854,4645.92,10181.74,NaN,NaN,NaN
8855,4195.46,10339.42,2,4,2.0000
8856,4342.49,10162.18,NaN,NaN,NaN
8857,4262.95,10555.90,NaN,NaN,NaN
8858,4670.70,10795.61,NaN,NaN,NaN
8859,4631.47,10608.48,2,4,2.0000
8860,4575.65,10769.03,NaN,NaN,NaN
8861,4701.32,10212.35,2,6,3.0000
8862,4364.71,10404.31,2,3,0.0000
8863,4203.28,10276.68,0,0,0.0000
8864,4444.94,10763.11,2,3,0.0000
8865,4577.34,10573.01,0,0,0.0000
8866,4665.18,10288.06,NaN,NaN,NaN
8867,4320.67,10570.53,2,3,0.0000
8868,4265.72,10612.15,NaN,NaN,NaN
8869,4438.91,10247.71,NaN,NaN,NaN
8870,4532.67,10328.16,0,0,0.0000
8871,4033.82,10382.95,NaN,NaN,NaN
8872,4419.23,10728.43,NaN,NaN,NaN
8873,4482.39,10793.92,NaN,NaN,NaN
8874,4729.74,10834.21,0,0,0.0000
8875,4688.05,10517.49,NaN,NaN,NaN
8876,4532.92,10820.50,0,0,0.0000
8877,4103.03,10635.97,3,3,0.0000
8878,4338.44,10873.76,NaN,NaN,NaN
8879,4553.19,10128.11,NaN,NaN,NaN
8880,4605.70,10518.01,0,0,0.0000
8881,4512.96,10204.08,NaN,NaN,NaN
8882,4602.19,10301.72,3,2,0.0000
8883,4713.36,10753.96,NaN,NaN,NaN
8884,4625.23,10788.60,NaN,NaN,NaN
8885,4721.85,10500.36,NaN,NaN,NaN
8886,4664.11,10557.41,0,0,0.0000
8887,4373.90,10821.88,NaN,NaN,NaN
8888,5345.46,10386.66,0,0,0.0000
8889,5407.53,10176.70,NaN,NaN,NaN
8890,5260.97,10206.58,NaN,NaN,NaN
8891,5474.62,10265.01,0,0,0.0000
8892,4745.47,10564.97,4,6,0.0000
8893,5433.86,10470.32,3,7,2.3333
8894,4785.82,10630.20,3,7,2.3333
8895,5483.21,10694.35,3,4,0.0000
8896,5492.34,10595.66,0,0,0.0000
8897,5427.64,10630.79,2,3,0.0000
8898,4736.85,10789.22,NaN,NaN,NaN
8899,5488.94,10374.55,NaN,NaN,NaN
8900,5322.70,10168.47,0,0,0.0000
8901,5398.07,10267.57,NaN,NaN,NaN
8902,4795.37,10685.43,2,2,0.0000
8903,5326.52,10516.14,0,0,0.0000
8904,4738.48,10440.10,NaN,NaN,NaN
8905,4779.50,10841.03,NaN,NaN,NaN
8906,5406.31,10571.01,NaN,NaN,NaN
8907,5443.84,10755.12,NaN,NaN,NaN
8908,5404.81,10319.47,0,0,0.0000
8909,5438.00,10715.84,NaN,NaN,NaN
8910,4763.45,10401.66,NaN,NaN,NaN
8911,5455.00,10361.09,2,6,3.0000
8912,5773.91,10703.20,NaN,NaN,NaN
8913,5851.93,10370.48,2,3,0.0000
8914,5556.87,10583.32,NaN,NaN,NaN
8915,5722.25,10290.08,2,6,3.0000
8916,5669.30,10191.72,NaN,NaN,NaN
8917,5583.27,10465.55,NaN,NaN,NaN
8918,5933.02,10508.77,NaN,NaN,NaN
8919,5746.60,10201.40,0,0,0.0000
8920,5662.04,10532.76,NaN,NaN,NaN
8921,5980.58,10699.63,NaN,NaN,NaN
8922,5643.01,10853.58,3,4,0.0000
8923,6066.61,10867.67,0,0,0.0000
8924,6055.15,10699.78,NaN,NaN,NaN
8925,6115.17,10775.30,NaN,NaN,NaN
8926,5907.65,10605.47,NaN,NaN,NaN
8927,5662.12,10391.60,0,0,0.0000
8928,5810.80,10476.11,2,2,0.0000
8929,5695.72,10767.76,3,6,2.0000
8930,6061.67,10459.48,0,0,0.0000
8931,5547.10,10741.98,0,0,0.0000
8932,6004.73,10576.67,NaN,NaN,NaN
8933,6048.21,10535.64,NaN,NaN,NaN
8934,5748.53,10378.05,0,0,0.0000
8935,5551.32,10204.48,3,4,0.0000
8936,5631.38,10750.92,0,0,0.0000
8937,5506.57,10485.16,NaN,NaN,NaN
8938,5716.86,10451.32,2,5,2.5000
8939,5653.85,10650.32,NaN,NaN,NaN
8940,5775.22,10580.28,NaN,NaN,NaN
8941,5957.82,10417.72,NaN,NaN,NaN
8942,5886.37,10721.31,0,0,0.0000
8943,5881.19,10819.20,NaN,NaN,NaN
8944,5551.74,10849.72,NaN,NaN,NaN
8945,5955.60,10804.29,0,0,0.0000
8946,5590.18,10795.04,0,0,0.0000
8947,5540.76,10407.09,NaN,NaN,NaN
8948,5762.35,10501.28,2,6,3.0000
8949,6073.63,10622.42,4,6,0.0000
8950,5588.61,10683.60,2,3,0.0000
8951,5624.48,10154.34,0,0,0.0000
8952,5988.71,10635.43,NaN,NaN,NaN
8953,5528.17,10667.94,0,0,0.0000
8954,5902.93,10767.32,0,0,0.0000
8955,5838.79,10203.11,NaN,NaN,NaN
8956,5854.56,10590.10,NaN,NaN,NaN
8957,6096.84,10542.28,NaN,NaN,NaN
8958,5875.79,10473.18,NaN,NaN,NaN
8959,5705.34,10610.14,0,0,0.0000
8960,5863.91,10646.46,0,0,0.0000
8961,5532.09,10360.35,0,0,0.0000
8962,7034.18,10712.26,NaN,NaN,NaN
8963,6990.92,10559.74,NaN,NaN,NaN
8964,7040.96,10629.17,NaN,NaN,NaN
8965,7065.92,10831.43,0,0,0.0000
8966,7040.57,10492.38,2,4,2.0000
8967,7515.76,10787.89,NaN,NaN,NaN
8968,7490.44,10858.05,0,0,0.0000
8969,7062.43,10549.79,2,3,0.0000
8970,7489.63,10813.31,NaN,NaN,NaN
8971,7424.52,10741.02,0,0,0.0000
8972,7398.92,10815.43,NaN,NaN,NaN
8973,7497.45,10617.18,0,0,0.0000
8974,7552.07,10544.25,2,2,0.0000
8975,7419.10,10683.64,NaN,NaN,NaN
8976,7452.66,10692.45,NaN,NaN,NaN
8977,7487.59,10657.02,0,0,0.0000
8978,7453.05,10640.11,0,0,0.0000
8979,7508.93,10502.02,NaN,NaN,NaN
8980,8356.76,10151.28,0,0,0.0000
8981,8342.77,10236.74,NaN,NaN,NaN
8982,8417.07,10443.50,NaN,NaN,NaN
8983,8272.35,10203.54,3,7,2.3333
8984,8364.52,10340.58,0,0,0.0000
8985,9024.74,10516.44,NaN,NaN,NaN
8986,8886.38,10440.44,0,0,0.0000
8987,8972.41,10331.92,NaN,NaN,NaN
8988,9130.06,10192.74,0,0,0.0000
8989,9261.86,10787.09,NaN,NaN,NaN
8990,8912.64,10526.56,2,3,0.0000
8991,8819.17,10342.60,NaN,NaN,NaN
8992,9160.74,10304.10,0,0,0.0000
8993,9075.28,10361.49,0,0,0.0000
8994,8694.48,10799.88,0,0,0.0000
8995,9251.46,10260.42,0,0,0.0000
8996,9022.13,10727.12,0,0,0.0000
8997,9081.62,10279.10,NaN,NaN,NaN
8998,9154.22,10404.89,NaN,NaN,NaN
8999,9022.57,10837.81,NaN,NaN,NaN
9000,9232.03,10879.80,NaN,NaN,NaN
9001,9341.77,10617.07,NaN,NaN,NaN
9002,8855.26,10658.51,NaN,NaN,NaN
9003,8854.76,10269.71,2,6,3.0000
9004,8993.21,10232.81,NaN,NaN,NaN
9005,8828.86,10536.85,2,6,3.0000
9006,8945.79,10873.09,NaN,NaN,NaN
9007,8889.67,10603.58,NaN,NaN,NaN
9008,8829.37,10484.85,NaN,NaN,NaN
9009,9217.12,10730.19,NaN,NaN,NaN
9010,9197.47,10491.73,NaN,NaN,NaN
9011,8804.71,10864.15,0,0,0.0000
9012,8805.47,10612.06,3,6,2.0000
9013,9286.14,10664.72,NaN,NaN,NaN
9014,9079.24,10830.45,NaN,NaN,NaN
9015,8874.09,10742.67,NaN,NaN,NaN
9016,8760.65,10276.81,0,0,0.0000
9017,9001.09,10292.85,0,0,0.0000
9018,9215.45,10665.61,0,0,0.0000
9019,9140.01,10527.13,NaN,NaN,NaN
9020,8959.67,10774.25,0,0,0.0000
9021,9251.94,10443.65,0,0,0.0000
9022,9044.34,10415.95,2,5,2.5000
9023,9334.68,10392.34,NaN,NaN,NaN
9024,9144.55,10794.59,0,0,0.0000
9025,8783.69,10561.13,NaN,NaN,NaN
9026,9316.13,10716.63,NaN,NaN,NaN
9027,9331.74,10820.25,0,0,0.0000
9028,9103.26,10846.18,NaN,NaN,NaN
9029,9220.81,10225.11,0,0,0.0000
9030,9280.99,10399.89,0,0,0.0000
9031,9203.70,10699.05,0,0,0.0000
9032,9104.52,10475.15,0,0,0.0000
9033,9041.93,10582.02,NaN,NaN,NaN
9034,9312.21,10189.48,0,0,0.0000
9035,9103.94,10430.36,NaN,NaN,NaN
9036,9165.25,10843.26,NaN,NaN,NaN
9037,9291.52,10631.40,0,0,0.0000
9038,8923.44,10360.65,0,0,0.0000
9039,9251.31,10831.44,0,0,0.0000
9040,9267.89,10746.01,NaN,NaN,NaN
9041,9284.03,10700.81,NaN,NaN,NaN
9042,8965.52,10824.27,0,0,0.0000
9043,9627.19,10699.96,2,7,3.5000
9044,9576.63,10846.90,0,0,0.0000
9045,9451.50,10773.60,NaN,NaN,NaN
9046,9648.80,10547.43,NaN,NaN,NaN
9047,9409.86,10682.30,NaN,NaN,NaN
9048,9680.69,10467.17,3,6,2.0000
9049,9422.64,10847.93,0,0,0.0000
9050,9631.78,10624.74,0,0,0.0000
9051,9345.08,10117.51,0,0,0.0000
9052,9361.61,10869.51,0,0,0.0000
9053,9540.74,10741.58,0,0,0.0000
9054,9460.01,10644.21,NaN,NaN,NaN
9055,9842.78,10581.51,0,0,0.0000
9056,9610.64,10459.64,2,5,2.5000
9057,9366.35,10263.12,0,0,0.0000
9058,9347.45,10748.46,0,0,0.0000
9059,9464.53,10360.41,0,0,0.0000
9060,9413.00,10363.33,NaN,NaN,NaN
9061,9719.01,10525.85,0,0,0.0000
9062,9400.89,10604.87,NaN,NaN,NaN
9063,9914.47,10175.25,NaN,NaN,NaN
9064,9496.74,10556.91,0,0,0.0000
9065,9750.08,10683.90,NaN,NaN,NaN
9066,9355.59,10685.03,NaN,NaN,NaN
9067,10016.86,10155.45,NaN,NaN,NaN
9068,9519.60,10775.10,0,0,0.0000
9069,10818.85,10419.72,3,7,2.3333
9070,10705.68,10115.66,0,0,0.0000
9071,10784.65,10134.31,0,0,0.0000
9072,10703.25,10415.80,3,4,0.0000
9073,10752.75,10215.16,0,0,0.0000
9074,10870.09,10482.41,0,0,0.0000
9075,10681.39,10198.74,0,0,0.0000
9076,10488.43,10141.20,0,0,0.0000
9077,10755.06,10378.06,0,0,0.0000
9078,10623.61,10184.82,3,5,0.0000
9079,10825.95,10299.70,2,8,4.0000
9080,10553.23,10129.22,NaN,NaN,NaN
9081,10840.46,10774.90,NaN,NaN,NaN
9082,10801.25,10783.14,NaN,NaN,NaN
9083,10683.08,10265.51,NaN,NaN,NaN
9084,11110.12,10218.03,2,6,3.0000
9085,11149.71,10532.23,NaN,NaN,NaN
9086,11068.95,10390.94,NaN,NaN,NaN
9087,11008.78,10429.74,2,4,2.0000
9088,11066.12,10625.73,3,2,0.0000
9089,11002.05,10283.83,NaN,NaN,NaN
9090,11002.40,10188.16,NaN,NaN,NaN
9091,10966.15,10618.76,3,4,0.0000
9092,11161.05,10353.30,NaN,NaN,NaN
9093,10924.81,10307.40,0,0,0.0000
9094,11145.17,10426.40,NaN,NaN,NaN
9095,11231.55,10498.53,0,0,0.0000
9096,11231.33,10351.79,NaN,NaN,NaN
9097,10977.69,10707.78,NaN,NaN,NaN
9098,11196.44,10114.68,0,0,0.0000
9099,10921.67,10116.84,NaN,NaN,NaN
9100,11269.00,10202.46,NaN,NaN,NaN
9101,10891.53,10641.84,NaN,NaN,NaN
9102,10935.27,10485.41,7,14,2.0000
9103,11278.31,10564.28,NaN,NaN,NaN
9104,10899.37,10794.27,NaN,NaN,NaN
9105,10980.78,10131.88,2,2,0.0000
9106,10903.40,10690.67,NaN,NaN,NaN
9107,11250.45,10270.60,NaN,NaN,NaN
9108,11028.55,10526.94,3,6,2.0000
9109,10964.29,10525.32,NaN,NaN,NaN
9110,11125.06,10604.09,0,0,0.0000
9111,11238.39,10426.27,NaN,NaN,NaN
9112,10899.64,10848.50,NaN,NaN,NaN
9113,10940.87,10857.26,0,0,0.0000
9114,12406.75,10828.37,NaN,NaN,NaN
9115,12308.96,10639.13,NaN,NaN,NaN
9116,12377.16,10579.75,NaN,NaN,NaN
9117,12377.07,10498.91,3,3,0.0000
9118,12407.07,10704.13,NaN,NaN,NaN
9119,12369.04,10673.48,NaN,NaN,NaN
9120,12273.55,10762.74,NaN,NaN,NaN
9121,12299.14,10719.23,2,7,3.5000
9122,12275.68,10800.52,0,0,0.0000
9123,12470.28,10421.38,NaN,NaN,NaN
9124,12531.97,10336.30,2,3,0.0000
9125,12591.43,10497.45,NaN,NaN,NaN
9126,12642.21,10592.68,2,5,2.5000
9127,12631.69,10316.47,4,7,0.0000
9128,12478.75,10581.68,NaN,NaN,NaN
9129,12445.26,10500.59,NaN,NaN,NaN
9130,12529.30,10551.15,NaN,NaN,NaN
9131,12663.89,10503.70,0,0,0.0000
9132,12553.01,10707.43,0,0,0.0000
9133,12549.82,10613.63,3,8,2.6667
9134,12638.68,10272.12,0,0,0.0000
9135,12581.19,10651.35,NaN,NaN,NaN
9136,12887.08,10750.69,NaN,NaN,NaN
9137,12861.08,10831.96,0,0,0.0000
9138,12461.43,10724.96,NaN,NaN,NaN
9139,12621.98,10411.26,NaN,NaN,NaN
9140,12632.28,10372.07,NaN,NaN,NaN
9141,12467.58,10627.54,NaN,NaN,NaN
9142,12515.93,10663.38,NaN,NaN,NaN
9143,12612.15,10705.16,0,0,0.0000
9144,12912.72,10693.66,NaN,NaN,NaN
9145,15182.92,10644.77,3,3,0.0000
9146,15067.41,10592.68,0,0,0.0000
9147,15037.04,10685.85,2,4,2.0000
9148,15123.76,10843.92,NaN,NaN,NaN
9149,15341.46,10593.63,0,0,0.0000
9150,14879.93,10694.44,3,7,2.3333
9151,15443.02,10851.12,NaN,NaN,NaN
9152,14805.00,10767.72,2,3,0.0000
9153,15329.53,10829.48,2,4,2.0000
9154,14927.11,10827.66,NaN,NaN,NaN
9155,14969.22,10261.49,0,0,0.0000
9156,14973.05,10383.25,0,0,0.0000
9157,15032.23,10377.29,2,2,0.0000
9158,15293.39,10768.94,NaN,NaN,NaN
9159,15118.99,10290.95,NaN,NaN,NaN
9160,15198.53,10500.51,3,2,0.0000
9161,15065.41,10511.26,2,5,2.5000
9162,15093.61,10775.99,NaN,NaN,NaN
9163,15155.57,10748.12,NaN,NaN,NaN
9164,15232.85,10864.79,2,4,2.0000
9165,14939.27,10751.35,0,0,0.0000
9166,15260.21,10691.89,NaN,NaN,NaN
9167,14916.20,10382.47,NaN,NaN,NaN
9168,15098.31,10242.02,NaN,NaN,NaN
9169,15211.60,10793.47,0,0,0.0000
9170,15237.36,10736.43,NaN,NaN,NaN
9171,15307.64,10634.58,NaN,NaN,NaN
9172,15149.28,10540.01,2,2,0.0000
9173,15108.59,10458.41,NaN,NaN,NaN
9174,14891.21,10280.52,0,0,0.0000
9175,14868.30,10612.49,NaN,NaN,NaN
9176,15123.49,10619.39,0,0,0.0000
9177,15181.26,10356.81,NaN,NaN,NaN
9178,14996.69,10513.76,NaN,NaN,NaN
9179,15154.06,10801.53,2,1,0.0000
9180,14979.91,10576.86,3,5,0.0000
9181,14925.70,10586.73,2,3,0.0000
9182,15115.62,10353.76,NaN,NaN,NaN
9183,14927.36,10228.20,3,2,0.0000
9184,15056.12,10444.92,NaN,NaN,NaN
9185,14978.80,10429.06,NaN,NaN,NaN
9186,14728.50,10850.22,NaN,NaN,NaN
9187,14765.56,10794.97,NaN,NaN,NaN
9188,15112.25,10520.03,NaN,NaN,NaN
9189,14882.56,10771.86,0,0,0.0000
9190,16275.56,10225.09,0,0,0.0000
9191,16323.34,10502.18,NaN,NaN,NaN
9192,16333.85,10572.81,NaN,NaN,NaN
9193,575.24,11597.59,2,2,0.0000
9194,766.09,11170.26,NaN,NaN,NaN
9195,419.89,10881.47,4,4,0.0000
9196,860.66,11530.27,3,4,0.0000
9197,698.51,11004.25,3,5,0.0000
9198,492.57,11161.05,NaN,NaN,NaN
9199,691.08,11543.73,0,0,0.0000
9200,718.57,10928.16,NaN,NaN,NaN
9201,822.31,11282.42,2,2,0.0000
9202,413.53,11541.46,NaN,NaN,NaN
9203,492.44,11450.19,2,3,0.0000
9204,505.15,10943.45,2,3,0.0000
9205,559.42,11452.40,NaN,NaN,NaN
9206,331.15,10978.63,NaN,NaN,NaN
9207,256.40,10926.40,0,0,0.0000
9208,751.80,11408.42,NaN,NaN,NaN
9209,842.94,11140.76,2,4,2.0000
9210,643.69,11092.81,0,0,0.0000
9211,657.76,11196.52,NaN,NaN,NaN
9212,803.62,11075.60,NaN,NaN,NaN
9213,579.32,11266.87,4,9,2.2500
9214,708.54,11635.61,2,5,2.5000
9215,462.73,11386.03,0,0,0.0000
9216,609.81,11015.95,3,5,0.0000
9217,672.76,11397.51,NaN,NaN,NaN
9218,841.04,11459.17,0,0,0.0000
9219,284.80,11502.26,NaN,NaN,NaN
9220,491.22,11071.80,0,0,0.0000
9221,810.38,11393.44,NaN,NaN,NaN
9222,588.73,11171.89,NaN,NaN,NaN
9223,705.60,11315.78,2,4,2.0000
9224,583.32,10920.39,NaN,NaN,NaN
9225,350.99,11616.67,NaN,NaN,NaN
9226,555.36,11061.86,0,0,0.0000
9227,329.61,11574.18,2,2,0.0000
9228,607.40,11509.53,NaN,NaN,NaN
9229,598.90,11387.04,NaN,NaN,NaN
9230,512.93,11231.82,NaN,NaN,NaN
9231,657.36,11279.48,NaN,NaN,NaN
9232,265.78,11586.39,0,0,0.0000
9233,514.10,11281.90,NaN,NaN,NaN
9234,462.85,11008.22,NaN,NaN,NaN
9235,403.61,10991.50,0,0,0.0000
9236,632.78,11326.84,NaN,NaN,NaN
9237,39.51,11640.41,NaN,NaN,NaN
9238,411.72,11050.16,0,0,0.0000
9239,682.37,11146.79,NaN,NaN,NaN
9240,418.64,11236.60,NaN,NaN,NaN
9241,684.70,11458.07,2,4,2.0000
9242,764.48,11239.45,0,0,0.0000
9243,378.09,11190.58,NaN,NaN,NaN
9244,395.71,11401.14,NaN,NaN,NaN
9245,386.21,11108.83,NaN,NaN,NaN
9246,508.52,11647.19,NaN,NaN,NaN
9247,726.67,11086.47,0,0,0.0000
9248,332.45,11514.21,NaN,NaN,NaN
9249,869.46,11402.42,NaN,NaN,NaN
9250,449.80,11477.33,NaN,NaN,NaN
9251,78.03,10882.17,NaN,NaN,NaN
9252,443.30,11102.61,0,0,0.0000
9253,366.25,11044.18,0,0,0.0000
9254,82.96,10936.61,NaN,NaN,NaN
9255,411.76,11464.50,3,6,2.0000
9256,411.76,11322.97,2,4,2.0000
9257,795.98,11007.11,0,0,0.0000
9258,338.75,11407.84,3,6,2.0000
9259,476.66,11577.29,NaN,NaN,NaN
9260,366.81,11475.93,NaN,NaN,NaN
9261,563.23,10986.49,0,0,0.0000
9262,751.05,11493.44,NaN,NaN,NaN
9263,564.66,11120.66,0,0,0.0000
9264,525.47,11514.62,2,2,0.0000
9265,286.09,11630.06,NaN,NaN,NaN
9266,906.37,11630.86,0,0,0.0000
9267,921.05,11439.60,NaN,NaN,NaN
9268,938.48,11480.23,NaN,NaN,NaN
9269,2267.95,10985.57,0,0,0.0000
9270,1974.59,11043.51,NaN,NaN,NaN
9271,2424.60,11612.66,2,2,0.0000
9272,2065.78,11343.97,3,6,2.0000
9273,2332.74,11532.98,NaN,NaN,NaN
9274,2402.13,10967.89,NaN,NaN,NaN
9275,2229.40,11495.78,NaN,NaN,NaN
9276,2357.47,11140.38,NaN,NaN,NaN
9277,2409.09,11076.14,3,4,0.0000
9278,2421.34,11470.87,NaN,NaN,NaN
9279,2255.69,11354.46,NaN,NaN,NaN
9280,1986.12,11221.15,0,0,0.0000
9281,2329.44,11434.84,NaN,NaN,NaN
9282,2017.72,11125.44,NaN,NaN,NaN
9283,2397.46,11281.47,NaN,NaN,NaN
9284,2176.12,11129.22,NaN,NaN,NaN
9285,2028.09,10997.47,NaN,NaN,NaN
9286,2184.43,11383.96,NaN,NaN,NaN
9287,1972.49,10934.97,NaN,NaN,NaN
9288,2246.83,11607.65,NaN,NaN,NaN
9289,2229.56,11174.23,2,4,2.0000
9290,2166.29,11030.47,NaN,NaN,NaN
9291,2043.23,11198.82,4,5,0.0000
9292,1924.75,10963.24,3,8,2.6667
9293,2296.56,11163.35,NaN,NaN,NaN
9294,2396.25,10882.14,0,0,0.0000
9295,2248.39,11424.32,2,2,0.0000
9296,2267.01,11535.43,0,0,0.0000
9297,2086.65,11035.24,NaN,NaN,NaN
9298,2140.41,11319.51,NaN,NaN,NaN
9299,2063.40,10961.26,NaN,NaN,NaN
9300,2289.71,11243.18,NaN,NaN,NaN
9301,2279.97,11301.23,0,0,0.0000
9302,2123.07,11129.26,2,1,0.0000
9303,2387.56,11374.16,2,5,2.5000
9304,1949.68,10889.58,0,0,0.0000
9305,2351.92,11328.73,NaN,NaN,NaN
9306,2124.80,11419.67,NaN,NaN,NaN
9307,2338.28,11207.40,NaN,NaN,NaN
9308,2107.08,11072.99,2,2,0.0000
9309,2343.75,11256.51,3,4,0.0000
9310,2190.43,11453.19,NaN,NaN,NaN
9311,1954.48,11151.15,NaN,NaN,NaN
9312,2201.65,11300.44,NaN,NaN,NaN
9313,2216.34,11090.33,0,0,0.0000
9314,2109.97,11236.00,2,4,2.0000
9315,2023.00,10903.99,2,3,0.0000
9316,2080.08,11139.02,NaN,NaN,NaN
9317,2158.72,11190.22,0,0,0.0000
9318,2431.25,11142.83,3,3,0.0000
9319,2149.74,11470.98,0,0,0.0000
9320,1933.73,11103.28,0,0,0.0000
9321,2139.16,10953.12,NaN,NaN,NaN
9322,2560.64,11273.71,NaN,NaN,NaN
9323,2836.12,11417.23,2,0,0.0000
9324,2609.26,11437.98,NaN,NaN,NaN
9325,2638.22,11171.57,0,0,0.0000
9326,2457.37,11363.24,NaN,NaN,NaN
9327,2518.83,11504.44,NaN,NaN,NaN
9328,2779.20,11548.50,NaN,NaN,NaN
9329,2758.44,11637.47,0,0,0.0000
9330,2737.98,11457.87,NaN,NaN,NaN
9331,2662.22,11364.78,NaN,NaN,NaN
9332,2463.68,11187.79,0,0,0.0000
9333,2930.39,11566.72,2,2,0.0000
9334,2526.40,10943.69,NaN,NaN,NaN
9335,2649.68,11524.96,NaN,NaN,NaN
9336,2717.05,11198.11,0,0,0.0000
9337,2574.19,11045.80,NaN,NaN,NaN
9338,2565.54,11608.28,NaN,NaN,NaN
9339,2880.69,11538.42,NaN,NaN,NaN
9340,2504.23,11605.20,0,0,0.0000
9341,2914.50,10884.88,NaN,NaN,NaN
9342,2502.62,11049.19,NaN,NaN,NaN
9343,3055.38,10958.61,NaN,NaN,NaN
9344,2679.73,11608.02,NaN,NaN,NaN
9345,2695.91,11310.07,3,4,0.0000
9346,2746.34,11366.47,2,2,0.0000
9347,2971.74,11593.56,0,0,0.0000
9348,2962.49,10943.57,NaN,NaN,NaN
9349,2465.57,11245.62,3,4,0.0000
9350,2529.80,11109.62,NaN,NaN,NaN
9351,2799.09,11279.87,0,0,0.0000
9352,2507.97,11426.88,0,0,0.0000
9353,2596.20,10940.00,NaN,NaN,NaN
9354,2475.39,10987.55,0,0,0.0000
9355,2617.34,11000.96,0,0,0.0000
9356,2773.25,11178.61,0,0,0.0000
9357,3091.06,10923.55,0,0,0.0000
9358,2837.70,11629.71,0,0,0.0000
9359,3625.29,11035.07,NaN,NaN,NaN
9360,3472.86,10983.35,NaN,NaN,NaN
9361,3469.87,11235.78,0,0,0.0000
9362,3504.36,11102.03,NaN,NaN,NaN
9363,3217.84,10915.63,2,4,2.0000
9364,3379.98,11295.08,0,0,0.0000
9365,3350.30,11130.05,3,5,0.0000
9366,3345.25,11217.54,NaN,NaN,NaN
9367,3546.42,10888.61,NaN,NaN,NaN
9368,3815.28,10960.24,0,0,0.0000
9369,3849.01,10895.16,NaN,NaN,NaN
9370,3691.40,11096.11,NaN,NaN,NaN
9371,3557.72,11230.52,NaN,NaN,NaN
9372,3358.35,11055.41,NaN,NaN,NaN
9373,3596.89,11183.63,2,0,0.0000
9374,3685.12,10947.75,NaN,NaN,NaN
9375,3413.72,11079.13,0,0,0.0000
9376,3623.91,11231.32,NaN,NaN,NaN
9377,3368.93,10904.62,NaN,NaN,NaN
9378,3738.73,10911.82,NaN,NaN,NaN
9379,3575.66,10967.75,NaN,NaN,NaN
9380,3276.62,11105.12,NaN,NaN,NaN
9381,3206.32,11071.70,NaN,NaN,NaN
9382,3581.38,11133.81,2,4,2.0000
9383,3457.72,11347.97,NaN,NaN,NaN
9384,3645.67,11271.25,0,0,0.0000
9385,3281.28,11048.28,NaN,NaN,NaN
9386,3358.04,10988.99,3,3,0.0000
9387,3686.65,11383.73,NaN,NaN,NaN
9388,4420.73,11624.07,3,2,0.0000
9389,4547.88,11076.83,NaN,NaN,NaN
9390,4604.17,10929.55,2,4,2.0000
9391,4592.34,11013.64,0,0,0.0000
9392,4682.52,10880.14,NaN,NaN,NaN
9393,4506.52,10891.10,2,2,0.0000
9394,4212.07,11639.73,NaN,NaN,NaN
9395,4469.11,11101.80,0,0,0.0000
9396,4669.64,10965.53,NaN,NaN,NaN
9397,4507.79,10994.31,2,4,2.0000
9398,4382.53,10957.32,NaN,NaN,NaN
9399,4522.85,11587.87,NaN,NaN,NaN
9400,4281.45,11559.26,2,3,0.0000
9401,4648.24,11052.47,2,7,3.5000
9402,4460.38,11041.28,NaN,NaN,NaN
9403,4415.62,11134.45,3,2,0.0000
9404,4362.78,11096.99,0,0,0.0000
9405,4361.33,11568.44,NaN,NaN,NaN
9406,4358.83,11133.11,3,0,0.0000
9407,4443.86,10940.56,NaN,NaN,NaN
9408,4631.61,11595.43,NaN,NaN,NaN
9409,4695.09,11025.19,NaN,NaN,NaN
9410,4115.60,11637.13,0,0,0.0000
9411,4326.61,10941.75,0,0,0.0000
9412,4130.03,11531.52,0,0,0.0000
9413,4399.75,11519.06,0,0,0.0000
9414,4440.97,10993.93,NaN,NaN,NaN
9415,4753.35,10906.26,2,3,0.0000
9416,4742.12,11002.00,0,0,0.0000
9417,6000.41,10901.05,0,0,0.0000
9418,5826.31,10955.73,NaN,NaN,NaN
9419,6091.59,11027.78,NaN,NaN,NaN
9420,5617.93,10917.85,0,0,0.0000
9421,5991.71,11137.10,NaN,NaN,NaN
9422,6224.24,11167.20,NaN,NaN,NaN
9423,5904.83,11043.76,3,2,0.0000
9424,6147.48,10973.44,3,6,2.0000
9425,6002.48,11190.94,0,0,0.0000
9426,6225.11,11087.09,5,5,0.0000
9427,5965.86,11080.72,3,4,0.0000
9428,6214.42,11282.82,NaN,NaN,NaN
9429,5848.37,11031.01,2,2,0.0000
9430,6137.68,11039.83,0,0,0.0000
9431,6123.92,11131.52,NaN,NaN,NaN
9432,5895.22,10993.61,3,4,0.0000
9433,5690.75,10945.16,2,3,0.0000
9434,6172.97,11263.62,0,0,0.0000
9435,6267.37,11222.73,0,0,0.0000
9436,6074.44,10954.62,NaN,NaN,NaN
9437,7014.12,11643.09,0,0,0.0000
9438,7008.84,11517.19,2,3,0.0000
9439,6978.27,11396.33,NaN,NaN,NaN
9440,6934.90,11502.74,0,0,0.0000
9441,7024.08,11293.89,0,0,0.0000
9442,6995.96,11333.94,NaN,NaN,NaN
9443,6295.06,11068.42,0,0,0.0000
9444,7030.91,11109.73,0,0,0.0000
9445,7067.37,10907.42,NaN,NaN,NaN
9446,7078.39,11073.47,NaN,NaN,NaN
9447,7043.54,11023.41,0,0,0.0000
9448,7586.53,11264.29,NaN,NaN,NaN
9449,7567.47,11209.00,NaN,NaN,NaN
9450,7802.33,11272.89,NaN,NaN,NaN
9451,7048.57,10963.71,0,0,0.0000
9452,7569.40,11037.30,NaN,NaN,NaN
9453,7531.81,11248.34,0,0,0.0000
9454,7663.54,11085.66,0,0,0.0000
9455,7557.82,10894.23,0,0,0.0000
9456,7794.40,11060.91,NaN,NaN,NaN
9457,7772.44,10997.45,0,0,0.0000
9458,7515.53,11333.01,NaN,NaN,NaN
9459,7933.66,11188.38,2,3,0.0000
9460,7966.34,11336.77,2,2,0.0000
9461,7882.24,11317.30,NaN,NaN,NaN
9462,7924.28,11082.86,NaN,NaN,NaN
9463,7952.76,11561.03,0,0,0.0000
9464,7809.76,11423.05,3,15,5.0000
9465,8063.21,11155.41,0,0,0.0000
9466,7836.30,11105.00,0,0,0.0000
9467,7824.51,11207.48,NaN,NaN,NaN
9468,7884.14,11497.16,NaN,NaN,NaN
9469,7859.38,11171.26,NaN,NaN,NaN
9470,8012.86,11524.00,NaN,NaN,NaN
9471,8006.94,11151.44,0,0,0.0000
9472,8001.68,11231.02,2,4,2.0000
9473,7898.60,11409.55,2,4,2.0000
9474,7972.11,11418.81,NaN,NaN,NaN
9475,8028.95,11394.12,NaN,NaN,NaN
9476,7910.25,11577.81,NaN,NaN,NaN
9477,7847.08,11508.97,NaN,NaN,NaN
9478,7812.53,11309.58,0,0,0.0000
9479,7964.00,11461.36,NaN,NaN,NaN
9480,8008.81,11594.99,NaN,NaN,NaN
9481,8034.21,11290.69,NaN,NaN,NaN
9482,7941.01,11012.61,0,0,0.0000
9483,8956.30,11110.37,NaN,NaN,NaN
9484,9032.18,11049.61,NaN,NaN,NaN
9485,9161.81,11481.14,NaN,NaN,NaN
9486,9112.57,11409.62,NaN,NaN,NaN
9487,9058.83,10924.12,NaN,NaN,NaN
9488,9257.31,11239.57,0,0,0.0000
9489,9292.69,11441.64,NaN,NaN,NaN
9490,9149.71,11050.40,0,0,0.0000
9491,9145.94,11296.58,0,0,0.0000
9492,9143.94,10898.57,0,0,0.0000
9493,8893.90,11042.04,NaN,NaN,NaN
9494,8941.54,11353.30,NaN,NaN,NaN
9495,8771.41,11099.40,2,3,0.0000
9496,9269.31,11337.38,3,7,2.3333
9497,9294.13,11077.67,NaN,NaN,NaN
9498,9233.95,10986.94,NaN,NaN,NaN
9499,9030.24,11219.45,2,3,0.0000
9500,9331.43,11553.70,NaN,NaN,NaN
9501,9047.27,11140.53,NaN,NaN,NaN
9502,8951.94,10993.57,0,0,0.0000
9503,9301.53,11006.14,NaN,NaN,NaN
9504,9004.23,11469.62,2,3,0.0000
9505,9262.26,11485.80,NaN,NaN,NaN
9506,8959.08,11229.93,0,0,0.0000
9507,8701.98,11059.43,NaN,NaN,NaN
9508,9133.74,11546.99,NaN,NaN,NaN
9509,9283.47,11160.02,0,0,0.0000
9510,9343.31,11376.32,NaN,NaN,NaN
9511,8902.18,10948.32,NaN,NaN,NaN
9512,8816.20,11271.21,5,4,0.0000
9513,8983.80,11272.72,NaN,NaN,NaN
9514,9277.85,11571.53,NaN,NaN,NaN
9515,8878.61,10888.23,2,4,2.0000
9516,8846.97,10953.98,NaN,NaN,NaN
9517,8925.58,11430.56,NaN,NaN,NaN
9518,9216.56,11172.07,0,0,0.0000
9519,9182.78,11127.35,0,0,0.0000
9520,9092.81,11003.15,0,0,0.0000
9521,9086.85,11304.23,NaN,NaN,NaN
9522,9014.53,11393.76,NaN,NaN,NaN
9523,9031.58,11527.07,NaN,NaN,NaN
9524,9188.99,11616.89,0,0,0.0000
9525,9205.13,11395.09,NaN,NaN,NaN
9526,9103.57,11590.11,2,4,2.0000
9527,8904.06,11161.02,NaN,NaN,NaN
9528,8808.42,10997.16,NaN,NaN,NaN
9529,9065.43,11365.04,3,2,0.0000
9530,9171.71,11212.73,0,0,0.0000
9531,9128.90,10967.10,0,0,0.0000
9532,8836.75,11073.66,0,0,0.0000
9533,8712.07,11004.85,NaN,NaN,NaN
9534,9226.36,11645.50,0,0,0.0000
9535,8991.74,10946.41,NaN,NaN,NaN
9536,9207.35,11551.20,NaN,NaN,NaN
9537,9277.94,10945.49,NaN,NaN,NaN
9538,9014.28,11329.96,NaN,NaN,NaN
9539,9007.94,11429.49,NaN,NaN,NaN
9540,9224.15,11046.80,NaN,NaN,NaN
9541,9036.38,11360.15,NaN,NaN,NaN
9542,8952.54,10924.66,NaN,NaN,NaN
9543,9083.47,11189.34,NaN,NaN,NaN
9544,9251.52,11527.95,0,0,0.0000
9545,8881.11,11383.60,NaN,NaN,NaN
9546,9222.15,11091.03,NaN,NaN,NaN
9547,9178.75,10959.33,NaN,NaN,NaN
9548,9216.63,10932.07,NaN,NaN,NaN
9549,9138.38,11135.82,0,0,0.0000
9550,8827.29,11314.04,NaN,NaN,NaN
9551,9096.12,11552.47,NaN,NaN,NaN
9552,9333.97,11121.31,2,2,0.0000
9553,8957.96,11192.50,NaN,NaN,NaN
9554,8864.85,10992.37,NaN,NaN,NaN
9555,9716.24,10893.87,NaN,NaN,NaN
9556,9555.48,11453.05,2,3,0.0000
9557,9420.00,11594.74,2,2,0.0000
9558,9621.29,11615.47,4,2,0.0000
9559,9499.04,11294.54,NaN,NaN,NaN
9560,9520.74,10988.58,0,0,0.0000
9561,9454.18,11127.98,NaN,NaN,NaN
9562,9538.35,11075.53,2,8,4.0000
9563,9364.67,10942.28,NaN,NaN,NaN
9564,9370.48,11290.43,0,0,0.0000
9565,9604.34,10965.91,0,0,0.0000
9566,9430.35,10972.63,NaN,NaN,NaN
9567,9365.33,11192.55,NaN,NaN,NaN
9568,9513.49,10895.03,0,0,0.0000
9569,9382.16,11468.32,0,0,0.0000
9570,9613.94,11157.98,0,0,0.0000
9571,9815.71,10892.71,0,0,0.0000
9572,10110.41,11576.26,NaN,NaN,NaN
9573,9447.82,11329.14,2,6,3.0000
9574,9390.21,11084.76,0,0,0.0000
9575,9463.74,11645.25,NaN,NaN,NaN
9576,9765.93,11408.65,0,0,0.0000
9577,9599.94,11511.03,NaN,NaN,NaN
9578,9562.25,11208.72,NaN,NaN,NaN
9579,9678.95,11255.52,3,13,4.3333
9580,9967.49,11624.88,NaN,NaN,NaN
9581,9540.03,11578.59,NaN,NaN,NaN
9582,9654.78,11523.96,0,0,0.0000
9583,9393.14,11532.09,4,5,0.0000
9584,9852.53,11024.89,NaN,NaN,NaN
9585,9685.77,10991.22,0,0,0.0000
9586,9474.89,11383.85,2,2,0.0000
9587,9646.78,11069.41,2,8,4.0000
9588,9677.59,11171.75,0,0,0.0000
9589,9768.27,11001.69,0,0,0.0000
9590,10019.68,11576.54,2,2,0.0000
9591,9903.83,11026.30,NaN,NaN,NaN
9592,9514.81,11393.61,NaN,NaN,NaN
9593,9713.18,11032.00,0,0,0.0000
9594,9476.58,11434.40,2,1,0.0000
9595,9613.15,11109.46,NaN,NaN,NaN
9596,9347.44,11509.64,2,3,0.0000
9597,10017.28,11610.88,2,2,0.0000
9598,9625.89,11463.14,2,6,3.0000
9599,10068.87,11525.69,NaN,NaN,NaN
9600,11796.66,11616.76,NaN,NaN,NaN
9601,11886.09,11503.53,0,0,0.0000
9602,11851.30,11550.42,0,0,0.0000
9603,13985.89,11264.69,2,3,0.0000
9604,15474.11,11423.41,0,0,0.0000
9605,15410.38,11373.71,NaN,NaN,NaN
9606,15338.01,11065.61,NaN,NaN,NaN
9607,15048.40,10959.00,NaN,NaN,NaN
9608,15402.50,11010.17,NaN,NaN,NaN
9609,15476.62,11167.99,2,2,0.0000
9610,14850.21,10884.57,2,2,0.0000
9611,15396.50,11552.27,NaN,NaN,NaN
9612,15302.60,11645.78,3,3,0.0000
9613,15296.27,10938.36,NaN,NaN,NaN
9614,15409.22,11135.81,NaN,NaN,NaN
9615,15285.63,10991.56,NaN,NaN,NaN
9616,15474.77,11522.91,NaN,NaN,NaN
9617,14803.79,10906.54,0,0,0.0000
9618,15382.69,11319.69,NaN,NaN,NaN
9619,15432.33,11270.93,5,11,2.2000
9620,15192.03,10969.55,0,0,0.0000
9621,15481.57,11586.17,0,0,0.0000
9622,14965.29,10990.49,0,0,0.0000
9623,14887.64,10933.39,0,0,0.0000
9624,15263.40,11598.11,0,0,0.0000
9625,15476.84,11629.13,2,4,2.0000
9626,15333.31,11572.17,2,3,0.0000
9627,14899.07,11148.07,0,0,0.0000
9628,15284.87,11546.52,0,0,0.0000
9629,15357.52,11512.35,0,0,0.0000
9630,14757.70,10895.81,0,0,0.0000
9631,15398.46,11241.75,0,0,0.0000
9632,15131.15,11329.77,2,1,0.0000
9633,15450.24,11503.85,0,0,0.0000
9634,15416.23,11601.11,2,4,2.0000
9635,15567.33,11204.51,NaN,NaN,NaN
9636,16025.51,11639.55,0,0,0.0000
9637,15696.84,11418.48,NaN,NaN,NaN
9638,15923.76,11544.59,NaN,NaN,NaN
9639,15550.26,11495.85,NaN,NaN,NaN
9640,15515.08,11276.54,NaN,NaN,NaN
9641,15609.58,11330.21,2,3,0.0000
9642,15748.95,11315.48,NaN,NaN,NaN
9643,15798.40,11423.13,NaN,NaN,NaN
9644,15848.23,11529.60,NaN,NaN,NaN
9645,15785.14,11630.16,NaN,NaN,NaN
9646,15533.68,10992.52,0,0,0.0000
9647,15586.22,11633.77,2,3,0.0000
9648,15907.65,11467.63,2,5,2.5000
9649,15629.31,11528.32,2,3,0.0000
9650,15633.04,11249.24,NaN,NaN,NaN
9651,15671.81,11588.52,NaN,NaN,NaN
9652,15526.48,11561.38,2,3,0.0000
9653,15678.53,11317.21,NaN,NaN,NaN
9654,15707.56,11528.74,NaN,NaN,NaN
9655,15790.15,11367.30,0,0,0.0000
9656,15541.59,11343.82,2,4,2.0000
9657,15761.63,11501.31,0,0,0.0000
9658,15747.68,11585.06,0,0,0.0000
9659,15579.18,10971.28,NaN,NaN,NaN
9660,15982.42,11577.11,0,0,0.0000
9661,15827.16,11324.02,2,4,2.0000
9662,15775.98,11267.52,NaN,NaN,NaN
9663,15611.67,11478.31,0,0,0.0000
9664,15677.72,11272.11,0,0,0.0000
9665,15570.08,11063.98,NaN,NaN,NaN
9666,15840.91,11478.25,0,0,0.0000
9667,15691.91,11194.94,NaN,NaN,NaN
9668,15800.85,11563.61,NaN,NaN,NaN
9669,15626.51,11641.25,0,0,0.0000
9670,15685.23,11636.28,NaN,NaN,NaN
9671,609.04,11764.95,NaN,NaN,NaN
9672,430.84,11672.85,0,0,0.0000
9673,769.39,11677.81,NaN,NaN,NaN
9674,385.48,11798.97,0,0,0.0000
9675,663.84,12271.00,NaN,NaN,NaN
9676,550.04,11933.22,4,6,0.0000
9677,501.35,11727.45,NaN,NaN,NaN
9678,870.67,11726.80,3,5,0.0000
9679,461.26,11824.68,NaN,NaN,NaN
9680,829.98,11996.76,3,6,2.0000
9681,598.04,12031.28,NaN,NaN,NaN
9682,842.59,11664.93,2,3,0.0000
9683,726.84,12323.35,NaN,NaN,NaN
9684,710.60,12109.90,NaN,NaN,NaN
9685,314.28,11814.21,2,2,0.0000
9686,83.19,11794.65,NaN,NaN,NaN
9687,811.53,11818.34,0,0,0.0000
9688,820.04,12151.20,NaN,NaN,NaN
9689,473.69,12025.41,NaN,NaN,NaN
9690,476.92,11890.71,NaN,NaN,NaN
9691,626.42,12218.92,2,3,0.0000
9692,636.10,11887.41,2,3,0.0000
9693,663.55,11971.10,2,2,0.0000
9694,782.60,11933.41,NaN,NaN,NaN
9695,40.42,11766.72,2,2,0.0000
9696,703.18,11912.66,2,2,0.0000
9697,449.35,12096.41,NaN,NaN,NaN
9698,319.99,11973.66,2,2,0.0000
9699,362.38,11721.84,3,8,2.6667
9700,373.16,12024.70,NaN,NaN,NaN
9701,807.31,12089.39,0,0,0.0000
9702,548.66,11855.95,NaN,NaN,NaN
9703,658.38,12051.16,NaN,NaN,NaN
9704,727.90,11756.52,0,0,0.0000
9705,753.73,11887.88,NaN,NaN,NaN
9706,286.39,11872.42,2,1,0.0000
9707,632.67,12167.94,NaN,NaN,NaN
9708,499.93,12094.14,3,4,0.0000
9709,786.02,12231.07,2,5,2.5000
9710,313.90,11711.20,NaN,NaN,NaN
9711,350.62,11901.65,0,0,0.0000
9712,751.74,12150.96,2,3,0.0000
9713,648.77,11680.98,4,4,0.0000
9714,872.46,11815.40,NaN,NaN,NaN
9715,714.42,11841.41,0,0,0.0000
9716,543.62,12140.15,NaN,NaN,NaN
9717,845.13,11924.22,0,0,0.0000
9718,512.99,12209.10,NaN,NaN,NaN
9719,426.91,11993.18,NaN,NaN,NaN
9720,745.98,12225.83,NaN,NaN,NaN
9721,71.08,11707.56,2,5,2.5000
9722,802.94,12289.07,0,0,0.0000
9723,652.01,12357.31,0,0,0.0000
9724,534.67,12020.66,0,0,0.0000
9725,408.18,12084.99,2,2,0.0000
9726,690.88,11728.61,2,4,2.0000
9727,267.64,11755.18,NaN,NaN,NaN
9728,369.19,11970.02,NaN,NaN,NaN
9729,697.12,12174.32,3,4,0.0000
9730,278.53,11675.80,NaN,NaN,NaN
9731,760.37,12365.08,0,0,0.0000
9732,715.92,12023.97,NaN,NaN,NaN
9733,609.97,12341.47,NaN,NaN,NaN
9734,329.94,11658.99,NaN,NaN,NaN
9735,639.51,12107.72,2,3,0.0000
9736,369.14,12083.20,0,0,0.0000
9737,479.07,12222.93,NaN,NaN,NaN
9738,829.97,12226.49,NaN,NaN,NaN
9739,564.97,12229.35,NaN,NaN,NaN
9740,674.34,12087.83,NaN,NaN,NaN
9741,247.09,11865.60,NaN,NaN,NaN
9742,535.53,11788.48,NaN,NaN,NaN
9743,485.80,11961.37,0,0,0.0000
9744,571.23,12193.31,NaN,NaN,NaN
9745,666.11,11839.23,NaN,NaN,NaN
9746,590.62,12297.38,0,0,0.0000
9747,921.16,11793.86,5,6,0.0000
9748,976.86,11729.13,2,3,0.0000
9749,899.73,11877.99,NaN,NaN,NaN
9750,899.47,11944.22,NaN,NaN,NaN
9751,2412.28,11736.64,NaN,NaN,NaN
9752,2315.37,11665.19,4,6,0.0000
9753,2384.45,11892.32,NaN,NaN,NaN
9754,2359.90,11796.18,NaN,NaN,NaN
9755,2426.65,12015.65,NaN,NaN,NaN
9756,2392.56,11987.50,NaN,NaN,NaN
9757,2323.48,11751.63,4,6,0.0000
9758,2802.63,12081.47,2,3,0.0000
9759,2636.06,11856.29,4,1,0.0000
9760,3001.64,11963.15,NaN,NaN,NaN
9761,2782.20,11767.75,0,0,0.0000
9762,2876.75,12329.82,2,3,0.0000
9763,3126.21,12290.00,NaN,NaN,NaN
9764,2947.98,11818.80,2,2,0.0000
9765,2837.39,11892.37,0,0,0.0000
9766,2548.69,11987.95,NaN,NaN,NaN
9767,2979.83,12247.48,NaN,NaN,NaN
9768,3192.69,12158.78,3,4,0.0000
9769,2543.74,12210.41,0,0,0.0000
9770,2446.98,11927.16,4,7,0.0000
9771,3133.97,12370.56,NaN,NaN,NaN
9772,2702.46,12209.54,NaN,NaN,NaN
9773,2542.75,11748.41,NaN,NaN,NaN
9774,2892.59,12012.19,2,3,0.0000
9775,3048.34,12341.61,0,0,0.0000
9776,3118.28,12017.91,0,0,0.0000
9777,2774.62,12352.51,NaN,NaN,NaN
9778,2836.34,12240.47,4,3,0.0000
9779,2596.52,12302.22,NaN,NaN,NaN
9780,3097.37,12118.47,3,7,2.3333
9781,2474.58,11805.99,NaN,NaN,NaN
9782,3032.53,12153.57,0,0,0.0000
9783,3174.33,12020.59,NaN,NaN,NaN
9784,2667.14,11748.88,0,0,0.0000
9785,3071.06,11786.63,0,0,0.0000
9786,3027.65,11852.06,NaN,NaN,NaN
9787,2909.96,11706.60,NaN,NaN,NaN
9788,2529.84,12076.06,0,0,0.0000
9789,2469.96,12049.81,0,0,0.0000
9790,2945.22,12098.65,0,0,0.0000
9791,3156.25,11784.57,NaN,NaN,NaN
9792,2668.64,12043.48,0,0,0.0000
9793,2905.83,11915.12,3,3,0.0000
9794,2785.56,12274.19,2,2,0.0000
9795,3097.10,12207.19,NaN,NaN,NaN
9796,2892.17,12228.82,0,0,0.0000
9797,2983.13,12145.91,2,3,0.0000
9798,2620.47,11665.92,2,4,2.0000
9799,3003.25,12400.20,0,0,0.0000
9800,2973.68,12311.93,2,1,0.0000
9801,2634.21,12117.50,0,0,0.0000
9802,2961.47,12359.84,NaN,NaN,NaN
9803,2698.39,11986.55,2,3,0.0000
9804,2936.98,12410.93,0,0,0.0000
9805,2878.63,11801.04,2,2,0.0000
9806,3057.73,12247.84,NaN,NaN,NaN
9807,3088.61,11863.12,NaN,NaN,NaN
9808,2505.98,11692.84,NaN,NaN,NaN
9809,2571.61,12149.87,NaN,NaN,NaN
9810,3142.37,11882.27,NaN,NaN,NaN
9811,2931.76,12192.10,NaN,NaN,NaN
9812,3127.25,11828.07,0,0,0.0000
9813,2778.40,12207.93,NaN,NaN,NaN
9814,2434.60,11850.28,3,5,0.0000
9815,3093.03,11919.11,0,0,0.0000
9816,3024.53,12080.84,0,0,0.0000
9817,2634.03,12256.01,0,0,0.0000
9818,3138.11,12166.66,NaN,NaN,NaN
9819,2866.78,12171.92,0,0,0.0000
9820,3031.14,12036.44,2,1,0.0000
9821,2470.39,12119.46,NaN,NaN,NaN
9822,2594.87,11919.06,NaN,NaN,NaN
9823,3149.79,11941.40,NaN,NaN,NaN
9824,3090.31,11721.16,0,0,0.0000
9825,2867.74,11765.61,0,0,0.0000
9826,3177.22,12089.62,NaN,NaN,NaN
9827,2688.35,12123.28,0,0,0.0000
9828,2824.19,11677.74,0,0,0.0000
9829,2753.86,11911.27,0,0,0.0000
9830,2476.90,11992.25,NaN,NaN,NaN
9831,2631.84,12377.05,2,3,0.0000
9832,2963.36,11671.57,0,0,0.0000
9833,2600.96,11779.39,NaN,NaN,NaN
9834,2653.16,12208.69,0,0,0.0000
9835,2805.61,11936.70,0,0,0.0000
9836,3006.75,11783.14,NaN,NaN,NaN
9837,2439.49,12082.14,0,0,0.0000
9838,2608.50,12173.55,NaN,NaN,NaN
9839,2632.99,11921.07,0,0,0.0000
9840,3521.00,12351.92,NaN,NaN,NaN
9841,3412.74,12227.06,NaN,NaN,NaN
9842,3344.18,12152.67,NaN,NaN,NaN
9843,3245.75,12053.05,0,0,0.0000
9844,3295.04,12398.37,NaN,NaN,NaN
9845,3287.24,11961.57,NaN,NaN,NaN
9846,3432.78,11969.40,3,1,0.0000
9847,3835.97,12250.61,0,0,0.0000
9848,3200.64,12372.53,0,0,0.0000
9849,3892.00,12330.09,NaN,NaN,NaN
9850,3635.99,12347.60,0,0,0.0000
9851,3355.85,12305.95,4,8,2.0000
9852,3204.19,11923.18,NaN,NaN,NaN
9853,3327.42,12251.35,3,7,2.3333
9854,3618.83,12146.50,NaN,NaN,NaN
9855,3215.19,12249.39,NaN,NaN,NaN
9856,3552.11,12112.40,3,7,2.3333
9857,3593.11,12230.56,NaN,NaN,NaN
9858,3433.39,12131.35,NaN,NaN,NaN
9859,3471.48,12283.63,0,0,0.0000
9860,3651.19,12081.73,2,2,0.0000
9861,3364.86,11958.53,2,5,2.5000
9862,3389.22,12343.48,NaN,NaN,NaN
9863,3913.20,12203.55,NaN,NaN,NaN
9864,3704.32,12365.23,0,0,0.0000
9865,3693.19,12267.21,0,0,0.0000
9866,3785.48,12267.27,NaN,NaN,NaN
9867,3258.79,12200.28,NaN,NaN,NaN
9868,3780.85,12165.64,NaN,NaN,NaN
9869,3633.10,12274.29,NaN,NaN,NaN
9870,3727.70,12123.97,0,0,0.0000
9871,3397.26,12066.96,2,4,2.0000
9872,3962.94,12393.94,0,0,0.0000
9873,3301.85,12080.97,2,5,2.5000
9874,3732.02,12227.78,NaN,NaN,NaN
9875,3345.15,12024.37,4,5,0.0000
9876,3491.39,12083.93,NaN,NaN,NaN
9877,3211.17,11833.12,0,0,0.0000
9878,3754.25,12069.65,0,0,0.0000
9879,3367.56,12388.78,NaN,NaN,NaN
9880,3562.58,12288.48,4,10,2.5000
9881,3952.41,11932.74,NaN,NaN,NaN
9882,3813.11,12356.87,0,0,0.0000
9883,3755.25,12369.45,0,0,0.0000
9884,3951.76,12335.30,0,0,0.0000
9885,3477.38,12016.70,0,0,0.0000
9886,3278.34,12306.90,NaN,NaN,NaN
9887,3947.51,12282.84,0,0,0.0000
9888,3389.38,11908.02,NaN,NaN,NaN
9889,3569.41,12175.28,NaN,NaN,NaN
9890,3443.57,12048.93,NaN,NaN,NaN
9891,3587.52,12057.05,0,0,0.0000
9892,3539.29,12004.23,0,0,0.0000
9893,3895.36,12259.53,NaN,NaN,NaN
9894,3656.41,12215.60,NaN,NaN,NaN
9895,3498.31,12160.51,0,0,0.0000
9896,3687.11,12185.25,NaN,NaN,NaN
9897,3242.49,12327.79,2,4,2.0000
9898,3206.90,11989.35,0,0,0.0000
9899,3933.62,12099.71,NaN,NaN,NaN
9900,4361.52,11938.60,NaN,NaN,NaN
9901,4398.96,12200.31,NaN,NaN,NaN
9902,4331.21,11722.61,NaN,NaN,NaN
9903,4541.88,12073.49,2,4,2.0000
9904,4086.01,12262.93,3,5,0.0000
9905,4197.37,12303.51,NaN,NaN,NaN
9906,4724.48,12048.37,NaN,NaN,NaN
9907,4515.35,12185.06,NaN,NaN,NaN
9908,4050.61,11655.21,NaN,NaN,NaN
9909,4534.16,11887.54,NaN,NaN,NaN
9910,4421.42,11869.03,2,3,0.0000
9911,4128.32,11886.89,0,0,0.0000
9912,4314.07,12256.31,NaN,NaN,NaN
9913,4595.22,12284.68,NaN,NaN,NaN
9914,4151.86,12101.57,0,0,0.0000
9915,4514.24,11753.21,2,4,2.0000
9916,4017.61,12007.63,0,0,0.0000
9917,4588.28,11815.32,NaN,NaN,NaN
9918,4287.79,12138.83,NaN,NaN,NaN
9919,4623.88,12372.35,NaN,NaN,NaN
9920,4667.11,12216.38,NaN,NaN,NaN
9921,4200.93,12195.28,NaN,NaN,NaN
9922,4155.19,11723.16,0,0,0.0000
9923,4022.69,11930.70,0,0,0.0000
9924,4000.82,11761.71,NaN,NaN,NaN
9925,4683.28,11711.77,2,1,0.0000
9926,4618.37,11879.17,NaN,NaN,NaN
9927,4207.99,11772.18,NaN,NaN,NaN
9928,4595.04,11723.97,NaN,NaN,NaN
9929,4073.76,11735.96,NaN,NaN,NaN
9930,3988.39,12077.25,NaN,NaN,NaN
9931,4094.19,12359.43,3,2,0.0000
9932,4494.16,11668.43,2,3,0.0000
9933,3970.51,12214.64,0,0,0.0000
9934,4549.82,11975.03,0,0,0.0000
9935,4717.81,12393.21,3,3,0.0000
9936,4364.82,12049.68,NaN,NaN,NaN
9937,4444.40,11742.36,NaN,NaN,NaN
9938,4204.79,11922.74,0,0,0.0000
9939,4106.34,11976.40,0,0,0.0000
9940,4117.11,11800.41,0,0,0.0000
9941,4292.52,12025.15,NaN,NaN,NaN
9942,4541.84,12310.86,NaN,NaN,NaN
9943,4677.54,12290.21,0,0,0.0000
9944,4507.96,12367.22,0,0,0.0000
9945,4097.03,12067.05,0,0,0.0000
9946,4562.18,11657.97,2,5,2.5000
9947,4673.90,12141.31,3,3,0.0000
9948,4030.62,11833.52,NaN,NaN,NaN
9949,4462.36,11919.72,0,0,0.0000
9950,4195.05,11999.07,NaN,NaN,NaN
9951,4184.29,12059.72,NaN,NaN,NaN
9952,4242.46,11693.27,0,0,0.0000
9953,4347.73,12354.57,0,0,0.0000
9954,4373.52,11801.81,2,5,2.5000
9955,4412.94,12340.17,0,0,0.0000
9956,4720.39,12165.23,NaN,NaN,NaN
9957,4260.63,12390.44,NaN,NaN,NaN
9958,4601.71,12219.22,NaN,NaN,NaN
9959,4616.86,11961.22,3,4,0.0000
9960,4442.56,12302.35,NaN,NaN,NaN
9961,3979.61,11883.32,3,7,2.3333
9962,4244.78,11889.41,2,6,3.0000
9963,4657.36,11778.00,NaN,NaN,NaN
9964,4002.24,12320.26,0,0,0.0000
9965,4298.69,12334.64,2,0,0.0000
9966,4580.15,12168.54,NaN,NaN,NaN
9967,4281.19,11874.36,0,0,0.0000
9968,4075.07,11888.45,0,0,0.0000
9969,4259.05,12252.93,0,0,0.0000
9970,4480.77,12242.12,4,4,0.0000
9971,4271.36,11948.03,NaN,NaN,NaN
9972,4225.97,12124.25,NaN,NaN,NaN
9973,3970.24,11829.68,0,0,0.0000
9974,4480.51,12303.54,0,0,0.0000
9975,4460.79,12381.75,NaN,NaN,NaN
9976,4242.97,12060.05,0,0,0.0000
9977,4263.55,12349.76,NaN,NaN,NaN
9978,4457.89,12195.43,NaN,NaN,NaN
9979,5156.19,12099.87,2,3,0.0000
9980,5079.70,12242.88,0,0,0.0000
9981,5374.55,12198.06,NaN,NaN,NaN
9982,5256.62,12105.47,NaN,NaN,NaN
9983,5012.53,12068.55,NaN,NaN,NaN
9984,4793.96,12302.76,NaN,NaN,NaN
9985,4946.74,12142.31,NaN,NaN,NaN
9986,4764.55,12221.76,NaN,NaN,NaN
9987,5016.57,11962.65,NaN,NaN,NaN
9988,5256.77,12298.64,0,0,0.0000
9989,4869.07,12173.59,NaN,NaN,NaN
9990,5280.06,12209.60,NaN,NaN,NaN
9991,5347.80,12089.69,0,0,0.0000
9992,5346.60,11933.23,NaN,NaN,NaN
9993,5187.48,11846.91,0,0,0.0000
9994,4784.44,11953.26,2,2,0.0000
9995,5336.15,12389.36,NaN,NaN,NaN
9996,5170.98,12211.09,NaN,NaN,NaN
9997,5467.27,12346.56,NaN,NaN,NaN
9998,4910.38,11882.88,NaN,NaN,NaN
9999,5101.91,12026.02,NaN,NaN,NaN
10000,4806.40,12134.68,NaN,NaN,NaN
10001,5181.37,12295.80,NaN,NaN,NaN
10002,4918.06,11966.99,2,4,2.0000
10003,5084.69,11893.57,NaN,NaN,NaN
10004,4839.51,12379.44,NaN,NaN,NaN
10005,5411.52,12398.43,0,0,0.0000
10006,4905.82,12037.51,NaN,NaN,NaN
10007,5161.26,11967.11,NaN,NaN,NaN
10008,5254.35,11933.67,0,0,0.0000
10009,4848.13,12237.73,3,6,2.0000
10010,5134.10,12368.03,2,9,4.5000
10011,5407.49,12325.93,2,6,3.0000
10012,4998.49,12317.34,2,4,2.0000
10013,5231.71,12370.02,NaN,NaN,NaN
10014,4938.81,11840.85,NaN,NaN,NaN
10015,4866.08,12301.75,NaN,NaN,NaN
10016,4833.26,11886.52,0,0,0.0000
10017,4835.72,12055.81,NaN,NaN,NaN
10018,4925.15,12267.89,0,0,0.0000
10019,5195.64,11915.03,0,0,0.0000
10020,4961.00,11940.73,0,0,0.0000
10021,5120.07,11816.90,NaN,NaN,NaN
10022,5279.73,11981.08,NaN,NaN,NaN
10023,5316.85,12008.49,0,0,0.0000
10024,4883.96,12085.55,0,0,0.0000
10025,4919.72,12223.72,0,0,0.0000
10026,4875.70,12411.16,0,0,0.0000
10027,4996.77,12200.51,0,0,0.0000
10028,6453.31,12148.19,4,3,0.0000
10029,6361.30,11900.96,0,0,0.0000
10030,6536.51,12288.06,0,0,0.0000
10031,6482.10,12250.95,NaN,NaN,NaN
10032,6619.28,12409.52,NaN,NaN,NaN
10033,6535.35,12166.90,NaN,NaN,NaN
10034,6578.75,12377.03,NaN,NaN,NaN
10035,7013.21,12186.35,2,4,2.0000
10036,6516.92,12358.62,NaN,NaN,NaN
10037,6524.47,12413.42,NaN,NaN,NaN
10038,6981.80,12037.08,NaN,NaN,NaN
10039,7023.44,12230.20,NaN,NaN,NaN
10040,6960.03,12139.22,0,0,0.0000
10041,6955.43,12229.75,2,6,3.0000
10042,6942.66,12270.46,NaN,NaN,NaN
10043,6922.03,12077.11,NaN,NaN,NaN
10044,7029.49,12100.13,0,0,0.0000
10045,7309.30,12313.38,2,2,0.0000
10046,7324.39,12194.43,0,0,0.0000
10047,7239.92,12070.55,NaN,NaN,NaN
10048,7378.39,12266.84,0,0,0.0000
10049,7405.47,12362.03,3,3,0.0000
10050,7301.35,12043.83,NaN,NaN,NaN
10051,7274.49,12207.90,0,0,0.0000
10052,7330.18,12116.35,NaN,NaN,NaN
10053,7371.98,12398.16,0,0,0.0000
10054,7050.78,12156.27,0,0,0.0000
10055,7578.36,12346.74,0,0,0.0000
10056,8002.16,12262.29,0,0,0.0000
10057,7977.49,12163.43,0,0,0.0000
10058,7997.48,12333.71,NaN,NaN,NaN
10059,8027.48,12349.25,NaN,NaN,NaN
10060,7964.55,12088.17,NaN,NaN,NaN
10061,9223.48,12230.87,NaN,NaN,NaN
10062,9337.02,12366.78,NaN,NaN,NaN
10063,9141.61,11659.10,0,0,0.0000
10064,9210.02,12395.41,NaN,NaN,NaN
10065,9149.72,12412.24,NaN,NaN,NaN
10066,9247.34,12309.58,NaN,NaN,NaN
10067,9130.51,12305.19,NaN,NaN,NaN
10068,9310.53,11728.36,3,5,0.0000
10069,9239.81,12359.98,NaN,NaN,NaN
10070,9293.22,12237.65,0,0,0.0000
10071,9157.01,12357.97,0,0,0.0000
10072,9114.45,12254.04,NaN,NaN,NaN
10073,9267.68,11719.59,2,2,0.0000
10074,9260.34,12414.06,2,1,0.0000
10075,9497.09,11810.43,0,0,0.0000
10076,9771.08,11890.59,2,3,0.0000
10077,9810.47,11748.49,2,5,2.5000
10078,9717.50,11687.69,2,3,0.0000
10079,9681.90,11788.34,3,7,2.3333
10080,9598.24,11840.05,NaN,NaN,NaN
10081,10087.55,11816.22,2,1,0.0000
10082,9463.32,11702.69,NaN,NaN,NaN
10083,9747.96,11840.55,0,0,0.0000
10084,9743.90,11968.60,0,0,0.0000
10085,10031.59,11862.73,2,6,3.0000
10086,9589.16,11748.07,0,0,0.0000
10087,9519.80,11729.30,NaN,NaN,NaN
10088,9835.44,11703.32,3,6,2.0000
10089,9837.67,11861.77,NaN,NaN,NaN
10090,9491.98,12307.20,0,0,0.0000
10091,9621.79,11677.69,0,0,0.0000
10092,9560.63,11877.72,0,0,0.0000
10093,10054.22,11688.81,NaN,NaN,NaN
10094,9513.90,11656.06,NaN,NaN,NaN
10095,9930.99,11804.69,2,2,0.0000
10096,9357.40,11733.93,0,0,0.0000
10097,9808.62,11796.61,NaN,NaN,NaN
10098,9576.68,11675.61,0,0,0.0000
10099,9420.83,11746.12,NaN,NaN,NaN
10100,9623.88,11888.67,NaN,NaN,NaN
10101,9469.65,12350.89,NaN,NaN,NaN
10102,9873.56,11911.88,NaN,NaN,NaN
10103,10027.96,11805.76,0,0,0.0000
10104,9636.14,11728.38,0,0,0.0000
10105,9854.00,11963.71,0,0,0.0000
10106,9903.16,11843.20,NaN,NaN,NaN
10107,10074.91,11756.94,0,0,0.0000
10108,9884.89,11666.23,0,0,0.0000
10109,9378.11,11704.67,3,4,0.0000
10110,9939.22,11872.07,2,4,2.0000
10111,9560.40,11796.92,NaN,NaN,NaN
10112,9994.26,11809.03,2,8,4.0000
10113,9730.08,11805.64,NaN,NaN,NaN
10114,9399.97,11693.77,NaN,NaN,NaN
10115,9497.25,11908.52,0,0,0.0000
10116,10135.16,11870.47,4,4,0.0000
10117,10115.72,11783.16,NaN,NaN,NaN
10118,12268.00,12370.94,NaN,NaN,NaN
10119,12075.52,12347.32,NaN,NaN,NaN
10120,12268.47,12232.99,0,0,0.0000
10121,12395.05,12195.57,2,4,2.0000
10122,12362.57,12292.64,NaN,NaN,NaN
10123,11994.71,12408.33,0,0,0.0000
10124,12221.66,12315.39,NaN,NaN,NaN
10125,12376.15,12255.45,0,0,0.0000
10126,12106.10,12396.96,NaN,NaN,NaN
10127,12652.77,12360.66,2,5,2.5000
10128,12853.55,12291.02,0,0,0.0000
10129,12862.35,12124.28,0,0,0.0000
10130,12605.76,12076.57,NaN,NaN,NaN
10131,12988.46,12329.16,NaN,NaN,NaN
10132,13131.31,12375.57,2,4,2.0000
10133,12922.80,12363.34,2,4,2.0000
10134,12417.66,12359.06,0,0,0.0000
10135,12971.03,12076.59,NaN,NaN,NaN
10136,13046.86,12385.52,NaN,NaN,NaN
10137,13182.74,12258.75,NaN,NaN,NaN
10138,12640.84,12188.95,0,0,0.0000
10139,13096.66,12278.09,NaN,NaN,NaN
10140,12971.06,12238.53,NaN,NaN,NaN
10141,12835.94,12383.33,2,4,2.0000
10142,12558.66,12185.63,NaN,NaN,NaN
10143,12565.04,12376.90,NaN,NaN,NaN
10144,12746.95,12214.50,0,0,0.0000
10145,12862.39,12222.89,2,5,2.5000
10146,12562.48,12272.54,NaN,NaN,NaN
10147,12477.82,12206.94,0,0,0.0000
10148,12523.76,12303.59,NaN,NaN,NaN
10149,13116.45,12203.93,NaN,NaN,NaN
10150,12833.00,12187.36,NaN,NaN,NaN
10151,12601.30,12247.74,NaN,NaN,NaN
10152,12826.56,11998.25,0,0,0.0000
10153,12992.98,12194.92,3,6,2.0000
10154,12967.20,12172.15,0,0,0.0000
10155,13036.85,12174.40,2,0,0.0000
10156,13171.43,12185.85,0,0,0.0000
10157,12780.12,12332.06,0,0,0.0000
10158,12982.83,12134.80,0,0,0.0000
10159,12530.51,12413.06,NaN,NaN,NaN
10160,12773.71,12264.98,3,3,0.0000
10161,13053.20,12216.25,NaN,NaN,NaN
10162,13103.29,12234.33,NaN,NaN,NaN
10163,12652.89,12078.43,NaN,NaN,NaN
10164,12848.44,12041.30,0,0,0.0000
10165,12658.51,12262.08,0,0,0.0000
10166,13075.49,12089.92,2,4,2.0000
10167,12481.00,12287.80,NaN,NaN,NaN
10168,12729.13,12161.99,NaN,NaN,NaN
10169,12509.78,12364.15,NaN,NaN,NaN
10170,13201.21,12363.29,0,0,0.0000
10171,13255.07,12401.04,NaN,NaN,NaN
10172,13355.08,12402.13,0,0,0.0000
10173,13238.37,12255.94,0,0,0.0000
10174,14672.99,12103.59,0,0,0.0000
10175,14248.03,11818.58,0,0,0.0000
10176,14643.18,12059.86,NaN,NaN,NaN
10177,14206.34,11702.62,3,4,0.0000
10178,14679.75,12167.17,NaN,NaN,NaN
10179,14702.99,12053.06,NaN,NaN,NaN
10180,14222.03,11743.09,NaN,NaN,NaN
10181,14189.83,11751.13,0,0,0.0000
10182,15468.78,12330.65,NaN,NaN,NaN
10183,15482.35,12030.67,NaN,NaN,NaN
10184,15365.17,12300.66,0,0,0.0000
10185,15348.63,11804.74,NaN,NaN,NaN
10186,15454.71,11669.23,2,2,0.0000
10187,15424.91,11727.13,0,0,0.0000
10188,15421.20,11893.50,NaN,NaN,NaN
10189,15355.59,11746.51,0,0,0.0000
10190,15384.81,11935.85,NaN,NaN,NaN
10191,15366.92,12055.45,0,0,0.0000
10192,15387.20,12228.41,0,0,0.0000
10193,15357.85,11675.53,NaN,NaN,NaN
10194,15477.84,12401.24,NaN,NaN,NaN
10195,15444.57,12255.55,0,0,0.0000
10196,15320.10,12018.30,0,0,0.0000
10197,15422.55,12106.53,0,0,0.0000
10198,15342.65,11971.11,0,0,0.0000
10199,15263.63,12081.11,0,0,0.0000
10200,15387.78,12370.71,0,0,0.0000
10201,15444.58,11988.51,3,4,0.0000
10202,15469.90,11790.87,2,1,0.0000
10203,15294.20,11696.52,0,0,0.0000
10204,15299.26,11858.39,0,0,0.0000
10205,15330.24,12135.05,0,0,0.0000
10206,15259.51,11812.05,0,0,0.0000
10207,15379.56,11859.46,NaN,NaN,NaN
10208,15240.00,11665.77,0,0,0.0000
10209,15487.38,11852.34,NaN,NaN,NaN
10210,15412.42,12077.40,0,0,0.0000
10211,16082.75,11785.27,2,4,2.0000
10212,15993.28,12405.66,0,0,0.0000
10213,15773.30,12375.06,2,5,2.5000
10214,15956.18,12116.40,2,5,2.5000
10215,16001.08,11848.40,NaN,NaN,NaN
10216,16181.51,12073.50,2,7,3.5000
10217,15552.51,12248.03,NaN,NaN,NaN
10218,16235.30,11933.37,0,0,0.0000
10219,15915.74,11901.15,0,0,0.0000
10220,16216.75,12222.30,NaN,NaN,NaN
10221,15496.96,12157.46,3,6,2.0000
10222,15827.46,12113.37,NaN,NaN,NaN
10223,16318.92,12383.61,2,3,0.0000
10224,15702.36,12235.79,2,3,0.0000
10225,16095.19,12235.72,0,0,0.0000
10226,15591.40,11964.57,NaN,NaN,NaN
10227,15987.96,11990.75,0,0,0.0000
10228,15666.49,11940.20,NaN,NaN,NaN
10229,16038.27,12291.82,NaN,NaN,NaN
10230,15601.14,12131.72,0,0,0.0000
10231,15602.71,12382.90,NaN,NaN,NaN
10232,15704.79,12127.19,0,0,0.0000
10233,15512.80,11921.93,2,6,3.0000
10234,16257.14,12317.63,NaN,NaN,NaN
10235,15574.76,12325.23,0,0,0.0000
10236,15782.57,12185.92,NaN,NaN,NaN
10237,16061.08,12057.32,NaN,NaN,NaN
10238,16109.26,12160.57,NaN,NaN,NaN
10239,16169.81,12339.86,NaN,NaN,NaN
10240,15665.70,11828.40,NaN,NaN,NaN
10241,15810.73,11982.51,0,0,0.0000
10242,15876.76,12025.32,0,0,0.0000
10243,16039.62,12108.86,NaN,NaN,NaN
10244,15884.16,11726.21,NaN,NaN,NaN
10245,15854.82,12194.01,NaN,NaN,NaN
10246,16070.35,12349.58,NaN,NaN,NaN
10247,15550.01,11719.64,2,1,0.0000
10248,15657.82,12340.00,NaN,NaN,NaN
10249,16163.05,11897.40,0,0,0.0000
10250,15764.26,12051.73,NaN,NaN,NaN
10251,15880.83,12276.22,NaN,NaN,NaN
10252,15980.16,12231.48,NaN,NaN,NaN
10253,15944.20,11675.12,NaN,NaN,NaN
10254,16288.46,11873.18,0,0,0.0000
10255,16234.95,12414.70,0,0,0.0000
10256,16322.85,11927.59,0,0,0.0000
10257,16235.20,12130.74,0,0,0.0000
10258,15719.72,12015.51,0,0,0.0000
10259,15585.77,11834.10,NaN,NaN,NaN
10260,15869.73,11770.28,NaN,NaN,NaN
10261,16138.39,12394.07,3,6,2.0000
10262,16021.88,11711.59,NaN,NaN,NaN
10263,15664.86,12010.46,NaN,NaN,NaN
10264,15889.33,12353.31,NaN,NaN,NaN
10265,16077.08,11912.36,0,0,0.0000
10266,15785.09,11888.35,NaN,NaN,NaN
10267,15976.12,12295.00,NaN,NaN,NaN
10268,15705.11,12298.71,NaN,NaN,NaN
10269,15644.94,11749.55,NaN,NaN,NaN
10270,15728.21,11864.24,0,0,0.0000
10271,16163.82,11988.74,NaN,NaN,NaN
10272,15911.92,11980.77,0,0,0.0000
10273,16269.62,12071.05,NaN,NaN,NaN
10274,16339.78,12064.33,NaN,NaN,NaN
10275,16290.42,11978.88,NaN,NaN,NaN
10276,16295.17,12108.07,NaN,NaN,NaN
10277,15785.02,11758.73,0,0,0.0000
10278,15882.20,11663.41,0,0,0.0000
10279,16202.41,12299.72,NaN,NaN,NaN
10280,15921.63,11788.11,2,3,0.0000
10281,15613.09,11874.57,NaN,NaN,NaN
10282,15670.01,11884.78,2,0,0.0000
10283,15719.88,11781.36,0,0,0.0000
10284,15751.34,11808.38,NaN,NaN,NaN
10285,15705.81,11719.02,0,0,0.0000
10286,16120.51,11937.54,NaN,NaN,NaN
10287,15490.86,12221.94,0,0,0.0000
10288,15769.02,11838.56,NaN,NaN,NaN
10289,15748.40,11990.99,0,0,0.0000
10290,15891.29,12413.28,0,0,0.0000
10291,15762.74,11711.95,NaN,NaN,NaN
10292,15875.79,11823.39,0,0,0.0000
10293,15649.06,11707.87,NaN,NaN,NaN
10294,15816.51,11730.00,0,0,0.0000
10295,74.19,13007.63,NaN,NaN,NaN
10296,508.21,13161.02,0,0,0.0000
10297,413.61,12789.07,0,0,0.0000
10298,110.37,12821.24,NaN,NaN,NaN
10299,522.67,12944.02,NaN,NaN,NaN
10300,189.16,13094.24,NaN,NaN,NaN
10301,607.18,13162.01,2,4,2.0000
10302,215.63,12971.30,NaN,NaN,NaN
10303,305.45,13183.03,NaN,NaN,NaN
10304,316.64,12988.26,NaN,NaN,NaN
10305,181.11,12794.60,2,2,0.0000
10306,241.88,12763.34,3,2,0.0000
10307,293.70,12716.53,2,5,2.5000
10308,379.24,13088.39,NaN,NaN,NaN
10309,440.58,12968.47,NaN,NaN,NaN
10310,363.99,12861.37,NaN,NaN,NaN
10311,105.02,13094.03,NaN,NaN,NaN
10312,516.17,13103.33,NaN,NaN,NaN
10313,337.39,12656.57,2,1,0.0000
10314,360.81,13140.86,3,3,0.0000
10315,144.48,13152.81,NaN,NaN,NaN
10316,478.64,12888.71,NaN,NaN,NaN
10317,155.03,12999.58,0,0,0.0000
10318,518.53,12789.99,NaN,NaN,NaN
10319,266.37,12946.40,NaN,NaN,NaN
10320,269.80,12896.80,3,6,2.0000
10321,557.09,13028.37,NaN,NaN,NaN
10322,282.84,12835.79,NaN,NaN,NaN
10323,196.63,12883.37,3,5,0.0000
10324,482.67,13027.12,NaN,NaN,NaN
10325,359.32,13020.60,NaN,NaN,NaN
10326,47.98,12906.45,3,5,0.0000
10327,255.17,13071.54,2,3,0.0000
10328,316.88,12778.49,2,1,0.0000
10329,435.69,13041.74,3,2,0.0000
10330,425.21,13167.83,NaN,NaN,NaN
10331,228.70,13141.02,NaN,NaN,NaN
10332,467.76,12630.80,3,3,0.0000
10333,519.29,12672.94,NaN,NaN,NaN
10334,766.44,12466.93,0,0,0.0000
10335,393.23,12944.58,2,2,0.0000
10336,446.12,12696.56,0,0,0.0000
10337,393.68,13043.95,NaN,NaN,NaN
10338,116.87,12883.09,2,5,2.5000
10339,473.47,12735.49,3,3,0.0000
10340,57.72,12862.42,0,0,0.0000
10341,321.33,12893.60,NaN,NaN,NaN
10342,557.36,12816.38,0,0,0.0000
10343,587.90,13090.56,NaN,NaN,NaN
10344,419.30,12863.14,2,3,0.0000
10345,514.76,13048.46,NaN,NaN,NaN
10346,117.55,13028.46,NaN,NaN,NaN
10347,356.62,12936.30,0,0,0.0000
10348,577.42,12747.70,3,5,0.0000
10349,1145.93,12930.13,2,3,0.0000
10350,1155.13,12673.17,NaN,NaN,NaN
10351,1031.56,12696.18,NaN,NaN,NaN
10352,1243.91,12893.23,2,2,0.0000
10353,928.97,12629.54,3,1,0.0000
10354,1147.81,12806.89,NaN,NaN,NaN
10355,1250.25,12654.77,0,0,0.0000
10356,1020.04,12855.93,NaN,NaN,NaN
10357,1236.94,12810.47,2,2,0.0000
10358,1291.72,12836.63,3,3,0.0000
10359,1046.02,12571.64,2,5,2.5000
10360,959.42,12802.53,2,2,0.0000
10361,1219.56,12596.18,2,5,2.5000
10362,1146.45,12570.33,3,4,0.0000
10363,1236.12,12741.30,0,0,0.0000
10364,1093.83,12985.09,NaN,NaN,NaN
10365,1075.15,12821.87,2,4,2.0000
10366,1046.38,12938.56,0,0,0.0000
10367,1105.20,12417.27,NaN,NaN,NaN
10368,1017.63,12776.05,2,2,0.0000
10369,1194.63,12530.47,5,4,0.0000
10370,990.39,12589.69,0,0,0.0000
10371,1081.72,12768.92,0,0,0.0000
10372,1092.35,12692.02,0,0,0.0000
10373,1245.84,12931.89,NaN,NaN,NaN
10374,3197.20,12812.84,2,3,0.0000
10375,2991.87,13063.29,4,7,0.0000
10376,3139.69,12952.97,NaN,NaN,NaN
10377,2912.36,12889.09,NaN,NaN,NaN
10378,2867.33,12439.98,0,0,0.0000
10379,3095.34,12476.04,3,4,0.0000
10380,3002.72,12938.53,0,0,0.0000
10381,3051.76,12754.94,NaN,NaN,NaN
10382,2973.99,13148.91,NaN,NaN,NaN
10383,2914.92,12526.75,NaN,NaN,NaN
10384,2736.76,12481.37,NaN,NaN,NaN
10385,2827.82,12496.42,0,0,0.0000
10386,3113.77,12695.42,2,4,2.0000
10387,2926.17,12772.50,NaN,NaN,NaN
10388,2752.41,12584.82,4,8,2.0000
10389,3152.85,13107.21,0,0,0.0000
10390,3187.11,13040.06,6,14,2.3333
10391,3089.36,12608.17,NaN,NaN,NaN
10392,3023.84,12469.90,NaN,NaN,NaN
10393,2771.16,12423.55,0,0,0.0000
10394,3112.59,13173.68,0,0,0.0000
10395,2956.85,12625.46,NaN,NaN,NaN
10396,2777.41,12641.46,0,0,0.0000
10397,3050.77,12999.74,NaN,NaN,NaN
10398,2886.50,12594.51,2,1,0.0000
10399,2833.87,12709.64,NaN,NaN,NaN
10400,2885.96,12805.57,0,0,0.0000
10401,3100.06,12810.58,3,5,0.0000
10402,3083.39,12891.27,0,0,0.0000
10403,2976.20,12853.19,0,0,0.0000
10404,3081.81,13071.61,NaN,NaN,NaN
10405,2986.04,12775.42,NaN,NaN,NaN
10406,2788.30,12689.61,NaN,NaN,NaN
10407,2889.07,12698.77,0,0,0.0000
10408,3139.44,12524.24,NaN,NaN,NaN
10409,2862.40,12646.27,NaN,NaN,NaN
10410,2944.49,12679.69,0,0,0.0000
10411,2903.27,12995.74,0,0,0.0000
10412,2867.46,12921.42,2,4,2.0000
10413,2830.86,12600.36,NaN,NaN,NaN
10414,2963.85,12719.78,2,2,0.0000
10415,3160.26,12550.88,NaN,NaN,NaN
10416,3048.14,13136.32,NaN,NaN,NaN
10417,2673.37,12489.69,NaN,NaN,NaN
10418,2968.44,12582.03,0,0,0.0000
10419,2709.19,12539.87,NaN,NaN,NaN
10420,3161.99,12447.33,2,3,0.0000
10421,3007.93,12676.99,NaN,NaN,NaN
10422,3153.81,12730.44,0,0,0.0000
10423,3041.66,12845.23,0,0,0.0000
10424,3063.70,12646.16,2,4,2.0000
10425,2804.62,12549.24,NaN,NaN,NaN
10426,3043.45,12678.17,NaN,NaN,NaN
10427,3063.92,12420.15,3,3,0.0000
10428,2957.82,12462.76,NaN,NaN,NaN
10429,3012.84,12603.31,0,0,0.0000
10430,2971.82,12910.81,0,0,0.0000
10431,2983.12,12446.19,0,0,0.0000
10432,3322.37,12954.88,0,0,0.0000
10433,3517.12,12949.93,0,0,0.0000
10434,3830.42,12859.52,NaN,NaN,NaN
10435,3433.19,12429.08,3,3,0.0000
10436,3518.98,13156.06,2,3,0.0000
10437,3916.99,12909.54,2,4,2.0000
10438,3225.48,12599.36,NaN,NaN,NaN
10439,3967.12,13115.85,NaN,NaN,NaN
10440,3700.92,12498.39,NaN,NaN,NaN
10441,3471.64,12656.90,2,5,2.5000
10442,3404.54,12605.05,0,0,0.0000
10443,3760.31,13118.81,NaN,NaN,NaN
10444,3573.50,12684.73,NaN,NaN,NaN
10445,3343.51,12535.17,NaN,NaN,NaN
10446,3517.11,12484.64,2,2,0.0000
10447,3555.47,12847.22,NaN,NaN,NaN
10448,3709.31,12637.89,NaN,NaN,NaN
10449,3781.87,12603.32,NaN,NaN,NaN
10450,3907.46,12540.92,2,3,0.0000
10451,3584.70,12599.50,2,4,2.0000
10452,3573.78,13052.24,2,3,0.0000
10453,3686.93,12780.89,0,0,0.0000
10454,3715.01,13054.17,0,0,0.0000
10455,3635.97,13068.87,0,0,0.0000
10456,3236.57,12482.13,NaN,NaN,NaN
10457,3283.90,13180.86,0,0,0.0000
10458,3681.85,12422.84,2,1,0.0000
10459,3381.02,12838.55,0,0,0.0000
10460,3249.63,12700.02,NaN,NaN,NaN
10461,3816.65,12555.85,NaN,NaN,NaN
10462,3361.14,12628.02,NaN,NaN,NaN
10463,3890.46,13142.25,3,4,0.0000
10464,3626.38,12782.10,2,2,0.0000
10465,3765.36,12925.14,NaN,NaN,NaN
10466,3422.76,13073.66,NaN,NaN,NaN
10467,3325.98,12663.79,NaN,NaN,NaN
10468,3782.30,12450.45,0,0,0.0000
10469,3525.18,12748.64,2,4,2.0000
10470,3648.08,12898.34,NaN,NaN,NaN
10471,3260.56,13046.18,NaN,NaN,NaN
10472,3632.84,13173.92,0,0,0.0000
10473,3292.61,13103.47,2,3,0.0000
10474,3819.02,12748.39,0,0,0.0000
10475,3439.17,12779.25,NaN,NaN,NaN
10476,3626.04,12486.53,0,0,0.0000
10477,3788.77,12686.20,0,0,0.0000
10478,3731.05,12988.43,NaN,NaN,NaN
10479,3904.10,12738.81,0,0,0.0000
10480,3421.35,12894.18,NaN,NaN,NaN
10481,3352.22,13135.65,NaN,NaN,NaN
10482,3465.10,12737.55,NaN,NaN,NaN
10483,3458.41,12837.54,NaN,NaN,NaN
10484,3910.59,12419.38,0,0,0.0000
10485,3732.29,12834.44,2,8,4.0000
10486,3932.79,12485.70,NaN,NaN,NaN
10487,3692.71,12925.00,0,0,0.0000
10488,3941.40,12695.66,NaN,NaN,NaN
10489,3206.04,13141.81,0,0,0.0000
10490,3464.66,13113.29,NaN,NaN,NaN
10491,3882.50,13011.35,NaN,NaN,NaN
10492,3868.02,12609.64,NaN,NaN,NaN
10493,3813.04,13111.05,0,0,0.0000
10494,3355.92,13076.47,0,0,0.0000
10495,3212.86,12671.97,0,0,0.0000
10496,3507.89,12546.76,0,0,0.0000
10497,3670.55,12704.08,NaN,NaN,NaN
10498,3441.86,12545.07,0,0,0.0000
10499,3678.65,13122.83,0,0,0.0000
10500,3370.92,12715.52,NaN,NaN,NaN
10501,3846.02,13059.89,NaN,NaN,NaN
10502,3592.65,12455.87,NaN,NaN,NaN
10503,3649.11,12605.51,0,0,0.0000
10504,3939.42,13038.35,NaN,NaN,NaN
10505,3551.87,12424.07,NaN,NaN,NaN
10506,3857.04,12980.40,2,4,2.0000
10507,3905.47,12625.26,2,3,0.0000
10508,3873.77,12696.97,0,0,0.0000
10509,3288.50,12614.88,NaN,NaN,NaN
10510,3358.88,12754.00,NaN,NaN,NaN
10511,3298.71,12732.22,0,0,0.0000
10512,3302.22,12826.93,0,0,0.0000
10513,3681.38,12975.42,0,0,0.0000
10514,3792.56,13009.84,2,3,0.0000
10515,3281.36,12796.94,NaN,NaN,NaN
10516,3312.16,12763.74,0,0,0.0000
10517,3634.48,12960.97,NaN,NaN,NaN
10518,4206.65,12805.41,3,7,2.3333
10519,4273.38,12679.71,NaN,NaN,NaN
10520,4030.30,12737.60,NaN,NaN,NaN
10521,4196.17,12580.02,NaN,NaN,NaN
10522,4336.62,12952.10,4,3,0.0000
10523,4490.10,12565.00,0,0,0.0000
10524,4201.84,13029.94,NaN,NaN,NaN
10525,3972.83,12627.96,2,3,0.0000
10526,4407.37,12688.24,2,4,2.0000
10527,4089.20,12489.21,NaN,NaN,NaN
10528,4579.04,12427.33,4,7,0.0000
10529,4410.35,12514.67,0,0,0.0000
10530,4405.31,12855.83,5,7,0.0000
10531,4350.36,12749.91,2,6,3.0000
10532,3990.58,12538.08,0,0,0.0000
10533,4242.62,13096.92,4,7,0.0000
10534,4239.35,12457.31,3,5,0.0000
10535,4118.45,12625.64,NaN,NaN,NaN
10536,4027.82,12482.71,NaN,NaN,NaN
10537,4045.56,12624.49,NaN,NaN,NaN
10538,4044.76,12840.27,NaN,NaN,NaN
10539,4482.11,12680.97,NaN,NaN,NaN
10540,4128.64,12425.66,2,3,0.0000
10541,4148.03,12907.05,NaN,NaN,NaN
10542,4232.92,12934.95,NaN,NaN,NaN
10543,4323.45,12548.14,4,5,0.0000
10544,3972.41,12836.94,NaN,NaN,NaN
10545,3974.07,12980.17,2,4,2.0000
10546,4316.69,12477.60,NaN,NaN,NaN
10547,4024.27,12912.29,5,8,0.0000
10548,4422.43,12786.08,NaN,NaN,NaN
10549,4139.43,12995.55,3,3,0.0000
10550,4251.22,13176.82,NaN,NaN,NaN
10551,4342.24,13093.20,NaN,NaN,NaN
10552,4162.50,12690.35,2,5,2.5000
10553,4101.35,12785.63,NaN,NaN,NaN
10554,4588.09,13053.35,NaN,NaN,NaN
10555,4367.33,12422.19,0,0,0.0000
10556,4589.80,12815.28,NaN,NaN,NaN
10557,4336.84,12854.14,NaN,NaN,NaN
10558,4330.87,12429.65,2,2,0.0000
10559,4121.06,12850.26,NaN,NaN,NaN
10560,4185.81,13116.34,NaN,NaN,NaN
10561,3969.12,12456.76,0,0,0.0000
10562,4278.16,12906.46,NaN,NaN,NaN
10563,4561.81,12941.57,0,0,0.0000
10564,4286.22,12869.85,0,0,0.0000
10565,4033.27,13079.79,0,0,0.0000
10566,4079.19,12569.89,0,0,0.0000
10567,4591.74,13129.57,NaN,NaN,NaN
10568,4676.11,12445.08,NaN,NaN,NaN
10569,4329.47,12637.29,NaN,NaN,NaN
10570,5080.52,13091.79,NaN,NaN,NaN
10571,5493.65,12672.07,NaN,NaN,NaN
10572,4937.85,13035.11,NaN,NaN,NaN
10573,5340.86,13178.21,NaN,NaN,NaN
10574,5366.07,12698.92,2,1,0.0000
10575,4945.28,12444.42,3,3,0.0000
10576,5372.86,12803.74,NaN,NaN,NaN
10577,5352.71,12578.31,0,0,0.0000
10578,5447.25,12505.41,NaN,NaN,NaN
10579,5386.05,12914.31,NaN,NaN,NaN
10580,4854.26,13057.96,NaN,NaN,NaN
10581,5258.44,12600.85,2,5,2.5000
10582,5489.31,13044.44,NaN,NaN,NaN
10583,5288.20,12897.98,NaN,NaN,NaN
10584,5311.44,12445.58,2,2,0.0000
10585,4957.96,13159.68,0,0,0.0000
10586,5229.14,12462.31,2,2,0.0000
10587,5294.77,12981.61,NaN,NaN,NaN
10588,5313.10,13059.63,0,0,0.0000
10589,5285.03,12786.24,NaN,NaN,NaN
10590,5067.88,12959.34,0,0,0.0000
10591,5184.67,12836.74,NaN,NaN,NaN
10592,5222.77,13087.41,NaN,NaN,NaN
10593,5063.85,12857.84,NaN,NaN,NaN
10594,5380.09,13000.02,NaN,NaN,NaN
10595,5287.46,12676.13,NaN,NaN,NaN
10596,5439.46,12864.51,NaN,NaN,NaN
10597,4850.96,13129.51,0,0,0.0000
10598,5181.37,12745.67,NaN,NaN,NaN
10599,4891.83,12508.18,NaN,NaN,NaN
10600,5124.16,12802.88,3,9,3.0000
10601,5163.06,12907.12,NaN,NaN,NaN
10602,5139.77,13183.47,2,5,2.5000
10603,5468.29,12967.98,NaN,NaN,NaN
10604,5185.38,12998.02,0,0,0.0000
10605,5392.33,12485.93,NaN,NaN,NaN
10606,4940.49,12928.40,2,1,0.0000
10607,4902.87,13154.91,NaN,NaN,NaN
10608,5008.97,12987.11,0,0,0.0000
10609,5259.15,13169.27,0,0,0.0000
10610,5234.88,12785.20,NaN,NaN,NaN
10611,4798.82,12998.36,NaN,NaN,NaN
10612,5104.18,12926.70,0,0,0.0000
10613,5235.62,12713.51,NaN,NaN,NaN
10614,5005.72,12872.88,0,0,0.0000
10615,5148.59,12420.94,0,0,0.0000
10616,4822.22,13183.63,NaN,NaN,NaN
10617,5241.61,12936.40,0,0,0.0000
10618,5125.23,12870.38,2,2,0.0000
10619,5408.65,12601.34,NaN,NaN,NaN
10620,5492.17,13138.14,0,0,0.0000
10621,5224.43,13163.28,NaN,NaN,NaN
10622,5189.69,12643.54,NaN,NaN,NaN
10623,5452.31,12428.14,2,3,0.0000
10624,5132.46,12958.99,NaN,NaN,NaN
10625,4967.45,12511.70,0,0,0.0000
10626,5589.69,13077.77,2,1,0.0000
10627,5850.02,12998.96,NaN,NaN,NaN
10628,5540.96,12580.92,NaN,NaN,NaN
10629,5935.79,13169.13,2,1,0.0000
10630,5560.78,12941.99,NaN,NaN,NaN
10631,5936.35,13067.74,0,0,0.0000
10632,5513.99,12834.79,0,0,0.0000
10633,5779.65,12812.39,2,5,2.5000
10634,5729.59,13076.23,NaN,NaN,NaN
10635,5639.12,12764.14,NaN,NaN,NaN
10636,5783.56,12924.73,3,6,2.0000
10637,5768.67,13134.51,0,0,0.0000
10638,5895.60,12862.93,0,0,0.0000
10639,5598.83,12820.61,NaN,NaN,NaN
10640,5678.19,12960.03,NaN,NaN,NaN
10641,5941.82,12944.11,NaN,NaN,NaN
10642,5637.14,12898.19,0,0,0.0000
10643,5697.22,12858.30,2,2,0.0000
10644,5589.01,12531.95,NaN,NaN,NaN
10645,5674.90,13150.49,0,0,0.0000
10646,6001.15,13014.44,NaN,NaN,NaN
10647,5927.84,12995.74,2,5,2.5000
10648,5649.02,12582.98,0,0,0.0000
10649,5720.95,13006.46,2,4,2.0000
10650,5704.78,12696.07,NaN,NaN,NaN
10651,5808.56,12691.65,0,0,0.0000
10652,6010.84,13108.22,NaN,NaN,NaN
10653,5692.77,12746.54,NaN,NaN,NaN
10654,5632.50,12643.54,0,0,0.0000
10655,5733.32,12910.60,NaN,NaN,NaN
10656,5706.42,12643.76,NaN,NaN,NaN
10657,5838.87,12801.54,0,0,0.0000
10658,5746.97,12731.77,NaN,NaN,NaN
10659,6319.08,13101.27,NaN,NaN,NaN
10660,6399.63,13171.31,NaN,NaN,NaN
10661,6625.20,12496.90,2,4,2.0000
10662,6365.13,13093.79,NaN,NaN,NaN
10663,6564.23,12458.77,0,0,0.0000
10664,7463.65,12768.32,3,8,2.6667
10665,7682.28,12668.11,NaN,NaN,NaN
10666,7290.76,12609.49,0,0,0.0000
10667,7365.28,12675.13,NaN,NaN,NaN
10668,7470.74,12903.13,NaN,NaN,NaN
10669,7425.27,12978.86,NaN,NaN,NaN
10670,7679.67,12850.68,NaN,NaN,NaN
10671,7721.71,13025.50,0,0,0.0000
10672,7600.05,12528.57,3,6,2.0000
10673,7625.76,13107.19,3,5,0.0000
10674,7586.44,12810.88,0,0,0.0000
10675,7661.17,12768.48,0,0,0.0000
10676,7577.57,12902.30,0,0,0.0000
10677,7528.63,12656.04,NaN,NaN,NaN
10678,7398.72,12479.87,NaN,NaN,NaN
10679,7401.59,12882.26,2,2,0.0000
10680,7566.33,13171.78,NaN,NaN,NaN
10681,7342.25,12524.48,NaN,NaN,NaN
10682,7431.83,12674.54,3,5,0.0000
10683,7691.26,12936.03,NaN,NaN,NaN
10684,7468.42,12537.23,NaN,NaN,NaN
10685,7450.90,12592.25,0,0,0.0000
10686,7289.46,12513.13,NaN,NaN,NaN
10687,7668.77,13021.87,NaN,NaN,NaN
10688,7586.98,12736.42,2,4,2.0000
10689,7639.73,12708.80,NaN,NaN,NaN
10690,7351.93,12595.16,4,4,0.0000
10691,7518.84,12808.52,0,0,0.0000
10692,7733.74,13152.13,NaN,NaN,NaN
10693,7623.60,12951.85,NaN,NaN,NaN
10694,7603.08,12607.86,NaN,NaN,NaN
10695,7376.06,12755.58,0,0,0.0000
10696,7528.98,12732.80,NaN,NaN,NaN
10697,7640.36,12590.59,NaN,NaN,NaN
10698,7671.33,13098.15,NaN,NaN,NaN
10699,7650.28,12926.04,0,0,0.0000
10700,8195.66,13111.48,0,0,0.0000
10701,8016.73,12620.19,6,3,0.0000
10702,8205.89,13036.21,2,3,0.0000
10703,8169.65,13050.69,2,2,0.0000
10704,9231.32,12451.57,NaN,NaN,NaN
10705,9275.39,12581.08,2,5,2.5000
10706,9335.99,12544.98,2,4,2.0000
10707,9311.02,12450.01,NaN,NaN,NaN
10708,9326.17,12596.55,0,0,0.0000
10709,9283.48,12495.81,NaN,NaN,NaN
10710,9198.92,12490.12,NaN,NaN,NaN
10711,9456.81,12532.83,NaN,NaN,NaN
10712,9397.36,12470.29,2,2,0.0000
10713,9404.57,12589.47,NaN,NaN,NaN
10714,9470.96,12468.73,2,3,0.0000
10715,9383.66,12538.08,0,0,0.0000
10716,10782.58,12747.24,NaN,NaN,NaN
10717,10750.88,12572.15,2,2,0.0000
10718,10834.70,12631.18,0,0,0.0000
10719,10631.67,12627.75,NaN,NaN,NaN
10720,10718.19,12683.66,NaN,NaN,NaN
10721,10685.09,12815.44,0,0,0.0000
10722,10781.41,12861.76,0,0,0.0000
10723,10583.48,12841.96,NaN,NaN,NaN
10724,10616.86,12503.90,NaN,NaN,NaN
10725,10612.71,12950.76,4,4,0.0000
10726,10729.43,12929.80,NaN,NaN,NaN
10727,10564.22,12568.75,NaN,NaN,NaN
10728,10525.32,12640.18,NaN,NaN,NaN
10729,10682.17,12973.77,0,0,0.0000
10730,10674.39,12508.99,0,0,0.0000
10731,10685.29,12746.46,0,0,0.0000
10732,10558.26,12908.71,3,3,0.0000
10733,10637.38,12886.19,2,5,2.5000
10734,10705.01,12880.79,NaN,NaN,NaN
10735,10667.02,12938.06,NaN,NaN,NaN
10736,10552.97,12947.77,NaN,NaN,NaN
10737,10807.45,12501.83,0,0,0.0000
10738,10822.99,12544.91,0,0,0.0000
10739,10717.95,12503.08,NaN,NaN,NaN
10740,10589.76,12460.33,0,0,0.0000
10741,11637.03,13111.49,0,0,0.0000
10742,11601.57,12997.16,0,0,0.0000
10743,11577.15,13081.59,0,0,0.0000
10744,11598.21,12911.93,NaN,NaN,NaN
10745,11167.59,12780.56,0,0,0.0000
10746,11538.47,12932.97,0,0,0.0000
10747,11531.14,13169.95,2,3,0.0000
10748,11358.86,12644.21,0,0,0.0000
10749,11377.15,12606.43,0,0,0.0000
10750,11856.64,13046.92,2,3,0.0000
10751,11993.66,12844.33,NaN,NaN,NaN
10752,11887.86,12784.95,4,6,0.0000
10753,12369.65,12480.02,0,0,0.0000
10754,11717.22,12879.96,NaN,NaN,NaN
10755,11811.11,12931.20,NaN,NaN,NaN
10756,12216.85,12827.09,0,0,0.0000
10757,11941.74,12529.39,NaN,NaN,NaN
10758,12240.44,13053.00,4,6,0.0000
10759,12103.84,12800.59,3,2,0.0000
10760,11915.39,13150.44,NaN,NaN,NaN
10761,12150.80,12677.58,NaN,NaN,NaN
10762,12311.63,12645.31,NaN,NaN,NaN
10763,12391.71,12597.22,NaN,NaN,NaN
10764,12117.14,12920.54,0,0,0.0000
10765,11991.32,13160.47,NaN,NaN,NaN
10766,12013.74,12639.50,NaN,NaN,NaN
10767,12069.92,12585.58,NaN,NaN,NaN
10768,12186.06,12561.74,NaN,NaN,NaN
10769,11727.35,13129.02,2,4,2.0000
10770,11833.52,12695.79,NaN,NaN,NaN
10771,11688.15,12981.79,NaN,NaN,NaN
10772,12232.99,12482.94,0,0,0.0000
10773,11777.49,12804.92,0,0,0.0000
10774,11694.91,12797.09,2,5,2.5000
10775,12182.12,13111.49,NaN,NaN,NaN
10776,12237.67,12958.96,0,0,0.0000
10777,12204.79,12747.74,0,0,0.0000
10778,11943.41,12688.60,NaN,NaN,NaN
10779,12370.48,12931.62,0,0,0.0000
10780,12076.06,13099.47,2,2,0.0000
10781,12335.38,12828.80,NaN,NaN,NaN
10782,12072.17,12460.86,0,0,0.0000
10783,12022.47,12525.65,NaN,NaN,NaN
10784,11739.40,12727.20,0,0,0.0000
10785,12126.00,12526.22,NaN,NaN,NaN
10786,11868.02,12597.68,NaN,NaN,NaN
10787,12383.52,12857.88,0,0,0.0000
10788,12157.65,12997.43,0,0,0.0000
10789,12265.22,12700.19,0,0,0.0000
10790,12168.38,12442.00,0,0,0.0000
10791,11652.97,13179.39,NaN,NaN,NaN
10792,12110.92,13155.60,NaN,NaN,NaN
10793,12005.14,12459.78,0,0,0.0000
10794,12373.96,12752.10,0,0,0.0000
10795,11932.61,12610.46,4,7,0.0000
10796,12295.80,12936.33,NaN,NaN,NaN
10797,12091.37,12998.01,NaN,NaN,NaN
10798,12098.83,12644.73,0,0,0.0000
10799,11792.02,12688.52,0,0,0.0000
10800,11902.90,12645.32,NaN,NaN,NaN
10801,12313.05,12766.91,0,0,0.0000
10802,12062.22,12878.56,NaN,NaN,NaN
10803,11738.18,13021.74,NaN,NaN,NaN
10804,11812.04,13175.23,0,0,0.0000
10805,11810.52,12564.19,NaN,NaN,NaN
10806,12073.40,13149.27,NaN,NaN,NaN
10807,12365.58,12991.22,NaN,NaN,NaN
10808,11998.04,13035.49,0,0,0.0000
10809,11949.40,13082.58,0,0,0.0000
10810,12126.09,12603.74,0,0,0.0000
10811,12717.65,12610.29,NaN,NaN,NaN
10812,12733.19,12428.95,0,0,0.0000
10813,13042.97,12515.28,0,0,0.0000
10814,13064.37,12606.35,NaN,NaN,NaN
10815,12845.14,12590.24,NaN,NaN,NaN
10816,13061.00,13133.84,0,0,0.0000
10817,12659.39,12484.32,NaN,NaN,NaN
10818,12637.38,12807.09,0,0,0.0000
10819,12853.14,12482.11,NaN,NaN,NaN
10820,12441.80,12801.29,0,0,0.0000
10821,12521.63,12790.52,0,0,0.0000
10822,12830.19,12809.60,NaN,NaN,NaN
10823,12633.18,12547.51,0,0,0.0000
10824,12425.58,12692.91,NaN,NaN,NaN
10825,12835.80,12856.93,0,0,0.0000
10826,12470.29,12546.62,NaN,NaN,NaN
10827,12578.51,12825.87,NaN,NaN,NaN
10828,12912.75,13131.00,0,0,0.0000
10829,12617.83,12717.91,2,5,2.5000
10830,12942.24,12601.95,NaN,NaN,NaN
10831,12958.74,12645.51,NaN,NaN,NaN
10832,12511.81,12482.05,NaN,NaN,NaN
10833,12493.47,12875.96,NaN,NaN,NaN
10834,12536.08,12715.91,NaN,NaN,NaN
10835,12779.29,12508.44,NaN,NaN,NaN
10836,12992.88,12425.27,NaN,NaN,NaN
10837,13022.93,12702.62,0,0,0.0000
10838,13073.87,12747.64,0,0,0.0000
10839,13123.49,12466.05,NaN,NaN,NaN
10840,13175.37,13025.97,0,0,0.0000
10841,12918.27,12450.61,0,0,0.0000
10842,12841.62,12742.63,NaN,NaN,NaN
10843,12817.93,12657.52,0,0,0.0000
10844,12511.48,12609.32,NaN,NaN,NaN
10845,12766.66,12773.54,3,7,2.3333
10846,12569.97,12587.55,0,0,0.0000
10847,13144.25,12710.94,0,0,0.0000
10848,12548.74,12662.15,2,4,2.0000
10849,12467.11,12419.46,2,4,2.0000
10850,12939.62,12525.25,0,0,0.0000
10851,12816.91,13069.42,NaN,NaN,NaN
10852,13036.55,12765.30,NaN,NaN,NaN
10853,13158.86,12427.24,3,3,0.0000
10854,13009.12,12776.47,NaN,NaN,NaN
10855,12739.37,12719.27,NaN,NaN,NaN
10856,12808.75,12442.15,NaN,NaN,NaN
10857,13576.45,13068.97,NaN,NaN,NaN
10858,13420.20,13082.45,0,0,0.0000
10859,13451.72,13004.15,0,0,0.0000
10860,13206.51,12464.93,NaN,NaN,NaN
10861,13310.29,12451.50,NaN,NaN,NaN
10862,13390.37,12885.02,3,4,0.0000
10863,13513.33,12898.69,NaN,NaN,NaN
10864,13393.90,13143.71,0,0,0.0000
10865,13510.76,13177.94,0,0,0.0000
10866,13510.65,12958.06,NaN,NaN,NaN
10867,13652.23,12998.37,0,0,0.0000
10868,13187.59,13098.65,NaN,NaN,NaN
10869,13647.57,13171.50,3,4,0.0000
10870,13617.10,13022.46,0,0,0.0000
10871,13186.98,12887.16,0,0,0.0000
10872,13684.06,13041.20,0,0,0.0000
10873,13628.62,12952.41,0,0,0.0000
10874,15409.94,12434.05,NaN,NaN,NaN
10875,15301.43,12493.32,NaN,NaN,NaN
10876,15486.93,12463.03,0,0,0.0000
10877,15365.69,12492.66,0,0,0.0000
10878,15438.22,12508.06,NaN,NaN,NaN
10879,15818.68,12473.45,NaN,NaN,NaN
10880,15877.82,12824.41,NaN,NaN,NaN
10881,15707.43,12464.19,NaN,NaN,NaN
10882,16028.54,12767.44,0,0,0.0000
10883,16257.09,13036.64,NaN,NaN,NaN
10884,15767.13,12781.71,3,3,0.0000
10885,15752.18,12588.39,NaN,NaN,NaN
10886,16232.92,12839.07,NaN,NaN,NaN
10887,15979.47,12819.09,NaN,NaN,NaN
10888,15861.23,12704.89,NaN,NaN,NaN
10889,16330.82,13108.82,2,4,2.0000
10890,15876.49,12582.62,NaN,NaN,NaN
10891,16143.68,12452.74,NaN,NaN,NaN
10892,15982.24,12542.29,3,7,2.3333
10893,16291.06,12477.52,NaN,NaN,NaN
10894,15764.64,12695.34,0,0,0.0000
10895,16175.14,12853.15,NaN,NaN,NaN
10896,15962.00,12931.86,NaN,NaN,NaN
10897,16137.72,13074.68,NaN,NaN,NaN
10898,16095.96,12687.77,0,0,0.0000
10899,16134.91,12763.30,NaN,NaN,NaN
10900,16276.10,12585.37,NaN,NaN,NaN
10901,15594.28,12508.39,NaN,NaN,NaN
10902,16334.48,12547.86,0,0,0.0000
10903,16094.36,12908.94,NaN,NaN,NaN
10904,16082.97,12841.51,NaN,NaN,NaN
10905,16006.99,13062.65,NaN,NaN,NaN
10906,15860.85,12931.77,0,0,0.0000
10907,15681.11,12643.61,0,0,0.0000
10908,15610.37,12458.31,NaN,NaN,NaN
10909,16224.73,12959.91,NaN,NaN,NaN
10910,15541.19,12436.74,2,5,2.5000
10911,15734.93,12884.45,0,0,0.0000
10912,15602.13,12567.78,0,0,0.0000
10913,16263.64,12685.69,NaN,NaN,NaN
10914,16073.76,12478.55,NaN,NaN,NaN
10915,16266.24,12758.00,NaN,NaN,NaN
10916,16326.86,12701.35,NaN,NaN,NaN
10917,16080.49,13127.80,NaN,NaN,NaN
10918,15930.83,12683.88,NaN,NaN,NaN
10919,15995.29,13124.64,0,0,0.0000
10920,15701.75,12832.34,0,0,0.0000
10921,15936.49,12886.49,NaN,NaN,NaN
10922,16129.10,13159.47,NaN,NaN,NaN
10923,16205.49,12583.55,NaN,NaN,NaN
10924,16002.97,12687.55,0,0,0.0000
10925,16332.72,12804.58,NaN,NaN,NaN
10926,16283.09,12927.92,0,0,0.0000
10927,15678.29,12570.20,NaN,NaN,NaN
10928,15805.38,12898.95,0,0,0.0000
10929,15934.31,13003.35,0,0,0.0000
10930,15864.49,12514.62,NaN,NaN,NaN
10931,16044.21,12620.60,0,0,0.0000
10932,16165.47,12964.61,NaN,NaN,NaN
10933,16218.62,12668.53,NaN,NaN,NaN
10934,16133.78,13013.40,0,0,0.0000
10935,16266.75,13142.03,0,0,0.0000
10936,16036.47,12983.05,0,0,0.0000
10937,15613.48,12645.11,0,0,0.0000
10938,15824.46,12557.11,0,0,0.0000
10939,15655.07,12535.21,NaN,NaN,NaN
10940,15636.25,12697.49,0,0,0.0000
10941,16302.78,12846.92,0,0,0.0000
10942,15866.43,12975.79,0,0,0.0000
10943,16340.94,13005.15,0,0,0.0000
10944,15913.18,12488.38,0,0,0.0000
10945,16195.73,12717.90,0,0,0.0000
10946,16170.39,12599.90,0,0,0.0000
10947,611.33,13717.22,NaN,NaN,NaN
10948,477.78,13949.28,0,0,0.0000
10949,583.32,13899.20,NaN,NaN,NaN
10950,408.85,13805.23,2,2,0.0000
10951,502.88,13625.79,0,0,0.0000
10952,742.48,13511.93,NaN,NaN,NaN
10953,639.54,13274.14,0,0,0.0000
10954,484.47,13491.84,2,5,2.5000
10955,402.62,13690.00,NaN,NaN,NaN
10956,717.60,13306.71,0,0,0.0000
10957,580.30,13576.67,0,0,0.0000
10958,610.91,13223.24,NaN,NaN,NaN
10959,671.76,13626.20,0,0,0.0000
10960,552.44,13817.02,NaN,NaN,NaN
10961,387.13,13209.03,2,3,0.0000
10962,814.98,13375.56,0,0,0.0000
10963,345.68,13273.18,0,0,0.0000
10964,257.28,13257.79,NaN,NaN,NaN
10965,441.21,13252.38,3,4,0.0000
10966,618.67,13380.31,NaN,NaN,NaN
10967,420.36,13619.27,3,4,0.0000
10968,39.75,13803.78,NaN,NaN,NaN
10969,722.72,13857.40,0,0,0.0000
10970,234.69,13327.11,0,0,0.0000
10971,479.21,13414.49,NaN,NaN,NaN
10972,750.34,13612.02,0,0,0.0000
10973,518.90,13736.32,2,4,2.0000
10974,377.52,13397.93,NaN,NaN,NaN
10975,521.01,13556.11,0,0,0.0000
10976,338.59,13711.03,NaN,NaN,NaN
10977,770.94,13806.77,0,0,0.0000
10978,836.08,13764.28,0,0,0.0000
10979,150.25,13211.49,NaN,NaN,NaN
10980,405.75,13304.45,NaN,NaN,NaN
10981,698.30,13940.60,NaN,NaN,NaN
10982,640.54,13935.55,0,0,0.0000
10983,721.40,13777.66,NaN,NaN,NaN
10984,666.03,13790.16,0,0,0.0000
10985,350.39,13597.16,NaN,NaN,NaN
10986,777.16,13297.57,NaN,NaN,NaN
10987,784.26,13880.17,NaN,NaN,NaN
10988,189.64,13239.76,2,2,0.0000
10989,895.41,13827.77,NaN,NaN,NaN
10990,380.79,13558.32,NaN,NaN,NaN
10991,873.21,13523.80,NaN,NaN,NaN
10992,62.73,13576.59,NaN,NaN,NaN
10993,245.57,13185.36,NaN,NaN,NaN
10994,509.53,13872.12,NaN,NaN,NaN
10995,816.95,13501.22,NaN,NaN,NaN
10996,874.03,13603.77,2,4,2.0000
10997,392.76,13866.76,NaN,NaN,NaN
10998,570.10,13491.57,2,2,0.0000
10999,892.62,13945.30,NaN,NaN,NaN
11000,557.32,13398.32,NaN,NaN,NaN
11001,681.67,13413.33,NaN,NaN,NaN
11002,534.87,13233.36,NaN,NaN,NaN
11003,657.02,13451.94,NaN,NaN,NaN
11004,655.18,13336.87,3,6,2.0000
11005,54.24,13490.87,0,0,0.0000
11006,95.05,13681.91,NaN,NaN,NaN
11007,343.77,13526.70,0,0,0.0000
11008,654.65,13510.15,NaN,NaN,NaN
11009,445.31,13346.79,2,2,0.0000
11010,446.94,13881.42,3,0,0.0000
11011,763.86,13735.42,2,3,0.0000
11012,573.96,13773.73,0,0,0.0000
11013,500.04,13681.82,NaN,NaN,NaN
11014,670.87,13565.44,NaN,NaN,NaN
11015,506.29,13351.57,NaN,NaN,NaN
11016,218.95,13285.23,NaN,NaN,NaN
11017,415.23,13512.01,NaN,NaN,NaN
11018,801.31,13601.49,0,0,0.0000
11019,829.65,13670.82,2,3,0.0000
11020,801.73,13427.49,NaN,NaN,NaN
11021,688.31,13678.83,0,0,0.0000
11022,749.19,13384.99,NaN,NaN,NaN
11023,839.93,13951.10,0,0,0.0000
11024,847.66,13468.52,0,0,0.0000
11025,474.33,13209.85,2,3,0.0000
11026,795.03,13933.49,0,0,0.0000
11027,587.21,13330.47,NaN,NaN,NaN
11028,780.15,13700.42,NaN,NaN,NaN
11029,326.03,13412.05,0,0,0.0000
11030,443.37,13558.67,2,3,0.0000
11031,634.47,13854.46,2,2,0.0000
11032,734.78,13436.19,NaN,NaN,NaN
11033,550.13,13332.73,3,4,0.0000
11034,750.90,13240.13,NaN,NaN,NaN
11035,838.77,13822.81,0,0,0.0000
11036,63.75,13439.56,NaN,NaN,NaN
11037,317.48,13492.90,0,0,0.0000
11038,609.45,13615.27,NaN,NaN,NaN
11039,611.85,13525.69,NaN,NaN,NaN
11040,444.77,13676.39,0,0,0.0000
11041,465.57,13772.99,0,0,0.0000
11042,467.20,13836.49,2,2,0.0000
11043,877.41,13420.59,NaN,NaN,NaN
11044,701.16,13385.57,NaN,NaN,NaN
11045,788.35,13651.42,0,0,0.0000
11046,724.56,13571.27,0,0,0.0000
11047,362.38,13468.56,4,4,0.0000
11048,878.24,13907.80,NaN,NaN,NaN
11049,617.26,13463.07,0,0,0.0000
11050,870.28,13722.21,NaN,NaN,NaN
11051,838.79,13868.73,0,0,0.0000
11052,615.15,13663.80,0,0,0.0000
11053,713.08,13469.83,0,0,0.0000
11054,408.74,13756.57,NaN,NaN,NaN
11055,832.45,13623.26,0,0,0.0000
11056,620.99,13815.45,NaN,NaN,NaN
11057,704.62,13727.71,0,0,0.0000
11058,362.13,13345.35,0,0,0.0000
11059,824.78,13716.53,NaN,NaN,NaN
11060,500.65,13258.64,NaN,NaN,NaN
11061,435.77,13382.14,0,0,0.0000
11062,821.31,13564.24,NaN,NaN,NaN
11063,773.92,13437.62,0,0,0.0000
11064,413.08,13427.80,0,0,0.0000
11065,799.11,13538.79,0,0,0.0000
11066,724.90,13687.01,0,0,0.0000
11067,1310.83,13764.69,3,5,0.0000
11068,1397.37,13737.34,3,5,0.0000
11069,1119.99,13902.18,NaN,NaN,NaN
11070,1320.85,13658.21,NaN,NaN,NaN
11071,937.62,13748.02,NaN,NaN,NaN
11072,1197.05,13782.81,0,0,0.0000
11073,1096.53,13707.89,3,6,2.0000
11074,1132.44,13815.89,0,0,0.0000
11075,902.99,13667.99,2,3,0.0000
11076,1208.12,13925.97,NaN,NaN,NaN
11077,1268.03,13887.93,2,2,0.0000
11078,1147.76,13686.16,2,4,2.0000
11079,1087.35,13574.71,NaN,NaN,NaN
11080,1448.75,13641.80,2,4,2.0000
11081,1244.04,13826.50,NaN,NaN,NaN
11082,1411.60,13810.39,NaN,NaN,NaN
11083,1481.03,13725.47,NaN,NaN,NaN
11084,1032.51,13731.27,0,0,0.0000
11085,1220.88,13637.63,2,4,2.0000
11086,994.52,13803.96,NaN,NaN,NaN
11087,1538.20,13652.45,2,1,0.0000
11088,944.75,13890.47,2,3,0.0000
11089,1017.47,13576.17,4,3,0.0000
11090,1343.59,13860.19,0,0,0.0000
11091,940.15,13405.97,2,3,0.0000
11092,1216.39,13714.18,NaN,NaN,NaN
11093,952.11,13609.53,NaN,NaN,NaN
11094,1079.92,13794.80,NaN,NaN,NaN
11095,946.61,13509.46,NaN,NaN,NaN
11096,1619.03,13843.56,NaN,NaN,NaN
11097,1255.42,13683.44,NaN,NaN,NaN
11098,999.00,13502.78,NaN,NaN,NaN
11099,1033.42,13881.79,NaN,NaN,NaN
11100,1586.04,13780.13,NaN,NaN,NaN
11101,1361.18,13628.38,NaN,NaN,NaN
11102,927.09,13453.21,NaN,NaN,NaN
11103,1532.08,13580.60,0,0,0.0000
11104,967.39,13670.26,0,0,0.0000
11105,1312.15,13922.43,0,0,0.0000
11106,1062.82,13620.81,NaN,NaN,NaN
11107,1544.51,13725.44,2,2,0.0000
11108,1010.05,13845.96,NaN,NaN,NaN
11109,964.02,13558.86,NaN,NaN,NaN
11110,998.03,13896.22,0,0,0.0000
11111,1076.65,13851.82,2,2,0.0000
11112,948.04,13824.78,0,0,0.0000
11113,915.89,13557.31,NaN,NaN,NaN
11114,1529.53,13769.48,0,0,0.0000
11115,1723.16,13912.64,2,1,0.0000
11116,3142.26,13291.94,NaN,NaN,NaN
11117,3010.21,13255.70,0,0,0.0000
11118,3092.54,13360.61,NaN,NaN,NaN
11119,3075.02,13276.61,NaN,NaN,NaN
11120,2518.58,13891.72,0,0,0.0000
11121,3090.99,13440.89,NaN,NaN,NaN
11122,3122.96,13519.10,NaN,NaN,NaN
11123,3152.35,13385.45,0,0,0.0000
11124,2481.62,13842.98,2,1,0.0000
11125,3034.45,13204.20,0,0,0.0000
11126,3172.95,13234.47,3,3,0.0000
11127,3048.47,13327.53,0,0,0.0000
11128,3052.17,13391.54,NaN,NaN,NaN
11129,3015.85,13315.92,0,0,0.0000
11130,3164.86,13186.25,0,0,0.0000
11131,3889.54,13590.28,NaN,NaN,NaN
11132,3510.54,13675.91,NaN,NaN,NaN
11133,3627.05,13263.90,0,0,0.0000
11134,3286.31,13371.94,NaN,NaN,NaN
11135,3703.83,13861.44,NaN,NaN,NaN
11136,3788.05,13415.23,NaN,NaN,NaN
11137,3583.88,13788.79,NaN,NaN,NaN
11138,3741.76,13273.11,NaN,NaN,NaN
11139,3508.73,13584.44,0,0,0.0000
11140,3725.50,13729.19,2,6,3.0000
11141,3599.80,13723.34,NaN,NaN,NaN
11142,3912.50,13945.84,0,0,0.0000
11143,3496.32,13489.66,NaN,NaN,NaN
11144,3715.42,13652.40,NaN,NaN,NaN
11145,3822.06,13185.22,4,6,0.0000
11146,3927.75,13303.78,0,0,0.0000
11147,3696.34,13769.42,NaN,NaN,NaN
11148,3583.71,13517.16,0,0,0.0000
11149,3600.27,13337.65,NaN,NaN,NaN
11150,3542.35,13217.23,3,3,0.0000
11151,3336.50,13221.77,2,5,2.5000
11152,3889.08,13229.75,NaN,NaN,NaN
11153,3386.99,13276.82,NaN,NaN,NaN
11154,3433.49,13457.25,NaN,NaN,NaN
11155,3562.87,13867.50,0,0,0.0000
11156,3856.08,13301.96,2,3,0.0000
11157,3715.75,13433.74,NaN,NaN,NaN
11158,3506.24,13306.24,0,0,0.0000
11159,3883.29,13437.19,NaN,NaN,NaN
11160,3846.28,13708.41,0,0,0.0000
11161,3931.98,13709.50,NaN,NaN,NaN
11162,3827.69,13494.46,0,0,0.0000
11163,3302.41,13490.80,0,0,0.0000
11164,3676.52,13594.93,0,0,0.0000
11165,3665.13,13935.90,NaN,NaN,NaN
11166,3432.17,13395.24,NaN,NaN,NaN
11167,3469.95,13783.33,NaN,NaN,NaN
11168,3893.91,13870.45,NaN,NaN,NaN
11169,3952.79,13827.09,0,0,0.0000
11170,3281.30,13574.20,NaN,NaN,NaN
11171,3798.69,13884.57,3,3,0.0000
11172,3646.54,13410.42,0,0,0.0000
11173,3635.54,13457.14,0,0,0.0000
11174,3824.68,13341.02,NaN,NaN,NaN
11175,3556.69,13445.98,0,0,0.0000
11176,3348.05,13564.71,NaN,NaN,NaN
11177,3286.56,13671.69,0,0,0.0000
11178,3220.02,13290.38,NaN,NaN,NaN
11179,3500.94,13857.64,NaN,NaN,NaN
11180,3731.44,13495.04,NaN,NaN,NaN
11181,3788.98,13689.18,NaN,NaN,NaN
11182,3438.40,13713.06,NaN,NaN,NaN
11183,3226.31,13213.52,0,0,0.0000
11184,3456.52,13317.94,NaN,NaN,NaN
11185,3419.55,13591.61,3,5,0.0000
11186,3542.54,13943.15,NaN,NaN,NaN
11187,3716.34,13539.05,NaN,NaN,NaN
11188,3352.83,13628.92,0,0,0.0000
11189,3422.78,13651.22,NaN,NaN,NaN
11190,3819.48,13808.99,3,6,2.0000
11191,3390.94,13190.06,NaN,NaN,NaN
11192,3362.48,13494.95,NaN,NaN,NaN
11193,3371.60,13747.52,0,0,0.0000
11194,3773.35,13556.60,2,6,3.0000
11195,3208.47,13378.36,NaN,NaN,NaN
11196,3632.20,13589.89,0,0,0.0000
11197,3614.44,13873.21,NaN,NaN,NaN
11198,3428.74,13539.34,2,3,0.0000
11199,3346.98,13333.48,NaN,NaN,NaN
11200,3212.31,13529.87,NaN,NaN,NaN
11201,3826.27,13764.53,NaN,NaN,NaN
11202,3407.17,13334.50,0,0,0.0000
11203,3853.88,13920.22,3,3,0.0000
11204,3699.33,13204.29,0,0,0.0000
11205,3891.08,13823.07,NaN,NaN,NaN
11206,3606.35,13634.47,NaN,NaN,NaN
11207,3466.02,13221.17,NaN,NaN,NaN
11208,3481.37,13894.40,0,0,0.0000
11209,3794.71,13606.83,3,4,0.0000
11210,3432.47,13232.99,NaN,NaN,NaN
11211,3717.65,13359.46,4,5,0.0000
11212,3766.36,13936.86,NaN,NaN,NaN
11213,3504.74,13367.45,3,3,0.0000
11214,3208.10,13598.75,NaN,NaN,NaN
11215,3369.77,13395.91,NaN,NaN,NaN
11216,3533.71,13387.21,NaN,NaN,NaN
11217,3598.25,13945.07,0,0,0.0000
11218,3942.94,13200.00,0,0,0.0000
11219,3826.22,13562.85,0,0,0.0000
11220,3751.14,13208.53,0,0,0.0000
11221,3882.70,13771.11,NaN,NaN,NaN
11222,3235.92,13435.88,0,0,0.0000
11223,3649.41,13520.43,2,2,0.0000
11224,3992.85,13435.69,NaN,NaN,NaN
11225,4101.06,13674.70,3,4,0.0000
11226,4194.71,13931.24,NaN,NaN,NaN
11227,3999.05,13938.73,NaN,NaN,NaN
11228,4052.23,13877.22,0,0,0.0000
11229,4101.21,13478.48,2,2,0.0000
11230,4128.80,13580.59,NaN,NaN,NaN
11231,3973.72,13586.60,NaN,NaN,NaN
11232,3980.61,13768.92,NaN,NaN,NaN
11233,3996.18,13274.04,NaN,NaN,NaN
11234,4257.01,13842.78,NaN,NaN,NaN
11235,4065.68,13750.22,NaN,NaN,NaN
11236,4029.85,13813.43,2,3,0.0000
11237,4174.58,13849.59,0,0,0.0000
11238,4188.95,13643.16,NaN,NaN,NaN
11239,3998.20,13192.35,0,0,0.0000
11240,4004.40,13713.44,0,0,0.0000
11241,4285.92,13915.61,0,0,0.0000
11242,4015.45,13531.40,NaN,NaN,NaN
11243,4191.88,13737.81,NaN,NaN,NaN
11244,4156.68,13527.75,0,0,0.0000
11245,4040.49,13609.45,0,0,0.0000
11246,4160.90,13702.29,2,1,0.0000
11247,4188.90,13586.31,NaN,NaN,NaN
11248,4067.10,13535.71,0,0,0.0000
11249,4200.99,13693.87,NaN,NaN,NaN
11250,4227.56,13608.20,NaN,NaN,NaN
11251,4129.25,13748.44,NaN,NaN,NaN
11252,4226.01,13672.80,0,0,0.0000
11253,4008.91,13657.90,0,0,0.0000
11254,4230.35,13727.21,0,0,0.0000
11255,4206.43,13811.69,2,5,2.5000
11256,5453.71,13876.40,NaN,NaN,NaN
11257,5496.87,13220.02,NaN,NaN,NaN
11258,5314.54,13337.31,3,5,0.0000
11259,5179.49,13838.08,NaN,NaN,NaN
11260,5210.33,13319.95,NaN,NaN,NaN
11261,5317.27,13712.50,3,5,0.0000
11262,4924.82,13743.92,NaN,NaN,NaN
11263,5045.81,13318.79,2,4,2.0000
11264,5248.63,13418.74,NaN,NaN,NaN
11265,5020.23,13409.80,0,0,0.0000
11266,5346.96,13800.86,2,1,0.0000
11267,5408.48,13257.00,NaN,NaN,NaN
11268,5149.78,13273.25,NaN,NaN,NaN
11269,5431.14,13663.76,NaN,NaN,NaN
11270,5493.84,13588.00,NaN,NaN,NaN
11271,4961.96,13313.84,NaN,NaN,NaN
11272,4963.58,13239.32,NaN,NaN,NaN
11273,5143.12,13535.82,NaN,NaN,NaN
11274,5427.06,13495.70,0,0,0.0000
11275,5069.33,13227.60,2,4,2.0000
11276,5205.67,13589.58,2,4,2.0000
11277,4845.04,13228.95,NaN,NaN,NaN
11278,5158.72,13720.81,NaN,NaN,NaN
11279,5226.01,13902.57,NaN,NaN,NaN
11280,5411.19,13552.49,NaN,NaN,NaN
11281,5453.85,13318.55,NaN,NaN,NaN
11282,5239.07,13793.47,0,0,0.0000
11283,5235.00,13711.70,NaN,NaN,NaN
11284,5333.53,13423.62,2,5,2.5000
11285,5311.97,13855.86,NaN,NaN,NaN
11286,5356.34,13609.78,NaN,NaN,NaN
11287,4954.57,13826.69,2,5,2.5000
11288,5257.72,13480.63,NaN,NaN,NaN
11289,5142.62,13381.58,0,0,0.0000
11290,5479.55,13692.60,NaN,NaN,NaN
11291,5269.60,13607.04,2,4,2.0000
11292,5279.61,13653.81,2,5,2.5000
11293,5015.60,13678.96,NaN,NaN,NaN
11294,5098.25,13477.65,0,0,0.0000
11295,5072.77,13732.29,NaN,NaN,NaN
11296,5108.64,13594.48,0,0,0.0000
11297,5492.05,13426.66,3,4,0.0000
11298,5321.79,13479.92,3,2,0.0000
11299,5131.66,13911.41,0,0,0.0000
11300,5084.81,13649.73,4,4,0.0000
11301,4899.48,13233.27,NaN,NaN,NaN
11302,5159.45,13429.86,NaN,NaN,NaN
11303,4882.35,13306.22,NaN,NaN,NaN
11304,4932.18,13370.62,0,0,0.0000
11305,5202.38,13200.37,0,0,0.0000
11306,5009.01,13748.73,3,4,0.0000
11307,4970.80,13903.51,NaN,NaN,NaN
11308,4954.86,13689.99,2,3,0.0000
11309,4877.22,13354.76,0,0,0.0000
11310,5428.24,13594.31,0,0,0.0000
11311,5446.79,13773.66,0,0,0.0000
11312,4864.27,13918.73,NaN,NaN,NaN
11313,5293.04,13562.19,NaN,NaN,NaN
11314,4913.27,13905.19,NaN,NaN,NaN
11315,5199.18,13655.80,NaN,NaN,NaN
11316,4835.53,13280.58,0,0,0.0000
11317,5346.92,13557.41,0,0,0.0000
11318,5085.02,13394.41,0,0,0.0000
11319,5425.75,13420.59,0,0,0.0000
11320,5203.39,13502.70,NaN,NaN,NaN
11321,5156.78,13618.77,NaN,NaN,NaN
11322,5401.98,13322.96,3,6,2.0000
11323,5469.03,13376.31,0,0,0.0000
11324,5374.19,13687.31,0,0,0.0000
11325,5142.69,13655.22,NaN,NaN,NaN
11326,5403.29,13707.81,NaN,NaN,NaN
11327,5811.87,13237.67,NaN,NaN,NaN
11328,5784.02,13562.10,3,5,0.0000
11329,5965.36,13809.88,2,5,2.5000
11330,5870.17,13893.32,NaN,NaN,NaN
11331,5677.36,13698.27,NaN,NaN,NaN
11332,5709.04,13408.45,NaN,NaN,NaN
11333,5533.93,13493.86,0,0,0.0000
11334,5852.53,13754.34,0,0,0.0000
11335,5910.39,13453.52,NaN,NaN,NaN
11336,5722.33,13887.16,0,0,0.0000
11337,5552.84,13335.37,0,0,0.0000
11338,5786.87,13340.48,0,0,0.0000
11339,5916.91,13637.84,0,0,0.0000
11340,5985.68,13448.86,2,3,0.0000
11341,5905.86,13564.49,NaN,NaN,NaN
11342,5525.72,13778.81,NaN,NaN,NaN
11343,5627.85,13881.17,NaN,NaN,NaN
11344,5554.49,13895.92,NaN,NaN,NaN
11345,5585.84,13417.68,NaN,NaN,NaN
11346,5618.95,13211.52,0,0,0.0000
11347,6044.89,13467.96,NaN,NaN,NaN
11348,5726.54,13766.95,NaN,NaN,NaN
11349,6001.40,13698.66,0,0,0.0000
11350,5656.38,13350.89,NaN,NaN,NaN
11351,5987.82,13923.89,NaN,NaN,NaN
11352,6020.66,13564.99,NaN,NaN,NaN
11353,6046.26,13947.06,0,0,0.0000
11354,5780.62,13789.16,0,0,0.0000
11355,6036.14,13369.66,2,3,0.0000
11356,5597.40,13537.31,0,0,0.0000
11357,5657.43,13813.78,3,5,0.0000
11358,5600.30,13678.87,0,0,0.0000
11359,5842.43,13407.11,NaN,NaN,NaN
11360,5903.18,13346.56,0,0,0.0000
11361,5664.33,13517.82,0,0,0.0000
11362,5530.18,13628.22,0,0,0.0000
11363,5587.38,13752.59,0,0,0.0000
11364,5662.51,13593.96,NaN,NaN,NaN
11365,5779.61,13486.96,NaN,NaN,NaN
11366,5965.59,13361.33,3,5,0.0000
11367,5684.66,13868.69,3,3,0.0000
11368,5693.28,13268.98,0,0,0.0000
11369,5624.09,13311.08,2,4,2.0000
11370,5801.46,13449.00,NaN,NaN,NaN
11371,5931.50,13257.04,NaN,NaN,NaN
11372,5629.29,13618.01,0,0,0.0000
11373,6067.72,13851.66,2,2,0.0000
11374,5585.48,13622.95,0,0,0.0000
11375,5674.79,13467.11,NaN,NaN,NaN
11376,5996.76,13614.63,0,0,0.0000
11377,5706.10,13345.69,2,10,5.0000
11378,6492.94,13383.93,NaN,NaN,NaN
11379,6392.51,13293.63,NaN,NaN,NaN
11380,6450.71,13316.18,2,2,0.0000
11381,6336.25,13195.03,2,9,4.5000
11382,6450.22,13231.42,NaN,NaN,NaN
11383,7497.40,13303.77,NaN,NaN,NaN
11384,7447.46,13236.56,NaN,NaN,NaN
11385,7682.19,13186.86,4,8,2.0000
11386,7548.72,13396.54,0,0,0.0000
11387,7710.13,13268.20,NaN,NaN,NaN
11388,7573.79,13258.19,3,3,0.0000
11389,7609.35,13222.60,0,0,0.0000
11390,7574.60,13346.67,0,0,0.0000
11391,7653.65,13360.18,0,0,0.0000
11392,7641.93,13681.32,NaN,NaN,NaN
11393,7418.20,13192.87,NaN,NaN,NaN
11394,7527.29,13214.36,2,2,0.0000
11395,7502.15,13378.55,0,0,0.0000
11396,8138.12,13437.92,0,0,0.0000
11397,8201.85,13257.40,NaN,NaN,NaN
11398,8233.51,13780.96,2,5,2.5000
11399,8143.92,13536.46,0,0,0.0000
11400,8123.18,13224.61,NaN,NaN,NaN
11401,8043.45,13451.85,NaN,NaN,NaN
11402,8048.38,13677.00,NaN,NaN,NaN
11403,8195.16,13668.83,0,0,0.0000
11404,8223.37,13406.40,0,0,0.0000
11405,8103.88,13670.13,NaN,NaN,NaN
11406,8272.95,13906.23,NaN,NaN,NaN
11407,8133.50,13737.03,3,5,0.0000
11408,8214.86,13940.33,0,0,0.0000
11409,8000.67,13361.48,NaN,NaN,NaN
11410,8222.99,13598.52,NaN,NaN,NaN
11411,8171.98,13815.50,NaN,NaN,NaN
11412,7954.32,13468.33,0,0,0.0000
11413,8198.10,13870.74,NaN,NaN,NaN
11414,7998.40,13720.01,NaN,NaN,NaN
11415,8042.79,13605.99,NaN,NaN,NaN
11416,8057.60,13542.46,NaN,NaN,NaN
11417,7965.03,13751.71,NaN,NaN,NaN
11418,8110.71,13801.68,0,0,0.0000
11419,8294.58,13841.72,NaN,NaN,NaN
11420,8290.49,13781.29,2,2,0.0000
11421,8327.39,13214.12,NaN,NaN,NaN
11422,8083.40,13747.61,NaN,NaN,NaN
11423,8116.95,13330.01,NaN,NaN,NaN
11424,8103.42,13367.11,NaN,NaN,NaN
11425,8008.86,13514.79,NaN,NaN,NaN
11426,7980.89,13408.06,0,0,0.0000
11427,8122.15,13602.61,0,0,0.0000
11428,8241.03,13341.35,NaN,NaN,NaN
11429,8155.87,13333.20,NaN,NaN,NaN
11430,8258.14,13870.55,0,0,0.0000
11431,8275.09,13731.42,0,0,0.0000
11432,8030.68,13749.73,NaN,NaN,NaN
11433,8339.73,13872.05,NaN,NaN,NaN
11434,8186.73,13592.83,0,0,0.0000
11435,8045.42,13786.60,NaN,NaN,NaN
11436,7903.66,13552.97,NaN,NaN,NaN
11437,8042.92,13308.36,NaN,NaN,NaN
11438,8069.27,13823.68,NaN,NaN,NaN
11439,8138.58,13631.24,0,0,0.0000
11440,8013.74,13638.90,NaN,NaN,NaN
11441,9329.80,13681.82,0,0,0.0000
11442,9381.94,13884.70,3,1,0.0000
11443,9421.47,13811.85,2,3,0.0000
11444,9414.85,13929.92,NaN,NaN,NaN
11445,9425.73,13688.87,0,0,0.0000
11446,9495.82,13831.95,0,0,0.0000
11447,9372.91,13606.10,NaN,NaN,NaN
11448,9373.63,13653.70,0,0,0.0000
11449,9374.01,13775.40,0,0,0.0000
11450,10847.52,13635.89,NaN,NaN,NaN
11451,10290.66,13397.96,0,0,0.0000
11452,10398.41,13437.87,NaN,NaN,NaN
11453,10263.70,13324.41,NaN,NaN,NaN
11454,10189.03,13221.03,0,0,0.0000
11455,10883.70,13557.87,0,0,0.0000
11456,10939.79,13524.29,0,0,0.0000
11457,11604.79,13253.51,3,8,2.6667
11458,11638.25,13314.52,0,0,0.0000
11459,12337.35,13926.53,NaN,NaN,NaN
11460,11907.21,13251.34,NaN,NaN,NaN
11461,11802.25,13302.54,NaN,NaN,NaN
11462,12076.63,13922.82,NaN,NaN,NaN
11463,12329.69,13828.32,NaN,NaN,NaN
11464,12230.18,13899.73,NaN,NaN,NaN
11465,12271.21,13935.13,0,0,0.0000
11466,12057.65,13189.05,NaN,NaN,NaN
11467,12160.97,13920.15,0,0,0.0000
11468,11834.94,13231.95,NaN,NaN,NaN
11469,12020.36,13228.05,NaN,NaN,NaN
11470,11740.14,13318.03,0,0,0.0000
11471,11700.23,13304.78,0,0,0.0000
11472,12216.51,13836.03,0,0,0.0000
11473,12176.08,13873.24,2,2,0.0000
11474,13106.62,13488.91,NaN,NaN,NaN
11475,13022.69,13826.03,NaN,NaN,NaN
11476,13038.35,13603.75,0,0,0.0000
11477,13107.46,13203.93,0,0,0.0000
11478,12940.22,13215.21,0,0,0.0000
11479,12997.74,13316.33,NaN,NaN,NaN
11480,12861.71,13916.84,NaN,NaN,NaN
11481,12628.39,13826.72,4,7,0.0000
11482,12821.68,13599.27,2,3,0.0000
11483,12762.32,13289.82,NaN,NaN,NaN
11484,12789.08,13762.85,0,0,0.0000
11485,13149.29,13343.39,NaN,NaN,NaN
11486,12871.74,13335.05,NaN,NaN,NaN
11487,13085.53,13297.15,NaN,NaN,NaN
11488,12859.31,13511.67,0,0,0.0000
11489,12736.02,13458.15,NaN,NaN,NaN
11490,13153.50,13728.52,3,9,3.0000
11491,12931.02,13468.06,0,0,0.0000
11492,12949.20,13642.57,NaN,NaN,NaN
11493,12947.04,13716.72,0,0,0.0000
11494,12453.62,13878.89,NaN,NaN,NaN
11495,12673.33,13927.81,NaN,NaN,NaN
11496,12542.38,13839.95,0,0,0.0000
11497,13095.14,13847.15,4,8,2.0000
11498,12482.59,13754.25,0,0,0.0000
11499,12644.70,13737.04,0,0,0.0000
11500,12730.59,13622.41,0,0,0.0000
11501,12660.31,13502.37,NaN,NaN,NaN
11502,12697.80,13719.75,0,0,0.0000
11503,12691.08,13571.44,4,6,0.0000
11504,12878.50,13777.49,0,0,0.0000
11505,12841.87,13249.45,NaN,NaN,NaN
11506,12913.90,13401.61,2,5,2.5000
11507,12686.50,13313.84,0,0,0.0000
11508,12801.43,13446.41,0,0,0.0000
11509,12657.20,13370.97,NaN,NaN,NaN
11510,12754.63,13843.41,0,0,0.0000
11511,12464.53,13821.99,0,0,0.0000
11512,12879.03,13666.59,0,0,0.0000
11513,12733.17,13890.81,NaN,NaN,NaN
11514,12566.25,13562.72,0,0,0.0000
11515,12789.52,13884.59,NaN,NaN,NaN
11516,12740.83,13666.84,0,0,0.0000
11517,12923.03,13865.15,3,5,0.0000
11518,12828.13,13684.54,0,0,0.0000
11519,12518.01,13922.34,NaN,NaN,NaN
11520,13183.72,13668.53,0,0,0.0000
11521,12681.11,13400.95,0,0,0.0000
11522,13315.43,13237.12,NaN,NaN,NaN
11523,13305.02,13447.52,0,0,0.0000
11524,13200.40,13951.91,3,7,2.3333
11525,13547.61,13369.01,0,0,0.0000
11526,13583.35,13184.27,4,7,0.0000
11527,13484.29,13240.53,2,4,2.0000
11528,13465.23,13503.64,NaN,NaN,NaN
11529,13719.59,13750.95,NaN,NaN,NaN
11530,13341.20,13813.97,NaN,NaN,NaN
11531,13205.59,13817.02,NaN,NaN,NaN
11532,13491.37,13950.73,NaN,NaN,NaN
11533,13222.40,13359.47,3,4,0.0000
11534,13485.98,13691.20,NaN,NaN,NaN
11535,13234.90,13557.52,NaN,NaN,NaN
11536,13657.30,13279.58,2,4,2.0000
11537,13315.64,13591.05,2,2,0.0000
11538,13615.26,13626.31,NaN,NaN,NaN
11539,13631.46,13801.58,0,0,0.0000
11540,13195.96,13214.12,NaN,NaN,NaN
11541,13610.24,13883.72,NaN,NaN,NaN
11542,13573.84,13742.95,2,3,0.0000
11543,13260.98,13864.42,2,4,2.0000
11544,13523.92,13524.85,NaN,NaN,NaN
11545,13579.52,13475.18,NaN,NaN,NaN
11546,13412.44,13386.02,NaN,NaN,NaN
11547,13325.92,13914.41,0,0,0.0000
11548,13472.97,13340.61,2,3,0.0000
11549,13429.14,13597.27,NaN,NaN,NaN
11550,13425.74,13940.20,0,0,0.0000
11551,13248.74,13650.23,2,2,0.0000
11552,13649.24,13744.93,NaN,NaN,NaN
11553,13695.44,13874.54,0,0,0.0000
11554,13665.56,13591.80,3,3,0.0000
11555,13493.97,13617.33,NaN,NaN,NaN
11556,13484.28,13818.67,NaN,NaN,NaN
11557,13566.98,13914.40,NaN,NaN,NaN
11558,13687.20,13660.18,NaN,NaN,NaN
11559,13738.72,13650.31,NaN,NaN,NaN
11560,13364.26,13722.73,3,4,0.0000
11561,13541.77,13582.85,NaN,NaN,NaN
11562,13249.34,13717.15,0,0,0.0000
11563,13618.25,13672.59,0,0,0.0000
11564,13578.78,13567.73,0,0,0.0000
11565,13437.02,13832.70,NaN,NaN,NaN
11566,13764.25,13627.92,NaN,NaN,NaN
11567,13336.08,13676.58,0,0,0.0000
11568,13559.62,13814.65,2,5,2.5000
11569,13780.61,13711.96,0,0,0.0000
11570,13536.36,13861.70,NaN,NaN,NaN
11571,13472.12,13756.55,0,0,0.0000
11572,13657.58,13924.25,0,0,0.0000
11573,13410.30,13662.74,0,0,0.0000
11574,13562.39,13663.06,NaN,NaN,NaN
11575,13735.14,13496.09,0,0,0.0000
11576,13204.19,13624.88,NaN,NaN,NaN
11577,13587.04,13800.21,NaN,NaN,NaN
11578,13613.15,13306.84,NaN,NaN,NaN
11579,13723.13,13608.60,NaN,NaN,NaN
11580,13425.14,13279.30,NaN,NaN,NaN
11581,13797.04,13675.50,0,0,0.0000
11582,13537.65,13628.83,NaN,NaN,NaN
11583,13645.56,13845.94,0,0,0.0000
11584,13632.23,13403.86,NaN,NaN,NaN
11585,13749.21,13837.72,NaN,NaN,NaN
11586,14089.37,13380.16,0,0,0.0000
11587,14054.22,13313.51,0,0,0.0000
11588,16336.15,13207.23,NaN,NaN,NaN
11589,16175.96,13276.06,NaN,NaN,NaN
11590,16143.30,13357.86,NaN,NaN,NaN
11591,15932.75,13193.07,0,0,0.0000
11592,16244.22,13484.04,0,0,0.0000
11593,16205.55,13412.54,NaN,NaN,NaN
11594,16355.19,13346.48,2,5,2.5000
11595,16312.92,13488.36,NaN,NaN,NaN
11596,16096.57,13310.04,0,0,0.0000
11597,16274.58,13559.53,0,0,0.0000
11598,16013.66,13191.50,0,0,0.0000
11599,16319.49,13414.67,NaN,NaN,NaN
11600,16248.17,13359.95,NaN,NaN,NaN
11601,16281.14,13312.11,NaN,NaN,NaN
11602,16278.34,13607.49,0,0,0.0000
11603,16316.02,13345.61,3,7,2.3333
11604,16271.33,13198.77,NaN,NaN,NaN
11605,16269.00,13418.57,0,0,0.0000
11606,16223.37,13321.70,0,0,0.0000
11607,16302.63,13698.37,0,0,0.0000
11608,16256.25,13276.25,0,0,0.0000
11609,16366.04,13402.44,NaN,NaN,NaN
11610,16288.30,13660.17,0,0,0.0000
11611,16273.34,13701.84,NaN,NaN,NaN
11612,16360.79,13436.34,2,5,2.5000
11613,16207.81,13359.07,0,0,0.0000
11614,16252.94,13703.24,0,0,0.0000
11615,16368.37,13482.33,NaN,NaN,NaN
11616,16156.08,13419.19,0,0,0.0000
11617,657.02,14540.84,0,0,0.0000
11618,850.58,14463.64,2,4,2.0000
11619,827.30,14087.37,NaN,NaN,NaN
11620,672.72,14127.78,2,3,0.0000
11621,617.29,14656.10,0,0,0.0000
11622,697.89,14358.10,NaN,NaN,NaN
11623,598.51,14444.71,3,4,0.0000
11624,715.74,14437.67,0,0,0.0000
11625,621.31,14301.59,2,1,0.0000
11626,861.42,14332.28,0,0,0.0000
11627,747.29,14242.65,0,0,0.0000
11628,735.57,14300.78,2,5,2.5000
11629,505.96,14535.59,2,3,0.0000
11630,617.74,14063.76,NaN,NaN,NaN
11631,660.37,14227.95,4,9,2.2500
11632,756.64,14613.04,2,3,0.0000
11633,760.49,14176.69,3,4,0.0000
11634,854.92,14583.54,0,0,0.0000
11635,74.19,14615.85,NaN,NaN,NaN
11636,502.84,14707.67,NaN,NaN,NaN
11637,861.06,14683.30,NaN,NaN,NaN
11638,819.72,14191.12,4,5,0.0000
11639,748.66,14048.55,2,2,0.0000
11640,449.36,14668.52,0,0,0.0000
11641,802.29,14646.04,NaN,NaN,NaN
11642,559.53,14009.52,NaN,NaN,NaN
11643,891.79,14187.00,NaN,NaN,NaN
11644,870.00,14231.77,2,2,0.0000
11645,837.98,14022.28,0,0,0.0000
11646,532.77,14648.94,2,2,0.0000
11647,627.11,14008.33,NaN,NaN,NaN
11648,755.70,14690.27,0,0,0.0000
11649,704.13,14606.53,2,2,0.0000
11650,785.51,14400.35,0,0,0.0000
11651,534.54,14579.16,3,3,0.0000
11652,772.69,13977.69,NaN,NaN,NaN
11653,893.96,14139.62,NaN,NaN,NaN
11654,581.40,14254.23,NaN,NaN,NaN
11655,592.38,14597.90,2,1,0.0000
11656,476.30,14596.41,NaN,NaN,NaN
11657,689.87,13985.57,NaN,NaN,NaN
11658,853.57,14627.34,NaN,NaN,NaN
11659,700.34,14068.34,3,4,0.0000
11660,570.33,14381.28,0,0,0.0000
11661,695.23,14017.46,NaN,NaN,NaN
11662,426.34,14635.84,2,2,0.0000
11663,562.33,13961.84,NaN,NaN,NaN
11664,520.09,14619.03,2,3,0.0000
11665,656.92,14695.79,NaN,NaN,NaN
11666,426.95,14595.02,NaN,NaN,NaN
11667,661.07,14477.12,NaN,NaN,NaN
11668,604.38,14710.33,0,0,0.0000
11669,1388.34,14259.44,2,1,0.0000
11670,1264.20,14346.10,2,2,0.0000
11671,1008.93,14418.64,3,3,0.0000
11672,1077.50,14631.46,NaN,NaN,NaN
11673,1177.06,14080.72,NaN,NaN,NaN
11674,1052.91,14029.27,0,0,0.0000
11675,1466.05,14370.68,2,3,0.0000
11676,936.59,14036.21,NaN,NaN,NaN
11677,927.77,14280.64,4,6,0.0000
11678,1297.82,14490.79,NaN,NaN,NaN
11679,1264.60,14249.56,NaN,NaN,NaN
11680,1056.89,14093.07,NaN,NaN,NaN
11681,953.85,14349.63,0,0,0.0000
11682,1285.06,14010.37,2,1,0.0000
11683,1141.75,14522.66,NaN,NaN,NaN
11684,981.19,14553.84,0,0,0.0000
11685,1032.64,14196.99,NaN,NaN,NaN
11686,1337.00,14178.53,NaN,NaN,NaN
11687,1211.07,14460.02,2,4,2.0000
11688,1358.26,14581.85,NaN,NaN,NaN
11689,1038.26,13966.96,2,1,0.0000
11690,1362.74,14500.69,NaN,NaN,NaN
11691,1135.36,14284.52,NaN,NaN,NaN
11692,1074.51,14142.28,0,0,0.0000
11693,1257.32,14095.91,NaN,NaN,NaN
11694,1244.92,14414.87,0,0,0.0000
11695,1097.98,14694.17,NaN,NaN,NaN
11696,1088.39,14353.90,3,6,2.0000
11697,1202.62,14223.96,2,3,0.0000
11698,1237.43,14555.07,0,0,0.0000
11699,1293.02,14696.18,4,4,0.0000
11700,1103.82,14250.64,NaN,NaN,NaN
11701,963.39,14174.45,4,6,0.0000
11702,1063.36,14557.78,2,4,2.0000
11703,1104.85,14476.44,NaN,NaN,NaN
11704,947.60,14647.77,3,3,0.0000
11705,924.25,14499.77,NaN,NaN,NaN
11706,1598.63,14386.62,0,0,0.0000
11707,1491.90,14270.26,NaN,NaN,NaN
11708,1333.96,14119.84,NaN,NaN,NaN
11709,1155.55,14396.33,NaN,NaN,NaN
11710,1446.16,14321.99,3,3,0.0000
11711,1264.75,14610.71,2,1,0.0000
11712,1550.80,14283.28,2,4,2.0000
11713,1586.98,14317.41,NaN,NaN,NaN
11714,1203.41,14655.27,NaN,NaN,NaN
11715,1266.55,14178.93,0,0,0.0000
11716,1042.11,14276.01,0,0,0.0000
11717,1594.22,14254.57,NaN,NaN,NaN
11718,1203.25,14607.38,0,0,0.0000
11719,1357.97,14642.07,NaN,NaN,NaN
11720,1146.56,14176.28,NaN,NaN,NaN
11721,1013.38,14500.24,NaN,NaN,NaN
11722,1339.50,14386.61,NaN,NaN,NaN
11723,1193.57,14493.09,NaN,NaN,NaN
11724,1653.44,14406.30,NaN,NaN,NaN
11725,964.55,14231.79,NaN,NaN,NaN
11726,928.90,14107.60,4,6,0.0000
11727,1086.06,14195.30,NaN,NaN,NaN
11728,1559.15,14381.15,0,0,0.0000
11729,1208.48,14696.36,0,0,0.0000
11730,1115.32,14569.94,3,4,0.0000
11731,1371.28,14698.30,2,3,0.0000
11732,1256.09,14661.93,NaN,NaN,NaN
11733,1196.76,14160.60,NaN,NaN,NaN
11734,949.32,13968.68,0,0,0.0000
11735,1405.09,14581.29,0,0,0.0000
11736,1389.48,14393.67,NaN,NaN,NaN
11737,983.69,14473.20,NaN,NaN,NaN
11738,1083.70,14393.69,NaN,NaN,NaN
11739,902.25,14708.37,NaN,NaN,NaN
11740,1121.09,14056.49,3,4,0.0000
11741,1000.78,14130.45,NaN,NaN,NaN
11742,1370.98,14434.80,NaN,NaN,NaN
11743,1301.76,14060.29,NaN,NaN,NaN
11744,1312.76,14650.63,2,4,2.0000
11745,1159.65,14326.35,3,4,0.0000
11746,1036.91,14686.25,NaN,NaN,NaN
11747,1056.16,14480.01,2,3,0.0000
11748,1153.36,14713.83,0,0,0.0000
11749,1702.96,14476.29,2,2,0.0000
11750,1836.53,14659.11,0,0,0.0000
11751,1668.75,14297.34,NaN,NaN,NaN
11752,1674.84,14355.72,2,2,0.0000
11753,1774.68,14514.82,NaN,NaN,NaN
11754,1821.94,14564.76,0,0,0.0000
11755,1785.32,14381.66,4,6,0.0000
11756,1847.33,14505.52,4,3,0.0000
11757,1777.74,14438.21,2,4,2.0000
11758,1903.47,14671.38,0,0,0.0000
11759,1805.99,14613.55,0,0,0.0000
11760,1732.20,14385.19,NaN,NaN,NaN
11761,3870.79,14569.72,NaN,NaN,NaN
11762,3752.99,14049.85,NaN,NaN,NaN
11763,3920.46,14410.91,NaN,NaN,NaN
11764,3912.95,14024.90,0,0,0.0000
11765,3835.98,14247.36,0,0,0.0000
11766,3845.33,14332.06,NaN,NaN,NaN
11767,3807.41,14092.15,NaN,NaN,NaN
11768,3774.59,14279.37,0,0,0.0000
11769,3824.70,13982.47,NaN,NaN,NaN
11770,3893.13,14182.57,2,2,0.0000
11771,3865.71,14105.89,NaN,NaN,NaN
11772,3683.28,14095.48,NaN,NaN,NaN
11773,3696.02,13999.74,0,0,0.0000
11774,3950.84,14473.87,0,0,0.0000
11775,3629.78,13986.31,NaN,NaN,NaN
11776,3727.21,14310.94,NaN,NaN,NaN
11777,3784.57,14546.50,NaN,NaN,NaN
11778,3857.62,14493.60,NaN,NaN,NaN
11779,3702.78,14181.32,0,0,0.0000
11780,3939.45,14337.62,NaN,NaN,NaN
11781,3738.60,13976.07,0,0,0.0000
11782,3800.33,14602.45,4,7,0.0000
11783,3739.09,14387.18,4,5,0.0000
11784,3639.59,14038.69,0,0,0.0000
11785,3926.22,14518.98,0,0,0.0000
11786,3772.03,14446.26,NaN,NaN,NaN
11787,3568.50,13983.71,NaN,NaN,NaN
11788,3736.75,14450.28,0,0,0.0000
11789,3841.88,14443.10,NaN,NaN,NaN
11790,3784.18,14349.57,NaN,NaN,NaN
11791,3920.43,14290.04,0,0,0.0000
11792,3799.95,14389.19,3,4,0.0000
11793,4141.32,14635.54,NaN,NaN,NaN
11794,4256.48,14517.45,NaN,NaN,NaN
11795,4060.32,14296.92,2,4,2.0000
11796,4116.25,13965.02,2,3,0.0000
11797,4097.42,14453.45,NaN,NaN,NaN
11798,4365.98,14504.94,5,6,0.0000
11799,4039.46,14199.28,NaN,NaN,NaN
11800,4153.49,14345.04,NaN,NaN,NaN
11801,4260.71,14336.08,3,4,0.0000
11802,4180.55,14262.76,2,2,0.0000
11803,4470.61,14465.80,NaN,NaN,NaN
11804,4034.33,14410.10,4,5,0.0000
11805,4597.42,14640.98,NaN,NaN,NaN
11806,4646.10,14318.29,2,5,2.5000
11807,4556.39,14310.07,NaN,NaN,NaN
11808,4057.73,14132.79,NaN,NaN,NaN
11809,4512.52,14546.23,3,4,0.0000
11810,4318.38,14289.37,NaN,NaN,NaN
11811,4702.59,14565.51,NaN,NaN,NaN
11812,4425.23,14348.45,3,1,0.0000
11813,4195.92,14172.98,3,5,0.0000
11814,4239.23,14059.92,NaN,NaN,NaN
11815,4568.90,14486.81,NaN,NaN,NaN
11816,4444.58,14671.31,0,0,0.0000
11817,4666.49,14236.00,NaN,NaN,NaN
11818,4188.83,14443.74,NaN,NaN,NaN
11819,4242.05,14201.29,0,0,0.0000
11820,4243.61,14005.83,0,0,0.0000
11821,4628.37,14703.92,0,0,0.0000
11822,4602.96,14552.50,NaN,NaN,NaN
11823,4532.82,14714.19,NaN,NaN,NaN
11824,4714.38,14212.75,0,0,0.0000
11825,4381.37,14622.49,NaN,NaN,NaN
11826,4041.02,13999.21,3,6,2.0000
11827,4665.79,14642.59,NaN,NaN,NaN
11828,4372.84,14692.77,NaN,NaN,NaN
11829,4670.54,14479.65,0,0,0.0000
11830,4292.59,14679.17,3,5,0.0000
11831,4493.93,14373.99,2,7,3.5000
11832,3995.44,14666.70,3,4,0.0000
11833,4492.32,14417.03,NaN,NaN,NaN
11834,4585.83,14378.13,3,4,0.0000
11835,4664.43,14536.91,0,0,0.0000
11836,4655.75,14399.34,0,0,0.0000
11837,4513.55,14658.93,NaN,NaN,NaN
11838,4265.37,14251.05,NaN,NaN,NaN
11839,4103.90,14557.14,2,5,2.5000
11840,4703.46,14393.32,0,0,0.0000
11841,4552.47,14612.67,0,0,0.0000
11842,4377.44,14314.46,NaN,NaN,NaN
11843,4629.39,14452.84,NaN,NaN,NaN
11844,4428.71,14547.12,0,0,0.0000
11845,4334.66,14384.45,NaN,NaN,NaN
11846,4176.92,14530.95,NaN,NaN,NaN
11847,4334.96,14636.15,NaN,NaN,NaN
11848,4702.70,14650.59,4,9,2.2500
11849,4422.20,14598.12,0,0,0.0000
11850,3978.97,14282.31,NaN,NaN,NaN
11851,4093.11,14044.01,NaN,NaN,NaN
11852,3969.11,14213.55,NaN,NaN,NaN
11853,4106.63,14109.70,NaN,NaN,NaN
11854,4715.27,14126.34,NaN,NaN,NaN
11855,4001.28,14352.85,NaN,NaN,NaN
11856,4304.09,14428.54,0,0,0.0000
11857,4054.97,14532.02,NaN,NaN,NaN
11858,4429.88,14408.22,3,7,2.3333
11859,4669.06,14147.81,NaN,NaN,NaN
11860,4556.23,14437.98,NaN,NaN,NaN
11861,4258.07,14403.54,3,6,2.0000
11862,4333.16,14449.81,0,0,0.0000
11863,4703.82,14307.39,0,0,0.0000
11864,4260.77,13971.45,NaN,NaN,NaN
11865,4365.99,14360.90,0,0,0.0000
11866,4480.75,14612.93,NaN,NaN,NaN
11867,4169.66,14049.02,NaN,NaN,NaN
11868,4145.06,14384.46,0,0,0.0000
11869,4127.82,14077.85,0,0,0.0000
11870,5373.28,14025.81,NaN,NaN,NaN
11871,4786.99,14426.47,3,2,0.0000
11872,5121.16,14456.72,NaN,NaN,NaN
11873,5064.46,14309.39,0,0,0.0000
11874,4994.37,14107.25,NaN,NaN,NaN
11875,5389.99,14561.16,NaN,NaN,NaN
11876,4934.63,13999.01,2,3,0.0000
11877,4836.96,14032.15,NaN,NaN,NaN
11878,5266.67,14561.76,NaN,NaN,NaN
11879,5028.26,14214.75,NaN,NaN,NaN
11880,5327.27,14098.81,NaN,NaN,NaN
11881,5444.97,14304.92,NaN,NaN,NaN
11882,4770.76,14191.16,NaN,NaN,NaN
11883,4899.90,14597.22,2,4,2.0000
11884,4910.95,14201.46,NaN,NaN,NaN
11885,5311.24,14423.17,2,6,3.0000
11886,4908.46,14520.22,NaN,NaN,NaN
11887,5416.30,14469.27,NaN,NaN,NaN
11888,5453.79,14097.66,0,0,0.0000
11889,5180.54,14149.09,0,0,0.0000
11890,5500.02,14607.57,NaN,NaN,NaN
11891,5346.09,14316.35,2,4,2.0000
11892,4801.47,14586.63,NaN,NaN,NaN
11893,5114.19,14613.13,0,0,0.0000
11894,5097.38,13983.06,NaN,NaN,NaN
11895,5031.13,14719.66,0,0,0.0000
11896,5172.90,13957.19,0,0,0.0000
11897,5293.73,14246.78,2,1,0.0000
11898,4997.65,14544.06,2,3,0.0000
11899,5212.04,14491.55,NaN,NaN,NaN
11900,4778.00,14097.21,2,3,0.0000
11901,5416.09,14393.14,3,7,2.3333
11902,4767.04,14327.21,NaN,NaN,NaN
11903,4741.77,14647.60,NaN,NaN,NaN
11904,5223.14,14080.99,NaN,NaN,NaN
11905,4956.75,14366.25,NaN,NaN,NaN
11906,4746.83,14505.88,NaN,NaN,NaN
11907,5491.77,14660.13,NaN,NaN,NaN
11908,5310.03,14685.93,0,0,0.0000
11909,4902.80,14698.08,NaN,NaN,NaN
11910,5151.34,14543.64,NaN,NaN,NaN
11911,4829.35,14294.08,2,6,3.0000
11912,5422.89,14178.52,0,0,0.0000
11913,5231.09,14714.19,2,3,0.0000
11914,4850.29,14667.97,4,8,2.0000
11915,5122.93,14675.61,0,0,0.0000
11916,5026.34,14010.41,NaN,NaN,NaN
11917,4981.43,14597.09,NaN,NaN,NaN
11918,5198.81,14025.71,0,0,0.0000
11919,5204.81,14639.44,NaN,NaN,NaN
11920,4945.13,14648.74,0,0,0.0000
11921,5042.29,14647.47,0,0,0.0000
11922,5065.77,14398.37,0,0,0.0000
11923,5227.51,14228.17,0,0,0.0000
11924,4830.11,14521.53,NaN,NaN,NaN
11925,5000.80,14460.34,2,3,0.0000
11926,4803.64,14712.30,4,8,2.0000
11927,4863.02,14468.34,NaN,NaN,NaN
11928,5400.19,14234.73,0,0,0.0000
11929,5333.87,14618.73,NaN,NaN,NaN
11930,5200.14,14351.97,0,0,0.0000
11931,4888.58,14383.22,0,0,0.0000
11932,5259.15,13976.03,0,0,0.0000
11933,5193.36,14404.06,NaN,NaN,NaN
11934,5113.91,14122.33,0,0,0.0000
11935,5007.26,14370.16,0,0,0.0000
11936,5179.19,14689.33,NaN,NaN,NaN
11937,4890.31,14311.80,NaN,NaN,NaN
11938,5063.70,14077.16,3,2,0.0000
11939,4838.11,14139.41,3,7,2.3333
11940,4900.26,14082.32,NaN,NaN,NaN
11941,5014.80,14501.47,3,3,0.0000
11942,5248.80,14446.37,NaN,NaN,NaN
11943,5047.66,14593.76,NaN,NaN,NaN
11944,5498.57,14545.73,NaN,NaN,NaN
11945,5167.44,14257.35,0,0,0.0000
11946,5150.25,14340.62,NaN,NaN,NaN
11947,4875.11,14160.45,NaN,NaN,NaN
11948,4748.29,14277.93,NaN,NaN,NaN
11949,5242.02,14181.84,0,0,0.0000
11950,4830.95,14349.68,0,0,0.0000
11951,4938.89,14284.83,0,0,0.0000
11952,5360.39,14501.68,0,0,0.0000
11953,4789.25,14661.34,NaN,NaN,NaN
11954,5105.22,14219.81,NaN,NaN,NaN
11955,5351.60,14196.02,0,0,0.0000
11956,5127.19,14190.15,0,0,0.0000
11957,5085.44,14537.07,NaN,NaN,NaN
11958,4935.64,14452.91,NaN,NaN,NaN
11959,5402.21,14619.04,0,0,0.0000
11960,5012.75,13952.92,NaN,NaN,NaN
11961,5158.67,14291.78,0,0,0.0000
11962,4932.57,14403.50,0,0,0.0000
11963,5260.93,14149.81,0,0,0.0000
11964,5321.34,14495.28,NaN,NaN,NaN
11965,5178.25,14591.29,0,0,0.0000
11966,5666.61,14245.49,2,4,2.0000
11967,5861.00,14008.08,NaN,NaN,NaN
11968,5861.04,14446.00,3,3,0.0000
11969,5920.74,14162.21,0,0,0.0000
11970,5580.70,14405.63,0,0,0.0000
11971,5755.34,14159.04,3,9,3.0000
11972,5676.35,14100.21,0,0,0.0000
11973,5575.61,14115.60,2,1,0.0000
11974,6009.06,14132.98,NaN,NaN,NaN
11975,6132.66,14399.70,2,3,0.0000
11976,5724.73,14440.39,NaN,NaN,NaN
11977,5841.30,14264.13,0,0,0.0000
11978,5624.84,14707.44,NaN,NaN,NaN
11979,5750.66,13962.37,NaN,NaN,NaN
11980,5576.16,14515.32,0,0,0.0000
11981,6055.77,14180.98,2,4,2.0000
11982,5667.12,14004.41,NaN,NaN,NaN
11983,5508.26,14219.11,3,3,0.0000
11984,5834.64,14109.02,0,0,0.0000
11985,5920.39,14303.95,0,0,0.0000
11986,5510.56,14167.07,NaN,NaN,NaN
11987,5743.08,14357.88,2,2,0.0000
11988,5517.22,14036.14,2,3,0.0000
11989,6005.07,14284.47,0,0,0.0000
11990,5986.10,14034.56,0,0,0.0000
11991,5574.68,14651.19,NaN,NaN,NaN
11992,6254.40,14130.17,2,6,3.0000
11993,5513.87,14500.19,NaN,NaN,NaN
11994,5990.02,14392.20,2,5,2.5000
11995,5823.07,14348.39,NaN,NaN,NaN
11996,6091.07,14225.57,NaN,NaN,NaN
11997,5720.51,14699.40,2,7,3.5000
11998,5669.68,14637.79,NaN,NaN,NaN
11999,6215.60,14223.74,NaN,NaN,NaN
12000,5949.80,14358.73,0,0,0.0000
12001,6065.68,14313.26,NaN,NaN,NaN
12002,5982.21,14455.76,0,0,0.0000
12003,5587.38,14594.56,0,0,0.0000
12004,5795.07,14677.50,3,5,0.0000
12005,5953.54,13981.83,NaN,NaN,NaN
12006,6027.07,14397.70,NaN,NaN,NaN
12007,5751.92,14660.50,NaN,NaN,NaN
12008,5597.18,14036.00,0,0,0.0000
12009,5780.40,14704.94,NaN,NaN,NaN
12010,5775.86,14295.05,0,0,0.0000
12011,5555.04,14261.09,0,0,0.0000
12012,5596.17,14302.86,0,0,0.0000
12013,5839.89,14191.78,0,0,0.0000
12014,5736.54,14040.66,0,0,0.0000
12015,6277.67,14203.29,NaN,NaN,NaN
12016,7792.08,14505.38,NaN,NaN,NaN
12017,7760.85,14421.60,0,0,0.0000
12018,7795.13,14670.75,0,0,0.0000
12019,7754.40,14292.04,NaN,NaN,NaN
12020,7715.80,14315.49,NaN,NaN,NaN
12021,7626.45,14682.03,3,5,0.0000
12022,7599.26,14500.44,NaN,NaN,NaN
12023,7617.70,14567.29,0,0,0.0000
12024,7727.92,14229.13,0,0,0.0000
12025,7710.17,14432.52,0,0,0.0000
12026,7679.91,14309.04,NaN,NaN,NaN
12027,7805.18,14304.24,0,0,0.0000
12028,7824.78,14391.44,2,1,0.0000
12029,7964.54,14698.71,NaN,NaN,NaN
12030,7867.26,14599.23,NaN,NaN,NaN
12031,7922.76,14591.36,NaN,NaN,NaN
12032,8288.23,13967.87,NaN,NaN,NaN
12033,8268.40,14038.86,0,0,0.0000
12034,7895.12,14407.54,0,0,0.0000
12035,7849.76,14690.14,NaN,NaN,NaN
12036,7954.97,13978.26,NaN,NaN,NaN
12037,7815.65,14245.75,0,0,0.0000
12038,8165.88,14097.01,NaN,NaN,NaN
12039,8222.17,14093.30,NaN,NaN,NaN
12040,7822.30,14616.39,2,6,3.0000
12041,7869.23,14337.20,NaN,NaN,NaN
12042,7893.91,14473.84,2,2,0.0000
12043,7841.13,14528.68,2,4,2.0000
12044,7879.74,14275.57,NaN,NaN,NaN
12045,8263.92,14109.71,0,0,0.0000
12046,7839.01,14307.25,0,0,0.0000
12047,8185.99,14027.13,3,3,0.0000
12048,8158.67,14021.83,0,0,0.0000
12049,7943.43,14543.67,NaN,NaN,NaN
12050,7899.13,14655.25,2,2,0.0000
12051,7922.49,14515.85,NaN,NaN,NaN
12052,9406.38,13997.47,NaN,NaN,NaN
12053,9461.69,14046.35,NaN,NaN,NaN
12054,9472.73,13978.56,0,0,0.0000
12055,11629.70,14567.89,NaN,NaN,NaN
12056,11596.60,14212.27,2,2,0.0000
12057,11472.19,14438.99,NaN,NaN,NaN
12058,11572.83,14277.52,3,8,2.6667
12059,11557.07,14425.84,NaN,NaN,NaN
12060,11518.57,14348.73,3,4,0.0000
12061,11590.03,14664.71,NaN,NaN,NaN
12062,11517.17,14287.33,0,0,0.0000
12063,11622.58,14394.34,0,0,0.0000
12064,11638.11,14435.97,0,0,0.0000
12065,11956.48,14026.00,3,13,4.3333
12066,12031.15,14451.15,2,5,2.5000
12067,12309.15,14264.03,2,1,0.0000
12068,12048.85,14193.51,3,4,0.0000
12069,11981.14,14305.40,NaN,NaN,NaN
12070,12250.76,14474.80,NaN,NaN,NaN
12071,11743.30,14519.28,NaN,NaN,NaN
12072,11677.22,14120.95,2,7,3.5000
12073,12339.61,14155.48,2,3,0.0000
12074,12134.91,14009.08,NaN,NaN,NaN
12075,12202.50,14335.42,2,5,2.5000
12076,11727.11,14254.35,NaN,NaN,NaN
12077,12127.59,14570.44,NaN,NaN,NaN
12078,12218.43,14585.86,NaN,NaN,NaN
12079,12262.14,14024.36,NaN,NaN,NaN
12080,11888.64,13956.06,2,6,3.0000
12081,11710.33,14362.46,0,0,0.0000
12082,11739.85,14697.64,NaN,NaN,NaN
12083,11909.58,14564.93,NaN,NaN,NaN
12084,12166.02,14192.63,3,10,3.3333
12085,11825.50,14097.02,2,2,0.0000
12086,11655.95,14321.50,2,4,2.0000
12087,11845.94,14667.65,NaN,NaN,NaN
12088,11754.76,14139.54,0,0,0.0000
12089,12340.16,14563.18,2,1,0.0000
12090,11935.42,14233.90,NaN,NaN,NaN
12091,12129.66,14269.68,NaN,NaN,NaN
12092,12164.82,14713.64,NaN,NaN,NaN
12093,11903.36,14487.20,NaN,NaN,NaN
12094,11784.13,14632.44,NaN,NaN,NaN
12095,12399.77,14523.67,3,5,0.0000
12096,12369.17,14033.54,2,4,2.0000
12097,11983.67,14635.68,0,0,0.0000
12098,12057.85,14618.75,0,0,0.0000
12099,11658.17,14479.21,0,0,0.0000
12100,12153.02,14493.03,2,6,3.0000
12101,12395.23,14354.91,0,0,0.0000
12102,12397.02,14605.83,NaN,NaN,NaN
12103,12055.18,14012.80,NaN,NaN,NaN
12104,12397.61,14273.00,2,1,0.0000
12105,12260.07,14067.21,NaN,NaN,NaN
12106,11789.43,14320.21,0,0,0.0000
12107,11930.25,14375.13,3,7,2.3333
12108,12016.34,14707.08,0,0,0.0000
12109,12197.00,14117.12,0,0,0.0000
12110,12091.13,14697.13,0,0,0.0000
12111,11834.96,14511.75,2,3,0.0000
12112,11658.90,14659.16,NaN,NaN,NaN
12113,11787.71,14382.54,NaN,NaN,NaN
12114,12148.01,14444.30,NaN,NaN,NaN
12115,12282.54,14553.01,NaN,NaN,NaN
12116,12033.52,14661.66,0,0,0.0000
12117,12356.03,14463.04,0,0,0.0000
12118,11808.24,14573.62,NaN,NaN,NaN
12119,12382.98,14690.96,0,0,0.0000
12120,12400.83,14079.19,NaN,NaN,NaN
12121,12099.91,14095.75,2,6,3.0000
12122,12302.72,14631.74,0,0,0.0000
12123,11936.58,14156.94,0,0,0.0000
12124,11712.49,14627.84,NaN,NaN,NaN
12125,13091.04,14269.79,4,7,0.0000
12126,12791.93,14077.03,NaN,NaN,NaN
12127,12744.04,14252.14,0,0,0.0000
12128,13010.02,14151.10,NaN,NaN,NaN
12129,12493.71,14196.08,3,4,0.0000
12130,13021.49,14411.09,0,0,0.0000
12131,13019.13,14608.49,2,4,2.0000
12132,12428.58,14150.71,NaN,NaN,NaN
12133,12613.63,14502.89,NaN,NaN,NaN
12134,12669.93,14534.86,0,0,0.0000
12135,12920.14,14356.86,NaN,NaN,NaN
12136,12606.21,14165.87,NaN,NaN,NaN
12137,12626.94,14058.92,0,0,0.0000
12138,12714.38,14000.72,NaN,NaN,NaN
12139,13109.86,14007.27,NaN,NaN,NaN
12140,12918.83,14121.09,0,0,0.0000
12141,12916.53,14262.77,0,0,0.0000
12142,12578.01,13980.65,NaN,NaN,NaN
12143,13031.48,14021.49,2,4,2.0000
12144,12660.81,14345.49,NaN,NaN,NaN
12145,13101.33,14554.67,NaN,NaN,NaN
12146,12762.36,14518.39,NaN,NaN,NaN
12147,12847.87,14321.84,0,0,0.0000
12148,12468.54,14553.82,NaN,NaN,NaN
12149,12892.65,14529.46,NaN,NaN,NaN
12150,12938.81,13992.98,0,0,0.0000
12151,12973.07,14067.99,NaN,NaN,NaN
12152,12936.87,14623.01,3,3,0.0000
12153,13172.75,14671.43,NaN,NaN,NaN
12154,12550.89,14481.67,0,0,0.0000
12155,12723.88,14396.76,NaN,NaN,NaN
12156,12557.93,14345.69,0,0,0.0000
12157,12633.60,14428.23,0,0,0.0000
12158,13102.54,14496.25,NaN,NaN,NaN
12159,12468.18,14443.38,NaN,NaN,NaN
12160,12935.89,14427.48,NaN,NaN,NaN
12161,12979.69,14527.08,0,0,0.0000
12162,12807.01,14445.37,NaN,NaN,NaN
12163,12465.72,14274.63,0,0,0.0000
12164,12797.83,13967.89,2,5,2.5000
12165,13097.68,14111.28,2,3,0.0000
12166,12435.12,14402.99,NaN,NaN,NaN
12167,12843.82,14393.11,NaN,NaN,NaN
12168,12997.76,14474.06,0,0,0.0000
12169,13110.27,14648.42,NaN,NaN,NaN
12170,12861.25,14480.27,0,0,0.0000
12171,13166.96,14507.45,NaN,NaN,NaN
12172,12529.46,14285.86,NaN,NaN,NaN
12173,12467.38,14502.29,0,0,0.0000
12174,12699.70,14158.53,0,0,0.0000
12175,12562.61,14586.68,0,0,0.0000
12176,12475.90,14359.84,0,0,0.0000
12177,13107.90,14610.71,0,0,0.0000
12178,13208.10,14093.40,0,0,0.0000
12179,13188.97,14342.61,3,4,0.0000
12180,13402.27,14075.19,NaN,NaN,NaN
12181,13338.17,14596.68,3,4,0.0000
12182,13509.52,14382.96,0,0,0.0000
12183,13448.20,14185.09,NaN,NaN,NaN
12184,13410.67,14487.62,NaN,NaN,NaN
12185,13206.80,14599.07,NaN,NaN,NaN
12186,13277.54,14445.62,2,5,2.5000
12187,13356.46,13959.10,NaN,NaN,NaN
12188,13298.81,14143.42,NaN,NaN,NaN
12189,13500.91,14064.16,NaN,NaN,NaN
12190,13403.61,14400.84,NaN,NaN,NaN
12191,13592.84,14179.70,0,0,0.0000
12192,13227.80,14523.73,NaN,NaN,NaN
12193,13442.74,14347.72,NaN,NaN,NaN
12194,13592.13,13970.44,2,1,0.0000
12195,13510.93,14153.01,NaN,NaN,NaN
12196,13271.57,14269.64,NaN,NaN,NaN
12197,13407.56,14279.26,NaN,NaN,NaN
12198,13349.60,14276.16,NaN,NaN,NaN
12199,13488.21,14303.52,0,0,0.0000
12200,13477.11,14253.66,NaN,NaN,NaN
12201,13337.79,14378.70,NaN,NaN,NaN
12202,13226.29,14689.53,0,0,0.0000
12203,13321.86,14220.53,NaN,NaN,NaN
12204,13280.81,14555.28,NaN,NaN,NaN
12205,13573.10,14015.36,0,0,0.0000
12206,13332.86,14535.03,NaN,NaN,NaN
12207,13217.43,14444.53,0,0,0.0000
12208,13311.04,14065.45,0,0,0.0000
12209,16293.99,14338.10,0,0,0.0000
12210,16334.66,14291.10,NaN,NaN,NaN
12211,16214.00,14366.84,NaN,NaN,NaN
12212,16283.43,14266.23,0,0,0.0000
12213,16306.36,14210.89,NaN,NaN,NaN
12214,16330.86,14228.34,0,0,0.0000
12215,16234.08,14406.49,0,0,0.0000
12216,16227.13,14320.03,0,0,0.0000
12217,793.61,14971.80,NaN,NaN,NaN
12218,505.48,14922.88,3,3,0.0000
12219,481.93,15346.34,2,1,0.0000
12220,711.00,14778.11,3,3,0.0000
12221,627.77,15045.71,2,3,0.0000
12222,417.98,14752.32,NaN,NaN,NaN
12223,515.01,14818.67,2,2,0.0000
12224,679.67,15094.48,2,5,2.5000
12225,419.68,14941.43,NaN,NaN,NaN
12226,506.16,14755.58,NaN,NaN,NaN
12227,133.29,15387.97,NaN,NaN,NaN
12228,459.42,15470.63,NaN,NaN,NaN
12229,662.44,14927.85,NaN,NaN,NaN
12230,877.83,15023.93,NaN,NaN,NaN
12231,804.24,14869.01,NaN,NaN,NaN
12232,875.17,14855.05,5,3,0.0000
12233,832.16,14764.57,NaN,NaN,NaN
12234,174.90,14925.28,NaN,NaN,NaN
12235,53.35,15403.89,NaN,NaN,NaN
12236,735.88,14724.11,NaN,NaN,NaN
12237,440.42,15401.99,3,4,0.0000
12238,63.04,15243.15,NaN,NaN,NaN
12239,123.25,15478.29,4,3,0.0000
12240,530.53,15425.44,0,0,0.0000
12241,736.74,15133.62,0,0,0.0000
12242,92.73,15323.11,NaN,NaN,NaN
12243,396.38,14853.95,0,0,0.0000
12244,64.99,15473.48,3,3,0.0000
12245,645.92,14981.95,NaN,NaN,NaN
12246,601.25,14880.62,0,0,0.0000
12247,540.84,15303.29,0,0,0.0000
12248,644.31,15306.50,NaN,NaN,NaN
12249,546.94,15363.92,2,2,0.0000
12250,821.95,15105.99,NaN,NaN,NaN
12251,782.73,14822.20,NaN,NaN,NaN
12252,539.96,15020.30,NaN,NaN,NaN
12253,724.04,14864.61,NaN,NaN,NaN
12254,375.77,14794.44,0,0,0.0000
12255,730.02,15050.69,0,0,0.0000
12256,495.12,14987.06,NaN,NaN,NaN
12257,885.72,15127.86,2,1,0.0000
12258,593.11,15285.94,NaN,NaN,NaN
12259,653.22,14738.65,NaN,NaN,NaN
12260,65.46,15180.78,NaN,NaN,NaN
12261,822.78,15176.17,0,0,0.0000
12262,465.63,15014.70,0,0,0.0000
12263,48.00,15345.14,2,3,0.0000
12264,160.39,15444.45,NaN,NaN,NaN
12265,126.18,14869.80,2,3,0.0000
12266,892.31,14777.18,NaN,NaN,NaN
12267,658.67,14840.97,NaN,NaN,NaN
12268,647.66,15361.89,NaN,NaN,NaN
12269,691.52,14897.49,0,0,0.0000
12270,982.86,14738.79,NaN,NaN,NaN
12271,1546.89,15011.17,3,4,0.0000
12272,1402.00,15166.07,NaN,NaN,NaN
12273,1616.39,15403.16,NaN,NaN,NaN
12274,1418.11,15014.47,NaN,NaN,NaN
12275,1543.40,15286.24,2,3,0.0000
12276,975.17,14942.71,2,4,2.0000
12277,1073.51,14956.08,NaN,NaN,NaN
12278,1050.66,14830.59,2,4,2.0000
12279,1156.98,14870.77,0,0,0.0000
12280,1397.97,14905.54,2,3,0.0000
12281,974.79,14865.01,NaN,NaN,NaN
12282,1290.28,15019.00,NaN,NaN,NaN
12283,1115.06,14908.58,0,0,0.0000
12284,1096.27,14780.55,NaN,NaN,NaN
12285,1487.38,15084.70,NaN,NaN,NaN
12286,1346.31,15246.95,0,0,0.0000
12287,1526.31,14825.75,4,7,0.0000
12288,1456.43,14782.84,NaN,NaN,NaN
12289,1142.73,15267.34,NaN,NaN,NaN
12290,1325.10,14784.42,NaN,NaN,NaN
12291,928.40,15020.71,0,0,0.0000
12292,1470.07,15183.05,2,6,3.0000
12293,1464.93,15306.64,0,0,0.0000
12294,1652.04,15329.53,0,0,0.0000
12295,1056.02,15104.88,NaN,NaN,NaN
12296,1565.18,15137.49,NaN,NaN,NaN
12297,1513.36,15348.39,NaN,NaN,NaN
12298,1591.69,14823.26,NaN,NaN,NaN
12299,1417.82,15355.67,NaN,NaN,NaN
12300,1596.35,14924.15,NaN,NaN,NaN
12301,975.37,15046.94,2,2,0.0000
12302,1277.49,14940.10,NaN,NaN,NaN
12303,1164.06,14969.38,0,0,0.0000
12304,1606.46,15077.97,NaN,NaN,NaN
12305,1251.36,14761.50,2,3,0.0000
12306,1301.64,14849.94,2,4,2.0000
12307,1331.43,14925.84,NaN,NaN,NaN
12308,1611.92,15462.21,NaN,NaN,NaN
12309,1473.47,14880.60,0,0,0.0000
12310,1040.02,15009.85,NaN,NaN,NaN
12311,1393.20,14834.48,0,0,0.0000
12312,1542.80,15225.95,NaN,NaN,NaN
12313,1225.34,15009.55,NaN,NaN,NaN
12314,1517.86,15394.15,0,0,0.0000
12315,1243.81,14830.33,NaN,NaN,NaN
12316,1182.39,14820.47,NaN,NaN,NaN
12317,1391.17,14777.94,NaN,NaN,NaN
12318,1658.57,15128.98,NaN,NaN,NaN
12319,1479.11,14965.14,0,0,0.0000
12320,1629.30,15244.09,NaN,NaN,NaN
12321,1382.85,15112.18,3,3,0.0000
12322,1622.87,14992.34,0,0,0.0000
12323,1085.04,15285.15,NaN,NaN,NaN
12324,1188.27,14763.51,0,0,0.0000
12325,1074.44,15191.82,NaN,NaN,NaN
12326,928.43,14828.32,NaN,NaN,NaN
12327,1475.20,15418.41,NaN,NaN,NaN
12328,1529.19,15447.48,NaN,NaN,NaN
12329,1548.07,15181.55,0,0,0.0000
12330,1441.91,15254.98,NaN,NaN,NaN
12331,909.88,14933.65,0,0,0.0000
12332,1636.58,14874.50,0,0,0.0000
12333,1334.14,15141.66,0,0,0.0000
12334,897.69,14745.48,NaN,NaN,NaN
12335,1613.87,15168.68,NaN,NaN,NaN
12336,1244.51,14882.47,NaN,NaN,NaN
12337,1231.28,14951.85,NaN,NaN,NaN
12338,1585.32,15355.04,NaN,NaN,NaN
12339,1534.84,14904.60,2,4,2.0000
12340,1539.20,15083.75,0,0,0.0000
12341,1692.04,15214.35,NaN,NaN,NaN
12342,1809.93,14731.88,NaN,NaN,NaN
12343,1744.89,15414.40,NaN,NaN,NaN
12344,1780.55,15248.25,NaN,NaN,NaN
12345,1893.53,14852.60,NaN,NaN,NaN
12346,1888.75,15468.22,NaN,NaN,NaN
12347,2013.00,15318.74,NaN,NaN,NaN
12348,1867.81,15394.83,NaN,NaN,NaN
12349,1850.40,14998.53,NaN,NaN,NaN
12350,1813.45,15396.57,NaN,NaN,NaN
12351,1706.94,15342.38,0,0,0.0000
12352,1695.91,14981.64,2,3,0.0000
12353,1826.46,14837.84,0,0,0.0000
12354,1670.20,14918.61,NaN,NaN,NaN
12355,1743.26,15303.31,NaN,NaN,NaN
12356,1723.29,15102.22,0,0,0.0000
12357,1942.56,14919.93,NaN,NaN,NaN
12358,1815.06,15314.98,0,0,0.0000
12359,1715.71,15032.73,NaN,NaN,NaN
12360,2052.32,15362.49,NaN,NaN,NaN
12361,2034.54,15257.64,NaN,NaN,NaN
12362,1754.76,15150.28,0,0,0.0000
12363,2068.87,15415.55,3,3,0.0000
12364,1842.55,15335.26,2,2,0.0000
12365,1892.58,15056.52,NaN,NaN,NaN
12366,1670.03,15068.94,0,0,0.0000
12367,1735.32,14943.92,NaN,NaN,NaN
12368,1774.95,15357.86,0,0,0.0000
12369,1832.14,15462.80,2,2,0.0000
12370,1975.14,15241.28,0,0,0.0000
12371,3881.40,14809.16,NaN,NaN,NaN
12372,3839.13,14872.56,0,0,0.0000
12373,3961.41,14848.29,2,3,0.0000
12374,3768.93,14825.29,2,3,0.0000
12375,3916.95,14749.50,NaN,NaN,NaN
12376,4239.46,14997.61,NaN,NaN,NaN
12377,4183.17,15092.73,0,0,0.0000
12378,4120.35,14738.38,2,2,0.0000
12379,4085.47,14949.68,NaN,NaN,NaN
12380,4564.80,15467.10,NaN,NaN,NaN
12381,4585.67,15240.41,NaN,NaN,NaN
12382,4241.17,14743.36,NaN,NaN,NaN
12383,4066.05,14852.27,0,0,0.0000
12384,4505.04,15261.63,0,0,0.0000
12385,4463.50,14816.89,NaN,NaN,NaN
12386,4176.02,14826.39,NaN,NaN,NaN
12387,4388.92,14839.68,4,4,0.0000
12388,4342.36,14917.59,0,0,0.0000
12389,4404.39,15356.18,0,0,0.0000
12390,4372.86,15188.92,NaN,NaN,NaN
12391,4088.40,15077.46,2,3,0.0000
12392,4620.24,14787.37,0,0,0.0000
12393,4702.80,15198.32,NaN,NaN,NaN
12394,4035.85,15025.17,0,0,0.0000
12395,4444.41,15223.79,NaN,NaN,NaN
12396,4431.32,14962.24,NaN,NaN,NaN
12397,4200.51,14904.92,NaN,NaN,NaN
12398,4280.35,14872.38,2,5,2.5000
12399,4223.00,15181.73,NaN,NaN,NaN
12400,4586.41,15345.61,0,0,0.0000
12401,4355.85,14996.01,NaN,NaN,NaN
12402,4455.07,15059.15,NaN,NaN,NaN
12403,4511.20,15057.66,NaN,NaN,NaN
12404,4666.81,14899.68,0,0,0.0000
12405,4327.50,14755.24,0,0,0.0000
12406,4630.65,15426.17,2,6,3.0000
12407,4541.21,14907.03,3,2,0.0000
12408,3985.42,14723.50,0,0,0.0000
12409,4492.46,14747.45,NaN,NaN,NaN
12410,4108.12,15145.48,3,4,0.0000
12411,4488.55,15474.49,0,0,0.0000
12412,4617.62,14987.27,0,0,0.0000
12413,4540.70,15139.68,2,2,0.0000
12414,4264.53,15259.96,NaN,NaN,NaN
12415,4565.56,15071.57,NaN,NaN,NaN
12416,4392.42,15096.57,NaN,NaN,NaN
12417,4601.83,14897.01,2,1,0.0000
12418,4403.39,14759.79,5,6,0.0000
12419,4341.39,15397.05,NaN,NaN,NaN
12420,4336.19,15288.82,0,0,0.0000
12421,4040.72,15128.84,NaN,NaN,NaN
12422,4687.91,15367.26,2,2,0.0000
12423,4675.68,15303.86,NaN,NaN,NaN
12424,4635.95,14843.44,NaN,NaN,NaN
12425,4183.26,15229.64,NaN,NaN,NaN
12426,4695.54,15066.31,NaN,NaN,NaN
12427,4676.38,15450.69,2,3,0.0000
12428,4640.45,15162.97,2,3,0.0000
12429,4390.02,15434.53,0,0,0.0000
12430,4425.10,15485.82,0,0,0.0000
12431,4636.95,15058.59,0,0,0.0000
12432,4302.79,15135.64,0,0,0.0000
12433,4295.08,15199.12,2,7,3.5000
12434,4339.26,15073.53,NaN,NaN,NaN
12435,4466.25,15148.92,NaN,NaN,NaN
12436,4704.55,14844.78,0,0,0.0000
12437,4580.81,15021.80,NaN,NaN,NaN
12438,4261.39,15104.26,0,0,0.0000
12439,4705.81,14935.79,NaN,NaN,NaN
12440,4568.27,14770.72,NaN,NaN,NaN
12441,4730.29,15285.62,0,0,0.0000
12442,4732.91,15131.43,NaN,NaN,NaN
12443,4674.60,15124.88,0,0,0.0000
12444,4689.24,15006.51,0,0,0.0000
12445,4087.47,15204.95,0,0,0.0000
12446,4519.85,14853.33,0,0,0.0000
12447,4382.40,15254.70,NaN,NaN,NaN
12448,4033.61,14756.37,2,3,0.0000
12449,4448.83,15427.47,0,0,0.0000
12450,4678.90,14808.66,0,0,0.0000
12451,4283.33,15320.08,NaN,NaN,NaN
12452,4600.87,15172.45,NaN,NaN,NaN
12453,4484.10,14944.10,0,0,0.0000
12454,4689.48,14723.08,0,0,0.0000
12455,4662.98,15252.77,0,0,0.0000
12456,4550.95,14823.41,4,4,0.0000
12457,4322.02,15230.07,0,0,0.0000
12458,4613.14,15119.71,0,0,0.0000
12459,5451.13,14756.10,3,2,0.0000
12460,5041.30,15044.81,0,0,0.0000
12461,5488.36,15469.76,NaN,NaN,NaN
12462,5066.12,15433.47,NaN,NaN,NaN
12463,4798.27,15063.75,0,0,0.0000
12464,5308.89,15307.66,NaN,NaN,NaN
12465,4808.13,14784.88,3,6,2.0000
12466,5371.05,15404.86,NaN,NaN,NaN
12467,5341.17,15025.69,NaN,NaN,NaN
12468,4850.60,15230.08,NaN,NaN,NaN
12469,4747.82,15395.74,2,7,3.5000
12470,4779.79,14860.40,0,0,0.0000
12471,5045.18,15313.35,2,5,2.5000
12472,4932.90,14785.56,NaN,NaN,NaN
12473,5240.85,14972.78,2,3,0.0000
12474,5096.29,15150.94,2,2,0.0000
12475,5328.46,15122.41,NaN,NaN,NaN
12476,5313.78,14907.30,0,0,0.0000
12477,5052.96,14917.51,2,2,0.0000
12478,5170.62,14920.29,NaN,NaN,NaN
12479,4791.36,15152.94,NaN,NaN,NaN
12480,4887.85,15018.50,0,0,0.0000
12481,5406.55,15198.43,0,0,0.0000
12482,4804.75,14917.27,0,0,0.0000
12483,5128.91,15288.67,NaN,NaN,NaN
12484,4922.17,15209.12,3,3,0.0000
12485,5272.75,14760.67,NaN,NaN,NaN
12486,4961.20,14926.58,0,0,0.0000
12487,5501.22,15121.27,0,0,0.0000
12488,4833.46,15383.48,NaN,NaN,NaN
12489,5031.75,14858.52,2,1,0.0000
12490,4930.59,15048.25,NaN,NaN,NaN
12491,4828.35,15453.08,2,4,2.0000
12492,4739.72,14749.10,0,0,0.0000
12493,5404.15,15052.70,2,1,0.0000
12494,4896.18,15423.95,0,0,0.0000
12495,5201.82,15327.18,NaN,NaN,NaN
12496,5101.00,14736.51,0,0,0.0000
12497,4915.57,14847.53,0,0,0.0000
12498,4795.98,15259.91,NaN,NaN,NaN
12499,4891.94,15129.66,NaN,NaN,NaN
12500,4745.35,15483.45,NaN,NaN,NaN
12501,4929.99,15365.15,2,2,0.0000
12502,4991.94,15182.62,NaN,NaN,NaN
12503,5058.99,14790.15,0,0,0.0000
12504,5013.13,15457.64,NaN,NaN,NaN
12505,4750.53,14977.00,2,4,2.0000
12506,5343.21,15484.38,NaN,NaN,NaN
12507,5485.60,15210.87,NaN,NaN,NaN
12508,5408.61,14893.96,NaN,NaN,NaN
12509,5472.97,15011.84,0,0,0.0000
12510,5120.02,14950.32,NaN,NaN,NaN
12511,5218.53,15171.12,2,4,2.0000
12512,5301.29,15223.96,2,7,3.5000
12513,4952.88,15114.81,NaN,NaN,NaN
12514,5147.49,15164.99,3,6,2.0000
12515,5092.09,15374.69,NaN,NaN,NaN
12516,5108.39,14852.68,0,0,0.0000
12517,5355.20,15356.87,NaN,NaN,NaN
12518,5212.38,14862.83,3,3,0.0000
12519,4819.80,14975.56,0,0,0.0000
12520,5065.52,15229.44,NaN,NaN,NaN
12521,5446.30,14946.15,0,0,0.0000
12522,5366.89,14853.16,0,0,0.0000
12523,5151.75,14818.52,0,0,0.0000
12524,5368.42,14950.80,0,0,0.0000
12525,5206.73,15402.59,NaN,NaN,NaN
12526,4989.80,15377.19,NaN,NaN,NaN
12527,4892.01,14752.36,0,0,0.0000
12528,5350.17,14802.78,NaN,NaN,NaN
12529,5418.59,15318.32,2,5,2.5000
12530,5259.01,14827.35,NaN,NaN,NaN
12531,5162.48,14764.18,0,0,0.0000
12532,5429.67,15272.52,NaN,NaN,NaN
12533,5460.04,14869.03,0,0,0.0000
12534,5253.00,15437.35,0,0,0.0000
12535,5182.89,15037.81,0,0,0.0000
12536,5004.71,15239.00,NaN,NaN,NaN
12537,5349.39,15192.97,0,0,0.0000
12538,5235.65,15268.86,0,0,0.0000
12539,4816.30,15322.55,NaN,NaN,NaN
12540,4950.42,15456.96,NaN,NaN,NaN
12541,4949.31,15263.66,NaN,NaN,NaN
12542,5160.09,15217.54,NaN,NaN,NaN
12543,5112.35,15225.81,NaN,NaN,NaN
12544,5376.30,15260.95,0,0,0.0000
12545,5268.13,15396.20,0,0,0.0000
12546,4980.61,14835.41,0,0,0.0000
12547,4840.56,15011.73,0,0,0.0000
12548,4934.33,15309.86,NaN,NaN,NaN
12549,4769.18,15308.86,2,4,2.0000
12550,5152.60,15061.78,0,0,0.0000
12551,5032.49,15153.28,0,0,0.0000
12552,5304.15,14804.47,0,0,0.0000
12553,5446.04,15092.98,0,0,0.0000
12554,5264.17,14895.47,0,0,0.0000
12555,4975.53,14721.87,0,0,0.0000
12556,5461.37,15160.66,0,0,0.0000
12557,4877.19,15322.23,NaN,NaN,NaN
12558,4952.83,14971.90,NaN,NaN,NaN
12559,4752.59,15087.03,NaN,NaN,NaN
12560,5402.20,15127.36,0,0,0.0000
12561,4993.40,15282.40,0,0,0.0000
12562,5156.48,15450.09,0,0,0.0000
12563,5151.65,15322.36,0,0,0.0000
12564,5625.79,15147.03,2,9,4.5000
12565,5530.75,14926.40,0,0,0.0000
12566,5573.88,15060.63,NaN,NaN,NaN
12567,5839.16,14838.39,NaN,NaN,NaN
12568,5809.43,14990.15,0,0,0.0000
12569,5616.50,15267.18,NaN,NaN,NaN
12570,5521.28,15270.10,NaN,NaN,NaN
12571,5659.01,14986.12,0,0,0.0000
12572,5532.93,15381.89,0,0,0.0000
12573,5728.64,14809.32,NaN,NaN,NaN
12574,5781.15,14825.41,2,3,0.0000
12575,5677.89,14768.42,NaN,NaN,NaN
12576,5684.34,15064.50,NaN,NaN,NaN
12577,5674.68,15279.84,NaN,NaN,NaN
12578,5664.80,14836.57,NaN,NaN,NaN
12579,5621.45,14895.87,2,4,2.0000
12580,5602.90,14984.35,NaN,NaN,NaN
12581,5724.38,15210.14,0,0,0.0000
12582,5701.74,15168.62,0,0,0.0000
12583,5792.27,14886.92,NaN,NaN,NaN
12584,5723.42,15049.58,NaN,NaN,NaN
12585,5683.67,14941.84,3,4,0.0000
12586,5753.44,14972.74,NaN,NaN,NaN
12587,5533.21,15174.95,0,0,0.0000
12588,5973.05,14991.11,NaN,NaN,NaN
12589,5629.10,14856.94,NaN,NaN,NaN
12590,5507.63,15320.80,0,0,0.0000
12591,5717.01,15294.72,NaN,NaN,NaN
12592,5636.64,15044.16,NaN,NaN,NaN
12593,5670.78,15211.10,0,0,0.0000
12594,5738.99,14870.42,2,4,2.0000
12595,7632.09,14740.69,NaN,NaN,NaN
12596,7267.75,14800.21,NaN,NaN,NaN
12597,7484.54,14732.31,NaN,NaN,NaN
12598,7926.59,14814.66,0,0,0.0000
12599,7974.90,14896.12,2,4,2.0000
12600,7874.20,14832.35,3,4,0.0000
12601,7867.69,14748.29,NaN,NaN,NaN
12602,8064.48,14829.97,0,0,0.0000
12603,7988.05,14786.63,NaN,NaN,NaN
12604,7965.20,15012.74,0,0,0.0000
12605,7902.63,14759.50,NaN,NaN,NaN
12606,7916.76,15069.70,0,0,0.0000
12607,8127.04,15447.19,0,0,0.0000
12608,8041.09,14774.92,NaN,NaN,NaN
12609,8009.58,15015.51,0,0,0.0000
12610,7913.96,14893.05,2,5,2.5000
12611,8122.12,15355.97,0,0,0.0000
12612,7928.17,15110.69,0,0,0.0000
12613,8078.28,15033.70,0,0,0.0000
12614,7952.94,14965.17,2,4,2.0000
12615,7964.06,15128.68,0,0,0.0000
12616,11845.63,14750.83,2,2,0.0000
12617,11935.53,14759.84,NaN,NaN,NaN
12618,12361.01,14911.18,0,0,0.0000
12619,11796.33,14834.70,0,0,0.0000
12620,12116.71,14728.81,NaN,NaN,NaN
12621,12075.15,14753.51,0,0,0.0000
12622,12811.95,15393.58,4,3,0.0000
12623,12511.84,15409.87,0,0,0.0000
12624,12666.98,15441.80,NaN,NaN,NaN
12625,12590.29,15383.89,3,4,0.0000
12626,12921.08,15471.99,0,0,0.0000
12627,12585.03,15453.17,NaN,NaN,NaN
12628,12594.43,15334.70,NaN,NaN,NaN
12629,13176.78,15487.50,0,0,0.0000
12630,13122.79,15484.89,0,0,0.0000
12631,12907.30,15396.63,0,0,0.0000
12632,12529.25,15461.12,NaN,NaN,NaN
12633,13884.20,15448.22,NaN,NaN,NaN
12634,13935.33,15253.53,NaN,NaN,NaN
12635,13836.28,15301.31,NaN,NaN,NaN
12636,13769.48,15383.58,NaN,NaN,NaN
12637,13847.41,15385.34,0,0,0.0000
12638,13760.70,15482.04,NaN,NaN,NaN
12639,13875.79,15207.55,3,3,0.0000
12640,13935.39,15338.17,3,5,0.0000
12641,13766.98,15440.67,0,0,0.0000
12642,13766.59,15304.06,2,8,4.0000
12643,13979.47,14994.13,NaN,NaN,NaN
12644,14317.95,15008.47,NaN,NaN,NaN
12645,13992.38,15113.95,2,9,4.5000
12646,14070.78,15403.46,NaN,NaN,NaN
12647,14252.12,15162.91,NaN,NaN,NaN
12648,14040.29,15185.86,NaN,NaN,NaN
12649,14114.31,15250.68,0,0,0.0000
12650,14228.04,15251.50,NaN,NaN,NaN
12651,14009.96,15288.00,NaN,NaN,NaN
12652,14133.29,15353.80,0,0,0.0000
12653,14005.82,15384.68,NaN,NaN,NaN
12654,14123.27,15119.70,0,0,0.0000
12655,14148.89,15174.73,NaN,NaN,NaN
12656,14416.49,14955.36,NaN,NaN,NaN
12657,14513.92,14826.84,NaN,NaN,NaN
12658,14355.79,14868.22,NaN,NaN,NaN
12659,14179.72,15322.84,0,0,0.0000
12660,14142.57,15047.31,2,3,0.0000
12661,14439.29,14848.27,NaN,NaN,NaN
12662,14501.64,14925.37,2,2,0.0000
12663,14155.89,14986.88,0,0,0.0000
12664,14407.75,14904.13,2,5,2.5000
12665,14221.74,15023.26,0,0,0.0000
12666,14232.68,15067.38,NaN,NaN,NaN
12667,14500.67,14861.01,0,0,0.0000
12668,14139.05,15420.92,0,0,0.0000
12669,14180.90,15079.38,2,5,2.5000
12670,14482.33,14885.78,0,0,0.0000
12671,14463.03,14898.22,NaN,NaN,NaN
12672,15400.26,15481.35,NaN,NaN,NaN
12673,15250.40,15472.33,2,3,0.0000
12674,14977.36,15473.22,2,4,2.0000
12675,15207.61,15399.60,2,7,3.5000
12676,15151.09,15415.62,0,0,0.0000
12677,15354.63,15421.31,NaN,NaN,NaN
12678,14981.88,15403.46,0,0,0.0000
12679,746.13,15996.55,NaN,NaN,NaN
12680,831.91,16311.54,NaN,NaN,NaN
12681,789.78,16281.41,NaN,NaN,NaN
12682,798.28,16098.36,NaN,NaN,NaN
12683,562.41,16218.15,2,4,2.0000
12684,745.34,16299.47,2,2,0.0000
12685,891.92,16138.09,2,3,0.0000
12686,585.36,16271.42,2,2,0.0000
12687,607.96,16322.94,NaN,NaN,NaN
12688,885.85,15863.15,2,4,2.0000
12689,746.26,16210.09,2,2,0.0000
12690,662.82,16254.75,NaN,NaN,NaN
12691,100.09,15655.73,NaN,NaN,NaN
12692,713.28,16123.77,0,0,0.0000
12693,741.10,15778.08,0,0,0.0000
12694,160.85,15667.58,0,0,0.0000
12695,858.39,16057.16,0,0,0.0000
12696,94.85,15589.36,0,0,0.0000
12697,629.27,16187.83,0,0,0.0000
12698,831.46,15949.65,NaN,NaN,NaN
12699,520.70,15508.85,NaN,NaN,NaN
12700,839.56,16173.50,0,0,0.0000
12701,56.22,15532.08,2,3,0.0000
12702,127.46,15726.85,0,0,0.0000
12703,45.84,15852.14,NaN,NaN,NaN
12704,480.82,16295.97,NaN,NaN,NaN
12705,169.42,15602.39,NaN,NaN,NaN
12706,775.79,15867.05,NaN,NaN,NaN
12707,124.68,15550.45,NaN,NaN,NaN
12708,814.44,15801.08,0,0,0.0000
12709,704.96,15854.73,NaN,NaN,NaN
12710,894.20,15816.73,NaN,NaN,NaN
12711,783.27,15745.48,NaN,NaN,NaN
12712,696.52,16197.23,NaN,NaN,NaN
12713,48.52,15993.05,NaN,NaN,NaN
12714,172.14,15536.98,NaN,NaN,NaN
12715,67.76,15684.91,NaN,NaN,NaN
12716,681.00,16031.32,0,0,0.0000
12717,500.41,16233.04,NaN,NaN,NaN
12718,641.87,16029.73,0,0,0.0000
12719,682.16,15793.28,NaN,NaN,NaN
12720,82.86,15952.51,0,0,0.0000
12721,446.82,16343.95,NaN,NaN,NaN
12722,621.69,16108.01,0,0,0.0000
12723,831.02,16228.40,NaN,NaN,NaN
12724,785.92,16170.73,NaN,NaN,NaN
12725,672.55,16165.22,NaN,NaN,NaN
12726,518.56,16336.40,2,3,0.0000
12727,1000.50,16272.95,NaN,NaN,NaN
12728,917.31,16254.11,NaN,NaN,NaN
12729,1243.33,16176.79,NaN,NaN,NaN
12730,1445.42,16317.23,NaN,NaN,NaN
12731,949.60,16024.32,0,0,0.0000
12732,1007.88,16116.66,0,0,0.0000
12733,1157.54,16179.10,NaN,NaN,NaN
12734,1335.07,16184.25,0,0,0.0000
12735,1132.48,16314.52,2,3,0.0000
12736,1050.71,16060.03,3,3,0.0000
12737,1219.74,15890.42,0,0,0.0000
12738,1262.09,16265.95,NaN,NaN,NaN
12739,1152.37,15914.63,NaN,NaN,NaN
12740,1190.40,16274.11,NaN,NaN,NaN
12741,1170.43,16114.21,NaN,NaN,NaN
12742,1226.80,16078.10,NaN,NaN,NaN
12743,1101.68,15881.51,NaN,NaN,NaN
12744,974.97,15923.82,NaN,NaN,NaN
12745,1315.13,16311.05,2,2,0.0000
12746,1150.14,16002.18,NaN,NaN,NaN
12747,909.43,15925.20,0,0,0.0000
12748,1389.19,16263.48,NaN,NaN,NaN
12749,1511.54,16218.79,NaN,NaN,NaN
12750,1052.06,15908.55,2,4,2.0000
12751,954.74,16151.55,0,0,0.0000
12752,1196.77,15984.38,0,0,0.0000
12753,1023.26,15849.23,0,0,0.0000
12754,1207.68,16040.89,0,0,0.0000
12755,1056.03,15960.57,2,2,0.0000
12756,1112.80,15746.17,NaN,NaN,NaN
12757,1062.54,15780.52,NaN,NaN,NaN
12758,1006.71,15806.09,0,0,0.0000
12759,1138.31,15842.47,NaN,NaN,NaN
12760,1071.90,15842.36,NaN,NaN,NaN
12761,1019.13,15993.74,0,0,0.0000
12762,1065.72,16173.58,0,0,0.0000
12763,1069.98,16246.75,0,0,0.0000
12764,1175.56,15716.98,NaN,NaN,NaN
12765,1105.07,16038.44,NaN,NaN,NaN
12766,1131.43,15692.89,NaN,NaN,NaN
12767,1382.26,16209.73,NaN,NaN,NaN
12768,897.71,16038.00,0,0,0.0000
12769,1067.40,16007.65,NaN,NaN,NaN
12770,1096.51,15996.25,0,0,0.0000
12771,941.83,15890.21,NaN,NaN,NaN
12772,1141.33,16068.18,0,0,0.0000
12773,1215.89,16344.39,2,1,0.0000
12774,1816.27,15517.48,2,4,2.0000
12775,1682.80,16252.43,NaN,NaN,NaN
12776,1740.58,15509.04,NaN,NaN,NaN
12777,1742.96,16259.49,NaN,NaN,NaN
12778,1836.90,16196.96,NaN,NaN,NaN
12779,2333.95,16256.83,NaN,NaN,NaN
12780,1826.85,15585.04,NaN,NaN,NaN
12781,1913.93,15570.51,NaN,NaN,NaN
12782,2415.06,16279.46,NaN,NaN,NaN
12783,2272.86,16342.65,NaN,NaN,NaN
12784,1787.53,16216.59,4,7,0.0000
12785,1852.75,15621.23,NaN,NaN,NaN
12786,2363.22,16296.48,0,0,0.0000
12787,2367.17,16224.66,0,0,0.0000
12788,1758.97,16207.86,0,0,0.0000
12789,2417.10,16210.46,NaN,NaN,NaN
12790,1905.59,15626.11,NaN,NaN,NaN
12791,1888.73,16223.53,0,0,0.0000
12792,1870.15,16300.05,2,2,0.0000
12793,1803.00,15643.27,0,0,0.0000
12794,1773.98,15604.01,0,0,0.0000
12795,1844.39,16126.93,0,0,0.0000
12796,2485.05,16268.01,NaN,NaN,NaN
12797,2622.96,16330.42,2,5,2.5000
12798,3174.56,15823.42,0,0,0.0000
12799,2531.77,16341.24,0,0,0.0000
12800,2571.82,16292.08,0,0,0.0000
12801,3328.57,16153.66,5,6,0.0000
12802,3252.67,16038.37,0,0,0.0000
12803,3338.20,16227.66,NaN,NaN,NaN
12804,3271.36,16183.90,0,0,0.0000
12805,3313.98,16076.37,NaN,NaN,NaN
12806,3246.19,16105.22,0,0,0.0000
12807,3222.42,15958.81,2,3,0.0000
12808,4538.10,15940.22,3,4,0.0000
12809,4668.27,16270.19,0,0,0.0000
12810,4465.43,16137.78,0,0,0.0000
12811,4418.96,15913.01,NaN,NaN,NaN
12812,4322.27,16177.51,2,10,5.0000
12813,4394.39,15680.05,0,0,0.0000
12814,4659.37,15549.52,0,0,0.0000
12815,4494.17,15672.08,NaN,NaN,NaN
12816,4588.91,16155.90,0,0,0.0000
12817,4568.35,15622.79,0,0,0.0000
12818,4378.52,16082.03,NaN,NaN,NaN
12819,4645.00,15959.08,0,0,0.0000
12820,4671.36,15753.15,0,0,0.0000
12821,4508.81,15580.60,2,3,0.0000
12822,4575.78,16271.33,0,0,0.0000
12823,4671.97,16165.73,0,0,0.0000
12824,4379.07,15566.80,0,0,0.0000
12825,4663.99,15663.26,0,0,0.0000
12826,4468.08,16045.91,0,0,0.0000
12827,4605.72,16062.10,0,0,0.0000
12828,4677.19,16037.62,NaN,NaN,NaN
12829,4445.89,15580.61,0,0,0.0000
12830,4512.93,16307.29,0,0,0.0000
12831,4483.92,15788.15,0,0,0.0000
12832,4293.98,16279.04,0,0,0.0000
12833,4664.38,15876.54,0,0,0.0000
12834,4589.56,15705.40,0,0,0.0000
12835,4526.39,15758.52,0,0,0.0000
12836,4441.55,16298.08,0,0,0.0000
12837,4346.22,15887.57,0,0,0.0000
12838,4462.05,15523.16,0,0,0.0000
12839,4327.49,16045.03,NaN,NaN,NaN
12840,4678.69,16097.22,0,0,0.0000
12841,4539.21,16196.21,0,0,0.0000
12842,4350.80,15495.82,NaN,NaN,NaN
12843,4734.47,16136.61,0,0,0.0000
12844,4363.99,16001.09,3,5,0.0000
12845,4415.86,15774.78,0,0,0.0000
12846,4395.97,16185.25,0,0,0.0000
12847,4523.25,16256.13,NaN,NaN,NaN
12848,4406.20,16262.56,NaN,NaN,NaN
12849,4594.43,15567.44,0,0,0.0000
12850,4479.02,16226.88,0,0,0.0000
12851,4396.09,16224.17,0,0,0.0000
12852,4293.49,15641.48,NaN,NaN,NaN
12853,4397.52,15984.36,NaN,NaN,NaN
12854,4367.23,15948.12,NaN,NaN,NaN
12855,4804.72,15809.43,0,0,0.0000
12856,5356.38,15574.81,0,0,0.0000
12857,4774.96,15571.59,5,3,0.0000
12858,4899.90,15929.62,0,0,0.0000
12859,5184.67,15788.26,0,0,0.0000
12860,5006.16,15929.38,NaN,NaN,NaN
12861,4808.15,16219.24,0,0,0.0000
12862,5096.92,15703.47,0,0,0.0000
12863,5151.21,15574.64,0,0,0.0000
12864,5230.38,15649.84,0,0,0.0000
12865,4764.91,15992.57,0,0,0.0000
12866,5274.29,16320.75,NaN,NaN,NaN
12867,5000.46,16310.10,0,0,0.0000
12868,4907.71,15669.66,0,0,0.0000
12869,4985.69,15841.22,0,0,0.0000
12870,4866.40,15552.36,NaN,NaN,NaN
12871,4902.88,16041.89,0,0,0.0000
12872,5088.57,16081.66,NaN,NaN,NaN
12873,5020.96,15556.37,NaN,NaN,NaN
12874,4933.65,15529.04,NaN,NaN,NaN
12875,4740.56,15897.54,0,0,0.0000
12876,4779.34,16087.26,0,0,0.0000
12877,4994.56,15715.59,NaN,NaN,NaN
12878,5230.26,15513.42,0,0,0.0000
12879,5188.85,16038.52,0,0,0.0000
12880,4964.45,16134.75,0,0,0.0000
12881,5392.99,15869.59,0,0,0.0000
12882,4834.92,15640.45,NaN,NaN,NaN
12883,4881.21,16174.73,0,0,0.0000
12884,5081.58,15871.96,0,0,0.0000
12885,4998.75,16068.97,0,0,0.0000
12886,5158.17,15900.98,NaN,NaN,NaN
12887,5437.77,15789.81,0,0,0.0000
12888,4889.95,16281.10,0,0,0.0000
12889,5148.49,15987.68,NaN,NaN,NaN
12890,5001.56,16000.62,NaN,NaN,NaN
12891,4953.05,16237.75,0,0,0.0000
12892,5259.16,15992.82,NaN,NaN,NaN
12893,5282.91,15774.00,NaN,NaN,NaN
12894,5070.60,16174.18,0,0,0.0000
12895,4995.54,15784.88,NaN,NaN,NaN
12896,5031.90,15632.70,0,0,0.0000
12897,5199.68,15713.93,NaN,NaN,NaN
12898,5360.29,15793.97,NaN,NaN,NaN
12899,4828.38,16328.90,0,0,0.0000
12900,5071.03,16029.44,0,0,0.0000
12901,5296.08,15528.81,NaN,NaN,NaN
12902,4924.05,15759.10,0,0,0.0000
12903,5291.23,16363.00,NaN,NaN,NaN
12904,5128.19,15505.72,NaN,NaN,NaN
12905,4974.46,15671.48,NaN,NaN,NaN
12906,4785.54,16295.63,0,0,0.0000
12907,5350.78,15681.80,NaN,NaN,NaN
12908,5496.85,15671.18,NaN,NaN,NaN
12909,5171.90,16094.01,NaN,NaN,NaN
12910,5434.71,15686.78,NaN,NaN,NaN
12911,5484.59,15728.16,NaN,NaN,NaN
12912,5371.63,16307.28,NaN,NaN,NaN
12913,5058.95,16276.24,0,0,0.0000
12914,5080.54,15978.59,NaN,NaN,NaN
12915,5384.70,15753.10,0,0,0.0000
12916,5420.07,15635.46,0,0,0.0000
12917,4746.73,16248.89,NaN,NaN,NaN
12918,4972.52,15587.79,3,5,0.0000
12919,5285.66,15622.83,0,0,0.0000
12920,5216.47,16100.42,0,0,0.0000
12921,5473.06,15636.16,0,0,0.0000
12922,5078.89,15540.73,NaN,NaN,NaN
12923,4760.25,15665.32,0,0,0.0000
12924,5477.14,15549.57,0,0,0.0000
12925,5466.00,15595.08,0,0,0.0000
12926,5249.04,15715.69,0,0,0.0000
12927,5908.06,16240.83,0,0,0.0000
12928,5514.24,15611.22,NaN,NaN,NaN
12929,5567.29,15529.93,0,0,0.0000
12930,5992.57,16253.71,0,0,0.0000
12931,5552.97,15568.71,0,0,0.0000
12932,8103.27,15523.37,NaN,NaN,NaN
12933,8087.00,15642.05,NaN,NaN,NaN
12934,8129.39,15874.50,NaN,NaN,NaN
12935,8128.49,15776.52,NaN,NaN,NaN
12936,8136.23,15828.24,2,2,0.0000
12937,9242.62,16293.85,0,0,0.0000
12938,9298.61,16304.38,2,2,0.0000
12939,9195.73,16202.47,NaN,NaN,NaN
12940,9240.28,16345.23,0,0,0.0000
12941,10105.42,15954.85,NaN,NaN,NaN
12942,10015.28,15956.08,NaN,NaN,NaN
12943,10065.73,15987.99,NaN,NaN,NaN
12944,10269.83,15738.81,NaN,NaN,NaN
12945,10307.03,15829.60,0,0,0.0000
12946,10196.89,15743.24,3,3,0.0000
12947,10133.32,15880.42,NaN,NaN,NaN
12948,10171.77,16015.90,NaN,NaN,NaN
12949,10337.28,15967.17,3,8,2.6667
12950,10133.36,15795.41,0,0,0.0000
12951,10231.61,15985.50,NaN,NaN,NaN
12952,10333.26,15651.60,NaN,NaN,NaN
12953,10117.81,15728.37,0,0,0.0000
12954,10176.96,15955.52,NaN,NaN,NaN
12955,10357.08,16042.23,NaN,NaN,NaN
12956,10434.80,16067.06,NaN,NaN,NaN
12957,10319.23,16051.31,NaN,NaN,NaN
12958,10140.42,15697.80,0,0,0.0000
12959,10294.41,16047.89,NaN,NaN,NaN
12960,11643.94,16182.06,0,0,0.0000
12961,11527.37,16349.90,0,0,0.0000
12962,11504.29,16171.99,0,0,0.0000
12963,11576.86,16141.91,0,0,0.0000
12964,11465.56,16334.92,0,0,0.0000
12965,11785.90,16293.56,NaN,NaN,NaN
12966,12314.82,15537.72,NaN,NaN,NaN
12967,12068.81,15855.83,0,0,0.0000
12968,12384.02,15764.42,3,4,0.0000
12969,11725.51,16133.76,0,0,0.0000
12970,12205.12,15774.02,0,0,0.0000
12971,12171.56,15545.53,NaN,NaN,NaN
12972,11955.24,15682.88,NaN,NaN,NaN
12973,12024.15,15645.98,0,0,0.0000
12974,12265.95,15749.87,0,0,0.0000
12975,12078.47,15584.61,3,5,0.0000
12976,11925.13,15775.98,3,4,0.0000
12977,12182.68,15949.03,0,0,0.0000
12978,12181.47,15617.09,NaN,NaN,NaN
12979,12196.85,16294.83,0,0,0.0000
12980,11655.07,16275.88,NaN,NaN,NaN
12981,12287.86,15659.27,NaN,NaN,NaN
12982,11860.18,16138.31,NaN,NaN,NaN
12983,12155.72,15857.64,NaN,NaN,NaN
12984,11840.57,15681.11,NaN,NaN,NaN
12985,12029.77,15737.80,NaN,NaN,NaN
12986,11955.58,15839.90,0,0,0.0000
12987,12129.37,15659.46,0,0,0.0000
12988,12232.64,15671.07,NaN,NaN,NaN
12989,12149.45,15788.44,NaN,NaN,NaN
12990,12395.44,15831.09,0,0,0.0000
12991,12238.75,16222.25,0,0,0.0000
12992,11786.80,16108.56,0,0,0.0000
12993,11818.08,16169.46,0,0,0.0000
12994,12219.36,15892.20,2,0,0.0000
12995,11994.26,15795.96,0,0,0.0000
12996,12152.03,16255.91,0,0,0.0000
12997,12094.38,15760.21,NaN,NaN,NaN
12998,12114.94,16248.20,0,0,0.0000
12999,12213.45,15853.86,NaN,NaN,NaN
13000,12351.14,15676.37,0,0,0.0000
13001,11901.38,15830.21,0,0,0.0000
13002,11827.69,15723.49,0,0,0.0000
13003,12617.85,15533.73,3,7,2.3333
13004,12487.78,15647.70,2,4,2.0000
13005,12773.56,15561.29,0,0,0.0000
13006,13068.01,15523.02,NaN,NaN,NaN
13007,13000.91,15606.28,NaN,NaN,NaN
13008,12552.73,15697.73,NaN,NaN,NaN
13009,12478.48,15501.65,NaN,NaN,NaN
13010,12730.17,15492.70,NaN,NaN,NaN
13011,12603.90,15609.85,0,0,0.0000
13012,12479.46,15825.84,0,0,0.0000
13013,13177.52,16060.90,0,0,0.0000
13014,13173.48,15567.44,NaN,NaN,NaN
13015,13079.65,15613.59,NaN,NaN,NaN
13016,12675.52,15675.42,NaN,NaN,NaN
13017,13105.81,16125.05,0,0,0.0000
13018,12801.77,15644.59,0,0,0.0000
13019,12981.11,15552.94,0,0,0.0000
13020,12529.41,15561.12,0,0,0.0000
13021,12872.88,15675.02,0,0,0.0000
13022,12614.09,15675.22,0,0,0.0000
13023,12639.45,16338.55,0,0,0.0000
13024,12686.05,15630.87,0,0,0.0000
13025,12675.97,15770.51,NaN,NaN,NaN
13026,12561.57,15799.61,0,0,0.0000
13027,12540.66,15760.39,0,0,0.0000
13028,12532.34,15805.43,0,0,0.0000
13029,13393.67,15915.06,NaN,NaN,NaN
13030,13632.66,15759.95,0,0,0.0000
13031,13810.01,15600.06,0,0,0.0000
13032,13906.67,15586.12,3,3,0.0000
13033,13784.68,15524.56,NaN,NaN,NaN
13034,13693.34,15584.73,2,2,0.0000
13035,13223.32,15966.22,NaN,NaN,NaN
13036,13564.35,15731.72,2,4,2.0000
13037,13805.58,15741.12,NaN,NaN,NaN
13038,13622.34,15645.08,NaN,NaN,NaN
13039,13674.33,15674.00,0,0,0.0000
13040,13459.45,15855.32,NaN,NaN,NaN
13041,13291.59,16012.49,NaN,NaN,NaN
13042,13526.57,15801.43,0,0,0.0000
13043,13742.12,15663.50,0,0,0.0000
13044,13904.15,15684.04,NaN,NaN,NaN
13045,13425.93,15971.93,NaN,NaN,NaN
13046,13656.91,15498.21,0,0,0.0000
13047,13375.82,16000.32,0,0,0.0000
13048,13908.86,15643.97,0,0,0.0000
13049,13710.49,15725.33,0,0,0.0000
13050,13310.04,15527.93,0,0,0.0000
13051,13587.18,15838.42,0,0,0.0000
13052,13624.17,15829.76,0,0,0.0000
13053,13960.13,15510.99,NaN,NaN,NaN
13054,14659.45,16084.98,0,0,0.0000
13055,14717.26,15878.13,NaN,NaN,NaN
13056,14683.32,16204.68,NaN,NaN,NaN
13057,14688.05,15962.96,NaN,NaN,NaN
13058,14570.95,16167.43,NaN,NaN,NaN
13059,14621.21,16167.69,0,0,0.0000
13060,14640.13,16204.44,0,0,0.0000
13061,14077.07,15536.41,0,0,0.0000
13062,14056.16,15558.78,0,0,0.0000
13063,15417.58,16223.89,0,0,0.0000
13064,14940.85,16191.49,NaN,NaN,NaN
13065,14730.18,16023.18,0,0,0.0000
13066,14739.34,16122.47,2,5,2.5000
13067,15042.95,16180.87,2,6,3.0000
13068,15026.40,15668.74,2,7,3.5000
13069,15293.78,15841.05,NaN,NaN,NaN
13070,14949.69,15953.68,4,3,0.0000
13071,15350.99,15878.03,0,0,0.0000
13072,15465.69,15830.79,0,0,0.0000
13073,15449.53,16114.94,0,0,0.0000
13074,15283.56,15662.39,NaN,NaN,NaN
13075,15013.65,15856.55,2,1,0.0000
13076,15257.24,15757.83,0,0,0.0000
13077,14869.65,16091.94,NaN,NaN,NaN
13078,15455.66,15931.71,3,8,2.6667
13079,14808.40,15971.49,NaN,NaN,NaN
13080,15390.84,15938.38,0,0,0.0000
13081,14890.96,15782.46,2,3,0.0000
13082,15349.05,16007.93,NaN,NaN,NaN
13083,15003.36,15552.44,3,4,0.0000
13084,15261.36,15517.59,NaN,NaN,NaN
13085,14837.83,15774.48,0,0,0.0000
13086,14861.29,15886.84,0,0,0.0000
13087,14995.70,15768.34,NaN,NaN,NaN
13088,14784.45,16251.09,0,0,0.0000
13089,14925.12,15538.97,NaN,NaN,NaN
13090,15057.00,16040.97,NaN,NaN,NaN
13091,15350.76,16069.76,NaN,NaN,NaN
13092,15059.44,16259.44,NaN,NaN,NaN
13093,14752.12,15918.06,0,0,0.0000
13094,15460.65,15736.15,2,5,2.5000
13095,15151.84,15712.97,0,0,0.0000
13096,15378.06,16338.78,NaN,NaN,NaN
13097,14786.37,15791.37,4,8,2.0000
13098,14803.91,15682.57,0,0,0.0000
13099,14823.45,15922.50,NaN,NaN,NaN
13100,15301.23,16160.11,NaN,NaN,NaN
13101,14812.23,16116.96,NaN,NaN,NaN
13102,15326.53,15508.81,NaN,NaN,NaN
13103,15389.76,16282.01,0,0,0.0000
13104,15185.90,15541.55,2,0,0.0000
13105,14738.10,16249.13,NaN,NaN,NaN
13106,15077.45,15603.34,0,0,0.0000
13107,15459.65,15672.91,NaN,NaN,NaN
13108,15410.41,15796.29,NaN,NaN,NaN
13109,14755.97,15688.23,NaN,NaN,NaN
13110,14925.74,15782.95,2,3,0.0000
13111,15288.70,16319.70,0,0,0.0000
13112,15314.27,15959.08,NaN,NaN,NaN
13113,15462.05,16201.11,NaN,NaN,NaN
13114,14773.89,16310.66,NaN,NaN,NaN
13115,14788.11,15863.98,NaN,NaN,NaN
13116,15479.65,16361.19,0,0,0.0000
13117,15440.38,15552.78,0,0,0.0000
13118,15411.39,15679.94,NaN,NaN,NaN
13119,15020.55,16108.65,NaN,NaN,NaN
13120,14868.21,16230.96,0,0,0.0000
13121,14970.15,16087.05,NaN,NaN,NaN
13122,14824.64,15836.90,0,0,0.0000
13123,15066.38,16318.08,0,0,0.0000
13124,14820.25,16223.99,0,0,0.0000
13125,14955.44,15878.08,NaN,NaN,NaN
13126,15410.35,16009.85,2,2,0.0000
13127,15329.18,16285.52,NaN,NaN,NaN
13128,15280.73,15548.32,NaN,NaN,NaN
13129,15129.46,16354.96,0,0,0.0000
13130,14953.30,15803.00,0,0,0.0000
13131,14753.87,15788.04,NaN,NaN,NaN
13132,14940.08,16021.04,0,0,0.0000
13133,14822.17,16286.08,NaN,NaN,NaN
13134,14850.77,16164.67,NaN,NaN,NaN
13135,14883.16,16288.67,0,0,0.0000
13136,14913.43,15875.57,0,0,0.0000
13137,14892.25,16145.11,0,0,0.0000
13138,14892.62,15840.50,0,0,0.0000
13139,14881.87,15929.64,0,0,0.0000
13140,14862.41,16291.13,0,0,0.0000
13141,15587.02,16247.48,3,2,0.0000
13142,15508.84,16005.44,NaN,NaN,NaN
13143,15570.49,16084.00,NaN,NaN,NaN
13144,15579.38,16162.83,0,0,0.0000
13145,15642.00,16239.60,0,0,0.0000
13146,15523.41,16235.35,NaN,NaN,NaN
13147,15522.15,16133.24,NaN,NaN,NaN
13148,15492.77,16178.94,NaN,NaN,NaN
