2026-07-11 11:58:49,294 - hybrid_pipeline - INFO - 批次處理開始 — run_id=912062f2, config_hash=db2b7e6a
2026-07-11 11:58:49,296 - m1_overlay - INFO - 配對完成: 441 對 tile
2026-07-11 11:58:50,444 - unet_inference - INFO - 成功載入權重: /data/taro_Projects/tsgh/backend/algorithms/hybrid/models/unet/b4/best_model_unet_b4.pth
2026-07-11 11:58:50,458 - unet_inference - INFO - 模型載入完成，設備: cuda
2026-07-11 11:58:50,701 - cellpose.core - INFO - ** TORCH CUDA version installed and working. **
2026-07-11 11:58:50,701 - cellpose.core - INFO - >>>> using GPU (CUDA)
2026-07-11 11:58:51,458 - cellpose.models - INFO - >>>> loading model /data/taro_Projects/tsgh/backend/algorithms/hybrid/models/cellpose/cellpose_ihc_dish_best
2026-07-11 11:58:51,550 - m2_segmentation - INFO - Cellpose 模型載入完成: cellpose_ihc_dish_best (diameter=None)
2026-07-11 11:58:51,550 - cellpose.core - INFO - ** TORCH CUDA version installed and working. **
2026-07-11 11:58:51,550 - cellpose.core - INFO - >>>> using GPU (CUDA)
2026-07-11 11:58:52,292 - cellpose.models - INFO - >>>> loading model /data/taro_Projects/tsgh/backend/algorithms/hybrid/models/cellpose/cellpose_dish_best
2026-07-11 11:58:52,374 - m2_segmentation - INFO - Cellpose 模型載入完成: cellpose_dish_best (diameter=None)
2026-07-11 11:58:52,374 - hybrid_pipeline - INFO - [1/441] 處理 tile: tile_x0_y0
2026-07-11 11:58:53,740 - cellpose.transforms - INFO - processing image with (1024, 1024) HW, and 3 channels
2026-07-11 11:58:54,607 - m3_module.m3_cells_generator - INFO - All-positive 標註完成: 25 個細胞
2026-07-11 11:58:54,649 - m3_module.m3_cells_generator - INFO - enlarge_cell_instances: 25 顆細胞, factor=1.50(面積), 中位半徑=23.5px, 外擴=5.3px
2026-07-11 11:58:54,649 - cellpose.transforms - INFO - processing image with (1024, 1024) HW, and 3 channels
2026-07-11 11:58:55,212 - hybrid_pipeline - INFO - [2/441] 處理 tile: tile_x0_y10752
2026-07-11 11:58:55,240 - m3_module.m3_elastic_matching - INFO - elastic_dish_nucleus_matching(overlap-first): IHC=25, DISH=27, matched(1核)=13 (其中重疊=13), drop-out(競爭落敗)=3, 無候選(計入)=9, factor=1.50, min_reach=20.0
2026-07-11 11:58:55,294 - cellpose.transforms - INFO - processing image with (1024, 1024) HW, and 3 channels
2026-07-11 11:58:55,499 - m3_module.m3_dot_detection - INFO - detect_all_dots: 紅點=16, 黑點=32, 涉及細胞=25
2026-07-11 11:58:55,695 - m4_module.cell_crops - INFO - 匯出 13 張 per-cell 影像至 docs/hybrid-pipeline/measurement/runs_current/large/cell_crops/tile_x0_y0/cells
2026-07-11 11:58:55,695 - hybrid_pipeline - INFO - Tile tile_x0_y0 完成: 核心擁有 13 細胞 (13 陽性), 3.32 秒
2026-07-11 11:58:55,994 - m3_module.m3_cells_generator - INFO - All-positive 標註完成: 105 個細胞
2026-07-11 11:58:56,052 - m3_module.m3_cells_generator - INFO - enlarge_cell_instances: 105 顆細胞, factor=1.50(面積), 中位半徑=32.2px, 外擴=7.2px
2026-07-11 11:58:56,053 - cellpose.transforms - INFO - processing image with (1024, 1024) HW, and 3 channels
2026-07-11 11:58:56,619 - hybrid_pipeline - INFO - [3/441] 處理 tile: tile_x0_y11520
2026-07-11 11:58:56,655 - m3_module.m3_elastic_matching - INFO - elastic_dish_nucleus_matching(overlap-first): IHC=105, DISH=84, matched(1核)=70 (其中重疊=70), drop-out(競爭落敗)=22, 無候選(計入)=13, factor=1.50, min_reach=20.0
2026-07-11 11:58:56,713 - cellpose.transforms - INFO - processing image with (1024, 1024) HW, and 3 channels
2026-07-11 11:58:57,743 - m3_module.m3_dot_detection - INFO - detect_all_dots: 紅點=84, 黑點=175, 涉及細胞=105
2026-07-11 11:58:58,079 - m4_module.cell_crops - INFO - 匯出 68 張 per-cell 影像至 docs/hybrid-pipeline/measurement/runs_current/large/cell_crops/tile_x0_y10752/cells
2026-07-11 11:58:58,079 - hybrid_pipeline - INFO - Tile tile_x0_y10752 完成: 核心擁有 68 細胞 (68 陽性), 2.87 秒
2026-07-11 11:58:58,208 - m3_module.m3_cells_generator - INFO - All-positive 標註完成: 96 個細胞
2026-07-11 11:58:58,258 - m3_module.m3_cells_generator - INFO - enlarge_cell_instances: 96 顆細胞, factor=1.50(面積), 中位半徑=28.6px, 外擴=6.4px
2026-07-11 11:58:58,259 - cellpose.transforms - INFO - processing image with (1024, 1024) HW, and 3 channels
2026-07-11 11:58:58,816 - hybrid_pipeline - INFO - [4/441] 處理 tile: tile_x0_y12288
2026-07-11 11:58:58,848 - m3_module.m3_elastic_matching - INFO - elastic_dish_nucleus_matching(overlap-first): IHC=96, DISH=67, matched(1核)=57 (其中重疊=57), drop-out(競爭落敗)=23, 無候選(計入)=16, factor=1.50, min_reach=20.0
2026-07-11 11:58:58,906 - cellpose.transforms - INFO - processing image with (1024, 1024) HW, and 3 channels
2026-07-11 11:58:59,844 - m3_module.m3_dot_detection - INFO - detect_all_dots: 紅點=77, 黑點=132, 涉及細胞=96
2026-07-11 11:59:00,147 - m4_module.cell_crops - INFO - 匯出 76 張 per-cell 影像至 docs/hybrid-pipeline/measurement/runs_current/large/cell_crops/tile_x0_y11520/cells
2026-07-11 11:59:00,147 - hybrid_pipeline - INFO - Tile tile_x0_y11520 完成: 核心擁有 76 細胞 (76 陽性), 3.53 秒
2026-07-11 11:59:00,273 - m3_module.m3_cells_generator - INFO - All-positive 標註完成: 83 個細胞
2026-07-11 11:59:00,325 - m3_module.m3_cells_generator - INFO - enlarge_cell_instances: 83 顆細胞, factor=1.50(面積), 中位半徑=28.4px, 外擴=6.4px
2026-07-11 11:59:00,326 - cellpose.transforms - INFO - processing image with (1024, 1024) HW, and 3 channels
2026-07-11 11:59:00,885 - hybrid_pipeline - INFO - [5/441] 處理 tile: tile_x0_y13056
2026-07-11 11:59:00,920 - m3_module.m3_elastic_matching - INFO - elastic_dish_nucleus_matching(overlap-first): IHC=83, DISH=52, matched(1核)=43 (其中重疊=43), drop-out(競爭落敗)=21, 無候選(計入)=19, factor=1.50, min_reach=20.0
2026-07-11 11:59:00,966 - cellpose.transforms - INFO - processing image with (1024, 1024) HW, and 3 channels
2026-07-11 11:59:01,713 - m3_module.m3_dot_detection - INFO - detect_all_dots: 紅點=65, 黑點=106, 涉及細胞=83
2026-07-11 11:59:01,990 - m4_module.cell_crops - INFO - 匯出 52 張 per-cell 影像至 docs/hybrid-pipeline/measurement/runs_current/large/cell_crops/tile_x0_y12288/cells
2026-07-11 11:59:01,990 - hybrid_pipeline - INFO - Tile tile_x0_y12288 完成: 核心擁有 52 細胞 (52 陽性), 3.17 秒
2026-07-11 11:59:02,199 - m3_module.m3_cells_generator - INFO - All-positive 標註完成: 160 個細胞
2026-07-11 11:59:02,255 - m3_module.m3_cells_generator - INFO - enlarge_cell_instances: 160 顆細胞, factor=1.50(面積), 中位半徑=26.5px, 外擴=6.0px
2026-07-11 11:59:02,255 - cellpose.transforms - INFO - processing image with (1024, 1024) HW, and 3 channels
2026-07-11 11:59:02,818 - hybrid_pipeline - INFO - [6/441] 處理 tile: tile_x0_y13824
2026-07-11 11:59:02,849 - m3_module.m3_elastic_matching - INFO - elastic_dish_nucleus_matching(overlap-first): IHC=160, DISH=99, matched(1核)=94 (其中重疊=94), drop-out(競爭落敗)=39, 無候選(計入)=27, factor=1.50, min_reach=20.0
2026-07-11 11:59:02,898 - cellpose.transforms - INFO - processing image with (1024, 1024) HW, and 3 channels
2026-07-11 11:59:04,017 - m3_module.m3_dot_detection - INFO - detect_all_dots: 紅點=92, 黑點=153, 涉及細胞=160
2026-07-11 11:59:04,387 - m4_module.cell_crops - INFO - 匯出 117 張 per-cell 影像至 docs/hybrid-pipeline/measurement/runs_current/large/cell_crops/tile_x0_y13056/cells
2026-07-11 11:59:04,387 - hybrid_pipeline - INFO - Tile tile_x0_y13056 完成: 核心擁有 117 細胞 (117 陽性), 3.50 秒
2026-07-11 11:59:04,477 - m3_module.m3_cells_generator - INFO - All-positive 標註完成: 109 個細胞
2026-07-11 11:59:04,528 - m3_module.m3_cells_generator - INFO - enlarge_cell_instances: 109 顆細胞, factor=1.50(面積), 中位半徑=26.8px, 外擴=6.0px
2026-07-11 11:59:04,528 - cellpose.transforms - INFO - processing image with (1024, 1024) HW, and 3 channels
2026-07-11 11:59:05,089 - hybrid_pipeline - INFO - [7/441] 處理 tile: tile_x0_y14592
2026-07-11 11:59:05,122 - m3_module.m3_elastic_matching - INFO - elastic_dish_nucleus_matching(overlap-first): IHC=109, DISH=72, matched(1核)=60 (其中重疊=60), drop-out(競爭落敗)=36, 無候選(計入)=13, factor=1.50, min_reach=20.0
2026-07-11 11:59:05,175 - cellpose.transforms - INFO - processing image with (1024, 1024) HW, and 3 channels
2026-07-11 11:59:05,953 - m3_module.m3_dot_detection - INFO - detect_all_dots: 紅點=91, 黑點=130, 涉及細胞=109
2026-07-11 11:59:06,259 - m4_module.cell_crops - INFO - 匯出 50 張 per-cell 影像至 docs/hybrid-pipeline/measurement/runs_current/large/cell_crops/tile_x0_y13824/cells
2026-07-11 11:59:06,259 - hybrid_pipeline - INFO - Tile tile_x0_y13824 完成: 核心擁有 50 細胞 (50 陽性), 3.44 秒
2026-07-11 11:59:06,448 - m3_module.m3_cells_generator - INFO - All-positive 標註完成: 93 個細胞
2026-07-11 11:59:06,499 - m3_module.m3_cells_generator - INFO - enlarge_cell_instances: 93 顆細胞, factor=1.50(面積), 中位半徑=29.0px, 外擴=6.5px
2026-07-11 11:59:06,499 - cellpose.transforms - INFO - processing image with (1024, 1024) HW, and 3 channels
2026-07-11 11:59:07,059 - hybrid_pipeline - INFO - [8/441] 處理 tile: tile_x0_y1536
2026-07-11 11:59:07,090 - m3_module.m3_elastic_matching - INFO - elastic_dish_nucleus_matching(overlap-first): IHC=93, DISH=66, matched(1核)=54 (其中重疊=54), drop-out(競爭落敗)=28, 無候選(計入)=11, factor=1.50, min_reach=20.0
2026-07-11 11:59:07,141 - cellpose.transforms - INFO - processing image with (1024, 1024) HW, and 3 channels
2026-07-11 11:59:07,912 - m3_module.m3_dot_detection - INFO - detect_all_dots: 紅點=69, 黑點=95, 涉及細胞=93
2026-07-11 11:59:08,189 - m4_module.cell_crops - INFO - 匯出 54 張 per-cell 影像至 docs/hybrid-pipeline/measurement/runs_current/large/cell_crops/tile_x0_y14592/cells
2026-07-11 11:59:08,189 - hybrid_pipeline - INFO - Tile tile_x0_y14592 完成: 核心擁有 54 細胞 (54 陽性), 3.10 秒
2026-07-11 11:59:08,352 - m3_module.m3_cells_generator - INFO - All-positive 標註完成: 66 個細胞
2026-07-11 11:59:08,399 - m3_module.m3_cells_generator - INFO - enlarge_cell_instances: 66 顆細胞, factor=1.50(面積), 中位半徑=27.3px, 外擴=6.1px
2026-07-11 11:59:08,399 - cellpose.transforms - INFO - processing image with (1024, 1024) HW, and 3 channels
2026-07-11 11:59:08,966 - hybrid_pipeline - INFO - [9/441] 處理 tile: tile_x0_y15360
2026-07-11 11:59:08,998 - m3_module.m3_elastic_matching - INFO - elastic_dish_nucleus_matching(overlap-first): IHC=66, DISH=44, matched(1核)=36 (其中重疊=36), drop-out(競爭落敗)=15, 無候選(計入)=15, factor=1.50, min_reach=20.0
2026-07-11 11:59:09,048 - cellpose.transforms - INFO - processing image with (1024, 1024) HW, and 3 channels
2026-07-11 11:59:09,700 - m3_module.m3_dot_detection - INFO - detect_all_dots: 紅點=59, 黑點=104, 涉及細胞=66
2026-07-11 11:59:09,958 - m4_module.cell_crops - INFO - 匯出 43 張 per-cell 影像至 docs/hybrid-pipeline/measurement/runs_current/large/cell_crops/tile_x0_y1536/cells
2026-07-11 11:59:09,958 - hybrid_pipeline - INFO - Tile tile_x0_y1536 完成: 核心擁有 43 細胞 (43 陽性), 2.90 秒
2026-07-11 11:59:10,161 - m3_module.m3_cells_generator - INFO - All-positive 標註完成: 75 個細胞
2026-07-11 11:59:10,209 - m3_module.m3_cells_generator - INFO - enlarge_cell_instances: 75 顆細胞, factor=1.50(面積), 中位半徑=31.9px, 外擴=7.2px
2026-07-11 11:59:10,209 - cellpose.transforms - INFO - processing image with (1024, 1024) HW, and 3 channels
2026-07-11 11:59:10,752 - hybrid_pipeline - INFO - [10/441] 處理 tile: tile_x0_y2304
2026-07-11 11:59:10,784 - m3_module.m3_elastic_matching - INFO - elastic_dish_nucleus_matching(overlap-first): IHC=75, DISH=59, matched(1核)=48 (其中重疊=48), drop-out(競爭落敗)=16, 無候選(計入)=11, factor=1.50, min_reach=20.0
2026-07-11 11:59:10,841 - cellpose.transforms - INFO - processing image with (1024, 1024) HW, and 3 channels
2026-07-11 11:59:11,527 - m3_module.m3_dot_detection - INFO - detect_all_dots: 紅點=49, 黑點=80, 涉及細胞=75
2026-07-11 11:59:11,785 - m4_module.cell_crops - INFO - 匯出 52 張 per-cell 影像至 docs/hybrid-pipeline/measurement/runs_current/large/cell_crops/tile_x0_y15360/cells
2026-07-11 11:59:11,785 - hybrid_pipeline - INFO - Tile tile_x0_y15360 完成: 核心擁有 52 細胞 (52 陽性), 2.82 秒
2026-07-11 11:59:11,960 - m3_module.m3_cells_generator - INFO - All-positive 標註完成: 53 個細胞
2026-07-11 11:59:12,004 - m3_module.m3_cells_generator - INFO - enlarge_cell_instances: 53 顆細胞, factor=1.50(面積), 中位半徑=26.8px, 外擴=6.0px
2026-07-11 11:59:12,005 - cellpose.transforms - INFO - processing image with (1024, 1024) HW, and 3 channels
2026-07-11 11:59:12,565 - hybrid_pipeline - INFO - [11/441] 處理 tile: tile_x0_y3072
2026-07-11 11:59:12,595 - m3_module.m3_elastic_matching - INFO - elastic_dish_nucleus_matching(overlap-first): IHC=53, DISH=36, matched(1核)=30 (其中重疊=30), drop-out(競爭落敗)=9, 無候選(計入)=14, factor=1.50, min_reach=20.0
2026-07-11 11:59:12,658 - cellpose.transforms - INFO - processing image with (1024, 1024) HW, and 3 channels
2026-07-11 11:59:13,068 - m3_module.m3_dot_detection - INFO - detect_all_dots: 紅點=36, 黑點=62, 涉及細胞=53
2026-07-11 11:59:13,278 - m4_module.cell_crops - INFO - 匯出 22 張 per-cell 影像至 docs/hybrid-pipeline/measurement/runs_current/large/cell_crops/tile_x0_y2304/cells
2026-07-11 11:59:13,278 - hybrid_pipeline - INFO - Tile tile_x0_y2304 完成: 核心擁有 22 細胞 (22 陽性), 2.53 秒
2026-07-11 11:59:13,540 - m3_module.m3_cells_generator - INFO - All-positive 標註完成: 84 個細胞
2026-07-11 11:59:13,593 - m3_module.m3_cells_generator - INFO - enlarge_cell_instances: 84 顆細胞, factor=1.50(面積), 中位半徑=29.0px, 外擴=6.5px
2026-07-11 11:59:13,593 - cellpose.transforms - INFO - processing image with (1024, 1024) HW, and 3 channels
2026-07-11 11:59:14,152 - hybrid_pipeline - INFO - [12/441] 處理 tile: tile_x0_y3840
2026-07-11 11:59:14,186 - m3_module.m3_elastic_matching - INFO - elastic_dish_nucleus_matching(overlap-first): IHC=84, DISH=66, matched(1核)=55 (其中重疊=55), drop-out(競爭落敗)=19, 無候選(計入)=10, factor=1.50, min_reach=20.0
2026-07-11 11:59:14,225 - cellpose.transforms - INFO - processing image with (1024, 1024) HW, and 3 channels
2026-07-11 11:59:15,044 - m3_module.m3_dot_detection - INFO - detect_all_dots: 紅點=69, 黑點=121, 涉及細胞=84
2026-07-11 11:59:15,341 - m4_module.cell_crops - INFO - 匯出 50 張 per-cell 影像至 docs/hybrid-pipeline/measurement/runs_current/large/cell_crops/tile_x0_y3072/cells
2026-07-11 11:59:15,341 - hybrid_pipeline - INFO - Tile tile_x0_y3072 完成: 核心擁有 50 細胞 (50 陽性), 2.78 秒
2026-07-11 11:59:15,489 - m3_module.m3_cells_generator - INFO - All-positive 標註完成: 43 個細胞
2026-07-11 11:59:15,540 - m3_module.m3_cells_generator - INFO - enlarge_cell_instances: 43 顆細胞, factor=1.50(面積), 中位半徑=26.6px, 外擴=6.0px
2026-07-11 11:59:15,540 - cellpose.transforms - INFO - processing image with (1024, 1024) HW, and 3 channels
2026-07-11 11:59:16,102 - hybrid_pipeline - INFO - [13/441] 處理 tile: tile_x0_y4608
2026-07-11 11:59:16,132 - m3_module.m3_elastic_matching - INFO - elastic_dish_nucleus_matching(overlap-first): IHC=43, DISH=44, matched(1核)=27 (其中重疊=27), drop-out(競爭落敗)=9, 無候選(計入)=7, factor=1.50, min_reach=20.0
2026-07-11 11:59:16,199 - cellpose.transforms - INFO - processing image with (1024, 1024) HW, and 3 channels
2026-07-11 11:59:16,464 - m3_module.m3_dot_detection - INFO - detect_all_dots: 紅點=27, 黑點=46, 涉及細胞=43
2026-07-11 11:59:16,647 - m4_module.cell_crops - INFO - 匯出 22 張 per-cell 影像至 docs/hybrid-pipeline/measurement/runs_current/large/cell_crops/tile_x0_y3840/cells
2026-07-11 11:59:16,647 - hybrid_pipeline - INFO - Tile tile_x0_y3840 完成: 核心擁有 22 細胞 (22 陽性), 2.50 秒
2026-07-11 11:59:16,919 - m3_module.m3_cells_generator - INFO - All-positive 標註完成: 52 個細胞
2026-07-11 11:59:16,970 - m3_module.m3_cells_generator - INFO - enlarge_cell_instances: 52 顆細胞, factor=1.50(面積), 中位半徑=30.3px, 外擴=6.8px
2026-07-11 11:59:16,971 - cellpose.transforms - INFO - processing image with (1024, 1024) HW, and 3 channels
2026-07-11 11:59:17,523 - hybrid_pipeline - INFO - [14/441] 處理 tile: tile_x0_y5376
2026-07-11 11:59:17,549 - m3_module.m3_elastic_matching - INFO - elastic_dish_nucleus_matching(overlap-first): IHC=52, DISH=40, matched(1核)=32 (其中重疊=32), drop-out(競爭落敗)=7, 無候選(計入)=13, factor=1.50, min_reach=20.0
2026-07-11 11:59:17,615 - cellpose.transforms - INFO - processing image with (1024, 1024) HW, and 3 channels
2026-07-11 11:59:18,171 - m3_module.m3_dot_detection - INFO - detect_all_dots: 紅點=51, 黑點=86, 涉及細胞=52
2026-07-11 11:59:18,419 - m4_module.cell_crops - INFO - 匯出 42 張 per-cell 影像至 docs/hybrid-pipeline/measurement/runs_current/large/cell_crops/tile_x0_y4608/cells
2026-07-11 11:59:18,419 - hybrid_pipeline - INFO - Tile tile_x0_y4608 完成: 核心擁有 42 細胞 (42 陽性), 2.32 秒
2026-07-11 11:59:18,646 - m3_module.m3_cells_generator - INFO - All-positive 標註完成: 80 個細胞
2026-07-11 11:59:18,701 - m3_module.m3_cells_generator - INFO - enlarge_cell_instances: 80 顆細胞, factor=1.50(面積), 中位半徑=29.3px, 外擴=6.6px
2026-07-11 11:59:18,702 - cellpose.transforms - INFO - processing image with (1024, 1024) HW, and 3 channels
2026-07-11 11:59:19,254 - hybrid_pipeline - INFO - [15/441] 處理 tile: tile_x0_y6144
2026-07-11 11:59:19,287 - m3_module.m3_elastic_matching - INFO - elastic_dish_nucleus_matching(overlap-first): IHC=80, DISH=59, matched(1核)=50 (其中重疊=50), drop-out(競爭落敗)=11, 無候選(計入)=19, factor=1.50, min_reach=20.0
2026-07-11 11:59:19,348 - cellpose.transforms - INFO - processing image with (1024, 1024) HW, and 3 channels
2026-07-11 11:59:20,372 - m3_module.m3_dot_detection - INFO - detect_all_dots: 紅點=80, 黑點=171, 涉及細胞=80
2026-07-11 11:59:20,670 - m4_module.cell_crops - INFO - 匯出 45 張 per-cell 影像至 docs/hybrid-pipeline/measurement/runs_current/large/cell_crops/tile_x0_y5376/cells
2026-07-11 11:59:20,670 - hybrid_pipeline - INFO - Tile tile_x0_y5376 完成: 核心擁有 45 細胞 (45 陽性), 3.15 秒
2026-07-11 11:59:20,874 - m3_module.m3_cells_generator - INFO - All-positive 標註完成: 79 個細胞
2026-07-11 11:59:20,927 - m3_module.m3_cells_generator - INFO - enlarge_cell_instances: 79 顆細胞, factor=1.50(面積), 中位半徑=32.6px, 外擴=7.3px
2026-07-11 11:59:20,928 - cellpose.transforms - INFO - processing image with (1024, 1024) HW, and 3 channels
2026-07-11 11:59:21,493 - hybrid_pipeline - INFO - [16/441] 處理 tile: tile_x0_y6912
2026-07-11 11:59:21,524 - m3_module.m3_elastic_matching - INFO - elastic_dish_nucleus_matching(overlap-first): IHC=79, DISH=60, matched(1核)=51 (其中重疊=51), drop-out(競爭落敗)=11, 無候選(計入)=17, factor=1.50, min_reach=20.0
2026-07-11 11:59:21,579 - cellpose.transforms - INFO - processing image with (1024, 1024) HW, and 3 channels
2026-07-11 11:59:22,545 - m3_module.m3_dot_detection - INFO - detect_all_dots: 紅點=75, 黑點=146, 涉及細胞=79
2026-07-11 11:59:22,872 - m4_module.cell_crops - INFO - 匯出 50 張 per-cell 影像至 docs/hybrid-pipeline/measurement/runs_current/large/cell_crops/tile_x0_y6144/cells
2026-07-11 11:59:22,872 - hybrid_pipeline - INFO - Tile tile_x0_y6144 完成: 核心擁有 50 細胞 (50 陽性), 3.62 秒
2026-07-11 11:59:22,984 - m3_module.m3_cells_generator - INFO - All-positive 標註完成: 37 個細胞
2026-07-11 11:59:23,025 - m3_module.m3_cells_generator - INFO - enlarge_cell_instances: 37 顆細胞, factor=1.50(面積), 中位半徑=29.7px, 外擴=6.7px
2026-07-11 11:59:23,025 - cellpose.transforms - INFO - processing image with (1024, 1024) HW, and 3 channels
2026-07-11 11:59:23,592 - hybrid_pipeline - INFO - [17/441] 處理 tile: tile_x0_y768
2026-07-11 11:59:23,624 - m3_module.m3_elastic_matching - INFO - elastic_dish_nucleus_matching(overlap-first): IHC=37, DISH=29, matched(1核)=25 (其中重疊=25), drop-out(競爭落敗)=4, 無候選(計入)=8, factor=1.50, min_reach=20.0
2026-07-11 11:59:23,682 - cellpose.transforms - INFO - processing image with (1024, 1024) HW, and 3 channels
2026-07-11 11:59:24,153 - m3_module.m3_dot_detection - INFO - detect_all_dots: 紅點=35, 黑點=60, 涉及細胞=37
2026-07-11 11:59:24,319 - m4_module.cell_crops - INFO - 匯出 22 張 per-cell 影像至 docs/hybrid-pipeline/measurement/runs_current/large/cell_crops/tile_x0_y6912/cells
2026-07-11 11:59:24,319 - hybrid_pipeline - INFO - Tile tile_x0_y6912 完成: 核心擁有 22 細胞 (22 陽性), 2.83 秒
2026-07-11 11:59:24,605 - m3_module.m3_cells_generator - INFO - All-positive 標註完成: 79 個細胞
2026-07-11 11:59:24,661 - m3_module.m3_cells_generator - INFO - enlarge_cell_instances: 79 顆細胞, factor=1.50(面積), 中位半徑=26.6px, 外擴=6.0px
2026-07-11 11:59:24,661 - cellpose.transforms - INFO - processing image with (1024, 1024) HW, and 3 channels
2026-07-11 11:59:25,224 - hybrid_pipeline - INFO - [18/441] 處理 tile: tile_x0_y7680
2026-07-11 11:59:25,254 - m3_module.m3_elastic_matching - INFO - elastic_dish_nucleus_matching(overlap-first): IHC=79, DISH=46, matched(1核)=36 (其中重疊=36), drop-out(競爭落敗)=22, 無候選(計入)=21, factor=1.50, min_reach=20.0
2026-07-11 11:59:25,317 - cellpose.transforms - INFO - processing image with (1024, 1024) HW, and 3 channels
2026-07-11 11:59:25,946 - m3_module.m3_dot_detection - INFO - detect_all_dots: 紅點=59, 黑點=103, 涉及細胞=79
2026-07-11 11:59:26,208 - m4_module.cell_crops - INFO - 匯出 45 張 per-cell 影像至 docs/hybrid-pipeline/measurement/runs_current/large/cell_crops/tile_x0_y768/cells
2026-07-11 11:59:26,208 - hybrid_pipeline - INFO - Tile tile_x0_y768 完成: 核心擁有 45 細胞 (45 陽性), 2.62 秒
2026-07-11 11:59:26,404 - m3_module.m3_cells_generator - INFO - All-positive 標註完成: 53 個細胞
2026-07-11 11:59:26,447 - m3_module.m3_cells_generator - INFO - enlarge_cell_instances: 53 顆細胞, factor=1.50(面積), 中位半徑=33.7px, 外擴=7.6px
2026-07-11 11:59:26,447 - cellpose.transforms - INFO - processing image with (1024, 1024) HW, and 3 channels
2026-07-11 11:59:27,007 - hybrid_pipeline - INFO - [19/441] 處理 tile: tile_x0_y8448
2026-07-11 11:59:27,038 - m3_module.m3_elastic_matching - INFO - elastic_dish_nucleus_matching(overlap-first): IHC=53, DISH=54, matched(1核)=41 (其中重疊=41), drop-out(競爭落敗)=5, 無候選(計入)=7, factor=1.50, min_reach=20.0
2026-07-11 11:59:27,094 - cellpose.transforms - INFO - processing image with (1024, 1024) HW, and 3 channels
2026-07-11 11:59:27,826 - m3_module.m3_dot_detection - INFO - detect_all_dots: 紅點=62, 黑點=93, 涉及細胞=53
2026-07-11 11:59:28,092 - m4_module.cell_crops - INFO - 匯出 39 張 per-cell 影像至 docs/hybrid-pipeline/measurement/runs_current/large/cell_crops/tile_x0_y7680/cells
2026-07-11 11:59:28,092 - hybrid_pipeline - INFO - Tile tile_x0_y7680 完成: 核心擁有 39 細胞 (39 陽性), 2.87 秒
2026-07-11 11:59:28,242 - m3_module.m3_cells_generator - INFO - All-positive 標註完成: 42 個細胞
2026-07-11 11:59:28,290 - m3_module.m3_cells_generator - INFO - enlarge_cell_instances: 42 顆細胞, factor=1.50(面積), 中位半徑=32.7px, 外擴=7.4px
2026-07-11 11:59:28,291 - cellpose.transforms - INFO - processing image with (1024, 1024) HW, and 3 channels
2026-07-11 11:59:28,851 - hybrid_pipeline - INFO - [20/441] 處理 tile: tile_x0_y9216
2026-07-11 11:59:28,883 - m3_module.m3_elastic_matching - INFO - elastic_dish_nucleus_matching(overlap-first): IHC=42, DISH=44, matched(1核)=29 (其中重疊=29), drop-out(競爭落敗)=5, 無候選(計入)=8, factor=1.50, min_reach=20.0
2026-07-11 11:59:28,945 - cellpose.transforms - INFO - processing image with (1024, 1024) HW, and 3 channels
2026-07-11 11:59:29,395 - m3_module.m3_dot_detection - INFO - detect_all_dots: 紅點=36, 黑點=65, 涉及細胞=42
2026-07-11 11:59:29,601 - m4_module.cell_crops - INFO - 匯出 28 張 per-cell 影像至 docs/hybrid-pipeline/measurement/runs_current/large/cell_crops/tile_x0_y8448/cells
2026-07-11 11:59:29,602 - hybrid_pipeline - INFO - Tile tile_x0_y8448 完成: 核心擁有 28 細胞 (28 陽性), 2.59 秒
2026-07-11 11:59:29,840 - m3_module.m3_cells_generator - INFO - All-positive 標註完成: 48 個細胞
2026-07-11 11:59:29,887 - m3_module.m3_cells_generator - INFO - enlarge_cell_instances: 48 顆細胞, factor=1.50(面積), 中位半徑=33.1px, 外擴=7.4px
2026-07-11 11:59:29,888 - cellpose.transforms - INFO - processing image with (1024, 1024) HW, and 3 channels
2026-07-11 11:59:30,459 - hybrid_pipeline - INFO - [21/441] 處理 tile: tile_x0_y9984
2026-07-11 11:59:30,489 - m3_module.m3_elastic_matching - INFO - elastic_dish_nucleus_matching(overlap-first): IHC=48, DISH=35, matched(1核)=27 (其中重疊=27), drop-out(競爭落敗)=10, 無候選(計入)=11, factor=1.50, min_reach=20.0
2026-07-11 11:59:30,550 - cellpose.transforms - INFO - processing image with (1024, 1024) HW, and 3 channels
2026-07-11 11:59:31,023 - m3_module.m3_dot_detection - INFO - detect_all_dots: 紅點=31, 黑點=55, 涉及細胞=48
2026-07-11 11:59:31,211 - m4_module.cell_crops - INFO - 匯出 27 張 per-cell 影像至 docs/hybrid-pipeline/measurement/runs_current/large/cell_crops/tile_x0_y9216/cells
2026-07-11 11:59:31,211 - hybrid_pipeline - INFO - Tile tile_x0_y9216 完成: 核心擁有 27 細胞 (27 陽性), 2.36 秒
2026-07-11 11:59:31,530 - m3_module.m3_cells_generator - INFO - All-positive 標註完成: 76 個細胞
2026-07-11 11:59:31,581 - m3_module.m3_cells_generator - INFO - enlarge_cell_instances: 76 顆細胞, factor=1.50(面積), 中位半徑=34.5px, 外擴=7.8px
2026-07-11 11:59:31,581 - cellpose.transforms - INFO - processing image with (1024, 1024) HW, and 3 channels
2026-07-11 11:59:32,149 - hybrid_pipeline - INFO - [22/441] 處理 tile: tile_x10752_y0
2026-07-11 11:59:32,179 - m3_module.m3_elastic_matching - INFO - elastic_dish_nucleus_matching(overlap-first): IHC=76, DISH=58, matched(1核)=48 (其中重疊=47), drop-out(競爭落敗)=15, 無候選(計入)=13, factor=1.50, min_reach=20.0
2026-07-11 11:59:32,239 - cellpose.transforms - INFO - processing image with (1024, 1024) HW, and 3 channels
2026-07-11 11:59:33,155 - m3_module.m3_dot_detection - INFO - detect_all_dots: 紅點=64, 黑點=127, 涉及細胞=76
2026-07-11 11:59:33,470 - m4_module.cell_crops - INFO - 匯出 55 張 per-cell 影像至 docs/hybrid-pipeline/measurement/runs_current/large/cell_crops/tile_x0_y9984/cells
2026-07-11 11:59:33,471 - hybrid_pipeline - INFO - Tile tile_x0_y9984 完成: 核心擁有 55 細胞 (55 陽性), 3.01 秒
2026-07-11 11:59:33,576 - m3_module.m3_cells_generator - INFO - All-positive 標註完成: 45 個細胞
2026-07-11 11:59:33,622 - m3_module.m3_cells_generator - INFO - enlarge_cell_instances: 45 顆細胞, factor=1.50(面積), 中位半徑=27.9px, 外擴=6.3px
2026-07-11 11:59:33,622 - cellpose.transforms - INFO - processing image with (1024, 1024) HW, and 3 channels
2026-07-11 11:59:34,176 - hybrid_pipeline - INFO - [23/441] 處理 tile: tile_x10752_y10752
2026-07-11 11:59:34,211 - m3_module.m3_elastic_matching - INFO - elastic_dish_nucleus_matching(overlap-first): IHC=45, DISH=46, matched(1核)=30 (其中重疊=30), drop-out(競爭落敗)=8, 無候選(計入)=7, factor=1.50, min_reach=20.0
2026-07-11 11:59:34,271 - cellpose.transforms - INFO - processing image with (1024, 1024) HW, and 3 channels
2026-07-11 11:59:34,703 - m3_module.m3_dot_detection - INFO - detect_all_dots: 紅點=27, 黑點=72, 涉及細胞=45
2026-07-11 11:59:34,904 - m4_module.cell_crops - INFO - 匯出 28 張 per-cell 影像至 docs/hybrid-pipeline/measurement/runs_current/large/cell_crops/tile_x10752_y0/cells
2026-07-11 11:59:34,904 - hybrid_pipeline - INFO - Tile tile_x10752_y0 完成: 核心擁有 28 細胞 (28 陽性), 2.75 秒
2026-07-11 11:59:35,073 - m3_module.m3_cells_generator - INFO - All-positive 標註完成: 5 個細胞
2026-07-11 11:59:35,104 - m3_module.m3_cells_generator - INFO - enlarge_cell_instances: 5 顆細胞, factor=1.50(面積), 中位半徑=15.4px, 外擴=3.5px
2026-07-11 11:59:35,104 - cellpose.transforms - INFO - processing image with (1024, 1024) HW, and 3 channels
2026-07-11 11:59:35,657 - hybrid_pipeline - INFO - [24/441] 處理 tile: tile_x10752_y11520
2026-07-11 11:59:35,680 - m3_module.m3_elastic_matching - INFO - elastic_dish_nucleus_matching(overlap-first): IHC=5, DISH=7, matched(1核)=3 (其中重疊=3), drop-out(競爭落敗)=1, 無候選(計入)=1, factor=1.50, min_reach=20.0
2026-07-11 11:59:35,738 - cellpose.transforms - INFO - processing image with (1024, 1024) HW, and 3 channels
2026-07-11 11:59:35,814 - m3_module.m3_dot_detection - INFO - detect_all_dots: 紅點=2, 黑點=6, 涉及細胞=5
2026-07-11 11:59:35,888 - m4_module.cell_crops - INFO - 匯出 0 張 per-cell 影像至 docs/hybrid-pipeline/measurement/runs_current/large/cell_crops/tile_x10752_y10752/cells
2026-07-11 11:59:35,888 - hybrid_pipeline - INFO - Tile tile_x10752_y10752 完成: 核心擁有 0 細胞 (0 陽性), 1.71 秒
2026-07-11 11:59:36,093 - cellpose.dynamics - INFO - No cell pixels found.
2026-07-11 11:59:36,143 - m3_module.m3_cells_generator - INFO - All-positive 標註完成: 0 個細胞
2026-07-11 11:59:36,145 - cellpose.transforms - INFO - processing image with (1024, 1024) HW, and 3 channels
2026-07-11 11:59:36,693 - hybrid_pipeline - INFO - [25/441] 處理 tile: tile_x10752_y12288
2026-07-11 11:59:36,766 - cellpose.transforms - INFO - processing image with (1024, 1024) HW, and 3 channels
2026-07-11 11:59:36,796 - m3_module.m3_dot_detection - INFO - detect_all_dots: 紅點=0, 黑點=0, 涉及細胞=0
2026-07-11 11:59:36,828 - m4_module.cell_crops - INFO - 匯出 0 張 per-cell 影像至 docs/hybrid-pipeline/measurement/runs_current/large/cell_crops/tile_x10752_y11520/cells
2026-07-11 11:59:36,828 - hybrid_pipeline - INFO - Tile tile_x10752_y11520 完成: 核心擁有 0 細胞 (0 陽性), 1.17 秒
2026-07-11 11:59:37,260 - m3_module.m3_cells_generator - INFO - All-positive 標註完成: 25 個細胞
2026-07-11 11:59:37,304 - m3_module.m3_cells_generator - INFO - enlarge_cell_instances: 25 顆細胞, factor=1.50(面積), 中位半徑=25.9px, 外擴=5.8px
2026-07-11 11:59:37,304 - cellpose.transforms - INFO - processing image with (1024, 1024) HW, and 3 channels
2026-07-11 11:59:37,857 - hybrid_pipeline - INFO - [26/441] 處理 tile: tile_x10752_y13056
2026-07-11 11:59:37,882 - m3_module.m3_elastic_matching - INFO - elastic_dish_nucleus_matching(overlap-first): IHC=25, DISH=16, matched(1核)=11 (其中重疊=11), drop-out(競爭落敗)=5, 無候選(計入)=9, factor=1.50, min_reach=20.0
2026-07-11 11:59:37,946 - cellpose.transforms - INFO - processing image with (1024, 1024) HW, and 3 channels
2026-07-11 11:59:38,094 - m3_module.m3_dot_detection - INFO - detect_all_dots: 紅點=11, 黑點=25, 涉及細胞=25
2026-07-11 11:59:38,235 - m4_module.cell_crops - INFO - 匯出 7 張 per-cell 影像至 docs/hybrid-pipeline/measurement/runs_current/large/cell_crops/tile_x10752_y12288/cells
2026-07-11 11:59:38,235 - hybrid_pipeline - INFO - Tile tile_x10752_y12288 完成: 核心擁有 7 細胞 (7 陽性), 1.54 秒
2026-07-11 11:59:38,510 - m3_module.m3_cells_generator - INFO - All-positive 標註完成: 16 個細胞
2026-07-11 11:59:38,547 - m3_module.m3_cells_generator - INFO - enlarge_cell_instances: 16 顆細胞, factor=1.50(面積), 中位半徑=22.2px, 外擴=5.0px
2026-07-11 11:59:38,547 - cellpose.transforms - INFO - processing image with (1024, 1024) HW, and 3 channels
2026-07-11 11:59:39,089 - hybrid_pipeline - INFO - [27/441] 處理 tile: tile_x10752_y13824
2026-07-11 11:59:39,113 - m3_module.m3_elastic_matching - INFO - elastic_dish_nucleus_matching(overlap-first): IHC=16, DISH=8, matched(1核)=6 (其中重疊=6), drop-out(競爭落敗)=2, 無候選(計入)=8, factor=1.50, min_reach=20.0
2026-07-11 11:59:39,170 - cellpose.transforms - INFO - processing image with (1024, 1024) HW, and 3 channels
2026-07-11 11:59:39,275 - m3_module.m3_dot_detection - INFO - detect_all_dots: 紅點=9, 黑點=21, 涉及細胞=16
2026-07-11 11:59:39,390 - m4_module.cell_crops - INFO - 匯出 4 張 per-cell 影像至 docs/hybrid-pipeline/measurement/runs_current/large/cell_crops/tile_x10752_y13056/cells
2026-07-11 11:59:39,390 - hybrid_pipeline - INFO - Tile tile_x10752_y13056 完成: 核心擁有 4 細胞 (4 陽性), 1.53 秒
2026-07-11 11:59:39,698 - m3_module.m3_cells_generator - INFO - All-positive 標註完成: 24 個細胞
2026-07-11 11:59:39,738 - m3_module.m3_cells_generator - INFO - enlarge_cell_instances: 24 顆細胞, factor=1.50(面積), 中位半徑=29.4px, 外擴=6.6px
2026-07-11 11:59:39,738 - cellpose.transforms - INFO - processing image with (1024, 1024) HW, and 3 channels
2026-07-11 11:59:40,290 - hybrid_pipeline - INFO - [28/441] 處理 tile: tile_x10752_y14592
2026-07-11 11:59:40,316 - m3_module.m3_elastic_matching - INFO - elastic_dish_nucleus_matching(overlap-first): IHC=24, DISH=15, matched(1核)=13 (其中重疊=13), drop-out(競爭落敗)=3, 無候選(計入)=8, factor=1.50, min_reach=20.0
2026-07-11 11:59:40,384 - cellpose.transforms - INFO - processing image with (1024, 1024) HW, and 3 channels
2026-07-11 11:59:40,597 - m3_module.m3_dot_detection - INFO - detect_all_dots: 紅點=18, 黑點=40, 涉及細胞=24
2026-07-11 11:59:40,720 - m4_module.cell_crops - INFO - 匯出 12 張 per-cell 影像至 docs/hybrid-pipeline/measurement/runs_current/large/cell_crops/tile_x10752_y13824/cells
2026-07-11 11:59:40,720 - hybrid_pipeline - INFO - Tile tile_x10752_y13824 完成: 核心擁有 12 細胞 (12 陽性), 1.63 秒
2026-07-11 11:59:40,999 - m3_module.m3_cells_generator - INFO - All-positive 標註完成: 6 個細胞
2026-07-11 11:59:41,031 - m3_module.m3_cells_generator - INFO - enlarge_cell_instances: 6 顆細胞, factor=1.50(面積), 中位半徑=19.5px, 外擴=4.4px
2026-07-11 11:59:41,031 - cellpose.transforms - INFO - processing image with (1024, 1024) HW, and 3 channels
2026-07-11 11:59:41,583 - hybrid_pipeline - INFO - [29/441] 處理 tile: tile_x10752_y1536
2026-07-11 11:59:41,605 - m3_module.m3_elastic_matching - INFO - elastic_dish_nucleus_matching(overlap-first): IHC=6, DISH=3, matched(1核)=3 (其中重疊=3), drop-out(競爭落敗)=3, 無候選(計入)=0, factor=1.50, min_reach=20.0
2026-07-11 11:59:41,667 - cellpose.transforms - INFO - processing image with (1024, 1024) HW, and 3 channels
2026-07-11 11:59:41,738 - m3_module.m3_dot_detection - INFO - detect_all_dots: 紅點=3, 黑點=4, 涉及細胞=6
2026-07-11 11:59:41,800 - m4_module.cell_crops - INFO - 匯出 0 張 per-cell 影像至 docs/hybrid-pipeline/measurement/runs_current/large/cell_crops/tile_x10752_y14592/cells
2026-07-11 11:59:41,800 - hybrid_pipeline - INFO - Tile tile_x10752_y14592 完成: 核心擁有 0 細胞 (0 陽性), 1.51 秒
2026-07-11 11:59:42,133 - m3_module.m3_cells_generator - INFO - All-positive 標註完成: 27 個細胞
2026-07-11 11:59:42,170 - m3_module.m3_cells_generator - INFO - enlarge_cell_instances: 27 顆細胞, factor=1.50(面積), 中位半徑=25.6px, 外擴=5.8px
2026-07-11 11:59:42,170 - cellpose.transforms - INFO - processing image with (1024, 1024) HW, and 3 channels
2026-07-11 11:59:42,718 - hybrid_pipeline - INFO - [30/441] 處理 tile: tile_x10752_y15360
2026-07-11 11:59:42,743 - m3_module.m3_elastic_matching - INFO - elastic_dish_nucleus_matching(overlap-first): IHC=27, DISH=15, matched(1核)=9 (其中重疊=9), drop-out(競爭落敗)=1, 無候選(計入)=17, factor=1.50, min_reach=20.0
2026-07-11 11:59:42,812 - cellpose.transforms - INFO - processing image with (1024, 1024) HW, and 3 channels
2026-07-11 11:59:42,922 - m3_module.m3_dot_detection - INFO - detect_all_dots: 紅點=5, 黑點=12, 涉及細胞=27
2026-07-11 11:59:43,044 - m4_module.cell_crops - INFO - 匯出 5 張 per-cell 影像至 docs/hybrid-pipeline/measurement/runs_current/large/cell_crops/tile_x10752_y1536/cells
2026-07-11 11:59:43,044 - hybrid_pipeline - INFO - Tile tile_x10752_y1536 完成: 核心擁有 5 細胞 (5 陽性), 1.46 秒
2026-07-11 11:59:43,331 - m3_module.m3_cells_generator - INFO - All-positive 標註完成: 9 個細胞
2026-07-11 11:59:43,363 - m3_module.m3_cells_generator - INFO - enlarge_cell_instances: 9 顆細胞, factor=1.50(面積), 中位半徑=31.5px, 外擴=7.1px
2026-07-11 11:59:43,363 - cellpose.transforms - INFO - processing image with (1024, 1024) HW, and 3 channels
2026-07-11 11:59:43,917 - hybrid_pipeline - INFO - [31/441] 處理 tile: tile_x10752_y2304
2026-07-11 11:59:43,939 - m3_module.m3_elastic_matching - INFO - elastic_dish_nucleus_matching(overlap-first): IHC=9, DISH=7, matched(1核)=5 (其中重疊=5), drop-out(競爭落敗)=3, 無候選(計入)=1, factor=1.50, min_reach=20.0
2026-07-11 11:59:44,003 - cellpose.transforms - INFO - processing image with (1024, 1024) HW, and 3 channels
2026-07-11 11:59:44,071 - m3_module.m3_dot_detection - INFO - detect_all_dots: 紅點=0, 黑點=2, 涉及細胞=9
2026-07-11 11:59:44,147 - m4_module.cell_crops - INFO - 匯出 6 張 per-cell 影像至 docs/hybrid-pipeline/measurement/runs_current/large/cell_crops/tile_x10752_y15360/cells
2026-07-11 11:59:44,147 - hybrid_pipeline - INFO - Tile tile_x10752_y15360 完成: 核心擁有 6 細胞 (6 陽性), 1.43 秒
2026-07-11 11:59:44,498 - m3_module.m3_cells_generator - INFO - All-positive 標註完成: 53 個細胞
2026-07-11 11:59:44,542 - m3_module.m3_cells_generator - INFO - enlarge_cell_instances: 53 顆細胞, factor=1.50(面積), 中位半徑=24.2px, 外擴=5.4px
2026-07-11 11:59:44,542 - cellpose.transforms - INFO - processing image with (1024, 1024) HW, and 3 channels
2026-07-11 11:59:45,096 - hybrid_pipeline - INFO - [32/441] 處理 tile: tile_x10752_y3072
2026-07-11 11:59:45,123 - m3_module.m3_elastic_matching - INFO - elastic_dish_nucleus_matching(overlap-first): IHC=53, DISH=28, matched(1核)=23 (其中重疊=23), drop-out(競爭落敗)=5, 無候選(計入)=25, factor=1.50, min_reach=20.0
2026-07-11 11:59:45,188 - cellpose.transforms - INFO - processing image with (1024, 1024) HW, and 3 channels
2026-07-11 11:59:45,539 - m3_module.m3_dot_detection - INFO - detect_all_dots: 紅點=24, 黑點=44, 涉及細胞=53
2026-07-11 11:59:45,741 - m4_module.cell_crops - INFO - 匯出 10 張 per-cell 影像至 docs/hybrid-pipeline/measurement/runs_current/large/cell_crops/tile_x10752_y2304/cells
2026-07-11 11:59:45,742 - hybrid_pipeline - INFO - Tile tile_x10752_y2304 完成: 核心擁有 10 細胞 (10 陽性), 1.82 秒
2026-07-11 11:59:45,998 - m3_module.m3_cells_generator - INFO - All-positive 標註完成: 71 個細胞
2026-07-11 11:59:46,044 - m3_module.m3_cells_generator - INFO - enlarge_cell_instances: 71 顆細胞, factor=1.50(面積), 中位半徑=25.6px, 外擴=5.7px
2026-07-11 11:59:46,045 - cellpose.transforms - INFO - processing image with (1024, 1024) HW, and 3 channels
2026-07-11 11:59:46,604 - hybrid_pipeline - INFO - [33/441] 處理 tile: tile_x10752_y3840
2026-07-11 11:59:46,635 - m3_module.m3_elastic_matching - INFO - elastic_dish_nucleus_matching(overlap-first): IHC=71, DISH=50, matched(1核)=39 (其中重疊=39), drop-out(競爭落敗)=7, 無候選(計入)=25, factor=1.50, min_reach=20.0
2026-07-11 11:59:46,697 - cellpose.transforms - INFO - processing image with (1024, 1024) HW, and 3 channels
2026-07-11 11:59:47,196 - m3_module.m3_dot_detection - INFO - detect_all_dots: 紅點=42, 黑點=72, 涉及細胞=71
2026-07-11 11:59:47,397 - m4_module.cell_crops - INFO - 匯出 26 張 per-cell 影像至 docs/hybrid-pipeline/measurement/runs_current/large/cell_crops/tile_x10752_y3072/cells
2026-07-11 11:59:47,398 - hybrid_pipeline - INFO - Tile tile_x10752_y3072 完成: 核心擁有 26 細胞 (26 陽性), 2.30 秒
2026-07-11 11:59:47,640 - m3_module.m3_cells_generator - INFO - All-positive 標註完成: 61 個細胞
2026-07-11 11:59:47,686 - m3_module.m3_cells_generator - INFO - enlarge_cell_instances: 61 顆細胞, factor=1.50(面積), 中位半徑=29.1px, 外擴=6.5px
2026-07-11 11:59:47,687 - cellpose.transforms - INFO - processing image with (1024, 1024) HW, and 3 channels
2026-07-11 11:59:48,243 - hybrid_pipeline - INFO - [34/441] 處理 tile: tile_x10752_y4608
2026-07-11 11:59:48,272 - m3_module.m3_elastic_matching - INFO - elastic_dish_nucleus_matching(overlap-first): IHC=61, DISH=46, matched(1核)=40 (其中重疊=39), drop-out(競爭落敗)=7, 無候選(計入)=14, factor=1.50, min_reach=20.0
2026-07-11 11:59:48,340 - cellpose.transforms - INFO - processing image with (1024, 1024) HW, and 3 channels
2026-07-11 11:59:48,874 - m3_module.m3_dot_detection - INFO - detect_all_dots: 紅點=36, 黑點=72, 涉及細胞=61
2026-07-11 11:59:49,075 - m4_module.cell_crops - INFO - 匯出 29 張 per-cell 影像至 docs/hybrid-pipeline/measurement/runs_current/large/cell_crops/tile_x10752_y3840/cells
2026-07-11 11:59:49,075 - hybrid_pipeline - INFO - Tile tile_x10752_y3840 完成: 核心擁有 29 細胞 (29 陽性), 2.47 秒
2026-07-11 11:59:49,348 - m3_module.m3_cells_generator - INFO - All-positive 標註完成: 84 個細胞
2026-07-11 11:59:49,401 - m3_module.m3_cells_generator - INFO - enlarge_cell_instances: 84 顆細胞, factor=1.50(面積), 中位半徑=28.4px, 外擴=6.4px
2026-07-11 11:59:49,401 - cellpose.transforms - INFO - processing image with (1024, 1024) HW, and 3 channels
2026-07-11 11:59:49,963 - hybrid_pipeline - INFO - [35/441] 處理 tile: tile_x10752_y5376
2026-07-11 11:59:49,995 - m3_module.m3_elastic_matching - INFO - elastic_dish_nucleus_matching(overlap-first): IHC=84, DISH=54, matched(1核)=45 (其中重疊=45), drop-out(競爭落敗)=15, 無候選(計入)=24, factor=1.50, min_reach=20.0
2026-07-11 11:59:50,057 - cellpose.transforms - INFO - processing image with (1024, 1024) HW, and 3 channels
2026-07-11 11:59:50,688 - m3_module.m3_dot_detection - INFO - detect_all_dots: 紅點=49, 黑點=104, 涉及細胞=84
2026-07-11 11:59:51,004 - m4_module.cell_crops - INFO - 匯出 50 張 per-cell 影像至 docs/hybrid-pipeline/measurement/runs_current/large/cell_crops/tile_x10752_y4608/cells
2026-07-11 11:59:51,004 - hybrid_pipeline - INFO - Tile tile_x10752_y4608 完成: 核心擁有 50 細胞 (50 陽性), 2.76 秒
2026-07-11 11:59:51,170 - m3_module.m3_cells_generator - INFO - All-positive 標註完成: 97 個細胞
2026-07-11 11:59:51,225 - m3_module.m3_cells_generator - INFO - enlarge_cell_instances: 97 顆細胞, factor=1.50(面積), 中位半徑=29.1px, 外擴=6.5px
2026-07-11 11:59:51,226 - cellpose.transforms - INFO - processing image with (1024, 1024) HW, and 3 channels
2026-07-11 11:59:51,782 - hybrid_pipeline - INFO - [36/441] 處理 tile: tile_x10752_y6144
2026-07-11 11:59:51,816 - m3_module.m3_elastic_matching - INFO - elastic_dish_nucleus_matching(overlap-first): IHC=97, DISH=66, matched(1核)=46 (其中重疊=46), drop-out(競爭落敗)=19, 無候選(計入)=32, factor=1.50, min_reach=20.0
2026-07-11 11:59:51,881 - cellpose.transforms - INFO - processing image with (1024, 1024) HW, and 3 channels
2026-07-11 11:59:52,539 - m3_module.m3_dot_detection - INFO - detect_all_dots: 紅點=49, 黑點=101, 涉及細胞=97
2026-07-11 11:59:52,903 - m4_module.cell_crops - INFO - 匯出 57 張 per-cell 影像至 docs/hybrid-pipeline/measurement/runs_current/large/cell_crops/tile_x10752_y5376/cells
2026-07-11 11:59:52,903 - hybrid_pipeline - INFO - Tile tile_x10752_y5376 完成: 核心擁有 57 細胞 (57 陽性), 2.94 秒
2026-07-11 11:59:53,065 - m3_module.m3_cells_generator - INFO - All-positive 標註完成: 141 個細胞
2026-07-11 11:59:53,124 - m3_module.m3_cells_generator - INFO - enlarge_cell_instances: 141 顆細胞, factor=1.50(面積), 中位半徑=28.7px, 外擴=6.4px
2026-07-11 11:59:53,124 - cellpose.transforms - INFO - processing image with (1024, 1024) HW, and 3 channels
2026-07-11 11:59:53,685 - hybrid_pipeline - INFO - [37/441] 處理 tile: tile_x10752_y6912
2026-07-11 11:59:53,717 - m3_module.m3_elastic_matching - INFO - elastic_dish_nucleus_matching(overlap-first): IHC=141, DISH=90, matched(1核)=73 (其中重疊=73), drop-out(競爭落敗)=29, 無候選(計入)=39, factor=1.50, min_reach=20.0
2026-07-11 11:59:53,774 - cellpose.transforms - INFO - processing image with (1024, 1024) HW, and 3 channels
2026-07-11 11:59:55,039 - m3_module.m3_dot_detection - INFO - detect_all_dots: 紅點=90, 黑點=206, 涉及細胞=141
2026-07-11 11:59:55,452 - m3_module.m3_cells_generator - INFO - All-positive 標註完成: 30 個細胞
2026-07-11 11:59:55,465 - m4_module.cell_crops - INFO - 匯出 81 張 per-cell 影像至 docs/hybrid-pipeline/measurement/runs_current/large/cell_crops/tile_x10752_y6144/cells
2026-07-11 11:59:55,465 - hybrid_pipeline - INFO - Tile tile_x10752_y6144 完成: 核心擁有 81 細胞 (81 陽性), 3.68 秒
2026-07-11 11:59:55,490 - m3_module.m3_cells_generator - INFO - enlarge_cell_instances: 30 顆細胞, factor=1.50(面積), 中位半徑=28.4px, 外擴=6.4px
2026-07-11 11:59:55,491 - cellpose.transforms - INFO - processing image with (1024, 1024) HW, and 3 channels
2026-07-11 11:59:56,038 - hybrid_pipeline - INFO - [38/441] 處理 tile: tile_x10752_y768
2026-07-11 11:59:56,067 - m3_module.m3_elastic_matching - INFO - elastic_dish_nucleus_matching(overlap-first): IHC=30, DISH=34, matched(1核)=19 (其中重疊=19), drop-out(競爭落敗)=4, 無候選(計入)=7, factor=1.50, min_reach=20.0
2026-07-11 11:59:56,129 - cellpose.transforms - INFO - processing image with (1024, 1024) HW, and 3 channels
2026-07-11 11:59:56,443 - m3_module.m3_dot_detection - INFO - detect_all_dots: 紅點=30, 黑點=61, 涉及細胞=30
2026-07-11 11:59:56,632 - m4_module.cell_crops - INFO - 匯出 16 張 per-cell 影像至 docs/hybrid-pipeline/measurement/runs_current/large/cell_crops/tile_x10752_y6912/cells
2026-07-11 11:59:56,632 - hybrid_pipeline - INFO - Tile tile_x10752_y6912 完成: 核心擁有 16 細胞 (16 陽性), 2.95 秒
2026-07-11 11:59:56,865 - m3_module.m3_cells_generator - INFO - All-positive 標註完成: 38 個細胞
2026-07-11 11:59:56,904 - m3_module.m3_cells_generator - INFO - enlarge_cell_instances: 38 顆細胞, factor=1.50(面積), 中位半徑=25.2px, 外擴=5.7px
2026-07-11 11:59:56,904 - cellpose.transforms - INFO - processing image with (1024, 1024) HW, and 3 channels
2026-07-11 11:59:57,467 - hybrid_pipeline - INFO - [39/441] 處理 tile: tile_x10752_y7680
2026-07-11 11:59:57,494 - m3_module.m3_elastic_matching - INFO - elastic_dish_nucleus_matching(overlap-first): IHC=38, DISH=33, matched(1核)=26 (其中重疊=26), drop-out(競爭落敗)=3, 無候選(計入)=9, factor=1.50, min_reach=20.0
2026-07-11 11:59:58,088 - m3_module.m3_dot_detection - INFO - detect_all_dots: 紅點=33, 黑點=74, 涉及細胞=38
2026-07-11 11:59:58,245 - m4_module.cell_crops - INFO - 匯出 29 張 per-cell 影像至 docs/hybrid-pipeline/measurement/runs_current/large/cell_crops/tile_x10752_y768/cells
2026-07-11 11:59:58,245 - hybrid_pipeline - INFO - Tile tile_x10752_y768 完成: 核心擁有 29 細胞 (29 陽性), 2.21 秒
2026-07-11 11:59:58,245 - hybrid_pipeline - INFO - [40/441] 處理 tile: tile_x10752_y8448
2026-07-11 11:59:58,269 - hybrid_pipeline - INFO - Tile tile_x10752_y7680: 核心遮罩全空 → 空白 placeholder
2026-07-11 11:59:58,316 - cellpose.transforms - INFO - processing image with (1024, 1024) HW, and 3 channels
2026-07-11 11:59:58,816 - m3_module.m3_cells_generator - INFO - All-positive 標註完成: 50 個細胞
2026-07-11 11:59:58,859 - m3_module.m3_cells_generator - INFO - enlarge_cell_instances: 50 顆細胞, factor=1.50(面積), 中位半徑=27.8px, 外擴=6.2px
2026-07-11 11:59:58,860 - cellpose.transforms - INFO - processing image with (1024, 1024) HW, and 3 channels
2026-07-11 11:59:59,405 - hybrid_pipeline - INFO - [41/441] 處理 tile: tile_x10752_y9216
2026-07-11 11:59:59,432 - m3_module.m3_elastic_matching - INFO - elastic_dish_nucleus_matching(overlap-first): IHC=50, DISH=40, matched(1核)=24 (其中重疊=24), drop-out(競爭落敗)=8, 無候選(計入)=18, factor=1.50, min_reach=20.0
2026-07-11 11:59:59,501 - cellpose.transforms - INFO - processing image with (1024, 1024) HW, and 3 channels
2026-07-11 11:59:59,913 - m3_module.m3_dot_detection - INFO - detect_all_dots: 紅點=26, 黑點=62, 涉及細胞=50
2026-07-11 12:00:00,129 - m4_module.cell_crops - INFO - 匯出 30 張 per-cell 影像至 docs/hybrid-pipeline/measurement/runs_current/large/cell_crops/tile_x10752_y8448/cells
2026-07-11 12:00:00,129 - hybrid_pipeline - INFO - Tile tile_x10752_y8448 完成: 核心擁有 30 細胞 (30 陽性), 1.88 秒
2026-07-11 12:00:00,382 - m3_module.m3_cells_generator - INFO - All-positive 標註完成: 84 個細胞
2026-07-11 12:00:00,426 - m3_module.m3_cells_generator - INFO - enlarge_cell_instances: 84 顆細胞, factor=1.50(面積), 中位半徑=27.3px, 外擴=6.1px
2026-07-11 12:00:00,426 - cellpose.transforms - INFO - processing image with (1024, 1024) HW, and 3 channels
2026-07-11 12:00:00,960 - hybrid_pipeline - INFO - [42/441] 處理 tile: tile_x10752_y9984
2026-07-11 12:00:00,992 - m3_module.m3_elastic_matching - INFO - elastic_dish_nucleus_matching(overlap-first): IHC=84, DISH=66, matched(1核)=54 (其中重疊=54), drop-out(競爭落敗)=17, 無候選(計入)=13, factor=1.50, min_reach=20.0
2026-07-11 12:00:01,051 - cellpose.transforms - INFO - processing image with (1024, 1024) HW, and 3 channels
2026-07-11 12:00:01,930 - m3_module.m3_dot_detection - INFO - detect_all_dots: 紅點=61, 黑點=151, 涉及細胞=84
2026-07-11 12:00:02,260 - m4_module.cell_crops - INFO - 匯出 49 張 per-cell 影像至 docs/hybrid-pipeline/measurement/runs_current/large/cell_crops/tile_x10752_y9216/cells
2026-07-11 12:00:02,260 - hybrid_pipeline - INFO - Tile tile_x10752_y9216 完成: 核心擁有 49 細胞 (49 陽性), 2.85 秒
2026-07-11 12:00:02,378 - m3_module.m3_cells_generator - INFO - All-positive 標註完成: 52 個細胞
2026-07-11 12:00:02,416 - m3_module.m3_cells_generator - INFO - enlarge_cell_instances: 52 顆細胞, factor=1.50(面積), 中位半徑=29.2px, 外擴=6.6px
2026-07-11 12:00:02,417 - cellpose.transforms - INFO - processing image with (1024, 1024) HW, and 3 channels
2026-07-11 12:00:02,953 - hybrid_pipeline - INFO - [43/441] 處理 tile: tile_x11520_y0
2026-07-11 12:00:02,984 - m3_module.m3_elastic_matching - INFO - elastic_dish_nucleus_matching(overlap-first): IHC=52, DISH=41, matched(1核)=33 (其中重疊=33), drop-out(競爭落敗)=8, 無候選(計入)=11, factor=1.50, min_reach=20.0
2026-07-11 12:00:03,038 - cellpose.transforms - INFO - processing image with (1024, 1024) HW, and 3 channels
2026-07-11 12:00:03,780 - m3_module.m3_dot_detection - INFO - detect_all_dots: 紅點=47, 黑點=123, 涉及細胞=52
2026-07-11 12:00:04,025 - m4_module.cell_crops - INFO - 匯出 36 張 per-cell 影像至 docs/hybrid-pipeline/measurement/runs_current/large/cell_crops/tile_x10752_y9984/cells
2026-07-11 12:00:04,025 - hybrid_pipeline - INFO - Tile tile_x10752_y9984 完成: 核心擁有 36 細胞 (36 陽性), 3.06 秒
2026-07-11 12:00:04,048 - cellpose.dynamics - INFO - No cell pixels found.
2026-07-11 12:00:04,094 - m3_module.m3_cells_generator - INFO - All-positive 標註完成: 0 個細胞
2026-07-11 12:00:04,097 - cellpose.transforms - INFO - processing image with (1024, 1024) HW, and 3 channels
2026-07-11 12:00:04,653 - hybrid_pipeline - INFO - [44/441] 處理 tile: tile_x11520_y10752
2026-07-11 12:00:04,723 - cellpose.transforms - INFO - processing image with (1024, 1024) HW, and 3 channels
2026-07-11 12:00:04,752 - m3_module.m3_dot_detection - INFO - detect_all_dots: 紅點=0, 黑點=0, 涉及細胞=0
2026-07-11 12:00:04,782 - m4_module.cell_crops - INFO - 匯出 0 張 per-cell 影像至 docs/hybrid-pipeline/measurement/runs_current/large/cell_crops/tile_x11520_y0/cells
2026-07-11 12:00:04,782 - hybrid_pipeline - INFO - Tile tile_x11520_y0 完成: 核心擁有 0 細胞 (0 陽性), 1.83 秒
2026-07-11 12:00:05,186 - m3_module.m3_cells_generator - INFO - All-positive 標註完成: 4 個細胞
2026-07-11 12:00:05,220 - m3_module.m3_cells_generator - INFO - enlarge_cell_instances: 4 顆細胞, factor=1.50(面積), 中位半徑=27.3px, 外擴=6.1px
2026-07-11 12:00:05,221 - cellpose.transforms - INFO - processing image with (1024, 1024) HW, and 3 channels
2026-07-11 12:00:05,775 - hybrid_pipeline - INFO - [45/441] 處理 tile: tile_x11520_y11520
2026-07-11 12:00:05,797 - m3_module.m3_elastic_matching - INFO - elastic_dish_nucleus_matching(overlap-first): IHC=4, DISH=1, matched(1核)=0 (其中重疊=0), drop-out(競爭落敗)=0, 無候選(計入)=4, factor=1.50, min_reach=20.0
2026-07-11 12:00:05,866 - cellpose.transforms - INFO - processing image with (1024, 1024) HW, and 3 channels
2026-07-11 12:00:05,896 - m3_module.m3_dot_detection - INFO - detect_all_dots: 紅點=0, 黑點=0, 涉及細胞=4
2026-07-11 12:00:05,951 - m4_module.cell_crops - INFO - 匯出 2 張 per-cell 影像至 docs/hybrid-pipeline/measurement/runs_current/large/cell_crops/tile_x11520_y10752/cells
2026-07-11 12:00:05,951 - hybrid_pipeline - INFO - Tile tile_x11520_y10752 完成: 核心擁有 2 細胞 (2 陽性), 1.30 秒
2026-07-11 12:00:06,351 - m3_module.m3_cells_generator - INFO - All-positive 標註完成: 30 個細胞
2026-07-11 12:00:06,400 - m3_module.m3_cells_generator - INFO - enlarge_cell_instances: 30 顆細胞, factor=1.50(面積), 中位半徑=24.7px, 外擴=5.5px
2026-07-11 12:00:06,400 - cellpose.transforms - INFO - processing image with (1024, 1024) HW, and 3 channels
2026-07-11 12:00:06,943 - hybrid_pipeline - INFO - [46/441] 處理 tile: tile_x11520_y12288
2026-07-11 12:00:06,968 - m3_module.m3_elastic_matching - INFO - elastic_dish_nucleus_matching(overlap-first): IHC=30, DISH=17, matched(1核)=12 (其中重疊=12), drop-out(競爭落敗)=4, 無候選(計入)=14, factor=1.50, min_reach=20.0
2026-07-11 12:00:07,026 - cellpose.transforms - INFO - processing image with (1024, 1024) HW, and 3 channels
2026-07-11 12:00:07,210 - m3_module.m3_dot_detection - INFO - detect_all_dots: 紅點=11, 黑點=25, 涉及細胞=30
2026-07-11 12:00:07,333 - m4_module.cell_crops - INFO - 匯出 9 張 per-cell 影像至 docs/hybrid-pipeline/measurement/runs_current/large/cell_crops/tile_x11520_y11520/cells
2026-07-11 12:00:07,333 - hybrid_pipeline - INFO - Tile tile_x11520_y11520 完成: 核心擁有 9 細胞 (9 陽性), 1.56 秒
2026-07-11 12:00:07,717 - m3_module.m3_cells_generator - INFO - All-positive 標註完成: 94 個細胞
2026-07-11 12:00:07,775 - m3_module.m3_cells_generator - INFO - enlarge_cell_instances: 94 顆細胞, factor=1.50(面積), 中位半徑=26.6px, 外擴=6.0px
2026-07-11 12:00:07,775 - cellpose.transforms - INFO - processing image with (1024, 1024) HW, and 3 channels
2026-07-11 12:00:08,334 - hybrid_pipeline - INFO - [47/441] 處理 tile: tile_x11520_y13056
2026-07-11 12:00:08,368 - m3_module.m3_elastic_matching - INFO - elastic_dish_nucleus_matching(overlap-first): IHC=94, DISH=69, matched(1核)=53 (其中重疊=53), drop-out(競爭落敗)=21, 無候選(計入)=20, factor=1.50, min_reach=20.0
2026-07-11 12:00:08,428 - cellpose.transforms - INFO - processing image with (1024, 1024) HW, and 3 channels
2026-07-11 12:00:09,016 - m3_module.m3_dot_detection - INFO - detect_all_dots: 紅點=46, 黑點=119, 涉及細胞=94
2026-07-11 12:00:09,352 - m4_module.cell_crops - INFO - 匯出 62 張 per-cell 影像至 docs/hybrid-pipeline/measurement/runs_current/large/cell_crops/tile_x11520_y12288/cells
2026-07-11 12:00:09,352 - hybrid_pipeline - INFO - Tile tile_x11520_y12288 完成: 核心擁有 62 細胞 (62 陽性), 2.41 秒
2026-07-11 12:00:09,449 - m3_module.m3_cells_generator - INFO - All-positive 標註完成: 49 個細胞
2026-07-11 12:00:09,504 - m3_module.m3_cells_generator - INFO - enlarge_cell_instances: 49 顆細胞, factor=1.50(面積), 中位半徑=24.3px, 外擴=5.5px
2026-07-11 12:00:09,504 - cellpose.transforms - INFO - processing image with (1024, 1024) HW, and 3 channels
2026-07-11 12:00:10,056 - hybrid_pipeline - INFO - [48/441] 處理 tile: tile_x11520_y13824
2026-07-11 12:00:10,085 - m3_module.m3_elastic_matching - INFO - elastic_dish_nucleus_matching(overlap-first): IHC=49, DISH=33, matched(1核)=25 (其中重疊=24), drop-out(競爭落敗)=9, 無候選(計入)=15, factor=1.50, min_reach=20.0
2026-07-11 12:00:10,142 - cellpose.transforms - INFO - processing image with (1024, 1024) HW, and 3 channels
2026-07-11 12:00:10,593 - m3_module.m3_dot_detection - INFO - detect_all_dots: 紅點=32, 黑點=78, 涉及細胞=49
2026-07-11 12:00:10,793 - m4_module.cell_crops - INFO - 匯出 15 張 per-cell 影像至 docs/hybrid-pipeline/measurement/runs_current/large/cell_crops/tile_x11520_y13056/cells
2026-07-11 12:00:10,793 - hybrid_pipeline - INFO - Tile tile_x11520_y13056 完成: 核心擁有 15 細胞 (15 陽性), 2.46 秒
2026-07-11 12:00:11,117 - m3_module.m3_cells_generator - INFO - All-positive 標註完成: 103 個細胞
2026-07-11 12:00:11,175 - m3_module.m3_cells_generator - INFO - enlarge_cell_instances: 103 顆細胞, factor=1.50(面積), 中位半徑=27.9px, 外擴=6.3px
2026-07-11 12:00:11,176 - cellpose.transforms - INFO - processing image with (1024, 1024) HW, and 3 channels
2026-07-11 12:00:11,730 - hybrid_pipeline - INFO - [49/441] 處理 tile: tile_x11520_y14592
2026-07-11 12:00:11,760 - m3_module.m3_elastic_matching - INFO - elastic_dish_nucleus_matching(overlap-first): IHC=103, DISH=69, matched(1核)=60 (其中重疊=60), drop-out(競爭落敗)=14, 無候選(計入)=29, factor=1.50, min_reach=20.0
2026-07-11 12:00:11,819 - cellpose.transforms - INFO - processing image with (1024, 1024) HW, and 3 channels
2026-07-11 12:00:12,940 - m3_module.m3_dot_detection - INFO - detect_all_dots: 紅點=80, 黑點=183, 涉及細胞=103
2026-07-11 12:00:13,333 - m4_module.cell_crops - INFO - 匯出 64 張 per-cell 影像至 docs/hybrid-pipeline/measurement/runs_current/large/cell_crops/tile_x11520_y13824/cells
2026-07-11 12:00:13,333 - hybrid_pipeline - INFO - Tile tile_x11520_y13824 完成: 核心擁有 64 細胞 (64 陽性), 3.28 秒
2026-07-11 12:00:13,371 - m3_module.m3_cells_generator - INFO - All-positive 標註完成: 35 個細胞
2026-07-11 12:00:13,419 - m3_module.m3_cells_generator - INFO - enlarge_cell_instances: 35 顆細胞, factor=1.50(面積), 中位半徑=26.5px, 外擴=5.9px
2026-07-11 12:00:13,420 - cellpose.transforms - INFO - processing image with (1024, 1024) HW, and 3 channels
2026-07-11 12:00:13,965 - hybrid_pipeline - INFO - [50/441] 處理 tile: tile_x11520_y1536
2026-07-11 12:00:13,998 - m3_module.m3_elastic_matching - INFO - elastic_dish_nucleus_matching(overlap-first): IHC=35, DISH=19, matched(1核)=16 (其中重疊=16), drop-out(競爭落敗)=6, 無候選(計入)=13, factor=1.50, min_reach=20.0
2026-07-11 12:00:14,056 - cellpose.transforms - INFO - processing image with (1024, 1024) HW, and 3 channels
2026-07-11 12:00:14,273 - m3_module.m3_dot_detection - INFO - detect_all_dots: 紅點=14, 黑點=29, 涉及細胞=35
2026-07-11 12:00:14,420 - m4_module.cell_crops - INFO - 匯出 6 張 per-cell 影像至 docs/hybrid-pipeline/measurement/runs_current/large/cell_crops/tile_x11520_y14592/cells
2026-07-11 12:00:14,420 - hybrid_pipeline - INFO - Tile tile_x11520_y14592 完成: 核心擁有 6 細胞 (6 陽性), 2.69 秒
2026-07-11 12:00:14,721 - m3_module.m3_cells_generator - INFO - All-positive 標註完成: 61 個細胞
2026-07-11 12:00:14,773 - m3_module.m3_cells_generator - INFO - enlarge_cell_instances: 61 顆細胞, factor=1.50(面積), 中位半徑=29.9px, 外擴=6.7px
2026-07-11 12:00:14,774 - cellpose.transforms - INFO - processing image with (1024, 1024) HW, and 3 channels
2026-07-11 12:00:15,320 - hybrid_pipeline - INFO - [51/441] 處理 tile: tile_x11520_y15360
2026-07-11 12:00:15,347 - m3_module.m3_elastic_matching - INFO - elastic_dish_nucleus_matching(overlap-first): IHC=61, DISH=31, matched(1核)=26 (其中重疊=26), drop-out(競爭落敗)=7, 無候選(計入)=28, factor=1.50, min_reach=20.0
2026-07-11 12:00:15,393 - cellpose.transforms - INFO - processing image with (1024, 1024) HW, and 3 channels
2026-07-11 12:00:15,684 - m3_module.m3_dot_detection - INFO - detect_all_dots: 紅點=17, 黑點=46, 涉及細胞=61
2026-07-11 12:00:15,914 - m4_module.cell_crops - INFO - 匯出 39 張 per-cell 影像至 docs/hybrid-pipeline/measurement/runs_current/large/cell_crops/tile_x11520_y1536/cells
2026-07-11 12:00:15,914 - hybrid_pipeline - INFO - Tile tile_x11520_y1536 完成: 核心擁有 39 細胞 (39 陽性), 1.95 秒
2026-07-11 12:00:16,124 - m3_module.m3_cells_generator - INFO - All-positive 標註完成: 49 個細胞
2026-07-11 12:00:16,170 - m3_module.m3_cells_generator - INFO - enlarge_cell_instances: 49 顆細胞, factor=1.50(面積), 中位半徑=27.2px, 外擴=6.1px
2026-07-11 12:00:16,171 - cellpose.transforms - INFO - processing image with (1024, 1024) HW, and 3 channels
2026-07-11 12:00:16,719 - hybrid_pipeline - INFO - [52/441] 處理 tile: tile_x11520_y2304
2026-07-11 12:00:16,748 - m3_module.m3_elastic_matching - INFO - elastic_dish_nucleus_matching(overlap-first): IHC=49, DISH=34, matched(1核)=26 (其中重疊=25), drop-out(競爭落敗)=8, 無候選(計入)=15, factor=1.50, min_reach=20.0
2026-07-11 12:00:16,811 - cellpose.transforms - INFO - processing image with (1024, 1024) HW, and 3 channels
2026-07-11 12:00:17,101 - m3_module.m3_dot_detection - INFO - detect_all_dots: 紅點=17, 黑點=39, 涉及細胞=49
2026-07-11 12:00:17,348 - m4_module.cell_crops - INFO - 匯出 37 張 per-cell 影像至 docs/hybrid-pipeline/measurement/runs_current/large/cell_crops/tile_x11520_y15360/cells
2026-07-11 12:00:17,348 - hybrid_pipeline - INFO - Tile tile_x11520_y15360 完成: 核心擁有 37 細胞 (37 陽性), 2.03 秒
2026-07-11 12:00:17,624 - m3_module.m3_cells_generator - INFO - All-positive 標註完成: 149 個細胞
2026-07-11 12:00:17,682 - m3_module.m3_cells_generator - INFO - enlarge_cell_instances: 149 顆細胞, factor=1.50(面積), 中位半徑=26.6px, 外擴=6.0px
2026-07-11 12:00:17,683 - cellpose.transforms - INFO - processing image with (1024, 1024) HW, and 3 channels
2026-07-11 12:00:18,229 - hybrid_pipeline - INFO - [53/441] 處理 tile: tile_x11520_y3072
2026-07-11 12:00:18,261 - m3_module.m3_elastic_matching - INFO - elastic_dish_nucleus_matching(overlap-first): IHC=149, DISH=63, matched(1核)=59 (其中重疊=59), drop-out(競爭落敗)=34, 無候選(計入)=56, factor=1.50, min_reach=20.0
2026-07-11 12:00:18,307 - cellpose.transforms - INFO - processing image with (1024, 1024) HW, and 3 channels
2026-07-11 12:00:19,129 - m3_module.m3_dot_detection - INFO - detect_all_dots: 紅點=47, 黑點=117, 涉及細胞=149
2026-07-11 12:00:19,546 - m3_module.m3_cells_generator - INFO - All-positive 標註完成: 82 個細胞
2026-07-11 12:00:19,563 - m4_module.cell_crops - INFO - 匯出 84 張 per-cell 影像至 docs/hybrid-pipeline/measurement/runs_current/large/cell_crops/tile_x11520_y2304/cells
2026-07-11 12:00:19,563 - hybrid_pipeline - INFO - Tile tile_x11520_y2304 完成: 核心擁有 84 細胞 (84 陽性), 2.84 秒
2026-07-11 12:00:19,590 - m3_module.m3_cells_generator - INFO - enlarge_cell_instances: 82 顆細胞, factor=1.50(面積), 中位半徑=22.9px, 外擴=5.1px
2026-07-11 12:00:19,590 - cellpose.transforms - INFO - processing image with (1024, 1024) HW, and 3 channels
2026-07-11 12:00:20,145 - hybrid_pipeline - INFO - [54/441] 處理 tile: tile_x11520_y3840
2026-07-11 12:00:20,173 - m3_module.m3_elastic_matching - INFO - elastic_dish_nucleus_matching(overlap-first): IHC=82, DISH=39, matched(1核)=36 (其中重疊=36), drop-out(競爭落敗)=16, 無候選(計入)=30, factor=1.50, min_reach=20.0
2026-07-11 12:00:20,838 - m3_module.m3_dot_detection - INFO - detect_all_dots: 紅點=35, 黑點=91, 涉及細胞=82
2026-07-11 12:00:21,101 - m4_module.cell_crops - INFO - 匯出 41 張 per-cell 影像至 docs/hybrid-pipeline/measurement/runs_current/large/cell_crops/tile_x11520_y3072/cells
2026-07-11 12:00:21,101 - hybrid_pipeline - INFO - Tile tile_x11520_y3072 完成: 核心擁有 41 細胞 (41 陽性), 2.87 秒
2026-07-11 12:00:21,102 - hybrid_pipeline - INFO - [55/441] 處理 tile: tile_x11520_y4608
2026-07-11 12:00:21,127 - hybrid_pipeline - INFO - Tile tile_x11520_y3840: 核心遮罩全空 → 空白 placeholder
2026-07-11 12:00:21,178 - cellpose.transforms - INFO - processing image with (1024, 1024) HW, and 3 channels
2026-07-11 12:00:21,516 - cellpose.dynamics - INFO - No cell pixels found.
2026-07-11 12:00:21,567 - m3_module.m3_cells_generator - INFO - All-positive 標註完成: 0 個細胞
2026-07-11 12:00:21,569 - cellpose.transforms - INFO - processing image with (1024, 1024) HW, and 3 channels
2026-07-11 12:00:22,113 - hybrid_pipeline - INFO - [56/441] 處理 tile: tile_x11520_y5376
2026-07-11 12:00:22,190 - cellpose.transforms - INFO - processing image with (1024, 1024) HW, and 3 channels
2026-07-11 12:00:22,215 - m3_module.m3_dot_detection - INFO - detect_all_dots: 紅點=0, 黑點=0, 涉及細胞=0
2026-07-11 12:00:22,244 - m4_module.cell_crops - INFO - 匯出 0 張 per-cell 影像至 docs/hybrid-pipeline/measurement/runs_current/large/cell_crops/tile_x11520_y4608/cells
2026-07-11 12:00:22,244 - hybrid_pipeline - INFO - Tile tile_x11520_y4608 完成: 核心擁有 0 細胞 (0 陽性), 1.14 秒
2026-07-11 12:00:22,690 - m3_module.m3_cells_generator - INFO - All-positive 標註完成: 22 個細胞
2026-07-11 12:00:22,726 - m3_module.m3_cells_generator - INFO - enlarge_cell_instances: 22 顆細胞, factor=1.50(面積), 中位半徑=20.9px, 外擴=4.7px
2026-07-11 12:00:22,726 - cellpose.transforms - INFO - processing image with (1024, 1024) HW, and 3 channels
2026-07-11 12:00:23,274 - hybrid_pipeline - INFO - [57/441] 處理 tile: tile_x11520_y6144
2026-07-11 12:00:23,302 - m3_module.m3_elastic_matching - INFO - elastic_dish_nucleus_matching(overlap-first): IHC=22, DISH=14, matched(1核)=9 (其中重疊=9), drop-out(競爭落敗)=1, 無候選(計入)=12, factor=1.50, min_reach=20.0
2026-07-11 12:00:23,362 - cellpose.transforms - INFO - processing image with (1024, 1024) HW, and 3 channels
2026-07-11 12:00:23,461 - m3_module.m3_dot_detection - INFO - detect_all_dots: 紅點=6, 黑點=10, 涉及細胞=22
2026-07-11 12:00:23,566 - m4_module.cell_crops - INFO - 匯出 7 張 per-cell 影像至 docs/hybrid-pipeline/measurement/runs_current/large/cell_crops/tile_x11520_y5376/cells
2026-07-11 12:00:23,566 - hybrid_pipeline - INFO - Tile tile_x11520_y5376 完成: 核心擁有 7 細胞 (7 陽性), 1.45 秒
2026-07-11 12:00:23,861 - m3_module.m3_cells_generator - INFO - All-positive 標註完成: 29 個細胞
2026-07-11 12:00:23,897 - m3_module.m3_cells_generator - INFO - enlarge_cell_instances: 29 顆細胞, factor=1.50(面積), 中位半徑=26.3px, 外擴=5.9px
2026-07-11 12:00:23,898 - cellpose.transforms - INFO - processing image with (1024, 1024) HW, and 3 channels
2026-07-11 12:00:24,448 - hybrid_pipeline - INFO - [58/441] 處理 tile: tile_x11520_y6912
2026-07-11 12:00:24,476 - m3_module.m3_elastic_matching - INFO - elastic_dish_nucleus_matching(overlap-first): IHC=29, DISH=25, matched(1核)=16 (其中重疊=16), drop-out(競爭落敗)=4, 無候選(計入)=9, factor=1.50, min_reach=20.0
2026-07-11 12:00:24,531 - cellpose.transforms - INFO - processing image with (1024, 1024) HW, and 3 channels
2026-07-11 12:00:24,827 - m3_module.m3_dot_detection - INFO - detect_all_dots: 紅點=17, 黑點=40, 涉及細胞=29
2026-07-11 12:00:24,978 - m4_module.cell_crops - INFO - 匯出 14 張 per-cell 影像至 docs/hybrid-pipeline/measurement/runs_current/large/cell_crops/tile_x11520_y6144/cells
2026-07-11 12:00:24,978 - hybrid_pipeline - INFO - Tile tile_x11520_y6144 完成: 核心擁有 14 細胞 (14 陽性), 1.70 秒
2026-07-11 12:00:25,201 - m3_module.m3_cells_generator - INFO - All-positive 標註完成: 6 個細胞
2026-07-11 12:00:25,227 - m3_module.m3_cells_generator - INFO - enlarge_cell_instances: 6 顆細胞, factor=1.50(面積), 中位半徑=18.5px, 外擴=4.2px
2026-07-11 12:00:25,227 - cellpose.transforms - INFO - processing image with (1024, 1024) HW, and 3 channels
2026-07-11 12:00:25,774 - hybrid_pipeline - INFO - [59/441] 處理 tile: tile_x11520_y768
2026-07-11 12:00:25,799 - m3_module.m3_elastic_matching - INFO - elastic_dish_nucleus_matching(overlap-first): IHC=6, DISH=2, matched(1核)=1 (其中重疊=1), drop-out(競爭落敗)=0, 無候選(計入)=5, factor=1.50, min_reach=20.0
2026-07-11 12:00:25,861 - cellpose.transforms - INFO - processing image with (1024, 1024) HW, and 3 channels
2026-07-11 12:00:25,914 - m3_module.m3_dot_detection - INFO - detect_all_dots: 紅點=3, 黑點=4, 涉及細胞=6
2026-07-11 12:00:25,976 - m4_module.cell_crops - INFO - 匯出 0 張 per-cell 影像至 docs/hybrid-pipeline/measurement/runs_current/large/cell_crops/tile_x11520_y6912/cells
2026-07-11 12:00:25,976 - hybrid_pipeline - INFO - Tile tile_x11520_y6912 完成: 核心擁有 0 細胞 (0 陽性), 1.53 秒
2026-07-11 12:00:26,284 - m3_module.m3_cells_generator - INFO - All-positive 標註完成: 3 個細胞
2026-07-11 12:00:26,315 - m3_module.m3_cells_generator - INFO - enlarge_cell_instances: 3 顆細胞, factor=1.50(面積), 中位半徑=16.0px, 外擴=3.6px
2026-07-11 12:00:26,315 - cellpose.transforms - INFO - processing image with (1024, 1024) HW, and 3 channels
2026-07-11 12:00:26,863 - hybrid_pipeline - INFO - [60/441] 處理 tile: tile_x11520_y7680
2026-07-11 12:00:26,937 - cellpose.transforms - INFO - processing image with (1024, 1024) HW, and 3 channels
2026-07-11 12:00:26,972 - m3_module.m3_dot_detection - INFO - detect_all_dots: 紅點=0, 黑點=0, 涉及細胞=3
2026-07-11 12:00:27,016 - m4_module.cell_crops - INFO - 匯出 2 張 per-cell 影像至 docs/hybrid-pipeline/measurement/runs_current/large/cell_crops/tile_x11520_y768/cells
2026-07-11 12:00:27,016 - hybrid_pipeline - INFO - Tile tile_x11520_y768 完成: 核心擁有 2 細胞 (2 陽性), 1.24 秒
2026-07-11 12:00:27,277 - cellpose.dynamics - INFO - No cell pixels found.
2026-07-11 12:00:27,328 - m3_module.m3_cells_generator - INFO - All-positive 標註完成: 0 個細胞
2026-07-11 12:00:27,330 - cellpose.transforms - INFO - processing image with (1024, 1024) HW, and 3 channels
2026-07-11 12:00:27,887 - hybrid_pipeline - INFO - [61/441] 處理 tile: tile_x11520_y8448
2026-07-11 12:00:27,971 - cellpose.transforms - INFO - processing image with (1024, 1024) HW, and 3 channels
2026-07-11 12:00:27,995 - m3_module.m3_dot_detection - INFO - detect_all_dots: 紅點=0, 黑點=0, 涉及細胞=0
2026-07-11 12:00:28,033 - m4_module.cell_crops - INFO - 匯出 0 張 per-cell 影像至 docs/hybrid-pipeline/measurement/runs_current/large/cell_crops/tile_x11520_y7680/cells
2026-07-11 12:00:28,034 - hybrid_pipeline - INFO - Tile tile_x11520_y7680 完成: 核心擁有 0 細胞 (0 陽性), 1.17 秒
2026-07-11 12:00:28,414 - m3_module.m3_cells_generator - INFO - All-positive 標註完成: 2 個細胞
2026-07-11 12:00:28,445 - m3_module.m3_cells_generator - INFO - enlarge_cell_instances: 2 顆細胞, factor=1.50(面積), 中位半徑=12.7px, 外擴=2.9px
2026-07-11 12:00:28,445 - cellpose.transforms - INFO - processing image with (1024, 1024) HW, and 3 channels
2026-07-11 12:00:28,999 - hybrid_pipeline - INFO - [62/441] 處理 tile: tile_x11520_y9216
2026-07-11 12:00:29,021 - m3_module.m3_elastic_matching - INFO - elastic_dish_nucleus_matching(overlap-first): IHC=2, DISH=1, matched(1核)=1 (其中重疊=1), drop-out(競爭落敗)=0, 無候選(計入)=1, factor=1.50, min_reach=20.0
2026-07-11 12:00:29,072 - cellpose.transforms - INFO - processing image with (1024, 1024) HW, and 3 channels
2026-07-11 12:00:29,124 - m3_module.m3_dot_detection - INFO - detect_all_dots: 紅點=0, 黑點=1, 涉及細胞=2
2026-07-11 12:00:29,175 - m4_module.cell_crops - INFO - 匯出 0 張 per-cell 影像至 docs/hybrid-pipeline/measurement/runs_current/large/cell_crops/tile_x11520_y8448/cells
2026-07-11 12:00:29,175 - hybrid_pipeline - INFO - Tile tile_x11520_y8448 完成: 核心擁有 0 細胞 (0 陽性), 1.29 秒
2026-07-11 12:00:29,405 - cellpose.dynamics - INFO - No cell pixels found.
2026-07-11 12:00:29,450 - m3_module.m3_cells_generator - INFO - All-positive 標註完成: 0 個細胞
2026-07-11 12:00:29,452 - cellpose.transforms - INFO - processing image with (1024, 1024) HW, and 3 channels
2026-07-11 12:00:30,002 - hybrid_pipeline - INFO - [63/441] 處理 tile: tile_x11520_y9984
2026-07-11 12:00:30,083 - cellpose.transforms - INFO - processing image with (1024, 1024) HW, and 3 channels
2026-07-11 12:00:30,112 - m3_module.m3_dot_detection - INFO - detect_all_dots: 紅點=0, 黑點=0, 涉及細胞=0
2026-07-11 12:00:30,148 - m4_module.cell_crops - INFO - 匯出 0 張 per-cell 影像至 docs/hybrid-pipeline/measurement/runs_current/large/cell_crops/tile_x11520_y9216/cells
2026-07-11 12:00:30,148 - hybrid_pipeline - INFO - Tile tile_x11520_y9216 完成: 核心擁有 0 細胞 (0 陽性), 1.15 秒
2026-07-11 12:00:30,558 - m3_module.m3_cells_generator - INFO - All-positive 標註完成: 18 個細胞
2026-07-11 12:00:30,595 - m3_module.m3_cells_generator - INFO - enlarge_cell_instances: 18 顆細胞, factor=1.50(面積), 中位半徑=26.0px, 外擴=5.8px
2026-07-11 12:00:30,595 - cellpose.transforms - INFO - processing image with (1024, 1024) HW, and 3 channels
2026-07-11 12:00:31,152 - hybrid_pipeline - INFO - [64/441] 處理 tile: tile_x12288_y0
2026-07-11 12:00:31,179 - m3_module.m3_elastic_matching - INFO - elastic_dish_nucleus_matching(overlap-first): IHC=18, DISH=17, matched(1核)=12 (其中重疊=12), drop-out(競爭落敗)=3, 無候選(計入)=3, factor=1.50, min_reach=20.0
2026-07-11 12:00:31,251 - cellpose.transforms - INFO - processing image with (1024, 1024) HW, and 3 channels
2026-07-11 12:00:31,441 - m3_module.m3_dot_detection - INFO - detect_all_dots: 紅點=13, 黑點=33, 涉及細胞=18
2026-07-11 12:00:31,549 - m4_module.cell_crops - INFO - 匯出 8 張 per-cell 影像至 docs/hybrid-pipeline/measurement/runs_current/large/cell_crops/tile_x11520_y9984/cells
2026-07-11 12:00:31,549 - hybrid_pipeline - INFO - Tile tile_x11520_y9984 完成: 核心擁有 8 細胞 (8 陽性), 1.55 秒
2026-07-11 12:00:31,725 - cellpose.dynamics - INFO - No cell pixels found.
2026-07-11 12:00:31,775 - m3_module.m3_cells_generator - INFO - All-positive 標註完成: 0 個細胞
2026-07-11 12:00:31,778 - cellpose.transforms - INFO - processing image with (1024, 1024) HW, and 3 channels
2026-07-11 12:00:32,322 - hybrid_pipeline - INFO - [65/441] 處理 tile: tile_x12288_y10752
2026-07-11 12:00:32,396 - cellpose.transforms - INFO - processing image with (1024, 1024) HW, and 3 channels
2026-07-11 12:00:32,422 - m3_module.m3_dot_detection - INFO - detect_all_dots: 紅點=0, 黑點=0, 涉及細胞=0
2026-07-11 12:00:32,455 - m4_module.cell_crops - INFO - 匯出 0 張 per-cell 影像至 docs/hybrid-pipeline/measurement/runs_current/large/cell_crops/tile_x12288_y0/cells
2026-07-11 12:00:32,455 - hybrid_pipeline - INFO - Tile tile_x12288_y0 完成: 核心擁有 0 細胞 (0 陽性), 1.30 秒
2026-07-11 12:00:32,886 - m3_module.m3_cells_generator - INFO - All-positive 標註完成: 2 個細胞
2026-07-11 12:00:32,917 - m3_module.m3_cells_generator - INFO - enlarge_cell_instances: 2 顆細胞, factor=1.50(面積), 中位半徑=38.5px, 外擴=8.7px
2026-07-11 12:00:32,918 - cellpose.transforms - INFO - processing image with (1024, 1024) HW, and 3 channels
2026-07-11 12:00:33,466 - hybrid_pipeline - INFO - [66/441] 處理 tile: tile_x12288_y11520
2026-07-11 12:00:33,545 - cellpose.transforms - INFO - processing image with (1024, 1024) HW, and 3 channels
2026-07-11 12:00:33,569 - m3_module.m3_dot_detection - INFO - detect_all_dots: 紅點=0, 黑點=0, 涉及細胞=2
2026-07-11 12:00:33,628 - m4_module.cell_crops - INFO - 匯出 0 張 per-cell 影像至 docs/hybrid-pipeline/measurement/runs_current/large/cell_crops/tile_x12288_y10752/cells
2026-07-11 12:00:33,628 - hybrid_pipeline - INFO - Tile tile_x12288_y10752 完成: 核心擁有 0 細胞 (0 陽性), 1.31 秒
2026-07-11 12:00:34,057 - m3_module.m3_cells_generator - INFO - All-positive 標註完成: 62 個細胞
2026-07-11 12:00:34,113 - m3_module.m3_cells_generator - INFO - enlarge_cell_instances: 62 顆細胞, factor=1.50(面積), 中位半徑=28.3px, 外擴=6.4px
2026-07-11 12:00:34,114 - cellpose.transforms - INFO - processing image with (1024, 1024) HW, and 3 channels
2026-07-11 12:00:34,668 - hybrid_pipeline - INFO - [67/441] 處理 tile: tile_x12288_y12288
2026-07-11 12:00:34,695 - m3_module.m3_elastic_matching - INFO - elastic_dish_nucleus_matching(overlap-first): IHC=62, DISH=53, matched(1核)=37 (其中重疊=37), drop-out(競爭落敗)=14, 無候選(計入)=11, factor=1.50, min_reach=20.0
2026-07-11 12:00:34,761 - cellpose.transforms - INFO - processing image with (1024, 1024) HW, and 3 channels
2026-07-11 12:00:35,359 - m3_module.m3_dot_detection - INFO - detect_all_dots: 紅點=39, 黑點=91, 涉及細胞=62
2026-07-11 12:00:35,598 - m4_module.cell_crops - INFO - 匯出 35 張 per-cell 影像至 docs/hybrid-pipeline/measurement/runs_current/large/cell_crops/tile_x12288_y11520/cells
2026-07-11 12:00:35,598 - hybrid_pipeline - INFO - Tile tile_x12288_y11520 完成: 核心擁有 35 細胞 (35 陽性), 2.13 秒
2026-07-11 12:00:35,839 - m3_module.m3_cells_generator - INFO - All-positive 標註完成: 91 個細胞
2026-07-11 12:00:35,896 - m3_module.m3_cells_generator - INFO - enlarge_cell_instances: 91 顆細胞, factor=1.50(面積), 中位半徑=28.9px, 外擴=6.5px
2026-07-11 12:00:35,897 - cellpose.transforms - INFO - processing image with (1024, 1024) HW, and 3 channels
2026-07-11 12:00:36,462 - hybrid_pipeline - INFO - [68/441] 處理 tile: tile_x12288_y13056
2026-07-11 12:00:36,491 - m3_module.m3_elastic_matching - INFO - elastic_dish_nucleus_matching(overlap-first): IHC=91, DISH=88, matched(1核)=60 (其中重疊=60), drop-out(競爭落敗)=13, 無候選(計入)=18, factor=1.50, min_reach=20.0
2026-07-11 12:00:36,547 - cellpose.transforms - INFO - processing image with (1024, 1024) HW, and 3 channels
2026-07-11 12:00:37,468 - m3_module.m3_dot_detection - INFO - detect_all_dots: 紅點=54, 黑點=137, 涉及細胞=91
2026-07-11 12:00:37,817 - m4_module.cell_crops - INFO - 匯出 49 張 per-cell 影像至 docs/hybrid-pipeline/measurement/runs_current/large/cell_crops/tile_x12288_y12288/cells
2026-07-11 12:00:37,817 - hybrid_pipeline - INFO - Tile tile_x12288_y12288 完成: 核心擁有 49 細胞 (49 陽性), 3.15 秒
2026-07-11 12:00:37,985 - m3_module.m3_cells_generator - INFO - All-positive 標註完成: 83 個細胞
2026-07-11 12:00:38,044 - m3_module.m3_cells_generator - INFO - enlarge_cell_instances: 83 顆細胞, factor=1.50(面積), 中位半徑=35.3px, 外擴=7.9px
2026-07-11 12:00:38,044 - cellpose.transforms - INFO - processing image with (1024, 1024) HW, and 3 channels
2026-07-11 12:00:38,591 - hybrid_pipeline - INFO - [69/441] 處理 tile: tile_x12288_y13824
2026-07-11 12:00:38,621 - m3_module.m3_elastic_matching - INFO - elastic_dish_nucleus_matching(overlap-first): IHC=83, DISH=52, matched(1核)=43 (其中重疊=42), drop-out(競爭落敗)=18, 無候選(計入)=22, factor=1.50, min_reach=20.0
2026-07-11 12:00:38,681 - cellpose.transforms - INFO - processing image with (1024, 1024) HW, and 3 channels
2026-07-11 12:00:39,463 - m3_module.m3_dot_detection - INFO - detect_all_dots: 紅點=51, 黑點=125, 涉及細胞=83
2026-07-11 12:00:39,828 - m4_module.cell_crops - INFO - 匯出 47 張 per-cell 影像至 docs/hybrid-pipeline/measurement/runs_current/large/cell_crops/tile_x12288_y13056/cells
2026-07-11 12:00:39,828 - hybrid_pipeline - INFO - Tile tile_x12288_y13056 完成: 核心擁有 47 細胞 (47 陽性), 3.37 秒
2026-07-11 12:00:39,996 - m3_module.m3_cells_generator - INFO - All-positive 標註完成: 95 個細胞
2026-07-11 12:00:40,053 - m3_module.m3_cells_generator - INFO - enlarge_cell_instances: 95 顆細胞, factor=1.50(面積), 中位半徑=31.3px, 外擴=7.0px
2026-07-11 12:00:40,053 - cellpose.transforms - INFO - processing image with (1024, 1024) HW, and 3 channels
2026-07-11 12:00:40,607 - hybrid_pipeline - INFO - [70/441] 處理 tile: tile_x12288_y14592
2026-07-11 12:00:40,640 - m3_module.m3_elastic_matching - INFO - elastic_dish_nucleus_matching(overlap-first): IHC=95, DISH=64, matched(1核)=53 (其中重疊=53), drop-out(競爭落敗)=19, 無候選(計入)=23, factor=1.50, min_reach=20.0
2026-07-11 12:00:40,680 - cellpose.transforms - INFO - processing image with (1024, 1024) HW, and 3 channels
2026-07-11 12:00:41,701 - m3_module.m3_dot_detection - INFO - detect_all_dots: 紅點=68, 黑點=146, 涉及細胞=95
2026-07-11 12:00:42,098 - m3_module.m3_cells_generator - INFO - All-positive 標註完成: 39 個細胞
2026-07-11 12:00:42,103 - m4_module.cell_crops - INFO - 匯出 51 張 per-cell 影像至 docs/hybrid-pipeline/measurement/runs_current/large/cell_crops/tile_x12288_y13824/cells
2026-07-11 12:00:42,103 - hybrid_pipeline - INFO - Tile tile_x12288_y13824 完成: 核心擁有 51 細胞 (51 陽性), 3.51 秒
2026-07-11 12:00:42,144 - m3_module.m3_cells_generator - INFO - enlarge_cell_instances: 39 顆細胞, factor=1.50(面積), 中位半徑=26.4px, 外擴=5.9px
2026-07-11 12:00:42,144 - cellpose.transforms - INFO - processing image with (1024, 1024) HW, and 3 channels
2026-07-11 12:00:42,683 - hybrid_pipeline - INFO - [71/441] 處理 tile: tile_x12288_y1536
2026-07-11 12:00:42,705 - m3_module.m3_elastic_matching - INFO - elastic_dish_nucleus_matching(overlap-first): IHC=39, DISH=32, matched(1核)=21 (其中重疊=21), drop-out(競爭落敗)=5, 無候選(計入)=13, factor=1.50, min_reach=20.0
2026-07-11 12:00:42,760 - cellpose.transforms - INFO - processing image with (1024, 1024) HW, and 3 channels
2026-07-11 12:00:43,071 - m3_module.m3_dot_detection - INFO - detect_all_dots: 紅點=30, 黑點=52, 涉及細胞=39
2026-07-11 12:00:43,277 - m4_module.cell_crops - INFO - 匯出 9 張 per-cell 影像至 docs/hybrid-pipeline/measurement/runs_current/large/cell_crops/tile_x12288_y14592/cells
2026-07-11 12:00:43,277 - hybrid_pipeline - INFO - Tile tile_x12288_y14592 完成: 核心擁有 9 細胞 (9 陽性), 2.67 秒
2026-07-11 12:00:43,537 - m3_module.m3_cells_generator - INFO - All-positive 標註完成: 77 個細胞
2026-07-11 12:00:43,590 - m3_module.m3_cells_generator - INFO - enlarge_cell_instances: 77 顆細胞, factor=1.50(面積), 中位半徑=31.9px, 外擴=7.2px
2026-07-11 12:00:43,590 - cellpose.transforms - INFO - processing image with (1024, 1024) HW, and 3 channels
2026-07-11 12:00:44,145 - hybrid_pipeline - INFO - [72/441] 處理 tile: tile_x12288_y15360
2026-07-11 12:00:44,175 - m3_module.m3_elastic_matching - INFO - elastic_dish_nucleus_matching(overlap-first): IHC=77, DISH=55, matched(1核)=45 (其中重疊=45), drop-out(競爭落敗)=14, 無候選(計入)=18, factor=1.50, min_reach=20.0
2026-07-11 12:00:44,240 - cellpose.transforms - INFO - processing image with (1024, 1024) HW, and 3 channels
2026-07-11 12:00:44,851 - m3_module.m3_dot_detection - INFO - detect_all_dots: 紅點=31, 黑點=124, 涉及細胞=77
2026-07-11 12:00:45,144 - m4_module.cell_crops - INFO - 匯出 42 張 per-cell 影像至 docs/hybrid-pipeline/measurement/runs_current/large/cell_crops/tile_x12288_y1536/cells
2026-07-11 12:00:45,144 - hybrid_pipeline - INFO - Tile tile_x12288_y1536 完成: 核心擁有 42 細胞 (42 陽性), 2.46 秒
2026-07-11 12:00:45,294 - m3_module.m3_cells_generator - INFO - All-positive 標註完成: 48 個細胞
2026-07-11 12:00:45,344 - m3_module.m3_cells_generator - INFO - enlarge_cell_instances: 48 顆細胞, factor=1.50(面積), 中位半徑=28.6px, 外擴=6.4px
2026-07-11 12:00:45,345 - cellpose.transforms - INFO - processing image with (1024, 1024) HW, and 3 channels
2026-07-11 12:00:45,886 - hybrid_pipeline - INFO - [73/441] 處理 tile: tile_x12288_y2304
2026-07-11 12:00:45,914 - m3_module.m3_elastic_matching - INFO - elastic_dish_nucleus_matching(overlap-first): IHC=48, DISH=32, matched(1核)=24 (其中重疊=24), drop-out(競爭落敗)=4, 無候選(計入)=20, factor=1.50, min_reach=20.0
2026-07-11 12:00:45,981 - cellpose.transforms - INFO - processing image with (1024, 1024) HW, and 3 channels
2026-07-11 12:00:46,325 - m3_module.m3_dot_detection - INFO - detect_all_dots: 紅點=27, 黑點=50, 涉及細胞=48
2026-07-11 12:00:46,547 - m4_module.cell_crops - INFO - 匯出 28 張 per-cell 影像至 docs/hybrid-pipeline/measurement/runs_current/large/cell_crops/tile_x12288_y15360/cells
2026-07-11 12:00:46,547 - hybrid_pipeline - INFO - Tile tile_x12288_y15360 完成: 核心擁有 28 細胞 (28 陽性), 2.40 秒
2026-07-11 12:00:46,783 - m3_module.m3_cells_generator - INFO - All-positive 標註完成: 77 個細胞
2026-07-11 12:00:46,832 - m3_module.m3_cells_generator - INFO - enlarge_cell_instances: 77 顆細胞, factor=1.50(面積), 中位半徑=29.2px, 外擴=6.6px
2026-07-11 12:00:46,832 - cellpose.transforms - INFO - processing image with (1024, 1024) HW, and 3 channels
2026-07-11 12:00:47,379 - hybrid_pipeline - INFO - [74/441] 處理 tile: tile_x12288_y3072
2026-07-11 12:00:47,407 - m3_module.m3_elastic_matching - INFO - elastic_dish_nucleus_matching(overlap-first): IHC=77, DISH=39, matched(1核)=32 (其中重疊=32), drop-out(競爭落敗)=15, 無候選(計入)=30, factor=1.50, min_reach=20.0
2026-07-11 12:00:47,453 - cellpose.transforms - INFO - processing image with (1024, 1024) HW, and 3 channels
2026-07-11 12:00:47,797 - m3_module.m3_dot_detection - INFO - detect_all_dots: 紅點=19, 黑點=57, 涉及細胞=77
2026-07-11 12:00:48,041 - m4_module.cell_crops - INFO - 匯出 34 張 per-cell 影像至 docs/hybrid-pipeline/measurement/runs_current/large/cell_crops/tile_x12288_y2304/cells
2026-07-11 12:00:48,042 - hybrid_pipeline - INFO - Tile tile_x12288_y2304 完成: 核心擁有 34 細胞 (34 陽性), 2.16 秒
2026-07-11 12:00:48,187 - m3_module.m3_cells_generator - INFO - All-positive 標註完成: 34 個細胞
2026-07-11 12:00:48,221 - m3_module.m3_cells_generator - INFO - enlarge_cell_instances: 34 顆細胞, factor=1.50(面積), 中位半徑=23.4px, 外擴=5.3px
2026-07-11 12:00:48,222 - cellpose.transforms - INFO - processing image with (1024, 1024) HW, and 3 channels
2026-07-11 12:00:48,779 - hybrid_pipeline - INFO - [75/441] 處理 tile: tile_x12288_y3840
2026-07-11 12:00:48,803 - m3_module.m3_elastic_matching - INFO - elastic_dish_nucleus_matching(overlap-first): IHC=34, DISH=23, matched(1核)=18 (其中重疊=18), drop-out(競爭落敗)=7, 無候選(計入)=9, factor=1.50, min_reach=20.0
2026-07-11 12:00:48,868 - cellpose.transforms - INFO - processing image with (1024, 1024) HW, and 3 channels
2026-07-11 12:00:49,149 - m3_module.m3_dot_detection - INFO - detect_all_dots: 紅點=22, 黑點=56, 涉及細胞=34
2026-07-11 12:00:49,302 - m4_module.cell_crops - INFO - 匯出 15 張 per-cell 影像至 docs/hybrid-pipeline/measurement/runs_current/large/cell_crops/tile_x12288_y3072/cells
2026-07-11 12:00:49,302 - hybrid_pipeline - INFO - Tile tile_x12288_y3072 完成: 核心擁有 15 細胞 (15 陽性), 1.92 秒
2026-07-11 12:00:49,427 - cellpose.dynamics - INFO - No cell pixels found.
2026-07-11 12:00:49,475 - m3_module.m3_cells_generator - INFO - All-positive 標註完成: 0 個細胞
2026-07-11 12:00:49,478 - cellpose.transforms - INFO - processing image with (1024, 1024) HW, and 3 channels
2026-07-11 12:00:50,023 - hybrid_pipeline - INFO - [76/441] 處理 tile: tile_x12288_y4608
2026-07-11 12:00:50,105 - cellpose.transforms - INFO - processing image with (1024, 1024) HW, and 3 channels
2026-07-11 12:00:50,123 - m3_module.m3_dot_detection - INFO - detect_all_dots: 紅點=0, 黑點=0, 涉及細胞=0
2026-07-11 12:00:50,170 - m4_module.cell_crops - INFO - 匯出 0 張 per-cell 影像至 docs/hybrid-pipeline/measurement/runs_current/large/cell_crops/tile_x12288_y3840/cells
2026-07-11 12:00:50,170 - hybrid_pipeline - INFO - Tile tile_x12288_y3840 完成: 核心擁有 0 細胞 (0 陽性), 1.39 秒
2026-07-11 12:00:50,542 - m3_module.m3_cells_generator - INFO - All-positive 標註完成: 1 個細胞
2026-07-11 12:00:50,572 - m3_module.m3_cells_generator - INFO - enlarge_cell_instances: 1 顆細胞, factor=1.50(面積), 中位半徑=19.2px, 外擴=4.3px
2026-07-11 12:00:50,573 - cellpose.transforms - INFO - processing image with (1024, 1024) HW, and 3 channels
2026-07-11 12:00:51,122 - hybrid_pipeline - INFO - [77/441] 處理 tile: tile_x12288_y5376
2026-07-11 12:00:51,306 - m3_module.m3_dot_detection - INFO - detect_all_dots: 紅點=0, 黑點=0, 涉及細胞=1
2026-07-11 12:00:51,340 - m4_module.cell_crops - INFO - 匯出 0 張 per-cell 影像至 docs/hybrid-pipeline/measurement/runs_current/large/cell_crops/tile_x12288_y4608/cells
2026-07-11 12:00:51,340 - hybrid_pipeline - INFO - Tile tile_x12288_y4608 完成: 核心擁有 0 細胞 (0 陽性), 1.32 秒
2026-07-11 12:00:51,340 - hybrid_pipeline - INFO - [78/441] 處理 tile: tile_x12288_y6144
2026-07-11 12:00:51,364 - hybrid_pipeline - INFO - Tile tile_x12288_y5376: 核心遮罩全空 → 空白 placeholder
2026-07-11 12:00:51,465 - hybrid_pipeline - INFO - [79/441] 處理 tile: tile_x12288_y6912
2026-07-11 12:00:51,496 - hybrid_pipeline - INFO - Tile tile_x12288_y6144: 核心遮罩全空 → 空白 placeholder
2026-07-11 12:00:51,591 - hybrid_pipeline - INFO - [80/441] 處理 tile: tile_x12288_y768
2026-07-11 12:00:51,619 - hybrid_pipeline - INFO - Tile tile_x12288_y6912: 核心遮罩全空 → 空白 placeholder
2026-07-11 12:00:51,663 - cellpose.transforms - INFO - processing image with (1024, 1024) HW, and 3 channels
2026-07-11 12:00:52,148 - m3_module.m3_cells_generator - INFO - All-positive 標註完成: 38 個細胞
2026-07-11 12:00:52,191 - m3_module.m3_cells_generator - INFO - enlarge_cell_instances: 38 顆細胞, factor=1.50(面積), 中位半徑=29.7px, 外擴=6.7px
2026-07-11 12:00:52,191 - cellpose.transforms - INFO - processing image with (1024, 1024) HW, and 3 channels
2026-07-11 12:00:52,753 - hybrid_pipeline - INFO - [81/441] 處理 tile: tile_x12288_y7680
2026-07-11 12:00:52,780 - m3_module.m3_elastic_matching - INFO - elastic_dish_nucleus_matching(overlap-first): IHC=38, DISH=26, matched(1核)=24 (其中重疊=24), drop-out(競爭落敗)=10, 無候選(計入)=4, factor=1.50, min_reach=20.0
2026-07-11 12:00:52,845 - cellpose.transforms - INFO - processing image with (1024, 1024) HW, and 3 channels
2026-07-11 12:00:53,205 - m3_module.m3_dot_detection - INFO - detect_all_dots: 紅點=19, 黑點=75, 涉及細胞=38
2026-07-11 12:00:53,415 - m4_module.cell_crops - INFO - 匯出 24 張 per-cell 影像至 docs/hybrid-pipeline/measurement/runs_current/large/cell_crops/tile_x12288_y768/cells
2026-07-11 12:00:53,415 - hybrid_pipeline - INFO - Tile tile_x12288_y768 完成: 核心擁有 24 細胞 (24 陽性), 1.82 秒
2026-07-11 12:00:53,468 - cellpose.dynamics - INFO - No cell pixels found.
2026-07-11 12:00:53,516 - m3_module.m3_cells_generator - INFO - All-positive 標註完成: 0 個細胞
2026-07-11 12:00:53,520 - cellpose.transforms - INFO - processing image with (1024, 1024) HW, and 3 channels
2026-07-11 12:00:54,071 - hybrid_pipeline - INFO - [82/441] 處理 tile: tile_x12288_y8448
2026-07-11 12:00:54,249 - m3_module.m3_dot_detection - INFO - detect_all_dots: 紅點=0, 黑點=0, 涉及細胞=0
2026-07-11 12:00:54,286 - m4_module.cell_crops - INFO - 匯出 0 張 per-cell 影像至 docs/hybrid-pipeline/measurement/runs_current/large/cell_crops/tile_x12288_y7680/cells
2026-07-11 12:00:54,286 - hybrid_pipeline - INFO - Tile tile_x12288_y7680 完成: 核心擁有 0 細胞 (0 陽性), 1.53 秒
2026-07-11 12:00:54,287 - hybrid_pipeline - INFO - [83/441] 處理 tile: tile_x12288_y9216
2026-07-11 12:00:54,315 - hybrid_pipeline - INFO - Tile tile_x12288_y8448: 核心遮罩全空 → 空白 placeholder
2026-07-11 12:00:54,416 - hybrid_pipeline - INFO - [84/441] 處理 tile: tile_x12288_y9984
2026-07-11 12:00:54,444 - hybrid_pipeline - INFO - Tile tile_x12288_y9216: 核心遮罩全空 → 空白 placeholder
2026-07-11 12:00:54,488 - cellpose.transforms - INFO - processing image with (1024, 1024) HW, and 3 channels
2026-07-11 12:00:54,972 - m3_module.m3_cells_generator - INFO - All-positive 標註完成: 27 個細胞
2026-07-11 12:00:55,007 - m3_module.m3_cells_generator - INFO - enlarge_cell_instances: 27 顆細胞, factor=1.50(面積), 中位半徑=26.7px, 外擴=6.0px
2026-07-11 12:00:55,007 - cellpose.transforms - INFO - processing image with (1024, 1024) HW, and 3 channels
2026-07-11 12:00:55,557 - hybrid_pipeline - INFO - [85/441] 處理 tile: tile_x13056_y0
2026-07-11 12:00:55,583 - m3_module.m3_elastic_matching - INFO - elastic_dish_nucleus_matching(overlap-first): IHC=27, DISH=19, matched(1核)=15 (其中重疊=15), drop-out(競爭落敗)=7, 無候選(計入)=5, factor=1.50, min_reach=20.0
2026-07-11 12:00:55,648 - cellpose.transforms - INFO - processing image with (1024, 1024) HW, and 3 channels
2026-07-11 12:00:55,941 - m3_module.m3_dot_detection - INFO - detect_all_dots: 紅點=22, 黑點=63, 涉及細胞=27
2026-07-11 12:00:56,094 - m4_module.cell_crops - INFO - 匯出 20 張 per-cell 影像至 docs/hybrid-pipeline/measurement/runs_current/large/cell_crops/tile_x12288_y9984/cells
2026-07-11 12:00:56,094 - hybrid_pipeline - INFO - Tile tile_x12288_y9984 完成: 核心擁有 20 細胞 (20 陽性), 1.68 秒
2026-07-11 12:00:56,396 - m3_module.m3_cells_generator - INFO - All-positive 標註完成: 62 個細胞
2026-07-11 12:00:56,443 - m3_module.m3_cells_generator - INFO - enlarge_cell_instances: 62 顆細胞, factor=1.50(面積), 中位半徑=26.0px, 外擴=5.8px
2026-07-11 12:00:56,444 - cellpose.transforms - INFO - processing image with (1024, 1024) HW, and 3 channels
2026-07-11 12:00:57,003 - hybrid_pipeline - INFO - [86/441] 處理 tile: tile_x13056_y10752
2026-07-11 12:00:57,033 - m3_module.m3_elastic_matching - INFO - elastic_dish_nucleus_matching(overlap-first): IHC=62, DISH=57, matched(1核)=42 (其中重疊=42), drop-out(競爭落敗)=9, 無候選(計入)=11, factor=1.50, min_reach=20.0
2026-07-11 12:00:57,103 - cellpose.transforms - INFO - processing image with (1024, 1024) HW, and 3 channels
2026-07-11 12:00:57,718 - m3_module.m3_dot_detection - INFO - detect_all_dots: 紅點=45, 黑點=114, 涉及細胞=62
2026-07-11 12:00:57,975 - m4_module.cell_crops - INFO - 匯出 43 張 per-cell 影像至 docs/hybrid-pipeline/measurement/runs_current/large/cell_crops/tile_x13056_y0/cells
2026-07-11 12:00:57,975 - hybrid_pipeline - INFO - Tile tile_x13056_y0 完成: 核心擁有 43 細胞 (43 陽性), 2.42 秒
2026-07-11 12:00:58,116 - m3_module.m3_cells_generator - INFO - All-positive 標註完成: 2 個細胞
2026-07-11 12:00:58,147 - m3_module.m3_cells_generator - INFO - enlarge_cell_instances: 2 顆細胞, factor=1.50(面積), 中位半徑=31.8px, 外擴=7.1px
2026-07-11 12:00:58,148 - cellpose.transforms - INFO - processing image with (1024, 1024) HW, and 3 channels
2026-07-11 12:00:58,690 - hybrid_pipeline - INFO - [87/441] 處理 tile: tile_x13056_y11520
2026-07-11 12:00:58,713 - m3_module.m3_elastic_matching - INFO - elastic_dish_nucleus_matching(overlap-first): IHC=2, DISH=2, matched(1核)=1 (其中重疊=1), drop-out(競爭落敗)=0, 無候選(計入)=1, factor=1.50, min_reach=20.0
2026-07-11 12:00:58,779 - cellpose.transforms - INFO - processing image with (1024, 1024) HW, and 3 channels
2026-07-11 12:00:58,834 - m3_module.m3_dot_detection - INFO - detect_all_dots: 紅點=0, 黑點=3, 涉及細胞=2
2026-07-11 12:00:58,892 - m4_module.cell_crops - INFO - 匯出 0 張 per-cell 影像至 docs/hybrid-pipeline/measurement/runs_current/large/cell_crops/tile_x13056_y10752/cells
2026-07-11 12:00:58,892 - hybrid_pipeline - INFO - Tile tile_x13056_y10752 完成: 核心擁有 0 細胞 (0 陽性), 1.89 秒
2026-07-11 12:00:59,229 - m3_module.m3_cells_generator - INFO - All-positive 標註完成: 14 個細胞
2026-07-11 12:00:59,264 - m3_module.m3_cells_generator - INFO - enlarge_cell_instances: 14 顆細胞, factor=1.50(面積), 中位半徑=23.6px, 外擴=5.3px
2026-07-11 12:00:59,264 - cellpose.transforms - INFO - processing image with (1024, 1024) HW, and 3 channels
2026-07-11 12:00:59,809 - hybrid_pipeline - INFO - [88/441] 處理 tile: tile_x13056_y12288
2026-07-11 12:00:59,834 - m3_module.m3_elastic_matching - INFO - elastic_dish_nucleus_matching(overlap-first): IHC=14, DISH=18, matched(1核)=8 (其中重疊=8), drop-out(競爭落敗)=3, 無候選(計入)=3, factor=1.50, min_reach=20.0
2026-07-11 12:00:59,903 - cellpose.transforms - INFO - processing image with (1024, 1024) HW, and 3 channels
2026-07-11 12:01:00,012 - m3_module.m3_dot_detection - INFO - detect_all_dots: 紅點=5, 黑點=16, 涉及細胞=14
2026-07-11 12:01:00,110 - m4_module.cell_crops - INFO - 匯出 3 張 per-cell 影像至 docs/hybrid-pipeline/measurement/runs_current/large/cell_crops/tile_x13056_y11520/cells
2026-07-11 12:01:00,110 - hybrid_pipeline - INFO - Tile tile_x13056_y11520 完成: 核心擁有 3 細胞 (3 陽性), 1.42 秒
2026-07-11 12:01:00,459 - m3_module.m3_cells_generator - INFO - All-positive 標註完成: 37 個細胞
2026-07-11 12:01:00,504 - m3_module.m3_cells_generator - INFO - enlarge_cell_instances: 37 顆細胞, factor=1.50(面積), 中位半徑=29.1px, 外擴=6.5px
2026-07-11 12:01:00,504 - cellpose.transforms - INFO - processing image with (1024, 1024) HW, and 3 channels
2026-07-11 12:01:01,059 - hybrid_pipeline - INFO - [89/441] 處理 tile: tile_x13056_y13056
2026-07-11 12:01:01,085 - m3_module.m3_elastic_matching - INFO - elastic_dish_nucleus_matching(overlap-first): IHC=37, DISH=36, matched(1核)=21 (其中重疊=21), drop-out(競爭落敗)=8, 無候選(計入)=8, factor=1.50, min_reach=20.0
2026-07-11 12:01:01,152 - cellpose.transforms - INFO - processing image with (1024, 1024) HW, and 3 channels
2026-07-11 12:01:01,416 - m3_module.m3_dot_detection - INFO - detect_all_dots: 紅點=24, 黑點=45, 涉及細胞=37
2026-07-11 12:01:01,614 - m4_module.cell_crops - INFO - 匯出 12 張 per-cell 影像至 docs/hybrid-pipeline/measurement/runs_current/large/cell_crops/tile_x13056_y12288/cells
2026-07-11 12:01:01,614 - hybrid_pipeline - INFO - Tile tile_x13056_y12288 完成: 核心擁有 12 細胞 (12 陽性), 1.81 秒
2026-07-11 12:01:01,916 - m3_module.m3_cells_generator - INFO - All-positive 標註完成: 89 個細胞
2026-07-11 12:01:01,969 - m3_module.m3_cells_generator - INFO - enlarge_cell_instances: 89 顆細胞, factor=1.50(面積), 中位半徑=28.0px, 外擴=6.3px
2026-07-11 12:01:01,970 - cellpose.transforms - INFO - processing image with (1024, 1024) HW, and 3 channels
2026-07-11 12:01:02,527 - hybrid_pipeline - INFO - [90/441] 處理 tile: tile_x13056_y13824
2026-07-11 12:01:02,557 - m3_module.m3_elastic_matching - INFO - elastic_dish_nucleus_matching(overlap-first): IHC=89, DISH=58, matched(1核)=48 (其中重疊=48), drop-out(競爭落敗)=22, 無候選(計入)=19, factor=1.50, min_reach=20.0
2026-07-11 12:01:02,604 - cellpose.transforms - INFO - processing image with (1024, 1024) HW, and 3 channels
2026-07-11 12:01:03,340 - m3_module.m3_dot_detection - INFO - detect_all_dots: 紅點=59, 黑點=132, 涉及細胞=89
2026-07-11 12:01:03,684 - m4_module.cell_crops - INFO - 匯出 61 張 per-cell 影像至 docs/hybrid-pipeline/measurement/runs_current/large/cell_crops/tile_x13056_y13056/cells
2026-07-11 12:01:03,685 - hybrid_pipeline - INFO - Tile tile_x13056_y13056 完成: 核心擁有 61 細胞 (61 陽性), 2.62 秒
2026-07-11 12:01:03,779 - m3_module.m3_cells_generator - INFO - All-positive 標註完成: 59 個細胞
2026-07-11 12:01:03,824 - m3_module.m3_cells_generator - INFO - enlarge_cell_instances: 59 顆細胞, factor=1.50(面積), 中位半徑=30.1px, 外擴=6.8px
2026-07-11 12:01:03,825 - cellpose.transforms - INFO - processing image with (1024, 1024) HW, and 3 channels
2026-07-11 12:01:04,375 - hybrid_pipeline - INFO - [91/441] 處理 tile: tile_x13056_y14592
2026-07-11 12:01:04,404 - m3_module.m3_elastic_matching - INFO - elastic_dish_nucleus_matching(overlap-first): IHC=59, DISH=43, matched(1核)=34 (其中重疊=34), drop-out(競爭落敗)=15, 無候選(計入)=10, factor=1.50, min_reach=20.0
2026-07-11 12:01:04,465 - cellpose.transforms - INFO - processing image with (1024, 1024) HW, and 3 channels
2026-07-11 12:01:04,939 - m3_module.m3_dot_detection - INFO - detect_all_dots: 紅點=34, 黑點=85, 涉及細胞=59
2026-07-11 12:01:05,180 - m4_module.cell_crops - INFO - 匯出 33 張 per-cell 影像至 docs/hybrid-pipeline/measurement/runs_current/large/cell_crops/tile_x13056_y13824/cells
2026-07-11 12:01:05,180 - hybrid_pipeline - INFO - Tile tile_x13056_y13824 完成: 核心擁有 33 細胞 (33 陽性), 2.65 秒
2026-07-11 12:01:05,375 - m3_module.m3_cells_generator - INFO - All-positive 標註完成: 32 個細胞
2026-07-11 12:01:05,422 - m3_module.m3_cells_generator - INFO - enlarge_cell_instances: 32 顆細胞, factor=1.50(面積), 中位半徑=36.6px, 外擴=8.2px
2026-07-11 12:01:05,422 - cellpose.transforms - INFO - processing image with (1024, 1024) HW, and 3 channels
2026-07-11 12:01:05,976 - hybrid_pipeline - INFO - [92/441] 處理 tile: tile_x13056_y1536
2026-07-11 12:01:05,997 - m3_module.m3_elastic_matching - INFO - elastic_dish_nucleus_matching(overlap-first): IHC=32, DISH=30, matched(1核)=24 (其中重疊=24), drop-out(競爭落敗)=2, 無候選(計入)=6, factor=1.50, min_reach=20.0
2026-07-11 12:01:06,067 - cellpose.transforms - INFO - processing image with (1024, 1024) HW, and 3 channels
2026-07-11 12:01:06,391 - m3_module.m3_dot_detection - INFO - detect_all_dots: 紅點=26, 黑點=53, 涉及細胞=32
2026-07-11 12:01:06,548 - m4_module.cell_crops - INFO - 匯出 11 張 per-cell 影像至 docs/hybrid-pipeline/measurement/runs_current/large/cell_crops/tile_x13056_y14592/cells
2026-07-11 12:01:06,548 - hybrid_pipeline - INFO - Tile tile_x13056_y14592 完成: 核心擁有 11 細胞 (11 陽性), 2.17 秒
2026-07-11 12:01:06,832 - m3_module.m3_cells_generator - INFO - All-positive 標註完成: 59 個細胞
2026-07-11 12:01:06,878 - m3_module.m3_cells_generator - INFO - enlarge_cell_instances: 59 顆細胞, factor=1.50(面積), 中位半徑=29.0px, 外擴=6.5px
2026-07-11 12:01:06,878 - cellpose.transforms - INFO - processing image with (1024, 1024) HW, and 3 channels
2026-07-11 12:01:07,447 - hybrid_pipeline - INFO - [93/441] 處理 tile: tile_x13056_y15360
2026-07-11 12:01:07,475 - m3_module.m3_elastic_matching - INFO - elastic_dish_nucleus_matching(overlap-first): IHC=59, DISH=37, matched(1核)=32 (其中重疊=31), drop-out(競爭落敗)=13, 無候選(計入)=14, factor=1.50, min_reach=20.0
2026-07-11 12:01:07,539 - cellpose.transforms - INFO - processing image with (1024, 1024) HW, and 3 channels
2026-07-11 12:01:07,761 - m3_module.m3_dot_detection - INFO - detect_all_dots: 紅點=27, 黑點=78, 涉及細胞=59
2026-07-11 12:01:07,974 - m4_module.cell_crops - INFO - 匯出 18 張 per-cell 影像至 docs/hybrid-pipeline/measurement/runs_current/large/cell_crops/tile_x13056_y1536/cells
2026-07-11 12:01:07,974 - hybrid_pipeline - INFO - Tile tile_x13056_y1536 完成: 核心擁有 18 細胞 (18 陽性), 2.00 秒
2026-07-11 12:01:08,177 - m3_module.m3_cells_generator - INFO - All-positive 標註完成: 39 個細胞
2026-07-11 12:01:08,225 - m3_module.m3_cells_generator - INFO - enlarge_cell_instances: 39 顆細胞, factor=1.50(面積), 中位半徑=29.3px, 外擴=6.6px
2026-07-11 12:01:08,226 - cellpose.transforms - INFO - processing image with (1024, 1024) HW, and 3 channels
2026-07-11 12:01:08,781 - hybrid_pipeline - INFO - [94/441] 處理 tile: tile_x13056_y2304
2026-07-11 12:01:08,806 - m3_module.m3_elastic_matching - INFO - elastic_dish_nucleus_matching(overlap-first): IHC=39, DISH=23, matched(1核)=17 (其中重疊=17), drop-out(競爭落敗)=2, 無候選(計入)=20, factor=1.50, min_reach=20.0
2026-07-11 12:01:08,874 - cellpose.transforms - INFO - processing image with (1024, 1024) HW, and 3 channels
2026-07-11 12:01:09,143 - m3_module.m3_dot_detection - INFO - detect_all_dots: 紅點=16, 黑點=24, 涉及細胞=39
2026-07-11 12:01:09,317 - m4_module.cell_crops - INFO - 匯出 23 張 per-cell 影像至 docs/hybrid-pipeline/measurement/runs_current/large/cell_crops/tile_x13056_y15360/cells
2026-07-11 12:01:09,317 - hybrid_pipeline - INFO - Tile tile_x13056_y15360 完成: 核心擁有 23 細胞 (23 陽性), 1.87 秒
2026-07-11 12:01:09,578 - m3_module.m3_cells_generator - INFO - All-positive 標註完成: 42 個細胞
2026-07-11 12:01:09,619 - m3_module.m3_cells_generator - INFO - enlarge_cell_instances: 42 顆細胞, factor=1.50(面積), 中位半徑=24.7px, 外擴=5.6px
2026-07-11 12:01:09,620 - cellpose.transforms - INFO - processing image with (1024, 1024) HW, and 3 channels
2026-07-11 12:01:10,187 - hybrid_pipeline - INFO - [95/441] 處理 tile: tile_x13056_y3072
2026-07-11 12:01:10,218 - m3_module.m3_elastic_matching - INFO - elastic_dish_nucleus_matching(overlap-first): IHC=42, DISH=20, matched(1核)=20 (其中重疊=20), drop-out(競爭落敗)=8, 無候選(計入)=14, factor=1.50, min_reach=20.0
2026-07-11 12:01:10,272 - cellpose.transforms - INFO - processing image with (1024, 1024) HW, and 3 channels
2026-07-11 12:01:10,498 - m3_module.m3_dot_detection - INFO - detect_all_dots: 紅點=16, 黑點=34, 涉及細胞=42
2026-07-11 12:01:10,664 - m4_module.cell_crops - INFO - 匯出 18 張 per-cell 影像至 docs/hybrid-pipeline/measurement/runs_current/large/cell_crops/tile_x13056_y2304/cells
2026-07-11 12:01:10,665 - hybrid_pipeline - INFO - Tile tile_x13056_y2304 完成: 核心擁有 18 細胞 (18 陽性), 1.88 秒
2026-07-11 12:01:10,919 - m3_module.m3_cells_generator - INFO - All-positive 標註完成: 13 個細胞
2026-07-11 12:01:10,959 - m3_module.m3_cells_generator - INFO - enlarge_cell_instances: 13 顆細胞, factor=1.50(面積), 中位半徑=29.1px, 外擴=6.5px
2026-07-11 12:01:10,960 - cellpose.transforms - INFO - processing image with (1024, 1024) HW, and 3 channels
2026-07-11 12:01:11,516 - hybrid_pipeline - INFO - [96/441] 處理 tile: tile_x13056_y3840
2026-07-11 12:01:11,544 - m3_module.m3_elastic_matching - INFO - elastic_dish_nucleus_matching(overlap-first): IHC=13, DISH=5, matched(1核)=3 (其中重疊=3), drop-out(競爭落敗)=4, 無候選(計入)=6, factor=1.50, min_reach=20.0
2026-07-11 12:01:11,605 - cellpose.transforms - INFO - processing image with (1024, 1024) HW, and 3 channels
2026-07-11 12:01:11,670 - m3_module.m3_dot_detection - INFO - detect_all_dots: 紅點=0, 黑點=3, 涉及細胞=13
2026-07-11 12:01:11,785 - m4_module.cell_crops - INFO - 匯出 5 張 per-cell 影像至 docs/hybrid-pipeline/measurement/runs_current/large/cell_crops/tile_x13056_y3072/cells
2026-07-11 12:01:11,785 - hybrid_pipeline - INFO - Tile tile_x13056_y3072 完成: 核心擁有 5 細胞 (5 陽性), 1.60 秒
2026-07-11 12:01:12,098 - m3_module.m3_cells_generator - INFO - All-positive 標註完成: 37 個細胞
2026-07-11 12:01:12,138 - m3_module.m3_cells_generator - INFO - enlarge_cell_instances: 37 顆細胞, factor=1.50(面積), 中位半徑=30.3px, 外擴=6.8px
2026-07-11 12:01:12,139 - cellpose.transforms - INFO - processing image with (1024, 1024) HW, and 3 channels
2026-07-11 12:01:12,687 - hybrid_pipeline - INFO - [97/441] 處理 tile: tile_x13056_y4608
2026-07-11 12:01:12,713 - m3_module.m3_elastic_matching - INFO - elastic_dish_nucleus_matching(overlap-first): IHC=37, DISH=22, matched(1核)=18 (其中重疊=18), drop-out(競爭落敗)=6, 無候選(計入)=13, factor=1.50, min_reach=20.0
2026-07-11 12:01:12,782 - cellpose.transforms - INFO - processing image with (1024, 1024) HW, and 3 channels
2026-07-11 12:01:12,994 - m3_module.m3_dot_detection - INFO - detect_all_dots: 紅點=22, 黑點=43, 涉及細胞=37
2026-07-11 12:01:13,184 - m4_module.cell_crops - INFO - 匯出 17 張 per-cell 影像至 docs/hybrid-pipeline/measurement/runs_current/large/cell_crops/tile_x13056_y3840/cells
2026-07-11 12:01:13,184 - hybrid_pipeline - INFO - Tile tile_x13056_y3840 完成: 核心擁有 17 細胞 (17 陽性), 1.67 秒
2026-07-11 12:01:13,409 - m3_module.m3_cells_generator - INFO - All-positive 標註完成: 16 個細胞
2026-07-11 12:01:13,445 - m3_module.m3_cells_generator - INFO - enlarge_cell_instances: 16 顆細胞, factor=1.50(面積), 中位半徑=28.2px, 外擴=6.3px
2026-07-11 12:01:13,446 - cellpose.transforms - INFO - processing image with (1024, 1024) HW, and 3 channels
2026-07-11 12:01:13,999 - hybrid_pipeline - INFO - [98/441] 處理 tile: tile_x13056_y5376
2026-07-11 12:01:14,024 - m3_module.m3_elastic_matching - INFO - elastic_dish_nucleus_matching(overlap-first): IHC=16, DISH=12, matched(1核)=7 (其中重疊=7), drop-out(競爭落敗)=2, 無候選(計入)=7, factor=1.50, min_reach=20.0
2026-07-11 12:01:14,089 - cellpose.transforms - INFO - processing image with (1024, 1024) HW, and 3 channels
2026-07-11 12:01:14,191 - m3_module.m3_dot_detection - INFO - detect_all_dots: 紅點=10, 黑點=15, 涉及細胞=16
2026-07-11 12:01:14,321 - m4_module.cell_crops - INFO - 匯出 5 張 per-cell 影像至 docs/hybrid-pipeline/measurement/runs_current/large/cell_crops/tile_x13056_y4608/cells
2026-07-11 12:01:14,321 - hybrid_pipeline - INFO - Tile tile_x13056_y4608 完成: 核心擁有 5 細胞 (5 陽性), 1.63 秒
2026-07-11 12:01:14,455 - cellpose.dynamics - INFO - No cell pixels found.
2026-07-11 12:01:14,503 - m3_module.m3_cells_generator - INFO - All-positive 標註完成: 0 個細胞
2026-07-11 12:01:14,506 - cellpose.transforms - INFO - processing image with (1024, 1024) HW, and 3 channels
2026-07-11 12:01:15,060 - hybrid_pipeline - INFO - [99/441] 處理 tile: tile_x13056_y6144
2026-07-11 12:01:15,236 - m3_module.m3_dot_detection - INFO - detect_all_dots: 紅點=0, 黑點=0, 涉及細胞=0
2026-07-11 12:01:15,264 - m4_module.cell_crops - INFO - 匯出 0 張 per-cell 影像至 docs/hybrid-pipeline/measurement/runs_current/large/cell_crops/tile_x13056_y5376/cells
2026-07-11 12:01:15,264 - hybrid_pipeline - INFO - Tile tile_x13056_y5376 完成: 核心擁有 0 細胞 (0 陽性), 1.26 秒
2026-07-11 12:01:15,264 - hybrid_pipeline - INFO - [100/441] 處理 tile: tile_x13056_y6912
2026-07-11 12:01:15,290 - hybrid_pipeline - INFO - Tile tile_x13056_y6144: 核心遮罩全空 → 空白 placeholder
2026-07-11 12:01:15,391 - hybrid_pipeline - INFO - [101/441] 處理 tile: tile_x13056_y768
2026-07-11 12:01:15,422 - hybrid_pipeline - INFO - Tile tile_x13056_y6912: 核心遮罩全空 → 空白 placeholder
2026-07-11 12:01:15,464 - cellpose.transforms - INFO - processing image with (1024, 1024) HW, and 3 channels
2026-07-11 12:01:15,939 - m3_module.m3_cells_generator - INFO - All-positive 標註完成: 29 個細胞
2026-07-11 12:01:15,975 - m3_module.m3_cells_generator - INFO - enlarge_cell_instances: 29 顆細胞, factor=1.50(面積), 中位半徑=25.1px, 外擴=5.7px
2026-07-11 12:01:15,976 - cellpose.transforms - INFO - processing image with (1024, 1024) HW, and 3 channels
2026-07-11 12:01:16,544 - hybrid_pipeline - INFO - [102/441] 處理 tile: tile_x13056_y7680
2026-07-11 12:01:16,570 - m3_module.m3_elastic_matching - INFO - elastic_dish_nucleus_matching(overlap-first): IHC=29, DISH=20, matched(1核)=18 (其中重疊=18), drop-out(競爭落敗)=4, 無候選(計入)=7, factor=1.50, min_reach=20.0
2026-07-11 12:01:16,983 - m3_module.m3_dot_detection - INFO - detect_all_dots: 紅點=10, 黑點=35, 涉及細胞=29
2026-07-11 12:01:17,121 - m4_module.cell_crops - INFO - 匯出 7 張 per-cell 影像至 docs/hybrid-pipeline/measurement/runs_current/large/cell_crops/tile_x13056_y768/cells
2026-07-11 12:01:17,121 - hybrid_pipeline - INFO - Tile tile_x13056_y768 完成: 核心擁有 7 細胞 (7 陽性), 1.73 秒
2026-07-11 12:01:17,121 - hybrid_pipeline - INFO - [103/441] 處理 tile: tile_x13056_y8448
2026-07-11 12:01:17,151 - hybrid_pipeline - INFO - Tile tile_x13056_y7680: 核心遮罩全空 → 空白 placeholder
2026-07-11 12:01:17,197 - cellpose.transforms - INFO - processing image with (1024, 1024) HW, and 3 channels
2026-07-11 12:01:17,653 - m3_module.m3_cells_generator - INFO - All-positive 標註完成: 3 個細胞
2026-07-11 12:01:17,678 - m3_module.m3_cells_generator - INFO - enlarge_cell_instances: 3 顆細胞, factor=1.50(面積), 中位半徑=24.0px, 外擴=5.4px
2026-07-11 12:01:17,678 - cellpose.transforms - INFO - processing image with (1024, 1024) HW, and 3 channels
2026-07-11 12:01:18,219 - hybrid_pipeline - INFO - [104/441] 處理 tile: tile_x13056_y9216
2026-07-11 12:01:18,241 - m3_module.m3_elastic_matching - INFO - elastic_dish_nucleus_matching(overlap-first): IHC=3, DISH=1, matched(1核)=1 (其中重疊=1), drop-out(競爭落敗)=0, 無候選(計入)=2, factor=1.50, min_reach=20.0
2026-07-11 12:01:18,308 - cellpose.transforms - INFO - processing image with (1024, 1024) HW, and 3 channels
2026-07-11 12:01:18,355 - m3_module.m3_dot_detection - INFO - detect_all_dots: 紅點=0, 黑點=2, 涉及細胞=3
2026-07-11 12:01:18,416 - m4_module.cell_crops - INFO - 匯出 3 張 per-cell 影像至 docs/hybrid-pipeline/measurement/runs_current/large/cell_crops/tile_x13056_y8448/cells
2026-07-11 12:01:18,416 - hybrid_pipeline - INFO - Tile tile_x13056_y8448 完成: 核心擁有 3 細胞 (3 陽性), 1.29 秒
2026-07-11 12:01:18,637 - cellpose.dynamics - INFO - No cell pixels found.
2026-07-11 12:01:18,684 - m3_module.m3_cells_generator - INFO - All-positive 標註完成: 0 個細胞
2026-07-11 12:01:18,686 - cellpose.transforms - INFO - processing image with (1024, 1024) HW, and 3 channels
2026-07-11 12:01:19,231 - hybrid_pipeline - INFO - [105/441] 處理 tile: tile_x13056_y9984
2026-07-11 12:01:19,310 - cellpose.transforms - INFO - processing image with (1024, 1024) HW, and 3 channels
2026-07-11 12:01:19,326 - m3_module.m3_dot_detection - INFO - detect_all_dots: 紅點=0, 黑點=0, 涉及細胞=0
2026-07-11 12:01:19,356 - m4_module.cell_crops - INFO - 匯出 0 張 per-cell 影像至 docs/hybrid-pipeline/measurement/runs_current/large/cell_crops/tile_x13056_y9216/cells
2026-07-11 12:01:19,356 - hybrid_pipeline - INFO - Tile tile_x13056_y9216 完成: 核心擁有 0 細胞 (0 陽性), 1.14 秒
2026-07-11 12:01:19,651 - cellpose.dynamics - INFO - No cell pixels found.
2026-07-11 12:01:19,701 - m3_module.m3_cells_generator - INFO - All-positive 標註完成: 0 個細胞
2026-07-11 12:01:19,704 - cellpose.transforms - INFO - processing image with (1024, 1024) HW, and 3 channels
2026-07-11 12:01:20,263 - hybrid_pipeline - INFO - [106/441] 處理 tile: tile_x13824_y0
2026-07-11 12:01:20,338 - cellpose.transforms - INFO - processing image with (1024, 1024) HW, and 3 channels
2026-07-11 12:01:20,368 - m3_module.m3_dot_detection - INFO - detect_all_dots: 紅點=0, 黑點=0, 涉及細胞=0
2026-07-11 12:01:20,398 - m4_module.cell_crops - INFO - 匯出 0 張 per-cell 影像至 docs/hybrid-pipeline/measurement/runs_current/large/cell_crops/tile_x13056_y9984/cells
2026-07-11 12:01:20,399 - hybrid_pipeline - INFO - Tile tile_x13056_y9984 完成: 核心擁有 0 細胞 (0 陽性), 1.17 秒
2026-07-11 12:01:20,861 - m3_module.m3_cells_generator - INFO - All-positive 標註完成: 59 個細胞
2026-07-11 12:01:20,915 - m3_module.m3_cells_generator - INFO - enlarge_cell_instances: 59 顆細胞, factor=1.50(面積), 中位半徑=25.9px, 外擴=5.8px
2026-07-11 12:01:20,915 - cellpose.transforms - INFO - processing image with (1024, 1024) HW, and 3 channels
2026-07-11 12:01:21,457 - hybrid_pipeline - INFO - [107/441] 處理 tile: tile_x13824_y10752
2026-07-11 12:01:21,484 - m3_module.m3_elastic_matching - INFO - elastic_dish_nucleus_matching(overlap-first): IHC=59, DISH=46, matched(1核)=30 (其中重疊=30), drop-out(競爭落敗)=14, 無候選(計入)=15, factor=1.50, min_reach=20.0
2026-07-11 12:01:21,548 - cellpose.transforms - INFO - processing image with (1024, 1024) HW, and 3 channels
2026-07-11 12:01:22,028 - m3_module.m3_dot_detection - INFO - detect_all_dots: 紅點=28, 黑點=78, 涉及細胞=59
2026-07-11 12:01:22,295 - m4_module.cell_crops - INFO - 匯出 28 張 per-cell 影像至 docs/hybrid-pipeline/measurement/runs_current/large/cell_crops/tile_x13824_y0/cells
2026-07-11 12:01:22,296 - hybrid_pipeline - INFO - Tile tile_x13824_y0 完成: 核心擁有 28 細胞 (28 陽性), 2.03 秒
2026-07-11 12:01:22,424 - m3_module.m3_cells_generator - INFO - All-positive 標註完成: 11 個細胞
2026-07-11 12:01:22,456 - m3_module.m3_cells_generator - INFO - enlarge_cell_instances: 11 顆細胞, factor=1.50(面積), 中位半徑=19.9px, 外擴=4.5px
2026-07-11 12:01:22,457 - cellpose.transforms - INFO - processing image with (1024, 1024) HW, and 3 channels
2026-07-11 12:01:23,007 - hybrid_pipeline - INFO - [108/441] 處理 tile: tile_x13824_y11520
2026-07-11 12:01:23,030 - m3_module.m3_elastic_matching - INFO - elastic_dish_nucleus_matching(overlap-first): IHC=11, DISH=8, matched(1核)=5 (其中重疊=5), drop-out(競爭落敗)=2, 無候選(計入)=4, factor=1.50, min_reach=20.0
2026-07-11 12:01:23,095 - cellpose.transforms - INFO - processing image with (1024, 1024) HW, and 3 channels
2026-07-11 12:01:23,190 - m3_module.m3_dot_detection - INFO - detect_all_dots: 紅點=7, 黑點=10, 涉及細胞=11
2026-07-11 12:01:23,273 - m4_module.cell_crops - INFO - 匯出 2 張 per-cell 影像至 docs/hybrid-pipeline/measurement/runs_current/large/cell_crops/tile_x13824_y10752/cells
2026-07-11 12:01:23,273 - hybrid_pipeline - INFO - Tile tile_x13824_y10752 完成: 核心擁有 2 細胞 (2 陽性), 1.82 秒
2026-07-11 12:01:23,579 - m3_module.m3_cells_generator - INFO - All-positive 標註完成: 7 個細胞
2026-07-11 12:01:23,611 - m3_module.m3_cells_generator - INFO - enlarge_cell_instances: 7 顆細胞, factor=1.50(面積), 中位半徑=23.5px, 外擴=5.3px
2026-07-11 12:01:23,612 - cellpose.transforms - INFO - processing image with (1024, 1024) HW, and 3 channels
2026-07-11 12:01:24,165 - hybrid_pipeline - INFO - [109/441] 處理 tile: tile_x13824_y12288
2026-07-11 12:01:24,189 - m3_module.m3_elastic_matching - INFO - elastic_dish_nucleus_matching(overlap-first): IHC=7, DISH=4, matched(1核)=2 (其中重疊=2), drop-out(競爭落敗)=1, 無候選(計入)=4, factor=1.50, min_reach=20.0
2026-07-11 12:01:24,257 - cellpose.transforms - INFO - processing image with (1024, 1024) HW, and 3 channels
2026-07-11 12:01:24,312 - m3_module.m3_dot_detection - INFO - detect_all_dots: 紅點=3, 黑點=4, 涉及細胞=7
2026-07-11 12:01:24,379 - m4_module.cell_crops - INFO - 匯出 7 張 per-cell 影像至 docs/hybrid-pipeline/measurement/runs_current/large/cell_crops/tile_x13824_y11520/cells
2026-07-11 12:01:24,379 - hybrid_pipeline - INFO - Tile tile_x13824_y11520 完成: 核心擁有 7 細胞 (7 陽性), 1.37 秒
2026-07-11 12:01:24,586 - cellpose.dynamics - INFO - No cell pixels found.
2026-07-11 12:01:24,633 - m3_module.m3_cells_generator - INFO - All-positive 標註完成: 0 個細胞
2026-07-11 12:01:24,635 - cellpose.transforms - INFO - processing image with (1024, 1024) HW, and 3 channels
2026-07-11 12:01:25,174 - hybrid_pipeline - INFO - [110/441] 處理 tile: tile_x13824_y13056
2026-07-11 12:01:25,247 - cellpose.transforms - INFO - processing image with (1024, 1024) HW, and 3 channels
2026-07-11 12:01:25,273 - m3_module.m3_dot_detection - INFO - detect_all_dots: 紅點=0, 黑點=0, 涉及細胞=0
2026-07-11 12:01:25,305 - m4_module.cell_crops - INFO - 匯出 0 張 per-cell 影像至 docs/hybrid-pipeline/measurement/runs_current/large/cell_crops/tile_x13824_y12288/cells
2026-07-11 12:01:25,305 - hybrid_pipeline - INFO - Tile tile_x13824_y12288 完成: 核心擁有 0 細胞 (0 陽性), 1.14 秒
2026-07-11 12:01:25,704 - m3_module.m3_cells_generator - INFO - All-positive 標註完成: 1 個細胞
2026-07-11 12:01:25,729 - m3_module.m3_cells_generator - INFO - enlarge_cell_instances: 1 顆細胞, factor=1.50(面積), 中位半徑=24.9px, 外擴=5.6px
2026-07-11 12:01:25,729 - cellpose.transforms - INFO - processing image with (1024, 1024) HW, and 3 channels
2026-07-11 12:01:26,278 - hybrid_pipeline - INFO - [111/441] 處理 tile: tile_x13824_y13824
2026-07-11 12:01:26,302 - m3_module.m3_elastic_matching - INFO - elastic_dish_nucleus_matching(overlap-first): IHC=1, DISH=1, matched(1核)=0 (其中重疊=0), drop-out(競爭落敗)=0, 無候選(計入)=1, factor=1.50, min_reach=20.0
2026-07-11 12:01:26,359 - cellpose.transforms - INFO - processing image with (1024, 1024) HW, and 3 channels
2026-07-11 12:01:26,388 - m3_module.m3_dot_detection - INFO - detect_all_dots: 紅點=0, 黑點=0, 涉及細胞=1
2026-07-11 12:01:26,433 - m4_module.cell_crops - INFO - 匯出 1 張 per-cell 影像至 docs/hybrid-pipeline/measurement/runs_current/large/cell_crops/tile_x13824_y13056/cells
2026-07-11 12:01:26,433 - hybrid_pipeline - INFO - Tile tile_x13824_y13056 完成: 核心擁有 1 細胞 (1 陽性), 1.26 秒
2026-07-11 12:01:26,784 - m3_module.m3_cells_generator - INFO - All-positive 標註完成: 1 個細胞
2026-07-11 12:01:26,815 - m3_module.m3_cells_generator - INFO - enlarge_cell_instances: 1 顆細胞, factor=1.50(面積), 中位半徑=31.7px, 外擴=7.1px
2026-07-11 12:01:26,815 - cellpose.transforms - INFO - processing image with (1024, 1024) HW, and 3 channels
2026-07-11 12:01:27,362 - hybrid_pipeline - INFO - [112/441] 處理 tile: tile_x13824_y14592
2026-07-11 12:01:27,440 - cellpose.transforms - INFO - processing image with (1024, 1024) HW, and 3 channels
2026-07-11 12:01:27,474 - m3_module.m3_dot_detection - INFO - detect_all_dots: 紅點=0, 黑點=0, 涉及細胞=1
2026-07-11 12:01:27,516 - m4_module.cell_crops - INFO - 匯出 0 張 per-cell 影像至 docs/hybrid-pipeline/measurement/runs_current/large/cell_crops/tile_x13824_y13824/cells
2026-07-11 12:01:27,516 - hybrid_pipeline - INFO - Tile tile_x13824_y13824 完成: 核心擁有 0 細胞 (0 陽性), 1.24 秒
2026-07-11 12:01:27,945 - m3_module.m3_cells_generator - INFO - All-positive 標註完成: 43 個細胞
2026-07-11 12:01:27,994 - m3_module.m3_cells_generator - INFO - enlarge_cell_instances: 43 顆細胞, factor=1.50(面積), 中位半徑=34.8px, 外擴=7.8px
2026-07-11 12:01:27,995 - cellpose.transforms - INFO - processing image with (1024, 1024) HW, and 3 channels
2026-07-11 12:01:28,536 - hybrid_pipeline - INFO - [113/441] 處理 tile: tile_x13824_y1536
2026-07-11 12:01:28,563 - m3_module.m3_elastic_matching - INFO - elastic_dish_nucleus_matching(overlap-first): IHC=43, DISH=30, matched(1核)=28 (其中重疊=27), drop-out(競爭落敗)=8, 無候選(計入)=7, factor=1.50, min_reach=20.0
2026-07-11 12:01:28,630 - cellpose.transforms - INFO - processing image with (1024, 1024) HW, and 3 channels
2026-07-11 12:01:29,115 - m3_module.m3_dot_detection - INFO - detect_all_dots: 紅點=31, 黑點=73, 涉及細胞=43
2026-07-11 12:01:29,316 - m4_module.cell_crops - INFO - 匯出 30 張 per-cell 影像至 docs/hybrid-pipeline/measurement/runs_current/large/cell_crops/tile_x13824_y14592/cells
2026-07-11 12:01:29,316 - hybrid_pipeline - INFO - Tile tile_x13824_y14592 完成: 核心擁有 30 細胞 (30 陽性), 1.95 秒
2026-07-11 12:01:29,551 - m3_module.m3_cells_generator - INFO - All-positive 標註完成: 33 個細胞
2026-07-11 12:01:29,595 - m3_module.m3_cells_generator - INFO - enlarge_cell_instances: 33 顆細胞, factor=1.50(面積), 中位半徑=25.1px, 外擴=5.6px
2026-07-11 12:01:29,595 - cellpose.transforms - INFO - processing image with (1024, 1024) HW, and 3 channels
2026-07-11 12:01:30,147 - hybrid_pipeline - INFO - [114/441] 處理 tile: tile_x13824_y15360
2026-07-11 12:01:30,174 - m3_module.m3_elastic_matching - INFO - elastic_dish_nucleus_matching(overlap-first): IHC=33, DISH=22, matched(1核)=13 (其中重疊=13), drop-out(競爭落敗)=3, 無候選(計入)=17, factor=1.50, min_reach=20.0
2026-07-11 12:01:30,233 - cellpose.transforms - INFO - processing image with (1024, 1024) HW, and 3 channels
2026-07-11 12:01:30,409 - m3_module.m3_dot_detection - INFO - detect_all_dots: 紅點=12, 黑點=25, 涉及細胞=33
2026-07-11 12:01:30,603 - m4_module.cell_crops - INFO - 匯出 8 張 per-cell 影像至 docs/hybrid-pipeline/measurement/runs_current/large/cell_crops/tile_x13824_y1536/cells
2026-07-11 12:01:30,603 - hybrid_pipeline - INFO - Tile tile_x13824_y1536 完成: 核心擁有 8 細胞 (8 陽性), 2.07 秒
2026-07-11 12:01:30,820 - m3_module.m3_cells_generator - INFO - All-positive 標註完成: 41 個細胞
2026-07-11 12:01:30,863 - m3_module.m3_cells_generator - INFO - enlarge_cell_instances: 41 顆細胞, factor=1.50(面積), 中位半徑=24.0px, 外擴=5.4px
2026-07-11 12:01:30,863 - cellpose.transforms - INFO - processing image with (1024, 1024) HW, and 3 channels
2026-07-11 12:01:31,409 - hybrid_pipeline - INFO - [115/441] 處理 tile: tile_x13824_y2304
2026-07-11 12:01:31,435 - m3_module.m3_elastic_matching - INFO - elastic_dish_nucleus_matching(overlap-first): IHC=41, DISH=30, matched(1核)=24 (其中重疊=24), drop-out(競爭落敗)=3, 無候選(計入)=14, factor=1.50, min_reach=20.0
2026-07-11 12:01:31,501 - cellpose.transforms - INFO - processing image with (1024, 1024) HW, and 3 channels
2026-07-11 12:01:31,804 - m3_module.m3_dot_detection - INFO - detect_all_dots: 紅點=19, 黑點=42, 涉及細胞=41
2026-07-11 12:01:31,959 - m4_module.cell_crops - INFO - 匯出 9 張 per-cell 影像至 docs/hybrid-pipeline/measurement/runs_current/large/cell_crops/tile_x13824_y15360/cells
2026-07-11 12:01:31,959 - hybrid_pipeline - INFO - Tile tile_x13824_y15360 完成: 核心擁有 9 細胞 (9 陽性), 1.81 秒
2026-07-11 12:01:32,214 - m3_module.m3_cells_generator - INFO - All-positive 標註完成: 57 個細胞
2026-07-11 12:01:32,265 - m3_module.m3_cells_generator - INFO - enlarge_cell_instances: 57 顆細胞, factor=1.50(面積), 中位半徑=27.4px, 外擴=6.2px
2026-07-11 12:01:32,265 - cellpose.transforms - INFO - processing image with (1024, 1024) HW, and 3 channels
2026-07-11 12:01:32,810 - hybrid_pipeline - INFO - [116/441] 處理 tile: tile_x13824_y3072
2026-07-11 12:01:32,839 - m3_module.m3_elastic_matching - INFO - elastic_dish_nucleus_matching(overlap-first): IHC=57, DISH=42, matched(1核)=31 (其中重疊=31), drop-out(競爭落敗)=7, 無候選(計入)=19, factor=1.50, min_reach=20.0
2026-07-11 12:01:32,904 - cellpose.transforms - INFO - processing image with (1024, 1024) HW, and 3 channels
2026-07-11 12:01:33,318 - m3_module.m3_dot_detection - INFO - detect_all_dots: 紅點=26, 黑點=71, 涉及細胞=57
2026-07-11 12:01:33,570 - m4_module.cell_crops - INFO - 匯出 36 張 per-cell 影像至 docs/hybrid-pipeline/measurement/runs_current/large/cell_crops/tile_x13824_y2304/cells
2026-07-11 12:01:33,570 - hybrid_pipeline - INFO - Tile tile_x13824_y2304 完成: 核心擁有 36 細胞 (36 陽性), 2.16 秒
2026-07-11 12:01:33,734 - m3_module.m3_cells_generator - INFO - All-positive 標註完成: 46 個細胞
2026-07-11 12:01:33,787 - m3_module.m3_cells_generator - INFO - enlarge_cell_instances: 46 顆細胞, factor=1.50(面積), 中位半徑=27.3px, 外擴=6.1px
2026-07-11 12:01:33,787 - cellpose.transforms - INFO - processing image with (1024, 1024) HW, and 3 channels
2026-07-11 12:01:34,321 - hybrid_pipeline - INFO - [117/441] 處理 tile: tile_x13824_y3840
2026-07-11 12:01:34,347 - m3_module.m3_elastic_matching - INFO - elastic_dish_nucleus_matching(overlap-first): IHC=46, DISH=23, matched(1核)=15 (其中重疊=15), drop-out(競爭落敗)=6, 無候選(計入)=25, factor=1.50, min_reach=20.0
2026-07-11 12:01:34,410 - cellpose.transforms - INFO - processing image with (1024, 1024) HW, and 3 channels
2026-07-11 12:01:34,627 - m3_module.m3_dot_detection - INFO - detect_all_dots: 紅點=12, 黑點=27, 涉及細胞=46
2026-07-11 12:01:34,840 - m4_module.cell_crops - INFO - 匯出 16 張 per-cell 影像至 docs/hybrid-pipeline/measurement/runs_current/large/cell_crops/tile_x13824_y3072/cells
2026-07-11 12:01:34,840 - hybrid_pipeline - INFO - Tile tile_x13824_y3072 完成: 核心擁有 16 細胞 (16 陽性), 2.03 秒
2026-07-11 12:01:35,082 - m3_module.m3_cells_generator - INFO - All-positive 標註完成: 71 個細胞
2026-07-11 12:01:35,137 - m3_module.m3_cells_generator - INFO - enlarge_cell_instances: 71 顆細胞, factor=1.50(面積), 中位半徑=29.4px, 外擴=6.6px
2026-07-11 12:01:35,137 - cellpose.transforms - INFO - processing image with (1024, 1024) HW, and 3 channels
2026-07-11 12:01:35,689 - hybrid_pipeline - INFO - [118/441] 處理 tile: tile_x13824_y4608
2026-07-11 12:01:35,718 - m3_module.m3_elastic_matching - INFO - elastic_dish_nucleus_matching(overlap-first): IHC=71, DISH=63, matched(1核)=44 (其中重疊=43), drop-out(競爭落敗)=7, 無候選(計入)=20, factor=1.50, min_reach=20.0
2026-07-11 12:01:35,763 - cellpose.transforms - INFO - processing image with (1024, 1024) HW, and 3 channels
2026-07-11 12:01:36,583 - m3_module.m3_dot_detection - INFO - detect_all_dots: 紅點=64, 黑點=117, 涉及細胞=71
2026-07-11 12:01:36,949 - m4_module.cell_crops - INFO - 匯出 44 張 per-cell 影像至 docs/hybrid-pipeline/measurement/runs_current/large/cell_crops/tile_x13824_y3840/cells
2026-07-11 12:01:36,949 - hybrid_pipeline - INFO - Tile tile_x13824_y3840 完成: 核心擁有 44 細胞 (44 陽性), 2.63 秒
2026-07-11 12:01:36,970 - m3_module.m3_cells_generator - INFO - All-positive 標註完成: 16 個細胞
2026-07-11 12:01:37,002 - m3_module.m3_cells_generator - INFO - enlarge_cell_instances: 16 顆細胞, factor=1.50(面積), 中位半徑=24.1px, 外擴=5.4px
2026-07-11 12:01:37,003 - cellpose.transforms - INFO - processing image with (1024, 1024) HW, and 3 channels
2026-07-11 12:01:37,554 - hybrid_pipeline - INFO - [119/441] 處理 tile: tile_x13824_y5376
2026-07-11 12:01:37,580 - m3_module.m3_elastic_matching - INFO - elastic_dish_nucleus_matching(overlap-first): IHC=16, DISH=21, matched(1核)=8 (其中重疊=8), drop-out(競爭落敗)=1, 無候選(計入)=7, factor=1.50, min_reach=20.0
2026-07-11 12:01:37,863 - m3_module.m3_dot_detection - INFO - detect_all_dots: 紅點=17, 黑點=33, 涉及細胞=16
2026-07-11 12:01:38,020 - m4_module.cell_crops - INFO - 匯出 5 張 per-cell 影像至 docs/hybrid-pipeline/measurement/runs_current/large/cell_crops/tile_x13824_y4608/cells
2026-07-11 12:01:38,021 - hybrid_pipeline - INFO - Tile tile_x13824_y4608 完成: 核心擁有 5 細胞 (5 陽性), 2.33 秒
2026-07-11 12:01:38,021 - hybrid_pipeline - INFO - [120/441] 處理 tile: tile_x13824_y6144
2026-07-11 12:01:38,045 - hybrid_pipeline - INFO - Tile tile_x13824_y5376: 核心遮罩全空 → 空白 placeholder
2026-07-11 12:01:38,147 - hybrid_pipeline - INFO - [121/441] 處理 tile: tile_x13824_y6912
2026-07-11 12:01:38,176 - hybrid_pipeline - INFO - Tile tile_x13824_y6144: 核心遮罩全空 → 空白 placeholder
2026-07-11 12:01:38,271 - hybrid_pipeline - INFO - [122/441] 處理 tile: tile_x13824_y768
2026-07-11 12:01:38,304 - hybrid_pipeline - INFO - Tile tile_x13824_y6912: 核心遮罩全空 → 空白 placeholder
2026-07-11 12:01:38,341 - cellpose.transforms - INFO - processing image with (1024, 1024) HW, and 3 channels
2026-07-11 12:01:38,869 - m3_module.m3_cells_generator - INFO - All-positive 標註完成: 70 個細胞
2026-07-11 12:01:38,918 - m3_module.m3_cells_generator - INFO - enlarge_cell_instances: 70 顆細胞, factor=1.50(面積), 中位半徑=31.6px, 外擴=7.1px
2026-07-11 12:01:38,918 - cellpose.transforms - INFO - processing image with (1024, 1024) HW, and 3 channels
2026-07-11 12:01:39,464 - hybrid_pipeline - INFO - [123/441] 處理 tile: tile_x13824_y7680
2026-07-11 12:01:39,493 - m3_module.m3_elastic_matching - INFO - elastic_dish_nucleus_matching(overlap-first): IHC=70, DISH=50, matched(1核)=40 (其中重疊=39), drop-out(競爭落敗)=9, 無候選(計入)=21, factor=1.50, min_reach=20.0
2026-07-11 12:01:40,255 - m3_module.m3_dot_detection - INFO - detect_all_dots: 紅點=41, 黑點=102, 涉及細胞=70
2026-07-11 12:01:40,547 - m4_module.cell_crops - INFO - 匯出 47 張 per-cell 影像至 docs/hybrid-pipeline/measurement/runs_current/large/cell_crops/tile_x13824_y768/cells
2026-07-11 12:01:40,547 - hybrid_pipeline - INFO - Tile tile_x13824_y768 完成: 核心擁有 47 細胞 (47 陽性), 2.28 秒
2026-07-11 12:01:40,548 - hybrid_pipeline - INFO - [124/441] 處理 tile: tile_x13824_y8448
2026-07-11 12:01:40,573 - hybrid_pipeline - INFO - Tile tile_x13824_y7680: 核心遮罩全空 → 空白 placeholder
2026-07-11 12:01:40,676 - hybrid_pipeline - INFO - [125/441] 處理 tile: tile_x13824_y9216
2026-07-11 12:01:40,703 - hybrid_pipeline - INFO - Tile tile_x13824_y8448: 核心遮罩全空 → 空白 placeholder
2026-07-11 12:01:40,798 - hybrid_pipeline - INFO - [126/441] 處理 tile: tile_x13824_y9984
2026-07-11 12:01:40,832 - hybrid_pipeline - INFO - Tile tile_x13824_y9216: 核心遮罩全空 → 空白 placeholder
2026-07-11 12:01:40,876 - cellpose.transforms - INFO - processing image with (1024, 1024) HW, and 3 channels
2026-07-11 12:01:41,330 - m3_module.m3_cells_generator - INFO - All-positive 標註完成: 6 個細胞
2026-07-11 12:01:41,356 - m3_module.m3_cells_generator - INFO - enlarge_cell_instances: 6 顆細胞, factor=1.50(面積), 中位半徑=22.0px, 外擴=4.9px
2026-07-11 12:01:41,357 - cellpose.transforms - INFO - processing image with (1024, 1024) HW, and 3 channels
2026-07-11 12:01:41,897 - hybrid_pipeline - INFO - [127/441] 處理 tile: tile_x14592_y0
2026-07-11 12:01:41,923 - m3_module.m3_elastic_matching - INFO - elastic_dish_nucleus_matching(overlap-first): IHC=6, DISH=8, matched(1核)=3 (其中重疊=3), drop-out(競爭落敗)=2, 無候選(計入)=1, factor=1.50, min_reach=20.0
2026-07-11 12:01:41,990 - cellpose.transforms - INFO - processing image with (1024, 1024) HW, and 3 channels
2026-07-11 12:01:42,060 - m3_module.m3_dot_detection - INFO - detect_all_dots: 紅點=3, 黑點=3, 涉及細胞=6
2026-07-11 12:01:42,137 - m4_module.cell_crops - INFO - 匯出 0 張 per-cell 影像至 docs/hybrid-pipeline/measurement/runs_current/large/cell_crops/tile_x13824_y9984/cells
2026-07-11 12:01:42,137 - hybrid_pipeline - INFO - Tile tile_x13824_y9984 完成: 核心擁有 0 細胞 (0 陽性), 1.34 秒
2026-07-11 12:01:42,587 - m3_module.m3_cells_generator - INFO - All-positive 標註完成: 105 個細胞
2026-07-11 12:01:42,638 - m3_module.m3_cells_generator - INFO - enlarge_cell_instances: 105 顆細胞, factor=1.50(面積), 中位半徑=26.9px, 外擴=6.0px
2026-07-11 12:01:42,639 - cellpose.transforms - INFO - processing image with (1024, 1024) HW, and 3 channels
2026-07-11 12:01:43,186 - hybrid_pipeline - INFO - [128/441] 處理 tile: tile_x14592_y10752
2026-07-11 12:01:43,217 - m3_module.m3_elastic_matching - INFO - elastic_dish_nucleus_matching(overlap-first): IHC=105, DISH=74, matched(1核)=52 (其中重疊=52), drop-out(競爭落敗)=19, 無候選(計入)=34, factor=1.50, min_reach=20.0
2026-07-11 12:01:43,277 - cellpose.transforms - INFO - processing image with (1024, 1024) HW, and 3 channels
2026-07-11 12:01:44,202 - m3_module.m3_dot_detection - INFO - detect_all_dots: 紅點=54, 黑點=132, 涉及細胞=105
2026-07-11 12:01:44,537 - m4_module.cell_crops - INFO - 匯出 75 張 per-cell 影像至 docs/hybrid-pipeline/measurement/runs_current/large/cell_crops/tile_x14592_y0/cells
2026-07-11 12:01:44,537 - hybrid_pipeline - INFO - Tile tile_x14592_y0 完成: 核心擁有 75 細胞 (75 陽性), 2.64 秒
2026-07-11 12:01:44,654 - m3_module.m3_cells_generator - INFO - All-positive 標註完成: 68 個細胞
2026-07-11 12:01:44,702 - m3_module.m3_cells_generator - INFO - enlarge_cell_instances: 68 顆細胞, factor=1.50(面積), 中位半徑=26.8px, 外擴=6.0px
2026-07-11 12:01:44,703 - cellpose.transforms - INFO - processing image with (1024, 1024) HW, and 3 channels
2026-07-11 12:01:45,256 - hybrid_pipeline - INFO - [129/441] 處理 tile: tile_x14592_y11520
2026-07-11 12:01:45,286 - m3_module.m3_elastic_matching - INFO - elastic_dish_nucleus_matching(overlap-first): IHC=68, DISH=72, matched(1核)=40 (其中重疊=40), drop-out(競爭落敗)=11, 無候選(計入)=17, factor=1.50, min_reach=20.0
2026-07-11 12:01:45,342 - cellpose.transforms - INFO - processing image with (1024, 1024) HW, and 3 channels
2026-07-11 12:01:46,042 - m3_module.m3_dot_detection - INFO - detect_all_dots: 紅點=52, 黑點=84, 涉及細胞=68
2026-07-11 12:01:46,294 - m4_module.cell_crops - INFO - 匯出 38 張 per-cell 影像至 docs/hybrid-pipeline/measurement/runs_current/large/cell_crops/tile_x14592_y10752/cells
2026-07-11 12:01:46,294 - hybrid_pipeline - INFO - Tile tile_x14592_y10752 完成: 核心擁有 38 細胞 (38 陽性), 3.11 秒
2026-07-11 12:01:46,484 - m3_module.m3_cells_generator - INFO - All-positive 標註完成: 64 個細胞
2026-07-11 12:01:46,527 - m3_module.m3_cells_generator - INFO - enlarge_cell_instances: 64 顆細胞, factor=1.50(面積), 中位半徑=25.2px, 外擴=5.7px
2026-07-11 12:01:46,527 - cellpose.transforms - INFO - processing image with (1024, 1024) HW, and 3 channels
2026-07-11 12:01:47,076 - hybrid_pipeline - INFO - [130/441] 處理 tile: tile_x14592_y12288
2026-07-11 12:01:47,105 - m3_module.m3_elastic_matching - INFO - elastic_dish_nucleus_matching(overlap-first): IHC=64, DISH=42, matched(1核)=32 (其中重疊=32), drop-out(競爭落敗)=7, 無候選(計入)=25, factor=1.50, min_reach=20.0
2026-07-11 12:01:47,165 - cellpose.transforms - INFO - processing image with (1024, 1024) HW, and 3 channels
2026-07-11 12:01:47,667 - m3_module.m3_dot_detection - INFO - detect_all_dots: 紅點=39, 黑點=66, 涉及細胞=64
2026-07-11 12:01:47,885 - m4_module.cell_crops - INFO - 匯出 30 張 per-cell 影像至 docs/hybrid-pipeline/measurement/runs_current/large/cell_crops/tile_x14592_y11520/cells
2026-07-11 12:01:47,886 - hybrid_pipeline - INFO - Tile tile_x14592_y11520 完成: 核心擁有 30 細胞 (30 陽性), 2.63 秒
2026-07-11 12:01:48,062 - m3_module.m3_cells_generator - INFO - All-positive 標註完成: 23 個細胞
2026-07-11 12:01:48,097 - m3_module.m3_cells_generator - INFO - enlarge_cell_instances: 23 顆細胞, factor=1.50(面積), 中位半徑=25.1px, 外擴=5.6px
2026-07-11 12:01:48,097 - cellpose.transforms - INFO - processing image with (1024, 1024) HW, and 3 channels
2026-07-11 12:01:48,642 - hybrid_pipeline - INFO - [131/441] 處理 tile: tile_x14592_y13056
2026-07-11 12:01:48,667 - m3_module.m3_elastic_matching - INFO - elastic_dish_nucleus_matching(overlap-first): IHC=23, DISH=6, matched(1核)=6 (其中重疊=6), drop-out(競爭落敗)=4, 無候選(計入)=13, factor=1.50, min_reach=20.0
2026-07-11 12:01:48,916 - m3_module.m3_dot_detection - INFO - detect_all_dots: 紅點=5, 黑點=12, 涉及細胞=23
2026-07-11 12:01:49,012 - m4_module.cell_crops - INFO - 匯出 6 張 per-cell 影像至 docs/hybrid-pipeline/measurement/runs_current/large/cell_crops/tile_x14592_y12288/cells
2026-07-11 12:01:49,012 - hybrid_pipeline - INFO - Tile tile_x14592_y12288 完成: 核心擁有 6 細胞 (6 陽性), 1.94 秒
2026-07-11 12:01:49,012 - hybrid_pipeline - INFO - [132/441] 處理 tile: tile_x14592_y13824
2026-07-11 12:01:49,044 - hybrid_pipeline - INFO - Tile tile_x14592_y13056: 核心遮罩全空 → 空白 placeholder
2026-07-11 12:01:49,145 - hybrid_pipeline - INFO - [133/441] 處理 tile: tile_x14592_y14592
2026-07-11 12:01:49,178 - hybrid_pipeline - INFO - Tile tile_x14592_y13824: 核心遮罩全空 → 空白 placeholder
2026-07-11 12:01:49,220 - cellpose.transforms - INFO - processing image with (1024, 1024) HW, and 3 channels
2026-07-11 12:01:49,678 - m3_module.m3_cells_generator - INFO - All-positive 標註完成: 20 個細胞
2026-07-11 12:01:49,715 - m3_module.m3_cells_generator - INFO - enlarge_cell_instances: 20 顆細胞, factor=1.50(面積), 中位半徑=20.2px, 外擴=4.5px
2026-07-11 12:01:49,715 - cellpose.transforms - INFO - processing image with (1024, 1024) HW, and 3 channels
2026-07-11 12:01:50,259 - hybrid_pipeline - INFO - [134/441] 處理 tile: tile_x14592_y1536
2026-07-11 12:01:50,281 - m3_module.m3_elastic_matching - INFO - elastic_dish_nucleus_matching(overlap-first): IHC=20, DISH=12, matched(1核)=10 (其中重疊=10), drop-out(競爭落敗)=3, 無候選(計入)=7, factor=1.50, min_reach=20.0
2026-07-11 12:01:50,345 - cellpose.transforms - INFO - processing image with (1024, 1024) HW, and 3 channels
2026-07-11 12:01:50,506 - m3_module.m3_dot_detection - INFO - detect_all_dots: 紅點=17, 黑點=33, 涉及細胞=20
2026-07-11 12:01:50,614 - m4_module.cell_crops - INFO - 匯出 7 張 per-cell 影像至 docs/hybrid-pipeline/measurement/runs_current/large/cell_crops/tile_x14592_y14592/cells
2026-07-11 12:01:50,614 - hybrid_pipeline - INFO - Tile tile_x14592_y14592 完成: 核心擁有 7 細胞 (7 陽性), 1.47 秒
2026-07-11 12:01:51,037 - m3_module.m3_cells_generator - INFO - All-positive 標註完成: 97 個細胞
2026-07-11 12:01:51,099 - m3_module.m3_cells_generator - INFO - enlarge_cell_instances: 97 顆細胞, factor=1.50(面積), 中位半徑=32.3px, 外擴=7.3px
2026-07-11 12:01:51,100 - cellpose.transforms - INFO - processing image with (1024, 1024) HW, and 3 channels
2026-07-11 12:01:51,670 - hybrid_pipeline - INFO - [135/441] 處理 tile: tile_x14592_y15360
2026-07-11 12:01:51,698 - m3_module.m3_elastic_matching - INFO - elastic_dish_nucleus_matching(overlap-first): IHC=97, DISH=67, matched(1核)=52 (其中重疊=51), drop-out(競爭落敗)=12, 無候選(計入)=33, factor=1.50, min_reach=20.0
2026-07-11 12:01:51,763 - cellpose.transforms - INFO - processing image with (1024, 1024) HW, and 3 channels
2026-07-11 12:01:52,121 - m3_module.m3_dot_detection - INFO - detect_all_dots: 紅點=50, 黑點=135, 涉及細胞=97
2026-07-11 12:01:52,545 - m4_module.cell_crops - INFO - 匯出 57 張 per-cell 影像至 docs/hybrid-pipeline/measurement/runs_current/large/cell_crops/tile_x14592_y1536/cells
2026-07-11 12:01:52,545 - hybrid_pipeline - INFO - Tile tile_x14592_y1536 完成: 核心擁有 57 細胞 (57 陽性), 2.29 秒
2026-07-11 12:01:52,603 - m3_module.m3_cells_generator - INFO - All-positive 標註完成: 98 個細胞
2026-07-11 12:01:52,652 - m3_module.m3_cells_generator - INFO - enlarge_cell_instances: 98 顆細胞, factor=1.50(面積), 中位半徑=24.8px, 外擴=5.6px
2026-07-11 12:01:52,653 - cellpose.transforms - INFO - processing image with (1024, 1024) HW, and 3 channels
2026-07-11 12:01:53,214 - hybrid_pipeline - INFO - [136/441] 處理 tile: tile_x14592_y2304
2026-07-11 12:01:53,249 - m3_module.m3_elastic_matching - INFO - elastic_dish_nucleus_matching(overlap-first): IHC=98, DISH=78, matched(1核)=59 (其中重疊=59), drop-out(競爭落敗)=13, 無候選(計入)=26, factor=1.50, min_reach=20.0
2026-07-11 12:01:53,312 - cellpose.transforms - INFO - processing image with (1024, 1024) HW, and 3 channels
2026-07-11 12:01:53,915 - m3_module.m3_dot_detection - INFO - detect_all_dots: 紅點=65, 黑點=146, 涉及細胞=98
2026-07-11 12:01:54,263 - m4_module.cell_crops - INFO - 匯出 72 張 per-cell 影像至 docs/hybrid-pipeline/measurement/runs_current/large/cell_crops/tile_x14592_y15360/cells
2026-07-11 12:01:54,263 - hybrid_pipeline - INFO - Tile tile_x14592_y15360 完成: 核心擁有 72 細胞 (72 陽性), 2.59 秒
2026-07-11 12:01:54,425 - m3_module.m3_cells_generator - INFO - All-positive 標註完成: 106 個細胞
2026-07-11 12:01:54,485 - m3_module.m3_cells_generator - INFO - enlarge_cell_instances: 106 顆細胞, factor=1.50(面積), 中位半徑=26.9px, 外擴=6.0px
2026-07-11 12:01:54,485 - cellpose.transforms - INFO - processing image with (1024, 1024) HW, and 3 channels
2026-07-11 12:01:55,050 - hybrid_pipeline - INFO - [137/441] 處理 tile: tile_x14592_y3072
2026-07-11 12:01:55,085 - m3_module.m3_elastic_matching - INFO - elastic_dish_nucleus_matching(overlap-first): IHC=106, DISH=75, matched(1核)=58 (其中重疊=58), drop-out(競爭落敗)=15, 無候選(計入)=33, factor=1.50, min_reach=20.0
2026-07-11 12:01:55,130 - cellpose.transforms - INFO - processing image with (1024, 1024) HW, and 3 channels
2026-07-11 12:01:55,874 - m3_module.m3_dot_detection - INFO - detect_all_dots: 紅點=58, 黑點=132, 涉及細胞=106
2026-07-11 12:01:56,236 - m4_module.cell_crops - INFO - 匯出 61 張 per-cell 影像至 docs/hybrid-pipeline/measurement/runs_current/large/cell_crops/tile_x14592_y2304/cells
2026-07-11 12:01:56,236 - hybrid_pipeline - INFO - Tile tile_x14592_y2304 完成: 核心擁有 61 細胞 (61 陽性), 3.02 秒
2026-07-11 12:01:56,299 - m3_module.m3_cells_generator - INFO - All-positive 標註完成: 48 個細胞
2026-07-11 12:01:56,343 - m3_module.m3_cells_generator - INFO - enlarge_cell_instances: 48 顆細胞, factor=1.50(面積), 中位半徑=29.7px, 外擴=6.7px
2026-07-11 12:01:56,344 - cellpose.transforms - INFO - processing image with (1024, 1024) HW, and 3 channels
2026-07-11 12:01:56,912 - hybrid_pipeline - INFO - [138/441] 處理 tile: tile_x14592_y3840
2026-07-11 12:01:56,942 - m3_module.m3_elastic_matching - INFO - elastic_dish_nucleus_matching(overlap-first): IHC=48, DISH=43, matched(1核)=26 (其中重疊=26), drop-out(競爭落敗)=8, 無候選(計入)=14, factor=1.50, min_reach=20.0
2026-07-11 12:01:57,003 - cellpose.transforms - INFO - processing image with (1024, 1024) HW, and 3 channels
2026-07-11 12:01:57,251 - m3_module.m3_dot_detection - INFO - detect_all_dots: 紅點=19, 黑點=49, 涉及細胞=48
2026-07-11 12:01:57,481 - m4_module.cell_crops - INFO - 匯出 27 張 per-cell 影像至 docs/hybrid-pipeline/measurement/runs_current/large/cell_crops/tile_x14592_y3072/cells
2026-07-11 12:01:57,481 - hybrid_pipeline - INFO - Tile tile_x14592_y3072 完成: 核心擁有 27 細胞 (27 陽性), 2.43 秒
2026-07-11 12:01:57,680 - m3_module.m3_cells_generator - INFO - All-positive 標註完成: 12 個細胞
2026-07-11 12:01:57,715 - m3_module.m3_cells_generator - INFO - enlarge_cell_instances: 12 顆細胞, factor=1.50(面積), 中位半徑=20.3px, 外擴=4.6px
2026-07-11 12:01:57,716 - cellpose.transforms - INFO - processing image with (1024, 1024) HW, and 3 channels
2026-07-11 12:01:58,276 - hybrid_pipeline - INFO - [139/441] 處理 tile: tile_x14592_y4608
2026-07-11 12:01:58,308 - m3_module.m3_elastic_matching - INFO - elastic_dish_nucleus_matching(overlap-first): IHC=12, DISH=8, matched(1核)=4 (其中重疊=4), drop-out(競爭落敗)=1, 無候選(計入)=7, factor=1.50, min_reach=20.0
2026-07-11 12:01:58,542 - m3_module.m3_dot_detection - INFO - detect_all_dots: 紅點=3, 黑點=6, 涉及細胞=12
2026-07-11 12:01:58,651 - m4_module.cell_crops - INFO - 匯出 5 張 per-cell 影像至 docs/hybrid-pipeline/measurement/runs_current/large/cell_crops/tile_x14592_y3840/cells
2026-07-11 12:01:58,651 - hybrid_pipeline - INFO - Tile tile_x14592_y3840 完成: 核心擁有 5 細胞 (5 陽性), 1.74 秒
2026-07-11 12:01:58,651 - hybrid_pipeline - INFO - [140/441] 處理 tile: tile_x14592_y5376
2026-07-11 12:01:58,679 - hybrid_pipeline - INFO - Tile tile_x14592_y4608: 核心遮罩全空 → 空白 placeholder
2026-07-11 12:01:58,783 - hybrid_pipeline - INFO - [141/441] 處理 tile: tile_x14592_y6144
2026-07-11 12:01:58,810 - hybrid_pipeline - INFO - Tile tile_x14592_y5376: 核心遮罩全空 → 空白 placeholder
2026-07-11 12:01:58,846 - cellpose.transforms - INFO - processing image with (1024, 1024) HW, and 3 channels
2026-07-11 12:01:59,322 - m3_module.m3_cells_generator - INFO - All-positive 標註完成: 8 個細胞
2026-07-11 12:01:59,350 - m3_module.m3_cells_generator - INFO - enlarge_cell_instances: 8 顆細胞, factor=1.50(面積), 中位半徑=20.8px, 外擴=4.7px
2026-07-11 12:01:59,350 - cellpose.transforms - INFO - processing image with (1024, 1024) HW, and 3 channels
2026-07-11 12:01:59,913 - hybrid_pipeline - INFO - [142/441] 處理 tile: tile_x14592_y6912
2026-07-11 12:01:59,936 - m3_module.m3_elastic_matching - INFO - elastic_dish_nucleus_matching(overlap-first): IHC=8, DISH=5, matched(1核)=3 (其中重疊=3), drop-out(競爭落敗)=0, 無候選(計入)=5, factor=1.50, min_reach=20.0
2026-07-11 12:02:00,152 - m3_module.m3_dot_detection - INFO - detect_all_dots: 紅點=2, 黑點=4, 涉及細胞=8
2026-07-11 12:02:00,235 - m4_module.cell_crops - INFO - 匯出 2 張 per-cell 影像至 docs/hybrid-pipeline/measurement/runs_current/large/cell_crops/tile_x14592_y6144/cells
2026-07-11 12:02:00,235 - hybrid_pipeline - INFO - Tile tile_x14592_y6144 完成: 核心擁有 2 細胞 (2 陽性), 1.45 秒
2026-07-11 12:02:00,235 - hybrid_pipeline - INFO - [143/441] 處理 tile: tile_x14592_y768
2026-07-11 12:02:00,269 - hybrid_pipeline - INFO - Tile tile_x14592_y6912: 核心遮罩全空 → 空白 placeholder
2026-07-11 12:02:00,314 - cellpose.transforms - INFO - processing image with (1024, 1024) HW, and 3 channels
2026-07-11 12:02:00,890 - m3_module.m3_cells_generator - INFO - All-positive 標註完成: 107 個細胞
2026-07-11 12:02:00,950 - m3_module.m3_cells_generator - INFO - enlarge_cell_instances: 107 顆細胞, factor=1.50(面積), 中位半徑=25.7px, 外擴=5.8px
2026-07-11 12:02:00,950 - cellpose.transforms - INFO - processing image with (1024, 1024) HW, and 3 channels
2026-07-11 12:02:01,522 - hybrid_pipeline - INFO - [144/441] 處理 tile: tile_x14592_y7680
2026-07-11 12:02:01,557 - m3_module.m3_elastic_matching - INFO - elastic_dish_nucleus_matching(overlap-first): IHC=107, DISH=84, matched(1核)=61 (其中重疊=61), drop-out(競爭落敗)=9, 無候選(計入)=37, factor=1.50, min_reach=20.0
2026-07-11 12:02:01,601 - cellpose.transforms - INFO - processing image with (1024, 1024) HW, and 3 channels
2026-07-11 12:02:02,096 - m3_module.m3_dot_detection - INFO - detect_all_dots: 紅點=64, 黑點=157, 涉及細胞=107
2026-07-11 12:02:02,465 - m3_module.m3_cells_generator - INFO - All-positive 標註完成: 1 個細胞
2026-07-11 12:02:02,485 - m4_module.cell_crops - INFO - 匯出 59 張 per-cell 影像至 docs/hybrid-pipeline/measurement/runs_current/large/cell_crops/tile_x14592_y768/cells
2026-07-11 12:02:02,485 - hybrid_pipeline - INFO - Tile tile_x14592_y768 完成: 核心擁有 59 細胞 (59 陽性), 2.25 秒
2026-07-11 12:02:02,497 - m3_module.m3_cells_generator - INFO - enlarge_cell_instances: 1 顆細胞, factor=1.50(面積), 中位半徑=23.9px, 外擴=5.4px
2026-07-11 12:02:02,498 - cellpose.transforms - INFO - processing image with (1024, 1024) HW, and 3 channels
2026-07-11 12:02:03,074 - hybrid_pipeline - INFO - [145/441] 處理 tile: tile_x14592_y8448
2026-07-11 12:02:03,272 - m3_module.m3_dot_detection - INFO - detect_all_dots: 紅點=0, 黑點=0, 涉及細胞=1
2026-07-11 12:02:03,310 - m4_module.cell_crops - INFO - 匯出 0 張 per-cell 影像至 docs/hybrid-pipeline/measurement/runs_current/large/cell_crops/tile_x14592_y7680/cells
2026-07-11 12:02:03,310 - hybrid_pipeline - INFO - Tile tile_x14592_y7680 完成: 核心擁有 0 細胞 (0 陽性), 1.79 秒
2026-07-11 12:02:03,310 - hybrid_pipeline - INFO - [146/441] 處理 tile: tile_x14592_y9216
2026-07-11 12:02:03,335 - hybrid_pipeline - INFO - Tile tile_x14592_y8448: 核心遮罩全空 → 空白 placeholder
2026-07-11 12:02:03,381 - cellpose.transforms - INFO - processing image with (1024, 1024) HW, and 3 channels
2026-07-11 12:02:03,718 - cellpose.dynamics - INFO - No cell pixels found.
2026-07-11 12:02:03,777 - m3_module.m3_cells_generator - INFO - All-positive 標註完成: 0 個細胞
2026-07-11 12:02:03,780 - cellpose.transforms - INFO - processing image with (1024, 1024) HW, and 3 channels
2026-07-11 12:02:04,359 - hybrid_pipeline - INFO - [147/441] 處理 tile: tile_x14592_y9984
2026-07-11 12:02:04,451 - cellpose.transforms - INFO - processing image with (1024, 1024) HW, and 3 channels
2026-07-11 12:02:04,470 - m3_module.m3_dot_detection - INFO - detect_all_dots: 紅點=0, 黑點=0, 涉及細胞=0
2026-07-11 12:02:04,503 - m4_module.cell_crops - INFO - 匯出 0 張 per-cell 影像至 docs/hybrid-pipeline/measurement/runs_current/large/cell_crops/tile_x14592_y9216/cells
2026-07-11 12:02:04,503 - hybrid_pipeline - INFO - Tile tile_x14592_y9216 完成: 核心擁有 0 細胞 (0 陽性), 1.19 秒
2026-07-11 12:02:04,952 - m3_module.m3_cells_generator - INFO - All-positive 標註完成: 55 個細胞
2026-07-11 12:02:05,005 - m3_module.m3_cells_generator - INFO - enlarge_cell_instances: 55 顆細胞, factor=1.50(面積), 中位半徑=26.6px, 外擴=6.0px
2026-07-11 12:02:05,005 - cellpose.transforms - INFO - processing image with (1024, 1024) HW, and 3 channels
2026-07-11 12:02:05,563 - hybrid_pipeline - INFO - [148/441] 處理 tile: tile_x15360_y0
2026-07-11 12:02:05,588 - m3_module.m3_elastic_matching - INFO - elastic_dish_nucleus_matching(overlap-first): IHC=55, DISH=63, matched(1核)=37 (其中重疊=37), drop-out(競爭落敗)=7, 無候選(計入)=11, factor=1.50, min_reach=20.0
2026-07-11 12:02:05,658 - cellpose.transforms - INFO - processing image with (1024, 1024) HW, and 3 channels
2026-07-11 12:02:06,077 - m3_module.m3_dot_detection - INFO - detect_all_dots: 紅點=43, 黑點=84, 涉及細胞=55
2026-07-11 12:02:06,336 - m4_module.cell_crops - INFO - 匯出 43 張 per-cell 影像至 docs/hybrid-pipeline/measurement/runs_current/large/cell_crops/tile_x14592_y9984/cells
2026-07-11 12:02:06,336 - hybrid_pipeline - INFO - Tile tile_x14592_y9984 完成: 核心擁有 43 細胞 (43 陽性), 1.98 秒
2026-07-11 12:02:06,580 - m3_module.m3_cells_generator - INFO - All-positive 標註完成: 89 個細胞
2026-07-11 12:02:06,638 - m3_module.m3_cells_generator - INFO - enlarge_cell_instances: 89 顆細胞, factor=1.50(面積), 中位半徑=25.4px, 外擴=5.7px
2026-07-11 12:02:06,638 - cellpose.transforms - INFO - processing image with (1024, 1024) HW, and 3 channels
2026-07-11 12:02:07,211 - hybrid_pipeline - INFO - [149/441] 處理 tile: tile_x15360_y10752
2026-07-11 12:02:07,241 - m3_module.m3_elastic_matching - INFO - elastic_dish_nucleus_matching(overlap-first): IHC=89, DISH=67, matched(1核)=43 (其中重疊=43), drop-out(競爭落敗)=16, 無候選(計入)=30, factor=1.50, min_reach=20.0
2026-07-11 12:02:07,302 - cellpose.transforms - INFO - processing image with (1024, 1024) HW, and 3 channels
2026-07-11 12:02:08,012 - m3_module.m3_dot_detection - INFO - detect_all_dots: 紅點=51, 黑點=131, 涉及細胞=89
2026-07-11 12:02:08,391 - m4_module.cell_crops - INFO - 匯出 58 張 per-cell 影像至 docs/hybrid-pipeline/measurement/runs_current/large/cell_crops/tile_x15360_y0/cells
2026-07-11 12:02:08,391 - hybrid_pipeline - INFO - Tile tile_x15360_y0 完成: 核心擁有 58 細胞 (58 陽性), 2.83 秒
2026-07-11 12:02:08,456 - m3_module.m3_cells_generator - INFO - All-positive 標註完成: 69 個細胞
2026-07-11 12:02:08,505 - m3_module.m3_cells_generator - INFO - enlarge_cell_instances: 69 顆細胞, factor=1.50(面積), 中位半徑=25.7px, 外擴=5.8px
2026-07-11 12:02:08,506 - cellpose.transforms - INFO - processing image with (1024, 1024) HW, and 3 channels
2026-07-11 12:02:09,072 - hybrid_pipeline - INFO - [150/441] 處理 tile: tile_x15360_y11520
2026-07-11 12:02:09,099 - m3_module.m3_elastic_matching - INFO - elastic_dish_nucleus_matching(overlap-first): IHC=69, DISH=62, matched(1核)=42 (其中重疊=42), drop-out(競爭落敗)=13, 無候選(計入)=14, factor=1.50, min_reach=20.0
2026-07-11 12:02:09,167 - cellpose.transforms - INFO - processing image with (1024, 1024) HW, and 3 channels
2026-07-11 12:02:09,705 - m3_module.m3_dot_detection - INFO - detect_all_dots: 紅點=44, 黑點=98, 涉及細胞=69
2026-07-11 12:02:09,931 - m4_module.cell_crops - INFO - 匯出 32 張 per-cell 影像至 docs/hybrid-pipeline/measurement/runs_current/large/cell_crops/tile_x15360_y10752/cells
2026-07-11 12:02:09,931 - hybrid_pipeline - INFO - Tile tile_x15360_y10752 完成: 核心擁有 32 細胞 (32 陽性), 2.72 秒
2026-07-11 12:02:10,267 - m3_module.m3_cells_generator - INFO - All-positive 標註完成: 148 個細胞
2026-07-11 12:02:10,327 - m3_module.m3_cells_generator - INFO - enlarge_cell_instances: 148 顆細胞, factor=1.50(面積), 中位半徑=24.6px, 外擴=5.5px
2026-07-11 12:02:10,327 - cellpose.transforms - INFO - processing image with (1024, 1024) HW, and 3 channels
2026-07-11 12:02:10,893 - hybrid_pipeline - INFO - [151/441] 處理 tile: tile_x15360_y12288
2026-07-11 12:02:10,923 - m3_module.m3_elastic_matching - INFO - elastic_dish_nucleus_matching(overlap-first): IHC=148, DISH=92, matched(1核)=76 (其中重疊=76), drop-out(競爭落敗)=31, 無候選(計入)=41, factor=1.50, min_reach=20.0
2026-07-11 12:02:10,969 - cellpose.transforms - INFO - processing image with (1024, 1024) HW, and 3 channels
2026-07-11 12:02:12,038 - m3_module.m3_dot_detection - INFO - detect_all_dots: 紅點=72, 黑點=175, 涉及細胞=148
2026-07-11 12:02:12,472 - m4_module.cell_crops - INFO - 匯出 84 張 per-cell 影像至 docs/hybrid-pipeline/measurement/runs_current/large/cell_crops/tile_x15360_y11520/cells
2026-07-11 12:02:12,472 - hybrid_pipeline - INFO - Tile tile_x15360_y11520 完成: 核心擁有 84 細胞 (84 陽性), 3.40 秒
2026-07-11 12:02:12,539 - m3_module.m3_cells_generator - INFO - All-positive 標註完成: 106 個細胞
2026-07-11 12:02:12,593 - m3_module.m3_cells_generator - INFO - enlarge_cell_instances: 106 顆細胞, factor=1.50(面積), 中位半徑=28.3px, 外擴=6.4px
2026-07-11 12:02:12,593 - cellpose.transforms - INFO - processing image with (1024, 1024) HW, and 3 channels
2026-07-11 12:02:13,148 - hybrid_pipeline - INFO - [152/441] 處理 tile: tile_x15360_y13056
2026-07-11 12:02:13,178 - m3_module.m3_elastic_matching - INFO - elastic_dish_nucleus_matching(overlap-first): IHC=106, DISH=70, matched(1核)=54 (其中重疊=54), drop-out(競爭落敗)=18, 無候選(計入)=34, factor=1.50, min_reach=20.0
2026-07-11 12:02:13,247 - cellpose.transforms - INFO - processing image with (1024, 1024) HW, and 3 channels
2026-07-11 12:02:13,927 - m3_module.m3_dot_detection - INFO - detect_all_dots: 紅點=36, 黑點=131, 涉及細胞=106
2026-07-11 12:02:14,294 - m4_module.cell_crops - INFO - 匯出 70 張 per-cell 影像至 docs/hybrid-pipeline/measurement/runs_current/large/cell_crops/tile_x15360_y12288/cells
2026-07-11 12:02:14,294 - hybrid_pipeline - INFO - Tile tile_x15360_y12288 完成: 核心擁有 70 細胞 (70 陽性), 3.40 秒
2026-07-11 12:02:14,331 - m3_module.m3_cells_generator - INFO - All-positive 標註完成: 40 個細胞
2026-07-11 12:02:14,369 - m3_module.m3_cells_generator - INFO - enlarge_cell_instances: 40 顆細胞, factor=1.50(面積), 中位半徑=23.0px, 外擴=5.2px
2026-07-11 12:02:14,370 - cellpose.transforms - INFO - processing image with (1024, 1024) HW, and 3 channels
2026-07-11 12:02:14,923 - hybrid_pipeline - INFO - [153/441] 處理 tile: tile_x15360_y13824
2026-07-11 12:02:14,948 - m3_module.m3_elastic_matching - INFO - elastic_dish_nucleus_matching(overlap-first): IHC=40, DISH=20, matched(1核)=16 (其中重疊=16), drop-out(競爭落敗)=6, 無候選(計入)=18, factor=1.50, min_reach=20.0
2026-07-11 12:02:15,010 - cellpose.transforms - INFO - processing image with (1024, 1024) HW, and 3 channels
2026-07-11 12:02:15,243 - m3_module.m3_dot_detection - INFO - detect_all_dots: 紅點=13, 黑點=43, 涉及細胞=40
2026-07-11 12:02:15,375 - m4_module.cell_crops - INFO - 匯出 30 張 per-cell 影像至 docs/hybrid-pipeline/measurement/runs_current/large/cell_crops/tile_x15360_y13056/cells
2026-07-11 12:02:15,375 - hybrid_pipeline - INFO - Tile tile_x15360_y13056 完成: 核心擁有 30 細胞 (30 陽性), 2.23 秒
2026-07-11 12:02:15,628 - m3_module.m3_cells_generator - INFO - All-positive 標註完成: 4 個細胞
2026-07-11 12:02:15,659 - m3_module.m3_cells_generator - INFO - enlarge_cell_instances: 4 顆細胞, factor=1.50(面積), 中位半徑=21.6px, 外擴=4.9px
2026-07-11 12:02:15,660 - cellpose.transforms - INFO - processing image with (1024, 1024) HW, and 3 channels
2026-07-11 12:02:16,203 - hybrid_pipeline - INFO - [154/441] 處理 tile: tile_x15360_y14592
2026-07-11 12:02:16,226 - m3_module.m3_elastic_matching - INFO - elastic_dish_nucleus_matching(overlap-first): IHC=4, DISH=1, matched(1核)=1 (其中重疊=1), drop-out(競爭落敗)=1, 無候選(計入)=2, factor=1.50, min_reach=20.0
2026-07-11 12:02:16,291 - cellpose.transforms - INFO - processing image with (1024, 1024) HW, and 3 channels
2026-07-11 12:02:16,339 - m3_module.m3_dot_detection - INFO - detect_all_dots: 紅點=0, 黑點=0, 涉及細胞=4
2026-07-11 12:02:16,409 - m4_module.cell_crops - INFO - 匯出 4 張 per-cell 影像至 docs/hybrid-pipeline/measurement/runs_current/large/cell_crops/tile_x15360_y13824/cells
2026-07-11 12:02:16,409 - hybrid_pipeline - INFO - Tile tile_x15360_y13824 完成: 核心擁有 4 細胞 (4 陽性), 1.49 秒
2026-07-11 12:02:16,766 - m3_module.m3_cells_generator - INFO - All-positive 標註完成: 3 個細胞
2026-07-11 12:02:16,797 - m3_module.m3_cells_generator - INFO - enlarge_cell_instances: 3 顆細胞, factor=1.50(面積), 中位半徑=19.7px, 外擴=4.4px
2026-07-11 12:02:16,798 - cellpose.transforms - INFO - processing image with (1024, 1024) HW, and 3 channels
2026-07-11 12:02:17,346 - hybrid_pipeline - INFO - [155/441] 處理 tile: tile_x15360_y1536
2026-07-11 12:02:17,363 - m3_module.m3_elastic_matching - INFO - elastic_dish_nucleus_matching(overlap-first): IHC=3, DISH=3, matched(1核)=2 (其中重疊=2), drop-out(競爭落敗)=0, 無候選(計入)=1, factor=1.50, min_reach=20.0
2026-07-11 12:02:17,425 - cellpose.transforms - INFO - processing image with (1024, 1024) HW, and 3 channels
2026-07-11 12:02:17,482 - m3_module.m3_dot_detection - INFO - detect_all_dots: 紅點=0, 黑點=3, 涉及細胞=3
2026-07-11 12:02:17,542 - m4_module.cell_crops - INFO - 匯出 0 張 per-cell 影像至 docs/hybrid-pipeline/measurement/runs_current/large/cell_crops/tile_x15360_y14592/cells
2026-07-11 12:02:17,542 - hybrid_pipeline - INFO - Tile tile_x15360_y14592 完成: 核心擁有 0 細胞 (0 陽性), 1.34 秒
2026-07-11 12:02:18,056 - m3_module.m3_cells_generator - INFO - All-positive 標註完成: 99 個細胞
2026-07-11 12:02:18,118 - m3_module.m3_cells_generator - INFO - enlarge_cell_instances: 99 顆細胞, factor=1.50(面積), 中位半徑=30.0px, 外擴=6.7px
2026-07-11 12:02:18,119 - cellpose.transforms - INFO - processing image with (1024, 1024) HW, and 3 channels
2026-07-11 12:02:18,673 - hybrid_pipeline - INFO - [156/441] 處理 tile: tile_x15360_y15360
2026-07-11 12:02:18,700 - m3_module.m3_elastic_matching - INFO - elastic_dish_nucleus_matching(overlap-first): IHC=99, DISH=73, matched(1核)=56 (其中重疊=56), drop-out(競爭落敗)=12, 無候選(計入)=31, factor=1.50, min_reach=20.0
2026-07-11 12:02:18,757 - cellpose.transforms - INFO - processing image with (1024, 1024) HW, and 3 channels
2026-07-11 12:02:19,620 - m3_module.m3_dot_detection - INFO - detect_all_dots: 紅點=59, 黑點=159, 涉及細胞=99
2026-07-11 12:02:20,045 - m3_module.m3_cells_generator - INFO - All-positive 標註完成: 33 個細胞
2026-07-11 12:02:20,075 - m4_module.cell_crops - INFO - 匯出 57 張 per-cell 影像至 docs/hybrid-pipeline/measurement/runs_current/large/cell_crops/tile_x15360_y1536/cells
2026-07-11 12:02:20,075 - hybrid_pipeline - INFO - Tile tile_x15360_y1536 完成: 核心擁有 57 細胞 (57 陽性), 2.73 秒
2026-07-11 12:02:20,077 - m3_module.m3_cells_generator - INFO - enlarge_cell_instances: 33 顆細胞, factor=1.50(面積), 中位半徑=24.8px, 外擴=5.6px
2026-07-11 12:02:20,078 - cellpose.transforms - INFO - processing image with (1024, 1024) HW, and 3 channels
2026-07-11 12:02:20,622 - hybrid_pipeline - INFO - [157/441] 處理 tile: tile_x15360_y2304
2026-07-11 12:02:20,647 - m3_module.m3_elastic_matching - INFO - elastic_dish_nucleus_matching(overlap-first): IHC=33, DISH=23, matched(1核)=18 (其中重疊=17), drop-out(競爭落敗)=7, 無候選(計入)=8, factor=1.50, min_reach=20.0
2026-07-11 12:02:20,712 - cellpose.transforms - INFO - processing image with (1024, 1024) HW, and 3 channels
2026-07-11 12:02:20,908 - m3_module.m3_dot_detection - INFO - detect_all_dots: 紅點=17, 黑點=39, 涉及細胞=33
2026-07-11 12:02:21,040 - m4_module.cell_crops - INFO - 匯出 11 張 per-cell 影像至 docs/hybrid-pipeline/measurement/runs_current/large/cell_crops/tile_x15360_y15360/cells
2026-07-11 12:02:21,040 - hybrid_pipeline - INFO - Tile tile_x15360_y15360 完成: 核心擁有 11 細胞 (11 陽性), 2.37 秒
2026-07-11 12:02:21,430 - m3_module.m3_cells_generator - INFO - All-positive 標註完成: 98 個細胞
2026-07-11 12:02:21,486 - m3_module.m3_cells_generator - INFO - enlarge_cell_instances: 98 顆細胞, factor=1.50(面積), 中位半徑=26.9px, 外擴=6.0px
2026-07-11 12:02:21,486 - cellpose.transforms - INFO - processing image with (1024, 1024) HW, and 3 channels
2026-07-11 12:02:22,047 - hybrid_pipeline - INFO - [158/441] 處理 tile: tile_x15360_y3072
2026-07-11 12:02:22,078 - m3_module.m3_elastic_matching - INFO - elastic_dish_nucleus_matching(overlap-first): IHC=98, DISH=64, matched(1核)=51 (其中重疊=51), drop-out(競爭落敗)=16, 無候選(計入)=31, factor=1.50, min_reach=20.0
2026-07-11 12:02:22,138 - cellpose.transforms - INFO - processing image with (1024, 1024) HW, and 3 channels
2026-07-11 12:02:23,039 - m3_module.m3_dot_detection - INFO - detect_all_dots: 紅點=54, 黑點=141, 涉及細胞=98
2026-07-11 12:02:23,425 - m4_module.cell_crops - INFO - 匯出 73 張 per-cell 影像至 docs/hybrid-pipeline/measurement/runs_current/large/cell_crops/tile_x15360_y2304/cells
2026-07-11 12:02:23,425 - hybrid_pipeline - INFO - Tile tile_x15360_y2304 完成: 核心擁有 73 細胞 (73 陽性), 2.80 秒
2026-07-11 12:02:23,482 - m3_module.m3_cells_generator - INFO - All-positive 標註完成: 55 個細胞
2026-07-11 12:02:23,529 - m3_module.m3_cells_generator - INFO - enlarge_cell_instances: 55 顆細胞, factor=1.50(面積), 中位半徑=27.7px, 外擴=6.2px
2026-07-11 12:02:23,530 - cellpose.transforms - INFO - processing image with (1024, 1024) HW, and 3 channels
2026-07-11 12:02:24,082 - hybrid_pipeline - INFO - [159/441] 處理 tile: tile_x15360_y3840
2026-07-11 12:02:24,113 - m3_module.m3_elastic_matching - INFO - elastic_dish_nucleus_matching(overlap-first): IHC=55, DISH=46, matched(1核)=31 (其中重疊=31), drop-out(競爭落敗)=8, 無候選(計入)=16, factor=1.50, min_reach=20.0
2026-07-11 12:02:24,169 - cellpose.transforms - INFO - processing image with (1024, 1024) HW, and 3 channels
2026-07-11 12:02:24,680 - m3_module.m3_dot_detection - INFO - detect_all_dots: 紅點=39, 黑點=93, 涉及細胞=55
2026-07-11 12:02:24,892 - m4_module.cell_crops - INFO - 匯出 35 張 per-cell 影像至 docs/hybrid-pipeline/measurement/runs_current/large/cell_crops/tile_x15360_y3072/cells
2026-07-11 12:02:24,892 - hybrid_pipeline - INFO - Tile tile_x15360_y3072 完成: 核心擁有 35 細胞 (35 陽性), 2.84 秒
2026-07-11 12:02:25,080 - m3_module.m3_cells_generator - INFO - All-positive 標註完成: 14 個細胞
2026-07-11 12:02:25,115 - m3_module.m3_cells_generator - INFO - enlarge_cell_instances: 14 顆細胞, factor=1.50(面積), 中位半徑=27.5px, 外擴=6.2px
2026-07-11 12:02:25,115 - cellpose.transforms - INFO - processing image with (1024, 1024) HW, and 3 channels
2026-07-11 12:02:25,682 - hybrid_pipeline - INFO - [160/441] 處理 tile: tile_x15360_y4608
2026-07-11 12:02:25,711 - m3_module.m3_elastic_matching - INFO - elastic_dish_nucleus_matching(overlap-first): IHC=14, DISH=12, matched(1核)=8 (其中重疊=8), drop-out(競爭落敗)=0, 無候選(計入)=6, factor=1.50, min_reach=20.0
2026-07-11 12:02:25,775 - cellpose.transforms - INFO - processing image with (1024, 1024) HW, and 3 channels
2026-07-11 12:02:25,885 - m3_module.m3_dot_detection - INFO - detect_all_dots: 紅點=7, 黑點=20, 涉及細胞=14
2026-07-11 12:02:25,969 - m4_module.cell_crops - INFO - 匯出 6 張 per-cell 影像至 docs/hybrid-pipeline/measurement/runs_current/large/cell_crops/tile_x15360_y3840/cells
2026-07-11 12:02:25,970 - hybrid_pipeline - INFO - Tile tile_x15360_y3840 完成: 核心擁有 6 細胞 (6 陽性), 1.89 秒
2026-07-11 12:02:26,300 - m3_module.m3_cells_generator - INFO - All-positive 標註完成: 20 個細胞
2026-07-11 12:02:26,338 - m3_module.m3_cells_generator - INFO - enlarge_cell_instances: 20 顆細胞, factor=1.50(面積), 中位半徑=19.8px, 外擴=4.5px
2026-07-11 12:02:26,338 - cellpose.transforms - INFO - processing image with (1024, 1024) HW, and 3 channels
2026-07-11 12:02:26,899 - hybrid_pipeline - INFO - [161/441] 處理 tile: tile_x15360_y5376
2026-07-11 12:02:26,922 - m3_module.m3_elastic_matching - INFO - elastic_dish_nucleus_matching(overlap-first): IHC=20, DISH=19, matched(1核)=10 (其中重疊=10), drop-out(競爭落敗)=1, 無候選(計入)=9, factor=1.50, min_reach=20.0
2026-07-11 12:02:26,983 - cellpose.transforms - INFO - processing image with (1024, 1024) HW, and 3 channels
2026-07-11 12:02:27,127 - m3_module.m3_dot_detection - INFO - detect_all_dots: 紅點=9, 黑點=20, 涉及細胞=20
2026-07-11 12:02:27,228 - m4_module.cell_crops - INFO - 匯出 13 張 per-cell 影像至 docs/hybrid-pipeline/measurement/runs_current/large/cell_crops/tile_x15360_y4608/cells
2026-07-11 12:02:27,228 - hybrid_pipeline - INFO - Tile tile_x15360_y4608 完成: 核心擁有 13 細胞 (13 陽性), 1.55 秒
2026-07-11 12:02:27,542 - m3_module.m3_cells_generator - INFO - All-positive 標註完成: 61 個細胞
2026-07-11 12:02:27,586 - m3_module.m3_cells_generator - INFO - enlarge_cell_instances: 61 顆細胞, factor=1.50(面積), 中位半徑=25.0px, 外擴=5.6px
2026-07-11 12:02:27,587 - cellpose.transforms - INFO - processing image with (1024, 1024) HW, and 3 channels
2026-07-11 12:02:28,158 - hybrid_pipeline - INFO - [162/441] 處理 tile: tile_x15360_y6144
2026-07-11 12:02:28,187 - m3_module.m3_elastic_matching - INFO - elastic_dish_nucleus_matching(overlap-first): IHC=61, DISH=73, matched(1核)=47 (其中重疊=47), drop-out(競爭落敗)=6, 無候選(計入)=8, factor=1.50, min_reach=20.0
2026-07-11 12:02:28,244 - cellpose.transforms - INFO - processing image with (1024, 1024) HW, and 3 channels
2026-07-11 12:02:28,989 - m3_module.m3_dot_detection - INFO - detect_all_dots: 紅點=66, 黑點=123, 涉及細胞=61
2026-07-11 12:02:29,197 - m4_module.cell_crops - INFO - 匯出 45 張 per-cell 影像至 docs/hybrid-pipeline/measurement/runs_current/large/cell_crops/tile_x15360_y5376/cells
2026-07-11 12:02:29,197 - hybrid_pipeline - INFO - Tile tile_x15360_y5376 完成: 核心擁有 45 細胞 (45 陽性), 2.30 秒
2026-07-11 12:02:29,416 - m3_module.m3_cells_generator - INFO - All-positive 標註完成: 61 個細胞
2026-07-11 12:02:29,458 - m3_module.m3_cells_generator - INFO - enlarge_cell_instances: 61 顆細胞, factor=1.50(面積), 中位半徑=23.5px, 外擴=5.3px
2026-07-11 12:02:29,459 - cellpose.transforms - INFO - processing image with (1024, 1024) HW, and 3 channels
2026-07-11 12:02:30,020 - hybrid_pipeline - INFO - [163/441] 處理 tile: tile_x15360_y6912
2026-07-11 12:02:30,052 - m3_module.m3_elastic_matching - INFO - elastic_dish_nucleus_matching(overlap-first): IHC=61, DISH=73, matched(1核)=42 (其中重疊=42), drop-out(競爭落敗)=4, 無候選(計入)=15, factor=1.50, min_reach=20.0
2026-07-11 12:02:30,118 - cellpose.transforms - INFO - processing image with (1024, 1024) HW, and 3 channels
2026-07-11 12:02:30,828 - m3_module.m3_dot_detection - INFO - detect_all_dots: 紅點=66, 黑點=123, 涉及細胞=61
2026-07-11 12:02:31,085 - m4_module.cell_crops - INFO - 匯出 41 張 per-cell 影像至 docs/hybrid-pipeline/measurement/runs_current/large/cell_crops/tile_x15360_y6144/cells
2026-07-11 12:02:31,085 - hybrid_pipeline - INFO - Tile tile_x15360_y6144 完成: 核心擁有 41 細胞 (41 陽性), 2.93 秒
2026-07-11 12:02:31,248 - m3_module.m3_cells_generator - INFO - All-positive 標註完成: 20 個細胞
2026-07-11 12:02:31,292 - m3_module.m3_cells_generator - INFO - enlarge_cell_instances: 20 顆細胞, factor=1.50(面積), 中位半徑=23.9px, 外擴=5.4px
2026-07-11 12:02:31,292 - cellpose.transforms - INFO - processing image with (1024, 1024) HW, and 3 channels
2026-07-11 12:02:31,846 - hybrid_pipeline - INFO - [164/441] 處理 tile: tile_x15360_y768
2026-07-11 12:02:31,872 - m3_module.m3_elastic_matching - INFO - elastic_dish_nucleus_matching(overlap-first): IHC=20, DISH=12, matched(1核)=7 (其中重疊=7), drop-out(競爭落敗)=4, 無候選(計入)=9, factor=1.50, min_reach=20.0
2026-07-11 12:02:31,937 - cellpose.transforms - INFO - processing image with (1024, 1024) HW, and 3 channels
2026-07-11 12:02:32,042 - m3_module.m3_dot_detection - INFO - detect_all_dots: 紅點=8, 黑點=19, 涉及細胞=20
2026-07-11 12:02:32,166 - m4_module.cell_crops - INFO - 匯出 4 張 per-cell 影像至 docs/hybrid-pipeline/measurement/runs_current/large/cell_crops/tile_x15360_y6912/cells
2026-07-11 12:02:32,166 - hybrid_pipeline - INFO - Tile tile_x15360_y6912 完成: 核心擁有 4 細胞 (4 陽性), 2.15 秒
2026-07-11 12:02:32,541 - m3_module.m3_cells_generator - INFO - All-positive 標註完成: 122 個細胞
2026-07-11 12:02:32,599 - m3_module.m3_cells_generator - INFO - enlarge_cell_instances: 122 顆細胞, factor=1.50(面積), 中位半徑=24.2px, 外擴=5.4px
2026-07-11 12:02:32,599 - cellpose.transforms - INFO - processing image with (1024, 1024) HW, and 3 channels
2026-07-11 12:02:33,161 - hybrid_pipeline - INFO - [165/441] 處理 tile: tile_x15360_y7680
2026-07-11 12:02:33,193 - m3_module.m3_elastic_matching - INFO - elastic_dish_nucleus_matching(overlap-first): IHC=122, DISH=94, matched(1核)=68 (其中重疊=68), drop-out(競爭落敗)=19, 無候選(計入)=35, factor=1.50, min_reach=20.0
2026-07-11 12:02:33,239 - cellpose.transforms - INFO - processing image with (1024, 1024) HW, and 3 channels
2026-07-11 12:02:34,472 - m3_module.m3_dot_detection - INFO - detect_all_dots: 紅點=97, 黑點=203, 涉及細胞=122
2026-07-11 12:02:34,852 - m4_module.cell_crops - INFO - 匯出 80 張 per-cell 影像至 docs/hybrid-pipeline/measurement/runs_current/large/cell_crops/tile_x15360_y768/cells
2026-07-11 12:02:34,852 - hybrid_pipeline - INFO - Tile tile_x15360_y768 完成: 核心擁有 80 細胞 (80 陽性), 3.01 秒
2026-07-11 12:02:34,881 - m3_module.m3_cells_generator - INFO - All-positive 標註完成: 54 個細胞
2026-07-11 12:02:34,930 - m3_module.m3_cells_generator - INFO - enlarge_cell_instances: 54 顆細胞, factor=1.50(面積), 中位半徑=29.2px, 外擴=6.6px
2026-07-11 12:02:34,931 - cellpose.transforms - INFO - processing image with (1024, 1024) HW, and 3 channels
2026-07-11 12:02:35,488 - hybrid_pipeline - INFO - [166/441] 處理 tile: tile_x15360_y8448
2026-07-11 12:02:35,521 - m3_module.m3_elastic_matching - INFO - elastic_dish_nucleus_matching(overlap-first): IHC=54, DISH=51, matched(1核)=29 (其中重疊=29), drop-out(競爭落敗)=9, 無候選(計入)=16, factor=1.50, min_reach=20.0
2026-07-11 12:02:35,594 - cellpose.transforms - INFO - processing image with (1024, 1024) HW, and 3 channels
2026-07-11 12:02:35,928 - m3_module.m3_dot_detection - INFO - detect_all_dots: 紅點=25, 黑點=66, 涉及細胞=54
2026-07-11 12:02:36,218 - m4_module.cell_crops - INFO - 匯出 51 張 per-cell 影像至 docs/hybrid-pipeline/measurement/runs_current/large/cell_crops/tile_x15360_y7680/cells
2026-07-11 12:02:36,218 - hybrid_pipeline - INFO - Tile tile_x15360_y7680 完成: 核心擁有 51 細胞 (51 陽性), 3.06 秒
2026-07-11 12:02:36,355 - m3_module.m3_cells_generator - INFO - All-positive 標註完成: 8 個細胞
2026-07-11 12:02:36,390 - m3_module.m3_cells_generator - INFO - enlarge_cell_instances: 8 顆細胞, factor=1.50(面積), 中位半徑=25.4px, 外擴=5.7px
2026-07-11 12:02:36,391 - cellpose.transforms - INFO - processing image with (1024, 1024) HW, and 3 channels
2026-07-11 12:02:36,947 - hybrid_pipeline - INFO - [167/441] 處理 tile: tile_x15360_y9216
2026-07-11 12:02:36,970 - m3_module.m3_elastic_matching - INFO - elastic_dish_nucleus_matching(overlap-first): IHC=8, DISH=9, matched(1核)=5 (其中重疊=5), drop-out(競爭落敗)=0, 無候選(計入)=3, factor=1.50, min_reach=20.0
2026-07-11 12:02:37,034 - cellpose.transforms - INFO - processing image with (1024, 1024) HW, and 3 channels
2026-07-11 12:02:37,107 - m3_module.m3_dot_detection - INFO - detect_all_dots: 紅點=6, 黑點=12, 涉及細胞=8
2026-07-11 12:02:37,191 - m4_module.cell_crops - INFO - 匯出 2 張 per-cell 影像至 docs/hybrid-pipeline/measurement/runs_current/large/cell_crops/tile_x15360_y8448/cells
2026-07-11 12:02:37,191 - hybrid_pipeline - INFO - Tile tile_x15360_y8448 完成: 核心擁有 2 細胞 (2 陽性), 1.70 秒
2026-07-11 12:02:37,380 - cellpose.dynamics - INFO - No cell pixels found.
2026-07-11 12:02:37,428 - m3_module.m3_cells_generator - INFO - All-positive 標註完成: 0 個細胞
2026-07-11 12:02:37,430 - cellpose.transforms - INFO - processing image with (1024, 1024) HW, and 3 channels
2026-07-11 12:02:37,992 - hybrid_pipeline - INFO - [168/441] 處理 tile: tile_x15360_y9984
2026-07-11 12:02:38,069 - cellpose.transforms - INFO - processing image with (1024, 1024) HW, and 3 channels
2026-07-11 12:02:38,100 - m3_module.m3_dot_detection - INFO - detect_all_dots: 紅點=0, 黑點=0, 涉及細胞=0
2026-07-11 12:02:38,134 - m4_module.cell_crops - INFO - 匯出 0 張 per-cell 影像至 docs/hybrid-pipeline/measurement/runs_current/large/cell_crops/tile_x15360_y9216/cells
2026-07-11 12:02:38,134 - hybrid_pipeline - INFO - Tile tile_x15360_y9216 完成: 核心擁有 0 細胞 (0 陽性), 1.19 秒
2026-07-11 12:02:38,549 - m3_module.m3_cells_generator - INFO - All-positive 標註完成: 7 個細胞
2026-07-11 12:02:38,580 - m3_module.m3_cells_generator - INFO - enlarge_cell_instances: 7 顆細胞, factor=1.50(面積), 中位半徑=28.6px, 外擴=6.4px
2026-07-11 12:02:38,580 - cellpose.transforms - INFO - processing image with (1024, 1024) HW, and 3 channels
2026-07-11 12:02:39,141 - hybrid_pipeline - INFO - [169/441] 處理 tile: tile_x1536_y0
2026-07-11 12:02:39,167 - m3_module.m3_elastic_matching - INFO - elastic_dish_nucleus_matching(overlap-first): IHC=7, DISH=12, matched(1核)=3 (其中重疊=3), drop-out(競爭落敗)=1, 無候選(計入)=3, factor=1.50, min_reach=20.0
2026-07-11 12:02:39,241 - cellpose.transforms - INFO - processing image with (1024, 1024) HW, and 3 channels
2026-07-11 12:02:39,288 - m3_module.m3_dot_detection - INFO - detect_all_dots: 紅點=1, 黑點=4, 涉及細胞=7
2026-07-11 12:02:39,397 - m4_module.cell_crops - INFO - 匯出 3 張 per-cell 影像至 docs/hybrid-pipeline/measurement/runs_current/large/cell_crops/tile_x15360_y9984/cells
2026-07-11 12:02:39,397 - hybrid_pipeline - INFO - Tile tile_x15360_y9984 完成: 核心擁有 3 細胞 (3 陽性), 1.40 秒
2026-07-11 12:02:39,756 - m3_module.m3_cells_generator - INFO - All-positive 標註完成: 68 個細胞
2026-07-11 12:02:39,808 - m3_module.m3_cells_generator - INFO - enlarge_cell_instances: 68 顆細胞, factor=1.50(面積), 中位半徑=21.1px, 外擴=4.7px
2026-07-11 12:02:39,808 - cellpose.transforms - INFO - processing image with (1024, 1024) HW, and 3 channels
2026-07-11 12:02:40,376 - hybrid_pipeline - INFO - [170/441] 處理 tile: tile_x1536_y10752
2026-07-11 12:02:40,404 - m3_module.m3_elastic_matching - INFO - elastic_dish_nucleus_matching(overlap-first): IHC=68, DISH=62, matched(1核)=39 (其中重疊=39), drop-out(競爭落敗)=14, 無候選(計入)=15, factor=1.50, min_reach=20.0
2026-07-11 12:02:40,470 - cellpose.transforms - INFO - processing image with (1024, 1024) HW, and 3 channels
2026-07-11 12:02:41,052 - m3_module.m3_dot_detection - INFO - detect_all_dots: 紅點=45, 黑點=98, 涉及細胞=68
2026-07-11 12:02:41,339 - m4_module.cell_crops - INFO - 匯出 42 張 per-cell 影像至 docs/hybrid-pipeline/measurement/runs_current/large/cell_crops/tile_x1536_y0/cells
2026-07-11 12:02:41,339 - hybrid_pipeline - INFO - Tile tile_x1536_y0 完成: 核心擁有 42 細胞 (42 陽性), 2.20 秒
2026-07-11 12:02:41,537 - m3_module.m3_cells_generator - INFO - All-positive 標註完成: 88 個細胞
2026-07-11 12:02:41,585 - m3_module.m3_cells_generator - INFO - enlarge_cell_instances: 88 顆細胞, factor=1.50(面積), 中位半徑=29.2px, 外擴=6.6px
2026-07-11 12:02:41,585 - cellpose.transforms - INFO - processing image with (1024, 1024) HW, and 3 channels
2026-07-11 12:02:42,138 - hybrid_pipeline - INFO - [171/441] 處理 tile: tile_x1536_y11520
2026-07-11 12:02:42,171 - m3_module.m3_elastic_matching - INFO - elastic_dish_nucleus_matching(overlap-first): IHC=88, DISH=61, matched(1核)=57 (其中重疊=57), drop-out(競爭落敗)=18, 無候選(計入)=13, factor=1.50, min_reach=20.0
2026-07-11 12:02:42,229 - cellpose.transforms - INFO - processing image with (1024, 1024) HW, and 3 channels
2026-07-11 12:02:43,072 - m3_module.m3_dot_detection - INFO - detect_all_dots: 紅點=75, 黑點=126, 涉及細胞=88
2026-07-11 12:02:43,353 - m4_module.cell_crops - INFO - 匯出 57 張 per-cell 影像至 docs/hybrid-pipeline/measurement/runs_current/large/cell_crops/tile_x1536_y10752/cells
2026-07-11 12:02:43,353 - hybrid_pipeline - INFO - Tile tile_x1536_y10752 完成: 核心擁有 57 細胞 (57 陽性), 2.98 秒
2026-07-11 12:02:43,495 - m3_module.m3_cells_generator - INFO - All-positive 標註完成: 31 個細胞
2026-07-11 12:02:43,526 - m3_module.m3_cells_generator - INFO - enlarge_cell_instances: 31 顆細胞, factor=1.50(面積), 中位半徑=32.6px, 外擴=7.3px
2026-07-11 12:02:43,526 - cellpose.transforms - INFO - processing image with (1024, 1024) HW, and 3 channels
2026-07-11 12:02:44,084 - hybrid_pipeline - INFO - [172/441] 處理 tile: tile_x1536_y12288
2026-07-11 12:02:44,110 - m3_module.m3_elastic_matching - INFO - elastic_dish_nucleus_matching(overlap-first): IHC=31, DISH=15, matched(1核)=13 (其中重疊=13), drop-out(競爭落敗)=7, 無候選(計入)=11, factor=1.50, min_reach=20.0
2026-07-11 12:02:44,178 - cellpose.transforms - INFO - processing image with (1024, 1024) HW, and 3 channels
2026-07-11 12:02:44,335 - m3_module.m3_dot_detection - INFO - detect_all_dots: 紅點=19, 黑點=32, 涉及細胞=31
2026-07-11 12:02:44,452 - m4_module.cell_crops - INFO - 匯出 8 張 per-cell 影像至 docs/hybrid-pipeline/measurement/runs_current/large/cell_crops/tile_x1536_y11520/cells
2026-07-11 12:02:44,452 - hybrid_pipeline - INFO - Tile tile_x1536_y11520 完成: 核心擁有 8 細胞 (8 陽性), 2.31 秒
2026-07-11 12:02:44,744 - m3_module.m3_cells_generator - INFO - All-positive 標註完成: 3 個細胞
2026-07-11 12:02:44,776 - m3_module.m3_cells_generator - INFO - enlarge_cell_instances: 3 顆細胞, factor=1.50(面積), 中位半徑=29.4px, 外擴=6.6px
2026-07-11 12:02:44,776 - cellpose.transforms - INFO - processing image with (1024, 1024) HW, and 3 channels
2026-07-11 12:02:45,344 - hybrid_pipeline - INFO - [173/441] 處理 tile: tile_x1536_y13056
2026-07-11 12:02:45,366 - m3_module.m3_elastic_matching - INFO - elastic_dish_nucleus_matching(overlap-first): IHC=3, DISH=1, matched(1核)=1 (其中重疊=1), drop-out(競爭落敗)=0, 無候選(計入)=2, factor=1.50, min_reach=20.0
2026-07-11 12:02:45,433 - cellpose.transforms - INFO - processing image with (1024, 1024) HW, and 3 channels
2026-07-11 12:02:45,478 - m3_module.m3_dot_detection - INFO - detect_all_dots: 紅點=0, 黑點=1, 涉及細胞=3
2026-07-11 12:02:45,536 - m4_module.cell_crops - INFO - 匯出 1 張 per-cell 影像至 docs/hybrid-pipeline/measurement/runs_current/large/cell_crops/tile_x1536_y12288/cells
2026-07-11 12:02:45,536 - hybrid_pipeline - INFO - Tile tile_x1536_y12288 完成: 核心擁有 1 細胞 (1 陽性), 1.45 秒
2026-07-11 12:02:45,905 - m3_module.m3_cells_generator - INFO - All-positive 標註完成: 6 個細胞
2026-07-11 12:02:45,940 - m3_module.m3_cells_generator - INFO - enlarge_cell_instances: 6 顆細胞, factor=1.50(面積), 中位半徑=27.8px, 外擴=6.2px
2026-07-11 12:02:45,940 - cellpose.transforms - INFO - processing image with (1024, 1024) HW, and 3 channels
2026-07-11 12:02:46,516 - hybrid_pipeline - INFO - [174/441] 處理 tile: tile_x1536_y13824
2026-07-11 12:02:46,541 - m3_module.m3_elastic_matching - INFO - elastic_dish_nucleus_matching(overlap-first): IHC=6, DISH=4, matched(1核)=2 (其中重疊=2), drop-out(競爭落敗)=0, 無候選(計入)=4, factor=1.50, min_reach=20.0
2026-07-11 12:02:46,601 - cellpose.transforms - INFO - processing image with (1024, 1024) HW, and 3 channels
2026-07-11 12:02:46,660 - m3_module.m3_dot_detection - INFO - detect_all_dots: 紅點=4, 黑點=3, 涉及細胞=6
2026-07-11 12:02:46,731 - m4_module.cell_crops - INFO - 匯出 1 張 per-cell 影像至 docs/hybrid-pipeline/measurement/runs_current/large/cell_crops/tile_x1536_y13056/cells
2026-07-11 12:02:46,731 - hybrid_pipeline - INFO - Tile tile_x1536_y13056 完成: 核心擁有 1 細胞 (1 陽性), 1.39 秒
2026-07-11 12:02:47,066 - m3_module.m3_cells_generator - INFO - All-positive 標註完成: 27 個細胞
2026-07-11 12:02:47,105 - m3_module.m3_cells_generator - INFO - enlarge_cell_instances: 27 顆細胞, factor=1.50(面積), 中位半徑=28.3px, 外擴=6.4px
2026-07-11 12:02:47,105 - cellpose.transforms - INFO - processing image with (1024, 1024) HW, and 3 channels
2026-07-11 12:02:47,688 - hybrid_pipeline - INFO - [175/441] 處理 tile: tile_x1536_y14592
2026-07-11 12:02:47,717 - m3_module.m3_elastic_matching - INFO - elastic_dish_nucleus_matching(overlap-first): IHC=27, DISH=18, matched(1核)=13 (其中重疊=13), drop-out(競爭落敗)=7, 無候選(計入)=7, factor=1.50, min_reach=20.0
2026-07-11 12:02:47,783 - cellpose.transforms - INFO - processing image with (1024, 1024) HW, and 3 channels
2026-07-11 12:02:47,947 - m3_module.m3_dot_detection - INFO - detect_all_dots: 紅點=22, 黑點=26, 涉及細胞=27
2026-07-11 12:02:48,083 - m4_module.cell_crops - INFO - 匯出 12 張 per-cell 影像至 docs/hybrid-pipeline/measurement/runs_current/large/cell_crops/tile_x1536_y13824/cells
2026-07-11 12:02:48,083 - hybrid_pipeline - INFO - Tile tile_x1536_y13824 完成: 核心擁有 12 細胞 (12 陽性), 1.57 秒
2026-07-11 12:02:48,386 - m3_module.m3_cells_generator - INFO - All-positive 標註完成: 54 個細胞
2026-07-11 12:02:48,425 - m3_module.m3_cells_generator - INFO - enlarge_cell_instances: 54 顆細胞, factor=1.50(面積), 中位半徑=29.4px, 外擴=6.6px
2026-07-11 12:02:48,425 - cellpose.transforms - INFO - processing image with (1024, 1024) HW, and 3 channels
2026-07-11 12:02:48,984 - hybrid_pipeline - INFO - [176/441] 處理 tile: tile_x1536_y1536
2026-07-11 12:02:49,012 - m3_module.m3_elastic_matching - INFO - elastic_dish_nucleus_matching(overlap-first): IHC=54, DISH=25, matched(1核)=23 (其中重疊=23), drop-out(競爭落敗)=10, 無候選(計入)=21, factor=1.50, min_reach=20.0
2026-07-11 12:02:49,078 - cellpose.transforms - INFO - processing image with (1024, 1024) HW, and 3 channels
2026-07-11 12:02:49,382 - m3_module.m3_dot_detection - INFO - detect_all_dots: 紅點=29, 黑點=49, 涉及細胞=54
2026-07-11 12:02:49,551 - m4_module.cell_crops - INFO - 匯出 25 張 per-cell 影像至 docs/hybrid-pipeline/measurement/runs_current/large/cell_crops/tile_x1536_y14592/cells
2026-07-11 12:02:49,551 - hybrid_pipeline - INFO - Tile tile_x1536_y14592 完成: 核心擁有 25 細胞 (25 陽性), 1.86 秒
2026-07-11 12:02:49,807 - m3_module.m3_cells_generator - INFO - All-positive 標註完成: 56 個細胞
2026-07-11 12:02:49,855 - m3_module.m3_cells_generator - INFO - enlarge_cell_instances: 56 顆細胞, factor=1.50(面積), 中位半徑=24.5px, 外擴=5.5px
2026-07-11 12:02:49,856 - cellpose.transforms - INFO - processing image with (1024, 1024) HW, and 3 channels
2026-07-11 12:02:50,412 - hybrid_pipeline - INFO - [177/441] 處理 tile: tile_x1536_y15360
2026-07-11 12:02:50,440 - m3_module.m3_elastic_matching - INFO - elastic_dish_nucleus_matching(overlap-first): IHC=56, DISH=48, matched(1核)=34 (其中重疊=33), drop-out(競爭落敗)=9, 無候選(計入)=13, factor=1.50, min_reach=20.0
2026-07-11 12:02:50,506 - cellpose.transforms - INFO - processing image with (1024, 1024) HW, and 3 channels
2026-07-11 12:02:51,050 - m3_module.m3_dot_detection - INFO - detect_all_dots: 紅點=46, 黑點=80, 涉及細胞=56
2026-07-11 12:02:51,287 - m4_module.cell_crops - INFO - 匯出 28 張 per-cell 影像至 docs/hybrid-pipeline/measurement/runs_current/large/cell_crops/tile_x1536_y1536/cells
2026-07-11 12:02:51,287 - hybrid_pipeline - INFO - Tile tile_x1536_y1536 完成: 核心擁有 28 細胞 (28 陽性), 2.30 秒
2026-07-11 12:02:51,459 - m3_module.m3_cells_generator - INFO - All-positive 標註完成: 33 個細胞
2026-07-11 12:02:51,510 - m3_module.m3_cells_generator - INFO - enlarge_cell_instances: 33 顆細胞, factor=1.50(面積), 中位半徑=29.3px, 外擴=6.6px
2026-07-11 12:02:51,510 - cellpose.transforms - INFO - processing image with (1024, 1024) HW, and 3 channels
2026-07-11 12:02:52,071 - hybrid_pipeline - INFO - [178/441] 處理 tile: tile_x1536_y2304
2026-07-11 12:02:52,106 - m3_module.m3_elastic_matching - INFO - elastic_dish_nucleus_matching(overlap-first): IHC=33, DISH=34, matched(1核)=21 (其中重疊=21), drop-out(競爭落敗)=5, 無候選(計入)=7, factor=1.50, min_reach=20.0
2026-07-11 12:02:52,163 - cellpose.transforms - INFO - processing image with (1024, 1024) HW, and 3 channels
2026-07-11 12:02:52,466 - m3_module.m3_dot_detection - INFO - detect_all_dots: 紅點=28, 黑點=42, 涉及細胞=33
2026-07-11 12:02:52,625 - m4_module.cell_crops - INFO - 匯出 26 張 per-cell 影像至 docs/hybrid-pipeline/measurement/runs_current/large/cell_crops/tile_x1536_y15360/cells
2026-07-11 12:02:52,625 - hybrid_pipeline - INFO - Tile tile_x1536_y15360 完成: 核心擁有 26 細胞 (26 陽性), 2.21 秒
2026-07-11 12:02:52,900 - m3_module.m3_cells_generator - INFO - All-positive 標註完成: 52 個細胞
2026-07-11 12:02:52,949 - m3_module.m3_cells_generator - INFO - enlarge_cell_instances: 52 顆細胞, factor=1.50(面積), 中位半徑=27.1px, 外擴=6.1px
2026-07-11 12:02:52,950 - cellpose.transforms - INFO - processing image with (1024, 1024) HW, and 3 channels
2026-07-11 12:02:53,514 - hybrid_pipeline - INFO - [179/441] 處理 tile: tile_x1536_y3072
2026-07-11 12:02:53,540 - m3_module.m3_elastic_matching - INFO - elastic_dish_nucleus_matching(overlap-first): IHC=52, DISH=39, matched(1核)=31 (其中重疊=30), drop-out(競爭落敗)=10, 無候選(計入)=11, factor=1.50, min_reach=20.0
2026-07-11 12:02:53,610 - cellpose.transforms - INFO - processing image with (1024, 1024) HW, and 3 channels
2026-07-11 12:02:53,963 - m3_module.m3_dot_detection - INFO - detect_all_dots: 紅點=32, 黑點=46, 涉及細胞=52
2026-07-11 12:02:54,161 - m4_module.cell_crops - INFO - 匯出 19 張 per-cell 影像至 docs/hybrid-pipeline/measurement/runs_current/large/cell_crops/tile_x1536_y2304/cells
2026-07-11 12:02:54,161 - hybrid_pipeline - INFO - Tile tile_x1536_y2304 完成: 核心擁有 19 細胞 (19 陽性), 2.09 秒
2026-07-11 12:02:54,423 - m3_module.m3_cells_generator - INFO - All-positive 標註完成: 68 個細胞
2026-07-11 12:02:54,473 - m3_module.m3_cells_generator - INFO - enlarge_cell_instances: 68 顆細胞, factor=1.50(面積), 中位半徑=29.9px, 外擴=6.7px
2026-07-11 12:02:54,474 - cellpose.transforms - INFO - processing image with (1024, 1024) HW, and 3 channels
2026-07-11 12:02:55,038 - hybrid_pipeline - INFO - [180/441] 處理 tile: tile_x1536_y3840
2026-07-11 12:02:55,068 - m3_module.m3_elastic_matching - INFO - elastic_dish_nucleus_matching(overlap-first): IHC=68, DISH=56, matched(1核)=40 (其中重疊=40), drop-out(競爭落敗)=11, 無候選(計入)=17, factor=1.50, min_reach=20.0
2026-07-11 12:02:55,127 - cellpose.transforms - INFO - processing image with (1024, 1024) HW, and 3 channels
2026-07-11 12:02:55,731 - m3_module.m3_dot_detection - INFO - detect_all_dots: 紅點=57, 黑點=97, 涉及細胞=68
2026-07-11 12:02:55,968 - m4_module.cell_crops - INFO - 匯出 24 張 per-cell 影像至 docs/hybrid-pipeline/measurement/runs_current/large/cell_crops/tile_x1536_y3072/cells
2026-07-11 12:02:55,968 - hybrid_pipeline - INFO - Tile tile_x1536_y3072 完成: 核心擁有 24 細胞 (24 陽性), 2.45 秒
2026-07-11 12:02:56,190 - m3_module.m3_cells_generator - INFO - All-positive 標註完成: 78 個細胞
2026-07-11 12:02:56,241 - m3_module.m3_cells_generator - INFO - enlarge_cell_instances: 78 顆細胞, factor=1.50(面積), 中位半徑=30.0px, 外擴=6.7px
2026-07-11 12:02:56,241 - cellpose.transforms - INFO - processing image with (1024, 1024) HW, and 3 channels
2026-07-11 12:02:56,825 - hybrid_pipeline - INFO - [181/441] 處理 tile: tile_x1536_y4608
2026-07-11 12:02:56,858 - m3_module.m3_elastic_matching - INFO - elastic_dish_nucleus_matching(overlap-first): IHC=78, DISH=63, matched(1核)=47 (其中重疊=47), drop-out(競爭落敗)=12, 無候選(計入)=19, factor=1.50, min_reach=20.0
2026-07-11 12:02:56,928 - cellpose.transforms - INFO - processing image with (1024, 1024) HW, and 3 channels
2026-07-11 12:02:57,605 - m3_module.m3_dot_detection - INFO - detect_all_dots: 紅點=67, 黑點=118, 涉及細胞=78
2026-07-11 12:02:57,955 - m4_module.cell_crops - INFO - 匯出 51 張 per-cell 影像至 docs/hybrid-pipeline/measurement/runs_current/large/cell_crops/tile_x1536_y3840/cells
2026-07-11 12:02:57,955 - hybrid_pipeline - INFO - Tile tile_x1536_y3840 完成: 核心擁有 51 細胞 (51 陽性), 2.92 秒
2026-07-11 12:02:58,055 - m3_module.m3_cells_generator - INFO - All-positive 標註完成: 55 個細胞
2026-07-11 12:02:58,105 - m3_module.m3_cells_generator - INFO - enlarge_cell_instances: 55 顆細胞, factor=1.50(面積), 中位半徑=28.6px, 外擴=6.4px
2026-07-11 12:02:58,105 - cellpose.transforms - INFO - processing image with (1024, 1024) HW, and 3 channels
2026-07-11 12:02:58,701 - hybrid_pipeline - INFO - [182/441] 處理 tile: tile_x1536_y5376
2026-07-11 12:02:58,729 - m3_module.m3_elastic_matching - INFO - elastic_dish_nucleus_matching(overlap-first): IHC=55, DISH=38, matched(1核)=27 (其中重疊=27), drop-out(競爭落敗)=12, 無候選(計入)=16, factor=1.50, min_reach=20.0
2026-07-11 12:02:58,793 - cellpose.transforms - INFO - processing image with (1024, 1024) HW, and 3 channels
2026-07-11 12:02:59,134 - m3_module.m3_dot_detection - INFO - detect_all_dots: 紅點=24, 黑點=41, 涉及細胞=55
2026-07-11 12:02:59,349 - m4_module.cell_crops - INFO - 匯出 24 張 per-cell 影像至 docs/hybrid-pipeline/measurement/runs_current/large/cell_crops/tile_x1536_y4608/cells
2026-07-11 12:02:59,349 - hybrid_pipeline - INFO - Tile tile_x1536_y4608 完成: 核心擁有 24 細胞 (24 陽性), 2.52 秒
2026-07-11 12:02:59,544 - m3_module.m3_cells_generator - INFO - All-positive 標註完成: 42 個細胞
2026-07-11 12:02:59,585 - m3_module.m3_cells_generator - INFO - enlarge_cell_instances: 42 顆細胞, factor=1.50(面積), 中位半徑=24.0px, 外擴=5.4px
2026-07-11 12:02:59,585 - cellpose.transforms - INFO - processing image with (1024, 1024) HW, and 3 channels
2026-07-11 12:03:00,135 - hybrid_pipeline - INFO - [183/441] 處理 tile: tile_x1536_y6144
2026-07-11 12:03:00,161 - m3_module.m3_elastic_matching - INFO - elastic_dish_nucleus_matching(overlap-first): IHC=42, DISH=23, matched(1核)=19 (其中重疊=19), drop-out(競爭落敗)=9, 無候選(計入)=14, factor=1.50, min_reach=20.0
2026-07-11 12:03:00,229 - cellpose.transforms - INFO - processing image with (1024, 1024) HW, and 3 channels
2026-07-11 12:03:00,483 - m3_module.m3_dot_detection - INFO - detect_all_dots: 紅點=22, 黑點=33, 涉及細胞=42
2026-07-11 12:03:00,645 - m4_module.cell_crops - INFO - 匯出 27 張 per-cell 影像至 docs/hybrid-pipeline/measurement/runs_current/large/cell_crops/tile_x1536_y5376/cells
2026-07-11 12:03:00,645 - hybrid_pipeline - INFO - Tile tile_x1536_y5376 完成: 核心擁有 27 細胞 (27 陽性), 1.94 秒
2026-07-11 12:03:00,907 - m3_module.m3_cells_generator - INFO - All-positive 標註完成: 32 個細胞
2026-07-11 12:03:00,951 - m3_module.m3_cells_generator - INFO - enlarge_cell_instances: 32 顆細胞, factor=1.50(面積), 中位半徑=30.4px, 外擴=6.8px
2026-07-11 12:03:00,951 - cellpose.transforms - INFO - processing image with (1024, 1024) HW, and 3 channels
2026-07-11 12:03:01,523 - hybrid_pipeline - INFO - [184/441] 處理 tile: tile_x1536_y6912
2026-07-11 12:03:01,550 - m3_module.m3_elastic_matching - INFO - elastic_dish_nucleus_matching(overlap-first): IHC=32, DISH=30, matched(1核)=21 (其中重疊=21), drop-out(競爭落敗)=6, 無候選(計入)=5, factor=1.50, min_reach=20.0
2026-07-11 12:03:01,615 - cellpose.transforms - INFO - processing image with (1024, 1024) HW, and 3 channels
2026-07-11 12:03:01,923 - m3_module.m3_dot_detection - INFO - detect_all_dots: 紅點=28, 黑點=52, 涉及細胞=32
2026-07-11 12:03:02,080 - m4_module.cell_crops - INFO - 匯出 23 張 per-cell 影像至 docs/hybrid-pipeline/measurement/runs_current/large/cell_crops/tile_x1536_y6144/cells
2026-07-11 12:03:02,080 - hybrid_pipeline - INFO - Tile tile_x1536_y6144 完成: 核心擁有 23 細胞 (23 陽性), 1.94 秒
2026-07-11 12:03:02,357 - m3_module.m3_cells_generator - INFO - All-positive 標註完成: 62 個細胞
2026-07-11 12:03:02,408 - m3_module.m3_cells_generator - INFO - enlarge_cell_instances: 62 顆細胞, factor=1.50(面積), 中位半徑=30.5px, 外擴=6.9px
2026-07-11 12:03:02,409 - cellpose.transforms - INFO - processing image with (1024, 1024) HW, and 3 channels
2026-07-11 12:03:02,980 - hybrid_pipeline - INFO - [185/441] 處理 tile: tile_x1536_y768
2026-07-11 12:03:03,014 - m3_module.m3_elastic_matching - INFO - elastic_dish_nucleus_matching(overlap-first): IHC=62, DISH=63, matched(1核)=43 (其中重疊=43), drop-out(競爭落敗)=9, 無候選(計入)=10, factor=1.50, min_reach=20.0
2026-07-11 12:03:03,078 - cellpose.transforms - INFO - processing image with (1024, 1024) HW, and 3 channels
2026-07-11 12:03:03,701 - m3_module.m3_dot_detection - INFO - detect_all_dots: 紅點=52, 黑點=99, 涉及細胞=62
2026-07-11 12:03:03,948 - m4_module.cell_crops - INFO - 匯出 23 張 per-cell 影像至 docs/hybrid-pipeline/measurement/runs_current/large/cell_crops/tile_x1536_y6912/cells
2026-07-11 12:03:03,948 - hybrid_pipeline - INFO - Tile tile_x1536_y6912 完成: 核心擁有 23 細胞 (23 陽性), 2.43 秒
2026-07-11 12:03:04,182 - m3_module.m3_cells_generator - INFO - All-positive 標註完成: 96 個細胞
2026-07-11 12:03:04,239 - m3_module.m3_cells_generator - INFO - enlarge_cell_instances: 96 顆細胞, factor=1.50(面積), 中位半徑=26.0px, 外擴=5.8px
2026-07-11 12:03:04,240 - cellpose.transforms - INFO - processing image with (1024, 1024) HW, and 3 channels
2026-07-11 12:03:04,816 - hybrid_pipeline - INFO - [186/441] 處理 tile: tile_x1536_y7680
2026-07-11 12:03:04,846 - m3_module.m3_elastic_matching - INFO - elastic_dish_nucleus_matching(overlap-first): IHC=96, DISH=81, matched(1核)=60 (其中重疊=60), drop-out(競爭落敗)=18, 無候選(計入)=18, factor=1.50, min_reach=20.0
2026-07-11 12:03:04,912 - cellpose.transforms - INFO - processing image with (1024, 1024) HW, and 3 channels
2026-07-11 12:03:05,891 - m3_module.m3_dot_detection - INFO - detect_all_dots: 紅點=75, 黑點=137, 涉及細胞=96
2026-07-11 12:03:06,247 - m4_module.cell_crops - INFO - 匯出 58 張 per-cell 影像至 docs/hybrid-pipeline/measurement/runs_current/large/cell_crops/tile_x1536_y768/cells
2026-07-11 12:03:06,247 - hybrid_pipeline - INFO - Tile tile_x1536_y768 完成: 核心擁有 58 細胞 (58 陽性), 3.27 秒
2026-07-11 12:03:06,318 - m3_module.m3_cells_generator - INFO - All-positive 標註完成: 63 個細胞
2026-07-11 12:03:06,365 - m3_module.m3_cells_generator - INFO - enlarge_cell_instances: 63 顆細胞, factor=1.50(面積), 中位半徑=26.9px, 外擴=6.0px
2026-07-11 12:03:06,366 - cellpose.transforms - INFO - processing image with (1024, 1024) HW, and 3 channels
2026-07-11 12:03:06,933 - hybrid_pipeline - INFO - [187/441] 處理 tile: tile_x1536_y8448
2026-07-11 12:03:06,963 - m3_module.m3_elastic_matching - INFO - elastic_dish_nucleus_matching(overlap-first): IHC=63, DISH=44, matched(1核)=36 (其中重疊=36), drop-out(競爭落敗)=11, 無候選(計入)=16, factor=1.50, min_reach=20.0
2026-07-11 12:03:07,026 - cellpose.transforms - INFO - processing image with (1024, 1024) HW, and 3 channels
2026-07-11 12:03:07,610 - m3_module.m3_dot_detection - INFO - detect_all_dots: 紅點=51, 黑點=86, 涉及細胞=63
2026-07-11 12:03:07,831 - m4_module.cell_crops - INFO - 匯出 30 張 per-cell 影像至 docs/hybrid-pipeline/measurement/runs_current/large/cell_crops/tile_x1536_y7680/cells
2026-07-11 12:03:07,831 - hybrid_pipeline - INFO - Tile tile_x1536_y7680 完成: 核心擁有 30 細胞 (30 陽性), 3.01 秒
2026-07-11 12:03:08,029 - m3_module.m3_cells_generator - INFO - All-positive 標註完成: 41 個細胞
2026-07-11 12:03:08,077 - m3_module.m3_cells_generator - INFO - enlarge_cell_instances: 41 顆細胞, factor=1.50(面積), 中位半徑=27.5px, 外擴=6.2px
2026-07-11 12:03:08,077 - cellpose.transforms - INFO - processing image with (1024, 1024) HW, and 3 channels
2026-07-11 12:03:08,655 - hybrid_pipeline - INFO - [188/441] 處理 tile: tile_x1536_y9216
2026-07-11 12:03:08,682 - m3_module.m3_elastic_matching - INFO - elastic_dish_nucleus_matching(overlap-first): IHC=41, DISH=29, matched(1核)=22 (其中重疊=22), drop-out(競爭落敗)=5, 無候選(計入)=14, factor=1.50, min_reach=20.0
2026-07-11 12:03:08,749 - cellpose.transforms - INFO - processing image with (1024, 1024) HW, and 3 channels
2026-07-11 12:03:09,085 - m3_module.m3_dot_detection - INFO - detect_all_dots: 紅點=31, 黑點=49, 涉及細胞=41
2026-07-11 12:03:09,264 - m4_module.cell_crops - INFO - 匯出 9 張 per-cell 影像至 docs/hybrid-pipeline/measurement/runs_current/large/cell_crops/tile_x1536_y8448/cells
2026-07-11 12:03:09,264 - hybrid_pipeline - INFO - Tile tile_x1536_y8448 完成: 核心擁有 9 細胞 (9 陽性), 2.33 秒
2026-07-11 12:03:09,539 - m3_module.m3_cells_generator - INFO - All-positive 標註完成: 94 個細胞
2026-07-11 12:03:09,594 - m3_module.m3_cells_generator - INFO - enlarge_cell_instances: 94 顆細胞, factor=1.50(面積), 中位半徑=29.9px, 外擴=6.7px
2026-07-11 12:03:09,594 - cellpose.transforms - INFO - processing image with (1024, 1024) HW, and 3 channels
2026-07-11 12:03:10,155 - hybrid_pipeline - INFO - [189/441] 處理 tile: tile_x1536_y9984
2026-07-11 12:03:10,185 - m3_module.m3_elastic_matching - INFO - elastic_dish_nucleus_matching(overlap-first): IHC=94, DISH=71, matched(1核)=59 (其中重疊=59), drop-out(競爭落敗)=16, 無候選(計入)=19, factor=1.50, min_reach=20.0
2026-07-11 12:03:10,235 - cellpose.transforms - INFO - processing image with (1024, 1024) HW, and 3 channels
2026-07-11 12:03:11,192 - m3_module.m3_dot_detection - INFO - detect_all_dots: 紅點=91, 黑點=146, 涉及細胞=94
2026-07-11 12:03:11,490 - m4_module.cell_crops - INFO - 匯出 43 張 per-cell 影像至 docs/hybrid-pipeline/measurement/runs_current/large/cell_crops/tile_x1536_y9216/cells
2026-07-11 12:03:11,490 - hybrid_pipeline - INFO - Tile tile_x1536_y9216 完成: 核心擁有 43 細胞 (43 陽性), 2.83 秒
2026-07-11 12:03:11,690 - m3_module.m3_cells_generator - INFO - All-positive 標註完成: 109 個細胞
2026-07-11 12:03:11,741 - m3_module.m3_cells_generator - INFO - enlarge_cell_instances: 109 顆細胞, factor=1.50(面積), 中位半徑=30.3px, 外擴=6.8px
2026-07-11 12:03:11,741 - cellpose.transforms - INFO - processing image with (1024, 1024) HW, and 3 channels
2026-07-11 12:03:12,296 - hybrid_pipeline - INFO - [190/441] 處理 tile: tile_x2304_y0
2026-07-11 12:03:12,331 - m3_module.m3_elastic_matching - INFO - elastic_dish_nucleus_matching(overlap-first): IHC=109, DISH=74, matched(1核)=67 (其中重疊=67), drop-out(競爭落敗)=22, 無候選(計入)=20, factor=1.50, min_reach=20.0
2026-07-11 12:03:12,391 - cellpose.transforms - INFO - processing image with (1024, 1024) HW, and 3 channels
2026-07-11 12:03:13,294 - m3_module.m3_dot_detection - INFO - detect_all_dots: 紅點=107, 黑點=165, 涉及細胞=109
2026-07-11 12:03:13,656 - m4_module.cell_crops - INFO - 匯出 54 張 per-cell 影像至 docs/hybrid-pipeline/measurement/runs_current/large/cell_crops/tile_x1536_y9984/cells
2026-07-11 12:03:13,656 - hybrid_pipeline - INFO - Tile tile_x1536_y9984 完成: 核心擁有 54 細胞 (54 陽性), 3.50 秒
2026-07-11 12:03:13,749 - m3_module.m3_cells_generator - INFO - All-positive 標註完成: 61 個細胞
2026-07-11 12:03:13,794 - m3_module.m3_cells_generator - INFO - enlarge_cell_instances: 61 顆細胞, factor=1.50(面積), 中位半徑=21.0px, 外擴=4.7px
2026-07-11 12:03:13,794 - cellpose.transforms - INFO - processing image with (1024, 1024) HW, and 3 channels
2026-07-11 12:03:14,350 - hybrid_pipeline - INFO - [191/441] 處理 tile: tile_x2304_y10752
2026-07-11 12:03:14,378 - m3_module.m3_elastic_matching - INFO - elastic_dish_nucleus_matching(overlap-first): IHC=61, DISH=55, matched(1核)=38 (其中重疊=38), drop-out(競爭落敗)=12, 無候選(計入)=11, factor=1.50, min_reach=20.0
2026-07-11 12:03:14,443 - cellpose.transforms - INFO - processing image with (1024, 1024) HW, and 3 channels
2026-07-11 12:03:14,962 - m3_module.m3_dot_detection - INFO - detect_all_dots: 紅點=45, 黑點=91, 涉及細胞=61
2026-07-11 12:03:15,167 - m4_module.cell_crops - INFO - 匯出 36 張 per-cell 影像至 docs/hybrid-pipeline/measurement/runs_current/large/cell_crops/tile_x2304_y0/cells
2026-07-11 12:03:15,167 - hybrid_pipeline - INFO - Tile tile_x2304_y0 完成: 核心擁有 36 細胞 (36 陽性), 2.87 秒
2026-07-11 12:03:15,450 - m3_module.m3_cells_generator - INFO - All-positive 標註完成: 85 個細胞
2026-07-11 12:03:15,507 - m3_module.m3_cells_generator - INFO - enlarge_cell_instances: 85 顆細胞, factor=1.50(面積), 中位半徑=31.6px, 外擴=7.1px
2026-07-11 12:03:15,508 - cellpose.transforms - INFO - processing image with (1024, 1024) HW, and 3 channels
2026-07-11 12:03:16,064 - hybrid_pipeline - INFO - [192/441] 處理 tile: tile_x2304_y11520
2026-07-11 12:03:16,096 - m3_module.m3_elastic_matching - INFO - elastic_dish_nucleus_matching(overlap-first): IHC=85, DISH=64, matched(1核)=50 (其中重疊=50), drop-out(競爭落敗)=10, 無候選(計入)=25, factor=1.50, min_reach=20.0
2026-07-11 12:03:16,157 - cellpose.transforms - INFO - processing image with (1024, 1024) HW, and 3 channels
2026-07-11 12:03:16,862 - m3_module.m3_dot_detection - INFO - detect_all_dots: 紅點=61, 黑點=89, 涉及細胞=85
2026-07-11 12:03:17,154 - m4_module.cell_crops - INFO - 匯出 36 張 per-cell 影像至 docs/hybrid-pipeline/measurement/runs_current/large/cell_crops/tile_x2304_y10752/cells
2026-07-11 12:03:17,154 - hybrid_pipeline - INFO - Tile tile_x2304_y10752 完成: 核心擁有 36 細胞 (36 陽性), 2.80 秒
2026-07-11 12:03:17,416 - m3_module.m3_cells_generator - INFO - All-positive 標註完成: 134 個細胞
2026-07-11 12:03:17,474 - m3_module.m3_cells_generator - INFO - enlarge_cell_instances: 134 顆細胞, factor=1.50(面積), 中位半徑=30.2px, 外擴=6.8px
2026-07-11 12:03:17,474 - cellpose.transforms - INFO - processing image with (1024, 1024) HW, and 3 channels
2026-07-11 12:03:18,048 - hybrid_pipeline - INFO - [193/441] 處理 tile: tile_x2304_y12288
2026-07-11 12:03:18,081 - m3_module.m3_elastic_matching - INFO - elastic_dish_nucleus_matching(overlap-first): IHC=134, DISH=80, matched(1核)=72 (其中重疊=72), drop-out(競爭落敗)=30, 無候選(計入)=32, factor=1.50, min_reach=20.0
2026-07-11 12:03:18,124 - cellpose.transforms - INFO - processing image with (1024, 1024) HW, and 3 channels
2026-07-11 12:03:19,161 - m3_module.m3_dot_detection - INFO - detect_all_dots: 紅點=92, 黑點=152, 涉及細胞=134
2026-07-11 12:03:19,530 - m4_module.cell_crops - INFO - 匯出 82 張 per-cell 影像至 docs/hybrid-pipeline/measurement/runs_current/large/cell_crops/tile_x2304_y11520/cells
2026-07-11 12:03:19,530 - hybrid_pipeline - INFO - Tile tile_x2304_y11520 完成: 核心擁有 82 細胞 (82 陽性), 3.47 秒
2026-07-11 12:03:19,618 - m3_module.m3_cells_generator - INFO - All-positive 標註完成: 100 個細胞
2026-07-11 12:03:19,665 - m3_module.m3_cells_generator - INFO - enlarge_cell_instances: 100 顆細胞, factor=1.50(面積), 中位半徑=28.2px, 外擴=6.3px
2026-07-11 12:03:19,666 - cellpose.transforms - INFO - processing image with (1024, 1024) HW, and 3 channels
2026-07-11 12:03:20,216 - hybrid_pipeline - INFO - [194/441] 處理 tile: tile_x2304_y13056
2026-07-11 12:03:20,251 - m3_module.m3_elastic_matching - INFO - elastic_dish_nucleus_matching(overlap-first): IHC=100, DISH=56, matched(1核)=54 (其中重疊=54), drop-out(競爭落敗)=23, 無候選(計入)=23, factor=1.50, min_reach=20.0
2026-07-11 12:03:20,311 - cellpose.transforms - INFO - processing image with (1024, 1024) HW, and 3 channels
2026-07-11 12:03:21,019 - m3_module.m3_dot_detection - INFO - detect_all_dots: 紅點=66, 黑點=114, 涉及細胞=100
2026-07-11 12:03:21,311 - m4_module.cell_crops - INFO - 匯出 56 張 per-cell 影像至 docs/hybrid-pipeline/measurement/runs_current/large/cell_crops/tile_x2304_y12288/cells
2026-07-11 12:03:21,311 - hybrid_pipeline - INFO - Tile tile_x2304_y12288 完成: 核心擁有 56 細胞 (56 陽性), 3.26 秒
2026-07-11 12:03:21,436 - m3_module.m3_cells_generator - INFO - All-positive 標註完成: 34 個細胞
2026-07-11 12:03:21,475 - m3_module.m3_cells_generator - INFO - enlarge_cell_instances: 34 顆細胞, factor=1.50(面積), 中位半徑=26.1px, 外擴=5.9px
2026-07-11 12:03:21,475 - cellpose.transforms - INFO - processing image with (1024, 1024) HW, and 3 channels
2026-07-11 12:03:22,016 - hybrid_pipeline - INFO - [195/441] 處理 tile: tile_x2304_y13824
2026-07-11 12:03:22,041 - m3_module.m3_elastic_matching - INFO - elastic_dish_nucleus_matching(overlap-first): IHC=34, DISH=13, matched(1核)=12 (其中重疊=12), drop-out(競爭落敗)=5, 無候選(計入)=17, factor=1.50, min_reach=20.0
2026-07-11 12:03:22,107 - cellpose.transforms - INFO - processing image with (1024, 1024) HW, and 3 channels
2026-07-11 12:03:22,272 - m3_module.m3_dot_detection - INFO - detect_all_dots: 紅點=10, 黑點=21, 涉及細胞=34
2026-07-11 12:03:22,391 - m4_module.cell_crops - INFO - 匯出 16 張 per-cell 影像至 docs/hybrid-pipeline/measurement/runs_current/large/cell_crops/tile_x2304_y13056/cells
2026-07-11 12:03:22,391 - hybrid_pipeline - INFO - Tile tile_x2304_y13056 完成: 核心擁有 16 細胞 (16 陽性), 2.17 秒
2026-07-11 12:03:22,665 - m3_module.m3_cells_generator - INFO - All-positive 標註完成: 2 個細胞
2026-07-11 12:03:22,694 - m3_module.m3_cells_generator - INFO - enlarge_cell_instances: 2 顆細胞, factor=1.50(面積), 中位半徑=24.5px, 外擴=5.5px
2026-07-11 12:03:22,695 - cellpose.transforms - INFO - processing image with (1024, 1024) HW, and 3 channels
2026-07-11 12:03:23,264 - hybrid_pipeline - INFO - [196/441] 處理 tile: tile_x2304_y14592
2026-07-11 12:03:23,287 - m3_module.m3_elastic_matching - INFO - elastic_dish_nucleus_matching(overlap-first): IHC=2, DISH=2, matched(1核)=2 (其中重疊=2), drop-out(競爭落敗)=0, 無候選(計入)=0, factor=1.50, min_reach=20.0
2026-07-11 12:03:23,490 - m3_module.m3_dot_detection - INFO - detect_all_dots: 紅點=3, 黑點=2, 涉及細胞=2
2026-07-11 12:03:23,539 - m4_module.cell_crops - INFO - 匯出 0 張 per-cell 影像至 docs/hybrid-pipeline/measurement/runs_current/large/cell_crops/tile_x2304_y13824/cells
2026-07-11 12:03:23,539 - hybrid_pipeline - INFO - Tile tile_x2304_y13824 完成: 核心擁有 0 細胞 (0 陽性), 1.52 秒
2026-07-11 12:03:23,540 - hybrid_pipeline - INFO - [197/441] 處理 tile: tile_x2304_y1536
2026-07-11 12:03:23,567 - hybrid_pipeline - INFO - Tile tile_x2304_y14592: 核心遮罩全空 → 空白 placeholder
2026-07-11 12:03:23,612 - cellpose.transforms - INFO - processing image with (1024, 1024) HW, and 3 channels
2026-07-11 12:03:24,107 - m3_module.m3_cells_generator - INFO - All-positive 標註完成: 39 個細胞
2026-07-11 12:03:24,149 - m3_module.m3_cells_generator - INFO - enlarge_cell_instances: 39 顆細胞, factor=1.50(面積), 中位半徑=26.8px, 外擴=6.0px
2026-07-11 12:03:24,150 - cellpose.transforms - INFO - processing image with (1024, 1024) HW, and 3 channels
2026-07-11 12:03:24,702 - hybrid_pipeline - INFO - [198/441] 處理 tile: tile_x2304_y15360
2026-07-11 12:03:24,729 - m3_module.m3_elastic_matching - INFO - elastic_dish_nucleus_matching(overlap-first): IHC=39, DISH=33, matched(1核)=24 (其中重疊=24), drop-out(競爭落敗)=5, 無候選(計入)=10, factor=1.50, min_reach=20.0
2026-07-11 12:03:24,791 - cellpose.transforms - INFO - processing image with (1024, 1024) HW, and 3 channels
2026-07-11 12:03:25,196 - m3_module.m3_dot_detection - INFO - detect_all_dots: 紅點=28, 黑點=56, 涉及細胞=39
2026-07-11 12:03:25,438 - m4_module.cell_crops - INFO - 匯出 25 張 per-cell 影像至 docs/hybrid-pipeline/measurement/runs_current/large/cell_crops/tile_x2304_y1536/cells
2026-07-11 12:03:25,438 - hybrid_pipeline - INFO - Tile tile_x2304_y1536 完成: 核心擁有 25 細胞 (25 陽性), 1.90 秒
2026-07-11 12:03:25,599 - m3_module.m3_cells_generator - INFO - All-positive 標註完成: 14 個細胞
2026-07-11 12:03:25,641 - m3_module.m3_cells_generator - INFO - enlarge_cell_instances: 14 顆細胞, factor=1.50(面積), 中位半徑=28.4px, 外擴=6.4px
2026-07-11 12:03:25,642 - cellpose.transforms - INFO - processing image with (1024, 1024) HW, and 3 channels
2026-07-11 12:03:26,215 - hybrid_pipeline - INFO - [199/441] 處理 tile: tile_x2304_y2304
2026-07-11 12:03:26,239 - m3_module.m3_elastic_matching - INFO - elastic_dish_nucleus_matching(overlap-first): IHC=14, DISH=11, matched(1核)=8 (其中重疊=8), drop-out(競爭落敗)=1, 無候選(計入)=5, factor=1.50, min_reach=20.0
2026-07-11 12:03:26,310 - cellpose.transforms - INFO - processing image with (1024, 1024) HW, and 3 channels
2026-07-11 12:03:26,399 - m3_module.m3_dot_detection - INFO - detect_all_dots: 紅點=7, 黑點=14, 涉及細胞=14
2026-07-11 12:03:26,498 - m4_module.cell_crops - INFO - 匯出 5 張 per-cell 影像至 docs/hybrid-pipeline/measurement/runs_current/large/cell_crops/tile_x2304_y15360/cells
2026-07-11 12:03:26,498 - hybrid_pipeline - INFO - Tile tile_x2304_y15360 完成: 核心擁有 5 細胞 (5 陽性), 1.80 秒
2026-07-11 12:03:26,849 - m3_module.m3_cells_generator - INFO - All-positive 標註完成: 56 個細胞
2026-07-11 12:03:26,900 - m3_module.m3_cells_generator - INFO - enlarge_cell_instances: 56 顆細胞, factor=1.50(面積), 中位半徑=25.2px, 外擴=5.7px
2026-07-11 12:03:26,901 - cellpose.transforms - INFO - processing image with (1024, 1024) HW, and 3 channels
2026-07-11 12:03:27,463 - hybrid_pipeline - INFO - [200/441] 處理 tile: tile_x2304_y3072
2026-07-11 12:03:27,492 - m3_module.m3_elastic_matching - INFO - elastic_dish_nucleus_matching(overlap-first): IHC=56, DISH=52, matched(1核)=36 (其中重疊=35), drop-out(競爭落敗)=9, 無候選(計入)=11, factor=1.50, min_reach=20.0
2026-07-11 12:03:27,557 - cellpose.transforms - INFO - processing image with (1024, 1024) HW, and 3 channels
2026-07-11 12:03:28,036 - m3_module.m3_dot_detection - INFO - detect_all_dots: 紅點=40, 黑點=74, 涉及細胞=56
2026-07-11 12:03:28,331 - m4_module.cell_crops - INFO - 匯出 18 張 per-cell 影像至 docs/hybrid-pipeline/measurement/runs_current/large/cell_crops/tile_x2304_y2304/cells
2026-07-11 12:03:28,331 - hybrid_pipeline - INFO - Tile tile_x2304_y2304 完成: 核心擁有 18 細胞 (18 陽性), 2.12 秒
2026-07-11 12:03:28,483 - m3_module.m3_cells_generator - INFO - All-positive 標註完成: 45 個細胞
2026-07-11 12:03:28,526 - m3_module.m3_cells_generator - INFO - enlarge_cell_instances: 45 顆細胞, factor=1.50(面積), 中位半徑=28.4px, 外擴=6.4px
2026-07-11 12:03:28,527 - cellpose.transforms - INFO - processing image with (1024, 1024) HW, and 3 channels
2026-07-11 12:03:29,086 - hybrid_pipeline - INFO - [201/441] 處理 tile: tile_x2304_y3840
2026-07-11 12:03:29,113 - m3_module.m3_elastic_matching - INFO - elastic_dish_nucleus_matching(overlap-first): IHC=45, DISH=41, matched(1核)=28 (其中重疊=28), drop-out(競爭落敗)=6, 無候選(計入)=11, factor=1.50, min_reach=20.0
2026-07-11 12:03:29,175 - cellpose.transforms - INFO - processing image with (1024, 1024) HW, and 3 channels
2026-07-11 12:03:29,656 - m3_module.m3_dot_detection - INFO - detect_all_dots: 紅點=31, 黑點=62, 涉及細胞=45
2026-07-11 12:03:29,849 - m4_module.cell_crops - INFO - 匯出 20 張 per-cell 影像至 docs/hybrid-pipeline/measurement/runs_current/large/cell_crops/tile_x2304_y3072/cells
2026-07-11 12:03:29,849 - hybrid_pipeline - INFO - Tile tile_x2304_y3072 完成: 核心擁有 20 細胞 (20 陽性), 2.39 秒
2026-07-11 12:03:30,061 - m3_module.m3_cells_generator - INFO - All-positive 標註完成: 15 個細胞
2026-07-11 12:03:30,100 - m3_module.m3_cells_generator - INFO - enlarge_cell_instances: 15 顆細胞, factor=1.50(面積), 中位半徑=28.0px, 外擴=6.3px
2026-07-11 12:03:30,101 - cellpose.transforms - INFO - processing image with (1024, 1024) HW, and 3 channels
2026-07-11 12:03:30,684 - hybrid_pipeline - INFO - [202/441] 處理 tile: tile_x2304_y4608
2026-07-11 12:03:30,711 - m3_module.m3_elastic_matching - INFO - elastic_dish_nucleus_matching(overlap-first): IHC=15, DISH=13, matched(1核)=9 (其中重疊=9), drop-out(競爭落敗)=1, 無候選(計入)=5, factor=1.50, min_reach=20.0
2026-07-11 12:03:30,768 - cellpose.transforms - INFO - processing image with (1024, 1024) HW, and 3 channels
2026-07-11 12:03:30,918 - m3_module.m3_dot_detection - INFO - detect_all_dots: 紅點=8, 黑點=16, 涉及細胞=15
2026-07-11 12:03:31,029 - m4_module.cell_crops - INFO - 匯出 3 張 per-cell 影像至 docs/hybrid-pipeline/measurement/runs_current/large/cell_crops/tile_x2304_y3840/cells
2026-07-11 12:03:31,029 - hybrid_pipeline - INFO - Tile tile_x2304_y3840 完成: 核心擁有 3 細胞 (3 陽性), 1.94 秒
2026-07-11 12:03:31,353 - m3_module.m3_cells_generator - INFO - All-positive 標註完成: 44 個細胞
2026-07-11 12:03:31,395 - m3_module.m3_cells_generator - INFO - enlarge_cell_instances: 44 顆細胞, factor=1.50(面積), 中位半徑=29.8px, 外擴=6.7px
2026-07-11 12:03:31,396 - cellpose.transforms - INFO - processing image with (1024, 1024) HW, and 3 channels
2026-07-11 12:03:31,976 - hybrid_pipeline - INFO - [203/441] 處理 tile: tile_x2304_y5376
2026-07-11 12:03:32,002 - m3_module.m3_elastic_matching - INFO - elastic_dish_nucleus_matching(overlap-first): IHC=44, DISH=31, matched(1核)=26 (其中重疊=26), drop-out(競爭落敗)=3, 無候選(計入)=15, factor=1.50, min_reach=20.0
2026-07-11 12:03:32,072 - cellpose.transforms - INFO - processing image with (1024, 1024) HW, and 3 channels
2026-07-11 12:03:32,463 - m3_module.m3_dot_detection - INFO - detect_all_dots: 紅點=29, 黑點=45, 涉及細胞=44
2026-07-11 12:03:32,659 - m4_module.cell_crops - INFO - 匯出 36 張 per-cell 影像至 docs/hybrid-pipeline/measurement/runs_current/large/cell_crops/tile_x2304_y4608/cells
2026-07-11 12:03:32,659 - hybrid_pipeline - INFO - Tile tile_x2304_y4608 完成: 核心擁有 36 細胞 (36 陽性), 1.98 秒
2026-07-11 12:03:32,892 - m3_module.m3_cells_generator - INFO - All-positive 標註完成: 30 個細胞
2026-07-11 12:03:32,937 - m3_module.m3_cells_generator - INFO - enlarge_cell_instances: 30 顆細胞, factor=1.50(面積), 中位半徑=25.2px, 外擴=5.7px
2026-07-11 12:03:32,937 - cellpose.transforms - INFO - processing image with (1024, 1024) HW, and 3 channels
2026-07-11 12:03:33,499 - hybrid_pipeline - INFO - [204/441] 處理 tile: tile_x2304_y6144
2026-07-11 12:03:33,525 - m3_module.m3_elastic_matching - INFO - elastic_dish_nucleus_matching(overlap-first): IHC=30, DISH=21, matched(1核)=15 (其中重疊=15), drop-out(競爭落敗)=5, 無候選(計入)=10, factor=1.50, min_reach=20.0
2026-07-11 12:03:33,589 - cellpose.transforms - INFO - processing image with (1024, 1024) HW, and 3 channels
2026-07-11 12:03:33,889 - m3_module.m3_dot_detection - INFO - detect_all_dots: 紅點=27, 黑點=44, 涉及細胞=30
2026-07-11 12:03:34,020 - m4_module.cell_crops - INFO - 匯出 4 張 per-cell 影像至 docs/hybrid-pipeline/measurement/runs_current/large/cell_crops/tile_x2304_y5376/cells
2026-07-11 12:03:34,021 - hybrid_pipeline - INFO - Tile tile_x2304_y5376 完成: 核心擁有 4 細胞 (4 陽性), 2.04 秒
2026-07-11 12:03:34,297 - m3_module.m3_cells_generator - INFO - All-positive 標註完成: 36 個細胞
2026-07-11 12:03:34,346 - m3_module.m3_cells_generator - INFO - enlarge_cell_instances: 36 顆細胞, factor=1.50(面積), 中位半徑=29.8px, 外擴=6.7px
2026-07-11 12:03:34,346 - cellpose.transforms - INFO - processing image with (1024, 1024) HW, and 3 channels
2026-07-11 12:03:34,919 - hybrid_pipeline - INFO - [205/441] 處理 tile: tile_x2304_y6912
2026-07-11 12:03:34,945 - m3_module.m3_elastic_matching - INFO - elastic_dish_nucleus_matching(overlap-first): IHC=36, DISH=28, matched(1核)=23 (其中重疊=23), drop-out(競爭落敗)=5, 無候選(計入)=8, factor=1.50, min_reach=20.0
2026-07-11 12:03:35,018 - cellpose.transforms - INFO - processing image with (1024, 1024) HW, and 3 channels
2026-07-11 12:03:35,327 - m3_module.m3_dot_detection - INFO - detect_all_dots: 紅點=30, 黑點=59, 涉及細胞=36
2026-07-11 12:03:35,500 - m4_module.cell_crops - INFO - 匯出 12 張 per-cell 影像至 docs/hybrid-pipeline/measurement/runs_current/large/cell_crops/tile_x2304_y6144/cells
2026-07-11 12:03:35,500 - hybrid_pipeline - INFO - Tile tile_x2304_y6144 完成: 核心擁有 12 細胞 (12 陽性), 2.00 秒
2026-07-11 12:03:35,810 - m3_module.m3_cells_generator - INFO - All-positive 標註完成: 76 個細胞
2026-07-11 12:03:35,863 - m3_module.m3_cells_generator - INFO - enlarge_cell_instances: 76 顆細胞, factor=1.50(面積), 中位半徑=31.5px, 外擴=7.1px
2026-07-11 12:03:35,864 - cellpose.transforms - INFO - processing image with (1024, 1024) HW, and 3 channels
2026-07-11 12:03:36,435 - hybrid_pipeline - INFO - [206/441] 處理 tile: tile_x2304_y768
2026-07-11 12:03:36,469 - m3_module.m3_elastic_matching - INFO - elastic_dish_nucleus_matching(overlap-first): IHC=76, DISH=72, matched(1核)=55 (其中重疊=55), drop-out(競爭落敗)=14, 無候選(計入)=7, factor=1.50, min_reach=20.0
2026-07-11 12:03:36,531 - cellpose.transforms - INFO - processing image with (1024, 1024) HW, and 3 channels
2026-07-11 12:03:37,369 - m3_module.m3_dot_detection - INFO - detect_all_dots: 紅點=66, 黑點=114, 涉及細胞=76
2026-07-11 12:03:37,665 - m4_module.cell_crops - INFO - 匯出 54 張 per-cell 影像至 docs/hybrid-pipeline/measurement/runs_current/large/cell_crops/tile_x2304_y6912/cells
2026-07-11 12:03:37,665 - hybrid_pipeline - INFO - Tile tile_x2304_y6912 完成: 核心擁有 54 細胞 (54 陽性), 2.75 秒
2026-07-11 12:03:37,761 - m3_module.m3_cells_generator - INFO - All-positive 標註完成: 52 個細胞
2026-07-11 12:03:37,808 - m3_module.m3_cells_generator - INFO - enlarge_cell_instances: 52 顆細胞, factor=1.50(面積), 中位半徑=23.7px, 外擴=5.3px
2026-07-11 12:03:37,809 - cellpose.transforms - INFO - processing image with (1024, 1024) HW, and 3 channels
2026-07-11 12:03:38,365 - hybrid_pipeline - INFO - [207/441] 處理 tile: tile_x2304_y7680
2026-07-11 12:03:38,396 - m3_module.m3_elastic_matching - INFO - elastic_dish_nucleus_matching(overlap-first): IHC=52, DISH=48, matched(1核)=34 (其中重疊=34), drop-out(競爭落敗)=7, 無候選(計入)=11, factor=1.50, min_reach=20.0
2026-07-11 12:03:38,454 - cellpose.transforms - INFO - processing image with (1024, 1024) HW, and 3 channels
2026-07-11 12:03:38,959 - m3_module.m3_dot_detection - INFO - detect_all_dots: 紅點=34, 黑點=71, 涉及細胞=52
2026-07-11 12:03:39,172 - m4_module.cell_crops - INFO - 匯出 30 張 per-cell 影像至 docs/hybrid-pipeline/measurement/runs_current/large/cell_crops/tile_x2304_y768/cells
2026-07-11 12:03:39,173 - hybrid_pipeline - INFO - Tile tile_x2304_y768 完成: 核心擁有 30 細胞 (30 陽性), 2.74 秒
2026-07-11 12:03:39,368 - m3_module.m3_cells_generator - INFO - All-positive 標註完成: 37 個細胞
2026-07-11 12:03:39,411 - m3_module.m3_cells_generator - INFO - enlarge_cell_instances: 37 顆細胞, factor=1.50(面積), 中位半徑=34.9px, 外擴=7.8px
2026-07-11 12:03:39,411 - cellpose.transforms - INFO - processing image with (1024, 1024) HW, and 3 channels
2026-07-11 12:03:39,970 - hybrid_pipeline - INFO - [208/441] 處理 tile: tile_x2304_y8448
2026-07-11 12:03:39,997 - m3_module.m3_elastic_matching - INFO - elastic_dish_nucleus_matching(overlap-first): IHC=37, DISH=38, matched(1核)=28 (其中重疊=28), drop-out(競爭落敗)=4, 無候選(計入)=5, factor=1.50, min_reach=20.0
2026-07-11 12:03:40,065 - cellpose.transforms - INFO - processing image with (1024, 1024) HW, and 3 channels
2026-07-11 12:03:40,498 - m3_module.m3_dot_detection - INFO - detect_all_dots: 紅點=38, 黑點=56, 涉及細胞=37
2026-07-11 12:03:40,672 - m4_module.cell_crops - INFO - 匯出 15 張 per-cell 影像至 docs/hybrid-pipeline/measurement/runs_current/large/cell_crops/tile_x2304_y7680/cells
2026-07-11 12:03:40,673 - hybrid_pipeline - INFO - Tile tile_x2304_y7680 完成: 核心擁有 15 細胞 (15 陽性), 2.31 秒
2026-07-11 12:03:40,916 - m3_module.m3_cells_generator - INFO - All-positive 標註完成: 28 個細胞
2026-07-11 12:03:40,960 - m3_module.m3_cells_generator - INFO - enlarge_cell_instances: 28 顆細胞, factor=1.50(面積), 中位半徑=32.0px, 外擴=7.2px
2026-07-11 12:03:40,960 - cellpose.transforms - INFO - processing image with (1024, 1024) HW, and 3 channels
2026-07-11 12:03:41,524 - hybrid_pipeline - INFO - [209/441] 處理 tile: tile_x2304_y9216
2026-07-11 12:03:41,550 - m3_module.m3_elastic_matching - INFO - elastic_dish_nucleus_matching(overlap-first): IHC=28, DISH=22, matched(1核)=15 (其中重疊=15), drop-out(競爭落敗)=2, 無候選(計入)=11, factor=1.50, min_reach=20.0
2026-07-11 12:03:41,613 - cellpose.transforms - INFO - processing image with (1024, 1024) HW, and 3 channels
2026-07-11 12:03:41,797 - m3_module.m3_dot_detection - INFO - detect_all_dots: 紅點=15, 黑點=24, 涉及細胞=28
2026-07-11 12:03:41,952 - m4_module.cell_crops - INFO - 匯出 21 張 per-cell 影像至 docs/hybrid-pipeline/measurement/runs_current/large/cell_crops/tile_x2304_y8448/cells
2026-07-11 12:03:41,952 - hybrid_pipeline - INFO - Tile tile_x2304_y8448 完成: 核心擁有 21 細胞 (21 陽性), 1.98 秒
2026-07-11 12:03:42,230 - m3_module.m3_cells_generator - INFO - All-positive 標註完成: 57 個細胞
2026-07-11 12:03:42,285 - m3_module.m3_cells_generator - INFO - enlarge_cell_instances: 57 顆細胞, factor=1.50(面積), 中位半徑=30.9px, 外擴=6.9px
2026-07-11 12:03:42,286 - cellpose.transforms - INFO - processing image with (1024, 1024) HW, and 3 channels
2026-07-11 12:03:42,840 - hybrid_pipeline - INFO - [210/441] 處理 tile: tile_x2304_y9984
2026-07-11 12:03:42,867 - m3_module.m3_elastic_matching - INFO - elastic_dish_nucleus_matching(overlap-first): IHC=57, DISH=33, matched(1核)=27 (其中重疊=27), drop-out(競爭落敗)=13, 無候選(計入)=17, factor=1.50, min_reach=20.0
2026-07-11 12:03:42,933 - cellpose.transforms - INFO - processing image with (1024, 1024) HW, and 3 channels
2026-07-11 12:03:43,358 - m3_module.m3_dot_detection - INFO - detect_all_dots: 紅點=33, 黑點=58, 涉及細胞=57
2026-07-11 12:03:43,575 - m4_module.cell_crops - INFO - 匯出 19 張 per-cell 影像至 docs/hybrid-pipeline/measurement/runs_current/large/cell_crops/tile_x2304_y9216/cells
2026-07-11 12:03:43,576 - hybrid_pipeline - INFO - Tile tile_x2304_y9216 完成: 核心擁有 19 細胞 (19 陽性), 2.05 秒
2026-07-11 12:03:43,831 - m3_module.m3_cells_generator - INFO - All-positive 標註完成: 96 個細胞
2026-07-11 12:03:43,885 - m3_module.m3_cells_generator - INFO - enlarge_cell_instances: 96 顆細胞, factor=1.50(面積), 中位半徑=30.0px, 外擴=6.7px
2026-07-11 12:03:43,886 - cellpose.transforms - INFO - processing image with (1024, 1024) HW, and 3 channels
2026-07-11 12:03:44,444 - hybrid_pipeline - INFO - [211/441] 處理 tile: tile_x3072_y0
2026-07-11 12:03:44,476 - m3_module.m3_elastic_matching - INFO - elastic_dish_nucleus_matching(overlap-first): IHC=96, DISH=60, matched(1核)=51 (其中重疊=51), drop-out(競爭落敗)=25, 無候選(計入)=20, factor=1.50, min_reach=20.0
2026-07-11 12:03:44,541 - cellpose.transforms - INFO - processing image with (1024, 1024) HW, and 3 channels
2026-07-11 12:03:45,172 - m3_module.m3_dot_detection - INFO - detect_all_dots: 紅點=55, 黑點=86, 涉及細胞=96
2026-07-11 12:03:45,511 - m4_module.cell_crops - INFO - 匯出 51 張 per-cell 影像至 docs/hybrid-pipeline/measurement/runs_current/large/cell_crops/tile_x2304_y9984/cells
2026-07-11 12:03:45,511 - hybrid_pipeline - INFO - Tile tile_x2304_y9984 完成: 核心擁有 51 細胞 (51 陽性), 2.67 秒
2026-07-11 12:03:45,614 - m3_module.m3_cells_generator - INFO - All-positive 標註完成: 57 個細胞
2026-07-11 12:03:45,664 - m3_module.m3_cells_generator - INFO - enlarge_cell_instances: 57 顆細胞, factor=1.50(面積), 中位半徑=19.6px, 外擴=4.4px
2026-07-11 12:03:45,665 - cellpose.transforms - INFO - processing image with (1024, 1024) HW, and 3 channels
2026-07-11 12:03:46,225 - hybrid_pipeline - INFO - [212/441] 處理 tile: tile_x3072_y10752
2026-07-11 12:03:46,254 - m3_module.m3_elastic_matching - INFO - elastic_dish_nucleus_matching(overlap-first): IHC=57, DISH=50, matched(1核)=30 (其中重疊=30), drop-out(競爭落敗)=6, 無候選(計入)=21, factor=1.50, min_reach=20.0
2026-07-11 12:03:46,327 - cellpose.transforms - INFO - processing image with (1024, 1024) HW, and 3 channels
2026-07-11 12:03:46,651 - m3_module.m3_dot_detection - INFO - detect_all_dots: 紅點=46, 黑點=80, 涉及細胞=57
2026-07-11 12:03:46,886 - m4_module.cell_crops - INFO - 匯出 35 張 per-cell 影像至 docs/hybrid-pipeline/measurement/runs_current/large/cell_crops/tile_x3072_y0/cells
2026-07-11 12:03:46,886 - hybrid_pipeline - INFO - Tile tile_x3072_y0 完成: 核心擁有 35 細胞 (35 陽性), 2.44 秒
2026-07-11 12:03:47,080 - m3_module.m3_cells_generator - INFO - All-positive 標註完成: 42 個細胞
2026-07-11 12:03:47,129 - m3_module.m3_cells_generator - INFO - enlarge_cell_instances: 42 顆細胞, factor=1.50(面積), 中位半徑=32.0px, 外擴=7.2px
2026-07-11 12:03:47,129 - cellpose.transforms - INFO - processing image with (1024, 1024) HW, and 3 channels
2026-07-11 12:03:47,708 - hybrid_pipeline - INFO - [213/441] 處理 tile: tile_x3072_y11520
2026-07-11 12:03:47,732 - m3_module.m3_elastic_matching - INFO - elastic_dish_nucleus_matching(overlap-first): IHC=42, DISH=39, matched(1核)=27 (其中重疊=27), drop-out(競爭落敗)=8, 無候選(計入)=7, factor=1.50, min_reach=20.0
2026-07-11 12:03:47,803 - cellpose.transforms - INFO - processing image with (1024, 1024) HW, and 3 channels
2026-07-11 12:03:48,242 - m3_module.m3_dot_detection - INFO - detect_all_dots: 紅點=28, 黑點=61, 涉及細胞=42
2026-07-11 12:03:48,461 - m4_module.cell_crops - INFO - 匯出 30 張 per-cell 影像至 docs/hybrid-pipeline/measurement/runs_current/large/cell_crops/tile_x3072_y10752/cells
2026-07-11 12:03:48,461 - hybrid_pipeline - INFO - Tile tile_x3072_y10752 完成: 核心擁有 30 細胞 (30 陽性), 2.24 秒
2026-07-11 12:03:48,735 - m3_module.m3_cells_generator - INFO - All-positive 標註完成: 121 個細胞
2026-07-11 12:03:48,794 - m3_module.m3_cells_generator - INFO - enlarge_cell_instances: 121 顆細胞, factor=1.50(面積), 中位半徑=30.0px, 外擴=6.8px
2026-07-11 12:03:48,795 - cellpose.transforms - INFO - processing image with (1024, 1024) HW, and 3 channels
2026-07-11 12:03:49,370 - hybrid_pipeline - INFO - [214/441] 處理 tile: tile_x3072_y12288
2026-07-11 12:03:49,407 - m3_module.m3_elastic_matching - INFO - elastic_dish_nucleus_matching(overlap-first): IHC=121, DISH=66, matched(1核)=59 (其中重疊=59), drop-out(競爭落敗)=30, 無候選(計入)=32, factor=1.50, min_reach=20.0
2026-07-11 12:03:49,469 - cellpose.transforms - INFO - processing image with (1024, 1024) HW, and 3 channels
2026-07-11 12:03:50,370 - m3_module.m3_dot_detection - INFO - detect_all_dots: 紅點=74, 黑點=143, 涉及細胞=121
2026-07-11 12:03:50,693 - m4_module.cell_crops - INFO - 匯出 61 張 per-cell 影像至 docs/hybrid-pipeline/measurement/runs_current/large/cell_crops/tile_x3072_y11520/cells
2026-07-11 12:03:50,693 - hybrid_pipeline - INFO - Tile tile_x3072_y11520 完成: 核心擁有 61 細胞 (61 陽性), 2.98 秒
2026-07-11 12:03:50,986 - m3_module.m3_cells_generator - INFO - All-positive 標註完成: 168 個細胞
2026-07-11 12:03:51,047 - m3_module.m3_cells_generator - INFO - enlarge_cell_instances: 168 顆細胞, factor=1.50(面積), 中位半徑=29.5px, 外擴=6.6px
2026-07-11 12:03:51,047 - cellpose.transforms - INFO - processing image with (1024, 1024) HW, and 3 channels
2026-07-11 12:03:51,618 - hybrid_pipeline - INFO - [215/441] 處理 tile: tile_x3072_y13056
2026-07-11 12:03:51,654 - m3_module.m3_elastic_matching - INFO - elastic_dish_nucleus_matching(overlap-first): IHC=168, DISH=103, matched(1核)=94 (其中重疊=94), drop-out(競爭落敗)=35, 無候選(計入)=39, factor=1.50, min_reach=20.0
2026-07-11 12:03:51,701 - cellpose.transforms - INFO - processing image with (1024, 1024) HW, and 3 channels
2026-07-11 12:03:52,916 - m3_module.m3_dot_detection - INFO - detect_all_dots: 紅點=107, 黑點=183, 涉及細胞=168
2026-07-11 12:03:53,403 - m4_module.cell_crops - INFO - 匯出 88 張 per-cell 影像至 docs/hybrid-pipeline/measurement/runs_current/large/cell_crops/tile_x3072_y12288/cells
2026-07-11 12:03:53,403 - hybrid_pipeline - INFO - Tile tile_x3072_y12288 完成: 核心擁有 88 細胞 (88 陽性), 4.03 秒
2026-07-11 12:03:53,417 - m3_module.m3_cells_generator - INFO - All-positive 標註完成: 149 個細胞
2026-07-11 12:03:53,473 - m3_module.m3_cells_generator - INFO - enlarge_cell_instances: 149 顆細胞, factor=1.50(面積), 中位半徑=29.5px, 外擴=6.6px
2026-07-11 12:03:53,474 - cellpose.transforms - INFO - processing image with (1024, 1024) HW, and 3 channels
2026-07-11 12:03:54,037 - hybrid_pipeline - INFO - [216/441] 處理 tile: tile_x3072_y13824
2026-07-11 12:03:54,071 - m3_module.m3_elastic_matching - INFO - elastic_dish_nucleus_matching(overlap-first): IHC=149, DISH=85, matched(1核)=79 (其中重疊=79), drop-out(競爭落敗)=40, 無候選(計入)=30, factor=1.50, min_reach=20.0
2026-07-11 12:03:54,133 - cellpose.transforms - INFO - processing image with (1024, 1024) HW, and 3 channels
2026-07-11 12:03:55,176 - m3_module.m3_dot_detection - INFO - detect_all_dots: 紅點=84, 黑點=142, 涉及細胞=149
2026-07-11 12:03:55,593 - m4_module.cell_crops - INFO - 匯出 89 張 per-cell 影像至 docs/hybrid-pipeline/measurement/runs_current/large/cell_crops/tile_x3072_y13056/cells
2026-07-11 12:03:55,593 - hybrid_pipeline - INFO - Tile tile_x3072_y13056 完成: 核心擁有 89 細胞 (89 陽性), 3.97 秒
2026-07-11 12:03:55,620 - m3_module.m3_cells_generator - INFO - All-positive 標註完成: 76 個細胞
2026-07-11 12:03:55,666 - m3_module.m3_cells_generator - INFO - enlarge_cell_instances: 76 顆細胞, factor=1.50(面積), 中位半徑=27.8px, 外擴=6.3px
2026-07-11 12:03:55,666 - cellpose.transforms - INFO - processing image with (1024, 1024) HW, and 3 channels
2026-07-11 12:03:56,229 - hybrid_pipeline - INFO - [217/441] 處理 tile: tile_x3072_y14592
2026-07-11 12:03:56,262 - m3_module.m3_elastic_matching - INFO - elastic_dish_nucleus_matching(overlap-first): IHC=76, DISH=47, matched(1核)=39 (其中重疊=38), drop-out(競爭落敗)=23, 無候選(計入)=14, factor=1.50, min_reach=20.0
2026-07-11 12:03:56,331 - cellpose.transforms - INFO - processing image with (1024, 1024) HW, and 3 channels
2026-07-11 12:03:56,788 - m3_module.m3_dot_detection - INFO - detect_all_dots: 紅點=49, 黑點=79, 涉及細胞=76
2026-07-11 12:03:57,029 - m4_module.cell_crops - INFO - 匯出 35 張 per-cell 影像至 docs/hybrid-pipeline/measurement/runs_current/large/cell_crops/tile_x3072_y13824/cells
2026-07-11 12:03:57,029 - hybrid_pipeline - INFO - Tile tile_x3072_y13824 完成: 核心擁有 35 細胞 (35 陽性), 2.99 秒
2026-07-11 12:03:57,220 - m3_module.m3_cells_generator - INFO - All-positive 標註完成: 20 個細胞
2026-07-11 12:03:57,255 - m3_module.m3_cells_generator - INFO - enlarge_cell_instances: 20 顆細胞, factor=1.50(面積), 中位半徑=31.5px, 外擴=7.1px
2026-07-11 12:03:57,255 - cellpose.transforms - INFO - processing image with (1024, 1024) HW, and 3 channels
2026-07-11 12:03:57,816 - hybrid_pipeline - INFO - [218/441] 處理 tile: tile_x3072_y1536
2026-07-11 12:03:57,841 - m3_module.m3_elastic_matching - INFO - elastic_dish_nucleus_matching(overlap-first): IHC=20, DISH=17, matched(1核)=14 (其中重疊=14), drop-out(競爭落敗)=2, 無候選(計入)=4, factor=1.50, min_reach=20.0
2026-07-11 12:03:57,906 - cellpose.transforms - INFO - processing image with (1024, 1024) HW, and 3 channels
2026-07-11 12:03:58,113 - m3_module.m3_dot_detection - INFO - detect_all_dots: 紅點=21, 黑點=32, 涉及細胞=20
2026-07-11 12:03:58,225 - m4_module.cell_crops - INFO - 匯出 6 張 per-cell 影像至 docs/hybrid-pipeline/measurement/runs_current/large/cell_crops/tile_x3072_y14592/cells
2026-07-11 12:03:58,225 - hybrid_pipeline - INFO - Tile tile_x3072_y14592 完成: 核心擁有 6 細胞 (6 陽性), 2.00 秒
2026-07-11 12:03:58,548 - m3_module.m3_cells_generator - INFO - All-positive 標註完成: 76 個細胞
2026-07-11 12:03:58,597 - m3_module.m3_cells_generator - INFO - enlarge_cell_instances: 76 顆細胞, factor=1.50(面積), 中位半徑=21.2px, 外擴=4.8px
2026-07-11 12:03:58,597 - cellpose.transforms - INFO - processing image with (1024, 1024) HW, and 3 channels
2026-07-11 12:03:59,166 - hybrid_pipeline - INFO - [219/441] 處理 tile: tile_x3072_y15360
2026-07-11 12:03:59,195 - m3_module.m3_elastic_matching - INFO - elastic_dish_nucleus_matching(overlap-first): IHC=76, DISH=88, matched(1核)=51 (其中重疊=51), drop-out(競爭落敗)=8, 無候選(計入)=17, factor=1.50, min_reach=20.0
2026-07-11 12:03:59,257 - cellpose.transforms - INFO - processing image with (1024, 1024) HW, and 3 channels
2026-07-11 12:04:00,042 - m3_module.m3_dot_detection - INFO - detect_all_dots: 紅點=57, 黑點=121, 涉及細胞=76
2026-07-11 12:04:00,352 - m4_module.cell_crops - INFO - 匯出 46 張 per-cell 影像至 docs/hybrid-pipeline/measurement/runs_current/large/cell_crops/tile_x3072_y1536/cells
2026-07-11 12:04:00,352 - hybrid_pipeline - INFO - Tile tile_x3072_y1536 完成: 核心擁有 46 細胞 (46 陽性), 2.54 秒
2026-07-11 12:04:00,432 - m3_module.m3_cells_generator - INFO - All-positive 標註完成: 7 個細胞
2026-07-11 12:04:00,465 - m3_module.m3_cells_generator - INFO - enlarge_cell_instances: 7 顆細胞, factor=1.50(面積), 中位半徑=36.2px, 外擴=8.1px
2026-07-11 12:04:00,466 - cellpose.transforms - INFO - processing image with (1024, 1024) HW, and 3 channels
2026-07-11 12:04:01,030 - hybrid_pipeline - INFO - [220/441] 處理 tile: tile_x3072_y2304
2026-07-11 12:04:01,052 - m3_module.m3_elastic_matching - INFO - elastic_dish_nucleus_matching(overlap-first): IHC=7, DISH=3, matched(1核)=1 (其中重疊=1), drop-out(競爭落敗)=1, 無候選(計入)=5, factor=1.50, min_reach=20.0
2026-07-11 12:04:01,119 - cellpose.transforms - INFO - processing image with (1024, 1024) HW, and 3 channels
2026-07-11 12:04:01,174 - m3_module.m3_dot_detection - INFO - detect_all_dots: 紅點=5, 黑點=7, 涉及細胞=7
2026-07-11 12:04:01,254 - m4_module.cell_crops - INFO - 匯出 6 張 per-cell 影像至 docs/hybrid-pipeline/measurement/runs_current/large/cell_crops/tile_x3072_y15360/cells
2026-07-11 12:04:01,254 - hybrid_pipeline - INFO - Tile tile_x3072_y15360 完成: 核心擁有 6 細胞 (6 陽性), 2.09 秒
2026-07-11 12:04:01,610 - m3_module.m3_cells_generator - INFO - All-positive 標註完成: 48 個細胞
2026-07-11 12:04:01,655 - m3_module.m3_cells_generator - INFO - enlarge_cell_instances: 48 顆細胞, factor=1.50(面積), 中位半徑=25.5px, 外擴=5.7px
2026-07-11 12:04:01,656 - cellpose.transforms - INFO - processing image with (1024, 1024) HW, and 3 channels
2026-07-11 12:04:02,220 - hybrid_pipeline - INFO - [221/441] 處理 tile: tile_x3072_y3072
2026-07-11 12:04:02,247 - m3_module.m3_elastic_matching - INFO - elastic_dish_nucleus_matching(overlap-first): IHC=48, DISH=46, matched(1核)=30 (其中重疊=30), drop-out(競爭落敗)=9, 無候選(計入)=9, factor=1.50, min_reach=20.0
2026-07-11 12:04:02,316 - cellpose.transforms - INFO - processing image with (1024, 1024) HW, and 3 channels
2026-07-11 12:04:02,774 - m3_module.m3_dot_detection - INFO - detect_all_dots: 紅點=37, 黑點=70, 涉及細胞=48
2026-07-11 12:04:02,990 - m4_module.cell_crops - INFO - 匯出 29 張 per-cell 影像至 docs/hybrid-pipeline/measurement/runs_current/large/cell_crops/tile_x3072_y2304/cells
2026-07-11 12:04:02,990 - hybrid_pipeline - INFO - Tile tile_x3072_y2304 完成: 核心擁有 29 細胞 (29 陽性), 1.96 秒
2026-07-11 12:04:03,228 - m3_module.m3_cells_generator - INFO - All-positive 標註完成: 70 個細胞
2026-07-11 12:04:03,276 - m3_module.m3_cells_generator - INFO - enlarge_cell_instances: 70 顆細胞, factor=1.50(面積), 中位半徑=29.3px, 外擴=6.6px
2026-07-11 12:04:03,276 - cellpose.transforms - INFO - processing image with (1024, 1024) HW, and 3 channels
2026-07-11 12:04:03,834 - hybrid_pipeline - INFO - [222/441] 處理 tile: tile_x3072_y3840
2026-07-11 12:04:03,867 - m3_module.m3_elastic_matching - INFO - elastic_dish_nucleus_matching(overlap-first): IHC=70, DISH=53, matched(1核)=39 (其中重疊=39), drop-out(競爭落敗)=16, 無候選(計入)=15, factor=1.50, min_reach=20.0
2026-07-11 12:04:03,912 - cellpose.transforms - INFO - processing image with (1024, 1024) HW, and 3 channels
2026-07-11 12:04:04,501 - m3_module.m3_dot_detection - INFO - detect_all_dots: 紅點=49, 黑點=99, 涉及細胞=70
2026-07-11 12:04:04,749 - m4_module.cell_crops - INFO - 匯出 53 張 per-cell 影像至 docs/hybrid-pipeline/measurement/runs_current/large/cell_crops/tile_x3072_y3072/cells
2026-07-11 12:04:04,749 - hybrid_pipeline - INFO - Tile tile_x3072_y3072 完成: 核心擁有 53 細胞 (53 陽性), 2.53 秒
2026-07-11 12:04:04,934 - m3_module.m3_cells_generator - INFO - All-positive 標註完成: 78 個細胞
2026-07-11 12:04:04,981 - m3_module.m3_cells_generator - INFO - enlarge_cell_instances: 78 顆細胞, factor=1.50(面積), 中位半徑=28.9px, 外擴=6.5px
2026-07-11 12:04:04,981 - cellpose.transforms - INFO - processing image with (1024, 1024) HW, and 3 channels
2026-07-11 12:04:05,550 - hybrid_pipeline - INFO - [223/441] 處理 tile: tile_x3072_y4608
2026-07-11 12:04:05,578 - m3_module.m3_elastic_matching - INFO - elastic_dish_nucleus_matching(overlap-first): IHC=78, DISH=54, matched(1核)=47 (其中重疊=47), drop-out(競爭落敗)=15, 無候選(計入)=16, factor=1.50, min_reach=20.0
2026-07-11 12:04:05,646 - cellpose.transforms - INFO - processing image with (1024, 1024) HW, and 3 channels
2026-07-11 12:04:06,467 - m3_module.m3_dot_detection - INFO - detect_all_dots: 紅點=63, 黑點=120, 涉及細胞=78
2026-07-11 12:04:06,771 - m4_module.cell_crops - INFO - 匯出 53 張 per-cell 影像至 docs/hybrid-pipeline/measurement/runs_current/large/cell_crops/tile_x3072_y3840/cells
2026-07-11 12:04:06,771 - hybrid_pipeline - INFO - Tile tile_x3072_y3840 完成: 核心擁有 53 細胞 (53 陽性), 2.94 秒
2026-07-11 12:04:06,914 - m3_module.m3_cells_generator - INFO - All-positive 標註完成: 51 個細胞
2026-07-11 12:04:06,956 - m3_module.m3_cells_generator - INFO - enlarge_cell_instances: 51 顆細胞, factor=1.50(面積), 中位半徑=28.7px, 外擴=6.5px
2026-07-11 12:04:06,957 - cellpose.transforms - INFO - processing image with (1024, 1024) HW, and 3 channels
2026-07-11 12:04:07,525 - hybrid_pipeline - INFO - [224/441] 處理 tile: tile_x3072_y5376
2026-07-11 12:04:07,555 - m3_module.m3_elastic_matching - INFO - elastic_dish_nucleus_matching(overlap-first): IHC=51, DISH=41, matched(1核)=32 (其中重疊=32), drop-out(競爭落敗)=10, 無候選(計入)=9, factor=1.50, min_reach=20.0
2026-07-11 12:04:07,620 - cellpose.transforms - INFO - processing image with (1024, 1024) HW, and 3 channels
2026-07-11 12:04:08,153 - m3_module.m3_dot_detection - INFO - detect_all_dots: 紅點=35, 黑點=79, 涉及細胞=51
2026-07-11 12:04:08,374 - m4_module.cell_crops - INFO - 匯出 26 張 per-cell 影像至 docs/hybrid-pipeline/measurement/runs_current/large/cell_crops/tile_x3072_y4608/cells
2026-07-11 12:04:08,374 - hybrid_pipeline - INFO - Tile tile_x3072_y4608 完成: 核心擁有 26 細胞 (26 陽性), 2.82 秒
2026-07-11 12:04:08,570 - m3_module.m3_cells_generator - INFO - All-positive 標註完成: 46 個細胞
2026-07-11 12:04:08,618 - m3_module.m3_cells_generator - INFO - enlarge_cell_instances: 46 顆細胞, factor=1.50(面積), 中位半徑=25.6px, 外擴=5.8px
2026-07-11 12:04:08,619 - cellpose.transforms - INFO - processing image with (1024, 1024) HW, and 3 channels
2026-07-11 12:04:09,172 - hybrid_pipeline - INFO - [225/441] 處理 tile: tile_x3072_y6144
2026-07-11 12:04:09,200 - m3_module.m3_elastic_matching - INFO - elastic_dish_nucleus_matching(overlap-first): IHC=46, DISH=26, matched(1核)=20 (其中重疊=20), drop-out(競爭落敗)=11, 無候選(計入)=15, factor=1.50, min_reach=20.0
2026-07-11 12:04:09,267 - cellpose.transforms - INFO - processing image with (1024, 1024) HW, and 3 channels
2026-07-11 12:04:09,564 - m3_module.m3_dot_detection - INFO - detect_all_dots: 紅點=22, 黑點=49, 涉及細胞=46
2026-07-11 12:04:09,754 - m4_module.cell_crops - INFO - 匯出 11 張 per-cell 影像至 docs/hybrid-pipeline/measurement/runs_current/large/cell_crops/tile_x3072_y5376/cells
2026-07-11 12:04:09,754 - hybrid_pipeline - INFO - Tile tile_x3072_y5376 完成: 核心擁有 11 細胞 (11 陽性), 2.23 秒
2026-07-11 12:04:10,028 - m3_module.m3_cells_generator - INFO - All-positive 標註完成: 74 個細胞
2026-07-11 12:04:10,079 - m3_module.m3_cells_generator - INFO - enlarge_cell_instances: 74 顆細胞, factor=1.50(面積), 中位半徑=30.0px, 外擴=6.8px
2026-07-11 12:04:10,079 - cellpose.transforms - INFO - processing image with (1024, 1024) HW, and 3 channels
2026-07-11 12:04:10,642 - hybrid_pipeline - INFO - [226/441] 處理 tile: tile_x3072_y6912
2026-07-11 12:04:10,668 - m3_module.m3_elastic_matching - INFO - elastic_dish_nucleus_matching(overlap-first): IHC=74, DISH=48, matched(1核)=42 (其中重疊=41), drop-out(競爭落敗)=13, 無候選(計入)=19, factor=1.50, min_reach=20.0
2026-07-11 12:04:10,736 - cellpose.transforms - INFO - processing image with (1024, 1024) HW, and 3 channels
2026-07-11 12:04:11,292 - m3_module.m3_dot_detection - INFO - detect_all_dots: 紅點=47, 黑點=83, 涉及細胞=74
2026-07-11 12:04:11,577 - m4_module.cell_crops - INFO - 匯出 55 張 per-cell 影像至 docs/hybrid-pipeline/measurement/runs_current/large/cell_crops/tile_x3072_y6144/cells
2026-07-11 12:04:11,577 - hybrid_pipeline - INFO - Tile tile_x3072_y6144 完成: 核心擁有 55 細胞 (55 陽性), 2.41 秒
2026-07-11 12:04:11,724 - m3_module.m3_cells_generator - INFO - All-positive 標註完成: 40 個細胞
2026-07-11 12:04:11,772 - m3_module.m3_cells_generator - INFO - enlarge_cell_instances: 40 顆細胞, factor=1.50(面積), 中位半徑=29.4px, 外擴=6.6px
2026-07-11 12:04:11,772 - cellpose.transforms - INFO - processing image with (1024, 1024) HW, and 3 channels
2026-07-11 12:04:12,330 - hybrid_pipeline - INFO - [227/441] 處理 tile: tile_x3072_y768
2026-07-11 12:04:12,360 - m3_module.m3_elastic_matching - INFO - elastic_dish_nucleus_matching(overlap-first): IHC=40, DISH=36, matched(1核)=24 (其中重疊=24), drop-out(競爭落敗)=3, 無候選(計入)=13, factor=1.50, min_reach=20.0
2026-07-11 12:04:12,429 - cellpose.transforms - INFO - processing image with (1024, 1024) HW, and 3 channels
2026-07-11 12:04:12,872 - m3_module.m3_dot_detection - INFO - detect_all_dots: 紅點=34, 黑點=57, 涉及細胞=40
2026-07-11 12:04:13,077 - m4_module.cell_crops - INFO - 匯出 15 張 per-cell 影像至 docs/hybrid-pipeline/measurement/runs_current/large/cell_crops/tile_x3072_y6912/cells
2026-07-11 12:04:13,077 - hybrid_pipeline - INFO - Tile tile_x3072_y6912 完成: 核心擁有 15 細胞 (15 陽性), 2.43 秒
2026-07-11 12:04:13,312 - m3_module.m3_cells_generator - INFO - All-positive 標註完成: 71 個細胞
2026-07-11 12:04:13,364 - m3_module.m3_cells_generator - INFO - enlarge_cell_instances: 71 顆細胞, factor=1.50(面積), 中位半徑=22.6px, 外擴=5.1px
2026-07-11 12:04:13,365 - cellpose.transforms - INFO - processing image with (1024, 1024) HW, and 3 channels
2026-07-11 12:04:13,934 - hybrid_pipeline - INFO - [228/441] 處理 tile: tile_x3072_y7680
2026-07-11 12:04:13,964 - m3_module.m3_elastic_matching - INFO - elastic_dish_nucleus_matching(overlap-first): IHC=71, DISH=70, matched(1核)=48 (其中重疊=48), drop-out(競爭落敗)=6, 無候選(計入)=17, factor=1.50, min_reach=20.0
2026-07-11 12:04:14,033 - cellpose.transforms - INFO - processing image with (1024, 1024) HW, and 3 channels
2026-07-11 12:04:14,808 - m3_module.m3_dot_detection - INFO - detect_all_dots: 紅點=63, 黑點=122, 涉及細胞=71
2026-07-11 12:04:15,075 - m4_module.cell_crops - INFO - 匯出 43 張 per-cell 影像至 docs/hybrid-pipeline/measurement/runs_current/large/cell_crops/tile_x3072_y768/cells
2026-07-11 12:04:15,075 - hybrid_pipeline - INFO - Tile tile_x3072_y768 完成: 核心擁有 43 細胞 (43 陽性), 2.74 秒
2026-07-11 12:04:15,256 - m3_module.m3_cells_generator - INFO - All-positive 標註完成: 63 個細胞
2026-07-11 12:04:15,304 - m3_module.m3_cells_generator - INFO - enlarge_cell_instances: 63 顆細胞, factor=1.50(面積), 中位半徑=32.8px, 外擴=7.4px
2026-07-11 12:04:15,304 - cellpose.transforms - INFO - processing image with (1024, 1024) HW, and 3 channels
2026-07-11 12:04:15,869 - hybrid_pipeline - INFO - [229/441] 處理 tile: tile_x3072_y8448
2026-07-11 12:04:15,904 - m3_module.m3_elastic_matching - INFO - elastic_dish_nucleus_matching(overlap-first): IHC=63, DISH=69, matched(1核)=47 (其中重疊=47), drop-out(競爭落敗)=5, 無候選(計入)=11, factor=1.50, min_reach=20.0
2026-07-11 12:04:15,963 - cellpose.transforms - INFO - processing image with (1024, 1024) HW, and 3 channels
2026-07-11 12:04:16,559 - m3_module.m3_dot_detection - INFO - detect_all_dots: 紅點=42, 黑點=78, 涉及細胞=63
2026-07-11 12:04:16,845 - m4_module.cell_crops - INFO - 匯出 25 張 per-cell 影像至 docs/hybrid-pipeline/measurement/runs_current/large/cell_crops/tile_x3072_y7680/cells
2026-07-11 12:04:16,845 - hybrid_pipeline - INFO - Tile tile_x3072_y7680 完成: 核心擁有 25 細胞 (25 陽性), 2.91 秒
2026-07-11 12:04:16,993 - m3_module.m3_cells_generator - INFO - All-positive 標註完成: 61 個細胞
2026-07-11 12:04:17,038 - m3_module.m3_cells_generator - INFO - enlarge_cell_instances: 61 顆細胞, factor=1.50(面積), 中位半徑=32.2px, 外擴=7.2px
2026-07-11 12:04:17,039 - cellpose.transforms - INFO - processing image with (1024, 1024) HW, and 3 channels
2026-07-11 12:04:17,587 - hybrid_pipeline - INFO - [230/441] 處理 tile: tile_x3072_y9216
2026-07-11 12:04:17,618 - m3_module.m3_elastic_matching - INFO - elastic_dish_nucleus_matching(overlap-first): IHC=61, DISH=42, matched(1核)=36 (其中重疊=36), drop-out(競爭落敗)=13, 無候選(計入)=12, factor=1.50, min_reach=20.0
2026-07-11 12:04:17,682 - cellpose.transforms - INFO - processing image with (1024, 1024) HW, and 3 channels
2026-07-11 12:04:18,041 - m3_module.m3_dot_detection - INFO - detect_all_dots: 紅點=25, 黑點=64, 涉及細胞=61
2026-07-11 12:04:18,274 - m4_module.cell_crops - INFO - 匯出 30 張 per-cell 影像至 docs/hybrid-pipeline/measurement/runs_current/large/cell_crops/tile_x3072_y8448/cells
2026-07-11 12:04:18,274 - hybrid_pipeline - INFO - Tile tile_x3072_y8448 完成: 核心擁有 30 細胞 (30 陽性), 2.40 秒
2026-07-11 12:04:18,457 - m3_module.m3_cells_generator - INFO - All-positive 標註完成: 26 個細胞
2026-07-11 12:04:18,497 - m3_module.m3_cells_generator - INFO - enlarge_cell_instances: 26 顆細胞, factor=1.50(面積), 中位半徑=26.8px, 外擴=6.0px
2026-07-11 12:04:18,497 - cellpose.transforms - INFO - processing image with (1024, 1024) HW, and 3 channels
2026-07-11 12:04:19,055 - hybrid_pipeline - INFO - [231/441] 處理 tile: tile_x3072_y9984
2026-07-11 12:04:19,080 - m3_module.m3_elastic_matching - INFO - elastic_dish_nucleus_matching(overlap-first): IHC=26, DISH=16, matched(1核)=13 (其中重疊=13), drop-out(競爭落敗)=2, 無候選(計入)=11, factor=1.50, min_reach=20.0
2026-07-11 12:04:19,146 - cellpose.transforms - INFO - processing image with (1024, 1024) HW, and 3 channels
2026-07-11 12:04:19,304 - m3_module.m3_dot_detection - INFO - detect_all_dots: 紅點=15, 黑點=28, 涉及細胞=26
2026-07-11 12:04:19,417 - m4_module.cell_crops - INFO - 匯出 3 張 per-cell 影像至 docs/hybrid-pipeline/measurement/runs_current/large/cell_crops/tile_x3072_y9216/cells
2026-07-11 12:04:19,417 - hybrid_pipeline - INFO - Tile tile_x3072_y9216 完成: 核心擁有 3 細胞 (3 陽性), 1.83 秒
2026-07-11 12:04:19,738 - m3_module.m3_cells_generator - INFO - All-positive 標註完成: 62 個細胞
2026-07-11 12:04:19,792 - m3_module.m3_cells_generator - INFO - enlarge_cell_instances: 62 顆細胞, factor=1.50(面積), 中位半徑=31.7px, 外擴=7.1px
2026-07-11 12:04:19,792 - cellpose.transforms - INFO - processing image with (1024, 1024) HW, and 3 channels
2026-07-11 12:04:20,364 - hybrid_pipeline - INFO - [232/441] 處理 tile: tile_x3840_y0
2026-07-11 12:04:20,391 - m3_module.m3_elastic_matching - INFO - elastic_dish_nucleus_matching(overlap-first): IHC=62, DISH=54, matched(1核)=39 (其中重疊=39), drop-out(競爭落敗)=13, 無候選(計入)=10, factor=1.50, min_reach=20.0
2026-07-11 12:04:20,455 - cellpose.transforms - INFO - processing image with (1024, 1024) HW, and 3 channels
2026-07-11 12:04:21,191 - m3_module.m3_dot_detection - INFO - detect_all_dots: 紅點=70, 黑點=118, 涉及細胞=62
2026-07-11 12:04:21,498 - m4_module.cell_crops - INFO - 匯出 41 張 per-cell 影像至 docs/hybrid-pipeline/measurement/runs_current/large/cell_crops/tile_x3072_y9984/cells
2026-07-11 12:04:21,498 - hybrid_pipeline - INFO - Tile tile_x3072_y9984 完成: 核心擁有 41 細胞 (41 陽性), 2.44 秒
2026-07-11 12:04:21,650 - m3_module.m3_cells_generator - INFO - All-positive 標註完成: 73 個細胞
2026-07-11 12:04:21,704 - m3_module.m3_cells_generator - INFO - enlarge_cell_instances: 73 顆細胞, factor=1.50(面積), 中位半徑=22.1px, 外擴=5.0px
2026-07-11 12:04:21,704 - cellpose.transforms - INFO - processing image with (1024, 1024) HW, and 3 channels
2026-07-11 12:04:22,274 - hybrid_pipeline - INFO - [233/441] 處理 tile: tile_x3840_y10752
2026-07-11 12:04:22,305 - m3_module.m3_elastic_matching - INFO - elastic_dish_nucleus_matching(overlap-first): IHC=73, DISH=68, matched(1核)=44 (其中重疊=44), drop-out(競爭落敗)=8, 無候選(計入)=21, factor=1.50, min_reach=20.0
2026-07-11 12:04:22,374 - cellpose.transforms - INFO - processing image with (1024, 1024) HW, and 3 channels
2026-07-11 12:04:23,069 - m3_module.m3_dot_detection - INFO - detect_all_dots: 紅點=55, 黑點=110, 涉及細胞=73
2026-07-11 12:04:23,386 - m4_module.cell_crops - INFO - 匯出 37 張 per-cell 影像至 docs/hybrid-pipeline/measurement/runs_current/large/cell_crops/tile_x3840_y0/cells
2026-07-11 12:04:23,386 - hybrid_pipeline - INFO - Tile tile_x3840_y0 完成: 核心擁有 37 細胞 (37 陽性), 3.02 秒
2026-07-11 12:04:23,496 - m3_module.m3_cells_generator - INFO - All-positive 標註完成: 55 個細胞
2026-07-11 12:04:23,548 - m3_module.m3_cells_generator - INFO - enlarge_cell_instances: 55 顆細胞, factor=1.50(面積), 中位半徑=30.7px, 外擴=6.9px
2026-07-11 12:04:23,548 - cellpose.transforms - INFO - processing image with (1024, 1024) HW, and 3 channels
2026-07-11 12:04:24,112 - hybrid_pipeline - INFO - [234/441] 處理 tile: tile_x3840_y11520
2026-07-11 12:04:24,139 - m3_module.m3_elastic_matching - INFO - elastic_dish_nucleus_matching(overlap-first): IHC=55, DISH=43, matched(1核)=32 (其中重疊=32), drop-out(競爭落敗)=12, 無候選(計入)=11, factor=1.50, min_reach=20.0
2026-07-11 12:04:24,207 - cellpose.transforms - INFO - processing image with (1024, 1024) HW, and 3 channels
2026-07-11 12:04:24,764 - m3_module.m3_dot_detection - INFO - detect_all_dots: 紅點=36, 黑點=75, 涉及細胞=55
2026-07-11 12:04:24,969 - m4_module.cell_crops - INFO - 匯出 25 張 per-cell 影像至 docs/hybrid-pipeline/measurement/runs_current/large/cell_crops/tile_x3840_y10752/cells
2026-07-11 12:04:24,969 - hybrid_pipeline - INFO - Tile tile_x3840_y10752 完成: 核心擁有 25 細胞 (25 陽性), 2.69 秒
2026-07-11 12:04:25,277 - m3_module.m3_cells_generator - INFO - All-positive 標註完成: 124 個細胞
2026-07-11 12:04:25,338 - m3_module.m3_cells_generator - INFO - enlarge_cell_instances: 124 顆細胞, factor=1.50(面積), 中位半徑=30.0px, 外擴=6.8px
2026-07-11 12:04:25,339 - cellpose.transforms - INFO - processing image with (1024, 1024) HW, and 3 channels
2026-07-11 12:04:25,898 - hybrid_pipeline - INFO - [235/441] 處理 tile: tile_x3840_y12288
2026-07-11 12:04:25,930 - m3_module.m3_elastic_matching - INFO - elastic_dish_nucleus_matching(overlap-first): IHC=124, DISH=91, matched(1核)=73 (其中重疊=73), drop-out(競爭落敗)=26, 無候選(計入)=25, factor=1.50, min_reach=20.0
2026-07-11 12:04:25,980 - cellpose.transforms - INFO - processing image with (1024, 1024) HW, and 3 channels
2026-07-11 12:04:27,262 - m3_module.m3_dot_detection - INFO - detect_all_dots: 紅點=89, 黑點=170, 涉及細胞=124
2026-07-11 12:04:27,707 - m4_module.cell_crops - INFO - 匯出 75 張 per-cell 影像至 docs/hybrid-pipeline/measurement/runs_current/large/cell_crops/tile_x3840_y11520/cells
2026-07-11 12:04:27,708 - hybrid_pipeline - INFO - Tile tile_x3840_y11520 完成: 核心擁有 75 細胞 (75 陽性), 3.60 秒
2026-07-11 12:04:27,714 - m3_module.m3_cells_generator - INFO - All-positive 標註完成: 101 個細胞
2026-07-11 12:04:27,767 - m3_module.m3_cells_generator - INFO - enlarge_cell_instances: 101 顆細胞, factor=1.50(面積), 中位半徑=30.0px, 外擴=6.8px
2026-07-11 12:04:27,767 - cellpose.transforms - INFO - processing image with (1024, 1024) HW, and 3 channels
2026-07-11 12:04:28,327 - hybrid_pipeline - INFO - [236/441] 處理 tile: tile_x3840_y13056
2026-07-11 12:04:28,365 - m3_module.m3_elastic_matching - INFO - elastic_dish_nucleus_matching(overlap-first): IHC=101, DISH=76, matched(1核)=58 (其中重疊=58), drop-out(競爭落敗)=20, 無候選(計入)=23, factor=1.50, min_reach=20.0
2026-07-11 12:04:28,426 - cellpose.transforms - INFO - processing image with (1024, 1024) HW, and 3 channels
2026-07-11 12:04:29,629 - m3_module.m3_dot_detection - INFO - detect_all_dots: 紅點=87, 黑點=148, 涉及細胞=101
2026-07-11 12:04:29,993 - m4_module.cell_crops - INFO - 匯出 50 張 per-cell 影像至 docs/hybrid-pipeline/measurement/runs_current/large/cell_crops/tile_x3840_y12288/cells
2026-07-11 12:04:29,993 - hybrid_pipeline - INFO - Tile tile_x3840_y12288 完成: 核心擁有 50 細胞 (50 陽性), 4.10 秒
2026-07-11 12:04:30,078 - m3_module.m3_cells_generator - INFO - All-positive 標註完成: 75 個細胞
2026-07-11 12:04:30,124 - m3_module.m3_cells_generator - INFO - enlarge_cell_instances: 75 顆細胞, factor=1.50(面積), 中位半徑=27.9px, 外擴=6.3px
2026-07-11 12:04:30,124 - cellpose.transforms - INFO - processing image with (1024, 1024) HW, and 3 channels
2026-07-11 12:04:30,694 - hybrid_pipeline - INFO - [237/441] 處理 tile: tile_x3840_y13824
2026-07-11 12:04:30,727 - m3_module.m3_elastic_matching - INFO - elastic_dish_nucleus_matching(overlap-first): IHC=75, DISH=44, matched(1核)=37 (其中重疊=37), drop-out(競爭落敗)=14, 無候選(計入)=24, factor=1.50, min_reach=20.0
2026-07-11 12:04:30,794 - cellpose.transforms - INFO - processing image with (1024, 1024) HW, and 3 channels
2026-07-11 12:04:31,265 - m3_module.m3_dot_detection - INFO - detect_all_dots: 紅點=42, 黑點=72, 涉及細胞=75
2026-07-11 12:04:31,500 - m4_module.cell_crops - INFO - 匯出 34 張 per-cell 影像至 docs/hybrid-pipeline/measurement/runs_current/large/cell_crops/tile_x3840_y13056/cells
2026-07-11 12:04:31,500 - hybrid_pipeline - INFO - Tile tile_x3840_y13056 完成: 核心擁有 34 細胞 (34 陽性), 3.17 秒
2026-07-11 12:04:31,827 - m3_module.m3_cells_generator - INFO - All-positive 標註完成: 151 個細胞
2026-07-11 12:04:31,885 - m3_module.m3_cells_generator - INFO - enlarge_cell_instances: 151 顆細胞, factor=1.50(面積), 中位半徑=29.2px, 外擴=6.6px
2026-07-11 12:04:31,886 - cellpose.transforms - INFO - processing image with (1024, 1024) HW, and 3 channels
2026-07-11 12:04:32,461 - hybrid_pipeline - INFO - [238/441] 處理 tile: tile_x3840_y14592
2026-07-11 12:04:32,490 - m3_module.m3_elastic_matching - INFO - elastic_dish_nucleus_matching(overlap-first): IHC=151, DISH=87, matched(1核)=79 (其中重疊=78), drop-out(競爭落敗)=35, 無候選(計入)=37, factor=1.50, min_reach=20.0
2026-07-11 12:04:32,551 - cellpose.transforms - INFO - processing image with (1024, 1024) HW, and 3 channels
2026-07-11 12:04:33,514 - m3_module.m3_dot_detection - INFO - detect_all_dots: 紅點=125, 黑點=227, 涉及細胞=151
2026-07-11 12:04:33,941 - m4_module.cell_crops - INFO - 匯出 78 張 per-cell 影像至 docs/hybrid-pipeline/measurement/runs_current/large/cell_crops/tile_x3840_y13824/cells
2026-07-11 12:04:33,941 - hybrid_pipeline - INFO - Tile tile_x3840_y13824 完成: 核心擁有 78 細胞 (78 陽性), 3.25 秒
2026-07-11 12:04:34,021 - m3_module.m3_cells_generator - INFO - All-positive 標註完成: 137 個細胞
2026-07-11 12:04:34,079 - m3_module.m3_cells_generator - INFO - enlarge_cell_instances: 137 顆細胞, factor=1.50(面積), 中位半徑=30.4px, 外擴=6.8px
2026-07-11 12:04:34,079 - cellpose.transforms - INFO - processing image with (1024, 1024) HW, and 3 channels
2026-07-11 12:04:34,648 - hybrid_pipeline - INFO - [239/441] 處理 tile: tile_x3840_y1536
2026-07-11 12:04:34,682 - m3_module.m3_elastic_matching - INFO - elastic_dish_nucleus_matching(overlap-first): IHC=137, DISH=78, matched(1核)=72 (其中重疊=72), drop-out(競爭落敗)=33, 無候選(計入)=32, factor=1.50, min_reach=20.0
2026-07-11 12:04:34,724 - cellpose.transforms - INFO - processing image with (1024, 1024) HW, and 3 channels
2026-07-11 12:04:35,807 - m3_module.m3_dot_detection - INFO - detect_all_dots: 紅點=101, 黑點=175, 涉及細胞=137
2026-07-11 12:04:36,198 - m4_module.cell_crops - INFO - 匯出 82 張 per-cell 影像至 docs/hybrid-pipeline/measurement/runs_current/large/cell_crops/tile_x3840_y14592/cells
2026-07-11 12:04:36,198 - hybrid_pipeline - INFO - Tile tile_x3840_y14592 完成: 核心擁有 82 細胞 (82 陽性), 3.74 秒
2026-07-11 12:04:36,232 - m3_module.m3_cells_generator - INFO - All-positive 標註完成: 75 個細胞
2026-07-11 12:04:36,281 - m3_module.m3_cells_generator - INFO - enlarge_cell_instances: 75 顆細胞, factor=1.50(面積), 中位半徑=22.4px, 外擴=5.0px
2026-07-11 12:04:36,281 - cellpose.transforms - INFO - processing image with (1024, 1024) HW, and 3 channels
2026-07-11 12:04:36,847 - hybrid_pipeline - INFO - [240/441] 處理 tile: tile_x3840_y15360
2026-07-11 12:04:36,881 - m3_module.m3_elastic_matching - INFO - elastic_dish_nucleus_matching(overlap-first): IHC=75, DISH=75, matched(1核)=48 (其中重疊=48), drop-out(競爭落敗)=10, 無候選(計入)=17, factor=1.50, min_reach=20.0
2026-07-11 12:04:36,942 - cellpose.transforms - INFO - processing image with (1024, 1024) HW, and 3 channels
2026-07-11 12:04:37,717 - m3_module.m3_dot_detection - INFO - detect_all_dots: 紅點=51, 黑點=135, 涉及細胞=75
2026-07-11 12:04:38,021 - m4_module.cell_crops - INFO - 匯出 44 張 per-cell 影像至 docs/hybrid-pipeline/measurement/runs_current/large/cell_crops/tile_x3840_y1536/cells
2026-07-11 12:04:38,021 - hybrid_pipeline - INFO - Tile tile_x3840_y1536 完成: 核心擁有 44 細胞 (44 陽性), 3.37 秒
2026-07-11 12:04:38,216 - m3_module.m3_cells_generator - INFO - All-positive 標註完成: 76 個細胞
2026-07-11 12:04:38,263 - m3_module.m3_cells_generator - INFO - enlarge_cell_instances: 76 顆細胞, factor=1.50(面積), 中位半徑=28.4px, 外擴=6.4px
2026-07-11 12:04:38,263 - cellpose.transforms - INFO - processing image with (1024, 1024) HW, and 3 channels
2026-07-11 12:04:38,817 - hybrid_pipeline - INFO - [241/441] 處理 tile: tile_x3840_y2304
2026-07-11 12:04:38,846 - m3_module.m3_elastic_matching - INFO - elastic_dish_nucleus_matching(overlap-first): IHC=76, DISH=42, matched(1核)=35 (其中重疊=35), drop-out(競爭落敗)=11, 無候選(計入)=30, factor=1.50, min_reach=20.0
2026-07-11 12:04:38,890 - cellpose.transforms - INFO - processing image with (1024, 1024) HW, and 3 channels
2026-07-11 12:04:39,381 - m3_module.m3_dot_detection - INFO - detect_all_dots: 紅點=30, 黑點=63, 涉及細胞=76
2026-07-11 12:04:39,631 - m4_module.cell_crops - INFO - 匯出 46 張 per-cell 影像至 docs/hybrid-pipeline/measurement/runs_current/large/cell_crops/tile_x3840_y15360/cells
2026-07-11 12:04:39,632 - hybrid_pipeline - INFO - Tile tile_x3840_y15360 完成: 核心擁有 46 細胞 (46 陽性), 2.78 秒
2026-07-11 12:04:39,828 - m3_module.m3_cells_generator - INFO - All-positive 標註完成: 100 個細胞
2026-07-11 12:04:39,876 - m3_module.m3_cells_generator - INFO - enlarge_cell_instances: 100 顆細胞, factor=1.50(面積), 中位半徑=22.7px, 外擴=5.1px
2026-07-11 12:04:39,876 - cellpose.transforms - INFO - processing image with (1024, 1024) HW, and 3 channels
2026-07-11 12:04:40,439 - hybrid_pipeline - INFO - [242/441] 處理 tile: tile_x3840_y3072
2026-07-11 12:04:40,475 - m3_module.m3_elastic_matching - INFO - elastic_dish_nucleus_matching(overlap-first): IHC=100, DISH=90, matched(1核)=64 (其中重疊=64), drop-out(競爭落敗)=17, 無候選(計入)=19, factor=1.50, min_reach=20.0
2026-07-11 12:04:40,536 - cellpose.transforms - INFO - processing image with (1024, 1024) HW, and 3 channels
2026-07-11 12:04:41,498 - m3_module.m3_dot_detection - INFO - detect_all_dots: 紅點=59, 黑點=175, 涉及細胞=100
2026-07-11 12:04:41,832 - m4_module.cell_crops - INFO - 匯出 67 張 per-cell 影像至 docs/hybrid-pipeline/measurement/runs_current/large/cell_crops/tile_x3840_y2304/cells
2026-07-11 12:04:41,832 - hybrid_pipeline - INFO - Tile tile_x3840_y2304 完成: 核心擁有 67 細胞 (67 陽性), 3.01 秒
2026-07-11 12:04:41,968 - m3_module.m3_cells_generator - INFO - All-positive 標註完成: 87 個細胞
2026-07-11 12:04:42,017 - m3_module.m3_cells_generator - INFO - enlarge_cell_instances: 87 顆細胞, factor=1.50(面積), 中位半徑=26.9px, 外擴=6.0px
2026-07-11 12:04:42,017 - cellpose.transforms - INFO - processing image with (1024, 1024) HW, and 3 channels
2026-07-11 12:04:42,579 - hybrid_pipeline - INFO - [243/441] 處理 tile: tile_x3840_y3840
2026-07-11 12:04:42,611 - m3_module.m3_elastic_matching - INFO - elastic_dish_nucleus_matching(overlap-first): IHC=87, DISH=70, matched(1核)=53 (其中重疊=53), drop-out(競爭落敗)=17, 無候選(計入)=17, factor=1.50, min_reach=20.0
2026-07-11 12:04:42,673 - cellpose.transforms - INFO - processing image with (1024, 1024) HW, and 3 channels
2026-07-11 12:04:43,394 - m3_module.m3_dot_detection - INFO - detect_all_dots: 紅點=57, 黑點=138, 涉及細胞=87
2026-07-11 12:04:43,702 - m4_module.cell_crops - INFO - 匯出 49 張 per-cell 影像至 docs/hybrid-pipeline/measurement/runs_current/large/cell_crops/tile_x3840_y3072/cells
2026-07-11 12:04:43,702 - hybrid_pipeline - INFO - Tile tile_x3840_y3072 完成: 核心擁有 49 細胞 (49 陽性), 3.26 秒
2026-07-11 12:04:43,826 - m3_module.m3_cells_generator - INFO - All-positive 標註完成: 68 個細胞
2026-07-11 12:04:43,877 - m3_module.m3_cells_generator - INFO - enlarge_cell_instances: 68 顆細胞, factor=1.50(面積), 中位半徑=27.6px, 外擴=6.2px
2026-07-11 12:04:43,878 - cellpose.transforms - INFO - processing image with (1024, 1024) HW, and 3 channels
2026-07-11 12:04:44,451 - hybrid_pipeline - INFO - [244/441] 處理 tile: tile_x3840_y4608
2026-07-11 12:04:44,482 - m3_module.m3_elastic_matching - INFO - elastic_dish_nucleus_matching(overlap-first): IHC=68, DISH=44, matched(1核)=30 (其中重疊=30), drop-out(競爭落敗)=15, 無候選(計入)=23, factor=1.50, min_reach=20.0
2026-07-11 12:04:44,546 - cellpose.transforms - INFO - processing image with (1024, 1024) HW, and 3 channels
2026-07-11 12:04:45,085 - m3_module.m3_dot_detection - INFO - detect_all_dots: 紅點=45, 黑點=81, 涉及細胞=68
2026-07-11 12:04:45,355 - m4_module.cell_crops - INFO - 匯出 20 張 per-cell 影像至 docs/hybrid-pipeline/measurement/runs_current/large/cell_crops/tile_x3840_y3840/cells
2026-07-11 12:04:45,356 - hybrid_pipeline - INFO - Tile tile_x3840_y3840 完成: 核心擁有 20 細胞 (20 陽性), 2.78 秒
2026-07-11 12:04:45,557 - m3_module.m3_cells_generator - INFO - All-positive 標註完成: 73 個細胞
2026-07-11 12:04:45,606 - m3_module.m3_cells_generator - INFO - enlarge_cell_instances: 73 顆細胞, factor=1.50(面積), 中位半徑=28.8px, 外擴=6.5px
2026-07-11 12:04:45,606 - cellpose.transforms - INFO - processing image with (1024, 1024) HW, and 3 channels
2026-07-11 12:04:46,162 - hybrid_pipeline - INFO - [245/441] 處理 tile: tile_x3840_y5376
2026-07-11 12:04:46,196 - m3_module.m3_elastic_matching - INFO - elastic_dish_nucleus_matching(overlap-first): IHC=73, DISH=52, matched(1核)=38 (其中重疊=38), drop-out(競爭落敗)=12, 無候選(計入)=23, factor=1.50, min_reach=20.0
2026-07-11 12:04:46,263 - cellpose.transforms - INFO - processing image with (1024, 1024) HW, and 3 channels
2026-07-11 12:04:46,743 - m3_module.m3_dot_detection - INFO - detect_all_dots: 紅點=45, 黑點=98, 涉及細胞=73
2026-07-11 12:04:47,037 - m4_module.cell_crops - INFO - 匯出 45 張 per-cell 影像至 docs/hybrid-pipeline/measurement/runs_current/large/cell_crops/tile_x3840_y4608/cells
2026-07-11 12:04:47,037 - hybrid_pipeline - INFO - Tile tile_x3840_y4608 完成: 核心擁有 45 細胞 (45 陽性), 2.59 秒
2026-07-11 12:04:47,231 - m3_module.m3_cells_generator - INFO - All-positive 標註完成: 100 個細胞
2026-07-11 12:04:47,288 - m3_module.m3_cells_generator - INFO - enlarge_cell_instances: 100 顆細胞, factor=1.50(面積), 中位半徑=28.9px, 外擴=6.5px
2026-07-11 12:04:47,288 - cellpose.transforms - INFO - processing image with (1024, 1024) HW, and 3 channels
2026-07-11 12:04:47,873 - hybrid_pipeline - INFO - [246/441] 處理 tile: tile_x3840_y6144
2026-07-11 12:04:47,903 - m3_module.m3_elastic_matching - INFO - elastic_dish_nucleus_matching(overlap-first): IHC=100, DISH=70, matched(1核)=59 (其中重疊=59), drop-out(競爭落敗)=21, 無候選(計入)=20, factor=1.50, min_reach=20.0
2026-07-11 12:04:47,969 - cellpose.transforms - INFO - processing image with (1024, 1024) HW, and 3 channels
2026-07-11 12:04:48,838 - m3_module.m3_dot_detection - INFO - detect_all_dots: 紅點=73, 黑點=172, 涉及細胞=100
2026-07-11 12:04:49,187 - m4_module.cell_crops - INFO - 匯出 67 張 per-cell 影像至 docs/hybrid-pipeline/measurement/runs_current/large/cell_crops/tile_x3840_y5376/cells
2026-07-11 12:04:49,187 - hybrid_pipeline - INFO - Tile tile_x3840_y5376 完成: 核心擁有 67 細胞 (67 陽性), 3.02 秒
2026-07-11 12:04:49,304 - m3_module.m3_cells_generator - INFO - All-positive 標註完成: 70 個細胞
2026-07-11 12:04:49,351 - m3_module.m3_cells_generator - INFO - enlarge_cell_instances: 70 顆細胞, factor=1.50(面積), 中位半徑=30.4px, 外擴=6.8px
2026-07-11 12:04:49,352 - cellpose.transforms - INFO - processing image with (1024, 1024) HW, and 3 channels
2026-07-11 12:04:49,915 - hybrid_pipeline - INFO - [247/441] 處理 tile: tile_x3840_y6912
2026-07-11 12:04:49,947 - m3_module.m3_elastic_matching - INFO - elastic_dish_nucleus_matching(overlap-first): IHC=70, DISH=42, matched(1核)=40 (其中重疊=40), drop-out(競爭落敗)=16, 無候選(計入)=14, factor=1.50, min_reach=20.0
2026-07-11 12:04:50,001 - cellpose.transforms - INFO - processing image with (1024, 1024) HW, and 3 channels
2026-07-11 12:04:50,551 - m3_module.m3_dot_detection - INFO - detect_all_dots: 紅點=43, 黑點=88, 涉及細胞=70
2026-07-11 12:04:50,827 - m4_module.cell_crops - INFO - 匯出 34 張 per-cell 影像至 docs/hybrid-pipeline/measurement/runs_current/large/cell_crops/tile_x3840_y6144/cells
2026-07-11 12:04:50,827 - hybrid_pipeline - INFO - Tile tile_x3840_y6144 完成: 核心擁有 34 細胞 (34 陽性), 2.95 秒
2026-07-11 12:04:50,970 - m3_module.m3_cells_generator - INFO - All-positive 標註完成: 37 個細胞
2026-07-11 12:04:51,014 - m3_module.m3_cells_generator - INFO - enlarge_cell_instances: 37 顆細胞, factor=1.50(面積), 中位半徑=28.7px, 外擴=6.4px
2026-07-11 12:04:51,014 - cellpose.transforms - INFO - processing image with (1024, 1024) HW, and 3 channels
2026-07-11 12:04:51,567 - hybrid_pipeline - INFO - [248/441] 處理 tile: tile_x3840_y768
2026-07-11 12:04:51,595 - m3_module.m3_elastic_matching - INFO - elastic_dish_nucleus_matching(overlap-first): IHC=37, DISH=17, matched(1核)=13 (其中重疊=13), drop-out(競爭落敗)=5, 無候選(計入)=19, factor=1.50, min_reach=20.0
2026-07-11 12:04:51,665 - cellpose.transforms - INFO - processing image with (1024, 1024) HW, and 3 channels
2026-07-11 12:04:51,831 - m3_module.m3_dot_detection - INFO - detect_all_dots: 紅點=13, 黑點=23, 涉及細胞=37
2026-07-11 12:04:51,993 - m4_module.cell_crops - INFO - 匯出 7 張 per-cell 影像至 docs/hybrid-pipeline/measurement/runs_current/large/cell_crops/tile_x3840_y6912/cells
2026-07-11 12:04:51,993 - hybrid_pipeline - INFO - Tile tile_x3840_y6912 完成: 核心擁有 7 細胞 (7 陽性), 2.08 秒
2026-07-11 12:04:52,282 - m3_module.m3_cells_generator - INFO - All-positive 標註完成: 63 個細胞
2026-07-11 12:04:52,334 - m3_module.m3_cells_generator - INFO - enlarge_cell_instances: 63 顆細胞, factor=1.50(面積), 中位半徑=24.2px, 外擴=5.4px
2026-07-11 12:04:52,334 - cellpose.transforms - INFO - processing image with (1024, 1024) HW, and 3 channels
2026-07-11 12:04:52,905 - hybrid_pipeline - INFO - [249/441] 處理 tile: tile_x3840_y7680
2026-07-11 12:04:52,931 - m3_module.m3_elastic_matching - INFO - elastic_dish_nucleus_matching(overlap-first): IHC=63, DISH=58, matched(1核)=36 (其中重疊=35), drop-out(競爭落敗)=9, 無候選(計入)=18, factor=1.50, min_reach=20.0
2026-07-11 12:04:52,998 - cellpose.transforms - INFO - processing image with (1024, 1024) HW, and 3 channels
2026-07-11 12:04:53,483 - m3_module.m3_dot_detection - INFO - detect_all_dots: 紅點=38, 黑點=74, 涉及細胞=63
2026-07-11 12:04:53,744 - m4_module.cell_crops - INFO - 匯出 33 張 per-cell 影像至 docs/hybrid-pipeline/measurement/runs_current/large/cell_crops/tile_x3840_y768/cells
2026-07-11 12:04:53,744 - hybrid_pipeline - INFO - Tile tile_x3840_y768 完成: 核心擁有 33 細胞 (33 陽性), 2.18 秒
2026-07-11 12:04:53,915 - m3_module.m3_cells_generator - INFO - All-positive 標註完成: 63 個細胞
2026-07-11 12:04:53,964 - m3_module.m3_cells_generator - INFO - enlarge_cell_instances: 63 顆細胞, factor=1.50(面積), 中位半徑=32.1px, 外擴=7.2px
2026-07-11 12:04:53,964 - cellpose.transforms - INFO - processing image with (1024, 1024) HW, and 3 channels
2026-07-11 12:04:54,525 - hybrid_pipeline - INFO - [250/441] 處理 tile: tile_x3840_y8448
2026-07-11 12:04:54,554 - m3_module.m3_elastic_matching - INFO - elastic_dish_nucleus_matching(overlap-first): IHC=63, DISH=53, matched(1核)=37 (其中重疊=37), drop-out(競爭落敗)=10, 無候選(計入)=16, factor=1.50, min_reach=20.0
2026-07-11 12:04:54,618 - cellpose.transforms - INFO - processing image with (1024, 1024) HW, and 3 channels
2026-07-11 12:04:55,214 - m3_module.m3_dot_detection - INFO - detect_all_dots: 紅點=45, 黑點=87, 涉及細胞=63
2026-07-11 12:04:55,438 - m4_module.cell_crops - INFO - 匯出 30 張 per-cell 影像至 docs/hybrid-pipeline/measurement/runs_current/large/cell_crops/tile_x3840_y7680/cells
2026-07-11 12:04:55,438 - hybrid_pipeline - INFO - Tile tile_x3840_y7680 完成: 核心擁有 30 細胞 (30 陽性), 2.53 秒
2026-07-11 12:04:55,760 - m3_module.m3_cells_generator - INFO - All-positive 標註完成: 111 個細胞
2026-07-11 12:04:55,817 - m3_module.m3_cells_generator - INFO - enlarge_cell_instances: 111 顆細胞, factor=1.50(面積), 中位半徑=31.3px, 外擴=7.0px
2026-07-11 12:04:55,817 - cellpose.transforms - INFO - processing image with (1024, 1024) HW, and 3 channels
2026-07-11 12:04:56,374 - hybrid_pipeline - INFO - [251/441] 處理 tile: tile_x3840_y9216
2026-07-11 12:04:56,404 - m3_module.m3_elastic_matching - INFO - elastic_dish_nucleus_matching(overlap-first): IHC=111, DISH=62, matched(1核)=55 (其中重疊=55), drop-out(競爭落敗)=30, 無候選(計入)=26, factor=1.50, min_reach=20.0
2026-07-11 12:04:56,465 - cellpose.transforms - INFO - processing image with (1024, 1024) HW, and 3 channels
2026-07-11 12:04:57,298 - m3_module.m3_dot_detection - INFO - detect_all_dots: 紅點=54, 黑點=139, 涉及細胞=111
2026-07-11 12:04:57,648 - m4_module.cell_crops - INFO - 匯出 64 張 per-cell 影像至 docs/hybrid-pipeline/measurement/runs_current/large/cell_crops/tile_x3840_y8448/cells
2026-07-11 12:04:57,648 - hybrid_pipeline - INFO - Tile tile_x3840_y8448 完成: 核心擁有 64 細胞 (64 陽性), 3.12 秒
2026-07-11 12:04:57,882 - m3_module.m3_cells_generator - INFO - All-positive 標註完成: 105 個細胞
2026-07-11 12:04:57,936 - m3_module.m3_cells_generator - INFO - enlarge_cell_instances: 105 顆細胞, factor=1.50(面積), 中位半徑=31.8px, 外擴=7.2px
2026-07-11 12:04:57,936 - cellpose.transforms - INFO - processing image with (1024, 1024) HW, and 3 channels
2026-07-11 12:04:58,489 - hybrid_pipeline - INFO - [252/441] 處理 tile: tile_x3840_y9984
2026-07-11 12:04:58,521 - m3_module.m3_elastic_matching - INFO - elastic_dish_nucleus_matching(overlap-first): IHC=105, DISH=75, matched(1核)=61 (其中重疊=61), drop-out(競爭落敗)=24, 無候選(計入)=20, factor=1.50, min_reach=20.0
2026-07-11 12:04:58,579 - cellpose.transforms - INFO - processing image with (1024, 1024) HW, and 3 channels
2026-07-11 12:04:59,555 - m3_module.m3_dot_detection - INFO - detect_all_dots: 紅點=70, 黑點=163, 涉及細胞=105
2026-07-11 12:04:59,956 - m4_module.cell_crops - INFO - 匯出 72 張 per-cell 影像至 docs/hybrid-pipeline/measurement/runs_current/large/cell_crops/tile_x3840_y9216/cells
2026-07-11 12:04:59,956 - hybrid_pipeline - INFO - Tile tile_x3840_y9216 完成: 核心擁有 72 細胞 (72 陽性), 3.58 秒
2026-07-11 12:05:00,034 - m3_module.m3_cells_generator - INFO - All-positive 標註完成: 97 個細胞
2026-07-11 12:05:00,091 - m3_module.m3_cells_generator - INFO - enlarge_cell_instances: 97 顆細胞, factor=1.50(面積), 中位半徑=32.6px, 外擴=7.3px
2026-07-11 12:05:00,091 - cellpose.transforms - INFO - processing image with (1024, 1024) HW, and 3 channels
2026-07-11 12:05:00,640 - hybrid_pipeline - INFO - [253/441] 處理 tile: tile_x4608_y0
2026-07-11 12:05:00,677 - m3_module.m3_elastic_matching - INFO - elastic_dish_nucleus_matching(overlap-first): IHC=97, DISH=74, matched(1核)=59 (其中重疊=59), drop-out(競爭落敗)=28, 無候選(計入)=10, factor=1.50, min_reach=20.0
2026-07-11 12:05:00,725 - cellpose.transforms - INFO - processing image with (1024, 1024) HW, and 3 channels
2026-07-11 12:05:01,692 - m3_module.m3_dot_detection - INFO - detect_all_dots: 紅點=75, 黑點=158, 涉及細胞=97
2026-07-11 12:05:02,052 - m4_module.cell_crops - INFO - 匯出 63 張 per-cell 影像至 docs/hybrid-pipeline/measurement/runs_current/large/cell_crops/tile_x3840_y9984/cells
2026-07-11 12:05:02,052 - hybrid_pipeline - INFO - Tile tile_x3840_y9984 完成: 核心擁有 63 細胞 (63 陽性), 3.56 秒
2026-07-11 12:05:02,154 - m3_module.m3_cells_generator - INFO - All-positive 標註完成: 110 個細胞
2026-07-11 12:05:02,213 - m3_module.m3_cells_generator - INFO - enlarge_cell_instances: 110 顆細胞, factor=1.50(面積), 中位半徑=26.6px, 外擴=6.0px
2026-07-11 12:05:02,214 - cellpose.transforms - INFO - processing image with (1024, 1024) HW, and 3 channels
2026-07-11 12:05:02,783 - hybrid_pipeline - INFO - [254/441] 處理 tile: tile_x4608_y10752
2026-07-11 12:05:02,817 - m3_module.m3_elastic_matching - INFO - elastic_dish_nucleus_matching(overlap-first): IHC=110, DISH=83, matched(1核)=70 (其中重疊=70), drop-out(競爭落敗)=21, 無候選(計入)=19, factor=1.50, min_reach=20.0
2026-07-11 12:05:02,880 - cellpose.transforms - INFO - processing image with (1024, 1024) HW, and 3 channels
2026-07-11 12:05:03,897 - m3_module.m3_dot_detection - INFO - detect_all_dots: 紅點=87, 黑點=183, 涉及細胞=110
2026-07-11 12:05:04,287 - m4_module.cell_crops - INFO - 匯出 68 張 per-cell 影像至 docs/hybrid-pipeline/measurement/runs_current/large/cell_crops/tile_x4608_y0/cells
2026-07-11 12:05:04,288 - hybrid_pipeline - INFO - Tile tile_x4608_y0 完成: 核心擁有 68 細胞 (68 陽性), 3.65 秒
2026-07-11 12:05:04,307 - m3_module.m3_cells_generator - INFO - All-positive 標註完成: 22 個細胞
2026-07-11 12:05:04,339 - m3_module.m3_cells_generator - INFO - enlarge_cell_instances: 22 顆細胞, factor=1.50(面積), 中位半徑=26.1px, 外擴=5.9px
2026-07-11 12:05:04,340 - cellpose.transforms - INFO - processing image with (1024, 1024) HW, and 3 channels
2026-07-11 12:05:04,900 - hybrid_pipeline - INFO - [255/441] 處理 tile: tile_x4608_y11520
2026-07-11 12:05:04,927 - m3_module.m3_elastic_matching - INFO - elastic_dish_nucleus_matching(overlap-first): IHC=22, DISH=19, matched(1核)=11 (其中重疊=11), drop-out(競爭落敗)=3, 無候選(計入)=8, factor=1.50, min_reach=20.0
2026-07-11 12:05:04,986 - cellpose.transforms - INFO - processing image with (1024, 1024) HW, and 3 channels
2026-07-11 12:05:05,186 - m3_module.m3_dot_detection - INFO - detect_all_dots: 紅點=16, 黑點=27, 涉及細胞=22
2026-07-11 12:05:05,318 - m4_module.cell_crops - INFO - 匯出 3 張 per-cell 影像至 docs/hybrid-pipeline/measurement/runs_current/large/cell_crops/tile_x4608_y10752/cells
2026-07-11 12:05:05,318 - hybrid_pipeline - INFO - Tile tile_x4608_y10752 完成: 核心擁有 3 細胞 (3 陽性), 2.53 秒
2026-07-11 12:05:05,661 - m3_module.m3_cells_generator - INFO - All-positive 標註完成: 79 個細胞
2026-07-11 12:05:05,718 - m3_module.m3_cells_generator - INFO - enlarge_cell_instances: 79 顆細胞, factor=1.50(面積), 中位半徑=30.2px, 外擴=6.8px
2026-07-11 12:05:05,718 - cellpose.transforms - INFO - processing image with (1024, 1024) HW, and 3 channels
2026-07-11 12:05:06,285 - hybrid_pipeline - INFO - [256/441] 處理 tile: tile_x4608_y12288
2026-07-11 12:05:06,311 - m3_module.m3_elastic_matching - INFO - elastic_dish_nucleus_matching(overlap-first): IHC=79, DISH=66, matched(1核)=47 (其中重疊=47), drop-out(競爭落敗)=14, 無候選(計入)=18, factor=1.50, min_reach=20.0
2026-07-11 12:05:06,371 - cellpose.transforms - INFO - processing image with (1024, 1024) HW, and 3 channels
2026-07-11 12:05:07,223 - m3_module.m3_dot_detection - INFO - detect_all_dots: 紅點=51, 黑點=119, 涉及細胞=79
2026-07-11 12:05:07,532 - m4_module.cell_crops - INFO - 匯出 53 張 per-cell 影像至 docs/hybrid-pipeline/measurement/runs_current/large/cell_crops/tile_x4608_y11520/cells
2026-07-11 12:05:07,532 - hybrid_pipeline - INFO - Tile tile_x4608_y11520 完成: 核心擁有 53 細胞 (53 陽性), 2.63 秒
2026-07-11 12:05:07,721 - m3_module.m3_cells_generator - INFO - All-positive 標註完成: 104 個細胞
2026-07-11 12:05:07,777 - m3_module.m3_cells_generator - INFO - enlarge_cell_instances: 104 顆細胞, factor=1.50(面積), 中位半徑=30.0px, 外擴=6.7px
2026-07-11 12:05:07,777 - cellpose.transforms - INFO - processing image with (1024, 1024) HW, and 3 channels
2026-07-11 12:05:08,328 - hybrid_pipeline - INFO - [257/441] 處理 tile: tile_x4608_y13056
2026-07-11 12:05:08,360 - m3_module.m3_elastic_matching - INFO - elastic_dish_nucleus_matching(overlap-first): IHC=104, DISH=62, matched(1核)=52 (其中重疊=52), drop-out(競爭落敗)=31, 無候選(計入)=21, factor=1.50, min_reach=20.0
2026-07-11 12:05:08,421 - cellpose.transforms - INFO - processing image with (1024, 1024) HW, and 3 channels
2026-07-11 12:05:09,232 - m3_module.m3_dot_detection - INFO - detect_all_dots: 紅點=61, 黑點=136, 涉及細胞=104
2026-07-11 12:05:09,609 - m4_module.cell_crops - INFO - 匯出 55 張 per-cell 影像至 docs/hybrid-pipeline/measurement/runs_current/large/cell_crops/tile_x4608_y12288/cells
2026-07-11 12:05:09,609 - hybrid_pipeline - INFO - Tile tile_x4608_y12288 完成: 核心擁有 55 細胞 (55 陽性), 3.32 秒
2026-07-11 12:05:09,728 - m3_module.m3_cells_generator - INFO - All-positive 標註完成: 121 個細胞
2026-07-11 12:05:09,781 - m3_module.m3_cells_generator - INFO - enlarge_cell_instances: 121 顆細胞, factor=1.50(面積), 中位半徑=29.7px, 外擴=6.7px
2026-07-11 12:05:09,781 - cellpose.transforms - INFO - processing image with (1024, 1024) HW, and 3 channels
2026-07-11 12:05:10,338 - hybrid_pipeline - INFO - [258/441] 處理 tile: tile_x4608_y13824
2026-07-11 12:05:10,373 - m3_module.m3_elastic_matching - INFO - elastic_dish_nucleus_matching(overlap-first): IHC=121, DISH=69, matched(1核)=60 (其中重疊=60), drop-out(競爭落敗)=31, 無候選(計入)=30, factor=1.50, min_reach=20.0
2026-07-11 12:05:10,429 - cellpose.transforms - INFO - processing image with (1024, 1024) HW, and 3 channels
2026-07-11 12:05:11,369 - m3_module.m3_dot_detection - INFO - detect_all_dots: 紅點=70, 黑點=138, 涉及細胞=121
2026-07-11 12:05:11,730 - m4_module.cell_crops - INFO - 匯出 71 張 per-cell 影像至 docs/hybrid-pipeline/measurement/runs_current/large/cell_crops/tile_x4608_y13056/cells
2026-07-11 12:05:11,730 - hybrid_pipeline - INFO - Tile tile_x4608_y13056 完成: 核心擁有 71 細胞 (71 陽性), 3.40 秒
2026-07-11 12:05:11,908 - m3_module.m3_cells_generator - INFO - All-positive 標註完成: 167 個細胞
2026-07-11 12:05:11,968 - m3_module.m3_cells_generator - INFO - enlarge_cell_instances: 167 顆細胞, factor=1.50(面積), 中位半徑=28.1px, 外擴=6.3px
2026-07-11 12:05:11,969 - cellpose.transforms - INFO - processing image with (1024, 1024) HW, and 3 channels
2026-07-11 12:05:12,522 - hybrid_pipeline - INFO - [259/441] 處理 tile: tile_x4608_y14592
2026-07-11 12:05:12,555 - m3_module.m3_elastic_matching - INFO - elastic_dish_nucleus_matching(overlap-first): IHC=167, DISH=71, matched(1核)=69 (其中重疊=69), drop-out(競爭落敗)=36, 無候選(計入)=62, factor=1.50, min_reach=20.0
2026-07-11 12:05:12,611 - cellpose.transforms - INFO - processing image with (1024, 1024) HW, and 3 channels
2026-07-11 12:05:13,703 - m3_module.m3_dot_detection - INFO - detect_all_dots: 紅點=87, 黑點=184, 涉及細胞=167
2026-07-11 12:05:14,126 - m4_module.cell_crops - INFO - 匯出 98 張 per-cell 影像至 docs/hybrid-pipeline/measurement/runs_current/large/cell_crops/tile_x4608_y13824/cells
2026-07-11 12:05:14,126 - hybrid_pipeline - INFO - Tile tile_x4608_y13824 完成: 核心擁有 98 細胞 (98 陽性), 3.79 秒
2026-07-11 12:05:14,255 - m3_module.m3_cells_generator - INFO - All-positive 標註完成: 179 個細胞
2026-07-11 12:05:14,318 - m3_module.m3_cells_generator - INFO - enlarge_cell_instances: 179 顆細胞, factor=1.50(面積), 中位半徑=29.4px, 外擴=6.6px
2026-07-11 12:05:14,319 - cellpose.transforms - INFO - processing image with (1024, 1024) HW, and 3 channels
2026-07-11 12:05:14,884 - hybrid_pipeline - INFO - [260/441] 處理 tile: tile_x4608_y1536
2026-07-11 12:05:14,918 - m3_module.m3_elastic_matching - INFO - elastic_dish_nucleus_matching(overlap-first): IHC=179, DISH=91, matched(1核)=84 (其中重疊=84), drop-out(競爭落敗)=46, 無候選(計入)=49, factor=1.50, min_reach=20.0
2026-07-11 12:05:14,976 - cellpose.transforms - INFO - processing image with (1024, 1024) HW, and 3 channels
2026-07-11 12:05:16,016 - m3_module.m3_dot_detection - INFO - detect_all_dots: 紅點=87, 黑點=189, 涉及細胞=179
2026-07-11 12:05:16,467 - m3_module.m3_cells_generator - INFO - All-positive 標註完成: 69 個細胞
2026-07-11 12:05:16,504 - m4_module.cell_crops - INFO - 匯出 103 張 per-cell 影像至 docs/hybrid-pipeline/measurement/runs_current/large/cell_crops/tile_x4608_y14592/cells
2026-07-11 12:05:16,504 - hybrid_pipeline - INFO - Tile tile_x4608_y14592 完成: 核心擁有 103 細胞 (103 陽性), 3.98 秒
2026-07-11 12:05:16,521 - m3_module.m3_cells_generator - INFO - enlarge_cell_instances: 69 顆細胞, factor=1.50(面積), 中位半徑=24.1px, 外擴=5.4px
2026-07-11 12:05:16,522 - cellpose.transforms - INFO - processing image with (1024, 1024) HW, and 3 channels
2026-07-11 12:05:17,089 - hybrid_pipeline - INFO - [261/441] 處理 tile: tile_x4608_y15360
2026-07-11 12:05:17,119 - m3_module.m3_elastic_matching - INFO - elastic_dish_nucleus_matching(overlap-first): IHC=69, DISH=54, matched(1核)=39 (其中重疊=39), drop-out(競爭落敗)=11, 無候選(計入)=19, factor=1.50, min_reach=20.0
2026-07-11 12:05:17,183 - cellpose.transforms - INFO - processing image with (1024, 1024) HW, and 3 channels
2026-07-11 12:05:17,907 - m3_module.m3_dot_detection - INFO - detect_all_dots: 紅點=56, 黑點=130, 涉及細胞=69
2026-07-11 12:05:18,164 - m4_module.cell_crops - INFO - 匯出 21 張 per-cell 影像至 docs/hybrid-pipeline/measurement/runs_current/large/cell_crops/tile_x4608_y1536/cells
2026-07-11 12:05:18,165 - hybrid_pipeline - INFO - Tile tile_x4608_y1536 完成: 核心擁有 21 細胞 (21 陽性), 3.28 秒
2026-07-11 12:05:18,470 - m3_module.m3_cells_generator - INFO - All-positive 標註完成: 109 個細胞
2026-07-11 12:05:18,526 - m3_module.m3_cells_generator - INFO - enlarge_cell_instances: 109 顆細胞, factor=1.50(面積), 中位半徑=30.6px, 外擴=6.9px
2026-07-11 12:05:18,527 - cellpose.transforms - INFO - processing image with (1024, 1024) HW, and 3 channels
2026-07-11 12:05:19,082 - hybrid_pipeline - INFO - [262/441] 處理 tile: tile_x4608_y2304
2026-07-11 12:05:19,115 - m3_module.m3_elastic_matching - INFO - elastic_dish_nucleus_matching(overlap-first): IHC=109, DISH=71, matched(1核)=58 (其中重疊=58), drop-out(競爭落敗)=27, 無候選(計入)=24, factor=1.50, min_reach=20.0
2026-07-11 12:05:19,174 - cellpose.transforms - INFO - processing image with (1024, 1024) HW, and 3 channels
2026-07-11 12:05:19,566 - m3_module.m3_dot_detection - INFO - detect_all_dots: 紅點=24, 黑點=44, 涉及細胞=109
2026-07-11 12:05:19,946 - m4_module.cell_crops - INFO - 匯出 69 張 per-cell 影像至 docs/hybrid-pipeline/measurement/runs_current/large/cell_crops/tile_x4608_y15360/cells
2026-07-11 12:05:19,947 - hybrid_pipeline - INFO - Tile tile_x4608_y15360 完成: 核心擁有 69 細胞 (69 陽性), 2.86 秒
2026-07-11 12:05:19,994 - m3_module.m3_cells_generator - INFO - All-positive 標註完成: 73 個細胞
2026-07-11 12:05:20,044 - m3_module.m3_cells_generator - INFO - enlarge_cell_instances: 73 顆細胞, factor=1.50(面積), 中位半徑=22.5px, 外擴=5.0px
2026-07-11 12:05:20,045 - cellpose.transforms - INFO - processing image with (1024, 1024) HW, and 3 channels
2026-07-11 12:05:20,620 - hybrid_pipeline - INFO - [263/441] 處理 tile: tile_x4608_y3072
2026-07-11 12:05:20,650 - m3_module.m3_elastic_matching - INFO - elastic_dish_nucleus_matching(overlap-first): IHC=73, DISH=48, matched(1核)=38 (其中重疊=38), drop-out(競爭落敗)=12, 無候選(計入)=23, factor=1.50, min_reach=20.0
2026-07-11 12:05:20,715 - cellpose.transforms - INFO - processing image with (1024, 1024) HW, and 3 channels
2026-07-11 12:05:21,342 - m3_module.m3_dot_detection - INFO - detect_all_dots: 紅點=45, 黑點=106, 涉及細胞=73
2026-07-11 12:05:21,570 - m4_module.cell_crops - INFO - 匯出 30 張 per-cell 影像至 docs/hybrid-pipeline/measurement/runs_current/large/cell_crops/tile_x4608_y2304/cells
2026-07-11 12:05:21,570 - hybrid_pipeline - INFO - Tile tile_x4608_y2304 完成: 核心擁有 30 細胞 (30 陽性), 2.49 秒
2026-07-11 12:05:21,838 - m3_module.m3_cells_generator - INFO - All-positive 標註完成: 99 個細胞
2026-07-11 12:05:21,897 - m3_module.m3_cells_generator - INFO - enlarge_cell_instances: 99 顆細胞, factor=1.50(面積), 中位半徑=26.0px, 外擴=5.8px
2026-07-11 12:05:21,897 - cellpose.transforms - INFO - processing image with (1024, 1024) HW, and 3 channels
2026-07-11 12:05:22,472 - hybrid_pipeline - INFO - [264/441] 處理 tile: tile_x4608_y3840
2026-07-11 12:05:22,502 - m3_module.m3_elastic_matching - INFO - elastic_dish_nucleus_matching(overlap-first): IHC=99, DISH=66, matched(1核)=52 (其中重疊=52), drop-out(競爭落敗)=23, 無候選(計入)=24, factor=1.50, min_reach=20.0
2026-07-11 12:05:22,550 - cellpose.transforms - INFO - processing image with (1024, 1024) HW, and 3 channels
2026-07-11 12:05:23,399 - m3_module.m3_dot_detection - INFO - detect_all_dots: 紅點=59, 黑點=143, 涉及細胞=99
2026-07-11 12:05:23,739 - m4_module.cell_crops - INFO - 匯出 55 張 per-cell 影像至 docs/hybrid-pipeline/measurement/runs_current/large/cell_crops/tile_x4608_y3072/cells
2026-07-11 12:05:23,739 - hybrid_pipeline - INFO - Tile tile_x4608_y3072 完成: 核心擁有 55 細胞 (55 陽性), 3.12 秒
2026-07-11 12:05:23,877 - m3_module.m3_cells_generator - INFO - All-positive 標註完成: 126 個細胞
2026-07-11 12:05:23,934 - m3_module.m3_cells_generator - INFO - enlarge_cell_instances: 126 顆細胞, factor=1.50(面積), 中位半徑=29.7px, 外擴=6.7px
2026-07-11 12:05:23,934 - cellpose.transforms - INFO - processing image with (1024, 1024) HW, and 3 channels
2026-07-11 12:05:24,504 - hybrid_pipeline - INFO - [265/441] 處理 tile: tile_x4608_y4608
2026-07-11 12:05:24,543 - m3_module.m3_elastic_matching - INFO - elastic_dish_nucleus_matching(overlap-first): IHC=126, DISH=106, matched(1核)=75 (其中重疊=75), drop-out(競爭落敗)=27, 無候選(計入)=24, factor=1.50, min_reach=20.0
2026-07-11 12:05:24,583 - cellpose.transforms - INFO - processing image with (1024, 1024) HW, and 3 channels
2026-07-11 12:05:25,857 - m3_module.m3_dot_detection - INFO - detect_all_dots: 紅點=95, 黑點=197, 涉及細胞=126
2026-07-11 12:05:26,246 - m3_module.m3_cells_generator - INFO - All-positive 標註完成: 69 個細胞
2026-07-11 12:05:26,291 - m3_module.m3_cells_generator - INFO - enlarge_cell_instances: 69 顆細胞, factor=1.50(面積), 中位半徑=23.5px, 外擴=5.3px
2026-07-11 12:05:26,291 - cellpose.transforms - INFO - processing image with (1024, 1024) HW, and 3 channels
2026-07-11 12:05:26,298 - m4_module.cell_crops - INFO - 匯出 75 張 per-cell 影像至 docs/hybrid-pipeline/measurement/runs_current/large/cell_crops/tile_x4608_y3840/cells
2026-07-11 12:05:26,299 - hybrid_pipeline - INFO - Tile tile_x4608_y3840 完成: 核心擁有 75 細胞 (75 陽性), 3.83 秒
2026-07-11 12:05:26,850 - hybrid_pipeline - INFO - [266/441] 處理 tile: tile_x4608_y5376
2026-07-11 12:05:26,877 - m3_module.m3_elastic_matching - INFO - elastic_dish_nucleus_matching(overlap-first): IHC=69, DISH=42, matched(1核)=32 (其中重疊=32), drop-out(競爭落敗)=15, 無候選(計入)=22, factor=1.50, min_reach=20.0
2026-07-11 12:05:26,938 - cellpose.transforms - INFO - processing image with (1024, 1024) HW, and 3 channels
2026-07-11 12:05:27,459 - m3_module.m3_dot_detection - INFO - detect_all_dots: 紅點=31, 黑點=83, 涉及細胞=69
2026-07-11 12:05:27,700 - m4_module.cell_crops - INFO - 匯出 31 張 per-cell 影像至 docs/hybrid-pipeline/measurement/runs_current/large/cell_crops/tile_x4608_y4608/cells
2026-07-11 12:05:27,700 - hybrid_pipeline - INFO - Tile tile_x4608_y4608 完成: 核心擁有 31 細胞 (31 陽性), 3.20 秒
2026-07-11 12:05:27,886 - m3_module.m3_cells_generator - INFO - All-positive 標註完成: 47 個細胞
2026-07-11 12:05:27,931 - m3_module.m3_cells_generator - INFO - enlarge_cell_instances: 47 顆細胞, factor=1.50(面積), 中位半徑=25.1px, 外擴=5.6px
2026-07-11 12:05:27,932 - cellpose.transforms - INFO - processing image with (1024, 1024) HW, and 3 channels
2026-07-11 12:05:28,489 - hybrid_pipeline - INFO - [267/441] 處理 tile: tile_x4608_y6144
2026-07-11 12:05:28,517 - m3_module.m3_elastic_matching - INFO - elastic_dish_nucleus_matching(overlap-first): IHC=47, DISH=29, matched(1核)=27 (其中重疊=26), drop-out(競爭落敗)=9, 無候選(計入)=11, factor=1.50, min_reach=20.0
2026-07-11 12:05:28,587 - cellpose.transforms - INFO - processing image with (1024, 1024) HW, and 3 channels
2026-07-11 12:05:28,958 - m3_module.m3_dot_detection - INFO - detect_all_dots: 紅點=25, 黑點=50, 涉及細胞=47
2026-07-11 12:05:29,129 - m4_module.cell_crops - INFO - 匯出 9 張 per-cell 影像至 docs/hybrid-pipeline/measurement/runs_current/large/cell_crops/tile_x4608_y5376/cells
2026-07-11 12:05:29,129 - hybrid_pipeline - INFO - Tile tile_x4608_y5376 完成: 核心擁有 9 細胞 (9 陽性), 2.28 秒
2026-07-11 12:05:29,425 - m3_module.m3_cells_generator - INFO - All-positive 標註完成: 74 個細胞
2026-07-11 12:05:29,478 - m3_module.m3_cells_generator - INFO - enlarge_cell_instances: 74 顆細胞, factor=1.50(面積), 中位半徑=30.5px, 外擴=6.9px
2026-07-11 12:05:29,479 - cellpose.transforms - INFO - processing image with (1024, 1024) HW, and 3 channels
2026-07-11 12:05:30,032 - hybrid_pipeline - INFO - [268/441] 處理 tile: tile_x4608_y6912
2026-07-11 12:05:30,068 - m3_module.m3_elastic_matching - INFO - elastic_dish_nucleus_matching(overlap-first): IHC=74, DISH=49, matched(1核)=44 (其中重疊=44), drop-out(競爭落敗)=15, 無候選(計入)=15, factor=1.50, min_reach=20.0
2026-07-11 12:05:30,128 - cellpose.transforms - INFO - processing image with (1024, 1024) HW, and 3 channels
2026-07-11 12:05:30,774 - m3_module.m3_dot_detection - INFO - detect_all_dots: 紅點=49, 黑點=83, 涉及細胞=74
2026-07-11 12:05:31,056 - m4_module.cell_crops - INFO - 匯出 42 張 per-cell 影像至 docs/hybrid-pipeline/measurement/runs_current/large/cell_crops/tile_x4608_y6144/cells
2026-07-11 12:05:31,056 - hybrid_pipeline - INFO - Tile tile_x4608_y6144 完成: 核心擁有 42 細胞 (42 陽性), 2.57 秒
2026-07-11 12:05:31,251 - m3_module.m3_cells_generator - INFO - All-positive 標註完成: 82 個細胞
2026-07-11 12:05:31,303 - m3_module.m3_cells_generator - INFO - enlarge_cell_instances: 82 顆細胞, factor=1.50(面積), 中位半徑=30.9px, 外擴=6.9px
2026-07-11 12:05:31,303 - cellpose.transforms - INFO - processing image with (1024, 1024) HW, and 3 channels
2026-07-11 12:05:31,856 - hybrid_pipeline - INFO - [269/441] 處理 tile: tile_x4608_y768
2026-07-11 12:05:31,892 - m3_module.m3_elastic_matching - INFO - elastic_dish_nucleus_matching(overlap-first): IHC=82, DISH=45, matched(1核)=39 (其中重疊=39), drop-out(競爭落敗)=22, 無候選(計入)=21, factor=1.50, min_reach=20.0
2026-07-11 12:05:31,959 - cellpose.transforms - INFO - processing image with (1024, 1024) HW, and 3 channels
2026-07-11 12:05:32,559 - m3_module.m3_dot_detection - INFO - detect_all_dots: 紅點=50, 黑點=96, 涉及細胞=82
2026-07-11 12:05:32,859 - m4_module.cell_crops - INFO - 匯出 60 張 per-cell 影像至 docs/hybrid-pipeline/measurement/runs_current/large/cell_crops/tile_x4608_y6912/cells
2026-07-11 12:05:32,859 - hybrid_pipeline - INFO - Tile tile_x4608_y6912 完成: 核心擁有 60 細胞 (60 陽性), 2.83 秒
2026-07-11 12:05:33,037 - m3_module.m3_cells_generator - INFO - All-positive 標註完成: 101 個細胞
2026-07-11 12:05:33,093 - m3_module.m3_cells_generator - INFO - enlarge_cell_instances: 101 顆細胞, factor=1.50(面積), 中位半徑=25.7px, 外擴=5.8px
2026-07-11 12:05:33,094 - cellpose.transforms - INFO - processing image with (1024, 1024) HW, and 3 channels
2026-07-11 12:05:33,667 - hybrid_pipeline - INFO - [270/441] 處理 tile: tile_x4608_y7680
2026-07-11 12:05:33,703 - m3_module.m3_elastic_matching - INFO - elastic_dish_nucleus_matching(overlap-first): IHC=101, DISH=84, matched(1核)=64 (其中重疊=64), drop-out(競爭落敗)=18, 無候選(計入)=19, factor=1.50, min_reach=20.0
2026-07-11 12:05:33,748 - cellpose.transforms - INFO - processing image with (1024, 1024) HW, and 3 channels
2026-07-11 12:05:34,790 - m3_module.m3_dot_detection - INFO - detect_all_dots: 紅點=79, 黑點=164, 涉及細胞=101
2026-07-11 12:05:35,145 - m4_module.cell_crops - INFO - 匯出 67 張 per-cell 影像至 docs/hybrid-pipeline/measurement/runs_current/large/cell_crops/tile_x4608_y768/cells
2026-07-11 12:05:35,145 - hybrid_pipeline - INFO - Tile tile_x4608_y768 完成: 核心擁有 67 細胞 (67 陽性), 3.29 秒
2026-07-11 12:05:35,246 - m3_module.m3_cells_generator - INFO - All-positive 標註完成: 84 個細胞
2026-07-11 12:05:35,298 - m3_module.m3_cells_generator - INFO - enlarge_cell_instances: 84 顆細胞, factor=1.50(面積), 中位半徑=32.0px, 外擴=7.2px
2026-07-11 12:05:35,299 - cellpose.transforms - INFO - processing image with (1024, 1024) HW, and 3 channels
2026-07-11 12:05:35,853 - hybrid_pipeline - INFO - [271/441] 處理 tile: tile_x4608_y8448
2026-07-11 12:05:35,888 - m3_module.m3_elastic_matching - INFO - elastic_dish_nucleus_matching(overlap-first): IHC=84, DISH=54, matched(1核)=46 (其中重疊=46), drop-out(競爭落敗)=17, 無候選(計入)=21, factor=1.50, min_reach=20.0
2026-07-11 12:05:35,954 - cellpose.transforms - INFO - processing image with (1024, 1024) HW, and 3 channels
2026-07-11 12:05:36,571 - m3_module.m3_dot_detection - INFO - detect_all_dots: 紅點=42, 黑點=101, 涉及細胞=84
2026-07-11 12:05:36,851 - m4_module.cell_crops - INFO - 匯出 47 張 per-cell 影像至 docs/hybrid-pipeline/measurement/runs_current/large/cell_crops/tile_x4608_y7680/cells
2026-07-11 12:05:36,851 - hybrid_pipeline - INFO - Tile tile_x4608_y7680 完成: 核心擁有 47 細胞 (47 陽性), 3.18 秒
2026-07-11 12:05:37,048 - m3_module.m3_cells_generator - INFO - All-positive 標註完成: 92 個細胞
2026-07-11 12:05:37,107 - m3_module.m3_cells_generator - INFO - enlarge_cell_instances: 92 顆細胞, factor=1.50(面積), 中位半徑=29.5px, 外擴=6.6px
2026-07-11 12:05:37,107 - cellpose.transforms - INFO - processing image with (1024, 1024) HW, and 3 channels
2026-07-11 12:05:37,674 - hybrid_pipeline - INFO - [272/441] 處理 tile: tile_x4608_y9216
2026-07-11 12:05:37,705 - m3_module.m3_elastic_matching - INFO - elastic_dish_nucleus_matching(overlap-first): IHC=92, DISH=56, matched(1核)=49 (其中重疊=49), drop-out(競爭落敗)=20, 無候選(計入)=23, factor=1.50, min_reach=20.0
2026-07-11 12:05:37,767 - cellpose.transforms - INFO - processing image with (1024, 1024) HW, and 3 channels
2026-07-11 12:05:38,606 - m3_module.m3_dot_detection - INFO - detect_all_dots: 紅點=52, 黑點=132, 涉及細胞=92
2026-07-11 12:05:38,909 - m4_module.cell_crops - INFO - 匯出 49 張 per-cell 影像至 docs/hybrid-pipeline/measurement/runs_current/large/cell_crops/tile_x4608_y8448/cells
2026-07-11 12:05:38,909 - hybrid_pipeline - INFO - Tile tile_x4608_y8448 完成: 核心擁有 49 細胞 (49 陽性), 3.06 秒
2026-07-11 12:05:39,211 - m3_module.m3_cells_generator - INFO - All-positive 標註完成: 112 個細胞
2026-07-11 12:05:39,270 - m3_module.m3_cells_generator - INFO - enlarge_cell_instances: 112 顆細胞, factor=1.50(面積), 中位半徑=31.0px, 外擴=7.0px
2026-07-11 12:05:39,270 - cellpose.transforms - INFO - processing image with (1024, 1024) HW, and 3 channels
2026-07-11 12:05:39,838 - hybrid_pipeline - INFO - [273/441] 處理 tile: tile_x4608_y9984
2026-07-11 12:05:39,869 - m3_module.m3_elastic_matching - INFO - elastic_dish_nucleus_matching(overlap-first): IHC=112, DISH=83, matched(1核)=61 (其中重疊=61), drop-out(競爭落敗)=22, 無候選(計入)=29, factor=1.50, min_reach=20.0
2026-07-11 12:05:39,913 - cellpose.transforms - INFO - processing image with (1024, 1024) HW, and 3 channels
2026-07-11 12:05:40,957 - m3_module.m3_dot_detection - INFO - detect_all_dots: 紅點=70, 黑點=158, 涉及細胞=112
2026-07-11 12:05:41,392 - m4_module.cell_crops - INFO - 匯出 54 張 per-cell 影像至 docs/hybrid-pipeline/measurement/runs_current/large/cell_crops/tile_x4608_y9216/cells
2026-07-11 12:05:41,392 - hybrid_pipeline - INFO - Tile tile_x4608_y9216 完成: 核心擁有 54 細胞 (54 陽性), 3.72 秒
2026-07-11 12:05:41,397 - m3_module.m3_cells_generator - INFO - All-positive 標註完成: 83 個細胞
2026-07-11 12:05:41,440 - m3_module.m3_cells_generator - INFO - enlarge_cell_instances: 83 顆細胞, factor=1.50(面積), 中位半徑=27.1px, 外擴=6.1px
2026-07-11 12:05:41,441 - cellpose.transforms - INFO - processing image with (1024, 1024) HW, and 3 channels
2026-07-11 12:05:41,996 - hybrid_pipeline - INFO - [274/441] 處理 tile: tile_x5376_y0
2026-07-11 12:05:42,022 - m3_module.m3_elastic_matching - INFO - elastic_dish_nucleus_matching(overlap-first): IHC=83, DISH=52, matched(1核)=44 (其中重疊=44), drop-out(競爭落敗)=15, 無候選(計入)=24, factor=1.50, min_reach=20.0
2026-07-11 12:05:42,082 - cellpose.transforms - INFO - processing image with (1024, 1024) HW, and 3 channels
2026-07-11 12:05:42,862 - m3_module.m3_dot_detection - INFO - detect_all_dots: 紅點=62, 黑點=117, 涉及細胞=83
2026-07-11 12:05:43,135 - m4_module.cell_crops - INFO - 匯出 27 張 per-cell 影像至 docs/hybrid-pipeline/measurement/runs_current/large/cell_crops/tile_x4608_y9984/cells
2026-07-11 12:05:43,135 - hybrid_pipeline - INFO - Tile tile_x4608_y9984 完成: 核心擁有 27 細胞 (27 陽性), 3.30 秒
2026-07-11 12:05:43,295 - m3_module.m3_cells_generator - INFO - All-positive 標註完成: 78 個細胞
2026-07-11 12:05:43,341 - m3_module.m3_cells_generator - INFO - enlarge_cell_instances: 78 顆細胞, factor=1.50(面積), 中位半徑=26.0px, 外擴=5.8px
2026-07-11 12:05:43,341 - cellpose.transforms - INFO - processing image with (1024, 1024) HW, and 3 channels
2026-07-11 12:05:43,905 - hybrid_pipeline - INFO - [275/441] 處理 tile: tile_x5376_y10752
2026-07-11 12:05:43,935 - m3_module.m3_elastic_matching - INFO - elastic_dish_nucleus_matching(overlap-first): IHC=78, DISH=67, matched(1核)=54 (其中重疊=54), drop-out(競爭落敗)=11, 無候選(計入)=13, factor=1.50, min_reach=20.0
2026-07-11 12:05:44,000 - cellpose.transforms - INFO - processing image with (1024, 1024) HW, and 3 channels
2026-07-11 12:05:44,749 - m3_module.m3_dot_detection - INFO - detect_all_dots: 紅點=62, 黑點=132, 涉及細胞=78
2026-07-11 12:05:45,002 - m4_module.cell_crops - INFO - 匯出 40 張 per-cell 影像至 docs/hybrid-pipeline/measurement/runs_current/large/cell_crops/tile_x5376_y0/cells
2026-07-11 12:05:45,002 - hybrid_pipeline - INFO - Tile tile_x5376_y0 完成: 核心擁有 40 細胞 (40 陽性), 3.01 秒
2026-07-11 12:05:45,152 - m3_module.m3_cells_generator - INFO - All-positive 標註完成: 31 個細胞
2026-07-11 12:05:45,194 - m3_module.m3_cells_generator - INFO - enlarge_cell_instances: 31 顆細胞, factor=1.50(面積), 中位半徑=28.7px, 外擴=6.4px
2026-07-11 12:05:45,194 - cellpose.transforms - INFO - processing image with (1024, 1024) HW, and 3 channels
2026-07-11 12:05:45,745 - hybrid_pipeline - INFO - [276/441] 處理 tile: tile_x5376_y11520
2026-07-11 12:05:45,772 - m3_module.m3_elastic_matching - INFO - elastic_dish_nucleus_matching(overlap-first): IHC=31, DISH=28, matched(1核)=20 (其中重疊=20), drop-out(競爭落敗)=4, 無候選(計入)=7, factor=1.50, min_reach=20.0
2026-07-11 12:05:45,839 - cellpose.transforms - INFO - processing image with (1024, 1024) HW, and 3 channels
2026-07-11 12:05:46,258 - m3_module.m3_dot_detection - INFO - detect_all_dots: 紅點=35, 黑點=53, 涉及細胞=31
2026-07-11 12:05:46,430 - m4_module.cell_crops - INFO - 匯出 18 張 per-cell 影像至 docs/hybrid-pipeline/measurement/runs_current/large/cell_crops/tile_x5376_y10752/cells
2026-07-11 12:05:46,430 - hybrid_pipeline - INFO - Tile tile_x5376_y10752 完成: 核心擁有 18 細胞 (18 陽性), 2.52 秒
2026-07-11 12:05:46,683 - m3_module.m3_cells_generator - INFO - All-positive 標註完成: 14 個細胞
2026-07-11 12:05:46,720 - m3_module.m3_cells_generator - INFO - enlarge_cell_instances: 14 顆細胞, factor=1.50(面積), 中位半徑=32.3px, 外擴=7.3px
2026-07-11 12:05:46,721 - cellpose.transforms - INFO - processing image with (1024, 1024) HW, and 3 channels
2026-07-11 12:05:47,283 - hybrid_pipeline - INFO - [277/441] 處理 tile: tile_x5376_y12288
2026-07-11 12:05:47,309 - m3_module.m3_elastic_matching - INFO - elastic_dish_nucleus_matching(overlap-first): IHC=14, DISH=13, matched(1核)=8 (其中重疊=8), drop-out(競爭落敗)=1, 無候選(計入)=5, factor=1.50, min_reach=20.0
2026-07-11 12:05:47,378 - cellpose.transforms - INFO - processing image with (1024, 1024) HW, and 3 channels
2026-07-11 12:05:47,531 - m3_module.m3_dot_detection - INFO - detect_all_dots: 紅點=8, 黑點=23, 涉及細胞=14
2026-07-11 12:05:47,625 - m4_module.cell_crops - INFO - 匯出 0 張 per-cell 影像至 docs/hybrid-pipeline/measurement/runs_current/large/cell_crops/tile_x5376_y11520/cells
2026-07-11 12:05:47,625 - hybrid_pipeline - INFO - Tile tile_x5376_y11520 完成: 核心擁有 0 細胞 (0 陽性), 1.88 秒
2026-07-11 12:05:47,999 - m3_module.m3_cells_generator - INFO - All-positive 標註完成: 62 個細胞
2026-07-11 12:05:48,050 - m3_module.m3_cells_generator - INFO - enlarge_cell_instances: 62 顆細胞, factor=1.50(面積), 中位半徑=31.1px, 外擴=7.0px
2026-07-11 12:05:48,050 - cellpose.transforms - INFO - processing image with (1024, 1024) HW, and 3 channels
2026-07-11 12:05:48,613 - hybrid_pipeline - INFO - [278/441] 處理 tile: tile_x5376_y13056
2026-07-11 12:05:48,642 - m3_module.m3_elastic_matching - INFO - elastic_dish_nucleus_matching(overlap-first): IHC=62, DISH=49, matched(1核)=36 (其中重疊=36), drop-out(競爭落敗)=15, 無候選(計入)=11, factor=1.50, min_reach=20.0
2026-07-11 12:05:48,697 - cellpose.transforms - INFO - processing image with (1024, 1024) HW, and 3 channels
2026-07-11 12:05:49,375 - m3_module.m3_dot_detection - INFO - detect_all_dots: 紅點=41, 黑點=99, 涉及細胞=62
2026-07-11 12:05:49,619 - m4_module.cell_crops - INFO - 匯出 32 張 per-cell 影像至 docs/hybrid-pipeline/measurement/runs_current/large/cell_crops/tile_x5376_y12288/cells
2026-07-11 12:05:49,619 - hybrid_pipeline - INFO - Tile tile_x5376_y12288 完成: 核心擁有 32 細胞 (32 陽性), 2.34 秒
2026-07-11 12:05:49,858 - m3_module.m3_cells_generator - INFO - All-positive 標註完成: 93 個細胞
2026-07-11 12:05:49,910 - m3_module.m3_cells_generator - INFO - enlarge_cell_instances: 93 顆細胞, factor=1.50(面積), 中位半徑=29.7px, 外擴=6.7px
2026-07-11 12:05:49,911 - cellpose.transforms - INFO - processing image with (1024, 1024) HW, and 3 channels
2026-07-11 12:05:50,465 - hybrid_pipeline - INFO - [279/441] 處理 tile: tile_x5376_y13824
2026-07-11 12:05:50,501 - m3_module.m3_elastic_matching - INFO - elastic_dish_nucleus_matching(overlap-first): IHC=93, DISH=63, matched(1核)=49 (其中重疊=49), drop-out(競爭落敗)=17, 無候選(計入)=27, factor=1.50, min_reach=20.0
2026-07-11 12:05:50,560 - cellpose.transforms - INFO - processing image with (1024, 1024) HW, and 3 channels
2026-07-11 12:05:51,290 - m3_module.m3_dot_detection - INFO - detect_all_dots: 紅點=56, 黑點=116, 涉及細胞=93
2026-07-11 12:05:51,614 - m4_module.cell_crops - INFO - 匯出 50 張 per-cell 影像至 docs/hybrid-pipeline/measurement/runs_current/large/cell_crops/tile_x5376_y13056/cells
2026-07-11 12:05:51,614 - hybrid_pipeline - INFO - Tile tile_x5376_y13056 完成: 核心擁有 50 細胞 (50 陽性), 3.00 秒
2026-07-11 12:05:51,778 - m3_module.m3_cells_generator - INFO - All-positive 標註完成: 83 個細胞
2026-07-11 12:05:51,833 - m3_module.m3_cells_generator - INFO - enlarge_cell_instances: 83 顆細胞, factor=1.50(面積), 中位半徑=29.1px, 外擴=6.5px
2026-07-11 12:05:51,834 - cellpose.transforms - INFO - processing image with (1024, 1024) HW, and 3 channels
2026-07-11 12:05:52,392 - hybrid_pipeline - INFO - [280/441] 處理 tile: tile_x5376_y14592
2026-07-11 12:05:52,422 - m3_module.m3_elastic_matching - INFO - elastic_dish_nucleus_matching(overlap-first): IHC=83, DISH=58, matched(1核)=44 (其中重疊=44), drop-out(競爭落敗)=17, 無候選(計入)=22, factor=1.50, min_reach=20.0
2026-07-11 12:05:52,483 - cellpose.transforms - INFO - processing image with (1024, 1024) HW, and 3 channels
2026-07-11 12:05:53,129 - m3_module.m3_dot_detection - INFO - detect_all_dots: 紅點=54, 黑點=125, 涉及細胞=83
2026-07-11 12:05:53,452 - m4_module.cell_crops - INFO - 匯出 50 張 per-cell 影像至 docs/hybrid-pipeline/measurement/runs_current/large/cell_crops/tile_x5376_y13824/cells
2026-07-11 12:05:53,452 - hybrid_pipeline - INFO - Tile tile_x5376_y13824 完成: 核心擁有 50 細胞 (50 陽性), 2.99 秒
2026-07-11 12:05:53,581 - m3_module.m3_cells_generator - INFO - All-positive 標註完成: 65 個細胞
2026-07-11 12:05:53,624 - m3_module.m3_cells_generator - INFO - enlarge_cell_instances: 65 顆細胞, factor=1.50(面積), 中位半徑=24.0px, 外擴=5.4px
2026-07-11 12:05:53,625 - cellpose.transforms - INFO - processing image with (1024, 1024) HW, and 3 channels
2026-07-11 12:05:54,184 - hybrid_pipeline - INFO - [281/441] 處理 tile: tile_x5376_y1536
2026-07-11 12:05:54,213 - m3_module.m3_elastic_matching - INFO - elastic_dish_nucleus_matching(overlap-first): IHC=65, DISH=37, matched(1核)=33 (其中重疊=33), drop-out(競爭落敗)=14, 無候選(計入)=18, factor=1.50, min_reach=20.0
2026-07-11 12:05:54,276 - cellpose.transforms - INFO - processing image with (1024, 1024) HW, and 3 channels
2026-07-11 12:05:54,730 - m3_module.m3_dot_detection - INFO - detect_all_dots: 紅點=33, 黑點=84, 涉及細胞=65
2026-07-11 12:05:54,930 - m4_module.cell_crops - INFO - 匯出 31 張 per-cell 影像至 docs/hybrid-pipeline/measurement/runs_current/large/cell_crops/tile_x5376_y14592/cells
2026-07-11 12:05:54,930 - hybrid_pipeline - INFO - Tile tile_x5376_y14592 完成: 核心擁有 31 細胞 (31 陽性), 2.54 秒
2026-07-11 12:05:55,195 - m3_module.m3_cells_generator - INFO - All-positive 標註完成: 113 個細胞
2026-07-11 12:05:55,253 - m3_module.m3_cells_generator - INFO - enlarge_cell_instances: 113 顆細胞, factor=1.50(面積), 中位半徑=25.5px, 外擴=5.7px
2026-07-11 12:05:55,253 - cellpose.transforms - INFO - processing image with (1024, 1024) HW, and 3 channels
2026-07-11 12:05:55,819 - hybrid_pipeline - INFO - [282/441] 處理 tile: tile_x5376_y15360
2026-07-11 12:05:55,854 - m3_module.m3_elastic_matching - INFO - elastic_dish_nucleus_matching(overlap-first): IHC=113, DISH=87, matched(1核)=64 (其中重疊=64), drop-out(競爭落敗)=21, 無候選(計入)=28, factor=1.50, min_reach=20.0
2026-07-11 12:05:55,903 - cellpose.transforms - INFO - processing image with (1024, 1024) HW, and 3 channels
2026-07-11 12:05:57,021 - m3_module.m3_dot_detection - INFO - detect_all_dots: 紅點=84, 黑點=182, 涉及細胞=113
2026-07-11 12:05:57,412 - m3_module.m3_cells_generator - INFO - All-positive 標註完成: 24 個細胞
2026-07-11 12:05:57,440 - m4_module.cell_crops - INFO - 匯出 75 張 per-cell 影像至 docs/hybrid-pipeline/measurement/runs_current/large/cell_crops/tile_x5376_y1536/cells
2026-07-11 12:05:57,440 - hybrid_pipeline - INFO - Tile tile_x5376_y1536 完成: 核心擁有 75 細胞 (75 陽性), 3.26 秒
2026-07-11 12:05:57,451 - m3_module.m3_cells_generator - INFO - enlarge_cell_instances: 24 顆細胞, factor=1.50(面積), 中位半徑=22.4px, 外擴=5.0px
2026-07-11 12:05:57,451 - cellpose.transforms - INFO - processing image with (1024, 1024) HW, and 3 channels
2026-07-11 12:05:58,010 - hybrid_pipeline - INFO - [283/441] 處理 tile: tile_x5376_y2304
2026-07-11 12:05:58,032 - m3_module.m3_elastic_matching - INFO - elastic_dish_nucleus_matching(overlap-first): IHC=24, DISH=11, matched(1核)=10 (其中重疊=10), drop-out(競爭落敗)=5, 無候選(計入)=9, factor=1.50, min_reach=20.0
2026-07-11 12:05:58,100 - cellpose.transforms - INFO - processing image with (1024, 1024) HW, and 3 channels
2026-07-11 12:05:58,182 - m3_module.m3_dot_detection - INFO - detect_all_dots: 紅點=1, 黑點=7, 涉及細胞=24
2026-07-11 12:05:58,284 - m4_module.cell_crops - INFO - 匯出 6 張 per-cell 影像至 docs/hybrid-pipeline/measurement/runs_current/large/cell_crops/tile_x5376_y15360/cells
2026-07-11 12:05:58,284 - hybrid_pipeline - INFO - Tile tile_x5376_y15360 完成: 核心擁有 6 細胞 (6 陽性), 2.46 秒
2026-07-11 12:05:58,660 - m3_module.m3_cells_generator - INFO - All-positive 標註完成: 95 個細胞
2026-07-11 12:05:58,713 - m3_module.m3_cells_generator - INFO - enlarge_cell_instances: 95 顆細胞, factor=1.50(面積), 中位半徑=24.9px, 外擴=5.6px
2026-07-11 12:05:58,714 - cellpose.transforms - INFO - processing image with (1024, 1024) HW, and 3 channels
2026-07-11 12:05:59,285 - hybrid_pipeline - INFO - [284/441] 處理 tile: tile_x5376_y3072
2026-07-11 12:05:59,313 - m3_module.m3_elastic_matching - INFO - elastic_dish_nucleus_matching(overlap-first): IHC=95, DISH=64, matched(1核)=43 (其中重疊=43), drop-out(競爭落敗)=9, 無候選(計入)=43, factor=1.50, min_reach=20.0
2026-07-11 12:05:59,378 - cellpose.transforms - INFO - processing image with (1024, 1024) HW, and 3 channels
2026-07-11 12:05:59,983 - m3_module.m3_dot_detection - INFO - detect_all_dots: 紅點=48, 黑點=115, 涉及細胞=95
2026-07-11 12:06:00,354 - m4_module.cell_crops - INFO - 匯出 57 張 per-cell 影像至 docs/hybrid-pipeline/measurement/runs_current/large/cell_crops/tile_x5376_y2304/cells
2026-07-11 12:06:00,355 - hybrid_pipeline - INFO - Tile tile_x5376_y2304 完成: 核心擁有 57 細胞 (57 陽性), 2.34 秒
2026-07-11 12:06:00,429 - m3_module.m3_cells_generator - INFO - All-positive 標註完成: 76 個細胞
2026-07-11 12:06:00,486 - m3_module.m3_cells_generator - INFO - enlarge_cell_instances: 76 顆細胞, factor=1.50(面積), 中位半徑=27.3px, 外擴=6.1px
2026-07-11 12:06:00,486 - cellpose.transforms - INFO - processing image with (1024, 1024) HW, and 3 channels
2026-07-11 12:06:01,061 - hybrid_pipeline - INFO - [285/441] 處理 tile: tile_x5376_y3840
2026-07-11 12:06:01,090 - m3_module.m3_elastic_matching - INFO - elastic_dish_nucleus_matching(overlap-first): IHC=76, DISH=76, matched(1核)=45 (其中重疊=45), drop-out(競爭落敗)=12, 無候選(計入)=19, factor=1.50, min_reach=20.0
2026-07-11 12:06:01,154 - cellpose.transforms - INFO - processing image with (1024, 1024) HW, and 3 channels
2026-07-11 12:06:01,773 - m3_module.m3_dot_detection - INFO - detect_all_dots: 紅點=50, 黑點=92, 涉及細胞=76
2026-07-11 12:06:02,070 - m4_module.cell_crops - INFO - 匯出 38 張 per-cell 影像至 docs/hybrid-pipeline/measurement/runs_current/large/cell_crops/tile_x5376_y3072/cells
2026-07-11 12:06:02,070 - hybrid_pipeline - INFO - Tile tile_x5376_y3072 完成: 核心擁有 38 細胞 (38 陽性), 2.79 秒
2026-07-11 12:06:02,233 - m3_module.m3_cells_generator - INFO - All-positive 標註完成: 100 個細胞
2026-07-11 12:06:02,293 - m3_module.m3_cells_generator - INFO - enlarge_cell_instances: 100 顆細胞, factor=1.50(面積), 中位半徑=28.9px, 外擴=6.5px
2026-07-11 12:06:02,294 - cellpose.transforms - INFO - processing image with (1024, 1024) HW, and 3 channels
2026-07-11 12:06:02,865 - hybrid_pipeline - INFO - [286/441] 處理 tile: tile_x5376_y4608
2026-07-11 12:06:02,903 - m3_module.m3_elastic_matching - INFO - elastic_dish_nucleus_matching(overlap-first): IHC=100, DISH=102, matched(1核)=63 (其中重疊=63), drop-out(競爭落敗)=10, 無候選(計入)=27, factor=1.50, min_reach=20.0
2026-07-11 12:06:02,948 - cellpose.transforms - INFO - processing image with (1024, 1024) HW, and 3 channels
2026-07-11 12:06:03,884 - m3_module.m3_dot_detection - INFO - detect_all_dots: 紅點=74, 黑點=167, 涉及細胞=100
2026-07-11 12:06:04,315 - m4_module.cell_crops - INFO - 匯出 55 張 per-cell 影像至 docs/hybrid-pipeline/measurement/runs_current/large/cell_crops/tile_x5376_y3840/cells
2026-07-11 12:06:04,316 - hybrid_pipeline - INFO - Tile tile_x5376_y3840 完成: 核心擁有 55 細胞 (55 陽性), 3.25 秒
2026-07-11 12:06:04,387 - m3_module.m3_cells_generator - INFO - All-positive 標註完成: 130 個細胞
2026-07-11 12:06:04,447 - m3_module.m3_cells_generator - INFO - enlarge_cell_instances: 130 顆細胞, factor=1.50(面積), 中位半徑=25.6px, 外擴=5.8px
2026-07-11 12:06:04,447 - cellpose.transforms - INFO - processing image with (1024, 1024) HW, and 3 channels
2026-07-11 12:06:05,005 - hybrid_pipeline - INFO - [287/441] 處理 tile: tile_x5376_y5376
2026-07-11 12:06:05,038 - m3_module.m3_elastic_matching - INFO - elastic_dish_nucleus_matching(overlap-first): IHC=130, DISH=94, matched(1核)=71 (其中重疊=71), drop-out(競爭落敗)=23, 無候選(計入)=36, factor=1.50, min_reach=20.0
2026-07-11 12:06:05,089 - cellpose.transforms - INFO - processing image with (1024, 1024) HW, and 3 channels
2026-07-11 12:06:06,176 - m3_module.m3_dot_detection - INFO - detect_all_dots: 紅點=76, 黑點=187, 涉及細胞=130
2026-07-11 12:06:06,609 - m4_module.cell_crops - INFO - 匯出 74 張 per-cell 影像至 docs/hybrid-pipeline/measurement/runs_current/large/cell_crops/tile_x5376_y4608/cells
2026-07-11 12:06:06,609 - hybrid_pipeline - INFO - Tile tile_x5376_y4608 完成: 核心擁有 74 細胞 (74 陽性), 3.74 秒
2026-07-11 12:06:06,627 - m3_module.m3_cells_generator - INFO - All-positive 標註完成: 83 個細胞
2026-07-11 12:06:06,681 - m3_module.m3_cells_generator - INFO - enlarge_cell_instances: 83 顆細胞, factor=1.50(面積), 中位半徑=27.9px, 外擴=6.3px
2026-07-11 12:06:06,682 - cellpose.transforms - INFO - processing image with (1024, 1024) HW, and 3 channels
2026-07-11 12:06:07,243 - hybrid_pipeline - INFO - [288/441] 處理 tile: tile_x5376_y6144
2026-07-11 12:06:07,276 - m3_module.m3_elastic_matching - INFO - elastic_dish_nucleus_matching(overlap-first): IHC=83, DISH=73, matched(1核)=51 (其中重疊=51), drop-out(競爭落敗)=11, 無候選(計入)=21, factor=1.50, min_reach=20.0
2026-07-11 12:06:07,341 - cellpose.transforms - INFO - processing image with (1024, 1024) HW, and 3 channels
2026-07-11 12:06:08,042 - m3_module.m3_dot_detection - INFO - detect_all_dots: 紅點=65, 黑點=152, 涉及細胞=83
2026-07-11 12:06:08,425 - m4_module.cell_crops - INFO - 匯出 53 張 per-cell 影像至 docs/hybrid-pipeline/measurement/runs_current/large/cell_crops/tile_x5376_y5376/cells
2026-07-11 12:06:08,425 - hybrid_pipeline - INFO - Tile tile_x5376_y5376 完成: 核心擁有 53 細胞 (53 陽性), 3.42 秒
2026-07-11 12:06:08,459 - m3_module.m3_cells_generator - INFO - All-positive 標註完成: 31 個細胞
2026-07-11 12:06:08,498 - m3_module.m3_cells_generator - INFO - enlarge_cell_instances: 31 顆細胞, factor=1.50(面積), 中位半徑=23.5px, 外擴=5.3px
2026-07-11 12:06:08,499 - cellpose.transforms - INFO - processing image with (1024, 1024) HW, and 3 channels
2026-07-11 12:06:09,057 - hybrid_pipeline - INFO - [289/441] 處理 tile: tile_x5376_y6912
2026-07-11 12:06:09,091 - m3_module.m3_elastic_matching - INFO - elastic_dish_nucleus_matching(overlap-first): IHC=31, DISH=27, matched(1核)=19 (其中重疊=19), drop-out(競爭落敗)=1, 無候選(計入)=11, factor=1.50, min_reach=20.0
2026-07-11 12:06:09,150 - cellpose.transforms - INFO - processing image with (1024, 1024) HW, and 3 channels
2026-07-11 12:06:09,400 - m3_module.m3_dot_detection - INFO - detect_all_dots: 紅點=21, 黑點=45, 涉及細胞=31
2026-07-11 12:06:09,542 - m4_module.cell_crops - INFO - 匯出 23 張 per-cell 影像至 docs/hybrid-pipeline/measurement/runs_current/large/cell_crops/tile_x5376_y6144/cells
2026-07-11 12:06:09,542 - hybrid_pipeline - INFO - Tile tile_x5376_y6144 完成: 核心擁有 23 細胞 (23 陽性), 2.30 秒
2026-07-11 12:06:09,795 - m3_module.m3_cells_generator - INFO - All-positive 標註完成: 10 個細胞
2026-07-11 12:06:09,829 - m3_module.m3_cells_generator - INFO - enlarge_cell_instances: 10 顆細胞, factor=1.50(面積), 中位半徑=16.1px, 外擴=3.6px
2026-07-11 12:06:09,829 - cellpose.transforms - INFO - processing image with (1024, 1024) HW, and 3 channels
2026-07-11 12:06:10,383 - hybrid_pipeline - INFO - [290/441] 處理 tile: tile_x5376_y768
2026-07-11 12:06:10,410 - m3_module.m3_elastic_matching - INFO - elastic_dish_nucleus_matching(overlap-first): IHC=10, DISH=8, matched(1核)=5 (其中重疊=5), drop-out(競爭落敗)=0, 無候選(計入)=5, factor=1.50, min_reach=20.0
2026-07-11 12:06:10,474 - cellpose.transforms - INFO - processing image with (1024, 1024) HW, and 3 channels
2026-07-11 12:06:10,564 - m3_module.m3_dot_detection - INFO - detect_all_dots: 紅點=8, 黑點=9, 涉及細胞=10
2026-07-11 12:06:10,657 - m4_module.cell_crops - INFO - 匯出 0 張 per-cell 影像至 docs/hybrid-pipeline/measurement/runs_current/large/cell_crops/tile_x5376_y6912/cells
2026-07-11 12:06:10,657 - hybrid_pipeline - INFO - Tile tile_x5376_y6912 完成: 核心擁有 0 細胞 (0 陽性), 1.60 秒
2026-07-11 12:06:11,009 - m3_module.m3_cells_generator - INFO - All-positive 標註完成: 102 個細胞
2026-07-11 12:06:11,062 - m3_module.m3_cells_generator - INFO - enlarge_cell_instances: 102 顆細胞, factor=1.50(面積), 中位半徑=25.4px, 外擴=5.7px
2026-07-11 12:06:11,063 - cellpose.transforms - INFO - processing image with (1024, 1024) HW, and 3 channels
2026-07-11 12:06:11,632 - hybrid_pipeline - INFO - [291/441] 處理 tile: tile_x5376_y7680
2026-07-11 12:06:11,665 - m3_module.m3_elastic_matching - INFO - elastic_dish_nucleus_matching(overlap-first): IHC=102, DISH=66, matched(1核)=55 (其中重疊=55), drop-out(競爭落敗)=22, 無候選(計入)=25, factor=1.50, min_reach=20.0
2026-07-11 12:06:11,724 - cellpose.transforms - INFO - processing image with (1024, 1024) HW, and 3 channels
2026-07-11 12:06:12,600 - m3_module.m3_dot_detection - INFO - detect_all_dots: 紅點=70, 黑點=143, 涉及細胞=102
2026-07-11 12:06:12,938 - m4_module.cell_crops - INFO - 匯出 39 張 per-cell 影像至 docs/hybrid-pipeline/measurement/runs_current/large/cell_crops/tile_x5376_y768/cells
2026-07-11 12:06:12,938 - hybrid_pipeline - INFO - Tile tile_x5376_y768 完成: 核心擁有 39 細胞 (39 陽性), 2.56 秒
2026-07-11 12:06:13,045 - m3_module.m3_cells_generator - INFO - All-positive 標註完成: 45 個細胞
2026-07-11 12:06:13,088 - m3_module.m3_cells_generator - INFO - enlarge_cell_instances: 45 顆細胞, factor=1.50(面積), 中位半徑=30.1px, 外擴=6.8px
2026-07-11 12:06:13,088 - cellpose.transforms - INFO - processing image with (1024, 1024) HW, and 3 channels
2026-07-11 12:06:13,656 - hybrid_pipeline - INFO - [292/441] 處理 tile: tile_x5376_y8448
2026-07-11 12:06:13,685 - m3_module.m3_elastic_matching - INFO - elastic_dish_nucleus_matching(overlap-first): IHC=45, DISH=29, matched(1核)=21 (其中重疊=21), drop-out(競爭落敗)=10, 無候選(計入)=14, factor=1.50, min_reach=20.0
2026-07-11 12:06:13,751 - cellpose.transforms - INFO - processing image with (1024, 1024) HW, and 3 channels
2026-07-11 12:06:14,059 - m3_module.m3_dot_detection - INFO - detect_all_dots: 紅點=21, 黑點=42, 涉及細胞=45
2026-07-11 12:06:14,231 - m4_module.cell_crops - INFO - 匯出 15 張 per-cell 影像至 docs/hybrid-pipeline/measurement/runs_current/large/cell_crops/tile_x5376_y7680/cells
2026-07-11 12:06:14,231 - hybrid_pipeline - INFO - Tile tile_x5376_y7680 完成: 核心擁有 15 細胞 (15 陽性), 2.60 秒
2026-07-11 12:06:14,509 - m3_module.m3_cells_generator - INFO - All-positive 標註完成: 62 個細胞
2026-07-11 12:06:14,553 - m3_module.m3_cells_generator - INFO - enlarge_cell_instances: 62 顆細胞, factor=1.50(面積), 中位半徑=28.8px, 外擴=6.5px
2026-07-11 12:06:14,554 - cellpose.transforms - INFO - processing image with (1024, 1024) HW, and 3 channels
2026-07-11 12:06:15,124 - hybrid_pipeline - INFO - [293/441] 處理 tile: tile_x5376_y9216
2026-07-11 12:06:15,152 - m3_module.m3_elastic_matching - INFO - elastic_dish_nucleus_matching(overlap-first): IHC=62, DISH=35, matched(1核)=28 (其中重疊=28), drop-out(競爭落敗)=19, 無候選(計入)=15, factor=1.50, min_reach=20.0
2026-07-11 12:06:15,207 - cellpose.transforms - INFO - processing image with (1024, 1024) HW, and 3 channels
2026-07-11 12:06:15,674 - m3_module.m3_dot_detection - INFO - detect_all_dots: 紅點=29, 黑點=70, 涉及細胞=62
2026-07-11 12:06:15,891 - m4_module.cell_crops - INFO - 匯出 28 張 per-cell 影像至 docs/hybrid-pipeline/measurement/runs_current/large/cell_crops/tile_x5376_y8448/cells
2026-07-11 12:06:15,891 - hybrid_pipeline - INFO - Tile tile_x5376_y8448 完成: 核心擁有 28 細胞 (28 陽性), 2.23 秒
2026-07-11 12:06:16,107 - m3_module.m3_cells_generator - INFO - All-positive 標註完成: 48 個細胞
2026-07-11 12:06:16,145 - m3_module.m3_cells_generator - INFO - enlarge_cell_instances: 48 顆細胞, factor=1.50(面積), 中位半徑=33.6px, 外擴=7.6px
2026-07-11 12:06:16,145 - cellpose.transforms - INFO - processing image with (1024, 1024) HW, and 3 channels
2026-07-11 12:06:16,704 - hybrid_pipeline - INFO - [294/441] 處理 tile: tile_x5376_y9984
2026-07-11 12:06:16,735 - m3_module.m3_elastic_matching - INFO - elastic_dish_nucleus_matching(overlap-first): IHC=48, DISH=32, matched(1核)=27 (其中重疊=27), drop-out(競爭落敗)=6, 無候選(計入)=15, factor=1.50, min_reach=20.0
2026-07-11 12:06:16,792 - cellpose.transforms - INFO - processing image with (1024, 1024) HW, and 3 channels
2026-07-11 12:06:17,203 - m3_module.m3_dot_detection - INFO - detect_all_dots: 紅點=26, 黑點=50, 涉及細胞=48
2026-07-11 12:06:17,417 - m4_module.cell_crops - INFO - 匯出 25 張 per-cell 影像至 docs/hybrid-pipeline/measurement/runs_current/large/cell_crops/tile_x5376_y9216/cells
2026-07-11 12:06:17,417 - hybrid_pipeline - INFO - Tile tile_x5376_y9216 完成: 核心擁有 25 細胞 (25 陽性), 2.29 秒
2026-07-11 12:06:17,655 - m3_module.m3_cells_generator - INFO - All-positive 標註完成: 81 個細胞
2026-07-11 12:06:17,703 - m3_module.m3_cells_generator - INFO - enlarge_cell_instances: 81 顆細胞, factor=1.50(面積), 中位半徑=30.3px, 外擴=6.8px
2026-07-11 12:06:17,703 - cellpose.transforms - INFO - processing image with (1024, 1024) HW, and 3 channels
2026-07-11 12:06:18,260 - hybrid_pipeline - INFO - [295/441] 處理 tile: tile_x6144_y0
2026-07-11 12:06:18,291 - m3_module.m3_elastic_matching - INFO - elastic_dish_nucleus_matching(overlap-first): IHC=81, DISH=63, matched(1核)=48 (其中重疊=48), drop-out(競爭落敗)=14, 無候選(計入)=19, factor=1.50, min_reach=20.0
2026-07-11 12:06:18,340 - cellpose.transforms - INFO - processing image with (1024, 1024) HW, and 3 channels
2026-07-11 12:06:19,132 - m3_module.m3_dot_detection - INFO - detect_all_dots: 紅點=65, 黑點=140, 涉及細胞=81
2026-07-11 12:06:19,439 - m4_module.cell_crops - INFO - 匯出 53 張 per-cell 影像至 docs/hybrid-pipeline/measurement/runs_current/large/cell_crops/tile_x5376_y9984/cells
2026-07-11 12:06:19,439 - hybrid_pipeline - INFO - Tile tile_x5376_y9984 完成: 核心擁有 53 細胞 (53 陽性), 2.73 秒
2026-07-11 12:06:19,556 - m3_module.m3_cells_generator - INFO - All-positive 標註完成: 77 個細胞
2026-07-11 12:06:19,607 - m3_module.m3_cells_generator - INFO - enlarge_cell_instances: 77 顆細胞, factor=1.50(面積), 中位半徑=25.5px, 外擴=5.7px
2026-07-11 12:06:19,607 - cellpose.transforms - INFO - processing image with (1024, 1024) HW, and 3 channels
2026-07-11 12:06:20,171 - hybrid_pipeline - INFO - [296/441] 處理 tile: tile_x6144_y10752
2026-07-11 12:06:20,206 - m3_module.m3_elastic_matching - INFO - elastic_dish_nucleus_matching(overlap-first): IHC=77, DISH=80, matched(1核)=47 (其中重疊=47), drop-out(競爭落敗)=11, 無候選(計入)=19, factor=1.50, min_reach=20.0
2026-07-11 12:06:20,263 - cellpose.transforms - INFO - processing image with (1024, 1024) HW, and 3 channels
2026-07-11 12:06:20,945 - m3_module.m3_dot_detection - INFO - detect_all_dots: 紅點=63, 黑點=144, 涉及細胞=77
2026-07-11 12:06:21,325 - m4_module.cell_crops - INFO - 匯出 46 張 per-cell 影像至 docs/hybrid-pipeline/measurement/runs_current/large/cell_crops/tile_x6144_y0/cells
2026-07-11 12:06:21,325 - hybrid_pipeline - INFO - Tile tile_x6144_y0 完成: 核心擁有 46 細胞 (46 陽性), 3.06 秒
2026-07-11 12:06:21,366 - m3_module.m3_cells_generator - INFO - All-positive 標註完成: 12 個細胞
2026-07-11 12:06:21,394 - m3_module.m3_cells_generator - INFO - enlarge_cell_instances: 12 顆細胞, factor=1.50(面積), 中位半徑=33.6px, 外擴=7.6px
2026-07-11 12:06:21,395 - cellpose.transforms - INFO - processing image with (1024, 1024) HW, and 3 channels
2026-07-11 12:06:21,955 - hybrid_pipeline - INFO - [297/441] 處理 tile: tile_x6144_y11520
2026-07-11 12:06:21,984 - m3_module.m3_elastic_matching - INFO - elastic_dish_nucleus_matching(overlap-first): IHC=12, DISH=15, matched(1核)=7 (其中重疊=7), drop-out(競爭落敗)=1, 無候選(計入)=4, factor=1.50, min_reach=20.0
2026-07-11 12:06:22,049 - cellpose.transforms - INFO - processing image with (1024, 1024) HW, and 3 channels
2026-07-11 12:06:22,162 - m3_module.m3_dot_detection - INFO - detect_all_dots: 紅點=9, 黑點=13, 涉及細胞=12
2026-07-11 12:06:22,272 - m4_module.cell_crops - INFO - 匯出 6 張 per-cell 影像至 docs/hybrid-pipeline/measurement/runs_current/large/cell_crops/tile_x6144_y10752/cells
2026-07-11 12:06:22,272 - hybrid_pipeline - INFO - Tile tile_x6144_y10752 完成: 核心擁有 6 細胞 (6 陽性), 2.10 秒
2026-07-11 12:06:22,561 - m3_module.m3_cells_generator - INFO - All-positive 標註完成: 21 個細胞
2026-07-11 12:06:22,602 - m3_module.m3_cells_generator - INFO - enlarge_cell_instances: 21 顆細胞, factor=1.50(面積), 中位半徑=28.3px, 外擴=6.4px
2026-07-11 12:06:22,602 - cellpose.transforms - INFO - processing image with (1024, 1024) HW, and 3 channels
2026-07-11 12:06:23,163 - hybrid_pipeline - INFO - [298/441] 處理 tile: tile_x6144_y12288
2026-07-11 12:06:23,188 - m3_module.m3_elastic_matching - INFO - elastic_dish_nucleus_matching(overlap-first): IHC=21, DISH=24, matched(1核)=13 (其中重疊=13), drop-out(競爭落敗)=4, 無候選(計入)=4, factor=1.50, min_reach=20.0
2026-07-11 12:06:23,258 - cellpose.transforms - INFO - processing image with (1024, 1024) HW, and 3 channels
2026-07-11 12:06:23,450 - m3_module.m3_dot_detection - INFO - detect_all_dots: 紅點=17, 黑點=27, 涉及細胞=21
2026-07-11 12:06:23,605 - m4_module.cell_crops - INFO - 匯出 16 張 per-cell 影像至 docs/hybrid-pipeline/measurement/runs_current/large/cell_crops/tile_x6144_y11520/cells
2026-07-11 12:06:23,605 - hybrid_pipeline - INFO - Tile tile_x6144_y11520 完成: 核心擁有 16 細胞 (16 陽性), 1.65 秒
2026-07-11 12:06:23,867 - m3_module.m3_cells_generator - INFO - All-positive 標註完成: 14 個細胞
2026-07-11 12:06:23,903 - m3_module.m3_cells_generator - INFO - enlarge_cell_instances: 14 顆細胞, factor=1.50(面積), 中位半徑=27.6px, 外擴=6.2px
2026-07-11 12:06:23,903 - cellpose.transforms - INFO - processing image with (1024, 1024) HW, and 3 channels
2026-07-11 12:06:24,461 - hybrid_pipeline - INFO - [299/441] 處理 tile: tile_x6144_y13056
2026-07-11 12:06:24,487 - m3_module.m3_elastic_matching - INFO - elastic_dish_nucleus_matching(overlap-first): IHC=14, DISH=14, matched(1核)=10 (其中重疊=10), drop-out(競爭落敗)=4, 無候選(計入)=0, factor=1.50, min_reach=20.0
2026-07-11 12:06:24,554 - cellpose.transforms - INFO - processing image with (1024, 1024) HW, and 3 channels
2026-07-11 12:06:24,705 - m3_module.m3_dot_detection - INFO - detect_all_dots: 紅點=10, 黑點=25, 涉及細胞=14
2026-07-11 12:06:24,810 - m4_module.cell_crops - INFO - 匯出 5 張 per-cell 影像至 docs/hybrid-pipeline/measurement/runs_current/large/cell_crops/tile_x6144_y12288/cells
2026-07-11 12:06:24,810 - hybrid_pipeline - INFO - Tile tile_x6144_y12288 完成: 核心擁有 5 細胞 (5 陽性), 1.65 秒
2026-07-11 12:06:25,117 - m3_module.m3_cells_generator - INFO - All-positive 標註完成: 9 個細胞
2026-07-11 12:06:25,154 - m3_module.m3_cells_generator - INFO - enlarge_cell_instances: 9 顆細胞, factor=1.50(面積), 中位半徑=33.6px, 外擴=7.6px
2026-07-11 12:06:25,154 - cellpose.transforms - INFO - processing image with (1024, 1024) HW, and 3 channels
2026-07-11 12:06:25,724 - hybrid_pipeline - INFO - [300/441] 處理 tile: tile_x6144_y13824
2026-07-11 12:06:25,749 - m3_module.m3_elastic_matching - INFO - elastic_dish_nucleus_matching(overlap-first): IHC=9, DISH=12, matched(1核)=9 (其中重疊=9), drop-out(競爭落敗)=0, 無候選(計入)=0, factor=1.50, min_reach=20.0
2026-07-11 12:06:25,812 - cellpose.transforms - INFO - processing image with (1024, 1024) HW, and 3 channels
2026-07-11 12:06:25,950 - m3_module.m3_dot_detection - INFO - detect_all_dots: 紅點=11, 黑點=26, 涉及細胞=9
2026-07-11 12:06:26,026 - m4_module.cell_crops - INFO - 匯出 5 張 per-cell 影像至 docs/hybrid-pipeline/measurement/runs_current/large/cell_crops/tile_x6144_y13056/cells
2026-07-11 12:06:26,026 - hybrid_pipeline - INFO - Tile tile_x6144_y13056 完成: 核心擁有 5 細胞 (5 陽性), 1.56 秒
2026-07-11 12:06:26,345 - m3_module.m3_cells_generator - INFO - All-positive 標註完成: 5 個細胞
2026-07-11 12:06:26,376 - m3_module.m3_cells_generator - INFO - enlarge_cell_instances: 5 顆細胞, factor=1.50(面積), 中位半徑=27.2px, 外擴=6.1px
2026-07-11 12:06:26,377 - cellpose.transforms - INFO - processing image with (1024, 1024) HW, and 3 channels
2026-07-11 12:06:26,935 - hybrid_pipeline - INFO - [301/441] 處理 tile: tile_x6144_y14592
2026-07-11 12:06:26,958 - m3_module.m3_elastic_matching - INFO - elastic_dish_nucleus_matching(overlap-first): IHC=5, DISH=11, matched(1核)=2 (其中重疊=2), drop-out(競爭落敗)=2, 無候選(計入)=1, factor=1.50, min_reach=20.0
2026-07-11 12:06:27,168 - m3_module.m3_dot_detection - INFO - detect_all_dots: 紅點=2, 黑點=7, 涉及細胞=5
2026-07-11 12:06:27,253 - m4_module.cell_crops - INFO - 匯出 1 張 per-cell 影像至 docs/hybrid-pipeline/measurement/runs_current/large/cell_crops/tile_x6144_y13824/cells
2026-07-11 12:06:27,253 - hybrid_pipeline - INFO - Tile tile_x6144_y13824 完成: 核心擁有 1 細胞 (1 陽性), 1.53 秒
2026-07-11 12:06:27,254 - hybrid_pipeline - INFO - [302/441] 處理 tile: tile_x6144_y1536
2026-07-11 12:06:27,283 - hybrid_pipeline - INFO - Tile tile_x6144_y14592: 核心遮罩全空 → 空白 placeholder
2026-07-11 12:06:27,330 - cellpose.transforms - INFO - processing image with (1024, 1024) HW, and 3 channels
2026-07-11 12:06:27,849 - m3_module.m3_cells_generator - INFO - All-positive 標註完成: 94 個細胞
2026-07-11 12:06:27,897 - m3_module.m3_cells_generator - INFO - enlarge_cell_instances: 94 顆細胞, factor=1.50(面積), 中位半徑=25.8px, 外擴=5.8px
2026-07-11 12:06:27,898 - cellpose.transforms - INFO - processing image with (1024, 1024) HW, and 3 channels
2026-07-11 12:06:28,457 - hybrid_pipeline - INFO - [303/441] 處理 tile: tile_x6144_y15360
2026-07-11 12:06:28,482 - m3_module.m3_elastic_matching - INFO - elastic_dish_nucleus_matching(overlap-first): IHC=94, DISH=84, matched(1核)=55 (其中重疊=55), drop-out(競爭落敗)=17, 無候選(計入)=22, factor=1.50, min_reach=20.0
2026-07-11 12:06:28,549 - cellpose.transforms - INFO - processing image with (1024, 1024) HW, and 3 channels
2026-07-11 12:06:29,549 - m3_module.m3_dot_detection - INFO - detect_all_dots: 紅點=78, 黑點=168, 涉及細胞=94
2026-07-11 12:06:29,804 - cellpose.dynamics - INFO - No cell pixels found.
2026-07-11 12:06:29,854 - m3_module.m3_cells_generator - INFO - All-positive 標註完成: 0 個細胞
2026-07-11 12:06:29,857 - cellpose.transforms - INFO - processing image with (1024, 1024) HW, and 3 channels
2026-07-11 12:06:29,912 - m4_module.cell_crops - INFO - 匯出 39 張 per-cell 影像至 docs/hybrid-pipeline/measurement/runs_current/large/cell_crops/tile_x6144_y1536/cells
2026-07-11 12:06:29,912 - hybrid_pipeline - INFO - Tile tile_x6144_y1536 完成: 核心擁有 39 細胞 (39 陽性), 2.66 秒
2026-07-11 12:06:30,424 - hybrid_pipeline - INFO - [304/441] 處理 tile: tile_x6144_y2304
2026-07-11 12:06:30,503 - cellpose.transforms - INFO - processing image with (1024, 1024) HW, and 3 channels
2026-07-11 12:06:30,534 - m3_module.m3_dot_detection - INFO - detect_all_dots: 紅點=0, 黑點=0, 涉及細胞=0
2026-07-11 12:06:30,563 - m4_module.cell_crops - INFO - 匯出 0 張 per-cell 影像至 docs/hybrid-pipeline/measurement/runs_current/large/cell_crops/tile_x6144_y15360/cells
2026-07-11 12:06:30,564 - hybrid_pipeline - INFO - Tile tile_x6144_y15360 完成: 核心擁有 0 細胞 (0 陽性), 2.11 秒
2026-07-11 12:06:31,103 - m3_module.m3_cells_generator - INFO - All-positive 標註完成: 110 個細胞
2026-07-11 12:06:31,163 - m3_module.m3_cells_generator - INFO - enlarge_cell_instances: 110 顆細胞, factor=1.50(面積), 中位半徑=27.3px, 外擴=6.1px
2026-07-11 12:06:31,163 - cellpose.transforms - INFO - processing image with (1024, 1024) HW, and 3 channels
2026-07-11 12:06:31,715 - hybrid_pipeline - INFO - [305/441] 處理 tile: tile_x6144_y3072
2026-07-11 12:06:31,742 - m3_module.m3_elastic_matching - INFO - elastic_dish_nucleus_matching(overlap-first): IHC=110, DISH=99, matched(1核)=59 (其中重疊=59), drop-out(競爭落敗)=15, 無候選(計入)=36, factor=1.50, min_reach=20.0
2026-07-11 12:06:31,803 - cellpose.transforms - INFO - processing image with (1024, 1024) HW, and 3 channels
2026-07-11 12:06:32,688 - m3_module.m3_dot_detection - INFO - detect_all_dots: 紅點=64, 黑點=139, 涉及細胞=110
2026-07-11 12:06:33,134 - m4_module.cell_crops - INFO - 匯出 56 張 per-cell 影像至 docs/hybrid-pipeline/measurement/runs_current/large/cell_crops/tile_x6144_y2304/cells
2026-07-11 12:06:33,134 - hybrid_pipeline - INFO - Tile tile_x6144_y2304 完成: 核心擁有 56 細胞 (56 陽性), 2.71 秒
2026-07-11 12:06:33,211 - m3_module.m3_cells_generator - INFO - All-positive 標註完成: 131 個細胞
2026-07-11 12:06:33,273 - m3_module.m3_cells_generator - INFO - enlarge_cell_instances: 131 顆細胞, factor=1.50(面積), 中位半徑=30.6px, 外擴=6.9px
2026-07-11 12:06:33,274 - cellpose.transforms - INFO - processing image with (1024, 1024) HW, and 3 channels
2026-07-11 12:06:33,828 - hybrid_pipeline - INFO - [306/441] 處理 tile: tile_x6144_y3840
2026-07-11 12:06:33,862 - m3_module.m3_elastic_matching - INFO - elastic_dish_nucleus_matching(overlap-first): IHC=131, DISH=89, matched(1核)=70 (其中重疊=70), drop-out(競爭落敗)=29, 無候選(計入)=32, factor=1.50, min_reach=20.0
2026-07-11 12:06:33,917 - cellpose.transforms - INFO - processing image with (1024, 1024) HW, and 3 channels
2026-07-11 12:06:34,961 - m3_module.m3_dot_detection - INFO - detect_all_dots: 紅點=86, 黑點=183, 涉及細胞=131
2026-07-11 12:06:35,427 - m4_module.cell_crops - INFO - 匯出 73 張 per-cell 影像至 docs/hybrid-pipeline/measurement/runs_current/large/cell_crops/tile_x6144_y3072/cells
2026-07-11 12:06:35,427 - hybrid_pipeline - INFO - Tile tile_x6144_y3072 完成: 核心擁有 73 細胞 (73 陽性), 3.71 秒
2026-07-11 12:06:35,481 - m3_module.m3_cells_generator - INFO - All-positive 標註完成: 107 個細胞
2026-07-11 12:06:35,540 - m3_module.m3_cells_generator - INFO - enlarge_cell_instances: 107 顆細胞, factor=1.50(面積), 中位半徑=27.2px, 外擴=6.1px
2026-07-11 12:06:35,540 - cellpose.transforms - INFO - processing image with (1024, 1024) HW, and 3 channels
2026-07-11 12:06:36,101 - hybrid_pipeline - INFO - [307/441] 處理 tile: tile_x6144_y4608
2026-07-11 12:06:36,132 - m3_module.m3_elastic_matching - INFO - elastic_dish_nucleus_matching(overlap-first): IHC=107, DISH=83, matched(1核)=61 (其中重疊=61), drop-out(競爭落敗)=18, 無候選(計入)=28, factor=1.50, min_reach=20.0
2026-07-11 12:06:36,180 - cellpose.transforms - INFO - processing image with (1024, 1024) HW, and 3 channels
2026-07-11 12:06:37,198 - m3_module.m3_dot_detection - INFO - detect_all_dots: 紅點=70, 黑點=169, 涉及細胞=107
2026-07-11 12:06:37,609 - m4_module.cell_crops - INFO - 匯出 62 張 per-cell 影像至 docs/hybrid-pipeline/measurement/runs_current/large/cell_crops/tile_x6144_y3840/cells
2026-07-11 12:06:37,609 - hybrid_pipeline - INFO - Tile tile_x6144_y3840 完成: 核心擁有 62 細胞 (62 陽性), 3.78 秒
2026-07-11 12:06:37,636 - m3_module.m3_cells_generator - INFO - All-positive 標註完成: 81 個細胞
2026-07-11 12:06:37,687 - m3_module.m3_cells_generator - INFO - enlarge_cell_instances: 81 顆細胞, factor=1.50(面積), 中位半徑=26.2px, 外擴=5.9px
2026-07-11 12:06:37,687 - cellpose.transforms - INFO - processing image with (1024, 1024) HW, and 3 channels
2026-07-11 12:06:38,245 - hybrid_pipeline - INFO - [308/441] 處理 tile: tile_x6144_y5376
2026-07-11 12:06:38,280 - m3_module.m3_elastic_matching - INFO - elastic_dish_nucleus_matching(overlap-first): IHC=81, DISH=81, matched(1核)=46 (其中重疊=46), drop-out(競爭落敗)=13, 無候選(計入)=22, factor=1.50, min_reach=20.0
2026-07-11 12:06:38,342 - cellpose.transforms - INFO - processing image with (1024, 1024) HW, and 3 channels
2026-07-11 12:06:39,129 - m3_module.m3_dot_detection - INFO - detect_all_dots: 紅點=58, 黑點=118, 涉及細胞=81
2026-07-11 12:06:39,475 - m4_module.cell_crops - INFO - 匯出 43 張 per-cell 影像至 docs/hybrid-pipeline/measurement/runs_current/large/cell_crops/tile_x6144_y4608/cells
2026-07-11 12:06:39,475 - hybrid_pipeline - INFO - Tile tile_x6144_y4608 完成: 核心擁有 43 細胞 (43 陽性), 3.37 秒
2026-07-11 12:06:39,562 - m3_module.m3_cells_generator - INFO - All-positive 標註完成: 54 個細胞
2026-07-11 12:06:39,614 - m3_module.m3_cells_generator - INFO - enlarge_cell_instances: 54 顆細胞, factor=1.50(面積), 中位半徑=27.9px, 外擴=6.3px
2026-07-11 12:06:39,614 - cellpose.transforms - INFO - processing image with (1024, 1024) HW, and 3 channels
2026-07-11 12:06:40,184 - hybrid_pipeline - INFO - [309/441] 處理 tile: tile_x6144_y6144
2026-07-11 12:06:40,213 - m3_module.m3_elastic_matching - INFO - elastic_dish_nucleus_matching(overlap-first): IHC=54, DISH=79, matched(1核)=33 (其中重疊=33), drop-out(競爭落敗)=4, 無候選(計入)=17, factor=1.50, min_reach=20.0
2026-07-11 12:06:40,280 - cellpose.transforms - INFO - processing image with (1024, 1024) HW, and 3 channels
2026-07-11 12:06:40,801 - m3_module.m3_dot_detection - INFO - detect_all_dots: 紅點=33, 黑點=61, 涉及細胞=54
2026-07-11 12:06:41,127 - m4_module.cell_crops - INFO - 匯出 33 張 per-cell 影像至 docs/hybrid-pipeline/measurement/runs_current/large/cell_crops/tile_x6144_y5376/cells
2026-07-11 12:06:41,128 - hybrid_pipeline - INFO - Tile tile_x6144_y5376 完成: 核心擁有 33 細胞 (33 陽性), 2.88 秒
2026-07-11 12:06:41,234 - m3_module.m3_cells_generator - INFO - All-positive 標註完成: 36 個細胞
2026-07-11 12:06:41,275 - m3_module.m3_cells_generator - INFO - enlarge_cell_instances: 36 顆細胞, factor=1.50(面積), 中位半徑=24.5px, 外擴=5.5px
2026-07-11 12:06:41,276 - cellpose.transforms - INFO - processing image with (1024, 1024) HW, and 3 channels
2026-07-11 12:06:41,841 - hybrid_pipeline - INFO - [310/441] 處理 tile: tile_x6144_y6912
2026-07-11 12:06:41,866 - m3_module.m3_elastic_matching - INFO - elastic_dish_nucleus_matching(overlap-first): IHC=36, DISH=42, matched(1核)=20 (其中重疊=20), drop-out(競爭落敗)=4, 無候選(計入)=12, factor=1.50, min_reach=20.0
2026-07-11 12:06:41,938 - cellpose.transforms - INFO - processing image with (1024, 1024) HW, and 3 channels
2026-07-11 12:06:42,326 - m3_module.m3_dot_detection - INFO - detect_all_dots: 紅點=29, 黑點=48, 涉及細胞=36
2026-07-11 12:06:42,556 - m4_module.cell_crops - INFO - 匯出 21 張 per-cell 影像至 docs/hybrid-pipeline/measurement/runs_current/large/cell_crops/tile_x6144_y6144/cells
2026-07-11 12:06:42,556 - hybrid_pipeline - INFO - Tile tile_x6144_y6144 完成: 核心擁有 21 細胞 (21 陽性), 2.37 秒
2026-07-11 12:06:42,749 - m3_module.m3_cells_generator - INFO - All-positive 標註完成: 38 個細胞
2026-07-11 12:06:42,791 - m3_module.m3_cells_generator - INFO - enlarge_cell_instances: 38 顆細胞, factor=1.50(面積), 中位半徑=20.8px, 外擴=4.7px
2026-07-11 12:06:42,792 - cellpose.transforms - INFO - processing image with (1024, 1024) HW, and 3 channels
2026-07-11 12:06:43,350 - hybrid_pipeline - INFO - [311/441] 處理 tile: tile_x6144_y768
2026-07-11 12:06:43,376 - m3_module.m3_elastic_matching - INFO - elastic_dish_nucleus_matching(overlap-first): IHC=38, DISH=29, matched(1核)=23 (其中重疊=23), drop-out(競爭落敗)=6, 無候選(計入)=9, factor=1.50, min_reach=20.0
2026-07-11 12:06:43,439 - cellpose.transforms - INFO - processing image with (1024, 1024) HW, and 3 channels
2026-07-11 12:06:43,807 - m3_module.m3_dot_detection - INFO - detect_all_dots: 紅點=29, 黑點=61, 涉及細胞=38
2026-07-11 12:06:43,990 - m4_module.cell_crops - INFO - 匯出 20 張 per-cell 影像至 docs/hybrid-pipeline/measurement/runs_current/large/cell_crops/tile_x6144_y6912/cells
2026-07-11 12:06:43,990 - hybrid_pipeline - INFO - Tile tile_x6144_y6912 完成: 核心擁有 20 細胞 (20 陽性), 2.15 秒
2026-07-11 12:06:44,274 - m3_module.m3_cells_generator - INFO - All-positive 標註完成: 132 個細胞
2026-07-11 12:06:44,334 - m3_module.m3_cells_generator - INFO - enlarge_cell_instances: 132 顆細胞, factor=1.50(面積), 中位半徑=24.7px, 外擴=5.6px
2026-07-11 12:06:44,335 - cellpose.transforms - INFO - processing image with (1024, 1024) HW, and 3 channels
2026-07-11 12:06:44,908 - hybrid_pipeline - INFO - [312/441] 處理 tile: tile_x6144_y7680
2026-07-11 12:06:44,944 - m3_module.m3_elastic_matching - INFO - elastic_dish_nucleus_matching(overlap-first): IHC=132, DISH=99, matched(1核)=74 (其中重疊=73), drop-out(競爭落敗)=31, 無候選(計入)=27, factor=1.50, min_reach=20.0
2026-07-11 12:06:44,991 - cellpose.transforms - INFO - processing image with (1024, 1024) HW, and 3 channels
2026-07-11 12:06:46,280 - m3_module.m3_dot_detection - INFO - detect_all_dots: 紅點=103, 黑點=224, 涉及細胞=132
2026-07-11 12:06:46,686 - m3_module.m3_cells_generator - INFO - All-positive 標註完成: 62 個細胞
2026-07-11 12:06:46,722 - m3_module.m3_cells_generator - INFO - enlarge_cell_instances: 62 顆細胞, factor=1.50(面積), 中位半徑=22.1px, 外擴=5.0px
2026-07-11 12:06:46,722 - cellpose.transforms - INFO - processing image with (1024, 1024) HW, and 3 channels
2026-07-11 12:06:46,726 - m4_module.cell_crops - INFO - 匯出 80 張 per-cell 影像至 docs/hybrid-pipeline/measurement/runs_current/large/cell_crops/tile_x6144_y768/cells
2026-07-11 12:06:46,726 - hybrid_pipeline - INFO - Tile tile_x6144_y768 完成: 核心擁有 80 細胞 (80 陽性), 3.38 秒
2026-07-11 12:06:47,282 - hybrid_pipeline - INFO - [313/441] 處理 tile: tile_x6144_y8448
2026-07-11 12:06:47,315 - m3_module.m3_elastic_matching - INFO - elastic_dish_nucleus_matching(overlap-first): IHC=62, DISH=49, matched(1核)=37 (其中重疊=37), drop-out(競爭落敗)=11, 無候選(計入)=14, factor=1.50, min_reach=20.0
2026-07-11 12:06:47,374 - cellpose.transforms - INFO - processing image with (1024, 1024) HW, and 3 channels
2026-07-11 12:06:47,906 - m3_module.m3_dot_detection - INFO - detect_all_dots: 紅點=48, 黑點=100, 涉及細胞=62
2026-07-11 12:06:48,093 - m4_module.cell_crops - INFO - 匯出 36 張 per-cell 影像至 docs/hybrid-pipeline/measurement/runs_current/large/cell_crops/tile_x6144_y7680/cells
2026-07-11 12:06:48,093 - hybrid_pipeline - INFO - Tile tile_x6144_y7680 完成: 核心擁有 36 細胞 (36 陽性), 3.18 秒
2026-07-11 12:06:48,281 - m3_module.m3_cells_generator - INFO - All-positive 標註完成: 10 個細胞
2026-07-11 12:06:48,308 - m3_module.m3_cells_generator - INFO - enlarge_cell_instances: 10 顆細胞, factor=1.50(面積), 中位半徑=15.3px, 外擴=3.4px
2026-07-11 12:06:48,308 - cellpose.transforms - INFO - processing image with (1024, 1024) HW, and 3 channels
2026-07-11 12:06:48,867 - hybrid_pipeline - INFO - [314/441] 處理 tile: tile_x6144_y9216
2026-07-11 12:06:48,892 - m3_module.m3_elastic_matching - INFO - elastic_dish_nucleus_matching(overlap-first): IHC=10, DISH=7, matched(1核)=4 (其中重疊=4), drop-out(競爭落敗)=2, 無候選(計入)=4, factor=1.50, min_reach=20.0
2026-07-11 12:06:48,955 - cellpose.transforms - INFO - processing image with (1024, 1024) HW, and 3 channels
2026-07-11 12:06:49,037 - m3_module.m3_dot_detection - INFO - detect_all_dots: 紅點=5, 黑點=6, 涉及細胞=10
2026-07-11 12:06:49,107 - m4_module.cell_crops - INFO - 匯出 1 張 per-cell 影像至 docs/hybrid-pipeline/measurement/runs_current/large/cell_crops/tile_x6144_y8448/cells
2026-07-11 12:06:49,107 - hybrid_pipeline - INFO - Tile tile_x6144_y8448 完成: 核心擁有 1 細胞 (1 陽性), 1.83 秒
2026-07-11 12:06:49,301 - cellpose.dynamics - INFO - No cell pixels found.
2026-07-11 12:06:49,351 - m3_module.m3_cells_generator - INFO - All-positive 標註完成: 0 個細胞
2026-07-11 12:06:49,356 - cellpose.transforms - INFO - processing image with (1024, 1024) HW, and 3 channels
2026-07-11 12:06:49,926 - hybrid_pipeline - INFO - [315/441] 處理 tile: tile_x6144_y9984
2026-07-11 12:06:50,005 - cellpose.transforms - INFO - processing image with (1024, 1024) HW, and 3 channels
2026-07-11 12:06:50,037 - m3_module.m3_dot_detection - INFO - detect_all_dots: 紅點=0, 黑點=0, 涉及細胞=0
2026-07-11 12:06:50,071 - m4_module.cell_crops - INFO - 匯出 0 張 per-cell 影像至 docs/hybrid-pipeline/measurement/runs_current/large/cell_crops/tile_x6144_y9216/cells
2026-07-11 12:06:50,071 - hybrid_pipeline - INFO - Tile tile_x6144_y9216 完成: 核心擁有 0 細胞 (0 陽性), 1.20 秒
2026-07-11 12:06:50,442 - m3_module.m3_cells_generator - INFO - All-positive 標註完成: 9 個細胞
2026-07-11 12:06:50,474 - m3_module.m3_cells_generator - INFO - enlarge_cell_instances: 9 顆細胞, factor=1.50(面積), 中位半徑=40.2px, 外擴=9.0px
2026-07-11 12:06:50,474 - cellpose.transforms - INFO - processing image with (1024, 1024) HW, and 3 channels
2026-07-11 12:06:51,034 - hybrid_pipeline - INFO - [316/441] 處理 tile: tile_x6912_y0
2026-07-11 12:06:51,058 - m3_module.m3_elastic_matching - INFO - elastic_dish_nucleus_matching(overlap-first): IHC=9, DISH=7, matched(1核)=6 (其中重疊=6), drop-out(競爭落敗)=1, 無候選(計入)=2, factor=1.50, min_reach=20.0
2026-07-11 12:06:51,125 - cellpose.transforms - INFO - processing image with (1024, 1024) HW, and 3 channels
2026-07-11 12:06:51,216 - m3_module.m3_dot_detection - INFO - detect_all_dots: 紅點=6, 黑點=17, 涉及細胞=9
2026-07-11 12:06:51,295 - m4_module.cell_crops - INFO - 匯出 2 張 per-cell 影像至 docs/hybrid-pipeline/measurement/runs_current/large/cell_crops/tile_x6144_y9984/cells
2026-07-11 12:06:51,295 - hybrid_pipeline - INFO - Tile tile_x6144_y9984 完成: 核心擁有 2 細胞 (2 陽性), 1.37 秒
2026-07-11 12:06:51,703 - m3_module.m3_cells_generator - INFO - All-positive 標註完成: 105 個細胞
2026-07-11 12:06:51,759 - m3_module.m3_cells_generator - INFO - enlarge_cell_instances: 105 顆細胞, factor=1.50(面積), 中位半徑=25.5px, 外擴=5.7px
2026-07-11 12:06:51,759 - cellpose.transforms - INFO - processing image with (1024, 1024) HW, and 3 channels
2026-07-11 12:06:52,327 - hybrid_pipeline - INFO - [317/441] 處理 tile: tile_x6912_y10752
2026-07-11 12:06:52,359 - m3_module.m3_elastic_matching - INFO - elastic_dish_nucleus_matching(overlap-first): IHC=105, DISH=103, matched(1核)=78 (其中重疊=78), drop-out(競爭落敗)=13, 無候選(計入)=14, factor=1.50, min_reach=20.0
2026-07-11 12:06:52,418 - cellpose.transforms - INFO - processing image with (1024, 1024) HW, and 3 channels
2026-07-11 12:06:53,697 - m3_module.m3_dot_detection - INFO - detect_all_dots: 紅點=93, 黑點=202, 涉及細胞=105
2026-07-11 12:06:54,087 - m3_module.m3_cells_generator - INFO - All-positive 標註完成: 38 個細胞
2026-07-11 12:06:54,115 - m4_module.cell_crops - INFO - 匯出 69 張 per-cell 影像至 docs/hybrid-pipeline/measurement/runs_current/large/cell_crops/tile_x6912_y0/cells
2026-07-11 12:06:54,115 - hybrid_pipeline - INFO - Tile tile_x6912_y0 完成: 核心擁有 69 細胞 (69 陽性), 3.08 秒
2026-07-11 12:06:54,130 - m3_module.m3_cells_generator - INFO - enlarge_cell_instances: 38 顆細胞, factor=1.50(面積), 中位半徑=24.4px, 外擴=5.5px
2026-07-11 12:06:54,131 - cellpose.transforms - INFO - processing image with (1024, 1024) HW, and 3 channels
2026-07-11 12:06:54,702 - hybrid_pipeline - INFO - [318/441] 處理 tile: tile_x6912_y11520
2026-07-11 12:06:54,736 - m3_module.m3_elastic_matching - INFO - elastic_dish_nucleus_matching(overlap-first): IHC=38, DISH=34, matched(1核)=21 (其中重疊=21), drop-out(競爭落敗)=3, 無候選(計入)=14, factor=1.50, min_reach=20.0
2026-07-11 12:06:54,803 - cellpose.transforms - INFO - processing image with (1024, 1024) HW, and 3 channels
2026-07-11 12:06:55,143 - m3_module.m3_dot_detection - INFO - detect_all_dots: 紅點=17, 黑點=58, 涉及細胞=38
2026-07-11 12:06:55,315 - m4_module.cell_crops - INFO - 匯出 12 張 per-cell 影像至 docs/hybrid-pipeline/measurement/runs_current/large/cell_crops/tile_x6912_y10752/cells
2026-07-11 12:06:55,315 - hybrid_pipeline - INFO - Tile tile_x6912_y10752 完成: 核心擁有 12 細胞 (12 陽性), 2.99 秒
2026-07-11 12:06:55,557 - m3_module.m3_cells_generator - INFO - All-positive 標註完成: 24 個細胞
2026-07-11 12:06:55,601 - m3_module.m3_cells_generator - INFO - enlarge_cell_instances: 24 顆細胞, factor=1.50(面積), 中位半徑=29.0px, 外擴=6.5px
2026-07-11 12:06:55,601 - cellpose.transforms - INFO - processing image with (1024, 1024) HW, and 3 channels
2026-07-11 12:06:56,161 - hybrid_pipeline - INFO - [319/441] 處理 tile: tile_x6912_y12288
2026-07-11 12:06:56,188 - m3_module.m3_elastic_matching - INFO - elastic_dish_nucleus_matching(overlap-first): IHC=24, DISH=27, matched(1核)=14 (其中重疊=14), drop-out(競爭落敗)=1, 無候選(計入)=9, factor=1.50, min_reach=20.0
2026-07-11 12:06:56,257 - cellpose.transforms - INFO - processing image with (1024, 1024) HW, and 3 channels
2026-07-11 12:06:56,500 - m3_module.m3_dot_detection - INFO - detect_all_dots: 紅點=16, 黑點=33, 涉及細胞=24
2026-07-11 12:06:56,678 - m4_module.cell_crops - INFO - 匯出 9 張 per-cell 影像至 docs/hybrid-pipeline/measurement/runs_current/large/cell_crops/tile_x6912_y11520/cells
2026-07-11 12:06:56,678 - hybrid_pipeline - INFO - Tile tile_x6912_y11520 完成: 核心擁有 9 細胞 (9 陽性), 1.98 秒
2026-07-11 12:06:56,951 - m3_module.m3_cells_generator - INFO - All-positive 標註完成: 54 個細胞
2026-07-11 12:06:56,996 - m3_module.m3_cells_generator - INFO - enlarge_cell_instances: 54 顆細胞, factor=1.50(面積), 中位半徑=28.9px, 外擴=6.5px
2026-07-11 12:06:56,997 - cellpose.transforms - INFO - processing image with (1024, 1024) HW, and 3 channels
2026-07-11 12:06:57,565 - hybrid_pipeline - INFO - [320/441] 處理 tile: tile_x6912_y13056
2026-07-11 12:06:57,591 - m3_module.m3_elastic_matching - INFO - elastic_dish_nucleus_matching(overlap-first): IHC=54, DISH=50, matched(1核)=36 (其中重疊=36), drop-out(競爭落敗)=9, 無候選(計入)=9, factor=1.50, min_reach=20.0
2026-07-11 12:06:57,652 - cellpose.transforms - INFO - processing image with (1024, 1024) HW, and 3 channels
2026-07-11 12:06:58,251 - m3_module.m3_dot_detection - INFO - detect_all_dots: 紅點=41, 黑點=82, 涉及細胞=54
2026-07-11 12:06:58,486 - m4_module.cell_crops - INFO - 匯出 39 張 per-cell 影像至 docs/hybrid-pipeline/measurement/runs_current/large/cell_crops/tile_x6912_y12288/cells
2026-07-11 12:06:58,486 - hybrid_pipeline - INFO - Tile tile_x6912_y12288 完成: 核心擁有 39 細胞 (39 陽性), 2.32 秒
2026-07-11 12:06:58,652 - m3_module.m3_cells_generator - INFO - All-positive 標註完成: 19 個細胞
2026-07-11 12:06:58,687 - m3_module.m3_cells_generator - INFO - enlarge_cell_instances: 19 顆細胞, factor=1.50(面積), 中位半徑=23.2px, 外擴=5.2px
2026-07-11 12:06:58,688 - cellpose.transforms - INFO - processing image with (1024, 1024) HW, and 3 channels
2026-07-11 12:06:59,241 - hybrid_pipeline - INFO - [321/441] 處理 tile: tile_x6912_y13824
2026-07-11 12:06:59,267 - m3_module.m3_elastic_matching - INFO - elastic_dish_nucleus_matching(overlap-first): IHC=19, DISH=20, matched(1核)=10 (其中重疊=10), drop-out(競爭落敗)=5, 無候選(計入)=4, factor=1.50, min_reach=20.0
2026-07-11 12:06:59,335 - cellpose.transforms - INFO - processing image with (1024, 1024) HW, and 3 channels
2026-07-11 12:06:59,472 - m3_module.m3_dot_detection - INFO - detect_all_dots: 紅點=14, 黑點=26, 涉及細胞=19
2026-07-11 12:06:59,592 - m4_module.cell_crops - INFO - 匯出 12 張 per-cell 影像至 docs/hybrid-pipeline/measurement/runs_current/large/cell_crops/tile_x6912_y13056/cells
2026-07-11 12:06:59,592 - hybrid_pipeline - INFO - Tile tile_x6912_y13056 完成: 核心擁有 12 細胞 (12 陽性), 2.03 秒
2026-07-11 12:06:59,892 - m3_module.m3_cells_generator - INFO - All-positive 標註完成: 34 個細胞
2026-07-11 12:06:59,931 - m3_module.m3_cells_generator - INFO - enlarge_cell_instances: 34 顆細胞, factor=1.50(面積), 中位半徑=26.3px, 外擴=5.9px
2026-07-11 12:06:59,932 - cellpose.transforms - INFO - processing image with (1024, 1024) HW, and 3 channels
2026-07-11 12:07:00,501 - hybrid_pipeline - INFO - [322/441] 處理 tile: tile_x6912_y14592
2026-07-11 12:07:00,527 - m3_module.m3_elastic_matching - INFO - elastic_dish_nucleus_matching(overlap-first): IHC=34, DISH=33, matched(1核)=24 (其中重疊=24), drop-out(競爭落敗)=4, 無候選(計入)=6, factor=1.50, min_reach=20.0
2026-07-11 12:07:00,596 - cellpose.transforms - INFO - processing image with (1024, 1024) HW, and 3 channels
2026-07-11 12:07:00,955 - m3_module.m3_dot_detection - INFO - detect_all_dots: 紅點=22, 黑點=53, 涉及細胞=34
2026-07-11 12:07:01,104 - m4_module.cell_crops - INFO - 匯出 14 張 per-cell 影像至 docs/hybrid-pipeline/measurement/runs_current/large/cell_crops/tile_x6912_y13824/cells
2026-07-11 12:07:01,104 - hybrid_pipeline - INFO - Tile tile_x6912_y13824 完成: 核心擁有 14 細胞 (14 陽性), 1.86 秒
2026-07-11 12:07:01,373 - m3_module.m3_cells_generator - INFO - All-positive 標註完成: 14 個細胞
2026-07-11 12:07:01,406 - m3_module.m3_cells_generator - INFO - enlarge_cell_instances: 14 顆細胞, factor=1.50(面積), 中位半徑=21.5px, 外擴=4.8px
2026-07-11 12:07:01,407 - cellpose.transforms - INFO - processing image with (1024, 1024) HW, and 3 channels
2026-07-11 12:07:01,973 - hybrid_pipeline - INFO - [323/441] 處理 tile: tile_x6912_y1536
2026-07-11 12:07:01,997 - m3_module.m3_elastic_matching - INFO - elastic_dish_nucleus_matching(overlap-first): IHC=14, DISH=14, matched(1核)=8 (其中重疊=8), drop-out(競爭落敗)=3, 無候選(計入)=3, factor=1.50, min_reach=20.0
2026-07-11 12:07:02,064 - cellpose.transforms - INFO - processing image with (1024, 1024) HW, and 3 channels
2026-07-11 12:07:02,219 - m3_module.m3_dot_detection - INFO - detect_all_dots: 紅點=11, 黑點=24, 涉及細胞=14
2026-07-11 12:07:02,317 - m4_module.cell_crops - INFO - 匯出 2 張 per-cell 影像至 docs/hybrid-pipeline/measurement/runs_current/large/cell_crops/tile_x6912_y14592/cells
2026-07-11 12:07:02,317 - hybrid_pipeline - INFO - Tile tile_x6912_y14592 完成: 核心擁有 2 細胞 (2 陽性), 1.82 秒
2026-07-11 12:07:02,757 - m3_module.m3_cells_generator - INFO - All-positive 標註完成: 132 個細胞
2026-07-11 12:07:02,816 - m3_module.m3_cells_generator - INFO - enlarge_cell_instances: 132 顆細胞, factor=1.50(面積), 中位半徑=27.0px, 外擴=6.1px
2026-07-11 12:07:02,817 - cellpose.transforms - INFO - processing image with (1024, 1024) HW, and 3 channels
2026-07-11 12:07:03,384 - hybrid_pipeline - INFO - [324/441] 處理 tile: tile_x6912_y15360
2026-07-11 12:07:03,413 - m3_module.m3_elastic_matching - INFO - elastic_dish_nucleus_matching(overlap-first): IHC=132, DISH=95, matched(1核)=69 (其中重疊=69), drop-out(競爭落敗)=29, 無候選(計入)=34, factor=1.50, min_reach=20.0
2026-07-11 12:07:03,475 - cellpose.transforms - INFO - processing image with (1024, 1024) HW, and 3 channels
2026-07-11 12:07:04,722 - m3_module.m3_dot_detection - INFO - detect_all_dots: 紅點=95, 黑點=215, 涉及細胞=132
2026-07-11 12:07:04,988 - cellpose.dynamics - INFO - No cell pixels found.
2026-07-11 12:07:05,036 - m3_module.m3_cells_generator - INFO - All-positive 標註完成: 0 個細胞
2026-07-11 12:07:05,038 - cellpose.transforms - INFO - processing image with (1024, 1024) HW, and 3 channels
2026-07-11 12:07:05,175 - m4_module.cell_crops - INFO - 匯出 67 張 per-cell 影像至 docs/hybrid-pipeline/measurement/runs_current/large/cell_crops/tile_x6912_y1536/cells
2026-07-11 12:07:05,175 - hybrid_pipeline - INFO - Tile tile_x6912_y1536 完成: 核心擁有 67 細胞 (67 陽性), 3.20 秒
2026-07-11 12:07:05,607 - hybrid_pipeline - INFO - [325/441] 處理 tile: tile_x6912_y2304
2026-07-11 12:07:05,688 - cellpose.transforms - INFO - processing image with (1024, 1024) HW, and 3 channels
2026-07-11 12:07:05,720 - m3_module.m3_dot_detection - INFO - detect_all_dots: 紅點=0, 黑點=0, 涉及細胞=0
2026-07-11 12:07:05,760 - m4_module.cell_crops - INFO - 匯出 0 張 per-cell 影像至 docs/hybrid-pipeline/measurement/runs_current/large/cell_crops/tile_x6912_y15360/cells
2026-07-11 12:07:05,760 - hybrid_pipeline - INFO - Tile tile_x6912_y15360 完成: 核心擁有 0 細胞 (0 陽性), 2.38 秒
2026-07-11 12:07:06,286 - m3_module.m3_cells_generator - INFO - All-positive 標註完成: 110 個細胞
2026-07-11 12:07:06,343 - m3_module.m3_cells_generator - INFO - enlarge_cell_instances: 110 顆細胞, factor=1.50(面積), 中位半徑=28.7px, 外擴=6.4px
2026-07-11 12:07:06,344 - cellpose.transforms - INFO - processing image with (1024, 1024) HW, and 3 channels
2026-07-11 12:07:06,901 - hybrid_pipeline - INFO - [326/441] 處理 tile: tile_x6912_y3072
2026-07-11 12:07:06,928 - m3_module.m3_elastic_matching - INFO - elastic_dish_nucleus_matching(overlap-first): IHC=110, DISH=85, matched(1核)=58 (其中重疊=58), drop-out(競爭落敗)=20, 無候選(計入)=32, factor=1.50, min_reach=20.0
2026-07-11 12:07:06,989 - cellpose.transforms - INFO - processing image with (1024, 1024) HW, and 3 channels
2026-07-11 12:07:07,915 - m3_module.m3_dot_detection - INFO - detect_all_dots: 紅點=64, 黑點=160, 涉及細胞=110
2026-07-11 12:07:08,348 - m4_module.cell_crops - INFO - 匯出 58 張 per-cell 影像至 docs/hybrid-pipeline/measurement/runs_current/large/cell_crops/tile_x6912_y2304/cells
2026-07-11 12:07:08,348 - hybrid_pipeline - INFO - Tile tile_x6912_y2304 完成: 核心擁有 58 細胞 (58 陽性), 2.74 秒
2026-07-11 12:07:08,429 - m3_module.m3_cells_generator - INFO - All-positive 標註完成: 123 個細胞
2026-07-11 12:07:08,484 - m3_module.m3_cells_generator - INFO - enlarge_cell_instances: 123 顆細胞, factor=1.50(面積), 中位半徑=26.9px, 外擴=6.1px
2026-07-11 12:07:08,485 - cellpose.transforms - INFO - processing image with (1024, 1024) HW, and 3 channels
2026-07-11 12:07:09,048 - hybrid_pipeline - INFO - [327/441] 處理 tile: tile_x6912_y3840
2026-07-11 12:07:09,079 - m3_module.m3_elastic_matching - INFO - elastic_dish_nucleus_matching(overlap-first): IHC=123, DISH=63, matched(1核)=55 (其中重疊=55), drop-out(競爭落敗)=30, 無候選(計入)=38, factor=1.50, min_reach=20.0
2026-07-11 12:07:09,139 - cellpose.transforms - INFO - processing image with (1024, 1024) HW, and 3 channels
2026-07-11 12:07:10,045 - m3_module.m3_dot_detection - INFO - detect_all_dots: 紅點=58, 黑點=173, 涉及細胞=123
2026-07-11 12:07:10,448 - m4_module.cell_crops - INFO - 匯出 75 張 per-cell 影像至 docs/hybrid-pipeline/measurement/runs_current/large/cell_crops/tile_x6912_y3072/cells
2026-07-11 12:07:10,448 - hybrid_pipeline - INFO - Tile tile_x6912_y3072 完成: 核心擁有 75 細胞 (75 陽性), 3.55 秒
2026-07-11 12:07:10,576 - m3_module.m3_cells_generator - INFO - All-positive 標註完成: 132 個細胞
2026-07-11 12:07:10,635 - m3_module.m3_cells_generator - INFO - enlarge_cell_instances: 132 顆細胞, factor=1.50(面積), 中位半徑=27.1px, 外擴=6.1px
2026-07-11 12:07:10,636 - cellpose.transforms - INFO - processing image with (1024, 1024) HW, and 3 channels
2026-07-11 12:07:11,202 - hybrid_pipeline - INFO - [328/441] 處理 tile: tile_x6912_y4608
2026-07-11 12:07:11,236 - m3_module.m3_elastic_matching - INFO - elastic_dish_nucleus_matching(overlap-first): IHC=132, DISH=87, matched(1核)=66 (其中重疊=66), drop-out(競爭落敗)=21, 無候選(計入)=45, factor=1.50, min_reach=20.0
2026-07-11 12:07:11,285 - cellpose.transforms - INFO - processing image with (1024, 1024) HW, and 3 channels
2026-07-11 12:07:12,316 - m3_module.m3_dot_detection - INFO - detect_all_dots: 紅點=55, 黑點=152, 涉及細胞=132
2026-07-11 12:07:12,752 - m4_module.cell_crops - INFO - 匯出 76 張 per-cell 影像至 docs/hybrid-pipeline/measurement/runs_current/large/cell_crops/tile_x6912_y3840/cells
2026-07-11 12:07:12,752 - hybrid_pipeline - INFO - Tile tile_x6912_y3840 完成: 核心擁有 76 細胞 (76 陽性), 3.70 秒
2026-07-11 12:07:12,764 - m3_module.m3_cells_generator - INFO - All-positive 標註完成: 90 個細胞
2026-07-11 12:07:12,817 - m3_module.m3_cells_generator - INFO - enlarge_cell_instances: 90 顆細胞, factor=1.50(面積), 中位半徑=25.7px, 外擴=5.8px
2026-07-11 12:07:12,817 - cellpose.transforms - INFO - processing image with (1024, 1024) HW, and 3 channels
2026-07-11 12:07:13,377 - hybrid_pipeline - INFO - [329/441] 處理 tile: tile_x6912_y5376
2026-07-11 12:07:13,409 - m3_module.m3_elastic_matching - INFO - elastic_dish_nucleus_matching(overlap-first): IHC=90, DISH=62, matched(1核)=49 (其中重疊=49), drop-out(競爭落敗)=15, 無候選(計入)=26, factor=1.50, min_reach=20.0
2026-07-11 12:07:13,471 - cellpose.transforms - INFO - processing image with (1024, 1024) HW, and 3 channels
2026-07-11 12:07:14,168 - m3_module.m3_dot_detection - INFO - detect_all_dots: 紅點=48, 黑點=116, 涉及細胞=90
2026-07-11 12:07:14,508 - m4_module.cell_crops - INFO - 匯出 43 張 per-cell 影像至 docs/hybrid-pipeline/measurement/runs_current/large/cell_crops/tile_x6912_y4608/cells
2026-07-11 12:07:14,508 - hybrid_pipeline - INFO - Tile tile_x6912_y4608 完成: 核心擁有 43 細胞 (43 陽性), 3.31 秒
2026-07-11 12:07:14,600 - m3_module.m3_cells_generator - INFO - All-positive 標註完成: 29 個細胞
2026-07-11 12:07:14,642 - m3_module.m3_cells_generator - INFO - enlarge_cell_instances: 29 顆細胞, factor=1.50(面積), 中位半徑=27.8px, 外擴=6.2px
2026-07-11 12:07:14,642 - cellpose.transforms - INFO - processing image with (1024, 1024) HW, and 3 channels
2026-07-11 12:07:15,206 - hybrid_pipeline - INFO - [330/441] 處理 tile: tile_x6912_y6144
2026-07-11 12:07:15,232 - m3_module.m3_elastic_matching - INFO - elastic_dish_nucleus_matching(overlap-first): IHC=29, DISH=23, matched(1核)=16 (其中重疊=16), drop-out(競爭落敗)=6, 無候選(計入)=7, factor=1.50, min_reach=20.0
2026-07-11 12:07:15,298 - cellpose.transforms - INFO - processing image with (1024, 1024) HW, and 3 channels
2026-07-11 12:07:15,602 - m3_module.m3_dot_detection - INFO - detect_all_dots: 紅點=16, 黑點=51, 涉及細胞=29
2026-07-11 12:07:15,757 - m4_module.cell_crops - INFO - 匯出 6 張 per-cell 影像至 docs/hybrid-pipeline/measurement/runs_current/large/cell_crops/tile_x6912_y5376/cells
2026-07-11 12:07:15,757 - hybrid_pipeline - INFO - Tile tile_x6912_y5376 完成: 核心擁有 6 細胞 (6 陽性), 2.38 秒
2026-07-11 12:07:15,981 - m3_module.m3_cells_generator - INFO - All-positive 標註完成: 7 個細胞
2026-07-11 12:07:16,015 - m3_module.m3_cells_generator - INFO - enlarge_cell_instances: 7 顆細胞, factor=1.50(面積), 中位半徑=20.1px, 外擴=4.5px
2026-07-11 12:07:16,015 - cellpose.transforms - INFO - processing image with (1024, 1024) HW, and 3 channels
2026-07-11 12:07:16,576 - hybrid_pipeline - INFO - [331/441] 處理 tile: tile_x6912_y6912
2026-07-11 12:07:16,598 - m3_module.m3_elastic_matching - INFO - elastic_dish_nucleus_matching(overlap-first): IHC=7, DISH=9, matched(1核)=3 (其中重疊=3), drop-out(競爭落敗)=0, 無候選(計入)=4, factor=1.50, min_reach=20.0
2026-07-11 12:07:16,654 - cellpose.transforms - INFO - processing image with (1024, 1024) HW, and 3 channels
2026-07-11 12:07:16,735 - m3_module.m3_dot_detection - INFO - detect_all_dots: 紅點=4, 黑點=7, 涉及細胞=7
2026-07-11 12:07:16,818 - m4_module.cell_crops - INFO - 匯出 3 張 per-cell 影像至 docs/hybrid-pipeline/measurement/runs_current/large/cell_crops/tile_x6912_y6144/cells
2026-07-11 12:07:16,818 - hybrid_pipeline - INFO - Tile tile_x6912_y6144 完成: 核心擁有 3 細胞 (3 陽性), 1.61 秒
2026-07-11 12:07:17,154 - m3_module.m3_cells_generator - INFO - All-positive 標註完成: 35 個細胞
2026-07-11 12:07:17,192 - m3_module.m3_cells_generator - INFO - enlarge_cell_instances: 35 顆細胞, factor=1.50(面積), 中位半徑=22.5px, 外擴=5.1px
2026-07-11 12:07:17,193 - cellpose.transforms - INFO - processing image with (1024, 1024) HW, and 3 channels
2026-07-11 12:07:17,755 - hybrid_pipeline - INFO - [332/441] 處理 tile: tile_x6912_y768
2026-07-11 12:07:17,785 - m3_module.m3_elastic_matching - INFO - elastic_dish_nucleus_matching(overlap-first): IHC=35, DISH=33, matched(1核)=18 (其中重疊=18), drop-out(競爭落敗)=3, 無候選(計入)=14, factor=1.50, min_reach=20.0
2026-07-11 12:07:17,840 - cellpose.transforms - INFO - processing image with (1024, 1024) HW, and 3 channels
2026-07-11 12:07:18,155 - m3_module.m3_dot_detection - INFO - detect_all_dots: 紅點=18, 黑點=38, 涉及細胞=35
2026-07-11 12:07:18,337 - m4_module.cell_crops - INFO - 匯出 14 張 per-cell 影像至 docs/hybrid-pipeline/measurement/runs_current/large/cell_crops/tile_x6912_y6912/cells
2026-07-11 12:07:18,337 - hybrid_pipeline - INFO - Tile tile_x6912_y6912 完成: 核心擁有 14 細胞 (14 陽性), 1.76 秒
2026-07-11 12:07:18,692 - m3_module.m3_cells_generator - INFO - All-positive 標註完成: 157 個細胞
2026-07-11 12:07:18,752 - m3_module.m3_cells_generator - INFO - enlarge_cell_instances: 157 顆細胞, factor=1.50(面積), 中位半徑=25.1px, 外擴=5.6px
2026-07-11 12:07:18,752 - cellpose.transforms - INFO - processing image with (1024, 1024) HW, and 3 channels
2026-07-11 12:07:19,318 - hybrid_pipeline - INFO - [333/441] 處理 tile: tile_x6912_y7680
2026-07-11 12:07:19,356 - m3_module.m3_elastic_matching - INFO - elastic_dish_nucleus_matching(overlap-first): IHC=157, DISH=110, matched(1核)=90 (其中重疊=90), drop-out(競爭落敗)=35, 無候選(計入)=32, factor=1.50, min_reach=20.0
2026-07-11 12:07:19,406 - cellpose.transforms - INFO - processing image with (1024, 1024) HW, and 3 channels
2026-07-11 12:07:20,855 - m3_module.m3_dot_detection - INFO - detect_all_dots: 紅點=105, 黑點=224, 涉及細胞=157
2026-07-11 12:07:21,228 - m3_module.m3_cells_generator - INFO - All-positive 標註完成: 48 個細胞
2026-07-11 12:07:21,269 - m3_module.m3_cells_generator - INFO - enlarge_cell_instances: 48 顆細胞, factor=1.50(面積), 中位半徑=21.8px, 外擴=4.9px
2026-07-11 12:07:21,270 - cellpose.transforms - INFO - processing image with (1024, 1024) HW, and 3 channels
2026-07-11 12:07:21,327 - m4_module.cell_crops - INFO - 匯出 91 張 per-cell 影像至 docs/hybrid-pipeline/measurement/runs_current/large/cell_crops/tile_x6912_y768/cells
2026-07-11 12:07:21,328 - hybrid_pipeline - INFO - Tile tile_x6912_y768 完成: 核心擁有 91 細胞 (91 陽性), 3.57 秒
2026-07-11 12:07:21,836 - hybrid_pipeline - INFO - [334/441] 處理 tile: tile_x6912_y8448
2026-07-11 12:07:21,866 - m3_module.m3_elastic_matching - INFO - elastic_dish_nucleus_matching(overlap-first): IHC=48, DISH=34, matched(1核)=25 (其中重疊=25), drop-out(競爭落敗)=12, 無候選(計入)=11, factor=1.50, min_reach=20.0
2026-07-11 12:07:21,934 - cellpose.transforms - INFO - processing image with (1024, 1024) HW, and 3 channels
2026-07-11 12:07:22,410 - m3_module.m3_dot_detection - INFO - detect_all_dots: 紅點=36, 黑點=66, 涉及細胞=48
2026-07-11 12:07:22,563 - m4_module.cell_crops - INFO - 匯出 22 張 per-cell 影像至 docs/hybrid-pipeline/measurement/runs_current/large/cell_crops/tile_x6912_y7680/cells
2026-07-11 12:07:22,563 - hybrid_pipeline - INFO - Tile tile_x6912_y7680 完成: 核心擁有 22 細胞 (22 陽性), 3.24 秒
2026-07-11 12:07:22,823 - m3_module.m3_cells_generator - INFO - All-positive 標註完成: 27 個細胞
2026-07-11 12:07:22,865 - m3_module.m3_cells_generator - INFO - enlarge_cell_instances: 27 顆細胞, factor=1.50(面積), 中位半徑=25.4px, 外擴=5.7px
2026-07-11 12:07:22,866 - cellpose.transforms - INFO - processing image with (1024, 1024) HW, and 3 channels
2026-07-11 12:07:23,417 - hybrid_pipeline - INFO - [335/441] 處理 tile: tile_x6912_y9216
2026-07-11 12:07:23,449 - m3_module.m3_elastic_matching - INFO - elastic_dish_nucleus_matching(overlap-first): IHC=27, DISH=29, matched(1核)=16 (其中重疊=16), drop-out(競爭落敗)=1, 無候選(計入)=10, factor=1.50, min_reach=20.0
2026-07-11 12:07:23,518 - cellpose.transforms - INFO - processing image with (1024, 1024) HW, and 3 channels
2026-07-11 12:07:23,724 - m3_module.m3_dot_detection - INFO - detect_all_dots: 紅點=19, 黑點=41, 涉及細胞=27
2026-07-11 12:07:23,880 - m4_module.cell_crops - INFO - 匯出 11 張 per-cell 影像至 docs/hybrid-pipeline/measurement/runs_current/large/cell_crops/tile_x6912_y8448/cells
2026-07-11 12:07:23,880 - hybrid_pipeline - INFO - Tile tile_x6912_y8448 完成: 核心擁有 11 細胞 (11 陽性), 2.04 秒
2026-07-11 12:07:24,131 - m3_module.m3_cells_generator - INFO - All-positive 標註完成: 22 個細胞
2026-07-11 12:07:24,166 - m3_module.m3_cells_generator - INFO - enlarge_cell_instances: 22 顆細胞, factor=1.50(面積), 中位半徑=22.3px, 外擴=5.0px
2026-07-11 12:07:24,167 - cellpose.transforms - INFO - processing image with (1024, 1024) HW, and 3 channels
2026-07-11 12:07:24,733 - hybrid_pipeline - INFO - [336/441] 處理 tile: tile_x6912_y9984
2026-07-11 12:07:24,757 - m3_module.m3_elastic_matching - INFO - elastic_dish_nucleus_matching(overlap-first): IHC=22, DISH=29, matched(1核)=17 (其中重疊=17), drop-out(競爭落敗)=0, 無候選(計入)=5, factor=1.50, min_reach=20.0
2026-07-11 12:07:24,819 - cellpose.transforms - INFO - processing image with (1024, 1024) HW, and 3 channels
2026-07-11 12:07:25,083 - m3_module.m3_dot_detection - INFO - detect_all_dots: 紅點=10, 黑點=32, 涉及細胞=22
2026-07-11 12:07:25,225 - m4_module.cell_crops - INFO - 匯出 20 張 per-cell 影像至 docs/hybrid-pipeline/measurement/runs_current/large/cell_crops/tile_x6912_y9216/cells
2026-07-11 12:07:25,225 - hybrid_pipeline - INFO - Tile tile_x6912_y9216 完成: 核心擁有 20 細胞 (20 陽性), 1.81 秒
2026-07-11 12:07:25,479 - m3_module.m3_cells_generator - INFO - All-positive 標註完成: 24 個細胞
2026-07-11 12:07:25,518 - m3_module.m3_cells_generator - INFO - enlarge_cell_instances: 24 顆細胞, factor=1.50(面積), 中位半徑=21.5px, 外擴=4.8px
2026-07-11 12:07:25,519 - cellpose.transforms - INFO - processing image with (1024, 1024) HW, and 3 channels
2026-07-11 12:07:26,075 - hybrid_pipeline - INFO - [337/441] 處理 tile: tile_x7680_y0
2026-07-11 12:07:26,101 - m3_module.m3_elastic_matching - INFO - elastic_dish_nucleus_matching(overlap-first): IHC=24, DISH=24, matched(1核)=12 (其中重疊=12), drop-out(競爭落敗)=1, 無候選(計入)=11, factor=1.50, min_reach=20.0
2026-07-11 12:07:26,165 - cellpose.transforms - INFO - processing image with (1024, 1024) HW, and 3 channels
2026-07-11 12:07:26,336 - m3_module.m3_dot_detection - INFO - detect_all_dots: 紅點=12, 黑點=27, 涉及細胞=24
2026-07-11 12:07:26,458 - m4_module.cell_crops - INFO - 匯出 16 張 per-cell 影像至 docs/hybrid-pipeline/measurement/runs_current/large/cell_crops/tile_x6912_y9984/cells
2026-07-11 12:07:26,458 - hybrid_pipeline - INFO - Tile tile_x6912_y9984 完成: 核心擁有 16 細胞 (16 陽性), 1.72 秒
2026-07-11 12:07:26,804 - m3_module.m3_cells_generator - INFO - All-positive 標註完成: 96 個細胞
2026-07-11 12:07:26,862 - m3_module.m3_cells_generator - INFO - enlarge_cell_instances: 96 顆細胞, factor=1.50(面積), 中位半徑=27.8px, 外擴=6.2px
2026-07-11 12:07:26,862 - cellpose.transforms - INFO - processing image with (1024, 1024) HW, and 3 channels
2026-07-11 12:07:27,424 - hybrid_pipeline - INFO - [338/441] 處理 tile: tile_x7680_y10752
2026-07-11 12:07:27,456 - m3_module.m3_elastic_matching - INFO - elastic_dish_nucleus_matching(overlap-first): IHC=96, DISH=73, matched(1核)=56 (其中重疊=56), drop-out(競爭落敗)=16, 無候選(計入)=24, factor=1.50, min_reach=20.0
2026-07-11 12:07:27,516 - cellpose.transforms - INFO - processing image with (1024, 1024) HW, and 3 channels
2026-07-11 12:07:28,096 - m3_module.m3_dot_detection - INFO - detect_all_dots: 紅點=45, 黑點=105, 涉及細胞=96
2026-07-11 12:07:28,435 - m4_module.cell_crops - INFO - 匯出 51 張 per-cell 影像至 docs/hybrid-pipeline/measurement/runs_current/large/cell_crops/tile_x7680_y0/cells
2026-07-11 12:07:28,435 - hybrid_pipeline - INFO - Tile tile_x7680_y0 完成: 核心擁有 51 細胞 (51 陽性), 2.36 秒
2026-07-11 12:07:28,485 - m3_module.m3_cells_generator - INFO - All-positive 標註完成: 26 個細胞
2026-07-11 12:07:28,521 - m3_module.m3_cells_generator - INFO - enlarge_cell_instances: 26 顆細胞, factor=1.50(面積), 中位半徑=26.2px, 外擴=5.9px
2026-07-11 12:07:28,522 - cellpose.transforms - INFO - processing image with (1024, 1024) HW, and 3 channels
2026-07-11 12:07:29,095 - hybrid_pipeline - INFO - [339/441] 處理 tile: tile_x7680_y11520
2026-07-11 12:07:29,121 - m3_module.m3_elastic_matching - INFO - elastic_dish_nucleus_matching(overlap-first): IHC=26, DISH=22, matched(1核)=16 (其中重疊=16), drop-out(競爭落敗)=3, 無候選(計入)=7, factor=1.50, min_reach=20.0
2026-07-11 12:07:29,191 - cellpose.transforms - INFO - processing image with (1024, 1024) HW, and 3 channels
2026-07-11 12:07:29,463 - m3_module.m3_dot_detection - INFO - detect_all_dots: 紅點=19, 黑點=55, 涉及細胞=26
2026-07-11 12:07:29,590 - m4_module.cell_crops - INFO - 匯出 24 張 per-cell 影像至 docs/hybrid-pipeline/measurement/runs_current/large/cell_crops/tile_x7680_y10752/cells
2026-07-11 12:07:29,590 - hybrid_pipeline - INFO - Tile tile_x7680_y10752 完成: 核心擁有 24 細胞 (24 陽性), 2.17 秒
2026-07-11 12:07:29,878 - m3_module.m3_cells_generator - INFO - All-positive 標註完成: 14 個細胞
2026-07-11 12:07:29,915 - m3_module.m3_cells_generator - INFO - enlarge_cell_instances: 14 顆細胞, factor=1.50(面積), 中位半徑=22.2px, 外擴=5.0px
2026-07-11 12:07:29,915 - cellpose.transforms - INFO - processing image with (1024, 1024) HW, and 3 channels
2026-07-11 12:07:30,486 - hybrid_pipeline - INFO - [340/441] 處理 tile: tile_x7680_y12288
2026-07-11 12:07:30,511 - m3_module.m3_elastic_matching - INFO - elastic_dish_nucleus_matching(overlap-first): IHC=14, DISH=9, matched(1核)=8 (其中重疊=8), drop-out(競爭落敗)=2, 無候選(計入)=4, factor=1.50, min_reach=20.0
2026-07-11 12:07:30,583 - cellpose.transforms - INFO - processing image with (1024, 1024) HW, and 3 channels
2026-07-11 12:07:30,679 - m3_module.m3_dot_detection - INFO - detect_all_dots: 紅點=3, 黑點=7, 涉及細胞=14
2026-07-11 12:07:30,795 - m4_module.cell_crops - INFO - 匯出 6 張 per-cell 影像至 docs/hybrid-pipeline/measurement/runs_current/large/cell_crops/tile_x7680_y11520/cells
2026-07-11 12:07:30,795 - hybrid_pipeline - INFO - Tile tile_x7680_y11520 完成: 核心擁有 6 細胞 (6 陽性), 1.70 秒
2026-07-11 12:07:31,096 - m3_module.m3_cells_generator - INFO - All-positive 標註完成: 16 個細胞
2026-07-11 12:07:31,134 - m3_module.m3_cells_generator - INFO - enlarge_cell_instances: 16 顆細胞, factor=1.50(面積), 中位半徑=25.1px, 外擴=5.6px
2026-07-11 12:07:31,134 - cellpose.transforms - INFO - processing image with (1024, 1024) HW, and 3 channels
2026-07-11 12:07:31,694 - hybrid_pipeline - INFO - [341/441] 處理 tile: tile_x7680_y13056
2026-07-11 12:07:31,720 - m3_module.m3_elastic_matching - INFO - elastic_dish_nucleus_matching(overlap-first): IHC=16, DISH=22, matched(1核)=10 (其中重疊=10), drop-out(競爭落敗)=2, 無候選(計入)=4, factor=1.50, min_reach=20.0
2026-07-11 12:07:31,787 - cellpose.transforms - INFO - processing image with (1024, 1024) HW, and 3 channels
2026-07-11 12:07:31,911 - m3_module.m3_dot_detection - INFO - detect_all_dots: 紅點=3, 黑點=11, 涉及細胞=16
2026-07-11 12:07:32,049 - m4_module.cell_crops - INFO - 匯出 3 張 per-cell 影像至 docs/hybrid-pipeline/measurement/runs_current/large/cell_crops/tile_x7680_y12288/cells
2026-07-11 12:07:32,049 - hybrid_pipeline - INFO - Tile tile_x7680_y12288 完成: 核心擁有 3 細胞 (3 陽性), 1.56 秒
2026-07-11 12:07:32,333 - m3_module.m3_cells_generator - INFO - All-positive 標註完成: 51 個細胞
2026-07-11 12:07:32,375 - m3_module.m3_cells_generator - INFO - enlarge_cell_instances: 51 顆細胞, factor=1.50(面積), 中位半徑=22.0px, 外擴=5.0px
2026-07-11 12:07:32,375 - cellpose.transforms - INFO - processing image with (1024, 1024) HW, and 3 channels
2026-07-11 12:07:32,947 - hybrid_pipeline - INFO - [342/441] 處理 tile: tile_x7680_y13824
2026-07-11 12:07:32,973 - m3_module.m3_elastic_matching - INFO - elastic_dish_nucleus_matching(overlap-first): IHC=51, DISH=45, matched(1核)=32 (其中重疊=32), drop-out(競爭落敗)=9, 無候選(計入)=10, factor=1.50, min_reach=20.0
2026-07-11 12:07:33,041 - cellpose.transforms - INFO - processing image with (1024, 1024) HW, and 3 channels
2026-07-11 12:07:33,442 - m3_module.m3_dot_detection - INFO - detect_all_dots: 紅點=26, 黑點=63, 涉及細胞=51
2026-07-11 12:07:33,624 - m4_module.cell_crops - INFO - 匯出 41 張 per-cell 影像至 docs/hybrid-pipeline/measurement/runs_current/large/cell_crops/tile_x7680_y13056/cells
2026-07-11 12:07:33,624 - hybrid_pipeline - INFO - Tile tile_x7680_y13056 完成: 核心擁有 41 細胞 (41 陽性), 1.93 秒
2026-07-11 12:07:33,864 - m3_module.m3_cells_generator - INFO - All-positive 標註完成: 48 個細胞
2026-07-11 12:07:33,908 - m3_module.m3_cells_generator - INFO - enlarge_cell_instances: 48 顆細胞, factor=1.50(面積), 中位半徑=24.3px, 外擴=5.5px
2026-07-11 12:07:33,908 - cellpose.transforms - INFO - processing image with (1024, 1024) HW, and 3 channels
2026-07-11 12:07:34,465 - hybrid_pipeline - INFO - [343/441] 處理 tile: tile_x7680_y14592
2026-07-11 12:07:34,493 - m3_module.m3_elastic_matching - INFO - elastic_dish_nucleus_matching(overlap-first): IHC=48, DISH=41, matched(1核)=31 (其中重疊=31), drop-out(競爭落敗)=8, 無候選(計入)=9, factor=1.50, min_reach=20.0
2026-07-11 12:07:34,557 - cellpose.transforms - INFO - processing image with (1024, 1024) HW, and 3 channels
2026-07-11 12:07:35,012 - m3_module.m3_dot_detection - INFO - detect_all_dots: 紅點=27, 黑點=64, 涉及細胞=48
2026-07-11 12:07:35,203 - m4_module.cell_crops - INFO - 匯出 21 張 per-cell 影像至 docs/hybrid-pipeline/measurement/runs_current/large/cell_crops/tile_x7680_y13824/cells
2026-07-11 12:07:35,203 - hybrid_pipeline - INFO - Tile tile_x7680_y13824 完成: 核心擁有 21 細胞 (21 陽性), 2.26 秒
2026-07-11 12:07:35,395 - m3_module.m3_cells_generator - INFO - All-positive 標註完成: 20 個細胞
2026-07-11 12:07:35,431 - m3_module.m3_cells_generator - INFO - enlarge_cell_instances: 20 顆細胞, factor=1.50(面積), 中位半徑=24.3px, 外擴=5.5px
2026-07-11 12:07:35,431 - cellpose.transforms - INFO - processing image with (1024, 1024) HW, and 3 channels
2026-07-11 12:07:35,983 - hybrid_pipeline - INFO - [344/441] 處理 tile: tile_x7680_y1536
2026-07-11 12:07:36,007 - m3_module.m3_elastic_matching - INFO - elastic_dish_nucleus_matching(overlap-first): IHC=20, DISH=16, matched(1核)=13 (其中重疊=13), drop-out(競爭落敗)=2, 無候選(計入)=5, factor=1.50, min_reach=20.0
2026-07-11 12:07:36,075 - cellpose.transforms - INFO - processing image with (1024, 1024) HW, and 3 channels
2026-07-11 12:07:36,266 - m3_module.m3_dot_detection - INFO - detect_all_dots: 紅點=12, 黑點=30, 涉及細胞=20
2026-07-11 12:07:36,376 - m4_module.cell_crops - INFO - 匯出 13 張 per-cell 影像至 docs/hybrid-pipeline/measurement/runs_current/large/cell_crops/tile_x7680_y14592/cells
2026-07-11 12:07:36,376 - hybrid_pipeline - INFO - Tile tile_x7680_y14592 完成: 核心擁有 13 細胞 (13 陽性), 1.91 秒
2026-07-11 12:07:36,712 - m3_module.m3_cells_generator - INFO - All-positive 標註完成: 64 個細胞
2026-07-11 12:07:36,762 - m3_module.m3_cells_generator - INFO - enlarge_cell_instances: 64 顆細胞, factor=1.50(面積), 中位半徑=26.3px, 外擴=5.9px
2026-07-11 12:07:36,762 - cellpose.transforms - INFO - processing image with (1024, 1024) HW, and 3 channels
2026-07-11 12:07:37,314 - hybrid_pipeline - INFO - [345/441] 處理 tile: tile_x7680_y15360
2026-07-11 12:07:37,341 - m3_module.m3_elastic_matching - INFO - elastic_dish_nucleus_matching(overlap-first): IHC=64, DISH=55, matched(1核)=39 (其中重疊=39), drop-out(競爭落敗)=6, 無候選(計入)=19, factor=1.50, min_reach=20.0
2026-07-11 12:07:37,412 - cellpose.transforms - INFO - processing image with (1024, 1024) HW, and 3 channels
2026-07-11 12:07:37,921 - m3_module.m3_dot_detection - INFO - detect_all_dots: 紅點=36, 黑點=86, 涉及細胞=64
2026-07-11 12:07:38,212 - m4_module.cell_crops - INFO - 匯出 27 張 per-cell 影像至 docs/hybrid-pipeline/measurement/runs_current/large/cell_crops/tile_x7680_y1536/cells
2026-07-11 12:07:38,212 - hybrid_pipeline - INFO - Tile tile_x7680_y1536 完成: 核心擁有 27 細胞 (27 陽性), 2.23 秒
2026-07-11 12:07:38,337 - m3_module.m3_cells_generator - INFO - All-positive 標註完成: 4 個細胞
2026-07-11 12:07:38,367 - m3_module.m3_cells_generator - INFO - enlarge_cell_instances: 4 顆細胞, factor=1.50(面積), 中位半徑=21.1px, 外擴=4.7px
2026-07-11 12:07:38,367 - cellpose.transforms - INFO - processing image with (1024, 1024) HW, and 3 channels
2026-07-11 12:07:38,911 - hybrid_pipeline - INFO - [346/441] 處理 tile: tile_x7680_y2304
2026-07-11 12:07:38,933 - m3_module.m3_elastic_matching - INFO - elastic_dish_nucleus_matching(overlap-first): IHC=4, DISH=4, matched(1核)=3 (其中重疊=3), drop-out(競爭落敗)=1, 無候選(計入)=0, factor=1.50, min_reach=20.0
2026-07-11 12:07:38,998 - cellpose.transforms - INFO - processing image with (1024, 1024) HW, and 3 channels
2026-07-11 12:07:39,067 - m3_module.m3_dot_detection - INFO - detect_all_dots: 紅點=2, 黑點=4, 涉及細胞=4
2026-07-11 12:07:39,132 - m4_module.cell_crops - INFO - 匯出 3 張 per-cell 影像至 docs/hybrid-pipeline/measurement/runs_current/large/cell_crops/tile_x7680_y15360/cells
2026-07-11 12:07:39,132 - hybrid_pipeline - INFO - Tile tile_x7680_y15360 完成: 核心擁有 3 細胞 (3 陽性), 1.82 秒
2026-07-11 12:07:39,489 - m3_module.m3_cells_generator - INFO - All-positive 標註完成: 17 個細胞
2026-07-11 12:07:39,523 - m3_module.m3_cells_generator - INFO - enlarge_cell_instances: 17 顆細胞, factor=1.50(面積), 中位半徑=24.5px, 外擴=5.5px
2026-07-11 12:07:39,523 - cellpose.transforms - INFO - processing image with (1024, 1024) HW, and 3 channels
2026-07-11 12:07:40,071 - hybrid_pipeline - INFO - [347/441] 處理 tile: tile_x7680_y3072
2026-07-11 12:07:40,095 - m3_module.m3_elastic_matching - INFO - elastic_dish_nucleus_matching(overlap-first): IHC=17, DISH=12, matched(1核)=9 (其中重疊=9), drop-out(競爭落敗)=2, 無候選(計入)=6, factor=1.50, min_reach=20.0
2026-07-11 12:07:40,161 - cellpose.transforms - INFO - processing image with (1024, 1024) HW, and 3 channels
2026-07-11 12:07:40,288 - m3_module.m3_dot_detection - INFO - detect_all_dots: 紅點=7, 黑點=17, 涉及細胞=17
2026-07-11 12:07:40,409 - m4_module.cell_crops - INFO - 匯出 4 張 per-cell 影像至 docs/hybrid-pipeline/measurement/runs_current/large/cell_crops/tile_x7680_y2304/cells
2026-07-11 12:07:40,409 - hybrid_pipeline - INFO - Tile tile_x7680_y2304 完成: 核心擁有 4 細胞 (4 陽性), 1.50 秒
2026-07-11 12:07:40,695 - m3_module.m3_cells_generator - INFO - All-positive 標註完成: 14 個細胞
2026-07-11 12:07:40,731 - m3_module.m3_cells_generator - INFO - enlarge_cell_instances: 14 顆細胞, factor=1.50(面積), 中位半徑=22.1px, 外擴=5.0px
2026-07-11 12:07:40,732 - cellpose.transforms - INFO - processing image with (1024, 1024) HW, and 3 channels
2026-07-11 12:07:41,277 - hybrid_pipeline - INFO - [348/441] 處理 tile: tile_x7680_y3840
2026-07-11 12:07:41,301 - m3_module.m3_elastic_matching - INFO - elastic_dish_nucleus_matching(overlap-first): IHC=14, DISH=9, matched(1核)=6 (其中重疊=6), drop-out(競爭落敗)=0, 無候選(計入)=8, factor=1.50, min_reach=20.0
2026-07-11 12:07:41,367 - cellpose.transforms - INFO - processing image with (1024, 1024) HW, and 3 channels
2026-07-11 12:07:41,460 - m3_module.m3_dot_detection - INFO - detect_all_dots: 紅點=3, 黑點=14, 涉及細胞=14
2026-07-11 12:07:41,552 - m4_module.cell_crops - INFO - 匯出 1 張 per-cell 影像至 docs/hybrid-pipeline/measurement/runs_current/large/cell_crops/tile_x7680_y3072/cells
2026-07-11 12:07:41,552 - hybrid_pipeline - INFO - Tile tile_x7680_y3072 完成: 核心擁有 1 細胞 (1 陽性), 1.48 秒
2026-07-11 12:07:41,889 - m3_module.m3_cells_generator - INFO - All-positive 標註完成: 51 個細胞
2026-07-11 12:07:41,934 - m3_module.m3_cells_generator - INFO - enlarge_cell_instances: 51 顆細胞, factor=1.50(面積), 中位半徑=24.1px, 外擴=5.4px
2026-07-11 12:07:41,935 - cellpose.transforms - INFO - processing image with (1024, 1024) HW, and 3 channels
2026-07-11 12:07:42,490 - hybrid_pipeline - INFO - [349/441] 處理 tile: tile_x7680_y4608
2026-07-11 12:07:42,514 - m3_module.m3_elastic_matching - INFO - elastic_dish_nucleus_matching(overlap-first): IHC=51, DISH=23, matched(1核)=16 (其中重疊=16), drop-out(競爭落敗)=4, 無候選(計入)=31, factor=1.50, min_reach=20.0
2026-07-11 12:07:42,582 - cellpose.transforms - INFO - processing image with (1024, 1024) HW, and 3 channels
2026-07-11 12:07:42,781 - m3_module.m3_dot_detection - INFO - detect_all_dots: 紅點=11, 黑點=39, 涉及細胞=51
2026-07-11 12:07:42,965 - m4_module.cell_crops - INFO - 匯出 23 張 per-cell 影像至 docs/hybrid-pipeline/measurement/runs_current/large/cell_crops/tile_x7680_y3840/cells
2026-07-11 12:07:42,965 - hybrid_pipeline - INFO - Tile tile_x7680_y3840 完成: 核心擁有 23 細胞 (23 陽性), 1.69 秒
2026-07-11 12:07:43,284 - m3_module.m3_cells_generator - INFO - All-positive 標註完成: 90 個細胞
2026-07-11 12:07:43,342 - m3_module.m3_cells_generator - INFO - enlarge_cell_instances: 90 顆細胞, factor=1.50(面積), 中位半徑=28.3px, 外擴=6.4px
2026-07-11 12:07:43,342 - cellpose.transforms - INFO - processing image with (1024, 1024) HW, and 3 channels
2026-07-11 12:07:43,895 - hybrid_pipeline - INFO - [350/441] 處理 tile: tile_x7680_y5376
2026-07-11 12:07:43,923 - m3_module.m3_elastic_matching - INFO - elastic_dish_nucleus_matching(overlap-first): IHC=90, DISH=54, matched(1核)=42 (其中重疊=42), drop-out(競爭落敗)=17, 無候選(計入)=31, factor=1.50, min_reach=20.0
2026-07-11 12:07:43,988 - cellpose.transforms - INFO - processing image with (1024, 1024) HW, and 3 channels
2026-07-11 12:07:44,611 - m3_module.m3_dot_detection - INFO - detect_all_dots: 紅點=42, 黑點=96, 涉及細胞=90
2026-07-11 12:07:44,979 - m4_module.cell_crops - INFO - 匯出 52 張 per-cell 影像至 docs/hybrid-pipeline/measurement/runs_current/large/cell_crops/tile_x7680_y4608/cells
2026-07-11 12:07:44,979 - hybrid_pipeline - INFO - Tile tile_x7680_y4608 完成: 核心擁有 52 細胞 (52 陽性), 2.49 秒
2026-07-11 12:07:45,103 - m3_module.m3_cells_generator - INFO - All-positive 標註完成: 124 個細胞
2026-07-11 12:07:45,161 - m3_module.m3_cells_generator - INFO - enlarge_cell_instances: 124 顆細胞, factor=1.50(面積), 中位半徑=27.1px, 外擴=6.1px
2026-07-11 12:07:45,162 - cellpose.transforms - INFO - processing image with (1024, 1024) HW, and 3 channels
2026-07-11 12:07:45,720 - hybrid_pipeline - INFO - [351/441] 處理 tile: tile_x7680_y6144
2026-07-11 12:07:45,751 - m3_module.m3_elastic_matching - INFO - elastic_dish_nucleus_matching(overlap-first): IHC=124, DISH=75, matched(1核)=64 (其中重疊=64), drop-out(競爭落敗)=24, 無候選(計入)=36, factor=1.50, min_reach=20.0
2026-07-11 12:07:45,813 - cellpose.transforms - INFO - processing image with (1024, 1024) HW, and 3 channels
2026-07-11 12:07:46,852 - m3_module.m3_dot_detection - INFO - detect_all_dots: 紅點=65, 黑點=188, 涉及細胞=124
2026-07-11 12:07:47,291 - m4_module.cell_crops - INFO - 匯出 70 張 per-cell 影像至 docs/hybrid-pipeline/measurement/runs_current/large/cell_crops/tile_x7680_y5376/cells
2026-07-11 12:07:47,292 - hybrid_pipeline - INFO - Tile tile_x7680_y5376 完成: 核心擁有 70 細胞 (70 陽性), 3.40 秒
2026-07-11 12:07:47,297 - m3_module.m3_cells_generator - INFO - All-positive 標註完成: 99 個細胞
2026-07-11 12:07:47,349 - m3_module.m3_cells_generator - INFO - enlarge_cell_instances: 99 顆細胞, factor=1.50(面積), 中位半徑=27.6px, 外擴=6.2px
2026-07-11 12:07:47,350 - cellpose.transforms - INFO - processing image with (1024, 1024) HW, and 3 channels
2026-07-11 12:07:47,903 - hybrid_pipeline - INFO - [352/441] 處理 tile: tile_x7680_y6912
2026-07-11 12:07:47,934 - m3_module.m3_elastic_matching - INFO - elastic_dish_nucleus_matching(overlap-first): IHC=99, DISH=53, matched(1核)=46 (其中重疊=46), drop-out(競爭落敗)=16, 無候選(計入)=37, factor=1.50, min_reach=20.0
2026-07-11 12:07:47,995 - cellpose.transforms - INFO - processing image with (1024, 1024) HW, and 3 channels
2026-07-11 12:07:48,668 - m3_module.m3_dot_detection - INFO - detect_all_dots: 紅點=44, 黑點=104, 涉及細胞=99
2026-07-11 12:07:48,973 - m4_module.cell_crops - INFO - 匯出 61 張 per-cell 影像至 docs/hybrid-pipeline/measurement/runs_current/large/cell_crops/tile_x7680_y6144/cells
2026-07-11 12:07:48,973 - hybrid_pipeline - INFO - Tile tile_x7680_y6144 完成: 核心擁有 61 細胞 (61 陽性), 3.25 秒
2026-07-11 12:07:49,139 - m3_module.m3_cells_generator - INFO - All-positive 標註完成: 91 個細胞
2026-07-11 12:07:49,191 - m3_module.m3_cells_generator - INFO - enlarge_cell_instances: 91 顆細胞, factor=1.50(面積), 中位半徑=28.4px, 外擴=6.4px
2026-07-11 12:07:49,191 - cellpose.transforms - INFO - processing image with (1024, 1024) HW, and 3 channels
2026-07-11 12:07:49,741 - hybrid_pipeline - INFO - [353/441] 處理 tile: tile_x7680_y768
2026-07-11 12:07:49,773 - m3_module.m3_elastic_matching - INFO - elastic_dish_nucleus_matching(overlap-first): IHC=91, DISH=57, matched(1核)=50 (其中重疊=50), drop-out(競爭落敗)=19, 無候選(計入)=22, factor=1.50, min_reach=20.0
2026-07-11 12:07:49,836 - cellpose.transforms - INFO - processing image with (1024, 1024) HW, and 3 channels
2026-07-11 12:07:50,631 - m3_module.m3_dot_detection - INFO - detect_all_dots: 紅點=53, 黑點=150, 涉及細胞=91
2026-07-11 12:07:50,942 - m4_module.cell_crops - INFO - 匯出 51 張 per-cell 影像至 docs/hybrid-pipeline/measurement/runs_current/large/cell_crops/tile_x7680_y6912/cells
2026-07-11 12:07:50,942 - hybrid_pipeline - INFO - Tile tile_x7680_y6912 完成: 核心擁有 51 細胞 (51 陽性), 3.04 秒
2026-07-11 12:07:51,113 - m3_module.m3_cells_generator - INFO - All-positive 標註完成: 125 個細胞
2026-07-11 12:07:51,170 - m3_module.m3_cells_generator - INFO - enlarge_cell_instances: 125 顆細胞, factor=1.50(面積), 中位半徑=27.1px, 外擴=6.1px
2026-07-11 12:07:51,170 - cellpose.transforms - INFO - processing image with (1024, 1024) HW, and 3 channels
2026-07-11 12:07:51,736 - hybrid_pipeline - INFO - [354/441] 處理 tile: tile_x7680_y7680
2026-07-11 12:07:51,771 - m3_module.m3_elastic_matching - INFO - elastic_dish_nucleus_matching(overlap-first): IHC=125, DISH=90, matched(1核)=73 (其中重疊=73), drop-out(競爭落敗)=24, 無候選(計入)=28, factor=1.50, min_reach=20.0
2026-07-11 12:07:51,832 - cellpose.transforms - INFO - processing image with (1024, 1024) HW, and 3 channels
2026-07-11 12:07:52,739 - m3_module.m3_dot_detection - INFO - detect_all_dots: 紅點=71, 黑點=167, 涉及細胞=125
2026-07-11 12:07:53,171 - m4_module.cell_crops - INFO - 匯出 77 張 per-cell 影像至 docs/hybrid-pipeline/measurement/runs_current/large/cell_crops/tile_x7680_y768/cells
2026-07-11 12:07:53,171 - hybrid_pipeline - INFO - Tile tile_x7680_y768 完成: 核心擁有 77 細胞 (77 陽性), 3.43 秒
2026-07-11 12:07:53,196 - m3_module.m3_cells_generator - INFO - All-positive 標註完成: 55 個細胞
2026-07-11 12:07:53,243 - m3_module.m3_cells_generator - INFO - enlarge_cell_instances: 55 顆細胞, factor=1.50(面積), 中位半徑=30.2px, 外擴=6.8px
2026-07-11 12:07:53,244 - cellpose.transforms - INFO - processing image with (1024, 1024) HW, and 3 channels
2026-07-11 12:07:53,819 - hybrid_pipeline - INFO - [355/441] 處理 tile: tile_x7680_y8448
2026-07-11 12:07:53,842 - m3_module.m3_elastic_matching - INFO - elastic_dish_nucleus_matching(overlap-first): IHC=55, DISH=45, matched(1核)=32 (其中重疊=32), drop-out(競爭落敗)=9, 無候選(計入)=14, factor=1.50, min_reach=20.0
2026-07-11 12:07:53,907 - cellpose.transforms - INFO - processing image with (1024, 1024) HW, and 3 channels
2026-07-11 12:07:54,382 - m3_module.m3_dot_detection - INFO - detect_all_dots: 紅點=40, 黑點=103, 涉及細胞=55
2026-07-11 12:07:54,600 - m4_module.cell_crops - INFO - 匯出 25 張 per-cell 影像至 docs/hybrid-pipeline/measurement/runs_current/large/cell_crops/tile_x7680_y7680/cells
2026-07-11 12:07:54,600 - hybrid_pipeline - INFO - Tile tile_x7680_y7680 完成: 核心擁有 25 細胞 (25 陽性), 2.86 秒
2026-07-11 12:07:54,831 - m3_module.m3_cells_generator - INFO - All-positive 標註完成: 54 個細胞
2026-07-11 12:07:54,886 - m3_module.m3_cells_generator - INFO - enlarge_cell_instances: 54 顆細胞, factor=1.50(面積), 中位半徑=25.3px, 外擴=5.7px
2026-07-11 12:07:54,887 - cellpose.transforms - INFO - processing image with (1024, 1024) HW, and 3 channels
2026-07-11 12:07:55,466 - hybrid_pipeline - INFO - [356/441] 處理 tile: tile_x7680_y9216
2026-07-11 12:07:55,494 - m3_module.m3_elastic_matching - INFO - elastic_dish_nucleus_matching(overlap-first): IHC=54, DISH=41, matched(1核)=24 (其中重疊=24), drop-out(競爭落敗)=2, 無候選(計入)=28, factor=1.50, min_reach=20.0
2026-07-11 12:07:55,561 - cellpose.transforms - INFO - processing image with (1024, 1024) HW, and 3 channels
2026-07-11 12:07:55,951 - m3_module.m3_dot_detection - INFO - detect_all_dots: 紅點=30, 黑點=69, 涉及細胞=54
2026-07-11 12:07:56,233 - m4_module.cell_crops - INFO - 匯出 35 張 per-cell 影像至 docs/hybrid-pipeline/measurement/runs_current/large/cell_crops/tile_x7680_y8448/cells
2026-07-11 12:07:56,233 - hybrid_pipeline - INFO - Tile tile_x7680_y8448 完成: 核心擁有 35 細胞 (35 陽性), 2.41 秒
2026-07-11 12:07:56,370 - m3_module.m3_cells_generator - INFO - All-positive 標註完成: 24 個細胞
2026-07-11 12:07:56,411 - m3_module.m3_cells_generator - INFO - enlarge_cell_instances: 24 顆細胞, factor=1.50(面積), 中位半徑=27.5px, 外擴=6.2px
2026-07-11 12:07:56,411 - cellpose.transforms - INFO - processing image with (1024, 1024) HW, and 3 channels
2026-07-11 12:07:56,999 - hybrid_pipeline - INFO - [357/441] 處理 tile: tile_x7680_y9984
2026-07-11 12:07:57,024 - m3_module.m3_elastic_matching - INFO - elastic_dish_nucleus_matching(overlap-first): IHC=24, DISH=15, matched(1核)=11 (其中重疊=11), drop-out(競爭落敗)=3, 無候選(計入)=10, factor=1.50, min_reach=20.0
2026-07-11 12:07:57,092 - cellpose.transforms - INFO - processing image with (1024, 1024) HW, and 3 channels
2026-07-11 12:07:57,254 - m3_module.m3_dot_detection - INFO - detect_all_dots: 紅點=14, 黑點=26, 涉及細胞=24
2026-07-11 12:07:57,378 - m4_module.cell_crops - INFO - 匯出 14 張 per-cell 影像至 docs/hybrid-pipeline/measurement/runs_current/large/cell_crops/tile_x7680_y9216/cells
2026-07-11 12:07:57,378 - hybrid_pipeline - INFO - Tile tile_x7680_y9216 完成: 核心擁有 14 細胞 (14 陽性), 1.91 秒
2026-07-11 12:07:57,686 - m3_module.m3_cells_generator - INFO - All-positive 標註完成: 10 個細胞
2026-07-11 12:07:57,722 - m3_module.m3_cells_generator - INFO - enlarge_cell_instances: 10 顆細胞, factor=1.50(面積), 中位半徑=29.5px, 外擴=6.6px
2026-07-11 12:07:57,723 - cellpose.transforms - INFO - processing image with (1024, 1024) HW, and 3 channels
2026-07-11 12:07:58,322 - hybrid_pipeline - INFO - [358/441] 處理 tile: tile_x768_y0
2026-07-11 12:07:58,346 - m3_module.m3_elastic_matching - INFO - elastic_dish_nucleus_matching(overlap-first): IHC=10, DISH=7, matched(1核)=4 (其中重疊=4), drop-out(競爭落敗)=0, 無候選(計入)=6, factor=1.50, min_reach=20.0
2026-07-11 12:07:58,412 - cellpose.transforms - INFO - processing image with (1024, 1024) HW, and 3 channels
2026-07-11 12:07:58,489 - m3_module.m3_dot_detection - INFO - detect_all_dots: 紅點=5, 黑點=9, 涉及細胞=10
2026-07-11 12:07:58,595 - m4_module.cell_crops - INFO - 匯出 4 張 per-cell 影像至 docs/hybrid-pipeline/measurement/runs_current/large/cell_crops/tile_x7680_y9984/cells
2026-07-11 12:07:58,595 - hybrid_pipeline - INFO - Tile tile_x7680_y9984 完成: 核心擁有 4 細胞 (4 陽性), 1.60 秒
2026-07-11 12:07:58,931 - m3_module.m3_cells_generator - INFO - All-positive 標註完成: 47 個細胞
2026-07-11 12:07:58,976 - m3_module.m3_cells_generator - INFO - enlarge_cell_instances: 47 顆細胞, factor=1.50(面積), 中位半徑=24.8px, 外擴=5.6px
2026-07-11 12:07:58,977 - cellpose.transforms - INFO - processing image with (1024, 1024) HW, and 3 channels
2026-07-11 12:07:59,566 - hybrid_pipeline - INFO - [359/441] 處理 tile: tile_x768_y10752
2026-07-11 12:07:59,597 - m3_module.m3_elastic_matching - INFO - elastic_dish_nucleus_matching(overlap-first): IHC=47, DISH=37, matched(1核)=25 (其中重疊=25), drop-out(競爭落敗)=7, 無候選(計入)=15, factor=1.50, min_reach=20.0
2026-07-11 12:07:59,668 - cellpose.transforms - INFO - processing image with (1024, 1024) HW, and 3 channels
2026-07-11 12:08:00,004 - m3_module.m3_dot_detection - INFO - detect_all_dots: 紅點=27, 黑點=44, 涉及細胞=47
2026-07-11 12:08:00,211 - m4_module.cell_crops - INFO - 匯出 19 張 per-cell 影像至 docs/hybrid-pipeline/measurement/runs_current/large/cell_crops/tile_x768_y0/cells
2026-07-11 12:08:00,212 - hybrid_pipeline - INFO - Tile tile_x768_y0 完成: 核心擁有 19 細胞 (19 陽性), 1.89 秒
2026-07-11 12:08:00,419 - m3_module.m3_cells_generator - INFO - All-positive 標註完成: 14 個細胞
2026-07-11 12:08:00,457 - m3_module.m3_cells_generator - INFO - enlarge_cell_instances: 14 顆細胞, factor=1.50(面積), 中位半徑=38.8px, 外擴=8.7px
2026-07-11 12:08:00,457 - cellpose.transforms - INFO - processing image with (1024, 1024) HW, and 3 channels
2026-07-11 12:08:01,022 - hybrid_pipeline - INFO - [360/441] 處理 tile: tile_x768_y11520
2026-07-11 12:08:01,048 - m3_module.m3_elastic_matching - INFO - elastic_dish_nucleus_matching(overlap-first): IHC=14, DISH=19, matched(1核)=13 (其中重疊=13), drop-out(競爭落敗)=0, 無候選(計入)=1, factor=1.50, min_reach=20.0
2026-07-11 12:08:01,117 - cellpose.transforms - INFO - processing image with (1024, 1024) HW, and 3 channels
2026-07-11 12:08:01,326 - m3_module.m3_dot_detection - INFO - detect_all_dots: 紅點=17, 黑點=28, 涉及細胞=14
2026-07-11 12:08:01,442 - m4_module.cell_crops - INFO - 匯出 2 張 per-cell 影像至 docs/hybrid-pipeline/measurement/runs_current/large/cell_crops/tile_x768_y10752/cells
2026-07-11 12:08:01,442 - hybrid_pipeline - INFO - Tile tile_x768_y10752 完成: 核心擁有 2 細胞 (2 陽性), 1.87 秒
2026-07-11 12:08:01,755 - m3_module.m3_cells_generator - INFO - All-positive 標註完成: 26 個細胞
2026-07-11 12:08:01,789 - m3_module.m3_cells_generator - INFO - enlarge_cell_instances: 26 顆細胞, factor=1.50(面積), 中位半徑=30.1px, 外擴=6.8px
2026-07-11 12:08:01,790 - cellpose.transforms - INFO - processing image with (1024, 1024) HW, and 3 channels
2026-07-11 12:08:02,359 - hybrid_pipeline - INFO - [361/441] 處理 tile: tile_x768_y12288
2026-07-11 12:08:02,383 - m3_module.m3_elastic_matching - INFO - elastic_dish_nucleus_matching(overlap-first): IHC=26, DISH=15, matched(1核)=13 (其中重疊=13), drop-out(競爭落敗)=2, 無候選(計入)=11, factor=1.50, min_reach=20.0
2026-07-11 12:08:02,452 - cellpose.transforms - INFO - processing image with (1024, 1024) HW, and 3 channels
2026-07-11 12:08:02,694 - m3_module.m3_dot_detection - INFO - detect_all_dots: 紅點=21, 黑點=37, 涉及細胞=26
2026-07-11 12:08:02,816 - m4_module.cell_crops - INFO - 匯出 4 張 per-cell 影像至 docs/hybrid-pipeline/measurement/runs_current/large/cell_crops/tile_x768_y11520/cells
2026-07-11 12:08:02,816 - hybrid_pipeline - INFO - Tile tile_x768_y11520 完成: 核心擁有 4 細胞 (4 陽性), 1.79 秒
2026-07-11 12:08:03,132 - m3_module.m3_cells_generator - INFO - All-positive 標註完成: 30 個細胞
2026-07-11 12:08:03,177 - m3_module.m3_cells_generator - INFO - enlarge_cell_instances: 30 顆細胞, factor=1.50(面積), 中位半徑=30.0px, 外擴=6.7px
2026-07-11 12:08:03,178 - cellpose.transforms - INFO - processing image with (1024, 1024) HW, and 3 channels
2026-07-11 12:08:03,768 - hybrid_pipeline - INFO - [362/441] 處理 tile: tile_x768_y13056
2026-07-11 12:08:03,796 - m3_module.m3_elastic_matching - INFO - elastic_dish_nucleus_matching(overlap-first): IHC=30, DISH=25, matched(1核)=20 (其中重疊=20), drop-out(競爭落敗)=2, 無候選(計入)=8, factor=1.50, min_reach=20.0
2026-07-11 12:08:03,864 - cellpose.transforms - INFO - processing image with (1024, 1024) HW, and 3 channels
2026-07-11 12:08:04,196 - m3_module.m3_dot_detection - INFO - detect_all_dots: 紅點=31, 黑點=43, 涉及細胞=30
2026-07-11 12:08:04,367 - m4_module.cell_crops - INFO - 匯出 24 張 per-cell 影像至 docs/hybrid-pipeline/measurement/runs_current/large/cell_crops/tile_x768_y12288/cells
2026-07-11 12:08:04,367 - hybrid_pipeline - INFO - Tile tile_x768_y12288 完成: 核心擁有 24 細胞 (24 陽性), 2.01 秒
2026-07-11 12:08:04,659 - m3_module.m3_cells_generator - INFO - All-positive 標註完成: 99 個細胞
2026-07-11 12:08:04,717 - m3_module.m3_cells_generator - INFO - enlarge_cell_instances: 99 顆細胞, factor=1.50(面積), 中位半徑=27.3px, 外擴=6.1px
2026-07-11 12:08:04,717 - cellpose.transforms - INFO - processing image with (1024, 1024) HW, and 3 channels
2026-07-11 12:08:05,292 - hybrid_pipeline - INFO - [363/441] 處理 tile: tile_x768_y13824
2026-07-11 12:08:05,328 - m3_module.m3_elastic_matching - INFO - elastic_dish_nucleus_matching(overlap-first): IHC=99, DISH=55, matched(1核)=54 (其中重疊=54), drop-out(競爭落敗)=24, 無候選(計入)=21, factor=1.50, min_reach=20.0
2026-07-11 12:08:05,391 - cellpose.transforms - INFO - processing image with (1024, 1024) HW, and 3 channels
2026-07-11 12:08:06,008 - m3_module.m3_dot_detection - INFO - detect_all_dots: 紅點=67, 黑點=104, 涉及細胞=99
2026-07-11 12:08:06,283 - m4_module.cell_crops - INFO - 匯出 49 張 per-cell 影像至 docs/hybrid-pipeline/measurement/runs_current/large/cell_crops/tile_x768_y13056/cells
2026-07-11 12:08:06,283 - hybrid_pipeline - INFO - Tile tile_x768_y13056 完成: 核心擁有 49 細胞 (49 陽性), 2.52 秒
2026-07-11 12:08:06,545 - m3_module.m3_cells_generator - INFO - All-positive 標註完成: 148 個細胞
2026-07-11 12:08:06,603 - m3_module.m3_cells_generator - INFO - enlarge_cell_instances: 148 顆細胞, factor=1.50(面積), 中位半徑=27.5px, 外擴=6.2px
2026-07-11 12:08:06,603 - cellpose.transforms - INFO - processing image with (1024, 1024) HW, and 3 channels
2026-07-11 12:08:07,195 - hybrid_pipeline - INFO - [364/441] 處理 tile: tile_x768_y14592
2026-07-11 12:08:07,228 - m3_module.m3_elastic_matching - INFO - elastic_dish_nucleus_matching(overlap-first): IHC=148, DISH=91, matched(1核)=82 (其中重疊=82), drop-out(競爭落敗)=48, 無候選(計入)=18, factor=1.50, min_reach=20.0
2026-07-11 12:08:07,288 - cellpose.transforms - INFO - processing image with (1024, 1024) HW, and 3 channels
2026-07-11 12:08:08,525 - m3_module.m3_dot_detection - INFO - detect_all_dots: 紅點=129, 黑點=189, 涉及細胞=148
2026-07-11 12:08:08,901 - m4_module.cell_crops - INFO - 匯出 84 張 per-cell 影像至 docs/hybrid-pipeline/measurement/runs_current/large/cell_crops/tile_x768_y13824/cells
2026-07-11 12:08:08,901 - hybrid_pipeline - INFO - Tile tile_x768_y13824 完成: 核心擁有 84 細胞 (84 陽性), 3.61 秒
2026-07-11 12:08:09,009 - m3_module.m3_cells_generator - INFO - All-positive 標註完成: 115 個細胞
2026-07-11 12:08:09,065 - m3_module.m3_cells_generator - INFO - enlarge_cell_instances: 115 顆細胞, factor=1.50(面積), 中位半徑=30.6px, 外擴=6.9px
2026-07-11 12:08:09,065 - cellpose.transforms - INFO - processing image with (1024, 1024) HW, and 3 channels
2026-07-11 12:08:09,642 - hybrid_pipeline - INFO - [365/441] 處理 tile: tile_x768_y1536
2026-07-11 12:08:09,677 - m3_module.m3_elastic_matching - INFO - elastic_dish_nucleus_matching(overlap-first): IHC=115, DISH=69, matched(1核)=60 (其中重疊=60), drop-out(競爭落敗)=34, 無候選(計入)=21, factor=1.50, min_reach=20.0
2026-07-11 12:08:09,723 - cellpose.transforms - INFO - processing image with (1024, 1024) HW, and 3 channels
2026-07-11 12:08:10,382 - m3_module.m3_dot_detection - INFO - detect_all_dots: 紅點=77, 黑點=123, 涉及細胞=115
2026-07-11 12:08:10,716 - m4_module.cell_crops - INFO - 匯出 69 張 per-cell 影像至 docs/hybrid-pipeline/measurement/runs_current/large/cell_crops/tile_x768_y14592/cells
2026-07-11 12:08:10,716 - hybrid_pipeline - INFO - Tile tile_x768_y14592 完成: 核心擁有 69 細胞 (69 陽性), 3.52 秒
2026-07-11 12:08:10,800 - m3_module.m3_cells_generator - INFO - All-positive 標註完成: 48 個細胞
2026-07-11 12:08:10,848 - m3_module.m3_cells_generator - INFO - enlarge_cell_instances: 48 顆細胞, factor=1.50(面積), 中位半徑=24.7px, 外擴=5.6px
2026-07-11 12:08:10,849 - cellpose.transforms - INFO - processing image with (1024, 1024) HW, and 3 channels
2026-07-11 12:08:11,432 - hybrid_pipeline - INFO - [366/441] 處理 tile: tile_x768_y15360
2026-07-11 12:08:11,463 - m3_module.m3_elastic_matching - INFO - elastic_dish_nucleus_matching(overlap-first): IHC=48, DISH=38, matched(1核)=29 (其中重疊=29), drop-out(競爭落敗)=12, 無候選(計入)=7, factor=1.50, min_reach=20.0
2026-07-11 12:08:11,531 - cellpose.transforms - INFO - processing image with (1024, 1024) HW, and 3 channels
2026-07-11 12:08:11,870 - m3_module.m3_dot_detection - INFO - detect_all_dots: 紅點=53, 黑點=94, 涉及細胞=48
2026-07-11 12:08:12,101 - m4_module.cell_crops - INFO - 匯出 25 張 per-cell 影像至 docs/hybrid-pipeline/measurement/runs_current/large/cell_crops/tile_x768_y1536/cells
2026-07-11 12:08:12,101 - hybrid_pipeline - INFO - Tile tile_x768_y1536 完成: 核心擁有 25 細胞 (25 陽性), 2.46 秒
2026-07-11 12:08:12,327 - m3_module.m3_cells_generator - INFO - All-positive 標註完成: 70 個細胞
2026-07-11 12:08:12,383 - m3_module.m3_cells_generator - INFO - enlarge_cell_instances: 70 顆細胞, factor=1.50(面積), 中位半徑=30.9px, 外擴=7.0px
2026-07-11 12:08:12,383 - cellpose.transforms - INFO - processing image with (1024, 1024) HW, and 3 channels
2026-07-11 12:08:12,970 - hybrid_pipeline - INFO - [367/441] 處理 tile: tile_x768_y2304
2026-07-11 12:08:13,001 - m3_module.m3_elastic_matching - INFO - elastic_dish_nucleus_matching(overlap-first): IHC=70, DISH=51, matched(1核)=43 (其中重疊=43), drop-out(競爭落敗)=15, 無候選(計入)=12, factor=1.50, min_reach=20.0
2026-07-11 12:08:13,071 - cellpose.transforms - INFO - processing image with (1024, 1024) HW, and 3 channels
2026-07-11 12:08:13,524 - m3_module.m3_dot_detection - INFO - detect_all_dots: 紅點=35, 黑點=64, 涉及細胞=70
2026-07-11 12:08:13,784 - m4_module.cell_crops - INFO - 匯出 47 張 per-cell 影像至 docs/hybrid-pipeline/measurement/runs_current/large/cell_crops/tile_x768_y15360/cells
2026-07-11 12:08:13,784 - hybrid_pipeline - INFO - Tile tile_x768_y15360 完成: 核心擁有 47 細胞 (47 陽性), 2.35 秒
2026-07-11 12:08:13,972 - m3_module.m3_cells_generator - INFO - All-positive 標註完成: 49 個細胞
2026-07-11 12:08:14,026 - m3_module.m3_cells_generator - INFO - enlarge_cell_instances: 49 顆細胞, factor=1.50(面積), 中位半徑=29.9px, 外擴=6.7px
2026-07-11 12:08:14,027 - cellpose.transforms - INFO - processing image with (1024, 1024) HW, and 3 channels
2026-07-11 12:08:14,615 - hybrid_pipeline - INFO - [368/441] 處理 tile: tile_x768_y3072
2026-07-11 12:08:14,642 - m3_module.m3_elastic_matching - INFO - elastic_dish_nucleus_matching(overlap-first): IHC=49, DISH=44, matched(1核)=33 (其中重疊=33), drop-out(競爭落敗)=7, 無候選(計入)=9, factor=1.50, min_reach=20.0
2026-07-11 12:08:14,700 - cellpose.transforms - INFO - processing image with (1024, 1024) HW, and 3 channels
2026-07-11 12:08:15,123 - m3_module.m3_dot_detection - INFO - detect_all_dots: 紅點=40, 黑點=68, 涉及細胞=49
2026-07-11 12:08:15,359 - m4_module.cell_crops - INFO - 匯出 28 張 per-cell 影像至 docs/hybrid-pipeline/measurement/runs_current/large/cell_crops/tile_x768_y2304/cells
2026-07-11 12:08:15,359 - hybrid_pipeline - INFO - Tile tile_x768_y2304 完成: 核心擁有 28 細胞 (28 陽性), 2.39 秒
2026-07-11 12:08:15,573 - m3_module.m3_cells_generator - INFO - All-positive 標註完成: 95 個細胞
2026-07-11 12:08:15,630 - m3_module.m3_cells_generator - INFO - enlarge_cell_instances: 95 顆細胞, factor=1.50(面積), 中位半徑=30.5px, 外擴=6.9px
2026-07-11 12:08:15,631 - cellpose.transforms - INFO - processing image with (1024, 1024) HW, and 3 channels
2026-07-11 12:08:16,221 - hybrid_pipeline - INFO - [369/441] 處理 tile: tile_x768_y3840
2026-07-11 12:08:16,263 - m3_module.m3_elastic_matching - INFO - elastic_dish_nucleus_matching(overlap-first): IHC=95, DISH=79, matched(1核)=62 (其中重疊=62), drop-out(競爭落敗)=20, 無候選(計入)=13, factor=1.50, min_reach=20.0
2026-07-11 12:08:16,329 - cellpose.transforms - INFO - processing image with (1024, 1024) HW, and 3 channels
2026-07-11 12:08:17,243 - m3_module.m3_dot_detection - INFO - detect_all_dots: 紅點=86, 黑點=156, 涉及細胞=95
2026-07-11 12:08:17,587 - m4_module.cell_crops - INFO - 匯出 42 張 per-cell 影像至 docs/hybrid-pipeline/measurement/runs_current/large/cell_crops/tile_x768_y3072/cells
2026-07-11 12:08:17,587 - hybrid_pipeline - INFO - Tile tile_x768_y3072 完成: 核心擁有 42 細胞 (42 陽性), 2.97 秒
2026-07-11 12:08:17,679 - m3_module.m3_cells_generator - INFO - All-positive 標註完成: 49 個細胞
2026-07-11 12:08:17,725 - m3_module.m3_cells_generator - INFO - enlarge_cell_instances: 49 顆細胞, factor=1.50(面積), 中位半徑=26.4px, 外擴=5.9px
2026-07-11 12:08:17,726 - cellpose.transforms - INFO - processing image with (1024, 1024) HW, and 3 channels
2026-07-11 12:08:18,279 - hybrid_pipeline - INFO - [370/441] 處理 tile: tile_x768_y4608
2026-07-11 12:08:18,311 - m3_module.m3_elastic_matching - INFO - elastic_dish_nucleus_matching(overlap-first): IHC=49, DISH=37, matched(1核)=28 (其中重疊=28), drop-out(競爭落敗)=8, 無候選(計入)=13, factor=1.50, min_reach=20.0
2026-07-11 12:08:18,371 - cellpose.transforms - INFO - processing image with (1024, 1024) HW, and 3 channels
2026-07-11 12:08:18,862 - m3_module.m3_dot_detection - INFO - detect_all_dots: 紅點=36, 黑點=65, 涉及細胞=49
2026-07-11 12:08:19,052 - m4_module.cell_crops - INFO - 匯出 15 張 per-cell 影像至 docs/hybrid-pipeline/measurement/runs_current/large/cell_crops/tile_x768_y3840/cells
2026-07-11 12:08:19,052 - hybrid_pipeline - INFO - Tile tile_x768_y3840 完成: 核心擁有 15 細胞 (15 陽性), 2.83 秒
2026-07-11 12:08:19,278 - m3_module.m3_cells_generator - INFO - All-positive 標註完成: 26 個細胞
2026-07-11 12:08:19,321 - m3_module.m3_cells_generator - INFO - enlarge_cell_instances: 26 顆細胞, factor=1.50(面積), 中位半徑=27.8px, 外擴=6.2px
2026-07-11 12:08:19,321 - cellpose.transforms - INFO - processing image with (1024, 1024) HW, and 3 channels
2026-07-11 12:08:19,882 - hybrid_pipeline - INFO - [371/441] 處理 tile: tile_x768_y5376
2026-07-11 12:08:19,909 - m3_module.m3_elastic_matching - INFO - elastic_dish_nucleus_matching(overlap-first): IHC=26, DISH=24, matched(1核)=13 (其中重疊=13), drop-out(競爭落敗)=1, 無候選(計入)=12, factor=1.50, min_reach=20.0
2026-07-11 12:08:19,976 - cellpose.transforms - INFO - processing image with (1024, 1024) HW, and 3 channels
2026-07-11 12:08:20,157 - m3_module.m3_dot_detection - INFO - detect_all_dots: 紅點=18, 黑點=30, 涉及細胞=26
2026-07-11 12:08:20,348 - m4_module.cell_crops - INFO - 匯出 13 張 per-cell 影像至 docs/hybrid-pipeline/measurement/runs_current/large/cell_crops/tile_x768_y4608/cells
2026-07-11 12:08:20,348 - hybrid_pipeline - INFO - Tile tile_x768_y4608 完成: 核心擁有 13 細胞 (13 陽性), 2.07 秒
2026-07-11 12:08:20,597 - m3_module.m3_cells_generator - INFO - All-positive 標註完成: 54 個細胞
2026-07-11 12:08:20,646 - m3_module.m3_cells_generator - INFO - enlarge_cell_instances: 54 顆細胞, factor=1.50(面積), 中位半徑=27.6px, 外擴=6.2px
2026-07-11 12:08:20,647 - cellpose.transforms - INFO - processing image with (1024, 1024) HW, and 3 channels
2026-07-11 12:08:21,219 - hybrid_pipeline - INFO - [372/441] 處理 tile: tile_x768_y6144
2026-07-11 12:08:21,246 - m3_module.m3_elastic_matching - INFO - elastic_dish_nucleus_matching(overlap-first): IHC=54, DISH=32, matched(1核)=29 (其中重疊=29), drop-out(競爭落敗)=8, 無候選(計入)=17, factor=1.50, min_reach=20.0
2026-07-11 12:08:21,313 - cellpose.transforms - INFO - processing image with (1024, 1024) HW, and 3 channels
2026-07-11 12:08:21,756 - m3_module.m3_dot_detection - INFO - detect_all_dots: 紅點=38, 黑點=72, 涉及細胞=54
2026-07-11 12:08:21,938 - m4_module.cell_crops - INFO - 匯出 35 張 per-cell 影像至 docs/hybrid-pipeline/measurement/runs_current/large/cell_crops/tile_x768_y5376/cells
2026-07-11 12:08:21,939 - hybrid_pipeline - INFO - Tile tile_x768_y5376 完成: 核心擁有 35 細胞 (35 陽性), 2.06 秒
2026-07-11 12:08:22,198 - m3_module.m3_cells_generator - INFO - All-positive 標註完成: 44 個細胞
2026-07-11 12:08:22,247 - m3_module.m3_cells_generator - INFO - enlarge_cell_instances: 44 顆細胞, factor=1.50(面積), 中位半徑=31.5px, 外擴=7.1px
2026-07-11 12:08:22,248 - cellpose.transforms - INFO - processing image with (1024, 1024) HW, and 3 channels
2026-07-11 12:08:22,818 - hybrid_pipeline - INFO - [373/441] 處理 tile: tile_x768_y6912
2026-07-11 12:08:22,848 - m3_module.m3_elastic_matching - INFO - elastic_dish_nucleus_matching(overlap-first): IHC=44, DISH=35, matched(1核)=29 (其中重疊=29), drop-out(競爭落敗)=4, 無候選(計入)=11, factor=1.50, min_reach=20.0
2026-07-11 12:08:22,911 - cellpose.transforms - INFO - processing image with (1024, 1024) HW, and 3 channels
2026-07-11 12:08:23,526 - m3_module.m3_dot_detection - INFO - detect_all_dots: 紅點=45, 黑點=97, 涉及細胞=44
2026-07-11 12:08:23,723 - m4_module.cell_crops - INFO - 匯出 21 張 per-cell 影像至 docs/hybrid-pipeline/measurement/runs_current/large/cell_crops/tile_x768_y6144/cells
2026-07-11 12:08:23,723 - hybrid_pipeline - INFO - Tile tile_x768_y6144 完成: 核心擁有 21 細胞 (21 陽性), 2.50 秒
2026-07-11 12:08:23,931 - m3_module.m3_cells_generator - INFO - All-positive 標註完成: 30 個細胞
2026-07-11 12:08:23,970 - m3_module.m3_cells_generator - INFO - enlarge_cell_instances: 30 顆細胞, factor=1.50(面積), 中位半徑=27.7px, 外擴=6.2px
2026-07-11 12:08:23,971 - cellpose.transforms - INFO - processing image with (1024, 1024) HW, and 3 channels
2026-07-11 12:08:24,528 - hybrid_pipeline - INFO - [374/441] 處理 tile: tile_x768_y768
2026-07-11 12:08:24,554 - m3_module.m3_elastic_matching - INFO - elastic_dish_nucleus_matching(overlap-first): IHC=30, DISH=39, matched(1核)=19 (其中重疊=19), drop-out(競爭落敗)=3, 無候選(計入)=8, factor=1.50, min_reach=20.0
2026-07-11 12:08:24,608 - cellpose.transforms - INFO - processing image with (1024, 1024) HW, and 3 channels
2026-07-11 12:08:24,994 - m3_module.m3_dot_detection - INFO - detect_all_dots: 紅點=28, 黑點=57, 涉及細胞=30
2026-07-11 12:08:25,183 - m4_module.cell_crops - INFO - 匯出 9 張 per-cell 影像至 docs/hybrid-pipeline/measurement/runs_current/large/cell_crops/tile_x768_y6912/cells
2026-07-11 12:08:25,183 - hybrid_pipeline - INFO - Tile tile_x768_y6912 完成: 核心擁有 9 細胞 (9 陽性), 2.36 秒
2026-07-11 12:08:25,448 - m3_module.m3_cells_generator - INFO - All-positive 標註完成: 108 個細胞
2026-07-11 12:08:25,498 - m3_module.m3_cells_generator - INFO - enlarge_cell_instances: 108 顆細胞, factor=1.50(面積), 中位半徑=26.3px, 外擴=5.9px
2026-07-11 12:08:25,498 - cellpose.transforms - INFO - processing image with (1024, 1024) HW, and 3 channels
2026-07-11 12:08:26,068 - hybrid_pipeline - INFO - [375/441] 處理 tile: tile_x768_y7680
2026-07-11 12:08:26,102 - m3_module.m3_elastic_matching - INFO - elastic_dish_nucleus_matching(overlap-first): IHC=108, DISH=68, matched(1核)=52 (其中重疊=52), drop-out(競爭落敗)=33, 無候選(計入)=23, factor=1.50, min_reach=20.0
2026-07-11 12:08:26,139 - cellpose.transforms - INFO - processing image with (1024, 1024) HW, and 3 channels
2026-07-11 12:08:26,992 - m3_module.m3_dot_detection - INFO - detect_all_dots: 紅點=77, 黑點=146, 涉及細胞=108
2026-07-11 12:08:27,367 - m4_module.cell_crops - INFO - 匯出 62 張 per-cell 影像至 docs/hybrid-pipeline/measurement/runs_current/large/cell_crops/tile_x768_y768/cells
2026-07-11 12:08:27,367 - hybrid_pipeline - INFO - Tile tile_x768_y768 完成: 核心擁有 62 細胞 (62 陽性), 2.84 秒
2026-07-11 12:08:27,399 - m3_module.m3_cells_generator - INFO - All-positive 標註完成: 51 個細胞
2026-07-11 12:08:27,442 - m3_module.m3_cells_generator - INFO - enlarge_cell_instances: 51 顆細胞, factor=1.50(面積), 中位半徑=29.0px, 外擴=6.5px
2026-07-11 12:08:27,442 - cellpose.transforms - INFO - processing image with (1024, 1024) HW, and 3 channels
2026-07-11 12:08:28,003 - hybrid_pipeline - INFO - [376/441] 處理 tile: tile_x768_y8448
2026-07-11 12:08:28,030 - m3_module.m3_elastic_matching - INFO - elastic_dish_nucleus_matching(overlap-first): IHC=51, DISH=39, matched(1核)=31 (其中重疊=31), drop-out(競爭落敗)=5, 無候選(計入)=15, factor=1.50, min_reach=20.0
2026-07-11 12:08:28,092 - cellpose.transforms - INFO - processing image with (1024, 1024) HW, and 3 channels
2026-07-11 12:08:28,518 - m3_module.m3_dot_detection - INFO - detect_all_dots: 紅點=37, 黑點=70, 涉及細胞=51
2026-07-11 12:08:28,709 - m4_module.cell_crops - INFO - 匯出 27 張 per-cell 影像至 docs/hybrid-pipeline/measurement/runs_current/large/cell_crops/tile_x768_y7680/cells
2026-07-11 12:08:28,709 - hybrid_pipeline - INFO - Tile tile_x768_y7680 完成: 核心擁有 27 細胞 (27 陽性), 2.64 秒
2026-07-11 12:08:29,018 - m3_module.m3_cells_generator - INFO - All-positive 標註完成: 108 個細胞
2026-07-11 12:08:29,072 - m3_module.m3_cells_generator - INFO - enlarge_cell_instances: 108 顆細胞, factor=1.50(面積), 中位半徑=30.7px, 外擴=6.9px
2026-07-11 12:08:29,073 - cellpose.transforms - INFO - processing image with (1024, 1024) HW, and 3 channels
2026-07-11 12:08:29,633 - hybrid_pipeline - INFO - [377/441] 處理 tile: tile_x768_y9216
2026-07-11 12:08:29,664 - m3_module.m3_elastic_matching - INFO - elastic_dish_nucleus_matching(overlap-first): IHC=108, DISH=74, matched(1核)=64 (其中重疊=64), drop-out(競爭落敗)=17, 無候選(計入)=27, factor=1.50, min_reach=20.0
2026-07-11 12:08:29,728 - cellpose.transforms - INFO - processing image with (1024, 1024) HW, and 3 channels
2026-07-11 12:08:30,696 - m3_module.m3_dot_detection - INFO - detect_all_dots: 紅點=96, 黑點=141, 涉及細胞=108
2026-07-11 12:08:31,054 - m4_module.cell_crops - INFO - 匯出 75 張 per-cell 影像至 docs/hybrid-pipeline/measurement/runs_current/large/cell_crops/tile_x768_y8448/cells
2026-07-11 12:08:31,054 - hybrid_pipeline - INFO - Tile tile_x768_y8448 完成: 核心擁有 75 細胞 (75 陽性), 3.05 秒
2026-07-11 12:08:31,247 - m3_module.m3_cells_generator - INFO - All-positive 標註完成: 111 個細胞
2026-07-11 12:08:31,304 - m3_module.m3_cells_generator - INFO - enlarge_cell_instances: 111 顆細胞, factor=1.50(面積), 中位半徑=32.5px, 外擴=7.3px
2026-07-11 12:08:31,305 - cellpose.transforms - INFO - processing image with (1024, 1024) HW, and 3 channels
2026-07-11 12:08:31,866 - hybrid_pipeline - INFO - [378/441] 處理 tile: tile_x768_y9984
2026-07-11 12:08:31,899 - m3_module.m3_elastic_matching - INFO - elastic_dish_nucleus_matching(overlap-first): IHC=111, DISH=74, matched(1核)=61 (其中重疊=61), drop-out(競爭落敗)=21, 無候選(計入)=29, factor=1.50, min_reach=20.0
2026-07-11 12:08:31,956 - cellpose.transforms - INFO - processing image with (1024, 1024) HW, and 3 channels
2026-07-11 12:08:32,920 - m3_module.m3_dot_detection - INFO - detect_all_dots: 紅點=86, 黑點=140, 涉及細胞=111
2026-07-11 12:08:33,304 - m4_module.cell_crops - INFO - 匯出 64 張 per-cell 影像至 docs/hybrid-pipeline/measurement/runs_current/large/cell_crops/tile_x768_y9216/cells
2026-07-11 12:08:33,304 - hybrid_pipeline - INFO - Tile tile_x768_y9216 完成: 核心擁有 64 細胞 (64 陽性), 3.67 秒
2026-07-11 12:08:33,367 - m3_module.m3_cells_generator - INFO - All-positive 標註完成: 76 個細胞
2026-07-11 12:08:33,413 - m3_module.m3_cells_generator - INFO - enlarge_cell_instances: 76 顆細胞, factor=1.50(面積), 中位半徑=32.6px, 外擴=7.3px
2026-07-11 12:08:33,413 - cellpose.transforms - INFO - processing image with (1024, 1024) HW, and 3 channels
2026-07-11 12:08:33,976 - hybrid_pipeline - INFO - [379/441] 處理 tile: tile_x8448_y0
2026-07-11 12:08:34,008 - m3_module.m3_elastic_matching - INFO - elastic_dish_nucleus_matching(overlap-first): IHC=76, DISH=49, matched(1核)=43 (其中重疊=43), drop-out(競爭落敗)=23, 無候選(計入)=10, factor=1.50, min_reach=20.0
2026-07-11 12:08:34,070 - cellpose.transforms - INFO - processing image with (1024, 1024) HW, and 3 channels
2026-07-11 12:08:34,785 - m3_module.m3_dot_detection - INFO - detect_all_dots: 紅點=69, 黑點=99, 涉及細胞=76
2026-07-11 12:08:35,032 - m4_module.cell_crops - INFO - 匯出 44 張 per-cell 影像至 docs/hybrid-pipeline/measurement/runs_current/large/cell_crops/tile_x768_y9984/cells
2026-07-11 12:08:35,032 - hybrid_pipeline - INFO - Tile tile_x768_y9984 完成: 核心擁有 44 細胞 (44 陽性), 3.17 秒
2026-07-11 12:08:35,190 - m3_module.m3_cells_generator - INFO - All-positive 標註完成: 36 個細胞
2026-07-11 12:08:35,227 - m3_module.m3_cells_generator - INFO - enlarge_cell_instances: 36 顆細胞, factor=1.50(面積), 中位半徑=27.5px, 外擴=6.2px
2026-07-11 12:08:35,227 - cellpose.transforms - INFO - processing image with (1024, 1024) HW, and 3 channels
2026-07-11 12:08:35,773 - hybrid_pipeline - INFO - [380/441] 處理 tile: tile_x8448_y10752
2026-07-11 12:08:35,796 - m3_module.m3_elastic_matching - INFO - elastic_dish_nucleus_matching(overlap-first): IHC=36, DISH=16, matched(1核)=15 (其中重疊=15), drop-out(競爭落敗)=7, 無候選(計入)=14, factor=1.50, min_reach=20.0
2026-07-11 12:08:35,865 - cellpose.transforms - INFO - processing image with (1024, 1024) HW, and 3 channels
2026-07-11 12:08:36,100 - m3_module.m3_dot_detection - INFO - detect_all_dots: 紅點=15, 黑點=33, 涉及細胞=36
2026-07-11 12:08:36,227 - m4_module.cell_crops - INFO - 匯出 13 張 per-cell 影像至 docs/hybrid-pipeline/measurement/runs_current/large/cell_crops/tile_x8448_y0/cells
2026-07-11 12:08:36,227 - hybrid_pipeline - INFO - Tile tile_x8448_y0 完成: 核心擁有 13 細胞 (13 陽性), 2.25 秒
2026-07-11 12:08:36,564 - m3_module.m3_cells_generator - INFO - All-positive 標註完成: 109 個細胞
2026-07-11 12:08:36,615 - m3_module.m3_cells_generator - INFO - enlarge_cell_instances: 109 顆細胞, factor=1.50(面積), 中位半徑=25.0px, 外擴=5.6px
2026-07-11 12:08:36,616 - cellpose.transforms - INFO - processing image with (1024, 1024) HW, and 3 channels
2026-07-11 12:08:37,173 - hybrid_pipeline - INFO - [381/441] 處理 tile: tile_x8448_y11520
2026-07-11 12:08:37,203 - m3_module.m3_elastic_matching - INFO - elastic_dish_nucleus_matching(overlap-first): IHC=109, DISH=83, matched(1核)=61 (其中重疊=61), drop-out(競爭落敗)=25, 無候選(計入)=23, factor=1.50, min_reach=20.0
2026-07-11 12:08:37,265 - cellpose.transforms - INFO - processing image with (1024, 1024) HW, and 3 channels
2026-07-11 12:08:38,256 - m3_module.m3_dot_detection - INFO - detect_all_dots: 紅點=57, 黑點=155, 涉及細胞=109
2026-07-11 12:08:38,578 - m4_module.cell_crops - INFO - 匯出 73 張 per-cell 影像至 docs/hybrid-pipeline/measurement/runs_current/large/cell_crops/tile_x8448_y10752/cells
2026-07-11 12:08:38,578 - hybrid_pipeline - INFO - Tile tile_x8448_y10752 完成: 核心擁有 73 細胞 (73 陽性), 2.80 秒
2026-07-11 12:08:38,681 - m3_module.m3_cells_generator - INFO - All-positive 標註完成: 38 個細胞
2026-07-11 12:08:38,722 - m3_module.m3_cells_generator - INFO - enlarge_cell_instances: 38 顆細胞, factor=1.50(面積), 中位半徑=23.5px, 外擴=5.3px
2026-07-11 12:08:38,722 - cellpose.transforms - INFO - processing image with (1024, 1024) HW, and 3 channels
2026-07-11 12:08:39,277 - hybrid_pipeline - INFO - [382/441] 處理 tile: tile_x8448_y12288
2026-07-11 12:08:39,305 - m3_module.m3_elastic_matching - INFO - elastic_dish_nucleus_matching(overlap-first): IHC=38, DISH=38, matched(1核)=25 (其中重疊=25), drop-out(競爭落敗)=3, 無候選(計入)=10, factor=1.50, min_reach=20.0
2026-07-11 12:08:39,369 - cellpose.transforms - INFO - processing image with (1024, 1024) HW, and 3 channels
2026-07-11 12:08:39,809 - m3_module.m3_dot_detection - INFO - detect_all_dots: 紅點=28, 黑點=55, 涉及細胞=38
2026-07-11 12:08:39,970 - m4_module.cell_crops - INFO - 匯出 13 張 per-cell 影像至 docs/hybrid-pipeline/measurement/runs_current/large/cell_crops/tile_x8448_y11520/cells
2026-07-11 12:08:39,970 - hybrid_pipeline - INFO - Tile tile_x8448_y11520 完成: 核心擁有 13 細胞 (13 陽性), 2.80 秒
2026-07-11 12:08:40,207 - m3_module.m3_cells_generator - INFO - All-positive 標註完成: 14 個細胞
2026-07-11 12:08:40,242 - m3_module.m3_cells_generator - INFO - enlarge_cell_instances: 14 顆細胞, factor=1.50(面積), 中位半徑=31.0px, 外擴=7.0px
2026-07-11 12:08:40,242 - cellpose.transforms - INFO - processing image with (1024, 1024) HW, and 3 channels
2026-07-11 12:08:40,793 - hybrid_pipeline - INFO - [383/441] 處理 tile: tile_x8448_y13056
2026-07-11 12:08:40,814 - m3_module.m3_elastic_matching - INFO - elastic_dish_nucleus_matching(overlap-first): IHC=14, DISH=20, matched(1核)=10 (其中重疊=9), drop-out(競爭落敗)=1, 無候選(計入)=3, factor=1.50, min_reach=20.0
2026-07-11 12:08:40,879 - cellpose.transforms - INFO - processing image with (1024, 1024) HW, and 3 channels
2026-07-11 12:08:41,027 - m3_module.m3_dot_detection - INFO - detect_all_dots: 紅點=9, 黑點=13, 涉及細胞=14
2026-07-11 12:08:41,115 - m4_module.cell_crops - INFO - 匯出 2 張 per-cell 影像至 docs/hybrid-pipeline/measurement/runs_current/large/cell_crops/tile_x8448_y12288/cells
2026-07-11 12:08:41,115 - hybrid_pipeline - INFO - Tile tile_x8448_y12288 完成: 核心擁有 2 細胞 (2 陽性), 1.84 秒
2026-07-11 12:08:41,423 - m3_module.m3_cells_generator - INFO - All-positive 標註完成: 11 個細胞
2026-07-11 12:08:41,455 - m3_module.m3_cells_generator - INFO - enlarge_cell_instances: 11 顆細胞, factor=1.50(面積), 中位半徑=22.7px, 外擴=5.1px
2026-07-11 12:08:41,455 - cellpose.transforms - INFO - processing image with (1024, 1024) HW, and 3 channels
2026-07-11 12:08:42,010 - hybrid_pipeline - INFO - [384/441] 處理 tile: tile_x8448_y13824
2026-07-11 12:08:42,033 - m3_module.m3_elastic_matching - INFO - elastic_dish_nucleus_matching(overlap-first): IHC=11, DISH=6, matched(1核)=5 (其中重疊=5), drop-out(競爭落敗)=1, 無候選(計入)=5, factor=1.50, min_reach=20.0
2026-07-11 12:08:42,097 - cellpose.transforms - INFO - processing image with (1024, 1024) HW, and 3 channels
2026-07-11 12:08:42,175 - m3_module.m3_dot_detection - INFO - detect_all_dots: 紅點=5, 黑點=5, 涉及細胞=11
2026-07-11 12:08:42,248 - m4_module.cell_crops - INFO - 匯出 1 張 per-cell 影像至 docs/hybrid-pipeline/measurement/runs_current/large/cell_crops/tile_x8448_y13056/cells
2026-07-11 12:08:42,248 - hybrid_pipeline - INFO - Tile tile_x8448_y13056 完成: 核心擁有 1 細胞 (1 陽性), 1.46 秒
2026-07-11 12:08:42,561 - m3_module.m3_cells_generator - INFO - All-positive 標註完成: 4 個細胞
2026-07-11 12:08:42,592 - m3_module.m3_cells_generator - INFO - enlarge_cell_instances: 4 顆細胞, factor=1.50(面積), 中位半徑=30.7px, 外擴=6.9px
2026-07-11 12:08:42,592 - cellpose.transforms - INFO - processing image with (1024, 1024) HW, and 3 channels
2026-07-11 12:08:43,143 - hybrid_pipeline - INFO - [385/441] 處理 tile: tile_x8448_y14592
2026-07-11 12:08:43,168 - m3_module.m3_elastic_matching - INFO - elastic_dish_nucleus_matching(overlap-first): IHC=4, DISH=5, matched(1核)=4 (其中重疊=4), drop-out(競爭落敗)=0, 無候選(計入)=0, factor=1.50, min_reach=20.0
2026-07-11 12:08:43,389 - m3_module.m3_dot_detection - INFO - detect_all_dots: 紅點=3, 黑點=3, 涉及細胞=4
2026-07-11 12:08:43,448 - m4_module.cell_crops - INFO - 匯出 0 張 per-cell 影像至 docs/hybrid-pipeline/measurement/runs_current/large/cell_crops/tile_x8448_y13824/cells
2026-07-11 12:08:43,448 - hybrid_pipeline - INFO - Tile tile_x8448_y13824 完成: 核心擁有 0 細胞 (0 陽性), 1.44 秒
2026-07-11 12:08:43,449 - hybrid_pipeline - INFO - [386/441] 處理 tile: tile_x8448_y1536
2026-07-11 12:08:43,473 - hybrid_pipeline - INFO - Tile tile_x8448_y14592: 核心遮罩全空 → 空白 placeholder
2026-07-11 12:08:43,521 - cellpose.transforms - INFO - processing image with (1024, 1024) HW, and 3 channels
2026-07-11 12:08:43,987 - m3_module.m3_cells_generator - INFO - All-positive 標註完成: 7 個細胞
2026-07-11 12:08:44,013 - m3_module.m3_cells_generator - INFO - enlarge_cell_instances: 7 顆細胞, factor=1.50(面積), 中位半徑=35.7px, 外擴=8.0px
2026-07-11 12:08:44,013 - cellpose.transforms - INFO - processing image with (1024, 1024) HW, and 3 channels
2026-07-11 12:08:44,558 - hybrid_pipeline - INFO - [387/441] 處理 tile: tile_x8448_y15360
2026-07-11 12:08:44,582 - m3_module.m3_elastic_matching - INFO - elastic_dish_nucleus_matching(overlap-first): IHC=7, DISH=8, matched(1核)=5 (其中重疊=5), drop-out(競爭落敗)=1, 無候選(計入)=1, factor=1.50, min_reach=20.0
2026-07-11 12:08:44,650 - cellpose.transforms - INFO - processing image with (1024, 1024) HW, and 3 channels
2026-07-11 12:08:44,729 - m3_module.m3_dot_detection - INFO - detect_all_dots: 紅點=1, 黑點=8, 涉及細胞=7
2026-07-11 12:08:44,818 - m4_module.cell_crops - INFO - 匯出 1 張 per-cell 影像至 docs/hybrid-pipeline/measurement/runs_current/large/cell_crops/tile_x8448_y1536/cells
2026-07-11 12:08:44,818 - hybrid_pipeline - INFO - Tile tile_x8448_y1536 完成: 核心擁有 1 細胞 (1 陽性), 1.37 秒
2026-07-11 12:08:45,133 - m3_module.m3_cells_generator - INFO - All-positive 標註完成: 2 個細胞
2026-07-11 12:08:45,164 - m3_module.m3_cells_generator - INFO - enlarge_cell_instances: 2 顆細胞, factor=1.50(面積), 中位半徑=27.2px, 外擴=6.1px
2026-07-11 12:08:45,164 - cellpose.transforms - INFO - processing image with (1024, 1024) HW, and 3 channels
2026-07-11 12:08:45,715 - hybrid_pipeline - INFO - [388/441] 處理 tile: tile_x8448_y2304
2026-07-11 12:08:45,737 - m3_module.m3_elastic_matching - INFO - elastic_dish_nucleus_matching(overlap-first): IHC=2, DISH=5, matched(1核)=1 (其中重疊=1), drop-out(競爭落敗)=0, 無候選(計入)=1, factor=1.50, min_reach=20.0
2026-07-11 12:08:45,805 - cellpose.transforms - INFO - processing image with (1024, 1024) HW, and 3 channels
2026-07-11 12:08:45,853 - m3_module.m3_dot_detection - INFO - detect_all_dots: 紅點=0, 黑點=0, 涉及細胞=2
2026-07-11 12:08:45,919 - m4_module.cell_crops - INFO - 匯出 2 張 per-cell 影像至 docs/hybrid-pipeline/measurement/runs_current/large/cell_crops/tile_x8448_y15360/cells
2026-07-11 12:08:45,919 - hybrid_pipeline - INFO - Tile tile_x8448_y15360 完成: 核心擁有 2 細胞 (2 陽性), 1.36 秒
2026-07-11 12:08:46,270 - m3_module.m3_cells_generator - INFO - All-positive 標註完成: 15 個細胞
2026-07-11 12:08:46,305 - m3_module.m3_cells_generator - INFO - enlarge_cell_instances: 15 顆細胞, factor=1.50(面積), 中位半徑=23.5px, 外擴=5.3px
2026-07-11 12:08:46,305 - cellpose.transforms - INFO - processing image with (1024, 1024) HW, and 3 channels
2026-07-11 12:08:46,854 - hybrid_pipeline - INFO - [389/441] 處理 tile: tile_x8448_y3072
2026-07-11 12:08:46,878 - m3_module.m3_elastic_matching - INFO - elastic_dish_nucleus_matching(overlap-first): IHC=15, DISH=2, matched(1核)=2 (其中重疊=2), drop-out(競爭落敗)=2, 無候選(計入)=11, factor=1.50, min_reach=20.0
2026-07-11 12:08:46,930 - cellpose.transforms - INFO - processing image with (1024, 1024) HW, and 3 channels
2026-07-11 12:08:46,996 - m3_module.m3_dot_detection - INFO - detect_all_dots: 紅點=1, 黑點=3, 涉及細胞=15
2026-07-11 12:08:47,073 - m4_module.cell_crops - INFO - 匯出 2 張 per-cell 影像至 docs/hybrid-pipeline/measurement/runs_current/large/cell_crops/tile_x8448_y2304/cells
2026-07-11 12:08:47,073 - hybrid_pipeline - INFO - Tile tile_x8448_y2304 完成: 核心擁有 2 細胞 (2 陽性), 1.36 秒
2026-07-11 12:08:47,379 - m3_module.m3_cells_generator - INFO - All-positive 標註完成: 16 個細胞
2026-07-11 12:08:47,416 - m3_module.m3_cells_generator - INFO - enlarge_cell_instances: 16 顆細胞, factor=1.50(面積), 中位半徑=24.6px, 外擴=5.5px
2026-07-11 12:08:47,417 - cellpose.transforms - INFO - processing image with (1024, 1024) HW, and 3 channels
2026-07-11 12:08:47,971 - hybrid_pipeline - INFO - [390/441] 處理 tile: tile_x8448_y3840
2026-07-11 12:08:47,995 - m3_module.m3_elastic_matching - INFO - elastic_dish_nucleus_matching(overlap-first): IHC=16, DISH=4, matched(1核)=3 (其中重疊=3), drop-out(競爭落敗)=3, 無候選(計入)=10, factor=1.50, min_reach=20.0
2026-07-11 12:08:48,059 - cellpose.transforms - INFO - processing image with (1024, 1024) HW, and 3 channels
2026-07-11 12:08:48,123 - m3_module.m3_dot_detection - INFO - detect_all_dots: 紅點=1, 黑點=2, 涉及細胞=16
2026-07-11 12:08:48,211 - m4_module.cell_crops - INFO - 匯出 7 張 per-cell 影像至 docs/hybrid-pipeline/measurement/runs_current/large/cell_crops/tile_x8448_y3072/cells
2026-07-11 12:08:48,211 - hybrid_pipeline - INFO - Tile tile_x8448_y3072 完成: 核心擁有 7 細胞 (7 陽性), 1.36 秒
2026-07-11 12:08:48,545 - m3_module.m3_cells_generator - INFO - All-positive 標註完成: 47 個細胞
2026-07-11 12:08:48,589 - m3_module.m3_cells_generator - INFO - enlarge_cell_instances: 47 顆細胞, factor=1.50(面積), 中位半徑=24.4px, 外擴=5.5px
2026-07-11 12:08:48,590 - cellpose.transforms - INFO - processing image with (1024, 1024) HW, and 3 channels
2026-07-11 12:08:49,155 - hybrid_pipeline - INFO - [391/441] 處理 tile: tile_x8448_y4608
2026-07-11 12:08:49,180 - m3_module.m3_elastic_matching - INFO - elastic_dish_nucleus_matching(overlap-first): IHC=47, DISH=33, matched(1核)=24 (其中重疊=24), drop-out(競爭落敗)=10, 無候選(計入)=13, factor=1.50, min_reach=20.0
2026-07-11 12:08:49,247 - cellpose.transforms - INFO - processing image with (1024, 1024) HW, and 3 channels
2026-07-11 12:08:49,545 - m3_module.m3_dot_detection - INFO - detect_all_dots: 紅點=18, 黑點=32, 涉及細胞=47
2026-07-11 12:08:49,736 - m4_module.cell_crops - INFO - 匯出 20 張 per-cell 影像至 docs/hybrid-pipeline/measurement/runs_current/large/cell_crops/tile_x8448_y3840/cells
2026-07-11 12:08:49,736 - hybrid_pipeline - INFO - Tile tile_x8448_y3840 完成: 核心擁有 20 細胞 (20 陽性), 1.77 秒
2026-07-11 12:08:49,954 - m3_module.m3_cells_generator - INFO - All-positive 標註完成: 35 個細胞
2026-07-11 12:08:49,999 - m3_module.m3_cells_generator - INFO - enlarge_cell_instances: 35 顆細胞, factor=1.50(面積), 中位半徑=24.4px, 外擴=5.5px
2026-07-11 12:08:49,999 - cellpose.transforms - INFO - processing image with (1024, 1024) HW, and 3 channels
2026-07-11 12:08:50,570 - hybrid_pipeline - INFO - [392/441] 處理 tile: tile_x8448_y5376
2026-07-11 12:08:50,594 - m3_module.m3_elastic_matching - INFO - elastic_dish_nucleus_matching(overlap-first): IHC=35, DISH=17, matched(1核)=12 (其中重疊=12), drop-out(競爭落敗)=6, 無候選(計入)=17, factor=1.50, min_reach=20.0
2026-07-11 12:08:50,665 - cellpose.transforms - INFO - processing image with (1024, 1024) HW, and 3 channels
2026-07-11 12:08:50,801 - m3_module.m3_dot_detection - INFO - detect_all_dots: 紅點=9, 黑點=13, 涉及細胞=35
2026-07-11 12:08:50,949 - m4_module.cell_crops - INFO - 匯出 4 張 per-cell 影像至 docs/hybrid-pipeline/measurement/runs_current/large/cell_crops/tile_x8448_y4608/cells
2026-07-11 12:08:50,949 - hybrid_pipeline - INFO - Tile tile_x8448_y4608 完成: 核心擁有 4 細胞 (4 陽性), 1.79 秒
2026-07-11 12:08:51,269 - m3_module.m3_cells_generator - INFO - All-positive 標註完成: 65 個細胞
2026-07-11 12:08:51,323 - m3_module.m3_cells_generator - INFO - enlarge_cell_instances: 65 顆細胞, factor=1.50(面積), 中位半徑=28.5px, 外擴=6.4px
2026-07-11 12:08:51,323 - cellpose.transforms - INFO - processing image with (1024, 1024) HW, and 3 channels
2026-07-11 12:08:51,891 - hybrid_pipeline - INFO - [393/441] 處理 tile: tile_x8448_y6144
2026-07-11 12:08:51,917 - m3_module.m3_elastic_matching - INFO - elastic_dish_nucleus_matching(overlap-first): IHC=65, DISH=39, matched(1核)=31 (其中重疊=31), drop-out(競爭落敗)=7, 無候選(計入)=27, factor=1.50, min_reach=20.0
2026-07-11 12:08:51,976 - cellpose.transforms - INFO - processing image with (1024, 1024) HW, and 3 channels
2026-07-11 12:08:52,470 - m3_module.m3_dot_detection - INFO - detect_all_dots: 紅點=47, 黑點=87, 涉及細胞=65
2026-07-11 12:08:52,714 - m4_module.cell_crops - INFO - 匯出 35 張 per-cell 影像至 docs/hybrid-pipeline/measurement/runs_current/large/cell_crops/tile_x8448_y5376/cells
2026-07-11 12:08:52,714 - hybrid_pipeline - INFO - Tile tile_x8448_y5376 完成: 核心擁有 35 細胞 (35 陽性), 2.14 秒
2026-07-11 12:08:52,962 - m3_module.m3_cells_generator - INFO - All-positive 標註完成: 109 個細胞
2026-07-11 12:08:53,020 - m3_module.m3_cells_generator - INFO - enlarge_cell_instances: 109 顆細胞, factor=1.50(面積), 中位半徑=26.2px, 外擴=5.9px
2026-07-11 12:08:53,020 - cellpose.transforms - INFO - processing image with (1024, 1024) HW, and 3 channels
2026-07-11 12:08:53,573 - hybrid_pipeline - INFO - [394/441] 處理 tile: tile_x8448_y6912
2026-07-11 12:08:53,603 - m3_module.m3_elastic_matching - INFO - elastic_dish_nucleus_matching(overlap-first): IHC=109, DISH=67, matched(1核)=52 (其中重疊=52), drop-out(競爭落敗)=20, 無候選(計入)=37, factor=1.50, min_reach=20.0
2026-07-11 12:08:53,651 - cellpose.transforms - INFO - processing image with (1024, 1024) HW, and 3 channels
2026-07-11 12:08:54,500 - m3_module.m3_dot_detection - INFO - detect_all_dots: 紅點=64, 黑點=131, 涉及細胞=109
2026-07-11 12:08:54,851 - m4_module.cell_crops - INFO - 匯出 54 張 per-cell 影像至 docs/hybrid-pipeline/measurement/runs_current/large/cell_crops/tile_x8448_y6144/cells
2026-07-11 12:08:54,851 - hybrid_pipeline - INFO - Tile tile_x8448_y6144 完成: 核心擁有 54 細胞 (54 陽性), 2.96 秒
2026-07-11 12:08:55,065 - m3_module.m3_cells_generator - INFO - All-positive 標註完成: 153 個細胞
2026-07-11 12:08:55,129 - m3_module.m3_cells_generator - INFO - enlarge_cell_instances: 153 顆細胞, factor=1.50(面積), 中位半徑=25.7px, 外擴=5.8px
2026-07-11 12:08:55,129 - cellpose.transforms - INFO - processing image with (1024, 1024) HW, and 3 channels
2026-07-11 12:08:55,692 - hybrid_pipeline - INFO - [395/441] 處理 tile: tile_x8448_y768
2026-07-11 12:08:55,725 - m3_module.m3_elastic_matching - INFO - elastic_dish_nucleus_matching(overlap-first): IHC=153, DISH=104, matched(1核)=82 (其中重疊=82), drop-out(競爭落敗)=37, 無候選(計入)=34, factor=1.50, min_reach=20.0
2026-07-11 12:08:55,767 - cellpose.transforms - INFO - processing image with (1024, 1024) HW, and 3 channels
2026-07-11 12:08:57,235 - m3_module.m3_dot_detection - INFO - detect_all_dots: 紅點=104, 黑點=250, 涉及細胞=153
2026-07-11 12:08:57,621 - m3_module.m3_cells_generator - INFO - All-positive 標註完成: 22 個細胞
2026-07-11 12:08:57,650 - m3_module.m3_cells_generator - INFO - enlarge_cell_instances: 22 顆細胞, factor=1.50(面積), 中位半徑=28.3px, 外擴=6.4px
2026-07-11 12:08:57,651 - cellpose.transforms - INFO - processing image with (1024, 1024) HW, and 3 channels
2026-07-11 12:08:57,701 - m4_module.cell_crops - INFO - 匯出 85 張 per-cell 影像至 docs/hybrid-pipeline/measurement/runs_current/large/cell_crops/tile_x8448_y6912/cells
2026-07-11 12:08:57,702 - hybrid_pipeline - INFO - Tile tile_x8448_y6912 完成: 核心擁有 85 細胞 (85 陽性), 4.13 秒
2026-07-11 12:08:58,208 - hybrid_pipeline - INFO - [396/441] 處理 tile: tile_x8448_y7680
2026-07-11 12:08:58,232 - m3_module.m3_elastic_matching - INFO - elastic_dish_nucleus_matching(overlap-first): IHC=22, DISH=15, matched(1核)=11 (其中重疊=10), drop-out(競爭落敗)=2, 無候選(計入)=9, factor=1.50, min_reach=20.0
2026-07-11 12:08:58,291 - cellpose.transforms - INFO - processing image with (1024, 1024) HW, and 3 channels
2026-07-11 12:08:58,431 - m3_module.m3_dot_detection - INFO - detect_all_dots: 紅點=4, 黑點=11, 涉及細胞=22
2026-07-11 12:08:58,535 - m4_module.cell_crops - INFO - 匯出 1 張 per-cell 影像至 docs/hybrid-pipeline/measurement/runs_current/large/cell_crops/tile_x8448_y768/cells
2026-07-11 12:08:58,536 - hybrid_pipeline - INFO - Tile tile_x8448_y768 完成: 核心擁有 1 細胞 (1 陽性), 2.84 秒
2026-07-11 12:08:58,962 - m3_module.m3_cells_generator - INFO - All-positive 標註完成: 124 個細胞
2026-07-11 12:08:59,022 - m3_module.m3_cells_generator - INFO - enlarge_cell_instances: 124 顆細胞, factor=1.50(面積), 中位半徑=28.0px, 外擴=6.3px
2026-07-11 12:08:59,022 - cellpose.transforms - INFO - processing image with (1024, 1024) HW, and 3 channels
2026-07-11 12:08:59,583 - hybrid_pipeline - INFO - [397/441] 處理 tile: tile_x8448_y8448
2026-07-11 12:08:59,611 - m3_module.m3_elastic_matching - INFO - elastic_dish_nucleus_matching(overlap-first): IHC=124, DISH=95, matched(1核)=74 (其中重疊=74), drop-out(競爭落敗)=30, 無候選(計入)=20, factor=1.50, min_reach=20.0
2026-07-11 12:08:59,676 - cellpose.transforms - INFO - processing image with (1024, 1024) HW, and 3 channels
2026-07-11 12:09:01,032 - m3_module.m3_dot_detection - INFO - detect_all_dots: 紅點=99, 黑點=251, 涉及細胞=124
2026-07-11 12:09:01,507 - m4_module.cell_crops - INFO - 匯出 64 張 per-cell 影像至 docs/hybrid-pipeline/measurement/runs_current/large/cell_crops/tile_x8448_y7680/cells
2026-07-11 12:09:01,507 - hybrid_pipeline - INFO - Tile tile_x8448_y7680 完成: 核心擁有 64 細胞 (64 陽性), 3.30 秒
2026-07-11 12:09:01,534 - m3_module.m3_cells_generator - INFO - All-positive 標註完成: 87 個細胞
2026-07-11 12:09:01,590 - m3_module.m3_cells_generator - INFO - enlarge_cell_instances: 87 顆細胞, factor=1.50(面積), 中位半徑=28.9px, 外擴=6.5px
2026-07-11 12:09:01,591 - cellpose.transforms - INFO - processing image with (1024, 1024) HW, and 3 channels
2026-07-11 12:09:02,154 - hybrid_pipeline - INFO - [398/441] 處理 tile: tile_x8448_y9216
2026-07-11 12:09:02,189 - m3_module.m3_elastic_matching - INFO - elastic_dish_nucleus_matching(overlap-first): IHC=87, DISH=67, matched(1核)=53 (其中重疊=53), drop-out(競爭落敗)=15, 無候選(計入)=19, factor=1.50, min_reach=20.0
2026-07-11 12:09:02,252 - cellpose.transforms - INFO - processing image with (1024, 1024) HW, and 3 channels
2026-07-11 12:09:03,123 - m3_module.m3_dot_detection - INFO - detect_all_dots: 紅點=56, 黑點=142, 涉及細胞=87
2026-07-11 12:09:03,470 - m4_module.cell_crops - INFO - 匯出 49 張 per-cell 影像至 docs/hybrid-pipeline/measurement/runs_current/large/cell_crops/tile_x8448_y8448/cells
2026-07-11 12:09:03,470 - hybrid_pipeline - INFO - Tile tile_x8448_y8448 完成: 核心擁有 49 細胞 (49 陽性), 3.89 秒
2026-07-11 12:09:03,508 - m3_module.m3_cells_generator - INFO - All-positive 標註完成: 20 個細胞
2026-07-11 12:09:03,547 - m3_module.m3_cells_generator - INFO - enlarge_cell_instances: 20 顆細胞, factor=1.50(面積), 中位半徑=25.4px, 外擴=5.7px
2026-07-11 12:09:03,547 - cellpose.transforms - INFO - processing image with (1024, 1024) HW, and 3 channels
2026-07-11 12:09:04,097 - hybrid_pipeline - INFO - [399/441] 處理 tile: tile_x8448_y9984
2026-07-11 12:09:04,121 - m3_module.m3_elastic_matching - INFO - elastic_dish_nucleus_matching(overlap-first): IHC=20, DISH=17, matched(1核)=11 (其中重疊=11), drop-out(競爭落敗)=2, 無候選(計入)=7, factor=1.50, min_reach=20.0
2026-07-11 12:09:04,186 - cellpose.transforms - INFO - processing image with (1024, 1024) HW, and 3 channels
2026-07-11 12:09:04,333 - m3_module.m3_dot_detection - INFO - detect_all_dots: 紅點=9, 黑點=20, 涉及細胞=20
2026-07-11 12:09:04,478 - m4_module.cell_crops - INFO - 匯出 4 張 per-cell 影像至 docs/hybrid-pipeline/measurement/runs_current/large/cell_crops/tile_x8448_y9216/cells
2026-07-11 12:09:04,478 - hybrid_pipeline - INFO - Tile tile_x8448_y9216 完成: 核心擁有 4 細胞 (4 陽性), 2.32 秒
2026-07-11 12:09:04,768 - m3_module.m3_cells_generator - INFO - All-positive 標註完成: 90 個細胞
2026-07-11 12:09:04,818 - m3_module.m3_cells_generator - INFO - enlarge_cell_instances: 90 顆細胞, factor=1.50(面積), 中位半徑=24.0px, 外擴=5.4px
2026-07-11 12:09:04,819 - cellpose.transforms - INFO - processing image with (1024, 1024) HW, and 3 channels
2026-07-11 12:09:05,383 - hybrid_pipeline - INFO - [400/441] 處理 tile: tile_x9216_y0
2026-07-11 12:09:05,412 - m3_module.m3_elastic_matching - INFO - elastic_dish_nucleus_matching(overlap-first): IHC=90, DISH=60, matched(1核)=42 (其中重疊=42), drop-out(競爭落敗)=23, 無候選(計入)=25, factor=1.50, min_reach=20.0
2026-07-11 12:09:05,482 - cellpose.transforms - INFO - processing image with (1024, 1024) HW, and 3 channels
2026-07-11 12:09:06,100 - m3_module.m3_dot_detection - INFO - detect_all_dots: 紅點=28, 黑點=85, 涉及細胞=90
2026-07-11 12:09:06,415 - m4_module.cell_crops - INFO - 匯出 58 張 per-cell 影像至 docs/hybrid-pipeline/measurement/runs_current/large/cell_crops/tile_x8448_y9984/cells
2026-07-11 12:09:06,415 - hybrid_pipeline - INFO - Tile tile_x8448_y9984 完成: 核心擁有 58 細胞 (58 陽性), 2.32 秒
2026-07-11 12:09:06,538 - m3_module.m3_cells_generator - INFO - All-positive 標註完成: 5 個細胞
2026-07-11 12:09:06,570 - m3_module.m3_cells_generator - INFO - enlarge_cell_instances: 5 顆細胞, factor=1.50(面積), 中位半徑=38.1px, 外擴=8.6px
2026-07-11 12:09:06,570 - cellpose.transforms - INFO - processing image with (1024, 1024) HW, and 3 channels
2026-07-11 12:09:07,123 - hybrid_pipeline - INFO - [401/441] 處理 tile: tile_x9216_y10752
2026-07-11 12:09:07,145 - m3_module.m3_elastic_matching - INFO - elastic_dish_nucleus_matching(overlap-first): IHC=5, DISH=5, matched(1核)=4 (其中重疊=4), drop-out(競爭落敗)=0, 無候選(計入)=1, factor=1.50, min_reach=20.0
2026-07-11 12:09:07,213 - cellpose.transforms - INFO - processing image with (1024, 1024) HW, and 3 channels
2026-07-11 12:09:07,292 - m3_module.m3_dot_detection - INFO - detect_all_dots: 紅點=5, 黑點=10, 涉及細胞=5
2026-07-11 12:09:07,362 - m4_module.cell_crops - INFO - 匯出 2 張 per-cell 影像至 docs/hybrid-pipeline/measurement/runs_current/large/cell_crops/tile_x9216_y0/cells
2026-07-11 12:09:07,362 - hybrid_pipeline - INFO - Tile tile_x9216_y0 完成: 核心擁有 2 細胞 (2 陽性), 1.98 秒
2026-07-11 12:09:07,767 - m3_module.m3_cells_generator - INFO - All-positive 標註完成: 87 個細胞
2026-07-11 12:09:07,819 - m3_module.m3_cells_generator - INFO - enlarge_cell_instances: 87 顆細胞, factor=1.50(面積), 中位半徑=23.8px, 外擴=5.4px
2026-07-11 12:09:07,819 - cellpose.transforms - INFO - processing image with (1024, 1024) HW, and 3 channels
2026-07-11 12:09:08,379 - hybrid_pipeline - INFO - [402/441] 處理 tile: tile_x9216_y11520
2026-07-11 12:09:08,408 - m3_module.m3_elastic_matching - INFO - elastic_dish_nucleus_matching(overlap-first): IHC=87, DISH=80, matched(1核)=48 (其中重疊=48), drop-out(競爭落敗)=13, 無候選(計入)=26, factor=1.50, min_reach=20.0
2026-07-11 12:09:08,463 - cellpose.transforms - INFO - processing image with (1024, 1024) HW, and 3 channels
2026-07-11 12:09:09,304 - m3_module.m3_dot_detection - INFO - detect_all_dots: 紅點=60, 黑點=128, 涉及細胞=87
2026-07-11 12:09:09,667 - m4_module.cell_crops - INFO - 匯出 41 張 per-cell 影像至 docs/hybrid-pipeline/measurement/runs_current/large/cell_crops/tile_x9216_y10752/cells
2026-07-11 12:09:09,667 - hybrid_pipeline - INFO - Tile tile_x9216_y10752 完成: 核心擁有 41 細胞 (41 陽性), 2.54 秒
2026-07-11 12:09:09,727 - m3_module.m3_cells_generator - INFO - All-positive 標註完成: 65 個細胞
2026-07-11 12:09:09,777 - m3_module.m3_cells_generator - INFO - enlarge_cell_instances: 65 顆細胞, factor=1.50(面積), 中位半徑=23.2px, 外擴=5.2px
2026-07-11 12:09:09,778 - cellpose.transforms - INFO - processing image with (1024, 1024) HW, and 3 channels
2026-07-11 12:09:10,340 - hybrid_pipeline - INFO - [403/441] 處理 tile: tile_x9216_y12288
2026-07-11 12:09:10,369 - m3_module.m3_elastic_matching - INFO - elastic_dish_nucleus_matching(overlap-first): IHC=65, DISH=84, matched(1核)=46 (其中重疊=45), drop-out(競爭落敗)=8, 無候選(計入)=11, factor=1.50, min_reach=20.0
2026-07-11 12:09:10,433 - cellpose.transforms - INFO - processing image with (1024, 1024) HW, and 3 channels
2026-07-11 12:09:11,027 - m3_module.m3_dot_detection - INFO - detect_all_dots: 紅點=59, 黑點=97, 涉及細胞=65
2026-07-11 12:09:11,289 - m4_module.cell_crops - INFO - 匯出 32 張 per-cell 影像至 docs/hybrid-pipeline/measurement/runs_current/large/cell_crops/tile_x9216_y11520/cells
2026-07-11 12:09:11,289 - hybrid_pipeline - INFO - Tile tile_x9216_y11520 完成: 核心擁有 32 細胞 (32 陽性), 2.91 秒
2026-07-11 12:09:11,441 - m3_module.m3_cells_generator - INFO - All-positive 標註完成: 12 個細胞
2026-07-11 12:09:11,475 - m3_module.m3_cells_generator - INFO - enlarge_cell_instances: 12 顆細胞, factor=1.50(面積), 中位半徑=28.5px, 外擴=6.4px
2026-07-11 12:09:11,475 - cellpose.transforms - INFO - processing image with (1024, 1024) HW, and 3 channels
2026-07-11 12:09:12,042 - hybrid_pipeline - INFO - [404/441] 處理 tile: tile_x9216_y13056
2026-07-11 12:09:12,067 - m3_module.m3_elastic_matching - INFO - elastic_dish_nucleus_matching(overlap-first): IHC=12, DISH=21, matched(1核)=10 (其中重疊=9), drop-out(競爭落敗)=0, 無候選(計入)=2, factor=1.50, min_reach=20.0
2026-07-11 12:09:12,128 - cellpose.transforms - INFO - processing image with (1024, 1024) HW, and 3 channels
2026-07-11 12:09:12,266 - m3_module.m3_dot_detection - INFO - detect_all_dots: 紅點=10, 黑點=18, 涉及細胞=12
2026-07-11 12:09:12,360 - m4_module.cell_crops - INFO - 匯出 4 張 per-cell 影像至 docs/hybrid-pipeline/measurement/runs_current/large/cell_crops/tile_x9216_y12288/cells
2026-07-11 12:09:12,360 - hybrid_pipeline - INFO - Tile tile_x9216_y12288 完成: 核心擁有 4 細胞 (4 陽性), 2.02 秒
2026-07-11 12:09:12,657 - m3_module.m3_cells_generator - INFO - All-positive 標註完成: 13 個細胞
2026-07-11 12:09:12,689 - m3_module.m3_cells_generator - INFO - enlarge_cell_instances: 13 顆細胞, factor=1.50(面積), 中位半徑=24.4px, 外擴=5.5px
2026-07-11 12:09:12,690 - cellpose.transforms - INFO - processing image with (1024, 1024) HW, and 3 channels
2026-07-11 12:09:13,244 - hybrid_pipeline - INFO - [405/441] 處理 tile: tile_x9216_y13824
2026-07-11 12:09:13,266 - m3_module.m3_elastic_matching - INFO - elastic_dish_nucleus_matching(overlap-first): IHC=13, DISH=6, matched(1核)=6 (其中重疊=6), drop-out(競爭落敗)=2, 無候選(計入)=5, factor=1.50, min_reach=20.0
2026-07-11 12:09:13,333 - cellpose.transforms - INFO - processing image with (1024, 1024) HW, and 3 channels
2026-07-11 12:09:13,430 - m3_module.m3_dot_detection - INFO - detect_all_dots: 紅點=6, 黑點=6, 涉及細胞=13
2026-07-11 12:09:13,520 - m4_module.cell_crops - INFO - 匯出 9 張 per-cell 影像至 docs/hybrid-pipeline/measurement/runs_current/large/cell_crops/tile_x9216_y13056/cells
2026-07-11 12:09:13,520 - hybrid_pipeline - INFO - Tile tile_x9216_y13056 完成: 核心擁有 9 細胞 (9 陽性), 1.48 秒
2026-07-11 12:09:13,841 - m3_module.m3_cells_generator - INFO - All-positive 標註完成: 6 個細胞
2026-07-11 12:09:13,873 - m3_module.m3_cells_generator - INFO - enlarge_cell_instances: 6 顆細胞, factor=1.50(面積), 中位半徑=30.1px, 外擴=6.8px
2026-07-11 12:09:13,873 - cellpose.transforms - INFO - processing image with (1024, 1024) HW, and 3 channels
2026-07-11 12:09:14,431 - hybrid_pipeline - INFO - [406/441] 處理 tile: tile_x9216_y14592
2026-07-11 12:09:14,455 - m3_module.m3_elastic_matching - INFO - elastic_dish_nucleus_matching(overlap-first): IHC=6, DISH=5, matched(1核)=5 (其中重疊=5), drop-out(競爭落敗)=1, 無候選(計入)=0, factor=1.50, min_reach=20.0
2026-07-11 12:09:14,673 - m3_module.m3_dot_detection - INFO - detect_all_dots: 紅點=4, 黑點=4, 涉及細胞=6
2026-07-11 12:09:14,734 - m4_module.cell_crops - INFO - 匯出 3 張 per-cell 影像至 docs/hybrid-pipeline/measurement/runs_current/large/cell_crops/tile_x9216_y13824/cells
2026-07-11 12:09:14,734 - hybrid_pipeline - INFO - Tile tile_x9216_y13824 完成: 核心擁有 3 細胞 (3 陽性), 1.49 秒
2026-07-11 12:09:14,734 - hybrid_pipeline - INFO - [407/441] 處理 tile: tile_x9216_y1536
2026-07-11 12:09:14,764 - hybrid_pipeline - INFO - Tile tile_x9216_y14592: 核心遮罩全空 → 空白 placeholder
2026-07-11 12:09:14,804 - cellpose.transforms - INFO - processing image with (1024, 1024) HW, and 3 channels
2026-07-11 12:09:15,290 - m3_module.m3_cells_generator - INFO - All-positive 標註完成: 53 個細胞
2026-07-11 12:09:15,325 - m3_module.m3_cells_generator - INFO - enlarge_cell_instances: 53 顆細胞, factor=1.50(面積), 中位半徑=25.8px, 外擴=5.8px
2026-07-11 12:09:15,326 - cellpose.transforms - INFO - processing image with (1024, 1024) HW, and 3 channels
2026-07-11 12:09:15,875 - hybrid_pipeline - INFO - [408/441] 處理 tile: tile_x9216_y15360
2026-07-11 12:09:15,903 - m3_module.m3_elastic_matching - INFO - elastic_dish_nucleus_matching(overlap-first): IHC=53, DISH=29, matched(1核)=25 (其中重疊=25), drop-out(競爭落敗)=14, 無候選(計入)=14, factor=1.50, min_reach=20.0
2026-07-11 12:09:15,966 - cellpose.transforms - INFO - processing image with (1024, 1024) HW, and 3 channels
2026-07-11 12:09:16,302 - m3_module.m3_dot_detection - INFO - detect_all_dots: 紅點=31, 黑點=58, 涉及細胞=53
2026-07-11 12:09:16,485 - m4_module.cell_crops - INFO - 匯出 24 張 per-cell 影像至 docs/hybrid-pipeline/measurement/runs_current/large/cell_crops/tile_x9216_y1536/cells
2026-07-11 12:09:16,485 - hybrid_pipeline - INFO - Tile tile_x9216_y1536 完成: 核心擁有 24 細胞 (24 陽性), 1.75 秒
2026-07-11 12:09:16,708 - m3_module.m3_cells_generator - INFO - All-positive 標註完成: 15 個細胞
2026-07-11 12:09:16,744 - m3_module.m3_cells_generator - INFO - enlarge_cell_instances: 15 顆細胞, factor=1.50(面積), 中位半徑=21.7px, 外擴=4.9px
2026-07-11 12:09:16,744 - cellpose.transforms - INFO - processing image with (1024, 1024) HW, and 3 channels
2026-07-11 12:09:17,308 - hybrid_pipeline - INFO - [409/441] 處理 tile: tile_x9216_y2304
2026-07-11 12:09:17,331 - m3_module.m3_elastic_matching - INFO - elastic_dish_nucleus_matching(overlap-first): IHC=15, DISH=13, matched(1核)=9 (其中重疊=9), drop-out(競爭落敗)=3, 無候選(計入)=3, factor=1.50, min_reach=20.0
2026-07-11 12:09:17,399 - cellpose.transforms - INFO - processing image with (1024, 1024) HW, and 3 channels
2026-07-11 12:09:17,507 - m3_module.m3_dot_detection - INFO - detect_all_dots: 紅點=7, 黑點=13, 涉及細胞=15
2026-07-11 12:09:17,607 - m4_module.cell_crops - INFO - 匯出 4 張 per-cell 影像至 docs/hybrid-pipeline/measurement/runs_current/large/cell_crops/tile_x9216_y15360/cells
2026-07-11 12:09:17,607 - hybrid_pipeline - INFO - Tile tile_x9216_y15360 完成: 核心擁有 4 細胞 (4 陽性), 1.73 秒
2026-07-11 12:09:17,945 - m3_module.m3_cells_generator - INFO - All-positive 標註完成: 61 個細胞
2026-07-11 12:09:17,992 - m3_module.m3_cells_generator - INFO - enlarge_cell_instances: 61 顆細胞, factor=1.50(面積), 中位半徑=24.7px, 外擴=5.6px
2026-07-11 12:09:17,993 - cellpose.transforms - INFO - processing image with (1024, 1024) HW, and 3 channels
2026-07-11 12:09:18,556 - hybrid_pipeline - INFO - [410/441] 處理 tile: tile_x9216_y3072
2026-07-11 12:09:18,582 - m3_module.m3_elastic_matching - INFO - elastic_dish_nucleus_matching(overlap-first): IHC=61, DISH=26, matched(1核)=21 (其中重疊=21), drop-out(競爭落敗)=17, 無候選(計入)=23, factor=1.50, min_reach=20.0
2026-07-11 12:09:18,629 - cellpose.transforms - INFO - processing image with (1024, 1024) HW, and 3 channels
2026-07-11 12:09:18,962 - m3_module.m3_dot_detection - INFO - detect_all_dots: 紅點=29, 黑點=67, 涉及細胞=61
2026-07-11 12:09:19,162 - m4_module.cell_crops - INFO - 匯出 29 張 per-cell 影像至 docs/hybrid-pipeline/measurement/runs_current/large/cell_crops/tile_x9216_y2304/cells
2026-07-11 12:09:19,162 - hybrid_pipeline - INFO - Tile tile_x9216_y2304 完成: 核心擁有 29 細胞 (29 陽性), 1.85 秒
2026-07-11 12:09:19,361 - m3_module.m3_cells_generator - INFO - All-positive 標註完成: 60 個細胞
2026-07-11 12:09:19,399 - m3_module.m3_cells_generator - INFO - enlarge_cell_instances: 60 顆細胞, factor=1.50(面積), 中位半徑=22.0px, 外擴=4.9px
2026-07-11 12:09:19,400 - cellpose.transforms - INFO - processing image with (1024, 1024) HW, and 3 channels
2026-07-11 12:09:19,967 - hybrid_pipeline - INFO - [411/441] 處理 tile: tile_x9216_y3840
2026-07-11 12:09:19,996 - m3_module.m3_elastic_matching - INFO - elastic_dish_nucleus_matching(overlap-first): IHC=60, DISH=36, matched(1核)=31 (其中重疊=31), drop-out(競爭落敗)=16, 無候選(計入)=13, factor=1.50, min_reach=20.0
2026-07-11 12:09:20,062 - cellpose.transforms - INFO - processing image with (1024, 1024) HW, and 3 channels
2026-07-11 12:09:20,470 - m3_module.m3_dot_detection - INFO - detect_all_dots: 紅點=30, 黑點=81, 涉及細胞=60
2026-07-11 12:09:20,686 - m4_module.cell_crops - INFO - 匯出 26 張 per-cell 影像至 docs/hybrid-pipeline/measurement/runs_current/large/cell_crops/tile_x9216_y3072/cells
2026-07-11 12:09:20,686 - hybrid_pipeline - INFO - Tile tile_x9216_y3072 完成: 核心擁有 26 細胞 (26 陽性), 2.13 秒
2026-07-11 12:09:20,931 - m3_module.m3_cells_generator - INFO - All-positive 標註完成: 93 個細胞
2026-07-11 12:09:20,984 - m3_module.m3_cells_generator - INFO - enlarge_cell_instances: 93 顆細胞, factor=1.50(面積), 中位半徑=26.3px, 外擴=5.9px
2026-07-11 12:09:20,985 - cellpose.transforms - INFO - processing image with (1024, 1024) HW, and 3 channels
2026-07-11 12:09:21,545 - hybrid_pipeline - INFO - [412/441] 處理 tile: tile_x9216_y4608
2026-07-11 12:09:21,573 - m3_module.m3_elastic_matching - INFO - elastic_dish_nucleus_matching(overlap-first): IHC=93, DISH=57, matched(1核)=46 (其中重疊=46), drop-out(競爭落敗)=17, 無候選(計入)=30, factor=1.50, min_reach=20.0
2026-07-11 12:09:21,638 - cellpose.transforms - INFO - processing image with (1024, 1024) HW, and 3 channels
2026-07-11 12:09:22,385 - m3_module.m3_dot_detection - INFO - detect_all_dots: 紅點=42, 黑點=104, 涉及細胞=93
2026-07-11 12:09:22,709 - m4_module.cell_crops - INFO - 匯出 45 張 per-cell 影像至 docs/hybrid-pipeline/measurement/runs_current/large/cell_crops/tile_x9216_y3840/cells
2026-07-11 12:09:22,710 - hybrid_pipeline - INFO - Tile tile_x9216_y3840 完成: 核心擁有 45 細胞 (45 陽性), 2.74 秒
2026-07-11 12:09:22,864 - m3_module.m3_cells_generator - INFO - All-positive 標註完成: 94 個細胞
2026-07-11 12:09:22,921 - m3_module.m3_cells_generator - INFO - enlarge_cell_instances: 94 顆細胞, factor=1.50(面積), 中位半徑=27.1px, 外擴=6.1px
2026-07-11 12:09:22,922 - cellpose.transforms - INFO - processing image with (1024, 1024) HW, and 3 channels
2026-07-11 12:09:23,489 - hybrid_pipeline - INFO - [413/441] 處理 tile: tile_x9216_y5376
2026-07-11 12:09:23,520 - m3_module.m3_elastic_matching - INFO - elastic_dish_nucleus_matching(overlap-first): IHC=94, DISH=49, matched(1核)=41 (其中重疊=41), drop-out(競爭落敗)=19, 無候選(計入)=34, factor=1.50, min_reach=20.0
2026-07-11 12:09:23,583 - cellpose.transforms - INFO - processing image with (1024, 1024) HW, and 3 channels
2026-07-11 12:09:24,150 - m3_module.m3_dot_detection - INFO - detect_all_dots: 紅點=40, 黑點=88, 涉及細胞=94
2026-07-11 12:09:24,458 - m4_module.cell_crops - INFO - 匯出 48 張 per-cell 影像至 docs/hybrid-pipeline/measurement/runs_current/large/cell_crops/tile_x9216_y4608/cells
2026-07-11 12:09:24,458 - hybrid_pipeline - INFO - Tile tile_x9216_y4608 完成: 核心擁有 48 細胞 (48 陽性), 2.91 秒
2026-07-11 12:09:24,644 - m3_module.m3_cells_generator - INFO - All-positive 標註完成: 100 個細胞
2026-07-11 12:09:24,700 - m3_module.m3_cells_generator - INFO - enlarge_cell_instances: 100 顆細胞, factor=1.50(面積), 中位半徑=29.1px, 外擴=6.5px
2026-07-11 12:09:24,700 - cellpose.transforms - INFO - processing image with (1024, 1024) HW, and 3 channels
2026-07-11 12:09:25,252 - hybrid_pipeline - INFO - [414/441] 處理 tile: tile_x9216_y6144
2026-07-11 12:09:25,283 - m3_module.m3_elastic_matching - INFO - elastic_dish_nucleus_matching(overlap-first): IHC=100, DISH=57, matched(1核)=45 (其中重疊=45), drop-out(競爭落敗)=22, 無候選(計入)=33, factor=1.50, min_reach=20.0
2026-07-11 12:09:25,337 - cellpose.transforms - INFO - processing image with (1024, 1024) HW, and 3 channels
2026-07-11 12:09:26,035 - m3_module.m3_dot_detection - INFO - detect_all_dots: 紅點=42, 黑點=109, 涉及細胞=100
2026-07-11 12:09:26,385 - m4_module.cell_crops - INFO - 匯出 63 張 per-cell 影像至 docs/hybrid-pipeline/measurement/runs_current/large/cell_crops/tile_x9216_y5376/cells
2026-07-11 12:09:26,385 - hybrid_pipeline - INFO - Tile tile_x9216_y5376 完成: 核心擁有 63 細胞 (63 陽性), 2.90 秒
2026-07-11 12:09:26,507 - m3_module.m3_cells_generator - INFO - All-positive 標註完成: 110 個細胞
2026-07-11 12:09:26,565 - m3_module.m3_cells_generator - INFO - enlarge_cell_instances: 110 顆細胞, factor=1.50(面積), 中位半徑=25.6px, 外擴=5.8px
2026-07-11 12:09:26,566 - cellpose.transforms - INFO - processing image with (1024, 1024) HW, and 3 channels
2026-07-11 12:09:27,133 - hybrid_pipeline - INFO - [415/441] 處理 tile: tile_x9216_y6912
2026-07-11 12:09:27,160 - m3_module.m3_elastic_matching - INFO - elastic_dish_nucleus_matching(overlap-first): IHC=110, DISH=70, matched(1核)=50 (其中重疊=50), drop-out(競爭落敗)=23, 無候選(計入)=37, factor=1.50, min_reach=20.0
2026-07-11 12:09:27,219 - cellpose.transforms - INFO - processing image with (1024, 1024) HW, and 3 channels
2026-07-11 12:09:28,094 - m3_module.m3_dot_detection - INFO - detect_all_dots: 紅點=49, 黑點=123, 涉及細胞=110
2026-07-11 12:09:28,423 - m4_module.cell_crops - INFO - 匯出 67 張 per-cell 影像至 docs/hybrid-pipeline/measurement/runs_current/large/cell_crops/tile_x9216_y6144/cells
2026-07-11 12:09:28,423 - hybrid_pipeline - INFO - Tile tile_x9216_y6144 完成: 核心擁有 67 細胞 (67 陽性), 3.17 秒
2026-07-11 12:09:28,549 - m3_module.m3_cells_generator - INFO - All-positive 標註完成: 63 個細胞
2026-07-11 12:09:28,593 - m3_module.m3_cells_generator - INFO - enlarge_cell_instances: 63 顆細胞, factor=1.50(面積), 中位半徑=23.0px, 外擴=5.2px
2026-07-11 12:09:28,593 - cellpose.transforms - INFO - processing image with (1024, 1024) HW, and 3 channels
2026-07-11 12:09:29,156 - hybrid_pipeline - INFO - [416/441] 處理 tile: tile_x9216_y768
2026-07-11 12:09:29,189 - m3_module.m3_elastic_matching - INFO - elastic_dish_nucleus_matching(overlap-first): IHC=63, DISH=51, matched(1核)=34 (其中重疊=34), drop-out(競爭落敗)=15, 無候選(計入)=14, factor=1.50, min_reach=20.0
2026-07-11 12:09:29,248 - cellpose.transforms - INFO - processing image with (1024, 1024) HW, and 3 channels
2026-07-11 12:09:29,872 - m3_module.m3_dot_detection - INFO - detect_all_dots: 紅點=49, 黑點=104, 涉及細胞=63
2026-07-11 12:09:30,091 - m4_module.cell_crops - INFO - 匯出 21 張 per-cell 影像至 docs/hybrid-pipeline/measurement/runs_current/large/cell_crops/tile_x9216_y6912/cells
2026-07-11 12:09:30,091 - hybrid_pipeline - INFO - Tile tile_x9216_y6912 完成: 核心擁有 21 細胞 (21 陽性), 2.96 秒
2026-07-11 12:09:30,273 - m3_module.m3_cells_generator - INFO - All-positive 標註完成: 28 個細胞
2026-07-11 12:09:30,314 - m3_module.m3_cells_generator - INFO - enlarge_cell_instances: 28 顆細胞, factor=1.50(面積), 中位半徑=24.9px, 外擴=5.6px
2026-07-11 12:09:30,314 - cellpose.transforms - INFO - processing image with (1024, 1024) HW, and 3 channels
2026-07-11 12:09:30,875 - hybrid_pipeline - INFO - [417/441] 處理 tile: tile_x9216_y7680
2026-07-11 12:09:30,902 - m3_module.m3_elastic_matching - INFO - elastic_dish_nucleus_matching(overlap-first): IHC=28, DISH=19, matched(1核)=15 (其中重疊=15), drop-out(競爭落敗)=8, 無候選(計入)=5, factor=1.50, min_reach=20.0
2026-07-11 12:09:30,963 - cellpose.transforms - INFO - processing image with (1024, 1024) HW, and 3 channels
2026-07-11 12:09:31,195 - m3_module.m3_dot_detection - INFO - detect_all_dots: 紅點=18, 黑點=32, 涉及細胞=28
2026-07-11 12:09:31,357 - m4_module.cell_crops - INFO - 匯出 10 張 per-cell 影像至 docs/hybrid-pipeline/measurement/runs_current/large/cell_crops/tile_x9216_y768/cells
2026-07-11 12:09:31,357 - hybrid_pipeline - INFO - Tile tile_x9216_y768 完成: 核心擁有 10 細胞 (10 陽性), 2.20 秒
2026-07-11 12:09:31,623 - m3_module.m3_cells_generator - INFO - All-positive 標註完成: 40 個細胞
2026-07-11 12:09:31,657 - m3_module.m3_cells_generator - INFO - enlarge_cell_instances: 40 顆細胞, factor=1.50(面積), 中位半徑=24.2px, 外擴=5.4px
2026-07-11 12:09:31,658 - cellpose.transforms - INFO - processing image with (1024, 1024) HW, and 3 channels
2026-07-11 12:09:32,196 - hybrid_pipeline - INFO - [418/441] 處理 tile: tile_x9216_y8448
2026-07-11 12:09:32,221 - m3_module.m3_elastic_matching - INFO - elastic_dish_nucleus_matching(overlap-first): IHC=40, DISH=34, matched(1核)=21 (其中重疊=21), drop-out(競爭落敗)=6, 無候選(計入)=13, factor=1.50, min_reach=20.0
2026-07-11 12:09:32,283 - cellpose.transforms - INFO - processing image with (1024, 1024) HW, and 3 channels
2026-07-11 12:09:32,664 - m3_module.m3_dot_detection - INFO - detect_all_dots: 紅點=29, 黑點=67, 涉及細胞=40
2026-07-11 12:09:32,844 - m4_module.cell_crops - INFO - 匯出 14 張 per-cell 影像至 docs/hybrid-pipeline/measurement/runs_current/large/cell_crops/tile_x9216_y7680/cells
2026-07-11 12:09:32,845 - hybrid_pipeline - INFO - Tile tile_x9216_y7680 完成: 核心擁有 14 細胞 (14 陽性), 1.97 秒
2026-07-11 12:09:33,134 - m3_module.m3_cells_generator - INFO - All-positive 標註完成: 97 個細胞
2026-07-11 12:09:33,190 - m3_module.m3_cells_generator - INFO - enlarge_cell_instances: 97 顆細胞, factor=1.50(面積), 中位半徑=27.1px, 外擴=6.1px
2026-07-11 12:09:33,191 - cellpose.transforms - INFO - processing image with (1024, 1024) HW, and 3 channels
2026-07-11 12:09:33,748 - hybrid_pipeline - INFO - [419/441] 處理 tile: tile_x9216_y9216
2026-07-11 12:09:33,781 - m3_module.m3_elastic_matching - INFO - elastic_dish_nucleus_matching(overlap-first): IHC=97, DISH=84, matched(1核)=57 (其中重疊=57), drop-out(競爭落敗)=17, 無候選(計入)=23, factor=1.50, min_reach=20.0
2026-07-11 12:09:33,845 - cellpose.transforms - INFO - processing image with (1024, 1024) HW, and 3 channels
2026-07-11 12:09:34,995 - m3_module.m3_dot_detection - INFO - detect_all_dots: 紅點=69, 黑點=165, 涉及細胞=97
2026-07-11 12:09:35,370 - m4_module.cell_crops - INFO - 匯出 61 張 per-cell 影像至 docs/hybrid-pipeline/measurement/runs_current/large/cell_crops/tile_x9216_y8448/cells
2026-07-11 12:09:35,371 - hybrid_pipeline - INFO - Tile tile_x9216_y8448 完成: 核心擁有 61 細胞 (61 陽性), 3.17 秒
2026-07-11 12:09:35,435 - m3_module.m3_cells_generator - INFO - All-positive 標註完成: 68 個細胞
2026-07-11 12:09:35,483 - m3_module.m3_cells_generator - INFO - enlarge_cell_instances: 68 顆細胞, factor=1.50(面積), 中位半徑=28.1px, 外擴=6.3px
2026-07-11 12:09:35,483 - cellpose.transforms - INFO - processing image with (1024, 1024) HW, and 3 channels
2026-07-11 12:09:36,034 - hybrid_pipeline - INFO - [420/441] 處理 tile: tile_x9216_y9984
2026-07-11 12:09:36,059 - m3_module.m3_elastic_matching - INFO - elastic_dish_nucleus_matching(overlap-first): IHC=68, DISH=50, matched(1核)=40 (其中重疊=40), drop-out(競爭落敗)=8, 無候選(計入)=20, factor=1.50, min_reach=20.0
2026-07-11 12:09:36,131 - cellpose.transforms - INFO - processing image with (1024, 1024) HW, and 3 channels
2026-07-11 12:09:36,845 - m3_module.m3_dot_detection - INFO - detect_all_dots: 紅點=45, 黑點=115, 涉及細胞=68
2026-07-11 12:09:37,142 - m4_module.cell_crops - INFO - 匯出 32 張 per-cell 影像至 docs/hybrid-pipeline/measurement/runs_current/large/cell_crops/tile_x9216_y9216/cells
2026-07-11 12:09:37,142 - hybrid_pipeline - INFO - Tile tile_x9216_y9216 完成: 核心擁有 32 細胞 (32 陽性), 3.39 秒
2026-07-11 12:09:37,303 - m3_module.m3_cells_generator - INFO - All-positive 標註完成: 69 個細胞
2026-07-11 12:09:37,353 - m3_module.m3_cells_generator - INFO - enlarge_cell_instances: 69 顆細胞, factor=1.50(面積), 中位半徑=22.2px, 外擴=5.0px
2026-07-11 12:09:37,353 - cellpose.transforms - INFO - processing image with (1024, 1024) HW, and 3 channels
2026-07-11 12:09:37,910 - hybrid_pipeline - INFO - [421/441] 處理 tile: tile_x9984_y0
2026-07-11 12:09:37,940 - m3_module.m3_elastic_matching - INFO - elastic_dish_nucleus_matching(overlap-first): IHC=69, DISH=40, matched(1核)=25 (其中重疊=25), drop-out(競爭落敗)=13, 無候選(計入)=31, factor=1.50, min_reach=20.0
2026-07-11 12:09:38,008 - cellpose.transforms - INFO - processing image with (1024, 1024) HW, and 3 channels
2026-07-11 12:09:38,281 - m3_module.m3_dot_detection - INFO - detect_all_dots: 紅點=16, 黑點=51, 涉及細胞=69
2026-07-11 12:09:38,537 - m4_module.cell_crops - INFO - 匯出 28 張 per-cell 影像至 docs/hybrid-pipeline/measurement/runs_current/large/cell_crops/tile_x9216_y9984/cells
2026-07-11 12:09:38,537 - hybrid_pipeline - INFO - Tile tile_x9216_y9984 完成: 核心擁有 28 細胞 (28 陽性), 2.50 秒
2026-07-11 12:09:38,717 - m3_module.m3_cells_generator - INFO - All-positive 標註完成: 26 個細胞
2026-07-11 12:09:38,757 - m3_module.m3_cells_generator - INFO - enlarge_cell_instances: 26 顆細胞, factor=1.50(面積), 中位半徑=31.1px, 外擴=7.0px
2026-07-11 12:09:38,757 - cellpose.transforms - INFO - processing image with (1024, 1024) HW, and 3 channels
2026-07-11 12:09:39,326 - hybrid_pipeline - INFO - [422/441] 處理 tile: tile_x9984_y10752
2026-07-11 12:09:39,351 - m3_module.m3_elastic_matching - INFO - elastic_dish_nucleus_matching(overlap-first): IHC=26, DISH=26, matched(1核)=17 (其中重疊=16), drop-out(競爭落敗)=5, 無候選(計入)=4, factor=1.50, min_reach=20.0
2026-07-11 12:09:39,416 - cellpose.transforms - INFO - processing image with (1024, 1024) HW, and 3 channels
2026-07-11 12:09:39,764 - m3_module.m3_dot_detection - INFO - detect_all_dots: 紅點=18, 黑點=44, 涉及細胞=26
2026-07-11 12:09:39,922 - m4_module.cell_crops - INFO - 匯出 13 張 per-cell 影像至 docs/hybrid-pipeline/measurement/runs_current/large/cell_crops/tile_x9984_y0/cells
2026-07-11 12:09:39,923 - hybrid_pipeline - INFO - Tile tile_x9984_y0 完成: 核心擁有 13 細胞 (13 陽性), 2.01 秒
2026-07-11 12:09:40,166 - m3_module.m3_cells_generator - INFO - All-positive 標註完成: 18 個細胞
2026-07-11 12:09:40,200 - m3_module.m3_cells_generator - INFO - enlarge_cell_instances: 18 顆細胞, factor=1.50(面積), 中位半徑=15.7px, 外擴=3.5px
2026-07-11 12:09:40,201 - cellpose.transforms - INFO - processing image with (1024, 1024) HW, and 3 channels
2026-07-11 12:09:40,762 - hybrid_pipeline - INFO - [423/441] 處理 tile: tile_x9984_y11520
2026-07-11 12:09:40,785 - m3_module.m3_elastic_matching - INFO - elastic_dish_nucleus_matching(overlap-first): IHC=18, DISH=15, matched(1核)=10 (其中重疊=10), drop-out(競爭落敗)=2, 無候選(計入)=6, factor=1.50, min_reach=20.0
2026-07-11 12:09:40,850 - cellpose.transforms - INFO - processing image with (1024, 1024) HW, and 3 channels
2026-07-11 12:09:40,980 - m3_module.m3_dot_detection - INFO - detect_all_dots: 紅點=12, 黑點=17, 涉及細胞=18
2026-07-11 12:09:41,076 - m4_module.cell_crops - INFO - 匯出 0 張 per-cell 影像至 docs/hybrid-pipeline/measurement/runs_current/large/cell_crops/tile_x9984_y10752/cells
2026-07-11 12:09:41,076 - hybrid_pipeline - INFO - Tile tile_x9984_y10752 完成: 核心擁有 0 細胞 (0 陽性), 1.75 秒
2026-07-11 12:09:41,397 - m3_module.m3_cells_generator - INFO - All-positive 標註完成: 18 個細胞
2026-07-11 12:09:41,432 - m3_module.m3_cells_generator - INFO - enlarge_cell_instances: 18 顆細胞, factor=1.50(面積), 中位半徑=20.4px, 外擴=4.6px
2026-07-11 12:09:41,433 - cellpose.transforms - INFO - processing image with (1024, 1024) HW, and 3 channels
2026-07-11 12:09:41,987 - hybrid_pipeline - INFO - [424/441] 處理 tile: tile_x9984_y12288
2026-07-11 12:09:42,013 - m3_module.m3_elastic_matching - INFO - elastic_dish_nucleus_matching(overlap-first): IHC=18, DISH=18, matched(1核)=14 (其中重疊=14), drop-out(競爭落敗)=1, 無候選(計入)=3, factor=1.50, min_reach=20.0
2026-07-11 12:09:42,081 - cellpose.transforms - INFO - processing image with (1024, 1024) HW, and 3 channels
2026-07-11 12:09:42,338 - m3_module.m3_dot_detection - INFO - detect_all_dots: 紅點=22, 黑點=38, 涉及細胞=18
2026-07-11 12:09:42,426 - m4_module.cell_crops - INFO - 匯出 2 張 per-cell 影像至 docs/hybrid-pipeline/measurement/runs_current/large/cell_crops/tile_x9984_y11520/cells
2026-07-11 12:09:42,426 - hybrid_pipeline - INFO - Tile tile_x9984_y11520 完成: 核心擁有 2 細胞 (2 陽性), 1.66 秒
2026-07-11 12:09:42,772 - m3_module.m3_cells_generator - INFO - All-positive 標註完成: 25 個細胞
2026-07-11 12:09:42,811 - m3_module.m3_cells_generator - INFO - enlarge_cell_instances: 25 顆細胞, factor=1.50(面積), 中位半徑=28.1px, 外擴=6.3px
2026-07-11 12:09:42,811 - cellpose.transforms - INFO - processing image with (1024, 1024) HW, and 3 channels
2026-07-11 12:09:43,358 - hybrid_pipeline - INFO - [425/441] 處理 tile: tile_x9984_y13056
2026-07-11 12:09:43,384 - m3_module.m3_elastic_matching - INFO - elastic_dish_nucleus_matching(overlap-first): IHC=25, DISH=17, matched(1核)=15 (其中重疊=15), drop-out(競爭落敗)=2, 無候選(計入)=8, factor=1.50, min_reach=20.0
2026-07-11 12:09:43,447 - cellpose.transforms - INFO - processing image with (1024, 1024) HW, and 3 channels
2026-07-11 12:09:43,703 - m3_module.m3_dot_detection - INFO - detect_all_dots: 紅點=19, 黑點=31, 涉及細胞=25
2026-07-11 12:09:43,833 - m4_module.cell_crops - INFO - 匯出 25 張 per-cell 影像至 docs/hybrid-pipeline/measurement/runs_current/large/cell_crops/tile_x9984_y12288/cells
2026-07-11 12:09:43,833 - hybrid_pipeline - INFO - Tile tile_x9984_y12288 完成: 核心擁有 25 細胞 (25 陽性), 1.85 秒
2026-07-11 12:09:44,102 - m3_module.m3_cells_generator - INFO - All-positive 標註完成: 9 個細胞
2026-07-11 12:09:44,138 - m3_module.m3_cells_generator - INFO - enlarge_cell_instances: 9 顆細胞, factor=1.50(面積), 中位半徑=30.5px, 外擴=6.9px
2026-07-11 12:09:44,138 - cellpose.transforms - INFO - processing image with (1024, 1024) HW, and 3 channels
2026-07-11 12:09:44,685 - hybrid_pipeline - INFO - [426/441] 處理 tile: tile_x9984_y13824
2026-07-11 12:09:44,709 - m3_module.m3_elastic_matching - INFO - elastic_dish_nucleus_matching(overlap-first): IHC=9, DISH=3, matched(1核)=2 (其中重疊=2), drop-out(競爭落敗)=0, 無候選(計入)=7, factor=1.50, min_reach=20.0
2026-07-11 12:09:44,925 - m3_module.m3_dot_detection - INFO - detect_all_dots: 紅點=0, 黑點=2, 涉及細胞=9
2026-07-11 12:09:45,010 - m4_module.cell_crops - INFO - 匯出 5 張 per-cell 影像至 docs/hybrid-pipeline/measurement/runs_current/large/cell_crops/tile_x9984_y13056/cells
2026-07-11 12:09:45,010 - hybrid_pipeline - INFO - Tile tile_x9984_y13056 完成: 核心擁有 5 細胞 (5 陽性), 1.65 秒
2026-07-11 12:09:45,010 - hybrid_pipeline - INFO - [427/441] 處理 tile: tile_x9984_y14592
2026-07-11 12:09:45,034 - hybrid_pipeline - INFO - Tile tile_x9984_y13824: 核心遮罩全空 → 空白 placeholder
2026-07-11 12:09:45,141 - hybrid_pipeline - INFO - [428/441] 處理 tile: tile_x9984_y1536
2026-07-11 12:09:45,174 - hybrid_pipeline - INFO - Tile tile_x9984_y14592: 核心遮罩全空 → 空白 placeholder
2026-07-11 12:09:45,217 - cellpose.transforms - INFO - processing image with (1024, 1024) HW, and 3 channels
2026-07-11 12:09:45,736 - m3_module.m3_cells_generator - INFO - All-positive 標註完成: 105 個細胞
2026-07-11 12:09:45,784 - m3_module.m3_cells_generator - INFO - enlarge_cell_instances: 105 顆細胞, factor=1.50(面積), 中位半徑=27.9px, 外擴=6.3px
2026-07-11 12:09:45,784 - cellpose.transforms - INFO - processing image with (1024, 1024) HW, and 3 channels
2026-07-11 12:09:46,333 - hybrid_pipeline - INFO - [429/441] 處理 tile: tile_x9984_y15360
2026-07-11 12:09:46,364 - m3_module.m3_elastic_matching - INFO - elastic_dish_nucleus_matching(overlap-first): IHC=105, DISH=63, matched(1核)=57 (其中重疊=57), drop-out(競爭落敗)=28, 無候選(計入)=20, factor=1.50, min_reach=20.0
2026-07-11 12:09:46,423 - cellpose.transforms - INFO - processing image with (1024, 1024) HW, and 3 channels
2026-07-11 12:09:47,352 - m3_module.m3_dot_detection - INFO - detect_all_dots: 紅點=75, 黑點=154, 涉及細胞=105
2026-07-11 12:09:47,724 - m4_module.cell_crops - INFO - 匯出 68 張 per-cell 影像至 docs/hybrid-pipeline/measurement/runs_current/large/cell_crops/tile_x9984_y1536/cells
2026-07-11 12:09:47,724 - hybrid_pipeline - INFO - Tile tile_x9984_y1536 完成: 核心擁有 68 細胞 (68 陽性), 2.58 秒
2026-07-11 12:09:47,791 - m3_module.m3_cells_generator - INFO - All-positive 標註完成: 19 個細胞
2026-07-11 12:09:47,828 - m3_module.m3_cells_generator - INFO - enlarge_cell_instances: 19 顆細胞, factor=1.50(面積), 中位半徑=21.5px, 外擴=4.8px
2026-07-11 12:09:47,828 - cellpose.transforms - INFO - processing image with (1024, 1024) HW, and 3 channels
2026-07-11 12:09:48,392 - hybrid_pipeline - INFO - [430/441] 處理 tile: tile_x9984_y2304
2026-07-11 12:09:48,418 - m3_module.m3_elastic_matching - INFO - elastic_dish_nucleus_matching(overlap-first): IHC=19, DISH=16, matched(1核)=10 (其中重疊=10), drop-out(競爭落敗)=4, 無候選(計入)=5, factor=1.50, min_reach=20.0
2026-07-11 12:09:48,487 - cellpose.transforms - INFO - processing image with (1024, 1024) HW, and 3 channels
2026-07-11 12:09:48,602 - m3_module.m3_dot_detection - INFO - detect_all_dots: 紅點=8, 黑點=17, 涉及細胞=19
2026-07-11 12:09:48,714 - m4_module.cell_crops - INFO - 匯出 15 張 per-cell 影像至 docs/hybrid-pipeline/measurement/runs_current/large/cell_crops/tile_x9984_y15360/cells
2026-07-11 12:09:48,714 - hybrid_pipeline - INFO - Tile tile_x9984_y15360 完成: 核心擁有 15 細胞 (15 陽性), 2.38 秒
2026-07-11 12:09:49,091 - m3_module.m3_cells_generator - INFO - All-positive 標註完成: 112 個細胞
2026-07-11 12:09:49,150 - m3_module.m3_cells_generator - INFO - enlarge_cell_instances: 112 顆細胞, factor=1.50(面積), 中位半徑=28.1px, 外擴=6.3px
2026-07-11 12:09:49,150 - cellpose.transforms - INFO - processing image with (1024, 1024) HW, and 3 channels
2026-07-11 12:09:49,715 - hybrid_pipeline - INFO - [431/441] 處理 tile: tile_x9984_y3072
2026-07-11 12:09:49,747 - m3_module.m3_elastic_matching - INFO - elastic_dish_nucleus_matching(overlap-first): IHC=112, DISH=80, matched(1核)=57 (其中重疊=57), drop-out(競爭落敗)=22, 無候選(計入)=33, factor=1.50, min_reach=20.0
2026-07-11 12:09:49,792 - cellpose.transforms - INFO - processing image with (1024, 1024) HW, and 3 channels
2026-07-11 12:09:50,799 - m3_module.m3_dot_detection - INFO - detect_all_dots: 紅點=84, 黑點=179, 涉及細胞=112
2026-07-11 12:09:51,223 - m4_module.cell_crops - INFO - 匯出 58 張 per-cell 影像至 docs/hybrid-pipeline/measurement/runs_current/large/cell_crops/tile_x9984_y2304/cells
2026-07-11 12:09:51,223 - hybrid_pipeline - INFO - Tile tile_x9984_y2304 完成: 核心擁有 58 細胞 (58 陽性), 2.83 秒
2026-07-11 12:09:51,305 - m3_module.m3_cells_generator - INFO - All-positive 標註完成: 134 個細胞
2026-07-11 12:09:51,358 - m3_module.m3_cells_generator - INFO - enlarge_cell_instances: 134 顆細胞, factor=1.50(面積), 中位半徑=27.8px, 外擴=6.3px
2026-07-11 12:09:51,358 - cellpose.transforms - INFO - processing image with (1024, 1024) HW, and 3 channels
2026-07-11 12:09:51,909 - hybrid_pipeline - INFO - [432/441] 處理 tile: tile_x9984_y3840
2026-07-11 12:09:51,941 - m3_module.m3_elastic_matching - INFO - elastic_dish_nucleus_matching(overlap-first): IHC=134, DISH=95, matched(1核)=71 (其中重疊=71), drop-out(競爭落敗)=32, 無候選(計入)=31, factor=1.50, min_reach=20.0
2026-07-11 12:09:51,993 - cellpose.transforms - INFO - processing image with (1024, 1024) HW, and 3 channels
2026-07-11 12:09:53,124 - m3_module.m3_dot_detection - INFO - detect_all_dots: 紅點=73, 黑點=182, 涉及細胞=134
2026-07-11 12:09:53,567 - m4_module.cell_crops - INFO - 匯出 67 張 per-cell 影像至 docs/hybrid-pipeline/measurement/runs_current/large/cell_crops/tile_x9984_y3072/cells
2026-07-11 12:09:53,567 - hybrid_pipeline - INFO - Tile tile_x9984_y3072 完成: 核心擁有 67 細胞 (67 陽性), 3.85 秒
2026-07-11 12:09:53,647 - m3_module.m3_cells_generator - INFO - All-positive 標註完成: 131 個細胞
2026-07-11 12:09:53,705 - m3_module.m3_cells_generator - INFO - enlarge_cell_instances: 131 顆細胞, factor=1.50(面積), 中位半徑=29.1px, 外擴=6.5px
2026-07-11 12:09:53,705 - cellpose.transforms - INFO - processing image with (1024, 1024) HW, and 3 channels
2026-07-11 12:09:54,243 - hybrid_pipeline - INFO - [433/441] 處理 tile: tile_x9984_y4608
2026-07-11 12:09:54,271 - m3_module.m3_elastic_matching - INFO - elastic_dish_nucleus_matching(overlap-first): IHC=131, DISH=76, matched(1核)=70 (其中重疊=70), drop-out(競爭落敗)=29, 無候選(計入)=32, factor=1.50, min_reach=20.0
2026-07-11 12:09:54,336 - cellpose.transforms - INFO - processing image with (1024, 1024) HW, and 3 channels
2026-07-11 12:09:55,395 - m3_module.m3_dot_detection - INFO - detect_all_dots: 紅點=63, 黑點=163, 涉及細胞=131
2026-07-11 12:09:55,842 - m4_module.cell_crops - INFO - 匯出 67 張 per-cell 影像至 docs/hybrid-pipeline/measurement/runs_current/large/cell_crops/tile_x9984_y3840/cells
2026-07-11 12:09:55,842 - hybrid_pipeline - INFO - Tile tile_x9984_y3840 完成: 核心擁有 67 細胞 (67 陽性), 3.93 秒
2026-07-11 12:09:55,889 - m3_module.m3_cells_generator - INFO - All-positive 標註完成: 124 個細胞
2026-07-11 12:09:55,942 - m3_module.m3_cells_generator - INFO - enlarge_cell_instances: 124 顆細胞, factor=1.50(面積), 中位半徑=30.2px, 外擴=6.8px
2026-07-11 12:09:55,943 - cellpose.transforms - INFO - processing image with (1024, 1024) HW, and 3 channels
2026-07-11 12:09:56,503 - hybrid_pipeline - INFO - [434/441] 處理 tile: tile_x9984_y5376
2026-07-11 12:09:56,533 - m3_module.m3_elastic_matching - INFO - elastic_dish_nucleus_matching(overlap-first): IHC=124, DISH=80, matched(1核)=67 (其中重疊=67), drop-out(競爭落敗)=29, 無候選(計入)=28, factor=1.50, min_reach=20.0
2026-07-11 12:09:56,589 - cellpose.transforms - INFO - processing image with (1024, 1024) HW, and 3 channels
2026-07-11 12:09:57,580 - m3_module.m3_dot_detection - INFO - detect_all_dots: 紅點=68, 黑點=174, 涉及細胞=124
2026-07-11 12:09:58,035 - m4_module.cell_crops - INFO - 匯出 57 張 per-cell 影像至 docs/hybrid-pipeline/measurement/runs_current/large/cell_crops/tile_x9984_y4608/cells
2026-07-11 12:09:58,035 - hybrid_pipeline - INFO - Tile tile_x9984_y4608 完成: 核心擁有 57 細胞 (57 陽性), 3.79 秒
2026-07-11 12:09:58,064 - m3_module.m3_cells_generator - INFO - All-positive 標註完成: 77 個細胞
2026-07-11 12:09:58,114 - m3_module.m3_cells_generator - INFO - enlarge_cell_instances: 77 顆細胞, factor=1.50(面積), 中位半徑=28.6px, 外擴=6.4px
2026-07-11 12:09:58,115 - cellpose.transforms - INFO - processing image with (1024, 1024) HW, and 3 channels
2026-07-11 12:09:58,677 - hybrid_pipeline - INFO - [435/441] 處理 tile: tile_x9984_y6144
2026-07-11 12:09:58,707 - m3_module.m3_elastic_matching - INFO - elastic_dish_nucleus_matching(overlap-first): IHC=77, DISH=69, matched(1核)=45 (其中重疊=45), drop-out(競爭落敗)=13, 無候選(計入)=19, factor=1.50, min_reach=20.0
2026-07-11 12:09:58,764 - cellpose.transforms - INFO - processing image with (1024, 1024) HW, and 3 channels
2026-07-11 12:09:59,524 - m3_module.m3_dot_detection - INFO - detect_all_dots: 紅點=41, 黑點=95, 涉及細胞=77
2026-07-11 12:09:59,856 - m4_module.cell_crops - INFO - 匯出 30 張 per-cell 影像至 docs/hybrid-pipeline/measurement/runs_current/large/cell_crops/tile_x9984_y5376/cells
2026-07-11 12:09:59,856 - hybrid_pipeline - INFO - Tile tile_x9984_y5376 完成: 核心擁有 30 細胞 (30 陽性), 3.35 秒
2026-07-11 12:10:00,046 - m3_module.m3_cells_generator - INFO - All-positive 標註完成: 123 個細胞
2026-07-11 12:10:00,104 - m3_module.m3_cells_generator - INFO - enlarge_cell_instances: 123 顆細胞, factor=1.50(面積), 中位半徑=27.4px, 外擴=6.1px
2026-07-11 12:10:00,104 - cellpose.transforms - INFO - processing image with (1024, 1024) HW, and 3 channels
2026-07-11 12:10:00,669 - hybrid_pipeline - INFO - [436/441] 處理 tile: tile_x9984_y6912
2026-07-11 12:10:00,701 - m3_module.m3_elastic_matching - INFO - elastic_dish_nucleus_matching(overlap-first): IHC=123, DISH=89, matched(1核)=70 (其中重疊=70), drop-out(競爭落敗)=20, 無候選(計入)=33, factor=1.50, min_reach=20.0
2026-07-11 12:10:00,747 - cellpose.transforms - INFO - processing image with (1024, 1024) HW, and 3 channels
2026-07-11 12:10:01,909 - m3_module.m3_dot_detection - INFO - detect_all_dots: 紅點=86, 黑點=189, 涉及細胞=123
2026-07-11 12:10:02,296 - m3_module.m3_cells_generator - INFO - All-positive 標註完成: 29 個細胞
2026-07-11 12:10:02,315 - m4_module.cell_crops - INFO - 匯出 73 張 per-cell 影像至 docs/hybrid-pipeline/measurement/runs_current/large/cell_crops/tile_x9984_y6144/cells
2026-07-11 12:10:02,315 - hybrid_pipeline - INFO - Tile tile_x9984_y6144 完成: 核心擁有 73 細胞 (73 陽性), 3.64 秒
2026-07-11 12:10:02,335 - m3_module.m3_cells_generator - INFO - enlarge_cell_instances: 29 顆細胞, factor=1.50(面積), 中位半徑=27.4px, 外擴=6.1px
2026-07-11 12:10:02,336 - cellpose.transforms - INFO - processing image with (1024, 1024) HW, and 3 channels
2026-07-11 12:10:02,895 - hybrid_pipeline - INFO - [437/441] 處理 tile: tile_x9984_y768
2026-07-11 12:10:02,926 - m3_module.m3_elastic_matching - INFO - elastic_dish_nucleus_matching(overlap-first): IHC=29, DISH=23, matched(1核)=19 (其中重疊=19), drop-out(競爭落敗)=8, 無候選(計入)=2, factor=1.50, min_reach=20.0
2026-07-11 12:10:02,987 - cellpose.transforms - INFO - processing image with (1024, 1024) HW, and 3 channels
2026-07-11 12:10:03,303 - m3_module.m3_dot_detection - INFO - detect_all_dots: 紅點=24, 黑點=48, 涉及細胞=29
2026-07-11 12:10:03,482 - m4_module.cell_crops - INFO - 匯出 8 張 per-cell 影像至 docs/hybrid-pipeline/measurement/runs_current/large/cell_crops/tile_x9984_y6912/cells
2026-07-11 12:10:03,482 - hybrid_pipeline - INFO - Tile tile_x9984_y6912 完成: 核心擁有 8 細胞 (8 陽性), 2.81 秒
2026-07-11 12:10:03,746 - m3_module.m3_cells_generator - INFO - All-positive 標註完成: 56 個細胞
2026-07-11 12:10:03,797 - m3_module.m3_cells_generator - INFO - enlarge_cell_instances: 56 顆細胞, factor=1.50(面積), 中位半徑=22.8px, 外擴=5.1px
2026-07-11 12:10:03,797 - cellpose.transforms - INFO - processing image with (1024, 1024) HW, and 3 channels
2026-07-11 12:10:04,368 - hybrid_pipeline - INFO - [438/441] 處理 tile: tile_x9984_y7680
2026-07-11 12:10:04,395 - m3_module.m3_elastic_matching - INFO - elastic_dish_nucleus_matching(overlap-first): IHC=56, DISH=33, matched(1核)=28 (其中重疊=28), drop-out(競爭落敗)=12, 無候選(計入)=16, factor=1.50, min_reach=20.0
2026-07-11 12:10:04,922 - m3_module.m3_dot_detection - INFO - detect_all_dots: 紅點=32, 黑點=58, 涉及細胞=56
2026-07-11 12:10:05,117 - m4_module.cell_crops - INFO - 匯出 30 張 per-cell 影像至 docs/hybrid-pipeline/measurement/runs_current/large/cell_crops/tile_x9984_y768/cells
2026-07-11 12:10:05,117 - hybrid_pipeline - INFO - Tile tile_x9984_y768 完成: 核心擁有 30 細胞 (30 陽性), 2.22 秒
2026-07-11 12:10:05,117 - hybrid_pipeline - INFO - [439/441] 處理 tile: tile_x9984_y8448
2026-07-11 12:10:05,141 - hybrid_pipeline - INFO - Tile tile_x9984_y7680: 核心遮罩全空 → 空白 placeholder
2026-07-11 12:10:05,193 - cellpose.transforms - INFO - processing image with (1024, 1024) HW, and 3 channels
2026-07-11 12:10:05,727 - m3_module.m3_cells_generator - INFO - All-positive 標註完成: 105 個細胞
2026-07-11 12:10:05,779 - m3_module.m3_cells_generator - INFO - enlarge_cell_instances: 105 顆細胞, factor=1.50(面積), 中位半徑=27.4px, 外擴=6.2px
2026-07-11 12:10:05,779 - cellpose.transforms - INFO - processing image with (1024, 1024) HW, and 3 channels
2026-07-11 12:10:06,334 - hybrid_pipeline - INFO - [440/441] 處理 tile: tile_x9984_y9216
2026-07-11 12:10:06,364 - m3_module.m3_elastic_matching - INFO - elastic_dish_nucleus_matching(overlap-first): IHC=105, DISH=68, matched(1核)=48 (其中重疊=48), drop-out(競爭落敗)=21, 無候選(計入)=36, factor=1.50, min_reach=20.0
2026-07-11 12:10:06,426 - cellpose.transforms - INFO - processing image with (1024, 1024) HW, and 3 channels
2026-07-11 12:10:07,128 - m3_module.m3_dot_detection - INFO - detect_all_dots: 紅點=54, 黑點=115, 涉及細胞=105
2026-07-11 12:10:07,446 - m4_module.cell_crops - INFO - 匯出 60 張 per-cell 影像至 docs/hybrid-pipeline/measurement/runs_current/large/cell_crops/tile_x9984_y8448/cells
2026-07-11 12:10:07,447 - hybrid_pipeline - INFO - Tile tile_x9984_y8448 完成: 核心擁有 60 細胞 (60 陽性), 2.33 秒
2026-07-11 12:10:07,644 - m3_module.m3_cells_generator - INFO - All-positive 標註完成: 131 個細胞
2026-07-11 12:10:07,701 - m3_module.m3_cells_generator - INFO - enlarge_cell_instances: 131 顆細胞, factor=1.50(面積), 中位半徑=26.8px, 外擴=6.0px
2026-07-11 12:10:07,702 - cellpose.transforms - INFO - processing image with (1024, 1024) HW, and 3 channels
2026-07-11 12:10:08,265 - hybrid_pipeline - INFO - [441/441] 處理 tile: tile_x9984_y9984
2026-07-11 12:10:08,297 - m3_module.m3_elastic_matching - INFO - elastic_dish_nucleus_matching(overlap-first): IHC=131, DISH=83, matched(1核)=66 (其中重疊=66), drop-out(競爭落敗)=26, 無候選(計入)=39, factor=1.50, min_reach=20.0
2026-07-11 12:10:08,363 - cellpose.transforms - INFO - processing image with (1024, 1024) HW, and 3 channels
2026-07-11 12:10:09,309 - m3_module.m3_dot_detection - INFO - detect_all_dots: 紅點=69, 黑點=168, 涉及細胞=131
2026-07-11 12:10:09,749 - m4_module.cell_crops - INFO - 匯出 69 張 per-cell 影像至 docs/hybrid-pipeline/measurement/runs_current/large/cell_crops/tile_x9984_y9216/cells
2026-07-11 12:10:09,749 - hybrid_pipeline - INFO - Tile tile_x9984_y9216 完成: 核心擁有 69 細胞 (69 陽性), 3.42 秒
2026-07-11 12:10:09,753 - m3_module.m3_cells_generator - INFO - All-positive 標註完成: 54 個細胞
2026-07-11 12:10:09,799 - m3_module.m3_cells_generator - INFO - enlarge_cell_instances: 54 顆細胞, factor=1.50(面積), 中位半徑=26.2px, 外擴=5.9px
2026-07-11 12:10:09,799 - cellpose.transforms - INFO - processing image with (1024, 1024) HW, and 3 channels
2026-07-11 12:10:10,392 - m3_module.m3_elastic_matching - INFO - elastic_dish_nucleus_matching(overlap-first): IHC=54, DISH=39, matched(1核)=30 (其中重疊=30), drop-out(競爭落敗)=6, 無候選(計入)=18, factor=1.50, min_reach=20.0
2026-07-11 12:10:10,982 - m3_module.m3_dot_detection - INFO - detect_all_dots: 紅點=39, 黑點=93, 涉及細胞=54
2026-07-11 12:10:11,193 - m4_module.cell_crops - INFO - 匯出 17 張 per-cell 影像至 docs/hybrid-pipeline/measurement/runs_current/large/cell_crops/tile_x9984_y9984/cells
2026-07-11 12:10:11,193 - hybrid_pipeline - INFO - Tile tile_x9984_y9984 完成: 核心擁有 17 細胞 (17 陽性), 2.93 秒
2026-07-11 12:10:11,226 - m4_module.csv - INFO - CSV 匯出完成: report.csv (12922 列)
2026-07-11 12:10:11,226 - m4_module.csv - INFO - Summary 報告輸出: summary.txt (2535 valid cells)
2026-07-11 12:10:16,290 - hybrid_pipeline - INFO - overlay_slide.tiff 縫合完成: 16384×16384 px
2026-07-11 12:10:16,308 - hybrid_pipeline - INFO - 批次完成 — run_id=912062f2 | 總計=441 | 成功=379 | 跳過=62
[perf_measure] skip wrap: hybrid_pipeline.segment_masked_dish not found
{
  "label": "large_441tile",
  "n_tiles": 441,
  "grid": {
    "cols": 21,
    "rows": 21
  },
  "wall": {
    "end_to_end_total_s": 707.413,
    "phaseA_precut_s": 20.395,
    "runbatch_BCD_s": 687.017
  },
  "disk_bytes": {
    "precut_scratch": 1001193648,
    "analysis_output": 5237562120
  },
  "stats": {
    "success": 379,
    "skipped": 62
  },
  "timings": {
    "init_unet": {
      "n": 1,
      "t": 1.16138106300059
    },
    "init_cellpose_m2": {
      "n": 1,
      "t": 1.0917768860017532
    },
    "init_cellpose_m3b": {
      "n": 1,
      "t": 0.824285074002546
    },
    "B2r_tile_read": {
      "n": 882,
      "t": 7.317276120033057
    },
    "B1_unet_coremask": {
      "n": 441,
      "t": 14.413916739027627
    },
    "BM1_apply_mask": {
      "n": 412,
      "t": 6.918459145006636
    },
    "BM1_overlay_dish": {
      "n": 412,
      "t": 5.599808440030756
    },
    "BM1_fuse": {
      "n": 412,
      "t": 4.6445359860226745
    },
    "B1_m3b_cellpose": {
      "n": 824,
      "t": 564.4767893369826
    },
    "Bs_clear_edge": {
      "n": 412,
      "t": 4.079172652964189
    },
    "B3_build_results": {
      "n": 412,
      "t": 7.230878850023146
    },
    "B3_enlarge_cells": {
      "n": 412,
      "t": 18.293162313031644
    },
    "B4_empty_cache": {
      "n": 441,
      "t": 2.6526772109937156
    },
    "B4_gc_collect": {
      "n": 441,
      "t": 36.33450658194124
    },
    "B3_detect_dots": {
      "n": 412,
      "t": 239.40604273496865
    },
    "B3_merge_dots": {
      "n": 412,
      "t": 0.010334576985769672
    },
    "Bs_filter_absolutize": {
      "n": 412,
      "t": 0.09126328095589997
    },
    "B2_png_encode": {
      "n": 1323,
      "t": 78.53793366596074,
      "bytes": 432847296
    },
    "B2_tiff_encode": {
      "n": 1323,
      "t": 1.1823111920166411,
      "bytes": 4505042352
    },
    "B2_render_overlay": {
      "n": 412,
      "t": 9.303262139019353
    },
    "B2_percell_crops": {
      "n": 412,
      "t": 4.624703911005781
    },
    "C_export_csv": {
      "n": 1,
      "t": 0.008747972002311144
    },
    "C_export_summary": {
      "n": 1,
      "t": 0.0006465600017691031
    },
    "D_stitch_overlay": {
      "n": 1,
      "t": 5.081746609001129
    }
  },
  "config_hash": "db2b7e6a",
  "peak_cuda_reserved_gb": 4.675,
  "peak_rss_gb": 3.94
}
