cell_id,centroid_x,centroid_y,reddot,blackdot,score
1,319.19,129.14,NaN,NaN,NaN
2,853.06,276.94,2,2,0.0000
3,776.47,242.87,NaN,NaN,NaN
4,836.59,185.80,3,6,2.0000
5,803.47,353.13,0,0,0.0000
6,78.26,361.14,NaN,NaN,NaN
7,701.77,49.00,0,0,0.0000
8,318.35,194.91,NaN,NaN,NaN
9,806.78,295.89,NaN,NaN,NaN
10,263.21,188.65,0,0,0.0000
11,744.50,176.18,2,2,0.0000
12,171.80,134.15,NaN,NaN,NaN
13,118.90,156.47,NaN,NaN,NaN
14,1298.85,885.06,NaN,NaN,NaN
15,1647.83,383.78,NaN,NaN,NaN
16,1139.23,841.19,NaN,NaN,NaN
17,1194.56,863.44,NaN,NaN,NaN
18,971.16,217.96,0,0,0.0000
19,938.03,26.45,NaN,NaN,NaN
20,1627.48,162.03,NaN,NaN,NaN
21,1456.42,819.32,0,0,0.0000
22,900.55,71.94,0,0,0.0000
23,1404.20,875.89,NaN,NaN,NaN
24,1330.01,779.01,NaN,NaN,NaN
25,909.33,282.48,0,0,0.0000
26,1651.97,207.08,NaN,NaN,NaN
27,1462.45,332.84,NaN,NaN,NaN
28,1103.81,884.41,3,3,0.0000
29,1377.36,773.28,2,2,0.0000
30,1578.45,395.55,0,0,0.0000
31,1242.44,820.56,2,3,0.0000
32,1413.76,761.39,NaN,NaN,NaN
33,1928.61,229.77,2,1,0.0000
34,1860.05,284.08,NaN,NaN,NaN
35,1806.53,842.24,NaN,NaN,NaN
36,2164.65,483.06,3,6,2.0000
37,1757.55,191.90,0,0,0.0000
38,2306.96,406.98,NaN,NaN,NaN
39,1904.04,809.87,NaN,NaN,NaN
40,2263.10,440.20,NaN,NaN,NaN
41,2167.62,329.90,0,0,0.0000
42,2325.67,307.23,NaN,NaN,NaN
43,1874.16,84.97,3,8,2.6667
44,1681.42,318.34,2,3,0.0000
45,1934.90,98.44,NaN,NaN,NaN
46,1873.76,632.89,0,0,0.0000
47,2246.77,312.29,0,0,0.0000
48,2407.76,294.00,NaN,NaN,NaN
49,2080.03,369.02,NaN,NaN,NaN
50,1738.94,391.24,0,0,0.0000
51,2348.22,477.59,NaN,NaN,NaN
52,1853.60,354.62,3,1,0.0000
53,1997.01,407.58,0,0,0.0000
54,2392.55,368.30,NaN,NaN,NaN
55,2396.93,419.69,NaN,NaN,NaN
56,2008.03,372.94,NaN,NaN,NaN
57,2114.15,326.88,0,0,0.0000
58,2335.96,365.80,NaN,NaN,NaN
59,1819.65,216.45,2,3,0.0000
60,1830.65,414.44,NaN,NaN,NaN
61,2430.08,118.93,NaN,NaN,NaN
62,2023.08,236.96,0,0,0.0000
63,1709.66,286.33,NaN,NaN,NaN
64,1970.49,344.38,NaN,NaN,NaN
65,1879.35,397.77,NaN,NaN,NaN
66,2300.68,337.03,2,3,0.0000
67,2002.78,298.70,NaN,NaN,NaN
68,1785.22,388.98,2,4,2.0000
69,2389.85,483.84,0,0,0.0000
70,2247.23,364.82,2,7,3.5000
71,2354.52,58.79,0,0,0.0000
72,2208.72,395.83,NaN,NaN,NaN
73,2027.54,329.97,NaN,NaN,NaN
74,2376.01,321.35,NaN,NaN,NaN
75,2621.35,264.86,2,2,0.0000
76,3177.35,147.31,0,0,0.0000
77,3142.01,484.17,2,2,0.0000
78,3035.26,111.11,NaN,NaN,NaN
79,3133.66,231.56,2,3,0.0000
80,2540.68,171.85,NaN,NaN,NaN
81,2474.26,319.39,NaN,NaN,NaN
82,3129.54,366.45,NaN,NaN,NaN
83,3191.05,496.31,0,0,0.0000
84,2612.54,56.86,NaN,NaN,NaN
85,3132.23,57.58,2,1,0.0000
86,2555.41,96.70,NaN,NaN,NaN
87,2470.00,209.45,NaN,NaN,NaN
88,3068.97,58.26,NaN,NaN,NaN
89,2543.90,42.91,NaN,NaN,NaN
90,2500.49,483.84,NaN,NaN,NaN
91,3104.59,323.70,0,0,0.0000
92,2544.41,336.52,NaN,NaN,NaN
93,2521.61,212.15,NaN,NaN,NaN
94,3130.79,289.03,0,0,0.0000
95,3099.58,421.72,2,5,2.5000
96,3063.82,582.76,NaN,NaN,NaN
97,2460.15,428.02,2,4,2.0000
98,2555.17,380.11,NaN,NaN,NaN
99,2650.61,128.96,0,0,0.0000
100,2436.39,376.78,NaN,NaN,NaN
101,3042.09,516.33,2,2,0.0000
102,2941.71,544.01,0,0,0.0000
103,2454.92,82.87,NaN,NaN,NaN
104,3085.13,545.41,NaN,NaN,NaN
105,2557.96,416.82,NaN,NaN,NaN
106,3077.69,137.57,NaN,NaN,NaN
107,2511.62,437.07,NaN,NaN,NaN
108,2486.96,386.26,NaN,NaN,NaN
109,2450.52,9.78,2,9,4.5000
110,2562.18,454.24,0,0,0.0000
111,3877.51,517.69,4,6,0.0000
112,3528.96,227.35,0,0,0.0000
113,3702.46,323.92,NaN,NaN,NaN
114,3216.42,417.92,NaN,NaN,NaN
115,3540.29,158.47,0,0,0.0000
116,3760.78,411.26,0,0,0.0000
117,3219.16,273.48,0,0,0.0000
118,3315.99,682.53,NaN,NaN,NaN
119,3333.15,740.29,2,7,3.5000
120,3254.88,371.98,0,0,0.0000
121,3898.63,455.60,NaN,NaN,NaN
122,3312.64,620.20,NaN,NaN,NaN
123,3855.31,600.02,0,0,0.0000
124,3646.49,691.70,0,0,0.0000
125,3452.10,14.21,0,0,0.0000
126,3242.61,106.51,3,2,0.0000
127,3454.89,227.23,3,4,0.0000
128,3947.15,639.86,2,4,2.0000
129,3932.48,558.98,NaN,NaN,NaN
130,3606.37,252.73,NaN,NaN,NaN
131,3906.85,732.70,0,0,0.0000
132,3241.50,531.90,NaN,NaN,NaN
133,3842.42,451.63,NaN,NaN,NaN
134,3272.32,494.80,2,4,2.0000
135,3713.41,435.24,NaN,NaN,NaN
136,3346.65,804.35,0,0,0.0000
137,3235.25,497.31,4,5,0.0000
138,3912.01,645.82,NaN,NaN,NaN
139,3389.09,8.60,0,0,0.0000
140,3660.64,399.18,NaN,NaN,NaN
141,3284.05,543.12,0,0,0.0000
142,3281.78,630.60,NaN,NaN,NaN
143,3926.84,626.18,NaN,NaN,NaN
144,3343.94,545.52,0,0,0.0000
145,3668.83,720.62,0,0,0.0000
146,4716.49,892.76,NaN,NaN,NaN
147,4447.74,877.02,2,2,0.0000
148,4587.23,721.73,2,7,3.5000
149,4291.69,775.74,2,3,0.0000
150,4294.18,84.13,NaN,NaN,NaN
151,4061.76,728.47,4,8,2.0000
152,4619.66,626.49,NaN,NaN,NaN
153,4492.97,552.18,NaN,NaN,NaN
154,4484.95,738.44,NaN,NaN,NaN
155,4732.06,754.64,NaN,NaN,NaN
156,4449.74,794.38,NaN,NaN,NaN
157,4322.47,853.50,0,0,0.0000
158,4154.51,841.98,0,0,0.0000
159,4521.61,862.69,0,0,0.0000
160,4164.52,778.15,NaN,NaN,NaN
161,4011.49,808.20,0,0,0.0000
162,4687.68,519.94,2,3,0.0000
163,4397.93,71.17,0,0,0.0000
164,4389.93,526.61,5,9,0.0000
165,4055.29,548.78,0,0,0.0000
166,3970.77,729.07,2,1,0.0000
167,4695.64,641.79,NaN,NaN,NaN
168,4405.78,680.95,2,6,3.0000
169,4717.81,664.17,NaN,NaN,NaN
170,4105.21,588.11,0,0,0.0000
171,4222.03,781.29,0,0,0.0000
172,4005.75,624.93,2,3,0.0000
173,4620.10,524.78,NaN,NaN,NaN
174,4435.36,656.29,NaN,NaN,NaN
175,4175.05,521.22,0,0,0.0000
176,4514.28,489.37,NaN,NaN,NaN
177,3973.09,575.38,2,2,0.0000
178,4052.29,786.95,NaN,NaN,NaN
179,4661.64,587.23,0,0,0.0000
180,4255.95,649.72,3,4,0.0000
181,4356.46,498.85,0,0,0.0000
182,4566.61,809.72,0,0,0.0000
183,5473.53,451.75,NaN,NaN,NaN
184,5267.19,167.83,NaN,NaN,NaN
185,5084.56,344.45,3,10,3.3333
186,5450.23,168.33,0,0,0.0000
187,4739.05,574.61,NaN,NaN,NaN
188,5214.75,396.18,NaN,NaN,NaN
189,5071.94,266.80,NaN,NaN,NaN
190,5320.78,826.10,NaN,NaN,NaN
191,5400.15,791.17,2,4,2.0000
192,4945.45,149.56,NaN,NaN,NaN
193,5409.91,533.37,NaN,NaN,NaN
194,5310.64,552.73,NaN,NaN,NaN
195,5387.15,868.60,NaN,NaN,NaN
196,5353.28,707.54,2,3,0.0000
197,4963.54,368.90,0,0,0.0000
198,4872.46,246.52,0,0,0.0000
199,5387.94,422.17,3,7,2.3333
200,5299.88,85.49,3,4,0.0000
201,5121.01,410.48,6,8,0.0000
202,5288.32,234.36,NaN,NaN,NaN
203,5081.70,181.66,3,9,3.0000
204,5372.30,215.44,0,0,0.0000
205,4886.87,791.38,2,3,0.0000
206,5397.55,100.56,0,0,0.0000
207,5500.44,707.70,0,0,0.0000
208,4961.25,230.43,3,8,2.6667
209,5153.70,155.20,2,5,2.5000
210,5261.65,459.15,NaN,NaN,NaN
211,5348.78,371.72,2,6,3.0000
212,5333.89,644.31,NaN,NaN,NaN
213,5463.51,611.20,0,0,0.0000
214,5296.30,290.33,0,0,0.0000
215,5176.06,470.99,2,2,0.0000
216,4935.20,304.77,NaN,NaN,NaN
217,5277.90,778.16,NaN,NaN,NaN
218,5376.18,35.35,NaN,NaN,NaN
219,5012.14,328.42,NaN,NaN,NaN
220,5495.19,847.16,NaN,NaN,NaN
221,5380.14,281.45,NaN,NaN,NaN
222,4792.02,641.73,2,3,0.0000
223,5458.39,753.90,NaN,NaN,NaN
224,5261.81,632.50,0,0,0.0000
225,4825.20,861.20,0,0,0.0000
226,5241.00,825.01,NaN,NaN,NaN
227,5105.86,469.97,NaN,NaN,NaN
228,4809.60,706.88,0,0,0.0000
229,4884.87,69.28,0,0,0.0000
230,5146.26,511.45,2,2,0.0000
231,5111.77,57.26,2,5,2.5000
232,5207.65,140.24,NaN,NaN,NaN
233,5142.47,230.11,0,0,0.0000
234,4763.65,802.33,NaN,NaN,NaN
235,5461.22,71.41,NaN,NaN,NaN
236,5420.65,638.64,NaN,NaN,NaN
237,4816.74,810.16,0,0,0.0000
238,5502.77,570.99,3,7,2.3333
239,4884.99,184.81,NaN,NaN,NaN
240,4784.16,741.12,NaN,NaN,NaN
241,4758.51,689.34,NaN,NaN,NaN
242,5427.22,13.77,NaN,NaN,NaN
243,4853.18,735.81,0,0,0.0000
244,5217.44,603.05,NaN,NaN,NaN
245,5218.54,860.32,0,0,0.0000
246,5084.05,87.41,NaN,NaN,NaN
247,5056.85,130.95,0,0,0.0000
248,4924.33,43.11,0,0,0.0000
249,4840.84,675.28,0,0,0.0000
250,5485.30,7.49,NaN,NaN,NaN
251,5710.75,412.99,0,0,0.0000
252,5530.60,238.80,NaN,NaN,NaN
253,5732.84,213.05,NaN,NaN,NaN
254,5628.47,541.58,NaN,NaN,NaN
255,6157.12,588.17,NaN,NaN,NaN
256,5570.58,389.84,NaN,NaN,NaN
257,6258.29,863.13,NaN,NaN,NaN
258,5643.56,284.95,NaN,NaN,NaN
259,5753.35,134.99,2,5,2.5000
260,5575.55,157.50,NaN,NaN,NaN
261,5522.64,107.99,0,0,0.0000
262,5545.66,608.69,NaN,NaN,NaN
263,5817.85,175.47,NaN,NaN,NaN
264,5575.01,45.00,NaN,NaN,NaN
265,5798.42,89.02,NaN,NaN,NaN
266,5595.77,334.93,3,4,0.0000
267,5684.15,100.04,0,0,0.0000
268,6130.91,712.01,2,3,0.0000
269,6186.05,718.75,NaN,NaN,NaN
270,5803.78,324.84,2,3,0.0000
271,5522.52,814.04,3,4,0.0000
272,5828.01,38.30,NaN,NaN,NaN
273,5805.43,426.74,2,2,0.0000
274,6104.74,842.93,3,7,2.3333
275,6257.86,757.91,NaN,NaN,NaN
276,6054.06,777.70,NaN,NaN,NaN
277,5563.43,503.60,0,0,0.0000
278,5724.13,308.34,NaN,NaN,NaN
279,5696.00,159.43,0,0,0.0000
280,5562.17,858.72,NaN,NaN,NaN
281,6038.70,837.46,2,3,0.0000
282,5754.12,362.25,NaN,NaN,NaN
283,5601.68,632.97,NaN,NaN,NaN
284,6079.46,723.41,0,0,0.0000
285,6233.88,475.49,0,0,0.0000
286,6049.91,877.23,0,0,0.0000
287,5850.22,111.35,4,6,0.0000
288,5632.86,196.37,0,0,0.0000
289,5533.69,446.58,0,0,0.0000
290,5642.60,149.94,0,0,0.0000
291,6496.67,513.97,2,2,0.0000
292,6817.26,71.12,0,0,0.0000
293,6684.99,48.40,0,0,0.0000
294,6428.38,740.52,NaN,NaN,NaN
295,7031.00,257.88,2,10,5.0000
296,6970.09,113.31,3,3,0.0000
297,6901.78,153.22,2,5,2.5000
298,6545.14,426.79,NaN,NaN,NaN
299,6447.64,660.69,2,5,2.5000
300,6971.03,495.84,2,3,0.0000
301,7039.30,530.87,NaN,NaN,NaN
302,6844.76,703.39,0,0,0.0000
303,6362.17,714.33,0,0,0.0000
304,6927.68,276.49,NaN,NaN,NaN
305,6969.33,715.98,0,0,0.0000
306,6394.97,520.41,0,0,0.0000
307,6972.51,806.65,NaN,NaN,NaN
308,6496.19,787.45,NaN,NaN,NaN
309,6991.05,340.71,NaN,NaN,NaN
310,6561.18,743.47,0,0,0.0000
311,6556.27,666.86,NaN,NaN,NaN
312,6857.61,376.99,NaN,NaN,NaN
313,6555.43,823.41,NaN,NaN,NaN
314,6519.53,618.76,NaN,NaN,NaN
315,7021.82,764.57,NaN,NaN,NaN
316,6337.43,654.47,NaN,NaN,NaN
317,7014.59,50.38,0,0,0.0000
318,6958.70,616.63,3,2,0.0000
319,6605.99,736.80,2,4,2.0000
320,7021.22,169.78,3,5,0.0000
321,6914.20,670.27,0,0,0.0000
322,6942.88,383.82,NaN,NaN,NaN
323,6921.02,809.14,NaN,NaN,NaN
324,6588.68,869.73,NaN,NaN,NaN
325,6428.88,844.07,NaN,NaN,NaN
326,6395.07,643.56,NaN,NaN,NaN
327,6622.28,684.08,NaN,NaN,NaN
328,6668.54,767.42,NaN,NaN,NaN
329,6412.21,808.78,NaN,NaN,NaN
330,6605.38,622.79,0,0,0.0000
331,6819.67,812.39,NaN,NaN,NaN
332,6448.41,375.27,2,7,3.5000
333,6600.66,563.41,0,0,0.0000
334,6348.23,850.54,NaN,NaN,NaN
335,6402.20,585.83,NaN,NaN,NaN
336,6582.64,83.20,0,0,0.0000
337,7144.77,473.09,2,3,0.0000
338,7070.13,857.12,3,5,0.0000
339,7743.54,803.92,NaN,NaN,NaN
340,7159.64,166.41,2,3,0.0000
341,7123.52,655.50,NaN,NaN,NaN
342,7323.84,629.84,NaN,NaN,NaN
343,7263.93,467.47,0,0,0.0000
344,7553.75,131.51,2,6,3.0000
345,7215.73,719.89,NaN,NaN,NaN
346,7665.63,94.72,0,0,0.0000
347,7238.40,303.13,5,9,0.0000
348,7051.44,350.39,2,4,2.0000
349,7505.37,785.85,NaN,NaN,NaN
350,7321.99,178.80,3,7,2.3333
351,7532.50,625.36,0,0,0.0000
352,7673.43,517.30,NaN,NaN,NaN
353,7631.77,418.77,NaN,NaN,NaN
354,7611.62,237.84,NaN,NaN,NaN
355,7804.62,722.33,NaN,NaN,NaN
356,7189.43,835.76,NaN,NaN,NaN
357,7625.45,870.06,0,0,0.0000
358,7602.33,41.02,2,2,0.0000
359,7462.13,742.86,NaN,NaN,NaN
360,7405.51,187.79,NaN,NaN,NaN
361,7341.68,769.63,2,2,0.0000
362,7547.82,355.80,NaN,NaN,NaN
363,7670.70,595.75,NaN,NaN,NaN
364,7299.15,732.37,NaN,NaN,NaN
365,7731.82,680.87,0,0,0.0000
366,7159.66,894.78,NaN,NaN,NaN
367,7616.55,599.90,0,0,0.0000
368,7395.01,734.44,NaN,NaN,NaN
369,7434.60,86.71,NaN,NaN,NaN
370,7572.81,465.75,0,0,0.0000
371,7681.35,829.47,NaN,NaN,NaN
372,7566.16,598.65,2,4,2.0000
373,7423.40,833.97,0,0,0.0000
374,7211.40,539.37,NaN,NaN,NaN
375,7685.29,700.85,NaN,NaN,NaN
376,7728.92,596.44,2,7,3.5000
377,7272.45,808.22,3,6,2.0000
378,7604.85,348.83,0,0,0.0000
379,7584.23,701.49,NaN,NaN,NaN
380,7452.20,153.95,NaN,NaN,NaN
381,7428.98,701.96,NaN,NaN,NaN
382,7129.22,253.42,NaN,NaN,NaN
383,7340.84,25.02,2,2,0.0000
384,7758.69,455.32,0,0,0.0000
385,7251.58,571.16,0,0,0.0000
386,7123.83,714.48,0,0,0.0000
387,7720.72,471.06,0,0,0.0000
388,7689.43,415.91,NaN,NaN,NaN
389,7094.17,286.88,2,5,2.5000
390,7559.38,277.73,3,5,0.0000
391,7254.81,112.10,NaN,NaN,NaN
392,7477.14,111.10,NaN,NaN,NaN
393,7298.87,45.44,2,8,4.0000
394,7575.37,755.84,2,4,2.0000
395,7484.86,376.81,0,0,0.0000
396,7743.82,736.18,NaN,NaN,NaN
397,7292.04,285.49,0,0,0.0000
398,7652.88,755.01,0,0,0.0000
399,7382.46,849.61,0,0,0.0000
400,7350.67,849.44,NaN,NaN,NaN
401,7627.44,694.96,0,0,0.0000
402,7444.10,882.70,NaN,NaN,NaN
403,7208.69,213.73,NaN,NaN,NaN
404,7561.43,816.93,0,0,0.0000
405,7156.06,295.94,4,11,2.7500
406,7808.88,552.64,NaN,NaN,NaN
407,8407.06,785.15,NaN,NaN,NaN
408,8268.92,820.81,0,0,0.0000
409,8346.70,643.62,2,2,0.0000
410,8538.46,818.10,NaN,NaN,NaN
411,7961.34,721.01,3,2,0.0000
412,8482.94,665.63,NaN,NaN,NaN
413,8500.50,364.58,NaN,NaN,NaN
414,8572.63,423.52,0,0,0.0000
415,8154.65,702.22,NaN,NaN,NaN
416,8180.00,73.00,0,0,0.0000
417,8185.95,581.24,0,0,0.0000
418,8256.81,618.22,NaN,NaN,NaN
419,8015.11,536.58,NaN,NaN,NaN
420,8046.57,698.29,NaN,NaN,NaN
421,8131.48,804.01,2,4,2.0000
422,8397.38,494.81,NaN,NaN,NaN
423,8481.44,536.32,0,0,0.0000
424,8041.64,789.18,NaN,NaN,NaN
425,8339.23,729.96,NaN,NaN,NaN
426,8440.06,422.70,NaN,NaN,NaN
427,8115.34,121.83,NaN,NaN,NaN
428,8142.72,873.62,NaN,NaN,NaN
429,7992.27,613.14,NaN,NaN,NaN
430,8331.69,539.11,NaN,NaN,NaN
431,8404.45,566.01,0,0,0.0000
432,8497.25,467.87,0,0,0.0000
433,8099.63,529.82,0,0,0.0000
434,8077.53,893.69,NaN,NaN,NaN
435,8245.22,48.05,0,0,0.0000
436,8063.56,576.96,NaN,NaN,NaN
437,8572.11,686.06,NaN,NaN,NaN
438,8180.62,463.50,NaN,NaN,NaN
439,7997.21,852.54,NaN,NaN,NaN
440,8291.54,124.81,2,5,2.5000
441,8361.57,432.57,NaN,NaN,NaN
442,8515.78,731.68,NaN,NaN,NaN
443,7839.85,772.78,0,0,0.0000
444,8271.05,708.09,0,0,0.0000
445,7990.55,506.07,0,0,0.0000
446,8049.07,860.48,2,5,2.5000
447,8445.54,609.82,0,0,0.0000
448,7908.27,799.08,0,0,0.0000
449,8100.47,770.19,0,0,0.0000
450,7884.93,514.89,NaN,NaN,NaN
451,8443.81,87.76,0,0,0.0000
452,8360.89,110.09,0,0,0.0000
453,8048.19,625.60,NaN,NaN,NaN
454,8533.53,33.15,NaN,NaN,NaN
455,8540.53,691.12,2,7,3.5000
456,8545.36,563.52,0,0,0.0000
457,8604.12,580.79,NaN,NaN,NaN
458,8644.77,454.42,3,3,0.0000
459,8576.34,884.42,0,0,0.0000
460,8649.96,691.61,NaN,NaN,NaN
461,8689.10,245.39,NaN,NaN,NaN
462,8630.73,227.17,NaN,NaN,NaN
463,8663.16,339.28,NaN,NaN,NaN
464,8604.28,307.18,NaN,NaN,NaN
465,8642.95,851.57,NaN,NaN,NaN
466,8630.88,769.95,0,0,0.0000
467,8593.54,738.91,NaN,NaN,NaN
468,8577.34,145.97,0,0,0.0000
469,8703.36,540.16,0,0,0.0000
470,10062.64,125.55,NaN,NaN,NaN
471,10094.79,163.96,0,0,0.0000
472,10139.04,61.17,NaN,NaN,NaN
473,10726.55,369.53,NaN,NaN,NaN
474,10778.80,289.28,NaN,NaN,NaN
475,10192.26,148.93,3,2,0.0000
476,10836.53,437.52,NaN,NaN,NaN
477,10209.15,233.40,0,0,0.0000
478,10721.88,47.20,0,0,0.0000
479,10790.15,96.40,NaN,NaN,NaN
480,10851.50,55.02,NaN,NaN,NaN
481,10700.49,116.76,0,0,0.0000
482,10876.10,283.59,NaN,NaN,NaN
483,10784.49,212.35,2,2,0.0000
484,10814.75,349.32,NaN,NaN,NaN
485,11243.06,565.49,NaN,NaN,NaN
486,11094.72,89.31,NaN,NaN,NaN
487,10966.26,94.60,3,2,0.0000
488,10977.26,432.35,NaN,NaN,NaN
489,10885.40,138.85,2,3,0.0000
490,10994.80,570.24,NaN,NaN,NaN
491,11052.00,433.99,0,0,0.0000
492,11182.34,730.16,2,5,2.5000
493,10909.69,472.90,NaN,NaN,NaN
494,11182.47,820.86,0,0,0.0000
495,11115.86,789.76,2,3,0.0000
496,10919.15,207.93,NaN,NaN,NaN
497,11130.79,509.56,NaN,NaN,NaN
498,10941.33,349.09,0,0,0.0000
499,11001.18,838.94,NaN,NaN,NaN
500,11050.13,248.99,2,5,2.5000
501,10916.69,282.56,NaN,NaN,NaN
502,11062.97,881.44,0,0,0.0000
503,11151.14,659.43,NaN,NaN,NaN
504,10938.68,613.84,NaN,NaN,NaN
505,11007.65,331.18,NaN,NaN,NaN
506,11049.61,336.32,NaN,NaN,NaN
507,11304.21,890.94,0,0,0.0000
508,11013.46,521.39,2,5,2.5000
509,11216.99,678.83,0,0,0.0000
510,11276.59,806.76,NaN,NaN,NaN
511,11129.50,881.69,0,0,0.0000
512,11143.03,746.49,NaN,NaN,NaN
513,13775.88,167.47,0,0,0.0000
514,13851.51,650.09,0,0,0.0000
515,13877.10,491.13,NaN,NaN,NaN
516,13608.74,80.85,NaN,NaN,NaN
517,13539.28,282.31,NaN,NaN,NaN
518,13709.05,290.86,NaN,NaN,NaN
519,13485.81,160.47,NaN,NaN,NaN
520,13421.42,199.78,4,5,0.0000
521,13411.79,265.38,NaN,NaN,NaN
522,13800.83,400.38,NaN,NaN,NaN
523,13490.64,522.27,2,2,0.0000
524,13376.12,71.29,3,8,2.6667
525,13902.73,822.94,NaN,NaN,NaN
526,13744.34,632.75,2,5,2.5000
527,13758.52,550.84,0,0,0.0000
528,13669.10,566.96,0,0,0.0000
529,13584.28,197.75,0,0,0.0000
530,13678.14,410.72,NaN,NaN,NaN
531,13733.53,686.78,NaN,NaN,NaN
532,13600.61,423.13,3,6,2.0000
533,13922.29,405.21,NaN,NaN,NaN
534,13457.34,391.07,4,7,0.0000
535,13897.17,55.51,NaN,NaN,NaN
536,13951.83,572.51,NaN,NaN,NaN
537,13748.13,847.18,2,2,0.0000
538,13486.65,408.18,NaN,NaN,NaN
539,13673.58,356.77,NaN,NaN,NaN
540,13819.68,818.51,0,0,0.0000
541,13613.35,359.12,NaN,NaN,NaN
542,13611.96,553.43,0,0,0.0000
543,13514.98,456.47,0,0,0.0000
544,13941.17,106.37,NaN,NaN,NaN
545,13805.10,745.27,NaN,NaN,NaN
546,13918.46,653.98,NaN,NaN,NaN
547,13699.77,450.12,NaN,NaN,NaN
548,13768.78,471.01,2,2,0.0000
549,13552.51,134.91,2,3,0.0000
550,13640.87,236.65,NaN,NaN,NaN
551,13519.87,320.58,NaN,NaN,NaN
552,13795.92,856.58,0,0,0.0000
553,13527.70,513.48,3,6,2.0000
554,13439.22,68.38,NaN,NaN,NaN
555,13621.09,319.49,2,3,0.0000
556,14060.32,571.69,NaN,NaN,NaN
557,13984.81,793.08,NaN,NaN,NaN
558,14559.58,777.61,0,0,0.0000
559,14435.73,712.42,NaN,NaN,NaN
560,14237.37,549.72,NaN,NaN,NaN
561,14044.58,467.70,0,0,0.0000
562,14527.96,694.77,0,0,0.0000
563,13973.69,262.83,NaN,NaN,NaN
564,13974.42,658.18,2,3,0.0000
565,14103.80,823.85,2,2,0.0000
566,14129.09,511.30,2,8,4.0000
567,13989.05,175.68,NaN,NaN,NaN
568,14070.11,137.28,NaN,NaN,NaN
569,14280.41,618.29,NaN,NaN,NaN
570,14118.83,689.21,0,0,0.0000
571,13968.01,470.66,NaN,NaN,NaN
572,13997.11,393.87,0,0,0.0000
573,14167.23,809.34,2,3,0.0000
574,14330.89,666.98,2,2,0.0000
575,14158.45,742.82,NaN,NaN,NaN
576,14179.12,482.25,NaN,NaN,NaN
577,14057.44,419.71,0,0,0.0000
578,14460.47,842.23,2,3,0.0000
579,14195.91,625.11,0,0,0.0000
580,14028.96,697.69,0,0,0.0000
581,14474.89,142.95,NaN,NaN,NaN
582,14422.70,214.37,0,0,0.0000
583,13974.81,49.33,NaN,NaN,NaN
584,15082.56,106.19,NaN,NaN,NaN
585,15431.56,327.48,NaN,NaN,NaN
586,15213.00,583.49,NaN,NaN,NaN
587,14946.34,711.61,2,6,3.0000
588,14872.02,237.49,NaN,NaN,NaN
589,15138.37,785.47,2,2,0.0000
590,15233.59,835.28,NaN,NaN,NaN
591,15169.81,329.27,NaN,NaN,NaN
592,15021.06,665.30,NaN,NaN,NaN
593,15451.15,495.31,0,0,0.0000
594,15440.55,738.26,2,3,0.0000
595,15342.19,208.63,NaN,NaN,NaN
596,15375.10,455.00,0,0,0.0000
597,14997.27,417.83,NaN,NaN,NaN
598,14968.53,871.02,NaN,NaN,NaN
599,14861.36,338.49,2,3,0.0000
600,15454.52,858.10,0,0,0.0000
601,15184.92,224.61,2,4,2.0000
602,14885.49,431.20,NaN,NaN,NaN
603,15371.14,94.73,0,0,0.0000
604,15253.09,404.08,0,0,0.0000
605,15430.01,145.40,0,0,0.0000
606,15336.73,810.91,NaN,NaN,NaN
607,15103.25,267.11,NaN,NaN,NaN
608,15309.34,126.36,NaN,NaN,NaN
609,15291.33,480.79,0,0,0.0000
610,15206.69,139.07,NaN,NaN,NaN
611,14908.42,606.88,0,0,0.0000
612,15073.38,726.64,NaN,NaN,NaN
613,15424.97,648.48,NaN,NaN,NaN
614,15348.36,543.22,NaN,NaN,NaN
615,14963.28,499.46,0,0,0.0000
616,15297.54,721.47,0,0,0.0000
617,15063.50,648.52,NaN,NaN,NaN
618,15262.60,83.97,2,6,3.0000
619,15152.70,855.21,NaN,NaN,NaN
620,15016.79,322.57,NaN,NaN,NaN
621,15108.02,462.12,0,0,0.0000
622,15038.69,257.21,NaN,NaN,NaN
623,15238.29,711.22,NaN,NaN,NaN
624,14912.29,147.16,0,0,0.0000
625,14955.33,568.66,2,3,0.0000
626,14983.09,41.51,0,0,0.0000
627,14984.29,116.76,0,0,0.0000
628,15050.98,527.62,NaN,NaN,NaN
629,14764.59,98.46,2,6,3.0000
630,14819.23,148.93,NaN,NaN,NaN
631,15099.94,359.43,NaN,NaN,NaN
632,14725.40,28.60,0,0,0.0000
633,15138.41,724.48,NaN,NaN,NaN
634,15098.32,584.73,NaN,NaN,NaN
635,14922.93,459.88,0,0,0.0000
636,14925.92,383.14,0,0,0.0000
637,15059.66,826.34,NaN,NaN,NaN
638,15274.68,195.78,3,5,0.0000
639,14935.15,330.99,0,0,0.0000
640,15092.16,221.56,3,6,2.0000
641,15000.87,550.19,0,0,0.0000
642,15338.20,886.92,0,0,0.0000
643,15266.92,250.40,NaN,NaN,NaN
644,15328.38,295.10,NaN,NaN,NaN
645,15428.23,60.67,2,5,2.5000
646,15100.39,894.29,NaN,NaN,NaN
647,15294.78,650.71,0,0,0.0000
648,15152.14,445.93,0,0,0.0000
649,14793.22,197.46,NaN,NaN,NaN
650,15412.46,576.26,NaN,NaN,NaN
651,15138.43,658.14,0,0,0.0000
652,15191.11,417.77,NaN,NaN,NaN
653,15399.80,206.44,0,0,0.0000
654,15314.61,594.73,0,0,0.0000
655,15198.05,711.29,0,0,0.0000
656,15056.43,568.89,NaN,NaN,NaN
657,15022.74,10.92,0,0,0.0000
658,15459.02,201.26,NaN,NaN,NaN
659,15530.74,557.46,NaN,NaN,NaN
660,15839.80,127.84,2,6,3.0000
661,15628.16,158.38,0,0,0.0000
662,15913.13,139.47,0,0,0.0000
663,16160.32,194.77,0,0,0.0000
664,16298.63,281.31,NaN,NaN,NaN
665,15652.45,668.62,NaN,NaN,NaN
666,16078.94,107.39,NaN,NaN,NaN
667,15826.82,739.65,NaN,NaN,NaN
668,15666.43,482.28,0,0,0.0000
669,15748.07,115.15,NaN,NaN,NaN
670,15627.53,823.86,2,3,0.0000
671,15939.82,788.36,NaN,NaN,NaN
672,15509.65,657.74,2,4,2.0000
673,15544.97,351.20,NaN,NaN,NaN
674,15684.09,265.64,3,5,0.0000
675,15629.32,398.69,NaN,NaN,NaN
676,15564.16,738.64,0,0,0.0000
677,15736.55,733.34,2,4,2.0000
678,15548.29,206.66,NaN,NaN,NaN
679,15927.63,328.37,4,9,2.2500
680,16347.88,397.43,2,4,2.0000
681,16200.36,109.43,NaN,NaN,NaN
682,15739.10,332.81,NaN,NaN,NaN
683,15575.36,257.17,NaN,NaN,NaN
684,16264.64,366.21,0,0,0.0000
685,15941.61,273.57,NaN,NaN,NaN
686,16312.13,452.40,NaN,NaN,NaN
687,15707.04,836.93,NaN,NaN,NaN
688,16048.20,891.51,3,3,0.0000
689,15729.69,213.93,NaN,NaN,NaN
690,15783.71,52.98,NaN,NaN,NaN
691,16122.76,64.73,NaN,NaN,NaN
692,16258.94,73.72,NaN,NaN,NaN
693,16007.50,832.59,NaN,NaN,NaN
694,15741.89,809.91,NaN,NaN,NaN
695,15618.52,571.76,0,0,0.0000
696,16148.70,364.28,NaN,NaN,NaN
697,15806.57,265.16,2,4,2.0000
698,15752.92,268.04,NaN,NaN,NaN
699,16200.04,371.50,0,0,0.0000
700,16170.91,33.21,NaN,NaN,NaN
701,15951.60,71.32,0,0,0.0000
702,15764.66,184.07,NaN,NaN,NaN
703,15591.36,63.37,0,0,0.0000
704,15627.92,340.31,0,0,0.0000
705,15504.00,240.03,NaN,NaN,NaN
706,15966.39,837.81,NaN,NaN,NaN
707,15864.09,804.45,NaN,NaN,NaN
708,15677.44,355.11,NaN,NaN,NaN
709,15930.55,721.44,0,0,0.0000
710,15548.29,819.78,0,0,0.0000
711,16373.33,452.08,0,0,0.0000
712,15653.92,750.60,0,0,0.0000
713,15652.77,547.97,0,0,0.0000
714,15663.85,584.83,0,0,0.0000
715,16042.15,11.27,0,0,0.0000
716,15904.09,753.88,0,0,0.0000
717,824.55,1410.48,4,6,0.0000
718,833.51,1599.69,NaN,NaN,NaN
719,173.09,957.22,NaN,NaN,NaN
720,293.82,1163.77,5,5,0.0000
721,293.83,1028.46,4,5,0.0000
722,661.41,1553.62,0,0,0.0000
723,822.20,1176.69,2,5,2.5000
724,618.62,1632.79,NaN,NaN,NaN
725,717.08,1319.45,NaN,NaN,NaN
726,790.47,1543.95,6,6,0.0000
727,516.19,1514.52,0,0,0.0000
728,402.15,1622.22,4,4,0.0000
729,818.94,1309.39,NaN,NaN,NaN
730,884.52,1125.27,NaN,NaN,NaN
731,99.89,1090.01,NaN,NaN,NaN
732,604.32,1480.10,0,0,0.0000
733,210.85,1017.19,NaN,NaN,NaN
734,43.39,1069.67,2,2,0.0000
735,379.37,1042.49,NaN,NaN,NaN
736,490.13,1598.90,NaN,NaN,NaN
737,771.88,1273.39,NaN,NaN,NaN
738,818.03,1486.23,NaN,NaN,NaN
739,712.88,1426.13,NaN,NaN,NaN
740,352.34,1099.93,NaN,NaN,NaN
741,51.31,1013.77,0,0,0.0000
742,61.94,1305.58,0,0,0.0000
743,86.25,1189.38,NaN,NaN,NaN
744,747.72,1462.17,NaN,NaN,NaN
745,94.96,963.45,NaN,NaN,NaN
746,591.33,1557.83,0,0,0.0000
747,556.94,1457.59,NaN,NaN,NaN
748,877.17,1268.06,NaN,NaN,NaN
749,93.49,1262.64,0,0,0.0000
750,20.21,1140.01,NaN,NaN,NaN
751,554.16,1549.50,0,0,0.0000
752,421.26,991.64,3,4,0.0000
753,544.71,1607.33,0,0,0.0000
754,825.07,1130.05,NaN,NaN,NaN
755,44.22,1194.16,0,0,0.0000
756,435.71,1516.40,NaN,NaN,NaN
757,342.41,1180.60,NaN,NaN,NaN
758,727.87,1616.40,NaN,NaN,NaN
759,416.90,947.33,NaN,NaN,NaN
760,644.19,1438.07,NaN,NaN,NaN
761,866.39,1511.67,2,6,3.0000
762,959.92,1539.31,NaN,NaN,NaN
763,1580.38,1269.79,NaN,NaN,NaN
764,1317.77,1085.24,0,0,0.0000
765,993.34,1341.41,NaN,NaN,NaN
766,1643.21,1140.47,NaN,NaN,NaN
767,1296.49,1173.89,NaN,NaN,NaN
768,1296.74,955.05,NaN,NaN,NaN
769,1596.99,1375.97,NaN,NaN,NaN
770,1230.09,954.74,3,5,0.0000
771,1045.79,924.29,NaN,NaN,NaN
772,1608.12,1530.88,0,0,0.0000
773,1197.57,1247.13,NaN,NaN,NaN
774,959.39,1179.65,0,0,0.0000
775,1066.59,1072.63,3,7,2.3333
776,1553.56,1123.52,0,0,0.0000
777,925.13,1615.08,NaN,NaN,NaN
778,1519.98,1248.01,NaN,NaN,NaN
779,1592.65,1049.10,2,3,0.0000
780,1491.50,1190.13,NaN,NaN,NaN
781,1193.38,1117.83,NaN,NaN,NaN
782,1014.52,1015.69,2,5,2.5000
783,911.15,1342.77,NaN,NaN,NaN
784,1100.29,1123.97,2,3,0.0000
785,1114.68,1245.42,NaN,NaN,NaN
786,1281.89,1233.17,NaN,NaN,NaN
787,1367.84,1154.87,3,3,0.0000
788,1659.66,1470.57,0,0,0.0000
789,1486.82,1588.16,NaN,NaN,NaN
790,1457.03,1265.19,NaN,NaN,NaN
791,1055.85,1201.13,NaN,NaN,NaN
792,1114.78,1172.14,NaN,NaN,NaN
793,1516.25,1422.48,NaN,NaN,NaN
794,927.11,1267.90,NaN,NaN,NaN
795,953.73,1422.11,0,0,0.0000
796,1544.56,1499.69,NaN,NaN,NaN
797,905.58,1403.08,NaN,NaN,NaN
798,1225.54,1023.63,0,0,0.0000
799,1157.05,1206.70,NaN,NaN,NaN
800,1092.58,943.02,NaN,NaN,NaN
801,998.21,1457.63,NaN,NaN,NaN
802,1430.19,929.66,2,2,0.0000
803,1519.61,1360.00,NaN,NaN,NaN
804,996.04,1252.34,2,5,2.5000
805,1638.13,1413.00,3,9,3.0000
806,1363.08,1023.99,0,0,0.0000
807,1557.88,1425.74,NaN,NaN,NaN
808,1578.92,1649.22,NaN,NaN,NaN
809,1053.01,1277.87,0,0,0.0000
810,1524.85,1632.68,2,2,0.0000
811,1650.32,931.58,0,0,0.0000
812,1192.52,1180.58,0,0,0.0000
813,1370.88,972.88,NaN,NaN,NaN
814,1415.96,1202.41,NaN,NaN,NaN
815,926.83,1122.32,NaN,NaN,NaN
816,1428.08,1226.86,7,14,2.0000
817,1529.30,1574.22,2,2,0.0000
818,1377.39,1212.46,NaN,NaN,NaN
819,1016.98,1420.75,0,0,0.0000
820,1559.68,1565.02,NaN,NaN,NaN
821,1243.87,1077.22,0,0,0.0000
822,1045.90,1152.48,2,1,0.0000
823,1396.19,951.15,NaN,NaN,NaN
824,1867.45,952.94,NaN,NaN,NaN
825,1798.41,1031.87,NaN,NaN,NaN
826,1781.34,1651.66,NaN,NaN,NaN
827,2350.79,1077.53,NaN,NaN,NaN
828,1677.70,1307.30,3,5,0.0000
829,1887.42,1162.53,NaN,NaN,NaN
830,1706.60,1020.71,0,0,0.0000
831,1871.42,1545.93,NaN,NaN,NaN
832,1736.79,1487.77,NaN,NaN,NaN
833,1865.69,1434.58,NaN,NaN,NaN
834,1916.67,1271.77,NaN,NaN,NaN
835,2337.75,1328.09,3,6,2.0000
836,2374.26,1231.88,2,5,2.5000
837,1796.68,1515.40,2,4,2.0000
838,2322.68,1142.37,NaN,NaN,NaN
839,2403.32,1397.94,0,0,0.0000
840,1736.10,1129.62,NaN,NaN,NaN
841,1933.53,1084.90,NaN,NaN,NaN
842,1728.02,1400.11,NaN,NaN,NaN
843,2013.21,1308.39,NaN,NaN,NaN
844,1786.67,1337.60,NaN,NaN,NaN
845,1904.36,1629.32,2,2,0.0000
846,1968.71,1426.91,0,0,0.0000
847,2045.79,1563.32,NaN,NaN,NaN
848,2017.65,1094.47,2,5,2.5000
849,2008.66,1253.85,NaN,NaN,NaN
850,2226.71,1011.24,3,4,0.0000
851,2321.05,1200.53,0,0,0.0000
852,1696.22,1552.63,0,0,0.0000
853,1954.63,1593.92,NaN,NaN,NaN
854,2047.06,1477.52,NaN,NaN,NaN
855,1955.16,997.05,0,0,0.0000
856,1855.65,1316.95,3,7,2.3333
857,2035.31,1136.37,NaN,NaN,NaN
858,1797.27,1395.69,0,0,0.0000
859,2265.38,1091.00,NaN,NaN,NaN
860,1667.73,971.74,0,0,0.0000
861,1785.84,1266.80,NaN,NaN,NaN
862,2105.98,1562.76,NaN,NaN,NaN
863,1754.95,1203.36,0,0,0.0000
864,1939.04,1483.93,NaN,NaN,NaN
865,1817.80,1590.82,NaN,NaN,NaN
866,2085.33,1627.38,0,0,0.0000
867,2092.04,1490.48,NaN,NaN,NaN
868,1921.04,1377.68,0,0,0.0000
869,1966.54,1189.80,NaN,NaN,NaN
870,2003.20,1492.93,NaN,NaN,NaN
871,1934.80,1335.52,0,0,0.0000
872,2286.12,1013.29,0,0,0.0000
873,2026.71,1651.83,0,0,0.0000
874,1828.10,1225.57,NaN,NaN,NaN
875,1673.68,1610.96,0,0,0.0000
876,2028.70,1217.69,0,0,0.0000
877,1996.07,1173.66,0,0,0.0000
878,1686.92,900.69,0,0,0.0000
879,2410.40,1140.59,NaN,NaN,NaN
880,1717.56,1247.42,0,0,0.0000
881,1962.69,1531.49,0,0,0.0000
882,2480.51,1506.94,NaN,NaN,NaN
883,2571.64,1242.50,NaN,NaN,NaN
884,2443.93,1323.91,NaN,NaN,NaN
885,2600.88,1439.76,2,3,0.0000
886,2636.80,1312.76,0,0,0.0000
887,3091.67,1141.08,0,0,0.0000
888,2520.42,1397.38,NaN,NaN,NaN
889,2514.23,1137.03,3,1,0.0000
890,2525.79,1187.75,NaN,NaN,NaN
891,3191.48,1371.03,2,6,3.0000
892,2445.65,1424.28,NaN,NaN,NaN
893,2713.98,1389.82,0,0,0.0000
894,2461.46,1222.26,NaN,NaN,NaN
895,2457.42,1084.10,NaN,NaN,NaN
896,3191.46,1176.09,3,4,0.0000
897,3097.23,1335.81,NaN,NaN,NaN
898,3043.16,1274.17,NaN,NaN,NaN
899,2574.18,1308.76,NaN,NaN,NaN
900,2676.25,1422.56,0,0,0.0000
901,3104.16,1202.61,0,0,0.0000
902,3054.50,1207.66,2,6,3.0000
903,3144.12,1393.90,0,0,0.0000
904,3147.20,1326.08,NaN,NaN,NaN
905,2555.52,1347.21,NaN,NaN,NaN
906,2865.49,1549.62,NaN,NaN,NaN
907,2998.02,1187.23,2,3,0.0000
908,3185.80,1228.07,2,1,0.0000
909,2563.76,1124.95,0,0,0.0000
910,2713.36,1224.72,NaN,NaN,NaN
911,2502.75,1345.08,0,0,0.0000
912,3334.51,1036.98,NaN,NaN,NaN
913,3505.62,1591.15,NaN,NaN,NaN
914,3336.86,1455.30,NaN,NaN,NaN
915,3308.84,1514.30,0,0,0.0000
916,3345.76,1232.78,2,3,0.0000
917,3389.88,1370.75,NaN,NaN,NaN
918,3211.64,1521.41,NaN,NaN,NaN
919,3417.63,1609.42,NaN,NaN,NaN
920,3370.91,1176.60,3,5,0.0000
921,3412.75,1038.07,NaN,NaN,NaN
922,3423.28,1123.21,2,4,2.0000
923,3326.09,1597.95,NaN,NaN,NaN
924,3525.27,1415.53,4,4,0.0000
925,3415.34,1663.04,2,3,0.0000
926,3413.53,1538.75,3,7,2.3333
927,3426.16,1273.74,0,0,0.0000
928,3642.53,1653.78,0,0,0.0000
929,3662.64,1514.82,NaN,NaN,NaN
930,3549.78,1478.48,0,0,0.0000
931,3335.53,1350.50,3,5,0.0000
932,3429.07,1350.24,2,3,0.0000
933,3289.61,1171.24,NaN,NaN,NaN
934,3579.60,1574.45,NaN,NaN,NaN
935,3735.73,1578.29,NaN,NaN,NaN
936,3879.57,1657.60,NaN,NaN,NaN
937,3514.26,1294.56,3,6,2.0000
938,3326.87,1298.87,NaN,NaN,NaN
939,3703.98,1525.53,NaN,NaN,NaN
940,3696.73,1595.88,NaN,NaN,NaN
941,3264.71,1429.75,NaN,NaN,NaN
942,3248.43,1510.01,NaN,NaN,NaN
943,3284.37,1321.42,0,0,0.0000
944,3271.67,1132.00,NaN,NaN,NaN
945,3440.65,1467.37,2,4,2.0000
946,3467.42,1055.67,NaN,NaN,NaN
947,3200.69,1132.14,NaN,NaN,NaN
948,3464.46,1210.19,0,0,0.0000
949,3204.21,1062.99,NaN,NaN,NaN
950,3585.80,1495.62,0,0,0.0000
951,3254.23,1109.01,NaN,NaN,NaN
952,3492.41,1460.04,0,0,0.0000
953,3435.31,1175.51,0,0,0.0000
954,3504.87,1131.38,0,0,0.0000
955,4613.59,1320.18,2,2,0.0000
956,4687.29,1083.01,0,0,0.0000
957,4224.18,1186.96,NaN,NaN,NaN
958,4222.43,926.66,2,5,2.5000
959,4582.60,1113.97,NaN,NaN,NaN
960,4572.73,1237.78,NaN,NaN,NaN
961,4523.58,1386.56,0,0,0.0000
962,4713.66,1182.44,0,0,0.0000
963,4724.36,1036.11,0,0,0.0000
964,4463.25,1136.11,2,3,0.0000
965,4604.37,932.27,0,0,0.0000
966,4418.90,943.62,0,0,0.0000
967,4276.47,1253.97,NaN,NaN,NaN
968,4452.34,1066.04,2,3,0.0000
969,4511.47,1063.04,0,0,0.0000
970,4173.56,925.61,0,0,0.0000
971,4519.14,1005.32,3,5,0.0000
972,4380.87,1245.57,3,4,0.0000
973,4293.86,1104.63,0,0,0.0000
974,4436.30,1398.83,NaN,NaN,NaN
975,4539.70,1143.81,NaN,NaN,NaN
976,4464.66,1340.96,0,0,0.0000
977,4388.36,1207.42,3,5,0.0000
978,4329.08,931.72,NaN,NaN,NaN
979,4115.13,900.52,0,0,0.0000
980,4517.43,1208.88,0,0,0.0000
981,4382.54,1011.00,NaN,NaN,NaN
982,4483.45,1289.06,0,0,0.0000
983,4386.88,1158.87,0,0,0.0000
984,4331.39,1197.25,NaN,NaN,NaN
985,4096.12,974.74,NaN,NaN,NaN
986,4047.45,1023.92,3,4,0.0000
987,4614.86,1172.77,NaN,NaN,NaN
988,4814.30,1213.50,NaN,NaN,NaN
989,5158.44,1291.97,3,6,2.0000
990,4935.07,947.79,0,0,0.0000
991,4952.70,1349.88,0,0,0.0000
992,4935.07,1093.75,NaN,NaN,NaN
993,5310.09,1131.03,NaN,NaN,NaN
994,5221.71,1247.44,NaN,NaN,NaN
995,5187.84,1450.42,NaN,NaN,NaN
996,5128.61,1640.54,0,0,0.0000
997,5120.04,1331.63,NaN,NaN,NaN
998,5018.35,1016.87,NaN,NaN,NaN
999,4828.01,1060.83,NaN,NaN,NaN
1000,5423.86,1275.71,NaN,NaN,NaN
1001,5404.22,1011.49,2,3,0.0000
1002,5373.86,1099.82,0,0,0.0000
1003,5290.27,913.49,2,2,0.0000
1004,4929.82,1187.91,NaN,NaN,NaN
1005,4859.71,1137.23,NaN,NaN,NaN
1006,5301.92,1072.30,NaN,NaN,NaN
1007,4946.06,1475.63,0,0,0.0000
1008,5186.11,960.25,0,0,0.0000
1009,5039.08,1454.83,NaN,NaN,NaN
1010,5453.72,916.37,4,2,0.0000
1011,5336.24,1016.75,NaN,NaN,NaN
1012,5463.95,1084.95,NaN,NaN,NaN
1013,5104.90,1558.27,4,7,0.0000
1014,5217.52,900.05,NaN,NaN,NaN
1015,5274.86,1367.70,NaN,NaN,NaN
1016,4977.96,1258.10,NaN,NaN,NaN
1017,5372.56,1469.62,2,4,2.0000
1018,5468.41,982.01,NaN,NaN,NaN
1019,5272.22,957.99,NaN,NaN,NaN
1020,5180.71,1597.66,NaN,NaN,NaN
1021,5485.52,1176.22,NaN,NaN,NaN
1022,5432.88,1146.08,0,0,0.0000
1023,4778.48,1108.09,0,0,0.0000
1024,5460.37,1424.48,NaN,NaN,NaN
1025,5457.11,1208.17,NaN,NaN,NaN
1026,5345.75,1580.74,2,6,3.0000
1027,5382.87,1540.09,NaN,NaN,NaN
1028,5070.58,1082.60,0,0,0.0000
1029,5366.37,1414.84,0,0,0.0000
1030,5470.43,1584.13,NaN,NaN,NaN
1031,4886.95,1284.31,0,0,0.0000
1032,4957.16,1423.52,0,0,0.0000
1033,5360.82,967.29,0,0,0.0000
1034,5395.06,1135.45,NaN,NaN,NaN
1035,5365.03,1214.63,2,4,2.0000
1036,4788.79,1000.64,3,8,2.6667
1037,5465.51,1048.19,0,0,0.0000
1038,5287.86,1296.03,0,0,0.0000
1039,5205.39,1406.32,NaN,NaN,NaN
1040,5380.23,1318.98,2,3,0.0000
1041,5200.23,1521.16,NaN,NaN,NaN
1042,5384.90,1261.80,3,4,0.0000
1043,4971.85,1644.95,NaN,NaN,NaN
1044,5348.26,1346.72,0,0,0.0000
1045,5369.02,928.10,NaN,NaN,NaN
1046,5057.79,1200.54,NaN,NaN,NaN
1047,5445.06,1522.06,NaN,NaN,NaN
1048,5254.94,1574.22,NaN,NaN,NaN
1049,5458.46,1479.76,0,0,0.0000
1050,4954.02,897.61,2,4,2.0000
1051,5062.23,1151.27,3,2,0.0000
1052,4946.67,1593.55,0,0,0.0000
1053,5285.62,1640.66,2,7,3.5000
1054,5408.77,1607.41,NaN,NaN,NaN
1055,6115.23,1163.01,NaN,NaN,NaN
1056,6147.76,1321.40,0,0,0.0000
1057,6259.06,1069.78,3,10,3.3333
1058,5936.22,1611.14,2,3,0.0000
1059,6092.05,1076.37,NaN,NaN,NaN
1060,6058.25,1623.14,NaN,NaN,NaN
1061,6177.08,903.67,NaN,NaN,NaN
1062,5943.35,1187.66,NaN,NaN,NaN
1063,6214.78,1192.24,0,0,0.0000
1064,6200.46,1581.91,NaN,NaN,NaN
1065,6172.14,1049.76,0,0,0.0000
1066,6054.15,952.17,0,0,0.0000
1067,5806.55,1572.29,3,6,2.0000
1068,6100.29,1391.76,NaN,NaN,NaN
1069,5973.34,1464.95,NaN,NaN,NaN
1070,5926.74,1315.80,NaN,NaN,NaN
1071,6069.07,1535.21,NaN,NaN,NaN
1072,5858.52,1480.85,0,0,0.0000
1073,5981.27,1548.10,NaN,NaN,NaN
1074,6229.50,1371.09,0,0,0.0000
1075,6055.89,1456.78,NaN,NaN,NaN
1076,5512.93,913.65,NaN,NaN,NaN
1077,5900.54,1416.51,NaN,NaN,NaN
1078,6024.18,1270.98,2,6,3.0000
1079,6004.80,1093.76,NaN,NaN,NaN
1080,6036.78,1167.78,NaN,NaN,NaN
1081,6236.03,1641.60,3,2,0.0000
1082,5956.27,1250.87,4,3,0.0000
1083,6139.39,1524.27,0,0,0.0000
1084,6256.59,1441.79,2,9,4.5000
1085,6048.62,1338.94,2,3,0.0000
1086,6175.60,1247.23,0,0,0.0000
1087,5965.28,1352.74,NaN,NaN,NaN
1088,5910.81,1473.90,NaN,NaN,NaN
1089,5519.66,990.98,2,2,0.0000
1090,5922.93,1502.16,NaN,NaN,NaN
1091,6182.98,1415.83,0,0,0.0000
1092,6199.80,1656.98,NaN,NaN,NaN
1093,6099.12,1001.25,NaN,NaN,NaN
1094,6389.60,1284.38,2,1,0.0000
1095,6674.09,1200.31,3,8,2.6667
1096,7011.81,1424.53,2,3,0.0000
1097,6494.84,1020.52,0,0,0.0000
1098,6412.79,1040.44,0,0,0.0000
1099,6488.16,1288.58,NaN,NaN,NaN
1100,6530.65,1575.46,2,1,0.0000
1101,6531.25,897.64,NaN,NaN,NaN
1102,6909.05,1168.43,NaN,NaN,NaN
1103,6720.12,1337.39,NaN,NaN,NaN
1104,6506.64,1126.55,0,0,0.0000
1105,6909.02,1234.62,NaN,NaN,NaN
1106,6301.77,1366.64,0,0,0.0000
1107,6390.00,1127.10,0,0,0.0000
1108,6778.19,1260.56,2,3,0.0000
1109,6566.93,1206.16,NaN,NaN,NaN
1110,6983.07,1230.02,2,6,3.0000
1111,6869.24,1112.02,NaN,NaN,NaN
1112,6723.50,1094.46,3,5,0.0000
1113,6789.20,1395.61,NaN,NaN,NaN
1114,6863.02,1610.16,2,4,2.0000
1115,6718.23,1468.99,NaN,NaN,NaN
1116,6907.26,1400.91,0,0,0.0000
1117,6445.52,1195.77,2,1,0.0000
1118,6310.27,1251.25,NaN,NaN,NaN
1119,6772.86,1170.52,NaN,NaN,NaN
1120,6656.48,1651.92,NaN,NaN,NaN
1121,7016.18,1337.61,NaN,NaN,NaN
1122,6589.84,1285.83,3,4,0.0000
1123,6727.66,1410.87,NaN,NaN,NaN
1124,6668.69,1402.64,NaN,NaN,NaN
1125,6608.80,932.86,2,5,2.5000
1126,6772.44,1535.08,NaN,NaN,NaN
1127,7023.53,1192.51,0,0,0.0000
1128,6454.63,924.52,3,6,2.0000
1129,6876.73,1502.42,2,7,3.5000
1130,6664.28,1557.87,NaN,NaN,NaN
1131,6615.77,1512.17,2,1,0.0000
1132,6801.61,1039.17,0,0,0.0000
1133,6699.67,1035.63,NaN,NaN,NaN
1134,6714.44,1525.80,NaN,NaN,NaN
1135,6580.96,1034.27,NaN,NaN,NaN
1136,6701.18,992.80,3,6,2.0000
1137,6691.08,1598.03,3,5,0.0000
1138,6830.35,1535.62,2,8,4.0000
1139,6741.42,937.23,2,3,0.0000
1140,6633.55,1367.05,NaN,NaN,NaN
1141,6584.69,1403.47,NaN,NaN,NaN
1142,6612.37,1576.44,2,1,0.0000
1143,6785.37,1219.03,NaN,NaN,NaN
1144,6923.68,1307.99,NaN,NaN,NaN
1145,6822.03,1465.97,NaN,NaN,NaN
1146,6988.76,1051.71,NaN,NaN,NaN
1147,7031.32,1613.26,2,4,2.0000
1148,6941.87,1602.18,NaN,NaN,NaN
1149,7006.40,1655.76,NaN,NaN,NaN
1150,6498.75,1191.66,NaN,NaN,NaN
1151,6808.52,1631.94,NaN,NaN,NaN
1152,6576.66,1623.16,NaN,NaN,NaN
1153,6861.58,1021.45,NaN,NaN,NaN
1154,6977.77,1556.39,2,2,0.0000
1155,6972.12,1323.45,NaN,NaN,NaN
1156,6377.26,1557.97,0,0,0.0000
1157,6680.61,1274.99,NaN,NaN,NaN
1158,6909.29,1015.95,2,6,3.0000
1159,6291.57,1175.81,0,0,0.0000
1160,6724.72,1650.17,NaN,NaN,NaN
1161,7012.73,1558.75,0,0,0.0000
1162,6869.01,1283.66,0,0,0.0000
1163,6646.93,1075.46,0,0,0.0000
1164,6833.53,1177.59,NaN,NaN,NaN
1165,6560.17,1472.17,NaN,NaN,NaN
1166,6921.92,1492.75,NaN,NaN,NaN
1167,6779.62,968.13,NaN,NaN,NaN
1168,6836.84,1391.48,0,0,0.0000
1169,6760.50,1580.68,NaN,NaN,NaN
1170,6377.14,1480.10,0,0,0.0000
1171,7022.68,1086.28,0,0,0.0000
1172,6948.13,1532.67,2,1,0.0000
1173,6882.23,1442.99,0,0,0.0000
1174,7172.94,1569.05,2,4,2.0000
1175,7129.72,1348.90,NaN,NaN,NaN
1176,7648.85,1308.87,3,3,0.0000
1177,7592.68,1194.66,NaN,NaN,NaN
1178,7590.87,1052.41,2,6,3.0000
1179,7402.18,1390.66,3,8,2.6667
1180,7315.61,1423.81,NaN,NaN,NaN
1181,7622.72,976.68,NaN,NaN,NaN
1182,7308.29,1531.02,NaN,NaN,NaN
1183,7281.13,1056.49,NaN,NaN,NaN
1184,7159.76,1253.54,4,10,2.5000
1185,7415.38,1282.44,NaN,NaN,NaN
1186,7088.29,1151.04,0,0,0.0000
1187,7583.55,1403.12,NaN,NaN,NaN
1188,7143.86,1493.16,2,4,2.0000
1189,7705.93,1521.31,0,0,0.0000
1190,7713.44,990.33,0,0,0.0000
1191,7284.67,1285.33,NaN,NaN,NaN
1192,7598.45,1532.84,0,0,0.0000
1193,7774.36,1589.53,NaN,NaN,NaN
1194,7523.83,1571.94,NaN,NaN,NaN
1195,7545.95,919.36,2,3,0.0000
1196,7731.23,1071.19,0,0,0.0000
1197,7410.01,1605.53,NaN,NaN,NaN
1198,7731.85,1249.80,0,0,0.0000
1199,7220.64,948.91,2,3,0.0000
1200,7220.33,1323.51,NaN,NaN,NaN
1201,7356.22,1198.98,NaN,NaN,NaN
1202,7719.36,910.91,NaN,NaN,NaN
1203,7807.83,932.78,NaN,NaN,NaN
1204,7062.43,1498.94,0,0,0.0000
1205,7665.09,1197.06,NaN,NaN,NaN
1206,7347.71,1120.87,3,3,0.0000
1207,7470.49,1456.66,2,5,2.5000
1208,7170.17,1053.84,NaN,NaN,NaN
1209,7531.74,1090.06,0,0,0.0000
1210,7053.58,1279.92,2,4,2.0000
1211,7702.32,1417.29,0,0,0.0000
1212,7303.44,898.13,NaN,NaN,NaN
1213,7256.76,1136.46,NaN,NaN,NaN
1214,7444.55,1559.41,NaN,NaN,NaN
1215,7490.11,1636.77,NaN,NaN,NaN
1216,7558.83,1644.07,3,6,2.0000
1217,7573.83,1562.90,NaN,NaN,NaN
1218,7761.79,1648.65,NaN,NaN,NaN
1219,7063.36,1052.46,2,1,0.0000
1220,7715.52,1169.19,NaN,NaN,NaN
1221,7438.38,1185.51,0,0,0.0000
1222,7791.69,1115.08,3,5,0.0000
1223,7226.05,1380.93,0,0,0.0000
1224,7770.44,1182.28,3,6,2.0000
1225,7231.48,1255.13,NaN,NaN,NaN
1226,7516.48,1250.48,NaN,NaN,NaN
1227,7678.49,1599.07,0,0,0.0000
1228,7567.37,1299.85,2,2,0.0000
1229,7183.41,1125.32,NaN,NaN,NaN
1230,7071.35,1227.60,2,3,0.0000
1231,7499.96,1298.86,NaN,NaN,NaN
1232,7200.28,1625.76,NaN,NaN,NaN
1233,7466.01,1342.85,NaN,NaN,NaN
1234,7101.60,1111.83,0,0,0.0000
1235,7366.53,911.50,2,3,0.0000
1236,7195.80,1475.58,0,0,0.0000
1237,7294.70,1480.84,0,0,0.0000
1238,7513.97,1374.20,4,4,0.0000
1239,7453.65,919.00,0,0,0.0000
1240,7622.81,916.64,0,0,0.0000
1241,7286.25,987.54,0,0,0.0000
1242,7642.97,1450.24,NaN,NaN,NaN
1243,7227.38,1433.59,0,0,0.0000
1244,7740.16,1447.42,0,0,0.0000
1245,7403.69,908.31,NaN,NaN,NaN
1246,7299.73,1354.42,NaN,NaN,NaN
1247,7263.75,930.44,NaN,NaN,NaN
1248,7191.82,1199.56,NaN,NaN,NaN
1249,7271.83,1229.09,NaN,NaN,NaN
1250,7768.54,1532.02,0,0,0.0000
1251,7539.25,1471.79,NaN,NaN,NaN
1252,7485.66,1203.17,0,0,0.0000
1253,7614.27,1485.46,2,2,0.0000
1254,7781.07,927.40,0,0,0.0000
1255,7661.24,1402.35,0,0,0.0000
1256,7277.22,1199.85,0,0,0.0000
1257,7219.41,1034.07,0,0,0.0000
1258,7748.75,1128.41,0,0,0.0000
1259,7388.79,1472.01,NaN,NaN,NaN
1260,7370.29,1060.72,0,0,0.0000
1261,7518.19,1419.98,NaN,NaN,NaN
1262,7205.26,1161.88,NaN,NaN,NaN
1263,7427.95,1483.40,NaN,NaN,NaN
1264,7454.77,1507.47,NaN,NaN,NaN
1265,7835.92,1337.66,NaN,NaN,NaN
1266,8398.94,904.58,NaN,NaN,NaN
1267,8389.53,1201.81,NaN,NaN,NaN
1268,8509.82,1520.71,0,0,0.0000
1269,8114.01,1575.94,NaN,NaN,NaN
1270,8214.37,1297.00,NaN,NaN,NaN
1271,8310.25,1256.51,2,5,2.5000
1272,8220.98,1154.62,NaN,NaN,NaN
1273,7957.14,1113.09,4,4,0.0000
1274,8434.01,1392.88,NaN,NaN,NaN
1275,7815.66,1045.17,NaN,NaN,NaN
1276,8266.03,1399.79,NaN,NaN,NaN
1277,8196.86,1007.47,0,0,0.0000
1278,8523.09,1012.54,NaN,NaN,NaN
1279,8102.09,953.27,NaN,NaN,NaN
1280,8198.18,1454.05,NaN,NaN,NaN
1281,8473.59,1658.49,0,0,0.0000
1282,8276.56,1021.88,NaN,NaN,NaN
1283,7840.25,909.87,NaN,NaN,NaN
1284,8116.16,1037.92,NaN,NaN,NaN
1285,7970.84,1485.26,NaN,NaN,NaN
1286,8284.47,905.19,NaN,NaN,NaN
1287,8329.73,1563.03,NaN,NaN,NaN
1288,8429.00,1315.64,2,1,0.0000
1289,8017.73,1417.86,NaN,NaN,NaN
1290,8331.72,1043.39,NaN,NaN,NaN
1291,8178.92,1534.39,0,0,0.0000
1292,8435.19,1565.23,NaN,NaN,NaN
1293,7879.33,1616.47,0,0,0.0000
1294,8404.84,1066.84,NaN,NaN,NaN
1295,8158.10,1343.45,NaN,NaN,NaN
1296,7808.29,932.94,NaN,NaN,NaN
1297,8025.27,1037.40,0,0,0.0000
1298,8099.22,1159.09,NaN,NaN,NaN
1299,8526.46,1174.63,0,0,0.0000
1300,8387.37,1586.84,3,6,2.0000
1301,8549.27,1444.37,NaN,NaN,NaN
1302,8081.14,1258.59,NaN,NaN,NaN
1303,8525.48,1113.57,0,0,0.0000
1304,8465.98,1138.71,3,3,0.0000
1305,8004.84,929.59,NaN,NaN,NaN
1306,8500.33,1415.04,0,0,0.0000
1307,8332.18,1418.14,NaN,NaN,NaN
1308,8110.83,1450.70,0,0,0.0000
1309,7903.16,1372.53,NaN,NaN,NaN
1310,8117.20,1353.25,NaN,NaN,NaN
1311,8535.51,1610.29,NaN,NaN,NaN
1312,7936.76,1205.63,NaN,NaN,NaN
1313,7949.57,1262.34,0,0,0.0000
1314,7928.82,1514.34,NaN,NaN,NaN
1315,7839.40,1516.80,NaN,NaN,NaN
1316,7896.21,1274.48,2,4,2.0000
1317,8087.49,1394.24,NaN,NaN,NaN
1318,8157.59,1109.67,NaN,NaN,NaN
1319,8462.67,1048.89,2,4,2.0000
1320,8155.49,1441.96,NaN,NaN,NaN
1321,8404.39,1470.73,0,0,0.0000
1322,7983.95,1321.93,3,8,2.6667
1323,7893.25,1485.30,NaN,NaN,NaN
1324,8140.83,1230.12,0,0,0.0000
1325,8021.85,1301.65,NaN,NaN,NaN
1326,8163.58,1183.34,NaN,NaN,NaN
1327,7960.12,939.57,0,0,0.0000
1328,7845.64,1569.00,NaN,NaN,NaN
1329,8281.15,956.37,NaN,NaN,NaN
1330,8058.88,1313.91,NaN,NaN,NaN
1331,8035.12,1205.60,3,2,0.0000
1332,8363.77,1525.64,2,5,2.5000
1333,8442.37,980.91,NaN,NaN,NaN
1334,7969.81,1572.42,NaN,NaN,NaN
1335,8297.77,1341.71,NaN,NaN,NaN
1336,8089.94,1004.72,3,3,0.0000
1337,8476.94,968.99,0,0,0.0000
1338,8180.44,1639.44,0,0,0.0000
1339,8346.38,1348.56,0,0,0.0000
1340,8485.16,906.84,0,0,0.0000
1341,8394.68,1116.12,0,0,0.0000
1342,8590.65,966.14,NaN,NaN,NaN
1343,9971.01,1544.59,NaN,NaN,NaN
1344,9974.39,1631.13,2,3,0.0000
1345,9911.83,1607.35,0,0,0.0000
1346,10070.61,1597.90,2,4,2.0000
1347,10059.34,1382.10,NaN,NaN,NaN
1348,9659.54,1393.72,NaN,NaN,NaN
1349,10008.19,1468.86,NaN,NaN,NaN
1350,10065.65,1499.29,NaN,NaN,NaN
1351,9693.39,1411.63,4,4,0.0000
1352,10111.53,1331.44,0,0,0.0000
1353,10251.14,1479.75,NaN,NaN,NaN
1354,10282.22,1598.15,0,0,0.0000
1355,10470.67,1576.38,3,3,0.0000
1356,10142.55,1547.14,2,3,0.0000
1357,10334.76,1447.78,0,0,0.0000
1358,10571.34,1437.48,NaN,NaN,NaN
1359,10129.32,1449.99,4,5,0.0000
1360,10240.92,1379.32,0,0,0.0000
1361,10548.87,1539.29,2,3,0.0000
1362,10629.63,1563.72,NaN,NaN,NaN
1363,10368.62,1534.44,0,0,0.0000
1364,10595.81,1509.13,NaN,NaN,NaN
1365,10434.36,1485.60,0,0,0.0000
1366,10474.94,1477.41,2,2,0.0000
1367,10434.07,1320.75,NaN,NaN,NaN
1368,10395.48,1351.49,NaN,NaN,NaN
1369,10423.50,1644.37,0,0,0.0000
1370,10305.27,1303.16,2,2,0.0000
1371,10179.61,1429.32,NaN,NaN,NaN
1372,10558.52,1588.27,NaN,NaN,NaN
1373,10179.95,1663.15,NaN,NaN,NaN
1374,10245.32,1643.00,0,0,0.0000
1375,10241.94,1309.76,0,0,0.0000
1376,10659.77,1639.63,2,7,3.5000
1377,10438.75,1396.21,NaN,NaN,NaN
1378,10250.80,1280.72,NaN,NaN,NaN
1379,10506.09,1652.35,NaN,NaN,NaN
1380,10315.06,1362.10,NaN,NaN,NaN
1381,10173.73,1608.65,NaN,NaN,NaN
1382,10439.38,1366.06,NaN,NaN,NaN
1383,11243.42,900.61,0,0,0.0000
1384,11322.62,1663.17,2,4,2.0000
1385,11196.72,1067.06,2,6,3.0000
1386,11327.66,1071.77,NaN,NaN,NaN
1387,11319.59,1288.53,0,0,0.0000
1388,11188.16,1145.20,NaN,NaN,NaN
1389,11349.23,1009.72,NaN,NaN,NaN
1390,11283.44,1375.94,3,7,2.3333
1391,11339.26,934.83,0,0,0.0000
1392,11200.06,1278.39,NaN,NaN,NaN
1393,11318.28,1158.52,0,0,0.0000
1394,11274.78,1068.21,NaN,NaN,NaN
1395,11045.24,958.28,NaN,NaN,NaN
1396,11168.00,1007.86,0,0,0.0000
1397,11100.56,987.44,4,7,0.0000
1398,11254.74,1309.67,NaN,NaN,NaN
1399,11172.97,924.85,0,0,0.0000
1400,11529.42,993.61,NaN,NaN,NaN
1401,11233.78,1491.39,2,2,0.0000
1402,11353.94,1218.08,0,0,0.0000
1403,11194.63,1627.92,0,0,0.0000
1404,11203.39,1387.03,2,5,2.5000
1405,11108.59,1109.67,NaN,NaN,NaN
1406,11123.68,1056.80,NaN,NaN,NaN
1407,11122.59,1152.04,2,2,0.0000
1408,11139.16,1498.23,3,8,2.6667
1409,11098.45,1492.35,NaN,NaN,NaN
1410,11233.84,1437.97,2,3,0.0000
1411,11117.36,1519.66,NaN,NaN,NaN
1412,12340.14,1524.15,0,0,0.0000
1413,12263.29,1589.74,0,0,0.0000
1414,13031.57,1538.58,NaN,NaN,NaN
1415,12771.19,1419.60,NaN,NaN,NaN
1416,12690.47,1459.76,NaN,NaN,NaN
1417,12577.52,1466.05,NaN,NaN,NaN
1418,13120.89,1629.83,2,2,0.0000
1419,12755.20,1569.78,NaN,NaN,NaN
1420,12537.29,1565.42,NaN,NaN,NaN
1421,12980.66,1473.88,NaN,NaN,NaN
1422,12656.66,1556.64,NaN,NaN,NaN
1423,12896.17,1495.43,2,3,0.0000
1424,12856.80,1345.71,NaN,NaN,NaN
1425,12729.85,1628.89,NaN,NaN,NaN
1426,12924.26,1311.08,0,0,0.0000
1427,12597.03,1523.09,NaN,NaN,NaN
1428,12875.28,1418.98,3,15,5.0000
1429,12917.53,1414.70,NaN,NaN,NaN
1430,13144.19,1528.51,NaN,NaN,NaN
1431,12883.61,1632.38,NaN,NaN,NaN
1432,12653.04,1609.22,0,0,0.0000
1433,13085.21,1479.85,0,0,0.0000
1434,12951.97,1551.24,2,5,2.5000
1435,13115.88,1557.75,NaN,NaN,NaN
1436,12973.64,1647.66,NaN,NaN,NaN
1437,12959.98,1602.17,NaN,NaN,NaN
1438,13201.78,1617.27,NaN,NaN,NaN
1439,13904.46,989.88,NaN,NaN,NaN
1440,13950.26,1062.92,NaN,NaN,NaN
1441,13831.73,913.38,0,0,0.0000
1442,13947.47,994.52,NaN,NaN,NaN
1443,13881.46,1020.28,NaN,NaN,NaN
1444,13929.83,924.71,NaN,NaN,NaN
1445,14618.90,1403.56,0,0,0.0000
1446,14672.39,1251.78,0,0,0.0000
1447,14501.70,1655.04,NaN,NaN,NaN
1448,14230.70,1208.34,3,5,0.0000
1449,14028.76,1066.60,0,0,0.0000
1450,14421.13,1264.10,NaN,NaN,NaN
1451,13989.39,927.70,NaN,NaN,NaN
1452,14374.07,1507.35,NaN,NaN,NaN
1453,14154.94,1020.94,3,2,0.0000
1454,14058.95,927.45,2,2,0.0000
1455,14462.26,1525.14,0,0,0.0000
1456,14325.40,1415.92,NaN,NaN,NaN
1457,14491.81,1342.38,0,0,0.0000
1458,14627.49,1033.69,NaN,NaN,NaN
1459,14485.37,1466.55,2,5,2.5000
1460,14600.25,1572.37,NaN,NaN,NaN
1461,14403.55,1363.78,NaN,NaN,NaN
1462,14330.90,1301.93,2,3,0.0000
1463,14543.25,1155.06,NaN,NaN,NaN
1464,14541.50,1446.41,2,5,2.5000
1465,14549.03,969.05,NaN,NaN,NaN
1466,14544.85,1064.94,0,0,0.0000
1467,14104.33,1184.36,0,0,0.0000
1468,14157.89,1246.60,NaN,NaN,NaN
1469,14248.95,1097.08,NaN,NaN,NaN
1470,14042.78,1185.10,0,0,0.0000
1471,14077.98,1264.13,2,6,3.0000
1472,14490.18,917.89,NaN,NaN,NaN
1473,14234.23,1325.93,0,0,0.0000
1474,14445.93,1031.06,NaN,NaN,NaN
1475,14615.11,1155.77,0,0,0.0000
1476,14305.40,1129.56,0,0,0.0000
1477,14669.58,1520.08,NaN,NaN,NaN
1478,14562.01,1264.81,3,6,2.0000
1479,14156.44,1177.76,0,0,0.0000
1480,14669.06,1600.08,0,0,0.0000
1481,14481.59,1096.83,0,0,0.0000
1482,14182.95,1370.18,NaN,NaN,NaN
1483,14283.15,1053.64,0,0,0.0000
1484,14457.98,1162.25,NaN,NaN,NaN
1485,14536.05,1213.78,NaN,NaN,NaN
1486,14408.11,1194.17,NaN,NaN,NaN
1487,14006.84,1208.99,0,0,0.0000
1488,14594.27,1661.31,0,0,0.0000
1489,14361.95,1148.83,NaN,NaN,NaN
1490,14642.24,1103.78,2,1,0.0000
1491,14173.13,1300.67,0,0,0.0000
1492,14864.89,1514.21,NaN,NaN,NaN
1493,15351.41,1581.23,NaN,NaN,NaN
1494,15316.49,1464.57,0,0,0.0000
1495,15166.35,1621.23,2,5,2.5000
1496,15108.79,1430.29,NaN,NaN,NaN
1497,15383.13,1321.86,NaN,NaN,NaN
1498,14978.01,1638.68,0,0,0.0000
1499,15004.01,1008.17,NaN,NaN,NaN
1500,15192.42,1198.65,NaN,NaN,NaN
1501,14748.28,1587.96,0,0,0.0000
1502,14727.59,1393.42,NaN,NaN,NaN
1503,15469.82,1587.18,3,7,2.3333
1504,15321.49,1363.10,NaN,NaN,NaN
1505,15187.54,1514.92,NaN,NaN,NaN
1506,15447.63,950.59,2,6,3.0000
1507,15347.95,955.33,0,0,0.0000
1508,15408.83,1249.52,4,5,0.0000
1509,14999.89,1120.09,3,4,0.0000
1510,15283.20,1155.50,0,0,0.0000
1511,15267.52,967.43,NaN,NaN,NaN
1512,15247.90,1058.50,NaN,NaN,NaN
1513,15145.10,1089.32,2,6,3.0000
1514,15115.82,1263.59,0,0,0.0000
1515,15226.08,1373.35,NaN,NaN,NaN
1516,15023.70,1542.86,0,0,0.0000
1517,15155.57,943.53,NaN,NaN,NaN
1518,15190.33,1415.54,NaN,NaN,NaN
1519,15401.68,1203.06,NaN,NaN,NaN
1520,15092.58,1548.35,NaN,NaN,NaN
1521,15048.92,906.89,NaN,NaN,NaN
1522,15315.30,1230.87,0,0,0.0000
1523,15103.11,1162.12,3,5,0.0000
1524,15260.46,1599.70,NaN,NaN,NaN
1525,15443.84,1489.43,0,0,0.0000
1526,14912.49,1573.93,2,3,0.0000
1527,15037.15,1184.59,2,6,3.0000
1528,15457.25,1166.79,NaN,NaN,NaN
1529,15463.72,1403.76,0,0,0.0000
1530,14752.15,1485.48,0,0,0.0000
1531,15384.28,1646.50,NaN,NaN,NaN
1532,15098.85,960.66,NaN,NaN,NaN
1533,14929.43,933.64,NaN,NaN,NaN
1534,15303.10,1067.07,0,0,0.0000
1535,15000.83,1480.56,0,0,0.0000
1536,15041.60,1602.32,0,0,0.0000
1537,15475.32,1268.15,0,0,0.0000
1538,15065.33,1054.28,NaN,NaN,NaN
1539,15422.70,1061.94,0,0,0.0000
1540,15282.30,896.43,NaN,NaN,NaN
1541,15463.61,1092.89,0,0,0.0000
1542,15429.14,1385.69,NaN,NaN,NaN
1543,14793.59,1367.04,0,0,0.0000
1544,15137.01,1015.61,NaN,NaN,NaN
1545,15212.16,1039.79,2,6,3.0000
1546,15387.72,1114.26,NaN,NaN,NaN
1547,15087.19,1064.69,NaN,NaN,NaN
1548,15401.09,902.80,0,0,0.0000
1549,15292.84,1207.46,0,0,0.0000
1550,15072.69,956.72,0,0,0.0000
1551,15916.27,1380.95,NaN,NaN,NaN
1552,16013.13,1067.84,2,3,0.0000
1553,15955.28,1614.82,2,3,0.0000
1554,16128.32,1613.59,NaN,NaN,NaN
1555,15557.94,1459.88,0,0,0.0000
1556,15825.81,1244.08,NaN,NaN,NaN
1557,15555.60,1264.05,4,8,2.0000
1558,15768.62,1634.72,NaN,NaN,NaN
1559,15702.76,1155.10,0,0,0.0000
1560,16233.45,1382.08,NaN,NaN,NaN
1561,15607.47,1111.20,3,5,0.0000
1562,15719.71,1365.24,NaN,NaN,NaN
1563,16099.15,1464.54,3,5,0.0000
1564,15658.62,901.66,NaN,NaN,NaN
1565,15774.69,907.23,0,0,0.0000
1566,15860.77,1568.37,NaN,NaN,NaN
1567,16232.06,1660.25,NaN,NaN,NaN
1568,16113.83,1243.79,NaN,NaN,NaN
1569,15743.57,1500.32,3,5,0.0000
1570,15986.80,1494.16,0,0,0.0000
1571,16212.68,1529.46,3,4,0.0000
1572,16300.45,1467.44,0,0,0.0000
1573,16298.71,1622.84,NaN,NaN,NaN
1574,15636.84,1406.55,0,0,0.0000
1575,15549.85,932.03,NaN,NaN,NaN
1576,15743.52,1065.85,2,3,0.0000
1577,16267.38,1497.78,NaN,NaN,NaN
1578,15843.62,1489.88,0,0,0.0000
1579,15972.74,954.53,NaN,NaN,NaN
1580,15852.10,917.68,NaN,NaN,NaN
1581,15878.61,1087.52,NaN,NaN,NaN
1582,15575.51,919.81,NaN,NaN,NaN
1583,16163.72,1380.70,2,1,0.0000
1584,16071.95,1048.19,NaN,NaN,NaN
1585,15693.60,1018.21,NaN,NaN,NaN
1586,15540.00,1071.93,0,0,0.0000
1587,16163.79,1124.58,0,0,0.0000
1588,15784.56,1274.57,2,5,2.5000
1589,15580.16,1544.37,0,0,0.0000
1590,16037.66,1541.49,NaN,NaN,NaN
1591,15950.76,1201.95,0,0,0.0000
1592,15578.54,1033.49,NaN,NaN,NaN
1593,16045.50,1311.53,NaN,NaN,NaN
1594,15512.64,974.34,NaN,NaN,NaN
1595,16157.13,1195.12,2,2,0.0000
1596,15902.20,1203.26,NaN,NaN,NaN
1597,16129.68,1140.55,NaN,NaN,NaN
1598,15796.91,1041.65,NaN,NaN,NaN
1599,16362.10,1618.68,NaN,NaN,NaN
1600,16208.77,1583.71,5,10,2.0000
1601,15910.09,1489.99,0,0,0.0000
1602,15759.10,997.33,3,6,2.0000
1603,15795.83,1544.88,0,0,0.0000
1604,15660.10,1033.15,0,0,0.0000
1605,16158.19,1307.80,0,0,0.0000
1606,15924.92,1131.33,0,0,0.0000
1607,15838.94,1035.06,0,0,0.0000
1608,15544.71,1572.47,0,0,0.0000
1609,15935.19,1050.29,3,4,0.0000
1610,16070.49,1395.60,NaN,NaN,NaN
1611,15971.20,1245.45,0,0,0.0000
1612,16001.68,1345.64,2,5,2.5000
1613,15521.85,1157.27,0,0,0.0000
1614,16077.81,1536.40,2,7,3.5000
1615,15864.86,1143.09,NaN,NaN,NaN
1616,15772.56,1431.32,2,4,2.0000
1617,15887.52,1022.72,0,0,0.0000
1618,16118.42,1051.81,0,0,0.0000
1619,15690.47,1522.59,NaN,NaN,NaN
1620,16261.40,1573.96,2,2,0.0000
1621,15781.84,1131.71,4,5,0.0000
1622,15975.99,978.17,NaN,NaN,NaN
1623,16233.25,1250.30,0,0,0.0000
1624,15714.93,1615.98,2,3,0.0000
1625,15981.15,968.04,NaN,NaN,NaN
1626,15830.85,1652.95,NaN,NaN,NaN
1627,15866.41,976.74,3,6,2.0000
1628,15982.64,982.87,0,0,0.0000
1629,15974.31,983.81,NaN,NaN,NaN
1630,15979.22,982.20,NaN,NaN,NaN
1631,558.14,1991.27,NaN,NaN,NaN
1632,685.28,2033.45,NaN,NaN,NaN
1633,848.63,2232.76,3,7,2.3333
1634,662.54,1804.12,NaN,NaN,NaN
1635,735.40,2251.49,0,0,0.0000
1636,407.83,1877.33,3,4,0.0000
1637,447.47,1756.61,NaN,NaN,NaN
1638,790.32,1729.44,0,0,0.0000
1639,683.12,2118.58,NaN,NaN,NaN
1640,456.69,1995.18,NaN,NaN,NaN
1641,884.27,1787.67,NaN,NaN,NaN
1642,499.45,1673.01,NaN,NaN,NaN
1643,592.37,1862.36,2,1,0.0000
1644,555.96,1675.28,NaN,NaN,NaN
1645,812.87,1985.21,2,3,0.0000
1646,353.31,1767.86,NaN,NaN,NaN
1647,869.98,2077.74,3,2,0.0000
1648,617.35,1724.75,4,6,0.0000
1649,21.84,1758.29,NaN,NaN,NaN
1650,699.66,1943.07,2,2,0.0000
1651,847.58,2306.69,NaN,NaN,NaN
1652,485.14,2110.66,NaN,NaN,NaN
1653,737.64,2147.15,3,4,0.0000
1654,506.45,1937.44,2,3,0.0000
1655,398.59,1678.84,NaN,NaN,NaN
1656,631.53,1961.83,NaN,NaN,NaN
1657,757.50,2014.89,NaN,NaN,NaN
1658,821.92,2122.97,2,4,2.0000
1659,375.26,1822.72,NaN,NaN,NaN
1660,687.78,1696.08,3,3,0.0000
1661,792.56,2162.60,NaN,NaN,NaN
1662,436.76,1919.18,NaN,NaN,NaN
1663,485.52,2052.20,NaN,NaN,NaN
1664,841.99,1694.67,0,0,0.0000
1665,392.77,1969.52,0,0,0.0000
1666,335.55,1687.82,NaN,NaN,NaN
1667,45.90,1704.76,NaN,NaN,NaN
1668,343.44,1864.38,0,0,0.0000
1669,329.48,1836.40,NaN,NaN,NaN
1670,573.45,1785.80,0,0,0.0000
1671,856.18,2160.16,NaN,NaN,NaN
1672,711.58,1870.31,2,2,0.0000
1673,682.72,1898.91,NaN,NaN,NaN
1674,1035.10,2287.18,NaN,NaN,NaN
1675,930.59,2186.66,2,1,0.0000
1676,1034.38,1802.76,NaN,NaN,NaN
1677,1063.85,2128.31,2,6,3.0000
1678,1000.35,1701.37,0,0,0.0000
1679,1069.46,2203.93,NaN,NaN,NaN
1680,1171.07,2193.00,NaN,NaN,NaN
1681,1154.00,2128.89,2,3,0.0000
1682,944.57,1746.75,NaN,NaN,NaN
1683,1004.55,2333.54,2,3,0.0000
1684,1098.53,2088.85,NaN,NaN,NaN
1685,921.97,2334.88,NaN,NaN,NaN
1686,1646.43,1703.45,2,3,0.0000
1687,1164.18,2032.81,NaN,NaN,NaN
1688,915.72,2268.82,3,2,0.0000
1689,920.05,1670.88,NaN,NaN,NaN
1690,1181.70,2274.01,NaN,NaN,NaN
1691,1061.59,2007.95,NaN,NaN,NaN
1692,1587.63,1686.63,NaN,NaN,NaN
1693,1201.68,2134.47,NaN,NaN,NaN
1694,1217.66,2009.62,NaN,NaN,NaN
1695,1145.04,2235.31,3,7,2.3333
1696,1002.34,2137.59,4,4,0.0000
1697,939.97,2125.33,2,5,2.5000
1698,1019.00,2059.97,4,4,0.0000
1699,2264.21,2281.92,NaN,NaN,NaN
1700,2355.10,2397.07,NaN,NaN,NaN
1701,2168.27,2166.75,4,3,0.0000
1702,2422.76,2347.39,2,6,3.0000
1703,2344.95,2238.73,0,0,0.0000
1704,2220.37,2360.53,NaN,NaN,NaN
1705,2334.60,2166.87,0,0,0.0000
1706,2167.05,2079.06,NaN,NaN,NaN
1707,2266.11,2014.56,0,0,0.0000
1708,2101.63,2304.75,NaN,NaN,NaN
1709,2132.86,1685.29,NaN,NaN,NaN
1710,2244.85,2140.99,NaN,NaN,NaN
1711,2294.28,2106.49,0,0,0.0000
1712,2123.21,2211.06,NaN,NaN,NaN
1713,2064.50,2246.29,2,6,3.0000
1714,1895.91,1689.41,3,4,0.0000
1715,1885.88,1763.67,3,1,0.0000
1716,2284.14,2417.83,0,0,0.0000
1717,1971.59,1683.03,NaN,NaN,NaN
1718,2069.89,1738.29,3,4,0.0000
1719,2076.25,2185.81,2,8,4.0000
1720,2150.33,1747.12,0,0,0.0000
1721,2184.56,1681.23,3,3,0.0000
1722,1943.11,1725.43,3,2,0.0000
1723,2155.42,2265.01,0,0,0.0000
1724,2415.63,2408.45,NaN,NaN,NaN
1725,2239.44,2421.15,0,0,0.0000
1726,1883.57,1853.37,NaN,NaN,NaN
1727,2528.79,2416.67,0,0,0.0000
1728,2631.68,1870.91,6,8,0.0000
1729,2559.62,1792.86,NaN,NaN,NaN
1730,2874.82,2116.37,NaN,NaN,NaN
1731,2841.40,1942.73,NaN,NaN,NaN
1732,2863.26,2051.62,2,2,0.0000
1733,2791.64,2193.70,NaN,NaN,NaN
1734,2894.79,2216.12,NaN,NaN,NaN
1735,2945.36,2079.75,NaN,NaN,NaN
1736,2665.27,1802.24,NaN,NaN,NaN
1737,2843.44,1848.91,2,2,0.0000
1738,2882.55,1973.34,2,3,0.0000
1739,2556.29,1841.83,2,2,0.0000
1740,2760.51,2118.31,0,0,0.0000
1741,2771.64,1951.20,NaN,NaN,NaN
1742,3009.27,2381.77,NaN,NaN,NaN
1743,2765.79,1866.56,NaN,NaN,NaN
1744,2692.47,1927.49,NaN,NaN,NaN
1745,2704.30,1855.52,0,0,0.0000
1746,2678.57,1965.98,NaN,NaN,NaN
1747,2810.30,1877.01,NaN,NaN,NaN
1748,2952.39,2342.78,NaN,NaN,NaN
1749,2486.00,2322.50,NaN,NaN,NaN
1750,3000.04,2231.69,NaN,NaN,NaN
1751,2722.82,1798.58,0,0,0.0000
1752,3835.89,2045.80,NaN,NaN,NaN
1753,3509.41,1727.95,6,7,0.0000
1754,3913.41,2117.00,NaN,NaN,NaN
1755,3732.85,2223.35,0,0,0.0000
1756,3898.39,1881.30,NaN,NaN,NaN
1757,3444.67,1918.01,NaN,NaN,NaN
1758,3721.60,1794.18,NaN,NaN,NaN
1759,3698.92,2003.93,NaN,NaN,NaN
1760,3661.16,2144.62,0,0,0.0000
1761,3481.76,1978.48,NaN,NaN,NaN
1762,3671.41,2068.30,NaN,NaN,NaN
1763,3840.45,1912.86,0,0,0.0000
1764,3874.65,1740.59,NaN,NaN,NaN
1765,3881.18,1696.68,NaN,NaN,NaN
1766,3918.83,2222.60,0,0,0.0000
1767,3719.81,2110.37,0,0,0.0000
1768,3669.18,1823.19,NaN,NaN,NaN
1769,3630.50,2100.95,NaN,NaN,NaN
1770,3226.33,1822.71,NaN,NaN,NaN
1771,3433.18,1781.14,NaN,NaN,NaN
1772,3715.05,1883.15,NaN,NaN,NaN
1773,3894.32,2379.29,0,0,0.0000
1774,3763.18,1918.83,3,2,0.0000
1775,3768.45,2102.39,2,3,0.0000
1776,3763.73,1667.90,NaN,NaN,NaN
1777,3836.19,2306.02,NaN,NaN,NaN
1778,3361.63,1750.35,NaN,NaN,NaN
1779,3353.85,1817.87,NaN,NaN,NaN
1780,3358.27,1693.23,NaN,NaN,NaN
1781,3877.93,2329.60,NaN,NaN,NaN
1782,3720.44,1945.27,2,2,0.0000
1783,3810.32,1951.60,0,0,0.0000
1784,3820.48,1864.12,2,4,2.0000
1785,3326.11,1670.87,NaN,NaN,NaN
1786,3444.97,1976.52,NaN,NaN,NaN
1787,3418.79,1717.94,NaN,NaN,NaN
1788,3850.75,1822.71,2,5,2.5000
1789,3922.40,2304.93,0,0,0.0000
1790,3314.89,1770.13,NaN,NaN,NaN
1791,3608.40,1714.72,0,0,0.0000
1792,3698.60,1689.05,0,0,0.0000
1793,3370.18,1793.12,NaN,NaN,NaN
1794,3826.43,1728.97,2,4,2.0000
1795,3615.11,1968.22,3,6,2.0000
1796,3787.18,1849.95,0,0,0.0000
1797,3889.96,2256.80,NaN,NaN,NaN
1798,4499.28,2161.57,NaN,NaN,NaN
1799,4027.91,2090.66,NaN,NaN,NaN
1800,3971.86,1714.20,NaN,NaN,NaN
1801,3984.16,2160.99,2,1,0.0000
1802,3971.31,1988.58,NaN,NaN,NaN
1803,4457.32,2307.28,NaN,NaN,NaN
1804,4586.64,2208.27,NaN,NaN,NaN
1805,4135.48,2111.92,3,5,0.0000
1806,4259.20,2430.80,NaN,NaN,NaN
1807,4087.63,2021.54,0,0,0.0000
1808,4114.21,2353.04,NaN,NaN,NaN
1809,4360.56,2263.41,0,0,0.0000
1810,4139.35,2201.08,2,4,2.0000
1811,4588.52,2302.61,0,0,0.0000
1812,4197.56,2342.75,4,5,0.0000
1813,4360.66,2154.85,NaN,NaN,NaN
1814,4025.58,2234.75,NaN,NaN,NaN
1815,4000.07,2395.60,0,0,0.0000
1816,4075.86,2212.09,NaN,NaN,NaN
1817,4348.67,2330.34,0,0,0.0000
1818,4637.04,2254.08,3,6,2.0000
1819,4694.27,2349.77,NaN,NaN,NaN
1820,4128.13,2159.32,NaN,NaN,NaN
1821,4090.11,1820.09,2,4,2.0000
1822,4703.17,2231.87,0,0,0.0000
1823,4547.76,2246.83,0,0,0.0000
1824,4165.28,1913.02,NaN,NaN,NaN
1825,4386.35,2316.62,0,0,0.0000
1826,3994.58,1674.46,NaN,NaN,NaN
1827,4277.14,2173.34,NaN,NaN,NaN
1828,4442.57,2398.16,NaN,NaN,NaN
1829,4277.04,2226.44,NaN,NaN,NaN
1830,4006.91,2335.72,NaN,NaN,NaN
1831,4107.46,2278.33,3,7,2.3333
1832,4366.99,2401.80,NaN,NaN,NaN
1833,4419.62,2244.76,0,0,0.0000
1834,3975.74,2237.00,0,0,0.0000
1835,4410.93,2425.51,NaN,NaN,NaN
1836,4045.13,2381.56,NaN,NaN,NaN
1837,4508.93,2284.62,3,4,0.0000
1838,4246.36,2275.99,2,5,2.5000
1839,3977.37,2278.92,NaN,NaN,NaN
1840,4177.28,2403.47,NaN,NaN,NaN
1841,4629.73,2290.45,NaN,NaN,NaN
1842,5441.97,1766.85,NaN,NaN,NaN
1843,5198.32,1718.78,2,2,0.0000
1844,5024.84,1695.38,3,6,2.0000
1845,5112.61,1745.37,2,4,2.0000
1846,5356.85,1756.82,3,7,2.3333
1847,4938.00,2370.74,NaN,NaN,NaN
1848,5156.35,1861.37,NaN,NaN,NaN
1849,5449.76,2009.05,NaN,NaN,NaN
1850,5334.74,1849.06,NaN,NaN,NaN
1851,5501.31,1944.05,NaN,NaN,NaN
1852,5426.70,1867.07,NaN,NaN,NaN
1853,5490.13,2387.71,0,0,0.0000
1854,5107.04,1860.22,NaN,NaN,NaN
1855,5463.92,1900.32,0,0,0.0000
1856,5207.52,1831.03,NaN,NaN,NaN
1857,5400.86,1668.19,3,6,2.0000
1858,5065.06,1851.50,NaN,NaN,NaN
1859,5083.66,1782.28,NaN,NaN,NaN
1860,5034.59,1787.94,NaN,NaN,NaN
1861,5161.38,1805.72,0,0,0.0000
1862,5340.98,2417.41,0,0,0.0000
1863,5909.79,2171.49,NaN,NaN,NaN
1864,5657.06,2035.97,NaN,NaN,NaN
1865,5567.90,2241.31,2,6,3.0000
1866,6237.91,2275.40,2,1,0.0000
1867,5844.90,1812.37,2,5,2.5000
1868,5876.20,1885.75,NaN,NaN,NaN
1869,5655.50,2400.75,NaN,NaN,NaN
1870,5998.01,2296.51,NaN,NaN,NaN
1871,6033.72,1932.88,NaN,NaN,NaN
1872,6128.04,1977.72,3,6,2.0000
1873,6172.28,2363.07,NaN,NaN,NaN
1874,6088.93,1715.76,2,8,4.0000
1875,6151.37,2205.00,3,5,0.0000
1876,5585.97,1848.10,NaN,NaN,NaN
1877,6202.43,2152.85,2,3,0.0000
1878,5758.50,2164.35,2,2,0.0000
1879,5804.12,2306.24,NaN,NaN,NaN
1880,5781.15,1897.16,NaN,NaN,NaN
1881,5656.68,2101.19,NaN,NaN,NaN
1882,6007.55,1997.88,NaN,NaN,NaN
1883,5785.49,2036.23,NaN,NaN,NaN
1884,6115.51,2089.26,0,0,0.0000
1885,6011.24,1825.67,NaN,NaN,NaN
1886,5867.76,1727.49,NaN,NaN,NaN
1887,5524.05,2096.74,2,2,0.0000
1888,5707.31,1960.45,NaN,NaN,NaN
1889,5722.20,1875.12,0,0,0.0000
1890,6165.40,1765.94,3,6,2.0000
1891,5755.60,1666.57,NaN,NaN,NaN
1892,6084.10,1783.44,3,4,0.0000
1893,6045.94,2068.51,4,9,2.2500
1894,6068.95,2146.65,NaN,NaN,NaN
1895,6028.21,2430.11,2,3,0.0000
1896,6091.16,2422.20,2,6,3.0000
1897,6088.59,1887.84,0,0,0.0000
1898,6216.33,1981.83,NaN,NaN,NaN
1899,6205.22,1925.34,2,2,0.0000
1900,5701.89,2179.15,NaN,NaN,NaN
1901,5548.88,1986.87,NaN,NaN,NaN
1902,5661.36,2205.49,NaN,NaN,NaN
1903,6253.33,1862.73,NaN,NaN,NaN
1904,5604.06,2170.19,2,3,0.0000
1905,5715.40,2266.77,NaN,NaN,NaN
1906,6241.97,1717.56,2,3,0.0000
1907,5635.07,1922.33,NaN,NaN,NaN
1908,5550.80,2166.20,NaN,NaN,NaN
1909,5654.12,2289.55,NaN,NaN,NaN
1910,5945.45,1929.10,0,0,0.0000
1911,5679.09,1923.73,NaN,NaN,NaN
1912,5521.67,1781.93,0,0,0.0000
1913,5922.27,2387.05,0,0,0.0000
1914,5985.47,2170.25,0,0,0.0000
1915,6042.04,2374.11,NaN,NaN,NaN
1916,5968.85,1751.33,NaN,NaN,NaN
1917,6166.85,1683.41,0,0,0.0000
1918,6095.31,2329.05,NaN,NaN,NaN
1919,6139.90,1872.56,NaN,NaN,NaN
1920,5838.77,2240.47,0,0,0.0000
1921,6172.36,1863.19,2,4,2.0000
1922,5817.18,2103.36,NaN,NaN,NaN
1923,5884.36,2405.38,0,0,0.0000
1924,5765.01,1781.48,0,0,0.0000
1925,5905.14,1997.18,0,0,0.0000
1926,5949.17,2368.60,0,0,0.0000
1927,5746.66,2326.70,0,0,0.0000
1928,5839.07,2020.22,NaN,NaN,NaN
1929,6008.59,2221.74,0,0,0.0000
1930,5828.37,2146.97,0,0,0.0000
1931,5828.29,1952.65,0,0,0.0000
1932,5990.59,2114.80,NaN,NaN,NaN
1933,5815.12,1729.55,NaN,NaN,NaN
1934,6202.48,1849.08,0,0,0.0000
1935,5955.08,1858.23,0,0,0.0000
1936,5941.34,2070.64,0,0,0.0000
1937,6113.98,2270.88,0,0,0.0000
1938,6880.56,2306.65,NaN,NaN,NaN
1939,6793.27,1873.17,2,6,3.0000
1940,6659.83,2027.62,0,0,0.0000
1941,6905.55,1933.34,3,6,2.0000
1942,6923.31,1744.86,2,6,3.0000
1943,6957.41,1971.06,2,3,0.0000
1944,6738.65,2066.77,2,4,2.0000
1945,6954.89,2393.26,NaN,NaN,NaN
1946,6538.51,2252.75,0,0,0.0000
1947,6282.98,2003.27,NaN,NaN,NaN
1948,6848.74,2141.89,NaN,NaN,NaN
1949,7003.62,2218.81,0,0,0.0000
1950,6315.25,2212.22,0,0,0.0000
1951,6990.70,1809.39,NaN,NaN,NaN
1952,6865.30,2035.07,NaN,NaN,NaN
1953,6704.47,2360.25,NaN,NaN,NaN
1954,6898.18,2182.94,3,5,0.0000
1955,7038.69,1736.76,NaN,NaN,NaN
1956,7013.93,1857.88,0,0,0.0000
1957,6783.50,1679.81,NaN,NaN,NaN
1958,6976.88,2050.23,0,0,0.0000
1959,7023.24,2420.31,0,0,0.0000
1960,6747.30,1984.65,0,0,0.0000
1961,6770.28,2293.47,2,5,2.5000
1962,6790.50,2118.59,NaN,NaN,NaN
1963,7012.11,1948.29,NaN,NaN,NaN
1964,6716.38,1887.64,NaN,NaN,NaN
1965,6799.15,2225.79,0,0,0.0000
1966,6945.25,1673.50,2,4,2.0000
1967,6857.96,1736.80,0,0,0.0000
1968,6807.59,2061.00,0,0,0.0000
1969,6925.45,2099.07,0,0,0.0000
1970,6802.96,1958.31,NaN,NaN,NaN
1971,7002.01,2128.67,0,0,0.0000
1972,6725.14,1930.42,0,0,0.0000
1973,7002.45,2014.15,0,0,0.0000
1974,7031.87,2018.42,NaN,NaN,NaN
1975,6725.26,1691.22,NaN,NaN,NaN
1976,6290.99,1916.01,0,0,0.0000
1977,7609.01,1927.34,2,4,2.0000
1978,7189.65,2270.72,3,8,2.6667
1979,7315.43,2222.45,2,1,0.0000
1980,7118.49,2055.83,0,0,0.0000
1981,7377.33,1676.36,NaN,NaN,NaN
1982,7539.59,2194.67,NaN,NaN,NaN
1983,7269.51,2378.16,NaN,NaN,NaN
1984,7148.84,1939.98,NaN,NaN,NaN
1985,7229.48,1702.04,0,0,0.0000
1986,7444.25,2365.05,6,8,0.0000
1987,7744.88,1810.98,2,4,2.0000
1988,7320.73,1905.30,2,4,2.0000
1989,7418.59,2216.77,NaN,NaN,NaN
1990,7187.59,2145.98,0,0,0.0000
1991,7243.25,2424.27,0,0,0.0000
1992,7614.57,1733.24,NaN,NaN,NaN
1993,7658.49,2208.14,0,0,0.0000
1994,7775.22,1708.98,2,4,2.0000
1995,7043.23,2263.83,NaN,NaN,NaN
1996,7505.79,2045.41,0,0,0.0000
1997,7100.12,1796.42,3,7,2.3333
1998,7653.33,2037.84,0,0,0.0000
1999,7673.57,2398.94,2,7,3.5000
2000,7369.83,2000.97,NaN,NaN,NaN
2001,7516.56,1716.05,0,0,0.0000
2002,7467.22,2173.35,2,4,2.0000
2003,7093.50,2292.93,NaN,NaN,NaN
2004,7079.63,2360.96,NaN,NaN,NaN
2005,7792.62,2297.23,0,0,0.0000
2006,7235.27,1776.64,NaN,NaN,NaN
2007,7712.26,1718.55,NaN,NaN,NaN
2008,7628.89,2155.41,0,0,0.0000
2009,7749.14,2250.93,0,0,0.0000
2010,7767.16,2134.88,NaN,NaN,NaN
2011,7672.61,2101.40,0,0,0.0000
2012,7221.20,1956.43,0,0,0.0000
2013,7189.95,1836.01,NaN,NaN,NaN
2014,7527.68,2304.69,3,6,2.0000
2015,7262.70,1935.75,0,0,0.0000
2016,7077.44,1959.26,NaN,NaN,NaN
2017,7299.18,1706.73,NaN,NaN,NaN
2018,7228.60,2100.16,2,5,2.5000
2019,7695.69,2277.30,NaN,NaN,NaN
2020,7317.28,1762.78,NaN,NaN,NaN
2021,7528.93,2381.19,0,0,0.0000
2022,7627.72,2289.81,4,18,4.5000
2023,7216.92,2024.40,NaN,NaN,NaN
2024,7537.48,1757.84,0,0,0.0000
2025,7255.89,1852.09,NaN,NaN,NaN
2026,7093.58,2413.86,0,0,0.0000
2027,7677.25,1725.90,NaN,NaN,NaN
2028,7436.80,2012.61,0,0,0.0000
2029,7067.97,1876.89,4,8,2.0000
2030,7605.07,2365.53,NaN,NaN,NaN
2031,7744.12,1951.84,0,0,0.0000
2032,7438.13,1974.17,0,0,0.0000
2033,7480.75,1983.27,0,0,0.0000
2034,7395.13,1919.11,NaN,NaN,NaN
2035,7513.23,1938.60,NaN,NaN,NaN
2036,7427.52,1931.23,2,4,2.0000
2037,7586.51,2029.79,2,6,3.0000
2038,7474.69,2106.09,NaN,NaN,NaN
2039,7616.14,2409.69,NaN,NaN,NaN
2040,7695.77,2332.37,0,0,0.0000
2041,7362.13,2302.02,NaN,NaN,NaN
2042,7383.80,2038.72,NaN,NaN,NaN
2043,7279.46,1982.22,0,0,0.0000
2044,8013.54,2247.79,NaN,NaN,NaN
2045,8494.66,1774.17,NaN,NaN,NaN
2046,7965.43,2093.55,NaN,NaN,NaN
2047,7847.85,1665.33,2,2,0.0000
2048,7879.99,2198.11,NaN,NaN,NaN
2049,7946.69,1834.63,3,6,2.0000
2050,7936.59,2326.44,3,5,0.0000
2051,7830.36,1880.09,0,0,0.0000
2052,7830.61,2338.73,NaN,NaN,NaN
2053,8499.05,1858.54,NaN,NaN,NaN
2054,8138.65,1707.60,0,0,0.0000
2055,7881.76,2337.66,NaN,NaN,NaN
2056,8027.55,1769.62,NaN,NaN,NaN
2057,7905.62,1722.43,2,4,2.0000
2058,8005.45,1966.07,2,2,0.0000
2059,8341.54,1720.98,0,0,0.0000
2060,8047.25,1890.06,NaN,NaN,NaN
2061,8033.37,1829.73,3,4,0.0000
2062,7933.61,2024.11,2,4,2.0000
2063,7825.88,2100.35,0,0,0.0000
2064,8382.20,1705.01,NaN,NaN,NaN
2065,8034.67,2082.92,NaN,NaN,NaN
2066,8062.70,1965.43,NaN,NaN,NaN
2067,8088.85,1926.62,0,0,0.0000
2068,7830.63,1739.46,2,3,0.0000
2069,7940.69,1679.70,NaN,NaN,NaN
2070,7821.65,2233.45,0,0,0.0000
2071,8605.19,1773.23,NaN,NaN,NaN
2072,9947.59,1895.71,0,0,0.0000
2073,9932.69,2094.60,0,0,0.0000
2074,10081.67,1960.53,NaN,NaN,NaN
2075,9825.24,1847.84,NaN,NaN,NaN
2076,9998.39,1775.39,NaN,NaN,NaN
2077,10046.44,1819.58,NaN,NaN,NaN
2078,10085.01,2067.86,NaN,NaN,NaN
2079,10032.21,1673.62,NaN,NaN,NaN
2080,10072.30,2012.97,NaN,NaN,NaN
2081,10086.30,1870.73,3,3,0.0000
2082,10096.22,1674.77,NaN,NaN,NaN
2083,9846.36,1930.20,NaN,NaN,NaN
2084,10005.77,2031.74,NaN,NaN,NaN
2085,10111.59,2341.98,2,5,2.5000
2086,10098.43,2232.72,NaN,NaN,NaN
2087,10019.08,2110.68,3,4,0.0000
2088,9763.42,1870.66,NaN,NaN,NaN
2089,9913.18,1698.83,0,0,0.0000
2090,9785.91,1984.61,0,0,0.0000
2091,9848.71,2113.32,NaN,NaN,NaN
2092,9885.86,2037.21,0,0,0.0000
2093,9864.60,2073.48,NaN,NaN,NaN
2094,10063.43,2231.61,NaN,NaN,NaN
2095,9846.99,2029.75,0,0,0.0000
2096,10364.35,2141.22,NaN,NaN,NaN
2097,10477.39,2259.29,NaN,NaN,NaN
2098,10466.00,1821.71,0,0,0.0000
2099,10578.08,1805.68,NaN,NaN,NaN
2100,10543.00,2098.02,3,2,0.0000
2101,10296.23,2373.82,2,4,2.0000
2102,10123.01,2129.14,NaN,NaN,NaN
2103,10283.98,1813.45,0,0,0.0000
2104,10155.06,2287.68,NaN,NaN,NaN
2105,10383.15,1849.48,NaN,NaN,NaN
2106,10553.34,2376.47,NaN,NaN,NaN
2107,10162.51,1881.63,NaN,NaN,NaN
2108,10254.18,2010.99,NaN,NaN,NaN
2109,10477.69,2327.14,2,1,0.0000
2110,10769.72,2197.57,NaN,NaN,NaN
2111,10741.85,2106.54,NaN,NaN,NaN
2112,10138.95,2200.56,NaN,NaN,NaN
2113,10376.18,2307.88,NaN,NaN,NaN
2114,10307.88,1924.26,NaN,NaN,NaN
2115,10511.05,2022.31,NaN,NaN,NaN
2116,10451.76,2041.61,2,3,0.0000
2117,10645.93,1973.03,2,3,0.0000
2118,10447.15,2120.78,0,0,0.0000
2119,10656.17,1805.51,NaN,NaN,NaN
2120,10631.89,2427.55,NaN,NaN,NaN
2121,10709.64,2025.91,NaN,NaN,NaN
2122,10701.01,2324.53,NaN,NaN,NaN
2123,10308.34,1727.61,NaN,NaN,NaN
2124,10318.04,2204.30,0,0,0.0000
2125,10166.00,1764.35,NaN,NaN,NaN
2126,10118.89,1718.70,NaN,NaN,NaN
2127,10118.90,2421.05,NaN,NaN,NaN
2128,10539.64,2244.47,NaN,NaN,NaN
2129,10746.43,2395.37,3,5,0.0000
2130,10779.12,1994.17,NaN,NaN,NaN
2131,10189.47,2086.21,NaN,NaN,NaN
2132,10458.73,1709.21,0,0,0.0000
2133,10583.62,1681.21,0,0,0.0000
2134,10652.43,2309.12,0,0,0.0000
2135,10166.18,2366.80,NaN,NaN,NaN
2136,10530.41,1845.65,2,6,3.0000
2137,10387.97,2426.19,NaN,NaN,NaN
2138,10378.55,1718.28,0,0,0.0000
2139,10638.55,1735.42,0,0,0.0000
2140,10216.59,2278.45,3,4,0.0000
2141,10543.31,1958.13,0,0,0.0000
2142,10658.09,1873.67,NaN,NaN,NaN
2143,10274.37,2267.71,0,0,0.0000
2144,10586.19,2036.15,0,0,0.0000
2145,10264.32,2141.67,0,0,0.0000
2146,10317.49,1877.15,NaN,NaN,NaN
2147,10672.23,2132.69,NaN,NaN,NaN
2148,10783.22,2302.34,0,0,0.0000
2149,10237.66,1738.96,NaN,NaN,NaN
2150,10411.49,1764.41,0,0,0.0000
2151,10685.30,2200.35,NaN,NaN,NaN
2152,10711.04,2255.81,5,6,0.0000
2153,10160.12,2036.18,0,0,0.0000
2154,10359.55,2040.50,0,0,0.0000
2155,10757.04,2332.85,0,0,0.0000
2156,10593.85,2313.68,3,4,0.0000
2157,10604.71,2223.87,NaN,NaN,NaN
2158,10309.54,2087.51,2,6,3.0000
2159,10180.05,1949.06,NaN,NaN,NaN
2160,10448.62,1972.28,0,0,0.0000
2161,10510.80,1712.49,NaN,NaN,NaN
2162,10730.32,1943.47,NaN,NaN,NaN
2163,10258.69,2080.09,NaN,NaN,NaN
2164,11174.42,1887.71,NaN,NaN,NaN
2165,11599.55,2375.27,NaN,NaN,NaN
2166,11111.25,1931.90,0,0,0.0000
2167,11125.44,1869.13,0,0,0.0000
2168,11644.88,2350.87,0,0,0.0000
2169,12036.92,2288.81,NaN,NaN,NaN
2170,12286.53,2400.92,0,0,0.0000
2171,12044.80,2186.76,NaN,NaN,NaN
2172,11927.20,2323.72,0,0,0.0000
2173,11787.21,2050.42,NaN,NaN,NaN
2174,12407.14,2351.75,0,0,0.0000
2175,11878.77,2418.91,0,0,0.0000
2176,11781.36,2189.32,NaN,NaN,NaN
2177,11878.11,2215.82,NaN,NaN,NaN
2178,12152.84,2275.04,0,0,0.0000
2179,11894.91,2142.44,NaN,NaN,NaN
2180,12143.86,2429.84,0,0,0.0000
2181,11814.03,2358.73,0,0,0.0000
2182,12173.94,2359.29,0,0,0.0000
2183,12153.67,2101.24,NaN,NaN,NaN
2184,12241.81,2195.80,2,4,2.0000
2185,11958.19,2161.04,0,0,0.0000
2186,12341.14,2319.33,NaN,NaN,NaN
2187,12365.10,2407.62,NaN,NaN,NaN
2188,11656.41,2396.29,NaN,NaN,NaN
2189,11839.39,2272.96,NaN,NaN,NaN
2190,11708.31,2395.71,0,0,0.0000
2191,11934.12,2219.85,0,0,0.0000
2192,12056.21,2379.06,0,0,0.0000
2193,11839.35,2160.07,NaN,NaN,NaN
2194,11884.99,2062.65,NaN,NaN,NaN
2195,11710.64,2254.61,0,0,0.0000
2196,11701.63,2329.07,0,0,0.0000
2197,11665.61,2307.36,0,0,0.0000
2198,12193.30,2165.78,2,8,4.0000
2199,12245.09,2129.84,0,0,0.0000
2200,11774.54,2269.55,0,0,0.0000
2201,11742.50,2357.18,0,0,0.0000
2202,12295.48,2197.10,0,0,0.0000
2203,12177.35,2215.61,NaN,NaN,NaN
2204,11759.68,2100.18,0,0,0.0000
2205,11851.94,1936.35,0,0,0.0000
2206,12095.32,2342.66,0,0,0.0000
2207,11927.91,2074.20,0,0,0.0000
2208,12864.44,2183.17,4,8,2.0000
2209,13001.40,2416.28,NaN,NaN,NaN
2210,12851.61,1856.68,NaN,NaN,NaN
2211,12936.31,2216.55,0,0,0.0000
2212,13087.95,1817.36,2,6,3.0000
2213,13008.83,1821.36,NaN,NaN,NaN
2214,12808.63,1676.49,NaN,NaN,NaN
2215,12755.91,1998.11,NaN,NaN,NaN
2216,13058.56,2322.02,NaN,NaN,NaN
2217,13063.31,1676.29,NaN,NaN,NaN
2218,13015.31,2083.50,0,0,0.0000
2219,13075.82,2213.90,NaN,NaN,NaN
2220,13155.51,2067.30,3,6,2.0000
2221,12783.25,1923.42,NaN,NaN,NaN
2222,12486.00,2431.49,NaN,NaN,NaN
2223,12898.43,2031.20,NaN,NaN,NaN
2224,12779.13,2121.96,NaN,NaN,NaN
2225,13181.47,2374.52,NaN,NaN,NaN
2226,13039.04,1946.43,NaN,NaN,NaN
2227,12828.73,2033.43,3,4,0.0000
2228,13136.05,1998.38,2,5,2.5000
2229,12943.74,1735.43,NaN,NaN,NaN
2230,13077.91,2396.60,NaN,NaN,NaN
2231,12946.02,1875.81,NaN,NaN,NaN
2232,12503.01,2375.17,NaN,NaN,NaN
2233,12742.62,1702.97,NaN,NaN,NaN
2234,13131.88,1743.94,0,0,0.0000
2235,12959.38,2073.11,NaN,NaN,NaN
2236,12902.11,1790.28,NaN,NaN,NaN
2237,12886.43,2363.90,0,0,0.0000
2238,12826.71,1766.04,NaN,NaN,NaN
2239,13113.55,1911.57,NaN,NaN,NaN
2240,12872.49,2309.58,NaN,NaN,NaN
2241,12887.60,1707.03,NaN,NaN,NaN
2242,13147.27,2279.21,NaN,NaN,NaN
2243,13027.24,1719.62,0,0,0.0000
2244,12770.53,2186.63,NaN,NaN,NaN
2245,13066.42,1905.43,NaN,NaN,NaN
2246,13061.15,2130.82,NaN,NaN,NaN
2247,13093.61,2134.09,2,4,2.0000
2248,12989.53,1936.58,0,0,0.0000
2249,12971.98,1959.40,0,0,0.0000
2250,13369.79,2330.71,NaN,NaN,NaN
2251,13496.49,2075.17,NaN,NaN,NaN
2252,13419.90,2181.69,6,11,0.0000
2253,13227.07,2099.62,0,0,0.0000
2254,13447.29,2300.78,NaN,NaN,NaN
2255,13234.46,2338.58,0,0,0.0000
2256,13362.72,2240.27,NaN,NaN,NaN
2257,13198.05,1725.08,NaN,NaN,NaN
2258,13482.33,2137.49,NaN,NaN,NaN
2259,13367.52,2420.39,0,0,0.0000
2260,13340.56,2194.75,0,0,0.0000
2261,13419.29,2400.84,0,0,0.0000
2262,13488.58,2266.22,NaN,NaN,NaN
2263,13271.48,2291.91,NaN,NaN,NaN
2264,13244.29,1777.75,0,0,0.0000
2265,13483.34,1971.75,NaN,NaN,NaN
2266,13452.31,1940.60,NaN,NaN,NaN
2267,13947.10,2354.78,0,0,0.0000
2268,14630.19,1741.92,NaN,NaN,NaN
2269,14662.15,1879.82,0,0,0.0000
2270,14566.23,1750.00,3,5,0.0000
2271,13995.25,2345.07,0,0,0.0000
2272,14310.54,2401.72,0,0,0.0000
2273,14002.24,2271.50,0,0,0.0000
2274,14668.26,1671.93,0,0,0.0000
2275,14049.29,2388.19,0,0,0.0000
2276,15124.79,2375.31,NaN,NaN,NaN
2277,15259.09,1985.15,NaN,NaN,NaN
2278,15464.22,2232.00,NaN,NaN,NaN
2279,14954.72,2425.44,NaN,NaN,NaN
2280,15217.56,1815.56,NaN,NaN,NaN
2281,14966.53,1773.43,0,0,0.0000
2282,14769.55,1863.27,2,5,2.5000
2283,14882.62,2383.69,2,4,2.0000
2284,15107.09,1886.45,NaN,NaN,NaN
2285,15019.82,2360.69,NaN,NaN,NaN
2286,14881.82,1713.20,NaN,NaN,NaN
2287,15241.05,2321.57,0,0,0.0000
2288,15368.88,2338.37,NaN,NaN,NaN
2289,15224.32,2387.59,NaN,NaN,NaN
2290,15311.63,2222.89,0,0,0.0000
2291,14976.75,2026.32,NaN,NaN,NaN
2292,15204.26,2043.90,NaN,NaN,NaN
2293,14813.62,2193.78,NaN,NaN,NaN
2294,15105.70,2045.96,0,0,0.0000
2295,15419.01,2046.05,0,0,0.0000
2296,14892.11,2047.81,NaN,NaN,NaN
2297,14899.29,2209.32,NaN,NaN,NaN
2298,15272.83,1686.32,2,3,0.0000
2299,15003.99,2189.00,NaN,NaN,NaN
2300,15216.14,2200.88,0,0,0.0000
2301,14730.91,1757.68,NaN,NaN,NaN
2302,15043.44,2010.27,0,0,0.0000
2303,14812.72,2339.98,NaN,NaN,NaN
2304,15060.16,1696.87,2,4,2.0000
2305,15050.18,1793.17,0,0,0.0000
2306,14958.86,2114.11,0,0,0.0000
2307,15306.38,1907.02,NaN,NaN,NaN
2308,14821.13,1692.60,0,0,0.0000
2309,15469.91,2322.62,NaN,NaN,NaN
2310,15318.99,1801.58,0,0,0.0000
2311,15148.39,1969.10,0,0,0.0000
2312,15307.12,1752.39,NaN,NaN,NaN
2313,15241.71,2154.22,NaN,NaN,NaN
2314,15369.01,1997.32,0,0,0.0000
2315,15484.88,2115.79,NaN,NaN,NaN
2316,15071.87,2117.57,NaN,NaN,NaN
2317,15147.92,2231.67,0,0,0.0000
2318,15326.58,2098.92,2,5,2.5000
2319,14928.20,2290.69,NaN,NaN,NaN
2320,14778.43,2393.45,NaN,NaN,NaN
2321,15115.71,2159.48,NaN,NaN,NaN
2322,14888.58,2141.87,3,5,0.0000
2323,15443.26,2405.42,0,0,0.0000
2324,15292.29,2423.95,0,0,0.0000
2325,15084.44,2278.86,NaN,NaN,NaN
2326,15324.81,2006.57,0,0,0.0000
2327,15200.62,1703.67,2,2,0.0000
2328,15335.88,1723.50,2,4,2.0000
2329,15396.90,2118.84,NaN,NaN,NaN
2330,14960.85,2212.32,0,0,0.0000
2331,15175.17,2110.73,0,0,0.0000
2332,15149.27,2157.10,0,0,0.0000
2333,16247.38,2422.29,0,0,0.0000
2334,15645.82,2110.25,2,6,3.0000
2335,16052.40,1737.95,0,0,0.0000
2336,15600.89,2351.90,NaN,NaN,NaN
2337,15943.51,1919.41,NaN,NaN,NaN
2338,16178.81,1745.89,0,0,0.0000
2339,16063.42,2368.42,2,5,2.5000
2340,16239.29,2221.23,NaN,NaN,NaN
2341,15698.30,1719.58,NaN,NaN,NaN
2342,16034.64,2251.66,NaN,NaN,NaN
2343,16137.82,2256.59,2,4,2.0000
2344,16285.64,1778.11,0,0,0.0000
2345,16121.94,1848.69,0,0,0.0000
2346,15947.42,2417.12,NaN,NaN,NaN
2347,15615.09,1795.95,0,0,0.0000
2348,16216.58,1873.95,NaN,NaN,NaN
2349,15584.02,2239.49,NaN,NaN,NaN
2350,15765.54,2047.55,0,0,0.0000
2351,16208.10,1990.60,NaN,NaN,NaN
2352,16102.15,1896.86,2,7,3.5000
2353,15802.34,2168.69,0,0,0.0000
2354,15920.59,2212.62,NaN,NaN,NaN
2355,15930.07,2283.61,NaN,NaN,NaN
2356,15854.25,2323.32,NaN,NaN,NaN
2357,15588.52,1985.65,NaN,NaN,NaN
2358,15725.48,2310.32,NaN,NaN,NaN
2359,15835.76,1897.83,0,0,0.0000
2360,16004.76,2021.44,2,4,2.0000
2361,15720.70,2387.45,0,0,0.0000
2362,15655.03,2005.03,0,0,0.0000
2363,15836.69,2249.20,NaN,NaN,NaN
2364,15934.78,1769.20,0,0,0.0000
2365,16084.26,2126.16,NaN,NaN,NaN
2366,16137.72,2023.25,0,0,0.0000
2367,16304.68,2165.92,NaN,NaN,NaN
2368,15895.57,2380.04,0,0,0.0000
2369,15728.07,2212.27,NaN,NaN,NaN
2370,15719.66,1832.71,0,0,0.0000
2371,15986.68,2308.78,0,0,0.0000
2372,15610.50,1913.66,NaN,NaN,NaN
2373,16080.80,1941.86,0,0,0.0000
2374,15860.13,2143.73,0,0,0.0000
2375,15790.82,1830.51,NaN,NaN,NaN
2376,16343.10,2014.56,0,0,0.0000
2377,16083.70,2030.96,2,6,3.0000
2378,16266.57,2012.12,NaN,NaN,NaN
2379,15620.95,1714.07,0,0,0.0000
2380,15802.53,2391.93,4,5,0.0000
2381,15828.02,1958.30,0,0,0.0000
2382,15833.12,1832.20,NaN,NaN,NaN
2383,15655.17,2241.26,0,0,0.0000
2384,15882.07,1875.52,0,0,0.0000
2385,15773.27,1759.02,0,0,0.0000
2386,15849.32,1804.11,NaN,NaN,NaN
2387,15800.81,2301.53,2,2,0.0000
2388,15540.81,2037.20,NaN,NaN,NaN
2389,15932.18,2138.00,3,4,0.0000
2390,647.91,3052.87,0,0,0.0000
2391,498.84,3146.07,6,5,0.0000
2392,555.36,3077.81,2,5,2.5000
2393,376.70,3087.83,NaN,NaN,NaN
2394,409.88,2974.35,2,2,0.0000
2395,447.91,3056.13,NaN,NaN,NaN
2396,578.71,2956.79,2,4,2.0000
2397,620.01,3169.32,0,0,0.0000
2398,484.22,2959.51,0,0,0.0000
2399,676.28,2776.14,NaN,NaN,NaN
2400,358.25,3170.16,NaN,NaN,NaN
2401,694.97,2935.23,0,0,0.0000
2402,404.36,3165.76,4,6,0.0000
2403,616.59,2805.54,NaN,NaN,NaN
2404,558.69,3015.72,2,4,2.0000
2405,641.38,2935.85,0,0,0.0000
2406,567.17,2808.12,NaN,NaN,NaN
2407,74.52,2879.67,0,0,0.0000
2408,308.16,3162.62,2,2,0.0000
2409,686.35,2836.22,NaN,NaN,NaN
2410,31.47,2904.72,0,0,0.0000
2411,506.40,3013.38,0,0,0.0000
2412,1255.62,3191.95,NaN,NaN,NaN
2413,1147.18,3056.65,NaN,NaN,NaN
2414,1474.12,3199.49,NaN,NaN,NaN
2415,1241.64,3037.57,NaN,NaN,NaN
2416,1401.83,3130.09,3,5,0.0000
2417,1144.96,3137.73,NaN,NaN,NaN
2418,1313.61,3101.37,NaN,NaN,NaN
2419,1583.48,3121.69,2,2,0.0000
2420,961.81,2637.96,0,0,0.0000
2421,1648.24,3179.64,0,0,0.0000
2422,1028.53,3111.24,2,2,0.0000
2423,1348.33,2994.34,NaN,NaN,NaN
2424,1033.57,3194.43,0,0,0.0000
2425,993.87,3067.18,2,5,2.5000
2426,1484.89,3100.75,NaN,NaN,NaN
2427,963.95,2934.98,NaN,NaN,NaN
2428,1384.80,2936.00,3,2,0.0000
2429,942.20,3121.65,NaN,NaN,NaN
2430,966.53,2704.08,0,0,0.0000
2431,1028.70,2696.43,2,2,0.0000
2432,975.80,3004.65,NaN,NaN,NaN
2433,1057.76,2667.74,NaN,NaN,NaN
2434,947.09,3044.06,2,2,0.0000
2435,1305.17,2979.70,NaN,NaN,NaN
2436,900.16,2607.46,NaN,NaN,NaN
2437,977.60,3138.32,0,0,0.0000
2438,1380.68,3199.51,NaN,NaN,NaN
2439,1177.18,2977.28,0,0,0.0000
2440,2366.42,2866.36,NaN,NaN,NaN
2441,2283.94,2789.48,NaN,NaN,NaN
2442,2337.67,3045.86,NaN,NaN,NaN
2443,2417.13,3072.25,NaN,NaN,NaN
2444,2288.00,2506.33,NaN,NaN,NaN
2445,1675.41,3122.72,NaN,NaN,NaN
2446,2200.53,2784.70,3,6,2.0000
2447,2242.61,2880.45,0,0,0.0000
2448,2209.91,2453.02,NaN,NaN,NaN
2449,2203.06,2724.57,0,0,0.0000
2450,2091.32,2678.23,0,0,0.0000
2451,2194.32,2848.95,0,0,0.0000
2452,2350.68,2546.36,2,3,0.0000
2453,2361.16,2770.18,0,0,0.0000
2454,2369.14,3163.88,0,0,0.0000
2455,2398.57,2611.11,NaN,NaN,NaN
2456,2375.24,2575.68,NaN,NaN,NaN
2457,2365.77,2481.50,0,0,0.0000
2458,2397.18,2524.30,NaN,NaN,NaN
2459,2650.75,3170.29,2,8,4.0000
2460,3139.54,2967.42,4,5,0.0000
2461,2675.09,3038.31,NaN,NaN,NaN
2462,3167.65,2692.94,NaN,NaN,NaN
2463,2773.11,2938.41,NaN,NaN,NaN
2464,2444.33,2970.60,NaN,NaN,NaN
2465,2445.28,2570.35,NaN,NaN,NaN
2466,2507.44,3049.02,3,4,0.0000
2467,2497.01,3188.19,2,2,0.0000
2468,2524.34,3125.28,NaN,NaN,NaN
2469,2453.38,3131.16,NaN,NaN,NaN
2470,2838.71,3089.43,NaN,NaN,NaN
2471,2682.97,2944.06,NaN,NaN,NaN
2472,2825.06,3055.62,0,0,0.0000
2473,2820.18,3015.36,NaN,NaN,NaN
2474,2816.33,2976.70,2,2,0.0000
2475,2548.35,3179.27,NaN,NaN,NaN
2476,2487.89,2619.49,0,0,0.0000
2477,3578.22,2930.92,5,5,0.0000
2478,3488.08,2760.21,NaN,NaN,NaN
2479,3546.38,3047.29,0,0,0.0000
2480,3505.98,2865.37,NaN,NaN,NaN
2481,3318.53,3009.67,0,0,0.0000
2482,3306.69,2938.32,NaN,NaN,NaN
2483,3259.97,2602.33,0,0,0.0000
2484,3390.85,2864.99,NaN,NaN,NaN
2485,3336.26,2879.38,NaN,NaN,NaN
2486,3612.88,3015.46,NaN,NaN,NaN
2487,3244.04,2868.02,2,6,3.0000
2488,3517.17,3127.41,0,0,0.0000
2489,3334.26,2627.98,2,4,2.0000
2490,3444.34,2933.09,2,3,0.0000
2491,3597.08,3159.35,0,0,0.0000
2492,3453.02,2863.74,NaN,NaN,NaN
2493,3388.24,3040.69,NaN,NaN,NaN
2494,3239.88,2663.17,2,2,0.0000
2495,3639.00,3057.72,0,0,0.0000
2496,3261.50,2809.78,2,1,0.0000
2497,3309.72,2800.08,NaN,NaN,NaN
2498,3560.89,2817.96,0,0,0.0000
2499,3430.51,2795.40,NaN,NaN,NaN
2500,3470.94,3045.42,NaN,NaN,NaN
2501,3383.95,2932.89,2,4,2.0000
2502,3416.32,2989.35,NaN,NaN,NaN
2503,3461.26,2679.90,0,0,0.0000
2504,3589.20,3106.36,2,3,0.0000
2505,3286.24,2857.58,0,0,0.0000
2506,4519.70,3127.84,2,0,0.0000
2507,4544.25,2527.74,2,6,3.0000
2508,4401.75,3026.77,NaN,NaN,NaN
2509,4277.67,2529.52,NaN,NaN,NaN
2510,4591.45,2800.62,NaN,NaN,NaN
2511,4215.58,2792.80,0,0,0.0000
2512,4138.79,2589.22,NaN,NaN,NaN
2513,4382.71,2908.08,3,2,0.0000
2514,4426.56,2747.11,NaN,NaN,NaN
2515,4496.72,2956.97,NaN,NaN,NaN
2516,4320.24,2821.48,NaN,NaN,NaN
2517,4300.39,2624.54,NaN,NaN,NaN
2518,4707.10,2874.51,NaN,NaN,NaN
2519,4035.51,2475.14,2,5,2.5000
2520,4422.70,3168.70,NaN,NaN,NaN
2521,4220.47,2621.28,0,0,0.0000
2522,4346.55,3071.16,NaN,NaN,NaN
2523,4371.30,2817.12,NaN,NaN,NaN
2524,4267.55,2765.61,NaN,NaN,NaN
2525,4611.07,2582.25,NaN,NaN,NaN
2526,4666.83,2450.47,0,0,0.0000
2527,4437.35,2484.85,0,0,0.0000
2528,4168.82,3039.59,2,5,2.5000
2529,4263.24,2991.95,2,7,3.5000
2530,4092.10,2439.73,2,4,2.0000
2531,4178.81,2869.04,0,0,0.0000
2532,4136.50,2502.74,NaN,NaN,NaN
2533,4548.12,2858.97,NaN,NaN,NaN
2534,4558.45,3002.39,NaN,NaN,NaN
2535,4247.92,2896.18,NaN,NaN,NaN
2536,4298.87,2714.90,NaN,NaN,NaN
2537,4627.11,2902.54,0,0,0.0000
2538,4356.92,2703.98,2,7,3.5000
2539,4591.13,2717.72,2,5,2.5000
2540,4362.42,2472.45,NaN,NaN,NaN
2541,4643.18,2994.02,NaN,NaN,NaN
2542,4602.74,3171.48,2,5,2.5000
2543,4565.51,2632.20,0,0,0.0000
2544,4377.92,2628.18,NaN,NaN,NaN
2545,4597.13,2953.09,2,3,0.0000
2546,4194.83,2928.62,3,6,2.0000
2547,4506.63,2727.42,NaN,NaN,NaN
2548,4428.31,2627.81,NaN,NaN,NaN
2549,4389.74,2541.97,0,0,0.0000
2550,4567.55,2902.53,NaN,NaN,NaN
2551,4041.64,2557.88,0,0,0.0000
2552,4707.34,3144.84,NaN,NaN,NaN
2553,4681.14,2525.04,0,0,0.0000
2554,4663.75,3044.93,NaN,NaN,NaN
2555,4174.27,2665.63,NaN,NaN,NaN
2556,4493.61,2451.39,3,7,2.3333
2557,4218.50,2713.10,0,0,0.0000
2558,4214.16,2471.54,NaN,NaN,NaN
2559,4718.82,3110.26,NaN,NaN,NaN
2560,4441.37,2691.24,NaN,NaN,NaN
2561,4449.15,2815.29,0,0,0.0000
2562,4366.15,2498.46,NaN,NaN,NaN
2563,4667.68,2740.91,2,6,3.0000
2564,4498.88,2776.85,0,0,0.0000
2565,4511.23,3032.24,NaN,NaN,NaN
2566,4459.04,2868.88,0,0,0.0000
2567,4606.47,3068.56,0,0,0.0000
2568,4635.92,2676.62,0,0,0.0000
2569,4651.82,2952.90,NaN,NaN,NaN
2570,4435.94,2541.10,0,0,0.0000
2571,4157.85,2695.08,NaN,NaN,NaN
2572,4620.79,2464.59,0,0,0.0000
2573,5033.26,2460.02,0,0,0.0000
2574,5101.46,2639.90,2,3,0.0000
2575,5020.77,2711.70,2,4,2.0000
2576,4936.04,2466.81,4,4,0.0000
2577,5450.73,2630.13,NaN,NaN,NaN
2578,4909.62,2527.63,NaN,NaN,NaN
2579,4742.72,3077.07,NaN,NaN,NaN
2580,5500.82,2485.83,NaN,NaN,NaN
2581,4958.46,2608.16,NaN,NaN,NaN
2582,5455.84,2534.77,2,4,2.0000
2583,5393.90,2596.77,NaN,NaN,NaN
2584,4970.09,2534.24,NaN,NaN,NaN
2585,5408.93,2450.60,3,5,0.0000
2586,4852.69,2511.17,2,4,2.0000
2587,5418.99,2676.13,NaN,NaN,NaN
2588,5136.26,2733.02,0,0,0.0000
2589,4796.14,3153.94,NaN,NaN,NaN
2590,5472.38,2581.46,NaN,NaN,NaN
2591,5466.20,2451.23,NaN,NaN,NaN
2592,5122.03,2764.76,2,4,2.0000
2593,5011.26,2550.86,0,0,0.0000
2594,5060.19,2572.67,0,0,0.0000
2595,5028.78,2599.17,NaN,NaN,NaN
2596,4957.00,2675.41,0,0,0.0000
2597,5058.27,2766.69,0,0,0.0000
2598,4795.80,2503.11,0,0,0.0000
2599,5413.06,2515.44,NaN,NaN,NaN
2600,4862.54,2448.28,2,3,0.0000
2601,4743.53,2955.11,2,2,0.0000
2602,4919.04,2587.43,NaN,NaN,NaN
2603,6164.38,2840.15,NaN,NaN,NaN
2604,5858.85,2879.79,0,0,0.0000
2605,6058.93,2690.24,NaN,NaN,NaN
2606,6048.17,2774.46,0,0,0.0000
2607,6095.83,3024.80,NaN,NaN,NaN
2608,5948.70,2976.67,2,3,0.0000
2609,5874.67,3084.17,NaN,NaN,NaN
2610,6237.32,2766.74,0,0,0.0000
2611,5924.92,2579.63,NaN,NaN,NaN
2612,5887.45,2971.82,0,0,0.0000
2613,6069.17,3186.42,NaN,NaN,NaN
2614,5755.69,2662.24,NaN,NaN,NaN
2615,6158.71,2960.69,0,0,0.0000
2616,5794.59,2822.68,0,0,0.0000
2617,5827.96,2626.75,0,0,0.0000
2618,5668.79,2494.69,0,0,0.0000
2619,5934.52,3169.47,NaN,NaN,NaN
2620,5810.30,2716.11,0,0,0.0000
2621,6027.31,2978.10,2,4,2.0000
2622,5988.71,3108.53,NaN,NaN,NaN
2623,5648.43,2451.30,0,0,0.0000
2624,6039.03,3100.49,NaN,NaN,NaN
2625,6145.26,3054.72,0,0,0.0000
2626,6059.74,2928.07,0,0,0.0000
2627,5773.25,2481.09,NaN,NaN,NaN
2628,5589.30,2566.04,0,0,0.0000
2629,5702.37,2623.42,0,0,0.0000
2630,5545.42,2524.90,0,0,0.0000
2631,5548.55,2446.68,0,0,0.0000
2632,6072.45,2488.24,0,0,0.0000
2633,6181.35,3169.98,0,0,0.0000
2634,5785.52,2608.08,NaN,NaN,NaN
2635,5980.02,2503.48,0,0,0.0000
2636,6047.63,2850.76,0,0,0.0000
2637,5944.96,3089.31,0,0,0.0000
2638,5894.09,2493.64,0,0,0.0000
2639,5990.77,3185.84,3,4,0.0000
2640,5520.10,2634.43,0,0,0.0000
2641,6165.97,2555.70,3,6,2.0000
2642,6118.46,3195.26,0,0,0.0000
2643,5807.36,2563.13,0,0,0.0000
2644,5517.38,2572.63,NaN,NaN,NaN
2645,6102.86,2897.12,0,0,0.0000
2646,5998.53,3019.14,NaN,NaN,NaN
2647,6124.48,2733.43,0,0,0.0000
2648,5590.39,2478.95,0,0,0.0000
2649,5913.92,2876.29,0,0,0.0000
2650,5550.45,2687.65,NaN,NaN,NaN
2651,6189.08,3023.62,2,4,2.0000
2652,6186.36,2925.74,0,0,0.0000
2653,6025.40,2913.33,0,0,0.0000
2654,5582.78,2620.74,0,0,0.0000
2655,5961.30,2881.32,0,0,0.0000
2656,6078.17,2577.63,0,0,0.0000
2657,5896.52,3189.29,NaN,NaN,NaN
2658,6164.01,2702.69,0,0,0.0000
2659,5945.99,2801.58,0,0,0.0000
2660,6463.42,3110.10,NaN,NaN,NaN
2661,6912.20,2948.98,0,0,0.0000
2662,6930.65,2706.31,3,3,0.0000
2663,6832.52,2636.80,NaN,NaN,NaN
2664,6665.93,2885.42,3,7,2.3333
2665,7028.05,2916.07,2,5,2.5000
2666,6314.37,2862.21,3,4,0.0000
2667,6910.21,3158.62,NaN,NaN,NaN
2668,6387.90,2601.99,0,0,0.0000
2669,6719.51,3134.74,NaN,NaN,NaN
2670,6305.98,3157.75,0,0,0.0000
2671,7008.87,3169.06,2,3,0.0000
2672,6787.41,2864.36,3,4,0.0000
2673,6724.38,2996.99,NaN,NaN,NaN
2674,6969.27,3026.80,0,0,0.0000
2675,6822.51,3000.77,0,0,0.0000
2676,6568.38,2897.85,NaN,NaN,NaN
2677,6382.47,2950.22,NaN,NaN,NaN
2678,6882.24,2443.48,0,0,0.0000
2679,6607.74,3128.86,NaN,NaN,NaN
2680,6695.96,2763.50,NaN,NaN,NaN
2681,6698.09,2527.70,NaN,NaN,NaN
2682,6814.38,2791.30,0,0,0.0000
2683,6578.71,3046.95,0,0,0.0000
2684,6827.03,3152.82,0,0,0.0000
2685,6474.12,2634.27,0,0,0.0000
2686,6476.79,2845.16,2,3,0.0000
2687,6944.19,2539.84,2,5,2.5000
2688,6977.07,2485.08,2,3,0.0000
2689,6859.42,2838.16,NaN,NaN,NaN
2690,6759.27,2756.73,2,5,2.5000
2691,6527.33,2598.56,0,0,0.0000
2692,6577.44,2703.39,NaN,NaN,NaN
2693,6458.94,2717.45,NaN,NaN,NaN
2694,6808.81,3076.88,2,4,2.0000
2695,6591.85,2513.80,NaN,NaN,NaN
2696,6722.41,2630.17,0,0,0.0000
2697,6516.46,2701.04,NaN,NaN,NaN
2698,7036.63,3106.72,0,0,0.0000
2699,6409.19,3033.58,NaN,NaN,NaN
2700,6561.58,2963.54,0,0,0.0000
2701,6758.71,3048.31,NaN,NaN,NaN
2702,6345.48,2981.02,NaN,NaN,NaN
2703,6341.38,2748.28,0,0,0.0000
2704,7035.06,2787.81,0,0,0.0000
2705,6584.44,2653.37,0,0,0.0000
2706,6511.68,2770.44,2,5,2.5000
2707,6948.15,2818.24,0,0,0.0000
2708,6383.76,2793.83,0,0,0.0000
2709,6381.17,2724.81,0,0,0.0000
2710,6409.80,2854.02,0,0,0.0000
2711,6851.99,3082.02,NaN,NaN,NaN
2712,6795.55,2924.55,0,0,0.0000
2713,6981.87,3102.47,0,0,0.0000
2714,6938.42,3085.33,0,0,0.0000
2715,6667.51,3093.13,0,0,0.0000
2716,7342.98,2570.90,0,0,0.0000
2717,7780.42,2763.50,NaN,NaN,NaN
2718,7110.93,2811.52,3,8,2.6667
2719,7631.36,2985.66,NaN,NaN,NaN
2720,7132.01,2933.50,0,0,0.0000
2721,7593.52,2814.97,NaN,NaN,NaN
2722,7798.20,2452.46,0,0,0.0000
2723,7499.34,3043.63,NaN,NaN,NaN
2724,7137.78,2644.01,NaN,NaN,NaN
2725,7483.11,2508.97,2,6,3.0000
2726,7624.70,2568.77,NaN,NaN,NaN
2727,7356.24,2864.73,2,4,2.0000
2728,7198.90,3082.97,NaN,NaN,NaN
2729,7753.90,2585.66,0,0,0.0000
2730,7589.83,2471.83,0,0,0.0000
2731,7290.24,2871.30,0,0,0.0000
2732,7460.97,2919.54,NaN,NaN,NaN
2733,7048.01,3015.98,0,0,0.0000
2734,7348.73,2959.33,NaN,NaN,NaN
2735,7650.55,2739.90,NaN,NaN,NaN
2736,7525.14,2652.37,0,0,0.0000
2737,7516.80,2957.50,NaN,NaN,NaN
2738,7163.56,3177.15,0,0,0.0000
2739,7547.09,2545.16,NaN,NaN,NaN
2740,7269.43,2979.73,0,0,0.0000
2741,7360.97,2473.03,NaN,NaN,NaN
2742,7651.33,2485.98,3,4,0.0000
2743,7528.08,3184.17,NaN,NaN,NaN
2744,7495.31,2862.26,NaN,NaN,NaN
2745,7103.46,3078.11,NaN,NaN,NaN
2746,7464.43,2658.76,NaN,NaN,NaN
2747,7079.86,3166.42,2,3,0.0000
2748,7095.68,2454.57,NaN,NaN,NaN
2749,7450.65,2727.65,NaN,NaN,NaN
2750,7071.07,2593.87,NaN,NaN,NaN
2751,7316.41,3082.80,NaN,NaN,NaN
2752,7227.83,2841.29,0,0,0.0000
2753,7548.65,3095.29,0,0,0.0000
2754,7578.27,3036.64,0,0,0.0000
2755,7328.34,3199.22,NaN,NaN,NaN
2756,7686.66,2979.30,NaN,NaN,NaN
2757,7064.69,2505.15,NaN,NaN,NaN
2758,7595.44,2662.08,2,6,3.0000
2759,7061.43,2545.08,4,5,0.0000
2760,7422.84,2987.23,NaN,NaN,NaN
2761,7566.55,3141.47,NaN,NaN,NaN
2762,7202.56,2746.52,NaN,NaN,NaN
2763,7223.75,2795.98,NaN,NaN,NaN
2764,7176.84,3007.00,0,0,0.0000
2765,7303.38,2445.60,NaN,NaN,NaN
2766,7477.10,2589.17,2,3,0.0000
2767,7321.38,3033.24,0,0,0.0000
2768,7393.86,3051.50,NaN,NaN,NaN
2769,7139.94,3100.37,NaN,NaN,NaN
2770,7674.91,2841.48,0,0,0.0000
2771,7127.87,3022.28,0,0,0.0000
2772,7748.99,2496.23,0,0,0.0000
2773,7261.41,3041.69,0,0,0.0000
2774,7897.73,2524.64,0,0,0.0000
2775,7879.90,2440.29,NaN,NaN,NaN
2776,7924.08,2586.07,0,0,0.0000
2777,7818.15,2612.49,0,0,0.0000
2778,9321.37,2904.31,NaN,NaN,NaN
2779,9334.56,2967.38,NaN,NaN,NaN
2780,10003.68,3185.75,NaN,NaN,NaN
2781,9997.30,3091.10,NaN,NaN,NaN
2782,9917.36,3188.15,0,0,0.0000
2783,10091.15,2713.67,NaN,NaN,NaN
2784,10062.65,2645.99,NaN,NaN,NaN
2785,10105.21,2811.83,2,3,0.0000
2786,9378.94,3051.33,0,0,0.0000
2787,10072.02,3157.42,NaN,NaN,NaN
2788,9981.69,2729.78,NaN,NaN,NaN
2789,10040.34,2999.73,NaN,NaN,NaN
2790,9450.22,3112.92,NaN,NaN,NaN
2791,9441.25,3043.70,0,0,0.0000
2792,9465.23,2886.01,NaN,NaN,NaN
2793,9495.54,3191.81,NaN,NaN,NaN
2794,9480.58,3002.17,NaN,NaN,NaN
2795,10108.38,3090.79,NaN,NaN,NaN
2796,9944.40,3007.70,NaN,NaN,NaN
2797,9430.64,2962.43,NaN,NaN,NaN
2798,9981.70,2891.04,0,0,0.0000
2799,9969.58,2823.78,0,0,0.0000
2800,9528.99,3102.17,2,1,0.0000
2801,9990.29,2926.52,0,0,0.0000
2802,9895.70,3097.93,NaN,NaN,NaN
2803,9441.92,3175.79,NaN,NaN,NaN
2804,9504.66,3131.53,NaN,NaN,NaN
2805,9371.86,2885.10,0,0,0.0000
2806,9931.45,2819.70,0,0,0.0000
2807,9383.29,2926.19,0,0,0.0000
2808,10021.49,2652.11,3,8,2.6667
2809,10549.37,2495.46,NaN,NaN,NaN
2810,10608.72,2626.55,0,0,0.0000
2811,10469.34,2810.92,3,5,0.0000
2812,10624.66,3160.83,NaN,NaN,NaN
2813,10178.56,2919.98,2,5,2.5000
2814,10430.18,2708.01,3,2,0.0000
2815,10820.90,3089.83,2,6,3.0000
2816,10663.74,3077.29,0,0,0.0000
2817,10220.29,2708.31,0,0,0.0000
2818,10554.85,2861.64,NaN,NaN,NaN
2819,10287.51,2952.31,NaN,NaN,NaN
2820,10473.25,3131.23,NaN,NaN,NaN
2821,10240.48,2603.32,NaN,NaN,NaN
2822,10728.64,3164.19,0,0,0.0000
2823,10473.48,2618.06,2,2,0.0000
2824,10284.78,2535.05,3,9,3.0000
2825,10834.15,2826.36,NaN,NaN,NaN
2826,10737.60,2986.74,NaN,NaN,NaN
2827,10431.89,2441.84,NaN,NaN,NaN
2828,10286.99,3187.33,NaN,NaN,NaN
2829,10359.46,2755.35,2,4,2.0000
2830,10635.27,2992.23,NaN,NaN,NaN
2831,10493.49,2946.16,3,4,0.0000
2832,10876.04,3019.12,3,6,2.0000
2833,10403.17,2622.25,0,0,0.0000
2834,10664.06,2731.89,0,0,0.0000
2835,10304.66,2822.08,NaN,NaN,NaN
2836,10351.92,2587.63,0,0,0.0000
2837,10262.14,3072.08,2,3,0.0000
2838,10550.97,3035.02,2,6,3.0000
2839,10457.58,3050.13,NaN,NaN,NaN
2840,10237.54,2844.37,NaN,NaN,NaN
2841,10212.33,2449.72,2,4,2.0000
2842,10361.53,2973.85,0,0,0.0000
2843,10115.06,3007.80,0,0,0.0000
2844,10167.91,2559.54,3,5,0.0000
2845,10759.81,3085.07,NaN,NaN,NaN
2846,10323.42,3096.48,NaN,NaN,NaN
2847,10264.32,2435.16,NaN,NaN,NaN
2848,10505.45,2715.81,NaN,NaN,NaN
2849,10421.41,2949.79,0,0,0.0000
2850,10114.63,2526.69,NaN,NaN,NaN
2851,10349.68,2441.64,NaN,NaN,NaN
2852,10844.62,2742.06,2,5,2.5000
2853,10125.61,2631.94,0,0,0.0000
2854,10774.05,2961.68,3,4,0.0000
2855,10231.87,3024.88,0,0,0.0000
2856,10300.78,2685.71,2,3,0.0000
2857,10462.95,2893.82,0,0,0.0000
2858,10709.62,3028.65,3,7,2.3333
2859,10174.81,2791.22,0,0,0.0000
2860,10223.72,3143.95,NaN,NaN,NaN
2861,10471.89,3196.26,0,0,0.0000
2862,10593.83,2961.92,0,0,0.0000
2863,10369.61,3160.48,2,2,0.0000
2864,10322.56,2878.26,NaN,NaN,NaN
2865,10509.34,3090.08,3,9,3.0000
2866,10488.46,3014.71,2,9,4.5000
2867,11589.14,3177.48,NaN,NaN,NaN
2868,11597.81,2457.91,NaN,NaN,NaN
2869,10916.73,2976.70,0,0,0.0000
2870,11623.38,3074.11,0,0,0.0000
2871,10941.26,3085.06,0,0,0.0000
2872,11639.00,2532.23,0,0,0.0000
2873,10902.12,3113.62,NaN,NaN,NaN
2874,10915.93,2770.25,2,2,0.0000
2875,10883.87,3190.85,NaN,NaN,NaN
2876,10888.56,2630.28,0,0,0.0000
2877,11788.81,2672.48,NaN,NaN,NaN
2878,11947.21,2698.13,0,0,0.0000
2879,12184.12,2816.49,2,7,3.5000
2880,12359.15,2937.08,0,0,0.0000
2881,12017.88,2442.74,0,0,0.0000
2882,12042.26,3054.27,NaN,NaN,NaN
2883,12224.93,2499.42,NaN,NaN,NaN
2884,11745.01,3056.71,NaN,NaN,NaN
2885,11727.38,2890.53,0,0,0.0000
2886,11813.41,2788.11,0,0,0.0000
2887,11657.19,3158.90,NaN,NaN,NaN
2888,12124.26,2657.32,2,3,0.0000
2889,12342.29,2752.48,NaN,NaN,NaN
2890,12160.39,2973.86,NaN,NaN,NaN
2891,11775.47,2435.61,NaN,NaN,NaN
2892,11722.56,2737.17,0,0,0.0000
2893,12007.89,2535.68,NaN,NaN,NaN
2894,12254.26,3024.66,2,5,2.5000
2895,12022.00,2772.22,NaN,NaN,NaN
2896,12407.64,3040.57,0,0,0.0000
2897,11719.75,2556.38,NaN,NaN,NaN
2898,12260.91,2760.50,NaN,NaN,NaN
2899,11916.90,2488.42,NaN,NaN,NaN
2900,11982.70,2857.03,NaN,NaN,NaN
2901,11890.31,2589.47,0,0,0.0000
2902,11813.54,2943.59,NaN,NaN,NaN
2903,12358.11,2481.14,NaN,NaN,NaN
2904,11892.53,2995.41,NaN,NaN,NaN
2905,12327.40,3037.23,0,0,0.0000
2906,12158.24,3123.17,0,0,0.0000
2907,11735.51,2990.79,0,0,0.0000
2908,12081.04,3110.31,NaN,NaN,NaN
2909,12350.51,3133.88,0,0,0.0000
2910,12199.18,2925.74,NaN,NaN,NaN
2911,11878.52,2921.44,0,0,0.0000
2912,12365.80,2684.15,0,0,0.0000
2913,11692.26,2473.23,NaN,NaN,NaN
2914,12063.84,2874.74,2,3,0.0000
2915,11988.10,3008.71,0,0,0.0000
2916,11733.80,2820.23,0,0,0.0000
2917,11874.38,3094.96,2,3,0.0000
2918,12129.47,2522.93,NaN,NaN,NaN
2919,12375.88,2529.99,0,0,0.0000
2920,12257.33,2590.10,NaN,NaN,NaN
2921,11930.98,3047.58,NaN,NaN,NaN
2922,11898.69,3154.28,0,0,0.0000
2923,12004.22,3190.78,0,0,0.0000
2924,11679.37,2767.82,0,0,0.0000
2925,12035.92,2613.45,NaN,NaN,NaN
2926,12232.82,3093.84,0,0,0.0000
2927,11978.26,2908.63,NaN,NaN,NaN
2928,12072.98,2939.15,0,0,0.0000
2929,11781.54,2598.71,0,0,0.0000
2930,12266.69,2915.05,NaN,NaN,NaN
2931,12305.91,2831.52,NaN,NaN,NaN
2932,11815.52,3123.98,NaN,NaN,NaN
2933,11964.58,3086.89,NaN,NaN,NaN
2934,11873.67,2859.36,0,0,0.0000
2935,12008.55,2951.64,NaN,NaN,NaN
2936,12078.99,3198.16,0,0,0.0000
2937,11795.53,2532.13,0,0,0.0000
2938,11850.10,2535.65,0,0,0.0000
2939,12310.62,2649.79,NaN,NaN,NaN
2940,11960.65,3140.63,3,6,2.0000
2941,12090.30,2984.51,NaN,NaN,NaN
2942,11837.55,3040.37,NaN,NaN,NaN
2943,11671.22,2814.84,0,0,0.0000
2944,11920.82,2879.29,0,0,0.0000
2945,11764.10,3171.29,2,6,3.0000
2946,12264.50,3118.43,0,0,0.0000
2947,11892.35,2796.99,NaN,NaN,NaN
2948,12373.68,2611.34,0,0,0.0000
2949,11921.78,2796.42,2,4,2.0000
2950,11976.40,2591.65,0,0,0.0000
2951,12362.51,3199.55,0,0,0.0000
2952,12155.99,3050.91,0,0,0.0000
2953,12170.99,2582.75,NaN,NaN,NaN
2954,12228.86,3131.26,0,0,0.0000
2955,12196.09,2684.14,NaN,NaN,NaN
2956,11757.42,3115.61,0,0,0.0000
2957,12091.74,2799.54,0,0,0.0000
2958,12063.35,2652.47,0,0,0.0000
2959,12262.29,3169.55,2,8,4.0000
2960,12212.45,2612.53,NaN,NaN,NaN
2961,12443.90,3153.89,NaN,NaN,NaN
2962,12480.19,2821.66,NaN,NaN,NaN
2963,12905.43,2455.42,NaN,NaN,NaN
2964,13104.46,2581.57,0,0,0.0000
2965,12418.50,2863.07,NaN,NaN,NaN
2966,12532.16,3188.33,NaN,NaN,NaN
2967,12562.56,2798.39,0,0,0.0000
2968,12963.99,2581.33,0,0,0.0000
2969,12591.45,3196.08,0,0,0.0000
2970,12478.22,2962.02,NaN,NaN,NaN
2971,12563.99,2952.11,0,0,0.0000
2972,12537.47,3035.00,0,0,0.0000
2973,12478.20,2661.34,0,0,0.0000
2974,12441.75,2585.72,NaN,NaN,NaN
2975,13116.68,2451.52,NaN,NaN,NaN
2976,12607.65,3048.25,NaN,NaN,NaN
2977,13151.99,2516.86,0,0,0.0000
2978,12596.51,2908.50,0,0,0.0000
2979,13000.12,2530.25,0,0,0.0000
2980,12485.05,3056.50,0,0,0.0000
2981,13096.58,2735.40,NaN,NaN,NaN
2982,12420.03,2658.76,0,0,0.0000
2983,13142.10,2672.49,2,1,0.0000
2984,12540.78,3108.43,NaN,NaN,NaN
2985,13032.81,2661.34,0,0,0.0000
2986,12688.53,3094.36,NaN,NaN,NaN
2987,12457.48,2523.80,0,0,0.0000
2988,12421.94,2436.49,0,0,0.0000
2989,13094.33,2658.83,0,0,0.0000
2990,12672.68,3032.76,NaN,NaN,NaN
2991,13018.61,2601.15,0,0,0.0000
2992,12642.96,2991.21,0,0,0.0000
2993,12431.19,2731.33,0,0,0.0000
2994,12722.09,3185.63,3,5,0.0000
2995,13454.61,2475.73,NaN,NaN,NaN
2996,13368.20,2517.49,NaN,NaN,NaN
2997,13440.75,2570.17,NaN,NaN,NaN
2998,13204.46,2482.15,NaN,NaN,NaN
2999,13213.55,2437.59,0,0,0.0000
3000,13447.59,2765.43,NaN,NaN,NaN
3001,13284.99,2445.21,NaN,NaN,NaN
3002,13330.91,2733.43,2,2,0.0000
3003,13394.16,2621.73,0,0,0.0000
3004,13418.11,2897.83,2,2,0.0000
3005,13400.20,2700.32,2,2,0.0000
3006,13459.78,2633.79,0,0,0.0000
3007,13541.85,2711.12,NaN,NaN,NaN
3008,13331.83,2463.89,NaN,NaN,NaN
3009,13479.44,2709.83,0,0,0.0000
3010,13349.54,2840.46,0,0,0.0000
3011,13337.59,2817.65,NaN,NaN,NaN
3012,13432.21,2927.20,NaN,NaN,NaN
3013,14663.25,2690.45,2,6,3.0000
3014,14001.40,2436.08,0,0,0.0000
3015,14135.22,2736.90,NaN,NaN,NaN
3016,14007.40,2519.69,NaN,NaN,NaN
3017,14333.34,2508.23,0,0,0.0000
3018,14405.67,2553.26,0,0,0.0000
3019,14442.71,3142.98,3,3,0.0000
3020,14672.66,2960.92,0,0,0.0000
3021,14588.96,3090.57,NaN,NaN,NaN
3022,14714.21,3121.69,NaN,NaN,NaN
3023,14658.39,3051.53,0,0,0.0000
3024,14061.09,2609.45,2,6,3.0000
3025,14186.36,2597.07,NaN,NaN,NaN
3026,14701.94,2790.40,NaN,NaN,NaN
3027,14543.66,2919.68,NaN,NaN,NaN
3028,14272.74,2625.31,NaN,NaN,NaN
3029,14601.91,2781.47,NaN,NaN,NaN
3030,14642.51,3136.26,NaN,NaN,NaN
3031,14326.19,2752.14,NaN,NaN,NaN
3032,14213.69,2799.51,2,7,3.5000
3033,14493.37,3192.23,NaN,NaN,NaN
3034,14258.89,2543.95,0,0,0.0000
3035,14688.88,2753.89,0,0,0.0000
3036,14152.97,2870.71,NaN,NaN,NaN
3037,14172.42,2821.98,NaN,NaN,NaN
3038,14110.92,2896.09,NaN,NaN,NaN
3039,14368.81,2705.48,0,0,0.0000
3040,14184.69,2911.34,NaN,NaN,NaN
3041,14341.15,2640.47,0,0,0.0000
3042,14289.25,2453.55,0,0,0.0000
3043,14403.00,2498.98,2,3,0.0000
3044,14145.95,2936.26,NaN,NaN,NaN
3045,14651.31,2576.60,0,0,0.0000
3046,14017.97,2626.76,NaN,NaN,NaN
3047,14124.18,2580.50,NaN,NaN,NaN
3048,14255.23,2489.83,2,5,2.5000
3049,15001.11,2526.27,2,5,2.5000
3050,15178.17,2661.60,4,6,0.0000
3051,15117.40,2882.51,2,4,2.0000
3052,15423.23,2612.72,3,5,0.0000
3053,14824.11,3164.60,0,0,0.0000
3054,14725.21,2499.41,NaN,NaN,NaN
3055,15349.60,2474.58,NaN,NaN,NaN
3056,14721.51,2866.49,3,4,0.0000
3057,14989.70,2905.09,NaN,NaN,NaN
3058,14878.25,2627.65,NaN,NaN,NaN
3059,15183.53,2521.94,0,0,0.0000
3060,14803.34,2649.16,NaN,NaN,NaN
3061,15228.28,2717.62,2,4,2.0000
3062,14999.05,2991.15,NaN,NaN,NaN
3063,15030.77,3198.40,0,0,0.0000
3064,15191.46,2584.84,0,0,0.0000
3065,15085.48,2516.64,NaN,NaN,NaN
3066,15219.77,3156.00,NaN,NaN,NaN
3067,15091.29,3101.78,0,0,0.0000
3068,15285.58,2539.25,NaN,NaN,NaN
3069,14952.33,3128.06,NaN,NaN,NaN
3070,14965.69,2625.84,4,5,0.0000
3071,14774.35,2965.66,0,0,0.0000
3072,14743.96,3055.25,0,0,0.0000
3073,15116.83,2618.39,0,0,0.0000
3074,15045.72,3028.15,2,6,3.0000
3075,15468.61,2512.24,0,0,0.0000
3076,15162.42,2972.34,NaN,NaN,NaN
3077,14739.87,2575.41,NaN,NaN,NaN
3078,15300.38,2744.73,NaN,NaN,NaN
3079,14860.12,2708.88,2,1,0.0000
3080,15107.82,3016.97,2,4,2.0000
3081,14821.25,2787.92,NaN,NaN,NaN
3082,15046.57,2860.21,NaN,NaN,NaN
3083,14835.45,3082.47,0,0,0.0000
3084,15037.32,3110.80,0,0,0.0000
3085,14923.91,2902.54,0,0,0.0000
3086,14822.14,2899.75,NaN,NaN,NaN
3087,14866.79,2494.35,NaN,NaN,NaN
3088,15162.17,3034.24,NaN,NaN,NaN
3089,15023.00,2797.97,NaN,NaN,NaN
3090,14968.06,3042.80,4,8,2.0000
3091,15322.05,2688.65,0,0,0.0000
3092,14914.25,3180.15,NaN,NaN,NaN
3093,14971.72,2795.55,NaN,NaN,NaN
3094,14954.19,2719.42,NaN,NaN,NaN
3095,14933.96,2583.85,0,0,0.0000
3096,14742.22,2736.75,NaN,NaN,NaN
3097,14852.48,2529.62,0,0,0.0000
3098,15168.21,3183.66,0,0,0.0000
3099,14898.99,2752.96,NaN,NaN,NaN
3100,15033.58,2440.25,2,2,0.0000
3101,15242.45,2896.63,NaN,NaN,NaN
3102,15078.32,2958.97,NaN,NaN,NaN
3103,15099.71,2560.52,0,0,0.0000
3104,14934.70,2848.26,0,0,0.0000
3105,15429.08,2499.31,0,0,0.0000
3106,15190.11,2441.56,NaN,NaN,NaN
3107,15056.95,2603.93,0,0,0.0000
3108,14981.02,2750.31,NaN,NaN,NaN
3109,15273.53,2491.31,0,0,0.0000
3110,15754.97,2842.93,NaN,NaN,NaN
3111,16132.28,2555.46,0,0,0.0000
3112,15988.13,2789.31,NaN,NaN,NaN
3113,16300.31,2922.17,NaN,NaN,NaN
3114,15798.59,2475.52,NaN,NaN,NaN
3115,15873.75,2941.99,NaN,NaN,NaN
3116,16094.68,2755.78,0,0,0.0000
3117,16056.45,2887.12,NaN,NaN,NaN
3118,15832.63,3157.53,NaN,NaN,NaN
3119,15998.10,3059.94,NaN,NaN,NaN
3120,16288.00,3051.08,2,3,0.0000
3121,16209.23,2670.82,NaN,NaN,NaN
3122,15918.64,2863.77,NaN,NaN,NaN
3123,15542.11,2678.33,2,3,0.0000
3124,16172.21,2863.08,NaN,NaN,NaN
3125,16010.21,2580.10,0,0,0.0000
3126,15837.66,2563.82,NaN,NaN,NaN
3127,15921.25,2540.08,NaN,NaN,NaN
3128,15987.70,2493.63,0,0,0.0000
3129,15685.94,2551.18,0,0,0.0000
3130,16135.56,3025.05,NaN,NaN,NaN
3131,16065.61,3098.22,NaN,NaN,NaN
3132,16091.84,2661.94,0,0,0.0000
3133,15948.83,2713.05,NaN,NaN,NaN
3134,16232.88,3103.52,NaN,NaN,NaN
3135,15699.72,2728.58,NaN,NaN,NaN
3136,16337.95,2789.79,0,0,0.0000
3137,15760.75,3015.24,NaN,NaN,NaN
3138,16299.76,3124.86,0,0,0.0000
3139,15662.72,2444.49,0,0,0.0000
3140,15539.82,2773.66,0,0,0.0000
3141,15853.73,3070.49,NaN,NaN,NaN
3142,16354.86,2612.17,0,0,0.0000
3143,15903.23,3111.96,3,5,0.0000
3144,16323.05,2726.04,0,0,0.0000
3145,15963.60,3146.86,0,0,0.0000
3146,16200.74,3070.06,NaN,NaN,NaN
3147,15903.49,3028.73,NaN,NaN,NaN
3148,16245.85,3168.51,3,7,2.3333
3149,16213.41,3004.18,2,4,2.0000
3150,15921.80,3194.50,0,0,0.0000
3151,15544.68,2599.08,0,0,0.0000
3152,15745.64,2648.97,2,2,0.0000
3153,15598.17,2474.46,0,0,0.0000
3154,15879.07,2745.43,3,3,0.0000
3155,15908.81,2605.59,2,4,2.0000
3156,15550.10,2459.70,0,0,0.0000
3157,16195.40,3191.66,NaN,NaN,NaN
3158,16239.76,2907.47,0,0,0.0000
3159,15490.34,2604.60,NaN,NaN,NaN
3160,15625.63,2565.28,NaN,NaN,NaN
3161,16193.14,2933.92,0,0,0.0000
3162,15774.98,2577.38,NaN,NaN,NaN
3163,15758.31,2931.41,NaN,NaN,NaN
3164,15732.87,2572.88,NaN,NaN,NaN
3165,15565.57,2568.87,NaN,NaN,NaN
3166,15855.74,2661.11,NaN,NaN,NaN
3167,16176.90,3148.52,2,6,3.0000
3168,16029.93,2654.38,0,0,0.0000
3169,15627.60,2522.54,NaN,NaN,NaN
3170,16149.90,2807.79,NaN,NaN,NaN
3171,16374.66,2813.26,0,0,0.0000
3172,16089.17,3130.95,NaN,NaN,NaN
3173,16047.71,2459.99,0,0,0.0000
3174,16341.22,3028.26,NaN,NaN,NaN
3175,15961.49,2628.40,NaN,NaN,NaN
3176,16239.57,2572.97,0,0,0.0000
3177,16289.77,2612.25,0,0,0.0000
3178,16250.68,2853.67,NaN,NaN,NaN
3179,16078.55,2948.82,0,0,0.0000
3180,15536.77,2508.09,0,0,0.0000
3181,15681.10,2676.22,2,0,0.0000
3182,15818.97,2677.45,NaN,NaN,NaN
3183,523.95,3453.87,NaN,NaN,NaN
3184,787.72,3330.00,2,4,2.0000
3185,611.40,3727.36,0,0,0.0000
3186,742.49,3259.90,0,0,0.0000
3187,435.64,3397.75,NaN,NaN,NaN
3188,581.62,3265.64,NaN,NaN,NaN
3189,183.51,3855.62,NaN,NaN,NaN
3190,887.86,3917.04,NaN,NaN,NaN
3191,692.05,3378.59,NaN,NaN,NaN
3192,665.62,3667.20,NaN,NaN,NaN
3193,64.57,3924.40,NaN,NaN,NaN
3194,583.86,3372.14,0,0,0.0000
3195,685.34,3502.71,NaN,NaN,NaN
3196,764.53,3769.25,NaN,NaN,NaN
3197,867.50,3527.71,0,0,0.0000
3198,115.69,3810.48,NaN,NaN,NaN
3199,609.08,3507.56,NaN,NaN,NaN
3200,704.62,3448.56,2,0,0.0000
3201,667.33,3230.99,NaN,NaN,NaN
3202,825.83,3382.58,0,0,0.0000
3203,807.96,3522.40,0,0,0.0000
3204,457.90,3269.91,NaN,NaN,NaN
3205,401.53,3221.68,NaN,NaN,NaN
3206,587.43,3617.48,NaN,NaN,NaN
3207,854.86,3264.53,0,0,0.0000
3208,706.83,3592.08,3,7,2.3333
3209,40.88,3853.27,NaN,NaN,NaN
3210,804.42,3621.86,NaN,NaN,NaN
3211,884.33,3700.92,0,0,0.0000
3212,483.55,3345.53,3,4,0.0000
3213,660.21,3303.14,NaN,NaN,NaN
3214,764.35,3694.74,2,4,2.0000
3215,854.78,3777.71,2,4,2.0000
3216,777.11,3468.88,NaN,NaN,NaN
3217,216.07,3929.09,NaN,NaN,NaN
3218,34.23,3561.23,0,0,0.0000
3219,341.92,3223.89,NaN,NaN,NaN
3220,158.51,3923.51,NaN,NaN,NaN
3221,536.93,3578.19,NaN,NaN,NaN
3222,503.55,3643.15,NaN,NaN,NaN
3223,418.42,3308.88,2,2,0.0000
3224,858.85,3872.15,3,4,0.0000
3225,123.56,3758.34,NaN,NaN,NaN
3226,80.31,3647.72,4,3,0.0000
3227,58.08,3751.24,NaN,NaN,NaN
3228,835.64,3699.84,NaN,NaN,NaN
3229,31.82,3673.03,0,0,0.0000
3230,113.26,3952.69,NaN,NaN,NaN
3231,357.82,3263.62,0,0,0.0000
3232,773.07,3569.98,3,3,0.0000
3233,1657.20,3520.69,4,2,0.0000
3234,1653.16,3742.30,2,4,2.0000
3235,1000.52,3959.09,2,5,2.5000
3236,1482.01,3303.89,NaN,NaN,NaN
3237,1589.56,3220.03,2,2,0.0000
3238,964.49,3320.33,NaN,NaN,NaN
3239,1643.43,3663.39,3,6,2.0000
3240,1579.63,3425.07,3,3,0.0000
3241,929.96,3836.87,NaN,NaN,NaN
3242,912.82,3495.37,NaN,NaN,NaN
3243,1393.88,3251.64,0,0,0.0000
3244,1100.40,3877.71,NaN,NaN,NaN
3245,1016.97,3820.10,NaN,NaN,NaN
3246,1085.16,3323.03,NaN,NaN,NaN
3247,1565.65,3339.54,2,3,0.0000
3248,930.72,3217.78,2,6,3.0000
3249,1220.83,3349.53,NaN,NaN,NaN
3250,905.60,3393.40,NaN,NaN,NaN
3251,1212.76,3261.58,0,0,0.0000
3252,959.33,3761.56,NaN,NaN,NaN
3253,1122.31,3252.06,2,4,2.0000
3254,926.98,3670.61,NaN,NaN,NaN
3255,1015.49,3416.59,NaN,NaN,NaN
3256,1384.26,3696.88,NaN,NaN,NaN
3257,1473.25,3713.66,NaN,NaN,NaN
3258,1021.20,3259.98,3,6,2.0000
3259,1128.47,3349.56,NaN,NaN,NaN
3260,1464.88,3464.60,0,0,0.0000
3261,1104.66,3952.60,NaN,NaN,NaN
3262,1581.22,3488.70,NaN,NaN,NaN
3263,900.51,3595.51,NaN,NaN,NaN
3264,1540.42,3712.06,2,3,0.0000
3265,1635.50,3360.62,2,4,2.0000
3266,1367.41,3747.57,2,6,3.0000
3267,1626.20,3905.97,3,4,0.0000
3268,1017.27,3883.90,2,3,0.0000
3269,1504.94,3514.86,NaN,NaN,NaN
3270,1648.96,3302.31,NaN,NaN,NaN
3271,1581.54,3548.74,0,0,0.0000
3272,985.97,3453.55,0,0,0.0000
3273,1548.16,3780.20,0,0,0.0000
3274,1202.59,3958.56,3,6,2.0000
3275,1851.44,3865.51,NaN,NaN,NaN
3276,1879.17,3641.74,NaN,NaN,NaN
3277,1683.21,3852.88,2,4,2.0000
3278,1880.44,3552.42,NaN,NaN,NaN
3279,1772.64,3786.39,NaN,NaN,NaN
3280,2419.30,3286.14,NaN,NaN,NaN
3281,1981.17,3955.43,NaN,NaN,NaN
3282,1722.19,3266.16,NaN,NaN,NaN
3283,1802.86,3460.79,5,7,0.0000
3284,1769.08,3340.28,NaN,NaN,NaN
3285,1977.17,3817.55,0,0,0.0000
3286,1876.75,3776.96,0,0,0.0000
3287,1728.75,3590.72,NaN,NaN,NaN
3288,2045.50,3923.75,NaN,NaN,NaN
3289,1746.32,3518.29,NaN,NaN,NaN
3290,1800.27,3957.99,0,0,0.0000
3291,1774.89,3652.68,NaN,NaN,NaN
3292,1940.39,3728.56,0,0,0.0000
3293,1736.35,3926.40,0,0,0.0000
3294,2031.07,3818.31,0,0,0.0000
3295,1683.10,3404.01,NaN,NaN,NaN
3296,1888.50,3955.33,NaN,NaN,NaN
3297,1839.90,3726.43,0,0,0.0000
3298,1691.25,3965.49,0,0,0.0000
3299,2749.93,3293.65,3,3,0.0000
3300,2707.92,3493.81,NaN,NaN,NaN
3301,3188.51,3386.69,2,3,0.0000
3302,2769.29,3210.74,NaN,NaN,NaN
3303,3118.18,3312.33,NaN,NaN,NaN
3304,2534.41,3330.19,NaN,NaN,NaN
3305,2695.52,3556.61,0,0,0.0000
3306,2668.05,3379.83,NaN,NaN,NaN
3307,2563.20,3503.38,2,1,0.0000
3308,2613.22,3550.22,NaN,NaN,NaN
3309,2494.39,3266.28,NaN,NaN,NaN
3310,2668.09,3438.25,0,0,0.0000
3311,2562.34,3251.63,2,8,4.0000
3312,2592.27,3303.52,0,0,0.0000
3313,2553.53,3449.76,3,6,2.0000
3314,2728.75,3411.79,NaN,NaN,NaN
3315,2466.76,3224.31,2,4,2.0000
3316,2445.71,3431.04,0,0,0.0000
3317,2489.29,3301.09,2,1,0.0000
3318,2443.83,3386.02,0,0,0.0000
3319,3307.94,3207.84,NaN,NaN,NaN
3320,3409.48,3553.91,2,1,0.0000
3321,3275.43,3314.36,NaN,NaN,NaN
3322,3358.55,3769.56,NaN,NaN,NaN
3323,3573.39,3833.82,2,6,3.0000
3324,3439.50,3236.74,3,4,0.0000
3325,3450.58,3474.29,NaN,NaN,NaN
3326,3600.57,3580.56,NaN,NaN,NaN
3327,3297.91,3430.93,5,6,0.0000
3328,3761.54,3848.85,NaN,NaN,NaN
3329,3361.56,3381.32,NaN,NaN,NaN
3330,3271.91,3568.79,NaN,NaN,NaN
3331,3228.67,3476.14,NaN,NaN,NaN
3332,3466.97,3321.30,NaN,NaN,NaN
3333,3510.55,3423.71,NaN,NaN,NaN
3334,3316.66,3592.19,NaN,NaN,NaN
3335,3557.57,3200.41,NaN,NaN,NaN
3336,3625.19,3757.90,NaN,NaN,NaN
3337,3608.14,3293.60,0,0,0.0000
3338,3648.59,3544.24,0,0,0.0000
3339,3598.20,3687.70,NaN,NaN,NaN
3340,3533.72,3250.96,0,0,0.0000
3341,3402.05,3213.36,NaN,NaN,NaN
3342,3591.39,3430.26,NaN,NaN,NaN
3343,3537.25,3326.51,NaN,NaN,NaN
3344,3280.21,3744.30,NaN,NaN,NaN
3345,3252.87,3436.53,2,3,0.0000
3346,3468.38,3886.49,NaN,NaN,NaN
3347,3475.39,3812.70,2,2,0.0000
3348,3468.57,3608.79,0,0,0.0000
3349,3275.14,3967.92,0,0,0.0000
3350,3362.67,3277.52,0,0,0.0000
3351,3231.71,3634.39,NaN,NaN,NaN
3352,3501.67,3561.28,NaN,NaN,NaN
3353,3538.30,3529.06,NaN,NaN,NaN
3354,3536.87,3390.18,NaN,NaN,NaN
3355,3718.03,3898.48,0,0,0.0000
3356,3641.71,3417.57,0,0,0.0000
3357,3631.68,3472.87,3,6,2.0000
3358,3311.00,3796.84,0,0,0.0000
3359,3656.83,3856.62,NaN,NaN,NaN
3360,3370.45,3479.99,2,4,2.0000
3361,3307.17,3936.65,NaN,NaN,NaN
3362,3550.22,3732.35,0,0,0.0000
3363,3271.23,3646.63,0,0,0.0000
3364,3299.88,3877.59,0,0,0.0000
3365,3405.27,3341.32,0,0,0.0000
3366,3444.46,3695.03,0,0,0.0000
3367,3573.39,3484.13,2,5,2.5000
3368,3614.57,3215.02,2,2,0.0000
3369,3414.82,3731.94,0,0,0.0000
3370,3468.01,3658.06,NaN,NaN,NaN
3371,3217.93,3570.26,2,4,2.0000
3372,4617.93,3790.77,NaN,NaN,NaN
3373,4553.90,3598.43,NaN,NaN,NaN
3374,4599.95,3347.23,NaN,NaN,NaN
3375,4358.03,3412.64,NaN,NaN,NaN
3376,4701.14,3544.45,2,3,0.0000
3377,4433.29,3313.64,NaN,NaN,NaN
3378,4703.54,3928.79,0,0,0.0000
3379,4429.75,3583.50,NaN,NaN,NaN
3380,4625.18,3920.31,0,0,0.0000
3381,4484.83,3713.18,NaN,NaN,NaN
3382,4624.93,3559.32,NaN,NaN,NaN
3383,4653.24,3251.50,NaN,NaN,NaN
3384,4187.57,3389.30,NaN,NaN,NaN
3385,4283.89,3594.74,NaN,NaN,NaN
3386,4481.80,3239.65,0,0,0.0000
3387,4190.13,3476.53,2,5,2.5000
3388,4461.70,3504.69,4,7,0.0000
3389,4300.12,3672.28,2,2,0.0000
3390,4342.83,3587.53,2,5,2.5000
3391,4658.40,3700.41,0,0,0.0000
3392,4507.40,3458.98,NaN,NaN,NaN
3393,4586.40,3442.55,NaN,NaN,NaN
3394,4598.00,3681.04,0,0,0.0000
3395,4347.65,3469.86,0,0,0.0000
3396,4701.22,3212.06,3,6,2.0000
3397,4397.43,3843.40,NaN,NaN,NaN
3398,4319.51,3713.90,NaN,NaN,NaN
3399,4500.02,3797.47,NaN,NaN,NaN
3400,4673.89,3308.09,NaN,NaN,NaN
3401,4379.08,3752.96,3,3,0.0000
3402,4681.19,3453.46,NaN,NaN,NaN
3403,4420.89,3920.75,0,0,0.0000
3404,4531.95,3841.99,0,0,0.0000
3405,4477.93,3886.79,3,4,0.0000
3406,4260.36,3210.11,NaN,NaN,NaN
3407,4232.09,3258.23,0,0,0.0000
3408,4521.60,3373.86,0,0,0.0000
3409,4235.45,3528.76,2,4,2.0000
3410,4358.54,3528.01,0,0,0.0000
3411,4302.96,3762.06,2,4,2.0000
3412,4348.19,3649.61,NaN,NaN,NaN
3413,4636.74,3419.66,NaN,NaN,NaN
3414,4496.79,3653.99,0,0,0.0000
3415,4248.05,3314.61,0,0,0.0000
3416,4206.32,3219.02,NaN,NaN,NaN
3417,4549.31,3235.18,0,0,0.0000
3418,4668.89,3635.20,NaN,NaN,NaN
3419,4558.92,3921.16,0,0,0.0000
3420,4718.38,3362.44,0,0,0.0000
3421,4907.90,3436.11,NaN,NaN,NaN
3422,4738.89,3728.17,0,0,0.0000
3423,4778.93,3911.85,2,3,0.0000
3424,4895.82,3662.92,NaN,NaN,NaN
3425,5436.43,3813.53,2,3,0.0000
3426,4775.64,3277.28,3,7,2.3333
3427,4894.95,3332.70,2,5,2.5000
3428,4964.10,3600.16,0,0,0.0000
3429,4905.16,3851.35,3,5,0.0000
3430,4990.96,3853.17,NaN,NaN,NaN
3431,5172.31,3707.58,2,5,2.5000
3432,5407.84,3886.48,2,3,0.0000
3433,5230.57,3848.41,2,4,2.0000
3434,5034.00,3439.03,0,0,0.0000
3435,5219.66,3933.99,NaN,NaN,NaN
3436,4858.30,3917.21,NaN,NaN,NaN
3437,5311.49,3694.59,0,0,0.0000
3438,4798.35,3560.93,NaN,NaN,NaN
3439,5075.51,3517.10,2,5,2.5000
3440,5150.65,3907.48,NaN,NaN,NaN
3441,4996.92,3343.95,NaN,NaN,NaN
3442,5014.44,3939.22,NaN,NaN,NaN
3443,5110.25,3785.12,0,0,0.0000
3444,5072.29,3625.31,0,0,0.0000
3445,4854.16,3548.54,NaN,NaN,NaN
3446,5333.82,3856.56,NaN,NaN,NaN
3447,4754.70,3510.84,NaN,NaN,NaN
3448,4989.02,3284.74,NaN,NaN,NaN
3449,5096.76,3718.10,0,0,0.0000
3450,5332.30,3925.78,0,0,0.0000
3451,4754.57,3834.04,NaN,NaN,NaN
3452,5433.59,3752.65,0,0,0.0000
3453,5373.61,3792.66,NaN,NaN,NaN
3454,4978.03,3533.62,0,0,0.0000
3455,5117.89,3581.29,0,0,0.0000
3456,5500.67,3927.55,NaN,NaN,NaN
3457,4743.46,3432.65,NaN,NaN,NaN
3458,5190.28,3767.84,2,2,0.0000
3459,4837.96,3821.91,NaN,NaN,NaN
3460,5239.81,3742.27,NaN,NaN,NaN
3461,4945.66,3791.70,0,0,0.0000
3462,4945.81,3250.91,NaN,NaN,NaN
3463,4942.83,3398.98,0,0,0.0000
3464,5006.00,3687.55,0,0,0.0000
3465,5384.76,3720.21,NaN,NaN,NaN
3466,5269.05,3760.53,0,0,0.0000
3467,5142.96,3486.21,0,0,0.0000
3468,4895.16,3512.69,NaN,NaN,NaN
3469,4785.94,3478.96,NaN,NaN,NaN
3470,5035.41,3720.76,0,0,0.0000
3471,5058.68,3845.06,NaN,NaN,NaN
3472,4780.46,3636.83,NaN,NaN,NaN
3473,4804.72,3773.40,NaN,NaN,NaN
3474,4824.97,3443.01,NaN,NaN,NaN
3475,4924.25,3298.67,NaN,NaN,NaN
3476,6055.52,3410.28,NaN,NaN,NaN
3477,6117.79,3967.11,NaN,NaN,NaN
3478,5973.78,3495.30,NaN,NaN,NaN
3479,6201.85,3249.54,NaN,NaN,NaN
3480,5976.36,3289.96,NaN,NaN,NaN
3481,5940.21,3643.37,0,0,0.0000
3482,6174.25,3504.91,4,7,0.0000
3483,6164.57,3609.52,NaN,NaN,NaN
3484,5998.65,3715.38,0,0,0.0000
3485,6171.39,3836.18,NaN,NaN,NaN
3486,6005.33,3595.16,NaN,NaN,NaN
3487,6268.82,3345.97,2,2,0.0000
3488,5803.29,3905.65,2,3,0.0000
3489,6102.65,3264.35,NaN,NaN,NaN
3490,5724.76,3920.59,NaN,NaN,NaN
3491,6234.25,3677.10,0,0,0.0000
3492,6063.87,3738.36,0,0,0.0000
3493,6229.86,3777.75,NaN,NaN,NaN
3494,6093.22,3587.11,NaN,NaN,NaN
3495,5915.38,3423.90,NaN,NaN,NaN
3496,5871.85,3855.14,2,2,0.0000
3497,6219.68,3911.94,NaN,NaN,NaN
3498,6088.38,3359.63,NaN,NaN,NaN
3499,6051.69,3952.08,0,0,0.0000
3500,6171.59,3682.33,NaN,NaN,NaN
3501,6117.60,3726.96,NaN,NaN,NaN
3502,5949.95,3719.70,0,0,0.0000
3503,5760.37,3859.20,2,3,0.0000
3504,6208.69,3455.39,0,0,0.0000
3505,5912.23,3236.19,2,3,0.0000
3506,6124.81,3675.54,0,0,0.0000
3507,6221.55,3579.36,NaN,NaN,NaN
3508,6193.35,3554.99,NaN,NaN,NaN
3509,6220.25,3854.89,0,0,0.0000
3510,6250.16,3574.38,0,0,0.0000
3511,5922.16,3371.89,NaN,NaN,NaN
3512,6057.22,3483.81,NaN,NaN,NaN
3513,5835.41,3913.30,0,0,0.0000
3514,6581.52,3759.53,NaN,NaN,NaN
3515,6417.38,3589.24,2,5,2.5000
3516,6830.10,3941.58,NaN,NaN,NaN
3517,6832.20,3434.92,3,8,2.6667
3518,6995.98,3915.23,4,9,2.2500
3519,6702.75,3824.73,NaN,NaN,NaN
3520,6294.90,3771.35,3,5,0.0000
3521,6557.61,3916.52,NaN,NaN,NaN
3522,6793.04,3734.98,NaN,NaN,NaN
3523,7033.46,3681.42,NaN,NaN,NaN
3524,6999.70,3509.81,0,0,0.0000
3525,6669.32,3692.04,2,2,0.0000
3526,6372.03,3721.71,NaN,NaN,NaN
3527,6990.16,3573.20,0,0,0.0000
3528,6472.28,3420.46,2,4,2.0000
3529,6478.92,3257.27,0,0,0.0000
3530,6904.07,3635.19,NaN,NaN,NaN
3531,6670.80,3570.36,NaN,NaN,NaN
3532,6903.52,3724.55,NaN,NaN,NaN
3533,6570.37,3246.35,NaN,NaN,NaN
3534,6553.81,3585.92,NaN,NaN,NaN
3535,6972.84,3277.92,NaN,NaN,NaN
3536,6742.95,3679.89,4,7,0.0000
3537,6409.81,3924.01,NaN,NaN,NaN
3538,6760.58,3370.91,NaN,NaN,NaN
3539,6339.89,3542.43,3,4,0.0000
3540,6920.55,3342.97,2,6,3.0000
3541,6730.59,3274.01,NaN,NaN,NaN
3542,6853.30,3238.53,3,0,0.0000
3543,6513.84,3847.74,0,0,0.0000
3544,6716.69,3452.99,NaN,NaN,NaN
3545,6487.11,3705.90,0,0,0.0000
3546,6388.56,3439.10,0,0,0.0000
3547,6788.76,3284.81,0,0,0.0000
3548,6912.67,3804.93,NaN,NaN,NaN
3549,6402.08,3256.39,NaN,NaN,NaN
3550,6834.77,3327.55,NaN,NaN,NaN
3551,6777.82,3883.59,4,3,0.0000
3552,6762.04,3217.96,2,3,0.0000
3553,6959.59,3415.30,NaN,NaN,NaN
3554,6319.20,3268.95,NaN,NaN,NaN
3555,6660.66,3259.21,0,0,0.0000
3556,6691.21,3389.10,NaN,NaN,NaN
3557,6501.38,3578.47,NaN,NaN,NaN
3558,6432.38,3342.99,2,2,0.0000
3559,6598.86,3622.00,NaN,NaN,NaN
3560,6608.94,3386.91,0,0,0.0000
3561,6860.52,3517.49,NaN,NaN,NaN
3562,6343.64,3646.40,0,0,0.0000
3563,6908.20,3254.32,NaN,NaN,NaN
3564,6994.09,3631.93,NaN,NaN,NaN
3565,6654.47,3487.24,0,0,0.0000
3566,6618.85,3846.64,0,0,0.0000
3567,6970.03,3218.05,NaN,NaN,NaN
3568,6641.86,3322.39,0,0,0.0000
3569,6754.92,3612.29,NaN,NaN,NaN
3570,6558.45,3440.53,NaN,NaN,NaN
3571,6451.55,3863.93,0,0,0.0000
3572,6968.55,3761.38,0,0,0.0000
3573,6597.54,3480.61,NaN,NaN,NaN
3574,7021.84,3403.11,0,0,0.0000
3575,6644.11,3922.03,0,0,0.0000
3576,6693.99,3957.47,0,0,0.0000
3577,6557.17,3682.18,0,0,0.0000
3578,6934.52,3473.79,NaN,NaN,NaN
3579,6832.07,3805.68,0,0,0.0000
3580,6362.76,3326.67,0,0,0.0000
3581,6700.46,3320.54,0,0,0.0000
3582,6535.56,3395.33,NaN,NaN,NaN
3583,6829.51,3648.09,NaN,NaN,NaN
3584,6668.98,3201.57,0,0,0.0000
3585,6402.29,3202.75,2,3,0.0000
3586,6840.42,3598.32,0,0,0.0000
3587,7257.76,3208.31,0,0,0.0000
3588,7150.25,3607.88,NaN,NaN,NaN
3589,7430.10,3583.34,2,2,0.0000
3590,7593.89,3268.09,NaN,NaN,NaN
3591,7279.66,3761.22,2,8,4.0000
3592,7583.06,3943.64,2,3,0.0000
3593,7315.62,3494.32,2,7,3.5000
3594,7673.37,3230.25,NaN,NaN,NaN
3595,7221.43,3890.22,NaN,NaN,NaN
3596,7051.43,3325.20,NaN,NaN,NaN
3597,7520.05,3315.97,2,2,0.0000
3598,7423.80,3318.40,0,0,0.0000
3599,7264.43,3569.88,NaN,NaN,NaN
3600,7353.56,3340.47,0,0,0.0000
3601,7098.64,3475.13,0,0,0.0000
3602,7524.41,3636.96,NaN,NaN,NaN
3603,7297.78,3412.63,NaN,NaN,NaN
3604,7041.09,3779.34,2,3,0.0000
3605,7381.34,3710.79,NaN,NaN,NaN
3606,7347.62,3880.07,NaN,NaN,NaN
3607,7101.55,3902.57,0,0,0.0000
3608,7417.12,3792.84,NaN,NaN,NaN
3609,7539.24,3770.81,NaN,NaN,NaN
3610,7609.33,3661.86,NaN,NaN,NaN
3611,7661.64,3910.00,NaN,NaN,NaN
3612,7499.10,3419.17,NaN,NaN,NaN
3613,7348.82,3655.76,NaN,NaN,NaN
3614,7638.02,3949.91,2,7,3.5000
3615,7455.37,3965.53,NaN,NaN,NaN
3616,7577.06,3581.77,NaN,NaN,NaN
3617,7458.39,3243.84,0,0,0.0000
3618,7606.08,3828.38,0,0,0.0000
3619,7568.35,3441.20,NaN,NaN,NaN
3620,7647.19,3766.88,0,0,0.0000
3621,7101.99,3253.78,NaN,NaN,NaN
3622,7674.01,3509.13,NaN,NaN,NaN
3623,7104.36,3406.29,NaN,NaN,NaN
3624,7718.28,3378.87,0,0,0.0000
3625,7622.38,3375.82,NaN,NaN,NaN
3626,7405.00,3212.34,NaN,NaN,NaN
3627,7382.38,3447.11,3,3,0.0000
3628,7452.16,3437.93,NaN,NaN,NaN
3629,7183.24,3821.81,2,5,2.5000
3630,7217.31,3453.03,NaN,NaN,NaN
3631,7691.82,3447.40,0,0,0.0000
3632,7701.90,3803.42,NaN,NaN,NaN
3633,7564.11,3527.90,0,0,0.0000
3634,7084.62,3547.00,0,0,0.0000
3635,7250.13,3305.72,2,3,0.0000
3636,7646.84,3713.59,0,0,0.0000
3637,7734.95,3894.39,NaN,NaN,NaN
3638,7135.96,3753.59,NaN,NaN,NaN
3639,7634.97,3561.36,NaN,NaN,NaN
3640,7183.62,3301.25,0,0,0.0000
3641,7605.07,3422.13,NaN,NaN,NaN
3642,7529.59,3840.61,0,0,0.0000
3643,7128.95,3811.20,2,8,4.0000
3644,7672.77,3833.11,0,0,0.0000
3645,7638.58,3525.25,0,0,0.0000
3646,7177.93,3498.99,NaN,NaN,NaN
3647,7494.22,3892.80,0,0,0.0000
3648,7572.42,3714.04,NaN,NaN,NaN
3649,7322.08,3619.09,0,0,0.0000
3650,7424.77,3920.35,0,0,0.0000
3651,7446.00,3867.29,0,0,0.0000
3652,7410.97,3857.17,0,0,0.0000
3653,7187.56,3695.97,NaN,NaN,NaN
3654,7724.26,3485.83,0,0,0.0000
3655,7236.15,3838.65,0,0,0.0000
3656,7237.14,3807.04,0,0,0.0000
3657,7460.92,3814.48,0,0,0.0000
3658,7463.01,3716.91,2,3,0.0000
3659,7616.32,3462.89,NaN,NaN,NaN
3660,7265.91,3680.51,NaN,NaN,NaN
3661,7209.95,3660.29,NaN,NaN,NaN
3662,8346.52,3875.00,NaN,NaN,NaN
3663,8695.01,3844.38,NaN,NaN,NaN
3664,8784.66,3773.76,NaN,NaN,NaN
3665,8849.02,3844.08,NaN,NaN,NaN
3666,8781.64,3879.11,0,0,0.0000
3667,8778.28,3825.62,NaN,NaN,NaN
3668,8802.42,3937.53,0,0,0.0000
3669,9296.15,3258.41,NaN,NaN,NaN
3670,10006.70,3536.48,2,4,2.0000
3671,10031.16,3281.51,2,6,3.0000
3672,10026.44,3960.87,NaN,NaN,NaN
3673,10108.84,3327.82,NaN,NaN,NaN
3674,9494.77,3451.79,NaN,NaN,NaN
3675,9532.89,3254.99,2,3,0.0000
3676,10082.90,3618.98,NaN,NaN,NaN
3677,10100.16,3496.76,NaN,NaN,NaN
3678,9558.44,3204.66,2,3,0.0000
3679,10092.01,3397.45,2,5,2.5000
3680,9446.84,3302.29,0,0,0.0000
3681,9991.10,3846.77,NaN,NaN,NaN
3682,9535.44,3406.19,2,3,0.0000
3683,9411.91,3282.87,0,0,0.0000
3684,9959.67,3253.00,NaN,NaN,NaN
3685,9495.83,3319.73,0,0,0.0000
3686,9445.25,3404.94,NaN,NaN,NaN
3687,10017.74,3370.65,0,0,0.0000
3688,10042.19,3885.85,0,0,0.0000
3689,9425.53,3376.93,0,0,0.0000
3690,9585.99,3336.21,2,3,0.0000
3691,9946.96,3298.58,NaN,NaN,NaN
3692,9565.36,3438.15,0,0,0.0000
3693,10071.18,3457.36,NaN,NaN,NaN
3694,9592.53,3433.07,2,2,0.0000
3695,9476.81,3377.69,0,0,0.0000
3696,10821.40,3227.36,0,0,0.0000
3697,10214.68,3781.94,NaN,NaN,NaN
3698,10383.35,3248.39,NaN,NaN,NaN
3699,10557.38,3612.09,NaN,NaN,NaN
3700,10594.79,3255.80,0,0,0.0000
3701,10336.32,3377.68,NaN,NaN,NaN
3702,10834.26,3629.50,NaN,NaN,NaN
3703,10427.65,3827.65,NaN,NaN,NaN
3704,10811.38,3798.66,NaN,NaN,NaN
3705,10443.73,3517.34,0,0,0.0000
3706,10656.50,3603.90,NaN,NaN,NaN
3707,10364.14,3599.92,NaN,NaN,NaN
3708,10356.04,3478.87,2,2,0.0000
3709,10422.58,3720.01,NaN,NaN,NaN
3710,10805.80,3959.20,NaN,NaN,NaN
3711,10766.40,3858.32,NaN,NaN,NaN
3712,10128.71,3562.34,NaN,NaN,NaN
3713,10352.42,3935.17,0,0,0.0000
3714,10350.27,3778.96,NaN,NaN,NaN
3715,10298.27,3764.70,NaN,NaN,NaN
3716,10684.51,3740.48,NaN,NaN,NaN
3717,10753.79,3469.72,0,0,0.0000
3718,10526.28,3761.33,NaN,NaN,NaN
3719,10550.84,3955.01,0,0,0.0000
3720,10740.04,3268.76,0,0,0.0000
3721,10718.26,3337.69,0,0,0.0000
3722,10331.01,3674.90,2,7,3.5000
3723,10280.86,3890.39,NaN,NaN,NaN
3724,10146.95,3414.09,NaN,NaN,NaN
3725,10822.14,3464.71,0,0,0.0000
3726,10251.05,3387.07,NaN,NaN,NaN
3727,10215.57,3658.37,NaN,NaN,NaN
3728,10257.75,3483.18,NaN,NaN,NaN
3729,10638.30,3687.54,NaN,NaN,NaN
3730,10817.10,3541.89,0,0,0.0000
3731,10550.62,3261.56,0,0,0.0000
3732,10261.90,3688.11,NaN,NaN,NaN
3733,10199.48,3219.68,NaN,NaN,NaN
3734,10691.17,3811.03,NaN,NaN,NaN
3735,10631.42,3966.20,2,3,0.0000
3736,10803.96,3305.78,0,0,0.0000
3737,10871.76,3380.56,2,3,0.0000
3738,10429.42,3642.01,0,0,0.0000
3739,10196.33,3449.93,NaN,NaN,NaN
3740,10786.25,3375.08,0,0,0.0000
3741,10721.48,3889.04,NaN,NaN,NaN
3742,10214.06,3554.75,NaN,NaN,NaN
3743,10565.26,3336.13,0,0,0.0000
3744,10452.54,3358.40,2,6,3.0000
3745,10276.70,3323.10,3,6,2.0000
3746,10493.16,3440.66,NaN,NaN,NaN
3747,10405.57,3363.79,0,0,0.0000
3748,10357.54,3857.57,0,0,0.0000
3749,10519.20,3844.09,NaN,NaN,NaN
3750,10191.52,3889.31,2,4,2.0000
3751,10762.31,3560.45,NaN,NaN,NaN
3752,10557.64,3821.14,NaN,NaN,NaN
3753,10279.75,3564.66,3,6,2.0000
3754,10138.19,3225.87,NaN,NaN,NaN
3755,10656.32,3899.78,0,0,0.0000
3756,10226.27,3587.27,0,0,0.0000
3757,10745.53,3649.15,0,0,0.0000
3758,10702.02,3437.67,2,3,0.0000
3759,10188.45,3275.37,0,0,0.0000
3760,10700.31,3396.76,NaN,NaN,NaN
3761,10702.60,3501.04,0,0,0.0000
3762,10684.50,3363.88,0,0,0.0000
3763,10901.99,3525.23,0,0,0.0000
3764,10924.01,3355.28,2,4,2.0000
3765,11606.10,3292.51,3,5,0.0000
3766,10997.38,3751.74,2,1,0.0000
3767,10923.66,3774.00,NaN,NaN,NaN
3768,11608.85,3410.57,2,5,2.5000
3769,10882.40,3832.98,NaN,NaN,NaN
3770,10884.72,3954.51,NaN,NaN,NaN
3771,11533.31,3399.17,NaN,NaN,NaN
3772,10953.64,3913.32,2,1,0.0000
3773,10965.76,3640.88,NaN,NaN,NaN
3774,11548.68,3301.76,NaN,NaN,NaN
3775,11000.90,3566.15,3,3,0.0000
3776,11024.62,3884.21,NaN,NaN,NaN
3777,11019.33,3646.53,2,2,0.0000
3778,10977.95,3465.01,NaN,NaN,NaN
3779,10919.80,3704.92,0,0,0.0000
3780,10968.70,3524.01,0,0,0.0000
3781,11636.04,3492.45,NaN,NaN,NaN
3782,11518.37,3325.22,NaN,NaN,NaN
3783,11010.46,3368.52,2,3,0.0000
3784,10988.11,3272.91,NaN,NaN,NaN
3785,11067.54,3954.50,3,2,0.0000
3786,10950.10,3257.75,0,0,0.0000
3787,11647.62,3618.94,0,0,0.0000
3788,11031.60,3694.90,NaN,NaN,NaN
3789,12359.46,3491.88,NaN,NaN,NaN
3790,12353.22,3334.30,3,9,3.0000
3791,11791.21,3558.41,NaN,NaN,NaN
3792,11725.95,3449.67,NaN,NaN,NaN
3793,12272.71,3353.35,0,0,0.0000
3794,11890.17,3231.88,NaN,NaN,NaN
3795,12282.89,3527.95,NaN,NaN,NaN
3796,11671.90,3563.90,NaN,NaN,NaN
3797,11821.61,3331.08,NaN,NaN,NaN
3798,12160.98,3383.08,NaN,NaN,NaN
3799,11662.55,3371.67,0,0,0.0000
3800,12275.77,3257.44,NaN,NaN,NaN
3801,12120.61,3326.50,NaN,NaN,NaN
3802,12252.33,3208.17,NaN,NaN,NaN
3803,12280.52,3459.73,0,0,0.0000
3804,12059.00,3265.33,NaN,NaN,NaN
3805,11893.84,3424.97,NaN,NaN,NaN
3806,12149.41,3235.82,0,0,0.0000
3807,11939.94,3201.80,NaN,NaN,NaN
3808,11678.62,3253.61,0,0,0.0000
3809,11733.55,3282.14,0,0,0.0000
3810,12112.21,3266.69,NaN,NaN,NaN
3811,12198.04,3235.58,NaN,NaN,NaN
3812,12389.89,3248.73,0,0,0.0000
3813,11795.05,3234.89,2,4,2.0000
3814,11902.55,3335.07,0,0,0.0000
3815,11733.64,3216.18,NaN,NaN,NaN
3816,12036.51,3346.40,0,0,0.0000
3817,12217.01,3433.10,0,0,0.0000
3818,12022.59,3430.83,NaN,NaN,NaN
3819,12020.08,3238.30,0,0,0.0000
3820,11830.09,3393.22,0,0,0.0000
3821,11672.91,3453.65,0,0,0.0000
3822,12200.58,3551.36,0,0,0.0000
3823,11995.46,3309.31,0,0,0.0000
3824,11826.14,3509.21,0,0,0.0000
3825,12233.42,3573.50,0,0,0.0000
3826,11733.04,3543.91,0,0,0.0000
3827,12214.43,3294.33,0,0,0.0000
3828,11883.46,3370.83,0,0,0.0000
3829,11950.45,3330.18,0,0,0.0000
3830,12609.75,3433.11,NaN,NaN,NaN
3831,12442.47,3317.02,2,6,3.0000
3832,12801.04,3290.86,NaN,NaN,NaN
3833,12721.47,3245.54,NaN,NaN,NaN
3834,12472.95,3471.30,NaN,NaN,NaN
3835,12695.57,3333.16,NaN,NaN,NaN
3836,12745.08,3361.25,2,4,2.0000
3837,12518.75,3424.25,NaN,NaN,NaN
3838,12593.30,3344.61,NaN,NaN,NaN
3839,12633.14,3290.15,2,4,2.0000
3840,12486.94,3259.68,NaN,NaN,NaN
3841,12547.47,3288.59,NaN,NaN,NaN
3842,12679.05,3392.28,2,5,2.5000
3843,12528.98,3494.83,NaN,NaN,NaN
3844,12425.97,3400.47,0,0,0.0000
3845,13853.63,3858.19,NaN,NaN,NaN
3846,13922.42,3864.90,NaN,NaN,NaN
3847,13701.07,3933.17,0,0,0.0000
3848,13749.51,3853.83,NaN,NaN,NaN
3849,13902.05,3940.21,NaN,NaN,NaN
3850,14690.23,3377.77,NaN,NaN,NaN
3851,14683.69,3607.67,0,0,0.0000
3852,14058.93,3945.92,0,0,0.0000
3853,14686.49,3234.78,NaN,NaN,NaN
3854,13972.27,3794.42,NaN,NaN,NaN
3855,14176.24,3966.19,0,0,0.0000
3856,14592.13,3343.06,NaN,NaN,NaN
3857,14474.56,3785.01,0,0,0.0000
3858,13977.47,3864.44,0,0,0.0000
3859,14081.56,3818.30,0,0,0.0000
3860,13957.14,3938.36,0,0,0.0000
3861,14425.33,3820.55,0,0,0.0000
3862,14409.83,3705.77,0,0,0.0000
3863,14609.81,3871.31,NaN,NaN,NaN
3864,14022.92,3845.95,0,0,0.0000
3865,14480.43,3856.01,0,0,0.0000
3866,14937.61,3638.48,NaN,NaN,NaN
3867,14935.02,3432.04,NaN,NaN,NaN
3868,15101.68,3532.76,3,9,3.0000
3869,14792.00,3778.93,NaN,NaN,NaN
3870,14799.87,3540.74,NaN,NaN,NaN
3871,14791.54,3431.44,0,0,0.0000
3872,15112.59,3338.81,NaN,NaN,NaN
3873,15030.72,3505.59,NaN,NaN,NaN
3874,15177.07,3368.75,NaN,NaN,NaN
3875,15051.58,3312.37,NaN,NaN,NaN
3876,14873.74,3348.78,3,5,0.0000
3877,14752.06,3277.61,0,0,0.0000
3878,15109.30,3229.29,0,0,0.0000
3879,14798.98,3630.27,NaN,NaN,NaN
3880,14766.39,3697.22,NaN,NaN,NaN
3881,15028.96,3397.27,NaN,NaN,NaN
3882,14971.49,3219.75,NaN,NaN,NaN
3883,14977.00,3559.08,NaN,NaN,NaN
3884,14819.11,3262.05,0,0,0.0000
3885,15128.49,3436.75,NaN,NaN,NaN
3886,14908.75,3278.57,0,0,0.0000
3887,14987.92,3276.83,NaN,NaN,NaN
3888,14830.74,3692.25,0,0,0.0000
3889,14729.20,3856.87,0,0,0.0000
3890,14974.77,3323.39,4,5,0.0000
3891,14894.12,3510.93,0,0,0.0000
3892,14857.63,3464.17,0,0,0.0000
3893,16043.56,3361.07,2,4,2.0000
3894,16123.45,3447.84,0,0,0.0000
3895,15963.70,3817.80,2,4,2.0000
3896,15723.57,3785.03,NaN,NaN,NaN
3897,16176.00,3366.43,NaN,NaN,NaN
3898,15820.69,3840.72,NaN,NaN,NaN
3899,15731.44,3634.13,NaN,NaN,NaN
3900,15796.36,3708.48,3,2,0.0000
3901,15875.98,3684.39,NaN,NaN,NaN
3902,15769.29,3960.94,NaN,NaN,NaN
3903,15873.67,3605.72,0,0,0.0000
3904,15729.95,3927.82,2,5,2.5000
3905,16051.22,3632.72,0,0,0.0000
3906,15793.19,3540.03,NaN,NaN,NaN
3907,15939.63,3748.39,NaN,NaN,NaN
3908,15855.84,3935.17,NaN,NaN,NaN
3909,16324.84,3201.03,NaN,NaN,NaN
3910,15948.82,3586.35,0,0,0.0000
3911,15860.77,3520.28,3,6,2.0000
3912,15984.85,3662.50,0,0,0.0000
3913,16071.91,3549.73,0,0,0.0000
3914,15886.33,3810.25,0,0,0.0000
3915,15893.01,3869.80,0,0,0.0000
3916,15648.50,3739.60,NaN,NaN,NaN
3917,15709.96,3706.88,NaN,NaN,NaN
3918,16008.75,3592.91,0,0,0.0000
3919,15898.86,3932.25,NaN,NaN,NaN
3920,16146.06,3204.62,NaN,NaN,NaN
3921,15801.99,3795.41,0,0,0.0000
3922,15713.63,3573.38,0,0,0.0000
3923,15936.14,3685.12,2,4,2.0000
3924,16312.95,3258.91,NaN,NaN,NaN
3925,16094.36,3574.12,0,0,0.0000
3926,16052.73,3683.41,0,0,0.0000
3927,15817.47,3635.06,0,0,0.0000
3928,94.51,4035.96,NaN,NaN,NaN
3929,339.43,4300.12,2,5,2.5000
3930,247.04,4159.12,3,4,0.0000
3931,301.52,4547.40,NaN,NaN,NaN
3932,416.31,4535.33,NaN,NaN,NaN
3933,309.44,4129.98,NaN,NaN,NaN
3934,513.73,4603.41,NaN,NaN,NaN
3935,57.17,4274.05,NaN,NaN,NaN
3936,180.58,4006.17,NaN,NaN,NaN
3937,85.57,4156.87,0,0,0.0000
3938,612.75,4664.04,0,0,0.0000
3939,160.03,4117.72,3,2,0.0000
3940,719.85,4717.39,NaN,NaN,NaN
3941,398.86,4389.69,NaN,NaN,NaN
3942,280.83,4046.99,0,0,0.0000
3943,375.40,4459.35,NaN,NaN,NaN
3944,72.65,4211.15,0,0,0.0000
3945,376.87,4572.85,NaN,NaN,NaN
3946,184.13,4056.57,0,0,0.0000
3947,445.98,4385.22,2,2,0.0000
3948,594.66,4717.57,0,0,0.0000
3949,345.43,4219.52,NaN,NaN,NaN
3950,1653.00,4131.92,NaN,NaN,NaN
3951,1146.55,4492.67,NaN,NaN,NaN
3952,1614.71,4411.30,0,0,0.0000
3953,1607.03,4296.46,3,2,0.0000
3954,1621.38,4338.91,4,3,0.0000
3955,1659.72,4727.37,0,0,0.0000
3956,1621.10,4221.37,NaN,NaN,NaN
3957,1568.39,4674.02,2,4,2.0000
3958,1011.13,4030.94,3,7,2.3333
3959,1175.26,4587.00,NaN,NaN,NaN
3960,1084.02,4537.52,0,0,0.0000
3961,1556.42,4357.85,NaN,NaN,NaN
3962,1068.49,4035.02,0,0,0.0000
3963,1646.85,3969.19,0,0,0.0000
3964,1141.13,4545.54,0,0,0.0000
3965,1736.59,4469.23,0,0,0.0000
3966,1981.59,4405.16,NaN,NaN,NaN
3967,2399.73,4712.25,NaN,NaN,NaN
3968,1860.87,4617.43,NaN,NaN,NaN
3969,1781.46,4567.76,0,0,0.0000
3970,2034.69,4084.19,7,13,0.0000
3971,1908.71,4242.35,NaN,NaN,NaN
3972,1947.69,4055.80,4,7,0.0000
3973,1762.63,4176.64,0,0,0.0000
3974,2416.40,4613.33,2,1,0.0000
3975,2197.76,4504.56,NaN,NaN,NaN
3976,1715.65,4097.33,NaN,NaN,NaN
3977,2243.69,4664.84,NaN,NaN,NaN
3978,2223.83,4412.45,NaN,NaN,NaN
3979,1869.36,4404.42,NaN,NaN,NaN
3980,1837.87,4469.90,0,0,0.0000
3981,1891.20,4529.46,NaN,NaN,NaN
3982,1941.30,4130.18,3,6,2.0000
3983,2262.21,4570.72,NaN,NaN,NaN
3984,1667.55,4451.11,NaN,NaN,NaN
3985,1932.28,4672.98,NaN,NaN,NaN
3986,2335.36,4624.92,NaN,NaN,NaN
3987,1696.75,4589.89,NaN,NaN,NaN
3988,1803.64,4308.44,0,0,0.0000
3989,1963.71,4205.80,NaN,NaN,NaN
3990,2105.97,4373.05,3,5,0.0000
3991,1835.32,4218.49,4,5,0.0000
3992,1769.38,4029.87,NaN,NaN,NaN
3993,2047.24,4316.75,0,0,0.0000
3994,1706.98,4329.60,3,4,0.0000
3995,1790.09,4095.07,NaN,NaN,NaN
3996,2356.32,4512.88,2,5,2.5000
3997,2190.91,4235.97,3,1,0.0000
3998,1766.55,4373.04,NaN,NaN,NaN
3999,2196.28,4574.32,NaN,NaN,NaN
4000,2050.85,4396.44,0,0,0.0000
4001,2118.04,4492.68,NaN,NaN,NaN
4002,2157.25,4067.64,0,0,0.0000
4003,2151.47,4019.57,2,6,3.0000
4004,2124.70,4099.81,3,4,0.0000
4005,2160.80,4280.07,NaN,NaN,NaN
4006,2299.67,4674.56,NaN,NaN,NaN
4007,1872.62,4088.76,0,0,0.0000
4008,1769.28,4713.67,0,0,0.0000
4009,2194.37,4647.99,2,3,0.0000
4010,2314.86,4525.39,0,0,0.0000
4011,1879.30,4680.20,NaN,NaN,NaN
4012,2110.14,4438.35,0,0,0.0000
4013,2094.64,3974.88,0,0,0.0000
4014,2049.20,3994.28,0,0,0.0000
4015,1876.47,4147.81,0,0,0.0000
4016,2499.85,4715.21,NaN,NaN,NaN
4017,3029.12,4501.36,2,3,0.0000
4018,2561.74,4722.89,NaN,NaN,NaN
4019,3501.90,4466.74,0,0,0.0000
4020,3633.30,3980.99,NaN,NaN,NaN
4021,3659.32,4336.68,2,5,2.5000
4022,3783.29,4380.31,NaN,NaN,NaN
4023,3757.86,4619.55,NaN,NaN,NaN
4024,3875.86,4514.23,NaN,NaN,NaN
4025,3435.61,4183.10,0,0,0.0000
4026,3773.17,4532.42,NaN,NaN,NaN
4027,3416.72,3984.05,NaN,NaN,NaN
4028,3339.30,4003.53,NaN,NaN,NaN
4029,3687.78,4243.29,0,0,0.0000
4030,3430.19,4091.64,0,0,0.0000
4031,3494.42,4308.14,2,3,0.0000
4032,3573.89,4681.35,NaN,NaN,NaN
4033,3889.07,4382.77,NaN,NaN,NaN
4034,3571.29,4112.24,NaN,NaN,NaN
4035,3737.43,4058.40,0,0,0.0000
4036,3735.87,3975.23,NaN,NaN,NaN
4037,3706.33,4646.36,3,4,0.0000
4038,3595.39,4039.40,2,6,3.0000
4039,3957.33,4714.08,NaN,NaN,NaN
4040,3631.68,4537.03,NaN,NaN,NaN
4041,3662.35,4165.33,NaN,NaN,NaN
4042,3619.18,4617.63,2,3,0.0000
4043,3540.93,4274.13,3,3,0.0000
4044,3921.37,4317.58,2,2,0.0000
4045,3698.60,4517.16,0,0,0.0000
4046,3916.14,4635.80,NaN,NaN,NaN
4047,3799.25,4162.44,NaN,NaN,NaN
4048,3456.94,4397.58,NaN,NaN,NaN
4049,3441.30,4334.65,NaN,NaN,NaN
4050,3580.28,4236.07,NaN,NaN,NaN
4051,3754.87,4444.75,2,4,2.0000
4052,3517.77,3995.43,0,0,0.0000
4053,3775.82,4276.84,0,0,0.0000
4054,3853.15,4259.50,NaN,NaN,NaN
4055,3573.80,4521.61,2,1,0.0000
4056,3941.65,4445.49,NaN,NaN,NaN
4057,3462.50,4003.08,0,0,0.0000
4058,3852.60,4579.04,NaN,NaN,NaN
4059,3621.62,4462.80,4,5,0.0000
4060,3900.08,4205.41,0,0,0.0000
4061,3962.93,4638.10,NaN,NaN,NaN
4062,3722.00,4140.99,NaN,NaN,NaN
4063,3784.76,4206.56,NaN,NaN,NaN
4064,3538.35,4730.72,NaN,NaN,NaN
4065,3889.11,4245.12,0,0,0.0000
4066,3516.73,4065.42,NaN,NaN,NaN
4067,3371.11,4201.60,3,4,0.0000
4068,3586.15,4285.21,0,0,0.0000
4069,3541.66,4604.80,0,0,0.0000
4070,3682.20,4108.97,0,0,0.0000
4071,3633.35,4705.27,2,3,0.0000
4072,4136.22,4704.76,5,4,0.0000
4073,4006.95,4601.10,NaN,NaN,NaN
4074,4022.50,4449.85,NaN,NaN,NaN
4075,4530.27,4052.94,0,0,0.0000
4076,4611.71,4127.01,NaN,NaN,NaN
4077,4030.46,4693.16,NaN,NaN,NaN
4078,4584.31,4216.95,0,0,0.0000
4079,4687.03,4038.58,2,5,2.5000
4080,4476.06,3980.86,NaN,NaN,NaN
4081,4681.83,4330.35,NaN,NaN,NaN
4082,4472.00,4053.52,0,0,0.0000
4083,4529.28,4123.72,0,0,0.0000
4084,4728.89,4177.14,0,0,0.0000
4085,4643.73,4210.38,3,4,0.0000
4086,4624.29,4026.25,0,0,0.0000
4087,4731.41,4009.04,NaN,NaN,NaN
4088,4588.66,3976.25,0,0,0.0000
4089,3993.88,4508.92,0,0,0.0000
4090,4699.80,4141.64,2,2,0.0000
4091,4694.46,4223.43,NaN,NaN,NaN
4092,5432.43,4682.59,0,0,0.0000
4093,4987.50,4721.72,NaN,NaN,NaN
4094,5418.19,4221.16,NaN,NaN,NaN
4095,5008.98,4363.63,NaN,NaN,NaN
4096,5088.94,4024.37,NaN,NaN,NaN
4097,5277.67,4193.67,0,0,0.0000
4098,5500.84,4395.26,0,0,0.0000
4099,4874.90,4591.11,NaN,NaN,NaN
4100,4927.91,4481.33,NaN,NaN,NaN
4101,5458.54,4100.83,0,0,0.0000
4102,5115.13,4548.94,NaN,NaN,NaN
4103,5007.10,4212.33,NaN,NaN,NaN
4104,4905.59,4348.57,NaN,NaN,NaN
4105,5168.15,4223.99,3,3,0.0000
4106,5072.71,4641.04,NaN,NaN,NaN
4107,5331.28,4004.79,NaN,NaN,NaN
4108,5147.38,4609.69,NaN,NaN,NaN
4109,5352.59,4137.29,2,0,0.0000
4110,4825.78,4131.17,NaN,NaN,NaN
4111,5100.91,4260.62,4,6,0.0000
4112,5491.61,4560.11,0,0,0.0000
4113,5327.85,4254.75,NaN,NaN,NaN
4114,5002.04,4510.40,NaN,NaN,NaN
4115,5200.45,4107.27,2,3,0.0000
4116,5276.00,4116.06,NaN,NaN,NaN
4117,4765.12,4271.10,NaN,NaN,NaN
4118,4957.22,4085.86,NaN,NaN,NaN
4119,5382.69,4058.36,2,2,0.0000
4120,4781.08,4056.75,NaN,NaN,NaN
4121,4825.12,4354.23,0,0,0.0000
4122,5071.99,4207.97,NaN,NaN,NaN
4123,4896.72,3995.24,2,7,3.5000
4124,5268.77,4624.30,NaN,NaN,NaN
4125,5149.74,4366.69,NaN,NaN,NaN
4126,4826.69,3985.23,4,6,0.0000
4127,5084.88,4328.30,2,3,0.0000
4128,5238.57,4457.22,NaN,NaN,NaN
4129,4949.67,3989.89,NaN,NaN,NaN
4130,5388.48,4612.65,2,7,3.5000
4131,4949.11,4201.50,2,4,2.0000
4132,4924.35,4150.33,NaN,NaN,NaN
4133,5094.93,4131.68,2,6,3.0000
4134,5092.33,4412.06,3,2,0.0000
4135,5186.91,4675.83,2,7,3.5000
4136,4810.93,4647.89,3,2,0.0000
4137,4836.11,4262.47,NaN,NaN,NaN
4138,5212.07,4265.62,NaN,NaN,NaN
4139,5393.82,3995.99,NaN,NaN,NaN
4140,5251.97,4683.77,NaN,NaN,NaN
4141,4750.04,4125.59,2,2,0.0000
4142,4887.52,4096.42,0,0,0.0000
4143,4880.48,4254.87,NaN,NaN,NaN
4144,5234.75,4034.46,0,0,0.0000
4145,4821.65,4525.08,NaN,NaN,NaN
4146,5312.71,4430.12,0,0,0.0000
4147,5175.36,4424.25,4,7,0.0000
4148,4938.14,4276.73,NaN,NaN,NaN
4149,5181.15,3987.16,NaN,NaN,NaN
4150,5421.88,4564.35,NaN,NaN,NaN
4151,5234.17,4528.52,2,4,2.0000
4152,4860.58,4451.40,NaN,NaN,NaN
4153,5131.67,4173.34,NaN,NaN,NaN
4154,5298.92,4505.78,2,0,0.0000
4155,5281.68,4068.69,0,0,0.0000
4156,4775.67,4477.94,0,0,0.0000
4157,5317.95,4559.90,NaN,NaN,NaN
4158,4908.89,4201.61,0,0,0.0000
4159,4830.89,4473.04,0,0,0.0000
4160,4795.57,4208.73,NaN,NaN,NaN
4161,5103.23,4480.10,3,5,0.0000
4162,5126.19,4454.76,NaN,NaN,NaN
4163,5062.80,4093.10,NaN,NaN,NaN
4164,4859.32,4182.47,NaN,NaN,NaN
4165,5160.46,4075.58,0,0,0.0000
4166,4794.70,4010.27,0,0,0.0000
4167,5955.57,4282.61,5,6,0.0000
4168,5693.38,4209.93,2,4,2.0000
4169,5590.61,4364.99,2,3,0.0000
4170,5893.95,4152.61,NaN,NaN,NaN
4171,6208.18,4304.41,NaN,NaN,NaN
4172,5811.63,4695.99,2,4,2.0000
4173,6078.80,4124.05,0,0,0.0000
4174,5746.27,4625.40,4,4,0.0000
4175,5710.36,4411.49,2,7,3.5000
4176,5762.81,4506.93,NaN,NaN,NaN
4177,5800.28,4404.31,0,0,0.0000
4178,5558.68,4532.77,0,0,0.0000
4179,5902.13,4584.19,NaN,NaN,NaN
4180,6117.17,4451.29,2,2,0.0000
4181,5563.11,4042.57,NaN,NaN,NaN
4182,5591.42,4213.80,NaN,NaN,NaN
4183,5900.30,4398.19,NaN,NaN,NaN
4184,6228.72,4164.19,NaN,NaN,NaN
4185,5764.51,4019.09,0,0,0.0000
4186,5836.44,4256.71,0,0,0.0000
4187,5763.30,4121.95,2,3,0.0000
4188,5983.39,4521.11,NaN,NaN,NaN
4189,5925.67,4090.09,0,0,0.0000
4190,6108.85,4540.41,NaN,NaN,NaN
4191,6043.57,4584.23,2,5,2.5000
4192,5726.75,4556.36,0,0,0.0000
4193,5623.87,4619.53,NaN,NaN,NaN
4194,6261.30,4026.99,2,4,2.0000
4195,5571.60,4449.14,0,0,0.0000
4196,6121.18,4306.73,0,0,0.0000
4197,5787.39,4068.00,NaN,NaN,NaN
4198,5828.79,4175.29,NaN,NaN,NaN
4199,5822.09,4319.55,NaN,NaN,NaN
4200,5886.69,4683.72,NaN,NaN,NaN
4201,5624.22,4489.97,0,0,0.0000
4202,5871.54,4328.41,NaN,NaN,NaN
4203,5956.54,4356.41,NaN,NaN,NaN
4204,5645.20,4548.78,NaN,NaN,NaN
4205,5718.44,3978.85,0,0,0.0000
4206,6068.96,4652.73,0,0,0.0000
4207,5516.79,4100.39,NaN,NaN,NaN
4208,5936.37,4505.38,3,9,3.0000
4209,5625.17,4007.51,NaN,NaN,NaN
4210,5615.54,4687.81,NaN,NaN,NaN
4211,6253.06,4225.07,4,4,0.0000
4212,5866.71,4512.76,NaN,NaN,NaN
4213,5652.38,4458.42,NaN,NaN,NaN
4214,5597.99,4111.88,0,0,0.0000
4215,6030.29,4663.12,0,0,0.0000
4216,6117.49,4677.11,NaN,NaN,NaN
4217,6132.58,4620.36,2,2,0.0000
4218,5650.17,4291.92,NaN,NaN,NaN
4219,5833.69,4599.70,NaN,NaN,NaN
4220,5795.09,4473.42,0,0,0.0000
4221,5788.34,4570.20,0,0,0.0000
4222,6821.78,4732.20,NaN,NaN,NaN
4223,7035.78,4609.96,0,0,0.0000
4224,6500.20,4036.27,NaN,NaN,NaN
4225,6467.00,4239.36,2,4,2.0000
4226,6634.05,4728.55,3,8,2.6667
4227,6766.26,4530.80,2,6,3.0000
4228,6456.29,4625.22,NaN,NaN,NaN
4229,6635.75,4127.66,2,4,2.0000
4230,6915.03,4118.41,0,0,0.0000
4231,6760.28,4360.85,NaN,NaN,NaN
4232,7009.25,4429.91,NaN,NaN,NaN
4233,6999.58,4322.42,NaN,NaN,NaN
4234,6859.21,4585.75,2,2,0.0000
4235,6385.23,4072.41,NaN,NaN,NaN
4236,6967.81,4217.77,0,0,0.0000
4237,6711.10,4070.40,NaN,NaN,NaN
4238,6834.81,4267.91,2,5,2.5000
4239,6904.07,3989.84,NaN,NaN,NaN
4240,6305.73,4488.78,0,0,0.0000
4241,6369.21,4599.15,NaN,NaN,NaN
4242,6560.54,4261.87,NaN,NaN,NaN
4243,7007.39,4052.17,0,0,0.0000
4244,6677.18,4591.05,2,3,0.0000
4245,6825.68,4186.03,NaN,NaN,NaN
4246,6597.32,4340.28,NaN,NaN,NaN
4247,6468.12,4426.95,0,0,0.0000
4248,7034.80,4134.76,0,0,0.0000
4249,6572.09,4617.79,NaN,NaN,NaN
4250,6821.77,4119.13,NaN,NaN,NaN
4251,6545.07,4515.89,3,4,0.0000
4252,6276.88,4332.98,0,0,0.0000
4253,6726.30,4640.52,NaN,NaN,NaN
4254,6557.00,4697.76,NaN,NaN,NaN
4255,6753.38,4001.90,0,0,0.0000
4256,6627.93,4001.44,NaN,NaN,NaN
4257,6753.34,4266.86,2,5,2.5000
4258,6782.81,4627.56,0,0,0.0000
4259,6918.49,4627.87,0,0,0.0000
4260,6435.32,4039.02,NaN,NaN,NaN
4261,6574.37,3990.26,NaN,NaN,NaN
4262,6704.01,4437.48,0,0,0.0000
4263,6304.38,4097.05,2,4,2.0000
4264,6724.52,4171.44,NaN,NaN,NaN
4265,6988.20,3989.11,0,0,0.0000
4266,6409.59,4327.58,3,5,0.0000
4267,6515.83,4184.91,NaN,NaN,NaN
4268,6371.55,4680.08,NaN,NaN,NaN
4269,6627.67,4418.14,0,0,0.0000
4270,6963.21,4553.39,0,0,0.0000
4271,6501.48,4362.84,NaN,NaN,NaN
4272,6939.37,4361.46,NaN,NaN,NaN
4273,6771.24,4685.79,0,0,0.0000
4274,6926.42,4298.77,NaN,NaN,NaN
4275,6893.11,4276.02,NaN,NaN,NaN
4276,6660.88,4508.80,0,0,0.0000
4277,6832.94,4428.33,0,0,0.0000
4278,6552.17,4413.62,NaN,NaN,NaN
4279,6436.43,4497.38,0,0,0.0000
4280,6398.18,4724.85,0,0,0.0000
4281,6917.30,4213.09,0,0,0.0000
4282,6609.02,4486.92,2,3,0.0000
4283,6697.70,4370.18,2,8,4.0000
4284,7361.58,4003.39,NaN,NaN,NaN
4285,7254.40,4399.58,2,2,0.0000
4286,7566.19,4029.53,3,3,0.0000
4287,7150.66,4047.17,NaN,NaN,NaN
4288,7765.40,4108.20,NaN,NaN,NaN
4289,7313.79,4609.02,NaN,NaN,NaN
4290,7774.92,4293.10,0,0,0.0000
4291,7493.17,4591.70,0,0,0.0000
4292,7399.02,4422.25,2,4,2.0000
4293,7428.86,4173.63,0,0,0.0000
4294,7647.54,4198.51,NaN,NaN,NaN
4295,7192.16,4174.14,0,0,0.0000
4296,7466.43,4323.42,NaN,NaN,NaN
4297,7591.92,4721.95,NaN,NaN,NaN
4298,7778.52,4383.34,0,0,0.0000
4299,7455.53,4046.08,NaN,NaN,NaN
4300,7584.46,4448.26,0,0,0.0000
4301,7658.98,4392.39,2,3,0.0000
4302,7688.88,4320.32,0,0,0.0000
4303,7127.31,4416.17,3,2,0.0000
4304,7415.74,4538.38,NaN,NaN,NaN
4305,7488.42,4689.90,NaN,NaN,NaN
4306,7739.68,4452.65,NaN,NaN,NaN
4307,7522.51,4086.18,NaN,NaN,NaN
4308,7188.44,4597.43,NaN,NaN,NaN
4309,7248.62,4603.55,NaN,NaN,NaN
4310,7298.31,4073.88,2,6,3.0000
4311,7415.19,4300.84,0,0,0.0000
4312,7196.27,4693.18,NaN,NaN,NaN
4313,7442.19,4120.98,0,0,0.0000
4314,7569.05,4126.07,NaN,NaN,NaN
4315,7075.90,3993.59,2,3,0.0000
4316,7715.96,4499.07,0,0,0.0000
4317,7554.20,4312.34,NaN,NaN,NaN
4318,7757.90,4001.51,NaN,NaN,NaN
4319,7775.41,4706.10,NaN,NaN,NaN
4320,7710.32,4564.35,0,0,0.0000
4321,7331.36,4128.80,0,0,0.0000
4322,7061.65,4275.04,0,0,0.0000
4323,7182.30,4327.38,0,0,0.0000
4324,7221.43,4247.57,NaN,NaN,NaN
4325,7279.37,4168.35,NaN,NaN,NaN
4326,7117.01,4220.65,NaN,NaN,NaN
4327,7565.08,4624.09,0,0,0.0000
4328,7801.54,4502.29,0,0,0.0000
4329,7755.64,4203.75,0,0,0.0000
4330,7365.64,4711.22,NaN,NaN,NaN
4331,7714.32,4679.04,3,6,2.0000
4332,7304.22,4715.80,3,4,0.0000
4333,7673.89,4099.94,0,0,0.0000
4334,7101.59,4344.17,0,0,0.0000
4335,7586.30,4212.46,0,0,0.0000
4336,7406.19,4648.68,NaN,NaN,NaN
4337,7416.89,4703.49,NaN,NaN,NaN
4338,7389.93,4235.34,NaN,NaN,NaN
4339,7537.12,4377.80,0,0,0.0000
4340,7258.35,4518.25,NaN,NaN,NaN
4341,7138.10,4655.03,2,4,2.0000
4342,7506.76,4258.76,0,0,0.0000
4343,7686.13,4161.93,2,6,3.0000
4344,7550.09,4177.98,NaN,NaN,NaN
4345,7611.17,4666.40,0,0,0.0000
4346,7198.81,4097.66,NaN,NaN,NaN
4347,7103.86,4717.43,0,0,0.0000
4348,7155.81,4285.85,NaN,NaN,NaN
4349,7351.18,4485.41,0,0,0.0000
4350,7045.10,4386.50,3,3,0.0000
4351,7041.80,4521.36,NaN,NaN,NaN
4352,7232.49,4106.80,NaN,NaN,NaN
4353,7159.36,4620.46,NaN,NaN,NaN
4354,7655.93,4460.76,NaN,NaN,NaN
4355,7309.86,4278.36,2,6,3.0000
4356,7269.59,4295.19,0,0,0.0000
4357,7403.08,4602.03,0,0,0.0000
4358,7126.51,4484.97,NaN,NaN,NaN
4359,7612.82,4309.48,0,0,0.0000
4360,7878.16,4085.16,NaN,NaN,NaN
4361,7846.85,4658.02,NaN,NaN,NaN
4362,7858.69,4269.66,0,0,0.0000
4363,7891.98,4471.70,0,0,0.0000
4364,8060.78,4623.17,2,5,2.5000
4365,7877.93,4577.22,NaN,NaN,NaN
4366,7838.18,4726.48,NaN,NaN,NaN
4367,7908.55,4729.35,0,0,0.0000
4368,7932.02,4653.82,0,0,0.0000
4369,7949.87,4472.78,0,0,0.0000
4370,8038.64,4550.88,NaN,NaN,NaN
4371,7905.95,4538.43,0,0,0.0000
4372,8490.87,4031.02,NaN,NaN,NaN
4373,8575.98,4194.99,0,0,0.0000
4374,7813.67,4456.82,0,0,0.0000
4375,8547.60,4234.18,0,0,0.0000
4376,7973.46,4555.87,0,0,0.0000
4377,8118.87,4632.20,0,0,0.0000
4378,7998.06,4531.39,0,0,0.0000
4379,7955.21,4711.64,2,4,2.0000
4380,8462.25,3983.54,0,0,0.0000
4381,7953.04,4581.65,0,0,0.0000
4382,8555.12,4368.13,0,0,0.0000
4383,9264.83,4728.36,NaN,NaN,NaN
4384,9216.36,4302.15,0,0,0.0000
4385,9268.63,4508.72,0,0,0.0000
4386,9231.67,4574.64,NaN,NaN,NaN
4387,9161.50,4407.18,0,0,0.0000
4388,9341.93,4293.06,NaN,NaN,NaN
4389,9135.55,4335.48,0,0,0.0000
4390,9254.55,4222.72,2,3,0.0000
4391,9309.62,4333.75,NaN,NaN,NaN
4392,9220.09,4660.63,NaN,NaN,NaN
4393,9199.96,4735.09,0,0,0.0000
4394,9284.69,4641.86,NaN,NaN,NaN
4395,9215.86,4454.90,NaN,NaN,NaN
4396,9317.21,4413.67,NaN,NaN,NaN
4397,8576.02,4195.09,0,0,0.0000
4398,9299.97,4194.53,NaN,NaN,NaN
4399,9176.94,4496.53,2,3,0.0000
4400,9167.92,4246.38,NaN,NaN,NaN
4401,9251.22,4170.09,NaN,NaN,NaN
4402,9229.35,4388.10,2,4,2.0000
4403,9456.47,4236.60,NaN,NaN,NaN
4404,9971.01,4593.39,NaN,NaN,NaN
4405,10107.07,4685.62,NaN,NaN,NaN
4406,9347.87,4587.56,0,0,0.0000
4407,9462.62,4591.37,2,3,0.0000
4408,9861.14,4365.13,NaN,NaN,NaN
4409,9870.22,4660.81,NaN,NaN,NaN
4410,9889.90,4532.09,NaN,NaN,NaN
4411,9475.01,4435.91,NaN,NaN,NaN
4412,9359.57,4195.18,0,0,0.0000
4413,10056.34,4294.72,NaN,NaN,NaN
4414,9874.87,4443.90,3,7,2.3333
4415,9931.91,3983.83,NaN,NaN,NaN
4416,10083.70,4395.90,NaN,NaN,NaN
4417,9931.42,4327.62,NaN,NaN,NaN
4418,9947.34,4734.63,0,0,0.0000
4419,9466.28,4672.91,0,0,0.0000
4420,9469.08,4348.38,NaN,NaN,NaN
4421,10022.03,4659.78,0,0,0.0000
4422,9859.19,4106.23,2,2,0.0000
4423,9412.27,4685.74,0,0,0.0000
4424,9965.78,4201.78,0,0,0.0000
4425,9935.02,4143.32,0,0,0.0000
4426,9404.35,4405.33,0,0,0.0000
4427,9998.81,4124.88,NaN,NaN,NaN
4428,10037.16,4473.58,0,0,0.0000
4429,10070.57,4589.45,NaN,NaN,NaN
4430,9818.65,4723.68,NaN,NaN,NaN
4431,9995.51,4056.40,NaN,NaN,NaN
4432,10076.00,4102.29,2,5,2.5000
4433,10065.68,4017.03,0,0,0.0000
4434,10068.69,4188.94,0,0,0.0000
4435,9754.90,4218.02,NaN,NaN,NaN
4436,9935.62,4382.58,0,0,0.0000
4437,10102.22,4499.93,NaN,NaN,NaN
4438,9394.00,4531.20,0,0,0.0000
4439,9904.84,4594.43,0,0,0.0000
4440,9918.25,4275.06,NaN,NaN,NaN
4441,9809.32,4158.99,2,2,0.0000
4442,9410.46,4475.49,NaN,NaN,NaN
4443,9919.76,4060.33,0,0,0.0000
4444,9974.53,4250.78,NaN,NaN,NaN
4445,9835.57,4514.83,NaN,NaN,NaN
4446,9372.97,4262.27,NaN,NaN,NaN
4447,9850.89,4144.93,0,0,0.0000
4448,10766.14,4266.34,NaN,NaN,NaN
4449,10404.59,4096.49,2,2,0.0000
4450,10640.30,4313.31,NaN,NaN,NaN
4451,10293.62,4671.18,NaN,NaN,NaN
4452,10475.92,4469.87,NaN,NaN,NaN
4453,10563.97,4116.67,0,0,0.0000
4454,10188.31,4724.30,2,4,2.0000
4455,10637.58,4160.81,2,3,0.0000
4456,10469.78,4703.02,NaN,NaN,NaN
4457,10748.13,4496.56,NaN,NaN,NaN
4458,10708.92,3977.00,NaN,NaN,NaN
4459,10847.11,4207.88,2,4,2.0000
4460,10617.48,4500.77,NaN,NaN,NaN
4461,10132.43,4309.74,2,7,3.5000
4462,10862.23,4550.99,0,0,0.0000
4463,10266.88,4115.01,NaN,NaN,NaN
4464,10152.97,4566.04,NaN,NaN,NaN
4465,10778.66,4048.93,0,0,0.0000
4466,10817.29,4686.70,0,0,0.0000
4467,10600.58,4617.74,NaN,NaN,NaN
4468,10699.35,4100.85,NaN,NaN,NaN
4469,10331.99,4555.41,NaN,NaN,NaN
4470,10714.08,4637.25,NaN,NaN,NaN
4471,10256.64,4233.71,0,0,0.0000
4472,10305.40,4022.72,NaN,NaN,NaN
4473,10679.95,4460.35,NaN,NaN,NaN
4474,10448.59,4229.76,NaN,NaN,NaN
4475,10486.90,4067.63,NaN,NaN,NaN
4476,10197.67,4423.53,NaN,NaN,NaN
4477,10664.09,4606.97,2,3,0.0000
4478,10514.11,4586.60,0,0,0.0000
4479,10543.32,4671.24,NaN,NaN,NaN
4480,10498.31,4172.98,0,0,0.0000
4481,10554.21,4249.21,NaN,NaN,NaN
4482,10328.51,4184.75,2,3,0.0000
4483,10384.40,4344.00,NaN,NaN,NaN
4484,10353.95,4417.53,0,0,0.0000
4485,10741.23,4367.07,NaN,NaN,NaN
4486,10298.27,4344.74,NaN,NaN,NaN
4487,10578.55,4385.37,NaN,NaN,NaN
4488,10226.79,3970.50,NaN,NaN,NaN
4489,10384.58,4648.92,0,0,0.0000
4490,10785.94,4600.02,NaN,NaN,NaN
4491,10870.78,4406.91,NaN,NaN,NaN
4492,10241.62,4037.25,NaN,NaN,NaN
4493,10175.58,4239.04,0,0,0.0000
4494,10258.58,4491.23,NaN,NaN,NaN
4495,10870.70,4124.98,NaN,NaN,NaN
4496,10381.47,4522.22,0,0,0.0000
4497,10199.90,4155.30,0,0,0.0000
4498,10332.77,4275.51,2,5,2.5000
4499,10247.00,4577.14,NaN,NaN,NaN
4500,10676.39,4037.17,NaN,NaN,NaN
4501,10199.07,4346.52,NaN,NaN,NaN
4502,10135.16,4014.62,NaN,NaN,NaN
4503,10783.26,4155.77,0,0,0.0000
4504,10389.53,4731.90,NaN,NaN,NaN
4505,10822.73,4112.10,0,0,0.0000
4506,10452.26,4611.40,0,0,0.0000
4507,10130.27,4445.95,NaN,NaN,NaN
4508,10226.16,4291.34,0,0,0.0000
4509,10822.58,4442.20,2,1,0.0000
4510,10623.85,4040.75,NaN,NaN,NaN
4511,10527.28,4341.26,0,0,0.0000
4512,10578.71,4036.00,0,0,0.0000
4513,10858.78,4301.79,0,0,0.0000
4514,10115.34,4185.15,0,0,0.0000
4515,11134.57,4337.40,NaN,NaN,NaN
4516,10994.68,4177.00,4,2,0.0000
4517,10921.76,4088.85,0,0,0.0000
4518,10938.52,4582.95,0,0,0.0000
4519,11176.68,4694.16,NaN,NaN,NaN
4520,11087.24,4119.85,2,4,2.0000
4521,11075.93,4450.52,0,0,0.0000
4522,11178.19,4431.21,0,0,0.0000
4523,10929.33,4432.83,NaN,NaN,NaN
4524,11101.06,4699.74,2,6,3.0000
4525,11111.23,4595.68,NaN,NaN,NaN
4526,11035.65,4320.55,NaN,NaN,NaN
4527,11008.19,4000.57,0,0,0.0000
4528,11007.81,4386.09,0,0,0.0000
4529,11020.87,4484.09,2,2,0.0000
4530,11256.28,4675.68,NaN,NaN,NaN
4531,11066.89,4267.44,NaN,NaN,NaN
4532,11038.55,3969.49,0,0,0.0000
4533,11027.13,4645.71,NaN,NaN,NaN
4534,11166.70,4612.80,NaN,NaN,NaN
4535,11012.43,4068.13,NaN,NaN,NaN
4536,11080.33,4051.45,0,0,0.0000
4537,11214.03,4639.47,NaN,NaN,NaN
4538,10961.35,4347.17,2,2,0.0000
4539,10971.34,4039.95,0,0,0.0000
4540,10980.36,4702.21,3,6,2.0000
4541,10921.40,4293.33,NaN,NaN,NaN
4542,10972.73,4291.50,NaN,NaN,NaN
4543,11268.19,4629.85,0,0,0.0000
4544,13774.21,4455.80,0,0,0.0000
4545,13912.73,4407.75,0,0,0.0000
4546,13915.99,4669.45,NaN,NaN,NaN
4547,13860.09,4509.67,NaN,NaN,NaN
4548,13810.10,4349.75,0,0,0.0000
4549,13845.08,4397.66,NaN,NaN,NaN
4550,13867.70,4273.16,NaN,NaN,NaN
4551,13827.54,4703.98,0,0,0.0000
4552,13921.39,4223.37,2,6,3.0000
4553,13945.98,4481.52,2,3,0.0000
4554,13781.56,4651.50,0,0,0.0000
4555,13865.80,4728.14,NaN,NaN,NaN
4556,13927.25,4120.84,NaN,NaN,NaN
4557,13866.47,4618.93,NaN,NaN,NaN
4558,13726.90,4554.06,NaN,NaN,NaN
4559,13912.04,4541.88,2,2,0.0000
4560,13764.15,4579.99,NaN,NaN,NaN
4561,14093.85,4226.68,NaN,NaN,NaN
4562,14516.21,4296.47,0,0,0.0000
4563,14081.11,4671.15,4,7,0.0000
4564,14182.71,4113.55,2,3,0.0000
4565,14226.95,4686.98,NaN,NaN,NaN
4566,14071.30,4382.44,NaN,NaN,NaN
4567,14374.93,4305.35,2,4,2.0000
4568,14123.68,4507.55,2,8,4.0000
4569,14498.60,4407.14,5,8,0.0000
4570,14704.98,4164.03,2,2,0.0000
4571,14034.55,4596.07,0,0,0.0000
4572,14184.64,4303.90,2,5,2.5000
4573,14361.16,4531.50,0,0,0.0000
4574,14662.33,4038.10,0,0,0.0000
4575,14108.18,4047.07,0,0,0.0000
4576,14227.19,4504.00,2,3,0.0000
4577,14453.70,4458.08,2,2,0.0000
4578,14120.40,4328.26,NaN,NaN,NaN
4579,14349.73,4688.56,2,7,3.5000
4580,14169.77,4403.15,0,0,0.0000
4581,13998.93,4270.32,0,0,0.0000
4582,14303.43,4574.99,NaN,NaN,NaN
4583,14397.94,4611.26,0,0,0.0000
4584,14435.48,4255.08,NaN,NaN,NaN
4585,14021.22,4507.68,0,0,0.0000
4586,14539.63,4383.24,NaN,NaN,NaN
4587,14235.23,4041.50,2,2,0.0000
4588,14381.69,4461.11,NaN,NaN,NaN
4589,13955.57,4586.86,3,4,0.0000
4590,14443.86,4395.03,NaN,NaN,NaN
4591,13991.12,4447.48,NaN,NaN,NaN
4592,14437.61,4521.94,0,0,0.0000
4593,14296.00,4502.75,3,2,0.0000
4594,14257.47,4599.21,0,0,0.0000
4595,14416.58,4075.34,NaN,NaN,NaN
4596,14037.69,4411.74,NaN,NaN,NaN
4597,13988.58,3982.62,0,0,0.0000
4598,14609.34,4246.36,0,0,0.0000
4599,14661.34,4275.68,0,0,0.0000
4600,14649.90,4217.69,0,0,0.0000
4601,14477.98,4124.55,0,0,0.0000
4602,14270.46,4157.13,0,0,0.0000
4603,14123.79,4415.86,NaN,NaN,NaN
4604,14480.37,4057.32,0,0,0.0000
4605,14773.10,4247.29,0,0,0.0000
4606,14780.30,4031.20,NaN,NaN,NaN
4607,14753.11,4111.99,0,0,0.0000
4608,14847.00,4172.05,0,0,0.0000
4609,14798.21,4136.75,0,0,0.0000
4610,15908.22,4011.95,NaN,NaN,NaN
4611,15827.97,4037.20,NaN,NaN,NaN
4612,15722.35,4025.71,NaN,NaN,NaN
4613,15674.07,3981.09,0,0,0.0000
4614,15866.70,4059.30,NaN,NaN,NaN
4615,15829.38,3982.19,0,0,0.0000
4616,370.55,5330.10,3,5,0.0000
4617,645.44,5247.90,NaN,NaN,NaN
4618,482.80,5127.29,3,5,0.0000
4619,853.67,4897.08,3,8,2.6667
4620,298.72,5387.65,NaN,NaN,NaN
4621,523.47,5382.01,4,7,0.0000
4622,438.78,5038.93,2,3,0.0000
4623,433.95,5252.06,NaN,NaN,NaN
4624,225.35,5253.90,NaN,NaN,NaN
4625,177.39,5293.29,NaN,NaN,NaN
4626,340.08,5011.70,2,2,0.0000
4627,261.50,5200.18,NaN,NaN,NaN
4628,556.50,5197.36,3,3,0.0000
4629,510.84,5256.66,NaN,NaN,NaN
4630,570.98,5331.51,NaN,NaN,NaN
4631,285.94,5267.64,0,0,0.0000
4632,572.24,5062.45,2,2,0.0000
4633,731.48,5246.49,3,7,2.3333
4634,578.03,5136.28,0,0,0.0000
4635,207.79,5362.98,2,4,2.0000
4636,105.47,4879.85,NaN,NaN,NaN
4637,250.43,5124.10,NaN,NaN,NaN
4638,781.87,4823.32,NaN,NaN,NaN
4639,664.11,4753.03,NaN,NaN,NaN
4640,646.27,5097.82,NaN,NaN,NaN
4641,224.20,5413.66,2,5,2.5000
4642,29.64,5455.89,0,0,0.0000
4643,401.63,5189.12,3,4,0.0000
4644,697.70,5169.20,NaN,NaN,NaN
4645,99.67,4962.18,NaN,NaN,NaN
4646,615.97,4772.51,NaN,NaN,NaN
4647,402.08,5125.19,NaN,NaN,NaN
4648,341.67,5209.16,NaN,NaN,NaN
4649,134.13,4922.75,0,0,0.0000
4650,308.57,5087.77,3,2,0.0000
4651,721.19,4814.31,0,0,0.0000
4652,790.86,5475.23,0,0,0.0000
4653,221.87,5318.21,0,0,0.0000
4654,520.87,5022.70,NaN,NaN,NaN
4655,390.17,5082.86,3,5,0.0000
4656,11.26,5384.65,0,0,0.0000
4657,287.85,5322.06,0,0,0.0000
4658,1213.84,5050.24,NaN,NaN,NaN
4659,1452.28,5182.04,3,4,0.0000
4660,935.20,4909.03,NaN,NaN,NaN
4661,1100.62,5093.01,NaN,NaN,NaN
4662,1434.72,5079.18,NaN,NaN,NaN
4663,1025.26,4902.82,NaN,NaN,NaN
4664,1536.51,5201.78,0,0,0.0000
4665,1279.77,5138.92,NaN,NaN,NaN
4666,1099.27,4911.24,0,0,0.0000
4667,1354.01,4969.38,4,3,0.0000
4668,1055.76,4983.40,0,0,0.0000
4669,1074.02,4819.69,0,0,0.0000
4670,1349.96,5121.99,0,0,0.0000
4671,1961.50,4900.35,0,0,0.0000
4672,2017.24,5464.13,0,0,0.0000
4673,1930.01,5098.87,NaN,NaN,NaN
4674,1801.86,4891.40,NaN,NaN,NaN
4675,1866.90,4966.56,NaN,NaN,NaN
4676,1861.88,4834.81,0,0,0.0000
4677,1810.40,5258.94,NaN,NaN,NaN
4678,1893.81,5219.32,NaN,NaN,NaN
4679,1903.53,5307.87,0,0,0.0000
4680,2098.74,5453.65,NaN,NaN,NaN
4681,1969.71,5365.17,NaN,NaN,NaN
4682,1846.46,5026.02,0,0,0.0000
4683,1847.15,4739.73,0,0,0.0000
4684,1934.15,5222.66,NaN,NaN,NaN
4685,1837.44,5414.61,0,0,0.0000
4686,2137.03,5488.36,0,0,0.0000
4687,1849.61,5355.91,NaN,NaN,NaN
4688,1952.86,5423.95,0,0,0.0000
4689,1851.85,5479.58,0,0,0.0000
4690,1946.17,5496.44,2,3,0.0000
4691,2151.99,5433.39,0,0,0.0000
4692,1784.87,4804.42,0,0,0.0000
4693,1916.82,5441.07,0,0,0.0000
4694,1853.15,5162.57,0,0,0.0000
4695,2812.07,5143.18,0,0,0.0000
4696,2731.80,5363.89,0,0,0.0000
4697,2718.08,5053.61,NaN,NaN,NaN
4698,2582.80,4852.65,NaN,NaN,NaN
4699,2593.24,5009.84,NaN,NaN,NaN
4700,2718.41,4937.81,NaN,NaN,NaN
4701,2953.37,5399.15,0,0,0.0000
4702,2652.01,5260.88,0,0,0.0000
4703,2709.48,5199.35,2,2,0.0000
4704,2891.84,5340.94,2,2,0.0000
4705,2581.85,5255.87,NaN,NaN,NaN
4706,2819.04,5448.38,NaN,NaN,NaN
4707,2785.49,4984.83,NaN,NaN,NaN
4708,2889.74,5445.26,3,4,0.0000
4709,2906.41,5256.11,0,0,0.0000
4710,2814.46,5355.47,0,0,0.0000
4711,2578.69,5101.89,0,0,0.0000
4712,2523.35,4871.89,NaN,NaN,NaN
4713,2577.88,5480.30,NaN,NaN,NaN
4714,2569.49,5387.09,NaN,NaN,NaN
4715,2628.10,5160.41,0,0,0.0000
4716,2698.61,4826.99,NaN,NaN,NaN
4717,2772.16,5194.14,0,0,0.0000
4718,2633.53,4930.73,0,0,0.0000
4719,2588.68,5205.42,NaN,NaN,NaN
4720,2886.15,5501.90,2,4,2.0000
4721,2625.07,5418.48,NaN,NaN,NaN
4722,2790.84,4921.30,0,0,0.0000
4723,2513.38,5035.80,2,3,0.0000
4724,2671.13,5405.20,NaN,NaN,NaN
4725,2533.54,5101.71,NaN,NaN,NaN
4726,2977.53,5492.79,2,2,0.0000
4727,2765.20,4804.48,NaN,NaN,NaN
4728,2574.94,5170.81,0,0,0.0000
4729,2641.60,5021.27,NaN,NaN,NaN
4730,2772.51,4862.28,NaN,NaN,NaN
4731,3966.98,5058.97,0,0,0.0000
4732,3704.58,4744.12,NaN,NaN,NaN
4733,3850.03,4740.37,0,0,0.0000
4734,3941.94,5201.01,NaN,NaN,NaN
4735,3693.47,4821.14,NaN,NaN,NaN
4736,3698.02,4916.21,NaN,NaN,NaN
4737,3593.01,4746.56,2,3,0.0000
4738,3888.62,5160.05,NaN,NaN,NaN
4739,3653.23,5296.45,NaN,NaN,NaN
4740,3860.02,5375.67,NaN,NaN,NaN
4741,3794.81,5444.05,NaN,NaN,NaN
4742,3919.60,4743.33,5,9,0.0000
4743,3705.76,5370.80,NaN,NaN,NaN
4744,3843.60,5138.99,0,0,0.0000
4745,3741.82,5335.90,2,4,2.0000
4746,3926.52,5103.45,3,5,0.0000
4747,3868.80,5303.75,NaN,NaN,NaN
4748,3955.75,5421.06,0,0,0.0000
4749,3741.35,5412.22,NaN,NaN,NaN
4750,3655.72,4779.20,NaN,NaN,NaN
4751,3831.89,5353.39,NaN,NaN,NaN
4752,3546.80,4774.94,NaN,NaN,NaN
4753,3727.97,4856.02,NaN,NaN,NaN
4754,3697.68,5318.81,NaN,NaN,NaN
4755,3737.21,5460.41,NaN,NaN,NaN
4756,3682.66,5421.33,NaN,NaN,NaN
4757,4004.22,5279.74,NaN,NaN,NaN
4758,4046.06,4924.33,0,0,0.0000
4759,4576.46,5071.68,3,4,0.0000
4760,4155.20,5216.26,0,0,0.0000
4761,4260.32,5354.02,NaN,NaN,NaN
4762,4078.36,4760.43,NaN,NaN,NaN
4763,4274.71,5279.26,NaN,NaN,NaN
4764,4263.61,5476.09,2,4,2.0000
4765,4061.24,5324.66,NaN,NaN,NaN
4766,4055.57,5121.08,NaN,NaN,NaN
4767,4148.82,5481.63,NaN,NaN,NaN
4768,4184.50,5294.67,NaN,NaN,NaN
4769,4146.56,5071.53,2,5,2.5000
4770,4521.80,4998.08,NaN,NaN,NaN
4771,4480.89,5059.48,NaN,NaN,NaN
4772,4052.58,4843.90,0,0,0.0000
4773,4176.17,5375.29,0,0,0.0000
4774,3974.82,4818.17,NaN,NaN,NaN
4775,4134.71,4980.41,2,4,2.0000
4776,4231.49,5160.47,NaN,NaN,NaN
4777,4400.90,5503.14,0,0,0.0000
4778,4216.53,4898.01,0,0,0.0000
4779,4128.51,4818.60,0,0,0.0000
4780,4302.25,5423.52,NaN,NaN,NaN
4781,4192.43,4983.14,0,0,0.0000
4782,4175.92,5121.40,2,3,0.0000
4783,4469.05,4971.40,NaN,NaN,NaN
4784,4237.35,4855.27,0,0,0.0000
4785,4554.65,4936.42,0,0,0.0000
4786,4078.89,5407.78,NaN,NaN,NaN
4787,4241.29,4977.56,0,0,0.0000
4788,4013.24,4778.99,3,4,0.0000
4789,4066.05,4979.80,NaN,NaN,NaN
4790,4276.45,5210.78,0,0,0.0000
4791,4006.95,5453.18,NaN,NaN,NaN
4792,4102.64,5181.67,0,0,0.0000
4793,4485.73,4865.16,NaN,NaN,NaN
4794,4096.71,4880.80,NaN,NaN,NaN
4795,4224.54,4941.50,0,0,0.0000
4796,4118.96,5436.68,NaN,NaN,NaN
4797,4120.00,4943.79,0,0,0.0000
4798,4181.97,4857.37,0,0,0.0000
4799,4011.30,5167.37,0,0,0.0000
4800,4357.31,5431.13,NaN,NaN,NaN
4801,4176.61,4929.22,0,0,0.0000
4802,5388.75,5244.56,0,0,0.0000
4803,5423.36,4945.93,NaN,NaN,NaN
4804,5369.71,5042.13,NaN,NaN,NaN
4805,5299.67,4767.55,2,5,2.5000
4806,5145.30,4736.65,2,3,0.0000
4807,5301.15,4826.67,NaN,NaN,NaN
4808,5495.27,5304.89,0,0,0.0000
4809,5494.27,4758.39,0,0,0.0000
4810,4828.95,4741.16,NaN,NaN,NaN
4811,5228.54,5063.16,NaN,NaN,NaN
4812,5478.56,5179.61,0,0,0.0000
4813,5266.80,4968.07,NaN,NaN,NaN
4814,5342.88,4885.26,3,7,2.3333
4815,5246.10,4903.87,NaN,NaN,NaN
4816,5365.73,4978.16,0,0,0.0000
4817,5448.00,5221.06,0,0,0.0000
4818,5468.26,5442.22,NaN,NaN,NaN
4819,5479.77,4951.51,2,4,2.0000
4820,5425.78,4784.96,NaN,NaN,NaN
4821,5362.24,4816.87,NaN,NaN,NaN
4822,5284.78,5100.65,0,0,0.0000
4823,5215.92,4744.42,NaN,NaN,NaN
4824,5416.33,4841.11,NaN,NaN,NaN
4825,5440.55,5486.01,NaN,NaN,NaN
4826,5418.78,5085.50,NaN,NaN,NaN
4827,5351.04,5097.09,0,0,0.0000
4828,5212.31,4983.47,0,0,0.0000
4829,5215.52,4828.80,NaN,NaN,NaN
4830,5445.21,4890.87,NaN,NaN,NaN
4831,5277.07,5027.58,0,0,0.0000
4832,5479.20,5385.73,NaN,NaN,NaN
4833,5874.31,5434.20,0,0,0.0000
4834,5704.08,5381.66,NaN,NaN,NaN
4835,5676.25,5165.43,NaN,NaN,NaN
4836,6047.63,5032.55,NaN,NaN,NaN
4837,6223.70,5018.79,2,2,0.0000
4838,5841.66,5296.03,NaN,NaN,NaN
4839,6008.70,5249.85,2,3,0.0000
4840,6166.63,5235.54,2,3,0.0000
4841,6195.44,4853.92,NaN,NaN,NaN
4842,6129.03,5122.05,NaN,NaN,NaN
4843,6079.00,5222.08,NaN,NaN,NaN
4844,6037.10,5345.96,NaN,NaN,NaN
4845,6046.03,4767.80,2,4,2.0000
4846,5890.31,5138.26,0,0,0.0000
4847,5955.26,4882.77,NaN,NaN,NaN
4848,5982.85,4772.76,NaN,NaN,NaN
4849,6123.44,4744.58,2,7,3.5000
4850,6167.40,5351.25,0,0,0.0000
4851,5953.64,4973.46,NaN,NaN,NaN
4852,5507.73,5064.78,NaN,NaN,NaN
4853,5751.63,4828.66,NaN,NaN,NaN
4854,6224.98,5455.57,0,0,0.0000
4855,5768.49,5052.14,0,0,0.0000
4856,5527.65,4888.72,NaN,NaN,NaN
4857,5609.85,5224.71,NaN,NaN,NaN
4858,6160.25,4904.38,0,0,0.0000
4859,5915.17,4763.71,2,4,2.0000
4860,5531.64,5170.17,0,0,0.0000
4861,5555.94,5261.73,NaN,NaN,NaN
4862,5718.75,5250.16,3,9,3.0000
4863,5824.96,4775.74,3,8,2.6667
4864,6203.56,5204.63,0,0,0.0000
4865,5689.89,4754.41,3,5,0.0000
4866,5679.07,5013.69,2,3,0.0000
4867,5929.29,5329.71,NaN,NaN,NaN
4868,5852.19,5019.90,0,0,0.0000
4869,5587.24,5028.56,0,0,0.0000
4870,6125.61,4973.33,NaN,NaN,NaN
4871,5860.48,5204.43,NaN,NaN,NaN
4872,5585.42,5102.68,0,0,0.0000
4873,5603.08,5314.35,0,0,0.0000
4874,6137.74,5051.91,NaN,NaN,NaN
4875,6101.35,4859.54,0,0,0.0000
4876,5622.44,4768.08,0,0,0.0000
4877,5747.16,4984.05,NaN,NaN,NaN
4878,5801.83,4868.83,NaN,NaN,NaN
4879,5551.26,4968.16,NaN,NaN,NaN
4880,5693.28,4829.16,NaN,NaN,NaN
4881,5727.04,5083.00,0,0,0.0000
4882,5832.67,4915.72,NaN,NaN,NaN
4883,5571.33,4928.05,NaN,NaN,NaN
4884,5979.29,5088.39,0,0,0.0000
4885,5578.46,4804.11,0,0,0.0000
4886,5737.59,4886.91,NaN,NaN,NaN
4887,6214.44,5113.84,NaN,NaN,NaN
4888,6112.40,5350.40,NaN,NaN,NaN
4889,5597.31,5455.88,0,0,0.0000
4890,5904.34,4912.37,0,0,0.0000
4891,5658.98,4942.68,NaN,NaN,NaN
4892,5987.53,5135.13,0,0,0.0000
4893,5653.79,5086.79,0,0,0.0000
4894,5731.01,4931.92,NaN,NaN,NaN
4895,5855.85,4852.38,0,0,0.0000
4896,5660.22,5486.24,NaN,NaN,NaN
4897,5622.62,5050.60,0,0,0.0000
4898,5612.86,5393.28,2,3,0.0000
4899,5591.31,4874.93,NaN,NaN,NaN
4900,5646.26,4825.36,0,0,0.0000
4901,6104.16,4916.23,0,0,0.0000
4902,5760.07,5292.50,0,0,0.0000
4903,5571.55,5387.40,0,0,0.0000
4904,5560.05,5464.71,0,0,0.0000
4905,5816.10,5144.09,0,0,0.0000
4906,5564.59,4839.72,0,0,0.0000
4907,6688.50,4857.15,0,0,0.0000
4908,6724.83,5269.77,3,4,0.0000
4909,6817.38,4842.08,2,3,0.0000
4910,6608.98,4930.28,NaN,NaN,NaN
4911,6288.69,5129.37,NaN,NaN,NaN
4912,6391.64,4992.29,NaN,NaN,NaN
4913,6319.76,5480.64,0,0,0.0000
4914,6320.22,4993.37,0,0,0.0000
4915,6811.55,5213.80,NaN,NaN,NaN
4916,6782.71,5081.21,NaN,NaN,NaN
4917,6349.06,5057.48,0,0,0.0000
4918,6739.36,5467.77,NaN,NaN,NaN
4919,6274.79,5195.47,NaN,NaN,NaN
4920,6914.62,5063.43,0,0,0.0000
4921,6329.65,5244.44,0,0,0.0000
4922,6297.45,4912.13,NaN,NaN,NaN
4923,6523.87,4767.93,NaN,NaN,NaN
4924,6649.41,5209.60,NaN,NaN,NaN
4925,6729.97,5128.69,4,4,0.0000
4926,6590.23,4830.64,0,0,0.0000
4927,6741.65,5373.19,3,8,2.6667
4928,6660.01,5084.83,NaN,NaN,NaN
4929,6847.97,5319.42,0,0,0.0000
4930,6460.66,4741.31,NaN,NaN,NaN
4931,6593.25,5278.04,0,0,0.0000
4932,6807.35,5327.85,0,0,0.0000
4933,6664.78,5396.52,2,2,0.0000
4934,6824.06,5388.39,3,5,0.0000
4935,6411.91,4941.79,NaN,NaN,NaN
4936,6669.79,5144.35,NaN,NaN,NaN
4937,6831.06,5104.96,NaN,NaN,NaN
4938,6859.30,5218.06,0,0,0.0000
4939,6356.31,4915.36,NaN,NaN,NaN
4940,6921.29,4758.21,0,0,0.0000
4941,6862.32,5085.04,NaN,NaN,NaN
4942,6416.61,5375.42,NaN,NaN,NaN
4943,6917.24,5139.61,0,0,0.0000
4944,6750.25,4900.44,0,0,0.0000
4945,6569.06,5395.12,3,7,2.3333
4946,6473.43,4996.10,NaN,NaN,NaN
4947,6386.12,5318.47,0,0,0.0000
4948,6810.55,5146.99,3,7,2.3333
4949,6362.42,5404.35,0,0,0.0000
4950,7577.55,4902.75,2,2,0.0000
4951,7678.47,5274.89,NaN,NaN,NaN
4952,7778.34,4973.77,NaN,NaN,NaN
4953,7560.70,5362.36,2,2,0.0000
4954,7371.73,5172.50,2,3,0.0000
4955,7435.85,5065.66,NaN,NaN,NaN
4956,7582.87,5465.35,NaN,NaN,NaN
4957,7454.38,4937.26,0,0,0.0000
4958,7498.98,5450.88,2,4,2.0000
4959,7714.89,4877.64,0,0,0.0000
4960,7332.55,4775.09,0,0,0.0000
4961,7256.67,4990.05,0,0,0.0000
4962,7520.54,5013.66,0,0,0.0000
4963,7716.34,5053.54,NaN,NaN,NaN
4964,7288.55,4830.77,0,0,0.0000
4965,7521.07,4802.36,NaN,NaN,NaN
4966,7337.60,4908.14,NaN,NaN,NaN
4967,7488.39,5218.28,3,6,2.0000
4968,7579.26,5185.36,NaN,NaN,NaN
4969,7383.86,4949.10,NaN,NaN,NaN
4970,7292.25,5137.07,2,8,4.0000
4971,7540.34,5115.13,NaN,NaN,NaN
4972,7326.66,5015.03,NaN,NaN,NaN
4973,7773.41,5449.84,2,4,2.0000
4974,7443.31,5183.97,0,0,0.0000
4975,7723.95,4805.89,0,0,0.0000
4976,7435.15,5293.33,NaN,NaN,NaN
4977,7403.55,5323.84,NaN,NaN,NaN
4978,7338.78,5273.74,0,0,0.0000
4979,7154.85,4747.35,2,1,0.0000
4980,7588.87,5027.02,2,2,0.0000
4981,7599.15,5068.96,NaN,NaN,NaN
4982,7542.77,5249.78,2,4,2.0000
4983,7312.71,5202.46,NaN,NaN,NaN
4984,7445.65,4863.49,NaN,NaN,NaN
4985,7673.37,4775.78,NaN,NaN,NaN
4986,7511.72,5071.73,NaN,NaN,NaN
4987,7286.77,4936.19,NaN,NaN,NaN
4988,7624.06,5158.55,0,0,0.0000
4989,7370.85,5085.93,0,0,0.0000
4990,7212.11,4927.17,NaN,NaN,NaN
4991,7192.37,4782.21,0,0,0.0000
4992,7508.35,4748.32,NaN,NaN,NaN
4993,7999.84,5274.25,NaN,NaN,NaN
4994,8289.34,5128.00,NaN,NaN,NaN
4995,7840.92,5079.60,2,1,0.0000
4996,7816.44,5220.42,0,0,0.0000
4997,7953.97,4880.37,2,4,2.0000
4998,8181.79,5258.02,NaN,NaN,NaN
4999,8152.96,5099.85,0,0,0.0000
5000,8226.61,4912.90,NaN,NaN,NaN
5001,7830.50,4868.09,NaN,NaN,NaN
5002,7920.61,4802.86,0,0,0.0000
5003,7903.08,5482.79,2,6,3.0000
5004,8484.13,5218.83,NaN,NaN,NaN
5005,8268.73,5378.63,NaN,NaN,NaN
5006,8156.51,4830.87,NaN,NaN,NaN
5007,8498.04,5503.30,NaN,NaN,NaN
5008,8275.44,5249.45,NaN,NaN,NaN
5009,8517.76,5305.41,NaN,NaN,NaN
5010,8029.91,5452.69,NaN,NaN,NaN
5011,7887.47,5299.52,NaN,NaN,NaN
5012,8370.99,5058.29,0,0,0.0000
5013,8067.26,4876.90,NaN,NaN,NaN
5014,8548.04,5372.16,0,0,0.0000
5015,8300.69,5008.82,NaN,NaN,NaN
5016,8419.16,5242.91,2,2,0.0000
5017,8226.21,5034.77,0,0,0.0000
5018,8145.27,5015.03,NaN,NaN,NaN
5019,8064.15,4974.48,NaN,NaN,NaN
5020,8378.17,5203.09,NaN,NaN,NaN
5021,7982.83,4972.77,0,0,0.0000
5022,7953.28,5041.21,0,0,0.0000
5023,8364.72,5342.69,NaN,NaN,NaN
5024,8231.02,5321.69,0,0,0.0000
5025,8025.26,4822.11,0,0,0.0000
5026,8146.68,4920.25,NaN,NaN,NaN
5027,8034.95,5032.52,0,0,0.0000
5028,7821.95,5437.43,0,0,0.0000
5029,8427.03,5350.06,NaN,NaN,NaN
5030,8324.22,5211.35,NaN,NaN,NaN
5031,8387.85,5490.10,0,0,0.0000
5032,8035.00,5195.73,NaN,NaN,NaN
5033,8102.64,5375.58,0,0,0.0000
5034,7937.72,5134.13,0,0,0.0000
5035,7864.22,5169.68,0,0,0.0000
5036,8101.39,5160.29,NaN,NaN,NaN
5037,8185.04,4972.84,2,2,0.0000
5038,8560.57,5230.24,0,0,0.0000
5039,8475.39,5378.83,3,4,0.0000
5040,8032.21,5084.24,0,0,0.0000
5041,8078.79,5054.33,NaN,NaN,NaN
5042,8400.15,5400.54,0,0,0.0000
5043,7841.67,5499.22,0,0,0.0000
5044,8083.14,5209.97,0,0,0.0000
5045,8600.51,5477.43,NaN,NaN,NaN
5046,9251.85,4843.61,0,0,0.0000
5047,9321.90,4841.05,0,0,0.0000
5048,9311.42,4890.71,0,0,0.0000
5049,10049.99,5152.80,NaN,NaN,NaN
5050,9828.02,5210.66,NaN,NaN,NaN
5051,9611.66,5384.62,NaN,NaN,NaN
5052,9750.39,5320.35,NaN,NaN,NaN
5053,9996.73,5467.96,NaN,NaN,NaN
5054,9965.60,5075.27,2,3,0.0000
5055,10017.30,4930.11,NaN,NaN,NaN
5056,10061.48,5267.20,NaN,NaN,NaN
5057,9974.15,5312.74,NaN,NaN,NaN
5058,9532.70,5446.75,NaN,NaN,NaN
5059,9894.67,5328.54,2,2,0.0000
5060,10077.52,4869.09,NaN,NaN,NaN
5061,9420.78,4864.71,NaN,NaN,NaN
5062,9504.00,4860.09,0,0,0.0000
5063,9943.19,5413.47,NaN,NaN,NaN
5064,9450.15,4750.00,0,0,0.0000
5065,10102.18,5041.71,NaN,NaN,NaN
5066,9684.24,5454.10,0,0,0.0000
5067,9517.06,5325.43,2,1,0.0000
5068,10074.37,4990.80,0,0,0.0000
5069,9817.63,5420.31,0,0,0.0000
5070,9889.20,5246.75,0,0,0.0000
5071,9884.62,4933.67,0,0,0.0000
5072,9441.61,4929.46,2,1,0.0000
5073,9686.79,5327.37,NaN,NaN,NaN
5074,9702.84,5390.41,NaN,NaN,NaN
5075,9497.11,5381.97,NaN,NaN,NaN
5076,9596.34,5309.15,3,3,0.0000
5077,9510.89,5205.72,NaN,NaN,NaN
5078,9499.27,5269.50,0,0,0.0000
5079,9975.85,4921.79,NaN,NaN,NaN
5080,9899.68,5498.24,NaN,NaN,NaN
5081,9367.76,4908.50,0,0,0.0000
5082,9493.37,4795.73,0,0,0.0000
5083,9479.96,5493.45,0,0,0.0000
5084,9390.16,4774.36,0,0,0.0000
5085,9959.78,5212.19,NaN,NaN,NaN
5086,10020.44,4736.94,0,0,0.0000
5087,9954.47,4988.27,NaN,NaN,NaN
5088,9732.23,5482.47,NaN,NaN,NaN
5089,9401.94,4806.73,2,0,0.0000
5090,10059.64,4774.03,0,0,0.0000
5091,9437.46,5196.37,0,0,0.0000
5092,9652.59,5325.85,0,0,0.0000
5093,9879.05,5398.11,NaN,NaN,NaN
5094,9842.14,5287.51,2,2,0.0000
5095,10053.59,5435.98,NaN,NaN,NaN
5096,9551.90,5256.60,0,0,0.0000
5097,10301.35,5088.58,2,4,2.0000
5098,10155.13,5140.90,NaN,NaN,NaN
5099,10689.17,4851.73,NaN,NaN,NaN
5100,10209.33,4888.65,3,3,0.0000
5101,10625.75,5020.95,0,0,0.0000
5102,10228.78,5394.79,NaN,NaN,NaN
5103,10334.58,4861.81,NaN,NaN,NaN
5104,10238.31,5322.63,NaN,NaN,NaN
5105,10550.44,4932.59,0,0,0.0000
5106,10703.84,5121.29,3,7,2.3333
5107,10686.19,5369.36,NaN,NaN,NaN
5108,10239.51,5228.27,NaN,NaN,NaN
5109,10797.35,4762.02,NaN,NaN,NaN
5110,10448.92,4931.74,3,5,0.0000
5111,10449.53,5035.26,NaN,NaN,NaN
5112,10607.82,5420.14,2,1,0.0000
5113,10629.96,5177.61,NaN,NaN,NaN
5114,10517.40,5135.97,0,0,0.0000
5115,10711.49,4974.42,NaN,NaN,NaN
5116,10416.93,5245.11,NaN,NaN,NaN
5117,10757.88,5026.76,0,0,0.0000
5118,10814.66,5141.30,0,0,0.0000
5119,10638.17,5277.35,NaN,NaN,NaN
5120,10267.81,5014.35,NaN,NaN,NaN
5121,10786.20,5387.64,2,3,0.0000
5122,10381.11,5333.36,3,7,2.3333
5123,10421.78,4827.25,0,0,0.0000
5124,10176.66,5011.29,NaN,NaN,NaN
5125,10130.30,5255.62,0,0,0.0000
5126,10331.15,5251.05,NaN,NaN,NaN
5127,10745.53,5244.51,2,4,2.0000
5128,10277.12,4766.73,NaN,NaN,NaN
5129,10853.76,5020.64,NaN,NaN,NaN
5130,10523.05,5463.07,3,5,0.0000
5131,10587.53,4847.75,0,0,0.0000
5132,10850.62,4906.16,NaN,NaN,NaN
5133,10791.35,4875.06,0,0,0.0000
5134,10796.35,5271.82,3,3,0.0000
5135,10833.64,4817.61,NaN,NaN,NaN
5136,10492.92,5399.11,NaN,NaN,NaN
5137,10355.10,4970.76,0,0,0.0000
5138,10342.86,5470.87,2,3,0.0000
5139,10263.12,4941.70,NaN,NaN,NaN
5140,10527.11,5313.42,0,0,0.0000
5141,10123.12,5341.65,NaN,NaN,NaN
5142,10427.91,5151.22,NaN,NaN,NaN
5143,10550.53,4773.26,NaN,NaN,NaN
5144,10286.45,4828.88,NaN,NaN,NaN
5145,10353.21,5155.75,NaN,NaN,NaN
5146,10401.57,4986.59,NaN,NaN,NaN
5147,10607.17,5113.22,NaN,NaN,NaN
5148,10706.24,4778.91,0,0,0.0000
5149,10112.52,4771.51,NaN,NaN,NaN
5150,10475.20,5307.22,NaN,NaN,NaN
5151,10490.02,5238.12,0,0,0.0000
5152,10460.02,5187.45,0,0,0.0000
5153,10794.12,4966.84,2,8,4.0000
5154,10896.40,5258.09,0,0,0.0000
5155,11286.03,5181.83,NaN,NaN,NaN
5156,11077.22,4936.03,NaN,NaN,NaN
5157,11014.88,5070.89,NaN,NaN,NaN
5158,11186.34,5443.41,NaN,NaN,NaN
5159,11087.98,5233.02,NaN,NaN,NaN
5160,11187.60,5353.72,NaN,NaN,NaN
5161,11166.44,5206.47,3,5,0.0000
5162,11178.39,4822.90,NaN,NaN,NaN
5163,11239.10,4909.20,0,0,0.0000
5164,11059.08,4742.88,NaN,NaN,NaN
5165,10925.10,4813.38,NaN,NaN,NaN
5166,11313.16,5069.74,2,2,0.0000
5167,11398.64,5294.68,NaN,NaN,NaN
5168,11255.72,5303.26,0,0,0.0000
5169,11418.52,5170.68,NaN,NaN,NaN
5170,10984.51,5438.16,NaN,NaN,NaN
5171,11195.98,5090.15,0,0,0.0000
5172,10935.33,5015.02,4,4,0.0000
5173,10993.39,5208.17,NaN,NaN,NaN
5174,11038.72,5485.81,0,0,0.0000
5175,11026.44,4823.05,0,0,0.0000
5176,10963.14,4947.79,NaN,NaN,NaN
5177,11066.05,5364.46,0,0,0.0000
5178,10970.16,5334.97,0,0,0.0000
5179,11395.96,5468.55,2,4,2.0000
5180,10957.30,4766.43,NaN,NaN,NaN
5181,11359.05,5415.30,NaN,NaN,NaN
5182,11475.17,5320.36,NaN,NaN,NaN
5183,10908.45,5409.03,0,0,0.0000
5184,10894.71,5125.65,NaN,NaN,NaN
5185,11477.78,5471.89,NaN,NaN,NaN
5186,11251.36,5015.71,NaN,NaN,NaN
5187,11439.07,5243.62,0,0,0.0000
5188,10909.78,4922.92,NaN,NaN,NaN
5189,11301.11,5368.14,NaN,NaN,NaN
5190,11248.22,4758.77,2,4,2.0000
5191,11140.74,5031.96,0,0,0.0000
5192,10982.22,5384.69,0,0,0.0000
5193,11135.84,5126.07,3,5,0.0000
5194,11164.94,4912.81,2,4,2.0000
5195,11393.55,5379.93,0,0,0.0000
5196,11163.34,4764.99,2,3,0.0000
5197,11034.56,5293.61,0,0,0.0000
5198,11287.95,4969.95,NaN,NaN,NaN
5199,11207.97,4982.35,0,0,0.0000
5200,11439.57,5484.26,0,0,0.0000
5201,10907.65,5070.95,0,0,0.0000
5202,11207.19,5028.70,0,0,0.0000
5203,11090.77,4803.80,0,0,0.0000
5204,13946.76,4745.94,4,4,0.0000
5205,13591.54,5228.46,3,2,0.0000
5206,13945.79,5093.85,0,0,0.0000
5207,13713.42,5105.85,0,0,0.0000
5208,13947.07,5146.06,0,0,0.0000
5209,14121.69,4752.11,3,9,3.0000
5210,14022.12,5075.14,0,0,0.0000
5211,14079.21,5076.77,0,0,0.0000
5212,14119.93,5071.56,0,0,0.0000
5213,14152.23,5093.04,0,0,0.0000
5214,16210.41,5490.57,NaN,NaN,NaN
5215,16166.10,5428.86,NaN,NaN,NaN
5216,16160.43,5307.97,0,0,0.0000
5217,16257.32,5264.69,NaN,NaN,NaN
5218,16210.76,5367.54,0,0,0.0000
5219,16274.31,5455.96,NaN,NaN,NaN
5220,16092.00,5441.10,0,0,0.0000
5221,16277.45,5320.79,0,0,0.0000
5222,16154.36,5357.96,0,0,0.0000
5223,16358.00,5286.48,NaN,NaN,NaN
5224,16306.63,5267.35,0,0,0.0000
5225,16093.27,5350.39,0,0,0.0000
5226,16367.21,5264.34,0,0,0.0000
5227,730.40,5860.97,2,3,0.0000
5228,522.80,6040.55,2,3,0.0000
5229,141.89,6224.40,NaN,NaN,NaN
5230,577.38,5837.63,NaN,NaN,NaN
5231,434.42,5961.86,NaN,NaN,NaN
5232,345.82,6155.65,NaN,NaN,NaN
5233,558.34,5922.83,NaN,NaN,NaN
5234,495.68,5785.39,NaN,NaN,NaN
5235,857.97,5923.76,NaN,NaN,NaN
5236,463.41,6103.95,NaN,NaN,NaN
5237,675.54,5796.06,3,7,2.3333
5238,868.25,5661.05,2,1,0.0000
5239,765.30,5696.25,0,0,0.0000
5240,288.34,6121.71,NaN,NaN,NaN
5241,812.78,5745.19,4,4,0.0000
5242,472.14,6172.75,0,0,0.0000
5243,640.97,5901.35,4,6,0.0000
5244,308.67,6045.00,2,3,0.0000
5245,406.92,6247.97,0,0,0.0000
5246,632.32,6068.40,3,7,2.3333
5247,632.13,5996.34,NaN,NaN,NaN
5248,545.40,6188.62,NaN,NaN,NaN
5249,782.72,5920.75,NaN,NaN,NaN
5250,557.07,6119.76,NaN,NaN,NaN
5251,891.80,6047.03,NaN,NaN,NaN
5252,353.98,5933.87,NaN,NaN,NaN
5253,775.66,5569.90,0,0,0.0000
5254,490.54,5868.67,NaN,NaN,NaN
5255,571.21,5762.34,2,4,2.0000
5256,722.98,5988.12,NaN,NaN,NaN
5257,892.21,6098.66,2,3,0.0000
5258,356.56,5982.88,NaN,NaN,NaN
5259,867.29,6002.26,NaN,NaN,NaN
5260,268.27,6222.50,3,2,0.0000
5261,618.38,5703.60,2,3,0.0000
5262,790.23,5995.38,NaN,NaN,NaN
5263,821.92,5831.45,0,0,0.0000
5264,291.67,6013.83,2,1,0.0000
5265,517.44,5982.92,2,4,2.0000
5266,345.41,6230.36,0,0,0.0000
5267,415.88,6060.24,3,5,0.0000
5268,373.40,6037.50,NaN,NaN,NaN
5269,122.43,6159.67,0,0,0.0000
5270,207.61,6035.73,NaN,NaN,NaN
5271,392.39,5846.18,0,0,0.0000
5272,1166.75,6172.48,2,4,2.0000
5273,1094.14,6234.92,NaN,NaN,NaN
5274,976.72,5862.51,NaN,NaN,NaN
5275,960.73,6090.14,3,5,0.0000
5276,1056.07,6008.45,NaN,NaN,NaN
5277,1430.92,5849.08,NaN,NaN,NaN
5278,898.90,5770.93,3,2,0.0000
5279,1043.42,5851.91,NaN,NaN,NaN
5280,1267.97,6179.19,NaN,NaN,NaN
5281,987.86,5683.32,2,3,0.0000
5282,1102.66,5833.07,NaN,NaN,NaN
5283,1009.48,5787.09,0,0,0.0000
5284,921.60,5990.30,NaN,NaN,NaN
5285,1044.20,5920.89,NaN,NaN,NaN
5286,901.06,5846.01,NaN,NaN,NaN
5287,1097.81,5894.41,NaN,NaN,NaN
5288,1090.57,6097.99,0,0,0.0000
5289,986.10,6023.64,NaN,NaN,NaN
5290,993.39,5943.42,0,0,0.0000
5291,956.99,5738.72,NaN,NaN,NaN
5292,1599.99,6042.78,NaN,NaN,NaN
5293,1266.50,6113.95,NaN,NaN,NaN
5294,1422.70,5924.78,0,0,0.0000
5295,1039.94,5728.97,NaN,NaN,NaN
5296,923.94,5590.32,NaN,NaN,NaN
5297,1032.79,6155.94,0,0,0.0000
5298,1606.86,6095.65,NaN,NaN,NaN
5299,1552.73,6093.26,NaN,NaN,NaN
5300,1221.40,6121.83,NaN,NaN,NaN
5301,1047.33,5685.38,0,0,0.0000
5302,1069.87,5755.15,NaN,NaN,NaN
5303,969.54,5597.73,0,0,0.0000
5304,1113.05,5955.14,NaN,NaN,NaN
5305,1141.56,5937.25,NaN,NaN,NaN
5306,919.98,5721.08,3,4,0.0000
5307,2336.65,5888.97,NaN,NaN,NaN
5308,1991.53,5628.20,0,0,0.0000
5309,2267.62,5798.67,5,4,0.0000
5310,2368.21,5624.37,2,3,0.0000
5311,1909.91,5616.76,NaN,NaN,NaN
5312,2331.75,5830.53,NaN,NaN,NaN
5313,1743.61,6263.11,NaN,NaN,NaN
5314,2073.04,5602.78,2,5,2.5000
5315,2359.83,5777.76,0,0,0.0000
5316,2220.66,5724.48,NaN,NaN,NaN
5317,2375.31,5946.78,NaN,NaN,NaN
5318,2040.22,5558.13,NaN,NaN,NaN
5319,2398.29,5744.59,NaN,NaN,NaN
5320,2198.76,5864.10,NaN,NaN,NaN
5321,2230.19,5917.70,2,3,0.0000
5322,2201.00,5814.36,0,0,0.0000
5323,2075.80,5523.92,NaN,NaN,NaN
5324,2140.41,5525.57,0,0,0.0000
5325,1935.52,5554.36,NaN,NaN,NaN
5326,2069.37,5653.45,NaN,NaN,NaN
5327,2135.04,5686.34,0,0,0.0000
5328,1988.38,5721.58,3,3,0.0000
5329,1845.47,5530.64,NaN,NaN,NaN
5330,2354.35,5727.30,NaN,NaN,NaN
5331,1950.14,5666.58,NaN,NaN,NaN
5332,2022.29,5677.08,NaN,NaN,NaN
5333,2197.64,5769.24,NaN,NaN,NaN
5334,2944.94,5530.81,3,4,0.0000
5335,3199.01,6208.34,NaN,NaN,NaN
5336,2566.97,5586.64,NaN,NaN,NaN
5337,3084.97,5934.47,0,0,0.0000
5338,3491.16,6212.75,0,0,0.0000
5339,3316.74,6220.53,0,0,0.0000
5340,3226.29,6168.91,NaN,NaN,NaN
5341,3727.66,6203.13,NaN,NaN,NaN
5342,3759.54,6251.17,2,3,0.0000
5343,3240.64,6230.36,2,4,2.0000
5344,3365.70,6175.76,NaN,NaN,NaN
5345,3659.67,6169.88,NaN,NaN,NaN
5346,3302.88,6134.65,NaN,NaN,NaN
5347,3569.36,6136.93,NaN,NaN,NaN
5348,3402.00,6236.53,0,0,0.0000
5349,4546.44,6093.82,3,7,2.3333
5350,4707.79,6262.25,0,0,0.0000
5351,4262.42,5590.31,2,5,2.5000
5352,4187.02,5934.90,0,0,0.0000
5353,4494.17,5775.15,NaN,NaN,NaN
5354,4210.74,5834.54,2,2,0.0000
5355,4035.78,5913.00,NaN,NaN,NaN
5356,4375.10,6205.01,0,0,0.0000
5357,4695.05,5905.45,NaN,NaN,NaN
5358,4364.94,6058.85,2,7,3.5000
5359,4647.68,5804.46,0,0,0.0000
5360,4139.68,5658.38,2,4,2.0000
5361,4275.65,5987.52,2,5,2.5000
5362,4348.39,5531.76,3,4,0.0000
5363,4360.67,5899.02,NaN,NaN,NaN
5364,4139.54,5759.79,NaN,NaN,NaN
5365,4604.64,5940.23,2,1,0.0000
5366,3980.46,5716.70,NaN,NaN,NaN
5367,4031.58,5775.33,NaN,NaN,NaN
5368,4377.16,5639.61,NaN,NaN,NaN
5369,4291.35,5722.43,NaN,NaN,NaN
5370,4363.30,5705.50,3,6,2.0000
5371,4453.18,5957.10,3,6,2.0000
5372,4378.37,5792.74,NaN,NaN,NaN
5373,4047.19,5647.78,2,2,0.0000
5374,4169.28,5560.92,NaN,NaN,NaN
5375,4421.98,6016.72,3,4,0.0000
5376,4042.33,5519.84,0,0,0.0000
5377,4087.84,5864.38,NaN,NaN,NaN
5378,4482.36,5684.06,NaN,NaN,NaN
5379,4169.95,6117.73,NaN,NaN,NaN
5380,4451.60,6158.94,NaN,NaN,NaN
5381,4634.06,6192.90,2,4,2.0000
5382,4446.03,5907.50,NaN,NaN,NaN
5383,4327.54,6270.29,0,0,0.0000
5384,4095.49,5508.78,NaN,NaN,NaN
5385,4682.81,6006.86,NaN,NaN,NaN
5386,4427.72,5595.12,0,0,0.0000
5387,4163.13,6021.05,2,4,2.0000
5388,4536.81,5638.27,NaN,NaN,NaN
5389,4077.29,5582.57,NaN,NaN,NaN
5390,4214.37,5716.94,NaN,NaN,NaN
5391,4263.55,5767.08,NaN,NaN,NaN
5392,4247.14,6259.46,NaN,NaN,NaN
5393,4240.36,6138.42,NaN,NaN,NaN
5394,4450.68,5819.71,2,4,2.0000
5395,4725.67,5827.83,NaN,NaN,NaN
5396,4484.80,5879.94,2,6,3.0000
5397,4353.16,5968.36,NaN,NaN,NaN
5398,4310.16,6107.22,0,0,0.0000
5399,4295.03,6183.20,0,0,0.0000
5400,4005.12,5938.16,0,0,0.0000
5401,4286.62,5914.74,NaN,NaN,NaN
5402,4315.80,5807.07,NaN,NaN,NaN
5403,4726.25,6129.53,0,0,0.0000
5404,4091.44,5784.30,NaN,NaN,NaN
5405,4300.09,5845.55,NaN,NaN,NaN
5406,4123.42,6080.46,0,0,0.0000
5407,4085.14,5923.16,NaN,NaN,NaN
5408,4489.83,5609.86,NaN,NaN,NaN
5409,4238.14,6060.26,0,0,0.0000
5410,4687.19,6063.74,NaN,NaN,NaN
5411,4245.26,6208.70,NaN,NaN,NaN
5412,4129.93,5934.44,4,4,0.0000
5413,4068.10,5795.63,0,0,0.0000
5414,4707.24,5784.09,NaN,NaN,NaN
5415,4610.71,5870.80,0,0,0.0000
5416,4801.29,6182.81,0,0,0.0000
5417,4828.23,6106.50,0,0,0.0000
5418,5387.61,5532.32,NaN,NaN,NaN
5419,5422.29,5618.32,NaN,NaN,NaN
5420,4763.18,6015.22,2,3,0.0000
5421,4816.93,5972.78,NaN,NaN,NaN
5422,4744.97,5951.33,0,0,0.0000
5423,5458.13,5572.64,NaN,NaN,NaN
5424,5455.29,5757.43,NaN,NaN,NaN
5425,6066.21,5906.75,0,0,0.0000
5426,5937.95,6064.16,2,2,0.0000
5427,5630.04,5569.34,NaN,NaN,NaN
5428,5965.55,5705.74,2,3,0.0000
5429,6029.32,5628.25,NaN,NaN,NaN
5430,5769.09,5719.89,NaN,NaN,NaN
5431,6005.38,5521.05,3,7,2.3333
5432,6199.85,5747.16,3,6,2.0000
5433,5717.91,5522.01,NaN,NaN,NaN
5434,5786.22,5987.09,NaN,NaN,NaN
5435,5543.75,5781.66,NaN,NaN,NaN
5436,6235.39,5965.60,NaN,NaN,NaN
5437,6173.89,6077.31,NaN,NaN,NaN
5438,5786.59,5593.49,0,0,0.0000
5439,5739.00,6140.19,NaN,NaN,NaN
5440,5940.29,5924.02,NaN,NaN,NaN
5441,5959.24,5584.96,NaN,NaN,NaN
5442,5669.17,5680.28,3,5,0.0000
5443,5572.22,5876.75,0,0,0.0000
5444,6088.46,5793.48,0,0,0.0000
5445,5916.89,5814.27,NaN,NaN,NaN
5446,5883.14,6170.59,NaN,NaN,NaN
5447,6115.10,5542.53,5,3,0.0000
5448,6140.52,5640.53,NaN,NaN,NaN
5449,6168.19,5895.82,NaN,NaN,NaN
5450,5823.69,6231.78,2,5,2.5000
5451,5772.52,5882.43,NaN,NaN,NaN
5452,6267.61,6099.02,2,4,2.0000
5453,5507.17,5641.81,2,4,2.0000
5454,5587.00,5705.04,4,5,0.0000
5455,5722.38,6047.57,3,8,2.6667
5456,6085.03,5684.70,NaN,NaN,NaN
5457,6156.21,5979.81,NaN,NaN,NaN
5458,6166.71,6224.46,2,7,3.5000
5459,6180.13,5596.09,NaN,NaN,NaN
5460,5905.21,5625.22,NaN,NaN,NaN
5461,5860.55,5556.23,0,0,0.0000
5462,5984.26,6011.29,0,0,0.0000
5463,6132.81,5751.97,NaN,NaN,NaN
5464,6025.11,5968.87,NaN,NaN,NaN
5465,5653.06,5811.21,NaN,NaN,NaN
5466,5848.13,6014.39,NaN,NaN,NaN
5467,6079.20,5583.63,NaN,NaN,NaN
5468,5519.02,5514.98,2,4,2.0000
5469,5543.43,5691.15,NaN,NaN,NaN
5470,6043.57,5810.03,0,0,0.0000
5471,5963.54,5867.73,3,4,0.0000
5472,6131.43,5812.92,0,0,0.0000
5473,5859.51,5725.55,NaN,NaN,NaN
5474,5593.92,5647.21,0,0,0.0000
5475,5562.21,5653.46,NaN,NaN,NaN
5476,5835.71,6081.81,0,0,0.0000
5477,5643.66,5939.84,0,0,0.0000
5478,6306.12,5695.55,2,4,2.0000
5479,6693.25,6105.23,0,0,0.0000
5480,6579.51,5627.02,0,0,0.0000
5481,6465.43,5672.13,0,0,0.0000
5482,6733.94,6228.24,0,0,0.0000
5483,6844.18,5675.85,NaN,NaN,NaN
5484,6451.70,5720.65,NaN,NaN,NaN
5485,6435.84,6129.17,NaN,NaN,NaN
5486,6529.10,6250.61,2,1,0.0000
5487,6432.51,5760.82,0,0,0.0000
5488,6663.53,6256.83,NaN,NaN,NaN
5489,6833.24,6224.25,2,2,0.0000
5490,6354.75,6085.73,NaN,NaN,NaN
5491,6349.58,6176.23,0,0,0.0000
5492,6319.00,5601.52,NaN,NaN,NaN
5493,6415.86,5830.35,NaN,NaN,NaN
5494,6551.32,5746.43,NaN,NaN,NaN
5495,6509.48,5871.72,0,0,0.0000
5496,6988.29,6037.87,NaN,NaN,NaN
5497,6306.11,6154.72,NaN,NaN,NaN
5498,6364.31,5580.00,0,0,0.0000
5499,6523.26,6165.70,0,0,0.0000
5500,6452.14,5609.03,0,0,0.0000
5501,6649.72,5694.91,NaN,NaN,NaN
5502,6529.67,5577.81,NaN,NaN,NaN
5503,6763.29,6034.93,0,0,0.0000
5504,6536.13,5661.46,NaN,NaN,NaN
5505,6474.73,6078.38,0,0,0.0000
5506,6277.11,5762.72,0,0,0.0000
5507,6958.65,5984.67,0,0,0.0000
5508,6519.20,6106.86,0,0,0.0000
5509,6465.78,5907.84,NaN,NaN,NaN
5510,6733.79,5567.38,2,6,3.0000
5511,7718.23,5515.76,0,0,0.0000
5512,7748.73,5851.99,NaN,NaN,NaN
5513,7750.17,5724.08,2,9,4.5000
5514,7774.97,5581.74,NaN,NaN,NaN
5515,7750.51,5618.31,0,0,0.0000
5516,7680.44,5724.52,3,4,0.0000
5517,8088.19,5760.78,NaN,NaN,NaN
5518,7952.23,6193.67,0,0,0.0000
5519,8544.63,5603.35,2,2,0.0000
5520,8526.93,6185.25,NaN,NaN,NaN
5521,8063.19,5596.49,0,0,0.0000
5522,7905.36,5859.57,NaN,NaN,NaN
5523,8405.47,5673.96,NaN,NaN,NaN
5524,8493.25,5983.72,NaN,NaN,NaN
5525,8280.45,5720.47,NaN,NaN,NaN
5526,8337.26,6077.49,NaN,NaN,NaN
5527,8227.12,5862.14,NaN,NaN,NaN
5528,8494.88,5778.96,NaN,NaN,NaN
5529,8163.34,6031.76,2,4,2.0000
5530,7952.49,5546.78,NaN,NaN,NaN
5531,8370.38,5738.71,NaN,NaN,NaN
5532,8218.89,6139.54,NaN,NaN,NaN
5533,8414.49,5792.80,NaN,NaN,NaN
5534,8026.55,6035.07,0,0,0.0000
5535,7860.94,5623.86,0,0,0.0000
5536,8246.37,6237.56,NaN,NaN,NaN
5537,8161.25,5623.92,NaN,NaN,NaN
5538,8169.24,5557.83,NaN,NaN,NaN
5539,8424.06,5874.59,NaN,NaN,NaN
5540,8301.26,5507.98,0,0,0.0000
5541,8341.44,5882.35,NaN,NaN,NaN
5542,8314.73,6153.10,NaN,NaN,NaN
5543,8423.58,6026.24,NaN,NaN,NaN
5544,7949.95,5687.22,NaN,NaN,NaN
5545,8237.80,5644.23,NaN,NaN,NaN
5546,8145.63,5860.99,NaN,NaN,NaN
5547,8345.72,6234.73,2,2,0.0000
5548,8163.43,6239.34,NaN,NaN,NaN
5549,7811.12,5861.89,2,7,3.5000
5550,7812.28,5546.89,NaN,NaN,NaN
5551,8450.03,6225.45,NaN,NaN,NaN
5552,8220.83,5512.63,NaN,NaN,NaN
5553,7843.47,5786.69,NaN,NaN,NaN
5554,8276.23,5916.11,0,0,0.0000
5555,8096.01,5999.34,0,0,0.0000
5556,8037.41,6112.93,0,0,0.0000
5557,8109.51,6104.78,0,0,0.0000
5558,8295.41,5593.12,3,4,0.0000
5559,8203.89,5765.21,NaN,NaN,NaN
5560,8431.44,5577.02,0,0,0.0000
5561,8282.64,6025.27,NaN,NaN,NaN
5562,7847.94,5739.15,0,0,0.0000
5563,8558.45,6119.16,3,8,2.6667
5564,7851.94,5914.63,0,0,0.0000
5565,8208.65,5974.77,2,7,3.5000
5566,8420.05,6112.88,NaN,NaN,NaN
5567,8037.31,5931.05,0,0,0.0000
5568,8238.28,5966.78,NaN,NaN,NaN
5569,7976.82,5939.06,NaN,NaN,NaN
5570,8073.05,6216.78,NaN,NaN,NaN
5571,8059.79,5888.19,NaN,NaN,NaN
5572,7988.85,5645.94,NaN,NaN,NaN
5573,8121.20,5918.80,NaN,NaN,NaN
5574,7997.45,5856.43,0,0,0.0000
5575,8380.01,5957.15,0,0,0.0000
5576,8493.51,6080.33,NaN,NaN,NaN
5577,8551.83,5846.55,NaN,NaN,NaN
5578,7950.39,5970.75,0,0,0.0000
5579,8045.63,6184.08,0,0,0.0000
5580,8109.24,6214.29,NaN,NaN,NaN
5581,8159.91,6115.49,0,0,0.0000
5582,8352.73,5970.78,NaN,NaN,NaN
5583,8091.93,5507.95,2,1,0.0000
5584,7903.54,5584.42,NaN,NaN,NaN
5585,8151.98,6192.62,0,0,0.0000
5586,7939.22,5927.43,3,9,3.0000
5587,8707.13,6038.36,3,6,2.0000
5588,8919.63,6002.92,NaN,NaN,NaN
5589,8759.33,5855.45,NaN,NaN,NaN
5590,8633.81,6151.12,2,4,2.0000
5591,8585.04,5946.78,NaN,NaN,NaN
5592,8684.31,5667.44,3,5,0.0000
5593,8588.93,6037.12,2,1,0.0000
5594,8706.35,6215.77,2,2,0.0000
5595,8737.75,5565.36,0,0,0.0000
5596,9118.69,6177.65,NaN,NaN,NaN
5597,8843.18,6009.04,NaN,NaN,NaN
5598,8635.64,6247.00,0,0,0.0000
5599,9062.93,6169.55,2,3,0.0000
5600,8849.35,5874.55,0,0,0.0000
5601,9177.21,6250.06,NaN,NaN,NaN
5602,8749.57,5690.66,NaN,NaN,NaN
5603,8912.79,5797.08,0,0,0.0000
5604,8785.08,5953.04,3,4,0.0000
5605,8851.91,6142.09,NaN,NaN,NaN
5606,8670.02,5579.25,0,0,0.0000
5607,8630.15,5705.77,3,5,0.0000
5608,8712.88,5751.02,NaN,NaN,NaN
5609,8583.83,5768.25,0,0,0.0000
5610,8822.68,5606.01,NaN,NaN,NaN
5611,8627.95,5815.79,NaN,NaN,NaN
5612,9080.42,6271.38,NaN,NaN,NaN
5613,8866.76,5751.14,NaN,NaN,NaN
5614,8671.47,5906.46,NaN,NaN,NaN
5615,8964.50,5948.33,NaN,NaN,NaN
5616,8760.51,6253.48,NaN,NaN,NaN
5617,8843.41,5672.40,NaN,NaN,NaN
5618,8799.39,5657.45,0,0,0.0000
5619,8618.41,6078.05,NaN,NaN,NaN
5620,8691.30,5838.67,3,5,0.0000
5621,8721.79,5944.92,2,1,0.0000
5622,9800.49,5523.68,NaN,NaN,NaN
5623,9982.27,5934.01,NaN,NaN,NaN
5624,9505.14,5965.55,2,2,0.0000
5625,9603.54,5854.12,NaN,NaN,NaN
5626,10053.35,5880.69,NaN,NaN,NaN
5627,9753.17,5699.42,0,0,0.0000
5628,9609.18,6078.49,0,0,0.0000
5629,9888.30,5688.28,0,0,0.0000
5630,9530.53,5581.42,NaN,NaN,NaN
5631,9728.17,6150.46,NaN,NaN,NaN
5632,10033.60,6157.56,NaN,NaN,NaN
5633,9427.95,5651.97,NaN,NaN,NaN
5634,9605.98,5974.30,NaN,NaN,NaN
5635,9815.62,6067.61,2,4,2.0000
5636,10077.68,5672.61,0,0,0.0000
5637,10106.23,5763.91,0,0,0.0000
5638,9902.78,6123.29,0,0,0.0000
5639,9592.27,5658.08,NaN,NaN,NaN
5640,9974.54,5542.53,0,0,0.0000
5641,9750.96,6241.03,0,0,0.0000
5642,10098.95,5993.97,NaN,NaN,NaN
5643,9938.11,6027.95,2,3,0.0000
5644,9960.96,6170.35,NaN,NaN,NaN
5645,9892.54,5607.10,0,0,0.0000
5646,9963.97,5632.21,0,0,0.0000
5647,9711.81,5875.01,0,0,0.0000
5648,9463.01,5564.39,NaN,NaN,NaN
5649,9791.66,5757.18,NaN,NaN,NaN
5650,9676.07,5642.31,0,0,0.0000
5651,9674.44,5724.18,2,3,0.0000
5652,9676.22,6070.04,0,0,0.0000
5653,9502.60,5686.71,NaN,NaN,NaN
5654,9934.56,5785.88,NaN,NaN,NaN
5655,9623.78,5587.81,0,0,0.0000
5656,9684.49,5927.28,0,0,0.0000
5657,9761.84,5918.51,NaN,NaN,NaN
5658,9543.98,5816.20,NaN,NaN,NaN
5659,9853.89,5959.33,NaN,NaN,NaN
5660,9835.89,6212.40,0,0,0.0000
5661,9578.90,5759.75,NaN,NaN,NaN
5662,9500.79,5779.84,0,0,0.0000
5663,9845.47,5836.82,NaN,NaN,NaN
5664,9670.62,5997.78,0,0,0.0000
5665,9849.47,6127.75,NaN,NaN,NaN
5666,9923.02,6212.67,NaN,NaN,NaN
5667,9545.95,5695.30,2,4,2.0000
5668,9746.05,6047.71,NaN,NaN,NaN
5669,9703.30,5551.05,2,7,3.5000
5670,9688.63,6251.28,0,0,0.0000
5671,9673.58,5567.14,NaN,NaN,NaN
5672,9972.29,6259.34,0,0,0.0000
5673,9677.99,5510.06,NaN,NaN,NaN
5674,9446.17,5747.15,0,0,0.0000
5675,10092.84,6143.45,0,0,0.0000
5676,9846.92,5766.44,NaN,NaN,NaN
5677,10076.80,6232.62,NaN,NaN,NaN
5678,9592.58,5530.87,NaN,NaN,NaN
5679,10061.96,6073.39,0,0,0.0000
5680,9860.25,6045.37,0,0,0.0000
5681,10023.70,6230.05,0,0,0.0000
5682,9882.38,5774.29,2,3,0.0000
5683,9449.59,5706.99,0,0,0.0000
5684,9764.47,6076.08,0,0,0.0000
5685,10421.91,5525.53,NaN,NaN,NaN
5686,10250.67,5823.70,NaN,NaN,NaN
5687,10235.83,5723.86,NaN,NaN,NaN
5688,10145.66,6062.29,3,3,0.0000
5689,10198.46,5574.51,0,0,0.0000
5690,10229.60,5985.44,0,0,0.0000
5691,10135.76,5915.21,0,0,0.0000
5692,10439.28,5646.03,2,3,0.0000
5693,10520.20,5634.50,NaN,NaN,NaN
5694,10214.02,6250.23,NaN,NaN,NaN
5695,10177.61,5678.58,0,0,0.0000
5696,10739.70,5623.79,NaN,NaN,NaN
5697,10790.21,5542.15,2,3,0.0000
5698,10158.85,6185.12,3,2,0.0000
5699,10539.33,5543.65,NaN,NaN,NaN
5700,10173.60,6122.06,NaN,NaN,NaN
5701,10326.50,5615.64,NaN,NaN,NaN
5702,10241.74,6170.58,0,0,0.0000
5703,10451.74,5707.09,0,0,0.0000
5704,10361.44,5742.15,NaN,NaN,NaN
5705,10306.23,5935.17,0,0,0.0000
5706,10713.13,5549.29,0,0,0.0000
5707,10584.89,5572.18,NaN,NaN,NaN
5708,10675.51,5644.24,2,6,3.0000
5709,10189.87,5948.11,NaN,NaN,NaN
5710,10299.53,5878.27,3,3,0.0000
5711,10495.22,5931.29,0,0,0.0000
5712,10218.29,6111.33,0,0,0.0000
5713,10250.14,6057.02,0,0,0.0000
5714,10799.04,6251.39,2,3,0.0000
5715,11322.33,5535.37,2,2,0.0000
5716,11179.49,6129.21,0,0,0.0000
5717,11452.22,6167.66,0,0,0.0000
5718,11432.87,5615.27,0,0,0.0000
5719,11118.80,5857.13,NaN,NaN,NaN
5720,11303.56,5953.81,2,3,0.0000
5721,11254.92,5584.00,NaN,NaN,NaN
5722,11199.52,6005.60,NaN,NaN,NaN
5723,11095.32,5524.21,2,3,0.0000
5724,11522.53,5965.09,0,0,0.0000
5725,11383.73,5815.33,2,3,0.0000
5726,11466.18,5718.29,0,0,0.0000
5727,11335.44,6077.92,3,3,0.0000
5728,11298.05,5751.74,NaN,NaN,NaN
5729,11404.59,5937.76,0,0,0.0000
5730,11278.49,5672.49,NaN,NaN,NaN
5731,11011.30,6254.31,NaN,NaN,NaN
5732,11532.85,6093.37,0,0,0.0000
5733,11184.86,5660.61,0,0,0.0000
5734,11414.38,6271.35,3,4,0.0000
5735,11173.95,5916.30,NaN,NaN,NaN
5736,11090.05,5688.89,0,0,0.0000
5737,11460.85,6081.40,NaN,NaN,NaN
5738,11381.17,5730.16,0,0,0.0000
5739,11581.84,5869.33,NaN,NaN,NaN
5740,11251.15,6189.77,0,0,0.0000
5741,11557.19,5745.11,0,0,0.0000
5742,10969.36,5509.64,NaN,NaN,NaN
5743,11197.46,5752.31,0,0,0.0000
5744,11334.82,6178.87,NaN,NaN,NaN
5745,11103.80,6211.32,NaN,NaN,NaN
5746,11337.57,6260.88,NaN,NaN,NaN
5747,10937.07,6226.58,NaN,NaN,NaN
5748,11135.01,6061.09,0,0,0.0000
5749,11153.70,5577.85,0,0,0.0000
5750,11064.73,5609.55,NaN,NaN,NaN
5751,11016.55,6166.84,NaN,NaN,NaN
5752,11263.10,6073.96,0,0,0.0000
5753,11600.05,6049.13,0,0,0.0000
5754,11408.63,5678.50,NaN,NaN,NaN
5755,11287.28,6139.78,NaN,NaN,NaN
5756,11383.53,6208.02,NaN,NaN,NaN
5757,11125.51,6011.19,NaN,NaN,NaN
5758,10980.34,5638.68,3,9,3.0000
5759,11532.56,5640.48,0,0,0.0000
5760,11321.73,5840.26,0,0,0.0000
5761,11440.94,5999.73,NaN,NaN,NaN
5762,10941.65,5550.77,0,0,0.0000
5763,11300.11,5868.00,0,0,0.0000
5764,11247.30,5877.06,NaN,NaN,NaN
5765,11612.02,5982.89,NaN,NaN,NaN
5766,11228.92,6269.10,2,4,2.0000
5767,11163.77,6213.95,NaN,NaN,NaN
5768,11140.17,5709.08,NaN,NaN,NaN
5769,11642.86,6127.88,0,0,0.0000
5770,11086.14,5923.67,NaN,NaN,NaN
5771,11633.46,6169.62,NaN,NaN,NaN
5772,11741.13,6187.58,0,0,0.0000
5773,11654.75,5857.11,NaN,NaN,NaN
5774,11685.70,5974.35,NaN,NaN,NaN
5775,11720.65,6080.68,0,0,0.0000
5776,11659.46,6075.06,0,0,0.0000
5777,11696.49,6045.61,2,4,2.0000
5778,11692.83,6152.16,0,0,0.0000
5779,16161.29,6045.35,0,0,0.0000
5780,15902.32,6113.06,0,0,0.0000
5781,16037.94,5860.67,NaN,NaN,NaN
5782,16320.44,5599.48,NaN,NaN,NaN
5783,16045.32,5973.80,NaN,NaN,NaN
5784,16212.49,5804.65,NaN,NaN,NaN
5785,16354.60,5840.28,NaN,NaN,NaN
5786,16236.90,5983.91,2,3,0.0000
5787,16070.55,6227.57,NaN,NaN,NaN
5788,16285.41,5840.12,NaN,NaN,NaN
5789,16314.57,5700.80,3,5,0.0000
5790,16186.46,5603.89,NaN,NaN,NaN
5791,16232.10,5601.30,NaN,NaN,NaN
5792,16227.12,6143.68,NaN,NaN,NaN
5793,15994.82,6001.03,NaN,NaN,NaN
5794,16301.54,5913.10,7,2,0.0000
5795,16007.25,6173.36,NaN,NaN,NaN
5796,15885.68,6228.42,NaN,NaN,NaN
5797,16368.87,5714.02,0,0,0.0000
5798,15957.57,6212.33,3,3,0.0000
5799,16360.98,5909.00,NaN,NaN,NaN
5800,16126.18,5934.95,0,0,0.0000
5801,16143.88,5507.22,NaN,NaN,NaN
5802,16204.51,6225.57,3,4,0.0000
5803,16091.26,6123.77,NaN,NaN,NaN
5804,16135.74,6219.98,2,2,0.0000
5805,16311.84,5972.16,0,0,0.0000
5806,16322.58,6179.74,2,3,0.0000
5807,16199.48,5883.94,NaN,NaN,NaN
5808,16028.17,6262.58,0,0,0.0000
5809,16088.13,6044.51,0,0,0.0000
5810,16306.01,6243.82,NaN,NaN,NaN
5811,16006.63,6228.83,NaN,NaN,NaN
5812,16283.60,6154.30,0,0,0.0000
5813,16166.95,5546.21,NaN,NaN,NaN
5814,16024.32,6125.07,NaN,NaN,NaN
5815,16268.14,5530.17,2,4,2.0000
5816,16349.91,5505.12,0,0,0.0000
5817,16096.12,6008.80,0,0,0.0000
5818,15972.27,6122.54,NaN,NaN,NaN
5819,16252.12,5690.11,2,3,0.0000
5820,16281.75,5637.27,5,10,2.0000
5821,15970.52,6046.69,0,0,0.0000
5822,16135.57,6123.47,0,0,0.0000
5823,16099.48,5519.82,3,3,0.0000
5824,445.84,6444.42,NaN,NaN,NaN
5825,712.93,6541.05,3,4,0.0000
5826,468.22,6286.62,NaN,NaN,NaN
5827,137.53,6417.52,4,5,0.0000
5828,255.88,6396.51,NaN,NaN,NaN
5829,474.50,6636.01,2,4,2.0000
5830,603.74,6800.18,NaN,NaN,NaN
5831,596.66,6613.94,0,0,0.0000
5832,547.42,6903.74,2,3,0.0000
5833,616.45,6491.85,0,0,0.0000
5834,789.96,6702.82,0,0,0.0000
5835,595.06,6319.25,NaN,NaN,NaN
5836,302.96,6294.71,2,2,0.0000
5837,742.89,6926.76,NaN,NaN,NaN
5838,859.60,6432.04,NaN,NaN,NaN
5839,810.46,6635.37,4,7,0.0000
5840,811.66,6814.22,NaN,NaN,NaN
5841,534.61,6386.24,2,4,2.0000
5842,598.10,7027.18,NaN,NaN,NaN
5843,883.02,6860.16,2,4,2.0000
5844,741.13,6747.92,NaN,NaN,NaN
5845,651.88,6916.01,2,2,0.0000
5846,693.34,6658.69,NaN,NaN,NaN
5847,732.06,6438.01,0,0,0.0000
5848,519.71,6801.30,2,3,0.0000
5849,826.96,6927.18,4,5,0.0000
5850,707.33,7030.61,NaN,NaN,NaN
5851,880.88,6531.79,NaN,NaN,NaN
5852,545.64,6660.17,0,0,0.0000
5853,478.71,6740.24,2,5,2.5000
5854,703.45,6364.28,NaN,NaN,NaN
5855,291.65,6482.62,0,0,0.0000
5856,656.25,6689.57,3,4,0.0000
5857,53.73,6332.53,NaN,NaN,NaN
5858,683.75,6768.42,NaN,NaN,NaN
5859,344.00,6457.88,3,3,0.0000
5860,116.97,6486.36,3,4,0.0000
5861,228.74,6273.14,0,0,0.0000
5862,760.78,6394.26,NaN,NaN,NaN
5863,667.71,6412.66,0,0,0.0000
5864,676.94,6842.06,NaN,NaN,NaN
5865,831.64,6506.76,NaN,NaN,NaN
5866,533.80,6728.88,NaN,NaN,NaN
5867,591.93,6445.74,0,0,0.0000
5868,800.19,6569.50,0,0,0.0000
5869,346.46,6362.19,0,0,0.0000
5870,736.65,6819.09,0,0,0.0000
5871,628.78,6384.42,0,0,0.0000
5872,514.69,6331.61,0,0,0.0000
5873,768.63,6881.69,0,0,0.0000
5874,925.92,6684.83,NaN,NaN,NaN
5875,918.34,6975.27,NaN,NaN,NaN
5876,990.43,6463.69,NaN,NaN,NaN
5877,1172.28,6300.50,2,3,0.0000
5878,1086.75,6949.36,NaN,NaN,NaN
5879,977.57,6842.69,0,0,0.0000
5880,1278.19,6292.37,NaN,NaN,NaN
5881,1014.28,6551.97,NaN,NaN,NaN
5882,901.18,6476.56,3,5,0.0000
5883,1011.26,6633.50,NaN,NaN,NaN
5884,951.00,6795.87,2,4,2.0000
5885,1403.03,7008.37,2,7,3.5000
5886,1156.83,6929.38,0,0,0.0000
5887,1044.10,7031.80,NaN,NaN,NaN
5888,1139.56,6869.96,0,0,0.0000
5889,938.14,6501.41,3,4,0.0000
5890,1058.34,6844.01,0,0,0.0000
5891,961.62,6888.76,4,2,0.0000
5892,1046.05,6794.25,0,0,0.0000
5893,955.05,6561.04,NaN,NaN,NaN
5894,1114.39,6813.45,0,0,0.0000
5895,1693.15,6312.55,NaN,NaN,NaN
5896,2366.64,7032.12,4,5,0.0000
5897,2271.12,6830.88,2,4,2.0000
5898,2106.82,6602.58,2,1,0.0000
5899,2380.85,6826.46,NaN,NaN,NaN
5900,2285.77,6994.56,0,0,0.0000
5901,2169.77,6735.36,0,0,0.0000
5902,2146.97,6814.81,NaN,NaN,NaN
5903,2107.52,6771.28,3,5,0.0000
5904,2348.06,6901.51,NaN,NaN,NaN
5905,2221.76,6954.10,3,6,2.0000
5906,2219.90,6774.94,2,2,0.0000
5907,2355.48,6948.13,NaN,NaN,NaN
5908,2180.63,6874.71,NaN,NaN,NaN
5909,1845.90,6477.56,0,0,0.0000
5910,2176.61,6673.84,NaN,NaN,NaN
5911,2178.98,6928.37,NaN,NaN,NaN
5912,2260.12,6910.75,NaN,NaN,NaN
5913,2201.83,6622.84,NaN,NaN,NaN
5914,2226.16,6868.26,NaN,NaN,NaN
5915,2414.56,6900.99,NaN,NaN,NaN
5916,2317.10,6870.52,NaN,NaN,NaN
5917,2224.66,6728.22,NaN,NaN,NaN
5918,2451.66,6943.93,2,5,2.5000
5919,3092.99,6463.97,NaN,NaN,NaN
5920,3020.58,6454.25,0,0,0.0000
5921,3143.83,6537.63,2,2,0.0000
5922,2450.15,7013.16,0,0,0.0000
5923,2944.69,6480.95,NaN,NaN,NaN
5924,3191.14,6511.38,NaN,NaN,NaN
5925,3061.90,6519.86,NaN,NaN,NaN
5926,2510.22,7029.19,0,0,0.0000
5927,3148.00,6348.62,NaN,NaN,NaN
5928,3051.78,6398.13,NaN,NaN,NaN
5929,2529.39,6992.98,0,0,0.0000
5930,3518.99,6712.19,2,2,0.0000
5931,3488.35,6526.12,NaN,NaN,NaN
5932,3756.01,6843.19,NaN,NaN,NaN
5933,3531.34,6345.66,NaN,NaN,NaN
5934,3248.13,6398.75,2,5,2.5000
5935,3784.57,6682.01,NaN,NaN,NaN
5936,3220.54,6472.54,2,3,0.0000
5937,3649.06,6809.33,2,3,0.0000
5938,3432.78,6399.99,NaN,NaN,NaN
5939,3373.05,6525.14,NaN,NaN,NaN
5940,3511.10,6275.20,4,2,0.0000
5941,3410.61,6750.93,NaN,NaN,NaN
5942,3291.95,6477.12,2,6,3.0000
5943,3703.79,6641.75,NaN,NaN,NaN
5944,3252.55,6325.39,NaN,NaN,NaN
5945,3794.28,6595.55,0,0,0.0000
5946,3590.63,6485.66,5,7,0.0000
5947,3693.23,6725.91,0,0,0.0000
5948,3632.56,6713.41,NaN,NaN,NaN
5949,3555.15,6643.46,NaN,NaN,NaN
5950,3921.78,6859.89,0,0,0.0000
5951,3344.97,6786.93,NaN,NaN,NaN
5952,3838.41,6846.43,NaN,NaN,NaN
5953,3693.56,6926.31,NaN,NaN,NaN
5954,3869.36,6898.23,0,0,0.0000
5955,3605.61,6431.02,0,0,0.0000
5956,3391.15,6939.58,NaN,NaN,NaN
5957,3334.83,6403.76,3,6,2.0000
5958,3276.07,6275.32,NaN,NaN,NaN
5959,3580.35,6592.75,NaN,NaN,NaN
5960,3772.68,6736.70,0,0,0.0000
5961,3635.69,6640.02,NaN,NaN,NaN
5962,3364.87,6703.60,0,0,0.0000
5963,3409.25,6458.14,0,0,0.0000
5964,3367.57,6282.27,NaN,NaN,NaN
5965,3364.27,6899.94,0,0,0.0000
5966,3703.04,6580.32,0,0,0.0000
5967,3201.21,6319.81,3,5,0.0000
5968,3377.40,7021.33,2,6,3.0000
5969,3452.58,6621.59,NaN,NaN,NaN
5970,3797.92,6915.73,0,0,0.0000
5971,3740.70,6937.71,0,0,0.0000
5972,3681.12,6473.56,0,0,0.0000
5973,3644.37,6573.63,0,0,0.0000
5974,3304.84,6597.44,NaN,NaN,NaN
5975,3559.97,6798.33,NaN,NaN,NaN
5976,3532.39,6416.50,0,0,0.0000
5977,3484.15,6771.52,0,0,0.0000
5978,3371.62,6836.32,0,0,0.0000
5979,3845.62,6731.36,0,0,0.0000
5980,3720.88,6760.90,0,0,0.0000
5981,3454.23,6340.81,2,2,0.0000
5982,3878.97,6711.91,0,0,0.0000
5983,3731.19,6536.43,0,0,0.0000
5984,3410.36,6580.02,0,0,0.0000
5985,4579.38,6713.68,0,0,0.0000
5986,4483.34,6514.77,3,2,0.0000
5987,4655.07,6546.30,NaN,NaN,NaN
5988,4681.68,6720.47,0,0,0.0000
5989,4469.27,6369.05,NaN,NaN,NaN
5990,4617.57,6285.97,NaN,NaN,NaN
5991,4703.42,6923.79,NaN,NaN,NaN
5992,4568.65,6905.92,3,6,2.0000
5993,4451.02,6653.96,NaN,NaN,NaN
5994,4478.45,6806.09,0,0,0.0000
5995,4303.59,6408.35,NaN,NaN,NaN
5996,4614.50,7032.70,NaN,NaN,NaN
5997,4640.94,6391.41,0,0,0.0000
5998,4535.20,6281.41,0,0,0.0000
5999,4605.18,6854.37,0,0,0.0000
6000,4692.79,6828.59,NaN,NaN,NaN
6001,4354.33,6575.29,NaN,NaN,NaN
6002,4316.51,6327.74,2,9,4.5000
6003,4499.04,6632.21,4,6,0.0000
6004,4394.41,6344.58,3,4,0.0000
6005,4589.18,6599.95,0,0,0.0000
6006,4536.46,6418.08,2,10,5.0000
6007,4588.41,6449.47,0,0,0.0000
6008,4461.93,6274.39,0,0,0.0000
6009,4572.53,6994.31,0,0,0.0000
6010,4359.68,6494.74,NaN,NaN,NaN
6011,4392.06,6723.70,NaN,NaN,NaN
6012,4242.11,6333.38,NaN,NaN,NaN
6013,4722.95,6553.35,NaN,NaN,NaN
6014,4380.52,6418.18,NaN,NaN,NaN
6015,4398.93,6541.08,NaN,NaN,NaN
6016,4609.73,6563.52,0,0,0.0000
6017,4694.82,6464.65,0,0,0.0000
6018,4518.82,6781.58,2,5,2.5000
6019,4808.44,6825.50,2,1,0.0000
6020,4897.29,6459.86,0,0,0.0000
6021,4876.45,6561.05,3,3,0.0000
6022,4886.77,6835.72,4,5,0.0000
6023,5340.78,6623.97,NaN,NaN,NaN
6024,4779.04,6522.36,NaN,NaN,NaN
6025,4814.55,7020.37,NaN,NaN,NaN
6026,4946.08,6738.18,2,2,0.0000
6027,4784.74,6409.61,NaN,NaN,NaN
6028,5145.48,6864.27,NaN,NaN,NaN
6029,5283.14,6553.73,NaN,NaN,NaN
6030,4973.97,6897.40,0,0,0.0000
6031,5052.38,6716.04,NaN,NaN,NaN
6032,4971.82,6639.88,NaN,NaN,NaN
6033,4779.22,6913.35,NaN,NaN,NaN
6034,4895.75,6282.71,NaN,NaN,NaN
6035,5113.32,6934.20,NaN,NaN,NaN
6036,4958.44,6391.67,NaN,NaN,NaN
6037,4786.09,6285.54,0,0,0.0000
6038,5167.34,6960.21,NaN,NaN,NaN
6039,4828.97,6359.70,2,1,0.0000
6040,5069.83,6882.00,NaN,NaN,NaN
6041,5043.30,6547.71,NaN,NaN,NaN
6042,5228.25,6985.85,0,0,0.0000
6043,5014.22,6772.25,3,3,0.0000
6044,5104.36,7030.59,0,0,0.0000
6045,4898.85,6753.74,3,6,2.0000
6046,5372.96,6725.71,2,1,0.0000
6047,4767.33,7036.97,0,0,0.0000
6048,5257.58,6620.10,NaN,NaN,NaN
6049,4770.85,6594.43,NaN,NaN,NaN
6050,4820.24,6653.61,2,3,0.0000
6051,5358.52,6816.96,NaN,NaN,NaN
6052,5052.68,6959.65,0,0,0.0000
6053,5344.04,6764.68,NaN,NaN,NaN
6054,4969.91,6468.08,NaN,NaN,NaN
6055,5012.15,6863.13,NaN,NaN,NaN
6056,4929.46,6643.16,0,0,0.0000
6057,5111.19,6796.23,NaN,NaN,NaN
6058,4840.72,6281.26,0,0,0.0000
6059,5083.01,6807.81,0,0,0.0000
6060,4985.08,6955.45,NaN,NaN,NaN
6061,5939.58,6314.75,0,0,0.0000
6062,5967.70,6766.36,0,0,0.0000
6063,6148.38,6532.42,NaN,NaN,NaN
6064,6078.75,6501.87,0,0,0.0000
6065,6072.44,6684.60,0,0,0.0000
6066,5986.07,6683.57,2,4,2.0000
6067,5877.30,6416.80,0,0,0.0000
6068,6039.43,6857.28,NaN,NaN,NaN
6069,5908.62,6635.08,NaN,NaN,NaN
6070,6025.90,6802.96,0,0,0.0000
6071,5994.99,6535.87,3,8,2.6667
6072,5961.46,6636.73,2,3,0.0000
6073,6023.77,6735.09,NaN,NaN,NaN
6074,5838.70,6372.54,NaN,NaN,NaN
6075,6059.91,6902.97,NaN,NaN,NaN
6076,5872.39,6540.92,NaN,NaN,NaN
6077,5802.12,6364.10,NaN,NaN,NaN
6078,6076.09,6567.90,NaN,NaN,NaN
6079,6005.12,6613.13,0,0,0.0000
6080,5921.96,6581.81,NaN,NaN,NaN
6081,6042.40,6566.89,NaN,NaN,NaN
6082,6132.47,6660.13,0,0,0.0000
6083,5818.04,6321.81,NaN,NaN,NaN
6084,6701.66,6599.36,5,3,0.0000
6085,6631.07,6408.55,2,5,2.5000
6086,6564.67,6340.72,0,0,0.0000
6087,6691.09,6333.24,NaN,NaN,NaN
6088,6714.75,6472.94,0,0,0.0000
6089,6463.06,6336.61,NaN,NaN,NaN
6090,6653.27,6847.49,0,0,0.0000
6091,6570.11,6486.96,NaN,NaN,NaN
6092,6844.72,6445.52,NaN,NaN,NaN
6093,6600.59,6986.33,NaN,NaN,NaN
6094,6810.62,6511.84,NaN,NaN,NaN
6095,6570.36,6805.62,NaN,NaN,NaN
6096,6626.96,6899.79,NaN,NaN,NaN
6097,6651.33,7029.96,NaN,NaN,NaN
6098,6677.55,6956.85,NaN,NaN,NaN
6099,6475.51,6523.51,2,8,4.0000
6100,6495.60,6731.35,0,0,0.0000
6101,6610.02,6814.36,0,0,0.0000
6102,6855.01,6272.39,2,2,0.0000
6103,6576.35,6927.19,0,0,0.0000
6104,6641.45,6946.71,NaN,NaN,NaN
6105,7759.70,7036.65,NaN,NaN,NaN
6106,7138.11,6882.19,0,0,0.0000
6107,7193.95,7019.57,2,3,0.0000
6108,8351.63,6848.49,NaN,NaN,NaN
6109,8450.34,6714.48,0,0,0.0000
6110,8512.38,6349.73,NaN,NaN,NaN
6111,8455.17,6517.76,0,0,0.0000
6112,8246.04,6644.11,0,0,0.0000
6113,8446.63,7023.40,NaN,NaN,NaN
6114,8320.35,6574.96,NaN,NaN,NaN
6115,8490.00,6827.73,NaN,NaN,NaN
6116,8405.16,6971.35,NaN,NaN,NaN
6117,8074.59,6288.29,NaN,NaN,NaN
6118,8572.11,6321.16,NaN,NaN,NaN
6119,8142.43,6579.10,2,4,2.0000
6120,8446.28,6387.78,2,2,0.0000
6121,8175.56,6342.20,NaN,NaN,NaN
6122,8178.36,6429.34,3,4,0.0000
6123,8551.89,6528.68,0,0,0.0000
6124,8553.39,6448.07,NaN,NaN,NaN
6125,8408.40,6588.35,0,0,0.0000
6126,8344.50,6758.28,NaN,NaN,NaN
6127,8301.71,6690.11,0,0,0.0000
6128,8312.04,6912.21,NaN,NaN,NaN
6129,7933.43,6361.01,NaN,NaN,NaN
6130,8332.25,6480.14,NaN,NaN,NaN
6131,8438.26,6902.93,NaN,NaN,NaN
6132,8005.29,6422.22,2,7,3.5000
6133,8180.17,6514.54,NaN,NaN,NaN
6134,8190.16,6720.98,0,0,0.0000
6135,8141.73,6660.91,NaN,NaN,NaN
6136,8117.48,6468.04,NaN,NaN,NaN
6137,8315.28,6995.10,NaN,NaN,NaN
6138,8253.10,6764.46,0,0,0.0000
6139,7996.04,6301.68,NaN,NaN,NaN
6140,8239.07,6506.30,2,4,2.0000
6141,8060.92,6408.10,NaN,NaN,NaN
6142,8563.89,6773.06,0,0,0.0000
6143,8306.05,6279.30,0,0,0.0000
6144,8252.14,6389.00,NaN,NaN,NaN
6145,8199.54,6950.26,NaN,NaN,NaN
6146,8085.79,6364.53,2,2,0.0000
6147,8345.90,6390.45,0,0,0.0000
6148,8498.68,6604.15,0,0,0.0000
6149,8461.12,6299.07,0,0,0.0000
6150,8540.32,6980.18,0,0,0.0000
6151,8262.10,6939.79,0,0,0.0000
6152,8293.68,6404.82,NaN,NaN,NaN
6153,8255.66,7022.41,NaN,NaN,NaN
6154,8558.68,6629.61,3,5,0.0000
6155,8365.41,6432.15,NaN,NaN,NaN
6156,8402.49,6671.41,0,0,0.0000
6157,8439.94,6803.63,0,0,0.0000
6158,8013.69,6343.61,NaN,NaN,NaN
6159,8374.08,6314.10,0,0,0.0000
6160,8425.64,6439.06,NaN,NaN,NaN
6161,8525.99,6743.19,0,0,0.0000
6162,8124.71,6301.68,0,0,0.0000
6163,8179.11,6664.19,0,0,0.0000
6164,8380.65,6358.28,0,0,0.0000
6165,8538.52,6824.89,0,0,0.0000
6166,8552.22,7028.37,NaN,NaN,NaN
6167,8284.24,6513.72,NaN,NaN,NaN
6168,8320.86,6324.85,0,0,0.0000
6169,8818.15,6323.41,NaN,NaN,NaN
6170,9110.42,6371.54,3,7,2.3333
6171,8801.23,6805.63,0,0,0.0000
6172,8970.93,6784.27,NaN,NaN,NaN
6173,8939.43,6855.68,NaN,NaN,NaN
6174,9072.13,6997.58,NaN,NaN,NaN
6175,8634.66,6749.17,2,5,2.5000
6176,8968.60,7030.69,NaN,NaN,NaN
6177,8798.05,6999.44,0,0,0.0000
6178,8618.31,7009.13,NaN,NaN,NaN
6179,8955.53,6480.08,NaN,NaN,NaN
6180,8627.80,6463.05,0,0,0.0000
6181,8695.07,6548.72,0,0,0.0000
6182,9131.69,6895.20,NaN,NaN,NaN
6183,8865.26,6409.26,NaN,NaN,NaN
6184,8785.42,6530.65,NaN,NaN,NaN
6185,8667.66,6907.30,3,2,0.0000
6186,9083.62,6507.56,NaN,NaN,NaN
6187,8700.09,6380.48,0,0,0.0000
6188,9048.59,6897.69,NaN,NaN,NaN
6189,8582.07,6918.99,0,0,0.0000
6190,8997.52,6931.99,NaN,NaN,NaN
6191,8607.01,6836.17,2,2,0.0000
6192,9115.82,6427.05,NaN,NaN,NaN
6193,8725.66,6763.65,0,0,0.0000
6194,8634.51,6665.62,0,0,0.0000
6195,9044.51,6638.99,2,2,0.0000
6196,8711.28,6940.42,0,0,0.0000
6197,8874.05,6820.04,0,0,0.0000
6198,9019.63,6287.52,0,0,0.0000
6199,9010.05,6707.70,3,4,0.0000
6200,8632.62,6538.73,0,0,0.0000
6201,8946.82,6943.48,NaN,NaN,NaN
6202,9063.16,6714.18,NaN,NaN,NaN
6203,8903.33,7027.47,0,0,0.0000
6204,9036.84,6580.77,NaN,NaN,NaN
6205,8850.01,6888.14,NaN,NaN,NaN
6206,9005.02,6520.90,2,7,3.5000
6207,8939.87,6405.72,0,0,0.0000
6208,9025.10,6387.68,NaN,NaN,NaN
6209,8707.95,6839.86,NaN,NaN,NaN
6210,8886.11,6956.84,NaN,NaN,NaN
6211,8851.29,6949.30,0,0,0.0000
6212,8962.21,6350.28,0,0,0.0000
6213,9118.91,7007.25,0,0,0.0000
6214,8735.76,6617.67,NaN,NaN,NaN
6215,9091.43,6631.14,NaN,NaN,NaN
6216,8776.53,6642.19,NaN,NaN,NaN
6217,9037.37,6478.34,NaN,NaN,NaN
6218,8766.30,6394.44,0,0,0.0000
6219,8998.64,6434.89,NaN,NaN,NaN
6220,9027.11,6966.11,0,0,0.0000
6221,8708.53,6662.99,0,0,0.0000
6222,8899.00,6452.23,NaN,NaN,NaN
6223,9726.03,6972.53,NaN,NaN,NaN
6224,10035.11,6607.38,NaN,NaN,NaN
6225,9947.76,6474.99,NaN,NaN,NaN
6226,9568.69,7035.20,NaN,NaN,NaN
6227,9912.17,6288.45,NaN,NaN,NaN
6228,10015.81,6870.23,NaN,NaN,NaN
6229,10064.96,6407.55,2,3,0.0000
6230,9661.82,6636.88,NaN,NaN,NaN
6231,9775.13,6640.04,2,4,2.0000
6232,9785.21,6764.50,NaN,NaN,NaN
6233,9678.08,6334.25,NaN,NaN,NaN
6234,9513.89,6732.49,NaN,NaN,NaN
6235,9984.39,6349.50,0,0,0.0000
6236,9778.32,6328.51,NaN,NaN,NaN
6237,9866.15,6525.23,0,0,0.0000
6238,9808.11,6907.19,NaN,NaN,NaN
6239,9647.29,6840.16,0,0,0.0000
6240,9808.27,6272.41,0,0,0.0000
6241,10041.36,6318.41,NaN,NaN,NaN
6242,9977.96,6950.57,NaN,NaN,NaN
6243,9605.28,6601.88,NaN,NaN,NaN
6244,9826.70,6604.81,NaN,NaN,NaN
6245,9937.68,6932.19,NaN,NaN,NaN
6246,9908.20,6674.41,0,0,0.0000
6247,9580.83,6533.84,NaN,NaN,NaN
6248,9860.91,6368.56,NaN,NaN,NaN
6249,9506.49,7014.39,NaN,NaN,NaN
6250,10039.40,6474.50,NaN,NaN,NaN
6251,9974.53,6812.59,NaN,NaN,NaN
6252,9554.01,6820.20,NaN,NaN,NaN
6253,9519.97,6587.43,3,5,0.0000
6254,9699.01,6552.38,2,4,2.0000
6255,9780.92,6440.82,2,3,0.0000
6256,10059.69,6285.66,0,0,0.0000
6257,9635.92,6735.61,0,0,0.0000
6258,9804.21,7009.92,0,0,0.0000
6259,9918.70,6786.42,NaN,NaN,NaN
6260,9639.09,6999.73,NaN,NaN,NaN
6261,9645.82,6914.87,0,0,0.0000
6262,9461.77,6652.25,NaN,NaN,NaN
6263,9798.18,6834.52,0,0,0.0000
6264,10065.88,6702.51,0,0,0.0000
6265,10099.23,6880.90,NaN,NaN,NaN
6266,9739.17,6399.21,NaN,NaN,NaN
6267,10028.38,6952.34,0,0,0.0000
6268,9968.07,6580.46,NaN,NaN,NaN
6269,9507.70,6861.27,0,0,0.0000
6270,9880.70,6832.96,NaN,NaN,NaN
6271,9894.17,6878.19,0,0,0.0000
6272,9918.27,6572.32,0,0,0.0000
6273,9860.01,6901.22,0,0,0.0000
6274,9892.04,6974.09,NaN,NaN,NaN
6275,9623.16,6333.29,NaN,NaN,NaN
6276,9836.52,6430.62,0,0,0.0000
6277,9457.24,6727.59,0,0,0.0000
6278,9706.26,6718.26,0,0,0.0000
6279,9957.45,6745.12,0,0,0.0000
6280,9730.40,6837.93,0,0,0.0000
6281,9613.30,6790.91,0,0,0.0000
6282,9847.20,6953.60,2,7,3.5000
6283,10073.48,6935.17,0,0,0.0000
6284,9801.25,6540.43,0,0,0.0000
6285,9510.27,6642.53,0,0,0.0000
6286,9840.98,6781.13,0,0,0.0000
6287,9726.39,6795.71,0,0,0.0000
6288,9780.09,6379.24,NaN,NaN,NaN
6289,9876.85,6793.04,0,0,0.0000
6290,10615.57,6481.08,NaN,NaN,NaN
6291,10670.59,6663.18,NaN,NaN,NaN
6292,10474.09,6651.22,NaN,NaN,NaN
6293,10559.52,6888.66,3,6,2.0000
6294,10463.29,6777.09,2,6,3.0000
6295,10732.94,6761.04,2,7,3.5000
6296,10365.59,6668.14,0,0,0.0000
6297,10196.83,6417.33,NaN,NaN,NaN
6298,10806.89,6408.54,NaN,NaN,NaN
6299,10153.08,6667.49,NaN,NaN,NaN
6300,10297.92,6414.74,2,1,0.0000
6301,10511.54,6550.07,2,2,0.0000
6302,10455.57,6380.25,2,2,0.0000
6303,10348.94,6861.53,2,5,2.5000
6304,10754.02,6581.81,NaN,NaN,NaN
6305,10189.84,6319.48,NaN,NaN,NaN
6306,10252.87,6831.40,NaN,NaN,NaN
6307,10298.85,6724.89,3,5,0.0000
6308,10154.51,6530.02,NaN,NaN,NaN
6309,10710.48,6369.16,3,6,2.0000
6310,10461.74,6461.81,NaN,NaN,NaN
6311,10841.08,6626.36,NaN,NaN,NaN
6312,10620.18,6808.00,NaN,NaN,NaN
6313,10369.83,7008.95,NaN,NaN,NaN
6314,10700.66,6489.97,NaN,NaN,NaN
6315,10781.69,6837.08,NaN,NaN,NaN
6316,10770.39,6295.61,NaN,NaN,NaN
6317,10468.76,7012.15,0,0,0.0000
6318,10410.91,6921.03,NaN,NaN,NaN
6319,10154.92,6597.14,NaN,NaN,NaN
6320,10235.97,6630.49,2,2,0.0000
6321,10218.67,6935.71,NaN,NaN,NaN
6322,10556.11,6783.59,NaN,NaN,NaN
6323,10543.98,6977.01,3,8,2.6667
6324,10425.05,6730.12,0,0,0.0000
6325,10322.75,6963.97,2,2,0.0000
6326,10273.21,6951.81,NaN,NaN,NaN
6327,10863.54,6277.44,0,0,0.0000
6328,10585.74,6638.36,3,8,2.6667
6329,10685.48,6857.48,4,7,0.0000
6330,10202.66,7000.67,NaN,NaN,NaN
6331,10691.70,6951.50,0,0,0.0000
6332,10834.13,6899.56,0,0,0.0000
6333,10226.24,6757.57,0,0,0.0000
6334,10564.49,6687.93,0,0,0.0000
6335,10868.30,6773.01,NaN,NaN,NaN
6336,10860.95,6936.78,0,0,0.0000
6337,10802.24,6704.72,NaN,NaN,NaN
6338,10837.80,6471.43,NaN,NaN,NaN
6339,10377.32,6500.66,0,0,0.0000
6340,10848.14,6534.79,NaN,NaN,NaN
6341,10372.41,6567.59,0,0,0.0000
6342,10311.34,6303.71,NaN,NaN,NaN
6343,10818.68,6318.57,NaN,NaN,NaN
6344,10185.02,6478.88,0,0,0.0000
6345,10607.24,7021.57,2,3,0.0000
6346,10315.42,6595.44,0,0,0.0000
6347,10324.74,6545.53,0,0,0.0000
6348,10130.87,6893.33,2,5,2.5000
6349,10861.70,6349.53,0,0,0.0000
6350,10351.06,6765.35,0,0,0.0000
6351,10467.31,6934.75,NaN,NaN,NaN
6352,10795.41,6499.04,NaN,NaN,NaN
6353,10643.69,6962.21,0,0,0.0000
6354,10750.32,6929.09,0,0,0.0000
6355,10796.20,6953.47,NaN,NaN,NaN
6356,10260.75,6505.68,NaN,NaN,NaN
6357,10605.25,6731.24,0,0,0.0000
6358,10283.06,6531.30,NaN,NaN,NaN
6359,10383.43,6413.00,NaN,NaN,NaN
6360,10737.26,6525.01,0,0,0.0000
6361,10838.00,6741.67,NaN,NaN,NaN
6362,10838.51,7017.30,0,0,0.0000
6363,11218.50,6557.90,NaN,NaN,NaN
6364,11135.93,6760.25,3,5,0.0000
6365,11331.53,6387.79,NaN,NaN,NaN
6366,11035.83,6865.60,NaN,NaN,NaN
6367,11119.44,6911.36,NaN,NaN,NaN
6368,11166.76,6333.30,NaN,NaN,NaN
6369,11582.36,6840.13,2,7,3.5000
6370,11065.46,6438.64,NaN,NaN,NaN
6371,10934.81,6349.04,NaN,NaN,NaN
6372,11381.22,6631.11,NaN,NaN,NaN
6373,11320.08,6701.23,NaN,NaN,NaN
6374,11247.29,6347.88,0,0,0.0000
6375,11567.42,6563.09,0,0,0.0000
6376,11073.55,6568.14,NaN,NaN,NaN
6377,11421.63,6351.60,3,4,0.0000
6378,11223.27,6694.95,NaN,NaN,NaN
6379,11053.61,6981.98,0,0,0.0000
6380,11318.63,6900.70,NaN,NaN,NaN
6381,11086.66,6356.46,2,4,2.0000
6382,11047.28,6703.64,0,0,0.0000
6383,11350.51,6974.49,NaN,NaN,NaN
6384,11382.82,6462.06,2,4,2.0000
6385,11007.28,6356.73,2,5,2.5000
6386,11115.20,6656.43,NaN,NaN,NaN
6387,11446.77,6805.99,2,3,0.0000
6388,10912.09,6602.29,2,1,0.0000
6389,11223.18,6919.14,2,2,0.0000
6390,11330.95,6830.78,0,0,0.0000
6391,11147.07,6998.75,2,6,3.0000
6392,11435.51,6717.79,0,0,0.0000
6393,11508.21,6668.67,NaN,NaN,NaN
6394,11603.11,6904.56,NaN,NaN,NaN
6395,11534.11,6428.11,NaN,NaN,NaN
6396,11201.22,6855.94,2,5,2.5000
6397,11562.49,6478.77,2,3,0.0000
6398,10970.57,6419.60,0,0,0.0000
6399,11373.29,6765.73,0,0,0.0000
6400,11247.54,6805.79,NaN,NaN,NaN
6401,11429.42,6987.44,NaN,NaN,NaN
6402,11082.32,6515.31,NaN,NaN,NaN
6403,10983.04,6604.37,0,0,0.0000
6404,10984.07,6663.51,2,3,0.0000
6405,11304.10,6772.44,NaN,NaN,NaN
6406,11476.90,6996.00,3,4,0.0000
6407,10884.71,6390.79,0,0,0.0000
6408,11503.27,6869.71,0,0,0.0000
6409,11506.90,6938.67,0,0,0.0000
6410,11509.65,6372.14,NaN,NaN,NaN
6411,11574.06,6754.33,2,3,0.0000
6412,11400.67,6902.00,NaN,NaN,NaN
6413,10973.42,6526.88,0,0,0.0000
6414,10968.63,6868.86,NaN,NaN,NaN
6415,11150.69,6486.64,NaN,NaN,NaN
6416,11548.75,6338.40,NaN,NaN,NaN
6417,11249.24,6416.96,0,0,0.0000
6418,10903.06,6533.49,0,0,0.0000
6419,10980.02,6471.07,0,0,0.0000
6420,11327.30,6600.05,2,7,3.5000
6421,10912.42,6276.84,NaN,NaN,NaN
6422,11421.54,6858.49,0,0,0.0000
6423,11551.98,6639.45,0,0,0.0000
6424,11308.31,6490.57,0,0,0.0000
6425,11435.72,6419.20,0,0,0.0000
6426,11619.31,6498.46,0,0,0.0000
6427,11268.84,6630.61,NaN,NaN,NaN
6428,11168.81,6530.38,0,0,0.0000
6429,11168.14,6405.00,NaN,NaN,NaN
6430,11461.39,6618.04,0,0,0.0000
6431,11488.32,6499.60,NaN,NaN,NaN
6432,11475.59,6574.84,0,0,0.0000
6433,10912.88,6473.04,0,0,0.0000
6434,11207.74,6642.42,0,0,0.0000
6435,11195.08,6429.14,NaN,NaN,NaN
6436,11194.29,6474.97,NaN,NaN,NaN
6437,11459.30,6475.59,NaN,NaN,NaN
6438,11412.06,6495.06,NaN,NaN,NaN
6439,11437.38,6519.18,NaN,NaN,NaN
6440,11232.62,6464.60,NaN,NaN,NaN
6441,11562.85,6614.52,0,0,0.0000
6442,11463.33,6890.48,0,0,0.0000
6443,11297.57,6310.04,0,0,0.0000
6444,11707.38,6531.60,2,8,4.0000
6445,11794.70,6588.02,NaN,NaN,NaN
6446,11664.42,6628.38,NaN,NaN,NaN
6447,11735.86,6453.24,NaN,NaN,NaN
6448,11701.95,6409.74,3,3,0.0000
6449,11697.35,6733.22,0,0,0.0000
6450,11651.30,6906.45,0,0,0.0000
6451,11740.18,6660.23,0,0,0.0000
6452,11775.27,6387.43,0,0,0.0000
6453,11746.62,6962.98,3,4,0.0000
6454,11690.46,6851.71,NaN,NaN,NaN
6455,11703.53,6904.38,NaN,NaN,NaN
6456,11759.93,6851.30,0,0,0.0000
6457,11707.63,6355.33,0,0,0.0000
6458,15465.60,6707.15,0,0,0.0000
6459,15486.12,6513.65,0,0,0.0000
6460,15933.27,6305.78,0,0,0.0000
6461,15946.07,6491.45,4,6,0.0000
6462,16098.98,6835.71,0,0,0.0000
6463,16280.64,6596.19,2,5,2.5000
6464,16197.35,6783.49,0,0,0.0000
6465,16261.22,6366.95,NaN,NaN,NaN
6466,16165.62,6350.96,0,0,0.0000
6467,16260.96,6506.29,3,4,0.0000
6468,16074.29,6645.57,3,2,0.0000
6469,16114.94,6894.00,0,0,0.0000
6470,16130.37,6304.79,NaN,NaN,NaN
6471,16207.70,6449.49,NaN,NaN,NaN
6472,16248.84,6724.47,NaN,NaN,NaN
6473,16316.98,6766.15,NaN,NaN,NaN
6474,15527.77,6532.24,NaN,NaN,NaN
6475,16084.15,6364.61,0,0,0.0000
6476,16256.34,6787.80,NaN,NaN,NaN
6477,16042.03,6798.89,3,7,2.3333
6478,15659.45,6848.76,0,0,0.0000
6479,15528.63,6666.80,0,0,0.0000
6480,16303.04,6312.04,2,4,2.0000
6481,15600.66,6673.34,NaN,NaN,NaN
6482,16222.55,6639.14,0,0,0.0000
6483,16233.12,6303.30,3,2,0.0000
6484,16113.50,6542.72,3,6,2.0000
6485,16314.37,6871.68,NaN,NaN,NaN
6486,16013.53,6314.31,NaN,NaN,NaN
6487,16011.01,6583.31,NaN,NaN,NaN
6488,16272.58,6991.58,4,9,2.2500
6489,16106.31,6776.28,4,6,0.0000
6490,15572.84,6801.19,NaN,NaN,NaN
6491,16298.96,6803.79,0,0,0.0000
6492,15871.67,6387.34,4,6,0.0000
6493,15554.27,6624.33,0,0,0.0000
6494,16259.08,6838.21,3,7,2.3333
6495,16203.35,6609.67,0,0,0.0000
6496,15574.87,6712.96,0,0,0.0000
6497,16159.20,6936.36,0,0,0.0000
6498,16241.50,6569.45,4,2,0.0000
6499,16367.23,6315.77,0,0,0.0000
6500,16175.74,6710.58,0,0,0.0000
6501,867.62,7125.35,2,5,2.5000
6502,429.67,7639.76,0,0,0.0000
6503,776.89,7065.52,NaN,NaN,NaN
6504,498.64,7644.78,NaN,NaN,NaN
6505,568.61,7786.35,NaN,NaN,NaN
6506,674.02,7146.13,2,4,2.0000
6507,439.58,7753.19,NaN,NaN,NaN
6508,376.47,7547.58,NaN,NaN,NaN
6509,752.12,7193.18,3,1,0.0000
6510,378.60,7758.23,NaN,NaN,NaN
6511,741.45,7140.76,0,0,0.0000
6512,644.54,7080.67,0,0,0.0000
6513,280.57,7460.19,3,6,2.0000
6514,349.75,7619.29,NaN,NaN,NaN
6515,510.98,7784.81,2,3,0.0000
6516,322.81,7509.58,NaN,NaN,NaN
6517,405.96,7790.47,NaN,NaN,NaN
6518,378.36,7615.22,NaN,NaN,NaN
6519,532.95,7700.50,2,2,0.0000
6520,395.40,7487.11,NaN,NaN,NaN
6521,384.47,7701.97,NaN,NaN,NaN
6522,840.22,7055.33,0,0,0.0000
6523,977.97,7072.65,2,5,2.5000
6524,1625.08,7443.96,NaN,NaN,NaN
6525,1659.05,7365.78,NaN,NaN,NaN
6526,1645.65,7728.07,3,3,0.0000
6527,1605.97,7788.27,2,5,2.5000
6528,1309.69,7736.78,NaN,NaN,NaN
6529,1457.14,7054.99,NaN,NaN,NaN
6530,932.32,7137.16,0,0,0.0000
6531,1149.44,7513.21,3,3,0.0000
6532,1777.78,7741.04,NaN,NaN,NaN
6533,2239.67,7251.06,NaN,NaN,NaN
6534,1888.29,7180.86,NaN,NaN,NaN
6535,2344.61,7338.91,NaN,NaN,NaN
6536,2282.75,7426.43,0,0,0.0000
6537,2209.36,7372.47,2,3,0.0000
6538,1744.83,7620.85,2,3,0.0000
6539,1677.56,7804.55,2,4,2.0000
6540,2393.21,7254.06,NaN,NaN,NaN
6541,2348.14,7465.07,NaN,NaN,NaN
6542,2132.64,7358.77,2,4,2.0000
6543,2341.48,7153.88,NaN,NaN,NaN
6544,2427.20,7651.89,0,0,0.0000
6545,2262.55,7500.38,0,0,0.0000
6546,2370.43,7587.96,0,0,0.0000
6547,1807.80,7577.26,NaN,NaN,NaN
6548,2319.77,7262.00,NaN,NaN,NaN
6549,1808.18,7633.49,0,0,0.0000
6550,2333.82,7210.48,NaN,NaN,NaN
6551,2329.89,7105.93,NaN,NaN,NaN
6552,2414.75,7477.59,NaN,NaN,NaN
6553,2149.77,7411.51,NaN,NaN,NaN
6554,2417.62,7190.97,0,0,0.0000
6555,3075.30,7485.98,NaN,NaN,NaN
6556,2576.00,7500.56,NaN,NaN,NaN
6557,2486.95,7274.52,2,5,2.5000
6558,3077.91,7588.52,NaN,NaN,NaN
6559,2938.88,7402.74,NaN,NaN,NaN
6560,2455.16,7566.92,2,2,0.0000
6561,3020.52,7697.96,NaN,NaN,NaN
6562,2833.38,7361.10,NaN,NaN,NaN
6563,2602.89,7631.88,NaN,NaN,NaN
6564,3004.53,7792.43,NaN,NaN,NaN
6565,2945.59,7540.07,2,2,0.0000
6566,2521.29,7204.52,NaN,NaN,NaN
6567,3115.04,7719.12,NaN,NaN,NaN
6568,2777.42,7725.87,NaN,NaN,NaN
6569,2432.79,7377.97,0,0,0.0000
6570,3115.29,7803.11,NaN,NaN,NaN
6571,3091.10,7639.68,NaN,NaN,NaN
6572,2730.04,7449.04,NaN,NaN,NaN
6573,2829.18,7795.59,2,3,0.0000
6574,2841.03,7532.34,NaN,NaN,NaN
6575,2618.87,7313.87,NaN,NaN,NaN
6576,2606.99,7248.28,NaN,NaN,NaN
6577,2520.65,7546.29,NaN,NaN,NaN
6578,2601.34,7180.90,NaN,NaN,NaN
6579,2920.93,7607.30,0,0,0.0000
6580,3052.57,7769.96,5,4,0.0000
6581,2682.47,7520.01,0,0,0.0000
6582,2451.91,7071.41,3,5,0.0000
6583,2785.18,7383.56,0,0,0.0000
6584,2686.64,7206.08,3,4,0.0000
6585,3173.44,7561.41,2,1,0.0000
6586,2896.51,7714.09,3,5,0.0000
6587,2630.24,7419.90,2,2,0.0000
6588,2482.70,7465.36,NaN,NaN,NaN
6589,2685.30,7596.82,2,4,2.0000
6590,2788.69,7541.70,NaN,NaN,NaN
6591,2892.64,7328.41,NaN,NaN,NaN
6592,2528.11,7396.49,NaN,NaN,NaN
6593,2531.49,7635.30,NaN,NaN,NaN
6594,2878.15,7463.94,0,0,0.0000
6595,2477.33,7630.61,NaN,NaN,NaN
6596,2573.81,7048.27,0,0,0.0000
6597,2676.23,7307.92,NaN,NaN,NaN
6598,2882.29,7657.97,2,5,2.5000
6599,2858.77,7611.87,NaN,NaN,NaN
6600,2789.81,7455.55,NaN,NaN,NaN
6601,2535.29,7322.24,0,0,0.0000
6602,2666.29,7377.88,3,3,0.0000
6603,3146.31,7657.98,NaN,NaN,NaN
6604,2564.17,7110.94,2,4,2.0000
6605,2725.22,7662.59,NaN,NaN,NaN
6606,2539.49,7355.04,NaN,NaN,NaN
6607,2835.48,7725.21,0,0,0.0000
6608,2816.30,7433.67,2,2,0.0000
6609,3817.14,7631.93,2,5,2.5000
6610,3651.83,7494.09,NaN,NaN,NaN
6611,3756.02,7677.78,3,5,0.0000
6612,3885.03,7713.27,0,0,0.0000
6613,3738.00,7561.31,3,4,0.0000
6614,3860.64,7564.92,2,1,0.0000
6615,3438.67,7108.84,NaN,NaN,NaN
6616,3926.78,7618.06,NaN,NaN,NaN
6617,3422.08,7062.36,NaN,NaN,NaN
6618,3935.66,7495.89,0,0,0.0000
6619,3755.30,7756.71,2,4,2.0000
6620,3869.98,7474.65,0,0,0.0000
6621,3382.32,7097.18,NaN,NaN,NaN
6622,3443.78,7170.29,NaN,NaN,NaN
6623,3569.49,7459.77,2,6,3.0000
6624,3978.11,7725.15,2,1,0.0000
6625,4034.60,7661.42,2,3,0.0000
6626,4098.76,7661.81,2,3,0.0000
6627,4653.78,7122.78,NaN,NaN,NaN
6628,4684.96,7042.85,2,3,0.0000
6629,4662.46,7084.20,NaN,NaN,NaN
6630,3974.53,7482.43,0,0,0.0000
6631,5300.04,7799.76,2,3,0.0000
6632,4987.10,7553.50,0,0,0.0000
6633,5019.76,7696.86,NaN,NaN,NaN
6634,4830.74,7271.54,NaN,NaN,NaN
6635,5019.92,7051.34,NaN,NaN,NaN
6636,5079.00,7440.71,NaN,NaN,NaN
6637,5091.08,7798.30,NaN,NaN,NaN
6638,4936.90,7681.88,NaN,NaN,NaN
6639,5197.05,7639.51,NaN,NaN,NaN
6640,4984.53,7791.23,3,9,3.0000
6641,4981.88,7435.17,NaN,NaN,NaN
6642,5174.77,7118.47,NaN,NaN,NaN
6643,5296.62,7573.16,2,6,3.0000
6644,5220.18,7396.00,NaN,NaN,NaN
6645,4937.26,7049.08,2,4,2.0000
6646,4882.36,7612.23,NaN,NaN,NaN
6647,4871.13,7242.63,NaN,NaN,NaN
6648,4741.22,7106.97,NaN,NaN,NaN
6649,5347.29,7476.72,4,5,0.0000
6650,5108.94,7531.80,4,8,2.0000
6651,5130.91,7651.05,NaN,NaN,NaN
6652,4897.92,7430.51,NaN,NaN,NaN
6653,5202.17,7471.96,0,0,0.0000
6654,5122.02,7335.08,NaN,NaN,NaN
6655,4814.68,7350.94,NaN,NaN,NaN
6656,5027.77,7166.51,3,6,2.0000
6657,5218.97,7307.45,NaN,NaN,NaN
6658,4940.92,7289.61,0,0,0.0000
6659,5309.92,7699.46,0,0,0.0000
6660,5361.18,7789.87,NaN,NaN,NaN
6661,4918.45,7185.92,NaN,NaN,NaN
6662,5320.77,7518.49,NaN,NaN,NaN
6663,5216.60,7066.61,2,2,0.0000
6664,5054.58,7584.25,NaN,NaN,NaN
6665,4981.20,7361.57,0,0,0.0000
6666,5006.24,7321.40,0,0,0.0000
6667,5160.23,7232.41,0,0,0.0000
6668,4844.14,7440.98,0,0,0.0000
6669,5097.91,7201.70,NaN,NaN,NaN
6670,5166.51,7724.33,2,3,0.0000
6671,4848.42,7144.02,NaN,NaN,NaN
6672,5119.82,7148.82,NaN,NaN,NaN
6673,5033.09,7373.46,0,0,0.0000
6674,5185.16,7520.28,0,0,0.0000
6675,5287.76,7339.25,NaN,NaN,NaN
6676,4858.44,7520.23,NaN,NaN,NaN
6677,4908.62,7564.55,0,0,0.0000
6678,5206.98,7223.18,NaN,NaN,NaN
6679,5249.93,7204.38,NaN,NaN,NaN
6680,4986.24,7115.19,0,0,0.0000
6681,5267.46,7165.52,NaN,NaN,NaN
6682,4975.29,7242.74,0,0,0.0000
6683,4900.78,7523.69,NaN,NaN,NaN
6684,5213.89,7767.83,NaN,NaN,NaN
6685,5273.17,7110.32,0,0,0.0000
6686,5051.11,7229.07,0,0,0.0000
6687,5474.22,7678.85,2,2,0.0000
6688,5213.39,7723.10,NaN,NaN,NaN
6689,4856.59,7352.98,0,0,0.0000
6690,5244.66,7261.43,NaN,NaN,NaN
6691,6864.17,7630.71,NaN,NaN,NaN
6692,6637.62,7108.25,3,6,2.0000
6693,6893.30,7582.98,0,0,0.0000
6694,6588.76,7192.82,NaN,NaN,NaN
6695,6886.45,7684.68,NaN,NaN,NaN
6696,6807.72,7685.88,NaN,NaN,NaN
6697,6855.48,7733.58,NaN,NaN,NaN
6698,6549.64,7120.34,0,0,0.0000
6699,6832.53,7463.42,NaN,NaN,NaN
6700,6928.84,7633.02,0,0,0.0000
6701,7034.95,7623.93,0,0,0.0000
6702,6561.36,7072.08,2,2,0.0000
6703,6838.77,7410.42,0,0,0.0000
6704,7039.49,7788.59,NaN,NaN,NaN
6705,6927.31,7757.68,NaN,NaN,NaN
6706,6765.67,7700.90,2,3,0.0000
6707,6780.54,7791.83,NaN,NaN,NaN
6708,6816.44,7806.35,NaN,NaN,NaN
6709,7008.22,7710.05,NaN,NaN,NaN
6710,6802.23,7761.33,NaN,NaN,NaN
6711,7116.95,7768.44,2,4,2.0000
6712,7397.62,7340.02,0,0,0.0000
6713,7073.85,7688.89,3,3,0.0000
6714,7287.95,7373.43,0,0,0.0000
6715,7548.35,7298.94,0,0,0.0000
6716,7187.77,7067.03,2,4,2.0000
6717,7476.12,7425.79,2,6,3.0000
6718,7448.53,7254.07,2,2,0.0000
6719,7426.73,7450.98,0,0,0.0000
6720,7084.42,7263.89,0,0,0.0000
6721,7088.70,7209.16,NaN,NaN,NaN
6722,7424.52,7505.30,NaN,NaN,NaN
6723,7042.86,7744.35,NaN,NaN,NaN
6724,7497.32,7237.91,NaN,NaN,NaN
6725,8208.78,7486.26,NaN,NaN,NaN
6726,8374.85,7404.79,3,7,2.3333
6727,8275.22,7709.95,NaN,NaN,NaN
6728,8413.24,7762.26,NaN,NaN,NaN
6729,8223.98,7359.29,NaN,NaN,NaN
6730,8096.60,7544.88,NaN,NaN,NaN
6731,8363.26,7613.03,NaN,NaN,NaN
6732,8083.97,7424.42,2,1,0.0000
6733,8233.73,7639.67,NaN,NaN,NaN
6734,8343.71,7224.26,NaN,NaN,NaN
6735,8566.97,7212.45,0,0,0.0000
6736,8244.68,7239.02,NaN,NaN,NaN
6737,8443.30,7128.09,0,0,0.0000
6738,8446.63,7401.36,NaN,NaN,NaN
6739,8303.77,7573.45,NaN,NaN,NaN
6740,8285.99,7496.54,NaN,NaN,NaN
6741,8499.67,7071.50,NaN,NaN,NaN
6742,8540.18,7480.83,NaN,NaN,NaN
6743,8257.09,7159.97,NaN,NaN,NaN
6744,8428.38,7680.92,NaN,NaN,NaN
6745,8497.04,7537.36,0,0,0.0000
6746,8556.77,7320.54,NaN,NaN,NaN
6747,8349.76,7063.93,NaN,NaN,NaN
6748,8025.87,7379.61,NaN,NaN,NaN
6749,8321.17,7130.04,NaN,NaN,NaN
6750,8320.52,7803.80,0,0,0.0000
6751,8477.80,7597.24,NaN,NaN,NaN
6752,8452.81,7315.95,NaN,NaN,NaN
6753,8022.20,7477.50,NaN,NaN,NaN
6754,8188.34,7274.53,0,0,0.0000
6755,8177.82,7185.78,0,0,0.0000
6756,8018.60,7292.75,0,0,0.0000
6757,8453.61,7181.52,0,0,0.0000
6758,8453.30,7255.70,NaN,NaN,NaN
6759,8412.52,7527.72,NaN,NaN,NaN
6760,8134.34,7336.71,2,2,0.0000
6761,7963.10,7427.17,NaN,NaN,NaN
6762,8540.14,7405.89,NaN,NaN,NaN
6763,8144.13,7496.04,2,8,4.0000
6764,8070.41,7322.71,0,0,0.0000
6765,8301.67,7404.97,0,0,0.0000
6766,8364.56,7683.81,0,0,0.0000
6767,8548.86,7156.80,0,0,0.0000
6768,8486.01,7641.59,NaN,NaN,NaN
6769,8523.56,7271.79,NaN,NaN,NaN
6770,8019.05,7540.70,0,0,0.0000
6771,7913.80,7356.31,NaN,NaN,NaN
6772,8413.20,7469.57,NaN,NaN,NaN
6773,8513.95,7357.64,2,8,4.0000
6774,8557.85,7106.00,NaN,NaN,NaN
6775,8289.24,7305.96,2,8,4.0000
6776,9089.36,7452.54,NaN,NaN,NaN
6777,8655.41,7777.13,0,0,0.0000
6778,9315.26,7625.55,2,2,0.0000
6779,8845.01,7656.67,NaN,NaN,NaN
6780,8579.88,7647.96,2,2,0.0000
6781,8682.30,7088.63,2,8,4.0000
6782,8751.33,7494.97,0,0,0.0000
6783,9078.27,7753.28,NaN,NaN,NaN
6784,8943.47,7152.82,3,7,2.3333
6785,8863.32,7402.43,NaN,NaN,NaN
6786,8858.69,7270.77,0,0,0.0000
6787,8817.06,7759.47,NaN,NaN,NaN
6788,9149.62,7705.39,NaN,NaN,NaN
6789,8953.07,7620.31,NaN,NaN,NaN
6790,9162.45,7623.71,2,4,2.0000
6791,9152.88,7125.99,NaN,NaN,NaN
6792,9194.09,7042.85,NaN,NaN,NaN
6793,9211.61,7509.63,2,2,0.0000
6794,8967.68,7266.87,NaN,NaN,NaN
6795,9265.06,7049.58,4,8,2.0000
6796,9096.32,7309.23,0,0,0.0000
6797,8833.17,7557.60,NaN,NaN,NaN
6798,8650.44,7541.35,NaN,NaN,NaN
6799,9015.47,7083.58,NaN,NaN,NaN
6800,8928.29,7519.62,NaN,NaN,NaN
6801,9256.76,7185.74,0,0,0.0000
6802,9135.53,7555.48,4,9,2.2500
6803,8675.42,7317.77,NaN,NaN,NaN
6804,8863.83,7486.64,0,0,0.0000
6805,8851.25,7103.61,3,7,2.3333
6806,9021.73,7647.98,NaN,NaN,NaN
6807,8656.54,7679.32,NaN,NaN,NaN
6808,8615.61,7161.90,2,2,0.0000
6809,8733.33,7640.28,NaN,NaN,NaN
6810,9310.75,7348.10,5,8,0.0000
6811,9030.80,7295.41,NaN,NaN,NaN
6812,8926.62,7383.15,NaN,NaN,NaN
6813,8916.69,7304.16,2,2,0.0000
6814,9303.98,7109.02,NaN,NaN,NaN
6815,9076.72,7179.16,2,3,0.0000
6816,8962.01,7705.30,2,6,3.0000
6817,8851.43,7165.73,NaN,NaN,NaN
6818,8710.96,7426.24,NaN,NaN,NaN
6819,9264.31,7249.21,NaN,NaN,NaN
6820,9240.00,7772.85,2,4,2.0000
6821,9274.28,7408.00,0,0,0.0000
6822,8737.58,7236.77,0,0,0.0000
6823,8676.71,7217.33,NaN,NaN,NaN
6824,8592.32,7416.54,NaN,NaN,NaN
6825,8698.36,7161.99,2,4,2.0000
6826,8838.33,7212.75,NaN,NaN,NaN
6827,9201.83,7277.70,NaN,NaN,NaN
6828,9294.48,7732.16,NaN,NaN,NaN
6829,8768.69,7188.50,NaN,NaN,NaN
6830,8613.97,7331.39,NaN,NaN,NaN
6831,9314.03,7800.93,NaN,NaN,NaN
6832,9025.36,7145.86,NaN,NaN,NaN
6833,9220.38,7611.29,NaN,NaN,NaN
6834,8908.19,7779.05,NaN,NaN,NaN
6835,9028.93,7360.21,NaN,NaN,NaN
6836,8756.66,7303.63,0,0,0.0000
6837,8968.63,7434.84,0,0,0.0000
6838,8636.85,7388.14,0,0,0.0000
6839,8619.09,7483.89,2,3,0.0000
6840,9295.51,7506.06,3,3,0.0000
6841,9256.18,7338.12,0,0,0.0000
6842,9211.40,7371.51,0,0,0.0000
6843,8799.35,7069.58,4,5,0.0000
6844,9178.24,7317.10,0,0,0.0000
6845,9065.72,7594.16,2,5,2.5000
6846,9025.80,7232.28,0,0,0.0000
6847,8745.38,7357.32,NaN,NaN,NaN
6848,9311.28,7559.82,NaN,NaN,NaN
6849,8969.48,7337.14,2,8,4.0000
6850,9171.60,7185.60,0,0,0.0000
6851,9008.30,7732.64,NaN,NaN,NaN
6852,8955.40,7804.63,NaN,NaN,NaN
6853,8798.94,7141.56,0,0,0.0000
6854,9012.41,7585.85,NaN,NaN,NaN
6855,8607.87,7285.93,NaN,NaN,NaN
6856,9140.24,7209.86,NaN,NaN,NaN
6857,9084.51,7107.85,NaN,NaN,NaN
6858,8603.75,7456.19,NaN,NaN,NaN
6859,8800.05,7427.62,0,0,0.0000
6860,8795.40,7246.50,NaN,NaN,NaN
6861,9730.39,7139.30,0,0,0.0000
6862,9384.30,7190.16,NaN,NaN,NaN
6863,9908.81,7040.73,2,1,0.0000
6864,9851.11,7063.35,NaN,NaN,NaN
6865,9530.56,7174.18,2,4,2.0000
6866,9375.27,7399.82,2,4,2.0000
6867,9879.87,7146.05,NaN,NaN,NaN
6868,9354.92,7293.54,NaN,NaN,NaN
6869,9377.89,7767.10,NaN,NaN,NaN
6870,9478.97,7234.10,NaN,NaN,NaN
6871,9424.39,7700.67,NaN,NaN,NaN
6872,9487.00,7692.10,NaN,NaN,NaN
6873,9448.68,7768.76,0,0,0.0000
6874,10013.56,7070.24,NaN,NaN,NaN
6875,9641.82,7183.07,0,0,0.0000
6876,9376.74,7111.95,NaN,NaN,NaN
6877,9969.07,7076.47,NaN,NaN,NaN
6878,9362.16,7494.39,NaN,NaN,NaN
6879,9827.81,7124.38,NaN,NaN,NaN
6880,9800.11,7218.43,NaN,NaN,NaN
6881,9798.37,7162.67,2,5,2.5000
6882,10792.89,7065.71,NaN,NaN,NaN
6883,10386.89,7081.45,NaN,NaN,NaN
6884,10224.14,7057.15,NaN,NaN,NaN
6885,10320.11,7067.69,NaN,NaN,NaN
6886,10524.05,7042.75,2,2,0.0000
6887,10124.15,7097.64,2,5,2.5000
6888,10256.06,7089.53,0,0,0.0000
6889,10166.60,7048.01,NaN,NaN,NaN
6890,11010.76,7206.85,0,0,0.0000
6891,11181.80,7182.03,3,3,0.0000
6892,11302.40,7119.72,3,7,2.3333
6893,10974.44,7079.71,NaN,NaN,NaN
6894,10880.90,7106.21,6,11,0.0000
6895,11058.17,7082.93,NaN,NaN,NaN
6896,11531.07,7043.22,0,0,0.0000
6897,11116.03,7092.47,NaN,NaN,NaN
6898,11373.05,7087.10,0,0,0.0000
6899,11084.25,7152.21,NaN,NaN,NaN
6900,11416.44,7050.58,0,0,0.0000
6901,11082.90,7205.00,0,0,0.0000
6902,11319.19,7041.23,0,0,0.0000
6903,11389.51,7150.47,0,0,0.0000
6904,10941.57,7292.55,3,2,0.0000
6905,11582.90,7129.55,NaN,NaN,NaN
6906,16334.25,7120.46,2,5,2.5000
6907,16354.47,7161.34,NaN,NaN,NaN
6908,16284.31,7042.72,NaN,NaN,NaN
6909,16247.37,7784.63,NaN,NaN,NaN
6910,151.23,8216.24,3,6,2.0000
6911,136.32,8485.87,2,2,0.0000
6912,483.16,8030.52,3,3,0.0000
6913,427.33,7860.41,5,3,0.0000
6914,438.31,8322.61,0,0,0.0000
6915,513.10,7871.81,NaN,NaN,NaN
6916,572.35,7991.88,0,0,0.0000
6917,545.13,8198.95,2,3,0.0000
6918,345.97,7898.20,NaN,NaN,NaN
6919,437.36,8155.71,3,7,2.3333
6920,515.88,8302.41,NaN,NaN,NaN
6921,332.50,8135.24,NaN,NaN,NaN
6922,585.66,8336.57,2,5,2.5000
6923,154.65,8356.68,NaN,NaN,NaN
6924,332.98,8019.44,NaN,NaN,NaN
6925,431.19,8436.15,3,3,0.0000
6926,412.94,8097.82,4,5,0.0000
6927,566.23,8508.00,NaN,NaN,NaN
6928,597.85,7871.50,NaN,NaN,NaN
6929,556.47,8392.23,0,0,0.0000
6930,412.87,8001.23,NaN,NaN,NaN
6931,268.53,8091.65,NaN,NaN,NaN
6932,874.71,8038.90,0,0,0.0000
6933,47.59,8216.63,NaN,NaN,NaN
6934,514.08,8478.92,NaN,NaN,NaN
6935,456.00,8493.69,NaN,NaN,NaN
6936,41.23,8320.15,NaN,NaN,NaN
6937,510.22,8408.56,NaN,NaN,NaN
6938,155.18,8090.27,2,5,2.5000
6939,458.50,8208.93,0,0,0.0000
6940,225.78,8044.37,NaN,NaN,NaN
6941,395.29,8513.59,NaN,NaN,NaN
6942,63.59,8084.98,2,1,0.0000
6943,522.59,8528.53,5,1,0.0000
6944,14.46,8108.14,0,0,0.0000
6945,535.15,8567.51,NaN,NaN,NaN
6946,447.04,7930.15,4,6,0.0000
6947,280.44,8033.31,NaN,NaN,NaN
6948,232.67,8135.70,0,0,0.0000
6949,901.73,8114.98,NaN,NaN,NaN
6950,1651.46,7961.46,NaN,NaN,NaN
6951,1533.10,8271.06,4,8,2.0000
6952,970.61,8192.94,NaN,NaN,NaN
6953,1617.48,8073.00,4,6,0.0000
6954,1599.30,8311.66,NaN,NaN,NaN
6955,1534.20,8471.92,NaN,NaN,NaN
6956,1598.71,8443.04,0,0,0.0000
6957,1633.13,8542.91,2,5,2.5000
6958,1647.44,8385.21,NaN,NaN,NaN
6959,980.63,8106.62,NaN,NaN,NaN
6960,1570.04,8148.70,0,0,0.0000
6961,1529.97,8088.13,2,4,2.0000
6962,1640.72,8263.57,NaN,NaN,NaN
6963,1512.65,8167.27,NaN,NaN,NaN
6964,1538.37,8397.88,0,0,0.0000
6965,1598.12,7855.15,NaN,NaN,NaN
6966,1616.45,8177.63,2,1,0.0000
6967,1571.19,7937.90,NaN,NaN,NaN
6968,1534.87,8016.50,NaN,NaN,NaN
6969,1597.34,8218.82,2,4,2.0000
6970,1572.54,8360.14,2,2,0.0000
6971,1576.29,8010.29,NaN,NaN,NaN
6972,1023.95,8220.55,NaN,NaN,NaN
6973,1610.97,7995.75,NaN,NaN,NaN
6974,1575.14,7819.19,0,0,0.0000
6975,1476.39,8304.40,0,0,0.0000
6976,1943.20,7897.51,NaN,NaN,NaN
6977,1899.35,8084.48,NaN,NaN,NaN
6978,1850.64,8138.96,4,3,0.0000
6979,1936.78,8186.27,NaN,NaN,NaN
6980,1674.05,8169.75,NaN,NaN,NaN
6981,1913.87,7981.92,NaN,NaN,NaN
6982,1722.49,8086.59,NaN,NaN,NaN
6983,1720.48,7990.21,NaN,NaN,NaN
6984,1979.84,8311.06,NaN,NaN,NaN
6985,1998.21,7988.23,0,0,0.0000
6986,1835.61,7969.57,NaN,NaN,NaN
6987,1822.38,7891.31,3,4,0.0000
6988,1918.86,7820.67,2,3,0.0000
6989,2255.49,8426.01,0,0,0.0000
6990,1954.16,8044.89,NaN,NaN,NaN
6991,1760.01,7941.87,NaN,NaN,NaN
6992,2030.29,8342.83,NaN,NaN,NaN
6993,1802.94,8032.14,2,4,2.0000
6994,1873.41,7869.84,3,3,0.0000
6995,1966.97,8371.18,NaN,NaN,NaN
6996,2117.42,8509.57,2,3,0.0000
6997,1680.04,7887.24,0,0,0.0000
6998,1796.10,7842.47,0,0,0.0000
6999,2024.82,7942.02,NaN,NaN,NaN
7000,1933.33,8331.70,0,0,0.0000
7001,2202.83,8485.56,NaN,NaN,NaN
7002,1668.53,8529.70,NaN,NaN,NaN
7003,1762.10,7870.78,0,0,0.0000
7004,1912.97,8295.26,0,0,0.0000
7005,1843.74,8016.95,0,0,0.0000
7006,3061.16,7994.68,0,0,0.0000
7007,3169.94,8247.28,2,3,0.0000
7008,3106.88,8117.33,2,3,0.0000
7009,2566.29,8453.80,NaN,NaN,NaN
7010,2703.09,8535.10,2,5,2.5000
7011,3142.93,8365.76,NaN,NaN,NaN
7012,2638.39,8505.45,0,0,0.0000
7013,3128.39,8490.56,0,0,0.0000
7014,3138.33,8052.64,3,1,0.0000
7015,3191.76,8037.83,NaN,NaN,NaN
7016,3150.93,8574.46,0,0,0.0000
7017,3106.32,7869.40,NaN,NaN,NaN
7018,3167.85,8127.97,3,3,0.0000
7019,3063.11,7825.91,NaN,NaN,NaN
7020,3125.93,7937.95,3,3,0.0000
7021,3841.00,8016.40,NaN,NaN,NaN
7022,3952.71,8474.42,0,0,0.0000
7023,3946.65,7819.39,0,0,0.0000
7024,3914.50,7932.99,3,7,2.3333
7025,3320.10,8029.30,NaN,NaN,NaN
7026,3922.77,8003.78,0,0,0.0000
7027,3892.92,8279.84,0,0,0.0000
7028,3231.07,8091.86,NaN,NaN,NaN
7029,3920.99,8077.49,NaN,NaN,NaN
7030,3241.70,8234.33,NaN,NaN,NaN
7031,3854.41,8546.40,0,0,0.0000
7032,3780.06,7935.36,3,2,0.0000
7033,3334.78,8308.36,0,0,0.0000
7034,3891.82,8349.59,0,0,0.0000
7035,3885.44,8161.86,NaN,NaN,NaN
7036,3836.73,7901.87,3,4,0.0000
7037,3900.42,7867.42,0,0,0.0000
7038,3294.77,8269.18,0,0,0.0000
7039,3221.04,8165.44,NaN,NaN,NaN
7040,3784.47,7859.03,NaN,NaN,NaN
7041,3868.77,8415.38,NaN,NaN,NaN
7042,3223.70,8284.23,NaN,NaN,NaN
7043,3708.56,8530.17,NaN,NaN,NaN
7044,3903.89,8492.38,2,3,0.0000
7045,3678.26,8547.34,0,0,0.0000
7046,4154.85,8551.27,0,0,0.0000
7047,4018.53,8552.30,0,0,0.0000
7048,4259.19,8477.52,2,3,0.0000
7049,4176.05,7944.58,2,3,0.0000
7050,4085.35,8317.12,0,0,0.0000
7051,4087.86,8018.44,NaN,NaN,NaN
7052,4168.14,8310.11,2,3,0.0000
7053,4309.83,8291.96,NaN,NaN,NaN
7054,4246.47,8324.82,NaN,NaN,NaN
7055,4020.68,8431.29,0,0,0.0000
7056,3989.05,8349.80,0,0,0.0000
7057,4144.87,8391.11,NaN,NaN,NaN
7058,4076.41,8459.19,0,0,0.0000
7059,4085.11,7941.95,NaN,NaN,NaN
7060,4040.63,7826.00,0,0,0.0000
7061,4162.21,8465.49,0,0,0.0000
7062,4251.66,8169.36,0,0,0.0000
7063,4387.17,8555.20,2,4,2.0000
7064,4221.65,8207.70,0,0,0.0000
7065,4035.78,8233.26,NaN,NaN,NaN
7066,4208.05,8255.16,2,6,3.0000
7067,4282.49,8236.95,2,4,2.0000
7068,3983.87,7903.02,0,0,0.0000
7069,4345.22,8509.57,NaN,NaN,NaN
7070,4123.50,7814.52,0,0,0.0000
7071,4152.64,7852.08,0,0,0.0000
7072,4102.51,8246.47,2,2,0.0000
7073,4144.31,8025.24,NaN,NaN,NaN
7074,4210.83,7941.68,NaN,NaN,NaN
7075,4330.28,8410.85,3,3,0.0000
7076,5476.74,8014.63,2,3,0.0000
7077,5288.25,8222.16,NaN,NaN,NaN
7078,5068.80,7940.09,NaN,NaN,NaN
7079,5176.05,7849.26,2,1,0.0000
7080,5216.50,8547.67,NaN,NaN,NaN
7081,5372.40,8065.37,NaN,NaN,NaN
7082,5054.89,8136.78,NaN,NaN,NaN
7083,5357.18,8164.49,NaN,NaN,NaN
7084,5093.63,8286.93,2,3,0.0000
7085,5149.58,8062.14,2,6,3.0000
7086,5342.22,8499.89,3,6,2.0000
7087,5491.23,8151.15,NaN,NaN,NaN
7088,5145.09,8396.94,NaN,NaN,NaN
7089,5203.65,8338.37,0,0,0.0000
7090,5148.56,8155.97,NaN,NaN,NaN
7091,5464.69,7854.19,2,4,2.0000
7092,5208.79,8232.86,NaN,NaN,NaN
7093,5259.04,8019.22,2,5,2.5000
7094,5410.05,8278.82,0,0,0.0000
7095,5480.06,8438.59,NaN,NaN,NaN
7096,5445.09,8558.69,NaN,NaN,NaN
7097,5222.60,8435.48,0,0,0.0000
7098,5361.10,8294.02,0,0,0.0000
7099,5127.48,8465.54,0,0,0.0000
7100,5274.86,7841.77,0,0,0.0000
7101,5299.26,8564.75,0,0,0.0000
7102,5495.82,7823.40,NaN,NaN,NaN
7103,5151.53,8297.16,2,4,2.0000
7104,5010.74,8165.75,NaN,NaN,NaN
7105,5438.40,8457.62,NaN,NaN,NaN
7106,5275.49,8442.48,NaN,NaN,NaN
7107,5016.51,8002.14,NaN,NaN,NaN
7108,5335.58,8406.56,NaN,NaN,NaN
7109,4980.85,8039.35,0,0,0.0000
7110,5086.40,8401.16,NaN,NaN,NaN
7111,5424.09,8500.87,NaN,NaN,NaN
7112,5190.69,7994.35,0,0,0.0000
7113,5464.95,8282.14,0,0,0.0000
7114,5390.35,8404.74,0,0,0.0000
7115,5127.85,8221.32,NaN,NaN,NaN
7116,4965.23,7949.79,NaN,NaN,NaN
7117,5248.01,7866.10,0,0,0.0000
7118,5244.29,8286.64,0,0,0.0000
7119,5025.51,8241.07,3,6,2.0000
7120,5132.34,7963.32,0,0,0.0000
7121,5467.04,8201.88,0,0,0.0000
7122,4987.21,7902.12,0,0,0.0000
7123,5599.45,8466.25,NaN,NaN,NaN
7124,5525.60,8266.08,NaN,NaN,NaN
7125,5606.19,8013.01,2,3,0.0000
7126,5733.26,8370.65,2,3,0.0000
7127,5670.41,8439.70,NaN,NaN,NaN
7128,5519.88,8442.64,NaN,NaN,NaN
7129,5599.85,8110.37,0,0,0.0000
7130,5577.92,8213.19,NaN,NaN,NaN
7131,5623.77,8342.07,0,0,0.0000
7132,5836.56,8524.51,NaN,NaN,NaN
7133,5601.09,8562.33,0,0,0.0000
7134,5567.59,8317.79,NaN,NaN,NaN
7135,5512.16,8365.23,0,0,0.0000
7136,5614.28,7949.16,0,0,0.0000
7137,5675.61,8333.85,0,0,0.0000
7138,6833.35,8120.47,NaN,NaN,NaN
7139,6869.00,7847.07,3,9,3.0000
7140,6930.76,8356.70,NaN,NaN,NaN
7141,6933.40,8452.63,NaN,NaN,NaN
7142,6983.03,7989.72,3,8,2.6667
7143,6844.98,8237.19,NaN,NaN,NaN
7144,6892.88,8191.13,0,0,0.0000
7145,6846.34,8317.92,2,2,0.0000
7146,6920.20,7924.86,0,0,0.0000
7147,7026.62,8392.24,NaN,NaN,NaN
7148,6779.83,8315.68,NaN,NaN,NaN
7149,6944.99,8080.33,3,5,0.0000
7150,6999.71,7871.36,NaN,NaN,NaN
7151,6879.88,8474.08,2,4,2.0000
7152,6692.90,7996.09,NaN,NaN,NaN
7153,6951.03,7822.48,NaN,NaN,NaN
7154,7010.96,8122.47,NaN,NaN,NaN
7155,6796.57,8244.89,0,0,0.0000
7156,6945.39,8212.76,0,0,0.0000
7157,6923.70,7997.07,NaN,NaN,NaN
7158,6971.69,8301.32,NaN,NaN,NaN
7159,6762.74,8129.45,0,0,0.0000
7160,6792.76,7915.74,2,3,0.0000
7161,7033.48,8000.14,0,0,0.0000
7162,6776.79,8058.15,NaN,NaN,NaN
7163,7012.21,7810.81,NaN,NaN,NaN
7164,6912.96,8094.68,NaN,NaN,NaN
7165,6691.09,8056.15,0,0,0.0000
7166,6882.67,8024.23,4,8,2.0000
7167,7036.59,8058.81,0,0,0.0000
7168,6946.16,8523.56,2,4,2.0000
7169,6787.37,7871.62,0,0,0.0000
7170,6915.93,8258.82,2,2,0.0000
7171,6977.42,8259.90,0,0,0.0000
7172,6923.37,8541.70,NaN,NaN,NaN
7173,6939.68,8139.56,0,0,0.0000
7174,7218.88,8441.15,NaN,NaN,NaN
7175,7050.89,8240.87,2,2,0.0000
7176,7120.00,8286.00,NaN,NaN,NaN
7177,7049.09,8180.97,0,0,0.0000
7178,7143.53,8332.01,NaN,NaN,NaN
7179,7129.87,8184.19,NaN,NaN,NaN
7180,7469.31,7816.74,0,0,0.0000
7181,7493.61,7916.83,2,3,0.0000
7182,7063.56,8017.36,0,0,0.0000
7183,7068.43,8309.62,NaN,NaN,NaN
7184,7132.41,8432.16,2,3,0.0000
7185,7181.71,8387.19,NaN,NaN,NaN
7186,7216.58,8535.45,NaN,NaN,NaN
7187,7056.16,8361.73,0,0,0.0000
7188,7112.49,8377.03,NaN,NaN,NaN
7189,7508.49,7853.32,NaN,NaN,NaN
7190,7054.28,8108.53,2,1,0.0000
7191,7261.67,8515.89,0,0,0.0000
7192,7231.70,8367.86,NaN,NaN,NaN
7193,7195.53,8331.83,NaN,NaN,NaN
7194,7516.79,7813.04,NaN,NaN,NaN
7195,7251.61,8564.89,2,3,0.0000
7196,8501.36,8539.21,0,0,0.0000
7197,8505.51,7944.39,NaN,NaN,NaN
7198,8337.62,8349.09,2,4,2.0000
7199,8570.33,8146.12,NaN,NaN,NaN
7200,8324.99,7940.64,NaN,NaN,NaN
7201,8495.21,8347.63,3,6,2.0000
7202,8420.56,8295.52,2,5,2.5000
7203,8477.91,8035.26,0,0,0.0000
7204,8373.35,7876.75,NaN,NaN,NaN
7205,8453.93,7855.01,2,4,2.0000
7206,8517.58,8218.47,2,3,0.0000
7207,8477.95,8124.55,NaN,NaN,NaN
7208,8564.25,8324.60,NaN,NaN,NaN
7209,8388.17,8545.87,0,0,0.0000
7210,8303.45,8058.86,NaN,NaN,NaN
7211,8277.42,7839.09,0,0,0.0000
7212,8556.73,8058.37,NaN,NaN,NaN
7213,8421.36,7967.78,NaN,NaN,NaN
7214,8398.80,8131.91,0,0,0.0000
7215,8271.46,7895.60,NaN,NaN,NaN
7216,8522.70,7812.00,2,3,0.0000
7217,8560.08,8421.84,NaN,NaN,NaN
7218,8459.61,8185.66,NaN,NaN,NaN
7219,8355.83,8097.12,NaN,NaN,NaN
7220,8234.23,7884.77,NaN,NaN,NaN
7221,8763.07,8406.70,NaN,NaN,NaN
7222,8898.22,8519.66,NaN,NaN,NaN
7223,9263.61,8000.58,3,3,0.0000
7224,8619.74,8256.83,2,5,2.5000
7225,8861.56,7943.23,2,5,2.5000
7226,9030.60,8384.41,NaN,NaN,NaN
7227,8934.81,8011.67,2,3,0.0000
7228,8926.72,8257.92,2,5,2.5000
7229,9175.46,8078.36,NaN,NaN,NaN
7230,9241.70,8520.05,NaN,NaN,NaN
7231,8693.60,8520.47,NaN,NaN,NaN
7232,9129.86,8168.46,NaN,NaN,NaN
7233,9007.14,8498.11,NaN,NaN,NaN
7234,8639.45,7894.51,NaN,NaN,NaN
7235,8858.53,8230.09,2,3,0.0000
7236,9246.71,8158.40,NaN,NaN,NaN
7237,8828.36,8055.27,NaN,NaN,NaN
7238,9128.86,8511.80,2,3,0.0000
7239,9228.93,8352.59,NaN,NaN,NaN
7240,8787.78,8545.19,3,5,0.0000
7241,8916.99,8109.95,2,5,2.5000
7242,9257.94,8264.96,NaN,NaN,NaN
7243,9291.12,8434.31,2,5,2.5000
7244,8757.30,7837.45,NaN,NaN,NaN
7245,8627.76,8431.77,2,5,2.5000
7246,8785.59,8291.43,NaN,NaN,NaN
7247,8771.24,8077.07,2,4,2.0000
7248,9048.03,8252.32,3,9,3.0000
7249,8673.93,8369.81,NaN,NaN,NaN
7250,8882.66,8381.90,NaN,NaN,NaN
7251,9042.51,7830.99,0,0,0.0000
7252,9138.88,8243.24,2,7,3.5000
7253,8649.71,8060.60,2,2,0.0000
7254,8979.58,7850.45,NaN,NaN,NaN
7255,8720.50,8250.92,NaN,NaN,NaN
7256,8715.30,8146.78,NaN,NaN,NaN
7257,9164.91,7988.55,NaN,NaN,NaN
7258,9089.23,7937.00,0,0,0.0000
7259,8717.41,7982.91,0,0,0.0000
7260,8997.65,8283.52,NaN,NaN,NaN
7261,9292.49,7868.19,3,4,0.0000
7262,9298.62,8113.91,0,0,0.0000
7263,8811.95,8205.62,NaN,NaN,NaN
7264,8993.56,8206.31,NaN,NaN,NaN
7265,9334.43,7962.62,NaN,NaN,NaN
7266,9069.54,8074.70,0,0,0.0000
7267,8967.15,8167.43,NaN,NaN,NaN
7268,8626.52,7996.17,NaN,NaN,NaN
7269,9046.06,8130.94,NaN,NaN,NaN
7270,8610.69,8351.80,4,5,0.0000
7271,9261.59,7811.42,NaN,NaN,NaN
7272,8902.62,8328.95,NaN,NaN,NaN
7273,9078.25,8458.06,0,0,0.0000
7274,9126.48,7895.64,0,0,0.0000
7275,9027.91,8061.16,0,0,0.0000
7276,8684.83,8302.41,0,0,0.0000
7277,8637.78,7956.78,NaN,NaN,NaN
7278,8608.66,8510.77,0,0,0.0000
7279,9109.53,8024.06,NaN,NaN,NaN
7280,9040.37,8175.01,NaN,NaN,NaN
7281,8830.85,8511.09,0,0,0.0000
7282,9305.17,7918.00,0,0,0.0000
7283,8840.85,8417.75,NaN,NaN,NaN
7284,8969.17,8368.08,3,3,0.0000
7285,9430.84,8523.82,2,9,4.5000
7286,9671.06,8424.04,0,0,0.0000
7287,9662.19,8509.18,0,0,0.0000
7288,9378.05,7885.84,NaN,NaN,NaN
7289,9442.86,8334.52,3,5,0.0000
7290,9446.76,7945.16,0,0,0.0000
7291,9409.87,8405.03,0,0,0.0000
7292,9428.23,7844.05,0,0,0.0000
7293,9363.66,8364.76,0,0,0.0000
7294,9368.47,8095.13,3,6,2.0000
7295,9352.05,7842.78,3,7,2.3333
7296,9345.15,8012.30,NaN,NaN,NaN
7297,9468.71,7880.21,0,0,0.0000
7298,9718.06,8452.19,0,0,0.0000
7299,16218.41,8569.33,0,0,0.0000
7300,16164.59,7968.41,NaN,NaN,NaN
7301,15884.90,8219.53,NaN,NaN,NaN
7302,16153.71,8080.80,0,0,0.0000
7303,16125.94,8207.66,0,0,0.0000
7304,16168.96,7828.16,0,0,0.0000
7305,16274.37,8439.62,NaN,NaN,NaN
7306,16298.80,8356.48,NaN,NaN,NaN
7307,16299.22,8105.29,NaN,NaN,NaN
7308,16043.82,8145.02,0,0,0.0000
7309,16018.39,8310.14,NaN,NaN,NaN
7310,16251.68,8157.02,NaN,NaN,NaN
7311,15922.46,7859.51,0,0,0.0000
7312,16139.54,8488.18,NaN,NaN,NaN
7313,16083.13,7901.26,NaN,NaN,NaN
7314,16103.43,8316.33,2,5,2.5000
7315,15771.72,8219.88,NaN,NaN,NaN
7316,16060.38,8484.86,NaN,NaN,NaN
7317,15653.26,8266.97,NaN,NaN,NaN
7318,15934.34,8379.31,3,6,2.0000
7319,16083.12,8388.39,0,0,0.0000
7320,15998.01,7874.30,0,0,0.0000
7321,15804.33,8168.59,NaN,NaN,NaN
7322,15698.36,8355.11,0,0,0.0000
7323,16058.21,7829.42,NaN,NaN,NaN
7324,15872.08,8340.90,NaN,NaN,NaN
7325,16206.24,8210.34,3,4,0.0000
7326,15597.60,8254.28,NaN,NaN,NaN
7327,16058.21,8252.68,0,0,0.0000
7328,16284.68,8279.50,NaN,NaN,NaN
7329,15718.74,8280.70,NaN,NaN,NaN
7330,15787.94,7895.27,NaN,NaN,NaN
7331,16250.10,7903.87,NaN,NaN,NaN
7332,15701.14,8209.03,NaN,NaN,NaN
7333,15640.87,8376.31,0,0,0.0000
7334,15618.69,8319.39,NaN,NaN,NaN
7335,15574.12,8191.68,0,0,0.0000
7336,15646.11,8202.29,2,3,0.0000
7337,16005.32,8427.71,2,2,0.0000
7338,16274.54,7821.79,0,0,0.0000
7339,16075.58,8423.97,0,0,0.0000
7340,16202.94,8392.77,2,2,0.0000
7341,16194.39,8437.76,NaN,NaN,NaN
7342,16220.54,8273.10,NaN,NaN,NaN
7343,15793.90,8257.78,2,7,3.5000
7344,16011.76,8381.11,0,0,0.0000
7345,16318.91,7822.52,0,0,0.0000
7346,15720.53,8121.36,NaN,NaN,NaN
7347,16370.37,8201.06,0,0,0.0000
7348,15621.10,8164.01,0,0,0.0000
7349,15893.74,8561.87,0,0,0.0000
7350,826.51,9045.11,0,0,0.0000
7351,750.23,9114.48,3,2,0.0000
7352,300.07,9012.93,2,5,2.5000
7353,844.15,9275.07,NaN,NaN,NaN
7354,876.67,9148.35,NaN,NaN,NaN
7355,841.03,8812.75,NaN,NaN,NaN
7356,122.59,8872.42,NaN,NaN,NaN
7357,884.75,8760.17,0,0,0.0000
7358,233.09,8918.36,NaN,NaN,NaN
7359,188.90,8853.61,0,0,0.0000
7360,750.29,9013.26,0,0,0.0000
7361,729.39,9187.66,2,2,0.0000
7362,236.10,8784.77,NaN,NaN,NaN
7363,130.30,8781.34,2,4,2.0000
7364,204.76,8980.92,0,0,0.0000
7365,178.31,8752.31,3,4,0.0000
7366,120.76,8604.95,3,6,2.0000
7367,819.36,9180.27,NaN,NaN,NaN
7368,880.29,8993.41,5,5,0.0000
7369,779.42,9266.85,0,0,0.0000
7370,808.60,8915.82,0,0,0.0000
7371,286.20,8833.49,2,2,0.0000
7372,679.32,9165.25,NaN,NaN,NaN
7373,161.19,8816.17,NaN,NaN,NaN
7374,130.60,8711.22,0,0,0.0000
7375,705.44,9071.35,NaN,NaN,NaN
7376,789.36,8966.96,NaN,NaN,NaN
7377,113.55,8677.51,0,0,0.0000
7378,965.60,8834.57,NaN,NaN,NaN
7379,1280.02,8953.44,2,1,0.0000
7380,1180.94,8861.38,NaN,NaN,NaN
7381,1495.30,8711.17,NaN,NaN,NaN
7382,1154.76,8962.56,NaN,NaN,NaN
7383,1510.06,8822.00,NaN,NaN,NaN
7384,1535.41,9315.23,3,5,0.0000
7385,923.27,8692.80,0,0,0.0000
7386,994.51,9021.49,NaN,NaN,NaN
7387,948.54,8955.43,2,5,2.5000
7388,1630.47,9253.22,2,4,2.0000
7389,1155.67,9263.49,4,3,0.0000
7390,1080.91,8695.10,2,1,0.0000
7391,1151.85,9110.97,4,5,0.0000
7392,1478.02,9196.04,NaN,NaN,NaN
7393,1343.23,9049.49,NaN,NaN,NaN
7394,1445.62,9318.00,NaN,NaN,NaN
7395,1636.91,9341.71,0,0,0.0000
7396,1290.20,9140.75,NaN,NaN,NaN
7397,943.73,9289.29,NaN,NaN,NaN
7398,1169.42,9031.46,2,3,0.0000
7399,1104.55,9049.41,NaN,NaN,NaN
7400,1472.45,8925.43,0,0,0.0000
7401,1046.53,9146.67,NaN,NaN,NaN
7402,939.20,9077.84,NaN,NaN,NaN
7403,1045.60,9309.48,0,0,0.0000
7404,1269.48,9209.46,3,4,0.0000
7405,1607.09,8736.53,NaN,NaN,NaN
7406,979.21,9152.02,4,5,0.0000
7407,1618.83,8628.63,2,4,2.0000
7408,1401.62,9069.20,4,4,0.0000
7409,1043.79,8773.84,NaN,NaN,NaN
7410,1427.05,9232.03,0,0,0.0000
7411,1392.98,8982.19,2,5,2.5000
7412,1263.88,9082.81,NaN,NaN,NaN
7413,1010.62,8649.96,NaN,NaN,NaN
7414,1204.81,9319.87,NaN,NaN,NaN
7415,1008.15,8721.44,4,5,0.0000
7416,1364.55,9276.29,0,0,0.0000
7417,1437.64,8817.08,NaN,NaN,NaN
7418,1571.49,8790.02,2,4,2.0000
7419,1565.22,8661.64,NaN,NaN,NaN
7420,1045.69,9243.17,0,0,0.0000
7421,1443.79,8874.57,0,0,0.0000
7422,1099.24,8817.40,NaN,NaN,NaN
7423,1214.71,9073.41,NaN,NaN,NaN
7424,1386.79,8903.46,NaN,NaN,NaN
7425,904.73,9203.06,0,0,0.0000
7426,1038.89,8956.93,3,3,0.0000
7427,1071.17,9100.31,2,2,0.0000
7428,1058.91,9022.09,NaN,NaN,NaN
7429,975.82,9235.79,0,0,0.0000
7430,1582.26,9193.61,2,3,0.0000
7431,1393.89,9174.75,NaN,NaN,NaN
7432,1180.89,9183.09,0,0,0.0000
7433,1295.13,9289.82,NaN,NaN,NaN
7434,1456.76,8609.09,NaN,NaN,NaN
7435,1334.52,9196.10,2,3,0.0000
7436,1580.25,8853.82,0,0,0.0000
7437,1526.72,9152.76,NaN,NaN,NaN
7438,1658.46,8713.05,0,0,0.0000
7439,1356.82,9137.05,2,2,0.0000
7440,1111.68,9157.57,0,0,0.0000
7441,1245.88,9239.33,NaN,NaN,NaN
7442,1464.94,9004.03,3,4,0.0000
7443,1461.47,9113.46,2,4,2.0000
7444,1032.59,8895.53,NaN,NaN,NaN
7445,1122.26,9215.94,0,0,0.0000
7446,1153.91,8775.57,0,0,0.0000
7447,1058.33,8883.64,NaN,NaN,NaN
7448,1340.25,9324.10,0,0,0.0000
7449,1282.27,9323.42,0,0,0.0000
7450,1291.84,9033.82,NaN,NaN,NaN
7451,1216.99,9171.84,0,0,0.0000
7452,1500.09,9119.19,0,0,0.0000
7453,2160.38,9267.50,2,3,0.0000
7454,2381.10,8584.04,NaN,NaN,NaN
7455,2138.41,9328.50,0,0,0.0000
7456,2088.42,9223.51,NaN,NaN,NaN
7457,2248.45,9152.20,NaN,NaN,NaN
7458,2428.72,8971.47,NaN,NaN,NaN
7459,2053.24,9255.01,2,7,3.5000
7460,2086.98,9292.13,NaN,NaN,NaN
7461,1680.33,8599.89,NaN,NaN,NaN
7462,2855.20,9091.30,NaN,NaN,NaN
7463,2438.26,9039.41,NaN,NaN,NaN
7464,2693.44,8606.73,2,5,2.5000
7465,2787.68,9034.13,NaN,NaN,NaN
7466,2769.97,8930.65,NaN,NaN,NaN
7467,2765.42,9156.80,NaN,NaN,NaN
7468,2619.31,8594.53,0,0,0.0000
7469,2713.80,8960.61,NaN,NaN,NaN
7470,2813.85,8901.28,0,0,0.0000
7471,3165.98,8639.72,NaN,NaN,NaN
7472,2496.32,9252.49,2,2,0.0000
7473,3174.89,8746.77,2,2,0.0000
7474,2713.12,9083.69,2,4,2.0000
7475,2763.70,8593.03,NaN,NaN,NaN
7476,2488.93,9110.61,NaN,NaN,NaN
7477,2891.17,9155.62,NaN,NaN,NaN
7478,2529.82,9212.91,NaN,NaN,NaN
7479,2816.80,9165.57,NaN,NaN,NaN
7480,2710.15,9145.36,NaN,NaN,NaN
7481,2730.58,9028.01,NaN,NaN,NaN
7482,2557.25,8591.30,NaN,NaN,NaN
7483,3932.27,9025.98,2,4,2.0000
7484,3630.19,8732.75,0,0,0.0000
7485,3884.47,8631.54,NaN,NaN,NaN
7486,3804.33,8778.99,NaN,NaN,NaN
7487,3850.30,9195.48,3,5,0.0000
7488,3715.24,8725.90,3,6,2.0000
7489,3945.39,9158.74,NaN,NaN,NaN
7490,3698.17,8623.37,2,1,0.0000
7491,3733.63,8985.82,0,0,0.0000
7492,3777.90,8916.77,NaN,NaN,NaN
7493,3717.15,8858.55,NaN,NaN,NaN
7494,3880.96,9074.17,NaN,NaN,NaN
7495,3944.87,9278.68,NaN,NaN,NaN
7496,3915.94,8852.76,0,0,0.0000
7497,3783.88,9116.43,0,0,0.0000
7498,3964.34,8936.34,NaN,NaN,NaN
7499,3793.59,8689.49,NaN,NaN,NaN
7500,3798.03,8627.60,NaN,NaN,NaN
7501,3865.09,8861.34,0,0,0.0000
7502,3833.62,9261.84,NaN,NaN,NaN
7503,3855.67,9126.87,NaN,NaN,NaN
7504,3802.20,9011.02,0,0,0.0000
7505,3887.56,8925.50,0,0,0.0000
7506,3848.91,8987.68,0,0,0.0000
7507,3834.42,8916.25,0,0,0.0000
7508,3775.76,9050.17,0,0,0.0000
7509,3948.47,8832.90,NaN,NaN,NaN
7510,3576.76,8668.06,NaN,NaN,NaN
7511,3928.93,8700.67,NaN,NaN,NaN
7512,3897.18,8736.18,NaN,NaN,NaN
7513,4294.46,9286.03,NaN,NaN,NaN
7514,4135.03,8818.04,0,0,0.0000
7515,4063.97,8651.09,NaN,NaN,NaN
7516,4363.08,9150.80,NaN,NaN,NaN
7517,4336.03,8945.96,NaN,NaN,NaN
7518,4097.27,9078.41,NaN,NaN,NaN
7519,4174.74,8970.93,NaN,NaN,NaN
7520,4002.44,8777.10,NaN,NaN,NaN
7521,4481.30,9183.10,NaN,NaN,NaN
7522,4535.77,9329.02,4,4,0.0000
7523,4334.31,8665.06,2,3,0.0000
7524,4258.47,8597.63,NaN,NaN,NaN
7525,4490.21,8816.71,NaN,NaN,NaN
7526,4037.87,9281.95,NaN,NaN,NaN
7527,4286.54,9097.18,4,5,0.0000
7528,4161.79,9333.75,NaN,NaN,NaN
7529,4397.30,9225.18,NaN,NaN,NaN
7530,4123.81,8707.32,2,9,4.5000
7531,4002.08,9206.46,NaN,NaN,NaN
7532,4409.40,9047.35,0,0,0.0000
7533,4541.68,8907.97,0,0,0.0000
7534,4476.92,9255.50,0,0,0.0000
7535,4087.94,9174.55,NaN,NaN,NaN
7536,4561.86,9248.10,NaN,NaN,NaN
7537,4155.21,9051.30,NaN,NaN,NaN
7538,4003.75,8880.79,0,0,0.0000
7539,4231.86,9056.29,0,0,0.0000
7540,4300.66,8728.91,NaN,NaN,NaN
7541,4464.17,8899.63,2,5,2.5000
7542,4389.37,8624.80,2,6,3.0000
7543,3972.22,8638.36,0,0,0.0000
7544,4447.40,8975.41,NaN,NaN,NaN
7545,4322.15,8576.37,NaN,NaN,NaN
7546,4199.99,9135.57,0,0,0.0000
7547,4575.20,8972.50,0,0,0.0000
7548,4528.10,9139.02,0,0,0.0000
7549,4418.30,8841.80,NaN,NaN,NaN
7550,4058.37,8844.71,NaN,NaN,NaN
7551,4309.96,8833.61,0,0,0.0000
7552,4005.77,9110.70,NaN,NaN,NaN
7553,4507.47,8995.66,NaN,NaN,NaN
7554,4246.76,8835.09,NaN,NaN,NaN
7555,4383.12,8801.29,NaN,NaN,NaN
7556,4223.94,8674.34,0,0,0.0000
7557,4138.46,9232.64,NaN,NaN,NaN
7558,4097.73,8952.45,NaN,NaN,NaN
7559,4164.33,8622.81,NaN,NaN,NaN
7560,4348.16,8745.44,NaN,NaN,NaN
7561,4233.11,8740.16,NaN,NaN,NaN
7562,4066.66,9124.64,NaN,NaN,NaN
7563,4461.63,9057.63,NaN,NaN,NaN
7564,4373.45,8882.83,NaN,NaN,NaN
7565,4436.02,8767.09,0,0,0.0000
7566,4648.45,9303.58,0,0,0.0000
7567,4541.70,9095.05,0,0,0.0000
7568,4403.97,9289.29,0,0,0.0000
7569,4056.40,8945.95,NaN,NaN,NaN
7570,4406.70,8942.50,0,0,0.0000
7571,4309.48,9047.45,0,0,0.0000
7572,4161.43,8667.54,NaN,NaN,NaN
7573,4209.12,8782.93,NaN,NaN,NaN
7574,4171.75,8766.81,NaN,NaN,NaN
7575,4453.88,9122.20,0,0,0.0000
7576,4261.10,8919.47,NaN,NaN,NaN
7577,5265.50,9280.16,0,0,0.0000
7578,5464.09,9114.25,2,5,2.5000
7579,5294.37,8851.95,NaN,NaN,NaN
7580,5111.32,9208.19,NaN,NaN,NaN
7581,5201.62,9149.66,0,0,0.0000
7582,5477.41,9273.53,NaN,NaN,NaN
7583,4795.28,9318.83,NaN,NaN,NaN
7584,5394.10,8809.42,2,7,3.5000
7585,5164.89,9301.06,0,0,0.0000
7586,5014.75,9271.71,2,2,0.0000
7587,5177.69,9008.71,0,0,0.0000
7588,5089.50,9339.72,NaN,NaN,NaN
7589,5258.37,9077.44,NaN,NaN,NaN
7590,5309.08,8967.34,0,0,0.0000
7591,5482.22,8778.55,NaN,NaN,NaN
7592,5292.99,8747.52,NaN,NaN,NaN
7593,5354.30,8722.93,4,6,0.0000
7594,5462.15,8909.66,NaN,NaN,NaN
7595,5323.84,8648.19,0,0,0.0000
7596,5231.31,8940.47,0,0,0.0000
7597,5146.25,8918.29,2,10,5.0000
7598,5489.13,8984.02,NaN,NaN,NaN
7599,5410.58,8645.43,0,0,0.0000
7600,5463.43,8658.56,2,4,2.0000
7601,5373.80,9023.13,0,0,0.0000
7602,5204.02,8655.51,0,0,0.0000
7603,5412.96,8724.46,NaN,NaN,NaN
7604,5376.80,8882.98,3,5,0.0000
7605,4898.14,9260.16,2,4,2.0000
7606,5350.03,9227.04,0,0,0.0000
7607,5146.79,8768.46,NaN,NaN,NaN
7608,5369.55,8582.44,0,0,0.0000
7609,5263.20,8672.47,NaN,NaN,NaN
7610,5162.26,8689.26,NaN,NaN,NaN
7611,5160.14,8858.16,NaN,NaN,NaN
7612,4944.92,9336.37,NaN,NaN,NaN
7613,5414.26,9231.20,2,3,0.0000
7614,5122.61,9116.77,0,0,0.0000
7615,5062.60,9109.34,0,0,0.0000
7616,5240.76,8793.09,NaN,NaN,NaN
7617,5234.99,8721.58,NaN,NaN,NaN
7618,5407.09,9051.49,0,0,0.0000
7619,5133.17,9051.92,0,0,0.0000
7620,5445.35,9240.01,NaN,NaN,NaN
7621,5364.77,8957.52,NaN,NaN,NaN
7622,5281.31,8618.75,0,0,0.0000
7623,5261.94,8932.65,NaN,NaN,NaN
7624,5270.96,9008.73,0,0,0.0000
7625,5417.39,9004.91,0,0,0.0000
7626,5678.84,8697.45,NaN,NaN,NaN
7627,5728.45,8576.00,NaN,NaN,NaN
7628,5508.35,8667.68,NaN,NaN,NaN
7629,5558.60,8614.58,2,4,2.0000
7630,5814.94,9102.49,NaN,NaN,NaN
7631,5710.39,8961.26,NaN,NaN,NaN
7632,5825.88,9172.45,NaN,NaN,NaN
7633,5748.97,9156.94,0,0,0.0000
7634,5619.82,8801.61,NaN,NaN,NaN
7635,5854.34,9053.22,NaN,NaN,NaN
7636,5810.52,8824.90,NaN,NaN,NaN
7637,5867.56,8890.63,NaN,NaN,NaN
7638,5777.65,8890.20,NaN,NaN,NaN
7639,5866.12,8962.32,0,0,0.0000
7640,5813.39,8588.36,NaN,NaN,NaN
7641,5587.21,8718.60,2,7,3.5000
7642,5731.00,8828.62,4,7,0.0000
7643,5669.25,8819.21,0,0,0.0000
7644,5529.63,9182.37,NaN,NaN,NaN
7645,5545.85,9259.71,NaN,NaN,NaN
7646,5781.11,8760.27,NaN,NaN,NaN
7647,5859.88,8638.12,2,3,0.0000
7648,5770.21,8980.09,NaN,NaN,NaN
7649,5848.92,8820.08,0,0,0.0000
7650,5542.82,8714.90,NaN,NaN,NaN
7651,5736.40,9032.47,NaN,NaN,NaN
7652,5816.15,8894.10,0,0,0.0000
7653,5797.75,9028.22,0,0,0.0000
7654,7036.31,8772.41,0,0,0.0000
7655,7403.39,9335.43,NaN,NaN,NaN
7656,7468.89,9313.17,NaN,NaN,NaN
7657,7321.25,8699.23,2,8,4.0000
7658,7772.00,9117.23,NaN,NaN,NaN
7659,7771.03,9042.63,NaN,NaN,NaN
7660,7281.40,8620.46,2,0,0.0000
7661,7300.63,8850.96,NaN,NaN,NaN
7662,7311.60,8759.65,0,0,0.0000
7663,7253.63,8733.72,2,4,2.0000
7664,7404.00,9135.59,0,0,0.0000
7665,7118.22,8627.50,0,0,0.0000
7666,7833.53,8976.91,NaN,NaN,NaN
7667,8225.32,8908.29,NaN,NaN,NaN
7668,7819.85,8901.61,0,0,0.0000
7669,8123.50,8916.95,NaN,NaN,NaN
7670,7839.98,9079.05,NaN,NaN,NaN
7671,8279.24,8690.87,3,8,2.6667
7672,8206.49,8756.55,0,0,0.0000
7673,7975.29,8963.12,NaN,NaN,NaN
7674,7931.58,8908.65,2,5,2.5000
7675,8077.33,8888.45,0,0,0.0000
7676,8574.46,9328.40,0,0,0.0000
7677,8294.84,8817.81,0,0,0.0000
7678,8073.31,8987.88,2,5,2.5000
7679,7895.19,9017.91,2,3,0.0000
7680,8530.67,8669.07,3,4,0.0000
7681,7921.90,8809.44,0,0,0.0000
7682,7908.67,9090.30,4,4,0.0000
7683,8351.82,8995.09,3,3,0.0000
7684,8338.23,8802.29,0,0,0.0000
7685,7910.37,8842.11,0,0,0.0000
7686,8042.01,8781.32,NaN,NaN,NaN
7687,8382.57,9046.85,NaN,NaN,NaN
7688,8121.33,8804.12,0,0,0.0000
7689,8317.34,8606.13,0,0,0.0000
7690,8514.30,8934.11,NaN,NaN,NaN
7691,8127.68,8757.47,NaN,NaN,NaN
7692,8368.62,8939.91,0,0,0.0000
7693,8082.35,8827.26,0,0,0.0000
7694,8298.09,8898.98,0,0,0.0000
7695,8396.23,8840.32,0,0,0.0000
7696,8243.98,8808.73,NaN,NaN,NaN
7697,8337.55,8915.26,0,0,0.0000
7698,8353.89,8869.61,0,0,0.0000
7699,8522.63,9324.48,0,0,0.0000
7700,8401.94,8762.04,0,0,0.0000
7701,8728.38,8892.10,3,7,2.3333
7702,9206.02,8896.30,2,2,0.0000
7703,8740.08,8648.70,2,5,2.5000
7704,9336.07,8598.15,3,4,0.0000
7705,9038.01,8609.85,NaN,NaN,NaN
7706,8588.04,8754.56,NaN,NaN,NaN
7707,8738.91,9116.36,NaN,NaN,NaN
7708,8586.95,8589.25,0,0,0.0000
7709,9095.37,8908.89,NaN,NaN,NaN
7710,8876.99,8639.47,NaN,NaN,NaN
7711,9336.74,8923.68,NaN,NaN,NaN
7712,8892.15,9098.48,NaN,NaN,NaN
7713,9217.47,9005.38,3,0,0.0000
7714,9110.12,8735.42,NaN,NaN,NaN
7715,9209.64,8618.60,NaN,NaN,NaN
7716,8985.11,9033.58,NaN,NaN,NaN
7717,8995.83,8751.00,NaN,NaN,NaN
7718,9247.72,8712.64,NaN,NaN,NaN
7719,8889.28,8837.37,NaN,NaN,NaN
7720,8832.92,8789.00,2,3,0.0000
7721,9110.62,9062.73,NaN,NaN,NaN
7722,9179.77,8688.94,NaN,NaN,NaN
7723,9045.70,8797.82,0,0,0.0000
7724,8946.42,8830.77,NaN,NaN,NaN
7725,8700.75,8753.44,0,0,0.0000
7726,8888.77,8937.83,3,4,0.0000
7727,9124.66,8632.01,NaN,NaN,NaN
7728,8966.94,8671.78,0,0,0.0000
7729,9008.12,8869.72,0,0,0.0000
7730,9301.99,8760.63,0,0,0.0000
7731,9057.87,9004.63,2,3,0.0000
7732,8780.04,8798.09,NaN,NaN,NaN
7733,8851.38,8719.86,NaN,NaN,NaN
7734,9114.85,8986.50,NaN,NaN,NaN
7735,9189.16,8768.71,NaN,NaN,NaN
7736,9277.43,8964.56,NaN,NaN,NaN
7737,8786.97,9083.97,2,2,0.0000
7738,8647.14,8672.75,NaN,NaN,NaN
7739,9108.15,8576.72,2,3,0.0000
7740,9331.21,9081.83,0,0,0.0000
7741,9331.02,8970.70,3,6,2.0000
7742,8774.98,8990.05,0,0,0.0000
7743,9155.73,9031.04,NaN,NaN,NaN
7744,9000.64,8960.04,0,0,0.0000
7745,9241.32,9060.69,NaN,NaN,NaN
7746,9103.96,8680.14,0,0,0.0000
7747,9282.16,9115.26,0,0,0.0000
7748,8920.74,8741.80,NaN,NaN,NaN
7749,8905.47,8716.40,NaN,NaN,NaN
7750,9689.36,9035.88,NaN,NaN,NaN
7751,9946.74,9279.57,4,4,0.0000
7752,9387.07,8848.40,2,4,2.0000
7753,9530.02,8785.39,NaN,NaN,NaN
7754,9569.44,9235.64,NaN,NaN,NaN
7755,9449.34,9025.01,NaN,NaN,NaN
7756,9668.32,9269.84,NaN,NaN,NaN
7757,9517.77,8941.61,NaN,NaN,NaN
7758,10106.64,9190.07,NaN,NaN,NaN
7759,9768.74,9123.57,NaN,NaN,NaN
7760,9364.00,9006.90,NaN,NaN,NaN
7761,9810.52,9232.85,NaN,NaN,NaN
7762,9890.77,9215.96,NaN,NaN,NaN
7763,9877.42,8927.80,NaN,NaN,NaN
7764,9436.69,8903.28,NaN,NaN,NaN
7765,9899.53,9141.30,0,0,0.0000
7766,10038.03,8806.47,2,2,0.0000
7767,9874.82,9044.33,NaN,NaN,NaN
7768,9479.46,8709.18,0,0,0.0000
7769,9390.23,8719.03,NaN,NaN,NaN
7770,9397.11,9153.82,NaN,NaN,NaN
7771,10001.64,9159.52,3,5,0.0000
7772,9779.69,9302.17,2,4,2.0000
7773,9642.18,8591.09,0,0,0.0000
7774,9568.73,8716.15,NaN,NaN,NaN
7775,9928.51,8964.55,NaN,NaN,NaN
7776,9811.52,8999.56,NaN,NaN,NaN
7777,10097.77,9294.87,0,0,0.0000
7778,9373.20,8780.72,NaN,NaN,NaN
7779,9410.34,8629.61,NaN,NaN,NaN
7780,10014.99,9052.99,0,0,0.0000
7781,9737.87,9216.92,2,3,0.0000
7782,9941.10,9101.36,NaN,NaN,NaN
7783,9842.49,9093.70,NaN,NaN,NaN
7784,9831.32,9147.41,NaN,NaN,NaN
7785,9640.76,9201.06,0,0,0.0000
7786,9471.48,8609.88,0,0,0.0000
7787,10058.32,9128.19,0,0,0.0000
7788,9623.27,8699.78,0,0,0.0000
7789,10046.11,9204.60,2,3,0.0000
7790,9608.87,9309.89,3,5,0.0000
7791,9958.84,9000.29,NaN,NaN,NaN
7792,9581.31,8579.98,NaN,NaN,NaN
7793,9569.21,9055.46,2,3,0.0000
7794,9696.17,9163.62,3,5,0.0000
7795,9527.14,9014.58,NaN,NaN,NaN
7796,9899.55,8869.89,0,0,0.0000
7797,9587.21,8965.84,0,0,0.0000
7798,9643.68,8782.07,2,2,0.0000
7799,9441.70,9193.27,NaN,NaN,NaN
7800,9645.90,9153.14,NaN,NaN,NaN
7801,10075.05,8833.46,NaN,NaN,NaN
7802,10050.40,8922.77,0,0,0.0000
7803,9951.74,9206.03,0,0,0.0000
7804,10033.76,8998.24,NaN,NaN,NaN
7805,10020.71,8958.95,NaN,NaN,NaN
7806,9982.77,8934.51,0,0,0.0000
7807,9432.13,9123.85,2,5,2.5000
7808,9731.85,9276.08,2,6,3.0000
7809,10052.03,9253.61,0,0,0.0000
7810,9713.44,9116.89,NaN,NaN,NaN
7811,10627.19,9123.98,NaN,NaN,NaN
7812,10815.90,8962.26,NaN,NaN,NaN
7813,10623.02,9286.52,NaN,NaN,NaN
7814,10428.49,9006.46,0,0,0.0000
7815,10289.17,8997.88,NaN,NaN,NaN
7816,10134.69,9084.14,NaN,NaN,NaN
7817,10763.23,9230.26,2,3,0.0000
7818,10451.06,9283.19,0,0,0.0000
7819,10710.78,8936.18,2,4,2.0000
7820,10358.16,9132.19,0,0,0.0000
7821,10223.86,9069.44,NaN,NaN,NaN
7822,10210.64,9180.36,2,5,2.5000
7823,10519.18,8972.67,0,0,0.0000
7824,10387.58,9243.47,0,0,0.0000
7825,10198.37,8938.30,NaN,NaN,NaN
7826,10225.42,9293.88,NaN,NaN,NaN
7827,10304.01,9288.54,0,0,0.0000
7828,10557.99,9154.95,NaN,NaN,NaN
7829,10482.47,9186.05,NaN,NaN,NaN
7830,10345.51,9193.19,NaN,NaN,NaN
7831,10279.23,9152.91,0,0,0.0000
7832,10833.88,9216.40,NaN,NaN,NaN
7833,10808.51,9149.34,NaN,NaN,NaN
7834,10444.88,9127.95,NaN,NaN,NaN
7835,10680.26,9339.08,NaN,NaN,NaN
7836,10172.87,9317.46,3,4,0.0000
7837,10174.45,9135.94,0,0,0.0000
7838,10359.11,9339.66,NaN,NaN,NaN
7839,10258.75,8887.73,2,3,0.0000
7840,10798.14,9053.09,0,0,0.0000
7841,10182.64,8999.70,NaN,NaN,NaN
7842,10413.31,8898.78,NaN,NaN,NaN
7843,10471.53,9061.64,NaN,NaN,NaN
7844,10858.10,9080.35,NaN,NaN,NaN
7845,10747.50,9113.96,NaN,NaN,NaN
7846,10340.96,8943.12,2,4,2.0000
7847,10531.49,9290.78,0,0,0.0000
7848,10520.22,9239.17,0,0,0.0000
7849,10603.93,8959.00,0,0,0.0000
7850,10115.14,8877.71,NaN,NaN,NaN
7851,10834.92,8890.95,0,0,0.0000
7852,10679.22,9002.49,0,0,0.0000
7853,10358.76,9023.31,0,0,0.0000
7854,10672.47,8879.52,0,0,0.0000
7855,10748.36,8984.43,NaN,NaN,NaN
7856,10488.81,8920.60,0,0,0.0000
7857,10212.39,8834.12,0,0,0.0000
7858,10127.80,8836.71,NaN,NaN,NaN
7859,10721.78,9082.20,0,0,0.0000
7860,10819.71,9282.64,2,4,2.0000
7861,10645.38,9048.15,0,0,0.0000
7862,10794.32,8861.48,0,0,0.0000
7863,10577.54,9229.03,0,0,0.0000
7864,10180.26,8884.73,0,0,0.0000
7865,10693.48,9059.25,NaN,NaN,NaN
7866,10641.54,8998.40,0,0,0.0000
7867,10320.82,8894.93,NaN,NaN,NaN
7868,10282.47,9086.62,0,0,0.0000
7869,10483.88,8884.19,0,0,0.0000
7870,10879.95,9323.69,0,0,0.0000
7871,11198.49,9334.33,NaN,NaN,NaN
7872,11114.07,9257.27,0,0,0.0000
7873,11380.46,9258.83,3,3,0.0000
7874,10929.31,9269.49,NaN,NaN,NaN
7875,11014.64,9217.83,0,0,0.0000
7876,11043.10,9051.36,NaN,NaN,NaN
7877,10936.31,9093.21,NaN,NaN,NaN
7878,11405.22,9316.61,3,6,2.0000
7879,10967.83,9320.60,2,3,0.0000
7880,10986.19,9135.28,0,0,0.0000
7881,10906.03,8991.89,3,5,0.0000
7882,11318.32,9296.47,NaN,NaN,NaN
7883,10899.25,9214.12,0,0,0.0000
7884,11082.65,9133.82,0,0,0.0000
7885,11197.31,9208.80,0,0,0.0000
7886,10889.20,9153.78,2,1,0.0000
7887,11044.40,9294.16,0,0,0.0000
7888,11202.06,8897.07,0,0,0.0000
7889,11140.63,9143.41,0,0,0.0000
7890,10888.03,8910.46,0,0,0.0000
7891,11304.40,9174.51,0,0,0.0000
7892,11237.53,9260.16,0,0,0.0000
7893,11060.92,8996.10,NaN,NaN,NaN
7894,11367.39,9147.08,NaN,NaN,NaN
7895,10999.77,9014.35,0,0,0.0000
7896,10959.52,8985.26,0,0,0.0000
7897,11281.78,9215.47,0,0,0.0000
7898,11150.47,9210.89,0,0,0.0000
7899,11272.26,9289.24,NaN,NaN,NaN
7900,10880.36,9323.94,0,0,0.0000
7901,13615.48,9135.95,NaN,NaN,NaN
7902,13606.47,9004.86,NaN,NaN,NaN
7903,13649.55,9011.71,0,0,0.0000
7904,16130.74,8636.58,0,0,0.0000
7905,15915.74,8591.17,0,0,0.0000
7906,317.62,9816.73,2,3,0.0000
7907,625.36,9993.32,2,2,0.0000
7908,511.60,9714.52,0,0,0.0000
7909,468.74,10079.06,0,0,0.0000
7910,461.34,9843.13,NaN,NaN,NaN
7911,402.07,10052.29,NaN,NaN,NaN
7912,543.52,10054.26,NaN,NaN,NaN
7913,598.01,9702.76,0,0,0.0000
7914,398.71,9707.76,NaN,NaN,NaN
7915,473.41,9956.44,NaN,NaN,NaN
7916,517.58,9881.47,NaN,NaN,NaN
7917,370.92,9950.05,NaN,NaN,NaN
7918,308.20,9939.43,NaN,NaN,NaN
7919,390.06,9851.42,NaN,NaN,NaN
7920,298.09,10001.66,NaN,NaN,NaN
7921,261.30,9756.73,NaN,NaN,NaN
7922,638.22,10068.83,NaN,NaN,NaN
7923,595.72,9942.37,NaN,NaN,NaN
7924,347.76,10030.05,NaN,NaN,NaN
7925,633.88,9785.97,0,0,0.0000
7926,449.22,9784.32,NaN,NaN,NaN
7927,602.61,10107.03,2,4,2.0000
7928,587.34,9843.53,NaN,NaN,NaN
7929,330.91,9697.04,3,3,0.0000
7930,652.38,9880.00,NaN,NaN,NaN
7931,557.85,9621.99,2,2,0.0000
7932,620.82,9850.43,NaN,NaN,NaN
7933,1508.84,9724.08,NaN,NaN,NaN
7934,1341.53,9738.83,NaN,NaN,NaN
7935,1159.84,9466.97,NaN,NaN,NaN
7936,1205.93,10101.62,0,0,0.0000
7937,1390.08,9492.97,NaN,NaN,NaN
7938,1044.13,9608.87,0,0,0.0000
7939,983.08,9502.13,0,0,0.0000
7940,1347.08,9947.00,2,3,0.0000
7941,1535.46,9547.26,NaN,NaN,NaN
7942,1477.15,10089.15,NaN,NaN,NaN
7943,998.59,9409.12,NaN,NaN,NaN
7944,1637.37,9569.24,3,4,0.0000
7945,1318.22,10059.06,0,0,0.0000
7946,1446.04,9996.57,NaN,NaN,NaN
7947,1421.11,9856.30,NaN,NaN,NaN
7948,1087.67,9372.78,6,6,0.0000
7949,929.57,9592.29,2,2,0.0000
7950,1294.84,9383.65,0,0,0.0000
7951,1210.80,9579.78,0,0,0.0000
7952,1479.63,9406.80,0,0,0.0000
7953,1520.20,9872.89,4,5,0.0000
7954,1152.96,9909.95,NaN,NaN,NaN
7955,1630.52,9478.51,2,4,2.0000
7956,1268.31,9546.50,NaN,NaN,NaN
7957,1216.60,9863.27,NaN,NaN,NaN
7958,1307.21,9496.71,NaN,NaN,NaN
7959,1196.42,9673.88,NaN,NaN,NaN
7960,1609.09,9689.52,NaN,NaN,NaN
7961,1611.59,9918.13,NaN,NaN,NaN
7962,1386.95,10030.98,2,2,0.0000
7963,1542.83,9947.31,NaN,NaN,NaN
7964,1423.06,9626.76,NaN,NaN,NaN
7965,1091.77,9682.70,0,0,0.0000
7966,1297.16,10100.43,NaN,NaN,NaN
7967,972.21,9664.57,2,2,0.0000
7968,1245.21,9753.74,2,7,3.5000
7969,1642.61,9824.61,0,0,0.0000
7970,1359.94,9599.75,NaN,NaN,NaN
7971,1651.04,10066.51,NaN,NaN,NaN
7972,1078.39,9466.38,NaN,NaN,NaN
7973,1571.75,10092.21,0,0,0.0000
7974,1279.46,9802.77,0,0,0.0000
7975,1410.17,9698.65,NaN,NaN,NaN
7976,1132.17,10017.27,NaN,NaN,NaN
7977,1594.08,9797.68,4,4,0.0000
7978,1276.00,9634.87,NaN,NaN,NaN
7979,951.20,9732.31,NaN,NaN,NaN
7980,1216.60,9376.34,0,0,0.0000
7981,1095.67,9742.58,0,0,0.0000
7982,1277.88,9874.05,0,0,0.0000
7983,1470.72,9570.76,0,0,0.0000
7984,1574.15,9417.89,0,0,0.0000
7985,1085.16,9945.02,NaN,NaN,NaN
7986,1381.43,9390.53,0,0,0.0000
7987,1631.56,9976.45,2,3,0.0000
7988,1102.97,10087.33,0,0,0.0000
7989,1228.95,10014.59,NaN,NaN,NaN
7990,1165.05,9802.81,NaN,NaN,NaN
7991,1087.06,9521.95,NaN,NaN,NaN
7992,1632.10,9417.67,0,0,0.0000
7993,1639.00,10106.08,3,5,0.0000
7994,1538.59,9483.21,0,0,0.0000
7995,1557.00,10022.37,0,0,0.0000
7996,1352.85,9856.29,2,8,4.0000
7997,2377.32,9774.74,NaN,NaN,NaN
7998,1820.97,9716.51,NaN,NaN,NaN
7999,1757.95,9629.14,5,8,0.0000
8000,2337.89,10096.46,0,0,0.0000
8001,2261.29,9907.44,NaN,NaN,NaN
8002,1917.75,9759.32,2,4,2.0000
8003,2218.70,9358.40,NaN,NaN,NaN
8004,1775.01,10083.07,0,0,0.0000
8005,1732.79,9505.40,3,6,2.0000
8006,2426.26,10085.93,2,1,0.0000
8007,2406.34,9952.64,NaN,NaN,NaN
8008,1690.52,9406.81,0,0,0.0000
8009,1667.17,9771.74,0,0,0.0000
8010,2257.99,10030.92,NaN,NaN,NaN
8011,1881.01,9588.13,2,2,0.0000
8012,1728.07,9784.86,2,4,2.0000
8013,2335.53,9614.48,0,0,0.0000
8014,2336.19,9943.43,NaN,NaN,NaN
8015,1913.03,9853.26,NaN,NaN,NaN
8016,2409.45,9684.16,NaN,NaN,NaN
8017,1713.28,10031.81,NaN,NaN,NaN
8018,1868.35,9905.80,0,0,0.0000
8019,2328.18,10025.11,5,5,0.0000
8020,1773.60,9463.41,0,0,0.0000
8021,2290.58,9806.07,NaN,NaN,NaN
8022,2008.22,9832.95,3,7,2.3333
8023,1863.87,9816.43,2,1,0.0000
8024,1772.63,10014.79,0,0,0.0000
8025,2288.05,9976.15,3,5,0.0000
8026,2351.09,9675.77,NaN,NaN,NaN
8027,2402.27,9596.34,NaN,NaN,NaN
8028,1953.85,9663.59,0,0,0.0000
8029,2312.94,9693.71,2,6,3.0000
8030,1821.79,9597.54,2,3,0.0000
8031,2320.66,9850.90,0,0,0.0000
8032,1827.56,9783.15,NaN,NaN,NaN
8033,1869.26,9646.77,0,0,0.0000
8034,1773.68,9806.47,NaN,NaN,NaN
8035,1922.16,9952.85,NaN,NaN,NaN
8036,1671.49,9668.30,0,0,0.0000
8037,1714.93,9563.96,NaN,NaN,NaN
8038,1932.08,9613.96,0,0,0.0000
8039,1765.57,9558.72,NaN,NaN,NaN
8040,2500.12,9984.77,NaN,NaN,NaN
8041,2488.01,9753.35,3,7,2.3333
8042,2617.49,10035.03,0,0,0.0000
8043,2880.21,10048.67,NaN,NaN,NaN
8044,2452.47,10030.98,0,0,0.0000
8045,2478.94,9658.95,NaN,NaN,NaN
8046,2518.50,10105.37,NaN,NaN,NaN
8047,2644.33,9904.29,NaN,NaN,NaN
8048,2488.98,9848.73,0,0,0.0000
8049,2988.13,10071.12,NaN,NaN,NaN
8050,3052.78,10082.53,3,5,0.0000
8051,2936.28,10101.93,NaN,NaN,NaN
8052,2600.62,9836.95,0,0,0.0000
8053,2840.30,10100.81,NaN,NaN,NaN
8054,2785.62,10056.71,0,0,0.0000
8055,2698.60,10077.91,NaN,NaN,NaN
8056,2755.21,9961.79,NaN,NaN,NaN
8057,2747.19,10058.00,0,0,0.0000
8058,2545.89,9787.00,0,0,0.0000
8059,3965.05,9455.06,0,0,0.0000
8060,3356.85,10111.45,NaN,NaN,NaN
8061,3962.47,9564.74,NaN,NaN,NaN
8062,4719.39,9585.02,NaN,NaN,NaN
8063,4489.83,9622.24,NaN,NaN,NaN
8064,4363.93,9733.88,NaN,NaN,NaN
8065,4509.87,9418.59,0,0,0.0000
8066,4593.34,9743.59,NaN,NaN,NaN
8067,4595.28,9864.14,NaN,NaN,NaN
8068,4608.77,9421.73,NaN,NaN,NaN
8069,4204.89,9422.92,NaN,NaN,NaN
8070,4024.97,9533.23,2,2,0.0000
8071,4283.88,9898.44,3,4,0.0000
8072,4603.50,9935.58,0,0,0.0000
8073,4369.10,9575.17,NaN,NaN,NaN
8074,4426.77,9869.12,NaN,NaN,NaN
8075,4307.75,9446.44,2,4,2.0000
8076,4711.96,10019.96,NaN,NaN,NaN
8077,4368.58,10070.20,NaN,NaN,NaN
8078,4291.95,9627.97,NaN,NaN,NaN
8079,4518.42,9816.09,0,0,0.0000
8080,4295.40,10049.56,NaN,NaN,NaN
8081,4057.07,9360.19,NaN,NaN,NaN
8082,4451.90,10042.92,NaN,NaN,NaN
8083,4511.36,9984.54,NaN,NaN,NaN
8084,4552.64,10046.61,3,6,2.0000
8085,4642.31,9980.73,0,0,0.0000
8086,4273.67,9708.97,3,5,0.0000
8087,4664.57,9786.70,2,3,0.0000
8088,4367.95,9934.30,NaN,NaN,NaN
8089,4331.62,9513.82,NaN,NaN,NaN
8090,4061.86,9430.59,NaN,NaN,NaN
8091,4189.33,9964.06,NaN,NaN,NaN
8092,4521.32,9712.50,NaN,NaN,NaN
8093,4165.37,9604.36,3,1,0.0000
8094,4207.21,9669.12,0,0,0.0000
8095,4703.09,9374.21,NaN,NaN,NaN
8096,4726.37,10079.11,0,0,0.0000
8097,4554.87,9503.99,0,0,0.0000
8098,4004.72,9385.22,0,0,0.0000
8099,4299.47,9560.25,3,5,0.0000
8100,4420.00,9498.27,0,0,0.0000
8101,4126.74,9520.61,3,4,0.0000
8102,4479.68,9538.69,NaN,NaN,NaN
8103,4070.47,9616.75,NaN,NaN,NaN
8104,4073.17,9713.06,0,0,0.0000
8105,4012.97,9612.74,2,5,2.5000
8106,4455.76,9788.28,NaN,NaN,NaN
8107,4378.10,9648.37,NaN,NaN,NaN
8108,4100.98,9663.12,NaN,NaN,NaN
8109,4710.11,9899.81,NaN,NaN,NaN
8110,4248.31,9377.28,NaN,NaN,NaN
8111,4348.36,9854.79,0,0,0.0000
8112,4068.11,9495.59,NaN,NaN,NaN
8113,4708.18,9727.28,0,0,0.0000
8114,4618.77,10083.00,0,0,0.0000
8115,4200.61,9862.39,NaN,NaN,NaN
8116,4461.07,9698.30,NaN,NaN,NaN
8117,4155.29,9462.40,NaN,NaN,NaN
8118,4218.33,9827.14,2,7,3.5000
8119,4091.99,9794.01,0,0,0.0000
8120,4130.86,9841.42,0,0,0.0000
8121,4018.83,9663.61,NaN,NaN,NaN
8122,4694.04,9849.12,NaN,NaN,NaN
8123,4505.63,9901.89,0,0,0.0000
8124,4427.06,9961.80,0,0,0.0000
8125,4710.00,9949.16,NaN,NaN,NaN
8126,4368.27,9403.85,NaN,NaN,NaN
8127,4426.58,9432.97,NaN,NaN,NaN
8128,4318.20,9990.04,2,4,2.0000
8129,4426.93,9670.70,2,5,2.5000
8130,4568.51,9565.50,0,0,0.0000
8131,4244.87,9554.00,NaN,NaN,NaN
8132,4285.27,9509.23,NaN,NaN,NaN
8133,4458.34,9391.18,0,0,0.0000
8134,5369.33,9683.00,0,0,0.0000
8135,5104.57,9640.78,NaN,NaN,NaN
8136,4906.50,9515.83,NaN,NaN,NaN
8137,5425.82,9387.25,NaN,NaN,NaN
8138,5062.42,9766.32,NaN,NaN,NaN
8139,5014.02,9477.68,3,6,2.0000
8140,4805.07,10031.83,NaN,NaN,NaN
8141,4798.20,9432.65,NaN,NaN,NaN
8142,5481.83,9489.17,3,3,0.0000
8143,4836.55,9783.01,2,4,2.0000
8144,5498.76,10067.30,3,3,0.0000
8145,5196.79,9826.22,0,0,0.0000
8146,5180.60,9947.52,NaN,NaN,NaN
8147,4992.79,9678.85,2,3,0.0000
8148,5275.07,9675.83,NaN,NaN,NaN
8149,5282.60,9402.93,NaN,NaN,NaN
8150,5257.68,9964.58,0,0,0.0000
8151,5193.94,9510.79,0,0,0.0000
8152,4944.31,9791.53,NaN,NaN,NaN
8153,4928.83,9700.49,NaN,NaN,NaN
8154,5495.59,9717.93,NaN,NaN,NaN
8155,5432.75,9785.59,NaN,NaN,NaN
8156,4795.42,9947.59,NaN,NaN,NaN
8157,5059.38,9832.47,2,5,2.5000
8158,5167.65,9409.18,0,0,0.0000
8159,5454.28,10019.90,2,4,2.0000
8160,5102.25,9861.13,3,4,0.0000
8161,4782.96,9848.63,NaN,NaN,NaN
8162,4908.31,9404.49,NaN,NaN,NaN
8163,5160.32,10088.10,NaN,NaN,NaN
8164,5307.34,9892.95,2,4,2.0000
8165,5305.03,9585.44,NaN,NaN,NaN
8166,5452.30,9568.77,0,0,0.0000
8167,5225.61,9715.87,2,4,2.0000
8168,4982.05,9894.66,NaN,NaN,NaN
8169,4819.95,9370.73,3,6,2.0000
8170,5251.74,9878.41,2,5,2.5000
8171,5356.35,9778.13,0,0,0.0000
8172,5479.53,9869.10,NaN,NaN,NaN
8173,4919.84,9624.22,0,0,0.0000
8174,5004.58,9368.65,2,3,0.0000
8175,5155.74,9766.56,NaN,NaN,NaN
8176,4911.33,9891.59,NaN,NaN,NaN
8177,5423.95,9611.36,2,4,2.0000
8178,5236.33,9838.21,2,2,0.0000
8179,5183.74,9568.35,0,0,0.0000
8180,4854.39,9882.42,NaN,NaN,NaN
8181,5332.22,9820.85,NaN,NaN,NaN
8182,5407.88,9519.25,0,0,0.0000
8183,5055.58,9396.66,0,0,0.0000
8184,4914.59,9849.40,3,5,0.0000
8185,4967.37,9388.78,NaN,NaN,NaN
8186,5144.59,10019.62,0,0,0.0000
8187,4944.12,9862.29,NaN,NaN,NaN
8188,5540.17,9592.08,0,0,0.0000
8189,5570.49,10099.37,0,0,0.0000
8190,5662.66,9962.76,NaN,NaN,NaN
8191,5546.33,9827.66,NaN,NaN,NaN
8192,5705.23,10048.69,0,0,0.0000
8193,5660.03,9403.62,NaN,NaN,NaN
8194,5665.14,9702.14,0,0,0.0000
8195,5606.25,9901.21,0,0,0.0000
8196,5552.33,9749.94,NaN,NaN,NaN
8197,5656.11,9833.92,0,0,0.0000
8198,5582.22,9986.74,0,0,0.0000
8199,5637.73,9581.14,0,0,0.0000
8200,5575.01,9429.21,NaN,NaN,NaN
8201,5587.75,9682.12,0,0,0.0000
8202,5667.59,9775.89,0,0,0.0000
8203,5506.23,9951.71,NaN,NaN,NaN
8204,5731.79,9661.20,0,0,0.0000
8205,5737.84,9908.31,NaN,NaN,NaN
8206,5608.57,9487.24,4,4,0.0000
8207,5665.54,9492.03,NaN,NaN,NaN
8208,5516.71,9344.32,0,0,0.0000
8209,5686.30,9588.42,NaN,NaN,NaN
8210,5546.25,9932.75,0,0,0.0000
8211,5776.50,9703.16,0,0,0.0000
8212,5773.18,9631.32,0,0,0.0000
8213,7413.96,9348.20,NaN,NaN,NaN
8214,7446.84,9422.27,NaN,NaN,NaN
8215,7439.50,9640.27,NaN,NaN,NaN
8216,7384.49,9663.03,NaN,NaN,NaN
8217,7461.62,9831.68,2,4,2.0000
8218,7393.69,9837.17,0,0,0.0000
8219,7090.40,9572.05,NaN,NaN,NaN
8220,7352.78,9587.75,NaN,NaN,NaN
8221,7327.71,9632.61,0,0,0.0000
8222,7491.82,9467.80,NaN,NaN,NaN
8223,7469.40,9776.94,NaN,NaN,NaN
8224,7441.27,9507.64,0,0,0.0000
8225,7411.03,9771.58,NaN,NaN,NaN
8226,7641.42,9868.48,0,0,0.0000
8227,7416.33,9906.49,NaN,NaN,NaN
8228,7351.54,9822.12,2,7,3.5000
8229,7453.95,9719.16,0,0,0.0000
8230,7489.65,9539.86,NaN,NaN,NaN
8231,7435.77,9876.21,NaN,NaN,NaN
8232,7553.28,9779.37,NaN,NaN,NaN
8233,8319.07,10066.82,2,1,0.0000
8234,8484.93,9710.05,NaN,NaN,NaN
8235,8380.06,9444.05,2,2,0.0000
8236,8494.28,9513.39,NaN,NaN,NaN
8237,8470.91,9415.99,0,0,0.0000
8238,8417.20,10020.16,0,0,0.0000
8239,8537.60,9559.50,2,7,3.5000
8240,8519.84,9377.17,0,0,0.0000
8241,8515.24,9633.42,NaN,NaN,NaN
8242,8428.64,9738.17,NaN,NaN,NaN
8243,8562.88,9407.54,0,0,0.0000
8244,8538.53,9475.32,0,0,0.0000
8245,8383.05,9514.13,NaN,NaN,NaN
8246,8543.52,9733.75,NaN,NaN,NaN
8247,8629.58,9367.10,2,3,0.0000
8248,8590.05,9560.20,NaN,NaN,NaN
8249,8600.78,9607.41,0,0,0.0000
8250,8601.48,9466.81,NaN,NaN,NaN
8251,9906.17,9558.51,NaN,NaN,NaN
8252,9855.87,9960.61,NaN,NaN,NaN
8253,10070.96,9451.68,NaN,NaN,NaN
8254,9976.22,9531.07,0,0,0.0000
8255,10060.40,9887.89,NaN,NaN,NaN
8256,9793.91,9402.85,0,0,0.0000
8257,9889.27,9379.74,NaN,NaN,NaN
8258,10051.38,9364.82,2,4,2.0000
8259,10002.07,9758.00,0,0,0.0000
8260,10077.35,9534.10,0,0,0.0000
8261,9622.60,9644.09,NaN,NaN,NaN
8262,9985.08,9357.54,NaN,NaN,NaN
8263,9761.39,10075.97,0,0,0.0000
8264,9920.50,10028.22,NaN,NaN,NaN
8265,9837.47,9716.17,NaN,NaN,NaN
8266,9941.44,9902.70,4,3,0.0000
8267,9926.20,9782.17,NaN,NaN,NaN
8268,9972.53,9858.13,0,0,0.0000
8269,9903.57,9690.17,NaN,NaN,NaN
8270,9977.32,9698.52,0,0,0.0000
8271,9872.39,10077.73,2,5,2.5000
8272,9709.32,9597.18,0,0,0.0000
8273,9871.64,9743.29,NaN,NaN,NaN
8274,10049.91,10098.91,NaN,NaN,NaN
8275,9704.46,10079.86,0,0,0.0000
8276,9728.25,9739.31,0,0,0.0000
8277,10003.28,9818.67,NaN,NaN,NaN
8278,9968.27,10067.39,NaN,NaN,NaN
8279,9747.79,9889.25,0,0,0.0000
8280,9795.11,9858.94,0,0,0.0000
8281,10008.24,9926.20,0,0,0.0000
8282,9791.59,9911.15,NaN,NaN,NaN
8283,10114.73,9650.37,NaN,NaN,NaN
8284,10709.69,9679.13,NaN,NaN,NaN
8285,10592.89,9437.52,0,0,0.0000
8286,10517.96,9674.58,NaN,NaN,NaN
8287,10762.08,9372.09,NaN,NaN,NaN
8288,10426.29,9654.74,2,2,0.0000
8289,10193.81,9734.22,NaN,NaN,NaN
8290,10857.63,10079.44,NaN,NaN,NaN
8291,10759.98,9520.68,NaN,NaN,NaN
8292,10274.97,9391.12,NaN,NaN,NaN
8293,10507.34,9530.69,NaN,NaN,NaN
8294,10323.38,9460.80,2,7,3.5000
8295,10781.67,9775.62,2,3,0.0000
8296,10468.35,9435.60,2,3,0.0000
8297,10312.58,9987.98,NaN,NaN,NaN
8298,10877.05,9841.98,0,0,0.0000
8299,10697.97,9911.10,NaN,NaN,NaN
8300,10521.33,9366.60,NaN,NaN,NaN
8301,10586.95,9729.58,0,0,0.0000
8302,10842.56,9567.80,NaN,NaN,NaN
8303,10264.23,9844.09,NaN,NaN,NaN
8304,10351.58,9802.08,NaN,NaN,NaN
8305,10212.14,9565.06,NaN,NaN,NaN
8306,10412.29,9752.91,NaN,NaN,NaN
8307,10190.95,9472.78,0,0,0.0000
8308,10601.01,9532.33,NaN,NaN,NaN
8309,10520.67,9771.45,0,0,0.0000
8310,10119.42,9770.05,NaN,NaN,NaN
8311,10228.09,9632.43,NaN,NaN,NaN
8312,10641.15,10028.01,NaN,NaN,NaN
8313,10307.89,10070.08,2,1,0.0000
8314,10710.89,9990.77,0,0,0.0000
8315,10624.73,9639.53,NaN,NaN,NaN
8316,10189.22,9378.92,NaN,NaN,NaN
8317,10431.20,9554.28,0,0,0.0000
8318,10184.82,9998.28,0,0,0.0000
8319,10335.90,9550.45,NaN,NaN,NaN
8320,10380.31,9572.98,NaN,NaN,NaN
8321,10203.91,9912.61,NaN,NaN,NaN
8322,10665.39,9786.67,0,0,0.0000
8323,10799.03,9961.15,2,4,2.0000
8324,10315.98,9613.69,0,0,0.0000
8325,10335.78,9685.58,0,0,0.0000
8326,10245.32,10105.51,0,0,0.0000
8327,10275.22,9710.65,NaN,NaN,NaN
8328,10279.85,9903.59,NaN,NaN,NaN
8329,10875.83,9741.73,NaN,NaN,NaN
8330,10707.68,9832.43,0,0,0.0000
8331,10620.60,9356.02,NaN,NaN,NaN
8332,10748.88,9935.88,NaN,NaN,NaN
8333,10589.80,9601.35,NaN,NaN,NaN
8334,10817.35,9918.09,NaN,NaN,NaN
8335,10870.42,9937.17,0,0,0.0000
8336,10390.83,9442.72,0,0,0.0000
8337,10621.52,9755.13,0,0,0.0000
8338,10263.90,9995.01,0,0,0.0000
8339,10318.23,9746.39,0,0,0.0000
8340,10249.46,9454.17,NaN,NaN,NaN
8341,10771.00,10010.52,NaN,NaN,NaN
8342,10252.69,9528.48,NaN,NaN,NaN
8343,10225.51,10070.00,0,0,0.0000
8344,10527.79,9809.56,0,0,0.0000
8345,10420.87,9409.87,NaN,NaN,NaN
8346,10299.39,9511.96,NaN,NaN,NaN
8347,10120.71,9372.11,0,0,0.0000
8348,10762.07,9439.00,0,0,0.0000
8349,10186.91,10042.40,0,0,0.0000
8350,10431.71,9362.14,NaN,NaN,NaN
8351,10733.91,9619.23,2,3,0.0000
8352,11249.36,9949.34,0,0,0.0000
8353,11024.13,9498.01,0,0,0.0000
8354,11165.64,9733.01,NaN,NaN,NaN
8355,10993.96,9395.71,3,5,0.0000
8356,10985.04,9680.79,NaN,NaN,NaN
8357,11072.01,9616.16,NaN,NaN,NaN
8358,11330.92,9772.79,4,7,0.0000
8359,11284.48,10091.75,0,0,0.0000
8360,10909.67,9522.64,0,0,0.0000
8361,10883.94,9996.96,NaN,NaN,NaN
8362,11133.60,10018.41,NaN,NaN,NaN
8363,11059.64,9785.65,0,0,0.0000
8364,11060.65,10097.26,2,5,2.5000
8365,11087.99,9685.87,NaN,NaN,NaN
8366,10983.79,9590.36,NaN,NaN,NaN
8367,11140.61,9391.46,NaN,NaN,NaN
8368,11212.05,9432.93,NaN,NaN,NaN
8369,10977.31,9949.42,3,4,0.0000
8370,11307.18,9406.89,NaN,NaN,NaN
8371,11345.72,9891.68,0,0,0.0000
8372,11068.29,9865.99,2,5,2.5000
8373,11018.60,10019.31,2,8,4.0000
8374,11114.07,9737.98,0,0,0.0000
8375,11054.62,9946.57,2,3,0.0000
8376,11127.49,9919.57,0,0,0.0000
8377,11122.19,9440.10,NaN,NaN,NaN
8378,11322.92,9533.40,2,5,2.5000
8379,10919.83,9780.82,NaN,NaN,NaN
8380,11257.61,9574.07,NaN,NaN,NaN
8381,11311.22,9596.02,0,0,0.0000
8382,11234.18,9819.11,3,4,0.0000
8383,11019.73,9887.01,NaN,NaN,NaN
8384,10919.03,9916.61,NaN,NaN,NaN
8385,11157.93,9595.00,NaN,NaN,NaN
8386,10898.84,9427.66,NaN,NaN,NaN
8387,11142.94,10105.00,NaN,NaN,NaN
8388,11239.42,9523.30,0,0,0.0000
8389,10912.04,9592.82,NaN,NaN,NaN
8390,11414.70,9499.22,NaN,NaN,NaN
8391,11360.95,9466.69,2,4,2.0000
8392,11065.35,9354.34,NaN,NaN,NaN
8393,11277.30,9721.12,NaN,NaN,NaN
8394,10950.02,10035.90,3,8,2.6667
8395,11296.13,9673.72,NaN,NaN,NaN
8396,11114.58,9525.00,NaN,NaN,NaN
8397,10920.11,9655.87,NaN,NaN,NaN
8398,11368.67,9661.79,NaN,NaN,NaN
8399,10936.10,9383.12,2,4,2.0000
8400,11358.35,9353.41,NaN,NaN,NaN
8401,320.68,10463.61,3,2,0.0000
8402,246.40,10702.53,2,8,4.0000
8403,214.70,10499.26,NaN,NaN,NaN
8404,684.52,10842.36,NaN,NaN,NaN
8405,133.30,10431.98,2,2,0.0000
8406,261.18,10338.24,NaN,NaN,NaN
8407,88.25,10769.20,NaN,NaN,NaN
8408,52.54,10524.88,2,4,2.0000
8409,554.14,10645.28,3,5,0.0000
8410,161.88,10612.23,2,6,3.0000
8411,49.77,10617.79,3,4,0.0000
8412,153.92,10837.42,NaN,NaN,NaN
8413,620.66,10192.72,NaN,NaN,NaN
8414,342.36,10696.80,NaN,NaN,NaN
8415,553.42,10217.67,2,4,2.0000
8416,351.37,10785.90,2,4,2.0000
8417,177.99,10348.46,NaN,NaN,NaN
8418,468.08,10643.14,0,0,0.0000
8419,165.00,10204.01,NaN,NaN,NaN
8420,544.94,10784.86,NaN,NaN,NaN
8421,577.51,10730.34,NaN,NaN,NaN
8422,644.98,10780.33,0,0,0.0000
8423,601.87,10865.62,NaN,NaN,NaN
8424,470.18,10767.30,0,0,0.0000
8425,411.10,10715.36,NaN,NaN,NaN
8426,630.97,10620.60,2,4,2.0000
8427,297.22,10873.72,2,2,0.0000
8428,418.55,10176.76,2,5,2.5000
8429,493.41,10232.95,2,1,0.0000
8430,521.75,10148.35,NaN,NaN,NaN
8431,514.51,10845.79,NaN,NaN,NaN
8432,130.11,10717.09,NaN,NaN,NaN
8433,179.90,10269.21,0,0,0.0000
8434,721.25,10751.18,NaN,NaN,NaN
8435,481.17,10704.15,0,0,0.0000
8436,307.39,10650.33,0,0,0.0000
8437,457.88,10153.04,2,5,2.5000
8438,120.90,10567.77,NaN,NaN,NaN
8439,237.68,10794.44,NaN,NaN,NaN
8440,82.90,10358.54,NaN,NaN,NaN
8441,610.81,10696.07,NaN,NaN,NaN
8442,340.61,10856.30,NaN,NaN,NaN
8443,40.01,10692.44,0,0,0.0000
8444,609.42,10499.30,2,1,0.0000
8445,521.68,10309.22,NaN,NaN,NaN
8446,128.82,10509.02,4,7,0.0000
8447,415.68,10781.93,0,0,0.0000
8448,77.52,10879.53,NaN,NaN,NaN
8449,410.97,10631.02,0,0,0.0000
8450,235.83,10852.33,NaN,NaN,NaN
8451,51.45,10412.84,NaN,NaN,NaN
8452,89.97,10668.19,0,0,0.0000
8453,164.56,10771.91,NaN,NaN,NaN
8454,202.22,10782.00,NaN,NaN,NaN
8455,619.97,10300.28,2,2,0.0000
8456,1330.45,10459.61,NaN,NaN,NaN
8457,1216.27,10225.16,3,6,2.0000
8458,1652.82,10634.29,4,6,0.0000
8459,1639.36,10172.58,2,2,0.0000
8460,1311.19,10576.32,NaN,NaN,NaN
8461,1285.87,10299.40,NaN,NaN,NaN
8462,1461.70,10173.44,NaN,NaN,NaN
8463,1373.62,10339.95,0,0,0.0000
8464,1335.81,10240.70,2,2,0.0000
8465,1516.61,10416.16,NaN,NaN,NaN
8466,1397.31,10200.38,2,3,0.0000
8467,1659.63,10263.83,NaN,NaN,NaN
8468,1594.07,10258.76,3,4,0.0000
8469,1467.56,10277.27,3,4,0.0000
8470,1444.42,10473.91,0,0,0.0000
8471,1169.81,10299.43,3,3,0.0000
8472,1627.10,10383.77,NaN,NaN,NaN
8473,1448.60,10658.46,5,5,0.0000
8474,1637.72,10451.06,2,3,0.0000
8475,1519.06,10344.00,0,0,0.0000
8476,1257.12,10161.81,NaN,NaN,NaN
8477,1518.18,10492.51,NaN,NaN,NaN
8478,1446.95,10364.81,NaN,NaN,NaN
8479,1240.96,10421.56,NaN,NaN,NaN
8480,1542.56,10208.67,2,3,0.0000
8481,1543.55,10567.81,NaN,NaN,NaN
8482,1489.78,10602.39,NaN,NaN,NaN
8483,1166.41,10380.14,NaN,NaN,NaN
8484,1547.08,10684.32,NaN,NaN,NaN
8485,1426.91,10554.26,0,0,0.0000
8486,1244.35,10340.01,2,3,0.0000
8487,1242.20,10466.38,2,3,0.0000
8488,1373.40,10508.90,0,0,0.0000
8489,1586.69,10534.74,5,7,0.0000
8490,1638.59,10739.66,0,0,0.0000
8491,1563.66,10148.07,NaN,NaN,NaN
8492,1404.06,10613.80,NaN,NaN,NaN
8493,1232.66,10522.31,0,0,0.0000
8494,1220.29,10558.28,0,0,0.0000
8495,1293.22,10387.65,2,2,0.0000
8496,1209.91,10371.78,NaN,NaN,NaN
8497,1573.57,10476.63,NaN,NaN,NaN
8498,1176.34,10443.81,NaN,NaN,NaN
8499,1582.11,10324.34,0,0,0.0000
8500,2093.10,10833.69,NaN,NaN,NaN
8501,2020.61,10735.69,NaN,NaN,NaN
8502,2245.81,10579.09,0,0,0.0000
8503,1799.27,10477.97,3,4,0.0000
8504,2307.00,10768.55,2,5,2.5000
8505,1678.50,10548.00,NaN,NaN,NaN
8506,2212.73,10845.74,NaN,NaN,NaN
8507,1799.48,10612.85,NaN,NaN,NaN
8508,2360.29,10355.07,NaN,NaN,NaN
8509,1931.90,10431.18,0,0,0.0000
8510,2249.91,10684.19,2,5,2.5000
8511,1954.85,10613.16,NaN,NaN,NaN
8512,2126.05,10487.21,NaN,NaN,NaN
8513,1719.02,10129.21,NaN,NaN,NaN
8514,2261.89,10216.48,NaN,NaN,NaN
8515,2268.96,10119.34,3,6,2.0000
8516,1765.17,10361.49,NaN,NaN,NaN
8517,1721.63,10414.80,3,2,0.0000
8518,1694.33,10750.97,2,3,0.0000
8519,2178.41,10612.52,3,3,0.0000
8520,1882.33,10569.73,3,4,0.0000
8521,2109.22,10671.08,2,4,2.0000
8522,1697.03,10477.37,NaN,NaN,NaN
8523,2140.60,10585.74,2,1,0.0000
8524,2341.35,10851.37,NaN,NaN,NaN
8525,2297.89,10273.07,4,4,0.0000
8526,2404.25,10264.37,NaN,NaN,NaN
8527,2198.20,10759.31,2,2,0.0000
8528,2089.88,10563.93,4,4,0.0000
8529,1743.01,10610.93,2,4,2.0000
8530,2036.14,10548.83,0,0,0.0000
8531,1962.55,10829.53,NaN,NaN,NaN
8532,2027.31,10470.43,NaN,NaN,NaN
8533,2167.71,10687.99,NaN,NaN,NaN
8534,2382.51,10767.29,2,4,2.0000
8535,1939.84,10745.21,0,0,0.0000
8536,1859.92,10412.20,NaN,NaN,NaN
8537,1907.62,10502.11,0,0,0.0000
8538,1814.49,10685.07,NaN,NaN,NaN
8539,2401.79,10213.46,NaN,NaN,NaN
8540,1971.00,10530.86,NaN,NaN,NaN
8541,1752.53,10685.21,NaN,NaN,NaN
8542,1791.14,10323.64,NaN,NaN,NaN
8543,1860.93,10663.29,0,0,0.0000
8544,1721.77,10251.61,3,5,0.0000
8545,1919.02,10853.56,NaN,NaN,NaN
8546,2019.31,10611.03,NaN,NaN,NaN
8547,2421.50,10316.09,NaN,NaN,NaN
8548,2356.63,10226.76,3,3,0.0000
8549,1742.26,10203.16,NaN,NaN,NaN
8550,2418.02,10170.36,NaN,NaN,NaN
8551,1776.25,10155.25,NaN,NaN,NaN
8552,2145.28,10734.48,0,0,0.0000
8553,1954.14,10687.21,0,0,0.0000
8554,2789.88,10306.67,2,3,0.0000
8555,2723.52,10204.14,2,4,2.0000
8556,3102.57,10309.21,NaN,NaN,NaN
8557,2916.54,10776.70,NaN,NaN,NaN
8558,2444.36,10383.40,5,6,0.0000
8559,2666.06,10480.24,2,2,0.0000
8560,2578.90,10113.11,0,0,0.0000
8561,2629.36,10334.90,NaN,NaN,NaN
8562,3038.57,10260.16,2,2,0.0000
8563,2983.53,10345.26,NaN,NaN,NaN
8564,2569.34,10378.43,NaN,NaN,NaN
8565,2696.86,10129.27,2,3,0.0000
8566,3128.31,10130.84,NaN,NaN,NaN
8567,3035.13,10141.27,NaN,NaN,NaN
8568,2751.94,10612.46,NaN,NaN,NaN
8569,2880.96,10175.48,0,0,0.0000
8570,2465.53,10187.46,2,3,0.0000
8571,2698.21,10306.59,0,0,0.0000
8572,2916.38,10150.46,0,0,0.0000
8573,2804.78,10402.00,0,0,0.0000
8574,2472.37,10272.26,NaN,NaN,NaN
8575,2593.43,10281.49,NaN,NaN,NaN
8576,2516.28,10236.03,3,3,0.0000
8577,2744.35,10461.64,0,0,0.0000
8578,2885.83,10433.29,NaN,NaN,NaN
8579,2988.57,10178.73,NaN,NaN,NaN
8580,2934.65,10376.43,0,0,0.0000
8581,2921.99,10841.12,3,2,0.0000
8582,3083.65,10875.87,NaN,NaN,NaN
8583,2524.43,10400.87,NaN,NaN,NaN
8584,2657.46,10408.32,0,0,0.0000
8585,3113.39,10231.52,NaN,NaN,NaN
8586,2943.68,10276.88,0,0,0.0000
8587,2577.13,10463.49,2,3,0.0000
8588,3072.11,10364.70,NaN,NaN,NaN
8589,3014.95,10394.74,NaN,NaN,NaN
8590,2787.01,10233.15,NaN,NaN,NaN
8591,2625.34,10181.21,0,0,0.0000
8592,2723.34,10404.32,0,0,0.0000
8593,3141.03,10853.29,0,0,0.0000
8594,2540.01,10191.07,NaN,NaN,NaN
8595,2712.66,10581.18,NaN,NaN,NaN
8596,3164.50,10252.07,0,0,0.0000
8597,2816.38,10147.51,0,0,0.0000
8598,3008.68,10216.64,NaN,NaN,NaN
8599,2993.30,10851.00,0,0,0.0000
8600,2487.51,10335.03,NaN,NaN,NaN
8601,3065.46,10200.60,NaN,NaN,NaN
8602,2543.01,10273.28,0,0,0.0000
8603,2529.09,10311.23,0,0,0.0000
8604,3095.61,10172.71,0,0,0.0000
8605,3684.73,10677.90,NaN,NaN,NaN
8606,3369.20,10419.18,3,5,0.0000
8607,3678.61,10351.15,3,5,0.0000
8608,3797.05,10737.02,2,2,0.0000
8609,3596.66,10841.43,NaN,NaN,NaN
8610,3519.44,10390.64,2,0,0.0000
8611,3223.96,10310.74,3,5,0.0000
8612,3713.06,10783.14,2,5,2.5000
8613,3508.43,10249.47,NaN,NaN,NaN
8614,3662.09,10822.95,NaN,NaN,NaN
8615,3644.46,10590.92,NaN,NaN,NaN
8616,3436.60,10271.28,NaN,NaN,NaN
8617,3760.76,10554.78,NaN,NaN,NaN
8618,3286.55,10380.36,NaN,NaN,NaN
8619,3589.19,10445.30,NaN,NaN,NaN
8620,3802.19,10386.23,3,5,0.0000
8621,3823.75,10472.65,NaN,NaN,NaN
8622,3308.56,10279.16,2,3,0.0000
8623,3959.68,10462.82,NaN,NaN,NaN
8624,3238.15,10459.97,NaN,NaN,NaN
8625,3232.86,10400.46,0,0,0.0000
8626,3563.15,10322.10,4,7,0.0000
8627,3646.76,10522.51,4,6,0.0000
8628,3588.31,10705.22,NaN,NaN,NaN
8629,3467.32,10877.64,NaN,NaN,NaN
8630,3560.53,10508.60,NaN,NaN,NaN
8631,3435.59,10151.29,4,6,0.0000
8632,3792.32,10875.06,2,4,2.0000
8633,3333.70,10343.95,0,0,0.0000
8634,3435.01,10358.88,0,0,0.0000
8635,3391.36,10206.13,NaN,NaN,NaN
8636,3357.04,10112.60,NaN,NaN,NaN
8637,3528.24,10561.63,0,0,0.0000
8638,3609.37,10264.58,0,0,0.0000
8639,3967.94,10541.78,NaN,NaN,NaN
8640,3217.39,10249.00,0,0,0.0000
8641,3721.57,10465.90,5,6,0.0000
8642,3582.46,10580.95,3,6,2.0000
8643,3721.58,10866.48,0,0,0.0000
8644,3393.81,10320.64,4,4,0.0000
8645,3652.13,10738.52,3,1,0.0000
8646,4242.63,10414.36,NaN,NaN,NaN
8647,4478.66,10423.57,0,0,0.0000
8648,4364.09,10312.36,NaN,NaN,NaN
8649,4422.56,10631.46,NaN,NaN,NaN
8650,4464.08,10148.60,0,0,0.0000
8651,4584.60,10178.38,NaN,NaN,NaN
8652,4729.28,10702.77,NaN,NaN,NaN
8653,4481.85,10557.76,NaN,NaN,NaN
8654,4386.69,10520.81,3,7,2.3333
8655,4680.86,10879.90,NaN,NaN,NaN
8656,4250.53,10275.54,0,0,0.0000
8657,4436.04,10843.88,NaN,NaN,NaN
8658,4610.43,10716.85,2,5,2.5000
8659,4518.81,10723.61,NaN,NaN,NaN
8660,4595.11,10857.39,NaN,NaN,NaN
8661,4495.83,10276.09,NaN,NaN,NaN
8662,4663.24,10450.67,NaN,NaN,NaN
8663,4194.30,10551.13,NaN,NaN,NaN
8664,4580.58,10646.40,2,3,0.0000
8665,4117.69,10373.67,2,2,0.0000
8666,4596.49,10354.95,NaN,NaN,NaN
8667,4129.15,10537.66,NaN,NaN,NaN
8668,4565.01,10434.38,2,2,0.0000
8669,4692.26,10614.99,NaN,NaN,NaN
8670,4321.64,10463.36,NaN,NaN,NaN
8671,4625.22,10251.21,4,7,0.0000
8672,4580.95,10491.03,NaN,NaN,NaN
8673,4017.41,10490.57,2,4,2.0000
8674,4646.79,10181.07,NaN,NaN,NaN
8675,4632.85,10612.11,2,4,2.0000
8676,4196.03,10340.14,2,4,2.0000
8677,4262.59,10556.63,NaN,NaN,NaN
8678,4118.01,10634.30,3,3,0.0000
8679,4670.87,10796.77,NaN,NaN,NaN
8680,4700.53,10215.47,2,6,3.0000
8681,4393.08,10212.44,2,6,3.0000
8682,4577.47,10770.54,NaN,NaN,NaN
8683,4364.81,10404.40,2,3,0.0000
8684,4445.12,10763.16,2,3,0.0000
8685,4482.89,10799.11,NaN,NaN,NaN
8686,4576.52,10572.64,0,0,0.0000
8687,4666.28,10287.83,NaN,NaN,NaN
8688,4320.68,10571.34,2,3,0.0000
8689,4438.57,10247.38,NaN,NaN,NaN
8690,4266.15,10611.24,NaN,NaN,NaN
8691,4532.51,10328.01,0,0,0.0000
8692,4729.86,10834.89,NaN,NaN,NaN
8693,4688.32,10517.45,NaN,NaN,NaN
8694,4532.51,10820.88,0,0,0.0000
8695,4603.09,10303.06,3,2,0.0000
8696,4418.90,10727.89,NaN,NaN,NaN
8697,4657.68,10360.64,NaN,NaN,NaN
8698,4338.56,10874.60,NaN,NaN,NaN
8699,4553.40,10126.99,NaN,NaN,NaN
8700,4605.74,10517.90,NaN,NaN,NaN
8701,4512.60,10203.55,NaN,NaN,NaN
8702,4624.44,10790.08,NaN,NaN,NaN
8703,4721.65,10500.88,NaN,NaN,NaN
8704,4056.31,10512.16,NaN,NaN,NaN
8705,4714.96,10753.56,NaN,NaN,NaN
8706,4664.35,10558.76,0,0,0.0000
8707,4374.35,10823.88,0,0,0.0000
8708,4282.99,10681.62,0,0,0.0000
8709,5343.36,10381.03,0,0,0.0000
8710,5411.33,10173.74,NaN,NaN,NaN
8711,5474.69,10264.95,0,0,0.0000
8712,5484.09,10707.71,3,4,0.0000
8713,5433.34,10473.85,3,7,2.3333
8714,4764.75,10136.05,NaN,NaN,NaN
8715,4745.49,10564.44,4,6,0.0000
8716,5257.80,10217.04,NaN,NaN,NaN
8717,4786.02,10630.86,3,7,2.3333
8718,5492.22,10595.78,NaN,NaN,NaN
8719,5428.33,10629.53,2,3,0.0000
8720,4739.61,10793.30,NaN,NaN,NaN
8721,5488.85,10373.97,NaN,NaN,NaN
8722,5394.90,10265.18,NaN,NaN,NaN
8723,5322.95,10168.37,0,0,0.0000
8724,4795.66,10683.29,2,2,0.0000
8725,5326.27,10515.40,0,0,0.0000
8726,4737.91,10439.81,NaN,NaN,NaN
8727,5446.20,10754.31,NaN,NaN,NaN
8728,4779.85,10844.32,NaN,NaN,NaN
8729,5404.99,10570.75,NaN,NaN,NaN
8730,5404.29,10318.94,0,0,0.0000
8731,5438.17,10715.75,NaN,NaN,NaN
8732,4762.60,10401.74,NaN,NaN,NaN
8733,5498.31,10799.06,NaN,NaN,NaN
8734,5441.76,10577.18,NaN,NaN,NaN
8735,5456.09,10362.89,2,6,3.0000
8736,5772.60,10706.27,0,0,0.0000
8737,5752.54,10868.86,0,0,0.0000
8738,5855.36,10371.00,2,4,2.0000
8739,5556.71,10583.94,NaN,NaN,NaN
8740,5722.43,10291.69,2,6,3.0000
8741,5583.06,10465.85,NaN,NaN,NaN
8742,5933.16,10509.25,NaN,NaN,NaN
8743,5746.31,10201.57,0,0,0.0000
8744,5668.98,10190.99,NaN,NaN,NaN
8745,5646.27,10853.37,3,4,0.0000
8746,5662.13,10532.73,NaN,NaN,NaN
8747,5903.42,10610.80,NaN,NaN,NaN
8748,5980.53,10699.48,NaN,NaN,NaN
8749,6066.35,10867.65,0,0,0.0000
8750,6055.10,10701.75,NaN,NaN,NaN
8751,5547.52,10742.02,0,0,0.0000
8752,5810.78,10473.89,2,2,0.0000
8753,5662.69,10392.14,0,0,0.0000
8754,6060.95,10459.70,0,0,0.0000
8755,6117.14,10778.70,NaN,NaN,NaN
8756,6004.89,10576.58,NaN,NaN,NaN
8757,6048.20,10535.66,NaN,NaN,NaN
8758,5550.83,10204.93,3,4,0.0000
8759,5748.79,10378.07,0,0,0.0000
8760,5506.72,10485.31,NaN,NaN,NaN
8761,6033.89,10805.51,0,0,0.0000
8762,5716.87,10451.18,2,5,2.5000
8763,5653.70,10650.23,NaN,NaN,NaN
8764,5810.18,10845.76,NaN,NaN,NaN
8765,5958.01,10417.72,NaN,NaN,NaN
8766,5775.29,10579.78,NaN,NaN,NaN
8767,5879.52,10823.06,NaN,NaN,NaN
8768,5955.33,10804.31,0,0,0.0000
8769,5551.48,10851.02,NaN,NaN,NaN
8770,5590.66,10795.90,0,0,0.0000
8771,5540.61,10407.33,NaN,NaN,NaN
8772,5762.93,10500.51,2,6,3.0000
8773,5890.35,10722.12,0,0,0.0000
8774,6072.58,10622.54,4,6,0.0000
8775,5625.07,10152.65,0,0,0.0000
8776,5588.31,10683.82,2,3,0.0000
8777,5988.58,10635.24,NaN,NaN,NaN
8778,5528.65,10668.53,0,0,0.0000
8779,5804.70,10279.08,NaN,NaN,NaN
8780,5903.29,10767.83,0,0,0.0000
8781,6095.74,10550.17,NaN,NaN,NaN
8782,5838.07,10201.51,NaN,NaN,NaN
8783,5821.24,10644.89,0,0,0.0000
8784,5854.92,10590.22,NaN,NaN,NaN
8785,5875.86,10473.84,NaN,NaN,NaN
8786,5705.43,10610.38,0,0,0.0000
8787,5990.35,10484.05,0,0,0.0000
8788,6033.19,10639.12,NaN,NaN,NaN
8789,7035.36,10711.26,NaN,NaN,NaN
8790,6991.87,10558.84,NaN,NaN,NaN
8791,7041.40,10629.45,NaN,NaN,NaN
8792,7067.00,10833.70,0,0,0.0000
8793,7489.38,10837.86,NaN,NaN,NaN
8794,7544.31,10513.70,2,2,0.0000
8795,7040.89,10491.82,2,4,2.0000
8796,7450.02,10630.50,0,0,0.0000
8797,7515.65,10787.55,NaN,NaN,NaN
8798,7062.59,10550.64,2,3,0.0000
8799,7425.23,10741.99,0,0,0.0000
8800,7497.65,10616.89,0,0,0.0000
8801,7419.64,10683.05,NaN,NaN,NaN
8802,7398.65,10815.22,NaN,NaN,NaN
8803,7451.88,10693.31,NaN,NaN,NaN
8804,7488.59,10656.22,0,0,0.0000
8805,7561.93,10851.47,0,0,0.0000
8806,7381.10,10137.77,0,0,0.0000
8807,8356.97,10151.33,0,0,0.0000
8808,8264.35,10205.14,3,7,2.3333
8809,8370.93,10350.28,0,0,0.0000
8810,8412.55,10433.03,NaN,NaN,NaN
8811,8908.02,10524.17,2,3,0.0000
8812,9025.38,10821.59,NaN,NaN,NaN
8813,9157.97,10403.67,NaN,NaN,NaN
8814,9262.77,10786.39,NaN,NaN,NaN
8815,8819.78,10342.81,2,2,0.0000
8816,9025.42,10728.55,0,0,0.0000
8817,9076.10,10362.27,0,0,0.0000
8818,9160.29,10303.98,0,0,0.0000
8819,8694.75,10799.98,0,0,0.0000
8820,8965.03,10315.47,NaN,NaN,NaN
8821,8906.44,10437.81,0,0,0.0000
8822,9232.09,10879.53,NaN,NaN,NaN
8823,8855.95,10658.71,NaN,NaN,NaN
8824,8830.97,10479.87,NaN,NaN,NaN
8825,9088.83,10279.64,NaN,NaN,NaN
8826,9341.92,10616.68,NaN,NaN,NaN
8827,8830.80,10536.10,2,5,2.5000
8828,8854.71,10269.82,2,9,4.5000
8829,8890.98,10602.84,NaN,NaN,NaN
8830,8993.48,10232.79,NaN,NaN,NaN
8831,9236.22,10261.04,0,0,0.0000
8832,8945.88,10872.97,NaN,NaN,NaN
8833,8874.88,10742.17,NaN,NaN,NaN
8834,8808.44,10610.64,3,5,0.0000
8835,8983.73,10475.55,NaN,NaN,NaN
8836,9197.34,10490.61,NaN,NaN,NaN
8837,8804.84,10864.04,0,0,0.0000
8838,9216.63,10730.80,NaN,NaN,NaN
8839,9079.26,10829.88,NaN,NaN,NaN
8840,9001.24,10291.42,0,0,0.0000
8841,8760.84,10276.47,0,0,0.0000
8842,9108.64,10477.99,0,0,0.0000
8843,9139.60,10527.12,NaN,NaN,NaN
8844,9251.85,10443.52,0,0,0.0000
8845,9215.03,10665.77,0,0,0.0000
8846,9095.39,10562.68,NaN,NaN,NaN
8847,9044.57,10415.87,2,5,2.5000
8848,8960.43,10773.28,0,0,0.0000
8849,9334.24,10392.64,NaN,NaN,NaN
8850,8997.91,10420.26,NaN,NaN,NaN
8851,9144.75,10793.40,0,0,0.0000
8852,9316.05,10716.64,NaN,NaN,NaN
8853,9102.58,10845.89,NaN,NaN,NaN
8854,9220.16,10225.05,0,0,0.0000
8855,9331.26,10820.21,0,0,0.0000
8856,8788.12,10562.44,NaN,NaN,NaN
8857,9281.34,10399.81,0,0,0.0000
8858,9104.69,10431.27,NaN,NaN,NaN
8859,9197.66,10702.51,0,0,0.0000
8860,9311.81,10188.23,0,0,0.0000
8861,9164.75,10842.97,NaN,NaN,NaN
8862,9312.88,10674.20,NaN,NaN,NaN
8863,9043.63,10581.79,NaN,NaN,NaN
8864,9291.10,10631.16,0,0,0.0000
8865,9251.00,10831.26,0,0,0.0000
8866,8967.10,10823.23,0,0,0.0000
8867,9268.04,10746.11,NaN,NaN,NaN
8868,9284.76,10699.83,NaN,NaN,NaN
8869,9628.19,10700.26,2,7,3.5000
8870,9576.44,10847.00,0,0,0.0000
8871,9451.32,10773.38,NaN,NaN,NaN
8872,9649.22,10545.89,NaN,NaN,NaN
8873,9779.71,10731.26,NaN,NaN,NaN
8874,9409.81,10682.41,NaN,NaN,NaN
8875,9741.82,10603.09,NaN,NaN,NaN
8876,9422.34,10847.30,0,0,0.0000
8877,9345.47,10117.62,0,0,0.0000
8878,9632.18,10624.78,0,0,0.0000
8879,9361.67,10869.27,0,0,0.0000
8880,9541.60,10743.98,0,0,0.0000
8881,9840.31,10580.13,0,0,0.0000
8882,9459.65,10644.96,NaN,NaN,NaN
8883,9609.21,10460.21,2,5,2.5000
8884,9348.57,10747.89,NaN,NaN,NaN
8885,9464.45,10360.24,0,0,0.0000
8886,9401.29,10604.58,NaN,NaN,NaN
8887,9497.01,10557.16,0,0,0.0000
8888,9750.30,10684.19,NaN,NaN,NaN
8889,9914.04,10174.71,0,0,0.0000
8890,9356.12,10684.19,NaN,NaN,NaN
8891,9417.65,10358.99,NaN,NaN,NaN
8892,9568.17,10577.30,0,0,0.0000
8893,10020.65,10156.98,NaN,NaN,NaN
8894,9688.00,10667.88,NaN,NaN,NaN
8895,9372.18,10267.95,0,0,0.0000
8896,9606.99,10746.49,0,0,0.0000
8897,10812.55,10444.19,3,7,2.3333
8898,10705.62,10116.81,0,0,0.0000
8899,10783.15,10136.50,0,0,0.0000
8900,10751.56,10210.83,0,0,0.0000
8901,10778.59,10265.80,2,8,4.0000
8902,10703.34,10416.19,3,4,0.0000
8903,10589.88,10137.29,NaN,NaN,NaN
8904,10850.18,10361.26,3,6,2.0000
8905,10829.89,10290.34,NaN,NaN,NaN
8906,10632.59,10192.60,3,5,0.0000
8907,10679.91,10196.81,0,0,0.0000
8908,10876.26,10486.31,0,0,0.0000
8909,10756.14,10378.66,0,0,0.0000
8910,10489.29,10140.34,0,0,0.0000
8911,10553.12,10129.29,NaN,NaN,NaN
8912,10800.84,10782.77,NaN,NaN,NaN
8913,10682.90,10264.71,NaN,NaN,NaN
8914,11024.62,10440.10,NaN,NaN,NaN
8915,11110.26,10217.78,2,6,3.0000
8916,11159.14,10533.72,NaN,NaN,NaN
8917,11066.21,10625.58,3,2,0.0000
8918,11001.58,10283.81,NaN,NaN,NaN
8919,11002.42,10188.25,NaN,NaN,NaN
8920,10966.02,10618.78,3,4,0.0000
8921,11161.86,10354.03,NaN,NaN,NaN
8922,11145.99,10427.05,NaN,NaN,NaN
8923,10924.86,10307.09,NaN,NaN,NaN
8924,11231.46,10497.89,0,0,0.0000
8925,11230.97,10352.27,NaN,NaN,NaN
8926,11196.29,10114.86,0,0,0.0000
8927,10899.78,10795.00,NaN,NaN,NaN
8928,10921.67,10117.75,NaN,NaN,NaN
8929,10890.03,10644.72,NaN,NaN,NaN
8930,11277.76,10564.32,NaN,NaN,NaN
8931,10934.72,10484.83,7,14,2.0000
8932,11268.74,10202.33,NaN,NaN,NaN
8933,10903.91,10689.75,NaN,NaN,NaN
8934,10980.91,10131.87,2,2,0.0000
8935,10993.58,10701.75,NaN,NaN,NaN
8936,11250.19,10270.50,NaN,NaN,NaN
8937,10947.03,10710.95,0,0,0.0000
8938,10965.62,10779.08,NaN,NaN,NaN
8939,11123.17,10601.05,0,0,0.0000
8940,11239.25,10425.57,NaN,NaN,NaN
8941,10899.14,10848.61,NaN,NaN,NaN
8942,10939.41,10858.09,NaN,NaN,NaN
8943,11191.49,10257.15,0,0,0.0000
8944,11013.44,10586.12,3,6,2.0000
8945,11017.73,10510.36,2,4,2.0000
8946,11019.76,10515.17,NaN,NaN,NaN
8947,11016.43,10513.90,0,0,0.0000
8948,11025.86,10513.83,0,0,0.0000
8949,11022.73,10514.64,0,0,0.0000
8950,12406.75,10828.15,NaN,NaN,NaN
8951,12308.91,10638.72,2,7,3.5000
8952,12377.28,10579.93,NaN,NaN,NaN
8953,12378.32,10499.42,3,3,0.0000
8954,12407.07,10704.44,NaN,NaN,NaN
8955,12369.05,10673.16,NaN,NaN,NaN
8956,12241.68,10618.73,0,0,0.0000
8957,12273.62,10762.44,0,0,0.0000
8958,12470.85,10421.81,NaN,NaN,NaN
8959,12532.76,10337.50,2,3,0.0000
8960,12642.85,10593.93,2,5,2.5000
8961,12591.43,10497.53,NaN,NaN,NaN
8962,12632.12,10316.74,4,7,0.0000
8963,12478.67,10581.68,NaN,NaN,NaN
8964,12445.38,10500.67,NaN,NaN,NaN
8965,12529.05,10551.01,NaN,NaN,NaN
8966,12664.09,10503.46,0,0,0.0000
8967,12552.71,10707.41,0,0,0.0000
8968,12549.79,10613.82,3,8,2.6667
8969,12581.37,10651.29,NaN,NaN,NaN
8970,12634.79,10269.34,0,0,0.0000
8971,12887.17,10751.02,NaN,NaN,NaN
8972,12461.57,10725.09,2,4,2.0000
8973,12621.69,10411.04,NaN,NaN,NaN
8974,12631.40,10371.33,NaN,NaN,NaN
8975,12467.84,10627.65,NaN,NaN,NaN
8976,12515.93,10663.43,NaN,NaN,NaN
8977,12546.04,10271.36,0,0,0.0000
8978,15433.45,10840.56,NaN,NaN,NaN
8979,15068.05,10593.47,0,0,0.0000
8980,15175.33,10649.59,NaN,NaN,NaN
8981,15026.42,10678.20,2,4,2.0000
8982,14884.79,10694.74,3,7,2.3333
8983,14942.16,10832.03,0,0,0.0000
8984,14806.68,10778.38,2,3,0.0000
8985,15336.15,10580.94,0,0,0.0000
8986,15328.58,10829.41,2,4,2.0000
8987,15111.13,10291.93,NaN,NaN,NaN
8988,14968.97,10261.79,0,0,0.0000
8989,15033.05,10376.58,2,2,0.0000
8990,14972.92,10383.50,0,0,0.0000
8991,15291.70,10768.85,NaN,NaN,NaN
8992,15092.20,10767.24,NaN,NaN,NaN
8993,14966.17,10669.46,2,4,2.0000
8994,15065.77,10512.15,2,5,2.5000
8995,15155.30,10748.11,NaN,NaN,NaN
8996,14939.50,10751.46,0,0,0.0000
8997,15233.24,10864.55,2,4,2.0000
8998,15099.24,10245.11,NaN,NaN,NaN
8999,15121.30,10620.94,0,0,0.0000
9000,15261.68,10689.69,NaN,NaN,NaN
9001,14917.33,10379.49,NaN,NaN,NaN
9002,15211.54,10793.56,0,0,0.0000
9003,15107.45,10459.10,NaN,NaN,NaN
9004,15149.55,10545.48,2,2,0.0000
9005,15308.25,10635.11,NaN,NaN,NaN
9006,15237.55,10738.96,NaN,NaN,NaN
9007,14891.58,10282.10,0,0,0.0000
9008,14868.81,10611.90,NaN,NaN,NaN
9009,15240.01,10618.98,0,0,0.0000
9010,15048.44,10250.32,0,0,0.0000
9011,14980.04,10575.83,3,5,0.0000
9012,14925.48,10587.07,2,3,0.0000
9013,15180.54,10355.23,NaN,NaN,NaN
9014,15115.67,10353.47,NaN,NaN,NaN
9015,14926.09,10231.76,3,2,0.0000
9016,15154.78,10798.43,NaN,NaN,NaN
9017,15111.69,10522.26,NaN,NaN,NaN
9018,14728.52,10850.25,NaN,NaN,NaN
9019,14955.06,10306.74,0,0,0.0000
9020,14766.50,10799.88,NaN,NaN,NaN
9021,16322.53,10501.94,NaN,NaN,NaN
9022,16277.93,10230.18,NaN,NaN,NaN
9023,16318.90,10316.28,0,0,0.0000
9024,568.33,11596.98,2,2,0.0000
9025,698.74,11006.16,4,5,0.0000
9026,420.04,10881.32,4,4,0.0000
9027,861.71,11529.25,3,4,0.0000
9028,339.50,11605.60,NaN,NaN,NaN
9029,764.47,11159.27,NaN,NaN,NaN
9030,488.22,11163.09,NaN,NaN,NaN
9031,686.83,11544.61,0,0,0.0000
9032,818.45,11283.55,2,2,0.0000
9033,493.01,11447.28,2,3,0.0000
9034,516.03,11300.93,NaN,NaN,NaN
9035,412.90,11539.64,NaN,NaN,NaN
9036,644.70,11092.61,0,0,0.0000
9037,752.24,11408.46,NaN,NaN,NaN
9038,256.54,10926.64,0,0,0.0000
9039,472.74,11379.28,0,0,0.0000
9040,615.35,11016.49,3,5,0.0000
9041,578.72,11269.37,4,9,2.2500
9042,557.56,11455.55,NaN,NaN,NaN
9043,424.71,11313.47,2,4,2.0000
9044,657.30,11196.57,NaN,NaN,NaN
9045,317.84,10988.90,0,0,0.0000
9046,794.49,11076.37,NaN,NaN,NaN
9047,708.50,11315.31,2,4,2.0000
9048,812.41,11393.23,NaN,NaN,NaN
9049,590.22,11376.89,NaN,NaN,NaN
9050,838.72,11169.14,2,4,2.0000
9051,841.28,11459.61,0,0,0.0000
9052,673.16,11396.81,NaN,NaN,NaN
9053,491.51,11071.93,0,0,0.0000
9054,588.41,11175.75,NaN,NaN,NaN
9055,420.52,11245.75,NaN,NaN,NaN
9056,655.71,11282.11,NaN,NaN,NaN
9057,586.90,10922.73,NaN,NaN,NaN
9058,607.77,11509.82,NaN,NaN,NaN
9059,513.88,11232.11,NaN,NaN,NaN
9060,704.43,10923.16,NaN,NaN,NaN
9061,728.85,11087.80,0,0,0.0000
9062,277.44,11513.61,NaN,NaN,NaN
9063,266.66,11585.74,0,0,0.0000
9064,632.93,11326.74,NaN,NaN,NaN
9065,680.23,11145.93,NaN,NaN,NaN
9066,410.35,11049.39,0,0,0.0000
9067,550.94,11057.97,0,0,0.0000
9068,39.31,11640.52,NaN,NaN,NaN
9069,462.77,11008.92,NaN,NaN,NaN
9070,761.77,11239.90,0,0,0.0000
9071,403.96,10993.10,0,0,0.0000
9072,685.75,11458.55,2,4,2.0000
9073,386.09,11108.78,NaN,NaN,NaN
9074,332.53,11514.30,NaN,NaN,NaN
9075,746.69,11502.48,NaN,NaN,NaN
9076,379.27,11187.73,NaN,NaN,NaN
9077,449.80,11478.76,NaN,NaN,NaN
9078,410.72,11465.53,3,6,2.0000
9079,444.06,11102.37,0,0,0.0000
9080,392.15,11410.80,NaN,NaN,NaN
9081,866.30,11405.98,NaN,NaN,NaN
9082,339.60,11407.43,3,6,2.0000
9083,759.52,11550.30,NaN,NaN,NaN
9084,476.45,10959.89,2,3,0.0000
9085,477.55,11577.51,NaN,NaN,NaN
9086,852.10,11110.41,NaN,NaN,NaN
9087,366.07,11476.60,NaN,NaN,NaN
9088,84.24,10936.61,NaN,NaN,NaN
9089,286.15,11630.18,NaN,NaN,NaN
9090,528.11,11515.22,2,2,0.0000
9091,562.84,11118.14,0,0,0.0000
9092,904.83,11629.47,0,0,0.0000
9093,927.36,11455.56,NaN,NaN,NaN
9094,2268.50,10985.89,0,0,0.0000
9095,1974.44,11043.50,NaN,NaN,NaN
9096,2244.07,11509.74,NaN,NaN,NaN
9097,2424.38,11613.24,2,2,0.0000
9098,2331.79,11532.82,0,0,0.0000
9099,2066.91,11345.41,3,6,2.0000
9100,2402.40,10967.84,NaN,NaN,NaN
9101,2357.35,11140.87,NaN,NaN,NaN
9102,2420.79,11469.52,NaN,NaN,NaN
9103,2259.02,11357.77,NaN,NaN,NaN
9104,2412.00,11078.43,2,2,0.0000
9105,2187.01,11386.21,NaN,NaN,NaN
9106,2329.08,11435.81,NaN,NaN,NaN
9107,2018.52,11125.54,NaN,NaN,NaN
9108,2028.80,10999.40,NaN,NaN,NaN
9109,2175.40,11128.25,NaN,NaN,NaN
9110,2397.57,11282.10,NaN,NaN,NaN
9111,2331.32,11647.84,NaN,NaN,NaN
9112,1973.19,10935.78,NaN,NaN,NaN
9113,2246.21,11606.68,NaN,NaN,NaN
9114,2166.12,11029.99,NaN,NaN,NaN
9115,2230.10,11173.58,2,4,2.0000
9116,2038.98,11196.23,4,5,0.0000
9117,1984.46,11231.44,0,0,0.0000
9118,1925.09,10964.35,3,8,2.6667
9119,2087.02,11036.08,NaN,NaN,NaN
9120,2251.19,11425.15,2,2,0.0000
9121,2296.42,11162.89,NaN,NaN,NaN
9122,2062.87,10961.60,NaN,NaN,NaN
9123,2198.82,11247.34,NaN,NaN,NaN
9124,2107.36,11074.94,NaN,NaN,NaN
9125,2280.11,11300.65,0,0,0.0000
9126,2140.85,11319.67,NaN,NaN,NaN
9127,2387.28,11374.86,NaN,NaN,NaN
9128,2124.65,11417.75,NaN,NaN,NaN
9129,2352.57,11329.07,NaN,NaN,NaN
9130,2200.91,11307.01,NaN,NaN,NaN
9131,2288.22,11245.08,NaN,NaN,NaN
9132,1909.22,10900.16,NaN,NaN,NaN
9133,2339.31,11206.88,NaN,NaN,NaN
9134,2191.16,11453.15,NaN,NaN,NaN
9135,1954.70,11151.54,NaN,NaN,NaN
9136,2216.81,11090.70,0,0,0.0000
9137,1959.25,10884.96,0,0,0.0000
9138,2122.02,11108.26,2,2,0.0000
9139,1935.06,11100.26,0,0,0.0000
9140,2080.82,11139.89,NaN,NaN,NaN
9141,2110.14,11236.72,2,4,2.0000
9142,2024.00,10904.34,2,3,0.0000
9143,2397.78,10892.21,0,0,0.0000
9144,2372.82,11625.02,0,0,0.0000
9145,2431.16,11143.10,3,3,0.0000
9146,2159.69,11189.74,0,0,0.0000
9147,2139.23,10953.05,NaN,NaN,NaN
9148,2149.74,11470.67,0,0,0.0000
9149,2125.97,11149.43,2,1,0.0000
9150,2347.63,11244.01,3,4,0.0000
9151,2561.20,11274.46,NaN,NaN,NaN
9152,2610.34,11437.48,NaN,NaN,NaN
9153,2837.35,11428.45,NaN,NaN,NaN
9154,2637.65,11173.64,0,0,0.0000
9155,2947.93,11575.23,2,2,0.0000
9156,2777.48,11552.20,NaN,NaN,NaN
9157,2754.91,11644.32,0,0,0.0000
9158,2519.74,11505.61,NaN,NaN,NaN
9159,3044.38,10940.13,0,0,0.0000
9160,2661.69,11367.45,NaN,NaN,NaN
9161,2459.05,11345.39,NaN,NaN,NaN
9162,2738.19,11457.95,NaN,NaN,NaN
9163,2462.62,11189.38,0,0,0.0000
9164,2574.91,11044.31,NaN,NaN,NaN
9165,2650.30,11524.53,NaN,NaN,NaN
9166,2564.62,11603.24,NaN,NaN,NaN
9167,2528.29,10945.33,NaN,NaN,NaN
9168,2504.40,11605.05,0,0,0.0000
9169,2915.67,10885.07,NaN,NaN,NaN
9170,2881.56,11537.92,NaN,NaN,NaN
9171,2502.71,11050.18,NaN,NaN,NaN
9172,2679.94,11607.80,NaN,NaN,NaN
9173,2696.07,11310.79,3,4,0.0000
9174,2745.03,11369.20,2,2,0.0000
9175,2465.62,11246.08,2,3,0.0000
9176,2963.36,10944.07,NaN,NaN,NaN
9177,3089.71,11002.71,2,2,0.0000
9178,2530.50,11109.61,NaN,NaN,NaN
9179,2596.89,10940.60,NaN,NaN,NaN
9180,2508.17,11427.26,0,0,0.0000
9181,2475.40,10987.76,0,0,0.0000
9182,2833.09,11622.45,0,0,0.0000
9183,2617.59,11001.50,0,0,0.0000
9184,3087.11,10921.81,NaN,NaN,NaN
9185,2654.70,11071.94,0,0,0.0000
9186,2771.12,11174.29,0,0,0.0000
9187,3625.54,11034.84,2,8,4.0000
9188,3470.47,11236.07,0,0,0.0000
9189,3504.10,11101.76,NaN,NaN,NaN
9190,3498.31,10981.90,NaN,NaN,NaN
9191,3357.34,10907.72,NaN,NaN,NaN
9192,3812.78,10974.03,NaN,NaN,NaN
9193,3424.49,10984.52,3,3,0.0000
9194,3323.07,10970.21,NaN,NaN,NaN
9195,3344.99,11131.34,3,5,0.0000
9196,3546.58,10888.92,NaN,NaN,NaN
9197,3385.33,11300.28,0,0,0.0000
9198,3556.96,11230.03,NaN,NaN,NaN
9199,3849.60,10894.81,NaN,NaN,NaN
9200,3463.09,10885.79,NaN,NaN,NaN
9201,3701.03,11082.60,NaN,NaN,NaN
9202,3685.03,10947.81,NaN,NaN,NaN
9203,3414.61,11078.37,NaN,NaN,NaN
9204,3357.69,11055.57,NaN,NaN,NaN
9205,3739.20,10911.82,NaN,NaN,NaN
9206,3577.54,10965.91,2,3,0.0000
9207,3275.05,11105.37,NaN,NaN,NaN
9208,3457.34,11347.84,NaN,NaN,NaN
9209,3622.22,11234.59,NaN,NaN,NaN
9210,3206.87,11070.61,NaN,NaN,NaN
9211,3606.81,11294.62,0,0,0.0000
9212,3575.95,11131.98,2,4,2.0000
9213,3580.29,11183.57,2,0,0.0000
9214,3278.31,11048.67,NaN,NaN,NaN
9215,3645.44,11269.98,NaN,NaN,NaN
9216,3567.35,11335.83,0,0,0.0000
9217,4421.06,11623.95,3,2,0.0000
9218,4546.10,11076.95,NaN,NaN,NaN
9219,4680.84,10880.14,NaN,NaN,NaN
9220,4606.46,10930.86,2,4,2.0000
9221,4506.92,10891.26,2,2,0.0000
9222,4593.20,11015.52,0,0,0.0000
9223,4670.65,10964.30,NaN,NaN,NaN
9224,4469.85,11101.33,0,0,0.0000
9225,4508.53,10994.43,2,4,2.0000
9226,4212.43,11639.72,NaN,NaN,NaN
9227,4382.23,10958.17,NaN,NaN,NaN
9228,4523.29,11588.77,NaN,NaN,NaN
9229,4648.21,11052.41,2,7,3.5000
9230,4460.34,11041.47,NaN,NaN,NaN
9231,4280.87,11558.95,2,3,0.0000
9232,4228.40,11533.73,0,0,0.0000
9233,4361.41,11568.11,0,0,0.0000
9234,4293.51,11613.57,0,0,0.0000
9235,4443.59,10939.03,NaN,NaN,NaN
9236,4389.26,10883.78,NaN,NaN,NaN
9237,4326.27,10942.21,0,0,0.0000
9238,4694.63,11024.78,NaN,NaN,NaN
9239,4430.18,11001.69,NaN,NaN,NaN
9240,4116.15,11637.11,0,0,0.0000
9241,4129.68,11531.16,0,0,0.0000
9242,4753.07,10907.49,2,3,0.0000
9243,4742.49,11000.37,0,0,0.0000
9244,4959.30,11511.94,0,0,0.0000
9245,6000.71,10904.14,0,0,0.0000
9246,6048.88,11071.01,0,0,0.0000
9247,6150.83,10943.87,3,6,2.0000
9248,5825.87,10956.67,2,5,2.5000
9249,6090.59,11029.06,NaN,NaN,NaN
9250,5991.61,11136.64,NaN,NaN,NaN
9251,5930.71,11107.97,3,2,0.0000
9252,5896.30,10988.27,3,4,0.0000
9253,5905.75,11043.51,NaN,NaN,NaN
9254,5965.64,11085.83,3,4,0.0000
9255,6002.19,11192.35,0,0,0.0000
9256,5607.06,10917.72,0,0,0.0000
9257,6224.85,11088.25,6,6,0.0000
9258,6120.76,11134.47,NaN,NaN,NaN
9259,6137.29,11039.66,0,0,0.0000
9260,5849.05,11030.89,2,2,0.0000
9261,5691.77,10944.72,2,3,0.0000
9262,6076.08,10954.85,NaN,NaN,NaN
9263,7001.98,11506.30,0,0,0.0000
9264,7014.44,11642.32,NaN,NaN,NaN
9265,7012.39,11320.03,0,0,0.0000
9266,6978.58,11396.72,NaN,NaN,NaN
9267,6935.17,11502.35,0,0,0.0000
9268,7031.55,11109.32,0,0,0.0000
9269,7065.68,10906.28,NaN,NaN,NaN
9270,7064.16,11018.27,0,0,0.0000
9271,7077.78,11074.01,NaN,NaN,NaN
9272,7567.23,11208.44,NaN,NaN,NaN
9273,7050.42,10965.49,0,0,0.0000
9274,7642.61,11482.60,NaN,NaN,NaN
9275,7802.34,11271.31,NaN,NaN,NaN
9276,7584.20,11266.25,NaN,NaN,NaN
9277,7664.71,11085.78,0,0,0.0000
9278,7794.43,11060.82,NaN,NaN,NaN
9279,7557.37,10894.11,0,0,0.0000
9280,7684.13,11002.23,0,0,0.0000
9281,7934.08,11187.96,2,3,0.0000
9282,7966.50,11336.76,2,2,0.0000
9283,7882.35,11313.94,NaN,NaN,NaN
9284,7923.89,11083.34,3,3,0.0000
9285,7953.23,11561.68,0,0,0.0000
9286,7973.73,11436.02,NaN,NaN,NaN
9287,7836.35,11105.70,0,0,0.0000
9288,8063.95,11156.38,0,0,0.0000
9289,7811.05,11424.57,3,15,5.0000
9290,7991.65,11246.60,NaN,NaN,NaN
9291,7825.12,11207.68,NaN,NaN,NaN
9292,7913.21,11435.16,2,4,2.0000
9293,7884.06,11497.24,NaN,NaN,NaN
9294,7859.34,11171.50,NaN,NaN,NaN
9295,8012.63,11523.51,NaN,NaN,NaN
9296,8007.18,11151.50,0,0,0.0000
9297,8028.31,11392.90,NaN,NaN,NaN
9298,7910.61,11578.19,NaN,NaN,NaN
9299,7846.87,11508.76,NaN,NaN,NaN
9300,7812.55,11309.84,0,0,0.0000
9301,8008.65,11595.13,NaN,NaN,NaN
9302,7866.75,11261.58,NaN,NaN,NaN
9303,7940.68,11012.49,0,0,0.0000
9304,8033.25,11291.48,2,4,2.0000
9305,8956.30,11110.19,NaN,NaN,NaN
9306,9031.92,11049.54,NaN,NaN,NaN
9307,8937.13,11353.11,NaN,NaN,NaN
9308,9161.92,11481.27,NaN,NaN,NaN
9309,9112.94,11409.12,NaN,NaN,NaN
9310,9257.41,11239.62,0,0,0.0000
9311,9056.38,10925.37,NaN,NaN,NaN
9312,9150.02,11050.04,0,0,0.0000
9313,8857.62,11206.21,NaN,NaN,NaN
9314,9289.44,11438.49,NaN,NaN,NaN
9315,9144.10,10898.46,NaN,NaN,NaN
9316,8894.16,11042.13,NaN,NaN,NaN
9317,9145.92,11297.11,NaN,NaN,NaN
9318,9269.17,11337.87,3,7,2.3333
9319,9294.23,11077.51,NaN,NaN,NaN
9320,8772.52,11098.73,2,3,0.0000
9321,9233.97,10986.85,NaN,NaN,NaN
9322,9030.05,11218.81,2,3,0.0000
9323,9332.34,11554.67,4,5,0.0000
9324,8927.30,11421.70,NaN,NaN,NaN
9325,9047.04,11140.75,NaN,NaN,NaN
9326,8951.95,10993.54,0,0,0.0000
9327,9002.37,11468.51,NaN,NaN,NaN
9328,9301.45,11006.10,NaN,NaN,NaN
9329,9262.09,11485.72,NaN,NaN,NaN
9330,8959.02,11230.10,0,0,0.0000
9331,9285.90,11622.79,0,0,0.0000
9332,9134.20,11546.90,2,4,2.0000
9333,8705.97,11060.13,NaN,NaN,NaN
9334,8839.60,11140.39,NaN,NaN,NaN
9335,8818.15,11272.63,4,4,0.0000
9336,8902.29,10948.06,NaN,NaN,NaN
9337,9283.65,11159.93,0,0,0.0000
9338,9343.13,11376.31,NaN,NaN,NaN
9339,9014.18,11395.77,NaN,NaN,NaN
9340,8983.33,11272.68,NaN,NaN,NaN
9341,8878.19,10887.75,2,4,2.0000
9342,9278.53,11572.14,NaN,NaN,NaN
9343,8847.11,10953.72,NaN,NaN,NaN
9344,9216.75,11172.05,0,0,0.0000
9345,8880.03,11390.04,NaN,NaN,NaN
9346,9092.81,11002.80,0,0,0.0000
9347,9182.59,11127.32,0,0,0.0000
9348,9031.86,11527.36,NaN,NaN,NaN
9349,8842.31,11080.13,0,0,0.0000
9350,8998.27,11426.22,0,0,0.0000
9351,9086.73,11303.74,NaN,NaN,NaN
9352,9188.70,11617.31,0,0,0.0000
9353,9205.27,11395.49,NaN,NaN,NaN
9354,9209.48,11542.36,NaN,NaN,NaN
9355,8904.34,11161.34,NaN,NaN,NaN
9356,8711.65,11004.42,NaN,NaN,NaN
9357,8808.49,10996.95,NaN,NaN,NaN
9358,9171.75,11212.58,0,0,0.0000
9359,9226.24,11646.99,NaN,NaN,NaN
9360,9128.54,10967.24,0,0,0.0000
9361,9066.41,11366.81,3,2,0.0000
9362,8991.89,10946.77,NaN,NaN,NaN
9363,9278.18,10945.50,NaN,NaN,NaN
9364,9223.97,11046.78,NaN,NaN,NaN
9365,9014.12,11329.14,NaN,NaN,NaN
9366,8952.74,10924.58,NaN,NaN,NaN
9367,9082.89,11188.51,NaN,NaN,NaN
9368,9250.89,11527.33,0,0,0.0000
9369,9222.27,11091.08,NaN,NaN,NaN
9370,9216.93,10932.19,NaN,NaN,NaN
9371,9138.46,11135.48,0,0,0.0000
9372,9111.85,11232.09,NaN,NaN,NaN
9373,9096.26,11552.29,NaN,NaN,NaN
9374,9333.90,11121.93,2,3,0.0000
9375,8825.94,11313.48,NaN,NaN,NaN
9376,8957.70,11192.95,NaN,NaN,NaN
9377,9050.32,11279.48,NaN,NaN,NaN
9378,9719.89,10901.73,NaN,NaN,NaN
9379,9541.67,11460.45,2,3,0.0000
9380,9672.51,11373.07,0,0,0.0000
9381,9617.56,11613.68,4,2,0.0000
9382,9498.63,11293.63,NaN,NaN,NaN
9383,9519.99,10989.00,0,0,0.0000
9384,9454.12,11127.99,2,1,0.0000
9385,9364.78,10942.24,NaN,NaN,NaN
9386,9538.16,11075.37,2,8,4.0000
9387,9604.97,10965.76,0,0,0.0000
9388,9430.38,10972.39,NaN,NaN,NaN
9389,9499.06,11647.52,NaN,NaN,NaN
9390,9363.65,11287.12,0,0,0.0000
9391,9365.59,11192.97,NaN,NaN,NaN
9392,9514.30,10894.69,0,0,0.0000
9393,9382.08,11468.41,0,0,0.0000
9394,10109.95,11576.48,NaN,NaN,NaN
9395,9814.95,10892.73,0,0,0.0000
9396,9447.84,11329.10,2,6,3.0000
9397,9390.33,11084.54,NaN,NaN,NaN
9398,9562.49,11208.62,NaN,NaN,NaN
9399,9678.97,11255.40,3,13,4.3333
9400,9765.72,11408.63,0,0,0.0000
9401,10034.91,11317.33,NaN,NaN,NaN
9402,9540.26,11578.36,NaN,NaN,NaN
9403,9656.01,11523.93,0,0,0.0000
9404,9600.50,11511.44,NaN,NaN,NaN
9405,9980.46,11319.82,0,0,0.0000
9406,9685.94,10991.18,0,0,0.0000
9407,9474.30,11383.87,2,2,0.0000
9408,9646.94,11069.73,2,11,5.5000
9409,9852.63,11024.94,NaN,NaN,NaN
9410,9964.73,11628.07,0,0,0.0000
9411,9713.71,11032.52,0,0,0.0000
9412,9514.69,11393.88,NaN,NaN,NaN
9413,10020.59,11576.44,2,2,0.0000
9414,9903.83,11025.75,NaN,NaN,NaN
9415,9478.44,11433.68,2,1,0.0000
9416,10068.44,11525.21,NaN,NaN,NaN
9417,9347.81,11509.61,2,3,0.0000
9418,10019.37,11608.72,3,2,0.0000
9419,11797.60,11615.54,NaN,NaN,NaN
9420,11853.29,11548.37,0,0,0.0000
9421,13984.89,11265.72,2,3,0.0000
9422,13961.58,11322.95,NaN,NaN,NaN
9423,15467.33,11425.98,0,0,0.0000
9424,15338.05,11065.68,NaN,NaN,NaN
9425,15048.49,10958.95,NaN,NaN,NaN
9426,15402.41,11010.08,NaN,NaN,NaN
9427,15476.54,11167.61,2,2,0.0000
9428,14849.55,10884.58,2,2,0.0000
9429,15359.28,11197.27,3,0,0.0000
9430,15416.20,11375.09,NaN,NaN,NaN
9431,15399.44,11552.93,NaN,NaN,NaN
9432,15399.76,11132.54,NaN,NaN,NaN
9433,15302.84,11646.16,3,3,0.0000
9434,15296.68,10938.70,NaN,NaN,NaN
9435,15286.25,10990.94,NaN,NaN,NaN
9436,14960.53,10987.68,0,0,0.0000
9437,14804.41,10906.83,0,0,0.0000
9438,15258.47,11186.77,NaN,NaN,NaN
9439,15382.60,11319.67,NaN,NaN,NaN
9440,15431.63,11270.87,5,11,2.2000
9441,14944.71,10917.59,0,0,0.0000
9442,15324.73,11156.96,NaN,NaN,NaN
9443,15262.57,11103.05,NaN,NaN,NaN
9444,15131.06,11338.87,2,2,0.0000
9445,15191.35,10969.33,0,0,0.0000
9446,15474.04,11528.55,NaN,NaN,NaN
9447,15400.52,11243.77,0,0,0.0000
9448,14887.57,10932.92,0,0,0.0000
9449,15262.98,11597.70,0,0,0.0000
9450,15469.47,11579.31,NaN,NaN,NaN
9451,15280.99,11137.01,NaN,NaN,NaN
9452,14758.50,10895.01,0,0,0.0000
9453,15483.70,11632.82,2,4,2.0000
9454,15211.11,11145.88,0,0,0.0000
9455,15331.37,11575.75,2,3,0.0000
9456,15256.61,11057.24,0,0,0.0000
9457,15285.93,11550.04,0,0,0.0000
9458,15414.66,11605.14,2,4,2.0000
9459,15450.37,11503.68,0,0,0.0000
9460,15214.62,11105.72,0,0,0.0000
9461,15567.58,11204.20,NaN,NaN,NaN
9462,15695.27,11419.95,NaN,NaN,NaN
9463,16025.20,11639.55,0,0,0.0000
9464,15789.69,11435.06,NaN,NaN,NaN
9465,15923.28,11544.55,NaN,NaN,NaN
9466,15551.35,11496.83,NaN,NaN,NaN
9467,15525.07,11575.87,2,3,0.0000
9468,15515.33,11276.40,NaN,NaN,NaN
9469,15610.93,11467.39,NaN,NaN,NaN
9470,15749.30,11315.42,NaN,NaN,NaN
9471,15848.12,11529.56,NaN,NaN,NaN
9472,15619.96,11539.03,2,3,0.0000
9473,15784.98,11630.31,NaN,NaN,NaN
9474,15907.53,11467.86,2,5,2.5000
9475,15632.39,11249.03,NaN,NaN,NaN
9476,15589.87,11630.04,2,3,0.0000
9477,15671.89,11588.54,NaN,NaN,NaN
9478,15678.50,11316.95,NaN,NaN,NaN
9479,15529.89,10990.95,0,0,0.0000
9480,15707.56,11528.69,NaN,NaN,NaN
9481,15788.99,11366.50,0,0,0.0000
9482,15763.99,11499.82,0,0,0.0000
9483,15982.35,11576.82,0,0,0.0000
9484,15745.94,11582.80,0,0,0.0000
9485,15678.45,11271.70,NaN,NaN,NaN
9486,15842.60,11476.92,0,0,0.0000
9487,15800.59,11563.29,NaN,NaN,NaN
9488,15829.71,11325.00,2,4,2.0000
9489,15691.44,11195.01,NaN,NaN,NaN
9490,15626.59,11641.13,0,0,0.0000
9491,15545.91,11309.45,2,4,2.0000
9492,15685.50,11636.05,NaN,NaN,NaN
9493,617.68,11748.78,NaN,NaN,NaN
9494,430.17,11673.05,0,0,0.0000
9495,769.81,11678.34,NaN,NaN,NaN
9496,664.54,12270.73,NaN,NaN,NaN
9497,462.95,11825.94,NaN,NaN,NaN
9498,550.75,11932.78,4,5,0.0000
9499,342.13,11714.93,NaN,NaN,NaN
9500,501.35,11728.18,NaN,NaN,NaN
9501,598.52,12031.19,NaN,NaN,NaN
9502,581.61,11804.74,NaN,NaN,NaN
9503,842.74,11664.68,2,3,0.0000
9504,727.59,12322.93,NaN,NaN,NaN
9505,80.00,11795.00,NaN,NaN,NaN
9506,710.52,12109.97,NaN,NaN,NaN
9507,315.95,11815.37,2,2,0.0000
9508,813.45,11818.45,0,0,0.0000
9509,478.01,11890.39,NaN,NaN,NaN
9510,473.08,12025.00,NaN,NaN,NaN
9511,635.23,11887.59,2,3,0.0000
9512,662.60,11970.81,2,2,0.0000
9513,626.73,12218.83,2,3,0.0000
9514,374.63,12023.98,NaN,NaN,NaN
9515,784.49,11932.66,NaN,NaN,NaN
9516,703.22,11912.92,2,2,0.0000
9517,447.53,12092.89,NaN,NaN,NaN
9518,819.65,11988.46,3,6,2.0000
9519,35.21,11772.21,2,2,0.0000
9520,814.81,12159.18,NaN,NaN,NaN
9521,807.48,12089.56,0,0,0.0000
9522,549.71,11855.72,NaN,NaN,NaN
9523,658.57,12051.15,NaN,NaN,NaN
9524,548.14,12138.82,NaN,NaN,NaN
9525,728.19,11755.82,NaN,NaN,NaN
9526,499.87,12094.62,3,4,0.0000
9527,754.57,11886.64,NaN,NaN,NaN
9528,786.01,12230.33,2,5,2.5000
9529,633.71,12167.78,NaN,NaN,NaN
9530,321.08,11965.59,2,2,0.0000
9531,871.56,11816.53,NaN,NaN,NaN
9532,351.51,11901.74,0,0,0.0000
9533,837.87,11746.07,NaN,NaN,NaN
9534,648.70,11682.15,4,4,0.0000
9535,385.21,11776.14,3,8,2.6667
9536,429.08,11991.43,NaN,NaN,NaN
9537,858.56,12021.51,NaN,NaN,NaN
9538,721.28,12012.44,0,0,0.0000
9539,844.77,11923.23,0,0,0.0000
9540,73.53,11710.89,2,5,2.5000
9541,376.35,11836.44,0,0,0.0000
9542,512.89,12208.41,NaN,NaN,NaN
9543,713.45,11842.95,0,0,0.0000
9544,802.94,12288.99,0,0,0.0000
9545,746.17,12223.03,NaN,NaN,NaN
9546,747.98,12163.69,2,3,0.0000
9547,297.06,11871.28,2,1,0.0000
9548,370.33,11971.38,NaN,NaN,NaN
9549,649.73,12361.02,0,0,0.0000
9550,269.36,11754.23,NaN,NaN,NaN
9551,890.39,11716.91,3,5,0.0000
9552,691.13,11722.80,2,4,2.0000
9553,510.73,11652.18,NaN,NaN,NaN
9554,279.00,11675.03,NaN,NaN,NaN
9555,763.35,12362.38,0,0,0.0000
9556,407.87,12084.28,2,2,0.0000
9557,841.86,12290.58,0,0,0.0000
9558,699.28,12174.61,3,4,0.0000
9559,610.03,12341.62,NaN,NaN,NaN
9560,444.70,12159.99,NaN,NaN,NaN
9561,639.76,12107.56,2,3,0.0000
9562,478.69,12222.46,NaN,NaN,NaN
9563,567.63,12190.44,NaN,NaN,NaN
9564,673.08,12086.98,NaN,NaN,NaN
9565,830.16,12226.96,NaN,NaN,NaN
9566,564.85,12228.46,NaN,NaN,NaN
9567,784.82,11775.04,0,0,0.0000
9568,590.91,12297.48,0,0,0.0000
9569,919.95,11794.54,5,6,0.0000
9570,975.37,11724.00,2,3,0.0000
9571,901.53,11876.71,NaN,NaN,NaN
9572,898.93,11943.45,NaN,NaN,NaN
9573,2412.31,11737.09,NaN,NaN,NaN
9574,2385.01,11881.74,NaN,NaN,NaN
9575,2360.04,11795.05,NaN,NaN,NaN
9576,2295.03,11677.42,4,6,0.0000
9577,2431.75,11850.24,NaN,NaN,NaN
9578,2427.05,12014.70,NaN,NaN,NaN
9579,2391.29,11985.97,NaN,NaN,NaN
9580,2324.06,11752.36,3,5,0.0000
9581,2802.43,12080.16,2,3,0.0000
9582,2654.52,11851.62,4,2,0.0000
9583,3001.95,11962.89,NaN,NaN,NaN
9584,2781.71,11767.11,0,0,0.0000
9585,2876.13,12329.69,2,3,0.0000
9586,2547.81,11986.61,NaN,NaN,NaN
9587,2947.75,11818.65,2,2,0.0000
9588,2972.86,12244.93,NaN,NaN,NaN
9589,3192.76,12158.73,NaN,NaN,NaN
9590,2544.15,12212.79,0,0,0.0000
9591,2542.00,11751.15,NaN,NaN,NaN
9592,2702.01,12209.33,NaN,NaN,NaN
9593,2448.23,11928.13,4,7,0.0000
9594,3134.54,12371.66,NaN,NaN,NaN
9595,2891.61,12011.23,2,3,0.0000
9596,2774.55,12352.64,NaN,NaN,NaN
9597,3097.65,12119.49,3,7,2.3333
9598,3118.20,12020.02,0,0,0.0000
9599,2474.35,11806.44,NaN,NaN,NaN
9600,3149.82,12276.09,NaN,NaN,NaN
9601,2661.04,12038.93,0,0,0.0000
9602,2836.02,12236.84,4,3,0.0000
9603,3032.57,12154.19,NaN,NaN,NaN
9604,2594.71,12296.76,NaN,NaN,NaN
9605,2530.57,12075.89,0,0,0.0000
9606,2666.44,11750.13,0,0,0.0000
9607,2908.76,11705.51,NaN,NaN,NaN
9608,2645.56,12271.66,0,0,0.0000
9609,3175.13,12021.95,NaN,NaN,NaN
9610,3027.82,11852.41,NaN,NaN,NaN
9611,3071.09,11786.74,0,0,0.0000
9612,3043.39,12324.02,0,0,0.0000
9613,2532.43,11883.70,3,5,0.0000
9614,2945.30,12098.68,0,0,0.0000
9615,2471.01,12049.32,0,0,0.0000
9616,2787.35,12275.26,2,2,0.0000
9617,3155.70,11784.71,NaN,NaN,NaN
9618,2905.95,11915.94,3,3,0.0000
9619,3095.64,12206.65,NaN,NaN,NaN
9620,2622.67,11667.52,2,4,2.0000
9621,2981.73,12149.68,2,3,0.0000
9622,2974.15,12311.13,2,1,0.0000
9623,2892.28,12228.89,0,0,0.0000
9624,2635.30,12117.50,0,0,0.0000
9625,2878.64,11801.14,NaN,NaN,NaN
9626,3003.31,12400.13,0,0,0.0000
9627,3056.98,12248.30,NaN,NaN,NaN
9628,2960.69,12357.36,NaN,NaN,NaN
9629,2505.61,11692.71,NaN,NaN,NaN
9630,2572.87,12151.07,NaN,NaN,NaN
9631,3089.41,11862.61,NaN,NaN,NaN
9632,2937.08,12411.74,0,0,0.0000
9633,2932.19,12192.85,NaN,NaN,NaN
9634,2778.29,12208.22,NaN,NaN,NaN
9635,3126.31,11827.73,0,0,0.0000
9636,3137.94,12165.91,NaN,NaN,NaN
9637,3024.87,12081.03,NaN,NaN,NaN
9638,3031.43,12036.19,2,1,0.0000
9639,2594.86,11919.05,NaN,NaN,NaN
9640,2865.75,12171.93,0,0,0.0000
9641,3143.67,11885.30,NaN,NaN,NaN
9642,2868.09,11765.45,0,0,0.0000
9643,3090.22,11721.15,0,0,0.0000
9644,3149.76,11941.79,NaN,NaN,NaN
9645,2688.47,12123.09,0,0,0.0000
9646,3176.35,12089.27,NaN,NaN,NaN
9647,3097.14,11925.44,0,0,0.0000
9648,2823.74,11678.28,0,0,0.0000
9649,2476.81,11992.07,NaN,NaN,NaN
9650,2753.31,11907.89,0,0,0.0000
9651,2631.83,12376.85,2,3,0.0000
9652,3050.65,12374.68,NaN,NaN,NaN
9653,2963.32,11672.34,0,0,0.0000
9654,2601.20,11779.60,NaN,NaN,NaN
9655,2653.58,12208.60,0,0,0.0000
9656,2805.85,11936.48,0,0,0.0000
9657,2855.21,11844.70,2,2,0.0000
9658,3007.03,11784.15,NaN,NaN,NaN
9659,2439.41,12081.56,0,0,0.0000
9660,2473.30,12109.30,0,0,0.0000
9661,2608.34,12173.31,NaN,NaN,NaN
9662,2633.06,11920.92,0,0,0.0000
9663,3519.59,12353.04,NaN,NaN,NaN
9664,3410.47,12227.28,NaN,NaN,NaN
9665,3343.71,12153.15,NaN,NaN,NaN
9666,3424.86,11954.27,3,2,0.0000
9667,3245.70,12055.57,3,4,0.0000
9668,3295.69,12398.56,NaN,NaN,NaN
9669,3287.67,11961.13,NaN,NaN,NaN
9670,3200.53,12373.10,0,0,0.0000
9671,3476.67,12280.96,NaN,NaN,NaN
9672,3836.05,12251.29,0,0,0.0000
9673,3328.78,12252.54,3,7,2.3333
9674,3636.69,12347.23,NaN,NaN,NaN
9675,3619.24,12146.72,NaN,NaN,NaN
9676,3553.08,12111.70,2,3,0.0000
9677,3363.11,12302.36,4,8,2.0000
9678,3204.31,11923.53,NaN,NaN,NaN
9679,3594.29,12230.86,NaN,NaN,NaN
9680,3212.35,12246.87,NaN,NaN,NaN
9681,3433.40,12131.33,NaN,NaN,NaN
9682,3651.29,12082.91,2,2,0.0000
9683,3365.09,11958.27,2,5,2.5000
9684,3892.02,12319.56,NaN,NaN,NaN
9685,3704.19,12365.33,0,0,0.0000
9686,3394.19,12342.52,NaN,NaN,NaN
9687,3633.12,12274.24,NaN,NaN,NaN
9688,3692.59,12267.74,NaN,NaN,NaN
9689,3373.21,12050.36,4,5,0.0000
9690,3259.23,12196.26,NaN,NaN,NaN
9691,3913.49,12204.50,NaN,NaN,NaN
9692,3780.10,12165.37,NaN,NaN,NaN
9693,3785.75,12268.12,NaN,NaN,NaN
9694,3491.65,12082.11,NaN,NaN,NaN
9695,3727.46,12123.72,0,0,0.0000
9696,3302.47,12080.91,2,5,2.5000
9697,3507.47,12177.04,0,0,0.0000
9698,3949.41,11924.33,NaN,NaN,NaN
9699,3962.90,12396.24,0,0,0.0000
9700,3731.95,12227.41,0,0,0.0000
9701,3563.37,12289.18,4,10,2.5000
9702,3368.09,12387.86,0,0,0.0000
9703,3753.51,12069.66,0,0,0.0000
9704,3754.84,12368.24,0,0,0.0000
9705,3813.22,12356.48,0,0,0.0000
9706,3478.20,12017.39,0,0,0.0000
9707,3570.54,12177.80,3,4,0.0000
9708,3211.24,11833.52,0,0,0.0000
9709,3919.22,11832.83,NaN,NaN,NaN
9710,3279.52,12307.92,NaN,NaN,NaN
9711,3586.83,12057.84,0,0,0.0000
9712,3949.23,12332.67,0,0,0.0000
9713,3443.68,12048.67,NaN,NaN,NaN
9714,3947.92,12283.54,0,0,0.0000
9715,3538.59,12003.11,0,0,0.0000
9716,3531.13,12051.96,NaN,NaN,NaN
9717,3652.19,12212.39,NaN,NaN,NaN
9718,3686.06,12183.05,NaN,NaN,NaN
9719,3421.76,12076.43,2,4,2.0000
9720,3894.18,12259.59,NaN,NaN,NaN
9721,3242.64,12327.97,2,4,2.0000
9722,3331.12,12011.79,0,0,0.0000
9723,3205.10,11987.56,0,0,0.0000
9724,4361.86,11938.78,NaN,NaN,NaN
9725,4331.19,11722.48,NaN,NaN,NaN
9726,4397.51,12213.78,NaN,NaN,NaN
9727,4196.70,12301.33,NaN,NaN,NaN
9728,4516.51,12185.20,NaN,NaN,NaN
9729,4726.16,12048.26,NaN,NaN,NaN
9730,4533.02,11884.74,NaN,NaN,NaN
9731,4421.34,11869.31,2,3,0.0000
9732,4054.23,11655.16,NaN,NaN,NaN
9733,4128.20,11886.25,NaN,NaN,NaN
9734,4019.95,12008.91,0,0,0.0000
9735,4588.42,11816.90,NaN,NaN,NaN
9736,4514.33,11752.97,2,4,2.0000
9737,4624.27,12372.68,2,2,0.0000
9738,4287.83,12139.33,NaN,NaN,NaN
9739,4154.25,12102.98,0,0,0.0000
9740,4155.41,11722.85,0,0,0.0000
9741,4617.85,11879.36,NaN,NaN,NaN
9742,4022.94,11930.60,0,0,0.0000
9743,4001.30,11761.95,NaN,NaN,NaN
9744,4200.27,12195.68,NaN,NaN,NaN
9745,4605.16,12287.40,NaN,NaN,NaN
9746,4207.84,11772.15,NaN,NaN,NaN
9747,4366.48,12050.81,NaN,NaN,NaN
9748,4494.49,11668.45,2,3,0.0000
9749,4074.00,11735.57,NaN,NaN,NaN
9750,4594.66,11724.62,NaN,NaN,NaN
9751,3989.19,12078.76,2,2,0.0000
9752,4550.01,11975.65,NaN,NaN,NaN
9753,4718.56,12393.32,3,3,0.0000
9754,4120.41,11802.09,NaN,NaN,NaN
9755,4444.97,11742.25,NaN,NaN,NaN
9756,3970.61,12215.80,0,0,0.0000
9757,4543.00,12311.03,NaN,NaN,NaN
9758,4095.28,12361.33,3,2,0.0000
9759,4105.90,11976.05,0,0,0.0000
9760,4671.17,12145.32,NaN,NaN,NaN
9761,4655.24,12218.14,0,0,0.0000
9762,4677.35,12289.85,NaN,NaN,NaN
9763,4433.63,12135.75,NaN,NaN,NaN
9764,4013.87,12328.26,0,0,0.0000
9765,4506.71,12367.12,0,0,0.0000
9766,4031.87,11833.86,NaN,NaN,NaN
9767,4200.09,11912.76,0,0,0.0000
9768,4602.21,12220.27,NaN,NaN,NaN
9769,4561.75,11658.20,2,5,2.5000
9770,4462.84,11919.56,0,0,0.0000
9771,4290.49,12028.70,NaN,NaN,NaN
9772,4615.38,11959.37,3,4,0.0000
9773,4184.06,12058.99,NaN,NaN,NaN
9774,4242.22,11693.13,0,0,0.0000
9775,4196.34,12000.30,NaN,NaN,NaN
9776,4720.45,12166.00,NaN,NaN,NaN
9777,4373.34,11802.13,2,5,2.5000
9778,4414.95,12341.14,0,0,0.0000
9779,4443.39,12303.13,NaN,NaN,NaN
9780,3979.97,11883.43,3,7,2.3333
9781,4578.39,12167.73,NaN,NaN,NaN
9782,4245.09,11889.52,NaN,NaN,NaN
9783,4265.02,12392.80,NaN,NaN,NaN
9784,4655.60,11779.85,NaN,NaN,NaN
9785,4298.21,12335.39,2,0,0.0000
9786,4281.62,11873.78,2,6,3.0000
9787,4272.99,11947.01,NaN,NaN,NaN
9788,4074.78,11889.10,0,0,0.0000
9789,4480.79,12241.06,4,4,0.0000
9790,4292.77,12213.12,0,0,0.0000
9791,4485.66,11986.56,0,0,0.0000
9792,4366.02,12347.37,0,0,0.0000
9793,4223.72,12125.20,NaN,NaN,NaN
9794,3970.16,11829.02,0,0,0.0000
9795,4629.96,12158.29,3,3,0.0000
9796,4480.37,12304.41,0,0,0.0000
9797,4460.59,12381.06,NaN,NaN,NaN
9798,4240.52,12060.01,0,0,0.0000
9799,5169.70,12082.71,0,0,0.0000
9800,5080.11,12243.00,0,0,0.0000
9801,5374.62,12197.97,NaN,NaN,NaN
9802,5256.64,12105.44,NaN,NaN,NaN
9803,5011.69,12068.93,NaN,NaN,NaN
9804,4791.30,12303.56,NaN,NaN,NaN
9805,5429.62,12069.90,3,4,0.0000
9806,4946.78,12142.05,NaN,NaN,NaN
9807,5016.75,11962.93,NaN,NaN,NaN
9808,5257.59,12298.13,0,0,0.0000
9809,4786.11,11958.26,2,2,0.0000
9810,4869.23,12174.34,NaN,NaN,NaN
9811,5025.71,11820.28,NaN,NaN,NaN
9812,5279.93,12209.64,NaN,NaN,NaN
9813,5187.78,11846.94,NaN,NaN,NaN
9814,5346.21,12089.15,0,0,0.0000
9815,4746.59,12236.90,0,0,0.0000
9816,5337.16,12390.18,NaN,NaN,NaN
9817,5171.00,12211.12,NaN,NaN,NaN
9818,5467.53,12347.10,NaN,NaN,NaN
9819,4910.84,11883.15,NaN,NaN,NaN
9820,4806.38,12134.43,NaN,NaN,NaN
9821,4848.09,12238.19,3,6,2.0000
9822,5102.00,12025.93,NaN,NaN,NaN
9823,5181.28,12296.27,NaN,NaN,NaN
9824,4918.37,11967.16,2,4,2.0000
9825,5084.63,11893.63,NaN,NaN,NaN
9826,4905.26,12038.14,NaN,NaN,NaN
9827,4840.02,12378.84,NaN,NaN,NaN
9828,5161.37,11967.07,NaN,NaN,NaN
9829,5410.37,12399.78,0,0,0.0000
9830,5410.96,12327.67,2,6,3.0000
9831,4794.56,12199.23,NaN,NaN,NaN
9832,5134.68,12367.70,2,9,4.5000
9833,4938.59,11840.05,NaN,NaN,NaN
9834,4999.18,12317.81,2,4,2.0000
9835,5231.26,12370.15,NaN,NaN,NaN
9836,4833.07,11886.61,0,0,0.0000
9837,4835.68,12056.18,NaN,NaN,NaN
9838,5060.04,12157.81,0,0,0.0000
9839,4925.81,12267.28,0,0,0.0000
9840,5249.65,11928.51,0,0,0.0000
9841,4860.56,12302.45,NaN,NaN,NaN
9842,4960.89,11939.74,0,0,0.0000
9843,5120.01,11817.33,NaN,NaN,NaN
9844,4802.33,12014.45,NaN,NaN,NaN
9845,4883.70,12084.74,0,0,0.0000
9846,5317.01,12008.44,0,0,0.0000
9847,5279.71,11980.75,0,0,0.0000
9848,4878.27,12410.60,0,0,0.0000
9849,4919.41,12223.83,0,0,0.0000
9850,4996.68,12200.30,0,0,0.0000
9851,5078.58,12338.15,NaN,NaN,NaN
9852,6453.57,12148.11,4,3,0.0000
9853,6361.94,11902.38,0,0,0.0000
9854,6537.15,12287.70,NaN,NaN,NaN
9855,6481.19,12251.87,NaN,NaN,NaN
9856,6620.59,12409.25,NaN,NaN,NaN
9857,6535.20,12167.57,NaN,NaN,NaN
9858,6313.13,11885.61,NaN,NaN,NaN
9859,6908.40,12142.36,NaN,NaN,NaN
9860,6517.91,12358.42,NaN,NaN,NaN
9861,6577.25,12377.24,NaN,NaN,NaN
9862,6983.10,12035.52,NaN,NaN,NaN
9863,6529.96,12413.76,NaN,NaN,NaN
9864,6959.98,12139.50,0,0,0.0000
9865,6988.12,11964.72,2,2,0.0000
9866,6921.88,12077.41,NaN,NaN,NaN
9867,7029.95,12098.21,0,0,0.0000
9868,7315.88,12258.95,2,2,0.0000
9869,7240.80,12070.05,NaN,NaN,NaN
9870,7379.12,12267.67,0,0,0.0000
9871,7405.62,12360.59,3,3,0.0000
9872,7300.98,12044.02,NaN,NaN,NaN
9873,7274.45,12207.30,0,0,0.0000
9874,7041.73,12356.11,NaN,NaN,NaN
9875,7329.38,12116.38,NaN,NaN,NaN
9876,7371.83,12398.00,0,0,0.0000
9877,8000.36,12263.97,0,0,0.0000
9878,7968.12,12164.25,0,0,0.0000
9879,8049.49,12215.14,NaN,NaN,NaN
9880,7997.13,12333.98,NaN,NaN,NaN
9881,8027.10,12349.14,NaN,NaN,NaN
9882,8175.46,11831.78,NaN,NaN,NaN
9883,9221.08,12230.68,NaN,NaN,NaN
9884,9337.57,12367.17,NaN,NaN,NaN
9885,9139.95,11665.20,0,0,0.0000
9886,9211.25,12395.13,NaN,NaN,NaN
9887,9149.92,12412.17,NaN,NaN,NaN
9888,9251.38,12308.59,NaN,NaN,NaN
9889,9142.45,12295.64,NaN,NaN,NaN
9890,9156.64,12346.67,0,0,0.0000
9891,9310.27,11728.84,3,5,0.0000
9892,9240.10,12360.10,NaN,NaN,NaN
9893,9292.60,12236.87,0,0,0.0000
9894,9111.35,12328.38,NaN,NaN,NaN
9895,9268.64,11720.97,2,2,0.0000
9896,9771.16,11893.35,2,3,0.0000
9897,9497.13,11810.44,0,0,0.0000
9898,9681.98,11788.53,3,7,2.3333
9899,9597.38,11840.77,NaN,NaN,NaN
9900,10086.63,11816.05,2,1,0.0000
9901,9512.58,11722.19,NaN,NaN,NaN
9902,9749.22,11967.74,0,0,0.0000
9903,9587.35,11747.07,NaN,NaN,NaN
9904,9491.52,12307.09,0,0,0.0000
9905,9621.75,11677.09,0,0,0.0000
9906,10053.67,11689.74,NaN,NaN,NaN
9907,9731.26,11844.32,0,0,0.0000
9908,9418.84,12397.17,0,0,0.0000
9909,9469.28,12350.90,NaN,NaN,NaN
9910,10039.38,11857.31,2,6,3.0000
9911,9555.96,11796.98,NaN,NaN,NaN
9912,9562.91,11879.85,0,0,0.0000
9913,9830.56,11855.80,NaN,NaN,NaN
9914,9577.79,11676.05,0,0,0.0000
9915,9931.58,11805.35,2,2,0.0000
9916,9624.30,11888.73,NaN,NaN,NaN
9917,9635.65,11728.45,0,0,0.0000
9918,9884.96,11667.10,0,0,0.0000
9919,9361.50,11739.25,0,0,0.0000
9920,10075.33,11756.13,0,0,0.0000
9921,10029.32,11802.66,0,0,0.0000
9922,9445.08,11715.93,NaN,NaN,NaN
9923,9424.12,11753.17,NaN,NaN,NaN
9924,9903.48,11840.43,NaN,NaN,NaN
9925,10092.51,11874.41,NaN,NaN,NaN
9926,9699.92,11884.02,3,9,3.0000
9927,9767.82,11836.41,NaN,NaN,NaN
9928,10133.98,11870.57,4,4,0.0000
9929,10116.11,11782.91,NaN,NaN,NaN
9930,12267.21,12371.10,NaN,NaN,NaN
9931,12062.74,12351.71,NaN,NaN,NaN
9932,12304.73,12209.56,0,0,0.0000
9933,12397.62,12195.53,2,4,2.0000
9934,12361.38,12292.06,NaN,NaN,NaN
9935,11994.12,12407.74,0,0,0.0000
9936,12383.52,12255.19,0,0,0.0000
9937,12221.30,12315.36,NaN,NaN,NaN
9938,12106.97,12396.38,NaN,NaN,NaN
9939,12652.87,12360.81,2,5,2.5000
9940,12853.50,12291.19,0,0,0.0000
9941,12862.44,12124.04,0,0,0.0000
9942,12605.46,12076.22,NaN,NaN,NaN
9943,12988.51,12329.42,NaN,NaN,NaN
9944,12417.48,12358.84,0,0,0.0000
9945,12922.81,12363.45,2,4,2.0000
9946,12965.01,12075.33,NaN,NaN,NaN
9947,13046.92,12385.70,NaN,NaN,NaN
9948,13097.62,12278.51,NaN,NaN,NaN
9949,12640.86,12188.18,0,0,0.0000
9950,12835.91,12383.27,2,4,2.0000
9951,13124.92,12376.42,2,4,2.0000
9952,12970.75,12238.14,NaN,NaN,NaN
9953,12558.33,12185.58,NaN,NaN,NaN
9954,12565.19,12377.00,NaN,NaN,NaN
9955,12747.06,12214.62,0,0,0.0000
9956,12862.28,12222.92,2,5,2.5000
9957,12562.49,12272.70,NaN,NaN,NaN
9958,12524.08,12304.68,NaN,NaN,NaN
9959,13117.95,12204.97,0,0,0.0000
9960,12832.60,12187.41,NaN,NaN,NaN
9961,12601.20,12247.66,NaN,NaN,NaN
9962,12966.08,12172.45,0,0,0.0000
9963,12779.03,12332.19,0,0,0.0000
9964,12993.53,12196.08,3,7,2.3333
9965,12530.45,12412.77,NaN,NaN,NaN
9966,12773.41,12264.77,3,3,0.0000
9967,13052.59,12216.07,2,0,0.0000
9968,12980.64,12135.70,0,0,0.0000
9969,13103.87,12234.74,NaN,NaN,NaN
9970,12653.61,12078.50,NaN,NaN,NaN
9971,12674.47,12111.48,NaN,NaN,NaN
9972,12481.12,12288.17,NaN,NaN,NaN
9973,12657.85,12262.68,0,0,0.0000
9974,13184.87,12256.60,NaN,NaN,NaN
9975,13354.96,12401.31,0,0,0.0000
9976,13238.72,12255.30,0,0,0.0000
9977,14251.99,11832.80,0,0,0.0000
9978,14672.18,12103.00,0,0,0.0000
9979,14643.62,12061.75,0,0,0.0000
9980,14679.49,12167.11,0,0,0.0000
9981,14208.71,11702.98,3,4,0.0000
9982,14222.14,11743.18,NaN,NaN,NaN
9983,14189.70,11750.95,0,0,0.0000
9984,15468.79,12330.96,NaN,NaN,NaN
9985,15365.21,12300.23,0,0,0.0000
9986,15349.06,11804.21,NaN,NaN,NaN
9987,15481.82,12030.61,NaN,NaN,NaN
9988,15454.90,11669.19,2,2,0.0000
9989,15424.84,11726.65,NaN,NaN,NaN
9990,15357.34,11749.92,0,0,0.0000
9991,15421.52,11893.95,NaN,NaN,NaN
9992,15384.60,11935.49,NaN,NaN,NaN
9993,15365.10,12055.71,0,0,0.0000
9994,15358.43,11676.02,NaN,NaN,NaN
9995,15385.90,12229.38,0,0,0.0000
9996,15321.21,12017.53,0,0,0.0000
9997,15478.58,12401.19,NaN,NaN,NaN
9998,15444.59,12255.67,0,0,0.0000
9999,15264.31,12080.73,0,0,0.0000
10000,15422.55,12107.23,0,0,0.0000
10001,15388.25,12370.90,0,0,0.0000
10002,15470.72,11789.95,2,1,0.0000
10003,15363.92,12164.41,0,0,0.0000
10004,15344.02,11971.71,0,0,0.0000
10005,15300.38,11861.66,0,0,0.0000
10006,15444.19,11988.44,3,4,0.0000
10007,15329.92,12134.66,0,0,0.0000
10008,15293.85,11696.05,NaN,NaN,NaN
10009,15238.44,11664.96,0,0,0.0000
10010,15259.58,11812.01,0,0,0.0000
10011,15378.06,11859.95,NaN,NaN,NaN
10012,15487.23,11852.01,NaN,NaN,NaN
10013,15408.08,12078.50,0,0,0.0000
10014,15993.29,12405.58,0,0,0.0000
10015,15956.06,12116.46,2,5,2.5000
10016,16240.39,11939.23,NaN,NaN,NaN
10017,16001.34,11848.36,NaN,NaN,NaN
10018,16181.94,12073.48,2,7,3.5000
10019,15552.38,12248.15,NaN,NaN,NaN
10020,15916.08,11901.47,0,0,0.0000
10021,16216.82,12221.94,NaN,NaN,NaN
10022,15496.56,12157.73,3,6,2.0000
10023,15827.51,12113.32,NaN,NaN,NaN
10024,16318.68,12383.70,2,3,0.0000
10025,15702.58,12235.87,2,3,0.0000
10026,16095.30,12235.63,0,0,0.0000
10027,15591.38,11965.29,NaN,NaN,NaN
10028,15988.19,11990.40,0,0,0.0000
10029,15602.80,12383.08,NaN,NaN,NaN
10030,16038.30,12292.01,NaN,NaN,NaN
10031,15600.60,12131.94,0,0,0.0000
10032,15704.99,12126.12,0,0,0.0000
10033,15512.79,11921.98,2,6,3.0000
10034,15575.02,12325.46,0,0,0.0000
10035,16256.91,12317.75,NaN,NaN,NaN
10036,15782.48,12185.95,NaN,NaN,NaN
10037,16061.41,12057.30,NaN,NaN,NaN
10038,16108.88,12160.31,NaN,NaN,NaN
10039,16169.54,12339.80,NaN,NaN,NaN
10040,15665.52,11828.51,NaN,NaN,NaN
10041,15810.73,11982.64,0,0,0.0000
10042,15650.98,11936.55,NaN,NaN,NaN
10043,15876.79,12024.93,0,0,0.0000
10044,16039.50,12108.86,NaN,NaN,NaN
10045,15884.10,11726.16,NaN,NaN,NaN
10046,15854.80,12194.14,NaN,NaN,NaN
10047,15657.77,12339.70,NaN,NaN,NaN
10048,16070.26,12349.71,NaN,NaN,NaN
10049,15549.92,11719.54,2,1,0.0000
10050,16163.05,11896.78,0,0,0.0000
10051,15881.09,12276.28,NaN,NaN,NaN
10052,15764.41,12051.50,NaN,NaN,NaN
10053,15980.24,12231.49,NaN,NaN,NaN
10054,15981.00,11755.72,NaN,NaN,NaN
10055,16234.96,12415.01,NaN,NaN,NaN
10056,15944.23,11674.83,NaN,NaN,NaN
10057,16288.50,11872.99,0,0,0.0000
10058,16323.01,11927.48,0,0,0.0000
10059,16234.85,12130.81,0,0,0.0000
10060,15719.66,12016.69,0,0,0.0000
10061,15585.98,11833.95,NaN,NaN,NaN
10062,16138.51,12394.03,3,6,2.0000
10063,15870.01,11770.41,NaN,NaN,NaN
10064,16023.36,11711.95,NaN,NaN,NaN
10065,15664.47,12010.90,NaN,NaN,NaN
10066,15787.32,11886.88,NaN,NaN,NaN
10067,16076.95,11912.35,0,0,0.0000
10068,15976.18,12294.94,NaN,NaN,NaN
10069,15705.29,12298.79,0,0,0.0000
10070,15642.78,11747.90,NaN,NaN,NaN
10071,16164.36,11989.33,NaN,NaN,NaN
10072,16339.97,12064.31,NaN,NaN,NaN
10073,15729.24,11862.95,0,0,0.0000
10074,16269.72,12071.32,NaN,NaN,NaN
10075,15911.09,11980.35,0,0,0.0000
10076,16295.02,12108.37,NaN,NaN,NaN
10077,15891.37,12361.52,0,0,0.0000
10078,15882.18,11663.19,0,0,0.0000
10079,15786.19,11758.10,0,0,0.0000
10080,16205.86,11828.35,NaN,NaN,NaN
10081,16203.27,12301.27,NaN,NaN,NaN
10082,16042.08,11692.29,2,4,2.0000
10083,15921.58,11787.74,2,3,0.0000
10084,15613.66,11873.27,NaN,NaN,NaN
10085,15720.04,11781.49,0,0,0.0000
10086,15669.05,11884.13,2,0,0.0000
10087,15751.55,11808.37,NaN,NaN,NaN
10088,15704.51,11717.37,NaN,NaN,NaN
10089,15492.08,12221.49,0,0,0.0000
10090,16119.41,11937.60,NaN,NaN,NaN
10091,15769.12,11838.57,NaN,NaN,NaN
10092,15891.59,12413.17,0,0,0.0000
10093,15748.89,11990.84,0,0,0.0000
10094,15649.31,11707.92,NaN,NaN,NaN
10095,15814.91,11730.02,0,0,0.0000
10096,15875.79,11823.07,0,0,0.0000
10097,15762.40,11712.26,NaN,NaN,NaN
10098,74.82,13008.70,NaN,NaN,NaN
10099,301.51,12736.53,2,5,2.5000
10100,485.64,13167.44,0,0,0.0000
10101,240.41,12755.54,3,2,0.0000
10102,114.74,12826.84,NaN,NaN,NaN
10103,521.85,12943.75,NaN,NaN,NaN
10104,304.98,13183.76,NaN,NaN,NaN
10105,181.76,12794.74,2,2,0.0000
10106,215.27,12970.18,2,5,2.5000
10107,380.63,13088.01,NaN,NaN,NaN
10108,440.69,12968.62,NaN,NaN,NaN
10109,516.21,13104.44,NaN,NaN,NaN
10110,179.70,13091.73,NaN,NaN,NaN
10111,362.01,12860.23,NaN,NaN,NaN
10112,605.74,13167.46,2,4,2.0000
10113,323.02,12984.60,NaN,NaN,NaN
10114,480.58,12888.10,NaN,NaN,NaN
10115,393.97,12802.91,NaN,NaN,NaN
10116,108.41,13092.41,NaN,NaN,NaN
10117,268.24,12895.50,3,6,2.0000
10118,337.97,12655.02,2,1,0.0000
10119,155.40,12999.89,NaN,NaN,NaN
10120,556.95,13028.13,NaN,NaN,NaN
10121,149.09,13153.59,NaN,NaN,NaN
10122,266.74,12944.94,NaN,NaN,NaN
10123,283.21,12836.88,2,1,0.0000
10124,359.43,13142.26,3,3,0.0000
10125,482.76,13026.62,NaN,NaN,NaN
10126,517.62,12791.63,3,5,0.0000
10127,359.41,13020.35,NaN,NaN,NaN
10128,48.35,12902.95,3,5,0.0000
10129,436.57,13042.40,2,1,0.0000
10130,197.57,12882.00,3,6,2.0000
10131,256.21,13072.12,2,3,0.0000
10132,392.84,12941.85,3,2,0.0000
10133,766.01,12468.19,0,0,0.0000
10134,518.87,12672.70,NaN,NaN,NaN
10135,706.39,12544.15,0,0,0.0000
10136,394.08,13045.20,NaN,NaN,NaN
10137,549.15,13145.01,0,0,0.0000
10138,514.30,13055.29,NaN,NaN,NaN
10139,116.57,12882.00,2,5,2.5000
10140,226.98,13146.85,NaN,NaN,NaN
10141,466.76,12629.72,3,3,0.0000
10142,57.79,12862.99,0,0,0.0000
10143,420.34,12861.10,2,3,0.0000
10144,319.62,12890.98,NaN,NaN,NaN
10145,555.08,12817.69,NaN,NaN,NaN
10146,542.91,12851.03,0,0,0.0000
10147,820.16,12441.98,NaN,NaN,NaN
10148,443.71,12691.30,0,0,0.0000
10149,390.37,12667.46,0,0,0.0000
10150,1151.59,12669.89,NaN,NaN,NaN
10151,1056.96,12580.38,2,5,2.5000
10152,1032.19,12693.15,NaN,NaN,NaN
10153,1147.82,12806.52,NaN,NaN,NaN
10154,1129.94,12916.00,NaN,NaN,NaN
10155,928.87,12626.55,NaN,NaN,NaN
10156,1235.02,12810.72,2,2,0.0000
10157,1250.78,12655.33,0,0,0.0000
10158,960.07,12802.52,2,2,0.0000
10159,1146.31,12574.95,3,5,0.0000
10160,1021.39,12847.31,NaN,NaN,NaN
10161,1219.07,12596.95,2,5,2.5000
10162,1209.48,12876.17,2,2,0.0000
10163,1074.57,12820.90,2,4,2.0000
10164,971.45,12734.57,NaN,NaN,NaN
10165,1232.71,12742.27,0,0,0.0000
10166,992.10,12593.67,0,0,0.0000
10167,1295.62,12825.46,3,3,0.0000
10168,1019.31,12778.01,2,3,0.0000
10169,1088.36,12685.50,0,0,0.0000
10170,1196.35,12532.19,5,4,0.0000
10171,1082.29,12770.51,0,0,0.0000
10172,1103.79,12417.21,NaN,NaN,NaN
10173,1601.44,12910.89,NaN,NaN,NaN
10174,1700.03,12995.26,NaN,NaN,NaN
10175,3194.93,12814.05,2,3,0.0000
10176,2992.86,13064.21,4,7,0.0000
10177,3140.49,12952.24,NaN,NaN,NaN
10178,2913.39,12890.31,2,4,2.0000
10179,2866.74,12441.25,0,0,0.0000
10180,3095.51,12476.44,3,4,0.0000
10181,2975.88,13152.68,NaN,NaN,NaN
10182,3004.49,12938.63,NaN,NaN,NaN
10183,2825.00,12723.86,NaN,NaN,NaN
10184,3051.65,12755.10,NaN,NaN,NaN
10185,2828.77,12498.25,0,0,0.0000
10186,3114.33,12695.37,2,4,2.0000
10187,2753.22,12585.36,4,8,2.0000
10188,2925.89,12772.45,NaN,NaN,NaN
10189,3143.32,12538.42,NaN,NaN,NaN
10190,2731.12,12472.24,NaN,NaN,NaN
10191,3092.52,12610.48,NaN,NaN,NaN
10192,3152.72,13107.53,0,0,0.0000
10193,3187.61,13040.24,3,7,2.3333
10194,3023.98,12469.84,NaN,NaN,NaN
10195,3195.68,12549.64,2,3,0.0000
10196,3112.60,13173.78,0,0,0.0000
10197,2955.75,12625.09,NaN,NaN,NaN
10198,2777.98,12642.35,0,0,0.0000
10199,2886.71,12594.59,2,1,0.0000
10200,3050.93,12999.94,NaN,NaN,NaN
10201,2887.10,12806.04,0,0,0.0000
10202,2896.27,12527.26,0,0,0.0000
10203,2986.67,12778.71,NaN,NaN,NaN
10204,3100.02,12811.51,3,5,0.0000
10205,3083.42,12891.61,0,0,0.0000
10206,3081.34,13071.05,NaN,NaN,NaN
10207,2788.03,12688.23,NaN,NaN,NaN
10208,2888.39,12698.12,0,0,0.0000
10209,2862.69,12647.10,NaN,NaN,NaN
10210,2978.76,12853.47,0,0,0.0000
10211,2945.12,12679.91,0,0,0.0000
10212,2771.37,12425.89,0,0,0.0000
10213,2903.95,12995.71,0,0,0.0000
10214,2963.96,12720.31,2,2,0.0000
10215,3048.04,13135.90,NaN,NaN,NaN
10216,2673.43,12489.87,NaN,NaN,NaN
10217,2968.38,12582.53,0,0,0.0000
10218,2834.76,12594.42,NaN,NaN,NaN
10219,2805.30,12549.32,NaN,NaN,NaN
10220,3161.24,12446.85,2,3,0.0000
10221,2711.20,12538.86,NaN,NaN,NaN
10222,3041.63,12845.22,0,0,0.0000
10223,3063.74,12645.95,2,4,2.0000
10224,3008.61,12677.25,0,0,0.0000
10225,3043.25,12678.10,NaN,NaN,NaN
10226,3153.20,12730.58,0,0,0.0000
10227,3063.59,12420.29,3,3,0.0000
10228,2959.58,12460.69,NaN,NaN,NaN
10229,2973.69,12495.90,NaN,NaN,NaN
10230,3012.71,12604.12,0,0,0.0000
10231,3322.57,12955.05,0,0,0.0000
10232,3515.98,12950.84,0,0,0.0000
10233,3830.69,12860.15,NaN,NaN,NaN
10234,3390.35,12614.92,0,0,0.0000
10235,3435.79,12428.05,NaN,NaN,NaN
10236,3518.52,13156.52,2,3,0.0000
10237,3225.06,12599.79,NaN,NaN,NaN
10238,3967.29,13116.02,NaN,NaN,NaN
10239,3700.86,12498.36,NaN,NaN,NaN
10240,3471.36,12660.09,2,5,2.5000
10241,3760.95,13118.38,NaN,NaN,NaN
10242,3573.50,12685.28,NaN,NaN,NaN
10243,3342.14,12536.35,NaN,NaN,NaN
10244,3555.18,12847.56,NaN,NaN,NaN
10245,3709.27,12637.99,NaN,NaN,NaN
10246,3917.29,12916.74,2,4,2.0000
10247,3907.89,12542.73,2,3,0.0000
10248,3241.96,12481.70,NaN,NaN,NaN
10249,3573.78,13052.85,2,3,0.0000
10250,3686.34,12781.05,0,0,0.0000
10251,3716.18,13054.07,0,0,0.0000
10252,3584.94,12600.12,2,4,2.0000
10253,3532.95,12484.47,2,2,0.0000
10254,3636.63,13068.68,0,0,0.0000
10255,3284.06,13180.20,0,0,0.0000
10256,3770.75,12595.74,NaN,NaN,NaN
10257,3890.96,13142.13,3,4,0.0000
10258,3625.02,12783.07,2,2,0.0000
10259,3380.83,12839.42,0,0,0.0000
10260,3249.97,12699.98,NaN,NaN,NaN
10261,3816.93,12555.18,NaN,NaN,NaN
10262,3765.16,12925.21,NaN,NaN,NaN
10263,3326.16,12662.61,NaN,NaN,NaN
10264,3423.26,13073.41,NaN,NaN,NaN
10265,3524.75,12748.60,2,4,2.0000
10266,3782.57,12449.93,0,0,0.0000
10267,3648.29,12899.20,NaN,NaN,NaN
10268,3625.70,12487.28,0,0,0.0000
10269,3260.68,13046.26,0,0,0.0000
10270,3438.66,12780.86,NaN,NaN,NaN
10271,3292.46,13103.32,2,3,0.0000
10272,3819.12,12748.16,0,0,0.0000
10273,3904.06,12739.21,0,0,0.0000
10274,3788.87,12685.85,0,0,0.0000
10275,3661.36,12418.30,2,1,0.0000
10276,3421.22,12894.32,NaN,NaN,NaN
10277,3459.76,12835.02,NaN,NaN,NaN
10278,3733.40,12987.71,NaN,NaN,NaN
10279,3352.62,13135.35,NaN,NaN,NaN
10280,3464.78,12736.46,NaN,NaN,NaN
10281,3883.55,13010.99,NaN,NaN,NaN
10282,3932.88,12485.86,NaN,NaN,NaN
10283,3732.51,12834.90,4,10,2.5000
10284,3634.77,13167.51,0,0,0.0000
10285,3941.23,12695.55,NaN,NaN,NaN
10286,3465.10,13113.09,NaN,NaN,NaN
10287,3692.27,12925.18,NaN,NaN,NaN
10288,3812.46,13111.32,0,0,0.0000
10289,3206.63,13141.43,0,0,0.0000
10290,3212.61,12672.17,0,0,0.0000
10291,3868.17,12610.57,NaN,NaN,NaN
10292,3356.01,13076.10,0,0,0.0000
10293,3671.03,12704.22,NaN,NaN,NaN
10294,3507.60,12545.44,0,0,0.0000
10295,3442.42,12546.17,0,0,0.0000
10296,3679.03,13122.88,0,0,0.0000
10297,3371.31,12715.64,NaN,NaN,NaN
10298,3763.98,12762.51,NaN,NaN,NaN
10299,3845.55,13059.16,NaN,NaN,NaN
10300,3858.05,12979.25,2,4,2.0000
10301,3476.17,12490.93,3,3,0.0000
10302,3938.36,13038.18,NaN,NaN,NaN
10303,3649.69,12607.42,0,0,0.0000
10304,3593.30,12455.41,NaN,NaN,NaN
10305,3722.58,12432.91,NaN,NaN,NaN
10306,3550.18,12423.57,NaN,NaN,NaN
10307,3288.59,12614.31,NaN,NaN,NaN
10308,3873.40,12697.15,0,0,0.0000
10309,3302.06,12827.18,0,0,0.0000
10310,3359.84,12753.68,NaN,NaN,NaN
10311,3680.85,12975.80,0,0,0.0000
10312,3301.14,12729.66,0,0,0.0000
10313,3899.68,12647.95,2,3,0.0000
10314,3909.06,12613.11,NaN,NaN,NaN
10315,3793.63,13010.39,2,3,0.0000
10316,3281.40,12795.84,0,0,0.0000
10317,3311.51,12763.08,0,0,0.0000
10318,3591.97,12898.27,0,0,0.0000
10319,4273.60,12679.95,NaN,NaN,NaN
10320,4196.04,12581.07,NaN,NaN,NaN
10321,4335.58,12951.84,4,3,0.0000
10322,4490.08,12564.66,0,0,0.0000
10323,4010.56,12745.31,NaN,NaN,NaN
10324,4204.26,13025.55,NaN,NaN,NaN
10325,4407.93,12688.79,2,4,2.0000
10326,3972.48,12627.40,2,3,0.0000
10327,3975.71,12984.04,2,4,2.0000
10328,4411.03,12514.89,0,0,0.0000
10329,4578.81,12427.79,2,5,2.5000
10330,4244.17,13093.74,NaN,NaN,NaN
10331,4090.94,12496.17,NaN,NaN,NaN
10332,4239.58,12457.50,3,5,0.0000
10333,4596.15,13074.36,2,6,3.0000
10334,4397.76,12859.11,5,8,0.0000
10335,4482.49,12681.26,NaN,NaN,NaN
10336,4046.34,12625.33,NaN,NaN,NaN
10337,4359.26,12744.52,2,6,3.0000
10338,3987.39,12538.41,0,0,0.0000
10339,4128.34,12425.47,2,3,0.0000
10340,4148.10,12907.98,NaN,NaN,NaN
10341,4233.34,12936.36,NaN,NaN,NaN
10342,3972.84,12836.85,NaN,NaN,NaN
10343,4323.33,12547.90,4,5,0.0000
10344,4163.69,12790.26,3,7,2.3333
10345,4043.89,12838.15,0,0,0.0000
10346,4607.34,12978.99,0,0,0.0000
10347,4283.28,12888.96,0,0,0.0000
10348,4316.15,12477.18,NaN,NaN,NaN
10349,4108.91,12622.98,NaN,NaN,NaN
10350,4020.52,12462.62,0,0,0.0000
10351,4423.66,12786.87,NaN,NaN,NaN
10352,4561.24,12955.64,NaN,NaN,NaN
10353,4139.91,12994.96,3,3,0.0000
10354,4369.23,12424.04,0,0,0.0000
10355,4251.80,13176.76,5,9,0.0000
10356,4101.97,12786.34,NaN,NaN,NaN
10357,4337.03,12852.80,NaN,NaN,NaN
10358,4589.39,12815.48,NaN,NaN,NaN
10359,4162.94,12685.40,2,5,2.5000
10360,4325.45,12424.80,2,2,0.0000
10361,4120.61,12850.98,NaN,NaN,NaN
10362,3969.38,12456.78,0,0,0.0000
10363,4341.79,13083.14,NaN,NaN,NaN
10364,4032.51,13080.08,0,0,0.0000
10365,3998.00,12900.46,0,0,0.0000
10366,4329.65,12637.02,NaN,NaN,NaN
10367,4076.88,12570.31,0,0,0.0000
10368,4678.13,12442.93,NaN,NaN,NaN
10369,5080.52,13092.33,NaN,NaN,NaN
10370,5494.25,12671.60,NaN,NaN,NaN
10371,4939.03,13036.57,NaN,NaN,NaN
10372,5366.06,12698.68,2,1,0.0000
10373,5372.77,12803.70,NaN,NaN,NaN
10374,5448.40,12506.15,NaN,NaN,NaN
10375,5386.14,12914.29,NaN,NaN,NaN
10376,5075.97,12947.36,0,0,0.0000
10377,4854.69,13058.08,NaN,NaN,NaN
10378,4943.58,12448.73,3,3,0.0000
10379,5489.34,13044.54,NaN,NaN,NaN
10380,5288.53,12897.77,NaN,NaN,NaN
10381,5069.19,12863.08,NaN,NaN,NaN
10382,5229.72,12463.06,2,2,0.0000
10383,4958.07,13159.33,NaN,NaN,NaN
10384,5294.95,12982.18,NaN,NaN,NaN
10385,5311.44,12444.33,2,2,0.0000
10386,5312.97,13059.54,0,0,0.0000
10387,5285.09,12786.15,NaN,NaN,NaN
10388,5337.49,12587.44,0,0,0.0000
10389,5184.45,12836.95,NaN,NaN,NaN
10390,4894.33,12510.15,NaN,NaN,NaN
10391,5222.90,13087.49,NaN,NaN,NaN
10392,4851.53,13129.13,0,0,0.0000
10393,5182.34,12745.61,NaN,NaN,NaN
10394,5287.55,12676.00,NaN,NaN,NaN
10395,5440.94,12866.08,NaN,NaN,NaN
10396,5380.16,13000.00,NaN,NaN,NaN
10397,5250.65,12621.86,NaN,NaN,NaN
10398,5123.90,12803.13,3,9,3.0000
10399,5163.23,12906.74,NaN,NaN,NaN
10400,4793.74,12939.74,NaN,NaN,NaN
10401,5138.28,13182.60,2,5,2.5000
10402,5468.55,12965.63,NaN,NaN,NaN
10403,5185.65,12997.98,0,0,0.0000
10404,5391.46,12484.66,NaN,NaN,NaN
10405,4940.51,12928.47,4,6,0.0000
10406,4902.80,13154.54,NaN,NaN,NaN
10407,4796.14,12999.71,NaN,NaN,NaN
10408,5256.39,13167.65,3,4,0.0000
10409,5009.45,12986.60,0,0,0.0000
10410,5234.99,12785.06,NaN,NaN,NaN
10411,5006.41,12871.06,0,0,0.0000
10412,5236.57,12712.48,NaN,NaN,NaN
10413,5124.07,12870.59,2,2,0.0000
10414,5148.13,12421.26,0,0,0.0000
10415,4822.57,13183.76,NaN,NaN,NaN
10416,5408.95,12601.24,NaN,NaN,NaN
10417,5452.01,12428.10,3,3,0.0000
10418,5241.44,12936.08,0,0,0.0000
10419,5492.28,13137.85,0,0,0.0000
10420,5189.76,12642.99,NaN,NaN,NaN
10421,5224.84,13163.37,0,0,0.0000
10422,5132.10,12958.62,NaN,NaN,NaN
10423,4968.30,12511.13,0,0,0.0000
10424,5589.54,13077.78,2,1,0.0000
10425,5849.78,12998.69,NaN,NaN,NaN
10426,5550.08,12570.72,NaN,NaN,NaN
10427,5936.16,13168.95,2,1,0.0000
10428,5560.70,12941.93,NaN,NaN,NaN
10429,5936.74,13067.84,NaN,NaN,NaN
10430,5514.35,12834.43,0,0,0.0000
10431,5779.97,12811.75,2,5,2.5000
10432,5730.12,13076.32,NaN,NaN,NaN
10433,5638.77,12763.98,NaN,NaN,NaN
10434,5783.74,12924.29,3,6,2.0000
10435,5768.96,13134.14,0,0,0.0000
10436,5895.13,12862.43,0,0,0.0000
10437,5598.98,12820.50,NaN,NaN,NaN
10438,5678.29,12959.72,NaN,NaN,NaN
10439,5941.51,12943.94,NaN,NaN,NaN
10440,5637.22,12898.17,0,0,0.0000
10441,5698.19,12859.29,2,2,0.0000
10442,5653.22,12579.12,0,0,0.0000
10443,5674.82,13150.38,0,0,0.0000
10444,6002.71,13015.87,NaN,NaN,NaN
10445,5720.97,13010.65,2,4,2.0000
10446,5927.46,12995.98,2,5,2.5000
10447,5808.74,12691.52,NaN,NaN,NaN
10448,5704.77,12696.16,NaN,NaN,NaN
10449,6011.07,13107.93,NaN,NaN,NaN
10450,5632.78,12643.66,0,0,0.0000
10451,5692.76,12746.38,NaN,NaN,NaN
10452,5733.38,12910.30,NaN,NaN,NaN
10453,5706.45,12644.12,NaN,NaN,NaN
10454,5838.87,12801.69,0,0,0.0000
10455,5745.84,12731.85,NaN,NaN,NaN
10456,6319.53,13102.28,NaN,NaN,NaN
10457,6400.81,13167.76,NaN,NaN,NaN
10458,6626.06,12498.36,2,4,2.0000
10459,6364.88,13092.46,NaN,NaN,NaN
10460,6567.60,12456.31,0,0,0.0000
10461,7468.14,12779.10,2,4,2.0000
10462,7682.09,12668.03,NaN,NaN,NaN
10463,7365.37,12675.60,NaN,NaN,NaN
10464,7290.02,12608.09,0,0,0.0000
10465,7471.73,12902.86,NaN,NaN,NaN
10466,7401.26,12480.09,NaN,NaN,NaN
10467,7721.56,13025.34,0,0,0.0000
10468,7402.00,12879.41,2,2,0.0000
10469,7600.11,12527.85,3,6,2.0000
10470,7679.32,12850.93,NaN,NaN,NaN
10471,7625.77,13107.16,3,5,0.0000
10472,7587.25,12811.00,0,0,0.0000
10473,7579.32,12902.31,0,0,0.0000
10474,7661.44,12768.44,NaN,NaN,NaN
10475,7419.80,12980.26,NaN,NaN,NaN
10476,7528.72,12655.94,NaN,NaN,NaN
10477,7461.74,12526.01,NaN,NaN,NaN
10478,7344.85,12523.93,NaN,NaN,NaN
10479,7566.08,13172.04,NaN,NaN,NaN
10480,7431.99,12675.27,3,5,0.0000
10481,7692.17,12935.73,NaN,NaN,NaN
10482,7451.25,12592.63,0,0,0.0000
10483,7211.64,12571.45,0,0,0.0000
10484,7288.83,12513.42,NaN,NaN,NaN
10485,7353.04,12589.55,4,4,0.0000
10486,7668.87,13021.43,NaN,NaN,NaN
10487,7586.83,12736.16,2,4,2.0000
10488,7639.75,12708.32,NaN,NaN,NaN
10489,7734.15,13151.70,NaN,NaN,NaN
10490,7463.38,13015.82,0,0,0.0000
10491,7382.88,12549.96,NaN,NaN,NaN
10492,7625.96,12951.21,NaN,NaN,NaN
10493,7376.36,12754.72,0,0,0.0000
10494,7603.29,12607.91,NaN,NaN,NaN
10495,7528.89,12732.53,NaN,NaN,NaN
10496,7641.06,12590.25,NaN,NaN,NaN
10497,7671.13,13100.32,NaN,NaN,NaN
10498,7255.55,12453.18,0,0,0.0000
10499,7650.94,12925.65,0,0,0.0000
10500,7938.46,12432.31,0,0,0.0000
10501,8194.51,13089.17,0,0,0.0000
10502,7881.14,12442.81,NaN,NaN,NaN
10503,9300.20,12470.05,NaN,NaN,NaN
10504,9231.70,12451.92,2,1,0.0000
10505,9458.64,12533.28,0,0,0.0000
10506,9396.77,12468.00,2,2,0.0000
10507,9407.57,12590.39,NaN,NaN,NaN
10508,9471.38,12469.24,2,3,0.0000
10509,10491.28,12963.52,NaN,NaN,NaN
10510,10782.35,12747.39,0,0,0.0000
10511,10751.18,12573.77,2,2,0.0000
10512,10634.02,12635.82,NaN,NaN,NaN
10513,10833.17,12627.05,NaN,NaN,NaN
10514,10719.73,12683.06,NaN,NaN,NaN
10515,10781.84,12861.69,0,0,0.0000
10516,10583.56,12841.86,NaN,NaN,NaN
10517,10691.67,12810.91,0,0,0.0000
10518,10616.63,12503.75,NaN,NaN,NaN
10519,10612.98,12950.78,4,4,0.0000
10520,10729.43,12929.66,0,0,0.0000
10521,10564.49,12568.94,NaN,NaN,NaN
10522,10525.58,12641.66,NaN,NaN,NaN
10523,10675.59,12511.04,0,0,0.0000
10524,10682.88,12972.22,0,0,0.0000
10525,10685.67,12746.16,0,0,0.0000
10526,10667.97,12935.46,NaN,NaN,NaN
10527,10557.73,12908.92,3,4,0.0000
10528,10637.03,12886.39,2,5,2.5000
10529,10704.55,12880.86,NaN,NaN,NaN
10530,10714.51,12507.23,NaN,NaN,NaN
10531,10552.60,12947.71,NaN,NaN,NaN
10532,10821.28,12546.14,0,0,0.0000
10533,10590.71,12460.18,0,0,0.0000
10534,11645.62,13104.87,0,0,0.0000
10535,11601.63,12997.20,0,0,0.0000
10536,11577.30,13082.08,0,0,0.0000
10537,11599.25,12910.31,NaN,NaN,NaN
10538,11167.97,12780.24,0,0,0.0000
10539,11358.72,12643.96,0,0,0.0000
10540,11377.39,12605.98,0,0,0.0000
10541,11856.60,13047.09,2,2,0.0000
10542,11993.64,12843.91,NaN,NaN,NaN
10543,11887.82,12784.93,4,6,0.0000
10544,12369.45,12480.01,0,0,0.0000
10545,11717.86,12879.85,NaN,NaN,NaN
10546,11811.03,12931.32,NaN,NaN,NaN
10547,12216.62,12827.26,NaN,NaN,NaN
10548,11941.46,12529.26,NaN,NaN,NaN
10549,11915.28,13150.67,NaN,NaN,NaN
10550,12105.35,12792.47,NaN,NaN,NaN
10551,12311.40,12645.24,NaN,NaN,NaN
10552,12145.78,12682.52,NaN,NaN,NaN
10553,12234.69,13056.17,3,5,0.0000
10554,12391.54,12597.50,NaN,NaN,NaN
10555,12116.57,12921.06,0,0,0.0000
10556,11991.31,13160.50,NaN,NaN,NaN
10557,12013.88,12639.25,NaN,NaN,NaN
10558,12186.27,12561.74,NaN,NaN,NaN
10559,11727.34,13128.97,2,4,2.0000
10560,11833.48,12695.98,NaN,NaN,NaN
10561,11688.75,12981.63,NaN,NaN,NaN
10562,12068.86,12573.75,NaN,NaN,NaN
10563,12232.86,12482.91,0,0,0.0000
10564,11777.08,12804.28,0,0,0.0000
10565,11695.42,12796.60,2,5,2.5000
10566,12181.61,13111.35,NaN,NaN,NaN
10567,12237.71,12959.05,0,0,0.0000
10568,12204.71,12747.77,0,0,0.0000
10569,11943.31,12688.64,NaN,NaN,NaN
10570,12370.29,12931.67,0,0,0.0000
10571,12076.19,13099.35,2,2,0.0000
10572,12335.77,12828.33,NaN,NaN,NaN
10573,12071.99,12460.92,0,0,0.0000
10574,11739.33,12726.98,0,0,0.0000
10575,12022.72,12525.02,NaN,NaN,NaN
10576,12126.65,12525.66,NaN,NaN,NaN
10577,12157.72,12997.24,0,0,0.0000
10578,11868.11,12597.67,NaN,NaN,NaN
10579,12383.58,12857.87,0,0,0.0000
10580,12168.57,12441.95,0,0,0.0000
10581,12264.79,12699.70,0,0,0.0000
10582,11653.37,13179.01,NaN,NaN,NaN
10583,12091.40,12647.76,0,0,0.0000
10584,12112.35,13154.61,NaN,NaN,NaN
10585,12005.65,12459.87,0,0,0.0000
10586,12374.07,12752.15,0,0,0.0000
10587,11791.09,12630.32,2,3,0.0000
10588,11932.75,12610.08,4,7,0.0000
10589,12295.67,12936.24,NaN,NaN,NaN
10590,12091.84,12998.09,NaN,NaN,NaN
10591,11792.27,12688.16,0,0,0.0000
10592,11902.82,12645.23,NaN,NaN,NaN
10593,12313.44,12766.60,0,0,0.0000
10594,11738.45,13021.54,NaN,NaN,NaN
10595,11811.73,13175.18,0,0,0.0000
10596,12062.40,12879.68,NaN,NaN,NaN
10597,12365.48,12991.18,NaN,NaN,NaN
10598,12073.98,13148.38,NaN,NaN,NaN
10599,11998.04,13035.67,0,0,0.0000
10600,11948.70,13083.15,0,0,0.0000
10601,12035.58,12993.24,0,0,0.0000
10602,12125.47,12603.96,0,0,0.0000
10603,12717.74,12610.38,NaN,NaN,NaN
10604,12733.12,12429.01,0,0,0.0000
10605,13043.08,12515.40,0,0,0.0000
10606,13064.95,12605.88,NaN,NaN,NaN
10607,13061.08,13133.79,0,0,0.0000
10608,12845.11,12590.21,NaN,NaN,NaN
10609,12659.28,12484.10,NaN,NaN,NaN
10610,12853.07,12482.07,NaN,NaN,NaN
10611,12441.96,12801.18,0,0,0.0000
10612,12521.70,12790.20,NaN,NaN,NaN
10613,12631.88,12546.58,0,0,0.0000
10614,12425.48,12692.76,NaN,NaN,NaN
10615,12829.91,12809.68,NaN,NaN,NaN
10616,12470.26,12546.52,NaN,NaN,NaN
10617,12578.67,12825.62,NaN,NaN,NaN
10618,12617.51,12717.56,2,5,2.5000
10619,12959.20,12645.45,NaN,NaN,NaN
10620,13138.43,12720.14,0,0,0.0000
10621,12943.49,12602.29,NaN,NaN,NaN
10622,12657.03,12770.75,2,2,0.0000
10623,12906.56,13130.23,0,0,0.0000
10624,13039.13,12786.75,2,3,0.0000
10625,12511.53,12482.16,NaN,NaN,NaN
10626,13166.36,12562.37,0,0,0.0000
10627,12494.21,12875.93,NaN,NaN,NaN
10628,13126.33,12466.67,NaN,NaN,NaN
10629,12834.25,12749.69,NaN,NaN,NaN
10630,12779.36,12508.60,NaN,NaN,NaN
10631,12535.82,12716.99,NaN,NaN,NaN
10632,13176.37,13024.56,0,0,0.0000
10633,12992.83,12425.28,NaN,NaN,NaN
10634,13074.22,12748.50,0,0,0.0000
10635,12918.19,12450.63,0,0,0.0000
10636,12511.52,12609.42,NaN,NaN,NaN
10637,12764.56,12774.41,3,6,2.0000
10638,12570.02,12587.10,0,0,0.0000
10639,13143.83,13081.18,NaN,NaN,NaN
10640,12557.87,12907.28,2,3,0.0000
10641,12467.14,12419.41,2,4,2.0000
10642,12548.89,12662.04,2,4,2.0000
10643,12940.39,12524.72,0,0,0.0000
10644,12844.57,13090.14,NaN,NaN,NaN
10645,12420.65,12983.01,NaN,NaN,NaN
10646,13084.47,12795.78,2,1,0.0000
10647,12817.07,13069.09,NaN,NaN,NaN
10648,12853.15,12704.09,2,2,0.0000
10649,13159.02,12426.96,3,3,0.0000
10650,13007.67,12775.70,0,0,0.0000
10651,12739.47,12719.63,NaN,NaN,NaN
10652,13576.56,13069.11,NaN,NaN,NaN
10653,13428.65,13086.96,2,1,0.0000
10654,13451.64,13003.79,0,0,0.0000
10655,13207.59,12464.45,NaN,NaN,NaN
10656,13315.14,12449.69,NaN,NaN,NaN
10657,13328.19,12963.92,0,0,0.0000
10658,13394.02,13143.62,0,0,0.0000
10659,13510.57,13177.78,2,4,2.0000
10660,13190.32,13098.91,NaN,NaN,NaN
10661,13647.86,13171.75,3,4,0.0000
10662,13684.16,13040.81,0,0,0.0000
10663,13187.08,12883.93,0,0,0.0000
10664,15415.47,12585.44,NaN,NaN,NaN
10665,15409.93,12434.27,NaN,NaN,NaN
10666,15302.12,12494.36,NaN,NaN,NaN
10667,15437.60,12512.91,NaN,NaN,NaN
10668,15366.81,12497.36,NaN,NaN,NaN
10669,15487.06,12463.16,0,0,0.0000
10670,15795.10,12421.41,NaN,NaN,NaN
10671,15772.86,12800.11,2,4,2.0000
10672,15877.72,12824.35,NaN,NaN,NaN
10673,15706.29,12464.51,NaN,NaN,NaN
10674,16257.08,13036.54,NaN,NaN,NaN
10675,16028.80,12767.41,0,0,0.0000
10676,15752.04,12588.60,NaN,NaN,NaN
10677,16232.89,12838.94,NaN,NaN,NaN
10678,15760.55,12690.37,0,0,0.0000
10679,15979.63,12819.29,NaN,NaN,NaN
10680,15860.67,12704.75,NaN,NaN,NaN
10681,15955.83,12932.22,NaN,NaN,NaN
10682,16144.50,12453.11,NaN,NaN,NaN
10683,15876.30,12582.94,NaN,NaN,NaN
10684,16329.86,13106.92,NaN,NaN,NaN
10685,15982.38,12542.15,3,7,2.3333
10686,16099.45,12688.49,0,0,0.0000
10687,16291.25,12477.54,NaN,NaN,NaN
10688,16175.64,12851.54,NaN,NaN,NaN
10689,16135.34,12763.36,NaN,NaN,NaN
10690,16275.86,12585.65,NaN,NaN,NaN
10691,16333.89,12547.89,0,0,0.0000
10692,16094.38,12909.03,NaN,NaN,NaN
10693,16082.88,12841.51,NaN,NaN,NaN
10694,15860.72,12931.90,0,0,0.0000
10695,16006.74,13063.11,NaN,NaN,NaN
10696,15681.07,12643.76,0,0,0.0000
10697,16128.11,13071.29,NaN,NaN,NaN
10698,15610.36,12458.29,NaN,NaN,NaN
10699,15735.21,12885.16,0,0,0.0000
10700,16224.42,12959.96,NaN,NaN,NaN
10701,15541.48,12436.73,2,5,2.5000
10702,15602.11,12567.88,0,0,0.0000
10703,16073.88,12478.79,NaN,NaN,NaN
10704,16263.68,12685.70,NaN,NaN,NaN
10705,16326.90,12701.26,NaN,NaN,NaN
10706,16266.22,12757.91,NaN,NaN,NaN
10707,16080.54,13127.56,NaN,NaN,NaN
10708,15701.21,12831.69,0,0,0.0000
10709,15621.91,12513.64,NaN,NaN,NaN
10710,15930.87,12683.82,NaN,NaN,NaN
10711,15995.06,13124.75,0,0,0.0000
10712,16003.54,12687.58,0,0,0.0000
10713,16129.26,13159.48,NaN,NaN,NaN
10714,16205.74,12583.77,NaN,NaN,NaN
10715,15935.98,12886.80,NaN,NaN,NaN
10716,16332.64,12804.53,NaN,NaN,NaN
10717,16282.99,12927.64,0,0,0.0000
10718,15678.19,12570.25,NaN,NaN,NaN
10719,15933.68,13003.32,0,0,0.0000
10720,15805.33,12899.25,0,0,0.0000
10721,16194.26,13135.96,0,0,0.0000
10722,15864.76,12514.30,NaN,NaN,NaN
10723,16044.26,12620.62,0,0,0.0000
10724,16218.57,12668.48,NaN,NaN,NaN
10725,15541.05,12543.14,0,0,0.0000
10726,16266.33,13141.73,0,0,0.0000
10727,15613.78,12645.00,0,0,0.0000
10728,16133.78,13012.73,0,0,0.0000
10729,16165.73,12968.16,NaN,NaN,NaN
10730,15824.56,12557.10,0,0,0.0000
10731,15655.04,12534.84,NaN,NaN,NaN
10732,16302.74,12847.13,0,0,0.0000
10733,15866.89,12975.15,0,0,0.0000
10734,15635.69,12696.14,0,0,0.0000
10735,16339.85,13005.62,0,0,0.0000
10736,16211.22,12749.56,NaN,NaN,NaN
10737,15913.41,12488.28,0,0,0.0000
10738,15532.65,12485.39,0,0,0.0000
10739,16196.09,12718.00,0,0,0.0000
10740,611.12,13717.63,NaN,NaN,NaN
10741,737.55,13506.16,NaN,NaN,NaN
10742,479.24,13949.54,0,0,0.0000
10743,583.35,13899.46,NaN,NaN,NaN
10744,502.09,13625.56,0,0,0.0000
10745,410.20,13806.33,2,2,0.0000
10746,563.77,13816.76,NaN,NaN,NaN
10747,435.36,13243.44,3,4,0.0000
10748,641.10,13273.48,0,0,0.0000
10749,346.27,13272.24,0,0,0.0000
10750,717.14,13306.59,0,0,0.0000
10751,580.71,13576.72,0,0,0.0000
10752,402.58,13689.02,NaN,NaN,NaN
10753,817.51,13376.01,0,0,0.0000
10754,257.82,13258.27,NaN,NaN,NaN
10755,672.15,13626.29,0,0,0.0000
10756,607.17,13224.58,NaN,NaN,NaN
10757,484.33,13497.92,2,5,2.5000
10758,618.88,13379.38,NaN,NaN,NaN
10759,421.72,13620.52,3,4,0.0000
10760,750.37,13612.05,0,0,0.0000
10761,235.24,13327.25,0,0,0.0000
10762,838.07,13763.51,0,0,0.0000
10763,39.56,13802.29,NaN,NaN,NaN
10764,723.55,13856.99,0,0,0.0000
10765,477.88,13414.66,NaN,NaN,NaN
10766,518.82,13737.14,2,4,2.0000
10767,377.83,13397.46,NaN,NaN,NaN
10768,520.77,13556.48,NaN,NaN,NaN
10769,375.89,13209.35,2,3,0.0000
10770,818.33,13501.73,0,0,0.0000
10771,771.00,13806.82,0,0,0.0000
10772,640.39,13935.93,0,0,0.0000
10773,720.96,13777.40,NaN,NaN,NaN
10774,698.57,13940.64,NaN,NaN,NaN
10775,665.98,13790.49,0,0,0.0000
10776,150.44,13211.77,NaN,NaN,NaN
10777,337.71,13710.72,NaN,NaN,NaN
10778,777.92,13298.19,NaN,NaN,NaN
10779,398.54,13306.07,NaN,NaN,NaN
10780,895.25,13827.98,0,0,0.0000
10781,784.92,13879.75,NaN,NaN,NaN
10782,534.32,13232.87,NaN,NaN,NaN
10783,352.01,13597.52,NaN,NaN,NaN
10784,189.89,13240.25,2,2,0.0000
10785,245.69,13184.95,NaN,NaN,NaN
10786,873.35,13524.08,NaN,NaN,NaN
10787,381.37,13558.39,NaN,NaN,NaN
10788,509.34,13871.99,NaN,NaN,NaN
10789,570.60,13491.89,2,2,0.0000
10790,62.08,13576.92,NaN,NaN,NaN
10791,393.58,13867.33,NaN,NaN,NaN
10792,22.04,13560.03,2,2,0.0000
10793,343.87,13527.58,0,0,0.0000
10794,477.60,13213.57,2,3,0.0000
10795,660.36,13454.30,0,0,0.0000
10796,654.85,13336.19,3,6,2.0000
10797,892.27,13944.88,NaN,NaN,NaN
10798,655.45,13510.61,NaN,NaN,NaN
10799,53.70,13489.76,0,0,0.0000
10800,558.20,13399.12,3,4,0.0000
10801,94.85,13682.08,NaN,NaN,NaN
10802,803.46,13429.66,NaN,NaN,NaN
10803,876.56,13598.07,2,4,2.0000
10804,831.00,13672.19,2,3,0.0000
10805,763.37,13735.28,2,3,0.0000
10806,671.61,13565.55,NaN,NaN,NaN
10807,445.03,13347.39,2,2,0.0000
10808,219.38,13286.64,NaN,NaN,NaN
10809,801.09,13601.48,0,0,0.0000
10810,577.88,13773.12,0,0,0.0000
10811,681.81,13416.78,NaN,NaN,NaN
10812,415.79,13512.54,NaN,NaN,NaN
10813,500.53,13681.38,NaN,NaN,NaN
10814,840.66,13950.18,NaN,NaN,NaN
10815,749.74,13385.37,NaN,NaN,NaN
10816,507.97,13352.83,NaN,NaN,NaN
10817,688.18,13678.36,0,0,0.0000
10818,849.11,13468.35,0,0,0.0000
10819,839.45,13822.82,0,0,0.0000
10820,780.97,13700.78,NaN,NaN,NaN
10821,795.16,13933.53,0,0,0.0000
10822,587.26,13330.62,NaN,NaN,NaN
10823,735.81,13436.92,NaN,NaN,NaN
10824,634.53,13854.37,2,2,0.0000
10825,877.99,13421.35,NaN,NaN,NaN
10826,750.03,13240.37,NaN,NaN,NaN
10827,443.81,13558.61,2,3,0.0000
10828,446.85,13877.05,3,0,0.0000
10829,318.24,13494.75,0,0,0.0000
10830,444.03,13674.78,0,0,0.0000
10831,870.19,13723.16,NaN,NaN,NaN
10832,614.25,13526.77,NaN,NaN,NaN
10833,724.17,13571.34,0,0,0.0000
10834,362.74,13467.35,4,4,0.0000
10835,838.64,13868.46,0,0,0.0000
10836,701.14,13387.03,NaN,NaN,NaN
10837,617.99,13463.79,NaN,NaN,NaN
10838,466.12,13773.53,0,0,0.0000
10839,878.47,13908.38,NaN,NaN,NaN
10840,607.11,13615.93,NaN,NaN,NaN
10841,467.92,13836.04,2,2,0.0000
10842,326.58,13406.46,0,0,0.0000
10843,825.77,13717.56,NaN,NaN,NaN
10844,614.31,13663.56,0,0,0.0000
10845,832.23,13623.83,0,0,0.0000
10846,796.95,13645.34,0,0,0.0000
10847,237.40,13374.95,0,0,0.0000
10848,404.73,13756.20,NaN,NaN,NaN
10849,501.28,13256.02,NaN,NaN,NaN
10850,704.02,13727.68,0,0,0.0000
10851,435.35,13381.45,0,0,0.0000
10852,9.95,13457.59,2,3,0.0000
10853,362.36,13346.84,0,0,0.0000
10854,412.87,13427.42,0,0,0.0000
10855,824.05,13563.29,NaN,NaN,NaN
10856,772.84,13661.92,0,0,0.0000
10857,1404.15,13734.63,NaN,NaN,NaN
10858,1310.09,13770.45,3,5,0.0000
10859,1118.74,13902.93,NaN,NaN,NaN
10860,1321.54,13663.43,NaN,NaN,NaN
10861,938.30,13748.67,NaN,NaN,NaN
10862,1437.79,13805.76,0,0,0.0000
10863,903.77,13672.69,2,3,0.0000
10864,1096.81,13708.51,3,6,2.0000
10865,1132.55,13816.22,NaN,NaN,NaN
10866,1197.44,13773.58,0,0,0.0000
10867,1480.51,13727.20,2,3,0.0000
10868,989.25,13807.58,NaN,NaN,NaN
10869,1268.21,13887.67,2,2,0.0000
10870,1412.49,13893.23,2,6,3.0000
10871,1149.02,13688.61,2,4,2.0000
10872,1088.29,13575.64,NaN,NaN,NaN
10873,1244.50,13826.33,NaN,NaN,NaN
10874,1031.60,13732.27,0,0,0.0000
10875,1021.50,13887.03,0,0,0.0000
10876,1456.63,13649.89,2,4,2.0000
10877,945.44,13889.84,2,3,0.0000
10878,941.11,13407.41,2,3,0.0000
10879,1017.33,13575.29,4,3,0.0000
10880,1216.65,13714.65,NaN,NaN,NaN
10881,1081.71,13792.87,NaN,NaN,NaN
10882,946.64,13509.54,NaN,NaN,NaN
10883,1255.83,13682.49,3,5,0.0000
10884,952.49,13609.83,NaN,NaN,NaN
10885,1224.54,13638.34,2,4,2.0000
10886,1362.93,13627.73,NaN,NaN,NaN
10887,1619.83,13844.39,NaN,NaN,NaN
10888,1341.75,13853.21,NaN,NaN,NaN
10889,998.52,13502.26,NaN,NaN,NaN
10890,1181.98,13904.67,NaN,NaN,NaN
10891,1585.56,13780.03,NaN,NaN,NaN
10892,966.86,13671.10,0,0,0.0000
10893,1531.97,13579.95,0,0,0.0000
10894,928.41,13450.93,NaN,NaN,NaN
10895,1312.44,13920.91,0,0,0.0000
10896,1062.30,13620.06,NaN,NaN,NaN
10897,964.54,13558.65,NaN,NaN,NaN
10898,1002.58,13853.21,NaN,NaN,NaN
10899,1076.53,13852.52,2,2,0.0000
10900,1396.69,13672.74,NaN,NaN,NaN
10901,1479.23,13595.72,NaN,NaN,NaN
10902,947.24,13826.33,0,0,0.0000
10903,1527.82,13772.35,0,0,0.0000
10904,916.94,13563.17,NaN,NaN,NaN
10905,1539.01,13815.79,0,0,0.0000
10906,1718.39,13911.81,2,1,0.0000
10907,3142.80,13293.43,NaN,NaN,NaN
10908,3011.08,13256.96,0,0,0.0000
10909,3092.94,13359.52,NaN,NaN,NaN
10910,3076.10,13277.27,NaN,NaN,NaN
10911,2518.43,13893.87,NaN,NaN,NaN
10912,3090.01,13439.56,NaN,NaN,NaN
10913,3152.54,13385.28,0,0,0.0000
10914,3034.39,13205.23,0,0,0.0000
10915,2481.51,13845.51,NaN,NaN,NaN
10916,3173.06,13233.94,3,3,0.0000
10917,3052.62,13392.03,NaN,NaN,NaN
10918,3048.26,13327.10,NaN,NaN,NaN
10919,3154.45,13444.06,0,0,0.0000
10920,3016.25,13314.67,0,0,0.0000
10921,3111.73,13501.79,NaN,NaN,NaN
10922,3164.85,13186.38,0,0,0.0000
10923,3889.64,13590.32,NaN,NaN,NaN
10924,3626.85,13264.02,0,0,0.0000
10925,3286.56,13372.62,NaN,NaN,NaN
10926,3525.37,13686.60,NaN,NaN,NaN
10927,3584.43,13788.64,NaN,NaN,NaN
10928,3743.41,13274.92,NaN,NaN,NaN
10929,3790.18,13416.16,NaN,NaN,NaN
10930,3599.28,13726.71,NaN,NaN,NaN
10931,3508.96,13584.58,NaN,NaN,NaN
10932,3698.87,13869.40,NaN,NaN,NaN
10933,3496.35,13489.91,NaN,NaN,NaN
10934,3822.64,13184.84,5,6,0.0000
10935,3927.54,13302.46,0,0,0.0000
10936,3714.94,13652.80,NaN,NaN,NaN
10937,3694.98,13768.54,2,5,2.5000
10938,3544.11,13216.86,3,3,0.0000
10939,3917.52,13947.11,NaN,NaN,NaN
10940,3891.44,13229.71,NaN,NaN,NaN
10941,3607.19,13340.24,NaN,NaN,NaN
10942,3934.91,13703.81,NaN,NaN,NaN
10943,3562.38,13866.54,0,0,0.0000
10944,3433.58,13457.12,NaN,NaN,NaN
10945,3505.81,13306.68,0,0,0.0000
10946,3386.72,13277.42,2,5,2.5000
10947,3334.41,13223.53,NaN,NaN,NaN
10948,3431.77,13394.40,NaN,NaN,NaN
10949,3883.54,13437.69,NaN,NaN,NaN
10950,3846.46,13708.34,0,0,0.0000
10951,3827.87,13494.12,0,0,0.0000
10952,3677.22,13595.22,0,0,0.0000
10953,3665.42,13936.46,NaN,NaN,NaN
10954,3702.26,13713.72,NaN,NaN,NaN
10955,3309.44,13487.76,0,0,0.0000
10956,3799.54,13884.80,3,3,0.0000
10957,3472.87,13785.75,NaN,NaN,NaN
10958,3646.35,13410.49,0,0,0.0000
10959,3714.55,13433.86,NaN,NaN,NaN
10960,3893.63,13869.85,NaN,NaN,NaN
10961,3952.73,13827.20,0,0,0.0000
10962,3594.08,13505.19,0,0,0.0000
10963,3556.71,13445.85,0,0,0.0000
10964,3824.90,13341.12,NaN,NaN,NaN
10965,3220.23,13290.75,NaN,NaN,NaN
10966,3501.73,13858.71,NaN,NaN,NaN
10967,3789.16,13688.73,NaN,NaN,NaN
10968,3631.78,13455.81,0,0,0.0000
10969,3456.71,13318.05,NaN,NaN,NaN
10970,3226.54,13213.57,0,0,0.0000
10971,3420.16,13591.32,3,5,0.0000
10972,3349.87,13567.35,NaN,NaN,NaN
10973,3543.92,13944.19,0,0,0.0000
10974,3716.84,13539.75,NaN,NaN,NaN
10975,3741.59,13495.68,NaN,NaN,NaN
10976,3286.36,13575.01,NaN,NaN,NaN
10977,3362.82,13493.47,NaN,NaN,NaN
10978,3763.55,13757.71,2,6,3.0000
10979,3821.07,13809.30,2,6,3.0000
10980,3873.12,13320.55,2,3,0.0000
10981,3208.69,13378.36,NaN,NaN,NaN
10982,3351.64,13627.79,0,0,0.0000
10983,3633.25,13592.14,0,0,0.0000
10984,3438.42,13714.68,NaN,NaN,NaN
10985,3429.19,13540.11,2,3,0.0000
10986,3772.79,13556.83,2,6,3.0000
10987,3347.13,13333.46,NaN,NaN,NaN
10988,3613.87,13873.70,NaN,NaN,NaN
10989,3407.23,13334.70,0,0,0.0000
10990,3431.79,13232.71,NaN,NaN,NaN
10991,3466.01,13220.94,NaN,NaN,NaN
10992,3373.99,13751.36,0,0,0.0000
10993,3821.12,13763.50,NaN,NaN,NaN
10994,3606.86,13635.82,NaN,NaN,NaN
10995,3699.61,13204.76,0,0,0.0000
10996,3889.04,13822.38,NaN,NaN,NaN
10997,3279.88,13682.07,0,0,0.0000
10998,3482.18,13894.14,0,0,0.0000
10999,3503.67,13367.21,3,3,0.0000
11000,3717.81,13359.94,4,5,0.0000
11001,3875.08,13770.99,NaN,NaN,NaN
11002,3533.95,13387.36,NaN,NaN,NaN
11003,3370.00,13397.97,NaN,NaN,NaN
11004,3795.92,13607.97,3,4,0.0000
11005,3766.35,13940.28,NaN,NaN,NaN
11006,3826.65,13562.89,0,0,0.0000
11007,3942.48,13197.69,0,0,0.0000
11008,3751.12,13209.48,0,0,0.0000
11009,3236.95,13436.33,0,0,0.0000
11010,3850.97,13916.58,3,3,0.0000
11011,3565.50,13317.50,NaN,NaN,NaN
11012,3991.47,13434.64,NaN,NaN,NaN
11013,4100.69,13671.85,0,0,0.0000
11014,4193.99,13932.07,NaN,NaN,NaN
11015,4054.12,13877.36,0,0,0.0000
11016,4101.48,13478.88,2,2,0.0000
11017,4126.21,13579.83,3,3,0.0000
11018,4003.56,13940.93,NaN,NaN,NaN
11019,4258.12,13843.79,NaN,NaN,NaN
11020,3973.93,13587.36,NaN,NaN,NaN
11021,3980.10,13767.75,NaN,NaN,NaN
11022,3995.91,13273.14,NaN,NaN,NaN
11023,4128.34,13825.23,NaN,NaN,NaN
11024,4174.87,13850.18,0,0,0.0000
11025,4066.71,13750.03,NaN,NaN,NaN
11026,4188.25,13643.25,NaN,NaN,NaN
11027,3998.49,13192.85,0,0,0.0000
11028,4003.65,13713.31,0,0,0.0000
11029,4286.24,13916.38,0,0,0.0000
11030,4034.08,13812.16,2,3,0.0000
11031,4192.11,13738.96,NaN,NaN,NaN
11032,4156.22,13528.33,0,0,0.0000
11033,4013.89,13529.68,NaN,NaN,NaN
11034,4129.00,13759.27,NaN,NaN,NaN
11035,4041.79,13608.78,0,0,0.0000
11036,4174.01,13782.58,NaN,NaN,NaN
11037,4160.24,13705.73,2,1,0.0000
11038,4188.51,13586.88,NaN,NaN,NaN
11039,4069.05,13535.03,NaN,NaN,NaN
11040,4199.29,13694.50,NaN,NaN,NaN
11041,4227.63,13608.94,NaN,NaN,NaN
11042,4008.69,13657.23,NaN,NaN,NaN
11043,4225.50,13673.64,0,0,0.0000
11044,4229.12,13728.91,0,0,0.0000
11045,4205.21,13809.01,2,5,2.5000
11046,5453.98,13876.81,NaN,NaN,NaN
11047,5333.50,13188.67,2,2,0.0000
11048,5497.02,13220.18,NaN,NaN,NaN
11049,5334.42,13822.14,2,1,0.0000
11050,5323.81,13334.10,3,5,0.0000
11051,5180.11,13838.42,NaN,NaN,NaN
11052,5210.70,13319.84,NaN,NaN,NaN
11053,5317.52,13712.70,3,5,0.0000
11054,4839.25,13243.55,0,0,0.0000
11055,5046.53,13319.28,2,4,2.0000
11056,5150.61,13402.75,NaN,NaN,NaN
11057,4925.39,13744.25,NaN,NaN,NaN
11058,5250.23,13419.36,NaN,NaN,NaN
11059,5020.03,13410.49,0,0,0.0000
11060,5408.61,13256.91,NaN,NaN,NaN
11061,5430.97,13665.78,NaN,NaN,NaN
11062,5149.64,13273.56,NaN,NaN,NaN
11063,5427.90,13499.01,0,0,0.0000
11064,4964.27,13239.46,NaN,NaN,NaN
11065,4961.77,13313.96,NaN,NaN,NaN
11066,5143.56,13536.05,NaN,NaN,NaN
11067,5069.43,13228.15,2,4,2.0000
11068,5443.21,13319.51,NaN,NaN,NaN
11069,4970.65,13508.01,NaN,NaN,NaN
11070,4958.12,13445.02,NaN,NaN,NaN
11071,5206.46,13589.42,2,4,2.0000
11072,4880.16,13328.17,0,0,0.0000
11073,5158.86,13721.00,NaN,NaN,NaN
11074,5225.73,13903.14,NaN,NaN,NaN
11075,5082.67,13657.85,4,4,0.0000
11076,5239.18,13793.53,0,0,0.0000
11077,5258.80,13479.71,NaN,NaN,NaN
11078,5333.13,13423.72,NaN,NaN,NaN
11079,5234.90,13711.99,NaN,NaN,NaN
11080,4954.30,13826.27,2,5,2.5000
11081,5016.83,13679.86,NaN,NaN,NaN
11082,5479.60,13692.62,NaN,NaN,NaN
11083,5270.53,13607.24,2,4,2.0000
11084,5357.42,13609.75,NaN,NaN,NaN
11085,5405.13,13556.41,NaN,NaN,NaN
11086,5493.21,13428.86,3,4,0.0000
11087,5279.19,13653.78,2,5,2.5000
11088,5072.94,13730.15,NaN,NaN,NaN
11089,5322.50,13478.44,3,2,0.0000
11090,5108.58,13594.33,0,0,0.0000
11091,5130.90,13911.43,0,0,0.0000
11092,5102.40,13474.05,0,0,0.0000
11093,4899.42,13233.44,NaN,NaN,NaN
11094,4931.73,13370.64,0,0,0.0000
11095,5009.71,13749.86,3,4,0.0000
11096,4955.83,13690.50,2,3,0.0000
11097,5428.30,13593.29,0,0,0.0000
11098,4971.09,13904.07,NaN,NaN,NaN
11099,5198.79,13196.32,0,0,0.0000
11100,5263.39,13358.65,2,5,2.5000
11101,4864.44,13918.64,NaN,NaN,NaN
11102,5294.75,13562.77,NaN,NaN,NaN
11103,5447.00,13773.49,0,0,0.0000
11104,5198.86,13655.69,NaN,NaN,NaN
11105,4905.87,13461.26,NaN,NaN,NaN
11106,4912.97,13905.34,NaN,NaN,NaN
11107,5347.01,13557.73,0,0,0.0000
11108,5426.13,13420.30,0,0,0.0000
11109,5203.43,13502.69,NaN,NaN,NaN
11110,5085.08,13395.52,0,0,0.0000
11111,5468.60,13376.20,0,0,0.0000
11112,5104.45,13867.38,0,0,0.0000
11113,5157.26,13618.85,NaN,NaN,NaN
11114,5374.31,13686.86,0,0,0.0000
11115,5142.81,13655.15,NaN,NaN,NaN
11116,5402.77,13708.51,NaN,NaN,NaN
11117,5811.59,13237.56,NaN,NaN,NaN
11118,5784.03,13562.42,3,5,0.0000
11119,5965.56,13809.45,2,5,2.5000
11120,5870.57,13892.93,NaN,NaN,NaN
11121,5679.42,13694.92,NaN,NaN,NaN
11122,5709.12,13408.40,2,10,5.0000
11123,5534.09,13493.91,0,0,0.0000
11124,5853.14,13753.68,0,0,0.0000
11125,5910.34,13453.91,NaN,NaN,NaN
11126,5721.76,13887.59,0,0,0.0000
11127,5552.67,13335.51,0,0,0.0000
11128,5786.32,13340.43,0,0,0.0000
11129,5917.37,13637.32,0,0,0.0000
11130,5986.32,13447.97,2,3,0.0000
11131,5527.17,13779.99,NaN,NaN,NaN
11132,5906.33,13564.37,NaN,NaN,NaN
11133,5627.43,13880.91,NaN,NaN,NaN
11134,5554.67,13894.80,NaN,NaN,NaN
11135,5585.82,13417.63,NaN,NaN,NaN
11136,5618.89,13211.45,2,3,0.0000
11137,6044.42,13469.41,NaN,NaN,NaN
11138,5727.09,13767.32,NaN,NaN,NaN
11139,6021.03,13566.17,0,0,0.0000
11140,6000.57,13696.86,0,0,0.0000
11141,5656.41,13351.18,NaN,NaN,NaN
11142,5988.12,13924.04,NaN,NaN,NaN
11143,6046.36,13946.95,0,0,0.0000
11144,5657.46,13813.32,3,4,0.0000
11145,6036.65,13371.61,2,3,0.0000
11146,5596.92,13537.51,0,0,0.0000
11147,5601.10,13678.87,0,0,0.0000
11148,5841.84,13407.39,NaN,NaN,NaN
11149,5779.47,13786.14,0,0,0.0000
11150,5903.26,13346.01,0,0,0.0000
11151,5664.05,13518.25,NaN,NaN,NaN
11152,5530.47,13628.27,0,0,0.0000
11153,5662.61,13594.04,NaN,NaN,NaN
11154,5587.44,13752.27,0,0,0.0000
11155,5780.53,13486.84,NaN,NaN,NaN
11156,5684.48,13869.24,3,3,0.0000
11157,5693.23,13268.88,0,0,0.0000
11158,5965.46,13361.47,3,5,0.0000
11159,5624.03,13311.08,2,4,2.0000
11160,5801.23,13449.31,NaN,NaN,NaN
11161,5629.53,13617.83,0,0,0.0000
11162,5931.29,13256.82,NaN,NaN,NaN
11163,6067.56,13851.11,2,2,0.0000
11164,5649.77,13551.73,0,0,0.0000
11165,5674.86,13466.71,NaN,NaN,NaN
11166,5706.29,13345.45,NaN,NaN,NaN
11167,6493.97,13384.25,NaN,NaN,NaN
11168,6392.66,13294.02,NaN,NaN,NaN
11169,6451.79,13314.82,2,2,0.0000
11170,6334.89,13194.90,2,9,4.5000
11171,6453.53,13224.21,NaN,NaN,NaN
11172,7497.64,13303.58,NaN,NaN,NaN
11173,7447.52,13237.09,NaN,NaN,NaN
11174,7682.49,13187.72,4,8,2.0000
11175,7710.22,13268.36,NaN,NaN,NaN
11176,7546.14,13395.09,0,0,0.0000
11177,7573.85,13258.16,3,3,0.0000
11178,7609.59,13221.99,0,0,0.0000
11179,7575.10,13346.68,0,0,0.0000
11180,7419.09,13192.10,NaN,NaN,NaN
11181,7527.36,13214.58,2,2,0.0000
11182,7502.41,13378.41,0,0,0.0000
11183,7652.66,13361.10,0,0,0.0000
11184,8132.76,13422.00,0,0,0.0000
11185,8201.82,13257.35,NaN,NaN,NaN
11186,8233.37,13780.79,2,5,2.5000
11187,8143.42,13536.72,0,0,0.0000
11188,8123.00,13224.69,NaN,NaN,NaN
11189,8043.52,13451.66,NaN,NaN,NaN
11190,8223.71,13406.75,0,0,0.0000
11191,8195.12,13668.81,0,0,0.0000
11192,8273.77,13902.54,NaN,NaN,NaN
11193,8052.18,13675.55,NaN,NaN,NaN
11194,8133.46,13737.06,3,5,0.0000
11195,8215.08,13940.43,0,0,0.0000
11196,8001.23,13361.39,NaN,NaN,NaN
11197,8172.19,13815.47,NaN,NaN,NaN
11198,7955.29,13467.52,0,0,0.0000
11199,7998.69,13719.58,NaN,NaN,NaN
11200,7963.25,13747.57,2,5,2.5000
11201,7996.69,13817.14,NaN,NaN,NaN
11202,8198.47,13869.46,NaN,NaN,NaN
11203,8057.50,13542.11,NaN,NaN,NaN
11204,8110.92,13801.41,0,0,0.0000
11205,8294.83,13841.79,NaN,NaN,NaN
11206,8290.29,13781.17,2,2,0.0000
11207,8083.33,13747.06,NaN,NaN,NaN
11208,8117.36,13329.80,NaN,NaN,NaN
11209,8008.96,13514.77,NaN,NaN,NaN
11210,7981.38,13408.80,0,0,0.0000
11211,8043.41,13782.65,NaN,NaN,NaN
11212,8122.08,13602.72,0,0,0.0000
11213,8241.10,13340.77,NaN,NaN,NaN
11214,8026.86,13593.49,0,0,0.0000
11215,8031.22,13750.63,NaN,NaN,NaN
11216,8156.08,13333.06,NaN,NaN,NaN
11217,8339.19,13872.11,NaN,NaN,NaN
11218,7902.60,13553.69,NaN,NaN,NaN
11219,8275.05,13731.12,0,0,0.0000
11220,8069.26,13823.36,NaN,NaN,NaN
11221,8252.81,13868.76,0,0,0.0000
11222,8013.56,13638.97,NaN,NaN,NaN
11223,8138.34,13631.24,0,0,0.0000
11224,8046.72,13362.63,NaN,NaN,NaN
11225,9329.96,13681.88,0,0,0.0000
11226,9429.68,13826.92,2,3,0.0000
11227,9383.16,13883.62,3,1,0.0000
11228,9417.22,13930.58,NaN,NaN,NaN
11229,9425.87,13688.09,0,0,0.0000
11230,9372.98,13606.42,NaN,NaN,NaN
11231,9373.50,13654.28,0,0,0.0000
11232,9373.75,13774.34,NaN,NaN,NaN
11233,9401.68,13741.44,0,0,0.0000
11234,9355.60,13747.25,0,0,0.0000
11235,10847.28,13636.61,NaN,NaN,NaN
11236,10291.48,13398.53,0,0,0.0000
11237,10398.39,13438.91,NaN,NaN,NaN
11238,10264.78,13325.32,NaN,NaN,NaN
11239,10189.50,13220.71,0,0,0.0000
11240,10917.48,13545.94,0,0,0.0000
11241,11605.07,13254.34,3,8,2.6667
11242,11638.18,13314.24,0,0,0.0000
11243,11083.99,13646.02,NaN,NaN,NaN
11244,12336.99,13925.63,NaN,NaN,NaN
11245,11907.43,13251.34,NaN,NaN,NaN
11246,11802.66,13302.62,NaN,NaN,NaN
11247,12076.86,13922.56,NaN,NaN,NaN
11248,12331.31,13830.89,NaN,NaN,NaN
11249,12230.37,13899.69,NaN,NaN,NaN
11250,11656.08,13271.58,NaN,NaN,NaN
11251,12271.22,13936.88,0,0,0.0000
11252,12161.15,13919.88,0,0,0.0000
11253,11834.95,13231.96,NaN,NaN,NaN
11254,12062.38,13186.74,NaN,NaN,NaN
11255,12020.59,13227.66,NaN,NaN,NaN
11256,11739.90,13317.60,0,0,0.0000
11257,12216.65,13836.19,0,0,0.0000
11258,12175.69,13873.48,2,2,0.0000
11259,13022.41,13827.89,NaN,NaN,NaN
11260,13131.42,13505.71,NaN,NaN,NaN
11261,13038.29,13603.37,0,0,0.0000
11262,13107.59,13204.05,0,0,0.0000
11263,12998.33,13316.99,NaN,NaN,NaN
11264,12861.72,13917.28,NaN,NaN,NaN
11265,12628.49,13826.76,4,7,0.0000
11266,12762.21,13289.33,NaN,NaN,NaN
11267,12821.82,13598.32,2,3,0.0000
11268,12942.88,13220.14,0,0,0.0000
11269,12872.02,13334.85,NaN,NaN,NaN
11270,12789.01,13762.81,0,0,0.0000
11271,13149.23,13343.43,NaN,NaN,NaN
11272,13085.50,13297.03,NaN,NaN,NaN
11273,12859.29,13512.02,NaN,NaN,NaN
11274,12736.21,13458.47,NaN,NaN,NaN
11275,13153.44,13728.64,3,9,3.0000
11276,12931.06,13468.10,0,0,0.0000
11277,12949.51,13641.66,NaN,NaN,NaN
11278,12946.98,13716.78,0,0,0.0000
11279,12452.97,13878.72,NaN,NaN,NaN
11280,12674.01,13927.82,NaN,NaN,NaN
11281,12542.50,13839.80,0,0,0.0000
11282,13094.86,13847.88,4,8,2.0000
11283,12644.54,13737.16,0,0,0.0000
11284,12695.97,13569.28,4,6,0.0000
11285,12660.40,13501.29,2,5,2.5000
11286,12730.71,13622.48,0,0,0.0000
11287,12697.49,13718.83,0,0,0.0000
11288,12878.39,13777.54,0,0,0.0000
11289,12841.92,13249.72,NaN,NaN,NaN
11290,12914.67,13401.55,2,5,2.5000
11291,12686.31,13313.46,0,0,0.0000
11292,12801.61,13446.09,0,0,0.0000
11293,12658.79,13370.90,NaN,NaN,NaN
11294,12754.75,13843.55,0,0,0.0000
11295,12733.39,13891.05,NaN,NaN,NaN
11296,12464.45,13821.81,0,0,0.0000
11297,12878.91,13666.30,0,0,0.0000
11298,12567.32,13562.80,0,0,0.0000
11299,12789.26,13884.96,NaN,NaN,NaN
11300,12923.92,13867.29,3,5,0.0000
11301,12740.89,13666.62,0,0,0.0000
11302,12828.04,13684.23,0,0,0.0000
11303,12518.32,13922.68,NaN,NaN,NaN
11304,13183.31,13668.42,0,0,0.0000
11305,12680.96,13401.03,0,0,0.0000
11306,13315.33,13236.98,NaN,NaN,NaN
11307,13304.84,13447.60,0,0,0.0000
11308,13547.49,13369.28,0,0,0.0000
11309,13583.45,13184.48,4,7,0.0000
11310,13484.36,13240.70,NaN,NaN,NaN
11311,13719.69,13751.04,NaN,NaN,NaN
11312,13341.89,13814.23,NaN,NaN,NaN
11313,13205.52,13817.25,NaN,NaN,NaN
11314,13491.43,13950.76,NaN,NaN,NaN
11315,13222.45,13359.41,3,4,0.0000
11316,13486.24,13691.29,NaN,NaN,NaN
11317,13234.97,13557.35,NaN,NaN,NaN
11318,13268.10,13867.48,2,4,2.0000
11319,13633.20,13808.41,0,0,0.0000
11320,13315.39,13590.80,2,2,0.0000
11321,13657.66,13279.17,2,4,2.0000
11322,13615.25,13626.64,NaN,NaN,NaN
11323,13196.22,13214.59,NaN,NaN,NaN
11324,13573.97,13743.02,2,3,0.0000
11325,13523.56,13524.94,NaN,NaN,NaN
11326,13412.52,13385.67,NaN,NaN,NaN
11327,13325.81,13914.24,0,0,0.0000
11328,13473.07,13340.52,NaN,NaN,NaN
11329,13429.19,13597.95,NaN,NaN,NaN
11330,13249.13,13650.14,2,2,0.0000
11331,13605.41,13863.27,NaN,NaN,NaN
11332,13648.91,13744.24,NaN,NaN,NaN
11333,13695.28,13874.45,0,0,0.0000
11334,13494.39,13617.82,NaN,NaN,NaN
11335,13666.25,13592.35,3,3,0.0000
11336,13364.24,13725.01,3,4,0.0000
11337,13484.37,13818.20,NaN,NaN,NaN
11338,13686.67,13659.86,NaN,NaN,NaN
11339,13567.12,13914.54,NaN,NaN,NaN
11340,13738.37,13649.40,NaN,NaN,NaN
11341,13542.03,13582.68,NaN,NaN,NaN
11342,13249.48,13717.07,0,0,0.0000
11343,13579.28,13567.71,NaN,NaN,NaN
11344,13618.55,13672.80,0,0,0.0000
11345,13437.00,13832.79,NaN,NaN,NaN
11346,13336.17,13676.68,0,0,0.0000
11347,13619.38,13916.42,NaN,NaN,NaN
11348,13780.64,13712.01,NaN,NaN,NaN
11349,13560.36,13814.88,2,5,2.5000
11350,13536.39,13861.48,NaN,NaN,NaN
11351,13472.80,13755.75,0,0,0.0000
11352,13763.41,13625.94,NaN,NaN,NaN
11353,13310.73,13868.08,0,0,0.0000
11354,13733.59,13497.85,0,0,0.0000
11355,13562.86,13663.17,NaN,NaN,NaN
11356,13408.63,13666.90,0,0,0.0000
11357,13204.46,13624.36,NaN,NaN,NaN
11358,13613.20,13305.59,NaN,NaN,NaN
11359,13424.86,13276.53,NaN,NaN,NaN
11360,13437.74,13901.36,NaN,NaN,NaN
11361,13586.44,13799.10,NaN,NaN,NaN
11362,13723.29,13609.53,NaN,NaN,NaN
11363,13750.88,13838.08,NaN,NaN,NaN
11364,13538.20,13628.67,NaN,NaN,NaN
11365,13796.88,13674.80,0,0,0.0000
11366,13633.21,13403.10,0,0,0.0000
11367,14091.45,13380.47,0,0,0.0000
11368,16337.86,13205.35,NaN,NaN,NaN
11369,16175.52,13276.63,NaN,NaN,NaN
11370,15931.94,13192.74,0,0,0.0000
11371,16143.53,13358.35,0,0,0.0000
11372,16244.24,13484.10,0,0,0.0000
11373,16107.51,13247.28,2,6,3.0000
11374,16205.58,13412.42,0,0,0.0000
11375,16313.07,13488.06,NaN,NaN,NaN
11376,16356.37,13347.50,2,5,2.5000
11377,16097.04,13309.73,0,0,0.0000
11378,16275.07,13559.00,0,0,0.0000
11379,16013.49,13191.49,0,0,0.0000
11380,16319.23,13414.57,NaN,NaN,NaN
11381,16279.96,13315.76,NaN,NaN,NaN
11382,16316.15,13345.87,3,7,2.3333
11383,16247.87,13359.87,NaN,NaN,NaN
11384,16278.11,13607.69,0,0,0.0000
11385,16271.32,13198.86,NaN,NaN,NaN
11386,16325.03,13801.44,0,0,0.0000
11387,16268.33,13418.27,0,0,0.0000
11388,16223.52,13321.35,0,0,0.0000
11389,16273.06,13702.42,NaN,NaN,NaN
11390,16256.21,13276.35,0,0,0.0000
11391,16365.56,13402.93,2,5,2.5000
11392,16288.04,13659.89,0,0,0.0000
11393,16303.57,13698.07,0,0,0.0000
11394,16251.44,13705.75,NaN,NaN,NaN
11395,16207.84,13359.17,0,0,0.0000
11396,16153.32,13419.43,0,0,0.0000
11397,16341.07,13722.97,0,0,0.0000
11398,851.46,14462.95,2,4,2.0000
11399,599.09,14325.99,2,1,0.0000
11400,826.92,14088.64,NaN,NaN,NaN
11401,592.12,14443.74,3,4,0.0000
11402,616.07,14663.27,0,0,0.0000
11403,698.45,14357.42,NaN,NaN,NaN
11404,715.23,14436.27,0,0,0.0000
11405,863.15,14332.42,0,0,0.0000
11406,616.48,14546.32,NaN,NaN,NaN
11407,730.75,14302.13,2,5,2.5000
11408,621.88,14062.28,NaN,NaN,NaN
11409,653.95,14121.29,NaN,NaN,NaN
11410,758.02,14613.15,2,2,0.0000
11411,502.25,14708.58,NaN,NaN,NaN
11412,855.24,14584.42,0,0,0.0000
11413,820.09,14189.64,4,5,0.0000
11414,450.63,14667.60,0,0,0.0000
11415,74.59,14616.87,NaN,NaN,NaN
11416,517.35,14535.17,2,3,0.0000
11417,803.07,14647.11,2,3,0.0000
11418,763.57,14169.87,NaN,NaN,NaN
11419,857.08,14683.81,NaN,NaN,NaN
11420,749.30,14048.51,2,2,0.0000
11421,657.14,14236.48,4,9,2.2500
11422,891.68,14187.30,NaN,NaN,NaN
11423,630.92,14005.81,NaN,NaN,NaN
11424,784.27,14400.74,0,0,0.0000
11425,837.86,14022.27,0,0,0.0000
11426,538.15,14579.34,4,3,0.0000
11427,708.85,14139.54,2,3,0.0000
11428,591.66,14597.52,NaN,NaN,NaN
11429,773.28,13978.24,NaN,NaN,NaN
11430,560.41,14013.20,NaN,NaN,NaN
11431,580.99,14255.58,NaN,NaN,NaN
11432,892.79,14139.48,NaN,NaN,NaN
11433,529.54,14655.35,2,2,0.0000
11434,696.64,14012.76,NaN,NaN,NaN
11435,864.62,14225.06,NaN,NaN,NaN
11436,699.99,14067.76,3,4,0.0000
11437,521.89,14621.55,2,3,0.0000
11438,746.08,14685.72,0,0,0.0000
11439,703.90,14698.56,NaN,NaN,NaN
11440,688.45,13985.39,NaN,NaN,NaN
11441,427.78,14636.40,2,2,0.0000
11442,563.18,13961.88,NaN,NaN,NaN
11443,854.24,14628.02,NaN,NaN,NaN
11444,656.75,14696.96,NaN,NaN,NaN
11445,475.55,14604.80,NaN,NaN,NaN
11446,427.95,14594.30,NaN,NaN,NaN
11447,659.98,14477.51,NaN,NaN,NaN
11448,1387.76,14259.95,2,1,0.0000
11449,1261.65,14333.42,2,2,0.0000
11450,1125.96,14502.10,NaN,NaN,NaN
11451,1176.59,14079.69,2,2,0.0000
11452,1080.08,14633.48,NaN,NaN,NaN
11453,936.55,14036.48,NaN,NaN,NaN
11454,1297.83,14490.90,NaN,NaN,NaN
11455,951.89,14351.09,NaN,NaN,NaN
11456,1053.08,14035.48,NaN,NaN,NaN
11457,1050.37,14091.45,NaN,NaN,NaN
11458,1337.48,14179.22,NaN,NaN,NaN
11459,1032.88,14198.26,NaN,NaN,NaN
11460,1136.33,14286.25,NaN,NaN,NaN
11461,1038.33,13967.36,2,1,0.0000
11462,1358.69,14582.05,NaN,NaN,NaN
11463,980.97,14553.72,0,0,0.0000
11464,1286.90,14011.44,2,1,0.0000
11465,1074.33,14141.61,NaN,NaN,NaN
11466,1362.93,14500.67,NaN,NaN,NaN
11467,915.69,14282.74,NaN,NaN,NaN
11468,1202.56,14227.35,2,3,0.0000
11469,1257.23,14096.64,NaN,NaN,NaN
11470,1246.85,14264.56,0,0,0.0000
11471,1098.43,14694.71,NaN,NaN,NaN
11472,1221.55,14464.14,NaN,NaN,NaN
11473,1443.42,14380.28,NaN,NaN,NaN
11474,1238.68,14555.86,0,0,0.0000
11475,1090.60,14354.44,3,6,2.0000
11476,1293.01,14696.29,4,4,0.0000
11477,964.77,14174.21,4,6,0.0000
11478,1063.38,14556.71,2,4,2.0000
11479,1255.26,14418.90,0,0,0.0000
11480,1103.66,14248.91,NaN,NaN,NaN
11481,924.25,14499.73,NaN,NaN,NaN
11482,1549.87,14284.02,2,4,2.0000
11483,1156.31,14395.91,NaN,NaN,NaN
11484,1496.24,14358.56,2,3,0.0000
11485,945.65,14646.22,3,3,0.0000
11486,1264.77,14611.94,2,1,0.0000
11487,1601.46,14386.96,0,0,0.0000
11488,1266.63,14179.30,0,0,0.0000
11489,1589.55,14315.98,NaN,NaN,NaN
11490,1163.70,13967.74,NaN,NaN,NaN
11491,1203.51,14655.65,NaN,NaN,NaN
11492,1042.30,14275.73,0,0,0.0000
11493,1114.45,13995.70,0,0,0.0000
11494,1492.99,14281.55,NaN,NaN,NaN
11495,1147.51,14176.82,NaN,NaN,NaN
11496,1335.55,14121.29,NaN,NaN,NaN
11497,1292.85,14234.78,NaN,NaN,NaN
11498,1454.88,14316.32,3,3,0.0000
11499,1358.22,14643.49,NaN,NaN,NaN
11500,971.44,14282.83,4,6,0.0000
11501,1338.67,14384.61,NaN,NaN,NaN
11502,1203.92,14607.94,0,0,0.0000
11503,1193.45,14494.94,NaN,NaN,NaN
11504,963.70,14231.85,NaN,NaN,NaN
11505,1370.65,14699.15,2,3,0.0000
11506,1654.10,14405.98,NaN,NaN,NaN
11507,1086.64,14195.56,NaN,NaN,NaN
11508,928.88,14107.48,4,6,0.0000
11509,1197.16,14161.11,NaN,NaN,NaN
11510,1207.00,14695.71,0,0,0.0000
11511,1006.79,14504.61,NaN,NaN,NaN
11512,1256.65,14662.79,NaN,NaN,NaN
11513,1114.80,14570.24,3,4,0.0000
11514,1405.63,14582.50,0,0,0.0000
11515,949.34,13969.37,0,0,0.0000
11516,1389.89,14392.85,NaN,NaN,NaN
11517,1558.54,14382.60,0,0,0.0000
11518,1119.21,14058.98,3,4,0.0000
11519,982.60,14474.36,NaN,NaN,NaN
11520,901.95,14708.01,2,2,0.0000
11521,1084.06,14393.60,NaN,NaN,NaN
11522,1158.32,14330.85,3,4,0.0000
11523,1053.90,14437.87,NaN,NaN,NaN
11524,1175.78,14443.54,2,4,2.0000
11525,1001.02,14130.22,NaN,NaN,NaN
11526,1302.00,14060.16,0,0,0.0000
11527,1374.00,14435.50,NaN,NaN,NaN
11528,1312.08,14650.42,2,4,2.0000
11529,1055.55,14480.33,3,4,0.0000
11530,1436.25,14611.38,NaN,NaN,NaN
11531,1478.01,14241.60,NaN,NaN,NaN
11532,1702.81,14476.77,2,3,0.0000
11533,1838.52,14661.77,NaN,NaN,NaN
11534,1667.60,14297.28,NaN,NaN,NaN
11535,1822.17,14566.26,0,0,0.0000
11536,1775.28,14513.92,NaN,NaN,NaN
11537,1780.92,14381.76,4,6,0.0000
11538,1664.71,14357.84,2,2,0.0000
11539,1847.14,14505.12,4,3,0.0000
11540,1904.30,14676.16,NaN,NaN,NaN
11541,1778.06,14437.91,2,4,2.0000
11542,1808.03,14614.16,0,0,0.0000
11543,1765.83,14015.13,NaN,NaN,NaN
11544,3926.64,14405.75,NaN,NaN,NaN
11545,3871.52,14572.93,NaN,NaN,NaN
11546,3753.51,14053.22,NaN,NaN,NaN
11547,3913.26,14026.10,NaN,NaN,NaN
11548,3836.17,14247.35,0,0,0.0000
11549,3712.95,13990.55,0,0,0.0000
11550,3807.56,14092.09,NaN,NaN,NaN
11551,3844.72,14332.45,NaN,NaN,NaN
11552,3824.56,13982.08,NaN,NaN,NaN
11553,3775.02,14280.13,0,0,0.0000
11554,3893.39,14182.69,2,2,0.0000
11555,3865.09,14105.15,NaN,NaN,NaN
11556,3936.24,14105.06,0,0,0.0000
11557,3683.95,14095.90,NaN,NaN,NaN
11558,3851.75,14485.68,NaN,NaN,NaN
11559,3628.80,13985.45,NaN,NaN,NaN
11560,3727.45,14309.65,NaN,NaN,NaN
11561,3953.14,14473.81,0,0,0.0000
11562,3784.53,14546.43,NaN,NaN,NaN
11563,3799.84,14603.08,4,7,0.0000
11564,3639.36,14038.71,0,0,0.0000
11565,3702.96,14180.81,0,0,0.0000
11566,3937.95,14336.41,NaN,NaN,NaN
11567,3738.24,14387.18,4,5,0.0000
11568,3771.05,14448.13,NaN,NaN,NaN
11569,3925.74,14518.63,0,0,0.0000
11570,3569.16,13983.98,NaN,NaN,NaN
11571,3736.76,14451.00,0,0,0.0000
11572,3799.64,14697.01,NaN,NaN,NaN
11573,3784.17,14349.46,NaN,NaN,NaN
11574,3799.38,14388.80,NaN,NaN,NaN
11575,3844.34,14438.90,NaN,NaN,NaN
11576,3920.79,14288.51,0,0,0.0000
11577,3845.54,14395.69,3,4,0.0000
11578,3775.96,14174.05,NaN,NaN,NaN
11579,4143.23,14636.55,NaN,NaN,NaN
11580,4254.09,14516.84,NaN,NaN,NaN
11581,4118.45,13959.17,2,3,0.0000
11582,4046.85,14297.30,NaN,NaN,NaN
11583,4100.78,14454.72,NaN,NaN,NaN
11584,4039.74,14199.13,NaN,NaN,NaN
11585,4364.81,14502.32,5,6,0.0000
11586,4154.44,14344.71,NaN,NaN,NaN
11587,4728.21,14649.20,4,9,2.2500
11588,4477.40,14465.95,NaN,NaN,NaN
11589,4559.64,14311.22,NaN,NaN,NaN
11590,4180.36,14263.80,2,2,0.0000
11591,3970.02,14664.83,3,4,0.0000
11592,4036.68,14403.98,4,5,0.0000
11593,4646.32,14319.66,2,5,2.5000
11594,4173.11,14080.66,NaN,NaN,NaN
11595,4057.43,14133.12,NaN,NaN,NaN
11596,4245.19,13998.26,0,0,0.0000
11597,4513.57,14546.54,3,4,0.0000
11598,4443.79,14671.94,NaN,NaN,NaN
11599,4702.59,14565.69,NaN,NaN,NaN
11600,4200.22,14170.28,3,5,0.0000
11601,4606.58,14633.00,NaN,NaN,NaN
11602,4188.57,14444.81,NaN,NaN,NaN
11603,3999.94,14070.20,NaN,NaN,NaN
11604,4244.47,14324.81,3,4,0.0000
11605,4569.20,14485.90,NaN,NaN,NaN
11606,4239.69,14061.93,NaN,NaN,NaN
11607,4666.63,14237.41,NaN,NaN,NaN
11608,4533.45,14714.44,NaN,NaN,NaN
11609,4242.75,14201.16,0,0,0.0000
11610,4428.15,14344.78,3,1,0.0000
11611,4628.65,14703.71,0,0,0.0000
11612,4373.52,14692.67,NaN,NaN,NaN
11613,4714.53,14212.56,0,0,0.0000
11614,4584.60,14377.03,3,4,0.0000
11615,4040.78,14002.12,3,6,2.0000
11616,4293.78,14680.29,3,5,0.0000
11617,4496.24,14373.54,2,7,3.5000
11618,4665.51,14642.71,NaN,NaN,NaN
11619,4105.54,14555.09,2,5,2.5000
11620,4554.02,14615.52,0,0,0.0000
11621,4605.29,14553.89,0,0,0.0000
11622,4492.05,14417.56,NaN,NaN,NaN
11623,4674.70,14480.19,0,0,0.0000
11624,4264.75,14249.45,NaN,NaN,NaN
11625,4513.46,14659.54,NaN,NaN,NaN
11626,4664.76,14537.52,0,0,0.0000
11627,4380.53,14622.98,NaN,NaN,NaN
11628,4428.03,14547.39,0,0,0.0000
11629,4627.92,14451.43,NaN,NaN,NaN
11630,4178.82,14530.70,NaN,NaN,NaN
11631,4377.52,14315.13,NaN,NaN,NaN
11632,4651.59,14398.50,0,0,0.0000
11633,4323.30,14307.31,0,0,0.0000
11634,3968.17,14214.71,NaN,NaN,NaN
11635,4311.96,14266.34,NaN,NaN,NaN
11636,4668.30,14159.33,NaN,NaN,NaN
11637,4422.98,14597.83,0,0,0.0000
11638,4093.77,14043.48,NaN,NaN,NaN
11639,4708.03,14389.64,0,0,0.0000
11640,4107.10,14110.92,NaN,NaN,NaN
11641,4340.14,14642.36,NaN,NaN,NaN
11642,4000.77,14353.67,NaN,NaN,NaN
11643,4331.40,14452.41,0,0,0.0000
11644,4055.76,14531.67,NaN,NaN,NaN
11645,4304.61,14429.64,0,0,0.0000
11646,4313.58,14499.06,NaN,NaN,NaN
11647,4255.38,14406.62,NaN,NaN,NaN
11648,4365.99,14360.64,0,0,0.0000
11649,4432.18,14407.17,3,7,2.3333
11650,4703.52,14307.19,NaN,NaN,NaN
11651,4569.09,14671.05,NaN,NaN,NaN
11652,4129.87,14080.51,0,0,0.0000
11653,4720.14,14125.71,NaN,NaN,NaN
11654,4481.05,14612.64,NaN,NaN,NaN
11655,3971.17,14127.31,NaN,NaN,NaN
11656,4690.79,14719.90,0,0,0.0000
11657,5374.36,14026.31,NaN,NaN,NaN
11658,5121.24,14456.90,NaN,NaN,NaN
11659,5460.68,14330.75,2,5,2.5000
11660,5064.93,14309.61,0,0,0.0000
11661,5390.77,14564.04,NaN,NaN,NaN
11662,4994.43,14107.12,NaN,NaN,NaN
11663,4783.15,14197.77,NaN,NaN,NaN
11664,4837.08,14031.70,NaN,NaN,NaN
11665,4934.02,14000.97,2,3,0.0000
11666,4769.69,14412.59,4,2,0.0000
11667,5028.61,14214.72,NaN,NaN,NaN
11668,5327.27,14099.25,NaN,NaN,NaN
11669,4911.21,14201.78,NaN,NaN,NaN
11670,5310.96,14422.63,2,6,3.0000
11671,4896.88,14596.79,2,4,2.0000
11672,5416.54,14469.84,NaN,NaN,NaN
11673,5180.94,14149.46,0,0,0.0000
11674,5453.44,14097.79,0,0,0.0000
11675,4801.19,14586.45,NaN,NaN,NaN
11676,5346.41,14316.55,2,4,2.0000
11677,5114.48,14613.69,0,0,0.0000
11678,5500.39,14607.61,NaN,NaN,NaN
11679,5032.54,14719.21,0,0,0.0000
11680,5172.01,13955.68,0,0,0.0000
11681,5097.51,13985.00,NaN,NaN,NaN
11682,4808.18,14453.79,NaN,NaN,NaN
11683,5217.19,14646.85,2,3,0.0000
11684,4997.17,14545.02,2,3,0.0000
11685,5212.30,14491.35,NaN,NaN,NaN
11686,5295.19,14247.51,2,1,0.0000
11687,4906.80,14532.44,NaN,NaN,NaN
11688,5266.83,14566.38,NaN,NaN,NaN
11689,4766.04,14329.13,NaN,NaN,NaN
11690,4781.54,14098.75,2,4,2.0000
11691,5309.90,14686.32,0,0,0.0000
11692,5222.75,14079.81,NaN,NaN,NaN
11693,4901.26,14699.81,NaN,NaN,NaN
11694,5410.63,14393.46,NaN,NaN,NaN
11695,5151.34,14543.46,NaN,NaN,NaN
11696,4981.50,14595.66,NaN,NaN,NaN
11697,4748.07,14508.49,NaN,NaN,NaN
11698,4944.81,14647.86,0,0,0.0000
11699,5122.82,14676.74,0,0,0.0000
11700,5230.54,14714.68,NaN,NaN,NaN
11701,4850.66,14668.37,4,8,2.0000
11702,5026.44,14009.97,NaN,NaN,NaN
11703,5199.35,14025.08,0,0,0.0000
11704,5042.89,14648.47,0,0,0.0000
11705,5066.32,14397.92,0,0,0.0000
11706,4829.81,14522.14,NaN,NaN,NaN
11707,4863.10,14469.42,NaN,NaN,NaN
11708,5000.98,14460.70,2,3,0.0000
11709,4803.43,14712.87,4,8,2.0000
11710,5418.64,14174.29,0,0,0.0000
11711,5226.85,14225.98,0,0,0.0000
11712,4963.89,14379.95,NaN,NaN,NaN
11713,4888.39,14383.68,0,0,0.0000
11714,5334.50,14618.73,NaN,NaN,NaN
11715,5199.93,14351.87,0,0,0.0000
11716,5193.41,14403.82,NaN,NaN,NaN
11717,5259.50,13976.24,0,0,0.0000
11718,5007.16,14370.14,0,0,0.0000
11719,5180.85,14686.77,NaN,NaN,NaN
11720,5114.01,14122.40,0,0,0.0000
11721,4890.18,14311.87,NaN,NaN,NaN
11722,5014.96,14501.52,3,3,0.0000
11723,4838.38,14139.61,3,7,2.3333
11724,4818.48,14294.55,NaN,NaN,NaN
11725,5248.78,14446.05,NaN,NaN,NaN
11726,5498.59,14545.41,NaN,NaN,NaN
11727,4900.91,14081.86,NaN,NaN,NaN
11728,5150.10,14340.54,NaN,NaN,NaN
11729,4830.55,14350.54,0,0,0.0000
11730,5065.95,14077.13,3,2,0.0000
11731,4875.62,14160.46,NaN,NaN,NaN
11732,4748.78,14277.49,0,0,0.0000
11733,4939.21,14285.49,0,0,0.0000
11734,5242.01,14181.49,0,0,0.0000
11735,5489.05,14659.76,NaN,NaN,NaN
11736,5163.54,14254.69,0,0,0.0000
11737,5360.75,14501.77,0,0,0.0000
11738,4853.47,14305.65,2,6,3.0000
11739,5127.82,14190.39,0,0,0.0000
11740,5453.15,14002.44,0,0,0.0000
11741,5351.66,14196.11,0,0,0.0000
11742,5105.81,14221.67,NaN,NaN,NaN
11743,5297.48,14533.80,NaN,NaN,NaN
11744,4789.64,14662.11,0,0,0.0000
11745,5085.20,14536.96,NaN,NaN,NaN
11746,4935.03,14451.88,NaN,NaN,NaN
11747,5158.75,14291.66,0,0,0.0000
11748,5012.50,13952.29,NaN,NaN,NaN
11749,5398.96,14620.66,0,0,0.0000
11750,4913.80,14476.46,NaN,NaN,NaN
11751,4932.45,14403.18,0,0,0.0000
11752,5261.52,14150.15,0,0,0.0000
11753,5321.42,14494.33,0,0,0.0000
11754,5180.12,14591.04,0,0,0.0000
11755,5666.43,14245.53,2,4,2.0000
11756,5860.96,14445.72,5,8,0.0000
11757,5857.67,14009.63,NaN,NaN,NaN
11758,5921.06,14161.83,0,0,0.0000
11759,5754.08,14156.70,3,9,3.0000
11760,6124.89,14395.48,2,3,0.0000
11761,5676.48,14100.40,NaN,NaN,NaN
11762,5575.40,14114.94,2,1,0.0000
11763,5509.81,14196.21,3,3,0.0000
11764,6009.10,14133.17,NaN,NaN,NaN
11765,5554.73,14510.14,NaN,NaN,NaN
11766,5724.89,14440.06,NaN,NaN,NaN
11767,5841.53,14263.98,0,0,0.0000
11768,5624.75,14707.39,NaN,NaN,NaN
11769,5749.84,13962.77,NaN,NaN,NaN
11770,6055.85,14180.80,2,4,2.0000
11771,5667.39,14004.40,NaN,NaN,NaN
11772,5834.98,14108.77,0,0,0.0000
11773,5920.38,14304.14,0,0,0.0000
11774,5743.12,14357.95,2,2,0.0000
11775,5516.39,14038.58,2,3,0.0000
11776,6005.18,14284.51,0,0,0.0000
11777,5615.22,14409.02,0,0,0.0000
11778,6254.27,14127.78,2,6,3.0000
11779,5986.01,14035.00,0,0,0.0000
11780,5823.36,14348.40,NaN,NaN,NaN
11781,5990.52,14391.62,2,5,2.5000
11782,6091.81,14223.26,NaN,NaN,NaN
11783,5576.40,14649.43,NaN,NaN,NaN
11784,5548.69,14439.76,0,0,0.0000
11785,5720.18,14699.54,2,7,3.5000
11786,6215.66,14223.72,NaN,NaN,NaN
11787,5669.88,14638.24,NaN,NaN,NaN
11788,5631.87,14473.37,NaN,NaN,NaN
11789,5949.34,14358.50,0,0,0.0000
11790,5948.15,13981.62,NaN,NaN,NaN
11791,5524.42,14673.41,NaN,NaN,NaN
11792,5982.17,14455.78,0,0,0.0000
11793,6027.23,14396.32,NaN,NaN,NaN
11794,5794.27,14677.22,3,5,0.0000
11795,5951.27,14445.98,0,0,0.0000
11796,5587.75,14595.72,0,0,0.0000
11797,5780.57,14704.98,NaN,NaN,NaN
11798,5776.02,14295.10,0,0,0.0000
11799,5597.44,14036.27,0,0,0.0000
11800,5753.01,14660.39,NaN,NaN,NaN
11801,5596.27,14302.70,0,0,0.0000
11802,5555.16,14261.05,0,0,0.0000
11803,5840.11,14191.58,0,0,0.0000
11804,6243.45,14048.54,NaN,NaN,NaN
11805,6279.11,14203.61,NaN,NaN,NaN
11806,7756.34,14091.39,NaN,NaN,NaN
11807,7792.14,14505.61,NaN,NaN,NaN
11808,7760.89,14421.33,0,0,0.0000
11809,7755.01,14292.41,NaN,NaN,NaN
11810,7795.38,14670.28,0,0,0.0000
11811,7600.39,14497.54,NaN,NaN,NaN
11812,7727.69,14228.87,0,0,0.0000
11813,7627.31,14682.27,3,5,0.0000
11814,7714.96,14314.27,NaN,NaN,NaN
11815,7617.89,14567.17,0,0,0.0000
11816,7710.87,14433.26,0,0,0.0000
11817,7699.64,14194.80,0,0,0.0000
11818,7679.78,14308.41,NaN,NaN,NaN
11819,7805.14,14303.75,0,0,0.0000
11820,7964.97,14698.74,NaN,NaN,NaN
11821,7834.97,14388.22,2,1,0.0000
11822,8221.96,14086.32,NaN,NaN,NaN
11823,7867.45,14599.67,NaN,NaN,NaN
11824,7811.96,14393.98,NaN,NaN,NaN
11825,8268.26,14039.86,0,0,0.0000
11826,7922.78,14591.33,NaN,NaN,NaN
11827,8287.57,13967.65,NaN,NaN,NaN
11828,7815.94,14245.60,0,0,0.0000
11829,7896.37,14404.14,0,0,0.0000
11830,8166.68,14097.38,NaN,NaN,NaN
11831,7896.51,14476.45,2,2,0.0000
11832,7869.66,14337.23,NaN,NaN,NaN
11833,7822.05,14614.98,2,6,3.0000
11834,7879.99,14273.74,NaN,NaN,NaN
11835,7841.34,14528.44,2,4,2.0000
11836,8262.78,14107.04,0,0,0.0000
11837,8101.60,14156.96,NaN,NaN,NaN
11838,7863.81,14223.15,0,0,0.0000
11839,8184.83,14023.66,3,3,0.0000
11840,7900.11,14653.84,2,2,0.0000
11841,9407.33,13993.79,NaN,NaN,NaN
11842,9466.07,13958.29,0,0,0.0000
11843,9461.06,14046.16,NaN,NaN,NaN
11844,11629.91,14568.12,NaN,NaN,NaN
11845,11464.20,14453.73,NaN,NaN,NaN
11846,11596.58,14212.11,2,2,0.0000
11847,11572.96,14277.64,3,8,2.6667
11848,11557.07,14426.14,NaN,NaN,NaN
11849,11519.43,14347.75,3,4,0.0000
11850,11590.97,14666.18,NaN,NaN,NaN
11851,11511.69,14301.56,0,0,0.0000
11852,11623.33,14394.09,0,0,0.0000
11853,11637.93,14435.97,0,0,0.0000
11854,11367.58,14551.25,0,0,0.0000
11855,11531.22,14253.95,0,0,0.0000
11856,12031.66,14450.74,2,5,2.5000
11857,11972.28,13997.92,NaN,NaN,NaN
11858,12319.15,14274.83,2,1,0.0000
11859,12049.25,14193.61,3,4,0.0000
11860,11981.19,14305.50,NaN,NaN,NaN
11861,12252.46,14474.54,NaN,NaN,NaN
11862,11743.88,14517.66,NaN,NaN,NaN
11863,11677.17,14120.97,2,7,3.5000
11864,12339.52,14155.70,2,3,0.0000
11865,12134.99,14009.04,NaN,NaN,NaN
11866,12202.21,14335.58,2,5,2.5000
11867,11730.92,14253.91,NaN,NaN,NaN
11868,12127.48,14570.15,NaN,NaN,NaN
11869,12218.45,14585.99,NaN,NaN,NaN
11870,12262.33,14024.10,NaN,NaN,NaN
11871,11710.52,14362.69,NaN,NaN,NaN
11872,11739.76,14697.99,NaN,NaN,NaN
11873,11909.75,14565.37,NaN,NaN,NaN
11874,11826.18,14098.46,2,2,0.0000
11875,12166.07,14192.82,3,10,3.3333
11876,11891.46,13954.88,2,6,3.0000
11877,12341.40,14562.21,2,1,0.0000
11878,11656.05,14321.69,2,4,2.0000
11879,11845.98,14667.82,NaN,NaN,NaN
11880,11755.08,14139.48,0,0,0.0000
11881,12129.65,14269.53,NaN,NaN,NaN
11882,11935.35,14234.02,NaN,NaN,NaN
11883,11903.47,14486.87,NaN,NaN,NaN
11884,11784.38,14632.20,NaN,NaN,NaN
11885,11752.95,14001.99,NaN,NaN,NaN
11886,12400.12,14522.66,3,5,0.0000
11887,12368.85,14033.85,2,4,2.0000
11888,11983.44,14635.91,0,0,0.0000
11889,12057.82,14618.65,0,0,0.0000
11890,11658.77,14479.28,0,0,0.0000
11891,12394.86,14355.35,0,0,0.0000
11892,12397.76,14606.21,NaN,NaN,NaN
11893,12055.08,14012.53,NaN,NaN,NaN
11894,12154.21,14492.14,2,6,3.0000
11895,11822.76,14439.06,2,3,0.0000
11896,12397.51,14272.63,2,1,0.0000
11897,11789.75,14320.10,0,0,0.0000
11898,11874.99,14398.14,0,0,0.0000
11899,11930.36,14374.87,3,7,2.3333
11900,12260.86,14066.98,NaN,NaN,NaN
11901,12016.41,14706.79,0,0,0.0000
11902,12242.71,14198.89,NaN,NaN,NaN
11903,12197.09,14117.09,0,0,0.0000
11904,12091.00,14697.44,0,0,0.0000
11905,11835.19,14511.62,2,3,0.0000
11906,11658.61,14659.42,NaN,NaN,NaN
11907,11787.30,14382.39,NaN,NaN,NaN
11908,12147.91,14444.24,NaN,NaN,NaN
11909,12282.72,14552.02,NaN,NaN,NaN
11910,12355.92,14463.48,0,0,0.0000
11911,12033.26,14661.51,0,0,0.0000
11912,11808.38,14573.48,NaN,NaN,NaN
11913,12383.13,14690.21,0,0,0.0000
11914,12317.81,14441.11,2,4,2.0000
11915,12400.85,14079.04,NaN,NaN,NaN
11916,12302.79,14631.52,0,0,0.0000
11917,12100.76,14094.81,2,6,3.0000
11918,11936.53,14156.78,0,0,0.0000
11919,11711.27,14628.53,NaN,NaN,NaN
11920,13091.22,14269.60,4,7,0.0000
11921,12792.14,14076.98,NaN,NaN,NaN
11922,12744.77,14252.09,2,4,2.0000
11923,13009.91,14151.46,NaN,NaN,NaN
11924,12493.69,14195.80,3,4,0.0000
11925,13021.63,14410.97,0,0,0.0000
11926,12428.71,14150.37,NaN,NaN,NaN
11927,12483.54,14548.28,NaN,NaN,NaN
11928,13019.46,14608.82,2,4,2.0000
11929,12613.20,14502.30,NaN,NaN,NaN
11930,12671.42,14534.01,0,0,0.0000
11931,12919.93,14358.27,NaN,NaN,NaN
11932,12606.34,14165.66,NaN,NaN,NaN
11933,12715.12,14000.73,NaN,NaN,NaN
11934,12627.26,14058.98,NaN,NaN,NaN
11935,13110.00,14007.22,NaN,NaN,NaN
11936,12916.83,14262.75,0,0,0.0000
11937,12918.66,14121.44,0,0,0.0000
11938,12578.00,13980.53,NaN,NaN,NaN
11939,13031.40,14021.68,2,4,2.0000
11940,13099.02,14553.82,NaN,NaN,NaN
11941,12762.17,14517.92,NaN,NaN,NaN
11942,12848.31,14321.65,0,0,0.0000
11943,12891.95,14528.84,NaN,NaN,NaN
11944,12938.85,13993.14,0,0,0.0000
11945,12972.80,14068.09,NaN,NaN,NaN
11946,12550.20,14480.81,0,0,0.0000
11947,12724.05,14396.74,NaN,NaN,NaN
11948,12633.54,14428.28,0,0,0.0000
11949,12557.51,14345.94,0,0,0.0000
11950,12468.21,14443.53,NaN,NaN,NaN
11951,13102.09,14496.15,NaN,NaN,NaN
11952,12935.97,14427.53,NaN,NaN,NaN
11953,12980.99,14526.80,0,0,0.0000
11954,12807.56,14445.29,NaN,NaN,NaN
11955,12469.23,14276.23,0,0,0.0000
11956,12798.03,13968.01,2,5,2.5000
11957,12431.60,14403.55,NaN,NaN,NaN
11958,13097.40,14110.68,2,3,0.0000
11959,12843.88,14392.98,NaN,NaN,NaN
11960,12998.16,14474.30,NaN,NaN,NaN
11961,12860.73,14480.55,0,0,0.0000
11962,13167.37,14506.72,NaN,NaN,NaN
11963,12529.20,14286.21,NaN,NaN,NaN
11964,12699.61,14352.76,NaN,NaN,NaN
11965,12700.01,14158.65,0,0,0.0000
11966,13102.38,14644.87,0,0,0.0000
11967,12466.67,14502.90,0,0,0.0000
11968,12476.48,14360.34,0,0,0.0000
11969,12561.78,14586.71,0,0,0.0000
11970,12517.06,14026.06,0,0,0.0000
11971,13207.93,14093.81,0,0,0.0000
11972,13189.04,14342.49,3,4,0.0000
11973,13200.59,13952.10,3,7,2.3333
11974,13402.25,14075.31,NaN,NaN,NaN
11975,13338.42,14596.62,NaN,NaN,NaN
11976,13510.73,14383.88,NaN,NaN,NaN
11977,13448.00,14184.88,NaN,NaN,NaN
11978,13411.19,14485.97,NaN,NaN,NaN
11979,13277.50,14445.81,2,5,2.5000
11980,13209.44,14598.91,NaN,NaN,NaN
11981,13298.18,14143.46,NaN,NaN,NaN
11982,13356.23,13960.66,NaN,NaN,NaN
11983,13500.59,14064.76,NaN,NaN,NaN
11984,13403.51,14401.19,NaN,NaN,NaN
11985,13592.73,14179.72,0,0,0.0000
11986,13228.04,14523.65,NaN,NaN,NaN
11987,13442.53,14347.20,NaN,NaN,NaN
11988,13592.36,13970.49,2,1,0.0000
11989,13510.99,14153.44,NaN,NaN,NaN
11990,13407.34,14279.21,NaN,NaN,NaN
11991,13271.22,14268.67,NaN,NaN,NaN
11992,13488.10,14303.34,0,0,0.0000
11993,13350.12,14275.36,NaN,NaN,NaN
11994,13476.87,14253.48,NaN,NaN,NaN
11995,13337.88,14378.84,NaN,NaN,NaN
11996,13322.41,14219.62,NaN,NaN,NaN
11997,13352.29,14168.07,NaN,NaN,NaN
11998,13417.03,13965.60,0,0,0.0000
11999,13280.80,14554.42,NaN,NaN,NaN
12000,13334.14,14534.45,NaN,NaN,NaN
12001,13572.46,14015.67,0,0,0.0000
12002,13217.59,14444.31,0,0,0.0000
12003,13309.29,14065.36,0,0,0.0000
12004,16295.91,14337.71,0,0,0.0000
12005,16337.79,14288.55,NaN,NaN,NaN
12006,16283.57,14266.08,0,0,0.0000
12007,16234.24,14406.90,0,0,0.0000
12008,794.48,14972.92,NaN,NaN,NaN
12009,651.00,15069.03,2,5,2.5000
12010,506.12,14923.48,3,3,0.0000
12011,480.91,15344.65,2,1,0.0000
12012,710.53,14777.91,NaN,NaN,NaN
12013,455.18,15475.60,NaN,NaN,NaN
12014,504.21,14757.07,NaN,NaN,NaN
12015,420.89,14742.43,NaN,NaN,NaN
12016,419.76,14939.31,NaN,NaN,NaN
12017,504.41,14820.62,2,2,0.0000
12018,132.07,15390.35,NaN,NaN,NaN
12019,179.79,14925.30,NaN,NaN,NaN
12020,662.26,14928.77,NaN,NaN,NaN
12021,120.98,15480.93,NaN,NaN,NaN
12022,53.31,15405.79,NaN,NaN,NaN
12023,804.49,14869.40,NaN,NaN,NaN
12024,872.64,15032.71,NaN,NaN,NaN
12025,831.62,14764.09,NaN,NaN,NaN
12026,442.61,15403.54,3,4,0.0000
12027,530.28,15426.40,0,0,0.0000
12028,64.85,15474.68,3,3,0.0000
12029,876.76,14854.48,5,3,0.0000
12030,737.64,15133.54,0,0,0.0000
12031,891.97,14760.19,NaN,NaN,NaN
12032,396.78,14854.05,0,0,0.0000
12033,540.91,15303.50,0,0,0.0000
12034,59.52,15239.83,NaN,NaN,NaN
12035,645.07,14981.22,NaN,NaN,NaN
12036,602.83,14880.78,0,0,0.0000
12037,644.13,15306.87,0,0,0.0000
12038,822.77,15106.55,NaN,NaN,NaN
12039,545.45,15363.35,2,2,0.0000
12040,376.29,14793.29,0,0,0.0000
12041,783.60,14821.78,NaN,NaN,NaN
12042,538.54,15019.29,NaN,NaN,NaN
12043,731.11,15052.03,0,0,0.0000
12044,723.40,14864.62,NaN,NaN,NaN
12045,495.14,14985.83,NaN,NaN,NaN
12046,884.25,15127.39,2,1,0.0000
12047,593.59,15286.99,NaN,NaN,NaN
12048,654.41,14739.05,NaN,NaN,NaN
12049,65.02,15180.88,NaN,NaN,NaN
12050,821.69,15174.81,NaN,NaN,NaN
12051,49.01,15346.16,2,3,0.0000
12052,160.18,15445.08,NaN,NaN,NaN
12053,467.00,15014.96,0,0,0.0000
12054,125.76,14869.25,2,3,0.0000
12055,77.10,15329.73,NaN,NaN,NaN
12056,647.53,15361.98,NaN,NaN,NaN
12057,659.32,14842.07,NaN,NaN,NaN
12058,786.23,14771.63,3,3,0.0000
12059,361.74,14917.69,0,0,0.0000
12060,592.20,15334.09,NaN,NaN,NaN
12061,688.10,14895.91,0,0,0.0000
12062,1613.40,15424.05,NaN,NaN,NaN
12063,1547.08,15011.16,3,4,0.0000
12064,1390.47,15180.02,NaN,NaN,NaN
12065,975.45,14942.91,2,4,2.0000
12066,1074.90,14955.38,NaN,NaN,NaN
12067,1532.25,15281.35,2,3,0.0000
12068,1398.15,14905.59,2,3,0.0000
12069,1050.45,14830.87,NaN,NaN,NaN
12070,1157.09,14871.12,0,0,0.0000
12071,1458.83,14786.32,NaN,NaN,NaN
12072,976.56,14865.85,NaN,NaN,NaN
12073,1113.96,14909.09,0,0,0.0000
12074,1293.31,15019.46,NaN,NaN,NaN
12075,1097.06,14781.81,2,4,2.0000
12076,1427.27,15008.97,NaN,NaN,NaN
12077,1487.25,15084.67,NaN,NaN,NaN
12078,1366.73,15004.21,NaN,NaN,NaN
12079,1526.24,14825.40,5,10,2.0000
12080,1346.53,15246.88,0,0,0.0000
12081,1325.31,14784.75,NaN,NaN,NaN
12082,929.72,15018.74,0,0,0.0000
12083,1136.00,15266.43,NaN,NaN,NaN
12084,1597.20,14924.12,NaN,NaN,NaN
12085,1511.93,15349.79,NaN,NaN,NaN
12086,1419.21,15355.63,NaN,NaN,NaN
12087,1565.10,15137.94,NaN,NaN,NaN
12088,1470.83,15181.87,2,6,3.0000
12089,1652.98,15328.52,0,0,0.0000
12090,975.27,15045.94,2,2,0.0000
12091,1332.55,14927.03,NaN,NaN,NaN
12092,1592.95,14826.03,NaN,NaN,NaN
12093,1278.68,14940.47,NaN,NaN,NaN
12094,1252.51,14761.92,2,3,0.0000
12095,1058.59,15103.52,NaN,NaN,NaN
12096,1165.65,14968.45,0,0,0.0000
12097,1472.38,14880.09,0,0,0.0000
12098,1393.98,14835.04,0,0,0.0000
12099,1040.99,15011.70,NaN,NaN,NaN
12100,1393.76,14781.37,NaN,NaN,NaN
12101,1517.72,15393.96,NaN,NaN,NaN
12102,1223.68,15009.18,NaN,NaN,NaN
12103,1622.20,14994.98,0,0,0.0000
12104,1182.31,14820.42,NaN,NaN,NaN
12105,1244.18,14831.58,NaN,NaN,NaN
12106,1075.03,15195.14,NaN,NaN,NaN
12107,1187.17,14763.54,0,0,0.0000
12108,1659.63,15129.37,0,0,0.0000
12109,1479.51,14965.06,0,0,0.0000
12110,1086.51,15283.75,NaN,NaN,NaN
12111,1386.77,15111.82,NaN,NaN,NaN
12112,1603.44,15096.06,NaN,NaN,NaN
12113,1629.19,15241.86,NaN,NaN,NaN
12114,1547.49,15180.51,0,0,0.0000
12115,927.19,14828.58,NaN,NaN,NaN
12116,1442.80,15113.68,3,3,0.0000
12117,1478.65,15417.67,NaN,NaN,NaN
12118,1335.75,15141.81,0,0,0.0000
12119,1303.24,14866.02,NaN,NaN,NaN
12120,1443.88,15254.63,0,0,0.0000
12121,909.20,14932.46,0,0,0.0000
12122,1301.65,14830.81,2,4,2.0000
12123,1612.98,15050.58,0,0,0.0000
12124,1534.29,14905.09,NaN,NaN,NaN
12125,1614.80,15167.91,NaN,NaN,NaN
12126,1585.22,15355.27,NaN,NaN,NaN
12127,1244.11,14881.65,NaN,NaN,NaN
12128,1318.83,15093.56,0,0,0.0000
12129,1518.16,15213.78,NaN,NaN,NaN
12130,1539.05,15084.01,0,0,0.0000
12131,1692.28,15214.55,NaN,NaN,NaN
12132,1892.78,15484.84,3,1,0.0000
12133,1812.74,14735.12,NaN,NaN,NaN
12134,1749.59,15424.44,NaN,NaN,NaN
12135,1813.26,15410.81,NaN,NaN,NaN
12136,1893.82,14851.81,NaN,NaN,NaN
12137,2013.38,15318.45,NaN,NaN,NaN
12138,1783.91,15253.87,NaN,NaN,NaN
12139,1868.50,15401.19,2,2,0.0000
12140,1667.64,14913.53,NaN,NaN,NaN
12141,1849.81,14999.42,NaN,NaN,NaN
12142,1831.15,14833.07,0,0,0.0000
12143,1697.73,14979.68,2,3,0.0000
12144,1723.23,15102.83,0,0,0.0000
12145,1743.39,15302.63,NaN,NaN,NaN
12146,1821.22,14923.14,0,0,0.0000
12147,1941.90,14919.31,NaN,NaN,NaN
12148,1756.21,15150.06,0,0,0.0000
12149,1715.17,15032.68,NaN,NaN,NaN
12150,2034.82,15257.41,NaN,NaN,NaN
12151,2053.16,15360.92,3,3,0.0000
12152,1812.58,15310.98,0,0,0.0000
12153,1669.76,15069.16,0,0,0.0000
12154,1776.31,15354.65,0,0,0.0000
12155,1976.56,15240.27,0,0,0.0000
12156,3942.70,14947.90,3,3,0.0000
12157,3882.54,14809.19,0,0,0.0000
12158,3840.75,14873.09,NaN,NaN,NaN
12159,3962.36,14847.27,2,3,0.0000
12160,3914.64,14748.33,NaN,NaN,NaN
12161,3769.02,14825.00,2,3,0.0000
12162,4239.78,14998.14,NaN,NaN,NaN
12163,4184.34,15089.33,NaN,NaN,NaN
12164,4126.57,14735.52,2,2,0.0000
12165,4085.13,14950.59,NaN,NaN,NaN
12166,4564.94,15467.18,NaN,NaN,NaN
12167,4240.33,14742.48,NaN,NaN,NaN
12168,4585.78,15240.41,NaN,NaN,NaN
12169,4505.02,15259.46,0,0,0.0000
12170,4463.69,14816.14,NaN,NaN,NaN
12171,4404.66,15355.81,0,0,0.0000
12172,4176.11,14825.59,NaN,NaN,NaN
12173,4389.50,14840.22,4,5,0.0000
12174,4342.01,14919.62,0,0,0.0000
12175,4374.07,15187.21,NaN,NaN,NaN
12176,4089.04,15077.27,2,3,0.0000
12177,4619.91,14788.05,0,0,0.0000
12178,4703.22,15198.02,NaN,NaN,NaN
12179,4036.68,15025.34,0,0,0.0000
12180,4443.91,15224.29,NaN,NaN,NaN
12181,4663.28,15447.48,2,3,0.0000
12182,4200.22,14905.07,NaN,NaN,NaN
12183,4586.65,15345.57,NaN,NaN,NaN
12184,4280.26,14872.18,2,5,2.5000
12185,4455.31,15059.11,NaN,NaN,NaN
12186,4355.65,14996.08,NaN,NaN,NaN
12187,4511.79,15057.66,NaN,NaN,NaN
12188,4667.60,14900.55,0,0,0.0000
12189,4402.85,14753.56,5,6,0.0000
12190,4491.47,14746.64,NaN,NaN,NaN
12191,4327.64,14753.66,0,0,0.0000
12192,3986.83,14722.55,3,4,0.0000
12193,4541.31,14907.01,3,2,0.0000
12194,4429.45,14974.41,0,0,0.0000
12195,4029.65,14842.29,0,0,0.0000
12196,4617.63,14987.05,0,0,0.0000
12197,4488.93,15475.64,0,0,0.0000
12198,4541.76,15139.49,2,2,0.0000
12199,4565.55,15071.33,NaN,NaN,NaN
12200,4263.41,15260.05,NaN,NaN,NaN
12201,4336.23,15288.32,0,0,0.0000
12202,4688.29,15367.77,2,2,0.0000
12203,4394.00,15097.52,NaN,NaN,NaN
12204,4183.55,15229.78,NaN,NaN,NaN
12205,4675.92,15304.29,NaN,NaN,NaN
12206,4695.61,15066.31,NaN,NaN,NaN
12207,4105.08,15140.95,3,5,0.0000
12208,4623.81,15415.57,0,0,0.0000
12209,4640.57,15162.86,2,3,0.0000
12210,4425.21,15485.10,0,0,0.0000
12211,4390.40,15434.47,0,0,0.0000
12212,4635.67,14843.39,NaN,NaN,NaN
12213,4339.53,15073.54,0,0,0.0000
12214,4303.34,15136.00,NaN,NaN,NaN
12215,4636.86,15058.83,0,0,0.0000
12216,4703.26,14843.06,0,0,0.0000
12217,4295.92,15200.26,2,5,2.5000
12218,4200.45,15186.17,NaN,NaN,NaN
12219,4705.72,14935.66,NaN,NaN,NaN
12220,4261.71,15103.68,0,0,0.0000
12221,4580.79,15021.68,NaN,NaN,NaN
12222,4731.89,15286.50,0,0,0.0000
12223,4345.58,15386.35,2,3,0.0000
12224,4733.05,15131.71,NaN,NaN,NaN
12225,4567.83,14770.75,NaN,NaN,NaN
12226,4382.89,15255.23,NaN,NaN,NaN
12227,4035.07,14756.73,2,3,0.0000
12228,4674.84,15123.30,0,0,0.0000
12229,4519.46,14854.47,0,0,0.0000
12230,4088.89,15205.69,0,0,0.0000
12231,4456.78,15141.00,NaN,NaN,NaN
12232,4448.45,15428.01,0,0,0.0000
12233,4689.21,15004.05,0,0,0.0000
12234,4283.92,15319.54,NaN,NaN,NaN
12235,4439.84,14930.54,NaN,NaN,NaN
12236,4679.41,14807.75,0,0,0.0000
12237,4600.26,15172.12,NaN,NaN,NaN
12238,4602.15,14921.94,2,1,0.0000
12239,4484.28,14943.27,0,0,0.0000
12240,4516.52,15343.14,0,0,0.0000
12241,4662.84,15253.49,0,0,0.0000
12242,4005.05,14772.46,0,0,0.0000
12243,4551.68,14828.29,4,4,0.0000
12244,5035.18,15064.81,0,0,0.0000
12245,5488.45,15469.62,NaN,NaN,NaN
12246,4797.89,15066.12,0,0,0.0000
12247,5371.65,15402.40,NaN,NaN,NaN
12248,5066.19,15435.03,NaN,NaN,NaN
12249,5309.37,15307.54,NaN,NaN,NaN
12250,5340.42,15026.24,NaN,NaN,NaN
12251,4850.90,15231.83,NaN,NaN,NaN
12252,4747.89,15395.70,2,7,3.5000
12253,5243.15,14979.93,2,3,0.0000
12254,5046.35,15313.65,2,5,2.5000
12255,4932.21,14786.09,NaN,NaN,NaN
12256,5229.64,15152.29,2,4,2.0000
12257,4780.40,14862.45,0,0,0.0000
12258,4818.15,14782.55,3,6,2.0000
12259,5328.42,15122.51,NaN,NaN,NaN
12260,5314.22,14907.51,NaN,NaN,NaN
12261,5053.14,14917.53,2,2,0.0000
12262,5170.54,14919.74,NaN,NaN,NaN
12263,4791.99,15154.81,NaN,NaN,NaN
12264,4887.82,15019.26,0,0,0.0000
12265,5407.05,15198.32,0,0,0.0000
12266,4803.27,14918.04,0,0,0.0000
12267,5094.53,15016.37,4,5,0.0000
12268,5086.38,15162.72,2,2,0.0000
12269,5273.16,14760.81,NaN,NaN,NaN
12270,4922.54,15209.54,3,3,0.0000
12271,4961.07,14926.37,0,0,0.0000
12272,5501.19,15121.26,0,0,0.0000
12273,5249.45,15076.58,NaN,NaN,NaN
12274,4833.61,15383.57,NaN,NaN,NaN
12275,4896.23,15426.16,0,0,0.0000
12276,4827.64,15453.00,NaN,NaN,NaN
12277,4741.06,14748.69,NaN,NaN,NaN
12278,5100.71,14737.65,0,0,0.0000
12279,4930.98,15049.98,0,0,0.0000
12280,5036.13,14857.13,2,1,0.0000
12281,5403.29,15053.79,NaN,NaN,NaN
12282,5202.33,15327.31,NaN,NaN,NaN
12283,4930.38,15365.40,2,2,0.0000
12284,5060.57,14790.16,0,0,0.0000
12285,4796.19,15260.10,NaN,NaN,NaN
12286,4745.38,15483.70,NaN,NaN,NaN
12287,4919.19,14846.15,0,0,0.0000
12288,4991.57,15183.34,NaN,NaN,NaN
12289,4750.46,14977.14,2,4,2.0000
12290,4892.27,15129.96,NaN,NaN,NaN
12291,5013.41,15457.48,NaN,NaN,NaN
12292,5127.76,15294.47,0,0,0.0000
12293,5356.34,15358.74,NaN,NaN,NaN
12294,5343.34,15484.92,NaN,NaN,NaN
12295,5120.09,14951.28,NaN,NaN,NaN
12296,5472.87,15011.73,0,0,0.0000
12297,5485.54,15210.85,NaN,NaN,NaN
12298,5148.27,15163.97,3,6,2.0000
12299,5407.07,14894.66,NaN,NaN,NaN
12300,5109.24,14853.06,0,0,0.0000
12301,5301.67,15224.03,2,7,3.5000
12302,5150.93,14817.87,0,0,0.0000
12303,4952.96,15115.02,NaN,NaN,NaN
12304,5212.13,14863.01,3,3,0.0000
12305,4819.32,14976.14,0,0,0.0000
12306,5446.69,14945.94,0,0,0.0000
12307,5366.92,14853.15,0,0,0.0000
12308,5368.57,14950.69,NaN,NaN,NaN
12309,5092.50,15374.82,NaN,NaN,NaN
12310,4989.63,15377.16,NaN,NaN,NaN
12311,5162.47,14765.23,0,0,0.0000
12312,4892.26,14752.76,0,0,0.0000
12313,5260.97,14828.91,NaN,NaN,NaN
12314,5350.68,14802.77,NaN,NaN,NaN
12315,5067.52,15231.40,NaN,NaN,NaN
12316,5418.65,15318.26,2,5,2.5000
12317,5183.02,15038.48,0,0,0.0000
12318,5429.77,15272.52,NaN,NaN,NaN
12319,5252.05,15437.91,0,0,0.0000
12320,5004.50,15239.20,NaN,NaN,NaN
12321,5350.14,15193.38,0,0,0.0000
12322,5236.16,15270.50,0,0,0.0000
12323,4816.00,15322.59,NaN,NaN,NaN
12324,5157.98,15221.56,NaN,NaN,NaN
12325,4948.94,15264.15,NaN,NaN,NaN
12326,4951.09,15457.41,NaN,NaN,NaN
12327,5469.21,14876.64,0,0,0.0000
12328,5152.40,15068.52,0,0,0.0000
12329,5193.49,15410.76,0,0,0.0000
12330,5269.53,15395.54,0,0,0.0000
12331,5112.52,15226.98,NaN,NaN,NaN
12332,5376.43,15260.86,0,0,0.0000
12333,4934.49,15310.00,NaN,NaN,NaN
12334,5195.09,15471.51,0,0,0.0000
12335,4768.89,15308.65,2,4,2.0000
12336,4839.73,15014.52,0,0,0.0000
12337,5231.13,15391.08,NaN,NaN,NaN
12338,5446.23,15093.04,0,0,0.0000
12339,4753.34,15086.48,NaN,NaN,NaN
12340,5461.39,15160.62,0,0,0.0000
12341,5263.89,14894.26,0,0,0.0000
12342,5304.35,14808.29,0,0,0.0000
12343,4877.13,15321.87,NaN,NaN,NaN
12344,5401.65,15127.37,0,0,0.0000
12345,4952.84,14971.64,NaN,NaN,NaN
12346,4994.12,15282.77,0,0,0.0000
12347,5625.60,15146.98,2,9,4.5000
12348,5531.06,14926.56,0,0,0.0000
12349,5573.88,15060.36,NaN,NaN,NaN
12350,5616.56,15267.22,NaN,NaN,NaN
12351,5521.67,15270.06,NaN,NaN,NaN
12352,5533.88,15381.24,0,0,0.0000
12353,5678.94,15044.39,NaN,NaN,NaN
12354,5842.77,14865.03,NaN,NaN,NaN
12355,5728.89,14808.88,NaN,NaN,NaN
12356,5781.75,14824.96,2,3,0.0000
12357,5684.67,14766.01,NaN,NaN,NaN
12358,5674.74,15279.48,NaN,NaN,NaN
12359,5834.02,14779.49,2,3,0.0000
12360,5621.07,14895.19,2,4,2.0000
12361,5665.02,14836.35,NaN,NaN,NaN
12362,5601.92,14984.47,NaN,NaN,NaN
12363,5724.50,15209.34,0,0,0.0000
12364,5701.64,15168.32,0,0,0.0000
12365,5792.48,14886.62,NaN,NaN,NaN
12366,5723.07,15049.23,NaN,NaN,NaN
12367,5883.68,14831.02,NaN,NaN,NaN
12368,5681.51,14939.33,3,4,0.0000
12369,5535.22,15172.77,0,0,0.0000
12370,5628.71,14857.04,NaN,NaN,NaN
12371,5508.23,15320.92,0,0,0.0000
12372,5717.14,15294.22,NaN,NaN,NaN
12373,5753.85,14972.22,NaN,NaN,NaN
12374,5636.69,15043.80,NaN,NaN,NaN
12375,5670.64,15211.05,0,0,0.0000
12376,5741.22,14871.82,2,4,2.0000
12377,5583.99,15440.85,0,0,0.0000
12378,7632.41,14741.06,NaN,NaN,NaN
12379,7485.00,14729.11,NaN,NaN,NaN
12380,7926.50,14815.05,0,0,0.0000
12381,7975.10,14896.54,2,4,2.0000
12382,7988.84,14793.19,NaN,NaN,NaN
12383,7874.63,14832.30,3,4,0.0000
12384,8064.55,14829.77,0,0,0.0000
12385,8044.37,14760.99,NaN,NaN,NaN
12386,7858.03,14761.06,NaN,NaN,NaN
12387,7917.02,15069.88,0,0,0.0000
12388,7901.22,14764.29,NaN,NaN,NaN
12389,8127.90,15448.54,0,0,0.0000
12390,7913.82,14892.86,2,5,2.5000
12391,8125.79,15356.20,0,0,0.0000
12392,7928.34,15110.21,0,0,0.0000
12393,11845.84,14751.02,2,2,0.0000
12394,11935.37,14759.52,0,0,0.0000
12395,12361.95,14911.51,0,0,0.0000
12396,11796.59,14834.82,0,0,0.0000
12397,12114.65,14727.25,NaN,NaN,NaN
12398,12075.48,14752.86,0,0,0.0000
12399,12533.68,15428.13,NaN,NaN,NaN
12400,12788.37,15387.00,NaN,NaN,NaN
12401,12929.01,15474.32,2,2,0.0000
12402,12666.94,15441.96,NaN,NaN,NaN
12403,12592.44,15384.67,3,4,0.0000
12404,12595.18,15335.36,NaN,NaN,NaN
12405,13123.12,15485.12,0,0,0.0000
12406,12907.52,15395.79,0,0,0.0000
12407,12418.74,15413.55,NaN,NaN,NaN
12408,13884.43,15447.97,NaN,NaN,NaN
12409,13935.18,15253.72,NaN,NaN,NaN
12410,13836.54,15301.08,NaN,NaN,NaN
12411,13769.50,15383.58,NaN,NaN,NaN
12412,13847.49,15385.15,0,0,0.0000
12413,13761.40,15481.27,NaN,NaN,NaN
12414,13875.76,15207.74,3,3,0.0000
12415,13935.41,15337.82,3,5,0.0000
12416,13770.35,15439.64,0,0,0.0000
12417,13766.41,15304.90,2,8,4.0000
12418,13712.71,15400.30,0,0,0.0000
12419,13977.20,14992.88,NaN,NaN,NaN
12420,14317.71,15008.25,NaN,NaN,NaN
12421,13982.90,15123.45,2,9,4.5000
12422,14070.85,15403.34,NaN,NaN,NaN
12423,14252.17,15163.27,NaN,NaN,NaN
12424,14040.21,15186.01,NaN,NaN,NaN
12425,14114.69,15250.62,0,0,0.0000
12426,14228.48,15251.54,NaN,NaN,NaN
12427,14009.59,15288.14,NaN,NaN,NaN
12428,14133.39,15354.02,0,0,0.0000
12429,14005.78,15384.16,NaN,NaN,NaN
12430,14123.36,15119.96,0,0,0.0000
12431,14148.55,15174.61,NaN,NaN,NaN
12432,14355.44,14867.69,NaN,NaN,NaN
12433,14416.51,14955.12,NaN,NaN,NaN
12434,14514.45,14827.54,NaN,NaN,NaN
12435,14144.12,15047.93,3,4,0.0000
12436,14179.20,15320.66,0,0,0.0000
12437,14439.65,14848.31,NaN,NaN,NaN
12438,14502.12,14925.14,2,2,0.0000
12439,14156.26,14986.56,NaN,NaN,NaN
12440,14408.37,14903.99,2,5,2.5000
12441,14232.66,15067.25,NaN,NaN,NaN
12442,14499.41,14859.94,NaN,NaN,NaN
12443,14221.40,15018.10,0,0,0.0000
12444,14139.00,15420.86,0,0,0.0000
12445,14180.84,15079.02,2,5,2.5000
12446,14042.15,15050.47,0,0,0.0000
12447,14481.53,14886.13,0,0,0.0000
12448,14462.80,14898.86,NaN,NaN,NaN
12449,15402.06,15484.68,NaN,NaN,NaN
12450,15250.43,15472.26,2,3,0.0000
12451,14977.76,15473.79,2,4,2.0000
12452,15207.87,15399.28,2,7,3.5000
12453,15151.35,15415.18,0,0,0.0000
12454,14981.77,15403.39,0,0,0.0000
12455,15354.45,15419.82,NaN,NaN,NaN
12456,746.84,15998.22,NaN,NaN,NaN
12457,831.41,16312.60,NaN,NaN,NaN
12458,743.60,16304.12,2,2,0.0000
12459,789.12,16284.21,2,2,0.0000
12460,531.04,15502.29,NaN,NaN,NaN
12461,799.99,16095.02,NaN,NaN,NaN
12462,890.47,16136.77,2,3,0.0000
12463,565.17,16217.81,2,4,2.0000
12464,112.33,15842.63,NaN,NaN,NaN
12465,128.46,15791.59,NaN,NaN,NaN
12466,740.14,15776.47,0,0,0.0000
12467,100.71,15652.91,NaN,NaN,NaN
12468,859.74,16060.71,0,0,0.0000
12469,894.17,15863.47,2,4,2.0000
12470,713.15,16123.89,0,0,0.0000
12471,26.83,16050.92,NaN,NaN,NaN
12472,629.91,16195.47,0,0,0.0000
12473,59.24,15532.84,2,3,0.0000
12474,778.98,15874.22,NaN,NaN,NaN
12475,666.97,16260.64,NaN,NaN,NaN
12476,46.33,15851.37,3,3,0.0000
12477,614.94,16317.25,NaN,NaN,NaN
12478,839.60,16171.73,0,0,0.0000
12479,571.04,16282.71,2,2,0.0000
12480,831.79,15949.62,NaN,NaN,NaN
12481,38.73,15636.21,0,0,0.0000
12482,655.68,16342.28,NaN,NaN,NaN
12483,156.89,15670.16,0,0,0.0000
12484,678.15,16034.73,NaN,NaN,NaN
12485,127.48,15727.56,0,0,0.0000
12486,123.84,15548.79,NaN,NaN,NaN
12487,693.91,16194.75,NaN,NaN,NaN
12488,482.24,16296.15,NaN,NaN,NaN
12489,170.87,15531.20,4,3,0.0000
12490,169.35,15601.15,NaN,NaN,NaN
12491,812.43,15802.98,0,0,0.0000
12492,180.04,15735.32,NaN,NaN,NaN
12493,83.16,15587.54,NaN,NaN,NaN
12494,47.96,15991.84,NaN,NaN,NaN
12495,892.15,15817.68,NaN,NaN,NaN
12496,705.08,15853.17,NaN,NaN,NaN
12497,783.58,15745.79,NaN,NaN,NaN
12498,643.97,16027.05,0,0,0.0000
12499,64.97,15682.93,NaN,NaN,NaN
12500,82.54,15952.42,0,0,0.0000
12501,122.75,15597.35,NaN,NaN,NaN
12502,830.20,16229.16,NaN,NaN,NaN
12503,446.69,16343.92,NaN,NaN,NaN
12504,622.68,16106.67,0,0,0.0000
12505,518.78,16335.74,2,3,0.0000
12506,785.61,16169.94,NaN,NaN,NaN
12507,433.42,16373.19,NaN,NaN,NaN
12508,1004.32,16261.25,NaN,NaN,NaN
12509,917.52,16254.30,NaN,NaN,NaN
12510,1445.32,16317.47,NaN,NaN,NaN
12511,950.41,16025.71,0,0,0.0000
12512,1245.43,16179.83,NaN,NaN,NaN
12513,1007.40,16116.36,0,0,0.0000
12514,1157.68,16178.72,NaN,NaN,NaN
12515,1218.05,16065.13,0,0,0.0000
12516,1339.05,16185.41,0,0,0.0000
12517,1050.98,16060.13,3,3,0.0000
12518,1135.03,16317.37,2,3,0.0000
12519,1535.27,16349.78,0,0,0.0000
12520,1218.96,15892.37,0,0,0.0000
12521,1037.11,15792.34,NaN,NaN,NaN
12522,1151.44,15914.44,NaN,NaN,NaN
12523,1262.07,16265.66,NaN,NaN,NaN
12524,1190.56,16274.43,NaN,NaN,NaN
12525,974.25,15924.38,NaN,NaN,NaN
12526,1151.95,16001.96,NaN,NaN,NaN
12527,1101.28,15881.80,NaN,NaN,NaN
12528,910.73,15927.02,0,0,0.0000
12529,1391.32,16262.92,2,2,0.0000
12530,1053.24,15908.29,2,4,2.0000
12531,1512.04,16219.07,NaN,NaN,NaN
12532,1047.70,16352.47,NaN,NaN,NaN
12533,1023.02,15848.96,0,0,0.0000
12534,1056.01,15959.62,NaN,NaN,NaN
12535,954.69,16150.89,0,0,0.0000
12536,1196.53,15981.63,0,0,0.0000
12537,976.16,16322.18,NaN,NaN,NaN
12538,1139.35,15842.02,NaN,NaN,NaN
12539,1113.78,15746.75,NaN,NaN,NaN
12540,1449.78,16370.66,NaN,NaN,NaN
12541,1064.20,16170.42,0,0,0.0000
12542,951.97,16363.20,2,4,2.0000
12543,898.83,16037.38,0,0,0.0000
12544,1019.40,15993.75,0,0,0.0000
12545,1104.71,16038.08,NaN,NaN,NaN
12546,1096.11,15997.18,0,0,0.0000
12547,1065.27,16237.28,0,0,0.0000
12548,1169.12,15716.25,NaN,NaN,NaN
12549,1133.86,15692.83,NaN,NaN,NaN
12550,1382.11,16210.98,NaN,NaN,NaN
12551,1067.69,16007.83,NaN,NaN,NaN
12552,941.41,15892.97,NaN,NaN,NaN
12553,1141.16,16067.74,0,0,0.0000
12554,1216.05,16344.46,2,1,0.0000
12555,2136.09,15800.43,NaN,NaN,NaN
12556,1814.89,15520.69,2,4,2.0000
12557,1778.04,16209.27,4,7,0.0000
12558,1741.04,15510.31,NaN,NaN,NaN
12559,1839.48,16196.21,NaN,NaN,NaN
12560,1682.48,16252.76,NaN,NaN,NaN
12561,1836.28,15578.20,NaN,NaN,NaN
12562,1740.39,16259.80,NaN,NaN,NaN
12563,1919.42,15566.68,NaN,NaN,NaN
12564,2415.85,16286.25,NaN,NaN,NaN
12565,1817.58,16324.39,0,0,0.0000
12566,2335.48,16257.24,NaN,NaN,NaN
12567,2363.24,16296.67,0,0,0.0000
12568,2172.94,15901.35,3,2,0.0000
12569,1854.17,15618.14,NaN,NaN,NaN
12570,2273.54,16343.61,NaN,NaN,NaN
12571,2366.83,16225.48,0,0,0.0000
12572,2415.37,16211.54,NaN,NaN,NaN
12573,2219.88,15848.15,0,0,0.0000
12574,2038.01,15772.21,3,2,0.0000
12575,1905.66,15625.73,NaN,NaN,NaN
12576,1871.43,16298.71,2,2,0.0000
12577,2107.98,15730.73,NaN,NaN,NaN
12578,2101.23,15681.79,0,0,0.0000
12579,1775.14,15603.12,0,0,0.0000
12580,1800.98,15642.61,0,0,0.0000
12581,2622.52,16335.42,2,5,2.5000
12582,2487.66,16270.35,NaN,NaN,NaN
12583,2530.15,16343.47,0,0,0.0000
12584,3175.14,15823.82,0,0,0.0000
12585,2574.34,16297.74,0,0,0.0000
12586,3330.38,16155.81,5,7,0.0000
12587,3320.30,16076.12,NaN,NaN,NaN
12588,3255.04,16037.26,0,0,0.0000
12589,3338.05,16226.82,NaN,NaN,NaN
12590,3275.34,16187.62,0,0,0.0000
12591,3247.09,16105.74,0,0,0.0000
12592,4538.54,15940.01,3,4,0.0000
12593,4667.99,16269.87,0,0,0.0000
12594,4465.32,16137.87,0,0,0.0000
12595,4394.49,15682.26,0,0,0.0000
12596,4659.34,15550.00,0,0,0.0000
12597,4494.26,15672.27,NaN,NaN,NaN
12598,4589.19,16156.34,0,0,0.0000
12599,4428.37,15912.41,NaN,NaN,NaN
12600,4322.43,16192.64,2,10,5.0000
12601,4567.80,15623.08,0,0,0.0000
12602,4378.63,16082.07,NaN,NaN,NaN
12603,4645.30,15958.66,0,0,0.0000
12604,4671.87,15753.83,0,0,0.0000
12605,4509.11,15581.92,2,3,0.0000
12606,4576.15,16270.70,NaN,NaN,NaN
12607,4378.84,15567.19,3,5,0.0000
12608,4671.78,16165.37,0,0,0.0000
12609,4664.17,15663.48,0,0,0.0000
12610,4445.82,15580.60,NaN,NaN,NaN
12611,4606.33,16062.47,0,0,0.0000
12612,4675.95,16036.79,NaN,NaN,NaN
12613,4483.78,15786.97,0,0,0.0000
12614,4512.55,16307.09,0,0,0.0000
12615,4588.76,15705.36,0,0,0.0000
12616,4346.17,15889.08,0,0,0.0000
12617,4664.01,15876.50,0,0,0.0000
12618,4526.39,15758.21,0,0,0.0000
12619,4441.31,16298.36,0,0,0.0000
12620,4461.46,15522.96,0,0,0.0000
12621,4358.66,15994.76,3,7,2.3333
12622,4327.37,16047.23,NaN,NaN,NaN
12623,4446.06,16030.85,NaN,NaN,NaN
12624,4299.66,16270.69,0,0,0.0000
12625,4539.26,16196.03,0,0,0.0000
12626,4733.16,16135.06,0,0,0.0000
12627,4371.04,15947.36,NaN,NaN,NaN
12628,4351.65,15495.38,NaN,NaN,NaN
12629,4668.50,16099.31,0,0,0.0000
12630,4417.40,15773.99,0,0,0.0000
12631,4395.06,16184.46,0,0,0.0000
12632,4594.85,15568.03,0,0,0.0000
12633,4523.93,16258.17,NaN,NaN,NaN
12634,4394.95,16224.06,0,0,0.0000
12635,4479.61,16225.70,0,0,0.0000
12636,4258.41,16288.32,0,0,0.0000
12637,4397.69,15982.95,NaN,NaN,NaN
12638,4804.86,15809.74,0,0,0.0000
12639,5350.08,15579.03,0,0,0.0000
12640,4775.05,15571.58,5,3,0.0000
12641,5185.52,15791.43,0,0,0.0000
12642,4899.92,15931.82,NaN,NaN,NaN
12643,5286.55,16312.93,NaN,NaN,NaN
12644,5005.17,15928.28,0,0,0.0000
12645,4808.59,16220.33,0,0,0.0000
12646,5097.05,15703.52,0,0,0.0000
12647,4890.96,16037.59,0,0,0.0000
12648,5151.02,15575.08,0,0,0.0000
12649,4908.68,15667.35,0,0,0.0000
12650,5229.80,15649.55,NaN,NaN,NaN
12651,4764.93,15992.40,0,0,0.0000
12652,4989.42,15703.76,NaN,NaN,NaN
12653,4986.25,15841.77,NaN,NaN,NaN
12654,4992.19,16308.69,0,0,0.0000
12655,5088.21,16082.47,NaN,NaN,NaN
12656,5021.12,15556.03,NaN,NaN,NaN
12657,4968.82,16227.57,0,0,0.0000
12658,4933.72,15528.60,NaN,NaN,NaN
12659,4740.73,15897.55,0,0,0.0000
12660,4780.12,16088.32,0,0,0.0000
12661,5188.56,16038.52,0,0,0.0000
12662,4964.47,16134.71,0,0,0.0000
12663,5082.12,15872.87,NaN,NaN,NaN
12664,4881.10,16174.92,0,0,0.0000
12665,4998.57,16069.39,0,0,0.0000
12666,5267.08,15994.02,NaN,NaN,NaN
12667,4832.72,15642.60,NaN,NaN,NaN
12668,5158.86,15900.64,0,0,0.0000
12669,5438.33,15788.82,0,0,0.0000
12670,4890.00,16281.41,0,0,0.0000
12671,5002.47,16000.03,NaN,NaN,NaN
12672,5146.40,15988.73,NaN,NaN,NaN
12673,4873.61,15580.07,0,0,0.0000
12674,5282.65,15773.98,NaN,NaN,NaN
12675,5214.65,15905.60,NaN,NaN,NaN
12676,4995.68,15784.77,0,0,0.0000
12677,5360.05,15794.40,NaN,NaN,NaN
12678,5200.07,15714.23,NaN,NaN,NaN
12679,5219.99,15538.84,0,0,0.0000
12680,5031.79,15632.99,0,0,0.0000
12681,5070.98,16029.72,0,0,0.0000
12682,4828.35,16329.01,0,0,0.0000
12683,5295.42,15529.27,NaN,NaN,NaN
12684,5487.25,15725.39,NaN,NaN,NaN
12685,4924.17,15758.78,0,0,0.0000
12686,5374.02,16312.43,NaN,NaN,NaN
12687,5056.95,16168.38,0,0,0.0000
12688,4788.51,16293.90,0,0,0.0000
12689,5351.09,15681.61,0,0,0.0000
12690,5495.83,15671.39,NaN,NaN,NaN
12691,5127.78,15507.18,NaN,NaN,NaN
12692,5434.78,15686.81,NaN,NaN,NaN
12693,5172.16,16094.32,NaN,NaN,NaN
12694,5385.10,15752.98,0,0,0.0000
12695,5421.28,15634.59,0,0,0.0000
12696,5080.30,15978.95,NaN,NaN,NaN
12697,4972.44,15585.24,3,5,0.0000
12698,5472.72,15636.07,0,0,0.0000
12699,5078.81,15540.68,NaN,NaN,NaN
12700,4746.82,16247.72,0,0,0.0000
12701,4842.89,15500.86,2,4,2.0000
12702,5215.63,16100.80,0,0,0.0000
12703,4761.41,15664.84,0,0,0.0000
12704,5466.01,15595.13,0,0,0.0000
12705,5408.85,16372.13,0,0,0.0000
12706,5249.29,15715.25,0,0,0.0000
12707,5830.53,16220.46,NaN,NaN,NaN
12708,5907.91,16241.63,0,0,0.0000
12709,5514.04,15611.32,NaN,NaN,NaN
12710,5567.68,15529.62,NaN,NaN,NaN
12711,5550.52,15621.65,NaN,NaN,NaN
12712,5553.19,15568.66,0,0,0.0000
12713,8104.24,15523.06,NaN,NaN,NaN
12714,8129.63,15876.26,2,2,0.0000
12715,8129.21,15775.89,NaN,NaN,NaN
12716,9243.73,16293.39,0,0,0.0000
12717,9195.95,16202.49,0,0,0.0000
12718,10105.24,15954.24,NaN,NaN,NaN
12719,10015.60,15956.22,NaN,NaN,NaN
12720,10065.88,15987.60,NaN,NaN,NaN
12721,10093.38,16012.99,NaN,NaN,NaN
12722,10307.26,15831.99,0,0,0.0000
12723,10197.33,15742.89,NaN,NaN,NaN
12724,10277.08,15717.51,0,0,0.0000
12725,10133.20,15880.15,NaN,NaN,NaN
12726,10171.69,16013.36,NaN,NaN,NaN
12727,10336.94,15967.59,3,8,2.6667
12728,10133.53,15795.51,0,0,0.0000
12729,10231.99,15986.19,NaN,NaN,NaN
12730,10117.90,15728.87,0,0,0.0000
12731,10333.23,15651.66,NaN,NaN,NaN
12732,10178.56,15954.55,NaN,NaN,NaN
12733,10356.85,16042.05,NaN,NaN,NaN
12734,10434.84,16066.89,NaN,NaN,NaN
12735,10319.43,16051.10,NaN,NaN,NaN
12736,10140.92,15696.78,0,0,0.0000
12737,11628.58,16342.04,NaN,NaN,NaN
12738,11644.05,16182.10,NaN,NaN,NaN
12739,11527.28,16350.20,0,0,0.0000
12740,11504.73,16171.22,0,0,0.0000
12741,11576.62,16141.78,NaN,NaN,NaN
12742,11465.87,16334.51,0,0,0.0000
12743,11785.91,16293.29,NaN,NaN,NaN
12744,12314.08,15536.93,NaN,NaN,NaN
12745,12069.38,15856.38,0,0,0.0000
12746,12384.56,15763.64,3,4,0.0000
12747,11725.62,16133.87,0,0,0.0000
12748,12205.67,15774.64,0,0,0.0000
12749,11952.61,15682.18,NaN,NaN,NaN
12750,12024.22,15646.14,0,0,0.0000
12751,12268.52,15751.36,0,0,0.0000
12752,12176.47,15553.40,0,0,0.0000
12753,12078.63,15585.01,3,5,0.0000
12754,11925.10,15776.21,2,4,2.0000
12755,12181.60,15617.14,NaN,NaN,NaN
12756,12183.50,15947.12,NaN,NaN,NaN
12757,12196.89,16294.65,0,0,0.0000
12758,11655.17,16275.74,NaN,NaN,NaN
12759,11861.18,16139.21,NaN,NaN,NaN
12760,12155.80,15857.64,NaN,NaN,NaN
12761,12286.77,15658.65,NaN,NaN,NaN
12762,12029.85,15737.87,NaN,NaN,NaN
12763,11955.66,15839.83,0,0,0.0000
12764,12149.90,15788.72,NaN,NaN,NaN
12765,12396.94,15832.08,0,0,0.0000
12766,12129.73,15659.77,0,0,0.0000
12767,11841.99,15680.63,NaN,NaN,NaN
12768,11787.07,16108.87,0,0,0.0000
12769,11817.99,16169.23,0,0,0.0000
12770,12234.18,15670.86,NaN,NaN,NaN
12771,12219.49,15892.66,0,0,0.0000
12772,12151.87,16255.03,0,0,0.0000
12773,11994.27,15794.36,0,0,0.0000
12774,12094.51,15760.14,NaN,NaN,NaN
12775,12114.40,16248.59,0,0,0.0000
12776,11897.00,15827.75,NaN,NaN,NaN
12777,12212.63,15853.79,0,0,0.0000
12778,12351.53,15676.34,0,0,0.0000
12779,11919.05,16233.98,0,0,0.0000
12780,12618.00,15533.99,3,7,2.3333
12781,12488.32,15647.79,2,4,2.0000
12782,13075.79,15526.60,NaN,NaN,NaN
12783,12773.29,15561.35,0,0,0.0000
12784,12422.67,15598.72,3,5,0.0000
12785,13001.64,15605.41,NaN,NaN,NaN
12786,12478.63,15501.83,NaN,NaN,NaN
12787,12730.46,15492.33,NaN,NaN,NaN
12788,12900.77,15557.86,NaN,NaN,NaN
12789,12604.01,15609.91,0,0,0.0000
12790,12479.80,15825.93,0,0,0.0000
12791,13172.98,15567.48,NaN,NaN,NaN
12792,13079.69,15613.26,NaN,NaN,NaN
12793,13176.92,16060.52,0,0,0.0000
12794,12553.79,15711.44,NaN,NaN,NaN
12795,12675.07,15675.35,NaN,NaN,NaN
12796,12802.86,15643.48,0,0,0.0000
12797,13106.18,16125.27,0,0,0.0000
12798,13177.19,15488.14,0,0,0.0000
12799,12981.14,15552.69,NaN,NaN,NaN
12800,12527.61,15559.25,0,0,0.0000
12801,12613.85,15674.77,0,0,0.0000
12802,12639.62,16339.38,0,0,0.0000
12803,12871.20,15674.55,0,0,0.0000
12804,12684.60,15631.32,0,0,0.0000
12805,12999.91,15503.40,0,0,0.0000
12806,12675.71,15768.41,NaN,NaN,NaN
12807,13152.92,16009.86,NaN,NaN,NaN
12808,13394.38,15915.33,NaN,NaN,NaN
12809,13632.49,15760.23,0,0,0.0000
12810,13810.07,15600.11,0,0,0.0000
12811,13906.63,15586.28,3,3,0.0000
12812,13246.33,15493.73,0,0,0.0000
12813,13784.75,15524.30,NaN,NaN,NaN
12814,13694.28,15584.73,2,2,0.0000
12815,13224.59,15966.60,NaN,NaN,NaN
12816,13565.06,15731.87,2,4,2.0000
12817,13622.09,15645.58,NaN,NaN,NaN
12818,13805.53,15740.45,NaN,NaN,NaN
12819,13674.73,15672.29,0,0,0.0000
12820,13459.41,15855.28,NaN,NaN,NaN
12821,13744.88,15660.86,0,0,0.0000
12822,13290.93,16012.38,NaN,NaN,NaN
12823,13526.85,15801.72,0,0,0.0000
12824,13904.36,15683.63,NaN,NaN,NaN
12825,13428.57,15971.24,NaN,NaN,NaN
12826,13375.63,16000.11,0,0,0.0000
12827,13907.95,15643.64,0,0,0.0000
12828,13304.41,15648.49,0,0,0.0000
12829,13587.89,15837.99,0,0,0.0000
12830,13624.53,15829.80,0,0,0.0000
12831,13960.91,15511.02,NaN,NaN,NaN
12832,14659.36,16092.70,0,0,0.0000
12833,14717.30,15878.24,NaN,NaN,NaN
12834,14681.06,16198.89,NaN,NaN,NaN
12835,14688.02,15963.27,NaN,NaN,NaN
12836,14571.75,16168.17,NaN,NaN,NaN
12837,14621.38,16167.72,0,0,0.0000
12838,14639.98,16203.63,0,0,0.0000
12839,14076.93,15536.52,0,0,0.0000
12840,15408.32,16200.83,0,0,0.0000
12841,14739.14,16122.93,2,5,2.5000
12842,14730.94,16023.59,0,0,0.0000
12843,14903.72,15793.81,2,3,0.0000
12844,14949.90,15953.48,4,3,0.0000
12845,15293.81,15841.62,NaN,NaN,NaN
12846,15461.63,16330.08,2,2,0.0000
12847,15023.75,15656.23,2,7,3.5000
12848,15351.92,15877.07,0,0,0.0000
12849,15450.18,16114.42,0,0,0.0000
12850,15465.33,15830.62,0,0,0.0000
12851,15040.19,16182.50,2,6,3.0000
12852,14929.07,16222.29,NaN,NaN,NaN
12853,15283.59,15662.39,NaN,NaN,NaN
12854,14871.32,16093.19,NaN,NaN,NaN
12855,15258.18,15758.51,0,0,0.0000
12856,15009.77,15854.74,2,1,0.0000
12857,15451.34,15928.54,2,8,4.0000
12858,15390.47,15937.59,0,0,0.0000
12859,15349.11,16008.01,NaN,NaN,NaN
12860,15003.19,15551.60,3,4,0.0000
12861,14837.67,15773.33,0,0,0.0000
12862,14996.07,15768.78,NaN,NaN,NaN
12863,14779.71,15791.37,4,8,2.0000
12864,15261.04,15516.26,NaN,NaN,NaN
12865,14860.71,15886.97,0,0,0.0000
12866,14926.12,15538.77,NaN,NaN,NaN
12867,15056.82,16041.11,NaN,NaN,NaN
12868,15059.41,16259.49,NaN,NaN,NaN
12869,14784.29,16250.60,NaN,NaN,NaN
12870,15350.36,16070.57,NaN,NaN,NaN
12871,15459.67,15736.61,3,8,2.6667
12872,14811.59,16112.96,NaN,NaN,NaN
12873,15377.28,16338.57,NaN,NaN,NaN
12874,14755.02,15916.61,0,0,0.0000
12875,14804.03,15682.49,0,0,0.0000
12876,15349.85,15678.37,2,2,0.0000
12877,15389.50,16281.61,0,0,0.0000
12878,14823.03,15921.86,NaN,NaN,NaN
12879,15459.13,16199.79,NaN,NaN,NaN
12880,14756.99,15688.83,NaN,NaN,NaN
12881,15185.75,15540.96,2,0,0.0000
12882,15327.46,15508.40,NaN,NaN,NaN
12883,15302.21,16161.40,0,0,0.0000
12884,14737.48,16250.09,NaN,NaN,NaN
12885,15459.33,15673.29,NaN,NaN,NaN
12886,15410.50,15796.69,NaN,NaN,NaN
12887,15288.94,16319.57,0,0,0.0000
12888,14723.22,16200.28,NaN,NaN,NaN
12889,14774.42,16311.14,NaN,NaN,NaN
12890,15057.70,16137.93,0,0,0.0000
12891,15440.45,15552.17,0,0,0.0000
12892,15314.99,15956.30,NaN,NaN,NaN
12893,15350.73,15735.88,NaN,NaN,NaN
12894,14788.06,15865.22,NaN,NaN,NaN
12895,15021.03,16108.63,NaN,NaN,NaN
12896,15411.11,15680.24,NaN,NaN,NaN
12897,14868.21,16230.52,0,0,0.0000
12898,14970.07,16086.91,NaN,NaN,NaN
12899,15066.16,16318.29,0,0,0.0000
12900,15325.55,16275.08,NaN,NaN,NaN
12901,14797.69,15572.42,0,0,0.0000
12902,14825.45,15836.64,NaN,NaN,NaN
12903,15037.67,15737.22,0,0,0.0000
12904,14956.59,15879.33,NaN,NaN,NaN
12905,14756.91,15747.19,NaN,NaN,NaN
12906,15409.44,16011.66,2,2,0.0000
12907,15379.49,15587.39,3,8,2.6667
12908,14940.17,16020.31,0,0,0.0000
12909,14953.30,15803.28,0,0,0.0000
12910,14914.17,15874.77,0,0,0.0000
12911,14850.56,16164.54,NaN,NaN,NaN
12912,15586.93,16248.13,3,2,0.0000
12913,15508.36,16000.26,NaN,NaN,NaN
12914,15570.07,16083.80,NaN,NaN,NaN
12915,15578.95,16162.70,0,0,0.0000
12916,15641.70,16239.22,0,0,0.0000
12917,15523.45,16235.48,NaN,NaN,NaN
12918,15568.59,15943.89,0,0,0.0000
12919,15522.08,16132.95,NaN,NaN,NaN
12920,15492.53,16178.41,NaN,NaN,NaN
12921,15506.10,15911.98,0,0,0.0000
12922,15520.89,15721.73,0,0,0.0000
